"Orbit","pattern","SQI","qcost","Bit String","# literals","Group","Group Size","Sig","Number sig","Literal sig","ep","held","locked","transfer","#ep=1","#ep=0","#held=1","#held=0","#locked=1","#locked=0","#transfer=1","#transfer=0","#forall","#exists"
"0","1","forall NODE0. ~locked_epoch0(NODE0)","2","------------1-------------------","1","2","2","0000100010","0000100010","l1","----------","--","1---------","----------","0","0","0","0","1","0","0","0","1","0"
"1","1","forall NODE0. ~locked_epoch1(NODE0)","2","--------------1-----------------","1","2","2","0000100010","0000100010","l1","----------","--","--1-------","----------","0","0","0","0","1","0","0","0","1","0"
"2","1","forall NODE0. ~transfer_epoch0(NODE0)","2","----------------------1---------","1","0","2","0000001010","0000001010","t1","----------","--","----------","1---------","0","0","0","0","0","0","1","0","1","0"
"3","1","forall NODE0. ~transfer_epoch1(NODE0)","2","------------------------1-------","1","0","2","0000001010","0000001010","t1","----------","--","----------","--1-------","0","0","0","0","0","0","1","0","1","0"
"4","1","exists NODE0. ~ep_epoch0(NODE0)","2","1----1--------------------------","1","5","5","e1","2000000001","e1","1----1----","--","----------","----------","2","0","0","0","0","0","0","0","0","1"
"5","2","forall NODE0. ~ep_epoch0(NODE0) | ~ep_epoch1(NODE0)","3","11------------------------------","2","13","10","2000000010","2000000010","e1","11--------","--","----------","----------","2","0","0","0","0","0","0","0","1","0"
"6","2","forall NODE0. ~ep_epoch0(NODE0) | ~ep_epoch2(NODE0)","3","1-1-----------------------------","2","13","10","2000000010","2000000010","e1","1-1-------","--","----------","----------","2","0","0","0","0","0","0","0","1","0"
"7","2","forall NODE0. ~ep_epoch0(NODE0) | ~ep_epoch3(NODE0)","3","1--1----------------------------","2","13","10","2000000010","2000000010","e1","1--1------","--","----------","----------","2","0","0","0","0","0","0","0","1","0"
"8","2","forall NODE0. ~ep_epoch0(NODE0) | ~ep_epoch4(NODE0)","3","1---1---------------------------","2","13","10","2000000010","2000000010","e1","1---1-----","--","----------","----------","2","0","0","0","0","0","0","0","1","0"
"9","2","forall NODE0. ~ep_epoch0(NODE0) | ~held(NODE0)","3","1---------1---------------------","2","12","1","1010000010","1010000010","e1h1","1---------","1-","----------","----------","1","0","1","0","0","0","0","0","1","0"
"10","2","forall NODE0. ~ep_epoch0(NODE0) | ~locked_epoch2(NODE0)","3","1---------------1---------------","2","10","9","1000100010","1000100010","e1l1","1---------","--","----1-----","----------","1","0","0","0","1","0","0","0","1","0"
"11","2","forall NODE0. ~ep_epoch0(NODE0) | ~locked_epoch3(NODE0)","3","1-----------------1-------------","2","10","9","1000100010","1000100010","e1l1","1---------","--","------1---","----------","1","0","0","0","1","0","0","0","1","0"
"12","2","forall NODE0. ~ep_epoch0(NODE0) | ~locked_epoch4(NODE0)","3","1-------------------1-----------","2","10","9","1000100010","1000100010","e1l1","1---------","--","--------1-","----------","1","0","0","0","1","0","0","0","1","0"
"13","1","exists NODE0. ~ep_epoch1(NODE0)","2","-1----1-------------------------","1","5","5","e1","2000000001","e1","-1----1---","--","----------","----------","2","0","0","0","0","0","0","0","0","1"
"14","2","forall NODE0. ~ep_epoch1(NODE0) | ~ep_epoch2(NODE0)","3","-11-----------------------------","2","13","10","2000000010","2000000010","e1","-11-------","--","----------","----------","2","0","0","0","0","0","0","0","1","0"
"15","2","forall NODE0. ~ep_epoch1(NODE0) | ~ep_epoch3(NODE0)","3","-1-1----------------------------","2","13","10","2000000010","2000000010","e1","-1-1------","--","----------","----------","2","0","0","0","0","0","0","0","1","0"
"16","2","forall NODE0. ~ep_epoch1(NODE0) | ~ep_epoch4(NODE0)","3","-1--1---------------------------","2","13","10","2000000010","2000000010","e1","-1--1-----","--","----------","----------","2","0","0","0","0","0","0","0","1","0"
"17","2","forall NODE0. ~ep_epoch1(NODE0) | ~locked_epoch2(NODE0)","3","-1--------------1---------------","2","10","9","1000100010","1000100010","e1l1","-1--------","--","----1-----","----------","1","0","0","0","1","0","0","0","1","0"
"18","2","forall NODE0. ~ep_epoch1(NODE0) | ~locked_epoch3(NODE0)","3","-1----------------1-------------","2","10","9","1000100010","1000100010","e1l1","-1--------","--","------1---","----------","1","0","0","0","1","0","0","0","1","0"
"19","2","forall NODE0. ~ep_epoch1(NODE0) | ~locked_epoch4(NODE0)","3","-1------------------1-----------","2","10","9","1000100010","1000100010","e1l1","-1--------","--","--------1-","----------","1","0","0","0","1","0","0","0","1","0"
"20","1","exists NODE0. ~ep_epoch2(NODE0)","2","--1----1------------------------","1","5","5","e1","2000000001","e1","--1----1--","--","----------","----------","2","0","0","0","0","0","0","0","0","1"
"21","2","forall NODE0. ~ep_epoch2(NODE0) | ~ep_epoch3(NODE0)","3","--11----------------------------","2","13","10","2000000010","2000000010","e1","--11------","--","----------","----------","2","0","0","0","0","0","0","0","1","0"
"22","2","forall NODE0. ~ep_epoch2(NODE0) | ~ep_epoch4(NODE0)","3","--1-1---------------------------","2","13","10","2000000010","2000000010","e1","--1-1-----","--","----------","----------","2","0","0","0","0","0","0","0","1","0"
"23","2","forall NODE1,NODE0. ~ep_epoch2(NODE0) | ~locked_epoch2(NODE1) | NODE0 = NODE1","5","--1--------------1--------------","3","38","3","1000100020","1000100020","e1l1","--1-------","--","-----1----","----------","1","0","0","0","1","0","0","0","2","0"
"24","2","forall NODE0. ~ep_epoch2(NODE0) | ~locked_epoch3(NODE0)","3","--1---------------1-------------","2","10","9","1000100010","1000100010","e1l1","--1-------","--","------1---","----------","1","0","0","0","1","0","0","0","1","0"
"25","2","forall NODE0. ~ep_epoch2(NODE0) | ~locked_epoch4(NODE0)","3","--1-----------------1-----------","2","10","9","1000100010","1000100010","e1l1","--1-------","--","--------1-","----------","1","0","0","0","1","0","0","0","1","0"
"26","2","forall NODE1,NODE0. ~ep_epoch2(NODE0) | ~transfer_epoch2(NODE1)","4","--1-----------------------1-----","2","22","6","1000001020","1000001020","e1t1","--1-------","--","----------","----1-----","1","0","0","0","0","0","1","0","2","0"
"27","2","forall NODE0. ~ep_epoch2(NODE0) | locked_epoch2(NODE0)","3","--1-------------0---------------","2","9","3","1000010010","1000010010","e1l0","--1-------","--","----0-----","----------","1","0","0","0","0","1","0","0","1","0"
"28","1","exists NODE0. ~ep_epoch3(NODE0)","2","---1----1-----------------------","1","5","5","e1","2000000001","e1","---1----1-","--","----------","----------","2","0","0","0","0","0","0","0","0","1"
"29","2","forall NODE0. ~ep_epoch3(NODE0) | ~ep_epoch4(NODE0)","3","---11---------------------------","2","13","10","2000000010","2000000010","e1","---11-----","--","----------","----------","2","0","0","0","0","0","0","0","1","0"
"30","2","forall NODE1,NODE0. ~ep_epoch3(NODE0) | ~locked_epoch3(NODE1) | NODE0 = NODE1","5","---1---------------1------------","3","38","3","1000100020","1000100020","e1l1","---1------","--","-------1--","----------","1","0","0","0","1","0","0","0","2","0"
"31","2","forall NODE0. ~ep_epoch3(NODE0) | ~locked_epoch4(NODE0)","3","---1----------------1-----------","2","10","9","1000100010","1000100010","e1l1","---1------","--","--------1-","----------","1","0","0","0","1","0","0","0","1","0"
"32","2","forall NODE1,NODE0. ~ep_epoch3(NODE0) | ~transfer_epoch2(NODE1)","4","---1----------------------1-----","2","22","6","1000001020","1000001020","e1t1","---1------","--","----------","----1-----","1","0","0","0","0","0","1","0","2","0"
"33","2","forall NODE1,NODE0. ~ep_epoch3(NODE0) | ~transfer_epoch3(NODE1)","4","---1------------------------1---","2","22","6","1000001020","1000001020","e1t1","---1------","--","----------","------1---","1","0","0","0","0","0","1","0","2","0"
"34","2","forall NODE0. ~ep_epoch3(NODE0) | locked_epoch3(NODE0)","3","---1--------------0-------------","2","9","3","1000010010","1000010010","e1l0","---1------","--","------0---","----------","1","0","0","0","0","1","0","0","1","0"
"35","1","exists NODE0. ~ep_epoch4(NODE0)","2","----1----1----------------------","1","5","5","e1","2000000001","e1","----1----1","--","----------","----------","2","0","0","0","0","0","0","0","0","1"
"36","2","forall NODE1,NODE0. ~ep_epoch4(NODE0) | ~held(NODE1) | NODE0 = NODE1","5","----1------1--------------------","3","39","1","1010000020","1010000020","e1h1","----1-----","-1","----------","----------","1","0","1","0","0","0","0","0","2","0"
"37","2","forall NODE1,NODE0. ~ep_epoch4(NODE0) | ~locked_epoch4(NODE1) | NODE0 = NODE1","5","----1----------------1----------","3","38","3","1000100020","1000100020","e1l1","----1-----","--","---------1","----------","1","0","0","0","1","0","0","0","2","0"
"38","2","forall NODE1,NODE0. ~ep_epoch4(NODE0) | ~transfer_epoch2(NODE1)","4","----1---------------------1-----","2","22","6","1000001020","1000001020","e1t1","----1-----","--","----------","----1-----","1","0","0","0","0","0","1","0","2","0"
"39","2","forall NODE1,NODE0. ~ep_epoch4(NODE0) | ~transfer_epoch3(NODE1)","4","----1-----------------------1---","2","22","6","1000001020","1000001020","e1t1","----1-----","--","----------","------1---","1","0","0","0","0","0","1","0","2","0"
"40","2","forall NODE1,NODE0. ~ep_epoch4(NODE0) | ~transfer_epoch4(NODE1)","4","----1-------------------------1-","2","22","6","1000001020","1000001020","e1t1","----1-----","--","----------","--------1-","1","0","0","0","0","0","1","0","2","0"
"41","2","forall NODE0. ~ep_epoch4(NODE0) | held(NODE0)","3","----1-----0---------------------","2","11","1","1001000010","1001000010","e1h0","----1-----","0-","----------","----------","1","0","0","1","0","0","0","0","1","0"
"42","2","forall NODE0. ~ep_epoch4(NODE0) | locked_epoch4(NODE0)","3","----1---------------0-----------","2","9","3","1000010010","1000010010","e1l0","----1-----","--","--------0-","----------","1","0","0","0","0","1","0","0","1","0"
"43","1","exists NODE0. ~held(NODE0)","2","----------11--------------------","1","4","1","h1","0020000001","h1","----------","11","----------","----------","0","0","2","0","0","0","0","0","0","1"
"44","2","forall NODE1,NODE0. ~held(NODE0) | ~locked_epoch4(NODE1) | NODE0 = NODE1","5","----------1----------1----------","3","25","1","0010100020","0010100020","h1l1","----------","1-","---------1","----------","0","0","1","0","1","0","0","0","2","0"
"45","2","forall NODE1,NODE0. ~held(NODE0) | ~transfer_epoch2(NODE1)","4","----------1---------------1-----","2","17","3","0010001020","0010001020","h1t1","----------","1-","----------","----1-----","0","0","1","0","0","0","1","0","2","0"
"46","2","forall NODE1,NODE0. ~held(NODE0) | ~transfer_epoch3(NODE1)","4","----------1-----------------1---","2","17","3","0010001020","0010001020","h1t1","----------","1-","----------","------1---","0","0","1","0","0","0","1","0","2","0"
"47","2","forall NODE1,NODE0. ~held(NODE0) | ~transfer_epoch4(NODE1)","4","----------1-------------------1-","2","17","3","0010001020","0010001020","h1t1","----------","1-","----------","--------1-","0","0","1","0","0","0","1","0","2","0"
"48","1","exists NODE0. ~locked_epoch2(NODE0)","2","----------------11--------------","1","3","3","l1","0000200001","l1","----------","--","----11----","----------","0","0","0","0","2","0","0","0","0","1"
"49","2","forall NODE1,NODE0. ~locked_epoch2(NODE0) | ~transfer_epoch2(NODE1)","4","----------------1---------1-----","2","15","6","0000101020","0000101020","l1t1","----------","--","----1-----","----1-----","0","0","0","0","1","0","1","0","2","0"
"50","1","exists NODE0. ~locked_epoch3(NODE0)","2","------------------11------------","1","3","3","l1","0000200001","l1","----------","--","------11--","----------","0","0","0","0","2","0","0","0","0","1"
"51","2","forall NODE1,NODE0. ~locked_epoch3(NODE0) | ~transfer_epoch2(NODE1)","4","------------------1-------1-----","2","15","6","0000101020","0000101020","l1t1","----------","--","------1---","----1-----","0","0","0","0","1","0","1","0","2","0"
"52","2","forall NODE1,NODE0. ~locked_epoch3(NODE0) | ~transfer_epoch3(NODE1)","4","------------------1---------1---","2","15","6","0000101020","0000101020","l1t1","----------","--","------1---","------1---","0","0","0","0","1","0","1","0","2","0"
"53","1","exists NODE0. ~locked_epoch4(NODE0)","2","--------------------11----------","1","3","3","l1","0000200001","l1","----------","--","--------11","----------","0","0","0","0","2","0","0","0","0","1"
"54","2","forall NODE1,NODE0. ~locked_epoch4(NODE0) | ~transfer_epoch2(NODE1)","4","--------------------1-----1-----","2","15","6","0000101020","0000101020","l1t1","----------","--","--------1-","----1-----","0","0","0","0","1","0","1","0","2","0"
"55","2","forall NODE1,NODE0. ~locked_epoch4(NODE0) | ~transfer_epoch3(NODE1)","4","--------------------1-------1---","2","15","6","0000101020","0000101020","l1t1","----------","--","--------1-","------1---","0","0","0","0","1","0","1","0","2","0"
"56","2","forall NODE1,NODE0. ~locked_epoch4(NODE0) | ~transfer_epoch4(NODE1)","4","--------------------1---------1-","2","15","6","0000101020","0000101020","l1t1","----------","--","--------1-","--------1-","0","0","0","0","1","0","1","0","2","0"
"57","2","forall NODE0. ~locked_epoch4(NODE0) | ep_epoch4(NODE0)","3","----0---------------1-----------","2","7","1","0100100010","0100100010","e0l1","----0-----","--","--------1-","----------","0","1","0","0","1","0","0","0","1","0"
"58","2","forall NODE0. ~locked_epoch4(NODE0) | held(NODE0)","3","----------0---------1-----------","2","6","1","0001100010","0001100010","h0l1","----------","0-","--------1-","----------","0","0","0","1","1","0","0","0","1","0"
"59","1","exists NODE0. ~transfer_epoch2(NODE0)","2","--------------------------11----","1","1","3","t1","0000002001","t1","----------","--","----------","----11----","0","0","0","0","0","0","2","0","0","1"
"60","2","forall NODE1,NODE0. ~transfer_epoch2(NODE0) | ~transfer_epoch3(NODE1)","4","--------------------------1-1---","2","14","3","0000002020","0000002020","t1","----------","--","----------","----1-1---","0","0","0","0","0","0","2","0","2","0"
"61","2","forall NODE1,NODE0. ~transfer_epoch2(NODE0) | ~transfer_epoch4(NODE1)","4","--------------------------1---1-","2","14","3","0000002020","0000002020","t1","----------","--","----------","----1---1-","0","0","0","0","0","0","2","0","2","0"
"62","1","exists NODE0. ~transfer_epoch3(NODE0)","2","----------------------------11--","1","1","3","t1","0000002001","t1","----------","--","----------","------11--","0","0","0","0","0","0","2","0","0","1"
"63","2","forall NODE1,NODE0. ~transfer_epoch3(NODE0) | ~transfer_epoch4(NODE1)","4","----------------------------1-1-","2","14","3","0000002020","0000002020","t1","----------","--","----------","------1-1-","0","0","0","0","0","0","2","0","2","0"
"64","1","exists NODE0. ~transfer_epoch4(NODE0)","2","------------------------------11","1","1","3","t1","0000002001","t1","----------","--","----------","--------11","0","0","0","0","0","0","2","0","0","1"
"65","3","forall NODE1,NODE2,NODE0. ~ep_epoch0(NODE0) | ~ep_epoch1(NODE1) | ~transfer_epoch3(NODE2) | ((NODE0 ~= NODE2 | NODE0 = NODE1) & (NODE1 ~= NODE2 | NODE0 = NODE1))","10","1-----1---------------------1---","7","181","4","2000001030","2000001030","e1t1","1-----1---","--","----------","------1---","2","0","0","0","0","0","1","0","3","0"
"66","3","forall NODE1,NODE2,NODE0. ~ep_epoch0(NODE0) | ~ep_epoch1(NODE1) | ~transfer_epoch4(NODE2) | ((NODE1 ~= NODE2 | NODE0 = NODE1) & (NODE0 ~= NODE2 | NODE0 = NODE1))","10","1-----1-----------------------1-","7","181","4","2000001030","2000001030","e1t1","1-----1---","--","----------","--------1-","2","0","0","0","0","0","1","0","3","0"
"67","3","forall NODE1,NODE2,NODE0. ~ep_epoch0(NODE0) | ~ep_epoch2(NODE1) | ~transfer_epoch4(NODE2) | ((NODE0 ~= NODE2 | NODE0 = NODE1) & (NODE1 ~= NODE2 | NODE0 = NODE1))","10","1------1----------------------1-","7","181","4","2000001030","2000001030","e1t1","1------1--","--","----------","--------1-","2","0","0","0","0","0","1","0","3","0"
"68","3","forall NODE1,NODE0. ~ep_epoch0(NODE0) | ~ep_epoch3(NODE1) | locked_epoch2(NODE1) | NODE0 = NODE1","6","1-------1--------0--------------","4","69","7","2000010020","2000010020","e1l0","1-------1-","--","-----0----","----------","2","0","0","0","0","1","0","0","2","0"
"69","3","forall NODE1,NODE0. ~ep_epoch0(NODE0) | ~ep_epoch4(NODE1) | locked_epoch2(NODE1) | NODE0 = NODE1","6","1--------1-------0--------------","4","69","7","2000010020","2000010020","e1l0","1--------1","--","-----0----","----------","2","0","0","0","0","1","0","0","2","0"
"70","3","forall NODE1,NODE0. ~ep_epoch0(NODE0) | ~ep_epoch4(NODE1) | locked_epoch3(NODE1) | NODE0 = NODE1","6","1--------1---------0------------","4","69","7","2000010020","2000010020","e1l0","1--------1","--","-------0--","----------","2","0","0","0","0","1","0","0","2","0"
"71","3","forall NODE1,NODE0. ~ep_epoch0(NODE0) | ~locked_epoch3(NODE1) | locked_epoch2(NODE1) | NODE0 = NODE1","6","1----------------0-1------------","4","63","7","1000110020","1000110020","e1l1l0","1---------","--","-----0-1--","----------","1","0","0","0","1","1","0","0","2","0"
"72","3","forall NODE1,NODE0. ~ep_epoch0(NODE0) | ~locked_epoch4(NODE1) | locked_epoch2(NODE1) | NODE0 = NODE1","6","1----------------0---1----------","4","63","7","1000110020","1000110020","e1l1l0","1---------","--","-----0---1","----------","1","0","0","0","1","1","0","0","2","0"
"73","3","forall NODE1,NODE0. ~ep_epoch0(NODE0) | ~locked_epoch4(NODE1) | locked_epoch3(NODE1) | NODE0 = NODE1","6","1------------------0-1----------","4","63","7","1000110020","1000110020","e1l1l0","1---------","--","-------0-1","----------","1","0","0","0","1","1","0","0","2","0"
"74","3","forall NODE1,NODE2,NODE0. ~ep_epoch0(NODE0) | ~transfer_epoch2(NODE1) | ep_epoch1(NODE2) | ((NODE0 ~= NODE1 | NODE0 = NODE2) & (NODE1 ~= NODE2 | NODE0 = NODE1))","10","1-----0-------------------1-----","7","176","7","1100001030","1100001030","e1e0t1","1-----0---","--","----------","----1-----","1","1","0","0","0","0","1","0","3","0"
"75","3","forall NODE1,NODE2,NODE0. ~ep_epoch0(NODE0) | ~transfer_epoch3(NODE1) | ep_epoch2(NODE2) | ((NODE0 ~= NODE1 | NODE0 = NODE2) & (NODE1 ~= NODE2 | NODE0 = NODE1))","10","1------0--------------------1---","7","176","7","1100001030","1100001030","e1e0t1","1------0--","--","----------","------1---","1","1","0","0","0","0","1","0","3","0"
"76","3","forall NODE1,NODE2,NODE0. ~ep_epoch0(NODE0) | ~transfer_epoch3(NODE1) | locked_epoch2(NODE2) | ((NODE0 ~= NODE1 | NODE0 = NODE2) & (NODE1 ~= NODE2 | NODE0 = NODE1))","10","1----------------0----------1---","7","172","7","1000011030","1000011030","e1l0t1","1---------","--","-----0----","------1---","1","0","0","0","0","1","1","0","3","0"
"77","3","forall NODE1,NODE2,NODE0. ~ep_epoch0(NODE0) | ~transfer_epoch4(NODE1) | ep_epoch3(NODE2) | ((NODE0 ~= NODE1 | NODE0 = NODE2) & (NODE1 ~= NODE2 | NODE0 = NODE1))","10","1-------0---------------------1-","7","176","7","1100001030","1100001030","e1e0t1","1-------0-","--","----------","--------1-","1","1","0","0","0","0","1","0","3","0"
"78","3","forall NODE1,NODE2,NODE0. ~ep_epoch0(NODE0) | ~transfer_epoch4(NODE1) | locked_epoch2(NODE2) | ((NODE0 ~= NODE1 | NODE0 = NODE2) & (NODE1 ~= NODE2 | NODE0 = NODE1))","10","1----------------0------------1-","7","172","7","1000011030","1000011030","e1l0t1","1---------","--","-----0----","--------1-","1","0","0","0","0","1","1","0","3","0"
"79","3","forall NODE1,NODE2,NODE0. ~ep_epoch0(NODE0) | ~transfer_epoch4(NODE1) | locked_epoch3(NODE2) | ((NODE0 ~= NODE1 | NODE0 = NODE2) & (NODE1 ~= NODE2 | NODE0 = NODE1))","10","1------------------0----------1-","7","172","7","1000011030","1000011030","e1l0t1","1---------","--","-------0--","--------1-","1","0","0","0","0","1","1","0","3","0"
"80","3","forall NODE1,NODE0. ~ep_epoch0(NODE0) | ep_epoch1(NODE1) | locked_epoch2(NODE1) | NODE0 = NODE1","6","1-----0----------0--------------","4","66","3","1100010020","1100010020","e1e0l0","1-----0---","--","-----0----","----------","1","1","0","0","0","1","0","0","2","0"
"81","3","forall NODE1,NODE0. ~ep_epoch1(NODE0) | ~ep_epoch2(NODE1) | ~held(NODE0) | NODE0 = NODE1","6","-1-----1--1---------------------","4","70","3","2010000020","2010000020","e1h1","-1-----1--","1-","----------","----------","2","0","1","0","0","0","0","0","2","0"
"82","3","forall NODE1,NODE2,NODE0. ~ep_epoch1(NODE0) | ~ep_epoch2(NODE1) | ~transfer_epoch4(NODE2) | ((NODE0 ~= NODE2 | NODE0 = NODE1) & (NODE1 ~= NODE2 | NODE0 = NODE1))","10","-1-----1----------------------1-","7","181","4","2000001030","2000001030","e1t1","-1-----1--","--","----------","--------1-","2","0","0","0","0","0","1","0","3","0"
"83","3","forall NODE1,NODE0. ~ep_epoch1(NODE0) | ~ep_epoch3(NODE1) | ~held(NODE0) | NODE0 = NODE1","6","-1------1-1---------------------","4","70","3","2010000020","2010000020","e1h1","-1------1-","1-","----------","----------","2","0","1","0","0","0","0","0","2","0"
"84","3","forall NODE1,NODE0. ~ep_epoch1(NODE0) | ~ep_epoch3(NODE1) | locked_epoch2(NODE1) | NODE0 = NODE1","6","-1------1--------0--------------","4","69","7","2000010020","2000010020","e1l0","-1------1-","--","-----0----","----------","2","0","0","0","0","1","0","0","2","0"
"85","3","forall NODE1,NODE0. ~ep_epoch1(NODE0) | ~ep_epoch4(NODE1) | locked_epoch2(NODE1) | NODE0 = NODE1","6","-1-------1-------0--------------","4","69","7","2000010020","2000010020","e1l0","-1-------1","--","-----0----","----------","2","0","0","0","0","1","0","0","2","0"
"86","3","forall NODE1,NODE0. ~ep_epoch1(NODE0) | ~ep_epoch4(NODE1) | locked_epoch3(NODE1) | NODE0 = NODE1","6","-1-------1---------0------------","4","69","7","2000010020","2000010020","e1l0","-1-------1","--","-------0--","----------","2","0","0","0","0","1","0","0","2","0"
"87","3","forall NODE1,NODE0. ~ep_epoch1(NODE0) | ~held(NODE0) | ~locked_epoch2(NODE1) | NODE0 = NODE1","6","-1--------1------1--------------","4","65","3","1010100020","1010100020","e1h1l1","-1--------","1-","-----1----","----------","1","0","1","0","1","0","0","0","2","0"
"88","3","forall NODE1,NODE0. ~ep_epoch1(NODE0) | ~held(NODE0) | ~locked_epoch3(NODE1) | NODE0 = NODE1","6","-1--------1--------1------------","4","65","3","1010100020","1010100020","e1h1l1","-1--------","1-","-------1--","----------","1","0","1","0","1","0","0","0","2","0"
"89","3","forall NODE1,NODE0. ~ep_epoch1(NODE0) | ~held(NODE0) | ep_epoch0(NODE1) | NODE0 = NODE1","6","-1---0----1---------------------","4","68","2","1110000020","1110000020","e1e0h1","-1---0----","1-","----------","----------","1","1","1","0","0","0","0","0","2","0"
"90","3","forall NODE1,NODE0. ~ep_epoch1(NODE0) | ~held(NODE1) | locked_epoch2(NODE1) | NODE0 = NODE1","6","-1---------1-----0--------------","4","64","3","1010010020","1010010020","e1h1l0","-1--------","-1","-----0----","----------","1","0","1","0","0","1","0","0","2","0"
"91","3","forall NODE1,NODE0. ~ep_epoch1(NODE0) | ~locked_epoch3(NODE1) | locked_epoch2(NODE1) | NODE0 = NODE1","6","-1---------------0-1------------","4","63","7","1000110020","1000110020","e1l1l0","-1--------","--","-----0-1--","----------","1","0","0","0","1","1","0","0","2","0"
"92","3","forall NODE1,NODE0. ~ep_epoch1(NODE0) | ~locked_epoch4(NODE1) | locked_epoch2(NODE1) | NODE0 = NODE1","6","-1---------------0---1----------","4","63","7","1000110020","1000110020","e1l1l0","-1--------","--","-----0---1","----------","1","0","0","0","1","1","0","0","2","0"
"93","3","forall NODE1,NODE0. ~ep_epoch1(NODE0) | ~locked_epoch4(NODE1) | locked_epoch3(NODE1) | NODE0 = NODE1","6","-1-----------------0-1----------","4","63","7","1000110020","1000110020","e1l1l0","-1--------","--","-------0-1","----------","1","0","0","0","1","1","0","0","2","0"
"94","3","forall NODE1,NODE2,NODE0. ~ep_epoch1(NODE0) | ~transfer_epoch2(NODE1) | ep_epoch0(NODE2) | ((NODE1 ~= NODE2 | NODE0 = NODE1) & (NODE0 ~= NODE1 | NODE0 = NODE2))","10","-1---0--------------------1-----","7","176","7","1100001030","1100001030","e1e0t1","-1---0----","--","----------","----1-----","1","1","0","0","0","0","1","0","3","0"
"95","3","forall NODE1,NODE2,NODE0. ~ep_epoch1(NODE0) | ~transfer_epoch3(NODE1) | ep_epoch2(NODE2) | ((NODE1 ~= NODE2 | NODE0 = NODE1) & (NODE0 ~= NODE1 | NODE0 = NODE2))","10","-1-----0--------------------1---","7","176","7","1100001030","1100001030","e1e0t1","-1-----0--","--","----------","------1---","1","1","0","0","0","0","1","0","3","0"
"96","3","forall NODE1,NODE2,NODE0. ~ep_epoch1(NODE0) | ~transfer_epoch3(NODE1) | locked_epoch2(NODE2) | ((NODE1 ~= NODE2 | NODE0 = NODE1) & (NODE0 ~= NODE1 | NODE0 = NODE2))","10","-1---------------0----------1---","7","172","7","1000011030","1000011030","e1l0t1","-1--------","--","-----0----","------1---","1","0","0","0","0","1","1","0","3","0"
"97","3","forall NODE1,NODE2,NODE0. ~ep_epoch1(NODE0) | ~transfer_epoch4(NODE1) | ep_epoch3(NODE2) | ((NODE0 ~= NODE1 | NODE0 = NODE2) & (NODE1 ~= NODE2 | NODE0 = NODE1))","10","-1------0---------------------1-","7","176","7","1100001030","1100001030","e1e0t1","-1------0-","--","----------","--------1-","1","1","0","0","0","0","1","0","3","0"
"98","3","forall NODE1,NODE2,NODE0. ~ep_epoch1(NODE0) | ~transfer_epoch4(NODE1) | locked_epoch2(NODE2) | ((NODE0 ~= NODE1 | NODE0 = NODE2) & (NODE1 ~= NODE2 | NODE0 = NODE1))","10","-1---------------0------------1-","7","172","7","1000011030","1000011030","e1l0t1","-1--------","--","-----0----","--------1-","1","0","0","0","0","1","1","0","3","0"
"99","3","forall NODE1,NODE2,NODE0. ~ep_epoch1(NODE0) | ~transfer_epoch4(NODE1) | locked_epoch3(NODE2) | ((NODE0 ~= NODE1 | NODE0 = NODE2) & (NODE1 ~= NODE2 | NODE0 = NODE1))","10","-1-----------------0----------1-","7","172","7","1000011030","1000011030","e1l0t1","-1--------","--","-------0--","--------1-","1","0","0","0","0","1","1","0","3","0"
"100","3","forall NODE1,NODE0. ~ep_epoch1(NODE0) | ep_epoch0(NODE1) | locked_epoch2(NODE1) | NODE0 = NODE1","6","-1---0-----------0--------------","4","66","3","1100010020","1100010020","e1e0l0","-1---0----","--","-----0----","----------","1","1","0","0","0","1","0","0","2","0"
"101","3","forall NODE1,NODE0. ~ep_epoch2(NODE0) | ~ep_epoch3(NODE1) | ~held(NODE0) | NODE0 = NODE1","6","--1-----1-1---------------------","4","70","3","2010000020","2010000020","e1h1","--1-----1-","1-","----------","----------","2","0","1","0","0","0","0","0","2","0"
"102","3","forall NODE1,NODE0. ~ep_epoch2(NODE0) | ~ep_epoch4(NODE1) | locked_epoch3(NODE1) | NODE0 = NODE1","6","--1------1---------0------------","4","69","7","2000010020","2000010020","e1l0","--1------1","--","-------0--","----------","2","0","0","0","0","1","0","0","2","0"
"103","3","forall NODE1,NODE0. ~ep_epoch2(NODE0) | ~held(NODE0) | ~locked_epoch3(NODE1) | NODE0 = NODE1","6","--1-------1--------1------------","4","65","3","1010100020","1010100020","e1h1l1","--1-------","1-","-------1--","----------","1","0","1","0","1","0","0","0","2","0"
"104","3","forall NODE1,NODE0. ~ep_epoch2(NODE0) | ~held(NODE1) | locked_epoch3(NODE1) | NODE0 = NODE1","6","--1--------1-------0------------","4","64","3","1010010020","1010010020","e1h1l0","--1-------","-1","-------0--","----------","1","0","1","0","0","1","0","0","2","0"
"105","3","forall NODE1,NODE0. ~ep_epoch2(NODE0) | ~locked_epoch4(NODE1) | locked_epoch3(NODE1) | NODE0 = NODE1","6","--1----------------0-1----------","4","63","7","1000110020","1000110020","e1l1l0","--1-------","--","-------0-1","----------","1","0","0","0","1","1","0","0","2","0"
"106","3","forall NODE1,NODE2,NODE0. ~ep_epoch2(NODE0) | ~transfer_epoch4(NODE1) | ep_epoch3(NODE2) | ((NODE1 ~= NODE2 | NODE0 = NODE1) & (NODE0 ~= NODE1 | NODE0 = NODE2))","10","--1-----0---------------------1-","7","176","7","1100001030","1100001030","e1e0t1","--1-----0-","--","----------","--------1-","1","1","0","0","0","0","1","0","3","0"
"107","3","forall NODE1,NODE2,NODE0. ~ep_epoch2(NODE0) | ~transfer_epoch4(NODE1) | locked_epoch3(NODE2) | ((NODE1 ~= NODE2 | NODE0 = NODE1) & (NODE0 ~= NODE1 | NODE0 = NODE2))","10","--1----------------0----------1-","7","172","7","1000011030","1000011030","e1l0t1","--1-------","--","-------0--","--------1-","1","0","0","0","0","1","1","0","3","0"
"108","3","forall NODE1,NODE0. ~ep_epoch3(NODE0) | ~held(NODE1) | ep_epoch4(NODE1) | NODE0 = NODE1","6","---1-----0-1--------------------","4","68","2","1110000020","1110000020","e1e0h1","---1-----0","-1","----------","----------","1","1","1","0","0","0","0","0","2","0"
"109","3","forall NODE1,NODE0. ~ep_epoch3(NODE0) | ~held(NODE1) | locked_epoch4(NODE1) | NODE0 = NODE1","6","---1-------1---------0----------","4","64","3","1010010020","1010010020","e1h1l0","---1------","-1","---------0","----------","1","0","1","0","0","1","0","0","2","0"
"110","3","forall NODE1,NODE0. ~ep_epoch3(NODE0) | locked_epoch2(NODE0) | locked_epoch2(NODE1) | NODE0 = NODE1","6","---1------------00--------------","4","62","3","1000020020","1000020020","e1l0","---1------","--","----00----","----------","1","0","0","0","0","2","0","0","2","0"
"111","3","forall NODE1,NODE0. ~ep_epoch4(NODE0) | ~locked_epoch3(NODE1) | ep_epoch3(NODE1) | NODE0 = NODE1","6","----1---0----------1------------","4","67","1","1100100020","1100100020","e1e0l1","----1---0-","--","-------1--","----------","1","1","0","0","1","0","0","0","2","0"
"112","3","forall NODE1,NODE0. ~ep_epoch4(NODE0) | ep_epoch3(NODE1) | locked_epoch3(NODE0) | NODE0 = NODE1","6","----1---0---------0-------------","4","66","3","1100010020","1100010020","e1e0l0","----1---0-","--","------0---","----------","1","1","0","0","0","1","0","0","2","0"
"113","3","forall NODE1,NODE0. ~ep_epoch4(NODE0) | locked_epoch2(NODE0) | locked_epoch2(NODE1) | NODE0 = NODE1","6","----1-----------00--------------","4","62","3","1000020020","1000020020","e1l0","----1-----","--","----00----","----------","1","0","0","0","0","2","0","0","2","0"
"114","3","forall NODE1,NODE0. ~ep_epoch4(NODE0) | locked_epoch3(NODE0) | locked_epoch3(NODE1) | NODE0 = NODE1","6","----1-------------00------------","4","62","3","1000020020","1000020020","e1l0","----1-----","--","------00--","----------","1","0","0","0","0","2","0","0","2","0"
"115","3","forall NODE1,NODE0. ~held(NODE0) | ~locked_epoch3(NODE1) | ep_epoch3(NODE1) | NODE0 = NODE1","6","--------0-1--------1------------","4","47","2","0110100020","0110100020","e0h1l1","--------0-","1-","-------1--","----------","0","1","1","0","1","0","0","0","2","0"
"116","3","forall NODE1,NODE0. ~held(NODE0) | ~locked_epoch3(NODE1) | ep_epoch4(NODE0) | NODE0 = NODE1","6","----0-----1--------1------------","4","47","2","0110100020","0110100020","e0h1l1","----0-----","1-","-------1--","----------","0","1","1","0","1","0","0","0","2","0"
"117","3","forall NODE1,NODE0. ~held(NODE0) | ~locked_epoch3(NODE1) | locked_epoch4(NODE0) | NODE0 = NODE1","6","----------1--------10-----------","4","42","1","0010110020","0010110020","h1l1l0","----------","1-","-------10-","----------","0","0","1","0","1","1","0","0","2","0"
"118","3","forall NODE1,NODE0. ~locked_epoch2(NODE0) | ~transfer_epoch3(NODE1) | ep_epoch2(NODE0)","5","--0-------------1-----------1---","3","26","2","0100101020","0100101020","e0l1t1","--0-------","--","----1-----","------1---","0","1","0","0","1","0","1","0","2","0"
"119","3","forall NODE1,NODE0. ~locked_epoch3(NODE0) | ~locked_epoch4(NODE1) | ep_epoch3(NODE0) | NODE0 = NODE1","6","---0--------------1--1----------","4","45","1","0100200020","0100200020","e0l1","---0------","--","------1--1","----------","0","1","0","0","2","0","0","0","2","0"
"120","3","forall NODE1,NODE0. ~locked_epoch3(NODE0) | ~transfer_epoch4(NODE1) | ep_epoch3(NODE0)","5","---0--------------1-----------1-","3","26","2","0100101020","0100101020","e0l1t1","---0------","--","------1---","--------1-","0","1","0","0","1","0","1","0","2","0"
"121","3","forall NODE0. ~locked_epoch3(NODE0) | ep_epoch3(NODE0) | ep_epoch4(NODE0)","4","---00-------------1-------------","3","20","1","0200100010","0200100010","e0l1","---00-----","--","------1---","----------","0","2","0","0","1","0","0","0","1","0"
"122","3","forall NODE0. ~locked_epoch3(NODE0) | ep_epoch3(NODE0) | held(NODE0)","4","---0------0-------1-------------","3","19","1","0101100010","0101100010","e0h0l1","---0------","0-","------1---","----------","0","1","0","1","1","0","0","0","1","0"
"123","3","forall NODE0. ~locked_epoch3(NODE0) | ep_epoch3(NODE0) | locked_epoch4(NODE0)","4","---0--------------1-0-----------","3","18","1","0100110010","0100110010","e0l1l0","---0------","--","------1-0-","----------","0","1","0","0","1","1","0","0","1","0"
"124","3","forall NODE1,NODE0. ~locked_epoch3(NODE0) | locked_epoch2(NODE0) | locked_epoch2(NODE1) | NODE0 = NODE1","6","----------------001-------------","4","41","3","0000120020","0000120020","l1l0","----------","--","----001---","----------","0","0","0","0","1","2","0","0","2","0"
"125","3","forall NODE1,NODE0. ~locked_epoch4(NODE0) | ep_epoch3(NODE1) | locked_epoch3(NODE0) | NODE0 = NODE1","6","--------0---------0-1-----------","4","43","1","0100110020","0100110020","e0l1l0","--------0-","--","------0-1-","----------","0","1","0","0","1","1","0","0","2","0"
"126","3","forall NODE1,NODE0. ~locked_epoch4(NODE0) | locked_epoch2(NODE0) | locked_epoch2(NODE1) | NODE0 = NODE1","6","----------------00--1-----------","4","41","3","0000120020","0000120020","l1l0","----------","--","----00--1-","----------","0","0","0","0","1","2","0","0","2","0"
"127","3","forall NODE1,NODE0. ~locked_epoch4(NODE0) | locked_epoch3(NODE0) | locked_epoch3(NODE1) | NODE0 = NODE1","6","------------------001-----------","4","41","3","0000120020","0000120020","l1l0","----------","--","------001-","----------","0","0","0","0","1","2","0","0","2","0"
"128","3","forall NODE1,NODE0. ~transfer_epoch2(NODE0) | ep_epoch0(NODE0) | ep_epoch0(NODE1) | NODE0 = NODE1","6","0----0--------------------1-----","4","48","5","0200001020","0200001020","e0t1","0----0----","--","----------","----1-----","0","2","0","0","0","0","1","0","2","0"
"129","3","forall NODE1,NODE0. ~transfer_epoch2(NODE0) | ep_epoch0(NODE1) | ep_epoch1(NODE1)","5","00------------------------1-----","3","48","5","0200001020","0200001020","e0t1","00--------","--","----------","----1-----","0","2","0","0","0","0","1","0","2","0"
"130","3","forall NODE1,NODE0. ~transfer_epoch2(NODE0) | ep_epoch1(NODE0) | ep_epoch1(NODE1) | NODE0 = NODE1","6","-0----0-------------------1-----","4","48","5","0200001020","0200001020","e0t1","-0----0---","--","----------","----1-----","0","2","0","0","0","0","1","0","2","0"
"131","3","forall NODE1,NODE0. ~transfer_epoch3(NODE0) | ep_epoch2(NODE0) | ep_epoch2(NODE1) | NODE0 = NODE1","6","--0----0--------------------1---","4","48","5","0200001020","0200001020","e0t1","--0----0--","--","----------","------1---","0","2","0","0","0","0","1","0","2","0"
"132","3","forall NODE1,NODE2,NODE0. ~transfer_epoch3(NODE0) | ep_epoch2(NODE1) | locked_epoch2(NODE2) | ((NODE0 ~= NODE2 | NODE0 = NODE1) & (NODE0 ~= NODE1 | NODE0 = NODE2))","10","--0--------------0----------1---","7","156","2","0100011030","0100011030","e0l0t1","--0-------","--","-----0----","------1---","0","1","0","0","0","1","1","0","3","0"
"133","3","forall NODE1,NODE0. ~transfer_epoch3(NODE0) | locked_epoch2(NODE0) | locked_epoch2(NODE1) | NODE0 = NODE1","6","----------------00----------1---","4","40","3","0000021020","0000021020","l0t1","----------","--","----00----","------1---","0","0","0","0","0","2","1","0","2","0"
"134","3","forall NODE1,NODE0. ~transfer_epoch4(NODE0) | ep_epoch3(NODE0) | ep_epoch3(NODE1) | NODE0 = NODE1","6","---0----0---------------------1-","4","48","5","0200001020","0200001020","e0t1","---0----0-","--","----------","--------1-","0","2","0","0","0","0","1","0","2","0"
"135","3","forall NODE1,NODE2,NODE0. ~transfer_epoch4(NODE0) | ep_epoch3(NODE1) | locked_epoch3(NODE2) | ((NODE0 ~= NODE2 | NODE0 = NODE1) & (NODE0 ~= NODE1 | NODE0 = NODE2))","10","---0---------------0----------1-","7","156","2","0100011030","0100011030","e0l0t1","---0------","--","-------0--","--------1-","0","1","0","0","0","1","1","0","3","0"
"136","3","forall NODE1,NODE0. ~transfer_epoch4(NODE0) | locked_epoch2(NODE0) | locked_epoch2(NODE1) | NODE0 = NODE1","6","----------------00------------1-","4","40","3","0000021020","0000021020","l0t1","----------","--","----00----","--------1-","0","0","0","0","0","2","1","0","2","0"
"137","3","forall NODE1,NODE0. ~transfer_epoch4(NODE0) | locked_epoch3(NODE0) | locked_epoch3(NODE1) | NODE0 = NODE1","6","------------------00----------1-","4","40","3","0000021020","0000021020","l0t1","----------","--","------00--","--------1-","0","0","0","0","0","2","1","0","2","0"
"138","4","forall NODE1,NODE0. ~ep_epoch0(NODE0) | ~locked_epoch2(NODE1) | ep_epoch2(NODE1) | locked_epoch3(NODE1) | NODE0 = NODE1","7","1------0---------1-0------------","5","87","5","1100110020","1100110020","e1e0l1l0","1------0--","--","-----1-0--","----------","1","1","0","0","1","1","0","0","2","0"
"139","4","forall NODE1,NODE0. ~ep_epoch0(NODE0) | ep_epoch1(NODE1) | ep_epoch2(NODE1) | locked_epoch3(NODE1) | NODE0 = NODE1","7","1-----00-----------0------------","5","93","5","1200010020","1200010020","e1e0l0","1-----00--","--","-------0--","----------","1","2","0","0","0","1","0","0","2","0"
"140","4","forall NODE1,NODE0. ~ep_epoch1(NODE0) | ~held(NODE1) | ep_epoch2(NODE1) | locked_epoch3(NODE1) | NODE0 = NODE1","7","-1-----0---1-------0------------","5","91","3","1110010020","1110010020","e1e0h1l0","-1-----0--","-1","-------0--","----------","1","1","1","0","0","1","0","0","2","0"
"141","4","forall NODE1,NODE0. ~ep_epoch1(NODE0) | ~locked_epoch2(NODE1) | ep_epoch2(NODE1) | locked_epoch3(NODE1) | NODE0 = NODE1","7","-1-----0---------1-0------------","5","87","5","1100110020","1100110020","e1e0l1l0","-1-----0--","--","-----1-0--","----------","1","1","0","0","1","1","0","0","2","0"
"142","4","forall NODE1,NODE0. ~ep_epoch1(NODE0) | ep_epoch0(NODE1) | ep_epoch2(NODE1) | locked_epoch3(NODE1) | NODE0 = NODE1","7","-1---0-0-----------0------------","5","93","5","1200010020","1200010020","e1e0l0","-1---0-0--","--","-------0--","----------","1","2","0","0","0","1","0","0","2","0"
"143","4","forall NODE1,NODE0. ~ep_epoch2(NODE0) | ~held(NODE0) | ep_epoch0(NODE1) | ep_epoch1(NODE1) | NODE0 = NODE1","7","--1--00---1---------------------","5","95","2","1210000020","1210000020","e1e0h1","--1--00---","1-","----------","----------","1","2","1","0","0","0","0","0","2","0"
"144","4","forall NODE1,NODE0. ~ep_epoch2(NODE0) | ~held(NODE1) | ep_epoch3(NODE1) | ep_epoch4(NODE1) | NODE0 = NODE1","7","--1-----00-1--------------------","5","95","2","1210000020","1210000020","e1e0h1","--1-----00","-1","----------","----------","1","2","1","0","0","0","0","0","2","0"
"145","4","forall NODE1,NODE0. ~ep_epoch2(NODE0) | ~held(NODE1) | ep_epoch3(NODE1) | locked_epoch4(NODE1) | NODE0 = NODE1","7","--1-----0--1---------0----------","5","91","3","1110010020","1110010020","e1e0h1l0","--1-----0-","-1","---------0","----------","1","1","1","0","0","1","0","0","2","0"
"146","4","forall NODE1,NODE2,NODE0. ~ep_epoch2(NODE0) | ~transfer_epoch3(NODE1) | ep_epoch0(NODE2) | ep_epoch1(NODE2) | ((NODE1 ~= NODE2 | NODE0 = NODE1) & (NODE0 ~= NODE1 | NODE0 = NODE2))","11","--1--00---------------------1---","8","206","1","1200001030","1200001030","e1e0t1","--1--00---","--","----------","------1---","1","2","0","0","0","0","1","0","3","0"
"147","4","forall NODE1,NODE0. ~ep_epoch2(NODE0) | ep_epoch0(NODE1) | ep_epoch1(NODE1) | locked_epoch3(NODE1) | NODE0 = NODE1","7","--1--00------------0------------","5","93","5","1200010020","1200010020","e1e0l0","--1--00---","--","-------0--","----------","1","2","0","0","0","1","0","0","2","0"
"148","4","forall NODE1,NODE0. ~ep_epoch3(NODE0) | ~held(NODE0) | ~locked_epoch2(NODE1) | ep_epoch2(NODE1) | NODE0 = NODE1","7","---1---0--1------1--------------","5","92","1","1110100020","1110100020","e1e0h1l1","---1---0--","1-","-----1----","----------","1","1","1","0","1","0","0","0","2","0"
"149","4","forall NODE1,NODE0. ~ep_epoch3(NODE0) | ~held(NODE0) | ep_epoch2(NODE1) | locked_epoch2(NODE0) | NODE0 = NODE1","7","---1---0--1-----0---------------","5","91","3","1110010020","1110010020","e1e0h1l0","---1---0--","1-","----0-----","----------","1","1","1","0","0","1","0","0","2","0"
"150","4","forall NODE1,NODE2,NODE0. ~ep_epoch3(NODE0) | ~locked_epoch2(NODE1) | ~transfer_epoch4(NODE2) | ep_epoch2(NODE1) | ((NODE1 ~= NODE2 | NODE0 = NODE1) & (NODE0 ~= NODE2 | NODE0 = NODE1))","11","---1---0---------1------------1-","8","204","1","1100101030","1100101030","e1e0l1t1","---1---0--","--","-----1----","--------1-","1","1","0","0","1","0","1","0","3","0"
"151","4","forall NODE1,NODE0. ~ep_epoch3(NODE0) | ~locked_epoch2(NODE1) | ep_epoch2(NODE1) | ep_epoch4(NODE1) | NODE0 = NODE1","7","---1---0-0-------1--------------","5","94","2","1200100020","1200100020","e1e0l1","---1---0-0","--","-----1----","----------","1","2","0","0","1","0","0","0","2","0"
"152","4","forall NODE1,NODE0. ~ep_epoch3(NODE0) | ~locked_epoch2(NODE1) | ep_epoch2(NODE1) | held(NODE1) | NODE0 = NODE1","7","---1---0---0-----1--------------","5","90","1","1101100020","1101100020","e1e0h0l1","---1---0--","-0","-----1----","----------","1","1","0","1","1","0","0","0","2","0"
"153","4","forall NODE1,NODE0. ~ep_epoch3(NODE0) | ~locked_epoch2(NODE1) | ep_epoch2(NODE1) | locked_epoch4(NODE1) | NODE0 = NODE1","7","---1---0---------1---0----------","5","87","5","1100110020","1100110020","e1e0l1l0","---1---0--","--","-----1---0","----------","1","1","0","0","1","1","0","0","2","0"
"154","4","forall NODE1,NODE2,NODE0. ~ep_epoch3(NODE0) | ~transfer_epoch4(NODE1) | ep_epoch2(NODE2) | locked_epoch2(NODE0) | ((NODE1 ~= NODE2 | NODE0 = NODE1) & (NODE0 ~= NODE1 | NODE0 = NODE2))","11","---1---0--------0-------------1-","8","203","1","1100011030","1100011030","e1e0l0t1","---1---0--","--","----0-----","--------1-","1","1","0","0","0","1","1","0","3","0"
"155","4","forall NODE1,NODE0. ~ep_epoch3(NODE0) | ep_epoch2(NODE1) | ep_epoch4(NODE1) | locked_epoch2(NODE0) | NODE0 = NODE1","7","---1---0-0------0---------------","5","93","5","1200010020","1200010020","e1e0l0","---1---0-0","--","----0-----","----------","1","2","0","0","0","1","0","0","2","0"
"156","4","forall NODE1,NODE0. ~ep_epoch3(NODE0) | ep_epoch2(NODE1) | held(NODE1) | locked_epoch2(NODE0) | NODE0 = NODE1","7","---1---0---0----0---------------","5","89","1","1101010020","1101010020","e1e0h0l0","---1---0--","-0","----0-----","----------","1","1","0","1","0","1","0","0","2","0"
"157","4","forall NODE1,NODE0. ~ep_epoch3(NODE0) | ep_epoch2(NODE1) | locked_epoch2(NODE0) | locked_epoch4(NODE1) | NODE0 = NODE1","7","---1---0--------0----0----------","5","86","2","1100020020","1100020020","e1e0l0","---1---0--","--","----0----0","----------","1","1","0","0","0","2","0","0","2","0"
"158","4","forall NODE1,NODE0. ~ep_epoch4(NODE0) | ~locked_epoch2(NODE1) | ~locked_epoch3(NODE0) | ep_epoch2(NODE1) | NODE0 = NODE1","7","----1--0---------11-------------","5","88","1","1100200020","1100200020","e1e0l1","----1--0--","--","-----11---","----------","1","1","0","0","2","0","0","0","2","0"
"159","4","forall NODE1,NODE0. ~ep_epoch4(NODE0) | ~locked_epoch2(NODE1) | ep_epoch2(NODE1) | ep_epoch3(NODE1) | NODE0 = NODE1","7","----1--00--------1--------------","5","94","2","1200100020","1200100020","e1e0l1","----1--00-","--","-----1----","----------","1","2","0","0","1","0","0","0","2","0"
"160","4","forall NODE1,NODE0. ~ep_epoch4(NODE0) | ~locked_epoch2(NODE1) | ep_epoch2(NODE1) | locked_epoch3(NODE1) | NODE0 = NODE1","7","----1--0---------1-0------------","5","87","5","1100110020","1100110020","e1e0l1l0","----1--0--","--","-----1-0--","----------","1","1","0","0","1","1","0","0","2","0"
"161","4","forall NODE1,NODE0. ~ep_epoch4(NODE0) | ~locked_epoch3(NODE0) | ep_epoch2(NODE1) | locked_epoch2(NODE0) | NODE0 = NODE1","7","----1--0--------0-1-------------","5","87","5","1100110020","1100110020","e1e0l1l0","----1--0--","--","----0-1---","----------","1","1","0","0","1","1","0","0","2","0"
"162","4","forall NODE1,NODE0. ~ep_epoch4(NODE0) | ep_epoch2(NODE1) | ep_epoch3(NODE1) | locked_epoch2(NODE0) | NODE0 = NODE1","7","----1--00-------0---------------","5","93","5","1200010020","1200010020","e1e0l0","----1--00-","--","----0-----","----------","1","2","0","0","0","1","0","0","2","0"
"163","4","forall NODE1,NODE0. ~ep_epoch4(NODE0) | ep_epoch2(NODE1) | locked_epoch2(NODE0) | locked_epoch3(NODE1) | NODE0 = NODE1","7","----1--0--------0--0------------","5","86","2","1100020020","1100020020","e1e0l0","----1--0--","--","----0--0--","----------","1","1","0","0","0","2","0","0","2","0"
"164","4","forall NODE1,NODE0. ~held(NODE0) | ~locked_epoch2(NODE1) | ~locked_epoch3(NODE0) | ep_epoch2(NODE1) | NODE0 = NODE1","7","-------0--1------11-------------","5","79","1","0110200020","0110200020","e0h1l1","-------0--","1-","-----11---","----------","0","1","1","0","2","0","0","0","2","0"
"165","4","forall NODE1,NODE0. ~held(NODE0) | ~locked_epoch2(NODE1) | ep_epoch2(NODE1) | ep_epoch3(NODE1) | NODE0 = NODE1","7","-------00-1------1--------------","5","84","3","0210100020","0210100020","e0h1l1","-------00-","1-","-----1----","----------","0","2","1","0","1","0","0","0","2","0"
"166","4","forall NODE1,NODE0. ~held(NODE0) | ~locked_epoch2(NODE1) | ep_epoch2(NODE1) | ep_epoch4(NODE0) | NODE0 = NODE1","7","----0--0--1------1--------------","5","84","3","0210100020","0210100020","e0h1l1","----0--0--","1-","-----1----","----------","0","2","1","0","1","0","0","0","2","0"
"167","4","forall NODE1,NODE0. ~held(NODE0) | ~locked_epoch2(NODE1) | ep_epoch2(NODE1) | locked_epoch3(NODE1) | NODE0 = NODE1","7","-------0--1------1-0------------","5","78","6","0110110020","0110110020","e0h1l1l0","-------0--","1-","-----1-0--","----------","0","1","1","0","1","1","0","0","2","0"
"168","4","forall NODE1,NODE0. ~held(NODE0) | ~locked_epoch2(NODE1) | ep_epoch2(NODE1) | locked_epoch4(NODE0) | NODE0 = NODE1","7","-------0--1------1--0-----------","5","78","6","0110110020","0110110020","e0h1l1l0","-------0--","1-","-----1--0-","----------","0","1","1","0","1","1","0","0","2","0"
"169","4","forall NODE1,NODE0. ~held(NODE0) | ~locked_epoch2(NODE1) | ep_epoch3(NODE0) | ep_epoch4(NODE0) | NODE0 = NODE1","7","---00-----1------1--------------","5","84","3","0210100020","0210100020","e0h1l1","---00-----","1-","-----1----","----------","0","2","1","0","1","0","0","0","2","0"
"170","4","forall NODE1,NODE0. ~held(NODE0) | ~locked_epoch2(NODE1) | ep_epoch3(NODE0) | locked_epoch4(NODE0) | NODE0 = NODE1","7","---0------1------1--0-----------","5","78","6","0110110020","0110110020","e0h1l1l0","---0------","1-","-----1--0-","----------","0","1","1","0","1","1","0","0","2","0"
"171","4","forall NODE1,NODE0. ~held(NODE0) | ~locked_epoch2(NODE1) | ep_epoch3(NODE1) | locked_epoch3(NODE0) | NODE0 = NODE1","7","--------0-1------10-------------","5","78","6","0110110020","0110110020","e0h1l1l0","--------0-","1-","-----10---","----------","0","1","1","0","1","1","0","0","2","0"
"172","4","forall NODE1,NODE0. ~held(NODE0) | ~locked_epoch2(NODE1) | ep_epoch4(NODE0) | locked_epoch3(NODE0) | NODE0 = NODE1","7","----0-----1------10-------------","5","78","6","0110110020","0110110020","e0h1l1l0","----0-----","1-","-----10---","----------","0","1","1","0","1","1","0","0","2","0"
"173","4","forall NODE1,NODE0. ~held(NODE0) | ~locked_epoch2(NODE1) | locked_epoch3(NODE0) | locked_epoch3(NODE1) | NODE0 = NODE1","7","----------1------100------------","5","71","2","0010120020","0010120020","h1l1l0","----------","1-","-----100--","----------","0","0","1","0","1","2","0","0","2","0"
"174","4","forall NODE1,NODE0. ~held(NODE0) | ~locked_epoch2(NODE1) | locked_epoch3(NODE0) | locked_epoch4(NODE0) | NODE0 = NODE1","7","----------1------10-0-----------","5","71","2","0010120020","0010120020","h1l1l0","----------","1-","-----10-0-","----------","0","0","1","0","1","2","0","0","2","0"
"175","4","forall NODE1,NODE0. ~held(NODE0) | ~locked_epoch3(NODE0) | ep_epoch2(NODE1) | locked_epoch2(NODE0) | NODE0 = NODE1","7","-------0--1-----0-1-------------","5","78","6","0110110020","0110110020","e0h1l1l0","-------0--","1-","----0-1---","----------","0","1","1","0","1","1","0","0","2","0"
"176","4","forall NODE1,NODE0. ~held(NODE0) | ep_epoch0(NODE1) | locked_epoch2(NODE0) | locked_epoch2(NODE1) | NODE0 = NODE1","7","-----0----1-----00--------------","5","77","2","0110020020","0110020020","e0h1l0","-----0----","1-","----00----","----------","0","1","1","0","0","2","0","0","2","0"
"177","4","forall NODE1,NODE0. ~held(NODE0) | ep_epoch1(NODE0) | locked_epoch2(NODE0) | locked_epoch2(NODE1) | NODE0 = NODE1","7","-0--------1-----00--------------","5","77","2","0110020020","0110020020","e0h1l0","-0--------","1-","----00----","----------","0","1","1","0","0","2","0","0","2","0"
"178","4","forall NODE1,NODE0. ~locked_epoch2(NODE0) | ~locked_epoch3(NODE1) | ~locked_epoch4(NODE1) | ep_epoch2(NODE0) | NODE0 = NODE1","7","--0-------------1--1-1----------","5","74","1","0100300020","0100300020","e0l1","--0-------","--","----1--1-1","----------","0","1","0","0","3","0","0","0","2","0"
"179","4","forall NODE1,NODE2,NODE0. ~locked_epoch2(NODE0) | ~locked_epoch3(NODE1) | ~transfer_epoch4(NODE2) | ep_epoch2(NODE0) | ((NODE0 ~= NODE2 | NODE0 = NODE1) & (NODE1 ~= NODE2 | NODE0 = NODE1))","11","--0-------------1--1----------1-","8","185","1","0100201030","0100201030","e0l1t1","--0-------","--","----1--1--","--------1-","0","1","0","0","2","0","1","0","3","0"
"180","4","forall NODE1,NODE0. ~locked_epoch2(NODE0) | ~locked_epoch3(NODE1) | ep_epoch2(NODE0) | ep_epoch3(NODE1) | NODE0 = NODE1","7","--0-----0-------1--1------------","5","83","3","0200200020","0200200020","e0l1","--0-----0-","--","----1--1--","----------","0","2","0","0","2","0","0","0","2","0"
"181","4","forall NODE1,NODE0. ~locked_epoch2(NODE0) | ~locked_epoch3(NODE1) | ep_epoch2(NODE0) | ep_epoch4(NODE0) | NODE0 = NODE1","7","--0-0-----------1--1------------","5","83","3","0200200020","0200200020","e0l1","--0-0-----","--","----1--1--","----------","0","2","0","0","2","0","0","0","2","0"
"182","4","forall NODE1,NODE0. ~locked_epoch2(NODE0) | ~locked_epoch3(NODE1) | ep_epoch2(NODE0) | held(NODE0) | NODE0 = NODE1","7","--0-------0-----1--1------------","5","76","1","0101200020","0101200020","e0h0l1","--0-------","0-","----1--1--","----------","0","1","0","1","2","0","0","0","2","0"
"183","4","forall NODE1,NODE0. ~locked_epoch2(NODE0) | ~locked_epoch3(NODE1) | ep_epoch2(NODE0) | locked_epoch4(NODE0) | NODE0 = NODE1","7","--0-------------1--10-----------","5","73","3","0100210020","0100210020","e0l1l0","--0-------","--","----1--10-","----------","0","1","0","0","2","1","0","0","2","0"
"184","4","forall NODE1,NODE0. ~locked_epoch2(NODE0) | ~locked_epoch4(NODE1) | ep_epoch2(NODE0) | ep_epoch3(NODE0) | NODE0 = NODE1","7","--00------------1----1----------","5","83","3","0200200020","0200200020","e0l1","--00------","--","----1----1","----------","0","2","0","0","2","0","0","0","2","0"
"185","4","forall NODE1,NODE0. ~locked_epoch2(NODE0) | ~locked_epoch4(NODE1) | ep_epoch2(NODE0) | locked_epoch3(NODE0) | NODE0 = NODE1","7","--0-------------1-0--1----------","5","73","3","0100210020","0100210020","e0l1l0","--0-------","--","----1-0--1","----------","0","1","0","0","2","1","0","0","2","0"
"186","4","forall NODE1,NODE2,NODE0. ~locked_epoch2(NODE0) | ~transfer_epoch3(NODE1) | ep_epoch0(NODE2) | ep_epoch1(NODE2) | ((NODE1 ~= NODE2 | NODE0 = NODE1) & (NODE0 ~= NODE1 | NODE0 = NODE2))","11","-----00---------1-----------1---","8","189","1","0200101030","0200101030","e0l1t1","-----00---","--","----1-----","------1---","0","2","0","0","1","0","1","0","3","0"
"187","4","forall NODE1,NODE0. ~locked_epoch2(NODE0) | ~transfer_epoch4(NODE1) | ep_epoch2(NODE0) | ep_epoch3(NODE0)","6","--00------------1-------------1-","4","51","1","0200101020","0200101020","e0l1t1","--00------","--","----1-----","--------1-","0","2","0","0","1","0","1","0","2","0"
"188","4","forall NODE1,NODE0. ~locked_epoch2(NODE0) | ~transfer_epoch4(NODE1) | ep_epoch2(NODE0) | locked_epoch3(NODE0)","6","--0-------------1-0-----------1-","4","44","1","0100111020","0100111020","e0l1l0t1","--0-------","--","----1-0---","--------1-","0","1","0","0","1","1","1","0","2","0"
"189","4","forall NODE0. ~locked_epoch2(NODE0) | ep_epoch2(NODE0) | ep_epoch3(NODE0) | ep_epoch4(NODE0)","5","--000-----------1---------------","4","33","1","0300100010","0300100010","e0l1","--000-----","--","----1-----","----------","0","3","0","0","1","0","0","0","1","0"
"190","4","forall NODE0. ~locked_epoch2(NODE0) | ep_epoch2(NODE0) | ep_epoch3(NODE0) | held(NODE0)","5","--00------0-----1---------------","4","30","1","0201100010","0201100010","e0h0l1","--00------","0-","----1-----","----------","0","2","0","1","1","0","0","0","1","0"
"191","4","forall NODE0. ~locked_epoch2(NODE0) | ep_epoch2(NODE0) | ep_epoch3(NODE0) | locked_epoch4(NODE0)","5","--00------------1---0-----------","4","29","2","0200110010","0200110010","e0l1l0","--00------","--","----1---0-","----------","0","2","0","0","1","1","0","0","1","0"
"192","4","forall NODE1,NODE0. ~locked_epoch2(NODE0) | ep_epoch2(NODE0) | ep_epoch3(NODE1) | locked_epoch3(NODE0) | NODE0 = NODE1","7","--0-----0-------1-0-------------","5","82","4","0200110020","0200110020","e0l1l0","--0-----0-","--","----1-0---","----------","0","2","0","0","1","1","0","0","2","0"
"193","4","forall NODE0. ~locked_epoch2(NODE0) | ep_epoch2(NODE0) | ep_epoch4(NODE0) | locked_epoch3(NODE0)","5","--0-0-----------1-0-------------","4","29","2","0200110010","0200110010","e0l1l0","--0-0-----","--","----1-0---","----------","0","2","0","0","1","1","0","0","1","0"
"194","4","forall NODE0. ~locked_epoch2(NODE0) | ep_epoch2(NODE0) | held(NODE0) | locked_epoch3(NODE0)","5","--0-------0-----1-0-------------","4","28","1","0101110010","0101110010","e0h0l1l0","--0-------","0-","----1-0---","----------","0","1","0","1","1","1","0","0","1","0"
"195","4","forall NODE1,NODE0. ~locked_epoch2(NODE0) | ep_epoch2(NODE0) | locked_epoch3(NODE0) | locked_epoch3(NODE1) | NODE0 = NODE1","7","--0-------------1-00------------","5","72","3","0100120020","0100120020","e0l1l0","--0-------","--","----1-00--","----------","0","1","0","0","1","2","0","0","2","0"
"196","4","forall NODE0. ~locked_epoch2(NODE0) | ep_epoch2(NODE0) | locked_epoch3(NODE0) | locked_epoch4(NODE0)","5","--0-------------1-0-0-----------","4","27","1","0100120010","0100120010","e0l1l0","--0-------","--","----1-0-0-","----------","0","1","0","0","1","2","0","0","1","0"
"197","4","forall NODE1,NODE0. ~locked_epoch3(NODE0) | ~locked_epoch4(NODE0) | ep_epoch2(NODE1) | locked_epoch2(NODE0) | NODE0 = NODE1","7","-------0--------0-1-1-----------","5","73","3","0100210020","0100210020","e0l1l0","-------0--","--","----0-1-1-","----------","0","1","0","0","2","1","0","0","2","0"
"198","4","forall NODE1,NODE2,NODE0. ~locked_epoch3(NODE0) | ~transfer_epoch4(NODE1) | ep_epoch2(NODE2) | locked_epoch2(NODE0) | ((NODE1 ~= NODE2 | NODE0 = NODE1) & (NODE0 ~= NODE1 | NODE0 = NODE2))","11","-------0--------0-1-----------1-","8","184","1","0100111030","0100111030","e0l1l0t1","-------0--","--","----0-1---","--------1-","0","1","0","0","1","1","1","0","3","0"
"199","4","forall NODE1,NODE0. ~locked_epoch3(NODE0) | ep_epoch2(NODE1) | ep_epoch3(NODE0) | locked_epoch2(NODE0) | NODE0 = NODE1","7","---0---0--------0-1-------------","5","82","4","0200110020","0200110020","e0l1l0","---0---0--","--","----0-1---","----------","0","2","0","0","1","1","0","0","2","0"
"200","4","forall NODE1,NODE0. ~locked_epoch3(NODE0) | ep_epoch2(NODE1) | ep_epoch4(NODE1) | locked_epoch2(NODE0) | NODE0 = NODE1","7","-------0-0------0-1-------------","5","82","4","0200110020","0200110020","e0l1l0","-------0-0","--","----0-1---","----------","0","2","0","0","1","1","0","0","2","0"
"201","4","forall NODE1,NODE0. ~locked_epoch3(NODE0) | ep_epoch2(NODE1) | held(NODE1) | locked_epoch2(NODE0) | NODE0 = NODE1","7","-------0---0----0-1-------------","5","75","1","0101110020","0101110020","e0h0l1l0","-------0--","-0","----0-1---","----------","0","1","0","1","1","1","0","0","2","0"
"202","4","forall NODE1,NODE0. ~locked_epoch3(NODE0) | ep_epoch2(NODE1) | locked_epoch2(NODE0) | locked_epoch4(NODE1) | NODE0 = NODE1","7","-------0--------0-1--0----------","5","72","3","0100120020","0100120020","e0l1l0","-------0--","--","----0-1--0","----------","0","1","0","0","1","2","0","0","2","0"
"203","4","forall NODE1,NODE0. ~locked_epoch4(NODE0) | ep_epoch2(NODE1) | ep_epoch3(NODE1) | locked_epoch2(NODE0) | NODE0 = NODE1","7","-------00-------0---1-----------","5","82","4","0200110020","0200110020","e0l1l0","-------00-","--","----0---1-","----------","0","2","0","0","1","1","0","0","2","0"
"204","4","forall NODE1,NODE0. ~locked_epoch4(NODE0) | ep_epoch2(NODE1) | locked_epoch2(NODE0) | locked_epoch3(NODE1) | NODE0 = NODE1","7","-------0--------0--01-----------","5","72","3","0100120020","0100120020","e0l1l0","-------0--","--","----0--01-","----------","0","1","0","0","1","2","0","0","2","0"
"205","4","forall NODE1,NODE0. ~transfer_epoch3(NODE0) | ep_epoch0(NODE1) | ep_epoch1(NODE1) | ep_epoch2(NODE1)","6","000-------------------------1---","4","54","1","0300001020","0300001020","e0t1","000-------","--","----------","------1---","0","3","0","0","0","0","1","0","2","0"
"206","4","forall NODE1,NODE0. ~transfer_epoch3(NODE0) | ep_epoch0(NODE1) | ep_epoch1(NODE1) | locked_epoch2(NODE1)","6","00--------------0-----------1---","4","49","1","0200011020","0200011020","e0l0t1","00--------","--","----0-----","------1---","0","2","0","0","0","1","1","0","2","0"
"207","4","forall NODE1,NODE2,NODE0. ~transfer_epoch4(NODE0) | ep_epoch2(NODE1) | ep_epoch3(NODE1) | locked_epoch2(NODE2) | ((NODE0 ~= NODE1 | NODE0 = NODE2) & (NODE0 ~= NODE2 | NODE0 = NODE1))","11","--00-------------0------------1-","8","188","1","0200011030","0200011030","e0l0t1","--00------","--","-----0----","--------1-","0","2","0","0","0","1","1","0","3","0"
"208","4","forall NODE1,NODE2,NODE0. ~transfer_epoch4(NODE0) | ep_epoch2(NODE1) | locked_epoch2(NODE2) | locked_epoch3(NODE1) | ((NODE0 ~= NODE1 | NODE0 = NODE2) & (NODE0 ~= NODE2 | NODE0 = NODE1))","11","--0--------------00-----------1-","8","183","1","0100021030","0100021030","e0l0t1","--0-------","--","-----00---","--------1-","0","1","0","0","0","2","1","0","3","0"
"209","2","exists NODE0. ep_epoch0(NODE0) | locked_epoch2(NODE0)","3","0----0----------00--------------","2","8","2","e0l0","0200020001","e0l0","0----0----","--","----00----","----------","0","2","0","0","0","2","0","0","0","1"
"210","4","forall NODE1,NODE0. ep_epoch0(NODE0) | ep_epoch1(NODE0) | locked_epoch2(NODE0) | locked_epoch2(NODE1) | NODE0 = NODE1","7","00--------------00--------------","5","80","1","0200020020","0200020020","e0l0","00--------","--","----00----","----------","0","2","0","0","0","2","0","0","2","0"
"211","2","exists NODE0. ep_epoch1(NODE0) | locked_epoch2(NODE0)","3","-0----0---------00--------------","2","8","2","e0l0","0200020001","e0l0","-0----0---","--","----00----","----------","0","2","0","0","0","2","0","0","0","1"
"212","5","forall NODE1,NODE0. ~ep_epoch0(NODE0) | ~ep_epoch1(NODE1) | held(NODE1) | transfer_epoch2(NODE0) | transfer_epoch2(NODE1) | NODE0 = NODE1","8","1-----1----0--------------00----","6","135","6","2001000220","2001000220","e1h0t0","1-----1---","-0","----------","----00----","2","0","0","1","0","0","0","2","2","0"
"213","5","forall NODE1,NODE0. ~ep_epoch0(NODE0) | ~ep_epoch2(NODE1) | held(NODE1) | transfer_epoch3(NODE0) | transfer_epoch3(NODE1) | NODE0 = NODE1","8","1------1---0----------------00--","6","135","6","2001000220","2001000220","e1h0t0","1------1--","-0","----------","------00--","2","0","0","1","0","0","0","2","2","0"
"214","5","forall NODE1,NODE0. ~ep_epoch0(NODE0) | ~ep_epoch3(NODE1) | held(NODE1) | transfer_epoch4(NODE0) | transfer_epoch4(NODE1) | NODE0 = NODE1","8","1-------1--0------------------00","6","135","6","2001000220","2001000220","e1h0t0","1-------1-","-0","----------","--------00","2","0","0","1","0","0","0","2","2","0"
"215","5","forall NODE1,NODE0. ~ep_epoch0(NODE0) | ~locked_epoch3(NODE1) | held(NODE1) | transfer_epoch4(NODE0) | transfer_epoch4(NODE1) | NODE0 = NODE1","8","1----------0-------1----------00","6","120","3","1001100220","1001100220","e1h0l1t0","1---------","-0","-------1--","--------00","1","0","0","1","1","0","0","2","2","0"
"216","5","forall NODE1,NODE0. ~ep_epoch0(NODE0) | ep_epoch1(NODE1) | ep_epoch2(NODE1) | ep_epoch3(NODE1) | ep_epoch4(NODE1) | NODE0 = NODE1","8","1-----0000----------------------","6","134","5","1400000020","1400000020","e1e0","1-----0000","--","----------","----------","1","4","0","0","0","0","0","0","2","0"
"217","5","forall NODE1,NODE0. ~ep_epoch0(NODE0) | ep_epoch1(NODE1) | ep_epoch2(NODE1) | ep_epoch3(NODE1) | held(NODE1) | NODE0 = NODE1","8","1-----000--0--------------------","6","132","4","1301000020","1301000020","e1e0h0","1-----000-","-0","----------","----------","1","3","0","1","0","0","0","0","2","0"
"218","5","forall NODE1,NODE0. ~ep_epoch0(NODE0) | ep_epoch1(NODE1) | ep_epoch2(NODE1) | ep_epoch3(NODE1) | locked_epoch4(NODE1) | NODE0 = NODE1","8","1-----000------------0----------","6","130","7","1300010020","1300010020","e1e0l0","1-----000-","--","---------0","----------","1","3","0","0","0","1","0","0","2","0"
"219","5","forall NODE1,NODE0. ~ep_epoch0(NODE0) | held(NODE1) | locked_epoch2(NODE1) | transfer_epoch2(NODE0) | transfer_epoch2(NODE1) | NODE0 = NODE1","8","1----------0-----0--------00----","6","119","4","1001010220","1001010220","e1h0l0t0","1---------","-0","-----0----","----00----","1","0","0","1","0","1","0","2","2","0"
"220","5","forall NODE1,NODE0. ~ep_epoch1(NODE0) | ~ep_epoch2(NODE1) | held(NODE1) | transfer_epoch3(NODE0) | transfer_epoch3(NODE1) | NODE0 = NODE1","8","-1-----1---0----------------00--","6","135","6","2001000220","2001000220","e1h0t0","-1-----1--","-0","----------","------00--","2","0","0","1","0","0","0","2","2","0"
"221","5","forall NODE1,NODE0. ~ep_epoch1(NODE0) | ~ep_epoch3(NODE1) | held(NODE1) | transfer_epoch4(NODE0) | transfer_epoch4(NODE1) | NODE0 = NODE1","8","-1------1--0------------------00","6","135","6","2001000220","2001000220","e1h0t0","-1------1-","-0","----------","--------00","2","0","0","1","0","0","0","2","2","0"
"222","5","forall NODE1,NODE0. ~ep_epoch1(NODE0) | ~held(NODE1) | ep_epoch2(NODE1) | ep_epoch3(NODE1) | ep_epoch4(NODE1) | NODE0 = NODE1","8","-1-----000-1--------------------","6","133","2","1310000020","1310000020","e1e0h1","-1-----000","-1","----------","----------","1","3","1","0","0","0","0","0","2","0"
"223","5","forall NODE1,NODE0. ~ep_epoch1(NODE0) | ~held(NODE1) | ep_epoch2(NODE1) | ep_epoch3(NODE1) | locked_epoch4(NODE1) | NODE0 = NODE1","8","-1-----00--1---------0----------","6","128","2","1210010020","1210010020","e1e0h1l0","-1-----00-","-1","---------0","----------","1","2","1","0","0","1","0","0","2","0"
"224","5","forall NODE1,NODE0. ~ep_epoch1(NODE0) | ~locked_epoch3(NODE1) | held(NODE1) | transfer_epoch4(NODE0) | transfer_epoch4(NODE1) | NODE0 = NODE1","8","-1---------0-------1----------00","6","120","3","1001100220","1001100220","e1h0l1t0","-1--------","-0","-------1--","--------00","1","0","0","1","1","0","0","2","2","0"
"225","5","forall NODE1,NODE0. ~ep_epoch1(NODE0) | ep_epoch0(NODE1) | ep_epoch2(NODE1) | ep_epoch3(NODE1) | ep_epoch4(NODE1) | NODE0 = NODE1","8","-1---0-000----------------------","6","134","5","1400000020","1400000020","e1e0","-1---0-000","--","----------","----------","1","4","0","0","0","0","0","0","2","0"
"226","5","forall NODE1,NODE0. ~ep_epoch1(NODE0) | ep_epoch0(NODE1) | ep_epoch2(NODE1) | ep_epoch3(NODE1) | held(NODE1) | NODE0 = NODE1","8","-1---0-00--0--------------------","6","132","4","1301000020","1301000020","e1e0h0","-1---0-00-","-0","----------","----------","1","3","0","1","0","0","0","0","2","0"
"227","5","forall NODE1,NODE0. ~ep_epoch1(NODE0) | ep_epoch0(NODE1) | ep_epoch2(NODE1) | ep_epoch3(NODE1) | locked_epoch4(NODE1) | NODE0 = NODE1","8","-1---0-00------------0----------","6","130","7","1300010020","1300010020","e1e0l0","-1---0-00-","--","---------0","----------","1","3","0","0","0","1","0","0","2","0"
"228","5","forall NODE1,NODE0. ~ep_epoch1(NODE0) | held(NODE0) | locked_epoch2(NODE1) | transfer_epoch2(NODE0) | transfer_epoch2(NODE1) | NODE0 = NODE1","8","-1--------0------0--------00----","6","119","4","1001010220","1001010220","e1h0l0t0","-1--------","0-","-----0----","----00----","1","0","0","1","0","1","0","2","2","0"
"229","5","forall NODE1,NODE0. ~ep_epoch2(NODE0) | ~ep_epoch3(NODE1) | held(NODE1) | transfer_epoch4(NODE0) | transfer_epoch4(NODE1) | NODE0 = NODE1","8","--1-----1--0------------------00","6","135","6","2001000220","2001000220","e1h0t0","--1-----1-","-0","----------","--------00","2","0","0","1","0","0","0","2","2","0"
"230","5","forall NODE1,NODE0. ~ep_epoch2(NODE0) | ~locked_epoch3(NODE1) | held(NODE1) | transfer_epoch4(NODE0) | transfer_epoch4(NODE1) | NODE0 = NODE1","8","--1--------0-------1----------00","6","120","3","1001100220","1001100220","e1h0l1t0","--1-------","-0","-------1--","--------00","1","0","0","1","1","0","0","2","2","0"
"231","5","forall NODE1,NODE0. ~ep_epoch2(NODE0) | ep_epoch0(NODE1) | ep_epoch1(NODE1) | ep_epoch3(NODE1) | ep_epoch4(NODE1) | NODE0 = NODE1","8","--1--00-00----------------------","6","134","5","1400000020","1400000020","e1e0","--1--00-00","--","----------","----------","1","4","0","0","0","0","0","0","2","0"
"232","5","forall NODE1,NODE0. ~ep_epoch2(NODE0) | ep_epoch0(NODE1) | ep_epoch1(NODE1) | ep_epoch3(NODE1) | held(NODE1) | NODE0 = NODE1","8","--1--00-0--0--------------------","6","132","4","1301000020","1301000020","e1e0h0","--1--00-0-","-0","----------","----------","1","3","0","1","0","0","0","0","2","0"
"233","5","forall NODE1,NODE0. ~ep_epoch2(NODE0) | ep_epoch0(NODE1) | ep_epoch1(NODE1) | ep_epoch3(NODE1) | locked_epoch4(NODE1) | NODE0 = NODE1","8","--1--00-0------------0----------","6","130","7","1300010020","1300010020","e1e0l0","--1--00-0-","--","---------0","----------","1","3","0","0","0","1","0","0","2","0"
"234","5","forall NODE1,NODE0. ~ep_epoch2(NODE0) | held(NODE0) | locked_epoch3(NODE1) | transfer_epoch3(NODE0) | transfer_epoch3(NODE1) | NODE0 = NODE1","8","--1-------0--------0--------00--","6","119","4","1001010220","1001010220","e1h0l0t0","--1-------","0-","-------0--","------00--","1","0","0","1","0","1","0","2","2","0"
"235","5","forall NODE1,NODE0. ~ep_epoch3(NODE0) | ~held(NODE0) | ~locked_epoch2(NODE0) | ep_epoch0(NODE1) | ep_epoch1(NODE1) | NODE0 = NODE1","8","---1-00---1-----1---------------","6","129","1","1210100020","1210100020","e1e0h1l1","---1-00---","1-","----1-----","----------","1","2","1","0","1","0","0","0","2","0"
"236","5","forall NODE1,NODE0. ~ep_epoch3(NODE0) | ~held(NODE0) | ep_epoch0(NODE1) | ep_epoch1(NODE1) | ep_epoch2(NODE1) | NODE0 = NODE1","8","---1-000--1---------------------","6","133","2","1310000020","1310000020","e1e0h1","---1-000--","1-","----------","----------","1","3","1","0","0","0","0","0","2","0"
"237","5","forall NODE1,NODE0. ~ep_epoch3(NODE0) | ~held(NODE0) | ep_epoch0(NODE1) | ep_epoch1(NODE1) | locked_epoch2(NODE1) | NODE0 = NODE1","8","---1-00---1------0--------------","6","128","2","1210010020","1210010020","e1e0h1l0","---1-00---","1-","-----0----","----------","1","2","1","0","0","1","0","0","2","0"
"238","5","forall NODE1,NODE2,NODE0. ~ep_epoch3(NODE0) | ~locked_epoch2(NODE0) | ~transfer_epoch4(NODE1) | ep_epoch0(NODE2) | ep_epoch1(NODE2) | ((NODE1 ~= NODE2 | NODE0 = NODE1) & (NODE0 ~= NODE1 | NODE0 = NODE2))","12","---1-00---------1-------------1-","9","220","1","1200101030","1200101030","e1e0l1t1","---1-00---","--","----1-----","--------1-","1","2","0","0","1","0","1","0","3","0"
"239","5","forall NODE1,NODE0. ~ep_epoch3(NODE0) | ~locked_epoch2(NODE0) | ep_epoch0(NODE1) | ep_epoch1(NODE1) | ep_epoch4(NODE1) | NODE0 = NODE1","8","---1-00--0------1---------------","6","131","3","1300100020","1300100020","e1e0l1","---1-00--0","--","----1-----","----------","1","3","0","0","1","0","0","0","2","0"
"240","5","forall NODE1,NODE0. ~ep_epoch3(NODE0) | ~locked_epoch2(NODE0) | ep_epoch0(NODE1) | ep_epoch1(NODE1) | held(NODE1) | NODE0 = NODE1","8","---1-00----0----1---------------","6","127","1","1201100020","1201100020","e1e0h0l1","---1-00---","-0","----1-----","----------","1","2","0","1","1","0","0","0","2","0"
"241","5","forall NODE1,NODE0. ~ep_epoch3(NODE0) | ~locked_epoch2(NODE0) | ep_epoch0(NODE1) | ep_epoch1(NODE1) | locked_epoch4(NODE1) | NODE0 = NODE1","8","---1-00---------1----0----------","6","124","3","1200110020","1200110020","e1e0l1l0","---1-00---","--","----1----0","----------","1","2","0","0","1","1","0","0","2","0"
"242","5","forall NODE1,NODE2,NODE0. ~ep_epoch3(NODE0) | ~transfer_epoch4(NODE1) | ep_epoch0(NODE2) | ep_epoch1(NODE2) | ep_epoch2(NODE2) | ((NODE1 ~= NODE2 | NODE0 = NODE1) & (NODE0 ~= NODE1 | NODE0 = NODE2))","12","---1-000----------------------1-","9","221","1","1300001030","1300001030","e1e0t1","---1-000--","--","----------","--------1-","1","3","0","0","0","0","1","0","3","0"
"243","5","forall NODE1,NODE2,NODE0. ~ep_epoch3(NODE0) | ~transfer_epoch4(NODE1) | ep_epoch0(NODE2) | ep_epoch1(NODE2) | locked_epoch2(NODE2) | ((NODE1 ~= NODE2 | NODE0 = NODE1) & (NODE0 ~= NODE1 | NODE0 = NODE2))","12","---1-00----------0------------1-","9","219","1","1200011030","1200011030","e1e0l0t1","---1-00---","--","-----0----","--------1-","1","2","0","0","0","1","1","0","3","0"
"244","5","forall NODE1,NODE0. ~ep_epoch3(NODE0) | ep_epoch0(NODE1) | ep_epoch1(NODE1) | ep_epoch2(NODE1) | ep_epoch4(NODE1) | NODE0 = NODE1","8","---1-000-0----------------------","6","134","5","1400000020","1400000020","e1e0","---1-000-0","--","----------","----------","1","4","0","0","0","0","0","0","2","0"
"245","5","forall NODE1,NODE0. ~ep_epoch3(NODE0) | ep_epoch0(NODE1) | ep_epoch1(NODE1) | ep_epoch2(NODE1) | held(NODE1) | NODE0 = NODE1","8","---1-000---0--------------------","6","132","4","1301000020","1301000020","e1e0h0","---1-000--","-0","----------","----------","1","3","0","1","0","0","0","0","2","0"
"246","5","forall NODE1,NODE0. ~ep_epoch3(NODE0) | ep_epoch0(NODE1) | ep_epoch1(NODE1) | ep_epoch2(NODE1) | locked_epoch4(NODE1) | NODE0 = NODE1","8","---1-000-------------0----------","6","130","7","1300010020","1300010020","e1e0l0","---1-000--","--","---------0","----------","1","3","0","0","0","1","0","0","2","0"
"247","5","forall NODE1,NODE0. ~ep_epoch3(NODE0) | ep_epoch0(NODE1) | ep_epoch1(NODE1) | ep_epoch4(NODE1) | locked_epoch2(NODE1) | NODE0 = NODE1","8","---1-00--0-------0--------------","6","130","7","1300010020","1300010020","e1e0l0","---1-00--0","--","-----0----","----------","1","3","0","0","0","1","0","0","2","0"
"248","5","forall NODE1,NODE0. ~ep_epoch3(NODE0) | ep_epoch0(NODE1) | ep_epoch1(NODE1) | held(NODE1) | locked_epoch2(NODE1) | NODE0 = NODE1","8","---1-00----0-----0--------------","6","126","1","1201010020","1201010020","e1e0h0l0","---1-00---","-0","-----0----","----------","1","2","0","1","0","1","0","0","2","0"
"249","5","forall NODE1,NODE0. ~ep_epoch3(NODE0) | ep_epoch0(NODE1) | ep_epoch1(NODE1) | locked_epoch2(NODE1) | locked_epoch4(NODE1) | NODE0 = NODE1","8","---1-00----------0---0----------","6","123","2","1200020020","1200020020","e1e0l0","---1-00---","--","-----0---0","----------","1","2","0","0","0","2","0","0","2","0"
"250","5","forall NODE1,NODE0. ~ep_epoch3(NODE0) | ep_epoch4(NODE1) | held(NODE0) | transfer_epoch4(NODE0) | transfer_epoch4(NODE1) | NODE0 = NODE1","8","---1-----00-------------------00","6","122","1","1101000220","1101000220","e1e0h0t0","---1-----0","0-","----------","--------00","1","1","0","1","0","0","0","2","2","0"
"251","5","forall NODE1,NODE0. ~ep_epoch3(NODE0) | held(NODE0) | held(NODE1) | transfer_epoch4(NODE0) | transfer_epoch4(NODE1) | NODE0 = NODE1","8","---1------00------------------00","6","121","1","1002000220","1002000220","e1h0t0","---1------","00","----------","--------00","1","0","0","2","0","0","0","2","2","0"
"252","5","forall NODE1,NODE0. ~ep_epoch3(NODE0) | held(NODE0) | locked_epoch4(NODE1) | transfer_epoch4(NODE0) | transfer_epoch4(NODE1) | NODE0 = NODE1","8","---1------0----------0--------00","6","119","4","1001010220","1001010220","e1h0l0t0","---1------","0-","---------0","--------00","1","0","0","1","0","1","0","2","2","0"
"253","5","forall NODE1,NODE0. ~ep_epoch4(NODE0) | ~locked_epoch2(NODE0) | ~locked_epoch3(NODE0) | ep_epoch0(NODE1) | ep_epoch1(NODE1) | NODE0 = NODE1","8","----100---------1-1-------------","6","125","1","1200200020","1200200020","e1e0l1","----100---","--","----1-1---","----------","1","2","0","0","2","0","0","0","2","0"
"254","5","forall NODE1,NODE0. ~ep_epoch4(NODE0) | ~locked_epoch2(NODE0) | ep_epoch0(NODE1) | ep_epoch1(NODE1) | ep_epoch3(NODE1) | NODE0 = NODE1","8","----100-0-------1---------------","6","131","3","1300100020","1300100020","e1e0l1","----100-0-","--","----1-----","----------","1","3","0","0","1","0","0","0","2","0"
"255","5","forall NODE1,NODE0. ~ep_epoch4(NODE0) | ~locked_epoch2(NODE0) | ep_epoch0(NODE1) | ep_epoch1(NODE1) | locked_epoch3(NODE1) | NODE0 = NODE1","8","----100---------1--0------------","6","124","3","1200110020","1200110020","e1e0l1l0","----100---","--","----1--0--","----------","1","2","0","0","1","1","0","0","2","0"
"256","5","forall NODE1,NODE0. ~ep_epoch4(NODE0) | ~locked_epoch3(NODE0) | ep_epoch0(NODE1) | ep_epoch1(NODE1) | ep_epoch2(NODE1) | NODE0 = NODE1","8","----1000----------1-------------","6","131","3","1300100020","1300100020","e1e0l1","----1000--","--","------1---","----------","1","3","0","0","1","0","0","0","2","0"
"257","5","forall NODE1,NODE0. ~ep_epoch4(NODE0) | ~locked_epoch3(NODE0) | ep_epoch0(NODE1) | ep_epoch1(NODE1) | locked_epoch2(NODE1) | NODE0 = NODE1","8","----100----------01-------------","6","124","3","1200110020","1200110020","e1e0l1l0","----100---","--","-----01---","----------","1","2","0","0","1","1","0","0","2","0"
"258","5","forall NODE1,NODE0. ~ep_epoch4(NODE0) | ep_epoch0(NODE1) | ep_epoch1(NODE1) | ep_epoch2(NODE1) | ep_epoch3(NODE1) | NODE0 = NODE1","8","----10000-----------------------","6","134","5","1400000020","1400000020","e1e0","----10000-","--","----------","----------","1","4","0","0","0","0","0","0","2","0"
"259","5","forall NODE1,NODE0. ~ep_epoch4(NODE0) | ep_epoch0(NODE1) | ep_epoch1(NODE1) | ep_epoch2(NODE1) | locked_epoch3(NODE1) | NODE0 = NODE1","8","----1000-----------0------------","6","130","7","1300010020","1300010020","e1e0l0","----1000--","--","-------0--","----------","1","3","0","0","0","1","0","0","2","0"
"260","5","forall NODE1,NODE0. ~ep_epoch4(NODE0) | ep_epoch0(NODE1) | ep_epoch1(NODE1) | ep_epoch3(NODE1) | locked_epoch2(NODE1) | NODE0 = NODE1","8","----100-0--------0--------------","6","130","7","1300010020","1300010020","e1e0l0","----100-0-","--","-----0----","----------","1","3","0","0","0","1","0","0","2","0"
"261","5","forall NODE1,NODE0. ~ep_epoch4(NODE0) | ep_epoch0(NODE1) | ep_epoch1(NODE1) | locked_epoch2(NODE1) | locked_epoch3(NODE1) | NODE0 = NODE1","8","----100----------0-0------------","6","123","2","1200020020","1200020020","e1e0l0","----100---","--","-----0-0--","----------","1","2","0","0","0","2","0","0","2","0"
"262","5","forall NODE1,NODE0. ~held(NODE0) | ~locked_epoch2(NODE0) | ~locked_epoch3(NODE0) | ep_epoch0(NODE1) | ep_epoch1(NODE1) | NODE0 = NODE1","8","-----00---1-----1-1-------------","6","108","1","0210200020","0210200020","e0h1l1","-----00---","1-","----1-1---","----------","0","2","1","0","2","0","0","0","2","0"
"263","5","forall NODE1,NODE0. ~held(NODE0) | ~locked_epoch2(NODE0) | ep_epoch0(NODE1) | ep_epoch1(NODE1) | ep_epoch3(NODE1) | NODE0 = NODE1","8","-----00-0-1-----1---------------","6","114","3","0310100020","0310100020","e0h1l1","-----00-0-","1-","----1-----","----------","0","3","1","0","1","0","0","0","2","0"
"264","5","forall NODE1,NODE0. ~held(NODE0) | ~locked_epoch2(NODE0) | ep_epoch0(NODE1) | ep_epoch1(NODE1) | ep_epoch4(NODE0) | NODE0 = NODE1","8","----000---1-----1---------------","6","114","3","0310100020","0310100020","e0h1l1","----000---","1-","----1-----","----------","0","3","1","0","1","0","0","0","2","0"
"265","5","forall NODE1,NODE0. ~held(NODE0) | ~locked_epoch2(NODE0) | ep_epoch0(NODE1) | ep_epoch1(NODE1) | locked_epoch3(NODE1) | NODE0 = NODE1","8","-----00---1-----1--0------------","6","107","3","0210110020","0210110020","e0h1l1l0","-----00---","1-","----1--0--","----------","0","2","1","0","1","1","0","0","2","0"
"266","5","forall NODE1,NODE0. ~held(NODE0) | ~locked_epoch2(NODE0) | ep_epoch0(NODE1) | ep_epoch1(NODE1) | locked_epoch4(NODE0) | NODE0 = NODE1","8","-----00---1-----1---0-----------","6","107","3","0210110020","0210110020","e0h1l1l0","-----00---","1-","----1---0-","----------","0","2","1","0","1","1","0","0","2","0"
"267","5","forall NODE1,NODE0. ~held(NODE0) | ~locked_epoch3(NODE0) | ep_epoch0(NODE1) | ep_epoch1(NODE1) | ep_epoch2(NODE1) | NODE0 = NODE1","8","-----000--1-------1-------------","6","114","3","0310100020","0310100020","e0h1l1","-----000--","1-","------1---","----------","0","3","1","0","1","0","0","0","2","0"
"268","5","forall NODE1,NODE0. ~held(NODE0) | ~locked_epoch3(NODE0) | ep_epoch0(NODE1) | ep_epoch1(NODE1) | locked_epoch2(NODE1) | NODE0 = NODE1","8","-----00---1------01-------------","6","107","3","0210110020","0210110020","e0h1l1l0","-----00---","1-","-----01---","----------","0","2","1","0","1","1","0","0","2","0"
"269","5","forall NODE1,NODE0. ~held(NODE0) | ep_epoch0(NODE1) | ep_epoch1(NODE1) | ep_epoch2(NODE1) | ep_epoch3(NODE1) | NODE0 = NODE1","8","-----0000-1---------------------","6","118","4","0410000020","0410000020","e0h1","-----0000-","1-","----------","----------","0","4","1","0","0","0","0","0","2","0"
"270","5","forall NODE1,NODE0. ~held(NODE0) | ep_epoch0(NODE1) | ep_epoch1(NODE1) | ep_epoch2(NODE1) | ep_epoch4(NODE0) | NODE0 = NODE1","8","----0000--1---------------------","6","118","4","0410000020","0410000020","e0h1","----0000--","1-","----------","----------","0","4","1","0","0","0","0","0","2","0"
"271","5","forall NODE1,NODE0. ~held(NODE0) | ep_epoch0(NODE1) | ep_epoch1(NODE1) | ep_epoch2(NODE1) | locked_epoch3(NODE1) | NODE0 = NODE1","8","-----000--1--------0------------","6","113","16","0310010020","0310010020","e0h1l0","-----000--","1-","-------0--","----------","0","3","1","0","0","1","0","0","2","0"
"272","5","forall NODE1,NODE0. ~held(NODE0) | ep_epoch0(NODE1) | ep_epoch1(NODE1) | ep_epoch2(NODE1) | locked_epoch4(NODE0) | NODE0 = NODE1","8","-----000--1---------0-----------","6","113","16","0310010020","0310010020","e0h1l0","-----000--","1-","--------0-","----------","0","3","1","0","0","1","0","0","2","0"
"273","5","forall NODE1,NODE0. ~held(NODE0) | ep_epoch0(NODE1) | ep_epoch1(NODE1) | ep_epoch3(NODE0) | ep_epoch4(NODE0) | NODE0 = NODE1","8","---0000---1---------------------","6","118","4","0410000020","0410000020","e0h1","---0000---","1-","----------","----------","0","4","1","0","0","0","0","0","2","0"
"274","5","forall NODE1,NODE0. ~held(NODE0) | ep_epoch0(NODE1) | ep_epoch1(NODE1) | ep_epoch3(NODE0) | locked_epoch4(NODE0) | NODE0 = NODE1","8","---0-00---1---------0-----------","6","113","16","0310010020","0310010020","e0h1l0","---0-00---","1-","--------0-","----------","0","3","1","0","0","1","0","0","2","0"
"275","5","forall NODE1,NODE0. ~held(NODE0) | ep_epoch0(NODE1) | ep_epoch1(NODE1) | ep_epoch3(NODE1) | locked_epoch2(NODE1) | NODE0 = NODE1","8","-----00-0-1------0--------------","6","113","16","0310010020","0310010020","e0h1l0","-----00-0-","1-","-----0----","----------","0","3","1","0","0","1","0","0","2","0"
"276","5","forall NODE1,NODE0. ~held(NODE0) | ep_epoch0(NODE1) | ep_epoch1(NODE1) | ep_epoch3(NODE1) | locked_epoch3(NODE0) | NODE0 = NODE1","8","-----00-0-1-------0-------------","6","113","16","0310010020","0310010020","e0h1l0","-----00-0-","1-","------0---","----------","0","3","1","0","0","1","0","0","2","0"
"277","5","forall NODE1,NODE0. ~held(NODE0) | ep_epoch0(NODE1) | ep_epoch1(NODE1) | ep_epoch4(NODE0) | locked_epoch2(NODE1) | NODE0 = NODE1","8","----000---1------0--------------","6","113","16","0310010020","0310010020","e0h1l0","----000---","1-","-----0----","----------","0","3","1","0","0","1","0","0","2","0"
"278","5","forall NODE1,NODE0. ~held(NODE0) | ep_epoch0(NODE1) | ep_epoch1(NODE1) | ep_epoch4(NODE0) | locked_epoch3(NODE0) | NODE0 = NODE1","8","----000---1-------0-------------","6","113","16","0310010020","0310010020","e0h1l0","----000---","1-","------0---","----------","0","3","1","0","0","1","0","0","2","0"
"279","5","forall NODE1,NODE0. ~held(NODE0) | ep_epoch0(NODE1) | ep_epoch1(NODE1) | locked_epoch2(NODE1) | locked_epoch3(NODE1) | NODE0 = NODE1","8","-----00---1------0-0------------","6","106","15","0210020020","0210020020","e0h1l0","-----00---","1-","-----0-0--","----------","0","2","1","0","0","2","0","0","2","0"
"280","5","forall NODE1,NODE0. ~held(NODE0) | ep_epoch0(NODE1) | ep_epoch1(NODE1) | locked_epoch2(NODE1) | locked_epoch4(NODE0) | NODE0 = NODE1","8","-----00---1------0--0-----------","6","106","15","0210020020","0210020020","e0h1l0","-----00---","1-","-----0--0-","----------","0","2","1","0","0","2","0","0","2","0"
"281","5","forall NODE1,NODE0. ~held(NODE0) | ep_epoch0(NODE1) | ep_epoch1(NODE1) | locked_epoch3(NODE0) | locked_epoch3(NODE1) | NODE0 = NODE1","8","-----00---1-------00------------","6","106","15","0210020020","0210020020","e0h1l0","-----00---","1-","------00--","----------","0","2","1","0","0","2","0","0","2","0"
"282","5","forall NODE1,NODE0. ~held(NODE0) | ep_epoch0(NODE1) | ep_epoch1(NODE1) | locked_epoch3(NODE0) | locked_epoch4(NODE0) | NODE0 = NODE1","8","-----00---1-------0-0-----------","6","106","15","0210020020","0210020020","e0h1l0","-----00---","1-","------0-0-","----------","0","2","1","0","0","2","0","0","2","0"
"283","5","forall NODE1,NODE0. ~held(NODE0) | ep_epoch0(NODE1) | ep_epoch2(NODE0) | ep_epoch3(NODE0) | ep_epoch4(NODE0) | NODE0 = NODE1","8","--0000----1---------------------","6","118","4","0410000020","0410000020","e0h1","--0000----","1-","----------","----------","0","4","1","0","0","0","0","0","2","0"
"284","5","forall NODE1,NODE0. ~held(NODE0) | ep_epoch0(NODE1) | ep_epoch2(NODE0) | ep_epoch3(NODE0) | locked_epoch4(NODE0) | NODE0 = NODE1","8","--00-0----1---------0-----------","6","113","16","0310010020","0310010020","e0h1l0","--00-0----","1-","--------0-","----------","0","3","1","0","0","1","0","0","2","0"
"285","5","forall NODE1,NODE0. ~held(NODE0) | ep_epoch0(NODE1) | ep_epoch2(NODE0) | ep_epoch3(NODE1) | locked_epoch3(NODE0) | NODE0 = NODE1","8","--0--0--0-1-------0-------------","6","113","16","0310010020","0310010020","e0h1l0","--0--0--0-","1-","------0---","----------","0","3","1","0","0","1","0","0","2","0"
"286","5","forall NODE1,NODE0. ~held(NODE0) | ep_epoch0(NODE1) | ep_epoch2(NODE0) | ep_epoch4(NODE0) | locked_epoch3(NODE0) | NODE0 = NODE1","8","--0-00----1-------0-------------","6","113","16","0310010020","0310010020","e0h1l0","--0-00----","1-","------0---","----------","0","3","1","0","0","1","0","0","2","0"
"287","5","forall NODE1,NODE0. ~held(NODE0) | ep_epoch0(NODE1) | ep_epoch2(NODE0) | locked_epoch3(NODE0) | locked_epoch3(NODE1) | NODE0 = NODE1","8","--0--0----1-------00------------","6","106","15","0210020020","0210020020","e0h1l0","--0--0----","1-","------00--","----------","0","2","1","0","0","2","0","0","2","0"
"288","5","forall NODE1,NODE0. ~held(NODE0) | ep_epoch0(NODE1) | ep_epoch2(NODE0) | locked_epoch3(NODE0) | locked_epoch4(NODE0) | NODE0 = NODE1","8","--0--0----1-------0-0-----------","6","106","15","0210020020","0210020020","e0h1l0","--0--0----","1-","------0-0-","----------","0","2","1","0","0","2","0","0","2","0"
"289","5","forall NODE1,NODE0. ~held(NODE0) | ep_epoch0(NODE1) | ep_epoch2(NODE1) | ep_epoch3(NODE1) | locked_epoch2(NODE0) | NODE0 = NODE1","8","-----0-00-1-----0---------------","6","113","16","0310010020","0310010020","e0h1l0","-----0-00-","1-","----0-----","----------","0","3","1","0","0","1","0","0","2","0"
"290","5","forall NODE1,NODE0. ~held(NODE0) | ep_epoch0(NODE1) | ep_epoch2(NODE1) | ep_epoch4(NODE0) | locked_epoch2(NODE0) | NODE0 = NODE1","8","----00-0--1-----0---------------","6","113","16","0310010020","0310010020","e0h1l0","----00-0--","1-","----0-----","----------","0","3","1","0","0","1","0","0","2","0"
"291","5","forall NODE1,NODE0. ~held(NODE0) | ep_epoch0(NODE1) | ep_epoch2(NODE1) | locked_epoch2(NODE0) | locked_epoch3(NODE1) | NODE0 = NODE1","8","-----0-0--1-----0--0------------","6","106","15","0210020020","0210020020","e0h1l0","-----0-0--","1-","----0--0--","----------","0","2","1","0","0","2","0","0","2","0"
"292","5","forall NODE1,NODE0. ~held(NODE0) | ep_epoch0(NODE1) | ep_epoch2(NODE1) | locked_epoch2(NODE0) | locked_epoch4(NODE0) | NODE0 = NODE1","8","-----0-0--1-----0---0-----------","6","106","15","0210020020","0210020020","e0h1l0","-----0-0--","1-","----0---0-","----------","0","2","1","0","0","2","0","0","2","0"
"293","5","forall NODE1,NODE0. ~held(NODE0) | ep_epoch0(NODE1) | ep_epoch3(NODE0) | ep_epoch4(NODE0) | locked_epoch2(NODE0) | NODE0 = NODE1","8","---000----1-----0---------------","6","113","16","0310010020","0310010020","e0h1l0","---000----","1-","----0-----","----------","0","3","1","0","0","1","0","0","2","0"
"294","5","forall NODE1,NODE0. ~held(NODE0) | ep_epoch0(NODE1) | ep_epoch3(NODE0) | locked_epoch2(NODE0) | locked_epoch4(NODE0) | NODE0 = NODE1","8","---0-0----1-----0---0-----------","6","106","15","0210020020","0210020020","e0h1l0","---0-0----","1-","----0---0-","----------","0","2","1","0","0","2","0","0","2","0"
"295","5","forall NODE1,NODE0. ~held(NODE0) | ep_epoch0(NODE1) | ep_epoch3(NODE1) | locked_epoch2(NODE0) | locked_epoch3(NODE0) | NODE0 = NODE1","8","-----0--0-1-----0-0-------------","6","106","15","0210020020","0210020020","e0h1l0","-----0--0-","1-","----0-0---","----------","0","2","1","0","0","2","0","0","2","0"
"296","5","forall NODE1,NODE0. ~held(NODE0) | ep_epoch0(NODE1) | ep_epoch4(NODE0) | locked_epoch2(NODE0) | locked_epoch3(NODE0) | NODE0 = NODE1","8","----00----1-----0-0-------------","6","106","15","0210020020","0210020020","e0h1l0","----00----","1-","----0-0---","----------","0","2","1","0","0","2","0","0","2","0"
"297","5","forall NODE1,NODE0. ~held(NODE0) | ep_epoch0(NODE1) | locked_epoch2(NODE0) | locked_epoch3(NODE0) | locked_epoch3(NODE1) | NODE0 = NODE1","8","-----0----1-----0-00------------","6","99","3","0110030020","0110030020","e0h1l0","-----0----","1-","----0-00--","----------","0","1","1","0","0","3","0","0","2","0"
"298","5","forall NODE1,NODE0. ~held(NODE0) | ep_epoch0(NODE1) | locked_epoch2(NODE0) | locked_epoch3(NODE0) | locked_epoch4(NODE0) | NODE0 = NODE1","8","-----0----1-----0-0-0-----------","6","99","3","0110030020","0110030020","e0h1l0","-----0----","1-","----0-0-0-","----------","0","1","1","0","0","3","0","0","2","0"
"299","5","forall NODE0. ~held(NODE0) | ep_epoch1(NODE0) | ep_epoch2(NODE0) | ep_epoch3(NODE0) | ep_epoch4(NODE0)","6","-0000-----1---------------------","5","60","1","0410000010","0410000010","e0h1","-0000-----","1-","----------","----------","0","4","1","0","0","0","0","0","1","0"
"300","5","forall NODE0. ~held(NODE0) | ep_epoch1(NODE0) | ep_epoch2(NODE0) | ep_epoch3(NODE0) | locked_epoch4(NODE0)","6","-000------1---------0-----------","5","57","3","0310010010","0310010010","e0h1l0","-000------","1-","--------0-","----------","0","3","1","0","0","1","0","0","1","0"
"301","5","forall NODE1,NODE0. ~held(NODE0) | ep_epoch1(NODE0) | ep_epoch2(NODE0) | ep_epoch3(NODE1) | locked_epoch3(NODE0) | NODE0 = NODE1","8","-00-----0-1-------0-------------","6","113","16","0310010020","0310010020","e0h1l0","-00-----0-","1-","------0---","----------","0","3","1","0","0","1","0","0","2","0"
"302","5","forall NODE0. ~held(NODE0) | ep_epoch1(NODE0) | ep_epoch2(NODE0) | ep_epoch4(NODE0) | locked_epoch3(NODE0)","6","-00-0-----1-------0-------------","5","57","3","0310010010","0310010010","e0h1l0","-00-0-----","1-","------0---","----------","0","3","1","0","0","1","0","0","1","0"
"303","5","forall NODE1,NODE0. ~held(NODE0) | ep_epoch1(NODE0) | ep_epoch2(NODE0) | locked_epoch3(NODE0) | locked_epoch3(NODE1) | NODE0 = NODE1","8","-00-------1-------00------------","6","106","15","0210020020","0210020020","e0h1l0","-00-------","1-","------00--","----------","0","2","1","0","0","2","0","0","2","0"
"304","5","forall NODE0. ~held(NODE0) | ep_epoch1(NODE0) | ep_epoch2(NODE0) | locked_epoch3(NODE0) | locked_epoch4(NODE0)","6","-00-------1-------0-0-----------","5","53","3","0210020010","0210020010","e0h1l0","-00-------","1-","------0-0-","----------","0","2","1","0","0","2","0","0","1","0"
"305","5","forall NODE1,NODE0. ~held(NODE0) | ep_epoch1(NODE0) | ep_epoch2(NODE1) | ep_epoch3(NODE1) | locked_epoch2(NODE0) | NODE0 = NODE1","8","-0-----00-1-----0---------------","6","113","16","0310010020","0310010020","e0h1l0","-0-----00-","1-","----0-----","----------","0","3","1","0","0","1","0","0","2","0"
"306","5","forall NODE1,NODE0. ~held(NODE0) | ep_epoch1(NODE0) | ep_epoch2(NODE1) | ep_epoch4(NODE0) | locked_epoch2(NODE0) | NODE0 = NODE1","8","-0--0--0--1-----0---------------","6","113","16","0310010020","0310010020","e0h1l0","-0--0--0--","1-","----0-----","----------","0","3","1","0","0","1","0","0","2","0"
"307","5","forall NODE1,NODE0. ~held(NODE0) | ep_epoch1(NODE0) | ep_epoch2(NODE1) | locked_epoch2(NODE0) | locked_epoch3(NODE1) | NODE0 = NODE1","8","-0-----0--1-----0--0------------","6","106","15","0210020020","0210020020","e0h1l0","-0-----0--","1-","----0--0--","----------","0","2","1","0","0","2","0","0","2","0"
"308","5","forall NODE1,NODE0. ~held(NODE0) | ep_epoch1(NODE0) | ep_epoch2(NODE1) | locked_epoch2(NODE0) | locked_epoch4(NODE0) | NODE0 = NODE1","8","-0-----0--1-----0---0-----------","6","106","15","0210020020","0210020020","e0h1l0","-0-----0--","1-","----0---0-","----------","0","2","1","0","0","2","0","0","2","0"
"309","5","forall NODE0. ~held(NODE0) | ep_epoch1(NODE0) | ep_epoch3(NODE0) | ep_epoch4(NODE0) | locked_epoch2(NODE0)","6","-0-00-----1-----0---------------","5","57","3","0310010010","0310010010","e0h1l0","-0-00-----","1-","----0-----","----------","0","3","1","0","0","1","0","0","1","0"
"310","5","forall NODE0. ~held(NODE0) | ep_epoch1(NODE0) | ep_epoch3(NODE0) | locked_epoch2(NODE0) | locked_epoch4(NODE0)","6","-0-0------1-----0---0-----------","5","53","3","0210020010","0210020010","e0h1l0","-0-0------","1-","----0---0-","----------","0","2","1","0","0","2","0","0","1","0"
"311","5","forall NODE1,NODE0. ~held(NODE0) | ep_epoch1(NODE0) | ep_epoch3(NODE1) | locked_epoch2(NODE0) | locked_epoch3(NODE0) | NODE0 = NODE1","8","-0------0-1-----0-0-------------","6","106","15","0210020020","0210020020","e0h1l0","-0------0-","1-","----0-0---","----------","0","2","1","0","0","2","0","0","2","0"
"312","5","forall NODE0. ~held(NODE0) | ep_epoch1(NODE0) | ep_epoch4(NODE0) | locked_epoch2(NODE0) | locked_epoch3(NODE0)","6","-0--0-----1-----0-0-------------","5","53","3","0210020010","0210020010","e0h1l0","-0--0-----","1-","----0-0---","----------","0","2","1","0","0","2","0","0","1","0"
"313","5","forall NODE1,NODE0. ~held(NODE0) | ep_epoch1(NODE0) | locked_epoch2(NODE0) | locked_epoch3(NODE0) | locked_epoch3(NODE1) | NODE0 = NODE1","8","-0--------1-----0-00------------","6","99","3","0110030020","0110030020","e0h1l0","-0--------","1-","----0-00--","----------","0","1","1","0","0","3","0","0","2","0"
"314","5","forall NODE0. ~held(NODE0) | ep_epoch1(NODE0) | locked_epoch2(NODE0) | locked_epoch3(NODE0) | locked_epoch4(NODE0)","6","-0--------1-----0-0-0-----------","5","46","1","0110030010","0110030010","e0h1l0","-0--------","1-","----0-0-0-","----------","0","1","1","0","0","3","0","0","1","0"
"315","5","forall NODE1,NODE0. ~locked_epoch2(NODE0) | ~locked_epoch3(NODE0) | ~locked_epoch4(NODE0) | ep_epoch0(NODE1) | ep_epoch1(NODE1) | NODE0 = NODE1","8","-----00---------1-1-1-----------","6","103","1","0200300020","0200300020","e0l1","-----00---","--","----1-1-1-","----------","0","2","0","0","3","0","0","0","2","0"
"316","5","forall NODE1,NODE2,NODE0. ~locked_epoch2(NODE0) | ~locked_epoch3(NODE0) | ~transfer_epoch4(NODE1) | ep_epoch0(NODE2) | ep_epoch1(NODE2) | ((NODE0 ~= NODE1 | NODE0 = NODE2) & (NODE1 ~= NODE2 | NODE0 = NODE1))","12","-----00---------1-1-----------1-","9","209","1","0200201030","0200201030","e0l1t1","-----00---","--","----1-1---","--------1-","0","2","0","0","2","0","1","0","3","0"
"317","5","forall NODE1,NODE0. ~locked_epoch2(NODE0) | ~locked_epoch3(NODE0) | ep_epoch0(NODE1) | ep_epoch1(NODE1) | ep_epoch3(NODE0) | NODE0 = NODE1","8","---0-00---------1-1-------------","6","111","4","0300200020","0300200020","e0l1","---0-00---","--","----1-1---","----------","0","3","0","0","2","0","0","0","2","0"
"318","5","forall NODE1,NODE0. ~locked_epoch2(NODE0) | ~locked_epoch3(NODE0) | ep_epoch0(NODE1) | ep_epoch1(NODE1) | ep_epoch4(NODE1) | NODE0 = NODE1","8","-----00--0------1-1-------------","6","111","4","0300200020","0300200020","e0l1","-----00--0","--","----1-1---","----------","0","3","0","0","2","0","0","0","2","0"
"319","5","forall NODE1,NODE0. ~locked_epoch2(NODE0) | ~locked_epoch3(NODE0) | ep_epoch0(NODE1) | ep_epoch1(NODE1) | held(NODE1) | NODE0 = NODE1","8","-----00----0----1-1-------------","6","105","1","0201200020","0201200020","e0h0l1","-----00---","-0","----1-1---","----------","0","2","0","1","2","0","0","0","2","0"
"320","5","forall NODE1,NODE0. ~locked_epoch2(NODE0) | ~locked_epoch3(NODE0) | ep_epoch0(NODE1) | ep_epoch1(NODE1) | locked_epoch4(NODE1) | NODE0 = NODE1","8","-----00---------1-1--0----------","6","102","3","0200210020","0200210020","e0l1l0","-----00---","--","----1-1--0","----------","0","2","0","0","2","1","0","0","2","0"
"321","5","forall NODE1,NODE0. ~locked_epoch2(NODE0) | ~locked_epoch4(NODE0) | ep_epoch0(NODE1) | ep_epoch1(NODE1) | ep_epoch3(NODE1) | NODE0 = NODE1","8","-----00-0-------1---1-----------","6","111","4","0300200020","0300200020","e0l1","-----00-0-","--","----1---1-","----------","0","3","0","0","2","0","0","0","2","0"
"322","5","forall NODE1,NODE0. ~locked_epoch2(NODE0) | ~locked_epoch4(NODE0) | ep_epoch0(NODE1) | ep_epoch1(NODE1) | locked_epoch3(NODE1) | NODE0 = NODE1","8","-----00---------1--01-----------","6","102","3","0200210020","0200210020","e0l1l0","-----00---","--","----1--01-","----------","0","2","0","0","2","1","0","0","2","0"
"323","5","forall NODE1,NODE2,NODE0. ~locked_epoch2(NODE0) | ~transfer_epoch4(NODE1) | ep_epoch0(NODE2) | ep_epoch1(NODE2) | ep_epoch2(NODE0) | ((NODE0 ~= NODE1 | NODE0 = NODE2) & (NODE1 ~= NODE2 | NODE0 = NODE1))","12","--0--00---------1-------------1-","9","212","3","0300101030","0300101030","e0l1t1","--0--00---","--","----1-----","--------1-","0","3","0","0","1","0","1","0","3","0"
"324","5","forall NODE1,NODE2,NODE0. ~locked_epoch2(NODE0) | ~transfer_epoch4(NODE1) | ep_epoch0(NODE2) | ep_epoch1(NODE2) | ep_epoch3(NODE2) | ((NODE0 ~= NODE1 | NODE0 = NODE2) & (NODE1 ~= NODE2 | NODE0 = NODE1))","12","-----00-0-------1-------------1-","9","212","3","0300101030","0300101030","e0l1t1","-----00-0-","--","----1-----","--------1-","0","3","0","0","1","0","1","0","3","0"
"325","5","forall NODE1,NODE2,NODE0. ~locked_epoch2(NODE0) | ~transfer_epoch4(NODE1) | ep_epoch0(NODE2) | ep_epoch1(NODE2) | locked_epoch3(NODE2) | ((NODE0 ~= NODE1 | NODE0 = NODE2) & (NODE1 ~= NODE2 | NODE0 = NODE1))","12","-----00---------1--0----------1-","9","208","2","0200111030","0200111030","e0l1l0t1","-----00---","--","----1--0--","--------1-","0","2","0","0","1","1","1","0","3","0"
"326","5","forall NODE1,NODE0. ~locked_epoch2(NODE0) | ep_epoch0(NODE1) | ep_epoch1(NODE1) | ep_epoch3(NODE0) | locked_epoch3(NODE1) | NODE0 = NODE1","8","---0-00---------1--0------------","6","110","8","0300110020","0300110020","e0l1l0","---0-00---","--","----1--0--","----------","0","3","0","0","1","1","0","0","2","0"
"327","5","forall NODE1,NODE0. ~locked_epoch2(NODE0) | ep_epoch0(NODE1) | ep_epoch1(NODE1) | ep_epoch3(NODE1) | ep_epoch4(NODE1) | NODE0 = NODE1","8","-----00-00------1---------------","6","117","4","0400100020","0400100020","e0l1","-----00-00","--","----1-----","----------","0","4","0","0","1","0","0","0","2","0"
"328","5","forall NODE1,NODE0. ~locked_epoch2(NODE0) | ep_epoch0(NODE1) | ep_epoch1(NODE1) | ep_epoch3(NODE1) | held(NODE1) | NODE0 = NODE1","8","-----00-0--0----1---------------","6","112","2","0301100020","0301100020","e0h0l1","-----00-0-","-0","----1-----","----------","0","3","0","1","1","0","0","0","2","0"
"329","5","forall NODE1,NODE0. ~locked_epoch2(NODE0) | ep_epoch0(NODE1) | ep_epoch1(NODE1) | ep_epoch3(NODE1) | locked_epoch4(NODE1) | NODE0 = NODE1","8","-----00-0-------1----0----------","6","110","8","0300110020","0300110020","e0l1l0","-----00-0-","--","----1----0","----------","0","3","0","0","1","1","0","0","2","0"
"330","5","forall NODE1,NODE0. ~locked_epoch2(NODE0) | ep_epoch0(NODE1) | ep_epoch1(NODE1) | ep_epoch4(NODE1) | locked_epoch3(NODE1) | NODE0 = NODE1","8","-----00--0------1--0------------","6","110","8","0300110020","0300110020","e0l1l0","-----00--0","--","----1--0--","----------","0","3","0","0","1","1","0","0","2","0"
"331","5","forall NODE1,NODE0. ~locked_epoch2(NODE0) | ep_epoch0(NODE1) | ep_epoch1(NODE1) | held(NODE1) | locked_epoch3(NODE1) | NODE0 = NODE1","8","-----00----0----1--0------------","6","104","2","0201110020","0201110020","e0h0l1l0","-----00---","-0","----1--0--","----------","0","2","0","1","1","1","0","0","2","0"
"332","5","forall NODE1,NODE0. ~locked_epoch2(NODE0) | ep_epoch0(NODE1) | ep_epoch1(NODE1) | locked_epoch3(NODE0) | locked_epoch3(NODE1) | NODE0 = NODE1","8","-----00---------1-00------------","6","101","4","0200120020","0200120020","e0l1l0","-----00---","--","----1-00--","----------","0","2","0","0","1","2","0","0","2","0"
"333","5","forall NODE1,NODE0. ~locked_epoch2(NODE0) | ep_epoch0(NODE1) | ep_epoch1(NODE1) | locked_epoch3(NODE1) | locked_epoch4(NODE1) | NODE0 = NODE1","8","-----00---------1--0-0----------","6","101","4","0200120020","0200120020","e0l1l0","-----00---","--","----1--0-0","----------","0","2","0","0","1","2","0","0","2","0"
"334","5","forall NODE1,NODE0. ~locked_epoch3(NODE0) | ~locked_epoch4(NODE0) | ep_epoch0(NODE1) | ep_epoch1(NODE1) | ep_epoch2(NODE1) | NODE0 = NODE1","8","-----000----------1-1-----------","6","111","4","0300200020","0300200020","e0l1","-----000--","--","------1-1-","----------","0","3","0","0","2","0","0","0","2","0"
"335","5","forall NODE1,NODE0. ~locked_epoch3(NODE0) | ~locked_epoch4(NODE0) | ep_epoch0(NODE1) | ep_epoch1(NODE1) | locked_epoch2(NODE1) | NODE0 = NODE1","8","-----00----------01-1-----------","6","102","3","0200210020","0200210020","e0l1l0","-----00---","--","-----01-1-","----------","0","2","0","0","2","1","0","0","2","0"
"336","5","forall NODE1,NODE2,NODE0. ~locked_epoch3(NODE0) | ~transfer_epoch4(NODE1) | ep_epoch0(NODE2) | ep_epoch1(NODE2) | ep_epoch2(NODE2) | ((NODE1 ~= NODE2 | NODE0 = NODE1) & (NODE0 ~= NODE1 | NODE0 = NODE2))","12","-----000----------1-----------1-","9","212","3","0300101030","0300101030","e0l1t1","-----000--","--","------1---","--------1-","0","3","0","0","1","0","1","0","3","0"
"337","5","forall NODE1,NODE2,NODE0. ~locked_epoch3(NODE0) | ~transfer_epoch4(NODE1) | ep_epoch0(NODE2) | ep_epoch1(NODE2) | locked_epoch2(NODE2) | ((NODE0 ~= NODE1 | NODE0 = NODE2) & (NODE1 ~= NODE2 | NODE0 = NODE1))","12","-----00----------01-----------1-","9","208","2","0200111030","0200111030","e0l1l0t1","-----00---","--","-----01---","--------1-","0","2","0","0","1","1","1","0","3","0"
"338","5","forall NODE1,NODE0. ~locked_epoch3(NODE0) | ep_epoch0(NODE1) | ep_epoch1(NODE1) | ep_epoch2(NODE1) | ep_epoch3(NODE0) | NODE0 = NODE1","8","---0-000----------1-------------","6","117","4","0400100020","0400100020","e0l1","---0-000--","--","------1---","----------","0","4","0","0","1","0","0","0","2","0"
"339","5","forall NODE1,NODE0. ~locked_epoch3(NODE0) | ep_epoch0(NODE1) | ep_epoch1(NODE1) | ep_epoch2(NODE1) | ep_epoch4(NODE1) | NODE0 = NODE1","8","-----000-0--------1-------------","6","117","4","0400100020","0400100020","e0l1","-----000-0","--","------1---","----------","0","4","0","0","1","0","0","0","2","0"
"340","5","forall NODE1,NODE0. ~locked_epoch3(NODE0) | ep_epoch0(NODE1) | ep_epoch1(NODE1) | ep_epoch2(NODE1) | held(NODE1) | NODE0 = NODE1","8","-----000---0------1-------------","6","112","2","0301100020","0301100020","e0h0l1","-----000--","-0","------1---","----------","0","3","0","1","1","0","0","0","2","0"
"341","5","forall NODE1,NODE0. ~locked_epoch3(NODE0) | ep_epoch0(NODE1) | ep_epoch1(NODE1) | ep_epoch2(NODE1) | locked_epoch4(NODE1) | NODE0 = NODE1","8","-----000----------1--0----------","6","110","8","0300110020","0300110020","e0l1l0","-----000--","--","------1--0","----------","0","3","0","0","1","1","0","0","2","0"
"342","5","forall NODE1,NODE0. ~locked_epoch3(NODE0) | ep_epoch0(NODE1) | ep_epoch1(NODE1) | ep_epoch3(NODE0) | locked_epoch2(NODE1) | NODE0 = NODE1","8","---0-00----------01-------------","6","110","8","0300110020","0300110020","e0l1l0","---0-00---","--","-----01---","----------","0","3","0","0","1","1","0","0","2","0"
"343","5","forall NODE1,NODE0. ~locked_epoch3(NODE0) | ep_epoch0(NODE1) | ep_epoch1(NODE1) | ep_epoch4(NODE1) | locked_epoch2(NODE1) | NODE0 = NODE1","8","-----00--0-------01-------------","6","110","8","0300110020","0300110020","e0l1l0","-----00--0","--","-----01---","----------","0","3","0","0","1","1","0","0","2","0"
"344","5","forall NODE1,NODE0. ~locked_epoch3(NODE0) | ep_epoch0(NODE1) | ep_epoch1(NODE1) | held(NODE1) | locked_epoch2(NODE1) | NODE0 = NODE1","8","-----00----0-----01-------------","6","104","2","0201110020","0201110020","e0h0l1l0","-----00---","-0","-----01---","----------","0","2","0","1","1","1","0","0","2","0"
"345","5","forall NODE1,NODE0. ~locked_epoch3(NODE0) | ep_epoch0(NODE1) | ep_epoch1(NODE1) | locked_epoch2(NODE1) | locked_epoch4(NODE1) | NODE0 = NODE1","8","-----00----------01--0----------","6","101","4","0200120020","0200120020","e0l1l0","-----00---","--","-----01--0","----------","0","2","0","0","1","2","0","0","2","0"
"346","5","forall NODE1,NODE0. ~locked_epoch3(NODE0) | ep_epoch4(NODE1) | held(NODE0) | transfer_epoch4(NODE0) | transfer_epoch4(NODE1) | NODE0 = NODE1","8","---------00-------1-----------00","6","98","1","0101100220","0101100220","e0h0l1t0","---------0","0-","------1---","--------00","0","1","0","1","1","0","0","2","2","0"
"347","5","forall NODE1,NODE0. ~locked_epoch3(NODE0) | held(NODE0) | held(NODE1) | transfer_epoch4(NODE0) | transfer_epoch4(NODE1) | NODE0 = NODE1","8","----------00------1-----------00","6","97","1","0002100220","0002100220","h0l1t0","----------","00","------1---","--------00","0","0","0","2","1","0","0","2","2","0"
"348","5","forall NODE1,NODE0. ~locked_epoch3(NODE0) | held(NODE0) | locked_epoch4(NODE1) | transfer_epoch4(NODE0) | transfer_epoch4(NODE1) | NODE0 = NODE1","8","----------0-------1--0--------00","6","96","1","0001110220","0001110220","h0l1l0t0","----------","0-","------1--0","--------00","0","0","0","1","1","1","0","2","2","0"
"349","5","forall NODE1,NODE0. ~locked_epoch4(NODE0) | ep_epoch0(NODE1) | ep_epoch1(NODE1) | ep_epoch2(NODE1) | ep_epoch3(NODE1) | NODE0 = NODE1","8","-----0000-----------1-----------","6","117","4","0400100020","0400100020","e0l1","-----0000-","--","--------1-","----------","0","4","0","0","1","0","0","0","2","0"
"350","5","forall NODE1,NODE0. ~locked_epoch4(NODE0) | ep_epoch0(NODE1) | ep_epoch1(NODE1) | ep_epoch2(NODE1) | locked_epoch3(NODE1) | NODE0 = NODE1","8","-----000-----------01-----------","6","110","8","0300110020","0300110020","e0l1l0","-----000--","--","-------01-","----------","0","3","0","0","1","1","0","0","2","0"
"351","5","forall NODE1,NODE0. ~locked_epoch4(NODE0) | ep_epoch0(NODE1) | ep_epoch1(NODE1) | ep_epoch3(NODE1) | locked_epoch2(NODE1) | NODE0 = NODE1","8","-----00-0--------0--1-----------","6","110","8","0300110020","0300110020","e0l1l0","-----00-0-","--","-----0--1-","----------","0","3","0","0","1","1","0","0","2","0"
"352","5","forall NODE1,NODE0. ~locked_epoch4(NODE0) | ep_epoch0(NODE1) | ep_epoch1(NODE1) | locked_epoch2(NODE1) | locked_epoch3(NODE1) | NODE0 = NODE1","8","-----00----------0-01-----------","6","101","4","0200120020","0200120020","e0l1l0","-----00---","--","-----0-01-","----------","0","2","0","0","1","2","0","0","2","0"
"353","5","forall NODE1,NODE0. ~transfer_epoch3(NODE0) | ep_epoch0(NODE0) | ep_epoch0(NODE1) | ep_epoch1(NODE0) | ep_epoch1(NODE1) | NODE0 = NODE1","8","00---00---------------------1---","6","115","2","0400001020","0400001020","e0t1","00---00---","--","----------","------1---","0","4","0","0","0","0","1","0","2","0"
"354","5","forall NODE1,NODE0. ~transfer_epoch4(NODE0) | ep_epoch0(NODE1) | ep_epoch1(NODE1) | ep_epoch2(NODE1) | ep_epoch3(NODE1)","7","0000--------------------------1-","5","115","2","0400001020","0400001020","e0t1","0000------","--","----------","--------1-","0","4","0","0","0","0","1","0","2","0"
"355","5","forall NODE1,NODE0. ~transfer_epoch4(NODE0) | ep_epoch0(NODE1) | ep_epoch1(NODE1) | ep_epoch2(NODE1) | locked_epoch3(NODE1)","7","000---------------0-----------1-","5","85","2","0300011020","0300011020","e0l0t1","000-------","--","------0---","--------1-","0","3","0","0","0","1","1","0","2","0"
"356","5","forall NODE1,NODE2,NODE0. ~transfer_epoch4(NODE0) | ep_epoch0(NODE1) | ep_epoch1(NODE1) | ep_epoch2(NODE2) | locked_epoch2(NODE1) | ((NODE0 ~= NODE2 | NODE0 = NODE1) & (NODE0 ~= NODE1 | NODE0 = NODE2))","12","00-----0--------0-------------1-","9","211","1","0300011030","0300011030","e0l0t1","00-----0--","--","----0-----","--------1-","0","3","0","0","0","1","1","0","3","0"
"357","5","forall NODE1,NODE0. ~transfer_epoch4(NODE0) | ep_epoch0(NODE1) | ep_epoch1(NODE1) | ep_epoch3(NODE1) | locked_epoch2(NODE1)","7","00-0------------0-------------1-","5","85","2","0300011020","0300011020","e0l0t1","00-0------","--","----0-----","--------1-","0","3","0","0","0","1","1","0","2","0"
"358","5","forall NODE1,NODE0. ~transfer_epoch4(NODE0) | ep_epoch0(NODE1) | ep_epoch1(NODE1) | locked_epoch2(NODE1) | locked_epoch3(NODE1)","7","00--------------0-0-----------1-","5","81","1","0200021020","0200021020","e0l0t1","00--------","--","----0-0---","--------1-","0","2","0","0","0","2","1","0","2","0"
"359","5","forall NODE0. ep_epoch0(NODE0) | ep_epoch1(NODE0) | ep_epoch2(NODE0) | ep_epoch3(NODE0) | ep_epoch4(NODE0)","6","00000---------------------------","5","61","1","0500000010","0500000010","e0","00000-----","--","----------","----------","0","5","0","0","0","0","0","0","1","0"
"360","5","forall NODE0. ep_epoch0(NODE0) | ep_epoch1(NODE0) | ep_epoch2(NODE0) | ep_epoch3(NODE0) | held(NODE0)","6","0000------0---------------------","5","59","1","0401000010","0401000010","e0h0","0000------","0-","----------","----------","0","4","0","1","0","0","0","0","1","0"
"361","5","forall NODE0. ep_epoch0(NODE0) | ep_epoch1(NODE0) | ep_epoch2(NODE0) | ep_epoch3(NODE0) | locked_epoch4(NODE0)","6","0000----------------0-----------","5","58","3","0400010010","0400010010","e0l0","0000------","--","--------0-","----------","0","4","0","0","0","1","0","0","1","0"
"362","5","forall NODE1,NODE0. ep_epoch0(NODE0) | ep_epoch1(NODE0) | ep_epoch2(NODE0) | ep_epoch3(NODE1) | locked_epoch3(NODE0) | NODE0 = NODE1","8","000-----0---------0-------------","6","116","1","0400010020","0400010020","e0l0","000-----0-","--","------0---","----------","0","4","0","0","0","1","0","0","2","0"
"363","5","forall NODE0. ep_epoch0(NODE0) | ep_epoch1(NODE0) | ep_epoch2(NODE0) | ep_epoch4(NODE0) | locked_epoch3(NODE0)","6","000-0-------------0-------------","5","58","3","0400010010","0400010010","e0l0","000-0-----","--","------0---","----------","0","4","0","0","0","1","0","0","1","0"
"364","5","forall NODE0. ep_epoch0(NODE0) | ep_epoch1(NODE0) | ep_epoch2(NODE0) | held(NODE0) | locked_epoch3(NODE0)","6","000-------0-------0-------------","5","56","2","0301010010","0301010010","e0h0l0","000-------","0-","------0---","----------","0","3","0","1","0","1","0","0","1","0"
"365","5","forall NODE1,NODE0. ep_epoch0(NODE0) | ep_epoch1(NODE0) | ep_epoch2(NODE0) | locked_epoch3(NODE0) | locked_epoch3(NODE1) | NODE0 = NODE1","8","000---------------00------------","6","109","2","0300020020","0300020020","e0l0","000-------","--","------00--","----------","0","3","0","0","0","2","0","0","2","0"
"366","5","forall NODE0. ep_epoch0(NODE0) | ep_epoch1(NODE0) | ep_epoch2(NODE0) | locked_epoch3(NODE0) | locked_epoch4(NODE0)","6","000---------------0-0-----------","5","55","3","0300020010","0300020010","e0l0","000-------","--","------0-0-","----------","0","3","0","0","0","2","0","0","1","0"
"367","5","forall NODE0. ep_epoch0(NODE0) | ep_epoch1(NODE0) | ep_epoch3(NODE0) | ep_epoch4(NODE0) | locked_epoch2(NODE0)","6","00-00-----------0---------------","5","58","3","0400010010","0400010010","e0l0","00-00-----","--","----0-----","----------","0","4","0","0","0","1","0","0","1","0"
"368","5","forall NODE0. ep_epoch0(NODE0) | ep_epoch1(NODE0) | ep_epoch3(NODE0) | held(NODE0) | locked_epoch2(NODE0)","6","00-0------0-----0---------------","5","56","2","0301010010","0301010010","e0h0l0","00-0------","0-","----0-----","----------","0","3","0","1","0","1","0","0","1","0"
"369","5","forall NODE0. ep_epoch0(NODE0) | ep_epoch1(NODE0) | ep_epoch3(NODE0) | locked_epoch2(NODE0) | locked_epoch4(NODE0)","6","00-0------------0---0-----------","5","55","3","0300020010","0300020010","e0l0","00-0------","--","----0---0-","----------","0","3","0","0","0","2","0","0","1","0"
"370","5","forall NODE1,NODE0. ep_epoch0(NODE0) | ep_epoch1(NODE0) | ep_epoch3(NODE1) | locked_epoch2(NODE0) | locked_epoch3(NODE0) | NODE0 = NODE1","8","00------0-------0-0-------------","6","109","2","0300020020","0300020020","e0l0","00------0-","--","----0-0---","----------","0","3","0","0","0","2","0","0","2","0"
"371","5","forall NODE0. ep_epoch0(NODE0) | ep_epoch1(NODE0) | ep_epoch4(NODE0) | locked_epoch2(NODE0) | locked_epoch3(NODE0)","6","00--0-----------0-0-------------","5","55","3","0300020010","0300020010","e0l0","00--0-----","--","----0-0---","----------","0","3","0","0","0","2","0","0","1","0"
"372","5","forall NODE0. ep_epoch0(NODE0) | ep_epoch1(NODE0) | held(NODE0) | locked_epoch2(NODE0) | locked_epoch3(NODE0)","6","00--------0-----0-0-------------","5","52","1","0201020010","0201020010","e0h0l0","00--------","0-","----0-0---","----------","0","2","0","1","0","2","0","0","1","0"
"373","5","forall NODE1,NODE0. ep_epoch0(NODE0) | ep_epoch1(NODE0) | locked_epoch2(NODE0) | locked_epoch3(NODE0) | locked_epoch3(NODE1) | NODE0 = NODE1","8","00--------------0-00------------","6","100","1","0200030020","0200030020","e0l0","00--------","--","----0-00--","----------","0","2","0","0","0","3","0","0","2","0"
"374","5","forall NODE0. ep_epoch0(NODE0) | ep_epoch1(NODE0) | locked_epoch2(NODE0) | locked_epoch3(NODE0) | locked_epoch4(NODE0)","6","00--------------0-0-0-----------","5","50","1","0200030010","0200030010","e0l0","00--------","--","----0-0-0-","----------","0","2","0","0","0","3","0","0","1","0"
"375","6","forall NODE1,NODE0. ~ep_epoch0(NODE0) | ~locked_epoch2(NODE1) | ep_epoch2(NODE1) | held(NODE1) | transfer_epoch4(NODE0) | transfer_epoch4(NODE1) | NODE0 = NODE1","9","1------0---0-----1------------00","7","152","4","1101100220","1101100220","e1e0h0l1t0","1------0--","-0","-----1----","--------00","1","1","0","1","1","0","0","2","2","0"
"376","6","forall NODE1,NODE0. ~ep_epoch0(NODE0) | ~locked_epoch2(NODE1) | ep_epoch3(NODE1) | held(NODE1) | transfer_epoch3(NODE0) | transfer_epoch3(NODE1) | NODE0 = NODE1","9","1-------0--0-----1----------00--","7","152","4","1101100220","1101100220","e1e0h0l1t0","1-------0-","-0","-----1----","------00--","1","1","0","1","1","0","0","2","2","0"
"377","6","forall NODE1,NODE0. ~ep_epoch0(NODE0) | ~locked_epoch2(NODE1) | held(NODE1) | locked_epoch3(NODE1) | transfer_epoch3(NODE0) | transfer_epoch3(NODE1) | NODE0 = NODE1","9","1----------0-----1-0--------00--","7","150","2","1001110220","1001110220","e1h0l1l0t0","1---------","-0","-----1-0--","------00--","1","0","0","1","1","1","0","2","2","0"
"378","6","forall NODE1,NODE0. ~ep_epoch0(NODE0) | ep_epoch1(NODE1) | ep_epoch2(NODE1) | held(NODE1) | transfer_epoch4(NODE0) | transfer_epoch4(NODE1) | NODE0 = NODE1","9","1-----00---0------------------00","7","154","7","1201000220","1201000220","e1e0h0t0","1-----00--","-0","----------","--------00","1","2","0","1","0","0","0","2","2","0"
"379","6","forall NODE1,NODE0. ~ep_epoch0(NODE0) | ep_epoch1(NODE1) | ep_epoch3(NODE1) | held(NODE1) | transfer_epoch3(NODE0) | transfer_epoch3(NODE1) | NODE0 = NODE1","9","1-----0-0--0----------------00--","7","154","7","1201000220","1201000220","e1e0h0t0","1-----0-0-","-0","----------","------00--","1","2","0","1","0","0","0","2","2","0"
"380","6","forall NODE1,NODE0. ~ep_epoch0(NODE0) | ep_epoch1(NODE1) | held(NODE1) | locked_epoch3(NODE1) | transfer_epoch3(NODE0) | transfer_epoch3(NODE1) | NODE0 = NODE1","9","1-----0----0-------0--------00--","7","151","5","1101010220","1101010220","e1e0h0l0t0","1-----0---","-0","-------0--","------00--","1","1","0","1","0","1","0","2","2","0"
"381","6","forall NODE1,NODE0. ~ep_epoch0(NODE0) | ep_epoch2(NODE1) | ep_epoch3(NODE1) | held(NODE1) | transfer_epoch2(NODE0) | transfer_epoch2(NODE1) | NODE0 = NODE1","9","1------00--0--------------00----","7","154","7","1201000220","1201000220","e1e0h0t0","1------00-","-0","----------","----00----","1","2","0","1","0","0","0","2","2","0"
"382","6","forall NODE1,NODE0. ~ep_epoch0(NODE0) | ep_epoch2(NODE1) | held(NODE1) | locked_epoch3(NODE1) | transfer_epoch2(NODE0) | transfer_epoch2(NODE1) | NODE0 = NODE1","9","1------0---0-------0------00----","7","151","5","1101010220","1101010220","e1e0h0l0t0","1------0--","-0","-------0--","----00----","1","1","0","1","0","1","0","2","2","0"
"383","6","forall NODE1,NODE0. ~ep_epoch1(NODE0) | ~locked_epoch2(NODE1) | ep_epoch2(NODE1) | held(NODE1) | transfer_epoch4(NODE0) | transfer_epoch4(NODE1) | NODE0 = NODE1","9","-1-----0---0-----1------------00","7","152","4","1101100220","1101100220","e1e0h0l1t0","-1-----0--","-0","-----1----","--------00","1","1","0","1","1","0","0","2","2","0"
"384","6","forall NODE1,NODE0. ~ep_epoch1(NODE0) | ~locked_epoch2(NODE1) | ep_epoch3(NODE1) | held(NODE1) | transfer_epoch3(NODE0) | transfer_epoch3(NODE1) | NODE0 = NODE1","9","-1------0--0-----1----------00--","7","152","4","1101100220","1101100220","e1e0h0l1t0","-1------0-","-0","-----1----","------00--","1","1","0","1","1","0","0","2","2","0"
"385","6","forall NODE1,NODE0. ~ep_epoch1(NODE0) | ~locked_epoch2(NODE1) | held(NODE1) | locked_epoch3(NODE1) | transfer_epoch3(NODE0) | transfer_epoch3(NODE1) | NODE0 = NODE1","9","-1---------0-----1-0--------00--","7","150","2","1001110220","1001110220","e1h0l1l0t0","-1--------","-0","-----1-0--","------00--","1","0","0","1","1","1","0","2","2","0"
"386","6","forall NODE1,NODE0. ~ep_epoch1(NODE0) | ep_epoch0(NODE1) | ep_epoch2(NODE1) | held(NODE1) | transfer_epoch4(NODE0) | transfer_epoch4(NODE1) | NODE0 = NODE1","9","-1---0-0---0------------------00","7","154","7","1201000220","1201000220","e1e0h0t0","-1---0-0--","-0","----------","--------00","1","2","0","1","0","0","0","2","2","0"
"387","6","forall NODE1,NODE0. ~ep_epoch1(NODE0) | ep_epoch0(NODE1) | ep_epoch3(NODE1) | held(NODE1) | transfer_epoch3(NODE0) | transfer_epoch3(NODE1) | NODE0 = NODE1","9","-1---0--0--0----------------00--","7","154","7","1201000220","1201000220","e1e0h0t0","-1---0--0-","-0","----------","------00--","1","2","0","1","0","0","0","2","2","0"
"388","6","forall NODE1,NODE0. ~ep_epoch1(NODE0) | ep_epoch0(NODE1) | held(NODE1) | locked_epoch3(NODE1) | transfer_epoch3(NODE0) | transfer_epoch3(NODE1) | NODE0 = NODE1","9","-1---0-----0-------0--------00--","7","151","5","1101010220","1101010220","e1e0h0l0t0","-1---0----","-0","-------0--","------00--","1","1","0","1","0","1","0","2","2","0"
"389","6","forall NODE1,NODE0. ~ep_epoch1(NODE0) | ep_epoch2(NODE1) | held(NODE0) | locked_epoch3(NODE1) | transfer_epoch2(NODE0) | transfer_epoch2(NODE1) | NODE0 = NODE1","9","-1-----0--0--------0------00----","7","151","5","1101010220","1101010220","e1e0h0l0t0","-1-----0--","0-","-------0--","----00----","1","1","0","1","0","1","0","2","2","0"
"390","6","forall NODE1,NODE0. ~ep_epoch2(NODE0) | ep_epoch0(NODE1) | ep_epoch1(NODE1) | held(NODE1) | transfer_epoch4(NODE0) | transfer_epoch4(NODE1) | NODE0 = NODE1","9","--1--00----0------------------00","7","154","7","1201000220","1201000220","e1e0h0t0","--1--00---","-0","----------","--------00","1","2","0","1","0","0","0","2","2","0"
"391","6","forall NODE1,NODE0. ~ep_epoch2(NODE0) | ep_epoch3(NODE1) | ep_epoch4(NODE1) | held(NODE0) | transfer_epoch3(NODE0) | transfer_epoch3(NODE1) | NODE0 = NODE1","9","--1-----000-----------------00--","7","154","7","1201000220","1201000220","e1e0h0t0","--1-----00","0-","----------","------00--","1","2","0","1","0","0","0","2","2","0"
"392","6","forall NODE1,NODE0. ~ep_epoch2(NODE0) | ep_epoch3(NODE1) | held(NODE0) | held(NODE1) | transfer_epoch3(NODE0) | transfer_epoch3(NODE1) | NODE0 = NODE1","9","--1-----0-00----------------00--","7","153","1","1102000220","1102000220","e1e0h0t0","--1-----0-","00","----------","------00--","1","1","0","2","0","0","0","2","2","0"
"393","6","forall NODE1,NODE0. ~ep_epoch2(NODE0) | ep_epoch3(NODE1) | held(NODE0) | locked_epoch4(NODE1) | transfer_epoch3(NODE0) | transfer_epoch3(NODE1) | NODE0 = NODE1","9","--1-----0-0----------0------00--","7","151","5","1101010220","1101010220","e1e0h0l0t0","--1-----0-","0-","---------0","------00--","1","1","0","1","0","1","0","2","2","0"
"394","6","forall NODE1,NODE0. ~locked_epoch2(NODE0) | ep_epoch0(NODE1) | ep_epoch1(NODE1) | ep_epoch2(NODE0) | ep_epoch3(NODE0) | ep_epoch3(NODE1) | NODE0 = NODE1","9","--00-00-0-------1---------------","7","149","2","0500100020","0500100020","e0l1","--00-00-0-","--","----1-----","----------","0","5","0","0","1","0","0","0","2","0"
"395","6","forall NODE1,NODE0. ~locked_epoch2(NODE0) | ep_epoch0(NODE1) | ep_epoch1(NODE1) | ep_epoch2(NODE0) | ep_epoch4(NODE0) | ep_epoch4(NODE1) | NODE0 = NODE1","9","--0-000--0------1---------------","7","149","2","0500100020","0500100020","e0l1","--0-000--0","--","----1-----","----------","0","5","0","0","1","0","0","0","2","0"
"396","6","forall NODE1,NODE2,NODE0,NODE3. ~locked_epoch2(NODE0) | ep_epoch0(NODE1) | ep_epoch1(NODE1) | ep_epoch2(NODE0) | ep_epoch4(NODE2) | held(NODE3) | ((NODE0 ~= NODE2 | NODE1 ~= NODE3 | NODE0 = NODE1) & (NODE0 ~= NODE3 | NODE1 ~= NODE2 | NODE0 = NODE1))","16","--0-000----0----1---------------","12","235","1","0401100040","0401100040","e0h0l1","--0-000---","-0","----1-----","----------","0","4","0","1","1","0","0","0","4","0"
"397","6","forall NODE1,NODE2,NODE0,NODE3. ~locked_epoch2(NODE0) | ep_epoch0(NODE1) | ep_epoch1(NODE1) | ep_epoch2(NODE0) | ep_epoch4(NODE2) | locked_epoch4(NODE3) | ((NODE0 ~= NODE3 | NODE1 ~= NODE2 | NODE0 = NODE1) & (NODE0 ~= NODE2 | NODE1 ~= NODE3 | NODE0 = NODE1))","16","--0-000---------1----0----------","12","233","1","0400110040","0400110040","e0l1l0","--0-000---","--","----1----0","----------","0","4","0","0","1","1","0","0","4","0"
"398","6","forall NODE1,NODE0. ~locked_epoch2(NODE0) | ep_epoch0(NODE1) | ep_epoch1(NODE1) | ep_epoch2(NODE0) | held(NODE0) | held(NODE1) | NODE0 = NODE1","9","--0--00---00----1---------------","7","145","1","0302100020","0302100020","e0h0l1","--0--00---","00","----1-----","----------","0","3","0","2","1","0","0","0","2","0"
"399","6","forall NODE1,NODE2,NODE0,NODE3. ~locked_epoch2(NODE0) | ep_epoch0(NODE1) | ep_epoch1(NODE1) | ep_epoch2(NODE0) | held(NODE2) | locked_epoch4(NODE3) | ((NODE0 ~= NODE3 | NODE1 ~= NODE2 | NODE0 = NODE1) & (NODE0 ~= NODE2 | NODE1 ~= NODE3 | NODE0 = NODE1))","16","--0--00---0-----1----0----------","12","231","1","0301110040","0301110040","e0h0l1l0","--0--00---","0-","----1----0","----------","0","3","0","1","1","1","0","0","4","0"
"400","6","forall NODE1,NODE0. ~locked_epoch2(NODE0) | ep_epoch0(NODE1) | ep_epoch1(NODE1) | ep_epoch2(NODE0) | locked_epoch4(NODE0) | locked_epoch4(NODE1) | NODE0 = NODE1","9","--0--00---------1---00----------","7","142","1","0300120020","0300120020","e0l1l0","--0--00---","--","----1---00","----------","0","3","0","0","1","2","0","0","2","0"
"401","6","forall NODE1,NODE0. ~locked_epoch2(NODE0) | ep_epoch2(NODE0) | ep_epoch4(NODE1) | held(NODE0) | transfer_epoch4(NODE0) | transfer_epoch4(NODE1) | NODE0 = NODE1","9","--0------00-----1-------------00","7","140","1","0201100220","0201100220","e0h0l1t0","--0------0","0-","----1-----","--------00","0","2","0","1","1","0","0","2","2","0"
"402","6","forall NODE1,NODE0. ~locked_epoch2(NODE0) | ep_epoch2(NODE0) | held(NODE0) | held(NODE1) | transfer_epoch4(NODE0) | transfer_epoch4(NODE1) | NODE0 = NODE1","9","--0-------00----1-------------00","7","139","1","0102100220","0102100220","e0h0l1t0","--0-------","00","----1-----","--------00","0","1","0","2","1","0","0","2","2","0"
"403","6","forall NODE1,NODE0. ~locked_epoch2(NODE0) | ep_epoch2(NODE0) | held(NODE0) | locked_epoch4(NODE1) | transfer_epoch4(NODE0) | transfer_epoch4(NODE1) | NODE0 = NODE1","9","--0-------0-----1----0--------00","7","138","2","0101110220","0101110220","e0h0l1l0t0","--0-------","0-","----1----0","--------00","0","1","0","1","1","1","0","2","2","0"
"404","6","forall NODE1,NODE0. ~locked_epoch2(NODE0) | ep_epoch3(NODE0) | held(NODE0) | locked_epoch3(NODE1) | transfer_epoch3(NODE0) | transfer_epoch3(NODE1) | NODE0 = NODE1","9","---0------0-----1--0--------00--","7","138","2","0101110220","0101110220","e0h0l1l0t0","---0------","0-","----1--0--","------00--","0","1","0","1","1","1","0","2","2","0"
"405","6","forall NODE1,NODE0. ~locked_epoch2(NODE0) | held(NODE0) | locked_epoch3(NODE0) | locked_epoch3(NODE1) | transfer_epoch3(NODE0) | transfer_epoch3(NODE1) | NODE0 = NODE1","9","----------0-----1-00--------00--","7","136","1","0001120220","0001120220","h0l1l0t0","----------","0-","----1-00--","------00--","0","0","0","1","1","2","0","2","2","0"
"406","2","exists NODE0. ep_epoch0(NODE0) | ep_epoch1(NODE0) | locked_epoch3(NODE0)","4","00---00-----------00------------","3","21","3","e0l0","0400020001","e0l0","00---00---","--","------00--","----------","0","4","0","0","0","2","0","0","0","1"
"407","2","exists NODE0. ep_epoch0(NODE0) | ep_epoch2(NODE0) | locked_epoch3(NODE0)","4","0-0--0-0----------00------------","3","21","3","e0l0","0400020001","e0l0","0-0--0-0--","--","------00--","----------","0","4","0","0","0","2","0","0","0","1"
"408","6","forall NODE1,NODE0. ep_epoch0(NODE0) | ep_epoch0(NODE1) | ep_epoch2(NODE0) | ep_epoch3(NODE0) | ep_epoch4(NODE0) | locked_epoch2(NODE1) | NODE0 = NODE1","9","0-0000-----------0--------------","7","148","5","0500010020","0500010020","e0l0","0-0000----","--","-----0----","----------","0","5","0","0","0","1","0","0","2","0"
"409","6","forall NODE1,NODE0. ep_epoch0(NODE0) | ep_epoch0(NODE1) | ep_epoch2(NODE0) | ep_epoch3(NODE0) | held(NODE0) | locked_epoch2(NODE1) | NODE0 = NODE1","9","0-00-0----0------0--------------","7","147","3","0401010020","0401010020","e0h0l0","0-00-0----","0-","-----0----","----------","0","4","0","1","0","1","0","0","2","0"
"410","6","forall NODE1,NODE0. ep_epoch0(NODE0) | ep_epoch0(NODE1) | ep_epoch2(NODE0) | ep_epoch3(NODE0) | locked_epoch2(NODE1) | locked_epoch4(NODE0) | NODE0 = NODE1","9","0-00-0-----------0--0-----------","7","146","9","0400020020","0400020020","e0l0","0-00-0----","--","-----0--0-","----------","0","4","0","0","0","2","0","0","2","0"
"411","6","forall NODE1,NODE0. ep_epoch0(NODE0) | ep_epoch0(NODE1) | ep_epoch2(NODE0) | ep_epoch3(NODE1) | locked_epoch2(NODE1) | locked_epoch3(NODE0) | NODE0 = NODE1","9","0-0--0--0--------00-------------","7","146","9","0400020020","0400020020","e0l0","0-0--0--0-","--","-----00---","----------","0","4","0","0","0","2","0","0","2","0"
"412","6","forall NODE1,NODE0. ep_epoch0(NODE0) | ep_epoch0(NODE1) | ep_epoch2(NODE0) | ep_epoch4(NODE0) | locked_epoch2(NODE1) | locked_epoch3(NODE0) | NODE0 = NODE1","9","0-0-00-----------00-------------","7","146","9","0400020020","0400020020","e0l0","0-0-00----","--","-----00---","----------","0","4","0","0","0","2","0","0","2","0"
"413","6","forall NODE1,NODE0. ep_epoch0(NODE0) | ep_epoch0(NODE1) | ep_epoch2(NODE0) | held(NODE0) | locked_epoch2(NODE1) | locked_epoch3(NODE0) | NODE0 = NODE1","9","0-0--0----0------00-------------","7","143","3","0301020020","0301020020","e0h0l0","0-0--0----","0-","-----00---","----------","0","3","0","1","0","2","0","0","2","0"
"414","6","forall NODE1,NODE0. ep_epoch0(NODE0) | ep_epoch0(NODE1) | ep_epoch2(NODE0) | locked_epoch2(NODE1) | locked_epoch3(NODE0) | locked_epoch3(NODE1) | NODE0 = NODE1","9","0-0--0-----------000------------","7","141","6","0300030020","0300030020","e0l0","0-0--0----","--","-----000--","----------","0","3","0","0","0","3","0","0","2","0"
"415","6","forall NODE1,NODE0. ep_epoch0(NODE0) | ep_epoch0(NODE1) | ep_epoch2(NODE0) | locked_epoch2(NODE1) | locked_epoch3(NODE0) | locked_epoch4(NODE0) | NODE0 = NODE1","9","0-0--0-----------00-0-----------","7","141","6","0300030020","0300030020","e0l0","0-0--0----","--","-----00-0-","----------","0","3","0","0","0","3","0","0","2","0"
"416","6","forall NODE1,NODE0. ep_epoch0(NODE0) | ep_epoch1(NODE0) | ep_epoch2(NODE1) | ep_epoch3(NODE0) | ep_epoch3(NODE1) | locked_epoch2(NODE0) | NODE0 = NODE1","9","00-0---00-------0---------------","7","148","5","0500010020","0500010020","e0l0","00-0---00-","--","----0-----","----------","0","5","0","0","0","1","0","0","2","0"
"417","6","forall NODE1,NODE0. ep_epoch0(NODE0) | ep_epoch1(NODE0) | ep_epoch2(NODE1) | ep_epoch3(NODE0) | locked_epoch2(NODE0) | locked_epoch3(NODE1) | NODE0 = NODE1","9","00-0---0--------0--0------------","7","146","9","0400020020","0400020020","e0l0","00-0---0--","--","----0--0--","----------","0","4","0","0","0","2","0","0","2","0"
"418","6","forall NODE1,NODE0. ep_epoch0(NODE0) | ep_epoch1(NODE0) | ep_epoch2(NODE1) | ep_epoch3(NODE1) | ep_epoch4(NODE1) | locked_epoch2(NODE0) | NODE0 = NODE1","9","00-----000------0---------------","7","148","5","0500010020","0500010020","e0l0","00-----000","--","----0-----","----------","0","5","0","0","0","1","0","0","2","0"
"419","6","forall NODE1,NODE0. ep_epoch0(NODE0) | ep_epoch1(NODE0) | ep_epoch2(NODE1) | ep_epoch3(NODE1) | held(NODE1) | locked_epoch2(NODE0) | NODE0 = NODE1","9","00-----00--0----0---------------","7","147","3","0401010020","0401010020","e0h0l0","00-----00-","-0","----0-----","----------","0","4","0","1","0","1","0","0","2","0"
"420","6","forall NODE1,NODE0. ep_epoch0(NODE0) | ep_epoch1(NODE0) | ep_epoch2(NODE1) | ep_epoch3(NODE1) | locked_epoch2(NODE0) | locked_epoch4(NODE1) | NODE0 = NODE1","9","00-----00-------0----0----------","7","146","9","0400020020","0400020020","e0l0","00-----00-","--","----0----0","----------","0","4","0","0","0","2","0","0","2","0"
"421","6","forall NODE1,NODE0. ep_epoch0(NODE0) | ep_epoch1(NODE0) | ep_epoch2(NODE1) | ep_epoch4(NODE0) | ep_epoch4(NODE1) | locked_epoch2(NODE0) | NODE0 = NODE1","9","00--0--0-0------0---------------","7","148","5","0500010020","0500010020","e0l0","00--0--0-0","--","----0-----","----------","0","5","0","0","0","1","0","0","2","0"
"422","6","forall NODE1,NODE2,NODE0,NODE3. ep_epoch0(NODE0) | ep_epoch1(NODE0) | ep_epoch2(NODE1) | ep_epoch4(NODE2) | held(NODE3) | locked_epoch2(NODE0) | ((NODE0 ~= NODE3 | NODE1 ~= NODE2 | NODE0 = NODE1) & (NODE0 ~= NODE2 | NODE1 ~= NODE3 | NODE0 = NODE1))","16","00--0--0---0----0---------------","12","234","1","0401010040","0401010040","e0h0l0","00--0--0--","-0","----0-----","----------","0","4","0","1","0","1","0","0","4","0"
"423","6","forall NODE1,NODE2,NODE0,NODE3. ep_epoch0(NODE0) | ep_epoch1(NODE0) | ep_epoch2(NODE1) | ep_epoch4(NODE2) | locked_epoch2(NODE0) | locked_epoch4(NODE3) | ((NODE0 ~= NODE3 | NODE1 ~= NODE2 | NODE0 = NODE1) & (NODE0 ~= NODE2 | NODE1 ~= NODE3 | NODE0 = NODE1))","16","00--0--0--------0----0----------","12","232","1","0400020040","0400020040","e0l0","00--0--0--","--","----0----0","----------","0","4","0","0","0","2","0","0","4","0"
"424","6","forall NODE1,NODE0. ep_epoch0(NODE0) | ep_epoch1(NODE0) | ep_epoch2(NODE1) | ep_epoch4(NODE1) | locked_epoch2(NODE0) | locked_epoch3(NODE1) | NODE0 = NODE1","9","00-----0-0------0--0------------","7","146","9","0400020020","0400020020","e0l0","00-----0-0","--","----0--0--","----------","0","4","0","0","0","2","0","0","2","0"
"425","6","forall NODE1,NODE0. ep_epoch0(NODE0) | ep_epoch1(NODE0) | ep_epoch2(NODE1) | held(NODE0) | held(NODE1) | locked_epoch2(NODE0) | NODE0 = NODE1","9","00-----0--00----0---------------","7","144","1","0302010020","0302010020","e0h0l0","00-----0--","00","----0-----","----------","0","3","0","2","0","1","0","0","2","0"
"426","6","forall NODE1,NODE2,NODE0,NODE3. ep_epoch0(NODE0) | ep_epoch1(NODE0) | ep_epoch2(NODE1) | held(NODE2) | locked_epoch2(NODE0) | locked_epoch4(NODE3) | ((NODE0 ~= NODE2 | NODE1 ~= NODE3 | NODE0 = NODE1) & (NODE0 ~= NODE3 | NODE1 ~= NODE2 | NODE0 = NODE1))","16","00-----0--0-----0----0----------","12","230","1","0301020040","0301020040","e0h0l0","00-----0--","0-","----0----0","----------","0","3","0","1","0","2","0","0","4","0"
"427","6","forall NODE1,NODE0. ep_epoch0(NODE0) | ep_epoch1(NODE0) | ep_epoch2(NODE1) | held(NODE1) | locked_epoch2(NODE0) | locked_epoch3(NODE1) | NODE0 = NODE1","9","00-----0---0----0--0------------","7","143","3","0301020020","0301020020","e0h0l0","00-----0--","-0","----0--0--","----------","0","3","0","1","0","2","0","0","2","0"
"428","6","forall NODE1,NODE0. ep_epoch0(NODE0) | ep_epoch1(NODE0) | ep_epoch2(NODE1) | locked_epoch2(NODE0) | locked_epoch3(NODE1) | locked_epoch4(NODE1) | NODE0 = NODE1","9","00-----0--------0--0-0----------","7","141","6","0300030020","0300030020","e0l0","00-----0--","--","----0--0-0","----------","0","3","0","0","0","3","0","0","2","0"
"429","6","forall NODE1,NODE0. ep_epoch0(NODE0) | ep_epoch1(NODE0) | ep_epoch2(NODE1) | locked_epoch2(NODE0) | locked_epoch4(NODE0) | locked_epoch4(NODE1) | NODE0 = NODE1","9","00-----0--------0---00----------","7","141","6","0300030020","0300030020","e0l0","00-----0--","--","----0---00","----------","0","3","0","0","0","3","0","0","2","0"
"430","6","forall NODE1,NODE0. ep_epoch0(NODE0) | held(NODE0) | locked_epoch2(NODE0) | locked_epoch2(NODE1) | transfer_epoch2(NODE0) | transfer_epoch2(NODE1) | NODE0 = NODE1","9","0---------0-----00--------00----","7","137","2","0101020220","0101020220","e0h0l0t0","0---------","0-","----00----","----00----","0","1","0","1","0","2","0","2","2","0"
"431","2","exists NODE0. ep_epoch1(NODE0) | ep_epoch2(NODE0) | locked_epoch3(NODE0)","4","-00---00----------00------------","3","21","3","e0l0","0400020001","e0l0","-00---00--","--","------00--","----------","0","4","0","0","0","2","0","0","0","1"
"432","6","forall NODE1,NODE0. ep_epoch1(NODE0) | ep_epoch1(NODE1) | ep_epoch2(NODE0) | ep_epoch3(NODE0) | ep_epoch4(NODE0) | locked_epoch2(NODE1) | NODE0 = NODE1","9","-0000-0----------0--------------","7","148","5","0500010020","0500010020","e0l0","-0000-0---","--","-----0----","----------","0","5","0","0","0","1","0","0","2","0"
"433","6","forall NODE1,NODE0. ep_epoch1(NODE0) | ep_epoch1(NODE1) | ep_epoch2(NODE0) | ep_epoch3(NODE0) | held(NODE0) | locked_epoch2(NODE1) | NODE0 = NODE1","9","-000--0---0------0--------------","7","147","3","0401010020","0401010020","e0h0l0","-000--0---","0-","-----0----","----------","0","4","0","1","0","1","0","0","2","0"
"434","6","forall NODE1,NODE0. ep_epoch1(NODE0) | ep_epoch1(NODE1) | ep_epoch2(NODE0) | ep_epoch3(NODE0) | locked_epoch2(NODE1) | locked_epoch4(NODE0) | NODE0 = NODE1","9","-000--0----------0--0-----------","7","146","9","0400020020","0400020020","e0l0","-000--0---","--","-----0--0-","----------","0","4","0","0","0","2","0","0","2","0"
"435","6","forall NODE1,NODE0. ep_epoch1(NODE0) | ep_epoch1(NODE1) | ep_epoch2(NODE0) | ep_epoch3(NODE1) | locked_epoch2(NODE1) | locked_epoch3(NODE0) | NODE0 = NODE1","9","-00---0-0--------00-------------","7","146","9","0400020020","0400020020","e0l0","-00---0-0-","--","-----00---","----------","0","4","0","0","0","2","0","0","2","0"
"436","6","forall NODE1,NODE0. ep_epoch1(NODE0) | ep_epoch1(NODE1) | ep_epoch2(NODE0) | ep_epoch4(NODE0) | locked_epoch2(NODE1) | locked_epoch3(NODE0) | NODE0 = NODE1","9","-00-0-0----------00-------------","7","146","9","0400020020","0400020020","e0l0","-00-0-0---","--","-----00---","----------","0","4","0","0","0","2","0","0","2","0"
"437","6","forall NODE1,NODE0. ep_epoch1(NODE0) | ep_epoch1(NODE1) | ep_epoch2(NODE0) | held(NODE0) | locked_epoch2(NODE1) | locked_epoch3(NODE0) | NODE0 = NODE1","9","-00---0---0------00-------------","7","143","3","0301020020","0301020020","e0h0l0","-00---0---","0-","-----00---","----------","0","3","0","1","0","2","0","0","2","0"
"438","6","forall NODE1,NODE0. ep_epoch1(NODE0) | ep_epoch1(NODE1) | ep_epoch2(NODE0) | locked_epoch2(NODE1) | locked_epoch3(NODE0) | locked_epoch3(NODE1) | NODE0 = NODE1","9","-00---0----------000------------","7","141","6","0300030020","0300030020","e0l0","-00---0---","--","-----000--","----------","0","3","0","0","0","3","0","0","2","0"
"439","6","forall NODE1,NODE0. ep_epoch1(NODE0) | ep_epoch1(NODE1) | ep_epoch2(NODE0) | locked_epoch2(NODE1) | locked_epoch3(NODE0) | locked_epoch4(NODE0) | NODE0 = NODE1","9","-00---0----------00-0-----------","7","141","6","0300030020","0300030020","e0l0","-00---0---","--","-----00-0-","----------","0","3","0","0","0","3","0","0","2","0"
"440","6","forall NODE1,NODE0. ep_epoch1(NODE0) | held(NODE1) | locked_epoch2(NODE0) | locked_epoch2(NODE1) | transfer_epoch2(NODE0) | transfer_epoch2(NODE1) | NODE0 = NODE1","9","-0---------0----00--------00----","7","137","2","0101020220","0101020220","e0h0l0t0","-0--------","-0","----00----","----00----","0","1","0","1","0","2","0","2","2","0"
"441","3","exists NODE0. held(NODE0) | locked_epoch2(NODE0) | transfer_epoch2(NODE0)","4","----------00----00--------00----","3","16","1","h0l0t0","0002020201","h0l0t0","----------","00","----00----","----00----","0","0","0","2","0","2","0","2","0","1"
"442","7","forall NODE1,NODE0. ~ep_epoch0(NODE0) | ~locked_epoch2(NODE1) | held(NODE1) | transfer_epoch3(NODE0) | transfer_epoch3(NODE1) | transfer_epoch4(NODE0) | transfer_epoch4(NODE1) | NODE0 = NODE1","10","1----------0-----1----------0000","8","174","2","1001100420","1001100420","e1h0l1t0","1---------","-0","-----1----","------0000","1","0","0","1","1","0","0","4","2","0"
"443","7","forall NODE1,NODE0. ~ep_epoch0(NODE0) | ep_epoch1(NODE1) | held(NODE1) | transfer_epoch3(NODE0) | transfer_epoch3(NODE1) | transfer_epoch4(NODE0) | transfer_epoch4(NODE1) | NODE0 = NODE1","10","1-----0----0----------------0000","8","177","4","1101000420","1101000420","e1e0h0t0","1-----0---","-0","----------","------0000","1","1","0","1","0","0","0","4","2","0"
"444","7","forall NODE1,NODE0. ~ep_epoch0(NODE0) | ep_epoch2(NODE1) | held(NODE1) | transfer_epoch2(NODE0) | transfer_epoch2(NODE1) | transfer_epoch4(NODE0) | transfer_epoch4(NODE1) | NODE0 = NODE1","10","1------0---0--------------00--00","8","177","4","1101000420","1101000420","e1e0h0t0","1------0--","-0","----------","----00--00","1","1","0","1","0","0","0","4","2","0"
"445","7","forall NODE1,NODE0. ~ep_epoch0(NODE0) | ep_epoch3(NODE1) | held(NODE1) | transfer_epoch2(NODE0) | transfer_epoch2(NODE1) | transfer_epoch3(NODE0) | transfer_epoch3(NODE1) | NODE0 = NODE1","10","1-------0--0--------------0000--","8","177","4","1101000420","1101000420","e1e0h0t0","1-------0-","-0","----------","----0000--","1","1","0","1","0","0","0","4","2","0"
"446","7","forall NODE1,NODE0. ~ep_epoch0(NODE0) | held(NODE1) | locked_epoch3(NODE1) | transfer_epoch2(NODE0) | transfer_epoch2(NODE1) | transfer_epoch3(NODE0) | transfer_epoch3(NODE1) | NODE0 = NODE1","10","1----------0-------0------0000--","8","173","1","1001010420","1001010420","e1h0l0t0","1---------","-0","-------0--","----0000--","1","0","0","1","0","1","0","4","2","0"
"447","7","forall NODE1,NODE0. ~ep_epoch1(NODE0) | ~locked_epoch2(NODE1) | held(NODE1) | transfer_epoch3(NODE0) | transfer_epoch3(NODE1) | transfer_epoch4(NODE0) | transfer_epoch4(NODE1) | NODE0 = NODE1","10","-1---------0-----1----------0000","8","174","2","1001100420","1001100420","e1h0l1t0","-1--------","-0","-----1----","------0000","1","0","0","1","1","0","0","4","2","0"
"448","7","forall NODE1,NODE0. ~ep_epoch1(NODE0) | ep_epoch0(NODE1) | held(NODE1) | transfer_epoch3(NODE0) | transfer_epoch3(NODE1) | transfer_epoch4(NODE0) | transfer_epoch4(NODE1) | NODE0 = NODE1","10","-1---0-----0----------------0000","8","177","4","1101000420","1101000420","e1e0h0t0","-1---0----","-0","----------","------0000","1","1","0","1","0","0","0","4","2","0"
"449","7","forall NODE1,NODE0. ~ep_epoch1(NODE0) | ep_epoch2(NODE1) | ep_epoch3(NODE1) | ep_epoch4(NODE1) | held(NODE0) | transfer_epoch2(NODE0) | transfer_epoch2(NODE1) | NODE0 = NODE1","10","-1-----0000---------------00----","8","180","1","1301000220","1301000220","e1e0h0t0","-1-----000","0-","----------","----00----","1","3","0","1","0","0","0","2","2","0"
"450","7","forall NODE1,NODE0. ~ep_epoch1(NODE0) | ep_epoch2(NODE1) | ep_epoch3(NODE1) | held(NODE0) | held(NODE1) | transfer_epoch2(NODE0) | transfer_epoch2(NODE1) | NODE0 = NODE1","10","-1-----00-00--------------00----","8","179","1","1202000220","1202000220","e1e0h0t0","-1-----00-","00","----------","----00----","1","2","0","2","0","0","0","2","2","0"
"451","7","forall NODE1,NODE0. ~ep_epoch1(NODE0) | ep_epoch2(NODE1) | ep_epoch3(NODE1) | held(NODE0) | locked_epoch4(NODE1) | transfer_epoch2(NODE0) | transfer_epoch2(NODE1) | NODE0 = NODE1","10","-1-----00-0----------0----00----","8","178","1","1201010220","1201010220","e1e0h0l0t0","-1-----00-","0-","---------0","----00----","1","2","0","1","0","1","0","2","2","0"
"452","7","forall NODE1,NODE0. ~ep_epoch2(NODE0) | held(NODE0) | held(NODE1) | transfer_epoch3(NODE0) | transfer_epoch3(NODE1) | transfer_epoch4(NODE0) | transfer_epoch4(NODE1) | NODE0 = NODE1","10","--1-------00----------------0000","8","175","1","1002000420","1002000420","e1h0t0","--1-------","00","----------","------0000","1","0","0","2","0","0","0","4","2","0"
"453","7","forall NODE1,NODE0. ~locked_epoch2(NODE0) | ep_epoch0(NODE1) | ep_epoch1(NODE1) | ep_epoch4(NODE0) | held(NODE1) | transfer_epoch4(NODE0) | transfer_epoch4(NODE1) | NODE0 = NODE1","10","----000----0----1-------------00","8","165","2","0301100220","0301100220","e0h0l1t0","----000---","-0","----1-----","--------00","0","3","0","1","1","0","0","2","2","0"
"454","7","forall NODE1,NODE0. ~locked_epoch2(NODE0) | ep_epoch0(NODE1) | ep_epoch1(NODE1) | held(NODE0) | held(NODE1) | transfer_epoch4(NODE0) | transfer_epoch4(NODE1) | NODE0 = NODE1","10","-----00---00----1-------------00","8","163","2","0202100220","0202100220","e0h0l1t0","-----00---","00","----1-----","--------00","0","2","0","2","1","0","0","2","2","0"
"455","7","forall NODE1,NODE0. ~locked_epoch2(NODE0) | ep_epoch0(NODE1) | ep_epoch1(NODE1) | held(NODE1) | locked_epoch4(NODE0) | transfer_epoch4(NODE0) | transfer_epoch4(NODE1) | NODE0 = NODE1","10","-----00----0----1---0---------00","8","161","3","0201110220","0201110220","e0h0l1l0t0","-----00---","-0","----1---0-","--------00","0","2","0","1","1","1","0","2","2","0"
"456","7","forall NODE1,NODE0. ~locked_epoch2(NODE0) | ep_epoch3(NODE0) | ep_epoch3(NODE1) | ep_epoch4(NODE1) | held(NODE0) | transfer_epoch3(NODE0) | transfer_epoch3(NODE1) | NODE0 = NODE1","10","---0----000-----1-----------00--","8","165","2","0301100220","0301100220","e0h0l1t0","---0----00","0-","----1-----","------00--","0","3","0","1","1","0","0","2","2","0"
"457","7","forall NODE1,NODE0. ~locked_epoch2(NODE0) | ep_epoch3(NODE0) | ep_epoch3(NODE1) | held(NODE0) | held(NODE1) | transfer_epoch3(NODE0) | transfer_epoch3(NODE1) | NODE0 = NODE1","10","---0----0-00----1-----------00--","8","163","2","0202100220","0202100220","e0h0l1t0","---0----0-","00","----1-----","------00--","0","2","0","2","1","0","0","2","2","0"
"458","7","forall NODE1,NODE0. ~locked_epoch2(NODE0) | ep_epoch3(NODE0) | ep_epoch3(NODE1) | held(NODE0) | locked_epoch4(NODE1) | transfer_epoch3(NODE0) | transfer_epoch3(NODE1) | NODE0 = NODE1","10","---0----0-0-----1----0------00--","8","161","3","0201110220","0201110220","e0h0l1l0t0","---0----0-","0-","----1----0","------00--","0","2","0","1","1","1","0","2","2","0"
"459","7","forall NODE1,NODE0. ~locked_epoch2(NODE0) | ep_epoch3(NODE1) | ep_epoch4(NODE1) | held(NODE0) | locked_epoch3(NODE0) | transfer_epoch3(NODE0) | transfer_epoch3(NODE1) | NODE0 = NODE1","10","--------000-----1-0---------00--","8","161","3","0201110220","0201110220","e0h0l1l0t0","--------00","0-","----1-0---","------00--","0","2","0","1","1","1","0","2","2","0"
"460","7","forall NODE1,NODE0. ~locked_epoch2(NODE0) | ep_epoch3(NODE1) | held(NODE0) | held(NODE1) | locked_epoch3(NODE0) | transfer_epoch3(NODE0) | transfer_epoch3(NODE1) | NODE0 = NODE1","10","--------0-00----1-0---------00--","8","159","1","0102110220","0102110220","e0h0l1l0t0","--------0-","00","----1-0---","------00--","0","1","0","2","1","1","0","2","2","0"
"461","7","forall NODE1,NODE0. ~locked_epoch2(NODE0) | ep_epoch3(NODE1) | held(NODE0) | locked_epoch3(NODE0) | locked_epoch4(NODE1) | transfer_epoch3(NODE0) | transfer_epoch3(NODE1) | NODE0 = NODE1","10","--------0-0-----1-0--0------00--","8","157","1","0101120220","0101120220","e0h0l1l0t0","--------0-","0-","----1-0--0","------00--","0","1","0","1","1","2","0","2","2","0"
"462","7","forall NODE1,NODE0. ~locked_epoch2(NODE0) | held(NODE0) | held(NODE1) | transfer_epoch3(NODE0) | transfer_epoch3(NODE1) | transfer_epoch4(NODE0) | transfer_epoch4(NODE1) | NODE0 = NODE1","10","----------00----1-----------0000","8","155","1","0002100420","0002100420","h0l1t0","----------","00","----1-----","------0000","0","0","0","2","1","0","0","4","2","0"
"463","7","forall NODE1,NODE0. ~transfer_epoch4(NODE0) | ep_epoch0(NODE0) | ep_epoch0(NODE1) | ep_epoch1(NODE0) | ep_epoch1(NODE1) | ep_epoch2(NODE0) | ep_epoch2(NODE1) | NODE0 = NODE1","10","000--000----------------------1-","8","170","1","0600001020","0600001020","e0t1","000--000--","--","----------","--------1-","0","6","0","0","0","0","1","0","2","0"
"464","7","forall NODE1,NODE0. ep_epoch0(NODE0) | ep_epoch0(NODE1) | ep_epoch1(NODE0) | ep_epoch1(NODE1) | ep_epoch3(NODE1) | ep_epoch4(NODE1) | locked_epoch3(NODE0) | NODE0 = NODE1","10","00-0000------------0------------","8","171","3","0600010020","0600010020","e0l0","00-0000---","--","-------0--","----------","0","6","0","0","0","1","0","0","2","0"
"465","7","forall NODE1,NODE0. ep_epoch0(NODE0) | ep_epoch0(NODE1) | ep_epoch1(NODE0) | ep_epoch1(NODE1) | ep_epoch3(NODE0) | held(NODE0) | locked_epoch3(NODE1) | NODE0 = NODE1","10","00-0-00---0--------0------------","8","169","3","0501010020","0501010020","e0h0l0","00-0-00---","0-","-------0--","----------","0","5","0","1","0","1","0","0","2","0"
"466","7","forall NODE1,NODE0. ep_epoch0(NODE0) | ep_epoch0(NODE1) | ep_epoch1(NODE0) | ep_epoch1(NODE1) | ep_epoch3(NODE1) | locked_epoch3(NODE0) | locked_epoch4(NODE1) | NODE0 = NODE1","10","00-0-00------------00-----------","8","168","3","0500020020","0500020020","e0l0","00-0-00---","--","-------00-","----------","0","5","0","0","0","2","0","0","2","0"
"467","7","forall NODE1,NODE0. ep_epoch0(NODE0) | ep_epoch0(NODE1) | ep_epoch2(NODE0) | ep_epoch2(NODE1) | ep_epoch3(NODE0) | ep_epoch4(NODE0) | locked_epoch3(NODE1) | NODE0 = NODE1","10","0-0000-0-----------0------------","8","171","3","0600010020","0600010020","e0l0","0-0000-0--","--","-------0--","----------","0","6","0","0","0","1","0","0","2","0"
"468","7","forall NODE1,NODE0. ep_epoch0(NODE0) | ep_epoch0(NODE1) | ep_epoch2(NODE0) | ep_epoch2(NODE1) | ep_epoch3(NODE0) | held(NODE0) | locked_epoch3(NODE1) | NODE0 = NODE1","10","0-00-0-0--0--------0------------","8","169","3","0501010020","0501010020","e0h0l0","0-00-0-0--","0-","-------0--","----------","0","5","0","1","0","1","0","0","2","0"
"469","7","forall NODE1,NODE0. ep_epoch0(NODE0) | ep_epoch0(NODE1) | ep_epoch2(NODE0) | ep_epoch2(NODE1) | ep_epoch3(NODE0) | locked_epoch3(NODE1) | locked_epoch4(NODE0) | NODE0 = NODE1","10","0-00-0-0-----------00-----------","8","168","3","0500020020","0500020020","e0l0","0-00-0-0--","--","-------00-","----------","0","5","0","0","0","2","0","0","2","0"
"470","7","forall NODE1,NODE0. ep_epoch0(NODE0) | ep_epoch1(NODE0) | ep_epoch2(NODE0) | ep_epoch4(NODE1) | held(NODE0) | transfer_epoch4(NODE0) | transfer_epoch4(NODE1) | NODE0 = NODE1","10","000------00-------------------00","8","167","1","0401000220","0401000220","e0h0t0","000------0","0-","----------","--------00","0","4","0","1","0","0","0","2","2","0"
"471","7","forall NODE1,NODE0. ep_epoch0(NODE0) | ep_epoch1(NODE0) | ep_epoch2(NODE0) | held(NODE0) | held(NODE1) | transfer_epoch4(NODE0) | transfer_epoch4(NODE1) | NODE0 = NODE1","10","000-------00------------------00","8","166","1","0302000220","0302000220","e0h0t0","000-------","00","----------","--------00","0","3","0","2","0","0","0","2","2","0"
"472","7","forall NODE1,NODE0. ep_epoch0(NODE0) | ep_epoch1(NODE0) | ep_epoch2(NODE0) | held(NODE0) | locked_epoch4(NODE1) | transfer_epoch4(NODE0) | transfer_epoch4(NODE1) | NODE0 = NODE1","10","000-------0----------0--------00","8","164","5","0301010220","0301010220","e0h0l0t0","000-------","0-","---------0","--------00","0","3","0","1","0","1","0","2","2","0"
"473","7","forall NODE1,NODE0. ep_epoch0(NODE0) | ep_epoch1(NODE0) | ep_epoch3(NODE0) | held(NODE0) | locked_epoch3(NODE1) | transfer_epoch3(NODE0) | transfer_epoch3(NODE1) | NODE0 = NODE1","10","00-0------0--------0--------00--","8","164","5","0301010220","0301010220","e0h0l0t0","00-0------","0-","-------0--","------00--","0","3","0","1","0","1","0","2","2","0"
"474","7","forall NODE1,NODE0. ep_epoch0(NODE0) | ep_epoch1(NODE0) | ep_epoch4(NODE1) | held(NODE0) | locked_epoch2(NODE0) | transfer_epoch4(NODE0) | transfer_epoch4(NODE1) | NODE0 = NODE1","10","00-------00-----0-------------00","8","164","5","0301010220","0301010220","e0h0l0t0","00-------0","0-","----0-----","--------00","0","3","0","1","0","1","0","2","2","0"
"475","7","forall NODE1,NODE0. ep_epoch0(NODE0) | ep_epoch1(NODE0) | held(NODE0) | held(NODE1) | locked_epoch2(NODE0) | transfer_epoch4(NODE0) | transfer_epoch4(NODE1) | NODE0 = NODE1","10","00--------00----0-------------00","8","162","2","0202010220","0202010220","e0h0l0t0","00--------","00","----0-----","--------00","0","2","0","2","0","1","0","2","2","0"
"476","7","forall NODE1,NODE0. ep_epoch0(NODE0) | ep_epoch1(NODE0) | held(NODE0) | locked_epoch2(NODE0) | locked_epoch4(NODE1) | transfer_epoch4(NODE0) | transfer_epoch4(NODE1) | NODE0 = NODE1","10","00--------0-----0----0--------00","8","160","4","0201020220","0201020220","e0h0l0t0","00--------","0-","----0----0","--------00","0","2","0","1","0","2","0","2","2","0"
"477","7","forall NODE1,NODE0. ep_epoch0(NODE0) | ep_epoch1(NODE0) | held(NODE0) | locked_epoch3(NODE0) | locked_epoch3(NODE1) | transfer_epoch3(NODE0) | transfer_epoch3(NODE1) | NODE0 = NODE1","10","00--------0-------00--------00--","8","160","4","0201020220","0201020220","e0h0l0t0","00--------","0-","------00--","------00--","0","2","0","1","0","2","0","2","2","0"
"478","7","forall NODE1,NODE0. ep_epoch0(NODE0) | ep_epoch2(NODE0) | ep_epoch3(NODE0) | held(NODE0) | locked_epoch2(NODE1) | transfer_epoch2(NODE0) | transfer_epoch2(NODE1) | NODE0 = NODE1","10","0-00------0------0--------00----","8","164","5","0301010220","0301010220","e0h0l0t0","0-00------","0-","-----0----","----00----","0","3","0","1","0","1","0","2","2","0"
"479","7","forall NODE1,NODE0. ep_epoch0(NODE0) | ep_epoch2(NODE0) | held(NODE0) | locked_epoch2(NODE1) | locked_epoch3(NODE0) | transfer_epoch2(NODE0) | transfer_epoch2(NODE1) | NODE0 = NODE1","10","0-0-------0------00-------00----","8","160","4","0201020220","0201020220","e0h0l0t0","0-0-------","0-","-----00---","----00----","0","2","0","1","0","2","0","2","2","0"
"480","7","forall NODE1,NODE0. ep_epoch1(NODE0) | ep_epoch1(NODE1) | ep_epoch2(NODE0) | ep_epoch2(NODE1) | ep_epoch3(NODE1) | ep_epoch4(NODE1) | locked_epoch3(NODE0) | NODE0 = NODE1","10","-0000-00-----------0------------","8","171","3","0600010020","0600010020","e0l0","-0000-00--","--","-------0--","----------","0","6","0","0","0","1","0","0","2","0"
"481","7","forall NODE1,NODE0. ep_epoch1(NODE0) | ep_epoch1(NODE1) | ep_epoch2(NODE0) | ep_epoch2(NODE1) | ep_epoch3(NODE1) | held(NODE1) | locked_epoch3(NODE0) | NODE0 = NODE1","10","-000--00--0--------0------------","8","169","3","0501010020","0501010020","e0h0l0","-000--00--","0-","-------0--","----------","0","5","0","1","0","1","0","0","2","0"
"482","7","forall NODE1,NODE0. ep_epoch1(NODE0) | ep_epoch1(NODE1) | ep_epoch2(NODE0) | ep_epoch2(NODE1) | ep_epoch3(NODE1) | locked_epoch3(NODE0) | locked_epoch4(NODE1) | NODE0 = NODE1","10","-000--00-----------00-----------","8","168","3","0500020020","0500020020","e0l0","-000--00--","--","-------00-","----------","0","5","0","0","0","2","0","0","2","0"
"483","7","forall NODE1,NODE0. ep_epoch1(NODE0) | ep_epoch2(NODE1) | ep_epoch3(NODE1) | held(NODE1) | locked_epoch2(NODE0) | transfer_epoch2(NODE0) | transfer_epoch2(NODE1) | NODE0 = NODE1","10","-0-----00--0----0---------00----","8","164","5","0301010220","0301010220","e0h0l0t0","-0-----00-","-0","----0-----","----00----","0","3","0","1","0","1","0","2","2","0"
"484","7","forall NODE1,NODE0. ep_epoch1(NODE0) | ep_epoch2(NODE1) | held(NODE1) | locked_epoch2(NODE0) | locked_epoch3(NODE1) | transfer_epoch2(NODE0) | transfer_epoch2(NODE1) | NODE0 = NODE1","10","-0-----0---0----0--0------00----","8","160","4","0201020220","0201020220","e0h0l0t0","-0-----0--","-0","----0--0--","----00----","0","2","0","1","0","2","0","2","2","0"
"485","7","forall NODE1,NODE0. ep_epoch2(NODE0) | ep_epoch3(NODE0) | held(NODE0) | held(NODE1) | locked_epoch2(NODE1) | transfer_epoch2(NODE0) | transfer_epoch2(NODE1) | NODE0 = NODE1","10","--00------00-----0--------00----","8","162","2","0202010220","0202010220","e0h0l0t0","--00------","00","-----0----","----00----","0","2","0","2","0","1","0","2","2","0"
"486","7","forall NODE1,NODE0. ep_epoch2(NODE0) | held(NODE0) | held(NODE1) | locked_epoch2(NODE1) | locked_epoch3(NODE0) | transfer_epoch2(NODE0) | transfer_epoch2(NODE1) | NODE0 = NODE1","10","--0-------00-----00-------00----","8","158","1","0102020220","0102020220","e0h0l0t0","--0-------","00","-----00---","----00----","0","1","0","2","0","2","0","2","2","0"
"487","8","forall NODE1,NODE0. ~ep_epoch0(NODE0) | held(NODE1) | transfer_epoch2(NODE0) | transfer_epoch2(NODE1) | transfer_epoch3(NODE0) | transfer_epoch3(NODE1) | transfer_epoch4(NODE0) | transfer_epoch4(NODE1) | NODE0 = NODE1","11","1----------0--------------000000","9","201","1","1001000620","1001000620","e1h0t0","1---------","-0","----------","----000000","1","0","0","1","0","0","0","6","2","0"
"488","8","forall NODE1,NODE0. ~ep_epoch1(NODE0) | ep_epoch2(NODE1) | held(NODE0) | held(NODE1) | transfer_epoch2(NODE0) | transfer_epoch2(NODE1) | transfer_epoch4(NODE0) | transfer_epoch4(NODE1) | NODE0 = NODE1","11","-1-----0--00--------------00--00","9","205","2","1102000420","1102000420","e1e0h0t0","-1-----0--","00","----------","----00--00","1","1","0","2","0","0","0","4","2","0"
"489","8","forall NODE1,NODE0. ~ep_epoch1(NODE0) | ep_epoch3(NODE1) | held(NODE0) | held(NODE1) | transfer_epoch2(NODE0) | transfer_epoch2(NODE1) | transfer_epoch3(NODE0) | transfer_epoch3(NODE1) | NODE0 = NODE1","11","-1------0-00--------------0000--","9","205","2","1102000420","1102000420","e1e0h0t0","-1------0-","00","----------","----0000--","1","1","0","2","0","0","0","4","2","0"
"490","8","forall NODE1,NODE0. ~ep_epoch1(NODE0) | held(NODE0) | held(NODE1) | locked_epoch3(NODE1) | transfer_epoch2(NODE0) | transfer_epoch2(NODE1) | transfer_epoch3(NODE0) | transfer_epoch3(NODE1) | NODE0 = NODE1","11","-1--------00-------0------0000--","9","202","1","1002010420","1002010420","e1h0l0t0","-1--------","00","-------0--","----0000--","1","0","0","2","0","1","0","4","2","0"
"491","8","forall NODE1,NODE0. ~locked_epoch2(NODE0) | ep_epoch3(NODE1) | ep_epoch4(NODE1) | held(NODE0) | transfer_epoch3(NODE0) | transfer_epoch3(NODE1) | transfer_epoch4(NODE0) | transfer_epoch4(NODE1) | NODE0 = NODE1","11","--------000-----1-----------0000","9","191","1","0201100420","0201100420","e0h0l1t0","--------00","0-","----1-----","------0000","0","2","0","1","1","0","0","4","2","0"
"492","8","forall NODE1,NODE0. ~locked_epoch2(NODE0) | ep_epoch3(NODE1) | held(NODE0) | locked_epoch4(NODE1) | transfer_epoch3(NODE0) | transfer_epoch3(NODE1) | transfer_epoch4(NODE0) | transfer_epoch4(NODE1) | NODE0 = NODE1","11","--------0-0-----1----0------0000","9","186","2","0101110420","0101110420","e0h0l1l0t0","--------0-","0-","----1----0","------0000","0","1","0","1","1","1","0","4","2","0"
"493","8","forall NODE1,NODE0. ~locked_epoch2(NODE0) | ep_epoch4(NODE1) | held(NODE0) | locked_epoch3(NODE1) | transfer_epoch3(NODE0) | transfer_epoch3(NODE1) | transfer_epoch4(NODE0) | transfer_epoch4(NODE1) | NODE0 = NODE1","11","---------00-----1--0--------0000","9","186","2","0101110420","0101110420","e0h0l1l0t0","---------0","0-","----1--0--","------0000","0","1","0","1","1","1","0","4","2","0"
"494","8","forall NODE1,NODE0. ~locked_epoch2(NODE0) | held(NODE0) | locked_epoch3(NODE1) | locked_epoch4(NODE1) | transfer_epoch3(NODE0) | transfer_epoch3(NODE1) | transfer_epoch4(NODE0) | transfer_epoch4(NODE1) | NODE0 = NODE1","11","----------0-----1--0-0------0000","9","182","1","0001120420","0001120420","h0l1l0t0","----------","0-","----1--0-0","------0000","0","0","0","1","1","2","0","4","2","0"
"495","1","exists NODE0. ep_epoch0(NODE0) | ep_epoch1(NODE0) | ep_epoch2(NODE0) | ep_epoch3(NODE0)","5","0000-0000-----------------------","4","37","5","e0","0800000001","e0","0000-0000-","--","----------","----------","0","8","0","0","0","0","0","0","0","1"
"496","1","exists NODE0. ep_epoch0(NODE0) | ep_epoch1(NODE0) | ep_epoch2(NODE0) | ep_epoch4(NODE0)","5","000-0000-0----------------------","4","37","5","e0","0800000001","e0","000-0000-0","--","----------","----------","0","8","0","0","0","0","0","0","0","1"
"497","8","forall NODE1,NODE0. ep_epoch0(NODE0) | ep_epoch0(NODE1) | ep_epoch1(NODE0) | ep_epoch1(NODE1) | ep_epoch2(NODE0) | ep_epoch2(NODE1) | ep_epoch4(NODE1) | held(NODE0) | NODE0 = NODE1","11","000-0000---0--------------------","9","200","4","0701000020","0701000020","e0h0","000-0000--","-0","----------","----------","0","7","0","1","0","0","0","0","2","0"
"498","8","forall NODE1,NODE0. ep_epoch0(NODE0) | ep_epoch0(NODE1) | ep_epoch1(NODE0) | ep_epoch1(NODE1) | ep_epoch2(NODE0) | ep_epoch2(NODE1) | ep_epoch4(NODE1) | locked_epoch4(NODE0) | NODE0 = NODE1","11","000-0000-------------0----------","9","199","4","0700010020","0700010020","e0l0","000-0000--","--","---------0","----------","0","7","0","0","0","1","0","0","2","0"
"499","2","exists NODE0. ep_epoch0(NODE0) | ep_epoch1(NODE0) | ep_epoch2(NODE0) | held(NODE0)","5","000--000--00--------------------","4","36","4","e0h0","0602000001","e0h0","000--000--","00","----------","----------","0","6","0","2","0","0","0","0","0","1"
"500","8","forall NODE1,NODE0. ep_epoch0(NODE0) | ep_epoch0(NODE1) | ep_epoch1(NODE0) | ep_epoch1(NODE1) | ep_epoch2(NODE0) | ep_epoch2(NODE1) | held(NODE0) | locked_epoch4(NODE1) | NODE0 = NODE1","11","000--000--0----------0----------","9","198","4","0601010020","0601010020","e0h0l0","000--000--","0-","---------0","----------","0","6","0","1","0","1","0","0","2","0"
"501","2","exists NODE0. ep_epoch0(NODE0) | ep_epoch1(NODE0) | ep_epoch2(NODE0) | locked_epoch4(NODE0)","5","000--000------------00----------","4","35","4","e0l0","0600020001","e0l0","000--000--","--","--------00","----------","0","6","0","0","0","2","0","0","0","1"
"502","1","exists NODE0. ep_epoch0(NODE0) | ep_epoch1(NODE0) | ep_epoch3(NODE0) | ep_epoch4(NODE0)","5","00-0000-00----------------------","4","37","5","e0","0800000001","e0","00-0000-00","--","----------","----------","0","8","0","0","0","0","0","0","0","1"
"503","8","forall NODE1,NODE0. ep_epoch0(NODE0) | ep_epoch0(NODE1) | ep_epoch1(NODE0) | ep_epoch1(NODE1) | ep_epoch3(NODE0) | ep_epoch3(NODE1) | ep_epoch4(NODE1) | held(NODE0) | NODE0 = NODE1","11","00-0000-0--0--------------------","9","200","4","0701000020","0701000020","e0h0","00-0000-0-","-0","----------","----------","0","7","0","1","0","0","0","0","2","0"
"504","8","forall NODE1,NODE0. ep_epoch0(NODE0) | ep_epoch0(NODE1) | ep_epoch1(NODE0) | ep_epoch1(NODE1) | ep_epoch3(NODE0) | ep_epoch3(NODE1) | ep_epoch4(NODE1) | locked_epoch4(NODE0) | NODE0 = NODE1","11","00-0000-0------------0----------","9","199","4","0700010020","0700010020","e0l0","00-0000-0-","--","---------0","----------","0","7","0","0","0","1","0","0","2","0"
"505","2","exists NODE0. ep_epoch0(NODE0) | ep_epoch1(NODE0) | ep_epoch3(NODE0) | held(NODE0)","5","00-0-00-0-00--------------------","4","36","4","e0h0","0602000001","e0h0","00-0-00-0-","00","----------","----------","0","6","0","2","0","0","0","0","0","1"
"506","8","forall NODE1,NODE0. ep_epoch0(NODE0) | ep_epoch0(NODE1) | ep_epoch1(NODE0) | ep_epoch1(NODE1) | ep_epoch3(NODE0) | ep_epoch3(NODE1) | held(NODE0) | locked_epoch4(NODE1) | NODE0 = NODE1","11","00-0-00-0-0----------0----------","9","198","4","0601010020","0601010020","e0h0l0","00-0-00-0-","0-","---------0","----------","0","6","0","1","0","1","0","0","2","0"
"507","2","exists NODE0. ep_epoch0(NODE0) | ep_epoch1(NODE0) | ep_epoch3(NODE0) | locked_epoch4(NODE0)","5","00-0-00-0-----------00----------","4","35","4","e0l0","0600020001","e0l0","00-0-00-0-","--","--------00","----------","0","6","0","0","0","2","0","0","0","1"
"508","3","exists NODE0. ep_epoch0(NODE0) | ep_epoch1(NODE0) | held(NODE0) | transfer_epoch4(NODE0)","5","00---00---00------------------00","4","34","6","e0h0t0","0402000201","e0h0t0","00---00---","00","----------","--------00","0","4","0","2","0","0","0","2","0","1"
"509","1","exists NODE0. ep_epoch0(NODE0) | ep_epoch2(NODE0) | ep_epoch3(NODE0) | ep_epoch4(NODE0)","5","0-0000-000----------------------","4","37","5","e0","0800000001","e0","0-0000-000","--","----------","----------","0","8","0","0","0","0","0","0","0","1"
"510","8","forall NODE1,NODE0. ep_epoch0(NODE0) | ep_epoch0(NODE1) | ep_epoch2(NODE0) | ep_epoch2(NODE1) | ep_epoch3(NODE0) | ep_epoch3(NODE1) | ep_epoch4(NODE1) | held(NODE0) | NODE0 = NODE1","11","0-0000-00--0--------------------","9","200","4","0701000020","0701000020","e0h0","0-0000-00-","-0","----------","----------","0","7","0","1","0","0","0","0","2","0"
"511","8","forall NODE1,NODE0. ep_epoch0(NODE0) | ep_epoch0(NODE1) | ep_epoch2(NODE0) | ep_epoch2(NODE1) | ep_epoch3(NODE0) | ep_epoch3(NODE1) | ep_epoch4(NODE1) | locked_epoch4(NODE0) | NODE0 = NODE1","11","0-0000-00------------0----------","9","199","4","0700010020","0700010020","e0l0","0-0000-00-","--","---------0","----------","0","7","0","0","0","1","0","0","2","0"
"512","2","exists NODE0. ep_epoch0(NODE0) | ep_epoch2(NODE0) | ep_epoch3(NODE0) | held(NODE0)","5","0-00-0-00-00--------------------","4","36","4","e0h0","0602000001","e0h0","0-00-0-00-","00","----------","----------","0","6","0","2","0","0","0","0","0","1"
"513","8","forall NODE1,NODE0. ep_epoch0(NODE0) | ep_epoch0(NODE1) | ep_epoch2(NODE0) | ep_epoch2(NODE1) | ep_epoch3(NODE0) | ep_epoch3(NODE1) | held(NODE0) | locked_epoch4(NODE1) | NODE0 = NODE1","11","0-00-0-00-0----------0----------","9","198","4","0601010020","0601010020","e0h0l0","0-00-0-00-","0-","---------0","----------","0","6","0","1","0","1","0","0","2","0"
"514","2","exists NODE0. ep_epoch0(NODE0) | ep_epoch2(NODE0) | ep_epoch3(NODE0) | locked_epoch4(NODE0)","5","0-00-0-00-----------00----------","4","35","4","e0l0","0600020001","e0l0","0-00-0-00-","--","--------00","----------","0","6","0","0","0","2","0","0","0","1"
"515","3","exists NODE0. ep_epoch0(NODE0) | ep_epoch2(NODE0) | held(NODE0) | transfer_epoch4(NODE0)","5","0-0--0-0--00------------------00","4","34","6","e0h0t0","0402000201","e0h0t0","0-0--0-0--","00","----------","--------00","0","4","0","2","0","0","0","2","0","1"
"516","8","forall NODE1,NODE0. ep_epoch0(NODE0) | ep_epoch0(NODE1) | ep_epoch2(NODE1) | ep_epoch3(NODE0) | held(NODE0) | locked_epoch3(NODE1) | transfer_epoch3(NODE0) | transfer_epoch3(NODE1) | NODE0 = NODE1","11","0-0--0--0--0------0---------00--","9","195","10","0401010220","0401010220","e0h0l0t0","0-0--0--0-","-0","------0---","------00--","0","4","0","1","0","1","0","2","2","0"
"517","8","forall NODE1,NODE0. ep_epoch0(NODE0) | ep_epoch0(NODE1) | ep_epoch2(NODE0) | ep_epoch4(NODE1) | held(NODE0) | locked_epoch2(NODE1) | transfer_epoch4(NODE0) | transfer_epoch4(NODE1) | NODE0 = NODE1","11","0-0--0---00------0------------00","9","195","10","0401010220","0401010220","e0h0l0t0","0-0--0---0","0-","-----0----","--------00","0","4","0","1","0","1","0","2","2","0"
"518","8","forall NODE1,NODE0. ep_epoch0(NODE0) | ep_epoch0(NODE1) | ep_epoch2(NODE0) | held(NODE0) | held(NODE1) | locked_epoch2(NODE1) | transfer_epoch4(NODE0) | transfer_epoch4(NODE1) | NODE0 = NODE1","11","0-0--0----00-----0------------00","9","194","6","0302010220","0302010220","e0h0l0t0","0-0--0----","00","-----0----","--------00","0","3","0","2","0","1","0","2","2","0"
"519","8","forall NODE1,NODE0. ep_epoch0(NODE0) | ep_epoch0(NODE1) | ep_epoch2(NODE0) | held(NODE0) | locked_epoch2(NODE1) | locked_epoch4(NODE1) | transfer_epoch4(NODE0) | transfer_epoch4(NODE1) | NODE0 = NODE1","11","0-0--0----0------0---0--------00","9","193","15","0301020220","0301020220","e0h0l0t0","0-0--0----","0-","-----0---0","--------00","0","3","0","1","0","2","0","2","2","0"
"520","8","forall NODE1,NODE0. ep_epoch0(NODE0) | ep_epoch0(NODE1) | ep_epoch2(NODE1) | held(NODE0) | locked_epoch3(NODE0) | locked_epoch3(NODE1) | transfer_epoch3(NODE0) | transfer_epoch3(NODE1) | NODE0 = NODE1","11","0-0--0-----0------00--------00--","9","193","15","0301020220","0301020220","e0h0l0t0","0-0--0----","-0","------00--","------00--","0","3","0","1","0","2","0","2","2","0"
"521","3","exists NODE0. ep_epoch0(NODE0) | ep_epoch3(NODE0) | held(NODE0) | transfer_epoch3(NODE0)","5","0--0-0--0-00----------------00--","4","34","6","e0h0t0","0402000201","e0h0t0","0--0-0--0-","00","----------","------00--","0","4","0","2","0","0","0","2","0","1"
"522","8","forall NODE1,NODE0. ep_epoch0(NODE0) | ep_epoch0(NODE1) | ep_epoch3(NODE0) | held(NODE0) | held(NODE1) | locked_epoch3(NODE1) | transfer_epoch3(NODE0) | transfer_epoch3(NODE1) | NODE0 = NODE1","11","0--0-0----00-------0--------00--","9","194","6","0302010220","0302010220","e0h0l0t0","0--0-0----","00","-------0--","------00--","0","3","0","2","0","1","0","2","2","0"
"523","8","forall NODE1,NODE0. ep_epoch0(NODE0) | ep_epoch0(NODE1) | ep_epoch3(NODE0) | held(NODE0) | locked_epoch2(NODE1) | locked_epoch3(NODE1) | transfer_epoch3(NODE0) | transfer_epoch3(NODE1) | NODE0 = NODE1","11","0--0-0----0------0-0--------00--","9","193","15","0301020220","0301020220","e0h0l0t0","0--0-0----","0-","-----0-0--","------00--","0","3","0","1","0","2","0","2","2","0"
"524","4","exists NODE0. ep_epoch0(NODE0) | held(NODE0) | locked_epoch3(NODE0) | transfer_epoch3(NODE0)","5","0----0----00------00--------00--","4","32","3","e0h0l0t0","0202020201","e0h0l0t0","0----0----","00","------00--","------00--","0","2","0","2","0","2","0","2","0","1"
"525","3","exists NODE0. ep_epoch0(NODE0) | held(NODE0) | transfer_epoch3(NODE0) | transfer_epoch4(NODE0)","5","0----0----00----------------0000","4","31","4","e0h0t0","0202000401","e0h0t0","0----0----","00","----------","------0000","0","2","0","2","0","0","0","4","0","1"
"526","8","forall NODE1,NODE0. ep_epoch0(NODE0) | ep_epoch0(NODE1) | held(NODE0) | locked_epoch2(NODE1) | locked_epoch3(NODE0) | locked_epoch3(NODE1) | transfer_epoch3(NODE0) | transfer_epoch3(NODE1) | NODE0 = NODE1","11","0----0----0------000--------00--","9","190","6","0201030220","0201030220","e0h0l0t0","0----0----","0-","-----000--","------00--","0","2","0","1","0","3","0","2","2","0"
"527","8","forall NODE1,NODE0. ep_epoch0(NODE0) | ep_epoch1(NODE0) | ep_epoch3(NODE0) | ep_epoch3(NODE1) | ep_epoch4(NODE1) | held(NODE0) | transfer_epoch3(NODE0) | transfer_epoch3(NODE1) | NODE0 = NODE1","11","00-0----000-----------------00--","9","197","1","0501000220","0501000220","e0h0t0","00-0----00","0-","----------","------00--","0","5","0","1","0","0","0","2","2","0"
"528","8","forall NODE1,NODE0. ep_epoch0(NODE0) | ep_epoch1(NODE0) | ep_epoch3(NODE0) | ep_epoch3(NODE1) | held(NODE0) | held(NODE1) | transfer_epoch3(NODE0) | transfer_epoch3(NODE1) | NODE0 = NODE1","11","00-0----0-00----------------00--","9","196","1","0402000220","0402000220","e0h0t0","00-0----0-","00","----------","------00--","0","4","0","2","0","0","0","2","2","0"
"529","8","forall NODE1,NODE0. ep_epoch0(NODE0) | ep_epoch1(NODE0) | ep_epoch3(NODE0) | ep_epoch3(NODE1) | held(NODE0) | locked_epoch4(NODE1) | transfer_epoch3(NODE0) | transfer_epoch3(NODE1) | NODE0 = NODE1","11","00-0----0-0----------0------00--","9","195","10","0401010220","0401010220","e0h0l0t0","00-0----0-","0-","---------0","------00--","0","4","0","1","0","1","0","2","2","0"
"530","8","forall NODE1,NODE0. ep_epoch0(NODE0) | ep_epoch1(NODE0) | ep_epoch3(NODE1) | ep_epoch4(NODE1) | held(NODE0) | locked_epoch3(NODE0) | transfer_epoch3(NODE0) | transfer_epoch3(NODE1) | NODE0 = NODE1","11","00------000-------0---------00--","9","195","10","0401010220","0401010220","e0h0l0t0","00------00","0-","------0---","------00--","0","4","0","1","0","1","0","2","2","0"
"531","8","forall NODE1,NODE0. ep_epoch0(NODE0) | ep_epoch1(NODE0) | ep_epoch3(NODE1) | held(NODE0) | held(NODE1) | locked_epoch3(NODE0) | transfer_epoch3(NODE0) | transfer_epoch3(NODE1) | NODE0 = NODE1","11","00------0-00------0---------00--","9","194","6","0302010220","0302010220","e0h0l0t0","00------0-","00","------0---","------00--","0","3","0","2","0","1","0","2","2","0"
"532","8","forall NODE1,NODE0. ep_epoch0(NODE0) | ep_epoch1(NODE0) | ep_epoch3(NODE1) | held(NODE0) | locked_epoch3(NODE0) | locked_epoch4(NODE1) | transfer_epoch3(NODE0) | transfer_epoch3(NODE1) | NODE0 = NODE1","11","00------0-0-------0--0------00--","9","193","15","0301020220","0301020220","e0h0l0t0","00------0-","0-","------0--0","------00--","0","3","0","1","0","2","0","2","2","0"
"533","8","forall NODE1,NODE0. ep_epoch0(NODE0) | ep_epoch1(NODE0) | held(NODE0) | held(NODE1) | transfer_epoch3(NODE0) | transfer_epoch3(NODE1) | transfer_epoch4(NODE0) | transfer_epoch4(NODE1) | NODE0 = NODE1","11","00--------00----------------0000","9","192","1","0202000420","0202000420","e0h0t0","00--------","00","----------","------0000","0","2","0","2","0","0","0","4","2","0"
"534","8","forall NODE1,NODE0. ep_epoch0(NODE0) | ep_epoch2(NODE0) | ep_epoch2(NODE1) | ep_epoch3(NODE0) | held(NODE0) | locked_epoch3(NODE1) | transfer_epoch2(NODE0) | transfer_epoch2(NODE1) | NODE0 = NODE1","11","0-00---0--0--------0------00----","9","195","10","0401010220","0401010220","e0h0l0t0","0-00---0--","0-","-------0--","----00----","0","4","0","1","0","1","0","2","2","0"
"535","8","forall NODE1,NODE0. ep_epoch0(NODE0) | ep_epoch2(NODE0) | ep_epoch2(NODE1) | held(NODE0) | locked_epoch3(NODE0) | locked_epoch3(NODE1) | transfer_epoch2(NODE0) | transfer_epoch2(NODE1) | NODE0 = NODE1","11","0-0----0--0-------00------00----","9","193","15","0301020220","0301020220","e0h0l0t0","0-0----0--","0-","------00--","----00----","0","3","0","1","0","2","0","2","2","0"
"536","8","forall NODE1,NODE0. ep_epoch0(NODE0) | ep_epoch2(NODE1) | ep_epoch3(NODE0) | held(NODE0) | locked_epoch2(NODE0) | locked_epoch3(NODE1) | transfer_epoch2(NODE0) | transfer_epoch2(NODE1) | NODE0 = NODE1","11","0--0---0--0-----0--0------00----","9","193","15","0301020220","0301020220","e0h0l0t0","0--0---0--","0-","----0--0--","----00----","0","3","0","1","0","2","0","2","2","0"
"537","8","forall NODE1,NODE0. ep_epoch0(NODE0) | ep_epoch2(NODE1) | ep_epoch3(NODE1) | ep_epoch4(NODE1) | held(NODE0) | locked_epoch2(NODE0) | transfer_epoch2(NODE0) | transfer_epoch2(NODE1) | NODE0 = NODE1","11","0------0000-----0---------00----","9","195","10","0401010220","0401010220","e0h0l0t0","0------000","0-","----0-----","----00----","0","4","0","1","0","1","0","2","2","0"
"538","8","forall NODE1,NODE0. ep_epoch0(NODE0) | ep_epoch2(NODE1) | ep_epoch3(NODE1) | held(NODE0) | locked_epoch2(NODE0) | locked_epoch4(NODE1) | transfer_epoch2(NODE0) | transfer_epoch2(NODE1) | NODE0 = NODE1","11","0------00-0-----0----0----00----","9","193","15","0301020220","0301020220","e0h0l0t0","0------00-","0-","----0----0","----00----","0","3","0","1","0","2","0","2","2","0"
"539","8","forall NODE1,NODE0. ep_epoch0(NODE0) | ep_epoch2(NODE1) | ep_epoch4(NODE1) | held(NODE0) | locked_epoch2(NODE0) | locked_epoch3(NODE1) | transfer_epoch2(NODE0) | transfer_epoch2(NODE1) | NODE0 = NODE1","11","0------0-00-----0--0------00----","9","193","15","0301020220","0301020220","e0h0l0t0","0------0-0","0-","----0--0--","----00----","0","3","0","1","0","2","0","2","2","0"
"540","8","forall NODE1,NODE0. ep_epoch0(NODE0) | ep_epoch2(NODE1) | held(NODE0) | locked_epoch2(NODE0) | locked_epoch3(NODE0) | locked_epoch3(NODE1) | transfer_epoch2(NODE0) | transfer_epoch2(NODE1) | NODE0 = NODE1","11","0------0--0-----0-00------00----","9","190","6","0201030220","0201030220","e0h0l0t0","0------0--","0-","----0-00--","----00----","0","2","0","1","0","3","0","2","2","0"
"541","8","forall NODE1,NODE0. ep_epoch0(NODE0) | ep_epoch2(NODE1) | held(NODE0) | locked_epoch2(NODE0) | locked_epoch3(NODE1) | locked_epoch4(NODE1) | transfer_epoch2(NODE0) | transfer_epoch2(NODE1) | NODE0 = NODE1","11","0------0--0-----0--0-0----00----","9","190","6","0201030220","0201030220","e0h0l0t0","0------0--","0-","----0--0-0","----00----","0","2","0","1","0","3","0","2","2","0"
"542","1","exists NODE0. ep_epoch1(NODE0) | ep_epoch2(NODE0) | ep_epoch3(NODE0) | ep_epoch4(NODE0)","5","-0000-0000----------------------","4","37","5","e0","0800000001","e0","-0000-0000","--","----------","----------","0","8","0","0","0","0","0","0","0","1"
"543","8","forall NODE1,NODE0. ep_epoch1(NODE0) | ep_epoch1(NODE1) | ep_epoch2(NODE0) | ep_epoch2(NODE1) | ep_epoch3(NODE0) | ep_epoch3(NODE1) | ep_epoch4(NODE1) | held(NODE0) | NODE0 = NODE1","11","-0000-000--0--------------------","9","200","4","0701000020","0701000020","e0h0","-0000-000-","-0","----------","----------","0","7","0","1","0","0","0","0","2","0"
"544","8","forall NODE1,NODE0. ep_epoch1(NODE0) | ep_epoch1(NODE1) | ep_epoch2(NODE0) | ep_epoch2(NODE1) | ep_epoch3(NODE0) | ep_epoch3(NODE1) | ep_epoch4(NODE0) | locked_epoch4(NODE1) | NODE0 = NODE1","11","-0000-000------------0----------","9","199","4","0700010020","0700010020","e0l0","-0000-000-","--","---------0","----------","0","7","0","0","0","1","0","0","2","0"
"545","2","exists NODE0. ep_epoch1(NODE0) | ep_epoch2(NODE0) | ep_epoch3(NODE0) | held(NODE0)","5","-000--000-00--------------------","4","36","4","e0h0","0602000001","e0h0","-000--000-","00","----------","----------","0","6","0","2","0","0","0","0","0","1"
"546","8","forall NODE1,NODE0. ep_epoch1(NODE0) | ep_epoch1(NODE1) | ep_epoch2(NODE0) | ep_epoch2(NODE1) | ep_epoch3(NODE0) | ep_epoch3(NODE1) | held(NODE0) | locked_epoch4(NODE1) | NODE0 = NODE1","11","-000--000-0----------0----------","9","198","4","0601010020","0601010020","e0h0l0","-000--000-","0-","---------0","----------","0","6","0","1","0","1","0","0","2","0"
"547","2","exists NODE0. ep_epoch1(NODE0) | ep_epoch2(NODE0) | ep_epoch3(NODE0) | locked_epoch4(NODE0)","5","-000--000-----------00----------","4","35","4","e0l0","0600020001","e0l0","-000--000-","--","--------00","----------","0","6","0","0","0","2","0","0","0","1"
"548","3","exists NODE0. ep_epoch1(NODE0) | ep_epoch2(NODE0) | held(NODE0) | transfer_epoch4(NODE0)","5","-00---00--00------------------00","4","34","6","e0h0t0","0402000201","e0h0t0","-00---00--","00","----------","--------00","0","4","0","2","0","0","0","2","0","1"
"549","8","forall NODE1,NODE0. ep_epoch1(NODE0) | ep_epoch1(NODE1) | ep_epoch2(NODE1) | ep_epoch3(NODE0) | held(NODE0) | locked_epoch3(NODE1) | transfer_epoch3(NODE0) | transfer_epoch3(NODE1) | NODE0 = NODE1","11","-00---0-0--0------0---------00--","9","195","10","0401010220","0401010220","e0h0l0t0","-00---0-0-","-0","------0---","------00--","0","4","0","1","0","1","0","2","2","0"
"550","8","forall NODE1,NODE0. ep_epoch1(NODE0) | ep_epoch1(NODE1) | ep_epoch2(NODE0) | ep_epoch4(NODE1) | held(NODE0) | locked_epoch2(NODE1) | transfer_epoch4(NODE0) | transfer_epoch4(NODE1) | NODE0 = NODE1","11","-00---0--00------0------------00","9","195","10","0401010220","0401010220","e0h0l0t0","-00---0--0","0-","-----0----","--------00","0","4","0","1","0","1","0","2","2","0"
"551","8","forall NODE1,NODE0. ep_epoch1(NODE0) | ep_epoch1(NODE1) | ep_epoch2(NODE1) | held(NODE0) | held(NODE1) | locked_epoch2(NODE0) | transfer_epoch4(NODE0) | transfer_epoch4(NODE1) | NODE0 = NODE1","11","-00---0---00-----0------------00","9","194","6","0302010220","0302010220","e0h0l0t0","-00---0---","00","-----0----","--------00","0","3","0","2","0","1","0","2","2","0"
"552","8","forall NODE1,NODE0. ep_epoch1(NODE0) | ep_epoch1(NODE1) | ep_epoch2(NODE0) | held(NODE0) | locked_epoch2(NODE1) | locked_epoch4(NODE1) | transfer_epoch4(NODE0) | transfer_epoch4(NODE1) | NODE0 = NODE1","11","-00---0---0------0---0--------00","9","193","15","0301020220","0301020220","e0h0l0t0","-00---0---","0-","-----0---0","--------00","0","3","0","1","0","2","0","2","2","0"
"553","8","forall NODE1,NODE0. ep_epoch1(NODE0) | ep_epoch1(NODE1) | ep_epoch2(NODE1) | held(NODE0) | locked_epoch3(NODE0) | locked_epoch3(NODE1) | transfer_epoch3(NODE0) | transfer_epoch3(NODE1) | NODE0 = NODE1","11","-00---0----0------00--------00--","9","193","15","0301020220","0301020220","e0h0l0t0","-00---0---","-0","------00--","------00--","0","3","0","1","0","2","0","2","2","0"
"554","3","exists NODE0. ep_epoch1(NODE0) | ep_epoch3(NODE0) | held(NODE0) | transfer_epoch3(NODE0)","5","-0-0--0-0-00----------------00--","4","34","6","e0h0t0","0402000201","e0h0t0","-0-0--0-0-","00","----------","------00--","0","4","0","2","0","0","0","2","0","1"
"555","8","forall NODE1,NODE0. ep_epoch1(NODE0) | ep_epoch1(NODE1) | ep_epoch3(NODE1) | held(NODE0) | held(NODE1) | locked_epoch3(NODE0) | transfer_epoch3(NODE0) | transfer_epoch3(NODE1) | NODE0 = NODE1","11","-0-0--0---00-------0--------00--","9","194","6","0302010220","0302010220","e0h0l0t0","-0-0--0---","00","-------0--","------00--","0","3","0","2","0","1","0","2","2","0"
"556","8","forall NODE1,NODE0. ep_epoch1(NODE0) | ep_epoch1(NODE1) | ep_epoch3(NODE0) | held(NODE0) | locked_epoch2(NODE1) | locked_epoch3(NODE1) | transfer_epoch3(NODE0) | transfer_epoch3(NODE1) | NODE0 = NODE1","11","-0-0--0---0------0-0--------00--","9","193","15","0301020220","0301020220","e0h0l0t0","-0-0--0---","0-","-----0-0--","------00--","0","3","0","1","0","2","0","2","2","0"
"557","4","exists NODE0. ep_epoch1(NODE0) | held(NODE0) | locked_epoch3(NODE0) | transfer_epoch3(NODE0)","5","-0----0---00------00--------00--","4","32","3","e0h0l0t0","0202020201","e0h0l0t0","-0----0---","00","------00--","------00--","0","2","0","2","0","2","0","2","0","1"
"558","3","exists NODE0. ep_epoch1(NODE0) | held(NODE0) | transfer_epoch3(NODE0) | transfer_epoch4(NODE0)","5","-0----0---00----------------0000","4","31","4","e0h0t0","0202000401","e0h0t0","-0----0---","00","----------","------0000","0","2","0","2","0","0","0","4","0","1"
"559","8","forall NODE1,NODE0. ep_epoch1(NODE0) | ep_epoch1(NODE1) | held(NODE0) | locked_epoch2(NODE1) | locked_epoch3(NODE0) | locked_epoch3(NODE1) | transfer_epoch3(NODE0) | transfer_epoch3(NODE1) | NODE0 = NODE1","11","-0----0---0------000--------00--","9","190","6","0201030220","0201030220","e0h0l0t0","-0----0---","0-","-----000--","------00--","0","2","0","1","0","3","0","2","2","0"
"560","8","forall NODE1,NODE0. ep_epoch1(NODE0) | ep_epoch2(NODE0) | ep_epoch2(NODE1) | ep_epoch3(NODE1) | held(NODE1) | locked_epoch3(NODE0) | transfer_epoch2(NODE0) | transfer_epoch2(NODE1) | NODE0 = NODE1","11","-00----00--0------0-------00----","9","195","10","0401010220","0401010220","e0h0l0t0","-00----00-","-0","------0---","----00----","0","4","0","1","0","1","0","2","2","0"
"561","8","forall NODE1,NODE0. ep_epoch1(NODE0) | ep_epoch2(NODE0) | ep_epoch2(NODE1) | held(NODE1) | locked_epoch3(NODE0) | locked_epoch3(NODE1) | transfer_epoch2(NODE0) | transfer_epoch2(NODE1) | NODE0 = NODE1","11","-00----0---0------00------00----","9","193","15","0301020220","0301020220","e0h0l0t0","-00----0--","-0","------00--","----00----","0","3","0","1","0","2","0","2","2","0"
"562","8","forall NODE1,NODE0. ep_epoch1(NODE0) | ep_epoch2(NODE0) | ep_epoch3(NODE0) | ep_epoch4(NODE0) | held(NODE1) | locked_epoch2(NODE1) | transfer_epoch2(NODE0) | transfer_epoch2(NODE1) | NODE0 = NODE1","11","-0000------0-----0--------00----","9","195","10","0401010220","0401010220","e0h0l0t0","-0000-----","-0","-----0----","----00----","0","4","0","1","0","1","0","2","2","0"
"563","8","forall NODE1,NODE0. ep_epoch1(NODE0) | ep_epoch2(NODE0) | ep_epoch3(NODE0) | held(NODE1) | locked_epoch2(NODE1) | locked_epoch4(NODE0) | transfer_epoch2(NODE0) | transfer_epoch2(NODE1) | NODE0 = NODE1","11","-000-------0-----0--0-----00----","9","193","15","0301020220","0301020220","e0h0l0t0","-000------","-0","-----0--0-","----00----","0","3","0","1","0","2","0","2","2","0"
"564","8","forall NODE1,NODE0. ep_epoch1(NODE0) | ep_epoch2(NODE0) | ep_epoch3(NODE1) | held(NODE1) | locked_epoch2(NODE1) | locked_epoch3(NODE0) | transfer_epoch2(NODE0) | transfer_epoch2(NODE1) | NODE0 = NODE1","11","-00-----0--0-----00-------00----","9","193","15","0301020220","0301020220","e0h0l0t0","-00-----0-","-0","-----00---","----00----","0","3","0","1","0","2","0","2","2","0"
"565","8","forall NODE1,NODE0. ep_epoch1(NODE0) | ep_epoch2(NODE0) | ep_epoch4(NODE0) | held(NODE1) | locked_epoch2(NODE1) | locked_epoch3(NODE0) | transfer_epoch2(NODE0) | transfer_epoch2(NODE1) | NODE0 = NODE1","11","-00-0------0-----00-------00----","9","193","15","0301020220","0301020220","e0h0l0t0","-00-0-----","-0","-----00---","----00----","0","3","0","1","0","2","0","2","2","0"
"566","8","forall NODE1,NODE0. ep_epoch1(NODE0) | ep_epoch2(NODE0) | held(NODE1) | locked_epoch2(NODE1) | locked_epoch3(NODE0) | locked_epoch3(NODE1) | transfer_epoch2(NODE0) | transfer_epoch2(NODE1) | NODE0 = NODE1","11","-00--------0-----000------00----","9","190","6","0201030220","0201030220","e0h0l0t0","-00-------","-0","-----000--","----00----","0","2","0","1","0","3","0","2","2","0"
"567","8","forall NODE1,NODE0. ep_epoch1(NODE0) | ep_epoch2(NODE0) | held(NODE1) | locked_epoch2(NODE1) | locked_epoch3(NODE0) | locked_epoch4(NODE0) | transfer_epoch2(NODE0) | transfer_epoch2(NODE1) | NODE0 = NODE1","11","-00--------0-----00-0-----00----","9","190","6","0201030220","0201030220","e0h0l0t0","-00-------","-0","-----00-0-","----00----","0","2","0","1","0","3","0","2","2","0"
"568","3","exists NODE0. ep_epoch2(NODE0) | ep_epoch3(NODE0) | held(NODE0) | transfer_epoch2(NODE0)","5","--00---00-00--------------00----","4","34","6","e0h0t0","0402000201","e0h0t0","--00---00-","00","----------","----00----","0","4","0","2","0","0","0","2","0","1"
"569","8","forall NODE1,NODE0. ep_epoch2(NODE0) | ep_epoch2(NODE1) | ep_epoch3(NODE1) | held(NODE0) | held(NODE1) | locked_epoch3(NODE0) | transfer_epoch2(NODE0) | transfer_epoch2(NODE1) | NODE0 = NODE1","11","--00---0--00-------0------00----","9","194","6","0302010220","0302010220","e0h0l0t0","--00---0--","00","-------0--","----00----","0","3","0","2","0","1","0","2","2","0"
"570","4","exists NODE0. ep_epoch2(NODE0) | held(NODE0) | locked_epoch3(NODE0) | transfer_epoch2(NODE0)","5","--0----0--00------00------00----","4","32","3","e0h0l0t0","0202020201","e0h0l0t0","--0----0--","00","------00--","----00----","0","2","0","2","0","2","0","2","0","1"
"571","3","exists NODE0. ep_epoch2(NODE0) | held(NODE0) | transfer_epoch2(NODE0) | transfer_epoch4(NODE0)","5","--0----0--00--------------00--00","4","31","4","e0h0t0","0202000401","e0h0t0","--0----0--","00","----------","----00--00","0","2","0","2","0","0","0","4","0","1"
"572","8","forall NODE1,NODE0. ep_epoch2(NODE0) | held(NODE0) | held(NODE1) | locked_epoch2(NODE1) | transfer_epoch2(NODE0) | transfer_epoch2(NODE1) | transfer_epoch4(NODE0) | transfer_epoch4(NODE1) | NODE0 = NODE1","11","--0-------00-----0--------00--00","9","187","2","0102010420","0102010420","e0h0l0t0","--0-------","00","-----0----","----00--00","0","1","0","2","0","1","0","4","2","0"
"573","3","exists NODE0. ep_epoch3(NODE0) | held(NODE0) | transfer_epoch2(NODE0) | transfer_epoch3(NODE0)","5","---0----0-00--------------0000--","4","31","4","e0h0t0","0202000401","e0h0t0","---0----0-","00","----------","----0000--","0","2","0","2","0","0","0","4","0","1"
"574","8","forall NODE1,NODE0. ep_epoch3(NODE0) | held(NODE0) | held(NODE1) | locked_epoch3(NODE1) | transfer_epoch2(NODE0) | transfer_epoch2(NODE1) | transfer_epoch3(NODE0) | transfer_epoch3(NODE1) | NODE0 = NODE1","11","---0------00-------0------0000--","9","187","2","0102010420","0102010420","e0h0l0t0","---0------","00","-------0--","----0000--","0","1","0","2","0","1","0","4","2","0"
"575","3","exists NODE0. held(NODE0) | locked_epoch3(NODE0) | transfer_epoch2(NODE0) | transfer_epoch3(NODE0)","5","----------00------00------0000--","4","24","1","h0l0t0","0002020401","h0l0t0","----------","00","------00--","----0000--","0","0","0","2","0","2","0","4","0","1"
"576","2","exists NODE0. held(NODE0) | transfer_epoch2(NODE0) | transfer_epoch3(NODE0) | transfer_epoch4(NODE0)","5","----------00--------------000000","4","23","1","h0t0","0002000601","h0t0","----------","00","----------","----000000","0","0","0","2","0","0","0","6","0","1"
"577","9","forall NODE1,NODE0. ep_epoch0(NODE0) | ep_epoch0(NODE1) | ep_epoch1(NODE0) | ep_epoch1(NODE1) | ep_epoch3(NODE0) | ep_epoch4(NODE0) | held(NODE1) | transfer_epoch4(NODE0) | transfer_epoch4(NODE1) | NODE0 = NODE1","12","00-0000----0------------------00","10","218","7","0601000220","0601000220","e0h0t0","00-0000---","-0","----------","--------00","0","6","0","1","0","0","0","2","2","0"
"578","9","forall NODE1,NODE0. ep_epoch0(NODE0) | ep_epoch0(NODE1) | ep_epoch1(NODE0) | ep_epoch1(NODE1) | ep_epoch3(NODE0) | held(NODE1) | locked_epoch4(NODE0) | transfer_epoch4(NODE0) | transfer_epoch4(NODE1) | NODE0 = NODE1","12","00-0-00----0--------0---------00","10","217","16","0501010220","0501010220","e0h0l0t0","00-0-00---","-0","--------0-","--------00","0","5","0","1","0","1","0","2","2","0"
"579","9","forall NODE1,NODE0. ep_epoch0(NODE0) | ep_epoch0(NODE1) | ep_epoch1(NODE0) | ep_epoch1(NODE1) | ep_epoch4(NODE0) | held(NODE1) | locked_epoch3(NODE0) | transfer_epoch4(NODE0) | transfer_epoch4(NODE1) | NODE0 = NODE1","12","00--000----0------0-----------00","10","217","16","0501010220","0501010220","e0h0l0t0","00--000---","-0","------0---","--------00","0","5","0","1","0","1","0","2","2","0"
"580","9","forall NODE1,NODE0. ep_epoch0(NODE0) | ep_epoch0(NODE1) | ep_epoch1(NODE0) | ep_epoch1(NODE1) | held(NODE1) | locked_epoch3(NODE0) | locked_epoch4(NODE0) | transfer_epoch4(NODE0) | transfer_epoch4(NODE1) | NODE0 = NODE1","12","00---00---0--------0-0--------00","10","216","11","0401020220","0401020220","e0h0l0t0","00---00---","0-","-------0-0","--------00","0","4","0","1","0","2","0","2","2","0"
"581","9","forall NODE1,NODE0. ep_epoch0(NODE0) | ep_epoch0(NODE1) | ep_epoch2(NODE0) | ep_epoch2(NODE1) | ep_epoch3(NODE0) | ep_epoch4(NODE0) | held(NODE1) | transfer_epoch4(NODE0) | transfer_epoch4(NODE1) | NODE0 = NODE1","12","0-0000-0---0------------------00","10","218","7","0601000220","0601000220","e0h0t0","0-0000-0--","-0","----------","--------00","0","6","0","1","0","0","0","2","2","0"
"582","9","forall NODE1,NODE0. ep_epoch0(NODE0) | ep_epoch0(NODE1) | ep_epoch2(NODE0) | ep_epoch2(NODE1) | ep_epoch3(NODE0) | held(NODE1) | locked_epoch4(NODE0) | transfer_epoch4(NODE0) | transfer_epoch4(NODE1) | NODE0 = NODE1","12","0-00-0-0---0--------0---------00","10","217","16","0501010220","0501010220","e0h0l0t0","0-00-0-0--","-0","--------0-","--------00","0","5","0","1","0","1","0","2","2","0"
"583","9","forall NODE1,NODE0. ep_epoch0(NODE0) | ep_epoch0(NODE1) | ep_epoch2(NODE0) | ep_epoch2(NODE1) | ep_epoch4(NODE0) | held(NODE1) | locked_epoch3(NODE0) | transfer_epoch4(NODE0) | transfer_epoch4(NODE1) | NODE0 = NODE1","12","0-0-00-0---0------0-----------00","10","217","16","0501010220","0501010220","e0h0l0t0","0-0-00-0--","-0","------0---","--------00","0","5","0","1","0","1","0","2","2","0"
"584","9","forall NODE1,NODE0. ep_epoch0(NODE0) | ep_epoch0(NODE1) | ep_epoch2(NODE0) | ep_epoch2(NODE1) | held(NODE1) | locked_epoch3(NODE0) | locked_epoch4(NODE0) | transfer_epoch4(NODE0) | transfer_epoch4(NODE1) | NODE0 = NODE1","12","0-0--0-0--0--------0-0--------00","10","216","11","0401020220","0401020220","e0h0l0t0","0-0--0-0--","0-","-------0-0","--------00","0","4","0","1","0","2","0","2","2","0"
"585","9","forall NODE1,NODE0. ep_epoch0(NODE0) | ep_epoch0(NODE1) | ep_epoch2(NODE0) | ep_epoch3(NODE0) | ep_epoch3(NODE1) | ep_epoch4(NODE0) | held(NODE1) | transfer_epoch3(NODE0) | transfer_epoch3(NODE1) | NODE0 = NODE1","12","0-0000--0--0----------------00--","10","218","7","0601000220","0601000220","e0h0t0","0-0000--0-","-0","----------","------00--","0","6","0","1","0","0","0","2","2","0"
"586","9","forall NODE1,NODE0. ep_epoch0(NODE0) | ep_epoch0(NODE1) | ep_epoch2(NODE0) | ep_epoch3(NODE0) | ep_epoch3(NODE1) | held(NODE1) | locked_epoch4(NODE0) | transfer_epoch3(NODE0) | transfer_epoch3(NODE1) | NODE0 = NODE1","12","0-00-0--0--0--------0-------00--","10","217","16","0501010220","0501010220","e0h0l0t0","0-00-0--0-","-0","--------0-","------00--","0","5","0","1","0","1","0","2","2","0"
"587","9","forall NODE1,NODE0. ep_epoch0(NODE0) | ep_epoch0(NODE1) | ep_epoch2(NODE0) | ep_epoch3(NODE0) | ep_epoch4(NODE0) | held(NODE1) | locked_epoch3(NODE1) | transfer_epoch3(NODE0) | transfer_epoch3(NODE1) | NODE0 = NODE1","12","0-0000-----0-------0--------00--","10","217","16","0501010220","0501010220","e0h0l0t0","0-0000----","-0","-------0--","------00--","0","5","0","1","0","1","0","2","2","0"
"588","9","forall NODE1,NODE0. ep_epoch0(NODE0) | ep_epoch0(NODE1) | ep_epoch2(NODE0) | ep_epoch3(NODE0) | held(NODE1) | locked_epoch3(NODE1) | locked_epoch4(NODE0) | transfer_epoch3(NODE0) | transfer_epoch3(NODE1) | NODE0 = NODE1","12","0-00-0-----0-------00-------00--","10","216","11","0401020220","0401020220","e0h0l0t0","0-00-0----","-0","-------00-","------00--","0","4","0","1","0","2","0","2","2","0"
"589","9","forall NODE1,NODE0. ep_epoch0(NODE0) | ep_epoch0(NODE1) | ep_epoch3(NODE0) | ep_epoch3(NODE1) | ep_epoch4(NODE0) | held(NODE1) | locked_epoch2(NODE0) | transfer_epoch3(NODE0) | transfer_epoch3(NODE1) | NODE0 = NODE1","12","0--000--0--0----0-----------00--","10","217","16","0501010220","0501010220","e0h0l0t0","0--000--0-","-0","----0-----","------00--","0","5","0","1","0","1","0","2","2","0"
"590","9","forall NODE1,NODE0. ep_epoch0(NODE0) | ep_epoch0(NODE1) | ep_epoch3(NODE0) | ep_epoch3(NODE1) | held(NODE1) | locked_epoch2(NODE0) | locked_epoch4(NODE0) | transfer_epoch3(NODE0) | transfer_epoch3(NODE1) | NODE0 = NODE1","12","0--0-0--0-0------0---0------00--","10","216","11","0401020220","0401020220","e0h0l0t0","0--0-0--0-","0-","-----0---0","------00--","0","4","0","1","0","2","0","2","2","0"
"591","9","forall NODE1,NODE0. ep_epoch0(NODE0) | ep_epoch0(NODE1) | ep_epoch3(NODE0) | ep_epoch4(NODE0) | held(NODE1) | locked_epoch2(NODE0) | locked_epoch3(NODE1) | transfer_epoch3(NODE0) | transfer_epoch3(NODE1) | NODE0 = NODE1","12","0--000-----0----0--0--------00--","10","216","11","0401020220","0401020220","e0h0l0t0","0--000----","-0","----0--0--","------00--","0","4","0","1","0","2","0","2","2","0"
"592","9","forall NODE1,NODE0. ep_epoch0(NODE0) | ep_epoch0(NODE1) | ep_epoch3(NODE0) | held(NODE1) | locked_epoch2(NODE0) | locked_epoch3(NODE1) | locked_epoch4(NODE0) | transfer_epoch3(NODE0) | transfer_epoch3(NODE1) | NODE0 = NODE1","12","0--0-0-----0----0--00-------00--","10","214","2","0301030220","0301030220","e0h0l0t0","0--0-0----","-0","----0--00-","------00--","0","3","0","1","0","3","0","2","2","0"
"593","9","forall NODE1,NODE0. ep_epoch0(NODE0) | ep_epoch1(NODE0) | ep_epoch3(NODE1) | ep_epoch4(NODE1) | held(NODE0) | transfer_epoch3(NODE0) | transfer_epoch3(NODE1) | transfer_epoch4(NODE0) | transfer_epoch4(NODE1) | NODE0 = NODE1","12","00------000-----------------0000","10","215","1","0401000420","0401000420","e0h0t0","00------00","0-","----------","------0000","0","4","0","1","0","0","0","4","2","0"
"594","9","forall NODE1,NODE0. ep_epoch0(NODE0) | ep_epoch1(NODE0) | ep_epoch3(NODE1) | held(NODE0) | locked_epoch4(NODE1) | transfer_epoch3(NODE0) | transfer_epoch3(NODE1) | transfer_epoch4(NODE0) | transfer_epoch4(NODE1) | NODE0 = NODE1","12","00------0-0----------0------0000","10","213","6","0301010420","0301010420","e0h0l0t0","00------0-","0-","---------0","------0000","0","3","0","1","0","1","0","4","2","0"
"595","9","forall NODE1,NODE0. ep_epoch0(NODE0) | ep_epoch1(NODE0) | ep_epoch4(NODE1) | held(NODE0) | locked_epoch3(NODE1) | transfer_epoch3(NODE0) | transfer_epoch3(NODE1) | transfer_epoch4(NODE0) | transfer_epoch4(NODE1) | NODE0 = NODE1","12","00-------00--------0--------0000","10","213","6","0301010420","0301010420","e0h0l0t0","00-------0","0-","-------0--","------0000","0","3","0","1","0","1","0","4","2","0"
"596","9","forall NODE1,NODE0. ep_epoch0(NODE0) | ep_epoch1(NODE0) | held(NODE0) | locked_epoch3(NODE1) | locked_epoch4(NODE1) | transfer_epoch3(NODE0) | transfer_epoch3(NODE1) | transfer_epoch4(NODE0) | transfer_epoch4(NODE1) | NODE0 = NODE1","12","00--------0--------0-0------0000","10","210","7","0201020420","0201020420","e0h0l0t0","00--------","0-","-------0-0","------0000","0","2","0","1","0","2","0","4","2","0"
"597","9","forall NODE1,NODE0. ep_epoch0(NODE0) | ep_epoch2(NODE0) | ep_epoch2(NODE1) | ep_epoch3(NODE0) | ep_epoch3(NODE1) | ep_epoch4(NODE1) | held(NODE0) | transfer_epoch2(NODE0) | transfer_epoch2(NODE1) | NODE0 = NODE1","12","0-00---0000---------------00----","10","218","7","0601000220","0601000220","e0h0t0","0-00---000","0-","----------","----00----","0","6","0","1","0","0","0","2","2","0"
"598","9","forall NODE1,NODE0. ep_epoch0(NODE0) | ep_epoch2(NODE0) | ep_epoch2(NODE1) | ep_epoch3(NODE0) | ep_epoch3(NODE1) | held(NODE0) | locked_epoch4(NODE1) | transfer_epoch2(NODE0) | transfer_epoch2(NODE1) | NODE0 = NODE1","12","0-00---00-0----------0----00----","10","217","16","0501010220","0501010220","e0h0l0t0","0-00---00-","0-","---------0","----00----","0","5","0","1","0","1","0","2","2","0"
"599","9","forall NODE1,NODE0. ep_epoch0(NODE0) | ep_epoch2(NODE0) | ep_epoch2(NODE1) | ep_epoch3(NODE1) | ep_epoch4(NODE1) | held(NODE0) | locked_epoch3(NODE0) | transfer_epoch2(NODE0) | transfer_epoch2(NODE1) | NODE0 = NODE1","12","0-0----0000-------0-------00----","10","217","16","0501010220","0501010220","e0h0l0t0","0-0----000","0-","------0---","----00----","0","5","0","1","0","1","0","2","2","0"
"600","9","forall NODE1,NODE0. ep_epoch0(NODE0) | ep_epoch2(NODE0) | ep_epoch2(NODE1) | ep_epoch3(NODE1) | held(NODE0) | locked_epoch3(NODE0) | locked_epoch4(NODE1) | transfer_epoch2(NODE0) | transfer_epoch2(NODE1) | NODE0 = NODE1","12","0-0----00-0-------0--0----00----","10","216","11","0401020220","0401020220","e0h0l0t0","0-0----00-","0-","------0--0","----00----","0","4","0","1","0","2","0","2","2","0"
"601","9","forall NODE1,NODE0. ep_epoch0(NODE0) | ep_epoch2(NODE0) | ep_epoch4(NODE1) | held(NODE0) | locked_epoch2(NODE1) | transfer_epoch2(NODE0) | transfer_epoch2(NODE1) | transfer_epoch4(NODE0) | transfer_epoch4(NODE1) | NODE0 = NODE1","12","0-0------00------0--------00--00","10","213","6","0301010420","0301010420","e0h0l0t0","0-0------0","0-","-----0----","----00--00","0","3","0","1","0","1","0","4","2","0"
"602","9","forall NODE1,NODE0. ep_epoch0(NODE0) | ep_epoch2(NODE0) | held(NODE0) | locked_epoch2(NODE1) | locked_epoch4(NODE1) | transfer_epoch2(NODE0) | transfer_epoch2(NODE1) | transfer_epoch4(NODE0) | transfer_epoch4(NODE1) | NODE0 = NODE1","12","0-0-------0------0---0----00--00","10","210","7","0201020420","0201020420","e0h0l0t0","0-0-------","0-","-----0---0","----00--00","0","2","0","1","0","2","0","4","2","0"
"603","9","forall NODE1,NODE0. ep_epoch0(NODE0) | ep_epoch2(NODE1) | ep_epoch3(NODE0) | held(NODE0) | locked_epoch3(NODE1) | transfer_epoch2(NODE0) | transfer_epoch2(NODE1) | transfer_epoch3(NODE0) | transfer_epoch3(NODE1) | NODE0 = NODE1","12","0--0---0--0--------0------0000--","10","213","6","0301010420","0301010420","e0h0l0t0","0--0---0--","0-","-------0--","----0000--","0","3","0","1","0","1","0","4","2","0"
"604","9","forall NODE1,NODE0. ep_epoch0(NODE0) | ep_epoch2(NODE1) | held(NODE0) | locked_epoch3(NODE0) | locked_epoch3(NODE1) | transfer_epoch2(NODE0) | transfer_epoch2(NODE1) | transfer_epoch3(NODE0) | transfer_epoch3(NODE1) | NODE0 = NODE1","12","0------0--0-------00------0000--","10","210","7","0201020420","0201020420","e0h0l0t0","0------0--","0-","------00--","----0000--","0","2","0","1","0","2","0","4","2","0"
"605","9","forall NODE1,NODE0. ep_epoch0(NODE0) | ep_epoch3(NODE0) | held(NODE0) | locked_epoch2(NODE1) | locked_epoch3(NODE1) | transfer_epoch2(NODE0) | transfer_epoch2(NODE1) | transfer_epoch3(NODE0) | transfer_epoch3(NODE1) | NODE0 = NODE1","12","0--0------0------0-0------0000--","10","210","7","0201020420","0201020420","e0h0l0t0","0--0------","0-","-----0-0--","----0000--","0","2","0","1","0","2","0","4","2","0"
"606","9","forall NODE1,NODE0. ep_epoch0(NODE0) | held(NODE0) | locked_epoch2(NODE1) | locked_epoch3(NODE0) | locked_epoch3(NODE1) | transfer_epoch2(NODE0) | transfer_epoch2(NODE1) | transfer_epoch3(NODE0) | transfer_epoch3(NODE1) | NODE0 = NODE1","12","0---------0------000------0000--","10","207","2","0101030420","0101030420","e0h0l0t0","0---------","0-","-----000--","----0000--","0","1","0","1","0","3","0","4","2","0"
"607","9","forall NODE1,NODE0. ep_epoch1(NODE0) | ep_epoch1(NODE1) | ep_epoch2(NODE0) | ep_epoch2(NODE1) | ep_epoch3(NODE0) | ep_epoch4(NODE0) | held(NODE1) | transfer_epoch4(NODE0) | transfer_epoch4(NODE1) | NODE0 = NODE1","12","-0000-00---0------------------00","10","218","7","0601000220","0601000220","e0h0t0","-0000-00--","-0","----------","--------00","0","6","0","1","0","0","0","2","2","0"
"608","9","forall NODE1,NODE0. ep_epoch1(NODE0) | ep_epoch1(NODE1) | ep_epoch2(NODE0) | ep_epoch2(NODE1) | ep_epoch3(NODE0) | held(NODE1) | locked_epoch4(NODE0) | transfer_epoch4(NODE0) | transfer_epoch4(NODE1) | NODE0 = NODE1","12","-000--00---0--------0---------00","10","217","16","0501010220","0501010220","e0h0l0t0","-000--00--","-0","--------0-","--------00","0","5","0","1","0","1","0","2","2","0"
"609","9","forall NODE1,NODE0. ep_epoch1(NODE0) | ep_epoch1(NODE1) | ep_epoch2(NODE0) | ep_epoch2(NODE1) | ep_epoch4(NODE0) | held(NODE1) | locked_epoch3(NODE0) | transfer_epoch4(NODE0) | transfer_epoch4(NODE1) | NODE0 = NODE1","12","-00-0-00---0------0-----------00","10","217","16","0501010220","0501010220","e0h0l0t0","-00-0-00--","-0","------0---","--------00","0","5","0","1","0","1","0","2","2","0"
"610","9","forall NODE1,NODE0. ep_epoch1(NODE0) | ep_epoch1(NODE1) | ep_epoch2(NODE0) | ep_epoch2(NODE1) | held(NODE1) | locked_epoch3(NODE0) | locked_epoch4(NODE0) | transfer_epoch4(NODE0) | transfer_epoch4(NODE1) | NODE0 = NODE1","12","-00---00--0--------0-0--------00","10","216","11","0401020220","0401020220","e0h0l0t0","-00---00--","0-","-------0-0","--------00","0","4","0","1","0","2","0","2","2","0"
"611","9","forall NODE1,NODE0. ep_epoch1(NODE0) | ep_epoch1(NODE1) | ep_epoch2(NODE0) | ep_epoch3(NODE0) | ep_epoch3(NODE1) | ep_epoch4(NODE0) | held(NODE1) | transfer_epoch3(NODE0) | transfer_epoch3(NODE1) | NODE0 = NODE1","12","-0000-0-0--0----------------00--","10","218","7","0601000220","0601000220","e0h0t0","-0000-0-0-","-0","----------","------00--","0","6","0","1","0","0","0","2","2","0"
"612","9","forall NODE1,NODE0. ep_epoch1(NODE0) | ep_epoch1(NODE1) | ep_epoch2(NODE0) | ep_epoch3(NODE0) | ep_epoch3(NODE1) | held(NODE1) | locked_epoch4(NODE0) | transfer_epoch3(NODE0) | transfer_epoch3(NODE1) | NODE0 = NODE1","12","-000--0-0--0--------0-------00--","10","217","16","0501010220","0501010220","e0h0l0t0","-000--0-0-","-0","--------0-","------00--","0","5","0","1","0","1","0","2","2","0"
"613","9","forall NODE1,NODE0. ep_epoch1(NODE0) | ep_epoch1(NODE1) | ep_epoch2(NODE0) | ep_epoch3(NODE0) | ep_epoch4(NODE0) | held(NODE1) | locked_epoch3(NODE1) | transfer_epoch3(NODE0) | transfer_epoch3(NODE1) | NODE0 = NODE1","12","-0000-0----0-------0--------00--","10","217","16","0501010220","0501010220","e0h0l0t0","-0000-0---","-0","-------0--","------00--","0","5","0","1","0","1","0","2","2","0"
"614","9","forall NODE1,NODE0. ep_epoch1(NODE0) | ep_epoch1(NODE1) | ep_epoch2(NODE0) | ep_epoch3(NODE0) | held(NODE1) | locked_epoch3(NODE1) | locked_epoch4(NODE0) | transfer_epoch3(NODE0) | transfer_epoch3(NODE1) | NODE0 = NODE1","12","-000--0----0-------00-------00--","10","216","11","0401020220","0401020220","e0h0l0t0","-000--0---","-0","-------00-","------00--","0","4","0","1","0","2","0","2","2","0"
"615","9","forall NODE1,NODE0. ep_epoch1(NODE0) | ep_epoch1(NODE1) | ep_epoch3(NODE0) | ep_epoch3(NODE1) | ep_epoch4(NODE0) | held(NODE1) | locked_epoch2(NODE0) | transfer_epoch3(NODE0) | transfer_epoch3(NODE1) | NODE0 = NODE1","12","-0-00-0-0--0----0-----------00--","10","217","16","0501010220","0501010220","e0h0l0t0","-0-00-0-0-","-0","----0-----","------00--","0","5","0","1","0","1","0","2","2","0"
"616","9","forall NODE1,NODE0. ep_epoch1(NODE0) | ep_epoch1(NODE1) | ep_epoch3(NODE0) | ep_epoch3(NODE1) | held(NODE1) | locked_epoch2(NODE0) | locked_epoch4(NODE0) | transfer_epoch3(NODE0) | transfer_epoch3(NODE1) | NODE0 = NODE1","12","-0-0--0-0-0------0---0------00--","10","216","11","0401020220","0401020220","e0h0l0t0","-0-0--0-0-","0-","-----0---0","------00--","0","4","0","1","0","2","0","2","2","0"
"617","9","forall NODE1,NODE0. ep_epoch1(NODE0) | ep_epoch1(NODE1) | ep_epoch3(NODE0) | ep_epoch4(NODE0) | held(NODE1) | locked_epoch2(NODE0) | locked_epoch3(NODE1) | transfer_epoch3(NODE0) | transfer_epoch3(NODE1) | NODE0 = NODE1","12","-0-00-0----0----0--0--------00--","10","216","11","0401020220","0401020220","e0h0l0t0","-0-00-0---","-0","----0--0--","------00--","0","4","0","1","0","2","0","2","2","0"
"618","9","forall NODE1,NODE0. ep_epoch1(NODE0) | ep_epoch1(NODE1) | ep_epoch3(NODE0) | held(NODE1) | locked_epoch2(NODE0) | locked_epoch3(NODE1) | locked_epoch4(NODE0) | transfer_epoch3(NODE0) | transfer_epoch3(NODE1) | NODE0 = NODE1","12","-0-0--0----0----0--00-------00--","10","214","2","0301030220","0301030220","e0h0l0t0","-0-0--0---","-0","----0--00-","------00--","0","3","0","1","0","3","0","2","2","0"
"619","9","forall NODE1,NODE0. ep_epoch1(NODE0) | ep_epoch2(NODE0) | ep_epoch2(NODE1) | ep_epoch3(NODE0) | ep_epoch3(NODE1) | ep_epoch4(NODE0) | held(NODE1) | transfer_epoch2(NODE0) | transfer_epoch2(NODE1) | NODE0 = NODE1","12","-0000--00--0--------------00----","10","218","7","0601000220","0601000220","e0h0t0","-0000--00-","-0","----------","----00----","0","6","0","1","0","0","0","2","2","0"
"620","9","forall NODE1,NODE0. ep_epoch1(NODE0) | ep_epoch2(NODE0) | ep_epoch2(NODE1) | ep_epoch3(NODE0) | ep_epoch3(NODE1) | held(NODE1) | locked_epoch4(NODE0) | transfer_epoch2(NODE0) | transfer_epoch2(NODE1) | NODE0 = NODE1","12","-000---00--0--------0-----00----","10","217","16","0501010220","0501010220","e0h0l0t0","-000---00-","-0","--------0-","----00----","0","5","0","1","0","1","0","2","2","0"
"621","9","forall NODE1,NODE0. ep_epoch1(NODE0) | ep_epoch2(NODE0) | ep_epoch2(NODE1) | ep_epoch3(NODE0) | ep_epoch4(NODE0) | held(NODE1) | locked_epoch3(NODE1) | transfer_epoch2(NODE0) | transfer_epoch2(NODE1) | NODE0 = NODE1","12","-0000--0---0-------0------00----","10","217","16","0501010220","0501010220","e0h0l0t0","-0000--0--","-0","-------0--","----00----","0","5","0","1","0","1","0","2","2","0"
"622","9","forall NODE1,NODE0. ep_epoch1(NODE0) | ep_epoch2(NODE0) | ep_epoch2(NODE1) | ep_epoch3(NODE0) | held(NODE1) | locked_epoch3(NODE1) | locked_epoch4(NODE0) | transfer_epoch2(NODE0) | transfer_epoch2(NODE1) | NODE0 = NODE1","12","-000---0---0-------00-----00----","10","216","11","0401020220","0401020220","e0h0l0t0","-000---0--","-0","-------00-","----00----","0","4","0","1","0","2","0","2","2","0"
"623","9","forall NODE1,NODE0. ep_epoch1(NODE0) | ep_epoch2(NODE0) | ep_epoch3(NODE1) | held(NODE1) | locked_epoch3(NODE0) | transfer_epoch2(NODE0) | transfer_epoch2(NODE1) | transfer_epoch3(NODE0) | transfer_epoch3(NODE1) | NODE0 = NODE1","12","-00-----0--0------0-------0000--","10","213","6","0301010420","0301010420","e0h0l0t0","-00-----0-","-0","------0---","----0000--","0","3","0","1","0","1","0","4","2","0"
"624","9","forall NODE1,NODE0. ep_epoch1(NODE0) | ep_epoch2(NODE0) | held(NODE1) | locked_epoch3(NODE0) | locked_epoch3(NODE1) | transfer_epoch2(NODE0) | transfer_epoch2(NODE1) | transfer_epoch3(NODE0) | transfer_epoch3(NODE1) | NODE0 = NODE1","12","-00--------0------00------0000--","10","210","7","0201020420","0201020420","e0h0l0t0","-00-------","-0","------00--","----0000--","0","2","0","1","0","2","0","4","2","0"
"625","9","forall NODE1,NODE0. ep_epoch1(NODE0) | ep_epoch2(NODE1) | ep_epoch4(NODE0) | held(NODE1) | locked_epoch2(NODE0) | transfer_epoch2(NODE0) | transfer_epoch2(NODE1) | transfer_epoch4(NODE0) | transfer_epoch4(NODE1) | NODE0 = NODE1","12","-0--0--0---0----0---------00--00","10","213","6","0301010420","0301010420","e0h0l0t0","-0--0--0--","-0","----0-----","----00--00","0","3","0","1","0","1","0","4","2","0"
"626","9","forall NODE1,NODE0. ep_epoch1(NODE0) | ep_epoch2(NODE1) | held(NODE1) | locked_epoch2(NODE0) | locked_epoch4(NODE0) | transfer_epoch2(NODE0) | transfer_epoch2(NODE1) | transfer_epoch4(NODE0) | transfer_epoch4(NODE1) | NODE0 = NODE1","12","-0-----0---0----0---0-----00--00","10","210","7","0201020420","0201020420","e0h0l0t0","-0-----0--","-0","----0---0-","----00--00","0","2","0","1","0","2","0","4","2","0"
"627","9","forall NODE1,NODE0. ep_epoch1(NODE0) | ep_epoch3(NODE1) | held(NODE1) | locked_epoch2(NODE0) | locked_epoch3(NODE0) | transfer_epoch2(NODE0) | transfer_epoch2(NODE1) | transfer_epoch3(NODE0) | transfer_epoch3(NODE1) | NODE0 = NODE1","12","-0------0--0----0-0-------0000--","10","210","7","0201020420","0201020420","e0h0l0t0","-0------0-","-0","----0-0---","----0000--","0","2","0","1","0","2","0","4","2","0"
"628","9","forall NODE1,NODE0. ep_epoch1(NODE0) | held(NODE1) | locked_epoch2(NODE0) | locked_epoch3(NODE0) | locked_epoch3(NODE1) | transfer_epoch2(NODE0) | transfer_epoch2(NODE1) | transfer_epoch3(NODE0) | transfer_epoch3(NODE1) | NODE0 = NODE1","12","-0---------0----0-00------0000--","10","207","2","0101030420","0101030420","e0h0l0t0","-0--------","-0","----0-00--","----0000--","0","1","0","1","0","3","0","4","2","0"
"629","10","forall NODE1,NODE0. ep_epoch0(NODE0) | ep_epoch0(NODE1) | ep_epoch2(NODE0) | ep_epoch3(NODE0) | ep_epoch4(NODE0) | held(NODE1) | transfer_epoch3(NODE0) | transfer_epoch3(NODE1) | transfer_epoch4(NODE0) | transfer_epoch4(NODE1) | NODE0 = NODE1","13","0-0000-----0----------------0000","11","225","6","0501000420","0501000420","e0h0t0","0-0000----","-0","----------","------0000","0","5","0","1","0","0","0","4","2","0"
"630","10","forall NODE1,NODE0. ep_epoch0(NODE0) | ep_epoch0(NODE1) | ep_epoch2(NODE0) | ep_epoch3(NODE0) | held(NODE1) | locked_epoch4(NODE0) | transfer_epoch3(NODE0) | transfer_epoch3(NODE1) | transfer_epoch4(NODE0) | transfer_epoch4(NODE1) | NODE0 = NODE1","13","0-00-0-----0--------0-------0000","11","224","16","0401010420","0401010420","e0h0l0t0","0-00-0----","-0","--------0-","------0000","0","4","0","1","0","1","0","4","2","0"
"631","10","forall NODE1,NODE0. ep_epoch0(NODE0) | ep_epoch0(NODE1) | ep_epoch2(NODE0) | ep_epoch4(NODE0) | held(NODE1) | locked_epoch3(NODE0) | transfer_epoch3(NODE0) | transfer_epoch3(NODE1) | transfer_epoch4(NODE0) | transfer_epoch4(NODE1) | NODE0 = NODE1","13","0-0-00-----0------0---------0000","11","224","16","0401010420","0401010420","e0h0l0t0","0-0-00----","-0","------0---","------0000","0","4","0","1","0","1","0","4","2","0"
"632","10","forall NODE1,NODE0. ep_epoch0(NODE0) | ep_epoch0(NODE1) | ep_epoch2(NODE0) | held(NODE1) | locked_epoch3(NODE0) | locked_epoch4(NODE0) | transfer_epoch3(NODE0) | transfer_epoch3(NODE1) | transfer_epoch4(NODE0) | transfer_epoch4(NODE1) | NODE0 = NODE1","13","0-0--0-----0------0-0-------0000","11","223","14","0301020420","0301020420","e0h0l0t0","0-0--0----","-0","------0-0-","------0000","0","3","0","1","0","2","0","4","2","0"
"633","10","forall NODE1,NODE0. ep_epoch0(NODE0) | ep_epoch0(NODE1) | ep_epoch3(NODE0) | ep_epoch4(NODE0) | held(NODE1) | locked_epoch2(NODE0) | transfer_epoch3(NODE0) | transfer_epoch3(NODE1) | transfer_epoch4(NODE0) | transfer_epoch4(NODE1) | NODE0 = NODE1","13","0--000-----0----0-----------0000","11","224","16","0401010420","0401010420","e0h0l0t0","0--000----","-0","----0-----","------0000","0","4","0","1","0","1","0","4","2","0"
"634","10","forall NODE1,NODE0. ep_epoch0(NODE0) | ep_epoch0(NODE1) | ep_epoch3(NODE0) | held(NODE1) | locked_epoch2(NODE0) | locked_epoch4(NODE0) | transfer_epoch3(NODE0) | transfer_epoch3(NODE1) | transfer_epoch4(NODE0) | transfer_epoch4(NODE1) | NODE0 = NODE1","13","0--0-0-----0----0---0-------0000","11","223","14","0301020420","0301020420","e0h0l0t0","0--0-0----","-0","----0---0-","------0000","0","3","0","1","0","2","0","4","2","0"
"635","10","forall NODE1,NODE0. ep_epoch0(NODE0) | ep_epoch0(NODE1) | ep_epoch4(NODE0) | held(NODE1) | locked_epoch2(NODE0) | locked_epoch3(NODE0) | transfer_epoch3(NODE0) | transfer_epoch3(NODE1) | transfer_epoch4(NODE0) | transfer_epoch4(NODE1) | NODE0 = NODE1","13","0---00-----0----0-0---------0000","11","223","14","0301020420","0301020420","e0h0l0t0","0---00----","-0","----0-0---","------0000","0","3","0","1","0","2","0","4","2","0"
"636","10","forall NODE1,NODE0. ep_epoch0(NODE0) | ep_epoch0(NODE1) | held(NODE1) | locked_epoch2(NODE0) | locked_epoch3(NODE0) | locked_epoch4(NODE0) | transfer_epoch3(NODE0) | transfer_epoch3(NODE1) | transfer_epoch4(NODE0) | transfer_epoch4(NODE1) | NODE0 = NODE1","13","0----0----0------0-0-0------0000","11","222","4","0201030420","0201030420","e0h0l0t0","0----0----","0-","-----0-0-0","------0000","0","2","0","1","0","3","0","4","2","0"
"637","10","forall NODE1,NODE0. ep_epoch0(NODE0) | ep_epoch2(NODE0) | ep_epoch2(NODE1) | ep_epoch3(NODE1) | ep_epoch4(NODE1) | held(NODE0) | transfer_epoch2(NODE0) | transfer_epoch2(NODE1) | transfer_epoch4(NODE0) | transfer_epoch4(NODE1) | NODE0 = NODE1","13","0-0----0000---------------00--00","11","225","6","0501000420","0501000420","e0h0t0","0-0----000","0-","----------","----00--00","0","5","0","1","0","0","0","4","2","0"
"638","10","forall NODE1,NODE0. ep_epoch0(NODE0) | ep_epoch2(NODE0) | ep_epoch2(NODE1) | ep_epoch3(NODE1) | held(NODE0) | locked_epoch4(NODE1) | transfer_epoch2(NODE0) | transfer_epoch2(NODE1) | transfer_epoch4(NODE0) | transfer_epoch4(NODE1) | NODE0 = NODE1","13","0-0----00-0----------0----00--00","11","224","16","0401010420","0401010420","e0h0l0t0","0-0----00-","0-","---------0","----00--00","0","4","0","1","0","1","0","4","2","0"
"639","10","forall NODE1,NODE0. ep_epoch0(NODE0) | ep_epoch2(NODE0) | ep_epoch2(NODE1) | ep_epoch4(NODE1) | held(NODE0) | locked_epoch3(NODE1) | transfer_epoch2(NODE0) | transfer_epoch2(NODE1) | transfer_epoch4(NODE0) | transfer_epoch4(NODE1) | NODE0 = NODE1","13","0-0----0-00--------0------00--00","11","224","16","0401010420","0401010420","e0h0l0t0","0-0----0-0","0-","-------0--","----00--00","0","4","0","1","0","1","0","4","2","0"
"640","10","forall NODE1,NODE0. ep_epoch0(NODE0) | ep_epoch2(NODE0) | ep_epoch2(NODE1) | held(NODE0) | locked_epoch3(NODE1) | locked_epoch4(NODE1) | transfer_epoch2(NODE0) | transfer_epoch2(NODE1) | transfer_epoch4(NODE0) | transfer_epoch4(NODE1) | NODE0 = NODE1","13","0-0----0--0--------0-0----00--00","11","223","14","0301020420","0301020420","e0h0l0t0","0-0----0--","0-","-------0-0","----00--00","0","3","0","1","0","2","0","4","2","0"
"641","10","forall NODE1,NODE0. ep_epoch0(NODE0) | ep_epoch2(NODE1) | ep_epoch3(NODE0) | ep_epoch3(NODE1) | ep_epoch4(NODE1) | held(NODE0) | transfer_epoch2(NODE0) | transfer_epoch2(NODE1) | transfer_epoch3(NODE0) | transfer_epoch3(NODE1) | NODE0 = NODE1","13","0--0---0000---------------0000--","11","225","6","0501000420","0501000420","e0h0t0","0--0---000","0-","----------","----0000--","0","5","0","1","0","0","0","4","2","0"
"642","10","forall NODE1,NODE0. ep_epoch0(NODE0) | ep_epoch2(NODE1) | ep_epoch3(NODE0) | ep_epoch3(NODE1) | held(NODE0) | locked_epoch4(NODE1) | transfer_epoch2(NODE0) | transfer_epoch2(NODE1) | transfer_epoch3(NODE0) | transfer_epoch3(NODE1) | NODE0 = NODE1","13","0--0---00-0----------0----0000--","11","224","16","0401010420","0401010420","e0h0l0t0","0--0---00-","0-","---------0","----0000--","0","4","0","1","0","1","0","4","2","0"
"643","10","forall NODE1,NODE0. ep_epoch0(NODE0) | ep_epoch2(NODE1) | ep_epoch3(NODE1) | ep_epoch4(NODE1) | held(NODE0) | locked_epoch3(NODE0) | transfer_epoch2(NODE0) | transfer_epoch2(NODE1) | transfer_epoch3(NODE0) | transfer_epoch3(NODE1) | NODE0 = NODE1","13","0------0000-------0-------0000--","11","224","16","0401010420","0401010420","e0h0l0t0","0------000","0-","------0---","----0000--","0","4","0","1","0","1","0","4","2","0"
"644","10","forall NODE1,NODE0. ep_epoch0(NODE0) | ep_epoch2(NODE1) | ep_epoch3(NODE1) | held(NODE0) | locked_epoch3(NODE0) | locked_epoch4(NODE1) | transfer_epoch2(NODE0) | transfer_epoch2(NODE1) | transfer_epoch3(NODE0) | transfer_epoch3(NODE1) | NODE0 = NODE1","13","0------00-0-------0--0----0000--","11","223","14","0301020420","0301020420","e0h0l0t0","0------00-","0-","------0--0","----0000--","0","3","0","1","0","2","0","4","2","0"
"645","10","forall NODE1,NODE0. ep_epoch0(NODE0) | ep_epoch3(NODE0) | ep_epoch3(NODE1) | ep_epoch4(NODE1) | held(NODE0) | locked_epoch2(NODE1) | transfer_epoch2(NODE0) | transfer_epoch2(NODE1) | transfer_epoch3(NODE0) | transfer_epoch3(NODE1) | NODE0 = NODE1","13","0--0----000------0--------0000--","11","224","16","0401010420","0401010420","e0h0l0t0","0--0----00","0-","-----0----","----0000--","0","4","0","1","0","1","0","4","2","0"
"646","10","forall NODE1,NODE0. ep_epoch0(NODE0) | ep_epoch3(NODE0) | ep_epoch3(NODE1) | held(NODE0) | locked_epoch2(NODE1) | locked_epoch4(NODE1) | transfer_epoch2(NODE0) | transfer_epoch2(NODE1) | transfer_epoch3(NODE0) | transfer_epoch3(NODE1) | NODE0 = NODE1","13","0--0----0-0------0---0----0000--","11","223","14","0301020420","0301020420","e0h0l0t0","0--0----0-","0-","-----0---0","----0000--","0","3","0","1","0","2","0","4","2","0"
"647","10","forall NODE1,NODE0. ep_epoch0(NODE0) | ep_epoch3(NODE1) | ep_epoch4(NODE1) | held(NODE0) | locked_epoch2(NODE1) | locked_epoch3(NODE0) | transfer_epoch2(NODE0) | transfer_epoch2(NODE1) | transfer_epoch3(NODE0) | transfer_epoch3(NODE1) | NODE0 = NODE1","13","0-------000------00-------0000--","11","223","14","0301020420","0301020420","e0h0l0t0","0-------00","0-","-----00---","----0000--","0","3","0","1","0","2","0","4","2","0"
"648","10","forall NODE1,NODE0. ep_epoch0(NODE0) | ep_epoch3(NODE1) | held(NODE0) | locked_epoch2(NODE1) | locked_epoch3(NODE0) | locked_epoch4(NODE1) | transfer_epoch2(NODE0) | transfer_epoch2(NODE1) | transfer_epoch3(NODE0) | transfer_epoch3(NODE1) | NODE0 = NODE1","13","0-------0-0------00--0----0000--","11","222","4","0201030420","0201030420","e0h0l0t0","0-------0-","0-","-----00--0","----0000--","0","2","0","1","0","3","0","4","2","0"
"649","10","forall NODE1,NODE0. ep_epoch1(NODE0) | ep_epoch1(NODE1) | ep_epoch2(NODE0) | ep_epoch3(NODE0) | ep_epoch4(NODE0) | held(NODE1) | transfer_epoch3(NODE0) | transfer_epoch3(NODE1) | transfer_epoch4(NODE0) | transfer_epoch4(NODE1) | NODE0 = NODE1","13","-0000-0----0----------------0000","11","225","6","0501000420","0501000420","e0h0t0","-0000-0---","-0","----------","------0000","0","5","0","1","0","0","0","4","2","0"
"650","10","forall NODE1,NODE0. ep_epoch1(NODE0) | ep_epoch1(NODE1) | ep_epoch2(NODE0) | ep_epoch3(NODE0) | held(NODE1) | locked_epoch4(NODE0) | transfer_epoch3(NODE0) | transfer_epoch3(NODE1) | transfer_epoch4(NODE0) | transfer_epoch4(NODE1) | NODE0 = NODE1","13","-000--0----0--------0-------0000","11","224","16","0401010420","0401010420","e0h0l0t0","-000--0---","-0","--------0-","------0000","0","4","0","1","0","1","0","4","2","0"
"651","10","forall NODE1,NODE0. ep_epoch1(NODE0) | ep_epoch1(NODE1) | ep_epoch2(NODE0) | ep_epoch4(NODE0) | held(NODE1) | locked_epoch3(NODE0) | transfer_epoch3(NODE0) | transfer_epoch3(NODE1) | transfer_epoch4(NODE0) | transfer_epoch4(NODE1) | NODE0 = NODE1","13","-00-0-0----0------0---------0000","11","224","16","0401010420","0401010420","e0h0l0t0","-00-0-0---","-0","------0---","------0000","0","4","0","1","0","1","0","4","2","0"
"652","10","forall NODE1,NODE0. ep_epoch1(NODE0) | ep_epoch1(NODE1) | ep_epoch2(NODE0) | held(NODE1) | locked_epoch3(NODE0) | locked_epoch4(NODE0) | transfer_epoch3(NODE0) | transfer_epoch3(NODE1) | transfer_epoch4(NODE0) | transfer_epoch4(NODE1) | NODE0 = NODE1","13","-00---0----0------0-0-------0000","11","223","14","0301020420","0301020420","e0h0l0t0","-00---0---","-0","------0-0-","------0000","0","3","0","1","0","2","0","4","2","0"
"653","10","forall NODE1,NODE0. ep_epoch1(NODE0) | ep_epoch1(NODE1) | ep_epoch3(NODE0) | ep_epoch4(NODE0) | held(NODE1) | locked_epoch2(NODE0) | transfer_epoch3(NODE0) | transfer_epoch3(NODE1) | transfer_epoch4(NODE0) | transfer_epoch4(NODE1) | NODE0 = NODE1","13","-0-00-0----0----0-----------0000","11","224","16","0401010420","0401010420","e0h0l0t0","-0-00-0---","-0","----0-----","------0000","0","4","0","1","0","1","0","4","2","0"
"654","10","forall NODE1,NODE0. ep_epoch1(NODE0) | ep_epoch1(NODE1) | ep_epoch3(NODE0) | held(NODE1) | locked_epoch2(NODE0) | locked_epoch4(NODE0) | transfer_epoch3(NODE0) | transfer_epoch3(NODE1) | transfer_epoch4(NODE0) | transfer_epoch4(NODE1) | NODE0 = NODE1","13","-0-0--0----0----0---0-------0000","11","223","14","0301020420","0301020420","e0h0l0t0","-0-0--0---","-0","----0---0-","------0000","0","3","0","1","0","2","0","4","2","0"
"655","10","forall NODE1,NODE0. ep_epoch1(NODE0) | ep_epoch1(NODE1) | ep_epoch4(NODE0) | held(NODE1) | locked_epoch2(NODE0) | locked_epoch3(NODE0) | transfer_epoch3(NODE0) | transfer_epoch3(NODE1) | transfer_epoch4(NODE0) | transfer_epoch4(NODE1) | NODE0 = NODE1","13","-0--0-0----0----0-0---------0000","11","223","14","0301020420","0301020420","e0h0l0t0","-0--0-0---","-0","----0-0---","------0000","0","3","0","1","0","2","0","4","2","0"
"656","10","forall NODE1,NODE0. ep_epoch1(NODE0) | ep_epoch1(NODE1) | held(NODE1) | locked_epoch2(NODE0) | locked_epoch3(NODE0) | locked_epoch4(NODE0) | transfer_epoch3(NODE0) | transfer_epoch3(NODE1) | transfer_epoch4(NODE0) | transfer_epoch4(NODE1) | NODE0 = NODE1","13","-0----0---0------0-0-0------0000","11","222","4","0201030420","0201030420","e0h0l0t0","-0----0---","0-","-----0-0-0","------0000","0","2","0","1","0","3","0","4","2","0"
"657","10","forall NODE1,NODE0. ep_epoch1(NODE0) | ep_epoch2(NODE0) | ep_epoch2(NODE1) | ep_epoch3(NODE0) | ep_epoch4(NODE0) | held(NODE1) | transfer_epoch2(NODE0) | transfer_epoch2(NODE1) | transfer_epoch4(NODE0) | transfer_epoch4(NODE1) | NODE0 = NODE1","13","-0000--0---0--------------00--00","11","225","6","0501000420","0501000420","e0h0t0","-0000--0--","-0","----------","----00--00","0","5","0","1","0","0","0","4","2","0"
"658","10","forall NODE1,NODE0. ep_epoch1(NODE0) | ep_epoch2(NODE0) | ep_epoch2(NODE1) | ep_epoch3(NODE0) | held(NODE1) | locked_epoch4(NODE0) | transfer_epoch2(NODE0) | transfer_epoch2(NODE1) | transfer_epoch4(NODE0) | transfer_epoch4(NODE1) | NODE0 = NODE1","13","-000---0---0--------0-----00--00","11","224","16","0401010420","0401010420","e0h0l0t0","-000---0--","-0","--------0-","----00--00","0","4","0","1","0","1","0","4","2","0"
"659","10","forall NODE1,NODE0. ep_epoch1(NODE0) | ep_epoch2(NODE0) | ep_epoch2(NODE1) | ep_epoch4(NODE0) | held(NODE1) | locked_epoch3(NODE0) | transfer_epoch2(NODE0) | transfer_epoch2(NODE1) | transfer_epoch4(NODE0) | transfer_epoch4(NODE1) | NODE0 = NODE1","13","-00-0--0---0------0-------00--00","11","224","16","0401010420","0401010420","e0h0l0t0","-00-0--0--","-0","------0---","----00--00","0","4","0","1","0","1","0","4","2","0"
"660","10","forall NODE1,NODE0. ep_epoch1(NODE0) | ep_epoch2(NODE0) | ep_epoch2(NODE1) | held(NODE1) | locked_epoch3(NODE0) | locked_epoch4(NODE0) | transfer_epoch2(NODE0) | transfer_epoch2(NODE1) | transfer_epoch4(NODE0) | transfer_epoch4(NODE1) | NODE0 = NODE1","13","-00----0---0------0-0-----00--00","11","223","14","0301020420","0301020420","e0h0l0t0","-00----0--","-0","------0-0-","----00--00","0","3","0","1","0","2","0","4","2","0"
"661","10","forall NODE1,NODE0. ep_epoch1(NODE0) | ep_epoch2(NODE0) | ep_epoch3(NODE0) | ep_epoch3(NODE1) | ep_epoch4(NODE0) | held(NODE1) | transfer_epoch2(NODE0) | transfer_epoch2(NODE1) | transfer_epoch3(NODE0) | transfer_epoch3(NODE1) | NODE0 = NODE1","13","-0000---0--0--------------0000--","11","225","6","0501000420","0501000420","e0h0t0","-0000---0-","-0","----------","----0000--","0","5","0","1","0","0","0","4","2","0"
"662","10","forall NODE1,NODE0. ep_epoch1(NODE0) | ep_epoch2(NODE0) | ep_epoch3(NODE0) | ep_epoch3(NODE1) | held(NODE1) | locked_epoch4(NODE0) | transfer_epoch2(NODE0) | transfer_epoch2(NODE1) | transfer_epoch3(NODE0) | transfer_epoch3(NODE1) | NODE0 = NODE1","13","-000----0--0--------0-----0000--","11","224","16","0401010420","0401010420","e0h0l0t0","-000----0-","-0","--------0-","----0000--","0","4","0","1","0","1","0","4","2","0"
"663","10","forall NODE1,NODE0. ep_epoch1(NODE0) | ep_epoch2(NODE0) | ep_epoch3(NODE0) | ep_epoch4(NODE0) | held(NODE1) | locked_epoch3(NODE1) | transfer_epoch2(NODE0) | transfer_epoch2(NODE1) | transfer_epoch3(NODE0) | transfer_epoch3(NODE1) | NODE0 = NODE1","13","-0000------0-------0------0000--","11","224","16","0401010420","0401010420","e0h0l0t0","-0000-----","-0","-------0--","----0000--","0","4","0","1","0","1","0","4","2","0"
"664","10","forall NODE1,NODE0. ep_epoch1(NODE0) | ep_epoch2(NODE0) | ep_epoch3(NODE0) | held(NODE1) | locked_epoch3(NODE1) | locked_epoch4(NODE0) | transfer_epoch2(NODE0) | transfer_epoch2(NODE1) | transfer_epoch3(NODE0) | transfer_epoch3(NODE1) | NODE0 = NODE1","13","-000-------0-------00-----0000--","11","223","14","0301020420","0301020420","e0h0l0t0","-000------","-0","-------00-","----0000--","0","3","0","1","0","2","0","4","2","0"
"665","10","forall NODE1,NODE0. ep_epoch1(NODE0) | ep_epoch3(NODE0) | ep_epoch3(NODE1) | ep_epoch4(NODE0) | held(NODE1) | locked_epoch2(NODE0) | transfer_epoch2(NODE0) | transfer_epoch2(NODE1) | transfer_epoch3(NODE0) | transfer_epoch3(NODE1) | NODE0 = NODE1","13","-0-00---0--0----0---------0000--","11","224","16","0401010420","0401010420","e0h0l0t0","-0-00---0-","-0","----0-----","----0000--","0","4","0","1","0","1","0","4","2","0"
"666","10","forall NODE1,NODE0. ep_epoch1(NODE0) | ep_epoch3(NODE0) | ep_epoch3(NODE1) | held(NODE1) | locked_epoch2(NODE0) | locked_epoch4(NODE0) | transfer_epoch2(NODE0) | transfer_epoch2(NODE1) | transfer_epoch3(NODE0) | transfer_epoch3(NODE1) | NODE0 = NODE1","13","-0-0----0--0----0---0-----0000--","11","223","14","0301020420","0301020420","e0h0l0t0","-0-0----0-","-0","----0---0-","----0000--","0","3","0","1","0","2","0","4","2","0"
"667","10","forall NODE1,NODE0. ep_epoch1(NODE0) | ep_epoch3(NODE0) | ep_epoch4(NODE0) | held(NODE1) | locked_epoch2(NODE0) | locked_epoch3(NODE1) | transfer_epoch2(NODE0) | transfer_epoch2(NODE1) | transfer_epoch3(NODE0) | transfer_epoch3(NODE1) | NODE0 = NODE1","13","-0-00------0----0--0------0000--","11","223","14","0301020420","0301020420","e0h0l0t0","-0-00-----","-0","----0--0--","----0000--","0","3","0","1","0","2","0","4","2","0"
"668","10","forall NODE1,NODE0. ep_epoch1(NODE0) | ep_epoch3(NODE0) | held(NODE1) | locked_epoch2(NODE0) | locked_epoch3(NODE1) | locked_epoch4(NODE0) | transfer_epoch2(NODE0) | transfer_epoch2(NODE1) | transfer_epoch3(NODE0) | transfer_epoch3(NODE1) | NODE0 = NODE1","13","-0-0-------0----0--00-----0000--","11","222","4","0201030420","0201030420","e0h0l0t0","-0-0------","-0","----0--00-","----0000--","0","2","0","1","0","3","0","4","2","0"
"669","11","forall NODE1,NODE0. ep_epoch0(NODE0) | ep_epoch2(NODE1) | ep_epoch3(NODE1) | ep_epoch4(NODE1) | held(NODE0) | transfer_epoch2(NODE0) | transfer_epoch2(NODE1) | transfer_epoch3(NODE0) | transfer_epoch3(NODE1) | transfer_epoch4(NODE0) | transfer_epoch4(NODE1) | NODE0 = NODE1","14","0------0000---------------000000","12","229","2","0401000620","0401000620","e0h0t0","0------000","0-","----------","----000000","0","4","0","1","0","0","0","6","2","0"
"670","11","forall NODE1,NODE0. ep_epoch0(NODE0) | ep_epoch2(NODE1) | ep_epoch3(NODE1) | held(NODE0) | locked_epoch4(NODE1) | transfer_epoch2(NODE0) | transfer_epoch2(NODE1) | transfer_epoch3(NODE0) | transfer_epoch3(NODE1) | transfer_epoch4(NODE0) | transfer_epoch4(NODE1) | NODE0 = NODE1","14","0------00-0----------0----000000","12","228","6","0301010620","0301010620","e0h0l0t0","0------00-","0-","---------0","----000000","0","3","0","1","0","1","0","6","2","0"
"671","11","forall NODE1,NODE0. ep_epoch0(NODE0) | ep_epoch2(NODE1) | ep_epoch4(NODE1) | held(NODE0) | locked_epoch3(NODE1) | transfer_epoch2(NODE0) | transfer_epoch2(NODE1) | transfer_epoch3(NODE0) | transfer_epoch3(NODE1) | transfer_epoch4(NODE0) | transfer_epoch4(NODE1) | NODE0 = NODE1","14","0------0-00--------0------000000","12","228","6","0301010620","0301010620","e0h0l0t0","0------0-0","0-","-------0--","----000000","0","3","0","1","0","1","0","6","2","0"
"672","11","forall NODE1,NODE0. ep_epoch0(NODE0) | ep_epoch2(NODE1) | held(NODE0) | locked_epoch3(NODE1) | locked_epoch4(NODE1) | transfer_epoch2(NODE0) | transfer_epoch2(NODE1) | transfer_epoch3(NODE0) | transfer_epoch3(NODE1) | transfer_epoch4(NODE0) | transfer_epoch4(NODE1) | NODE0 = NODE1","14","0------0--0--------0-0----000000","12","227","6","0201020620","0201020620","e0h0l0t0","0------0--","0-","-------0-0","----000000","0","2","0","1","0","2","0","6","2","0"
"673","11","forall NODE1,NODE0. ep_epoch0(NODE0) | ep_epoch3(NODE1) | ep_epoch4(NODE1) | held(NODE0) | locked_epoch2(NODE1) | transfer_epoch2(NODE0) | transfer_epoch2(NODE1) | transfer_epoch3(NODE0) | transfer_epoch3(NODE1) | transfer_epoch4(NODE0) | transfer_epoch4(NODE1) | NODE0 = NODE1","14","0-------000------0--------000000","12","228","6","0301010620","0301010620","e0h0l0t0","0-------00","0-","-----0----","----000000","0","3","0","1","0","1","0","6","2","0"
"674","11","forall NODE1,NODE0. ep_epoch0(NODE0) | ep_epoch3(NODE1) | held(NODE0) | locked_epoch2(NODE1) | locked_epoch4(NODE1) | transfer_epoch2(NODE0) | transfer_epoch2(NODE1) | transfer_epoch3(NODE0) | transfer_epoch3(NODE1) | transfer_epoch4(NODE0) | transfer_epoch4(NODE1) | NODE0 = NODE1","14","0-------0-0------0---0----000000","12","227","6","0201020620","0201020620","e0h0l0t0","0-------0-","0-","-----0---0","----000000","0","2","0","1","0","2","0","6","2","0"
"675","11","forall NODE1,NODE0. ep_epoch0(NODE0) | ep_epoch4(NODE1) | held(NODE0) | locked_epoch2(NODE1) | locked_epoch3(NODE1) | transfer_epoch2(NODE0) | transfer_epoch2(NODE1) | transfer_epoch3(NODE0) | transfer_epoch3(NODE1) | transfer_epoch4(NODE0) | transfer_epoch4(NODE1) | NODE0 = NODE1","14","0--------00------0-0------000000","12","227","6","0201020620","0201020620","e0h0l0t0","0--------0","0-","-----0-0--","----000000","0","2","0","1","0","2","0","6","2","0"
"676","11","forall NODE1,NODE0. ep_epoch0(NODE0) | held(NODE0) | locked_epoch2(NODE1) | locked_epoch3(NODE1) | locked_epoch4(NODE1) | transfer_epoch2(NODE0) | transfer_epoch2(NODE1) | transfer_epoch3(NODE0) | transfer_epoch3(NODE1) | transfer_epoch4(NODE0) | transfer_epoch4(NODE1) | NODE0 = NODE1","14","0---------0------0-0-0----000000","12","226","2","0101030620","0101030620","e0h0l0t0","0---------","0-","-----0-0-0","----000000","0","1","0","1","0","3","0","6","2","0"
"677","11","forall NODE1,NODE0. ep_epoch1(NODE0) | ep_epoch2(NODE0) | ep_epoch3(NODE0) | ep_epoch4(NODE0) | held(NODE1) | transfer_epoch2(NODE0) | transfer_epoch2(NODE1) | transfer_epoch3(NODE0) | transfer_epoch3(NODE1) | transfer_epoch4(NODE0) | transfer_epoch4(NODE1) | NODE0 = NODE1","14","-0000------0--------------000000","12","229","2","0401000620","0401000620","e0h0t0","-0000-----","-0","----------","----000000","0","4","0","1","0","0","0","6","2","0"
"678","11","forall NODE1,NODE0. ep_epoch1(NODE0) | ep_epoch2(NODE0) | ep_epoch3(NODE0) | held(NODE1) | locked_epoch4(NODE0) | transfer_epoch2(NODE0) | transfer_epoch2(NODE1) | transfer_epoch3(NODE0) | transfer_epoch3(NODE1) | transfer_epoch4(NODE0) | transfer_epoch4(NODE1) | NODE0 = NODE1","14","-000-------0--------0-----000000","12","228","6","0301010620","0301010620","e0h0l0t0","-000------","-0","--------0-","----000000","0","3","0","1","0","1","0","6","2","0"
"679","11","forall NODE1,NODE0. ep_epoch1(NODE0) | ep_epoch2(NODE0) | ep_epoch4(NODE0) | held(NODE1) | locked_epoch3(NODE0) | transfer_epoch2(NODE0) | transfer_epoch2(NODE1) | transfer_epoch3(NODE0) | transfer_epoch3(NODE1) | transfer_epoch4(NODE0) | transfer_epoch4(NODE1) | NODE0 = NODE1","14","-00-0------0------0-------000000","12","228","6","0301010620","0301010620","e0h0l0t0","-00-0-----","-0","------0---","----000000","0","3","0","1","0","1","0","6","2","0"
"680","11","forall NODE1,NODE0. ep_epoch1(NODE0) | ep_epoch2(NODE0) | held(NODE1) | locked_epoch3(NODE0) | locked_epoch4(NODE0) | transfer_epoch2(NODE0) | transfer_epoch2(NODE1) | transfer_epoch3(NODE0) | transfer_epoch3(NODE1) | transfer_epoch4(NODE0) | transfer_epoch4(NODE1) | NODE0 = NODE1","14","-00--------0------0-0-----000000","12","227","6","0201020620","0201020620","e0h0l0t0","-00-------","-0","------0-0-","----000000","0","2","0","1","0","2","0","6","2","0"
"681","11","forall NODE1,NODE0. ep_epoch1(NODE0) | ep_epoch3(NODE0) | ep_epoch4(NODE0) | held(NODE1) | locked_epoch2(NODE0) | transfer_epoch2(NODE0) | transfer_epoch2(NODE1) | transfer_epoch3(NODE0) | transfer_epoch3(NODE1) | transfer_epoch4(NODE0) | transfer_epoch4(NODE1) | NODE0 = NODE1","14","-0-00------0----0---------000000","12","228","6","0301010620","0301010620","e0h0l0t0","-0-00-----","-0","----0-----","----000000","0","3","0","1","0","1","0","6","2","0"
"682","11","forall NODE1,NODE0. ep_epoch1(NODE0) | ep_epoch3(NODE0) | held(NODE1) | locked_epoch2(NODE0) | locked_epoch4(NODE0) | transfer_epoch2(NODE0) | transfer_epoch2(NODE1) | transfer_epoch3(NODE0) | transfer_epoch3(NODE1) | transfer_epoch4(NODE0) | transfer_epoch4(NODE1) | NODE0 = NODE1","14","-0-0-------0----0---0-----000000","12","227","6","0201020620","0201020620","e0h0l0t0","-0-0------","-0","----0---0-","----000000","0","2","0","1","0","2","0","6","2","0"
"683","11","forall NODE1,NODE0. ep_epoch1(NODE0) | ep_epoch4(NODE0) | held(NODE1) | locked_epoch2(NODE0) | locked_epoch3(NODE0) | transfer_epoch2(NODE0) | transfer_epoch2(NODE1) | transfer_epoch3(NODE0) | transfer_epoch3(NODE1) | transfer_epoch4(NODE0) | transfer_epoch4(NODE1) | NODE0 = NODE1","14","-0--0------0----0-0-------000000","12","227","6","0201020620","0201020620","e0h0l0t0","-0--0-----","-0","----0-0---","----000000","0","2","0","1","0","2","0","6","2","0"
"684","11","forall NODE1,NODE0. ep_epoch1(NODE0) | held(NODE1) | locked_epoch2(NODE0) | locked_epoch3(NODE0) | locked_epoch4(NODE0) | transfer_epoch2(NODE0) | transfer_epoch2(NODE1) | transfer_epoch3(NODE0) | transfer_epoch3(NODE1) | transfer_epoch4(NODE0) | transfer_epoch4(NODE1) | NODE0 = NODE1","14","-0---------0----0-0-0-----000000","12","226","2","0101030620","0101030620","e0h0l0t0","-0--------","-0","----0-0-0-","----000000","0","1","0","1","0","3","0","6","2","0"
