
*********************************************************************

	[QRM]: ivybench/total/ivy/distributed_lock_v2.ivy

*********************************************************************


***************************************************************************************************

	[Synthesize Rmin]: [ivybench/total/ivy/distributed_lock_v2.ivy: node=2,epoch=4]

***************************************************************************************************

python3 qrm.py ivybench/total/ivy/distributed_lock_v2.ivy -s node=2,epoch=4 -f 1 -g -w -v 4 -l distributed_lock_v2_epoch_4.log -y -a -k --csv

epoch


=========================================================================================================

	[FW]: Forward Reachability on [ivybench/total/ivy/distributed_lock_v2.ivy: node=2,epoch=4]

=========================================================================================================


==============================================

	Set up for forward reachability

==============================================

[FW NOTE]: number of state atoms: 26

[FW NOTE]: number of interpreted atoms (e.g. member,le): 30

[FW NOTE]: symmetric group order: 48

[FW NOTE]: number of branching actions: 24

ivy_to_cpp target=qrm distributed_lock_v2.node_2_epoch_4.finite.ivy

[IVY_TO_CPP RESULT]: OK

swig -c++ -python -o distributed_lock_v2.node_2_epoch_4.finite_wrap.cpp ivy_exec.i

[SWIG RESULT]: OK

g++ -std=c++11 -fpic -pthread -O3 distributed_lock_v2.node_2_epoch_4.finite.cpp distributed_lock_v2.node_2_epoch_4.finite_wrap.cpp -I/usr/include/python3.12 -c

[G++ RESULT]: OK

g++ -shared distributed_lock_v2.node_2_epoch_4.finite.o distributed_lock_v2.node_2_epoch_4.finite_wrap.o -o _ivy_exec.so -lm -lstdc++

[LINK RESULT]: OK

[QRM NOTE]: Time elapsed since start: 6.702 seconds

[QRM NOTE]: Time elapsed since last: 6.702 seconds

[QRM NOTE]: Peak memory: 688100 bytes


===================================

	Forward reachability

===================================

[FW NOTE]: dfs max depth: 4

[FW NOTE]: number of total reachable states:        24

[FW NOTE]: number of dfs representative states:     12

[FW NOTE]: number of dfs non-representative states: 12


================================================================================================================

	[FW RESULT]: Forward Reachability on [ivybench/total/ivy/distributed_lock_v2.ivy: node=2,epoch=4]

================================================================================================================

sort: node=['node0', 'node1']
sort: epoch=['epoch0', 'epoch1', 'epoch2', 'epoch3']
predicate: le('epoch', 'epoch')
predicate: firste=('epoch',)
predicate: zero=('epoch',)
predicate: ep=('node', 'epoch')
predicate: max=('epoch',)
predicate: held('node',)
predicate: locked('epoch', 'node')
predicate: first=('node',)
predicate: transfer('epoch', 'node')
interpreted atoms: {'(first=node0)': '1', '(first=node1)': '0', '(firste=epoch0)': '0', '(firste=epoch1)': '1', '(firste=epoch2)': '0', '(firste=epoch3)': '0', 'le(epoch0,epoch0)': '1', 'le(epoch0,epoch1)': '1', 'le(epoch0,epoch2)': '1', 'le(epoch0,epoch3)': '1', 'le(epoch1,epoch0)': '0', 'le(epoch1,epoch1)': '1', 'le(epoch1,epoch2)': '1', 'le(epoch1,epoch3)': '1', 'le(epoch2,epoch0)': '0', 'le(epoch2,epoch1)': '0', 'le(epoch2,epoch2)': '1', 'le(epoch2,epoch3)': '1', 'le(epoch3,epoch0)': '0', 'le(epoch3,epoch1)': '0', 'le(epoch3,epoch2)': '0', 'le(epoch3,epoch3)': '1', '(max=epoch0)': '0', '(max=epoch1)': '0', '(max=epoch2)': '0', '(max=epoch3)': '1', '(zero=epoch0)': '1', '(zero=epoch1)': '0', '(zero=epoch2)': '0', '(zero=epoch3)': '0'}
state atoms: ['(ep(node0)=epoch0)', '(ep(node0)=epoch1)', '(ep(node0)=epoch2)', '(ep(node0)=epoch3)', '(ep(node1)=epoch0)', '(ep(node1)=epoch1)', '(ep(node1)=epoch2)', '(ep(node1)=epoch3)', 'held(node0)', 'held(node1)', 'locked(epoch0,node0)', 'locked(epoch0,node1)', 'locked(epoch1,node0)', 'locked(epoch1,node1)', 'locked(epoch2,node0)', 'locked(epoch2,node1)', 'locked(epoch3,node0)', 'locked(epoch3,node1)', 'transfer(epoch0,node0)', 'transfer(epoch0,node1)', 'transfer(epoch1,node0)', 'transfer(epoch1,node1)', 'transfer(epoch2,node0)', 'transfer(epoch2,node1)', 'transfer(epoch3,node0)', 'transfer(epoch3,node1)']
representative states : 20406936431702296, 20266207533281560, 11401936200216856, 11261200859345176, 6898886328660248, 11261199785603352, 5208936956768536, 20266203238314264, 10276036293374232, 10135299878760728, 10135300952502552, 5772986421817624


=== State Orbit 0 =====================
size : 2
repr state: 01001000100000000000000000
lex min decimal: 0x48800024f73118
states:
01001000100000000000000000
10000100010000000000000000

State 0:
ep(node0): epoch1
ep(node1): epoch0
held(node0): 1

State 1:
ep(node0): epoch0
ep(node1): epoch1
held(node1): 1




=== State Orbit 1 =====================
size : 2
repr state: 01001000000000000000001000
lex min decimal: 0x48000224f73118
states:
01001000000000000000001000
10000100000000000000000100

State 0:
ep(node0): epoch1
ep(node1): epoch0
transfer(epoch2,node0): 1

State 1:
ep(node0): epoch0
ep(node1): epoch1
transfer(epoch2,node1): 1




=== State Orbit 2 =====================
size : 2
repr state: 00101000100000100000000000
lex min decimal: 0x28820024f73118
states:
00101000100000100000000000
10000010010000010000000000

State 0:
ep(node0): epoch2
ep(node1): epoch0
held(node0): 1
locked(epoch2,node0): 1

State 1:
ep(node0): epoch0
ep(node1): epoch2
held(node1): 1
locked(epoch2,node1): 1




=== State Orbit 3 =====================
size : 2
repr state: 00101000000000100000000010
lex min decimal: 0x280200a4f73118
states:
00101000000000100000000010
10000010000000010000000001

State 0:
ep(node0): epoch2
ep(node1): epoch0
locked(epoch2,node0): 1
transfer(epoch3,node0): 1

State 1:
ep(node0): epoch0
ep(node1): epoch2
locked(epoch2,node1): 1
transfer(epoch3,node1): 1




=== State Orbit 4 =====================
size : 2
repr state: 00011000100000101000000000
lex min decimal: 0x18828024f73118
states:
00011000100000101000000000
10000001010000010100000000

State 0:
ep(node0): epoch3
ep(node1): epoch0
held(node0): 1
locked(epoch2,node0): 1
locked(epoch3,node0): 1

State 1:
ep(node0): epoch0
ep(node1): epoch3
held(node1): 1
locked(epoch2,node1): 1
locked(epoch3,node1): 1




=== State Orbit 5 =====================
size : 2
repr state: 00101000000000100000000001
lex min decimal: 0x28020064f73118
states:
00101000000000100000000001
10000010000000010000000010

State 0:
ep(node0): epoch2
ep(node1): epoch0
locked(epoch2,node0): 1
transfer(epoch3,node1): 1

State 1:
ep(node0): epoch0
ep(node1): epoch2
locked(epoch2,node1): 1
transfer(epoch3,node0): 1




=== State Orbit 6 =====================
size : 2
repr state: 00100001010000100100000000
lex min decimal: 0x12818024f73118
states:
00100001010000100100000000
00010010100000011000000000

State 0:
ep(node0): epoch2
ep(node1): epoch3
held(node1): 1
locked(epoch2,node0): 1
locked(epoch3,node1): 1

State 1:
ep(node0): epoch3
ep(node1): epoch2
held(node0): 1
locked(epoch2,node1): 1
locked(epoch3,node0): 1




=== State Orbit 7 =====================
size : 2
repr state: 01001000000000000000000100
lex min decimal: 0x48000124f73118
states:
01001000000000000000000100
10000100000000000000001000

State 0:
ep(node0): epoch1
ep(node1): epoch0
transfer(epoch2,node1): 1

State 1:
ep(node0): epoch0
ep(node1): epoch1
transfer(epoch2,node0): 1




=== State Orbit 8 =====================
size : 2
repr state: 01000010010000010000000000
lex min decimal: 0x24820024f73118
states:
01000010010000010000000000
00100100100000100000000000

State 0:
ep(node0): epoch1
ep(node1): epoch2
held(node1): 1
locked(epoch2,node1): 1

State 1:
ep(node0): epoch2
ep(node1): epoch1
held(node0): 1
locked(epoch2,node0): 1




=== State Orbit 9 =====================
size : 2
repr state: 01000010000000010000000010
lex min decimal: 0x24020064f73118
states:
01000010000000010000000010
00100100000000100000000001

State 0:
ep(node0): epoch1
ep(node1): epoch2
locked(epoch2,node1): 1
transfer(epoch3,node0): 1

State 1:
ep(node0): epoch2
ep(node1): epoch1
locked(epoch2,node0): 1
transfer(epoch3,node1): 1




=== State Orbit 10 =====================
size : 2
repr state: 01000010000000010000000001
lex min decimal: 0x240200a4f73118
states:
01000010000000010000000001
00100100000000100000000010

State 0:
ep(node0): epoch1
ep(node1): epoch2
locked(epoch2,node1): 1
transfer(epoch3,node1): 1

State 1:
ep(node0): epoch2
ep(node1): epoch1
locked(epoch2,node0): 1
transfer(epoch3,node0): 1




=== State Orbit 11 =====================
size : 2
repr state: 01000001010000010100000000
lex min decimal: 0x14828024f73118
states:
01000001010000010100000000
00010100100000101000000000

State 0:
ep(node0): epoch1
ep(node1): epoch3
held(node1): 1
locked(epoch2,node1): 1
locked(epoch3,node1): 1

State 1:
ep(node0): epoch3
ep(node1): epoch1
held(node0): 1
locked(epoch2,node0): 1
locked(epoch3,node0): 1



[QRM NOTE]: Time elapsed since start: 6.771 seconds

[QRM NOTE]: Time elapsed since last: 0.069 seconds

[QRM NOTE]: Peak memory: 207243 bytes


==================================

	Curry Ordered Sorts

==================================


---------- Currying Ordered Sorts ----------

[CURRY]: curried 24 atoms

[CURRY]: curried state atoms: ['ep_epoch0(node0)', 'ep_epoch1(node0)', 'ep_epoch2(node0)', 'ep_epoch3(node0)', 'ep_epoch0(node1)', 'ep_epoch1(node1)', 'ep_epoch2(node1)', 'ep_epoch3(node1)', 'held(node0)', 'held(node1)', 'locked_epoch0(node0)', 'locked_epoch0(node1)', 'locked_epoch1(node0)', 'locked_epoch1(node1)', 'locked_epoch2(node0)', 'locked_epoch2(node1)', 'locked_epoch3(node0)', 'locked_epoch3(node1)', 'transfer_epoch0(node0)', 'transfer_epoch0(node1)', 'transfer_epoch1(node0)', 'transfer_epoch1(node1)', 'transfer_epoch2(node0)', 'transfer_epoch2(node1)', 'transfer_epoch3(node0)', 'transfer_epoch3(node1)']

[QRM NOTE]: Time elapsed since start: 6.778 seconds

[QRM NOTE]: Time elapsed since last: 0.007 seconds

[QRM NOTE]: Peak memory: 257972 bytes


================================================================================================================

	[PRIME]: Prime Orbit Generatation on [ivybench/total/ivy/distributed_lock_v2.ivy: node=2,epoch=4]

================================================================================================================


===========================================================================================================

	[PRIME RESULT]: Prime Orbits on [ivybench/total/ivy/distributed_lock_v2.ivy: node=2,epoch=4]

===========================================================================================================


=== Prime Orbit 0 =====================
size : 2
num_suborbits: 1
2 (*) : ----------1---------------
2     : ['locked_epoch0(node0)']
3     : -----------1--------------
3     : ['locked_epoch0(node1)']
num_forall :   0
num_exists :   0
num_literals : 0
quantified form : None
qcost : 0


=== Prime Orbit 1 =====================
size : 2
num_suborbits: 1
4 (*) : ------------1-------------
4     : ['locked_epoch1(node0)']
5     : -------------1------------
5     : ['locked_epoch1(node1)']
num_forall :   0
num_exists :   0
num_literals : 0
quantified form : None
qcost : 0


=== Prime Orbit 2 =====================
size : 2
num_suborbits: 1
6 (*) : ------------------1-------
6     : ['transfer_epoch0(node0)']
7     : -------------------1------
7     : ['transfer_epoch0(node1)']
num_forall :   0
num_exists :   0
num_literals : 0
quantified form : None
qcost : 0


=== Prime Orbit 3 =====================
size : 2
num_suborbits: 1
0 (*) : --------------------1-----
0     : ['transfer_epoch1(node0)']
1     : ---------------------1----
1     : ['transfer_epoch1(node1)']
num_forall :   0
num_exists :   0
num_literals : 0
quantified form : None
qcost : 0


=== Prime Orbit 4 =====================
size : 1
num_suborbits: 1
60 (*) : 1---1---------------------
60     : ['ep_epoch0(node0)', 'ep_epoch0(node1)']
num_forall :   0
num_exists :   0
num_literals : 0
quantified form : None
qcost : 0


=== Prime Orbit 5 =====================
size : 2
num_suborbits: 1
28 (*) : 11------------------------
28     : ['ep_epoch0(node0)', 'ep_epoch1(node0)']
29     : ----11--------------------
29     : ['ep_epoch0(node1)', 'ep_epoch1(node1)']
num_forall :   0
num_exists :   0
num_literals : 0
quantified form : None
qcost : 0


=== Prime Orbit 6 =====================
size : 2
num_suborbits: 1
20 (*) : 1-1-----------------------
20     : ['ep_epoch0(node0)', 'ep_epoch2(node0)']
21     : ----1-1-------------------
21     : ['ep_epoch0(node1)', 'ep_epoch2(node1)']
num_forall :   0
num_exists :   0
num_literals : 0
quantified form : None
qcost : 0


=== Prime Orbit 7 =====================
size : 2
num_suborbits: 1
16 (*) : 1--1----------------------
16     : ['ep_epoch0(node0)', 'ep_epoch3(node0)']
17     : ----1--1------------------
17     : ['ep_epoch0(node1)', 'ep_epoch3(node1)']
num_forall :   0
num_exists :   0
num_literals : 0
quantified form : None
qcost : 0


=== Prime Orbit 8 =====================
size : 2
num_suborbits: 1
54 (*) : 1-------1-----------------
54     : ['ep_epoch0(node0)', 'held(node0)']
53     : ----1----1----------------
53     : ['ep_epoch0(node1)', 'held(node1)']
num_forall :   0
num_exists :   0
num_literals : 0
quantified form : None
qcost : 0


=== Prime Orbit 9 =====================
size : 2
num_suborbits: 1
18 (*) : 1-------------1-----------
18     : ['ep_epoch0(node0)', 'locked_epoch2(node0)']
19     : ----1----------1----------
19     : ['ep_epoch0(node1)', 'locked_epoch2(node1)']
num_forall :   0
num_exists :   0
num_literals : 0
quantified form : None
qcost : 0


=== Prime Orbit 10 =====================
size : 2
num_suborbits: 1
76 (*) : 1---------------1---------
76     : ['ep_epoch0(node0)', 'locked_epoch3(node0)']
77     : ----1------------1--------
77     : ['ep_epoch0(node1)', 'locked_epoch3(node1)']
num_forall :   0
num_exists :   0
num_literals : 0
quantified form : None
qcost : 0


=== Prime Orbit 11 =====================
size : 1
num_suborbits: 1
67 (*) : -1---1--------------------
67     : ['ep_epoch1(node0)', 'ep_epoch1(node1)']
num_forall :   0
num_exists :   0
num_literals : 0
quantified form : None
qcost : 0


=== Prime Orbit 12 =====================
size : 2
num_suborbits: 1
24 (*) : -11-----------------------
24     : ['ep_epoch1(node0)', 'ep_epoch2(node0)']
25     : -----11-------------------
25     : ['ep_epoch1(node1)', 'ep_epoch2(node1)']
num_forall :   0
num_exists :   0
num_literals : 0
quantified form : None
qcost : 0


=== Prime Orbit 13 =====================
size : 2
num_suborbits: 1
26 (*) : -1-1----------------------
26     : ['ep_epoch1(node0)', 'ep_epoch3(node0)']
27     : -----1-1------------------
27     : ['ep_epoch1(node1)', 'ep_epoch3(node1)']
num_forall :   0
num_exists :   0
num_literals : 0
quantified form : None
qcost : 0


=== Prime Orbit 14 =====================
size : 2
num_suborbits: 1
22 (*) : -1------------1-----------
22     : ['ep_epoch1(node0)', 'locked_epoch2(node0)']
23     : -----1---------1----------
23     : ['ep_epoch1(node1)', 'locked_epoch2(node1)']
num_forall :   0
num_exists :   0
num_literals : 0
quantified form : None
qcost : 0


=== Prime Orbit 15 =====================
size : 2
num_suborbits: 1
74 (*) : -1--------------1---------
74     : ['ep_epoch1(node0)', 'locked_epoch3(node0)']
75     : -----1-----------1--------
75     : ['ep_epoch1(node1)', 'locked_epoch3(node1)']
num_forall :   0
num_exists :   0
num_literals : 0
quantified form : None
qcost : 0


=== Prime Orbit 16 =====================
size : 1
num_suborbits: 1
63 (*) : --1---1-------------------
63     : ['ep_epoch2(node0)', 'ep_epoch2(node1)']
num_forall :   0
num_exists :   0
num_literals : 0
quantified form : None
qcost : 0


=== Prime Orbit 17 =====================
size : 2
num_suborbits: 1
10 (*) : --11----------------------
10     : ['ep_epoch2(node0)', 'ep_epoch3(node0)']
11     : ------11------------------
11     : ['ep_epoch2(node1)', 'ep_epoch3(node1)']
num_forall :   0
num_exists :   0
num_literals : 0
quantified form : None
qcost : 0


=== Prime Orbit 18 =====================
size : 2
num_suborbits: 1
62 (*) : --1------------1----------
62     : ['ep_epoch2(node0)', 'locked_epoch2(node1)']
61     : ------1-------1-----------
61     : ['ep_epoch2(node1)', 'locked_epoch2(node0)']
num_forall :   0
num_exists :   0
num_literals : 0
quantified form : None
qcost : 0


=== Prime Orbit 19 =====================
size : 2
num_suborbits: 1
80 (*) : --1-------------1---------
80     : ['ep_epoch2(node0)', 'locked_epoch3(node0)']
81     : ------1----------1--------
81     : ['ep_epoch2(node1)', 'locked_epoch3(node1)']
num_forall :   0
num_exists :   0
num_literals : 0
quantified form : None
qcost : 0


=== Prime Orbit 20 =====================
size : 4
num_suborbits: 2
40 (*) : --1-------------------1---
40     : ['ep_epoch2(node0)', 'transfer_epoch2(node0)']
35     : --1--------------------1--
35     : ['ep_epoch2(node0)', 'transfer_epoch2(node1)']
34     : ------1---------------1---
34     : ['ep_epoch2(node1)', 'transfer_epoch2(node0)']
41     : ------1----------------1--
41     : ['ep_epoch2(node1)', 'transfer_epoch2(node1)']
num_forall :   0
num_exists :   0
num_literals : 0
quantified form : None
qcost : 0


=== Prime Orbit 21 =====================
size : 2
num_suborbits: 1
12 (*) : --1-----------0-----------
12     : ['ep_epoch2(node0)', '~locked_epoch2(node0)']
13     : ------1--------0----------
13     : ['ep_epoch2(node1)', '~locked_epoch2(node1)']
num_forall :   0
num_exists :   0
num_literals : 0
quantified form : None
qcost : 0


=== Prime Orbit 22 =====================
size : 1
num_suborbits: 1
48 (*) : ---1---1------------------
48     : ['ep_epoch3(node0)', 'ep_epoch3(node1)']
num_forall :   0
num_exists :   0
num_literals : 0
quantified form : None
qcost : 0


=== Prime Orbit 23 =====================
size : 2
num_suborbits: 1
52 (*) : ---1-----1----------------
52     : ['ep_epoch3(node0)', 'held(node1)']
51     : -------11-----------------
51     : ['ep_epoch3(node1)', 'held(node0)']
num_forall :   0
num_exists :   0
num_literals : 0
quantified form : None
qcost : 0


=== Prime Orbit 24 =====================
size : 2
num_suborbits: 1
93 (*) : ---1-------------1--------
93     : ['ep_epoch3(node0)', 'locked_epoch3(node1)']
92     : -------1--------1---------
92     : ['ep_epoch3(node1)', 'locked_epoch3(node0)']
num_forall :   0
num_exists :   0
num_literals : 0
quantified form : None
qcost : 0


=== Prime Orbit 25 =====================
size : 4
num_suborbits: 2
44 (*) : ---1------------------1---
44     : ['ep_epoch3(node0)', 'transfer_epoch2(node0)']
43     : ---1-------------------1--
43     : ['ep_epoch3(node0)', 'transfer_epoch2(node1)']
42     : -------1--------------1---
42     : ['ep_epoch3(node1)', 'transfer_epoch2(node0)']
45     : -------1---------------1--
45     : ['ep_epoch3(node1)', 'transfer_epoch2(node1)']
num_forall :   0
num_exists :   0
num_literals : 0
quantified form : None
qcost : 0


=== Prime Orbit 26 =====================
size : 4
num_suborbits: 2
50 (*) : ---1--------------------1-
50     : ['ep_epoch3(node0)', 'transfer_epoch3(node0)']
14     : ---1---------------------1
14     : ['ep_epoch3(node0)', 'transfer_epoch3(node1)']
15     : -------1----------------1-
15     : ['ep_epoch3(node1)', 'transfer_epoch3(node0)']
49     : -------1-----------------1
49     : ['ep_epoch3(node1)', 'transfer_epoch3(node1)']
num_forall :   0
num_exists :   0
num_literals : 0
quantified form : None
qcost : 0


=== Prime Orbit 27 =====================
size : 2
num_suborbits: 1
47 (*) : ---1----0-----------------
47     : ['ep_epoch3(node0)', '~held(node0)']
46     : -------1-0----------------
46     : ['ep_epoch3(node1)', '~held(node1)']
num_forall :   0
num_exists :   0
num_literals : 0
quantified form : None
qcost : 0


=== Prime Orbit 28 =====================
size : 2
num_suborbits: 1
8 (*) : ---1------------0---------
8     : ['ep_epoch3(node0)', '~locked_epoch3(node0)']
9     : -------1---------0--------
9     : ['ep_epoch3(node1)', '~locked_epoch3(node1)']
num_forall :   0
num_exists :   0
num_literals : 0
quantified form : None
qcost : 0


=== Prime Orbit 29 =====================
size : 1
num_suborbits: 1
55 (*) : --------11----------------
55     : ['held(node0)', 'held(node1)']
num_forall :   0
num_exists :   0
num_literals : 0
quantified form : None
qcost : 0


=== Prime Orbit 30 =====================
size : 2
num_suborbits: 1
89 (*) : --------1--------1--------
89     : ['held(node0)', 'locked_epoch3(node1)']
88     : ---------1------1---------
88     : ['held(node1)', 'locked_epoch3(node0)']
num_forall :   0
num_exists :   0
num_literals : 0
quantified form : None
qcost : 0


=== Prime Orbit 31 =====================
size : 4
num_suborbits: 2
32 (*) : --------1-------------1---
32     : ['held(node0)', 'transfer_epoch2(node0)']
37     : --------1--------------1--
37     : ['held(node0)', 'transfer_epoch2(node1)']
36     : ---------1------------1---
36     : ['held(node1)', 'transfer_epoch2(node0)']
33     : ---------1-------------1--
33     : ['held(node1)', 'transfer_epoch2(node1)']
num_forall :   0
num_exists :   0
num_literals : 0
quantified form : None
qcost : 0


=== Prime Orbit 32 =====================
size : 4
num_suborbits: 2
57 (*) : --------1---------------1-
57     : ['held(node0)', 'transfer_epoch3(node0)']
58     : --------1----------------1
58     : ['held(node0)', 'transfer_epoch3(node1)']
59     : ---------1--------------1-
59     : ['held(node1)', 'transfer_epoch3(node0)']
56     : ---------1---------------1
56     : ['held(node1)', 'transfer_epoch3(node1)']
num_forall :   0
num_exists :   0
num_literals : 0
quantified form : None
qcost : 0


=== Prime Orbit 33 =====================
size : 1
num_suborbits: 1
64 (*) : --------------11----------
64     : ['locked_epoch2(node0)', 'locked_epoch2(node1)']
num_forall :   0
num_exists :   0
num_literals : 0
quantified form : None
qcost : 0


=== Prime Orbit 34 =====================
size : 4
num_suborbits: 2
38 (*) : --------------1-------1---
38     : ['locked_epoch2(node0)', 'transfer_epoch2(node0)']
66     : --------------1--------1--
66     : ['locked_epoch2(node0)', 'transfer_epoch2(node1)']
65     : ---------------1------1---
65     : ['locked_epoch2(node1)', 'transfer_epoch2(node0)']
39     : ---------------1-------1--
39     : ['locked_epoch2(node1)', 'transfer_epoch2(node1)']
num_forall :   0
num_exists :   0
num_literals : 0
quantified form : None
qcost : 0


=== Prime Orbit 35 =====================
size : 1
num_suborbits: 1
94 (*) : ----------------11--------
94     : ['locked_epoch3(node0)', 'locked_epoch3(node1)']
num_forall :   0
num_exists :   0
num_literals : 0
quantified form : None
qcost : 0


=== Prime Orbit 36 =====================
size : 4
num_suborbits: 2
90 (*) : ----------------1-----1---
90     : ['locked_epoch3(node0)', 'transfer_epoch2(node0)']
86     : ----------------1------1--
86     : ['locked_epoch3(node0)', 'transfer_epoch2(node1)']
87     : -----------------1----1---
87     : ['locked_epoch3(node1)', 'transfer_epoch2(node0)']
91     : -----------------1-----1--
91     : ['locked_epoch3(node1)', 'transfer_epoch2(node1)']
num_forall :   0
num_exists :   0
num_literals : 0
quantified form : None
qcost : 0


=== Prime Orbit 37 =====================
size : 4
num_suborbits: 2
82 (*) : ----------------1-------1-
82     : ['locked_epoch3(node0)', 'transfer_epoch3(node0)']
84     : ----------------1--------1
84     : ['locked_epoch3(node0)', 'transfer_epoch3(node1)']
85     : -----------------1------1-
85     : ['locked_epoch3(node1)', 'transfer_epoch3(node0)']
83     : -----------------1-------1
83     : ['locked_epoch3(node1)', 'transfer_epoch3(node1)']
num_forall :   0
num_exists :   0
num_literals : 0
quantified form : None
qcost : 0


=== Prime Orbit 38 =====================
size : 2
num_suborbits: 1
72 (*) : ---0------------1---------
72     : ['locked_epoch3(node0)', '~ep_epoch3(node0)']
73     : -------0---------1--------
73     : ['locked_epoch3(node1)', '~ep_epoch3(node1)']
num_forall :   0
num_exists :   0
num_literals : 0
quantified form : None
qcost : 0


=== Prime Orbit 39 =====================
size : 2
num_suborbits: 1
78 (*) : --------0-------1---------
78     : ['locked_epoch3(node0)', '~held(node0)']
79     : ---------0-------1--------
79     : ['locked_epoch3(node1)', '~held(node1)']
num_forall :   0
num_exists :   0
num_literals : 0
quantified form : None
qcost : 0


=== Prime Orbit 40 =====================
size : 1
num_suborbits: 1
68 (*) : ----------------------11--
68     : ['transfer_epoch2(node0)', 'transfer_epoch2(node1)']
num_forall :   0
num_exists :   0
num_literals : 0
quantified form : None
qcost : 0


=== Prime Orbit 41 =====================
size : 4
num_suborbits: 2
70 (*) : ----------------------1-1-
70     : ['transfer_epoch2(node0)', 'transfer_epoch3(node0)']
30     : ----------------------1--1
30     : ['transfer_epoch2(node0)', 'transfer_epoch3(node1)']
31     : -----------------------11-
31     : ['transfer_epoch2(node1)', 'transfer_epoch3(node0)']
69     : -----------------------1-1
69     : ['transfer_epoch2(node1)', 'transfer_epoch3(node1)']
num_forall :   0
num_exists :   0
num_literals : 0
quantified form : None
qcost : 0


=== Prime Orbit 42 =====================
size : 1
num_suborbits: 1
71 (*) : ------------------------11
71     : ['transfer_epoch3(node0)', 'transfer_epoch3(node1)']
num_forall :   0
num_exists :   0
num_literals : 0
quantified form : None
qcost : 0


=== Prime Orbit 43 =====================
size : 4
num_suborbits: 2
167 (*) : 1----1------------------1-
167     : ['ep_epoch0(node0)', 'ep_epoch1(node1)', 'transfer_epoch3(node0)']
169     : 1----1-------------------1
169     : ['ep_epoch0(node0)', 'ep_epoch1(node1)', 'transfer_epoch3(node1)']
170     : -1--1-------------------1-
170     : ['ep_epoch0(node1)', 'ep_epoch1(node0)', 'transfer_epoch3(node0)']
168     : -1--1--------------------1
168     : ['ep_epoch0(node1)', 'ep_epoch1(node0)', 'transfer_epoch3(node1)']
num_forall :   0
num_exists :   0
num_literals : 0
quantified form : None
qcost : 0


=== Prime Orbit 44 =====================
size : 2
num_suborbits: 1
133 (*) : 1------1-------0----------
133     : ['ep_epoch0(node0)', 'ep_epoch3(node1)', '~locked_epoch2(node1)']
134     : ---11---------0-----------
134     : ['ep_epoch0(node1)', 'ep_epoch3(node0)', '~locked_epoch2(node0)']
num_forall :   0
num_exists :   0
num_literals : 0
quantified form : None
qcost : 0


=== Prime Orbit 45 =====================
size : 2
num_suborbits: 1
131 (*) : 1--------------0-1--------
131     : ['ep_epoch0(node0)', 'locked_epoch3(node1)', '~locked_epoch2(node1)']
132     : ----1---------0-1---------
132     : ['ep_epoch0(node1)', 'locked_epoch3(node0)', '~locked_epoch2(node0)']
num_forall :   0
num_exists :   0
num_literals : 0
quantified form : None
qcost : 0


=== Prime Orbit 46 =====================
size : 4
num_suborbits: 2
189 (*) : 1----0----------------1---
189     : ['ep_epoch0(node0)', 'transfer_epoch2(node0)', '~ep_epoch1(node1)']
175     : 1----0-----------------1--
175     : ['ep_epoch0(node0)', 'transfer_epoch2(node1)', '~ep_epoch1(node1)']
176     : -0--1-----------------1---
176     : ['ep_epoch0(node1)', 'transfer_epoch2(node0)', '~ep_epoch1(node0)']
190     : -0--1------------------1--
190     : ['ep_epoch0(node1)', 'transfer_epoch2(node1)', '~ep_epoch1(node0)']
num_forall :   0
num_exists :   0
num_literals : 0
quantified form : None
qcost : 0


=== Prime Orbit 47 =====================
size : 4
num_suborbits: 2
151 (*) : 1-----0-----------------1-
151     : ['ep_epoch0(node0)', 'transfer_epoch3(node0)', '~ep_epoch2(node1)']
171     : 1-----0------------------1
171     : ['ep_epoch0(node0)', 'transfer_epoch3(node1)', '~ep_epoch2(node1)']
172     : --0-1-------------------1-
172     : ['ep_epoch0(node1)', 'transfer_epoch3(node0)', '~ep_epoch2(node0)']
152     : --0-1--------------------1
152     : ['ep_epoch0(node1)', 'transfer_epoch3(node1)', '~ep_epoch2(node0)']
num_forall :   0
num_exists :   0
num_literals : 0
quantified form : None
qcost : 0


=== Prime Orbit 48 =====================
size : 4
num_suborbits: 2
157 (*) : 1--------------0--------1-
157     : ['ep_epoch0(node0)', 'transfer_epoch3(node0)', '~locked_epoch2(node1)']
173     : 1--------------0---------1
173     : ['ep_epoch0(node0)', 'transfer_epoch3(node1)', '~locked_epoch2(node1)']
174     : ----1---------0---------1-
174     : ['ep_epoch0(node1)', 'transfer_epoch3(node0)', '~locked_epoch2(node0)']
158     : ----1---------0----------1
158     : ['ep_epoch0(node1)', 'transfer_epoch3(node1)', '~locked_epoch2(node0)']
num_forall :   0
num_exists :   0
num_literals : 0
quantified form : None
qcost : 0


=== Prime Orbit 49 =====================
size : 2
num_suborbits: 1
129 (*) : 1----0---------0----------
129     : ['ep_epoch0(node0)', '~ep_epoch1(node1)', '~locked_epoch2(node1)']
130     : -0--1---------0-----------
130     : ['ep_epoch0(node1)', '~ep_epoch1(node0)', '~locked_epoch2(node0)']
num_forall :   0
num_exists :   0
num_literals : 0
quantified form : None
qcost : 0


=== Prime Orbit 50 =====================
size : 2
num_suborbits: 1
100 (*) : -1----1-1-----------------
100     : ['ep_epoch1(node0)', 'ep_epoch2(node1)', 'held(node0)']
99     : --1--1---1----------------
99     : ['ep_epoch1(node1)', 'ep_epoch2(node0)', 'held(node1)']
num_forall :   0
num_exists :   0
num_literals : 0
quantified form : None
qcost : 0


=== Prime Orbit 51 =====================
size : 2
num_suborbits: 1
110 (*) : -1-----1-------0----------
110     : ['ep_epoch1(node0)', 'ep_epoch3(node1)', '~locked_epoch2(node1)']
109     : ---1-1--------0-----------
109     : ['ep_epoch1(node1)', 'ep_epoch3(node0)', '~locked_epoch2(node0)']
num_forall :   0
num_exists :   0
num_literals : 0
quantified form : None
qcost : 0


=== Prime Orbit 52 =====================
size : 2
num_suborbits: 1
102 (*) : -1------1------1----------
102     : ['ep_epoch1(node0)', 'held(node0)', 'locked_epoch2(node1)']
101     : -----1---1----1-----------
101     : ['ep_epoch1(node1)', 'held(node1)', 'locked_epoch2(node0)']
num_forall :   0
num_exists :   0
num_literals : 0
quantified form : None
qcost : 0


=== Prime Orbit 53 =====================
size : 2
num_suborbits: 1
108 (*) : -1--0---1-----------------
108     : ['ep_epoch1(node0)', 'held(node0)', '~ep_epoch0(node1)']
107     : 0----1---1----------------
107     : ['ep_epoch1(node1)', 'held(node1)', '~ep_epoch0(node0)']
num_forall :   0
num_exists :   0
num_literals : 0
quantified form : None
qcost : 0


=== Prime Orbit 54 =====================
size : 2
num_suborbits: 1
104 (*) : -1-------1-----0----------
104     : ['ep_epoch1(node0)', 'held(node1)', '~locked_epoch2(node1)']
103     : -----1--1-----0-----------
103     : ['ep_epoch1(node1)', 'held(node0)', '~locked_epoch2(node0)']
num_forall :   0
num_exists :   0
num_literals : 0
quantified form : None
qcost : 0


=== Prime Orbit 55 =====================
size : 2
num_suborbits: 1
139 (*) : -1-------------0-1--------
139     : ['ep_epoch1(node0)', 'locked_epoch3(node1)', '~locked_epoch2(node1)']
140     : -----1--------0-1---------
140     : ['ep_epoch1(node1)', 'locked_epoch3(node0)', '~locked_epoch2(node0)']
num_forall :   0
num_exists :   0
num_literals : 0
quantified form : None
qcost : 0


=== Prime Orbit 56 =====================
size : 4
num_suborbits: 2
186 (*) : -1--0-----------------1---
186     : ['ep_epoch1(node0)', 'transfer_epoch2(node0)', '~ep_epoch0(node1)']
187     : -1--0------------------1--
187     : ['ep_epoch1(node0)', 'transfer_epoch2(node1)', '~ep_epoch0(node1)']
188     : 0----1----------------1---
188     : ['ep_epoch1(node1)', 'transfer_epoch2(node0)', '~ep_epoch0(node0)']
185     : 0----1-----------------1--
185     : ['ep_epoch1(node1)', 'transfer_epoch2(node1)', '~ep_epoch0(node0)']
num_forall :   0
num_exists :   0
num_literals : 0
quantified form : None
qcost : 0


=== Prime Orbit 57 =====================
size : 4
num_suborbits: 2
143 (*) : -1----0-----------------1-
143     : ['ep_epoch1(node0)', 'transfer_epoch3(node0)', '~ep_epoch2(node1)']
164     : -1----0------------------1
164     : ['ep_epoch1(node0)', 'transfer_epoch3(node1)', '~ep_epoch2(node1)']
163     : --0--1------------------1-
163     : ['ep_epoch1(node1)', 'transfer_epoch3(node0)', '~ep_epoch2(node0)']
144     : --0--1-------------------1
144     : ['ep_epoch1(node1)', 'transfer_epoch3(node1)', '~ep_epoch2(node0)']
num_forall :   0
num_exists :   0
num_literals : 0
quantified form : None
qcost : 0


=== Prime Orbit 58 =====================
size : 4
num_suborbits: 2
159 (*) : -1-------------0--------1-
159     : ['ep_epoch1(node0)', 'transfer_epoch3(node0)', '~locked_epoch2(node1)']
166     : -1-------------0---------1
166     : ['ep_epoch1(node0)', 'transfer_epoch3(node1)', '~locked_epoch2(node1)']
165     : -----1--------0---------1-
165     : ['ep_epoch1(node1)', 'transfer_epoch3(node0)', '~locked_epoch2(node0)']
160     : -----1--------0----------1
160     : ['ep_epoch1(node1)', 'transfer_epoch3(node1)', '~locked_epoch2(node0)']
num_forall :   0
num_exists :   0
num_literals : 0
quantified form : None
qcost : 0


=== Prime Orbit 59 =====================
size : 2
num_suborbits: 1
106 (*) : -1--0----------0----------
106     : ['ep_epoch1(node0)', '~ep_epoch0(node1)', '~locked_epoch2(node1)']
105     : 0----1--------0-----------
105     : ['ep_epoch1(node1)', '~ep_epoch0(node0)', '~locked_epoch2(node0)']
num_forall :   0
num_exists :   0
num_literals : 0
quantified form : None
qcost : 0


=== Prime Orbit 60 =====================
size : 2
num_suborbits: 1
97 (*) : --1----0-1----------------
97     : ['ep_epoch2(node0)', 'held(node1)', '~ep_epoch3(node1)']
98     : ---0--1-1-----------------
98     : ['ep_epoch2(node1)', 'held(node0)', '~ep_epoch3(node0)']
num_forall :   0
num_exists :   0
num_literals : 0
quantified form : None
qcost : 0


=== Prime Orbit 61 =====================
size : 2
num_suborbits: 1
95 (*) : --1------1-------0--------
95     : ['ep_epoch2(node0)', 'held(node1)', '~locked_epoch3(node1)']
96     : ------1-1-------0---------
96     : ['ep_epoch2(node1)', 'held(node0)', '~locked_epoch3(node0)']
num_forall :   0
num_exists :   0
num_literals : 0
quantified form : None
qcost : 0


=== Prime Orbit 62 =====================
size : 2
num_suborbits: 1
115 (*) : ---1--0--------1----------
115     : ['ep_epoch3(node0)', 'locked_epoch2(node1)', '~ep_epoch2(node1)']
116     : --0----1------1-----------
116     : ['ep_epoch3(node1)', 'locked_epoch2(node0)', '~ep_epoch2(node0)']
num_forall :   0
num_exists :   0
num_literals : 0
quantified form : None
qcost : 0


=== Prime Orbit 63 =====================
size : 2
num_suborbits: 1
111 (*) : ---1--0-------0-----------
111     : ['ep_epoch3(node0)', '~ep_epoch2(node1)', '~locked_epoch2(node0)']
112     : --0----1-------0----------
112     : ['ep_epoch3(node1)', '~ep_epoch2(node0)', '~locked_epoch2(node1)']
num_forall :   0
num_exists :   0
num_literals : 0
quantified form : None
qcost : 0


=== Prime Orbit 64 =====================
size : 2
num_suborbits: 1
113 (*) : ---1----------00----------
113     : ['ep_epoch3(node0)', '~locked_epoch2(node0)', '~locked_epoch2(node1)']
114     : -------1------00----------
114     : ['ep_epoch3(node1)', '~locked_epoch2(node0)', '~locked_epoch2(node1)']
num_forall :   0
num_exists :   0
num_literals : 0
quantified form : None
qcost : 0


=== Prime Orbit 65 =====================
size : 2
num_suborbits: 1
121 (*) : ------0-1------1----------
121     : ['held(node0)', 'locked_epoch2(node1)', '~ep_epoch2(node1)']
122     : --0------1----1-----------
122     : ['held(node1)', 'locked_epoch2(node0)', '~ep_epoch2(node0)']
num_forall :   0
num_exists :   0
num_literals : 0
quantified form : None
qcost : 0


=== Prime Orbit 66 =====================
size : 2
num_suborbits: 1
123 (*) : ---0----1------1----------
123     : ['held(node0)', 'locked_epoch2(node1)', '~ep_epoch3(node0)']
124     : -------0-1----1-----------
124     : ['held(node1)', 'locked_epoch2(node0)', '~ep_epoch3(node1)']
num_forall :   0
num_exists :   0
num_literals : 0
quantified form : None
qcost : 0


=== Prime Orbit 67 =====================
size : 2
num_suborbits: 1
125 (*) : --------1------10---------
125     : ['held(node0)', 'locked_epoch2(node1)', '~locked_epoch3(node0)']
126     : ---------1----1--0--------
126     : ['held(node1)', 'locked_epoch2(node0)', '~locked_epoch3(node1)']
num_forall :   0
num_exists :   0
num_literals : 0
quantified form : None
qcost : 0


=== Prime Orbit 68 =====================
size : 2
num_suborbits: 1
141 (*) : --0-----------1--1--------
141     : ['locked_epoch2(node0)', 'locked_epoch3(node1)', '~ep_epoch2(node0)']
142     : ------0--------11---------
142     : ['locked_epoch2(node1)', 'locked_epoch3(node0)', '~ep_epoch2(node1)']
num_forall :   0
num_exists :   0
num_literals : 0
quantified form : None
qcost : 0


=== Prime Orbit 69 =====================
size : 4
num_suborbits: 2
161 (*) : --0-----------1---------1-
161     : ['locked_epoch2(node0)', 'transfer_epoch3(node0)', '~ep_epoch2(node0)']
150     : --0-----------1----------1
150     : ['locked_epoch2(node0)', 'transfer_epoch3(node1)', '~ep_epoch2(node0)']
149     : ------0--------1--------1-
149     : ['locked_epoch2(node1)', 'transfer_epoch3(node0)', '~ep_epoch2(node1)']
162     : ------0--------1---------1
162     : ['locked_epoch2(node1)', 'transfer_epoch3(node1)', '~ep_epoch2(node1)']
num_forall :   0
num_exists :   0
num_literals : 0
quantified form : None
qcost : 0


=== Prime Orbit 70 =====================
size : 2
num_suborbits: 1
120 (*) : --00----------1-----------
120     : ['locked_epoch2(node0)', '~ep_epoch2(node0)', '~ep_epoch3(node0)']
119     : ------00-------1----------
119     : ['locked_epoch2(node1)', '~ep_epoch2(node1)', '~ep_epoch3(node1)']
num_forall :   0
num_exists :   0
num_literals : 0
quantified form : None
qcost : 0


=== Prime Orbit 71 =====================
size : 2
num_suborbits: 1
128 (*) : --0-----0-----1-----------
128     : ['locked_epoch2(node0)', '~ep_epoch2(node0)', '~held(node0)']
127     : ------0--0-----1----------
127     : ['locked_epoch2(node1)', '~ep_epoch2(node1)', '~held(node1)']
num_forall :   0
num_exists :   0
num_literals : 0
quantified form : None
qcost : 0


=== Prime Orbit 72 =====================
size : 2
num_suborbits: 1
118 (*) : --0-----------1-0---------
118     : ['locked_epoch2(node0)', '~ep_epoch2(node0)', '~locked_epoch3(node0)']
117     : ------0--------1-0--------
117     : ['locked_epoch2(node1)', '~ep_epoch2(node1)', '~locked_epoch3(node1)']
num_forall :   0
num_exists :   0
num_literals : 0
quantified form : None
qcost : 0


=== Prime Orbit 73 =====================
size : 2
num_suborbits: 1
138 (*) : ------0-------0-1---------
138     : ['locked_epoch3(node0)', '~ep_epoch2(node1)', '~locked_epoch2(node0)']
137     : --0------------0-1--------
137     : ['locked_epoch3(node1)', '~ep_epoch2(node0)', '~locked_epoch2(node1)']
num_forall :   0
num_exists :   0
num_literals : 0
quantified form : None
qcost : 0


=== Prime Orbit 74 =====================
size : 2
num_suborbits: 1
136 (*) : --------------001---------
136     : ['locked_epoch3(node0)', '~locked_epoch2(node0)', '~locked_epoch2(node1)']
135     : --------------00-1--------
135     : ['locked_epoch3(node1)', '~locked_epoch2(node0)', '~locked_epoch2(node1)']
num_forall :   0
num_exists :   0
num_literals : 0
quantified form : None
qcost : 0


=== Prime Orbit 75 =====================
size : 2
num_suborbits: 1
182 (*) : 0---0-----------------1---
182     : ['transfer_epoch2(node0)', '~ep_epoch0(node0)', '~ep_epoch0(node1)']
181     : 0---0------------------1--
181     : ['transfer_epoch2(node1)', '~ep_epoch0(node0)', '~ep_epoch0(node1)']
num_forall :   0
num_exists :   0
num_literals : 0
quantified form : None
qcost : 0


=== Prime Orbit 76 =====================
size : 4
num_suborbits: 2
178 (*) : 00--------------------1---
178     : ['transfer_epoch2(node0)', '~ep_epoch0(node0)', '~ep_epoch1(node0)']
184     : ----00----------------1---
184     : ['transfer_epoch2(node0)', '~ep_epoch0(node1)', '~ep_epoch1(node1)']
183     : 00---------------------1--
183     : ['transfer_epoch2(node1)', '~ep_epoch0(node0)', '~ep_epoch1(node0)']
177     : ----00-----------------1--
177     : ['transfer_epoch2(node1)', '~ep_epoch0(node1)', '~ep_epoch1(node1)']
num_forall :   0
num_exists :   0
num_literals : 0
quantified form : None
qcost : 0


=== Prime Orbit 77 =====================
size : 2
num_suborbits: 1
180 (*) : -0---0----------------1---
180     : ['transfer_epoch2(node0)', '~ep_epoch1(node0)', '~ep_epoch1(node1)']
179     : -0---0-----------------1--
179     : ['transfer_epoch2(node1)', '~ep_epoch1(node0)', '~ep_epoch1(node1)']
num_forall :   0
num_exists :   0
num_literals : 0
quantified form : None
qcost : 0


=== Prime Orbit 78 =====================
size : 2
num_suborbits: 1
145 (*) : --0---0-----------------1-
145     : ['transfer_epoch3(node0)', '~ep_epoch2(node0)', '~ep_epoch2(node1)']
146     : --0---0------------------1
146     : ['transfer_epoch3(node1)', '~ep_epoch2(node0)', '~ep_epoch2(node1)']
num_forall :   0
num_exists :   0
num_literals : 0
quantified form : None
qcost : 0


=== Prime Orbit 79 =====================
size : 4
num_suborbits: 2
153 (*) : --0------------0--------1-
153     : ['transfer_epoch3(node0)', '~ep_epoch2(node0)', '~locked_epoch2(node1)']
147     : ------0-------0---------1-
147     : ['transfer_epoch3(node0)', '~ep_epoch2(node1)', '~locked_epoch2(node0)']
148     : --0------------0---------1
148     : ['transfer_epoch3(node1)', '~ep_epoch2(node0)', '~locked_epoch2(node1)']
154     : ------0-------0----------1
154     : ['transfer_epoch3(node1)', '~ep_epoch2(node1)', '~locked_epoch2(node0)']
num_forall :   0
num_exists :   0
num_literals : 0
quantified form : None
qcost : 0


=== Prime Orbit 80 =====================
size : 2
num_suborbits: 1
155 (*) : --------------00--------1-
155     : ['transfer_epoch3(node0)', '~locked_epoch2(node0)', '~locked_epoch2(node1)']
156     : --------------00---------1
156     : ['transfer_epoch3(node1)', '~locked_epoch2(node0)', '~locked_epoch2(node1)']
num_forall :   0
num_exists :   0
num_literals : 0
quantified form : None
qcost : 0


=== Prime Orbit 81 =====================
size : 2
num_suborbits: 1
191 (*) : 1----000------------------
191     : ['ep_epoch0(node0)', '~ep_epoch1(node1)', '~ep_epoch2(node1)', '~ep_epoch3(node1)']
192     : -0001---------------------
192     : ['ep_epoch0(node1)', '~ep_epoch1(node0)', '~ep_epoch2(node0)', '~ep_epoch3(node0)']
num_forall :   0
num_exists :   0
num_literals : 0
quantified form : None
qcost : 0


=== Prime Orbit 82 =====================
size : 2
num_suborbits: 1
193 (*) : 1----00--0----------------
193     : ['ep_epoch0(node0)', '~ep_epoch1(node1)', '~ep_epoch2(node1)', '~held(node1)']
194     : -00-1---0-----------------
194     : ['ep_epoch0(node1)', '~ep_epoch1(node0)', '~ep_epoch2(node0)', '~held(node0)']
num_forall :   0
num_exists :   0
num_literals : 0
quantified form : None
qcost : 0


=== Prime Orbit 83 =====================
size : 2
num_suborbits: 1
195 (*) : 1----00----------0--------
195     : ['ep_epoch0(node0)', '~ep_epoch1(node1)', '~ep_epoch2(node1)', '~locked_epoch3(node1)']
196     : -00-1-----------0---------
196     : ['ep_epoch0(node1)', '~ep_epoch1(node0)', '~ep_epoch2(node0)', '~locked_epoch3(node0)']
num_forall :   0
num_exists :   0
num_literals : 0
quantified form : None
qcost : 0


=== Prime Orbit 84 =====================
size : 2
num_suborbits: 1
206 (*) : -1----00-1----------------
206     : ['ep_epoch1(node0)', 'held(node1)', '~ep_epoch2(node1)', '~ep_epoch3(node1)']
205     : --00-1--1-----------------
205     : ['ep_epoch1(node1)', 'held(node0)', '~ep_epoch2(node0)', '~ep_epoch3(node0)']
num_forall :   0
num_exists :   0
num_literals : 0
quantified form : None
qcost : 0


=== Prime Orbit 85 =====================
size : 2
num_suborbits: 1
204 (*) : -1----0--1-------0--------
204     : ['ep_epoch1(node0)', 'held(node1)', '~ep_epoch2(node1)', '~locked_epoch3(node1)']
203     : --0--1--1-------0---------
203     : ['ep_epoch1(node1)', 'held(node0)', '~ep_epoch2(node0)', '~locked_epoch3(node0)']
num_forall :   0
num_exists :   0
num_literals : 0
quantified form : None
qcost : 0


=== Prime Orbit 86 =====================
size : 2
num_suborbits: 1
202 (*) : -1--0-00------------------
202     : ['ep_epoch1(node0)', '~ep_epoch0(node1)', '~ep_epoch2(node1)', '~ep_epoch3(node1)']
201     : 0-00-1--------------------
201     : ['ep_epoch1(node1)', '~ep_epoch0(node0)', '~ep_epoch2(node0)', '~ep_epoch3(node0)']
num_forall :   0
num_exists :   0
num_literals : 0
quantified form : None
qcost : 0


=== Prime Orbit 87 =====================
size : 2
num_suborbits: 1
198 (*) : -1--0-0--0----------------
198     : ['ep_epoch1(node0)', '~ep_epoch0(node1)', '~ep_epoch2(node1)', '~held(node1)']
197     : 0-0--1--0-----------------
197     : ['ep_epoch1(node1)', '~ep_epoch0(node0)', '~ep_epoch2(node0)', '~held(node0)']
num_forall :   0
num_exists :   0
num_literals : 0
quantified form : None
qcost : 0


=== Prime Orbit 88 =====================
size : 2
num_suborbits: 1
200 (*) : -1--0-0----------0--------
200     : ['ep_epoch1(node0)', '~ep_epoch0(node1)', '~ep_epoch2(node1)', '~locked_epoch3(node1)']
199     : 0-0--1----------0---------
199     : ['ep_epoch1(node1)', '~ep_epoch0(node0)', '~ep_epoch2(node0)', '~locked_epoch3(node0)']
num_forall :   0
num_exists :   0
num_literals : 0
quantified form : None
qcost : 0


=== Prime Orbit 89 =====================
size : 2
num_suborbits: 1
236 (*) : --1-00--1-----------------
236     : ['ep_epoch2(node0)', 'held(node0)', '~ep_epoch0(node1)', '~ep_epoch1(node1)']
235     : 00----1--1----------------
235     : ['ep_epoch2(node1)', 'held(node1)', '~ep_epoch0(node0)', '~ep_epoch1(node0)']
num_forall :   0
num_exists :   0
num_literals : 0
quantified form : None
qcost : 0


=== Prime Orbit 90 =====================
size : 4
num_suborbits: 2
219 (*) : --1-00------------------1-
219     : ['ep_epoch2(node0)', 'transfer_epoch3(node0)', '~ep_epoch0(node1)', '~ep_epoch1(node1)']
222     : --1-00-------------------1
222     : ['ep_epoch2(node0)', 'transfer_epoch3(node1)', '~ep_epoch0(node1)', '~ep_epoch1(node1)']
221     : 00----1-----------------1-
221     : ['ep_epoch2(node1)', 'transfer_epoch3(node0)', '~ep_epoch0(node0)', '~ep_epoch1(node0)']
220     : 00----1------------------1
220     : ['ep_epoch2(node1)', 'transfer_epoch3(node1)', '~ep_epoch0(node0)', '~ep_epoch1(node0)']
num_forall :   0
num_exists :   0
num_literals : 0
quantified form : None
qcost : 0


=== Prime Orbit 91 =====================
size : 2
num_suborbits: 1
230 (*) : --1-00-0------------------
230     : ['ep_epoch2(node0)', '~ep_epoch0(node1)', '~ep_epoch1(node1)', '~ep_epoch3(node1)']
229     : 00-0--1-------------------
229     : ['ep_epoch2(node1)', '~ep_epoch0(node0)', '~ep_epoch1(node0)', '~ep_epoch3(node0)']
num_forall :   0
num_exists :   0
num_literals : 0
quantified form : None
qcost : 0


=== Prime Orbit 92 =====================
size : 2
num_suborbits: 1
234 (*) : --1-00---0----------------
234     : ['ep_epoch2(node0)', '~ep_epoch0(node1)', '~ep_epoch1(node1)', '~held(node1)']
233     : 00----1-0-----------------
233     : ['ep_epoch2(node1)', '~ep_epoch0(node0)', '~ep_epoch1(node0)', '~held(node0)']
num_forall :   0
num_exists :   0
num_literals : 0
quantified form : None
qcost : 0


=== Prime Orbit 93 =====================
size : 2
num_suborbits: 1
232 (*) : --1-00-----------0--------
232     : ['ep_epoch2(node0)', '~ep_epoch0(node1)', '~ep_epoch1(node1)', '~locked_epoch3(node1)']
231     : 00----1---------0---------
231     : ['ep_epoch2(node1)', '~ep_epoch0(node0)', '~ep_epoch1(node0)', '~locked_epoch3(node0)']
num_forall :   0
num_exists :   0
num_literals : 0
quantified form : None
qcost : 0


=== Prime Orbit 94 =====================
size : 2
num_suborbits: 1
302 (*) : ---100--------1-----------
302     : ['ep_epoch3(node0)', 'locked_epoch2(node0)', '~ep_epoch0(node1)', '~ep_epoch1(node1)']
301     : 00-----1-------1----------
301     : ['ep_epoch3(node1)', 'locked_epoch2(node1)', '~ep_epoch0(node0)', '~ep_epoch1(node0)']
num_forall :   0
num_exists :   0
num_literals : 0
quantified form : None
qcost : 0


=== Prime Orbit 95 =====================
size : 2
num_suborbits: 1
298 (*) : ---1000-------------------
298     : ['ep_epoch3(node0)', '~ep_epoch0(node1)', '~ep_epoch1(node1)', '~ep_epoch2(node1)']
297     : 000----1------------------
297     : ['ep_epoch3(node1)', '~ep_epoch0(node0)', '~ep_epoch1(node0)', '~ep_epoch2(node0)']
num_forall :   0
num_exists :   0
num_literals : 0
quantified form : None
qcost : 0


=== Prime Orbit 96 =====================
size : 2
num_suborbits: 1
300 (*) : ---100---------0----------
300     : ['ep_epoch3(node0)', '~ep_epoch0(node1)', '~ep_epoch1(node1)', '~locked_epoch2(node1)']
299     : 00-----1------0-----------
299     : ['ep_epoch3(node1)', '~ep_epoch0(node0)', '~ep_epoch1(node0)', '~locked_epoch2(node0)']
num_forall :   0
num_exists :   0
num_literals : 0
quantified form : None
qcost : 0


=== Prime Orbit 97 =====================
size : 2
num_suborbits: 1
242 (*) : ----00--1-----1-----------
242     : ['held(node0)', 'locked_epoch2(node0)', '~ep_epoch0(node1)', '~ep_epoch1(node1)']
241     : 00-------1-----1----------
241     : ['held(node1)', 'locked_epoch2(node1)', '~ep_epoch0(node0)', '~ep_epoch1(node0)']
num_forall :   0
num_exists :   0
num_literals : 0
quantified form : None
qcost : 0


=== Prime Orbit 98 =====================
size : 2
num_suborbits: 1
246 (*) : ----000-1-----------------
246     : ['held(node0)', '~ep_epoch0(node1)', '~ep_epoch1(node1)', '~ep_epoch2(node1)']
245     : 000------1----------------
245     : ['held(node1)', '~ep_epoch0(node0)', '~ep_epoch1(node0)', '~ep_epoch2(node0)']
num_forall :   0
num_exists :   0
num_literals : 0
quantified form : None
qcost : 0


=== Prime Orbit 99 =====================
size : 2
num_suborbits: 1
238 (*) : ---000--1-----------------
238     : ['held(node0)', '~ep_epoch0(node1)', '~ep_epoch1(node1)', '~ep_epoch3(node0)']
237     : 00-----0-1----------------
237     : ['held(node1)', '~ep_epoch0(node0)', '~ep_epoch1(node0)', '~ep_epoch3(node1)']
num_forall :   0
num_exists :   0
num_literals : 0
quantified form : None
qcost : 0


=== Prime Orbit 100 =====================
size : 2
num_suborbits: 1
240 (*) : ----00--1------0----------
240     : ['held(node0)', '~ep_epoch0(node1)', '~ep_epoch1(node1)', '~locked_epoch2(node1)']
239     : 00-------1----0-----------
239     : ['held(node1)', '~ep_epoch0(node0)', '~ep_epoch1(node0)', '~locked_epoch2(node0)']
num_forall :   0
num_exists :   0
num_literals : 0
quantified form : None
qcost : 0


=== Prime Orbit 101 =====================
size : 2
num_suborbits: 1
244 (*) : ----00--1-------0---------
244     : ['held(node0)', '~ep_epoch0(node1)', '~ep_epoch1(node1)', '~locked_epoch3(node0)']
243     : 00-------1-------0--------
243     : ['held(node1)', '~ep_epoch0(node0)', '~ep_epoch1(node0)', '~locked_epoch3(node1)']
num_forall :   0
num_exists :   0
num_literals : 0
quantified form : None
qcost : 0


=== Prime Orbit 102 =====================
size : 2
num_suborbits: 1
262 (*) : --000---1-----------------
262     : ['held(node0)', '~ep_epoch0(node1)', '~ep_epoch2(node0)', '~ep_epoch3(node0)']
261     : 0-----00-1----------------
261     : ['held(node1)', '~ep_epoch0(node0)', '~ep_epoch2(node1)', '~ep_epoch3(node1)']
num_forall :   0
num_exists :   0
num_literals : 0
quantified form : None
qcost : 0


=== Prime Orbit 103 =====================
size : 2
num_suborbits: 1
268 (*) : --0-0---1-------0---------
268     : ['held(node0)', '~ep_epoch0(node1)', '~ep_epoch2(node0)', '~locked_epoch3(node0)']
267     : 0-----0--1-------0--------
267     : ['held(node1)', '~ep_epoch0(node0)', '~ep_epoch2(node1)', '~locked_epoch3(node1)']
num_forall :   0
num_exists :   0
num_literals : 0
quantified form : None
qcost : 0


=== Prime Orbit 104 =====================
size : 2
num_suborbits: 1
266 (*) : ----0-0-1-----0-----------
266     : ['held(node0)', '~ep_epoch0(node1)', '~ep_epoch2(node1)', '~locked_epoch2(node0)']
265     : 0-0------1-----0----------
265     : ['held(node1)', '~ep_epoch0(node0)', '~ep_epoch2(node0)', '~locked_epoch2(node1)']
num_forall :   0
num_exists :   0
num_literals : 0
quantified form : None
qcost : 0


=== Prime Orbit 105 =====================
size : 2
num_suborbits: 1
264 (*) : ---00---1-----0-----------
264     : ['held(node0)', '~ep_epoch0(node1)', '~ep_epoch3(node0)', '~locked_epoch2(node0)']
263     : 0------0-1-----0----------
263     : ['held(node1)', '~ep_epoch0(node0)', '~ep_epoch3(node1)', '~locked_epoch2(node1)']
num_forall :   0
num_exists :   0
num_literals : 0
quantified form : None
qcost : 0


=== Prime Orbit 106 =====================
size : 2
num_suborbits: 1
260 (*) : ----0---1-----00----------
260     : ['held(node0)', '~ep_epoch0(node1)', '~locked_epoch2(node0)', '~locked_epoch2(node1)']
259     : 0--------1----00----------
259     : ['held(node1)', '~ep_epoch0(node0)', '~locked_epoch2(node0)', '~locked_epoch2(node1)']
num_forall :   0
num_exists :   0
num_literals : 0
quantified form : None
qcost : 0


=== Prime Orbit 107 =====================
size : 2
num_suborbits: 1
270 (*) : ----0---1-----0-0---------
270     : ['held(node0)', '~ep_epoch0(node1)', '~locked_epoch2(node0)', '~locked_epoch3(node0)']
269     : 0--------1-----0-0--------
269     : ['held(node1)', '~ep_epoch0(node0)', '~locked_epoch2(node1)', '~locked_epoch3(node1)']
num_forall :   0
num_exists :   0
num_literals : 0
quantified form : None
qcost : 0


=== Prime Orbit 108 =====================
size : 2
num_suborbits: 1
252 (*) : -000----1-----------------
252     : ['held(node0)', '~ep_epoch1(node0)', '~ep_epoch2(node0)', '~ep_epoch3(node0)']
251     : -----000-1----------------
251     : ['held(node1)', '~ep_epoch1(node1)', '~ep_epoch2(node1)', '~ep_epoch3(node1)']
num_forall :   0
num_exists :   0
num_literals : 0
quantified form : None
qcost : 0


=== Prime Orbit 109 =====================
size : 2
num_suborbits: 1
248 (*) : -00-----1-------0---------
248     : ['held(node0)', '~ep_epoch1(node0)', '~ep_epoch2(node0)', '~locked_epoch3(node0)']
247     : -----00--1-------0--------
247     : ['held(node1)', '~ep_epoch1(node1)', '~ep_epoch2(node1)', '~locked_epoch3(node1)']
num_forall :   0
num_exists :   0
num_literals : 0
quantified form : None
qcost : 0


=== Prime Orbit 110 =====================
size : 2
num_suborbits: 1
254 (*) : -0----0-1-----0-----------
254     : ['held(node0)', '~ep_epoch1(node0)', '~ep_epoch2(node1)', '~locked_epoch2(node0)']
253     : --0--0---1-----0----------
253     : ['held(node1)', '~ep_epoch1(node1)', '~ep_epoch2(node0)', '~locked_epoch2(node1)']
num_forall :   0
num_exists :   0
num_literals : 0
quantified form : None
qcost : 0


=== Prime Orbit 111 =====================
size : 2
num_suborbits: 1
258 (*) : -0-0----1-----0-----------
258     : ['held(node0)', '~ep_epoch1(node0)', '~ep_epoch3(node0)', '~locked_epoch2(node0)']
257     : -----0-0-1-----0----------
257     : ['held(node1)', '~ep_epoch1(node1)', '~ep_epoch3(node1)', '~locked_epoch2(node1)']
num_forall :   0
num_exists :   0
num_literals : 0
quantified form : None
qcost : 0


=== Prime Orbit 112 =====================
size : 2
num_suborbits: 1
256 (*) : -0------1-----00----------
256     : ['held(node0)', '~ep_epoch1(node0)', '~locked_epoch2(node0)', '~locked_epoch2(node1)']
255     : -----0---1----00----------
255     : ['held(node1)', '~ep_epoch1(node1)', '~locked_epoch2(node0)', '~locked_epoch2(node1)']
num_forall :   0
num_exists :   0
num_literals : 0
quantified form : None
qcost : 0


=== Prime Orbit 113 =====================
size : 2
num_suborbits: 1
250 (*) : -0------1-----0-0---------
250     : ['held(node0)', '~ep_epoch1(node0)', '~locked_epoch2(node0)', '~locked_epoch3(node0)']
249     : -----0---1-----0-0--------
249     : ['held(node1)', '~ep_epoch1(node1)', '~locked_epoch2(node1)', '~locked_epoch3(node1)']
num_forall :   0
num_exists :   0
num_literals : 0
quantified form : None
qcost : 0


=== Prime Orbit 114 =====================
size : 2
num_suborbits: 1
227 (*) : ----00--------1-1---------
227     : ['locked_epoch2(node0)', 'locked_epoch3(node0)', '~ep_epoch0(node1)', '~ep_epoch1(node1)']
228     : 00-------------1-1--------
228     : ['locked_epoch2(node1)', 'locked_epoch3(node1)', '~ep_epoch0(node0)', '~ep_epoch1(node0)']
num_forall :   0
num_exists :   0
num_literals : 0
quantified form : None
qcost : 0


=== Prime Orbit 115 =====================
size : 4
num_suborbits: 2
217 (*) : ----00--------1---------1-
217     : ['locked_epoch2(node0)', 'transfer_epoch3(node0)', '~ep_epoch0(node1)', '~ep_epoch1(node1)']
212     : ----00--------1----------1
212     : ['locked_epoch2(node0)', 'transfer_epoch3(node1)', '~ep_epoch0(node1)', '~ep_epoch1(node1)']
211     : 00-------------1--------1-
211     : ['locked_epoch2(node1)', 'transfer_epoch3(node0)', '~ep_epoch0(node0)', '~ep_epoch1(node0)']
218     : 00-------------1---------1
218     : ['locked_epoch2(node1)', 'transfer_epoch3(node1)', '~ep_epoch0(node0)', '~ep_epoch1(node0)']
num_forall :   0
num_exists :   0
num_literals : 0
quantified form : None
qcost : 0


=== Prime Orbit 116 =====================
size : 2
num_suborbits: 1
295 (*) : --0-00--------1-----------
295     : ['locked_epoch2(node0)', '~ep_epoch0(node1)', '~ep_epoch1(node1)', '~ep_epoch2(node0)']
296     : 00----0--------1----------
296     : ['locked_epoch2(node1)', '~ep_epoch0(node0)', '~ep_epoch1(node0)', '~ep_epoch2(node1)']
num_forall :   0
num_exists :   0
num_literals : 0
quantified form : None
qcost : 0


=== Prime Orbit 117 =====================
size : 2
num_suborbits: 1
291 (*) : ----00-0------1-----------
291     : ['locked_epoch2(node0)', '~ep_epoch0(node1)', '~ep_epoch1(node1)', '~ep_epoch3(node1)']
292     : 00-0-----------1----------
292     : ['locked_epoch2(node1)', '~ep_epoch0(node0)', '~ep_epoch1(node0)', '~ep_epoch3(node0)']
num_forall :   0
num_exists :   0
num_literals : 0
quantified form : None
qcost : 0


=== Prime Orbit 118 =====================
size : 2
num_suborbits: 1
293 (*) : ----00---0----1-----------
293     : ['locked_epoch2(node0)', '~ep_epoch0(node1)', '~ep_epoch1(node1)', '~held(node1)']
294     : 00------0------1----------
294     : ['locked_epoch2(node1)', '~ep_epoch0(node0)', '~ep_epoch1(node0)', '~held(node0)']
num_forall :   0
num_exists :   0
num_literals : 0
quantified form : None
qcost : 0


=== Prime Orbit 119 =====================
size : 2
num_suborbits: 1
289 (*) : ----00--------1--0--------
289     : ['locked_epoch2(node0)', '~ep_epoch0(node1)', '~ep_epoch1(node1)', '~locked_epoch3(node1)']
290     : 00-------------10---------
290     : ['locked_epoch2(node1)', '~ep_epoch0(node0)', '~ep_epoch1(node0)', '~locked_epoch3(node0)']
num_forall :   0
num_exists :   0
num_literals : 0
quantified form : None
qcost : 0


=== Prime Orbit 120 =====================
size : 2
num_suborbits: 1
223 (*) : ----000---------1---------
223     : ['locked_epoch3(node0)', '~ep_epoch0(node1)', '~ep_epoch1(node1)', '~ep_epoch2(node1)']
224     : 000--------------1--------
224     : ['locked_epoch3(node1)', '~ep_epoch0(node0)', '~ep_epoch1(node0)', '~ep_epoch2(node0)']
num_forall :   0
num_exists :   0
num_literals : 0
quantified form : None
qcost : 0


=== Prime Orbit 121 =====================
size : 2
num_suborbits: 1
225 (*) : ----00---------01---------
225     : ['locked_epoch3(node0)', '~ep_epoch0(node1)', '~ep_epoch1(node1)', '~locked_epoch2(node1)']
226     : 00------------0--1--------
226     : ['locked_epoch3(node1)', '~ep_epoch0(node0)', '~ep_epoch1(node0)', '~locked_epoch2(node0)']
num_forall :   0
num_exists :   0
num_literals : 0
quantified form : None
qcost : 0


=== Prime Orbit 122 =====================
size : 4
num_suborbits: 2
207 (*) : 000---------------------1-
207     : ['transfer_epoch3(node0)', '~ep_epoch0(node0)', '~ep_epoch1(node0)', '~ep_epoch2(node0)']
213     : ----000-----------------1-
213     : ['transfer_epoch3(node0)', '~ep_epoch0(node1)', '~ep_epoch1(node1)', '~ep_epoch2(node1)']
214     : 000----------------------1
214     : ['transfer_epoch3(node1)', '~ep_epoch0(node0)', '~ep_epoch1(node0)', '~ep_epoch2(node0)']
208     : ----000------------------1
208     : ['transfer_epoch3(node1)', '~ep_epoch0(node1)', '~ep_epoch1(node1)', '~ep_epoch2(node1)']
num_forall :   0
num_exists :   0
num_literals : 0
quantified form : None
qcost : 0


=== Prime Orbit 123 =====================
size : 4
num_suborbits: 2
209 (*) : 00------------0---------1-
209     : ['transfer_epoch3(node0)', '~ep_epoch0(node0)', '~ep_epoch1(node0)', '~locked_epoch2(node0)']
215     : ----00---------0--------1-
215     : ['transfer_epoch3(node0)', '~ep_epoch0(node1)', '~ep_epoch1(node1)', '~locked_epoch2(node1)']
216     : 00------------0----------1
216     : ['transfer_epoch3(node1)', '~ep_epoch0(node0)', '~ep_epoch1(node0)', '~locked_epoch2(node0)']
210     : ----00---------0---------1
210     : ['transfer_epoch3(node1)', '~ep_epoch0(node1)', '~ep_epoch1(node1)', '~locked_epoch2(node1)']
num_forall :   0
num_exists :   0
num_literals : 0
quantified form : None
qcost : 0


=== Prime Orbit 124 =====================
size : 1
num_suborbits: 1
282 (*) : 0---0---------00----------
282     : ['~ep_epoch0(node0)', '~ep_epoch0(node1)', '~locked_epoch2(node0)', '~locked_epoch2(node1)']
num_forall :   0
num_exists :   0
num_literals : 0
quantified form : None
qcost : 0


=== Prime Orbit 125 =====================
size : 2
num_suborbits: 1
284 (*) : 0000----------------------
284     : ['~ep_epoch0(node0)', '~ep_epoch1(node0)', '~ep_epoch2(node0)', '~ep_epoch3(node0)']
283     : ----0000------------------
283     : ['~ep_epoch0(node1)', '~ep_epoch1(node1)', '~ep_epoch2(node1)', '~ep_epoch3(node1)']
num_forall :   0
num_exists :   0
num_literals : 0
quantified form : None
qcost : 0


=== Prime Orbit 126 =====================
size : 2
num_suborbits: 1
288 (*) : 000-----0-----------------
288     : ['~ep_epoch0(node0)', '~ep_epoch1(node0)', '~ep_epoch2(node0)', '~held(node0)']
287     : ----000--0----------------
287     : ['~ep_epoch0(node1)', '~ep_epoch1(node1)', '~ep_epoch2(node1)', '~held(node1)']
num_forall :   0
num_exists :   0
num_literals : 0
quantified form : None
qcost : 0


=== Prime Orbit 127 =====================
size : 2
num_suborbits: 1
286 (*) : 000-------------0---------
286     : ['~ep_epoch0(node0)', '~ep_epoch1(node0)', '~ep_epoch2(node0)', '~locked_epoch3(node0)']
285     : ----000----------0--------
285     : ['~ep_epoch0(node1)', '~ep_epoch1(node1)', '~ep_epoch2(node1)', '~locked_epoch3(node1)']
num_forall :   0
num_exists :   0
num_literals : 0
quantified form : None
qcost : 0


=== Prime Orbit 128 =====================
size : 2
num_suborbits: 1
271 (*) : 00----0-------0-----------
271     : ['~ep_epoch0(node0)', '~ep_epoch1(node0)', '~ep_epoch2(node1)', '~locked_epoch2(node0)']
272     : --0-00---------0----------
272     : ['~ep_epoch0(node1)', '~ep_epoch1(node1)', '~ep_epoch2(node0)', '~locked_epoch2(node1)']
num_forall :   0
num_exists :   0
num_literals : 0
quantified form : None
qcost : 0


=== Prime Orbit 129 =====================
size : 2
num_suborbits: 1
274 (*) : 00-0----------0-----------
274     : ['~ep_epoch0(node0)', '~ep_epoch1(node0)', '~ep_epoch3(node0)', '~locked_epoch2(node0)']
275     : ----00-0-------0----------
275     : ['~ep_epoch0(node1)', '~ep_epoch1(node1)', '~ep_epoch3(node1)', '~locked_epoch2(node1)']
num_forall :   0
num_exists :   0
num_literals : 0
quantified form : None
qcost : 0


=== Prime Orbit 130 =====================
size : 2
num_suborbits: 1
280 (*) : 00------0-----0-----------
280     : ['~ep_epoch0(node0)', '~ep_epoch1(node0)', '~held(node0)', '~locked_epoch2(node0)']
281     : ----00---0-----0----------
281     : ['~ep_epoch0(node1)', '~ep_epoch1(node1)', '~held(node1)', '~locked_epoch2(node1)']
num_forall :   0
num_exists :   0
num_literals : 0
quantified form : None
qcost : 0


=== Prime Orbit 131 =====================
size : 2
num_suborbits: 1
278 (*) : 00------------00----------
278     : ['~ep_epoch0(node0)', '~ep_epoch1(node0)', '~locked_epoch2(node0)', '~locked_epoch2(node1)']
279     : ----00--------00----------
279     : ['~ep_epoch0(node1)', '~ep_epoch1(node1)', '~locked_epoch2(node0)', '~locked_epoch2(node1)']
num_forall :   0
num_exists :   0
num_literals : 0
quantified form : None
qcost : 0


=== Prime Orbit 132 =====================
size : 2
num_suborbits: 1
276 (*) : 00------------0-0---------
276     : ['~ep_epoch0(node0)', '~ep_epoch1(node0)', '~locked_epoch2(node0)', '~locked_epoch3(node0)']
277     : ----00---------0-0--------
277     : ['~ep_epoch0(node1)', '~ep_epoch1(node1)', '~locked_epoch2(node1)', '~locked_epoch3(node1)']
num_forall :   0
num_exists :   0
num_literals : 0
quantified form : None
qcost : 0


=== Prime Orbit 133 =====================
size : 1
num_suborbits: 1
273 (*) : -0---0--------00----------
273     : ['~ep_epoch1(node0)', '~ep_epoch1(node1)', '~locked_epoch2(node0)', '~locked_epoch2(node1)']
num_forall :   0
num_exists :   0
num_literals : 0
quantified form : None
qcost : 0


=== Prime Orbit 134 =====================
size : 2
num_suborbits: 1
337 (*) : 1----1---0------------00--
337     : ['ep_epoch0(node0)', 'ep_epoch1(node1)', '~held(node1)', '~transfer_epoch2(node0)', '~transfer_epoch2(node1)']
338     : -1--1---0-------------00--
338     : ['ep_epoch0(node1)', 'ep_epoch1(node0)', '~held(node0)', '~transfer_epoch2(node0)', '~transfer_epoch2(node1)']
num_forall :   0
num_exists :   0
num_literals : 0
quantified form : None
qcost : 0


=== Prime Orbit 135 =====================
size : 2
num_suborbits: 1
333 (*) : 1-----1--0--------------00
333     : ['ep_epoch0(node0)', 'ep_epoch2(node1)', '~held(node1)', '~transfer_epoch3(node0)', '~transfer_epoch3(node1)']
334     : --1-1---0---------------00
334     : ['ep_epoch0(node1)', 'ep_epoch2(node0)', '~held(node0)', '~transfer_epoch3(node0)', '~transfer_epoch3(node1)']
num_forall :   0
num_exists :   0
num_literals : 0
quantified form : None
qcost : 0


=== Prime Orbit 136 =====================
size : 2
num_suborbits: 1
336 (*) : 1--------0-----1--------00
336     : ['ep_epoch0(node0)', 'locked_epoch2(node1)', '~held(node1)', '~transfer_epoch3(node0)', '~transfer_epoch3(node1)']
335     : ----1---0-----1---------00
335     : ['ep_epoch0(node1)', 'locked_epoch2(node0)', '~held(node0)', '~transfer_epoch3(node0)', '~transfer_epoch3(node1)']
num_forall :   0
num_exists :   0
num_literals : 0
quantified form : None
qcost : 0


=== Prime Orbit 137 =====================
size : 2
num_suborbits: 1
319 (*) : 1----0---0--------------00
319     : ['ep_epoch0(node0)', '~ep_epoch1(node1)', '~held(node1)', '~transfer_epoch3(node0)', '~transfer_epoch3(node1)']
320     : -0--1---0---------------00
320     : ['ep_epoch0(node1)', '~ep_epoch1(node0)', '~held(node0)', '~transfer_epoch3(node0)', '~transfer_epoch3(node1)']
num_forall :   0
num_exists :   0
num_literals : 0
quantified form : None
qcost : 0


=== Prime Orbit 138 =====================
size : 2
num_suborbits: 1
303 (*) : 1-----0--0------------00--
303     : ['ep_epoch0(node0)', '~ep_epoch2(node1)', '~held(node1)', '~transfer_epoch2(node0)', '~transfer_epoch2(node1)']
304     : --0-1---0-------------00--
304     : ['ep_epoch0(node1)', '~ep_epoch2(node0)', '~held(node0)', '~transfer_epoch2(node0)', '~transfer_epoch2(node1)']
num_forall :   0
num_exists :   0
num_literals : 0
quantified form : None
qcost : 0


=== Prime Orbit 139 =====================
size : 2
num_suborbits: 1
305 (*) : 1--------0-----0------00--
305     : ['ep_epoch0(node0)', '~held(node1)', '~locked_epoch2(node1)', '~transfer_epoch2(node0)', '~transfer_epoch2(node1)']
306     : ----1---0-----0-------00--
306     : ['ep_epoch0(node1)', '~held(node0)', '~locked_epoch2(node0)', '~transfer_epoch2(node0)', '~transfer_epoch2(node1)']
num_forall :   0
num_exists :   0
num_literals : 0
quantified form : None
qcost : 0


=== Prime Orbit 140 =====================
size : 2
num_suborbits: 1
344 (*) : -1----1--0--------------00
344     : ['ep_epoch1(node0)', 'ep_epoch2(node1)', '~held(node1)', '~transfer_epoch3(node0)', '~transfer_epoch3(node1)']
343     : --1--1--0---------------00
343     : ['ep_epoch1(node1)', 'ep_epoch2(node0)', '~held(node0)', '~transfer_epoch3(node0)', '~transfer_epoch3(node1)']
num_forall :   0
num_exists :   0
num_literals : 0
quantified form : None
qcost : 0


=== Prime Orbit 141 =====================
size : 2
num_suborbits: 1
342 (*) : -1-------0-----1--------00
342     : ['ep_epoch1(node0)', 'locked_epoch2(node1)', '~held(node1)', '~transfer_epoch3(node0)', '~transfer_epoch3(node1)']
341     : -----1--0-----1---------00
341     : ['ep_epoch1(node1)', 'locked_epoch2(node0)', '~held(node0)', '~transfer_epoch3(node0)', '~transfer_epoch3(node1)']
num_forall :   0
num_exists :   0
num_literals : 0
quantified form : None
qcost : 0


=== Prime Orbit 142 =====================
size : 2
num_suborbits: 1
346 (*) : -1--0----0--------------00
346     : ['ep_epoch1(node0)', '~ep_epoch0(node1)', '~held(node1)', '~transfer_epoch3(node0)', '~transfer_epoch3(node1)']
345     : 0----1--0---------------00
345     : ['ep_epoch1(node1)', '~ep_epoch0(node0)', '~held(node0)', '~transfer_epoch3(node0)', '~transfer_epoch3(node1)']
num_forall :   0
num_exists :   0
num_literals : 0
quantified form : None
qcost : 0


=== Prime Orbit 143 =====================
size : 2
num_suborbits: 1
340 (*) : -1------0------0------00--
340     : ['ep_epoch1(node0)', '~held(node0)', '~locked_epoch2(node1)', '~transfer_epoch2(node0)', '~transfer_epoch2(node1)']
339     : -----1---0----0-------00--
339     : ['ep_epoch1(node1)', '~held(node1)', '~locked_epoch2(node0)', '~transfer_epoch2(node0)', '~transfer_epoch2(node1)']
num_forall :   0
num_exists :   0
num_literals : 0
quantified form : None
qcost : 0


=== Prime Orbit 144 =====================
size : 2
num_suborbits: 1
327 (*) : --1----00---------------00
327     : ['ep_epoch2(node0)', '~ep_epoch3(node1)', '~held(node0)', '~transfer_epoch3(node0)', '~transfer_epoch3(node1)']
328     : ---0--1--0--------------00
328     : ['ep_epoch2(node1)', '~ep_epoch3(node0)', '~held(node1)', '~transfer_epoch3(node0)', '~transfer_epoch3(node1)']
num_forall :   0
num_exists :   0
num_literals : 0
quantified form : None
qcost : 0


=== Prime Orbit 145 =====================
size : 2
num_suborbits: 1
329 (*) : --1-----00--------------00
329     : ['ep_epoch2(node0)', '~held(node0)', '~held(node1)', '~transfer_epoch3(node0)', '~transfer_epoch3(node1)']
330     : ------1-00--------------00
330     : ['ep_epoch2(node1)', '~held(node0)', '~held(node1)', '~transfer_epoch3(node0)', '~transfer_epoch3(node1)']
num_forall :   0
num_exists :   0
num_literals : 0
quantified form : None
qcost : 0


=== Prime Orbit 146 =====================
size : 2
num_suborbits: 1
331 (*) : --1-----0--------0------00
331     : ['ep_epoch2(node0)', '~held(node0)', '~locked_epoch3(node1)', '~transfer_epoch3(node0)', '~transfer_epoch3(node1)']
332     : ------1--0------0-------00
332     : ['ep_epoch2(node1)', '~held(node1)', '~locked_epoch3(node0)', '~transfer_epoch3(node0)', '~transfer_epoch3(node1)']
num_forall :   0
num_exists :   0
num_literals : 0
quantified form : None
qcost : 0


=== Prime Orbit 147 =====================
size : 2
num_suborbits: 1
325 (*) : -------00-----1---------00
325     : ['locked_epoch2(node0)', '~ep_epoch3(node1)', '~held(node0)', '~transfer_epoch3(node0)', '~transfer_epoch3(node1)']
326     : ---0-----0-----1--------00
326     : ['locked_epoch2(node1)', '~ep_epoch3(node0)', '~held(node1)', '~transfer_epoch3(node0)', '~transfer_epoch3(node1)']
num_forall :   0
num_exists :   0
num_literals : 0
quantified form : None
qcost : 0


=== Prime Orbit 148 =====================
size : 2
num_suborbits: 1
323 (*) : --------00----1---------00
323     : ['locked_epoch2(node0)', '~held(node0)', '~held(node1)', '~transfer_epoch3(node0)', '~transfer_epoch3(node1)']
324     : --------00-----1--------00
324     : ['locked_epoch2(node1)', '~held(node0)', '~held(node1)', '~transfer_epoch3(node0)', '~transfer_epoch3(node1)']
num_forall :   0
num_exists :   0
num_literals : 0
quantified form : None
qcost : 0


=== Prime Orbit 149 =====================
size : 2
num_suborbits: 1
321 (*) : --------0-----1--0------00
321     : ['locked_epoch2(node0)', '~held(node0)', '~locked_epoch3(node1)', '~transfer_epoch3(node0)', '~transfer_epoch3(node1)']
322     : ---------0-----10-------00
322     : ['locked_epoch2(node1)', '~held(node1)', '~locked_epoch3(node0)', '~transfer_epoch3(node0)', '~transfer_epoch3(node1)']
num_forall :   0
num_exists :   0
num_literals : 0
quantified form : None
qcost : 0


=== Prime Orbit 150 =====================
size : 2
num_suborbits: 1
347 (*) : 00--00------------------1-
347     : ['transfer_epoch3(node0)', '~ep_epoch0(node0)', '~ep_epoch0(node1)', '~ep_epoch1(node0)', '~ep_epoch1(node1)']
348     : 00--00-------------------1
348     : ['transfer_epoch3(node1)', '~ep_epoch0(node0)', '~ep_epoch0(node1)', '~ep_epoch1(node0)', '~ep_epoch1(node1)']
num_forall :   0
num_exists :   0
num_literals : 0
quantified form : None
qcost : 0


=== Prime Orbit 151 =====================
size : 2
num_suborbits: 1
317 (*) : 0-000----------0----------
317     : ['~ep_epoch0(node0)', '~ep_epoch0(node1)', '~ep_epoch2(node0)', '~ep_epoch3(node0)', '~locked_epoch2(node1)']
318     : 0---0-00------0-----------
318     : ['~ep_epoch0(node0)', '~ep_epoch0(node1)', '~ep_epoch2(node1)', '~ep_epoch3(node1)', '~locked_epoch2(node0)']
num_forall :   0
num_exists :   0
num_literals : 0
quantified form : None
qcost : 0


=== Prime Orbit 152 =====================
size : 2
num_suborbits: 1
313 (*) : 0-0-0---0------0----------
313     : ['~ep_epoch0(node0)', '~ep_epoch0(node1)', '~ep_epoch2(node0)', '~held(node0)', '~locked_epoch2(node1)']
314     : 0---0-0--0----0-----------
314     : ['~ep_epoch0(node0)', '~ep_epoch0(node1)', '~ep_epoch2(node1)', '~held(node1)', '~locked_epoch2(node0)']
num_forall :   0
num_exists :   0
num_literals : 0
quantified form : None
qcost : 0


=== Prime Orbit 153 =====================
size : 2
num_suborbits: 1
315 (*) : 0-0-0----------00---------
315     : ['~ep_epoch0(node0)', '~ep_epoch0(node1)', '~ep_epoch2(node0)', '~locked_epoch2(node1)', '~locked_epoch3(node0)']
316     : 0---0-0-------0--0--------
316     : ['~ep_epoch0(node0)', '~ep_epoch0(node1)', '~ep_epoch2(node1)', '~locked_epoch2(node0)', '~locked_epoch3(node1)']
num_forall :   0
num_exists :   0
num_literals : 0
quantified form : None
qcost : 0


=== Prime Orbit 154 =====================
size : 2
num_suborbits: 1
309 (*) : -000-0---------0----------
309     : ['~ep_epoch1(node0)', '~ep_epoch1(node1)', '~ep_epoch2(node0)', '~ep_epoch3(node0)', '~locked_epoch2(node1)']
310     : -0---000------0-----------
310     : ['~ep_epoch1(node0)', '~ep_epoch1(node1)', '~ep_epoch2(node1)', '~ep_epoch3(node1)', '~locked_epoch2(node0)']
num_forall :   0
num_exists :   0
num_literals : 0
quantified form : None
qcost : 0


=== Prime Orbit 155 =====================
size : 2
num_suborbits: 1
307 (*) : -00--0--0------0----------
307     : ['~ep_epoch1(node0)', '~ep_epoch1(node1)', '~ep_epoch2(node0)', '~held(node0)', '~locked_epoch2(node1)']
308     : -0---00--0----0-----------
308     : ['~ep_epoch1(node0)', '~ep_epoch1(node1)', '~ep_epoch2(node1)', '~held(node1)', '~locked_epoch2(node0)']
num_forall :   0
num_exists :   0
num_literals : 0
quantified form : None
qcost : 0


=== Prime Orbit 156 =====================
size : 2
num_suborbits: 1
311 (*) : -00--0---------00---------
311     : ['~ep_epoch1(node0)', '~ep_epoch1(node1)', '~ep_epoch2(node0)', '~locked_epoch2(node1)', '~locked_epoch3(node0)']
312     : -0---00-------0--0--------
312     : ['~ep_epoch1(node0)', '~ep_epoch1(node1)', '~ep_epoch2(node1)', '~locked_epoch2(node0)', '~locked_epoch3(node1)']
num_forall :   0
num_exists :   0
num_literals : 0
quantified form : None
qcost : 0


=== Prime Orbit 157 =====================
size : 2
num_suborbits: 1
356 (*) : 1--------0------------0000
356     : ['ep_epoch0(node0)', '~held(node1)', '~transfer_epoch2(node0)', '~transfer_epoch2(node1)', '~transfer_epoch3(node0)', '~transfer_epoch3(node1)']
355     : ----1---0-------------0000
355     : ['ep_epoch0(node1)', '~held(node0)', '~transfer_epoch2(node0)', '~transfer_epoch2(node1)', '~transfer_epoch3(node0)', '~transfer_epoch3(node1)']
num_forall :   0
num_exists :   0
num_literals : 0
quantified form : None
qcost : 0


=== Prime Orbit 158 =====================
size : 2
num_suborbits: 1
349 (*) : -1----000-------------00--
349     : ['ep_epoch1(node0)', '~ep_epoch2(node1)', '~ep_epoch3(node1)', '~held(node0)', '~transfer_epoch2(node0)', '~transfer_epoch2(node1)']
350     : --00-1---0------------00--
350     : ['ep_epoch1(node1)', '~ep_epoch2(node0)', '~ep_epoch3(node0)', '~held(node1)', '~transfer_epoch2(node0)', '~transfer_epoch2(node1)']
num_forall :   0
num_exists :   0
num_literals : 0
quantified form : None
qcost : 0


=== Prime Orbit 159 =====================
size : 2
num_suborbits: 1
353 (*) : -1----0-00------------00--
353     : ['ep_epoch1(node0)', '~ep_epoch2(node1)', '~held(node0)', '~held(node1)', '~transfer_epoch2(node0)', '~transfer_epoch2(node1)']
354     : --0--1--00------------00--
354     : ['ep_epoch1(node1)', '~ep_epoch2(node0)', '~held(node0)', '~held(node1)', '~transfer_epoch2(node0)', '~transfer_epoch2(node1)']
num_forall :   0
num_exists :   0
num_literals : 0
quantified form : None
qcost : 0


=== Prime Orbit 160 =====================
size : 2
num_suborbits: 1
351 (*) : -1----0-0--------0----00--
351     : ['ep_epoch1(node0)', '~ep_epoch2(node1)', '~held(node0)', '~locked_epoch3(node1)', '~transfer_epoch2(node0)', '~transfer_epoch2(node1)']
352     : --0--1---0------0-----00--
352     : ['ep_epoch1(node1)', '~ep_epoch2(node0)', '~held(node1)', '~locked_epoch3(node0)', '~transfer_epoch2(node0)', '~transfer_epoch2(node1)']
num_forall :   0
num_exists :   0
num_literals : 0
quantified form : None
qcost : 0


=== Prime Orbit 161 =====================
size : 1
num_suborbits: 1
401 (*) : 000-000-------------------
401     : ['~ep_epoch0(node0)', '~ep_epoch0(node1)', '~ep_epoch1(node0)', '~ep_epoch1(node1)', '~ep_epoch2(node0)', '~ep_epoch2(node1)']
num_forall :   0
num_exists :   0
num_literals : 0
quantified form : None
qcost : 0


=== Prime Orbit 162 =====================
size : 1
num_suborbits: 1
393 (*) : 00-000-0------------------
393     : ['~ep_epoch0(node0)', '~ep_epoch0(node1)', '~ep_epoch1(node0)', '~ep_epoch1(node1)', '~ep_epoch3(node0)', '~ep_epoch3(node1)']
num_forall :   0
num_exists :   0
num_literals : 0
quantified form : None
qcost : 0


=== Prime Orbit 163 =====================
size : 2
num_suborbits: 1
372 (*) : 00-000---0----------------
372     : ['~ep_epoch0(node0)', '~ep_epoch0(node1)', '~ep_epoch1(node0)', '~ep_epoch1(node1)', '~ep_epoch3(node0)', '~held(node1)']
371     : 00--00-00-----------------
371     : ['~ep_epoch0(node0)', '~ep_epoch0(node1)', '~ep_epoch1(node0)', '~ep_epoch1(node1)', '~ep_epoch3(node1)', '~held(node0)']
num_forall :   0
num_exists :   0
num_literals : 0
quantified form : None
qcost : 0


=== Prime Orbit 164 =====================
size : 2
num_suborbits: 1
395 (*) : 00-000-----------0--------
395     : ['~ep_epoch0(node0)', '~ep_epoch0(node1)', '~ep_epoch1(node0)', '~ep_epoch1(node1)', '~ep_epoch3(node0)', '~locked_epoch3(node1)']
394     : 00--00-0--------0---------
394     : ['~ep_epoch0(node0)', '~ep_epoch0(node1)', '~ep_epoch1(node0)', '~ep_epoch1(node1)', '~ep_epoch3(node1)', '~locked_epoch3(node0)']
num_forall :   0
num_exists :   0
num_literals : 0
quantified form : None
qcost : 0


=== Prime Orbit 165 =====================
size : 1
num_suborbits: 1
360 (*) : 00--00--00----------------
360     : ['~ep_epoch0(node0)', '~ep_epoch0(node1)', '~ep_epoch1(node0)', '~ep_epoch1(node1)', '~held(node0)', '~held(node1)']
num_forall :   0
num_exists :   0
num_literals : 0
quantified form : None
qcost : 0


=== Prime Orbit 166 =====================
size : 2
num_suborbits: 1
369 (*) : 00--00--0--------0--------
369     : ['~ep_epoch0(node0)', '~ep_epoch0(node1)', '~ep_epoch1(node0)', '~ep_epoch1(node1)', '~held(node0)', '~locked_epoch3(node1)']
370     : 00--00---0------0---------
370     : ['~ep_epoch0(node0)', '~ep_epoch0(node1)', '~ep_epoch1(node0)', '~ep_epoch1(node1)', '~held(node1)', '~locked_epoch3(node0)']
num_forall :   0
num_exists :   0
num_literals : 0
quantified form : None
qcost : 0


=== Prime Orbit 167 =====================
size : 1
num_suborbits: 1
396 (*) : 00--00----------00--------
396     : ['~ep_epoch0(node0)', '~ep_epoch0(node1)', '~ep_epoch1(node0)', '~ep_epoch1(node1)', '~locked_epoch3(node0)', '~locked_epoch3(node1)']
num_forall :   0
num_exists :   0
num_literals : 0
quantified form : None
qcost : 0


=== Prime Orbit 168 =====================
size : 1
num_suborbits: 1
404 (*) : 0-000-00------------------
404     : ['~ep_epoch0(node0)', '~ep_epoch0(node1)', '~ep_epoch2(node0)', '~ep_epoch2(node1)', '~ep_epoch3(node0)', '~ep_epoch3(node1)']
num_forall :   0
num_exists :   0
num_literals : 0
quantified form : None
qcost : 0


=== Prime Orbit 169 =====================
size : 2
num_suborbits: 1
382 (*) : 0-000-0--0----------------
382     : ['~ep_epoch0(node0)', '~ep_epoch0(node1)', '~ep_epoch2(node0)', '~ep_epoch2(node1)', '~ep_epoch3(node0)', '~held(node1)']
381     : 0-0-0-000-----------------
381     : ['~ep_epoch0(node0)', '~ep_epoch0(node1)', '~ep_epoch2(node0)', '~ep_epoch2(node1)', '~ep_epoch3(node1)', '~held(node0)']
num_forall :   0
num_exists :   0
num_literals : 0
quantified form : None
qcost : 0


=== Prime Orbit 170 =====================
size : 2
num_suborbits: 1
403 (*) : 0-000-0----------0--------
403     : ['~ep_epoch0(node0)', '~ep_epoch0(node1)', '~ep_epoch2(node0)', '~ep_epoch2(node1)', '~ep_epoch3(node0)', '~locked_epoch3(node1)']
402     : 0-0-0-00--------0---------
402     : ['~ep_epoch0(node0)', '~ep_epoch0(node1)', '~ep_epoch2(node0)', '~ep_epoch2(node1)', '~ep_epoch3(node1)', '~locked_epoch3(node0)']
num_forall :   0
num_exists :   0
num_literals : 0
quantified form : None
qcost : 0


=== Prime Orbit 171 =====================
size : 1
num_suborbits: 1
363 (*) : 0-0-0-0-00----------------
363     : ['~ep_epoch0(node0)', '~ep_epoch0(node1)', '~ep_epoch2(node0)', '~ep_epoch2(node1)', '~held(node0)', '~held(node1)']
num_forall :   0
num_exists :   0
num_literals : 0
quantified form : None
qcost : 0


=== Prime Orbit 172 =====================
size : 2
num_suborbits: 1
379 (*) : 0-0-0-0-0--------0--------
379     : ['~ep_epoch0(node0)', '~ep_epoch0(node1)', '~ep_epoch2(node0)', '~ep_epoch2(node1)', '~held(node0)', '~locked_epoch3(node1)']
380     : 0-0-0-0--0------0---------
380     : ['~ep_epoch0(node0)', '~ep_epoch0(node1)', '~ep_epoch2(node0)', '~ep_epoch2(node1)', '~held(node1)', '~locked_epoch3(node0)']
num_forall :   0
num_exists :   0
num_literals : 0
quantified form : None
qcost : 0


=== Prime Orbit 173 =====================
size : 1
num_suborbits: 1
405 (*) : 0-0-0-0---------00--------
405     : ['~ep_epoch0(node0)', '~ep_epoch0(node1)', '~ep_epoch2(node0)', '~ep_epoch2(node1)', '~locked_epoch3(node0)', '~locked_epoch3(node1)']
num_forall :   0
num_exists :   0
num_literals : 0
quantified form : None
qcost : 0


=== Prime Orbit 174 =====================
size : 1
num_suborbits: 1
362 (*) : 0---0---00--------------00
362     : ['~ep_epoch0(node0)', '~ep_epoch0(node1)', '~held(node0)', '~held(node1)', '~transfer_epoch3(node0)', '~transfer_epoch3(node1)']
num_forall :   0
num_exists :   0
num_literals : 0
quantified form : None
qcost : 0


=== Prime Orbit 175 =====================
size : 2
num_suborbits: 1
391 (*) : 00-----00---------------00
391     : ['~ep_epoch0(node0)', '~ep_epoch1(node0)', '~ep_epoch3(node1)', '~held(node0)', '~transfer_epoch3(node0)', '~transfer_epoch3(node1)']
392     : ---000---0--------------00
392     : ['~ep_epoch0(node1)', '~ep_epoch1(node1)', '~ep_epoch3(node0)', '~held(node1)', '~transfer_epoch3(node0)', '~transfer_epoch3(node1)']
num_forall :   0
num_exists :   0
num_literals : 0
quantified form : None
qcost : 0


=== Prime Orbit 176 =====================
size : 2
num_suborbits: 1
358 (*) : 00------00--------------00
358     : ['~ep_epoch0(node0)', '~ep_epoch1(node0)', '~held(node0)', '~held(node1)', '~transfer_epoch3(node0)', '~transfer_epoch3(node1)']
359     : ----00--00--------------00
359     : ['~ep_epoch0(node1)', '~ep_epoch1(node1)', '~held(node0)', '~held(node1)', '~transfer_epoch3(node0)', '~transfer_epoch3(node1)']
num_forall :   0
num_exists :   0
num_literals : 0
quantified form : None
qcost : 0


=== Prime Orbit 177 =====================
size : 2
num_suborbits: 1
389 (*) : 00------0--------0------00
389     : ['~ep_epoch0(node0)', '~ep_epoch1(node0)', '~held(node0)', '~locked_epoch3(node1)', '~transfer_epoch3(node0)', '~transfer_epoch3(node1)']
390     : ----00---0------0-------00
390     : ['~ep_epoch0(node1)', '~ep_epoch1(node1)', '~held(node1)', '~locked_epoch3(node0)', '~transfer_epoch3(node0)', '~transfer_epoch3(node1)']
num_forall :   0
num_exists :   0
num_literals : 0
quantified form : None
qcost : 0


=== Prime Orbit 178 =====================
size : 2
num_suborbits: 1
383 (*) : 0-0-----0------0------00--
383     : ['~ep_epoch0(node0)', '~ep_epoch2(node0)', '~held(node0)', '~locked_epoch2(node1)', '~transfer_epoch2(node0)', '~transfer_epoch2(node1)']
384     : ----0-0--0----0-------00--
384     : ['~ep_epoch0(node1)', '~ep_epoch2(node1)', '~held(node1)', '~locked_epoch2(node0)', '~transfer_epoch2(node0)', '~transfer_epoch2(node1)']
num_forall :   0
num_exists :   0
num_literals : 0
quantified form : None
qcost : 0


=== Prime Orbit 179 =====================
size : 2
num_suborbits: 1
385 (*) : 0-------0-----00------00--
385     : ['~ep_epoch0(node0)', '~held(node0)', '~locked_epoch2(node0)', '~locked_epoch2(node1)', '~transfer_epoch2(node0)', '~transfer_epoch2(node1)']
386     : ----0----0----00------00--
386     : ['~ep_epoch0(node1)', '~held(node1)', '~locked_epoch2(node0)', '~locked_epoch2(node1)', '~transfer_epoch2(node0)', '~transfer_epoch2(node1)']
num_forall :   0
num_exists :   0
num_literals : 0
quantified form : None
qcost : 0


=== Prime Orbit 180 =====================
size : 1
num_suborbits: 1
397 (*) : -000-000------------------
397     : ['~ep_epoch1(node0)', '~ep_epoch1(node1)', '~ep_epoch2(node0)', '~ep_epoch2(node1)', '~ep_epoch3(node0)', '~ep_epoch3(node1)']
num_forall :   0
num_exists :   0
num_literals : 0
quantified form : None
qcost : 0


=== Prime Orbit 181 =====================
size : 2
num_suborbits: 1
374 (*) : -000-00--0----------------
374     : ['~ep_epoch1(node0)', '~ep_epoch1(node1)', '~ep_epoch2(node0)', '~ep_epoch2(node1)', '~ep_epoch3(node0)', '~held(node1)']
373     : -00--0000-----------------
373     : ['~ep_epoch1(node0)', '~ep_epoch1(node1)', '~ep_epoch2(node0)', '~ep_epoch2(node1)', '~ep_epoch3(node1)', '~held(node0)']
num_forall :   0
num_exists :   0
num_literals : 0
quantified form : None
qcost : 0


=== Prime Orbit 182 =====================
size : 2
num_suborbits: 1
399 (*) : -000-00----------0--------
399     : ['~ep_epoch1(node0)', '~ep_epoch1(node1)', '~ep_epoch2(node0)', '~ep_epoch2(node1)', '~ep_epoch3(node0)', '~locked_epoch3(node1)']
398     : -00--000--------0---------
398     : ['~ep_epoch1(node0)', '~ep_epoch1(node1)', '~ep_epoch2(node0)', '~ep_epoch2(node1)', '~ep_epoch3(node1)', '~locked_epoch3(node0)']
num_forall :   0
num_exists :   0
num_literals : 0
quantified form : None
qcost : 0


=== Prime Orbit 183 =====================
size : 1
num_suborbits: 1
366 (*) : -00--00-00----------------
366     : ['~ep_epoch1(node0)', '~ep_epoch1(node1)', '~ep_epoch2(node0)', '~ep_epoch2(node1)', '~held(node0)', '~held(node1)']
num_forall :   0
num_exists :   0
num_literals : 0
quantified form : None
qcost : 0


=== Prime Orbit 184 =====================
size : 2
num_suborbits: 1
375 (*) : -00--00-0--------0--------
375     : ['~ep_epoch1(node0)', '~ep_epoch1(node1)', '~ep_epoch2(node0)', '~ep_epoch2(node1)', '~held(node0)', '~locked_epoch3(node1)']
376     : -00--00--0------0---------
376     : ['~ep_epoch1(node0)', '~ep_epoch1(node1)', '~ep_epoch2(node0)', '~ep_epoch2(node1)', '~held(node1)', '~locked_epoch3(node0)']
num_forall :   0
num_exists :   0
num_literals : 0
quantified form : None
qcost : 0


=== Prime Orbit 185 =====================
size : 1
num_suborbits: 1
400 (*) : -00--00---------00--------
400     : ['~ep_epoch1(node0)', '~ep_epoch1(node1)', '~ep_epoch2(node0)', '~ep_epoch2(node1)', '~locked_epoch3(node0)', '~locked_epoch3(node1)']
num_forall :   0
num_exists :   0
num_literals : 0
quantified form : None
qcost : 0


=== Prime Orbit 186 =====================
size : 1
num_suborbits: 1
357 (*) : -0---0--00--------------00
357     : ['~ep_epoch1(node0)', '~ep_epoch1(node1)', '~held(node0)', '~held(node1)', '~transfer_epoch3(node0)', '~transfer_epoch3(node1)']
num_forall :   0
num_exists :   0
num_literals : 0
quantified form : None
qcost : 0


=== Prime Orbit 187 =====================
size : 2
num_suborbits: 1
378 (*) : -0----0--0----0-------00--
378     : ['~ep_epoch1(node0)', '~ep_epoch2(node1)', '~held(node1)', '~locked_epoch2(node0)', '~transfer_epoch2(node0)', '~transfer_epoch2(node1)']
377     : --0--0--0------0------00--
377     : ['~ep_epoch1(node1)', '~ep_epoch2(node0)', '~held(node0)', '~locked_epoch2(node1)', '~transfer_epoch2(node0)', '~transfer_epoch2(node1)']
num_forall :   0
num_exists :   0
num_literals : 0
quantified form : None
qcost : 0


=== Prime Orbit 188 =====================
size : 2
num_suborbits: 1
388 (*) : -0-------0----00------00--
388     : ['~ep_epoch1(node0)', '~held(node1)', '~locked_epoch2(node0)', '~locked_epoch2(node1)', '~transfer_epoch2(node0)', '~transfer_epoch2(node1)']
387     : -----0--0-----00------00--
387     : ['~ep_epoch1(node1)', '~held(node0)', '~locked_epoch2(node0)', '~locked_epoch2(node1)', '~transfer_epoch2(node0)', '~transfer_epoch2(node1)']
num_forall :   0
num_exists :   0
num_literals : 0
quantified form : None
qcost : 0


=== Prime Orbit 189 =====================
size : 1
num_suborbits: 1
367 (*) : --0---0-00------------00--
367     : ['~ep_epoch2(node0)', '~ep_epoch2(node1)', '~held(node0)', '~held(node1)', '~transfer_epoch2(node0)', '~transfer_epoch2(node1)']
num_forall :   0
num_exists :   0
num_literals : 0
quantified form : None
qcost : 0


=== Prime Orbit 190 =====================
size : 2
num_suborbits: 1
365 (*) : --0-----00-----0------00--
365     : ['~ep_epoch2(node0)', '~held(node0)', '~held(node1)', '~locked_epoch2(node1)', '~transfer_epoch2(node0)', '~transfer_epoch2(node1)']
364     : ------0-00----0-------00--
364     : ['~ep_epoch2(node1)', '~held(node0)', '~held(node1)', '~locked_epoch2(node0)', '~transfer_epoch2(node0)', '~transfer_epoch2(node1)']
num_forall :   0
num_exists :   0
num_literals : 0
quantified form : None
qcost : 0


=== Prime Orbit 191 =====================
size : 1
num_suborbits: 1
368 (*) : --------00----00------00--
368     : ['~held(node0)', '~held(node1)', '~locked_epoch2(node0)', '~locked_epoch2(node1)', '~transfer_epoch2(node0)', '~transfer_epoch2(node1)']
num_forall :   0
num_exists :   0
num_literals : 0
quantified form : None
qcost : 0


=== Prime Orbit 192 =====================
size : 1
num_suborbits: 1
361 (*) : --------00------------0000
361     : ['~held(node0)', '~held(node1)', '~transfer_epoch2(node0)', '~transfer_epoch2(node1)', '~transfer_epoch3(node0)', '~transfer_epoch3(node1)']
num_forall :   0
num_exists :   0
num_literals : 0
quantified form : None
qcost : 0


=== Prime Orbit 193 =====================
size : 2
num_suborbits: 1
431 (*) : 0-000----0--------------00
431     : ['~ep_epoch0(node0)', '~ep_epoch0(node1)', '~ep_epoch2(node0)', '~ep_epoch3(node0)', '~held(node1)', '~transfer_epoch3(node0)', '~transfer_epoch3(node1)']
430     : 0---0-000---------------00
430     : ['~ep_epoch0(node0)', '~ep_epoch0(node1)', '~ep_epoch2(node1)', '~ep_epoch3(node1)', '~held(node0)', '~transfer_epoch3(node0)', '~transfer_epoch3(node1)']
num_forall :   0
num_exists :   0
num_literals : 0
quantified form : None
qcost : 0


=== Prime Orbit 194 =====================
size : 2
num_suborbits: 1
433 (*) : 0-0-0----0------0-------00
433     : ['~ep_epoch0(node0)', '~ep_epoch0(node1)', '~ep_epoch2(node0)', '~held(node1)', '~locked_epoch3(node0)', '~transfer_epoch3(node0)', '~transfer_epoch3(node1)']
432     : 0---0-0-0--------0------00
432     : ['~ep_epoch0(node0)', '~ep_epoch0(node1)', '~ep_epoch2(node1)', '~held(node0)', '~locked_epoch3(node1)', '~transfer_epoch3(node0)', '~transfer_epoch3(node1)']
num_forall :   0
num_exists :   0
num_literals : 0
quantified form : None
qcost : 0


=== Prime Orbit 195 =====================
size : 2
num_suborbits: 1
435 (*) : 0--00----0----0---------00
435     : ['~ep_epoch0(node0)', '~ep_epoch0(node1)', '~ep_epoch3(node0)', '~held(node1)', '~locked_epoch2(node0)', '~transfer_epoch3(node0)', '~transfer_epoch3(node1)']
434     : 0---0--00------0--------00
434     : ['~ep_epoch0(node0)', '~ep_epoch0(node1)', '~ep_epoch3(node1)', '~held(node0)', '~locked_epoch2(node1)', '~transfer_epoch3(node0)', '~transfer_epoch3(node1)']
num_forall :   0
num_exists :   0
num_literals : 0
quantified form : None
qcost : 0


=== Prime Orbit 196 =====================
size : 2
num_suborbits: 1
436 (*) : 0---0---0------0-0------00
436     : ['~ep_epoch0(node0)', '~ep_epoch0(node1)', '~held(node0)', '~locked_epoch2(node1)', '~locked_epoch3(node1)', '~transfer_epoch3(node0)', '~transfer_epoch3(node1)']
437     : 0---0----0----0-0-------00
437     : ['~ep_epoch0(node0)', '~ep_epoch0(node1)', '~held(node1)', '~locked_epoch2(node0)', '~locked_epoch3(node0)', '~transfer_epoch3(node0)', '~transfer_epoch3(node1)']
num_forall :   0
num_exists :   0
num_literals : 0
quantified form : None
qcost : 0


=== Prime Orbit 197 =====================
size : 2
num_suborbits: 1
427 (*) : 0-0---000-------------00--
427     : ['~ep_epoch0(node0)', '~ep_epoch2(node0)', '~ep_epoch2(node1)', '~ep_epoch3(node1)', '~held(node0)', '~transfer_epoch2(node0)', '~transfer_epoch2(node1)']
426     : --000-0--0------------00--
426     : ['~ep_epoch0(node1)', '~ep_epoch2(node0)', '~ep_epoch2(node1)', '~ep_epoch3(node0)', '~held(node1)', '~transfer_epoch2(node0)', '~transfer_epoch2(node1)']
num_forall :   0
num_exists :   0
num_literals : 0
quantified form : None
qcost : 0


=== Prime Orbit 198 =====================
size : 2
num_suborbits: 1
429 (*) : 0-0---0-0--------0----00--
429     : ['~ep_epoch0(node0)', '~ep_epoch2(node0)', '~ep_epoch2(node1)', '~held(node0)', '~locked_epoch3(node1)', '~transfer_epoch2(node0)', '~transfer_epoch2(node1)']
428     : --0-0-0--0------0-----00--
428     : ['~ep_epoch0(node1)', '~ep_epoch2(node0)', '~ep_epoch2(node1)', '~held(node1)', '~locked_epoch3(node0)', '~transfer_epoch2(node0)', '~transfer_epoch2(node1)']
num_forall :   0
num_exists :   0
num_literals : 0
quantified form : None
qcost : 0


=== Prime Orbit 199 =====================
size : 2
num_suborbits: 1
423 (*) : 0-----000-----0-------00--
423     : ['~ep_epoch0(node0)', '~ep_epoch2(node1)', '~ep_epoch3(node1)', '~held(node0)', '~locked_epoch2(node0)', '~transfer_epoch2(node0)', '~transfer_epoch2(node1)']
422     : --000----0-----0------00--
422     : ['~ep_epoch0(node1)', '~ep_epoch2(node0)', '~ep_epoch3(node0)', '~held(node1)', '~locked_epoch2(node1)', '~transfer_epoch2(node0)', '~transfer_epoch2(node1)']
num_forall :   0
num_exists :   0
num_literals : 0
quantified form : None
qcost : 0


=== Prime Orbit 200 =====================
size : 2
num_suborbits: 1
425 (*) : 0-----0-0-----0--0----00--
425     : ['~ep_epoch0(node0)', '~ep_epoch2(node1)', '~held(node0)', '~locked_epoch2(node0)', '~locked_epoch3(node1)', '~transfer_epoch2(node0)', '~transfer_epoch2(node1)']
424     : --0-0----0-----00-----00--
424     : ['~ep_epoch0(node1)', '~ep_epoch2(node0)', '~held(node1)', '~locked_epoch2(node1)', '~locked_epoch3(node0)', '~transfer_epoch2(node0)', '~transfer_epoch2(node1)']
num_forall :   0
num_exists :   0
num_literals : 0
quantified form : None
qcost : 0


=== Prime Orbit 201 =====================
size : 2
num_suborbits: 1
407 (*) : -000-0---0--------------00
407     : ['~ep_epoch1(node0)', '~ep_epoch1(node1)', '~ep_epoch2(node0)', '~ep_epoch3(node0)', '~held(node1)', '~transfer_epoch3(node0)', '~transfer_epoch3(node1)']
406     : -0---0000---------------00
406     : ['~ep_epoch1(node0)', '~ep_epoch1(node1)', '~ep_epoch2(node1)', '~ep_epoch3(node1)', '~held(node0)', '~transfer_epoch3(node0)', '~transfer_epoch3(node1)']
num_forall :   0
num_exists :   0
num_literals : 0
quantified form : None
qcost : 0


=== Prime Orbit 202 =====================
size : 2
num_suborbits: 1
417 (*) : -00--0---0------0-------00
417     : ['~ep_epoch1(node0)', '~ep_epoch1(node1)', '~ep_epoch2(node0)', '~held(node1)', '~locked_epoch3(node0)', '~transfer_epoch3(node0)', '~transfer_epoch3(node1)']
416     : -0---00-0--------0------00
416     : ['~ep_epoch1(node0)', '~ep_epoch1(node1)', '~ep_epoch2(node1)', '~held(node0)', '~locked_epoch3(node1)', '~transfer_epoch3(node0)', '~transfer_epoch3(node1)']
num_forall :   0
num_exists :   0
num_literals : 0
quantified form : None
qcost : 0


=== Prime Orbit 203 =====================
size : 2
num_suborbits: 1
419 (*) : -0-0-0---0----0---------00
419     : ['~ep_epoch1(node0)', '~ep_epoch1(node1)', '~ep_epoch3(node0)', '~held(node1)', '~locked_epoch2(node0)', '~transfer_epoch3(node0)', '~transfer_epoch3(node1)']
418     : -0---0-00------0--------00
418     : ['~ep_epoch1(node0)', '~ep_epoch1(node1)', '~ep_epoch3(node1)', '~held(node0)', '~locked_epoch2(node1)', '~transfer_epoch3(node0)', '~transfer_epoch3(node1)']
num_forall :   0
num_exists :   0
num_literals : 0
quantified form : None
qcost : 0


=== Prime Orbit 204 =====================
size : 2
num_suborbits: 1
420 (*) : -0---0--0------0-0------00
420     : ['~ep_epoch1(node0)', '~ep_epoch1(node1)', '~held(node0)', '~locked_epoch2(node1)', '~locked_epoch3(node1)', '~transfer_epoch3(node0)', '~transfer_epoch3(node1)']
421     : -0---0---0----0-0-------00
421     : ['~ep_epoch1(node0)', '~ep_epoch1(node1)', '~held(node1)', '~locked_epoch2(node0)', '~locked_epoch3(node0)', '~transfer_epoch3(node0)', '~transfer_epoch3(node1)']
num_forall :   0
num_exists :   0
num_literals : 0
quantified form : None
qcost : 0


=== Prime Orbit 205 =====================
size : 2
num_suborbits: 1
413 (*) : -000--0--0------------00--
413     : ['~ep_epoch1(node0)', '~ep_epoch2(node0)', '~ep_epoch2(node1)', '~ep_epoch3(node0)', '~held(node1)', '~transfer_epoch2(node0)', '~transfer_epoch2(node1)']
412     : --0--0000-------------00--
412     : ['~ep_epoch1(node1)', '~ep_epoch2(node0)', '~ep_epoch2(node1)', '~ep_epoch3(node1)', '~held(node0)', '~transfer_epoch2(node0)', '~transfer_epoch2(node1)']
num_forall :   0
num_exists :   0
num_literals : 0
quantified form : None
qcost : 0


=== Prime Orbit 206 =====================
size : 2
num_suborbits: 1
415 (*) : -00---0--0------0-----00--
415     : ['~ep_epoch1(node0)', '~ep_epoch2(node0)', '~ep_epoch2(node1)', '~held(node1)', '~locked_epoch3(node0)', '~transfer_epoch2(node0)', '~transfer_epoch2(node1)']
414     : --0--00-0--------0----00--
414     : ['~ep_epoch1(node1)', '~ep_epoch2(node0)', '~ep_epoch2(node1)', '~held(node0)', '~locked_epoch3(node1)', '~transfer_epoch2(node0)', '~transfer_epoch2(node1)']
num_forall :   0
num_exists :   0
num_literals : 0
quantified form : None
qcost : 0


=== Prime Orbit 207 =====================
size : 2
num_suborbits: 1
409 (*) : -000-----0-----0------00--
409     : ['~ep_epoch1(node0)', '~ep_epoch2(node0)', '~ep_epoch3(node0)', '~held(node1)', '~locked_epoch2(node1)', '~transfer_epoch2(node0)', '~transfer_epoch2(node1)']
408     : -----0000-----0-------00--
408     : ['~ep_epoch1(node1)', '~ep_epoch2(node1)', '~ep_epoch3(node1)', '~held(node0)', '~locked_epoch2(node0)', '~transfer_epoch2(node0)', '~transfer_epoch2(node1)']
num_forall :   0
num_exists :   0
num_literals : 0
quantified form : None
qcost : 0


=== Prime Orbit 208 =====================
size : 2
num_suborbits: 1
411 (*) : -00------0-----00-----00--
411     : ['~ep_epoch1(node0)', '~ep_epoch2(node0)', '~held(node1)', '~locked_epoch2(node1)', '~locked_epoch3(node0)', '~transfer_epoch2(node0)', '~transfer_epoch2(node1)']
410     : -----00-0-----0--0----00--
410     : ['~ep_epoch1(node1)', '~ep_epoch2(node1)', '~held(node0)', '~locked_epoch2(node0)', '~locked_epoch3(node1)', '~transfer_epoch2(node0)', '~transfer_epoch2(node1)']
num_forall :   0
num_exists :   0
num_literals : 0
quantified form : None
qcost : 0


=== Prime Orbit 209 =====================
size : 2
num_suborbits: 1
441 (*) : 0-----000-------------0000
441     : ['~ep_epoch0(node0)', '~ep_epoch2(node1)', '~ep_epoch3(node1)', '~held(node0)', '~transfer_epoch2(node0)', '~transfer_epoch2(node1)', '~transfer_epoch3(node0)', '~transfer_epoch3(node1)']
440     : --000----0------------0000
440     : ['~ep_epoch0(node1)', '~ep_epoch2(node0)', '~ep_epoch3(node0)', '~held(node1)', '~transfer_epoch2(node0)', '~transfer_epoch2(node1)', '~transfer_epoch3(node0)', '~transfer_epoch3(node1)']
num_forall :   0
num_exists :   0
num_literals : 0
quantified form : None
qcost : 0


=== Prime Orbit 210 =====================
size : 2
num_suborbits: 1
443 (*) : 0-----0-0--------0----0000
443     : ['~ep_epoch0(node0)', '~ep_epoch2(node1)', '~held(node0)', '~locked_epoch3(node1)', '~transfer_epoch2(node0)', '~transfer_epoch2(node1)', '~transfer_epoch3(node0)', '~transfer_epoch3(node1)']
442     : --0-0----0------0-----0000
442     : ['~ep_epoch0(node1)', '~ep_epoch2(node0)', '~held(node1)', '~locked_epoch3(node0)', '~transfer_epoch2(node0)', '~transfer_epoch2(node1)', '~transfer_epoch3(node0)', '~transfer_epoch3(node1)']
num_forall :   0
num_exists :   0
num_literals : 0
quantified form : None
qcost : 0


=== Prime Orbit 211 =====================
size : 2
num_suborbits: 1
439 (*) : 0------00------0------0000
439     : ['~ep_epoch0(node0)', '~ep_epoch3(node1)', '~held(node0)', '~locked_epoch2(node1)', '~transfer_epoch2(node0)', '~transfer_epoch2(node1)', '~transfer_epoch3(node0)', '~transfer_epoch3(node1)']
438     : ---00----0----0-------0000
438     : ['~ep_epoch0(node1)', '~ep_epoch3(node0)', '~held(node1)', '~locked_epoch2(node0)', '~transfer_epoch2(node0)', '~transfer_epoch2(node1)', '~transfer_epoch3(node0)', '~transfer_epoch3(node1)']
num_forall :   0
num_exists :   0
num_literals : 0
quantified form : None
qcost : 0


=== Prime Orbit 212 =====================
size : 2
num_suborbits: 1
445 (*) : 0-------0------0-0----0000
445     : ['~ep_epoch0(node0)', '~held(node0)', '~locked_epoch2(node1)', '~locked_epoch3(node1)', '~transfer_epoch2(node0)', '~transfer_epoch2(node1)', '~transfer_epoch3(node0)', '~transfer_epoch3(node1)']
444     : ----0----0----0-0-----0000
444     : ['~ep_epoch0(node1)', '~held(node1)', '~locked_epoch2(node0)', '~locked_epoch3(node0)', '~transfer_epoch2(node0)', '~transfer_epoch2(node1)', '~transfer_epoch3(node0)', '~transfer_epoch3(node1)']
num_forall :   0
num_exists :   0
num_literals : 0
quantified form : None
qcost : 0


=== Prime Orbit 213 =====================
size : 2
num_suborbits: 1
451 (*) : -000-----0------------0000
451     : ['~ep_epoch1(node0)', '~ep_epoch2(node0)', '~ep_epoch3(node0)', '~held(node1)', '~transfer_epoch2(node0)', '~transfer_epoch2(node1)', '~transfer_epoch3(node0)', '~transfer_epoch3(node1)']
450     : -----0000-------------0000
450     : ['~ep_epoch1(node1)', '~ep_epoch2(node1)', '~ep_epoch3(node1)', '~held(node0)', '~transfer_epoch2(node0)', '~transfer_epoch2(node1)', '~transfer_epoch3(node0)', '~transfer_epoch3(node1)']
num_forall :   0
num_exists :   0
num_literals : 0
quantified form : None
qcost : 0


=== Prime Orbit 214 =====================
size : 2
num_suborbits: 1
453 (*) : -00------0------0-----0000
453     : ['~ep_epoch1(node0)', '~ep_epoch2(node0)', '~held(node1)', '~locked_epoch3(node0)', '~transfer_epoch2(node0)', '~transfer_epoch2(node1)', '~transfer_epoch3(node0)', '~transfer_epoch3(node1)']
452     : -----00-0--------0----0000
452     : ['~ep_epoch1(node1)', '~ep_epoch2(node1)', '~held(node0)', '~locked_epoch3(node1)', '~transfer_epoch2(node0)', '~transfer_epoch2(node1)', '~transfer_epoch3(node0)', '~transfer_epoch3(node1)']
num_forall :   0
num_exists :   0
num_literals : 0
quantified form : None
qcost : 0


=== Prime Orbit 215 =====================
size : 2
num_suborbits: 1
447 (*) : -0-0-----0----0-------0000
447     : ['~ep_epoch1(node0)', '~ep_epoch3(node0)', '~held(node1)', '~locked_epoch2(node0)', '~transfer_epoch2(node0)', '~transfer_epoch2(node1)', '~transfer_epoch3(node0)', '~transfer_epoch3(node1)']
446     : -----0-00------0------0000
446     : ['~ep_epoch1(node1)', '~ep_epoch3(node1)', '~held(node0)', '~locked_epoch2(node1)', '~transfer_epoch2(node0)', '~transfer_epoch2(node1)', '~transfer_epoch3(node0)', '~transfer_epoch3(node1)']
num_forall :   0
num_exists :   0
num_literals : 0
quantified form : None
qcost : 0


=== Prime Orbit 216 =====================
size : 2
num_suborbits: 1
449 (*) : -0-------0----0-0-----0000
449     : ['~ep_epoch1(node0)', '~held(node1)', '~locked_epoch2(node0)', '~locked_epoch3(node0)', '~transfer_epoch2(node0)', '~transfer_epoch2(node1)', '~transfer_epoch3(node0)', '~transfer_epoch3(node1)']
448     : -----0--0------0-0----0000
448     : ['~ep_epoch1(node1)', '~held(node0)', '~locked_epoch2(node1)', '~locked_epoch3(node1)', '~transfer_epoch2(node0)', '~transfer_epoch2(node1)', '~transfer_epoch3(node0)', '~transfer_epoch3(node1)']
num_forall :   0
num_exists :   0
num_literals : 0
quantified form : None
qcost : 0



[PRIME NOTE]: number of orbits after merging: 217

[PRIME NOTE]: number of orbits before merging: 240

[PRIME NOTE]: number of primes: 454

[QRM NOTE]: Time elapsed since start: 6.952 seconds

[QRM NOTE]: Time elapsed since last: 0.173 seconds

[QRM NOTE]: Peak memory: 1076729 bytes


=====================================================================================================

	[RED]: PRIME REDUCTION on [ivybench/total/ivy/distributed_lock_v2.ivy: node=2,epoch=4]

=====================================================================================================

[QRM NOTE]: Time elapsed since start: 6.960 seconds

[QRM NOTE]: Time elapsed since last: 0.009 seconds

[QRM NOTE]: Peak memory: 903526 bytes


=========================================================================================================

	[QI]: Quantifier Inference on [ivybench/total/ivy/distributed_lock_v2.ivy: node=2,epoch=4]

=========================================================================================================


===================================================================================================================

	[QI RESULT]: Quantified Prime Orbits on [ivybench/total/ivy/distributed_lock_v2.ivy: node=2,epoch=4]

===================================================================================================================


=== Prime Orbit 0 =====================
size : 2
num_suborbits: 1
2 (*) : ----------1---------------
2     : ['locked_epoch0(node0)']
3     : -----------1--------------
3     : ['locked_epoch0(node1)']
num_forall :   1
num_exists :   0
num_literals : 1
quantified form : forall NODE0. ~locked_epoch0(NODE0)
qcost : 2




=== Prime Orbit 1 =====================
size : 2
num_suborbits: 1
4 (*) : ------------1-------------
4     : ['locked_epoch1(node0)']
5     : -------------1------------
5     : ['locked_epoch1(node1)']
num_forall :   1
num_exists :   0
num_literals : 1
quantified form : forall NODE0. ~locked_epoch1(NODE0)
qcost : 2




=== Prime Orbit 2 =====================
size : 2
num_suborbits: 1
6 (*) : ------------------1-------
6     : ['transfer_epoch0(node0)']
7     : -------------------1------
7     : ['transfer_epoch0(node1)']
num_forall :   1
num_exists :   0
num_literals : 1
quantified form : forall NODE0. ~transfer_epoch0(NODE0)
qcost : 2




=== Prime Orbit 3 =====================
size : 2
num_suborbits: 1
0 (*) : --------------------1-----
0     : ['transfer_epoch1(node0)']
1     : ---------------------1----
1     : ['transfer_epoch1(node1)']
num_forall :   1
num_exists :   0
num_literals : 1
quantified form : forall NODE0. ~transfer_epoch1(NODE0)
qcost : 2




=== Prime Orbit 4 =====================
size : 1
num_suborbits: 1
60 (*) : 1---1---------------------
60     : ['ep_epoch0(node0)', 'ep_epoch0(node1)']
num_forall :   0
num_exists :   1
num_literals : 1
quantified form : exists NODE0. ~ep_epoch0(NODE0)
qcost : 2




=== Prime Orbit 5 =====================
size : 2
num_suborbits: 1
28 (*) : 11------------------------
28     : ['ep_epoch0(node0)', 'ep_epoch1(node0)']
29     : ----11--------------------
29     : ['ep_epoch0(node1)', 'ep_epoch1(node1)']
num_forall :   1
num_exists :   0
num_literals : 2
quantified form : forall NODE0. ~ep_epoch0(NODE0) | ~ep_epoch1(NODE0)
qcost : 3




=== Prime Orbit 6 =====================
size : 2
num_suborbits: 1
20 (*) : 1-1-----------------------
20     : ['ep_epoch0(node0)', 'ep_epoch2(node0)']
21     : ----1-1-------------------
21     : ['ep_epoch0(node1)', 'ep_epoch2(node1)']
num_forall :   1
num_exists :   0
num_literals : 2
quantified form : forall NODE0. ~ep_epoch0(NODE0) | ~ep_epoch2(NODE0)
qcost : 3




=== Prime Orbit 7 =====================
size : 2
num_suborbits: 1
16 (*) : 1--1----------------------
16     : ['ep_epoch0(node0)', 'ep_epoch3(node0)']
17     : ----1--1------------------
17     : ['ep_epoch0(node1)', 'ep_epoch3(node1)']
num_forall :   1
num_exists :   0
num_literals : 2
quantified form : forall NODE0. ~ep_epoch0(NODE0) | ~ep_epoch3(NODE0)
qcost : 3




=== Prime Orbit 8 =====================
size : 2
num_suborbits: 1
54 (*) : 1-------1-----------------
54     : ['ep_epoch0(node0)', 'held(node0)']
53     : ----1----1----------------
53     : ['ep_epoch0(node1)', 'held(node1)']
num_forall :   1
num_exists :   0
num_literals : 2
quantified form : forall NODE0. ~ep_epoch0(NODE0) | ~held(NODE0)
qcost : 3




=== Prime Orbit 9 =====================
size : 2
num_suborbits: 1
18 (*) : 1-------------1-----------
18     : ['ep_epoch0(node0)', 'locked_epoch2(node0)']
19     : ----1----------1----------
19     : ['ep_epoch0(node1)', 'locked_epoch2(node1)']
num_forall :   1
num_exists :   0
num_literals : 2
quantified form : forall NODE0. ~ep_epoch0(NODE0) | ~locked_epoch2(NODE0)
qcost : 3




=== Prime Orbit 10 =====================
size : 2
num_suborbits: 1
76 (*) : 1---------------1---------
76     : ['ep_epoch0(node0)', 'locked_epoch3(node0)']
77     : ----1------------1--------
77     : ['ep_epoch0(node1)', 'locked_epoch3(node1)']
num_forall :   1
num_exists :   0
num_literals : 2
quantified form : forall NODE0. ~ep_epoch0(NODE0) | ~locked_epoch3(NODE0)
qcost : 3




=== Prime Orbit 11 =====================
size : 1
num_suborbits: 1
67 (*) : -1---1--------------------
67     : ['ep_epoch1(node0)', 'ep_epoch1(node1)']
num_forall :   0
num_exists :   1
num_literals : 1
quantified form : exists NODE0. ~ep_epoch1(NODE0)
qcost : 2




=== Prime Orbit 12 =====================
size : 2
num_suborbits: 1
24 (*) : -11-----------------------
24     : ['ep_epoch1(node0)', 'ep_epoch2(node0)']
25     : -----11-------------------
25     : ['ep_epoch1(node1)', 'ep_epoch2(node1)']
num_forall :   1
num_exists :   0
num_literals : 2
quantified form : forall NODE0. ~ep_epoch1(NODE0) | ~ep_epoch2(NODE0)
qcost : 3




=== Prime Orbit 13 =====================
size : 2
num_suborbits: 1
26 (*) : -1-1----------------------
26     : ['ep_epoch1(node0)', 'ep_epoch3(node0)']
27     : -----1-1------------------
27     : ['ep_epoch1(node1)', 'ep_epoch3(node1)']
num_forall :   1
num_exists :   0
num_literals : 2
quantified form : forall NODE0. ~ep_epoch1(NODE0) | ~ep_epoch3(NODE0)
qcost : 3




=== Prime Orbit 14 =====================
size : 2
num_suborbits: 1
22 (*) : -1------------1-----------
22     : ['ep_epoch1(node0)', 'locked_epoch2(node0)']
23     : -----1---------1----------
23     : ['ep_epoch1(node1)', 'locked_epoch2(node1)']
num_forall :   1
num_exists :   0
num_literals : 2
quantified form : forall NODE0. ~ep_epoch1(NODE0) | ~locked_epoch2(NODE0)
qcost : 3




=== Prime Orbit 15 =====================
size : 2
num_suborbits: 1
74 (*) : -1--------------1---------
74     : ['ep_epoch1(node0)', 'locked_epoch3(node0)']
75     : -----1-----------1--------
75     : ['ep_epoch1(node1)', 'locked_epoch3(node1)']
num_forall :   1
num_exists :   0
num_literals : 2
quantified form : forall NODE0. ~ep_epoch1(NODE0) | ~locked_epoch3(NODE0)
qcost : 3




=== Prime Orbit 16 =====================
size : 1
num_suborbits: 1
63 (*) : --1---1-------------------
63     : ['ep_epoch2(node0)', 'ep_epoch2(node1)']
num_forall :   0
num_exists :   1
num_literals : 1
quantified form : exists NODE0. ~ep_epoch2(NODE0)
qcost : 2




=== Prime Orbit 17 =====================
size : 2
num_suborbits: 1
10 (*) : --11----------------------
10     : ['ep_epoch2(node0)', 'ep_epoch3(node0)']
11     : ------11------------------
11     : ['ep_epoch2(node1)', 'ep_epoch3(node1)']
num_forall :   1
num_exists :   0
num_literals : 2
quantified form : forall NODE0. ~ep_epoch2(NODE0) | ~ep_epoch3(NODE0)
qcost : 3




=== Prime Orbit 18 =====================
size : 2
num_suborbits: 1
62 (*) : --1------------1----------
62     : ['ep_epoch2(node0)', 'locked_epoch2(node1)']
61     : ------1-------1-----------
61     : ['ep_epoch2(node1)', 'locked_epoch2(node0)']
num_forall :   2
num_exists :   0
num_literals : 3
quantified form : forall NODE1,NODE0. ~ep_epoch2(NODE0) | ~locked_epoch2(NODE1) | NODE0 = NODE1
qcost : 5




=== Prime Orbit 19 =====================
size : 2
num_suborbits: 1
80 (*) : --1-------------1---------
80     : ['ep_epoch2(node0)', 'locked_epoch3(node0)']
81     : ------1----------1--------
81     : ['ep_epoch2(node1)', 'locked_epoch3(node1)']
num_forall :   1
num_exists :   0
num_literals : 2
quantified form : forall NODE0. ~ep_epoch2(NODE0) | ~locked_epoch3(NODE0)
qcost : 3




=== Prime Orbit 20 =====================
size : 4
num_suborbits: 2
40 (*) : --1-------------------1---
40     : ['ep_epoch2(node0)', 'transfer_epoch2(node0)']
35     : --1--------------------1--
35     : ['ep_epoch2(node0)', 'transfer_epoch2(node1)']
34     : ------1---------------1---
34     : ['ep_epoch2(node1)', 'transfer_epoch2(node0)']
41     : ------1----------------1--
41     : ['ep_epoch2(node1)', 'transfer_epoch2(node1)']
num_forall :   2
num_exists :   0
num_literals : 2
quantified form : forall NODE1,NODE0. ~ep_epoch2(NODE0) | ~transfer_epoch2(NODE1)
qcost : 4




=== Prime Orbit 21 =====================
size : 2
num_suborbits: 1
12 (*) : --1-----------0-----------
12     : ['ep_epoch2(node0)', '~locked_epoch2(node0)']
13     : ------1--------0----------
13     : ['ep_epoch2(node1)', '~locked_epoch2(node1)']
num_forall :   1
num_exists :   0
num_literals : 2
quantified form : forall NODE0. ~ep_epoch2(NODE0) | locked_epoch2(NODE0)
qcost : 3




=== Prime Orbit 22 =====================
size : 1
num_suborbits: 1
48 (*) : ---1---1------------------
48     : ['ep_epoch3(node0)', 'ep_epoch3(node1)']
num_forall :   0
num_exists :   1
num_literals : 1
quantified form : exists NODE0. ~ep_epoch3(NODE0)
qcost : 2




=== Prime Orbit 23 =====================
size : 2
num_suborbits: 1
52 (*) : ---1-----1----------------
52     : ['ep_epoch3(node0)', 'held(node1)']
51     : -------11-----------------
51     : ['ep_epoch3(node1)', 'held(node0)']
num_forall :   2
num_exists :   0
num_literals : 3
quantified form : forall NODE1,NODE0. ~ep_epoch3(NODE0) | ~held(NODE1) | NODE0 = NODE1
qcost : 5




=== Prime Orbit 24 =====================
size : 2
num_suborbits: 1
93 (*) : ---1-------------1--------
93     : ['ep_epoch3(node0)', 'locked_epoch3(node1)']
92     : -------1--------1---------
92     : ['ep_epoch3(node1)', 'locked_epoch3(node0)']
num_forall :   2
num_exists :   0
num_literals : 3
quantified form : forall NODE1,NODE0. ~ep_epoch3(NODE0) | ~locked_epoch3(NODE1) | NODE0 = NODE1
qcost : 5




=== Prime Orbit 25 =====================
size : 4
num_suborbits: 2
44 (*) : ---1------------------1---
44     : ['ep_epoch3(node0)', 'transfer_epoch2(node0)']
43     : ---1-------------------1--
43     : ['ep_epoch3(node0)', 'transfer_epoch2(node1)']
42     : -------1--------------1---
42     : ['ep_epoch3(node1)', 'transfer_epoch2(node0)']
45     : -------1---------------1--
45     : ['ep_epoch3(node1)', 'transfer_epoch2(node1)']
num_forall :   2
num_exists :   0
num_literals : 2
quantified form : forall NODE1,NODE0. ~ep_epoch3(NODE0) | ~transfer_epoch2(NODE1)
qcost : 4




=== Prime Orbit 26 =====================
size : 4
num_suborbits: 2
50 (*) : ---1--------------------1-
50     : ['ep_epoch3(node0)', 'transfer_epoch3(node0)']
14     : ---1---------------------1
14     : ['ep_epoch3(node0)', 'transfer_epoch3(node1)']
15     : -------1----------------1-
15     : ['ep_epoch3(node1)', 'transfer_epoch3(node0)']
49     : -------1-----------------1
49     : ['ep_epoch3(node1)', 'transfer_epoch3(node1)']
num_forall :   2
num_exists :   0
num_literals : 2
quantified form : forall NODE1,NODE0. ~ep_epoch3(NODE0) | ~transfer_epoch3(NODE1)
qcost : 4




=== Prime Orbit 27 =====================
size : 2
num_suborbits: 1
47 (*) : ---1----0-----------------
47     : ['ep_epoch3(node0)', '~held(node0)']
46     : -------1-0----------------
46     : ['ep_epoch3(node1)', '~held(node1)']
num_forall :   1
num_exists :   0
num_literals : 2
quantified form : forall NODE0. ~ep_epoch3(NODE0) | held(NODE0)
qcost : 3




=== Prime Orbit 28 =====================
size : 2
num_suborbits: 1
8 (*) : ---1------------0---------
8     : ['ep_epoch3(node0)', '~locked_epoch3(node0)']
9     : -------1---------0--------
9     : ['ep_epoch3(node1)', '~locked_epoch3(node1)']
num_forall :   1
num_exists :   0
num_literals : 2
quantified form : forall NODE0. ~ep_epoch3(NODE0) | locked_epoch3(NODE0)
qcost : 3




=== Prime Orbit 29 =====================
size : 1
num_suborbits: 1
55 (*) : --------11----------------
55     : ['held(node0)', 'held(node1)']
num_forall :   0
num_exists :   1
num_literals : 1
quantified form : exists NODE0. ~held(NODE0)
qcost : 2




=== Prime Orbit 30 =====================
size : 2
num_suborbits: 1
89 (*) : --------1--------1--------
89     : ['held(node0)', 'locked_epoch3(node1)']
88     : ---------1------1---------
88     : ['held(node1)', 'locked_epoch3(node0)']
num_forall :   2
num_exists :   0
num_literals : 3
quantified form : forall NODE1,NODE0. ~held(NODE0) | ~locked_epoch3(NODE1) | NODE0 = NODE1
qcost : 5




=== Prime Orbit 31 =====================
size : 4
num_suborbits: 2
32 (*) : --------1-------------1---
32     : ['held(node0)', 'transfer_epoch2(node0)']
37     : --------1--------------1--
37     : ['held(node0)', 'transfer_epoch2(node1)']
36     : ---------1------------1---
36     : ['held(node1)', 'transfer_epoch2(node0)']
33     : ---------1-------------1--
33     : ['held(node1)', 'transfer_epoch2(node1)']
num_forall :   2
num_exists :   0
num_literals : 2
quantified form : forall NODE1,NODE0. ~held(NODE0) | ~transfer_epoch2(NODE1)
qcost : 4




=== Prime Orbit 32 =====================
size : 4
num_suborbits: 2
57 (*) : --------1---------------1-
57     : ['held(node0)', 'transfer_epoch3(node0)']
58     : --------1----------------1
58     : ['held(node0)', 'transfer_epoch3(node1)']
59     : ---------1--------------1-
59     : ['held(node1)', 'transfer_epoch3(node0)']
56     : ---------1---------------1
56     : ['held(node1)', 'transfer_epoch3(node1)']
num_forall :   2
num_exists :   0
num_literals : 2
quantified form : forall NODE1,NODE0. ~held(NODE0) | ~transfer_epoch3(NODE1)
qcost : 4




=== Prime Orbit 33 =====================
size : 1
num_suborbits: 1
64 (*) : --------------11----------
64     : ['locked_epoch2(node0)', 'locked_epoch2(node1)']
num_forall :   0
num_exists :   1
num_literals : 1
quantified form : exists NODE0. ~locked_epoch2(NODE0)
qcost : 2




=== Prime Orbit 34 =====================
size : 4
num_suborbits: 2
38 (*) : --------------1-------1---
38     : ['locked_epoch2(node0)', 'transfer_epoch2(node0)']
66     : --------------1--------1--
66     : ['locked_epoch2(node0)', 'transfer_epoch2(node1)']
65     : ---------------1------1---
65     : ['locked_epoch2(node1)', 'transfer_epoch2(node0)']
39     : ---------------1-------1--
39     : ['locked_epoch2(node1)', 'transfer_epoch2(node1)']
num_forall :   2
num_exists :   0
num_literals : 2
quantified form : forall NODE1,NODE0. ~locked_epoch2(NODE0) | ~transfer_epoch2(NODE1)
qcost : 4




=== Prime Orbit 35 =====================
size : 1
num_suborbits: 1
94 (*) : ----------------11--------
94     : ['locked_epoch3(node0)', 'locked_epoch3(node1)']
num_forall :   0
num_exists :   1
num_literals : 1
quantified form : exists NODE0. ~locked_epoch3(NODE0)
qcost : 2




=== Prime Orbit 36 =====================
size : 4
num_suborbits: 2
90 (*) : ----------------1-----1---
90     : ['locked_epoch3(node0)', 'transfer_epoch2(node0)']
86     : ----------------1------1--
86     : ['locked_epoch3(node0)', 'transfer_epoch2(node1)']
87     : -----------------1----1---
87     : ['locked_epoch3(node1)', 'transfer_epoch2(node0)']
91     : -----------------1-----1--
91     : ['locked_epoch3(node1)', 'transfer_epoch2(node1)']
num_forall :   2
num_exists :   0
num_literals : 2
quantified form : forall NODE1,NODE0. ~locked_epoch3(NODE0) | ~transfer_epoch2(NODE1)
qcost : 4




=== Prime Orbit 37 =====================
size : 4
num_suborbits: 2
82 (*) : ----------------1-------1-
82     : ['locked_epoch3(node0)', 'transfer_epoch3(node0)']
84     : ----------------1--------1
84     : ['locked_epoch3(node0)', 'transfer_epoch3(node1)']
85     : -----------------1------1-
85     : ['locked_epoch3(node1)', 'transfer_epoch3(node0)']
83     : -----------------1-------1
83     : ['locked_epoch3(node1)', 'transfer_epoch3(node1)']
num_forall :   2
num_exists :   0
num_literals : 2
quantified form : forall NODE1,NODE0. ~locked_epoch3(NODE0) | ~transfer_epoch3(NODE1)
qcost : 4




=== Prime Orbit 38 =====================
size : 2
num_suborbits: 1
72 (*) : ---0------------1---------
72     : ['locked_epoch3(node0)', '~ep_epoch3(node0)']
73     : -------0---------1--------
73     : ['locked_epoch3(node1)', '~ep_epoch3(node1)']
num_forall :   1
num_exists :   0
num_literals : 2
quantified form : forall NODE0. ~locked_epoch3(NODE0) | ep_epoch3(NODE0)
qcost : 3




=== Prime Orbit 39 =====================
size : 2
num_suborbits: 1
78 (*) : --------0-------1---------
78     : ['locked_epoch3(node0)', '~held(node0)']
79     : ---------0-------1--------
79     : ['locked_epoch3(node1)', '~held(node1)']
num_forall :   1
num_exists :   0
num_literals : 2
quantified form : forall NODE0. ~locked_epoch3(NODE0) | held(NODE0)
qcost : 3




=== Prime Orbit 40 =====================
size : 1
num_suborbits: 1
68 (*) : ----------------------11--
68     : ['transfer_epoch2(node0)', 'transfer_epoch2(node1)']
num_forall :   0
num_exists :   1
num_literals : 1
quantified form : exists NODE0. ~transfer_epoch2(NODE0)
qcost : 2




=== Prime Orbit 41 =====================
size : 4
num_suborbits: 2
70 (*) : ----------------------1-1-
70     : ['transfer_epoch2(node0)', 'transfer_epoch3(node0)']
30     : ----------------------1--1
30     : ['transfer_epoch2(node0)', 'transfer_epoch3(node1)']
31     : -----------------------11-
31     : ['transfer_epoch2(node1)', 'transfer_epoch3(node0)']
69     : -----------------------1-1
69     : ['transfer_epoch2(node1)', 'transfer_epoch3(node1)']
num_forall :   2
num_exists :   0
num_literals : 2
quantified form : forall NODE1,NODE0. ~transfer_epoch2(NODE0) | ~transfer_epoch3(NODE1)
qcost : 4




=== Prime Orbit 42 =====================
size : 1
num_suborbits: 1
71 (*) : ------------------------11
71     : ['transfer_epoch3(node0)', 'transfer_epoch3(node1)']
num_forall :   0
num_exists :   1
num_literals : 1
quantified form : exists NODE0. ~transfer_epoch3(NODE0)
qcost : 2




=== Prime Orbit 43 =====================
size : 4
num_suborbits: 2
167 (*) : 1----1------------------1-
167     : ['ep_epoch0(node0)', 'ep_epoch1(node1)', 'transfer_epoch3(node0)']
169     : 1----1-------------------1
169     : ['ep_epoch0(node0)', 'ep_epoch1(node1)', 'transfer_epoch3(node1)']
170     : -1--1-------------------1-
170     : ['ep_epoch0(node1)', 'ep_epoch1(node0)', 'transfer_epoch3(node0)']
168     : -1--1--------------------1
168     : ['ep_epoch0(node1)', 'ep_epoch1(node0)', 'transfer_epoch3(node1)']
num_forall :   3
num_exists :   0
num_literals : 7
quantified form : forall NODE2,NODE1,NODE0. ~ep_epoch0(NODE0) | ~ep_epoch1(NODE1) | ~transfer_epoch3(NODE2) | ((NODE0 ~= NODE2 | NODE0 = NODE1) & (NODE1 ~= NODE2 | NODE0 = NODE1))
qcost : 10




=== Prime Orbit 44 =====================
size : 2
num_suborbits: 1
133 (*) : 1------1-------0----------
133     : ['ep_epoch0(node0)', 'ep_epoch3(node1)', '~locked_epoch2(node1)']
134     : ---11---------0-----------
134     : ['ep_epoch0(node1)', 'ep_epoch3(node0)', '~locked_epoch2(node0)']
num_forall :   2
num_exists :   0
num_literals : 4
quantified form : forall NODE1,NODE0. ~ep_epoch0(NODE0) | ~ep_epoch3(NODE1) | locked_epoch2(NODE1) | NODE0 = NODE1
qcost : 6




=== Prime Orbit 45 =====================
size : 2
num_suborbits: 1
131 (*) : 1--------------0-1--------
131     : ['ep_epoch0(node0)', 'locked_epoch3(node1)', '~locked_epoch2(node1)']
132     : ----1---------0-1---------
132     : ['ep_epoch0(node1)', 'locked_epoch3(node0)', '~locked_epoch2(node0)']
num_forall :   2
num_exists :   0
num_literals : 4
quantified form : forall NODE1,NODE0. ~ep_epoch0(NODE0) | ~locked_epoch3(NODE1) | locked_epoch2(NODE1) | NODE0 = NODE1
qcost : 6




=== Prime Orbit 46 =====================
size : 4
num_suborbits: 2
189 (*) : 1----0----------------1---
189     : ['ep_epoch0(node0)', 'transfer_epoch2(node0)', '~ep_epoch1(node1)']
175     : 1----0-----------------1--
175     : ['ep_epoch0(node0)', 'transfer_epoch2(node1)', '~ep_epoch1(node1)']
176     : -0--1-----------------1---
176     : ['ep_epoch0(node1)', 'transfer_epoch2(node0)', '~ep_epoch1(node0)']
190     : -0--1------------------1--
190     : ['ep_epoch0(node1)', 'transfer_epoch2(node1)', '~ep_epoch1(node0)']
num_forall :   3
num_exists :   0
num_literals : 7
quantified form : forall NODE2,NODE1,NODE0. ~ep_epoch0(NODE0) | ~transfer_epoch2(NODE1) | ep_epoch1(NODE2) | ((NODE1 ~= NODE2 | NODE0 = NODE1) & (NODE0 ~= NODE1 | NODE0 = NODE2))
qcost : 10




=== Prime Orbit 47 =====================
size : 4
num_suborbits: 2
151 (*) : 1-----0-----------------1-
151     : ['ep_epoch0(node0)', 'transfer_epoch3(node0)', '~ep_epoch2(node1)']
171     : 1-----0------------------1
171     : ['ep_epoch0(node0)', 'transfer_epoch3(node1)', '~ep_epoch2(node1)']
172     : --0-1-------------------1-
172     : ['ep_epoch0(node1)', 'transfer_epoch3(node0)', '~ep_epoch2(node0)']
152     : --0-1--------------------1
152     : ['ep_epoch0(node1)', 'transfer_epoch3(node1)', '~ep_epoch2(node0)']
num_forall :   3
num_exists :   0
num_literals : 7
quantified form : forall NODE2,NODE1,NODE0. ~ep_epoch0(NODE0) | ~transfer_epoch3(NODE1) | ep_epoch2(NODE2) | ((NODE0 ~= NODE1 | NODE0 = NODE2) & (NODE1 ~= NODE2 | NODE0 = NODE1))
qcost : 10




=== Prime Orbit 48 =====================
size : 4
num_suborbits: 2
157 (*) : 1--------------0--------1-
157     : ['ep_epoch0(node0)', 'transfer_epoch3(node0)', '~locked_epoch2(node1)']
173     : 1--------------0---------1
173     : ['ep_epoch0(node0)', 'transfer_epoch3(node1)', '~locked_epoch2(node1)']
174     : ----1---------0---------1-
174     : ['ep_epoch0(node1)', 'transfer_epoch3(node0)', '~locked_epoch2(node0)']
158     : ----1---------0----------1
158     : ['ep_epoch0(node1)', 'transfer_epoch3(node1)', '~locked_epoch2(node0)']
num_forall :   3
num_exists :   0
num_literals : 7
quantified form : forall NODE2,NODE1,NODE0. ~ep_epoch0(NODE0) | ~transfer_epoch3(NODE1) | locked_epoch2(NODE2) | ((NODE0 ~= NODE1 | NODE0 = NODE2) & (NODE1 ~= NODE2 | NODE0 = NODE1))
qcost : 10




=== Prime Orbit 49 =====================
size : 2
num_suborbits: 1
129 (*) : 1----0---------0----------
129     : ['ep_epoch0(node0)', '~ep_epoch1(node1)', '~locked_epoch2(node1)']
130     : -0--1---------0-----------
130     : ['ep_epoch0(node1)', '~ep_epoch1(node0)', '~locked_epoch2(node0)']
num_forall :   2
num_exists :   0
num_literals : 4
quantified form : forall NODE1,NODE0. ~ep_epoch0(NODE0) | ep_epoch1(NODE1) | locked_epoch2(NODE1) | NODE0 = NODE1
qcost : 6




=== Prime Orbit 50 =====================
size : 2
num_suborbits: 1
100 (*) : -1----1-1-----------------
100     : ['ep_epoch1(node0)', 'ep_epoch2(node1)', 'held(node0)']
99     : --1--1---1----------------
99     : ['ep_epoch1(node1)', 'ep_epoch2(node0)', 'held(node1)']
num_forall :   2
num_exists :   0
num_literals : 4
quantified form : forall NODE1,NODE0. ~ep_epoch1(NODE0) | ~ep_epoch2(NODE1) | ~held(NODE0) | NODE0 = NODE1
qcost : 6




=== Prime Orbit 51 =====================
size : 2
num_suborbits: 1
110 (*) : -1-----1-------0----------
110     : ['ep_epoch1(node0)', 'ep_epoch3(node1)', '~locked_epoch2(node1)']
109     : ---1-1--------0-----------
109     : ['ep_epoch1(node1)', 'ep_epoch3(node0)', '~locked_epoch2(node0)']
num_forall :   2
num_exists :   0
num_literals : 4
quantified form : forall NODE1,NODE0. ~ep_epoch1(NODE0) | ~ep_epoch3(NODE1) | locked_epoch2(NODE1) | NODE0 = NODE1
qcost : 6




=== Prime Orbit 52 =====================
size : 2
num_suborbits: 1
102 (*) : -1------1------1----------
102     : ['ep_epoch1(node0)', 'held(node0)', 'locked_epoch2(node1)']
101     : -----1---1----1-----------
101     : ['ep_epoch1(node1)', 'held(node1)', 'locked_epoch2(node0)']
num_forall :   2
num_exists :   0
num_literals : 4
quantified form : forall NODE1,NODE0. ~ep_epoch1(NODE0) | ~held(NODE0) | ~locked_epoch2(NODE1) | NODE0 = NODE1
qcost : 6




=== Prime Orbit 53 =====================
size : 2
num_suborbits: 1
108 (*) : -1--0---1-----------------
108     : ['ep_epoch1(node0)', 'held(node0)', '~ep_epoch0(node1)']
107     : 0----1---1----------------
107     : ['ep_epoch1(node1)', 'held(node1)', '~ep_epoch0(node0)']
num_forall :   2
num_exists :   0
num_literals : 4
quantified form : forall NODE1,NODE0. ~ep_epoch1(NODE0) | ~held(NODE0) | ep_epoch0(NODE1) | NODE0 = NODE1
qcost : 6




=== Prime Orbit 54 =====================
size : 2
num_suborbits: 1
104 (*) : -1-------1-----0----------
104     : ['ep_epoch1(node0)', 'held(node1)', '~locked_epoch2(node1)']
103     : -----1--1-----0-----------
103     : ['ep_epoch1(node1)', 'held(node0)', '~locked_epoch2(node0)']
num_forall :   2
num_exists :   0
num_literals : 4
quantified form : forall NODE1,NODE0. ~ep_epoch1(NODE0) | ~held(NODE1) | locked_epoch2(NODE1) | NODE0 = NODE1
qcost : 6




=== Prime Orbit 55 =====================
size : 2
num_suborbits: 1
139 (*) : -1-------------0-1--------
139     : ['ep_epoch1(node0)', 'locked_epoch3(node1)', '~locked_epoch2(node1)']
140     : -----1--------0-1---------
140     : ['ep_epoch1(node1)', 'locked_epoch3(node0)', '~locked_epoch2(node0)']
num_forall :   2
num_exists :   0
num_literals : 4
quantified form : forall NODE1,NODE0. ~ep_epoch1(NODE0) | ~locked_epoch3(NODE1) | locked_epoch2(NODE1) | NODE0 = NODE1
qcost : 6




=== Prime Orbit 56 =====================
size : 4
num_suborbits: 2
186 (*) : -1--0-----------------1---
186     : ['ep_epoch1(node0)', 'transfer_epoch2(node0)', '~ep_epoch0(node1)']
187     : -1--0------------------1--
187     : ['ep_epoch1(node0)', 'transfer_epoch2(node1)', '~ep_epoch0(node1)']
188     : 0----1----------------1---
188     : ['ep_epoch1(node1)', 'transfer_epoch2(node0)', '~ep_epoch0(node0)']
185     : 0----1-----------------1--
185     : ['ep_epoch1(node1)', 'transfer_epoch2(node1)', '~ep_epoch0(node0)']
num_forall :   3
num_exists :   0
num_literals : 7
quantified form : forall NODE2,NODE1,NODE0. ~ep_epoch1(NODE0) | ~transfer_epoch2(NODE1) | ep_epoch0(NODE2) | ((NODE0 ~= NODE1 | NODE0 = NODE2) & (NODE1 ~= NODE2 | NODE0 = NODE1))
qcost : 10




=== Prime Orbit 57 =====================
size : 4
num_suborbits: 2
143 (*) : -1----0-----------------1-
143     : ['ep_epoch1(node0)', 'transfer_epoch3(node0)', '~ep_epoch2(node1)']
164     : -1----0------------------1
164     : ['ep_epoch1(node0)', 'transfer_epoch3(node1)', '~ep_epoch2(node1)']
163     : --0--1------------------1-
163     : ['ep_epoch1(node1)', 'transfer_epoch3(node0)', '~ep_epoch2(node0)']
144     : --0--1-------------------1
144     : ['ep_epoch1(node1)', 'transfer_epoch3(node1)', '~ep_epoch2(node0)']
num_forall :   3
num_exists :   0
num_literals : 7
quantified form : forall NODE2,NODE1,NODE0. ~ep_epoch1(NODE0) | ~transfer_epoch3(NODE1) | ep_epoch2(NODE2) | ((NODE0 ~= NODE1 | NODE0 = NODE2) & (NODE1 ~= NODE2 | NODE0 = NODE1))
qcost : 10




=== Prime Orbit 58 =====================
size : 4
num_suborbits: 2
159 (*) : -1-------------0--------1-
159     : ['ep_epoch1(node0)', 'transfer_epoch3(node0)', '~locked_epoch2(node1)']
166     : -1-------------0---------1
166     : ['ep_epoch1(node0)', 'transfer_epoch3(node1)', '~locked_epoch2(node1)']
165     : -----1--------0---------1-
165     : ['ep_epoch1(node1)', 'transfer_epoch3(node0)', '~locked_epoch2(node0)']
160     : -----1--------0----------1
160     : ['ep_epoch1(node1)', 'transfer_epoch3(node1)', '~locked_epoch2(node0)']
num_forall :   3
num_exists :   0
num_literals : 7
quantified form : forall NODE2,NODE1,NODE0. ~ep_epoch1(NODE0) | ~transfer_epoch3(NODE1) | locked_epoch2(NODE2) | ((NODE0 ~= NODE1 | NODE0 = NODE2) & (NODE1 ~= NODE2 | NODE0 = NODE1))
qcost : 10




=== Prime Orbit 59 =====================
size : 2
num_suborbits: 1
106 (*) : -1--0----------0----------
106     : ['ep_epoch1(node0)', '~ep_epoch0(node1)', '~locked_epoch2(node1)']
105     : 0----1--------0-----------
105     : ['ep_epoch1(node1)', '~ep_epoch0(node0)', '~locked_epoch2(node0)']
num_forall :   2
num_exists :   0
num_literals : 4
quantified form : forall NODE1,NODE0. ~ep_epoch1(NODE0) | ep_epoch0(NODE1) | locked_epoch2(NODE1) | NODE0 = NODE1
qcost : 6




=== Prime Orbit 60 =====================
size : 2
num_suborbits: 1
97 (*) : --1----0-1----------------
97     : ['ep_epoch2(node0)', 'held(node1)', '~ep_epoch3(node1)']
98     : ---0--1-1-----------------
98     : ['ep_epoch2(node1)', 'held(node0)', '~ep_epoch3(node0)']
num_forall :   2
num_exists :   0
num_literals : 4
quantified form : forall NODE1,NODE0. ~ep_epoch2(NODE0) | ~held(NODE1) | ep_epoch3(NODE1) | NODE0 = NODE1
qcost : 6




=== Prime Orbit 61 =====================
size : 2
num_suborbits: 1
95 (*) : --1------1-------0--------
95     : ['ep_epoch2(node0)', 'held(node1)', '~locked_epoch3(node1)']
96     : ------1-1-------0---------
96     : ['ep_epoch2(node1)', 'held(node0)', '~locked_epoch3(node0)']
num_forall :   2
num_exists :   0
num_literals : 4
quantified form : forall NODE1,NODE0. ~ep_epoch2(NODE0) | ~held(NODE1) | locked_epoch3(NODE1) | NODE0 = NODE1
qcost : 6




=== Prime Orbit 62 =====================
size : 2
num_suborbits: 1
115 (*) : ---1--0--------1----------
115     : ['ep_epoch3(node0)', 'locked_epoch2(node1)', '~ep_epoch2(node1)']
116     : --0----1------1-----------
116     : ['ep_epoch3(node1)', 'locked_epoch2(node0)', '~ep_epoch2(node0)']
num_forall :   2
num_exists :   0
num_literals : 4
quantified form : forall NODE1,NODE0. ~ep_epoch3(NODE0) | ~locked_epoch2(NODE1) | ep_epoch2(NODE1) | NODE0 = NODE1
qcost : 6




=== Prime Orbit 63 =====================
size : 2
num_suborbits: 1
111 (*) : ---1--0-------0-----------
111     : ['ep_epoch3(node0)', '~ep_epoch2(node1)', '~locked_epoch2(node0)']
112     : --0----1-------0----------
112     : ['ep_epoch3(node1)', '~ep_epoch2(node0)', '~locked_epoch2(node1)']
num_forall :   2
num_exists :   0
num_literals : 4
quantified form : forall NODE1,NODE0. ~ep_epoch3(NODE0) | ep_epoch2(NODE1) | locked_epoch2(NODE0) | NODE0 = NODE1
qcost : 6




=== Prime Orbit 64 =====================
size : 2
num_suborbits: 1
113 (*) : ---1----------00----------
113     : ['ep_epoch3(node0)', '~locked_epoch2(node0)', '~locked_epoch2(node1)']
114     : -------1------00----------
114     : ['ep_epoch3(node1)', '~locked_epoch2(node0)', '~locked_epoch2(node1)']
num_forall :   2
num_exists :   0
num_literals : 4
quantified form : forall NODE1,NODE0. ~ep_epoch3(NODE0) | locked_epoch2(NODE0) | locked_epoch2(NODE1) | NODE0 = NODE1
qcost : 6




=== Prime Orbit 65 =====================
size : 2
num_suborbits: 1
121 (*) : ------0-1------1----------
121     : ['held(node0)', 'locked_epoch2(node1)', '~ep_epoch2(node1)']
122     : --0------1----1-----------
122     : ['held(node1)', 'locked_epoch2(node0)', '~ep_epoch2(node0)']
num_forall :   2
num_exists :   0
num_literals : 4
quantified form : forall NODE1,NODE0. ~held(NODE0) | ~locked_epoch2(NODE1) | ep_epoch2(NODE1) | NODE0 = NODE1
qcost : 6




=== Prime Orbit 66 =====================
size : 2
num_suborbits: 1
123 (*) : ---0----1------1----------
123     : ['held(node0)', 'locked_epoch2(node1)', '~ep_epoch3(node0)']
124     : -------0-1----1-----------
124     : ['held(node1)', 'locked_epoch2(node0)', '~ep_epoch3(node1)']
num_forall :   2
num_exists :   0
num_literals : 4
quantified form : forall NODE1,NODE0. ~held(NODE0) | ~locked_epoch2(NODE1) | ep_epoch3(NODE0) | NODE0 = NODE1
qcost : 6




=== Prime Orbit 67 =====================
size : 2
num_suborbits: 1
125 (*) : --------1------10---------
125     : ['held(node0)', 'locked_epoch2(node1)', '~locked_epoch3(node0)']
126     : ---------1----1--0--------
126     : ['held(node1)', 'locked_epoch2(node0)', '~locked_epoch3(node1)']
num_forall :   2
num_exists :   0
num_literals : 4
quantified form : forall NODE1,NODE0. ~held(NODE0) | ~locked_epoch2(NODE1) | locked_epoch3(NODE0) | NODE0 = NODE1
qcost : 6




=== Prime Orbit 68 =====================
size : 2
num_suborbits: 1
141 (*) : --0-----------1--1--------
141     : ['locked_epoch2(node0)', 'locked_epoch3(node1)', '~ep_epoch2(node0)']
142     : ------0--------11---------
142     : ['locked_epoch2(node1)', 'locked_epoch3(node0)', '~ep_epoch2(node1)']
num_forall :   2
num_exists :   0
num_literals : 4
quantified form : forall NODE1,NODE0. ~locked_epoch2(NODE0) | ~locked_epoch3(NODE1) | ep_epoch2(NODE0) | NODE0 = NODE1
qcost : 6




=== Prime Orbit 69 =====================
size : 4
num_suborbits: 2
161 (*) : --0-----------1---------1-
161     : ['locked_epoch2(node0)', 'transfer_epoch3(node0)', '~ep_epoch2(node0)']
150     : --0-----------1----------1
150     : ['locked_epoch2(node0)', 'transfer_epoch3(node1)', '~ep_epoch2(node0)']
149     : ------0--------1--------1-
149     : ['locked_epoch2(node1)', 'transfer_epoch3(node0)', '~ep_epoch2(node1)']
162     : ------0--------1---------1
162     : ['locked_epoch2(node1)', 'transfer_epoch3(node1)', '~ep_epoch2(node1)']
num_forall :   2
num_exists :   0
num_literals : 3
quantified form : forall NODE1,NODE0. ~locked_epoch2(NODE0) | ~transfer_epoch3(NODE1) | ep_epoch2(NODE0)
qcost : 5




=== Prime Orbit 70 =====================
size : 2
num_suborbits: 1
120 (*) : --00----------1-----------
120     : ['locked_epoch2(node0)', '~ep_epoch2(node0)', '~ep_epoch3(node0)']
119     : ------00-------1----------
119     : ['locked_epoch2(node1)', '~ep_epoch2(node1)', '~ep_epoch3(node1)']
num_forall :   1
num_exists :   0
num_literals : 3
quantified form : forall NODE0. ~locked_epoch2(NODE0) | ep_epoch2(NODE0) | ep_epoch3(NODE0)
qcost : 4




=== Prime Orbit 71 =====================
size : 2
num_suborbits: 1
128 (*) : --0-----0-----1-----------
128     : ['locked_epoch2(node0)', '~ep_epoch2(node0)', '~held(node0)']
127     : ------0--0-----1----------
127     : ['locked_epoch2(node1)', '~ep_epoch2(node1)', '~held(node1)']
num_forall :   1
num_exists :   0
num_literals : 3
quantified form : forall NODE0. ~locked_epoch2(NODE0) | ep_epoch2(NODE0) | held(NODE0)
qcost : 4




=== Prime Orbit 72 =====================
size : 2
num_suborbits: 1
118 (*) : --0-----------1-0---------
118     : ['locked_epoch2(node0)', '~ep_epoch2(node0)', '~locked_epoch3(node0)']
117     : ------0--------1-0--------
117     : ['locked_epoch2(node1)', '~ep_epoch2(node1)', '~locked_epoch3(node1)']
num_forall :   1
num_exists :   0
num_literals : 3
quantified form : forall NODE0. ~locked_epoch2(NODE0) | ep_epoch2(NODE0) | locked_epoch3(NODE0)
qcost : 4




=== Prime Orbit 73 =====================
size : 2
num_suborbits: 1
138 (*) : ------0-------0-1---------
138     : ['locked_epoch3(node0)', '~ep_epoch2(node1)', '~locked_epoch2(node0)']
137     : --0------------0-1--------
137     : ['locked_epoch3(node1)', '~ep_epoch2(node0)', '~locked_epoch2(node1)']
num_forall :   2
num_exists :   0
num_literals : 4
quantified form : forall NODE1,NODE0. ~locked_epoch3(NODE0) | ep_epoch2(NODE1) | locked_epoch2(NODE0) | NODE0 = NODE1
qcost : 6




=== Prime Orbit 74 =====================
size : 2
num_suborbits: 1
136 (*) : --------------001---------
136     : ['locked_epoch3(node0)', '~locked_epoch2(node0)', '~locked_epoch2(node1)']
135     : --------------00-1--------
135     : ['locked_epoch3(node1)', '~locked_epoch2(node0)', '~locked_epoch2(node1)']
num_forall :   2
num_exists :   0
num_literals : 4
quantified form : forall NODE1,NODE0. ~locked_epoch3(NODE0) | locked_epoch2(NODE0) | locked_epoch2(NODE1) | NODE0 = NODE1
qcost : 6




=== Prime Orbit 75 =====================
size : 2
num_suborbits: 1
182 (*) : 0---0-----------------1---
182     : ['transfer_epoch2(node0)', '~ep_epoch0(node0)', '~ep_epoch0(node1)']
181     : 0---0------------------1--
181     : ['transfer_epoch2(node1)', '~ep_epoch0(node0)', '~ep_epoch0(node1)']
num_forall :   2
num_exists :   0
num_literals : 4
quantified form : forall NODE1,NODE0. ~transfer_epoch2(NODE0) | ep_epoch0(NODE0) | ep_epoch0(NODE1) | NODE0 = NODE1
qcost : 6




=== Prime Orbit 76 =====================
size : 4
num_suborbits: 2
178 (*) : 00--------------------1---
178     : ['transfer_epoch2(node0)', '~ep_epoch0(node0)', '~ep_epoch1(node0)']
184     : ----00----------------1---
184     : ['transfer_epoch2(node0)', '~ep_epoch0(node1)', '~ep_epoch1(node1)']
183     : 00---------------------1--
183     : ['transfer_epoch2(node1)', '~ep_epoch0(node0)', '~ep_epoch1(node0)']
177     : ----00-----------------1--
177     : ['transfer_epoch2(node1)', '~ep_epoch0(node1)', '~ep_epoch1(node1)']
num_forall :   2
num_exists :   0
num_literals : 3
quantified form : forall NODE1,NODE0. ~transfer_epoch2(NODE0) | ep_epoch0(NODE1) | ep_epoch1(NODE1)
qcost : 5




=== Prime Orbit 77 =====================
size : 2
num_suborbits: 1
180 (*) : -0---0----------------1---
180     : ['transfer_epoch2(node0)', '~ep_epoch1(node0)', '~ep_epoch1(node1)']
179     : -0---0-----------------1--
179     : ['transfer_epoch2(node1)', '~ep_epoch1(node0)', '~ep_epoch1(node1)']
num_forall :   2
num_exists :   0
num_literals : 4
quantified form : forall NODE1,NODE0. ~transfer_epoch2(NODE0) | ep_epoch1(NODE0) | ep_epoch1(NODE1) | NODE0 = NODE1
qcost : 6




=== Prime Orbit 78 =====================
size : 2
num_suborbits: 1
145 (*) : --0---0-----------------1-
145     : ['transfer_epoch3(node0)', '~ep_epoch2(node0)', '~ep_epoch2(node1)']
146     : --0---0------------------1
146     : ['transfer_epoch3(node1)', '~ep_epoch2(node0)', '~ep_epoch2(node1)']
num_forall :   2
num_exists :   0
num_literals : 4
quantified form : forall NODE1,NODE0. ~transfer_epoch3(NODE0) | ep_epoch2(NODE0) | ep_epoch2(NODE1) | NODE0 = NODE1
qcost : 6




=== Prime Orbit 79 =====================
size : 4
num_suborbits: 2
153 (*) : --0------------0--------1-
153     : ['transfer_epoch3(node0)', '~ep_epoch2(node0)', '~locked_epoch2(node1)']
147     : ------0-------0---------1-
147     : ['transfer_epoch3(node0)', '~ep_epoch2(node1)', '~locked_epoch2(node0)']
148     : --0------------0---------1
148     : ['transfer_epoch3(node1)', '~ep_epoch2(node0)', '~locked_epoch2(node1)']
154     : ------0-------0----------1
154     : ['transfer_epoch3(node1)', '~ep_epoch2(node1)', '~locked_epoch2(node0)']
num_forall :   3
num_exists :   0
num_literals : 7
quantified form : forall NODE2,NODE1,NODE0. ~transfer_epoch3(NODE0) | ep_epoch2(NODE1) | locked_epoch2(NODE2) | ((NODE0 ~= NODE2 | NODE0 = NODE1) & (NODE0 ~= NODE1 | NODE0 = NODE2))
qcost : 10




=== Prime Orbit 80 =====================
size : 2
num_suborbits: 1
155 (*) : --------------00--------1-
155     : ['transfer_epoch3(node0)', '~locked_epoch2(node0)', '~locked_epoch2(node1)']
156     : --------------00---------1
156     : ['transfer_epoch3(node1)', '~locked_epoch2(node0)', '~locked_epoch2(node1)']
num_forall :   2
num_exists :   0
num_literals : 4
quantified form : forall NODE1,NODE0. ~transfer_epoch3(NODE0) | locked_epoch2(NODE0) | locked_epoch2(NODE1) | NODE0 = NODE1
qcost : 6




=== Prime Orbit 81 =====================
size : 2
num_suborbits: 1
191 (*) : 1----000------------------
191     : ['ep_epoch0(node0)', '~ep_epoch1(node1)', '~ep_epoch2(node1)', '~ep_epoch3(node1)']
192     : -0001---------------------
192     : ['ep_epoch0(node1)', '~ep_epoch1(node0)', '~ep_epoch2(node0)', '~ep_epoch3(node0)']
num_forall :   2
num_exists :   0
num_literals : 5
quantified form : forall NODE1,NODE0. ~ep_epoch0(NODE0) | ep_epoch1(NODE1) | ep_epoch2(NODE1) | ep_epoch3(NODE1) | NODE0 = NODE1
qcost : 7




=== Prime Orbit 82 =====================
size : 2
num_suborbits: 1
193 (*) : 1----00--0----------------
193     : ['ep_epoch0(node0)', '~ep_epoch1(node1)', '~ep_epoch2(node1)', '~held(node1)']
194     : -00-1---0-----------------
194     : ['ep_epoch0(node1)', '~ep_epoch1(node0)', '~ep_epoch2(node0)', '~held(node0)']
num_forall :   2
num_exists :   0
num_literals : 5
quantified form : forall NODE1,NODE0. ~ep_epoch0(NODE0) | ep_epoch1(NODE1) | ep_epoch2(NODE1) | held(NODE1) | NODE0 = NODE1
qcost : 7




=== Prime Orbit 83 =====================
size : 2
num_suborbits: 1
195 (*) : 1----00----------0--------
195     : ['ep_epoch0(node0)', '~ep_epoch1(node1)', '~ep_epoch2(node1)', '~locked_epoch3(node1)']
196     : -00-1-----------0---------
196     : ['ep_epoch0(node1)', '~ep_epoch1(node0)', '~ep_epoch2(node0)', '~locked_epoch3(node0)']
num_forall :   2
num_exists :   0
num_literals : 5
quantified form : forall NODE1,NODE0. ~ep_epoch0(NODE0) | ep_epoch1(NODE1) | ep_epoch2(NODE1) | locked_epoch3(NODE1) | NODE0 = NODE1
qcost : 7




=== Prime Orbit 84 =====================
size : 2
num_suborbits: 1
206 (*) : -1----00-1----------------
206     : ['ep_epoch1(node0)', 'held(node1)', '~ep_epoch2(node1)', '~ep_epoch3(node1)']
205     : --00-1--1-----------------
205     : ['ep_epoch1(node1)', 'held(node0)', '~ep_epoch2(node0)', '~ep_epoch3(node0)']
num_forall :   2
num_exists :   0
num_literals : 5
quantified form : forall NODE1,NODE0. ~ep_epoch1(NODE0) | ~held(NODE1) | ep_epoch2(NODE1) | ep_epoch3(NODE1) | NODE0 = NODE1
qcost : 7




=== Prime Orbit 85 =====================
size : 2
num_suborbits: 1
204 (*) : -1----0--1-------0--------
204     : ['ep_epoch1(node0)', 'held(node1)', '~ep_epoch2(node1)', '~locked_epoch3(node1)']
203     : --0--1--1-------0---------
203     : ['ep_epoch1(node1)', 'held(node0)', '~ep_epoch2(node0)', '~locked_epoch3(node0)']
num_forall :   2
num_exists :   0
num_literals : 5
quantified form : forall NODE1,NODE0. ~ep_epoch1(NODE0) | ~held(NODE1) | ep_epoch2(NODE1) | locked_epoch3(NODE1) | NODE0 = NODE1
qcost : 7




=== Prime Orbit 86 =====================
size : 2
num_suborbits: 1
202 (*) : -1--0-00------------------
202     : ['ep_epoch1(node0)', '~ep_epoch0(node1)', '~ep_epoch2(node1)', '~ep_epoch3(node1)']
201     : 0-00-1--------------------
201     : ['ep_epoch1(node1)', '~ep_epoch0(node0)', '~ep_epoch2(node0)', '~ep_epoch3(node0)']
num_forall :   2
num_exists :   0
num_literals : 5
quantified form : forall NODE1,NODE0. ~ep_epoch1(NODE0) | ep_epoch0(NODE1) | ep_epoch2(NODE1) | ep_epoch3(NODE1) | NODE0 = NODE1
qcost : 7




=== Prime Orbit 87 =====================
size : 2
num_suborbits: 1
198 (*) : -1--0-0--0----------------
198     : ['ep_epoch1(node0)', '~ep_epoch0(node1)', '~ep_epoch2(node1)', '~held(node1)']
197     : 0-0--1--0-----------------
197     : ['ep_epoch1(node1)', '~ep_epoch0(node0)', '~ep_epoch2(node0)', '~held(node0)']
num_forall :   2
num_exists :   0
num_literals : 5
quantified form : forall NODE1,NODE0. ~ep_epoch1(NODE0) | ep_epoch0(NODE1) | ep_epoch2(NODE1) | held(NODE1) | NODE0 = NODE1
qcost : 7




=== Prime Orbit 88 =====================
size : 2
num_suborbits: 1
200 (*) : -1--0-0----------0--------
200     : ['ep_epoch1(node0)', '~ep_epoch0(node1)', '~ep_epoch2(node1)', '~locked_epoch3(node1)']
199     : 0-0--1----------0---------
199     : ['ep_epoch1(node1)', '~ep_epoch0(node0)', '~ep_epoch2(node0)', '~locked_epoch3(node0)']
num_forall :   2
num_exists :   0
num_literals : 5
quantified form : forall NODE1,NODE0. ~ep_epoch1(NODE0) | ep_epoch0(NODE1) | ep_epoch2(NODE1) | locked_epoch3(NODE1) | NODE0 = NODE1
qcost : 7




=== Prime Orbit 89 =====================
size : 2
num_suborbits: 1
236 (*) : --1-00--1-----------------
236     : ['ep_epoch2(node0)', 'held(node0)', '~ep_epoch0(node1)', '~ep_epoch1(node1)']
235     : 00----1--1----------------
235     : ['ep_epoch2(node1)', 'held(node1)', '~ep_epoch0(node0)', '~ep_epoch1(node0)']
num_forall :   2
num_exists :   0
num_literals : 5
quantified form : forall NODE1,NODE0. ~ep_epoch2(NODE0) | ~held(NODE0) | ep_epoch0(NODE1) | ep_epoch1(NODE1) | NODE0 = NODE1
qcost : 7




=== Prime Orbit 90 =====================
size : 4
num_suborbits: 2
219 (*) : --1-00------------------1-
219     : ['ep_epoch2(node0)', 'transfer_epoch3(node0)', '~ep_epoch0(node1)', '~ep_epoch1(node1)']
222     : --1-00-------------------1
222     : ['ep_epoch2(node0)', 'transfer_epoch3(node1)', '~ep_epoch0(node1)', '~ep_epoch1(node1)']
221     : 00----1-----------------1-
221     : ['ep_epoch2(node1)', 'transfer_epoch3(node0)', '~ep_epoch0(node0)', '~ep_epoch1(node0)']
220     : 00----1------------------1
220     : ['ep_epoch2(node1)', 'transfer_epoch3(node1)', '~ep_epoch0(node0)', '~ep_epoch1(node0)']
num_forall :   3
num_exists :   0
num_literals : 8
quantified form : forall NODE2,NODE1,NODE0. ~ep_epoch2(NODE0) | ~transfer_epoch3(NODE1) | ep_epoch0(NODE2) | ep_epoch1(NODE2) | ((NODE0 ~= NODE1 | NODE0 = NODE2) & (NODE1 ~= NODE2 | NODE0 = NODE1))
qcost : 11




=== Prime Orbit 91 =====================
size : 2
num_suborbits: 1
230 (*) : --1-00-0------------------
230     : ['ep_epoch2(node0)', '~ep_epoch0(node1)', '~ep_epoch1(node1)', '~ep_epoch3(node1)']
229     : 00-0--1-------------------
229     : ['ep_epoch2(node1)', '~ep_epoch0(node0)', '~ep_epoch1(node0)', '~ep_epoch3(node0)']
num_forall :   2
num_exists :   0
num_literals : 5
quantified form : forall NODE1,NODE0. ~ep_epoch2(NODE0) | ep_epoch0(NODE1) | ep_epoch1(NODE1) | ep_epoch3(NODE1) | NODE0 = NODE1
qcost : 7




=== Prime Orbit 92 =====================
size : 2
num_suborbits: 1
234 (*) : --1-00---0----------------
234     : ['ep_epoch2(node0)', '~ep_epoch0(node1)', '~ep_epoch1(node1)', '~held(node1)']
233     : 00----1-0-----------------
233     : ['ep_epoch2(node1)', '~ep_epoch0(node0)', '~ep_epoch1(node0)', '~held(node0)']
num_forall :   2
num_exists :   0
num_literals : 5
quantified form : forall NODE1,NODE0. ~ep_epoch2(NODE0) | ep_epoch0(NODE1) | ep_epoch1(NODE1) | held(NODE1) | NODE0 = NODE1
qcost : 7




=== Prime Orbit 93 =====================
size : 2
num_suborbits: 1
232 (*) : --1-00-----------0--------
232     : ['ep_epoch2(node0)', '~ep_epoch0(node1)', '~ep_epoch1(node1)', '~locked_epoch3(node1)']
231     : 00----1---------0---------
231     : ['ep_epoch2(node1)', '~ep_epoch0(node0)', '~ep_epoch1(node0)', '~locked_epoch3(node0)']
num_forall :   2
num_exists :   0
num_literals : 5
quantified form : forall NODE1,NODE0. ~ep_epoch2(NODE0) | ep_epoch0(NODE1) | ep_epoch1(NODE1) | locked_epoch3(NODE1) | NODE0 = NODE1
qcost : 7




=== Prime Orbit 94 =====================
size : 2
num_suborbits: 1
302 (*) : ---100--------1-----------
302     : ['ep_epoch3(node0)', 'locked_epoch2(node0)', '~ep_epoch0(node1)', '~ep_epoch1(node1)']
301     : 00-----1-------1----------
301     : ['ep_epoch3(node1)', 'locked_epoch2(node1)', '~ep_epoch0(node0)', '~ep_epoch1(node0)']
num_forall :   2
num_exists :   0
num_literals : 5
quantified form : forall NODE1,NODE0. ~ep_epoch3(NODE0) | ~locked_epoch2(NODE0) | ep_epoch0(NODE1) | ep_epoch1(NODE1) | NODE0 = NODE1
qcost : 7




=== Prime Orbit 95 =====================
size : 2
num_suborbits: 1
298 (*) : ---1000-------------------
298     : ['ep_epoch3(node0)', '~ep_epoch0(node1)', '~ep_epoch1(node1)', '~ep_epoch2(node1)']
297     : 000----1------------------
297     : ['ep_epoch3(node1)', '~ep_epoch0(node0)', '~ep_epoch1(node0)', '~ep_epoch2(node0)']
num_forall :   2
num_exists :   0
num_literals : 5
quantified form : forall NODE1,NODE0. ~ep_epoch3(NODE0) | ep_epoch0(NODE1) | ep_epoch1(NODE1) | ep_epoch2(NODE1) | NODE0 = NODE1
qcost : 7




=== Prime Orbit 96 =====================
size : 2
num_suborbits: 1
300 (*) : ---100---------0----------
300     : ['ep_epoch3(node0)', '~ep_epoch0(node1)', '~ep_epoch1(node1)', '~locked_epoch2(node1)']
299     : 00-----1------0-----------
299     : ['ep_epoch3(node1)', '~ep_epoch0(node0)', '~ep_epoch1(node0)', '~locked_epoch2(node0)']
num_forall :   2
num_exists :   0
num_literals : 5
quantified form : forall NODE1,NODE0. ~ep_epoch3(NODE0) | ep_epoch0(NODE1) | ep_epoch1(NODE1) | locked_epoch2(NODE1) | NODE0 = NODE1
qcost : 7




=== Prime Orbit 97 =====================
size : 2
num_suborbits: 1
242 (*) : ----00--1-----1-----------
242     : ['held(node0)', 'locked_epoch2(node0)', '~ep_epoch0(node1)', '~ep_epoch1(node1)']
241     : 00-------1-----1----------
241     : ['held(node1)', 'locked_epoch2(node1)', '~ep_epoch0(node0)', '~ep_epoch1(node0)']
num_forall :   2
num_exists :   0
num_literals : 5
quantified form : forall NODE1,NODE0. ~held(NODE0) | ~locked_epoch2(NODE0) | ep_epoch0(NODE1) | ep_epoch1(NODE1) | NODE0 = NODE1
qcost : 7




=== Prime Orbit 98 =====================
size : 2
num_suborbits: 1
246 (*) : ----000-1-----------------
246     : ['held(node0)', '~ep_epoch0(node1)', '~ep_epoch1(node1)', '~ep_epoch2(node1)']
245     : 000------1----------------
245     : ['held(node1)', '~ep_epoch0(node0)', '~ep_epoch1(node0)', '~ep_epoch2(node0)']
num_forall :   2
num_exists :   0
num_literals : 5
quantified form : forall NODE1,NODE0. ~held(NODE0) | ep_epoch0(NODE1) | ep_epoch1(NODE1) | ep_epoch2(NODE1) | NODE0 = NODE1
qcost : 7




=== Prime Orbit 99 =====================
size : 2
num_suborbits: 1
238 (*) : ---000--1-----------------
238     : ['held(node0)', '~ep_epoch0(node1)', '~ep_epoch1(node1)', '~ep_epoch3(node0)']
237     : 00-----0-1----------------
237     : ['held(node1)', '~ep_epoch0(node0)', '~ep_epoch1(node0)', '~ep_epoch3(node1)']
num_forall :   2
num_exists :   0
num_literals : 5
quantified form : forall NODE1,NODE0. ~held(NODE0) | ep_epoch0(NODE1) | ep_epoch1(NODE1) | ep_epoch3(NODE0) | NODE0 = NODE1
qcost : 7




=== Prime Orbit 100 =====================
size : 2
num_suborbits: 1
240 (*) : ----00--1------0----------
240     : ['held(node0)', '~ep_epoch0(node1)', '~ep_epoch1(node1)', '~locked_epoch2(node1)']
239     : 00-------1----0-----------
239     : ['held(node1)', '~ep_epoch0(node0)', '~ep_epoch1(node0)', '~locked_epoch2(node0)']
num_forall :   2
num_exists :   0
num_literals : 5
quantified form : forall NODE1,NODE0. ~held(NODE0) | ep_epoch0(NODE1) | ep_epoch1(NODE1) | locked_epoch2(NODE1) | NODE0 = NODE1
qcost : 7




=== Prime Orbit 101 =====================
size : 2
num_suborbits: 1
244 (*) : ----00--1-------0---------
244     : ['held(node0)', '~ep_epoch0(node1)', '~ep_epoch1(node1)', '~locked_epoch3(node0)']
243     : 00-------1-------0--------
243     : ['held(node1)', '~ep_epoch0(node0)', '~ep_epoch1(node0)', '~locked_epoch3(node1)']
num_forall :   2
num_exists :   0
num_literals : 5
quantified form : forall NODE1,NODE0. ~held(NODE0) | ep_epoch0(NODE1) | ep_epoch1(NODE1) | locked_epoch3(NODE0) | NODE0 = NODE1
qcost : 7




=== Prime Orbit 102 =====================
size : 2
num_suborbits: 1
262 (*) : --000---1-----------------
262     : ['held(node0)', '~ep_epoch0(node1)', '~ep_epoch2(node0)', '~ep_epoch3(node0)']
261     : 0-----00-1----------------
261     : ['held(node1)', '~ep_epoch0(node0)', '~ep_epoch2(node1)', '~ep_epoch3(node1)']
num_forall :   2
num_exists :   0
num_literals : 5
quantified form : forall NODE1,NODE0. ~held(NODE0) | ep_epoch0(NODE1) | ep_epoch2(NODE0) | ep_epoch3(NODE0) | NODE0 = NODE1
qcost : 7




=== Prime Orbit 103 =====================
size : 2
num_suborbits: 1
268 (*) : --0-0---1-------0---------
268     : ['held(node0)', '~ep_epoch0(node1)', '~ep_epoch2(node0)', '~locked_epoch3(node0)']
267     : 0-----0--1-------0--------
267     : ['held(node1)', '~ep_epoch0(node0)', '~ep_epoch2(node1)', '~locked_epoch3(node1)']
num_forall :   2
num_exists :   0
num_literals : 5
quantified form : forall NODE1,NODE0. ~held(NODE0) | ep_epoch0(NODE1) | ep_epoch2(NODE0) | locked_epoch3(NODE0) | NODE0 = NODE1
qcost : 7




=== Prime Orbit 104 =====================
size : 2
num_suborbits: 1
266 (*) : ----0-0-1-----0-----------
266     : ['held(node0)', '~ep_epoch0(node1)', '~ep_epoch2(node1)', '~locked_epoch2(node0)']
265     : 0-0------1-----0----------
265     : ['held(node1)', '~ep_epoch0(node0)', '~ep_epoch2(node0)', '~locked_epoch2(node1)']
num_forall :   2
num_exists :   0
num_literals : 5
quantified form : forall NODE1,NODE0. ~held(NODE0) | ep_epoch0(NODE1) | ep_epoch2(NODE1) | locked_epoch2(NODE0) | NODE0 = NODE1
qcost : 7




=== Prime Orbit 105 =====================
size : 2
num_suborbits: 1
264 (*) : ---00---1-----0-----------
264     : ['held(node0)', '~ep_epoch0(node1)', '~ep_epoch3(node0)', '~locked_epoch2(node0)']
263     : 0------0-1-----0----------
263     : ['held(node1)', '~ep_epoch0(node0)', '~ep_epoch3(node1)', '~locked_epoch2(node1)']
num_forall :   2
num_exists :   0
num_literals : 5
quantified form : forall NODE1,NODE0. ~held(NODE0) | ep_epoch0(NODE1) | ep_epoch3(NODE0) | locked_epoch2(NODE0) | NODE0 = NODE1
qcost : 7




=== Prime Orbit 106 =====================
size : 2
num_suborbits: 1
260 (*) : ----0---1-----00----------
260     : ['held(node0)', '~ep_epoch0(node1)', '~locked_epoch2(node0)', '~locked_epoch2(node1)']
259     : 0--------1----00----------
259     : ['held(node1)', '~ep_epoch0(node0)', '~locked_epoch2(node0)', '~locked_epoch2(node1)']
num_forall :   2
num_exists :   0
num_literals : 5
quantified form : forall NODE1,NODE0. ~held(NODE0) | ep_epoch0(NODE1) | locked_epoch2(NODE0) | locked_epoch2(NODE1) | NODE0 = NODE1
qcost : 7




=== Prime Orbit 107 =====================
size : 2
num_suborbits: 1
270 (*) : ----0---1-----0-0---------
270     : ['held(node0)', '~ep_epoch0(node1)', '~locked_epoch2(node0)', '~locked_epoch3(node0)']
269     : 0--------1-----0-0--------
269     : ['held(node1)', '~ep_epoch0(node0)', '~locked_epoch2(node1)', '~locked_epoch3(node1)']
num_forall :   2
num_exists :   0
num_literals : 5
quantified form : forall NODE1,NODE0. ~held(NODE0) | ep_epoch0(NODE1) | locked_epoch2(NODE0) | locked_epoch3(NODE0) | NODE0 = NODE1
qcost : 7




=== Prime Orbit 108 =====================
size : 2
num_suborbits: 1
252 (*) : -000----1-----------------
252     : ['held(node0)', '~ep_epoch1(node0)', '~ep_epoch2(node0)', '~ep_epoch3(node0)']
251     : -----000-1----------------
251     : ['held(node1)', '~ep_epoch1(node1)', '~ep_epoch2(node1)', '~ep_epoch3(node1)']
num_forall :   1
num_exists :   0
num_literals : 4
quantified form : forall NODE0. ~held(NODE0) | ep_epoch1(NODE0) | ep_epoch2(NODE0) | ep_epoch3(NODE0)
qcost : 5




=== Prime Orbit 109 =====================
size : 2
num_suborbits: 1
248 (*) : -00-----1-------0---------
248     : ['held(node0)', '~ep_epoch1(node0)', '~ep_epoch2(node0)', '~locked_epoch3(node0)']
247     : -----00--1-------0--------
247     : ['held(node1)', '~ep_epoch1(node1)', '~ep_epoch2(node1)', '~locked_epoch3(node1)']
num_forall :   1
num_exists :   0
num_literals : 4
quantified form : forall NODE0. ~held(NODE0) | ep_epoch1(NODE0) | ep_epoch2(NODE0) | locked_epoch3(NODE0)
qcost : 5




=== Prime Orbit 110 =====================
size : 2
num_suborbits: 1
254 (*) : -0----0-1-----0-----------
254     : ['held(node0)', '~ep_epoch1(node0)', '~ep_epoch2(node1)', '~locked_epoch2(node0)']
253     : --0--0---1-----0----------
253     : ['held(node1)', '~ep_epoch1(node1)', '~ep_epoch2(node0)', '~locked_epoch2(node1)']
num_forall :   2
num_exists :   0
num_literals : 5
quantified form : forall NODE1,NODE0. ~held(NODE0) | ep_epoch1(NODE0) | ep_epoch2(NODE1) | locked_epoch2(NODE0) | NODE0 = NODE1
qcost : 7




=== Prime Orbit 111 =====================
size : 2
num_suborbits: 1
258 (*) : -0-0----1-----0-----------
258     : ['held(node0)', '~ep_epoch1(node0)', '~ep_epoch3(node0)', '~locked_epoch2(node0)']
257     : -----0-0-1-----0----------
257     : ['held(node1)', '~ep_epoch1(node1)', '~ep_epoch3(node1)', '~locked_epoch2(node1)']
num_forall :   1
num_exists :   0
num_literals : 4
quantified form : forall NODE0. ~held(NODE0) | ep_epoch1(NODE0) | ep_epoch3(NODE0) | locked_epoch2(NODE0)
qcost : 5




=== Prime Orbit 112 =====================
size : 2
num_suborbits: 1
256 (*) : -0------1-----00----------
256     : ['held(node0)', '~ep_epoch1(node0)', '~locked_epoch2(node0)', '~locked_epoch2(node1)']
255     : -----0---1----00----------
255     : ['held(node1)', '~ep_epoch1(node1)', '~locked_epoch2(node0)', '~locked_epoch2(node1)']
num_forall :   2
num_exists :   0
num_literals : 5
quantified form : forall NODE1,NODE0. ~held(NODE0) | ep_epoch1(NODE0) | locked_epoch2(NODE0) | locked_epoch2(NODE1) | NODE0 = NODE1
qcost : 7




=== Prime Orbit 113 =====================
size : 2
num_suborbits: 1
250 (*) : -0------1-----0-0---------
250     : ['held(node0)', '~ep_epoch1(node0)', '~locked_epoch2(node0)', '~locked_epoch3(node0)']
249     : -----0---1-----0-0--------
249     : ['held(node1)', '~ep_epoch1(node1)', '~locked_epoch2(node1)', '~locked_epoch3(node1)']
num_forall :   1
num_exists :   0
num_literals : 4
quantified form : forall NODE0. ~held(NODE0) | ep_epoch1(NODE0) | locked_epoch2(NODE0) | locked_epoch3(NODE0)
qcost : 5




=== Prime Orbit 114 =====================
size : 2
num_suborbits: 1
227 (*) : ----00--------1-1---------
227     : ['locked_epoch2(node0)', 'locked_epoch3(node0)', '~ep_epoch0(node1)', '~ep_epoch1(node1)']
228     : 00-------------1-1--------
228     : ['locked_epoch2(node1)', 'locked_epoch3(node1)', '~ep_epoch0(node0)', '~ep_epoch1(node0)']
num_forall :   2
num_exists :   0
num_literals : 5
quantified form : forall NODE1,NODE0. ~locked_epoch2(NODE0) | ~locked_epoch3(NODE0) | ep_epoch0(NODE1) | ep_epoch1(NODE1) | NODE0 = NODE1
qcost : 7




=== Prime Orbit 115 =====================
size : 4
num_suborbits: 2
217 (*) : ----00--------1---------1-
217     : ['locked_epoch2(node0)', 'transfer_epoch3(node0)', '~ep_epoch0(node1)', '~ep_epoch1(node1)']
212     : ----00--------1----------1
212     : ['locked_epoch2(node0)', 'transfer_epoch3(node1)', '~ep_epoch0(node1)', '~ep_epoch1(node1)']
211     : 00-------------1--------1-
211     : ['locked_epoch2(node1)', 'transfer_epoch3(node0)', '~ep_epoch0(node0)', '~ep_epoch1(node0)']
218     : 00-------------1---------1
218     : ['locked_epoch2(node1)', 'transfer_epoch3(node1)', '~ep_epoch0(node0)', '~ep_epoch1(node0)']
num_forall :   3
num_exists :   0
num_literals : 8
quantified form : forall NODE2,NODE1,NODE0. ~locked_epoch2(NODE0) | ~transfer_epoch3(NODE1) | ep_epoch0(NODE2) | ep_epoch1(NODE2) | ((NODE1 ~= NODE2 | NODE0 = NODE1) & (NODE0 ~= NODE1 | NODE0 = NODE2))
qcost : 11




=== Prime Orbit 116 =====================
size : 2
num_suborbits: 1
295 (*) : --0-00--------1-----------
295     : ['locked_epoch2(node0)', '~ep_epoch0(node1)', '~ep_epoch1(node1)', '~ep_epoch2(node0)']
296     : 00----0--------1----------
296     : ['locked_epoch2(node1)', '~ep_epoch0(node0)', '~ep_epoch1(node0)', '~ep_epoch2(node1)']
num_forall :   2
num_exists :   0
num_literals : 5
quantified form : forall NODE1,NODE0. ~locked_epoch2(NODE0) | ep_epoch0(NODE1) | ep_epoch1(NODE1) | ep_epoch2(NODE0) | NODE0 = NODE1
qcost : 7




=== Prime Orbit 117 =====================
size : 2
num_suborbits: 1
291 (*) : ----00-0------1-----------
291     : ['locked_epoch2(node0)', '~ep_epoch0(node1)', '~ep_epoch1(node1)', '~ep_epoch3(node1)']
292     : 00-0-----------1----------
292     : ['locked_epoch2(node1)', '~ep_epoch0(node0)', '~ep_epoch1(node0)', '~ep_epoch3(node0)']
num_forall :   2
num_exists :   0
num_literals : 5
quantified form : forall NODE1,NODE0. ~locked_epoch2(NODE0) | ep_epoch0(NODE1) | ep_epoch1(NODE1) | ep_epoch3(NODE1) | NODE0 = NODE1
qcost : 7




=== Prime Orbit 118 =====================
size : 2
num_suborbits: 1
293 (*) : ----00---0----1-----------
293     : ['locked_epoch2(node0)', '~ep_epoch0(node1)', '~ep_epoch1(node1)', '~held(node1)']
294     : 00------0------1----------
294     : ['locked_epoch2(node1)', '~ep_epoch0(node0)', '~ep_epoch1(node0)', '~held(node0)']
num_forall :   2
num_exists :   0
num_literals : 5
quantified form : forall NODE1,NODE0. ~locked_epoch2(NODE0) | ep_epoch0(NODE1) | ep_epoch1(NODE1) | held(NODE1) | NODE0 = NODE1
qcost : 7




=== Prime Orbit 119 =====================
size : 2
num_suborbits: 1
289 (*) : ----00--------1--0--------
289     : ['locked_epoch2(node0)', '~ep_epoch0(node1)', '~ep_epoch1(node1)', '~locked_epoch3(node1)']
290     : 00-------------10---------
290     : ['locked_epoch2(node1)', '~ep_epoch0(node0)', '~ep_epoch1(node0)', '~locked_epoch3(node0)']
num_forall :   2
num_exists :   0
num_literals : 5
quantified form : forall NODE1,NODE0. ~locked_epoch2(NODE0) | ep_epoch0(NODE1) | ep_epoch1(NODE1) | locked_epoch3(NODE1) | NODE0 = NODE1
qcost : 7




=== Prime Orbit 120 =====================
size : 2
num_suborbits: 1
223 (*) : ----000---------1---------
223     : ['locked_epoch3(node0)', '~ep_epoch0(node1)', '~ep_epoch1(node1)', '~ep_epoch2(node1)']
224     : 000--------------1--------
224     : ['locked_epoch3(node1)', '~ep_epoch0(node0)', '~ep_epoch1(node0)', '~ep_epoch2(node0)']
num_forall :   2
num_exists :   0
num_literals : 5
quantified form : forall NODE1,NODE0. ~locked_epoch3(NODE0) | ep_epoch0(NODE1) | ep_epoch1(NODE1) | ep_epoch2(NODE1) | NODE0 = NODE1
qcost : 7




=== Prime Orbit 121 =====================
size : 2
num_suborbits: 1
225 (*) : ----00---------01---------
225     : ['locked_epoch3(node0)', '~ep_epoch0(node1)', '~ep_epoch1(node1)', '~locked_epoch2(node1)']
226     : 00------------0--1--------
226     : ['locked_epoch3(node1)', '~ep_epoch0(node0)', '~ep_epoch1(node0)', '~locked_epoch2(node0)']
num_forall :   2
num_exists :   0
num_literals : 5
quantified form : forall NODE1,NODE0. ~locked_epoch3(NODE0) | ep_epoch0(NODE1) | ep_epoch1(NODE1) | locked_epoch2(NODE1) | NODE0 = NODE1
qcost : 7




=== Prime Orbit 122 =====================
size : 4
num_suborbits: 2
207 (*) : 000---------------------1-
207     : ['transfer_epoch3(node0)', '~ep_epoch0(node0)', '~ep_epoch1(node0)', '~ep_epoch2(node0)']
213     : ----000-----------------1-
213     : ['transfer_epoch3(node0)', '~ep_epoch0(node1)', '~ep_epoch1(node1)', '~ep_epoch2(node1)']
214     : 000----------------------1
214     : ['transfer_epoch3(node1)', '~ep_epoch0(node0)', '~ep_epoch1(node0)', '~ep_epoch2(node0)']
208     : ----000------------------1
208     : ['transfer_epoch3(node1)', '~ep_epoch0(node1)', '~ep_epoch1(node1)', '~ep_epoch2(node1)']
num_forall :   2
num_exists :   0
num_literals : 4
quantified form : forall NODE1,NODE0. ~transfer_epoch3(NODE0) | ep_epoch0(NODE1) | ep_epoch1(NODE1) | ep_epoch2(NODE1)
qcost : 6




=== Prime Orbit 123 =====================
size : 4
num_suborbits: 2
209 (*) : 00------------0---------1-
209     : ['transfer_epoch3(node0)', '~ep_epoch0(node0)', '~ep_epoch1(node0)', '~locked_epoch2(node0)']
215     : ----00---------0--------1-
215     : ['transfer_epoch3(node0)', '~ep_epoch0(node1)', '~ep_epoch1(node1)', '~locked_epoch2(node1)']
216     : 00------------0----------1
216     : ['transfer_epoch3(node1)', '~ep_epoch0(node0)', '~ep_epoch1(node0)', '~locked_epoch2(node0)']
210     : ----00---------0---------1
210     : ['transfer_epoch3(node1)', '~ep_epoch0(node1)', '~ep_epoch1(node1)', '~locked_epoch2(node1)']
num_forall :   2
num_exists :   0
num_literals : 4
quantified form : forall NODE1,NODE0. ~transfer_epoch3(NODE0) | ep_epoch0(NODE1) | ep_epoch1(NODE1) | locked_epoch2(NODE1)
qcost : 6




=== Prime Orbit 124 =====================
size : 1
num_suborbits: 1
282 (*) : 0---0---------00----------
282     : ['~ep_epoch0(node0)', '~ep_epoch0(node1)', '~locked_epoch2(node0)', '~locked_epoch2(node1)']
num_forall :   0
num_exists :   1
num_literals : 2
quantified form : exists NODE0. ep_epoch0(NODE0) | locked_epoch2(NODE0)
qcost : 3




=== Prime Orbit 125 =====================
size : 2
num_suborbits: 1
284 (*) : 0000----------------------
284     : ['~ep_epoch0(node0)', '~ep_epoch1(node0)', '~ep_epoch2(node0)', '~ep_epoch3(node0)']
283     : ----0000------------------
283     : ['~ep_epoch0(node1)', '~ep_epoch1(node1)', '~ep_epoch2(node1)', '~ep_epoch3(node1)']
num_forall :   1
num_exists :   0
num_literals : 4
quantified form : forall NODE0. ep_epoch0(NODE0) | ep_epoch1(NODE0) | ep_epoch2(NODE0) | ep_epoch3(NODE0)
qcost : 5




=== Prime Orbit 126 =====================
size : 2
num_suborbits: 1
288 (*) : 000-----0-----------------
288     : ['~ep_epoch0(node0)', '~ep_epoch1(node0)', '~ep_epoch2(node0)', '~held(node0)']
287     : ----000--0----------------
287     : ['~ep_epoch0(node1)', '~ep_epoch1(node1)', '~ep_epoch2(node1)', '~held(node1)']
num_forall :   1
num_exists :   0
num_literals : 4
quantified form : forall NODE0. ep_epoch0(NODE0) | ep_epoch1(NODE0) | ep_epoch2(NODE0) | held(NODE0)
qcost : 5




=== Prime Orbit 127 =====================
size : 2
num_suborbits: 1
286 (*) : 000-------------0---------
286     : ['~ep_epoch0(node0)', '~ep_epoch1(node0)', '~ep_epoch2(node0)', '~locked_epoch3(node0)']
285     : ----000----------0--------
285     : ['~ep_epoch0(node1)', '~ep_epoch1(node1)', '~ep_epoch2(node1)', '~locked_epoch3(node1)']
num_forall :   1
num_exists :   0
num_literals : 4
quantified form : forall NODE0. ep_epoch0(NODE0) | ep_epoch1(NODE0) | ep_epoch2(NODE0) | locked_epoch3(NODE0)
qcost : 5




=== Prime Orbit 128 =====================
size : 2
num_suborbits: 1
271 (*) : 00----0-------0-----------
271     : ['~ep_epoch0(node0)', '~ep_epoch1(node0)', '~ep_epoch2(node1)', '~locked_epoch2(node0)']
272     : --0-00---------0----------
272     : ['~ep_epoch0(node1)', '~ep_epoch1(node1)', '~ep_epoch2(node0)', '~locked_epoch2(node1)']
num_forall :   2
num_exists :   0
num_literals : 5
quantified form : forall NODE1,NODE0. ep_epoch0(NODE0) | ep_epoch1(NODE0) | ep_epoch2(NODE1) | locked_epoch2(NODE0) | NODE0 = NODE1
qcost : 7




=== Prime Orbit 129 =====================
size : 2
num_suborbits: 1
274 (*) : 00-0----------0-----------
274     : ['~ep_epoch0(node0)', '~ep_epoch1(node0)', '~ep_epoch3(node0)', '~locked_epoch2(node0)']
275     : ----00-0-------0----------
275     : ['~ep_epoch0(node1)', '~ep_epoch1(node1)', '~ep_epoch3(node1)', '~locked_epoch2(node1)']
num_forall :   1
num_exists :   0
num_literals : 4
quantified form : forall NODE0. ep_epoch0(NODE0) | ep_epoch1(NODE0) | ep_epoch3(NODE0) | locked_epoch2(NODE0)
qcost : 5




=== Prime Orbit 130 =====================
size : 2
num_suborbits: 1
280 (*) : 00------0-----0-----------
280     : ['~ep_epoch0(node0)', '~ep_epoch1(node0)', '~held(node0)', '~locked_epoch2(node0)']
281     : ----00---0-----0----------
281     : ['~ep_epoch0(node1)', '~ep_epoch1(node1)', '~held(node1)', '~locked_epoch2(node1)']
num_forall :   1
num_exists :   0
num_literals : 4
quantified form : forall NODE0. ep_epoch0(NODE0) | ep_epoch1(NODE0) | held(NODE0) | locked_epoch2(NODE0)
qcost : 5




=== Prime Orbit 131 =====================
size : 2
num_suborbits: 1
278 (*) : 00------------00----------
278     : ['~ep_epoch0(node0)', '~ep_epoch1(node0)', '~locked_epoch2(node0)', '~locked_epoch2(node1)']
279     : ----00--------00----------
279     : ['~ep_epoch0(node1)', '~ep_epoch1(node1)', '~locked_epoch2(node0)', '~locked_epoch2(node1)']
num_forall :   2
num_exists :   0
num_literals : 5
quantified form : forall NODE1,NODE0. ep_epoch0(NODE0) | ep_epoch1(NODE0) | locked_epoch2(NODE0) | locked_epoch2(NODE1) | NODE0 = NODE1
qcost : 7




=== Prime Orbit 132 =====================
size : 2
num_suborbits: 1
276 (*) : 00------------0-0---------
276     : ['~ep_epoch0(node0)', '~ep_epoch1(node0)', '~locked_epoch2(node0)', '~locked_epoch3(node0)']
277     : ----00---------0-0--------
277     : ['~ep_epoch0(node1)', '~ep_epoch1(node1)', '~locked_epoch2(node1)', '~locked_epoch3(node1)']
num_forall :   1
num_exists :   0
num_literals : 4
quantified form : forall NODE0. ep_epoch0(NODE0) | ep_epoch1(NODE0) | locked_epoch2(NODE0) | locked_epoch3(NODE0)
qcost : 5




=== Prime Orbit 133 =====================
size : 1
num_suborbits: 1
273 (*) : -0---0--------00----------
273     : ['~ep_epoch1(node0)', '~ep_epoch1(node1)', '~locked_epoch2(node0)', '~locked_epoch2(node1)']
num_forall :   0
num_exists :   1
num_literals : 2
quantified form : exists NODE0. ep_epoch1(NODE0) | locked_epoch2(NODE0)
qcost : 3




=== Prime Orbit 134 =====================
size : 2
num_suborbits: 1
337 (*) : 1----1---0------------00--
337     : ['ep_epoch0(node0)', 'ep_epoch1(node1)', '~held(node1)', '~transfer_epoch2(node0)', '~transfer_epoch2(node1)']
338     : -1--1---0-------------00--
338     : ['ep_epoch0(node1)', 'ep_epoch1(node0)', '~held(node0)', '~transfer_epoch2(node0)', '~transfer_epoch2(node1)']
num_forall :   2
num_exists :   0
num_literals : 6
quantified form : forall NODE1,NODE0. ~ep_epoch0(NODE0) | ~ep_epoch1(NODE1) | held(NODE1) | transfer_epoch2(NODE0) | transfer_epoch2(NODE1) | NODE0 = NODE1
qcost : 8




=== Prime Orbit 135 =====================
size : 2
num_suborbits: 1
333 (*) : 1-----1--0--------------00
333     : ['ep_epoch0(node0)', 'ep_epoch2(node1)', '~held(node1)', '~transfer_epoch3(node0)', '~transfer_epoch3(node1)']
334     : --1-1---0---------------00
334     : ['ep_epoch0(node1)', 'ep_epoch2(node0)', '~held(node0)', '~transfer_epoch3(node0)', '~transfer_epoch3(node1)']
num_forall :   2
num_exists :   0
num_literals : 6
quantified form : forall NODE1,NODE0. ~ep_epoch0(NODE0) | ~ep_epoch2(NODE1) | held(NODE1) | transfer_epoch3(NODE0) | transfer_epoch3(NODE1) | NODE0 = NODE1
qcost : 8




=== Prime Orbit 136 =====================
size : 2
num_suborbits: 1
336 (*) : 1--------0-----1--------00
336     : ['ep_epoch0(node0)', 'locked_epoch2(node1)', '~held(node1)', '~transfer_epoch3(node0)', '~transfer_epoch3(node1)']
335     : ----1---0-----1---------00
335     : ['ep_epoch0(node1)', 'locked_epoch2(node0)', '~held(node0)', '~transfer_epoch3(node0)', '~transfer_epoch3(node1)']
num_forall :   2
num_exists :   0
num_literals : 6
quantified form : forall NODE1,NODE0. ~ep_epoch0(NODE0) | ~locked_epoch2(NODE1) | held(NODE1) | transfer_epoch3(NODE0) | transfer_epoch3(NODE1) | NODE0 = NODE1
qcost : 8




=== Prime Orbit 137 =====================
size : 2
num_suborbits: 1
319 (*) : 1----0---0--------------00
319     : ['ep_epoch0(node0)', '~ep_epoch1(node1)', '~held(node1)', '~transfer_epoch3(node0)', '~transfer_epoch3(node1)']
320     : -0--1---0---------------00
320     : ['ep_epoch0(node1)', '~ep_epoch1(node0)', '~held(node0)', '~transfer_epoch3(node0)', '~transfer_epoch3(node1)']
num_forall :   2
num_exists :   0
num_literals : 6
quantified form : forall NODE1,NODE0. ~ep_epoch0(NODE0) | ep_epoch1(NODE1) | held(NODE1) | transfer_epoch3(NODE0) | transfer_epoch3(NODE1) | NODE0 = NODE1
qcost : 8




=== Prime Orbit 138 =====================
size : 2
num_suborbits: 1
303 (*) : 1-----0--0------------00--
303     : ['ep_epoch0(node0)', '~ep_epoch2(node1)', '~held(node1)', '~transfer_epoch2(node0)', '~transfer_epoch2(node1)']
304     : --0-1---0-------------00--
304     : ['ep_epoch0(node1)', '~ep_epoch2(node0)', '~held(node0)', '~transfer_epoch2(node0)', '~transfer_epoch2(node1)']
num_forall :   2
num_exists :   0
num_literals : 6
quantified form : forall NODE1,NODE0. ~ep_epoch0(NODE0) | ep_epoch2(NODE1) | held(NODE1) | transfer_epoch2(NODE0) | transfer_epoch2(NODE1) | NODE0 = NODE1
qcost : 8




=== Prime Orbit 139 =====================
size : 2
num_suborbits: 1
305 (*) : 1--------0-----0------00--
305     : ['ep_epoch0(node0)', '~held(node1)', '~locked_epoch2(node1)', '~transfer_epoch2(node0)', '~transfer_epoch2(node1)']
306     : ----1---0-----0-------00--
306     : ['ep_epoch0(node1)', '~held(node0)', '~locked_epoch2(node0)', '~transfer_epoch2(node0)', '~transfer_epoch2(node1)']
num_forall :   2
num_exists :   0
num_literals : 6
quantified form : forall NODE1,NODE0. ~ep_epoch0(NODE0) | held(NODE1) | locked_epoch2(NODE1) | transfer_epoch2(NODE0) | transfer_epoch2(NODE1) | NODE0 = NODE1
qcost : 8




=== Prime Orbit 140 =====================
size : 2
num_suborbits: 1
344 (*) : -1----1--0--------------00
344     : ['ep_epoch1(node0)', 'ep_epoch2(node1)', '~held(node1)', '~transfer_epoch3(node0)', '~transfer_epoch3(node1)']
343     : --1--1--0---------------00
343     : ['ep_epoch1(node1)', 'ep_epoch2(node0)', '~held(node0)', '~transfer_epoch3(node0)', '~transfer_epoch3(node1)']
num_forall :   2
num_exists :   0
num_literals : 6
quantified form : forall NODE1,NODE0. ~ep_epoch1(NODE0) | ~ep_epoch2(NODE1) | held(NODE1) | transfer_epoch3(NODE0) | transfer_epoch3(NODE1) | NODE0 = NODE1
qcost : 8




=== Prime Orbit 141 =====================
size : 2
num_suborbits: 1
342 (*) : -1-------0-----1--------00
342     : ['ep_epoch1(node0)', 'locked_epoch2(node1)', '~held(node1)', '~transfer_epoch3(node0)', '~transfer_epoch3(node1)']
341     : -----1--0-----1---------00
341     : ['ep_epoch1(node1)', 'locked_epoch2(node0)', '~held(node0)', '~transfer_epoch3(node0)', '~transfer_epoch3(node1)']
num_forall :   2
num_exists :   0
num_literals : 6
quantified form : forall NODE1,NODE0. ~ep_epoch1(NODE0) | ~locked_epoch2(NODE1) | held(NODE1) | transfer_epoch3(NODE0) | transfer_epoch3(NODE1) | NODE0 = NODE1
qcost : 8




=== Prime Orbit 142 =====================
size : 2
num_suborbits: 1
346 (*) : -1--0----0--------------00
346     : ['ep_epoch1(node0)', '~ep_epoch0(node1)', '~held(node1)', '~transfer_epoch3(node0)', '~transfer_epoch3(node1)']
345     : 0----1--0---------------00
345     : ['ep_epoch1(node1)', '~ep_epoch0(node0)', '~held(node0)', '~transfer_epoch3(node0)', '~transfer_epoch3(node1)']
num_forall :   2
num_exists :   0
num_literals : 6
quantified form : forall NODE1,NODE0. ~ep_epoch1(NODE0) | ep_epoch0(NODE1) | held(NODE1) | transfer_epoch3(NODE0) | transfer_epoch3(NODE1) | NODE0 = NODE1
qcost : 8




=== Prime Orbit 143 =====================
size : 2
num_suborbits: 1
340 (*) : -1------0------0------00--
340     : ['ep_epoch1(node0)', '~held(node0)', '~locked_epoch2(node1)', '~transfer_epoch2(node0)', '~transfer_epoch2(node1)']
339     : -----1---0----0-------00--
339     : ['ep_epoch1(node1)', '~held(node1)', '~locked_epoch2(node0)', '~transfer_epoch2(node0)', '~transfer_epoch2(node1)']
num_forall :   2
num_exists :   0
num_literals : 6
quantified form : forall NODE1,NODE0. ~ep_epoch1(NODE0) | held(NODE0) | locked_epoch2(NODE1) | transfer_epoch2(NODE0) | transfer_epoch2(NODE1) | NODE0 = NODE1
qcost : 8




=== Prime Orbit 144 =====================
size : 2
num_suborbits: 1
327 (*) : --1----00---------------00
327     : ['ep_epoch2(node0)', '~ep_epoch3(node1)', '~held(node0)', '~transfer_epoch3(node0)', '~transfer_epoch3(node1)']
328     : ---0--1--0--------------00
328     : ['ep_epoch2(node1)', '~ep_epoch3(node0)', '~held(node1)', '~transfer_epoch3(node0)', '~transfer_epoch3(node1)']
num_forall :   2
num_exists :   0
num_literals : 6
quantified form : forall NODE1,NODE0. ~ep_epoch2(NODE0) | ep_epoch3(NODE1) | held(NODE0) | transfer_epoch3(NODE0) | transfer_epoch3(NODE1) | NODE0 = NODE1
qcost : 8




=== Prime Orbit 145 =====================
size : 2
num_suborbits: 1
329 (*) : --1-----00--------------00
329     : ['ep_epoch2(node0)', '~held(node0)', '~held(node1)', '~transfer_epoch3(node0)', '~transfer_epoch3(node1)']
330     : ------1-00--------------00
330     : ['ep_epoch2(node1)', '~held(node0)', '~held(node1)', '~transfer_epoch3(node0)', '~transfer_epoch3(node1)']
num_forall :   2
num_exists :   0
num_literals : 6
quantified form : forall NODE1,NODE0. ~ep_epoch2(NODE0) | held(NODE0) | held(NODE1) | transfer_epoch3(NODE0) | transfer_epoch3(NODE1) | NODE0 = NODE1
qcost : 8




=== Prime Orbit 146 =====================
size : 2
num_suborbits: 1
331 (*) : --1-----0--------0------00
331     : ['ep_epoch2(node0)', '~held(node0)', '~locked_epoch3(node1)', '~transfer_epoch3(node0)', '~transfer_epoch3(node1)']
332     : ------1--0------0-------00
332     : ['ep_epoch2(node1)', '~held(node1)', '~locked_epoch3(node0)', '~transfer_epoch3(node0)', '~transfer_epoch3(node1)']
num_forall :   2
num_exists :   0
num_literals : 6
quantified form : forall NODE1,NODE0. ~ep_epoch2(NODE0) | held(NODE0) | locked_epoch3(NODE1) | transfer_epoch3(NODE0) | transfer_epoch3(NODE1) | NODE0 = NODE1
qcost : 8




=== Prime Orbit 147 =====================
size : 2
num_suborbits: 1
325 (*) : -------00-----1---------00
325     : ['locked_epoch2(node0)', '~ep_epoch3(node1)', '~held(node0)', '~transfer_epoch3(node0)', '~transfer_epoch3(node1)']
326     : ---0-----0-----1--------00
326     : ['locked_epoch2(node1)', '~ep_epoch3(node0)', '~held(node1)', '~transfer_epoch3(node0)', '~transfer_epoch3(node1)']
num_forall :   2
num_exists :   0
num_literals : 6
quantified form : forall NODE1,NODE0. ~locked_epoch2(NODE0) | ep_epoch3(NODE1) | held(NODE0) | transfer_epoch3(NODE0) | transfer_epoch3(NODE1) | NODE0 = NODE1
qcost : 8




=== Prime Orbit 148 =====================
size : 2
num_suborbits: 1
323 (*) : --------00----1---------00
323     : ['locked_epoch2(node0)', '~held(node0)', '~held(node1)', '~transfer_epoch3(node0)', '~transfer_epoch3(node1)']
324     : --------00-----1--------00
324     : ['locked_epoch2(node1)', '~held(node0)', '~held(node1)', '~transfer_epoch3(node0)', '~transfer_epoch3(node1)']
num_forall :   2
num_exists :   0
num_literals : 6
quantified form : forall NODE1,NODE0. ~locked_epoch2(NODE0) | held(NODE0) | held(NODE1) | transfer_epoch3(NODE0) | transfer_epoch3(NODE1) | NODE0 = NODE1
qcost : 8




=== Prime Orbit 149 =====================
size : 2
num_suborbits: 1
321 (*) : --------0-----1--0------00
321     : ['locked_epoch2(node0)', '~held(node0)', '~locked_epoch3(node1)', '~transfer_epoch3(node0)', '~transfer_epoch3(node1)']
322     : ---------0-----10-------00
322     : ['locked_epoch2(node1)', '~held(node1)', '~locked_epoch3(node0)', '~transfer_epoch3(node0)', '~transfer_epoch3(node1)']
num_forall :   2
num_exists :   0
num_literals : 6
quantified form : forall NODE1,NODE0. ~locked_epoch2(NODE0) | held(NODE0) | locked_epoch3(NODE1) | transfer_epoch3(NODE0) | transfer_epoch3(NODE1) | NODE0 = NODE1
qcost : 8




=== Prime Orbit 150 =====================
size : 2
num_suborbits: 1
347 (*) : 00--00------------------1-
347     : ['transfer_epoch3(node0)', '~ep_epoch0(node0)', '~ep_epoch0(node1)', '~ep_epoch1(node0)', '~ep_epoch1(node1)']
348     : 00--00-------------------1
348     : ['transfer_epoch3(node1)', '~ep_epoch0(node0)', '~ep_epoch0(node1)', '~ep_epoch1(node0)', '~ep_epoch1(node1)']
num_forall :   2
num_exists :   0
num_literals : 6
quantified form : forall NODE1,NODE0. ~transfer_epoch3(NODE0) | ep_epoch0(NODE0) | ep_epoch0(NODE1) | ep_epoch1(NODE0) | ep_epoch1(NODE1) | NODE0 = NODE1
qcost : 8




=== Prime Orbit 151 =====================
size : 2
num_suborbits: 1
317 (*) : 0-000----------0----------
317     : ['~ep_epoch0(node0)', '~ep_epoch0(node1)', '~ep_epoch2(node0)', '~ep_epoch3(node0)', '~locked_epoch2(node1)']
318     : 0---0-00------0-----------
318     : ['~ep_epoch0(node0)', '~ep_epoch0(node1)', '~ep_epoch2(node1)', '~ep_epoch3(node1)', '~locked_epoch2(node0)']
num_forall :   2
num_exists :   0
num_literals : 6
quantified form : forall NODE1,NODE0. ep_epoch0(NODE0) | ep_epoch0(NODE1) | ep_epoch2(NODE0) | ep_epoch3(NODE0) | locked_epoch2(NODE1) | NODE0 = NODE1
qcost : 8




=== Prime Orbit 152 =====================
size : 2
num_suborbits: 1
313 (*) : 0-0-0---0------0----------
313     : ['~ep_epoch0(node0)', '~ep_epoch0(node1)', '~ep_epoch2(node0)', '~held(node0)', '~locked_epoch2(node1)']
314     : 0---0-0--0----0-----------
314     : ['~ep_epoch0(node0)', '~ep_epoch0(node1)', '~ep_epoch2(node1)', '~held(node1)', '~locked_epoch2(node0)']
num_forall :   2
num_exists :   0
num_literals : 6
quantified form : forall NODE1,NODE0. ep_epoch0(NODE0) | ep_epoch0(NODE1) | ep_epoch2(NODE0) | held(NODE0) | locked_epoch2(NODE1) | NODE0 = NODE1
qcost : 8




=== Prime Orbit 153 =====================
size : 2
num_suborbits: 1
315 (*) : 0-0-0----------00---------
315     : ['~ep_epoch0(node0)', '~ep_epoch0(node1)', '~ep_epoch2(node0)', '~locked_epoch2(node1)', '~locked_epoch3(node0)']
316     : 0---0-0-------0--0--------
316     : ['~ep_epoch0(node0)', '~ep_epoch0(node1)', '~ep_epoch2(node1)', '~locked_epoch2(node0)', '~locked_epoch3(node1)']
num_forall :   2
num_exists :   0
num_literals : 6
quantified form : forall NODE1,NODE0. ep_epoch0(NODE0) | ep_epoch0(NODE1) | ep_epoch2(NODE0) | locked_epoch2(NODE1) | locked_epoch3(NODE0) | NODE0 = NODE1
qcost : 8




=== Prime Orbit 154 =====================
size : 2
num_suborbits: 1
309 (*) : -000-0---------0----------
309     : ['~ep_epoch1(node0)', '~ep_epoch1(node1)', '~ep_epoch2(node0)', '~ep_epoch3(node0)', '~locked_epoch2(node1)']
310     : -0---000------0-----------
310     : ['~ep_epoch1(node0)', '~ep_epoch1(node1)', '~ep_epoch2(node1)', '~ep_epoch3(node1)', '~locked_epoch2(node0)']
num_forall :   2
num_exists :   0
num_literals : 6
quantified form : forall NODE1,NODE0. ep_epoch1(NODE0) | ep_epoch1(NODE1) | ep_epoch2(NODE0) | ep_epoch3(NODE0) | locked_epoch2(NODE1) | NODE0 = NODE1
qcost : 8




=== Prime Orbit 155 =====================
size : 2
num_suborbits: 1
307 (*) : -00--0--0------0----------
307     : ['~ep_epoch1(node0)', '~ep_epoch1(node1)', '~ep_epoch2(node0)', '~held(node0)', '~locked_epoch2(node1)']
308     : -0---00--0----0-----------
308     : ['~ep_epoch1(node0)', '~ep_epoch1(node1)', '~ep_epoch2(node1)', '~held(node1)', '~locked_epoch2(node0)']
num_forall :   2
num_exists :   0
num_literals : 6
quantified form : forall NODE1,NODE0. ep_epoch1(NODE0) | ep_epoch1(NODE1) | ep_epoch2(NODE0) | held(NODE0) | locked_epoch2(NODE1) | NODE0 = NODE1
qcost : 8




=== Prime Orbit 156 =====================
size : 2
num_suborbits: 1
311 (*) : -00--0---------00---------
311     : ['~ep_epoch1(node0)', '~ep_epoch1(node1)', '~ep_epoch2(node0)', '~locked_epoch2(node1)', '~locked_epoch3(node0)']
312     : -0---00-------0--0--------
312     : ['~ep_epoch1(node0)', '~ep_epoch1(node1)', '~ep_epoch2(node1)', '~locked_epoch2(node0)', '~locked_epoch3(node1)']
num_forall :   2
num_exists :   0
num_literals : 6
quantified form : forall NODE1,NODE0. ep_epoch1(NODE0) | ep_epoch1(NODE1) | ep_epoch2(NODE0) | locked_epoch2(NODE1) | locked_epoch3(NODE0) | NODE0 = NODE1
qcost : 8




=== Prime Orbit 157 =====================
size : 2
num_suborbits: 1
356 (*) : 1--------0------------0000
356     : ['ep_epoch0(node0)', '~held(node1)', '~transfer_epoch2(node0)', '~transfer_epoch2(node1)', '~transfer_epoch3(node0)', '~transfer_epoch3(node1)']
355     : ----1---0-------------0000
355     : ['ep_epoch0(node1)', '~held(node0)', '~transfer_epoch2(node0)', '~transfer_epoch2(node1)', '~transfer_epoch3(node0)', '~transfer_epoch3(node1)']
num_forall :   2
num_exists :   0
num_literals : 7
quantified form : forall NODE1,NODE0. ~ep_epoch0(NODE0) | held(NODE1) | transfer_epoch2(NODE0) | transfer_epoch2(NODE1) | transfer_epoch3(NODE0) | transfer_epoch3(NODE1) | NODE0 = NODE1
qcost : 9




=== Prime Orbit 158 =====================
size : 2
num_suborbits: 1
349 (*) : -1----000-------------00--
349     : ['ep_epoch1(node0)', '~ep_epoch2(node1)', '~ep_epoch3(node1)', '~held(node0)', '~transfer_epoch2(node0)', '~transfer_epoch2(node1)']
350     : --00-1---0------------00--
350     : ['ep_epoch1(node1)', '~ep_epoch2(node0)', '~ep_epoch3(node0)', '~held(node1)', '~transfer_epoch2(node0)', '~transfer_epoch2(node1)']
num_forall :   2
num_exists :   0
num_literals : 7
quantified form : forall NODE1,NODE0. ~ep_epoch1(NODE0) | ep_epoch2(NODE1) | ep_epoch3(NODE1) | held(NODE0) | transfer_epoch2(NODE0) | transfer_epoch2(NODE1) | NODE0 = NODE1
qcost : 9




=== Prime Orbit 159 =====================
size : 2
num_suborbits: 1
353 (*) : -1----0-00------------00--
353     : ['ep_epoch1(node0)', '~ep_epoch2(node1)', '~held(node0)', '~held(node1)', '~transfer_epoch2(node0)', '~transfer_epoch2(node1)']
354     : --0--1--00------------00--
354     : ['ep_epoch1(node1)', '~ep_epoch2(node0)', '~held(node0)', '~held(node1)', '~transfer_epoch2(node0)', '~transfer_epoch2(node1)']
num_forall :   2
num_exists :   0
num_literals : 7
quantified form : forall NODE1,NODE0. ~ep_epoch1(NODE0) | ep_epoch2(NODE1) | held(NODE0) | held(NODE1) | transfer_epoch2(NODE0) | transfer_epoch2(NODE1) | NODE0 = NODE1
qcost : 9




=== Prime Orbit 160 =====================
size : 2
num_suborbits: 1
351 (*) : -1----0-0--------0----00--
351     : ['ep_epoch1(node0)', '~ep_epoch2(node1)', '~held(node0)', '~locked_epoch3(node1)', '~transfer_epoch2(node0)', '~transfer_epoch2(node1)']
352     : --0--1---0------0-----00--
352     : ['ep_epoch1(node1)', '~ep_epoch2(node0)', '~held(node1)', '~locked_epoch3(node0)', '~transfer_epoch2(node0)', '~transfer_epoch2(node1)']
num_forall :   2
num_exists :   0
num_literals : 7
quantified form : forall NODE1,NODE0. ~ep_epoch1(NODE0) | ep_epoch2(NODE1) | held(NODE0) | locked_epoch3(NODE1) | transfer_epoch2(NODE0) | transfer_epoch2(NODE1) | NODE0 = NODE1
qcost : 9




=== Prime Orbit 161 =====================
size : 1
num_suborbits: 1
401 (*) : 000-000-------------------
401     : ['~ep_epoch0(node0)', '~ep_epoch0(node1)', '~ep_epoch1(node0)', '~ep_epoch1(node1)', '~ep_epoch2(node0)', '~ep_epoch2(node1)']
num_forall :   0
num_exists :   1
num_literals : 3
quantified form : exists NODE0. ep_epoch0(NODE0) | ep_epoch1(NODE0) | ep_epoch2(NODE0)
qcost : 4




=== Prime Orbit 162 =====================
size : 1
num_suborbits: 1
393 (*) : 00-000-0------------------
393     : ['~ep_epoch0(node0)', '~ep_epoch0(node1)', '~ep_epoch1(node0)', '~ep_epoch1(node1)', '~ep_epoch3(node0)', '~ep_epoch3(node1)']
num_forall :   0
num_exists :   1
num_literals : 3
quantified form : exists NODE0. ep_epoch0(NODE0) | ep_epoch1(NODE0) | ep_epoch3(NODE0)
qcost : 4




=== Prime Orbit 163 =====================
size : 2
num_suborbits: 1
372 (*) : 00-000---0----------------
372     : ['~ep_epoch0(node0)', '~ep_epoch0(node1)', '~ep_epoch1(node0)', '~ep_epoch1(node1)', '~ep_epoch3(node0)', '~held(node1)']
371     : 00--00-00-----------------
371     : ['~ep_epoch0(node0)', '~ep_epoch0(node1)', '~ep_epoch1(node0)', '~ep_epoch1(node1)', '~ep_epoch3(node1)', '~held(node0)']
num_forall :   2
num_exists :   0
num_literals : 7
quantified form : forall NODE1,NODE0. ep_epoch0(NODE0) | ep_epoch0(NODE1) | ep_epoch1(NODE0) | ep_epoch1(NODE1) | ep_epoch3(NODE1) | held(NODE0) | NODE0 = NODE1
qcost : 9




=== Prime Orbit 164 =====================
size : 2
num_suborbits: 1
395 (*) : 00-000-----------0--------
395     : ['~ep_epoch0(node0)', '~ep_epoch0(node1)', '~ep_epoch1(node0)', '~ep_epoch1(node1)', '~ep_epoch3(node0)', '~locked_epoch3(node1)']
394     : 00--00-0--------0---------
394     : ['~ep_epoch0(node0)', '~ep_epoch0(node1)', '~ep_epoch1(node0)', '~ep_epoch1(node1)', '~ep_epoch3(node1)', '~locked_epoch3(node0)']
num_forall :   2
num_exists :   0
num_literals : 7
quantified form : forall NODE1,NODE0. ep_epoch0(NODE0) | ep_epoch0(NODE1) | ep_epoch1(NODE0) | ep_epoch1(NODE1) | ep_epoch3(NODE1) | locked_epoch3(NODE0) | NODE0 = NODE1
qcost : 9




=== Prime Orbit 165 =====================
size : 1
num_suborbits: 1
360 (*) : 00--00--00----------------
360     : ['~ep_epoch0(node0)', '~ep_epoch0(node1)', '~ep_epoch1(node0)', '~ep_epoch1(node1)', '~held(node0)', '~held(node1)']
num_forall :   0
num_exists :   1
num_literals : 3
quantified form : exists NODE0. ep_epoch0(NODE0) | ep_epoch1(NODE0) | held(NODE0)
qcost : 4




=== Prime Orbit 166 =====================
size : 2
num_suborbits: 1
369 (*) : 00--00--0--------0--------
369     : ['~ep_epoch0(node0)', '~ep_epoch0(node1)', '~ep_epoch1(node0)', '~ep_epoch1(node1)', '~held(node0)', '~locked_epoch3(node1)']
370     : 00--00---0------0---------
370     : ['~ep_epoch0(node0)', '~ep_epoch0(node1)', '~ep_epoch1(node0)', '~ep_epoch1(node1)', '~held(node1)', '~locked_epoch3(node0)']
num_forall :   2
num_exists :   0
num_literals : 7
quantified form : forall NODE1,NODE0. ep_epoch0(NODE0) | ep_epoch0(NODE1) | ep_epoch1(NODE0) | ep_epoch1(NODE1) | held(NODE0) | locked_epoch3(NODE1) | NODE0 = NODE1
qcost : 9




=== Prime Orbit 167 =====================
size : 1
num_suborbits: 1
396 (*) : 00--00----------00--------
396     : ['~ep_epoch0(node0)', '~ep_epoch0(node1)', '~ep_epoch1(node0)', '~ep_epoch1(node1)', '~locked_epoch3(node0)', '~locked_epoch3(node1)']
num_forall :   0
num_exists :   1
num_literals : 3
quantified form : exists NODE0. ep_epoch0(NODE0) | ep_epoch1(NODE0) | locked_epoch3(NODE0)
qcost : 4




=== Prime Orbit 168 =====================
size : 1
num_suborbits: 1
404 (*) : 0-000-00------------------
404     : ['~ep_epoch0(node0)', '~ep_epoch0(node1)', '~ep_epoch2(node0)', '~ep_epoch2(node1)', '~ep_epoch3(node0)', '~ep_epoch3(node1)']
num_forall :   0
num_exists :   1
num_literals : 3
quantified form : exists NODE0. ep_epoch0(NODE0) | ep_epoch2(NODE0) | ep_epoch3(NODE0)
qcost : 4




=== Prime Orbit 169 =====================
size : 2
num_suborbits: 1
382 (*) : 0-000-0--0----------------
382     : ['~ep_epoch0(node0)', '~ep_epoch0(node1)', '~ep_epoch2(node0)', '~ep_epoch2(node1)', '~ep_epoch3(node0)', '~held(node1)']
381     : 0-0-0-000-----------------
381     : ['~ep_epoch0(node0)', '~ep_epoch0(node1)', '~ep_epoch2(node0)', '~ep_epoch2(node1)', '~ep_epoch3(node1)', '~held(node0)']
num_forall :   2
num_exists :   0
num_literals : 7
quantified form : forall NODE1,NODE0. ep_epoch0(NODE0) | ep_epoch0(NODE1) | ep_epoch2(NODE0) | ep_epoch2(NODE1) | ep_epoch3(NODE1) | held(NODE0) | NODE0 = NODE1
qcost : 9




=== Prime Orbit 170 =====================
size : 2
num_suborbits: 1
403 (*) : 0-000-0----------0--------
403     : ['~ep_epoch0(node0)', '~ep_epoch0(node1)', '~ep_epoch2(node0)', '~ep_epoch2(node1)', '~ep_epoch3(node0)', '~locked_epoch3(node1)']
402     : 0-0-0-00--------0---------
402     : ['~ep_epoch0(node0)', '~ep_epoch0(node1)', '~ep_epoch2(node0)', '~ep_epoch2(node1)', '~ep_epoch3(node1)', '~locked_epoch3(node0)']
num_forall :   2
num_exists :   0
num_literals : 7
quantified form : forall NODE1,NODE0. ep_epoch0(NODE0) | ep_epoch0(NODE1) | ep_epoch2(NODE0) | ep_epoch2(NODE1) | ep_epoch3(NODE1) | locked_epoch3(NODE0) | NODE0 = NODE1
qcost : 9




=== Prime Orbit 171 =====================
size : 1
num_suborbits: 1
363 (*) : 0-0-0-0-00----------------
363     : ['~ep_epoch0(node0)', '~ep_epoch0(node1)', '~ep_epoch2(node0)', '~ep_epoch2(node1)', '~held(node0)', '~held(node1)']
num_forall :   0
num_exists :   1
num_literals : 3
quantified form : exists NODE0. ep_epoch0(NODE0) | ep_epoch2(NODE0) | held(NODE0)
qcost : 4




=== Prime Orbit 172 =====================
size : 2
num_suborbits: 1
379 (*) : 0-0-0-0-0--------0--------
379     : ['~ep_epoch0(node0)', '~ep_epoch0(node1)', '~ep_epoch2(node0)', '~ep_epoch2(node1)', '~held(node0)', '~locked_epoch3(node1)']
380     : 0-0-0-0--0------0---------
380     : ['~ep_epoch0(node0)', '~ep_epoch0(node1)', '~ep_epoch2(node0)', '~ep_epoch2(node1)', '~held(node1)', '~locked_epoch3(node0)']
num_forall :   2
num_exists :   0
num_literals : 7
quantified form : forall NODE1,NODE0. ep_epoch0(NODE0) | ep_epoch0(NODE1) | ep_epoch2(NODE0) | ep_epoch2(NODE1) | held(NODE0) | locked_epoch3(NODE1) | NODE0 = NODE1
qcost : 9




=== Prime Orbit 173 =====================
size : 1
num_suborbits: 1
405 (*) : 0-0-0-0---------00--------
405     : ['~ep_epoch0(node0)', '~ep_epoch0(node1)', '~ep_epoch2(node0)', '~ep_epoch2(node1)', '~locked_epoch3(node0)', '~locked_epoch3(node1)']
num_forall :   0
num_exists :   1
num_literals : 3
quantified form : exists NODE0. ep_epoch0(NODE0) | ep_epoch2(NODE0) | locked_epoch3(NODE0)
qcost : 4




=== Prime Orbit 174 =====================
size : 1
num_suborbits: 1
362 (*) : 0---0---00--------------00
362     : ['~ep_epoch0(node0)', '~ep_epoch0(node1)', '~held(node0)', '~held(node1)', '~transfer_epoch3(node0)', '~transfer_epoch3(node1)']
num_forall :   0
num_exists :   1
num_literals : 3
quantified form : exists NODE0. ep_epoch0(NODE0) | held(NODE0) | transfer_epoch3(NODE0)
qcost : 4




=== Prime Orbit 175 =====================
size : 2
num_suborbits: 1
391 (*) : 00-----00---------------00
391     : ['~ep_epoch0(node0)', '~ep_epoch1(node0)', '~ep_epoch3(node1)', '~held(node0)', '~transfer_epoch3(node0)', '~transfer_epoch3(node1)']
392     : ---000---0--------------00
392     : ['~ep_epoch0(node1)', '~ep_epoch1(node1)', '~ep_epoch3(node0)', '~held(node1)', '~transfer_epoch3(node0)', '~transfer_epoch3(node1)']
num_forall :   2
num_exists :   0
num_literals : 7
quantified form : forall NODE1,NODE0. ep_epoch0(NODE0) | ep_epoch1(NODE0) | ep_epoch3(NODE1) | held(NODE0) | transfer_epoch3(NODE0) | transfer_epoch3(NODE1) | NODE0 = NODE1
qcost : 9




=== Prime Orbit 176 =====================
size : 2
num_suborbits: 1
358 (*) : 00------00--------------00
358     : ['~ep_epoch0(node0)', '~ep_epoch1(node0)', '~held(node0)', '~held(node1)', '~transfer_epoch3(node0)', '~transfer_epoch3(node1)']
359     : ----00--00--------------00
359     : ['~ep_epoch0(node1)', '~ep_epoch1(node1)', '~held(node0)', '~held(node1)', '~transfer_epoch3(node0)', '~transfer_epoch3(node1)']
num_forall :   2
num_exists :   0
num_literals : 7
quantified form : forall NODE1,NODE0. ep_epoch0(NODE0) | ep_epoch1(NODE0) | held(NODE0) | held(NODE1) | transfer_epoch3(NODE0) | transfer_epoch3(NODE1) | NODE0 = NODE1
qcost : 9




=== Prime Orbit 177 =====================
size : 2
num_suborbits: 1
389 (*) : 00------0--------0------00
389     : ['~ep_epoch0(node0)', '~ep_epoch1(node0)', '~held(node0)', '~locked_epoch3(node1)', '~transfer_epoch3(node0)', '~transfer_epoch3(node1)']
390     : ----00---0------0-------00
390     : ['~ep_epoch0(node1)', '~ep_epoch1(node1)', '~held(node1)', '~locked_epoch3(node0)', '~transfer_epoch3(node0)', '~transfer_epoch3(node1)']
num_forall :   2
num_exists :   0
num_literals : 7
quantified form : forall NODE1,NODE0. ep_epoch0(NODE0) | ep_epoch1(NODE0) | held(NODE0) | locked_epoch3(NODE1) | transfer_epoch3(NODE0) | transfer_epoch3(NODE1) | NODE0 = NODE1
qcost : 9




=== Prime Orbit 178 =====================
size : 2
num_suborbits: 1
383 (*) : 0-0-----0------0------00--
383     : ['~ep_epoch0(node0)', '~ep_epoch2(node0)', '~held(node0)', '~locked_epoch2(node1)', '~transfer_epoch2(node0)', '~transfer_epoch2(node1)']
384     : ----0-0--0----0-------00--
384     : ['~ep_epoch0(node1)', '~ep_epoch2(node1)', '~held(node1)', '~locked_epoch2(node0)', '~transfer_epoch2(node0)', '~transfer_epoch2(node1)']
num_forall :   2
num_exists :   0
num_literals : 7
quantified form : forall NODE1,NODE0. ep_epoch0(NODE0) | ep_epoch2(NODE0) | held(NODE0) | locked_epoch2(NODE1) | transfer_epoch2(NODE0) | transfer_epoch2(NODE1) | NODE0 = NODE1
qcost : 9




=== Prime Orbit 179 =====================
size : 2
num_suborbits: 1
385 (*) : 0-------0-----00------00--
385     : ['~ep_epoch0(node0)', '~held(node0)', '~locked_epoch2(node0)', '~locked_epoch2(node1)', '~transfer_epoch2(node0)', '~transfer_epoch2(node1)']
386     : ----0----0----00------00--
386     : ['~ep_epoch0(node1)', '~held(node1)', '~locked_epoch2(node0)', '~locked_epoch2(node1)', '~transfer_epoch2(node0)', '~transfer_epoch2(node1)']
num_forall :   2
num_exists :   0
num_literals : 7
quantified form : forall NODE1,NODE0. ep_epoch0(NODE0) | held(NODE0) | locked_epoch2(NODE0) | locked_epoch2(NODE1) | transfer_epoch2(NODE0) | transfer_epoch2(NODE1) | NODE0 = NODE1
qcost : 9




=== Prime Orbit 180 =====================
size : 1
num_suborbits: 1
397 (*) : -000-000------------------
397     : ['~ep_epoch1(node0)', '~ep_epoch1(node1)', '~ep_epoch2(node0)', '~ep_epoch2(node1)', '~ep_epoch3(node0)', '~ep_epoch3(node1)']
num_forall :   0
num_exists :   1
num_literals : 3
quantified form : exists NODE0. ep_epoch1(NODE0) | ep_epoch2(NODE0) | ep_epoch3(NODE0)
qcost : 4




=== Prime Orbit 181 =====================
size : 2
num_suborbits: 1
374 (*) : -000-00--0----------------
374     : ['~ep_epoch1(node0)', '~ep_epoch1(node1)', '~ep_epoch2(node0)', '~ep_epoch2(node1)', '~ep_epoch3(node0)', '~held(node1)']
373     : -00--0000-----------------
373     : ['~ep_epoch1(node0)', '~ep_epoch1(node1)', '~ep_epoch2(node0)', '~ep_epoch2(node1)', '~ep_epoch3(node1)', '~held(node0)']
num_forall :   2
num_exists :   0
num_literals : 7
quantified form : forall NODE1,NODE0. ep_epoch1(NODE0) | ep_epoch1(NODE1) | ep_epoch2(NODE0) | ep_epoch2(NODE1) | ep_epoch3(NODE1) | held(NODE0) | NODE0 = NODE1
qcost : 9




=== Prime Orbit 182 =====================
size : 2
num_suborbits: 1
399 (*) : -000-00----------0--------
399     : ['~ep_epoch1(node0)', '~ep_epoch1(node1)', '~ep_epoch2(node0)', '~ep_epoch2(node1)', '~ep_epoch3(node0)', '~locked_epoch3(node1)']
398     : -00--000--------0---------
398     : ['~ep_epoch1(node0)', '~ep_epoch1(node1)', '~ep_epoch2(node0)', '~ep_epoch2(node1)', '~ep_epoch3(node1)', '~locked_epoch3(node0)']
num_forall :   2
num_exists :   0
num_literals : 7
quantified form : forall NODE1,NODE0. ep_epoch1(NODE0) | ep_epoch1(NODE1) | ep_epoch2(NODE0) | ep_epoch2(NODE1) | ep_epoch3(NODE1) | locked_epoch3(NODE0) | NODE0 = NODE1
qcost : 9




=== Prime Orbit 183 =====================
size : 1
num_suborbits: 1
366 (*) : -00--00-00----------------
366     : ['~ep_epoch1(node0)', '~ep_epoch1(node1)', '~ep_epoch2(node0)', '~ep_epoch2(node1)', '~held(node0)', '~held(node1)']
num_forall :   0
num_exists :   1
num_literals : 3
quantified form : exists NODE0. ep_epoch1(NODE0) | ep_epoch2(NODE0) | held(NODE0)
qcost : 4




=== Prime Orbit 184 =====================
size : 2
num_suborbits: 1
375 (*) : -00--00-0--------0--------
375     : ['~ep_epoch1(node0)', '~ep_epoch1(node1)', '~ep_epoch2(node0)', '~ep_epoch2(node1)', '~held(node0)', '~locked_epoch3(node1)']
376     : -00--00--0------0---------
376     : ['~ep_epoch1(node0)', '~ep_epoch1(node1)', '~ep_epoch2(node0)', '~ep_epoch2(node1)', '~held(node1)', '~locked_epoch3(node0)']
num_forall :   2
num_exists :   0
num_literals : 7
quantified form : forall NODE1,NODE0. ep_epoch1(NODE0) | ep_epoch1(NODE1) | ep_epoch2(NODE0) | ep_epoch2(NODE1) | held(NODE0) | locked_epoch3(NODE1) | NODE0 = NODE1
qcost : 9




=== Prime Orbit 185 =====================
size : 1
num_suborbits: 1
400 (*) : -00--00---------00--------
400     : ['~ep_epoch1(node0)', '~ep_epoch1(node1)', '~ep_epoch2(node0)', '~ep_epoch2(node1)', '~locked_epoch3(node0)', '~locked_epoch3(node1)']
num_forall :   0
num_exists :   1
num_literals : 3
quantified form : exists NODE0. ep_epoch1(NODE0) | ep_epoch2(NODE0) | locked_epoch3(NODE0)
qcost : 4




=== Prime Orbit 186 =====================
size : 1
num_suborbits: 1
357 (*) : -0---0--00--------------00
357     : ['~ep_epoch1(node0)', '~ep_epoch1(node1)', '~held(node0)', '~held(node1)', '~transfer_epoch3(node0)', '~transfer_epoch3(node1)']
num_forall :   0
num_exists :   1
num_literals : 3
quantified form : exists NODE0. ep_epoch1(NODE0) | held(NODE0) | transfer_epoch3(NODE0)
qcost : 4




=== Prime Orbit 187 =====================
size : 2
num_suborbits: 1
378 (*) : -0----0--0----0-------00--
378     : ['~ep_epoch1(node0)', '~ep_epoch2(node1)', '~held(node1)', '~locked_epoch2(node0)', '~transfer_epoch2(node0)', '~transfer_epoch2(node1)']
377     : --0--0--0------0------00--
377     : ['~ep_epoch1(node1)', '~ep_epoch2(node0)', '~held(node0)', '~locked_epoch2(node1)', '~transfer_epoch2(node0)', '~transfer_epoch2(node1)']
num_forall :   2
num_exists :   0
num_literals : 7
quantified form : forall NODE1,NODE0. ep_epoch1(NODE0) | ep_epoch2(NODE1) | held(NODE1) | locked_epoch2(NODE0) | transfer_epoch2(NODE0) | transfer_epoch2(NODE1) | NODE0 = NODE1
qcost : 9




=== Prime Orbit 188 =====================
size : 2
num_suborbits: 1
388 (*) : -0-------0----00------00--
388     : ['~ep_epoch1(node0)', '~held(node1)', '~locked_epoch2(node0)', '~locked_epoch2(node1)', '~transfer_epoch2(node0)', '~transfer_epoch2(node1)']
387     : -----0--0-----00------00--
387     : ['~ep_epoch1(node1)', '~held(node0)', '~locked_epoch2(node0)', '~locked_epoch2(node1)', '~transfer_epoch2(node0)', '~transfer_epoch2(node1)']
num_forall :   2
num_exists :   0
num_literals : 7
quantified form : forall NODE1,NODE0. ep_epoch1(NODE0) | held(NODE1) | locked_epoch2(NODE0) | locked_epoch2(NODE1) | transfer_epoch2(NODE0) | transfer_epoch2(NODE1) | NODE0 = NODE1
qcost : 9




=== Prime Orbit 189 =====================
size : 1
num_suborbits: 1
367 (*) : --0---0-00------------00--
367     : ['~ep_epoch2(node0)', '~ep_epoch2(node1)', '~held(node0)', '~held(node1)', '~transfer_epoch2(node0)', '~transfer_epoch2(node1)']
num_forall :   0
num_exists :   1
num_literals : 3
quantified form : exists NODE0. ep_epoch2(NODE0) | held(NODE0) | transfer_epoch2(NODE0)
qcost : 4




=== Prime Orbit 190 =====================
size : 2
num_suborbits: 1
365 (*) : --0-----00-----0------00--
365     : ['~ep_epoch2(node0)', '~held(node0)', '~held(node1)', '~locked_epoch2(node1)', '~transfer_epoch2(node0)', '~transfer_epoch2(node1)']
364     : ------0-00----0-------00--
364     : ['~ep_epoch2(node1)', '~held(node0)', '~held(node1)', '~locked_epoch2(node0)', '~transfer_epoch2(node0)', '~transfer_epoch2(node1)']
num_forall :   2
num_exists :   0
num_literals : 7
quantified form : forall NODE1,NODE0. ep_epoch2(NODE0) | held(NODE0) | held(NODE1) | locked_epoch2(NODE1) | transfer_epoch2(NODE0) | transfer_epoch2(NODE1) | NODE0 = NODE1
qcost : 9




=== Prime Orbit 191 =====================
size : 1
num_suborbits: 1
368 (*) : --------00----00------00--
368     : ['~held(node0)', '~held(node1)', '~locked_epoch2(node0)', '~locked_epoch2(node1)', '~transfer_epoch2(node0)', '~transfer_epoch2(node1)']
num_forall :   0
num_exists :   1
num_literals : 3
quantified form : exists NODE0. held(NODE0) | locked_epoch2(NODE0) | transfer_epoch2(NODE0)
qcost : 4




=== Prime Orbit 192 =====================
size : 1
num_suborbits: 1
361 (*) : --------00------------0000
361     : ['~held(node0)', '~held(node1)', '~transfer_epoch2(node0)', '~transfer_epoch2(node1)', '~transfer_epoch3(node0)', '~transfer_epoch3(node1)']
num_forall :   0
num_exists :   1
num_literals : 3
quantified form : exists NODE0. held(NODE0) | transfer_epoch2(NODE0) | transfer_epoch3(NODE0)
qcost : 4




=== Prime Orbit 193 =====================
size : 2
num_suborbits: 1
431 (*) : 0-000----0--------------00
431     : ['~ep_epoch0(node0)', '~ep_epoch0(node1)', '~ep_epoch2(node0)', '~ep_epoch3(node0)', '~held(node1)', '~transfer_epoch3(node0)', '~transfer_epoch3(node1)']
430     : 0---0-000---------------00
430     : ['~ep_epoch0(node0)', '~ep_epoch0(node1)', '~ep_epoch2(node1)', '~ep_epoch3(node1)', '~held(node0)', '~transfer_epoch3(node0)', '~transfer_epoch3(node1)']
num_forall :   2
num_exists :   0
num_literals : 8
quantified form : forall NODE1,NODE0. ep_epoch0(NODE0) | ep_epoch0(NODE1) | ep_epoch2(NODE1) | ep_epoch3(NODE1) | held(NODE0) | transfer_epoch3(NODE0) | transfer_epoch3(NODE1) | NODE0 = NODE1
qcost : 10




=== Prime Orbit 194 =====================
size : 2
num_suborbits: 1
433 (*) : 0-0-0----0------0-------00
433     : ['~ep_epoch0(node0)', '~ep_epoch0(node1)', '~ep_epoch2(node0)', '~held(node1)', '~locked_epoch3(node0)', '~transfer_epoch3(node0)', '~transfer_epoch3(node1)']
432     : 0---0-0-0--------0------00
432     : ['~ep_epoch0(node0)', '~ep_epoch0(node1)', '~ep_epoch2(node1)', '~held(node0)', '~locked_epoch3(node1)', '~transfer_epoch3(node0)', '~transfer_epoch3(node1)']
num_forall :   2
num_exists :   0
num_literals : 8
quantified form : forall NODE1,NODE0. ep_epoch0(NODE0) | ep_epoch0(NODE1) | ep_epoch2(NODE1) | held(NODE0) | locked_epoch3(NODE1) | transfer_epoch3(NODE0) | transfer_epoch3(NODE1) | NODE0 = NODE1
qcost : 10




=== Prime Orbit 195 =====================
size : 2
num_suborbits: 1
435 (*) : 0--00----0----0---------00
435     : ['~ep_epoch0(node0)', '~ep_epoch0(node1)', '~ep_epoch3(node0)', '~held(node1)', '~locked_epoch2(node0)', '~transfer_epoch3(node0)', '~transfer_epoch3(node1)']
434     : 0---0--00------0--------00
434     : ['~ep_epoch0(node0)', '~ep_epoch0(node1)', '~ep_epoch3(node1)', '~held(node0)', '~locked_epoch2(node1)', '~transfer_epoch3(node0)', '~transfer_epoch3(node1)']
num_forall :   2
num_exists :   0
num_literals : 8
quantified form : forall NODE1,NODE0. ep_epoch0(NODE0) | ep_epoch0(NODE1) | ep_epoch3(NODE1) | held(NODE0) | locked_epoch2(NODE1) | transfer_epoch3(NODE0) | transfer_epoch3(NODE1) | NODE0 = NODE1
qcost : 10




=== Prime Orbit 196 =====================
size : 2
num_suborbits: 1
436 (*) : 0---0---0------0-0------00
436     : ['~ep_epoch0(node0)', '~ep_epoch0(node1)', '~held(node0)', '~locked_epoch2(node1)', '~locked_epoch3(node1)', '~transfer_epoch3(node0)', '~transfer_epoch3(node1)']
437     : 0---0----0----0-0-------00
437     : ['~ep_epoch0(node0)', '~ep_epoch0(node1)', '~held(node1)', '~locked_epoch2(node0)', '~locked_epoch3(node0)', '~transfer_epoch3(node0)', '~transfer_epoch3(node1)']
num_forall :   2
num_exists :   0
num_literals : 8
quantified form : forall NODE1,NODE0. ep_epoch0(NODE0) | ep_epoch0(NODE1) | held(NODE0) | locked_epoch2(NODE1) | locked_epoch3(NODE1) | transfer_epoch3(NODE0) | transfer_epoch3(NODE1) | NODE0 = NODE1
qcost : 10




=== Prime Orbit 197 =====================
size : 2
num_suborbits: 1
427 (*) : 0-0---000-------------00--
427     : ['~ep_epoch0(node0)', '~ep_epoch2(node0)', '~ep_epoch2(node1)', '~ep_epoch3(node1)', '~held(node0)', '~transfer_epoch2(node0)', '~transfer_epoch2(node1)']
426     : --000-0--0------------00--
426     : ['~ep_epoch0(node1)', '~ep_epoch2(node0)', '~ep_epoch2(node1)', '~ep_epoch3(node0)', '~held(node1)', '~transfer_epoch2(node0)', '~transfer_epoch2(node1)']
num_forall :   2
num_exists :   0
num_literals : 8
quantified form : forall NODE1,NODE0. ep_epoch0(NODE0) | ep_epoch2(NODE0) | ep_epoch2(NODE1) | ep_epoch3(NODE1) | held(NODE0) | transfer_epoch2(NODE0) | transfer_epoch2(NODE1) | NODE0 = NODE1
qcost : 10




=== Prime Orbit 198 =====================
size : 2
num_suborbits: 1
429 (*) : 0-0---0-0--------0----00--
429     : ['~ep_epoch0(node0)', '~ep_epoch2(node0)', '~ep_epoch2(node1)', '~held(node0)', '~locked_epoch3(node1)', '~transfer_epoch2(node0)', '~transfer_epoch2(node1)']
428     : --0-0-0--0------0-----00--
428     : ['~ep_epoch0(node1)', '~ep_epoch2(node0)', '~ep_epoch2(node1)', '~held(node1)', '~locked_epoch3(node0)', '~transfer_epoch2(node0)', '~transfer_epoch2(node1)']
num_forall :   2
num_exists :   0
num_literals : 8
quantified form : forall NODE1,NODE0. ep_epoch0(NODE0) | ep_epoch2(NODE0) | ep_epoch2(NODE1) | held(NODE0) | locked_epoch3(NODE1) | transfer_epoch2(NODE0) | transfer_epoch2(NODE1) | NODE0 = NODE1
qcost : 10




=== Prime Orbit 199 =====================
size : 2
num_suborbits: 1
423 (*) : 0-----000-----0-------00--
423     : ['~ep_epoch0(node0)', '~ep_epoch2(node1)', '~ep_epoch3(node1)', '~held(node0)', '~locked_epoch2(node0)', '~transfer_epoch2(node0)', '~transfer_epoch2(node1)']
422     : --000----0-----0------00--
422     : ['~ep_epoch0(node1)', '~ep_epoch2(node0)', '~ep_epoch3(node0)', '~held(node1)', '~locked_epoch2(node1)', '~transfer_epoch2(node0)', '~transfer_epoch2(node1)']
num_forall :   2
num_exists :   0
num_literals : 8
quantified form : forall NODE1,NODE0. ep_epoch0(NODE0) | ep_epoch2(NODE1) | ep_epoch3(NODE1) | held(NODE0) | locked_epoch2(NODE0) | transfer_epoch2(NODE0) | transfer_epoch2(NODE1) | NODE0 = NODE1
qcost : 10




=== Prime Orbit 200 =====================
size : 2
num_suborbits: 1
425 (*) : 0-----0-0-----0--0----00--
425     : ['~ep_epoch0(node0)', '~ep_epoch2(node1)', '~held(node0)', '~locked_epoch2(node0)', '~locked_epoch3(node1)', '~transfer_epoch2(node0)', '~transfer_epoch2(node1)']
424     : --0-0----0-----00-----00--
424     : ['~ep_epoch0(node1)', '~ep_epoch2(node0)', '~held(node1)', '~locked_epoch2(node1)', '~locked_epoch3(node0)', '~transfer_epoch2(node0)', '~transfer_epoch2(node1)']
num_forall :   2
num_exists :   0
num_literals : 8
quantified form : forall NODE1,NODE0. ep_epoch0(NODE0) | ep_epoch2(NODE1) | held(NODE0) | locked_epoch2(NODE0) | locked_epoch3(NODE1) | transfer_epoch2(NODE0) | transfer_epoch2(NODE1) | NODE0 = NODE1
qcost : 10




=== Prime Orbit 201 =====================
size : 2
num_suborbits: 1
407 (*) : -000-0---0--------------00
407     : ['~ep_epoch1(node0)', '~ep_epoch1(node1)', '~ep_epoch2(node0)', '~ep_epoch3(node0)', '~held(node1)', '~transfer_epoch3(node0)', '~transfer_epoch3(node1)']
406     : -0---0000---------------00
406     : ['~ep_epoch1(node0)', '~ep_epoch1(node1)', '~ep_epoch2(node1)', '~ep_epoch3(node1)', '~held(node0)', '~transfer_epoch3(node0)', '~transfer_epoch3(node1)']
num_forall :   2
num_exists :   0
num_literals : 8
quantified form : forall NODE1,NODE0. ep_epoch1(NODE0) | ep_epoch1(NODE1) | ep_epoch2(NODE1) | ep_epoch3(NODE1) | held(NODE0) | transfer_epoch3(NODE0) | transfer_epoch3(NODE1) | NODE0 = NODE1
qcost : 10




=== Prime Orbit 202 =====================
size : 2
num_suborbits: 1
417 (*) : -00--0---0------0-------00
417     : ['~ep_epoch1(node0)', '~ep_epoch1(node1)', '~ep_epoch2(node0)', '~held(node1)', '~locked_epoch3(node0)', '~transfer_epoch3(node0)', '~transfer_epoch3(node1)']
416     : -0---00-0--------0------00
416     : ['~ep_epoch1(node0)', '~ep_epoch1(node1)', '~ep_epoch2(node1)', '~held(node0)', '~locked_epoch3(node1)', '~transfer_epoch3(node0)', '~transfer_epoch3(node1)']
num_forall :   2
num_exists :   0
num_literals : 8
quantified form : forall NODE1,NODE0. ep_epoch1(NODE0) | ep_epoch1(NODE1) | ep_epoch2(NODE1) | held(NODE0) | locked_epoch3(NODE1) | transfer_epoch3(NODE0) | transfer_epoch3(NODE1) | NODE0 = NODE1
qcost : 10




=== Prime Orbit 203 =====================
size : 2
num_suborbits: 1
419 (*) : -0-0-0---0----0---------00
419     : ['~ep_epoch1(node0)', '~ep_epoch1(node1)', '~ep_epoch3(node0)', '~held(node1)', '~locked_epoch2(node0)', '~transfer_epoch3(node0)', '~transfer_epoch3(node1)']
418     : -0---0-00------0--------00
418     : ['~ep_epoch1(node0)', '~ep_epoch1(node1)', '~ep_epoch3(node1)', '~held(node0)', '~locked_epoch2(node1)', '~transfer_epoch3(node0)', '~transfer_epoch3(node1)']
num_forall :   2
num_exists :   0
num_literals : 8
quantified form : forall NODE1,NODE0. ep_epoch1(NODE0) | ep_epoch1(NODE1) | ep_epoch3(NODE1) | held(NODE0) | locked_epoch2(NODE1) | transfer_epoch3(NODE0) | transfer_epoch3(NODE1) | NODE0 = NODE1
qcost : 10




=== Prime Orbit 204 =====================
size : 2
num_suborbits: 1
420 (*) : -0---0--0------0-0------00
420     : ['~ep_epoch1(node0)', '~ep_epoch1(node1)', '~held(node0)', '~locked_epoch2(node1)', '~locked_epoch3(node1)', '~transfer_epoch3(node0)', '~transfer_epoch3(node1)']
421     : -0---0---0----0-0-------00
421     : ['~ep_epoch1(node0)', '~ep_epoch1(node1)', '~held(node1)', '~locked_epoch2(node0)', '~locked_epoch3(node0)', '~transfer_epoch3(node0)', '~transfer_epoch3(node1)']
num_forall :   2
num_exists :   0
num_literals : 8
quantified form : forall NODE1,NODE0. ep_epoch1(NODE0) | ep_epoch1(NODE1) | held(NODE0) | locked_epoch2(NODE1) | locked_epoch3(NODE1) | transfer_epoch3(NODE0) | transfer_epoch3(NODE1) | NODE0 = NODE1
qcost : 10




=== Prime Orbit 205 =====================
size : 2
num_suborbits: 1
413 (*) : -000--0--0------------00--
413     : ['~ep_epoch1(node0)', '~ep_epoch2(node0)', '~ep_epoch2(node1)', '~ep_epoch3(node0)', '~held(node1)', '~transfer_epoch2(node0)', '~transfer_epoch2(node1)']
412     : --0--0000-------------00--
412     : ['~ep_epoch1(node1)', '~ep_epoch2(node0)', '~ep_epoch2(node1)', '~ep_epoch3(node1)', '~held(node0)', '~transfer_epoch2(node0)', '~transfer_epoch2(node1)']
num_forall :   2
num_exists :   0
num_literals : 8
quantified form : forall NODE1,NODE0. ep_epoch1(NODE0) | ep_epoch2(NODE0) | ep_epoch2(NODE1) | ep_epoch3(NODE0) | held(NODE1) | transfer_epoch2(NODE0) | transfer_epoch2(NODE1) | NODE0 = NODE1
qcost : 10




=== Prime Orbit 206 =====================
size : 2
num_suborbits: 1
415 (*) : -00---0--0------0-----00--
415     : ['~ep_epoch1(node0)', '~ep_epoch2(node0)', '~ep_epoch2(node1)', '~held(node1)', '~locked_epoch3(node0)', '~transfer_epoch2(node0)', '~transfer_epoch2(node1)']
414     : --0--00-0--------0----00--
414     : ['~ep_epoch1(node1)', '~ep_epoch2(node0)', '~ep_epoch2(node1)', '~held(node0)', '~locked_epoch3(node1)', '~transfer_epoch2(node0)', '~transfer_epoch2(node1)']
num_forall :   2
num_exists :   0
num_literals : 8
quantified form : forall NODE1,NODE0. ep_epoch1(NODE0) | ep_epoch2(NODE0) | ep_epoch2(NODE1) | held(NODE1) | locked_epoch3(NODE0) | transfer_epoch2(NODE0) | transfer_epoch2(NODE1) | NODE0 = NODE1
qcost : 10




=== Prime Orbit 207 =====================
size : 2
num_suborbits: 1
409 (*) : -000-----0-----0------00--
409     : ['~ep_epoch1(node0)', '~ep_epoch2(node0)', '~ep_epoch3(node0)', '~held(node1)', '~locked_epoch2(node1)', '~transfer_epoch2(node0)', '~transfer_epoch2(node1)']
408     : -----0000-----0-------00--
408     : ['~ep_epoch1(node1)', '~ep_epoch2(node1)', '~ep_epoch3(node1)', '~held(node0)', '~locked_epoch2(node0)', '~transfer_epoch2(node0)', '~transfer_epoch2(node1)']
num_forall :   2
num_exists :   0
num_literals : 8
quantified form : forall NODE1,NODE0. ep_epoch1(NODE0) | ep_epoch2(NODE0) | ep_epoch3(NODE0) | held(NODE1) | locked_epoch2(NODE1) | transfer_epoch2(NODE0) | transfer_epoch2(NODE1) | NODE0 = NODE1
qcost : 10




=== Prime Orbit 208 =====================
size : 2
num_suborbits: 1
411 (*) : -00------0-----00-----00--
411     : ['~ep_epoch1(node0)', '~ep_epoch2(node0)', '~held(node1)', '~locked_epoch2(node1)', '~locked_epoch3(node0)', '~transfer_epoch2(node0)', '~transfer_epoch2(node1)']
410     : -----00-0-----0--0----00--
410     : ['~ep_epoch1(node1)', '~ep_epoch2(node1)', '~held(node0)', '~locked_epoch2(node0)', '~locked_epoch3(node1)', '~transfer_epoch2(node0)', '~transfer_epoch2(node1)']
num_forall :   2
num_exists :   0
num_literals : 8
quantified form : forall NODE1,NODE0. ep_epoch1(NODE0) | ep_epoch2(NODE0) | held(NODE1) | locked_epoch2(NODE1) | locked_epoch3(NODE0) | transfer_epoch2(NODE0) | transfer_epoch2(NODE1) | NODE0 = NODE1
qcost : 10




=== Prime Orbit 209 =====================
size : 2
num_suborbits: 1
441 (*) : 0-----000-------------0000
441     : ['~ep_epoch0(node0)', '~ep_epoch2(node1)', '~ep_epoch3(node1)', '~held(node0)', '~transfer_epoch2(node0)', '~transfer_epoch2(node1)', '~transfer_epoch3(node0)', '~transfer_epoch3(node1)']
440     : --000----0------------0000
440     : ['~ep_epoch0(node1)', '~ep_epoch2(node0)', '~ep_epoch3(node0)', '~held(node1)', '~transfer_epoch2(node0)', '~transfer_epoch2(node1)', '~transfer_epoch3(node0)', '~transfer_epoch3(node1)']
num_forall :   2
num_exists :   0
num_literals : 9
quantified form : forall NODE1,NODE0. ep_epoch0(NODE0) | ep_epoch2(NODE1) | ep_epoch3(NODE1) | held(NODE0) | transfer_epoch2(NODE0) | transfer_epoch2(NODE1) | transfer_epoch3(NODE0) | transfer_epoch3(NODE1) | NODE0 = NODE1
qcost : 11




=== Prime Orbit 210 =====================
size : 2
num_suborbits: 1
443 (*) : 0-----0-0--------0----0000
443     : ['~ep_epoch0(node0)', '~ep_epoch2(node1)', '~held(node0)', '~locked_epoch3(node1)', '~transfer_epoch2(node0)', '~transfer_epoch2(node1)', '~transfer_epoch3(node0)', '~transfer_epoch3(node1)']
442     : --0-0----0------0-----0000
442     : ['~ep_epoch0(node1)', '~ep_epoch2(node0)', '~held(node1)', '~locked_epoch3(node0)', '~transfer_epoch2(node0)', '~transfer_epoch2(node1)', '~transfer_epoch3(node0)', '~transfer_epoch3(node1)']
num_forall :   2
num_exists :   0
num_literals : 9
quantified form : forall NODE1,NODE0. ep_epoch0(NODE0) | ep_epoch2(NODE1) | held(NODE0) | locked_epoch3(NODE1) | transfer_epoch2(NODE0) | transfer_epoch2(NODE1) | transfer_epoch3(NODE0) | transfer_epoch3(NODE1) | NODE0 = NODE1
qcost : 11




=== Prime Orbit 211 =====================
size : 2
num_suborbits: 1
439 (*) : 0------00------0------0000
439     : ['~ep_epoch0(node0)', '~ep_epoch3(node1)', '~held(node0)', '~locked_epoch2(node1)', '~transfer_epoch2(node0)', '~transfer_epoch2(node1)', '~transfer_epoch3(node0)', '~transfer_epoch3(node1)']
438     : ---00----0----0-------0000
438     : ['~ep_epoch0(node1)', '~ep_epoch3(node0)', '~held(node1)', '~locked_epoch2(node0)', '~transfer_epoch2(node0)', '~transfer_epoch2(node1)', '~transfer_epoch3(node0)', '~transfer_epoch3(node1)']
num_forall :   2
num_exists :   0
num_literals : 9
quantified form : forall NODE1,NODE0. ep_epoch0(NODE0) | ep_epoch3(NODE1) | held(NODE0) | locked_epoch2(NODE1) | transfer_epoch2(NODE0) | transfer_epoch2(NODE1) | transfer_epoch3(NODE0) | transfer_epoch3(NODE1) | NODE0 = NODE1
qcost : 11




=== Prime Orbit 212 =====================
size : 2
num_suborbits: 1
445 (*) : 0-------0------0-0----0000
445     : ['~ep_epoch0(node0)', '~held(node0)', '~locked_epoch2(node1)', '~locked_epoch3(node1)', '~transfer_epoch2(node0)', '~transfer_epoch2(node1)', '~transfer_epoch3(node0)', '~transfer_epoch3(node1)']
444     : ----0----0----0-0-----0000
444     : ['~ep_epoch0(node1)', '~held(node1)', '~locked_epoch2(node0)', '~locked_epoch3(node0)', '~transfer_epoch2(node0)', '~transfer_epoch2(node1)', '~transfer_epoch3(node0)', '~transfer_epoch3(node1)']
num_forall :   2
num_exists :   0
num_literals : 9
quantified form : forall NODE1,NODE0. ep_epoch0(NODE0) | held(NODE0) | locked_epoch2(NODE1) | locked_epoch3(NODE1) | transfer_epoch2(NODE0) | transfer_epoch2(NODE1) | transfer_epoch3(NODE0) | transfer_epoch3(NODE1) | NODE0 = NODE1
qcost : 11




=== Prime Orbit 213 =====================
size : 2
num_suborbits: 1
451 (*) : -000-----0------------0000
451     : ['~ep_epoch1(node0)', '~ep_epoch2(node0)', '~ep_epoch3(node0)', '~held(node1)', '~transfer_epoch2(node0)', '~transfer_epoch2(node1)', '~transfer_epoch3(node0)', '~transfer_epoch3(node1)']
450     : -----0000-------------0000
450     : ['~ep_epoch1(node1)', '~ep_epoch2(node1)', '~ep_epoch3(node1)', '~held(node0)', '~transfer_epoch2(node0)', '~transfer_epoch2(node1)', '~transfer_epoch3(node0)', '~transfer_epoch3(node1)']
num_forall :   2
num_exists :   0
num_literals : 9
quantified form : forall NODE1,NODE0. ep_epoch1(NODE0) | ep_epoch2(NODE0) | ep_epoch3(NODE0) | held(NODE1) | transfer_epoch2(NODE0) | transfer_epoch2(NODE1) | transfer_epoch3(NODE0) | transfer_epoch3(NODE1) | NODE0 = NODE1
qcost : 11




=== Prime Orbit 214 =====================
size : 2
num_suborbits: 1
453 (*) : -00------0------0-----0000
453     : ['~ep_epoch1(node0)', '~ep_epoch2(node0)', '~held(node1)', '~locked_epoch3(node0)', '~transfer_epoch2(node0)', '~transfer_epoch2(node1)', '~transfer_epoch3(node0)', '~transfer_epoch3(node1)']
452     : -----00-0--------0----0000
452     : ['~ep_epoch1(node1)', '~ep_epoch2(node1)', '~held(node0)', '~locked_epoch3(node1)', '~transfer_epoch2(node0)', '~transfer_epoch2(node1)', '~transfer_epoch3(node0)', '~transfer_epoch3(node1)']
num_forall :   2
num_exists :   0
num_literals : 9
quantified form : forall NODE1,NODE0. ep_epoch1(NODE0) | ep_epoch2(NODE0) | held(NODE1) | locked_epoch3(NODE0) | transfer_epoch2(NODE0) | transfer_epoch2(NODE1) | transfer_epoch3(NODE0) | transfer_epoch3(NODE1) | NODE0 = NODE1
qcost : 11




=== Prime Orbit 215 =====================
size : 2
num_suborbits: 1
447 (*) : -0-0-----0----0-------0000
447     : ['~ep_epoch1(node0)', '~ep_epoch3(node0)', '~held(node1)', '~locked_epoch2(node0)', '~transfer_epoch2(node0)', '~transfer_epoch2(node1)', '~transfer_epoch3(node0)', '~transfer_epoch3(node1)']
446     : -----0-00------0------0000
446     : ['~ep_epoch1(node1)', '~ep_epoch3(node1)', '~held(node0)', '~locked_epoch2(node1)', '~transfer_epoch2(node0)', '~transfer_epoch2(node1)', '~transfer_epoch3(node0)', '~transfer_epoch3(node1)']
num_forall :   2
num_exists :   0
num_literals : 9
quantified form : forall NODE1,NODE0. ep_epoch1(NODE0) | ep_epoch3(NODE0) | held(NODE1) | locked_epoch2(NODE0) | transfer_epoch2(NODE0) | transfer_epoch2(NODE1) | transfer_epoch3(NODE0) | transfer_epoch3(NODE1) | NODE0 = NODE1
qcost : 11




=== Prime Orbit 216 =====================
size : 2
num_suborbits: 1
449 (*) : -0-------0----0-0-----0000
449     : ['~ep_epoch1(node0)', '~held(node1)', '~locked_epoch2(node0)', '~locked_epoch3(node0)', '~transfer_epoch2(node0)', '~transfer_epoch2(node1)', '~transfer_epoch3(node0)', '~transfer_epoch3(node1)']
448     : -----0--0------0-0----0000
448     : ['~ep_epoch1(node1)', '~held(node0)', '~locked_epoch2(node1)', '~locked_epoch3(node1)', '~transfer_epoch2(node0)', '~transfer_epoch2(node1)', '~transfer_epoch3(node0)', '~transfer_epoch3(node1)']
num_forall :   2
num_exists :   0
num_literals : 9
quantified form : forall NODE1,NODE0. ep_epoch1(NODE0) | held(NODE1) | locked_epoch2(NODE0) | locked_epoch3(NODE0) | transfer_epoch2(NODE0) | transfer_epoch2(NODE1) | transfer_epoch3(NODE0) | transfer_epoch3(NODE1) | NODE0 = NODE1
qcost : 11



[QRM NOTE]: Time elapsed since start: 8.171 seconds

[QRM NOTE]: Time elapsed since last: 1.211 seconds

[QRM NOTE]: Peak memory: 1505034 bytes


=================================================================================================

	[OG]: Orbit Groups on [ivybench/total/ivy/distributed_lock_v2.ivy: node=2,epoch=4]

=================================================================================================

[QRM NOTE]: Time elapsed since start: 8.299 seconds

[QRM NOTE]: Time elapsed since last: 0.128 seconds

[QRM NOTE]: Peak memory: 1852137 bytes


==================================================================================================

	[MIN]: Minimization on [ivybench/total/ivy/distributed_lock_v2.ivy: node=2,epoch=4]

==================================================================================================


=================================================================================================================

	[MIN RESULT]: Minimized Invariants on [ivybench/total/ivy/distributed_lock_v2.ivy: node=2,epoch=4]

=================================================================================================================

[MIN NOTE]: number of minimal solution found: 1

[MIN NOTE]: upper bound: 41

[MIN NOTE]: maximum branch and bound depth: 7

[MIN NOTE]: number of definitions: 0

[MIN NOTE]: number of equality relations: 0

[MIN NOTE]: Solution 0 : [0, 1, 2, 3, 133, 8, 9, 10, 14, 15, 19, 29, 31, 32, 40, 41, 42, 192, 124, 33, 35, 39, 21, 28, 34, 36, 37]

[MIN NOTE]: solution length: 27

invariant [invar_0] forall NODE0. ~locked_epoch0(NODE0) # qcost: 2

invariant [invar_1] forall NODE0. ~locked_epoch1(NODE0) # qcost: 2

invariant [invar_2] forall NODE0. ~transfer_epoch0(NODE0) # qcost: 2

invariant [invar_3] forall NODE0. ~transfer_epoch1(NODE0) # qcost: 2

invariant [invar_133] exists NODE0. ep_epoch1(NODE0) | locked_epoch2(NODE0) # qcost: 3

invariant [invar_8] forall NODE0. ~ep_epoch0(NODE0) | ~held(NODE0) # qcost: 3

invariant [invar_9] forall NODE0. ~ep_epoch0(NODE0) | ~locked_epoch2(NODE0) # qcost: 3

invariant [invar_10] forall NODE0. ~ep_epoch0(NODE0) | ~locked_epoch3(NODE0) # qcost: 3

invariant [invar_14] forall NODE0. ~ep_epoch1(NODE0) | ~locked_epoch2(NODE0) # qcost: 3

invariant [invar_15] forall NODE0. ~ep_epoch1(NODE0) | ~locked_epoch3(NODE0) # qcost: 3

invariant [invar_19] forall NODE0. ~ep_epoch2(NODE0) | ~locked_epoch3(NODE0) # qcost: 3

invariant [invar_29] exists NODE0. ~held(NODE0) # qcost: 2

invariant [invar_31] forall NODE1,NODE0. ~held(NODE0) | ~transfer_epoch2(NODE1) # qcost: 4

invariant [invar_32] forall NODE1,NODE0. ~held(NODE0) | ~transfer_epoch3(NODE1) # qcost: 4

invariant [invar_40] exists NODE0. ~transfer_epoch2(NODE0) # qcost: 2

invariant [invar_41] forall NODE1,NODE0. ~transfer_epoch2(NODE0) | ~transfer_epoch3(NODE1) # qcost: 4

invariant [invar_42] exists NODE0. ~transfer_epoch3(NODE0) # qcost: 2

invariant [invar_192] exists NODE0. held(NODE0) | transfer_epoch2(NODE0) | transfer_epoch3(NODE0) # qcost: 4

invariant [invar_124] exists NODE0. ep_epoch0(NODE0) | locked_epoch2(NODE0) # qcost: 3

invariant [invar_33] exists NODE0. ~locked_epoch2(NODE0) # qcost: 2

invariant [invar_35] exists NODE0. ~locked_epoch3(NODE0) # qcost: 2

invariant [invar_39] forall NODE0. ~locked_epoch3(NODE0) | held(NODE0) # qcost: 3

invariant [invar_21] forall NODE0. ~ep_epoch2(NODE0) | locked_epoch2(NODE0) # qcost: 3

invariant [invar_28] forall NODE0. ~ep_epoch3(NODE0) | locked_epoch3(NODE0) # qcost: 3

invariant [invar_34] forall NODE1,NODE0. ~locked_epoch2(NODE0) | ~transfer_epoch2(NODE1) # qcost: 4

invariant [invar_36] forall NODE1,NODE0. ~locked_epoch3(NODE0) | ~transfer_epoch2(NODE1) # qcost: 4

invariant [invar_37] forall NODE1,NODE0. ~locked_epoch3(NODE0) | ~transfer_epoch3(NODE1) # qcost: 4

[MIN NOTE]: number of total invariants: 27

[MIN NOTE]: total qCost: 41




[QRM NOTE]: Time elapsed since start: 8.885 seconds

[QRM NOTE]: Time elapsed since last: 0.586 seconds

[QRM NOTE]: Peak memory: 1706350 bytes


====================================================================================================================

	[MIN_CHECK] Minimization Sanity Check on [ivybench/total/ivy/distributed_lock_v2.ivy: node=2,epoch=4]

====================================================================================================================

Minimization check for Solution 0

Found a representative state in Rmin not in reachability: decimal: 10205667231006481, binary: 00100100010000100000000000

State:
    ep_epoch2(node0)
    ep_epoch1(node1)
    held(node1)
    locked_epoch2(node0)

Found a representative state in Rmin not in reachability: decimal: 20266200772640529, binary: 01001000000000000000000010

State:
    ep_epoch1(node0)
    ep_epoch0(node1)
    transfer_epoch3(node0)

Found a representative state in Rmin not in reachability: decimal: 20266199698898705, binary: 01001000000000000000000001

State:
    ep_epoch1(node0)
    ep_epoch0(node1)
    transfer_epoch3(node1)

Representatitive states in reachability not in Rmin

[MIN_CHECK RESULT]: FAIL

[QRM NOTE]: Time elapsed since start: 8.954 seconds

[QRM NOTE]: Time elapsed since last: 0.069 seconds

[QRM NOTE]: Peak memory: 1754868 bytes

/home/jonahkel/QSM-Cutoff/env/lib/python3.12/site-packages/ivy/z3/z3core.py:5: UserWarning: pkg_resources is deprecated as an API. See https://setuptools.pypa.io/en/latest/pkg_resources.html. The pkg_resources package is slated for removal as early as 2025-11-30. Refrain from using this package or pin to Setuptools<81.
  import pkg_resources
/home/jonahkel/QSM-Cutoff/env/lib/python3.12/site-packages/ivy/z3/z3core.py:5: UserWarning: pkg_resources is deprecated as an API. See https://setuptools.pypa.io/en/latest/pkg_resources.html. The pkg_resources package is slated for removal as early as 2025-11-30. Refrain from using this package or pin to Setuptools<81.
  import pkg_resources
QrmFail

[QRM NOTE]: Exit with return code 1

[QRM RESULT]: FAIL

[QRM NOTE]: Time elapsed since start: 9.632 seconds

[QRM NOTE]: Time elapsed since last: 9.632 seconds

