"Orbit","pattern","SQI","qcost","Bit String","# literals","Group","Group Size","Sig","Number sig","Literal sig","ep","held","locked","transfer","#ep=1","#ep=0","#held=1","#held=0","#locked=1","#locked=0","#transfer=1","#transfer=0","#forall","#exists"
"0","1","forall NODE0. ~locked_epoch0(NODE0)","2","--------------1-----------------------","1","2","2","0000100010","0000100010","l1","------------","--","1-----------","------------","0","0","0","0","1","0","0","0","1","0"
"1","1","forall NODE0. ~locked_epoch1(NODE0)","2","----------------1---------------------","1","2","2","0000100010","0000100010","l1","------------","--","--1---------","------------","0","0","0","0","1","0","0","0","1","0"
"2","1","forall NODE0. ~transfer_epoch0(NODE0)","2","--------------------------1-----------","1","0","2","0000001010","0000001010","t1","------------","--","------------","1-----------","0","0","0","0","0","0","1","0","1","0"
"3","1","forall NODE0. ~transfer_epoch1(NODE0)","2","----------------------------1---------","1","0","2","0000001010","0000001010","t1","------------","--","------------","--1---------","0","0","0","0","0","0","1","0","1","0"
"4","1","exists NODE0. ~ep_epoch0(NODE0)","2","1-----1-------------------------------","1","5","6","e1","2000000001","e1","1-----1-----","--","------------","------------","2","0","0","0","0","0","0","0","0","1"
"5","2","forall NODE0. ~ep_epoch0(NODE0) | ~ep_epoch1(NODE0)","3","11------------------------------------","2","13","15","2000000010","2000000010","e1","11----------","--","------------","------------","2","0","0","0","0","0","0","0","1","0"
"6","2","forall NODE0. ~ep_epoch0(NODE0) | ~ep_epoch2(NODE0)","3","1-1-----------------------------------","2","13","15","2000000010","2000000010","e1","1-1---------","--","------------","------------","2","0","0","0","0","0","0","0","1","0"
"7","2","forall NODE0. ~ep_epoch0(NODE0) | ~ep_epoch3(NODE0)","3","1--1----------------------------------","2","13","15","2000000010","2000000010","e1","1--1--------","--","------------","------------","2","0","0","0","0","0","0","0","1","0"
"8","2","forall NODE0. ~ep_epoch0(NODE0) | ~ep_epoch4(NODE0)","3","1---1---------------------------------","2","13","15","2000000010","2000000010","e1","1---1-------","--","------------","------------","2","0","0","0","0","0","0","0","1","0"
"9","2","forall NODE0. ~ep_epoch0(NODE0) | ~ep_epoch5(NODE0)","3","1----1--------------------------------","2","13","15","2000000010","2000000010","e1","1----1------","--","------------","------------","2","0","0","0","0","0","0","0","1","0"
"10","2","forall NODE0. ~ep_epoch0(NODE0) | ~held(NODE0)","3","1-----------1-------------------------","2","12","1","1010000010","1010000010","e1h1","1-----------","1-","------------","------------","1","0","1","0","0","0","0","0","1","0"
"11","2","forall NODE0. ~ep_epoch0(NODE0) | ~locked_epoch2(NODE0)","3","1-----------------1-------------------","2","10","14","1000100010","1000100010","e1l1","1-----------","--","----1-------","------------","1","0","0","0","1","0","0","0","1","0"
"12","2","forall NODE0. ~ep_epoch0(NODE0) | ~locked_epoch3(NODE0)","3","1-------------------1-----------------","2","10","14","1000100010","1000100010","e1l1","1-----------","--","------1-----","------------","1","0","0","0","1","0","0","0","1","0"
"13","2","forall NODE0. ~ep_epoch0(NODE0) | ~locked_epoch4(NODE0)","3","1---------------------1---------------","2","10","14","1000100010","1000100010","e1l1","1-----------","--","--------1---","------------","1","0","0","0","1","0","0","0","1","0"
"14","2","forall NODE0. ~ep_epoch0(NODE0) | ~locked_epoch5(NODE0)","3","1-----------------------1-------------","2","10","14","1000100010","1000100010","e1l1","1-----------","--","----------1-","------------","1","0","0","0","1","0","0","0","1","0"
"15","1","exists NODE0. ~ep_epoch1(NODE0)","2","-1-----1------------------------------","1","5","6","e1","2000000001","e1","-1-----1----","--","------------","------------","2","0","0","0","0","0","0","0","0","1"
"16","2","forall NODE0. ~ep_epoch1(NODE0) | ~ep_epoch2(NODE0)","3","-11-----------------------------------","2","13","15","2000000010","2000000010","e1","-11---------","--","------------","------------","2","0","0","0","0","0","0","0","1","0"
"17","2","forall NODE0. ~ep_epoch1(NODE0) | ~ep_epoch3(NODE0)","3","-1-1----------------------------------","2","13","15","2000000010","2000000010","e1","-1-1--------","--","------------","------------","2","0","0","0","0","0","0","0","1","0"
"18","2","forall NODE0. ~ep_epoch1(NODE0) | ~ep_epoch4(NODE0)","3","-1--1---------------------------------","2","13","15","2000000010","2000000010","e1","-1--1-------","--","------------","------------","2","0","0","0","0","0","0","0","1","0"
"19","2","forall NODE0. ~ep_epoch1(NODE0) | ~ep_epoch5(NODE0)","3","-1---1--------------------------------","2","13","15","2000000010","2000000010","e1","-1---1------","--","------------","------------","2","0","0","0","0","0","0","0","1","0"
"20","2","forall NODE0. ~ep_epoch1(NODE0) | ~locked_epoch2(NODE0)","3","-1----------------1-------------------","2","10","14","1000100010","1000100010","e1l1","-1----------","--","----1-------","------------","1","0","0","0","1","0","0","0","1","0"
"21","2","forall NODE0. ~ep_epoch1(NODE0) | ~locked_epoch3(NODE0)","3","-1------------------1-----------------","2","10","14","1000100010","1000100010","e1l1","-1----------","--","------1-----","------------","1","0","0","0","1","0","0","0","1","0"
"22","2","forall NODE0. ~ep_epoch1(NODE0) | ~locked_epoch4(NODE0)","3","-1--------------------1---------------","2","10","14","1000100010","1000100010","e1l1","-1----------","--","--------1---","------------","1","0","0","0","1","0","0","0","1","0"
"23","2","forall NODE0. ~ep_epoch1(NODE0) | ~locked_epoch5(NODE0)","3","-1----------------------1-------------","2","10","14","1000100010","1000100010","e1l1","-1----------","--","----------1-","------------","1","0","0","0","1","0","0","0","1","0"
"24","1","exists NODE0. ~ep_epoch2(NODE0)","2","--1-----1-----------------------------","1","5","6","e1","2000000001","e1","--1-----1---","--","------------","------------","2","0","0","0","0","0","0","0","0","1"
"25","2","forall NODE0. ~ep_epoch2(NODE0) | ~ep_epoch3(NODE0)","3","--11----------------------------------","2","13","15","2000000010","2000000010","e1","--11--------","--","------------","------------","2","0","0","0","0","0","0","0","1","0"
"26","2","forall NODE0. ~ep_epoch2(NODE0) | ~ep_epoch4(NODE0)","3","--1-1---------------------------------","2","13","15","2000000010","2000000010","e1","--1-1-------","--","------------","------------","2","0","0","0","0","0","0","0","1","0"
"27","2","forall NODE0. ~ep_epoch2(NODE0) | ~ep_epoch5(NODE0)","3","--1--1--------------------------------","2","13","15","2000000010","2000000010","e1","--1--1------","--","------------","------------","2","0","0","0","0","0","0","0","1","0"
"28","2","forall NODE1,NODE0. ~ep_epoch2(NODE0) | ~locked_epoch2(NODE1) | NODE0 = NODE1","5","--1----------------1------------------","3","33","4","1000100020","1000100020","e1l1","--1---------","--","-----1------","------------","1","0","0","0","1","0","0","0","2","0"
"29","2","forall NODE0. ~ep_epoch2(NODE0) | ~locked_epoch3(NODE0)","3","--1-----------------1-----------------","2","10","14","1000100010","1000100010","e1l1","--1---------","--","------1-----","------------","1","0","0","0","1","0","0","0","1","0"
"30","2","forall NODE0. ~ep_epoch2(NODE0) | ~locked_epoch4(NODE0)","3","--1-------------------1---------------","2","10","14","1000100010","1000100010","e1l1","--1---------","--","--------1---","------------","1","0","0","0","1","0","0","0","1","0"
"31","2","forall NODE0. ~ep_epoch2(NODE0) | ~locked_epoch5(NODE0)","3","--1---------------------1-------------","2","10","14","1000100010","1000100010","e1l1","--1---------","--","----------1-","------------","1","0","0","0","1","0","0","0","1","0"
"32","2","forall NODE1,NODE0. ~ep_epoch2(NODE0) | ~transfer_epoch2(NODE1)","4","--1---------------------------1-------","2","22","10","1000001020","1000001020","e1t1","--1---------","--","------------","----1-------","1","0","0","0","0","0","1","0","2","0"
"33","2","forall NODE0. ~ep_epoch2(NODE0) | locked_epoch2(NODE0)","3","--1---------------0-------------------","2","9","4","1000010010","1000010010","e1l0","--1---------","--","----0-------","------------","1","0","0","0","0","1","0","0","1","0"
"34","1","exists NODE0. ~ep_epoch3(NODE0)","2","---1-----1----------------------------","1","5","6","e1","2000000001","e1","---1-----1--","--","------------","------------","2","0","0","0","0","0","0","0","0","1"
"35","2","forall NODE0. ~ep_epoch3(NODE0) | ~ep_epoch4(NODE0)","3","---11---------------------------------","2","13","15","2000000010","2000000010","e1","---11-------","--","------------","------------","2","0","0","0","0","0","0","0","1","0"
"36","2","forall NODE0. ~ep_epoch3(NODE0) | ~ep_epoch5(NODE0)","3","---1-1--------------------------------","2","13","15","2000000010","2000000010","e1","---1-1------","--","------------","------------","2","0","0","0","0","0","0","0","1","0"
"37","2","forall NODE1,NODE0. ~ep_epoch3(NODE0) | ~locked_epoch3(NODE1) | NODE0 = NODE1","5","---1-----------------1----------------","3","33","4","1000100020","1000100020","e1l1","---1--------","--","-------1----","------------","1","0","0","0","1","0","0","0","2","0"
"38","2","forall NODE0. ~ep_epoch3(NODE0) | ~locked_epoch4(NODE0)","3","---1------------------1---------------","2","10","14","1000100010","1000100010","e1l1","---1--------","--","--------1---","------------","1","0","0","0","1","0","0","0","1","0"
"39","2","forall NODE0. ~ep_epoch3(NODE0) | ~locked_epoch5(NODE0)","3","---1--------------------1-------------","2","10","14","1000100010","1000100010","e1l1","---1--------","--","----------1-","------------","1","0","0","0","1","0","0","0","1","0"
"40","2","forall NODE1,NODE0. ~ep_epoch3(NODE0) | ~transfer_epoch2(NODE1)","4","---1--------------------------1-------","2","22","10","1000001020","1000001020","e1t1","---1--------","--","------------","----1-------","1","0","0","0","0","0","1","0","2","0"
"41","2","forall NODE1,NODE0. ~ep_epoch3(NODE0) | ~transfer_epoch3(NODE1)","4","---1----------------------------1-----","2","22","10","1000001020","1000001020","e1t1","---1--------","--","------------","------1-----","1","0","0","0","0","0","1","0","2","0"
"42","2","forall NODE0. ~ep_epoch3(NODE0) | locked_epoch3(NODE0)","3","---1----------------0-----------------","2","9","4","1000010010","1000010010","e1l0","---1--------","--","------0-----","------------","1","0","0","0","0","1","0","0","1","0"
"43","1","exists NODE0. ~ep_epoch4(NODE0)","2","----1-----1---------------------------","1","5","6","e1","2000000001","e1","----1-----1-","--","------------","------------","2","0","0","0","0","0","0","0","0","1"
"44","2","forall NODE0. ~ep_epoch4(NODE0) | ~ep_epoch5(NODE0)","3","----11--------------------------------","2","13","15","2000000010","2000000010","e1","----11------","--","------------","------------","2","0","0","0","0","0","0","0","1","0"
"45","2","forall NODE1,NODE0. ~ep_epoch4(NODE0) | ~locked_epoch4(NODE1) | NODE0 = NODE1","5","----1------------------1--------------","3","33","4","1000100020","1000100020","e1l1","----1-------","--","---------1--","------------","1","0","0","0","1","0","0","0","2","0"
"46","2","forall NODE0. ~ep_epoch4(NODE0) | ~locked_epoch5(NODE0)","3","----1-------------------1-------------","2","10","14","1000100010","1000100010","e1l1","----1-------","--","----------1-","------------","1","0","0","0","1","0","0","0","1","0"
"47","2","forall NODE1,NODE0. ~ep_epoch4(NODE0) | ~transfer_epoch2(NODE1)","4","----1-------------------------1-------","2","22","10","1000001020","1000001020","e1t1","----1-------","--","------------","----1-------","1","0","0","0","0","0","1","0","2","0"
"48","2","forall NODE1,NODE0. ~ep_epoch4(NODE0) | ~transfer_epoch3(NODE1)","4","----1---------------------------1-----","2","22","10","1000001020","1000001020","e1t1","----1-------","--","------------","------1-----","1","0","0","0","0","0","1","0","2","0"
"49","2","forall NODE1,NODE0. ~ep_epoch4(NODE0) | ~transfer_epoch4(NODE1)","4","----1-----------------------------1---","2","22","10","1000001020","1000001020","e1t1","----1-------","--","------------","--------1---","1","0","0","0","0","0","1","0","2","0"
"50","2","forall NODE0. ~ep_epoch4(NODE0) | locked_epoch4(NODE0)","3","----1-----------------0---------------","2","9","4","1000010010","1000010010","e1l0","----1-------","--","--------0---","------------","1","0","0","0","0","1","0","0","1","0"
"51","1","exists NODE0. ~ep_epoch5(NODE0)","2","-----1-----1--------------------------","1","5","6","e1","2000000001","e1","-----1-----1","--","------------","------------","2","0","0","0","0","0","0","0","0","1"
"52","2","forall NODE1,NODE0. ~ep_epoch5(NODE0) | ~held(NODE1) | NODE0 = NODE1","5","-----1-------1------------------------","3","34","1","1010000020","1010000020","e1h1","-----1------","-1","------------","------------","1","0","1","0","0","0","0","0","2","0"
"53","2","forall NODE1,NODE0. ~ep_epoch5(NODE0) | ~locked_epoch5(NODE1) | NODE0 = NODE1","5","-----1-------------------1------------","3","33","4","1000100020","1000100020","e1l1","-----1------","--","-----------1","------------","1","0","0","0","1","0","0","0","2","0"
"54","2","forall NODE1,NODE0. ~ep_epoch5(NODE0) | ~transfer_epoch2(NODE1)","4","-----1------------------------1-------","2","22","10","1000001020","1000001020","e1t1","-----1------","--","------------","----1-------","1","0","0","0","0","0","1","0","2","0"
"55","2","forall NODE1,NODE0. ~ep_epoch5(NODE0) | ~transfer_epoch3(NODE1)","4","-----1--------------------------1-----","2","22","10","1000001020","1000001020","e1t1","-----1------","--","------------","------1-----","1","0","0","0","0","0","1","0","2","0"
"56","2","forall NODE1,NODE0. ~ep_epoch5(NODE0) | ~transfer_epoch4(NODE1)","4","-----1----------------------------1---","2","22","10","1000001020","1000001020","e1t1","-----1------","--","------------","--------1---","1","0","0","0","0","0","1","0","2","0"
"57","2","forall NODE1,NODE0. ~ep_epoch5(NODE0) | ~transfer_epoch5(NODE1)","4","-----1------------------------------1-","2","22","10","1000001020","1000001020","e1t1","-----1------","--","------------","----------1-","1","0","0","0","0","0","1","0","2","0"
"58","2","forall NODE0. ~ep_epoch5(NODE0) | held(NODE0)","3","-----1------0-------------------------","2","11","1","1001000010","1001000010","e1h0","-----1------","0-","------------","------------","1","0","0","1","0","0","0","0","1","0"
"59","2","forall NODE0. ~ep_epoch5(NODE0) | locked_epoch5(NODE0)","3","-----1------------------0-------------","2","9","4","1000010010","1000010010","e1l0","-----1------","--","----------0-","------------","1","0","0","0","0","1","0","0","1","0"
"60","1","exists NODE0. ~held(NODE0)","2","------------11------------------------","1","4","1","h1","0020000001","h1","------------","11","------------","------------","0","0","2","0","0","0","0","0","0","1"
"61","2","forall NODE1,NODE0. ~held(NODE0) | ~locked_epoch5(NODE1) | NODE0 = NODE1","5","------------1------------1------------","3","24","1","0010100020","0010100020","h1l1","------------","1-","-----------1","------------","0","0","1","0","1","0","0","0","2","0"
"62","2","forall NODE1,NODE0. ~held(NODE0) | ~transfer_epoch2(NODE1)","4","------------1-----------------1-------","2","17","4","0010001020","0010001020","h1t1","------------","1-","------------","----1-------","0","0","1","0","0","0","1","0","2","0"
"63","2","forall NODE1,NODE0. ~held(NODE0) | ~transfer_epoch3(NODE1)","4","------------1-------------------1-----","2","17","4","0010001020","0010001020","h1t1","------------","1-","------------","------1-----","0","0","1","0","0","0","1","0","2","0"
"64","2","forall NODE1,NODE0. ~held(NODE0) | ~transfer_epoch4(NODE1)","4","------------1---------------------1---","2","17","4","0010001020","0010001020","h1t1","------------","1-","------------","--------1---","0","0","1","0","0","0","1","0","2","0"
"65","2","forall NODE1,NODE0. ~held(NODE0) | ~transfer_epoch5(NODE1)","4","------------1-----------------------1-","2","17","4","0010001020","0010001020","h1t1","------------","1-","------------","----------1-","0","0","1","0","0","0","1","0","2","0"
"66","1","exists NODE0. ~locked_epoch2(NODE0)","2","------------------11------------------","1","3","4","l1","0000200001","l1","------------","--","----11------","------------","0","0","0","0","2","0","0","0","0","1"
"67","2","forall NODE1,NODE0. ~locked_epoch2(NODE0) | ~transfer_epoch2(NODE1)","4","------------------1-----------1-------","2","15","10","0000101020","0000101020","l1t1","------------","--","----1-------","----1-------","0","0","0","0","1","0","1","0","2","0"
"68","1","exists NODE0. ~locked_epoch3(NODE0)","2","--------------------11----------------","1","3","4","l1","0000200001","l1","------------","--","------11----","------------","0","0","0","0","2","0","0","0","0","1"
"69","2","forall NODE1,NODE0. ~locked_epoch3(NODE0) | ~transfer_epoch2(NODE1)","4","--------------------1---------1-------","2","15","10","0000101020","0000101020","l1t1","------------","--","------1-----","----1-------","0","0","0","0","1","0","1","0","2","0"
"70","2","forall NODE1,NODE0. ~locked_epoch3(NODE0) | ~transfer_epoch3(NODE1)","4","--------------------1-----------1-----","2","15","10","0000101020","0000101020","l1t1","------------","--","------1-----","------1-----","0","0","0","0","1","0","1","0","2","0"
"71","1","exists NODE0. ~locked_epoch4(NODE0)","2","----------------------11--------------","1","3","4","l1","0000200001","l1","------------","--","--------11--","------------","0","0","0","0","2","0","0","0","0","1"
"72","2","forall NODE1,NODE0. ~locked_epoch4(NODE0) | ~transfer_epoch2(NODE1)","4","----------------------1-------1-------","2","15","10","0000101020","0000101020","l1t1","------------","--","--------1---","----1-------","0","0","0","0","1","0","1","0","2","0"
"73","2","forall NODE1,NODE0. ~locked_epoch4(NODE0) | ~transfer_epoch3(NODE1)","4","----------------------1---------1-----","2","15","10","0000101020","0000101020","l1t1","------------","--","--------1---","------1-----","0","0","0","0","1","0","1","0","2","0"
"74","2","forall NODE1,NODE0. ~locked_epoch4(NODE0) | ~transfer_epoch4(NODE1)","4","----------------------1-----------1---","2","15","10","0000101020","0000101020","l1t1","------------","--","--------1---","--------1---","0","0","0","0","1","0","1","0","2","0"
"75","1","exists NODE0. ~locked_epoch5(NODE0)","2","------------------------11------------","1","3","4","l1","0000200001","l1","------------","--","----------11","------------","0","0","0","0","2","0","0","0","0","1"
"76","2","forall NODE1,NODE0. ~locked_epoch5(NODE0) | ~transfer_epoch2(NODE1)","4","------------------------1-----1-------","2","15","10","0000101020","0000101020","l1t1","------------","--","----------1-","----1-------","0","0","0","0","1","0","1","0","2","0"
"77","2","forall NODE1,NODE0. ~locked_epoch5(NODE0) | ~transfer_epoch3(NODE1)","4","------------------------1-------1-----","2","15","10","0000101020","0000101020","l1t1","------------","--","----------1-","------1-----","0","0","0","0","1","0","1","0","2","0"
"78","2","forall NODE1,NODE0. ~locked_epoch5(NODE0) | ~transfer_epoch4(NODE1)","4","------------------------1---------1---","2","15","10","0000101020","0000101020","l1t1","------------","--","----------1-","--------1---","0","0","0","0","1","0","1","0","2","0"
"79","2","forall NODE1,NODE0. ~locked_epoch5(NODE0) | ~transfer_epoch5(NODE1)","4","------------------------1-----------1-","2","15","10","0000101020","0000101020","l1t1","------------","--","----------1-","----------1-","0","0","0","0","1","0","1","0","2","0"
"80","2","forall NODE0. ~locked_epoch5(NODE0) | ep_epoch5(NODE0)","3","-----0------------------1-------------","2","7","1","0100100010","0100100010","e0l1","-----0------","--","----------1-","------------","0","1","0","0","1","0","0","0","1","0"
"81","2","forall NODE0. ~locked_epoch5(NODE0) | held(NODE0)","3","------------0-----------1-------------","2","6","1","0001100010","0001100010","h0l1","------------","0-","----------1-","------------","0","0","0","1","1","0","0","0","1","0"
"82","1","exists NODE0. ~transfer_epoch2(NODE0)","2","------------------------------11------","1","1","4","t1","0000002001","t1","------------","--","------------","----11------","0","0","0","0","0","0","2","0","0","1"
"83","2","forall NODE1,NODE0. ~transfer_epoch2(NODE0) | ~transfer_epoch3(NODE1)","4","------------------------------1-1-----","2","14","6","0000002020","0000002020","t1","------------","--","------------","----1-1-----","0","0","0","0","0","0","2","0","2","0"
"84","2","forall NODE1,NODE0. ~transfer_epoch2(NODE0) | ~transfer_epoch4(NODE1)","4","------------------------------1---1---","2","14","6","0000002020","0000002020","t1","------------","--","------------","----1---1---","0","0","0","0","0","0","2","0","2","0"
"85","2","forall NODE1,NODE0. ~transfer_epoch2(NODE0) | ~transfer_epoch5(NODE1)","4","------------------------------1-----1-","2","14","6","0000002020","0000002020","t1","------------","--","------------","----1-----1-","0","0","0","0","0","0","2","0","2","0"
"86","1","exists NODE0. ~transfer_epoch3(NODE0)","2","--------------------------------11----","1","1","4","t1","0000002001","t1","------------","--","------------","------11----","0","0","0","0","0","0","2","0","0","1"
"87","2","forall NODE1,NODE0. ~transfer_epoch3(NODE0) | ~transfer_epoch4(NODE1)","4","--------------------------------1-1---","2","14","6","0000002020","0000002020","t1","------------","--","------------","------1-1---","0","0","0","0","0","0","2","0","2","0"
"88","2","forall NODE1,NODE0. ~transfer_epoch3(NODE0) | ~transfer_epoch5(NODE1)","4","--------------------------------1---1-","2","14","6","0000002020","0000002020","t1","------------","--","------------","------1---1-","0","0","0","0","0","0","2","0","2","0"
"89","1","exists NODE0. ~transfer_epoch4(NODE0)","2","----------------------------------11--","1","1","4","t1","0000002001","t1","------------","--","------------","--------11--","0","0","0","0","0","0","2","0","0","1"
"90","2","forall NODE1,NODE0. ~transfer_epoch4(NODE0) | ~transfer_epoch5(NODE1)","4","----------------------------------1-1-","2","14","6","0000002020","0000002020","t1","------------","--","------------","--------1-1-","0","0","0","0","0","0","2","0","2","0"
"91","1","exists NODE0. ~transfer_epoch5(NODE0)","2","------------------------------------11","1","1","4","t1","0000002001","t1","------------","--","------------","----------11","0","0","0","0","0","0","2","0","0","1"
"92","3","forall NODE1,NODE2,NODE0. ~ep_epoch0(NODE0) | ~ep_epoch1(NODE1) | ~transfer_epoch3(NODE2) | ((NODE1 ~= NODE2 | NODE0 = NODE1) & (NODE0 ~= NODE2 | NODE0 = NODE1))","10","1------1------------------------1-----","7","279","10","2000001030","2000001030","e1t1","1------1----","--","------------","------1-----","2","0","0","0","0","0","1","0","3","0"
"93","3","forall NODE1,NODE2,NODE0. ~ep_epoch0(NODE0) | ~ep_epoch1(NODE1) | ~transfer_epoch4(NODE2) | ((NODE1 ~= NODE2 | NODE0 = NODE1) & (NODE0 ~= NODE2 | NODE0 = NODE1))","10","1------1--------------------------1---","7","279","10","2000001030","2000001030","e1t1","1------1----","--","------------","--------1---","2","0","0","0","0","0","1","0","3","0"
"94","3","forall NODE1,NODE2,NODE0. ~ep_epoch0(NODE0) | ~ep_epoch1(NODE1) | ~transfer_epoch5(NODE2) | ((NODE0 ~= NODE2 | NODE0 = NODE1) & (NODE1 ~= NODE2 | NODE0 = NODE1))","10","1------1----------------------------1-","7","279","10","2000001030","2000001030","e1t1","1------1----","--","------------","----------1-","2","0","0","0","0","0","1","0","3","0"
"95","3","forall NODE1,NODE2,NODE0. ~ep_epoch0(NODE0) | ~ep_epoch2(NODE1) | ~transfer_epoch4(NODE2) | ((NODE1 ~= NODE2 | NODE0 = NODE1) & (NODE0 ~= NODE2 | NODE0 = NODE1))","10","1-------1-------------------------1---","7","279","10","2000001030","2000001030","e1t1","1-------1---","--","------------","--------1---","2","0","0","0","0","0","1","0","3","0"
"96","3","forall NODE1,NODE2,NODE0. ~ep_epoch0(NODE0) | ~ep_epoch2(NODE1) | ~transfer_epoch5(NODE2) | ((NODE0 ~= NODE2 | NODE0 = NODE1) & (NODE1 ~= NODE2 | NODE0 = NODE1))","10","1-------1---------------------------1-","7","279","10","2000001030","2000001030","e1t1","1-------1---","--","------------","----------1-","2","0","0","0","0","0","1","0","3","0"
"97","3","forall NODE1,NODE2,NODE0. ~ep_epoch0(NODE0) | ~ep_epoch3(NODE1) | ~transfer_epoch5(NODE2) | ((NODE0 ~= NODE2 | NODE0 = NODE1) & (NODE1 ~= NODE2 | NODE0 = NODE1))","10","1--------1--------------------------1-","7","279","10","2000001030","2000001030","e1t1","1--------1--","--","------------","----------1-","2","0","0","0","0","0","1","0","3","0"
"98","3","forall NODE1,NODE0. ~ep_epoch0(NODE0) | ~ep_epoch3(NODE1) | locked_epoch2(NODE1) | NODE0 = NODE1","6","1--------1---------0------------------","4","70","16","2000010020","2000010020","e1l0","1--------1--","--","-----0------","------------","2","0","0","0","0","1","0","0","2","0"
"99","3","forall NODE1,NODE0. ~ep_epoch0(NODE0) | ~ep_epoch4(NODE1) | locked_epoch2(NODE1) | NODE0 = NODE1","6","1---------1--------0------------------","4","70","16","2000010020","2000010020","e1l0","1---------1-","--","-----0------","------------","2","0","0","0","0","1","0","0","2","0"
"100","3","forall NODE1,NODE0. ~ep_epoch0(NODE0) | ~ep_epoch4(NODE1) | locked_epoch3(NODE1) | NODE0 = NODE1","6","1---------1----------0----------------","4","70","16","2000010020","2000010020","e1l0","1---------1-","--","-------0----","------------","2","0","0","0","0","1","0","0","2","0"
"101","3","forall NODE1,NODE0. ~ep_epoch0(NODE0) | ~ep_epoch5(NODE1) | locked_epoch2(NODE1) | NODE0 = NODE1","6","1----------1-------0------------------","4","70","16","2000010020","2000010020","e1l0","1----------1","--","-----0------","------------","2","0","0","0","0","1","0","0","2","0"
"102","3","forall NODE1,NODE0. ~ep_epoch0(NODE0) | ~ep_epoch5(NODE1) | locked_epoch3(NODE1) | NODE0 = NODE1","6","1----------1---------0----------------","4","70","16","2000010020","2000010020","e1l0","1----------1","--","-------0----","------------","2","0","0","0","0","1","0","0","2","0"
"103","3","forall NODE1,NODE0. ~ep_epoch0(NODE0) | ~ep_epoch5(NODE1) | locked_epoch4(NODE1) | NODE0 = NODE1","6","1----------1-----------0--------------","4","70","16","2000010020","2000010020","e1l0","1----------1","--","---------0--","------------","2","0","0","0","0","1","0","0","2","0"
"104","3","forall NODE1,NODE0. ~ep_epoch0(NODE0) | ~locked_epoch3(NODE1) | locked_epoch2(NODE1) | NODE0 = NODE1","6","1------------------0-1----------------","4","64","16","1000110020","1000110020","e1l1l0","1-----------","--","-----0-1----","------------","1","0","0","0","1","1","0","0","2","0"
"105","3","forall NODE1,NODE0. ~ep_epoch0(NODE0) | ~locked_epoch4(NODE1) | locked_epoch2(NODE1) | NODE0 = NODE1","6","1------------------0---1--------------","4","64","16","1000110020","1000110020","e1l1l0","1-----------","--","-----0---1--","------------","1","0","0","0","1","1","0","0","2","0"
"106","3","forall NODE1,NODE0. ~ep_epoch0(NODE0) | ~locked_epoch4(NODE1) | locked_epoch3(NODE1) | NODE0 = NODE1","6","1--------------------0-1--------------","4","64","16","1000110020","1000110020","e1l1l0","1-----------","--","-------0-1--","------------","1","0","0","0","1","1","0","0","2","0"
"107","3","forall NODE1,NODE0. ~ep_epoch0(NODE0) | ~locked_epoch5(NODE1) | locked_epoch2(NODE1) | NODE0 = NODE1","6","1------------------0-----1------------","4","64","16","1000110020","1000110020","e1l1l0","1-----------","--","-----0-----1","------------","1","0","0","0","1","1","0","0","2","0"
"108","3","forall NODE1,NODE0. ~ep_epoch0(NODE0) | ~locked_epoch5(NODE1) | locked_epoch3(NODE1) | NODE0 = NODE1","6","1--------------------0---1------------","4","64","16","1000110020","1000110020","e1l1l0","1-----------","--","-------0---1","------------","1","0","0","0","1","1","0","0","2","0"
"109","3","forall NODE1,NODE0. ~ep_epoch0(NODE0) | ~locked_epoch5(NODE1) | locked_epoch4(NODE1) | NODE0 = NODE1","6","1----------------------0-1------------","4","64","16","1000110020","1000110020","e1l1l0","1-----------","--","---------0-1","------------","1","0","0","0","1","1","0","0","2","0"
"110","3","forall NODE1,NODE2,NODE0. ~ep_epoch0(NODE0) | ~transfer_epoch2(NODE1) | ep_epoch1(NODE2) | ((NODE1 ~= NODE2 | NODE0 = NODE1) & (NODE0 ~= NODE1 | NODE0 = NODE2))","10","1------0----------------------1-------","7","273","11","1100001030","1100001030","e1e0t1","1------0----","--","------------","----1-------","1","1","0","0","0","0","1","0","3","0"
"111","3","forall NODE1,NODE2,NODE0. ~ep_epoch0(NODE0) | ~transfer_epoch3(NODE1) | ep_epoch2(NODE2) | ((NODE1 ~= NODE2 | NODE0 = NODE1) & (NODE0 ~= NODE1 | NODE0 = NODE2))","10","1-------0-----------------------1-----","7","273","11","1100001030","1100001030","e1e0t1","1-------0---","--","------------","------1-----","1","1","0","0","0","0","1","0","3","0"
"112","3","forall NODE1,NODE2,NODE0. ~ep_epoch0(NODE0) | ~transfer_epoch3(NODE1) | locked_epoch2(NODE2) | ((NODE1 ~= NODE2 | NODE0 = NODE1) & (NODE0 ~= NODE1 | NODE0 = NODE2))","10","1------------------0------------1-----","7","269","16","1000011030","1000011030","e1l0t1","1-----------","--","-----0------","------1-----","1","0","0","0","0","1","1","0","3","0"
"113","3","forall NODE1,NODE2,NODE0. ~ep_epoch0(NODE0) | ~transfer_epoch4(NODE1) | ep_epoch3(NODE2) | ((NODE1 ~= NODE2 | NODE0 = NODE1) & (NODE0 ~= NODE1 | NODE0 = NODE2))","10","1--------0------------------------1---","7","273","11","1100001030","1100001030","e1e0t1","1--------0--","--","------------","--------1---","1","1","0","0","0","0","1","0","3","0"
"114","3","forall NODE1,NODE2,NODE0. ~ep_epoch0(NODE0) | ~transfer_epoch4(NODE1) | locked_epoch2(NODE2) | ((NODE1 ~= NODE2 | NODE0 = NODE1) & (NODE0 ~= NODE1 | NODE0 = NODE2))","10","1------------------0--------------1---","7","269","16","1000011030","1000011030","e1l0t1","1-----------","--","-----0------","--------1---","1","0","0","0","0","1","1","0","3","0"
"115","3","forall NODE1,NODE2,NODE0. ~ep_epoch0(NODE0) | ~transfer_epoch4(NODE1) | locked_epoch3(NODE2) | ((NODE1 ~= NODE2 | NODE0 = NODE1) & (NODE0 ~= NODE1 | NODE0 = NODE2))","10","1--------------------0------------1---","7","269","16","1000011030","1000011030","e1l0t1","1-----------","--","-------0----","--------1---","1","0","0","0","0","1","1","0","3","0"
"116","3","forall NODE1,NODE2,NODE0. ~ep_epoch0(NODE0) | ~transfer_epoch5(NODE1) | ep_epoch4(NODE2) | ((NODE0 ~= NODE1 | NODE0 = NODE2) & (NODE1 ~= NODE2 | NODE0 = NODE1))","10","1---------0-------------------------1-","7","273","11","1100001030","1100001030","e1e0t1","1---------0-","--","------------","----------1-","1","1","0","0","0","0","1","0","3","0"
"117","3","forall NODE1,NODE2,NODE0. ~ep_epoch0(NODE0) | ~transfer_epoch5(NODE1) | locked_epoch2(NODE2) | ((NODE0 ~= NODE1 | NODE0 = NODE2) & (NODE1 ~= NODE2 | NODE0 = NODE1))","10","1------------------0----------------1-","7","269","16","1000011030","1000011030","e1l0t1","1-----------","--","-----0------","----------1-","1","0","0","0","0","1","1","0","3","0"
"118","3","forall NODE1,NODE2,NODE0. ~ep_epoch0(NODE0) | ~transfer_epoch5(NODE1) | locked_epoch3(NODE2) | ((NODE0 ~= NODE1 | NODE0 = NODE2) & (NODE1 ~= NODE2 | NODE0 = NODE1))","10","1--------------------0--------------1-","7","269","16","1000011030","1000011030","e1l0t1","1-----------","--","-------0----","----------1-","1","0","0","0","0","1","1","0","3","0"
"119","3","forall NODE1,NODE2,NODE0. ~ep_epoch0(NODE0) | ~transfer_epoch5(NODE1) | locked_epoch4(NODE2) | ((NODE0 ~= NODE1 | NODE0 = NODE2) & (NODE1 ~= NODE2 | NODE0 = NODE1))","10","1----------------------0------------1-","7","269","16","1000011030","1000011030","e1l0t1","1-----------","--","---------0--","----------1-","1","0","0","0","0","1","1","0","3","0"
"120","3","forall NODE1,NODE0. ~ep_epoch0(NODE0) | ep_epoch1(NODE1) | locked_epoch2(NODE1) | NODE0 = NODE1","6","1------0-----------0------------------","4","67","3","1100010020","1100010020","e1e0l0","1------0----","--","-----0------","------------","1","1","0","0","0","1","0","0","2","0"
"121","3","forall NODE1,NODE0. ~ep_epoch1(NODE0) | ~ep_epoch2(NODE1) | ~held(NODE0) | NODE0 = NODE1","6","-1------1---1-------------------------","4","71","6","2010000020","2010000020","e1h1","-1------1---","1-","------------","------------","2","0","1","0","0","0","0","0","2","0"
"122","3","forall NODE1,NODE2,NODE0. ~ep_epoch1(NODE0) | ~ep_epoch2(NODE1) | ~transfer_epoch4(NODE2) | ((NODE1 ~= NODE2 | NODE0 = NODE1) & (NODE0 ~= NODE2 | NODE0 = NODE1))","10","-1------1-------------------------1---","7","279","10","2000001030","2000001030","e1t1","-1------1---","--","------------","--------1---","2","0","0","0","0","0","1","0","3","0"
"123","3","forall NODE1,NODE2,NODE0. ~ep_epoch1(NODE0) | ~ep_epoch2(NODE1) | ~transfer_epoch5(NODE2) | ((NODE0 ~= NODE2 | NODE0 = NODE1) & (NODE1 ~= NODE2 | NODE0 = NODE1))","10","-1------1---------------------------1-","7","279","10","2000001030","2000001030","e1t1","-1------1---","--","------------","----------1-","2","0","0","0","0","0","1","0","3","0"
"124","3","forall NODE1,NODE0. ~ep_epoch1(NODE0) | ~ep_epoch3(NODE1) | ~held(NODE0) | NODE0 = NODE1","6","-1-------1--1-------------------------","4","71","6","2010000020","2010000020","e1h1","-1-------1--","1-","------------","------------","2","0","1","0","0","0","0","0","2","0"
"125","3","forall NODE1,NODE2,NODE0. ~ep_epoch1(NODE0) | ~ep_epoch3(NODE1) | ~transfer_epoch5(NODE2) | ((NODE0 ~= NODE2 | NODE0 = NODE1) & (NODE1 ~= NODE2 | NODE0 = NODE1))","10","-1-------1--------------------------1-","7","279","10","2000001030","2000001030","e1t1","-1-------1--","--","------------","----------1-","2","0","0","0","0","0","1","0","3","0"
"126","3","forall NODE1,NODE0. ~ep_epoch1(NODE0) | ~ep_epoch3(NODE1) | locked_epoch2(NODE1) | NODE0 = NODE1","6","-1-------1---------0------------------","4","70","16","2000010020","2000010020","e1l0","-1-------1--","--","-----0------","------------","2","0","0","0","0","1","0","0","2","0"
"127","3","forall NODE1,NODE0. ~ep_epoch1(NODE0) | ~ep_epoch4(NODE1) | ~held(NODE0) | NODE0 = NODE1","6","-1--------1-1-------------------------","4","71","6","2010000020","2010000020","e1h1","-1--------1-","1-","------------","------------","2","0","1","0","0","0","0","0","2","0"
"128","3","forall NODE1,NODE0. ~ep_epoch1(NODE0) | ~ep_epoch4(NODE1) | locked_epoch2(NODE1) | NODE0 = NODE1","6","-1--------1--------0------------------","4","70","16","2000010020","2000010020","e1l0","-1--------1-","--","-----0------","------------","2","0","0","0","0","1","0","0","2","0"
"129","3","forall NODE1,NODE0. ~ep_epoch1(NODE0) | ~ep_epoch4(NODE1) | locked_epoch3(NODE1) | NODE0 = NODE1","6","-1--------1----------0----------------","4","70","16","2000010020","2000010020","e1l0","-1--------1-","--","-------0----","------------","2","0","0","0","0","1","0","0","2","0"
"130","3","forall NODE1,NODE0. ~ep_epoch1(NODE0) | ~ep_epoch5(NODE1) | locked_epoch2(NODE1) | NODE0 = NODE1","6","-1---------1-------0------------------","4","70","16","2000010020","2000010020","e1l0","-1---------1","--","-----0------","------------","2","0","0","0","0","1","0","0","2","0"
"131","3","forall NODE1,NODE0. ~ep_epoch1(NODE0) | ~ep_epoch5(NODE1) | locked_epoch3(NODE1) | NODE0 = NODE1","6","-1---------1---------0----------------","4","70","16","2000010020","2000010020","e1l0","-1---------1","--","-------0----","------------","2","0","0","0","0","1","0","0","2","0"
"132","3","forall NODE1,NODE0. ~ep_epoch1(NODE0) | ~ep_epoch5(NODE1) | locked_epoch4(NODE1) | NODE0 = NODE1","6","-1---------1-----------0--------------","4","70","16","2000010020","2000010020","e1l0","-1---------1","--","---------0--","------------","2","0","0","0","0","1","0","0","2","0"
"133","3","forall NODE1,NODE0. ~ep_epoch1(NODE0) | ~held(NODE0) | ~locked_epoch2(NODE1) | NODE0 = NODE1","6","-1----------1------1------------------","4","66","6","1010100020","1010100020","e1h1l1","-1----------","1-","-----1------","------------","1","0","1","0","1","0","0","0","2","0"
"134","3","forall NODE1,NODE0. ~ep_epoch1(NODE0) | ~held(NODE0) | ~locked_epoch3(NODE1) | NODE0 = NODE1","6","-1----------1--------1----------------","4","66","6","1010100020","1010100020","e1h1l1","-1----------","1-","-------1----","------------","1","0","1","0","1","0","0","0","2","0"
"135","3","forall NODE1,NODE0. ~ep_epoch1(NODE0) | ~held(NODE0) | ~locked_epoch4(NODE1) | NODE0 = NODE1","6","-1----------1----------1--------------","4","66","6","1010100020","1010100020","e1h1l1","-1----------","1-","---------1--","------------","1","0","1","0","1","0","0","0","2","0"
"136","3","forall NODE1,NODE0. ~ep_epoch1(NODE0) | ~held(NODE0) | ep_epoch0(NODE1) | NODE0 = NODE1","6","-1----0-----1-------------------------","4","69","2","1110000020","1110000020","e1e0h1","-1----0-----","1-","------------","------------","1","1","1","0","0","0","0","0","2","0"
"137","3","forall NODE1,NODE0. ~ep_epoch1(NODE0) | ~held(NODE1) | locked_epoch2(NODE1) | NODE0 = NODE1","6","-1-----------1-----0------------------","4","65","4","1010010020","1010010020","e1h1l0","-1----------","-1","-----0------","------------","1","0","1","0","0","1","0","0","2","0"
"138","3","forall NODE1,NODE0. ~ep_epoch1(NODE0) | ~locked_epoch3(NODE1) | locked_epoch2(NODE1) | NODE0 = NODE1","6","-1-----------------0-1----------------","4","64","16","1000110020","1000110020","e1l1l0","-1----------","--","-----0-1----","------------","1","0","0","0","1","1","0","0","2","0"
"139","3","forall NODE1,NODE0. ~ep_epoch1(NODE0) | ~locked_epoch4(NODE1) | locked_epoch2(NODE1) | NODE0 = NODE1","6","-1-----------------0---1--------------","4","64","16","1000110020","1000110020","e1l1l0","-1----------","--","-----0---1--","------------","1","0","0","0","1","1","0","0","2","0"
"140","3","forall NODE1,NODE0. ~ep_epoch1(NODE0) | ~locked_epoch4(NODE1) | locked_epoch3(NODE1) | NODE0 = NODE1","6","-1-------------------0-1--------------","4","64","16","1000110020","1000110020","e1l1l0","-1----------","--","-------0-1--","------------","1","0","0","0","1","1","0","0","2","0"
"141","3","forall NODE1,NODE0. ~ep_epoch1(NODE0) | ~locked_epoch5(NODE1) | locked_epoch2(NODE1) | NODE0 = NODE1","6","-1-----------------0-----1------------","4","64","16","1000110020","1000110020","e1l1l0","-1----------","--","-----0-----1","------------","1","0","0","0","1","1","0","0","2","0"
"142","3","forall NODE1,NODE0. ~ep_epoch1(NODE0) | ~locked_epoch5(NODE1) | locked_epoch3(NODE1) | NODE0 = NODE1","6","-1-------------------0---1------------","4","64","16","1000110020","1000110020","e1l1l0","-1----------","--","-------0---1","------------","1","0","0","0","1","1","0","0","2","0"
"143","3","forall NODE1,NODE0. ~ep_epoch1(NODE0) | ~locked_epoch5(NODE1) | locked_epoch4(NODE1) | NODE0 = NODE1","6","-1---------------------0-1------------","4","64","16","1000110020","1000110020","e1l1l0","-1----------","--","---------0-1","------------","1","0","0","0","1","1","0","0","2","0"
"144","3","forall NODE1,NODE2,NODE0. ~ep_epoch1(NODE0) | ~transfer_epoch2(NODE1) | ep_epoch0(NODE2) | ((NODE0 ~= NODE1 | NODE0 = NODE2) & (NODE1 ~= NODE2 | NODE0 = NODE1))","10","-1----0-----------------------1-------","7","273","11","1100001030","1100001030","e1e0t1","-1----0-----","--","------------","----1-------","1","1","0","0","0","0","1","0","3","0"
"145","3","forall NODE1,NODE2,NODE0. ~ep_epoch1(NODE0) | ~transfer_epoch3(NODE1) | ep_epoch2(NODE2) | ((NODE0 ~= NODE1 | NODE0 = NODE2) & (NODE1 ~= NODE2 | NODE0 = NODE1))","10","-1------0-----------------------1-----","7","273","11","1100001030","1100001030","e1e0t1","-1------0---","--","------------","------1-----","1","1","0","0","0","0","1","0","3","0"
"146","3","forall NODE1,NODE2,NODE0. ~ep_epoch1(NODE0) | ~transfer_epoch3(NODE1) | locked_epoch2(NODE2) | ((NODE0 ~= NODE1 | NODE0 = NODE2) & (NODE1 ~= NODE2 | NODE0 = NODE1))","10","-1-----------------0------------1-----","7","269","16","1000011030","1000011030","e1l0t1","-1----------","--","-----0------","------1-----","1","0","0","0","0","1","1","0","3","0"
"147","3","forall NODE1,NODE2,NODE0. ~ep_epoch1(NODE0) | ~transfer_epoch4(NODE1) | ep_epoch3(NODE2) | ((NODE0 ~= NODE1 | NODE0 = NODE2) & (NODE1 ~= NODE2 | NODE0 = NODE1))","10","-1-------0------------------------1---","7","273","11","1100001030","1100001030","e1e0t1","-1-------0--","--","------------","--------1---","1","1","0","0","0","0","1","0","3","0"
"148","3","forall NODE1,NODE2,NODE0. ~ep_epoch1(NODE0) | ~transfer_epoch4(NODE1) | locked_epoch2(NODE2) | ((NODE0 ~= NODE1 | NODE0 = NODE2) & (NODE1 ~= NODE2 | NODE0 = NODE1))","10","-1-----------------0--------------1---","7","269","16","1000011030","1000011030","e1l0t1","-1----------","--","-----0------","--------1---","1","0","0","0","0","1","1","0","3","0"
"149","3","forall NODE1,NODE2,NODE0. ~ep_epoch1(NODE0) | ~transfer_epoch4(NODE1) | locked_epoch3(NODE2) | ((NODE0 ~= NODE1 | NODE0 = NODE2) & (NODE1 ~= NODE2 | NODE0 = NODE1))","10","-1-------------------0------------1---","7","269","16","1000011030","1000011030","e1l0t1","-1----------","--","-------0----","--------1---","1","0","0","0","0","1","1","0","3","0"
"150","3","forall NODE1,NODE2,NODE0. ~ep_epoch1(NODE0) | ~transfer_epoch5(NODE1) | ep_epoch4(NODE2) | ((NODE0 ~= NODE1 | NODE0 = NODE2) & (NODE1 ~= NODE2 | NODE0 = NODE1))","10","-1--------0-------------------------1-","7","273","11","1100001030","1100001030","e1e0t1","-1--------0-","--","------------","----------1-","1","1","0","0","0","0","1","0","3","0"
"151","3","forall NODE1,NODE2,NODE0. ~ep_epoch1(NODE0) | ~transfer_epoch5(NODE1) | locked_epoch2(NODE2) | ((NODE0 ~= NODE1 | NODE0 = NODE2) & (NODE1 ~= NODE2 | NODE0 = NODE1))","10","-1-----------------0----------------1-","7","269","16","1000011030","1000011030","e1l0t1","-1----------","--","-----0------","----------1-","1","0","0","0","0","1","1","0","3","0"
"152","3","forall NODE1,NODE2,NODE0. ~ep_epoch1(NODE0) | ~transfer_epoch5(NODE1) | locked_epoch3(NODE2) | ((NODE0 ~= NODE1 | NODE0 = NODE2) & (NODE1 ~= NODE2 | NODE0 = NODE1))","10","-1-------------------0--------------1-","7","269","16","1000011030","1000011030","e1l0t1","-1----------","--","-------0----","----------1-","1","0","0","0","0","1","1","0","3","0"
"153","3","forall NODE1,NODE2,NODE0. ~ep_epoch1(NODE0) | ~transfer_epoch5(NODE1) | locked_epoch4(NODE2) | ((NODE0 ~= NODE1 | NODE0 = NODE2) & (NODE1 ~= NODE2 | NODE0 = NODE1))","10","-1---------------------0------------1-","7","269","16","1000011030","1000011030","e1l0t1","-1----------","--","---------0--","----------1-","1","0","0","0","0","1","1","0","3","0"
"154","3","forall NODE1,NODE0. ~ep_epoch1(NODE0) | ep_epoch0(NODE1) | locked_epoch2(NODE1) | NODE0 = NODE1","6","-1----0------------0------------------","4","67","3","1100010020","1100010020","e1e0l0","-1----0-----","--","-----0------","------------","1","1","0","0","0","1","0","0","2","0"
"155","3","forall NODE1,NODE0. ~ep_epoch2(NODE0) | ~ep_epoch3(NODE1) | ~held(NODE0) | NODE0 = NODE1","6","--1------1--1-------------------------","4","71","6","2010000020","2010000020","e1h1","--1------1--","1-","------------","------------","2","0","1","0","0","0","0","0","2","0"
"156","3","forall NODE1,NODE2,NODE0. ~ep_epoch2(NODE0) | ~ep_epoch3(NODE1) | ~transfer_epoch5(NODE2) | ((NODE1 ~= NODE2 | NODE0 = NODE1) & (NODE0 ~= NODE2 | NODE0 = NODE1))","10","--1------1--------------------------1-","7","279","10","2000001030","2000001030","e1t1","--1------1--","--","------------","----------1-","2","0","0","0","0","0","1","0","3","0"
"157","3","forall NODE1,NODE0. ~ep_epoch2(NODE0) | ~ep_epoch4(NODE1) | ~held(NODE0) | NODE0 = NODE1","6","--1-------1-1-------------------------","4","71","6","2010000020","2010000020","e1h1","--1-------1-","1-","------------","------------","2","0","1","0","0","0","0","0","2","0"
"158","3","forall NODE1,NODE0. ~ep_epoch2(NODE0) | ~ep_epoch4(NODE1) | locked_epoch3(NODE1) | NODE0 = NODE1","6","--1-------1----------0----------------","4","70","16","2000010020","2000010020","e1l0","--1-------1-","--","-------0----","------------","2","0","0","0","0","1","0","0","2","0"
"159","3","forall NODE1,NODE0. ~ep_epoch2(NODE0) | ~ep_epoch5(NODE1) | locked_epoch3(NODE1) | NODE0 = NODE1","6","--1--------1---------0----------------","4","70","16","2000010020","2000010020","e1l0","--1--------1","--","-------0----","------------","2","0","0","0","0","1","0","0","2","0"
"160","3","forall NODE1,NODE0. ~ep_epoch2(NODE0) | ~ep_epoch5(NODE1) | locked_epoch4(NODE1) | NODE0 = NODE1","6","--1--------1-----------0--------------","4","70","16","2000010020","2000010020","e1l0","--1--------1","--","---------0--","------------","2","0","0","0","0","1","0","0","2","0"
"161","3","forall NODE1,NODE0. ~ep_epoch2(NODE0) | ~held(NODE0) | ~locked_epoch3(NODE1) | NODE0 = NODE1","6","--1---------1--------1----------------","4","66","6","1010100020","1010100020","e1h1l1","--1---------","1-","-------1----","------------","1","0","1","0","1","0","0","0","2","0"
"162","3","forall NODE1,NODE0. ~ep_epoch2(NODE0) | ~held(NODE0) | ~locked_epoch4(NODE1) | NODE0 = NODE1","6","--1---------1----------1--------------","4","66","6","1010100020","1010100020","e1h1l1","--1---------","1-","---------1--","------------","1","0","1","0","1","0","0","0","2","0"
"163","3","forall NODE1,NODE0. ~ep_epoch2(NODE0) | ~held(NODE1) | locked_epoch3(NODE1) | NODE0 = NODE1","6","--1----------1-------0----------------","4","65","4","1010010020","1010010020","e1h1l0","--1---------","-1","-------0----","------------","1","0","1","0","0","1","0","0","2","0"
"164","3","forall NODE1,NODE0. ~ep_epoch2(NODE0) | ~locked_epoch4(NODE1) | locked_epoch3(NODE1) | NODE0 = NODE1","6","--1------------------0-1--------------","4","64","16","1000110020","1000110020","e1l1l0","--1---------","--","-------0-1--","------------","1","0","0","0","1","1","0","0","2","0"
"165","3","forall NODE1,NODE0. ~ep_epoch2(NODE0) | ~locked_epoch5(NODE1) | locked_epoch3(NODE1) | NODE0 = NODE1","6","--1------------------0---1------------","4","64","16","1000110020","1000110020","e1l1l0","--1---------","--","-------0---1","------------","1","0","0","0","1","1","0","0","2","0"
"166","3","forall NODE1,NODE0. ~ep_epoch2(NODE0) | ~locked_epoch5(NODE1) | locked_epoch4(NODE1) | NODE0 = NODE1","6","--1--------------------0-1------------","4","64","16","1000110020","1000110020","e1l1l0","--1---------","--","---------0-1","------------","1","0","0","0","1","1","0","0","2","0"
"167","3","forall NODE1,NODE2,NODE0. ~ep_epoch2(NODE0) | ~transfer_epoch4(NODE1) | ep_epoch3(NODE2) | ((NODE0 ~= NODE1 | NODE0 = NODE2) & (NODE1 ~= NODE2 | NODE0 = NODE1))","10","--1------0------------------------1---","7","273","11","1100001030","1100001030","e1e0t1","--1------0--","--","------------","--------1---","1","1","0","0","0","0","1","0","3","0"
"168","3","forall NODE1,NODE2,NODE0. ~ep_epoch2(NODE0) | ~transfer_epoch4(NODE1) | locked_epoch3(NODE2) | ((NODE0 ~= NODE1 | NODE0 = NODE2) & (NODE1 ~= NODE2 | NODE0 = NODE1))","10","--1------------------0------------1---","7","269","16","1000011030","1000011030","e1l0t1","--1---------","--","-------0----","--------1---","1","0","0","0","0","1","1","0","3","0"
"169","3","forall NODE1,NODE2,NODE0. ~ep_epoch2(NODE0) | ~transfer_epoch5(NODE1) | ep_epoch4(NODE2) | ((NODE1 ~= NODE2 | NODE0 = NODE1) & (NODE0 ~= NODE1 | NODE0 = NODE2))","10","--1-------0-------------------------1-","7","273","11","1100001030","1100001030","e1e0t1","--1-------0-","--","------------","----------1-","1","1","0","0","0","0","1","0","3","0"
"170","3","forall NODE1,NODE2,NODE0. ~ep_epoch2(NODE0) | ~transfer_epoch5(NODE1) | locked_epoch3(NODE2) | ((NODE1 ~= NODE2 | NODE0 = NODE1) & (NODE0 ~= NODE1 | NODE0 = NODE2))","10","--1------------------0--------------1-","7","269","16","1000011030","1000011030","e1l0t1","--1---------","--","-------0----","----------1-","1","0","0","0","0","1","1","0","3","0"
"171","3","forall NODE1,NODE2,NODE0. ~ep_epoch2(NODE0) | ~transfer_epoch5(NODE1) | locked_epoch4(NODE2) | ((NODE1 ~= NODE2 | NODE0 = NODE1) & (NODE0 ~= NODE1 | NODE0 = NODE2))","10","--1--------------------0------------1-","7","269","16","1000011030","1000011030","e1l0t1","--1---------","--","---------0--","----------1-","1","0","0","0","0","1","1","0","3","0"
"172","3","forall NODE1,NODE0. ~ep_epoch3(NODE0) | ~ep_epoch4(NODE1) | ~held(NODE0) | NODE0 = NODE1","6","---1------1-1-------------------------","4","71","6","2010000020","2010000020","e1h1","---1------1-","1-","------------","------------","2","0","1","0","0","0","0","0","2","0"
"173","3","forall NODE1,NODE0. ~ep_epoch3(NODE0) | ~ep_epoch5(NODE1) | locked_epoch4(NODE1) | NODE0 = NODE1","6","---1-------1-----------0--------------","4","70","16","2000010020","2000010020","e1l0","---1-------1","--","---------0--","------------","2","0","0","0","0","1","0","0","2","0"
"174","3","forall NODE1,NODE0. ~ep_epoch3(NODE0) | ~held(NODE0) | ~locked_epoch4(NODE1) | NODE0 = NODE1","6","---1--------1----------1--------------","4","66","6","1010100020","1010100020","e1h1l1","---1--------","1-","---------1--","------------","1","0","1","0","1","0","0","0","2","0"
"175","3","forall NODE1,NODE0. ~ep_epoch3(NODE0) | ~held(NODE1) | locked_epoch4(NODE1) | NODE0 = NODE1","6","---1---------1---------0--------------","4","65","4","1010010020","1010010020","e1h1l0","---1--------","-1","---------0--","------------","1","0","1","0","0","1","0","0","2","0"
"176","3","forall NODE1,NODE0. ~ep_epoch3(NODE0) | ~locked_epoch5(NODE1) | locked_epoch4(NODE1) | NODE0 = NODE1","6","---1-------------------0-1------------","4","64","16","1000110020","1000110020","e1l1l0","---1--------","--","---------0-1","------------","1","0","0","0","1","1","0","0","2","0"
"177","3","forall NODE1,NODE2,NODE0. ~ep_epoch3(NODE0) | ~transfer_epoch5(NODE1) | ep_epoch4(NODE2) | ((NODE0 ~= NODE1 | NODE0 = NODE2) & (NODE1 ~= NODE2 | NODE0 = NODE1))","10","---1------0-------------------------1-","7","273","11","1100001030","1100001030","e1e0t1","---1------0-","--","------------","----------1-","1","1","0","0","0","0","1","0","3","0"
"178","3","forall NODE1,NODE2,NODE0. ~ep_epoch3(NODE0) | ~transfer_epoch5(NODE1) | locked_epoch4(NODE2) | ((NODE0 ~= NODE1 | NODE0 = NODE2) & (NODE1 ~= NODE2 | NODE0 = NODE1))","10","---1-------------------0------------1-","7","269","16","1000011030","1000011030","e1l0t1","---1--------","--","---------0--","----------1-","1","0","0","0","0","1","1","0","3","0"
"179","3","forall NODE1,NODE0. ~ep_epoch3(NODE0) | locked_epoch2(NODE0) | locked_epoch2(NODE1) | NODE0 = NODE1","6","---1--------------00------------------","4","63","6","1000020020","1000020020","e1l0","---1--------","--","----00------","------------","1","0","0","0","0","2","0","0","2","0"
"180","3","forall NODE1,NODE0. ~ep_epoch4(NODE0) | ~held(NODE1) | ep_epoch5(NODE1) | NODE0 = NODE1","6","----1------0-1------------------------","4","69","2","1110000020","1110000020","e1e0h1","----1------0","-1","------------","------------","1","1","1","0","0","0","0","0","2","0"
"181","3","forall NODE1,NODE0. ~ep_epoch4(NODE0) | ~held(NODE1) | locked_epoch5(NODE1) | NODE0 = NODE1","6","----1--------1-----------0------------","4","65","4","1010010020","1010010020","e1h1l0","----1-------","-1","-----------0","------------","1","0","1","0","0","1","0","0","2","0"
"182","3","forall NODE1,NODE0. ~ep_epoch4(NODE0) | locked_epoch2(NODE0) | locked_epoch2(NODE1) | NODE0 = NODE1","6","----1-------------00------------------","4","63","6","1000020020","1000020020","e1l0","----1-------","--","----00------","------------","1","0","0","0","0","2","0","0","2","0"
"183","3","forall NODE1,NODE0. ~ep_epoch4(NODE0) | locked_epoch3(NODE0) | locked_epoch3(NODE1) | NODE0 = NODE1","6","----1---------------00----------------","4","63","6","1000020020","1000020020","e1l0","----1-------","--","------00----","------------","1","0","0","0","0","2","0","0","2","0"
"184","3","forall NODE1,NODE0. ~ep_epoch5(NODE0) | ~locked_epoch4(NODE1) | ep_epoch4(NODE1) | NODE0 = NODE1","6","-----1----0------------1--------------","4","68","1","1100100020","1100100020","e1e0l1","-----1----0-","--","---------1--","------------","1","1","0","0","1","0","0","0","2","0"
"185","3","forall NODE1,NODE0. ~ep_epoch5(NODE0) | ep_epoch4(NODE1) | locked_epoch4(NODE0) | NODE0 = NODE1","6","-----1----0-----------0---------------","4","67","3","1100010020","1100010020","e1e0l0","-----1----0-","--","--------0---","------------","1","1","0","0","0","1","0","0","2","0"
"186","3","forall NODE1,NODE0. ~ep_epoch5(NODE0) | locked_epoch2(NODE0) | locked_epoch2(NODE1) | NODE0 = NODE1","6","-----1------------00------------------","4","63","6","1000020020","1000020020","e1l0","-----1------","--","----00------","------------","1","0","0","0","0","2","0","0","2","0"
"187","3","forall NODE1,NODE0. ~ep_epoch5(NODE0) | locked_epoch3(NODE0) | locked_epoch3(NODE1) | NODE0 = NODE1","6","-----1--------------00----------------","4","63","6","1000020020","1000020020","e1l0","-----1------","--","------00----","------------","1","0","0","0","0","2","0","0","2","0"
"188","3","forall NODE1,NODE0. ~ep_epoch5(NODE0) | locked_epoch4(NODE0) | locked_epoch4(NODE1) | NODE0 = NODE1","6","-----1----------------00--------------","4","63","6","1000020020","1000020020","e1l0","-----1------","--","--------00--","------------","1","0","0","0","0","2","0","0","2","0"
"189","3","forall NODE1,NODE0. ~held(NODE0) | ~locked_epoch4(NODE1) | ep_epoch4(NODE1) | NODE0 = NODE1","6","----------0-1----------1--------------","4","45","2","0110100020","0110100020","e0h1l1","----------0-","1-","---------1--","------------","0","1","1","0","1","0","0","0","2","0"
"190","3","forall NODE1,NODE0. ~held(NODE0) | ~locked_epoch4(NODE1) | ep_epoch5(NODE0) | NODE0 = NODE1","6","-----0------1----------1--------------","4","45","2","0110100020","0110100020","e0h1l1","-----0------","1-","---------1--","------------","0","1","1","0","1","0","0","0","2","0"
"191","3","forall NODE1,NODE0. ~held(NODE0) | ~locked_epoch4(NODE1) | locked_epoch5(NODE0) | NODE0 = NODE1","6","------------1----------10-------------","4","39","1","0010110020","0010110020","h1l1l0","------------","1-","---------10-","------------","0","0","1","0","1","1","0","0","2","0"
"192","3","forall NODE1,NODE0. ~locked_epoch2(NODE0) | ~transfer_epoch3(NODE1) | ep_epoch2(NODE0)","5","--0---------------1-------------1-----","3","25","3","0100101020","0100101020","e0l1t1","--0---------","--","----1-------","------1-----","0","1","0","0","1","0","1","0","2","0"
"193","3","forall NODE1,NODE0. ~locked_epoch3(NODE0) | ~transfer_epoch4(NODE1) | ep_epoch3(NODE0)","5","---0----------------1-------------1---","3","25","3","0100101020","0100101020","e0l1t1","---0--------","--","------1-----","--------1---","0","1","0","0","1","0","1","0","2","0"
"194","3","forall NODE1,NODE0. ~locked_epoch3(NODE0) | locked_epoch2(NODE0) | locked_epoch2(NODE1) | NODE0 = NODE1","6","------------------001-----------------","4","36","6","0000120020","0000120020","l1l0","------------","--","----001-----","------------","0","0","0","0","1","2","0","0","2","0"
"195","3","forall NODE1,NODE0. ~locked_epoch4(NODE0) | ~locked_epoch5(NODE1) | ep_epoch4(NODE0) | NODE0 = NODE1","6","----0-----------------1--1------------","4","43","1","0100200020","0100200020","e0l1","----0-------","--","--------1--1","------------","0","1","0","0","2","0","0","0","2","0"
"196","3","forall NODE1,NODE0. ~locked_epoch4(NODE0) | ~transfer_epoch5(NODE1) | ep_epoch4(NODE0)","5","----0-----------------1-------------1-","3","25","3","0100101020","0100101020","e0l1t1","----0-------","--","--------1---","----------1-","0","1","0","0","1","0","1","0","2","0"
"197","3","forall NODE0. ~locked_epoch4(NODE0) | ep_epoch4(NODE0) | ep_epoch5(NODE0)","4","----00----------------1---------------","3","20","1","0200100010","0200100010","e0l1","----00------","--","--------1---","------------","0","2","0","0","1","0","0","0","1","0"
"198","3","forall NODE0. ~locked_epoch4(NODE0) | ep_epoch4(NODE0) | held(NODE0)","4","----0-------0---------1---------------","3","19","1","0101100010","0101100010","e0h0l1","----0-------","0-","--------1---","------------","0","1","0","1","1","0","0","0","1","0"
"199","3","forall NODE0. ~locked_epoch4(NODE0) | ep_epoch4(NODE0) | locked_epoch5(NODE0)","4","----0-----------------1-0-------------","3","18","1","0100110010","0100110010","e0l1l0","----0-------","--","--------1-0-","------------","0","1","0","0","1","1","0","0","1","0"
"200","3","forall NODE1,NODE0. ~locked_epoch4(NODE0) | locked_epoch2(NODE0) | locked_epoch2(NODE1) | NODE0 = NODE1","6","------------------00--1---------------","4","36","6","0000120020","0000120020","l1l0","------------","--","----00--1---","------------","0","0","0","0","1","2","0","0","2","0"
"201","3","forall NODE1,NODE0. ~locked_epoch4(NODE0) | locked_epoch3(NODE0) | locked_epoch3(NODE1) | NODE0 = NODE1","6","--------------------001---------------","4","36","6","0000120020","0000120020","l1l0","------------","--","------001---","------------","0","0","0","0","1","2","0","0","2","0"
"202","3","forall NODE1,NODE0. ~locked_epoch5(NODE0) | ep_epoch4(NODE1) | locked_epoch4(NODE0) | NODE0 = NODE1","6","----------0-----------0-1-------------","4","40","1","0100110020","0100110020","e0l1l0","----------0-","--","--------0-1-","------------","0","1","0","0","1","1","0","0","2","0"
"203","3","forall NODE1,NODE0. ~locked_epoch5(NODE0) | locked_epoch2(NODE0) | locked_epoch2(NODE1) | NODE0 = NODE1","6","------------------00----1-------------","4","36","6","0000120020","0000120020","l1l0","------------","--","----00----1-","------------","0","0","0","0","1","2","0","0","2","0"
"204","3","forall NODE1,NODE0. ~locked_epoch5(NODE0) | locked_epoch3(NODE0) | locked_epoch3(NODE1) | NODE0 = NODE1","6","--------------------00--1-------------","4","36","6","0000120020","0000120020","l1l0","------------","--","------00--1-","------------","0","0","0","0","1","2","0","0","2","0"
"205","3","forall NODE1,NODE0. ~locked_epoch5(NODE0) | locked_epoch4(NODE0) | locked_epoch4(NODE1) | NODE0 = NODE1","6","----------------------001-------------","4","36","6","0000120020","0000120020","l1l0","------------","--","--------001-","------------","0","0","0","0","1","2","0","0","2","0"
"206","3","forall NODE1,NODE0. ~transfer_epoch2(NODE0) | ep_epoch0(NODE0) | ep_epoch0(NODE1) | NODE0 = NODE1","6","0-----0-----------------------1-------","4","46","6","0200001020","0200001020","e0t1","0-----0-----","--","------------","----1-------","0","2","0","0","0","0","1","0","2","0"
"207","3","forall NODE1,NODE0. ~transfer_epoch2(NODE0) | ep_epoch0(NODE1) | ep_epoch1(NODE1)","5","00----------------------------1-------","3","46","6","0200001020","0200001020","e0t1","00----------","--","------------","----1-------","0","2","0","0","0","0","1","0","2","0"
"208","3","forall NODE1,NODE0. ~transfer_epoch2(NODE0) | ep_epoch1(NODE0) | ep_epoch1(NODE1) | NODE0 = NODE1","6","-0-----0----------------------1-------","4","46","6","0200001020","0200001020","e0t1","-0-----0----","--","------------","----1-------","0","2","0","0","0","0","1","0","2","0"
"209","3","forall NODE1,NODE0. ~transfer_epoch3(NODE0) | ep_epoch2(NODE0) | ep_epoch2(NODE1) | NODE0 = NODE1","6","--0-----0-----------------------1-----","4","46","6","0200001020","0200001020","e0t1","--0-----0---","--","------------","------1-----","0","2","0","0","0","0","1","0","2","0"
"210","3","forall NODE1,NODE2,NODE0. ~transfer_epoch3(NODE0) | ep_epoch2(NODE1) | locked_epoch2(NODE2) | ((NODE0 ~= NODE2 | NODE0 = NODE1) & (NODE0 ~= NODE1 | NODE0 = NODE2))","10","--0----------------0------------1-----","7","238","3","0100011030","0100011030","e0l0t1","--0---------","--","-----0------","------1-----","0","1","0","0","0","1","1","0","3","0"
"211","3","forall NODE1,NODE0. ~transfer_epoch3(NODE0) | locked_epoch2(NODE0) | locked_epoch2(NODE1) | NODE0 = NODE1","6","------------------00------------1-----","4","35","6","0000021020","0000021020","l0t1","------------","--","----00------","------1-----","0","0","0","0","0","2","1","0","2","0"
"212","3","forall NODE1,NODE0. ~transfer_epoch4(NODE0) | ep_epoch3(NODE0) | ep_epoch3(NODE1) | NODE0 = NODE1","6","---0-----0------------------------1---","4","46","6","0200001020","0200001020","e0t1","---0-----0--","--","------------","--------1---","0","2","0","0","0","0","1","0","2","0"
"213","3","forall NODE1,NODE2,NODE0. ~transfer_epoch4(NODE0) | ep_epoch3(NODE1) | locked_epoch3(NODE2) | ((NODE0 ~= NODE1 | NODE0 = NODE2) & (NODE0 ~= NODE2 | NODE0 = NODE1))","10","---0-----------------0------------1---","7","238","3","0100011030","0100011030","e0l0t1","---0--------","--","-------0----","--------1---","0","1","0","0","0","1","1","0","3","0"
"214","3","forall NODE1,NODE0. ~transfer_epoch4(NODE0) | locked_epoch2(NODE0) | locked_epoch2(NODE1) | NODE0 = NODE1","6","------------------00--------------1---","4","35","6","0000021020","0000021020","l0t1","------------","--","----00------","--------1---","0","0","0","0","0","2","1","0","2","0"
"215","3","forall NODE1,NODE0. ~transfer_epoch4(NODE0) | locked_epoch3(NODE0) | locked_epoch3(NODE1) | NODE0 = NODE1","6","--------------------00------------1---","4","35","6","0000021020","0000021020","l0t1","------------","--","------00----","--------1---","0","0","0","0","0","2","1","0","2","0"
"216","3","forall NODE1,NODE0. ~transfer_epoch5(NODE0) | ep_epoch4(NODE0) | ep_epoch4(NODE1) | NODE0 = NODE1","6","----0-----0-------------------------1-","4","46","6","0200001020","0200001020","e0t1","----0-----0-","--","------------","----------1-","0","2","0","0","0","0","1","0","2","0"
"217","3","forall NODE1,NODE2,NODE0. ~transfer_epoch5(NODE0) | ep_epoch4(NODE1) | locked_epoch4(NODE2) | ((NODE0 ~= NODE1 | NODE0 = NODE2) & (NODE0 ~= NODE2 | NODE0 = NODE1))","10","----0------------------0------------1-","7","238","3","0100011030","0100011030","e0l0t1","----0-------","--","---------0--","----------1-","0","1","0","0","0","1","1","0","3","0"
"218","3","forall NODE1,NODE0. ~transfer_epoch5(NODE0) | locked_epoch2(NODE0) | locked_epoch2(NODE1) | NODE0 = NODE1","6","------------------00----------------1-","4","35","6","0000021020","0000021020","l0t1","------------","--","----00------","----------1-","0","0","0","0","0","2","1","0","2","0"
"219","3","forall NODE1,NODE0. ~transfer_epoch5(NODE0) | locked_epoch3(NODE0) | locked_epoch3(NODE1) | NODE0 = NODE1","6","--------------------00--------------1-","4","35","6","0000021020","0000021020","l0t1","------------","--","------00----","----------1-","0","0","0","0","0","2","1","0","2","0"
"220","3","forall NODE1,NODE0. ~transfer_epoch5(NODE0) | locked_epoch4(NODE0) | locked_epoch4(NODE1) | NODE0 = NODE1","6","----------------------00------------1-","4","35","6","0000021020","0000021020","l0t1","------------","--","--------00--","----------1-","0","0","0","0","0","2","1","0","2","0"
"221","4","forall NODE1,NODE0. ~ep_epoch0(NODE0) | ~locked_epoch2(NODE1) | ep_epoch2(NODE1) | locked_epoch3(NODE1) | NODE0 = NODE1","7","1-------0----------1-0----------------","5","105","9","1100110020","1100110020","e1e0l1l0","1-------0---","--","-----1-0----","------------","1","1","0","0","1","1","0","0","2","0"
"222","4","forall NODE1,NODE0. ~ep_epoch0(NODE0) | ~locked_epoch3(NODE1) | ep_epoch3(NODE1) | locked_epoch4(NODE1) | NODE0 = NODE1","7","1--------0-----------1-0--------------","5","105","9","1100110020","1100110020","e1e0l1l0","1--------0--","--","-------1-0--","------------","1","1","0","0","1","1","0","0","2","0"
"223","4","forall NODE1,NODE0. ~ep_epoch0(NODE0) | ep_epoch1(NODE1) | ep_epoch2(NODE1) | locked_epoch3(NODE1) | NODE0 = NODE1","7","1------00------------0----------------","5","111","5","1200010020","1200010020","e1e0l0","1------00---","--","-------0----","------------","1","2","0","0","0","1","0","0","2","0"
"224","4","forall NODE1,NODE0. ~ep_epoch1(NODE0) | ~held(NODE1) | ep_epoch2(NODE1) | locked_epoch3(NODE1) | NODE0 = NODE1","7","-1------0----1-------0----------------","5","109","5","1110010020","1110010020","e1e0h1l0","-1------0---","-1","-------0----","------------","1","1","1","0","0","1","0","0","2","0"
"225","4","forall NODE1,NODE0. ~ep_epoch1(NODE0) | ~locked_epoch2(NODE1) | ep_epoch2(NODE1) | locked_epoch3(NODE1) | NODE0 = NODE1","7","-1------0----------1-0----------------","5","105","9","1100110020","1100110020","e1e0l1l0","-1------0---","--","-----1-0----","------------","1","1","0","0","1","1","0","0","2","0"
"226","4","forall NODE1,NODE0. ~ep_epoch1(NODE0) | ~locked_epoch3(NODE1) | ep_epoch3(NODE1) | locked_epoch4(NODE1) | NODE0 = NODE1","7","-1-------0-----------1-0--------------","5","105","9","1100110020","1100110020","e1e0l1l0","-1-------0--","--","-------1-0--","------------","1","1","0","0","1","1","0","0","2","0"
"227","4","forall NODE1,NODE0. ~ep_epoch1(NODE0) | ep_epoch0(NODE1) | ep_epoch2(NODE1) | locked_epoch3(NODE1) | NODE0 = NODE1","7","-1----0-0------------0----------------","5","111","5","1200010020","1200010020","e1e0l0","-1----0-0---","--","-------0----","------------","1","2","0","0","0","1","0","0","2","0"
"228","4","forall NODE1,NODE0. ~ep_epoch2(NODE0) | ~held(NODE0) | ep_epoch0(NODE1) | ep_epoch1(NODE1) | NODE0 = NODE1","7","--1---00----1-------------------------","5","113","2","1210000020","1210000020","e1e0h1","--1---00----","1-","------------","------------","1","2","1","0","0","0","0","0","2","0"
"229","4","forall NODE1,NODE0. ~ep_epoch2(NODE0) | ~held(NODE1) | ep_epoch3(NODE1) | locked_epoch4(NODE1) | NODE0 = NODE1","7","--1------0---1---------0--------------","5","109","5","1110010020","1110010020","e1e0h1l0","--1------0--","-1","---------0--","------------","1","1","1","0","0","1","0","0","2","0"
"230","4","forall NODE1,NODE0. ~ep_epoch2(NODE0) | ~locked_epoch3(NODE1) | ep_epoch3(NODE1) | locked_epoch4(NODE1) | NODE0 = NODE1","7","--1------0-----------1-0--------------","5","105","9","1100110020","1100110020","e1e0l1l0","--1------0--","--","-------1-0--","------------","1","1","0","0","1","1","0","0","2","0"
"231","4","forall NODE1,NODE2,NODE0. ~ep_epoch2(NODE0) | ~transfer_epoch3(NODE1) | ep_epoch0(NODE2) | ep_epoch1(NODE2) | ((NODE0 ~= NODE1 | NODE0 = NODE2) & (NODE1 ~= NODE2 | NODE0 = NODE1))","11","--1---00------------------------1-----","8","326","1","1200001030","1200001030","e1e0t1","--1---00----","--","------------","------1-----","1","2","0","0","0","0","1","0","3","0"
"232","4","forall NODE1,NODE0. ~ep_epoch2(NODE0) | ep_epoch0(NODE1) | ep_epoch1(NODE1) | locked_epoch3(NODE1) | NODE0 = NODE1","7","--1---00-------------0----------------","5","111","5","1200010020","1200010020","e1e0l0","--1---00----","--","-------0----","------------","1","2","0","0","0","1","0","0","2","0"
"233","4","forall NODE1,NODE0. ~ep_epoch3(NODE0) | ~held(NODE0) | ~locked_epoch2(NODE1) | ep_epoch2(NODE1) | NODE0 = NODE1","7","---1----0---1------1------------------","5","110","2","1110100020","1110100020","e1e0h1l1","---1----0---","1-","-----1------","------------","1","1","1","0","1","0","0","0","2","0"
"234","4","forall NODE1,NODE0. ~ep_epoch3(NODE0) | ~held(NODE0) | ep_epoch2(NODE1) | locked_epoch2(NODE0) | NODE0 = NODE1","7","---1----0---1-----0-------------------","5","109","5","1110010020","1110010020","e1e0h1l0","---1----0---","1-","----0-------","------------","1","1","1","0","0","1","0","0","2","0"
"235","4","forall NODE1,NODE0. ~ep_epoch3(NODE0) | ~held(NODE1) | ep_epoch4(NODE1) | ep_epoch5(NODE1) | NODE0 = NODE1","7","---1------00-1------------------------","5","113","2","1210000020","1210000020","e1e0h1","---1------00","-1","------------","------------","1","2","1","0","0","0","0","0","2","0"
"236","4","forall NODE1,NODE0. ~ep_epoch3(NODE0) | ~held(NODE1) | ep_epoch4(NODE1) | locked_epoch5(NODE1) | NODE0 = NODE1","7","---1------0--1-----------0------------","5","109","5","1110010020","1110010020","e1e0h1l0","---1------0-","-1","-----------0","------------","1","1","1","0","0","1","0","0","2","0"
"237","4","forall NODE1,NODE2,NODE0. ~ep_epoch3(NODE0) | ~locked_epoch2(NODE1) | ~transfer_epoch4(NODE2) | ep_epoch2(NODE1) | ((NODE1 ~= NODE2 | NODE0 = NODE1) & (NODE0 ~= NODE2 | NODE0 = NODE1))","11","---1----0----------1--------------1---","8","322","2","1100101030","1100101030","e1e0l1t1","---1----0---","--","-----1------","--------1---","1","1","0","0","1","0","1","0","3","0"
"238","4","forall NODE1,NODE0. ~ep_epoch3(NODE0) | ~locked_epoch2(NODE1) | ep_epoch2(NODE1) | locked_epoch4(NODE1) | NODE0 = NODE1","7","---1----0----------1---0--------------","5","105","9","1100110020","1100110020","e1e0l1l0","---1----0---","--","-----1---0--","------------","1","1","0","0","1","1","0","0","2","0"
"239","4","forall NODE1,NODE2,NODE0. ~ep_epoch3(NODE0) | ~transfer_epoch4(NODE1) | ep_epoch2(NODE2) | locked_epoch2(NODE0) | ((NODE0 ~= NODE1 | NODE0 = NODE2) & (NODE1 ~= NODE2 | NODE0 = NODE1))","11","---1----0---------0---------------1---","8","321","2","1100011030","1100011030","e1e0l0t1","---1----0---","--","----0-------","--------1---","1","1","0","0","0","1","1","0","3","0"
"240","4","forall NODE1,NODE0. ~ep_epoch3(NODE0) | ep_epoch2(NODE1) | locked_epoch2(NODE0) | locked_epoch4(NODE1) | NODE0 = NODE1","7","---1----0---------0----0--------------","5","104","3","1100020020","1100020020","e1e0l0","---1----0---","--","----0----0--","------------","1","1","0","0","0","2","0","0","2","0"
"241","4","forall NODE1,NODE0. ~ep_epoch4(NODE0) | ~held(NODE0) | ~locked_epoch3(NODE1) | ep_epoch3(NODE1) | NODE0 = NODE1","7","----1----0--1--------1----------------","5","110","2","1110100020","1110100020","e1e0h1l1","----1----0--","1-","-------1----","------------","1","1","1","0","1","0","0","0","2","0"
"242","4","forall NODE1,NODE0. ~ep_epoch4(NODE0) | ~held(NODE0) | ep_epoch3(NODE1) | locked_epoch3(NODE0) | NODE0 = NODE1","7","----1----0--1-------0-----------------","5","109","5","1110010020","1110010020","e1e0h1l0","----1----0--","1-","------0-----","------------","1","1","1","0","0","1","0","0","2","0"
"243","4","forall NODE1,NODE2,NODE0. ~ep_epoch4(NODE0) | ~locked_epoch3(NODE1) | ~transfer_epoch5(NODE2) | ep_epoch3(NODE1) | ((NODE0 ~= NODE2 | NODE0 = NODE1) & (NODE1 ~= NODE2 | NODE0 = NODE1))","11","----1----0-----------1--------------1-","8","322","2","1100101030","1100101030","e1e0l1t1","----1----0--","--","-------1----","----------1-","1","1","0","0","1","0","1","0","3","0"
"244","4","forall NODE1,NODE0. ~ep_epoch4(NODE0) | ~locked_epoch3(NODE1) | ep_epoch3(NODE1) | ep_epoch5(NODE1) | NODE0 = NODE1","7","----1----0-0---------1----------------","5","112","2","1200100020","1200100020","e1e0l1","----1----0-0","--","-------1----","------------","1","2","0","0","1","0","0","0","2","0"
"245","4","forall NODE1,NODE0. ~ep_epoch4(NODE0) | ~locked_epoch3(NODE1) | ep_epoch3(NODE1) | held(NODE1) | NODE0 = NODE1","7","----1----0---0-------1----------------","5","108","1","1101100020","1101100020","e1e0h0l1","----1----0--","-0","-------1----","------------","1","1","0","1","1","0","0","0","2","0"
"246","4","forall NODE1,NODE0. ~ep_epoch4(NODE0) | ~locked_epoch3(NODE1) | ep_epoch3(NODE1) | locked_epoch5(NODE1) | NODE0 = NODE1","7","----1----0-----------1---0------------","5","105","9","1100110020","1100110020","e1e0l1l0","----1----0--","--","-------1---0","------------","1","1","0","0","1","1","0","0","2","0"
"247","4","forall NODE1,NODE2,NODE0. ~ep_epoch4(NODE0) | ~transfer_epoch5(NODE1) | ep_epoch3(NODE2) | locked_epoch3(NODE0) | ((NODE1 ~= NODE2 | NODE0 = NODE1) & (NODE0 ~= NODE1 | NODE0 = NODE2))","11","----1----0----------0---------------1-","8","321","2","1100011030","1100011030","e1e0l0t1","----1----0--","--","------0-----","----------1-","1","1","0","0","0","1","1","0","3","0"
"248","4","forall NODE1,NODE0. ~ep_epoch4(NODE0) | ep_epoch3(NODE1) | ep_epoch5(NODE1) | locked_epoch3(NODE0) | NODE0 = NODE1","7","----1----0-0--------0-----------------","5","111","5","1200010020","1200010020","e1e0l0","----1----0-0","--","------0-----","------------","1","2","0","0","0","1","0","0","2","0"
"249","4","forall NODE1,NODE0. ~ep_epoch4(NODE0) | ep_epoch3(NODE1) | held(NODE1) | locked_epoch3(NODE0) | NODE0 = NODE1","7","----1----0---0------0-----------------","5","107","1","1101010020","1101010020","e1e0h0l0","----1----0--","-0","------0-----","------------","1","1","0","1","0","1","0","0","2","0"
"250","4","forall NODE1,NODE0. ~ep_epoch4(NODE0) | ep_epoch3(NODE1) | locked_epoch3(NODE0) | locked_epoch5(NODE1) | NODE0 = NODE1","7","----1----0----------0----0------------","5","104","3","1100020020","1100020020","e1e0l0","----1----0--","--","------0----0","------------","1","1","0","0","0","2","0","0","2","0"
"251","4","forall NODE1,NODE0. ~ep_epoch5(NODE0) | ~locked_epoch3(NODE1) | ~locked_epoch4(NODE0) | ep_epoch3(NODE1) | NODE0 = NODE1","7","-----1---0-----------11---------------","5","106","1","1100200020","1100200020","e1e0l1","-----1---0--","--","-------11---","------------","1","1","0","0","2","0","0","0","2","0"
"252","4","forall NODE1,NODE0. ~ep_epoch5(NODE0) | ~locked_epoch3(NODE1) | ep_epoch3(NODE1) | ep_epoch4(NODE1) | NODE0 = NODE1","7","-----1---00----------1----------------","5","112","2","1200100020","1200100020","e1e0l1","-----1---00-","--","-------1----","------------","1","2","0","0","1","0","0","0","2","0"
"253","4","forall NODE1,NODE0. ~ep_epoch5(NODE0) | ~locked_epoch3(NODE1) | ep_epoch3(NODE1) | locked_epoch4(NODE1) | NODE0 = NODE1","7","-----1---0-----------1-0--------------","5","105","9","1100110020","1100110020","e1e0l1l0","-----1---0--","--","-------1-0--","------------","1","1","0","0","1","1","0","0","2","0"
"254","4","forall NODE1,NODE0. ~ep_epoch5(NODE0) | ~locked_epoch4(NODE0) | ep_epoch3(NODE1) | locked_epoch3(NODE0) | NODE0 = NODE1","7","-----1---0----------0-1---------------","5","105","9","1100110020","1100110020","e1e0l1l0","-----1---0--","--","------0-1---","------------","1","1","0","0","1","1","0","0","2","0"
"255","4","forall NODE1,NODE0. ~ep_epoch5(NODE0) | ep_epoch3(NODE1) | ep_epoch4(NODE1) | locked_epoch3(NODE0) | NODE0 = NODE1","7","-----1---00---------0-----------------","5","111","5","1200010020","1200010020","e1e0l0","-----1---00-","--","------0-----","------------","1","2","0","0","0","1","0","0","2","0"
"256","4","forall NODE1,NODE0. ~ep_epoch5(NODE0) | ep_epoch3(NODE1) | locked_epoch3(NODE0) | locked_epoch4(NODE1) | NODE0 = NODE1","7","-----1---0----------0--0--------------","5","104","3","1100020020","1100020020","e1e0l0","-----1---0--","--","------0--0--","------------","1","1","0","0","0","2","0","0","2","0"
"257","4","forall NODE1,NODE0. ~held(NODE0) | ~locked_epoch2(NODE1) | locked_epoch3(NODE0) | locked_epoch3(NODE1) | NODE0 = NODE1","7","------------1------100----------------","5","72","3","0010120020","0010120020","h1l1l0","------------","1-","-----100----","------------","0","0","1","0","1","2","0","0","2","0"
"258","4","forall NODE1,NODE0. ~held(NODE0) | ~locked_epoch3(NODE1) | ~locked_epoch4(NODE0) | ep_epoch3(NODE1) | NODE0 = NODE1","7","---------0--1--------11---------------","5","82","1","0110200020","0110200020","e0h1l1","---------0--","1-","-------11---","------------","0","1","1","0","2","0","0","0","2","0"
"259","4","forall NODE1,NODE0. ~held(NODE0) | ~locked_epoch3(NODE1) | ep_epoch3(NODE1) | ep_epoch4(NODE1) | NODE0 = NODE1","7","---------00-1--------1----------------","5","91","3","0210100020","0210100020","e0h1l1","---------00-","1-","-------1----","------------","0","2","1","0","1","0","0","0","2","0"
"260","4","forall NODE1,NODE0. ~held(NODE0) | ~locked_epoch3(NODE1) | ep_epoch3(NODE1) | ep_epoch5(NODE0) | NODE0 = NODE1","7","-----0---0--1--------1----------------","5","91","3","0210100020","0210100020","e0h1l1","-----0---0--","1-","-------1----","------------","0","2","1","0","1","0","0","0","2","0"
"261","4","forall NODE1,NODE0. ~held(NODE0) | ~locked_epoch3(NODE1) | ep_epoch3(NODE1) | locked_epoch4(NODE1) | NODE0 = NODE1","7","---------0--1--------1-0--------------","5","81","6","0110110020","0110110020","e0h1l1l0","---------0--","1-","-------1-0--","------------","0","1","1","0","1","1","0","0","2","0"
"262","4","forall NODE1,NODE0. ~held(NODE0) | ~locked_epoch3(NODE1) | ep_epoch3(NODE1) | locked_epoch5(NODE0) | NODE0 = NODE1","7","---------0--1--------1--0-------------","5","81","6","0110110020","0110110020","e0h1l1l0","---------0--","1-","-------1--0-","------------","0","1","1","0","1","1","0","0","2","0"
"263","4","forall NODE1,NODE0. ~held(NODE0) | ~locked_epoch3(NODE1) | ep_epoch4(NODE0) | ep_epoch5(NODE0) | NODE0 = NODE1","7","----00------1--------1----------------","5","91","3","0210100020","0210100020","e0h1l1","----00------","1-","-------1----","------------","0","2","1","0","1","0","0","0","2","0"
"264","4","forall NODE1,NODE0. ~held(NODE0) | ~locked_epoch3(NODE1) | ep_epoch4(NODE0) | locked_epoch5(NODE0) | NODE0 = NODE1","7","----0-------1--------1--0-------------","5","81","6","0110110020","0110110020","e0h1l1l0","----0-------","1-","-------1--0-","------------","0","1","1","0","1","1","0","0","2","0"
"265","4","forall NODE1,NODE0. ~held(NODE0) | ~locked_epoch3(NODE1) | ep_epoch4(NODE1) | locked_epoch4(NODE0) | NODE0 = NODE1","7","----------0-1--------10---------------","5","81","6","0110110020","0110110020","e0h1l1l0","----------0-","1-","-------10---","------------","0","1","1","0","1","1","0","0","2","0"
"266","4","forall NODE1,NODE0. ~held(NODE0) | ~locked_epoch3(NODE1) | ep_epoch5(NODE0) | locked_epoch4(NODE0) | NODE0 = NODE1","7","-----0------1--------10---------------","5","81","6","0110110020","0110110020","e0h1l1l0","-----0------","1-","-------10---","------------","0","1","1","0","1","1","0","0","2","0"
"267","4","forall NODE1,NODE0. ~held(NODE0) | ~locked_epoch3(NODE1) | locked_epoch4(NODE0) | locked_epoch4(NODE1) | NODE0 = NODE1","7","------------1--------100--------------","5","72","3","0010120020","0010120020","h1l1l0","------------","1-","-------100--","------------","0","0","1","0","1","2","0","0","2","0"
"268","4","forall NODE1,NODE0. ~held(NODE0) | ~locked_epoch3(NODE1) | locked_epoch4(NODE0) | locked_epoch5(NODE0) | NODE0 = NODE1","7","------------1--------10-0-------------","5","72","3","0010120020","0010120020","h1l1l0","------------","1-","-------10-0-","------------","0","0","1","0","1","2","0","0","2","0"
"269","4","forall NODE1,NODE0. ~held(NODE0) | ~locked_epoch4(NODE0) | ep_epoch3(NODE1) | locked_epoch3(NODE0) | NODE0 = NODE1","7","---------0--1-------0-1---------------","5","81","6","0110110020","0110110020","e0h1l1l0","---------0--","1-","------0-1---","------------","0","1","1","0","1","1","0","0","2","0"
"270","4","forall NODE1,NODE0. ~held(NODE0) | ep_epoch0(NODE1) | locked_epoch2(NODE0) | locked_epoch2(NODE1) | NODE0 = NODE1","7","------0-----1-----00------------------","5","79","2","0110020020","0110020020","e0h1l0","------0-----","1-","----00------","------------","0","1","1","0","0","2","0","0","2","0"
"271","4","forall NODE1,NODE0. ~held(NODE0) | ep_epoch1(NODE0) | locked_epoch2(NODE0) | locked_epoch2(NODE1) | NODE0 = NODE1","7","-0----------1-----00------------------","5","79","2","0110020020","0110020020","e0h1l0","-0----------","1-","----00------","------------","0","1","1","0","0","2","0","0","2","0"
"272","4","forall NODE1,NODE2,NODE0. ~locked_epoch2(NODE0) | ~locked_epoch3(NODE1) | ~transfer_epoch4(NODE2) | ep_epoch2(NODE0) | ((NODE0 ~= NODE2 | NODE0 = NODE1) & (NODE1 ~= NODE2 | NODE0 = NODE1))","11","--0---------------1--1------------1---","8","283","2","0100201030","0100201030","e0l1t1","--0---------","--","----1--1----","--------1---","0","1","0","0","2","0","1","0","3","0"
"273","4","forall NODE1,NODE2,NODE0. ~locked_epoch2(NODE0) | ~transfer_epoch3(NODE1) | ep_epoch0(NODE2) | ep_epoch1(NODE2) | ((NODE1 ~= NODE2 | NODE0 = NODE1) & (NODE0 ~= NODE1 | NODE0 = NODE2))","11","------00----------1-------------1-----","8","290","1","0200101030","0200101030","e0l1t1","------00----","--","----1-------","------1-----","0","2","0","0","1","0","1","0","3","0"
"274","4","forall NODE1,NODE0. ~locked_epoch2(NODE0) | ~transfer_epoch4(NODE1) | ep_epoch2(NODE0) | ep_epoch3(NODE0)","6","--00--------------1---------------1---","4","48","2","0200101020","0200101020","e0l1t1","--00--------","--","----1-------","--------1---","0","2","0","0","1","0","1","0","2","0"
"275","4","forall NODE1,NODE0. ~locked_epoch2(NODE0) | ~transfer_epoch4(NODE1) | ep_epoch2(NODE0) | locked_epoch3(NODE0)","6","--0---------------1-0-------------1---","4","41","2","0100111020","0100111020","e0l1l0t1","--0---------","--","----1-0-----","--------1---","0","1","0","0","1","1","1","0","2","0"
"276","4","forall NODE1,NODE0. ~locked_epoch2(NODE0) | ep_epoch2(NODE0) | locked_epoch3(NODE0) | locked_epoch3(NODE1) | NODE0 = NODE1","7","--0---------------1-00----------------","5","73","4","0100120020","0100120020","e0l1l0","--0---------","--","----1-00----","------------","0","1","0","0","1","2","0","0","2","0"
"277","4","forall NODE1,NODE0. ~locked_epoch3(NODE0) | ~locked_epoch4(NODE1) | ~locked_epoch5(NODE1) | ep_epoch3(NODE0) | NODE0 = NODE1","7","---0----------------1--1-1------------","5","76","1","0100300020","0100300020","e0l1","---0--------","--","------1--1-1","------------","0","1","0","0","3","0","0","0","2","0"
"278","4","forall NODE1,NODE2,NODE0. ~locked_epoch3(NODE0) | ~locked_epoch4(NODE1) | ~transfer_epoch5(NODE2) | ep_epoch3(NODE0) | ((NODE1 ~= NODE2 | NODE0 = NODE1) & (NODE0 ~= NODE2 | NODE0 = NODE1))","11","---0----------------1--1------------1-","8","283","2","0100201030","0100201030","e0l1t1","---0--------","--","------1--1--","----------1-","0","1","0","0","2","0","1","0","3","0"
"279","4","forall NODE1,NODE0. ~locked_epoch3(NODE0) | ~locked_epoch4(NODE1) | ep_epoch3(NODE0) | ep_epoch4(NODE1) | NODE0 = NODE1","7","---0------0---------1--1--------------","5","88","3","0200200020","0200200020","e0l1","---0------0-","--","------1--1--","------------","0","2","0","0","2","0","0","0","2","0"
"280","4","forall NODE1,NODE0. ~locked_epoch3(NODE0) | ~locked_epoch4(NODE1) | ep_epoch3(NODE0) | ep_epoch5(NODE0) | NODE0 = NODE1","7","---0-0--------------1--1--------------","5","88","3","0200200020","0200200020","e0l1","---0-0------","--","------1--1--","------------","0","2","0","0","2","0","0","0","2","0"
"281","4","forall NODE1,NODE0. ~locked_epoch3(NODE0) | ~locked_epoch4(NODE1) | ep_epoch3(NODE0) | held(NODE0) | NODE0 = NODE1","7","---0--------0-------1--1--------------","5","78","1","0101200020","0101200020","e0h0l1","---0--------","0-","------1--1--","------------","0","1","0","1","2","0","0","0","2","0"
"282","4","forall NODE1,NODE0. ~locked_epoch3(NODE0) | ~locked_epoch4(NODE1) | ep_epoch3(NODE0) | locked_epoch5(NODE0) | NODE0 = NODE1","7","---0----------------1--10-------------","5","75","3","0100210020","0100210020","e0l1l0","---0--------","--","------1--10-","------------","0","1","0","0","2","1","0","0","2","0"
"283","4","forall NODE1,NODE0. ~locked_epoch3(NODE0) | ~locked_epoch5(NODE1) | ep_epoch3(NODE0) | ep_epoch4(NODE0) | NODE0 = NODE1","7","---00---------------1----1------------","5","88","3","0200200020","0200200020","e0l1","---00-------","--","------1----1","------------","0","2","0","0","2","0","0","0","2","0"
"284","4","forall NODE1,NODE0. ~locked_epoch3(NODE0) | ~locked_epoch5(NODE1) | ep_epoch3(NODE0) | locked_epoch4(NODE0) | NODE0 = NODE1","7","---0----------------1-0--1------------","5","75","3","0100210020","0100210020","e0l1l0","---0--------","--","------1-0--1","------------","0","1","0","0","2","1","0","0","2","0"
"285","4","forall NODE1,NODE2,NODE0. ~locked_epoch3(NODE0) | ~transfer_epoch4(NODE1) | ep_epoch2(NODE2) | locked_epoch2(NODE0) | ((NODE0 ~= NODE1 | NODE0 = NODE2) & (NODE1 ~= NODE2 | NODE0 = NODE1))","11","--------0---------0-1-------------1---","8","282","2","0100111030","0100111030","e0l1l0t1","--------0---","--","----0-1-----","--------1---","0","1","0","0","1","1","1","0","3","0"
"286","4","forall NODE1,NODE0. ~locked_epoch3(NODE0) | ~transfer_epoch5(NODE1) | ep_epoch3(NODE0) | ep_epoch4(NODE0)","6","---00---------------1---------------1-","4","48","2","0200101020","0200101020","e0l1t1","---00-------","--","------1-----","----------1-","0","2","0","0","1","0","1","0","2","0"
"287","4","forall NODE1,NODE0. ~locked_epoch3(NODE0) | ~transfer_epoch5(NODE1) | ep_epoch3(NODE0) | locked_epoch4(NODE0)","6","---0----------------1-0-------------1-","4","41","2","0100111020","0100111020","e0l1l0t1","---0--------","--","------1-0---","----------1-","0","1","0","0","1","1","1","0","2","0"
"288","4","forall NODE0. ~locked_epoch3(NODE0) | ep_epoch3(NODE0) | ep_epoch4(NODE0) | ep_epoch5(NODE0)","5","---000--------------1-----------------","4","31","1","0300100010","0300100010","e0l1","---000------","--","------1-----","------------","0","3","0","0","1","0","0","0","1","0"
"289","4","forall NODE0. ~locked_epoch3(NODE0) | ep_epoch3(NODE0) | ep_epoch4(NODE0) | held(NODE0)","5","---00-------0-------1-----------------","4","29","1","0201100010","0201100010","e0h0l1","---00-------","0-","------1-----","------------","0","2","0","1","1","0","0","0","1","0"
"290","4","forall NODE0. ~locked_epoch3(NODE0) | ep_epoch3(NODE0) | ep_epoch4(NODE0) | locked_epoch5(NODE0)","5","---00---------------1---0-------------","4","28","2","0200110010","0200110010","e0l1l0","---00-------","--","------1---0-","------------","0","2","0","0","1","1","0","0","1","0"
"291","4","forall NODE1,NODE0. ~locked_epoch3(NODE0) | ep_epoch3(NODE0) | ep_epoch4(NODE1) | locked_epoch4(NODE0) | NODE0 = NODE1","7","---0------0---------1-0---------------","5","86","4","0200110020","0200110020","e0l1l0","---0------0-","--","------1-0---","------------","0","2","0","0","1","1","0","0","2","0"
"292","4","forall NODE0. ~locked_epoch3(NODE0) | ep_epoch3(NODE0) | ep_epoch5(NODE0) | locked_epoch4(NODE0)","5","---0-0--------------1-0---------------","4","28","2","0200110010","0200110010","e0l1l0","---0-0------","--","------1-0---","------------","0","2","0","0","1","1","0","0","1","0"
"293","4","forall NODE0. ~locked_epoch3(NODE0) | ep_epoch3(NODE0) | held(NODE0) | locked_epoch4(NODE0)","5","---0--------0-------1-0---------------","4","27","1","0101110010","0101110010","e0h0l1l0","---0--------","0-","------1-0---","------------","0","1","0","1","1","1","0","0","1","0"
"294","4","forall NODE1,NODE0. ~locked_epoch3(NODE0) | ep_epoch3(NODE0) | locked_epoch4(NODE0) | locked_epoch4(NODE1) | NODE0 = NODE1","7","---0----------------1-00--------------","5","73","4","0100120020","0100120020","e0l1l0","---0--------","--","------1-00--","------------","0","1","0","0","1","2","0","0","2","0"
"295","4","forall NODE0. ~locked_epoch3(NODE0) | ep_epoch3(NODE0) | locked_epoch4(NODE0) | locked_epoch5(NODE0)","5","---0----------------1-0-0-------------","4","26","1","0100120010","0100120010","e0l1l0","---0--------","--","------1-0-0-","------------","0","1","0","0","1","2","0","0","1","0"
"296","4","forall NODE1,NODE0. ~locked_epoch4(NODE0) | ~locked_epoch5(NODE0) | ep_epoch3(NODE1) | locked_epoch3(NODE0) | NODE0 = NODE1","7","---------0----------0-1-1-------------","5","75","3","0100210020","0100210020","e0l1l0","---------0--","--","------0-1-1-","------------","0","1","0","0","2","1","0","0","2","0"
"297","4","forall NODE1,NODE2,NODE0. ~locked_epoch4(NODE0) | ~transfer_epoch5(NODE1) | ep_epoch3(NODE2) | locked_epoch3(NODE0) | ((NODE1 ~= NODE2 | NODE0 = NODE1) & (NODE0 ~= NODE1 | NODE0 = NODE2))","11","---------0----------0-1-------------1-","8","282","2","0100111030","0100111030","e0l1l0t1","---------0--","--","------0-1---","----------1-","0","1","0","0","1","1","1","0","3","0"
"298","4","forall NODE1,NODE0. ~locked_epoch4(NODE0) | ep_epoch3(NODE1) | ep_epoch4(NODE0) | locked_epoch3(NODE0) | NODE0 = NODE1","7","----0----0----------0-1---------------","5","86","4","0200110020","0200110020","e0l1l0","----0----0--","--","------0-1---","------------","0","2","0","0","1","1","0","0","2","0"
"299","4","forall NODE1,NODE0. ~locked_epoch4(NODE0) | ep_epoch3(NODE1) | ep_epoch5(NODE1) | locked_epoch3(NODE0) | NODE0 = NODE1","7","---------0-0--------0-1---------------","5","86","4","0200110020","0200110020","e0l1l0","---------0-0","--","------0-1---","------------","0","2","0","0","1","1","0","0","2","0"
"300","4","forall NODE1,NODE0. ~locked_epoch4(NODE0) | ep_epoch3(NODE1) | held(NODE1) | locked_epoch3(NODE0) | NODE0 = NODE1","7","---------0---0------0-1---------------","5","77","1","0101110020","0101110020","e0h0l1l0","---------0--","-0","------0-1---","------------","0","1","0","1","1","1","0","0","2","0"
"301","4","forall NODE1,NODE0. ~locked_epoch4(NODE0) | ep_epoch3(NODE1) | locked_epoch3(NODE0) | locked_epoch5(NODE1) | NODE0 = NODE1","7","---------0----------0-1--0------------","5","73","4","0100120020","0100120020","e0l1l0","---------0--","--","------0-1--0","------------","0","1","0","0","1","2","0","0","2","0"
"302","4","forall NODE1,NODE0. ~locked_epoch5(NODE0) | ep_epoch3(NODE1) | ep_epoch4(NODE1) | locked_epoch3(NODE0) | NODE0 = NODE1","7","---------00---------0---1-------------","5","86","4","0200110020","0200110020","e0l1l0","---------00-","--","------0---1-","------------","0","2","0","0","1","1","0","0","2","0"
"303","4","forall NODE1,NODE0. ~locked_epoch5(NODE0) | ep_epoch3(NODE1) | locked_epoch3(NODE0) | locked_epoch4(NODE1) | NODE0 = NODE1","7","---------0----------0--01-------------","5","73","4","0100120020","0100120020","e0l1l0","---------0--","--","------0--01-","------------","0","1","0","0","1","2","0","0","2","0"
"304","4","forall NODE1,NODE0. ~transfer_epoch3(NODE0) | ep_epoch0(NODE1) | ep_epoch1(NODE1) | ep_epoch2(NODE1)","6","000-----------------------------1-----","4","53","1","0300001020","0300001020","e0t1","000---------","--","------------","------1-----","0","3","0","0","0","0","1","0","2","0"
"305","4","forall NODE1,NODE0. ~transfer_epoch3(NODE0) | ep_epoch0(NODE1) | ep_epoch1(NODE1) | locked_epoch2(NODE1)","6","00----------------0-------------1-----","4","47","1","0200011020","0200011020","e0l0t1","00----------","--","----0-------","------1-----","0","2","0","0","0","1","1","0","2","0"
"306","4","forall NODE1,NODE2,NODE0. ~transfer_epoch4(NODE0) | ep_epoch2(NODE1) | ep_epoch3(NODE1) | locked_epoch2(NODE2) | ((NODE0 ~= NODE2 | NODE0 = NODE1) & (NODE0 ~= NODE1 | NODE0 = NODE2))","11","--00---------------0--------------1---","8","289","2","0200011030","0200011030","e0l0t1","--00--------","--","-----0------","--------1---","0","2","0","0","0","1","1","0","3","0"
"307","4","forall NODE1,NODE2,NODE0. ~transfer_epoch4(NODE0) | ep_epoch2(NODE1) | locked_epoch2(NODE2) | locked_epoch3(NODE1) | ((NODE0 ~= NODE2 | NODE0 = NODE1) & (NODE0 ~= NODE1 | NODE0 = NODE2))","11","--0----------------00-------------1---","8","281","2","0100021030","0100021030","e0l0t1","--0---------","--","-----00-----","--------1---","0","1","0","0","0","2","1","0","3","0"
"308","4","forall NODE1,NODE2,NODE0. ~transfer_epoch5(NODE0) | ep_epoch3(NODE1) | ep_epoch4(NODE1) | locked_epoch3(NODE2) | ((NODE0 ~= NODE1 | NODE0 = NODE2) & (NODE0 ~= NODE2 | NODE0 = NODE1))","11","---00----------------0--------------1-","8","289","2","0200011030","0200011030","e0l0t1","---00-------","--","-------0----","----------1-","0","2","0","0","0","1","1","0","3","0"
"309","4","forall NODE1,NODE2,NODE0. ~transfer_epoch5(NODE0) | ep_epoch3(NODE1) | locked_epoch3(NODE2) | locked_epoch4(NODE1) | ((NODE0 ~= NODE1 | NODE0 = NODE2) & (NODE0 ~= NODE2 | NODE0 = NODE1))","11","---0-----------------00-------------1-","8","281","2","0100021030","0100021030","e0l0t1","---0--------","--","-------00---","----------1-","0","1","0","0","0","2","1","0","3","0"
"310","2","exists NODE0. ep_epoch0(NODE0) | locked_epoch2(NODE0)","3","0-----0-----------00------------------","2","8","2","e0l0","0200020001","e0l0","0-----0-----","--","----00------","------------","0","2","0","0","0","2","0","0","0","1"
"311","4","forall NODE1,NODE0. ep_epoch0(NODE0) | ep_epoch1(NODE0) | locked_epoch2(NODE0) | locked_epoch2(NODE1) | NODE0 = NODE1","7","00----------------00------------------","5","83","1","0200020020","0200020020","e0l0","00----------","--","----00------","------------","0","2","0","0","0","2","0","0","2","0"
"312","2","exists NODE0. ep_epoch1(NODE0) | locked_epoch2(NODE0)","3","-0-----0----------00------------------","2","8","2","e0l0","0200020001","e0l0","-0-----0----","--","----00------","------------","0","2","0","0","0","2","0","0","0","1"
"313","5","forall NODE1,NODE0. ~ep_epoch0(NODE0) | ~ep_epoch1(NODE1) | held(NODE1) | transfer_epoch2(NODE0) | transfer_epoch2(NODE1) | NODE0 = NODE1","8","1------1-----0----------------00------","6","171","10","2001000220","2001000220","e1h0t0","1------1----","-0","------------","----00------","2","0","0","1","0","0","0","2","2","0"
"314","5","forall NODE1,NODE0. ~ep_epoch0(NODE0) | ~ep_epoch2(NODE1) | held(NODE1) | transfer_epoch3(NODE0) | transfer_epoch3(NODE1) | NODE0 = NODE1","8","1-------1----0------------------00----","6","171","10","2001000220","2001000220","e1h0t0","1-------1---","-0","------------","------00----","2","0","0","1","0","0","0","2","2","0"
"315","5","forall NODE1,NODE0. ~ep_epoch0(NODE0) | ~ep_epoch3(NODE1) | held(NODE1) | transfer_epoch4(NODE0) | transfer_epoch4(NODE1) | NODE0 = NODE1","8","1--------1---0--------------------00--","6","171","10","2001000220","2001000220","e1h0t0","1--------1--","-0","------------","--------00--","2","0","0","1","0","0","0","2","2","0"
"316","5","forall NODE1,NODE0. ~ep_epoch0(NODE0) | ~ep_epoch4(NODE1) | held(NODE1) | transfer_epoch5(NODE0) | transfer_epoch5(NODE1) | NODE0 = NODE1","8","1---------1--0----------------------00","6","171","10","2001000220","2001000220","e1h0t0","1---------1-","-0","------------","----------00","2","0","0","1","0","0","0","2","2","0"
"317","5","forall NODE1,NODE0. ~ep_epoch0(NODE0) | ~locked_epoch2(NODE1) | ep_epoch2(NODE1) | ep_epoch3(NODE1) | locked_epoch4(NODE1) | NODE0 = NODE1","8","1-------00---------1---0--------------","6","162","11","1200110020","1200110020","e1e0l1l0","1-------00--","--","-----1---0--","------------","1","2","0","0","1","1","0","0","2","0"
"318","5","forall NODE1,NODE0. ~ep_epoch0(NODE0) | ~locked_epoch4(NODE1) | held(NODE1) | transfer_epoch5(NODE0) | transfer_epoch5(NODE1) | NODE0 = NODE1","8","1------------0---------1------------00","6","148","4","1001100220","1001100220","e1h0l1t0","1-----------","-0","---------1--","----------00","1","0","0","1","1","0","0","2","2","0"
"319","5","forall NODE1,NODE0. ~ep_epoch0(NODE0) | ep_epoch1(NODE1) | ep_epoch2(NODE1) | ep_epoch3(NODE1) | locked_epoch4(NODE1) | NODE0 = NODE1","8","1------000-------------0--------------","6","168","7","1300010020","1300010020","e1e0l0","1------000--","--","---------0--","------------","1","3","0","0","0","1","0","0","2","0"
"320","5","forall NODE1,NODE0. ~ep_epoch0(NODE0) | held(NODE1) | locked_epoch2(NODE1) | transfer_epoch2(NODE0) | transfer_epoch2(NODE1) | NODE0 = NODE1","8","1------------0-----0----------00------","6","147","5","1001010220","1001010220","e1h0l0t0","1-----------","-0","-----0------","----00------","1","0","0","1","0","1","0","2","2","0"
"321","5","forall NODE1,NODE0. ~ep_epoch1(NODE0) | ~ep_epoch2(NODE1) | held(NODE1) | transfer_epoch3(NODE0) | transfer_epoch3(NODE1) | NODE0 = NODE1","8","-1------1----0------------------00----","6","171","10","2001000220","2001000220","e1h0t0","-1------1---","-0","------------","------00----","2","0","0","1","0","0","0","2","2","0"
"322","5","forall NODE1,NODE0. ~ep_epoch1(NODE0) | ~ep_epoch3(NODE1) | held(NODE1) | transfer_epoch4(NODE0) | transfer_epoch4(NODE1) | NODE0 = NODE1","8","-1-------1---0--------------------00--","6","171","10","2001000220","2001000220","e1h0t0","-1-------1--","-0","------------","--------00--","2","0","0","1","0","0","0","2","2","0"
"323","5","forall NODE1,NODE0. ~ep_epoch1(NODE0) | ~ep_epoch4(NODE1) | held(NODE1) | transfer_epoch5(NODE0) | transfer_epoch5(NODE1) | NODE0 = NODE1","8","-1--------1--0----------------------00","6","171","10","2001000220","2001000220","e1h0t0","-1--------1-","-0","------------","----------00","2","0","0","1","0","0","0","2","2","0"
"324","5","forall NODE1,NODE0. ~ep_epoch1(NODE0) | ~held(NODE1) | ep_epoch2(NODE1) | ep_epoch3(NODE1) | locked_epoch4(NODE1) | NODE0 = NODE1","8","-1------00---1---------0--------------","6","166","4","1210010020","1210010020","e1e0h1l0","-1------00--","-1","---------0--","------------","1","2","1","0","0","1","0","0","2","0"
"325","5","forall NODE1,NODE0. ~ep_epoch1(NODE0) | ~locked_epoch2(NODE1) | ep_epoch2(NODE1) | ep_epoch3(NODE1) | locked_epoch4(NODE1) | NODE0 = NODE1","8","-1------00---------1---0--------------","6","162","11","1200110020","1200110020","e1e0l1l0","-1------00--","--","-----1---0--","------------","1","2","0","0","1","1","0","0","2","0"
"326","5","forall NODE1,NODE0. ~ep_epoch1(NODE0) | ~locked_epoch4(NODE1) | held(NODE1) | transfer_epoch5(NODE0) | transfer_epoch5(NODE1) | NODE0 = NODE1","8","-1-----------0---------1------------00","6","148","4","1001100220","1001100220","e1h0l1t0","-1----------","-0","---------1--","----------00","1","0","0","1","1","0","0","2","2","0"
"327","5","forall NODE1,NODE0. ~ep_epoch1(NODE0) | ep_epoch0(NODE1) | ep_epoch2(NODE1) | ep_epoch3(NODE1) | locked_epoch4(NODE1) | NODE0 = NODE1","8","-1----0-00-------------0--------------","6","168","7","1300010020","1300010020","e1e0l0","-1----0-00--","--","---------0--","------------","1","3","0","0","0","1","0","0","2","0"
"328","5","forall NODE1,NODE0. ~ep_epoch1(NODE0) | held(NODE0) | locked_epoch2(NODE1) | transfer_epoch2(NODE0) | transfer_epoch2(NODE1) | NODE0 = NODE1","8","-1----------0------0----------00------","6","147","5","1001010220","1001010220","e1h0l0t0","-1----------","0-","-----0------","----00------","1","0","0","1","0","1","0","2","2","0"
"329","5","forall NODE1,NODE0. ~ep_epoch2(NODE0) | ~ep_epoch3(NODE1) | held(NODE1) | transfer_epoch4(NODE0) | transfer_epoch4(NODE1) | NODE0 = NODE1","8","--1------1---0--------------------00--","6","171","10","2001000220","2001000220","e1h0t0","--1------1--","-0","------------","--------00--","2","0","0","1","0","0","0","2","2","0"
"330","5","forall NODE1,NODE0. ~ep_epoch2(NODE0) | ~ep_epoch4(NODE1) | held(NODE1) | transfer_epoch5(NODE0) | transfer_epoch5(NODE1) | NODE0 = NODE1","8","--1-------1--0----------------------00","6","171","10","2001000220","2001000220","e1h0t0","--1-------1-","-0","------------","----------00","2","0","0","1","0","0","0","2","2","0"
"331","5","forall NODE1,NODE0. ~ep_epoch2(NODE0) | ~held(NODE1) | ep_epoch3(NODE1) | ep_epoch4(NODE1) | ep_epoch5(NODE1) | NODE0 = NODE1","8","--1------000-1------------------------","6","170","2","1310000020","1310000020","e1e0h1","--1------000","-1","------------","------------","1","3","1","0","0","0","0","0","2","0"
"332","5","forall NODE1,NODE0. ~ep_epoch2(NODE0) | ~held(NODE1) | ep_epoch3(NODE1) | ep_epoch4(NODE1) | locked_epoch5(NODE1) | NODE0 = NODE1","8","--1------00--1-----------0------------","6","166","4","1210010020","1210010020","e1e0h1l0","--1------00-","-1","-----------0","------------","1","2","1","0","0","1","0","0","2","0"
"333","5","forall NODE1,NODE0. ~ep_epoch2(NODE0) | ~locked_epoch4(NODE1) | held(NODE1) | transfer_epoch5(NODE0) | transfer_epoch5(NODE1) | NODE0 = NODE1","8","--1----------0---------1------------00","6","148","4","1001100220","1001100220","e1h0l1t0","--1---------","-0","---------1--","----------00","1","0","0","1","1","0","0","2","2","0"
"334","5","forall NODE1,NODE0. ~ep_epoch2(NODE0) | ep_epoch0(NODE1) | ep_epoch1(NODE1) | ep_epoch3(NODE1) | locked_epoch4(NODE1) | NODE0 = NODE1","8","--1---00-0-------------0--------------","6","168","7","1300010020","1300010020","e1e0l0","--1---00-0--","--","---------0--","------------","1","3","0","0","0","1","0","0","2","0"
"335","5","forall NODE1,NODE0. ~ep_epoch2(NODE0) | held(NODE0) | locked_epoch3(NODE1) | transfer_epoch3(NODE0) | transfer_epoch3(NODE1) | NODE0 = NODE1","8","--1---------0--------0----------00----","6","147","5","1001010220","1001010220","e1h0l0t0","--1---------","0-","-------0----","------00----","1","0","0","1","0","1","0","2","2","0"
"336","5","forall NODE1,NODE0. ~ep_epoch3(NODE0) | ~ep_epoch4(NODE1) | held(NODE1) | transfer_epoch5(NODE0) | transfer_epoch5(NODE1) | NODE0 = NODE1","8","---1------1--0----------------------00","6","171","10","2001000220","2001000220","e1h0t0","---1------1-","-0","------------","----------00","2","0","0","1","0","0","0","2","2","0"
"337","5","forall NODE1,NODE0. ~ep_epoch3(NODE0) | ~held(NODE0) | ~locked_epoch2(NODE0) | ep_epoch0(NODE1) | ep_epoch1(NODE1) | NODE0 = NODE1","8","---1--00----1-----1-------------------","6","167","2","1210100020","1210100020","e1e0h1l1","---1--00----","1-","----1-------","------------","1","2","1","0","1","0","0","0","2","0"
"338","5","forall NODE1,NODE0. ~ep_epoch3(NODE0) | ~held(NODE0) | ep_epoch0(NODE1) | ep_epoch1(NODE1) | ep_epoch2(NODE1) | NODE0 = NODE1","8","---1--000---1-------------------------","6","170","2","1310000020","1310000020","e1e0h1","---1--000---","1-","------------","------------","1","3","1","0","0","0","0","0","2","0"
"339","5","forall NODE1,NODE0. ~ep_epoch3(NODE0) | ~held(NODE0) | ep_epoch0(NODE1) | ep_epoch1(NODE1) | locked_epoch2(NODE1) | NODE0 = NODE1","8","---1--00----1------0------------------","6","166","4","1210010020","1210010020","e1e0h1l0","---1--00----","1-","-----0------","------------","1","2","1","0","0","1","0","0","2","0"
"340","5","forall NODE1,NODE2,NODE0. ~ep_epoch3(NODE0) | ~locked_epoch2(NODE0) | ~transfer_epoch4(NODE1) | ep_epoch0(NODE2) | ep_epoch1(NODE2) | ((NODE1 ~= NODE2 | NODE0 = NODE1) & (NODE0 ~= NODE1 | NODE0 = NODE2))","12","---1--00----------1---------------1---","9","378","2","1200101030","1200101030","e1e0l1t1","---1--00----","--","----1-------","--------1---","1","2","0","0","1","0","1","0","3","0"
"341","5","forall NODE1,NODE0. ~ep_epoch3(NODE0) | ~locked_epoch2(NODE0) | ep_epoch0(NODE1) | ep_epoch1(NODE1) | locked_epoch4(NODE1) | NODE0 = NODE1","8","---1--00----------1----0--------------","6","162","11","1200110020","1200110020","e1e0l1l0","---1--00----","--","----1----0--","------------","1","2","0","0","1","1","0","0","2","0"
"342","5","forall NODE1,NODE0. ~ep_epoch3(NODE0) | ~locked_epoch2(NODE1) | ep_epoch2(NODE1) | ep_epoch4(NODE1) | ep_epoch5(NODE1) | NODE0 = NODE1","8","---1----0-00-------1------------------","6","169","3","1300100020","1300100020","e1e0l1","---1----0-00","--","-----1------","------------","1","3","0","0","1","0","0","0","2","0"
"343","5","forall NODE1,NODE0. ~ep_epoch3(NODE0) | ~locked_epoch2(NODE1) | ep_epoch2(NODE1) | ep_epoch4(NODE1) | held(NODE1) | NODE0 = NODE1","8","---1----0-0--0-----1------------------","6","165","2","1201100020","1201100020","e1e0h0l1","---1----0-0-","-0","-----1------","------------","1","2","0","1","1","0","0","0","2","0"
"344","5","forall NODE1,NODE0. ~ep_epoch3(NODE0) | ~locked_epoch2(NODE1) | ep_epoch2(NODE1) | ep_epoch4(NODE1) | locked_epoch5(NODE1) | NODE0 = NODE1","8","---1----0-0--------1-----0------------","6","162","11","1200110020","1200110020","e1e0l1l0","---1----0-0-","--","-----1-----0","------------","1","2","0","0","1","1","0","0","2","0"
"345","5","forall NODE1,NODE0. ~ep_epoch3(NODE0) | ~locked_epoch4(NODE1) | held(NODE1) | transfer_epoch5(NODE0) | transfer_epoch5(NODE1) | NODE0 = NODE1","8","---1---------0---------1------------00","6","148","4","1001100220","1001100220","e1h0l1t0","---1--------","-0","---------1--","----------00","1","0","0","1","1","0","0","2","2","0"
"346","5","forall NODE1,NODE2,NODE0. ~ep_epoch3(NODE0) | ~transfer_epoch4(NODE1) | ep_epoch0(NODE2) | ep_epoch1(NODE2) | ep_epoch2(NODE2) | ((NODE1 ~= NODE2 | NODE0 = NODE1) & (NODE0 ~= NODE1 | NODE0 = NODE2))","12","---1--000-------------------------1---","9","380","1","1300001030","1300001030","e1e0t1","---1--000---","--","------------","--------1---","1","3","0","0","0","0","1","0","3","0"
"347","5","forall NODE1,NODE2,NODE0. ~ep_epoch3(NODE0) | ~transfer_epoch4(NODE1) | ep_epoch0(NODE2) | ep_epoch1(NODE2) | locked_epoch2(NODE2) | ((NODE1 ~= NODE2 | NODE0 = NODE1) & (NODE0 ~= NODE1 | NODE0 = NODE2))","12","---1--00-----------0--------------1---","9","377","2","1200011030","1200011030","e1e0l0t1","---1--00----","--","-----0------","--------1---","1","2","0","0","0","1","1","0","3","0"
"348","5","forall NODE1,NODE0. ~ep_epoch3(NODE0) | ep_epoch0(NODE1) | ep_epoch1(NODE1) | ep_epoch2(NODE1) | locked_epoch4(NODE1) | NODE0 = NODE1","8","---1--000--------------0--------------","6","168","7","1300010020","1300010020","e1e0l0","---1--000---","--","---------0--","------------","1","3","0","0","0","1","0","0","2","0"
"349","5","forall NODE1,NODE0. ~ep_epoch3(NODE0) | ep_epoch0(NODE1) | ep_epoch1(NODE1) | locked_epoch2(NODE1) | locked_epoch4(NODE1) | NODE0 = NODE1","8","---1--00-----------0---0--------------","6","161","6","1200020020","1200020020","e1e0l0","---1--00----","--","-----0---0--","------------","1","2","0","0","0","2","0","0","2","0"
"350","5","forall NODE1,NODE0. ~ep_epoch3(NODE0) | ep_epoch2(NODE1) | ep_epoch4(NODE1) | ep_epoch5(NODE1) | locked_epoch2(NODE0) | NODE0 = NODE1","8","---1----0-00------0-------------------","6","168","7","1300010020","1300010020","e1e0l0","---1----0-00","--","----0-------","------------","1","3","0","0","0","1","0","0","2","0"
"351","5","forall NODE1,NODE0. ~ep_epoch3(NODE0) | ep_epoch2(NODE1) | ep_epoch4(NODE1) | held(NODE1) | locked_epoch2(NODE0) | NODE0 = NODE1","8","---1----0-0--0----0-------------------","6","164","2","1201010020","1201010020","e1e0h0l0","---1----0-0-","-0","----0-------","------------","1","2","0","1","0","1","0","0","2","0"
"352","5","forall NODE1,NODE0. ~ep_epoch3(NODE0) | ep_epoch2(NODE1) | ep_epoch4(NODE1) | locked_epoch2(NODE0) | locked_epoch5(NODE1) | NODE0 = NODE1","8","---1----0-0-------0------0------------","6","161","6","1200020020","1200020020","e1e0l0","---1----0-0-","--","----0------0","------------","1","2","0","0","0","2","0","0","2","0"
"353","5","forall NODE1,NODE0. ~ep_epoch3(NODE0) | held(NODE0) | locked_epoch4(NODE1) | transfer_epoch4(NODE0) | transfer_epoch4(NODE1) | NODE0 = NODE1","8","---1--------0----------0----------00--","6","147","5","1001010220","1001010220","e1h0l0t0","---1--------","0-","---------0--","--------00--","1","0","0","1","0","1","0","2","2","0"
"354","5","forall NODE1,NODE0. ~ep_epoch4(NODE0) | ~held(NODE0) | ~locked_epoch2(NODE1) | ~locked_epoch3(NODE0) | ep_epoch2(NODE1) | NODE0 = NODE1","8","----1---0---1------11-----------------","6","160","1","1110200020","1110200020","e1e0h1l1","----1---0---","1-","-----11-----","------------","1","1","1","0","2","0","0","0","2","0"
"355","5","forall NODE1,NODE0. ~ep_epoch4(NODE0) | ~held(NODE0) | ~locked_epoch2(NODE1) | ep_epoch2(NODE1) | ep_epoch3(NODE1) | NODE0 = NODE1","8","----1---00--1------1------------------","6","167","2","1210100020","1210100020","e1e0h1l1","----1---00--","1-","-----1------","------------","1","2","1","0","1","0","0","0","2","0"
"356","5","forall NODE1,NODE0. ~ep_epoch4(NODE0) | ~held(NODE0) | ~locked_epoch2(NODE1) | ep_epoch2(NODE1) | locked_epoch3(NODE1) | NODE0 = NODE1","8","----1---0---1------1-0----------------","6","159","2","1110110020","1110110020","e1e0h1l1l0","----1---0---","1-","-----1-0----","------------","1","1","1","0","1","1","0","0","2","0"
"357","5","forall NODE1,NODE0. ~ep_epoch4(NODE0) | ~held(NODE0) | ~locked_epoch3(NODE0) | ep_epoch2(NODE1) | locked_epoch2(NODE0) | NODE0 = NODE1","8","----1---0---1-----0-1-----------------","6","159","2","1110110020","1110110020","e1e0h1l1l0","----1---0---","1-","----0-1-----","------------","1","1","1","0","1","1","0","0","2","0"
"358","5","forall NODE1,NODE0. ~ep_epoch4(NODE0) | ~held(NODE0) | ep_epoch2(NODE1) | ep_epoch3(NODE1) | locked_epoch2(NODE0) | NODE0 = NODE1","8","----1---00--1-----0-------------------","6","166","4","1210010020","1210010020","e1e0h1l0","----1---00--","1-","----0-------","------------","1","2","1","0","0","1","0","0","2","0"
"359","5","forall NODE1,NODE0. ~ep_epoch4(NODE0) | ~held(NODE0) | ep_epoch2(NODE1) | locked_epoch2(NODE0) | locked_epoch3(NODE1) | NODE0 = NODE1","8","----1---0---1-----0--0----------------","6","158","1","1110020020","1110020020","e1e0h1l0","----1---0---","1-","----0--0----","------------","1","1","1","0","0","2","0","0","2","0"
"360","5","forall NODE1,NODE2,NODE0. ~ep_epoch4(NODE0) | ~locked_epoch2(NODE1) | ~locked_epoch3(NODE0) | ~transfer_epoch5(NODE2) | ep_epoch2(NODE1) | ((NODE1 ~= NODE2 | NODE0 = NODE1) & (NODE0 ~= NODE2 | NODE0 = NODE1))","12","----1---0----------11---------------1-","9","374","1","1100201030","1100201030","e1e0l1t1","----1---0---","--","-----11-----","----------1-","1","1","0","0","2","0","1","0","3","0"
"361","5","forall NODE1,NODE0. ~ep_epoch4(NODE0) | ~locked_epoch2(NODE1) | ~locked_epoch3(NODE0) | ep_epoch2(NODE1) | ep_epoch5(NODE1) | NODE0 = NODE1","8","----1---0--0-------11-----------------","6","163","3","1200200020","1200200020","e1e0l1","----1---0--0","--","-----11-----","------------","1","2","0","0","2","0","0","0","2","0"
"362","5","forall NODE1,NODE0. ~ep_epoch4(NODE0) | ~locked_epoch2(NODE1) | ~locked_epoch3(NODE0) | ep_epoch2(NODE1) | held(NODE1) | NODE0 = NODE1","8","----1---0----0-----11-----------------","6","157","1","1101200020","1101200020","e1e0h0l1","----1---0---","-0","-----11-----","------------","1","1","0","1","2","0","0","0","2","0"
"363","5","forall NODE1,NODE0. ~ep_epoch4(NODE0) | ~locked_epoch2(NODE1) | ~locked_epoch3(NODE0) | ep_epoch2(NODE1) | locked_epoch5(NODE1) | NODE0 = NODE1","8","----1---0----------11----0------------","6","152","4","1100210020","1100210020","e1e0l1l0","----1---0---","--","-----11----0","------------","1","1","0","0","2","1","0","0","2","0"
"364","5","forall NODE1,NODE2,NODE0. ~ep_epoch4(NODE0) | ~locked_epoch2(NODE1) | ~transfer_epoch5(NODE2) | ep_epoch2(NODE1) | ep_epoch3(NODE1) | ((NODE0 ~= NODE2 | NODE0 = NODE1) & (NODE1 ~= NODE2 | NODE0 = NODE1))","12","----1---00---------1----------------1-","9","378","2","1200101030","1200101030","e1e0l1t1","----1---00--","--","-----1------","----------1-","1","2","0","0","1","0","1","0","3","0"
"365","5","forall NODE1,NODE2,NODE0. ~ep_epoch4(NODE0) | ~locked_epoch2(NODE1) | ~transfer_epoch5(NODE2) | ep_epoch2(NODE1) | locked_epoch3(NODE1) | ((NODE0 ~= NODE2 | NODE0 = NODE1) & (NODE1 ~= NODE2 | NODE0 = NODE1))","12","----1---0----------1-0--------------1-","9","373","2","1100111030","1100111030","e1e0l1l0t1","----1---0---","--","-----1-0----","----------1-","1","1","0","0","1","1","1","0","3","0"
"366","5","forall NODE1,NODE0. ~ep_epoch4(NODE0) | ~locked_epoch2(NODE1) | ep_epoch2(NODE1) | ep_epoch3(NODE1) | ep_epoch5(NODE1) | NODE0 = NODE1","8","----1---00-0-------1------------------","6","169","3","1300100020","1300100020","e1e0l1","----1---00-0","--","-----1------","------------","1","3","0","0","1","0","0","0","2","0"
"367","5","forall NODE1,NODE0. ~ep_epoch4(NODE0) | ~locked_epoch2(NODE1) | ep_epoch2(NODE1) | ep_epoch3(NODE1) | held(NODE1) | NODE0 = NODE1","8","----1---00---0-----1------------------","6","165","2","1201100020","1201100020","e1e0h0l1","----1---00--","-0","-----1------","------------","1","2","0","1","1","0","0","0","2","0"
"368","5","forall NODE1,NODE0. ~ep_epoch4(NODE0) | ~locked_epoch2(NODE1) | ep_epoch2(NODE1) | ep_epoch3(NODE1) | locked_epoch5(NODE1) | NODE0 = NODE1","8","----1---00---------1-----0------------","6","162","11","1200110020","1200110020","e1e0l1l0","----1---00--","--","-----1-----0","------------","1","2","0","0","1","1","0","0","2","0"
"369","5","forall NODE1,NODE0. ~ep_epoch4(NODE0) | ~locked_epoch2(NODE1) | ep_epoch2(NODE1) | ep_epoch5(NODE1) | locked_epoch3(NODE1) | NODE0 = NODE1","8","----1---0--0-------1-0----------------","6","162","11","1200110020","1200110020","e1e0l1l0","----1---0--0","--","-----1-0----","------------","1","2","0","0","1","1","0","0","2","0"
"370","5","forall NODE1,NODE0. ~ep_epoch4(NODE0) | ~locked_epoch2(NODE1) | ep_epoch2(NODE1) | held(NODE1) | locked_epoch3(NODE1) | NODE0 = NODE1","8","----1---0----0-----1-0----------------","6","156","2","1101110020","1101110020","e1e0h0l1l0","----1---0---","-0","-----1-0----","------------","1","1","0","1","1","1","0","0","2","0"
"371","5","forall NODE1,NODE0. ~ep_epoch4(NODE0) | ~locked_epoch2(NODE1) | ep_epoch2(NODE1) | locked_epoch3(NODE1) | locked_epoch5(NODE1) | NODE0 = NODE1","8","----1---0----------1-0---0------------","6","151","5","1100120020","1100120020","e1e0l1l0","----1---0---","--","-----1-0---0","------------","1","1","0","0","1","2","0","0","2","0"
"372","5","forall NODE1,NODE2,NODE0. ~ep_epoch4(NODE0) | ~locked_epoch3(NODE0) | ~transfer_epoch5(NODE1) | ep_epoch2(NODE2) | locked_epoch2(NODE0) | ((NODE1 ~= NODE2 | NODE0 = NODE1) & (NODE0 ~= NODE1 | NODE0 = NODE2))","12","----1---0---------0-1---------------1-","9","373","2","1100111030","1100111030","e1e0l1l0t1","----1---0---","--","----0-1-----","----------1-","1","1","0","0","1","1","1","0","3","0"
"373","5","forall NODE1,NODE0. ~ep_epoch4(NODE0) | ~locked_epoch3(NODE0) | ep_epoch2(NODE1) | ep_epoch5(NODE1) | locked_epoch2(NODE0) | NODE0 = NODE1","8","----1---0--0------0-1-----------------","6","162","11","1200110020","1200110020","e1e0l1l0","----1---0--0","--","----0-1-----","------------","1","2","0","0","1","1","0","0","2","0"
"374","5","forall NODE1,NODE0. ~ep_epoch4(NODE0) | ~locked_epoch3(NODE0) | ep_epoch2(NODE1) | held(NODE1) | locked_epoch2(NODE0) | NODE0 = NODE1","8","----1---0----0----0-1-----------------","6","156","2","1101110020","1101110020","e1e0h0l1l0","----1---0---","-0","----0-1-----","------------","1","1","0","1","1","1","0","0","2","0"
"375","5","forall NODE1,NODE0. ~ep_epoch4(NODE0) | ~locked_epoch3(NODE0) | ep_epoch2(NODE1) | locked_epoch2(NODE0) | locked_epoch5(NODE1) | NODE0 = NODE1","8","----1---0---------0-1----0------------","6","151","5","1100120020","1100120020","e1e0l1l0","----1---0---","--","----0-1----0","------------","1","1","0","0","1","2","0","0","2","0"
"376","5","forall NODE1,NODE2,NODE0. ~ep_epoch4(NODE0) | ~transfer_epoch5(NODE1) | ep_epoch2(NODE2) | ep_epoch3(NODE2) | locked_epoch2(NODE0) | ((NODE0 ~= NODE1 | NODE0 = NODE2) & (NODE1 ~= NODE2 | NODE0 = NODE1))","12","----1---00--------0-----------------1-","9","377","2","1200011030","1200011030","e1e0l0t1","----1---00--","--","----0-------","----------1-","1","2","0","0","0","1","1","0","3","0"
"377","5","forall NODE1,NODE2,NODE0. ~ep_epoch4(NODE0) | ~transfer_epoch5(NODE1) | ep_epoch2(NODE2) | locked_epoch2(NODE0) | locked_epoch3(NODE2) | ((NODE0 ~= NODE1 | NODE0 = NODE2) & (NODE1 ~= NODE2 | NODE0 = NODE1))","12","----1---0---------0--0--------------1-","9","372","1","1100021030","1100021030","e1e0l0t1","----1---0---","--","----0--0----","----------1-","1","1","0","0","0","2","1","0","3","0"
"378","5","forall NODE1,NODE0. ~ep_epoch4(NODE0) | ep_epoch2(NODE1) | ep_epoch3(NODE1) | ep_epoch5(NODE1) | locked_epoch2(NODE0) | NODE0 = NODE1","8","----1---00-0------0-------------------","6","168","7","1300010020","1300010020","e1e0l0","----1---00-0","--","----0-------","------------","1","3","0","0","0","1","0","0","2","0"
"379","5","forall NODE1,NODE0. ~ep_epoch4(NODE0) | ep_epoch2(NODE1) | ep_epoch3(NODE1) | held(NODE1) | locked_epoch2(NODE0) | NODE0 = NODE1","8","----1---00---0----0-------------------","6","164","2","1201010020","1201010020","e1e0h0l0","----1---00--","-0","----0-------","------------","1","2","0","1","0","1","0","0","2","0"
"380","5","forall NODE1,NODE0. ~ep_epoch4(NODE0) | ep_epoch2(NODE1) | ep_epoch3(NODE1) | locked_epoch2(NODE0) | locked_epoch5(NODE1) | NODE0 = NODE1","8","----1---00--------0------0------------","6","161","6","1200020020","1200020020","e1e0l0","----1---00--","--","----0------0","------------","1","2","0","0","0","2","0","0","2","0"
"381","5","forall NODE1,NODE0. ~ep_epoch4(NODE0) | ep_epoch2(NODE1) | ep_epoch5(NODE1) | locked_epoch2(NODE0) | locked_epoch3(NODE1) | NODE0 = NODE1","8","----1---0--0------0--0----------------","6","161","6","1200020020","1200020020","e1e0l0","----1---0--0","--","----0--0----","------------","1","2","0","0","0","2","0","0","2","0"
"382","5","forall NODE1,NODE0. ~ep_epoch4(NODE0) | ep_epoch2(NODE1) | held(NODE1) | locked_epoch2(NODE0) | locked_epoch3(NODE1) | NODE0 = NODE1","8","----1---0----0----0--0----------------","6","155","1","1101020020","1101020020","e1e0h0l0","----1---0---","-0","----0--0----","------------","1","1","0","1","0","2","0","0","2","0"
"383","5","forall NODE1,NODE0. ~ep_epoch4(NODE0) | ep_epoch2(NODE1) | locked_epoch2(NODE0) | locked_epoch3(NODE1) | locked_epoch5(NODE1) | NODE0 = NODE1","8","----1---0---------0--0---0------------","6","150","2","1100030020","1100030020","e1e0l0","----1---0---","--","----0--0---0","------------","1","1","0","0","0","3","0","0","2","0"
"384","5","forall NODE1,NODE0. ~ep_epoch4(NODE0) | ep_epoch5(NODE1) | held(NODE0) | transfer_epoch5(NODE0) | transfer_epoch5(NODE1) | NODE0 = NODE1","8","----1------00-----------------------00","6","154","1","1101000220","1101000220","e1e0h0t0","----1------0","0-","------------","----------00","1","1","0","1","0","0","0","2","2","0"
"385","5","forall NODE1,NODE0. ~ep_epoch4(NODE0) | held(NODE0) | held(NODE1) | transfer_epoch5(NODE0) | transfer_epoch5(NODE1) | NODE0 = NODE1","8","----1-------00----------------------00","6","149","1","1002000220","1002000220","e1h0t0","----1-------","00","------------","----------00","1","0","0","2","0","0","0","2","2","0"
"386","5","forall NODE1,NODE0. ~ep_epoch4(NODE0) | held(NODE0) | locked_epoch5(NODE1) | transfer_epoch5(NODE0) | transfer_epoch5(NODE1) | NODE0 = NODE1","8","----1-------0------------0----------00","6","147","5","1001010220","1001010220","e1h0l0t0","----1-------","0-","-----------0","----------00","1","0","0","1","0","1","0","2","2","0"
"387","5","forall NODE1,NODE0. ~ep_epoch5(NODE0) | ~locked_epoch2(NODE1) | ~locked_epoch3(NODE0) | ~locked_epoch4(NODE0) | ep_epoch2(NODE1) | NODE0 = NODE1","8","-----1--0----------11-1---------------","6","153","1","1100300020","1100300020","e1e0l1","-----1--0---","--","-----11-1---","------------","1","1","0","0","3","0","0","0","2","0"
"388","5","forall NODE1,NODE0. ~ep_epoch5(NODE0) | ~locked_epoch2(NODE1) | ~locked_epoch3(NODE0) | ep_epoch2(NODE1) | ep_epoch4(NODE1) | NODE0 = NODE1","8","-----1--0-0--------11-----------------","6","163","3","1200200020","1200200020","e1e0l1","-----1--0-0-","--","-----11-----","------------","1","2","0","0","2","0","0","0","2","0"
"389","5","forall NODE1,NODE0. ~ep_epoch5(NODE0) | ~locked_epoch2(NODE1) | ~locked_epoch3(NODE0) | ep_epoch2(NODE1) | locked_epoch4(NODE1) | NODE0 = NODE1","8","-----1--0----------11--0--------------","6","152","4","1100210020","1100210020","e1e0l1l0","-----1--0---","--","-----11--0--","------------","1","1","0","0","2","1","0","0","2","0"
"390","5","forall NODE1,NODE0. ~ep_epoch5(NODE0) | ~locked_epoch2(NODE1) | ~locked_epoch4(NODE0) | ep_epoch2(NODE1) | ep_epoch3(NODE1) | NODE0 = NODE1","8","-----1--00---------1--1---------------","6","163","3","1200200020","1200200020","e1e0l1","-----1--00--","--","-----1--1---","------------","1","2","0","0","2","0","0","0","2","0"
"391","5","forall NODE1,NODE0. ~ep_epoch5(NODE0) | ~locked_epoch2(NODE1) | ~locked_epoch4(NODE0) | ep_epoch2(NODE1) | locked_epoch3(NODE1) | NODE0 = NODE1","8","-----1--0----------1-01---------------","6","152","4","1100210020","1100210020","e1e0l1l0","-----1--0---","--","-----1-01---","------------","1","1","0","0","2","1","0","0","2","0"
"392","5","forall NODE1,NODE0. ~ep_epoch5(NODE0) | ~locked_epoch2(NODE1) | ep_epoch2(NODE1) | ep_epoch3(NODE1) | ep_epoch4(NODE1) | NODE0 = NODE1","8","-----1--000--------1------------------","6","169","3","1300100020","1300100020","e1e0l1","-----1--000-","--","-----1------","------------","1","3","0","0","1","0","0","0","2","0"
"393","5","forall NODE1,NODE0. ~ep_epoch5(NODE0) | ~locked_epoch2(NODE1) | ep_epoch2(NODE1) | ep_epoch3(NODE1) | locked_epoch4(NODE1) | NODE0 = NODE1","8","-----1--00---------1---0--------------","6","162","11","1200110020","1200110020","e1e0l1l0","-----1--00--","--","-----1---0--","------------","1","2","0","0","1","1","0","0","2","0"
"394","5","forall NODE1,NODE0. ~ep_epoch5(NODE0) | ~locked_epoch2(NODE1) | ep_epoch2(NODE1) | ep_epoch4(NODE1) | locked_epoch3(NODE1) | NODE0 = NODE1","8","-----1--0-0--------1-0----------------","6","162","11","1200110020","1200110020","e1e0l1l0","-----1--0-0-","--","-----1-0----","------------","1","2","0","0","1","1","0","0","2","0"
"395","5","forall NODE1,NODE0. ~ep_epoch5(NODE0) | ~locked_epoch2(NODE1) | ep_epoch2(NODE1) | locked_epoch3(NODE1) | locked_epoch4(NODE1) | NODE0 = NODE1","8","-----1--0----------1-0-0--------------","6","151","5","1100120020","1100120020","e1e0l1l0","-----1--0---","--","-----1-0-0--","------------","1","1","0","0","1","2","0","0","2","0"
"396","5","forall NODE1,NODE0. ~ep_epoch5(NODE0) | ~locked_epoch3(NODE0) | ~locked_epoch4(NODE0) | ep_epoch2(NODE1) | locked_epoch2(NODE0) | NODE0 = NODE1","8","-----1--0---------0-1-1---------------","6","152","4","1100210020","1100210020","e1e0l1l0","-----1--0---","--","----0-1-1---","------------","1","1","0","0","2","1","0","0","2","0"
"397","5","forall NODE1,NODE0. ~ep_epoch5(NODE0) | ~locked_epoch3(NODE0) | ep_epoch2(NODE1) | ep_epoch4(NODE1) | locked_epoch2(NODE0) | NODE0 = NODE1","8","-----1--0-0-------0-1-----------------","6","162","11","1200110020","1200110020","e1e0l1l0","-----1--0-0-","--","----0-1-----","------------","1","2","0","0","1","1","0","0","2","0"
"398","5","forall NODE1,NODE0. ~ep_epoch5(NODE0) | ~locked_epoch3(NODE0) | ep_epoch2(NODE1) | locked_epoch2(NODE0) | locked_epoch4(NODE1) | NODE0 = NODE1","8","-----1--0---------0-1--0--------------","6","151","5","1100120020","1100120020","e1e0l1l0","-----1--0---","--","----0-1--0--","------------","1","1","0","0","1","2","0","0","2","0"
"399","5","forall NODE1,NODE0. ~ep_epoch5(NODE0) | ~locked_epoch4(NODE0) | ep_epoch2(NODE1) | ep_epoch3(NODE1) | locked_epoch2(NODE0) | NODE0 = NODE1","8","-----1--00--------0---1---------------","6","162","11","1200110020","1200110020","e1e0l1l0","-----1--00--","--","----0---1---","------------","1","2","0","0","1","1","0","0","2","0"
"400","5","forall NODE1,NODE0. ~ep_epoch5(NODE0) | ~locked_epoch4(NODE0) | ep_epoch2(NODE1) | locked_epoch2(NODE0) | locked_epoch3(NODE1) | NODE0 = NODE1","8","-----1--0---------0--01---------------","6","151","5","1100120020","1100120020","e1e0l1l0","-----1--0---","--","----0--01---","------------","1","1","0","0","1","2","0","0","2","0"
"401","5","forall NODE1,NODE0. ~ep_epoch5(NODE0) | ep_epoch2(NODE1) | ep_epoch3(NODE1) | ep_epoch4(NODE1) | locked_epoch2(NODE0) | NODE0 = NODE1","8","-----1--000-------0-------------------","6","168","7","1300010020","1300010020","e1e0l0","-----1--000-","--","----0-------","------------","1","3","0","0","0","1","0","0","2","0"
"402","5","forall NODE1,NODE0. ~ep_epoch5(NODE0) | ep_epoch2(NODE1) | ep_epoch3(NODE1) | locked_epoch2(NODE0) | locked_epoch4(NODE1) | NODE0 = NODE1","8","-----1--00--------0----0--------------","6","161","6","1200020020","1200020020","e1e0l0","-----1--00--","--","----0----0--","------------","1","2","0","0","0","2","0","0","2","0"
"403","5","forall NODE1,NODE0. ~ep_epoch5(NODE0) | ep_epoch2(NODE1) | ep_epoch4(NODE1) | locked_epoch2(NODE0) | locked_epoch3(NODE1) | NODE0 = NODE1","8","-----1--0-0-------0--0----------------","6","161","6","1200020020","1200020020","e1e0l0","-----1--0-0-","--","----0--0----","------------","1","2","0","0","0","2","0","0","2","0"
"404","5","forall NODE1,NODE0. ~ep_epoch5(NODE0) | ep_epoch2(NODE1) | locked_epoch2(NODE0) | locked_epoch3(NODE1) | locked_epoch4(NODE1) | NODE0 = NODE1","8","-----1--0---------0--0-0--------------","6","150","2","1100030020","1100030020","e1e0l0","-----1--0---","--","----0--0-0--","------------","1","1","0","0","0","3","0","0","2","0"
"405","5","forall NODE1,NODE0. ~held(NODE0) | ~locked_epoch2(NODE1) | ~locked_epoch3(NODE0) | ~locked_epoch4(NODE0) | ep_epoch2(NODE1) | NODE0 = NODE1","8","--------0---1------11-1---------------","6","128","1","0110300020","0110300020","e0h1l1","--------0---","1-","-----11-1---","------------","0","1","1","0","3","0","0","0","2","0"
"406","5","forall NODE1,NODE0. ~held(NODE0) | ~locked_epoch2(NODE1) | ~locked_epoch3(NODE0) | ep_epoch2(NODE1) | ep_epoch4(NODE1) | NODE0 = NODE1","8","--------0-0-1------11-----------------","6","138","3","0210200020","0210200020","e0h1l1","--------0-0-","1-","-----11-----","------------","0","2","1","0","2","0","0","0","2","0"
"407","5","forall NODE1,NODE0. ~held(NODE0) | ~locked_epoch2(NODE1) | ~locked_epoch3(NODE0) | ep_epoch2(NODE1) | ep_epoch5(NODE0) | NODE0 = NODE1","8","-----0--0---1------11-----------------","6","138","3","0210200020","0210200020","e0h1l1","-----0--0---","1-","-----11-----","------------","0","2","1","0","2","0","0","0","2","0"
"408","5","forall NODE1,NODE0. ~held(NODE0) | ~locked_epoch2(NODE1) | ~locked_epoch3(NODE0) | ep_epoch2(NODE1) | locked_epoch4(NODE1) | NODE0 = NODE1","8","--------0---1------11--0--------------","6","127","4","0110210020","0110210020","e0h1l1l0","--------0---","1-","-----11--0--","------------","0","1","1","0","2","1","0","0","2","0"
"409","5","forall NODE1,NODE0. ~held(NODE0) | ~locked_epoch2(NODE1) | ~locked_epoch3(NODE0) | ep_epoch2(NODE1) | locked_epoch5(NODE0) | NODE0 = NODE1","8","--------0---1------11---0-------------","6","127","4","0110210020","0110210020","e0h1l1l0","--------0---","1-","-----11---0-","------------","0","1","1","0","2","1","0","0","2","0"
"410","5","forall NODE1,NODE0. ~held(NODE0) | ~locked_epoch2(NODE1) | ~locked_epoch4(NODE0) | ep_epoch2(NODE1) | ep_epoch3(NODE1) | NODE0 = NODE1","8","--------00--1------1--1---------------","6","138","3","0210200020","0210200020","e0h1l1","--------00--","1-","-----1--1---","------------","0","2","1","0","2","0","0","0","2","0"
"411","5","forall NODE1,NODE0. ~held(NODE0) | ~locked_epoch2(NODE1) | ~locked_epoch4(NODE0) | ep_epoch2(NODE1) | locked_epoch3(NODE1) | NODE0 = NODE1","8","--------0---1------1-01---------------","6","127","4","0110210020","0110210020","e0h1l1l0","--------0---","1-","-----1-01---","------------","0","1","1","0","2","1","0","0","2","0"
"412","5","forall NODE1,NODE0. ~held(NODE0) | ~locked_epoch2(NODE1) | ep_epoch2(NODE1) | ep_epoch3(NODE1) | ep_epoch4(NODE1) | NODE0 = NODE1","8","--------000-1------1------------------","6","143","4","0310100020","0310100020","e0h1l1","--------000-","1-","-----1------","------------","0","3","1","0","1","0","0","0","2","0"
"413","5","forall NODE1,NODE0. ~held(NODE0) | ~locked_epoch2(NODE1) | ep_epoch2(NODE1) | ep_epoch3(NODE1) | ep_epoch5(NODE0) | NODE0 = NODE1","8","-----0--00--1------1------------------","6","143","4","0310100020","0310100020","e0h1l1","-----0--00--","1-","-----1------","------------","0","3","1","0","1","0","0","0","2","0"
"414","5","forall NODE1,NODE0. ~held(NODE0) | ~locked_epoch2(NODE1) | ep_epoch2(NODE1) | ep_epoch3(NODE1) | locked_epoch4(NODE1) | NODE0 = NODE1","8","--------00--1------1---0--------------","6","137","16","0210110020","0210110020","e0h1l1l0","--------00--","1-","-----1---0--","------------","0","2","1","0","1","1","0","0","2","0"
"415","5","forall NODE1,NODE0. ~held(NODE0) | ~locked_epoch2(NODE1) | ep_epoch2(NODE1) | ep_epoch3(NODE1) | locked_epoch5(NODE0) | NODE0 = NODE1","8","--------00--1------1----0-------------","6","137","16","0210110020","0210110020","e0h1l1l0","--------00--","1-","-----1----0-","------------","0","2","1","0","1","1","0","0","2","0"
"416","5","forall NODE1,NODE0. ~held(NODE0) | ~locked_epoch2(NODE1) | ep_epoch2(NODE1) | ep_epoch4(NODE0) | ep_epoch5(NODE0) | NODE0 = NODE1","8","----00--0---1------1------------------","6","143","4","0310100020","0310100020","e0h1l1","----00--0---","1-","-----1------","------------","0","3","1","0","1","0","0","0","2","0"
"417","5","forall NODE1,NODE0. ~held(NODE0) | ~locked_epoch2(NODE1) | ep_epoch2(NODE1) | ep_epoch4(NODE0) | locked_epoch5(NODE0) | NODE0 = NODE1","8","----0---0---1------1----0-------------","6","137","16","0210110020","0210110020","e0h1l1l0","----0---0---","1-","-----1----0-","------------","0","2","1","0","1","1","0","0","2","0"
"418","5","forall NODE1,NODE0. ~held(NODE0) | ~locked_epoch2(NODE1) | ep_epoch2(NODE1) | ep_epoch4(NODE1) | locked_epoch3(NODE1) | NODE0 = NODE1","8","--------0-0-1------1-0----------------","6","137","16","0210110020","0210110020","e0h1l1l0","--------0-0-","1-","-----1-0----","------------","0","2","1","0","1","1","0","0","2","0"
"419","5","forall NODE1,NODE0. ~held(NODE0) | ~locked_epoch2(NODE1) | ep_epoch2(NODE1) | ep_epoch4(NODE1) | locked_epoch4(NODE0) | NODE0 = NODE1","8","--------0-0-1------1--0---------------","6","137","16","0210110020","0210110020","e0h1l1l0","--------0-0-","1-","-----1--0---","------------","0","2","1","0","1","1","0","0","2","0"
"420","5","forall NODE1,NODE0. ~held(NODE0) | ~locked_epoch2(NODE1) | ep_epoch2(NODE1) | ep_epoch5(NODE0) | locked_epoch3(NODE1) | NODE0 = NODE1","8","-----0--0---1------1-0----------------","6","137","16","0210110020","0210110020","e0h1l1l0","-----0--0---","1-","-----1-0----","------------","0","2","1","0","1","1","0","0","2","0"
"421","5","forall NODE1,NODE0. ~held(NODE0) | ~locked_epoch2(NODE1) | ep_epoch2(NODE1) | ep_epoch5(NODE0) | locked_epoch4(NODE0) | NODE0 = NODE1","8","-----0--0---1------1--0---------------","6","137","16","0210110020","0210110020","e0h1l1l0","-----0--0---","1-","-----1--0---","------------","0","2","1","0","1","1","0","0","2","0"
"422","5","forall NODE1,NODE0. ~held(NODE0) | ~locked_epoch2(NODE1) | ep_epoch2(NODE1) | locked_epoch3(NODE1) | locked_epoch4(NODE1) | NODE0 = NODE1","8","--------0---1------1-0-0--------------","6","126","14","0110120020","0110120020","e0h1l1l0","--------0---","1-","-----1-0-0--","------------","0","1","1","0","1","2","0","0","2","0"
"423","5","forall NODE1,NODE0. ~held(NODE0) | ~locked_epoch2(NODE1) | ep_epoch2(NODE1) | locked_epoch3(NODE1) | locked_epoch5(NODE0) | NODE0 = NODE1","8","--------0---1------1-0--0-------------","6","126","14","0110120020","0110120020","e0h1l1l0","--------0---","1-","-----1-0--0-","------------","0","1","1","0","1","2","0","0","2","0"
"424","5","forall NODE1,NODE0. ~held(NODE0) | ~locked_epoch2(NODE1) | ep_epoch2(NODE1) | locked_epoch4(NODE0) | locked_epoch4(NODE1) | NODE0 = NODE1","8","--------0---1------1--00--------------","6","126","14","0110120020","0110120020","e0h1l1l0","--------0---","1-","-----1--00--","------------","0","1","1","0","1","2","0","0","2","0"
"425","5","forall NODE1,NODE0. ~held(NODE0) | ~locked_epoch2(NODE1) | ep_epoch2(NODE1) | locked_epoch4(NODE0) | locked_epoch5(NODE0) | NODE0 = NODE1","8","--------0---1------1--0-0-------------","6","126","14","0110120020","0110120020","e0h1l1l0","--------0---","1-","-----1--0-0-","------------","0","1","1","0","1","2","0","0","2","0"
"426","5","forall NODE1,NODE0. ~held(NODE0) | ~locked_epoch2(NODE1) | ep_epoch3(NODE0) | ep_epoch4(NODE0) | ep_epoch5(NODE0) | NODE0 = NODE1","8","---000------1------1------------------","6","143","4","0310100020","0310100020","e0h1l1","---000------","1-","-----1------","------------","0","3","1","0","1","0","0","0","2","0"
"427","5","forall NODE1,NODE0. ~held(NODE0) | ~locked_epoch2(NODE1) | ep_epoch3(NODE0) | ep_epoch4(NODE0) | locked_epoch5(NODE0) | NODE0 = NODE1","8","---00-------1------1----0-------------","6","137","16","0210110020","0210110020","e0h1l1l0","---00-------","1-","-----1----0-","------------","0","2","1","0","1","1","0","0","2","0"
"428","5","forall NODE1,NODE0. ~held(NODE0) | ~locked_epoch2(NODE1) | ep_epoch3(NODE0) | ep_epoch4(NODE1) | locked_epoch4(NODE0) | NODE0 = NODE1","8","---0------0-1------1--0---------------","6","137","16","0210110020","0210110020","e0h1l1l0","---0------0-","1-","-----1--0---","------------","0","2","1","0","1","1","0","0","2","0"
"429","5","forall NODE1,NODE0. ~held(NODE0) | ~locked_epoch2(NODE1) | ep_epoch3(NODE0) | ep_epoch5(NODE0) | locked_epoch4(NODE0) | NODE0 = NODE1","8","---0-0------1------1--0---------------","6","137","16","0210110020","0210110020","e0h1l1l0","---0-0------","1-","-----1--0---","------------","0","2","1","0","1","1","0","0","2","0"
"430","5","forall NODE1,NODE0. ~held(NODE0) | ~locked_epoch2(NODE1) | ep_epoch3(NODE0) | locked_epoch4(NODE0) | locked_epoch4(NODE1) | NODE0 = NODE1","8","---0--------1------1--00--------------","6","126","14","0110120020","0110120020","e0h1l1l0","---0--------","1-","-----1--00--","------------","0","1","1","0","1","2","0","0","2","0"
"431","5","forall NODE1,NODE0. ~held(NODE0) | ~locked_epoch2(NODE1) | ep_epoch3(NODE0) | locked_epoch4(NODE0) | locked_epoch5(NODE0) | NODE0 = NODE1","8","---0--------1------1--0-0-------------","6","126","14","0110120020","0110120020","e0h1l1l0","---0--------","1-","-----1--0-0-","------------","0","1","1","0","1","2","0","0","2","0"
"432","5","forall NODE1,NODE0. ~held(NODE0) | ~locked_epoch2(NODE1) | ep_epoch3(NODE1) | ep_epoch4(NODE1) | locked_epoch3(NODE0) | NODE0 = NODE1","8","---------00-1------10-----------------","6","137","16","0210110020","0210110020","e0h1l1l0","---------00-","1-","-----10-----","------------","0","2","1","0","1","1","0","0","2","0"
"433","5","forall NODE1,NODE0. ~held(NODE0) | ~locked_epoch2(NODE1) | ep_epoch3(NODE1) | ep_epoch5(NODE0) | locked_epoch3(NODE0) | NODE0 = NODE1","8","-----0---0--1------10-----------------","6","137","16","0210110020","0210110020","e0h1l1l0","-----0---0--","1-","-----10-----","------------","0","2","1","0","1","1","0","0","2","0"
"434","5","forall NODE1,NODE0. ~held(NODE0) | ~locked_epoch2(NODE1) | ep_epoch3(NODE1) | locked_epoch3(NODE0) | locked_epoch4(NODE1) | NODE0 = NODE1","8","---------0--1------10--0--------------","6","126","14","0110120020","0110120020","e0h1l1l0","---------0--","1-","-----10--0--","------------","0","1","1","0","1","2","0","0","2","0"
"435","5","forall NODE1,NODE0. ~held(NODE0) | ~locked_epoch2(NODE1) | ep_epoch3(NODE1) | locked_epoch3(NODE0) | locked_epoch5(NODE0) | NODE0 = NODE1","8","---------0--1------10---0-------------","6","126","14","0110120020","0110120020","e0h1l1l0","---------0--","1-","-----10---0-","------------","0","1","1","0","1","2","0","0","2","0"
"436","5","forall NODE1,NODE0. ~held(NODE0) | ~locked_epoch2(NODE1) | ep_epoch4(NODE0) | ep_epoch5(NODE0) | locked_epoch3(NODE0) | NODE0 = NODE1","8","----00------1------10-----------------","6","137","16","0210110020","0210110020","e0h1l1l0","----00------","1-","-----10-----","------------","0","2","1","0","1","1","0","0","2","0"
"437","5","forall NODE1,NODE0. ~held(NODE0) | ~locked_epoch2(NODE1) | ep_epoch4(NODE0) | locked_epoch3(NODE0) | locked_epoch5(NODE0) | NODE0 = NODE1","8","----0-------1------10---0-------------","6","126","14","0110120020","0110120020","e0h1l1l0","----0-------","1-","-----10---0-","------------","0","1","1","0","1","2","0","0","2","0"
"438","5","forall NODE1,NODE0. ~held(NODE0) | ~locked_epoch2(NODE1) | ep_epoch4(NODE1) | locked_epoch3(NODE0) | locked_epoch4(NODE0) | NODE0 = NODE1","8","----------0-1------10-0---------------","6","126","14","0110120020","0110120020","e0h1l1l0","----------0-","1-","-----10-0---","------------","0","1","1","0","1","2","0","0","2","0"
"439","5","forall NODE1,NODE0. ~held(NODE0) | ~locked_epoch2(NODE1) | ep_epoch5(NODE0) | locked_epoch3(NODE0) | locked_epoch4(NODE0) | NODE0 = NODE1","8","-----0------1------10-0---------------","6","126","14","0110120020","0110120020","e0h1l1l0","-----0------","1-","-----10-0---","------------","0","1","1","0","1","2","0","0","2","0"
"440","5","forall NODE1,NODE0. ~held(NODE0) | ~locked_epoch2(NODE1) | locked_epoch3(NODE0) | locked_epoch4(NODE0) | locked_epoch4(NODE1) | NODE0 = NODE1","8","------------1------10-00--------------","6","116","2","0010130020","0010130020","h1l1l0","------------","1-","-----10-00--","------------","0","0","1","0","1","3","0","0","2","0"
"441","5","forall NODE1,NODE0. ~held(NODE0) | ~locked_epoch2(NODE1) | locked_epoch3(NODE0) | locked_epoch4(NODE0) | locked_epoch5(NODE0) | NODE0 = NODE1","8","------------1------10-0-0-------------","6","116","2","0010130020","0010130020","h1l1l0","------------","1-","-----10-0-0-","------------","0","0","1","0","1","3","0","0","2","0"
"442","5","forall NODE1,NODE0. ~held(NODE0) | ~locked_epoch3(NODE0) | ~locked_epoch4(NODE0) | ep_epoch2(NODE1) | locked_epoch2(NODE0) | NODE0 = NODE1","8","--------0---1-----0-1-1---------------","6","127","4","0110210020","0110210020","e0h1l1l0","--------0---","1-","----0-1-1---","------------","0","1","1","0","2","1","0","0","2","0"
"443","5","forall NODE1,NODE0. ~held(NODE0) | ~locked_epoch3(NODE0) | ep_epoch2(NODE1) | ep_epoch4(NODE1) | locked_epoch2(NODE0) | NODE0 = NODE1","8","--------0-0-1-----0-1-----------------","6","137","16","0210110020","0210110020","e0h1l1l0","--------0-0-","1-","----0-1-----","------------","0","2","1","0","1","1","0","0","2","0"
"444","5","forall NODE1,NODE0. ~held(NODE0) | ~locked_epoch3(NODE0) | ep_epoch2(NODE1) | ep_epoch5(NODE0) | locked_epoch2(NODE0) | NODE0 = NODE1","8","-----0--0---1-----0-1-----------------","6","137","16","0210110020","0210110020","e0h1l1l0","-----0--0---","1-","----0-1-----","------------","0","2","1","0","1","1","0","0","2","0"
"445","5","forall NODE1,NODE0. ~held(NODE0) | ~locked_epoch3(NODE0) | ep_epoch2(NODE1) | locked_epoch2(NODE0) | locked_epoch4(NODE1) | NODE0 = NODE1","8","--------0---1-----0-1--0--------------","6","126","14","0110120020","0110120020","e0h1l1l0","--------0---","1-","----0-1--0--","------------","0","1","1","0","1","2","0","0","2","0"
"446","5","forall NODE1,NODE0. ~held(NODE0) | ~locked_epoch3(NODE0) | ep_epoch2(NODE1) | locked_epoch2(NODE0) | locked_epoch5(NODE0) | NODE0 = NODE1","8","--------0---1-----0-1---0-------------","6","126","14","0110120020","0110120020","e0h1l1l0","--------0---","1-","----0-1---0-","------------","0","1","1","0","1","2","0","0","2","0"
"447","5","forall NODE1,NODE0. ~held(NODE0) | ~locked_epoch4(NODE0) | ep_epoch2(NODE1) | ep_epoch3(NODE1) | locked_epoch2(NODE0) | NODE0 = NODE1","8","--------00--1-----0---1---------------","6","137","16","0210110020","0210110020","e0h1l1l0","--------00--","1-","----0---1---","------------","0","2","1","0","1","1","0","0","2","0"
"448","5","forall NODE1,NODE0. ~held(NODE0) | ~locked_epoch4(NODE0) | ep_epoch2(NODE1) | locked_epoch2(NODE0) | locked_epoch3(NODE1) | NODE0 = NODE1","8","--------0---1-----0--01---------------","6","126","14","0110120020","0110120020","e0h1l1l0","--------0---","1-","----0--01---","------------","0","1","1","0","1","2","0","0","2","0"
"449","5","forall NODE1,NODE0. ~held(NODE0) | ep_epoch0(NODE1) | ep_epoch1(NODE1) | locked_epoch3(NODE0) | locked_epoch3(NODE1) | NODE0 = NODE1","8","------00----1-------00----------------","6","136","3","0210020020","0210020020","e0h1l0","------00----","1-","------00----","------------","0","2","1","0","0","2","0","0","2","0"
"450","5","forall NODE1,NODE0. ~held(NODE0) | ep_epoch0(NODE1) | ep_epoch2(NODE0) | locked_epoch3(NODE0) | locked_epoch3(NODE1) | NODE0 = NODE1","8","--0---0-----1-------00----------------","6","136","3","0210020020","0210020020","e0h1l0","--0---0-----","1-","------00----","------------","0","2","1","0","0","2","0","0","2","0"
"451","5","forall NODE1,NODE0. ~held(NODE0) | ep_epoch0(NODE1) | locked_epoch2(NODE0) | locked_epoch3(NODE0) | locked_epoch3(NODE1) | NODE0 = NODE1","8","------0-----1-----0-00----------------","6","125","2","0110030020","0110030020","e0h1l0","------0-----","1-","----0-00----","------------","0","1","1","0","0","3","0","0","2","0"
"452","5","forall NODE1,NODE0. ~held(NODE0) | ep_epoch1(NODE0) | ep_epoch2(NODE0) | locked_epoch3(NODE0) | locked_epoch3(NODE1) | NODE0 = NODE1","8","-00---------1-------00----------------","6","136","3","0210020020","0210020020","e0h1l0","-00---------","1-","------00----","------------","0","2","1","0","0","2","0","0","2","0"
"453","5","forall NODE1,NODE0. ~held(NODE0) | ep_epoch1(NODE0) | locked_epoch2(NODE0) | locked_epoch3(NODE0) | locked_epoch3(NODE1) | NODE0 = NODE1","8","-0----------1-----0-00----------------","6","125","2","0110030020","0110030020","e0h1l0","-0----------","1-","----0-00----","------------","0","1","1","0","0","3","0","0","2","0"
"454","5","forall NODE1,NODE2,NODE0. ~locked_epoch2(NODE0) | ~locked_epoch3(NODE0) | ~transfer_epoch4(NODE1) | ep_epoch0(NODE2) | ep_epoch1(NODE2) | ((NODE0 ~= NODE1 | NODE0 = NODE2) & (NODE1 ~= NODE2 | NODE0 = NODE1))","12","------00----------1-1-------------1---","9","343","4","0200201030","0200201030","e0l1t1","------00----","--","----1-1-----","--------1---","0","2","0","0","2","0","1","0","3","0"
"455","5","forall NODE1,NODE0. ~locked_epoch2(NODE0) | ~locked_epoch3(NODE1) | ~locked_epoch4(NODE1) | ~locked_epoch5(NODE1) | ep_epoch2(NODE0) | NODE0 = NODE1","8","--0---------------1--1-1-1------------","6","120","1","0100400020","0100400020","e0l1","--0---------","--","----1--1-1-1","------------","0","1","0","0","4","0","0","0","2","0"
"456","5","forall NODE1,NODE2,NODE0. ~locked_epoch2(NODE0) | ~locked_epoch3(NODE1) | ~locked_epoch4(NODE1) | ~transfer_epoch5(NODE2) | ep_epoch2(NODE0) | ((NODE0 ~= NODE2 | NODE0 = NODE1) & (NODE1 ~= NODE2 | NODE0 = NODE1))","12","--0---------------1--1-1------------1-","9","337","1","0100301030","0100301030","e0l1t1","--0---------","--","----1--1-1--","----------1-","0","1","0","0","3","0","1","0","3","0"
"457","5","forall NODE1,NODE0. ~locked_epoch2(NODE0) | ~locked_epoch3(NODE1) | ~locked_epoch4(NODE1) | ep_epoch2(NODE0) | ep_epoch4(NODE1) | NODE0 = NODE1","8","--0-------0-------1--1-1--------------","6","133","4","0200300020","0200300020","e0l1","--0-------0-","--","----1--1-1--","------------","0","2","0","0","3","0","0","0","2","0"
"458","5","forall NODE1,NODE0. ~locked_epoch2(NODE0) | ~locked_epoch3(NODE1) | ~locked_epoch4(NODE1) | ep_epoch2(NODE0) | ep_epoch5(NODE0) | NODE0 = NODE1","8","--0--0------------1--1-1--------------","6","133","4","0200300020","0200300020","e0l1","--0--0------","--","----1--1-1--","------------","0","2","0","0","3","0","0","0","2","0"
"459","5","forall NODE1,NODE0. ~locked_epoch2(NODE0) | ~locked_epoch3(NODE1) | ~locked_epoch4(NODE1) | ep_epoch2(NODE0) | held(NODE0) | NODE0 = NODE1","8","--0---------0-----1--1-1--------------","6","124","1","0101300020","0101300020","e0h0l1","--0---------","0-","----1--1-1--","------------","0","1","0","1","3","0","0","0","2","0"
"460","5","forall NODE1,NODE0. ~locked_epoch2(NODE0) | ~locked_epoch3(NODE1) | ~locked_epoch4(NODE1) | ep_epoch2(NODE0) | locked_epoch5(NODE0) | NODE0 = NODE1","8","--0---------------1--1-10-------------","6","119","4","0100310020","0100310020","e0l1l0","--0---------","--","----1--1-10-","------------","0","1","0","0","3","1","0","0","2","0"
"461","5","forall NODE1,NODE0. ~locked_epoch2(NODE0) | ~locked_epoch3(NODE1) | ~locked_epoch5(NODE1) | ep_epoch2(NODE0) | ep_epoch4(NODE0) | NODE0 = NODE1","8","--0-0-------------1--1---1------------","6","133","4","0200300020","0200300020","e0l1","--0-0-------","--","----1--1---1","------------","0","2","0","0","3","0","0","0","2","0"
"462","5","forall NODE1,NODE0. ~locked_epoch2(NODE0) | ~locked_epoch3(NODE1) | ~locked_epoch5(NODE1) | ep_epoch2(NODE0) | locked_epoch4(NODE0) | NODE0 = NODE1","8","--0---------------1--10--1------------","6","119","4","0100310020","0100310020","e0l1l0","--0---------","--","----1--10--1","------------","0","1","0","0","3","1","0","0","2","0"
"463","5","forall NODE1,NODE2,NODE0. ~locked_epoch2(NODE0) | ~locked_epoch3(NODE1) | ~transfer_epoch5(NODE2) | ep_epoch2(NODE0) | ep_epoch3(NODE1) | ((NODE0 ~= NODE2 | NODE0 = NODE1) & (NODE1 ~= NODE2 | NODE0 = NODE1))","12","--0------0--------1--1--------------1-","9","343","4","0200201030","0200201030","e0l1t1","--0------0--","--","----1--1----","----------1-","0","2","0","0","2","0","1","0","3","0"
"464","5","forall NODE1,NODE2,NODE0. ~locked_epoch2(NODE0) | ~locked_epoch3(NODE1) | ~transfer_epoch5(NODE2) | ep_epoch2(NODE0) | ep_epoch4(NODE0) | ((NODE0 ~= NODE2 | NODE0 = NODE1) & (NODE1 ~= NODE2 | NODE0 = NODE1))","12","--0-0-------------1--1--------------1-","9","343","4","0200201030","0200201030","e0l1t1","--0-0-------","--","----1--1----","----------1-","0","2","0","0","2","0","1","0","3","0"
"465","5","forall NODE1,NODE2,NODE0. ~locked_epoch2(NODE0) | ~locked_epoch3(NODE1) | ~transfer_epoch5(NODE2) | ep_epoch2(NODE0) | locked_epoch4(NODE0) | ((NODE0 ~= NODE2 | NODE0 = NODE1) & (NODE1 ~= NODE2 | NODE0 = NODE1))","12","--0---------------1--10-------------1-","9","336","3","0100211030","0100211030","e0l1l0t1","--0---------","--","----1--10---","----------1-","0","1","0","0","2","1","1","0","3","0"
"466","5","forall NODE1,NODE0. ~locked_epoch2(NODE0) | ~locked_epoch3(NODE1) | ep_epoch2(NODE0) | ep_epoch4(NODE0) | ep_epoch5(NODE0) | NODE0 = NODE1","8","--0-00------------1--1----------------","6","142","4","0300200020","0300200020","e0l1","--0-00------","--","----1--1----","------------","0","3","0","0","2","0","0","0","2","0"
"467","5","forall NODE1,NODE0. ~locked_epoch2(NODE0) | ~locked_epoch3(NODE1) | ep_epoch2(NODE0) | ep_epoch4(NODE0) | held(NODE0) | NODE0 = NODE1","8","--0-0-------0-----1--1----------------","6","135","2","0201200020","0201200020","e0h0l1","--0-0-------","0-","----1--1----","------------","0","2","0","1","2","0","0","0","2","0"
"468","5","forall NODE1,NODE0. ~locked_epoch2(NODE0) | ~locked_epoch3(NODE1) | ep_epoch2(NODE0) | ep_epoch4(NODE0) | locked_epoch5(NODE0) | NODE0 = NODE1","8","--0-0-------------1--1--0-------------","6","132","12","0200210020","0200210020","e0l1l0","--0-0-------","--","----1--1--0-","------------","0","2","0","0","2","1","0","0","2","0"
"469","5","forall NODE1,NODE0. ~locked_epoch2(NODE0) | ~locked_epoch3(NODE1) | ep_epoch2(NODE0) | ep_epoch4(NODE1) | locked_epoch4(NODE0) | NODE0 = NODE1","8","--0-------0-------1--10---------------","6","132","12","0200210020","0200210020","e0l1l0","--0-------0-","--","----1--10---","------------","0","2","0","0","2","1","0","0","2","0"
"470","5","forall NODE1,NODE0. ~locked_epoch2(NODE0) | ~locked_epoch3(NODE1) | ep_epoch2(NODE0) | ep_epoch5(NODE0) | locked_epoch4(NODE0) | NODE0 = NODE1","8","--0--0------------1--10---------------","6","132","12","0200210020","0200210020","e0l1l0","--0--0------","--","----1--10---","------------","0","2","0","0","2","1","0","0","2","0"
"471","5","forall NODE1,NODE0. ~locked_epoch2(NODE0) | ~locked_epoch3(NODE1) | ep_epoch2(NODE0) | held(NODE0) | locked_epoch4(NODE0) | NODE0 = NODE1","8","--0---------0-----1--10---------------","6","123","3","0101210020","0101210020","e0h0l1l0","--0---------","0-","----1--10---","------------","0","1","0","1","2","1","0","0","2","0"
"472","5","forall NODE1,NODE0. ~locked_epoch2(NODE0) | ~locked_epoch3(NODE1) | ep_epoch2(NODE0) | locked_epoch4(NODE0) | locked_epoch4(NODE1) | NODE0 = NODE1","8","--0---------------1--100--------------","6","118","7","0100220020","0100220020","e0l1l0","--0---------","--","----1--100--","------------","0","1","0","0","2","2","0","0","2","0"
"473","5","forall NODE1,NODE0. ~locked_epoch2(NODE0) | ~locked_epoch3(NODE1) | ep_epoch2(NODE0) | locked_epoch4(NODE0) | locked_epoch5(NODE0) | NODE0 = NODE1","8","--0---------------1--10-0-------------","6","118","7","0100220020","0100220020","e0l1l0","--0---------","--","----1--10-0-","------------","0","1","0","0","2","2","0","0","2","0"
"474","5","forall NODE1,NODE0. ~locked_epoch2(NODE0) | ~locked_epoch4(NODE1) | ~locked_epoch5(NODE1) | ep_epoch2(NODE0) | ep_epoch3(NODE0) | NODE0 = NODE1","8","--00--------------1----1-1------------","6","133","4","0200300020","0200300020","e0l1","--00--------","--","----1----1-1","------------","0","2","0","0","3","0","0","0","2","0"
"475","5","forall NODE1,NODE0. ~locked_epoch2(NODE0) | ~locked_epoch4(NODE1) | ~locked_epoch5(NODE1) | ep_epoch2(NODE0) | locked_epoch3(NODE0) | NODE0 = NODE1","8","--0---------------1-0--1-1------------","6","119","4","0100310020","0100310020","e0l1l0","--0---------","--","----1-0--1-1","------------","0","1","0","0","3","1","0","0","2","0"
"476","5","forall NODE1,NODE2,NODE0. ~locked_epoch2(NODE0) | ~locked_epoch4(NODE1) | ~transfer_epoch5(NODE2) | ep_epoch2(NODE0) | ep_epoch3(NODE0) | ((NODE0 ~= NODE2 | NODE0 = NODE1) & (NODE1 ~= NODE2 | NODE0 = NODE1))","12","--00--------------1----1------------1-","9","343","4","0200201030","0200201030","e0l1t1","--00--------","--","----1----1--","----------1-","0","2","0","0","2","0","1","0","3","0"
"477","5","forall NODE1,NODE2,NODE0. ~locked_epoch2(NODE0) | ~locked_epoch4(NODE1) | ~transfer_epoch5(NODE2) | ep_epoch2(NODE0) | locked_epoch3(NODE0) | ((NODE1 ~= NODE2 | NODE0 = NODE1) & (NODE0 ~= NODE2 | NODE0 = NODE1))","12","--0---------------1-0--1------------1-","9","336","3","0100211030","0100211030","e0l1l0t1","--0---------","--","----1-0--1--","----------1-","0","1","0","0","2","1","1","0","3","0"
"478","5","forall NODE1,NODE0. ~locked_epoch2(NODE0) | ~locked_epoch4(NODE1) | ep_epoch2(NODE0) | ep_epoch3(NODE0) | ep_epoch4(NODE1) | NODE0 = NODE1","8","--00------0-------1----1--------------","6","142","4","0300200020","0300200020","e0l1","--00------0-","--","----1----1--","------------","0","3","0","0","2","0","0","0","2","0"
"479","5","forall NODE1,NODE0. ~locked_epoch2(NODE0) | ~locked_epoch4(NODE1) | ep_epoch2(NODE0) | ep_epoch3(NODE0) | ep_epoch5(NODE0) | NODE0 = NODE1","8","--00-0------------1----1--------------","6","142","4","0300200020","0300200020","e0l1","--00-0------","--","----1----1--","------------","0","3","0","0","2","0","0","0","2","0"
"480","5","forall NODE1,NODE0. ~locked_epoch2(NODE0) | ~locked_epoch4(NODE1) | ep_epoch2(NODE0) | ep_epoch3(NODE0) | held(NODE0) | NODE0 = NODE1","8","--00--------0-----1----1--------------","6","135","2","0201200020","0201200020","e0h0l1","--00--------","0-","----1----1--","------------","0","2","0","1","2","0","0","0","2","0"
"481","5","forall NODE1,NODE0. ~locked_epoch2(NODE0) | ~locked_epoch4(NODE1) | ep_epoch2(NODE0) | ep_epoch3(NODE0) | locked_epoch5(NODE0) | NODE0 = NODE1","8","--00--------------1----10-------------","6","132","12","0200210020","0200210020","e0l1l0","--00--------","--","----1----10-","------------","0","2","0","0","2","1","0","0","2","0"
"482","5","forall NODE1,NODE0. ~locked_epoch2(NODE0) | ~locked_epoch4(NODE1) | ep_epoch2(NODE0) | ep_epoch4(NODE1) | locked_epoch3(NODE0) | NODE0 = NODE1","8","--0-------0-------1-0--1--------------","6","132","12","0200210020","0200210020","e0l1l0","--0-------0-","--","----1-0--1--","------------","0","2","0","0","2","1","0","0","2","0"
"483","5","forall NODE1,NODE0. ~locked_epoch2(NODE0) | ~locked_epoch4(NODE1) | ep_epoch2(NODE0) | ep_epoch5(NODE0) | locked_epoch3(NODE0) | NODE0 = NODE1","8","--0--0------------1-0--1--------------","6","132","12","0200210020","0200210020","e0l1l0","--0--0------","--","----1-0--1--","------------","0","2","0","0","2","1","0","0","2","0"
"484","5","forall NODE1,NODE0. ~locked_epoch2(NODE0) | ~locked_epoch4(NODE1) | ep_epoch2(NODE0) | held(NODE0) | locked_epoch3(NODE0) | NODE0 = NODE1","8","--0---------0-----1-0--1--------------","6","123","3","0101210020","0101210020","e0h0l1l0","--0---------","0-","----1-0--1--","------------","0","1","0","1","2","1","0","0","2","0"
"485","5","forall NODE1,NODE0. ~locked_epoch2(NODE0) | ~locked_epoch4(NODE1) | ep_epoch2(NODE0) | locked_epoch3(NODE0) | locked_epoch5(NODE0) | NODE0 = NODE1","8","--0---------------1-0--10-------------","6","118","7","0100220020","0100220020","e0l1l0","--0---------","--","----1-0--10-","------------","0","1","0","0","2","2","0","0","2","0"
"486","5","forall NODE1,NODE0. ~locked_epoch2(NODE0) | ~locked_epoch5(NODE1) | ep_epoch2(NODE0) | ep_epoch3(NODE0) | ep_epoch4(NODE0) | NODE0 = NODE1","8","--000-------------1------1------------","6","142","4","0300200020","0300200020","e0l1","--000-------","--","----1------1","------------","0","3","0","0","2","0","0","0","2","0"
"487","5","forall NODE1,NODE0. ~locked_epoch2(NODE0) | ~locked_epoch5(NODE1) | ep_epoch2(NODE0) | ep_epoch3(NODE0) | locked_epoch4(NODE0) | NODE0 = NODE1","8","--00--------------1---0--1------------","6","132","12","0200210020","0200210020","e0l1l0","--00--------","--","----1---0--1","------------","0","2","0","0","2","1","0","0","2","0"
"488","5","forall NODE1,NODE0. ~locked_epoch2(NODE0) | ~locked_epoch5(NODE1) | ep_epoch2(NODE0) | ep_epoch4(NODE0) | locked_epoch3(NODE0) | NODE0 = NODE1","8","--0-0-------------1-0----1------------","6","132","12","0200210020","0200210020","e0l1l0","--0-0-------","--","----1-0----1","------------","0","2","0","0","2","1","0","0","2","0"
"489","5","forall NODE1,NODE0. ~locked_epoch2(NODE0) | ~locked_epoch5(NODE1) | ep_epoch2(NODE0) | locked_epoch3(NODE0) | locked_epoch4(NODE0) | NODE0 = NODE1","8","--0---------------1-0-0--1------------","6","118","7","0100220020","0100220020","e0l1l0","--0---------","--","----1-0-0--1","------------","0","1","0","0","2","2","0","0","2","0"
"490","5","forall NODE1,NODE2,NODE0. ~locked_epoch2(NODE0) | ~transfer_epoch4(NODE1) | ep_epoch0(NODE2) | ep_epoch1(NODE2) | ep_epoch2(NODE0) | ((NODE0 ~= NODE1 | NODE0 = NODE2) & (NODE1 ~= NODE2 | NODE0 = NODE1))","12","--0---00----------1---------------1---","9","350","3","0300101030","0300101030","e0l1t1","--0---00----","--","----1-------","--------1---","0","3","0","0","1","0","1","0","3","0"
"491","5","forall NODE1,NODE2,NODE0. ~locked_epoch2(NODE0) | ~transfer_epoch4(NODE1) | ep_epoch0(NODE2) | ep_epoch1(NODE2) | ep_epoch3(NODE2) | ((NODE0 ~= NODE1 | NODE0 = NODE2) & (NODE1 ~= NODE2 | NODE0 = NODE1))","12","------00-0--------1---------------1---","9","350","3","0300101030","0300101030","e0l1t1","------00-0--","--","----1-------","--------1---","0","3","0","0","1","0","1","0","3","0"
"492","5","forall NODE1,NODE2,NODE0. ~locked_epoch2(NODE0) | ~transfer_epoch4(NODE1) | ep_epoch0(NODE2) | ep_epoch1(NODE2) | locked_epoch3(NODE2) | ((NODE1 ~= NODE2 | NODE0 = NODE1) & (NODE0 ~= NODE1 | NODE0 = NODE2))","12","------00----------1--0------------1---","9","342","6","0200111030","0200111030","e0l1l0t1","------00----","--","----1--0----","--------1---","0","2","0","0","1","1","1","0","3","0"
"493","5","forall NODE1,NODE0. ~locked_epoch2(NODE0) | ~transfer_epoch5(NODE1) | ep_epoch2(NODE0) | ep_epoch3(NODE0) | ep_epoch4(NODE0)","7","--000-------------1-----------------1-","5","94","1","0300101020","0300101020","e0l1t1","--000-------","--","----1-------","----------1-","0","3","0","0","1","0","1","0","2","0"
"494","5","forall NODE1,NODE0. ~locked_epoch2(NODE0) | ~transfer_epoch5(NODE1) | ep_epoch2(NODE0) | ep_epoch3(NODE0) | locked_epoch4(NODE0)","7","--00--------------1---0-------------1-","5","87","2","0200111020","0200111020","e0l1l0t1","--00--------","--","----1---0---","----------1-","0","2","0","0","1","1","1","0","2","0"
"495","5","forall NODE1,NODE2,NODE0. ~locked_epoch2(NODE0) | ~transfer_epoch5(NODE1) | ep_epoch2(NODE0) | ep_epoch3(NODE2) | locked_epoch3(NODE0) | ((NODE1 ~= NODE2 | NODE0 = NODE1) & (NODE0 ~= NODE1 | NODE0 = NODE2))","12","--0------0--------1-0---------------1-","9","342","6","0200111030","0200111030","e0l1l0t1","--0------0--","--","----1-0-----","----------1-","0","2","0","0","1","1","1","0","3","0"
"496","5","forall NODE1,NODE0. ~locked_epoch2(NODE0) | ~transfer_epoch5(NODE1) | ep_epoch2(NODE0) | ep_epoch4(NODE0) | locked_epoch3(NODE0)","7","--0-0-------------1-0---------------1-","5","87","2","0200111020","0200111020","e0l1l0t1","--0-0-------","--","----1-0-----","----------1-","0","2","0","0","1","1","1","0","2","0"
"497","5","forall NODE1,NODE0. ~locked_epoch2(NODE0) | ~transfer_epoch5(NODE1) | ep_epoch2(NODE0) | locked_epoch3(NODE0) | locked_epoch4(NODE0)","7","--0---------------1-0-0-------------1-","5","74","1","0100121020","0100121020","e0l1l0t1","--0---------","--","----1-0-0---","----------1-","0","1","0","0","1","2","1","0","2","0"
"498","5","forall NODE1,NODE0. ~locked_epoch2(NODE0) | ep_epoch0(NODE1) | ep_epoch1(NODE1) | locked_epoch3(NODE0) | locked_epoch3(NODE1) | NODE0 = NODE1","8","------00----------1-00----------------","6","131","11","0200120020","0200120020","e0l1l0","------00----","--","----1-00----","------------","0","2","0","0","1","2","0","0","2","0"
"499","5","forall NODE0. ~locked_epoch2(NODE0) | ep_epoch2(NODE0) | ep_epoch3(NODE0) | ep_epoch4(NODE0) | ep_epoch5(NODE0)","6","--0000------------1-------------------","5","56","1","0400100010","0400100010","e0l1","--0000------","--","----1-------","------------","0","4","0","0","1","0","0","0","1","0"
"500","5","forall NODE0. ~locked_epoch2(NODE0) | ep_epoch2(NODE0) | ep_epoch3(NODE0) | ep_epoch4(NODE0) | held(NODE0)","6","--000-------0-----1-------------------","5","55","1","0301100010","0301100010","e0h0l1","--000-------","0-","----1-------","------------","0","3","0","1","1","0","0","0","1","0"
"501","5","forall NODE0. ~locked_epoch2(NODE0) | ep_epoch2(NODE0) | ep_epoch3(NODE0) | ep_epoch4(NODE0) | locked_epoch5(NODE0)","6","--000-------------1-----0-------------","5","54","3","0300110010","0300110010","e0l1l0","--000-------","--","----1-----0-","------------","0","3","0","0","1","1","0","0","1","0"
"502","5","forall NODE1,NODE0. ~locked_epoch2(NODE0) | ep_epoch2(NODE0) | ep_epoch3(NODE0) | ep_epoch4(NODE1) | locked_epoch4(NODE0) | NODE0 = NODE1","8","--00------0-------1---0---------------","6","141","5","0300110020","0300110020","e0l1l0","--00------0-","--","----1---0---","------------","0","3","0","0","1","1","0","0","2","0"
"503","5","forall NODE0. ~locked_epoch2(NODE0) | ep_epoch2(NODE0) | ep_epoch3(NODE0) | ep_epoch5(NODE0) | locked_epoch4(NODE0)","6","--00-0------------1---0---------------","5","54","3","0300110010","0300110010","e0l1l0","--00-0------","--","----1---0---","------------","0","3","0","0","1","1","0","0","1","0"
"504","5","forall NODE0. ~locked_epoch2(NODE0) | ep_epoch2(NODE0) | ep_epoch3(NODE0) | held(NODE0) | locked_epoch4(NODE0)","6","--00--------0-----1---0---------------","5","50","2","0201110010","0201110010","e0h0l1l0","--00--------","0-","----1---0---","------------","0","2","0","1","1","1","0","0","1","0"
"505","5","forall NODE1,NODE0. ~locked_epoch2(NODE0) | ep_epoch2(NODE0) | ep_epoch3(NODE0) | locked_epoch4(NODE0) | locked_epoch4(NODE1) | NODE0 = NODE1","8","--00--------------1---00--------------","6","131","11","0200120020","0200120020","e0l1l0","--00--------","--","----1---00--","------------","0","2","0","0","1","2","0","0","2","0"
"506","5","forall NODE0. ~locked_epoch2(NODE0) | ep_epoch2(NODE0) | ep_epoch3(NODE0) | locked_epoch4(NODE0) | locked_epoch5(NODE0)","6","--00--------------1---0-0-------------","5","49","3","0200120010","0200120010","e0l1l0","--00--------","--","----1---0-0-","------------","0","2","0","0","1","2","0","0","1","0"
"507","5","forall NODE0. ~locked_epoch2(NODE0) | ep_epoch2(NODE0) | ep_epoch4(NODE0) | ep_epoch5(NODE0) | locked_epoch3(NODE0)","6","--0-00------------1-0-----------------","5","54","3","0300110010","0300110010","e0l1l0","--0-00------","--","----1-0-----","------------","0","3","0","0","1","1","0","0","1","0"
"508","5","forall NODE0. ~locked_epoch2(NODE0) | ep_epoch2(NODE0) | ep_epoch4(NODE0) | held(NODE0) | locked_epoch3(NODE0)","6","--0-0-------0-----1-0-----------------","5","50","2","0201110010","0201110010","e0h0l1l0","--0-0-------","0-","----1-0-----","------------","0","2","0","1","1","1","0","0","1","0"
"509","5","forall NODE0. ~locked_epoch2(NODE0) | ep_epoch2(NODE0) | ep_epoch4(NODE0) | locked_epoch3(NODE0) | locked_epoch5(NODE0)","6","--0-0-------------1-0---0-------------","5","49","3","0200120010","0200120010","e0l1l0","--0-0-------","--","----1-0---0-","------------","0","2","0","0","1","2","0","0","1","0"
"510","5","forall NODE1,NODE0. ~locked_epoch2(NODE0) | ep_epoch2(NODE0) | ep_epoch4(NODE1) | locked_epoch3(NODE0) | locked_epoch4(NODE0) | NODE0 = NODE1","8","--0-------0-------1-0-0---------------","6","131","11","0200120020","0200120020","e0l1l0","--0-------0-","--","----1-0-0---","------------","0","2","0","0","1","2","0","0","2","0"
"511","5","forall NODE0. ~locked_epoch2(NODE0) | ep_epoch2(NODE0) | ep_epoch5(NODE0) | locked_epoch3(NODE0) | locked_epoch4(NODE0)","6","--0--0------------1-0-0---------------","5","49","3","0200120010","0200120010","e0l1l0","--0--0------","--","----1-0-0---","------------","0","2","0","0","1","2","0","0","1","0"
"512","5","forall NODE0. ~locked_epoch2(NODE0) | ep_epoch2(NODE0) | held(NODE0) | locked_epoch3(NODE0) | locked_epoch4(NODE0)","6","--0---------0-----1-0-0---------------","5","44","1","0101120010","0101120010","e0h0l1l0","--0---------","0-","----1-0-0---","------------","0","1","0","1","1","2","0","0","1","0"
"513","5","forall NODE1,NODE0. ~locked_epoch2(NODE0) | ep_epoch2(NODE0) | locked_epoch3(NODE0) | locked_epoch4(NODE0) | locked_epoch4(NODE1) | NODE0 = NODE1","8","--0---------------1-0-00--------------","6","117","5","0100130020","0100130020","e0l1l0","--0---------","--","----1-0-00--","------------","0","1","0","0","1","3","0","0","2","0"
"514","5","forall NODE0. ~locked_epoch2(NODE0) | ep_epoch2(NODE0) | locked_epoch3(NODE0) | locked_epoch4(NODE0) | locked_epoch5(NODE0)","6","--0---------------1-0-0-0-------------","5","42","1","0100130010","0100130010","e0l1l0","--0---------","--","----1-0-0-0-","------------","0","1","0","0","1","3","0","0","1","0"
"515","5","forall NODE1,NODE0. ~locked_epoch3(NODE0) | ~locked_epoch4(NODE0) | ~locked_epoch5(NODE0) | ep_epoch2(NODE1) | locked_epoch2(NODE0) | NODE0 = NODE1","8","--------0---------0-1-1-1-------------","6","119","4","0100310020","0100310020","e0l1l0","--------0---","--","----0-1-1-1-","------------","0","1","0","0","3","1","0","0","2","0"
"516","5","forall NODE1,NODE2,NODE0. ~locked_epoch3(NODE0) | ~locked_epoch4(NODE0) | ~transfer_epoch5(NODE1) | ep_epoch2(NODE2) | locked_epoch2(NODE0) | ((NODE1 ~= NODE2 | NODE0 = NODE1) & (NODE0 ~= NODE1 | NODE0 = NODE2))","12","--------0---------0-1-1-------------1-","9","336","3","0100211030","0100211030","e0l1l0t1","--------0---","--","----0-1-1---","----------1-","0","1","0","0","2","1","1","0","3","0"
"517","5","forall NODE1,NODE0. ~locked_epoch3(NODE0) | ~locked_epoch4(NODE0) | ep_epoch2(NODE1) | ep_epoch4(NODE0) | locked_epoch2(NODE0) | NODE0 = NODE1","8","----0---0---------0-1-1---------------","6","132","12","0200210020","0200210020","e0l1l0","----0---0---","--","----0-1-1---","------------","0","2","0","0","2","1","0","0","2","0"
"518","5","forall NODE1,NODE0. ~locked_epoch3(NODE0) | ~locked_epoch4(NODE0) | ep_epoch2(NODE1) | ep_epoch5(NODE1) | locked_epoch2(NODE0) | NODE0 = NODE1","8","--------0--0------0-1-1---------------","6","132","12","0200210020","0200210020","e0l1l0","--------0--0","--","----0-1-1---","------------","0","2","0","0","2","1","0","0","2","0"
"519","5","forall NODE1,NODE0. ~locked_epoch3(NODE0) | ~locked_epoch4(NODE0) | ep_epoch2(NODE1) | held(NODE1) | locked_epoch2(NODE0) | NODE0 = NODE1","8","--------0----0----0-1-1---------------","6","123","3","0101210020","0101210020","e0h0l1l0","--------0---","-0","----0-1-1---","------------","0","1","0","1","2","1","0","0","2","0"
"520","5","forall NODE1,NODE0. ~locked_epoch3(NODE0) | ~locked_epoch4(NODE0) | ep_epoch2(NODE1) | locked_epoch2(NODE0) | locked_epoch5(NODE1) | NODE0 = NODE1","8","--------0---------0-1-1--0------------","6","118","7","0100220020","0100220020","e0l1l0","--------0---","--","----0-1-1--0","------------","0","1","0","0","2","2","0","0","2","0"
"521","5","forall NODE1,NODE0. ~locked_epoch3(NODE0) | ~locked_epoch5(NODE0) | ep_epoch2(NODE1) | ep_epoch4(NODE1) | locked_epoch2(NODE0) | NODE0 = NODE1","8","--------0-0-------0-1---1-------------","6","132","12","0200210020","0200210020","e0l1l0","--------0-0-","--","----0-1---1-","------------","0","2","0","0","2","1","0","0","2","0"
"522","5","forall NODE1,NODE0. ~locked_epoch3(NODE0) | ~locked_epoch5(NODE0) | ep_epoch2(NODE1) | locked_epoch2(NODE0) | locked_epoch4(NODE1) | NODE0 = NODE1","8","--------0---------0-1--01-------------","6","118","7","0100220020","0100220020","e0l1l0","--------0---","--","----0-1--01-","------------","0","1","0","0","2","2","0","0","2","0"
"523","5","forall NODE1,NODE2,NODE0. ~locked_epoch3(NODE0) | ~transfer_epoch4(NODE1) | ep_epoch0(NODE2) | ep_epoch1(NODE2) | ep_epoch2(NODE2) | ((NODE0 ~= NODE1 | NODE0 = NODE2) & (NODE1 ~= NODE2 | NODE0 = NODE1))","12","------000-----------1-------------1---","9","350","3","0300101030","0300101030","e0l1t1","------000---","--","------1-----","--------1---","0","3","0","0","1","0","1","0","3","0"
"524","5","forall NODE1,NODE2,NODE0. ~locked_epoch3(NODE0) | ~transfer_epoch4(NODE1) | ep_epoch0(NODE2) | ep_epoch1(NODE2) | locked_epoch2(NODE2) | ((NODE0 ~= NODE1 | NODE0 = NODE2) & (NODE1 ~= NODE2 | NODE0 = NODE1))","12","------00-----------01-------------1---","9","342","6","0200111030","0200111030","e0l1l0t1","------00----","--","-----01-----","--------1---","0","2","0","0","1","1","1","0","3","0"
"525","5","forall NODE1,NODE2,NODE0. ~locked_epoch3(NODE0) | ~transfer_epoch5(NODE1) | ep_epoch2(NODE2) | ep_epoch3(NODE0) | locked_epoch2(NODE0) | ((NODE1 ~= NODE2 | NODE0 = NODE1) & (NODE0 ~= NODE1 | NODE0 = NODE2))","12","---0----0---------0-1---------------1-","9","342","6","0200111030","0200111030","e0l1l0t1","---0----0---","--","----0-1-----","----------1-","0","2","0","0","1","1","1","0","3","0"
"526","5","forall NODE1,NODE2,NODE0. ~locked_epoch3(NODE0) | ~transfer_epoch5(NODE1) | ep_epoch2(NODE2) | ep_epoch4(NODE2) | locked_epoch2(NODE0) | ((NODE1 ~= NODE2 | NODE0 = NODE1) & (NODE0 ~= NODE1 | NODE0 = NODE2))","12","--------0-0-------0-1---------------1-","9","342","6","0200111030","0200111030","e0l1l0t1","--------0-0-","--","----0-1-----","----------1-","0","2","0","0","1","1","1","0","3","0"
"527","5","forall NODE1,NODE2,NODE0. ~locked_epoch3(NODE0) | ~transfer_epoch5(NODE1) | ep_epoch2(NODE2) | locked_epoch2(NODE0) | locked_epoch4(NODE2) | ((NODE1 ~= NODE2 | NODE0 = NODE1) & (NODE0 ~= NODE1 | NODE0 = NODE2))","12","--------0---------0-1--0------------1-","9","335","2","0100121030","0100121030","e0l1l0t1","--------0---","--","----0-1--0--","----------1-","0","1","0","0","1","2","1","0","3","0"
"528","5","forall NODE1,NODE0. ~locked_epoch3(NODE0) | ep_epoch2(NODE1) | ep_epoch4(NODE0) | locked_epoch2(NODE0) | locked_epoch4(NODE1) | NODE0 = NODE1","8","----0---0---------0-1--0--------------","6","131","11","0200120020","0200120020","e0l1l0","----0---0---","--","----0-1--0--","------------","0","2","0","0","1","2","0","0","2","0"
"529","5","forall NODE1,NODE0. ~locked_epoch3(NODE0) | ep_epoch2(NODE1) | ep_epoch4(NODE1) | ep_epoch5(NODE1) | locked_epoch2(NODE0) | NODE0 = NODE1","8","--------0-00------0-1-----------------","6","141","5","0300110020","0300110020","e0l1l0","--------0-00","--","----0-1-----","------------","0","3","0","0","1","1","0","0","2","0"
"530","5","forall NODE1,NODE0. ~locked_epoch3(NODE0) | ep_epoch2(NODE1) | ep_epoch4(NODE1) | held(NODE1) | locked_epoch2(NODE0) | NODE0 = NODE1","8","--------0-0--0----0-1-----------------","6","134","2","0201110020","0201110020","e0h0l1l0","--------0-0-","-0","----0-1-----","------------","0","2","0","1","1","1","0","0","2","0"
"531","5","forall NODE1,NODE0. ~locked_epoch3(NODE0) | ep_epoch2(NODE1) | ep_epoch4(NODE1) | locked_epoch2(NODE0) | locked_epoch5(NODE1) | NODE0 = NODE1","8","--------0-0-------0-1----0------------","6","131","11","0200120020","0200120020","e0l1l0","--------0-0-","--","----0-1----0","------------","0","2","0","0","1","2","0","0","2","0"
"532","5","forall NODE1,NODE0. ~locked_epoch3(NODE0) | ep_epoch2(NODE1) | ep_epoch5(NODE1) | locked_epoch2(NODE0) | locked_epoch4(NODE1) | NODE0 = NODE1","8","--------0--0------0-1--0--------------","6","131","11","0200120020","0200120020","e0l1l0","--------0--0","--","----0-1--0--","------------","0","2","0","0","1","2","0","0","2","0"
"533","5","forall NODE1,NODE0. ~locked_epoch3(NODE0) | ep_epoch2(NODE1) | held(NODE1) | locked_epoch2(NODE0) | locked_epoch4(NODE1) | NODE0 = NODE1","8","--------0----0----0-1--0--------------","6","122","2","0101120020","0101120020","e0h0l1l0","--------0---","-0","----0-1--0--","------------","0","1","0","1","1","2","0","0","2","0"
"534","5","forall NODE1,NODE0. ~locked_epoch3(NODE0) | ep_epoch2(NODE1) | locked_epoch2(NODE0) | locked_epoch4(NODE0) | locked_epoch4(NODE1) | NODE0 = NODE1","8","--------0---------0-1-00--------------","6","117","5","0100130020","0100130020","e0l1l0","--------0---","--","----0-1-00--","------------","0","1","0","0","1","3","0","0","2","0"
"535","5","forall NODE1,NODE0. ~locked_epoch3(NODE0) | ep_epoch2(NODE1) | locked_epoch2(NODE0) | locked_epoch4(NODE1) | locked_epoch5(NODE1) | NODE0 = NODE1","8","--------0---------0-1--0-0------------","6","117","5","0100130020","0100130020","e0l1l0","--------0---","--","----0-1--0-0","------------","0","1","0","0","1","3","0","0","2","0"
"536","5","forall NODE1,NODE0. ~locked_epoch4(NODE0) | ~locked_epoch5(NODE0) | ep_epoch2(NODE1) | ep_epoch3(NODE1) | locked_epoch2(NODE0) | NODE0 = NODE1","8","--------00--------0---1-1-------------","6","132","12","0200210020","0200210020","e0l1l0","--------00--","--","----0---1-1-","------------","0","2","0","0","2","1","0","0","2","0"
"537","5","forall NODE1,NODE0. ~locked_epoch4(NODE0) | ~locked_epoch5(NODE0) | ep_epoch2(NODE1) | locked_epoch2(NODE0) | locked_epoch3(NODE1) | NODE0 = NODE1","8","--------0---------0--01-1-------------","6","118","7","0100220020","0100220020","e0l1l0","--------0---","--","----0--01-1-","------------","0","1","0","0","2","2","0","0","2","0"
"538","5","forall NODE1,NODE2,NODE0. ~locked_epoch4(NODE0) | ~transfer_epoch5(NODE1) | ep_epoch2(NODE2) | ep_epoch3(NODE2) | locked_epoch2(NODE0) | ((NODE1 ~= NODE2 | NODE0 = NODE1) & (NODE0 ~= NODE1 | NODE0 = NODE2))","12","--------00--------0---1-------------1-","9","342","6","0200111030","0200111030","e0l1l0t1","--------00--","--","----0---1---","----------1-","0","2","0","0","1","1","1","0","3","0"
"539","5","forall NODE1,NODE2,NODE0. ~locked_epoch4(NODE0) | ~transfer_epoch5(NODE1) | ep_epoch2(NODE2) | locked_epoch2(NODE0) | locked_epoch3(NODE2) | ((NODE0 ~= NODE1 | NODE0 = NODE2) & (NODE1 ~= NODE2 | NODE0 = NODE1))","12","--------0---------0--01-------------1-","9","335","2","0100121030","0100121030","e0l1l0t1","--------0---","--","----0--01---","----------1-","0","1","0","0","1","2","1","0","3","0"
"540","5","forall NODE1,NODE0. ~locked_epoch4(NODE0) | ep_epoch2(NODE1) | ep_epoch3(NODE1) | ep_epoch4(NODE0) | locked_epoch2(NODE0) | NODE0 = NODE1","8","----0---00--------0---1---------------","6","141","5","0300110020","0300110020","e0l1l0","----0---00--","--","----0---1---","------------","0","3","0","0","1","1","0","0","2","0"
"541","5","forall NODE1,NODE0. ~locked_epoch4(NODE0) | ep_epoch2(NODE1) | ep_epoch3(NODE1) | ep_epoch5(NODE1) | locked_epoch2(NODE0) | NODE0 = NODE1","8","--------00-0------0---1---------------","6","141","5","0300110020","0300110020","e0l1l0","--------00-0","--","----0---1---","------------","0","3","0","0","1","1","0","0","2","0"
"542","5","forall NODE1,NODE0. ~locked_epoch4(NODE0) | ep_epoch2(NODE1) | ep_epoch3(NODE1) | held(NODE1) | locked_epoch2(NODE0) | NODE0 = NODE1","8","--------00---0----0---1---------------","6","134","2","0201110020","0201110020","e0h0l1l0","--------00--","-0","----0---1---","------------","0","2","0","1","1","1","0","0","2","0"
"543","5","forall NODE1,NODE0. ~locked_epoch4(NODE0) | ep_epoch2(NODE1) | ep_epoch3(NODE1) | locked_epoch2(NODE0) | locked_epoch5(NODE1) | NODE0 = NODE1","8","--------00--------0---1--0------------","6","131","11","0200120020","0200120020","e0l1l0","--------00--","--","----0---1--0","------------","0","2","0","0","1","2","0","0","2","0"
"544","5","forall NODE1,NODE0. ~locked_epoch4(NODE0) | ep_epoch2(NODE1) | ep_epoch4(NODE0) | locked_epoch2(NODE0) | locked_epoch3(NODE1) | NODE0 = NODE1","8","----0---0---------0--01---------------","6","131","11","0200120020","0200120020","e0l1l0","----0---0---","--","----0--01---","------------","0","2","0","0","1","2","0","0","2","0"
"545","5","forall NODE1,NODE0. ~locked_epoch4(NODE0) | ep_epoch2(NODE1) | ep_epoch5(NODE1) | locked_epoch2(NODE0) | locked_epoch3(NODE1) | NODE0 = NODE1","8","--------0--0------0--01---------------","6","131","11","0200120020","0200120020","e0l1l0","--------0--0","--","----0--01---","------------","0","2","0","0","1","2","0","0","2","0"
"546","5","forall NODE1,NODE0. ~locked_epoch4(NODE0) | ep_epoch2(NODE1) | held(NODE1) | locked_epoch2(NODE0) | locked_epoch3(NODE1) | NODE0 = NODE1","8","--------0----0----0--01---------------","6","122","2","0101120020","0101120020","e0h0l1l0","--------0---","-0","----0--01---","------------","0","1","0","1","1","2","0","0","2","0"
"547","5","forall NODE1,NODE0. ~locked_epoch4(NODE0) | ep_epoch2(NODE1) | locked_epoch2(NODE0) | locked_epoch3(NODE1) | locked_epoch5(NODE1) | NODE0 = NODE1","8","--------0---------0--01--0------------","6","117","5","0100130020","0100130020","e0l1l0","--------0---","--","----0--01--0","------------","0","1","0","0","1","3","0","0","2","0"
"548","5","forall NODE1,NODE0. ~locked_epoch4(NODE0) | ep_epoch5(NODE1) | held(NODE0) | transfer_epoch5(NODE0) | transfer_epoch5(NODE1) | NODE0 = NODE1","8","-----------00---------1-------------00","6","121","1","0101100220","0101100220","e0h0l1t0","-----------0","0-","--------1---","----------00","0","1","0","1","1","0","0","2","2","0"
"549","5","forall NODE1,NODE0. ~locked_epoch4(NODE0) | held(NODE0) | held(NODE1) | transfer_epoch5(NODE0) | transfer_epoch5(NODE1) | NODE0 = NODE1","8","------------00--------1-------------00","6","115","1","0002100220","0002100220","h0l1t0","------------","00","--------1---","----------00","0","0","0","2","1","0","0","2","2","0"
"550","5","forall NODE1,NODE0. ~locked_epoch4(NODE0) | held(NODE0) | locked_epoch5(NODE1) | transfer_epoch5(NODE0) | transfer_epoch5(NODE1) | NODE0 = NODE1","8","------------0---------1--0----------00","6","114","1","0001110220","0001110220","h0l1l0t0","------------","0-","--------1--0","----------00","0","0","0","1","1","1","0","2","2","0"
"551","5","forall NODE1,NODE0. ~locked_epoch5(NODE0) | ep_epoch2(NODE1) | ep_epoch3(NODE1) | ep_epoch4(NODE1) | locked_epoch2(NODE0) | NODE0 = NODE1","8","--------000-------0-----1-------------","6","141","5","0300110020","0300110020","e0l1l0","--------000-","--","----0-----1-","------------","0","3","0","0","1","1","0","0","2","0"
"552","5","forall NODE1,NODE0. ~locked_epoch5(NODE0) | ep_epoch2(NODE1) | ep_epoch3(NODE1) | locked_epoch2(NODE0) | locked_epoch4(NODE1) | NODE0 = NODE1","8","--------00--------0----01-------------","6","131","11","0200120020","0200120020","e0l1l0","--------00--","--","----0----01-","------------","0","2","0","0","1","2","0","0","2","0"
"553","5","forall NODE1,NODE0. ~locked_epoch5(NODE0) | ep_epoch2(NODE1) | ep_epoch4(NODE1) | locked_epoch2(NODE0) | locked_epoch3(NODE1) | NODE0 = NODE1","8","--------0-0-------0--0--1-------------","6","131","11","0200120020","0200120020","e0l1l0","--------0-0-","--","----0--0--1-","------------","0","2","0","0","1","2","0","0","2","0"
"554","5","forall NODE1,NODE0. ~locked_epoch5(NODE0) | ep_epoch2(NODE1) | locked_epoch2(NODE0) | locked_epoch3(NODE1) | locked_epoch4(NODE1) | NODE0 = NODE1","8","--------0---------0--0-01-------------","6","117","5","0100130020","0100130020","e0l1l0","--------0---","--","----0--0-01-","------------","0","1","0","0","1","3","0","0","2","0"
"555","5","forall NODE1,NODE0. ~transfer_epoch3(NODE0) | ep_epoch0(NODE0) | ep_epoch0(NODE1) | ep_epoch1(NODE0) | ep_epoch1(NODE1) | NODE0 = NODE1","8","00----00------------------------1-----","6","144","2","0400001020","0400001020","e0t1","00----00----","--","------------","------1-----","0","4","0","0","0","0","1","0","2","0"
"556","5","forall NODE1,NODE0. ~transfer_epoch4(NODE0) | ep_epoch0(NODE1) | ep_epoch1(NODE1) | ep_epoch2(NODE1) | ep_epoch3(NODE1)","7","0000------------------------------1---","5","144","2","0400001020","0400001020","e0t1","0000--------","--","------------","--------1---","0","4","0","0","0","0","1","0","2","0"
"557","5","forall NODE1,NODE0. ~transfer_epoch4(NODE0) | ep_epoch0(NODE1) | ep_epoch1(NODE1) | ep_epoch2(NODE1) | locked_epoch3(NODE1)","7","000-----------------0-------------1---","5","92","2","0300011020","0300011020","e0l0t1","000---------","--","------0-----","--------1---","0","3","0","0","0","1","1","0","2","0"
"558","5","forall NODE1,NODE2,NODE0. ~transfer_epoch4(NODE0) | ep_epoch0(NODE1) | ep_epoch1(NODE1) | ep_epoch2(NODE2) | locked_epoch2(NODE1) | ((NODE0 ~= NODE2 | NODE0 = NODE1) & (NODE0 ~= NODE1 | NODE0 = NODE2))","12","00------0---------0---------------1---","9","349","2","0300011030","0300011030","e0l0t1","00------0---","--","----0-------","--------1---","0","3","0","0","0","1","1","0","3","0"
"559","5","forall NODE1,NODE0. ~transfer_epoch4(NODE0) | ep_epoch0(NODE1) | ep_epoch1(NODE1) | ep_epoch3(NODE1) | locked_epoch2(NODE1)","7","00-0--------------0---------------1---","5","92","2","0300011020","0300011020","e0l0t1","00-0--------","--","----0-------","--------1---","0","3","0","0","0","1","1","0","2","0"
"560","5","forall NODE1,NODE0. ~transfer_epoch4(NODE0) | ep_epoch0(NODE1) | ep_epoch1(NODE1) | locked_epoch2(NODE1) | locked_epoch3(NODE1)","7","00----------------0-0-------------1---","5","84","1","0200021020","0200021020","e0l0t1","00----------","--","----0-0-----","--------1---","0","2","0","0","0","2","1","0","2","0"
"561","5","forall NODE1,NODE2,NODE0. ~transfer_epoch5(NODE0) | ep_epoch2(NODE1) | ep_epoch3(NODE1) | ep_epoch4(NODE1) | locked_epoch2(NODE2) | ((NODE0 ~= NODE2 | NODE0 = NODE1) & (NODE0 ~= NODE1 | NODE0 = NODE2))","12","--000--------------0----------------1-","9","349","2","0300011030","0300011030","e0l0t1","--000-------","--","-----0------","----------1-","0","3","0","0","0","1","1","0","3","0"
"562","5","forall NODE1,NODE2,NODE0. ~transfer_epoch5(NODE0) | ep_epoch2(NODE1) | ep_epoch3(NODE1) | locked_epoch2(NODE2) | locked_epoch4(NODE1) | ((NODE0 ~= NODE2 | NODE0 = NODE1) & (NODE0 ~= NODE1 | NODE0 = NODE2))","12","--00---------------0--0-------------1-","9","341","3","0200021030","0200021030","e0l0t1","--00--------","--","-----0--0---","----------1-","0","2","0","0","0","2","1","0","3","0"
"563","5","forall NODE1,NODE2,NODE0. ~transfer_epoch5(NODE0) | ep_epoch2(NODE1) | ep_epoch3(NODE2) | locked_epoch2(NODE2) | locked_epoch3(NODE1) | ((NODE0 ~= NODE2 | NODE0 = NODE1) & (NODE0 ~= NODE1 | NODE0 = NODE2))","12","--0------0---------00---------------1-","9","341","3","0200021030","0200021030","e0l0t1","--0------0--","--","-----00-----","----------1-","0","2","0","0","0","2","1","0","3","0"
"564","5","forall NODE1,NODE2,NODE0. ~transfer_epoch5(NODE0) | ep_epoch2(NODE1) | ep_epoch4(NODE1) | locked_epoch2(NODE2) | locked_epoch3(NODE1) | ((NODE0 ~= NODE2 | NODE0 = NODE1) & (NODE0 ~= NODE1 | NODE0 = NODE2))","12","--0-0--------------00---------------1-","9","341","3","0200021030","0200021030","e0l0t1","--0-0-------","--","-----00-----","----------1-","0","2","0","0","0","2","1","0","3","0"
"565","5","forall NODE1,NODE2,NODE0. ~transfer_epoch5(NODE0) | ep_epoch2(NODE1) | locked_epoch2(NODE2) | locked_epoch3(NODE1) | locked_epoch4(NODE1) | ((NODE0 ~= NODE2 | NODE0 = NODE1) & (NODE0 ~= NODE1 | NODE0 = NODE2))","12","--0----------------00-0-------------1-","9","334","1","0100031030","0100031030","e0l0t1","--0---------","--","-----00-0---","----------1-","0","1","0","0","0","3","1","0","3","0"
"566","5","forall NODE1,NODE0. ep_epoch0(NODE0) | ep_epoch1(NODE0) | ep_epoch2(NODE0) | locked_epoch3(NODE0) | locked_epoch3(NODE1) | NODE0 = NODE1","8","000-----------------00----------------","6","139","1","0300020020","0300020020","e0l0","000---------","--","------00----","------------","0","3","0","0","0","2","0","0","2","0"
"567","5","forall NODE1,NODE0. ep_epoch0(NODE0) | ep_epoch1(NODE0) | locked_epoch2(NODE0) | locked_epoch3(NODE0) | locked_epoch3(NODE1) | NODE0 = NODE1","8","00----------------0-00----------------","6","129","1","0200030020","0200030020","e0l0","00----------","--","----0-00----","------------","0","2","0","0","0","3","0","0","2","0"
"568","6","forall NODE1,NODE0. ~ep_epoch0(NODE0) | ~locked_epoch2(NODE1) | held(NODE1) | locked_epoch3(NODE1) | transfer_epoch3(NODE0) | transfer_epoch3(NODE1) | NODE0 = NODE1","9","1------------0-----1-0----------00----","7","210","5","1001110220","1001110220","e1h0l1l0t0","1-----------","-0","-----1-0----","------00----","1","0","0","1","1","1","0","2","2","0"
"569","6","forall NODE1,NODE0. ~ep_epoch0(NODE0) | ~locked_epoch3(NODE1) | ep_epoch3(NODE1) | held(NODE1) | transfer_epoch5(NODE0) | transfer_epoch5(NODE1) | NODE0 = NODE1","9","1--------0---0-------1--------------00","7","212","7","1101100220","1101100220","e1e0h0l1t0","1--------0--","-0","-------1----","----------00","1","1","0","1","1","0","0","2","2","0"
"570","6","forall NODE1,NODE0. ~ep_epoch0(NODE0) | ~locked_epoch3(NODE1) | ep_epoch4(NODE1) | held(NODE1) | transfer_epoch4(NODE0) | transfer_epoch4(NODE1) | NODE0 = NODE1","9","1---------0--0-------1------------00--","7","212","7","1101100220","1101100220","e1e0h0l1t0","1---------0-","-0","-------1----","--------00--","1","1","0","1","1","0","0","2","2","0"
"571","6","forall NODE1,NODE0. ~ep_epoch0(NODE0) | ~locked_epoch3(NODE1) | held(NODE1) | locked_epoch4(NODE1) | transfer_epoch4(NODE0) | transfer_epoch4(NODE1) | NODE0 = NODE1","9","1------------0-------1-0----------00--","7","210","5","1001110220","1001110220","e1h0l1l0t0","1-----------","-0","-------1-0--","--------00--","1","0","0","1","1","1","0","2","2","0"
"572","6","forall NODE1,NODE0. ~ep_epoch0(NODE0) | ep_epoch1(NODE1) | ep_epoch2(NODE1) | ep_epoch3(NODE1) | ep_epoch4(NODE1) | ep_epoch5(NODE1) | NODE0 = NODE1","9","1------00000--------------------------","7","236","6","1500000020","1500000020","e1e0","1------00000","--","------------","------------","1","5","0","0","0","0","0","0","2","0"
"573","6","forall NODE1,NODE0. ~ep_epoch0(NODE0) | ep_epoch1(NODE1) | ep_epoch2(NODE1) | ep_epoch3(NODE1) | ep_epoch4(NODE1) | held(NODE1) | NODE0 = NODE1","9","1------0000--0------------------------","7","234","5","1401000020","1401000020","e1e0h0","1------0000-","-0","------------","------------","1","4","0","1","0","0","0","0","2","0"
"574","6","forall NODE1,NODE0. ~ep_epoch0(NODE0) | ep_epoch1(NODE1) | ep_epoch2(NODE1) | ep_epoch3(NODE1) | ep_epoch4(NODE1) | locked_epoch5(NODE1) | NODE0 = NODE1","9","1------0000--------------0------------","7","232","11","1400010020","1400010020","e1e0l0","1------0000-","--","-----------0","------------","1","4","0","0","0","1","0","0","2","0"
"575","6","forall NODE1,NODE0. ~ep_epoch0(NODE0) | ep_epoch1(NODE1) | held(NODE1) | locked_epoch3(NODE1) | transfer_epoch3(NODE0) | transfer_epoch3(NODE1) | NODE0 = NODE1","9","1------0-----0-------0----------00----","7","211","7","1101010220","1101010220","e1e0h0l0t0","1------0----","-0","-------0----","------00----","1","1","0","1","0","1","0","2","2","0"
"576","6","forall NODE1,NODE0. ~ep_epoch0(NODE0) | ep_epoch2(NODE1) | held(NODE1) | locked_epoch3(NODE1) | transfer_epoch2(NODE0) | transfer_epoch2(NODE1) | NODE0 = NODE1","9","1-------0----0-------0--------00------","7","211","7","1101010220","1101010220","e1e0h0l0t0","1-------0---","-0","-------0----","----00------","1","1","0","1","0","1","0","2","2","0"
"577","6","forall NODE1,NODE0. ~ep_epoch1(NODE0) | ~held(NODE1) | ep_epoch2(NODE1) | ep_epoch3(NODE1) | ep_epoch4(NODE1) | ep_epoch5(NODE1) | NODE0 = NODE1","9","-1------0000-1------------------------","7","235","2","1410000020","1410000020","e1e0h1","-1------0000","-1","------------","------------","1","4","1","0","0","0","0","0","2","0"
"578","6","forall NODE1,NODE0. ~ep_epoch1(NODE0) | ~held(NODE1) | ep_epoch2(NODE1) | ep_epoch3(NODE1) | ep_epoch4(NODE1) | locked_epoch5(NODE1) | NODE0 = NODE1","9","-1------000--1-----------0------------","7","230","3","1310010020","1310010020","e1e0h1l0","-1------000-","-1","-----------0","------------","1","3","1","0","0","1","0","0","2","0"
"579","6","forall NODE1,NODE0. ~ep_epoch1(NODE0) | ~locked_epoch2(NODE1) | held(NODE1) | locked_epoch3(NODE1) | transfer_epoch3(NODE0) | transfer_epoch3(NODE1) | NODE0 = NODE1","9","-1-----------0-----1-0----------00----","7","210","5","1001110220","1001110220","e1h0l1l0t0","-1----------","-0","-----1-0----","------00----","1","0","0","1","1","1","0","2","2","0"
"580","6","forall NODE1,NODE0. ~ep_epoch1(NODE0) | ~locked_epoch3(NODE1) | ep_epoch3(NODE1) | held(NODE1) | transfer_epoch5(NODE0) | transfer_epoch5(NODE1) | NODE0 = NODE1","9","-1-------0---0-------1--------------00","7","212","7","1101100220","1101100220","e1e0h0l1t0","-1-------0--","-0","-------1----","----------00","1","1","0","1","1","0","0","2","2","0"
"581","6","forall NODE1,NODE0. ~ep_epoch1(NODE0) | ~locked_epoch3(NODE1) | ep_epoch4(NODE1) | held(NODE1) | transfer_epoch4(NODE0) | transfer_epoch4(NODE1) | NODE0 = NODE1","9","-1--------0--0-------1------------00--","7","212","7","1101100220","1101100220","e1e0h0l1t0","-1--------0-","-0","-------1----","--------00--","1","1","0","1","1","0","0","2","2","0"
"582","6","forall NODE1,NODE0. ~ep_epoch1(NODE0) | ~locked_epoch3(NODE1) | held(NODE1) | locked_epoch4(NODE1) | transfer_epoch4(NODE0) | transfer_epoch4(NODE1) | NODE0 = NODE1","9","-1-----------0-------1-0----------00--","7","210","5","1001110220","1001110220","e1h0l1l0t0","-1----------","-0","-------1-0--","--------00--","1","0","0","1","1","1","0","2","2","0"
"583","6","forall NODE1,NODE0. ~ep_epoch1(NODE0) | ep_epoch0(NODE1) | ep_epoch2(NODE1) | ep_epoch3(NODE1) | ep_epoch4(NODE1) | ep_epoch5(NODE1) | NODE0 = NODE1","9","-1----0-0000--------------------------","7","236","6","1500000020","1500000020","e1e0","-1----0-0000","--","------------","------------","1","5","0","0","0","0","0","0","2","0"
"584","6","forall NODE1,NODE0. ~ep_epoch1(NODE0) | ep_epoch0(NODE1) | ep_epoch2(NODE1) | ep_epoch3(NODE1) | ep_epoch4(NODE1) | held(NODE1) | NODE0 = NODE1","9","-1----0-000--0------------------------","7","234","5","1401000020","1401000020","e1e0h0","-1----0-000-","-0","------------","------------","1","4","0","1","0","0","0","0","2","0"
"585","6","forall NODE1,NODE0. ~ep_epoch1(NODE0) | ep_epoch0(NODE1) | ep_epoch2(NODE1) | ep_epoch3(NODE1) | ep_epoch4(NODE1) | locked_epoch5(NODE1) | NODE0 = NODE1","9","-1----0-000--------------0------------","7","232","11","1400010020","1400010020","e1e0l0","-1----0-000-","--","-----------0","------------","1","4","0","0","0","1","0","0","2","0"
"586","6","forall NODE1,NODE0. ~ep_epoch1(NODE0) | ep_epoch0(NODE1) | held(NODE1) | locked_epoch3(NODE1) | transfer_epoch3(NODE0) | transfer_epoch3(NODE1) | NODE0 = NODE1","9","-1----0------0-------0----------00----","7","211","7","1101010220","1101010220","e1e0h0l0t0","-1----0-----","-0","-------0----","------00----","1","1","0","1","0","1","0","2","2","0"
"587","6","forall NODE1,NODE0. ~ep_epoch1(NODE0) | ep_epoch2(NODE1) | held(NODE0) | locked_epoch3(NODE1) | transfer_epoch2(NODE0) | transfer_epoch2(NODE1) | NODE0 = NODE1","9","-1------0---0--------0--------00------","7","211","7","1101010220","1101010220","e1e0h0l0t0","-1------0---","0-","-------0----","----00------","1","1","0","1","0","1","0","2","2","0"
"588","6","forall NODE1,NODE0. ~ep_epoch2(NODE0) | ~locked_epoch3(NODE1) | ep_epoch3(NODE1) | held(NODE1) | transfer_epoch5(NODE0) | transfer_epoch5(NODE1) | NODE0 = NODE1","9","--1------0---0-------1--------------00","7","212","7","1101100220","1101100220","e1e0h0l1t0","--1------0--","-0","-------1----","----------00","1","1","0","1","1","0","0","2","2","0"
"589","6","forall NODE1,NODE0. ~ep_epoch2(NODE0) | ~locked_epoch3(NODE1) | ep_epoch4(NODE1) | held(NODE1) | transfer_epoch4(NODE0) | transfer_epoch4(NODE1) | NODE0 = NODE1","9","--1-------0--0-------1------------00--","7","212","7","1101100220","1101100220","e1e0h0l1t0","--1-------0-","-0","-------1----","--------00--","1","1","0","1","1","0","0","2","2","0"
"590","6","forall NODE1,NODE0. ~ep_epoch2(NODE0) | ~locked_epoch3(NODE1) | held(NODE1) | locked_epoch4(NODE1) | transfer_epoch4(NODE0) | transfer_epoch4(NODE1) | NODE0 = NODE1","9","--1----------0-------1-0----------00--","7","210","5","1001110220","1001110220","e1h0l1l0t0","--1---------","-0","-------1-0--","--------00--","1","0","0","1","1","1","0","2","2","0"
"591","6","forall NODE1,NODE0. ~ep_epoch2(NODE0) | ep_epoch0(NODE1) | ep_epoch1(NODE1) | ep_epoch3(NODE1) | ep_epoch4(NODE1) | ep_epoch5(NODE1) | NODE0 = NODE1","9","--1---00-000--------------------------","7","236","6","1500000020","1500000020","e1e0","--1---00-000","--","------------","------------","1","5","0","0","0","0","0","0","2","0"
"592","6","forall NODE1,NODE0. ~ep_epoch2(NODE0) | ep_epoch0(NODE1) | ep_epoch1(NODE1) | ep_epoch3(NODE1) | ep_epoch4(NODE1) | held(NODE1) | NODE0 = NODE1","9","--1---00-00--0------------------------","7","234","5","1401000020","1401000020","e1e0h0","--1---00-00-","-0","------------","------------","1","4","0","1","0","0","0","0","2","0"
"593","6","forall NODE1,NODE0. ~ep_epoch2(NODE0) | ep_epoch0(NODE1) | ep_epoch1(NODE1) | ep_epoch3(NODE1) | ep_epoch4(NODE1) | locked_epoch5(NODE1) | NODE0 = NODE1","9","--1---00-00--------------0------------","7","232","11","1400010020","1400010020","e1e0l0","--1---00-00-","--","-----------0","------------","1","4","0","0","0","1","0","0","2","0"
"594","6","forall NODE1,NODE0. ~ep_epoch2(NODE0) | ep_epoch3(NODE1) | held(NODE0) | locked_epoch4(NODE1) | transfer_epoch3(NODE0) | transfer_epoch3(NODE1) | NODE0 = NODE1","9","--1------0--0----------0--------00----","7","211","7","1101010220","1101010220","e1e0h0l0t0","--1------0--","0-","---------0--","------00----","1","1","0","1","0","1","0","2","2","0"
"595","6","forall NODE1,NODE0. ~ep_epoch3(NODE0) | ~locked_epoch2(NODE0) | ep_epoch0(NODE1) | ep_epoch1(NODE1) | ep_epoch4(NODE1) | ep_epoch5(NODE1) | NODE0 = NODE1","9","---1--00--00------1-------------------","7","233","6","1400100020","1400100020","e1e0l1","---1--00--00","--","----1-------","------------","1","4","0","0","1","0","0","0","2","0"
"596","6","forall NODE1,NODE0. ~ep_epoch3(NODE0) | ~locked_epoch2(NODE0) | ep_epoch0(NODE1) | ep_epoch1(NODE1) | ep_epoch4(NODE1) | held(NODE1) | NODE0 = NODE1","9","---1--00--0--0----1-------------------","7","229","3","1301100020","1301100020","e1e0h0l1","---1--00--0-","-0","----1-------","------------","1","3","0","1","1","0","0","0","2","0"
"597","6","forall NODE1,NODE0. ~ep_epoch3(NODE0) | ~locked_epoch2(NODE0) | ep_epoch0(NODE1) | ep_epoch1(NODE1) | ep_epoch4(NODE1) | locked_epoch5(NODE1) | NODE0 = NODE1","9","---1--00--0-------1------0------------","7","226","11","1300110020","1300110020","e1e0l1l0","---1--00--0-","--","----1------0","------------","1","3","0","0","1","1","0","0","2","0"
"598","6","forall NODE1,NODE0. ~ep_epoch3(NODE0) | ~locked_epoch2(NODE1) | ep_epoch2(NODE1) | held(NODE1) | transfer_epoch5(NODE0) | transfer_epoch5(NODE1) | NODE0 = NODE1","9","---1----0----0-----1----------------00","7","212","7","1101100220","1101100220","e1e0h0l1t0","---1----0---","-0","-----1------","----------00","1","1","0","1","1","0","0","2","2","0"
"599","6","forall NODE1,NODE0. ~ep_epoch3(NODE0) | ep_epoch0(NODE1) | ep_epoch1(NODE1) | ep_epoch2(NODE1) | ep_epoch4(NODE1) | ep_epoch5(NODE1) | NODE0 = NODE1","9","---1--000-00--------------------------","7","236","6","1500000020","1500000020","e1e0","---1--000-00","--","------------","------------","1","5","0","0","0","0","0","0","2","0"
"600","6","forall NODE1,NODE0. ~ep_epoch3(NODE0) | ep_epoch0(NODE1) | ep_epoch1(NODE1) | ep_epoch2(NODE1) | ep_epoch4(NODE1) | held(NODE1) | NODE0 = NODE1","9","---1--000-0--0------------------------","7","234","5","1401000020","1401000020","e1e0h0","---1--000-0-","-0","------------","------------","1","4","0","1","0","0","0","0","2","0"
"601","6","forall NODE1,NODE0. ~ep_epoch3(NODE0) | ep_epoch0(NODE1) | ep_epoch1(NODE1) | ep_epoch2(NODE1) | ep_epoch4(NODE1) | locked_epoch5(NODE1) | NODE0 = NODE1","9","---1--000-0--------------0------------","7","232","11","1400010020","1400010020","e1e0l0","---1--000-0-","--","-----------0","------------","1","4","0","0","0","1","0","0","2","0"
"602","6","forall NODE1,NODE0. ~ep_epoch3(NODE0) | ep_epoch0(NODE1) | ep_epoch1(NODE1) | ep_epoch4(NODE1) | ep_epoch5(NODE1) | locked_epoch2(NODE1) | NODE0 = NODE1","9","---1--00--00-------0------------------","7","232","11","1400010020","1400010020","e1e0l0","---1--00--00","--","-----0------","------------","1","4","0","0","0","1","0","0","2","0"
"603","6","forall NODE1,NODE0. ~ep_epoch3(NODE0) | ep_epoch0(NODE1) | ep_epoch1(NODE1) | ep_epoch4(NODE1) | held(NODE1) | locked_epoch2(NODE1) | NODE0 = NODE1","9","---1--00--0--0-----0------------------","7","228","3","1301010020","1301010020","e1e0h0l0","---1--00--0-","-0","-----0------","------------","1","3","0","1","0","1","0","0","2","0"
"604","6","forall NODE1,NODE0. ~ep_epoch3(NODE0) | ep_epoch0(NODE1) | ep_epoch1(NODE1) | ep_epoch4(NODE1) | locked_epoch2(NODE1) | locked_epoch5(NODE1) | NODE0 = NODE1","9","---1--00--0--------0-----0------------","7","225","7","1300020020","1300020020","e1e0l0","---1--00--0-","--","-----0-----0","------------","1","3","0","0","0","2","0","0","2","0"
"605","6","forall NODE1,NODE0. ~ep_epoch3(NODE0) | ep_epoch2(NODE1) | held(NODE1) | locked_epoch2(NODE0) | transfer_epoch5(NODE0) | transfer_epoch5(NODE1) | NODE0 = NODE1","9","---1----0----0----0-----------------00","7","211","7","1101010220","1101010220","e1e0h0l0t0","---1----0---","-0","----0-------","----------00","1","1","0","1","0","1","0","2","2","0"
"606","6","forall NODE1,NODE0. ~ep_epoch3(NODE0) | ep_epoch4(NODE1) | ep_epoch5(NODE1) | held(NODE0) | transfer_epoch4(NODE0) | transfer_epoch4(NODE1) | NODE0 = NODE1","9","---1------000---------------------00--","7","218","1","1201000220","1201000220","e1e0h0t0","---1------00","0-","------------","--------00--","1","2","0","1","0","0","0","2","2","0"
"607","6","forall NODE1,NODE0. ~ep_epoch3(NODE0) | ep_epoch4(NODE1) | held(NODE0) | held(NODE1) | transfer_epoch4(NODE0) | transfer_epoch4(NODE1) | NODE0 = NODE1","9","---1------0-00--------------------00--","7","213","1","1102000220","1102000220","e1e0h0t0","---1------0-","00","------------","--------00--","1","1","0","2","0","0","0","2","2","0"
"608","6","forall NODE1,NODE0. ~ep_epoch3(NODE0) | ep_epoch4(NODE1) | held(NODE0) | locked_epoch5(NODE1) | transfer_epoch4(NODE0) | transfer_epoch4(NODE1) | NODE0 = NODE1","9","---1------0-0------------0--------00--","7","211","7","1101010220","1101010220","e1e0h0l0t0","---1------0-","0-","-----------0","--------00--","1","1","0","1","0","1","0","2","2","0"
"609","6","forall NODE1,NODE0. ~ep_epoch4(NODE0) | ~held(NODE0) | ~locked_epoch2(NODE0) | ~locked_epoch3(NODE0) | ep_epoch0(NODE1) | ep_epoch1(NODE1) | NODE0 = NODE1","9","----1-00----1-----1-1-----------------","7","224","1","1210200020","1210200020","e1e0h1l1","----1-00----","1-","----1-1-----","------------","1","2","1","0","2","0","0","0","2","0"
"610","6","forall NODE1,NODE0. ~ep_epoch4(NODE0) | ~held(NODE0) | ~locked_epoch2(NODE0) | ep_epoch0(NODE1) | ep_epoch1(NODE1) | ep_epoch3(NODE1) | NODE0 = NODE1","9","----1-00-0--1-----1-------------------","7","231","2","1310100020","1310100020","e1e0h1l1","----1-00-0--","1-","----1-------","------------","1","3","1","0","1","0","0","0","2","0"
"611","6","forall NODE1,NODE0. ~ep_epoch4(NODE0) | ~held(NODE0) | ~locked_epoch2(NODE0) | ep_epoch0(NODE1) | ep_epoch1(NODE1) | locked_epoch3(NODE1) | NODE0 = NODE1","9","----1-00----1-----1--0----------------","7","223","2","1210110020","1210110020","e1e0h1l1l0","----1-00----","1-","----1--0----","------------","1","2","1","0","1","1","0","0","2","0"
"612","6","forall NODE1,NODE0. ~ep_epoch4(NODE0) | ~held(NODE0) | ~locked_epoch3(NODE0) | ep_epoch0(NODE1) | ep_epoch1(NODE1) | ep_epoch2(NODE1) | NODE0 = NODE1","9","----1-000---1-------1-----------------","7","231","2","1310100020","1310100020","e1e0h1l1","----1-000---","1-","------1-----","------------","1","3","1","0","1","0","0","0","2","0"
"613","6","forall NODE1,NODE0. ~ep_epoch4(NODE0) | ~held(NODE0) | ~locked_epoch3(NODE0) | ep_epoch0(NODE1) | ep_epoch1(NODE1) | locked_epoch2(NODE1) | NODE0 = NODE1","9","----1-00----1------01-----------------","7","223","2","1210110020","1210110020","e1e0h1l1l0","----1-00----","1-","-----01-----","------------","1","2","1","0","1","1","0","0","2","0"
"614","6","forall NODE1,NODE0. ~ep_epoch4(NODE0) | ~held(NODE0) | ep_epoch0(NODE1) | ep_epoch1(NODE1) | ep_epoch2(NODE1) | ep_epoch3(NODE1) | NODE0 = NODE1","9","----1-0000--1-------------------------","7","235","2","1410000020","1410000020","e1e0h1","----1-0000--","1-","------------","------------","1","4","1","0","0","0","0","0","2","0"
"615","6","forall NODE1,NODE0. ~ep_epoch4(NODE0) | ~held(NODE0) | ep_epoch0(NODE1) | ep_epoch1(NODE1) | ep_epoch2(NODE1) | locked_epoch3(NODE1) | NODE0 = NODE1","9","----1-000---1--------0----------------","7","230","3","1310010020","1310010020","e1e0h1l0","----1-000---","1-","-------0----","------------","1","3","1","0","0","1","0","0","2","0"
"616","6","forall NODE1,NODE0. ~ep_epoch4(NODE0) | ~held(NODE0) | ep_epoch0(NODE1) | ep_epoch1(NODE1) | ep_epoch3(NODE1) | locked_epoch2(NODE1) | NODE0 = NODE1","9","----1-00-0--1------0------------------","7","230","3","1310010020","1310010020","e1e0h1l0","----1-00-0--","1-","-----0------","------------","1","3","1","0","0","1","0","0","2","0"
"617","6","forall NODE1,NODE0. ~ep_epoch4(NODE0) | ~held(NODE0) | ep_epoch0(NODE1) | ep_epoch1(NODE1) | locked_epoch2(NODE1) | locked_epoch3(NODE1) | NODE0 = NODE1","9","----1-00----1------0-0----------------","7","222","1","1210020020","1210020020","e1e0h1l0","----1-00----","1-","-----0-0----","------------","1","2","1","0","0","2","0","0","2","0"
"618","6","forall NODE1,NODE2,NODE0. ~ep_epoch4(NODE0) | ~locked_epoch2(NODE0) | ~locked_epoch3(NODE0) | ~transfer_epoch5(NODE1) | ep_epoch0(NODE2) | ep_epoch1(NODE2) | ((NODE1 ~= NODE2 | NODE0 = NODE1) & (NODE0 ~= NODE1 | NODE0 = NODE2))","13","----1-00----------1-1---------------1-","10","419","1","1200201030","1200201030","e1e0l1t1","----1-00----","--","----1-1-----","----------1-","1","2","0","0","2","0","1","0","3","0"
"619","6","forall NODE1,NODE0. ~ep_epoch4(NODE0) | ~locked_epoch2(NODE0) | ~locked_epoch3(NODE0) | ep_epoch0(NODE1) | ep_epoch1(NODE1) | ep_epoch5(NODE1) | NODE0 = NODE1","9","----1-00---0------1-1-----------------","7","227","4","1300200020","1300200020","e1e0l1","----1-00---0","--","----1-1-----","------------","1","3","0","0","2","0","0","0","2","0"
"620","6","forall NODE1,NODE0. ~ep_epoch4(NODE0) | ~locked_epoch2(NODE0) | ~locked_epoch3(NODE0) | ep_epoch0(NODE1) | ep_epoch1(NODE1) | held(NODE1) | NODE0 = NODE1","9","----1-00-----0----1-1-----------------","7","221","1","1201200020","1201200020","e1e0h0l1","----1-00----","-0","----1-1-----","------------","1","2","0","1","2","0","0","0","2","0"
"621","6","forall NODE1,NODE0. ~ep_epoch4(NODE0) | ~locked_epoch2(NODE0) | ~locked_epoch3(NODE0) | ep_epoch0(NODE1) | ep_epoch1(NODE1) | locked_epoch5(NODE1) | NODE0 = NODE1","9","----1-00----------1-1----0------------","7","216","4","1200210020","1200210020","e1e0l1l0","----1-00----","--","----1-1----0","------------","1","2","0","0","2","1","0","0","2","0"
"622","6","forall NODE1,NODE2,NODE0. ~ep_epoch4(NODE0) | ~locked_epoch2(NODE0) | ~transfer_epoch5(NODE1) | ep_epoch0(NODE2) | ep_epoch1(NODE2) | ep_epoch3(NODE2) | ((NODE1 ~= NODE2 | NODE0 = NODE1) & (NODE0 ~= NODE1 | NODE0 = NODE2))","13","----1-00-0--------1-----------------1-","10","421","2","1300101030","1300101030","e1e0l1t1","----1-00-0--","--","----1-------","----------1-","1","3","0","0","1","0","1","0","3","0"
"623","6","forall NODE1,NODE2,NODE0. ~ep_epoch4(NODE0) | ~locked_epoch2(NODE0) | ~transfer_epoch5(NODE1) | ep_epoch0(NODE2) | ep_epoch1(NODE2) | locked_epoch3(NODE2) | ((NODE1 ~= NODE2 | NODE0 = NODE1) & (NODE0 ~= NODE1 | NODE0 = NODE2))","13","----1-00----------1--0--------------1-","10","418","2","1200111030","1200111030","e1e0l1l0t1","----1-00----","--","----1--0----","----------1-","1","2","0","0","1","1","1","0","3","0"
"624","6","forall NODE1,NODE0. ~ep_epoch4(NODE0) | ~locked_epoch2(NODE0) | ep_epoch0(NODE1) | ep_epoch1(NODE1) | ep_epoch3(NODE1) | ep_epoch5(NODE1) | NODE0 = NODE1","9","----1-00-0-0------1-------------------","7","233","6","1400100020","1400100020","e1e0l1","----1-00-0-0","--","----1-------","------------","1","4","0","0","1","0","0","0","2","0"
"625","6","forall NODE1,NODE0. ~ep_epoch4(NODE0) | ~locked_epoch2(NODE0) | ep_epoch0(NODE1) | ep_epoch1(NODE1) | ep_epoch3(NODE1) | held(NODE1) | NODE0 = NODE1","9","----1-00-0---0----1-------------------","7","229","3","1301100020","1301100020","e1e0h0l1","----1-00-0--","-0","----1-------","------------","1","3","0","1","1","0","0","0","2","0"
"626","6","forall NODE1,NODE0. ~ep_epoch4(NODE0) | ~locked_epoch2(NODE0) | ep_epoch0(NODE1) | ep_epoch1(NODE1) | ep_epoch3(NODE1) | locked_epoch5(NODE1) | NODE0 = NODE1","9","----1-00-0--------1------0------------","7","226","11","1300110020","1300110020","e1e0l1l0","----1-00-0--","--","----1------0","------------","1","3","0","0","1","1","0","0","2","0"
"627","6","forall NODE1,NODE0. ~ep_epoch4(NODE0) | ~locked_epoch2(NODE0) | ep_epoch0(NODE1) | ep_epoch1(NODE1) | ep_epoch5(NODE1) | locked_epoch3(NODE1) | NODE0 = NODE1","9","----1-00---0------1--0----------------","7","226","11","1300110020","1300110020","e1e0l1l0","----1-00---0","--","----1--0----","------------","1","3","0","0","1","1","0","0","2","0"
"628","6","forall NODE1,NODE0. ~ep_epoch4(NODE0) | ~locked_epoch2(NODE0) | ep_epoch0(NODE1) | ep_epoch1(NODE1) | held(NODE1) | locked_epoch3(NODE1) | NODE0 = NODE1","9","----1-00-----0----1--0----------------","7","220","2","1201110020","1201110020","e1e0h0l1l0","----1-00----","-0","----1--0----","------------","1","2","0","1","1","1","0","0","2","0"
"629","6","forall NODE1,NODE0. ~ep_epoch4(NODE0) | ~locked_epoch2(NODE0) | ep_epoch0(NODE1) | ep_epoch1(NODE1) | locked_epoch3(NODE1) | locked_epoch5(NODE1) | NODE0 = NODE1","9","----1-00----------1--0---0------------","7","215","5","1200120020","1200120020","e1e0l1l0","----1-00----","--","----1--0---0","------------","1","2","0","0","1","2","0","0","2","0"
"630","6","forall NODE1,NODE2,NODE0. ~ep_epoch4(NODE0) | ~locked_epoch3(NODE0) | ~transfer_epoch5(NODE1) | ep_epoch0(NODE2) | ep_epoch1(NODE2) | ep_epoch2(NODE2) | ((NODE1 ~= NODE2 | NODE0 = NODE1) & (NODE0 ~= NODE1 | NODE0 = NODE2))","13","----1-000-----------1---------------1-","10","421","2","1300101030","1300101030","e1e0l1t1","----1-000---","--","------1-----","----------1-","1","3","0","0","1","0","1","0","3","0"
"631","6","forall NODE1,NODE2,NODE0. ~ep_epoch4(NODE0) | ~locked_epoch3(NODE0) | ~transfer_epoch5(NODE1) | ep_epoch0(NODE2) | ep_epoch1(NODE2) | locked_epoch2(NODE2) | ((NODE1 ~= NODE2 | NODE0 = NODE1) & (NODE0 ~= NODE1 | NODE0 = NODE2))","13","----1-00-----------01---------------1-","10","418","2","1200111030","1200111030","e1e0l1l0t1","----1-00----","--","-----01-----","----------1-","1","2","0","0","1","1","1","0","3","0"
"632","6","forall NODE1,NODE0. ~ep_epoch4(NODE0) | ~locked_epoch3(NODE0) | ep_epoch0(NODE1) | ep_epoch1(NODE1) | ep_epoch2(NODE1) | ep_epoch5(NODE1) | NODE0 = NODE1","9","----1-000--0--------1-----------------","7","233","6","1400100020","1400100020","e1e0l1","----1-000--0","--","------1-----","------------","1","4","0","0","1","0","0","0","2","0"
"633","6","forall NODE1,NODE0. ~ep_epoch4(NODE0) | ~locked_epoch3(NODE0) | ep_epoch0(NODE1) | ep_epoch1(NODE1) | ep_epoch2(NODE1) | held(NODE1) | NODE0 = NODE1","9","----1-000----0------1-----------------","7","229","3","1301100020","1301100020","e1e0h0l1","----1-000---","-0","------1-----","------------","1","3","0","1","1","0","0","0","2","0"
"634","6","forall NODE1,NODE0. ~ep_epoch4(NODE0) | ~locked_epoch3(NODE0) | ep_epoch0(NODE1) | ep_epoch1(NODE1) | ep_epoch2(NODE1) | locked_epoch5(NODE1) | NODE0 = NODE1","9","----1-000-----------1----0------------","7","226","11","1300110020","1300110020","e1e0l1l0","----1-000---","--","------1----0","------------","1","3","0","0","1","1","0","0","2","0"
"635","6","forall NODE1,NODE0. ~ep_epoch4(NODE0) | ~locked_epoch3(NODE0) | ep_epoch0(NODE1) | ep_epoch1(NODE1) | ep_epoch5(NODE1) | locked_epoch2(NODE1) | NODE0 = NODE1","9","----1-00---0-------01-----------------","7","226","11","1300110020","1300110020","e1e0l1l0","----1-00---0","--","-----01-----","------------","1","3","0","0","1","1","0","0","2","0"
"636","6","forall NODE1,NODE0. ~ep_epoch4(NODE0) | ~locked_epoch3(NODE0) | ep_epoch0(NODE1) | ep_epoch1(NODE1) | held(NODE1) | locked_epoch2(NODE1) | NODE0 = NODE1","9","----1-00-----0-----01-----------------","7","220","2","1201110020","1201110020","e1e0h0l1l0","----1-00----","-0","-----01-----","------------","1","2","0","1","1","1","0","0","2","0"
"637","6","forall NODE1,NODE0. ~ep_epoch4(NODE0) | ~locked_epoch3(NODE0) | ep_epoch0(NODE1) | ep_epoch1(NODE1) | locked_epoch2(NODE1) | locked_epoch5(NODE1) | NODE0 = NODE1","9","----1-00-----------01----0------------","7","215","5","1200120020","1200120020","e1e0l1l0","----1-00----","--","-----01----0","------------","1","2","0","0","1","2","0","0","2","0"
"638","6","forall NODE1,NODE2,NODE0. ~ep_epoch4(NODE0) | ~transfer_epoch5(NODE1) | ep_epoch0(NODE2) | ep_epoch1(NODE2) | ep_epoch2(NODE2) | ep_epoch3(NODE2) | ((NODE1 ~= NODE2 | NODE0 = NODE1) & (NODE0 ~= NODE1 | NODE0 = NODE2))","13","----1-0000--------------------------1-","10","422","1","1400001030","1400001030","e1e0t1","----1-0000--","--","------------","----------1-","1","4","0","0","0","0","1","0","3","0"
"639","6","forall NODE1,NODE2,NODE0. ~ep_epoch4(NODE0) | ~transfer_epoch5(NODE1) | ep_epoch0(NODE2) | ep_epoch1(NODE2) | ep_epoch2(NODE2) | locked_epoch3(NODE2) | ((NODE1 ~= NODE2 | NODE0 = NODE1) & (NODE0 ~= NODE1 | NODE0 = NODE2))","13","----1-000------------0--------------1-","10","420","2","1300011030","1300011030","e1e0l0t1","----1-000---","--","-------0----","----------1-","1","3","0","0","0","1","1","0","3","0"
"640","6","forall NODE1,NODE2,NODE0. ~ep_epoch4(NODE0) | ~transfer_epoch5(NODE1) | ep_epoch0(NODE2) | ep_epoch1(NODE2) | ep_epoch3(NODE2) | locked_epoch2(NODE2) | ((NODE1 ~= NODE2 | NODE0 = NODE1) & (NODE0 ~= NODE1 | NODE0 = NODE2))","13","----1-00-0---------0----------------1-","10","420","2","1300011030","1300011030","e1e0l0t1","----1-00-0--","--","-----0------","----------1-","1","3","0","0","0","1","1","0","3","0"
"641","6","forall NODE1,NODE2,NODE0. ~ep_epoch4(NODE0) | ~transfer_epoch5(NODE1) | ep_epoch0(NODE2) | ep_epoch1(NODE2) | locked_epoch2(NODE2) | locked_epoch3(NODE2) | ((NODE1 ~= NODE2 | NODE0 = NODE1) & (NODE0 ~= NODE1 | NODE0 = NODE2))","13","----1-00-----------0-0--------------1-","10","417","1","1200021030","1200021030","e1e0l0t1","----1-00----","--","-----0-0----","----------1-","1","2","0","0","0","2","1","0","3","0"
"642","6","forall NODE1,NODE0. ~ep_epoch4(NODE0) | ep_epoch0(NODE1) | ep_epoch1(NODE1) | ep_epoch2(NODE1) | ep_epoch3(NODE1) | ep_epoch5(NODE1) | NODE0 = NODE1","9","----1-0000-0--------------------------","7","236","6","1500000020","1500000020","e1e0","----1-0000-0","--","------------","------------","1","5","0","0","0","0","0","0","2","0"
"643","6","forall NODE1,NODE0. ~ep_epoch4(NODE0) | ep_epoch0(NODE1) | ep_epoch1(NODE1) | ep_epoch2(NODE1) | ep_epoch3(NODE1) | held(NODE1) | NODE0 = NODE1","9","----1-0000---0------------------------","7","234","5","1401000020","1401000020","e1e0h0","----1-0000--","-0","------------","------------","1","4","0","1","0","0","0","0","2","0"
"644","6","forall NODE1,NODE0. ~ep_epoch4(NODE0) | ep_epoch0(NODE1) | ep_epoch1(NODE1) | ep_epoch2(NODE1) | ep_epoch3(NODE1) | locked_epoch5(NODE1) | NODE0 = NODE1","9","----1-0000---------------0------------","7","232","11","1400010020","1400010020","e1e0l0","----1-0000--","--","-----------0","------------","1","4","0","0","0","1","0","0","2","0"
"645","6","forall NODE1,NODE0. ~ep_epoch4(NODE0) | ep_epoch0(NODE1) | ep_epoch1(NODE1) | ep_epoch2(NODE1) | ep_epoch5(NODE1) | locked_epoch3(NODE1) | NODE0 = NODE1","9","----1-000--0---------0----------------","7","232","11","1400010020","1400010020","e1e0l0","----1-000--0","--","-------0----","------------","1","4","0","0","0","1","0","0","2","0"
"646","6","forall NODE1,NODE0. ~ep_epoch4(NODE0) | ep_epoch0(NODE1) | ep_epoch1(NODE1) | ep_epoch2(NODE1) | held(NODE1) | locked_epoch3(NODE1) | NODE0 = NODE1","9","----1-000----0-------0----------------","7","228","3","1301010020","1301010020","e1e0h0l0","----1-000---","-0","-------0----","------------","1","3","0","1","0","1","0","0","2","0"
"647","6","forall NODE1,NODE0. ~ep_epoch4(NODE0) | ep_epoch0(NODE1) | ep_epoch1(NODE1) | ep_epoch2(NODE1) | locked_epoch3(NODE1) | locked_epoch5(NODE1) | NODE0 = NODE1","9","----1-000------------0---0------------","7","225","7","1300020020","1300020020","e1e0l0","----1-000---","--","-------0---0","------------","1","3","0","0","0","2","0","0","2","0"
"648","6","forall NODE1,NODE0. ~ep_epoch4(NODE0) | ep_epoch0(NODE1) | ep_epoch1(NODE1) | ep_epoch3(NODE1) | ep_epoch5(NODE1) | locked_epoch2(NODE1) | NODE0 = NODE1","9","----1-00-0-0-------0------------------","7","232","11","1400010020","1400010020","e1e0l0","----1-00-0-0","--","-----0------","------------","1","4","0","0","0","1","0","0","2","0"
"649","6","forall NODE1,NODE0. ~ep_epoch4(NODE0) | ep_epoch0(NODE1) | ep_epoch1(NODE1) | ep_epoch3(NODE1) | held(NODE1) | locked_epoch2(NODE1) | NODE0 = NODE1","9","----1-00-0---0-----0------------------","7","228","3","1301010020","1301010020","e1e0h0l0","----1-00-0--","-0","-----0------","------------","1","3","0","1","0","1","0","0","2","0"
"650","6","forall NODE1,NODE0. ~ep_epoch4(NODE0) | ep_epoch0(NODE1) | ep_epoch1(NODE1) | ep_epoch3(NODE1) | locked_epoch2(NODE1) | locked_epoch5(NODE1) | NODE0 = NODE1","9","----1-00-0---------0-----0------------","7","225","7","1300020020","1300020020","e1e0l0","----1-00-0--","--","-----0-----0","------------","1","3","0","0","0","2","0","0","2","0"
"651","6","forall NODE1,NODE0. ~ep_epoch4(NODE0) | ep_epoch0(NODE1) | ep_epoch1(NODE1) | ep_epoch5(NODE1) | locked_epoch2(NODE1) | locked_epoch3(NODE1) | NODE0 = NODE1","9","----1-00---0-------0-0----------------","7","225","7","1300020020","1300020020","e1e0l0","----1-00---0","--","-----0-0----","------------","1","3","0","0","0","2","0","0","2","0"
"652","6","forall NODE1,NODE0. ~ep_epoch4(NODE0) | ep_epoch0(NODE1) | ep_epoch1(NODE1) | held(NODE1) | locked_epoch2(NODE1) | locked_epoch3(NODE1) | NODE0 = NODE1","9","----1-00-----0-----0-0----------------","7","219","1","1201020020","1201020020","e1e0h0l0","----1-00----","-0","-----0-0----","------------","1","2","0","1","0","2","0","0","2","0"
"653","6","forall NODE1,NODE0. ~ep_epoch4(NODE0) | ep_epoch0(NODE1) | ep_epoch1(NODE1) | locked_epoch2(NODE1) | locked_epoch3(NODE1) | locked_epoch5(NODE1) | NODE0 = NODE1","9","----1-00-----------0-0---0------------","7","214","2","1200030020","1200030020","e1e0l0","----1-00----","--","-----0-0---0","------------","1","2","0","0","0","3","0","0","2","0"
"654","6","forall NODE1,NODE0. ~ep_epoch5(NODE0) | ~locked_epoch2(NODE0) | ~locked_epoch3(NODE0) | ~locked_epoch4(NODE0) | ep_epoch0(NODE1) | ep_epoch1(NODE1) | NODE0 = NODE1","9","-----100----------1-1-1---------------","7","217","1","1200300020","1200300020","e1e0l1","-----100----","--","----1-1-1---","------------","1","2","0","0","3","0","0","0","2","0"
"655","6","forall NODE1,NODE0. ~ep_epoch5(NODE0) | ~locked_epoch2(NODE0) | ~locked_epoch3(NODE0) | ep_epoch0(NODE1) | ep_epoch1(NODE1) | ep_epoch4(NODE1) | NODE0 = NODE1","9","-----100--0-------1-1-----------------","7","227","4","1300200020","1300200020","e1e0l1","-----100--0-","--","----1-1-----","------------","1","3","0","0","2","0","0","0","2","0"
"656","6","forall NODE1,NODE0. ~ep_epoch5(NODE0) | ~locked_epoch2(NODE0) | ~locked_epoch3(NODE0) | ep_epoch0(NODE1) | ep_epoch1(NODE1) | locked_epoch4(NODE1) | NODE0 = NODE1","9","-----100----------1-1--0--------------","7","216","4","1200210020","1200210020","e1e0l1l0","-----100----","--","----1-1--0--","------------","1","2","0","0","2","1","0","0","2","0"
"657","6","forall NODE1,NODE0. ~ep_epoch5(NODE0) | ~locked_epoch2(NODE0) | ~locked_epoch4(NODE0) | ep_epoch0(NODE1) | ep_epoch1(NODE1) | ep_epoch3(NODE1) | NODE0 = NODE1","9","-----100-0--------1---1---------------","7","227","4","1300200020","1300200020","e1e0l1","-----100-0--","--","----1---1---","------------","1","3","0","0","2","0","0","0","2","0"
"658","6","forall NODE1,NODE0. ~ep_epoch5(NODE0) | ~locked_epoch2(NODE0) | ~locked_epoch4(NODE0) | ep_epoch0(NODE1) | ep_epoch1(NODE1) | locked_epoch3(NODE1) | NODE0 = NODE1","9","-----100----------1--01---------------","7","216","4","1200210020","1200210020","e1e0l1l0","-----100----","--","----1--01---","------------","1","2","0","0","2","1","0","0","2","0"
"659","6","forall NODE1,NODE0. ~ep_epoch5(NODE0) | ~locked_epoch2(NODE0) | ep_epoch0(NODE1) | ep_epoch1(NODE1) | ep_epoch3(NODE1) | ep_epoch4(NODE1) | NODE0 = NODE1","9","-----100-00-------1-------------------","7","233","6","1400100020","1400100020","e1e0l1","-----100-00-","--","----1-------","------------","1","4","0","0","1","0","0","0","2","0"
"660","6","forall NODE1,NODE0. ~ep_epoch5(NODE0) | ~locked_epoch2(NODE0) | ep_epoch0(NODE1) | ep_epoch1(NODE1) | ep_epoch3(NODE1) | locked_epoch4(NODE1) | NODE0 = NODE1","9","-----100-0--------1----0--------------","7","226","11","1300110020","1300110020","e1e0l1l0","-----100-0--","--","----1----0--","------------","1","3","0","0","1","1","0","0","2","0"
"661","6","forall NODE1,NODE0. ~ep_epoch5(NODE0) | ~locked_epoch2(NODE0) | ep_epoch0(NODE1) | ep_epoch1(NODE1) | ep_epoch4(NODE1) | locked_epoch3(NODE1) | NODE0 = NODE1","9","-----100--0-------1--0----------------","7","226","11","1300110020","1300110020","e1e0l1l0","-----100--0-","--","----1--0----","------------","1","3","0","0","1","1","0","0","2","0"
"662","6","forall NODE1,NODE0. ~ep_epoch5(NODE0) | ~locked_epoch2(NODE0) | ep_epoch0(NODE1) | ep_epoch1(NODE1) | locked_epoch3(NODE1) | locked_epoch4(NODE1) | NODE0 = NODE1","9","-----100----------1--0-0--------------","7","215","5","1200120020","1200120020","e1e0l1l0","-----100----","--","----1--0-0--","------------","1","2","0","0","1","2","0","0","2","0"
"663","6","forall NODE1,NODE0. ~ep_epoch5(NODE0) | ~locked_epoch3(NODE0) | ~locked_epoch4(NODE0) | ep_epoch0(NODE1) | ep_epoch1(NODE1) | ep_epoch2(NODE1) | NODE0 = NODE1","9","-----1000-----------1-1---------------","7","227","4","1300200020","1300200020","e1e0l1","-----1000---","--","------1-1---","------------","1","3","0","0","2","0","0","0","2","0"
"664","6","forall NODE1,NODE0. ~ep_epoch5(NODE0) | ~locked_epoch3(NODE0) | ~locked_epoch4(NODE0) | ep_epoch0(NODE1) | ep_epoch1(NODE1) | locked_epoch2(NODE1) | NODE0 = NODE1","9","-----100-----------01-1---------------","7","216","4","1200210020","1200210020","e1e0l1l0","-----100----","--","-----01-1---","------------","1","2","0","0","2","1","0","0","2","0"
"665","6","forall NODE1,NODE0. ~ep_epoch5(NODE0) | ~locked_epoch3(NODE0) | ep_epoch0(NODE1) | ep_epoch1(NODE1) | ep_epoch2(NODE1) | ep_epoch4(NODE1) | NODE0 = NODE1","9","-----1000-0---------1-----------------","7","233","6","1400100020","1400100020","e1e0l1","-----1000-0-","--","------1-----","------------","1","4","0","0","1","0","0","0","2","0"
"666","6","forall NODE1,NODE0. ~ep_epoch5(NODE0) | ~locked_epoch3(NODE0) | ep_epoch0(NODE1) | ep_epoch1(NODE1) | ep_epoch2(NODE1) | locked_epoch4(NODE1) | NODE0 = NODE1","9","-----1000-----------1--0--------------","7","226","11","1300110020","1300110020","e1e0l1l0","-----1000---","--","------1--0--","------------","1","3","0","0","1","1","0","0","2","0"
"667","6","forall NODE1,NODE0. ~ep_epoch5(NODE0) | ~locked_epoch3(NODE0) | ep_epoch0(NODE1) | ep_epoch1(NODE1) | ep_epoch4(NODE1) | locked_epoch2(NODE1) | NODE0 = NODE1","9","-----100--0--------01-----------------","7","226","11","1300110020","1300110020","e1e0l1l0","-----100--0-","--","-----01-----","------------","1","3","0","0","1","1","0","0","2","0"
"668","6","forall NODE1,NODE0. ~ep_epoch5(NODE0) | ~locked_epoch3(NODE0) | ep_epoch0(NODE1) | ep_epoch1(NODE1) | locked_epoch2(NODE1) | locked_epoch4(NODE1) | NODE0 = NODE1","9","-----100-----------01--0--------------","7","215","5","1200120020","1200120020","e1e0l1l0","-----100----","--","-----01--0--","------------","1","2","0","0","1","2","0","0","2","0"
"669","6","forall NODE1,NODE0. ~ep_epoch5(NODE0) | ~locked_epoch4(NODE0) | ep_epoch0(NODE1) | ep_epoch1(NODE1) | ep_epoch2(NODE1) | ep_epoch3(NODE1) | NODE0 = NODE1","9","-----10000------------1---------------","7","233","6","1400100020","1400100020","e1e0l1","-----10000--","--","--------1---","------------","1","4","0","0","1","0","0","0","2","0"
"670","6","forall NODE1,NODE0. ~ep_epoch5(NODE0) | ~locked_epoch4(NODE0) | ep_epoch0(NODE1) | ep_epoch1(NODE1) | ep_epoch2(NODE1) | locked_epoch3(NODE1) | NODE0 = NODE1","9","-----1000------------01---------------","7","226","11","1300110020","1300110020","e1e0l1l0","-----1000---","--","-------01---","------------","1","3","0","0","1","1","0","0","2","0"
"671","6","forall NODE1,NODE0. ~ep_epoch5(NODE0) | ~locked_epoch4(NODE0) | ep_epoch0(NODE1) | ep_epoch1(NODE1) | ep_epoch3(NODE1) | locked_epoch2(NODE1) | NODE0 = NODE1","9","-----100-0---------0--1---------------","7","226","11","1300110020","1300110020","e1e0l1l0","-----100-0--","--","-----0--1---","------------","1","3","0","0","1","1","0","0","2","0"
"672","6","forall NODE1,NODE0. ~ep_epoch5(NODE0) | ~locked_epoch4(NODE0) | ep_epoch0(NODE1) | ep_epoch1(NODE1) | locked_epoch2(NODE1) | locked_epoch3(NODE1) | NODE0 = NODE1","9","-----100-----------0-01---------------","7","215","5","1200120020","1200120020","e1e0l1l0","-----100----","--","-----0-01---","------------","1","2","0","0","1","2","0","0","2","0"
"673","6","forall NODE1,NODE0. ~ep_epoch5(NODE0) | ep_epoch0(NODE1) | ep_epoch1(NODE1) | ep_epoch2(NODE1) | ep_epoch3(NODE1) | ep_epoch4(NODE1) | NODE0 = NODE1","9","-----100000---------------------------","7","236","6","1500000020","1500000020","e1e0","-----100000-","--","------------","------------","1","5","0","0","0","0","0","0","2","0"
"674","6","forall NODE1,NODE0. ~ep_epoch5(NODE0) | ep_epoch0(NODE1) | ep_epoch1(NODE1) | ep_epoch2(NODE1) | ep_epoch3(NODE1) | locked_epoch4(NODE1) | NODE0 = NODE1","9","-----10000-------------0--------------","7","232","11","1400010020","1400010020","e1e0l0","-----10000--","--","---------0--","------------","1","4","0","0","0","1","0","0","2","0"
"675","6","forall NODE1,NODE0. ~ep_epoch5(NODE0) | ep_epoch0(NODE1) | ep_epoch1(NODE1) | ep_epoch2(NODE1) | ep_epoch4(NODE1) | locked_epoch3(NODE1) | NODE0 = NODE1","9","-----1000-0----------0----------------","7","232","11","1400010020","1400010020","e1e0l0","-----1000-0-","--","-------0----","------------","1","4","0","0","0","1","0","0","2","0"
"676","6","forall NODE1,NODE0. ~ep_epoch5(NODE0) | ep_epoch0(NODE1) | ep_epoch1(NODE1) | ep_epoch2(NODE1) | locked_epoch3(NODE1) | locked_epoch4(NODE1) | NODE0 = NODE1","9","-----1000------------0-0--------------","7","225","7","1300020020","1300020020","e1e0l0","-----1000---","--","-------0-0--","------------","1","3","0","0","0","2","0","0","2","0"
"677","6","forall NODE1,NODE0. ~ep_epoch5(NODE0) | ep_epoch0(NODE1) | ep_epoch1(NODE1) | ep_epoch3(NODE1) | ep_epoch4(NODE1) | locked_epoch2(NODE1) | NODE0 = NODE1","9","-----100-00--------0------------------","7","232","11","1400010020","1400010020","e1e0l0","-----100-00-","--","-----0------","------------","1","4","0","0","0","1","0","0","2","0"
"678","6","forall NODE1,NODE0. ~ep_epoch5(NODE0) | ep_epoch0(NODE1) | ep_epoch1(NODE1) | ep_epoch3(NODE1) | locked_epoch2(NODE1) | locked_epoch4(NODE1) | NODE0 = NODE1","9","-----100-0---------0---0--------------","7","225","7","1300020020","1300020020","e1e0l0","-----100-0--","--","-----0---0--","------------","1","3","0","0","0","2","0","0","2","0"
"679","6","forall NODE1,NODE0. ~ep_epoch5(NODE0) | ep_epoch0(NODE1) | ep_epoch1(NODE1) | ep_epoch4(NODE1) | locked_epoch2(NODE1) | locked_epoch3(NODE1) | NODE0 = NODE1","9","-----100--0--------0-0----------------","7","225","7","1300020020","1300020020","e1e0l0","-----100--0-","--","-----0-0----","------------","1","3","0","0","0","2","0","0","2","0"
"680","6","forall NODE1,NODE0. ~ep_epoch5(NODE0) | ep_epoch0(NODE1) | ep_epoch1(NODE1) | locked_epoch2(NODE1) | locked_epoch3(NODE1) | locked_epoch4(NODE1) | NODE0 = NODE1","9","-----100-----------0-0-0--------------","7","214","2","1200030020","1200030020","e1e0l0","-----100----","--","-----0-0-0--","------------","1","2","0","0","0","3","0","0","2","0"
"681","6","forall NODE1,NODE0. ~held(NODE0) | ~locked_epoch2(NODE0) | ~locked_epoch3(NODE0) | ~locked_epoch4(NODE0) | ep_epoch0(NODE1) | ep_epoch1(NODE1) | NODE0 = NODE1","9","------00----1-----1-1-1---------------","7","191","1","0210300020","0210300020","e0h1l1","------00----","1-","----1-1-1---","------------","0","2","1","0","3","0","0","0","2","0"
"682","6","forall NODE1,NODE0. ~held(NODE0) | ~locked_epoch2(NODE0) | ~locked_epoch3(NODE0) | ep_epoch0(NODE1) | ep_epoch1(NODE1) | ep_epoch4(NODE1) | NODE0 = NODE1","9","------00--0-1-----1-1-----------------","7","200","4","0310200020","0310200020","e0h1l1","------00--0-","1-","----1-1-----","------------","0","3","1","0","2","0","0","0","2","0"
"683","6","forall NODE1,NODE0. ~held(NODE0) | ~locked_epoch2(NODE0) | ~locked_epoch3(NODE0) | ep_epoch0(NODE1) | ep_epoch1(NODE1) | ep_epoch5(NODE0) | NODE0 = NODE1","9","-----000----1-----1-1-----------------","7","200","4","0310200020","0310200020","e0h1l1","-----000----","1-","----1-1-----","------------","0","3","1","0","2","0","0","0","2","0"
"684","6","forall NODE1,NODE0. ~held(NODE0) | ~locked_epoch2(NODE0) | ~locked_epoch3(NODE0) | ep_epoch0(NODE1) | ep_epoch1(NODE1) | locked_epoch4(NODE1) | NODE0 = NODE1","9","------00----1-----1-1--0--------------","7","190","4","0210210020","0210210020","e0h1l1l0","------00----","1-","----1-1--0--","------------","0","2","1","0","2","1","0","0","2","0"
"685","6","forall NODE1,NODE0. ~held(NODE0) | ~locked_epoch2(NODE0) | ~locked_epoch3(NODE0) | ep_epoch0(NODE1) | ep_epoch1(NODE1) | locked_epoch5(NODE0) | NODE0 = NODE1","9","------00----1-----1-1---0-------------","7","190","4","0210210020","0210210020","e0h1l1l0","------00----","1-","----1-1---0-","------------","0","2","1","0","2","1","0","0","2","0"
"686","6","forall NODE1,NODE0. ~held(NODE0) | ~locked_epoch2(NODE0) | ~locked_epoch4(NODE0) | ep_epoch0(NODE1) | ep_epoch1(NODE1) | ep_epoch3(NODE1) | NODE0 = NODE1","9","------00-0--1-----1---1---------------","7","200","4","0310200020","0310200020","e0h1l1","------00-0--","1-","----1---1---","------------","0","3","1","0","2","0","0","0","2","0"
"687","6","forall NODE1,NODE0. ~held(NODE0) | ~locked_epoch2(NODE0) | ~locked_epoch4(NODE0) | ep_epoch0(NODE1) | ep_epoch1(NODE1) | locked_epoch3(NODE1) | NODE0 = NODE1","9","------00----1-----1--01---------------","7","190","4","0210210020","0210210020","e0h1l1l0","------00----","1-","----1--01---","------------","0","2","1","0","2","1","0","0","2","0"
"688","6","forall NODE1,NODE0. ~held(NODE0) | ~locked_epoch2(NODE0) | ep_epoch0(NODE1) | ep_epoch1(NODE1) | ep_epoch3(NODE1) | ep_epoch4(NODE1) | NODE0 = NODE1","9","------00-00-1-----1-------------------","7","206","6","0410100020","0410100020","e0h1l1","------00-00-","1-","----1-------","------------","0","4","1","0","1","0","0","0","2","0"
"689","6","forall NODE1,NODE0. ~held(NODE0) | ~locked_epoch2(NODE0) | ep_epoch0(NODE1) | ep_epoch1(NODE1) | ep_epoch3(NODE1) | ep_epoch5(NODE0) | NODE0 = NODE1","9","-----000-0--1-----1-------------------","7","206","6","0410100020","0410100020","e0h1l1","-----000-0--","1-","----1-------","------------","0","4","1","0","1","0","0","0","2","0"
"690","6","forall NODE1,NODE0. ~held(NODE0) | ~locked_epoch2(NODE0) | ep_epoch0(NODE1) | ep_epoch1(NODE1) | ep_epoch3(NODE1) | locked_epoch4(NODE1) | NODE0 = NODE1","9","------00-0--1-----1----0--------------","7","199","15","0310110020","0310110020","e0h1l1l0","------00-0--","1-","----1----0--","------------","0","3","1","0","1","1","0","0","2","0"
"691","6","forall NODE1,NODE0. ~held(NODE0) | ~locked_epoch2(NODE0) | ep_epoch0(NODE1) | ep_epoch1(NODE1) | ep_epoch3(NODE1) | locked_epoch5(NODE0) | NODE0 = NODE1","9","------00-0--1-----1-----0-------------","7","199","15","0310110020","0310110020","e0h1l1l0","------00-0--","1-","----1-----0-","------------","0","3","1","0","1","1","0","0","2","0"
"692","6","forall NODE1,NODE0. ~held(NODE0) | ~locked_epoch2(NODE0) | ep_epoch0(NODE1) | ep_epoch1(NODE1) | ep_epoch4(NODE0) | ep_epoch5(NODE0) | NODE0 = NODE1","9","----0000----1-----1-------------------","7","206","6","0410100020","0410100020","e0h1l1","----0000----","1-","----1-------","------------","0","4","1","0","1","0","0","0","2","0"
"693","6","forall NODE1,NODE0. ~held(NODE0) | ~locked_epoch2(NODE0) | ep_epoch0(NODE1) | ep_epoch1(NODE1) | ep_epoch4(NODE0) | locked_epoch5(NODE0) | NODE0 = NODE1","9","----0-00----1-----1-----0-------------","7","199","15","0310110020","0310110020","e0h1l1l0","----0-00----","1-","----1-----0-","------------","0","3","1","0","1","1","0","0","2","0"
"694","6","forall NODE1,NODE0. ~held(NODE0) | ~locked_epoch2(NODE0) | ep_epoch0(NODE1) | ep_epoch1(NODE1) | ep_epoch4(NODE1) | locked_epoch3(NODE1) | NODE0 = NODE1","9","------00--0-1-----1--0----------------","7","199","15","0310110020","0310110020","e0h1l1l0","------00--0-","1-","----1--0----","------------","0","3","1","0","1","1","0","0","2","0"
"695","6","forall NODE1,NODE0. ~held(NODE0) | ~locked_epoch2(NODE0) | ep_epoch0(NODE1) | ep_epoch1(NODE1) | ep_epoch4(NODE1) | locked_epoch4(NODE0) | NODE0 = NODE1","9","------00--0-1-----1---0---------------","7","199","15","0310110020","0310110020","e0h1l1l0","------00--0-","1-","----1---0---","------------","0","3","1","0","1","1","0","0","2","0"
"696","6","forall NODE1,NODE0. ~held(NODE0) | ~locked_epoch2(NODE0) | ep_epoch0(NODE1) | ep_epoch1(NODE1) | ep_epoch5(NODE0) | locked_epoch3(NODE1) | NODE0 = NODE1","9","-----000----1-----1--0----------------","7","199","15","0310110020","0310110020","e0h1l1l0","-----000----","1-","----1--0----","------------","0","3","1","0","1","1","0","0","2","0"
"697","6","forall NODE1,NODE0. ~held(NODE0) | ~locked_epoch2(NODE0) | ep_epoch0(NODE1) | ep_epoch1(NODE1) | ep_epoch5(NODE0) | locked_epoch4(NODE0) | NODE0 = NODE1","9","-----000----1-----1---0---------------","7","199","15","0310110020","0310110020","e0h1l1l0","-----000----","1-","----1---0---","------------","0","3","1","0","1","1","0","0","2","0"
"698","6","forall NODE1,NODE0. ~held(NODE0) | ~locked_epoch2(NODE0) | ep_epoch0(NODE1) | ep_epoch1(NODE1) | locked_epoch3(NODE1) | locked_epoch4(NODE1) | NODE0 = NODE1","9","------00----1-----1--0-0--------------","7","189","9","0210120020","0210120020","e0h1l1l0","------00----","1-","----1--0-0--","------------","0","2","1","0","1","2","0","0","2","0"
"699","6","forall NODE1,NODE0. ~held(NODE0) | ~locked_epoch2(NODE0) | ep_epoch0(NODE1) | ep_epoch1(NODE1) | locked_epoch3(NODE1) | locked_epoch5(NODE0) | NODE0 = NODE1","9","------00----1-----1--0--0-------------","7","189","9","0210120020","0210120020","e0h1l1l0","------00----","1-","----1--0--0-","------------","0","2","1","0","1","2","0","0","2","0"
"700","6","forall NODE1,NODE0. ~held(NODE0) | ~locked_epoch2(NODE0) | ep_epoch0(NODE1) | ep_epoch1(NODE1) | locked_epoch4(NODE0) | locked_epoch4(NODE1) | NODE0 = NODE1","9","------00----1-----1---00--------------","7","189","9","0210120020","0210120020","e0h1l1l0","------00----","1-","----1---00--","------------","0","2","1","0","1","2","0","0","2","0"
"701","6","forall NODE1,NODE0. ~held(NODE0) | ~locked_epoch2(NODE0) | ep_epoch0(NODE1) | ep_epoch1(NODE1) | locked_epoch4(NODE0) | locked_epoch5(NODE0) | NODE0 = NODE1","9","------00----1-----1---0-0-------------","7","189","9","0210120020","0210120020","e0h1l1l0","------00----","1-","----1---0-0-","------------","0","2","1","0","1","2","0","0","2","0"
"702","6","forall NODE1,NODE0. ~held(NODE0) | ~locked_epoch2(NODE0) | ep_epoch2(NODE0) | ep_epoch3(NODE1) | ep_epoch4(NODE1) | locked_epoch3(NODE0) | NODE0 = NODE1","9","--0------00-1-----1-0-----------------","7","199","15","0310110020","0310110020","e0h1l1l0","--0------00-","1-","----1-0-----","------------","0","3","1","0","1","1","0","0","2","0"
"703","6","forall NODE1,NODE0. ~held(NODE0) | ~locked_epoch2(NODE0) | ep_epoch2(NODE0) | ep_epoch3(NODE1) | ep_epoch5(NODE0) | locked_epoch3(NODE0) | NODE0 = NODE1","9","--0--0---0--1-----1-0-----------------","7","199","15","0310110020","0310110020","e0h1l1l0","--0--0---0--","1-","----1-0-----","------------","0","3","1","0","1","1","0","0","2","0"
"704","6","forall NODE1,NODE0. ~held(NODE0) | ~locked_epoch2(NODE0) | ep_epoch2(NODE0) | ep_epoch3(NODE1) | locked_epoch3(NODE0) | locked_epoch4(NODE1) | NODE0 = NODE1","9","--0------0--1-----1-0--0--------------","7","189","9","0210120020","0210120020","e0h1l1l0","--0------0--","1-","----1-0--0--","------------","0","2","1","0","1","2","0","0","2","0"
"705","6","forall NODE1,NODE0. ~held(NODE0) | ~locked_epoch2(NODE0) | ep_epoch2(NODE0) | ep_epoch3(NODE1) | locked_epoch3(NODE0) | locked_epoch5(NODE0) | NODE0 = NODE1","9","--0------0--1-----1-0---0-------------","7","189","9","0210120020","0210120020","e0h1l1l0","--0------0--","1-","----1-0---0-","------------","0","2","1","0","1","2","0","0","2","0"
"706","6","forall NODE1,NODE0. ~held(NODE0) | ~locked_epoch3(NODE0) | ~locked_epoch4(NODE0) | ep_epoch0(NODE1) | ep_epoch1(NODE1) | ep_epoch2(NODE1) | NODE0 = NODE1","9","------000---1-------1-1---------------","7","200","4","0310200020","0310200020","e0h1l1","------000---","1-","------1-1---","------------","0","3","1","0","2","0","0","0","2","0"
"707","6","forall NODE1,NODE0. ~held(NODE0) | ~locked_epoch3(NODE0) | ~locked_epoch4(NODE0) | ep_epoch0(NODE1) | ep_epoch1(NODE1) | locked_epoch2(NODE1) | NODE0 = NODE1","9","------00----1------01-1---------------","7","190","4","0210210020","0210210020","e0h1l1l0","------00----","1-","-----01-1---","------------","0","2","1","0","2","1","0","0","2","0"
"708","6","forall NODE1,NODE0. ~held(NODE0) | ~locked_epoch3(NODE0) | ep_epoch0(NODE1) | ep_epoch1(NODE1) | ep_epoch2(NODE1) | ep_epoch4(NODE1) | NODE0 = NODE1","9","------000-0-1-------1-----------------","7","206","6","0410100020","0410100020","e0h1l1","------000-0-","1-","------1-----","------------","0","4","1","0","1","0","0","0","2","0"
"709","6","forall NODE1,NODE0. ~held(NODE0) | ~locked_epoch3(NODE0) | ep_epoch0(NODE1) | ep_epoch1(NODE1) | ep_epoch2(NODE1) | ep_epoch5(NODE0) | NODE0 = NODE1","9","-----0000---1-------1-----------------","7","206","6","0410100020","0410100020","e0h1l1","-----0000---","1-","------1-----","------------","0","4","1","0","1","0","0","0","2","0"
"710","6","forall NODE1,NODE0. ~held(NODE0) | ~locked_epoch3(NODE0) | ep_epoch0(NODE1) | ep_epoch1(NODE1) | ep_epoch2(NODE1) | locked_epoch4(NODE1) | NODE0 = NODE1","9","------000---1-------1--0--------------","7","199","15","0310110020","0310110020","e0h1l1l0","------000---","1-","------1--0--","------------","0","3","1","0","1","1","0","0","2","0"
"711","6","forall NODE1,NODE0. ~held(NODE0) | ~locked_epoch3(NODE0) | ep_epoch0(NODE1) | ep_epoch1(NODE1) | ep_epoch2(NODE1) | locked_epoch5(NODE0) | NODE0 = NODE1","9","------000---1-------1---0-------------","7","199","15","0310110020","0310110020","e0h1l1l0","------000---","1-","------1---0-","------------","0","3","1","0","1","1","0","0","2","0"
"712","6","forall NODE1,NODE0. ~held(NODE0) | ~locked_epoch3(NODE0) | ep_epoch0(NODE1) | ep_epoch1(NODE1) | ep_epoch4(NODE1) | locked_epoch2(NODE1) | NODE0 = NODE1","9","------00--0-1------01-----------------","7","199","15","0310110020","0310110020","e0h1l1l0","------00--0-","1-","-----01-----","------------","0","3","1","0","1","1","0","0","2","0"
"713","6","forall NODE1,NODE0. ~held(NODE0) | ~locked_epoch3(NODE0) | ep_epoch0(NODE1) | ep_epoch1(NODE1) | ep_epoch5(NODE0) | locked_epoch2(NODE1) | NODE0 = NODE1","9","-----000----1------01-----------------","7","199","15","0310110020","0310110020","e0h1l1l0","-----000----","1-","-----01-----","------------","0","3","1","0","1","1","0","0","2","0"
"714","6","forall NODE1,NODE0. ~held(NODE0) | ~locked_epoch3(NODE0) | ep_epoch0(NODE1) | ep_epoch1(NODE1) | locked_epoch2(NODE1) | locked_epoch4(NODE1) | NODE0 = NODE1","9","------00----1------01--0--------------","7","189","9","0210120020","0210120020","e0h1l1l0","------00----","1-","-----01--0--","------------","0","2","1","0","1","2","0","0","2","0"
"715","6","forall NODE1,NODE0. ~held(NODE0) | ~locked_epoch3(NODE0) | ep_epoch0(NODE1) | ep_epoch1(NODE1) | locked_epoch2(NODE1) | locked_epoch5(NODE0) | NODE0 = NODE1","9","------00----1------01---0-------------","7","189","9","0210120020","0210120020","e0h1l1l0","------00----","1-","-----01---0-","------------","0","2","1","0","1","2","0","0","2","0"
"716","6","forall NODE1,NODE0. ~held(NODE0) | ~locked_epoch4(NODE0) | ep_epoch0(NODE1) | ep_epoch1(NODE1) | ep_epoch2(NODE1) | ep_epoch3(NODE1) | NODE0 = NODE1","9","------0000--1---------1---------------","7","206","6","0410100020","0410100020","e0h1l1","------0000--","1-","--------1---","------------","0","4","1","0","1","0","0","0","2","0"
"717","6","forall NODE1,NODE0. ~held(NODE0) | ~locked_epoch4(NODE0) | ep_epoch0(NODE1) | ep_epoch1(NODE1) | ep_epoch2(NODE1) | locked_epoch3(NODE1) | NODE0 = NODE1","9","------000---1--------01---------------","7","199","15","0310110020","0310110020","e0h1l1l0","------000---","1-","-------01---","------------","0","3","1","0","1","1","0","0","2","0"
"718","6","forall NODE1,NODE0. ~held(NODE0) | ~locked_epoch4(NODE0) | ep_epoch0(NODE1) | ep_epoch1(NODE1) | ep_epoch3(NODE1) | locked_epoch2(NODE1) | NODE0 = NODE1","9","------00-0--1------0--1---------------","7","199","15","0310110020","0310110020","e0h1l1l0","------00-0--","1-","-----0--1---","------------","0","3","1","0","1","1","0","0","2","0"
"719","6","forall NODE1,NODE0. ~held(NODE0) | ~locked_epoch4(NODE0) | ep_epoch0(NODE1) | ep_epoch1(NODE1) | locked_epoch2(NODE1) | locked_epoch3(NODE1) | NODE0 = NODE1","9","------00----1------0-01---------------","7","189","9","0210120020","0210120020","e0h1l1l0","------00----","1-","-----0-01---","------------","0","2","1","0","1","2","0","0","2","0"
"720","6","forall NODE1,NODE0. ~held(NODE0) | ep_epoch0(NODE1) | ep_epoch1(NODE1) | ep_epoch2(NODE1) | ep_epoch3(NODE1) | ep_epoch4(NODE1) | NODE0 = NODE1","9","------00000-1-------------------------","7","209","5","0510000020","0510000020","e0h1","------00000-","1-","------------","------------","0","5","1","0","0","0","0","0","2","0"
"721","6","forall NODE1,NODE0. ~held(NODE0) | ep_epoch0(NODE1) | ep_epoch1(NODE1) | ep_epoch2(NODE1) | ep_epoch3(NODE1) | ep_epoch5(NODE0) | NODE0 = NODE1","9","-----00000--1-------------------------","7","209","5","0510000020","0510000020","e0h1","-----00000--","1-","------------","------------","0","5","1","0","0","0","0","0","2","0"
"722","6","forall NODE1,NODE0. ~held(NODE0) | ep_epoch0(NODE1) | ep_epoch1(NODE1) | ep_epoch2(NODE1) | ep_epoch3(NODE1) | locked_epoch4(NODE1) | NODE0 = NODE1","9","------0000--1----------0--------------","7","205","32","0410010020","0410010020","e0h1l0","------0000--","1-","---------0--","------------","0","4","1","0","0","1","0","0","2","0"
"723","6","forall NODE1,NODE0. ~held(NODE0) | ep_epoch0(NODE1) | ep_epoch1(NODE1) | ep_epoch2(NODE1) | ep_epoch3(NODE1) | locked_epoch5(NODE0) | NODE0 = NODE1","9","------0000--1-----------0-------------","7","205","32","0410010020","0410010020","e0h1l0","------0000--","1-","----------0-","------------","0","4","1","0","0","1","0","0","2","0"
"724","6","forall NODE1,NODE0. ~held(NODE0) | ep_epoch0(NODE1) | ep_epoch1(NODE1) | ep_epoch2(NODE1) | ep_epoch4(NODE0) | ep_epoch5(NODE0) | NODE0 = NODE1","9","----00000---1-------------------------","7","209","5","0510000020","0510000020","e0h1","----00000---","1-","------------","------------","0","5","1","0","0","0","0","0","2","0"
"725","6","forall NODE1,NODE0. ~held(NODE0) | ep_epoch0(NODE1) | ep_epoch1(NODE1) | ep_epoch2(NODE1) | ep_epoch4(NODE0) | locked_epoch5(NODE0) | NODE0 = NODE1","9","----0-000---1-----------0-------------","7","205","32","0410010020","0410010020","e0h1l0","----0-000---","1-","----------0-","------------","0","4","1","0","0","1","0","0","2","0"
"726","6","forall NODE1,NODE0. ~held(NODE0) | ep_epoch0(NODE1) | ep_epoch1(NODE1) | ep_epoch2(NODE1) | ep_epoch4(NODE1) | locked_epoch3(NODE1) | NODE0 = NODE1","9","------000-0-1--------0----------------","7","205","32","0410010020","0410010020","e0h1l0","------000-0-","1-","-------0----","------------","0","4","1","0","0","1","0","0","2","0"
"727","6","forall NODE1,NODE0. ~held(NODE0) | ep_epoch0(NODE1) | ep_epoch1(NODE1) | ep_epoch2(NODE1) | ep_epoch4(NODE1) | locked_epoch4(NODE0) | NODE0 = NODE1","9","------000-0-1---------0---------------","7","205","32","0410010020","0410010020","e0h1l0","------000-0-","1-","--------0---","------------","0","4","1","0","0","1","0","0","2","0"
"728","6","forall NODE1,NODE0. ~held(NODE0) | ep_epoch0(NODE1) | ep_epoch1(NODE1) | ep_epoch2(NODE1) | ep_epoch5(NODE0) | locked_epoch3(NODE1) | NODE0 = NODE1","9","-----0000---1--------0----------------","7","205","32","0410010020","0410010020","e0h1l0","-----0000---","1-","-------0----","------------","0","4","1","0","0","1","0","0","2","0"
"729","6","forall NODE1,NODE0. ~held(NODE0) | ep_epoch0(NODE1) | ep_epoch1(NODE1) | ep_epoch2(NODE1) | ep_epoch5(NODE0) | locked_epoch4(NODE0) | NODE0 = NODE1","9","-----0000---1---------0---------------","7","205","32","0410010020","0410010020","e0h1l0","-----0000---","1-","--------0---","------------","0","4","1","0","0","1","0","0","2","0"
"730","6","forall NODE1,NODE0. ~held(NODE0) | ep_epoch0(NODE1) | ep_epoch1(NODE1) | ep_epoch2(NODE1) | locked_epoch3(NODE1) | locked_epoch4(NODE1) | NODE0 = NODE1","9","------000---1--------0-0--------------","7","198","52","0310020020","0310020020","e0h1l0","------000---","1-","-------0-0--","------------","0","3","1","0","0","2","0","0","2","0"
"731","6","forall NODE1,NODE0. ~held(NODE0) | ep_epoch0(NODE1) | ep_epoch1(NODE1) | ep_epoch2(NODE1) | locked_epoch3(NODE1) | locked_epoch5(NODE0) | NODE0 = NODE1","9","------000---1--------0--0-------------","7","198","52","0310020020","0310020020","e0h1l0","------000---","1-","-------0--0-","------------","0","3","1","0","0","2","0","0","2","0"
"732","6","forall NODE1,NODE0. ~held(NODE0) | ep_epoch0(NODE1) | ep_epoch1(NODE1) | ep_epoch2(NODE1) | locked_epoch4(NODE0) | locked_epoch4(NODE1) | NODE0 = NODE1","9","------000---1---------00--------------","7","198","52","0310020020","0310020020","e0h1l0","------000---","1-","--------00--","------------","0","3","1","0","0","2","0","0","2","0"
"733","6","forall NODE1,NODE0. ~held(NODE0) | ep_epoch0(NODE1) | ep_epoch1(NODE1) | ep_epoch2(NODE1) | locked_epoch4(NODE0) | locked_epoch5(NODE0) | NODE0 = NODE1","9","------000---1---------0-0-------------","7","198","52","0310020020","0310020020","e0h1l0","------000---","1-","--------0-0-","------------","0","3","1","0","0","2","0","0","2","0"
"734","6","forall NODE1,NODE0. ~held(NODE0) | ep_epoch0(NODE1) | ep_epoch1(NODE1) | ep_epoch3(NODE0) | ep_epoch4(NODE0) | ep_epoch5(NODE0) | NODE0 = NODE1","9","---00000----1-------------------------","7","209","5","0510000020","0510000020","e0h1","---00000----","1-","------------","------------","0","5","1","0","0","0","0","0","2","0"
"735","6","forall NODE1,NODE0. ~held(NODE0) | ep_epoch0(NODE1) | ep_epoch1(NODE1) | ep_epoch3(NODE0) | ep_epoch4(NODE0) | locked_epoch5(NODE0) | NODE0 = NODE1","9","---00-00----1-----------0-------------","7","205","32","0410010020","0410010020","e0h1l0","---00-00----","1-","----------0-","------------","0","4","1","0","0","1","0","0","2","0"
"736","6","forall NODE1,NODE0. ~held(NODE0) | ep_epoch0(NODE1) | ep_epoch1(NODE1) | ep_epoch3(NODE0) | ep_epoch4(NODE1) | locked_epoch4(NODE0) | NODE0 = NODE1","9","---0--00--0-1---------0---------------","7","205","32","0410010020","0410010020","e0h1l0","---0--00--0-","1-","--------0---","------------","0","4","1","0","0","1","0","0","2","0"
"737","6","forall NODE1,NODE0. ~held(NODE0) | ep_epoch0(NODE1) | ep_epoch1(NODE1) | ep_epoch3(NODE0) | ep_epoch5(NODE0) | locked_epoch4(NODE0) | NODE0 = NODE1","9","---0-000----1---------0---------------","7","205","32","0410010020","0410010020","e0h1l0","---0-000----","1-","--------0---","------------","0","4","1","0","0","1","0","0","2","0"
"738","6","forall NODE1,NODE0. ~held(NODE0) | ep_epoch0(NODE1) | ep_epoch1(NODE1) | ep_epoch3(NODE0) | locked_epoch4(NODE0) | locked_epoch4(NODE1) | NODE0 = NODE1","9","---0--00----1---------00--------------","7","198","52","0310020020","0310020020","e0h1l0","---0--00----","1-","--------00--","------------","0","3","1","0","0","2","0","0","2","0"
"739","6","forall NODE1,NODE0. ~held(NODE0) | ep_epoch0(NODE1) | ep_epoch1(NODE1) | ep_epoch3(NODE0) | locked_epoch4(NODE0) | locked_epoch5(NODE0) | NODE0 = NODE1","9","---0--00----1---------0-0-------------","7","198","52","0310020020","0310020020","e0h1l0","---0--00----","1-","--------0-0-","------------","0","3","1","0","0","2","0","0","2","0"
"740","6","forall NODE1,NODE0. ~held(NODE0) | ep_epoch0(NODE1) | ep_epoch1(NODE1) | ep_epoch3(NODE1) | ep_epoch4(NODE1) | locked_epoch2(NODE1) | NODE0 = NODE1","9","------00-00-1------0------------------","7","205","32","0410010020","0410010020","e0h1l0","------00-00-","1-","-----0------","------------","0","4","1","0","0","1","0","0","2","0"
"741","6","forall NODE1,NODE0. ~held(NODE0) | ep_epoch0(NODE1) | ep_epoch1(NODE1) | ep_epoch3(NODE1) | ep_epoch4(NODE1) | locked_epoch3(NODE0) | NODE0 = NODE1","9","------00-00-1-------0-----------------","7","205","32","0410010020","0410010020","e0h1l0","------00-00-","1-","------0-----","------------","0","4","1","0","0","1","0","0","2","0"
"742","6","forall NODE1,NODE0. ~held(NODE0) | ep_epoch0(NODE1) | ep_epoch1(NODE1) | ep_epoch3(NODE1) | ep_epoch5(NODE0) | locked_epoch2(NODE1) | NODE0 = NODE1","9","-----000-0--1------0------------------","7","205","32","0410010020","0410010020","e0h1l0","-----000-0--","1-","-----0------","------------","0","4","1","0","0","1","0","0","2","0"
"743","6","forall NODE1,NODE0. ~held(NODE0) | ep_epoch0(NODE1) | ep_epoch1(NODE1) | ep_epoch3(NODE1) | ep_epoch5(NODE0) | locked_epoch3(NODE0) | NODE0 = NODE1","9","-----000-0--1-------0-----------------","7","205","32","0410010020","0410010020","e0h1l0","-----000-0--","1-","------0-----","------------","0","4","1","0","0","1","0","0","2","0"
"744","6","forall NODE1,NODE0. ~held(NODE0) | ep_epoch0(NODE1) | ep_epoch1(NODE1) | ep_epoch3(NODE1) | locked_epoch2(NODE1) | locked_epoch4(NODE1) | NODE0 = NODE1","9","------00-0--1------0---0--------------","7","198","52","0310020020","0310020020","e0h1l0","------00-0--","1-","-----0---0--","------------","0","3","1","0","0","2","0","0","2","0"
"745","6","forall NODE1,NODE0. ~held(NODE0) | ep_epoch0(NODE1) | ep_epoch1(NODE1) | ep_epoch3(NODE1) | locked_epoch2(NODE1) | locked_epoch5(NODE0) | NODE0 = NODE1","9","------00-0--1------0----0-------------","7","198","52","0310020020","0310020020","e0h1l0","------00-0--","1-","-----0----0-","------------","0","3","1","0","0","2","0","0","2","0"
"746","6","forall NODE1,NODE0. ~held(NODE0) | ep_epoch0(NODE1) | ep_epoch1(NODE1) | ep_epoch3(NODE1) | locked_epoch3(NODE0) | locked_epoch4(NODE1) | NODE0 = NODE1","9","------00-0--1-------0--0--------------","7","198","52","0310020020","0310020020","e0h1l0","------00-0--","1-","------0--0--","------------","0","3","1","0","0","2","0","0","2","0"
"747","6","forall NODE1,NODE0. ~held(NODE0) | ep_epoch0(NODE1) | ep_epoch1(NODE1) | ep_epoch3(NODE1) | locked_epoch3(NODE0) | locked_epoch5(NODE0) | NODE0 = NODE1","9","------00-0--1-------0---0-------------","7","198","52","0310020020","0310020020","e0h1l0","------00-0--","1-","------0---0-","------------","0","3","1","0","0","2","0","0","2","0"
"748","6","forall NODE1,NODE0. ~held(NODE0) | ep_epoch0(NODE1) | ep_epoch1(NODE1) | ep_epoch4(NODE0) | ep_epoch5(NODE0) | locked_epoch2(NODE1) | NODE0 = NODE1","9","----0000----1------0------------------","7","205","32","0410010020","0410010020","e0h1l0","----0000----","1-","-----0------","------------","0","4","1","0","0","1","0","0","2","0"
"749","6","forall NODE1,NODE0. ~held(NODE0) | ep_epoch0(NODE1) | ep_epoch1(NODE1) | ep_epoch4(NODE0) | ep_epoch5(NODE0) | locked_epoch3(NODE0) | NODE0 = NODE1","9","----0000----1-------0-----------------","7","205","32","0410010020","0410010020","e0h1l0","----0000----","1-","------0-----","------------","0","4","1","0","0","1","0","0","2","0"
"750","6","forall NODE1,NODE0. ~held(NODE0) | ep_epoch0(NODE1) | ep_epoch1(NODE1) | ep_epoch4(NODE0) | locked_epoch2(NODE1) | locked_epoch5(NODE0) | NODE0 = NODE1","9","----0-00----1------0----0-------------","7","198","52","0310020020","0310020020","e0h1l0","----0-00----","1-","-----0----0-","------------","0","3","1","0","0","2","0","0","2","0"
"751","6","forall NODE1,NODE0. ~held(NODE0) | ep_epoch0(NODE1) | ep_epoch1(NODE1) | ep_epoch4(NODE0) | locked_epoch3(NODE0) | locked_epoch5(NODE0) | NODE0 = NODE1","9","----0-00----1-------0---0-------------","7","198","52","0310020020","0310020020","e0h1l0","----0-00----","1-","------0---0-","------------","0","3","1","0","0","2","0","0","2","0"
"752","6","forall NODE1,NODE0. ~held(NODE0) | ep_epoch0(NODE1) | ep_epoch1(NODE1) | ep_epoch4(NODE1) | locked_epoch2(NODE1) | locked_epoch3(NODE1) | NODE0 = NODE1","9","------00--0-1------0-0----------------","7","198","52","0310020020","0310020020","e0h1l0","------00--0-","1-","-----0-0----","------------","0","3","1","0","0","2","0","0","2","0"
"753","6","forall NODE1,NODE0. ~held(NODE0) | ep_epoch0(NODE1) | ep_epoch1(NODE1) | ep_epoch4(NODE1) | locked_epoch2(NODE1) | locked_epoch4(NODE0) | NODE0 = NODE1","9","------00--0-1------0--0---------------","7","198","52","0310020020","0310020020","e0h1l0","------00--0-","1-","-----0--0---","------------","0","3","1","0","0","2","0","0","2","0"
"754","6","forall NODE1,NODE0. ~held(NODE0) | ep_epoch0(NODE1) | ep_epoch1(NODE1) | ep_epoch4(NODE1) | locked_epoch3(NODE0) | locked_epoch4(NODE0) | NODE0 = NODE1","9","------00--0-1-------0-0---------------","7","198","52","0310020020","0310020020","e0h1l0","------00--0-","1-","------0-0---","------------","0","3","1","0","0","2","0","0","2","0"
"755","6","forall NODE1,NODE0. ~held(NODE0) | ep_epoch0(NODE1) | ep_epoch1(NODE1) | ep_epoch5(NODE0) | locked_epoch2(NODE1) | locked_epoch3(NODE1) | NODE0 = NODE1","9","-----000----1------0-0----------------","7","198","52","0310020020","0310020020","e0h1l0","-----000----","1-","-----0-0----","------------","0","3","1","0","0","2","0","0","2","0"
"756","6","forall NODE1,NODE0. ~held(NODE0) | ep_epoch0(NODE1) | ep_epoch1(NODE1) | ep_epoch5(NODE0) | locked_epoch2(NODE1) | locked_epoch4(NODE0) | NODE0 = NODE1","9","-----000----1------0--0---------------","7","198","52","0310020020","0310020020","e0h1l0","-----000----","1-","-----0--0---","------------","0","3","1","0","0","2","0","0","2","0"
"757","6","forall NODE1,NODE0. ~held(NODE0) | ep_epoch0(NODE1) | ep_epoch1(NODE1) | ep_epoch5(NODE0) | locked_epoch3(NODE0) | locked_epoch4(NODE0) | NODE0 = NODE1","9","-----000----1-------0-0---------------","7","198","52","0310020020","0310020020","e0h1l0","-----000----","1-","------0-0---","------------","0","3","1","0","0","2","0","0","2","0"
"758","6","forall NODE1,NODE0. ~held(NODE0) | ep_epoch0(NODE1) | ep_epoch1(NODE1) | locked_epoch2(NODE1) | locked_epoch3(NODE1) | locked_epoch4(NODE1) | NODE0 = NODE1","9","------00----1------0-0-0--------------","7","188","28","0210030020","0210030020","e0h1l0","------00----","1-","-----0-0-0--","------------","0","2","1","0","0","3","0","0","2","0"
"759","6","forall NODE1,NODE0. ~held(NODE0) | ep_epoch0(NODE1) | ep_epoch1(NODE1) | locked_epoch2(NODE1) | locked_epoch3(NODE1) | locked_epoch5(NODE0) | NODE0 = NODE1","9","------00----1------0-0--0-------------","7","188","28","0210030020","0210030020","e0h1l0","------00----","1-","-----0-0--0-","------------","0","2","1","0","0","3","0","0","2","0"
"760","6","forall NODE1,NODE0. ~held(NODE0) | ep_epoch0(NODE1) | ep_epoch1(NODE1) | locked_epoch2(NODE1) | locked_epoch4(NODE0) | locked_epoch4(NODE1) | NODE0 = NODE1","9","------00----1------0--00--------------","7","188","28","0210030020","0210030020","e0h1l0","------00----","1-","-----0--00--","------------","0","2","1","0","0","3","0","0","2","0"
"761","6","forall NODE1,NODE0. ~held(NODE0) | ep_epoch0(NODE1) | ep_epoch1(NODE1) | locked_epoch2(NODE1) | locked_epoch4(NODE0) | locked_epoch5(NODE0) | NODE0 = NODE1","9","------00----1------0--0-0-------------","7","188","28","0210030020","0210030020","e0h1l0","------00----","1-","-----0--0-0-","------------","0","2","1","0","0","3","0","0","2","0"
"762","6","forall NODE1,NODE0. ~held(NODE0) | ep_epoch0(NODE1) | ep_epoch1(NODE1) | locked_epoch3(NODE0) | locked_epoch4(NODE0) | locked_epoch4(NODE1) | NODE0 = NODE1","9","------00----1-------0-00--------------","7","188","28","0210030020","0210030020","e0h1l0","------00----","1-","------0-00--","------------","0","2","1","0","0","3","0","0","2","0"
"763","6","forall NODE1,NODE0. ~held(NODE0) | ep_epoch0(NODE1) | ep_epoch1(NODE1) | locked_epoch3(NODE0) | locked_epoch4(NODE0) | locked_epoch5(NODE0) | NODE0 = NODE1","9","------00----1-------0-0-0-------------","7","188","28","0210030020","0210030020","e0h1l0","------00----","1-","------0-0-0-","------------","0","2","1","0","0","3","0","0","2","0"
"764","6","forall NODE1,NODE0. ~held(NODE0) | ep_epoch0(NODE1) | ep_epoch2(NODE0) | ep_epoch3(NODE0) | ep_epoch4(NODE0) | ep_epoch5(NODE0) | NODE0 = NODE1","9","--00000-----1-------------------------","7","209","5","0510000020","0510000020","e0h1","--00000-----","1-","------------","------------","0","5","1","0","0","0","0","0","2","0"
"765","6","forall NODE1,NODE0. ~held(NODE0) | ep_epoch0(NODE1) | ep_epoch2(NODE0) | ep_epoch3(NODE0) | ep_epoch4(NODE0) | locked_epoch5(NODE0) | NODE0 = NODE1","9","--000-0-----1-----------0-------------","7","205","32","0410010020","0410010020","e0h1l0","--000-0-----","1-","----------0-","------------","0","4","1","0","0","1","0","0","2","0"
"766","6","forall NODE1,NODE0. ~held(NODE0) | ep_epoch0(NODE1) | ep_epoch2(NODE0) | ep_epoch3(NODE0) | ep_epoch4(NODE1) | locked_epoch4(NODE0) | NODE0 = NODE1","9","--00--0---0-1---------0---------------","7","205","32","0410010020","0410010020","e0h1l0","--00--0---0-","1-","--------0---","------------","0","4","1","0","0","1","0","0","2","0"
"767","6","forall NODE1,NODE0. ~held(NODE0) | ep_epoch0(NODE1) | ep_epoch2(NODE0) | ep_epoch3(NODE0) | ep_epoch5(NODE0) | locked_epoch4(NODE0) | NODE0 = NODE1","9","--00-00-----1---------0---------------","7","205","32","0410010020","0410010020","e0h1l0","--00-00-----","1-","--------0---","------------","0","4","1","0","0","1","0","0","2","0"
"768","6","forall NODE1,NODE0. ~held(NODE0) | ep_epoch0(NODE1) | ep_epoch2(NODE0) | ep_epoch3(NODE0) | locked_epoch4(NODE0) | locked_epoch4(NODE1) | NODE0 = NODE1","9","--00--0-----1---------00--------------","7","198","52","0310020020","0310020020","e0h1l0","--00--0-----","1-","--------00--","------------","0","3","1","0","0","2","0","0","2","0"
"769","6","forall NODE1,NODE0. ~held(NODE0) | ep_epoch0(NODE1) | ep_epoch2(NODE0) | ep_epoch3(NODE0) | locked_epoch4(NODE0) | locked_epoch5(NODE0) | NODE0 = NODE1","9","--00--0-----1---------0-0-------------","7","198","52","0310020020","0310020020","e0h1l0","--00--0-----","1-","--------0-0-","------------","0","3","1","0","0","2","0","0","2","0"
"770","6","forall NODE1,NODE0. ~held(NODE0) | ep_epoch0(NODE1) | ep_epoch2(NODE0) | ep_epoch3(NODE1) | ep_epoch4(NODE1) | locked_epoch3(NODE0) | NODE0 = NODE1","9","--0---0--00-1-------0-----------------","7","205","32","0410010020","0410010020","e0h1l0","--0---0--00-","1-","------0-----","------------","0","4","1","0","0","1","0","0","2","0"
"771","6","forall NODE1,NODE0. ~held(NODE0) | ep_epoch0(NODE1) | ep_epoch2(NODE0) | ep_epoch3(NODE1) | ep_epoch5(NODE0) | locked_epoch3(NODE0) | NODE0 = NODE1","9","--0--00--0--1-------0-----------------","7","205","32","0410010020","0410010020","e0h1l0","--0--00--0--","1-","------0-----","------------","0","4","1","0","0","1","0","0","2","0"
"772","6","forall NODE1,NODE0. ~held(NODE0) | ep_epoch0(NODE1) | ep_epoch2(NODE0) | ep_epoch3(NODE1) | locked_epoch3(NODE0) | locked_epoch4(NODE1) | NODE0 = NODE1","9","--0---0--0--1-------0--0--------------","7","198","52","0310020020","0310020020","e0h1l0","--0---0--0--","1-","------0--0--","------------","0","3","1","0","0","2","0","0","2","0"
"773","6","forall NODE1,NODE0. ~held(NODE0) | ep_epoch0(NODE1) | ep_epoch2(NODE0) | ep_epoch3(NODE1) | locked_epoch3(NODE0) | locked_epoch5(NODE0) | NODE0 = NODE1","9","--0---0--0--1-------0---0-------------","7","198","52","0310020020","0310020020","e0h1l0","--0---0--0--","1-","------0---0-","------------","0","3","1","0","0","2","0","0","2","0"
"774","6","forall NODE1,NODE0. ~held(NODE0) | ep_epoch0(NODE1) | ep_epoch2(NODE0) | ep_epoch4(NODE0) | ep_epoch5(NODE0) | locked_epoch3(NODE0) | NODE0 = NODE1","9","--0-000-----1-------0-----------------","7","205","32","0410010020","0410010020","e0h1l0","--0-000-----","1-","------0-----","------------","0","4","1","0","0","1","0","0","2","0"
"775","6","forall NODE1,NODE0. ~held(NODE0) | ep_epoch0(NODE1) | ep_epoch2(NODE0) | ep_epoch4(NODE0) | locked_epoch3(NODE0) | locked_epoch5(NODE0) | NODE0 = NODE1","9","--0-0-0-----1-------0---0-------------","7","198","52","0310020020","0310020020","e0h1l0","--0-0-0-----","1-","------0---0-","------------","0","3","1","0","0","2","0","0","2","0"
"776","6","forall NODE1,NODE0. ~held(NODE0) | ep_epoch0(NODE1) | ep_epoch2(NODE0) | ep_epoch4(NODE1) | locked_epoch3(NODE0) | locked_epoch4(NODE0) | NODE0 = NODE1","9","--0---0---0-1-------0-0---------------","7","198","52","0310020020","0310020020","e0h1l0","--0---0---0-","1-","------0-0---","------------","0","3","1","0","0","2","0","0","2","0"
"777","6","forall NODE1,NODE0. ~held(NODE0) | ep_epoch0(NODE1) | ep_epoch2(NODE0) | ep_epoch5(NODE0) | locked_epoch3(NODE0) | locked_epoch4(NODE0) | NODE0 = NODE1","9","--0--00-----1-------0-0---------------","7","198","52","0310020020","0310020020","e0h1l0","--0--00-----","1-","------0-0---","------------","0","3","1","0","0","2","0","0","2","0"
"778","6","forall NODE1,NODE0. ~held(NODE0) | ep_epoch0(NODE1) | ep_epoch2(NODE0) | locked_epoch3(NODE0) | locked_epoch4(NODE0) | locked_epoch4(NODE1) | NODE0 = NODE1","9","--0---0-----1-------0-00--------------","7","188","28","0210030020","0210030020","e0h1l0","--0---0-----","1-","------0-00--","------------","0","2","1","0","0","3","0","0","2","0"
"779","6","forall NODE1,NODE0. ~held(NODE0) | ep_epoch0(NODE1) | ep_epoch2(NODE0) | locked_epoch3(NODE0) | locked_epoch4(NODE0) | locked_epoch5(NODE0) | NODE0 = NODE1","9","--0---0-----1-------0-0-0-------------","7","188","28","0210030020","0210030020","e0h1l0","--0---0-----","1-","------0-0-0-","------------","0","2","1","0","0","3","0","0","2","0"
"780","6","forall NODE1,NODE0. ~held(NODE0) | ep_epoch0(NODE1) | ep_epoch2(NODE1) | ep_epoch3(NODE1) | ep_epoch4(NODE1) | locked_epoch2(NODE0) | NODE0 = NODE1","9","------0-000-1-----0-------------------","7","205","32","0410010020","0410010020","e0h1l0","------0-000-","1-","----0-------","------------","0","4","1","0","0","1","0","0","2","0"
"781","6","forall NODE1,NODE0. ~held(NODE0) | ep_epoch0(NODE1) | ep_epoch2(NODE1) | ep_epoch3(NODE1) | ep_epoch5(NODE0) | locked_epoch2(NODE0) | NODE0 = NODE1","9","-----00-00--1-----0-------------------","7","205","32","0410010020","0410010020","e0h1l0","-----00-00--","1-","----0-------","------------","0","4","1","0","0","1","0","0","2","0"
"782","6","forall NODE1,NODE0. ~held(NODE0) | ep_epoch0(NODE1) | ep_epoch2(NODE1) | ep_epoch3(NODE1) | locked_epoch2(NODE0) | locked_epoch4(NODE1) | NODE0 = NODE1","9","------0-00--1-----0----0--------------","7","198","52","0310020020","0310020020","e0h1l0","------0-00--","1-","----0----0--","------------","0","3","1","0","0","2","0","0","2","0"
"783","6","forall NODE1,NODE0. ~held(NODE0) | ep_epoch0(NODE1) | ep_epoch2(NODE1) | ep_epoch3(NODE1) | locked_epoch2(NODE0) | locked_epoch5(NODE0) | NODE0 = NODE1","9","------0-00--1-----0-----0-------------","7","198","52","0310020020","0310020020","e0h1l0","------0-00--","1-","----0-----0-","------------","0","3","1","0","0","2","0","0","2","0"
"784","6","forall NODE1,NODE0. ~held(NODE0) | ep_epoch0(NODE1) | ep_epoch2(NODE1) | ep_epoch4(NODE0) | ep_epoch5(NODE0) | locked_epoch2(NODE0) | NODE0 = NODE1","9","----000-0---1-----0-------------------","7","205","32","0410010020","0410010020","e0h1l0","----000-0---","1-","----0-------","------------","0","4","1","0","0","1","0","0","2","0"
"785","6","forall NODE1,NODE0. ~held(NODE0) | ep_epoch0(NODE1) | ep_epoch2(NODE1) | ep_epoch4(NODE0) | locked_epoch2(NODE0) | locked_epoch5(NODE0) | NODE0 = NODE1","9","----0-0-0---1-----0-----0-------------","7","198","52","0310020020","0310020020","e0h1l0","----0-0-0---","1-","----0-----0-","------------","0","3","1","0","0","2","0","0","2","0"
"786","6","forall NODE1,NODE0. ~held(NODE0) | ep_epoch0(NODE1) | ep_epoch2(NODE1) | ep_epoch4(NODE1) | locked_epoch2(NODE0) | locked_epoch3(NODE1) | NODE0 = NODE1","9","------0-0-0-1-----0--0----------------","7","198","52","0310020020","0310020020","e0h1l0","------0-0-0-","1-","----0--0----","------------","0","3","1","0","0","2","0","0","2","0"
"787","6","forall NODE1,NODE0. ~held(NODE0) | ep_epoch0(NODE1) | ep_epoch2(NODE1) | ep_epoch4(NODE1) | locked_epoch2(NODE0) | locked_epoch4(NODE0) | NODE0 = NODE1","9","------0-0-0-1-----0---0---------------","7","198","52","0310020020","0310020020","e0h1l0","------0-0-0-","1-","----0---0---","------------","0","3","1","0","0","2","0","0","2","0"
"788","6","forall NODE1,NODE0. ~held(NODE0) | ep_epoch0(NODE1) | ep_epoch2(NODE1) | ep_epoch5(NODE0) | locked_epoch2(NODE0) | locked_epoch3(NODE1) | NODE0 = NODE1","9","-----00-0---1-----0--0----------------","7","198","52","0310020020","0310020020","e0h1l0","-----00-0---","1-","----0--0----","------------","0","3","1","0","0","2","0","0","2","0"
"789","6","forall NODE1,NODE0. ~held(NODE0) | ep_epoch0(NODE1) | ep_epoch2(NODE1) | ep_epoch5(NODE0) | locked_epoch2(NODE0) | locked_epoch4(NODE0) | NODE0 = NODE1","9","-----00-0---1-----0---0---------------","7","198","52","0310020020","0310020020","e0h1l0","-----00-0---","1-","----0---0---","------------","0","3","1","0","0","2","0","0","2","0"
"790","6","forall NODE1,NODE0. ~held(NODE0) | ep_epoch0(NODE1) | ep_epoch2(NODE1) | locked_epoch2(NODE0) | locked_epoch3(NODE1) | locked_epoch4(NODE1) | NODE0 = NODE1","9","------0-0---1-----0--0-0--------------","7","188","28","0210030020","0210030020","e0h1l0","------0-0---","1-","----0--0-0--","------------","0","2","1","0","0","3","0","0","2","0"
"791","6","forall NODE1,NODE0. ~held(NODE0) | ep_epoch0(NODE1) | ep_epoch2(NODE1) | locked_epoch2(NODE0) | locked_epoch3(NODE1) | locked_epoch5(NODE0) | NODE0 = NODE1","9","------0-0---1-----0--0--0-------------","7","188","28","0210030020","0210030020","e0h1l0","------0-0---","1-","----0--0--0-","------------","0","2","1","0","0","3","0","0","2","0"
"792","6","forall NODE1,NODE0. ~held(NODE0) | ep_epoch0(NODE1) | ep_epoch2(NODE1) | locked_epoch2(NODE0) | locked_epoch4(NODE0) | locked_epoch4(NODE1) | NODE0 = NODE1","9","------0-0---1-----0---00--------------","7","188","28","0210030020","0210030020","e0h1l0","------0-0---","1-","----0---00--","------------","0","2","1","0","0","3","0","0","2","0"
"793","6","forall NODE1,NODE0. ~held(NODE0) | ep_epoch0(NODE1) | ep_epoch2(NODE1) | locked_epoch2(NODE0) | locked_epoch4(NODE0) | locked_epoch5(NODE0) | NODE0 = NODE1","9","------0-0---1-----0---0-0-------------","7","188","28","0210030020","0210030020","e0h1l0","------0-0---","1-","----0---0-0-","------------","0","2","1","0","0","3","0","0","2","0"
"794","6","forall NODE1,NODE0. ~held(NODE0) | ep_epoch0(NODE1) | ep_epoch3(NODE0) | ep_epoch4(NODE0) | ep_epoch5(NODE0) | locked_epoch2(NODE0) | NODE0 = NODE1","9","---0000-----1-----0-------------------","7","205","32","0410010020","0410010020","e0h1l0","---0000-----","1-","----0-------","------------","0","4","1","0","0","1","0","0","2","0"
"795","6","forall NODE1,NODE0. ~held(NODE0) | ep_epoch0(NODE1) | ep_epoch3(NODE0) | ep_epoch4(NODE0) | locked_epoch2(NODE0) | locked_epoch5(NODE0) | NODE0 = NODE1","9","---00-0-----1-----0-----0-------------","7","198","52","0310020020","0310020020","e0h1l0","---00-0-----","1-","----0-----0-","------------","0","3","1","0","0","2","0","0","2","0"
"796","6","forall NODE1,NODE0. ~held(NODE0) | ep_epoch0(NODE1) | ep_epoch3(NODE0) | ep_epoch4(NODE1) | locked_epoch2(NODE0) | locked_epoch4(NODE0) | NODE0 = NODE1","9","---0--0---0-1-----0---0---------------","7","198","52","0310020020","0310020020","e0h1l0","---0--0---0-","1-","----0---0---","------------","0","3","1","0","0","2","0","0","2","0"
"797","6","forall NODE1,NODE0. ~held(NODE0) | ep_epoch0(NODE1) | ep_epoch3(NODE0) | ep_epoch5(NODE0) | locked_epoch2(NODE0) | locked_epoch4(NODE0) | NODE0 = NODE1","9","---0-00-----1-----0---0---------------","7","198","52","0310020020","0310020020","e0h1l0","---0-00-----","1-","----0---0---","------------","0","3","1","0","0","2","0","0","2","0"
"798","6","forall NODE1,NODE0. ~held(NODE0) | ep_epoch0(NODE1) | ep_epoch3(NODE0) | locked_epoch2(NODE0) | locked_epoch4(NODE0) | locked_epoch4(NODE1) | NODE0 = NODE1","9","---0--0-----1-----0---00--------------","7","188","28","0210030020","0210030020","e0h1l0","---0--0-----","1-","----0---00--","------------","0","2","1","0","0","3","0","0","2","0"
"799","6","forall NODE1,NODE0. ~held(NODE0) | ep_epoch0(NODE1) | ep_epoch3(NODE0) | locked_epoch2(NODE0) | locked_epoch4(NODE0) | locked_epoch5(NODE0) | NODE0 = NODE1","9","---0--0-----1-----0---0-0-------------","7","188","28","0210030020","0210030020","e0h1l0","---0--0-----","1-","----0---0-0-","------------","0","2","1","0","0","3","0","0","2","0"
"800","6","forall NODE1,NODE0. ~held(NODE0) | ep_epoch0(NODE1) | ep_epoch3(NODE1) | ep_epoch4(NODE1) | locked_epoch2(NODE0) | locked_epoch3(NODE0) | NODE0 = NODE1","9","------0--00-1-----0-0-----------------","7","198","52","0310020020","0310020020","e0h1l0","------0--00-","1-","----0-0-----","------------","0","3","1","0","0","2","0","0","2","0"
"801","6","forall NODE1,NODE0. ~held(NODE0) | ep_epoch0(NODE1) | ep_epoch3(NODE1) | ep_epoch5(NODE0) | locked_epoch2(NODE0) | locked_epoch3(NODE0) | NODE0 = NODE1","9","-----00--0--1-----0-0-----------------","7","198","52","0310020020","0310020020","e0h1l0","-----00--0--","1-","----0-0-----","------------","0","3","1","0","0","2","0","0","2","0"
"802","6","forall NODE1,NODE0. ~held(NODE0) | ep_epoch0(NODE1) | ep_epoch3(NODE1) | locked_epoch2(NODE0) | locked_epoch3(NODE0) | locked_epoch4(NODE1) | NODE0 = NODE1","9","------0--0--1-----0-0--0--------------","7","188","28","0210030020","0210030020","e0h1l0","------0--0--","1-","----0-0--0--","------------","0","2","1","0","0","3","0","0","2","0"
"803","6","forall NODE1,NODE0. ~held(NODE0) | ep_epoch0(NODE1) | ep_epoch3(NODE1) | locked_epoch2(NODE0) | locked_epoch3(NODE0) | locked_epoch5(NODE0) | NODE0 = NODE1","9","------0--0--1-----0-0---0-------------","7","188","28","0210030020","0210030020","e0h1l0","------0--0--","1-","----0-0---0-","------------","0","2","1","0","0","3","0","0","2","0"
"804","6","forall NODE1,NODE0. ~held(NODE0) | ep_epoch0(NODE1) | ep_epoch4(NODE0) | ep_epoch5(NODE0) | locked_epoch2(NODE0) | locked_epoch3(NODE0) | NODE0 = NODE1","9","----000-----1-----0-0-----------------","7","198","52","0310020020","0310020020","e0h1l0","----000-----","1-","----0-0-----","------------","0","3","1","0","0","2","0","0","2","0"
"805","6","forall NODE1,NODE0. ~held(NODE0) | ep_epoch0(NODE1) | ep_epoch4(NODE0) | locked_epoch2(NODE0) | locked_epoch3(NODE0) | locked_epoch5(NODE0) | NODE0 = NODE1","9","----0-0-----1-----0-0---0-------------","7","188","28","0210030020","0210030020","e0h1l0","----0-0-----","1-","----0-0---0-","------------","0","2","1","0","0","3","0","0","2","0"
"806","6","forall NODE1,NODE0. ~held(NODE0) | ep_epoch0(NODE1) | ep_epoch4(NODE1) | locked_epoch2(NODE0) | locked_epoch3(NODE0) | locked_epoch4(NODE0) | NODE0 = NODE1","9","------0---0-1-----0-0-0---------------","7","188","28","0210030020","0210030020","e0h1l0","------0---0-","1-","----0-0-0---","------------","0","2","1","0","0","3","0","0","2","0"
"807","6","forall NODE1,NODE0. ~held(NODE0) | ep_epoch0(NODE1) | ep_epoch5(NODE0) | locked_epoch2(NODE0) | locked_epoch3(NODE0) | locked_epoch4(NODE0) | NODE0 = NODE1","9","-----00-----1-----0-0-0---------------","7","188","28","0210030020","0210030020","e0h1l0","-----00-----","1-","----0-0-0---","------------","0","2","1","0","0","3","0","0","2","0"
"808","6","forall NODE1,NODE0. ~held(NODE0) | ep_epoch0(NODE1) | locked_epoch2(NODE0) | locked_epoch3(NODE0) | locked_epoch4(NODE0) | locked_epoch4(NODE1) | NODE0 = NODE1","9","------0-----1-----0-0-00--------------","7","176","3","0110040020","0110040020","e0h1l0","------0-----","1-","----0-0-00--","------------","0","1","1","0","0","4","0","0","2","0"
"809","6","forall NODE1,NODE0. ~held(NODE0) | ep_epoch0(NODE1) | locked_epoch2(NODE0) | locked_epoch3(NODE0) | locked_epoch4(NODE0) | locked_epoch5(NODE0) | NODE0 = NODE1","9","------0-----1-----0-0-0-0-------------","7","176","3","0110040020","0110040020","e0h1l0","------0-----","1-","----0-0-0-0-","------------","0","1","1","0","0","4","0","0","2","0"
"810","6","forall NODE0. ~held(NODE0) | ep_epoch1(NODE0) | ep_epoch2(NODE0) | ep_epoch3(NODE0) | ep_epoch4(NODE0) | ep_epoch5(NODE0)","7","-00000------1-------------------------","6","102","1","0510000010","0510000010","e0h1","-00000------","1-","------------","------------","0","5","1","0","0","0","0","0","1","0"
"811","6","forall NODE0. ~held(NODE0) | ep_epoch1(NODE0) | ep_epoch2(NODE0) | ep_epoch3(NODE0) | ep_epoch4(NODE0) | locked_epoch5(NODE0)","7","-0000-------1-----------0-------------","6","99","4","0410010010","0410010010","e0h1l0","-0000-------","1-","----------0-","------------","0","4","1","0","0","1","0","0","1","0"
"812","6","forall NODE1,NODE0. ~held(NODE0) | ep_epoch1(NODE0) | ep_epoch2(NODE0) | ep_epoch3(NODE0) | ep_epoch4(NODE1) | locked_epoch4(NODE0) | NODE0 = NODE1","9","-000------0-1---------0---------------","7","205","32","0410010020","0410010020","e0h1l0","-000------0-","1-","--------0---","------------","0","4","1","0","0","1","0","0","2","0"
"813","6","forall NODE0. ~held(NODE0) | ep_epoch1(NODE0) | ep_epoch2(NODE0) | ep_epoch3(NODE0) | ep_epoch5(NODE0) | locked_epoch4(NODE0)","7","-000-0------1---------0---------------","6","99","4","0410010010","0410010010","e0h1l0","-000-0------","1-","--------0---","------------","0","4","1","0","0","1","0","0","1","0"
"814","6","forall NODE1,NODE0. ~held(NODE0) | ep_epoch1(NODE0) | ep_epoch2(NODE0) | ep_epoch3(NODE0) | locked_epoch4(NODE0) | locked_epoch4(NODE1) | NODE0 = NODE1","9","-000--------1---------00--------------","7","198","52","0310020020","0310020020","e0h1l0","-000--------","1-","--------00--","------------","0","3","1","0","0","2","0","0","2","0"
"815","6","forall NODE0. ~held(NODE0) | ep_epoch1(NODE0) | ep_epoch2(NODE0) | ep_epoch3(NODE0) | locked_epoch4(NODE0) | locked_epoch5(NODE0)","7","-000--------1---------0-0-------------","6","96","6","0310020010","0310020010","e0h1l0","-000--------","1-","--------0-0-","------------","0","3","1","0","0","2","0","0","1","0"
"816","6","forall NODE1,NODE0. ~held(NODE0) | ep_epoch1(NODE0) | ep_epoch2(NODE0) | ep_epoch3(NODE1) | ep_epoch4(NODE1) | locked_epoch3(NODE0) | NODE0 = NODE1","9","-00------00-1-------0-----------------","7","205","32","0410010020","0410010020","e0h1l0","-00------00-","1-","------0-----","------------","0","4","1","0","0","1","0","0","2","0"
"817","6","forall NODE1,NODE0. ~held(NODE0) | ep_epoch1(NODE0) | ep_epoch2(NODE0) | ep_epoch3(NODE1) | ep_epoch5(NODE0) | locked_epoch3(NODE0) | NODE0 = NODE1","9","-00--0---0--1-------0-----------------","7","205","32","0410010020","0410010020","e0h1l0","-00--0---0--","1-","------0-----","------------","0","4","1","0","0","1","0","0","2","0"
"818","6","forall NODE1,NODE0. ~held(NODE0) | ep_epoch1(NODE0) | ep_epoch2(NODE0) | ep_epoch3(NODE1) | locked_epoch3(NODE0) | locked_epoch4(NODE1) | NODE0 = NODE1","9","-00------0--1-------0--0--------------","7","198","52","0310020020","0310020020","e0h1l0","-00------0--","1-","------0--0--","------------","0","3","1","0","0","2","0","0","2","0"
"819","6","forall NODE1,NODE0. ~held(NODE0) | ep_epoch1(NODE0) | ep_epoch2(NODE0) | ep_epoch3(NODE1) | locked_epoch3(NODE0) | locked_epoch5(NODE0) | NODE0 = NODE1","9","-00------0--1-------0---0-------------","7","198","52","0310020020","0310020020","e0h1l0","-00------0--","1-","------0---0-","------------","0","3","1","0","0","2","0","0","2","0"
"820","6","forall NODE0. ~held(NODE0) | ep_epoch1(NODE0) | ep_epoch2(NODE0) | ep_epoch4(NODE0) | ep_epoch5(NODE0) | locked_epoch3(NODE0)","7","-00-00------1-------0-----------------","6","99","4","0410010010","0410010010","e0h1l0","-00-00------","1-","------0-----","------------","0","4","1","0","0","1","0","0","1","0"
"821","6","forall NODE0. ~held(NODE0) | ep_epoch1(NODE0) | ep_epoch2(NODE0) | ep_epoch4(NODE0) | locked_epoch3(NODE0) | locked_epoch5(NODE0)","7","-00-0-------1-------0---0-------------","6","96","6","0310020010","0310020010","e0h1l0","-00-0-------","1-","------0---0-","------------","0","3","1","0","0","2","0","0","1","0"
"822","6","forall NODE1,NODE0. ~held(NODE0) | ep_epoch1(NODE0) | ep_epoch2(NODE0) | ep_epoch4(NODE1) | locked_epoch3(NODE0) | locked_epoch4(NODE0) | NODE0 = NODE1","9","-00-------0-1-------0-0---------------","7","198","52","0310020020","0310020020","e0h1l0","-00-------0-","1-","------0-0---","------------","0","3","1","0","0","2","0","0","2","0"
"823","6","forall NODE0. ~held(NODE0) | ep_epoch1(NODE0) | ep_epoch2(NODE0) | ep_epoch5(NODE0) | locked_epoch3(NODE0) | locked_epoch4(NODE0)","7","-00--0------1-------0-0---------------","6","96","6","0310020010","0310020010","e0h1l0","-00--0------","1-","------0-0---","------------","0","3","1","0","0","2","0","0","1","0"
"824","6","forall NODE1,NODE0. ~held(NODE0) | ep_epoch1(NODE0) | ep_epoch2(NODE0) | locked_epoch3(NODE0) | locked_epoch4(NODE0) | locked_epoch4(NODE1) | NODE0 = NODE1","9","-00---------1-------0-00--------------","7","188","28","0210030020","0210030020","e0h1l0","-00---------","1-","------0-00--","------------","0","2","1","0","0","3","0","0","2","0"
"825","6","forall NODE0. ~held(NODE0) | ep_epoch1(NODE0) | ep_epoch2(NODE0) | locked_epoch3(NODE0) | locked_epoch4(NODE0) | locked_epoch5(NODE0)","7","-00---------1-------0-0-0-------------","6","90","4","0210030010","0210030010","e0h1l0","-00---------","1-","------0-0-0-","------------","0","2","1","0","0","3","0","0","1","0"
"826","6","forall NODE1,NODE0. ~held(NODE0) | ep_epoch1(NODE0) | ep_epoch2(NODE1) | ep_epoch3(NODE1) | ep_epoch4(NODE1) | locked_epoch2(NODE0) | NODE0 = NODE1","9","-0------000-1-----0-------------------","7","205","32","0410010020","0410010020","e0h1l0","-0------000-","1-","----0-------","------------","0","4","1","0","0","1","0","0","2","0"
"827","6","forall NODE1,NODE0. ~held(NODE0) | ep_epoch1(NODE0) | ep_epoch2(NODE1) | ep_epoch3(NODE1) | ep_epoch5(NODE0) | locked_epoch2(NODE0) | NODE0 = NODE1","9","-0---0--00--1-----0-------------------","7","205","32","0410010020","0410010020","e0h1l0","-0---0--00--","1-","----0-------","------------","0","4","1","0","0","1","0","0","2","0"
"828","6","forall NODE1,NODE0. ~held(NODE0) | ep_epoch1(NODE0) | ep_epoch2(NODE1) | ep_epoch3(NODE1) | locked_epoch2(NODE0) | locked_epoch4(NODE1) | NODE0 = NODE1","9","-0------00--1-----0----0--------------","7","198","52","0310020020","0310020020","e0h1l0","-0------00--","1-","----0----0--","------------","0","3","1","0","0","2","0","0","2","0"
"829","6","forall NODE1,NODE0. ~held(NODE0) | ep_epoch1(NODE0) | ep_epoch2(NODE1) | ep_epoch3(NODE1) | locked_epoch2(NODE0) | locked_epoch5(NODE0) | NODE0 = NODE1","9","-0------00--1-----0-----0-------------","7","198","52","0310020020","0310020020","e0h1l0","-0------00--","1-","----0-----0-","------------","0","3","1","0","0","2","0","0","2","0"
"830","6","forall NODE1,NODE0. ~held(NODE0) | ep_epoch1(NODE0) | ep_epoch2(NODE1) | ep_epoch4(NODE0) | ep_epoch5(NODE0) | locked_epoch2(NODE0) | NODE0 = NODE1","9","-0--00--0---1-----0-------------------","7","205","32","0410010020","0410010020","e0h1l0","-0--00--0---","1-","----0-------","------------","0","4","1","0","0","1","0","0","2","0"
"831","6","forall NODE1,NODE0. ~held(NODE0) | ep_epoch1(NODE0) | ep_epoch2(NODE1) | ep_epoch4(NODE0) | locked_epoch2(NODE0) | locked_epoch5(NODE0) | NODE0 = NODE1","9","-0--0---0---1-----0-----0-------------","7","198","52","0310020020","0310020020","e0h1l0","-0--0---0---","1-","----0-----0-","------------","0","3","1","0","0","2","0","0","2","0"
"832","6","forall NODE1,NODE0. ~held(NODE0) | ep_epoch1(NODE0) | ep_epoch2(NODE1) | ep_epoch4(NODE1) | locked_epoch2(NODE0) | locked_epoch3(NODE1) | NODE0 = NODE1","9","-0------0-0-1-----0--0----------------","7","198","52","0310020020","0310020020","e0h1l0","-0------0-0-","1-","----0--0----","------------","0","3","1","0","0","2","0","0","2","0"
"833","6","forall NODE1,NODE0. ~held(NODE0) | ep_epoch1(NODE0) | ep_epoch2(NODE1) | ep_epoch4(NODE1) | locked_epoch2(NODE0) | locked_epoch4(NODE0) | NODE0 = NODE1","9","-0------0-0-1-----0---0---------------","7","198","52","0310020020","0310020020","e0h1l0","-0------0-0-","1-","----0---0---","------------","0","3","1","0","0","2","0","0","2","0"
"834","6","forall NODE1,NODE0. ~held(NODE0) | ep_epoch1(NODE0) | ep_epoch2(NODE1) | ep_epoch5(NODE0) | locked_epoch2(NODE0) | locked_epoch3(NODE1) | NODE0 = NODE1","9","-0---0--0---1-----0--0----------------","7","198","52","0310020020","0310020020","e0h1l0","-0---0--0---","1-","----0--0----","------------","0","3","1","0","0","2","0","0","2","0"
"835","6","forall NODE1,NODE0. ~held(NODE0) | ep_epoch1(NODE0) | ep_epoch2(NODE1) | ep_epoch5(NODE0) | locked_epoch2(NODE0) | locked_epoch4(NODE0) | NODE0 = NODE1","9","-0---0--0---1-----0---0---------------","7","198","52","0310020020","0310020020","e0h1l0","-0---0--0---","1-","----0---0---","------------","0","3","1","0","0","2","0","0","2","0"
"836","6","forall NODE1,NODE0. ~held(NODE0) | ep_epoch1(NODE0) | ep_epoch2(NODE1) | locked_epoch2(NODE0) | locked_epoch3(NODE1) | locked_epoch4(NODE1) | NODE0 = NODE1","9","-0------0---1-----0--0-0--------------","7","188","28","0210030020","0210030020","e0h1l0","-0------0---","1-","----0--0-0--","------------","0","2","1","0","0","3","0","0","2","0"
"837","6","forall NODE1,NODE0. ~held(NODE0) | ep_epoch1(NODE0) | ep_epoch2(NODE1) | locked_epoch2(NODE0) | locked_epoch3(NODE1) | locked_epoch5(NODE0) | NODE0 = NODE1","9","-0------0---1-----0--0--0-------------","7","188","28","0210030020","0210030020","e0h1l0","-0------0---","1-","----0--0--0-","------------","0","2","1","0","0","3","0","0","2","0"
"838","6","forall NODE1,NODE0. ~held(NODE0) | ep_epoch1(NODE0) | ep_epoch2(NODE1) | locked_epoch2(NODE0) | locked_epoch4(NODE0) | locked_epoch4(NODE1) | NODE0 = NODE1","9","-0------0---1-----0---00--------------","7","188","28","0210030020","0210030020","e0h1l0","-0------0---","1-","----0---00--","------------","0","2","1","0","0","3","0","0","2","0"
"839","6","forall NODE1,NODE0. ~held(NODE0) | ep_epoch1(NODE0) | ep_epoch2(NODE1) | locked_epoch2(NODE0) | locked_epoch4(NODE0) | locked_epoch5(NODE0) | NODE0 = NODE1","9","-0------0---1-----0---0-0-------------","7","188","28","0210030020","0210030020","e0h1l0","-0------0---","1-","----0---0-0-","------------","0","2","1","0","0","3","0","0","2","0"
"840","6","forall NODE0. ~held(NODE0) | ep_epoch1(NODE0) | ep_epoch3(NODE0) | ep_epoch4(NODE0) | ep_epoch5(NODE0) | locked_epoch2(NODE0)","7","-0-000------1-----0-------------------","6","99","4","0410010010","0410010010","e0h1l0","-0-000------","1-","----0-------","------------","0","4","1","0","0","1","0","0","1","0"
"841","6","forall NODE0. ~held(NODE0) | ep_epoch1(NODE0) | ep_epoch3(NODE0) | ep_epoch4(NODE0) | locked_epoch2(NODE0) | locked_epoch5(NODE0)","7","-0-00-------1-----0-----0-------------","6","96","6","0310020010","0310020010","e0h1l0","-0-00-------","1-","----0-----0-","------------","0","3","1","0","0","2","0","0","1","0"
"842","6","forall NODE1,NODE0. ~held(NODE0) | ep_epoch1(NODE0) | ep_epoch3(NODE0) | ep_epoch4(NODE1) | locked_epoch2(NODE0) | locked_epoch4(NODE0) | NODE0 = NODE1","9","-0-0------0-1-----0---0---------------","7","198","52","0310020020","0310020020","e0h1l0","-0-0------0-","1-","----0---0---","------------","0","3","1","0","0","2","0","0","2","0"
"843","6","forall NODE0. ~held(NODE0) | ep_epoch1(NODE0) | ep_epoch3(NODE0) | ep_epoch5(NODE0) | locked_epoch2(NODE0) | locked_epoch4(NODE0)","7","-0-0-0------1-----0---0---------------","6","96","6","0310020010","0310020010","e0h1l0","-0-0-0------","1-","----0---0---","------------","0","3","1","0","0","2","0","0","1","0"
"844","6","forall NODE1,NODE0. ~held(NODE0) | ep_epoch1(NODE0) | ep_epoch3(NODE0) | locked_epoch2(NODE0) | locked_epoch4(NODE0) | locked_epoch4(NODE1) | NODE0 = NODE1","9","-0-0--------1-----0---00--------------","7","188","28","0210030020","0210030020","e0h1l0","-0-0--------","1-","----0---00--","------------","0","2","1","0","0","3","0","0","2","0"
"845","6","forall NODE0. ~held(NODE0) | ep_epoch1(NODE0) | ep_epoch3(NODE0) | locked_epoch2(NODE0) | locked_epoch4(NODE0) | locked_epoch5(NODE0)","7","-0-0--------1-----0---0-0-------------","6","90","4","0210030010","0210030010","e0h1l0","-0-0--------","1-","----0---0-0-","------------","0","2","1","0","0","3","0","0","1","0"
"846","6","forall NODE1,NODE0. ~held(NODE0) | ep_epoch1(NODE0) | ep_epoch3(NODE1) | ep_epoch4(NODE1) | locked_epoch2(NODE0) | locked_epoch3(NODE0) | NODE0 = NODE1","9","-0-------00-1-----0-0-----------------","7","198","52","0310020020","0310020020","e0h1l0","-0-------00-","1-","----0-0-----","------------","0","3","1","0","0","2","0","0","2","0"
"847","6","forall NODE1,NODE0. ~held(NODE0) | ep_epoch1(NODE0) | ep_epoch3(NODE1) | ep_epoch5(NODE0) | locked_epoch2(NODE0) | locked_epoch3(NODE0) | NODE0 = NODE1","9","-0---0---0--1-----0-0-----------------","7","198","52","0310020020","0310020020","e0h1l0","-0---0---0--","1-","----0-0-----","------------","0","3","1","0","0","2","0","0","2","0"
"848","6","forall NODE1,NODE0. ~held(NODE0) | ep_epoch1(NODE0) | ep_epoch3(NODE1) | locked_epoch2(NODE0) | locked_epoch3(NODE0) | locked_epoch4(NODE1) | NODE0 = NODE1","9","-0-------0--1-----0-0--0--------------","7","188","28","0210030020","0210030020","e0h1l0","-0-------0--","1-","----0-0--0--","------------","0","2","1","0","0","3","0","0","2","0"
"849","6","forall NODE1,NODE0. ~held(NODE0) | ep_epoch1(NODE0) | ep_epoch3(NODE1) | locked_epoch2(NODE0) | locked_epoch3(NODE0) | locked_epoch5(NODE0) | NODE0 = NODE1","9","-0-------0--1-----0-0---0-------------","7","188","28","0210030020","0210030020","e0h1l0","-0-------0--","1-","----0-0---0-","------------","0","2","1","0","0","3","0","0","2","0"
"850","6","forall NODE0. ~held(NODE0) | ep_epoch1(NODE0) | ep_epoch4(NODE0) | ep_epoch5(NODE0) | locked_epoch2(NODE0) | locked_epoch3(NODE0)","7","-0--00------1-----0-0-----------------","6","96","6","0310020010","0310020010","e0h1l0","-0--00------","1-","----0-0-----","------------","0","3","1","0","0","2","0","0","1","0"
"851","6","forall NODE0. ~held(NODE0) | ep_epoch1(NODE0) | ep_epoch4(NODE0) | locked_epoch2(NODE0) | locked_epoch3(NODE0) | locked_epoch5(NODE0)","7","-0--0-------1-----0-0---0-------------","6","90","4","0210030010","0210030010","e0h1l0","-0--0-------","1-","----0-0---0-","------------","0","2","1","0","0","3","0","0","1","0"
"852","6","forall NODE1,NODE0. ~held(NODE0) | ep_epoch1(NODE0) | ep_epoch4(NODE1) | locked_epoch2(NODE0) | locked_epoch3(NODE0) | locked_epoch4(NODE0) | NODE0 = NODE1","9","-0--------0-1-----0-0-0---------------","7","188","28","0210030020","0210030020","e0h1l0","-0--------0-","1-","----0-0-0---","------------","0","2","1","0","0","3","0","0","2","0"
"853","6","forall NODE0. ~held(NODE0) | ep_epoch1(NODE0) | ep_epoch5(NODE0) | locked_epoch2(NODE0) | locked_epoch3(NODE0) | locked_epoch4(NODE0)","7","-0---0------1-----0-0-0---------------","6","90","4","0210030010","0210030010","e0h1l0","-0---0------","1-","----0-0-0---","------------","0","2","1","0","0","3","0","0","1","0"
"854","6","forall NODE1,NODE0. ~held(NODE0) | ep_epoch1(NODE0) | locked_epoch2(NODE0) | locked_epoch3(NODE0) | locked_epoch4(NODE0) | locked_epoch4(NODE1) | NODE0 = NODE1","9","-0----------1-----0-0-00--------------","7","176","3","0110040020","0110040020","e0h1l0","-0----------","1-","----0-0-00--","------------","0","1","1","0","0","4","0","0","2","0"
"855","6","forall NODE0. ~held(NODE0) | ep_epoch1(NODE0) | locked_epoch2(NODE0) | locked_epoch3(NODE0) | locked_epoch4(NODE0) | locked_epoch5(NODE0)","7","-0----------1-----0-0-0-0-------------","6","80","1","0110040010","0110040010","e0h1l0","-0----------","1-","----0-0-0-0-","------------","0","1","1","0","0","4","0","0","1","0"
"856","6","forall NODE1,NODE0. ~locked_epoch2(NODE0) | ~locked_epoch3(NODE0) | ~locked_epoch4(NODE0) | ~locked_epoch5(NODE0) | ep_epoch0(NODE1) | ep_epoch1(NODE1) | NODE0 = NODE1","9","------00----------1-1-1-1-------------","7","181","1","0200400020","0200400020","e0l1","------00----","--","----1-1-1-1-","------------","0","2","0","0","4","0","0","0","2","0"
"857","6","forall NODE1,NODE2,NODE0. ~locked_epoch2(NODE0) | ~locked_epoch3(NODE0) | ~locked_epoch4(NODE0) | ~transfer_epoch5(NODE1) | ep_epoch0(NODE2) | ep_epoch1(NODE2) | ((NODE0 ~= NODE1 | NODE0 = NODE2) & (NODE1 ~= NODE2 | NODE0 = NODE1))","13","------00----------1-1-1-------------1-","10","386","1","0200301030","0200301030","e0l1t1","------00----","--","----1-1-1---","----------1-","0","2","0","0","3","0","1","0","3","0"
"858","6","forall NODE1,NODE0. ~locked_epoch2(NODE0) | ~locked_epoch3(NODE0) | ~locked_epoch4(NODE0) | ep_epoch0(NODE1) | ep_epoch1(NODE1) | ep_epoch4(NODE0) | NODE0 = NODE1","9","----0-00----------1-1-1---------------","7","195","5","0300300020","0300300020","e0l1","----0-00----","--","----1-1-1---","------------","0","3","0","0","3","0","0","0","2","0"
"859","6","forall NODE1,NODE0. ~locked_epoch2(NODE0) | ~locked_epoch3(NODE0) | ~locked_epoch4(NODE0) | ep_epoch0(NODE1) | ep_epoch1(NODE1) | ep_epoch5(NODE1) | NODE0 = NODE1","9","------00---0------1-1-1---------------","7","195","5","0300300020","0300300020","e0l1","------00---0","--","----1-1-1---","------------","0","3","0","0","3","0","0","0","2","0"
"860","6","forall NODE1,NODE0. ~locked_epoch2(NODE0) | ~locked_epoch3(NODE0) | ~locked_epoch4(NODE0) | ep_epoch0(NODE1) | ep_epoch1(NODE1) | held(NODE1) | NODE0 = NODE1","9","------00-----0----1-1-1---------------","7","185","1","0201300020","0201300020","e0h0l1","------00----","-0","----1-1-1---","------------","0","2","0","1","3","0","0","0","2","0"
"861","6","forall NODE1,NODE0. ~locked_epoch2(NODE0) | ~locked_epoch3(NODE0) | ~locked_epoch4(NODE0) | ep_epoch0(NODE1) | ep_epoch1(NODE1) | locked_epoch5(NODE1) | NODE0 = NODE1","9","------00----------1-1-1--0------------","7","180","4","0200310020","0200310020","e0l1l0","------00----","--","----1-1-1--0","------------","0","2","0","0","3","1","0","0","2","0"
"862","6","forall NODE1,NODE0. ~locked_epoch2(NODE0) | ~locked_epoch3(NODE0) | ~locked_epoch5(NODE0) | ep_epoch0(NODE1) | ep_epoch1(NODE1) | ep_epoch4(NODE1) | NODE0 = NODE1","9","------00--0-------1-1---1-------------","7","195","5","0300300020","0300300020","e0l1","------00--0-","--","----1-1---1-","------------","0","3","0","0","3","0","0","0","2","0"
"863","6","forall NODE1,NODE0. ~locked_epoch2(NODE0) | ~locked_epoch3(NODE0) | ~locked_epoch5(NODE0) | ep_epoch0(NODE1) | ep_epoch1(NODE1) | locked_epoch4(NODE1) | NODE0 = NODE1","9","------00----------1-1--01-------------","7","180","4","0200310020","0200310020","e0l1l0","------00----","--","----1-1--01-","------------","0","2","0","0","3","1","0","0","2","0"
"864","6","forall NODE1,NODE2,NODE0. ~locked_epoch2(NODE0) | ~locked_epoch3(NODE0) | ~transfer_epoch5(NODE1) | ep_epoch0(NODE2) | ep_epoch1(NODE2) | ep_epoch3(NODE0) | ((NODE1 ~= NODE2 | NODE0 = NODE1) & (NODE0 ~= NODE1 | NODE0 = NODE2))","13","---0--00----------1-1---------------1-","10","393","4","0300201030","0300201030","e0l1t1","---0--00----","--","----1-1-----","----------1-","0","3","0","0","2","0","1","0","3","0"
"865","6","forall NODE1,NODE2,NODE0. ~locked_epoch2(NODE0) | ~locked_epoch3(NODE0) | ~transfer_epoch5(NODE1) | ep_epoch0(NODE2) | ep_epoch1(NODE2) | ep_epoch4(NODE2) | ((NODE0 ~= NODE1 | NODE0 = NODE2) & (NODE1 ~= NODE2 | NODE0 = NODE1))","13","------00--0-------1-1---------------1-","10","393","4","0300201030","0300201030","e0l1t1","------00--0-","--","----1-1-----","----------1-","0","3","0","0","2","0","1","0","3","0"
"866","6","forall NODE1,NODE2,NODE0. ~locked_epoch2(NODE0) | ~locked_epoch3(NODE0) | ~transfer_epoch5(NODE1) | ep_epoch0(NODE2) | ep_epoch1(NODE2) | locked_epoch4(NODE2) | ((NODE1 ~= NODE2 | NODE0 = NODE1) & (NODE0 ~= NODE1 | NODE0 = NODE2))","13","------00----------1-1--0------------1-","10","385","3","0200211030","0200211030","e0l1l0t1","------00----","--","----1-1--0--","----------1-","0","2","0","0","2","1","1","0","3","0"
"867","6","forall NODE1,NODE0. ~locked_epoch2(NODE0) | ~locked_epoch3(NODE0) | ep_epoch0(NODE1) | ep_epoch1(NODE1) | ep_epoch4(NODE0) | locked_epoch4(NODE1) | NODE0 = NODE1","9","----0-00----------1-1--0--------------","7","194","15","0300210020","0300210020","e0l1l0","----0-00----","--","----1-1--0--","------------","0","3","0","0","2","1","0","0","2","0"
"868","6","forall NODE1,NODE0. ~locked_epoch2(NODE0) | ~locked_epoch3(NODE0) | ep_epoch0(NODE1) | ep_epoch1(NODE1) | ep_epoch4(NODE1) | ep_epoch5(NODE1) | NODE0 = NODE1","9","------00--00------1-1-----------------","7","203","10","0400200020","0400200020","e0l1","------00--00","--","----1-1-----","------------","0","4","0","0","2","0","0","0","2","0"
"869","6","forall NODE1,NODE0. ~locked_epoch2(NODE0) | ~locked_epoch3(NODE0) | ep_epoch0(NODE1) | ep_epoch1(NODE1) | ep_epoch4(NODE1) | held(NODE1) | NODE0 = NODE1","9","------00--0--0----1-1-----------------","7","197","3","0301200020","0301200020","e0h0l1","------00--0-","-0","----1-1-----","------------","0","3","0","1","2","0","0","0","2","0"
"870","6","forall NODE1,NODE0. ~locked_epoch2(NODE0) | ~locked_epoch3(NODE0) | ep_epoch0(NODE1) | ep_epoch1(NODE1) | ep_epoch4(NODE1) | locked_epoch5(NODE1) | NODE0 = NODE1","9","------00--0-------1-1----0------------","7","194","15","0300210020","0300210020","e0l1l0","------00--0-","--","----1-1----0","------------","0","3","0","0","2","1","0","0","2","0"
"871","6","forall NODE1,NODE0. ~locked_epoch2(NODE0) | ~locked_epoch3(NODE0) | ep_epoch0(NODE1) | ep_epoch1(NODE1) | ep_epoch5(NODE1) | locked_epoch4(NODE1) | NODE0 = NODE1","9","------00---0------1-1--0--------------","7","194","15","0300210020","0300210020","e0l1l0","------00---0","--","----1-1--0--","------------","0","3","0","0","2","1","0","0","2","0"
"872","6","forall NODE1,NODE0. ~locked_epoch2(NODE0) | ~locked_epoch3(NODE0) | ep_epoch0(NODE1) | ep_epoch1(NODE1) | held(NODE1) | locked_epoch4(NODE1) | NODE0 = NODE1","9","------00-----0----1-1--0--------------","7","184","3","0201210020","0201210020","e0h0l1l0","------00----","-0","----1-1--0--","------------","0","2","0","1","2","1","0","0","2","0"
"873","6","forall NODE1,NODE0. ~locked_epoch2(NODE0) | ~locked_epoch3(NODE0) | ep_epoch0(NODE1) | ep_epoch1(NODE1) | locked_epoch4(NODE0) | locked_epoch4(NODE1) | NODE0 = NODE1","9","------00----------1-1-00--------------","7","179","8","0200220020","0200220020","e0l1l0","------00----","--","----1-1-00--","------------","0","2","0","0","2","2","0","0","2","0"
"874","6","forall NODE1,NODE0. ~locked_epoch2(NODE0) | ~locked_epoch3(NODE0) | ep_epoch0(NODE1) | ep_epoch1(NODE1) | locked_epoch4(NODE1) | locked_epoch5(NODE1) | NODE0 = NODE1","9","------00----------1-1--0-0------------","7","179","8","0200220020","0200220020","e0l1l0","------00----","--","----1-1--0-0","------------","0","2","0","0","2","2","0","0","2","0"
"875","6","forall NODE1,NODE0. ~locked_epoch2(NODE0) | ~locked_epoch3(NODE1) | ep_epoch2(NODE0) | ep_epoch3(NODE1) | ep_epoch4(NODE0) | ep_epoch4(NODE1) | NODE0 = NODE1","9","--0-0----00-------1--1----------------","7","203","10","0400200020","0400200020","e0l1","--0-0----00-","--","----1--1----","------------","0","4","0","0","2","0","0","0","2","0"
"876","6","forall NODE1,NODE0. ~locked_epoch2(NODE0) | ~locked_epoch3(NODE1) | ep_epoch2(NODE0) | ep_epoch3(NODE1) | ep_epoch5(NODE0) | ep_epoch5(NODE1) | NODE0 = NODE1","9","--0--0---0-0------1--1----------------","7","203","10","0400200020","0400200020","e0l1","--0--0---0-0","--","----1--1----","------------","0","4","0","0","2","0","0","0","2","0"
"877","6","forall NODE1,NODE2,NODE3,NODE0. ~locked_epoch2(NODE0) | ~locked_epoch3(NODE1) | ep_epoch2(NODE0) | ep_epoch3(NODE1) | ep_epoch5(NODE2) | held(NODE3) | ((NODE0 ~= NODE3 | NODE1 ~= NODE2 | NODE0 = NODE1) & (NODE0 ~= NODE2 | NODE1 ~= NODE3 | NODE0 = NODE1))","16","--0--0---0---0----1--1----------------","12","454","1","0301200040","0301200040","e0h0l1","--0--0---0--","-0","----1--1----","------------","0","3","0","1","2","0","0","0","4","0"
"878","6","forall NODE1,NODE2,NODE3,NODE0. ~locked_epoch2(NODE0) | ~locked_epoch3(NODE1) | ep_epoch2(NODE0) | ep_epoch3(NODE1) | ep_epoch5(NODE2) | locked_epoch5(NODE3) | ((NODE0 ~= NODE2 | NODE1 ~= NODE3 | NODE0 = NODE1) & (NODE0 ~= NODE3 | NODE1 ~= NODE2 | NODE0 = NODE1))","16","--0--0---0--------1--1---0------------","12","451","1","0300210040","0300210040","e0l1l0","--0--0---0--","--","----1--1---0","------------","0","3","0","0","2","1","0","0","4","0"
"879","6","forall NODE1,NODE0. ~locked_epoch2(NODE0) | ~locked_epoch3(NODE1) | ep_epoch2(NODE0) | ep_epoch3(NODE1) | held(NODE0) | held(NODE1) | NODE0 = NODE1","9","--0------0--00----1--1----------------","7","187","1","0202200020","0202200020","e0h0l1","--0------0--","00","----1--1----","------------","0","2","0","2","2","0","0","0","2","0"
"880","6","forall NODE1,NODE2,NODE3,NODE0. ~locked_epoch2(NODE0) | ~locked_epoch3(NODE1) | ep_epoch2(NODE0) | ep_epoch3(NODE1) | held(NODE2) | locked_epoch5(NODE3) | ((NODE0 ~= NODE2 | NODE1 ~= NODE3 | NODE0 = NODE1) & (NODE0 ~= NODE3 | NODE1 ~= NODE2 | NODE0 = NODE1))","16","--0------0--0-----1--1---0------------","12","449","1","0201210040","0201210040","e0h0l1l0","--0------0--","0-","----1--1---0","------------","0","2","0","1","2","1","0","0","4","0"
"881","6","forall NODE1,NODE0. ~locked_epoch2(NODE0) | ~locked_epoch3(NODE1) | ep_epoch2(NODE0) | ep_epoch3(NODE1) | locked_epoch5(NODE0) | locked_epoch5(NODE1) | NODE0 = NODE1","9","--0------0--------1--1--00------------","7","179","8","0200220020","0200220020","e0l1l0","--0------0--","--","----1--1--00","------------","0","2","0","0","2","2","0","0","2","0"
"882","6","forall NODE1,NODE0. ~locked_epoch2(NODE0) | ~locked_epoch4(NODE0) | ~locked_epoch5(NODE0) | ep_epoch0(NODE1) | ep_epoch1(NODE1) | ep_epoch3(NODE1) | NODE0 = NODE1","9","------00-0--------1---1-1-------------","7","195","5","0300300020","0300300020","e0l1","------00-0--","--","----1---1-1-","------------","0","3","0","0","3","0","0","0","2","0"
"883","6","forall NODE1,NODE0. ~locked_epoch2(NODE0) | ~locked_epoch4(NODE0) | ~locked_epoch5(NODE0) | ep_epoch0(NODE1) | ep_epoch1(NODE1) | locked_epoch3(NODE1) | NODE0 = NODE1","9","------00----------1--01-1-------------","7","180","4","0200310020","0200310020","e0l1l0","------00----","--","----1--01-1-","------------","0","2","0","0","3","1","0","0","2","0"
"884","6","forall NODE1,NODE2,NODE0. ~locked_epoch2(NODE0) | ~locked_epoch4(NODE0) | ~transfer_epoch5(NODE1) | ep_epoch0(NODE2) | ep_epoch1(NODE2) | ep_epoch3(NODE2) | ((NODE0 ~= NODE1 | NODE0 = NODE2) & (NODE1 ~= NODE2 | NODE0 = NODE1))","13","------00-0--------1---1-------------1-","10","393","4","0300201030","0300201030","e0l1t1","------00-0--","--","----1---1---","----------1-","0","3","0","0","2","0","1","0","3","0"
"885","6","forall NODE1,NODE2,NODE0. ~locked_epoch2(NODE0) | ~locked_epoch4(NODE0) | ~transfer_epoch5(NODE1) | ep_epoch0(NODE2) | ep_epoch1(NODE2) | locked_epoch3(NODE2) | ((NODE0 ~= NODE1 | NODE0 = NODE2) & (NODE1 ~= NODE2 | NODE0 = NODE1))","13","------00----------1--01-------------1-","10","385","3","0200211030","0200211030","e0l1l0t1","------00----","--","----1--01---","----------1-","0","2","0","0","2","1","1","0","3","0"
"886","6","forall NODE1,NODE0. ~locked_epoch2(NODE0) | ~locked_epoch4(NODE0) | ep_epoch0(NODE1) | ep_epoch1(NODE1) | ep_epoch3(NODE1) | ep_epoch4(NODE0) | NODE0 = NODE1","9","----0-00-0--------1---1---------------","7","203","10","0400200020","0400200020","e0l1","----0-00-0--","--","----1---1---","------------","0","4","0","0","2","0","0","0","2","0"
"887","6","forall NODE1,NODE0. ~locked_epoch2(NODE0) | ~locked_epoch4(NODE0) | ep_epoch0(NODE1) | ep_epoch1(NODE1) | ep_epoch3(NODE1) | ep_epoch5(NODE1) | NODE0 = NODE1","9","------00-0-0------1---1---------------","7","203","10","0400200020","0400200020","e0l1","------00-0-0","--","----1---1---","------------","0","4","0","0","2","0","0","0","2","0"
"888","6","forall NODE1,NODE0. ~locked_epoch2(NODE0) | ~locked_epoch4(NODE0) | ep_epoch0(NODE1) | ep_epoch1(NODE1) | ep_epoch3(NODE1) | held(NODE1) | NODE0 = NODE1","9","------00-0---0----1---1---------------","7","197","3","0301200020","0301200020","e0h0l1","------00-0--","-0","----1---1---","------------","0","3","0","1","2","0","0","0","2","0"
"889","6","forall NODE1,NODE0. ~locked_epoch2(NODE0) | ~locked_epoch4(NODE0) | ep_epoch0(NODE1) | ep_epoch1(NODE1) | ep_epoch3(NODE1) | locked_epoch5(NODE1) | NODE0 = NODE1","9","------00-0--------1---1--0------------","7","194","15","0300210020","0300210020","e0l1l0","------00-0--","--","----1---1--0","------------","0","3","0","0","2","1","0","0","2","0"
"890","6","forall NODE1,NODE0. ~locked_epoch2(NODE0) | ~locked_epoch4(NODE0) | ep_epoch0(NODE1) | ep_epoch1(NODE1) | ep_epoch4(NODE0) | locked_epoch3(NODE1) | NODE0 = NODE1","9","----0-00----------1--01---------------","7","194","15","0300210020","0300210020","e0l1l0","----0-00----","--","----1--01---","------------","0","3","0","0","2","1","0","0","2","0"
"891","6","forall NODE1,NODE0. ~locked_epoch2(NODE0) | ~locked_epoch4(NODE0) | ep_epoch0(NODE1) | ep_epoch1(NODE1) | ep_epoch5(NODE1) | locked_epoch3(NODE1) | NODE0 = NODE1","9","------00---0------1--01---------------","7","194","15","0300210020","0300210020","e0l1l0","------00---0","--","----1--01---","------------","0","3","0","0","2","1","0","0","2","0"
"892","6","forall NODE1,NODE0. ~locked_epoch2(NODE0) | ~locked_epoch4(NODE0) | ep_epoch0(NODE1) | ep_epoch1(NODE1) | held(NODE1) | locked_epoch3(NODE1) | NODE0 = NODE1","9","------00-----0----1--01---------------","7","184","3","0201210020","0201210020","e0h0l1l0","------00----","-0","----1--01---","------------","0","2","0","1","2","1","0","0","2","0"
"893","6","forall NODE1,NODE0. ~locked_epoch2(NODE0) | ~locked_epoch4(NODE0) | ep_epoch0(NODE1) | ep_epoch1(NODE1) | locked_epoch3(NODE1) | locked_epoch5(NODE1) | NODE0 = NODE1","9","------00----------1--01--0------------","7","179","8","0200220020","0200220020","e0l1l0","------00----","--","----1--01--0","------------","0","2","0","0","2","2","0","0","2","0"
"894","6","forall NODE1,NODE0. ~locked_epoch2(NODE0) | ~locked_epoch5(NODE0) | ep_epoch0(NODE1) | ep_epoch1(NODE1) | ep_epoch3(NODE1) | ep_epoch4(NODE1) | NODE0 = NODE1","9","------00-00-------1-----1-------------","7","203","10","0400200020","0400200020","e0l1","------00-00-","--","----1-----1-","------------","0","4","0","0","2","0","0","0","2","0"
"895","6","forall NODE1,NODE0. ~locked_epoch2(NODE0) | ~locked_epoch5(NODE0) | ep_epoch0(NODE1) | ep_epoch1(NODE1) | ep_epoch3(NODE1) | locked_epoch4(NODE1) | NODE0 = NODE1","9","------00-0--------1----01-------------","7","194","15","0300210020","0300210020","e0l1l0","------00-0--","--","----1----01-","------------","0","3","0","0","2","1","0","0","2","0"
"896","6","forall NODE1,NODE0. ~locked_epoch2(NODE0) | ~locked_epoch5(NODE0) | ep_epoch0(NODE1) | ep_epoch1(NODE1) | ep_epoch4(NODE1) | locked_epoch3(NODE1) | NODE0 = NODE1","9","------00--0-------1--0--1-------------","7","194","15","0300210020","0300210020","e0l1l0","------00--0-","--","----1--0--1-","------------","0","3","0","0","2","1","0","0","2","0"
"897","6","forall NODE1,NODE0. ~locked_epoch2(NODE0) | ~locked_epoch5(NODE0) | ep_epoch0(NODE1) | ep_epoch1(NODE1) | locked_epoch3(NODE1) | locked_epoch4(NODE1) | NODE0 = NODE1","9","------00----------1--0-01-------------","7","179","8","0200220020","0200220020","e0l1l0","------00----","--","----1--0-01-","------------","0","2","0","0","2","2","0","0","2","0"
"898","6","forall NODE1,NODE2,NODE0. ~locked_epoch2(NODE0) | ~transfer_epoch5(NODE1) | ep_epoch0(NODE2) | ep_epoch1(NODE2) | ep_epoch3(NODE0) | locked_epoch3(NODE2) | ((NODE1 ~= NODE2 | NODE0 = NODE1) & (NODE0 ~= NODE1 | NODE0 = NODE2))","13","---0--00----------1--0--------------1-","10","392","8","0300111030","0300111030","e0l1l0t1","---0--00----","--","----1--0----","----------1-","0","3","0","0","1","1","1","0","3","0"
"899","6","forall NODE1,NODE2,NODE0. ~locked_epoch2(NODE0) | ~transfer_epoch5(NODE1) | ep_epoch0(NODE2) | ep_epoch1(NODE2) | ep_epoch3(NODE2) | ep_epoch4(NODE2) | ((NODE0 ~= NODE1 | NODE0 = NODE2) & (NODE1 ~= NODE2 | NODE0 = NODE1))","13","------00-00-------1-----------------1-","10","399","4","0400101030","0400101030","e0l1t1","------00-00-","--","----1-------","----------1-","0","4","0","0","1","0","1","0","3","0"
"900","6","forall NODE1,NODE2,NODE0. ~locked_epoch2(NODE0) | ~transfer_epoch5(NODE1) | ep_epoch0(NODE2) | ep_epoch1(NODE2) | ep_epoch3(NODE2) | locked_epoch4(NODE2) | ((NODE1 ~= NODE2 | NODE0 = NODE1) & (NODE0 ~= NODE1 | NODE0 = NODE2))","13","------00-0--------1----0------------1-","10","392","8","0300111030","0300111030","e0l1l0t1","------00-0--","--","----1----0--","----------1-","0","3","0","0","1","1","1","0","3","0"
"901","6","forall NODE1,NODE2,NODE0. ~locked_epoch2(NODE0) | ~transfer_epoch5(NODE1) | ep_epoch0(NODE2) | ep_epoch1(NODE2) | ep_epoch4(NODE2) | locked_epoch3(NODE2) | ((NODE0 ~= NODE1 | NODE0 = NODE2) & (NODE1 ~= NODE2 | NODE0 = NODE1))","13","------00--0-------1--0--------------1-","10","392","8","0300111030","0300111030","e0l1l0t1","------00--0-","--","----1--0----","----------1-","0","3","0","0","1","1","1","0","3","0"
"902","6","forall NODE1,NODE2,NODE0. ~locked_epoch2(NODE0) | ~transfer_epoch5(NODE1) | ep_epoch0(NODE2) | ep_epoch1(NODE2) | locked_epoch3(NODE2) | locked_epoch4(NODE2) | ((NODE1 ~= NODE2 | NODE0 = NODE1) & (NODE0 ~= NODE1 | NODE0 = NODE2))","13","------00----------1--0-0------------1-","10","384","3","0200121030","0200121030","e0l1l0t1","------00----","--","----1--0-0--","----------1-","0","2","0","0","1","2","1","0","3","0"
"903","6","forall NODE1,NODE0. ~locked_epoch2(NODE0) | ep_epoch0(NODE1) | ep_epoch1(NODE1) | ep_epoch2(NODE0) | locked_epoch4(NODE0) | locked_epoch4(NODE1) | NODE0 = NODE1","9","--0---00----------1---00--------------","7","193","21","0300120020","0300120020","e0l1l0","--0---00----","--","----1---00--","------------","0","3","0","0","1","2","0","0","2","0"
"904","6","forall NODE1,NODE0. ~locked_epoch2(NODE0) | ep_epoch0(NODE1) | ep_epoch1(NODE1) | ep_epoch3(NODE1) | ep_epoch4(NODE0) | locked_epoch4(NODE1) | NODE0 = NODE1","9","----0-00-0--------1----0--------------","7","202","21","0400110020","0400110020","e0l1l0","----0-00-0--","--","----1----0--","------------","0","4","0","0","1","1","0","0","2","0"
"905","6","forall NODE1,NODE0. ~locked_epoch2(NODE0) | ep_epoch0(NODE1) | ep_epoch1(NODE1) | ep_epoch3(NODE1) | ep_epoch4(NODE1) | ep_epoch5(NODE1) | NODE0 = NODE1","9","------00-000------1-------------------","7","208","5","0500100020","0500100020","e0l1","------00-000","--","----1-------","------------","0","5","0","0","1","0","0","0","2","0"
"906","6","forall NODE1,NODE0. ~locked_epoch2(NODE0) | ep_epoch0(NODE1) | ep_epoch1(NODE1) | ep_epoch3(NODE1) | ep_epoch4(NODE1) | held(NODE1) | NODE0 = NODE1","9","------00-00--0----1-------------------","7","204","3","0401100020","0401100020","e0h0l1","------00-00-","-0","----1-------","------------","0","4","0","1","1","0","0","0","2","0"
"907","6","forall NODE1,NODE0. ~locked_epoch2(NODE0) | ep_epoch0(NODE1) | ep_epoch1(NODE1) | ep_epoch3(NODE1) | ep_epoch4(NODE1) | locked_epoch5(NODE1) | NODE0 = NODE1","9","------00-00-------1------0------------","7","202","21","0400110020","0400110020","e0l1l0","------00-00-","--","----1------0","------------","0","4","0","0","1","1","0","0","2","0"
"908","6","forall NODE1,NODE0. ~locked_epoch2(NODE0) | ep_epoch0(NODE1) | ep_epoch1(NODE1) | ep_epoch3(NODE1) | ep_epoch5(NODE1) | locked_epoch4(NODE1) | NODE0 = NODE1","9","------00-0-0------1----0--------------","7","202","21","0400110020","0400110020","e0l1l0","------00-0-0","--","----1----0--","------------","0","4","0","0","1","1","0","0","2","0"
"909","6","forall NODE1,NODE0. ~locked_epoch2(NODE0) | ep_epoch0(NODE1) | ep_epoch1(NODE1) | ep_epoch3(NODE1) | held(NODE1) | locked_epoch4(NODE1) | NODE0 = NODE1","9","------00-0---0----1----0--------------","7","196","7","0301110020","0301110020","e0h0l1l0","------00-0--","-0","----1----0--","------------","0","3","0","1","1","1","0","0","2","0"
"910","6","forall NODE1,NODE0. ~locked_epoch2(NODE0) | ep_epoch0(NODE1) | ep_epoch1(NODE1) | ep_epoch3(NODE1) | locked_epoch4(NODE0) | locked_epoch4(NODE1) | NODE0 = NODE1","9","------00-0--------1---00--------------","7","193","21","0300120020","0300120020","e0l1l0","------00-0--","--","----1---00--","------------","0","3","0","0","1","2","0","0","2","0"
"911","6","forall NODE1,NODE0. ~locked_epoch2(NODE0) | ep_epoch0(NODE1) | ep_epoch1(NODE1) | ep_epoch3(NODE1) | locked_epoch4(NODE1) | locked_epoch5(NODE1) | NODE0 = NODE1","9","------00-0--------1----0-0------------","7","193","21","0300120020","0300120020","e0l1l0","------00-0--","--","----1----0-0","------------","0","3","0","0","1","2","0","0","2","0"
"912","6","forall NODE1,NODE0. ~locked_epoch2(NODE0) | ep_epoch0(NODE1) | ep_epoch1(NODE1) | ep_epoch4(NODE0) | locked_epoch3(NODE1) | locked_epoch4(NODE1) | NODE0 = NODE1","9","----0-00----------1--0-0--------------","7","193","21","0300120020","0300120020","e0l1l0","----0-00----","--","----1--0-0--","------------","0","3","0","0","1","2","0","0","2","0"
"913","6","forall NODE1,NODE0. ~locked_epoch2(NODE0) | ep_epoch0(NODE1) | ep_epoch1(NODE1) | ep_epoch4(NODE1) | ep_epoch5(NODE1) | locked_epoch3(NODE1) | NODE0 = NODE1","9","------00--00------1--0----------------","7","202","21","0400110020","0400110020","e0l1l0","------00--00","--","----1--0----","------------","0","4","0","0","1","1","0","0","2","0"
"914","6","forall NODE1,NODE0. ~locked_epoch2(NODE0) | ep_epoch0(NODE1) | ep_epoch1(NODE1) | ep_epoch4(NODE1) | held(NODE1) | locked_epoch3(NODE1) | NODE0 = NODE1","9","------00--0--0----1--0----------------","7","196","7","0301110020","0301110020","e0h0l1l0","------00--0-","-0","----1--0----","------------","0","3","0","1","1","1","0","0","2","0"
"915","6","forall NODE1,NODE0. ~locked_epoch2(NODE0) | ep_epoch0(NODE1) | ep_epoch1(NODE1) | ep_epoch4(NODE1) | locked_epoch3(NODE1) | locked_epoch5(NODE1) | NODE0 = NODE1","9","------00--0-------1--0---0------------","7","193","21","0300120020","0300120020","e0l1l0","------00--0-","--","----1--0---0","------------","0","3","0","0","1","2","0","0","2","0"
"916","6","forall NODE1,NODE0. ~locked_epoch2(NODE0) | ep_epoch0(NODE1) | ep_epoch1(NODE1) | ep_epoch5(NODE1) | locked_epoch3(NODE1) | locked_epoch4(NODE1) | NODE0 = NODE1","9","------00---0------1--0-0--------------","7","193","21","0300120020","0300120020","e0l1l0","------00---0","--","----1--0-0--","------------","0","3","0","0","1","2","0","0","2","0"
"917","6","forall NODE1,NODE0. ~locked_epoch2(NODE0) | ep_epoch0(NODE1) | ep_epoch1(NODE1) | held(NODE1) | locked_epoch3(NODE1) | locked_epoch4(NODE1) | NODE0 = NODE1","9","------00-----0----1--0-0--------------","7","183","4","0201120020","0201120020","e0h0l1l0","------00----","-0","----1--0-0--","------------","0","2","0","1","1","2","0","0","2","0"
"918","6","forall NODE1,NODE0. ~locked_epoch2(NODE0) | ep_epoch0(NODE1) | ep_epoch1(NODE1) | locked_epoch3(NODE1) | locked_epoch4(NODE0) | locked_epoch4(NODE1) | NODE0 = NODE1","9","------00----------1--000--------------","7","178","9","0200130020","0200130020","e0l1l0","------00----","--","----1--000--","------------","0","2","0","0","1","3","0","0","2","0"
"919","6","forall NODE1,NODE0. ~locked_epoch2(NODE0) | ep_epoch0(NODE1) | ep_epoch1(NODE1) | locked_epoch3(NODE1) | locked_epoch4(NODE1) | locked_epoch5(NODE1) | NODE0 = NODE1","9","------00----------1--0-0-0------------","7","178","9","0200130020","0200130020","e0l1l0","------00----","--","----1--0-0-0","------------","0","2","0","0","1","3","0","0","2","0"
"920","6","forall NODE1,NODE0. ~locked_epoch2(NODE0) | ep_epoch2(NODE0) | ep_epoch3(NODE1) | ep_epoch4(NODE0) | ep_epoch4(NODE1) | locked_epoch3(NODE0) | NODE0 = NODE1","9","--0-0----00-------1-0-----------------","7","202","21","0400110020","0400110020","e0l1l0","--0-0----00-","--","----1-0-----","------------","0","4","0","0","1","1","0","0","2","0"
"921","6","forall NODE1,NODE0. ~locked_epoch2(NODE0) | ep_epoch2(NODE0) | ep_epoch3(NODE1) | ep_epoch4(NODE0) | locked_epoch3(NODE0) | locked_epoch4(NODE1) | NODE0 = NODE1","9","--0-0----0--------1-0--0--------------","7","193","21","0300120020","0300120020","e0l1l0","--0-0----0--","--","----1-0--0--","------------","0","3","0","0","1","2","0","0","2","0"
"922","6","forall NODE1,NODE0. ~locked_epoch2(NODE0) | ep_epoch2(NODE0) | ep_epoch3(NODE1) | ep_epoch4(NODE1) | ep_epoch5(NODE1) | locked_epoch3(NODE0) | NODE0 = NODE1","9","--0------000------1-0-----------------","7","202","21","0400110020","0400110020","e0l1l0","--0------000","--","----1-0-----","------------","0","4","0","0","1","1","0","0","2","0"
"923","6","forall NODE1,NODE0. ~locked_epoch2(NODE0) | ep_epoch2(NODE0) | ep_epoch3(NODE1) | ep_epoch4(NODE1) | held(NODE1) | locked_epoch3(NODE0) | NODE0 = NODE1","9","--0------00--0----1-0-----------------","7","196","7","0301110020","0301110020","e0h0l1l0","--0------00-","-0","----1-0-----","------------","0","3","0","1","1","1","0","0","2","0"
"924","6","forall NODE1,NODE0. ~locked_epoch2(NODE0) | ep_epoch2(NODE0) | ep_epoch3(NODE1) | ep_epoch4(NODE1) | locked_epoch3(NODE0) | locked_epoch5(NODE1) | NODE0 = NODE1","9","--0------00-------1-0----0------------","7","193","21","0300120020","0300120020","e0l1l0","--0------00-","--","----1-0----0","------------","0","3","0","0","1","2","0","0","2","0"
"925","6","forall NODE1,NODE0. ~locked_epoch2(NODE0) | ep_epoch2(NODE0) | ep_epoch3(NODE1) | ep_epoch5(NODE0) | ep_epoch5(NODE1) | locked_epoch3(NODE0) | NODE0 = NODE1","9","--0--0---0-0------1-0-----------------","7","202","21","0400110020","0400110020","e0l1l0","--0--0---0-0","--","----1-0-----","------------","0","4","0","0","1","1","0","0","2","0"
"926","6","forall NODE1,NODE2,NODE3,NODE0. ~locked_epoch2(NODE0) | ep_epoch2(NODE0) | ep_epoch3(NODE1) | ep_epoch5(NODE2) | held(NODE3) | locked_epoch3(NODE0) | ((NODE0 ~= NODE2 | NODE1 ~= NODE3 | NODE0 = NODE1) & (NODE0 ~= NODE3 | NODE1 ~= NODE2 | NODE0 = NODE1))","16","--0--0---0---0----1-0-----------------","12","453","2","0301110040","0301110040","e0h0l1l0","--0--0---0--","-0","----1-0-----","------------","0","3","0","1","1","1","0","0","4","0"
"927","6","forall NODE1,NODE2,NODE3,NODE0. ~locked_epoch2(NODE0) | ep_epoch2(NODE0) | ep_epoch3(NODE1) | ep_epoch5(NODE2) | locked_epoch3(NODE0) | locked_epoch5(NODE3) | ((NODE0 ~= NODE2 | NODE1 ~= NODE3 | NODE0 = NODE1) & (NODE0 ~= NODE3 | NODE1 ~= NODE2 | NODE0 = NODE1))","16","--0--0---0--------1-0----0------------","12","450","2","0300120040","0300120040","e0l1l0","--0--0---0--","--","----1-0----0","------------","0","3","0","0","1","2","0","0","4","0"
"928","6","forall NODE1,NODE0. ~locked_epoch2(NODE0) | ep_epoch2(NODE0) | ep_epoch3(NODE1) | ep_epoch5(NODE1) | locked_epoch3(NODE0) | locked_epoch4(NODE1) | NODE0 = NODE1","9","--0------0-0------1-0--0--------------","7","193","21","0300120020","0300120020","e0l1l0","--0------0-0","--","----1-0--0--","------------","0","3","0","0","1","2","0","0","2","0"
"929","6","forall NODE1,NODE0. ~locked_epoch2(NODE0) | ep_epoch2(NODE0) | ep_epoch3(NODE1) | held(NODE0) | held(NODE1) | locked_epoch3(NODE0) | NODE0 = NODE1","9","--0------0--00----1-0-----------------","7","186","2","0202110020","0202110020","e0h0l1l0","--0------0--","00","----1-0-----","------------","0","2","0","2","1","1","0","0","2","0"
"930","6","forall NODE1,NODE2,NODE3,NODE0. ~locked_epoch2(NODE0) | ep_epoch2(NODE0) | ep_epoch3(NODE1) | held(NODE2) | locked_epoch3(NODE0) | locked_epoch5(NODE3) | ((NODE0 ~= NODE2 | NODE1 ~= NODE3 | NODE0 = NODE1) & (NODE0 ~= NODE3 | NODE1 ~= NODE2 | NODE0 = NODE1))","16","--0------0--0-----1-0----0------------","12","448","2","0201120040","0201120040","e0h0l1l0","--0------0--","0-","----1-0----0","------------","0","2","0","1","1","2","0","0","4","0"
"931","6","forall NODE1,NODE0. ~locked_epoch2(NODE0) | ep_epoch2(NODE0) | ep_epoch3(NODE1) | held(NODE1) | locked_epoch3(NODE0) | locked_epoch4(NODE1) | NODE0 = NODE1","9","--0------0---0----1-0--0--------------","7","183","4","0201120020","0201120020","e0h0l1l0","--0------0--","-0","----1-0--0--","------------","0","2","0","1","1","2","0","0","2","0"
"932","6","forall NODE1,NODE0. ~locked_epoch2(NODE0) | ep_epoch2(NODE0) | ep_epoch3(NODE1) | locked_epoch3(NODE0) | locked_epoch4(NODE1) | locked_epoch5(NODE1) | NODE0 = NODE1","9","--0------0--------1-0--0-0------------","7","178","9","0200130020","0200130020","e0l1l0","--0------0--","--","----1-0--0-0","------------","0","2","0","0","1","3","0","0","2","0"
"933","6","forall NODE1,NODE0. ~locked_epoch2(NODE0) | ep_epoch2(NODE0) | ep_epoch3(NODE1) | locked_epoch3(NODE0) | locked_epoch5(NODE0) | locked_epoch5(NODE1) | NODE0 = NODE1","9","--0------0--------1-0---00------------","7","178","9","0200130020","0200130020","e0l1l0","--0------0--","--","----1-0---00","------------","0","2","0","0","1","3","0","0","2","0"
"934","6","forall NODE1,NODE0. ~locked_epoch2(NODE0) | held(NODE0) | locked_epoch3(NODE0) | locked_epoch3(NODE1) | transfer_epoch3(NODE0) | transfer_epoch3(NODE1) | NODE0 = NODE1","9","------------0-----1-00----------00----","7","172","2","0001120220","0001120220","h0l1l0t0","------------","0-","----1-00----","------00----","0","0","0","1","1","2","0","2","2","0"
"935","6","forall NODE1,NODE0. ~locked_epoch3(NODE0) | ~locked_epoch4(NODE0) | ~locked_epoch5(NODE0) | ep_epoch0(NODE1) | ep_epoch1(NODE1) | ep_epoch2(NODE1) | NODE0 = NODE1","9","------000-----------1-1-1-------------","7","195","5","0300300020","0300300020","e0l1","------000---","--","------1-1-1-","------------","0","3","0","0","3","0","0","0","2","0"
"936","6","forall NODE1,NODE0. ~locked_epoch3(NODE0) | ~locked_epoch4(NODE0) | ~locked_epoch5(NODE0) | ep_epoch0(NODE1) | ep_epoch1(NODE1) | locked_epoch2(NODE1) | NODE0 = NODE1","9","------00-----------01-1-1-------------","7","180","4","0200310020","0200310020","e0l1l0","------00----","--","-----01-1-1-","------------","0","2","0","0","3","1","0","0","2","0"
"937","6","forall NODE1,NODE2,NODE0. ~locked_epoch3(NODE0) | ~locked_epoch4(NODE0) | ~transfer_epoch5(NODE1) | ep_epoch0(NODE2) | ep_epoch1(NODE2) | ep_epoch2(NODE2) | ((NODE0 ~= NODE1 | NODE0 = NODE2) & (NODE1 ~= NODE2 | NODE0 = NODE1))","13","------000-----------1-1-------------1-","10","393","4","0300201030","0300201030","e0l1t1","------000---","--","------1-1---","----------1-","0","3","0","0","2","0","1","0","3","0"
"938","6","forall NODE1,NODE2,NODE0. ~locked_epoch3(NODE0) | ~locked_epoch4(NODE0) | ~transfer_epoch5(NODE1) | ep_epoch0(NODE2) | ep_epoch1(NODE2) | locked_epoch2(NODE2) | ((NODE0 ~= NODE1 | NODE0 = NODE2) & (NODE1 ~= NODE2 | NODE0 = NODE1))","13","------00-----------01-1-------------1-","10","385","3","0200211030","0200211030","e0l1l0t1","------00----","--","-----01-1---","----------1-","0","2","0","0","2","1","1","0","3","0"
"939","6","forall NODE1,NODE0. ~locked_epoch3(NODE0) | ~locked_epoch4(NODE0) | ep_epoch0(NODE1) | ep_epoch1(NODE1) | ep_epoch2(NODE1) | ep_epoch4(NODE0) | NODE0 = NODE1","9","----0-000-----------1-1---------------","7","203","10","0400200020","0400200020","e0l1","----0-000---","--","------1-1---","------------","0","4","0","0","2","0","0","0","2","0"
"940","6","forall NODE1,NODE0. ~locked_epoch3(NODE0) | ~locked_epoch4(NODE0) | ep_epoch0(NODE1) | ep_epoch1(NODE1) | ep_epoch2(NODE1) | ep_epoch5(NODE1) | NODE0 = NODE1","9","------000--0--------1-1---------------","7","203","10","0400200020","0400200020","e0l1","------000--0","--","------1-1---","------------","0","4","0","0","2","0","0","0","2","0"
"941","6","forall NODE1,NODE0. ~locked_epoch3(NODE0) | ~locked_epoch4(NODE0) | ep_epoch0(NODE1) | ep_epoch1(NODE1) | ep_epoch2(NODE1) | held(NODE1) | NODE0 = NODE1","9","------000----0------1-1---------------","7","197","3","0301200020","0301200020","e0h0l1","------000---","-0","------1-1---","------------","0","3","0","1","2","0","0","0","2","0"
"942","6","forall NODE1,NODE0. ~locked_epoch3(NODE0) | ~locked_epoch4(NODE0) | ep_epoch0(NODE1) | ep_epoch1(NODE1) | ep_epoch2(NODE1) | locked_epoch5(NODE1) | NODE0 = NODE1","9","------000-----------1-1--0------------","7","194","15","0300210020","0300210020","e0l1l0","------000---","--","------1-1--0","------------","0","3","0","0","2","1","0","0","2","0"
"943","6","forall NODE1,NODE0. ~locked_epoch3(NODE0) | ~locked_epoch4(NODE0) | ep_epoch0(NODE1) | ep_epoch1(NODE1) | ep_epoch4(NODE0) | locked_epoch2(NODE1) | NODE0 = NODE1","9","----0-00-----------01-1---------------","7","194","15","0300210020","0300210020","e0l1l0","----0-00----","--","-----01-1---","------------","0","3","0","0","2","1","0","0","2","0"
"944","6","forall NODE1,NODE0. ~locked_epoch3(NODE0) | ~locked_epoch4(NODE0) | ep_epoch0(NODE1) | ep_epoch1(NODE1) | ep_epoch5(NODE1) | locked_epoch2(NODE1) | NODE0 = NODE1","9","------00---0-------01-1---------------","7","194","15","0300210020","0300210020","e0l1l0","------00---0","--","-----01-1---","------------","0","3","0","0","2","1","0","0","2","0"
"945","6","forall NODE1,NODE0. ~locked_epoch3(NODE0) | ~locked_epoch4(NODE0) | ep_epoch0(NODE1) | ep_epoch1(NODE1) | held(NODE1) | locked_epoch2(NODE1) | NODE0 = NODE1","9","------00-----0-----01-1---------------","7","184","3","0201210020","0201210020","e0h0l1l0","------00----","-0","-----01-1---","------------","0","2","0","1","2","1","0","0","2","0"
"946","6","forall NODE1,NODE0. ~locked_epoch3(NODE0) | ~locked_epoch4(NODE0) | ep_epoch0(NODE1) | ep_epoch1(NODE1) | locked_epoch2(NODE1) | locked_epoch5(NODE1) | NODE0 = NODE1","9","------00-----------01-1--0------------","7","179","8","0200220020","0200220020","e0l1l0","------00----","--","-----01-1--0","------------","0","2","0","0","2","2","0","0","2","0"
"947","6","forall NODE1,NODE0. ~locked_epoch3(NODE0) | ~locked_epoch5(NODE0) | ep_epoch0(NODE1) | ep_epoch1(NODE1) | ep_epoch2(NODE1) | ep_epoch4(NODE1) | NODE0 = NODE1","9","------000-0---------1---1-------------","7","203","10","0400200020","0400200020","e0l1","------000-0-","--","------1---1-","------------","0","4","0","0","2","0","0","0","2","0"
"948","6","forall NODE1,NODE0. ~locked_epoch3(NODE0) | ~locked_epoch5(NODE0) | ep_epoch0(NODE1) | ep_epoch1(NODE1) | ep_epoch2(NODE1) | locked_epoch4(NODE1) | NODE0 = NODE1","9","------000-----------1--01-------------","7","194","15","0300210020","0300210020","e0l1l0","------000---","--","------1--01-","------------","0","3","0","0","2","1","0","0","2","0"
"949","6","forall NODE1,NODE0. ~locked_epoch3(NODE0) | ~locked_epoch5(NODE0) | ep_epoch0(NODE1) | ep_epoch1(NODE1) | ep_epoch4(NODE1) | locked_epoch2(NODE1) | NODE0 = NODE1","9","------00--0--------01---1-------------","7","194","15","0300210020","0300210020","e0l1l0","------00--0-","--","-----01---1-","------------","0","3","0","0","2","1","0","0","2","0"
"950","6","forall NODE1,NODE0. ~locked_epoch3(NODE0) | ~locked_epoch5(NODE0) | ep_epoch0(NODE1) | ep_epoch1(NODE1) | locked_epoch2(NODE1) | locked_epoch4(NODE1) | NODE0 = NODE1","9","------00-----------01--01-------------","7","179","8","0200220020","0200220020","e0l1l0","------00----","--","-----01--01-","------------","0","2","0","0","2","2","0","0","2","0"
"951","6","forall NODE1,NODE2,NODE0. ~locked_epoch3(NODE0) | ~transfer_epoch5(NODE1) | ep_epoch0(NODE2) | ep_epoch1(NODE2) | ep_epoch2(NODE2) | ep_epoch3(NODE0) | ((NODE0 ~= NODE1 | NODE0 = NODE2) & (NODE1 ~= NODE2 | NODE0 = NODE1))","13","---0--000-----------1---------------1-","10","399","4","0400101030","0400101030","e0l1t1","---0--000---","--","------1-----","----------1-","0","4","0","0","1","0","1","0","3","0"
"952","6","forall NODE1,NODE2,NODE0. ~locked_epoch3(NODE0) | ~transfer_epoch5(NODE1) | ep_epoch0(NODE2) | ep_epoch1(NODE2) | ep_epoch2(NODE2) | ep_epoch4(NODE2) | ((NODE0 ~= NODE1 | NODE0 = NODE2) & (NODE1 ~= NODE2 | NODE0 = NODE1))","13","------000-0---------1---------------1-","10","399","4","0400101030","0400101030","e0l1t1","------000-0-","--","------1-----","----------1-","0","4","0","0","1","0","1","0","3","0"
"953","6","forall NODE1,NODE2,NODE0. ~locked_epoch3(NODE0) | ~transfer_epoch5(NODE1) | ep_epoch0(NODE2) | ep_epoch1(NODE2) | ep_epoch2(NODE2) | locked_epoch4(NODE2) | ((NODE0 ~= NODE1 | NODE0 = NODE2) & (NODE1 ~= NODE2 | NODE0 = NODE1))","13","------000-----------1--0------------1-","10","392","8","0300111030","0300111030","e0l1l0t1","------000---","--","------1--0--","----------1-","0","3","0","0","1","1","1","0","3","0"
"954","6","forall NODE1,NODE2,NODE0. ~locked_epoch3(NODE0) | ~transfer_epoch5(NODE1) | ep_epoch0(NODE2) | ep_epoch1(NODE2) | ep_epoch3(NODE0) | locked_epoch2(NODE2) | ((NODE0 ~= NODE1 | NODE0 = NODE2) & (NODE1 ~= NODE2 | NODE0 = NODE1))","13","---0--00-----------01---------------1-","10","392","8","0300111030","0300111030","e0l1l0t1","---0--00----","--","-----01-----","----------1-","0","3","0","0","1","1","1","0","3","0"
"955","6","forall NODE1,NODE2,NODE0. ~locked_epoch3(NODE0) | ~transfer_epoch5(NODE1) | ep_epoch0(NODE2) | ep_epoch1(NODE2) | ep_epoch4(NODE2) | locked_epoch2(NODE2) | ((NODE0 ~= NODE1 | NODE0 = NODE2) & (NODE1 ~= NODE2 | NODE0 = NODE1))","13","------00--0--------01---------------1-","10","392","8","0300111030","0300111030","e0l1l0t1","------00--0-","--","-----01-----","----------1-","0","3","0","0","1","1","1","0","3","0"
"956","6","forall NODE1,NODE2,NODE0. ~locked_epoch3(NODE0) | ~transfer_epoch5(NODE1) | ep_epoch0(NODE2) | ep_epoch1(NODE2) | locked_epoch2(NODE2) | locked_epoch4(NODE2) | ((NODE0 ~= NODE1 | NODE0 = NODE2) & (NODE1 ~= NODE2 | NODE0 = NODE1))","13","------00-----------01--0------------1-","10","384","3","0200121030","0200121030","e0l1l0t1","------00----","--","-----01--0--","----------1-","0","2","0","0","1","2","1","0","3","0"
"957","6","forall NODE1,NODE0. ~locked_epoch3(NODE0) | ep_epoch0(NODE1) | ep_epoch1(NODE1) | ep_epoch2(NODE1) | ep_epoch4(NODE0) | locked_epoch4(NODE1) | NODE0 = NODE1","9","----0-000-----------1--0--------------","7","202","21","0400110020","0400110020","e0l1l0","----0-000---","--","------1--0--","------------","0","4","0","0","1","1","0","0","2","0"
"958","6","forall NODE1,NODE0. ~locked_epoch3(NODE0) | ep_epoch0(NODE1) | ep_epoch1(NODE1) | ep_epoch2(NODE1) | ep_epoch4(NODE1) | ep_epoch5(NODE1) | NODE0 = NODE1","9","------000-00--------1-----------------","7","208","5","0500100020","0500100020","e0l1","------000-00","--","------1-----","------------","0","5","0","0","1","0","0","0","2","0"
"959","6","forall NODE1,NODE0. ~locked_epoch3(NODE0) | ep_epoch0(NODE1) | ep_epoch1(NODE1) | ep_epoch2(NODE1) | ep_epoch4(NODE1) | held(NODE1) | NODE0 = NODE1","9","------000-0--0------1-----------------","7","204","3","0401100020","0401100020","e0h0l1","------000-0-","-0","------1-----","------------","0","4","0","1","1","0","0","0","2","0"
"960","6","forall NODE1,NODE0. ~locked_epoch3(NODE0) | ep_epoch0(NODE1) | ep_epoch1(NODE1) | ep_epoch2(NODE1) | ep_epoch4(NODE1) | locked_epoch5(NODE1) | NODE0 = NODE1","9","------000-0---------1----0------------","7","202","21","0400110020","0400110020","e0l1l0","------000-0-","--","------1----0","------------","0","4","0","0","1","1","0","0","2","0"
"961","6","forall NODE1,NODE0. ~locked_epoch3(NODE0) | ep_epoch0(NODE1) | ep_epoch1(NODE1) | ep_epoch2(NODE1) | ep_epoch5(NODE1) | locked_epoch4(NODE1) | NODE0 = NODE1","9","------000--0--------1--0--------------","7","202","21","0400110020","0400110020","e0l1l0","------000--0","--","------1--0--","------------","0","4","0","0","1","1","0","0","2","0"
"962","6","forall NODE1,NODE0. ~locked_epoch3(NODE0) | ep_epoch0(NODE1) | ep_epoch1(NODE1) | ep_epoch2(NODE1) | held(NODE1) | locked_epoch4(NODE1) | NODE0 = NODE1","9","------000----0------1--0--------------","7","196","7","0301110020","0301110020","e0h0l1l0","------000---","-0","------1--0--","------------","0","3","0","1","1","1","0","0","2","0"
"963","6","forall NODE1,NODE0. ~locked_epoch3(NODE0) | ep_epoch0(NODE1) | ep_epoch1(NODE1) | ep_epoch2(NODE1) | locked_epoch4(NODE0) | locked_epoch4(NODE1) | NODE0 = NODE1","9","------000-----------1-00--------------","7","193","21","0300120020","0300120020","e0l1l0","------000---","--","------1-00--","------------","0","3","0","0","1","2","0","0","2","0"
"964","6","forall NODE1,NODE0. ~locked_epoch3(NODE0) | ep_epoch0(NODE1) | ep_epoch1(NODE1) | ep_epoch2(NODE1) | locked_epoch4(NODE1) | locked_epoch5(NODE1) | NODE0 = NODE1","9","------000-----------1--0-0------------","7","193","21","0300120020","0300120020","e0l1l0","------000---","--","------1--0-0","------------","0","3","0","0","1","2","0","0","2","0"
"965","6","forall NODE1,NODE0. ~locked_epoch3(NODE0) | ep_epoch0(NODE1) | ep_epoch1(NODE1) | ep_epoch4(NODE0) | locked_epoch2(NODE1) | locked_epoch4(NODE1) | NODE0 = NODE1","9","----0-00-----------01--0--------------","7","193","21","0300120020","0300120020","e0l1l0","----0-00----","--","-----01--0--","------------","0","3","0","0","1","2","0","0","2","0"
"966","6","forall NODE1,NODE0. ~locked_epoch3(NODE0) | ep_epoch0(NODE1) | ep_epoch1(NODE1) | ep_epoch4(NODE1) | ep_epoch5(NODE1) | locked_epoch2(NODE1) | NODE0 = NODE1","9","------00--00-------01-----------------","7","202","21","0400110020","0400110020","e0l1l0","------00--00","--","-----01-----","------------","0","4","0","0","1","1","0","0","2","0"
"967","6","forall NODE1,NODE0. ~locked_epoch3(NODE0) | ep_epoch0(NODE1) | ep_epoch1(NODE1) | ep_epoch4(NODE1) | held(NODE1) | locked_epoch2(NODE1) | NODE0 = NODE1","9","------00--0--0-----01-----------------","7","196","7","0301110020","0301110020","e0h0l1l0","------00--0-","-0","-----01-----","------------","0","3","0","1","1","1","0","0","2","0"
"968","6","forall NODE1,NODE0. ~locked_epoch3(NODE0) | ep_epoch0(NODE1) | ep_epoch1(NODE1) | ep_epoch4(NODE1) | locked_epoch2(NODE1) | locked_epoch5(NODE1) | NODE0 = NODE1","9","------00--0--------01----0------------","7","193","21","0300120020","0300120020","e0l1l0","------00--0-","--","-----01----0","------------","0","3","0","0","1","2","0","0","2","0"
"969","6","forall NODE1,NODE0. ~locked_epoch3(NODE0) | ep_epoch0(NODE1) | ep_epoch1(NODE1) | ep_epoch5(NODE1) | locked_epoch2(NODE1) | locked_epoch4(NODE1) | NODE0 = NODE1","9","------00---0-------01--0--------------","7","193","21","0300120020","0300120020","e0l1l0","------00---0","--","-----01--0--","------------","0","3","0","0","1","2","0","0","2","0"
"970","6","forall NODE1,NODE0. ~locked_epoch3(NODE0) | ep_epoch0(NODE1) | ep_epoch1(NODE1) | held(NODE1) | locked_epoch2(NODE1) | locked_epoch4(NODE1) | NODE0 = NODE1","9","------00-----0-----01--0--------------","7","183","4","0201120020","0201120020","e0h0l1l0","------00----","-0","-----01--0--","------------","0","2","0","1","1","2","0","0","2","0"
"971","6","forall NODE1,NODE0. ~locked_epoch3(NODE0) | ep_epoch0(NODE1) | ep_epoch1(NODE1) | locked_epoch2(NODE1) | locked_epoch4(NODE0) | locked_epoch4(NODE1) | NODE0 = NODE1","9","------00-----------01-00--------------","7","178","9","0200130020","0200130020","e0l1l0","------00----","--","-----01-00--","------------","0","2","0","0","1","3","0","0","2","0"
"972","6","forall NODE1,NODE0. ~locked_epoch3(NODE0) | ep_epoch0(NODE1) | ep_epoch1(NODE1) | locked_epoch2(NODE1) | locked_epoch4(NODE1) | locked_epoch5(NODE1) | NODE0 = NODE1","9","------00-----------01--0-0------------","7","178","9","0200130020","0200130020","e0l1l0","------00----","--","-----01--0-0","------------","0","2","0","0","1","3","0","0","2","0"
"973","6","forall NODE1,NODE0. ~locked_epoch3(NODE0) | ep_epoch2(NODE1) | ep_epoch3(NODE0) | ep_epoch4(NODE0) | ep_epoch4(NODE1) | locked_epoch2(NODE0) | NODE0 = NODE1","9","---00---0-0-------0-1-----------------","7","202","21","0400110020","0400110020","e0l1l0","---00---0-0-","--","----0-1-----","------------","0","4","0","0","1","1","0","0","2","0"
"974","6","forall NODE1,NODE0. ~locked_epoch3(NODE0) | ep_epoch2(NODE1) | ep_epoch3(NODE0) | ep_epoch5(NODE0) | ep_epoch5(NODE1) | locked_epoch2(NODE0) | NODE0 = NODE1","9","---0-0--0--0------0-1-----------------","7","202","21","0400110020","0400110020","e0l1l0","---0-0--0--0","--","----0-1-----","------------","0","4","0","0","1","1","0","0","2","0"
"975","6","forall NODE1,NODE2,NODE3,NODE0. ~locked_epoch3(NODE0) | ep_epoch2(NODE1) | ep_epoch3(NODE0) | ep_epoch5(NODE2) | held(NODE3) | locked_epoch2(NODE0) | ((NODE0 ~= NODE3 | NODE1 ~= NODE2 | NODE0 = NODE1) & (NODE0 ~= NODE2 | NODE1 ~= NODE3 | NODE0 = NODE1))","16","---0-0--0----0----0-1-----------------","12","453","2","0301110040","0301110040","e0h0l1l0","---0-0--0---","-0","----0-1-----","------------","0","3","0","1","1","1","0","0","4","0"
"976","6","forall NODE1,NODE2,NODE3,NODE0. ~locked_epoch3(NODE0) | ep_epoch2(NODE1) | ep_epoch3(NODE0) | ep_epoch5(NODE2) | locked_epoch2(NODE0) | locked_epoch5(NODE3) | ((NODE0 ~= NODE2 | NODE1 ~= NODE3 | NODE0 = NODE1) & (NODE0 ~= NODE3 | NODE1 ~= NODE2 | NODE0 = NODE1))","16","---0-0--0---------0-1----0------------","12","450","2","0300120040","0300120040","e0l1l0","---0-0--0---","--","----0-1----0","------------","0","3","0","0","1","2","0","0","4","0"
"977","6","forall NODE1,NODE0. ~locked_epoch3(NODE0) | ep_epoch2(NODE1) | ep_epoch3(NODE0) | held(NODE0) | held(NODE1) | locked_epoch2(NODE0) | NODE0 = NODE1","9","---0----0---00----0-1-----------------","7","186","2","0202110020","0202110020","e0h0l1l0","---0----0---","00","----0-1-----","------------","0","2","0","2","1","1","0","0","2","0"
"978","6","forall NODE1,NODE2,NODE3,NODE0. ~locked_epoch3(NODE0) | ep_epoch2(NODE1) | ep_epoch3(NODE0) | held(NODE2) | locked_epoch2(NODE0) | locked_epoch5(NODE3) | ((NODE0 ~= NODE2 | NODE1 ~= NODE3 | NODE0 = NODE1) & (NODE0 ~= NODE3 | NODE1 ~= NODE2 | NODE0 = NODE1))","16","---0----0---0-----0-1----0------------","12","448","2","0201120040","0201120040","e0h0l1l0","---0----0---","0-","----0-1----0","------------","0","2","0","1","1","2","0","0","4","0"
"979","6","forall NODE1,NODE0. ~locked_epoch3(NODE0) | ep_epoch2(NODE1) | ep_epoch3(NODE0) | locked_epoch2(NODE0) | locked_epoch5(NODE0) | locked_epoch5(NODE1) | NODE0 = NODE1","9","---0----0---------0-1---00------------","7","178","9","0200130020","0200130020","e0l1l0","---0----0---","--","----0-1---00","------------","0","2","0","0","1","3","0","0","2","0"
"980","6","forall NODE1,NODE0. ~locked_epoch3(NODE0) | ep_epoch3(NODE0) | ep_epoch5(NODE1) | held(NODE0) | transfer_epoch5(NODE0) | transfer_epoch5(NODE1) | NODE0 = NODE1","9","---0-------00-------1---------------00","7","182","1","0201100220","0201100220","e0h0l1t0","---0-------0","0-","------1-----","----------00","0","2","0","1","1","0","0","2","2","0"
"981","6","forall NODE1,NODE0. ~locked_epoch3(NODE0) | ep_epoch3(NODE0) | held(NODE0) | held(NODE1) | transfer_epoch5(NODE0) | transfer_epoch5(NODE1) | NODE0 = NODE1","9","---0--------00------1---------------00","7","175","1","0102100220","0102100220","e0h0l1t0","---0--------","00","------1-----","----------00","0","1","0","2","1","0","0","2","2","0"
"982","6","forall NODE1,NODE0. ~locked_epoch3(NODE0) | ep_epoch3(NODE0) | held(NODE0) | locked_epoch5(NODE1) | transfer_epoch5(NODE0) | transfer_epoch5(NODE1) | NODE0 = NODE1","9","---0--------0-------1----0----------00","7","174","2","0101110220","0101110220","e0h0l1l0t0","---0--------","0-","------1----0","----------00","0","1","0","1","1","1","0","2","2","0"
"983","6","forall NODE1,NODE0. ~locked_epoch3(NODE0) | ep_epoch4(NODE0) | held(NODE0) | locked_epoch4(NODE1) | transfer_epoch4(NODE0) | transfer_epoch4(NODE1) | NODE0 = NODE1","9","----0-------0-------1--0----------00--","7","174","2","0101110220","0101110220","e0h0l1l0t0","----0-------","0-","------1--0--","--------00--","0","1","0","1","1","1","0","2","2","0"
"984","6","forall NODE1,NODE0. ~locked_epoch3(NODE0) | held(NODE0) | locked_epoch4(NODE0) | locked_epoch4(NODE1) | transfer_epoch4(NODE0) | transfer_epoch4(NODE1) | NODE0 = NODE1","9","------------0-------1-00----------00--","7","172","2","0001120220","0001120220","h0l1l0t0","------------","0-","------1-00--","--------00--","0","0","0","1","1","2","0","2","2","0"
"985","6","forall NODE1,NODE0. ~locked_epoch4(NODE0) | ~locked_epoch5(NODE0) | ep_epoch0(NODE1) | ep_epoch1(NODE1) | ep_epoch2(NODE1) | ep_epoch3(NODE1) | NODE0 = NODE1","9","------0000------------1-1-------------","7","203","10","0400200020","0400200020","e0l1","------0000--","--","--------1-1-","------------","0","4","0","0","2","0","0","0","2","0"
"986","6","forall NODE1,NODE0. ~locked_epoch4(NODE0) | ~locked_epoch5(NODE0) | ep_epoch0(NODE1) | ep_epoch1(NODE1) | ep_epoch2(NODE1) | locked_epoch3(NODE1) | NODE0 = NODE1","9","------000------------01-1-------------","7","194","15","0300210020","0300210020","e0l1l0","------000---","--","-------01-1-","------------","0","3","0","0","2","1","0","0","2","0"
"987","6","forall NODE1,NODE0. ~locked_epoch4(NODE0) | ~locked_epoch5(NODE0) | ep_epoch0(NODE1) | ep_epoch1(NODE1) | ep_epoch3(NODE1) | locked_epoch2(NODE1) | NODE0 = NODE1","9","------00-0---------0--1-1-------------","7","194","15","0300210020","0300210020","e0l1l0","------00-0--","--","-----0--1-1-","------------","0","3","0","0","2","1","0","0","2","0"
"988","6","forall NODE1,NODE0. ~locked_epoch4(NODE0) | ~locked_epoch5(NODE0) | ep_epoch0(NODE1) | ep_epoch1(NODE1) | locked_epoch2(NODE1) | locked_epoch3(NODE1) | NODE0 = NODE1","9","------00-----------0-01-1-------------","7","179","8","0200220020","0200220020","e0l1l0","------00----","--","-----0-01-1-","------------","0","2","0","0","2","2","0","0","2","0"
"989","6","forall NODE1,NODE2,NODE0. ~locked_epoch4(NODE0) | ~transfer_epoch5(NODE1) | ep_epoch0(NODE2) | ep_epoch1(NODE2) | ep_epoch2(NODE2) | ep_epoch3(NODE2) | ((NODE0 ~= NODE1 | NODE0 = NODE2) & (NODE1 ~= NODE2 | NODE0 = NODE1))","13","------0000------------1-------------1-","10","399","4","0400101030","0400101030","e0l1t1","------0000--","--","--------1---","----------1-","0","4","0","0","1","0","1","0","3","0"
"990","6","forall NODE1,NODE2,NODE0. ~locked_epoch4(NODE0) | ~transfer_epoch5(NODE1) | ep_epoch0(NODE2) | ep_epoch1(NODE2) | ep_epoch2(NODE2) | locked_epoch3(NODE2) | ((NODE0 ~= NODE1 | NODE0 = NODE2) & (NODE1 ~= NODE2 | NODE0 = NODE1))","13","------000------------01-------------1-","10","392","8","0300111030","0300111030","e0l1l0t1","------000---","--","-------01---","----------1-","0","3","0","0","1","1","1","0","3","0"
"991","6","forall NODE1,NODE2,NODE0. ~locked_epoch4(NODE0) | ~transfer_epoch5(NODE1) | ep_epoch0(NODE2) | ep_epoch1(NODE2) | ep_epoch3(NODE2) | locked_epoch2(NODE2) | ((NODE0 ~= NODE1 | NODE0 = NODE2) & (NODE1 ~= NODE2 | NODE0 = NODE1))","13","------00-0---------0--1-------------1-","10","392","8","0300111030","0300111030","e0l1l0t1","------00-0--","--","-----0--1---","----------1-","0","3","0","0","1","1","1","0","3","0"
"992","6","forall NODE1,NODE2,NODE0. ~locked_epoch4(NODE0) | ~transfer_epoch5(NODE1) | ep_epoch0(NODE2) | ep_epoch1(NODE2) | locked_epoch2(NODE2) | locked_epoch3(NODE2) | ((NODE0 ~= NODE1 | NODE0 = NODE2) & (NODE1 ~= NODE2 | NODE0 = NODE1))","13","------00-----------0-01-------------1-","10","384","3","0200121030","0200121030","e0l1l0t1","------00----","--","-----0-01---","----------1-","0","2","0","0","1","2","1","0","3","0"
"993","6","forall NODE1,NODE0. ~locked_epoch4(NODE0) | ep_epoch0(NODE1) | ep_epoch1(NODE1) | ep_epoch2(NODE1) | ep_epoch3(NODE1) | ep_epoch4(NODE0) | NODE0 = NODE1","9","----0-0000------------1---------------","7","208","5","0500100020","0500100020","e0l1","----0-0000--","--","--------1---","------------","0","5","0","0","1","0","0","0","2","0"
"994","6","forall NODE1,NODE0. ~locked_epoch4(NODE0) | ep_epoch0(NODE1) | ep_epoch1(NODE1) | ep_epoch2(NODE1) | ep_epoch3(NODE1) | ep_epoch5(NODE1) | NODE0 = NODE1","9","------0000-0----------1---------------","7","208","5","0500100020","0500100020","e0l1","------0000-0","--","--------1---","------------","0","5","0","0","1","0","0","0","2","0"
"995","6","forall NODE1,NODE0. ~locked_epoch4(NODE0) | ep_epoch0(NODE1) | ep_epoch1(NODE1) | ep_epoch2(NODE1) | ep_epoch3(NODE1) | held(NODE1) | NODE0 = NODE1","9","------0000---0--------1---------------","7","204","3","0401100020","0401100020","e0h0l1","------0000--","-0","--------1---","------------","0","4","0","1","1","0","0","0","2","0"
"996","6","forall NODE1,NODE0. ~locked_epoch4(NODE0) | ep_epoch0(NODE1) | ep_epoch1(NODE1) | ep_epoch2(NODE1) | ep_epoch3(NODE1) | locked_epoch5(NODE1) | NODE0 = NODE1","9","------0000------------1--0------------","7","202","21","0400110020","0400110020","e0l1l0","------0000--","--","--------1--0","------------","0","4","0","0","1","1","0","0","2","0"
"997","6","forall NODE1,NODE0. ~locked_epoch4(NODE0) | ep_epoch0(NODE1) | ep_epoch1(NODE1) | ep_epoch2(NODE1) | ep_epoch4(NODE0) | locked_epoch3(NODE1) | NODE0 = NODE1","9","----0-000------------01---------------","7","202","21","0400110020","0400110020","e0l1l0","----0-000---","--","-------01---","------------","0","4","0","0","1","1","0","0","2","0"
"998","6","forall NODE1,NODE0. ~locked_epoch4(NODE0) | ep_epoch0(NODE1) | ep_epoch1(NODE1) | ep_epoch2(NODE1) | ep_epoch5(NODE1) | locked_epoch3(NODE1) | NODE0 = NODE1","9","------000--0---------01---------------","7","202","21","0400110020","0400110020","e0l1l0","------000--0","--","-------01---","------------","0","4","0","0","1","1","0","0","2","0"
"999","6","forall NODE1,NODE0. ~locked_epoch4(NODE0) | ep_epoch0(NODE1) | ep_epoch1(NODE1) | ep_epoch2(NODE1) | held(NODE1) | locked_epoch3(NODE1) | NODE0 = NODE1","9","------000----0-------01---------------","7","196","7","0301110020","0301110020","e0h0l1l0","------000---","-0","-------01---","------------","0","3","0","1","1","1","0","0","2","0"
"1000","6","forall NODE1,NODE0. ~locked_epoch4(NODE0) | ep_epoch0(NODE1) | ep_epoch1(NODE1) | ep_epoch2(NODE1) | locked_epoch3(NODE1) | locked_epoch5(NODE1) | NODE0 = NODE1","9","------000------------01--0------------","7","193","21","0300120020","0300120020","e0l1l0","------000---","--","-------01--0","------------","0","3","0","0","1","2","0","0","2","0"
"1001","6","forall NODE1,NODE0. ~locked_epoch4(NODE0) | ep_epoch0(NODE1) | ep_epoch1(NODE1) | ep_epoch3(NODE1) | ep_epoch4(NODE0) | locked_epoch2(NODE1) | NODE0 = NODE1","9","----0-00-0---------0--1---------------","7","202","21","0400110020","0400110020","e0l1l0","----0-00-0--","--","-----0--1---","------------","0","4","0","0","1","1","0","0","2","0"
"1002","6","forall NODE1,NODE0. ~locked_epoch4(NODE0) | ep_epoch0(NODE1) | ep_epoch1(NODE1) | ep_epoch3(NODE1) | ep_epoch5(NODE1) | locked_epoch2(NODE1) | NODE0 = NODE1","9","------00-0-0-------0--1---------------","7","202","21","0400110020","0400110020","e0l1l0","------00-0-0","--","-----0--1---","------------","0","4","0","0","1","1","0","0","2","0"
"1003","6","forall NODE1,NODE0. ~locked_epoch4(NODE0) | ep_epoch0(NODE1) | ep_epoch1(NODE1) | ep_epoch3(NODE1) | held(NODE1) | locked_epoch2(NODE1) | NODE0 = NODE1","9","------00-0---0-----0--1---------------","7","196","7","0301110020","0301110020","e0h0l1l0","------00-0--","-0","-----0--1---","------------","0","3","0","1","1","1","0","0","2","0"
"1004","6","forall NODE1,NODE0. ~locked_epoch4(NODE0) | ep_epoch0(NODE1) | ep_epoch1(NODE1) | ep_epoch3(NODE1) | locked_epoch2(NODE1) | locked_epoch5(NODE1) | NODE0 = NODE1","9","------00-0---------0--1--0------------","7","193","21","0300120020","0300120020","e0l1l0","------00-0--","--","-----0--1--0","------------","0","3","0","0","1","2","0","0","2","0"
"1005","6","forall NODE1,NODE0. ~locked_epoch4(NODE0) | ep_epoch0(NODE1) | ep_epoch1(NODE1) | ep_epoch4(NODE0) | locked_epoch2(NODE1) | locked_epoch3(NODE1) | NODE0 = NODE1","9","----0-00-----------0-01---------------","7","193","21","0300120020","0300120020","e0l1l0","----0-00----","--","-----0-01---","------------","0","3","0","0","1","2","0","0","2","0"
"1006","6","forall NODE1,NODE0. ~locked_epoch4(NODE0) | ep_epoch0(NODE1) | ep_epoch1(NODE1) | ep_epoch5(NODE1) | locked_epoch2(NODE1) | locked_epoch3(NODE1) | NODE0 = NODE1","9","------00---0-------0-01---------------","7","193","21","0300120020","0300120020","e0l1l0","------00---0","--","-----0-01---","------------","0","3","0","0","1","2","0","0","2","0"
"1007","6","forall NODE1,NODE0. ~locked_epoch4(NODE0) | ep_epoch0(NODE1) | ep_epoch1(NODE1) | held(NODE1) | locked_epoch2(NODE1) | locked_epoch3(NODE1) | NODE0 = NODE1","9","------00-----0-----0-01---------------","7","183","4","0201120020","0201120020","e0h0l1l0","------00----","-0","-----0-01---","------------","0","2","0","1","1","2","0","0","2","0"
"1008","6","forall NODE1,NODE0. ~locked_epoch4(NODE0) | ep_epoch0(NODE1) | ep_epoch1(NODE1) | locked_epoch2(NODE1) | locked_epoch3(NODE1) | locked_epoch5(NODE1) | NODE0 = NODE1","9","------00-----------0-01--0------------","7","178","9","0200130020","0200130020","e0l1l0","------00----","--","-----0-01--0","------------","0","2","0","0","1","3","0","0","2","0"
"1009","6","forall NODE1,NODE0. ~locked_epoch5(NODE0) | ep_epoch0(NODE1) | ep_epoch1(NODE1) | ep_epoch2(NODE1) | ep_epoch3(NODE1) | ep_epoch4(NODE1) | NODE0 = NODE1","9","------00000-------------1-------------","7","208","5","0500100020","0500100020","e0l1","------00000-","--","----------1-","------------","0","5","0","0","1","0","0","0","2","0"
"1010","6","forall NODE1,NODE0. ~locked_epoch5(NODE0) | ep_epoch0(NODE1) | ep_epoch1(NODE1) | ep_epoch2(NODE1) | ep_epoch3(NODE1) | locked_epoch4(NODE1) | NODE0 = NODE1","9","------0000-------------01-------------","7","202","21","0400110020","0400110020","e0l1l0","------0000--","--","---------01-","------------","0","4","0","0","1","1","0","0","2","0"
"1011","6","forall NODE1,NODE0. ~locked_epoch5(NODE0) | ep_epoch0(NODE1) | ep_epoch1(NODE1) | ep_epoch2(NODE1) | ep_epoch4(NODE1) | locked_epoch3(NODE1) | NODE0 = NODE1","9","------000-0----------0--1-------------","7","202","21","0400110020","0400110020","e0l1l0","------000-0-","--","-------0--1-","------------","0","4","0","0","1","1","0","0","2","0"
"1012","6","forall NODE1,NODE0. ~locked_epoch5(NODE0) | ep_epoch0(NODE1) | ep_epoch1(NODE1) | ep_epoch2(NODE1) | locked_epoch3(NODE1) | locked_epoch4(NODE1) | NODE0 = NODE1","9","------000------------0-01-------------","7","193","21","0300120020","0300120020","e0l1l0","------000---","--","-------0-01-","------------","0","3","0","0","1","2","0","0","2","0"
"1013","6","forall NODE1,NODE0. ~locked_epoch5(NODE0) | ep_epoch0(NODE1) | ep_epoch1(NODE1) | ep_epoch3(NODE1) | ep_epoch4(NODE1) | locked_epoch2(NODE1) | NODE0 = NODE1","9","------00-00--------0----1-------------","7","202","21","0400110020","0400110020","e0l1l0","------00-00-","--","-----0----1-","------------","0","4","0","0","1","1","0","0","2","0"
"1014","6","forall NODE1,NODE0. ~locked_epoch5(NODE0) | ep_epoch0(NODE1) | ep_epoch1(NODE1) | ep_epoch3(NODE1) | locked_epoch2(NODE1) | locked_epoch4(NODE1) | NODE0 = NODE1","9","------00-0---------0---01-------------","7","193","21","0300120020","0300120020","e0l1l0","------00-0--","--","-----0---01-","------------","0","3","0","0","1","2","0","0","2","0"
"1015","6","forall NODE1,NODE0. ~locked_epoch5(NODE0) | ep_epoch0(NODE1) | ep_epoch1(NODE1) | ep_epoch4(NODE1) | locked_epoch2(NODE1) | locked_epoch3(NODE1) | NODE0 = NODE1","9","------00--0--------0-0--1-------------","7","193","21","0300120020","0300120020","e0l1l0","------00--0-","--","-----0-0--1-","------------","0","3","0","0","1","2","0","0","2","0"
"1016","6","forall NODE1,NODE0. ~locked_epoch5(NODE0) | ep_epoch0(NODE1) | ep_epoch1(NODE1) | locked_epoch2(NODE1) | locked_epoch3(NODE1) | locked_epoch4(NODE1) | NODE0 = NODE1","9","------00-----------0-0-01-------------","7","178","9","0200130020","0200130020","e0l1l0","------00----","--","-----0-0-01-","------------","0","2","0","0","1","3","0","0","2","0"
"1017","6","forall NODE1,NODE0. ~transfer_epoch5(NODE0) | ep_epoch0(NODE1) | ep_epoch1(NODE1) | ep_epoch2(NODE1) | ep_epoch3(NODE1) | ep_epoch4(NODE1)","8","00000-------------------------------1-","6","146","1","0500001020","0500001020","e0t1","00000-------","--","------------","----------1-","0","5","0","0","0","0","1","0","2","0"
"1018","6","forall NODE1,NODE0. ~transfer_epoch5(NODE0) | ep_epoch0(NODE1) | ep_epoch1(NODE1) | ep_epoch2(NODE1) | ep_epoch3(NODE1) | locked_epoch4(NODE1)","8","0000------------------0-------------1-","6","145","3","0400011020","0400011020","e0l0t1","0000--------","--","--------0---","----------1-","0","4","0","0","0","1","1","0","2","0"
"1019","6","forall NODE1,NODE2,NODE0. ~transfer_epoch5(NODE0) | ep_epoch0(NODE1) | ep_epoch1(NODE1) | ep_epoch2(NODE1) | ep_epoch3(NODE2) | locked_epoch3(NODE1) | ((NODE0 ~= NODE2 | NODE0 = NODE1) & (NODE0 ~= NODE1 | NODE0 = NODE2))","13","000------0----------0---------------1-","10","398","1","0400011030","0400011030","e0l0t1","000------0--","--","------0-----","----------1-","0","4","0","0","0","1","1","0","3","0"
"1020","6","forall NODE1,NODE0. ~transfer_epoch5(NODE0) | ep_epoch0(NODE1) | ep_epoch1(NODE1) | ep_epoch2(NODE1) | ep_epoch4(NODE1) | locked_epoch3(NODE1)","8","000-0---------------0---------------1-","6","145","3","0400011020","0400011020","e0l0t1","000-0-------","--","------0-----","----------1-","0","4","0","0","0","1","1","0","2","0"
"1021","6","forall NODE1,NODE0. ~transfer_epoch5(NODE0) | ep_epoch0(NODE1) | ep_epoch1(NODE1) | ep_epoch2(NODE1) | locked_epoch3(NODE1) | locked_epoch4(NODE1)","8","000-----------------0-0-------------1-","6","140","3","0300021020","0300021020","e0l0t1","000---------","--","------0-0---","----------1-","0","3","0","0","0","2","1","0","2","0"
"1022","6","forall NODE1,NODE0. ~transfer_epoch5(NODE0) | ep_epoch0(NODE1) | ep_epoch1(NODE1) | ep_epoch3(NODE1) | ep_epoch4(NODE1) | locked_epoch2(NODE1)","8","00-00-------------0-----------------1-","6","145","3","0400011020","0400011020","e0l0t1","00-00-------","--","----0-------","----------1-","0","4","0","0","0","1","1","0","2","0"
"1023","6","forall NODE1,NODE0. ~transfer_epoch5(NODE0) | ep_epoch0(NODE1) | ep_epoch1(NODE1) | ep_epoch3(NODE1) | locked_epoch2(NODE1) | locked_epoch4(NODE1)","8","00-0--------------0---0-------------1-","6","140","3","0300021020","0300021020","e0l0t1","00-0--------","--","----0---0---","----------1-","0","3","0","0","0","2","1","0","2","0"
"1024","6","forall NODE1,NODE2,NODE0. ~transfer_epoch5(NODE0) | ep_epoch0(NODE1) | ep_epoch1(NODE1) | ep_epoch3(NODE2) | locked_epoch2(NODE1) | locked_epoch3(NODE1) | ((NODE0 ~= NODE2 | NODE0 = NODE1) & (NODE0 ~= NODE1 | NODE0 = NODE2))","13","00-------0--------0-0---------------1-","10","391","1","0300021030","0300021030","e0l0t1","00-------0--","--","----0-0-----","----------1-","0","3","0","0","0","2","1","0","3","0"
"1025","6","forall NODE1,NODE0. ~transfer_epoch5(NODE0) | ep_epoch0(NODE1) | ep_epoch1(NODE1) | ep_epoch4(NODE1) | locked_epoch2(NODE1) | locked_epoch3(NODE1)","8","00--0-------------0-0---------------1-","6","140","3","0300021020","0300021020","e0l0t1","00--0-------","--","----0-0-----","----------1-","0","3","0","0","0","2","1","0","2","0"
"1026","6","forall NODE1,NODE0. ~transfer_epoch5(NODE0) | ep_epoch0(NODE1) | ep_epoch1(NODE1) | locked_epoch2(NODE1) | locked_epoch3(NODE1) | locked_epoch4(NODE1)","8","00----------------0-0-0-------------1-","6","130","1","0200031020","0200031020","e0l0t1","00----------","--","----0-0-0---","----------1-","0","2","0","0","0","3","1","0","2","0"
"1027","2","exists NODE0. ep_epoch0(NODE0) | ep_epoch1(NODE0) | locked_epoch3(NODE0)","4","00----00------------00----------------","3","21","3","e0l0","0400020001","e0l0","00----00----","--","------00----","------------","0","4","0","0","0","2","0","0","0","1"
"1028","2","exists NODE0. ep_epoch0(NODE0) | ep_epoch2(NODE0) | locked_epoch3(NODE0)","4","0-0---0-0-----------00----------------","3","21","3","e0l0","0400020001","e0l0","0-0---0-0---","--","------00----","------------","0","4","0","0","0","2","0","0","0","1"
"1029","6","forall NODE1,NODE0. ep_epoch0(NODE0) | ep_epoch0(NODE1) | ep_epoch2(NODE0) | locked_epoch2(NODE1) | locked_epoch3(NODE0) | locked_epoch3(NODE1) | NODE0 = NODE1","9","0-0---0------------000----------------","7","192","6","0300030020","0300030020","e0l0","0-0---0-----","--","-----000----","------------","0","3","0","0","0","3","0","0","2","0"
"1030","6","forall NODE0. ep_epoch0(NODE0) | ep_epoch1(NODE0) | ep_epoch2(NODE0) | ep_epoch3(NODE0) | ep_epoch4(NODE0) | ep_epoch5(NODE0)","7","000000--------------------------------","6","103","1","0600000010","0600000010","e0","000000------","--","------------","------------","0","6","0","0","0","0","0","0","1","0"
"1031","6","forall NODE0. ep_epoch0(NODE0) | ep_epoch1(NODE0) | ep_epoch2(NODE0) | ep_epoch3(NODE0) | ep_epoch4(NODE0) | held(NODE0)","7","00000-------0-------------------------","6","101","1","0501000010","0501000010","e0h0","00000-------","0-","------------","------------","0","5","0","1","0","0","0","0","1","0"
"1032","6","forall NODE0. ep_epoch0(NODE0) | ep_epoch1(NODE0) | ep_epoch2(NODE0) | ep_epoch3(NODE0) | ep_epoch4(NODE0) | locked_epoch5(NODE0)","7","00000-------------------0-------------","6","100","4","0500010010","0500010010","e0l0","00000-------","--","----------0-","------------","0","5","0","0","0","1","0","0","1","0"
"1033","6","forall NODE1,NODE0. ep_epoch0(NODE0) | ep_epoch1(NODE0) | ep_epoch2(NODE0) | ep_epoch3(NODE0) | ep_epoch4(NODE1) | locked_epoch4(NODE0) | NODE0 = NODE1","9","0000------0-----------0---------------","7","207","1","0500010020","0500010020","e0l0","0000------0-","--","--------0---","------------","0","5","0","0","0","1","0","0","2","0"
"1034","6","forall NODE0. ep_epoch0(NODE0) | ep_epoch1(NODE0) | ep_epoch2(NODE0) | ep_epoch3(NODE0) | ep_epoch5(NODE0) | locked_epoch4(NODE0)","7","0000-0----------------0---------------","6","100","4","0500010010","0500010010","e0l0","0000-0------","--","--------0---","------------","0","5","0","0","0","1","0","0","1","0"
"1035","6","forall NODE0. ep_epoch0(NODE0) | ep_epoch1(NODE0) | ep_epoch2(NODE0) | ep_epoch3(NODE0) | held(NODE0) | locked_epoch4(NODE0)","7","0000--------0---------0---------------","6","98","3","0401010010","0401010010","e0h0l0","0000--------","0-","--------0---","------------","0","4","0","1","0","1","0","0","1","0"
"1036","6","forall NODE1,NODE0. ep_epoch0(NODE0) | ep_epoch1(NODE0) | ep_epoch2(NODE0) | ep_epoch3(NODE0) | locked_epoch4(NODE0) | locked_epoch4(NODE1) | NODE0 = NODE1","9","0000------------------00--------------","7","201","3","0400020020","0400020020","e0l0","0000--------","--","--------00--","------------","0","4","0","0","0","2","0","0","2","0"
"1037","6","forall NODE0. ep_epoch0(NODE0) | ep_epoch1(NODE0) | ep_epoch2(NODE0) | ep_epoch3(NODE0) | locked_epoch4(NODE0) | locked_epoch5(NODE0)","7","0000------------------0-0-------------","6","97","6","0400020010","0400020010","e0l0","0000--------","--","--------0-0-","------------","0","4","0","0","0","2","0","0","1","0"
"1038","6","forall NODE0. ep_epoch0(NODE0) | ep_epoch1(NODE0) | ep_epoch2(NODE0) | ep_epoch4(NODE0) | ep_epoch5(NODE0) | locked_epoch3(NODE0)","7","000-00--------------0-----------------","6","100","4","0500010010","0500010010","e0l0","000-00------","--","------0-----","------------","0","5","0","0","0","1","0","0","1","0"
"1039","6","forall NODE0. ep_epoch0(NODE0) | ep_epoch1(NODE0) | ep_epoch2(NODE0) | ep_epoch4(NODE0) | held(NODE0) | locked_epoch3(NODE0)","7","000-0-------0-------0-----------------","6","98","3","0401010010","0401010010","e0h0l0","000-0-------","0-","------0-----","------------","0","4","0","1","0","1","0","0","1","0"
"1040","6","forall NODE0. ep_epoch0(NODE0) | ep_epoch1(NODE0) | ep_epoch2(NODE0) | ep_epoch4(NODE0) | locked_epoch3(NODE0) | locked_epoch5(NODE0)","7","000-0---------------0---0-------------","6","97","6","0400020010","0400020010","e0l0","000-0-------","--","------0---0-","------------","0","4","0","0","0","2","0","0","1","0"
"1041","6","forall NODE1,NODE0. ep_epoch0(NODE0) | ep_epoch1(NODE0) | ep_epoch2(NODE0) | ep_epoch4(NODE1) | locked_epoch3(NODE0) | locked_epoch4(NODE0) | NODE0 = NODE1","9","000-------0---------0-0---------------","7","201","3","0400020020","0400020020","e0l0","000-------0-","--","------0-0---","------------","0","4","0","0","0","2","0","0","2","0"
"1042","6","forall NODE0. ep_epoch0(NODE0) | ep_epoch1(NODE0) | ep_epoch2(NODE0) | ep_epoch5(NODE0) | locked_epoch3(NODE0) | locked_epoch4(NODE0)","7","000--0--------------0-0---------------","6","97","6","0400020010","0400020010","e0l0","000--0------","--","------0-0---","------------","0","4","0","0","0","2","0","0","1","0"
"1043","6","forall NODE0. ep_epoch0(NODE0) | ep_epoch1(NODE0) | ep_epoch2(NODE0) | held(NODE0) | locked_epoch3(NODE0) | locked_epoch4(NODE0)","7","000---------0-------0-0---------------","6","95","3","0301020010","0301020010","e0h0l0","000---------","0-","------0-0---","------------","0","3","0","1","0","2","0","0","1","0"
"1044","6","forall NODE1,NODE0. ep_epoch0(NODE0) | ep_epoch1(NODE0) | ep_epoch2(NODE0) | locked_epoch3(NODE0) | locked_epoch4(NODE0) | locked_epoch4(NODE1) | NODE0 = NODE1","9","000-----------------0-00--------------","7","192","6","0300030020","0300030020","e0l0","000---------","--","------0-00--","------------","0","3","0","0","0","3","0","0","2","0"
"1045","6","forall NODE0. ep_epoch0(NODE0) | ep_epoch1(NODE0) | ep_epoch2(NODE0) | locked_epoch3(NODE0) | locked_epoch4(NODE0) | locked_epoch5(NODE0)","7","000-----------------0-0-0-------------","6","93","4","0300030010","0300030010","e0l0","000---------","--","------0-0-0-","------------","0","3","0","0","0","3","0","0","1","0"
"1046","6","forall NODE1,NODE0. ep_epoch0(NODE0) | ep_epoch1(NODE0) | ep_epoch2(NODE1) | locked_epoch2(NODE0) | locked_epoch4(NODE0) | locked_epoch4(NODE1) | NODE0 = NODE1","9","00------0---------0---00--------------","7","192","6","0300030020","0300030020","e0l0","00------0---","--","----0---00--","------------","0","3","0","0","0","3","0","0","2","0"
"1047","6","forall NODE0. ep_epoch0(NODE0) | ep_epoch1(NODE0) | ep_epoch3(NODE0) | ep_epoch4(NODE0) | ep_epoch5(NODE0) | locked_epoch2(NODE0)","7","00-000------------0-------------------","6","100","4","0500010010","0500010010","e0l0","00-000------","--","----0-------","------------","0","5","0","0","0","1","0","0","1","0"
"1048","6","forall NODE0. ep_epoch0(NODE0) | ep_epoch1(NODE0) | ep_epoch3(NODE0) | ep_epoch4(NODE0) | held(NODE0) | locked_epoch2(NODE0)","7","00-00-------0-----0-------------------","6","98","3","0401010010","0401010010","e0h0l0","00-00-------","0-","----0-------","------------","0","4","0","1","0","1","0","0","1","0"
"1049","6","forall NODE0. ep_epoch0(NODE0) | ep_epoch1(NODE0) | ep_epoch3(NODE0) | ep_epoch4(NODE0) | locked_epoch2(NODE0) | locked_epoch5(NODE0)","7","00-00-------------0-----0-------------","6","97","6","0400020010","0400020010","e0l0","00-00-------","--","----0-----0-","------------","0","4","0","0","0","2","0","0","1","0"
"1050","6","forall NODE1,NODE0. ep_epoch0(NODE0) | ep_epoch1(NODE0) | ep_epoch3(NODE0) | ep_epoch4(NODE1) | locked_epoch2(NODE0) | locked_epoch4(NODE0) | NODE0 = NODE1","9","00-0------0-------0---0---------------","7","201","3","0400020020","0400020020","e0l0","00-0------0-","--","----0---0---","------------","0","4","0","0","0","2","0","0","2","0"
"1051","6","forall NODE0. ep_epoch0(NODE0) | ep_epoch1(NODE0) | ep_epoch3(NODE0) | ep_epoch5(NODE0) | locked_epoch2(NODE0) | locked_epoch4(NODE0)","7","00-0-0------------0---0---------------","6","97","6","0400020010","0400020010","e0l0","00-0-0------","--","----0---0---","------------","0","4","0","0","0","2","0","0","1","0"
"1052","6","forall NODE0. ep_epoch0(NODE0) | ep_epoch1(NODE0) | ep_epoch3(NODE0) | held(NODE0) | locked_epoch2(NODE0) | locked_epoch4(NODE0)","7","00-0--------0-----0---0---------------","6","95","3","0301020010","0301020010","e0h0l0","00-0--------","0-","----0---0---","------------","0","3","0","1","0","2","0","0","1","0"
"1053","6","forall NODE1,NODE0. ep_epoch0(NODE0) | ep_epoch1(NODE0) | ep_epoch3(NODE0) | locked_epoch2(NODE0) | locked_epoch4(NODE0) | locked_epoch4(NODE1) | NODE0 = NODE1","9","00-0--------------0---00--------------","7","192","6","0300030020","0300030020","e0l0","00-0--------","--","----0---00--","------------","0","3","0","0","0","3","0","0","2","0"
"1054","6","forall NODE0. ep_epoch0(NODE0) | ep_epoch1(NODE0) | ep_epoch3(NODE0) | locked_epoch2(NODE0) | locked_epoch4(NODE0) | locked_epoch5(NODE0)","7","00-0--------------0---0-0-------------","6","93","4","0300030010","0300030010","e0l0","00-0--------","--","----0---0-0-","------------","0","3","0","0","0","3","0","0","1","0"
"1055","6","forall NODE0. ep_epoch0(NODE0) | ep_epoch1(NODE0) | ep_epoch4(NODE0) | ep_epoch5(NODE0) | locked_epoch2(NODE0) | locked_epoch3(NODE0)","7","00--00------------0-0-----------------","6","97","6","0400020010","0400020010","e0l0","00--00------","--","----0-0-----","------------","0","4","0","0","0","2","0","0","1","0"
"1056","6","forall NODE0. ep_epoch0(NODE0) | ep_epoch1(NODE0) | ep_epoch4(NODE0) | held(NODE0) | locked_epoch2(NODE0) | locked_epoch3(NODE0)","7","00--0-------0-----0-0-----------------","6","95","3","0301020010","0301020010","e0h0l0","00--0-------","0-","----0-0-----","------------","0","3","0","1","0","2","0","0","1","0"
"1057","6","forall NODE0. ep_epoch0(NODE0) | ep_epoch1(NODE0) | ep_epoch4(NODE0) | locked_epoch2(NODE0) | locked_epoch3(NODE0) | locked_epoch5(NODE0)","7","00--0-------------0-0---0-------------","6","93","4","0300030010","0300030010","e0l0","00--0-------","--","----0-0---0-","------------","0","3","0","0","0","3","0","0","1","0"
"1058","6","forall NODE1,NODE0. ep_epoch0(NODE0) | ep_epoch1(NODE0) | ep_epoch4(NODE1) | locked_epoch2(NODE0) | locked_epoch3(NODE0) | locked_epoch4(NODE0) | NODE0 = NODE1","9","00--------0-------0-0-0---------------","7","192","6","0300030020","0300030020","e0l0","00--------0-","--","----0-0-0---","------------","0","3","0","0","0","3","0","0","2","0"
"1059","6","forall NODE0. ep_epoch0(NODE0) | ep_epoch1(NODE0) | ep_epoch5(NODE0) | locked_epoch2(NODE0) | locked_epoch3(NODE0) | locked_epoch4(NODE0)","7","00---0------------0-0-0---------------","6","93","4","0300030010","0300030010","e0l0","00---0------","--","----0-0-0---","------------","0","3","0","0","0","3","0","0","1","0"
"1060","6","forall NODE0. ep_epoch0(NODE0) | ep_epoch1(NODE0) | held(NODE0) | locked_epoch2(NODE0) | locked_epoch3(NODE0) | locked_epoch4(NODE0)","7","00----------0-----0-0-0---------------","6","89","1","0201030010","0201030010","e0h0l0","00----------","0-","----0-0-0---","------------","0","2","0","1","0","3","0","0","1","0"
"1061","6","forall NODE1,NODE0. ep_epoch0(NODE0) | ep_epoch1(NODE0) | locked_epoch2(NODE0) | locked_epoch3(NODE0) | locked_epoch4(NODE0) | locked_epoch4(NODE1) | NODE0 = NODE1","9","00----------------0-0-00--------------","7","177","1","0200040020","0200040020","e0l0","00----------","--","----0-0-00--","------------","0","2","0","0","0","4","0","0","2","0"
"1062","6","forall NODE0. ep_epoch0(NODE0) | ep_epoch1(NODE0) | locked_epoch2(NODE0) | locked_epoch3(NODE0) | locked_epoch4(NODE0) | locked_epoch5(NODE0)","7","00----------------0-0-0-0-------------","6","85","1","0200040010","0200040010","e0l0","00----------","--","----0-0-0-0-","------------","0","2","0","0","0","4","0","0","1","0"
"1063","6","forall NODE1,NODE0. ep_epoch0(NODE0) | held(NODE0) | locked_epoch2(NODE0) | locked_epoch2(NODE1) | transfer_epoch2(NODE0) | transfer_epoch2(NODE1) | NODE0 = NODE1","9","0-----------0-----00----------00------","7","173","2","0101020220","0101020220","e0h0l0t0","0-----------","0-","----00------","----00------","0","1","0","1","0","2","0","2","2","0"
"1064","2","exists NODE0. ep_epoch1(NODE0) | ep_epoch2(NODE0) | locked_epoch3(NODE0)","4","-00----00-----------00----------------","3","21","3","e0l0","0400020001","e0l0","-00----00---","--","------00----","------------","0","4","0","0","0","2","0","0","0","1"
"1065","6","forall NODE1,NODE0. ep_epoch1(NODE0) | ep_epoch1(NODE1) | ep_epoch2(NODE0) | locked_epoch2(NODE1) | locked_epoch3(NODE0) | locked_epoch3(NODE1) | NODE0 = NODE1","9","-00----0-----------000----------------","7","192","6","0300030020","0300030020","e0l0","-00----0----","--","-----000----","------------","0","3","0","0","0","3","0","0","2","0"
"1066","6","forall NODE1,NODE0. ep_epoch1(NODE0) | held(NODE1) | locked_epoch2(NODE0) | locked_epoch2(NODE1) | transfer_epoch2(NODE0) | transfer_epoch2(NODE1) | NODE0 = NODE1","9","-0-----------0----00----------00------","7","173","2","0101020220","0101020220","e0h0l0t0","-0----------","-0","----00------","----00------","0","1","0","1","0","2","0","2","2","0"
"1067","3","exists NODE0. held(NODE0) | locked_epoch2(NODE0) | transfer_epoch2(NODE0)","4","------------00----00----------00------","3","16","1","h0l0t0","0002020201","h0l0t0","------------","00","----00------","----00------","0","0","0","2","0","2","0","2","0","1"
"1068","7","forall NODE1,NODE0. ~ep_epoch0(NODE0) | ~locked_epoch2(NODE1) | ep_epoch2(NODE1) | ep_epoch3(NODE1) | held(NODE1) | transfer_epoch5(NODE0) | transfer_epoch5(NODE1) | NODE0 = NODE1","10","1-------00---0-----1----------------00","8","276","7","1201100220","1201100220","e1e0h0l1t0","1-------00--","-0","-----1------","----------00","1","2","0","1","1","0","0","2","2","0"
"1069","7","forall NODE1,NODE0. ~ep_epoch0(NODE0) | ~locked_epoch2(NODE1) | ep_epoch2(NODE1) | ep_epoch4(NODE1) | held(NODE1) | transfer_epoch4(NODE0) | transfer_epoch4(NODE1) | NODE0 = NODE1","10","1-------0-0--0-----1--------------00--","8","276","7","1201100220","1201100220","e1e0h0l1t0","1-------0-0-","-0","-----1------","--------00--","1","2","0","1","1","0","0","2","2","0"
"1070","7","forall NODE1,NODE0. ~ep_epoch0(NODE0) | ~locked_epoch2(NODE1) | ep_epoch2(NODE1) | held(NODE1) | locked_epoch4(NODE1) | transfer_epoch4(NODE0) | transfer_epoch4(NODE1) | NODE0 = NODE1","10","1-------0----0-----1---0----------00--","8","274","4","1101110220","1101110220","e1e0h0l1l0t0","1-------0---","-0","-----1---0--","--------00--","1","1","0","1","1","1","0","2","2","0"
"1071","7","forall NODE1,NODE0. ~ep_epoch0(NODE0) | ~locked_epoch2(NODE1) | ep_epoch3(NODE1) | ep_epoch4(NODE1) | held(NODE1) | transfer_epoch3(NODE0) | transfer_epoch3(NODE1) | NODE0 = NODE1","10","1--------00--0-----1------------00----","8","276","7","1201100220","1201100220","e1e0h0l1t0","1--------00-","-0","-----1------","------00----","1","2","0","1","1","0","0","2","2","0"
"1072","7","forall NODE1,NODE0. ~ep_epoch0(NODE0) | ~locked_epoch2(NODE1) | ep_epoch3(NODE1) | held(NODE1) | locked_epoch4(NODE1) | transfer_epoch3(NODE0) | transfer_epoch3(NODE1) | NODE0 = NODE1","10","1--------0---0-----1---0--------00----","8","274","4","1101110220","1101110220","e1e0h0l1l0t0","1--------0--","-0","-----1---0--","------00----","1","1","0","1","1","1","0","2","2","0"
"1073","7","forall NODE1,NODE0. ~ep_epoch0(NODE0) | ~locked_epoch3(NODE1) | held(NODE1) | transfer_epoch4(NODE0) | transfer_epoch4(NODE1) | transfer_epoch5(NODE0) | transfer_epoch5(NODE1) | NODE0 = NODE1","10","1------------0-------1------------0000","8","271","3","1001100420","1001100420","e1h0l1t0","1-----------","-0","-------1----","--------0000","1","0","0","1","1","0","0","4","2","0"
"1074","7","forall NODE1,NODE0. ~ep_epoch0(NODE0) | ep_epoch1(NODE1) | ep_epoch2(NODE1) | ep_epoch3(NODE1) | held(NODE1) | transfer_epoch5(NODE0) | transfer_epoch5(NODE1) | NODE0 = NODE1","10","1------000---0----------------------00","8","278","11","1301000220","1301000220","e1e0h0t0","1------000--","-0","------------","----------00","1","3","0","1","0","0","0","2","2","0"
"1075","7","forall NODE1,NODE0. ~ep_epoch0(NODE0) | ep_epoch1(NODE1) | ep_epoch2(NODE1) | ep_epoch4(NODE1) | held(NODE1) | transfer_epoch4(NODE0) | transfer_epoch4(NODE1) | NODE0 = NODE1","10","1------00-0--0--------------------00--","8","278","11","1301000220","1301000220","e1e0h0t0","1------00-0-","-0","------------","--------00--","1","3","0","1","0","0","0","2","2","0"
"1076","7","forall NODE1,NODE0. ~ep_epoch0(NODE0) | ep_epoch1(NODE1) | ep_epoch2(NODE1) | held(NODE1) | locked_epoch4(NODE1) | transfer_epoch4(NODE0) | transfer_epoch4(NODE1) | NODE0 = NODE1","10","1------00----0---------0----------00--","8","275","9","1201010220","1201010220","e1e0h0l0t0","1------00---","-0","---------0--","--------00--","1","2","0","1","0","1","0","2","2","0"
"1077","7","forall NODE1,NODE0. ~ep_epoch0(NODE0) | ep_epoch1(NODE1) | ep_epoch3(NODE1) | ep_epoch4(NODE1) | held(NODE1) | transfer_epoch3(NODE0) | transfer_epoch3(NODE1) | NODE0 = NODE1","10","1------0-00--0------------------00----","8","278","11","1301000220","1301000220","e1e0h0t0","1------0-00-","-0","------------","------00----","1","3","0","1","0","0","0","2","2","0"
"1078","7","forall NODE1,NODE0. ~ep_epoch0(NODE0) | ep_epoch1(NODE1) | ep_epoch3(NODE1) | held(NODE1) | locked_epoch4(NODE1) | transfer_epoch3(NODE0) | transfer_epoch3(NODE1) | NODE0 = NODE1","10","1------0-0---0---------0--------00----","8","275","9","1201010220","1201010220","e1e0h0l0t0","1------0-0--","-0","---------0--","------00----","1","2","0","1","0","1","0","2","2","0"
"1079","7","forall NODE1,NODE0. ~ep_epoch0(NODE0) | ep_epoch2(NODE1) | ep_epoch3(NODE1) | ep_epoch4(NODE1) | held(NODE1) | transfer_epoch2(NODE0) | transfer_epoch2(NODE1) | NODE0 = NODE1","10","1-------000--0----------------00------","8","278","11","1301000220","1301000220","e1e0h0t0","1-------000-","-0","------------","----00------","1","3","0","1","0","0","0","2","2","0"
"1080","7","forall NODE1,NODE0. ~ep_epoch0(NODE0) | ep_epoch2(NODE1) | ep_epoch3(NODE1) | held(NODE1) | locked_epoch4(NODE1) | transfer_epoch2(NODE0) | transfer_epoch2(NODE1) | NODE0 = NODE1","10","1-------00---0---------0------00------","8","275","9","1201010220","1201010220","e1e0h0l0t0","1-------00--","-0","---------0--","----00------","1","2","0","1","0","1","0","2","2","0"
"1081","7","forall NODE1,NODE0. ~ep_epoch0(NODE0) | held(NODE1) | locked_epoch3(NODE1) | transfer_epoch2(NODE0) | transfer_epoch2(NODE1) | transfer_epoch3(NODE0) | transfer_epoch3(NODE1) | NODE0 = NODE1","10","1------------0-------0--------0000----","8","270","1","1001010420","1001010420","e1h0l0t0","1-----------","-0","-------0----","----0000----","1","0","0","1","0","1","0","4","2","0"
"1082","7","forall NODE1,NODE0. ~ep_epoch1(NODE0) | ~locked_epoch2(NODE1) | ep_epoch2(NODE1) | ep_epoch3(NODE1) | held(NODE1) | transfer_epoch5(NODE0) | transfer_epoch5(NODE1) | NODE0 = NODE1","10","-1------00---0-----1----------------00","8","276","7","1201100220","1201100220","e1e0h0l1t0","-1------00--","-0","-----1------","----------00","1","2","0","1","1","0","0","2","2","0"
"1083","7","forall NODE1,NODE0. ~ep_epoch1(NODE0) | ~locked_epoch2(NODE1) | ep_epoch2(NODE1) | ep_epoch4(NODE1) | held(NODE1) | transfer_epoch4(NODE0) | transfer_epoch4(NODE1) | NODE0 = NODE1","10","-1------0-0--0-----1--------------00--","8","276","7","1201100220","1201100220","e1e0h0l1t0","-1------0-0-","-0","-----1------","--------00--","1","2","0","1","1","0","0","2","2","0"
"1084","7","forall NODE1,NODE0. ~ep_epoch1(NODE0) | ~locked_epoch2(NODE1) | ep_epoch2(NODE1) | held(NODE1) | locked_epoch4(NODE1) | transfer_epoch4(NODE0) | transfer_epoch4(NODE1) | NODE0 = NODE1","10","-1------0----0-----1---0----------00--","8","274","4","1101110220","1101110220","e1e0h0l1l0t0","-1------0---","-0","-----1---0--","--------00--","1","1","0","1","1","1","0","2","2","0"
"1085","7","forall NODE1,NODE0. ~ep_epoch1(NODE0) | ~locked_epoch2(NODE1) | ep_epoch3(NODE1) | ep_epoch4(NODE1) | held(NODE1) | transfer_epoch3(NODE0) | transfer_epoch3(NODE1) | NODE0 = NODE1","10","-1-------00--0-----1------------00----","8","276","7","1201100220","1201100220","e1e0h0l1t0","-1-------00-","-0","-----1------","------00----","1","2","0","1","1","0","0","2","2","0"
"1086","7","forall NODE1,NODE0. ~ep_epoch1(NODE0) | ~locked_epoch2(NODE1) | ep_epoch3(NODE1) | held(NODE1) | locked_epoch4(NODE1) | transfer_epoch3(NODE0) | transfer_epoch3(NODE1) | NODE0 = NODE1","10","-1-------0---0-----1---0--------00----","8","274","4","1101110220","1101110220","e1e0h0l1l0t0","-1-------0--","-0","-----1---0--","------00----","1","1","0","1","1","1","0","2","2","0"
"1087","7","forall NODE1,NODE0. ~ep_epoch1(NODE0) | ~locked_epoch3(NODE1) | held(NODE1) | transfer_epoch4(NODE0) | transfer_epoch4(NODE1) | transfer_epoch5(NODE0) | transfer_epoch5(NODE1) | NODE0 = NODE1","10","-1-----------0-------1------------0000","8","271","3","1001100420","1001100420","e1h0l1t0","-1----------","-0","-------1----","--------0000","1","0","0","1","1","0","0","4","2","0"
"1088","7","forall NODE1,NODE0. ~ep_epoch1(NODE0) | ep_epoch0(NODE1) | ep_epoch2(NODE1) | ep_epoch3(NODE1) | held(NODE1) | transfer_epoch5(NODE0) | transfer_epoch5(NODE1) | NODE0 = NODE1","10","-1----0-00---0----------------------00","8","278","11","1301000220","1301000220","e1e0h0t0","-1----0-00--","-0","------------","----------00","1","3","0","1","0","0","0","2","2","0"
"1089","7","forall NODE1,NODE0. ~ep_epoch1(NODE0) | ep_epoch0(NODE1) | ep_epoch2(NODE1) | ep_epoch4(NODE1) | held(NODE1) | transfer_epoch4(NODE0) | transfer_epoch4(NODE1) | NODE0 = NODE1","10","-1----0-0-0--0--------------------00--","8","278","11","1301000220","1301000220","e1e0h0t0","-1----0-0-0-","-0","------------","--------00--","1","3","0","1","0","0","0","2","2","0"
"1090","7","forall NODE1,NODE0. ~ep_epoch1(NODE0) | ep_epoch0(NODE1) | ep_epoch2(NODE1) | held(NODE1) | locked_epoch4(NODE1) | transfer_epoch4(NODE0) | transfer_epoch4(NODE1) | NODE0 = NODE1","10","-1----0-0----0---------0----------00--","8","275","9","1201010220","1201010220","e1e0h0l0t0","-1----0-0---","-0","---------0--","--------00--","1","2","0","1","0","1","0","2","2","0"
"1091","7","forall NODE1,NODE0. ~ep_epoch1(NODE0) | ep_epoch0(NODE1) | ep_epoch3(NODE1) | ep_epoch4(NODE1) | held(NODE1) | transfer_epoch3(NODE0) | transfer_epoch3(NODE1) | NODE0 = NODE1","10","-1----0--00--0------------------00----","8","278","11","1301000220","1301000220","e1e0h0t0","-1----0--00-","-0","------------","------00----","1","3","0","1","0","0","0","2","2","0"
"1092","7","forall NODE1,NODE0. ~ep_epoch1(NODE0) | ep_epoch0(NODE1) | ep_epoch3(NODE1) | held(NODE1) | locked_epoch4(NODE1) | transfer_epoch3(NODE0) | transfer_epoch3(NODE1) | NODE0 = NODE1","10","-1----0--0---0---------0--------00----","8","275","9","1201010220","1201010220","e1e0h0l0t0","-1----0--0--","-0","---------0--","------00----","1","2","0","1","0","1","0","2","2","0"
"1093","7","forall NODE1,NODE0. ~ep_epoch1(NODE0) | ep_epoch2(NODE1) | ep_epoch3(NODE1) | held(NODE0) | locked_epoch4(NODE1) | transfer_epoch2(NODE0) | transfer_epoch2(NODE1) | NODE0 = NODE1","10","-1------00--0----------0------00------","8","275","9","1201010220","1201010220","e1e0h0l0t0","-1------00--","0-","---------0--","----00------","1","2","0","1","0","1","0","2","2","0"
"1094","7","forall NODE1,NODE0. ~ep_epoch2(NODE0) | ~locked_epoch3(NODE1) | held(NODE1) | transfer_epoch4(NODE0) | transfer_epoch4(NODE1) | transfer_epoch5(NODE0) | transfer_epoch5(NODE1) | NODE0 = NODE1","10","--1----------0-------1------------0000","8","271","3","1001100420","1001100420","e1h0l1t0","--1---------","-0","-------1----","--------0000","1","0","0","1","1","0","0","4","2","0"
"1095","7","forall NODE1,NODE0. ~ep_epoch2(NODE0) | ep_epoch0(NODE1) | ep_epoch1(NODE1) | ep_epoch3(NODE1) | held(NODE1) | transfer_epoch5(NODE0) | transfer_epoch5(NODE1) | NODE0 = NODE1","10","--1---00-0---0----------------------00","8","278","11","1301000220","1301000220","e1e0h0t0","--1---00-0--","-0","------------","----------00","1","3","0","1","0","0","0","2","2","0"
"1096","7","forall NODE1,NODE0. ~ep_epoch2(NODE0) | ep_epoch0(NODE1) | ep_epoch1(NODE1) | ep_epoch4(NODE1) | held(NODE1) | transfer_epoch4(NODE0) | transfer_epoch4(NODE1) | NODE0 = NODE1","10","--1---00--0--0--------------------00--","8","278","11","1301000220","1301000220","e1e0h0t0","--1---00--0-","-0","------------","--------00--","1","3","0","1","0","0","0","2","2","0"
"1097","7","forall NODE1,NODE0. ~ep_epoch2(NODE0) | ep_epoch0(NODE1) | ep_epoch1(NODE1) | held(NODE1) | locked_epoch4(NODE1) | transfer_epoch4(NODE0) | transfer_epoch4(NODE1) | NODE0 = NODE1","10","--1---00-----0---------0----------00--","8","275","9","1201010220","1201010220","e1e0h0l0t0","--1---00----","-0","---------0--","--------00--","1","2","0","1","0","1","0","2","2","0"
"1098","7","forall NODE1,NODE0. ~ep_epoch2(NODE0) | ep_epoch3(NODE1) | ep_epoch4(NODE1) | ep_epoch5(NODE1) | held(NODE0) | transfer_epoch3(NODE0) | transfer_epoch3(NODE1) | NODE0 = NODE1","10","--1------0000-------------------00----","8","278","11","1301000220","1301000220","e1e0h0t0","--1------000","0-","------------","------00----","1","3","0","1","0","0","0","2","2","0"
"1099","7","forall NODE1,NODE0. ~ep_epoch2(NODE0) | ep_epoch3(NODE1) | ep_epoch4(NODE1) | held(NODE0) | held(NODE1) | transfer_epoch3(NODE0) | transfer_epoch3(NODE1) | NODE0 = NODE1","10","--1------00-00------------------00----","8","277","1","1202000220","1202000220","e1e0h0t0","--1------00-","00","------------","------00----","1","2","0","2","0","0","0","2","2","0"
"1100","7","forall NODE1,NODE0. ~ep_epoch2(NODE0) | ep_epoch3(NODE1) | ep_epoch4(NODE1) | held(NODE0) | locked_epoch5(NODE1) | transfer_epoch3(NODE0) | transfer_epoch3(NODE1) | NODE0 = NODE1","10","--1------00-0------------0------00----","8","275","9","1201010220","1201010220","e1e0h0l0t0","--1------00-","0-","-----------0","------00----","1","2","0","1","0","1","0","2","2","0"
"1101","7","forall NODE1,NODE0. ~ep_epoch3(NODE0) | ~locked_epoch2(NODE0) | ep_epoch0(NODE1) | ep_epoch1(NODE1) | held(NODE1) | transfer_epoch5(NODE0) | transfer_epoch5(NODE1) | NODE0 = NODE1","10","---1--00-----0----1-----------------00","8","276","7","1201100220","1201100220","e1e0h0l1t0","---1--00----","-0","----1-------","----------00","1","2","0","1","1","0","0","2","2","0"
"1102","7","forall NODE1,NODE0. ~ep_epoch3(NODE0) | ep_epoch0(NODE1) | ep_epoch1(NODE1) | ep_epoch2(NODE1) | held(NODE1) | transfer_epoch5(NODE0) | transfer_epoch5(NODE1) | NODE0 = NODE1","10","---1--000----0----------------------00","8","278","11","1301000220","1301000220","e1e0h0t0","---1--000---","-0","------------","----------00","1","3","0","1","0","0","0","2","2","0"
"1103","7","forall NODE1,NODE0. ~ep_epoch3(NODE0) | ep_epoch0(NODE1) | ep_epoch1(NODE1) | held(NODE1) | locked_epoch2(NODE1) | transfer_epoch5(NODE0) | transfer_epoch5(NODE1) | NODE0 = NODE1","10","---1--00-----0-----0----------------00","8","275","9","1201010220","1201010220","e1e0h0l0t0","---1--00----","-0","-----0------","----------00","1","2","0","1","0","1","0","2","2","0"
"1104","7","forall NODE1,NODE0. ~ep_epoch3(NODE0) | held(NODE0) | held(NODE1) | transfer_epoch4(NODE0) | transfer_epoch4(NODE1) | transfer_epoch5(NODE0) | transfer_epoch5(NODE1) | NODE0 = NODE1","10","---1--------00--------------------0000","8","272","1","1002000420","1002000420","e1h0t0","---1--------","00","------------","--------0000","1","0","0","2","0","0","0","4","2","0"
"1105","7","forall NODE1,NODE0. ~locked_epoch2(NODE0) | ~locked_epoch3(NODE0) | ep_epoch0(NODE1) | ep_epoch1(NODE1) | ep_epoch3(NODE0) | ep_epoch4(NODE0) | ep_epoch4(NODE1) | NODE0 = NODE1","10","---00-00--0-------1-1-----------------","8","264","2","0500200020","0500200020","e0l1","---00-00--0-","--","----1-1-----","------------","0","5","0","0","2","0","0","0","2","0"
"1106","7","forall NODE1,NODE0. ~locked_epoch2(NODE0) | ~locked_epoch3(NODE0) | ep_epoch0(NODE1) | ep_epoch1(NODE1) | ep_epoch3(NODE0) | ep_epoch5(NODE0) | ep_epoch5(NODE1) | NODE0 = NODE1","10","---0-000---0------1-1-----------------","8","264","2","0500200020","0500200020","e0l1","---0-000---0","--","----1-1-----","------------","0","5","0","0","2","0","0","0","2","0"
"1107","7","forall NODE1,NODE2,NODE3,NODE0. ~locked_epoch2(NODE0) | ~locked_epoch3(NODE0) | ep_epoch0(NODE1) | ep_epoch1(NODE1) | ep_epoch3(NODE0) | ep_epoch5(NODE2) | held(NODE3) | ((NODE0 ~= NODE3 | NODE1 ~= NODE2 | NODE0 = NODE1) & (NODE0 ~= NODE2 | NODE1 ~= NODE3 | NODE0 = NODE1))","17","---0-000-----0----1-1-----------------","13","471","1","0401200040","0401200040","e0h0l1","---0-000----","-0","----1-1-----","------------","0","4","0","1","2","0","0","0","4","0"
"1108","7","forall NODE1,NODE2,NODE3,NODE0. ~locked_epoch2(NODE0) | ~locked_epoch3(NODE0) | ep_epoch0(NODE1) | ep_epoch1(NODE1) | ep_epoch3(NODE0) | ep_epoch5(NODE2) | locked_epoch5(NODE3) | ((NODE0 ~= NODE3 | NODE1 ~= NODE2 | NODE0 = NODE1) & (NODE0 ~= NODE2 | NODE1 ~= NODE3 | NODE0 = NODE1))","17","---0-000----------1-1----0------------","13","467","1","0400210040","0400210040","e0l1l0","---0-000----","--","----1-1----0","------------","0","4","0","0","2","1","0","0","4","0"
"1109","7","forall NODE1,NODE0. ~locked_epoch2(NODE0) | ~locked_epoch3(NODE0) | ep_epoch0(NODE1) | ep_epoch1(NODE1) | ep_epoch3(NODE0) | held(NODE0) | held(NODE1) | NODE0 = NODE1","10","---0--00----00----1-1-----------------","8","255","1","0302200020","0302200020","e0h0l1","---0--00----","00","----1-1-----","------------","0","3","0","2","2","0","0","0","2","0"
"1110","7","forall NODE1,NODE2,NODE3,NODE0. ~locked_epoch2(NODE0) | ~locked_epoch3(NODE0) | ep_epoch0(NODE1) | ep_epoch1(NODE1) | ep_epoch3(NODE0) | held(NODE2) | locked_epoch5(NODE3) | ((NODE0 ~= NODE2 | NODE1 ~= NODE3 | NODE0 = NODE1) & (NODE0 ~= NODE3 | NODE1 ~= NODE2 | NODE0 = NODE1))","17","---0--00----0-----1-1----0------------","13","463","1","0301210040","0301210040","e0h0l1l0","---0--00----","0-","----1-1----0","------------","0","3","0","1","2","1","0","0","4","0"
"1111","7","forall NODE1,NODE0. ~locked_epoch2(NODE0) | ~locked_epoch3(NODE0) | ep_epoch0(NODE1) | ep_epoch1(NODE1) | ep_epoch3(NODE0) | locked_epoch5(NODE0) | locked_epoch5(NODE1) | NODE0 = NODE1","10","---0--00----------1-1---00------------","8","249","1","0300220020","0300220020","e0l1l0","---0--00----","--","----1-1---00","------------","0","3","0","0","2","2","0","0","2","0"
"1112","7","forall NODE1,NODE0. ~locked_epoch2(NODE0) | ~locked_epoch3(NODE1) | ep_epoch2(NODE0) | ep_epoch5(NODE1) | held(NODE0) | transfer_epoch5(NODE0) | transfer_epoch5(NODE1) | NODE0 = NODE1","10","--0--------00-----1--1--------------00","8","245","1","0201200220","0201200220","e0h0l1t0","--0--------0","0-","----1--1----","----------00","0","2","0","1","2","0","0","2","2","0"
"1113","7","forall NODE1,NODE0. ~locked_epoch2(NODE0) | ~locked_epoch3(NODE1) | ep_epoch2(NODE0) | held(NODE0) | held(NODE1) | transfer_epoch5(NODE0) | transfer_epoch5(NODE1) | NODE0 = NODE1","10","--0---------00----1--1--------------00","8","242","1","0102200220","0102200220","e0h0l1t0","--0---------","00","----1--1----","----------00","0","1","0","2","2","0","0","2","2","0"
"1114","7","forall NODE1,NODE0. ~locked_epoch2(NODE0) | ~locked_epoch3(NODE1) | ep_epoch2(NODE0) | held(NODE0) | locked_epoch5(NODE1) | transfer_epoch5(NODE0) | transfer_epoch5(NODE1) | NODE0 = NODE1","10","--0---------0-----1--1---0----------00","8","240","1","0101210220","0101210220","e0h0l1l0t0","--0---------","0-","----1--1---0","----------00","0","1","0","1","2","1","0","2","2","0"
"1115","7","forall NODE1,NODE2,NODE3,NODE0. ~locked_epoch2(NODE0) | ~transfer_epoch5(NODE1) | ep_epoch0(NODE2) | ep_epoch1(NODE2) | ep_epoch2(NODE0) | ep_epoch3(NODE1) | ep_epoch3(NODE3) | ((NODE0 ~= NODE3 | NODE1 ~= NODE2 | NODE0 = NODE1) & (NODE0 ~= NODE1 | NODE2 ~= NODE3 | NODE0 = NODE2))","17","--00--00-0--------1-----------------1-","13","474","1","0500101040","0500101040","e0l1t1","--00--00-0--","--","----1-------","----------1-","0","5","0","0","1","0","1","0","4","0"
"1116","7","forall NODE1,NODE2,NODE3,NODE0. ~locked_epoch2(NODE0) | ep_epoch0(NODE1) | ep_epoch1(NODE1) | ep_epoch2(NODE0) | ep_epoch4(NODE2) | ep_epoch5(NODE2) | locked_epoch4(NODE3) | ((NODE0 ~= NODE3 | NODE1 ~= NODE2 | NODE0 = NODE1) & (NODE0 ~= NODE2 | NODE1 ~= NODE3 | NODE0 = NODE1))","17","--0-0000----------1----0--------------","13","475","2","0500110040","0500110040","e0l1l0","--0-0000----","--","----1----0--","------------","0","5","0","0","1","1","0","0","4","0"
"1117","7","forall NODE1,NODE2,NODE3,NODE0. ~locked_epoch2(NODE0) | ep_epoch0(NODE1) | ep_epoch1(NODE1) | ep_epoch2(NODE0) | ep_epoch4(NODE2) | held(NODE2) | locked_epoch4(NODE3) | ((NODE0 ~= NODE3 | NODE1 ~= NODE2 | NODE0 = NODE1) & (NODE0 ~= NODE2 | NODE1 ~= NODE3 | NODE0 = NODE1))","17","--0-0-00----0-----1----0--------------","13","470","4","0401110040","0401110040","e0h0l1l0","--0-0-00----","0-","----1----0--","------------","0","4","0","1","1","1","0","0","4","0"
"1118","7","forall NODE1,NODE2,NODE3,NODE0. ~locked_epoch2(NODE0) | ep_epoch0(NODE1) | ep_epoch1(NODE1) | ep_epoch2(NODE0) | ep_epoch4(NODE2) | locked_epoch4(NODE3) | locked_epoch5(NODE2) | ((NODE0 ~= NODE3 | NODE1 ~= NODE2 | NODE0 = NODE1) & (NODE0 ~= NODE2 | NODE1 ~= NODE3 | NODE0 = NODE1))","17","--0-0-00----------1----00-------------","13","466","3","0400120040","0400120040","e0l1l0","--0-0-00----","--","----1----00-","------------","0","4","0","0","1","2","0","0","4","0"
"1119","7","forall NODE1,NODE0. ~locked_epoch2(NODE0) | ep_epoch0(NODE1) | ep_epoch1(NODE1) | ep_epoch3(NODE0) | ep_epoch4(NODE0) | ep_epoch4(NODE1) | locked_epoch3(NODE1) | NODE0 = NODE1","10","---00-00--0-------1--0----------------","8","263","5","0500110020","0500110020","e0l1l0","---00-00--0-","--","----1--0----","------------","0","5","0","0","1","1","0","0","2","0"
"1120","7","forall NODE1,NODE0. ~locked_epoch2(NODE0) | ep_epoch0(NODE1) | ep_epoch1(NODE1) | ep_epoch3(NODE0) | ep_epoch4(NODE0) | ep_epoch5(NODE0) | locked_epoch3(NODE1) | NODE0 = NODE1","10","---00000----------1--0----------------","8","263","5","0500110020","0500110020","e0l1l0","---00000----","--","----1--0----","------------","0","5","0","0","1","1","0","0","2","0"
"1121","7","forall NODE1,NODE0. ~locked_epoch2(NODE0) | ep_epoch0(NODE1) | ep_epoch1(NODE1) | ep_epoch3(NODE0) | ep_epoch4(NODE0) | held(NODE0) | locked_epoch3(NODE1) | NODE0 = NODE1","10","---00-00----0-----1--0----------------","8","259","1","0401110020","0401110020","e0h0l1l0","---00-00----","0-","----1--0----","------------","0","4","0","1","1","1","0","0","2","0"
"1122","7","forall NODE1,NODE0. ~locked_epoch2(NODE0) | ep_epoch0(NODE1) | ep_epoch1(NODE1) | ep_epoch3(NODE0) | ep_epoch4(NODE0) | locked_epoch3(NODE1) | locked_epoch5(NODE0) | NODE0 = NODE1","10","---00-00----------1--0--0-------------","8","257","4","0400120020","0400120020","e0l1l0","---00-00----","--","----1--0--0-","------------","0","4","0","0","1","2","0","0","2","0"
"1123","7","forall NODE1,NODE0. ~locked_epoch2(NODE0) | ep_epoch0(NODE1) | ep_epoch1(NODE1) | ep_epoch3(NODE0) | ep_epoch4(NODE1) | locked_epoch3(NODE1) | locked_epoch4(NODE0) | NODE0 = NODE1","10","---0--00--0-------1--00---------------","8","257","4","0400120020","0400120020","e0l1l0","---0--00--0-","--","----1--00---","------------","0","4","0","0","1","2","0","0","2","0"
"1124","7","forall NODE1,NODE0. ~locked_epoch2(NODE0) | ep_epoch0(NODE1) | ep_epoch1(NODE1) | ep_epoch3(NODE0) | ep_epoch5(NODE0) | ep_epoch5(NODE1) | locked_epoch3(NODE1) | NODE0 = NODE1","10","---0-000---0------1--0----------------","8","263","5","0500110020","0500110020","e0l1l0","---0-000---0","--","----1--0----","------------","0","5","0","0","1","1","0","0","2","0"
"1125","7","forall NODE1,NODE2,NODE3,NODE0. ~locked_epoch2(NODE0) | ep_epoch0(NODE1) | ep_epoch1(NODE1) | ep_epoch3(NODE0) | ep_epoch5(NODE2) | held(NODE3) | locked_epoch3(NODE1) | ((NODE0 ~= NODE3 | NODE1 ~= NODE2 | NODE0 = NODE1) & (NODE0 ~= NODE2 | NODE1 ~= NODE3 | NODE0 = NODE1))","17","---0-000-----0----1--0----------------","13","470","4","0401110040","0401110040","e0h0l1l0","---0-000----","-0","----1--0----","------------","0","4","0","1","1","1","0","0","4","0"
"1126","7","forall NODE1,NODE0. ~locked_epoch2(NODE0) | ep_epoch0(NODE1) | ep_epoch1(NODE1) | ep_epoch3(NODE0) | ep_epoch5(NODE0) | locked_epoch3(NODE1) | locked_epoch4(NODE0) | NODE0 = NODE1","10","---0-000----------1--00---------------","8","257","4","0400120020","0400120020","e0l1l0","---0-000----","--","----1--00---","------------","0","4","0","0","1","2","0","0","2","0"
"1127","7","forall NODE1,NODE2,NODE3,NODE0. ~locked_epoch2(NODE0) | ep_epoch0(NODE1) | ep_epoch1(NODE1) | ep_epoch3(NODE0) | ep_epoch5(NODE2) | locked_epoch3(NODE1) | locked_epoch5(NODE3) | ((NODE0 ~= NODE2 | NODE1 ~= NODE3 | NODE0 = NODE1) & (NODE0 ~= NODE3 | NODE1 ~= NODE2 | NODE0 = NODE1))","17","---0-000----------1--0---0------------","13","466","3","0400120040","0400120040","e0l1l0","---0-000----","--","----1--0---0","------------","0","4","0","0","1","2","0","0","4","0"
"1128","7","forall NODE1,NODE0. ~locked_epoch2(NODE0) | ep_epoch0(NODE1) | ep_epoch1(NODE1) | ep_epoch3(NODE0) | held(NODE0) | held(NODE1) | locked_epoch3(NODE1) | NODE0 = NODE1","10","---0--00----00----1--0----------------","8","254","2","0302110020","0302110020","e0h0l1l0","---0--00----","00","----1--0----","------------","0","3","0","2","1","1","0","0","2","0"
"1129","7","forall NODE1,NODE0. ~locked_epoch2(NODE0) | ep_epoch0(NODE1) | ep_epoch1(NODE1) | ep_epoch3(NODE0) | held(NODE0) | locked_epoch3(NODE1) | locked_epoch4(NODE0) | NODE0 = NODE1","10","---0--00----0-----1--00---------------","8","252","1","0301120020","0301120020","e0h0l1l0","---0--00----","0-","----1--00---","------------","0","3","0","1","1","2","0","0","2","0"
"1130","7","forall NODE1,NODE2,NODE3,NODE0. ~locked_epoch2(NODE0) | ep_epoch0(NODE1) | ep_epoch1(NODE1) | ep_epoch3(NODE0) | held(NODE2) | locked_epoch3(NODE1) | locked_epoch5(NODE3) | ((NODE0 ~= NODE2 | NODE1 ~= NODE3 | NODE0 = NODE1) & (NODE0 ~= NODE3 | NODE1 ~= NODE2 | NODE0 = NODE1))","17","---0--00----0-----1--0---0------------","13","462","2","0301120040","0301120040","e0h0l1l0","---0--00----","0-","----1--0---0","------------","0","3","0","1","1","2","0","0","4","0"
"1131","7","forall NODE1,NODE0. ~locked_epoch2(NODE0) | ep_epoch0(NODE1) | ep_epoch1(NODE1) | ep_epoch3(NODE0) | locked_epoch3(NODE1) | locked_epoch4(NODE0) | locked_epoch5(NODE0) | NODE0 = NODE1","10","---0--00----------1--00-0-------------","8","248","3","0300130020","0300130020","e0l1l0","---0--00----","--","----1--00-0-","------------","0","3","0","0","1","3","0","0","2","0"
"1132","7","forall NODE1,NODE0. ~locked_epoch2(NODE0) | ep_epoch0(NODE1) | ep_epoch1(NODE1) | ep_epoch3(NODE0) | locked_epoch3(NODE1) | locked_epoch5(NODE0) | locked_epoch5(NODE1) | NODE0 = NODE1","10","---0--00----------1--0--00------------","8","248","3","0300130020","0300130020","e0l1l0","---0--00----","--","----1--0--00","------------","0","3","0","0","1","3","0","0","2","0"
"1133","7","forall NODE1,NODE0. ~locked_epoch2(NODE0) | ep_epoch2(NODE0) | ep_epoch3(NODE0) | ep_epoch5(NODE1) | held(NODE0) | transfer_epoch5(NODE0) | transfer_epoch5(NODE1) | NODE0 = NODE1","10","--00-------00-----1-----------------00","8","251","2","0301100220","0301100220","e0h0l1t0","--00-------0","0-","----1-------","----------00","0","3","0","1","1","0","0","2","2","0"
"1134","7","forall NODE1,NODE0. ~locked_epoch2(NODE0) | ep_epoch2(NODE0) | ep_epoch3(NODE0) | held(NODE0) | held(NODE1) | transfer_epoch5(NODE0) | transfer_epoch5(NODE1) | NODE0 = NODE1","10","--00--------00----1-----------------00","8","246","2","0202100220","0202100220","e0h0l1t0","--00--------","00","----1-------","----------00","0","2","0","2","1","0","0","2","2","0"
"1135","7","forall NODE1,NODE0. ~locked_epoch2(NODE0) | ep_epoch2(NODE0) | ep_epoch3(NODE0) | held(NODE0) | locked_epoch5(NODE1) | transfer_epoch5(NODE0) | transfer_epoch5(NODE1) | NODE0 = NODE1","10","--00--------0-----1------0----------00","8","244","7","0201110220","0201110220","e0h0l1l0t0","--00--------","0-","----1------0","----------00","0","2","0","1","1","1","0","2","2","0"
"1136","7","forall NODE1,NODE0. ~locked_epoch2(NODE0) | ep_epoch2(NODE0) | ep_epoch4(NODE0) | held(NODE0) | locked_epoch4(NODE1) | transfer_epoch4(NODE0) | transfer_epoch4(NODE1) | NODE0 = NODE1","10","--0-0-------0-----1----0----------00--","8","244","7","0201110220","0201110220","e0h0l1l0t0","--0-0-------","0-","----1----0--","--------00--","0","2","0","1","1","1","0","2","2","0"
"1137","7","forall NODE1,NODE0. ~locked_epoch2(NODE0) | ep_epoch2(NODE0) | ep_epoch5(NODE1) | held(NODE0) | locked_epoch3(NODE0) | transfer_epoch5(NODE0) | transfer_epoch5(NODE1) | NODE0 = NODE1","10","--0--------00-----1-0---------------00","8","244","7","0201110220","0201110220","e0h0l1l0t0","--0--------0","0-","----1-0-----","----------00","0","2","0","1","1","1","0","2","2","0"
"1138","7","forall NODE1,NODE0. ~locked_epoch2(NODE0) | ep_epoch2(NODE0) | held(NODE0) | held(NODE1) | locked_epoch3(NODE0) | transfer_epoch5(NODE0) | transfer_epoch5(NODE1) | NODE0 = NODE1","10","--0---------00----1-0---------------00","8","241","3","0102110220","0102110220","e0h0l1l0t0","--0---------","00","----1-0-----","----------00","0","1","0","2","1","1","0","2","2","0"
"1139","7","forall NODE1,NODE0. ~locked_epoch2(NODE0) | ep_epoch2(NODE0) | held(NODE0) | locked_epoch3(NODE0) | locked_epoch5(NODE1) | transfer_epoch5(NODE0) | transfer_epoch5(NODE1) | NODE0 = NODE1","10","--0---------0-----1-0----0----------00","8","239","5","0101120220","0101120220","e0h0l1l0t0","--0---------","0-","----1-0----0","----------00","0","1","0","1","1","2","0","2","2","0"
"1140","7","forall NODE1,NODE0. ~locked_epoch2(NODE0) | ep_epoch2(NODE0) | held(NODE0) | locked_epoch4(NODE0) | locked_epoch4(NODE1) | transfer_epoch4(NODE0) | transfer_epoch4(NODE1) | NODE0 = NODE1","10","--0---------0-----1---00----------00--","8","239","5","0101120220","0101120220","e0h0l1l0t0","--0---------","0-","----1---00--","--------00--","0","1","0","1","1","2","0","2","2","0"
"1141","7","forall NODE1,NODE0. ~locked_epoch2(NODE0) | ep_epoch3(NODE0) | ep_epoch4(NODE0) | held(NODE0) | locked_epoch3(NODE1) | transfer_epoch3(NODE0) | transfer_epoch3(NODE1) | NODE0 = NODE1","10","---00-------0-----1--0----------00----","8","244","7","0201110220","0201110220","e0h0l1l0t0","---00-------","0-","----1--0----","------00----","0","2","0","1","1","1","0","2","2","0"
"1142","7","forall NODE1,NODE0. ~locked_epoch2(NODE0) | ep_epoch3(NODE0) | held(NODE0) | locked_epoch3(NODE1) | locked_epoch4(NODE0) | transfer_epoch3(NODE0) | transfer_epoch3(NODE1) | NODE0 = NODE1","10","---0--------0-----1--00---------00----","8","239","5","0101120220","0101120220","e0h0l1l0t0","---0--------","0-","----1--00---","------00----","0","1","0","1","1","2","0","2","2","0"
"1143","7","forall NODE1,NODE0. ~locked_epoch3(NODE0) | ep_epoch0(NODE1) | ep_epoch1(NODE1) | ep_epoch2(NODE1) | ep_epoch3(NODE0) | ep_epoch4(NODE0) | ep_epoch4(NODE1) | NODE0 = NODE1","10","---00-000-0---------1-----------------","8","268","2","0600100020","0600100020","e0l1","---00-000-0-","--","------1-----","------------","0","6","0","0","1","0","0","0","2","0"
"1144","7","forall NODE1,NODE0. ~locked_epoch3(NODE0) | ep_epoch0(NODE1) | ep_epoch1(NODE1) | ep_epoch2(NODE1) | ep_epoch3(NODE0) | ep_epoch5(NODE0) | ep_epoch5(NODE1) | NODE0 = NODE1","10","---0-0000--0--------1-----------------","8","268","2","0600100020","0600100020","e0l1","---0-0000--0","--","------1-----","------------","0","6","0","0","1","0","0","0","2","0"
"1145","7","forall NODE1,NODE2,NODE3,NODE0. ~locked_epoch3(NODE0) | ep_epoch0(NODE1) | ep_epoch1(NODE1) | ep_epoch2(NODE1) | ep_epoch3(NODE0) | ep_epoch5(NODE2) | held(NODE3) | ((NODE0 ~= NODE3 | NODE1 ~= NODE2 | NODE0 = NODE1) & (NODE0 ~= NODE2 | NODE1 ~= NODE3 | NODE0 = NODE1))","17","---0-0000----0------1-----------------","13","478","1","0501100040","0501100040","e0h0l1","---0-0000---","-0","------1-----","------------","0","5","0","1","1","0","0","0","4","0"
"1146","7","forall NODE1,NODE2,NODE3,NODE0. ~locked_epoch3(NODE0) | ep_epoch0(NODE1) | ep_epoch1(NODE1) | ep_epoch2(NODE1) | ep_epoch3(NODE0) | ep_epoch5(NODE2) | locked_epoch5(NODE3) | ((NODE0 ~= NODE3 | NODE1 ~= NODE2 | NODE0 = NODE1) & (NODE0 ~= NODE2 | NODE1 ~= NODE3 | NODE0 = NODE1))","17","---0-0000-----------1----0------------","13","475","2","0500110040","0500110040","e0l1l0","---0-0000---","--","------1----0","------------","0","5","0","0","1","1","0","0","4","0"
"1147","7","forall NODE1,NODE0. ~locked_epoch3(NODE0) | ep_epoch0(NODE1) | ep_epoch1(NODE1) | ep_epoch2(NODE1) | ep_epoch3(NODE0) | held(NODE0) | held(NODE1) | NODE0 = NODE1","10","---0--000---00------1-----------------","8","261","1","0402100020","0402100020","e0h0l1","---0--000---","00","------1-----","------------","0","4","0","2","1","0","0","0","2","0"
"1148","7","forall NODE1,NODE2,NODE3,NODE0. ~locked_epoch3(NODE0) | ep_epoch0(NODE1) | ep_epoch1(NODE1) | ep_epoch2(NODE1) | ep_epoch3(NODE0) | held(NODE2) | locked_epoch5(NODE3) | ((NODE0 ~= NODE3 | NODE1 ~= NODE2 | NODE0 = NODE1) & (NODE0 ~= NODE2 | NODE1 ~= NODE3 | NODE0 = NODE1))","17","---0--000---0-------1----0------------","13","470","4","0401110040","0401110040","e0h0l1l0","---0--000---","0-","------1----0","------------","0","4","0","1","1","1","0","0","4","0"
"1149","7","forall NODE1,NODE0. ~locked_epoch3(NODE0) | ep_epoch0(NODE1) | ep_epoch1(NODE1) | ep_epoch2(NODE1) | ep_epoch3(NODE0) | locked_epoch5(NODE0) | locked_epoch5(NODE1) | NODE0 = NODE1","10","---0--000-----------1---00------------","8","257","4","0400120020","0400120020","e0l1l0","---0--000---","--","------1---00","------------","0","4","0","0","1","2","0","0","2","0"
"1150","7","forall NODE1,NODE0. ~locked_epoch3(NODE0) | ep_epoch0(NODE1) | ep_epoch1(NODE1) | ep_epoch3(NODE0) | ep_epoch4(NODE0) | ep_epoch4(NODE1) | locked_epoch2(NODE1) | NODE0 = NODE1","10","---00-00--0--------01-----------------","8","263","5","0500110020","0500110020","e0l1l0","---00-00--0-","--","-----01-----","------------","0","5","0","0","1","1","0","0","2","0"
"1151","7","forall NODE1,NODE0. ~locked_epoch3(NODE0) | ep_epoch0(NODE1) | ep_epoch1(NODE1) | ep_epoch3(NODE0) | ep_epoch5(NODE0) | ep_epoch5(NODE1) | locked_epoch2(NODE1) | NODE0 = NODE1","10","---0-000---0-------01-----------------","8","263","5","0500110020","0500110020","e0l1l0","---0-000---0","--","-----01-----","------------","0","5","0","0","1","1","0","0","2","0"
"1152","7","forall NODE1,NODE2,NODE3,NODE0. ~locked_epoch3(NODE0) | ep_epoch0(NODE1) | ep_epoch1(NODE1) | ep_epoch3(NODE0) | ep_epoch5(NODE2) | held(NODE3) | locked_epoch2(NODE1) | ((NODE0 ~= NODE2 | NODE1 ~= NODE3 | NODE0 = NODE1) & (NODE0 ~= NODE3 | NODE1 ~= NODE2 | NODE0 = NODE1))","17","---0-000-----0-----01-----------------","13","470","4","0401110040","0401110040","e0h0l1l0","---0-000----","-0","-----01-----","------------","0","4","0","1","1","1","0","0","4","0"
"1153","7","forall NODE1,NODE2,NODE3,NODE0. ~locked_epoch3(NODE0) | ep_epoch0(NODE1) | ep_epoch1(NODE1) | ep_epoch3(NODE0) | ep_epoch5(NODE2) | locked_epoch2(NODE1) | locked_epoch5(NODE3) | ((NODE0 ~= NODE3 | NODE1 ~= NODE2 | NODE0 = NODE1) & (NODE0 ~= NODE2 | NODE1 ~= NODE3 | NODE0 = NODE1))","17","---0-000-----------01----0------------","13","466","3","0400120040","0400120040","e0l1l0","---0-000----","--","-----01----0","------------","0","4","0","0","1","2","0","0","4","0"
"1154","7","forall NODE1,NODE0. ~locked_epoch3(NODE0) | ep_epoch0(NODE1) | ep_epoch1(NODE1) | ep_epoch3(NODE0) | held(NODE0) | held(NODE1) | locked_epoch2(NODE1) | NODE0 = NODE1","10","---0--00----00-----01-----------------","8","254","2","0302110020","0302110020","e0h0l1l0","---0--00----","00","-----01-----","------------","0","3","0","2","1","1","0","0","2","0"
"1155","7","forall NODE1,NODE2,NODE3,NODE0. ~locked_epoch3(NODE0) | ep_epoch0(NODE1) | ep_epoch1(NODE1) | ep_epoch3(NODE0) | held(NODE2) | locked_epoch2(NODE1) | locked_epoch5(NODE3) | ((NODE0 ~= NODE3 | NODE1 ~= NODE2 | NODE0 = NODE1) & (NODE0 ~= NODE2 | NODE1 ~= NODE3 | NODE0 = NODE1))","17","---0--00----0------01----0------------","13","462","2","0301120040","0301120040","e0h0l1l0","---0--00----","0-","-----01----0","------------","0","3","0","1","1","2","0","0","4","0"
"1156","7","forall NODE1,NODE0. ~locked_epoch3(NODE0) | ep_epoch0(NODE1) | ep_epoch1(NODE1) | ep_epoch3(NODE0) | locked_epoch2(NODE1) | locked_epoch5(NODE0) | locked_epoch5(NODE1) | NODE0 = NODE1","10","---0--00-----------01---00------------","8","248","3","0300130020","0300130020","e0l1l0","---0--00----","--","-----01---00","------------","0","3","0","0","1","3","0","0","2","0"
"1157","7","forall NODE1,NODE0. ~locked_epoch3(NODE0) | ep_epoch2(NODE1) | ep_epoch5(NODE0) | held(NODE1) | locked_epoch2(NODE0) | transfer_epoch5(NODE0) | transfer_epoch5(NODE1) | NODE0 = NODE1","10","-----0--0----0----0-1---------------00","8","244","7","0201110220","0201110220","e0h0l1l0t0","-----0--0---","-0","----0-1-----","----------00","0","2","0","1","1","1","0","2","2","0"
"1158","7","forall NODE1,NODE0. ~locked_epoch3(NODE0) | ep_epoch2(NODE1) | held(NODE0) | held(NODE1) | locked_epoch2(NODE0) | transfer_epoch5(NODE0) | transfer_epoch5(NODE1) | NODE0 = NODE1","10","--------0---00----0-1---------------00","8","241","3","0102110220","0102110220","e0h0l1l0t0","--------0---","00","----0-1-----","----------00","0","1","0","2","1","1","0","2","2","0"
"1159","7","forall NODE1,NODE0. ~locked_epoch3(NODE0) | ep_epoch2(NODE1) | held(NODE1) | locked_epoch2(NODE0) | locked_epoch5(NODE0) | transfer_epoch5(NODE0) | transfer_epoch5(NODE1) | NODE0 = NODE1","10","--------0----0----0-1---0-----------00","8","239","5","0101120220","0101120220","e0h0l1l0t0","--------0---","-0","----0-1---0-","----------00","0","1","0","1","1","2","0","2","2","0"
"1160","7","forall NODE1,NODE0. ~locked_epoch3(NODE0) | ep_epoch4(NODE0) | ep_epoch4(NODE1) | ep_epoch5(NODE1) | held(NODE0) | transfer_epoch4(NODE0) | transfer_epoch4(NODE1) | NODE0 = NODE1","10","----0-----000-------1-------------00--","8","251","2","0301100220","0301100220","e0h0l1t0","----0-----00","0-","------1-----","--------00--","0","3","0","1","1","0","0","2","2","0"
"1161","7","forall NODE1,NODE0. ~locked_epoch3(NODE0) | ep_epoch4(NODE0) | ep_epoch4(NODE1) | held(NODE0) | held(NODE1) | transfer_epoch4(NODE0) | transfer_epoch4(NODE1) | NODE0 = NODE1","10","----0-----0-00------1-------------00--","8","246","2","0202100220","0202100220","e0h0l1t0","----0-----0-","00","------1-----","--------00--","0","2","0","2","1","0","0","2","2","0"
"1162","7","forall NODE1,NODE0. ~locked_epoch3(NODE0) | ep_epoch4(NODE0) | ep_epoch4(NODE1) | held(NODE0) | locked_epoch5(NODE1) | transfer_epoch4(NODE0) | transfer_epoch4(NODE1) | NODE0 = NODE1","10","----0-----0-0-------1----0--------00--","8","244","7","0201110220","0201110220","e0h0l1l0t0","----0-----0-","0-","------1----0","--------00--","0","2","0","1","1","1","0","2","2","0"
"1163","7","forall NODE1,NODE0. ~locked_epoch3(NODE0) | ep_epoch4(NODE1) | ep_epoch5(NODE1) | held(NODE0) | locked_epoch4(NODE0) | transfer_epoch4(NODE0) | transfer_epoch4(NODE1) | NODE0 = NODE1","10","----------000-------1-0-----------00--","8","244","7","0201110220","0201110220","e0h0l1l0t0","----------00","0-","------1-0---","--------00--","0","2","0","1","1","1","0","2","2","0"
"1164","7","forall NODE1,NODE0. ~locked_epoch3(NODE0) | ep_epoch4(NODE1) | held(NODE0) | held(NODE1) | locked_epoch4(NODE0) | transfer_epoch4(NODE0) | transfer_epoch4(NODE1) | NODE0 = NODE1","10","----------0-00------1-0-----------00--","8","241","3","0102110220","0102110220","e0h0l1l0t0","----------0-","00","------1-0---","--------00--","0","1","0","2","1","1","0","2","2","0"
"1165","7","forall NODE1,NODE0. ~locked_epoch3(NODE0) | ep_epoch4(NODE1) | held(NODE0) | locked_epoch4(NODE0) | locked_epoch5(NODE1) | transfer_epoch4(NODE0) | transfer_epoch4(NODE1) | NODE0 = NODE1","10","----------0-0-------1-0--0--------00--","8","239","5","0101120220","0101120220","e0h0l1l0t0","----------0-","0-","------1-0--0","--------00--","0","1","0","1","1","2","0","2","2","0"
"1166","7","forall NODE1,NODE0. ~locked_epoch3(NODE0) | held(NODE0) | held(NODE1) | transfer_epoch4(NODE0) | transfer_epoch4(NODE1) | transfer_epoch5(NODE0) | transfer_epoch5(NODE1) | NODE0 = NODE1","10","------------00------1-------------0000","8","237","1","0002100420","0002100420","h0l1t0","------------","00","------1-----","--------0000","0","0","0","2","1","0","0","4","2","0"
"1167","7","forall NODE1,NODE0. ~transfer_epoch4(NODE0) | ep_epoch0(NODE0) | ep_epoch0(NODE1) | ep_epoch1(NODE0) | ep_epoch1(NODE1) | ep_epoch2(NODE0) | ep_epoch2(NODE1) | NODE0 = NODE1","10","000---000-------------------------1---","8","266","1","0600001020","0600001020","e0t1","000---000---","--","------------","--------1---","0","6","0","0","0","0","1","0","2","0"
"1168","7","forall NODE1,NODE2,NODE3,NODE0. ~transfer_epoch5(NODE0) | ep_epoch0(NODE1) | ep_epoch1(NODE1) | ep_epoch2(NODE2) | ep_epoch3(NODE0) | ep_epoch3(NODE3) | locked_epoch2(NODE1) | ((NODE0 ~= NODE1 | NODE2 ~= NODE3 | NODE0 = NODE2) & (NODE0 ~= NODE2 | NODE1 ~= NODE3 | NODE0 = NODE1))","17","00-0----00--------0-----------------1-","13","472","1","0500011040","0500011040","e0l0t1","00-0----00--","--","----0-------","----------1-","0","5","0","0","0","1","1","0","4","0"
"1169","7","forall NODE1,NODE0. ep_epoch0(NODE0) | ep_epoch0(NODE1) | ep_epoch2(NODE0) | ep_epoch3(NODE0) | ep_epoch4(NODE0) | ep_epoch5(NODE0) | locked_epoch2(NODE1) | NODE0 = NODE1","10","0-00000------------0------------------","8","267","6","0600010020","0600010020","e0l0","0-00000-----","--","-----0------","------------","0","6","0","0","0","1","0","0","2","0"
"1170","7","forall NODE1,NODE0. ep_epoch0(NODE0) | ep_epoch0(NODE1) | ep_epoch2(NODE1) | ep_epoch3(NODE1) | ep_epoch4(NODE1) | held(NODE1) | locked_epoch2(NODE0) | NODE0 = NODE1","10","0-000-0-----0------0------------------","8","265","4","0501010020","0501010020","e0h0l0","0-000-0-----","0-","-----0------","------------","0","5","0","1","0","1","0","0","2","0"
"1171","7","forall NODE1,NODE0. ep_epoch0(NODE0) | ep_epoch0(NODE1) | ep_epoch2(NODE0) | ep_epoch3(NODE0) | ep_epoch4(NODE0) | locked_epoch2(NODE1) | locked_epoch5(NODE0) | NODE0 = NODE1","10","0-000-0------------0----0-------------","8","262","18","0500020020","0500020020","e0l0","0-000-0-----","--","-----0----0-","------------","0","5","0","0","0","2","0","0","2","0"
"1172","7","forall NODE1,NODE0. ep_epoch0(NODE0) | ep_epoch0(NODE1) | ep_epoch2(NODE0) | ep_epoch3(NODE0) | ep_epoch4(NODE1) | locked_epoch2(NODE1) | locked_epoch4(NODE0) | NODE0 = NODE1","10","0-00--0---0--------0--0---------------","8","262","18","0500020020","0500020020","e0l0","0-00--0---0-","--","-----0--0---","------------","0","5","0","0","0","2","0","0","2","0"
"1173","7","forall NODE1,NODE0. ep_epoch0(NODE0) | ep_epoch0(NODE1) | ep_epoch2(NODE0) | ep_epoch3(NODE0) | ep_epoch5(NODE0) | locked_epoch2(NODE1) | locked_epoch4(NODE0) | NODE0 = NODE1","10","0-00-00------------0--0---------------","8","262","18","0500020020","0500020020","e0l0","0-00-00-----","--","-----0--0---","------------","0","5","0","0","0","2","0","0","2","0"
"1174","7","forall NODE1,NODE0. ep_epoch0(NODE0) | ep_epoch0(NODE1) | ep_epoch2(NODE0) | ep_epoch3(NODE0) | held(NODE0) | locked_epoch2(NODE1) | locked_epoch4(NODE0) | NODE0 = NODE1","10","0-00--0-----0------0--0---------------","8","258","8","0401020020","0401020020","e0h0l0","0-00--0-----","0-","-----0--0---","------------","0","4","0","1","0","2","0","0","2","0"
"1175","7","forall NODE1,NODE0. ep_epoch0(NODE0) | ep_epoch0(NODE1) | ep_epoch2(NODE0) | ep_epoch3(NODE0) | locked_epoch2(NODE1) | locked_epoch4(NODE0) | locked_epoch4(NODE1) | NODE0 = NODE1","10","0-00--0------------0--00--------------","8","256","19","0400030020","0400030020","e0l0","0-00--0-----","--","-----0--00--","------------","0","4","0","0","0","3","0","0","2","0"
"1176","7","forall NODE1,NODE0. ep_epoch0(NODE0) | ep_epoch0(NODE1) | ep_epoch2(NODE0) | ep_epoch3(NODE0) | locked_epoch2(NODE1) | locked_epoch4(NODE0) | locked_epoch5(NODE0) | NODE0 = NODE1","10","0-00--0------------0--0-0-------------","8","256","19","0400030020","0400030020","e0l0","0-00--0-----","--","-----0--0-0-","------------","0","4","0","0","0","3","0","0","2","0"
"1177","7","forall NODE1,NODE0. ep_epoch0(NODE0) | ep_epoch0(NODE1) | ep_epoch2(NODE0) | ep_epoch4(NODE0) | ep_epoch5(NODE0) | locked_epoch2(NODE1) | locked_epoch3(NODE0) | NODE0 = NODE1","10","0-0-000------------00-----------------","8","262","18","0500020020","0500020020","e0l0","0-0-000-----","--","-----00-----","------------","0","5","0","0","0","2","0","0","2","0"
"1178","7","forall NODE1,NODE0. ep_epoch0(NODE0) | ep_epoch0(NODE1) | ep_epoch2(NODE0) | ep_epoch4(NODE0) | held(NODE0) | locked_epoch2(NODE1) | locked_epoch3(NODE0) | NODE0 = NODE1","10","0-0-0-0-----0------00-----------------","8","258","8","0401020020","0401020020","e0h0l0","0-0-0-0-----","0-","-----00-----","------------","0","4","0","1","0","2","0","0","2","0"
"1179","7","forall NODE1,NODE0. ep_epoch0(NODE0) | ep_epoch0(NODE1) | ep_epoch2(NODE0) | ep_epoch4(NODE0) | locked_epoch2(NODE1) | locked_epoch3(NODE0) | locked_epoch5(NODE0) | NODE0 = NODE1","10","0-0-0-0------------00---0-------------","8","256","19","0400030020","0400030020","e0l0","0-0-0-0-----","--","-----00---0-","------------","0","4","0","0","0","3","0","0","2","0"
"1180","7","forall NODE1,NODE0. ep_epoch0(NODE0) | ep_epoch0(NODE1) | ep_epoch2(NODE0) | ep_epoch4(NODE1) | locked_epoch2(NODE1) | locked_epoch3(NODE0) | locked_epoch4(NODE0) | NODE0 = NODE1","10","0-0---0---0--------00-0---------------","8","256","19","0400030020","0400030020","e0l0","0-0---0---0-","--","-----00-0---","------------","0","4","0","0","0","3","0","0","2","0"
"1181","7","forall NODE1,NODE0. ep_epoch0(NODE0) | ep_epoch0(NODE1) | ep_epoch2(NODE0) | ep_epoch5(NODE0) | locked_epoch2(NODE1) | locked_epoch3(NODE0) | locked_epoch4(NODE0) | NODE0 = NODE1","10","0-0--00------------00-0---------------","8","256","19","0400030020","0400030020","e0l0","0-0--00-----","--","-----00-0---","------------","0","4","0","0","0","3","0","0","2","0"
"1182","7","forall NODE1,NODE0. ep_epoch0(NODE0) | ep_epoch0(NODE1) | ep_epoch2(NODE0) | held(NODE0) | locked_epoch2(NODE1) | locked_epoch3(NODE0) | locked_epoch4(NODE0) | NODE0 = NODE1","10","0-0---0-----0------00-0---------------","8","250","4","0301030020","0301030020","e0h0l0","0-0---0-----","0-","-----00-0---","------------","0","3","0","1","0","3","0","0","2","0"
"1183","7","forall NODE1,NODE0. ep_epoch0(NODE0) | ep_epoch0(NODE1) | ep_epoch2(NODE0) | locked_epoch2(NODE1) | locked_epoch3(NODE0) | locked_epoch4(NODE0) | locked_epoch4(NODE1) | NODE0 = NODE1","10","0-0---0------------00-00--------------","8","247","7","0300040020","0300040020","e0l0","0-0---0-----","--","-----00-00--","------------","0","3","0","0","0","4","0","0","2","0"
"1184","7","forall NODE1,NODE0. ep_epoch0(NODE0) | ep_epoch0(NODE1) | ep_epoch2(NODE0) | locked_epoch2(NODE1) | locked_epoch3(NODE0) | locked_epoch4(NODE0) | locked_epoch5(NODE0) | NODE0 = NODE1","10","0-0---0------------00-0-0-------------","8","247","7","0300040020","0300040020","e0l0","0-0---0-----","--","-----00-0-0-","------------","0","3","0","0","0","4","0","0","2","0"
"1185","7","forall NODE1,NODE0. ep_epoch0(NODE0) | ep_epoch1(NODE0) | ep_epoch2(NODE0) | ep_epoch3(NODE1) | ep_epoch4(NODE0) | ep_epoch4(NODE1) | locked_epoch3(NODE0) | NODE0 = NODE1","10","000-0----00---------0-----------------","8","267","6","0600010020","0600010020","e0l0","000-0----00-","--","------0-----","------------","0","6","0","0","0","1","0","0","2","0"
"1186","7","forall NODE1,NODE0. ep_epoch0(NODE0) | ep_epoch1(NODE0) | ep_epoch2(NODE0) | ep_epoch3(NODE1) | ep_epoch4(NODE0) | locked_epoch3(NODE0) | locked_epoch4(NODE1) | NODE0 = NODE1","10","000-0----0----------0--0--------------","8","262","18","0500020020","0500020020","e0l0","000-0----0--","--","------0--0--","------------","0","5","0","0","0","2","0","0","2","0"
"1187","7","forall NODE1,NODE0. ep_epoch0(NODE0) | ep_epoch1(NODE0) | ep_epoch2(NODE0) | ep_epoch3(NODE1) | ep_epoch4(NODE1) | ep_epoch5(NODE1) | locked_epoch3(NODE0) | NODE0 = NODE1","10","000------000--------0-----------------","8","267","6","0600010020","0600010020","e0l0","000------000","--","------0-----","------------","0","6","0","0","0","1","0","0","2","0"
"1188","7","forall NODE1,NODE0. ep_epoch0(NODE0) | ep_epoch1(NODE0) | ep_epoch2(NODE0) | ep_epoch3(NODE1) | ep_epoch4(NODE1) | held(NODE1) | locked_epoch3(NODE0) | NODE0 = NODE1","10","000------00--0------0-----------------","8","265","4","0501010020","0501010020","e0h0l0","000------00-","-0","------0-----","------------","0","5","0","1","0","1","0","0","2","0"
"1189","7","forall NODE1,NODE0. ep_epoch0(NODE0) | ep_epoch1(NODE0) | ep_epoch2(NODE0) | ep_epoch3(NODE1) | ep_epoch4(NODE1) | locked_epoch3(NODE0) | locked_epoch5(NODE1) | NODE0 = NODE1","10","000------00---------0----0------------","8","262","18","0500020020","0500020020","e0l0","000------00-","--","------0----0","------------","0","5","0","0","0","2","0","0","2","0"
"1190","7","forall NODE1,NODE0. ep_epoch0(NODE0) | ep_epoch1(NODE0) | ep_epoch2(NODE0) | ep_epoch3(NODE1) | ep_epoch5(NODE0) | ep_epoch5(NODE1) | locked_epoch3(NODE0) | NODE0 = NODE1","10","000--0---0-0--------0-----------------","8","267","6","0600010020","0600010020","e0l0","000--0---0-0","--","------0-----","------------","0","6","0","0","0","1","0","0","2","0"
"1191","7","forall NODE1,NODE2,NODE3,NODE0. ep_epoch0(NODE0) | ep_epoch1(NODE0) | ep_epoch2(NODE0) | ep_epoch3(NODE1) | ep_epoch5(NODE2) | held(NODE3) | locked_epoch3(NODE0) | ((NODE0 ~= NODE2 | NODE1 ~= NODE3 | NODE0 = NODE1) & (NODE0 ~= NODE3 | NODE1 ~= NODE2 | NODE0 = NODE1))","17","000--0---0---0------0-----------------","13","477","1","0501010040","0501010040","e0h0l0","000--0---0--","-0","------0-----","------------","0","5","0","1","0","1","0","0","4","0"
"1192","7","forall NODE1,NODE2,NODE3,NODE0. ep_epoch0(NODE0) | ep_epoch1(NODE0) | ep_epoch2(NODE0) | ep_epoch3(NODE1) | ep_epoch5(NODE2) | locked_epoch3(NODE0) | locked_epoch5(NODE3) | ((NODE0 ~= NODE2 | NODE1 ~= NODE3 | NODE0 = NODE1) & (NODE0 ~= NODE3 | NODE1 ~= NODE2 | NODE0 = NODE1))","17","000--0---0----------0----0------------","13","473","2","0500020040","0500020040","e0l0","000--0---0--","--","------0----0","------------","0","5","0","0","0","2","0","0","4","0"
"1193","7","forall NODE1,NODE0. ep_epoch0(NODE0) | ep_epoch1(NODE0) | ep_epoch2(NODE0) | ep_epoch3(NODE1) | ep_epoch5(NODE1) | locked_epoch3(NODE0) | locked_epoch4(NODE1) | NODE0 = NODE1","10","000------0-0--------0--0--------------","8","262","18","0500020020","0500020020","e0l0","000------0-0","--","------0--0--","------------","0","5","0","0","0","2","0","0","2","0"
"1194","7","forall NODE1,NODE0. ep_epoch0(NODE0) | ep_epoch1(NODE0) | ep_epoch2(NODE0) | ep_epoch3(NODE1) | held(NODE0) | held(NODE1) | locked_epoch3(NODE0) | NODE0 = NODE1","10","000------0--00------0-----------------","8","260","1","0402010020","0402010020","e0h0l0","000------0--","00","------0-----","------------","0","4","0","2","0","1","0","0","2","0"
"1195","7","forall NODE1,NODE2,NODE3,NODE0. ep_epoch0(NODE0) | ep_epoch1(NODE0) | ep_epoch2(NODE0) | ep_epoch3(NODE1) | held(NODE2) | locked_epoch3(NODE0) | locked_epoch5(NODE3) | ((NODE0 ~= NODE2 | NODE1 ~= NODE3 | NODE0 = NODE1) & (NODE0 ~= NODE3 | NODE1 ~= NODE2 | NODE0 = NODE1))","17","000------0--0-------0----0------------","13","469","3","0401020040","0401020040","e0h0l0","000------0--","0-","------0----0","------------","0","4","0","1","0","2","0","0","4","0"
"1196","7","forall NODE1,NODE0. ep_epoch0(NODE0) | ep_epoch1(NODE0) | ep_epoch2(NODE0) | ep_epoch3(NODE1) | held(NODE1) | locked_epoch3(NODE0) | locked_epoch4(NODE1) | NODE0 = NODE1","10","000------0---0------0--0--------------","8","258","8","0401020020","0401020020","e0h0l0","000------0--","-0","------0--0--","------------","0","4","0","1","0","2","0","0","2","0"
"1197","7","forall NODE1,NODE0. ep_epoch0(NODE0) | ep_epoch1(NODE0) | ep_epoch2(NODE0) | ep_epoch3(NODE1) | locked_epoch3(NODE0) | locked_epoch4(NODE1) | locked_epoch5(NODE1) | NODE0 = NODE1","10","000------0----------0--0-0------------","8","256","19","0400030020","0400030020","e0l0","000------0--","--","------0--0-0","------------","0","4","0","0","0","3","0","0","2","0"
"1198","7","forall NODE1,NODE0. ep_epoch0(NODE0) | ep_epoch1(NODE0) | ep_epoch2(NODE0) | ep_epoch3(NODE1) | locked_epoch3(NODE0) | locked_epoch5(NODE0) | locked_epoch5(NODE1) | NODE0 = NODE1","10","000------0----------0---00------------","8","256","19","0400030020","0400030020","e0l0","000------0--","--","------0---00","------------","0","4","0","0","0","3","0","0","2","0"
"1199","7","forall NODE1,NODE0. ep_epoch0(NODE0) | ep_epoch1(NODE0) | ep_epoch2(NODE1) | ep_epoch3(NODE1) | ep_epoch4(NODE0) | locked_epoch2(NODE0) | locked_epoch4(NODE1) | NODE0 = NODE1","10","00--0---00--------0----0--------------","8","262","18","0500020020","0500020020","e0l0","00--0---00--","--","----0----0--","------------","0","5","0","0","0","2","0","0","2","0"
"1200","7","forall NODE1,NODE0. ep_epoch0(NODE0) | ep_epoch1(NODE0) | ep_epoch2(NODE1) | ep_epoch3(NODE1) | ep_epoch4(NODE1) | ep_epoch5(NODE1) | locked_epoch2(NODE0) | NODE0 = NODE1","10","00------0000------0-------------------","8","267","6","0600010020","0600010020","e0l0","00------0000","--","----0-------","------------","0","6","0","0","0","1","0","0","2","0"
"1201","7","forall NODE1,NODE0. ep_epoch0(NODE0) | ep_epoch1(NODE0) | ep_epoch2(NODE1) | ep_epoch3(NODE1) | ep_epoch4(NODE1) | held(NODE1) | locked_epoch2(NODE0) | NODE0 = NODE1","10","00------000--0----0-------------------","8","265","4","0501010020","0501010020","e0h0l0","00------000-","-0","----0-------","------------","0","5","0","1","0","1","0","0","2","0"
"1202","7","forall NODE1,NODE0. ep_epoch0(NODE0) | ep_epoch1(NODE0) | ep_epoch2(NODE1) | ep_epoch3(NODE1) | ep_epoch4(NODE1) | locked_epoch2(NODE0) | locked_epoch5(NODE1) | NODE0 = NODE1","10","00------000-------0------0------------","8","262","18","0500020020","0500020020","e0l0","00------000-","--","----0------0","------------","0","5","0","0","0","2","0","0","2","0"
"1203","7","forall NODE1,NODE0. ep_epoch0(NODE0) | ep_epoch1(NODE0) | ep_epoch2(NODE1) | ep_epoch3(NODE1) | ep_epoch5(NODE1) | locked_epoch2(NODE0) | locked_epoch4(NODE1) | NODE0 = NODE1","10","00------00-0------0----0--------------","8","262","18","0500020020","0500020020","e0l0","00------00-0","--","----0----0--","------------","0","5","0","0","0","2","0","0","2","0"
"1204","7","forall NODE1,NODE0. ep_epoch0(NODE0) | ep_epoch1(NODE0) | ep_epoch2(NODE1) | ep_epoch3(NODE1) | held(NODE1) | locked_epoch2(NODE0) | locked_epoch4(NODE1) | NODE0 = NODE1","10","00------00---0----0----0--------------","8","258","8","0401020020","0401020020","e0h0l0","00------00--","-0","----0----0--","------------","0","4","0","1","0","2","0","0","2","0"
"1205","7","forall NODE1,NODE0. ep_epoch0(NODE0) | ep_epoch1(NODE0) | ep_epoch2(NODE1) | ep_epoch3(NODE1) | locked_epoch2(NODE0) | locked_epoch4(NODE1) | locked_epoch5(NODE1) | NODE0 = NODE1","10","00------00--------0----0-0------------","8","256","19","0400030020","0400030020","e0l0","00------00--","--","----0----0-0","------------","0","4","0","0","0","3","0","0","2","0"
"1206","7","forall NODE1,NODE2,NODE3,NODE0. ep_epoch0(NODE0) | ep_epoch1(NODE0) | ep_epoch2(NODE1) | ep_epoch4(NODE2) | ep_epoch5(NODE2) | locked_epoch2(NODE0) | locked_epoch4(NODE3) | ((NODE0 ~= NODE3 | NODE1 ~= NODE2 | NODE0 = NODE1) & (NODE0 ~= NODE2 | NODE1 ~= NODE3 | NODE0 = NODE1))","17","00--00--0---------0----0--------------","13","473","2","0500020040","0500020040","e0l0","00--00--0---","--","----0----0--","------------","0","5","0","0","0","2","0","0","4","0"
"1207","7","forall NODE1,NODE2,NODE3,NODE0. ep_epoch0(NODE0) | ep_epoch1(NODE0) | ep_epoch2(NODE1) | ep_epoch4(NODE2) | held(NODE2) | locked_epoch2(NODE0) | locked_epoch4(NODE3) | ((NODE0 ~= NODE3 | NODE1 ~= NODE2 | NODE0 = NODE1) & (NODE0 ~= NODE2 | NODE1 ~= NODE3 | NODE0 = NODE1))","17","00--0---0---0-----0----0--------------","13","469","3","0401020040","0401020040","e0h0l0","00--0---0---","0-","----0----0--","------------","0","4","0","1","0","2","0","0","4","0"
"1208","7","forall NODE1,NODE0. ep_epoch0(NODE0) | ep_epoch1(NODE0) | ep_epoch2(NODE1) | ep_epoch4(NODE0) | locked_epoch2(NODE0) | locked_epoch3(NODE1) | locked_epoch4(NODE1) | NODE0 = NODE1","10","00--0---0---------0--0-0--------------","8","256","19","0400030020","0400030020","e0l0","00--0---0---","--","----0--0-0--","------------","0","4","0","0","0","3","0","0","2","0"
"1209","7","forall NODE1,NODE2,NODE3,NODE0. ep_epoch0(NODE0) | ep_epoch1(NODE0) | ep_epoch2(NODE1) | ep_epoch4(NODE2) | locked_epoch2(NODE0) | locked_epoch4(NODE3) | locked_epoch5(NODE2) | ((NODE0 ~= NODE3 | NODE1 ~= NODE2 | NODE0 = NODE1) & (NODE0 ~= NODE2 | NODE1 ~= NODE3 | NODE0 = NODE1))","17","00--0---0---------0----00-------------","13","465","2","0400030040","0400030040","e0l0","00--0---0---","--","----0----00-","------------","0","4","0","0","0","3","0","0","4","0"
"1210","7","forall NODE1,NODE0. ep_epoch0(NODE0) | ep_epoch1(NODE0) | ep_epoch2(NODE1) | ep_epoch4(NODE1) | ep_epoch5(NODE1) | locked_epoch2(NODE0) | locked_epoch3(NODE1) | NODE0 = NODE1","10","00------0-00------0--0----------------","8","262","18","0500020020","0500020020","e0l0","00------0-00","--","----0--0----","------------","0","5","0","0","0","2","0","0","2","0"
"1211","7","forall NODE1,NODE0. ep_epoch0(NODE0) | ep_epoch1(NODE0) | ep_epoch2(NODE1) | ep_epoch4(NODE1) | held(NODE1) | locked_epoch2(NODE0) | locked_epoch3(NODE1) | NODE0 = NODE1","10","00------0-0--0----0--0----------------","8","258","8","0401020020","0401020020","e0h0l0","00------0-0-","-0","----0--0----","------------","0","4","0","1","0","2","0","0","2","0"
"1212","7","forall NODE1,NODE0. ep_epoch0(NODE0) | ep_epoch1(NODE0) | ep_epoch2(NODE1) | ep_epoch4(NODE1) | locked_epoch2(NODE0) | locked_epoch3(NODE1) | locked_epoch5(NODE1) | NODE0 = NODE1","10","00------0-0-------0--0---0------------","8","256","19","0400030020","0400030020","e0l0","00------0-0-","--","----0--0---0","------------","0","4","0","0","0","3","0","0","2","0"
"1213","7","forall NODE1,NODE0. ep_epoch0(NODE0) | ep_epoch1(NODE0) | ep_epoch2(NODE1) | ep_epoch5(NODE1) | locked_epoch2(NODE0) | locked_epoch3(NODE1) | locked_epoch4(NODE1) | NODE0 = NODE1","10","00------0--0------0--0-0--------------","8","256","19","0400030020","0400030020","e0l0","00------0--0","--","----0--0-0--","------------","0","4","0","0","0","3","0","0","2","0"
"1214","7","forall NODE1,NODE0. ep_epoch0(NODE0) | ep_epoch1(NODE0) | ep_epoch2(NODE1) | held(NODE1) | locked_epoch2(NODE0) | locked_epoch3(NODE1) | locked_epoch4(NODE1) | NODE0 = NODE1","10","00------0----0----0--0-0--------------","8","250","4","0301030020","0301030020","e0h0l0","00------0---","-0","----0--0-0--","------------","0","3","0","1","0","3","0","0","2","0"
"1215","7","forall NODE1,NODE0. ep_epoch0(NODE0) | ep_epoch1(NODE0) | ep_epoch2(NODE1) | locked_epoch2(NODE0) | locked_epoch3(NODE1) | locked_epoch4(NODE1) | locked_epoch5(NODE1) | NODE0 = NODE1","10","00------0---------0--0-0-0------------","8","247","7","0300040020","0300040020","e0l0","00------0---","--","----0--0-0-0","------------","0","3","0","0","0","4","0","0","2","0"
"1216","7","forall NODE1,NODE0. ep_epoch0(NODE0) | ep_epoch1(NODE0) | ep_epoch3(NODE1) | ep_epoch4(NODE0) | ep_epoch4(NODE1) | locked_epoch2(NODE0) | locked_epoch3(NODE0) | NODE0 = NODE1","10","00--0----00-------0-0-----------------","8","262","18","0500020020","0500020020","e0l0","00--0----00-","--","----0-0-----","------------","0","5","0","0","0","2","0","0","2","0"
"1217","7","forall NODE1,NODE0. ep_epoch0(NODE0) | ep_epoch1(NODE0) | ep_epoch3(NODE1) | ep_epoch4(NODE0) | locked_epoch2(NODE0) | locked_epoch3(NODE0) | locked_epoch4(NODE1) | NODE0 = NODE1","10","00--0----0--------0-0--0--------------","8","256","19","0400030020","0400030020","e0l0","00--0----0--","--","----0-0--0--","------------","0","4","0","0","0","3","0","0","2","0"
"1218","7","forall NODE1,NODE0. ep_epoch0(NODE0) | ep_epoch1(NODE0) | ep_epoch3(NODE1) | ep_epoch4(NODE1) | ep_epoch5(NODE1) | locked_epoch2(NODE0) | locked_epoch3(NODE0) | NODE0 = NODE1","10","00-------000------0-0-----------------","8","262","18","0500020020","0500020020","e0l0","00-------000","--","----0-0-----","------------","0","5","0","0","0","2","0","0","2","0"
"1219","7","forall NODE1,NODE0. ep_epoch0(NODE0) | ep_epoch1(NODE0) | ep_epoch3(NODE1) | ep_epoch4(NODE1) | held(NODE1) | locked_epoch2(NODE0) | locked_epoch3(NODE0) | NODE0 = NODE1","10","00-------00--0----0-0-----------------","8","258","8","0401020020","0401020020","e0h0l0","00-------00-","-0","----0-0-----","------------","0","4","0","1","0","2","0","0","2","0"
"1220","7","forall NODE1,NODE0. ep_epoch0(NODE0) | ep_epoch1(NODE0) | ep_epoch3(NODE1) | ep_epoch4(NODE1) | locked_epoch2(NODE0) | locked_epoch3(NODE0) | locked_epoch5(NODE1) | NODE0 = NODE1","10","00-------00-------0-0----0------------","8","256","19","0400030020","0400030020","e0l0","00-------00-","--","----0-0----0","------------","0","4","0","0","0","3","0","0","2","0"
"1221","7","forall NODE1,NODE0. ep_epoch0(NODE0) | ep_epoch1(NODE0) | ep_epoch3(NODE1) | ep_epoch5(NODE0) | ep_epoch5(NODE1) | locked_epoch2(NODE0) | locked_epoch3(NODE0) | NODE0 = NODE1","10","00---0---0-0------0-0-----------------","8","262","18","0500020020","0500020020","e0l0","00---0---0-0","--","----0-0-----","------------","0","5","0","0","0","2","0","0","2","0"
"1222","7","forall NODE1,NODE2,NODE3,NODE0. ep_epoch0(NODE0) | ep_epoch1(NODE0) | ep_epoch3(NODE1) | ep_epoch5(NODE2) | held(NODE3) | locked_epoch2(NODE0) | locked_epoch3(NODE0) | ((NODE0 ~= NODE3 | NODE1 ~= NODE2 | NODE0 = NODE1) & (NODE0 ~= NODE2 | NODE1 ~= NODE3 | NODE0 = NODE1))","17","00---0---0---0----0-0-----------------","13","469","3","0401020040","0401020040","e0h0l0","00---0---0--","-0","----0-0-----","------------","0","4","0","1","0","2","0","0","4","0"
"1223","7","forall NODE1,NODE2,NODE3,NODE0. ep_epoch0(NODE0) | ep_epoch1(NODE0) | ep_epoch3(NODE1) | ep_epoch5(NODE2) | locked_epoch2(NODE0) | locked_epoch3(NODE0) | locked_epoch5(NODE3) | ((NODE0 ~= NODE3 | NODE1 ~= NODE2 | NODE0 = NODE1) & (NODE0 ~= NODE2 | NODE1 ~= NODE3 | NODE0 = NODE1))","17","00---0---0--------0-0----0------------","13","465","2","0400030040","0400030040","e0l0","00---0---0--","--","----0-0----0","------------","0","4","0","0","0","3","0","0","4","0"
"1224","7","forall NODE1,NODE0. ep_epoch0(NODE0) | ep_epoch1(NODE0) | ep_epoch3(NODE1) | ep_epoch5(NODE1) | locked_epoch2(NODE0) | locked_epoch3(NODE0) | locked_epoch4(NODE1) | NODE0 = NODE1","10","00-------0-0------0-0--0--------------","8","256","19","0400030020","0400030020","e0l0","00-------0-0","--","----0-0--0--","------------","0","4","0","0","0","3","0","0","2","0"
"1225","7","forall NODE1,NODE0. ep_epoch0(NODE0) | ep_epoch1(NODE0) | ep_epoch3(NODE1) | held(NODE0) | held(NODE1) | locked_epoch2(NODE0) | locked_epoch3(NODE0) | NODE0 = NODE1","10","00-------0--00----0-0-----------------","8","253","1","0302020020","0302020020","e0h0l0","00-------0--","00","----0-0-----","------------","0","3","0","2","0","2","0","0","2","0"
"1226","7","forall NODE1,NODE2,NODE3,NODE0. ep_epoch0(NODE0) | ep_epoch1(NODE0) | ep_epoch3(NODE1) | held(NODE2) | locked_epoch2(NODE0) | locked_epoch3(NODE0) | locked_epoch5(NODE3) | ((NODE0 ~= NODE3 | NODE1 ~= NODE2 | NODE0 = NODE1) & (NODE0 ~= NODE2 | NODE1 ~= NODE3 | NODE0 = NODE1))","17","00-------0--0-----0-0----0------------","13","461","1","0301030040","0301030040","e0h0l0","00-------0--","0-","----0-0----0","------------","0","3","0","1","0","3","0","0","4","0"
"1227","7","forall NODE1,NODE0. ep_epoch0(NODE0) | ep_epoch1(NODE0) | ep_epoch3(NODE1) | held(NODE1) | locked_epoch2(NODE0) | locked_epoch3(NODE0) | locked_epoch4(NODE1) | NODE0 = NODE1","10","00-------0---0----0-0--0--------------","8","250","4","0301030020","0301030020","e0h0l0","00-------0--","-0","----0-0--0--","------------","0","3","0","1","0","3","0","0","2","0"
"1228","7","forall NODE1,NODE0. ep_epoch0(NODE0) | ep_epoch1(NODE0) | ep_epoch3(NODE1) | locked_epoch2(NODE0) | locked_epoch3(NODE0) | locked_epoch4(NODE1) | locked_epoch5(NODE1) | NODE0 = NODE1","10","00-------0--------0-0--0-0------------","8","247","7","0300040020","0300040020","e0l0","00-------0--","--","----0-0--0-0","------------","0","3","0","0","0","4","0","0","2","0"
"1229","7","forall NODE1,NODE0. ep_epoch0(NODE0) | ep_epoch1(NODE0) | ep_epoch3(NODE1) | locked_epoch2(NODE0) | locked_epoch3(NODE0) | locked_epoch5(NODE0) | locked_epoch5(NODE1) | NODE0 = NODE1","10","00-------0--------0-0---00------------","8","247","7","0300040020","0300040020","e0l0","00-------0--","--","----0-0---00","------------","0","3","0","0","0","4","0","0","2","0"
"1230","7","forall NODE1,NODE0. ep_epoch0(NODE0) | ep_epoch1(NODE0) | held(NODE0) | locked_epoch3(NODE0) | locked_epoch3(NODE1) | transfer_epoch3(NODE0) | transfer_epoch3(NODE1) | NODE0 = NODE1","10","00----------0-------00----------00----","8","243","1","0201020220","0201020220","e0h0l0t0","00----------","0-","------00----","------00----","0","2","0","1","0","2","0","2","2","0"
"1231","7","forall NODE1,NODE0. ep_epoch1(NODE0) | ep_epoch1(NODE1) | ep_epoch2(NODE0) | ep_epoch3(NODE0) | ep_epoch4(NODE0) | ep_epoch5(NODE0) | locked_epoch2(NODE1) | NODE0 = NODE1","10","-00000-0-----------0------------------","8","267","6","0600010020","0600010020","e0l0","-00000-0----","--","-----0------","------------","0","6","0","0","0","1","0","0","2","0"
"1232","7","forall NODE1,NODE0. ep_epoch1(NODE0) | ep_epoch1(NODE1) | ep_epoch2(NODE1) | ep_epoch3(NODE1) | ep_epoch4(NODE1) | held(NODE1) | locked_epoch2(NODE0) | NODE0 = NODE1","10","-0000--0----0------0------------------","8","265","4","0501010020","0501010020","e0h0l0","-0000--0----","0-","-----0------","------------","0","5","0","1","0","1","0","0","2","0"
"1233","7","forall NODE1,NODE0. ep_epoch1(NODE0) | ep_epoch1(NODE1) | ep_epoch2(NODE0) | ep_epoch3(NODE0) | ep_epoch4(NODE0) | locked_epoch2(NODE1) | locked_epoch5(NODE0) | NODE0 = NODE1","10","-0000--0-----------0----0-------------","8","262","18","0500020020","0500020020","e0l0","-0000--0----","--","-----0----0-","------------","0","5","0","0","0","2","0","0","2","0"
"1234","7","forall NODE1,NODE0. ep_epoch1(NODE0) | ep_epoch1(NODE1) | ep_epoch2(NODE0) | ep_epoch3(NODE0) | ep_epoch4(NODE1) | locked_epoch2(NODE1) | locked_epoch4(NODE0) | NODE0 = NODE1","10","-000---0--0--------0--0---------------","8","262","18","0500020020","0500020020","e0l0","-000---0--0-","--","-----0--0---","------------","0","5","0","0","0","2","0","0","2","0"
"1235","7","forall NODE1,NODE0. ep_epoch1(NODE0) | ep_epoch1(NODE1) | ep_epoch2(NODE0) | ep_epoch3(NODE0) | ep_epoch5(NODE0) | locked_epoch2(NODE1) | locked_epoch4(NODE0) | NODE0 = NODE1","10","-000-0-0-----------0--0---------------","8","262","18","0500020020","0500020020","e0l0","-000-0-0----","--","-----0--0---","------------","0","5","0","0","0","2","0","0","2","0"
"1236","7","forall NODE1,NODE0. ep_epoch1(NODE0) | ep_epoch1(NODE1) | ep_epoch2(NODE0) | ep_epoch3(NODE0) | held(NODE0) | locked_epoch2(NODE1) | locked_epoch4(NODE0) | NODE0 = NODE1","10","-000---0----0------0--0---------------","8","258","8","0401020020","0401020020","e0h0l0","-000---0----","0-","-----0--0---","------------","0","4","0","1","0","2","0","0","2","0"
"1237","7","forall NODE1,NODE0. ep_epoch1(NODE0) | ep_epoch1(NODE1) | ep_epoch2(NODE0) | ep_epoch3(NODE0) | locked_epoch2(NODE1) | locked_epoch4(NODE0) | locked_epoch4(NODE1) | NODE0 = NODE1","10","-000---0-----------0--00--------------","8","256","19","0400030020","0400030020","e0l0","-000---0----","--","-----0--00--","------------","0","4","0","0","0","3","0","0","2","0"
"1238","7","forall NODE1,NODE0. ep_epoch1(NODE0) | ep_epoch1(NODE1) | ep_epoch2(NODE0) | ep_epoch3(NODE0) | locked_epoch2(NODE1) | locked_epoch4(NODE0) | locked_epoch5(NODE0) | NODE0 = NODE1","10","-000---0-----------0--0-0-------------","8","256","19","0400030020","0400030020","e0l0","-000---0----","--","-----0--0-0-","------------","0","4","0","0","0","3","0","0","2","0"
"1239","7","forall NODE1,NODE0. ep_epoch1(NODE0) | ep_epoch1(NODE1) | ep_epoch2(NODE0) | ep_epoch4(NODE0) | ep_epoch5(NODE0) | locked_epoch2(NODE1) | locked_epoch3(NODE0) | NODE0 = NODE1","10","-00-00-0-----------00-----------------","8","262","18","0500020020","0500020020","e0l0","-00-00-0----","--","-----00-----","------------","0","5","0","0","0","2","0","0","2","0"
"1240","7","forall NODE1,NODE0. ep_epoch1(NODE0) | ep_epoch1(NODE1) | ep_epoch2(NODE0) | ep_epoch4(NODE0) | held(NODE0) | locked_epoch2(NODE1) | locked_epoch3(NODE0) | NODE0 = NODE1","10","-00-0--0----0------00-----------------","8","258","8","0401020020","0401020020","e0h0l0","-00-0--0----","0-","-----00-----","------------","0","4","0","1","0","2","0","0","2","0"
"1241","7","forall NODE1,NODE0. ep_epoch1(NODE0) | ep_epoch1(NODE1) | ep_epoch2(NODE0) | ep_epoch4(NODE0) | locked_epoch2(NODE1) | locked_epoch3(NODE0) | locked_epoch5(NODE0) | NODE0 = NODE1","10","-00-0--0-----------00---0-------------","8","256","19","0400030020","0400030020","e0l0","-00-0--0----","--","-----00---0-","------------","0","4","0","0","0","3","0","0","2","0"
"1242","7","forall NODE1,NODE0. ep_epoch1(NODE0) | ep_epoch1(NODE1) | ep_epoch2(NODE0) | ep_epoch4(NODE1) | locked_epoch2(NODE1) | locked_epoch3(NODE0) | locked_epoch4(NODE0) | NODE0 = NODE1","10","-00----0--0--------00-0---------------","8","256","19","0400030020","0400030020","e0l0","-00----0--0-","--","-----00-0---","------------","0","4","0","0","0","3","0","0","2","0"
"1243","7","forall NODE1,NODE0. ep_epoch1(NODE0) | ep_epoch1(NODE1) | ep_epoch2(NODE0) | ep_epoch5(NODE0) | locked_epoch2(NODE1) | locked_epoch3(NODE0) | locked_epoch4(NODE0) | NODE0 = NODE1","10","-00--0-0-----------00-0---------------","8","256","19","0400030020","0400030020","e0l0","-00--0-0----","--","-----00-0---","------------","0","4","0","0","0","3","0","0","2","0"
"1244","7","forall NODE1,NODE0. ep_epoch1(NODE0) | ep_epoch1(NODE1) | ep_epoch2(NODE0) | held(NODE0) | locked_epoch2(NODE1) | locked_epoch3(NODE0) | locked_epoch4(NODE0) | NODE0 = NODE1","10","-00----0----0------00-0---------------","8","250","4","0301030020","0301030020","e0h0l0","-00----0----","0-","-----00-0---","------------","0","3","0","1","0","3","0","0","2","0"
"1245","7","forall NODE1,NODE0. ep_epoch1(NODE0) | ep_epoch1(NODE1) | ep_epoch2(NODE0) | locked_epoch2(NODE1) | locked_epoch3(NODE0) | locked_epoch4(NODE0) | locked_epoch4(NODE1) | NODE0 = NODE1","10","-00----0-----------00-00--------------","8","247","7","0300040020","0300040020","e0l0","-00----0----","--","-----00-00--","------------","0","3","0","0","0","4","0","0","2","0"
"1246","7","forall NODE1,NODE0. ep_epoch1(NODE0) | ep_epoch1(NODE1) | ep_epoch2(NODE0) | locked_epoch2(NODE1) | locked_epoch3(NODE0) | locked_epoch4(NODE0) | locked_epoch5(NODE0) | NODE0 = NODE1","10","-00----0-----------00-0-0-------------","8","247","7","0300040020","0300040020","e0l0","-00----0----","--","-----00-0-0-","------------","0","3","0","0","0","4","0","0","2","0"
"1247","8","forall NODE1,NODE0. ~ep_epoch0(NODE0) | ~locked_epoch2(NODE1) | ep_epoch2(NODE1) | held(NODE1) | transfer_epoch4(NODE0) | transfer_epoch4(NODE1) | transfer_epoch5(NODE0) | transfer_epoch5(NODE1) | NODE0 = NODE1","11","1-------0----0-----1--------------0000","9","324","6","1101100420","1101100420","e1e0h0l1t0","1-------0---","-0","-----1------","--------0000","1","1","0","1","1","0","0","4","2","0"
"1248","8","forall NODE1,NODE0. ~ep_epoch0(NODE0) | ~locked_epoch2(NODE1) | ep_epoch3(NODE1) | held(NODE1) | transfer_epoch3(NODE0) | transfer_epoch3(NODE1) | transfer_epoch5(NODE0) | transfer_epoch5(NODE1) | NODE0 = NODE1","11","1--------0---0-----1------------00--00","9","324","6","1101100420","1101100420","e1e0h0l1t0","1--------0--","-0","-----1------","------00--00","1","1","0","1","1","0","0","4","2","0"
"1249","8","forall NODE1,NODE0. ~ep_epoch0(NODE0) | ~locked_epoch2(NODE1) | ep_epoch4(NODE1) | held(NODE1) | transfer_epoch3(NODE0) | transfer_epoch3(NODE1) | transfer_epoch4(NODE0) | transfer_epoch4(NODE1) | NODE0 = NODE1","11","1---------0--0-----1------------0000--","9","324","6","1101100420","1101100420","e1e0h0l1t0","1---------0-","-0","-----1------","------0000--","1","1","0","1","1","0","0","4","2","0"
"1250","8","forall NODE1,NODE0. ~ep_epoch0(NODE0) | ~locked_epoch2(NODE1) | held(NODE1) | locked_epoch4(NODE1) | transfer_epoch3(NODE0) | transfer_epoch3(NODE1) | transfer_epoch4(NODE0) | transfer_epoch4(NODE1) | NODE0 = NODE1","11","1------------0-----1---0--------0000--","9","319","2","1001110420","1001110420","e1h0l1l0t0","1-----------","-0","-----1---0--","------0000--","1","0","0","1","1","1","0","4","2","0"
"1251","8","forall NODE1,NODE0. ~ep_epoch0(NODE0) | ep_epoch1(NODE1) | ep_epoch2(NODE1) | held(NODE1) | transfer_epoch4(NODE0) | transfer_epoch4(NODE1) | transfer_epoch5(NODE0) | transfer_epoch5(NODE1) | NODE0 = NODE1","11","1------00----0--------------------0000","9","327","10","1201000420","1201000420","e1e0h0t0","1------00---","-0","------------","--------0000","1","2","0","1","0","0","0","4","2","0"
"1252","8","forall NODE1,NODE0. ~ep_epoch0(NODE0) | ep_epoch1(NODE1) | ep_epoch3(NODE1) | held(NODE1) | transfer_epoch3(NODE0) | transfer_epoch3(NODE1) | transfer_epoch5(NODE0) | transfer_epoch5(NODE1) | NODE0 = NODE1","11","1------0-0---0------------------00--00","9","327","10","1201000420","1201000420","e1e0h0t0","1------0-0--","-0","------------","------00--00","1","2","0","1","0","0","0","4","2","0"
"1253","8","forall NODE1,NODE0. ~ep_epoch0(NODE0) | ep_epoch1(NODE1) | ep_epoch4(NODE1) | held(NODE1) | transfer_epoch3(NODE0) | transfer_epoch3(NODE1) | transfer_epoch4(NODE0) | transfer_epoch4(NODE1) | NODE0 = NODE1","11","1------0--0--0------------------0000--","9","327","10","1201000420","1201000420","e1e0h0t0","1------0--0-","-0","------------","------0000--","1","2","0","1","0","0","0","4","2","0"
"1254","8","forall NODE1,NODE0. ~ep_epoch0(NODE0) | ep_epoch1(NODE1) | held(NODE1) | locked_epoch4(NODE1) | transfer_epoch3(NODE0) | transfer_epoch3(NODE1) | transfer_epoch4(NODE0) | transfer_epoch4(NODE1) | NODE0 = NODE1","11","1------0-----0---------0--------0000--","9","323","4","1101010420","1101010420","e1e0h0l0t0","1------0----","-0","---------0--","------0000--","1","1","0","1","0","1","0","4","2","0"
"1255","8","forall NODE1,NODE0. ~ep_epoch0(NODE0) | ep_epoch2(NODE1) | ep_epoch3(NODE1) | held(NODE1) | transfer_epoch2(NODE0) | transfer_epoch2(NODE1) | transfer_epoch5(NODE0) | transfer_epoch5(NODE1) | NODE0 = NODE1","11","1-------00---0----------------00----00","9","327","10","1201000420","1201000420","e1e0h0t0","1-------00--","-0","------------","----00----00","1","2","0","1","0","0","0","4","2","0"
"1256","8","forall NODE1,NODE0. ~ep_epoch0(NODE0) | ep_epoch2(NODE1) | ep_epoch4(NODE1) | held(NODE1) | transfer_epoch2(NODE0) | transfer_epoch2(NODE1) | transfer_epoch4(NODE0) | transfer_epoch4(NODE1) | NODE0 = NODE1","11","1-------0-0--0----------------00--00--","9","327","10","1201000420","1201000420","e1e0h0t0","1-------0-0-","-0","------------","----00--00--","1","2","0","1","0","0","0","4","2","0"
"1257","8","forall NODE1,NODE0. ~ep_epoch0(NODE0) | ep_epoch2(NODE1) | held(NODE1) | locked_epoch4(NODE1) | transfer_epoch2(NODE0) | transfer_epoch2(NODE1) | transfer_epoch4(NODE0) | transfer_epoch4(NODE1) | NODE0 = NODE1","11","1-------0----0---------0------00--00--","9","323","4","1101010420","1101010420","e1e0h0l0t0","1-------0---","-0","---------0--","----00--00--","1","1","0","1","0","1","0","4","2","0"
"1258","8","forall NODE1,NODE0. ~ep_epoch0(NODE0) | ep_epoch3(NODE1) | ep_epoch4(NODE1) | held(NODE1) | transfer_epoch2(NODE0) | transfer_epoch2(NODE1) | transfer_epoch3(NODE0) | transfer_epoch3(NODE1) | NODE0 = NODE1","11","1--------00--0----------------0000----","9","327","10","1201000420","1201000420","e1e0h0t0","1--------00-","-0","------------","----0000----","1","2","0","1","0","0","0","4","2","0"
"1259","8","forall NODE1,NODE0. ~ep_epoch0(NODE0) | ep_epoch3(NODE1) | held(NODE1) | locked_epoch4(NODE1) | transfer_epoch2(NODE0) | transfer_epoch2(NODE1) | transfer_epoch3(NODE0) | transfer_epoch3(NODE1) | NODE0 = NODE1","11","1--------0---0---------0------0000----","9","323","4","1101010420","1101010420","e1e0h0l0t0","1--------0--","-0","---------0--","----0000----","1","1","0","1","0","1","0","4","2","0"
"1260","8","forall NODE1,NODE0. ~ep_epoch1(NODE0) | ~locked_epoch2(NODE1) | ep_epoch2(NODE1) | held(NODE1) | transfer_epoch4(NODE0) | transfer_epoch4(NODE1) | transfer_epoch5(NODE0) | transfer_epoch5(NODE1) | NODE0 = NODE1","11","-1------0----0-----1--------------0000","9","324","6","1101100420","1101100420","e1e0h0l1t0","-1------0---","-0","-----1------","--------0000","1","1","0","1","1","0","0","4","2","0"
"1261","8","forall NODE1,NODE0. ~ep_epoch1(NODE0) | ~locked_epoch2(NODE1) | ep_epoch3(NODE1) | held(NODE1) | transfer_epoch3(NODE0) | transfer_epoch3(NODE1) | transfer_epoch5(NODE0) | transfer_epoch5(NODE1) | NODE0 = NODE1","11","-1-------0---0-----1------------00--00","9","324","6","1101100420","1101100420","e1e0h0l1t0","-1-------0--","-0","-----1------","------00--00","1","1","0","1","1","0","0","4","2","0"
"1262","8","forall NODE1,NODE0. ~ep_epoch1(NODE0) | ~locked_epoch2(NODE1) | ep_epoch4(NODE1) | held(NODE1) | transfer_epoch3(NODE0) | transfer_epoch3(NODE1) | transfer_epoch4(NODE0) | transfer_epoch4(NODE1) | NODE0 = NODE1","11","-1--------0--0-----1------------0000--","9","324","6","1101100420","1101100420","e1e0h0l1t0","-1--------0-","-0","-----1------","------0000--","1","1","0","1","1","0","0","4","2","0"
"1263","8","forall NODE1,NODE0. ~ep_epoch1(NODE0) | ~locked_epoch2(NODE1) | held(NODE1) | locked_epoch4(NODE1) | transfer_epoch3(NODE0) | transfer_epoch3(NODE1) | transfer_epoch4(NODE0) | transfer_epoch4(NODE1) | NODE0 = NODE1","11","-1-----------0-----1---0--------0000--","9","319","2","1001110420","1001110420","e1h0l1l0t0","-1----------","-0","-----1---0--","------0000--","1","0","0","1","1","1","0","4","2","0"
"1264","8","forall NODE1,NODE0. ~ep_epoch1(NODE0) | ep_epoch0(NODE1) | ep_epoch2(NODE1) | held(NODE1) | transfer_epoch4(NODE0) | transfer_epoch4(NODE1) | transfer_epoch5(NODE0) | transfer_epoch5(NODE1) | NODE0 = NODE1","11","-1----0-0----0--------------------0000","9","327","10","1201000420","1201000420","e1e0h0t0","-1----0-0---","-0","------------","--------0000","1","2","0","1","0","0","0","4","2","0"
"1265","8","forall NODE1,NODE0. ~ep_epoch1(NODE0) | ep_epoch0(NODE1) | ep_epoch3(NODE1) | held(NODE1) | transfer_epoch3(NODE0) | transfer_epoch3(NODE1) | transfer_epoch5(NODE0) | transfer_epoch5(NODE1) | NODE0 = NODE1","11","-1----0--0---0------------------00--00","9","327","10","1201000420","1201000420","e1e0h0t0","-1----0--0--","-0","------------","------00--00","1","2","0","1","0","0","0","4","2","0"
"1266","8","forall NODE1,NODE0. ~ep_epoch1(NODE0) | ep_epoch0(NODE1) | ep_epoch4(NODE1) | held(NODE1) | transfer_epoch3(NODE0) | transfer_epoch3(NODE1) | transfer_epoch4(NODE0) | transfer_epoch4(NODE1) | NODE0 = NODE1","11","-1----0---0--0------------------0000--","9","327","10","1201000420","1201000420","e1e0h0t0","-1----0---0-","-0","------------","------0000--","1","2","0","1","0","0","0","4","2","0"
"1267","8","forall NODE1,NODE0. ~ep_epoch1(NODE0) | ep_epoch0(NODE1) | held(NODE1) | locked_epoch4(NODE1) | transfer_epoch3(NODE0) | transfer_epoch3(NODE1) | transfer_epoch4(NODE0) | transfer_epoch4(NODE1) | NODE0 = NODE1","11","-1----0------0---------0--------0000--","9","323","4","1101010420","1101010420","e1e0h0l0t0","-1----0-----","-0","---------0--","------0000--","1","1","0","1","0","1","0","4","2","0"
"1268","8","forall NODE1,NODE0. ~ep_epoch1(NODE0) | ep_epoch2(NODE1) | ep_epoch3(NODE1) | ep_epoch4(NODE1) | ep_epoch5(NODE1) | held(NODE0) | transfer_epoch2(NODE0) | transfer_epoch2(NODE1) | NODE0 = NODE1","11","-1------00000-----------------00------","9","330","1","1401000220","1401000220","e1e0h0t0","-1------0000","0-","------------","----00------","1","4","0","1","0","0","0","2","2","0"
"1269","8","forall NODE1,NODE0. ~ep_epoch1(NODE0) | ep_epoch2(NODE1) | ep_epoch3(NODE1) | ep_epoch4(NODE1) | held(NODE0) | held(NODE1) | transfer_epoch2(NODE0) | transfer_epoch2(NODE1) | NODE0 = NODE1","11","-1------000-00----------------00------","9","329","1","1302000220","1302000220","e1e0h0t0","-1------000-","00","------------","----00------","1","3","0","2","0","0","0","2","2","0"
"1270","8","forall NODE1,NODE0. ~ep_epoch1(NODE0) | ep_epoch2(NODE1) | ep_epoch3(NODE1) | ep_epoch4(NODE1) | held(NODE0) | locked_epoch5(NODE1) | transfer_epoch2(NODE0) | transfer_epoch2(NODE1) | NODE0 = NODE1","11","-1------000-0------------0----00------","9","328","1","1301010220","1301010220","e1e0h0l0t0","-1------000-","0-","-----------0","----00------","1","3","0","1","0","1","0","2","2","0"
"1271","8","forall NODE1,NODE0. ~ep_epoch1(NODE0) | held(NODE0) | held(NODE1) | locked_epoch3(NODE1) | transfer_epoch2(NODE0) | transfer_epoch2(NODE1) | transfer_epoch3(NODE0) | transfer_epoch3(NODE1) | NODE0 = NODE1","11","-1----------00-------0--------0000----","9","320","2","1002010420","1002010420","e1h0l0t0","-1----------","00","-------0----","----0000----","1","0","0","2","0","1","0","4","2","0"
"1272","8","forall NODE1,NODE0. ~ep_epoch2(NODE0) | ep_epoch0(NODE1) | ep_epoch1(NODE1) | held(NODE1) | transfer_epoch4(NODE0) | transfer_epoch4(NODE1) | transfer_epoch5(NODE0) | transfer_epoch5(NODE1) | NODE0 = NODE1","11","--1---00-----0--------------------0000","9","327","10","1201000420","1201000420","e1e0h0t0","--1---00----","-0","------------","--------0000","1","2","0","1","0","0","0","4","2","0"
"1273","8","forall NODE1,NODE0. ~ep_epoch2(NODE0) | ep_epoch3(NODE1) | held(NODE0) | held(NODE1) | transfer_epoch3(NODE0) | transfer_epoch3(NODE1) | transfer_epoch5(NODE0) | transfer_epoch5(NODE1) | NODE0 = NODE1","11","--1------0--00------------------00--00","9","325","2","1102000420","1102000420","e1e0h0t0","--1------0--","00","------------","------00--00","1","1","0","2","0","0","0","4","2","0"
"1274","8","forall NODE1,NODE0. ~ep_epoch2(NODE0) | ep_epoch4(NODE1) | held(NODE0) | held(NODE1) | transfer_epoch3(NODE0) | transfer_epoch3(NODE1) | transfer_epoch4(NODE0) | transfer_epoch4(NODE1) | NODE0 = NODE1","11","--1-------0-00------------------0000--","9","325","2","1102000420","1102000420","e1e0h0t0","--1-------0-","00","------------","------0000--","1","1","0","2","0","0","0","4","2","0"
"1275","8","forall NODE1,NODE0. ~ep_epoch2(NODE0) | held(NODE0) | held(NODE1) | locked_epoch4(NODE1) | transfer_epoch3(NODE0) | transfer_epoch3(NODE1) | transfer_epoch4(NODE0) | transfer_epoch4(NODE1) | NODE0 = NODE1","11","--1---------00---------0--------0000--","9","320","2","1002010420","1002010420","e1h0l0t0","--1---------","00","---------0--","------0000--","1","0","0","2","0","1","0","4","2","0"
"1276","8","forall NODE1,NODE0. ~locked_epoch2(NODE0) | ~locked_epoch3(NODE0) | ep_epoch0(NODE1) | ep_epoch1(NODE1) | ep_epoch5(NODE0) | held(NODE1) | transfer_epoch5(NODE0) | transfer_epoch5(NODE1) | NODE0 = NODE1","11","-----000-----0----1-1---------------00","9","300","1","0301200220","0301200220","e0h0l1t0","-----000----","-0","----1-1-----","----------00","0","3","0","1","2","0","0","2","2","0"
"1277","8","forall NODE1,NODE0. ~locked_epoch2(NODE0) | ~locked_epoch3(NODE0) | ep_epoch0(NODE1) | ep_epoch1(NODE1) | held(NODE0) | held(NODE1) | transfer_epoch5(NODE0) | transfer_epoch5(NODE1) | NODE0 = NODE1","11","------00----00----1-1---------------00","9","297","1","0202200220","0202200220","e0h0l1t0","------00----","00","----1-1-----","----------00","0","2","0","2","2","0","0","2","2","0"
"1278","8","forall NODE1,NODE0. ~locked_epoch2(NODE0) | ~locked_epoch3(NODE0) | ep_epoch0(NODE1) | ep_epoch1(NODE1) | held(NODE1) | locked_epoch5(NODE0) | transfer_epoch5(NODE0) | transfer_epoch5(NODE1) | NODE0 = NODE1","11","------00-----0----1-1---0-----------00","9","294","1","0201210220","0201210220","e0h0l1l0t0","------00----","-0","----1-1---0-","----------00","0","2","0","1","2","1","0","2","2","0"
"1279","8","forall NODE1,NODE0. ~locked_epoch2(NODE0) | ep_epoch0(NODE1) | ep_epoch1(NODE1) | ep_epoch2(NODE0) | ep_epoch3(NODE0) | ep_epoch3(NODE1) | ep_epoch4(NODE0) | ep_epoch4(NODE1) | NODE0 = NODE1","11","--000-00-00-------1-------------------","9","318","3","0700100020","0700100020","e0l1","--000-00-00-","--","----1-------","------------","0","7","0","0","1","0","0","0","2","0"
"1280","8","forall NODE1,NODE0. ~locked_epoch2(NODE0) | ep_epoch0(NODE1) | ep_epoch1(NODE1) | ep_epoch2(NODE0) | ep_epoch3(NODE0) | ep_epoch3(NODE1) | ep_epoch5(NODE0) | ep_epoch5(NODE1) | NODE0 = NODE1","11","--00-000-0-0------1-------------------","9","318","3","0700100020","0700100020","e0l1","--00-000-0-0","--","----1-------","------------","0","7","0","0","1","0","0","0","2","0"
"1281","8","forall NODE1,NODE2,NODE3,NODE0. ~locked_epoch2(NODE0) | ep_epoch0(NODE1) | ep_epoch1(NODE1) | ep_epoch2(NODE0) | ep_epoch3(NODE0) | ep_epoch3(NODE1) | ep_epoch5(NODE2) | held(NODE3) | ((NODE0 ~= NODE2 | NODE1 ~= NODE3 | NODE0 = NODE1) & (NODE0 ~= NODE3 | NODE1 ~= NODE2 | NODE0 = NODE1))","18","--00-000-0---0----1-------------------","14","487","2","0601100040","0601100040","e0h0l1","--00-000-0--","-0","----1-------","------------","0","6","0","1","1","0","0","0","4","0"
"1282","8","forall NODE1,NODE2,NODE3,NODE0. ~locked_epoch2(NODE0) | ep_epoch0(NODE1) | ep_epoch1(NODE1) | ep_epoch2(NODE0) | ep_epoch3(NODE0) | ep_epoch3(NODE1) | ep_epoch5(NODE2) | locked_epoch5(NODE3) | ((NODE0 ~= NODE3 | NODE1 ~= NODE2 | NODE0 = NODE1) & (NODE0 ~= NODE2 | NODE1 ~= NODE3 | NODE0 = NODE1))","18","--00-000-0--------1------0------------","14","485","2","0600110040","0600110040","e0l1l0","--00-000-0--","--","----1------0","------------","0","6","0","0","1","1","0","0","4","0"
"1283","8","forall NODE1,NODE0. ~locked_epoch2(NODE0) | ep_epoch0(NODE1) | ep_epoch1(NODE1) | ep_epoch2(NODE0) | ep_epoch3(NODE0) | ep_epoch3(NODE1) | held(NODE0) | held(NODE1) | NODE0 = NODE1","11","--00--00-0--00----1-------------------","9","314","2","0502100020","0502100020","e0h0l1","--00--00-0--","00","----1-------","------------","0","5","0","2","1","0","0","0","2","0"
"1284","8","forall NODE1,NODE2,NODE3,NODE0. ~locked_epoch2(NODE0) | ep_epoch0(NODE1) | ep_epoch1(NODE1) | ep_epoch2(NODE0) | ep_epoch3(NODE0) | ep_epoch3(NODE1) | held(NODE2) | locked_epoch5(NODE3) | ((NODE0 ~= NODE3 | NODE1 ~= NODE2 | NODE0 = NODE1) & (NODE0 ~= NODE2 | NODE1 ~= NODE3 | NODE0 = NODE1))","18","--00--00-0--0-----1------0------------","14","483","2","0501110040","0501110040","e0h0l1l0","--00--00-0--","0-","----1------0","------------","0","5","0","1","1","1","0","0","4","0"
"1285","8","forall NODE1,NODE0. ~locked_epoch2(NODE0) | ep_epoch0(NODE1) | ep_epoch1(NODE1) | ep_epoch2(NODE0) | ep_epoch3(NODE0) | ep_epoch3(NODE1) | locked_epoch5(NODE0) | locked_epoch5(NODE1) | NODE0 = NODE1","11","--00--00-0--------1-----00------------","9","310","2","0500120020","0500120020","e0l1l0","--00--00-0--","--","----1-----00","------------","0","5","0","0","1","2","0","0","2","0"
"1286","8","forall NODE1,NODE0. ~locked_epoch2(NODE0) | ep_epoch0(NODE1) | ep_epoch1(NODE1) | ep_epoch2(NODE0) | ep_epoch4(NODE0) | ep_epoch4(NODE1) | ep_epoch5(NODE0) | ep_epoch5(NODE1) | NODE0 = NODE1","11","--0-0000--00------1-------------------","9","318","3","0700100020","0700100020","e0l1","--0-0000--00","--","----1-------","------------","0","7","0","0","1","0","0","0","2","0"
"1287","8","forall NODE1,NODE2,NODE3,NODE0. ~locked_epoch2(NODE0) | ep_epoch0(NODE1) | ep_epoch1(NODE1) | ep_epoch2(NODE0) | ep_epoch4(NODE0) | ep_epoch4(NODE1) | ep_epoch5(NODE2) | held(NODE3) | ((NODE0 ~= NODE2 | NODE1 ~= NODE3 | NODE0 = NODE1) & (NODE0 ~= NODE3 | NODE1 ~= NODE2 | NODE0 = NODE1))","18","--0-0000--0--0----1-------------------","14","487","2","0601100040","0601100040","e0h0l1","--0-0000--0-","-0","----1-------","------------","0","6","0","1","1","0","0","0","4","0"
"1288","8","forall NODE1,NODE2,NODE3,NODE0. ~locked_epoch2(NODE0) | ep_epoch0(NODE1) | ep_epoch1(NODE1) | ep_epoch2(NODE0) | ep_epoch4(NODE0) | ep_epoch4(NODE1) | ep_epoch5(NODE2) | locked_epoch5(NODE3) | ((NODE0 ~= NODE2 | NODE1 ~= NODE3 | NODE0 = NODE1) & (NODE0 ~= NODE3 | NODE1 ~= NODE2 | NODE0 = NODE1))","18","--0-0000--0-------1------0------------","14","485","2","0600110040","0600110040","e0l1l0","--0-0000--0-","--","----1------0","------------","0","6","0","0","1","1","0","0","4","0"
"1289","8","forall NODE1,NODE0. ~locked_epoch2(NODE0) | ep_epoch0(NODE1) | ep_epoch1(NODE1) | ep_epoch2(NODE0) | ep_epoch4(NODE0) | ep_epoch4(NODE1) | held(NODE0) | held(NODE1) | NODE0 = NODE1","11","--0-0-00--0-00----1-------------------","9","314","2","0502100020","0502100020","e0h0l1","--0-0-00--0-","00","----1-------","------------","0","5","0","2","1","0","0","0","2","0"
"1290","8","forall NODE1,NODE2,NODE3,NODE0. ~locked_epoch2(NODE0) | ep_epoch0(NODE1) | ep_epoch1(NODE1) | ep_epoch2(NODE0) | ep_epoch4(NODE0) | ep_epoch4(NODE1) | held(NODE2) | locked_epoch5(NODE3) | ((NODE0 ~= NODE3 | NODE1 ~= NODE2 | NODE0 = NODE1) & (NODE0 ~= NODE2 | NODE1 ~= NODE3 | NODE0 = NODE1))","18","--0-0-00--0-0-----1------0------------","14","483","2","0501110040","0501110040","e0h0l1l0","--0-0-00--0-","0-","----1------0","------------","0","5","0","1","1","1","0","0","4","0"
"1291","8","forall NODE1,NODE0. ~locked_epoch2(NODE0) | ep_epoch0(NODE1) | ep_epoch1(NODE1) | ep_epoch2(NODE0) | ep_epoch4(NODE0) | ep_epoch4(NODE1) | locked_epoch5(NODE0) | locked_epoch5(NODE1) | NODE0 = NODE1","11","--0-0-00--0-------1-----00------------","9","310","2","0500120020","0500120020","e0l1l0","--0-0-00--0-","--","----1-----00","------------","0","5","0","0","1","2","0","0","2","0"
"1292","8","forall NODE1,NODE0. ~locked_epoch2(NODE0) | ep_epoch0(NODE1) | ep_epoch1(NODE1) | ep_epoch2(NODE0) | held(NODE0) | held(NODE1) | transfer_epoch5(NODE0) | transfer_epoch5(NODE1) | NODE0 = NODE1","11","--0---00----00----1-----------------00","9","302","4","0302100220","0302100220","e0h0l1t0","--0---00----","00","----1-------","----------00","0","3","0","2","1","0","0","2","2","0"
"1293","8","forall NODE1,NODE0. ~locked_epoch2(NODE0) | ep_epoch0(NODE1) | ep_epoch1(NODE1) | ep_epoch3(NODE1) | ep_epoch5(NODE0) | held(NODE1) | transfer_epoch5(NODE0) | transfer_epoch5(NODE1) | NODE0 = NODE1","11","-----000-0---0----1-----------------00","9","306","3","0401100220","0401100220","e0h0l1t0","-----000-0--","-0","----1-------","----------00","0","4","0","1","1","0","0","2","2","0"
"1294","8","forall NODE1,NODE0. ~locked_epoch2(NODE0) | ep_epoch0(NODE1) | ep_epoch1(NODE1) | ep_epoch3(NODE1) | held(NODE0) | held(NODE1) | transfer_epoch5(NODE0) | transfer_epoch5(NODE1) | NODE0 = NODE1","11","------00-0--00----1-----------------00","9","302","4","0302100220","0302100220","e0h0l1t0","------00-0--","00","----1-------","----------00","0","3","0","2","1","0","0","2","2","0"
"1295","8","forall NODE1,NODE0. ~locked_epoch2(NODE0) | ep_epoch0(NODE1) | ep_epoch1(NODE1) | ep_epoch3(NODE1) | held(NODE1) | locked_epoch5(NODE0) | transfer_epoch5(NODE0) | transfer_epoch5(NODE1) | NODE0 = NODE1","11","------00-0---0----1-----0-----------00","9","299","9","0301110220","0301110220","e0h0l1l0t0","------00-0--","-0","----1-----0-","----------00","0","3","0","1","1","1","0","2","2","0"
"1296","8","forall NODE1,NODE0. ~locked_epoch2(NODE0) | ep_epoch0(NODE1) | ep_epoch1(NODE1) | ep_epoch4(NODE1) | held(NODE1) | locked_epoch4(NODE0) | transfer_epoch4(NODE0) | transfer_epoch4(NODE1) | NODE0 = NODE1","11","------00--0--0----1---0-----------00--","9","299","9","0301110220","0301110220","e0h0l1l0t0","------00--0-","-0","----1---0---","--------00--","0","3","0","1","1","1","0","2","2","0"
"1297","8","forall NODE1,NODE0. ~locked_epoch2(NODE0) | ep_epoch0(NODE1) | ep_epoch1(NODE1) | ep_epoch5(NODE0) | held(NODE1) | locked_epoch3(NODE1) | transfer_epoch5(NODE0) | transfer_epoch5(NODE1) | NODE0 = NODE1","11","-----000-----0----1--0--------------00","9","299","9","0301110220","0301110220","e0h0l1l0t0","-----000----","-0","----1--0----","----------00","0","3","0","1","1","1","0","2","2","0"
"1298","8","forall NODE1,NODE0. ~locked_epoch2(NODE0) | ep_epoch0(NODE1) | ep_epoch1(NODE1) | held(NODE0) | held(NODE1) | locked_epoch3(NODE1) | transfer_epoch5(NODE0) | transfer_epoch5(NODE1) | NODE0 = NODE1","11","------00----00----1--0--------------00","9","296","4","0202110220","0202110220","e0h0l1l0t0","------00----","00","----1--0----","----------00","0","2","0","2","1","1","0","2","2","0"
"1299","8","forall NODE1,NODE0. ~locked_epoch2(NODE0) | ep_epoch0(NODE1) | ep_epoch1(NODE1) | held(NODE1) | locked_epoch3(NODE1) | locked_epoch5(NODE0) | transfer_epoch5(NODE0) | transfer_epoch5(NODE1) | NODE0 = NODE1","11","------00-----0----1--0--0-----------00","9","293","8","0201120220","0201120220","e0h0l1l0t0","------00----","-0","----1--0--0-","----------00","0","2","0","1","1","2","0","2","2","0"
"1300","8","forall NODE1,NODE0. ~locked_epoch2(NODE0) | ep_epoch0(NODE1) | ep_epoch1(NODE1) | held(NODE1) | locked_epoch4(NODE0) | locked_epoch4(NODE1) | transfer_epoch4(NODE0) | transfer_epoch4(NODE1) | NODE0 = NODE1","11","------00-----0----1---00----------00--","9","293","8","0201120220","0201120220","e0h0l1l0t0","------00----","-0","----1---00--","--------00--","0","2","0","1","1","2","0","2","2","0"
"1301","8","forall NODE1,NODE0. ~locked_epoch2(NODE0) | ep_epoch2(NODE0) | ep_epoch4(NODE0) | ep_epoch4(NODE1) | ep_epoch5(NODE1) | held(NODE0) | transfer_epoch4(NODE0) | transfer_epoch4(NODE1) | NODE0 = NODE1","11","--0-0-----000-----1---------------00--","9","306","3","0401100220","0401100220","e0h0l1t0","--0-0-----00","0-","----1-------","--------00--","0","4","0","1","1","0","0","2","2","0"
"1302","8","forall NODE1,NODE0. ~locked_epoch2(NODE0) | ep_epoch2(NODE0) | ep_epoch4(NODE0) | ep_epoch4(NODE1) | held(NODE0) | held(NODE1) | transfer_epoch4(NODE0) | transfer_epoch4(NODE1) | NODE0 = NODE1","11","--0-0-----0-00----1---------------00--","9","302","4","0302100220","0302100220","e0h0l1t0","--0-0-----0-","00","----1-------","--------00--","0","3","0","2","1","0","0","2","2","0"
"1303","8","forall NODE1,NODE0. ~locked_epoch2(NODE0) | ep_epoch2(NODE0) | ep_epoch4(NODE0) | ep_epoch4(NODE1) | held(NODE0) | locked_epoch5(NODE1) | transfer_epoch4(NODE0) | transfer_epoch4(NODE1) | NODE0 = NODE1","11","--0-0-----0-0-----1------0--------00--","9","299","9","0301110220","0301110220","e0h0l1l0t0","--0-0-----0-","0-","----1------0","--------00--","0","3","0","1","1","1","0","2","2","0"
"1304","8","forall NODE1,NODE0. ~locked_epoch2(NODE0) | ep_epoch2(NODE0) | ep_epoch4(NODE1) | ep_epoch5(NODE1) | held(NODE0) | locked_epoch4(NODE0) | transfer_epoch4(NODE0) | transfer_epoch4(NODE1) | NODE0 = NODE1","11","--0-------000-----1---0-----------00--","9","299","9","0301110220","0301110220","e0h0l1l0t0","--0-------00","0-","----1---0---","--------00--","0","3","0","1","1","1","0","2","2","0"
"1305","8","forall NODE1,NODE0. ~locked_epoch2(NODE0) | ep_epoch2(NODE0) | ep_epoch4(NODE1) | held(NODE0) | held(NODE1) | locked_epoch4(NODE0) | transfer_epoch4(NODE0) | transfer_epoch4(NODE1) | NODE0 = NODE1","11","--0-------0-00----1---0-----------00--","9","296","4","0202110220","0202110220","e0h0l1l0t0","--0-------0-","00","----1---0---","--------00--","0","2","0","2","1","1","0","2","2","0"
"1306","8","forall NODE1,NODE0. ~locked_epoch2(NODE0) | ep_epoch2(NODE0) | ep_epoch4(NODE1) | held(NODE0) | locked_epoch4(NODE0) | locked_epoch5(NODE1) | transfer_epoch4(NODE0) | transfer_epoch4(NODE1) | NODE0 = NODE1","11","--0-------0-0-----1---0--0--------00--","9","293","8","0201120220","0201120220","e0h0l1l0t0","--0-------0-","0-","----1---0--0","--------00--","0","2","0","1","1","2","0","2","2","0"
"1307","8","forall NODE1,NODE0. ~locked_epoch2(NODE0) | ep_epoch2(NODE0) | held(NODE0) | held(NODE1) | transfer_epoch4(NODE0) | transfer_epoch4(NODE1) | transfer_epoch5(NODE0) | transfer_epoch5(NODE1) | NODE0 = NODE1","11","--0---------00----1---------------0000","9","287","1","0102100420","0102100420","e0h0l1t0","--0---------","00","----1-------","--------0000","0","1","0","2","1","0","0","4","2","0"
"1308","8","forall NODE1,NODE0. ~locked_epoch2(NODE0) | ep_epoch3(NODE0) | ep_epoch3(NODE1) | ep_epoch4(NODE0) | held(NODE0) | locked_epoch4(NODE1) | transfer_epoch3(NODE0) | transfer_epoch3(NODE1) | NODE0 = NODE1","11","---00----0--0-----1----0--------00----","9","299","9","0301110220","0301110220","e0h0l1l0t0","---00----0--","0-","----1----0--","------00----","0","3","0","1","1","1","0","2","2","0"
"1309","8","forall NODE1,NODE0. ~locked_epoch2(NODE0) | ep_epoch3(NODE0) | ep_epoch3(NODE1) | held(NODE0) | locked_epoch4(NODE0) | locked_epoch4(NODE1) | transfer_epoch3(NODE0) | transfer_epoch3(NODE1) | NODE0 = NODE1","11","---0-----0--0-----1---00--------00----","9","293","8","0201120220","0201120220","e0h0l1l0t0","---0-----0--","0-","----1---00--","------00----","0","2","0","1","1","2","0","2","2","0"
"1310","8","forall NODE1,NODE0. ~locked_epoch2(NODE0) | ep_epoch3(NODE1) | ep_epoch4(NODE0) | held(NODE0) | locked_epoch3(NODE0) | locked_epoch4(NODE1) | transfer_epoch3(NODE0) | transfer_epoch3(NODE1) | NODE0 = NODE1","11","----0----0--0-----1-0--0--------00----","9","293","8","0201120220","0201120220","e0h0l1l0t0","----0----0--","0-","----1-0--0--","------00----","0","2","0","1","1","2","0","2","2","0"
"1311","8","forall NODE1,NODE0. ~locked_epoch2(NODE0) | ep_epoch3(NODE1) | ep_epoch4(NODE1) | ep_epoch5(NODE1) | held(NODE0) | locked_epoch3(NODE0) | transfer_epoch3(NODE0) | transfer_epoch3(NODE1) | NODE0 = NODE1","11","---------0000-----1-0-----------00----","9","299","9","0301110220","0301110220","e0h0l1l0t0","---------000","0-","----1-0-----","------00----","0","3","0","1","1","1","0","2","2","0"
"1312","8","forall NODE1,NODE0. ~locked_epoch2(NODE0) | ep_epoch3(NODE1) | ep_epoch4(NODE1) | held(NODE0) | held(NODE1) | locked_epoch3(NODE0) | transfer_epoch3(NODE0) | transfer_epoch3(NODE1) | NODE0 = NODE1","11","---------00-00----1-0-----------00----","9","296","4","0202110220","0202110220","e0h0l1l0t0","---------00-","00","----1-0-----","------00----","0","2","0","2","1","1","0","2","2","0"
"1313","8","forall NODE1,NODE0. ~locked_epoch2(NODE0) | ep_epoch3(NODE1) | ep_epoch4(NODE1) | held(NODE0) | locked_epoch3(NODE0) | locked_epoch5(NODE1) | transfer_epoch3(NODE0) | transfer_epoch3(NODE1) | NODE0 = NODE1","11","---------00-0-----1-0----0------00----","9","293","8","0201120220","0201120220","e0h0l1l0t0","---------00-","0-","----1-0----0","------00----","0","2","0","1","1","2","0","2","2","0"
"1314","8","forall NODE1,NODE0. ~locked_epoch2(NODE0) | ep_epoch3(NODE1) | ep_epoch5(NODE1) | held(NODE0) | locked_epoch3(NODE0) | locked_epoch4(NODE1) | transfer_epoch3(NODE0) | transfer_epoch3(NODE1) | NODE0 = NODE1","11","---------0-00-----1-0--0--------00----","9","293","8","0201120220","0201120220","e0h0l1l0t0","---------0-0","0-","----1-0--0--","------00----","0","2","0","1","1","2","0","2","2","0"
"1315","8","forall NODE1,NODE0. ~locked_epoch2(NODE0) | ep_epoch3(NODE1) | held(NODE0) | held(NODE1) | locked_epoch3(NODE0) | locked_epoch4(NODE1) | transfer_epoch3(NODE0) | transfer_epoch3(NODE1) | NODE0 = NODE1","11","---------0--00----1-0--0--------00----","9","288","1","0102120220","0102120220","e0h0l1l0t0","---------0--","00","----1-0--0--","------00----","0","1","0","2","1","2","0","2","2","0"
"1316","8","forall NODE1,NODE0. ~locked_epoch2(NODE0) | ep_epoch3(NODE1) | held(NODE0) | locked_epoch3(NODE0) | locked_epoch4(NODE0) | locked_epoch4(NODE1) | transfer_epoch3(NODE0) | transfer_epoch3(NODE1) | NODE0 = NODE1","11","---------0--0-----1-0-00--------00----","9","285","2","0101130220","0101130220","e0h0l1l0t0","---------0--","0-","----1-0-00--","------00----","0","1","0","1","1","3","0","2","2","0"
"1317","8","forall NODE1,NODE0. ~locked_epoch2(NODE0) | ep_epoch3(NODE1) | held(NODE0) | locked_epoch3(NODE0) | locked_epoch4(NODE1) | locked_epoch5(NODE1) | transfer_epoch3(NODE0) | transfer_epoch3(NODE1) | NODE0 = NODE1","11","---------0--0-----1-0--0-0------00----","9","285","2","0101130220","0101130220","e0h0l1l0t0","---------0--","0-","----1-0--0-0","------00----","0","1","0","1","1","3","0","2","2","0"
"1318","8","forall NODE1,NODE0. ~locked_epoch3(NODE0) | ep_epoch0(NODE1) | ep_epoch1(NODE1) | ep_epoch2(NODE1) | ep_epoch5(NODE0) | held(NODE1) | transfer_epoch5(NODE0) | transfer_epoch5(NODE1) | NODE0 = NODE1","11","-----0000----0------1---------------00","9","306","3","0401100220","0401100220","e0h0l1t0","-----0000---","-0","------1-----","----------00","0","4","0","1","1","0","0","2","2","0"
"1319","8","forall NODE1,NODE0. ~locked_epoch3(NODE0) | ep_epoch0(NODE1) | ep_epoch1(NODE1) | ep_epoch2(NODE1) | held(NODE0) | held(NODE1) | transfer_epoch5(NODE0) | transfer_epoch5(NODE1) | NODE0 = NODE1","11","------000---00------1---------------00","9","302","4","0302100220","0302100220","e0h0l1t0","------000---","00","------1-----","----------00","0","3","0","2","1","0","0","2","2","0"
"1320","8","forall NODE1,NODE0. ~locked_epoch3(NODE0) | ep_epoch0(NODE1) | ep_epoch1(NODE1) | ep_epoch2(NODE1) | held(NODE1) | locked_epoch5(NODE0) | transfer_epoch5(NODE0) | transfer_epoch5(NODE1) | NODE0 = NODE1","11","------000----0------1---0-----------00","9","299","9","0301110220","0301110220","e0h0l1l0t0","------000---","-0","------1---0-","----------00","0","3","0","1","1","1","0","2","2","0"
"1321","8","forall NODE1,NODE0. ~locked_epoch3(NODE0) | ep_epoch0(NODE1) | ep_epoch1(NODE1) | ep_epoch5(NODE0) | held(NODE1) | locked_epoch2(NODE1) | transfer_epoch5(NODE0) | transfer_epoch5(NODE1) | NODE0 = NODE1","11","-----000-----0-----01---------------00","9","299","9","0301110220","0301110220","e0h0l1l0t0","-----000----","-0","-----01-----","----------00","0","3","0","1","1","1","0","2","2","0"
"1322","8","forall NODE1,NODE0. ~locked_epoch3(NODE0) | ep_epoch0(NODE1) | ep_epoch1(NODE1) | held(NODE0) | held(NODE1) | locked_epoch2(NODE1) | transfer_epoch5(NODE0) | transfer_epoch5(NODE1) | NODE0 = NODE1","11","------00----00-----01---------------00","9","296","4","0202110220","0202110220","e0h0l1l0t0","------00----","00","-----01-----","----------00","0","2","0","2","1","1","0","2","2","0"
"1323","8","forall NODE1,NODE0. ~locked_epoch3(NODE0) | ep_epoch0(NODE1) | ep_epoch1(NODE1) | held(NODE1) | locked_epoch2(NODE1) | locked_epoch5(NODE0) | transfer_epoch5(NODE0) | transfer_epoch5(NODE1) | NODE0 = NODE1","11","------00-----0-----01---0-----------00","9","293","8","0201120220","0201120220","e0h0l1l0t0","------00----","-0","-----01---0-","----------00","0","2","0","1","1","2","0","2","2","0"
"1324","8","forall NODE1,NODE0. ~locked_epoch3(NODE0) | ep_epoch4(NODE1) | ep_epoch5(NODE1) | held(NODE0) | transfer_epoch4(NODE0) | transfer_epoch4(NODE1) | transfer_epoch5(NODE0) | transfer_epoch5(NODE1) | NODE0 = NODE1","11","----------000-------1-------------0000","9","292","1","0201100420","0201100420","e0h0l1t0","----------00","0-","------1-----","--------0000","0","2","0","1","1","0","0","4","2","0"
"1325","8","forall NODE1,NODE0. ~locked_epoch3(NODE0) | ep_epoch4(NODE1) | held(NODE0) | locked_epoch5(NODE1) | transfer_epoch4(NODE0) | transfer_epoch4(NODE1) | transfer_epoch5(NODE0) | transfer_epoch5(NODE1) | NODE0 = NODE1","11","----------0-0-------1----0--------0000","9","284","2","0101110420","0101110420","e0h0l1l0t0","----------0-","0-","------1----0","--------0000","0","1","0","1","1","1","0","4","2","0"
"1326","8","forall NODE1,NODE0. ~locked_epoch3(NODE0) | ep_epoch5(NODE1) | held(NODE0) | locked_epoch4(NODE1) | transfer_epoch4(NODE0) | transfer_epoch4(NODE1) | transfer_epoch5(NODE0) | transfer_epoch5(NODE1) | NODE0 = NODE1","11","-----------00-------1--0----------0000","9","284","2","0101110420","0101110420","e0h0l1l0t0","-----------0","0-","------1--0--","--------0000","0","1","0","1","1","1","0","4","2","0"
"1327","8","forall NODE1,NODE0. ~locked_epoch3(NODE0) | held(NODE0) | locked_epoch4(NODE1) | locked_epoch5(NODE1) | transfer_epoch4(NODE0) | transfer_epoch4(NODE1) | transfer_epoch5(NODE0) | transfer_epoch5(NODE1) | NODE0 = NODE1","11","------------0-------1--0-0--------0000","9","280","1","0001120420","0001120420","h0l1l0t0","------------","0-","------1--0-0","--------0000","0","0","0","1","1","2","0","4","2","0"
"1328","2","exists NODE0. ep_epoch0(NODE0) | ep_epoch1(NODE0) | ep_epoch2(NODE0) | locked_epoch4(NODE0)","5","000---000-------------00--------------","4","32","4","e0l0","0600020001","e0l0","000---000---","--","--------00--","------------","0","6","0","0","0","2","0","0","0","1"
"1329","2","exists NODE0. ep_epoch0(NODE0) | ep_epoch1(NODE0) | ep_epoch3(NODE0) | locked_epoch4(NODE0)","5","00-0--00-0------------00--------------","4","32","4","e0l0","0600020001","e0l0","00-0--00-0--","--","--------00--","------------","0","6","0","0","0","2","0","0","0","1"
"1330","8","forall NODE1,NODE0. ep_epoch0(NODE0) | ep_epoch0(NODE1) | ep_epoch1(NODE0) | ep_epoch1(NODE1) | ep_epoch3(NODE0) | ep_epoch4(NODE0) | ep_epoch5(NODE0) | locked_epoch3(NODE1) | NODE0 = NODE1","11","00-00000-------------0----------------","9","317","6","0700010020","0700010020","e0l0","00-00000----","--","-------0----","------------","0","7","0","0","0","1","0","0","2","0"
"1331","8","forall NODE1,NODE0. ep_epoch0(NODE0) | ep_epoch0(NODE1) | ep_epoch1(NODE0) | ep_epoch1(NODE1) | ep_epoch3(NODE0) | ep_epoch4(NODE0) | held(NODE0) | locked_epoch3(NODE1) | NODE0 = NODE1","11","00-00-00----0--------0----------------","9","316","3","0601010020","0601010020","e0h0l0","00-00-00----","0-","-------0----","------------","0","6","0","1","0","1","0","0","2","0"
"1332","8","forall NODE1,NODE0. ep_epoch0(NODE0) | ep_epoch0(NODE1) | ep_epoch1(NODE0) | ep_epoch1(NODE1) | ep_epoch3(NODE0) | ep_epoch4(NODE0) | locked_epoch3(NODE1) | locked_epoch5(NODE0) | NODE0 = NODE1","11","00-00-00-------------0--0-------------","9","315","17","0600020020","0600020020","e0l0","00-00-00----","--","-------0--0-","------------","0","6","0","0","0","2","0","0","2","0"
"1333","8","forall NODE1,NODE0. ep_epoch0(NODE0) | ep_epoch0(NODE1) | ep_epoch1(NODE0) | ep_epoch1(NODE1) | ep_epoch3(NODE1) | ep_epoch4(NODE0) | locked_epoch3(NODE0) | locked_epoch4(NODE1) | NODE0 = NODE1","11","00-0--00--0----------00---------------","9","315","17","0600020020","0600020020","e0l0","00-0--00--0-","--","-------00---","------------","0","6","0","0","0","2","0","0","2","0"
"1334","8","forall NODE1,NODE0. ep_epoch0(NODE0) | ep_epoch0(NODE1) | ep_epoch1(NODE0) | ep_epoch1(NODE1) | ep_epoch3(NODE1) | ep_epoch5(NODE1) | locked_epoch3(NODE0) | locked_epoch4(NODE1) | NODE0 = NODE1","11","00-0-000-------------00---------------","9","315","17","0600020020","0600020020","e0l0","00-0-000----","--","-------00---","------------","0","6","0","0","0","2","0","0","2","0"
"1335","8","forall NODE1,NODE0. ep_epoch0(NODE0) | ep_epoch0(NODE1) | ep_epoch1(NODE0) | ep_epoch1(NODE1) | ep_epoch3(NODE1) | held(NODE1) | locked_epoch3(NODE0) | locked_epoch4(NODE1) | NODE0 = NODE1","11","00-0--00----0--------00---------------","9","312","5","0501020020","0501020020","e0h0l0","00-0--00----","0-","-------00---","------------","0","5","0","1","0","2","0","0","2","0"
"1336","8","forall NODE1,NODE0. ep_epoch0(NODE0) | ep_epoch0(NODE1) | ep_epoch1(NODE0) | ep_epoch1(NODE1) | ep_epoch3(NODE1) | locked_epoch3(NODE0) | locked_epoch4(NODE0) | locked_epoch4(NODE1) | NODE0 = NODE1","11","00-0--00-------------000--------------","9","309","14","0500030020","0500030020","e0l0","00-0--00----","--","-------000--","------------","0","5","0","0","0","3","0","0","2","0"
"1337","8","forall NODE1,NODE0. ep_epoch0(NODE0) | ep_epoch0(NODE1) | ep_epoch1(NODE0) | ep_epoch1(NODE1) | ep_epoch3(NODE1) | locked_epoch3(NODE0) | locked_epoch4(NODE1) | locked_epoch5(NODE1) | NODE0 = NODE1","11","00-0--00-------------00-0-------------","9","309","14","0500030020","0500030020","e0l0","00-0--00----","--","-------00-0-","------------","0","5","0","0","0","3","0","0","2","0"
"1338","2","exists NODE0. ep_epoch0(NODE0) | ep_epoch2(NODE0) | ep_epoch3(NODE0) | locked_epoch4(NODE0)","5","0-00--0-00------------00--------------","4","32","4","e0l0","0600020001","e0l0","0-00--0-00--","--","--------00--","------------","0","6","0","0","0","2","0","0","0","1"
"1339","8","forall NODE1,NODE0. ep_epoch0(NODE0) | ep_epoch0(NODE1) | ep_epoch2(NODE0) | ep_epoch2(NODE1) | ep_epoch3(NODE0) | ep_epoch4(NODE0) | ep_epoch5(NODE0) | locked_epoch3(NODE1) | NODE0 = NODE1","11","0-00000-0------------0----------------","9","317","6","0700010020","0700010020","e0l0","0-00000-0---","--","-------0----","------------","0","7","0","0","0","1","0","0","2","0"
"1340","8","forall NODE1,NODE0. ep_epoch0(NODE0) | ep_epoch0(NODE1) | ep_epoch2(NODE0) | ep_epoch2(NODE1) | ep_epoch3(NODE0) | ep_epoch4(NODE0) | held(NODE0) | locked_epoch3(NODE1) | NODE0 = NODE1","11","0-000-0-0---0--------0----------------","9","316","3","0601010020","0601010020","e0h0l0","0-000-0-0---","0-","-------0----","------------","0","6","0","1","0","1","0","0","2","0"
"1341","8","forall NODE1,NODE0. ep_epoch0(NODE0) | ep_epoch0(NODE1) | ep_epoch2(NODE0) | ep_epoch2(NODE1) | ep_epoch3(NODE0) | ep_epoch4(NODE0) | locked_epoch3(NODE1) | locked_epoch5(NODE0) | NODE0 = NODE1","11","0-000-0-0------------0--0-------------","9","315","17","0600020020","0600020020","e0l0","0-000-0-0---","--","-------0--0-","------------","0","6","0","0","0","2","0","0","2","0"
"1342","8","forall NODE1,NODE0. ep_epoch0(NODE0) | ep_epoch0(NODE1) | ep_epoch2(NODE0) | ep_epoch2(NODE1) | ep_epoch3(NODE0) | ep_epoch4(NODE1) | locked_epoch3(NODE1) | locked_epoch4(NODE0) | NODE0 = NODE1","11","0-00--0-0-0----------00---------------","9","315","17","0600020020","0600020020","e0l0","0-00--0-0-0-","--","-------00---","------------","0","6","0","0","0","2","0","0","2","0"
"1343","8","forall NODE1,NODE0. ep_epoch0(NODE0) | ep_epoch0(NODE1) | ep_epoch2(NODE0) | ep_epoch2(NODE1) | ep_epoch3(NODE0) | ep_epoch5(NODE0) | locked_epoch3(NODE1) | locked_epoch4(NODE0) | NODE0 = NODE1","11","0-00-00-0------------00---------------","9","315","17","0600020020","0600020020","e0l0","0-00-00-0---","--","-------00---","------------","0","6","0","0","0","2","0","0","2","0"
"1344","8","forall NODE1,NODE0. ep_epoch0(NODE0) | ep_epoch0(NODE1) | ep_epoch2(NODE0) | ep_epoch2(NODE1) | ep_epoch3(NODE0) | held(NODE0) | locked_epoch3(NODE1) | locked_epoch4(NODE0) | NODE0 = NODE1","11","0-00--0-0---0--------00---------------","9","312","5","0501020020","0501020020","e0h0l0","0-00--0-0---","0-","-------00---","------------","0","5","0","1","0","2","0","0","2","0"
"1345","8","forall NODE1,NODE0. ep_epoch0(NODE0) | ep_epoch0(NODE1) | ep_epoch2(NODE0) | ep_epoch2(NODE1) | ep_epoch3(NODE1) | locked_epoch3(NODE0) | locked_epoch4(NODE0) | locked_epoch4(NODE1) | NODE0 = NODE1","11","0-00--0-0------------000--------------","9","309","14","0500030020","0500030020","e0l0","0-00--0-0---","--","-------000--","------------","0","5","0","0","0","3","0","0","2","0"
"1346","8","forall NODE1,NODE0. ep_epoch0(NODE0) | ep_epoch0(NODE1) | ep_epoch2(NODE0) | ep_epoch2(NODE1) | ep_epoch3(NODE0) | locked_epoch3(NODE1) | locked_epoch4(NODE0) | locked_epoch5(NODE0) | NODE0 = NODE1","11","0-00--0-0------------00-0-------------","9","309","14","0500030020","0500030020","e0l0","0-00--0-0---","--","-------00-0-","------------","0","5","0","0","0","3","0","0","2","0"
"1347","8","forall NODE1,NODE0. ep_epoch0(NODE0) | ep_epoch0(NODE1) | ep_epoch2(NODE0) | ep_epoch3(NODE1) | ep_epoch4(NODE0) | ep_epoch4(NODE1) | locked_epoch2(NODE1) | locked_epoch3(NODE0) | NODE0 = NODE1","11","0-0-0-0--00--------00-----------------","9","315","17","0600020020","0600020020","e0l0","0-0-0-0--00-","--","-----00-----","------------","0","6","0","0","0","2","0","0","2","0"
"1348","8","forall NODE1,NODE0. ep_epoch0(NODE0) | ep_epoch0(NODE1) | ep_epoch2(NODE0) | ep_epoch3(NODE1) | ep_epoch4(NODE0) | locked_epoch2(NODE1) | locked_epoch3(NODE0) | locked_epoch4(NODE1) | NODE0 = NODE1","11","0-0-0-0--0---------00--0--------------","9","309","14","0500030020","0500030020","e0l0","0-0-0-0--0--","--","-----00--0--","------------","0","5","0","0","0","3","0","0","2","0"
"1349","8","forall NODE1,NODE0. ep_epoch0(NODE0) | ep_epoch0(NODE1) | ep_epoch2(NODE1) | ep_epoch3(NODE0) | ep_epoch4(NODE0) | ep_epoch5(NODE0) | locked_epoch2(NODE0) | locked_epoch3(NODE1) | NODE0 = NODE1","11","0-0---0--000-------00-----------------","9","315","17","0600020020","0600020020","e0l0","0-0---0--000","--","-----00-----","------------","0","6","0","0","0","2","0","0","2","0"
"1350","8","forall NODE1,NODE0. ep_epoch0(NODE0) | ep_epoch0(NODE1) | ep_epoch2(NODE1) | ep_epoch3(NODE0) | ep_epoch4(NODE0) | held(NODE0) | locked_epoch2(NODE0) | locked_epoch3(NODE1) | NODE0 = NODE1","11","0-0---0--00--0-----00-----------------","9","312","5","0501020020","0501020020","e0h0l0","0-0---0--00-","-0","-----00-----","------------","0","5","0","1","0","2","0","0","2","0"
"1351","8","forall NODE1,NODE0. ep_epoch0(NODE0) | ep_epoch0(NODE1) | ep_epoch2(NODE1) | ep_epoch3(NODE0) | ep_epoch4(NODE0) | locked_epoch2(NODE0) | locked_epoch3(NODE1) | locked_epoch5(NODE0) | NODE0 = NODE1","11","0-0---0--00--------00----0------------","9","309","14","0500030020","0500030020","e0l0","0-0---0--00-","--","-----00----0","------------","0","5","0","0","0","3","0","0","2","0"
"1352","8","forall NODE1,NODE0. ep_epoch0(NODE0) | ep_epoch0(NODE1) | ep_epoch2(NODE0) | ep_epoch3(NODE1) | ep_epoch5(NODE0) | ep_epoch5(NODE1) | locked_epoch2(NODE1) | locked_epoch3(NODE0) | NODE0 = NODE1","11","0-0--00--0-0-------00-----------------","9","315","17","0600020020","0600020020","e0l0","0-0--00--0-0","--","-----00-----","------------","0","6","0","0","0","2","0","0","2","0"
"1353","8","forall NODE1,NODE2,NODE3,NODE0. ep_epoch0(NODE0) | ep_epoch0(NODE1) | ep_epoch2(NODE0) | ep_epoch3(NODE1) | ep_epoch5(NODE2) | held(NODE3) | locked_epoch2(NODE1) | locked_epoch3(NODE0) | ((NODE0 ~= NODE2 | NODE1 ~= NODE3 | NODE0 = NODE1) & (NODE0 ~= NODE3 | NODE1 ~= NODE2 | NODE0 = NODE1))","18","0-0--00--0---0-----00-----------------","14","482","5","0501020040","0501020040","e0h0l0","0-0--00--0--","-0","-----00-----","------------","0","5","0","1","0","2","0","0","4","0"
"1354","8","forall NODE1,NODE2,NODE3,NODE0. ep_epoch0(NODE0) | ep_epoch0(NODE1) | ep_epoch2(NODE0) | ep_epoch3(NODE1) | ep_epoch5(NODE2) | locked_epoch2(NODE1) | locked_epoch3(NODE0) | locked_epoch5(NODE3) | ((NODE0 ~= NODE2 | NODE1 ~= NODE3 | NODE0 = NODE1) & (NODE0 ~= NODE3 | NODE1 ~= NODE2 | NODE0 = NODE1))","18","0-0--00--0---------00----0------------","14","481","3","0500030040","0500030040","e0l0","0-0--00--0--","--","-----00----0","------------","0","5","0","0","0","3","0","0","4","0"
"1355","8","forall NODE1,NODE0. ep_epoch0(NODE0) | ep_epoch0(NODE1) | ep_epoch2(NODE1) | ep_epoch3(NODE0) | ep_epoch5(NODE0) | locked_epoch2(NODE0) | locked_epoch3(NODE1) | locked_epoch4(NODE0) | NODE0 = NODE1","11","0-0---0--0-0-------00--0--------------","9","309","14","0500030020","0500030020","e0l0","0-0---0--0-0","--","-----00--0--","------------","0","5","0","0","0","3","0","0","2","0"
"1356","8","forall NODE1,NODE0. ep_epoch0(NODE0) | ep_epoch0(NODE1) | ep_epoch2(NODE0) | ep_epoch3(NODE1) | held(NODE0) | held(NODE1) | locked_epoch2(NODE1) | locked_epoch3(NODE0) | NODE0 = NODE1","11","0-0---0--0--00-----00-----------------","9","308","3","0402020020","0402020020","e0h0l0","0-0---0--0--","00","-----00-----","------------","0","4","0","2","0","2","0","0","2","0"
"1357","8","forall NODE1,NODE2,NODE3,NODE0. ep_epoch0(NODE0) | ep_epoch0(NODE1) | ep_epoch2(NODE0) | ep_epoch3(NODE1) | held(NODE2) | locked_epoch2(NODE1) | locked_epoch3(NODE0) | locked_epoch5(NODE3) | ((NODE0 ~= NODE2 | NODE1 ~= NODE3 | NODE0 = NODE1) & (NODE0 ~= NODE3 | NODE1 ~= NODE2 | NODE0 = NODE1))","18","0-0---0--0--0------00----0------------","14","480","3","0401030040","0401030040","e0h0l0","0-0---0--0--","0-","-----00----0","------------","0","4","0","1","0","3","0","0","4","0"
"1358","8","forall NODE1,NODE0. ep_epoch0(NODE0) | ep_epoch0(NODE1) | ep_epoch2(NODE1) | ep_epoch3(NODE0) | held(NODE0) | locked_epoch2(NODE0) | locked_epoch3(NODE1) | locked_epoch4(NODE0) | NODE0 = NODE1","11","0-0---0--0---0-----00--0--------------","9","305","2","0401030020","0401030020","e0h0l0","0-0---0--0--","-0","-----00--0--","------------","0","4","0","1","0","3","0","0","2","0"
"1359","8","forall NODE1,NODE0. ep_epoch0(NODE0) | ep_epoch0(NODE1) | ep_epoch2(NODE1) | ep_epoch3(NODE0) | locked_epoch2(NODE0) | locked_epoch3(NODE1) | locked_epoch4(NODE0) | locked_epoch5(NODE0) | NODE0 = NODE1","11","0-0---0--0---------00--0-0------------","9","303","5","0400040020","0400040020","e0l0","0-0---0--0--","--","-----00--0-0","------------","0","4","0","0","0","4","0","0","2","0"
"1360","8","forall NODE1,NODE0. ep_epoch0(NODE0) | ep_epoch0(NODE1) | ep_epoch2(NODE0) | ep_epoch3(NODE1) | locked_epoch2(NODE1) | locked_epoch3(NODE0) | locked_epoch5(NODE0) | locked_epoch5(NODE1) | NODE0 = NODE1","11","0-0---0--0---------00---00------------","9","303","5","0400040020","0400040020","e0l0","0-0---0--0--","--","-----00---00","------------","0","4","0","0","0","4","0","0","2","0"
"1361","8","forall NODE1,NODE0. ep_epoch0(NODE0) | ep_epoch0(NODE1) | ep_epoch2(NODE1) | held(NODE0) | locked_epoch3(NODE0) | locked_epoch3(NODE1) | transfer_epoch3(NODE0) | transfer_epoch3(NODE1) | NODE0 = NODE1","11","0-0---0------0------00----------00----","9","298","14","0301020220","0301020220","e0h0l0t0","0-0---0-----","-0","------00----","------00----","0","3","0","1","0","2","0","2","2","0"
"1362","4","exists NODE0. ep_epoch0(NODE0) | held(NODE0) | locked_epoch3(NODE0) | transfer_epoch3(NODE0)","5","0-----0-----00------00----------00----","4","30","3","e0h0l0t0","0202020201","e0h0l0t0","0-----0-----","00","------00----","------00----","0","2","0","2","0","2","0","2","0","1"
"1363","8","forall NODE1,NODE0. ep_epoch0(NODE0) | ep_epoch0(NODE1) | held(NODE0) | locked_epoch2(NODE1) | locked_epoch3(NODE0) | locked_epoch3(NODE1) | transfer_epoch3(NODE0) | transfer_epoch3(NODE1) | NODE0 = NODE1","11","0-----0-----0------000----------00----","9","291","6","0201030220","0201030220","e0h0l0t0","0-----0-----","0-","-----000----","------00----","0","2","0","1","0","3","0","2","2","0"
"1364","8","forall NODE1,NODE0. ep_epoch0(NODE0) | ep_epoch1(NODE0) | ep_epoch2(NODE0) | ep_epoch3(NODE0) | ep_epoch5(NODE1) | held(NODE0) | transfer_epoch5(NODE0) | transfer_epoch5(NODE1) | NODE0 = NODE1","11","0000-------00-----------------------00","9","311","1","0501000220","0501000220","e0h0t0","0000-------0","0-","------------","----------00","0","5","0","1","0","0","0","2","2","0"
"1365","8","forall NODE1,NODE0. ep_epoch0(NODE0) | ep_epoch1(NODE0) | ep_epoch2(NODE0) | ep_epoch3(NODE0) | held(NODE0) | held(NODE1) | transfer_epoch5(NODE0) | transfer_epoch5(NODE1) | NODE0 = NODE1","11","0000--------00----------------------00","9","307","1","0402000220","0402000220","e0h0t0","0000--------","00","------------","----------00","0","4","0","2","0","0","0","2","2","0"
"1366","8","forall NODE1,NODE0. ep_epoch0(NODE0) | ep_epoch1(NODE0) | ep_epoch2(NODE0) | ep_epoch3(NODE0) | held(NODE0) | locked_epoch5(NODE1) | transfer_epoch5(NODE0) | transfer_epoch5(NODE1) | NODE0 = NODE1","11","0000--------0------------0----------00","9","304","7","0401010220","0401010220","e0h0l0t0","0000--------","0-","-----------0","----------00","0","4","0","1","0","1","0","2","2","0"
"1367","8","forall NODE1,NODE0. ep_epoch0(NODE0) | ep_epoch1(NODE0) | ep_epoch2(NODE0) | ep_epoch4(NODE0) | held(NODE0) | locked_epoch4(NODE1) | transfer_epoch4(NODE0) | transfer_epoch4(NODE1) | NODE0 = NODE1","11","000-0-------0----------0----------00--","9","304","7","0401010220","0401010220","e0h0l0t0","000-0-------","0-","---------0--","--------00--","0","4","0","1","0","1","0","2","2","0"
"1368","8","forall NODE1,NODE0. ep_epoch0(NODE0) | ep_epoch1(NODE0) | ep_epoch2(NODE0) | ep_epoch5(NODE1) | held(NODE0) | locked_epoch3(NODE0) | transfer_epoch5(NODE0) | transfer_epoch5(NODE1) | NODE0 = NODE1","11","000--------00-------0---------------00","9","304","7","0401010220","0401010220","e0h0l0t0","000--------0","0-","------0-----","----------00","0","4","0","1","0","1","0","2","2","0"
"1369","8","forall NODE1,NODE0. ep_epoch0(NODE0) | ep_epoch1(NODE0) | ep_epoch2(NODE0) | held(NODE0) | held(NODE1) | locked_epoch3(NODE0) | transfer_epoch5(NODE0) | transfer_epoch5(NODE1) | NODE0 = NODE1","11","000---------00------0---------------00","9","301","4","0302010220","0302010220","e0h0l0t0","000---------","00","------0-----","----------00","0","3","0","2","0","1","0","2","2","0"
"1370","8","forall NODE1,NODE0. ep_epoch0(NODE0) | ep_epoch1(NODE0) | ep_epoch2(NODE0) | held(NODE0) | locked_epoch3(NODE0) | locked_epoch5(NODE1) | transfer_epoch5(NODE0) | transfer_epoch5(NODE1) | NODE0 = NODE1","11","000---------0-------0----0----------00","9","298","14","0301020220","0301020220","e0h0l0t0","000---------","0-","------0----0","----------00","0","3","0","1","0","2","0","2","2","0"
"1371","8","forall NODE1,NODE0. ep_epoch0(NODE0) | ep_epoch1(NODE0) | ep_epoch2(NODE0) | held(NODE0) | locked_epoch4(NODE0) | locked_epoch4(NODE1) | transfer_epoch4(NODE0) | transfer_epoch4(NODE1) | NODE0 = NODE1","11","000---------0---------00----------00--","9","298","14","0301020220","0301020220","e0h0l0t0","000---------","0-","--------00--","--------00--","0","3","0","1","0","2","0","2","2","0"
"1372","8","forall NODE1,NODE0. ep_epoch0(NODE0) | ep_epoch1(NODE0) | ep_epoch2(NODE1) | ep_epoch3(NODE0) | ep_epoch3(NODE1) | ep_epoch4(NODE0) | ep_epoch4(NODE1) | locked_epoch2(NODE0) | NODE0 = NODE1","11","00-00---000-------0-------------------","9","317","6","0700010020","0700010020","e0l0","00-00---000-","--","----0-------","------------","0","7","0","0","0","1","0","0","2","0"
"1373","8","forall NODE1,NODE0. ep_epoch0(NODE0) | ep_epoch1(NODE0) | ep_epoch2(NODE1) | ep_epoch3(NODE0) | ep_epoch3(NODE1) | ep_epoch5(NODE0) | ep_epoch5(NODE1) | locked_epoch2(NODE0) | NODE0 = NODE1","11","00-0-0--00-0------0-------------------","9","317","6","0700010020","0700010020","e0l0","00-0-0--00-0","--","----0-------","------------","0","7","0","0","0","1","0","0","2","0"
"1374","8","forall NODE1,NODE2,NODE3,NODE0. ep_epoch0(NODE0) | ep_epoch1(NODE0) | ep_epoch2(NODE1) | ep_epoch3(NODE0) | ep_epoch3(NODE1) | ep_epoch5(NODE2) | held(NODE3) | locked_epoch2(NODE0) | ((NODE0 ~= NODE2 | NODE1 ~= NODE3 | NODE0 = NODE1) & (NODE0 ~= NODE3 | NODE1 ~= NODE2 | NODE0 = NODE1))","18","00-0-0--00---0----0-------------------","14","486","2","0601010040","0601010040","e0h0l0","00-0-0--00--","-0","----0-------","------------","0","6","0","1","0","1","0","0","4","0"
"1375","8","forall NODE1,NODE2,NODE3,NODE0. ep_epoch0(NODE0) | ep_epoch1(NODE0) | ep_epoch2(NODE1) | ep_epoch3(NODE0) | ep_epoch3(NODE1) | ep_epoch5(NODE2) | locked_epoch2(NODE0) | locked_epoch5(NODE3) | ((NODE0 ~= NODE3 | NODE1 ~= NODE2 | NODE0 = NODE1) & (NODE0 ~= NODE2 | NODE1 ~= NODE3 | NODE0 = NODE1))","18","00-0-0--00--------0------0------------","14","484","2","0600020040","0600020040","e0l0","00-0-0--00--","--","----0------0","------------","0","6","0","0","0","2","0","0","4","0"
"1376","8","forall NODE1,NODE0. ep_epoch0(NODE0) | ep_epoch1(NODE0) | ep_epoch2(NODE1) | ep_epoch3(NODE0) | ep_epoch3(NODE1) | held(NODE0) | held(NODE1) | locked_epoch2(NODE0) | NODE0 = NODE1","11","00-0----00--00----0-------------------","9","313","2","0502010020","0502010020","e0h0l0","00-0----00--","00","----0-------","------------","0","5","0","2","0","1","0","0","2","0"
"1377","8","forall NODE1,NODE2,NODE3,NODE0. ep_epoch0(NODE0) | ep_epoch1(NODE0) | ep_epoch2(NODE1) | ep_epoch3(NODE0) | ep_epoch3(NODE1) | held(NODE2) | locked_epoch2(NODE0) | locked_epoch5(NODE3) | ((NODE0 ~= NODE2 | NODE1 ~= NODE3 | NODE0 = NODE1) & (NODE0 ~= NODE3 | NODE1 ~= NODE2 | NODE0 = NODE1))","18","00-0----00--0-----0------0------------","14","482","5","0501020040","0501020040","e0h0l0","00-0----00--","0-","----0------0","------------","0","5","0","1","0","2","0","0","4","0"
"1378","8","forall NODE1,NODE0. ep_epoch0(NODE0) | ep_epoch1(NODE0) | ep_epoch2(NODE1) | ep_epoch3(NODE0) | ep_epoch3(NODE1) | locked_epoch2(NODE0) | locked_epoch5(NODE0) | locked_epoch5(NODE1) | NODE0 = NODE1","11","00-0----00--------0-----00------------","9","309","14","0500030020","0500030020","e0l0","00-0----00--","--","----0-----00","------------","0","5","0","0","0","3","0","0","2","0"
"1379","8","forall NODE1,NODE0. ep_epoch0(NODE0) | ep_epoch1(NODE0) | ep_epoch2(NODE1) | ep_epoch3(NODE0) | ep_epoch4(NODE0) | ep_epoch4(NODE1) | locked_epoch2(NODE0) | locked_epoch3(NODE1) | NODE0 = NODE1","11","00-00---0-0-------0--0----------------","9","315","17","0600020020","0600020020","e0l0","00-00---0-0-","--","----0--0----","------------","0","6","0","0","0","2","0","0","2","0"
"1380","8","forall NODE1,NODE0. ep_epoch0(NODE0) | ep_epoch1(NODE0) | ep_epoch2(NODE1) | ep_epoch3(NODE0) | ep_epoch5(NODE0) | ep_epoch5(NODE1) | locked_epoch2(NODE0) | locked_epoch3(NODE1) | NODE0 = NODE1","11","00-0-0--0--0------0--0----------------","9","315","17","0600020020","0600020020","e0l0","00-0-0--0--0","--","----0--0----","------------","0","6","0","0","0","2","0","0","2","0"
"1381","8","forall NODE1,NODE2,NODE3,NODE0. ep_epoch0(NODE0) | ep_epoch1(NODE0) | ep_epoch2(NODE1) | ep_epoch3(NODE0) | ep_epoch5(NODE2) | held(NODE3) | locked_epoch2(NODE0) | locked_epoch3(NODE1) | ((NODE0 ~= NODE2 | NODE1 ~= NODE3 | NODE0 = NODE1) & (NODE0 ~= NODE3 | NODE1 ~= NODE2 | NODE0 = NODE1))","18","00-0-0--0----0----0--0----------------","14","482","5","0501020040","0501020040","e0h0l0","00-0-0--0---","-0","----0--0----","------------","0","5","0","1","0","2","0","0","4","0"
"1382","8","forall NODE1,NODE2,NODE3,NODE0. ep_epoch0(NODE0) | ep_epoch1(NODE0) | ep_epoch2(NODE1) | ep_epoch3(NODE0) | ep_epoch5(NODE2) | locked_epoch2(NODE0) | locked_epoch3(NODE1) | locked_epoch5(NODE3) | ((NODE0 ~= NODE3 | NODE1 ~= NODE2 | NODE0 = NODE1) & (NODE0 ~= NODE2 | NODE1 ~= NODE3 | NODE0 = NODE1))","18","00-0-0--0---------0--0---0------------","14","481","3","0500030040","0500030040","e0l0","00-0-0--0---","--","----0--0---0","------------","0","5","0","0","0","3","0","0","4","0"
"1383","8","forall NODE1,NODE0. ep_epoch0(NODE0) | ep_epoch1(NODE0) | ep_epoch2(NODE1) | ep_epoch3(NODE0) | held(NODE0) | held(NODE1) | locked_epoch2(NODE0) | locked_epoch3(NODE1) | NODE0 = NODE1","11","00-0----0---00----0--0----------------","9","308","3","0402020020","0402020020","e0h0l0","00-0----0---","00","----0--0----","------------","0","4","0","2","0","2","0","0","2","0"
"1384","8","forall NODE1,NODE2,NODE3,NODE0. ep_epoch0(NODE0) | ep_epoch1(NODE0) | ep_epoch2(NODE1) | ep_epoch3(NODE0) | held(NODE2) | locked_epoch2(NODE0) | locked_epoch3(NODE1) | locked_epoch5(NODE3) | ((NODE0 ~= NODE2 | NODE1 ~= NODE3 | NODE0 = NODE1) & (NODE0 ~= NODE3 | NODE1 ~= NODE2 | NODE0 = NODE1))","18","00-0----0---0-----0--0---0------------","14","480","3","0401030040","0401030040","e0h0l0","00-0----0---","0-","----0--0---0","------------","0","4","0","1","0","3","0","0","4","0"
"1385","8","forall NODE1,NODE0. ep_epoch0(NODE0) | ep_epoch1(NODE0) | ep_epoch2(NODE1) | ep_epoch3(NODE0) | locked_epoch2(NODE0) | locked_epoch3(NODE1) | locked_epoch5(NODE0) | locked_epoch5(NODE1) | NODE0 = NODE1","11","00-0----0---------0--0--00------------","9","303","5","0400040020","0400040020","e0l0","00-0----0---","--","----0--0--00","------------","0","4","0","0","0","4","0","0","2","0"
"1386","8","forall NODE1,NODE0. ep_epoch0(NODE0) | ep_epoch1(NODE0) | ep_epoch2(NODE1) | ep_epoch4(NODE0) | ep_epoch4(NODE1) | ep_epoch5(NODE0) | ep_epoch5(NODE1) | locked_epoch2(NODE0) | NODE0 = NODE1","11","00--00--0-00------0-------------------","9","317","6","0700010020","0700010020","e0l0","00--00--0-00","--","----0-------","------------","0","7","0","0","0","1","0","0","2","0"
"1387","8","forall NODE1,NODE2,NODE3,NODE0. ep_epoch0(NODE0) | ep_epoch1(NODE0) | ep_epoch2(NODE1) | ep_epoch4(NODE0) | ep_epoch4(NODE1) | ep_epoch5(NODE2) | held(NODE3) | locked_epoch2(NODE0) | ((NODE0 ~= NODE2 | NODE1 ~= NODE3 | NODE0 = NODE1) & (NODE0 ~= NODE3 | NODE1 ~= NODE2 | NODE0 = NODE1))","18","00--00--0-0--0----0-------------------","14","486","2","0601010040","0601010040","e0h0l0","00--00--0-0-","-0","----0-------","------------","0","6","0","1","0","1","0","0","4","0"
"1388","8","forall NODE1,NODE2,NODE3,NODE0. ep_epoch0(NODE0) | ep_epoch1(NODE0) | ep_epoch2(NODE1) | ep_epoch4(NODE0) | ep_epoch4(NODE1) | ep_epoch5(NODE2) | locked_epoch2(NODE0) | locked_epoch5(NODE3) | ((NODE0 ~= NODE2 | NODE1 ~= NODE3 | NODE0 = NODE1) & (NODE0 ~= NODE3 | NODE1 ~= NODE2 | NODE0 = NODE1))","18","00--00--0-0-------0------0------------","14","484","2","0600020040","0600020040","e0l0","00--00--0-0-","--","----0------0","------------","0","6","0","0","0","2","0","0","4","0"
"1389","8","forall NODE1,NODE0. ep_epoch0(NODE0) | ep_epoch1(NODE0) | ep_epoch2(NODE1) | ep_epoch4(NODE0) | ep_epoch4(NODE1) | held(NODE0) | held(NODE1) | locked_epoch2(NODE0) | NODE0 = NODE1","11","00--0---0-0-00----0-------------------","9","313","2","0502010020","0502010020","e0h0l0","00--0---0-0-","00","----0-------","------------","0","5","0","2","0","1","0","0","2","0"
"1390","8","forall NODE1,NODE2,NODE3,NODE0. ep_epoch0(NODE0) | ep_epoch1(NODE0) | ep_epoch2(NODE1) | ep_epoch4(NODE0) | ep_epoch4(NODE1) | held(NODE2) | locked_epoch2(NODE0) | locked_epoch5(NODE3) | ((NODE0 ~= NODE2 | NODE1 ~= NODE3 | NODE0 = NODE1) & (NODE0 ~= NODE3 | NODE1 ~= NODE2 | NODE0 = NODE1))","18","00--0---0-0-0-----0------0------------","14","482","5","0501020040","0501020040","e0h0l0","00--0---0-0-","0-","----0------0","------------","0","5","0","1","0","2","0","0","4","0"
"1391","8","forall NODE1,NODE0. ep_epoch0(NODE0) | ep_epoch1(NODE0) | ep_epoch2(NODE1) | ep_epoch4(NODE0) | ep_epoch4(NODE1) | locked_epoch2(NODE0) | locked_epoch5(NODE0) | locked_epoch5(NODE1) | NODE0 = NODE1","11","00--0---0-0-------0-----00------------","9","309","14","0500030020","0500030020","e0l0","00--0---0-0-","--","----0-----00","------------","0","5","0","0","0","3","0","0","2","0"
"1392","8","forall NODE1,NODE0. ep_epoch0(NODE0) | ep_epoch1(NODE0) | ep_epoch2(NODE1) | held(NODE0) | held(NODE1) | locked_epoch2(NODE0) | transfer_epoch5(NODE0) | transfer_epoch5(NODE1) | NODE0 = NODE1","11","00------0---00----0-----------------00","9","301","4","0302010220","0302010220","e0h0l0t0","00------0---","00","----0-------","----------00","0","3","0","2","0","1","0","2","2","0"
"1393","8","forall NODE1,NODE0. ep_epoch0(NODE0) | ep_epoch1(NODE0) | ep_epoch3(NODE0) | ep_epoch4(NODE0) | held(NODE0) | locked_epoch3(NODE1) | transfer_epoch3(NODE0) | transfer_epoch3(NODE1) | NODE0 = NODE1","11","00-00-------0--------0----------00----","9","304","7","0401010220","0401010220","e0h0l0t0","00-00-------","0-","-------0----","------00----","0","4","0","1","0","1","0","2","2","0"
"1394","8","forall NODE1,NODE0. ep_epoch0(NODE0) | ep_epoch1(NODE0) | ep_epoch3(NODE0) | ep_epoch5(NODE1) | held(NODE0) | locked_epoch2(NODE0) | transfer_epoch5(NODE0) | transfer_epoch5(NODE1) | NODE0 = NODE1","11","00-0-------00-----0-----------------00","9","304","7","0401010220","0401010220","e0h0l0t0","00-0-------0","0-","----0-------","----------00","0","4","0","1","0","1","0","2","2","0"
"1395","8","forall NODE1,NODE0. ep_epoch0(NODE0) | ep_epoch1(NODE0) | ep_epoch3(NODE0) | held(NODE0) | held(NODE1) | locked_epoch2(NODE0) | transfer_epoch5(NODE0) | transfer_epoch5(NODE1) | NODE0 = NODE1","11","00-0--------00----0-----------------00","9","301","4","0302010220","0302010220","e0h0l0t0","00-0--------","00","----0-------","----------00","0","3","0","2","0","1","0","2","2","0"
"1396","8","forall NODE1,NODE0. ep_epoch0(NODE0) | ep_epoch1(NODE0) | ep_epoch3(NODE0) | held(NODE0) | locked_epoch2(NODE0) | locked_epoch5(NODE1) | transfer_epoch5(NODE0) | transfer_epoch5(NODE1) | NODE0 = NODE1","11","00-0--------0-----0------0----------00","9","298","14","0301020220","0301020220","e0h0l0t0","00-0--------","0-","----0------0","----------00","0","3","0","1","0","2","0","2","2","0"
"1397","8","forall NODE1,NODE0. ep_epoch0(NODE0) | ep_epoch1(NODE0) | ep_epoch3(NODE0) | held(NODE0) | locked_epoch3(NODE1) | locked_epoch4(NODE0) | transfer_epoch3(NODE0) | transfer_epoch3(NODE1) | NODE0 = NODE1","11","00-0--------0--------00---------00----","9","298","14","0301020220","0301020220","e0h0l0t0","00-0--------","0-","-------00---","------00----","0","3","0","1","0","2","0","2","2","0"
"1398","8","forall NODE1,NODE0. ep_epoch0(NODE0) | ep_epoch1(NODE0) | ep_epoch4(NODE0) | held(NODE0) | locked_epoch2(NODE0) | locked_epoch4(NODE1) | transfer_epoch4(NODE0) | transfer_epoch4(NODE1) | NODE0 = NODE1","11","00--0-------0-----0----0----------00--","9","298","14","0301020220","0301020220","e0h0l0t0","00--0-------","0-","----0----0--","--------00--","0","3","0","1","0","2","0","2","2","0"
"1399","8","forall NODE1,NODE0. ep_epoch0(NODE0) | ep_epoch1(NODE0) | ep_epoch5(NODE1) | held(NODE0) | locked_epoch2(NODE0) | locked_epoch3(NODE0) | transfer_epoch5(NODE0) | transfer_epoch5(NODE1) | NODE0 = NODE1","11","00---------00-----0-0---------------00","9","298","14","0301020220","0301020220","e0h0l0t0","00---------0","0-","----0-0-----","----------00","0","3","0","1","0","2","0","2","2","0"
"1400","8","forall NODE1,NODE0. ep_epoch0(NODE0) | ep_epoch1(NODE0) | held(NODE0) | held(NODE1) | locked_epoch2(NODE0) | locked_epoch3(NODE0) | transfer_epoch5(NODE0) | transfer_epoch5(NODE1) | NODE0 = NODE1","11","00----------00----0-0---------------00","9","295","4","0202020220","0202020220","e0h0l0t0","00----------","00","----0-0-----","----------00","0","2","0","2","0","2","0","2","2","0"
"1401","8","forall NODE1,NODE0. ep_epoch0(NODE0) | ep_epoch1(NODE0) | held(NODE0) | locked_epoch2(NODE0) | locked_epoch3(NODE0) | locked_epoch5(NODE1) | transfer_epoch5(NODE0) | transfer_epoch5(NODE1) | NODE0 = NODE1","11","00----------0-----0-0----0----------00","9","291","6","0201030220","0201030220","e0h0l0t0","00----------","0-","----0-0----0","----------00","0","2","0","1","0","3","0","2","2","0"
"1402","8","forall NODE1,NODE0. ep_epoch0(NODE0) | ep_epoch1(NODE0) | held(NODE0) | locked_epoch2(NODE0) | locked_epoch4(NODE0) | locked_epoch4(NODE1) | transfer_epoch4(NODE0) | transfer_epoch4(NODE1) | NODE0 = NODE1","11","00----------0-----0---00----------00--","9","291","6","0201030220","0201030220","e0h0l0t0","00----------","0-","----0---00--","--------00--","0","2","0","1","0","3","0","2","2","0"
"1403","8","forall NODE1,NODE0. ep_epoch0(NODE0) | ep_epoch2(NODE0) | ep_epoch2(NODE1) | held(NODE0) | locked_epoch3(NODE0) | locked_epoch3(NODE1) | transfer_epoch2(NODE0) | transfer_epoch2(NODE1) | NODE0 = NODE1","11","0-0-----0---0-------00--------00------","9","298","14","0301020220","0301020220","e0h0l0t0","0-0-----0---","0-","------00----","----00------","0","3","0","1","0","2","0","2","2","0"
"1404","8","forall NODE1,NODE0. ep_epoch0(NODE0) | ep_epoch2(NODE0) | ep_epoch3(NODE0) | ep_epoch4(NODE0) | held(NODE0) | locked_epoch2(NODE1) | transfer_epoch2(NODE0) | transfer_epoch2(NODE1) | NODE0 = NODE1","11","0-000-------0------0----------00------","9","304","7","0401010220","0401010220","e0h0l0t0","0-000-------","0-","-----0------","----00------","0","4","0","1","0","1","0","2","2","0"
"1405","8","forall NODE1,NODE0. ep_epoch0(NODE0) | ep_epoch2(NODE0) | ep_epoch3(NODE0) | held(NODE0) | locked_epoch2(NODE1) | locked_epoch4(NODE0) | transfer_epoch2(NODE0) | transfer_epoch2(NODE1) | NODE0 = NODE1","11","0-00--------0------0--0-------00------","9","298","14","0301020220","0301020220","e0h0l0t0","0-00--------","0-","-----0--0---","----00------","0","3","0","1","0","2","0","2","2","0"
"1406","8","forall NODE1,NODE0. ep_epoch0(NODE0) | ep_epoch2(NODE0) | ep_epoch4(NODE0) | held(NODE0) | locked_epoch2(NODE1) | locked_epoch3(NODE0) | transfer_epoch2(NODE0) | transfer_epoch2(NODE1) | NODE0 = NODE1","11","0-0-0-------0------00---------00------","9","298","14","0301020220","0301020220","e0h0l0t0","0-0-0-------","0-","-----00-----","----00------","0","3","0","1","0","2","0","2","2","0"
"1407","8","forall NODE1,NODE2,NODE0. ep_epoch0(NODE0) | ep_epoch2(NODE1) | held(NODE0) | locked_epoch2(NODE2) | locked_epoch3(NODE1) | locked_epoch3(NODE2) | transfer_epoch2(NODE1) | transfer_epoch2(NODE2) | ((NODE0 ~= NODE1 | NODE0 = NODE2) & (NODE0 ~= NODE2 | NODE0 = NODE1))","15","0-0---------0------000--------00------","12","437","1","0201030230","0201030230","e0h0l0t0","0-0---------","0-","-----000----","----00------","0","2","0","1","0","3","0","2","3","0"
"1408","8","forall NODE1,NODE0. ep_epoch0(NODE0) | ep_epoch2(NODE0) | held(NODE0) | locked_epoch2(NODE1) | locked_epoch3(NODE0) | locked_epoch4(NODE0) | transfer_epoch2(NODE0) | transfer_epoch2(NODE1) | NODE0 = NODE1","11","0-0---------0------00-0-------00------","9","291","6","0201030220","0201030220","e0h0l0t0","0-0---------","0-","-----00-0---","----00------","0","2","0","1","0","3","0","2","2","0"
"1409","2","exists NODE0. ep_epoch1(NODE0) | ep_epoch2(NODE0) | ep_epoch3(NODE0) | locked_epoch4(NODE0)","5","-000---000------------00--------------","4","32","4","e0l0","0600020001","e0l0","-000---000--","--","--------00--","------------","0","6","0","0","0","2","0","0","0","1"
"1410","8","forall NODE1,NODE0. ep_epoch1(NODE0) | ep_epoch1(NODE1) | ep_epoch2(NODE0) | ep_epoch2(NODE1) | ep_epoch3(NODE0) | ep_epoch4(NODE0) | ep_epoch5(NODE0) | locked_epoch3(NODE1) | NODE0 = NODE1","11","-00000-00------------0----------------","9","317","6","0700010020","0700010020","e0l0","-00000-00---","--","-------0----","------------","0","7","0","0","0","1","0","0","2","0"
"1411","8","forall NODE1,NODE0. ep_epoch1(NODE0) | ep_epoch1(NODE1) | ep_epoch2(NODE0) | ep_epoch2(NODE1) | ep_epoch3(NODE0) | ep_epoch4(NODE0) | held(NODE0) | locked_epoch3(NODE1) | NODE0 = NODE1","11","-0000--00---0--------0----------------","9","316","3","0601010020","0601010020","e0h0l0","-0000--00---","0-","-------0----","------------","0","6","0","1","0","1","0","0","2","0"
"1412","8","forall NODE1,NODE0. ep_epoch1(NODE0) | ep_epoch1(NODE1) | ep_epoch2(NODE0) | ep_epoch2(NODE1) | ep_epoch3(NODE0) | ep_epoch4(NODE0) | locked_epoch3(NODE1) | locked_epoch5(NODE0) | NODE0 = NODE1","11","-0000--00------------0--0-------------","9","315","17","0600020020","0600020020","e0l0","-0000--00---","--","-------0--0-","------------","0","6","0","0","0","2","0","0","2","0"
"1413","8","forall NODE1,NODE0. ep_epoch1(NODE0) | ep_epoch1(NODE1) | ep_epoch2(NODE0) | ep_epoch2(NODE1) | ep_epoch3(NODE0) | ep_epoch4(NODE1) | locked_epoch3(NODE1) | locked_epoch4(NODE0) | NODE0 = NODE1","11","-000---00-0----------00---------------","9","315","17","0600020020","0600020020","e0l0","-000---00-0-","--","-------00---","------------","0","6","0","0","0","2","0","0","2","0"
"1414","8","forall NODE1,NODE0. ep_epoch1(NODE0) | ep_epoch1(NODE1) | ep_epoch2(NODE0) | ep_epoch2(NODE1) | ep_epoch3(NODE0) | ep_epoch5(NODE0) | locked_epoch3(NODE1) | locked_epoch4(NODE0) | NODE0 = NODE1","11","-000-0-00------------00---------------","9","315","17","0600020020","0600020020","e0l0","-000-0-00---","--","-------00---","------------","0","6","0","0","0","2","0","0","2","0"
"1415","8","forall NODE1,NODE0. ep_epoch1(NODE0) | ep_epoch1(NODE1) | ep_epoch2(NODE0) | ep_epoch2(NODE1) | ep_epoch3(NODE0) | held(NODE0) | locked_epoch3(NODE1) | locked_epoch4(NODE0) | NODE0 = NODE1","11","-000---00---0--------00---------------","9","312","5","0501020020","0501020020","e0h0l0","-000---00---","0-","-------00---","------------","0","5","0","1","0","2","0","0","2","0"
"1416","8","forall NODE1,NODE0. ep_epoch1(NODE0) | ep_epoch1(NODE1) | ep_epoch2(NODE0) | ep_epoch2(NODE1) | ep_epoch3(NODE1) | locked_epoch3(NODE0) | locked_epoch4(NODE0) | locked_epoch4(NODE1) | NODE0 = NODE1","11","-000---00------------000--------------","9","309","14","0500030020","0500030020","e0l0","-000---00---","--","-------000--","------------","0","5","0","0","0","3","0","0","2","0"
"1417","8","forall NODE1,NODE0. ep_epoch1(NODE0) | ep_epoch1(NODE1) | ep_epoch2(NODE0) | ep_epoch2(NODE1) | ep_epoch3(NODE0) | locked_epoch3(NODE1) | locked_epoch4(NODE0) | locked_epoch5(NODE0) | NODE0 = NODE1","11","-000---00------------00-0-------------","9","309","14","0500030020","0500030020","e0l0","-000---00---","--","-------00-0-","------------","0","5","0","0","0","3","0","0","2","0"
"1418","8","forall NODE1,NODE0. ep_epoch1(NODE0) | ep_epoch1(NODE1) | ep_epoch2(NODE0) | ep_epoch3(NODE1) | ep_epoch4(NODE0) | ep_epoch4(NODE1) | locked_epoch2(NODE1) | locked_epoch3(NODE0) | NODE0 = NODE1","11","-00-0--0-00--------00-----------------","9","315","17","0600020020","0600020020","e0l0","-00-0--0-00-","--","-----00-----","------------","0","6","0","0","0","2","0","0","2","0"
"1419","8","forall NODE1,NODE0. ep_epoch1(NODE0) | ep_epoch1(NODE1) | ep_epoch2(NODE1) | ep_epoch3(NODE0) | ep_epoch4(NODE1) | locked_epoch2(NODE0) | locked_epoch3(NODE1) | locked_epoch4(NODE0) | NODE0 = NODE1","11","-00-0--0-0---------00--0--------------","9","309","14","0500030020","0500030020","e0l0","-00-0--0-0--","--","-----00--0--","------------","0","5","0","0","0","3","0","0","2","0"
"1420","8","forall NODE1,NODE0. ep_epoch1(NODE0) | ep_epoch1(NODE1) | ep_epoch2(NODE1) | ep_epoch3(NODE0) | ep_epoch4(NODE0) | ep_epoch5(NODE0) | locked_epoch2(NODE0) | locked_epoch3(NODE1) | NODE0 = NODE1","11","-00----0-000-------00-----------------","9","315","17","0600020020","0600020020","e0l0","-00----0-000","--","-----00-----","------------","0","6","0","0","0","2","0","0","2","0"
"1421","8","forall NODE1,NODE0. ep_epoch1(NODE0) | ep_epoch1(NODE1) | ep_epoch2(NODE1) | ep_epoch3(NODE0) | ep_epoch4(NODE0) | held(NODE0) | locked_epoch2(NODE0) | locked_epoch3(NODE1) | NODE0 = NODE1","11","-00----0-00--0-----00-----------------","9","312","5","0501020020","0501020020","e0h0l0","-00----0-00-","-0","-----00-----","------------","0","5","0","1","0","2","0","0","2","0"
"1422","8","forall NODE1,NODE0. ep_epoch1(NODE0) | ep_epoch1(NODE1) | ep_epoch2(NODE1) | ep_epoch3(NODE0) | ep_epoch4(NODE0) | locked_epoch2(NODE0) | locked_epoch3(NODE1) | locked_epoch5(NODE0) | NODE0 = NODE1","11","-00----0-00--------00----0------------","9","309","14","0500030020","0500030020","e0l0","-00----0-00-","--","-----00----0","------------","0","5","0","0","0","3","0","0","2","0"
"1423","8","forall NODE1,NODE0. ep_epoch1(NODE0) | ep_epoch1(NODE1) | ep_epoch2(NODE0) | ep_epoch3(NODE1) | ep_epoch5(NODE0) | ep_epoch5(NODE1) | locked_epoch2(NODE1) | locked_epoch3(NODE0) | NODE0 = NODE1","11","-00--0-0-0-0-------00-----------------","9","315","17","0600020020","0600020020","e0l0","-00--0-0-0-0","--","-----00-----","------------","0","6","0","0","0","2","0","0","2","0"
"1424","8","forall NODE1,NODE2,NODE3,NODE0. ep_epoch1(NODE0) | ep_epoch1(NODE1) | ep_epoch2(NODE0) | ep_epoch3(NODE1) | ep_epoch5(NODE2) | held(NODE3) | locked_epoch2(NODE1) | locked_epoch3(NODE0) | ((NODE0 ~= NODE3 | NODE1 ~= NODE2 | NODE0 = NODE1) & (NODE0 ~= NODE2 | NODE1 ~= NODE3 | NODE0 = NODE1))","18","-00--0-0-0---0-----00-----------------","14","482","5","0501020040","0501020040","e0h0l0","-00--0-0-0--","-0","-----00-----","------------","0","5","0","1","0","2","0","0","4","0"
"1425","8","forall NODE1,NODE2,NODE3,NODE0. ep_epoch1(NODE0) | ep_epoch1(NODE1) | ep_epoch2(NODE0) | ep_epoch3(NODE1) | ep_epoch5(NODE2) | locked_epoch2(NODE1) | locked_epoch3(NODE0) | locked_epoch5(NODE3) | ((NODE0 ~= NODE3 | NODE1 ~= NODE2 | NODE0 = NODE1) & (NODE0 ~= NODE2 | NODE1 ~= NODE3 | NODE0 = NODE1))","18","-00--0-0-0---------00----0------------","14","481","3","0500030040","0500030040","e0l0","-00--0-0-0--","--","-----00----0","------------","0","5","0","0","0","3","0","0","4","0"
"1426","8","forall NODE1,NODE0. ep_epoch1(NODE0) | ep_epoch1(NODE1) | ep_epoch2(NODE1) | ep_epoch3(NODE0) | ep_epoch5(NODE0) | locked_epoch2(NODE0) | locked_epoch3(NODE1) | locked_epoch4(NODE0) | NODE0 = NODE1","11","-00----0-0-0-------00--0--------------","9","309","14","0500030020","0500030020","e0l0","-00----0-0-0","--","-----00--0--","------------","0","5","0","0","0","3","0","0","2","0"
"1427","8","forall NODE1,NODE0. ep_epoch1(NODE0) | ep_epoch1(NODE1) | ep_epoch2(NODE0) | ep_epoch3(NODE1) | held(NODE0) | held(NODE1) | locked_epoch2(NODE1) | locked_epoch3(NODE0) | NODE0 = NODE1","11","-00----0-0--00-----00-----------------","9","308","3","0402020020","0402020020","e0h0l0","-00----0-0--","00","-----00-----","------------","0","4","0","2","0","2","0","0","2","0"
"1428","8","forall NODE1,NODE2,NODE3,NODE0. ep_epoch1(NODE0) | ep_epoch1(NODE1) | ep_epoch2(NODE0) | ep_epoch3(NODE1) | held(NODE2) | locked_epoch2(NODE1) | locked_epoch3(NODE0) | locked_epoch5(NODE3) | ((NODE0 ~= NODE2 | NODE1 ~= NODE3 | NODE0 = NODE1) & (NODE0 ~= NODE3 | NODE1 ~= NODE2 | NODE0 = NODE1))","18","-00----0-0--0------00----0------------","14","480","3","0401030040","0401030040","e0h0l0","-00----0-0--","0-","-----00----0","------------","0","4","0","1","0","3","0","0","4","0"
"1429","8","forall NODE1,NODE0. ep_epoch1(NODE0) | ep_epoch1(NODE1) | ep_epoch2(NODE1) | ep_epoch3(NODE0) | held(NODE0) | locked_epoch2(NODE0) | locked_epoch3(NODE1) | locked_epoch4(NODE0) | NODE0 = NODE1","11","-00----0-0---0-----00--0--------------","9","305","2","0401030020","0401030020","e0h0l0","-00----0-0--","-0","-----00--0--","------------","0","4","0","1","0","3","0","0","2","0"
"1430","8","forall NODE1,NODE0. ep_epoch1(NODE0) | ep_epoch1(NODE1) | ep_epoch2(NODE1) | ep_epoch3(NODE0) | locked_epoch2(NODE0) | locked_epoch3(NODE1) | locked_epoch4(NODE0) | locked_epoch5(NODE0) | NODE0 = NODE1","11","-00----0-0---------00--0-0------------","9","303","5","0400040020","0400040020","e0l0","-00----0-0--","--","-----00--0-0","------------","0","4","0","0","0","4","0","0","2","0"
"1431","8","forall NODE1,NODE0. ep_epoch1(NODE0) | ep_epoch1(NODE1) | ep_epoch2(NODE0) | ep_epoch3(NODE1) | locked_epoch2(NODE1) | locked_epoch3(NODE0) | locked_epoch5(NODE0) | locked_epoch5(NODE1) | NODE0 = NODE1","11","-00----0-0---------00---00------------","9","303","5","0400040020","0400040020","e0l0","-00----0-0--","--","-----00---00","------------","0","4","0","0","0","4","0","0","2","0"
"1432","8","forall NODE1,NODE0. ep_epoch1(NODE0) | ep_epoch1(NODE1) | ep_epoch2(NODE1) | held(NODE0) | locked_epoch3(NODE0) | locked_epoch3(NODE1) | transfer_epoch3(NODE0) | transfer_epoch3(NODE1) | NODE0 = NODE1","11","-00----0-----0------00----------00----","9","298","14","0301020220","0301020220","e0h0l0t0","-00----0----","-0","------00----","------00----","0","3","0","1","0","2","0","2","2","0"
"1433","4","exists NODE0. ep_epoch1(NODE0) | held(NODE0) | locked_epoch3(NODE0) | transfer_epoch3(NODE0)","5","-0-----0----00------00----------00----","4","30","3","e0h0l0t0","0202020201","e0h0l0t0","-0-----0----","00","------00----","------00----","0","2","0","2","0","2","0","2","0","1"
"1434","8","forall NODE1,NODE0. ep_epoch1(NODE0) | ep_epoch1(NODE1) | held(NODE0) | locked_epoch2(NODE1) | locked_epoch3(NODE0) | locked_epoch3(NODE1) | transfer_epoch3(NODE0) | transfer_epoch3(NODE1) | NODE0 = NODE1","11","-0-----0----0------000----------00----","9","291","6","0201030220","0201030220","e0h0l0t0","-0-----0----","0-","-----000----","------00----","0","2","0","1","0","3","0","2","2","0"
"1435","8","forall NODE1,NODE0. ep_epoch1(NODE0) | ep_epoch2(NODE0) | ep_epoch2(NODE1) | held(NODE1) | locked_epoch3(NODE0) | locked_epoch3(NODE1) | transfer_epoch2(NODE0) | transfer_epoch2(NODE1) | NODE0 = NODE1","11","-00-----0----0------00--------00------","9","298","14","0301020220","0301020220","e0h0l0t0","-00-----0---","-0","------00----","----00------","0","3","0","1","0","2","0","2","2","0"
"1436","8","forall NODE1,NODE2,NODE3,NODE0. ep_epoch1(NODE0) | ep_epoch2(NODE1) | held(NODE2) | locked_epoch2(NODE3) | locked_epoch3(NODE1) | locked_epoch3(NODE3) | transfer_epoch2(NODE1) | transfer_epoch2(NODE3) | ((NODE0 ~= NODE3 | NODE1 ~= NODE2 | NODE0 = NODE1) & (NODE0 ~= NODE1 | NODE2 ~= NODE3 | NODE0 = NODE2))","18","-00----------0-----000--------00------","14","479","1","0201030240","0201030240","e0h0l0t0","-00---------","-0","-----000----","----00------","0","2","0","1","0","3","0","2","4","0"
"1437","8","forall NODE1,NODE0. ep_epoch1(NODE0) | ep_epoch2(NODE1) | ep_epoch3(NODE1) | ep_epoch4(NODE1) | held(NODE1) | locked_epoch2(NODE0) | transfer_epoch2(NODE0) | transfer_epoch2(NODE1) | NODE0 = NODE1","11","-0------000--0----0-----------00------","9","304","7","0401010220","0401010220","e0h0l0t0","-0------000-","-0","----0-------","----00------","0","4","0","1","0","1","0","2","2","0"
"1438","8","forall NODE1,NODE0. ep_epoch1(NODE0) | ep_epoch2(NODE1) | ep_epoch3(NODE1) | held(NODE1) | locked_epoch2(NODE0) | locked_epoch4(NODE1) | transfer_epoch2(NODE0) | transfer_epoch2(NODE1) | NODE0 = NODE1","11","-0------00---0----0----0------00------","9","298","14","0301020220","0301020220","e0h0l0t0","-0------00--","-0","----0----0--","----00------","0","3","0","1","0","2","0","2","2","0"
"1439","8","forall NODE1,NODE0. ep_epoch1(NODE0) | ep_epoch2(NODE1) | ep_epoch4(NODE1) | held(NODE1) | locked_epoch2(NODE0) | locked_epoch3(NODE1) | transfer_epoch2(NODE0) | transfer_epoch2(NODE1) | NODE0 = NODE1","11","-0------0-0--0----0--0--------00------","9","298","14","0301020220","0301020220","e0h0l0t0","-0------0-0-","-0","----0--0----","----00------","0","3","0","1","0","2","0","2","2","0"
"1440","8","forall NODE1,NODE0. ep_epoch1(NODE0) | ep_epoch2(NODE1) | held(NODE1) | locked_epoch2(NODE0) | locked_epoch3(NODE1) | locked_epoch4(NODE1) | transfer_epoch2(NODE0) | transfer_epoch2(NODE1) | NODE0 = NODE1","11","-0------0----0----0--0-0------00------","9","291","6","0201030220","0201030220","e0h0l0t0","-0------0---","-0","----0--0-0--","----00------","0","2","0","1","0","3","0","2","2","0"
"1441","4","exists NODE0. ep_epoch2(NODE0) | held(NODE0) | locked_epoch3(NODE0) | transfer_epoch2(NODE0)","5","--0-----0---00------00--------00------","4","30","3","e0h0l0t0","0202020201","e0h0l0t0","--0-----0---","00","------00----","----00------","0","2","0","2","0","2","0","2","0","1"
"1442","8","forall NODE1,NODE0. ep_epoch2(NODE0) | ep_epoch3(NODE0) | ep_epoch4(NODE0) | held(NODE0) | held(NODE1) | locked_epoch2(NODE1) | transfer_epoch2(NODE0) | transfer_epoch2(NODE1) | NODE0 = NODE1","11","--000-------00-----0----------00------","9","301","4","0302010220","0302010220","e0h0l0t0","--000-------","00","-----0------","----00------","0","3","0","2","0","1","0","2","2","0"
"1443","8","forall NODE1,NODE0. ep_epoch2(NODE0) | ep_epoch3(NODE0) | held(NODE0) | held(NODE1) | locked_epoch2(NODE1) | locked_epoch4(NODE0) | transfer_epoch2(NODE0) | transfer_epoch2(NODE1) | NODE0 = NODE1","11","--00--------00-----0--0-------00------","9","295","4","0202020220","0202020220","e0h0l0t0","--00--------","00","-----0--0---","----00------","0","2","0","2","0","2","0","2","2","0"
"1444","8","forall NODE1,NODE0. ep_epoch2(NODE0) | ep_epoch3(NODE1) | held(NODE0) | held(NODE1) | locked_epoch2(NODE1) | locked_epoch3(NODE0) | transfer_epoch2(NODE0) | transfer_epoch2(NODE1) | NODE0 = NODE1","11","--0------0--00-----00---------00------","9","295","4","0202020220","0202020220","e0h0l0t0","--0------0--","00","-----00-----","----00------","0","2","0","2","0","2","0","2","2","0"
"1445","8","forall NODE1,NODE0. ep_epoch2(NODE0) | ep_epoch4(NODE0) | held(NODE0) | held(NODE1) | locked_epoch2(NODE1) | locked_epoch3(NODE0) | transfer_epoch2(NODE0) | transfer_epoch2(NODE1) | NODE0 = NODE1","11","--0-0-------00-----00---------00------","9","295","4","0202020220","0202020220","e0h0l0t0","--0-0-------","00","-----00-----","----00------","0","2","0","2","0","2","0","2","2","0"
"1446","8","forall NODE1,NODE0. ep_epoch2(NODE0) | held(NODE0) | held(NODE1) | locked_epoch2(NODE1) | locked_epoch3(NODE0) | locked_epoch3(NODE1) | transfer_epoch2(NODE0) | transfer_epoch2(NODE1) | NODE0 = NODE1","11","--0---------00-----000--------00------","9","286","2","0102030220","0102030220","e0h0l0t0","--0---------","00","-----000----","----00------","0","1","0","2","0","3","0","2","2","0"
"1447","8","forall NODE1,NODE0. ep_epoch2(NODE0) | held(NODE0) | held(NODE1) | locked_epoch2(NODE1) | locked_epoch3(NODE0) | locked_epoch4(NODE0) | transfer_epoch2(NODE0) | transfer_epoch2(NODE1) | NODE0 = NODE1","11","--0---------00-----00-0-------00------","9","286","2","0102030220","0102030220","e0h0l0t0","--0---------","00","-----00-0---","----00------","0","1","0","2","0","3","0","2","2","0"
"1448","3","exists NODE0. held(NODE0) | locked_epoch3(NODE0) | transfer_epoch2(NODE0) | transfer_epoch3(NODE0)","5","------------00------00--------0000----","4","23","1","h0l0t0","0002020401","h0l0t0","------------","00","------00----","----0000----","0","0","0","2","0","2","0","4","0","1"
"1449","9","forall NODE1,NODE0. ~ep_epoch0(NODE0) | ~locked_epoch2(NODE1) | held(NODE1) | transfer_epoch3(NODE0) | transfer_epoch3(NODE1) | transfer_epoch4(NODE0) | transfer_epoch4(NODE1) | transfer_epoch5(NODE0) | transfer_epoch5(NODE1) | NODE0 = NODE1","12","1------------0-----1------------000000","10","370","2","1001100620","1001100620","e1h0l1t0","1-----------","-0","-----1------","------000000","1","0","0","1","1","0","0","6","2","0"
"1450","9","forall NODE1,NODE0. ~ep_epoch0(NODE0) | ep_epoch1(NODE1) | held(NODE1) | transfer_epoch3(NODE0) | transfer_epoch3(NODE1) | transfer_epoch4(NODE0) | transfer_epoch4(NODE1) | transfer_epoch5(NODE0) | transfer_epoch5(NODE1) | NODE0 = NODE1","12","1------0-----0------------------000000","10","375","5","1101000620","1101000620","e1e0h0t0","1------0----","-0","------------","------000000","1","1","0","1","0","0","0","6","2","0"
"1451","9","forall NODE1,NODE0. ~ep_epoch0(NODE0) | ep_epoch2(NODE1) | held(NODE1) | transfer_epoch2(NODE0) | transfer_epoch2(NODE1) | transfer_epoch4(NODE0) | transfer_epoch4(NODE1) | transfer_epoch5(NODE0) | transfer_epoch5(NODE1) | NODE0 = NODE1","12","1-------0----0----------------00--0000","10","375","5","1101000620","1101000620","e1e0h0t0","1-------0---","-0","------------","----00--0000","1","1","0","1","0","0","0","6","2","0"
"1452","9","forall NODE1,NODE0. ~ep_epoch0(NODE0) | ep_epoch3(NODE1) | held(NODE1) | transfer_epoch2(NODE0) | transfer_epoch2(NODE1) | transfer_epoch3(NODE0) | transfer_epoch3(NODE1) | transfer_epoch5(NODE0) | transfer_epoch5(NODE1) | NODE0 = NODE1","12","1--------0---0----------------0000--00","10","375","5","1101000620","1101000620","e1e0h0t0","1--------0--","-0","------------","----0000--00","1","1","0","1","0","0","0","6","2","0"
"1453","9","forall NODE1,NODE0. ~ep_epoch0(NODE0) | ep_epoch4(NODE1) | held(NODE1) | transfer_epoch2(NODE0) | transfer_epoch2(NODE1) | transfer_epoch3(NODE0) | transfer_epoch3(NODE1) | transfer_epoch4(NODE0) | transfer_epoch4(NODE1) | NODE0 = NODE1","12","1---------0--0----------------000000--","10","375","5","1101000620","1101000620","e1e0h0t0","1---------0-","-0","------------","----000000--","1","1","0","1","0","0","0","6","2","0"
"1454","9","forall NODE1,NODE0. ~ep_epoch0(NODE0) | held(NODE1) | locked_epoch4(NODE1) | transfer_epoch2(NODE0) | transfer_epoch2(NODE1) | transfer_epoch3(NODE0) | transfer_epoch3(NODE1) | transfer_epoch4(NODE0) | transfer_epoch4(NODE1) | NODE0 = NODE1","12","1------------0---------0------000000--","10","369","1","1001010620","1001010620","e1h0l0t0","1-----------","-0","---------0--","----000000--","1","0","0","1","0","1","0","6","2","0"
"1455","9","forall NODE1,NODE0. ~ep_epoch1(NODE0) | ~locked_epoch2(NODE1) | held(NODE1) | transfer_epoch3(NODE0) | transfer_epoch3(NODE1) | transfer_epoch4(NODE0) | transfer_epoch4(NODE1) | transfer_epoch5(NODE0) | transfer_epoch5(NODE1) | NODE0 = NODE1","12","-1-----------0-----1------------000000","10","370","2","1001100620","1001100620","e1h0l1t0","-1----------","-0","-----1------","------000000","1","0","0","1","1","0","0","6","2","0"
"1456","9","forall NODE1,NODE0. ~ep_epoch1(NODE0) | ep_epoch0(NODE1) | held(NODE1) | transfer_epoch3(NODE0) | transfer_epoch3(NODE1) | transfer_epoch4(NODE0) | transfer_epoch4(NODE1) | transfer_epoch5(NODE0) | transfer_epoch5(NODE1) | NODE0 = NODE1","12","-1----0------0------------------000000","10","375","5","1101000620","1101000620","e1e0h0t0","-1----0-----","-0","------------","------000000","1","1","0","1","0","0","0","6","2","0"
"1457","9","forall NODE1,NODE0. ~ep_epoch1(NODE0) | ep_epoch2(NODE1) | ep_epoch3(NODE1) | held(NODE0) | held(NODE1) | transfer_epoch2(NODE0) | transfer_epoch2(NODE1) | transfer_epoch5(NODE0) | transfer_epoch5(NODE1) | NODE0 = NODE1","12","-1------00--00----------------00----00","10","379","3","1202000420","1202000420","e1e0h0t0","-1------00--","00","------------","----00----00","1","2","0","2","0","0","0","4","2","0"
"1458","9","forall NODE1,NODE0. ~ep_epoch1(NODE0) | ep_epoch2(NODE1) | ep_epoch4(NODE1) | held(NODE0) | held(NODE1) | transfer_epoch2(NODE0) | transfer_epoch2(NODE1) | transfer_epoch4(NODE0) | transfer_epoch4(NODE1) | NODE0 = NODE1","12","-1------0-0-00----------------00--00--","10","379","3","1202000420","1202000420","e1e0h0t0","-1------0-0-","00","------------","----00--00--","1","2","0","2","0","0","0","4","2","0"
"1459","9","forall NODE1,NODE0. ~ep_epoch1(NODE0) | ep_epoch2(NODE1) | held(NODE0) | held(NODE1) | locked_epoch4(NODE1) | transfer_epoch2(NODE0) | transfer_epoch2(NODE1) | transfer_epoch4(NODE0) | transfer_epoch4(NODE1) | NODE0 = NODE1","12","-1------0---00---------0------00--00--","10","376","2","1102010420","1102010420","e1e0h0l0t0","-1------0---","00","---------0--","----00--00--","1","1","0","2","0","1","0","4","2","0"
"1460","9","forall NODE1,NODE0. ~ep_epoch1(NODE0) | ep_epoch3(NODE1) | ep_epoch4(NODE1) | held(NODE0) | held(NODE1) | transfer_epoch2(NODE0) | transfer_epoch2(NODE1) | transfer_epoch3(NODE0) | transfer_epoch3(NODE1) | NODE0 = NODE1","12","-1-------00-00----------------0000----","10","379","3","1202000420","1202000420","e1e0h0t0","-1-------00-","00","------------","----0000----","1","2","0","2","0","0","0","4","2","0"
"1461","9","forall NODE1,NODE0. ~ep_epoch1(NODE0) | ep_epoch3(NODE1) | held(NODE0) | held(NODE1) | locked_epoch4(NODE1) | transfer_epoch2(NODE0) | transfer_epoch2(NODE1) | transfer_epoch3(NODE0) | transfer_epoch3(NODE1) | NODE0 = NODE1","12","-1-------0--00---------0------0000----","10","376","2","1102010420","1102010420","e1e0h0l0t0","-1-------0--","00","---------0--","----0000----","1","1","0","2","0","1","0","4","2","0"
"1462","9","forall NODE1,NODE0. ~ep_epoch2(NODE0) | held(NODE0) | held(NODE1) | transfer_epoch3(NODE0) | transfer_epoch3(NODE1) | transfer_epoch4(NODE0) | transfer_epoch4(NODE1) | transfer_epoch5(NODE0) | transfer_epoch5(NODE1) | NODE0 = NODE1","12","--1---------00------------------000000","10","371","1","1002000620","1002000620","e1h0t0","--1---------","00","------------","------000000","1","0","0","2","0","0","0","6","2","0"
"1463","9","forall NODE1,NODE2,NODE3,NODE0. ~locked_epoch2(NODE0) | ep_epoch0(NODE1) | ep_epoch1(NODE1) | ep_epoch2(NODE0) | ep_epoch4(NODE2) | ep_epoch5(NODE2) | held(NODE3) | transfer_epoch5(NODE0) | transfer_epoch5(NODE1) | ((NODE0 ~= NODE3 | NODE1 ~= NODE2 | NODE0 = NODE1) & (NODE0 ~= NODE2 | NODE1 ~= NODE3 | NODE0 = NODE1))","19","--0-0000-----0----1-----------------00","15","494","1","0501100240","0501100240","e0h0l1t0","--0-0000----","-0","----1-------","----------00","0","5","0","1","1","0","0","2","4","0"
"1464","9","forall NODE1,NODE2,NODE3,NODE0. ~locked_epoch2(NODE0) | ep_epoch0(NODE1) | ep_epoch1(NODE1) | ep_epoch2(NODE0) | ep_epoch4(NODE2) | held(NODE3) | locked_epoch5(NODE2) | transfer_epoch5(NODE0) | transfer_epoch5(NODE1) | ((NODE0 ~= NODE3 | NODE1 ~= NODE2 | NODE0 = NODE1) & (NODE0 ~= NODE2 | NODE1 ~= NODE3 | NODE0 = NODE1))","19","--0-0-00-----0----1-----0-----------00","15","492","2","0401110240","0401110240","e0h0l1l0t0","--0-0-00----","-0","----1-----0-","----------00","0","4","0","1","1","1","0","2","4","0"
"1465","9","forall NODE1,NODE2,NODE3,NODE0. ~locked_epoch2(NODE0) | ep_epoch0(NODE1) | ep_epoch1(NODE1) | ep_epoch2(NODE0) | ep_epoch5(NODE2) | held(NODE3) | locked_epoch4(NODE2) | transfer_epoch5(NODE0) | transfer_epoch5(NODE1) | ((NODE0 ~= NODE3 | NODE1 ~= NODE2 | NODE0 = NODE1) & (NODE0 ~= NODE2 | NODE1 ~= NODE3 | NODE0 = NODE1))","19","--0--000-----0----1---0-------------00","15","492","2","0401110240","0401110240","e0h0l1l0t0","--0--000----","-0","----1---0---","----------00","0","4","0","1","1","1","0","2","4","0"
"1466","9","forall NODE1,NODE2,NODE3,NODE0. ~locked_epoch2(NODE0) | ep_epoch0(NODE1) | ep_epoch1(NODE1) | ep_epoch2(NODE0) | held(NODE2) | locked_epoch4(NODE3) | locked_epoch5(NODE3) | transfer_epoch5(NODE0) | transfer_epoch5(NODE1) | ((NODE0 ~= NODE2 | NODE1 ~= NODE3 | NODE0 = NODE1) & (NODE0 ~= NODE3 | NODE1 ~= NODE2 | NODE0 = NODE1))","19","--0---00----0-----1----0-0----------00","15","490","1","0301120240","0301120240","e0h0l1l0t0","--0---00----","0-","----1----0-0","----------00","0","3","0","1","1","2","0","2","4","0"
"1467","9","forall NODE1,NODE0. ~locked_epoch2(NODE0) | ep_epoch0(NODE1) | ep_epoch1(NODE1) | ep_epoch4(NODE0) | ep_epoch4(NODE1) | ep_epoch5(NODE0) | held(NODE1) | transfer_epoch4(NODE0) | transfer_epoch4(NODE1) | NODE0 = NODE1","12","----0000--0--0----1---------------00--","10","362","2","0501100220","0501100220","e0h0l1t0","----0000--0-","-0","----1-------","--------00--","0","5","0","1","1","0","0","2","2","0"
"1468","9","forall NODE1,NODE0. ~locked_epoch2(NODE0) | ep_epoch0(NODE1) | ep_epoch1(NODE1) | ep_epoch4(NODE0) | ep_epoch4(NODE1) | held(NODE0) | held(NODE1) | transfer_epoch4(NODE0) | transfer_epoch4(NODE1) | NODE0 = NODE1","12","----0-00--0-00----1---------------00--","10","360","2","0402100220","0402100220","e0h0l1t0","----0-00--0-","00","----1-------","--------00--","0","4","0","2","1","0","0","2","2","0"
"1469","9","forall NODE1,NODE0. ~locked_epoch2(NODE0) | ep_epoch0(NODE1) | ep_epoch1(NODE1) | ep_epoch4(NODE0) | ep_epoch4(NODE1) | held(NODE1) | locked_epoch5(NODE0) | transfer_epoch4(NODE0) | transfer_epoch4(NODE1) | NODE0 = NODE1","12","----0-00--0--0----1-----0---------00--","10","358","4","0401110220","0401110220","e0h0l1l0t0","----0-00--0-","-0","----1-----0-","--------00--","0","4","0","1","1","1","0","2","2","0"
"1470","9","forall NODE1,NODE0. ~locked_epoch2(NODE0) | ep_epoch0(NODE1) | ep_epoch1(NODE1) | ep_epoch4(NODE0) | ep_epoch5(NODE0) | held(NODE1) | locked_epoch4(NODE1) | transfer_epoch4(NODE0) | transfer_epoch4(NODE1) | NODE0 = NODE1","12","----0000-----0----1----0----------00--","10","358","4","0401110220","0401110220","e0h0l1l0t0","----0000----","-0","----1----0--","--------00--","0","4","0","1","1","1","0","2","2","0"
"1471","9","forall NODE1,NODE0. ~locked_epoch2(NODE0) | ep_epoch0(NODE1) | ep_epoch1(NODE1) | ep_epoch4(NODE0) | held(NODE0) | held(NODE1) | locked_epoch4(NODE1) | transfer_epoch4(NODE0) | transfer_epoch4(NODE1) | NODE0 = NODE1","12","----0-00----00----1----0----------00--","10","356","2","0302110220","0302110220","e0h0l1l0t0","----0-00----","00","----1----0--","--------00--","0","3","0","2","1","1","0","2","2","0"
"1472","9","forall NODE1,NODE0. ~locked_epoch2(NODE0) | ep_epoch0(NODE1) | ep_epoch1(NODE1) | ep_epoch4(NODE0) | held(NODE1) | locked_epoch4(NODE1) | locked_epoch5(NODE0) | transfer_epoch4(NODE0) | transfer_epoch4(NODE1) | NODE0 = NODE1","12","----0-00-----0----1----00---------00--","10","353","2","0301120220","0301120220","e0h0l1l0t0","----0-00----","-0","----1----00-","--------00--","0","3","0","1","1","2","0","2","2","0"
"1473","9","forall NODE1,NODE0. ~locked_epoch2(NODE0) | ep_epoch0(NODE1) | ep_epoch1(NODE1) | held(NODE0) | held(NODE1) | transfer_epoch4(NODE0) | transfer_epoch4(NODE1) | transfer_epoch5(NODE0) | transfer_epoch5(NODE1) | NODE0 = NODE1","12","------00----00----1---------------0000","10","348","3","0202100420","0202100420","e0h0l1t0","------00----","00","----1-------","--------0000","0","2","0","2","1","0","0","4","2","0"
"1474","9","forall NODE1,NODE0. ~locked_epoch2(NODE0) | ep_epoch2(NODE0) | ep_epoch4(NODE1) | ep_epoch5(NODE1) | held(NODE0) | transfer_epoch4(NODE0) | transfer_epoch4(NODE1) | transfer_epoch5(NODE0) | transfer_epoch5(NODE1) | NODE0 = NODE1","12","--0-------000-----1---------------0000","10","352","1","0301100420","0301100420","e0h0l1t0","--0-------00","0-","----1-------","--------0000","0","3","0","1","1","0","0","4","2","0"
"1475","9","forall NODE1,NODE0. ~locked_epoch2(NODE0) | ep_epoch2(NODE0) | ep_epoch4(NODE1) | held(NODE0) | locked_epoch5(NODE1) | transfer_epoch4(NODE0) | transfer_epoch4(NODE1) | transfer_epoch5(NODE0) | transfer_epoch5(NODE1) | NODE0 = NODE1","12","--0-------0-0-----1------0--------0000","10","346","4","0201110420","0201110420","e0h0l1l0t0","--0-------0-","0-","----1------0","--------0000","0","2","0","1","1","1","0","4","2","0"
"1476","9","forall NODE1,NODE0. ~locked_epoch2(NODE0) | ep_epoch2(NODE0) | ep_epoch5(NODE1) | held(NODE0) | locked_epoch4(NODE1) | transfer_epoch4(NODE0) | transfer_epoch4(NODE1) | transfer_epoch5(NODE0) | transfer_epoch5(NODE1) | NODE0 = NODE1","12","--0--------00-----1----0----------0000","10","346","4","0201110420","0201110420","e0h0l1l0t0","--0--------0","0-","----1----0--","--------0000","0","2","0","1","1","1","0","4","2","0"
"1477","9","forall NODE1,NODE0. ~locked_epoch2(NODE0) | ep_epoch2(NODE0) | held(NODE0) | locked_epoch4(NODE1) | locked_epoch5(NODE1) | transfer_epoch4(NODE0) | transfer_epoch4(NODE1) | transfer_epoch5(NODE0) | transfer_epoch5(NODE1) | NODE0 = NODE1","12","--0---------0-----1----0-0--------0000","10","339","4","0101120420","0101120420","e0h0l1l0t0","--0---------","0-","----1----0-0","--------0000","0","1","0","1","1","2","0","4","2","0"
"1478","9","forall NODE1,NODE0. ~locked_epoch2(NODE0) | ep_epoch3(NODE0) | ep_epoch3(NODE1) | ep_epoch4(NODE0) | ep_epoch4(NODE1) | ep_epoch5(NODE1) | held(NODE0) | transfer_epoch3(NODE0) | transfer_epoch3(NODE1) | NODE0 = NODE1","12","---00----0000-----1-------------00----","10","362","2","0501100220","0501100220","e0h0l1t0","---00----000","0-","----1-------","------00----","0","5","0","1","1","0","0","2","2","0"
"1479","9","forall NODE1,NODE0. ~locked_epoch2(NODE0) | ep_epoch3(NODE0) | ep_epoch3(NODE1) | ep_epoch4(NODE0) | ep_epoch4(NODE1) | held(NODE0) | held(NODE1) | transfer_epoch3(NODE0) | transfer_epoch3(NODE1) | NODE0 = NODE1","12","---00----00-00----1-------------00----","10","360","2","0402100220","0402100220","e0h0l1t0","---00----00-","00","----1-------","------00----","0","4","0","2","1","0","0","2","2","0"
"1480","9","forall NODE1,NODE0. ~locked_epoch2(NODE0) | ep_epoch3(NODE0) | ep_epoch3(NODE1) | ep_epoch4(NODE0) | ep_epoch4(NODE1) | held(NODE0) | locked_epoch5(NODE1) | transfer_epoch3(NODE0) | transfer_epoch3(NODE1) | NODE0 = NODE1","12","---00----00-0-----1------0------00----","10","358","4","0401110220","0401110220","e0h0l1l0t0","---00----00-","0-","----1------0","------00----","0","4","0","1","1","1","0","2","2","0"
"1481","9","forall NODE1,NODE0. ~locked_epoch2(NODE0) | ep_epoch3(NODE0) | ep_epoch3(NODE1) | ep_epoch4(NODE1) | ep_epoch5(NODE1) | held(NODE0) | locked_epoch4(NODE0) | transfer_epoch3(NODE0) | transfer_epoch3(NODE1) | NODE0 = NODE1","12","---0-----0000-----1---0---------00----","10","358","4","0401110220","0401110220","e0h0l1l0t0","---0-----000","0-","----1---0---","------00----","0","4","0","1","1","1","0","2","2","0"
"1482","9","forall NODE1,NODE0. ~locked_epoch2(NODE0) | ep_epoch3(NODE0) | ep_epoch3(NODE1) | ep_epoch4(NODE1) | held(NODE0) | held(NODE1) | locked_epoch4(NODE0) | transfer_epoch3(NODE0) | transfer_epoch3(NODE1) | NODE0 = NODE1","12","---0-----00-00----1---0---------00----","10","356","2","0302110220","0302110220","e0h0l1l0t0","---0-----00-","00","----1---0---","------00----","0","3","0","2","1","1","0","2","2","0"
"1483","9","forall NODE1,NODE0. ~locked_epoch2(NODE0) | ep_epoch3(NODE0) | ep_epoch3(NODE1) | ep_epoch4(NODE1) | held(NODE0) | locked_epoch4(NODE0) | locked_epoch5(NODE1) | transfer_epoch3(NODE0) | transfer_epoch3(NODE1) | NODE0 = NODE1","12","---0-----00-0-----1---0--0------00----","10","353","2","0301120220","0301120220","e0h0l1l0t0","---0-----00-","0-","----1---0--0","------00----","0","3","0","1","1","2","0","2","2","0"
"1484","9","forall NODE1,NODE0. ~locked_epoch2(NODE0) | ep_epoch3(NODE0) | ep_epoch3(NODE1) | held(NODE0) | held(NODE1) | transfer_epoch3(NODE0) | transfer_epoch3(NODE1) | transfer_epoch5(NODE0) | transfer_epoch5(NODE1) | NODE0 = NODE1","12","---0-----0--00----1-------------00--00","10","348","3","0202100420","0202100420","e0h0l1t0","---0-----0--","00","----1-------","------00--00","0","2","0","2","1","0","0","4","2","0"
"1485","9","forall NODE1,NODE0. ~locked_epoch2(NODE0) | ep_epoch3(NODE0) | ep_epoch5(NODE1) | held(NODE0) | locked_epoch3(NODE1) | transfer_epoch3(NODE0) | transfer_epoch3(NODE1) | transfer_epoch5(NODE0) | transfer_epoch5(NODE1) | NODE0 = NODE1","12","---0-------00-----1--0----------00--00","10","346","4","0201110420","0201110420","e0h0l1l0t0","---0-------0","0-","----1--0----","------00--00","0","2","0","1","1","1","0","4","2","0"
"1486","9","forall NODE1,NODE2,NODE3,NODE0. ~locked_epoch2(NODE0) | ep_epoch3(NODE1) | held(NODE0) | held(NODE2) | locked_epoch3(NODE3) | transfer_epoch3(NODE0) | transfer_epoch3(NODE2) | transfer_epoch5(NODE0) | transfer_epoch5(NODE2) | ((NODE0 ~= NODE3 | NODE1 ~= NODE2 | NODE0 = NODE1) & (NODE0 ~= NODE1 | NODE2 ~= NODE3 | NODE0 = NODE2))","19","---0--------00----1--0----------00--00","15","488","2","0102110440","0102110440","e0h0l1l0t0","---0--------","00","----1--0----","------00--00","0","1","0","2","1","1","0","4","4","0"
"1487","9","forall NODE1,NODE0. ~locked_epoch2(NODE0) | ep_epoch3(NODE0) | held(NODE0) | locked_epoch3(NODE1) | locked_epoch5(NODE1) | transfer_epoch3(NODE0) | transfer_epoch3(NODE1) | transfer_epoch5(NODE0) | transfer_epoch5(NODE1) | NODE0 = NODE1","12","---0--------0-----1--0---0------00--00","10","339","4","0101120420","0101120420","e0h0l1l0t0","---0--------","0-","----1--0---0","------00--00","0","1","0","1","1","2","0","4","2","0"
"1488","9","forall NODE1,NODE0. ~locked_epoch2(NODE0) | ep_epoch3(NODE1) | ep_epoch4(NODE0) | held(NODE0) | locked_epoch4(NODE1) | transfer_epoch3(NODE0) | transfer_epoch3(NODE1) | transfer_epoch4(NODE0) | transfer_epoch4(NODE1) | NODE0 = NODE1","12","----0----0--0-----1----0--------0000--","10","346","4","0201110420","0201110420","e0h0l1l0t0","----0----0--","0-","----1----0--","------0000--","0","2","0","1","1","1","0","4","2","0"
"1489","9","forall NODE1,NODE0. ~locked_epoch2(NODE0) | ep_epoch3(NODE1) | held(NODE0) | locked_epoch4(NODE0) | locked_epoch4(NODE1) | transfer_epoch3(NODE0) | transfer_epoch3(NODE1) | transfer_epoch4(NODE0) | transfer_epoch4(NODE1) | NODE0 = NODE1","12","---------0--0-----1---00--------0000--","10","339","4","0101120420","0101120420","e0h0l1l0t0","---------0--","0-","----1---00--","------0000--","0","1","0","1","1","2","0","4","2","0"
"1490","9","forall NODE1,NODE0. ~locked_epoch2(NODE0) | ep_epoch4(NODE0) | ep_epoch4(NODE1) | held(NODE0) | held(NODE1) | transfer_epoch3(NODE0) | transfer_epoch3(NODE1) | transfer_epoch4(NODE0) | transfer_epoch4(NODE1) | NODE0 = NODE1","12","----0-----0-00----1-------------0000--","10","348","3","0202100420","0202100420","e0h0l1t0","----0-----0-","00","----1-------","------0000--","0","2","0","2","1","0","0","4","2","0"
"1491","9","forall NODE1,NODE2,NODE3,NODE0. ~locked_epoch2(NODE0) | ep_epoch4(NODE1) | held(NODE0) | held(NODE2) | locked_epoch4(NODE3) | transfer_epoch3(NODE0) | transfer_epoch3(NODE2) | transfer_epoch4(NODE0) | transfer_epoch4(NODE2) | ((NODE0 ~= NODE1 | NODE2 ~= NODE3 | NODE0 = NODE2) & (NODE0 ~= NODE3 | NODE1 ~= NODE2 | NODE0 = NODE1))","19","----0-------00----1----0--------0000--","15","488","2","0102110440","0102110440","e0h0l1l0t0","----0-------","00","----1----0--","------0000--","0","1","0","2","1","1","0","4","4","0"
"1492","9","forall NODE1,NODE0. ~locked_epoch2(NODE0) | ep_epoch4(NODE0) | held(NODE0) | locked_epoch3(NODE1) | locked_epoch4(NODE1) | transfer_epoch3(NODE0) | transfer_epoch3(NODE1) | transfer_epoch4(NODE0) | transfer_epoch4(NODE1) | NODE0 = NODE1","12","----0-------0-----1--0-0--------0000--","10","339","4","0101120420","0101120420","e0h0l1l0t0","----0-------","0-","----1--0-0--","------0000--","0","1","0","1","1","2","0","4","2","0"
"1493","9","forall NODE1,NODE0. ~locked_epoch2(NODE0) | held(NODE0) | held(NODE1) | locked_epoch4(NODE0) | locked_epoch4(NODE1) | transfer_epoch3(NODE0) | transfer_epoch3(NODE1) | transfer_epoch4(NODE0) | transfer_epoch4(NODE1) | NODE0 = NODE1","12","------------00----1---00--------0000--","10","333","1","0002120420","0002120420","h0l1l0t0","------------","00","----1---00--","------0000--","0","0","0","2","1","2","0","4","2","0"
"1494","9","forall NODE1,NODE0. ~locked_epoch2(NODE0) | held(NODE0) | held(NODE1) | transfer_epoch3(NODE0) | transfer_epoch3(NODE1) | transfer_epoch4(NODE0) | transfer_epoch4(NODE1) | transfer_epoch5(NODE0) | transfer_epoch5(NODE1) | NODE0 = NODE1","12","------------00----1-------------000000","10","332","1","0002100620","0002100620","h0l1t0","------------","00","----1-------","------000000","0","0","0","2","1","0","0","6","2","0"
"1495","9","forall NODE1,NODE0. ~locked_epoch2(NODE0) | held(NODE0) | locked_epoch3(NODE1) | locked_epoch4(NODE0) | locked_epoch4(NODE1) | transfer_epoch3(NODE0) | transfer_epoch3(NODE1) | transfer_epoch4(NODE0) | transfer_epoch4(NODE1) | NODE0 = NODE1","12","------------0-----1--000--------0000--","10","331","1","0001130420","0001130420","h0l1l0t0","------------","0-","----1--000--","------0000--","0","0","0","1","1","3","0","4","2","0"
"1496","9","forall NODE1,NODE0. ~transfer_epoch5(NODE0) | ep_epoch0(NODE0) | ep_epoch0(NODE1) | ep_epoch1(NODE0) | ep_epoch1(NODE1) | ep_epoch2(NODE0) | ep_epoch2(NODE1) | ep_epoch3(NODE0) | ep_epoch3(NODE1) | NODE0 = NODE1","12","0000--0000--------------------------1-","10","367","1","0800001020","0800001020","e0t1","0000--0000--","--","------------","----------1-","0","8","0","0","0","0","1","0","2","0"
"1497","9","forall NODE1,NODE0. ep_epoch0(NODE0) | ep_epoch0(NODE1) | ep_epoch1(NODE0) | ep_epoch1(NODE1) | ep_epoch2(NODE0) | ep_epoch2(NODE1) | ep_epoch4(NODE1) | ep_epoch5(NODE1) | locked_epoch4(NODE0) | NODE0 = NODE1","12","000-00000--------------0--------------","10","368","4","0800010020","0800010020","e0l0","000-00000---","--","---------0--","------------","0","8","0","0","0","1","0","0","2","0"
"1498","9","forall NODE1,NODE0. ep_epoch0(NODE0) | ep_epoch0(NODE1) | ep_epoch1(NODE0) | ep_epoch1(NODE1) | ep_epoch2(NODE0) | ep_epoch2(NODE1) | ep_epoch4(NODE1) | held(NODE1) | locked_epoch4(NODE0) | NODE0 = NODE1","12","000-0-000---0----------0--------------","10","366","4","0701010020","0701010020","e0h0l0","000-0-000---","0-","---------0--","------------","0","7","0","1","0","1","0","0","2","0"
"1499","9","forall NODE1,NODE0. ep_epoch0(NODE0) | ep_epoch0(NODE1) | ep_epoch1(NODE0) | ep_epoch1(NODE1) | ep_epoch2(NODE0) | ep_epoch2(NODE1) | ep_epoch4(NODE1) | locked_epoch4(NODE0) | locked_epoch5(NODE1) | NODE0 = NODE1","12","000-0-000--------------00-------------","10","365","4","0700020020","0700020020","e0l0","000-0-000---","--","---------00-","------------","0","7","0","0","0","2","0","0","2","0"
"1500","9","forall NODE1,NODE0. ep_epoch0(NODE0) | ep_epoch0(NODE1) | ep_epoch1(NODE0) | ep_epoch1(NODE1) | ep_epoch3(NODE0) | ep_epoch3(NODE1) | ep_epoch4(NODE0) | ep_epoch5(NODE0) | locked_epoch4(NODE1) | NODE0 = NODE1","12","00-00000-0-------------0--------------","10","368","4","0800010020","0800010020","e0l0","00-00000-0--","--","---------0--","------------","0","8","0","0","0","1","0","0","2","0"
"1501","9","forall NODE1,NODE0. ep_epoch0(NODE0) | ep_epoch0(NODE1) | ep_epoch1(NODE0) | ep_epoch1(NODE1) | ep_epoch3(NODE0) | ep_epoch3(NODE1) | ep_epoch4(NODE0) | held(NODE0) | locked_epoch4(NODE1) | NODE0 = NODE1","12","00-00-00-0--0----------0--------------","10","366","4","0701010020","0701010020","e0h0l0","00-00-00-0--","0-","---------0--","------------","0","7","0","1","0","1","0","0","2","0"
"1502","9","forall NODE1,NODE0. ep_epoch0(NODE0) | ep_epoch0(NODE1) | ep_epoch1(NODE0) | ep_epoch1(NODE1) | ep_epoch3(NODE0) | ep_epoch3(NODE1) | ep_epoch4(NODE0) | locked_epoch4(NODE1) | locked_epoch5(NODE0) | NODE0 = NODE1","12","00-00-00-0-------------00-------------","10","365","4","0700020020","0700020020","e0l0","00-00-00-0--","--","---------00-","------------","0","7","0","0","0","2","0","0","2","0"
"1503","9","forall NODE1,NODE0. ep_epoch0(NODE0) | ep_epoch0(NODE1) | ep_epoch2(NODE0) | ep_epoch2(NODE1) | ep_epoch3(NODE0) | ep_epoch3(NODE1) | ep_epoch4(NODE1) | ep_epoch5(NODE1) | locked_epoch4(NODE0) | NODE0 = NODE1","12","0-00000-00-------------0--------------","10","368","4","0800010020","0800010020","e0l0","0-00000-00--","--","---------0--","------------","0","8","0","0","0","1","0","0","2","0"
"1504","9","forall NODE1,NODE0. ep_epoch0(NODE0) | ep_epoch0(NODE1) | ep_epoch2(NODE0) | ep_epoch2(NODE1) | ep_epoch3(NODE0) | ep_epoch3(NODE1) | ep_epoch4(NODE1) | held(NODE1) | locked_epoch4(NODE0) | NODE0 = NODE1","12","0-000-0-00--0----------0--------------","10","366","4","0701010020","0701010020","e0h0l0","0-000-0-00--","0-","---------0--","------------","0","7","0","1","0","1","0","0","2","0"
"1505","9","forall NODE1,NODE0. ep_epoch0(NODE0) | ep_epoch0(NODE1) | ep_epoch2(NODE0) | ep_epoch2(NODE1) | ep_epoch3(NODE0) | ep_epoch3(NODE1) | ep_epoch4(NODE1) | locked_epoch4(NODE0) | locked_epoch5(NODE1) | NODE0 = NODE1","12","0-000-0-00-------------00-------------","10","365","4","0700020020","0700020020","e0l0","0-000-0-00--","--","---------00-","------------","0","7","0","0","0","2","0","0","2","0"
"1506","9","forall NODE1,NODE0. ep_epoch0(NODE0) | ep_epoch0(NODE1) | ep_epoch2(NODE0) | ep_epoch3(NODE0) | ep_epoch5(NODE1) | held(NODE0) | locked_epoch2(NODE1) | transfer_epoch5(NODE0) | transfer_epoch5(NODE1) | NODE0 = NODE1","12","0-00--0----00------0----------------00","10","361","14","0501010220","0501010220","e0h0l0t0","0-00--0----0","0-","-----0------","----------00","0","5","0","1","0","1","0","2","2","0"
"1507","9","forall NODE1,NODE0. ep_epoch0(NODE0) | ep_epoch0(NODE1) | ep_epoch2(NODE0) | ep_epoch3(NODE0) | held(NODE0) | held(NODE1) | locked_epoch2(NODE1) | transfer_epoch5(NODE0) | transfer_epoch5(NODE1) | NODE0 = NODE1","12","0-00--0-----00-----0----------------00","10","359","8","0402010220","0402010220","e0h0l0t0","0-00--0-----","00","-----0------","----------00","0","4","0","2","0","1","0","2","2","0"
"1508","9","forall NODE1,NODE0. ep_epoch0(NODE0) | ep_epoch0(NODE1) | ep_epoch2(NODE0) | ep_epoch3(NODE0) | held(NODE0) | locked_epoch2(NODE1) | locked_epoch5(NODE1) | transfer_epoch5(NODE0) | transfer_epoch5(NODE1) | NODE0 = NODE1","12","0-00--0-----0------0-----0----------00","10","357","31","0401020220","0401020220","e0h0l0t0","0-00--0-----","0-","-----0-----0","----------00","0","4","0","1","0","2","0","2","2","0"
"1509","9","forall NODE1,NODE0. ep_epoch0(NODE0) | ep_epoch0(NODE1) | ep_epoch2(NODE0) | ep_epoch3(NODE1) | ep_epoch4(NODE1) | held(NODE1) | locked_epoch3(NODE0) | transfer_epoch3(NODE0) | transfer_epoch3(NODE1) | NODE0 = NODE1","12","0-0---0--00--0------0-----------00----","10","361","14","0501010220","0501010220","e0h0l0t0","0-0---0--00-","-0","------0-----","------00----","0","5","0","1","0","1","0","2","2","0"
"1510","9","forall NODE1,NODE0. ep_epoch0(NODE0) | ep_epoch0(NODE1) | ep_epoch2(NODE0) | ep_epoch3(NODE1) | held(NODE1) | locked_epoch3(NODE0) | locked_epoch4(NODE1) | transfer_epoch3(NODE0) | transfer_epoch3(NODE1) | NODE0 = NODE1","12","0-0---0--0---0------0--0--------00----","10","357","31","0401020220","0401020220","e0h0l0t0","0-0---0--0--","-0","------0--0--","------00----","0","4","0","1","0","2","0","2","2","0"
"1511","9","forall NODE1,NODE0. ep_epoch0(NODE0) | ep_epoch0(NODE1) | ep_epoch2(NODE0) | ep_epoch4(NODE0) | held(NODE0) | locked_epoch2(NODE1) | locked_epoch4(NODE1) | transfer_epoch4(NODE0) | transfer_epoch4(NODE1) | NODE0 = NODE1","12","0-0-0-0-----0------0---0----------00--","10","357","31","0401020220","0401020220","e0h0l0t0","0-0-0-0-----","0-","-----0---0--","--------00--","0","4","0","1","0","2","0","2","2","0"
"1512","9","forall NODE1,NODE0. ep_epoch0(NODE0) | ep_epoch0(NODE1) | ep_epoch2(NODE0) | ep_epoch5(NODE1) | held(NODE0) | locked_epoch2(NODE1) | locked_epoch3(NODE0) | transfer_epoch5(NODE0) | transfer_epoch5(NODE1) | NODE0 = NODE1","12","0-0---0----00------00---------------00","10","357","31","0401020220","0401020220","e0h0l0t0","0-0---0----0","0-","-----00-----","----------00","0","4","0","1","0","2","0","2","2","0"
"1513","9","forall NODE1,NODE0. ep_epoch0(NODE0) | ep_epoch0(NODE1) | ep_epoch2(NODE0) | held(NODE0) | held(NODE1) | locked_epoch2(NODE1) | locked_epoch3(NODE0) | transfer_epoch5(NODE0) | transfer_epoch5(NODE1) | NODE0 = NODE1","12","0-0---0-----00-----00---------------00","10","355","7","0302020220","0302020220","e0h0l0t0","0-0---0-----","00","-----00-----","----------00","0","3","0","2","0","2","0","2","2","0"
"1514","9","forall NODE1,NODE0. ep_epoch0(NODE0) | ep_epoch0(NODE1) | ep_epoch2(NODE0) | held(NODE0) | locked_epoch2(NODE1) | locked_epoch3(NODE0) | locked_epoch5(NODE1) | transfer_epoch5(NODE0) | transfer_epoch5(NODE1) | NODE0 = NODE1","12","0-0---0-----0------00----0----------00","10","351","22","0301030220","0301030220","e0h0l0t0","0-0---0-----","0-","-----00----0","----------00","0","3","0","1","0","3","0","2","2","0"
"1515","9","forall NODE1,NODE0. ep_epoch0(NODE0) | ep_epoch0(NODE1) | ep_epoch2(NODE0) | held(NODE0) | locked_epoch2(NODE1) | locked_epoch4(NODE0) | locked_epoch4(NODE1) | transfer_epoch4(NODE0) | transfer_epoch4(NODE1) | NODE0 = NODE1","12","0-0---0-----0------0--00----------00--","10","351","22","0301030220","0301030220","e0h0l0t0","0-0---0-----","0-","-----0--00--","--------00--","0","3","0","1","0","3","0","2","2","0"
"1516","9","forall NODE1,NODE0. ep_epoch0(NODE0) | ep_epoch0(NODE1) | ep_epoch3(NODE0) | ep_epoch4(NODE0) | held(NODE0) | held(NODE1) | locked_epoch3(NODE1) | transfer_epoch3(NODE0) | transfer_epoch3(NODE1) | NODE0 = NODE1","12","0--00-0-----00-------0----------00----","10","359","8","0402010220","0402010220","e0h0l0t0","0--00-0-----","00","-------0----","------00----","0","4","0","2","0","1","0","2","2","0"
"1517","9","forall NODE1,NODE0. ep_epoch0(NODE0) | ep_epoch0(NODE1) | ep_epoch3(NODE0) | ep_epoch4(NODE0) | held(NODE0) | locked_epoch2(NODE1) | locked_epoch3(NODE1) | transfer_epoch3(NODE0) | transfer_epoch3(NODE1) | NODE0 = NODE1","12","0--00-0-----0------0-0----------00----","10","357","31","0401020220","0401020220","e0h0l0t0","0--00-0-----","0-","-----0-0----","------00----","0","4","0","1","0","2","0","2","2","0"
"1518","9","forall NODE1,NODE0. ep_epoch0(NODE0) | ep_epoch0(NODE1) | ep_epoch3(NODE0) | held(NODE0) | held(NODE1) | locked_epoch3(NODE1) | locked_epoch4(NODE0) | transfer_epoch3(NODE0) | transfer_epoch3(NODE1) | NODE0 = NODE1","12","0--0--0-----00-------00---------00----","10","355","7","0302020220","0302020220","e0h0l0t0","0--0--0-----","00","-------00---","------00----","0","3","0","2","0","2","0","2","2","0"
"1519","9","forall NODE1,NODE0. ep_epoch0(NODE0) | ep_epoch0(NODE1) | ep_epoch3(NODE0) | held(NODE0) | locked_epoch2(NODE1) | locked_epoch3(NODE1) | locked_epoch4(NODE0) | transfer_epoch3(NODE0) | transfer_epoch3(NODE1) | NODE0 = NODE1","12","0--0--0-----0------0-00---------00----","10","351","22","0301030220","0301030220","e0h0l0t0","0--0--0-----","0-","-----0-00---","------00----","0","3","0","1","0","3","0","2","2","0"
"1520","9","forall NODE1,NODE0. ep_epoch0(NODE0) | ep_epoch1(NODE0) | ep_epoch2(NODE0) | ep_epoch4(NODE0) | ep_epoch4(NODE1) | ep_epoch5(NODE1) | held(NODE0) | transfer_epoch4(NODE0) | transfer_epoch4(NODE1) | NODE0 = NODE1","12","000-0-----000---------------------00--","10","364","1","0601000220","0601000220","e0h0t0","000-0-----00","0-","------------","--------00--","0","6","0","1","0","0","0","2","2","0"
"1521","9","forall NODE1,NODE0. ep_epoch0(NODE0) | ep_epoch1(NODE0) | ep_epoch2(NODE0) | ep_epoch4(NODE0) | ep_epoch4(NODE1) | held(NODE0) | held(NODE1) | transfer_epoch4(NODE0) | transfer_epoch4(NODE1) | NODE0 = NODE1","12","000-0-----0-00--------------------00--","10","363","1","0502000220","0502000220","e0h0t0","000-0-----0-","00","------------","--------00--","0","5","0","2","0","0","0","2","2","0"
"1522","9","forall NODE1,NODE0. ep_epoch0(NODE0) | ep_epoch1(NODE0) | ep_epoch2(NODE0) | ep_epoch4(NODE0) | ep_epoch4(NODE1) | held(NODE0) | locked_epoch5(NODE1) | transfer_epoch4(NODE0) | transfer_epoch4(NODE1) | NODE0 = NODE1","12","000-0-----0-0------------0--------00--","10","361","14","0501010220","0501010220","e0h0l0t0","000-0-----0-","0-","-----------0","--------00--","0","5","0","1","0","1","0","2","2","0"
"1523","9","forall NODE1,NODE0. ep_epoch0(NODE0) | ep_epoch1(NODE0) | ep_epoch2(NODE0) | ep_epoch4(NODE1) | ep_epoch5(NODE1) | held(NODE0) | locked_epoch4(NODE0) | transfer_epoch4(NODE0) | transfer_epoch4(NODE1) | NODE0 = NODE1","12","000-------000---------0-----------00--","10","361","14","0501010220","0501010220","e0h0l0t0","000-------00","0-","--------0---","--------00--","0","5","0","1","0","1","0","2","2","0"
"1524","9","forall NODE1,NODE0. ep_epoch0(NODE0) | ep_epoch1(NODE0) | ep_epoch2(NODE0) | ep_epoch4(NODE1) | held(NODE0) | held(NODE1) | locked_epoch4(NODE0) | transfer_epoch4(NODE0) | transfer_epoch4(NODE1) | NODE0 = NODE1","12","000-------0-00--------0-----------00--","10","359","8","0402010220","0402010220","e0h0l0t0","000-------0-","00","--------0---","--------00--","0","4","0","2","0","1","0","2","2","0"
"1525","9","forall NODE1,NODE0. ep_epoch0(NODE0) | ep_epoch1(NODE0) | ep_epoch2(NODE0) | ep_epoch4(NODE1) | held(NODE0) | locked_epoch4(NODE0) | locked_epoch5(NODE1) | transfer_epoch4(NODE0) | transfer_epoch4(NODE1) | NODE0 = NODE1","12","000-------0-0---------0--0--------00--","10","357","31","0401020220","0401020220","e0h0l0t0","000-------0-","0-","--------0--0","--------00--","0","4","0","1","0","2","0","2","2","0"
"1526","9","forall NODE1,NODE0. ep_epoch0(NODE0) | ep_epoch1(NODE0) | ep_epoch2(NODE0) | held(NODE0) | held(NODE1) | transfer_epoch4(NODE0) | transfer_epoch4(NODE1) | transfer_epoch5(NODE0) | transfer_epoch5(NODE1) | NODE0 = NODE1","12","000---------00--------------------0000","10","354","1","0302000420","0302000420","e0h0t0","000---------","00","------------","--------0000","0","3","0","2","0","0","0","4","2","0"
"1527","9","forall NODE1,NODE0. ep_epoch0(NODE0) | ep_epoch1(NODE0) | ep_epoch2(NODE1) | ep_epoch3(NODE1) | ep_epoch5(NODE0) | held(NODE1) | locked_epoch2(NODE0) | transfer_epoch5(NODE0) | transfer_epoch5(NODE1) | NODE0 = NODE1","12","00---0--00---0----0-----------------00","10","361","14","0501010220","0501010220","e0h0l0t0","00---0--00--","-0","----0-------","----------00","0","5","0","1","0","1","0","2","2","0"
"1528","9","forall NODE1,NODE0. ep_epoch0(NODE0) | ep_epoch1(NODE0) | ep_epoch2(NODE1) | ep_epoch3(NODE1) | held(NODE1) | locked_epoch2(NODE0) | locked_epoch5(NODE0) | transfer_epoch5(NODE0) | transfer_epoch5(NODE1) | NODE0 = NODE1","12","00------00---0----0-----0-----------00","10","357","31","0401020220","0401020220","e0h0l0t0","00------00--","-0","----0-----0-","----------00","0","4","0","1","0","2","0","2","2","0"
"1529","9","forall NODE1,NODE2,NODE3,NODE0. ep_epoch0(NODE0) | ep_epoch1(NODE0) | ep_epoch2(NODE1) | ep_epoch4(NODE2) | ep_epoch5(NODE2) | held(NODE3) | locked_epoch2(NODE0) | transfer_epoch5(NODE0) | transfer_epoch5(NODE1) | ((NODE0 ~= NODE2 | NODE1 ~= NODE3 | NODE0 = NODE1) & (NODE0 ~= NODE3 | NODE1 ~= NODE2 | NODE0 = NODE1))","19","00--00--0----0----0-----------------00","15","493","1","0501010240","0501010240","e0h0l0t0","00--00--0---","-0","----0-------","----------00","0","5","0","1","0","1","0","2","4","0"
"1530","9","forall NODE1,NODE2,NODE3,NODE0. ep_epoch0(NODE0) | ep_epoch1(NODE0) | ep_epoch2(NODE1) | ep_epoch4(NODE2) | held(NODE3) | locked_epoch2(NODE0) | locked_epoch5(NODE2) | transfer_epoch5(NODE0) | transfer_epoch5(NODE1) | ((NODE0 ~= NODE2 | NODE1 ~= NODE3 | NODE0 = NODE1) & (NODE0 ~= NODE3 | NODE1 ~= NODE2 | NODE0 = NODE1))","19","00--0---0----0----0-----0-----------00","15","491","4","0401020240","0401020240","e0h0l0t0","00--0---0---","-0","----0-----0-","----------00","0","4","0","1","0","2","0","2","4","0"
"1531","9","forall NODE1,NODE0. ep_epoch0(NODE0) | ep_epoch1(NODE0) | ep_epoch2(NODE1) | ep_epoch5(NODE0) | held(NODE1) | locked_epoch2(NODE0) | locked_epoch3(NODE1) | transfer_epoch5(NODE0) | transfer_epoch5(NODE1) | NODE0 = NODE1","12","00---0--0----0----0--0--------------00","10","357","31","0401020220","0401020220","e0h0l0t0","00---0--0---","-0","----0--0----","----------00","0","4","0","1","0","2","0","2","2","0"
"1532","9","forall NODE1,NODE2,NODE3,NODE0. ep_epoch0(NODE0) | ep_epoch1(NODE0) | ep_epoch2(NODE1) | ep_epoch5(NODE2) | held(NODE3) | locked_epoch2(NODE0) | locked_epoch4(NODE2) | transfer_epoch5(NODE0) | transfer_epoch5(NODE1) | ((NODE0 ~= NODE2 | NODE1 ~= NODE3 | NODE0 = NODE1) & (NODE0 ~= NODE3 | NODE1 ~= NODE2 | NODE0 = NODE1))","19","00---0--0----0----0---0-------------00","15","491","4","0401020240","0401020240","e0h0l0t0","00---0--0---","-0","----0---0---","----------00","0","4","0","1","0","2","0","2","4","0"
"1533","9","forall NODE1,NODE2,NODE3,NODE0. ep_epoch0(NODE0) | ep_epoch1(NODE0) | ep_epoch2(NODE1) | held(NODE2) | locked_epoch2(NODE0) | locked_epoch4(NODE3) | locked_epoch5(NODE3) | transfer_epoch5(NODE0) | transfer_epoch5(NODE1) | ((NODE0 ~= NODE3 | NODE1 ~= NODE2 | NODE0 = NODE1) & (NODE0 ~= NODE2 | NODE1 ~= NODE3 | NODE0 = NODE1))","19","00------0---0-----0----0-0----------00","15","489","3","0301030240","0301030240","e0h0l0t0","00------0---","0-","----0----0-0","----------00","0","3","0","1","0","3","0","2","4","0"
"1534","9","forall NODE1,NODE0. ep_epoch0(NODE0) | ep_epoch1(NODE0) | ep_epoch2(NODE1) | held(NODE1) | locked_epoch2(NODE0) | locked_epoch3(NODE1) | locked_epoch5(NODE0) | transfer_epoch5(NODE0) | transfer_epoch5(NODE1) | NODE0 = NODE1","12","00------0----0----0--0--0-----------00","10","351","22","0301030220","0301030220","e0h0l0t0","00------0---","-0","----0--0--0-","----------00","0","3","0","1","0","3","0","2","2","0"
"1535","9","forall NODE1,NODE0. ep_epoch0(NODE0) | ep_epoch1(NODE0) | ep_epoch3(NODE0) | ep_epoch3(NODE1) | ep_epoch4(NODE0) | held(NODE0) | locked_epoch4(NODE1) | transfer_epoch3(NODE0) | transfer_epoch3(NODE1) | NODE0 = NODE1","12","00-00----0--0----------0--------00----","10","361","14","0501010220","0501010220","e0h0l0t0","00-00----0--","0-","---------0--","------00----","0","5","0","1","0","1","0","2","2","0"
"1536","9","forall NODE1,NODE0. ep_epoch0(NODE0) | ep_epoch1(NODE0) | ep_epoch3(NODE0) | ep_epoch3(NODE1) | held(NODE0) | locked_epoch4(NODE0) | locked_epoch4(NODE1) | transfer_epoch3(NODE0) | transfer_epoch3(NODE1) | NODE0 = NODE1","12","00-0-----0--0---------00--------00----","10","357","31","0401020220","0401020220","e0h0l0t0","00-0-----0--","0-","--------00--","------00----","0","4","0","1","0","2","0","2","2","0"
"1537","9","forall NODE1,NODE0. ep_epoch0(NODE0) | ep_epoch1(NODE0) | ep_epoch3(NODE1) | ep_epoch4(NODE0) | held(NODE0) | locked_epoch3(NODE0) | locked_epoch4(NODE1) | transfer_epoch3(NODE0) | transfer_epoch3(NODE1) | NODE0 = NODE1","12","00--0----0--0-------0--0--------00----","10","357","31","0401020220","0401020220","e0h0l0t0","00--0----0--","0-","------0--0--","------00----","0","4","0","1","0","2","0","2","2","0"
"1538","9","forall NODE1,NODE0. ep_epoch0(NODE0) | ep_epoch1(NODE0) | ep_epoch3(NODE1) | ep_epoch4(NODE1) | ep_epoch5(NODE1) | held(NODE0) | locked_epoch3(NODE0) | transfer_epoch3(NODE0) | transfer_epoch3(NODE1) | NODE0 = NODE1","12","00-------0000-------0-----------00----","10","361","14","0501010220","0501010220","e0h0l0t0","00-------000","0-","------0-----","------00----","0","5","0","1","0","1","0","2","2","0"
"1539","9","forall NODE1,NODE0. ep_epoch0(NODE0) | ep_epoch1(NODE0) | ep_epoch3(NODE1) | ep_epoch4(NODE1) | held(NODE0) | held(NODE1) | locked_epoch3(NODE0) | transfer_epoch3(NODE0) | transfer_epoch3(NODE1) | NODE0 = NODE1","12","00-------00-00------0-----------00----","10","359","8","0402010220","0402010220","e0h0l0t0","00-------00-","00","------0-----","------00----","0","4","0","2","0","1","0","2","2","0"
"1540","9","forall NODE1,NODE0. ep_epoch0(NODE0) | ep_epoch1(NODE0) | ep_epoch3(NODE1) | ep_epoch4(NODE1) | held(NODE0) | locked_epoch3(NODE0) | locked_epoch5(NODE1) | transfer_epoch3(NODE0) | transfer_epoch3(NODE1) | NODE0 = NODE1","12","00-------00-0-------0----0------00----","10","357","31","0401020220","0401020220","e0h0l0t0","00-------00-","0-","------0----0","------00----","0","4","0","1","0","2","0","2","2","0"
"1541","9","forall NODE1,NODE0. ep_epoch0(NODE0) | ep_epoch1(NODE0) | ep_epoch3(NODE1) | ep_epoch5(NODE1) | held(NODE0) | locked_epoch3(NODE0) | locked_epoch4(NODE1) | transfer_epoch3(NODE0) | transfer_epoch3(NODE1) | NODE0 = NODE1","12","00-------0-00-------0--0--------00----","10","357","31","0401020220","0401020220","e0h0l0t0","00-------0-0","0-","------0--0--","------00----","0","4","0","1","0","2","0","2","2","0"
"1542","9","forall NODE1,NODE0. ep_epoch0(NODE0) | ep_epoch1(NODE0) | ep_epoch3(NODE1) | held(NODE0) | held(NODE1) | locked_epoch3(NODE0) | locked_epoch4(NODE1) | transfer_epoch3(NODE0) | transfer_epoch3(NODE1) | NODE0 = NODE1","12","00-------0--00------0--0--------00----","10","355","7","0302020220","0302020220","e0h0l0t0","00-------0--","00","------0--0--","------00----","0","3","0","2","0","2","0","2","2","0"
"1543","9","forall NODE1,NODE0. ep_epoch0(NODE0) | ep_epoch1(NODE0) | ep_epoch3(NODE1) | held(NODE0) | locked_epoch3(NODE0) | locked_epoch4(NODE0) | locked_epoch4(NODE1) | transfer_epoch3(NODE0) | transfer_epoch3(NODE1) | NODE0 = NODE1","12","00-------0--0-------0-00--------00----","10","351","22","0301030220","0301030220","e0h0l0t0","00-------0--","0-","------0-00--","------00----","0","3","0","1","0","3","0","2","2","0"
"1544","9","forall NODE1,NODE0. ep_epoch0(NODE0) | ep_epoch1(NODE0) | ep_epoch3(NODE1) | held(NODE0) | locked_epoch3(NODE0) | locked_epoch4(NODE1) | locked_epoch5(NODE1) | transfer_epoch3(NODE0) | transfer_epoch3(NODE1) | NODE0 = NODE1","12","00-------0--0-------0--0-0------00----","10","351","22","0301030220","0301030220","e0h0l0t0","00-------0--","0-","------0--0-0","------00----","0","3","0","1","0","3","0","2","2","0"
"1545","9","forall NODE1,NODE0. ep_epoch0(NODE0) | ep_epoch1(NODE0) | ep_epoch4(NODE0) | ep_epoch4(NODE1) | ep_epoch5(NODE1) | held(NODE0) | locked_epoch2(NODE0) | transfer_epoch4(NODE0) | transfer_epoch4(NODE1) | NODE0 = NODE1","12","00--0-----000-----0---------------00--","10","361","14","0501010220","0501010220","e0h0l0t0","00--0-----00","0-","----0-------","--------00--","0","5","0","1","0","1","0","2","2","0"
"1546","9","forall NODE1,NODE0. ep_epoch0(NODE0) | ep_epoch1(NODE0) | ep_epoch4(NODE0) | ep_epoch4(NODE1) | held(NODE0) | held(NODE1) | locked_epoch2(NODE0) | transfer_epoch4(NODE0) | transfer_epoch4(NODE1) | NODE0 = NODE1","12","00--0-----0-00----0---------------00--","10","359","8","0402010220","0402010220","e0h0l0t0","00--0-----0-","00","----0-------","--------00--","0","4","0","2","0","1","0","2","2","0"
"1547","9","forall NODE1,NODE0. ep_epoch0(NODE0) | ep_epoch1(NODE0) | ep_epoch4(NODE0) | ep_epoch4(NODE1) | held(NODE0) | locked_epoch2(NODE0) | locked_epoch5(NODE1) | transfer_epoch4(NODE0) | transfer_epoch4(NODE1) | NODE0 = NODE1","12","00--0-----0-0-----0------0--------00--","10","357","31","0401020220","0401020220","e0h0l0t0","00--0-----0-","0-","----0------0","--------00--","0","4","0","1","0","2","0","2","2","0"
"1548","9","forall NODE1,NODE0. ep_epoch0(NODE0) | ep_epoch1(NODE0) | ep_epoch4(NODE1) | ep_epoch5(NODE1) | held(NODE0) | locked_epoch2(NODE0) | locked_epoch4(NODE0) | transfer_epoch4(NODE0) | transfer_epoch4(NODE1) | NODE0 = NODE1","12","00--------000-----0---0-----------00--","10","357","31","0401020220","0401020220","e0h0l0t0","00--------00","0-","----0---0---","--------00--","0","4","0","1","0","2","0","2","2","0"
"1549","9","forall NODE1,NODE0. ep_epoch0(NODE0) | ep_epoch1(NODE0) | ep_epoch4(NODE1) | held(NODE0) | held(NODE1) | locked_epoch2(NODE0) | locked_epoch4(NODE0) | transfer_epoch4(NODE0) | transfer_epoch4(NODE1) | NODE0 = NODE1","12","00--------0-00----0---0-----------00--","10","355","7","0302020220","0302020220","e0h0l0t0","00--------0-","00","----0---0---","--------00--","0","3","0","2","0","2","0","2","2","0"
"1550","9","forall NODE1,NODE0. ep_epoch0(NODE0) | ep_epoch1(NODE0) | ep_epoch4(NODE1) | held(NODE0) | locked_epoch2(NODE0) | locked_epoch4(NODE0) | locked_epoch5(NODE1) | transfer_epoch4(NODE0) | transfer_epoch4(NODE1) | NODE0 = NODE1","12","00--------0-0-----0---0--0--------00--","10","351","22","0301030220","0301030220","e0h0l0t0","00--------0-","0-","----0---0--0","--------00--","0","3","0","1","0","3","0","2","2","0"
"1551","9","forall NODE1,NODE0. ep_epoch0(NODE0) | ep_epoch1(NODE0) | held(NODE0) | held(NODE1) | locked_epoch2(NODE0) | transfer_epoch4(NODE0) | transfer_epoch4(NODE1) | transfer_epoch5(NODE0) | transfer_epoch5(NODE1) | NODE0 = NODE1","12","00----------00----0---------------0000","10","347","3","0202010420","0202010420","e0h0l0t0","00----------","00","----0-------","--------0000","0","2","0","2","0","1","0","4","2","0"
"1552","9","forall NODE1,NODE0. ep_epoch0(NODE0) | ep_epoch2(NODE0) | ep_epoch2(NODE1) | ep_epoch3(NODE0) | ep_epoch4(NODE0) | held(NODE0) | locked_epoch3(NODE1) | transfer_epoch2(NODE0) | transfer_epoch2(NODE1) | NODE0 = NODE1","12","0-000---0---0--------0--------00------","10","361","14","0501010220","0501010220","e0h0l0t0","0-000---0---","0-","-------0----","----00------","0","5","0","1","0","1","0","2","2","0"
"1553","9","forall NODE1,NODE0. ep_epoch0(NODE0) | ep_epoch2(NODE0) | ep_epoch2(NODE1) | ep_epoch3(NODE0) | held(NODE0) | locked_epoch3(NODE1) | locked_epoch4(NODE0) | transfer_epoch2(NODE0) | transfer_epoch2(NODE1) | NODE0 = NODE1","12","0-00----0---0--------00-------00------","10","357","31","0401020220","0401020220","e0h0l0t0","0-00----0---","0-","-------00---","----00------","0","4","0","1","0","2","0","2","2","0"
"1554","9","forall NODE1,NODE2,NODE3,NODE0. ep_epoch0(NODE0) | ep_epoch2(NODE1) | ep_epoch3(NODE2) | ep_epoch5(NODE3) | held(NODE0) | locked_epoch2(NODE2) | locked_epoch3(NODE1) | transfer_epoch2(NODE1) | transfer_epoch2(NODE2) | ((NODE0 ~= NODE1 | NODE2 ~= NODE3 | NODE0 = NODE2) & (NODE0 ~= NODE2 | NODE1 ~= NODE3 | NODE0 = NODE1))","19","0-0------0-00------00---------00------","15","491","4","0401020240","0401020240","e0h0l0t0","0-0------0-0","0-","-----00-----","----00------","0","4","0","1","0","2","0","2","4","0"
"1555","9","forall NODE1,NODE2,NODE3,NODE0. ep_epoch0(NODE0) | ep_epoch2(NODE1) | ep_epoch3(NODE2) | held(NODE0) | locked_epoch2(NODE2) | locked_epoch3(NODE1) | locked_epoch5(NODE3) | transfer_epoch2(NODE1) | transfer_epoch2(NODE2) | ((NODE0 ~= NODE1 | NODE2 ~= NODE3 | NODE0 = NODE2) & (NODE0 ~= NODE2 | NODE1 ~= NODE3 | NODE0 = NODE1))","19","0-0------0--0------00----0----00------","15","489","3","0301030240","0301030240","e0h0l0t0","0-0------0--","0-","-----00----0","----00------","0","3","0","1","0","3","0","2","4","0"
"1556","9","forall NODE1,NODE0. ep_epoch0(NODE0) | ep_epoch2(NODE1) | ep_epoch3(NODE0) | ep_epoch4(NODE0) | held(NODE0) | locked_epoch2(NODE0) | locked_epoch3(NODE1) | transfer_epoch2(NODE0) | transfer_epoch2(NODE1) | NODE0 = NODE1","12","0--00---0---0-----0--0--------00------","10","357","31","0401020220","0401020220","e0h0l0t0","0--00---0---","0-","----0--0----","----00------","0","4","0","1","0","2","0","2","2","0"
"1557","9","forall NODE1,NODE0. ep_epoch0(NODE0) | ep_epoch2(NODE1) | ep_epoch3(NODE0) | held(NODE0) | locked_epoch2(NODE0) | locked_epoch3(NODE1) | locked_epoch4(NODE0) | transfer_epoch2(NODE0) | transfer_epoch2(NODE1) | NODE0 = NODE1","12","0--0----0---0-----0--00-------00------","10","351","22","0301030220","0301030220","e0h0l0t0","0--0----0---","0-","----0--00---","----00------","0","3","0","1","0","3","0","2","2","0"
"1558","9","forall NODE1,NODE0. ep_epoch0(NODE0) | ep_epoch2(NODE1) | ep_epoch3(NODE1) | ep_epoch4(NODE0) | held(NODE0) | locked_epoch2(NODE0) | locked_epoch4(NODE1) | transfer_epoch2(NODE0) | transfer_epoch2(NODE1) | NODE0 = NODE1","12","0---0---00--0-----0----0------00------","10","357","31","0401020220","0401020220","e0h0l0t0","0---0---00--","0-","----0----0--","----00------","0","4","0","1","0","2","0","2","2","0"
"1559","9","forall NODE1,NODE0. ep_epoch0(NODE0) | ep_epoch2(NODE1) | ep_epoch3(NODE1) | ep_epoch4(NODE1) | ep_epoch5(NODE1) | held(NODE0) | locked_epoch2(NODE0) | transfer_epoch2(NODE0) | transfer_epoch2(NODE1) | NODE0 = NODE1","12","0-------00000-----0-----------00------","10","361","14","0501010220","0501010220","e0h0l0t0","0-------0000","0-","----0-------","----00------","0","5","0","1","0","1","0","2","2","0"
"1560","9","forall NODE1,NODE0. ep_epoch0(NODE0) | ep_epoch2(NODE1) | ep_epoch3(NODE1) | ep_epoch4(NODE1) | held(NODE0) | locked_epoch2(NODE0) | locked_epoch5(NODE1) | transfer_epoch2(NODE0) | transfer_epoch2(NODE1) | NODE0 = NODE1","12","0-------000-0-----0------0----00------","10","357","31","0401020220","0401020220","e0h0l0t0","0-------000-","0-","----0------0","----00------","0","4","0","1","0","2","0","2","2","0"
"1561","9","forall NODE1,NODE0. ep_epoch0(NODE0) | ep_epoch2(NODE1) | ep_epoch3(NODE1) | ep_epoch5(NODE1) | held(NODE0) | locked_epoch2(NODE0) | locked_epoch4(NODE1) | transfer_epoch2(NODE0) | transfer_epoch2(NODE1) | NODE0 = NODE1","12","0-------00-00-----0----0------00------","10","357","31","0401020220","0401020220","e0h0l0t0","0-------00-0","0-","----0----0--","----00------","0","4","0","1","0","2","0","2","2","0"
"1562","9","forall NODE1,NODE0. ep_epoch0(NODE0) | ep_epoch2(NODE1) | ep_epoch3(NODE1) | held(NODE0) | locked_epoch2(NODE0) | locked_epoch4(NODE0) | locked_epoch4(NODE1) | transfer_epoch2(NODE0) | transfer_epoch2(NODE1) | NODE0 = NODE1","12","0-------00--0-----0---00------00------","10","351","22","0301030220","0301030220","e0h0l0t0","0-------00--","0-","----0---00--","----00------","0","3","0","1","0","3","0","2","2","0"
"1563","9","forall NODE1,NODE0. ep_epoch0(NODE0) | ep_epoch2(NODE1) | ep_epoch3(NODE1) | held(NODE0) | locked_epoch2(NODE0) | locked_epoch4(NODE1) | locked_epoch5(NODE1) | transfer_epoch2(NODE0) | transfer_epoch2(NODE1) | NODE0 = NODE1","12","0-------00--0-----0----0-0----00------","10","351","22","0301030220","0301030220","e0h0l0t0","0-------00--","0-","----0----0-0","----00------","0","3","0","1","0","3","0","2","2","0"
"1564","9","forall NODE1,NODE0. ep_epoch0(NODE0) | ep_epoch2(NODE1) | ep_epoch4(NODE0) | held(NODE0) | locked_epoch2(NODE0) | locked_epoch3(NODE1) | locked_epoch4(NODE1) | transfer_epoch2(NODE0) | transfer_epoch2(NODE1) | NODE0 = NODE1","12","0---0---0---0-----0--0-0------00------","10","351","22","0301030220","0301030220","e0h0l0t0","0---0---0---","0-","----0--0-0--","----00------","0","3","0","1","0","3","0","2","2","0"
"1565","9","forall NODE1,NODE0. ep_epoch0(NODE0) | ep_epoch2(NODE1) | ep_epoch4(NODE1) | ep_epoch5(NODE1) | held(NODE0) | locked_epoch2(NODE0) | locked_epoch3(NODE1) | transfer_epoch2(NODE0) | transfer_epoch2(NODE1) | NODE0 = NODE1","12","0-------0-000-----0--0--------00------","10","357","31","0401020220","0401020220","e0h0l0t0","0-------0-00","0-","----0--0----","----00------","0","4","0","1","0","2","0","2","2","0"
"1566","9","forall NODE1,NODE0. ep_epoch0(NODE0) | ep_epoch2(NODE1) | ep_epoch4(NODE1) | held(NODE0) | locked_epoch2(NODE0) | locked_epoch3(NODE1) | locked_epoch5(NODE1) | transfer_epoch2(NODE0) | transfer_epoch2(NODE1) | NODE0 = NODE1","12","0-------0-0-0-----0--0---0----00------","10","351","22","0301030220","0301030220","e0h0l0t0","0-------0-0-","0-","----0--0---0","----00------","0","3","0","1","0","3","0","2","2","0"
"1567","9","forall NODE1,NODE0. ep_epoch0(NODE0) | ep_epoch2(NODE1) | ep_epoch5(NODE1) | held(NODE0) | locked_epoch2(NODE0) | locked_epoch3(NODE1) | locked_epoch4(NODE1) | transfer_epoch2(NODE0) | transfer_epoch2(NODE1) | NODE0 = NODE1","12","0-------0--00-----0--0-0------00------","10","351","22","0301030220","0301030220","e0h0l0t0","0-------0--0","0-","----0--0-0--","----00------","0","3","0","1","0","3","0","2","2","0"
"1568","9","forall NODE1,NODE0. ep_epoch0(NODE0) | ep_epoch2(NODE1) | held(NODE0) | locked_epoch2(NODE0) | locked_epoch3(NODE1) | locked_epoch4(NODE0) | locked_epoch4(NODE1) | transfer_epoch2(NODE0) | transfer_epoch2(NODE1) | NODE0 = NODE1","12","0-------0---0-----0--000------00------","10","345","4","0201040220","0201040220","e0h0l0t0","0-------0---","0-","----0--000--","----00------","0","2","0","1","0","4","0","2","2","0"
"1569","9","forall NODE1,NODE0. ep_epoch0(NODE0) | ep_epoch2(NODE1) | held(NODE0) | locked_epoch2(NODE0) | locked_epoch3(NODE1) | locked_epoch4(NODE1) | locked_epoch5(NODE1) | transfer_epoch2(NODE0) | transfer_epoch2(NODE1) | NODE0 = NODE1","12","0-------0---0-----0--0-0-0----00------","10","345","4","0201040220","0201040220","e0h0l0t0","0-------0---","0-","----0--0-0-0","----00------","0","2","0","1","0","4","0","2","2","0"
"1570","9","forall NODE1,NODE0. ep_epoch0(NODE0) | ep_epoch2(NODE1) | held(NODE0) | locked_epoch3(NODE0) | locked_epoch3(NODE1) | transfer_epoch2(NODE0) | transfer_epoch2(NODE1) | transfer_epoch3(NODE0) | transfer_epoch3(NODE1) | NODE0 = NODE1","12","0-------0---0-------00--------0000----","10","344","2","0201020420","0201020420","e0h0l0t0","0-------0---","0-","------00----","----0000----","0","2","0","1","0","2","0","4","2","0"
"1571","9","forall NODE1,NODE0. ep_epoch0(NODE0) | held(NODE0) | locked_epoch2(NODE1) | locked_epoch3(NODE0) | locked_epoch3(NODE1) | transfer_epoch2(NODE0) | transfer_epoch2(NODE1) | transfer_epoch3(NODE0) | transfer_epoch3(NODE1) | NODE0 = NODE1","12","0-----------0------000--------0000----","10","338","2","0101030420","0101030420","e0h0l0t0","0-----------","0-","-----000----","----0000----","0","1","0","1","0","3","0","4","2","0"
"1572","9","forall NODE1,NODE0. ep_epoch1(NODE0) | ep_epoch1(NODE1) | ep_epoch2(NODE0) | ep_epoch2(NODE1) | ep_epoch3(NODE0) | ep_epoch3(NODE1) | ep_epoch4(NODE1) | ep_epoch5(NODE1) | locked_epoch4(NODE0) | NODE0 = NODE1","12","-00000-000-------------0--------------","10","368","4","0800010020","0800010020","e0l0","-00000-000--","--","---------0--","------------","0","8","0","0","0","1","0","0","2","0"
"1573","9","forall NODE1,NODE0. ep_epoch1(NODE0) | ep_epoch1(NODE1) | ep_epoch2(NODE0) | ep_epoch2(NODE1) | ep_epoch3(NODE0) | ep_epoch3(NODE1) | ep_epoch4(NODE1) | held(NODE1) | locked_epoch4(NODE0) | NODE0 = NODE1","12","-0000--000--0----------0--------------","10","366","4","0701010020","0701010020","e0h0l0","-0000--000--","0-","---------0--","------------","0","7","0","1","0","1","0","0","2","0"
"1574","9","forall NODE1,NODE0. ep_epoch1(NODE0) | ep_epoch1(NODE1) | ep_epoch2(NODE0) | ep_epoch2(NODE1) | ep_epoch3(NODE0) | ep_epoch3(NODE1) | ep_epoch4(NODE0) | locked_epoch4(NODE1) | locked_epoch5(NODE0) | NODE0 = NODE1","12","-0000--000-------------00-------------","10","365","4","0700020020","0700020020","e0l0","-0000--000--","--","---------00-","------------","0","7","0","0","0","2","0","0","2","0"
"1575","9","forall NODE1,NODE0. ep_epoch1(NODE0) | ep_epoch1(NODE1) | ep_epoch2(NODE0) | ep_epoch3(NODE0) | ep_epoch5(NODE1) | held(NODE0) | locked_epoch2(NODE1) | transfer_epoch5(NODE0) | transfer_epoch5(NODE1) | NODE0 = NODE1","12","-000---0---00------0----------------00","10","361","14","0501010220","0501010220","e0h0l0t0","-000---0---0","0-","-----0------","----------00","0","5","0","1","0","1","0","2","2","0"
"1576","9","forall NODE1,NODE0. ep_epoch1(NODE0) | ep_epoch1(NODE1) | ep_epoch2(NODE0) | ep_epoch3(NODE0) | held(NODE0) | held(NODE1) | locked_epoch2(NODE1) | transfer_epoch5(NODE0) | transfer_epoch5(NODE1) | NODE0 = NODE1","12","-000---0----00-----0----------------00","10","359","8","0402010220","0402010220","e0h0l0t0","-000---0----","00","-----0------","----------00","0","4","0","2","0","1","0","2","2","0"
"1577","9","forall NODE1,NODE0. ep_epoch1(NODE0) | ep_epoch1(NODE1) | ep_epoch2(NODE0) | ep_epoch3(NODE0) | held(NODE0) | locked_epoch2(NODE1) | locked_epoch5(NODE1) | transfer_epoch5(NODE0) | transfer_epoch5(NODE1) | NODE0 = NODE1","12","-000---0----0------0-----0----------00","10","357","31","0401020220","0401020220","e0h0l0t0","-000---0----","0-","-----0-----0","----------00","0","4","0","1","0","2","0","2","2","0"
"1578","9","forall NODE1,NODE0. ep_epoch1(NODE0) | ep_epoch1(NODE1) | ep_epoch2(NODE0) | ep_epoch3(NODE1) | ep_epoch4(NODE1) | held(NODE1) | locked_epoch3(NODE0) | transfer_epoch3(NODE0) | transfer_epoch3(NODE1) | NODE0 = NODE1","12","-00----0-00--0------0-----------00----","10","361","14","0501010220","0501010220","e0h0l0t0","-00----0-00-","-0","------0-----","------00----","0","5","0","1","0","1","0","2","2","0"
"1579","9","forall NODE1,NODE0. ep_epoch1(NODE0) | ep_epoch1(NODE1) | ep_epoch2(NODE0) | ep_epoch3(NODE1) | held(NODE1) | locked_epoch3(NODE0) | locked_epoch4(NODE1) | transfer_epoch3(NODE0) | transfer_epoch3(NODE1) | NODE0 = NODE1","12","-00----0-0---0------0--0--------00----","10","357","31","0401020220","0401020220","e0h0l0t0","-00----0-0--","-0","------0--0--","------00----","0","4","0","1","0","2","0","2","2","0"
"1580","9","forall NODE1,NODE0. ep_epoch1(NODE0) | ep_epoch1(NODE1) | ep_epoch2(NODE0) | ep_epoch4(NODE0) | held(NODE0) | locked_epoch2(NODE1) | locked_epoch4(NODE1) | transfer_epoch4(NODE0) | transfer_epoch4(NODE1) | NODE0 = NODE1","12","-00-0--0----0------0---0----------00--","10","357","31","0401020220","0401020220","e0h0l0t0","-00-0--0----","0-","-----0---0--","--------00--","0","4","0","1","0","2","0","2","2","0"
"1581","9","forall NODE1,NODE0. ep_epoch1(NODE0) | ep_epoch1(NODE1) | ep_epoch2(NODE0) | ep_epoch5(NODE1) | held(NODE0) | locked_epoch2(NODE1) | locked_epoch3(NODE0) | transfer_epoch5(NODE0) | transfer_epoch5(NODE1) | NODE0 = NODE1","12","-00----0---00------00---------------00","10","357","31","0401020220","0401020220","e0h0l0t0","-00----0---0","0-","-----00-----","----------00","0","4","0","1","0","2","0","2","2","0"
"1582","9","forall NODE1,NODE0. ep_epoch1(NODE0) | ep_epoch1(NODE1) | ep_epoch2(NODE0) | held(NODE0) | held(NODE1) | locked_epoch2(NODE1) | locked_epoch3(NODE0) | transfer_epoch5(NODE0) | transfer_epoch5(NODE1) | NODE0 = NODE1","12","-00----0----00-----00---------------00","10","355","7","0302020220","0302020220","e0h0l0t0","-00----0----","00","-----00-----","----------00","0","3","0","2","0","2","0","2","2","0"
"1583","9","forall NODE1,NODE0. ep_epoch1(NODE0) | ep_epoch1(NODE1) | ep_epoch2(NODE0) | held(NODE0) | locked_epoch2(NODE1) | locked_epoch3(NODE0) | locked_epoch5(NODE1) | transfer_epoch5(NODE0) | transfer_epoch5(NODE1) | NODE0 = NODE1","12","-00----0----0------00----0----------00","10","351","22","0301030220","0301030220","e0h0l0t0","-00----0----","0-","-----00----0","----------00","0","3","0","1","0","3","0","2","2","0"
"1584","9","forall NODE1,NODE0. ep_epoch1(NODE0) | ep_epoch1(NODE1) | ep_epoch2(NODE0) | held(NODE0) | locked_epoch2(NODE1) | locked_epoch4(NODE0) | locked_epoch4(NODE1) | transfer_epoch4(NODE0) | transfer_epoch4(NODE1) | NODE0 = NODE1","12","-00----0----0------0--00----------00--","10","351","22","0301030220","0301030220","e0h0l0t0","-00----0----","0-","-----0--00--","--------00--","0","3","0","1","0","3","0","2","2","0"
"1585","9","forall NODE1,NODE0. ep_epoch1(NODE0) | ep_epoch1(NODE1) | ep_epoch3(NODE0) | ep_epoch4(NODE0) | held(NODE0) | held(NODE1) | locked_epoch3(NODE1) | transfer_epoch3(NODE0) | transfer_epoch3(NODE1) | NODE0 = NODE1","12","-0-00--0----00-------0----------00----","10","359","8","0402010220","0402010220","e0h0l0t0","-0-00--0----","00","-------0----","------00----","0","4","0","2","0","1","0","2","2","0"
"1586","9","forall NODE1,NODE0. ep_epoch1(NODE0) | ep_epoch1(NODE1) | ep_epoch3(NODE0) | ep_epoch4(NODE0) | held(NODE0) | locked_epoch2(NODE1) | locked_epoch3(NODE1) | transfer_epoch3(NODE0) | transfer_epoch3(NODE1) | NODE0 = NODE1","12","-0-00--0----0------0-0----------00----","10","357","31","0401020220","0401020220","e0h0l0t0","-0-00--0----","0-","-----0-0----","------00----","0","4","0","1","0","2","0","2","2","0"
"1587","9","forall NODE1,NODE0. ep_epoch1(NODE0) | ep_epoch1(NODE1) | ep_epoch3(NODE0) | held(NODE0) | held(NODE1) | locked_epoch3(NODE1) | locked_epoch4(NODE0) | transfer_epoch3(NODE0) | transfer_epoch3(NODE1) | NODE0 = NODE1","12","-0-0---0----00-------00---------00----","10","355","7","0302020220","0302020220","e0h0l0t0","-0-0---0----","00","-------00---","------00----","0","3","0","2","0","2","0","2","2","0"
"1588","9","forall NODE1,NODE0. ep_epoch1(NODE0) | ep_epoch1(NODE1) | ep_epoch3(NODE0) | held(NODE0) | locked_epoch2(NODE1) | locked_epoch3(NODE1) | locked_epoch4(NODE0) | transfer_epoch3(NODE0) | transfer_epoch3(NODE1) | NODE0 = NODE1","12","-0-0---0----0------0-00---------00----","10","351","22","0301030220","0301030220","e0h0l0t0","-0-0---0----","0-","-----0-00---","------00----","0","3","0","1","0","3","0","2","2","0"
"1589","9","forall NODE1,NODE0. ep_epoch1(NODE0) | ep_epoch2(NODE0) | ep_epoch2(NODE1) | ep_epoch3(NODE1) | ep_epoch4(NODE1) | held(NODE1) | locked_epoch3(NODE0) | transfer_epoch2(NODE0) | transfer_epoch2(NODE1) | NODE0 = NODE1","12","-00-----000--0------0---------00------","10","361","14","0501010220","0501010220","e0h0l0t0","-00-----000-","-0","------0-----","----00------","0","5","0","1","0","1","0","2","2","0"
"1590","9","forall NODE1,NODE0. ep_epoch1(NODE0) | ep_epoch2(NODE0) | ep_epoch2(NODE1) | ep_epoch3(NODE1) | held(NODE1) | locked_epoch3(NODE0) | locked_epoch4(NODE1) | transfer_epoch2(NODE0) | transfer_epoch2(NODE1) | NODE0 = NODE1","12","-00-----00---0------0--0------00------","10","357","31","0401020220","0401020220","e0h0l0t0","-00-----00--","-0","------0--0--","----00------","0","4","0","1","0","2","0","2","2","0"
"1591","9","forall NODE1,NODE0. ep_epoch1(NODE0) | ep_epoch2(NODE0) | ep_epoch3(NODE0) | ep_epoch4(NODE0) | ep_epoch5(NODE0) | held(NODE1) | locked_epoch2(NODE1) | transfer_epoch2(NODE0) | transfer_epoch2(NODE1) | NODE0 = NODE1","12","-00000-------0-----0----------00------","10","361","14","0501010220","0501010220","e0h0l0t0","-00000------","-0","-----0------","----00------","0","5","0","1","0","1","0","2","2","0"
"1592","9","forall NODE1,NODE0. ep_epoch1(NODE0) | ep_epoch2(NODE0) | ep_epoch3(NODE0) | ep_epoch4(NODE0) | held(NODE1) | locked_epoch2(NODE1) | locked_epoch5(NODE0) | transfer_epoch2(NODE0) | transfer_epoch2(NODE1) | NODE0 = NODE1","12","-0000--------0-----0----0-----00------","10","357","31","0401020220","0401020220","e0h0l0t0","-0000-------","-0","-----0----0-","----00------","0","4","0","1","0","2","0","2","2","0"
"1593","9","forall NODE1,NODE0. ep_epoch1(NODE0) | ep_epoch2(NODE0) | ep_epoch3(NODE0) | ep_epoch4(NODE1) | held(NODE1) | locked_epoch2(NODE1) | locked_epoch4(NODE0) | transfer_epoch2(NODE0) | transfer_epoch2(NODE1) | NODE0 = NODE1","12","-000------0--0-----0--0-------00------","10","357","31","0401020220","0401020220","e0h0l0t0","-000------0-","-0","-----0--0---","----00------","0","4","0","1","0","2","0","2","2","0"
"1594","9","forall NODE1,NODE0. ep_epoch1(NODE0) | ep_epoch2(NODE0) | ep_epoch3(NODE0) | ep_epoch5(NODE0) | held(NODE1) | locked_epoch2(NODE1) | locked_epoch4(NODE0) | transfer_epoch2(NODE0) | transfer_epoch2(NODE1) | NODE0 = NODE1","12","-000-0-------0-----0--0-------00------","10","357","31","0401020220","0401020220","e0h0l0t0","-000-0------","-0","-----0--0---","----00------","0","4","0","1","0","2","0","2","2","0"
"1595","9","forall NODE1,NODE0. ep_epoch1(NODE0) | ep_epoch2(NODE0) | ep_epoch3(NODE0) | held(NODE1) | locked_epoch2(NODE1) | locked_epoch4(NODE0) | locked_epoch4(NODE1) | transfer_epoch2(NODE0) | transfer_epoch2(NODE1) | NODE0 = NODE1","12","-000---------0-----0--00------00------","10","351","22","0301030220","0301030220","e0h0l0t0","-000--------","-0","-----0--00--","----00------","0","3","0","1","0","3","0","2","2","0"
"1596","9","forall NODE1,NODE0. ep_epoch1(NODE0) | ep_epoch2(NODE0) | ep_epoch3(NODE0) | held(NODE1) | locked_epoch2(NODE1) | locked_epoch4(NODE0) | locked_epoch5(NODE0) | transfer_epoch2(NODE0) | transfer_epoch2(NODE1) | NODE0 = NODE1","12","-000---------0-----0--0-0-----00------","10","351","22","0301030220","0301030220","e0h0l0t0","-000--------","-0","-----0--0-0-","----00------","0","3","0","1","0","3","0","2","2","0"
"1597","9","forall NODE1,NODE0. ep_epoch1(NODE0) | ep_epoch2(NODE0) | ep_epoch3(NODE1) | ep_epoch4(NODE1) | held(NODE1) | locked_epoch2(NODE1) | locked_epoch3(NODE0) | transfer_epoch2(NODE0) | transfer_epoch2(NODE1) | NODE0 = NODE1","12","-00------00--0-----00---------00------","10","357","31","0401020220","0401020220","e0h0l0t0","-00------00-","-0","-----00-----","----00------","0","4","0","1","0","2","0","2","2","0"
"1598","9","forall NODE1,NODE2,NODE3,NODE0. ep_epoch1(NODE0) | ep_epoch2(NODE1) | ep_epoch3(NODE2) | ep_epoch5(NODE0) | held(NODE3) | locked_epoch2(NODE2) | locked_epoch3(NODE1) | transfer_epoch2(NODE1) | transfer_epoch2(NODE2) | ((NODE0 ~= NODE2 | NODE1 ~= NODE3 | NODE0 = NODE1) & (NODE0 ~= NODE1 | NODE2 ~= NODE3 | NODE0 = NODE2))","19","-00--0---0---0-----00---------00------","15","491","4","0401020240","0401020240","e0h0l0t0","-00--0---0--","-0","-----00-----","----00------","0","4","0","1","0","2","0","2","4","0"
"1599","9","forall NODE1,NODE0. ep_epoch1(NODE0) | ep_epoch2(NODE0) | ep_epoch3(NODE1) | held(NODE1) | locked_epoch2(NODE1) | locked_epoch3(NODE0) | locked_epoch4(NODE1) | transfer_epoch2(NODE0) | transfer_epoch2(NODE1) | NODE0 = NODE1","12","-00------0---0-----00--0------00------","10","351","22","0301030220","0301030220","e0h0l0t0","-00------0--","-0","-----00--0--","----00------","0","3","0","1","0","3","0","2","2","0"
"1600","9","forall NODE1,NODE2,NODE3,NODE0. ep_epoch1(NODE0) | ep_epoch2(NODE1) | ep_epoch3(NODE2) | held(NODE3) | locked_epoch2(NODE2) | locked_epoch3(NODE1) | locked_epoch5(NODE0) | transfer_epoch2(NODE1) | transfer_epoch2(NODE2) | ((NODE0 ~= NODE2 | NODE1 ~= NODE3 | NODE0 = NODE1) & (NODE0 ~= NODE1 | NODE2 ~= NODE3 | NODE0 = NODE2))","19","-00------0---0-----00---0-----00------","15","489","3","0301030240","0301030240","e0h0l0t0","-00------0--","-0","-----00---0-","----00------","0","3","0","1","0","3","0","2","4","0"
"1601","9","forall NODE1,NODE0. ep_epoch1(NODE0) | ep_epoch2(NODE0) | ep_epoch4(NODE0) | ep_epoch5(NODE0) | held(NODE1) | locked_epoch2(NODE1) | locked_epoch3(NODE0) | transfer_epoch2(NODE0) | transfer_epoch2(NODE1) | NODE0 = NODE1","12","-00-00-------0-----00---------00------","10","357","31","0401020220","0401020220","e0h0l0t0","-00-00------","-0","-----00-----","----00------","0","4","0","1","0","2","0","2","2","0"
"1602","9","forall NODE1,NODE0. ep_epoch1(NODE0) | ep_epoch2(NODE0) | ep_epoch4(NODE0) | held(NODE1) | locked_epoch2(NODE1) | locked_epoch3(NODE0) | locked_epoch5(NODE0) | transfer_epoch2(NODE0) | transfer_epoch2(NODE1) | NODE0 = NODE1","12","-00-0--------0-----00---0-----00------","10","351","22","0301030220","0301030220","e0h0l0t0","-00-0-------","-0","-----00---0-","----00------","0","3","0","1","0","3","0","2","2","0"
"1603","9","forall NODE1,NODE0. ep_epoch1(NODE0) | ep_epoch2(NODE0) | ep_epoch4(NODE1) | held(NODE1) | locked_epoch2(NODE1) | locked_epoch3(NODE0) | locked_epoch4(NODE0) | transfer_epoch2(NODE0) | transfer_epoch2(NODE1) | NODE0 = NODE1","12","-00-------0--0-----00-0-------00------","10","351","22","0301030220","0301030220","e0h0l0t0","-00-------0-","-0","-----00-0---","----00------","0","3","0","1","0","3","0","2","2","0"
"1604","9","forall NODE1,NODE0. ep_epoch1(NODE0) | ep_epoch2(NODE0) | ep_epoch5(NODE0) | held(NODE1) | locked_epoch2(NODE1) | locked_epoch3(NODE0) | locked_epoch4(NODE0) | transfer_epoch2(NODE0) | transfer_epoch2(NODE1) | NODE0 = NODE1","12","-00--0-------0-----00-0-------00------","10","351","22","0301030220","0301030220","e0h0l0t0","-00--0------","-0","-----00-0---","----00------","0","3","0","1","0","3","0","2","2","0"
"1605","9","forall NODE1,NODE0. ep_epoch1(NODE0) | ep_epoch2(NODE0) | held(NODE1) | locked_epoch2(NODE1) | locked_epoch3(NODE0) | locked_epoch4(NODE0) | locked_epoch4(NODE1) | transfer_epoch2(NODE0) | transfer_epoch2(NODE1) | NODE0 = NODE1","12","-00----------0-----00-00------00------","10","345","4","0201040220","0201040220","e0h0l0t0","-00---------","-0","-----00-00--","----00------","0","2","0","1","0","4","0","2","2","0"
"1606","9","forall NODE1,NODE0. ep_epoch1(NODE0) | ep_epoch2(NODE0) | held(NODE1) | locked_epoch2(NODE1) | locked_epoch3(NODE0) | locked_epoch4(NODE0) | locked_epoch5(NODE0) | transfer_epoch2(NODE0) | transfer_epoch2(NODE1) | NODE0 = NODE1","12","-00----------0-----00-0-0-----00------","10","345","4","0201040220","0201040220","e0h0l0t0","-00---------","-0","-----00-0-0-","----00------","0","2","0","1","0","4","0","2","2","0"
"1607","9","forall NODE1,NODE0. ep_epoch1(NODE0) | ep_epoch2(NODE0) | held(NODE1) | locked_epoch3(NODE0) | locked_epoch3(NODE1) | transfer_epoch2(NODE0) | transfer_epoch2(NODE1) | transfer_epoch3(NODE0) | transfer_epoch3(NODE1) | NODE0 = NODE1","12","-00----------0------00--------0000----","10","344","2","0201020420","0201020420","e0h0l0t0","-00---------","-0","------00----","----0000----","0","2","0","1","0","2","0","4","2","0"
"1608","9","forall NODE1,NODE0. ep_epoch1(NODE0) | held(NODE1) | locked_epoch2(NODE0) | locked_epoch3(NODE0) | locked_epoch3(NODE1) | transfer_epoch2(NODE0) | transfer_epoch2(NODE1) | transfer_epoch3(NODE0) | transfer_epoch3(NODE1) | NODE0 = NODE1","12","-0-----------0----0-00--------0000----","10","338","2","0101030420","0101030420","e0h0l0t0","-0----------","-0","----0-00----","----0000----","0","1","0","1","0","3","0","4","2","0"
"1609","9","forall NODE1,NODE0. ep_epoch2(NODE0) | ep_epoch2(NODE1) | ep_epoch3(NODE1) | ep_epoch4(NODE1) | held(NODE0) | held(NODE1) | locked_epoch3(NODE0) | transfer_epoch2(NODE0) | transfer_epoch2(NODE1) | NODE0 = NODE1","12","--000---0---00-------0--------00------","10","359","8","0402010220","0402010220","e0h0l0t0","--000---0---","00","-------0----","----00------","0","4","0","2","0","1","0","2","2","0"
"1610","9","forall NODE1,NODE0. ep_epoch2(NODE0) | ep_epoch2(NODE1) | ep_epoch3(NODE1) | held(NODE0) | held(NODE1) | locked_epoch3(NODE0) | locked_epoch4(NODE1) | transfer_epoch2(NODE0) | transfer_epoch2(NODE1) | NODE0 = NODE1","12","--00----0---00-------00-------00------","10","355","7","0302020220","0302020220","e0h0l0t0","--00----0---","00","-------00---","----00------","0","3","0","2","0","2","0","2","2","0"
"1611","9","forall NODE1,NODE0. ep_epoch2(NODE0) | ep_epoch3(NODE0) | held(NODE0) | held(NODE1) | locked_epoch2(NODE1) | transfer_epoch2(NODE0) | transfer_epoch2(NODE1) | transfer_epoch5(NODE0) | transfer_epoch5(NODE1) | NODE0 = NODE1","12","--00--------00-----0----------00----00","10","347","3","0202010420","0202010420","e0h0l0t0","--00--------","00","-----0------","----00----00","0","2","0","2","0","1","0","4","2","0"
"1612","9","forall NODE1,NODE0. ep_epoch2(NODE0) | held(NODE0) | held(NODE1) | locked_epoch2(NODE1) | locked_epoch3(NODE0) | transfer_epoch2(NODE0) | transfer_epoch2(NODE1) | transfer_epoch5(NODE0) | transfer_epoch5(NODE1) | NODE0 = NODE1","12","--0---------00-----00---------00----00","10","340","2","0102020420","0102020420","e0h0l0t0","--0---------","00","-----00-----","----00----00","0","1","0","2","0","2","0","4","2","0"
"1613","9","forall NODE1,NODE0. ep_epoch3(NODE0) | ep_epoch4(NODE0) | held(NODE0) | held(NODE1) | locked_epoch3(NODE1) | transfer_epoch2(NODE0) | transfer_epoch2(NODE1) | transfer_epoch3(NODE0) | transfer_epoch3(NODE1) | NODE0 = NODE1","12","---00-------00-------0--------0000----","10","347","3","0202010420","0202010420","e0h0l0t0","---00-------","00","-------0----","----0000----","0","2","0","2","0","1","0","4","2","0"
"1614","9","forall NODE1,NODE0. ep_epoch3(NODE0) | held(NODE0) | held(NODE1) | locked_epoch3(NODE1) | locked_epoch4(NODE0) | transfer_epoch2(NODE0) | transfer_epoch2(NODE1) | transfer_epoch3(NODE0) | transfer_epoch3(NODE1) | NODE0 = NODE1","12","---0--------00-------00-------0000----","10","340","2","0102020420","0102020420","e0h0l0t0","---0--------","00","-------00---","----0000----","0","1","0","2","0","2","0","4","2","0"
"1615","10","forall NODE1,NODE0. ~ep_epoch0(NODE0) | held(NODE1) | transfer_epoch2(NODE0) | transfer_epoch2(NODE1) | transfer_epoch3(NODE0) | transfer_epoch3(NODE1) | transfer_epoch4(NODE0) | transfer_epoch4(NODE1) | transfer_epoch5(NODE0) | transfer_epoch5(NODE1) | NODE0 = NODE1","13","1------------0----------------00000000","11","414","1","1001000820","1001000820","e1h0t0","1-----------","-0","------------","----00000000","1","0","0","1","0","0","0","8","2","0"
"1616","10","forall NODE1,NODE0. ~ep_epoch1(NODE0) | ep_epoch2(NODE1) | held(NODE0) | held(NODE1) | transfer_epoch2(NODE0) | transfer_epoch2(NODE1) | transfer_epoch4(NODE0) | transfer_epoch4(NODE1) | transfer_epoch5(NODE0) | transfer_epoch5(NODE1) | NODE0 = NODE1","13","-1------0---00----------------00--0000","11","416","3","1102000620","1102000620","e1e0h0t0","-1------0---","00","------------","----00--0000","1","1","0","2","0","0","0","6","2","0"
"1617","10","forall NODE1,NODE0. ~ep_epoch1(NODE0) | ep_epoch3(NODE1) | held(NODE0) | held(NODE1) | transfer_epoch2(NODE0) | transfer_epoch2(NODE1) | transfer_epoch3(NODE0) | transfer_epoch3(NODE1) | transfer_epoch5(NODE0) | transfer_epoch5(NODE1) | NODE0 = NODE1","13","-1-------0--00----------------0000--00","11","416","3","1102000620","1102000620","e1e0h0t0","-1-------0--","00","------------","----0000--00","1","1","0","2","0","0","0","6","2","0"
"1618","10","forall NODE1,NODE0. ~ep_epoch1(NODE0) | ep_epoch4(NODE1) | held(NODE0) | held(NODE1) | transfer_epoch2(NODE0) | transfer_epoch2(NODE1) | transfer_epoch3(NODE0) | transfer_epoch3(NODE1) | transfer_epoch4(NODE0) | transfer_epoch4(NODE1) | NODE0 = NODE1","13","-1--------0-00----------------000000--","11","416","3","1102000620","1102000620","e1e0h0t0","-1--------0-","00","------------","----000000--","1","1","0","2","0","0","0","6","2","0"
"1619","10","forall NODE1,NODE0. ~ep_epoch1(NODE0) | held(NODE0) | held(NODE1) | locked_epoch4(NODE1) | transfer_epoch2(NODE0) | transfer_epoch2(NODE1) | transfer_epoch3(NODE0) | transfer_epoch3(NODE1) | transfer_epoch4(NODE0) | transfer_epoch4(NODE1) | NODE0 = NODE1","13","-1----------00---------0------000000--","11","415","1","1002010620","1002010620","e1h0l0t0","-1----------","00","---------0--","----000000--","1","0","0","2","0","1","0","6","2","0"
"1620","10","forall NODE1,NODE0. ~locked_epoch2(NODE0) | ep_epoch0(NODE1) | ep_epoch1(NODE1) | ep_epoch4(NODE0) | ep_epoch5(NODE0) | held(NODE1) | transfer_epoch4(NODE0) | transfer_epoch4(NODE1) | transfer_epoch5(NODE0) | transfer_epoch5(NODE1) | NODE0 = NODE1","13","----0000-----0----1---------------0000","11","402","3","0401100420","0401100420","e0h0l1t0","----0000----","-0","----1-------","--------0000","0","4","0","1","1","0","0","4","2","0"
"1621","10","forall NODE1,NODE0. ~locked_epoch2(NODE0) | ep_epoch0(NODE1) | ep_epoch1(NODE1) | ep_epoch4(NODE0) | held(NODE1) | locked_epoch5(NODE0) | transfer_epoch4(NODE0) | transfer_epoch4(NODE1) | transfer_epoch5(NODE0) | transfer_epoch5(NODE1) | NODE0 = NODE1","13","----0-00-----0----1-----0---------0000","11","396","7","0301110420","0301110420","e0h0l1l0t0","----0-00----","-0","----1-----0-","--------0000","0","3","0","1","1","1","0","4","2","0"
"1622","10","forall NODE1,NODE0. ~locked_epoch2(NODE0) | ep_epoch0(NODE1) | ep_epoch1(NODE1) | ep_epoch5(NODE0) | held(NODE1) | locked_epoch4(NODE0) | transfer_epoch4(NODE0) | transfer_epoch4(NODE1) | transfer_epoch5(NODE0) | transfer_epoch5(NODE1) | NODE0 = NODE1","13","-----000-----0----1---0-----------0000","11","396","7","0301110420","0301110420","e0h0l1l0t0","-----000----","-0","----1---0---","--------0000","0","3","0","1","1","1","0","4","2","0"
"1623","10","forall NODE1,NODE0. ~locked_epoch2(NODE0) | ep_epoch0(NODE1) | ep_epoch1(NODE1) | held(NODE1) | locked_epoch4(NODE0) | locked_epoch5(NODE0) | transfer_epoch4(NODE0) | transfer_epoch4(NODE1) | transfer_epoch5(NODE0) | transfer_epoch5(NODE1) | NODE0 = NODE1","13","------00-----0----1---0-0---------0000","11","388","5","0201120420","0201120420","e0h0l1l0t0","------00----","-0","----1---0-0-","--------0000","0","2","0","1","1","2","0","4","2","0"
"1624","10","forall NODE1,NODE0. ~locked_epoch2(NODE0) | ep_epoch3(NODE0) | ep_epoch3(NODE1) | ep_epoch4(NODE1) | ep_epoch5(NODE1) | held(NODE0) | transfer_epoch3(NODE0) | transfer_epoch3(NODE1) | transfer_epoch5(NODE0) | transfer_epoch5(NODE1) | NODE0 = NODE1","13","---0-----0000-----1-------------00--00","11","402","3","0401100420","0401100420","e0h0l1t0","---0-----000","0-","----1-------","------00--00","0","4","0","1","1","0","0","4","2","0"
"1625","10","forall NODE1,NODE0. ~locked_epoch2(NODE0) | ep_epoch3(NODE0) | ep_epoch3(NODE1) | ep_epoch4(NODE1) | held(NODE0) | locked_epoch5(NODE1) | transfer_epoch3(NODE0) | transfer_epoch3(NODE1) | transfer_epoch5(NODE0) | transfer_epoch5(NODE1) | NODE0 = NODE1","13","---0-----00-0-----1------0------00--00","11","396","7","0301110420","0301110420","e0h0l1l0t0","---0-----00-","0-","----1------0","------00--00","0","3","0","1","1","1","0","4","2","0"
"1626","10","forall NODE1,NODE0. ~locked_epoch2(NODE0) | ep_epoch3(NODE0) | ep_epoch3(NODE1) | ep_epoch5(NODE1) | held(NODE0) | locked_epoch4(NODE1) | transfer_epoch3(NODE0) | transfer_epoch3(NODE1) | transfer_epoch5(NODE0) | transfer_epoch5(NODE1) | NODE0 = NODE1","13","---0-----0-00-----1----0--------00--00","11","396","7","0301110420","0301110420","e0h0l1l0t0","---0-----0-0","0-","----1----0--","------00--00","0","3","0","1","1","1","0","4","2","0"
"1627","10","forall NODE1,NODE0. ~locked_epoch2(NODE0) | ep_epoch3(NODE0) | ep_epoch3(NODE1) | held(NODE0) | locked_epoch4(NODE1) | locked_epoch5(NODE1) | transfer_epoch3(NODE0) | transfer_epoch3(NODE1) | transfer_epoch5(NODE0) | transfer_epoch5(NODE1) | NODE0 = NODE1","13","---0-----0--0-----1----0-0------00--00","11","388","5","0201120420","0201120420","e0h0l1l0t0","---0-----0--","0-","----1----0-0","------00--00","0","2","0","1","1","2","0","4","2","0"
"1628","10","forall NODE1,NODE0. ~locked_epoch2(NODE0) | ep_epoch3(NODE1) | ep_epoch4(NODE0) | ep_epoch4(NODE1) | ep_epoch5(NODE1) | held(NODE0) | transfer_epoch3(NODE0) | transfer_epoch3(NODE1) | transfer_epoch4(NODE0) | transfer_epoch4(NODE1) | NODE0 = NODE1","13","----0----0000-----1-------------0000--","11","402","3","0401100420","0401100420","e0h0l1t0","----0----000","0-","----1-------","------0000--","0","4","0","1","1","0","0","4","2","0"
"1629","10","forall NODE1,NODE0. ~locked_epoch2(NODE0) | ep_epoch3(NODE1) | ep_epoch4(NODE0) | ep_epoch4(NODE1) | held(NODE0) | locked_epoch5(NODE1) | transfer_epoch3(NODE0) | transfer_epoch3(NODE1) | transfer_epoch4(NODE0) | transfer_epoch4(NODE1) | NODE0 = NODE1","13","----0----00-0-----1------0------0000--","11","396","7","0301110420","0301110420","e0h0l1l0t0","----0----00-","0-","----1------0","------0000--","0","3","0","1","1","1","0","4","2","0"
"1630","10","forall NODE1,NODE0. ~locked_epoch2(NODE0) | ep_epoch3(NODE1) | ep_epoch4(NODE1) | ep_epoch5(NODE1) | held(NODE0) | locked_epoch4(NODE0) | transfer_epoch3(NODE0) | transfer_epoch3(NODE1) | transfer_epoch4(NODE0) | transfer_epoch4(NODE1) | NODE0 = NODE1","13","---------0000-----1---0---------0000--","11","396","7","0301110420","0301110420","e0h0l1l0t0","---------000","0-","----1---0---","------0000--","0","3","0","1","1","1","0","4","2","0"
"1631","10","forall NODE1,NODE0. ~locked_epoch2(NODE0) | ep_epoch3(NODE1) | ep_epoch4(NODE1) | held(NODE0) | locked_epoch4(NODE0) | locked_epoch5(NODE1) | transfer_epoch3(NODE0) | transfer_epoch3(NODE1) | transfer_epoch4(NODE0) | transfer_epoch4(NODE1) | NODE0 = NODE1","13","---------00-0-----1---0--0------0000--","11","388","5","0201120420","0201120420","e0h0l1l0t0","---------00-","0-","----1---0--0","------0000--","0","2","0","1","1","2","0","4","2","0"
"1632","10","forall NODE1,NODE0. ~locked_epoch2(NODE0) | ep_epoch4(NODE0) | ep_epoch4(NODE1) | ep_epoch5(NODE1) | held(NODE0) | locked_epoch3(NODE1) | transfer_epoch3(NODE0) | transfer_epoch3(NODE1) | transfer_epoch4(NODE0) | transfer_epoch4(NODE1) | NODE0 = NODE1","13","----0-----000-----1--0----------0000--","11","396","7","0301110420","0301110420","e0h0l1l0t0","----0-----00","0-","----1--0----","------0000--","0","3","0","1","1","1","0","4","2","0"
"1633","10","forall NODE1,NODE0. ~locked_epoch2(NODE0) | ep_epoch4(NODE0) | ep_epoch4(NODE1) | held(NODE0) | locked_epoch3(NODE1) | locked_epoch5(NODE1) | transfer_epoch3(NODE0) | transfer_epoch3(NODE1) | transfer_epoch4(NODE0) | transfer_epoch4(NODE1) | NODE0 = NODE1","13","----0-----0-0-----1--0---0------0000--","11","388","5","0201120420","0201120420","e0h0l1l0t0","----0-----0-","0-","----1--0---0","------0000--","0","2","0","1","1","2","0","4","2","0"
"1634","10","forall NODE1,NODE0. ~locked_epoch2(NODE0) | ep_epoch4(NODE1) | ep_epoch5(NODE1) | held(NODE0) | locked_epoch3(NODE1) | locked_epoch4(NODE0) | transfer_epoch3(NODE0) | transfer_epoch3(NODE1) | transfer_epoch4(NODE0) | transfer_epoch4(NODE1) | NODE0 = NODE1","13","----------000-----1--00---------0000--","11","388","5","0201120420","0201120420","e0h0l1l0t0","----------00","0-","----1--00---","------0000--","0","2","0","1","1","2","0","4","2","0"
"1635","10","forall NODE1,NODE0. ~locked_epoch2(NODE0) | ep_epoch4(NODE1) | held(NODE0) | locked_epoch3(NODE1) | locked_epoch4(NODE0) | locked_epoch5(NODE1) | transfer_epoch3(NODE0) | transfer_epoch3(NODE1) | transfer_epoch4(NODE0) | transfer_epoch4(NODE1) | NODE0 = NODE1","13","----------0-0-----1--00--0------0000--","11","381","1","0101130420","0101130420","e0h0l1l0t0","----------0-","0-","----1--00--0","------0000--","0","1","0","1","1","3","0","4","2","0"
"1636","1","exists NODE0. ep_epoch0(NODE0) | ep_epoch1(NODE0) | ep_epoch2(NODE0) | ep_epoch3(NODE0) | ep_epoch4(NODE0)","6","00000-00000---------------------------","5","62","6","e0","01000000001","e0","00000-00000-","--","------------","------------","0","10","0","0","0","0","0","0","0","1"
"1637","1","exists NODE0. ep_epoch0(NODE0) | ep_epoch1(NODE0) | ep_epoch2(NODE0) | ep_epoch3(NODE0) | ep_epoch5(NODE0)","6","0000-00000-0--------------------------","5","62","6","e0","01000000001","e0","0000-00000-0","--","------------","------------","0","10","0","0","0","0","0","0","0","1"
"1638","10","forall NODE1,NODE0. ep_epoch0(NODE0) | ep_epoch0(NODE1) | ep_epoch1(NODE0) | ep_epoch1(NODE1) | ep_epoch2(NODE0) | ep_epoch2(NODE1) | ep_epoch3(NODE0) | ep_epoch3(NODE1) | ep_epoch5(NODE1) | held(NODE0) | NODE0 = NODE1","13","0000-00000---0------------------------","11","413","5","0901000020","0901000020","e0h0","0000-00000--","-0","------------","------------","0","9","0","1","0","0","0","0","2","0"
"1639","10","forall NODE1,NODE0. ep_epoch0(NODE0) | ep_epoch0(NODE1) | ep_epoch1(NODE0) | ep_epoch1(NODE1) | ep_epoch2(NODE0) | ep_epoch2(NODE1) | ep_epoch3(NODE0) | ep_epoch3(NODE1) | ep_epoch5(NODE0) | locked_epoch5(NODE1) | NODE0 = NODE1","13","0000-00000---------------0------------","11","412","5","0900010020","0900010020","e0l0","0000-00000--","--","-----------0","------------","0","9","0","0","0","1","0","0","2","0"
"1640","2","exists NODE0. ep_epoch0(NODE0) | ep_epoch1(NODE0) | ep_epoch2(NODE0) | ep_epoch3(NODE0) | held(NODE0)","6","0000--0000--00------------------------","5","61","5","e0h0","0802000001","e0h0","0000--0000--","00","------------","------------","0","8","0","2","0","0","0","0","0","1"
"1641","10","forall NODE1,NODE0. ep_epoch0(NODE0) | ep_epoch0(NODE1) | ep_epoch1(NODE0) | ep_epoch1(NODE1) | ep_epoch2(NODE0) | ep_epoch2(NODE1) | ep_epoch3(NODE0) | ep_epoch3(NODE1) | held(NODE0) | locked_epoch5(NODE1) | NODE0 = NODE1","13","0000--0000--0------------0------------","11","411","5","0801010020","0801010020","e0h0l0","0000--0000--","0-","-----------0","------------","0","8","0","1","0","1","0","0","2","0"
"1642","2","exists NODE0. ep_epoch0(NODE0) | ep_epoch1(NODE0) | ep_epoch2(NODE0) | ep_epoch3(NODE0) | locked_epoch5(NODE0)","6","0000--0000--------------00------------","5","60","5","e0l0","0800020001","e0l0","0000--0000--","--","----------00","------------","0","8","0","0","0","2","0","0","0","1"
"1643","1","exists NODE0. ep_epoch0(NODE0) | ep_epoch1(NODE0) | ep_epoch2(NODE0) | ep_epoch4(NODE0) | ep_epoch5(NODE0)","6","000-00000-00--------------------------","5","62","6","e0","01000000001","e0","000-00000-00","--","------------","------------","0","10","0","0","0","0","0","0","0","1"
"1644","10","forall NODE1,NODE0. ep_epoch0(NODE0) | ep_epoch0(NODE1) | ep_epoch1(NODE0) | ep_epoch1(NODE1) | ep_epoch2(NODE0) | ep_epoch2(NODE1) | ep_epoch4(NODE0) | ep_epoch4(NODE1) | ep_epoch5(NODE1) | held(NODE0) | NODE0 = NODE1","13","000-00000-0--0------------------------","11","413","5","0901000020","0901000020","e0h0","000-00000-0-","-0","------------","------------","0","9","0","1","0","0","0","0","2","0"
"1645","10","forall NODE1,NODE0. ep_epoch0(NODE0) | ep_epoch0(NODE1) | ep_epoch1(NODE0) | ep_epoch1(NODE1) | ep_epoch2(NODE0) | ep_epoch2(NODE1) | ep_epoch4(NODE0) | ep_epoch4(NODE1) | ep_epoch5(NODE0) | locked_epoch5(NODE1) | NODE0 = NODE1","13","000-00000-0--------------0------------","11","412","5","0900010020","0900010020","e0l0","000-00000-0-","--","-----------0","------------","0","9","0","0","0","1","0","0","2","0"
"1646","2","exists NODE0. ep_epoch0(NODE0) | ep_epoch1(NODE0) | ep_epoch2(NODE0) | ep_epoch4(NODE0) | held(NODE0)","6","000-0-000-0-00------------------------","5","61","5","e0h0","0802000001","e0h0","000-0-000-0-","00","------------","------------","0","8","0","2","0","0","0","0","0","1"
"1647","10","forall NODE1,NODE0. ep_epoch0(NODE0) | ep_epoch0(NODE1) | ep_epoch1(NODE0) | ep_epoch1(NODE1) | ep_epoch2(NODE0) | ep_epoch2(NODE1) | ep_epoch4(NODE0) | ep_epoch4(NODE1) | held(NODE0) | locked_epoch5(NODE1) | NODE0 = NODE1","13","000-0-000-0-0------------0------------","11","411","5","0801010020","0801010020","e0h0l0","000-0-000-0-","0-","-----------0","------------","0","8","0","1","0","1","0","0","2","0"
"1648","2","exists NODE0. ep_epoch0(NODE0) | ep_epoch1(NODE0) | ep_epoch2(NODE0) | ep_epoch4(NODE0) | locked_epoch5(NODE0)","6","000-0-000-0-------------00------------","5","60","5","e0l0","0800020001","e0l0","000-0-000-0-","--","----------00","------------","0","8","0","0","0","2","0","0","0","1"
"1649","3","exists NODE0. ep_epoch0(NODE0) | ep_epoch1(NODE0) | ep_epoch2(NODE0) | held(NODE0) | transfer_epoch5(NODE0)","6","000---000---00----------------------00","5","59","10","e0h0t0","0602000201","e0h0t0","000---000---","00","------------","----------00","0","6","0","2","0","0","0","2","0","1"
"1650","1","exists NODE0. ep_epoch0(NODE0) | ep_epoch1(NODE0) | ep_epoch3(NODE0) | ep_epoch4(NODE0) | ep_epoch5(NODE0)","6","00-00000-000--------------------------","5","62","6","e0","01000000001","e0","00-00000-000","--","------------","------------","0","10","0","0","0","0","0","0","0","1"
"1651","10","forall NODE1,NODE0. ep_epoch0(NODE0) | ep_epoch0(NODE1) | ep_epoch1(NODE0) | ep_epoch1(NODE1) | ep_epoch3(NODE0) | ep_epoch3(NODE1) | ep_epoch4(NODE0) | ep_epoch4(NODE1) | ep_epoch5(NODE1) | held(NODE0) | NODE0 = NODE1","13","00-00000-00--0------------------------","11","413","5","0901000020","0901000020","e0h0","00-00000-00-","-0","------------","------------","0","9","0","1","0","0","0","0","2","0"
"1652","10","forall NODE1,NODE0. ep_epoch0(NODE0) | ep_epoch0(NODE1) | ep_epoch1(NODE0) | ep_epoch1(NODE1) | ep_epoch3(NODE0) | ep_epoch3(NODE1) | ep_epoch4(NODE0) | ep_epoch4(NODE1) | ep_epoch5(NODE0) | locked_epoch5(NODE1) | NODE0 = NODE1","13","00-00000-00--------------0------------","11","412","5","0900010020","0900010020","e0l0","00-00000-00-","--","-----------0","------------","0","9","0","0","0","1","0","0","2","0"
"1653","2","exists NODE0. ep_epoch0(NODE0) | ep_epoch1(NODE0) | ep_epoch3(NODE0) | ep_epoch4(NODE0) | held(NODE0)","6","00-00-00-00-00------------------------","5","61","5","e0h0","0802000001","e0h0","00-00-00-00-","00","------------","------------","0","8","0","2","0","0","0","0","0","1"
"1654","10","forall NODE1,NODE0. ep_epoch0(NODE0) | ep_epoch0(NODE1) | ep_epoch1(NODE0) | ep_epoch1(NODE1) | ep_epoch3(NODE0) | ep_epoch3(NODE1) | ep_epoch4(NODE0) | ep_epoch4(NODE1) | held(NODE0) | locked_epoch5(NODE1) | NODE0 = NODE1","13","00-00-00-00-0------------0------------","11","411","5","0801010020","0801010020","e0h0l0","00-00-00-00-","0-","-----------0","------------","0","8","0","1","0","1","0","0","2","0"
"1655","2","exists NODE0. ep_epoch0(NODE0) | ep_epoch1(NODE0) | ep_epoch3(NODE0) | ep_epoch4(NODE0) | locked_epoch5(NODE0)","6","00-00-00-00-------------00------------","5","60","5","e0l0","0800020001","e0l0","00-00-00-00-","--","----------00","------------","0","8","0","0","0","2","0","0","0","1"
"1656","3","exists NODE0. ep_epoch0(NODE0) | ep_epoch1(NODE0) | ep_epoch3(NODE0) | held(NODE0) | transfer_epoch5(NODE0)","6","00-0--00-0--00----------------------00","5","59","10","e0h0t0","0602000201","e0h0t0","00-0--00-0--","00","------------","----------00","0","6","0","2","0","0","0","2","0","1"
"1657","10","forall NODE1,NODE0. ep_epoch0(NODE0) | ep_epoch0(NODE1) | ep_epoch1(NODE0) | ep_epoch1(NODE1) | ep_epoch3(NODE1) | ep_epoch4(NODE0) | held(NODE0) | locked_epoch4(NODE1) | transfer_epoch4(NODE0) | transfer_epoch4(NODE1) | NODE0 = NODE1","13","00-0--00--0--0--------0-----------00--","11","408","18","0601010220","0601010220","e0h0l0t0","00-0--00--0-","-0","--------0---","--------00--","0","6","0","1","0","1","0","2","2","0"
"1658","10","forall NODE1,NODE0. ep_epoch0(NODE0) | ep_epoch0(NODE1) | ep_epoch1(NODE0) | ep_epoch1(NODE1) | ep_epoch3(NODE0) | ep_epoch5(NODE1) | held(NODE0) | locked_epoch3(NODE1) | transfer_epoch5(NODE0) | transfer_epoch5(NODE1) | NODE0 = NODE1","13","00-0--00---00--------0--------------00","11","408","18","0601010220","0601010220","e0h0l0t0","00-0--00---0","0-","-------0----","----------00","0","6","0","1","0","1","0","2","2","0"
"1659","10","forall NODE1,NODE0. ep_epoch0(NODE0) | ep_epoch0(NODE1) | ep_epoch1(NODE0) | ep_epoch1(NODE1) | ep_epoch3(NODE0) | held(NODE0) | held(NODE1) | locked_epoch3(NODE1) | transfer_epoch5(NODE0) | transfer_epoch5(NODE1) | NODE0 = NODE1","13","00-0--00----00-------0--------------00","11","407","12","0502010220","0502010220","e0h0l0t0","00-0--00----","00","-------0----","----------00","0","5","0","2","0","1","0","2","2","0"
"1660","10","forall NODE1,NODE0. ep_epoch0(NODE0) | ep_epoch0(NODE1) | ep_epoch1(NODE0) | ep_epoch1(NODE1) | ep_epoch3(NODE0) | held(NODE0) | locked_epoch3(NODE1) | locked_epoch5(NODE1) | transfer_epoch5(NODE0) | transfer_epoch5(NODE1) | NODE0 = NODE1","13","00-0--00----0--------0---0----------00","11","406","34","0501020220","0501020220","e0h0l0t0","00-0--00----","0-","-------0---0","----------00","0","5","0","1","0","2","0","2","2","0"
"1661","10","forall NODE1,NODE0. ep_epoch0(NODE0) | ep_epoch0(NODE1) | ep_epoch1(NODE0) | ep_epoch1(NODE1) | ep_epoch3(NODE0) | held(NODE1) | locked_epoch4(NODE0) | locked_epoch4(NODE1) | transfer_epoch4(NODE0) | transfer_epoch4(NODE1) | NODE0 = NODE1","13","00-0--00-----0--------00----------00--","11","406","34","0501020220","0501020220","e0h0l0t0","00-0--00----","-0","--------00--","--------00--","0","5","0","1","0","2","0","2","2","0"
"1662","3","exists NODE0. ep_epoch0(NODE0) | ep_epoch1(NODE0) | ep_epoch4(NODE0) | held(NODE0) | transfer_epoch4(NODE0)","6","00--0-00--0-00--------------------00--","5","59","10","e0h0t0","0602000201","e0h0t0","00--0-00--0-","00","------------","--------00--","0","6","0","2","0","0","0","2","0","1"
"1663","10","forall NODE1,NODE0. ep_epoch0(NODE0) | ep_epoch0(NODE1) | ep_epoch1(NODE0) | ep_epoch1(NODE1) | ep_epoch4(NODE0) | held(NODE0) | held(NODE1) | locked_epoch4(NODE1) | transfer_epoch4(NODE0) | transfer_epoch4(NODE1) | NODE0 = NODE1","13","00--0-00----00---------0----------00--","11","407","12","0502010220","0502010220","e0h0l0t0","00--0-00----","00","---------0--","--------00--","0","5","0","2","0","1","0","2","2","0"
"1664","10","forall NODE1,NODE0. ep_epoch0(NODE0) | ep_epoch0(NODE1) | ep_epoch1(NODE0) | ep_epoch1(NODE1) | ep_epoch4(NODE0) | held(NODE0) | locked_epoch3(NODE1) | locked_epoch4(NODE1) | transfer_epoch4(NODE0) | transfer_epoch4(NODE1) | NODE0 = NODE1","13","00--0-00----0--------0-0----------00--","11","406","34","0501020220","0501020220","e0h0l0t0","00--0-00----","0-","-------0-0--","--------00--","0","5","0","1","0","2","0","2","2","0"
"1665","4","exists NODE0. ep_epoch0(NODE0) | ep_epoch1(NODE0) | held(NODE0) | locked_epoch4(NODE0) | transfer_epoch4(NODE0)","6","00----00----00--------00----------00--","5","58","6","e0h0l0t0","0402020201","e0h0l0t0","00----00----","00","--------00--","--------00--","0","4","0","2","0","2","0","2","0","1"
"1666","3","exists NODE0. ep_epoch0(NODE0) | ep_epoch1(NODE0) | held(NODE0) | transfer_epoch4(NODE0) | transfer_epoch5(NODE0)","6","00----00----00--------------------0000","5","57","10","e0h0t0","0402000401","e0h0t0","00----00----","00","------------","--------0000","0","4","0","2","0","0","0","4","0","1"
"1667","10","forall NODE1,NODE0. ep_epoch0(NODE0) | ep_epoch0(NODE1) | ep_epoch1(NODE0) | ep_epoch1(NODE1) | held(NODE1) | locked_epoch3(NODE0) | locked_epoch4(NODE0) | locked_epoch4(NODE1) | transfer_epoch4(NODE0) | transfer_epoch4(NODE1) | NODE0 = NODE1","13","00----00----0--------000----------00--","11","401","21","0401030220","0401030220","e0h0l0t0","00----00----","0-","-------000--","--------00--","0","4","0","1","0","3","0","2","2","0"
"1668","1","exists NODE0. ep_epoch0(NODE0) | ep_epoch2(NODE0) | ep_epoch3(NODE0) | ep_epoch4(NODE0) | ep_epoch5(NODE0)","6","0-00000-0000--------------------------","5","62","6","e0","01000000001","e0","0-00000-0000","--","------------","------------","0","10","0","0","0","0","0","0","0","1"
"1669","10","forall NODE1,NODE0. ep_epoch0(NODE0) | ep_epoch0(NODE1) | ep_epoch2(NODE0) | ep_epoch2(NODE1) | ep_epoch3(NODE0) | ep_epoch3(NODE1) | ep_epoch4(NODE0) | ep_epoch4(NODE1) | ep_epoch5(NODE0) | held(NODE1) | NODE0 = NODE1","13","0-00000-000--0------------------------","11","413","5","0901000020","0901000020","e0h0","0-00000-000-","-0","------------","------------","0","9","0","1","0","0","0","0","2","0"
"1670","10","forall NODE1,NODE0. ep_epoch0(NODE0) | ep_epoch0(NODE1) | ep_epoch2(NODE0) | ep_epoch2(NODE1) | ep_epoch3(NODE0) | ep_epoch3(NODE1) | ep_epoch4(NODE0) | ep_epoch4(NODE1) | ep_epoch5(NODE0) | locked_epoch5(NODE1) | NODE0 = NODE1","13","0-00000-000--------------0------------","11","412","5","0900010020","0900010020","e0l0","0-00000-000-","--","-----------0","------------","0","9","0","0","0","1","0","0","2","0"
"1671","2","exists NODE0. ep_epoch0(NODE0) | ep_epoch2(NODE0) | ep_epoch3(NODE0) | ep_epoch4(NODE0) | held(NODE0)","6","0-000-0-000-00------------------------","5","61","5","e0h0","0802000001","e0h0","0-000-0-000-","00","------------","------------","0","8","0","2","0","0","0","0","0","1"
"1672","10","forall NODE1,NODE0. ep_epoch0(NODE0) | ep_epoch0(NODE1) | ep_epoch2(NODE0) | ep_epoch2(NODE1) | ep_epoch3(NODE0) | ep_epoch3(NODE1) | ep_epoch4(NODE0) | ep_epoch4(NODE1) | held(NODE1) | locked_epoch5(NODE0) | NODE0 = NODE1","13","0-000-0-000-0------------0------------","11","411","5","0801010020","0801010020","e0h0l0","0-000-0-000-","0-","-----------0","------------","0","8","0","1","0","1","0","0","2","0"
"1673","2","exists NODE0. ep_epoch0(NODE0) | ep_epoch2(NODE0) | ep_epoch3(NODE0) | ep_epoch4(NODE0) | locked_epoch5(NODE0)","6","0-000-0-000-------------00------------","5","60","5","e0l0","0800020001","e0l0","0-000-0-000-","--","----------00","------------","0","8","0","0","0","2","0","0","0","1"
"1674","3","exists NODE0. ep_epoch0(NODE0) | ep_epoch2(NODE0) | ep_epoch3(NODE0) | held(NODE0) | transfer_epoch5(NODE0)","6","0-00--0-00--00----------------------00","5","59","10","e0h0t0","0602000201","e0h0t0","0-00--0-00--","00","------------","----------00","0","6","0","2","0","0","0","2","0","1"
"1675","10","forall NODE1,NODE0. ep_epoch0(NODE0) | ep_epoch0(NODE1) | ep_epoch2(NODE0) | ep_epoch2(NODE1) | ep_epoch3(NODE0) | ep_epoch4(NODE1) | held(NODE1) | locked_epoch4(NODE0) | transfer_epoch4(NODE0) | transfer_epoch4(NODE1) | NODE0 = NODE1","13","0-00--0-0-0--0--------0-----------00--","11","408","18","0601010220","0601010220","e0h0l0t0","0-00--0-0-0-","-0","--------0---","--------00--","0","6","0","1","0","1","0","2","2","0"
"1676","10","forall NODE1,NODE0. ep_epoch0(NODE0) | ep_epoch0(NODE1) | ep_epoch2(NODE0) | ep_epoch2(NODE1) | ep_epoch3(NODE1) | ep_epoch5(NODE0) | held(NODE1) | locked_epoch3(NODE0) | transfer_epoch5(NODE0) | transfer_epoch5(NODE1) | NODE0 = NODE1","13","0-00--0-0--00--------0--------------00","11","408","18","0601010220","0601010220","e0h0l0t0","0-00--0-0--0","0-","-------0----","----------00","0","6","0","1","0","1","0","2","2","0"
"1677","10","forall NODE1,NODE0. ep_epoch0(NODE0) | ep_epoch0(NODE1) | ep_epoch2(NODE0) | ep_epoch2(NODE1) | ep_epoch3(NODE0) | held(NODE0) | held(NODE1) | locked_epoch3(NODE1) | transfer_epoch5(NODE0) | transfer_epoch5(NODE1) | NODE0 = NODE1","13","0-00--0-0---00-------0--------------00","11","407","12","0502010220","0502010220","e0h0l0t0","0-00--0-0---","00","-------0----","----------00","0","5","0","2","0","1","0","2","2","0"
"1678","10","forall NODE1,NODE0. ep_epoch0(NODE0) | ep_epoch0(NODE1) | ep_epoch2(NODE0) | ep_epoch2(NODE1) | ep_epoch3(NODE1) | held(NODE1) | locked_epoch3(NODE0) | locked_epoch5(NODE0) | transfer_epoch5(NODE0) | transfer_epoch5(NODE1) | NODE0 = NODE1","13","0-00--0-0---0--------0---0----------00","11","406","34","0501020220","0501020220","e0h0l0t0","0-00--0-0---","0-","-------0---0","----------00","0","5","0","1","0","2","0","2","2","0"
"1679","10","forall NODE1,NODE0. ep_epoch0(NODE0) | ep_epoch0(NODE1) | ep_epoch2(NODE0) | ep_epoch2(NODE1) | ep_epoch3(NODE0) | held(NODE1) | locked_epoch4(NODE0) | locked_epoch4(NODE1) | transfer_epoch4(NODE0) | transfer_epoch4(NODE1) | NODE0 = NODE1","13","0-00--0-0----0--------00----------00--","11","406","34","0501020220","0501020220","e0h0l0t0","0-00--0-0---","-0","--------00--","--------00--","0","5","0","1","0","2","0","2","2","0"
"1680","3","exists NODE0. ep_epoch0(NODE0) | ep_epoch2(NODE0) | ep_epoch4(NODE0) | held(NODE0) | transfer_epoch4(NODE0)","6","0-0-0-0-0-0-00--------------------00--","5","59","10","e0h0t0","0602000201","e0h0t0","0-0-0-0-0-0-","00","------------","--------00--","0","6","0","2","0","0","0","2","0","1"
"1681","10","forall NODE1,NODE0. ep_epoch0(NODE0) | ep_epoch0(NODE1) | ep_epoch2(NODE0) | ep_epoch2(NODE1) | ep_epoch4(NODE0) | held(NODE0) | held(NODE1) | locked_epoch4(NODE1) | transfer_epoch4(NODE0) | transfer_epoch4(NODE1) | NODE0 = NODE1","13","0-0-0-0-0---00---------0----------00--","11","407","12","0502010220","0502010220","e0h0l0t0","0-0-0-0-0---","00","---------0--","--------00--","0","5","0","2","0","1","0","2","2","0"
"1682","10","forall NODE1,NODE0. ep_epoch0(NODE0) | ep_epoch0(NODE1) | ep_epoch2(NODE0) | ep_epoch2(NODE1) | ep_epoch4(NODE1) | held(NODE1) | locked_epoch3(NODE0) | locked_epoch4(NODE0) | transfer_epoch4(NODE0) | transfer_epoch4(NODE1) | NODE0 = NODE1","13","0-0-0-0-0---0--------0-0----------00--","11","406","34","0501020220","0501020220","e0h0l0t0","0-0-0-0-0---","0-","-------0-0--","--------00--","0","5","0","1","0","2","0","2","2","0"
"1683","4","exists NODE0. ep_epoch0(NODE0) | ep_epoch2(NODE0) | held(NODE0) | locked_epoch4(NODE0) | transfer_epoch4(NODE0)","6","0-0---0-0---00--------00----------00--","5","58","6","e0h0l0t0","0402020201","e0h0l0t0","0-0---0-0---","00","--------00--","--------00--","0","4","0","2","0","2","0","2","0","1"
"1684","3","exists NODE0. ep_epoch0(NODE0) | ep_epoch2(NODE0) | held(NODE0) | transfer_epoch4(NODE0) | transfer_epoch5(NODE0)","6","0-0---0-0---00--------------------0000","5","57","10","e0h0t0","0402000401","e0h0t0","0-0---0-0---","00","------------","--------0000","0","4","0","2","0","0","0","4","0","1"
"1685","10","forall NODE1,NODE0. ep_epoch0(NODE0) | ep_epoch0(NODE1) | ep_epoch2(NODE0) | ep_epoch2(NODE1) | held(NODE1) | locked_epoch3(NODE0) | locked_epoch4(NODE0) | locked_epoch4(NODE1) | transfer_epoch4(NODE0) | transfer_epoch4(NODE1) | NODE0 = NODE1","13","0-0---0-0---0--------000----------00--","11","401","21","0401030220","0401030220","e0h0l0t0","0-0---0-0---","0-","-------000--","--------00--","0","4","0","1","0","3","0","2","2","0"
"1686","10","forall NODE1,NODE0. ep_epoch0(NODE0) | ep_epoch0(NODE1) | ep_epoch2(NODE0) | ep_epoch3(NODE0) | ep_epoch3(NODE1) | ep_epoch4(NODE1) | held(NODE1) | locked_epoch4(NODE0) | transfer_epoch3(NODE0) | transfer_epoch3(NODE1) | NODE0 = NODE1","13","0-00--0--00--0--------0---------00----","11","408","18","0601010220","0601010220","e0h0l0t0","0-00--0--00-","-0","--------0---","------00----","0","6","0","1","0","1","0","2","2","0"
"1687","10","forall NODE1,NODE0. ep_epoch0(NODE0) | ep_epoch0(NODE1) | ep_epoch2(NODE0) | ep_epoch3(NODE0) | ep_epoch3(NODE1) | held(NODE1) | locked_epoch4(NODE0) | locked_epoch4(NODE1) | transfer_epoch3(NODE0) | transfer_epoch3(NODE1) | NODE0 = NODE1","13","0-00--0--0---0--------00--------00----","11","406","34","0501020220","0501020220","e0h0l0t0","0-00--0--0--","-0","--------00--","------00----","0","5","0","1","0","2","0","2","2","0"
"1688","10","forall NODE1,NODE0. ep_epoch0(NODE0) | ep_epoch0(NODE1) | ep_epoch2(NODE0) | ep_epoch3(NODE0) | ep_epoch4(NODE0) | ep_epoch5(NODE0) | held(NODE1) | locked_epoch3(NODE1) | transfer_epoch3(NODE0) | transfer_epoch3(NODE1) | NODE0 = NODE1","13","0-00000------0-------0----------00----","11","408","18","0601010220","0601010220","e0h0l0t0","0-00000-----","-0","-------0----","------00----","0","6","0","1","0","1","0","2","2","0"
"1689","10","forall NODE1,NODE0. ep_epoch0(NODE0) | ep_epoch0(NODE1) | ep_epoch2(NODE0) | ep_epoch3(NODE0) | ep_epoch4(NODE0) | held(NODE1) | locked_epoch3(NODE1) | locked_epoch5(NODE0) | transfer_epoch3(NODE0) | transfer_epoch3(NODE1) | NODE0 = NODE1","13","0-000-0------0-------0--0-------00----","11","406","34","0501020220","0501020220","e0h0l0t0","0-000-0-----","-0","-------0--0-","------00----","0","5","0","1","0","2","0","2","2","0"
"1690","10","forall NODE1,NODE0. ep_epoch0(NODE0) | ep_epoch0(NODE1) | ep_epoch2(NODE0) | ep_epoch3(NODE0) | ep_epoch4(NODE1) | held(NODE1) | locked_epoch3(NODE1) | locked_epoch4(NODE0) | transfer_epoch3(NODE0) | transfer_epoch3(NODE1) | NODE0 = NODE1","13","0-00--0---0--0-------00---------00----","11","406","34","0501020220","0501020220","e0h0l0t0","0-00--0---0-","-0","-------00---","------00----","0","5","0","1","0","2","0","2","2","0"
"1691","10","forall NODE1,NODE0. ep_epoch0(NODE0) | ep_epoch0(NODE1) | ep_epoch2(NODE0) | ep_epoch3(NODE0) | ep_epoch5(NODE0) | held(NODE1) | locked_epoch3(NODE1) | locked_epoch4(NODE0) | transfer_epoch3(NODE0) | transfer_epoch3(NODE1) | NODE0 = NODE1","13","0-00-00------0-------00---------00----","11","406","34","0501020220","0501020220","e0h0l0t0","0-00-00-----","-0","-------00---","------00----","0","5","0","1","0","2","0","2","2","0"
"1692","10","forall NODE1,NODE0. ep_epoch0(NODE0) | ep_epoch0(NODE1) | ep_epoch2(NODE0) | ep_epoch3(NODE0) | held(NODE1) | locked_epoch3(NODE1) | locked_epoch4(NODE0) | locked_epoch4(NODE1) | transfer_epoch3(NODE0) | transfer_epoch3(NODE1) | NODE0 = NODE1","13","0-00--0------0-------000--------00----","11","401","21","0401030220","0401030220","e0h0l0t0","0-00--0-----","-0","-------000--","------00----","0","4","0","1","0","3","0","2","2","0"
"1693","10","forall NODE1,NODE0. ep_epoch0(NODE0) | ep_epoch0(NODE1) | ep_epoch2(NODE0) | ep_epoch3(NODE0) | held(NODE1) | locked_epoch3(NODE1) | locked_epoch4(NODE0) | locked_epoch5(NODE0) | transfer_epoch3(NODE0) | transfer_epoch3(NODE1) | NODE0 = NODE1","13","0-00--0------0-------00-0-------00----","11","401","21","0401030220","0401030220","e0h0l0t0","0-00--0-----","-0","-------00-0-","------00----","0","4","0","1","0","3","0","2","2","0"
"1694","10","forall NODE1,NODE0. ep_epoch0(NODE0) | ep_epoch0(NODE1) | ep_epoch2(NODE1) | ep_epoch4(NODE0) | ep_epoch4(NODE1) | ep_epoch5(NODE0) | held(NODE1) | locked_epoch2(NODE0) | transfer_epoch4(NODE0) | transfer_epoch4(NODE1) | NODE0 = NODE1","13","0-0-0-0---000------0--------------00--","11","408","18","0601010220","0601010220","e0h0l0t0","0-0-0-0---00","0-","-----0------","--------00--","0","6","0","1","0","1","0","2","2","0"
"1695","10","forall NODE1,NODE0. ep_epoch0(NODE0) | ep_epoch0(NODE1) | ep_epoch2(NODE0) | ep_epoch4(NODE0) | ep_epoch4(NODE1) | held(NODE0) | held(NODE1) | locked_epoch2(NODE1) | transfer_epoch4(NODE0) | transfer_epoch4(NODE1) | NODE0 = NODE1","13","0-0-0-0---0-00-----0--------------00--","11","407","12","0502010220","0502010220","e0h0l0t0","0-0-0-0---0-","00","-----0------","--------00--","0","5","0","2","0","1","0","2","2","0"
"1696","10","forall NODE1,NODE0. ep_epoch0(NODE0) | ep_epoch0(NODE1) | ep_epoch2(NODE1) | ep_epoch4(NODE0) | ep_epoch4(NODE1) | held(NODE1) | locked_epoch2(NODE0) | locked_epoch5(NODE0) | transfer_epoch4(NODE0) | transfer_epoch4(NODE1) | NODE0 = NODE1","13","0-0-0-0---0-0------0-----0--------00--","11","406","34","0501020220","0501020220","e0h0l0t0","0-0-0-0---0-","0-","-----0-----0","--------00--","0","5","0","1","0","2","0","2","2","0"
"1697","10","forall NODE1,NODE0. ep_epoch0(NODE0) | ep_epoch0(NODE1) | ep_epoch2(NODE1) | ep_epoch4(NODE0) | ep_epoch5(NODE0) | held(NODE1) | locked_epoch2(NODE0) | locked_epoch4(NODE1) | transfer_epoch4(NODE0) | transfer_epoch4(NODE1) | NODE0 = NODE1","13","0-0---0---000------0--0-----------00--","11","406","34","0501020220","0501020220","e0h0l0t0","0-0---0---00","0-","-----0--0---","--------00--","0","5","0","1","0","2","0","2","2","0"
"1698","10","forall NODE1,NODE0. ep_epoch0(NODE0) | ep_epoch0(NODE1) | ep_epoch2(NODE0) | ep_epoch4(NODE1) | held(NODE0) | held(NODE1) | locked_epoch2(NODE1) | locked_epoch4(NODE0) | transfer_epoch4(NODE0) | transfer_epoch4(NODE1) | NODE0 = NODE1","13","0-0---0---0-00-----0--0-----------00--","11","404","2","0402020220","0402020220","e0h0l0t0","0-0---0---0-","00","-----0--0---","--------00--","0","4","0","2","0","2","0","2","2","0"
"1699","10","forall NODE1,NODE0. ep_epoch0(NODE0) | ep_epoch0(NODE1) | ep_epoch2(NODE1) | ep_epoch4(NODE0) | held(NODE1) | locked_epoch2(NODE0) | locked_epoch4(NODE1) | locked_epoch5(NODE0) | transfer_epoch4(NODE0) | transfer_epoch4(NODE1) | NODE0 = NODE1","13","0-0---0---0-0------0--0--0--------00--","11","401","21","0401030220","0401030220","e0h0l0t0","0-0---0---0-","0-","-----0--0--0","--------00--","0","4","0","1","0","3","0","2","2","0"
"1700","10","forall NODE1,NODE0. ep_epoch0(NODE0) | ep_epoch0(NODE1) | ep_epoch2(NODE0) | held(NODE0) | held(NODE1) | locked_epoch2(NODE1) | transfer_epoch4(NODE0) | transfer_epoch4(NODE1) | transfer_epoch5(NODE0) | transfer_epoch5(NODE1) | NODE0 = NODE1","13","0-0---0-----00-----0--------------0000","11","397","10","0302010420","0302010420","e0h0l0t0","0-0---0-----","00","-----0------","--------0000","0","3","0","2","0","1","0","4","2","0"
"1701","3","exists NODE0. ep_epoch0(NODE0) | ep_epoch3(NODE0) | ep_epoch4(NODE0) | held(NODE0) | transfer_epoch3(NODE0)","6","0--00-0--00-00------------------00----","5","59","10","e0h0t0","0602000201","e0h0t0","0--00-0--00-","00","------------","------00----","0","6","0","2","0","0","0","2","0","1"
"1702","10","forall NODE1,NODE0. ep_epoch0(NODE0) | ep_epoch0(NODE1) | ep_epoch3(NODE0) | ep_epoch3(NODE1) | ep_epoch4(NODE0) | held(NODE0) | held(NODE1) | locked_epoch4(NODE1) | transfer_epoch3(NODE0) | transfer_epoch3(NODE1) | NODE0 = NODE1","13","0--00-0--0--00---------0--------00----","11","407","12","0502010220","0502010220","e0h0l0t0","0--00-0--0--","00","---------0--","------00----","0","5","0","2","0","1","0","2","2","0"
"1703","10","forall NODE1,NODE0. ep_epoch0(NODE0) | ep_epoch0(NODE1) | ep_epoch3(NODE0) | ep_epoch3(NODE1) | ep_epoch4(NODE1) | held(NODE1) | locked_epoch2(NODE0) | locked_epoch4(NODE0) | transfer_epoch3(NODE0) | transfer_epoch3(NODE1) | NODE0 = NODE1","13","0--00-0--0--0------0---0--------00----","11","406","34","0501020220","0501020220","e0h0l0t0","0--00-0--0--","0-","-----0---0--","------00----","0","5","0","1","0","2","0","2","2","0"
"1704","4","exists NODE0. ep_epoch0(NODE0) | ep_epoch3(NODE0) | held(NODE0) | locked_epoch4(NODE0) | transfer_epoch3(NODE0)","6","0--0--0--0--00--------00--------00----","5","58","6","e0h0l0t0","0402020201","e0h0l0t0","0--0--0--0--","00","--------00--","------00----","0","4","0","2","0","2","0","2","0","1"
"1705","3","exists NODE0. ep_epoch0(NODE0) | ep_epoch3(NODE0) | held(NODE0) | transfer_epoch3(NODE0) | transfer_epoch5(NODE0)","6","0--0--0--0--00------------------00--00","5","57","10","e0h0t0","0402000401","e0h0t0","0--0--0--0--","00","------------","------00--00","0","4","0","2","0","0","0","4","0","1"
"1706","10","forall NODE1,NODE0. ep_epoch0(NODE0) | ep_epoch0(NODE1) | ep_epoch3(NODE0) | ep_epoch3(NODE1) | held(NODE1) | locked_epoch2(NODE0) | locked_epoch4(NODE0) | locked_epoch4(NODE1) | transfer_epoch3(NODE0) | transfer_epoch3(NODE1) | NODE0 = NODE1","13","0--0--0--0--0------0--00--------00----","11","401","21","0401030220","0401030220","e0h0l0t0","0--0--0--0--","0-","-----0--00--","------00----","0","4","0","1","0","3","0","2","2","0"
"1707","10","forall NODE1,NODE0. ep_epoch0(NODE0) | ep_epoch0(NODE1) | ep_epoch3(NODE0) | ep_epoch4(NODE0) | ep_epoch5(NODE0) | held(NODE1) | locked_epoch2(NODE0) | locked_epoch3(NODE1) | transfer_epoch3(NODE0) | transfer_epoch3(NODE1) | NODE0 = NODE1","13","0--0000------0----0--0----------00----","11","406","34","0501020220","0501020220","e0h0l0t0","0--0000-----","-0","----0--0----","------00----","0","5","0","1","0","2","0","2","2","0"
"1708","10","forall NODE1,NODE0. ep_epoch0(NODE0) | ep_epoch0(NODE1) | ep_epoch3(NODE0) | ep_epoch4(NODE0) | held(NODE1) | locked_epoch2(NODE0) | locked_epoch3(NODE1) | locked_epoch5(NODE0) | transfer_epoch3(NODE0) | transfer_epoch3(NODE1) | NODE0 = NODE1","13","0--00-0------0----0--0--0-------00----","11","401","21","0401030220","0401030220","e0h0l0t0","0--00-0-----","-0","----0--0--0-","------00----","0","4","0","1","0","3","0","2","2","0"
"1709","10","forall NODE1,NODE0. ep_epoch0(NODE0) | ep_epoch0(NODE1) | ep_epoch3(NODE0) | ep_epoch4(NODE1) | held(NODE1) | locked_epoch2(NODE0) | locked_epoch3(NODE1) | locked_epoch4(NODE0) | transfer_epoch3(NODE0) | transfer_epoch3(NODE1) | NODE0 = NODE1","13","0--0--0---0--0----0--00---------00----","11","401","21","0401030220","0401030220","e0h0l0t0","0--0--0---0-","-0","----0--00---","------00----","0","4","0","1","0","3","0","2","2","0"
"1710","10","forall NODE1,NODE0. ep_epoch0(NODE0) | ep_epoch0(NODE1) | ep_epoch3(NODE0) | ep_epoch5(NODE0) | held(NODE1) | locked_epoch2(NODE0) | locked_epoch3(NODE1) | locked_epoch4(NODE0) | transfer_epoch3(NODE0) | transfer_epoch3(NODE1) | NODE0 = NODE1","13","0--0-00------0----0--00---------00----","11","401","21","0401030220","0401030220","e0h0l0t0","0--0-00-----","-0","----0--00---","------00----","0","4","0","1","0","3","0","2","2","0"
"1711","10","forall NODE1,NODE0. ep_epoch0(NODE0) | ep_epoch0(NODE1) | ep_epoch3(NODE0) | held(NODE0) | held(NODE1) | locked_epoch3(NODE1) | transfer_epoch3(NODE0) | transfer_epoch3(NODE1) | transfer_epoch5(NODE0) | transfer_epoch5(NODE1) | NODE0 = NODE1","13","0--0--0-----00-------0----------00--00","11","397","10","0302010420","0302010420","e0h0l0t0","0--0--0-----","00","-------0----","------00--00","0","3","0","2","0","1","0","4","2","0"
"1712","10","forall NODE1,NODE0. ep_epoch0(NODE0) | ep_epoch0(NODE1) | ep_epoch3(NODE0) | held(NODE1) | locked_epoch2(NODE0) | locked_epoch3(NODE1) | locked_epoch4(NODE0) | locked_epoch4(NODE1) | transfer_epoch3(NODE0) | transfer_epoch3(NODE1) | NODE0 = NODE1","13","0--0--0------0----0--000--------00----","11","395","4","0301040220","0301040220","e0h0l0t0","0--0--0-----","-0","----0--000--","------00----","0","3","0","1","0","4","0","2","2","0"
"1713","10","forall NODE1,NODE0. ep_epoch0(NODE0) | ep_epoch0(NODE1) | ep_epoch3(NODE0) | held(NODE1) | locked_epoch2(NODE0) | locked_epoch3(NODE1) | locked_epoch4(NODE0) | locked_epoch5(NODE0) | transfer_epoch3(NODE0) | transfer_epoch3(NODE1) | NODE0 = NODE1","13","0--0--0------0----0--00-0-------00----","11","395","4","0301040220","0301040220","e0h0l0t0","0--0--0-----","-0","----0--00-0-","------00----","0","3","0","1","0","4","0","2","2","0"
"1714","3","exists NODE0. ep_epoch0(NODE0) | ep_epoch4(NODE0) | held(NODE0) | transfer_epoch3(NODE0) | transfer_epoch4(NODE0)","6","0---0-0---0-00------------------0000--","5","57","10","e0h0t0","0402000401","e0h0t0","0---0-0---0-","00","------------","------0000--","0","4","0","2","0","0","0","4","0","1"
"1715","10","forall NODE1,NODE0. ep_epoch0(NODE0) | ep_epoch0(NODE1) | ep_epoch4(NODE0) | held(NODE0) | held(NODE1) | locked_epoch4(NODE1) | transfer_epoch3(NODE0) | transfer_epoch3(NODE1) | transfer_epoch4(NODE0) | transfer_epoch4(NODE1) | NODE0 = NODE1","13","0---0-0-----00---------0--------0000--","11","397","10","0302010420","0302010420","e0h0l0t0","0---0-0-----","00","---------0--","------0000--","0","3","0","2","0","1","0","4","2","0"
"1716","4","exists NODE0. ep_epoch0(NODE0) | held(NODE0) | locked_epoch4(NODE0) | transfer_epoch3(NODE0) | transfer_epoch4(NODE0)","6","0-----0-----00--------00--------0000--","5","52","4","e0h0l0t0","0202020401","e0h0l0t0","0-----0-----","00","--------00--","------0000--","0","2","0","2","0","2","0","4","0","1"
"1717","3","exists NODE0. ep_epoch0(NODE0) | held(NODE0) | transfer_epoch3(NODE0) | transfer_epoch4(NODE0) | transfer_epoch5(NODE0)","6","0-----0-----00------------------000000","5","51","5","e0h0t0","0202000601","e0h0t0","0-----0-----","00","------------","------000000","0","2","0","2","0","0","0","6","0","1"
"1718","10","forall NODE1,NODE0. ep_epoch0(NODE0) | ep_epoch1(NODE0) | ep_epoch2(NODE0) | ep_epoch4(NODE1) | ep_epoch5(NODE1) | held(NODE0) | transfer_epoch4(NODE0) | transfer_epoch4(NODE1) | transfer_epoch5(NODE0) | transfer_epoch5(NODE1) | NODE0 = NODE1","13","000-------000---------------------0000","11","405","1","0501000420","0501000420","e0h0t0","000-------00","0-","------------","--------0000","0","5","0","1","0","0","0","4","2","0"
"1719","10","forall NODE1,NODE0. ep_epoch0(NODE0) | ep_epoch1(NODE0) | ep_epoch2(NODE0) | ep_epoch4(NODE1) | held(NODE0) | locked_epoch5(NODE1) | transfer_epoch4(NODE0) | transfer_epoch4(NODE1) | transfer_epoch5(NODE0) | transfer_epoch5(NODE1) | NODE0 = NODE1","13","000-------0-0------------0--------0000","11","400","9","0401010420","0401010420","e0h0l0t0","000-------0-","0-","-----------0","--------0000","0","4","0","1","0","1","0","4","2","0"
"1720","10","forall NODE1,NODE0. ep_epoch0(NODE0) | ep_epoch1(NODE0) | ep_epoch2(NODE0) | ep_epoch5(NODE1) | held(NODE0) | locked_epoch4(NODE1) | transfer_epoch4(NODE0) | transfer_epoch4(NODE1) | transfer_epoch5(NODE0) | transfer_epoch5(NODE1) | NODE0 = NODE1","13","000--------00----------0----------0000","11","400","9","0401010420","0401010420","e0h0l0t0","000--------0","0-","---------0--","--------0000","0","4","0","1","0","1","0","4","2","0"
"1721","10","forall NODE1,NODE0. ep_epoch0(NODE0) | ep_epoch1(NODE0) | ep_epoch2(NODE0) | held(NODE0) | locked_epoch4(NODE1) | locked_epoch5(NODE1) | transfer_epoch4(NODE0) | transfer_epoch4(NODE1) | transfer_epoch5(NODE0) | transfer_epoch5(NODE1) | NODE0 = NODE1","13","000---------0----------0-0--------0000","11","394","16","0301020420","0301020420","e0h0l0t0","000---------","0-","---------0-0","--------0000","0","3","0","1","0","2","0","4","2","0"
"1722","10","forall NODE1,NODE0. ep_epoch0(NODE0) | ep_epoch1(NODE0) | ep_epoch3(NODE0) | ep_epoch3(NODE1) | ep_epoch4(NODE0) | ep_epoch4(NODE1) | ep_epoch5(NODE1) | held(NODE0) | transfer_epoch3(NODE0) | transfer_epoch3(NODE1) | NODE0 = NODE1","13","00-00----0000-------------------00----","11","410","1","0701000220","0701000220","e0h0t0","00-00----000","0-","------------","------00----","0","7","0","1","0","0","0","2","2","0"
"1723","10","forall NODE1,NODE0. ep_epoch0(NODE0) | ep_epoch1(NODE0) | ep_epoch3(NODE0) | ep_epoch3(NODE1) | ep_epoch4(NODE0) | ep_epoch4(NODE1) | held(NODE0) | held(NODE1) | transfer_epoch3(NODE0) | transfer_epoch3(NODE1) | NODE0 = NODE1","13","00-00----00-00------------------00----","11","409","1","0602000220","0602000220","e0h0t0","00-00----00-","00","------------","------00----","0","6","0","2","0","0","0","2","2","0"
"1724","10","forall NODE1,NODE0. ep_epoch0(NODE0) | ep_epoch1(NODE0) | ep_epoch3(NODE0) | ep_epoch3(NODE1) | ep_epoch4(NODE0) | ep_epoch4(NODE1) | held(NODE0) | locked_epoch5(NODE1) | transfer_epoch3(NODE0) | transfer_epoch3(NODE1) | NODE0 = NODE1","13","00-00----00-0------------0------00----","11","408","18","0601010220","0601010220","e0h0l0t0","00-00----00-","0-","-----------0","------00----","0","6","0","1","0","1","0","2","2","0"
"1725","10","forall NODE1,NODE0. ep_epoch0(NODE0) | ep_epoch1(NODE0) | ep_epoch3(NODE0) | ep_epoch3(NODE1) | ep_epoch4(NODE1) | ep_epoch5(NODE1) | held(NODE0) | locked_epoch4(NODE0) | transfer_epoch3(NODE0) | transfer_epoch3(NODE1) | NODE0 = NODE1","13","00-0-----0000---------0---------00----","11","408","18","0601010220","0601010220","e0h0l0t0","00-0-----000","0-","--------0---","------00----","0","6","0","1","0","1","0","2","2","0"
"1726","10","forall NODE1,NODE0. ep_epoch0(NODE0) | ep_epoch1(NODE0) | ep_epoch3(NODE0) | ep_epoch3(NODE1) | ep_epoch4(NODE1) | held(NODE0) | held(NODE1) | locked_epoch4(NODE0) | transfer_epoch3(NODE0) | transfer_epoch3(NODE1) | NODE0 = NODE1","13","00-0-----00-00--------0---------00----","11","407","12","0502010220","0502010220","e0h0l0t0","00-0-----00-","00","--------0---","------00----","0","5","0","2","0","1","0","2","2","0"
"1727","10","forall NODE1,NODE0. ep_epoch0(NODE0) | ep_epoch1(NODE0) | ep_epoch3(NODE0) | ep_epoch3(NODE1) | ep_epoch4(NODE1) | held(NODE0) | locked_epoch4(NODE0) | locked_epoch5(NODE1) | transfer_epoch3(NODE0) | transfer_epoch3(NODE1) | NODE0 = NODE1","13","00-0-----00-0---------0--0------00----","11","406","34","0501020220","0501020220","e0h0l0t0","00-0-----00-","0-","--------0--0","------00----","0","5","0","1","0","2","0","2","2","0"
"1728","10","forall NODE1,NODE0. ep_epoch0(NODE0) | ep_epoch1(NODE0) | ep_epoch3(NODE0) | ep_epoch3(NODE1) | held(NODE0) | held(NODE1) | transfer_epoch3(NODE0) | transfer_epoch3(NODE1) | transfer_epoch5(NODE0) | transfer_epoch5(NODE1) | NODE0 = NODE1","13","00-0-----0--00------------------00--00","11","403","2","0402000420","0402000420","e0h0t0","00-0-----0--","00","------------","------00--00","0","4","0","2","0","0","0","4","2","0"
"1729","10","forall NODE1,NODE0. ep_epoch0(NODE0) | ep_epoch1(NODE0) | ep_epoch3(NODE0) | ep_epoch5(NODE1) | held(NODE0) | locked_epoch3(NODE1) | transfer_epoch3(NODE0) | transfer_epoch3(NODE1) | transfer_epoch5(NODE0) | transfer_epoch5(NODE1) | NODE0 = NODE1","13","00-0-------00--------0----------00--00","11","400","9","0401010420","0401010420","e0h0l0t0","00-0-------0","0-","-------0----","------00--00","0","4","0","1","0","1","0","4","2","0"
"1730","10","forall NODE1,NODE2,NODE0. ep_epoch0(NODE0) | ep_epoch1(NODE0) | ep_epoch3(NODE1) | held(NODE1) | held(NODE2) | locked_epoch3(NODE2) | transfer_epoch3(NODE1) | transfer_epoch3(NODE2) | transfer_epoch5(NODE1) | transfer_epoch5(NODE2) | ((NODE0 ~= NODE1 | NODE0 = NODE2) & (NODE0 ~= NODE2 | NODE0 = NODE1))","17","00-0--------00-------0----------00--00","14","464","1","0302010430","0302010430","e0h0l0t0","00-0--------","00","-------0----","------00--00","0","3","0","2","0","1","0","4","3","0"
"1731","10","forall NODE1,NODE0. ep_epoch0(NODE0) | ep_epoch1(NODE0) | ep_epoch3(NODE0) | held(NODE0) | locked_epoch3(NODE1) | locked_epoch5(NODE1) | transfer_epoch3(NODE0) | transfer_epoch3(NODE1) | transfer_epoch5(NODE0) | transfer_epoch5(NODE1) | NODE0 = NODE1","13","00-0--------0--------0---0------00--00","11","394","16","0301020420","0301020420","e0h0l0t0","00-0--------","0-","-------0---0","------00--00","0","3","0","1","0","2","0","4","2","0"
"1732","10","forall NODE1,NODE0. ep_epoch0(NODE0) | ep_epoch1(NODE0) | ep_epoch3(NODE1) | ep_epoch4(NODE0) | held(NODE0) | locked_epoch4(NODE1) | transfer_epoch3(NODE0) | transfer_epoch3(NODE1) | transfer_epoch4(NODE0) | transfer_epoch4(NODE1) | NODE0 = NODE1","13","00--0----0--0----------0--------0000--","11","400","9","0401010420","0401010420","e0h0l0t0","00--0----0--","0-","---------0--","------0000--","0","4","0","1","0","1","0","4","2","0"
"1733","10","forall NODE1,NODE0. ep_epoch0(NODE0) | ep_epoch1(NODE0) | ep_epoch3(NODE1) | held(NODE0) | locked_epoch4(NODE0) | locked_epoch4(NODE1) | transfer_epoch3(NODE0) | transfer_epoch3(NODE1) | transfer_epoch4(NODE0) | transfer_epoch4(NODE1) | NODE0 = NODE1","13","00-------0--0---------00--------0000--","11","394","16","0301020420","0301020420","e0h0l0t0","00-------0--","0-","--------00--","------0000--","0","3","0","1","0","2","0","4","2","0"
"1734","10","forall NODE1,NODE0. ep_epoch0(NODE0) | ep_epoch1(NODE0) | ep_epoch4(NODE0) | ep_epoch4(NODE1) | held(NODE0) | held(NODE1) | transfer_epoch3(NODE0) | transfer_epoch3(NODE1) | transfer_epoch4(NODE0) | transfer_epoch4(NODE1) | NODE0 = NODE1","13","00--0-----0-00------------------0000--","11","403","2","0402000420","0402000420","e0h0t0","00--0-----0-","00","------------","------0000--","0","4","0","2","0","0","0","4","2","0"
"1735","10","forall NODE1,NODE2,NODE3,NODE0. ep_epoch0(NODE0) | ep_epoch1(NODE0) | ep_epoch4(NODE1) | held(NODE0) | held(NODE2) | locked_epoch4(NODE3) | transfer_epoch3(NODE0) | transfer_epoch3(NODE2) | transfer_epoch4(NODE0) | transfer_epoch4(NODE2) | ((NODE0 ~= NODE1 | NODE2 ~= NODE3 | NODE0 = NODE2) & (NODE0 ~= NODE3 | NODE1 ~= NODE2 | NODE0 = NODE1))","20","00--0-------00---------0--------0000--","16","496","1","0302010440","0302010440","e0h0l0t0","00--0-------","00","---------0--","------0000--","0","3","0","2","0","1","0","4","4","0"
"1736","10","forall NODE1,NODE0. ep_epoch0(NODE0) | ep_epoch1(NODE0) | ep_epoch4(NODE0) | held(NODE0) | locked_epoch3(NODE1) | locked_epoch4(NODE1) | transfer_epoch3(NODE0) | transfer_epoch3(NODE1) | transfer_epoch4(NODE0) | transfer_epoch4(NODE1) | NODE0 = NODE1","13","00--0-------0--------0-0--------0000--","11","394","16","0301020420","0301020420","e0h0l0t0","00--0-------","0-","-------0-0--","------0000--","0","3","0","1","0","2","0","4","2","0"
"1737","10","forall NODE1,NODE0. ep_epoch0(NODE0) | ep_epoch1(NODE0) | ep_epoch4(NODE1) | ep_epoch5(NODE1) | held(NODE0) | locked_epoch2(NODE0) | transfer_epoch4(NODE0) | transfer_epoch4(NODE1) | transfer_epoch5(NODE0) | transfer_epoch5(NODE1) | NODE0 = NODE1","13","00--------000-----0---------------0000","11","400","9","0401010420","0401010420","e0h0l0t0","00--------00","0-","----0-------","--------0000","0","4","0","1","0","1","0","4","2","0"
"1738","10","forall NODE1,NODE0. ep_epoch0(NODE0) | ep_epoch1(NODE0) | ep_epoch4(NODE1) | held(NODE0) | locked_epoch2(NODE0) | locked_epoch5(NODE1) | transfer_epoch4(NODE0) | transfer_epoch4(NODE1) | transfer_epoch5(NODE0) | transfer_epoch5(NODE1) | NODE0 = NODE1","13","00--------0-0-----0------0--------0000","11","394","16","0301020420","0301020420","e0h0l0t0","00--------0-","0-","----0------0","--------0000","0","3","0","1","0","2","0","4","2","0"
"1739","10","forall NODE1,NODE0. ep_epoch0(NODE0) | ep_epoch1(NODE0) | ep_epoch5(NODE1) | held(NODE0) | locked_epoch2(NODE0) | locked_epoch4(NODE1) | transfer_epoch4(NODE0) | transfer_epoch4(NODE1) | transfer_epoch5(NODE0) | transfer_epoch5(NODE1) | NODE0 = NODE1","13","00---------00-----0----0----------0000","11","394","16","0301020420","0301020420","e0h0l0t0","00---------0","0-","----0----0--","--------0000","0","3","0","1","0","2","0","4","2","0"
"1740","10","forall NODE1,NODE0. ep_epoch0(NODE0) | ep_epoch1(NODE0) | held(NODE0) | held(NODE1) | locked_epoch4(NODE0) | locked_epoch4(NODE1) | transfer_epoch3(NODE0) | transfer_epoch3(NODE1) | transfer_epoch4(NODE0) | transfer_epoch4(NODE1) | NODE0 = NODE1","13","00----------00--------00--------0000--","11","390","1","0202020420","0202020420","e0h0l0t0","00----------","00","--------00--","------0000--","0","2","0","2","0","2","0","4","2","0"
"1741","10","forall NODE1,NODE0. ep_epoch0(NODE0) | ep_epoch1(NODE0) | held(NODE0) | held(NODE1) | transfer_epoch3(NODE0) | transfer_epoch3(NODE1) | transfer_epoch4(NODE0) | transfer_epoch4(NODE1) | transfer_epoch5(NODE0) | transfer_epoch5(NODE1) | NODE0 = NODE1","13","00----------00------------------000000","11","389","1","0202000620","0202000620","e0h0t0","00----------","00","------------","------000000","0","2","0","2","0","0","0","6","2","0"
"1742","10","forall NODE1,NODE0. ep_epoch0(NODE0) | ep_epoch1(NODE0) | held(NODE0) | locked_epoch2(NODE0) | locked_epoch4(NODE1) | locked_epoch5(NODE1) | transfer_epoch4(NODE0) | transfer_epoch4(NODE1) | transfer_epoch5(NODE0) | transfer_epoch5(NODE1) | NODE0 = NODE1","13","00----------0-----0----0-0--------0000","11","387","8","0201030420","0201030420","e0h0l0t0","00----------","0-","----0----0-0","--------0000","0","2","0","1","0","3","0","4","2","0"
"1743","10","forall NODE1,NODE0. ep_epoch0(NODE0) | ep_epoch1(NODE0) | held(NODE0) | locked_epoch3(NODE1) | locked_epoch4(NODE0) | locked_epoch4(NODE1) | transfer_epoch3(NODE0) | transfer_epoch3(NODE1) | transfer_epoch4(NODE0) | transfer_epoch4(NODE1) | NODE0 = NODE1","13","00----------0--------000--------0000--","11","387","8","0201030420","0201030420","e0h0l0t0","00----------","0-","-------000--","------0000--","0","2","0","1","0","3","0","4","2","0"
"1744","10","forall NODE1,NODE0. ep_epoch0(NODE0) | ep_epoch2(NODE0) | ep_epoch2(NODE1) | ep_epoch3(NODE0) | ep_epoch3(NODE1) | ep_epoch4(NODE0) | held(NODE0) | locked_epoch4(NODE1) | transfer_epoch2(NODE0) | transfer_epoch2(NODE1) | NODE0 = NODE1","13","0-000---00--0----------0------00------","11","408","18","0601010220","0601010220","e0h0l0t0","0-000---00--","0-","---------0--","----00------","0","6","0","1","0","1","0","2","2","0"
"1745","10","forall NODE1,NODE0. ep_epoch0(NODE0) | ep_epoch2(NODE0) | ep_epoch2(NODE1) | ep_epoch3(NODE0) | ep_epoch3(NODE1) | held(NODE0) | locked_epoch4(NODE0) | locked_epoch4(NODE1) | transfer_epoch2(NODE0) | transfer_epoch2(NODE1) | NODE0 = NODE1","13","0-00----00--0---------00------00------","11","406","34","0501020220","0501020220","e0h0l0t0","0-00----00--","0-","--------00--","----00------","0","5","0","1","0","2","0","2","2","0"
"1746","10","forall NODE1,NODE0. ep_epoch0(NODE0) | ep_epoch2(NODE0) | ep_epoch2(NODE1) | ep_epoch3(NODE1) | ep_epoch4(NODE0) | held(NODE0) | locked_epoch3(NODE0) | locked_epoch4(NODE1) | transfer_epoch2(NODE0) | transfer_epoch2(NODE1) | NODE0 = NODE1","13","0-0-0---00--0-------0--0------00------","11","406","34","0501020220","0501020220","e0h0l0t0","0-0-0---00--","0-","------0--0--","----00------","0","5","0","1","0","2","0","2","2","0"
"1747","10","forall NODE1,NODE0. ep_epoch0(NODE0) | ep_epoch2(NODE0) | ep_epoch2(NODE1) | ep_epoch3(NODE1) | ep_epoch4(NODE1) | ep_epoch5(NODE1) | held(NODE0) | locked_epoch3(NODE0) | transfer_epoch2(NODE0) | transfer_epoch2(NODE1) | NODE0 = NODE1","13","0-0-----00000-------0---------00------","11","408","18","0601010220","0601010220","e0h0l0t0","0-0-----0000","0-","------0-----","----00------","0","6","0","1","0","1","0","2","2","0"
"1748","10","forall NODE1,NODE0. ep_epoch0(NODE0) | ep_epoch2(NODE0) | ep_epoch2(NODE1) | ep_epoch3(NODE1) | ep_epoch4(NODE1) | held(NODE0) | locked_epoch3(NODE0) | locked_epoch5(NODE1) | transfer_epoch2(NODE0) | transfer_epoch2(NODE1) | NODE0 = NODE1","13","0-0-----000-0-------0----0----00------","11","406","34","0501020220","0501020220","e0h0l0t0","0-0-----000-","0-","------0----0","----00------","0","5","0","1","0","2","0","2","2","0"
"1749","10","forall NODE1,NODE0. ep_epoch0(NODE0) | ep_epoch2(NODE0) | ep_epoch2(NODE1) | ep_epoch3(NODE1) | ep_epoch5(NODE1) | held(NODE0) | locked_epoch3(NODE0) | locked_epoch4(NODE1) | transfer_epoch2(NODE0) | transfer_epoch2(NODE1) | NODE0 = NODE1","13","0-0-----00-00-------0--0------00------","11","406","34","0501020220","0501020220","e0h0l0t0","0-0-----00-0","0-","------0--0--","----00------","0","5","0","1","0","2","0","2","2","0"
"1750","10","forall NODE1,NODE0. ep_epoch0(NODE0) | ep_epoch2(NODE0) | ep_epoch2(NODE1) | ep_epoch3(NODE1) | held(NODE0) | locked_epoch3(NODE0) | locked_epoch4(NODE0) | locked_epoch4(NODE1) | transfer_epoch2(NODE0) | transfer_epoch2(NODE1) | NODE0 = NODE1","13","0-0-----00--0-------0-00------00------","11","401","21","0401030220","0401030220","e0h0l0t0","0-0-----00--","0-","------0-00--","----00------","0","4","0","1","0","3","0","2","2","0"
"1751","10","forall NODE1,NODE0. ep_epoch0(NODE0) | ep_epoch2(NODE0) | ep_epoch2(NODE1) | ep_epoch3(NODE1) | held(NODE0) | locked_epoch3(NODE0) | locked_epoch4(NODE1) | locked_epoch5(NODE1) | transfer_epoch2(NODE0) | transfer_epoch2(NODE1) | NODE0 = NODE1","13","0-0-----00--0-------0--0-0----00------","11","401","21","0401030220","0401030220","e0h0l0t0","0-0-----00--","0-","------0--0-0","----00------","0","4","0","1","0","3","0","2","2","0"
"1752","10","forall NODE1,NODE0. ep_epoch0(NODE0) | ep_epoch2(NODE0) | ep_epoch3(NODE0) | ep_epoch5(NODE1) | held(NODE0) | locked_epoch2(NODE1) | transfer_epoch2(NODE0) | transfer_epoch2(NODE1) | transfer_epoch5(NODE0) | transfer_epoch5(NODE1) | NODE0 = NODE1","13","0-00-------00------0----------00----00","11","400","9","0401010420","0401010420","e0h0l0t0","0-00-------0","0-","-----0------","----00----00","0","4","0","1","0","1","0","4","2","0"
"1753","10","forall NODE1,NODE0. ep_epoch0(NODE0) | ep_epoch2(NODE0) | ep_epoch3(NODE0) | held(NODE0) | locked_epoch2(NODE1) | locked_epoch5(NODE1) | transfer_epoch2(NODE0) | transfer_epoch2(NODE1) | transfer_epoch5(NODE0) | transfer_epoch5(NODE1) | NODE0 = NODE1","13","0-00--------0------0-----0----00----00","11","394","16","0301020420","0301020420","e0h0l0t0","0-00--------","0-","-----0-----0","----00----00","0","3","0","1","0","2","0","4","2","0"
"1754","10","forall NODE1,NODE0. ep_epoch0(NODE0) | ep_epoch2(NODE0) | ep_epoch4(NODE0) | held(NODE0) | locked_epoch2(NODE1) | locked_epoch4(NODE1) | transfer_epoch2(NODE0) | transfer_epoch2(NODE1) | transfer_epoch4(NODE0) | transfer_epoch4(NODE1) | NODE0 = NODE1","13","0-0-0-------0------0---0------00--00--","11","394","16","0301020420","0301020420","e0h0l0t0","0-0-0-------","0-","-----0---0--","----00--00--","0","3","0","1","0","2","0","4","2","0"
"1755","10","forall NODE1,NODE0. ep_epoch0(NODE0) | ep_epoch2(NODE0) | ep_epoch5(NODE1) | held(NODE0) | locked_epoch2(NODE1) | locked_epoch3(NODE0) | transfer_epoch2(NODE0) | transfer_epoch2(NODE1) | transfer_epoch5(NODE0) | transfer_epoch5(NODE1) | NODE0 = NODE1","13","0-0--------00------00---------00----00","11","394","16","0301020420","0301020420","e0h0l0t0","0-0--------0","0-","-----00-----","----00----00","0","3","0","1","0","2","0","4","2","0"
"1756","10","forall NODE1,NODE0. ep_epoch0(NODE0) | ep_epoch2(NODE0) | held(NODE0) | locked_epoch2(NODE1) | locked_epoch3(NODE0) | locked_epoch5(NODE1) | transfer_epoch2(NODE0) | transfer_epoch2(NODE1) | transfer_epoch5(NODE0) | transfer_epoch5(NODE1) | NODE0 = NODE1","13","0-0---------0------00----0----00----00","11","387","8","0201030420","0201030420","e0h0l0t0","0-0---------","0-","-----00----0","----00----00","0","2","0","1","0","3","0","4","2","0"
"1757","10","forall NODE1,NODE0. ep_epoch0(NODE0) | ep_epoch2(NODE0) | held(NODE0) | locked_epoch2(NODE1) | locked_epoch4(NODE0) | locked_epoch4(NODE1) | transfer_epoch2(NODE0) | transfer_epoch2(NODE1) | transfer_epoch4(NODE0) | transfer_epoch4(NODE1) | NODE0 = NODE1","13","0-0---------0------0--00------00--00--","11","387","8","0201030420","0201030420","e0h0l0t0","0-0---------","0-","-----0--00--","----00--00--","0","2","0","1","0","3","0","4","2","0"
"1758","10","forall NODE1,NODE0. ep_epoch0(NODE0) | ep_epoch2(NODE1) | ep_epoch3(NODE0) | ep_epoch4(NODE0) | held(NODE0) | locked_epoch3(NODE1) | transfer_epoch2(NODE0) | transfer_epoch2(NODE1) | transfer_epoch3(NODE0) | transfer_epoch3(NODE1) | NODE0 = NODE1","13","0--00---0---0--------0--------0000----","11","400","9","0401010420","0401010420","e0h0l0t0","0--00---0---","0-","-------0----","----0000----","0","4","0","1","0","1","0","4","2","0"
"1759","10","forall NODE1,NODE0. ep_epoch0(NODE0) | ep_epoch2(NODE1) | ep_epoch3(NODE0) | held(NODE0) | locked_epoch3(NODE1) | locked_epoch4(NODE0) | transfer_epoch2(NODE0) | transfer_epoch2(NODE1) | transfer_epoch3(NODE0) | transfer_epoch3(NODE1) | NODE0 = NODE1","13","0--0----0---0--------00-------0000----","11","394","16","0301020420","0301020420","e0h0l0t0","0--0----0---","0-","-------00---","----0000----","0","3","0","1","0","2","0","4","2","0"
"1760","10","forall NODE1,NODE0. ep_epoch0(NODE0) | ep_epoch3(NODE0) | ep_epoch4(NODE0) | held(NODE0) | locked_epoch2(NODE1) | locked_epoch3(NODE1) | transfer_epoch2(NODE0) | transfer_epoch2(NODE1) | transfer_epoch3(NODE0) | transfer_epoch3(NODE1) | NODE0 = NODE1","13","0--00-------0------0-0--------0000----","11","394","16","0301020420","0301020420","e0h0l0t0","0--00-------","0-","-----0-0----","----0000----","0","3","0","1","0","2","0","4","2","0"
"1761","10","forall NODE1,NODE0. ep_epoch0(NODE0) | ep_epoch3(NODE0) | held(NODE0) | locked_epoch2(NODE1) | locked_epoch3(NODE1) | locked_epoch4(NODE0) | transfer_epoch2(NODE0) | transfer_epoch2(NODE1) | transfer_epoch3(NODE0) | transfer_epoch3(NODE1) | NODE0 = NODE1","13","0--0--------0------0-00-------0000----","11","387","8","0201030420","0201030420","e0h0l0t0","0--0--------","0-","-----0-00---","----0000----","0","2","0","1","0","3","0","4","2","0"
"1762","1","exists NODE0. ep_epoch1(NODE0) | ep_epoch2(NODE0) | ep_epoch3(NODE0) | ep_epoch4(NODE0) | ep_epoch5(NODE0)","6","-00000-00000--------------------------","5","62","6","e0","01000000001","e0","-00000-00000","--","------------","------------","0","10","0","0","0","0","0","0","0","1"
"1763","10","forall NODE1,NODE0. ep_epoch1(NODE0) | ep_epoch1(NODE1) | ep_epoch2(NODE0) | ep_epoch2(NODE1) | ep_epoch3(NODE0) | ep_epoch3(NODE1) | ep_epoch4(NODE0) | ep_epoch4(NODE1) | ep_epoch5(NODE0) | held(NODE1) | NODE0 = NODE1","13","-00000-0000--0------------------------","11","413","5","0901000020","0901000020","e0h0","-00000-0000-","-0","------------","------------","0","9","0","1","0","0","0","0","2","0"
"1764","10","forall NODE1,NODE0. ep_epoch1(NODE0) | ep_epoch1(NODE1) | ep_epoch2(NODE0) | ep_epoch2(NODE1) | ep_epoch3(NODE0) | ep_epoch3(NODE1) | ep_epoch4(NODE0) | ep_epoch4(NODE1) | ep_epoch5(NODE0) | locked_epoch5(NODE1) | NODE0 = NODE1","13","-00000-0000--------------0------------","11","412","5","0900010020","0900010020","e0l0","-00000-0000-","--","-----------0","------------","0","9","0","0","0","1","0","0","2","0"
"1765","2","exists NODE0. ep_epoch1(NODE0) | ep_epoch2(NODE0) | ep_epoch3(NODE0) | ep_epoch4(NODE0) | held(NODE0)","6","-0000--0000-00------------------------","5","61","5","e0h0","0802000001","e0h0","-0000--0000-","00","------------","------------","0","8","0","2","0","0","0","0","0","1"
"1766","10","forall NODE1,NODE0. ep_epoch1(NODE0) | ep_epoch1(NODE1) | ep_epoch2(NODE0) | ep_epoch2(NODE1) | ep_epoch3(NODE0) | ep_epoch3(NODE1) | ep_epoch4(NODE0) | ep_epoch4(NODE1) | held(NODE1) | locked_epoch5(NODE0) | NODE0 = NODE1","13","-0000--0000-0------------0------------","11","411","5","0801010020","0801010020","e0h0l0","-0000--0000-","0-","-----------0","------------","0","8","0","1","0","1","0","0","2","0"
"1767","2","exists NODE0. ep_epoch1(NODE0) | ep_epoch2(NODE0) | ep_epoch3(NODE0) | ep_epoch4(NODE0) | locked_epoch5(NODE0)","6","-0000--0000-------------00------------","5","60","5","e0l0","0800020001","e0l0","-0000--0000-","--","----------00","------------","0","8","0","0","0","2","0","0","0","1"
"1768","3","exists NODE0. ep_epoch1(NODE0) | ep_epoch2(NODE0) | ep_epoch3(NODE0) | held(NODE0) | transfer_epoch5(NODE0)","6","-000---000--00----------------------00","5","59","10","e0h0t0","0602000201","e0h0t0","-000---000--","00","------------","----------00","0","6","0","2","0","0","0","2","0","1"
"1769","10","forall NODE1,NODE0. ep_epoch1(NODE0) | ep_epoch1(NODE1) | ep_epoch2(NODE0) | ep_epoch2(NODE1) | ep_epoch3(NODE1) | ep_epoch4(NODE0) | held(NODE0) | locked_epoch4(NODE1) | transfer_epoch4(NODE0) | transfer_epoch4(NODE1) | NODE0 = NODE1","13","-000---00-0--0--------0-----------00--","11","408","18","0601010220","0601010220","e0h0l0t0","-000---00-0-","-0","--------0---","--------00--","0","6","0","1","0","1","0","2","2","0"
"1770","10","forall NODE1,NODE0. ep_epoch1(NODE0) | ep_epoch1(NODE1) | ep_epoch2(NODE0) | ep_epoch2(NODE1) | ep_epoch3(NODE1) | ep_epoch5(NODE0) | held(NODE1) | locked_epoch3(NODE0) | transfer_epoch5(NODE0) | transfer_epoch5(NODE1) | NODE0 = NODE1","13","-000---00--00--------0--------------00","11","408","18","0601010220","0601010220","e0h0l0t0","-000---00--0","0-","-------0----","----------00","0","6","0","1","0","1","0","2","2","0"
"1771","10","forall NODE1,NODE0. ep_epoch1(NODE0) | ep_epoch1(NODE1) | ep_epoch2(NODE0) | ep_epoch2(NODE1) | ep_epoch3(NODE0) | held(NODE0) | held(NODE1) | locked_epoch3(NODE1) | transfer_epoch5(NODE0) | transfer_epoch5(NODE1) | NODE0 = NODE1","13","-000---00---00-------0--------------00","11","407","12","0502010220","0502010220","e0h0l0t0","-000---00---","00","-------0----","----------00","0","5","0","2","0","1","0","2","2","0"
"1772","10","forall NODE1,NODE0. ep_epoch1(NODE0) | ep_epoch1(NODE1) | ep_epoch2(NODE0) | ep_epoch2(NODE1) | ep_epoch3(NODE1) | held(NODE1) | locked_epoch3(NODE0) | locked_epoch5(NODE0) | transfer_epoch5(NODE0) | transfer_epoch5(NODE1) | NODE0 = NODE1","13","-000---00---0--------0---0----------00","11","406","34","0501020220","0501020220","e0h0l0t0","-000---00---","0-","-------0---0","----------00","0","5","0","1","0","2","0","2","2","0"
"1773","10","forall NODE1,NODE0. ep_epoch1(NODE0) | ep_epoch1(NODE1) | ep_epoch2(NODE0) | ep_epoch2(NODE1) | ep_epoch3(NODE1) | held(NODE0) | locked_epoch4(NODE0) | locked_epoch4(NODE1) | transfer_epoch4(NODE0) | transfer_epoch4(NODE1) | NODE0 = NODE1","13","-000---00----0--------00----------00--","11","406","34","0501020220","0501020220","e0h0l0t0","-000---00---","-0","--------00--","--------00--","0","5","0","1","0","2","0","2","2","0"
"1774","3","exists NODE0. ep_epoch1(NODE0) | ep_epoch2(NODE0) | ep_epoch4(NODE0) | held(NODE0) | transfer_epoch4(NODE0)","6","-00-0--00-0-00--------------------00--","5","59","10","e0h0t0","0602000201","e0h0t0","-00-0--00-0-","00","------------","--------00--","0","6","0","2","0","0","0","2","0","1"
"1775","10","forall NODE1,NODE0. ep_epoch1(NODE0) | ep_epoch1(NODE1) | ep_epoch2(NODE0) | ep_epoch2(NODE1) | ep_epoch4(NODE0) | held(NODE0) | held(NODE1) | locked_epoch4(NODE1) | transfer_epoch4(NODE0) | transfer_epoch4(NODE1) | NODE0 = NODE1","13","-00-0--00---00---------0----------00--","11","407","12","0502010220","0502010220","e0h0l0t0","-00-0--00---","00","---------0--","--------00--","0","5","0","2","0","1","0","2","2","0"
"1776","10","forall NODE1,NODE0. ep_epoch1(NODE0) | ep_epoch1(NODE1) | ep_epoch2(NODE0) | ep_epoch2(NODE1) | ep_epoch4(NODE0) | held(NODE0) | locked_epoch3(NODE1) | locked_epoch4(NODE1) | transfer_epoch4(NODE0) | transfer_epoch4(NODE1) | NODE0 = NODE1","13","-00-0--00---0--------0-0----------00--","11","406","34","0501020220","0501020220","e0h0l0t0","-00-0--00---","0-","-------0-0--","--------00--","0","5","0","1","0","2","0","2","2","0"
"1777","4","exists NODE0. ep_epoch1(NODE0) | ep_epoch2(NODE0) | held(NODE0) | locked_epoch4(NODE0) | transfer_epoch4(NODE0)","6","-00----00---00--------00----------00--","5","58","6","e0h0l0t0","0402020201","e0h0l0t0","-00----00---","00","--------00--","--------00--","0","4","0","2","0","2","0","2","0","1"
"1778","3","exists NODE0. ep_epoch1(NODE0) | ep_epoch2(NODE0) | held(NODE0) | transfer_epoch4(NODE0) | transfer_epoch5(NODE0)","6","-00----00---00--------------------0000","5","57","10","e0h0t0","0402000401","e0h0t0","-00----00---","00","------------","--------0000","0","4","0","2","0","0","0","4","0","1"
"1779","10","forall NODE1,NODE0. ep_epoch1(NODE0) | ep_epoch1(NODE1) | ep_epoch2(NODE0) | ep_epoch2(NODE1) | held(NODE0) | locked_epoch3(NODE1) | locked_epoch4(NODE0) | locked_epoch4(NODE1) | transfer_epoch4(NODE0) | transfer_epoch4(NODE1) | NODE0 = NODE1","13","-00----00---0--------000----------00--","11","401","21","0401030220","0401030220","e0h0l0t0","-00----00---","0-","-------000--","--------00--","0","4","0","1","0","3","0","2","2","0"
"1780","10","forall NODE1,NODE0. ep_epoch1(NODE0) | ep_epoch1(NODE1) | ep_epoch2(NODE0) | ep_epoch3(NODE0) | ep_epoch3(NODE1) | ep_epoch4(NODE1) | held(NODE1) | locked_epoch4(NODE0) | transfer_epoch3(NODE0) | transfer_epoch3(NODE1) | NODE0 = NODE1","13","-000---0-00--0--------0---------00----","11","408","18","0601010220","0601010220","e0h0l0t0","-000---0-00-","-0","--------0---","------00----","0","6","0","1","0","1","0","2","2","0"
"1781","10","forall NODE1,NODE0. ep_epoch1(NODE0) | ep_epoch1(NODE1) | ep_epoch2(NODE0) | ep_epoch3(NODE0) | ep_epoch3(NODE1) | held(NODE1) | locked_epoch4(NODE0) | locked_epoch4(NODE1) | transfer_epoch3(NODE0) | transfer_epoch3(NODE1) | NODE0 = NODE1","13","-000---0-0---0--------00--------00----","11","406","34","0501020220","0501020220","e0h0l0t0","-000---0-0--","-0","--------00--","------00----","0","5","0","1","0","2","0","2","2","0"
"1782","10","forall NODE1,NODE0. ep_epoch1(NODE0) | ep_epoch1(NODE1) | ep_epoch2(NODE0) | ep_epoch3(NODE0) | ep_epoch4(NODE0) | ep_epoch5(NODE0) | held(NODE1) | locked_epoch3(NODE1) | transfer_epoch3(NODE0) | transfer_epoch3(NODE1) | NODE0 = NODE1","13","-00000-0-----0-------0----------00----","11","408","18","0601010220","0601010220","e0h0l0t0","-00000-0----","-0","-------0----","------00----","0","6","0","1","0","1","0","2","2","0"
"1783","10","forall NODE1,NODE0. ep_epoch1(NODE0) | ep_epoch1(NODE1) | ep_epoch2(NODE0) | ep_epoch3(NODE0) | ep_epoch4(NODE0) | held(NODE1) | locked_epoch3(NODE1) | locked_epoch5(NODE0) | transfer_epoch3(NODE0) | transfer_epoch3(NODE1) | NODE0 = NODE1","13","-0000--0-----0-------0--0-------00----","11","406","34","0501020220","0501020220","e0h0l0t0","-0000--0----","-0","-------0--0-","------00----","0","5","0","1","0","2","0","2","2","0"
"1784","10","forall NODE1,NODE0. ep_epoch1(NODE0) | ep_epoch1(NODE1) | ep_epoch2(NODE0) | ep_epoch3(NODE0) | ep_epoch4(NODE1) | held(NODE1) | locked_epoch3(NODE1) | locked_epoch4(NODE0) | transfer_epoch3(NODE0) | transfer_epoch3(NODE1) | NODE0 = NODE1","13","-000---0--0--0-------00---------00----","11","406","34","0501020220","0501020220","e0h0l0t0","-000---0--0-","-0","-------00---","------00----","0","5","0","1","0","2","0","2","2","0"
"1785","10","forall NODE1,NODE0. ep_epoch1(NODE0) | ep_epoch1(NODE1) | ep_epoch2(NODE0) | ep_epoch3(NODE0) | ep_epoch5(NODE0) | held(NODE1) | locked_epoch3(NODE1) | locked_epoch4(NODE0) | transfer_epoch3(NODE0) | transfer_epoch3(NODE1) | NODE0 = NODE1","13","-000-0-0-----0-------00---------00----","11","406","34","0501020220","0501020220","e0h0l0t0","-000-0-0----","-0","-------00---","------00----","0","5","0","1","0","2","0","2","2","0"
"1786","10","forall NODE1,NODE0. ep_epoch1(NODE0) | ep_epoch1(NODE1) | ep_epoch2(NODE0) | ep_epoch3(NODE0) | held(NODE1) | locked_epoch3(NODE1) | locked_epoch4(NODE0) | locked_epoch4(NODE1) | transfer_epoch3(NODE0) | transfer_epoch3(NODE1) | NODE0 = NODE1","13","-000---0-----0-------000--------00----","11","401","21","0401030220","0401030220","e0h0l0t0","-000---0----","-0","-------000--","------00----","0","4","0","1","0","3","0","2","2","0"
"1787","10","forall NODE1,NODE0. ep_epoch1(NODE0) | ep_epoch1(NODE1) | ep_epoch2(NODE0) | ep_epoch3(NODE0) | held(NODE1) | locked_epoch3(NODE1) | locked_epoch4(NODE0) | locked_epoch5(NODE0) | transfer_epoch3(NODE0) | transfer_epoch3(NODE1) | NODE0 = NODE1","13","-000---0-----0-------00-0-------00----","11","401","21","0401030220","0401030220","e0h0l0t0","-000---0----","-0","-------00-0-","------00----","0","4","0","1","0","3","0","2","2","0"
"1788","10","forall NODE1,NODE0. ep_epoch1(NODE0) | ep_epoch1(NODE1) | ep_epoch2(NODE0) | ep_epoch4(NODE0) | ep_epoch4(NODE1) | ep_epoch5(NODE1) | held(NODE0) | locked_epoch2(NODE1) | transfer_epoch4(NODE0) | transfer_epoch4(NODE1) | NODE0 = NODE1","13","-00-0--0--000------0--------------00--","11","408","18","0601010220","0601010220","e0h0l0t0","-00-0--0--00","0-","-----0------","--------00--","0","6","0","1","0","1","0","2","2","0"
"1789","10","forall NODE1,NODE0. ep_epoch1(NODE0) | ep_epoch1(NODE1) | ep_epoch2(NODE0) | ep_epoch4(NODE0) | ep_epoch4(NODE1) | held(NODE0) | held(NODE1) | locked_epoch2(NODE1) | transfer_epoch4(NODE0) | transfer_epoch4(NODE1) | NODE0 = NODE1","13","-00-0--0--0-00-----0--------------00--","11","407","12","0502010220","0502010220","e0h0l0t0","-00-0--0--0-","00","-----0------","--------00--","0","5","0","2","0","1","0","2","2","0"
"1790","10","forall NODE1,NODE0. ep_epoch1(NODE0) | ep_epoch1(NODE1) | ep_epoch2(NODE0) | ep_epoch4(NODE0) | ep_epoch4(NODE1) | held(NODE0) | locked_epoch2(NODE1) | locked_epoch5(NODE1) | transfer_epoch4(NODE0) | transfer_epoch4(NODE1) | NODE0 = NODE1","13","-00-0--0--0-0------0-----0--------00--","11","406","34","0501020220","0501020220","e0h0l0t0","-00-0--0--0-","0-","-----0-----0","--------00--","0","5","0","1","0","2","0","2","2","0"
"1791","10","forall NODE1,NODE0. ep_epoch1(NODE0) | ep_epoch1(NODE1) | ep_epoch2(NODE0) | ep_epoch4(NODE1) | ep_epoch5(NODE1) | held(NODE0) | locked_epoch2(NODE1) | locked_epoch4(NODE0) | transfer_epoch4(NODE0) | transfer_epoch4(NODE1) | NODE0 = NODE1","13","-00----0--000------0--0-----------00--","11","406","34","0501020220","0501020220","e0h0l0t0","-00----0--00","0-","-----0--0---","--------00--","0","5","0","1","0","2","0","2","2","0"
"1792","10","forall NODE1,NODE0. ep_epoch1(NODE0) | ep_epoch1(NODE1) | ep_epoch2(NODE0) | ep_epoch4(NODE1) | held(NODE0) | held(NODE1) | locked_epoch2(NODE1) | locked_epoch4(NODE0) | transfer_epoch4(NODE0) | transfer_epoch4(NODE1) | NODE0 = NODE1","13","-00----0--0-00-----0--0-----------00--","11","404","2","0402020220","0402020220","e0h0l0t0","-00----0--0-","00","-----0--0---","--------00--","0","4","0","2","0","2","0","2","2","0"
"1793","10","forall NODE1,NODE0. ep_epoch1(NODE0) | ep_epoch1(NODE1) | ep_epoch2(NODE0) | ep_epoch4(NODE1) | held(NODE0) | locked_epoch2(NODE1) | locked_epoch4(NODE0) | locked_epoch5(NODE1) | transfer_epoch4(NODE0) | transfer_epoch4(NODE1) | NODE0 = NODE1","13","-00----0--0-0------0--0--0--------00--","11","401","21","0401030220","0401030220","e0h0l0t0","-00----0--0-","0-","-----0--0--0","--------00--","0","4","0","1","0","3","0","2","2","0"
"1794","10","forall NODE1,NODE0. ep_epoch1(NODE0) | ep_epoch1(NODE1) | ep_epoch2(NODE0) | held(NODE0) | held(NODE1) | locked_epoch2(NODE1) | transfer_epoch4(NODE0) | transfer_epoch4(NODE1) | transfer_epoch5(NODE0) | transfer_epoch5(NODE1) | NODE0 = NODE1","13","-00----0----00-----0--------------0000","11","397","10","0302010420","0302010420","e0h0l0t0","-00----0----","00","-----0------","--------0000","0","3","0","2","0","1","0","4","2","0"
"1795","3","exists NODE0. ep_epoch1(NODE0) | ep_epoch3(NODE0) | ep_epoch4(NODE0) | held(NODE0) | transfer_epoch3(NODE0)","6","-0-00--0-00-00------------------00----","5","59","10","e0h0t0","0602000201","e0h0t0","-0-00--0-00-","00","------------","------00----","0","6","0","2","0","0","0","2","0","1"
"1796","10","forall NODE1,NODE0. ep_epoch1(NODE0) | ep_epoch1(NODE1) | ep_epoch3(NODE0) | ep_epoch3(NODE1) | ep_epoch4(NODE0) | held(NODE0) | held(NODE1) | locked_epoch4(NODE1) | transfer_epoch3(NODE0) | transfer_epoch3(NODE1) | NODE0 = NODE1","13","-0-00--0-0--00---------0--------00----","11","407","12","0502010220","0502010220","e0h0l0t0","-0-00--0-0--","00","---------0--","------00----","0","5","0","2","0","1","0","2","2","0"
"1797","10","forall NODE1,NODE0. ep_epoch1(NODE0) | ep_epoch1(NODE1) | ep_epoch3(NODE0) | ep_epoch3(NODE1) | ep_epoch4(NODE1) | held(NODE1) | locked_epoch2(NODE0) | locked_epoch4(NODE0) | transfer_epoch3(NODE0) | transfer_epoch3(NODE1) | NODE0 = NODE1","13","-0-00--0-0--0------0---0--------00----","11","406","34","0501020220","0501020220","e0h0l0t0","-0-00--0-0--","0-","-----0---0--","------00----","0","5","0","1","0","2","0","2","2","0"
"1798","4","exists NODE0. ep_epoch1(NODE0) | ep_epoch3(NODE0) | held(NODE0) | locked_epoch4(NODE0) | transfer_epoch3(NODE0)","6","-0-0---0-0--00--------00--------00----","5","58","6","e0h0l0t0","0402020201","e0h0l0t0","-0-0---0-0--","00","--------00--","------00----","0","4","0","2","0","2","0","2","0","1"
"1799","3","exists NODE0. ep_epoch1(NODE0) | ep_epoch3(NODE0) | held(NODE0) | transfer_epoch3(NODE0) | transfer_epoch5(NODE0)","6","-0-0---0-0--00------------------00--00","5","57","10","e0h0t0","0402000401","e0h0t0","-0-0---0-0--","00","------------","------00--00","0","4","0","2","0","0","0","4","0","1"
"1800","10","forall NODE1,NODE0. ep_epoch1(NODE0) | ep_epoch1(NODE1) | ep_epoch3(NODE0) | ep_epoch3(NODE1) | held(NODE1) | locked_epoch2(NODE0) | locked_epoch4(NODE0) | locked_epoch4(NODE1) | transfer_epoch3(NODE0) | transfer_epoch3(NODE1) | NODE0 = NODE1","13","-0-0---0-0--0------0--00--------00----","11","401","21","0401030220","0401030220","e0h0l0t0","-0-0---0-0--","0-","-----0--00--","------00----","0","4","0","1","0","3","0","2","2","0"
"1801","10","forall NODE1,NODE0. ep_epoch1(NODE0) | ep_epoch1(NODE1) | ep_epoch3(NODE0) | ep_epoch4(NODE0) | ep_epoch5(NODE0) | held(NODE1) | locked_epoch2(NODE0) | locked_epoch3(NODE1) | transfer_epoch3(NODE0) | transfer_epoch3(NODE1) | NODE0 = NODE1","13","-0-000-0-----0----0--0----------00----","11","406","34","0501020220","0501020220","e0h0l0t0","-0-000-0----","-0","----0--0----","------00----","0","5","0","1","0","2","0","2","2","0"
"1802","10","forall NODE1,NODE0. ep_epoch1(NODE0) | ep_epoch1(NODE1) | ep_epoch3(NODE0) | ep_epoch4(NODE0) | held(NODE1) | locked_epoch2(NODE0) | locked_epoch3(NODE1) | locked_epoch5(NODE0) | transfer_epoch3(NODE0) | transfer_epoch3(NODE1) | NODE0 = NODE1","13","-0-00--0-----0----0--0--0-------00----","11","401","21","0401030220","0401030220","e0h0l0t0","-0-00--0----","-0","----0--0--0-","------00----","0","4","0","1","0","3","0","2","2","0"
"1803","10","forall NODE1,NODE0. ep_epoch1(NODE0) | ep_epoch1(NODE1) | ep_epoch3(NODE0) | ep_epoch4(NODE1) | held(NODE1) | locked_epoch2(NODE0) | locked_epoch3(NODE1) | locked_epoch4(NODE0) | transfer_epoch3(NODE0) | transfer_epoch3(NODE1) | NODE0 = NODE1","13","-0-0---0--0--0----0--00---------00----","11","401","21","0401030220","0401030220","e0h0l0t0","-0-0---0--0-","-0","----0--00---","------00----","0","4","0","1","0","3","0","2","2","0"
"1804","10","forall NODE1,NODE0. ep_epoch1(NODE0) | ep_epoch1(NODE1) | ep_epoch3(NODE0) | ep_epoch5(NODE0) | held(NODE1) | locked_epoch2(NODE0) | locked_epoch3(NODE1) | locked_epoch4(NODE0) | transfer_epoch3(NODE0) | transfer_epoch3(NODE1) | NODE0 = NODE1","13","-0-0-0-0-----0----0--00---------00----","11","401","21","0401030220","0401030220","e0h0l0t0","-0-0-0-0----","-0","----0--00---","------00----","0","4","0","1","0","3","0","2","2","0"
"1805","10","forall NODE1,NODE0. ep_epoch1(NODE0) | ep_epoch1(NODE1) | ep_epoch3(NODE0) | held(NODE0) | held(NODE1) | locked_epoch3(NODE1) | transfer_epoch3(NODE0) | transfer_epoch3(NODE1) | transfer_epoch5(NODE0) | transfer_epoch5(NODE1) | NODE0 = NODE1","13","-0-0---0----00-------0----------00--00","11","397","10","0302010420","0302010420","e0h0l0t0","-0-0---0----","00","-------0----","------00--00","0","3","0","2","0","1","0","4","2","0"
"1806","10","forall NODE1,NODE0. ep_epoch1(NODE0) | ep_epoch1(NODE1) | ep_epoch3(NODE0) | held(NODE1) | locked_epoch2(NODE0) | locked_epoch3(NODE1) | locked_epoch4(NODE0) | locked_epoch4(NODE1) | transfer_epoch3(NODE0) | transfer_epoch3(NODE1) | NODE0 = NODE1","13","-0-0---0-----0----0--000--------00----","11","395","4","0301040220","0301040220","e0h0l0t0","-0-0---0----","-0","----0--000--","------00----","0","3","0","1","0","4","0","2","2","0"
"1807","10","forall NODE1,NODE0. ep_epoch1(NODE0) | ep_epoch1(NODE1) | ep_epoch3(NODE0) | held(NODE1) | locked_epoch2(NODE0) | locked_epoch3(NODE1) | locked_epoch4(NODE0) | locked_epoch5(NODE0) | transfer_epoch3(NODE0) | transfer_epoch3(NODE1) | NODE0 = NODE1","13","-0-0---0-----0----0--00-0-------00----","11","395","4","0301040220","0301040220","e0h0l0t0","-0-0---0----","-0","----0--00-0-","------00----","0","3","0","1","0","4","0","2","2","0"
"1808","3","exists NODE0. ep_epoch1(NODE0) | ep_epoch4(NODE0) | held(NODE0) | transfer_epoch3(NODE0) | transfer_epoch4(NODE0)","6","-0--0--0--0-00------------------0000--","5","57","10","e0h0t0","0402000401","e0h0t0","-0--0--0--0-","00","------------","------0000--","0","4","0","2","0","0","0","4","0","1"
"1809","10","forall NODE1,NODE0. ep_epoch1(NODE0) | ep_epoch1(NODE1) | ep_epoch4(NODE1) | held(NODE0) | held(NODE1) | locked_epoch4(NODE0) | transfer_epoch3(NODE0) | transfer_epoch3(NODE1) | transfer_epoch4(NODE0) | transfer_epoch4(NODE1) | NODE0 = NODE1","13","-0--0--0----00---------0--------0000--","11","397","10","0302010420","0302010420","e0h0l0t0","-0--0--0----","00","---------0--","------0000--","0","3","0","2","0","1","0","4","2","0"
"1810","4","exists NODE0. ep_epoch1(NODE0) | held(NODE0) | locked_epoch4(NODE0) | transfer_epoch3(NODE0) | transfer_epoch4(NODE0)","6","-0-----0----00--------00--------0000--","5","52","4","e0h0l0t0","0202020401","e0h0l0t0","-0-----0----","00","--------00--","------0000--","0","2","0","2","0","2","0","4","0","1"
"1811","3","exists NODE0. ep_epoch1(NODE0) | held(NODE0) | transfer_epoch3(NODE0) | transfer_epoch4(NODE0) | transfer_epoch5(NODE0)","6","-0-----0----00------------------000000","5","51","5","e0h0t0","0202000601","e0h0t0","-0-----0----","00","------------","------000000","0","2","0","2","0","0","0","6","0","1"
"1812","10","forall NODE1,NODE0. ep_epoch1(NODE0) | ep_epoch2(NODE0) | ep_epoch2(NODE1) | ep_epoch3(NODE0) | ep_epoch3(NODE1) | ep_epoch4(NODE1) | held(NODE1) | locked_epoch4(NODE0) | transfer_epoch2(NODE0) | transfer_epoch2(NODE1) | NODE0 = NODE1","13","-000----000--0--------0-------00------","11","408","18","0601010220","0601010220","e0h0l0t0","-000----000-","-0","--------0---","----00------","0","6","0","1","0","1","0","2","2","0"
"1813","10","forall NODE1,NODE0. ep_epoch1(NODE0) | ep_epoch2(NODE0) | ep_epoch2(NODE1) | ep_epoch3(NODE0) | ep_epoch3(NODE1) | held(NODE1) | locked_epoch4(NODE0) | locked_epoch4(NODE1) | transfer_epoch2(NODE0) | transfer_epoch2(NODE1) | NODE0 = NODE1","13","-000----00---0--------00------00------","11","406","34","0501020220","0501020220","e0h0l0t0","-000----00--","-0","--------00--","----00------","0","5","0","1","0","2","0","2","2","0"
"1814","10","forall NODE1,NODE0. ep_epoch1(NODE0) | ep_epoch2(NODE0) | ep_epoch2(NODE1) | ep_epoch3(NODE0) | ep_epoch4(NODE0) | ep_epoch5(NODE0) | held(NODE1) | locked_epoch3(NODE1) | transfer_epoch2(NODE0) | transfer_epoch2(NODE1) | NODE0 = NODE1","13","-00000--0----0-------0--------00------","11","408","18","0601010220","0601010220","e0h0l0t0","-00000--0---","-0","-------0----","----00------","0","6","0","1","0","1","0","2","2","0"
"1815","10","forall NODE1,NODE0. ep_epoch1(NODE0) | ep_epoch2(NODE0) | ep_epoch2(NODE1) | ep_epoch3(NODE0) | ep_epoch4(NODE0) | held(NODE1) | locked_epoch3(NODE1) | locked_epoch5(NODE0) | transfer_epoch2(NODE0) | transfer_epoch2(NODE1) | NODE0 = NODE1","13","-0000---0----0-------0--0-----00------","11","406","34","0501020220","0501020220","e0h0l0t0","-0000---0---","-0","-------0--0-","----00------","0","5","0","1","0","2","0","2","2","0"
"1816","10","forall NODE1,NODE0. ep_epoch1(NODE0) | ep_epoch2(NODE0) | ep_epoch2(NODE1) | ep_epoch3(NODE0) | ep_epoch4(NODE1) | held(NODE1) | locked_epoch3(NODE1) | locked_epoch4(NODE0) | transfer_epoch2(NODE0) | transfer_epoch2(NODE1) | NODE0 = NODE1","13","-000----0-0--0-------00-------00------","11","406","34","0501020220","0501020220","e0h0l0t0","-000----0-0-","-0","-------00---","----00------","0","5","0","1","0","2","0","2","2","0"
"1817","10","forall NODE1,NODE0. ep_epoch1(NODE0) | ep_epoch2(NODE0) | ep_epoch2(NODE1) | ep_epoch3(NODE0) | ep_epoch5(NODE0) | held(NODE1) | locked_epoch3(NODE1) | locked_epoch4(NODE0) | transfer_epoch2(NODE0) | transfer_epoch2(NODE1) | NODE0 = NODE1","13","-000-0--0----0-------00-------00------","11","406","34","0501020220","0501020220","e0h0l0t0","-000-0--0---","-0","-------00---","----00------","0","5","0","1","0","2","0","2","2","0"
"1818","10","forall NODE1,NODE0. ep_epoch1(NODE0) | ep_epoch2(NODE0) | ep_epoch2(NODE1) | ep_epoch3(NODE0) | held(NODE1) | locked_epoch3(NODE1) | locked_epoch4(NODE0) | locked_epoch4(NODE1) | transfer_epoch2(NODE0) | transfer_epoch2(NODE1) | NODE0 = NODE1","13","-000----0----0-------000------00------","11","401","21","0401030220","0401030220","e0h0l0t0","-000----0---","-0","-------000--","----00------","0","4","0","1","0","3","0","2","2","0"
"1819","10","forall NODE1,NODE0. ep_epoch1(NODE0) | ep_epoch2(NODE0) | ep_epoch2(NODE1) | ep_epoch3(NODE0) | held(NODE1) | locked_epoch3(NODE1) | locked_epoch4(NODE0) | locked_epoch5(NODE0) | transfer_epoch2(NODE0) | transfer_epoch2(NODE1) | NODE0 = NODE1","13","-000----0----0-------00-0-----00------","11","401","21","0401030220","0401030220","e0h0l0t0","-000----0---","-0","-------00-0-","----00------","0","4","0","1","0","3","0","2","2","0"
"1820","10","forall NODE1,NODE0. ep_epoch1(NODE0) | ep_epoch2(NODE0) | ep_epoch3(NODE1) | ep_epoch4(NODE1) | held(NODE1) | locked_epoch3(NODE0) | transfer_epoch2(NODE0) | transfer_epoch2(NODE1) | transfer_epoch3(NODE0) | transfer_epoch3(NODE1) | NODE0 = NODE1","13","-00------00--0------0---------0000----","11","400","9","0401010420","0401010420","e0h0l0t0","-00------00-","-0","------0-----","----0000----","0","4","0","1","0","1","0","4","2","0"
"1821","10","forall NODE1,NODE0. ep_epoch1(NODE0) | ep_epoch2(NODE0) | ep_epoch3(NODE1) | held(NODE1) | locked_epoch3(NODE0) | locked_epoch4(NODE1) | transfer_epoch2(NODE0) | transfer_epoch2(NODE1) | transfer_epoch3(NODE0) | transfer_epoch3(NODE1) | NODE0 = NODE1","13","-00------0---0------0--0------0000----","11","394","16","0301020420","0301020420","e0h0l0t0","-00------0--","-0","------0--0--","----0000----","0","3","0","1","0","2","0","4","2","0"
"1822","10","forall NODE1,NODE0. ep_epoch1(NODE0) | ep_epoch2(NODE1) | ep_epoch3(NODE1) | ep_epoch5(NODE0) | held(NODE1) | locked_epoch2(NODE0) | transfer_epoch2(NODE0) | transfer_epoch2(NODE1) | transfer_epoch5(NODE0) | transfer_epoch5(NODE1) | NODE0 = NODE1","13","-0---0--00---0----0-----------00----00","11","400","9","0401010420","0401010420","e0h0l0t0","-0---0--00--","-0","----0-------","----00----00","0","4","0","1","0","1","0","4","2","0"
"1823","10","forall NODE1,NODE0. ep_epoch1(NODE0) | ep_epoch2(NODE1) | ep_epoch3(NODE1) | held(NODE1) | locked_epoch2(NODE0) | locked_epoch5(NODE0) | transfer_epoch2(NODE0) | transfer_epoch2(NODE1) | transfer_epoch5(NODE0) | transfer_epoch5(NODE1) | NODE0 = NODE1","13","-0------00---0----0-----0-----00----00","11","394","16","0301020420","0301020420","e0h0l0t0","-0------00--","-0","----0-----0-","----00----00","0","3","0","1","0","2","0","4","2","0"
"1824","10","forall NODE1,NODE0. ep_epoch1(NODE0) | ep_epoch2(NODE1) | ep_epoch4(NODE1) | held(NODE1) | locked_epoch2(NODE0) | locked_epoch4(NODE0) | transfer_epoch2(NODE0) | transfer_epoch2(NODE1) | transfer_epoch4(NODE0) | transfer_epoch4(NODE1) | NODE0 = NODE1","13","-0------0-0--0----0---0-------00--00--","11","394","16","0301020420","0301020420","e0h0l0t0","-0------0-0-","-0","----0---0---","----00--00--","0","3","0","1","0","2","0","4","2","0"
"1825","10","forall NODE1,NODE0. ep_epoch1(NODE0) | ep_epoch2(NODE1) | ep_epoch5(NODE0) | held(NODE1) | locked_epoch2(NODE0) | locked_epoch3(NODE1) | transfer_epoch2(NODE0) | transfer_epoch2(NODE1) | transfer_epoch5(NODE0) | transfer_epoch5(NODE1) | NODE0 = NODE1","13","-0---0--0----0----0--0--------00----00","11","394","16","0301020420","0301020420","e0h0l0t0","-0---0--0---","-0","----0--0----","----00----00","0","3","0","1","0","2","0","4","2","0"
"1826","10","forall NODE1,NODE0. ep_epoch1(NODE0) | ep_epoch2(NODE1) | held(NODE1) | locked_epoch2(NODE0) | locked_epoch3(NODE1) | locked_epoch5(NODE0) | transfer_epoch2(NODE0) | transfer_epoch2(NODE1) | transfer_epoch5(NODE0) | transfer_epoch5(NODE1) | NODE0 = NODE1","13","-0------0----0----0--0--0-----00----00","11","387","8","0201030420","0201030420","e0h0l0t0","-0------0---","-0","----0--0--0-","----00----00","0","2","0","1","0","3","0","4","2","0"
"1827","10","forall NODE1,NODE0. ep_epoch1(NODE0) | ep_epoch2(NODE1) | held(NODE1) | locked_epoch2(NODE0) | locked_epoch4(NODE0) | locked_epoch4(NODE1) | transfer_epoch2(NODE0) | transfer_epoch2(NODE1) | transfer_epoch4(NODE0) | transfer_epoch4(NODE1) | NODE0 = NODE1","13","-0------0----0----0---00------00--00--","11","387","8","0201030420","0201030420","e0h0l0t0","-0------0---","-0","----0---00--","----00--00--","0","2","0","1","0","3","0","4","2","0"
"1828","10","forall NODE1,NODE0. ep_epoch1(NODE0) | ep_epoch3(NODE1) | ep_epoch4(NODE1) | held(NODE1) | locked_epoch2(NODE0) | locked_epoch3(NODE0) | transfer_epoch2(NODE0) | transfer_epoch2(NODE1) | transfer_epoch3(NODE0) | transfer_epoch3(NODE1) | NODE0 = NODE1","13","-0-------00--0----0-0---------0000----","11","394","16","0301020420","0301020420","e0h0l0t0","-0-------00-","-0","----0-0-----","----0000----","0","3","0","1","0","2","0","4","2","0"
"1829","10","forall NODE1,NODE0. ep_epoch1(NODE0) | ep_epoch3(NODE1) | held(NODE1) | locked_epoch2(NODE0) | locked_epoch3(NODE0) | locked_epoch4(NODE1) | transfer_epoch2(NODE0) | transfer_epoch2(NODE1) | transfer_epoch3(NODE0) | transfer_epoch3(NODE1) | NODE0 = NODE1","13","-0-------0---0----0-0--0------0000----","11","387","8","0201030420","0201030420","e0h0l0t0","-0-------0--","-0","----0-0--0--","----0000----","0","2","0","1","0","3","0","4","2","0"
"1830","3","exists NODE0. ep_epoch2(NODE0) | ep_epoch3(NODE0) | ep_epoch4(NODE0) | held(NODE0) | transfer_epoch2(NODE0)","6","--000---000-00----------------00------","5","59","10","e0h0t0","0602000201","e0h0t0","--000---000-","00","------------","----00------","0","6","0","2","0","0","0","2","0","1"
"1831","10","forall NODE1,NODE0. ep_epoch2(NODE0) | ep_epoch2(NODE1) | ep_epoch3(NODE0) | ep_epoch3(NODE1) | ep_epoch4(NODE1) | held(NODE0) | held(NODE1) | locked_epoch4(NODE0) | transfer_epoch2(NODE0) | transfer_epoch2(NODE1) | NODE0 = NODE1","13","--000---00--00---------0------00------","11","407","12","0502010220","0502010220","e0h0l0t0","--000---00--","00","---------0--","----00------","0","5","0","2","0","1","0","2","2","0"
"1832","4","exists NODE0. ep_epoch2(NODE0) | ep_epoch3(NODE0) | held(NODE0) | locked_epoch4(NODE0) | transfer_epoch2(NODE0)","6","--00----00--00--------00------00------","5","58","6","e0h0l0t0","0402020201","e0h0l0t0","--00----00--","00","--------00--","----00------","0","4","0","2","0","2","0","2","0","1"
"1833","3","exists NODE0. ep_epoch2(NODE0) | ep_epoch3(NODE0) | held(NODE0) | transfer_epoch2(NODE0) | transfer_epoch5(NODE0)","6","--00----00--00----------------00----00","5","57","10","e0h0t0","0402000401","e0h0t0","--00----00--","00","------------","----00----00","0","4","0","2","0","0","0","4","0","1"
"1834","10","forall NODE1,NODE0. ep_epoch2(NODE0) | ep_epoch2(NODE1) | ep_epoch3(NODE0) | held(NODE0) | held(NODE1) | locked_epoch3(NODE1) | transfer_epoch2(NODE0) | transfer_epoch2(NODE1) | transfer_epoch5(NODE0) | transfer_epoch5(NODE1) | NODE0 = NODE1","13","--00----0---00-------0--------00----00","11","397","10","0302010420","0302010420","e0h0l0t0","--00----0---","00","-------0----","----00----00","0","3","0","2","0","1","0","4","2","0"
"1835","3","exists NODE0. ep_epoch2(NODE0) | ep_epoch4(NODE0) | held(NODE0) | transfer_epoch2(NODE0) | transfer_epoch4(NODE0)","6","--0-0---0-0-00----------------00--00--","5","57","10","e0h0t0","0402000401","e0h0t0","--0-0---0-0-","00","------------","----00--00--","0","4","0","2","0","0","0","4","0","1"
"1836","10","forall NODE1,NODE0. ep_epoch2(NODE0) | ep_epoch2(NODE1) | ep_epoch4(NODE0) | held(NODE0) | held(NODE1) | locked_epoch4(NODE1) | transfer_epoch2(NODE0) | transfer_epoch2(NODE1) | transfer_epoch4(NODE0) | transfer_epoch4(NODE1) | NODE0 = NODE1","13","--0-0---0---00---------0------00--00--","11","397","10","0302010420","0302010420","e0h0l0t0","--0-0---0---","00","---------0--","----00--00--","0","3","0","2","0","1","0","4","2","0"
"1837","4","exists NODE0. ep_epoch2(NODE0) | held(NODE0) | locked_epoch4(NODE0) | transfer_epoch2(NODE0) | transfer_epoch4(NODE0)","6","--0-----0---00--------00------00--00--","5","52","4","e0h0l0t0","0202020401","e0h0l0t0","--0-----0---","00","--------00--","----00--00--","0","2","0","2","0","2","0","4","0","1"
"1838","3","exists NODE0. ep_epoch2(NODE0) | held(NODE0) | transfer_epoch2(NODE0) | transfer_epoch4(NODE0) | transfer_epoch5(NODE0)","6","--0-----0---00----------------00--0000","5","51","5","e0h0t0","0202000601","e0h0t0","--0-----0---","00","------------","----00--0000","0","2","0","2","0","0","0","6","0","1"
"1839","10","forall NODE1,NODE0. ep_epoch2(NODE0) | ep_epoch4(NODE0) | ep_epoch4(NODE1) | held(NODE0) | held(NODE1) | locked_epoch2(NODE1) | transfer_epoch2(NODE0) | transfer_epoch2(NODE1) | transfer_epoch4(NODE0) | transfer_epoch4(NODE1) | NODE0 = NODE1","13","--0-0-----0-00-----0----------00--00--","11","397","10","0302010420","0302010420","e0h0l0t0","--0-0-----0-","00","-----0------","----00--00--","0","3","0","2","0","1","0","4","2","0"
"1840","10","forall NODE1,NODE2,NODE3,NODE0. ep_epoch2(NODE0) | ep_epoch4(NODE1) | held(NODE0) | held(NODE2) | locked_epoch2(NODE2) | locked_epoch4(NODE3) | transfer_epoch2(NODE0) | transfer_epoch2(NODE2) | transfer_epoch4(NODE0) | transfer_epoch4(NODE2) | ((NODE0 ~= NODE1 | NODE2 ~= NODE3 | NODE0 = NODE2) & (NODE0 ~= NODE3 | NODE1 ~= NODE2 | NODE0 = NODE1))","20","--0-0-------00-----0---0------00--00--","16","495","1","0202020440","0202020440","e0h0l0t0","--0-0-------","00","-----0---0--","----00--00--","0","2","0","2","0","2","0","4","4","0"
"1841","10","forall NODE1,NODE0. ep_epoch2(NODE0) | held(NODE0) | held(NODE1) | locked_epoch2(NODE1) | locked_epoch4(NODE0) | locked_epoch4(NODE1) | transfer_epoch2(NODE0) | transfer_epoch2(NODE1) | transfer_epoch4(NODE0) | transfer_epoch4(NODE1) | NODE0 = NODE1","13","--0---------00-----0--00------00--00--","11","383","1","0102030420","0102030420","e0h0l0t0","--0---------","00","-----0--00--","----00--00--","0","1","0","2","0","3","0","4","2","0"
"1842","10","forall NODE1,NODE0. ep_epoch2(NODE0) | held(NODE0) | held(NODE1) | locked_epoch2(NODE1) | transfer_epoch2(NODE0) | transfer_epoch2(NODE1) | transfer_epoch4(NODE0) | transfer_epoch4(NODE1) | transfer_epoch5(NODE0) | transfer_epoch5(NODE1) | NODE0 = NODE1","13","--0---------00-----0----------00--0000","11","382","3","0102010620","0102010620","e0h0l0t0","--0---------","00","-----0------","----00--0000","0","1","0","2","0","1","0","6","2","0"
"1843","3","exists NODE0. ep_epoch3(NODE0) | ep_epoch4(NODE0) | held(NODE0) | transfer_epoch2(NODE0) | transfer_epoch3(NODE0)","6","---00----00-00----------------0000----","5","57","10","e0h0t0","0402000401","e0h0t0","---00----00-","00","------------","----0000----","0","4","0","2","0","0","0","4","0","1"
"1844","10","forall NODE1,NODE0. ep_epoch3(NODE0) | ep_epoch3(NODE1) | ep_epoch4(NODE0) | held(NODE0) | held(NODE1) | locked_epoch4(NODE1) | transfer_epoch2(NODE0) | transfer_epoch2(NODE1) | transfer_epoch3(NODE0) | transfer_epoch3(NODE1) | NODE0 = NODE1","13","---00----0--00---------0------0000----","11","397","10","0302010420","0302010420","e0h0l0t0","---00----0--","00","---------0--","----0000----","0","3","0","2","0","1","0","4","2","0"
"1845","4","exists NODE0. ep_epoch3(NODE0) | held(NODE0) | locked_epoch4(NODE0) | transfer_epoch2(NODE0) | transfer_epoch3(NODE0)","6","---0-----0--00--------00------0000----","5","52","4","e0h0l0t0","0202020401","e0h0l0t0","---0-----0--","00","--------00--","----0000----","0","2","0","2","0","2","0","4","0","1"
"1846","3","exists NODE0. ep_epoch3(NODE0) | held(NODE0) | transfer_epoch2(NODE0) | transfer_epoch3(NODE0) | transfer_epoch5(NODE0)","6","---0-----0--00----------------0000--00","5","51","5","e0h0t0","0202000601","e0h0t0","---0-----0--","00","------------","----0000--00","0","2","0","2","0","0","0","6","0","1"
"1847","10","forall NODE1,NODE0. ep_epoch3(NODE0) | held(NODE0) | held(NODE1) | locked_epoch3(NODE1) | transfer_epoch2(NODE0) | transfer_epoch2(NODE1) | transfer_epoch3(NODE0) | transfer_epoch3(NODE1) | transfer_epoch5(NODE0) | transfer_epoch5(NODE1) | NODE0 = NODE1","13","---0--------00-------0--------0000--00","11","382","3","0102010620","0102010620","e0h0l0t0","---0--------","00","-------0----","----0000--00","0","1","0","2","0","1","0","6","2","0"
"1848","3","exists NODE0. ep_epoch4(NODE0) | held(NODE0) | transfer_epoch2(NODE0) | transfer_epoch3(NODE0) | transfer_epoch4(NODE0)","6","----0-----0-00----------------000000--","5","51","5","e0h0t0","0202000601","e0h0t0","----0-----0-","00","------------","----000000--","0","2","0","2","0","0","0","6","0","1"
"1849","10","forall NODE1,NODE0. ep_epoch4(NODE0) | held(NODE0) | held(NODE1) | locked_epoch4(NODE1) | transfer_epoch2(NODE0) | transfer_epoch2(NODE1) | transfer_epoch3(NODE0) | transfer_epoch3(NODE1) | transfer_epoch4(NODE0) | transfer_epoch4(NODE1) | NODE0 = NODE1","13","----0-------00---------0------000000--","11","382","3","0102010620","0102010620","e0h0l0t0","----0-------","00","---------0--","----000000--","0","1","0","2","0","1","0","6","2","0"
"1850","3","exists NODE0. held(NODE0) | locked_epoch4(NODE0) | transfer_epoch2(NODE0) | transfer_epoch3(NODE0) | transfer_epoch4(NODE0)","6","------------00--------00------000000--","5","38","1","h0l0t0","0002020601","h0l0t0","------------","00","--------00--","----000000--","0","0","0","2","0","2","0","6","0","1"
"1851","2","exists NODE0. held(NODE0) | transfer_epoch2(NODE0) | transfer_epoch3(NODE0) | transfer_epoch4(NODE0) | transfer_epoch5(NODE0)","6","------------00----------------00000000","5","37","1","h0t0","0002000801","h0t0","------------","00","------------","----00000000","0","0","0","2","0","0","0","8","0","1"
"1852","11","forall NODE1,NODE0. ~locked_epoch2(NODE0) | ep_epoch3(NODE1) | ep_epoch4(NODE1) | ep_epoch5(NODE1) | held(NODE0) | transfer_epoch3(NODE0) | transfer_epoch3(NODE1) | transfer_epoch4(NODE0) | transfer_epoch4(NODE1) | transfer_epoch5(NODE0) | transfer_epoch5(NODE1) | NODE0 = NODE1","14","---------0000-----1-------------000000","12","428","1","0301100620","0301100620","e0h0l1t0","---------000","0-","----1-------","------000000","0","3","0","1","1","0","0","6","2","0"
"1853","11","forall NODE1,NODE0. ~locked_epoch2(NODE0) | ep_epoch3(NODE1) | ep_epoch4(NODE1) | held(NODE0) | locked_epoch5(NODE1) | transfer_epoch3(NODE0) | transfer_epoch3(NODE1) | transfer_epoch4(NODE0) | transfer_epoch4(NODE1) | transfer_epoch5(NODE0) | transfer_epoch5(NODE1) | NODE0 = NODE1","14","---------00-0-----1------0------000000","12","426","3","0201110620","0201110620","e0h0l1l0t0","---------00-","0-","----1------0","------000000","0","2","0","1","1","1","0","6","2","0"
"1854","11","forall NODE1,NODE0. ~locked_epoch2(NODE0) | ep_epoch3(NODE1) | ep_epoch5(NODE1) | held(NODE0) | locked_epoch4(NODE1) | transfer_epoch3(NODE0) | transfer_epoch3(NODE1) | transfer_epoch4(NODE0) | transfer_epoch4(NODE1) | transfer_epoch5(NODE0) | transfer_epoch5(NODE1) | NODE0 = NODE1","14","---------0-00-----1----0--------000000","12","426","3","0201110620","0201110620","e0h0l1l0t0","---------0-0","0-","----1----0--","------000000","0","2","0","1","1","1","0","6","2","0"
"1855","11","forall NODE1,NODE0. ~locked_epoch2(NODE0) | ep_epoch3(NODE1) | held(NODE0) | locked_epoch4(NODE1) | locked_epoch5(NODE1) | transfer_epoch3(NODE0) | transfer_epoch3(NODE1) | transfer_epoch4(NODE0) | transfer_epoch4(NODE1) | transfer_epoch5(NODE0) | transfer_epoch5(NODE1) | NODE0 = NODE1","14","---------0--0-----1----0-0------000000","12","424","3","0101120620","0101120620","e0h0l1l0t0","---------0--","0-","----1----0-0","------000000","0","1","0","1","1","2","0","6","2","0"
"1856","11","forall NODE1,NODE0. ~locked_epoch2(NODE0) | ep_epoch4(NODE1) | ep_epoch5(NODE1) | held(NODE0) | locked_epoch3(NODE1) | transfer_epoch3(NODE0) | transfer_epoch3(NODE1) | transfer_epoch4(NODE0) | transfer_epoch4(NODE1) | transfer_epoch5(NODE0) | transfer_epoch5(NODE1) | NODE0 = NODE1","14","----------000-----1--0----------000000","12","426","3","0201110620","0201110620","e0h0l1l0t0","----------00","0-","----1--0----","------000000","0","2","0","1","1","1","0","6","2","0"
"1857","11","forall NODE1,NODE0. ~locked_epoch2(NODE0) | ep_epoch4(NODE1) | held(NODE0) | locked_epoch3(NODE1) | locked_epoch5(NODE1) | transfer_epoch3(NODE0) | transfer_epoch3(NODE1) | transfer_epoch4(NODE0) | transfer_epoch4(NODE1) | transfer_epoch5(NODE0) | transfer_epoch5(NODE1) | NODE0 = NODE1","14","----------0-0-----1--0---0------000000","12","424","3","0101120620","0101120620","e0h0l1l0t0","----------0-","0-","----1--0---0","------000000","0","1","0","1","1","2","0","6","2","0"
"1858","11","forall NODE1,NODE0. ~locked_epoch2(NODE0) | ep_epoch5(NODE1) | held(NODE0) | locked_epoch3(NODE1) | locked_epoch4(NODE1) | transfer_epoch3(NODE0) | transfer_epoch3(NODE1) | transfer_epoch4(NODE0) | transfer_epoch4(NODE1) | transfer_epoch5(NODE0) | transfer_epoch5(NODE1) | NODE0 = NODE1","14","-----------00-----1--0-0--------000000","12","424","3","0101120620","0101120620","e0h0l1l0t0","-----------0","0-","----1--0-0--","------000000","0","1","0","1","1","2","0","6","2","0"
"1859","11","forall NODE1,NODE0. ~locked_epoch2(NODE0) | held(NODE0) | locked_epoch3(NODE1) | locked_epoch4(NODE1) | locked_epoch5(NODE1) | transfer_epoch3(NODE0) | transfer_epoch3(NODE1) | transfer_epoch4(NODE0) | transfer_epoch4(NODE1) | transfer_epoch5(NODE0) | transfer_epoch5(NODE1) | NODE0 = NODE1","14","------------0-----1--0-0-0------000000","12","423","1","0001130620","0001130620","h0l1l0t0","------------","0-","----1--0-0-0","------000000","0","0","0","1","1","3","0","6","2","0"
"1860","11","forall NODE1,NODE0. ep_epoch0(NODE0) | ep_epoch0(NODE1) | ep_epoch1(NODE0) | ep_epoch1(NODE1) | ep_epoch2(NODE0) | ep_epoch2(NODE1) | ep_epoch4(NODE1) | ep_epoch5(NODE1) | held(NODE0) | transfer_epoch5(NODE0) | transfer_epoch5(NODE1) | NODE0 = NODE1","14","000-00000----0----------------------00","12","435","11","0801000220","0801000220","e0h0t0","000-00000---","-0","------------","----------00","0","8","0","1","0","0","0","2","2","0"
"1861","11","forall NODE1,NODE0. ep_epoch0(NODE0) | ep_epoch0(NODE1) | ep_epoch1(NODE0) | ep_epoch1(NODE1) | ep_epoch2(NODE0) | ep_epoch2(NODE1) | ep_epoch4(NODE1) | held(NODE0) | locked_epoch5(NODE1) | transfer_epoch5(NODE0) | transfer_epoch5(NODE1) | NODE0 = NODE1","14","000-0-000----0----------0-----------00","12","434","27","0701010220","0701010220","e0h0l0t0","000-0-000---","-0","----------0-","----------00","0","7","0","1","0","1","0","2","2","0"
"1862","11","forall NODE1,NODE0. ep_epoch0(NODE0) | ep_epoch0(NODE1) | ep_epoch1(NODE0) | ep_epoch1(NODE1) | ep_epoch2(NODE0) | ep_epoch2(NODE1) | ep_epoch5(NODE1) | held(NODE0) | locked_epoch4(NODE1) | transfer_epoch5(NODE0) | transfer_epoch5(NODE1) | NODE0 = NODE1","14","000--0000----0--------0-------------00","12","434","27","0701010220","0701010220","e0h0l0t0","000--0000---","-0","--------0---","----------00","0","7","0","1","0","1","0","2","2","0"
"1863","11","forall NODE1,NODE0. ep_epoch0(NODE0) | ep_epoch0(NODE1) | ep_epoch1(NODE0) | ep_epoch1(NODE1) | ep_epoch2(NODE0) | ep_epoch2(NODE1) | held(NODE0) | locked_epoch4(NODE1) | locked_epoch5(NODE1) | transfer_epoch5(NODE0) | transfer_epoch5(NODE1) | NODE0 = NODE1","14","000---000---0----------0-0----------00","12","433","21","0601020220","0601020220","e0h0l0t0","000---000---","0-","---------0-0","----------00","0","6","0","1","0","2","0","2","2","0"
"1864","11","forall NODE1,NODE0. ep_epoch0(NODE0) | ep_epoch0(NODE1) | ep_epoch1(NODE0) | ep_epoch1(NODE1) | ep_epoch3(NODE0) | ep_epoch3(NODE1) | ep_epoch4(NODE1) | ep_epoch5(NODE1) | held(NODE0) | transfer_epoch5(NODE0) | transfer_epoch5(NODE1) | NODE0 = NODE1","14","00-00000-0---0----------------------00","12","435","11","0801000220","0801000220","e0h0t0","00-00000-0--","-0","------------","----------00","0","8","0","1","0","0","0","2","2","0"
"1865","11","forall NODE1,NODE0. ep_epoch0(NODE0) | ep_epoch0(NODE1) | ep_epoch1(NODE0) | ep_epoch1(NODE1) | ep_epoch3(NODE0) | ep_epoch3(NODE1) | ep_epoch4(NODE1) | held(NODE0) | locked_epoch5(NODE1) | transfer_epoch5(NODE0) | transfer_epoch5(NODE1) | NODE0 = NODE1","14","00-00-00-0---0----------0-----------00","12","434","27","0701010220","0701010220","e0h0l0t0","00-00-00-0--","-0","----------0-","----------00","0","7","0","1","0","1","0","2","2","0"
"1866","11","forall NODE1,NODE0. ep_epoch0(NODE0) | ep_epoch0(NODE1) | ep_epoch1(NODE0) | ep_epoch1(NODE1) | ep_epoch3(NODE0) | ep_epoch3(NODE1) | ep_epoch5(NODE1) | held(NODE0) | locked_epoch4(NODE1) | transfer_epoch5(NODE0) | transfer_epoch5(NODE1) | NODE0 = NODE1","14","00-0-000-0---0--------0-------------00","12","434","27","0701010220","0701010220","e0h0l0t0","00-0-000-0--","-0","--------0---","----------00","0","7","0","1","0","1","0","2","2","0"
"1867","11","forall NODE1,NODE0. ep_epoch0(NODE0) | ep_epoch0(NODE1) | ep_epoch1(NODE0) | ep_epoch1(NODE1) | ep_epoch3(NODE0) | ep_epoch3(NODE1) | held(NODE0) | locked_epoch4(NODE1) | locked_epoch5(NODE1) | transfer_epoch5(NODE0) | transfer_epoch5(NODE1) | NODE0 = NODE1","14","00-0--00-0--0----------0-0----------00","12","433","21","0601020220","0601020220","e0h0l0t0","00-0--00-0--","0-","---------0-0","----------00","0","6","0","1","0","2","0","2","2","0"
"1868","11","forall NODE1,NODE0. ep_epoch0(NODE0) | ep_epoch0(NODE1) | ep_epoch1(NODE0) | ep_epoch1(NODE1) | ep_epoch3(NODE1) | ep_epoch4(NODE0) | ep_epoch4(NODE1) | ep_epoch5(NODE1) | held(NODE0) | transfer_epoch4(NODE0) | transfer_epoch4(NODE1) | NODE0 = NODE1","14","00-00000--0--0--------------------00--","12","435","11","0801000220","0801000220","e0h0t0","00-00000--0-","-0","------------","--------00--","0","8","0","1","0","0","0","2","2","0"
"1869","11","forall NODE1,NODE0. ep_epoch0(NODE0) | ep_epoch0(NODE1) | ep_epoch1(NODE0) | ep_epoch1(NODE1) | ep_epoch3(NODE1) | ep_epoch4(NODE0) | ep_epoch4(NODE1) | held(NODE0) | locked_epoch5(NODE1) | transfer_epoch4(NODE0) | transfer_epoch4(NODE1) | NODE0 = NODE1","14","00-00-00--0--0----------0---------00--","12","434","27","0701010220","0701010220","e0h0l0t0","00-00-00--0-","-0","----------0-","--------00--","0","7","0","1","0","1","0","2","2","0"
"1870","11","forall NODE1,NODE0. ep_epoch0(NODE0) | ep_epoch0(NODE1) | ep_epoch1(NODE0) | ep_epoch1(NODE1) | ep_epoch3(NODE1) | ep_epoch4(NODE1) | ep_epoch5(NODE1) | held(NODE0) | locked_epoch4(NODE0) | transfer_epoch4(NODE0) | transfer_epoch4(NODE1) | NODE0 = NODE1","14","00-00000-----0---------0----------00--","12","434","27","0701010220","0701010220","e0h0l0t0","00-00000----","-0","---------0--","--------00--","0","7","0","1","0","1","0","2","2","0"
"1871","11","forall NODE1,NODE0. ep_epoch0(NODE0) | ep_epoch0(NODE1) | ep_epoch1(NODE0) | ep_epoch1(NODE1) | ep_epoch3(NODE1) | ep_epoch4(NODE1) | held(NODE0) | locked_epoch4(NODE0) | locked_epoch5(NODE1) | transfer_epoch4(NODE0) | transfer_epoch4(NODE1) | NODE0 = NODE1","14","00-00-00-----0---------00---------00--","12","433","21","0601020220","0601020220","e0h0l0t0","00-00-00----","-0","---------00-","--------00--","0","6","0","1","0","2","0","2","2","0"
"1872","11","forall NODE1,NODE0. ep_epoch0(NODE0) | ep_epoch0(NODE1) | ep_epoch1(NODE0) | ep_epoch1(NODE1) | ep_epoch4(NODE0) | ep_epoch4(NODE1) | ep_epoch5(NODE1) | held(NODE0) | locked_epoch3(NODE1) | transfer_epoch4(NODE0) | transfer_epoch4(NODE1) | NODE0 = NODE1","14","00--0000--0--0------0-------------00--","12","434","27","0701010220","0701010220","e0h0l0t0","00--0000--0-","-0","------0-----","--------00--","0","7","0","1","0","1","0","2","2","0"
"1873","11","forall NODE1,NODE0. ep_epoch0(NODE0) | ep_epoch0(NODE1) | ep_epoch1(NODE0) | ep_epoch1(NODE1) | ep_epoch4(NODE0) | ep_epoch4(NODE1) | held(NODE0) | locked_epoch3(NODE1) | locked_epoch5(NODE1) | transfer_epoch4(NODE0) | transfer_epoch4(NODE1) | NODE0 = NODE1","14","00--0-00--0-0--------0---0--------00--","12","433","21","0601020220","0601020220","e0h0l0t0","00--0-00--0-","0-","-------0---0","--------00--","0","6","0","1","0","2","0","2","2","0"
"1874","11","forall NODE1,NODE0. ep_epoch0(NODE0) | ep_epoch0(NODE1) | ep_epoch1(NODE0) | ep_epoch1(NODE1) | ep_epoch4(NODE1) | ep_epoch5(NODE1) | held(NODE0) | locked_epoch3(NODE1) | locked_epoch4(NODE0) | transfer_epoch4(NODE0) | transfer_epoch4(NODE1) | NODE0 = NODE1","14","00--0000-----0------0--0----------00--","12","433","21","0601020220","0601020220","e0h0l0t0","00--0000----","-0","------0--0--","--------00--","0","6","0","1","0","2","0","2","2","0"
"1875","11","forall NODE1,NODE0. ep_epoch0(NODE0) | ep_epoch0(NODE1) | ep_epoch1(NODE0) | ep_epoch1(NODE1) | ep_epoch4(NODE1) | held(NODE0) | locked_epoch3(NODE1) | locked_epoch4(NODE0) | locked_epoch5(NODE1) | transfer_epoch4(NODE0) | transfer_epoch4(NODE1) | NODE0 = NODE1","14","00--0-00-----0------0--00---------00--","12","431","5","0501030220","0501030220","e0h0l0t0","00--0-00----","-0","------0--00-","--------00--","0","5","0","1","0","3","0","2","2","0"
"1876","11","forall NODE1,NODE0. ep_epoch0(NODE0) | ep_epoch0(NODE1) | ep_epoch2(NODE0) | ep_epoch2(NODE1) | ep_epoch3(NODE0) | ep_epoch3(NODE1) | ep_epoch4(NODE1) | ep_epoch5(NODE1) | held(NODE0) | transfer_epoch5(NODE0) | transfer_epoch5(NODE1) | NODE0 = NODE1","14","0-00000-00---0----------------------00","12","435","11","0801000220","0801000220","e0h0t0","0-00000-00--","-0","------------","----------00","0","8","0","1","0","0","0","2","2","0"
"1877","11","forall NODE1,NODE0. ep_epoch0(NODE0) | ep_epoch0(NODE1) | ep_epoch2(NODE0) | ep_epoch2(NODE1) | ep_epoch3(NODE0) | ep_epoch3(NODE1) | ep_epoch4(NODE1) | held(NODE0) | locked_epoch5(NODE1) | transfer_epoch5(NODE0) | transfer_epoch5(NODE1) | NODE0 = NODE1","14","0-000-0-00---0----------0-----------00","12","434","27","0701010220","0701010220","e0h0l0t0","0-000-0-00--","-0","----------0-","----------00","0","7","0","1","0","1","0","2","2","0"
"1878","11","forall NODE1,NODE0. ep_epoch0(NODE0) | ep_epoch0(NODE1) | ep_epoch2(NODE0) | ep_epoch2(NODE1) | ep_epoch3(NODE0) | ep_epoch3(NODE1) | ep_epoch5(NODE1) | held(NODE0) | locked_epoch4(NODE1) | transfer_epoch5(NODE0) | transfer_epoch5(NODE1) | NODE0 = NODE1","14","0-00-00-00---0--------0-------------00","12","434","27","0701010220","0701010220","e0h0l0t0","0-00-00-00--","-0","--------0---","----------00","0","7","0","1","0","1","0","2","2","0"
"1879","11","forall NODE1,NODE0. ep_epoch0(NODE0) | ep_epoch0(NODE1) | ep_epoch2(NODE0) | ep_epoch2(NODE1) | ep_epoch3(NODE0) | ep_epoch3(NODE1) | held(NODE0) | locked_epoch4(NODE1) | locked_epoch5(NODE1) | transfer_epoch5(NODE0) | transfer_epoch5(NODE1) | NODE0 = NODE1","14","0-00--0-00--0----------0-0----------00","12","433","21","0601020220","0601020220","e0h0l0t0","0-00--0-00--","0-","---------0-0","----------00","0","6","0","1","0","2","0","2","2","0"
"1880","11","forall NODE1,NODE0. ep_epoch0(NODE0) | ep_epoch0(NODE1) | ep_epoch2(NODE0) | ep_epoch2(NODE1) | ep_epoch3(NODE1) | ep_epoch4(NODE0) | ep_epoch4(NODE1) | ep_epoch5(NODE1) | held(NODE0) | transfer_epoch4(NODE0) | transfer_epoch4(NODE1) | NODE0 = NODE1","14","0-00000-0-0--0--------------------00--","12","435","11","0801000220","0801000220","e0h0t0","0-00000-0-0-","-0","------------","--------00--","0","8","0","1","0","0","0","2","2","0"
"1881","11","forall NODE1,NODE0. ep_epoch0(NODE0) | ep_epoch0(NODE1) | ep_epoch2(NODE0) | ep_epoch2(NODE1) | ep_epoch3(NODE1) | ep_epoch4(NODE0) | ep_epoch4(NODE1) | held(NODE0) | locked_epoch5(NODE1) | transfer_epoch4(NODE0) | transfer_epoch4(NODE1) | NODE0 = NODE1","14","0-000-0-0-0--0----------0---------00--","12","434","27","0701010220","0701010220","e0h0l0t0","0-000-0-0-0-","-0","----------0-","--------00--","0","7","0","1","0","1","0","2","2","0"
"1882","11","forall NODE1,NODE0. ep_epoch0(NODE0) | ep_epoch0(NODE1) | ep_epoch2(NODE0) | ep_epoch2(NODE1) | ep_epoch3(NODE1) | ep_epoch4(NODE1) | ep_epoch5(NODE1) | held(NODE0) | locked_epoch4(NODE0) | transfer_epoch4(NODE0) | transfer_epoch4(NODE1) | NODE0 = NODE1","14","0-00000-0----0---------0----------00--","12","434","27","0701010220","0701010220","e0h0l0t0","0-00000-0---","-0","---------0--","--------00--","0","7","0","1","0","1","0","2","2","0"
"1883","11","forall NODE1,NODE0. ep_epoch0(NODE0) | ep_epoch0(NODE1) | ep_epoch2(NODE0) | ep_epoch2(NODE1) | ep_epoch3(NODE1) | ep_epoch4(NODE1) | held(NODE0) | locked_epoch4(NODE0) | locked_epoch5(NODE1) | transfer_epoch4(NODE0) | transfer_epoch4(NODE1) | NODE0 = NODE1","14","0-000-0-0----0---------00---------00--","12","433","21","0601020220","0601020220","e0h0l0t0","0-000-0-0---","-0","---------00-","--------00--","0","6","0","1","0","2","0","2","2","0"
"1884","11","forall NODE1,NODE0. ep_epoch0(NODE0) | ep_epoch0(NODE1) | ep_epoch2(NODE0) | ep_epoch2(NODE1) | ep_epoch4(NODE0) | ep_epoch4(NODE1) | ep_epoch5(NODE1) | held(NODE0) | locked_epoch3(NODE1) | transfer_epoch4(NODE0) | transfer_epoch4(NODE1) | NODE0 = NODE1","14","0-0-000-0-0--0------0-------------00--","12","434","27","0701010220","0701010220","e0h0l0t0","0-0-000-0-0-","-0","------0-----","--------00--","0","7","0","1","0","1","0","2","2","0"
"1885","11","forall NODE1,NODE0. ep_epoch0(NODE0) | ep_epoch0(NODE1) | ep_epoch2(NODE0) | ep_epoch2(NODE1) | ep_epoch4(NODE0) | ep_epoch4(NODE1) | held(NODE0) | locked_epoch3(NODE1) | locked_epoch5(NODE1) | transfer_epoch4(NODE0) | transfer_epoch4(NODE1) | NODE0 = NODE1","14","0-0-0-0-0-0-0--------0---0--------00--","12","433","21","0601020220","0601020220","e0h0l0t0","0-0-0-0-0-0-","0-","-------0---0","--------00--","0","6","0","1","0","2","0","2","2","0"
"1886","11","forall NODE1,NODE0. ep_epoch0(NODE0) | ep_epoch0(NODE1) | ep_epoch2(NODE0) | ep_epoch2(NODE1) | ep_epoch4(NODE1) | ep_epoch5(NODE1) | held(NODE0) | locked_epoch3(NODE1) | locked_epoch4(NODE0) | transfer_epoch4(NODE0) | transfer_epoch4(NODE1) | NODE0 = NODE1","14","0-0-000-0----0------0--0----------00--","12","433","21","0601020220","0601020220","e0h0l0t0","0-0-000-0---","-0","------0--0--","--------00--","0","6","0","1","0","2","0","2","2","0"
"1887","11","forall NODE1,NODE0. ep_epoch0(NODE0) | ep_epoch0(NODE1) | ep_epoch2(NODE0) | ep_epoch2(NODE1) | ep_epoch4(NODE1) | held(NODE0) | locked_epoch3(NODE1) | locked_epoch4(NODE0) | locked_epoch5(NODE1) | transfer_epoch4(NODE0) | transfer_epoch4(NODE1) | NODE0 = NODE1","14","0-0-0-0-0----0------0--00---------00--","12","431","5","0501030220","0501030220","e0h0l0t0","0-0-0-0-0---","-0","------0--00-","--------00--","0","5","0","1","0","3","0","2","2","0"
"1888","11","forall NODE1,NODE0. ep_epoch0(NODE0) | ep_epoch0(NODE1) | ep_epoch2(NODE1) | ep_epoch3(NODE0) | ep_epoch3(NODE1) | ep_epoch4(NODE0) | ep_epoch4(NODE1) | ep_epoch5(NODE1) | held(NODE0) | transfer_epoch3(NODE0) | transfer_epoch3(NODE1) | NODE0 = NODE1","14","0-00000--00--0------------------00----","12","435","11","0801000220","0801000220","e0h0t0","0-00000--00-","-0","------------","------00----","0","8","0","1","0","0","0","2","2","0"
"1889","11","forall NODE1,NODE0. ep_epoch0(NODE0) | ep_epoch0(NODE1) | ep_epoch2(NODE1) | ep_epoch3(NODE0) | ep_epoch3(NODE1) | ep_epoch4(NODE0) | ep_epoch4(NODE1) | held(NODE0) | locked_epoch5(NODE1) | transfer_epoch3(NODE0) | transfer_epoch3(NODE1) | NODE0 = NODE1","14","0-000-0--00--0----------0-------00----","12","434","27","0701010220","0701010220","e0h0l0t0","0-000-0--00-","-0","----------0-","------00----","0","7","0","1","0","1","0","2","2","0"
"1890","11","forall NODE1,NODE0. ep_epoch0(NODE0) | ep_epoch0(NODE1) | ep_epoch2(NODE1) | ep_epoch3(NODE0) | ep_epoch3(NODE1) | ep_epoch4(NODE1) | ep_epoch5(NODE1) | held(NODE0) | locked_epoch4(NODE0) | transfer_epoch3(NODE0) | transfer_epoch3(NODE1) | NODE0 = NODE1","14","0-00000--0---0---------0--------00----","12","434","27","0701010220","0701010220","e0h0l0t0","0-00000--0--","-0","---------0--","------00----","0","7","0","1","0","1","0","2","2","0"
"1891","11","forall NODE1,NODE0. ep_epoch0(NODE0) | ep_epoch0(NODE1) | ep_epoch2(NODE1) | ep_epoch3(NODE0) | ep_epoch3(NODE1) | ep_epoch4(NODE1) | held(NODE0) | locked_epoch4(NODE0) | locked_epoch5(NODE1) | transfer_epoch3(NODE0) | transfer_epoch3(NODE1) | NODE0 = NODE1","14","0-000-0--0---0---------00-------00----","12","433","21","0601020220","0601020220","e0h0l0t0","0-000-0--0--","-0","---------00-","------00----","0","6","0","1","0","2","0","2","2","0"
"1892","11","forall NODE1,NODE0. ep_epoch0(NODE0) | ep_epoch0(NODE1) | ep_epoch2(NODE1) | ep_epoch3(NODE1) | ep_epoch4(NODE0) | held(NODE0) | locked_epoch4(NODE1) | transfer_epoch3(NODE0) | transfer_epoch3(NODE1) | transfer_epoch4(NODE0) | transfer_epoch4(NODE1) | NODE0 = NODE1","14","0-00--0---0--0--------0---------0000--","12","430","21","0501010420","0501010420","e0h0l0t0","0-00--0---0-","-0","--------0---","------0000--","0","5","0","1","0","1","0","4","2","0"
"1893","11","forall NODE1,NODE0. ep_epoch0(NODE0) | ep_epoch0(NODE1) | ep_epoch2(NODE1) | ep_epoch3(NODE1) | held(NODE0) | locked_epoch4(NODE0) | locked_epoch4(NODE1) | transfer_epoch3(NODE0) | transfer_epoch3(NODE1) | transfer_epoch4(NODE0) | transfer_epoch4(NODE1) | NODE0 = NODE1","14","0-00--0------0--------00--------0000--","12","429","40","0401020420","0401020420","e0h0l0t0","0-00--0-----","-0","--------00--","------0000--","0","4","0","1","0","2","0","4","2","0"
"1894","11","forall NODE1,NODE0. ep_epoch0(NODE0) | ep_epoch0(NODE1) | ep_epoch2(NODE1) | ep_epoch3(NODE0) | ep_epoch5(NODE1) | held(NODE0) | locked_epoch3(NODE1) | transfer_epoch3(NODE0) | transfer_epoch3(NODE1) | transfer_epoch5(NODE0) | transfer_epoch5(NODE1) | NODE0 = NODE1","14","0-0--00--0---0------0-----------00--00","12","430","21","0501010420","0501010420","e0h0l0t0","0-0--00--0--","-0","------0-----","------00--00","0","5","0","1","0","1","0","4","2","0"
"1895","11","forall NODE1,NODE0. ep_epoch0(NODE0) | ep_epoch0(NODE1) | ep_epoch2(NODE1) | ep_epoch3(NODE0) | held(NODE0) | locked_epoch3(NODE1) | locked_epoch5(NODE1) | transfer_epoch3(NODE0) | transfer_epoch3(NODE1) | transfer_epoch5(NODE0) | transfer_epoch5(NODE1) | NODE0 = NODE1","14","0-0---0--0---0------0---0-------00--00","12","429","40","0401020420","0401020420","e0h0l0t0","0-0---0--0--","-0","------0---0-","------00--00","0","4","0","1","0","2","0","4","2","0"
"1896","11","forall NODE1,NODE0. ep_epoch0(NODE0) | ep_epoch0(NODE1) | ep_epoch2(NODE0) | ep_epoch4(NODE1) | ep_epoch5(NODE1) | held(NODE0) | locked_epoch2(NODE1) | transfer_epoch4(NODE0) | transfer_epoch4(NODE1) | transfer_epoch5(NODE0) | transfer_epoch5(NODE1) | NODE0 = NODE1","14","0-0---0---000------0--------------0000","12","430","21","0501010420","0501010420","e0h0l0t0","0-0---0---00","0-","-----0------","--------0000","0","5","0","1","0","1","0","4","2","0"
"1897","11","forall NODE1,NODE0. ep_epoch0(NODE0) | ep_epoch0(NODE1) | ep_epoch2(NODE0) | ep_epoch4(NODE1) | held(NODE0) | locked_epoch2(NODE1) | locked_epoch5(NODE1) | transfer_epoch4(NODE0) | transfer_epoch4(NODE1) | transfer_epoch5(NODE0) | transfer_epoch5(NODE1) | NODE0 = NODE1","14","0-0---0---0-0------0-----0--------0000","12","429","40","0401020420","0401020420","e0h0l0t0","0-0---0---0-","0-","-----0-----0","--------0000","0","4","0","1","0","2","0","4","2","0"
"1898","11","forall NODE1,NODE0. ep_epoch0(NODE0) | ep_epoch0(NODE1) | ep_epoch2(NODE1) | ep_epoch4(NODE0) | held(NODE0) | locked_epoch3(NODE1) | locked_epoch4(NODE1) | transfer_epoch3(NODE0) | transfer_epoch3(NODE1) | transfer_epoch4(NODE0) | transfer_epoch4(NODE1) | NODE0 = NODE1","14","0-0---0---0--0------0-0---------0000--","12","429","40","0401020420","0401020420","e0h0l0t0","0-0---0---0-","-0","------0-0---","------0000--","0","4","0","1","0","2","0","4","2","0"
"1899","11","forall NODE1,NODE0. ep_epoch0(NODE0) | ep_epoch0(NODE1) | ep_epoch2(NODE0) | ep_epoch5(NODE1) | held(NODE0) | locked_epoch2(NODE1) | locked_epoch4(NODE1) | transfer_epoch4(NODE0) | transfer_epoch4(NODE1) | transfer_epoch5(NODE0) | transfer_epoch5(NODE1) | NODE0 = NODE1","14","0-0---0----00------0---0----------0000","12","429","40","0401020420","0401020420","e0h0l0t0","0-0---0----0","0-","-----0---0--","--------0000","0","4","0","1","0","2","0","4","2","0"
"1900","11","forall NODE1,NODE0. ep_epoch0(NODE0) | ep_epoch0(NODE1) | ep_epoch2(NODE0) | held(NODE0) | locked_epoch2(NODE1) | locked_epoch4(NODE1) | locked_epoch5(NODE1) | transfer_epoch4(NODE0) | transfer_epoch4(NODE1) | transfer_epoch5(NODE0) | transfer_epoch5(NODE1) | NODE0 = NODE1","14","0-0---0-----0------0---0-0--------0000","12","427","27","0301030420","0301030420","e0h0l0t0","0-0---0-----","0-","-----0---0-0","--------0000","0","3","0","1","0","3","0","4","2","0"
"1901","11","forall NODE1,NODE0. ep_epoch0(NODE0) | ep_epoch0(NODE1) | ep_epoch2(NODE1) | held(NODE0) | locked_epoch3(NODE1) | locked_epoch4(NODE0) | locked_epoch4(NODE1) | transfer_epoch3(NODE0) | transfer_epoch3(NODE1) | transfer_epoch4(NODE0) | transfer_epoch4(NODE1) | NODE0 = NODE1","14","0-0---0------0------0-00--------0000--","12","427","27","0301030420","0301030420","e0h0l0t0","0-0---0-----","-0","------0-00--","------0000--","0","3","0","1","0","3","0","4","2","0"
"1902","11","forall NODE1,NODE0. ep_epoch0(NODE0) | ep_epoch0(NODE1) | ep_epoch3(NODE0) | ep_epoch3(NODE1) | ep_epoch4(NODE0) | ep_epoch4(NODE1) | ep_epoch5(NODE1) | held(NODE0) | locked_epoch2(NODE1) | transfer_epoch3(NODE0) | transfer_epoch3(NODE1) | NODE0 = NODE1","14","0--0000--00--0----0-------------00----","12","434","27","0701010220","0701010220","e0h0l0t0","0--0000--00-","-0","----0-------","------00----","0","7","0","1","0","1","0","2","2","0"
"1903","11","forall NODE1,NODE0. ep_epoch0(NODE0) | ep_epoch0(NODE1) | ep_epoch3(NODE0) | ep_epoch3(NODE1) | ep_epoch4(NODE0) | ep_epoch4(NODE1) | held(NODE0) | locked_epoch2(NODE1) | locked_epoch5(NODE1) | transfer_epoch3(NODE0) | transfer_epoch3(NODE1) | NODE0 = NODE1","14","0--00-0--00-0------0-----0------00----","12","433","21","0601020220","0601020220","e0h0l0t0","0--00-0--00-","0-","-----0-----0","------00----","0","6","0","1","0","2","0","2","2","0"
"1904","11","forall NODE1,NODE0. ep_epoch0(NODE0) | ep_epoch0(NODE1) | ep_epoch3(NODE0) | ep_epoch3(NODE1) | ep_epoch4(NODE1) | ep_epoch5(NODE1) | held(NODE0) | locked_epoch2(NODE1) | locked_epoch4(NODE0) | transfer_epoch3(NODE0) | transfer_epoch3(NODE1) | NODE0 = NODE1","14","0--0000--0---0----0----0--------00----","12","433","21","0601020220","0601020220","e0h0l0t0","0--0000--0--","-0","----0----0--","------00----","0","6","0","1","0","2","0","2","2","0"
"1905","11","forall NODE1,NODE0. ep_epoch0(NODE0) | ep_epoch0(NODE1) | ep_epoch3(NODE0) | ep_epoch3(NODE1) | ep_epoch4(NODE1) | held(NODE0) | locked_epoch2(NODE1) | locked_epoch4(NODE0) | locked_epoch5(NODE1) | transfer_epoch3(NODE0) | transfer_epoch3(NODE1) | NODE0 = NODE1","14","0--00-0--0---0----0----00-------00----","12","431","5","0501030220","0501030220","e0h0l0t0","0--00-0--0--","-0","----0----00-","------00----","0","5","0","1","0","3","0","2","2","0"
"1906","11","forall NODE1,NODE0. ep_epoch0(NODE0) | ep_epoch0(NODE1) | ep_epoch3(NODE1) | ep_epoch4(NODE0) | held(NODE0) | locked_epoch2(NODE1) | locked_epoch4(NODE1) | transfer_epoch3(NODE0) | transfer_epoch3(NODE1) | transfer_epoch4(NODE0) | transfer_epoch4(NODE1) | NODE0 = NODE1","14","0--0--0---0--0----0---0---------0000--","12","429","40","0401020420","0401020420","e0h0l0t0","0--0--0---0-","-0","----0---0---","------0000--","0","4","0","1","0","2","0","4","2","0"
"1907","11","forall NODE1,NODE0. ep_epoch0(NODE0) | ep_epoch0(NODE1) | ep_epoch3(NODE0) | ep_epoch5(NODE1) | held(NODE0) | locked_epoch2(NODE1) | locked_epoch3(NODE1) | transfer_epoch3(NODE0) | transfer_epoch3(NODE1) | transfer_epoch5(NODE0) | transfer_epoch5(NODE1) | NODE0 = NODE1","14","0--0--0----00------0-0----------00--00","12","429","40","0401020420","0401020420","e0h0l0t0","0--0--0----0","0-","-----0-0----","------00--00","0","4","0","1","0","2","0","4","2","0"
"1908","11","forall NODE1,NODE0. ep_epoch0(NODE0) | ep_epoch0(NODE1) | ep_epoch3(NODE0) | held(NODE0) | locked_epoch2(NODE1) | locked_epoch3(NODE1) | locked_epoch5(NODE1) | transfer_epoch3(NODE0) | transfer_epoch3(NODE1) | transfer_epoch5(NODE0) | transfer_epoch5(NODE1) | NODE0 = NODE1","14","0--0--0-----0------0-0---0------00--00","12","427","27","0301030420","0301030420","e0h0l0t0","0--0--0-----","0-","-----0-0---0","------00--00","0","3","0","1","0","3","0","4","2","0"
"1909","11","forall NODE1,NODE0. ep_epoch0(NODE0) | ep_epoch0(NODE1) | ep_epoch3(NODE1) | held(NODE0) | locked_epoch2(NODE1) | locked_epoch4(NODE0) | locked_epoch4(NODE1) | transfer_epoch3(NODE0) | transfer_epoch3(NODE1) | transfer_epoch4(NODE0) | transfer_epoch4(NODE1) | NODE0 = NODE1","14","0--0--0------0----0---00--------0000--","12","427","27","0301030420","0301030420","e0h0l0t0","0--0--0-----","-0","----0---00--","------0000--","0","3","0","1","0","3","0","4","2","0"
"1910","11","forall NODE1,NODE0. ep_epoch0(NODE0) | ep_epoch0(NODE1) | ep_epoch4(NODE0) | held(NODE0) | locked_epoch2(NODE1) | locked_epoch3(NODE1) | locked_epoch4(NODE1) | transfer_epoch3(NODE0) | transfer_epoch3(NODE1) | transfer_epoch4(NODE0) | transfer_epoch4(NODE1) | NODE0 = NODE1","14","0---0-0-----0------0-0-0--------0000--","12","427","27","0301030420","0301030420","e0h0l0t0","0---0-0-----","0-","-----0-0-0--","------0000--","0","3","0","1","0","3","0","4","2","0"
"1911","11","forall NODE1,NODE0. ep_epoch0(NODE0) | ep_epoch0(NODE1) | held(NODE0) | locked_epoch2(NODE1) | locked_epoch3(NODE1) | locked_epoch4(NODE0) | locked_epoch4(NODE1) | transfer_epoch3(NODE0) | transfer_epoch3(NODE1) | transfer_epoch4(NODE0) | transfer_epoch4(NODE1) | NODE0 = NODE1","14","0-----0-----0------0-000--------0000--","12","425","6","0201040420","0201040420","e0h0l0t0","0-----0-----","0-","-----0-000--","------0000--","0","2","0","1","0","4","0","4","2","0"
"1912","11","forall NODE1,NODE0. ep_epoch0(NODE0) | ep_epoch1(NODE0) | ep_epoch3(NODE0) | ep_epoch3(NODE1) | ep_epoch4(NODE1) | ep_epoch5(NODE1) | held(NODE0) | transfer_epoch3(NODE0) | transfer_epoch3(NODE1) | transfer_epoch5(NODE0) | transfer_epoch5(NODE1) | NODE0 = NODE1","14","00-0-----0000-------------------00--00","12","432","2","0601000420","0601000420","e0h0t0","00-0-----000","0-","------------","------00--00","0","6","0","1","0","0","0","4","2","0"
"1913","11","forall NODE1,NODE0. ep_epoch0(NODE0) | ep_epoch1(NODE0) | ep_epoch3(NODE0) | ep_epoch3(NODE1) | ep_epoch4(NODE1) | held(NODE0) | locked_epoch5(NODE1) | transfer_epoch3(NODE0) | transfer_epoch3(NODE1) | transfer_epoch5(NODE0) | transfer_epoch5(NODE1) | NODE0 = NODE1","14","00-0-----00-0------------0------00--00","12","430","21","0501010420","0501010420","e0h0l0t0","00-0-----00-","0-","-----------0","------00--00","0","5","0","1","0","1","0","4","2","0"
"1914","11","forall NODE1,NODE0. ep_epoch0(NODE0) | ep_epoch1(NODE0) | ep_epoch3(NODE0) | ep_epoch3(NODE1) | ep_epoch5(NODE1) | held(NODE0) | locked_epoch4(NODE1) | transfer_epoch3(NODE0) | transfer_epoch3(NODE1) | transfer_epoch5(NODE0) | transfer_epoch5(NODE1) | NODE0 = NODE1","14","00-0-----0-00----------0--------00--00","12","430","21","0501010420","0501010420","e0h0l0t0","00-0-----0-0","0-","---------0--","------00--00","0","5","0","1","0","1","0","4","2","0"
"1915","11","forall NODE1,NODE0. ep_epoch0(NODE0) | ep_epoch1(NODE0) | ep_epoch3(NODE0) | ep_epoch3(NODE1) | held(NODE0) | locked_epoch4(NODE1) | locked_epoch5(NODE1) | transfer_epoch3(NODE0) | transfer_epoch3(NODE1) | transfer_epoch5(NODE0) | transfer_epoch5(NODE1) | NODE0 = NODE1","14","00-0-----0--0----------0-0------00--00","12","429","40","0401020420","0401020420","e0h0l0t0","00-0-----0--","0-","---------0-0","------00--00","0","4","0","1","0","2","0","4","2","0"
"1916","11","forall NODE1,NODE0. ep_epoch0(NODE0) | ep_epoch1(NODE0) | ep_epoch3(NODE1) | ep_epoch4(NODE0) | ep_epoch4(NODE1) | ep_epoch5(NODE1) | held(NODE0) | transfer_epoch3(NODE0) | transfer_epoch3(NODE1) | transfer_epoch4(NODE0) | transfer_epoch4(NODE1) | NODE0 = NODE1","14","00--0----0000-------------------0000--","12","432","2","0601000420","0601000420","e0h0t0","00--0----000","0-","------------","------0000--","0","6","0","1","0","0","0","4","2","0"
"1917","11","forall NODE1,NODE0. ep_epoch0(NODE0) | ep_epoch1(NODE0) | ep_epoch3(NODE1) | ep_epoch4(NODE0) | ep_epoch4(NODE1) | held(NODE0) | locked_epoch5(NODE1) | transfer_epoch3(NODE0) | transfer_epoch3(NODE1) | transfer_epoch4(NODE0) | transfer_epoch4(NODE1) | NODE0 = NODE1","14","00--0----00-0------------0------0000--","12","430","21","0501010420","0501010420","e0h0l0t0","00--0----00-","0-","-----------0","------0000--","0","5","0","1","0","1","0","4","2","0"
"1918","11","forall NODE1,NODE0. ep_epoch0(NODE0) | ep_epoch1(NODE0) | ep_epoch3(NODE1) | ep_epoch4(NODE1) | ep_epoch5(NODE1) | held(NODE0) | locked_epoch4(NODE0) | transfer_epoch3(NODE0) | transfer_epoch3(NODE1) | transfer_epoch4(NODE0) | transfer_epoch4(NODE1) | NODE0 = NODE1","14","00-------0000---------0---------0000--","12","430","21","0501010420","0501010420","e0h0l0t0","00-------000","0-","--------0---","------0000--","0","5","0","1","0","1","0","4","2","0"
"1919","11","forall NODE1,NODE0. ep_epoch0(NODE0) | ep_epoch1(NODE0) | ep_epoch3(NODE1) | ep_epoch4(NODE1) | held(NODE0) | locked_epoch4(NODE0) | locked_epoch5(NODE1) | transfer_epoch3(NODE0) | transfer_epoch3(NODE1) | transfer_epoch4(NODE0) | transfer_epoch4(NODE1) | NODE0 = NODE1","14","00-------00-0---------0--0------0000--","12","429","40","0401020420","0401020420","e0h0l0t0","00-------00-","0-","--------0--0","------0000--","0","4","0","1","0","2","0","4","2","0"
"1920","11","forall NODE1,NODE0. ep_epoch0(NODE0) | ep_epoch1(NODE0) | ep_epoch4(NODE0) | ep_epoch4(NODE1) | ep_epoch5(NODE1) | held(NODE0) | locked_epoch3(NODE1) | transfer_epoch3(NODE0) | transfer_epoch3(NODE1) | transfer_epoch4(NODE0) | transfer_epoch4(NODE1) | NODE0 = NODE1","14","00--0-----000--------0----------0000--","12","430","21","0501010420","0501010420","e0h0l0t0","00--0-----00","0-","-------0----","------0000--","0","5","0","1","0","1","0","4","2","0"
"1921","11","forall NODE1,NODE0. ep_epoch0(NODE0) | ep_epoch1(NODE0) | ep_epoch4(NODE0) | ep_epoch4(NODE1) | held(NODE0) | locked_epoch3(NODE1) | locked_epoch5(NODE1) | transfer_epoch3(NODE0) | transfer_epoch3(NODE1) | transfer_epoch4(NODE0) | transfer_epoch4(NODE1) | NODE0 = NODE1","14","00--0-----0-0--------0---0------0000--","12","429","40","0401020420","0401020420","e0h0l0t0","00--0-----0-","0-","-------0---0","------0000--","0","4","0","1","0","2","0","4","2","0"
"1922","11","forall NODE1,NODE0. ep_epoch0(NODE0) | ep_epoch1(NODE0) | ep_epoch4(NODE1) | ep_epoch5(NODE1) | held(NODE0) | locked_epoch3(NODE1) | locked_epoch4(NODE0) | transfer_epoch3(NODE0) | transfer_epoch3(NODE1) | transfer_epoch4(NODE0) | transfer_epoch4(NODE1) | NODE0 = NODE1","14","00--------000--------00---------0000--","12","429","40","0401020420","0401020420","e0h0l0t0","00--------00","0-","-------00---","------0000--","0","4","0","1","0","2","0","4","2","0"
"1923","11","forall NODE1,NODE0. ep_epoch0(NODE0) | ep_epoch1(NODE0) | ep_epoch4(NODE1) | held(NODE0) | locked_epoch3(NODE1) | locked_epoch4(NODE0) | locked_epoch5(NODE1) | transfer_epoch3(NODE0) | transfer_epoch3(NODE1) | transfer_epoch4(NODE0) | transfer_epoch4(NODE1) | NODE0 = NODE1","14","00--------0-0--------00--0------0000--","12","427","27","0301030420","0301030420","e0h0l0t0","00--------0-","0-","-------00--0","------0000--","0","3","0","1","0","3","0","4","2","0"
"1924","11","forall NODE1,NODE0. ep_epoch0(NODE0) | ep_epoch2(NODE0) | ep_epoch2(NODE1) | ep_epoch3(NODE0) | ep_epoch3(NODE1) | ep_epoch4(NODE0) | ep_epoch4(NODE1) | ep_epoch5(NODE1) | held(NODE0) | transfer_epoch2(NODE0) | transfer_epoch2(NODE1) | NODE0 = NODE1","14","0-000---00000-----------------00------","12","435","11","0801000220","0801000220","e0h0t0","0-000---0000","0-","------------","----00------","0","8","0","1","0","0","0","2","2","0"
"1925","11","forall NODE1,NODE0. ep_epoch0(NODE0) | ep_epoch2(NODE0) | ep_epoch2(NODE1) | ep_epoch3(NODE0) | ep_epoch3(NODE1) | ep_epoch4(NODE0) | ep_epoch4(NODE1) | held(NODE0) | locked_epoch5(NODE1) | transfer_epoch2(NODE0) | transfer_epoch2(NODE1) | NODE0 = NODE1","14","0-000---000-0------------0----00------","12","434","27","0701010220","0701010220","e0h0l0t0","0-000---000-","0-","-----------0","----00------","0","7","0","1","0","1","0","2","2","0"
"1926","11","forall NODE1,NODE0. ep_epoch0(NODE0) | ep_epoch2(NODE0) | ep_epoch2(NODE1) | ep_epoch3(NODE0) | ep_epoch3(NODE1) | ep_epoch4(NODE1) | ep_epoch5(NODE1) | held(NODE0) | locked_epoch4(NODE0) | transfer_epoch2(NODE0) | transfer_epoch2(NODE1) | NODE0 = NODE1","14","0-00----00000---------0-------00------","12","434","27","0701010220","0701010220","e0h0l0t0","0-00----0000","0-","--------0---","----00------","0","7","0","1","0","1","0","2","2","0"
"1927","11","forall NODE1,NODE0. ep_epoch0(NODE0) | ep_epoch2(NODE0) | ep_epoch2(NODE1) | ep_epoch3(NODE0) | ep_epoch3(NODE1) | ep_epoch4(NODE1) | held(NODE0) | locked_epoch4(NODE0) | locked_epoch5(NODE1) | transfer_epoch2(NODE0) | transfer_epoch2(NODE1) | NODE0 = NODE1","14","0-00----000-0---------0--0----00------","12","433","21","0601020220","0601020220","e0h0l0t0","0-00----000-","0-","--------0--0","----00------","0","6","0","1","0","2","0","2","2","0"
"1928","11","forall NODE1,NODE0. ep_epoch0(NODE0) | ep_epoch2(NODE0) | ep_epoch2(NODE1) | ep_epoch3(NODE0) | ep_epoch5(NODE1) | held(NODE0) | locked_epoch3(NODE1) | transfer_epoch2(NODE0) | transfer_epoch2(NODE1) | transfer_epoch5(NODE0) | transfer_epoch5(NODE1) | NODE0 = NODE1","14","0-00----0--00--------0--------00----00","12","430","21","0501010420","0501010420","e0h0l0t0","0-00----0--0","0-","-------0----","----00----00","0","5","0","1","0","1","0","4","2","0"
"1929","11","forall NODE1,NODE0. ep_epoch0(NODE0) | ep_epoch2(NODE0) | ep_epoch2(NODE1) | ep_epoch3(NODE0) | held(NODE0) | locked_epoch3(NODE1) | locked_epoch5(NODE1) | transfer_epoch2(NODE0) | transfer_epoch2(NODE1) | transfer_epoch5(NODE0) | transfer_epoch5(NODE1) | NODE0 = NODE1","14","0-00----0---0--------0---0----00----00","12","429","40","0401020420","0401020420","e0h0l0t0","0-00----0---","0-","-------0---0","----00----00","0","4","0","1","0","2","0","4","2","0"
"1930","11","forall NODE1,NODE0. ep_epoch0(NODE0) | ep_epoch2(NODE0) | ep_epoch2(NODE1) | ep_epoch3(NODE1) | ep_epoch4(NODE0) | held(NODE0) | locked_epoch4(NODE1) | transfer_epoch2(NODE0) | transfer_epoch2(NODE1) | transfer_epoch4(NODE0) | transfer_epoch4(NODE1) | NODE0 = NODE1","14","0-0-0---00--0----------0------00--00--","12","430","21","0501010420","0501010420","e0h0l0t0","0-0-0---00--","0-","---------0--","----00--00--","0","5","0","1","0","1","0","4","2","0"
"1931","11","forall NODE1,NODE0. ep_epoch0(NODE0) | ep_epoch2(NODE0) | ep_epoch2(NODE1) | ep_epoch3(NODE1) | held(NODE0) | locked_epoch4(NODE0) | locked_epoch4(NODE1) | transfer_epoch2(NODE0) | transfer_epoch2(NODE1) | transfer_epoch4(NODE0) | transfer_epoch4(NODE1) | NODE0 = NODE1","14","0-0-----00--0---------00------00--00--","12","429","40","0401020420","0401020420","e0h0l0t0","0-0-----00--","0-","--------00--","----00--00--","0","4","0","1","0","2","0","4","2","0"
"1932","11","forall NODE1,NODE0. ep_epoch0(NODE0) | ep_epoch2(NODE0) | ep_epoch2(NODE1) | ep_epoch4(NODE0) | held(NODE0) | locked_epoch3(NODE1) | locked_epoch4(NODE1) | transfer_epoch2(NODE0) | transfer_epoch2(NODE1) | transfer_epoch4(NODE0) | transfer_epoch4(NODE1) | NODE0 = NODE1","14","0-0-0---0---0--------0-0------00--00--","12","429","40","0401020420","0401020420","e0h0l0t0","0-0-0---0---","0-","-------0-0--","----00--00--","0","4","0","1","0","2","0","4","2","0"
"1933","11","forall NODE1,NODE0. ep_epoch0(NODE0) | ep_epoch2(NODE0) | ep_epoch2(NODE1) | held(NODE0) | locked_epoch3(NODE1) | locked_epoch4(NODE0) | locked_epoch4(NODE1) | transfer_epoch2(NODE0) | transfer_epoch2(NODE1) | transfer_epoch4(NODE0) | transfer_epoch4(NODE1) | NODE0 = NODE1","14","0-0-----0---0--------000------00--00--","12","427","27","0301030420","0301030420","e0h0l0t0","0-0-----0---","0-","-------000--","----00--00--","0","3","0","1","0","3","0","4","2","0"
"1934","11","forall NODE1,NODE0. ep_epoch0(NODE0) | ep_epoch2(NODE0) | ep_epoch4(NODE0) | ep_epoch4(NODE1) | ep_epoch5(NODE1) | held(NODE0) | locked_epoch2(NODE1) | transfer_epoch2(NODE0) | transfer_epoch2(NODE1) | transfer_epoch4(NODE0) | transfer_epoch4(NODE1) | NODE0 = NODE1","14","0-0-0-----000------0----------00--00--","12","430","21","0501010420","0501010420","e0h0l0t0","0-0-0-----00","0-","-----0------","----00--00--","0","5","0","1","0","1","0","4","2","0"
"1935","11","forall NODE1,NODE0. ep_epoch0(NODE0) | ep_epoch2(NODE0) | ep_epoch4(NODE0) | ep_epoch4(NODE1) | held(NODE0) | locked_epoch2(NODE1) | locked_epoch5(NODE1) | transfer_epoch2(NODE0) | transfer_epoch2(NODE1) | transfer_epoch4(NODE0) | transfer_epoch4(NODE1) | NODE0 = NODE1","14","0-0-0-----0-0------0-----0----00--00--","12","429","40","0401020420","0401020420","e0h0l0t0","0-0-0-----0-","0-","-----0-----0","----00--00--","0","4","0","1","0","2","0","4","2","0"
"1936","11","forall NODE1,NODE0. ep_epoch0(NODE0) | ep_epoch2(NODE0) | ep_epoch4(NODE1) | ep_epoch5(NODE1) | held(NODE0) | locked_epoch2(NODE1) | locked_epoch4(NODE0) | transfer_epoch2(NODE0) | transfer_epoch2(NODE1) | transfer_epoch4(NODE0) | transfer_epoch4(NODE1) | NODE0 = NODE1","14","0-0-------000------0--0-------00--00--","12","429","40","0401020420","0401020420","e0h0l0t0","0-0-------00","0-","-----0--0---","----00--00--","0","4","0","1","0","2","0","4","2","0"
"1937","11","forall NODE1,NODE0. ep_epoch0(NODE0) | ep_epoch2(NODE0) | ep_epoch4(NODE1) | held(NODE0) | locked_epoch2(NODE1) | locked_epoch4(NODE0) | locked_epoch5(NODE1) | transfer_epoch2(NODE0) | transfer_epoch2(NODE1) | transfer_epoch4(NODE0) | transfer_epoch4(NODE1) | NODE0 = NODE1","14","0-0-------0-0------0--0--0----00--00--","12","427","27","0301030420","0301030420","e0h0l0t0","0-0-------0-","0-","-----0--0--0","----00--00--","0","3","0","1","0","3","0","4","2","0"
"1938","11","forall NODE1,NODE0. ep_epoch0(NODE0) | ep_epoch2(NODE1) | ep_epoch3(NODE0) | ep_epoch3(NODE1) | ep_epoch4(NODE0) | held(NODE0) | locked_epoch4(NODE1) | transfer_epoch2(NODE0) | transfer_epoch2(NODE1) | transfer_epoch3(NODE0) | transfer_epoch3(NODE1) | NODE0 = NODE1","14","0--00---00--0----------0------0000----","12","430","21","0501010420","0501010420","e0h0l0t0","0--00---00--","0-","---------0--","----0000----","0","5","0","1","0","1","0","4","2","0"
"1939","11","forall NODE1,NODE0. ep_epoch0(NODE0) | ep_epoch2(NODE1) | ep_epoch3(NODE0) | ep_epoch3(NODE1) | held(NODE0) | locked_epoch4(NODE0) | locked_epoch4(NODE1) | transfer_epoch2(NODE0) | transfer_epoch2(NODE1) | transfer_epoch3(NODE0) | transfer_epoch3(NODE1) | NODE0 = NODE1","14","0--0----00--0---------00------0000----","12","429","40","0401020420","0401020420","e0h0l0t0","0--0----00--","0-","--------00--","----0000----","0","4","0","1","0","2","0","4","2","0"
"1940","11","forall NODE1,NODE0. ep_epoch0(NODE0) | ep_epoch2(NODE1) | ep_epoch3(NODE1) | ep_epoch4(NODE0) | held(NODE0) | locked_epoch3(NODE0) | locked_epoch4(NODE1) | transfer_epoch2(NODE0) | transfer_epoch2(NODE1) | transfer_epoch3(NODE0) | transfer_epoch3(NODE1) | NODE0 = NODE1","14","0---0---00--0-------0--0------0000----","12","429","40","0401020420","0401020420","e0h0l0t0","0---0---00--","0-","------0--0--","----0000----","0","4","0","1","0","2","0","4","2","0"
"1941","11","forall NODE1,NODE0. ep_epoch0(NODE0) | ep_epoch2(NODE1) | ep_epoch3(NODE1) | ep_epoch4(NODE1) | ep_epoch5(NODE1) | held(NODE0) | locked_epoch3(NODE0) | transfer_epoch2(NODE0) | transfer_epoch2(NODE1) | transfer_epoch3(NODE0) | transfer_epoch3(NODE1) | NODE0 = NODE1","14","0-------00000-------0---------0000----","12","430","21","0501010420","0501010420","e0h0l0t0","0-------0000","0-","------0-----","----0000----","0","5","0","1","0","1","0","4","2","0"
"1942","11","forall NODE1,NODE0. ep_epoch0(NODE0) | ep_epoch2(NODE1) | ep_epoch3(NODE1) | ep_epoch4(NODE1) | held(NODE0) | locked_epoch3(NODE0) | locked_epoch5(NODE1) | transfer_epoch2(NODE0) | transfer_epoch2(NODE1) | transfer_epoch3(NODE0) | transfer_epoch3(NODE1) | NODE0 = NODE1","14","0-------000-0-------0----0----0000----","12","429","40","0401020420","0401020420","e0h0l0t0","0-------000-","0-","------0----0","----0000----","0","4","0","1","0","2","0","4","2","0"
"1943","11","forall NODE1,NODE0. ep_epoch0(NODE0) | ep_epoch2(NODE1) | ep_epoch3(NODE1) | ep_epoch5(NODE1) | held(NODE0) | locked_epoch3(NODE0) | locked_epoch4(NODE1) | transfer_epoch2(NODE0) | transfer_epoch2(NODE1) | transfer_epoch3(NODE0) | transfer_epoch3(NODE1) | NODE0 = NODE1","14","0-------00-00-------0--0------0000----","12","429","40","0401020420","0401020420","e0h0l0t0","0-------00-0","0-","------0--0--","----0000----","0","4","0","1","0","2","0","4","2","0"
"1944","11","forall NODE1,NODE0. ep_epoch0(NODE0) | ep_epoch2(NODE1) | ep_epoch3(NODE1) | held(NODE0) | locked_epoch3(NODE0) | locked_epoch4(NODE0) | locked_epoch4(NODE1) | transfer_epoch2(NODE0) | transfer_epoch2(NODE1) | transfer_epoch3(NODE0) | transfer_epoch3(NODE1) | NODE0 = NODE1","14","0-------00--0-------0-00------0000----","12","427","27","0301030420","0301030420","e0h0l0t0","0-------00--","0-","------0-00--","----0000----","0","3","0","1","0","3","0","4","2","0"
"1945","11","forall NODE1,NODE0. ep_epoch0(NODE0) | ep_epoch2(NODE1) | ep_epoch3(NODE1) | held(NODE0) | locked_epoch3(NODE0) | locked_epoch4(NODE1) | locked_epoch5(NODE1) | transfer_epoch2(NODE0) | transfer_epoch2(NODE1) | transfer_epoch3(NODE0) | transfer_epoch3(NODE1) | NODE0 = NODE1","14","0-------00--0-------0--0-0----0000----","12","427","27","0301030420","0301030420","e0h0l0t0","0-------00--","0-","------0--0-0","----0000----","0","3","0","1","0","3","0","4","2","0"
"1946","11","forall NODE1,NODE0. ep_epoch0(NODE0) | ep_epoch3(NODE0) | ep_epoch3(NODE1) | ep_epoch4(NODE0) | held(NODE0) | locked_epoch2(NODE1) | locked_epoch4(NODE1) | transfer_epoch2(NODE0) | transfer_epoch2(NODE1) | transfer_epoch3(NODE0) | transfer_epoch3(NODE1) | NODE0 = NODE1","14","0--00----0--0------0---0------0000----","12","429","40","0401020420","0401020420","e0h0l0t0","0--00----0--","0-","-----0---0--","----0000----","0","4","0","1","0","2","0","4","2","0"
"1947","11","forall NODE1,NODE0. ep_epoch0(NODE0) | ep_epoch3(NODE0) | ep_epoch3(NODE1) | held(NODE0) | locked_epoch2(NODE1) | locked_epoch4(NODE0) | locked_epoch4(NODE1) | transfer_epoch2(NODE0) | transfer_epoch2(NODE1) | transfer_epoch3(NODE0) | transfer_epoch3(NODE1) | NODE0 = NODE1","14","0--0-----0--0------0--00------0000----","12","427","27","0301030420","0301030420","e0h0l0t0","0--0-----0--","0-","-----0--00--","----0000----","0","3","0","1","0","3","0","4","2","0"
"1948","11","forall NODE1,NODE0. ep_epoch0(NODE0) | ep_epoch3(NODE1) | ep_epoch4(NODE0) | held(NODE0) | locked_epoch2(NODE1) | locked_epoch3(NODE0) | locked_epoch4(NODE1) | transfer_epoch2(NODE0) | transfer_epoch2(NODE1) | transfer_epoch3(NODE0) | transfer_epoch3(NODE1) | NODE0 = NODE1","14","0---0----0--0------00--0------0000----","12","427","27","0301030420","0301030420","e0h0l0t0","0---0----0--","0-","-----00--0--","----0000----","0","3","0","1","0","3","0","4","2","0"
"1949","11","forall NODE1,NODE0. ep_epoch0(NODE0) | ep_epoch3(NODE1) | ep_epoch4(NODE1) | ep_epoch5(NODE1) | held(NODE0) | locked_epoch2(NODE1) | locked_epoch3(NODE0) | transfer_epoch2(NODE0) | transfer_epoch2(NODE1) | transfer_epoch3(NODE0) | transfer_epoch3(NODE1) | NODE0 = NODE1","14","0--------0000------00---------0000----","12","429","40","0401020420","0401020420","e0h0l0t0","0--------000","0-","-----00-----","----0000----","0","4","0","1","0","2","0","4","2","0"
"1950","11","forall NODE1,NODE0. ep_epoch0(NODE0) | ep_epoch3(NODE1) | ep_epoch4(NODE1) | held(NODE0) | locked_epoch2(NODE1) | locked_epoch3(NODE0) | locked_epoch5(NODE1) | transfer_epoch2(NODE0) | transfer_epoch2(NODE1) | transfer_epoch3(NODE0) | transfer_epoch3(NODE1) | NODE0 = NODE1","14","0--------00-0------00----0----0000----","12","427","27","0301030420","0301030420","e0h0l0t0","0--------00-","0-","-----00----0","----0000----","0","3","0","1","0","3","0","4","2","0"
"1951","11","forall NODE1,NODE0. ep_epoch0(NODE0) | ep_epoch3(NODE1) | ep_epoch5(NODE1) | held(NODE0) | locked_epoch2(NODE1) | locked_epoch3(NODE0) | locked_epoch4(NODE1) | transfer_epoch2(NODE0) | transfer_epoch2(NODE1) | transfer_epoch3(NODE0) | transfer_epoch3(NODE1) | NODE0 = NODE1","14","0--------0-00------00--0------0000----","12","427","27","0301030420","0301030420","e0h0l0t0","0--------0-0","0-","-----00--0--","----0000----","0","3","0","1","0","3","0","4","2","0"
"1952","11","forall NODE1,NODE0. ep_epoch0(NODE0) | ep_epoch3(NODE1) | held(NODE0) | locked_epoch2(NODE1) | locked_epoch3(NODE0) | locked_epoch4(NODE0) | locked_epoch4(NODE1) | transfer_epoch2(NODE0) | transfer_epoch2(NODE1) | transfer_epoch3(NODE0) | transfer_epoch3(NODE1) | NODE0 = NODE1","14","0--------0--0------00-00------0000----","12","425","6","0201040420","0201040420","e0h0l0t0","0--------0--","0-","-----00-00--","----0000----","0","2","0","1","0","4","0","4","2","0"
"1953","11","forall NODE1,NODE0. ep_epoch0(NODE0) | ep_epoch3(NODE1) | held(NODE0) | locked_epoch2(NODE1) | locked_epoch3(NODE0) | locked_epoch4(NODE1) | locked_epoch5(NODE1) | transfer_epoch2(NODE0) | transfer_epoch2(NODE1) | transfer_epoch3(NODE0) | transfer_epoch3(NODE1) | NODE0 = NODE1","14","0--------0--0------00--0-0----0000----","12","425","6","0201040420","0201040420","e0h0l0t0","0--------0--","0-","-----00--0-0","----0000----","0","2","0","1","0","4","0","4","2","0"
"1954","11","forall NODE1,NODE0. ep_epoch1(NODE0) | ep_epoch1(NODE1) | ep_epoch2(NODE0) | ep_epoch2(NODE1) | ep_epoch3(NODE0) | ep_epoch3(NODE1) | ep_epoch4(NODE1) | ep_epoch5(NODE1) | held(NODE0) | transfer_epoch5(NODE0) | transfer_epoch5(NODE1) | NODE0 = NODE1","14","-00000-000---0----------------------00","12","435","11","0801000220","0801000220","e0h0t0","-00000-000--","-0","------------","----------00","0","8","0","1","0","0","0","2","2","0"
"1955","11","forall NODE1,NODE0. ep_epoch1(NODE0) | ep_epoch1(NODE1) | ep_epoch2(NODE0) | ep_epoch2(NODE1) | ep_epoch3(NODE0) | ep_epoch3(NODE1) | ep_epoch4(NODE1) | held(NODE0) | locked_epoch5(NODE1) | transfer_epoch5(NODE0) | transfer_epoch5(NODE1) | NODE0 = NODE1","14","-0000--000---0----------0-----------00","12","434","27","0701010220","0701010220","e0h0l0t0","-0000--000--","-0","----------0-","----------00","0","7","0","1","0","1","0","2","2","0"
"1956","11","forall NODE1,NODE0. ep_epoch1(NODE0) | ep_epoch1(NODE1) | ep_epoch2(NODE0) | ep_epoch2(NODE1) | ep_epoch3(NODE0) | ep_epoch3(NODE1) | ep_epoch5(NODE1) | held(NODE0) | locked_epoch4(NODE1) | transfer_epoch5(NODE0) | transfer_epoch5(NODE1) | NODE0 = NODE1","14","-000-0-000---0--------0-------------00","12","434","27","0701010220","0701010220","e0h0l0t0","-000-0-000--","-0","--------0---","----------00","0","7","0","1","0","1","0","2","2","0"
"1957","11","forall NODE1,NODE0. ep_epoch1(NODE0) | ep_epoch1(NODE1) | ep_epoch2(NODE0) | ep_epoch2(NODE1) | ep_epoch3(NODE0) | ep_epoch3(NODE1) | held(NODE0) | locked_epoch4(NODE1) | locked_epoch5(NODE1) | transfer_epoch5(NODE0) | transfer_epoch5(NODE1) | NODE0 = NODE1","14","-000---000--0----------0-0----------00","12","433","21","0601020220","0601020220","e0h0l0t0","-000---000--","0-","---------0-0","----------00","0","6","0","1","0","2","0","2","2","0"
"1958","11","forall NODE1,NODE0. ep_epoch1(NODE0) | ep_epoch1(NODE1) | ep_epoch2(NODE0) | ep_epoch2(NODE1) | ep_epoch3(NODE1) | ep_epoch4(NODE0) | ep_epoch4(NODE1) | ep_epoch5(NODE1) | held(NODE0) | transfer_epoch4(NODE0) | transfer_epoch4(NODE1) | NODE0 = NODE1","14","-00000-00-0--0--------------------00--","12","435","11","0801000220","0801000220","e0h0t0","-00000-00-0-","-0","------------","--------00--","0","8","0","1","0","0","0","2","2","0"
"1959","11","forall NODE1,NODE0. ep_epoch1(NODE0) | ep_epoch1(NODE1) | ep_epoch2(NODE0) | ep_epoch2(NODE1) | ep_epoch3(NODE1) | ep_epoch4(NODE0) | ep_epoch4(NODE1) | held(NODE0) | locked_epoch5(NODE1) | transfer_epoch4(NODE0) | transfer_epoch4(NODE1) | NODE0 = NODE1","14","-0000--00-0--0----------0---------00--","12","434","27","0701010220","0701010220","e0h0l0t0","-0000--00-0-","-0","----------0-","--------00--","0","7","0","1","0","1","0","2","2","0"
"1960","11","forall NODE1,NODE0. ep_epoch1(NODE0) | ep_epoch1(NODE1) | ep_epoch2(NODE0) | ep_epoch2(NODE1) | ep_epoch3(NODE1) | ep_epoch4(NODE1) | ep_epoch5(NODE1) | held(NODE0) | locked_epoch4(NODE0) | transfer_epoch4(NODE0) | transfer_epoch4(NODE1) | NODE0 = NODE1","14","-00000-00----0---------0----------00--","12","434","27","0701010220","0701010220","e0h0l0t0","-00000-00---","-0","---------0--","--------00--","0","7","0","1","0","1","0","2","2","0"
"1961","11","forall NODE1,NODE0. ep_epoch1(NODE0) | ep_epoch1(NODE1) | ep_epoch2(NODE0) | ep_epoch2(NODE1) | ep_epoch3(NODE1) | ep_epoch4(NODE1) | held(NODE0) | locked_epoch4(NODE0) | locked_epoch5(NODE1) | transfer_epoch4(NODE0) | transfer_epoch4(NODE1) | NODE0 = NODE1","14","-0000--00----0---------00---------00--","12","433","21","0601020220","0601020220","e0h0l0t0","-0000--00---","-0","---------00-","--------00--","0","6","0","1","0","2","0","2","2","0"
"1962","11","forall NODE1,NODE0. ep_epoch1(NODE0) | ep_epoch1(NODE1) | ep_epoch2(NODE0) | ep_epoch2(NODE1) | ep_epoch4(NODE0) | ep_epoch4(NODE1) | ep_epoch5(NODE1) | held(NODE0) | locked_epoch3(NODE1) | transfer_epoch4(NODE0) | transfer_epoch4(NODE1) | NODE0 = NODE1","14","-00-00-00-0--0------0-------------00--","12","434","27","0701010220","0701010220","e0h0l0t0","-00-00-00-0-","-0","------0-----","--------00--","0","7","0","1","0","1","0","2","2","0"
"1963","11","forall NODE1,NODE0. ep_epoch1(NODE0) | ep_epoch1(NODE1) | ep_epoch2(NODE0) | ep_epoch2(NODE1) | ep_epoch4(NODE0) | ep_epoch4(NODE1) | held(NODE0) | locked_epoch3(NODE1) | locked_epoch5(NODE1) | transfer_epoch4(NODE0) | transfer_epoch4(NODE1) | NODE0 = NODE1","14","-00-0--00-0-0--------0---0--------00--","12","433","21","0601020220","0601020220","e0h0l0t0","-00-0--00-0-","0-","-------0---0","--------00--","0","6","0","1","0","2","0","2","2","0"
"1964","11","forall NODE1,NODE0. ep_epoch1(NODE0) | ep_epoch1(NODE1) | ep_epoch2(NODE0) | ep_epoch2(NODE1) | ep_epoch4(NODE1) | ep_epoch5(NODE1) | held(NODE0) | locked_epoch3(NODE1) | locked_epoch4(NODE0) | transfer_epoch4(NODE0) | transfer_epoch4(NODE1) | NODE0 = NODE1","14","-00-00-00----0------0--0----------00--","12","433","21","0601020220","0601020220","e0h0l0t0","-00-00-00---","-0","------0--0--","--------00--","0","6","0","1","0","2","0","2","2","0"
"1965","11","forall NODE1,NODE0. ep_epoch1(NODE0) | ep_epoch1(NODE1) | ep_epoch2(NODE0) | ep_epoch2(NODE1) | ep_epoch4(NODE1) | held(NODE0) | locked_epoch3(NODE1) | locked_epoch4(NODE0) | locked_epoch5(NODE1) | transfer_epoch4(NODE0) | transfer_epoch4(NODE1) | NODE0 = NODE1","14","-00-0--00----0------0--00---------00--","12","431","5","0501030220","0501030220","e0h0l0t0","-00-0--00---","-0","------0--00-","--------00--","0","5","0","1","0","3","0","2","2","0"
"1966","11","forall NODE1,NODE0. ep_epoch1(NODE0) | ep_epoch1(NODE1) | ep_epoch2(NODE1) | ep_epoch3(NODE0) | ep_epoch3(NODE1) | ep_epoch4(NODE0) | ep_epoch4(NODE1) | ep_epoch5(NODE1) | held(NODE0) | transfer_epoch3(NODE0) | transfer_epoch3(NODE1) | NODE0 = NODE1","14","-00000-0-00--0------------------00----","12","435","11","0801000220","0801000220","e0h0t0","-00000-0-00-","-0","------------","------00----","0","8","0","1","0","0","0","2","2","0"
"1967","11","forall NODE1,NODE0. ep_epoch1(NODE0) | ep_epoch1(NODE1) | ep_epoch2(NODE1) | ep_epoch3(NODE0) | ep_epoch3(NODE1) | ep_epoch4(NODE0) | ep_epoch4(NODE1) | held(NODE0) | locked_epoch5(NODE1) | transfer_epoch3(NODE0) | transfer_epoch3(NODE1) | NODE0 = NODE1","14","-0000--0-00--0----------0-------00----","12","434","27","0701010220","0701010220","e0h0l0t0","-0000--0-00-","-0","----------0-","------00----","0","7","0","1","0","1","0","2","2","0"
"1968","11","forall NODE1,NODE0. ep_epoch1(NODE0) | ep_epoch1(NODE1) | ep_epoch2(NODE1) | ep_epoch3(NODE0) | ep_epoch3(NODE1) | ep_epoch4(NODE1) | ep_epoch5(NODE1) | held(NODE0) | locked_epoch4(NODE0) | transfer_epoch3(NODE0) | transfer_epoch3(NODE1) | NODE0 = NODE1","14","-00000-0-0---0---------0--------00----","12","434","27","0701010220","0701010220","e0h0l0t0","-00000-0-0--","-0","---------0--","------00----","0","7","0","1","0","1","0","2","2","0"
"1969","11","forall NODE1,NODE0. ep_epoch1(NODE0) | ep_epoch1(NODE1) | ep_epoch2(NODE1) | ep_epoch3(NODE0) | ep_epoch3(NODE1) | ep_epoch4(NODE1) | held(NODE0) | locked_epoch4(NODE0) | locked_epoch5(NODE1) | transfer_epoch3(NODE0) | transfer_epoch3(NODE1) | NODE0 = NODE1","14","-0000--0-0---0---------00-------00----","12","433","21","0601020220","0601020220","e0h0l0t0","-0000--0-0--","-0","---------00-","------00----","0","6","0","1","0","2","0","2","2","0"
"1970","11","forall NODE1,NODE0. ep_epoch1(NODE0) | ep_epoch1(NODE1) | ep_epoch2(NODE1) | ep_epoch3(NODE1) | ep_epoch4(NODE0) | held(NODE0) | locked_epoch4(NODE1) | transfer_epoch3(NODE0) | transfer_epoch3(NODE1) | transfer_epoch4(NODE0) | transfer_epoch4(NODE1) | NODE0 = NODE1","14","-000---0--0--0--------0---------0000--","12","430","21","0501010420","0501010420","e0h0l0t0","-000---0--0-","-0","--------0---","------0000--","0","5","0","1","0","1","0","4","2","0"
"1971","11","forall NODE1,NODE0. ep_epoch1(NODE0) | ep_epoch1(NODE1) | ep_epoch2(NODE1) | ep_epoch3(NODE1) | held(NODE0) | locked_epoch4(NODE0) | locked_epoch4(NODE1) | transfer_epoch3(NODE0) | transfer_epoch3(NODE1) | transfer_epoch4(NODE0) | transfer_epoch4(NODE1) | NODE0 = NODE1","14","-000---0-----0--------00--------0000--","12","429","40","0401020420","0401020420","e0h0l0t0","-000---0----","-0","--------00--","------0000--","0","4","0","1","0","2","0","4","2","0"
"1972","11","forall NODE1,NODE0. ep_epoch1(NODE0) | ep_epoch1(NODE1) | ep_epoch2(NODE1) | ep_epoch3(NODE0) | ep_epoch5(NODE1) | held(NODE0) | locked_epoch3(NODE1) | transfer_epoch3(NODE0) | transfer_epoch3(NODE1) | transfer_epoch5(NODE0) | transfer_epoch5(NODE1) | NODE0 = NODE1","14","-00--0-0-0---0------0-----------00--00","12","430","21","0501010420","0501010420","e0h0l0t0","-00--0-0-0--","-0","------0-----","------00--00","0","5","0","1","0","1","0","4","2","0"
"1973","11","forall NODE1,NODE0. ep_epoch1(NODE0) | ep_epoch1(NODE1) | ep_epoch2(NODE1) | ep_epoch3(NODE0) | held(NODE0) | locked_epoch3(NODE1) | locked_epoch5(NODE1) | transfer_epoch3(NODE0) | transfer_epoch3(NODE1) | transfer_epoch5(NODE0) | transfer_epoch5(NODE1) | NODE0 = NODE1","14","-00----0-0---0------0---0-------00--00","12","429","40","0401020420","0401020420","e0h0l0t0","-00----0-0--","-0","------0---0-","------00--00","0","4","0","1","0","2","0","4","2","0"
"1974","11","forall NODE1,NODE0. ep_epoch1(NODE0) | ep_epoch1(NODE1) | ep_epoch2(NODE0) | ep_epoch4(NODE1) | ep_epoch5(NODE1) | held(NODE0) | locked_epoch2(NODE1) | transfer_epoch4(NODE0) | transfer_epoch4(NODE1) | transfer_epoch5(NODE0) | transfer_epoch5(NODE1) | NODE0 = NODE1","14","-00----0--000------0--------------0000","12","430","21","0501010420","0501010420","e0h0l0t0","-00----0--00","0-","-----0------","--------0000","0","5","0","1","0","1","0","4","2","0"
"1975","11","forall NODE1,NODE0. ep_epoch1(NODE0) | ep_epoch1(NODE1) | ep_epoch2(NODE0) | ep_epoch4(NODE1) | held(NODE0) | locked_epoch2(NODE1) | locked_epoch5(NODE1) | transfer_epoch4(NODE0) | transfer_epoch4(NODE1) | transfer_epoch5(NODE0) | transfer_epoch5(NODE1) | NODE0 = NODE1","14","-00----0--0-0------0-----0--------0000","12","429","40","0401020420","0401020420","e0h0l0t0","-00----0--0-","0-","-----0-----0","--------0000","0","4","0","1","0","2","0","4","2","0"
"1976","11","forall NODE1,NODE0. ep_epoch1(NODE0) | ep_epoch1(NODE1) | ep_epoch2(NODE1) | ep_epoch4(NODE0) | held(NODE0) | locked_epoch3(NODE1) | locked_epoch4(NODE1) | transfer_epoch3(NODE0) | transfer_epoch3(NODE1) | transfer_epoch4(NODE0) | transfer_epoch4(NODE1) | NODE0 = NODE1","14","-00----0--0--0------0-0---------0000--","12","429","40","0401020420","0401020420","e0h0l0t0","-00----0--0-","-0","------0-0---","------0000--","0","4","0","1","0","2","0","4","2","0"
"1977","11","forall NODE1,NODE0. ep_epoch1(NODE0) | ep_epoch1(NODE1) | ep_epoch2(NODE0) | ep_epoch5(NODE1) | held(NODE0) | locked_epoch2(NODE1) | locked_epoch4(NODE1) | transfer_epoch4(NODE0) | transfer_epoch4(NODE1) | transfer_epoch5(NODE0) | transfer_epoch5(NODE1) | NODE0 = NODE1","14","-00----0---00------0---0----------0000","12","429","40","0401020420","0401020420","e0h0l0t0","-00----0---0","0-","-----0---0--","--------0000","0","4","0","1","0","2","0","4","2","0"
"1978","11","forall NODE1,NODE0. ep_epoch1(NODE0) | ep_epoch1(NODE1) | ep_epoch2(NODE0) | held(NODE0) | locked_epoch2(NODE1) | locked_epoch4(NODE1) | locked_epoch5(NODE1) | transfer_epoch4(NODE0) | transfer_epoch4(NODE1) | transfer_epoch5(NODE0) | transfer_epoch5(NODE1) | NODE0 = NODE1","14","-00----0----0------0---0-0--------0000","12","427","27","0301030420","0301030420","e0h0l0t0","-00----0----","0-","-----0---0-0","--------0000","0","3","0","1","0","3","0","4","2","0"
"1979","11","forall NODE1,NODE0. ep_epoch1(NODE0) | ep_epoch1(NODE1) | ep_epoch2(NODE1) | held(NODE0) | locked_epoch3(NODE1) | locked_epoch4(NODE0) | locked_epoch4(NODE1) | transfer_epoch3(NODE0) | transfer_epoch3(NODE1) | transfer_epoch4(NODE0) | transfer_epoch4(NODE1) | NODE0 = NODE1","14","-00----0-----0------0-00--------0000--","12","427","27","0301030420","0301030420","e0h0l0t0","-00----0----","-0","------0-00--","------0000--","0","3","0","1","0","3","0","4","2","0"
"1980","11","forall NODE1,NODE0. ep_epoch1(NODE0) | ep_epoch1(NODE1) | ep_epoch3(NODE0) | ep_epoch3(NODE1) | ep_epoch4(NODE0) | ep_epoch4(NODE1) | ep_epoch5(NODE1) | held(NODE0) | locked_epoch2(NODE1) | transfer_epoch3(NODE0) | transfer_epoch3(NODE1) | NODE0 = NODE1","14","-0-000-0-00--0----0-------------00----","12","434","27","0701010220","0701010220","e0h0l0t0","-0-000-0-00-","-0","----0-------","------00----","0","7","0","1","0","1","0","2","2","0"
"1981","11","forall NODE1,NODE0. ep_epoch1(NODE0) | ep_epoch1(NODE1) | ep_epoch3(NODE0) | ep_epoch3(NODE1) | ep_epoch4(NODE0) | ep_epoch4(NODE1) | held(NODE0) | locked_epoch2(NODE1) | locked_epoch5(NODE1) | transfer_epoch3(NODE0) | transfer_epoch3(NODE1) | NODE0 = NODE1","14","-0-00--0-00-0------0-----0------00----","12","433","21","0601020220","0601020220","e0h0l0t0","-0-00--0-00-","0-","-----0-----0","------00----","0","6","0","1","0","2","0","2","2","0"
"1982","11","forall NODE1,NODE0. ep_epoch1(NODE0) | ep_epoch1(NODE1) | ep_epoch3(NODE0) | ep_epoch3(NODE1) | ep_epoch4(NODE1) | ep_epoch5(NODE1) | held(NODE0) | locked_epoch2(NODE1) | locked_epoch4(NODE0) | transfer_epoch3(NODE0) | transfer_epoch3(NODE1) | NODE0 = NODE1","14","-0-000-0-0---0----0----0--------00----","12","433","21","0601020220","0601020220","e0h0l0t0","-0-000-0-0--","-0","----0----0--","------00----","0","6","0","1","0","2","0","2","2","0"
"1983","11","forall NODE1,NODE0. ep_epoch1(NODE0) | ep_epoch1(NODE1) | ep_epoch3(NODE0) | ep_epoch3(NODE1) | ep_epoch4(NODE1) | held(NODE0) | locked_epoch2(NODE1) | locked_epoch4(NODE0) | locked_epoch5(NODE1) | transfer_epoch3(NODE0) | transfer_epoch3(NODE1) | NODE0 = NODE1","14","-0-00--0-0---0----0----00-------00----","12","431","5","0501030220","0501030220","e0h0l0t0","-0-00--0-0--","-0","----0----00-","------00----","0","5","0","1","0","3","0","2","2","0"
"1984","11","forall NODE1,NODE0. ep_epoch1(NODE0) | ep_epoch1(NODE1) | ep_epoch3(NODE1) | ep_epoch4(NODE0) | held(NODE0) | locked_epoch2(NODE1) | locked_epoch4(NODE1) | transfer_epoch3(NODE0) | transfer_epoch3(NODE1) | transfer_epoch4(NODE0) | transfer_epoch4(NODE1) | NODE0 = NODE1","14","-0-0---0--0--0----0---0---------0000--","12","429","40","0401020420","0401020420","e0h0l0t0","-0-0---0--0-","-0","----0---0---","------0000--","0","4","0","1","0","2","0","4","2","0"
"1985","11","forall NODE1,NODE0. ep_epoch1(NODE0) | ep_epoch1(NODE1) | ep_epoch3(NODE0) | ep_epoch5(NODE1) | held(NODE0) | locked_epoch2(NODE1) | locked_epoch3(NODE1) | transfer_epoch3(NODE0) | transfer_epoch3(NODE1) | transfer_epoch5(NODE0) | transfer_epoch5(NODE1) | NODE0 = NODE1","14","-0-0---0---00------0-0----------00--00","12","429","40","0401020420","0401020420","e0h0l0t0","-0-0---0---0","0-","-----0-0----","------00--00","0","4","0","1","0","2","0","4","2","0"
"1986","11","forall NODE1,NODE0. ep_epoch1(NODE0) | ep_epoch1(NODE1) | ep_epoch3(NODE0) | held(NODE0) | locked_epoch2(NODE1) | locked_epoch3(NODE1) | locked_epoch5(NODE1) | transfer_epoch3(NODE0) | transfer_epoch3(NODE1) | transfer_epoch5(NODE0) | transfer_epoch5(NODE1) | NODE0 = NODE1","14","-0-0---0----0------0-0---0------00--00","12","427","27","0301030420","0301030420","e0h0l0t0","-0-0---0----","0-","-----0-0---0","------00--00","0","3","0","1","0","3","0","4","2","0"
"1987","11","forall NODE1,NODE0. ep_epoch1(NODE0) | ep_epoch1(NODE1) | ep_epoch3(NODE1) | held(NODE0) | locked_epoch2(NODE1) | locked_epoch4(NODE0) | locked_epoch4(NODE1) | transfer_epoch3(NODE0) | transfer_epoch3(NODE1) | transfer_epoch4(NODE0) | transfer_epoch4(NODE1) | NODE0 = NODE1","14","-0-0---0-----0----0---00--------0000--","12","427","27","0301030420","0301030420","e0h0l0t0","-0-0---0----","-0","----0---00--","------0000--","0","3","0","1","0","3","0","4","2","0"
"1988","11","forall NODE1,NODE0. ep_epoch1(NODE0) | ep_epoch1(NODE1) | ep_epoch4(NODE0) | held(NODE0) | locked_epoch2(NODE1) | locked_epoch3(NODE1) | locked_epoch4(NODE1) | transfer_epoch3(NODE0) | transfer_epoch3(NODE1) | transfer_epoch4(NODE0) | transfer_epoch4(NODE1) | NODE0 = NODE1","14","-0--0--0----0------0-0-0--------0000--","12","427","27","0301030420","0301030420","e0h0l0t0","-0--0--0----","0-","-----0-0-0--","------0000--","0","3","0","1","0","3","0","4","2","0"
"1989","11","forall NODE1,NODE0. ep_epoch1(NODE0) | ep_epoch1(NODE1) | held(NODE0) | locked_epoch2(NODE1) | locked_epoch3(NODE1) | locked_epoch4(NODE0) | locked_epoch4(NODE1) | transfer_epoch3(NODE0) | transfer_epoch3(NODE1) | transfer_epoch4(NODE0) | transfer_epoch4(NODE1) | NODE0 = NODE1","14","-0-----0----0------0-000--------0000--","12","425","6","0201040420","0201040420","e0h0l0t0","-0-----0----","0-","-----0-000--","------0000--","0","2","0","1","0","4","0","4","2","0"
"1990","11","forall NODE1,NODE0. ep_epoch1(NODE0) | ep_epoch2(NODE0) | ep_epoch2(NODE1) | ep_epoch3(NODE0) | ep_epoch3(NODE1) | ep_epoch4(NODE0) | ep_epoch4(NODE1) | ep_epoch5(NODE0) | held(NODE1) | transfer_epoch2(NODE0) | transfer_epoch2(NODE1) | NODE0 = NODE1","14","-00000--000--0----------------00------","12","435","11","0801000220","0801000220","e0h0t0","-00000--000-","-0","------------","----00------","0","8","0","1","0","0","0","2","2","0"
"1991","11","forall NODE1,NODE0. ep_epoch1(NODE0) | ep_epoch2(NODE0) | ep_epoch2(NODE1) | ep_epoch3(NODE0) | ep_epoch3(NODE1) | ep_epoch4(NODE0) | ep_epoch4(NODE1) | held(NODE1) | locked_epoch5(NODE0) | transfer_epoch2(NODE0) | transfer_epoch2(NODE1) | NODE0 = NODE1","14","-0000---000--0----------0-----00------","12","434","27","0701010220","0701010220","e0h0l0t0","-0000---000-","-0","----------0-","----00------","0","7","0","1","0","1","0","2","2","0"
"1992","11","forall NODE1,NODE0. ep_epoch1(NODE0) | ep_epoch2(NODE0) | ep_epoch2(NODE1) | ep_epoch3(NODE0) | ep_epoch3(NODE1) | ep_epoch4(NODE0) | ep_epoch5(NODE0) | held(NODE1) | locked_epoch4(NODE1) | transfer_epoch2(NODE0) | transfer_epoch2(NODE1) | NODE0 = NODE1","14","-00000--00---0---------0------00------","12","434","27","0701010220","0701010220","e0h0l0t0","-00000--00--","-0","---------0--","----00------","0","7","0","1","0","1","0","2","2","0"
"1993","11","forall NODE1,NODE0. ep_epoch1(NODE0) | ep_epoch2(NODE0) | ep_epoch2(NODE1) | ep_epoch3(NODE0) | ep_epoch3(NODE1) | ep_epoch4(NODE0) | held(NODE1) | locked_epoch4(NODE1) | locked_epoch5(NODE0) | transfer_epoch2(NODE0) | transfer_epoch2(NODE1) | NODE0 = NODE1","14","-0000---00---0---------00-----00------","12","433","21","0601020220","0601020220","e0h0l0t0","-0000---00--","-0","---------00-","----00------","0","6","0","1","0","2","0","2","2","0"
"1994","11","forall NODE1,NODE0. ep_epoch1(NODE0) | ep_epoch2(NODE0) | ep_epoch2(NODE1) | ep_epoch3(NODE0) | ep_epoch4(NODE1) | held(NODE1) | locked_epoch4(NODE0) | transfer_epoch2(NODE0) | transfer_epoch2(NODE1) | transfer_epoch4(NODE0) | transfer_epoch4(NODE1) | NODE0 = NODE1","14","-000----0-0--0--------0-------00--00--","12","430","21","0501010420","0501010420","e0h0l0t0","-000----0-0-","-0","--------0---","----00--00--","0","5","0","1","0","1","0","4","2","0"
"1995","11","forall NODE1,NODE0. ep_epoch1(NODE0) | ep_epoch2(NODE0) | ep_epoch2(NODE1) | ep_epoch3(NODE0) | held(NODE1) | locked_epoch4(NODE0) | locked_epoch4(NODE1) | transfer_epoch2(NODE0) | transfer_epoch2(NODE1) | transfer_epoch4(NODE0) | transfer_epoch4(NODE1) | NODE0 = NODE1","14","-000----0----0--------00------00--00--","12","429","40","0401020420","0401020420","e0h0l0t0","-000----0---","-0","--------00--","----00--00--","0","4","0","1","0","2","0","4","2","0"
"1996","11","forall NODE1,NODE0. ep_epoch1(NODE0) | ep_epoch2(NODE0) | ep_epoch2(NODE1) | ep_epoch3(NODE1) | ep_epoch5(NODE0) | held(NODE1) | locked_epoch3(NODE0) | transfer_epoch2(NODE0) | transfer_epoch2(NODE1) | transfer_epoch5(NODE0) | transfer_epoch5(NODE1) | NODE0 = NODE1","14","-00--0--00---0------0---------00----00","12","430","21","0501010420","0501010420","e0h0l0t0","-00--0--00--","-0","------0-----","----00----00","0","5","0","1","0","1","0","4","2","0"
"1997","11","forall NODE1,NODE0. ep_epoch1(NODE0) | ep_epoch2(NODE0) | ep_epoch2(NODE1) | ep_epoch3(NODE1) | held(NODE1) | locked_epoch3(NODE0) | locked_epoch5(NODE0) | transfer_epoch2(NODE0) | transfer_epoch2(NODE1) | transfer_epoch5(NODE0) | transfer_epoch5(NODE1) | NODE0 = NODE1","14","-00-----00---0------0---0-----00----00","12","429","40","0401020420","0401020420","e0h0l0t0","-00-----00--","-0","------0---0-","----00----00","0","4","0","1","0","2","0","4","2","0"
"1998","11","forall NODE1,NODE0. ep_epoch1(NODE0) | ep_epoch2(NODE0) | ep_epoch2(NODE1) | ep_epoch4(NODE1) | held(NODE1) | locked_epoch3(NODE0) | locked_epoch4(NODE0) | transfer_epoch2(NODE0) | transfer_epoch2(NODE1) | transfer_epoch4(NODE0) | transfer_epoch4(NODE1) | NODE0 = NODE1","14","-00-----0-0--0------0-0-------00--00--","12","429","40","0401020420","0401020420","e0h0l0t0","-00-----0-0-","-0","------0-0---","----00--00--","0","4","0","1","0","2","0","4","2","0"
"1999","11","forall NODE1,NODE0. ep_epoch1(NODE0) | ep_epoch2(NODE0) | ep_epoch2(NODE1) | held(NODE1) | locked_epoch3(NODE0) | locked_epoch4(NODE0) | locked_epoch4(NODE1) | transfer_epoch2(NODE0) | transfer_epoch2(NODE1) | transfer_epoch4(NODE0) | transfer_epoch4(NODE1) | NODE0 = NODE1","14","-00-----0----0------0-00------00--00--","12","427","27","0301030420","0301030420","e0h0l0t0","-00-----0---","-0","------0-00--","----00--00--","0","3","0","1","0","3","0","4","2","0"
"2000","11","forall NODE1,NODE0. ep_epoch1(NODE0) | ep_epoch2(NODE0) | ep_epoch3(NODE0) | ep_epoch3(NODE1) | ep_epoch4(NODE1) | held(NODE1) | locked_epoch4(NODE0) | transfer_epoch2(NODE0) | transfer_epoch2(NODE1) | transfer_epoch3(NODE0) | transfer_epoch3(NODE1) | NODE0 = NODE1","14","-000-----00--0--------0-------0000----","12","430","21","0501010420","0501010420","e0h0l0t0","-000-----00-","-0","--------0---","----0000----","0","5","0","1","0","1","0","4","2","0"
"2001","11","forall NODE1,NODE0. ep_epoch1(NODE0) | ep_epoch2(NODE0) | ep_epoch3(NODE0) | ep_epoch3(NODE1) | held(NODE1) | locked_epoch4(NODE0) | locked_epoch4(NODE1) | transfer_epoch2(NODE0) | transfer_epoch2(NODE1) | transfer_epoch3(NODE0) | transfer_epoch3(NODE1) | NODE0 = NODE1","14","-000-----0---0--------00------0000----","12","429","40","0401020420","0401020420","e0h0l0t0","-000-----0--","-0","--------00--","----0000----","0","4","0","1","0","2","0","4","2","0"
"2002","11","forall NODE1,NODE0. ep_epoch1(NODE0) | ep_epoch2(NODE0) | ep_epoch3(NODE0) | ep_epoch4(NODE0) | ep_epoch5(NODE0) | held(NODE1) | locked_epoch3(NODE1) | transfer_epoch2(NODE0) | transfer_epoch2(NODE1) | transfer_epoch3(NODE0) | transfer_epoch3(NODE1) | NODE0 = NODE1","14","-00000-------0-------0--------0000----","12","430","21","0501010420","0501010420","e0h0l0t0","-00000------","-0","-------0----","----0000----","0","5","0","1","0","1","0","4","2","0"
"2003","11","forall NODE1,NODE0. ep_epoch1(NODE0) | ep_epoch2(NODE0) | ep_epoch3(NODE0) | ep_epoch4(NODE0) | held(NODE1) | locked_epoch3(NODE1) | locked_epoch5(NODE0) | transfer_epoch2(NODE0) | transfer_epoch2(NODE1) | transfer_epoch3(NODE0) | transfer_epoch3(NODE1) | NODE0 = NODE1","14","-0000--------0-------0--0-----0000----","12","429","40","0401020420","0401020420","e0h0l0t0","-0000-------","-0","-------0--0-","----0000----","0","4","0","1","0","2","0","4","2","0"
"2004","11","forall NODE1,NODE0. ep_epoch1(NODE0) | ep_epoch2(NODE0) | ep_epoch3(NODE0) | ep_epoch4(NODE1) | held(NODE1) | locked_epoch3(NODE1) | locked_epoch4(NODE0) | transfer_epoch2(NODE0) | transfer_epoch2(NODE1) | transfer_epoch3(NODE0) | transfer_epoch3(NODE1) | NODE0 = NODE1","14","-000------0--0-------00-------0000----","12","429","40","0401020420","0401020420","e0h0l0t0","-000------0-","-0","-------00---","----0000----","0","4","0","1","0","2","0","4","2","0"
"2005","11","forall NODE1,NODE0. ep_epoch1(NODE0) | ep_epoch2(NODE0) | ep_epoch3(NODE0) | ep_epoch5(NODE0) | held(NODE1) | locked_epoch3(NODE1) | locked_epoch4(NODE0) | transfer_epoch2(NODE0) | transfer_epoch2(NODE1) | transfer_epoch3(NODE0) | transfer_epoch3(NODE1) | NODE0 = NODE1","14","-000-0-------0-------00-------0000----","12","429","40","0401020420","0401020420","e0h0l0t0","-000-0------","-0","-------00---","----0000----","0","4","0","1","0","2","0","4","2","0"
"2006","11","forall NODE1,NODE0. ep_epoch1(NODE0) | ep_epoch2(NODE0) | ep_epoch3(NODE0) | held(NODE1) | locked_epoch3(NODE1) | locked_epoch4(NODE0) | locked_epoch4(NODE1) | transfer_epoch2(NODE0) | transfer_epoch2(NODE1) | transfer_epoch3(NODE0) | transfer_epoch3(NODE1) | NODE0 = NODE1","14","-000---------0-------000------0000----","12","427","27","0301030420","0301030420","e0h0l0t0","-000--------","-0","-------000--","----0000----","0","3","0","1","0","3","0","4","2","0"
"2007","11","forall NODE1,NODE0. ep_epoch1(NODE0) | ep_epoch2(NODE0) | ep_epoch3(NODE0) | held(NODE1) | locked_epoch3(NODE1) | locked_epoch4(NODE0) | locked_epoch5(NODE0) | transfer_epoch2(NODE0) | transfer_epoch2(NODE1) | transfer_epoch3(NODE0) | transfer_epoch3(NODE1) | NODE0 = NODE1","14","-000---------0-------00-0-----0000----","12","427","27","0301030420","0301030420","e0h0l0t0","-000--------","-0","-------00-0-","----0000----","0","3","0","1","0","3","0","4","2","0"
"2008","11","forall NODE1,NODE0. ep_epoch1(NODE0) | ep_epoch2(NODE1) | ep_epoch4(NODE0) | ep_epoch4(NODE1) | ep_epoch5(NODE0) | held(NODE1) | locked_epoch2(NODE0) | transfer_epoch2(NODE0) | transfer_epoch2(NODE1) | transfer_epoch4(NODE0) | transfer_epoch4(NODE1) | NODE0 = NODE1","14","-0--00--0-0--0----0-----------00--00--","12","430","21","0501010420","0501010420","e0h0l0t0","-0--00--0-0-","-0","----0-------","----00--00--","0","5","0","1","0","1","0","4","2","0"
"2009","11","forall NODE1,NODE0. ep_epoch1(NODE0) | ep_epoch2(NODE1) | ep_epoch4(NODE0) | ep_epoch4(NODE1) | held(NODE1) | locked_epoch2(NODE0) | locked_epoch5(NODE0) | transfer_epoch2(NODE0) | transfer_epoch2(NODE1) | transfer_epoch4(NODE0) | transfer_epoch4(NODE1) | NODE0 = NODE1","14","-0--0---0-0--0----0-----0-----00--00--","12","429","40","0401020420","0401020420","e0h0l0t0","-0--0---0-0-","-0","----0-----0-","----00--00--","0","4","0","1","0","2","0","4","2","0"
"2010","11","forall NODE1,NODE0. ep_epoch1(NODE0) | ep_epoch2(NODE1) | ep_epoch4(NODE0) | ep_epoch5(NODE0) | held(NODE1) | locked_epoch2(NODE0) | locked_epoch4(NODE1) | transfer_epoch2(NODE0) | transfer_epoch2(NODE1) | transfer_epoch4(NODE0) | transfer_epoch4(NODE1) | NODE0 = NODE1","14","-0--00--0----0----0----0------00--00--","12","429","40","0401020420","0401020420","e0h0l0t0","-0--00--0---","-0","----0----0--","----00--00--","0","4","0","1","0","2","0","4","2","0"
"2011","11","forall NODE1,NODE0. ep_epoch1(NODE0) | ep_epoch2(NODE1) | ep_epoch4(NODE0) | held(NODE1) | locked_epoch2(NODE0) | locked_epoch4(NODE1) | locked_epoch5(NODE0) | transfer_epoch2(NODE0) | transfer_epoch2(NODE1) | transfer_epoch4(NODE0) | transfer_epoch4(NODE1) | NODE0 = NODE1","14","-0--0---0----0----0----00-----00--00--","12","427","27","0301030420","0301030420","e0h0l0t0","-0--0---0---","-0","----0----00-","----00--00--","0","3","0","1","0","3","0","4","2","0"
"2012","11","forall NODE1,NODE0. ep_epoch1(NODE0) | ep_epoch3(NODE0) | ep_epoch3(NODE1) | ep_epoch4(NODE1) | held(NODE1) | locked_epoch2(NODE0) | locked_epoch4(NODE0) | transfer_epoch2(NODE0) | transfer_epoch2(NODE1) | transfer_epoch3(NODE0) | transfer_epoch3(NODE1) | NODE0 = NODE1","14","-0-0-----00--0----0---0-------0000----","12","429","40","0401020420","0401020420","e0h0l0t0","-0-0-----00-","-0","----0---0---","----0000----","0","4","0","1","0","2","0","4","2","0"
"2013","11","forall NODE1,NODE0. ep_epoch1(NODE0) | ep_epoch3(NODE0) | ep_epoch3(NODE1) | held(NODE1) | locked_epoch2(NODE0) | locked_epoch4(NODE0) | locked_epoch4(NODE1) | transfer_epoch2(NODE0) | transfer_epoch2(NODE1) | transfer_epoch3(NODE0) | transfer_epoch3(NODE1) | NODE0 = NODE1","14","-0-0-----0---0----0---00------0000----","12","427","27","0301030420","0301030420","e0h0l0t0","-0-0-----0--","-0","----0---00--","----0000----","0","3","0","1","0","3","0","4","2","0"
"2014","11","forall NODE1,NODE0. ep_epoch1(NODE0) | ep_epoch3(NODE0) | ep_epoch4(NODE0) | ep_epoch5(NODE0) | held(NODE1) | locked_epoch2(NODE0) | locked_epoch3(NODE1) | transfer_epoch2(NODE0) | transfer_epoch2(NODE1) | transfer_epoch3(NODE0) | transfer_epoch3(NODE1) | NODE0 = NODE1","14","-0-000-------0----0--0--------0000----","12","429","40","0401020420","0401020420","e0h0l0t0","-0-000------","-0","----0--0----","----0000----","0","4","0","1","0","2","0","4","2","0"
"2015","11","forall NODE1,NODE0. ep_epoch1(NODE0) | ep_epoch3(NODE0) | ep_epoch4(NODE0) | held(NODE1) | locked_epoch2(NODE0) | locked_epoch3(NODE1) | locked_epoch5(NODE0) | transfer_epoch2(NODE0) | transfer_epoch2(NODE1) | transfer_epoch3(NODE0) | transfer_epoch3(NODE1) | NODE0 = NODE1","14","-0-00--------0----0--0--0-----0000----","12","427","27","0301030420","0301030420","e0h0l0t0","-0-00-------","-0","----0--0--0-","----0000----","0","3","0","1","0","3","0","4","2","0"
"2016","11","forall NODE1,NODE0. ep_epoch1(NODE0) | ep_epoch3(NODE0) | ep_epoch4(NODE1) | held(NODE1) | locked_epoch2(NODE0) | locked_epoch3(NODE1) | locked_epoch4(NODE0) | transfer_epoch2(NODE0) | transfer_epoch2(NODE1) | transfer_epoch3(NODE0) | transfer_epoch3(NODE1) | NODE0 = NODE1","14","-0-0------0--0----0--00-------0000----","12","427","27","0301030420","0301030420","e0h0l0t0","-0-0------0-","-0","----0--00---","----0000----","0","3","0","1","0","3","0","4","2","0"
"2017","11","forall NODE1,NODE0. ep_epoch1(NODE0) | ep_epoch3(NODE0) | ep_epoch5(NODE0) | held(NODE1) | locked_epoch2(NODE0) | locked_epoch3(NODE1) | locked_epoch4(NODE0) | transfer_epoch2(NODE0) | transfer_epoch2(NODE1) | transfer_epoch3(NODE0) | transfer_epoch3(NODE1) | NODE0 = NODE1","14","-0-0-0-------0----0--00-------0000----","12","427","27","0301030420","0301030420","e0h0l0t0","-0-0-0------","-0","----0--00---","----0000----","0","3","0","1","0","3","0","4","2","0"
"2018","11","forall NODE1,NODE0. ep_epoch1(NODE0) | ep_epoch3(NODE0) | held(NODE1) | locked_epoch2(NODE0) | locked_epoch3(NODE1) | locked_epoch4(NODE0) | locked_epoch4(NODE1) | transfer_epoch2(NODE0) | transfer_epoch2(NODE1) | transfer_epoch3(NODE0) | transfer_epoch3(NODE1) | NODE0 = NODE1","14","-0-0---------0----0--000------0000----","12","425","6","0201040420","0201040420","e0h0l0t0","-0-0--------","-0","----0--000--","----0000----","0","2","0","1","0","4","0","4","2","0"
"2019","11","forall NODE1,NODE0. ep_epoch1(NODE0) | ep_epoch3(NODE0) | held(NODE1) | locked_epoch2(NODE0) | locked_epoch3(NODE1) | locked_epoch4(NODE0) | locked_epoch5(NODE0) | transfer_epoch2(NODE0) | transfer_epoch2(NODE1) | transfer_epoch3(NODE0) | transfer_epoch3(NODE1) | NODE0 = NODE1","14","-0-0---------0----0--00-0-----0000----","12","425","6","0201040420","0201040420","e0h0l0t0","-0-0--------","-0","----0--00-0-","----0000----","0","2","0","1","0","4","0","4","2","0"
"2020","12","forall NODE1,NODE0. ep_epoch0(NODE0) | ep_epoch0(NODE1) | ep_epoch1(NODE0) | ep_epoch1(NODE1) | ep_epoch3(NODE1) | ep_epoch4(NODE1) | ep_epoch5(NODE1) | held(NODE0) | transfer_epoch4(NODE0) | transfer_epoch4(NODE1) | transfer_epoch5(NODE0) | transfer_epoch5(NODE1) | NODE0 = NODE1","15","00-00000-----0--------------------0000","13","446","13","0701000420","0701000420","e0h0t0","00-00000----","-0","------------","--------0000","0","7","0","1","0","0","0","4","2","0"
"2021","12","forall NODE1,NODE0. ep_epoch0(NODE0) | ep_epoch0(NODE1) | ep_epoch1(NODE0) | ep_epoch1(NODE1) | ep_epoch3(NODE1) | ep_epoch4(NODE1) | held(NODE0) | locked_epoch5(NODE1) | transfer_epoch4(NODE0) | transfer_epoch4(NODE1) | transfer_epoch5(NODE0) | transfer_epoch5(NODE1) | NODE0 = NODE1","15","00-00-00-----0----------0---------0000","13","445","39","0601010420","0601010420","e0h0l0t0","00-00-00----","-0","----------0-","--------0000","0","6","0","1","0","1","0","4","2","0"
"2022","12","forall NODE1,NODE0. ep_epoch0(NODE0) | ep_epoch0(NODE1) | ep_epoch1(NODE0) | ep_epoch1(NODE1) | ep_epoch3(NODE1) | ep_epoch5(NODE1) | held(NODE0) | locked_epoch4(NODE1) | transfer_epoch4(NODE0) | transfer_epoch4(NODE1) | transfer_epoch5(NODE0) | transfer_epoch5(NODE1) | NODE0 = NODE1","15","00-0-000-----0--------0-----------0000","13","445","39","0601010420","0601010420","e0h0l0t0","00-0-000----","-0","--------0---","--------0000","0","6","0","1","0","1","0","4","2","0"
"2023","12","forall NODE1,NODE0. ep_epoch0(NODE0) | ep_epoch0(NODE1) | ep_epoch1(NODE0) | ep_epoch1(NODE1) | ep_epoch3(NODE1) | held(NODE0) | locked_epoch4(NODE1) | locked_epoch5(NODE1) | transfer_epoch4(NODE0) | transfer_epoch4(NODE1) | transfer_epoch5(NODE0) | transfer_epoch5(NODE1) | NODE0 = NODE1","15","00-0--00-----0--------0-0---------0000","13","444","41","0501020420","0501020420","e0h0l0t0","00-0--00----","-0","--------0-0-","--------0000","0","5","0","1","0","2","0","4","2","0"
"2024","12","forall NODE1,NODE0. ep_epoch0(NODE0) | ep_epoch0(NODE1) | ep_epoch1(NODE0) | ep_epoch1(NODE1) | ep_epoch4(NODE1) | ep_epoch5(NODE1) | held(NODE0) | locked_epoch3(NODE1) | transfer_epoch4(NODE0) | transfer_epoch4(NODE1) | transfer_epoch5(NODE0) | transfer_epoch5(NODE1) | NODE0 = NODE1","15","00--0000-----0------0-------------0000","13","445","39","0601010420","0601010420","e0h0l0t0","00--0000----","-0","------0-----","--------0000","0","6","0","1","0","1","0","4","2","0"
"2025","12","forall NODE1,NODE0. ep_epoch0(NODE0) | ep_epoch0(NODE1) | ep_epoch1(NODE0) | ep_epoch1(NODE1) | ep_epoch4(NODE1) | held(NODE0) | locked_epoch3(NODE1) | locked_epoch5(NODE1) | transfer_epoch4(NODE0) | transfer_epoch4(NODE1) | transfer_epoch5(NODE0) | transfer_epoch5(NODE1) | NODE0 = NODE1","15","00--0-00-----0------0---0---------0000","13","444","41","0501020420","0501020420","e0h0l0t0","00--0-00----","-0","------0---0-","--------0000","0","5","0","1","0","2","0","4","2","0"
"2026","12","forall NODE1,NODE0. ep_epoch0(NODE0) | ep_epoch0(NODE1) | ep_epoch1(NODE0) | ep_epoch1(NODE1) | ep_epoch5(NODE1) | held(NODE0) | locked_epoch3(NODE1) | locked_epoch4(NODE1) | transfer_epoch4(NODE0) | transfer_epoch4(NODE1) | transfer_epoch5(NODE0) | transfer_epoch5(NODE1) | NODE0 = NODE1","15","00---000-----0------0-0-----------0000","13","444","41","0501020420","0501020420","e0h0l0t0","00---000----","-0","------0-0---","--------0000","0","5","0","1","0","2","0","4","2","0"
"2027","12","forall NODE1,NODE0. ep_epoch0(NODE0) | ep_epoch0(NODE1) | ep_epoch1(NODE0) | ep_epoch1(NODE1) | held(NODE0) | locked_epoch3(NODE1) | locked_epoch4(NODE1) | locked_epoch5(NODE1) | transfer_epoch4(NODE0) | transfer_epoch4(NODE1) | transfer_epoch5(NODE0) | transfer_epoch5(NODE1) | NODE0 = NODE1","15","00----00----0--------0-0-0--------0000","13","442","17","0401030420","0401030420","e0h0l0t0","00----00----","0-","-------0-0-0","--------0000","0","4","0","1","0","3","0","4","2","0"
"2028","12","forall NODE1,NODE0. ep_epoch0(NODE0) | ep_epoch0(NODE1) | ep_epoch2(NODE0) | ep_epoch2(NODE1) | ep_epoch3(NODE1) | ep_epoch4(NODE1) | ep_epoch5(NODE1) | held(NODE0) | transfer_epoch4(NODE0) | transfer_epoch4(NODE1) | transfer_epoch5(NODE0) | transfer_epoch5(NODE1) | NODE0 = NODE1","15","0-00000-0----0--------------------0000","13","446","13","0701000420","0701000420","e0h0t0","0-00000-0---","-0","------------","--------0000","0","7","0","1","0","0","0","4","2","0"
"2029","12","forall NODE1,NODE0. ep_epoch0(NODE0) | ep_epoch0(NODE1) | ep_epoch2(NODE0) | ep_epoch2(NODE1) | ep_epoch3(NODE1) | ep_epoch4(NODE1) | held(NODE0) | locked_epoch5(NODE1) | transfer_epoch4(NODE0) | transfer_epoch4(NODE1) | transfer_epoch5(NODE0) | transfer_epoch5(NODE1) | NODE0 = NODE1","15","0-000-0-0----0----------0---------0000","13","445","39","0601010420","0601010420","e0h0l0t0","0-000-0-0---","-0","----------0-","--------0000","0","6","0","1","0","1","0","4","2","0"
"2030","12","forall NODE1,NODE0. ep_epoch0(NODE0) | ep_epoch0(NODE1) | ep_epoch2(NODE0) | ep_epoch2(NODE1) | ep_epoch3(NODE1) | ep_epoch5(NODE1) | held(NODE0) | locked_epoch4(NODE1) | transfer_epoch4(NODE0) | transfer_epoch4(NODE1) | transfer_epoch5(NODE0) | transfer_epoch5(NODE1) | NODE0 = NODE1","15","0-00-00-0----0--------0-----------0000","13","445","39","0601010420","0601010420","e0h0l0t0","0-00-00-0---","-0","--------0---","--------0000","0","6","0","1","0","1","0","4","2","0"
"2031","12","forall NODE1,NODE0. ep_epoch0(NODE0) | ep_epoch0(NODE1) | ep_epoch2(NODE0) | ep_epoch2(NODE1) | ep_epoch3(NODE1) | held(NODE0) | locked_epoch4(NODE1) | locked_epoch5(NODE1) | transfer_epoch4(NODE0) | transfer_epoch4(NODE1) | transfer_epoch5(NODE0) | transfer_epoch5(NODE1) | NODE0 = NODE1","15","0-00--0-0----0--------0-0---------0000","13","444","41","0501020420","0501020420","e0h0l0t0","0-00--0-0---","-0","--------0-0-","--------0000","0","5","0","1","0","2","0","4","2","0"
"2032","12","forall NODE1,NODE0. ep_epoch0(NODE0) | ep_epoch0(NODE1) | ep_epoch2(NODE0) | ep_epoch2(NODE1) | ep_epoch4(NODE1) | ep_epoch5(NODE1) | held(NODE0) | locked_epoch3(NODE1) | transfer_epoch4(NODE0) | transfer_epoch4(NODE1) | transfer_epoch5(NODE0) | transfer_epoch5(NODE1) | NODE0 = NODE1","15","0-0-000-0----0------0-------------0000","13","445","39","0601010420","0601010420","e0h0l0t0","0-0-000-0---","-0","------0-----","--------0000","0","6","0","1","0","1","0","4","2","0"
"2033","12","forall NODE1,NODE0. ep_epoch0(NODE0) | ep_epoch0(NODE1) | ep_epoch2(NODE0) | ep_epoch2(NODE1) | ep_epoch4(NODE1) | held(NODE0) | locked_epoch3(NODE1) | locked_epoch5(NODE1) | transfer_epoch4(NODE0) | transfer_epoch4(NODE1) | transfer_epoch5(NODE0) | transfer_epoch5(NODE1) | NODE0 = NODE1","15","0-0-0-0-0----0------0---0---------0000","13","444","41","0501020420","0501020420","e0h0l0t0","0-0-0-0-0---","-0","------0---0-","--------0000","0","5","0","1","0","2","0","4","2","0"
"2034","12","forall NODE1,NODE0. ep_epoch0(NODE0) | ep_epoch0(NODE1) | ep_epoch2(NODE0) | ep_epoch2(NODE1) | ep_epoch5(NODE1) | held(NODE0) | locked_epoch3(NODE1) | locked_epoch4(NODE1) | transfer_epoch4(NODE0) | transfer_epoch4(NODE1) | transfer_epoch5(NODE0) | transfer_epoch5(NODE1) | NODE0 = NODE1","15","0-0--00-0----0------0-0-----------0000","13","444","41","0501020420","0501020420","e0h0l0t0","0-0--00-0---","-0","------0-0---","--------0000","0","5","0","1","0","2","0","4","2","0"
"2035","12","forall NODE1,NODE0. ep_epoch0(NODE0) | ep_epoch0(NODE1) | ep_epoch2(NODE0) | ep_epoch2(NODE1) | held(NODE0) | locked_epoch3(NODE1) | locked_epoch4(NODE1) | locked_epoch5(NODE1) | transfer_epoch4(NODE0) | transfer_epoch4(NODE1) | transfer_epoch5(NODE0) | transfer_epoch5(NODE1) | NODE0 = NODE1","15","0-0---0-0---0--------0-0-0--------0000","13","442","17","0401030420","0401030420","e0h0l0t0","0-0---0-0---","0-","-------0-0-0","--------0000","0","4","0","1","0","3","0","4","2","0"
"2036","12","forall NODE1,NODE0. ep_epoch0(NODE0) | ep_epoch0(NODE1) | ep_epoch2(NODE1) | ep_epoch3(NODE0) | ep_epoch3(NODE1) | ep_epoch4(NODE1) | ep_epoch5(NODE1) | held(NODE0) | transfer_epoch3(NODE0) | transfer_epoch3(NODE1) | transfer_epoch5(NODE0) | transfer_epoch5(NODE1) | NODE0 = NODE1","15","0-00000--0---0------------------00--00","13","446","13","0701000420","0701000420","e0h0t0","0-00000--0--","-0","------------","------00--00","0","7","0","1","0","0","0","4","2","0"
"2037","12","forall NODE1,NODE0. ep_epoch0(NODE0) | ep_epoch0(NODE1) | ep_epoch2(NODE1) | ep_epoch3(NODE0) | ep_epoch3(NODE1) | ep_epoch4(NODE1) | held(NODE0) | locked_epoch5(NODE1) | transfer_epoch3(NODE0) | transfer_epoch3(NODE1) | transfer_epoch5(NODE0) | transfer_epoch5(NODE1) | NODE0 = NODE1","15","0-000-0--0---0----------0-------00--00","13","445","39","0601010420","0601010420","e0h0l0t0","0-000-0--0--","-0","----------0-","------00--00","0","6","0","1","0","1","0","4","2","0"
"2038","12","forall NODE1,NODE0. ep_epoch0(NODE0) | ep_epoch0(NODE1) | ep_epoch2(NODE1) | ep_epoch3(NODE0) | ep_epoch3(NODE1) | ep_epoch5(NODE1) | held(NODE0) | locked_epoch4(NODE1) | transfer_epoch3(NODE0) | transfer_epoch3(NODE1) | transfer_epoch5(NODE0) | transfer_epoch5(NODE1) | NODE0 = NODE1","15","0-00-00--0---0--------0---------00--00","13","445","39","0601010420","0601010420","e0h0l0t0","0-00-00--0--","-0","--------0---","------00--00","0","6","0","1","0","1","0","4","2","0"
"2039","12","forall NODE1,NODE0. ep_epoch0(NODE0) | ep_epoch0(NODE1) | ep_epoch2(NODE1) | ep_epoch3(NODE0) | ep_epoch3(NODE1) | held(NODE0) | locked_epoch4(NODE1) | locked_epoch5(NODE1) | transfer_epoch3(NODE0) | transfer_epoch3(NODE1) | transfer_epoch5(NODE0) | transfer_epoch5(NODE1) | NODE0 = NODE1","15","0-00--0--0---0--------0-0-------00--00","13","444","41","0501020420","0501020420","e0h0l0t0","0-00--0--0--","-0","--------0-0-","------00--00","0","5","0","1","0","2","0","4","2","0"
"2040","12","forall NODE1,NODE0. ep_epoch0(NODE0) | ep_epoch0(NODE1) | ep_epoch2(NODE1) | ep_epoch3(NODE1) | ep_epoch4(NODE0) | ep_epoch4(NODE1) | ep_epoch5(NODE1) | held(NODE0) | transfer_epoch3(NODE0) | transfer_epoch3(NODE1) | transfer_epoch4(NODE0) | transfer_epoch4(NODE1) | NODE0 = NODE1","15","0-00000---0--0------------------0000--","13","446","13","0701000420","0701000420","e0h0t0","0-00000---0-","-0","------------","------0000--","0","7","0","1","0","0","0","4","2","0"
"2041","12","forall NODE1,NODE0. ep_epoch0(NODE0) | ep_epoch0(NODE1) | ep_epoch2(NODE1) | ep_epoch3(NODE1) | ep_epoch4(NODE0) | ep_epoch4(NODE1) | held(NODE0) | locked_epoch5(NODE1) | transfer_epoch3(NODE0) | transfer_epoch3(NODE1) | transfer_epoch4(NODE0) | transfer_epoch4(NODE1) | NODE0 = NODE1","15","0-000-0---0--0----------0-------0000--","13","445","39","0601010420","0601010420","e0h0l0t0","0-000-0---0-","-0","----------0-","------0000--","0","6","0","1","0","1","0","4","2","0"
"2042","12","forall NODE1,NODE0. ep_epoch0(NODE0) | ep_epoch0(NODE1) | ep_epoch2(NODE1) | ep_epoch3(NODE1) | ep_epoch4(NODE1) | ep_epoch5(NODE1) | held(NODE0) | locked_epoch4(NODE0) | transfer_epoch3(NODE0) | transfer_epoch3(NODE1) | transfer_epoch4(NODE0) | transfer_epoch4(NODE1) | NODE0 = NODE1","15","0-00000------0---------0--------0000--","13","445","39","0601010420","0601010420","e0h0l0t0","0-00000-----","-0","---------0--","------0000--","0","6","0","1","0","1","0","4","2","0"
"2043","12","forall NODE1,NODE0. ep_epoch0(NODE0) | ep_epoch0(NODE1) | ep_epoch2(NODE1) | ep_epoch3(NODE1) | ep_epoch4(NODE1) | held(NODE0) | locked_epoch4(NODE0) | locked_epoch5(NODE1) | transfer_epoch3(NODE0) | transfer_epoch3(NODE1) | transfer_epoch4(NODE0) | transfer_epoch4(NODE1) | NODE0 = NODE1","15","0-000-0------0---------00-------0000--","13","444","41","0501020420","0501020420","e0h0l0t0","0-000-0-----","-0","---------00-","------0000--","0","5","0","1","0","2","0","4","2","0"
"2044","12","forall NODE1,NODE0. ep_epoch0(NODE0) | ep_epoch0(NODE1) | ep_epoch2(NODE1) | ep_epoch4(NODE0) | ep_epoch4(NODE1) | ep_epoch5(NODE1) | held(NODE0) | locked_epoch3(NODE1) | transfer_epoch3(NODE0) | transfer_epoch3(NODE1) | transfer_epoch4(NODE0) | transfer_epoch4(NODE1) | NODE0 = NODE1","15","0-0-000---0--0------0-----------0000--","13","445","39","0601010420","0601010420","e0h0l0t0","0-0-000---0-","-0","------0-----","------0000--","0","6","0","1","0","1","0","4","2","0"
"2045","12","forall NODE1,NODE0. ep_epoch0(NODE0) | ep_epoch0(NODE1) | ep_epoch2(NODE1) | ep_epoch4(NODE0) | ep_epoch4(NODE1) | held(NODE0) | locked_epoch3(NODE1) | locked_epoch5(NODE1) | transfer_epoch3(NODE0) | transfer_epoch3(NODE1) | transfer_epoch4(NODE0) | transfer_epoch4(NODE1) | NODE0 = NODE1","15","0-0-0-0---0--0------0---0-------0000--","13","444","41","0501020420","0501020420","e0h0l0t0","0-0-0-0---0-","-0","------0---0-","------0000--","0","5","0","1","0","2","0","4","2","0"
"2046","12","forall NODE1,NODE0. ep_epoch0(NODE0) | ep_epoch0(NODE1) | ep_epoch2(NODE1) | ep_epoch4(NODE1) | ep_epoch5(NODE1) | held(NODE0) | locked_epoch3(NODE1) | locked_epoch4(NODE0) | transfer_epoch3(NODE0) | transfer_epoch3(NODE1) | transfer_epoch4(NODE0) | transfer_epoch4(NODE1) | NODE0 = NODE1","15","0-0-000------0------0--0--------0000--","13","444","41","0501020420","0501020420","e0h0l0t0","0-0-000-----","-0","------0--0--","------0000--","0","5","0","1","0","2","0","4","2","0"
"2047","12","forall NODE1,NODE0. ep_epoch0(NODE0) | ep_epoch0(NODE1) | ep_epoch2(NODE1) | ep_epoch4(NODE1) | held(NODE0) | locked_epoch3(NODE1) | locked_epoch4(NODE0) | locked_epoch5(NODE1) | transfer_epoch3(NODE0) | transfer_epoch3(NODE1) | transfer_epoch4(NODE0) | transfer_epoch4(NODE1) | NODE0 = NODE1","15","0-0-0-0------0------0--00-------0000--","13","442","17","0401030420","0401030420","e0h0l0t0","0-0-0-0-----","-0","------0--00-","------0000--","0","4","0","1","0","3","0","4","2","0"
"2048","12","forall NODE1,NODE0. ep_epoch0(NODE0) | ep_epoch0(NODE1) | ep_epoch3(NODE0) | ep_epoch3(NODE1) | ep_epoch4(NODE1) | ep_epoch5(NODE1) | held(NODE0) | locked_epoch2(NODE1) | transfer_epoch3(NODE0) | transfer_epoch3(NODE1) | transfer_epoch5(NODE0) | transfer_epoch5(NODE1) | NODE0 = NODE1","15","0--0000--0---0----0-------------00--00","13","445","39","0601010420","0601010420","e0h0l0t0","0--0000--0--","-0","----0-------","------00--00","0","6","0","1","0","1","0","4","2","0"
"2049","12","forall NODE1,NODE0. ep_epoch0(NODE0) | ep_epoch0(NODE1) | ep_epoch3(NODE0) | ep_epoch3(NODE1) | ep_epoch4(NODE1) | held(NODE0) | locked_epoch2(NODE1) | locked_epoch5(NODE1) | transfer_epoch3(NODE0) | transfer_epoch3(NODE1) | transfer_epoch5(NODE0) | transfer_epoch5(NODE1) | NODE0 = NODE1","15","0--00-0--0---0----0-----0-------00--00","13","444","41","0501020420","0501020420","e0h0l0t0","0--00-0--0--","-0","----0-----0-","------00--00","0","5","0","1","0","2","0","4","2","0"
"2050","12","forall NODE1,NODE0. ep_epoch0(NODE0) | ep_epoch0(NODE1) | ep_epoch3(NODE0) | ep_epoch3(NODE1) | ep_epoch5(NODE1) | held(NODE0) | locked_epoch2(NODE1) | locked_epoch4(NODE1) | transfer_epoch3(NODE0) | transfer_epoch3(NODE1) | transfer_epoch5(NODE0) | transfer_epoch5(NODE1) | NODE0 = NODE1","15","0--0-00--0---0----0---0---------00--00","13","444","41","0501020420","0501020420","e0h0l0t0","0--0-00--0--","-0","----0---0---","------00--00","0","5","0","1","0","2","0","4","2","0"
"2051","12","forall NODE1,NODE0. ep_epoch0(NODE0) | ep_epoch0(NODE1) | ep_epoch3(NODE0) | ep_epoch3(NODE1) | held(NODE0) | locked_epoch2(NODE1) | locked_epoch4(NODE1) | locked_epoch5(NODE1) | transfer_epoch3(NODE0) | transfer_epoch3(NODE1) | transfer_epoch5(NODE0) | transfer_epoch5(NODE1) | NODE0 = NODE1","15","0--0--0--0--0------0---0-0------00--00","13","442","17","0401030420","0401030420","e0h0l0t0","0--0--0--0--","0-","-----0---0-0","------00--00","0","4","0","1","0","3","0","4","2","0"
"2052","12","forall NODE1,NODE0. ep_epoch0(NODE0) | ep_epoch0(NODE1) | ep_epoch3(NODE1) | ep_epoch4(NODE0) | ep_epoch4(NODE1) | ep_epoch5(NODE1) | held(NODE0) | locked_epoch2(NODE1) | transfer_epoch3(NODE0) | transfer_epoch3(NODE1) | transfer_epoch4(NODE0) | transfer_epoch4(NODE1) | NODE0 = NODE1","15","0--0000---0--0----0-------------0000--","13","445","39","0601010420","0601010420","e0h0l0t0","0--0000---0-","-0","----0-------","------0000--","0","6","0","1","0","1","0","4","2","0"
"2053","12","forall NODE1,NODE0. ep_epoch0(NODE0) | ep_epoch0(NODE1) | ep_epoch3(NODE1) | ep_epoch4(NODE0) | ep_epoch4(NODE1) | held(NODE0) | locked_epoch2(NODE1) | locked_epoch5(NODE1) | transfer_epoch3(NODE0) | transfer_epoch3(NODE1) | transfer_epoch4(NODE0) | transfer_epoch4(NODE1) | NODE0 = NODE1","15","0--00-0---0--0----0-----0-------0000--","13","444","41","0501020420","0501020420","e0h0l0t0","0--00-0---0-","-0","----0-----0-","------0000--","0","5","0","1","0","2","0","4","2","0"
"2054","12","forall NODE1,NODE0. ep_epoch0(NODE0) | ep_epoch0(NODE1) | ep_epoch3(NODE1) | ep_epoch4(NODE1) | ep_epoch5(NODE1) | held(NODE0) | locked_epoch2(NODE1) | locked_epoch4(NODE0) | transfer_epoch3(NODE0) | transfer_epoch3(NODE1) | transfer_epoch4(NODE0) | transfer_epoch4(NODE1) | NODE0 = NODE1","15","0--0000------0----0----0--------0000--","13","444","41","0501020420","0501020420","e0h0l0t0","0--0000-----","-0","----0----0--","------0000--","0","5","0","1","0","2","0","4","2","0"
"2055","12","forall NODE1,NODE0. ep_epoch0(NODE0) | ep_epoch0(NODE1) | ep_epoch3(NODE1) | ep_epoch4(NODE1) | held(NODE0) | locked_epoch2(NODE1) | locked_epoch4(NODE0) | locked_epoch5(NODE1) | transfer_epoch3(NODE0) | transfer_epoch3(NODE1) | transfer_epoch4(NODE0) | transfer_epoch4(NODE1) | NODE0 = NODE1","15","0--00-0------0----0----00-------0000--","13","442","17","0401030420","0401030420","e0h0l0t0","0--00-0-----","-0","----0----00-","------0000--","0","4","0","1","0","3","0","4","2","0"
"2056","12","forall NODE1,NODE0. ep_epoch0(NODE0) | ep_epoch0(NODE1) | ep_epoch4(NODE0) | ep_epoch4(NODE1) | ep_epoch5(NODE1) | held(NODE0) | locked_epoch2(NODE1) | locked_epoch3(NODE1) | transfer_epoch3(NODE0) | transfer_epoch3(NODE1) | transfer_epoch4(NODE0) | transfer_epoch4(NODE1) | NODE0 = NODE1","15","0---000---0--0----0-0-----------0000--","13","444","41","0501020420","0501020420","e0h0l0t0","0---000---0-","-0","----0-0-----","------0000--","0","5","0","1","0","2","0","4","2","0"
"2057","12","forall NODE1,NODE0. ep_epoch0(NODE0) | ep_epoch0(NODE1) | ep_epoch4(NODE0) | ep_epoch4(NODE1) | held(NODE0) | locked_epoch2(NODE1) | locked_epoch3(NODE1) | locked_epoch5(NODE1) | transfer_epoch3(NODE0) | transfer_epoch3(NODE1) | transfer_epoch4(NODE0) | transfer_epoch4(NODE1) | NODE0 = NODE1","15","0---0-0---0-0------0-0---0------0000--","13","442","17","0401030420","0401030420","e0h0l0t0","0---0-0---0-","0-","-----0-0---0","------0000--","0","4","0","1","0","3","0","4","2","0"
"2058","12","forall NODE1,NODE0. ep_epoch0(NODE0) | ep_epoch0(NODE1) | ep_epoch4(NODE1) | ep_epoch5(NODE1) | held(NODE0) | locked_epoch2(NODE1) | locked_epoch3(NODE1) | locked_epoch4(NODE0) | transfer_epoch3(NODE0) | transfer_epoch3(NODE1) | transfer_epoch4(NODE0) | transfer_epoch4(NODE1) | NODE0 = NODE1","15","0---000------0----0-0--0--------0000--","13","442","17","0401030420","0401030420","e0h0l0t0","0---000-----","-0","----0-0--0--","------0000--","0","4","0","1","0","3","0","4","2","0"
"2059","12","forall NODE1,NODE0. ep_epoch0(NODE0) | ep_epoch0(NODE1) | ep_epoch4(NODE1) | held(NODE0) | locked_epoch2(NODE1) | locked_epoch3(NODE1) | locked_epoch4(NODE0) | locked_epoch5(NODE1) | transfer_epoch3(NODE0) | transfer_epoch3(NODE1) | transfer_epoch4(NODE0) | transfer_epoch4(NODE1) | NODE0 = NODE1","15","0---0-0------0----0-0--00-------0000--","13","440","2","0301040420","0301040420","e0h0l0t0","0---0-0-----","-0","----0-0--00-","------0000--","0","3","0","1","0","4","0","4","2","0"
"2060","12","forall NODE1,NODE0. ep_epoch0(NODE0) | ep_epoch1(NODE0) | ep_epoch3(NODE1) | ep_epoch4(NODE1) | ep_epoch5(NODE1) | held(NODE0) | transfer_epoch3(NODE0) | transfer_epoch3(NODE1) | transfer_epoch4(NODE0) | transfer_epoch4(NODE1) | transfer_epoch5(NODE0) | transfer_epoch5(NODE1) | NODE0 = NODE1","15","00-------0000-------------------000000","13","443","1","0501000620","0501000620","e0h0t0","00-------000","0-","------------","------000000","0","5","0","1","0","0","0","6","2","0"
"2061","12","forall NODE1,NODE0. ep_epoch0(NODE0) | ep_epoch1(NODE0) | ep_epoch3(NODE1) | ep_epoch4(NODE1) | held(NODE0) | locked_epoch5(NODE1) | transfer_epoch3(NODE0) | transfer_epoch3(NODE1) | transfer_epoch4(NODE0) | transfer_epoch4(NODE1) | transfer_epoch5(NODE0) | transfer_epoch5(NODE1) | NODE0 = NODE1","15","00-------00-0------------0------000000","13","441","9","0401010620","0401010620","e0h0l0t0","00-------00-","0-","-----------0","------000000","0","4","0","1","0","1","0","6","2","0"
"2062","12","forall NODE1,NODE0. ep_epoch0(NODE0) | ep_epoch1(NODE0) | ep_epoch3(NODE1) | ep_epoch5(NODE1) | held(NODE0) | locked_epoch4(NODE1) | transfer_epoch3(NODE0) | transfer_epoch3(NODE1) | transfer_epoch4(NODE0) | transfer_epoch4(NODE1) | transfer_epoch5(NODE0) | transfer_epoch5(NODE1) | NODE0 = NODE1","15","00-------0-00----------0--------000000","13","441","9","0401010620","0401010620","e0h0l0t0","00-------0-0","0-","---------0--","------000000","0","4","0","1","0","1","0","6","2","0"
"2063","12","forall NODE1,NODE0. ep_epoch0(NODE0) | ep_epoch1(NODE0) | ep_epoch3(NODE1) | held(NODE0) | locked_epoch4(NODE1) | locked_epoch5(NODE1) | transfer_epoch3(NODE0) | transfer_epoch3(NODE1) | transfer_epoch4(NODE0) | transfer_epoch4(NODE1) | transfer_epoch5(NODE0) | transfer_epoch5(NODE1) | NODE0 = NODE1","15","00-------0--0----------0-0------000000","13","439","17","0301020620","0301020620","e0h0l0t0","00-------0--","0-","---------0-0","------000000","0","3","0","1","0","2","0","6","2","0"
"2064","12","forall NODE1,NODE0. ep_epoch0(NODE0) | ep_epoch1(NODE0) | ep_epoch4(NODE1) | ep_epoch5(NODE1) | held(NODE0) | locked_epoch3(NODE1) | transfer_epoch3(NODE0) | transfer_epoch3(NODE1) | transfer_epoch4(NODE0) | transfer_epoch4(NODE1) | transfer_epoch5(NODE0) | transfer_epoch5(NODE1) | NODE0 = NODE1","15","00--------000--------0----------000000","13","441","9","0401010620","0401010620","e0h0l0t0","00--------00","0-","-------0----","------000000","0","4","0","1","0","1","0","6","2","0"
"2065","12","forall NODE1,NODE0. ep_epoch0(NODE0) | ep_epoch1(NODE0) | ep_epoch4(NODE1) | held(NODE0) | locked_epoch3(NODE1) | locked_epoch5(NODE1) | transfer_epoch3(NODE0) | transfer_epoch3(NODE1) | transfer_epoch4(NODE0) | transfer_epoch4(NODE1) | transfer_epoch5(NODE0) | transfer_epoch5(NODE1) | NODE0 = NODE1","15","00--------0-0--------0---0------000000","13","439","17","0301020620","0301020620","e0h0l0t0","00--------0-","0-","-------0---0","------000000","0","3","0","1","0","2","0","6","2","0"
"2066","12","forall NODE1,NODE0. ep_epoch0(NODE0) | ep_epoch1(NODE0) | ep_epoch5(NODE1) | held(NODE0) | locked_epoch3(NODE1) | locked_epoch4(NODE1) | transfer_epoch3(NODE0) | transfer_epoch3(NODE1) | transfer_epoch4(NODE0) | transfer_epoch4(NODE1) | transfer_epoch5(NODE0) | transfer_epoch5(NODE1) | NODE0 = NODE1","15","00---------00--------0-0--------000000","13","439","17","0301020620","0301020620","e0h0l0t0","00---------0","0-","-------0-0--","------000000","0","3","0","1","0","2","0","6","2","0"
"2067","12","forall NODE1,NODE0. ep_epoch0(NODE0) | ep_epoch1(NODE0) | held(NODE0) | locked_epoch3(NODE1) | locked_epoch4(NODE1) | locked_epoch5(NODE1) | transfer_epoch3(NODE0) | transfer_epoch3(NODE1) | transfer_epoch4(NODE0) | transfer_epoch4(NODE1) | transfer_epoch5(NODE0) | transfer_epoch5(NODE1) | NODE0 = NODE1","15","00----------0--------0-0-0------000000","13","438","11","0201030620","0201030620","e0h0l0t0","00----------","0-","-------0-0-0","------000000","0","2","0","1","0","3","0","6","2","0"
"2068","12","forall NODE1,NODE0. ep_epoch0(NODE0) | ep_epoch2(NODE0) | ep_epoch2(NODE1) | ep_epoch3(NODE0) | ep_epoch3(NODE1) | ep_epoch4(NODE1) | ep_epoch5(NODE1) | held(NODE0) | transfer_epoch2(NODE0) | transfer_epoch2(NODE1) | transfer_epoch5(NODE0) | transfer_epoch5(NODE1) | NODE0 = NODE1","15","0-00----00000-----------------00----00","13","446","13","0701000420","0701000420","e0h0t0","0-00----0000","0-","------------","----00----00","0","7","0","1","0","0","0","4","2","0"
"2069","12","forall NODE1,NODE0. ep_epoch0(NODE0) | ep_epoch2(NODE0) | ep_epoch2(NODE1) | ep_epoch3(NODE0) | ep_epoch3(NODE1) | ep_epoch4(NODE1) | held(NODE0) | locked_epoch5(NODE1) | transfer_epoch2(NODE0) | transfer_epoch2(NODE1) | transfer_epoch5(NODE0) | transfer_epoch5(NODE1) | NODE0 = NODE1","15","0-00----000-0------------0----00----00","13","445","39","0601010420","0601010420","e0h0l0t0","0-00----000-","0-","-----------0","----00----00","0","6","0","1","0","1","0","4","2","0"
"2070","12","forall NODE1,NODE0. ep_epoch0(NODE0) | ep_epoch2(NODE0) | ep_epoch2(NODE1) | ep_epoch3(NODE0) | ep_epoch3(NODE1) | ep_epoch5(NODE1) | held(NODE0) | locked_epoch4(NODE1) | transfer_epoch2(NODE0) | transfer_epoch2(NODE1) | transfer_epoch5(NODE0) | transfer_epoch5(NODE1) | NODE0 = NODE1","15","0-00----00-00----------0------00----00","13","445","39","0601010420","0601010420","e0h0l0t0","0-00----00-0","0-","---------0--","----00----00","0","6","0","1","0","1","0","4","2","0"
"2071","12","forall NODE1,NODE0. ep_epoch0(NODE0) | ep_epoch2(NODE0) | ep_epoch2(NODE1) | ep_epoch3(NODE0) | ep_epoch3(NODE1) | held(NODE0) | locked_epoch4(NODE1) | locked_epoch5(NODE1) | transfer_epoch2(NODE0) | transfer_epoch2(NODE1) | transfer_epoch5(NODE0) | transfer_epoch5(NODE1) | NODE0 = NODE1","15","0-00----00--0----------0-0----00----00","13","444","41","0501020420","0501020420","e0h0l0t0","0-00----00--","0-","---------0-0","----00----00","0","5","0","1","0","2","0","4","2","0"
"2072","12","forall NODE1,NODE0. ep_epoch0(NODE0) | ep_epoch2(NODE0) | ep_epoch2(NODE1) | ep_epoch3(NODE1) | ep_epoch4(NODE0) | ep_epoch4(NODE1) | ep_epoch5(NODE1) | held(NODE0) | transfer_epoch2(NODE0) | transfer_epoch2(NODE1) | transfer_epoch4(NODE0) | transfer_epoch4(NODE1) | NODE0 = NODE1","15","0-0-0---00000-----------------00--00--","13","446","13","0701000420","0701000420","e0h0t0","0-0-0---0000","0-","------------","----00--00--","0","7","0","1","0","0","0","4","2","0"
"2073","12","forall NODE1,NODE0. ep_epoch0(NODE0) | ep_epoch2(NODE0) | ep_epoch2(NODE1) | ep_epoch3(NODE1) | ep_epoch4(NODE0) | ep_epoch4(NODE1) | held(NODE0) | locked_epoch5(NODE1) | transfer_epoch2(NODE0) | transfer_epoch2(NODE1) | transfer_epoch4(NODE0) | transfer_epoch4(NODE1) | NODE0 = NODE1","15","0-0-0---000-0------------0----00--00--","13","445","39","0601010420","0601010420","e0h0l0t0","0-0-0---000-","0-","-----------0","----00--00--","0","6","0","1","0","1","0","4","2","0"
"2074","12","forall NODE1,NODE0. ep_epoch0(NODE0) | ep_epoch2(NODE0) | ep_epoch2(NODE1) | ep_epoch3(NODE1) | ep_epoch4(NODE1) | ep_epoch5(NODE1) | held(NODE0) | locked_epoch4(NODE0) | transfer_epoch2(NODE0) | transfer_epoch2(NODE1) | transfer_epoch4(NODE0) | transfer_epoch4(NODE1) | NODE0 = NODE1","15","0-0-----00000---------0-------00--00--","13","445","39","0601010420","0601010420","e0h0l0t0","0-0-----0000","0-","--------0---","----00--00--","0","6","0","1","0","1","0","4","2","0"
"2075","12","forall NODE1,NODE0. ep_epoch0(NODE0) | ep_epoch2(NODE0) | ep_epoch2(NODE1) | ep_epoch3(NODE1) | ep_epoch4(NODE1) | held(NODE0) | locked_epoch4(NODE0) | locked_epoch5(NODE1) | transfer_epoch2(NODE0) | transfer_epoch2(NODE1) | transfer_epoch4(NODE0) | transfer_epoch4(NODE1) | NODE0 = NODE1","15","0-0-----000-0---------0--0----00--00--","13","444","41","0501020420","0501020420","e0h0l0t0","0-0-----000-","0-","--------0--0","----00--00--","0","5","0","1","0","2","0","4","2","0"
"2076","12","forall NODE1,NODE0. ep_epoch0(NODE0) | ep_epoch2(NODE0) | ep_epoch2(NODE1) | ep_epoch4(NODE0) | ep_epoch4(NODE1) | ep_epoch5(NODE1) | held(NODE0) | locked_epoch3(NODE1) | transfer_epoch2(NODE0) | transfer_epoch2(NODE1) | transfer_epoch4(NODE0) | transfer_epoch4(NODE1) | NODE0 = NODE1","15","0-0-0---0-000--------0--------00--00--","13","445","39","0601010420","0601010420","e0h0l0t0","0-0-0---0-00","0-","-------0----","----00--00--","0","6","0","1","0","1","0","4","2","0"
"2077","12","forall NODE1,NODE0. ep_epoch0(NODE0) | ep_epoch2(NODE0) | ep_epoch2(NODE1) | ep_epoch4(NODE0) | ep_epoch4(NODE1) | held(NODE0) | locked_epoch3(NODE1) | locked_epoch5(NODE1) | transfer_epoch2(NODE0) | transfer_epoch2(NODE1) | transfer_epoch4(NODE0) | transfer_epoch4(NODE1) | NODE0 = NODE1","15","0-0-0---0-0-0--------0---0----00--00--","13","444","41","0501020420","0501020420","e0h0l0t0","0-0-0---0-0-","0-","-------0---0","----00--00--","0","5","0","1","0","2","0","4","2","0"
"2078","12","forall NODE1,NODE0. ep_epoch0(NODE0) | ep_epoch2(NODE0) | ep_epoch2(NODE1) | ep_epoch4(NODE1) | ep_epoch5(NODE1) | held(NODE0) | locked_epoch3(NODE1) | locked_epoch4(NODE0) | transfer_epoch2(NODE0) | transfer_epoch2(NODE1) | transfer_epoch4(NODE0) | transfer_epoch4(NODE1) | NODE0 = NODE1","15","0-0-----0-000--------00-------00--00--","13","444","41","0501020420","0501020420","e0h0l0t0","0-0-----0-00","0-","-------00---","----00--00--","0","5","0","1","0","2","0","4","2","0"
"2079","12","forall NODE1,NODE0. ep_epoch0(NODE0) | ep_epoch2(NODE0) | ep_epoch2(NODE1) | ep_epoch4(NODE1) | held(NODE0) | locked_epoch3(NODE1) | locked_epoch4(NODE0) | locked_epoch5(NODE1) | transfer_epoch2(NODE0) | transfer_epoch2(NODE1) | transfer_epoch4(NODE0) | transfer_epoch4(NODE1) | NODE0 = NODE1","15","0-0-----0-0-0--------00--0----00--00--","13","442","17","0401030420","0401030420","e0h0l0t0","0-0-----0-0-","0-","-------00--0","----00--00--","0","4","0","1","0","3","0","4","2","0"
"2080","12","forall NODE1,NODE0. ep_epoch0(NODE0) | ep_epoch2(NODE0) | ep_epoch4(NODE1) | ep_epoch5(NODE1) | held(NODE0) | locked_epoch2(NODE1) | transfer_epoch2(NODE0) | transfer_epoch2(NODE1) | transfer_epoch4(NODE0) | transfer_epoch4(NODE1) | transfer_epoch5(NODE0) | transfer_epoch5(NODE1) | NODE0 = NODE1","15","0-0-------000------0----------00--0000","13","441","9","0401010620","0401010620","e0h0l0t0","0-0-------00","0-","-----0------","----00--0000","0","4","0","1","0","1","0","6","2","0"
"2081","12","forall NODE1,NODE0. ep_epoch0(NODE0) | ep_epoch2(NODE0) | ep_epoch4(NODE1) | held(NODE0) | locked_epoch2(NODE1) | locked_epoch5(NODE1) | transfer_epoch2(NODE0) | transfer_epoch2(NODE1) | transfer_epoch4(NODE0) | transfer_epoch4(NODE1) | transfer_epoch5(NODE0) | transfer_epoch5(NODE1) | NODE0 = NODE1","15","0-0-------0-0------0-----0----00--0000","13","439","17","0301020620","0301020620","e0h0l0t0","0-0-------0-","0-","-----0-----0","----00--0000","0","3","0","1","0","2","0","6","2","0"
"2082","12","forall NODE1,NODE0. ep_epoch0(NODE0) | ep_epoch2(NODE0) | ep_epoch5(NODE1) | held(NODE0) | locked_epoch2(NODE1) | locked_epoch4(NODE1) | transfer_epoch2(NODE0) | transfer_epoch2(NODE1) | transfer_epoch4(NODE0) | transfer_epoch4(NODE1) | transfer_epoch5(NODE0) | transfer_epoch5(NODE1) | NODE0 = NODE1","15","0-0--------00------0---0------00--0000","13","439","17","0301020620","0301020620","e0h0l0t0","0-0--------0","0-","-----0---0--","----00--0000","0","3","0","1","0","2","0","6","2","0"
"2083","12","forall NODE1,NODE0. ep_epoch0(NODE0) | ep_epoch2(NODE0) | held(NODE0) | locked_epoch2(NODE1) | locked_epoch4(NODE1) | locked_epoch5(NODE1) | transfer_epoch2(NODE0) | transfer_epoch2(NODE1) | transfer_epoch4(NODE0) | transfer_epoch4(NODE1) | transfer_epoch5(NODE0) | transfer_epoch5(NODE1) | NODE0 = NODE1","15","0-0---------0------0---0-0----00--0000","13","438","11","0201030620","0201030620","e0h0l0t0","0-0---------","0-","-----0---0-0","----00--0000","0","2","0","1","0","3","0","6","2","0"
"2084","12","forall NODE1,NODE0. ep_epoch0(NODE0) | ep_epoch2(NODE1) | ep_epoch3(NODE0) | ep_epoch3(NODE1) | ep_epoch4(NODE0) | ep_epoch4(NODE1) | ep_epoch5(NODE1) | held(NODE0) | transfer_epoch2(NODE0) | transfer_epoch2(NODE1) | transfer_epoch3(NODE0) | transfer_epoch3(NODE1) | NODE0 = NODE1","15","0--00---00000-----------------0000----","13","446","13","0701000420","0701000420","e0h0t0","0--00---0000","0-","------------","----0000----","0","7","0","1","0","0","0","4","2","0"
"2085","12","forall NODE1,NODE0. ep_epoch0(NODE0) | ep_epoch2(NODE1) | ep_epoch3(NODE0) | ep_epoch3(NODE1) | ep_epoch4(NODE0) | ep_epoch4(NODE1) | held(NODE0) | locked_epoch5(NODE1) | transfer_epoch2(NODE0) | transfer_epoch2(NODE1) | transfer_epoch3(NODE0) | transfer_epoch3(NODE1) | NODE0 = NODE1","15","0--00---000-0------------0----0000----","13","445","39","0601010420","0601010420","e0h0l0t0","0--00---000-","0-","-----------0","----0000----","0","6","0","1","0","1","0","4","2","0"
"2086","12","forall NODE1,NODE0. ep_epoch0(NODE0) | ep_epoch2(NODE1) | ep_epoch3(NODE0) | ep_epoch3(NODE1) | ep_epoch4(NODE1) | ep_epoch5(NODE1) | held(NODE0) | locked_epoch4(NODE0) | transfer_epoch2(NODE0) | transfer_epoch2(NODE1) | transfer_epoch3(NODE0) | transfer_epoch3(NODE1) | NODE0 = NODE1","15","0--0----00000---------0-------0000----","13","445","39","0601010420","0601010420","e0h0l0t0","0--0----0000","0-","--------0---","----0000----","0","6","0","1","0","1","0","4","2","0"
"2087","12","forall NODE1,NODE0. ep_epoch0(NODE0) | ep_epoch2(NODE1) | ep_epoch3(NODE0) | ep_epoch3(NODE1) | ep_epoch4(NODE1) | held(NODE0) | locked_epoch4(NODE0) | locked_epoch5(NODE1) | transfer_epoch2(NODE0) | transfer_epoch2(NODE1) | transfer_epoch3(NODE0) | transfer_epoch3(NODE1) | NODE0 = NODE1","15","0--0----000-0---------0--0----0000----","13","444","41","0501020420","0501020420","e0h0l0t0","0--0----000-","0-","--------0--0","----0000----","0","5","0","1","0","2","0","4","2","0"
"2088","12","forall NODE1,NODE0. ep_epoch0(NODE0) | ep_epoch2(NODE1) | ep_epoch3(NODE0) | ep_epoch5(NODE1) | held(NODE0) | locked_epoch3(NODE1) | transfer_epoch2(NODE0) | transfer_epoch2(NODE1) | transfer_epoch3(NODE0) | transfer_epoch3(NODE1) | transfer_epoch5(NODE0) | transfer_epoch5(NODE1) | NODE0 = NODE1","15","0--0----0--00--------0--------0000--00","13","441","9","0401010620","0401010620","e0h0l0t0","0--0----0--0","0-","-------0----","----0000--00","0","4","0","1","0","1","0","6","2","0"
"2089","12","forall NODE1,NODE0. ep_epoch0(NODE0) | ep_epoch2(NODE1) | ep_epoch3(NODE0) | held(NODE0) | locked_epoch3(NODE1) | locked_epoch5(NODE1) | transfer_epoch2(NODE0) | transfer_epoch2(NODE1) | transfer_epoch3(NODE0) | transfer_epoch3(NODE1) | transfer_epoch5(NODE0) | transfer_epoch5(NODE1) | NODE0 = NODE1","15","0--0----0---0--------0---0----0000--00","13","439","17","0301020620","0301020620","e0h0l0t0","0--0----0---","0-","-------0---0","----0000--00","0","3","0","1","0","2","0","6","2","0"
"2090","12","forall NODE1,NODE0. ep_epoch0(NODE0) | ep_epoch2(NODE1) | ep_epoch3(NODE1) | ep_epoch4(NODE0) | held(NODE0) | locked_epoch4(NODE1) | transfer_epoch2(NODE0) | transfer_epoch2(NODE1) | transfer_epoch3(NODE0) | transfer_epoch3(NODE1) | transfer_epoch4(NODE0) | transfer_epoch4(NODE1) | NODE0 = NODE1","15","0---0---00--0----------0------000000--","13","441","9","0401010620","0401010620","e0h0l0t0","0---0---00--","0-","---------0--","----000000--","0","4","0","1","0","1","0","6","2","0"
"2091","12","forall NODE1,NODE0. ep_epoch0(NODE0) | ep_epoch2(NODE1) | ep_epoch3(NODE1) | held(NODE0) | locked_epoch4(NODE0) | locked_epoch4(NODE1) | transfer_epoch2(NODE0) | transfer_epoch2(NODE1) | transfer_epoch3(NODE0) | transfer_epoch3(NODE1) | transfer_epoch4(NODE0) | transfer_epoch4(NODE1) | NODE0 = NODE1","15","0-------00--0---------00------000000--","13","439","17","0301020620","0301020620","e0h0l0t0","0-------00--","0-","--------00--","----000000--","0","3","0","1","0","2","0","6","2","0"
"2092","12","forall NODE1,NODE0. ep_epoch0(NODE0) | ep_epoch2(NODE1) | ep_epoch4(NODE0) | held(NODE0) | locked_epoch3(NODE1) | locked_epoch4(NODE1) | transfer_epoch2(NODE0) | transfer_epoch2(NODE1) | transfer_epoch3(NODE0) | transfer_epoch3(NODE1) | transfer_epoch4(NODE0) | transfer_epoch4(NODE1) | NODE0 = NODE1","15","0---0---0---0--------0-0------000000--","13","439","17","0301020620","0301020620","e0h0l0t0","0---0---0---","0-","-------0-0--","----000000--","0","3","0","1","0","2","0","6","2","0"
"2093","12","forall NODE1,NODE0. ep_epoch0(NODE0) | ep_epoch2(NODE1) | held(NODE0) | locked_epoch3(NODE1) | locked_epoch4(NODE0) | locked_epoch4(NODE1) | transfer_epoch2(NODE0) | transfer_epoch2(NODE1) | transfer_epoch3(NODE0) | transfer_epoch3(NODE1) | transfer_epoch4(NODE0) | transfer_epoch4(NODE1) | NODE0 = NODE1","15","0-------0---0--------000------000000--","13","438","11","0201030620","0201030620","e0h0l0t0","0-------0---","0-","-------000--","----000000--","0","2","0","1","0","3","0","6","2","0"
"2094","12","forall NODE1,NODE0. ep_epoch0(NODE0) | ep_epoch3(NODE0) | ep_epoch3(NODE1) | ep_epoch4(NODE0) | ep_epoch4(NODE1) | ep_epoch5(NODE1) | held(NODE0) | locked_epoch2(NODE1) | transfer_epoch2(NODE0) | transfer_epoch2(NODE1) | transfer_epoch3(NODE0) | transfer_epoch3(NODE1) | NODE0 = NODE1","15","0--00----0000------0----------0000----","13","445","39","0601010420","0601010420","e0h0l0t0","0--00----000","0-","-----0------","----0000----","0","6","0","1","0","1","0","4","2","0"
"2095","12","forall NODE1,NODE0. ep_epoch0(NODE0) | ep_epoch3(NODE0) | ep_epoch3(NODE1) | ep_epoch4(NODE0) | ep_epoch4(NODE1) | held(NODE0) | locked_epoch2(NODE1) | locked_epoch5(NODE1) | transfer_epoch2(NODE0) | transfer_epoch2(NODE1) | transfer_epoch3(NODE0) | transfer_epoch3(NODE1) | NODE0 = NODE1","15","0--00----00-0------0-----0----0000----","13","444","41","0501020420","0501020420","e0h0l0t0","0--00----00-","0-","-----0-----0","----0000----","0","5","0","1","0","2","0","4","2","0"
"2096","12","forall NODE1,NODE0. ep_epoch0(NODE0) | ep_epoch3(NODE0) | ep_epoch3(NODE1) | ep_epoch4(NODE1) | ep_epoch5(NODE1) | held(NODE0) | locked_epoch2(NODE1) | locked_epoch4(NODE0) | transfer_epoch2(NODE0) | transfer_epoch2(NODE1) | transfer_epoch3(NODE0) | transfer_epoch3(NODE1) | NODE0 = NODE1","15","0--0-----0000------0--0-------0000----","13","444","41","0501020420","0501020420","e0h0l0t0","0--0-----000","0-","-----0--0---","----0000----","0","5","0","1","0","2","0","4","2","0"
"2097","12","forall NODE1,NODE0. ep_epoch0(NODE0) | ep_epoch3(NODE0) | ep_epoch3(NODE1) | ep_epoch4(NODE1) | held(NODE0) | locked_epoch2(NODE1) | locked_epoch4(NODE0) | locked_epoch5(NODE1) | transfer_epoch2(NODE0) | transfer_epoch2(NODE1) | transfer_epoch3(NODE0) | transfer_epoch3(NODE1) | NODE0 = NODE1","15","0--0-----00-0------0--0--0----0000----","13","442","17","0401030420","0401030420","e0h0l0t0","0--0-----00-","0-","-----0--0--0","----0000----","0","4","0","1","0","3","0","4","2","0"
"2098","12","forall NODE1,NODE0. ep_epoch0(NODE0) | ep_epoch3(NODE0) | ep_epoch5(NODE1) | held(NODE0) | locked_epoch2(NODE1) | locked_epoch3(NODE1) | transfer_epoch2(NODE0) | transfer_epoch2(NODE1) | transfer_epoch3(NODE0) | transfer_epoch3(NODE1) | transfer_epoch5(NODE0) | transfer_epoch5(NODE1) | NODE0 = NODE1","15","0--0-------00------0-0--------0000--00","13","439","17","0301020620","0301020620","e0h0l0t0","0--0-------0","0-","-----0-0----","----0000--00","0","3","0","1","0","2","0","6","2","0"
"2099","12","forall NODE1,NODE0. ep_epoch0(NODE0) | ep_epoch3(NODE0) | held(NODE0) | locked_epoch2(NODE1) | locked_epoch3(NODE1) | locked_epoch5(NODE1) | transfer_epoch2(NODE0) | transfer_epoch2(NODE1) | transfer_epoch3(NODE0) | transfer_epoch3(NODE1) | transfer_epoch5(NODE0) | transfer_epoch5(NODE1) | NODE0 = NODE1","15","0--0--------0------0-0---0----0000--00","13","438","11","0201030620","0201030620","e0h0l0t0","0--0--------","0-","-----0-0---0","----0000--00","0","2","0","1","0","3","0","6","2","0"
"2100","12","forall NODE1,NODE0. ep_epoch0(NODE0) | ep_epoch3(NODE1) | ep_epoch4(NODE0) | held(NODE0) | locked_epoch2(NODE1) | locked_epoch4(NODE1) | transfer_epoch2(NODE0) | transfer_epoch2(NODE1) | transfer_epoch3(NODE0) | transfer_epoch3(NODE1) | transfer_epoch4(NODE0) | transfer_epoch4(NODE1) | NODE0 = NODE1","15","0---0----0--0------0---0------000000--","13","439","17","0301020620","0301020620","e0h0l0t0","0---0----0--","0-","-----0---0--","----000000--","0","3","0","1","0","2","0","6","2","0"
"2101","12","forall NODE1,NODE0. ep_epoch0(NODE0) | ep_epoch3(NODE1) | held(NODE0) | locked_epoch2(NODE1) | locked_epoch4(NODE0) | locked_epoch4(NODE1) | transfer_epoch2(NODE0) | transfer_epoch2(NODE1) | transfer_epoch3(NODE0) | transfer_epoch3(NODE1) | transfer_epoch4(NODE0) | transfer_epoch4(NODE1) | NODE0 = NODE1","15","0--------0--0------0--00------000000--","13","438","11","0201030620","0201030620","e0h0l0t0","0--------0--","0-","-----0--00--","----000000--","0","2","0","1","0","3","0","6","2","0"
"2102","12","forall NODE1,NODE0. ep_epoch0(NODE0) | ep_epoch4(NODE0) | held(NODE0) | locked_epoch2(NODE1) | locked_epoch3(NODE1) | locked_epoch4(NODE1) | transfer_epoch2(NODE0) | transfer_epoch2(NODE1) | transfer_epoch3(NODE0) | transfer_epoch3(NODE1) | transfer_epoch4(NODE0) | transfer_epoch4(NODE1) | NODE0 = NODE1","15","0---0-------0------0-0-0------000000--","13","438","11","0201030620","0201030620","e0h0l0t0","0---0-------","0-","-----0-0-0--","----000000--","0","2","0","1","0","3","0","6","2","0"
"2103","12","forall NODE1,NODE0. ep_epoch0(NODE0) | held(NODE0) | locked_epoch2(NODE1) | locked_epoch3(NODE1) | locked_epoch4(NODE0) | locked_epoch4(NODE1) | transfer_epoch2(NODE0) | transfer_epoch2(NODE1) | transfer_epoch3(NODE0) | transfer_epoch3(NODE1) | transfer_epoch4(NODE0) | transfer_epoch4(NODE1) | NODE0 = NODE1","15","0-----------0------0-000------000000--","13","436","2","0101040620","0101040620","e0h0l0t0","0-----------","0-","-----0-000--","----000000--","0","1","0","1","0","4","0","6","2","0"
"2104","12","forall NODE1,NODE0. ep_epoch1(NODE0) | ep_epoch1(NODE1) | ep_epoch2(NODE0) | ep_epoch2(NODE1) | ep_epoch3(NODE1) | ep_epoch4(NODE1) | ep_epoch5(NODE1) | held(NODE0) | transfer_epoch4(NODE0) | transfer_epoch4(NODE1) | transfer_epoch5(NODE0) | transfer_epoch5(NODE1) | NODE0 = NODE1","15","-00000-00----0--------------------0000","13","446","13","0701000420","0701000420","e0h0t0","-00000-00---","-0","------------","--------0000","0","7","0","1","0","0","0","4","2","0"
"2105","12","forall NODE1,NODE0. ep_epoch1(NODE0) | ep_epoch1(NODE1) | ep_epoch2(NODE0) | ep_epoch2(NODE1) | ep_epoch3(NODE1) | ep_epoch4(NODE1) | held(NODE0) | locked_epoch5(NODE1) | transfer_epoch4(NODE0) | transfer_epoch4(NODE1) | transfer_epoch5(NODE0) | transfer_epoch5(NODE1) | NODE0 = NODE1","15","-0000--00----0----------0---------0000","13","445","39","0601010420","0601010420","e0h0l0t0","-0000--00---","-0","----------0-","--------0000","0","6","0","1","0","1","0","4","2","0"
"2106","12","forall NODE1,NODE0. ep_epoch1(NODE0) | ep_epoch1(NODE1) | ep_epoch2(NODE0) | ep_epoch2(NODE1) | ep_epoch3(NODE1) | ep_epoch5(NODE1) | held(NODE0) | locked_epoch4(NODE1) | transfer_epoch4(NODE0) | transfer_epoch4(NODE1) | transfer_epoch5(NODE0) | transfer_epoch5(NODE1) | NODE0 = NODE1","15","-000-0-00----0--------0-----------0000","13","445","39","0601010420","0601010420","e0h0l0t0","-000-0-00---","-0","--------0---","--------0000","0","6","0","1","0","1","0","4","2","0"
"2107","12","forall NODE1,NODE0. ep_epoch1(NODE0) | ep_epoch1(NODE1) | ep_epoch2(NODE0) | ep_epoch2(NODE1) | ep_epoch3(NODE1) | held(NODE0) | locked_epoch4(NODE1) | locked_epoch5(NODE1) | transfer_epoch4(NODE0) | transfer_epoch4(NODE1) | transfer_epoch5(NODE0) | transfer_epoch5(NODE1) | NODE0 = NODE1","15","-000---00----0--------0-0---------0000","13","444","41","0501020420","0501020420","e0h0l0t0","-000---00---","-0","--------0-0-","--------0000","0","5","0","1","0","2","0","4","2","0"
"2108","12","forall NODE1,NODE0. ep_epoch1(NODE0) | ep_epoch1(NODE1) | ep_epoch2(NODE0) | ep_epoch2(NODE1) | ep_epoch4(NODE1) | ep_epoch5(NODE1) | held(NODE0) | locked_epoch3(NODE1) | transfer_epoch4(NODE0) | transfer_epoch4(NODE1) | transfer_epoch5(NODE0) | transfer_epoch5(NODE1) | NODE0 = NODE1","15","-00-00-00----0------0-------------0000","13","445","39","0601010420","0601010420","e0h0l0t0","-00-00-00---","-0","------0-----","--------0000","0","6","0","1","0","1","0","4","2","0"
"2109","12","forall NODE1,NODE0. ep_epoch1(NODE0) | ep_epoch1(NODE1) | ep_epoch2(NODE0) | ep_epoch2(NODE1) | ep_epoch4(NODE1) | held(NODE0) | locked_epoch3(NODE1) | locked_epoch5(NODE1) | transfer_epoch4(NODE0) | transfer_epoch4(NODE1) | transfer_epoch5(NODE0) | transfer_epoch5(NODE1) | NODE0 = NODE1","15","-00-0--00----0------0---0---------0000","13","444","41","0501020420","0501020420","e0h0l0t0","-00-0--00---","-0","------0---0-","--------0000","0","5","0","1","0","2","0","4","2","0"
"2110","12","forall NODE1,NODE0. ep_epoch1(NODE0) | ep_epoch1(NODE1) | ep_epoch2(NODE0) | ep_epoch2(NODE1) | ep_epoch5(NODE1) | held(NODE0) | locked_epoch3(NODE1) | locked_epoch4(NODE1) | transfer_epoch4(NODE0) | transfer_epoch4(NODE1) | transfer_epoch5(NODE0) | transfer_epoch5(NODE1) | NODE0 = NODE1","15","-00--0-00----0------0-0-----------0000","13","444","41","0501020420","0501020420","e0h0l0t0","-00--0-00---","-0","------0-0---","--------0000","0","5","0","1","0","2","0","4","2","0"
"2111","12","forall NODE1,NODE0. ep_epoch1(NODE0) | ep_epoch1(NODE1) | ep_epoch2(NODE0) | ep_epoch2(NODE1) | held(NODE0) | locked_epoch3(NODE1) | locked_epoch4(NODE1) | locked_epoch5(NODE1) | transfer_epoch4(NODE0) | transfer_epoch4(NODE1) | transfer_epoch5(NODE0) | transfer_epoch5(NODE1) | NODE0 = NODE1","15","-00----00---0--------0-0-0--------0000","13","442","17","0401030420","0401030420","e0h0l0t0","-00----00---","0-","-------0-0-0","--------0000","0","4","0","1","0","3","0","4","2","0"
"2112","12","forall NODE1,NODE0. ep_epoch1(NODE0) | ep_epoch1(NODE1) | ep_epoch2(NODE1) | ep_epoch3(NODE0) | ep_epoch3(NODE1) | ep_epoch4(NODE1) | ep_epoch5(NODE1) | held(NODE0) | transfer_epoch3(NODE0) | transfer_epoch3(NODE1) | transfer_epoch5(NODE0) | transfer_epoch5(NODE1) | NODE0 = NODE1","15","-00000-0-0---0------------------00--00","13","446","13","0701000420","0701000420","e0h0t0","-00000-0-0--","-0","------------","------00--00","0","7","0","1","0","0","0","4","2","0"
"2113","12","forall NODE1,NODE0. ep_epoch1(NODE0) | ep_epoch1(NODE1) | ep_epoch2(NODE1) | ep_epoch3(NODE0) | ep_epoch3(NODE1) | ep_epoch4(NODE1) | held(NODE0) | locked_epoch5(NODE1) | transfer_epoch3(NODE0) | transfer_epoch3(NODE1) | transfer_epoch5(NODE0) | transfer_epoch5(NODE1) | NODE0 = NODE1","15","-0000--0-0---0----------0-------00--00","13","445","39","0601010420","0601010420","e0h0l0t0","-0000--0-0--","-0","----------0-","------00--00","0","6","0","1","0","1","0","4","2","0"
"2114","12","forall NODE1,NODE0. ep_epoch1(NODE0) | ep_epoch1(NODE1) | ep_epoch2(NODE1) | ep_epoch3(NODE0) | ep_epoch3(NODE1) | ep_epoch5(NODE1) | held(NODE0) | locked_epoch4(NODE1) | transfer_epoch3(NODE0) | transfer_epoch3(NODE1) | transfer_epoch5(NODE0) | transfer_epoch5(NODE1) | NODE0 = NODE1","15","-000-0-0-0---0--------0---------00--00","13","445","39","0601010420","0601010420","e0h0l0t0","-000-0-0-0--","-0","--------0---","------00--00","0","6","0","1","0","1","0","4","2","0"
"2115","12","forall NODE1,NODE0. ep_epoch1(NODE0) | ep_epoch1(NODE1) | ep_epoch2(NODE1) | ep_epoch3(NODE0) | ep_epoch3(NODE1) | held(NODE0) | locked_epoch4(NODE1) | locked_epoch5(NODE1) | transfer_epoch3(NODE0) | transfer_epoch3(NODE1) | transfer_epoch5(NODE0) | transfer_epoch5(NODE1) | NODE0 = NODE1","15","-000---0-0---0--------0-0-------00--00","13","444","41","0501020420","0501020420","e0h0l0t0","-000---0-0--","-0","--------0-0-","------00--00","0","5","0","1","0","2","0","4","2","0"
"2116","12","forall NODE1,NODE0. ep_epoch1(NODE0) | ep_epoch1(NODE1) | ep_epoch2(NODE1) | ep_epoch3(NODE1) | ep_epoch4(NODE0) | ep_epoch4(NODE1) | ep_epoch5(NODE1) | held(NODE0) | transfer_epoch3(NODE0) | transfer_epoch3(NODE1) | transfer_epoch4(NODE0) | transfer_epoch4(NODE1) | NODE0 = NODE1","15","-00000-0--0--0------------------0000--","13","446","13","0701000420","0701000420","e0h0t0","-00000-0--0-","-0","------------","------0000--","0","7","0","1","0","0","0","4","2","0"
"2117","12","forall NODE1,NODE0. ep_epoch1(NODE0) | ep_epoch1(NODE1) | ep_epoch2(NODE1) | ep_epoch3(NODE1) | ep_epoch4(NODE0) | ep_epoch4(NODE1) | held(NODE0) | locked_epoch5(NODE1) | transfer_epoch3(NODE0) | transfer_epoch3(NODE1) | transfer_epoch4(NODE0) | transfer_epoch4(NODE1) | NODE0 = NODE1","15","-0000--0--0--0----------0-------0000--","13","445","39","0601010420","0601010420","e0h0l0t0","-0000--0--0-","-0","----------0-","------0000--","0","6","0","1","0","1","0","4","2","0"
"2118","12","forall NODE1,NODE0. ep_epoch1(NODE0) | ep_epoch1(NODE1) | ep_epoch2(NODE1) | ep_epoch3(NODE1) | ep_epoch4(NODE1) | ep_epoch5(NODE1) | held(NODE0) | locked_epoch4(NODE0) | transfer_epoch3(NODE0) | transfer_epoch3(NODE1) | transfer_epoch4(NODE0) | transfer_epoch4(NODE1) | NODE0 = NODE1","15","-00000-0-----0---------0--------0000--","13","445","39","0601010420","0601010420","e0h0l0t0","-00000-0----","-0","---------0--","------0000--","0","6","0","1","0","1","0","4","2","0"
"2119","12","forall NODE1,NODE0. ep_epoch1(NODE0) | ep_epoch1(NODE1) | ep_epoch2(NODE1) | ep_epoch3(NODE1) | ep_epoch4(NODE1) | held(NODE0) | locked_epoch4(NODE0) | locked_epoch5(NODE1) | transfer_epoch3(NODE0) | transfer_epoch3(NODE1) | transfer_epoch4(NODE0) | transfer_epoch4(NODE1) | NODE0 = NODE1","15","-0000--0-----0---------00-------0000--","13","444","41","0501020420","0501020420","e0h0l0t0","-0000--0----","-0","---------00-","------0000--","0","5","0","1","0","2","0","4","2","0"
"2120","12","forall NODE1,NODE0. ep_epoch1(NODE0) | ep_epoch1(NODE1) | ep_epoch2(NODE1) | ep_epoch4(NODE0) | ep_epoch4(NODE1) | ep_epoch5(NODE1) | held(NODE0) | locked_epoch3(NODE1) | transfer_epoch3(NODE0) | transfer_epoch3(NODE1) | transfer_epoch4(NODE0) | transfer_epoch4(NODE1) | NODE0 = NODE1","15","-00-00-0--0--0------0-----------0000--","13","445","39","0601010420","0601010420","e0h0l0t0","-00-00-0--0-","-0","------0-----","------0000--","0","6","0","1","0","1","0","4","2","0"
"2121","12","forall NODE1,NODE0. ep_epoch1(NODE0) | ep_epoch1(NODE1) | ep_epoch2(NODE1) | ep_epoch4(NODE0) | ep_epoch4(NODE1) | held(NODE0) | locked_epoch3(NODE1) | locked_epoch5(NODE1) | transfer_epoch3(NODE0) | transfer_epoch3(NODE1) | transfer_epoch4(NODE0) | transfer_epoch4(NODE1) | NODE0 = NODE1","15","-00-0--0--0--0------0---0-------0000--","13","444","41","0501020420","0501020420","e0h0l0t0","-00-0--0--0-","-0","------0---0-","------0000--","0","5","0","1","0","2","0","4","2","0"
"2122","12","forall NODE1,NODE0. ep_epoch1(NODE0) | ep_epoch1(NODE1) | ep_epoch2(NODE1) | ep_epoch4(NODE1) | ep_epoch5(NODE1) | held(NODE0) | locked_epoch3(NODE1) | locked_epoch4(NODE0) | transfer_epoch3(NODE0) | transfer_epoch3(NODE1) | transfer_epoch4(NODE0) | transfer_epoch4(NODE1) | NODE0 = NODE1","15","-00-00-0-----0------0--0--------0000--","13","444","41","0501020420","0501020420","e0h0l0t0","-00-00-0----","-0","------0--0--","------0000--","0","5","0","1","0","2","0","4","2","0"
"2123","12","forall NODE1,NODE0. ep_epoch1(NODE0) | ep_epoch1(NODE1) | ep_epoch2(NODE1) | ep_epoch4(NODE1) | held(NODE0) | locked_epoch3(NODE1) | locked_epoch4(NODE0) | locked_epoch5(NODE1) | transfer_epoch3(NODE0) | transfer_epoch3(NODE1) | transfer_epoch4(NODE0) | transfer_epoch4(NODE1) | NODE0 = NODE1","15","-00-0--0-----0------0--00-------0000--","13","442","17","0401030420","0401030420","e0h0l0t0","-00-0--0----","-0","------0--00-","------0000--","0","4","0","1","0","3","0","4","2","0"
"2124","12","forall NODE1,NODE0. ep_epoch1(NODE0) | ep_epoch1(NODE1) | ep_epoch3(NODE0) | ep_epoch3(NODE1) | ep_epoch4(NODE1) | ep_epoch5(NODE1) | held(NODE0) | locked_epoch2(NODE1) | transfer_epoch3(NODE0) | transfer_epoch3(NODE1) | transfer_epoch5(NODE0) | transfer_epoch5(NODE1) | NODE0 = NODE1","15","-0-000-0-0---0----0-------------00--00","13","445","39","0601010420","0601010420","e0h0l0t0","-0-000-0-0--","-0","----0-------","------00--00","0","6","0","1","0","1","0","4","2","0"
"2125","12","forall NODE1,NODE0. ep_epoch1(NODE0) | ep_epoch1(NODE1) | ep_epoch3(NODE0) | ep_epoch3(NODE1) | ep_epoch4(NODE1) | held(NODE0) | locked_epoch2(NODE1) | locked_epoch5(NODE1) | transfer_epoch3(NODE0) | transfer_epoch3(NODE1) | transfer_epoch5(NODE0) | transfer_epoch5(NODE1) | NODE0 = NODE1","15","-0-00--0-0---0----0-----0-------00--00","13","444","41","0501020420","0501020420","e0h0l0t0","-0-00--0-0--","-0","----0-----0-","------00--00","0","5","0","1","0","2","0","4","2","0"
"2126","12","forall NODE1,NODE0. ep_epoch1(NODE0) | ep_epoch1(NODE1) | ep_epoch3(NODE0) | ep_epoch3(NODE1) | ep_epoch5(NODE1) | held(NODE0) | locked_epoch2(NODE1) | locked_epoch4(NODE1) | transfer_epoch3(NODE0) | transfer_epoch3(NODE1) | transfer_epoch5(NODE0) | transfer_epoch5(NODE1) | NODE0 = NODE1","15","-0-0-0-0-0---0----0---0---------00--00","13","444","41","0501020420","0501020420","e0h0l0t0","-0-0-0-0-0--","-0","----0---0---","------00--00","0","5","0","1","0","2","0","4","2","0"
"2127","12","forall NODE1,NODE0. ep_epoch1(NODE0) | ep_epoch1(NODE1) | ep_epoch3(NODE0) | ep_epoch3(NODE1) | held(NODE0) | locked_epoch2(NODE1) | locked_epoch4(NODE1) | locked_epoch5(NODE1) | transfer_epoch3(NODE0) | transfer_epoch3(NODE1) | transfer_epoch5(NODE0) | transfer_epoch5(NODE1) | NODE0 = NODE1","15","-0-0---0-0--0------0---0-0------00--00","13","442","17","0401030420","0401030420","e0h0l0t0","-0-0---0-0--","0-","-----0---0-0","------00--00","0","4","0","1","0","3","0","4","2","0"
"2128","12","forall NODE1,NODE0. ep_epoch1(NODE0) | ep_epoch1(NODE1) | ep_epoch3(NODE1) | ep_epoch4(NODE0) | ep_epoch4(NODE1) | ep_epoch5(NODE1) | held(NODE0) | locked_epoch2(NODE1) | transfer_epoch3(NODE0) | transfer_epoch3(NODE1) | transfer_epoch4(NODE0) | transfer_epoch4(NODE1) | NODE0 = NODE1","15","-0-000-0--0--0----0-------------0000--","13","445","39","0601010420","0601010420","e0h0l0t0","-0-000-0--0-","-0","----0-------","------0000--","0","6","0","1","0","1","0","4","2","0"
"2129","12","forall NODE1,NODE0. ep_epoch1(NODE0) | ep_epoch1(NODE1) | ep_epoch3(NODE1) | ep_epoch4(NODE0) | ep_epoch4(NODE1) | held(NODE0) | locked_epoch2(NODE1) | locked_epoch5(NODE1) | transfer_epoch3(NODE0) | transfer_epoch3(NODE1) | transfer_epoch4(NODE0) | transfer_epoch4(NODE1) | NODE0 = NODE1","15","-0-00--0--0--0----0-----0-------0000--","13","444","41","0501020420","0501020420","e0h0l0t0","-0-00--0--0-","-0","----0-----0-","------0000--","0","5","0","1","0","2","0","4","2","0"
"2130","12","forall NODE1,NODE0. ep_epoch1(NODE0) | ep_epoch1(NODE1) | ep_epoch3(NODE1) | ep_epoch4(NODE1) | ep_epoch5(NODE1) | held(NODE0) | locked_epoch2(NODE1) | locked_epoch4(NODE0) | transfer_epoch3(NODE0) | transfer_epoch3(NODE1) | transfer_epoch4(NODE0) | transfer_epoch4(NODE1) | NODE0 = NODE1","15","-0-000-0-----0----0----0--------0000--","13","444","41","0501020420","0501020420","e0h0l0t0","-0-000-0----","-0","----0----0--","------0000--","0","5","0","1","0","2","0","4","2","0"
"2131","12","forall NODE1,NODE0. ep_epoch1(NODE0) | ep_epoch1(NODE1) | ep_epoch3(NODE1) | ep_epoch4(NODE1) | held(NODE0) | locked_epoch2(NODE1) | locked_epoch4(NODE0) | locked_epoch5(NODE1) | transfer_epoch3(NODE0) | transfer_epoch3(NODE1) | transfer_epoch4(NODE0) | transfer_epoch4(NODE1) | NODE0 = NODE1","15","-0-00--0-----0----0----00-------0000--","13","442","17","0401030420","0401030420","e0h0l0t0","-0-00--0----","-0","----0----00-","------0000--","0","4","0","1","0","3","0","4","2","0"
"2132","12","forall NODE1,NODE0. ep_epoch1(NODE0) | ep_epoch1(NODE1) | ep_epoch4(NODE0) | ep_epoch4(NODE1) | ep_epoch5(NODE1) | held(NODE0) | locked_epoch2(NODE1) | locked_epoch3(NODE1) | transfer_epoch3(NODE0) | transfer_epoch3(NODE1) | transfer_epoch4(NODE0) | transfer_epoch4(NODE1) | NODE0 = NODE1","15","-0--00-0--0--0----0-0-----------0000--","13","444","41","0501020420","0501020420","e0h0l0t0","-0--00-0--0-","-0","----0-0-----","------0000--","0","5","0","1","0","2","0","4","2","0"
"2133","12","forall NODE1,NODE0. ep_epoch1(NODE0) | ep_epoch1(NODE1) | ep_epoch4(NODE0) | ep_epoch4(NODE1) | held(NODE0) | locked_epoch2(NODE1) | locked_epoch3(NODE1) | locked_epoch5(NODE1) | transfer_epoch3(NODE0) | transfer_epoch3(NODE1) | transfer_epoch4(NODE0) | transfer_epoch4(NODE1) | NODE0 = NODE1","15","-0--0--0--0-0------0-0---0------0000--","13","442","17","0401030420","0401030420","e0h0l0t0","-0--0--0--0-","0-","-----0-0---0","------0000--","0","4","0","1","0","3","0","4","2","0"
"2134","12","forall NODE1,NODE0. ep_epoch1(NODE0) | ep_epoch1(NODE1) | ep_epoch4(NODE1) | ep_epoch5(NODE1) | held(NODE0) | locked_epoch2(NODE1) | locked_epoch3(NODE1) | locked_epoch4(NODE0) | transfer_epoch3(NODE0) | transfer_epoch3(NODE1) | transfer_epoch4(NODE0) | transfer_epoch4(NODE1) | NODE0 = NODE1","15","-0--00-0-----0----0-0--0--------0000--","13","442","17","0401030420","0401030420","e0h0l0t0","-0--00-0----","-0","----0-0--0--","------0000--","0","4","0","1","0","3","0","4","2","0"
"2135","12","forall NODE1,NODE0. ep_epoch1(NODE0) | ep_epoch1(NODE1) | ep_epoch4(NODE1) | held(NODE0) | locked_epoch2(NODE1) | locked_epoch3(NODE1) | locked_epoch4(NODE0) | locked_epoch5(NODE1) | transfer_epoch3(NODE0) | transfer_epoch3(NODE1) | transfer_epoch4(NODE0) | transfer_epoch4(NODE1) | NODE0 = NODE1","15","-0--0--0-----0----0-0--00-------0000--","13","440","2","0301040420","0301040420","e0h0l0t0","-0--0--0----","-0","----0-0--00-","------0000--","0","3","0","1","0","4","0","4","2","0"
"2136","12","forall NODE1,NODE0. ep_epoch1(NODE0) | ep_epoch2(NODE0) | ep_epoch2(NODE1) | ep_epoch3(NODE0) | ep_epoch3(NODE1) | ep_epoch4(NODE0) | ep_epoch5(NODE0) | held(NODE1) | transfer_epoch2(NODE0) | transfer_epoch2(NODE1) | transfer_epoch5(NODE0) | transfer_epoch5(NODE1) | NODE0 = NODE1","15","-00000--00---0----------------00----00","13","446","13","0701000420","0701000420","e0h0t0","-00000--00--","-0","------------","----00----00","0","7","0","1","0","0","0","4","2","0"
"2137","12","forall NODE1,NODE0. ep_epoch1(NODE0) | ep_epoch2(NODE0) | ep_epoch2(NODE1) | ep_epoch3(NODE0) | ep_epoch3(NODE1) | ep_epoch4(NODE0) | held(NODE1) | locked_epoch5(NODE0) | transfer_epoch2(NODE0) | transfer_epoch2(NODE1) | transfer_epoch5(NODE0) | transfer_epoch5(NODE1) | NODE0 = NODE1","15","-0000---00---0----------0-----00----00","13","445","39","0601010420","0601010420","e0h0l0t0","-0000---00--","-0","----------0-","----00----00","0","6","0","1","0","1","0","4","2","0"
"2138","12","forall NODE1,NODE0. ep_epoch1(NODE0) | ep_epoch2(NODE0) | ep_epoch2(NODE1) | ep_epoch3(NODE0) | ep_epoch3(NODE1) | ep_epoch5(NODE0) | held(NODE1) | locked_epoch4(NODE0) | transfer_epoch2(NODE0) | transfer_epoch2(NODE1) | transfer_epoch5(NODE0) | transfer_epoch5(NODE1) | NODE0 = NODE1","15","-000-0--00---0--------0-------00----00","13","445","39","0601010420","0601010420","e0h0l0t0","-000-0--00--","-0","--------0---","----00----00","0","6","0","1","0","1","0","4","2","0"
"2139","12","forall NODE1,NODE0. ep_epoch1(NODE0) | ep_epoch2(NODE0) | ep_epoch2(NODE1) | ep_epoch3(NODE0) | ep_epoch3(NODE1) | held(NODE1) | locked_epoch4(NODE0) | locked_epoch5(NODE0) | transfer_epoch2(NODE0) | transfer_epoch2(NODE1) | transfer_epoch5(NODE0) | transfer_epoch5(NODE1) | NODE0 = NODE1","15","-000----00---0--------0-0-----00----00","13","444","41","0501020420","0501020420","e0h0l0t0","-000----00--","-0","--------0-0-","----00----00","0","5","0","1","0","2","0","4","2","0"
"2140","12","forall NODE1,NODE0. ep_epoch1(NODE0) | ep_epoch2(NODE0) | ep_epoch2(NODE1) | ep_epoch3(NODE0) | ep_epoch4(NODE0) | ep_epoch4(NODE1) | ep_epoch5(NODE0) | held(NODE1) | transfer_epoch2(NODE0) | transfer_epoch2(NODE1) | transfer_epoch4(NODE0) | transfer_epoch4(NODE1) | NODE0 = NODE1","15","-00000--0-0--0----------------00--00--","13","446","13","0701000420","0701000420","e0h0t0","-00000--0-0-","-0","------------","----00--00--","0","7","0","1","0","0","0","4","2","0"
"2141","12","forall NODE1,NODE0. ep_epoch1(NODE0) | ep_epoch2(NODE0) | ep_epoch2(NODE1) | ep_epoch3(NODE0) | ep_epoch4(NODE0) | ep_epoch4(NODE1) | held(NODE1) | locked_epoch5(NODE0) | transfer_epoch2(NODE0) | transfer_epoch2(NODE1) | transfer_epoch4(NODE0) | transfer_epoch4(NODE1) | NODE0 = NODE1","15","-0000---0-0--0----------0-----00--00--","13","445","39","0601010420","0601010420","e0h0l0t0","-0000---0-0-","-0","----------0-","----00--00--","0","6","0","1","0","1","0","4","2","0"
"2142","12","forall NODE1,NODE0. ep_epoch1(NODE0) | ep_epoch2(NODE0) | ep_epoch2(NODE1) | ep_epoch3(NODE0) | ep_epoch4(NODE0) | ep_epoch5(NODE0) | held(NODE1) | locked_epoch4(NODE1) | transfer_epoch2(NODE0) | transfer_epoch2(NODE1) | transfer_epoch4(NODE0) | transfer_epoch4(NODE1) | NODE0 = NODE1","15","-00000--0----0---------0------00--00--","13","445","39","0601010420","0601010420","e0h0l0t0","-00000--0---","-0","---------0--","----00--00--","0","6","0","1","0","1","0","4","2","0"
"2143","12","forall NODE1,NODE0. ep_epoch1(NODE0) | ep_epoch2(NODE0) | ep_epoch2(NODE1) | ep_epoch3(NODE0) | ep_epoch4(NODE0) | held(NODE1) | locked_epoch4(NODE1) | locked_epoch5(NODE0) | transfer_epoch2(NODE0) | transfer_epoch2(NODE1) | transfer_epoch4(NODE0) | transfer_epoch4(NODE1) | NODE0 = NODE1","15","-0000---0----0---------00-----00--00--","13","444","41","0501020420","0501020420","e0h0l0t0","-0000---0---","-0","---------00-","----00--00--","0","5","0","1","0","2","0","4","2","0"
"2144","12","forall NODE1,NODE0. ep_epoch1(NODE0) | ep_epoch2(NODE0) | ep_epoch2(NODE1) | ep_epoch4(NODE0) | ep_epoch4(NODE1) | ep_epoch5(NODE0) | held(NODE1) | locked_epoch3(NODE0) | transfer_epoch2(NODE0) | transfer_epoch2(NODE1) | transfer_epoch4(NODE0) | transfer_epoch4(NODE1) | NODE0 = NODE1","15","-00-00--0-0--0------0---------00--00--","13","445","39","0601010420","0601010420","e0h0l0t0","-00-00--0-0-","-0","------0-----","----00--00--","0","6","0","1","0","1","0","4","2","0"
"2145","12","forall NODE1,NODE0. ep_epoch1(NODE0) | ep_epoch2(NODE0) | ep_epoch2(NODE1) | ep_epoch4(NODE0) | ep_epoch4(NODE1) | held(NODE1) | locked_epoch3(NODE0) | locked_epoch5(NODE0) | transfer_epoch2(NODE0) | transfer_epoch2(NODE1) | transfer_epoch4(NODE0) | transfer_epoch4(NODE1) | NODE0 = NODE1","15","-00-0---0-0--0------0---0-----00--00--","13","444","41","0501020420","0501020420","e0h0l0t0","-00-0---0-0-","-0","------0---0-","----00--00--","0","5","0","1","0","2","0","4","2","0"
"2146","12","forall NODE1,NODE0. ep_epoch1(NODE0) | ep_epoch2(NODE0) | ep_epoch2(NODE1) | ep_epoch4(NODE0) | ep_epoch5(NODE0) | held(NODE1) | locked_epoch3(NODE0) | locked_epoch4(NODE1) | transfer_epoch2(NODE0) | transfer_epoch2(NODE1) | transfer_epoch4(NODE0) | transfer_epoch4(NODE1) | NODE0 = NODE1","15","-00-00--0----0------0--0------00--00--","13","444","41","0501020420","0501020420","e0h0l0t0","-00-00--0---","-0","------0--0--","----00--00--","0","5","0","1","0","2","0","4","2","0"
"2147","12","forall NODE1,NODE0. ep_epoch1(NODE0) | ep_epoch2(NODE0) | ep_epoch2(NODE1) | ep_epoch4(NODE0) | held(NODE1) | locked_epoch3(NODE0) | locked_epoch4(NODE1) | locked_epoch5(NODE0) | transfer_epoch2(NODE0) | transfer_epoch2(NODE1) | transfer_epoch4(NODE0) | transfer_epoch4(NODE1) | NODE0 = NODE1","15","-00-0---0----0------0--00-----00--00--","13","442","17","0401030420","0401030420","e0h0l0t0","-00-0---0---","-0","------0--00-","----00--00--","0","4","0","1","0","3","0","4","2","0"
"2148","12","forall NODE1,NODE0. ep_epoch1(NODE0) | ep_epoch2(NODE0) | ep_epoch3(NODE0) | ep_epoch3(NODE1) | ep_epoch4(NODE0) | ep_epoch4(NODE1) | ep_epoch5(NODE0) | held(NODE1) | transfer_epoch2(NODE0) | transfer_epoch2(NODE1) | transfer_epoch3(NODE0) | transfer_epoch3(NODE1) | NODE0 = NODE1","15","-00000---00--0----------------0000----","13","446","13","0701000420","0701000420","e0h0t0","-00000---00-","-0","------------","----0000----","0","7","0","1","0","0","0","4","2","0"
"2149","12","forall NODE1,NODE0. ep_epoch1(NODE0) | ep_epoch2(NODE0) | ep_epoch3(NODE0) | ep_epoch3(NODE1) | ep_epoch4(NODE0) | ep_epoch4(NODE1) | held(NODE1) | locked_epoch5(NODE0) | transfer_epoch2(NODE0) | transfer_epoch2(NODE1) | transfer_epoch3(NODE0) | transfer_epoch3(NODE1) | NODE0 = NODE1","15","-0000----00--0----------0-----0000----","13","445","39","0601010420","0601010420","e0h0l0t0","-0000----00-","-0","----------0-","----0000----","0","6","0","1","0","1","0","4","2","0"
"2150","12","forall NODE1,NODE0. ep_epoch1(NODE0) | ep_epoch2(NODE0) | ep_epoch3(NODE0) | ep_epoch3(NODE1) | ep_epoch4(NODE0) | ep_epoch5(NODE0) | held(NODE1) | locked_epoch4(NODE1) | transfer_epoch2(NODE0) | transfer_epoch2(NODE1) | transfer_epoch3(NODE0) | transfer_epoch3(NODE1) | NODE0 = NODE1","15","-00000---0---0---------0------0000----","13","445","39","0601010420","0601010420","e0h0l0t0","-00000---0--","-0","---------0--","----0000----","0","6","0","1","0","1","0","4","2","0"
"2151","12","forall NODE1,NODE0. ep_epoch1(NODE0) | ep_epoch2(NODE0) | ep_epoch3(NODE0) | ep_epoch3(NODE1) | ep_epoch4(NODE0) | held(NODE1) | locked_epoch4(NODE1) | locked_epoch5(NODE0) | transfer_epoch2(NODE0) | transfer_epoch2(NODE1) | transfer_epoch3(NODE0) | transfer_epoch3(NODE1) | NODE0 = NODE1","15","-0000----0---0---------00-----0000----","13","444","41","0501020420","0501020420","e0h0l0t0","-0000----0--","-0","---------00-","----0000----","0","5","0","1","0","2","0","4","2","0"
"2152","12","forall NODE1,NODE0. ep_epoch1(NODE0) | ep_epoch2(NODE0) | ep_epoch3(NODE0) | ep_epoch4(NODE1) | held(NODE1) | locked_epoch4(NODE0) | transfer_epoch2(NODE0) | transfer_epoch2(NODE1) | transfer_epoch3(NODE0) | transfer_epoch3(NODE1) | transfer_epoch4(NODE0) | transfer_epoch4(NODE1) | NODE0 = NODE1","15","-000------0--0--------0-------000000--","13","441","9","0401010620","0401010620","e0h0l0t0","-000------0-","-0","--------0---","----000000--","0","4","0","1","0","1","0","6","2","0"
"2153","12","forall NODE1,NODE0. ep_epoch1(NODE0) | ep_epoch2(NODE0) | ep_epoch3(NODE0) | held(NODE1) | locked_epoch4(NODE0) | locked_epoch4(NODE1) | transfer_epoch2(NODE0) | transfer_epoch2(NODE1) | transfer_epoch3(NODE0) | transfer_epoch3(NODE1) | transfer_epoch4(NODE0) | transfer_epoch4(NODE1) | NODE0 = NODE1","15","-000---------0--------00------000000--","13","439","17","0301020620","0301020620","e0h0l0t0","-000--------","-0","--------00--","----000000--","0","3","0","1","0","2","0","6","2","0"
"2154","12","forall NODE1,NODE0. ep_epoch1(NODE0) | ep_epoch2(NODE0) | ep_epoch3(NODE1) | ep_epoch5(NODE0) | held(NODE1) | locked_epoch3(NODE0) | transfer_epoch2(NODE0) | transfer_epoch2(NODE1) | transfer_epoch3(NODE0) | transfer_epoch3(NODE1) | transfer_epoch5(NODE0) | transfer_epoch5(NODE1) | NODE0 = NODE1","15","-00--0---0---0------0---------0000--00","13","441","9","0401010620","0401010620","e0h0l0t0","-00--0---0--","-0","------0-----","----0000--00","0","4","0","1","0","1","0","6","2","0"
"2155","12","forall NODE1,NODE0. ep_epoch1(NODE0) | ep_epoch2(NODE0) | ep_epoch3(NODE1) | held(NODE1) | locked_epoch3(NODE0) | locked_epoch5(NODE0) | transfer_epoch2(NODE0) | transfer_epoch2(NODE1) | transfer_epoch3(NODE0) | transfer_epoch3(NODE1) | transfer_epoch5(NODE0) | transfer_epoch5(NODE1) | NODE0 = NODE1","15","-00------0---0------0---0-----0000--00","13","439","17","0301020620","0301020620","e0h0l0t0","-00------0--","-0","------0---0-","----0000--00","0","3","0","1","0","2","0","6","2","0"
"2156","12","forall NODE1,NODE0. ep_epoch1(NODE0) | ep_epoch2(NODE0) | ep_epoch4(NODE1) | held(NODE1) | locked_epoch3(NODE0) | locked_epoch4(NODE0) | transfer_epoch2(NODE0) | transfer_epoch2(NODE1) | transfer_epoch3(NODE0) | transfer_epoch3(NODE1) | transfer_epoch4(NODE0) | transfer_epoch4(NODE1) | NODE0 = NODE1","15","-00-------0--0------0-0-------000000--","13","439","17","0301020620","0301020620","e0h0l0t0","-00-------0-","-0","------0-0---","----000000--","0","3","0","1","0","2","0","6","2","0"
"2157","12","forall NODE1,NODE0. ep_epoch1(NODE0) | ep_epoch2(NODE0) | held(NODE1) | locked_epoch3(NODE0) | locked_epoch4(NODE0) | locked_epoch4(NODE1) | transfer_epoch2(NODE0) | transfer_epoch2(NODE1) | transfer_epoch3(NODE0) | transfer_epoch3(NODE1) | transfer_epoch4(NODE0) | transfer_epoch4(NODE1) | NODE0 = NODE1","15","-00----------0------0-00------000000--","13","438","11","0201030620","0201030620","e0h0l0t0","-00---------","-0","------0-00--","----000000--","0","2","0","1","0","3","0","6","2","0"
"2158","12","forall NODE1,NODE0. ep_epoch1(NODE0) | ep_epoch2(NODE1) | ep_epoch4(NODE0) | ep_epoch5(NODE0) | held(NODE1) | locked_epoch2(NODE0) | transfer_epoch2(NODE0) | transfer_epoch2(NODE1) | transfer_epoch4(NODE0) | transfer_epoch4(NODE1) | transfer_epoch5(NODE0) | transfer_epoch5(NODE1) | NODE0 = NODE1","15","-0--00--0----0----0-----------00--0000","13","441","9","0401010620","0401010620","e0h0l0t0","-0--00--0---","-0","----0-------","----00--0000","0","4","0","1","0","1","0","6","2","0"
"2159","12","forall NODE1,NODE0. ep_epoch1(NODE0) | ep_epoch2(NODE1) | ep_epoch4(NODE0) | held(NODE1) | locked_epoch2(NODE0) | locked_epoch5(NODE0) | transfer_epoch2(NODE0) | transfer_epoch2(NODE1) | transfer_epoch4(NODE0) | transfer_epoch4(NODE1) | transfer_epoch5(NODE0) | transfer_epoch5(NODE1) | NODE0 = NODE1","15","-0--0---0----0----0-----0-----00--0000","13","439","17","0301020620","0301020620","e0h0l0t0","-0--0---0---","-0","----0-----0-","----00--0000","0","3","0","1","0","2","0","6","2","0"
"2160","12","forall NODE1,NODE0. ep_epoch1(NODE0) | ep_epoch2(NODE1) | ep_epoch5(NODE0) | held(NODE1) | locked_epoch2(NODE0) | locked_epoch4(NODE0) | transfer_epoch2(NODE0) | transfer_epoch2(NODE1) | transfer_epoch4(NODE0) | transfer_epoch4(NODE1) | transfer_epoch5(NODE0) | transfer_epoch5(NODE1) | NODE0 = NODE1","15","-0---0--0----0----0---0-------00--0000","13","439","17","0301020620","0301020620","e0h0l0t0","-0---0--0---","-0","----0---0---","----00--0000","0","3","0","1","0","2","0","6","2","0"
"2161","12","forall NODE1,NODE0. ep_epoch1(NODE0) | ep_epoch2(NODE1) | held(NODE1) | locked_epoch2(NODE0) | locked_epoch4(NODE0) | locked_epoch5(NODE0) | transfer_epoch2(NODE0) | transfer_epoch2(NODE1) | transfer_epoch4(NODE0) | transfer_epoch4(NODE1) | transfer_epoch5(NODE0) | transfer_epoch5(NODE1) | NODE0 = NODE1","15","-0------0----0----0---0-0-----00--0000","13","438","11","0201030620","0201030620","e0h0l0t0","-0------0---","-0","----0---0-0-","----00--0000","0","2","0","1","0","3","0","6","2","0"
"2162","12","forall NODE1,NODE0. ep_epoch1(NODE0) | ep_epoch3(NODE0) | ep_epoch3(NODE1) | ep_epoch4(NODE0) | ep_epoch4(NODE1) | ep_epoch5(NODE0) | held(NODE1) | locked_epoch2(NODE0) | transfer_epoch2(NODE0) | transfer_epoch2(NODE1) | transfer_epoch3(NODE0) | transfer_epoch3(NODE1) | NODE0 = NODE1","15","-0-000---00--0----0-----------0000----","13","445","39","0601010420","0601010420","e0h0l0t0","-0-000---00-","-0","----0-------","----0000----","0","6","0","1","0","1","0","4","2","0"
"2163","12","forall NODE1,NODE0. ep_epoch1(NODE0) | ep_epoch3(NODE0) | ep_epoch3(NODE1) | ep_epoch4(NODE0) | ep_epoch4(NODE1) | held(NODE1) | locked_epoch2(NODE0) | locked_epoch5(NODE0) | transfer_epoch2(NODE0) | transfer_epoch2(NODE1) | transfer_epoch3(NODE0) | transfer_epoch3(NODE1) | NODE0 = NODE1","15","-0-00----00--0----0-----0-----0000----","13","444","41","0501020420","0501020420","e0h0l0t0","-0-00----00-","-0","----0-----0-","----0000----","0","5","0","1","0","2","0","4","2","0"
"2164","12","forall NODE1,NODE0. ep_epoch1(NODE0) | ep_epoch3(NODE0) | ep_epoch3(NODE1) | ep_epoch4(NODE0) | ep_epoch5(NODE0) | held(NODE1) | locked_epoch2(NODE0) | locked_epoch4(NODE1) | transfer_epoch2(NODE0) | transfer_epoch2(NODE1) | transfer_epoch3(NODE0) | transfer_epoch3(NODE1) | NODE0 = NODE1","15","-0-000---0---0----0----0------0000----","13","444","41","0501020420","0501020420","e0h0l0t0","-0-000---0--","-0","----0----0--","----0000----","0","5","0","1","0","2","0","4","2","0"
"2165","12","forall NODE1,NODE0. ep_epoch1(NODE0) | ep_epoch3(NODE0) | ep_epoch3(NODE1) | ep_epoch4(NODE0) | held(NODE1) | locked_epoch2(NODE0) | locked_epoch4(NODE1) | locked_epoch5(NODE0) | transfer_epoch2(NODE0) | transfer_epoch2(NODE1) | transfer_epoch3(NODE0) | transfer_epoch3(NODE1) | NODE0 = NODE1","15","-0-00----0---0----0----00-----0000----","13","442","17","0401030420","0401030420","e0h0l0t0","-0-00----0--","-0","----0----00-","----0000----","0","4","0","1","0","3","0","4","2","0"
"2166","12","forall NODE1,NODE0. ep_epoch1(NODE0) | ep_epoch3(NODE0) | ep_epoch4(NODE1) | held(NODE1) | locked_epoch2(NODE0) | locked_epoch4(NODE0) | transfer_epoch2(NODE0) | transfer_epoch2(NODE1) | transfer_epoch3(NODE0) | transfer_epoch3(NODE1) | transfer_epoch4(NODE0) | transfer_epoch4(NODE1) | NODE0 = NODE1","15","-0-0------0--0----0---0-------000000--","13","439","17","0301020620","0301020620","e0h0l0t0","-0-0------0-","-0","----0---0---","----000000--","0","3","0","1","0","2","0","6","2","0"
"2167","12","forall NODE1,NODE0. ep_epoch1(NODE0) | ep_epoch3(NODE0) | held(NODE1) | locked_epoch2(NODE0) | locked_epoch4(NODE0) | locked_epoch4(NODE1) | transfer_epoch2(NODE0) | transfer_epoch2(NODE1) | transfer_epoch3(NODE0) | transfer_epoch3(NODE1) | transfer_epoch4(NODE0) | transfer_epoch4(NODE1) | NODE0 = NODE1","15","-0-0---------0----0---00------000000--","13","438","11","0201030620","0201030620","e0h0l0t0","-0-0--------","-0","----0---00--","----000000--","0","2","0","1","0","3","0","6","2","0"
"2168","12","forall NODE1,NODE0. ep_epoch1(NODE0) | ep_epoch3(NODE1) | ep_epoch5(NODE0) | held(NODE1) | locked_epoch2(NODE0) | locked_epoch3(NODE0) | transfer_epoch2(NODE0) | transfer_epoch2(NODE1) | transfer_epoch3(NODE0) | transfer_epoch3(NODE1) | transfer_epoch5(NODE0) | transfer_epoch5(NODE1) | NODE0 = NODE1","15","-0---0---0---0----0-0---------0000--00","13","439","17","0301020620","0301020620","e0h0l0t0","-0---0---0--","-0","----0-0-----","----0000--00","0","3","0","1","0","2","0","6","2","0"
"2169","12","forall NODE1,NODE0. ep_epoch1(NODE0) | ep_epoch3(NODE1) | held(NODE1) | locked_epoch2(NODE0) | locked_epoch3(NODE0) | locked_epoch5(NODE0) | transfer_epoch2(NODE0) | transfer_epoch2(NODE1) | transfer_epoch3(NODE0) | transfer_epoch3(NODE1) | transfer_epoch5(NODE0) | transfer_epoch5(NODE1) | NODE0 = NODE1","15","-0-------0---0----0-0---0-----0000--00","13","438","11","0201030620","0201030620","e0h0l0t0","-0-------0--","-0","----0-0---0-","----0000--00","0","2","0","1","0","3","0","6","2","0"
"2170","12","forall NODE1,NODE0. ep_epoch1(NODE0) | ep_epoch4(NODE1) | held(NODE1) | locked_epoch2(NODE0) | locked_epoch3(NODE0) | locked_epoch4(NODE0) | transfer_epoch2(NODE0) | transfer_epoch2(NODE1) | transfer_epoch3(NODE0) | transfer_epoch3(NODE1) | transfer_epoch4(NODE0) | transfer_epoch4(NODE1) | NODE0 = NODE1","15","-0--------0--0----0-0-0-------000000--","13","438","11","0201030620","0201030620","e0h0l0t0","-0--------0-","-0","----0-0-0---","----000000--","0","2","0","1","0","3","0","6","2","0"
"2171","12","forall NODE1,NODE0. ep_epoch1(NODE0) | held(NODE1) | locked_epoch2(NODE0) | locked_epoch3(NODE0) | locked_epoch4(NODE0) | locked_epoch4(NODE1) | transfer_epoch2(NODE0) | transfer_epoch2(NODE1) | transfer_epoch3(NODE0) | transfer_epoch3(NODE1) | transfer_epoch4(NODE0) | transfer_epoch4(NODE1) | NODE0 = NODE1","15","-0-----------0----0-0-00------000000--","13","436","2","0101040620","0101040620","e0h0l0t0","-0----------","-0","----0-0-00--","----000000--","0","1","0","1","0","4","0","6","2","0"
"2172","13","forall NODE1,NODE0. ep_epoch0(NODE0) | ep_epoch0(NODE1) | ep_epoch2(NODE0) | ep_epoch3(NODE0) | ep_epoch4(NODE0) | ep_epoch5(NODE0) | held(NODE1) | transfer_epoch3(NODE0) | transfer_epoch3(NODE1) | transfer_epoch4(NODE0) | transfer_epoch4(NODE1) | transfer_epoch5(NODE0) | transfer_epoch5(NODE1) | NODE0 = NODE1","16","0-00000------0------------------000000","14","457","8","0601000620","0601000620","e0h0t0","0-00000-----","-0","------------","------000000","0","6","0","1","0","0","0","6","2","0"
"2173","13","forall NODE1,NODE0. ep_epoch0(NODE0) | ep_epoch0(NODE1) | ep_epoch2(NODE0) | ep_epoch3(NODE0) | ep_epoch4(NODE0) | held(NODE1) | locked_epoch5(NODE0) | transfer_epoch3(NODE0) | transfer_epoch3(NODE1) | transfer_epoch4(NODE0) | transfer_epoch4(NODE1) | transfer_epoch5(NODE0) | transfer_epoch5(NODE1) | NODE0 = NODE1","16","0-000-0------0----------0-------000000","14","456","28","0501010620","0501010620","e0h0l0t0","0-000-0-----","-0","----------0-","------000000","0","5","0","1","0","1","0","6","2","0"
"2174","13","forall NODE1,NODE0. ep_epoch0(NODE0) | ep_epoch0(NODE1) | ep_epoch2(NODE0) | ep_epoch3(NODE0) | ep_epoch5(NODE0) | held(NODE1) | locked_epoch4(NODE0) | transfer_epoch3(NODE0) | transfer_epoch3(NODE1) | transfer_epoch4(NODE0) | transfer_epoch4(NODE1) | transfer_epoch5(NODE0) | transfer_epoch5(NODE1) | NODE0 = NODE1","16","0-00-00------0--------0---------000000","14","456","28","0501010620","0501010620","e0h0l0t0","0-00-00-----","-0","--------0---","------000000","0","5","0","1","0","1","0","6","2","0"
"2175","13","forall NODE1,NODE0. ep_epoch0(NODE0) | ep_epoch0(NODE1) | ep_epoch2(NODE0) | ep_epoch3(NODE0) | held(NODE1) | locked_epoch4(NODE0) | locked_epoch5(NODE0) | transfer_epoch3(NODE0) | transfer_epoch3(NODE1) | transfer_epoch4(NODE0) | transfer_epoch4(NODE1) | transfer_epoch5(NODE0) | transfer_epoch5(NODE1) | NODE0 = NODE1","16","0-00--0------0--------0-0-------000000","14","455","36","0401020620","0401020620","e0h0l0t0","0-00--0-----","-0","--------0-0-","------000000","0","4","0","1","0","2","0","6","2","0"
"2176","13","forall NODE1,NODE0. ep_epoch0(NODE0) | ep_epoch0(NODE1) | ep_epoch2(NODE0) | ep_epoch4(NODE0) | ep_epoch5(NODE0) | held(NODE1) | locked_epoch3(NODE0) | transfer_epoch3(NODE0) | transfer_epoch3(NODE1) | transfer_epoch4(NODE0) | transfer_epoch4(NODE1) | transfer_epoch5(NODE0) | transfer_epoch5(NODE1) | NODE0 = NODE1","16","0-0-000------0------0-----------000000","14","456","28","0501010620","0501010620","e0h0l0t0","0-0-000-----","-0","------0-----","------000000","0","5","0","1","0","1","0","6","2","0"
"2177","13","forall NODE1,NODE0. ep_epoch0(NODE0) | ep_epoch0(NODE1) | ep_epoch2(NODE0) | ep_epoch4(NODE0) | held(NODE1) | locked_epoch3(NODE0) | locked_epoch5(NODE0) | transfer_epoch3(NODE0) | transfer_epoch3(NODE1) | transfer_epoch4(NODE0) | transfer_epoch4(NODE1) | transfer_epoch5(NODE0) | transfer_epoch5(NODE1) | NODE0 = NODE1","16","0-0-0-0------0------0---0-------000000","14","455","36","0401020620","0401020620","e0h0l0t0","0-0-0-0-----","-0","------0---0-","------000000","0","4","0","1","0","2","0","6","2","0"
"2178","13","forall NODE1,NODE0. ep_epoch0(NODE0) | ep_epoch0(NODE1) | ep_epoch2(NODE0) | ep_epoch5(NODE0) | held(NODE1) | locked_epoch3(NODE0) | locked_epoch4(NODE0) | transfer_epoch3(NODE0) | transfer_epoch3(NODE1) | transfer_epoch4(NODE0) | transfer_epoch4(NODE1) | transfer_epoch5(NODE0) | transfer_epoch5(NODE1) | NODE0 = NODE1","16","0-0--00------0------0-0---------000000","14","455","36","0401020620","0401020620","e0h0l0t0","0-0--00-----","-0","------0-0---","------000000","0","4","0","1","0","2","0","6","2","0"
"2179","13","forall NODE1,NODE0. ep_epoch0(NODE0) | ep_epoch0(NODE1) | ep_epoch2(NODE0) | held(NODE1) | locked_epoch3(NODE0) | locked_epoch4(NODE0) | locked_epoch5(NODE0) | transfer_epoch3(NODE0) | transfer_epoch3(NODE1) | transfer_epoch4(NODE0) | transfer_epoch4(NODE1) | transfer_epoch5(NODE0) | transfer_epoch5(NODE1) | NODE0 = NODE1","16","0-0---0------0------0-0-0-------000000","14","452","20","0301030620","0301030620","e0h0l0t0","0-0---0-----","-0","------0-0-0-","------000000","0","3","0","1","0","3","0","6","2","0"
"2180","13","forall NODE1,NODE0. ep_epoch0(NODE0) | ep_epoch0(NODE1) | ep_epoch3(NODE0) | ep_epoch4(NODE0) | ep_epoch5(NODE0) | held(NODE1) | locked_epoch2(NODE0) | transfer_epoch3(NODE0) | transfer_epoch3(NODE1) | transfer_epoch4(NODE0) | transfer_epoch4(NODE1) | transfer_epoch5(NODE0) | transfer_epoch5(NODE1) | NODE0 = NODE1","16","0--0000------0----0-------------000000","14","456","28","0501010620","0501010620","e0h0l0t0","0--0000-----","-0","----0-------","------000000","0","5","0","1","0","1","0","6","2","0"
"2181","13","forall NODE1,NODE0. ep_epoch0(NODE0) | ep_epoch0(NODE1) | ep_epoch3(NODE0) | ep_epoch4(NODE0) | held(NODE1) | locked_epoch2(NODE0) | locked_epoch5(NODE0) | transfer_epoch3(NODE0) | transfer_epoch3(NODE1) | transfer_epoch4(NODE0) | transfer_epoch4(NODE1) | transfer_epoch5(NODE0) | transfer_epoch5(NODE1) | NODE0 = NODE1","16","0--00-0------0----0-----0-------000000","14","455","36","0401020620","0401020620","e0h0l0t0","0--00-0-----","-0","----0-----0-","------000000","0","4","0","1","0","2","0","6","2","0"
"2182","13","forall NODE1,NODE0. ep_epoch0(NODE0) | ep_epoch0(NODE1) | ep_epoch3(NODE0) | ep_epoch5(NODE0) | held(NODE1) | locked_epoch2(NODE0) | locked_epoch4(NODE0) | transfer_epoch3(NODE0) | transfer_epoch3(NODE1) | transfer_epoch4(NODE0) | transfer_epoch4(NODE1) | transfer_epoch5(NODE0) | transfer_epoch5(NODE1) | NODE0 = NODE1","16","0--0-00------0----0---0---------000000","14","455","36","0401020620","0401020620","e0h0l0t0","0--0-00-----","-0","----0---0---","------000000","0","4","0","1","0","2","0","6","2","0"
"2183","13","forall NODE1,NODE0. ep_epoch0(NODE0) | ep_epoch0(NODE1) | ep_epoch3(NODE0) | held(NODE1) | locked_epoch2(NODE0) | locked_epoch4(NODE0) | locked_epoch5(NODE0) | transfer_epoch3(NODE0) | transfer_epoch3(NODE1) | transfer_epoch4(NODE0) | transfer_epoch4(NODE1) | transfer_epoch5(NODE0) | transfer_epoch5(NODE1) | NODE0 = NODE1","16","0--0--0------0----0---0-0-------000000","14","452","20","0301030620","0301030620","e0h0l0t0","0--0--0-----","-0","----0---0-0-","------000000","0","3","0","1","0","3","0","6","2","0"
"2184","13","forall NODE1,NODE0. ep_epoch0(NODE0) | ep_epoch0(NODE1) | ep_epoch4(NODE0) | ep_epoch5(NODE0) | held(NODE1) | locked_epoch2(NODE0) | locked_epoch3(NODE0) | transfer_epoch3(NODE0) | transfer_epoch3(NODE1) | transfer_epoch4(NODE0) | transfer_epoch4(NODE1) | transfer_epoch5(NODE0) | transfer_epoch5(NODE1) | NODE0 = NODE1","16","0---000------0----0-0-----------000000","14","455","36","0401020620","0401020620","e0h0l0t0","0---000-----","-0","----0-0-----","------000000","0","4","0","1","0","2","0","6","2","0"
"2185","13","forall NODE1,NODE0. ep_epoch0(NODE0) | ep_epoch0(NODE1) | ep_epoch4(NODE0) | held(NODE1) | locked_epoch2(NODE0) | locked_epoch3(NODE0) | locked_epoch5(NODE0) | transfer_epoch3(NODE0) | transfer_epoch3(NODE1) | transfer_epoch4(NODE0) | transfer_epoch4(NODE1) | transfer_epoch5(NODE0) | transfer_epoch5(NODE1) | NODE0 = NODE1","16","0---0-0------0----0-0---0-------000000","14","452","20","0301030620","0301030620","e0h0l0t0","0---0-0-----","-0","----0-0---0-","------000000","0","3","0","1","0","3","0","6","2","0"
"2186","13","forall NODE1,NODE0. ep_epoch0(NODE0) | ep_epoch0(NODE1) | ep_epoch5(NODE0) | held(NODE1) | locked_epoch2(NODE0) | locked_epoch3(NODE0) | locked_epoch4(NODE0) | transfer_epoch3(NODE0) | transfer_epoch3(NODE1) | transfer_epoch4(NODE0) | transfer_epoch4(NODE1) | transfer_epoch5(NODE0) | transfer_epoch5(NODE1) | NODE0 = NODE1","16","0----00------0----0-0-0---------000000","14","452","20","0301030620","0301030620","e0h0l0t0","0----00-----","-0","----0-0-0---","------000000","0","3","0","1","0","3","0","6","2","0"
"2187","13","forall NODE1,NODE0. ep_epoch0(NODE0) | ep_epoch0(NODE1) | held(NODE1) | locked_epoch2(NODE0) | locked_epoch3(NODE0) | locked_epoch4(NODE0) | locked_epoch5(NODE0) | transfer_epoch3(NODE0) | transfer_epoch3(NODE1) | transfer_epoch4(NODE0) | transfer_epoch4(NODE1) | transfer_epoch5(NODE0) | transfer_epoch5(NODE1) | NODE0 = NODE1","16","0-----0-----0------0-0-0-0------000000","14","447","4","0201040620","0201040620","e0h0l0t0","0-----0-----","0-","-----0-0-0-0","------000000","0","2","0","1","0","4","0","6","2","0"
"2188","13","forall NODE1,NODE0. ep_epoch0(NODE0) | ep_epoch2(NODE0) | ep_epoch2(NODE1) | ep_epoch3(NODE1) | ep_epoch4(NODE1) | ep_epoch5(NODE1) | held(NODE0) | transfer_epoch2(NODE0) | transfer_epoch2(NODE1) | transfer_epoch4(NODE0) | transfer_epoch4(NODE1) | transfer_epoch5(NODE0) | transfer_epoch5(NODE1) | NODE0 = NODE1","16","0-0-----00000-----------------00--0000","14","457","8","0601000620","0601000620","e0h0t0","0-0-----0000","0-","------------","----00--0000","0","6","0","1","0","0","0","6","2","0"
"2189","13","forall NODE1,NODE0. ep_epoch0(NODE0) | ep_epoch2(NODE0) | ep_epoch2(NODE1) | ep_epoch3(NODE1) | ep_epoch4(NODE1) | held(NODE0) | locked_epoch5(NODE1) | transfer_epoch2(NODE0) | transfer_epoch2(NODE1) | transfer_epoch4(NODE0) | transfer_epoch4(NODE1) | transfer_epoch5(NODE0) | transfer_epoch5(NODE1) | NODE0 = NODE1","16","0-0-----000-0------------0----00--0000","14","456","28","0501010620","0501010620","e0h0l0t0","0-0-----000-","0-","-----------0","----00--0000","0","5","0","1","0","1","0","6","2","0"
"2190","13","forall NODE1,NODE0. ep_epoch0(NODE0) | ep_epoch2(NODE0) | ep_epoch2(NODE1) | ep_epoch3(NODE1) | ep_epoch5(NODE1) | held(NODE0) | locked_epoch4(NODE1) | transfer_epoch2(NODE0) | transfer_epoch2(NODE1) | transfer_epoch4(NODE0) | transfer_epoch4(NODE1) | transfer_epoch5(NODE0) | transfer_epoch5(NODE1) | NODE0 = NODE1","16","0-0-----00-00----------0------00--0000","14","456","28","0501010620","0501010620","e0h0l0t0","0-0-----00-0","0-","---------0--","----00--0000","0","5","0","1","0","1","0","6","2","0"
"2191","13","forall NODE1,NODE0. ep_epoch0(NODE0) | ep_epoch2(NODE0) | ep_epoch2(NODE1) | ep_epoch3(NODE1) | held(NODE0) | locked_epoch4(NODE1) | locked_epoch5(NODE1) | transfer_epoch2(NODE0) | transfer_epoch2(NODE1) | transfer_epoch4(NODE0) | transfer_epoch4(NODE1) | transfer_epoch5(NODE0) | transfer_epoch5(NODE1) | NODE0 = NODE1","16","0-0-----00--0----------0-0----00--0000","14","455","36","0401020620","0401020620","e0h0l0t0","0-0-----00--","0-","---------0-0","----00--0000","0","4","0","1","0","2","0","6","2","0"
"2192","13","forall NODE1,NODE0. ep_epoch0(NODE0) | ep_epoch2(NODE0) | ep_epoch2(NODE1) | ep_epoch4(NODE1) | ep_epoch5(NODE1) | held(NODE0) | locked_epoch3(NODE1) | transfer_epoch2(NODE0) | transfer_epoch2(NODE1) | transfer_epoch4(NODE0) | transfer_epoch4(NODE1) | transfer_epoch5(NODE0) | transfer_epoch5(NODE1) | NODE0 = NODE1","16","0-0-----0-000--------0--------00--0000","14","456","28","0501010620","0501010620","e0h0l0t0","0-0-----0-00","0-","-------0----","----00--0000","0","5","0","1","0","1","0","6","2","0"
"2193","13","forall NODE1,NODE0. ep_epoch0(NODE0) | ep_epoch2(NODE0) | ep_epoch2(NODE1) | ep_epoch4(NODE1) | held(NODE0) | locked_epoch3(NODE1) | locked_epoch5(NODE1) | transfer_epoch2(NODE0) | transfer_epoch2(NODE1) | transfer_epoch4(NODE0) | transfer_epoch4(NODE1) | transfer_epoch5(NODE0) | transfer_epoch5(NODE1) | NODE0 = NODE1","16","0-0-----0-0-0--------0---0----00--0000","14","455","36","0401020620","0401020620","e0h0l0t0","0-0-----0-0-","0-","-------0---0","----00--0000","0","4","0","1","0","2","0","6","2","0"
"2194","13","forall NODE1,NODE0. ep_epoch0(NODE0) | ep_epoch2(NODE0) | ep_epoch2(NODE1) | ep_epoch5(NODE1) | held(NODE0) | locked_epoch3(NODE1) | locked_epoch4(NODE1) | transfer_epoch2(NODE0) | transfer_epoch2(NODE1) | transfer_epoch4(NODE0) | transfer_epoch4(NODE1) | transfer_epoch5(NODE0) | transfer_epoch5(NODE1) | NODE0 = NODE1","16","0-0-----0--00--------0-0------00--0000","14","455","36","0401020620","0401020620","e0h0l0t0","0-0-----0--0","0-","-------0-0--","----00--0000","0","4","0","1","0","2","0","6","2","0"
"2195","13","forall NODE1,NODE0. ep_epoch0(NODE0) | ep_epoch2(NODE0) | ep_epoch2(NODE1) | held(NODE0) | locked_epoch3(NODE1) | locked_epoch4(NODE1) | locked_epoch5(NODE1) | transfer_epoch2(NODE0) | transfer_epoch2(NODE1) | transfer_epoch4(NODE0) | transfer_epoch4(NODE1) | transfer_epoch5(NODE0) | transfer_epoch5(NODE1) | NODE0 = NODE1","16","0-0-----0---0--------0-0-0----00--0000","14","452","20","0301030620","0301030620","e0h0l0t0","0-0-----0---","0-","-------0-0-0","----00--0000","0","3","0","1","0","3","0","6","2","0"
"2196","13","forall NODE1,NODE0. ep_epoch0(NODE0) | ep_epoch2(NODE1) | ep_epoch3(NODE0) | ep_epoch3(NODE1) | ep_epoch4(NODE1) | ep_epoch5(NODE1) | held(NODE0) | transfer_epoch2(NODE0) | transfer_epoch2(NODE1) | transfer_epoch3(NODE0) | transfer_epoch3(NODE1) | transfer_epoch5(NODE0) | transfer_epoch5(NODE1) | NODE0 = NODE1","16","0--0----00000-----------------0000--00","14","457","8","0601000620","0601000620","e0h0t0","0--0----0000","0-","------------","----0000--00","0","6","0","1","0","0","0","6","2","0"
"2197","13","forall NODE1,NODE0. ep_epoch0(NODE0) | ep_epoch2(NODE1) | ep_epoch3(NODE0) | ep_epoch3(NODE1) | ep_epoch4(NODE1) | held(NODE0) | locked_epoch5(NODE1) | transfer_epoch2(NODE0) | transfer_epoch2(NODE1) | transfer_epoch3(NODE0) | transfer_epoch3(NODE1) | transfer_epoch5(NODE0) | transfer_epoch5(NODE1) | NODE0 = NODE1","16","0--0----000-0------------0----0000--00","14","456","28","0501010620","0501010620","e0h0l0t0","0--0----000-","0-","-----------0","----0000--00","0","5","0","1","0","1","0","6","2","0"
"2198","13","forall NODE1,NODE0. ep_epoch0(NODE0) | ep_epoch2(NODE1) | ep_epoch3(NODE0) | ep_epoch3(NODE1) | ep_epoch5(NODE1) | held(NODE0) | locked_epoch4(NODE1) | transfer_epoch2(NODE0) | transfer_epoch2(NODE1) | transfer_epoch3(NODE0) | transfer_epoch3(NODE1) | transfer_epoch5(NODE0) | transfer_epoch5(NODE1) | NODE0 = NODE1","16","0--0----00-00----------0------0000--00","14","456","28","0501010620","0501010620","e0h0l0t0","0--0----00-0","0-","---------0--","----0000--00","0","5","0","1","0","1","0","6","2","0"
"2199","13","forall NODE1,NODE0. ep_epoch0(NODE0) | ep_epoch2(NODE1) | ep_epoch3(NODE0) | ep_epoch3(NODE1) | held(NODE0) | locked_epoch4(NODE1) | locked_epoch5(NODE1) | transfer_epoch2(NODE0) | transfer_epoch2(NODE1) | transfer_epoch3(NODE0) | transfer_epoch3(NODE1) | transfer_epoch5(NODE0) | transfer_epoch5(NODE1) | NODE0 = NODE1","16","0--0----00--0----------0-0----0000--00","14","455","36","0401020620","0401020620","e0h0l0t0","0--0----00--","0-","---------0-0","----0000--00","0","4","0","1","0","2","0","6","2","0"
"2200","13","forall NODE1,NODE0. ep_epoch0(NODE0) | ep_epoch2(NODE1) | ep_epoch3(NODE1) | ep_epoch4(NODE0) | ep_epoch4(NODE1) | ep_epoch5(NODE1) | held(NODE0) | transfer_epoch2(NODE0) | transfer_epoch2(NODE1) | transfer_epoch3(NODE0) | transfer_epoch3(NODE1) | transfer_epoch4(NODE0) | transfer_epoch4(NODE1) | NODE0 = NODE1","16","0---0---00000-----------------000000--","14","457","8","0601000620","0601000620","e0h0t0","0---0---0000","0-","------------","----000000--","0","6","0","1","0","0","0","6","2","0"
"2201","13","forall NODE1,NODE0. ep_epoch0(NODE0) | ep_epoch2(NODE1) | ep_epoch3(NODE1) | ep_epoch4(NODE0) | ep_epoch4(NODE1) | held(NODE0) | locked_epoch5(NODE1) | transfer_epoch2(NODE0) | transfer_epoch2(NODE1) | transfer_epoch3(NODE0) | transfer_epoch3(NODE1) | transfer_epoch4(NODE0) | transfer_epoch4(NODE1) | NODE0 = NODE1","16","0---0---000-0------------0----000000--","14","456","28","0501010620","0501010620","e0h0l0t0","0---0---000-","0-","-----------0","----000000--","0","5","0","1","0","1","0","6","2","0"
"2202","13","forall NODE1,NODE0. ep_epoch0(NODE0) | ep_epoch2(NODE1) | ep_epoch3(NODE1) | ep_epoch4(NODE1) | ep_epoch5(NODE1) | held(NODE0) | locked_epoch4(NODE0) | transfer_epoch2(NODE0) | transfer_epoch2(NODE1) | transfer_epoch3(NODE0) | transfer_epoch3(NODE1) | transfer_epoch4(NODE0) | transfer_epoch4(NODE1) | NODE0 = NODE1","16","0-------00000---------0-------000000--","14","456","28","0501010620","0501010620","e0h0l0t0","0-------0000","0-","--------0---","----000000--","0","5","0","1","0","1","0","6","2","0"
"2203","13","forall NODE1,NODE0. ep_epoch0(NODE0) | ep_epoch2(NODE1) | ep_epoch3(NODE1) | ep_epoch4(NODE1) | held(NODE0) | locked_epoch4(NODE0) | locked_epoch5(NODE1) | transfer_epoch2(NODE0) | transfer_epoch2(NODE1) | transfer_epoch3(NODE0) | transfer_epoch3(NODE1) | transfer_epoch4(NODE0) | transfer_epoch4(NODE1) | NODE0 = NODE1","16","0-------000-0---------0--0----000000--","14","455","36","0401020620","0401020620","e0h0l0t0","0-------000-","0-","--------0--0","----000000--","0","4","0","1","0","2","0","6","2","0"
"2204","13","forall NODE1,NODE0. ep_epoch0(NODE0) | ep_epoch2(NODE1) | ep_epoch4(NODE0) | ep_epoch4(NODE1) | ep_epoch5(NODE1) | held(NODE0) | locked_epoch3(NODE1) | transfer_epoch2(NODE0) | transfer_epoch2(NODE1) | transfer_epoch3(NODE0) | transfer_epoch3(NODE1) | transfer_epoch4(NODE0) | transfer_epoch4(NODE1) | NODE0 = NODE1","16","0---0---0-000--------0--------000000--","14","456","28","0501010620","0501010620","e0h0l0t0","0---0---0-00","0-","-------0----","----000000--","0","5","0","1","0","1","0","6","2","0"
"2205","13","forall NODE1,NODE0. ep_epoch0(NODE0) | ep_epoch2(NODE1) | ep_epoch4(NODE0) | ep_epoch4(NODE1) | held(NODE0) | locked_epoch3(NODE1) | locked_epoch5(NODE1) | transfer_epoch2(NODE0) | transfer_epoch2(NODE1) | transfer_epoch3(NODE0) | transfer_epoch3(NODE1) | transfer_epoch4(NODE0) | transfer_epoch4(NODE1) | NODE0 = NODE1","16","0---0---0-0-0--------0---0----000000--","14","455","36","0401020620","0401020620","e0h0l0t0","0---0---0-0-","0-","-------0---0","----000000--","0","4","0","1","0","2","0","6","2","0"
"2206","13","forall NODE1,NODE0. ep_epoch0(NODE0) | ep_epoch2(NODE1) | ep_epoch4(NODE1) | ep_epoch5(NODE1) | held(NODE0) | locked_epoch3(NODE1) | locked_epoch4(NODE0) | transfer_epoch2(NODE0) | transfer_epoch2(NODE1) | transfer_epoch3(NODE0) | transfer_epoch3(NODE1) | transfer_epoch4(NODE0) | transfer_epoch4(NODE1) | NODE0 = NODE1","16","0-------0-000--------00-------000000--","14","455","36","0401020620","0401020620","e0h0l0t0","0-------0-00","0-","-------00---","----000000--","0","4","0","1","0","2","0","6","2","0"
"2207","13","forall NODE1,NODE0. ep_epoch0(NODE0) | ep_epoch2(NODE1) | ep_epoch4(NODE1) | held(NODE0) | locked_epoch3(NODE1) | locked_epoch4(NODE0) | locked_epoch5(NODE1) | transfer_epoch2(NODE0) | transfer_epoch2(NODE1) | transfer_epoch3(NODE0) | transfer_epoch3(NODE1) | transfer_epoch4(NODE0) | transfer_epoch4(NODE1) | NODE0 = NODE1","16","0-------0-0-0--------00--0----000000--","14","452","20","0301030620","0301030620","e0h0l0t0","0-------0-0-","0-","-------00--0","----000000--","0","3","0","1","0","3","0","6","2","0"
"2208","13","forall NODE1,NODE0. ep_epoch0(NODE0) | ep_epoch3(NODE0) | ep_epoch3(NODE1) | ep_epoch4(NODE1) | ep_epoch5(NODE1) | held(NODE0) | locked_epoch2(NODE1) | transfer_epoch2(NODE0) | transfer_epoch2(NODE1) | transfer_epoch3(NODE0) | transfer_epoch3(NODE1) | transfer_epoch5(NODE0) | transfer_epoch5(NODE1) | NODE0 = NODE1","16","0--0-----0000------0----------0000--00","14","456","28","0501010620","0501010620","e0h0l0t0","0--0-----000","0-","-----0------","----0000--00","0","5","0","1","0","1","0","6","2","0"
"2209","13","forall NODE1,NODE0. ep_epoch0(NODE0) | ep_epoch3(NODE0) | ep_epoch3(NODE1) | ep_epoch4(NODE1) | held(NODE0) | locked_epoch2(NODE1) | locked_epoch5(NODE1) | transfer_epoch2(NODE0) | transfer_epoch2(NODE1) | transfer_epoch3(NODE0) | transfer_epoch3(NODE1) | transfer_epoch5(NODE0) | transfer_epoch5(NODE1) | NODE0 = NODE1","16","0--0-----00-0------0-----0----0000--00","14","455","36","0401020620","0401020620","e0h0l0t0","0--0-----00-","0-","-----0-----0","----0000--00","0","4","0","1","0","2","0","6","2","0"
"2210","13","forall NODE1,NODE0. ep_epoch0(NODE0) | ep_epoch3(NODE0) | ep_epoch3(NODE1) | ep_epoch5(NODE1) | held(NODE0) | locked_epoch2(NODE1) | locked_epoch4(NODE1) | transfer_epoch2(NODE0) | transfer_epoch2(NODE1) | transfer_epoch3(NODE0) | transfer_epoch3(NODE1) | transfer_epoch5(NODE0) | transfer_epoch5(NODE1) | NODE0 = NODE1","16","0--0-----0-00------0---0------0000--00","14","455","36","0401020620","0401020620","e0h0l0t0","0--0-----0-0","0-","-----0---0--","----0000--00","0","4","0","1","0","2","0","6","2","0"
"2211","13","forall NODE1,NODE0. ep_epoch0(NODE0) | ep_epoch3(NODE0) | ep_epoch3(NODE1) | held(NODE0) | locked_epoch2(NODE1) | locked_epoch4(NODE1) | locked_epoch5(NODE1) | transfer_epoch2(NODE0) | transfer_epoch2(NODE1) | transfer_epoch3(NODE0) | transfer_epoch3(NODE1) | transfer_epoch5(NODE0) | transfer_epoch5(NODE1) | NODE0 = NODE1","16","0--0-----0--0------0---0-0----0000--00","14","452","20","0301030620","0301030620","e0h0l0t0","0--0-----0--","0-","-----0---0-0","----0000--00","0","3","0","1","0","3","0","6","2","0"
"2212","13","forall NODE1,NODE0. ep_epoch0(NODE0) | ep_epoch3(NODE1) | ep_epoch4(NODE0) | ep_epoch4(NODE1) | ep_epoch5(NODE1) | held(NODE0) | locked_epoch2(NODE1) | transfer_epoch2(NODE0) | transfer_epoch2(NODE1) | transfer_epoch3(NODE0) | transfer_epoch3(NODE1) | transfer_epoch4(NODE0) | transfer_epoch4(NODE1) | NODE0 = NODE1","16","0---0----0000------0----------000000--","14","456","28","0501010620","0501010620","e0h0l0t0","0---0----000","0-","-----0------","----000000--","0","5","0","1","0","1","0","6","2","0"
"2213","13","forall NODE1,NODE0. ep_epoch0(NODE0) | ep_epoch3(NODE1) | ep_epoch4(NODE0) | ep_epoch4(NODE1) | held(NODE0) | locked_epoch2(NODE1) | locked_epoch5(NODE1) | transfer_epoch2(NODE0) | transfer_epoch2(NODE1) | transfer_epoch3(NODE0) | transfer_epoch3(NODE1) | transfer_epoch4(NODE0) | transfer_epoch4(NODE1) | NODE0 = NODE1","16","0---0----00-0------0-----0----000000--","14","455","36","0401020620","0401020620","e0h0l0t0","0---0----00-","0-","-----0-----0","----000000--","0","4","0","1","0","2","0","6","2","0"
"2214","13","forall NODE1,NODE0. ep_epoch0(NODE0) | ep_epoch3(NODE1) | ep_epoch4(NODE1) | ep_epoch5(NODE1) | held(NODE0) | locked_epoch2(NODE1) | locked_epoch4(NODE0) | transfer_epoch2(NODE0) | transfer_epoch2(NODE1) | transfer_epoch3(NODE0) | transfer_epoch3(NODE1) | transfer_epoch4(NODE0) | transfer_epoch4(NODE1) | NODE0 = NODE1","16","0--------0000------0--0-------000000--","14","455","36","0401020620","0401020620","e0h0l0t0","0--------000","0-","-----0--0---","----000000--","0","4","0","1","0","2","0","6","2","0"
"2215","13","forall NODE1,NODE0. ep_epoch0(NODE0) | ep_epoch3(NODE1) | ep_epoch4(NODE1) | held(NODE0) | locked_epoch2(NODE1) | locked_epoch4(NODE0) | locked_epoch5(NODE1) | transfer_epoch2(NODE0) | transfer_epoch2(NODE1) | transfer_epoch3(NODE0) | transfer_epoch3(NODE1) | transfer_epoch4(NODE0) | transfer_epoch4(NODE1) | NODE0 = NODE1","16","0--------00-0------0--0--0----000000--","14","452","20","0301030620","0301030620","e0h0l0t0","0--------00-","0-","-----0--0--0","----000000--","0","3","0","1","0","3","0","6","2","0"
"2216","13","forall NODE1,NODE0. ep_epoch0(NODE0) | ep_epoch4(NODE0) | ep_epoch4(NODE1) | ep_epoch5(NODE1) | held(NODE0) | locked_epoch2(NODE1) | locked_epoch3(NODE1) | transfer_epoch2(NODE0) | transfer_epoch2(NODE1) | transfer_epoch3(NODE0) | transfer_epoch3(NODE1) | transfer_epoch4(NODE0) | transfer_epoch4(NODE1) | NODE0 = NODE1","16","0---0-----000------0-0--------000000--","14","455","36","0401020620","0401020620","e0h0l0t0","0---0-----00","0-","-----0-0----","----000000--","0","4","0","1","0","2","0","6","2","0"
"2217","13","forall NODE1,NODE0. ep_epoch0(NODE0) | ep_epoch4(NODE0) | ep_epoch4(NODE1) | held(NODE0) | locked_epoch2(NODE1) | locked_epoch3(NODE1) | locked_epoch5(NODE1) | transfer_epoch2(NODE0) | transfer_epoch2(NODE1) | transfer_epoch3(NODE0) | transfer_epoch3(NODE1) | transfer_epoch4(NODE0) | transfer_epoch4(NODE1) | NODE0 = NODE1","16","0---0-----0-0------0-0---0----000000--","14","452","20","0301030620","0301030620","e0h0l0t0","0---0-----0-","0-","-----0-0---0","----000000--","0","3","0","1","0","3","0","6","2","0"
"2218","13","forall NODE1,NODE0. ep_epoch0(NODE0) | ep_epoch4(NODE1) | ep_epoch5(NODE1) | held(NODE0) | locked_epoch2(NODE1) | locked_epoch3(NODE1) | locked_epoch4(NODE0) | transfer_epoch2(NODE0) | transfer_epoch2(NODE1) | transfer_epoch3(NODE0) | transfer_epoch3(NODE1) | transfer_epoch4(NODE0) | transfer_epoch4(NODE1) | NODE0 = NODE1","16","0---------000------0-00-------000000--","14","452","20","0301030620","0301030620","e0h0l0t0","0---------00","0-","-----0-00---","----000000--","0","3","0","1","0","3","0","6","2","0"
"2219","13","forall NODE1,NODE0. ep_epoch0(NODE0) | ep_epoch4(NODE1) | held(NODE0) | locked_epoch2(NODE1) | locked_epoch3(NODE1) | locked_epoch4(NODE0) | locked_epoch5(NODE1) | transfer_epoch2(NODE0) | transfer_epoch2(NODE1) | transfer_epoch3(NODE0) | transfer_epoch3(NODE1) | transfer_epoch4(NODE0) | transfer_epoch4(NODE1) | NODE0 = NODE1","16","0---------0-0------0-00--0----000000--","14","447","4","0201040620","0201040620","e0h0l0t0","0---------0-","0-","-----0-00--0","----000000--","0","2","0","1","0","4","0","6","2","0"
"2220","13","forall NODE1,NODE0. ep_epoch1(NODE0) | ep_epoch1(NODE1) | ep_epoch2(NODE0) | ep_epoch3(NODE0) | ep_epoch4(NODE0) | ep_epoch5(NODE0) | held(NODE1) | transfer_epoch3(NODE0) | transfer_epoch3(NODE1) | transfer_epoch4(NODE0) | transfer_epoch4(NODE1) | transfer_epoch5(NODE0) | transfer_epoch5(NODE1) | NODE0 = NODE1","16","-00000-0-----0------------------000000","14","457","8","0601000620","0601000620","e0h0t0","-00000-0----","-0","------------","------000000","0","6","0","1","0","0","0","6","2","0"
"2221","13","forall NODE1,NODE0. ep_epoch1(NODE0) | ep_epoch1(NODE1) | ep_epoch2(NODE0) | ep_epoch3(NODE0) | ep_epoch4(NODE0) | held(NODE1) | locked_epoch5(NODE0) | transfer_epoch3(NODE0) | transfer_epoch3(NODE1) | transfer_epoch4(NODE0) | transfer_epoch4(NODE1) | transfer_epoch5(NODE0) | transfer_epoch5(NODE1) | NODE0 = NODE1","16","-0000--0-----0----------0-------000000","14","456","28","0501010620","0501010620","e0h0l0t0","-0000--0----","-0","----------0-","------000000","0","5","0","1","0","1","0","6","2","0"
"2222","13","forall NODE1,NODE0. ep_epoch1(NODE0) | ep_epoch1(NODE1) | ep_epoch2(NODE0) | ep_epoch3(NODE0) | ep_epoch5(NODE0) | held(NODE1) | locked_epoch4(NODE0) | transfer_epoch3(NODE0) | transfer_epoch3(NODE1) | transfer_epoch4(NODE0) | transfer_epoch4(NODE1) | transfer_epoch5(NODE0) | transfer_epoch5(NODE1) | NODE0 = NODE1","16","-000-0-0-----0--------0---------000000","14","456","28","0501010620","0501010620","e0h0l0t0","-000-0-0----","-0","--------0---","------000000","0","5","0","1","0","1","0","6","2","0"
"2223","13","forall NODE1,NODE0. ep_epoch1(NODE0) | ep_epoch1(NODE1) | ep_epoch2(NODE0) | ep_epoch3(NODE0) | held(NODE1) | locked_epoch4(NODE0) | locked_epoch5(NODE0) | transfer_epoch3(NODE0) | transfer_epoch3(NODE1) | transfer_epoch4(NODE0) | transfer_epoch4(NODE1) | transfer_epoch5(NODE0) | transfer_epoch5(NODE1) | NODE0 = NODE1","16","-000---0-----0--------0-0-------000000","14","455","36","0401020620","0401020620","e0h0l0t0","-000---0----","-0","--------0-0-","------000000","0","4","0","1","0","2","0","6","2","0"
"2224","13","forall NODE1,NODE0. ep_epoch1(NODE0) | ep_epoch1(NODE1) | ep_epoch2(NODE0) | ep_epoch4(NODE0) | ep_epoch5(NODE0) | held(NODE1) | locked_epoch3(NODE0) | transfer_epoch3(NODE0) | transfer_epoch3(NODE1) | transfer_epoch4(NODE0) | transfer_epoch4(NODE1) | transfer_epoch5(NODE0) | transfer_epoch5(NODE1) | NODE0 = NODE1","16","-00-00-0-----0------0-----------000000","14","456","28","0501010620","0501010620","e0h0l0t0","-00-00-0----","-0","------0-----","------000000","0","5","0","1","0","1","0","6","2","0"
"2225","13","forall NODE1,NODE0. ep_epoch1(NODE0) | ep_epoch1(NODE1) | ep_epoch2(NODE0) | ep_epoch4(NODE0) | held(NODE1) | locked_epoch3(NODE0) | locked_epoch5(NODE0) | transfer_epoch3(NODE0) | transfer_epoch3(NODE1) | transfer_epoch4(NODE0) | transfer_epoch4(NODE1) | transfer_epoch5(NODE0) | transfer_epoch5(NODE1) | NODE0 = NODE1","16","-00-0--0-----0------0---0-------000000","14","455","36","0401020620","0401020620","e0h0l0t0","-00-0--0----","-0","------0---0-","------000000","0","4","0","1","0","2","0","6","2","0"
"2226","13","forall NODE1,NODE0. ep_epoch1(NODE0) | ep_epoch1(NODE1) | ep_epoch2(NODE0) | ep_epoch5(NODE0) | held(NODE1) | locked_epoch3(NODE0) | locked_epoch4(NODE0) | transfer_epoch3(NODE0) | transfer_epoch3(NODE1) | transfer_epoch4(NODE0) | transfer_epoch4(NODE1) | transfer_epoch5(NODE0) | transfer_epoch5(NODE1) | NODE0 = NODE1","16","-00--0-0-----0------0-0---------000000","14","455","36","0401020620","0401020620","e0h0l0t0","-00--0-0----","-0","------0-0---","------000000","0","4","0","1","0","2","0","6","2","0"
"2227","13","forall NODE1,NODE0. ep_epoch1(NODE0) | ep_epoch1(NODE1) | ep_epoch2(NODE0) | held(NODE1) | locked_epoch3(NODE0) | locked_epoch4(NODE0) | locked_epoch5(NODE0) | transfer_epoch3(NODE0) | transfer_epoch3(NODE1) | transfer_epoch4(NODE0) | transfer_epoch4(NODE1) | transfer_epoch5(NODE0) | transfer_epoch5(NODE1) | NODE0 = NODE1","16","-00----0-----0------0-0-0-------000000","14","452","20","0301030620","0301030620","e0h0l0t0","-00----0----","-0","------0-0-0-","------000000","0","3","0","1","0","3","0","6","2","0"
"2228","13","forall NODE1,NODE0. ep_epoch1(NODE0) | ep_epoch1(NODE1) | ep_epoch3(NODE0) | ep_epoch4(NODE0) | ep_epoch5(NODE0) | held(NODE1) | locked_epoch2(NODE0) | transfer_epoch3(NODE0) | transfer_epoch3(NODE1) | transfer_epoch4(NODE0) | transfer_epoch4(NODE1) | transfer_epoch5(NODE0) | transfer_epoch5(NODE1) | NODE0 = NODE1","16","-0-000-0-----0----0-------------000000","14","456","28","0501010620","0501010620","e0h0l0t0","-0-000-0----","-0","----0-------","------000000","0","5","0","1","0","1","0","6","2","0"
"2229","13","forall NODE1,NODE0. ep_epoch1(NODE0) | ep_epoch1(NODE1) | ep_epoch3(NODE0) | ep_epoch4(NODE0) | held(NODE1) | locked_epoch2(NODE0) | locked_epoch5(NODE0) | transfer_epoch3(NODE0) | transfer_epoch3(NODE1) | transfer_epoch4(NODE0) | transfer_epoch4(NODE1) | transfer_epoch5(NODE0) | transfer_epoch5(NODE1) | NODE0 = NODE1","16","-0-00--0-----0----0-----0-------000000","14","455","36","0401020620","0401020620","e0h0l0t0","-0-00--0----","-0","----0-----0-","------000000","0","4","0","1","0","2","0","6","2","0"
"2230","13","forall NODE1,NODE0. ep_epoch1(NODE0) | ep_epoch1(NODE1) | ep_epoch3(NODE0) | ep_epoch5(NODE0) | held(NODE1) | locked_epoch2(NODE0) | locked_epoch4(NODE0) | transfer_epoch3(NODE0) | transfer_epoch3(NODE1) | transfer_epoch4(NODE0) | transfer_epoch4(NODE1) | transfer_epoch5(NODE0) | transfer_epoch5(NODE1) | NODE0 = NODE1","16","-0-0-0-0-----0----0---0---------000000","14","455","36","0401020620","0401020620","e0h0l0t0","-0-0-0-0----","-0","----0---0---","------000000","0","4","0","1","0","2","0","6","2","0"
"2231","13","forall NODE1,NODE0. ep_epoch1(NODE0) | ep_epoch1(NODE1) | ep_epoch3(NODE0) | held(NODE1) | locked_epoch2(NODE0) | locked_epoch4(NODE0) | locked_epoch5(NODE0) | transfer_epoch3(NODE0) | transfer_epoch3(NODE1) | transfer_epoch4(NODE0) | transfer_epoch4(NODE1) | transfer_epoch5(NODE0) | transfer_epoch5(NODE1) | NODE0 = NODE1","16","-0-0---0-----0----0---0-0-------000000","14","452","20","0301030620","0301030620","e0h0l0t0","-0-0---0----","-0","----0---0-0-","------000000","0","3","0","1","0","3","0","6","2","0"
"2232","13","forall NODE1,NODE0. ep_epoch1(NODE0) | ep_epoch1(NODE1) | ep_epoch4(NODE0) | ep_epoch5(NODE0) | held(NODE1) | locked_epoch2(NODE0) | locked_epoch3(NODE0) | transfer_epoch3(NODE0) | transfer_epoch3(NODE1) | transfer_epoch4(NODE0) | transfer_epoch4(NODE1) | transfer_epoch5(NODE0) | transfer_epoch5(NODE1) | NODE0 = NODE1","16","-0--00-0-----0----0-0-----------000000","14","455","36","0401020620","0401020620","e0h0l0t0","-0--00-0----","-0","----0-0-----","------000000","0","4","0","1","0","2","0","6","2","0"
"2233","13","forall NODE1,NODE0. ep_epoch1(NODE0) | ep_epoch1(NODE1) | ep_epoch4(NODE0) | held(NODE1) | locked_epoch2(NODE0) | locked_epoch3(NODE0) | locked_epoch5(NODE0) | transfer_epoch3(NODE0) | transfer_epoch3(NODE1) | transfer_epoch4(NODE0) | transfer_epoch4(NODE1) | transfer_epoch5(NODE0) | transfer_epoch5(NODE1) | NODE0 = NODE1","16","-0--0--0-----0----0-0---0-------000000","14","452","20","0301030620","0301030620","e0h0l0t0","-0--0--0----","-0","----0-0---0-","------000000","0","3","0","1","0","3","0","6","2","0"
"2234","13","forall NODE1,NODE0. ep_epoch1(NODE0) | ep_epoch1(NODE1) | ep_epoch5(NODE0) | held(NODE1) | locked_epoch2(NODE0) | locked_epoch3(NODE0) | locked_epoch4(NODE0) | transfer_epoch3(NODE0) | transfer_epoch3(NODE1) | transfer_epoch4(NODE0) | transfer_epoch4(NODE1) | transfer_epoch5(NODE0) | transfer_epoch5(NODE1) | NODE0 = NODE1","16","-0---0-0-----0----0-0-0---------000000","14","452","20","0301030620","0301030620","e0h0l0t0","-0---0-0----","-0","----0-0-0---","------000000","0","3","0","1","0","3","0","6","2","0"
"2235","13","forall NODE1,NODE0. ep_epoch1(NODE0) | ep_epoch1(NODE1) | held(NODE1) | locked_epoch2(NODE0) | locked_epoch3(NODE0) | locked_epoch4(NODE0) | locked_epoch5(NODE0) | transfer_epoch3(NODE0) | transfer_epoch3(NODE1) | transfer_epoch4(NODE0) | transfer_epoch4(NODE1) | transfer_epoch5(NODE0) | transfer_epoch5(NODE1) | NODE0 = NODE1","16","-0-----0----0------0-0-0-0------000000","14","447","4","0201040620","0201040620","e0h0l0t0","-0-----0----","0-","-----0-0-0-0","------000000","0","2","0","1","0","4","0","6","2","0"
"2236","13","forall NODE1,NODE0. ep_epoch1(NODE0) | ep_epoch2(NODE0) | ep_epoch2(NODE1) | ep_epoch3(NODE0) | ep_epoch4(NODE0) | ep_epoch5(NODE0) | held(NODE1) | transfer_epoch2(NODE0) | transfer_epoch2(NODE1) | transfer_epoch4(NODE0) | transfer_epoch4(NODE1) | transfer_epoch5(NODE0) | transfer_epoch5(NODE1) | NODE0 = NODE1","16","-00000--0----0----------------00--0000","14","457","8","0601000620","0601000620","e0h0t0","-00000--0---","-0","------------","----00--0000","0","6","0","1","0","0","0","6","2","0"
"2237","13","forall NODE1,NODE0. ep_epoch1(NODE0) | ep_epoch2(NODE0) | ep_epoch2(NODE1) | ep_epoch3(NODE0) | ep_epoch4(NODE0) | held(NODE1) | locked_epoch5(NODE0) | transfer_epoch2(NODE0) | transfer_epoch2(NODE1) | transfer_epoch4(NODE0) | transfer_epoch4(NODE1) | transfer_epoch5(NODE0) | transfer_epoch5(NODE1) | NODE0 = NODE1","16","-0000---0----0----------0-----00--0000","14","456","28","0501010620","0501010620","e0h0l0t0","-0000---0---","-0","----------0-","----00--0000","0","5","0","1","0","1","0","6","2","0"
"2238","13","forall NODE1,NODE0. ep_epoch1(NODE0) | ep_epoch2(NODE0) | ep_epoch2(NODE1) | ep_epoch3(NODE0) | ep_epoch5(NODE0) | held(NODE1) | locked_epoch4(NODE0) | transfer_epoch2(NODE0) | transfer_epoch2(NODE1) | transfer_epoch4(NODE0) | transfer_epoch4(NODE1) | transfer_epoch5(NODE0) | transfer_epoch5(NODE1) | NODE0 = NODE1","16","-000-0--0----0--------0-------00--0000","14","456","28","0501010620","0501010620","e0h0l0t0","-000-0--0---","-0","--------0---","----00--0000","0","5","0","1","0","1","0","6","2","0"
"2239","13","forall NODE1,NODE0. ep_epoch1(NODE0) | ep_epoch2(NODE0) | ep_epoch2(NODE1) | ep_epoch3(NODE0) | held(NODE1) | locked_epoch4(NODE0) | locked_epoch5(NODE0) | transfer_epoch2(NODE0) | transfer_epoch2(NODE1) | transfer_epoch4(NODE0) | transfer_epoch4(NODE1) | transfer_epoch5(NODE0) | transfer_epoch5(NODE1) | NODE0 = NODE1","16","-000----0----0--------0-0-----00--0000","14","455","36","0401020620","0401020620","e0h0l0t0","-000----0---","-0","--------0-0-","----00--0000","0","4","0","1","0","2","0","6","2","0"
"2240","13","forall NODE1,NODE0. ep_epoch1(NODE0) | ep_epoch2(NODE0) | ep_epoch2(NODE1) | ep_epoch4(NODE0) | ep_epoch5(NODE0) | held(NODE1) | locked_epoch3(NODE0) | transfer_epoch2(NODE0) | transfer_epoch2(NODE1) | transfer_epoch4(NODE0) | transfer_epoch4(NODE1) | transfer_epoch5(NODE0) | transfer_epoch5(NODE1) | NODE0 = NODE1","16","-00-00--0----0------0---------00--0000","14","456","28","0501010620","0501010620","e0h0l0t0","-00-00--0---","-0","------0-----","----00--0000","0","5","0","1","0","1","0","6","2","0"
"2241","13","forall NODE1,NODE0. ep_epoch1(NODE0) | ep_epoch2(NODE0) | ep_epoch2(NODE1) | ep_epoch4(NODE0) | held(NODE1) | locked_epoch3(NODE0) | locked_epoch5(NODE0) | transfer_epoch2(NODE0) | transfer_epoch2(NODE1) | transfer_epoch4(NODE0) | transfer_epoch4(NODE1) | transfer_epoch5(NODE0) | transfer_epoch5(NODE1) | NODE0 = NODE1","16","-00-0---0----0------0---0-----00--0000","14","455","36","0401020620","0401020620","e0h0l0t0","-00-0---0---","-0","------0---0-","----00--0000","0","4","0","1","0","2","0","6","2","0"
"2242","13","forall NODE1,NODE0. ep_epoch1(NODE0) | ep_epoch2(NODE0) | ep_epoch2(NODE1) | ep_epoch5(NODE0) | held(NODE1) | locked_epoch3(NODE0) | locked_epoch4(NODE0) | transfer_epoch2(NODE0) | transfer_epoch2(NODE1) | transfer_epoch4(NODE0) | transfer_epoch4(NODE1) | transfer_epoch5(NODE0) | transfer_epoch5(NODE1) | NODE0 = NODE1","16","-00--0--0----0------0-0-------00--0000","14","455","36","0401020620","0401020620","e0h0l0t0","-00--0--0---","-0","------0-0---","----00--0000","0","4","0","1","0","2","0","6","2","0"
"2243","13","forall NODE1,NODE0. ep_epoch1(NODE0) | ep_epoch2(NODE0) | ep_epoch2(NODE1) | held(NODE1) | locked_epoch3(NODE0) | locked_epoch4(NODE0) | locked_epoch5(NODE0) | transfer_epoch2(NODE0) | transfer_epoch2(NODE1) | transfer_epoch4(NODE0) | transfer_epoch4(NODE1) | transfer_epoch5(NODE0) | transfer_epoch5(NODE1) | NODE0 = NODE1","16","-00-----0----0------0-0-0-----00--0000","14","452","20","0301030620","0301030620","e0h0l0t0","-00-----0---","-0","------0-0-0-","----00--0000","0","3","0","1","0","3","0","6","2","0"
"2244","13","forall NODE1,NODE0. ep_epoch1(NODE0) | ep_epoch2(NODE0) | ep_epoch3(NODE0) | ep_epoch3(NODE1) | ep_epoch4(NODE0) | ep_epoch5(NODE0) | held(NODE1) | transfer_epoch2(NODE0) | transfer_epoch2(NODE1) | transfer_epoch3(NODE0) | transfer_epoch3(NODE1) | transfer_epoch5(NODE0) | transfer_epoch5(NODE1) | NODE0 = NODE1","16","-00000---0---0----------------0000--00","14","457","8","0601000620","0601000620","e0h0t0","-00000---0--","-0","------------","----0000--00","0","6","0","1","0","0","0","6","2","0"
"2245","13","forall NODE1,NODE0. ep_epoch1(NODE0) | ep_epoch2(NODE0) | ep_epoch3(NODE0) | ep_epoch3(NODE1) | ep_epoch4(NODE0) | held(NODE1) | locked_epoch5(NODE0) | transfer_epoch2(NODE0) | transfer_epoch2(NODE1) | transfer_epoch3(NODE0) | transfer_epoch3(NODE1) | transfer_epoch5(NODE0) | transfer_epoch5(NODE1) | NODE0 = NODE1","16","-0000----0---0----------0-----0000--00","14","456","28","0501010620","0501010620","e0h0l0t0","-0000----0--","-0","----------0-","----0000--00","0","5","0","1","0","1","0","6","2","0"
"2246","13","forall NODE1,NODE0. ep_epoch1(NODE0) | ep_epoch2(NODE0) | ep_epoch3(NODE0) | ep_epoch3(NODE1) | ep_epoch5(NODE0) | held(NODE1) | locked_epoch4(NODE0) | transfer_epoch2(NODE0) | transfer_epoch2(NODE1) | transfer_epoch3(NODE0) | transfer_epoch3(NODE1) | transfer_epoch5(NODE0) | transfer_epoch5(NODE1) | NODE0 = NODE1","16","-000-0---0---0--------0-------0000--00","14","456","28","0501010620","0501010620","e0h0l0t0","-000-0---0--","-0","--------0---","----0000--00","0","5","0","1","0","1","0","6","2","0"
"2247","13","forall NODE1,NODE0. ep_epoch1(NODE0) | ep_epoch2(NODE0) | ep_epoch3(NODE0) | ep_epoch3(NODE1) | held(NODE1) | locked_epoch4(NODE0) | locked_epoch5(NODE0) | transfer_epoch2(NODE0) | transfer_epoch2(NODE1) | transfer_epoch3(NODE0) | transfer_epoch3(NODE1) | transfer_epoch5(NODE0) | transfer_epoch5(NODE1) | NODE0 = NODE1","16","-000-----0---0--------0-0-----0000--00","14","455","36","0401020620","0401020620","e0h0l0t0","-000-----0--","-0","--------0-0-","----0000--00","0","4","0","1","0","2","0","6","2","0"
"2248","13","forall NODE1,NODE0. ep_epoch1(NODE0) | ep_epoch2(NODE0) | ep_epoch3(NODE0) | ep_epoch4(NODE0) | ep_epoch4(NODE1) | ep_epoch5(NODE0) | held(NODE1) | transfer_epoch2(NODE0) | transfer_epoch2(NODE1) | transfer_epoch3(NODE0) | transfer_epoch3(NODE1) | transfer_epoch4(NODE0) | transfer_epoch4(NODE1) | NODE0 = NODE1","16","-00000----0--0----------------000000--","14","457","8","0601000620","0601000620","e0h0t0","-00000----0-","-0","------------","----000000--","0","6","0","1","0","0","0","6","2","0"
"2249","13","forall NODE1,NODE0. ep_epoch1(NODE0) | ep_epoch2(NODE0) | ep_epoch3(NODE0) | ep_epoch4(NODE0) | ep_epoch4(NODE1) | held(NODE1) | locked_epoch5(NODE0) | transfer_epoch2(NODE0) | transfer_epoch2(NODE1) | transfer_epoch3(NODE0) | transfer_epoch3(NODE1) | transfer_epoch4(NODE0) | transfer_epoch4(NODE1) | NODE0 = NODE1","16","-0000-----0--0----------0-----000000--","14","456","28","0501010620","0501010620","e0h0l0t0","-0000-----0-","-0","----------0-","----000000--","0","5","0","1","0","1","0","6","2","0"
"2250","13","forall NODE1,NODE0. ep_epoch1(NODE0) | ep_epoch2(NODE0) | ep_epoch3(NODE0) | ep_epoch4(NODE0) | ep_epoch5(NODE0) | held(NODE1) | locked_epoch4(NODE1) | transfer_epoch2(NODE0) | transfer_epoch2(NODE1) | transfer_epoch3(NODE0) | transfer_epoch3(NODE1) | transfer_epoch4(NODE0) | transfer_epoch4(NODE1) | NODE0 = NODE1","16","-00000-------0---------0------000000--","14","456","28","0501010620","0501010620","e0h0l0t0","-00000------","-0","---------0--","----000000--","0","5","0","1","0","1","0","6","2","0"
"2251","13","forall NODE1,NODE0. ep_epoch1(NODE0) | ep_epoch2(NODE0) | ep_epoch3(NODE0) | ep_epoch4(NODE0) | held(NODE1) | locked_epoch4(NODE1) | locked_epoch5(NODE0) | transfer_epoch2(NODE0) | transfer_epoch2(NODE1) | transfer_epoch3(NODE0) | transfer_epoch3(NODE1) | transfer_epoch4(NODE0) | transfer_epoch4(NODE1) | NODE0 = NODE1","16","-0000--------0---------00-----000000--","14","455","36","0401020620","0401020620","e0h0l0t0","-0000-------","-0","---------00-","----000000--","0","4","0","1","0","2","0","6","2","0"
"2252","13","forall NODE1,NODE0. ep_epoch1(NODE0) | ep_epoch2(NODE0) | ep_epoch4(NODE0) | ep_epoch4(NODE1) | ep_epoch5(NODE0) | held(NODE1) | locked_epoch3(NODE0) | transfer_epoch2(NODE0) | transfer_epoch2(NODE1) | transfer_epoch3(NODE0) | transfer_epoch3(NODE1) | transfer_epoch4(NODE0) | transfer_epoch4(NODE1) | NODE0 = NODE1","16","-00-00----0--0------0---------000000--","14","456","28","0501010620","0501010620","e0h0l0t0","-00-00----0-","-0","------0-----","----000000--","0","5","0","1","0","1","0","6","2","0"
"2253","13","forall NODE1,NODE0. ep_epoch1(NODE0) | ep_epoch2(NODE0) | ep_epoch4(NODE0) | ep_epoch4(NODE1) | held(NODE1) | locked_epoch3(NODE0) | locked_epoch5(NODE0) | transfer_epoch2(NODE0) | transfer_epoch2(NODE1) | transfer_epoch3(NODE0) | transfer_epoch3(NODE1) | transfer_epoch4(NODE0) | transfer_epoch4(NODE1) | NODE0 = NODE1","16","-00-0-----0--0------0---0-----000000--","14","455","36","0401020620","0401020620","e0h0l0t0","-00-0-----0-","-0","------0---0-","----000000--","0","4","0","1","0","2","0","6","2","0"
"2254","13","forall NODE1,NODE0. ep_epoch1(NODE0) | ep_epoch2(NODE0) | ep_epoch4(NODE0) | ep_epoch5(NODE0) | held(NODE1) | locked_epoch3(NODE0) | locked_epoch4(NODE1) | transfer_epoch2(NODE0) | transfer_epoch2(NODE1) | transfer_epoch3(NODE0) | transfer_epoch3(NODE1) | transfer_epoch4(NODE0) | transfer_epoch4(NODE1) | NODE0 = NODE1","16","-00-00-------0------0--0------000000--","14","455","36","0401020620","0401020620","e0h0l0t0","-00-00------","-0","------0--0--","----000000--","0","4","0","1","0","2","0","6","2","0"
"2255","13","forall NODE1,NODE0. ep_epoch1(NODE0) | ep_epoch2(NODE0) | ep_epoch4(NODE0) | held(NODE1) | locked_epoch3(NODE0) | locked_epoch4(NODE1) | locked_epoch5(NODE0) | transfer_epoch2(NODE0) | transfer_epoch2(NODE1) | transfer_epoch3(NODE0) | transfer_epoch3(NODE1) | transfer_epoch4(NODE0) | transfer_epoch4(NODE1) | NODE0 = NODE1","16","-00-0--------0------0--00-----000000--","14","452","20","0301030620","0301030620","e0h0l0t0","-00-0-------","-0","------0--00-","----000000--","0","3","0","1","0","3","0","6","2","0"
"2256","13","forall NODE1,NODE0. ep_epoch1(NODE0) | ep_epoch3(NODE0) | ep_epoch3(NODE1) | ep_epoch4(NODE0) | ep_epoch5(NODE0) | held(NODE1) | locked_epoch2(NODE0) | transfer_epoch2(NODE0) | transfer_epoch2(NODE1) | transfer_epoch3(NODE0) | transfer_epoch3(NODE1) | transfer_epoch5(NODE0) | transfer_epoch5(NODE1) | NODE0 = NODE1","16","-0-000---0---0----0-----------0000--00","14","456","28","0501010620","0501010620","e0h0l0t0","-0-000---0--","-0","----0-------","----0000--00","0","5","0","1","0","1","0","6","2","0"
"2257","13","forall NODE1,NODE0. ep_epoch1(NODE0) | ep_epoch3(NODE0) | ep_epoch3(NODE1) | ep_epoch4(NODE0) | held(NODE1) | locked_epoch2(NODE0) | locked_epoch5(NODE0) | transfer_epoch2(NODE0) | transfer_epoch2(NODE1) | transfer_epoch3(NODE0) | transfer_epoch3(NODE1) | transfer_epoch5(NODE0) | transfer_epoch5(NODE1) | NODE0 = NODE1","16","-0-00----0---0----0-----0-----0000--00","14","455","36","0401020620","0401020620","e0h0l0t0","-0-00----0--","-0","----0-----0-","----0000--00","0","4","0","1","0","2","0","6","2","0"
"2258","13","forall NODE1,NODE0. ep_epoch1(NODE0) | ep_epoch3(NODE0) | ep_epoch3(NODE1) | ep_epoch5(NODE0) | held(NODE1) | locked_epoch2(NODE0) | locked_epoch4(NODE0) | transfer_epoch2(NODE0) | transfer_epoch2(NODE1) | transfer_epoch3(NODE0) | transfer_epoch3(NODE1) | transfer_epoch5(NODE0) | transfer_epoch5(NODE1) | NODE0 = NODE1","16","-0-0-0---0---0----0---0-------0000--00","14","455","36","0401020620","0401020620","e0h0l0t0","-0-0-0---0--","-0","----0---0---","----0000--00","0","4","0","1","0","2","0","6","2","0"
"2259","13","forall NODE1,NODE0. ep_epoch1(NODE0) | ep_epoch3(NODE0) | ep_epoch3(NODE1) | held(NODE1) | locked_epoch2(NODE0) | locked_epoch4(NODE0) | locked_epoch5(NODE0) | transfer_epoch2(NODE0) | transfer_epoch2(NODE1) | transfer_epoch3(NODE0) | transfer_epoch3(NODE1) | transfer_epoch5(NODE0) | transfer_epoch5(NODE1) | NODE0 = NODE1","16","-0-0-----0---0----0---0-0-----0000--00","14","452","20","0301030620","0301030620","e0h0l0t0","-0-0-----0--","-0","----0---0-0-","----0000--00","0","3","0","1","0","3","0","6","2","0"
"2260","13","forall NODE1,NODE0. ep_epoch1(NODE0) | ep_epoch3(NODE0) | ep_epoch4(NODE0) | ep_epoch4(NODE1) | ep_epoch5(NODE0) | held(NODE1) | locked_epoch2(NODE0) | transfer_epoch2(NODE0) | transfer_epoch2(NODE1) | transfer_epoch3(NODE0) | transfer_epoch3(NODE1) | transfer_epoch4(NODE0) | transfer_epoch4(NODE1) | NODE0 = NODE1","16","-0-000----0--0----0-----------000000--","14","456","28","0501010620","0501010620","e0h0l0t0","-0-000----0-","-0","----0-------","----000000--","0","5","0","1","0","1","0","6","2","0"
"2261","13","forall NODE1,NODE0. ep_epoch1(NODE0) | ep_epoch3(NODE0) | ep_epoch4(NODE0) | ep_epoch4(NODE1) | held(NODE1) | locked_epoch2(NODE0) | locked_epoch5(NODE0) | transfer_epoch2(NODE0) | transfer_epoch2(NODE1) | transfer_epoch3(NODE0) | transfer_epoch3(NODE1) | transfer_epoch4(NODE0) | transfer_epoch4(NODE1) | NODE0 = NODE1","16","-0-00-----0--0----0-----0-----000000--","14","455","36","0401020620","0401020620","e0h0l0t0","-0-00-----0-","-0","----0-----0-","----000000--","0","4","0","1","0","2","0","6","2","0"
"2262","13","forall NODE1,NODE0. ep_epoch1(NODE0) | ep_epoch3(NODE0) | ep_epoch4(NODE0) | ep_epoch5(NODE0) | held(NODE1) | locked_epoch2(NODE0) | locked_epoch4(NODE1) | transfer_epoch2(NODE0) | transfer_epoch2(NODE1) | transfer_epoch3(NODE0) | transfer_epoch3(NODE1) | transfer_epoch4(NODE0) | transfer_epoch4(NODE1) | NODE0 = NODE1","16","-0-000-------0----0----0------000000--","14","455","36","0401020620","0401020620","e0h0l0t0","-0-000------","-0","----0----0--","----000000--","0","4","0","1","0","2","0","6","2","0"
"2263","13","forall NODE1,NODE0. ep_epoch1(NODE0) | ep_epoch3(NODE0) | ep_epoch4(NODE0) | held(NODE1) | locked_epoch2(NODE0) | locked_epoch4(NODE1) | locked_epoch5(NODE0) | transfer_epoch2(NODE0) | transfer_epoch2(NODE1) | transfer_epoch3(NODE0) | transfer_epoch3(NODE1) | transfer_epoch4(NODE0) | transfer_epoch4(NODE1) | NODE0 = NODE1","16","-0-00--------0----0----00-----000000--","14","452","20","0301030620","0301030620","e0h0l0t0","-0-00-------","-0","----0----00-","----000000--","0","3","0","1","0","3","0","6","2","0"
"2264","13","forall NODE1,NODE0. ep_epoch1(NODE0) | ep_epoch4(NODE0) | ep_epoch4(NODE1) | ep_epoch5(NODE0) | held(NODE1) | locked_epoch2(NODE0) | locked_epoch3(NODE0) | transfer_epoch2(NODE0) | transfer_epoch2(NODE1) | transfer_epoch3(NODE0) | transfer_epoch3(NODE1) | transfer_epoch4(NODE0) | transfer_epoch4(NODE1) | NODE0 = NODE1","16","-0--00----0--0----0-0---------000000--","14","455","36","0401020620","0401020620","e0h0l0t0","-0--00----0-","-0","----0-0-----","----000000--","0","4","0","1","0","2","0","6","2","0"
"2265","13","forall NODE1,NODE0. ep_epoch1(NODE0) | ep_epoch4(NODE0) | ep_epoch4(NODE1) | held(NODE1) | locked_epoch2(NODE0) | locked_epoch3(NODE0) | locked_epoch5(NODE0) | transfer_epoch2(NODE0) | transfer_epoch2(NODE1) | transfer_epoch3(NODE0) | transfer_epoch3(NODE1) | transfer_epoch4(NODE0) | transfer_epoch4(NODE1) | NODE0 = NODE1","16","-0--0-----0--0----0-0---0-----000000--","14","452","20","0301030620","0301030620","e0h0l0t0","-0--0-----0-","-0","----0-0---0-","----000000--","0","3","0","1","0","3","0","6","2","0"
"2266","13","forall NODE1,NODE0. ep_epoch1(NODE0) | ep_epoch4(NODE0) | ep_epoch5(NODE0) | held(NODE1) | locked_epoch2(NODE0) | locked_epoch3(NODE0) | locked_epoch4(NODE1) | transfer_epoch2(NODE0) | transfer_epoch2(NODE1) | transfer_epoch3(NODE0) | transfer_epoch3(NODE1) | transfer_epoch4(NODE0) | transfer_epoch4(NODE1) | NODE0 = NODE1","16","-0--00-------0----0-0--0------000000--","14","452","20","0301030620","0301030620","e0h0l0t0","-0--00------","-0","----0-0--0--","----000000--","0","3","0","1","0","3","0","6","2","0"
"2267","13","forall NODE1,NODE0. ep_epoch1(NODE0) | ep_epoch4(NODE0) | held(NODE1) | locked_epoch2(NODE0) | locked_epoch3(NODE0) | locked_epoch4(NODE1) | locked_epoch5(NODE0) | transfer_epoch2(NODE0) | transfer_epoch2(NODE1) | transfer_epoch3(NODE0) | transfer_epoch3(NODE1) | transfer_epoch4(NODE0) | transfer_epoch4(NODE1) | NODE0 = NODE1","16","-0--0--------0----0-0--00-----000000--","14","447","4","0201040620","0201040620","e0h0l0t0","-0--0-------","-0","----0-0--00-","----000000--","0","2","0","1","0","4","0","6","2","0"
"2268","14","forall NODE1,NODE0. ep_epoch0(NODE0) | ep_epoch2(NODE1) | ep_epoch3(NODE1) | ep_epoch4(NODE1) | ep_epoch5(NODE1) | held(NODE0) | transfer_epoch2(NODE0) | transfer_epoch2(NODE1) | transfer_epoch3(NODE0) | transfer_epoch3(NODE1) | transfer_epoch4(NODE0) | transfer_epoch4(NODE1) | transfer_epoch5(NODE0) | transfer_epoch5(NODE1) | NODE0 = NODE1","17","0-------00000-----------------00000000","15","476","2","0501000820","0501000820","e0h0t0","0-------0000","0-","------------","----00000000","0","5","0","1","0","0","0","8","2","0"
"2269","14","forall NODE1,NODE0. ep_epoch0(NODE0) | ep_epoch2(NODE1) | ep_epoch3(NODE1) | ep_epoch4(NODE1) | held(NODE0) | locked_epoch5(NODE1) | transfer_epoch2(NODE0) | transfer_epoch2(NODE1) | transfer_epoch3(NODE0) | transfer_epoch3(NODE1) | transfer_epoch4(NODE0) | transfer_epoch4(NODE1) | transfer_epoch5(NODE0) | transfer_epoch5(NODE1) | NODE0 = NODE1","17","0-------000-0------------0----00000000","15","468","8","0401010820","0401010820","e0h0l0t0","0-------000-","0-","-----------0","----00000000","0","4","0","1","0","1","0","8","2","0"
"2270","14","forall NODE1,NODE0. ep_epoch0(NODE0) | ep_epoch2(NODE1) | ep_epoch3(NODE1) | ep_epoch5(NODE1) | held(NODE0) | locked_epoch4(NODE1) | transfer_epoch2(NODE0) | transfer_epoch2(NODE1) | transfer_epoch3(NODE0) | transfer_epoch3(NODE1) | transfer_epoch4(NODE0) | transfer_epoch4(NODE1) | transfer_epoch5(NODE0) | transfer_epoch5(NODE1) | NODE0 = NODE1","17","0-------00-00----------0------00000000","15","468","8","0401010820","0401010820","e0h0l0t0","0-------00-0","0-","---------0--","----00000000","0","4","0","1","0","1","0","8","2","0"
"2271","14","forall NODE1,NODE0. ep_epoch0(NODE0) | ep_epoch2(NODE1) | ep_epoch3(NODE1) | held(NODE0) | locked_epoch4(NODE1) | locked_epoch5(NODE1) | transfer_epoch2(NODE0) | transfer_epoch2(NODE1) | transfer_epoch3(NODE0) | transfer_epoch3(NODE1) | transfer_epoch4(NODE0) | transfer_epoch4(NODE1) | transfer_epoch5(NODE0) | transfer_epoch5(NODE1) | NODE0 = NODE1","17","0-------00--0----------0-0----00000000","15","460","12","0301020820","0301020820","e0h0l0t0","0-------00--","0-","---------0-0","----00000000","0","3","0","1","0","2","0","8","2","0"
"2272","14","forall NODE1,NODE0. ep_epoch0(NODE0) | ep_epoch2(NODE1) | ep_epoch4(NODE1) | ep_epoch5(NODE1) | held(NODE0) | locked_epoch3(NODE1) | transfer_epoch2(NODE0) | transfer_epoch2(NODE1) | transfer_epoch3(NODE0) | transfer_epoch3(NODE1) | transfer_epoch4(NODE0) | transfer_epoch4(NODE1) | transfer_epoch5(NODE0) | transfer_epoch5(NODE1) | NODE0 = NODE1","17","0-------0-000--------0--------00000000","15","468","8","0401010820","0401010820","e0h0l0t0","0-------0-00","0-","-------0----","----00000000","0","4","0","1","0","1","0","8","2","0"
"2273","14","forall NODE1,NODE0. ep_epoch0(NODE0) | ep_epoch2(NODE1) | ep_epoch4(NODE1) | held(NODE0) | locked_epoch3(NODE1) | locked_epoch5(NODE1) | transfer_epoch2(NODE0) | transfer_epoch2(NODE1) | transfer_epoch3(NODE0) | transfer_epoch3(NODE1) | transfer_epoch4(NODE0) | transfer_epoch4(NODE1) | transfer_epoch5(NODE0) | transfer_epoch5(NODE1) | NODE0 = NODE1","17","0-------0-0-0--------0---0----00000000","15","460","12","0301020820","0301020820","e0h0l0t0","0-------0-0-","0-","-------0---0","----00000000","0","3","0","1","0","2","0","8","2","0"
"2274","14","forall NODE1,NODE0. ep_epoch0(NODE0) | ep_epoch2(NODE1) | ep_epoch5(NODE1) | held(NODE0) | locked_epoch3(NODE1) | locked_epoch4(NODE1) | transfer_epoch2(NODE0) | transfer_epoch2(NODE1) | transfer_epoch3(NODE0) | transfer_epoch3(NODE1) | transfer_epoch4(NODE0) | transfer_epoch4(NODE1) | transfer_epoch5(NODE0) | transfer_epoch5(NODE1) | NODE0 = NODE1","17","0-------0--00--------0-0------00000000","15","460","12","0301020820","0301020820","e0h0l0t0","0-------0--0","0-","-------0-0--","----00000000","0","3","0","1","0","2","0","8","2","0"
"2275","14","forall NODE1,NODE0. ep_epoch0(NODE0) | ep_epoch2(NODE1) | held(NODE0) | locked_epoch3(NODE1) | locked_epoch4(NODE1) | locked_epoch5(NODE1) | transfer_epoch2(NODE0) | transfer_epoch2(NODE1) | transfer_epoch3(NODE0) | transfer_epoch3(NODE1) | transfer_epoch4(NODE0) | transfer_epoch4(NODE1) | transfer_epoch5(NODE0) | transfer_epoch5(NODE1) | NODE0 = NODE1","17","0-------0---0--------0-0-0----00000000","15","459","8","0201030820","0201030820","e0h0l0t0","0-------0---","0-","-------0-0-0","----00000000","0","2","0","1","0","3","0","8","2","0"
"2276","14","forall NODE1,NODE0. ep_epoch0(NODE0) | ep_epoch3(NODE1) | ep_epoch4(NODE1) | ep_epoch5(NODE1) | held(NODE0) | locked_epoch2(NODE1) | transfer_epoch2(NODE0) | transfer_epoch2(NODE1) | transfer_epoch3(NODE0) | transfer_epoch3(NODE1) | transfer_epoch4(NODE0) | transfer_epoch4(NODE1) | transfer_epoch5(NODE0) | transfer_epoch5(NODE1) | NODE0 = NODE1","17","0--------0000------0----------00000000","15","468","8","0401010820","0401010820","e0h0l0t0","0--------000","0-","-----0------","----00000000","0","4","0","1","0","1","0","8","2","0"
"2277","14","forall NODE1,NODE0. ep_epoch0(NODE0) | ep_epoch3(NODE1) | ep_epoch4(NODE1) | held(NODE0) | locked_epoch2(NODE1) | locked_epoch5(NODE1) | transfer_epoch2(NODE0) | transfer_epoch2(NODE1) | transfer_epoch3(NODE0) | transfer_epoch3(NODE1) | transfer_epoch4(NODE0) | transfer_epoch4(NODE1) | transfer_epoch5(NODE0) | transfer_epoch5(NODE1) | NODE0 = NODE1","17","0--------00-0------0-----0----00000000","15","460","12","0301020820","0301020820","e0h0l0t0","0--------00-","0-","-----0-----0","----00000000","0","3","0","1","0","2","0","8","2","0"
"2278","14","forall NODE1,NODE0. ep_epoch0(NODE0) | ep_epoch3(NODE1) | ep_epoch5(NODE1) | held(NODE0) | locked_epoch2(NODE1) | locked_epoch4(NODE1) | transfer_epoch2(NODE0) | transfer_epoch2(NODE1) | transfer_epoch3(NODE0) | transfer_epoch3(NODE1) | transfer_epoch4(NODE0) | transfer_epoch4(NODE1) | transfer_epoch5(NODE0) | transfer_epoch5(NODE1) | NODE0 = NODE1","17","0--------0-00------0---0------00000000","15","460","12","0301020820","0301020820","e0h0l0t0","0--------0-0","0-","-----0---0--","----00000000","0","3","0","1","0","2","0","8","2","0"
"2279","14","forall NODE1,NODE0. ep_epoch0(NODE0) | ep_epoch3(NODE1) | held(NODE0) | locked_epoch2(NODE1) | locked_epoch4(NODE1) | locked_epoch5(NODE1) | transfer_epoch2(NODE0) | transfer_epoch2(NODE1) | transfer_epoch3(NODE0) | transfer_epoch3(NODE1) | transfer_epoch4(NODE0) | transfer_epoch4(NODE1) | transfer_epoch5(NODE0) | transfer_epoch5(NODE1) | NODE0 = NODE1","17","0--------0--0------0---0-0----00000000","15","459","8","0201030820","0201030820","e0h0l0t0","0--------0--","0-","-----0---0-0","----00000000","0","2","0","1","0","3","0","8","2","0"
"2280","14","forall NODE1,NODE0. ep_epoch0(NODE0) | ep_epoch4(NODE1) | ep_epoch5(NODE1) | held(NODE0) | locked_epoch2(NODE1) | locked_epoch3(NODE1) | transfer_epoch2(NODE0) | transfer_epoch2(NODE1) | transfer_epoch3(NODE0) | transfer_epoch3(NODE1) | transfer_epoch4(NODE0) | transfer_epoch4(NODE1) | transfer_epoch5(NODE0) | transfer_epoch5(NODE1) | NODE0 = NODE1","17","0---------000------0-0--------00000000","15","460","12","0301020820","0301020820","e0h0l0t0","0---------00","0-","-----0-0----","----00000000","0","3","0","1","0","2","0","8","2","0"
"2281","14","forall NODE1,NODE0. ep_epoch0(NODE0) | ep_epoch4(NODE1) | held(NODE0) | locked_epoch2(NODE1) | locked_epoch3(NODE1) | locked_epoch5(NODE1) | transfer_epoch2(NODE0) | transfer_epoch2(NODE1) | transfer_epoch3(NODE0) | transfer_epoch3(NODE1) | transfer_epoch4(NODE0) | transfer_epoch4(NODE1) | transfer_epoch5(NODE0) | transfer_epoch5(NODE1) | NODE0 = NODE1","17","0---------0-0------0-0---0----00000000","15","459","8","0201030820","0201030820","e0h0l0t0","0---------0-","0-","-----0-0---0","----00000000","0","2","0","1","0","3","0","8","2","0"
"2282","14","forall NODE1,NODE0. ep_epoch0(NODE0) | ep_epoch5(NODE1) | held(NODE0) | locked_epoch2(NODE1) | locked_epoch3(NODE1) | locked_epoch4(NODE1) | transfer_epoch2(NODE0) | transfer_epoch2(NODE1) | transfer_epoch3(NODE0) | transfer_epoch3(NODE1) | transfer_epoch4(NODE0) | transfer_epoch4(NODE1) | transfer_epoch5(NODE0) | transfer_epoch5(NODE1) | NODE0 = NODE1","17","0----------00------0-0-0------00000000","15","459","8","0201030820","0201030820","e0h0l0t0","0----------0","0-","-----0-0-0--","----00000000","0","2","0","1","0","3","0","8","2","0"
"2283","14","forall NODE1,NODE0. ep_epoch0(NODE0) | held(NODE0) | locked_epoch2(NODE1) | locked_epoch3(NODE1) | locked_epoch4(NODE1) | locked_epoch5(NODE1) | transfer_epoch2(NODE0) | transfer_epoch2(NODE1) | transfer_epoch3(NODE0) | transfer_epoch3(NODE1) | transfer_epoch4(NODE0) | transfer_epoch4(NODE1) | transfer_epoch5(NODE0) | transfer_epoch5(NODE1) | NODE0 = NODE1","17","0-----------0------0-0-0-0----00000000","15","458","2","0101040820","0101040820","e0h0l0t0","0-----------","0-","-----0-0-0-0","----00000000","0","1","0","1","0","4","0","8","2","0"
"2284","14","forall NODE1,NODE0. ep_epoch1(NODE0) | ep_epoch2(NODE0) | ep_epoch3(NODE0) | ep_epoch4(NODE0) | ep_epoch5(NODE0) | held(NODE1) | transfer_epoch2(NODE0) | transfer_epoch2(NODE1) | transfer_epoch3(NODE0) | transfer_epoch3(NODE1) | transfer_epoch4(NODE0) | transfer_epoch4(NODE1) | transfer_epoch5(NODE0) | transfer_epoch5(NODE1) | NODE0 = NODE1","17","-00000-------0----------------00000000","15","476","2","0501000820","0501000820","e0h0t0","-00000------","-0","------------","----00000000","0","5","0","1","0","0","0","8","2","0"
"2285","14","forall NODE1,NODE0. ep_epoch1(NODE0) | ep_epoch2(NODE0) | ep_epoch3(NODE0) | ep_epoch4(NODE0) | held(NODE1) | locked_epoch5(NODE0) | transfer_epoch2(NODE0) | transfer_epoch2(NODE1) | transfer_epoch3(NODE0) | transfer_epoch3(NODE1) | transfer_epoch4(NODE0) | transfer_epoch4(NODE1) | transfer_epoch5(NODE0) | transfer_epoch5(NODE1) | NODE0 = NODE1","17","-0000--------0----------0-----00000000","15","468","8","0401010820","0401010820","e0h0l0t0","-0000-------","-0","----------0-","----00000000","0","4","0","1","0","1","0","8","2","0"
"2286","14","forall NODE1,NODE0. ep_epoch1(NODE0) | ep_epoch2(NODE0) | ep_epoch3(NODE0) | ep_epoch5(NODE0) | held(NODE1) | locked_epoch4(NODE0) | transfer_epoch2(NODE0) | transfer_epoch2(NODE1) | transfer_epoch3(NODE0) | transfer_epoch3(NODE1) | transfer_epoch4(NODE0) | transfer_epoch4(NODE1) | transfer_epoch5(NODE0) | transfer_epoch5(NODE1) | NODE0 = NODE1","17","-000-0-------0--------0-------00000000","15","468","8","0401010820","0401010820","e0h0l0t0","-000-0------","-0","--------0---","----00000000","0","4","0","1","0","1","0","8","2","0"
"2287","14","forall NODE1,NODE0. ep_epoch1(NODE0) | ep_epoch2(NODE0) | ep_epoch3(NODE0) | held(NODE1) | locked_epoch4(NODE0) | locked_epoch5(NODE0) | transfer_epoch2(NODE0) | transfer_epoch2(NODE1) | transfer_epoch3(NODE0) | transfer_epoch3(NODE1) | transfer_epoch4(NODE0) | transfer_epoch4(NODE1) | transfer_epoch5(NODE0) | transfer_epoch5(NODE1) | NODE0 = NODE1","17","-000---------0--------0-0-----00000000","15","460","12","0301020820","0301020820","e0h0l0t0","-000--------","-0","--------0-0-","----00000000","0","3","0","1","0","2","0","8","2","0"
"2288","14","forall NODE1,NODE0. ep_epoch1(NODE0) | ep_epoch2(NODE0) | ep_epoch4(NODE0) | ep_epoch5(NODE0) | held(NODE1) | locked_epoch3(NODE0) | transfer_epoch2(NODE0) | transfer_epoch2(NODE1) | transfer_epoch3(NODE0) | transfer_epoch3(NODE1) | transfer_epoch4(NODE0) | transfer_epoch4(NODE1) | transfer_epoch5(NODE0) | transfer_epoch5(NODE1) | NODE0 = NODE1","17","-00-00-------0------0---------00000000","15","468","8","0401010820","0401010820","e0h0l0t0","-00-00------","-0","------0-----","----00000000","0","4","0","1","0","1","0","8","2","0"
"2289","14","forall NODE1,NODE0. ep_epoch1(NODE0) | ep_epoch2(NODE0) | ep_epoch4(NODE0) | held(NODE1) | locked_epoch3(NODE0) | locked_epoch5(NODE0) | transfer_epoch2(NODE0) | transfer_epoch2(NODE1) | transfer_epoch3(NODE0) | transfer_epoch3(NODE1) | transfer_epoch4(NODE0) | transfer_epoch4(NODE1) | transfer_epoch5(NODE0) | transfer_epoch5(NODE1) | NODE0 = NODE1","17","-00-0--------0------0---0-----00000000","15","460","12","0301020820","0301020820","e0h0l0t0","-00-0-------","-0","------0---0-","----00000000","0","3","0","1","0","2","0","8","2","0"
"2290","14","forall NODE1,NODE0. ep_epoch1(NODE0) | ep_epoch2(NODE0) | ep_epoch5(NODE0) | held(NODE1) | locked_epoch3(NODE0) | locked_epoch4(NODE0) | transfer_epoch2(NODE0) | transfer_epoch2(NODE1) | transfer_epoch3(NODE0) | transfer_epoch3(NODE1) | transfer_epoch4(NODE0) | transfer_epoch4(NODE1) | transfer_epoch5(NODE0) | transfer_epoch5(NODE1) | NODE0 = NODE1","17","-00--0-------0------0-0-------00000000","15","460","12","0301020820","0301020820","e0h0l0t0","-00--0------","-0","------0-0---","----00000000","0","3","0","1","0","2","0","8","2","0"
"2291","14","forall NODE1,NODE0. ep_epoch1(NODE0) | ep_epoch2(NODE0) | held(NODE1) | locked_epoch3(NODE0) | locked_epoch4(NODE0) | locked_epoch5(NODE0) | transfer_epoch2(NODE0) | transfer_epoch2(NODE1) | transfer_epoch3(NODE0) | transfer_epoch3(NODE1) | transfer_epoch4(NODE0) | transfer_epoch4(NODE1) | transfer_epoch5(NODE0) | transfer_epoch5(NODE1) | NODE0 = NODE1","17","-00----------0------0-0-0-----00000000","15","459","8","0201030820","0201030820","e0h0l0t0","-00---------","-0","------0-0-0-","----00000000","0","2","0","1","0","3","0","8","2","0"
"2292","14","forall NODE1,NODE0. ep_epoch1(NODE0) | ep_epoch3(NODE0) | ep_epoch4(NODE0) | ep_epoch5(NODE0) | held(NODE1) | locked_epoch2(NODE0) | transfer_epoch2(NODE0) | transfer_epoch2(NODE1) | transfer_epoch3(NODE0) | transfer_epoch3(NODE1) | transfer_epoch4(NODE0) | transfer_epoch4(NODE1) | transfer_epoch5(NODE0) | transfer_epoch5(NODE1) | NODE0 = NODE1","17","-0-000-------0----0-----------00000000","15","468","8","0401010820","0401010820","e0h0l0t0","-0-000------","-0","----0-------","----00000000","0","4","0","1","0","1","0","8","2","0"
"2293","14","forall NODE1,NODE0. ep_epoch1(NODE0) | ep_epoch3(NODE0) | ep_epoch4(NODE0) | held(NODE1) | locked_epoch2(NODE0) | locked_epoch5(NODE0) | transfer_epoch2(NODE0) | transfer_epoch2(NODE1) | transfer_epoch3(NODE0) | transfer_epoch3(NODE1) | transfer_epoch4(NODE0) | transfer_epoch4(NODE1) | transfer_epoch5(NODE0) | transfer_epoch5(NODE1) | NODE0 = NODE1","17","-0-00--------0----0-----0-----00000000","15","460","12","0301020820","0301020820","e0h0l0t0","-0-00-------","-0","----0-----0-","----00000000","0","3","0","1","0","2","0","8","2","0"
"2294","14","forall NODE1,NODE0. ep_epoch1(NODE0) | ep_epoch3(NODE0) | ep_epoch5(NODE0) | held(NODE1) | locked_epoch2(NODE0) | locked_epoch4(NODE0) | transfer_epoch2(NODE0) | transfer_epoch2(NODE1) | transfer_epoch3(NODE0) | transfer_epoch3(NODE1) | transfer_epoch4(NODE0) | transfer_epoch4(NODE1) | transfer_epoch5(NODE0) | transfer_epoch5(NODE1) | NODE0 = NODE1","17","-0-0-0-------0----0---0-------00000000","15","460","12","0301020820","0301020820","e0h0l0t0","-0-0-0------","-0","----0---0---","----00000000","0","3","0","1","0","2","0","8","2","0"
"2295","14","forall NODE1,NODE0. ep_epoch1(NODE0) | ep_epoch3(NODE0) | held(NODE1) | locked_epoch2(NODE0) | locked_epoch4(NODE0) | locked_epoch5(NODE0) | transfer_epoch2(NODE0) | transfer_epoch2(NODE1) | transfer_epoch3(NODE0) | transfer_epoch3(NODE1) | transfer_epoch4(NODE0) | transfer_epoch4(NODE1) | transfer_epoch5(NODE0) | transfer_epoch5(NODE1) | NODE0 = NODE1","17","-0-0---------0----0---0-0-----00000000","15","459","8","0201030820","0201030820","e0h0l0t0","-0-0--------","-0","----0---0-0-","----00000000","0","2","0","1","0","3","0","8","2","0"
"2296","14","forall NODE1,NODE0. ep_epoch1(NODE0) | ep_epoch4(NODE0) | ep_epoch5(NODE0) | held(NODE1) | locked_epoch2(NODE0) | locked_epoch3(NODE0) | transfer_epoch2(NODE0) | transfer_epoch2(NODE1) | transfer_epoch3(NODE0) | transfer_epoch3(NODE1) | transfer_epoch4(NODE0) | transfer_epoch4(NODE1) | transfer_epoch5(NODE0) | transfer_epoch5(NODE1) | NODE0 = NODE1","17","-0--00-------0----0-0---------00000000","15","460","12","0301020820","0301020820","e0h0l0t0","-0--00------","-0","----0-0-----","----00000000","0","3","0","1","0","2","0","8","2","0"
"2297","14","forall NODE1,NODE0. ep_epoch1(NODE0) | ep_epoch4(NODE0) | held(NODE1) | locked_epoch2(NODE0) | locked_epoch3(NODE0) | locked_epoch5(NODE0) | transfer_epoch2(NODE0) | transfer_epoch2(NODE1) | transfer_epoch3(NODE0) | transfer_epoch3(NODE1) | transfer_epoch4(NODE0) | transfer_epoch4(NODE1) | transfer_epoch5(NODE0) | transfer_epoch5(NODE1) | NODE0 = NODE1","17","-0--0--------0----0-0---0-----00000000","15","459","8","0201030820","0201030820","e0h0l0t0","-0--0-------","-0","----0-0---0-","----00000000","0","2","0","1","0","3","0","8","2","0"
"2298","14","forall NODE1,NODE0. ep_epoch1(NODE0) | ep_epoch5(NODE0) | held(NODE1) | locked_epoch2(NODE0) | locked_epoch3(NODE0) | locked_epoch4(NODE0) | transfer_epoch2(NODE0) | transfer_epoch2(NODE1) | transfer_epoch3(NODE0) | transfer_epoch3(NODE1) | transfer_epoch4(NODE0) | transfer_epoch4(NODE1) | transfer_epoch5(NODE0) | transfer_epoch5(NODE1) | NODE0 = NODE1","17","-0---0-------0----0-0-0-------00000000","15","459","8","0201030820","0201030820","e0h0l0t0","-0---0------","-0","----0-0-0---","----00000000","0","2","0","1","0","3","0","8","2","0"
"2299","14","forall NODE1,NODE0. ep_epoch1(NODE0) | held(NODE1) | locked_epoch2(NODE0) | locked_epoch3(NODE0) | locked_epoch4(NODE0) | locked_epoch5(NODE0) | transfer_epoch2(NODE0) | transfer_epoch2(NODE1) | transfer_epoch3(NODE0) | transfer_epoch3(NODE1) | transfer_epoch4(NODE0) | transfer_epoch4(NODE1) | transfer_epoch5(NODE0) | transfer_epoch5(NODE1) | NODE0 = NODE1","17","-0-----------0----0-0-0-0-----00000000","15","458","2","0101040820","0101040820","e0h0l0t0","-0----------","-0","----0-0-0-0-","----00000000","0","1","0","1","0","4","0","8","2","0"
