
******************************************************************

	[QRM]: ivybench/total/ivy/distributed_lock.ivy

******************************************************************


************************************************************************************************

	[Synthesize Rmin]: [ivybench/total/ivy/distributed_lock.ivy: node=2,epoch=4]

************************************************************************************************

python3 qrm.py ivybench/total/ivy/distributed_lock.ivy -s node=2,epoch=4 -f 1 -g -w -v 4 -l test.log -y -a -k

epoch


======================================================================================================

	[FW]: Forward Reachability on [ivybench/total/ivy/distributed_lock.ivy: node=2,epoch=4]

======================================================================================================


==============================================

	Set up for forward reachability

==============================================

[FW NOTE]: number of state atoms: 26

[FW NOTE]: number of interpreted atoms (e.g. member,le): 30

[FW NOTE]: symmetric group order: 48

[FW NOTE]: number of branching actions: 24

ivy_to_cpp target=qrm distributed_lock.node_2_epoch_4.finite.ivy

[IVY_TO_CPP RESULT]: OK

swig -c++ -python -o distributed_lock.node_2_epoch_4.finite_wrap.cpp ivy_exec.i

[SWIG RESULT]: OK

g++ -std=c++11 -fpic -pthread -O3 distributed_lock.node_2_epoch_4.finite.cpp distributed_lock.node_2_epoch_4.finite_wrap.cpp -I/usr/include/python3.12 -c

[G++ RESULT]: OK

g++ -shared distributed_lock.node_2_epoch_4.finite.o distributed_lock.node_2_epoch_4.finite_wrap.o -o _ivy_exec.so -lm -lstdc++

[LINK RESULT]: OK

[QRM NOTE]: Time elapsed since start: 6.860 seconds

[QRM NOTE]: Time elapsed since last: 6.860 seconds

[QRM NOTE]: Peak memory: 878113 bytes


===================================

	Forward reachability

===================================

[FW NOTE]: dfs max depth: 4

[FW NOTE]: number of total reachable states:        34

[FW NOTE]: number of dfs representative states:     17

[FW NOTE]: number of dfs non-representative states: 17


=============================================================================================================

	[FW RESULT]: Forward Reachability on [ivybench/total/ivy/distributed_lock.ivy: node=2,epoch=4]

=============================================================================================================

sort: node=['node0', 'node1']
sort: epoch=['epoch0', 'epoch1', 'epoch2', 'epoch3']
predicate: ep=('node', 'epoch')
predicate: first=('node',)
predicate: locked('epoch', 'node')
predicate: zero=('epoch',)
predicate: max=('epoch',)
predicate: firste=('epoch',)
predicate: held('node',)
predicate: transfer('epoch', 'node')
predicate: le('epoch', 'epoch')
interpreted atoms: {'(first=node0)': '1', '(first=node1)': '0', '(firste=epoch0)': '0', '(firste=epoch1)': '1', '(firste=epoch2)': '0', '(firste=epoch3)': '0', 'le(epoch0,epoch0)': '1', 'le(epoch0,epoch1)': '1', 'le(epoch0,epoch2)': '1', 'le(epoch0,epoch3)': '1', 'le(epoch1,epoch0)': '0', 'le(epoch1,epoch1)': '1', 'le(epoch1,epoch2)': '1', 'le(epoch1,epoch3)': '1', 'le(epoch2,epoch0)': '0', 'le(epoch2,epoch1)': '0', 'le(epoch2,epoch2)': '1', 'le(epoch2,epoch3)': '1', 'le(epoch3,epoch0)': '0', 'le(epoch3,epoch1)': '0', 'le(epoch3,epoch2)': '0', 'le(epoch3,epoch3)': '1', '(max=epoch0)': '0', '(max=epoch1)': '0', '(max=epoch2)': '0', '(max=epoch3)': '1', '(zero=epoch0)': '1', '(zero=epoch1)': '0', '(zero=epoch2)': '0', '(zero=epoch3)': '0'}
state atoms: ['(ep(node0)=epoch0)', '(ep(node0)=epoch1)', '(ep(node0)=epoch2)', '(ep(node0)=epoch3)', '(ep(node1)=epoch0)', '(ep(node1)=epoch1)', '(ep(node1)=epoch2)', '(ep(node1)=epoch3)', 'held(node0)', 'held(node1)', 'locked(epoch0,node0)', 'locked(epoch0,node1)', 'locked(epoch1,node0)', 'locked(epoch1,node1)', 'locked(epoch2,node0)', 'locked(epoch2,node1)', 'locked(epoch3,node0)', 'locked(epoch3,node1)', 'transfer(epoch0,node0)', 'transfer(epoch0,node1)', 'transfer(epoch1,node0)', 'transfer(epoch1,node1)', 'transfer(epoch2,node0)', 'transfer(epoch2,node1)', 'transfer(epoch3,node0)', 'transfer(epoch3,node1)']
representative states : 20415732524724504, 20275003626303768, 11410732293239064, 11269996952367384, 6907682421682456, 11269995878625560, 5213335003279640, 20274997183852824, 6905483398426904, 20274999331336472, 10280434339885336, 10139697925271832, 5217733049790744, 10139698999013656, 5777384468328728, 20274996110111000, 5775185445073176


=== State Orbit 0 =====================
size : 2
repr state: 01001000100010000000000000
lex min decimal: 0x48880024f73118
states:
01001000100010000000000000
10000100010001000000000000

hex states:
0x1222000
0x2111000

State 0:
ep(node0): epoch1
ep(node1): epoch0
held(node0): 1
locked(epoch1,node0): 1

State 1:
ep(node0): epoch0
ep(node1): epoch1
held(node1): 1
locked(epoch1,node1): 1




=== State Orbit 1 =====================
size : 2
repr state: 01001000000010000000001000
lex min decimal: 0x48080224f73118
states:
01001000000010000000001000
10000100000001000000000100

hex states:
0x1202008
0x2101004

State 0:
ep(node0): epoch1
ep(node1): epoch0
locked(epoch1,node0): 1
transfer(epoch2,node0): 1

State 1:
ep(node0): epoch0
ep(node1): epoch1
locked(epoch1,node1): 1
transfer(epoch2,node1): 1




=== State Orbit 2 =====================
size : 2
repr state: 00101000100010100000000000
lex min decimal: 0x288a0024f73118
states:
00101000100010100000000000
10000010010001010000000000

hex states:
0xa22800
0x2091400

State 0:
ep(node0): epoch2
ep(node1): epoch0
held(node0): 1
locked(epoch1,node0): 1
locked(epoch2,node0): 1

State 1:
ep(node0): epoch0
ep(node1): epoch2
held(node1): 1
locked(epoch1,node1): 1
locked(epoch2,node1): 1




=== State Orbit 3 =====================
size : 2
repr state: 00101000000010100000000010
lex min decimal: 0x280a00a4f73118
states:
00101000000010100000000010
10000010000001010000000001

hex states:
0xa02802
0x2081401

State 0:
ep(node0): epoch2
ep(node1): epoch0
locked(epoch1,node0): 1
locked(epoch2,node0): 1
transfer(epoch3,node0): 1

State 1:
ep(node0): epoch0
ep(node1): epoch2
locked(epoch1,node1): 1
locked(epoch2,node1): 1
transfer(epoch3,node1): 1




=== State Orbit 4 =====================
size : 2
repr state: 00011000100010101000000000
lex min decimal: 0x188a8024f73118
states:
00011000100010101000000000
10000001010001010100000000

hex states:
0x622a00
0x2051500

State 0:
ep(node0): epoch3
ep(node1): epoch0
held(node0): 1
locked(epoch1,node0): 1
locked(epoch2,node0): 1
locked(epoch3,node0): 1

State 1:
ep(node0): epoch0
ep(node1): epoch3
held(node1): 1
locked(epoch1,node1): 1
locked(epoch2,node1): 1
locked(epoch3,node1): 1




=== State Orbit 5 =====================
size : 2
repr state: 00101000000010100000000001
lex min decimal: 0x280a0064f73118
states:
00101000000010100000000001
10000010000001010000000010

hex states:
0xa02801
0x2081402

State 0:
ep(node0): epoch2
ep(node1): epoch0
locked(epoch1,node0): 1
locked(epoch2,node0): 1
transfer(epoch3,node1): 1

State 1:
ep(node0): epoch0
ep(node1): epoch2
locked(epoch1,node1): 1
locked(epoch2,node1): 1
transfer(epoch3,node0): 1




=== State Orbit 6 =====================
size : 2
repr state: 00100001010010100100000000
lex min decimal: 0x12858024f73118
states:
00100001010010100100000000
00010010100001011000000000

hex states:
0x852900
0x4a1600

State 0:
ep(node0): epoch2
ep(node1): epoch3
held(node1): 1
locked(epoch1,node0): 1
locked(epoch2,node0): 1
locked(epoch3,node1): 1

State 1:
ep(node0): epoch3
ep(node1): epoch2
held(node0): 1
locked(epoch1,node1): 1
locked(epoch2,node1): 1
locked(epoch3,node0): 1




=== State Orbit 7 =====================
size : 2
repr state: 01001000000010000000000010
lex min decimal: 0x480800a4f73118
states:
01001000000010000000000010
10000100000001000000000001

hex states:
0x1202002
0x2101001

State 0:
ep(node0): epoch1
ep(node1): epoch0
locked(epoch1,node0): 1
transfer(epoch3,node0): 1

State 1:
ep(node0): epoch0
ep(node1): epoch1
locked(epoch1,node1): 1
transfer(epoch3,node1): 1




=== State Orbit 8 =====================
size : 2
repr state: 00011000100010001000000000
lex min decimal: 0x18888024f73118
states:
00011000100010001000000000
10000001010001000100000000

hex states:
0x622200
0x2051100

State 0:
ep(node0): epoch3
ep(node1): epoch0
held(node0): 1
locked(epoch1,node0): 1
locked(epoch3,node0): 1

State 1:
ep(node0): epoch0
ep(node1): epoch3
held(node1): 1
locked(epoch1,node1): 1
locked(epoch3,node1): 1




=== State Orbit 9 =====================
size : 2
repr state: 01001000000010000000000100
lex min decimal: 0x48080124f73118
states:
01001000000010000000000100
10000100000001000000001000

hex states:
0x1202004
0x2101008

State 0:
ep(node0): epoch1
ep(node1): epoch0
locked(epoch1,node0): 1
transfer(epoch2,node1): 1

State 1:
ep(node0): epoch0
ep(node1): epoch1
locked(epoch1,node1): 1
transfer(epoch2,node0): 1




=== State Orbit 10 =====================
size : 2
repr state: 01000010010010010000000000
lex min decimal: 0x24860024f73118
states:
01000010010010010000000000
00100100100001100000000000

hex states:
0x1092400
0x921800

State 0:
ep(node0): epoch1
ep(node1): epoch2
held(node1): 1
locked(epoch1,node0): 1
locked(epoch2,node1): 1

State 1:
ep(node0): epoch2
ep(node1): epoch1
held(node0): 1
locked(epoch1,node1): 1
locked(epoch2,node0): 1




=== State Orbit 11 =====================
size : 2
repr state: 01000010000010010000000010
lex min decimal: 0x24060064f73118
states:
01000010000010010000000010
00100100000001100000000001

hex states:
0x1082402
0x901801

State 0:
ep(node0): epoch1
ep(node1): epoch2
locked(epoch1,node0): 1
locked(epoch2,node1): 1
transfer(epoch3,node0): 1

State 1:
ep(node0): epoch2
ep(node1): epoch1
locked(epoch1,node1): 1
locked(epoch2,node0): 1
transfer(epoch3,node1): 1




=== State Orbit 12 =====================
size : 2
repr state: 00010010100010011000000000
lex min decimal: 0x12898024f73118
states:
00010010100010011000000000
00100001010001100100000000

hex states:
0x4a2600
0x851900

State 0:
ep(node0): epoch3
ep(node1): epoch2
held(node0): 1
locked(epoch1,node0): 1
locked(epoch2,node1): 1
locked(epoch3,node0): 1

State 1:
ep(node0): epoch2
ep(node1): epoch3
held(node1): 1
locked(epoch1,node1): 1
locked(epoch2,node0): 1
locked(epoch3,node1): 1




=== State Orbit 13 =====================
size : 2
repr state: 01000010000010010000000001
lex min decimal: 0x240600a4f73118
states:
01000010000010010000000001
00100100000001100000000010

hex states:
0x1082401
0x901802

State 0:
ep(node0): epoch1
ep(node1): epoch2
locked(epoch1,node0): 1
locked(epoch2,node1): 1
transfer(epoch3,node1): 1

State 1:
ep(node0): epoch2
ep(node1): epoch1
locked(epoch1,node1): 1
locked(epoch2,node0): 1
transfer(epoch3,node0): 1




=== State Orbit 14 =====================
size : 2
repr state: 01000001010010010100000000
lex min decimal: 0x14868024f73118
states:
01000001010010010100000000
00010100100001101000000000

hex states:
0x1052500
0x521a00

State 0:
ep(node0): epoch1
ep(node1): epoch3
held(node1): 1
locked(epoch1,node0): 1
locked(epoch2,node1): 1
locked(epoch3,node1): 1

State 1:
ep(node0): epoch3
ep(node1): epoch1
held(node0): 1
locked(epoch1,node1): 1
locked(epoch2,node0): 1
locked(epoch3,node0): 1




=== State Orbit 15 =====================
size : 2
repr state: 01001000000010000000000001
lex min decimal: 0x48080064f73118
states:
01001000000010000000000001
10000100000001000000000010

hex states:
0x1202001
0x2101002

State 0:
ep(node0): epoch1
ep(node1): epoch0
locked(epoch1,node0): 1
transfer(epoch3,node1): 1

State 1:
ep(node0): epoch0
ep(node1): epoch1
locked(epoch1,node1): 1
transfer(epoch3,node0): 1




=== State Orbit 16 =====================
size : 2
repr state: 01000001010010000100000000
lex min decimal: 0x14848024f73118
states:
01000001010010000100000000
00010100100001001000000000

hex states:
0x1052100
0x521200

State 0:
ep(node0): epoch1
ep(node1): epoch3
held(node1): 1
locked(epoch1,node0): 1
locked(epoch3,node1): 1

State 1:
ep(node0): epoch3
ep(node1): epoch1
held(node0): 1
locked(epoch1,node1): 1
locked(epoch3,node0): 1



[QRM NOTE]: Time elapsed since start: 9.722 seconds

[QRM NOTE]: Time elapsed since last: 2.862 seconds

[QRM NOTE]: Peak memory: 553662 bytes


======================================

	Reduce Equivalent Atoms

======================================

[FW NOTE]: equivalent atoms

	locked(epoch0,node0): ['transfer(epoch0,node0)']

	locked(epoch0,node1): ['transfer(epoch0,node1)']

[FW NOTE]: complement atoms

[FW NOTE]: remove_atom_ids: {18, 19}

[QRM NOTE]: Time elapsed since start: 9.733 seconds

[QRM NOTE]: Time elapsed since last: 0.011 seconds

[QRM NOTE]: Peak memory: 567430 bytes


==================================

	Curry Ordered Sorts

==================================


---------- Currying Ordered Sorts ----------

[CURRY]: curried 24 atoms

[CURRY]: curried state atoms: ['ep_epoch0(node0)', 'ep_epoch1(node0)', 'ep_epoch2(node0)', 'ep_epoch3(node0)', 'ep_epoch0(node1)', 'ep_epoch1(node1)', 'ep_epoch2(node1)', 'ep_epoch3(node1)', 'held(node0)', 'held(node1)', 'locked_epoch0(node0)', 'locked_epoch0(node1)', 'locked_epoch1(node0)', 'locked_epoch1(node1)', 'locked_epoch2(node0)', 'locked_epoch2(node1)', 'locked_epoch3(node0)', 'locked_epoch3(node1)', 'transfer_epoch0(node0)', 'transfer_epoch0(node1)', 'transfer_epoch1(node0)', 'transfer_epoch1(node1)', 'transfer_epoch2(node0)', 'transfer_epoch2(node1)', 'transfer_epoch3(node0)', 'transfer_epoch3(node1)']

[QRM NOTE]: Time elapsed since start: 9.745 seconds

[QRM NOTE]: Time elapsed since last: 0.011 seconds

[QRM NOTE]: Peak memory: 630765 bytes


=============================================================================================================

	[PRIME]: Prime Orbit Generatation on [ivybench/total/ivy/distributed_lock.ivy: node=2,epoch=4]

=============================================================================================================


========================================================================================================

	[PRIME RESULT]: Prime Orbits on [ivybench/total/ivy/distributed_lock.ivy: node=2,epoch=4]

========================================================================================================


=== Prime Orbit 0 =====================
size : 2
num_suborbits: 1
2 (*) : ----------1---------------
2     : ['locked_epoch0(node0)']
3     : -----------1--------------
3     : ['locked_epoch0(node1)']
num_forall :   0
num_exists :   0
num_literals : 0
quantified form : None
qcost : 0


=== Prime Orbit 1 =====================
size : 2
num_suborbits: 1
0 (*) : --------------------1-----
0     : ['transfer_epoch1(node0)']
1     : ---------------------1----
1     : ['transfer_epoch1(node1)']
num_forall :   0
num_exists :   0
num_literals : 0
quantified form : None
qcost : 0


=== Prime Orbit 2 =====================
size : 1
num_suborbits: 1
89 (*) : 1---1---------------------
89     : ['ep_epoch0(node0)', 'ep_epoch0(node1)']
num_forall :   0
num_exists :   0
num_literals : 0
quantified form : None
qcost : 0


=== Prime Orbit 3 =====================
size : 2
num_suborbits: 1
73 (*) : 11------------------------
73     : ['ep_epoch0(node0)', 'ep_epoch1(node0)']
72     : ----11--------------------
72     : ['ep_epoch0(node1)', 'ep_epoch1(node1)']
num_forall :   0
num_exists :   0
num_literals : 0
quantified form : None
qcost : 0


=== Prime Orbit 4 =====================
size : 2
num_suborbits: 1
71 (*) : 1-1-----------------------
71     : ['ep_epoch0(node0)', 'ep_epoch2(node0)']
70     : ----1-1-------------------
70     : ['ep_epoch0(node1)', 'ep_epoch2(node1)']
num_forall :   0
num_exists :   0
num_literals : 0
quantified form : None
qcost : 0


=== Prime Orbit 5 =====================
size : 2
num_suborbits: 1
80 (*) : 1--1----------------------
80     : ['ep_epoch0(node0)', 'ep_epoch3(node0)']
79     : ----1--1------------------
79     : ['ep_epoch0(node1)', 'ep_epoch3(node1)']
num_forall :   0
num_exists :   0
num_literals : 0
quantified form : None
qcost : 0


=== Prime Orbit 6 =====================
size : 2
num_suborbits: 1
69 (*) : 1-------1-----------------
69     : ['ep_epoch0(node0)', 'held(node0)']
68     : ----1----1----------------
68     : ['ep_epoch0(node1)', 'held(node1)']
num_forall :   0
num_exists :   0
num_literals : 0
quantified form : None
qcost : 0


=== Prime Orbit 7 =====================
size : 2
num_suborbits: 1
96 (*) : 1-----------1-------------
96     : ['ep_epoch0(node0)', 'locked_epoch1(node0)']
97     : ----1--------1------------
97     : ['ep_epoch0(node1)', 'locked_epoch1(node1)']
num_forall :   0
num_exists :   0
num_literals : 0
quantified form : None
qcost : 0


=== Prime Orbit 8 =====================
size : 2
num_suborbits: 1
27 (*) : 1-------------1-----------
27     : ['ep_epoch0(node0)', 'locked_epoch2(node0)']
28     : ----1----------1----------
28     : ['ep_epoch0(node1)', 'locked_epoch2(node1)']
num_forall :   0
num_exists :   0
num_literals : 0
quantified form : None
qcost : 0


=== Prime Orbit 9 =====================
size : 2
num_suborbits: 1
10 (*) : 1---------------1---------
10     : ['ep_epoch0(node0)', 'locked_epoch3(node0)']
11     : ----1------------1--------
11     : ['ep_epoch0(node1)', 'locked_epoch3(node1)']
num_forall :   0
num_exists :   0
num_literals : 0
quantified form : None
qcost : 0


=== Prime Orbit 10 =====================
size : 2
num_suborbits: 1
91 (*) : 1------------0------------
91     : ['ep_epoch0(node0)', '~locked_epoch1(node1)']
90     : ----1-------0-------------
90     : ['ep_epoch0(node1)', '~locked_epoch1(node0)']
num_forall :   0
num_exists :   0
num_literals : 0
quantified form : None
qcost : 0


=== Prime Orbit 11 =====================
size : 1
num_suborbits: 1
63 (*) : -1---1--------------------
63     : ['ep_epoch1(node0)', 'ep_epoch1(node1)']
num_forall :   0
num_exists :   0
num_literals : 0
quantified form : None
qcost : 0


=== Prime Orbit 12 =====================
size : 2
num_suborbits: 1
67 (*) : -11-----------------------
67     : ['ep_epoch1(node0)', 'ep_epoch2(node0)']
66     : -----11-------------------
66     : ['ep_epoch1(node1)', 'ep_epoch2(node1)']
num_forall :   0
num_exists :   0
num_literals : 0
quantified form : None
qcost : 0


=== Prime Orbit 13 =====================
size : 2
num_suborbits: 1
84 (*) : -1-1----------------------
84     : ['ep_epoch1(node0)', 'ep_epoch3(node0)']
83     : -----1-1------------------
83     : ['ep_epoch1(node1)', 'ep_epoch3(node1)']
num_forall :   0
num_exists :   0
num_literals : 0
quantified form : None
qcost : 0


=== Prime Orbit 14 =====================
size : 2
num_suborbits: 1
95 (*) : -1-----------1------------
95     : ['ep_epoch1(node0)', 'locked_epoch1(node1)']
94     : -----1------1-------------
94     : ['ep_epoch1(node1)', 'locked_epoch1(node0)']
num_forall :   0
num_exists :   0
num_literals : 0
quantified form : None
qcost : 0


=== Prime Orbit 15 =====================
size : 2
num_suborbits: 1
25 (*) : -1------------1-----------
25     : ['ep_epoch1(node0)', 'locked_epoch2(node0)']
26     : -----1---------1----------
26     : ['ep_epoch1(node1)', 'locked_epoch2(node1)']
num_forall :   0
num_exists :   0
num_literals : 0
quantified form : None
qcost : 0


=== Prime Orbit 16 =====================
size : 2
num_suborbits: 1
8 (*) : -1--------------1---------
8     : ['ep_epoch1(node0)', 'locked_epoch3(node0)']
9     : -----1-----------1--------
9     : ['ep_epoch1(node1)', 'locked_epoch3(node1)']
num_forall :   0
num_exists :   0
num_literals : 0
quantified form : None
qcost : 0


=== Prime Orbit 17 =====================
size : 2
num_suborbits: 1
92 (*) : -1----------0-------------
92     : ['ep_epoch1(node0)', '~locked_epoch1(node0)']
93     : -----1-------0------------
93     : ['ep_epoch1(node1)', '~locked_epoch1(node1)']
num_forall :   0
num_exists :   0
num_literals : 0
quantified form : None
qcost : 0


=== Prime Orbit 18 =====================
size : 1
num_suborbits: 1
74 (*) : --1---1-------------------
74     : ['ep_epoch2(node0)', 'ep_epoch2(node1)']
num_forall :   0
num_exists :   0
num_literals : 0
quantified form : None
qcost : 0


=== Prime Orbit 19 =====================
size : 2
num_suborbits: 1
82 (*) : --11----------------------
82     : ['ep_epoch2(node0)', 'ep_epoch3(node0)']
81     : ------11------------------
81     : ['ep_epoch2(node1)', 'ep_epoch3(node1)']
num_forall :   0
num_exists :   0
num_literals : 0
quantified form : None
qcost : 0


=== Prime Orbit 20 =====================
size : 2
num_suborbits: 1
31 (*) : --1------------1----------
31     : ['ep_epoch2(node0)', 'locked_epoch2(node1)']
30     : ------1-------1-----------
30     : ['ep_epoch2(node1)', 'locked_epoch2(node0)']
num_forall :   0
num_exists :   0
num_literals : 0
quantified form : None
qcost : 0


=== Prime Orbit 21 =====================
size : 2
num_suborbits: 1
6 (*) : --1-------------1---------
6     : ['ep_epoch2(node0)', 'locked_epoch3(node0)']
7     : ------1----------1--------
7     : ['ep_epoch2(node1)', 'locked_epoch3(node1)']
num_forall :   0
num_exists :   0
num_literals : 0
quantified form : None
qcost : 0


=== Prime Orbit 22 =====================
size : 4
num_suborbits: 2
60 (*) : --1-------------------1---
60     : ['ep_epoch2(node0)', 'transfer_epoch2(node0)']
53     : --1--------------------1--
53     : ['ep_epoch2(node0)', 'transfer_epoch2(node1)']
54     : ------1---------------1---
54     : ['ep_epoch2(node1)', 'transfer_epoch2(node0)']
59     : ------1----------------1--
59     : ['ep_epoch2(node1)', 'transfer_epoch2(node1)']
num_forall :   0
num_exists :   0
num_literals : 0
quantified form : None
qcost : 0


=== Prime Orbit 23 =====================
size : 2
num_suborbits: 1
65 (*) : --1-----------0-----------
65     : ['ep_epoch2(node0)', '~locked_epoch2(node0)']
64     : ------1--------0----------
64     : ['ep_epoch2(node1)', '~locked_epoch2(node1)']
num_forall :   0
num_exists :   0
num_literals : 0
quantified form : None
qcost : 0


=== Prime Orbit 24 =====================
size : 1
num_suborbits: 1
88 (*) : ---1---1------------------
88     : ['ep_epoch3(node0)', 'ep_epoch3(node1)']
num_forall :   0
num_exists :   0
num_literals : 0
quantified form : None
qcost : 0


=== Prime Orbit 25 =====================
size : 2
num_suborbits: 1
86 (*) : ---1-----1----------------
86     : ['ep_epoch3(node0)', 'held(node1)']
85     : -------11-----------------
85     : ['ep_epoch3(node1)', 'held(node0)']
num_forall :   0
num_exists :   0
num_literals : 0
quantified form : None
qcost : 0


=== Prime Orbit 26 =====================
size : 2
num_suborbits: 1
20 (*) : ---1-------------1--------
20     : ['ep_epoch3(node0)', 'locked_epoch3(node1)']
19     : -------1--------1---------
19     : ['ep_epoch3(node1)', 'locked_epoch3(node0)']
num_forall :   0
num_exists :   0
num_literals : 0
quantified form : None
qcost : 0


=== Prime Orbit 27 =====================
size : 4
num_suborbits: 2
50 (*) : ---1------------------1---
50     : ['ep_epoch3(node0)', 'transfer_epoch2(node0)']
55     : ---1-------------------1--
55     : ['ep_epoch3(node0)', 'transfer_epoch2(node1)']
56     : -------1--------------1---
56     : ['ep_epoch3(node1)', 'transfer_epoch2(node0)']
49     : -------1---------------1--
49     : ['ep_epoch3(node1)', 'transfer_epoch2(node1)']
num_forall :   0
num_exists :   0
num_literals : 0
quantified form : None
qcost : 0


=== Prime Orbit 28 =====================
size : 4
num_suborbits: 2
35 (*) : ---1--------------------1-
35     : ['ep_epoch3(node0)', 'transfer_epoch3(node0)']
38     : ---1---------------------1
38     : ['ep_epoch3(node0)', 'transfer_epoch3(node1)']
39     : -------1----------------1-
39     : ['ep_epoch3(node1)', 'transfer_epoch3(node0)']
34     : -------1-----------------1
34     : ['ep_epoch3(node1)', 'transfer_epoch3(node1)']
num_forall :   0
num_exists :   0
num_literals : 0
quantified form : None
qcost : 0


=== Prime Orbit 29 =====================
size : 2
num_suborbits: 1
78 (*) : ---1----0-----------------
78     : ['ep_epoch3(node0)', '~held(node0)']
77     : -------1-0----------------
77     : ['ep_epoch3(node1)', '~held(node1)']
num_forall :   0
num_exists :   0
num_literals : 0
quantified form : None
qcost : 0


=== Prime Orbit 30 =====================
size : 2
num_suborbits: 1
76 (*) : ---1------------0---------
76     : ['ep_epoch3(node0)', '~locked_epoch3(node0)']
75     : -------1---------0--------
75     : ['ep_epoch3(node1)', '~locked_epoch3(node1)']
num_forall :   0
num_exists :   0
num_literals : 0
quantified form : None
qcost : 0


=== Prime Orbit 31 =====================
size : 1
num_suborbits: 1
87 (*) : --------11----------------
87     : ['held(node0)', 'held(node1)']
num_forall :   0
num_exists :   0
num_literals : 0
quantified form : None
qcost : 0


=== Prime Orbit 32 =====================
size : 2
num_suborbits: 1
18 (*) : --------1--------1--------
18     : ['held(node0)', 'locked_epoch3(node1)']
17     : ---------1------1---------
17     : ['held(node1)', 'locked_epoch3(node0)']
num_forall :   0
num_exists :   0
num_literals : 0
quantified form : None
qcost : 0


=== Prime Orbit 33 =====================
size : 4
num_suborbits: 2
62 (*) : --------1-------------1---
62     : ['held(node0)', 'transfer_epoch2(node0)']
51     : --------1--------------1--
51     : ['held(node0)', 'transfer_epoch2(node1)']
52     : ---------1------------1---
52     : ['held(node1)', 'transfer_epoch2(node0)']
61     : ---------1-------------1--
61     : ['held(node1)', 'transfer_epoch2(node1)']
num_forall :   0
num_exists :   0
num_literals : 0
quantified form : None
qcost : 0


=== Prime Orbit 34 =====================
size : 4
num_suborbits: 2
42 (*) : --------1---------------1-
42     : ['held(node0)', 'transfer_epoch3(node0)']
36     : --------1----------------1
36     : ['held(node0)', 'transfer_epoch3(node1)']
37     : ---------1--------------1-
37     : ['held(node1)', 'transfer_epoch3(node0)']
41     : ---------1---------------1
41     : ['held(node1)', 'transfer_epoch3(node1)']
num_forall :   0
num_exists :   0
num_literals : 0
quantified form : None
qcost : 0


=== Prime Orbit 35 =====================
size : 1
num_suborbits: 1
98 (*) : ------------11------------
98     : ['locked_epoch1(node0)', 'locked_epoch1(node1)']
num_forall :   0
num_exists :   0
num_literals : 0
quantified form : None
qcost : 0


=== Prime Orbit 36 =====================
size : 1
num_suborbits: 1
29 (*) : --------------11----------
29     : ['locked_epoch2(node0)', 'locked_epoch2(node1)']
num_forall :   0
num_exists :   0
num_literals : 0
quantified form : None
qcost : 0


=== Prime Orbit 37 =====================
size : 4
num_suborbits: 2
48 (*) : --------------1-------1---
48     : ['locked_epoch2(node0)', 'transfer_epoch2(node0)']
32     : --------------1--------1--
32     : ['locked_epoch2(node0)', 'transfer_epoch2(node1)']
33     : ---------------1------1---
33     : ['locked_epoch2(node1)', 'transfer_epoch2(node0)']
47     : ---------------1-------1--
47     : ['locked_epoch2(node1)', 'transfer_epoch2(node1)']
num_forall :   0
num_exists :   0
num_literals : 0
quantified form : None
qcost : 0


=== Prime Orbit 38 =====================
size : 1
num_suborbits: 1
14 (*) : ----------------11--------
14     : ['locked_epoch3(node0)', 'locked_epoch3(node1)']
num_forall :   0
num_exists :   0
num_literals : 0
quantified form : None
qcost : 0


=== Prime Orbit 39 =====================
size : 4
num_suborbits: 2
46 (*) : ----------------1-----1---
46     : ['locked_epoch3(node0)', 'transfer_epoch2(node0)']
21     : ----------------1------1--
21     : ['locked_epoch3(node0)', 'transfer_epoch2(node1)']
22     : -----------------1----1---
22     : ['locked_epoch3(node1)', 'transfer_epoch2(node0)']
45     : -----------------1-----1--
45     : ['locked_epoch3(node1)', 'transfer_epoch2(node1)']
num_forall :   0
num_exists :   0
num_literals : 0
quantified form : None
qcost : 0


=== Prime Orbit 40 =====================
size : 4
num_suborbits: 2
12 (*) : ----------------1-------1-
12     : ['locked_epoch3(node0)', 'transfer_epoch3(node0)']
23     : ----------------1--------1
23     : ['locked_epoch3(node0)', 'transfer_epoch3(node1)']
24     : -----------------1------1-
24     : ['locked_epoch3(node1)', 'transfer_epoch3(node0)']
13     : -----------------1-------1
13     : ['locked_epoch3(node1)', 'transfer_epoch3(node1)']
num_forall :   0
num_exists :   0
num_literals : 0
quantified form : None
qcost : 0


=== Prime Orbit 41 =====================
size : 2
num_suborbits: 1
4 (*) : ---0------------1---------
4     : ['locked_epoch3(node0)', '~ep_epoch3(node0)']
5     : -------0---------1--------
5     : ['locked_epoch3(node1)', '~ep_epoch3(node1)']
num_forall :   0
num_exists :   0
num_literals : 0
quantified form : None
qcost : 0


=== Prime Orbit 42 =====================
size : 2
num_suborbits: 1
15 (*) : --------0-------1---------
15     : ['locked_epoch3(node0)', '~held(node0)']
16     : ---------0-------1--------
16     : ['locked_epoch3(node1)', '~held(node1)']
num_forall :   0
num_exists :   0
num_literals : 0
quantified form : None
qcost : 0


=== Prime Orbit 43 =====================
size : 1
num_suborbits: 1
100 (*) : ----------------------11--
100     : ['transfer_epoch2(node0)', 'transfer_epoch2(node1)']
num_forall :   0
num_exists :   0
num_literals : 0
quantified form : None
qcost : 0


=== Prime Orbit 44 =====================
size : 4
num_suborbits: 2
44 (*) : ----------------------1-1-
44     : ['transfer_epoch2(node0)', 'transfer_epoch3(node0)']
58     : ----------------------1--1
58     : ['transfer_epoch2(node0)', 'transfer_epoch3(node1)']
57     : -----------------------11-
57     : ['transfer_epoch2(node1)', 'transfer_epoch3(node0)']
43     : -----------------------1-1
43     : ['transfer_epoch2(node1)', 'transfer_epoch3(node1)']
num_forall :   0
num_exists :   0
num_literals : 0
quantified form : None
qcost : 0


=== Prime Orbit 45 =====================
size : 1
num_suborbits: 1
40 (*) : ------------------------11
40     : ['transfer_epoch3(node0)', 'transfer_epoch3(node1)']
num_forall :   0
num_exists :   0
num_literals : 0
quantified form : None
qcost : 0


=== Prime Orbit 46 =====================
size : 1
num_suborbits: 1
99 (*) : ------------00------------
99     : ['~locked_epoch1(node0)', '~locked_epoch1(node1)']
num_forall :   0
num_exists :   0
num_literals : 0
quantified form : None
qcost : 0


=== Prime Orbit 47 =====================
size : 4
num_suborbits: 2
101 (*) : 1----0----------------1---
101     : ['ep_epoch0(node0)', 'transfer_epoch2(node0)', '~ep_epoch1(node1)']
103     : 1----0-----------------1--
103     : ['ep_epoch0(node0)', 'transfer_epoch2(node1)', '~ep_epoch1(node1)']
104     : -0--1-----------------1---
104     : ['ep_epoch0(node1)', 'transfer_epoch2(node0)', '~ep_epoch1(node0)']
102     : -0--1------------------1--
102     : ['ep_epoch0(node1)', 'transfer_epoch2(node1)', '~ep_epoch1(node0)']
num_forall :   0
num_exists :   0
num_literals : 0
quantified form : None
qcost : 0


=== Prime Orbit 48 =====================
size : 2
num_suborbits: 1
129 (*) : -1----1-1-----------------
129     : ['ep_epoch1(node0)', 'ep_epoch2(node1)', 'held(node0)']
130     : --1--1---1----------------
130     : ['ep_epoch1(node1)', 'ep_epoch2(node0)', 'held(node1)']
num_forall :   0
num_exists :   0
num_literals : 0
quantified form : None
qcost : 0


=== Prime Orbit 49 =====================
size : 2
num_suborbits: 1
119 (*) : -1------1------1----------
119     : ['ep_epoch1(node0)', 'held(node0)', 'locked_epoch2(node1)']
120     : -----1---1----1-----------
120     : ['ep_epoch1(node1)', 'held(node1)', 'locked_epoch2(node0)']
num_forall :   0
num_exists :   0
num_literals : 0
quantified form : None
qcost : 0


=== Prime Orbit 50 =====================
size : 2
num_suborbits: 1
131 (*) : -1--0---1-----------------
131     : ['ep_epoch1(node0)', 'held(node0)', '~ep_epoch0(node1)']
132     : 0----1---1----------------
132     : ['ep_epoch1(node1)', 'held(node1)', '~ep_epoch0(node0)']
num_forall :   0
num_exists :   0
num_literals : 0
quantified form : None
qcost : 0


=== Prime Orbit 51 =====================
size : 4
num_suborbits: 2
125 (*) : -1--0-----------------1---
125     : ['ep_epoch1(node0)', 'transfer_epoch2(node0)', '~ep_epoch0(node1)']
127     : -1--0------------------1--
127     : ['ep_epoch1(node0)', 'transfer_epoch2(node1)', '~ep_epoch0(node1)']
128     : 0----1----------------1---
128     : ['ep_epoch1(node1)', 'transfer_epoch2(node0)', '~ep_epoch0(node0)']
126     : 0----1-----------------1--
126     : ['ep_epoch1(node1)', 'transfer_epoch2(node1)', '~ep_epoch0(node0)']
num_forall :   0
num_exists :   0
num_literals : 0
quantified form : None
qcost : 0


=== Prime Orbit 52 =====================
size : 2
num_suborbits: 1
136 (*) : --1----0-1----------------
136     : ['ep_epoch2(node0)', 'held(node1)', '~ep_epoch3(node1)']
135     : ---0--1-1-----------------
135     : ['ep_epoch2(node1)', 'held(node0)', '~ep_epoch3(node0)']
num_forall :   0
num_exists :   0
num_literals : 0
quantified form : None
qcost : 0


=== Prime Orbit 53 =====================
size : 2
num_suborbits: 1
134 (*) : --1------1-------0--------
134     : ['ep_epoch2(node0)', 'held(node1)', '~locked_epoch3(node1)']
133     : ------1-1-------0---------
133     : ['ep_epoch2(node1)', 'held(node0)', '~locked_epoch3(node0)']
num_forall :   0
num_exists :   0
num_literals : 0
quantified form : None
qcost : 0


=== Prime Orbit 54 =====================
size : 2
num_suborbits: 1
138 (*) : ---1--0--------1----------
138     : ['ep_epoch3(node0)', 'locked_epoch2(node1)', '~ep_epoch2(node1)']
137     : --0----1------1-----------
137     : ['ep_epoch3(node1)', 'locked_epoch2(node0)', '~ep_epoch2(node0)']
num_forall :   0
num_exists :   0
num_literals : 0
quantified form : None
qcost : 0


=== Prime Orbit 55 =====================
size : 2
num_suborbits: 1
121 (*) : ------0-1------1----------
121     : ['held(node0)', 'locked_epoch2(node1)', '~ep_epoch2(node1)']
122     : --0------1----1-----------
122     : ['held(node1)', 'locked_epoch2(node0)', '~ep_epoch2(node0)']
num_forall :   0
num_exists :   0
num_literals : 0
quantified form : None
qcost : 0


=== Prime Orbit 56 =====================
size : 2
num_suborbits: 1
117 (*) : ---0----1------1----------
117     : ['held(node0)', 'locked_epoch2(node1)', '~ep_epoch3(node0)']
118     : -------0-1----1-----------
118     : ['held(node1)', 'locked_epoch2(node0)', '~ep_epoch3(node1)']
num_forall :   0
num_exists :   0
num_literals : 0
quantified form : None
qcost : 0


=== Prime Orbit 57 =====================
size : 2
num_suborbits: 1
115 (*) : --------1------10---------
115     : ['held(node0)', 'locked_epoch2(node1)', '~locked_epoch3(node0)']
116     : ---------1----1--0--------
116     : ['held(node1)', 'locked_epoch2(node0)', '~locked_epoch3(node1)']
num_forall :   0
num_exists :   0
num_literals : 0
quantified form : None
qcost : 0


=== Prime Orbit 58 =====================
size : 4
num_suborbits: 2
161 (*) : ----0-------1---------1---
161     : ['locked_epoch1(node0)', 'transfer_epoch2(node0)', '~ep_epoch0(node1)']
140     : ----0-------1----------1--
140     : ['locked_epoch1(node0)', 'transfer_epoch2(node1)', '~ep_epoch0(node1)']
139     : 0------------1--------1---
139     : ['locked_epoch1(node1)', 'transfer_epoch2(node0)', '~ep_epoch0(node0)']
162     : 0------------1---------1--
162     : ['locked_epoch1(node1)', 'transfer_epoch2(node1)', '~ep_epoch0(node0)']
num_forall :   0
num_exists :   0
num_literals : 0
quantified form : None
qcost : 0


=== Prime Orbit 59 =====================
size : 4
num_suborbits: 2
159 (*) : -0----------1---------1---
159     : ['locked_epoch1(node0)', 'transfer_epoch2(node0)', '~ep_epoch1(node0)']
142     : -0----------1----------1--
142     : ['locked_epoch1(node0)', 'transfer_epoch2(node1)', '~ep_epoch1(node0)']
141     : -----0-------1--------1---
141     : ['locked_epoch1(node1)', 'transfer_epoch2(node0)', '~ep_epoch1(node1)']
160     : -----0-------1---------1--
160     : ['locked_epoch1(node1)', 'transfer_epoch2(node1)', '~ep_epoch1(node1)']
num_forall :   0
num_exists :   0
num_literals : 0
quantified form : None
qcost : 0


=== Prime Orbit 60 =====================
size : 2
num_suborbits: 1
124 (*) : --0-----------1--1--------
124     : ['locked_epoch2(node0)', 'locked_epoch3(node1)', '~ep_epoch2(node0)']
123     : ------0--------11---------
123     : ['locked_epoch2(node1)', 'locked_epoch3(node0)', '~ep_epoch2(node1)']
num_forall :   0
num_exists :   0
num_literals : 0
quantified form : None
qcost : 0


=== Prime Orbit 61 =====================
size : 4
num_suborbits: 2
107 (*) : --0-----------1---------1-
107     : ['locked_epoch2(node0)', 'transfer_epoch3(node0)', '~ep_epoch2(node0)']
106     : --0-----------1----------1
106     : ['locked_epoch2(node0)', 'transfer_epoch3(node1)', '~ep_epoch2(node0)']
105     : ------0--------1--------1-
105     : ['locked_epoch2(node1)', 'transfer_epoch3(node0)', '~ep_epoch2(node1)']
108     : ------0--------1---------1
108     : ['locked_epoch2(node1)', 'transfer_epoch3(node1)', '~ep_epoch2(node1)']
num_forall :   0
num_exists :   0
num_literals : 0
quantified form : None
qcost : 0


=== Prime Orbit 62 =====================
size : 2
num_suborbits: 1
110 (*) : --00----------1-----------
110     : ['locked_epoch2(node0)', '~ep_epoch2(node0)', '~ep_epoch3(node0)']
109     : ------00-------1----------
109     : ['locked_epoch2(node1)', '~ep_epoch2(node1)', '~ep_epoch3(node1)']
num_forall :   0
num_exists :   0
num_literals : 0
quantified form : None
qcost : 0


=== Prime Orbit 63 =====================
size : 2
num_suborbits: 1
112 (*) : --0-----0-----1-----------
112     : ['locked_epoch2(node0)', '~ep_epoch2(node0)', '~held(node0)']
111     : ------0--0-----1----------
111     : ['locked_epoch2(node1)', '~ep_epoch2(node1)', '~held(node1)']
num_forall :   0
num_exists :   0
num_literals : 0
quantified form : None
qcost : 0


=== Prime Orbit 64 =====================
size : 2
num_suborbits: 1
114 (*) : --0-----------1-0---------
114     : ['locked_epoch2(node0)', '~ep_epoch2(node0)', '~locked_epoch3(node0)']
113     : ------0--------1-0--------
113     : ['locked_epoch2(node1)', '~ep_epoch2(node1)', '~locked_epoch3(node1)']
num_forall :   0
num_exists :   0
num_literals : 0
quantified form : None
qcost : 0


=== Prime Orbit 65 =====================
size : 2
num_suborbits: 1
143 (*) : 0---0-----------------1---
143     : ['transfer_epoch2(node0)', '~ep_epoch0(node0)', '~ep_epoch0(node1)']
144     : 0---0------------------1--
144     : ['transfer_epoch2(node1)', '~ep_epoch0(node0)', '~ep_epoch0(node1)']
num_forall :   0
num_exists :   0
num_literals : 0
quantified form : None
qcost : 0


=== Prime Orbit 66 =====================
size : 4
num_suborbits: 2
145 (*) : 00--------------------1---
145     : ['transfer_epoch2(node0)', '~ep_epoch0(node0)', '~ep_epoch1(node0)']
151     : ----00----------------1---
151     : ['transfer_epoch2(node0)', '~ep_epoch0(node1)', '~ep_epoch1(node1)']
152     : 00---------------------1--
152     : ['transfer_epoch2(node1)', '~ep_epoch0(node0)', '~ep_epoch1(node0)']
146     : ----00-----------------1--
146     : ['transfer_epoch2(node1)', '~ep_epoch0(node1)', '~ep_epoch1(node1)']
num_forall :   0
num_exists :   0
num_literals : 0
quantified form : None
qcost : 0


=== Prime Orbit 67 =====================
size : 4
num_suborbits: 2
147 (*) : 0-----------0---------1---
147     : ['transfer_epoch2(node0)', '~ep_epoch0(node0)', '~locked_epoch1(node0)']
157     : ----0--------0--------1---
157     : ['transfer_epoch2(node0)', '~ep_epoch0(node1)', '~locked_epoch1(node1)']
158     : 0-----------0----------1--
158     : ['transfer_epoch2(node1)', '~ep_epoch0(node0)', '~locked_epoch1(node0)']
148     : ----0--------0---------1--
148     : ['transfer_epoch2(node1)', '~ep_epoch0(node1)', '~locked_epoch1(node1)']
num_forall :   0
num_exists :   0
num_literals : 0
quantified form : None
qcost : 0


=== Prime Orbit 68 =====================
size : 2
num_suborbits: 1
149 (*) : -0---0----------------1---
149     : ['transfer_epoch2(node0)', '~ep_epoch1(node0)', '~ep_epoch1(node1)']
150     : -0---0-----------------1--
150     : ['transfer_epoch2(node1)', '~ep_epoch1(node0)', '~ep_epoch1(node1)']
num_forall :   0
num_exists :   0
num_literals : 0
quantified form : None
qcost : 0


=== Prime Orbit 69 =====================
size : 4
num_suborbits: 2
155 (*) : -0-----------0--------1---
155     : ['transfer_epoch2(node0)', '~ep_epoch1(node0)', '~locked_epoch1(node1)']
153     : -----0------0---------1---
153     : ['transfer_epoch2(node0)', '~ep_epoch1(node1)', '~locked_epoch1(node0)']
154     : -0-----------0---------1--
154     : ['transfer_epoch2(node1)', '~ep_epoch1(node0)', '~locked_epoch1(node1)']
156     : -----0------0----------1--
156     : ['transfer_epoch2(node1)', '~ep_epoch1(node1)', '~locked_epoch1(node0)']
num_forall :   0
num_exists :   0
num_literals : 0
quantified form : None
qcost : 0


=== Prime Orbit 70 =====================
size : 4
num_suborbits: 2
484 (*) : 1----00-----------------1-
484     : ['ep_epoch0(node0)', 'transfer_epoch3(node0)', '~ep_epoch1(node1)', '~ep_epoch2(node1)']
577     : 1----00------------------1
577     : ['ep_epoch0(node0)', 'transfer_epoch3(node1)', '~ep_epoch1(node1)', '~ep_epoch2(node1)']
578     : -00-1-------------------1-
578     : ['ep_epoch0(node1)', 'transfer_epoch3(node0)', '~ep_epoch1(node0)', '~ep_epoch2(node0)']
483     : -00-1--------------------1
483     : ['ep_epoch0(node1)', 'transfer_epoch3(node1)', '~ep_epoch1(node0)', '~ep_epoch2(node0)']
num_forall :   0
num_exists :   0
num_literals : 0
quantified form : None
qcost : 0


=== Prime Orbit 71 =====================
size : 4
num_suborbits: 2
482 (*) : 1----0---------0--------1-
482     : ['ep_epoch0(node0)', 'transfer_epoch3(node0)', '~ep_epoch1(node1)', '~locked_epoch2(node1)']
579     : 1----0---------0---------1
579     : ['ep_epoch0(node0)', 'transfer_epoch3(node1)', '~ep_epoch1(node1)', '~locked_epoch2(node1)']
580     : -0--1---------0---------1-
580     : ['ep_epoch0(node1)', 'transfer_epoch3(node0)', '~ep_epoch1(node0)', '~locked_epoch2(node0)']
481     : -0--1---------0----------1
481     : ['ep_epoch0(node1)', 'transfer_epoch3(node1)', '~ep_epoch1(node0)', '~locked_epoch2(node0)']
num_forall :   0
num_exists :   0
num_literals : 0
quantified form : None
qcost : 0


=== Prime Orbit 72 =====================
size : 2
num_suborbits: 1
473 (*) : 1----000------------------
473     : ['ep_epoch0(node0)', '~ep_epoch1(node1)', '~ep_epoch2(node1)', '~ep_epoch3(node1)']
474     : -0001---------------------
474     : ['ep_epoch0(node1)', '~ep_epoch1(node0)', '~ep_epoch2(node0)', '~ep_epoch3(node0)']
num_forall :   0
num_exists :   0
num_literals : 0
quantified form : None
qcost : 0


=== Prime Orbit 73 =====================
size : 2
num_suborbits: 1
475 (*) : 1----00--0----------------
475     : ['ep_epoch0(node0)', '~ep_epoch1(node1)', '~ep_epoch2(node1)', '~held(node1)']
476     : -00-1---0-----------------
476     : ['ep_epoch0(node1)', '~ep_epoch1(node0)', '~ep_epoch2(node0)', '~held(node0)']
num_forall :   0
num_exists :   0
num_literals : 0
quantified form : None
qcost : 0


=== Prime Orbit 74 =====================
size : 2
num_suborbits: 1
354 (*) : 1----00----------0--------
354     : ['ep_epoch0(node0)', '~ep_epoch1(node1)', '~ep_epoch2(node1)', '~locked_epoch3(node1)']
353     : -00-1-----------0---------
353     : ['ep_epoch0(node1)', '~ep_epoch1(node0)', '~ep_epoch2(node0)', '~locked_epoch3(node0)']
num_forall :   0
num_exists :   0
num_literals : 0
quantified form : None
qcost : 0


=== Prime Orbit 75 =====================
size : 2
num_suborbits: 1
470 (*) : 1----0-0-------0----------
470     : ['ep_epoch0(node0)', '~ep_epoch1(node1)', '~ep_epoch3(node1)', '~locked_epoch2(node1)']
469     : -0-01---------0-----------
469     : ['ep_epoch0(node1)', '~ep_epoch1(node0)', '~ep_epoch3(node0)', '~locked_epoch2(node0)']
num_forall :   0
num_exists :   0
num_literals : 0
quantified form : None
qcost : 0


=== Prime Orbit 76 =====================
size : 2
num_suborbits: 1
472 (*) : 1----0---0-----0----------
472     : ['ep_epoch0(node0)', '~ep_epoch1(node1)', '~held(node1)', '~locked_epoch2(node1)']
471     : -0--1---0-----0-----------
471     : ['ep_epoch0(node1)', '~ep_epoch1(node0)', '~held(node0)', '~locked_epoch2(node0)']
num_forall :   0
num_exists :   0
num_literals : 0
quantified form : None
qcost : 0


=== Prime Orbit 77 =====================
size : 2
num_suborbits: 1
356 (*) : 1----0---------0-0--------
356     : ['ep_epoch0(node0)', '~ep_epoch1(node1)', '~locked_epoch2(node1)', '~locked_epoch3(node1)']
355     : -0--1---------0-0---------
355     : ['ep_epoch0(node1)', '~ep_epoch1(node0)', '~locked_epoch2(node0)', '~locked_epoch3(node0)']
num_forall :   0
num_exists :   0
num_literals : 0
quantified form : None
qcost : 0


=== Prime Orbit 78 =====================
size : 2
num_suborbits: 1
400 (*) : -1----00-1----------------
400     : ['ep_epoch1(node0)', 'held(node1)', '~ep_epoch2(node1)', '~ep_epoch3(node1)']
399     : --00-1--1-----------------
399     : ['ep_epoch1(node1)', 'held(node0)', '~ep_epoch2(node0)', '~ep_epoch3(node0)']
num_forall :   0
num_exists :   0
num_literals : 0
quantified form : None
qcost : 0


=== Prime Orbit 79 =====================
size : 2
num_suborbits: 1
376 (*) : -1----0--1-------0--------
376     : ['ep_epoch1(node0)', 'held(node1)', '~ep_epoch2(node1)', '~locked_epoch3(node1)']
375     : --0--1--1-------0---------
375     : ['ep_epoch1(node1)', 'held(node0)', '~ep_epoch2(node0)', '~locked_epoch3(node0)']
num_forall :   0
num_exists :   0
num_literals : 0
quantified form : None
qcost : 0


=== Prime Orbit 80 =====================
size : 2
num_suborbits: 1
402 (*) : -1-----0-1-----0----------
402     : ['ep_epoch1(node0)', 'held(node1)', '~ep_epoch3(node1)', '~locked_epoch2(node1)']
401     : ---0-1--1-----0-----------
401     : ['ep_epoch1(node1)', 'held(node0)', '~ep_epoch3(node0)', '~locked_epoch2(node0)']
num_forall :   0
num_exists :   0
num_literals : 0
quantified form : None
qcost : 0


=== Prime Orbit 81 =====================
size : 2
num_suborbits: 1
388 (*) : -1-------1-----0-0--------
388     : ['ep_epoch1(node0)', 'held(node1)', '~locked_epoch2(node1)', '~locked_epoch3(node1)']
387     : -----1--1-----0-0---------
387     : ['ep_epoch1(node1)', 'held(node0)', '~locked_epoch2(node0)', '~locked_epoch3(node0)']
num_forall :   0
num_exists :   0
num_literals : 0
quantified form : None
qcost : 0


=== Prime Orbit 82 =====================
size : 4
num_suborbits: 2
546 (*) : -1--0-0-----------------1-
546     : ['ep_epoch1(node0)', 'transfer_epoch3(node0)', '~ep_epoch0(node1)', '~ep_epoch2(node1)']
477     : -1--0-0------------------1
477     : ['ep_epoch1(node0)', 'transfer_epoch3(node1)', '~ep_epoch0(node1)', '~ep_epoch2(node1)']
478     : 0-0--1------------------1-
478     : ['ep_epoch1(node1)', 'transfer_epoch3(node0)', '~ep_epoch0(node0)', '~ep_epoch2(node0)']
545     : 0-0--1-------------------1
545     : ['ep_epoch1(node1)', 'transfer_epoch3(node1)', '~ep_epoch0(node0)', '~ep_epoch2(node0)']
num_forall :   0
num_exists :   0
num_literals : 0
quantified form : None
qcost : 0


=== Prime Orbit 83 =====================
size : 4
num_suborbits: 2
544 (*) : -1--0----------0--------1-
544     : ['ep_epoch1(node0)', 'transfer_epoch3(node0)', '~ep_epoch0(node1)', '~locked_epoch2(node1)']
479     : -1--0----------0---------1
479     : ['ep_epoch1(node0)', 'transfer_epoch3(node1)', '~ep_epoch0(node1)', '~locked_epoch2(node1)']
480     : 0----1--------0---------1-
480     : ['ep_epoch1(node1)', 'transfer_epoch3(node0)', '~ep_epoch0(node0)', '~locked_epoch2(node0)']
543     : 0----1--------0----------1
543     : ['ep_epoch1(node1)', 'transfer_epoch3(node1)', '~ep_epoch0(node0)', '~locked_epoch2(node0)']
num_forall :   0
num_exists :   0
num_literals : 0
quantified form : None
qcost : 0


=== Prime Orbit 84 =====================
size : 2
num_suborbits: 1
394 (*) : -1--0-00------------------
394     : ['ep_epoch1(node0)', '~ep_epoch0(node1)', '~ep_epoch2(node1)', '~ep_epoch3(node1)']
393     : 0-00-1--------------------
393     : ['ep_epoch1(node1)', '~ep_epoch0(node0)', '~ep_epoch2(node0)', '~ep_epoch3(node0)']
num_forall :   0
num_exists :   0
num_literals : 0
quantified form : None
qcost : 0


=== Prime Orbit 85 =====================
size : 2
num_suborbits: 1
396 (*) : -1--0-0--0----------------
396     : ['ep_epoch1(node0)', '~ep_epoch0(node1)', '~ep_epoch2(node1)', '~held(node1)']
395     : 0-0--1--0-----------------
395     : ['ep_epoch1(node1)', '~ep_epoch0(node0)', '~ep_epoch2(node0)', '~held(node0)']
num_forall :   0
num_exists :   0
num_literals : 0
quantified form : None
qcost : 0


=== Prime Orbit 86 =====================
size : 2
num_suborbits: 1
378 (*) : -1--0-0----------0--------
378     : ['ep_epoch1(node0)', '~ep_epoch0(node1)', '~ep_epoch2(node1)', '~locked_epoch3(node1)']
377     : 0-0--1----------0---------
377     : ['ep_epoch1(node1)', '~ep_epoch0(node0)', '~ep_epoch2(node0)', '~locked_epoch3(node0)']
num_forall :   0
num_exists :   0
num_literals : 0
quantified form : None
qcost : 0


=== Prime Orbit 87 =====================
size : 2
num_suborbits: 1
392 (*) : -1--0--0-------0----------
392     : ['ep_epoch1(node0)', '~ep_epoch0(node1)', '~ep_epoch3(node1)', '~locked_epoch2(node1)']
391     : 0--0-1--------0-----------
391     : ['ep_epoch1(node1)', '~ep_epoch0(node0)', '~ep_epoch3(node0)', '~locked_epoch2(node0)']
num_forall :   0
num_exists :   0
num_literals : 0
quantified form : None
qcost : 0


=== Prime Orbit 88 =====================
size : 2
num_suborbits: 1
398 (*) : -1--0----0-----0----------
398     : ['ep_epoch1(node0)', '~ep_epoch0(node1)', '~held(node1)', '~locked_epoch2(node1)']
397     : 0----1--0-----0-----------
397     : ['ep_epoch1(node1)', '~ep_epoch0(node0)', '~held(node0)', '~locked_epoch2(node0)']
num_forall :   0
num_exists :   0
num_literals : 0
quantified form : None
qcost : 0


=== Prime Orbit 89 =====================
size : 2
num_suborbits: 1
390 (*) : -1--0----------0-0--------
390     : ['ep_epoch1(node0)', '~ep_epoch0(node1)', '~locked_epoch2(node1)', '~locked_epoch3(node1)']
389     : 0----1--------0-0---------
389     : ['ep_epoch1(node1)', '~ep_epoch0(node0)', '~locked_epoch2(node0)', '~locked_epoch3(node0)']
num_forall :   0
num_exists :   0
num_literals : 0
quantified form : None
qcost : 0


=== Prime Orbit 90 =====================
size : 2
num_suborbits: 1
409 (*) : --1-0---1---1-------------
409     : ['ep_epoch2(node0)', 'held(node0)', 'locked_epoch1(node0)', '~ep_epoch0(node1)']
410     : 0-----1--1---1------------
410     : ['ep_epoch2(node1)', 'held(node1)', 'locked_epoch1(node1)', '~ep_epoch0(node0)']
num_forall :   0
num_exists :   0
num_literals : 0
quantified form : None
qcost : 0


=== Prime Orbit 91 =====================
size : 2
num_suborbits: 1
441 (*) : --1--0--1----1------------
441     : ['ep_epoch2(node0)', 'held(node0)', 'locked_epoch1(node1)', '~ep_epoch1(node1)']
442     : -0----1--1--1-------------
442     : ['ep_epoch2(node1)', 'held(node1)', 'locked_epoch1(node0)', '~ep_epoch1(node0)']
num_forall :   0
num_exists :   0
num_literals : 0
quantified form : None
qcost : 0


=== Prime Orbit 92 =====================
size : 2
num_suborbits: 1
423 (*) : --1-00--1-----------------
423     : ['ep_epoch2(node0)', 'held(node0)', '~ep_epoch0(node1)', '~ep_epoch1(node1)']
424     : 00----1--1----------------
424     : ['ep_epoch2(node1)', 'held(node1)', '~ep_epoch0(node0)', '~ep_epoch1(node0)']
num_forall :   0
num_exists :   0
num_literals : 0
quantified form : None
qcost : 0


=== Prime Orbit 93 =====================
size : 2
num_suborbits: 1
425 (*) : --1-0---1----0------------
425     : ['ep_epoch2(node0)', 'held(node0)', '~ep_epoch0(node1)', '~locked_epoch1(node1)']
426     : 0-----1--1--0-------------
426     : ['ep_epoch2(node1)', 'held(node1)', '~ep_epoch0(node0)', '~locked_epoch1(node0)']
num_forall :   0
num_exists :   0
num_literals : 0
quantified form : None
qcost : 0


=== Prime Orbit 94 =====================
size : 2
num_suborbits: 1
427 (*) : --1--0--1---0-------------
427     : ['ep_epoch2(node0)', 'held(node0)', '~ep_epoch1(node1)', '~locked_epoch1(node0)']
428     : -0----1--1---0------------
428     : ['ep_epoch2(node1)', 'held(node1)', '~ep_epoch1(node0)', '~locked_epoch1(node1)']
num_forall :   0
num_exists :   0
num_literals : 0
quantified form : None
qcost : 0


=== Prime Orbit 95 =====================
size : 4
num_suborbits: 2
556 (*) : --1-0-------1-----------1-
556     : ['ep_epoch2(node0)', 'locked_epoch1(node0)', 'transfer_epoch3(node0)', '~ep_epoch0(node1)']
485     : --1-0-------1------------1
485     : ['ep_epoch2(node0)', 'locked_epoch1(node0)', 'transfer_epoch3(node1)', '~ep_epoch0(node1)']
486     : 0-----1------1----------1-
486     : ['ep_epoch2(node1)', 'locked_epoch1(node1)', 'transfer_epoch3(node0)', '~ep_epoch0(node0)']
555     : 0-----1------1-----------1
555     : ['ep_epoch2(node1)', 'locked_epoch1(node1)', 'transfer_epoch3(node1)', '~ep_epoch0(node0)']
num_forall :   0
num_exists :   0
num_literals : 0
quantified form : None
qcost : 0


=== Prime Orbit 96 =====================
size : 2
num_suborbits: 1
405 (*) : --1-0--0----1-------------
405     : ['ep_epoch2(node0)', 'locked_epoch1(node0)', '~ep_epoch0(node1)', '~ep_epoch3(node1)']
406     : 0--0--1------1------------
406     : ['ep_epoch2(node1)', 'locked_epoch1(node1)', '~ep_epoch0(node0)', '~ep_epoch3(node0)']
num_forall :   0
num_exists :   0
num_literals : 0
quantified form : None
qcost : 0


=== Prime Orbit 97 =====================
size : 2
num_suborbits: 1
403 (*) : --1-0----0--1-------------
403     : ['ep_epoch2(node0)', 'locked_epoch1(node0)', '~ep_epoch0(node1)', '~held(node1)']
404     : 0-----1-0----1------------
404     : ['ep_epoch2(node1)', 'locked_epoch1(node1)', '~ep_epoch0(node0)', '~held(node0)']
num_forall :   0
num_exists :   0
num_literals : 0
quantified form : None
qcost : 0


=== Prime Orbit 98 =====================
size : 2
num_suborbits: 1
407 (*) : --1-0-------1----0--------
407     : ['ep_epoch2(node0)', 'locked_epoch1(node0)', '~ep_epoch0(node1)', '~locked_epoch3(node1)']
408     : 0-----1------1--0---------
408     : ['ep_epoch2(node1)', 'locked_epoch1(node1)', '~ep_epoch0(node0)', '~locked_epoch3(node0)']
num_forall :   0
num_exists :   0
num_literals : 0
quantified form : None
qcost : 0


=== Prime Orbit 99 =====================
size : 4
num_suborbits: 2
566 (*) : --1--0-------1----------1-
566     : ['ep_epoch2(node0)', 'locked_epoch1(node1)', 'transfer_epoch3(node0)', '~ep_epoch1(node1)']
489     : --1--0-------1-----------1
489     : ['ep_epoch2(node0)', 'locked_epoch1(node1)', 'transfer_epoch3(node1)', '~ep_epoch1(node1)']
490     : -0----1-----1-----------1-
490     : ['ep_epoch2(node1)', 'locked_epoch1(node0)', 'transfer_epoch3(node0)', '~ep_epoch1(node0)']
565     : -0----1-----1------------1
565     : ['ep_epoch2(node1)', 'locked_epoch1(node0)', 'transfer_epoch3(node1)', '~ep_epoch1(node0)']
num_forall :   0
num_exists :   0
num_literals : 0
quantified form : None
qcost : 0


=== Prime Orbit 100 =====================
size : 2
num_suborbits: 1
435 (*) : --1--0-0-----1------------
435     : ['ep_epoch2(node0)', 'locked_epoch1(node1)', '~ep_epoch1(node1)', '~ep_epoch3(node1)']
436     : -0-0--1-----1-------------
436     : ['ep_epoch2(node1)', 'locked_epoch1(node0)', '~ep_epoch1(node0)', '~ep_epoch3(node0)']
num_forall :   0
num_exists :   0
num_literals : 0
quantified form : None
qcost : 0


=== Prime Orbit 101 =====================
size : 2
num_suborbits: 1
439 (*) : --1--0---0---1------------
439     : ['ep_epoch2(node0)', 'locked_epoch1(node1)', '~ep_epoch1(node1)', '~held(node1)']
440     : -0----1-0---1-------------
440     : ['ep_epoch2(node1)', 'locked_epoch1(node0)', '~ep_epoch1(node0)', '~held(node0)']
num_forall :   0
num_exists :   0
num_literals : 0
quantified form : None
qcost : 0


=== Prime Orbit 102 =====================
size : 2
num_suborbits: 1
437 (*) : --1--0-------1---0--------
437     : ['ep_epoch2(node0)', 'locked_epoch1(node1)', '~ep_epoch1(node1)', '~locked_epoch3(node1)']
438     : -0----1-----1---0---------
438     : ['ep_epoch2(node1)', 'locked_epoch1(node0)', '~ep_epoch1(node0)', '~locked_epoch3(node0)']
num_forall :   0
num_exists :   0
num_literals : 0
quantified form : None
qcost : 0


=== Prime Orbit 103 =====================
size : 4
num_suborbits: 2
558 (*) : --1-00------------------1-
558     : ['ep_epoch2(node0)', 'transfer_epoch3(node0)', '~ep_epoch0(node1)', '~ep_epoch1(node1)']
491     : --1-00-------------------1
491     : ['ep_epoch2(node0)', 'transfer_epoch3(node1)', '~ep_epoch0(node1)', '~ep_epoch1(node1)']
492     : 00----1-----------------1-
492     : ['ep_epoch2(node1)', 'transfer_epoch3(node0)', '~ep_epoch0(node0)', '~ep_epoch1(node0)']
557     : 00----1------------------1
557     : ['ep_epoch2(node1)', 'transfer_epoch3(node1)', '~ep_epoch0(node0)', '~ep_epoch1(node0)']
num_forall :   0
num_exists :   0
num_literals : 0
quantified form : None
qcost : 0


=== Prime Orbit 104 =====================
size : 4
num_suborbits: 2
554 (*) : --1-0--------0----------1-
554     : ['ep_epoch2(node0)', 'transfer_epoch3(node0)', '~ep_epoch0(node1)', '~locked_epoch1(node1)']
493     : --1-0--------0-----------1
493     : ['ep_epoch2(node0)', 'transfer_epoch3(node1)', '~ep_epoch0(node1)', '~locked_epoch1(node1)']
494     : 0-----1-----0-----------1-
494     : ['ep_epoch2(node1)', 'transfer_epoch3(node0)', '~ep_epoch0(node0)', '~locked_epoch1(node0)']
553     : 0-----1-----0------------1
553     : ['ep_epoch2(node1)', 'transfer_epoch3(node1)', '~ep_epoch0(node0)', '~locked_epoch1(node0)']
num_forall :   0
num_exists :   0
num_literals : 0
quantified form : None
qcost : 0


=== Prime Orbit 105 =====================
size : 4
num_suborbits: 2
560 (*) : --1--0------0-----------1-
560     : ['ep_epoch2(node0)', 'transfer_epoch3(node0)', '~ep_epoch1(node1)', '~locked_epoch1(node0)']
487     : --1--0------0------------1
487     : ['ep_epoch2(node0)', 'transfer_epoch3(node1)', '~ep_epoch1(node1)', '~locked_epoch1(node0)']
488     : -0----1------0----------1-
488     : ['ep_epoch2(node1)', 'transfer_epoch3(node0)', '~ep_epoch1(node0)', '~locked_epoch1(node1)']
559     : -0----1------0-----------1
559     : ['ep_epoch2(node1)', 'transfer_epoch3(node1)', '~ep_epoch1(node0)', '~locked_epoch1(node1)']
num_forall :   0
num_exists :   0
num_literals : 0
quantified form : None
qcost : 0


=== Prime Orbit 106 =====================
size : 2
num_suborbits: 1
411 (*) : --1-00-0------------------
411     : ['ep_epoch2(node0)', '~ep_epoch0(node1)', '~ep_epoch1(node1)', '~ep_epoch3(node1)']
412     : 00-0--1-------------------
412     : ['ep_epoch2(node1)', '~ep_epoch0(node0)', '~ep_epoch1(node0)', '~ep_epoch3(node0)']
num_forall :   0
num_exists :   0
num_literals : 0
quantified form : None
qcost : 0


=== Prime Orbit 107 =====================
size : 2
num_suborbits: 1
421 (*) : --1-00---0----------------
421     : ['ep_epoch2(node0)', '~ep_epoch0(node1)', '~ep_epoch1(node1)', '~held(node1)']
422     : 00----1-0-----------------
422     : ['ep_epoch2(node1)', '~ep_epoch0(node0)', '~ep_epoch1(node0)', '~held(node0)']
num_forall :   0
num_exists :   0
num_literals : 0
quantified form : None
qcost : 0


=== Prime Orbit 108 =====================
size : 2
num_suborbits: 1
413 (*) : --1-00-----------0--------
413     : ['ep_epoch2(node0)', '~ep_epoch0(node1)', '~ep_epoch1(node1)', '~locked_epoch3(node1)']
414     : 00----1---------0---------
414     : ['ep_epoch2(node1)', '~ep_epoch0(node0)', '~ep_epoch1(node0)', '~locked_epoch3(node0)']
num_forall :   0
num_exists :   0
num_literals : 0
quantified form : None
qcost : 0


=== Prime Orbit 109 =====================
size : 2
num_suborbits: 1
415 (*) : --1-0--0-----0------------
415     : ['ep_epoch2(node0)', '~ep_epoch0(node1)', '~ep_epoch3(node1)', '~locked_epoch1(node1)']
416     : 0--0--1-----0-------------
416     : ['ep_epoch2(node1)', '~ep_epoch0(node0)', '~ep_epoch3(node0)', '~locked_epoch1(node0)']
num_forall :   0
num_exists :   0
num_literals : 0
quantified form : None
qcost : 0


=== Prime Orbit 110 =====================
size : 2
num_suborbits: 1
419 (*) : --1-0----0---0------------
419     : ['ep_epoch2(node0)', '~ep_epoch0(node1)', '~held(node1)', '~locked_epoch1(node1)']
420     : 0-----1-0---0-------------
420     : ['ep_epoch2(node1)', '~ep_epoch0(node0)', '~held(node0)', '~locked_epoch1(node0)']
num_forall :   0
num_exists :   0
num_literals : 0
quantified form : None
qcost : 0


=== Prime Orbit 111 =====================
size : 2
num_suborbits: 1
417 (*) : --1-0--------0---0--------
417     : ['ep_epoch2(node0)', '~ep_epoch0(node1)', '~locked_epoch1(node1)', '~locked_epoch3(node1)']
418     : 0-----1-----0---0---------
418     : ['ep_epoch2(node1)', '~ep_epoch0(node0)', '~locked_epoch1(node0)', '~locked_epoch3(node0)']
num_forall :   0
num_exists :   0
num_literals : 0
quantified form : None
qcost : 0


=== Prime Orbit 112 =====================
size : 2
num_suborbits: 1
429 (*) : --1--0-0----0-------------
429     : ['ep_epoch2(node0)', '~ep_epoch1(node1)', '~ep_epoch3(node1)', '~locked_epoch1(node0)']
430     : -0-0--1------0------------
430     : ['ep_epoch2(node1)', '~ep_epoch1(node0)', '~ep_epoch3(node0)', '~locked_epoch1(node1)']
num_forall :   0
num_exists :   0
num_literals : 0
quantified form : None
qcost : 0


=== Prime Orbit 113 =====================
size : 2
num_suborbits: 1
433 (*) : --1--0---0--0-------------
433     : ['ep_epoch2(node0)', '~ep_epoch1(node1)', '~held(node1)', '~locked_epoch1(node0)']
434     : -0----1-0----0------------
434     : ['ep_epoch2(node1)', '~ep_epoch1(node0)', '~held(node0)', '~locked_epoch1(node1)']
num_forall :   0
num_exists :   0
num_literals : 0
quantified form : None
qcost : 0


=== Prime Orbit 114 =====================
size : 2
num_suborbits: 1
431 (*) : --1--0------0----0--------
431     : ['ep_epoch2(node0)', '~ep_epoch1(node1)', '~locked_epoch1(node0)', '~locked_epoch3(node1)']
432     : -0----1------0--0---------
432     : ['ep_epoch2(node1)', '~ep_epoch1(node0)', '~locked_epoch1(node1)', '~locked_epoch3(node0)']
num_forall :   0
num_exists :   0
num_literals : 0
quantified form : None
qcost : 0


=== Prime Orbit 115 =====================
size : 2
num_suborbits: 1
307 (*) : ---10-------1-1-----------
307     : ['ep_epoch3(node0)', 'locked_epoch1(node0)', 'locked_epoch2(node0)', '~ep_epoch0(node1)']
308     : 0------1-----1-1----------
308     : ['ep_epoch3(node1)', 'locked_epoch1(node1)', 'locked_epoch2(node1)', '~ep_epoch0(node0)']
num_forall :   0
num_exists :   0
num_literals : 0
quantified form : None
qcost : 0


=== Prime Orbit 116 =====================
size : 2
num_suborbits: 1
239 (*) : ---10-0-----1-------------
239     : ['ep_epoch3(node0)', 'locked_epoch1(node0)', '~ep_epoch0(node1)', '~ep_epoch2(node1)']
240     : 0-0----1-----1------------
240     : ['ep_epoch3(node1)', 'locked_epoch1(node1)', '~ep_epoch0(node0)', '~ep_epoch2(node0)']
num_forall :   0
num_exists :   0
num_literals : 0
quantified form : None
qcost : 0


=== Prime Orbit 117 =====================
size : 2
num_suborbits: 1
215 (*) : ---10-------1--0----------
215     : ['ep_epoch3(node0)', 'locked_epoch1(node0)', '~ep_epoch0(node1)', '~locked_epoch2(node1)']
216     : 0------1-----10-----------
216     : ['ep_epoch3(node1)', 'locked_epoch1(node1)', '~ep_epoch0(node0)', '~locked_epoch2(node0)']
num_forall :   0
num_exists :   0
num_literals : 0
quantified form : None
qcost : 0


=== Prime Orbit 118 =====================
size : 2
num_suborbits: 1
349 (*) : ---1-0-------11-----------
349     : ['ep_epoch3(node0)', 'locked_epoch1(node1)', 'locked_epoch2(node0)', '~ep_epoch1(node1)']
350     : -0-----1----1--1----------
350     : ['ep_epoch3(node1)', 'locked_epoch1(node0)', 'locked_epoch2(node1)', '~ep_epoch1(node0)']
num_forall :   0
num_exists :   0
num_literals : 0
quantified form : None
qcost : 0


=== Prime Orbit 119 =====================
size : 2
num_suborbits: 1
279 (*) : ---1-00------1------------
279     : ['ep_epoch3(node0)', 'locked_epoch1(node1)', '~ep_epoch1(node1)', '~ep_epoch2(node1)']
280     : -00----1----1-------------
280     : ['ep_epoch3(node1)', 'locked_epoch1(node0)', '~ep_epoch1(node0)', '~ep_epoch2(node0)']
num_forall :   0
num_exists :   0
num_literals : 0
quantified form : None
qcost : 0


=== Prime Orbit 120 =====================
size : 2
num_suborbits: 1
277 (*) : ---1-0-------1-0----------
277     : ['ep_epoch3(node0)', 'locked_epoch1(node1)', '~ep_epoch1(node1)', '~locked_epoch2(node1)']
278     : -0-----1----1-0-----------
278     : ['ep_epoch3(node1)', 'locked_epoch1(node0)', '~ep_epoch1(node0)', '~locked_epoch2(node0)']
num_forall :   0
num_exists :   0
num_literals : 0
quantified form : None
qcost : 0


=== Prime Orbit 121 =====================
size : 2
num_suborbits: 1
325 (*) : ---100--------1-----------
325     : ['ep_epoch3(node0)', 'locked_epoch2(node0)', '~ep_epoch0(node1)', '~ep_epoch1(node1)']
326     : 00-----1-------1----------
326     : ['ep_epoch3(node1)', 'locked_epoch2(node1)', '~ep_epoch0(node0)', '~ep_epoch1(node0)']
num_forall :   0
num_exists :   0
num_literals : 0
quantified form : None
qcost : 0


=== Prime Orbit 122 =====================
size : 2
num_suborbits: 1
327 (*) : ---10--------01-----------
327     : ['ep_epoch3(node0)', 'locked_epoch2(node0)', '~ep_epoch0(node1)', '~locked_epoch1(node1)']
328     : 0------1----0--1----------
328     : ['ep_epoch3(node1)', 'locked_epoch2(node1)', '~ep_epoch0(node0)', '~locked_epoch1(node0)']
num_forall :   0
num_exists :   0
num_literals : 0
quantified form : None
qcost : 0


=== Prime Orbit 123 =====================
size : 2
num_suborbits: 1
337 (*) : ---1-0------0-1-----------
337     : ['ep_epoch3(node0)', 'locked_epoch2(node0)', '~ep_epoch1(node1)', '~locked_epoch1(node0)']
338     : -0-----1-----0-1----------
338     : ['ep_epoch3(node1)', 'locked_epoch2(node1)', '~ep_epoch1(node0)', '~locked_epoch1(node1)']
num_forall :   0
num_exists :   0
num_literals : 0
quantified form : None
qcost : 0


=== Prime Orbit 124 =====================
size : 2
num_suborbits: 1
189 (*) : ---1000-------------------
189     : ['ep_epoch3(node0)', '~ep_epoch0(node1)', '~ep_epoch1(node1)', '~ep_epoch2(node1)']
190     : 000----1------------------
190     : ['ep_epoch3(node1)', '~ep_epoch0(node0)', '~ep_epoch1(node0)', '~ep_epoch2(node0)']
num_forall :   0
num_exists :   0
num_literals : 0
quantified form : None
qcost : 0


=== Prime Orbit 125 =====================
size : 2
num_suborbits: 1
199 (*) : ---100---------0----------
199     : ['ep_epoch3(node0)', '~ep_epoch0(node1)', '~ep_epoch1(node1)', '~locked_epoch2(node1)']
200     : 00-----1------0-----------
200     : ['ep_epoch3(node1)', '~ep_epoch0(node0)', '~ep_epoch1(node0)', '~locked_epoch2(node0)']
num_forall :   0
num_exists :   0
num_literals : 0
quantified form : None
qcost : 0


=== Prime Orbit 126 =====================
size : 2
num_suborbits: 1
231 (*) : ---10-0------0------------
231     : ['ep_epoch3(node0)', '~ep_epoch0(node1)', '~ep_epoch2(node1)', '~locked_epoch1(node1)']
232     : 0-0----1----0-------------
232     : ['ep_epoch3(node1)', '~ep_epoch0(node0)', '~ep_epoch2(node0)', '~locked_epoch1(node0)']
num_forall :   0
num_exists :   0
num_literals : 0
quantified form : None
qcost : 0


=== Prime Orbit 127 =====================
size : 2
num_suborbits: 1
223 (*) : ---10--------0-0----------
223     : ['ep_epoch3(node0)', '~ep_epoch0(node1)', '~locked_epoch1(node1)', '~locked_epoch2(node1)']
224     : 0------1----0-0-----------
224     : ['ep_epoch3(node1)', '~ep_epoch0(node0)', '~locked_epoch1(node0)', '~locked_epoch2(node0)']
num_forall :   0
num_exists :   0
num_literals : 0
quantified form : None
qcost : 0


=== Prime Orbit 128 =====================
size : 2
num_suborbits: 1
261 (*) : ---1-00-----0-------------
261     : ['ep_epoch3(node0)', '~ep_epoch1(node1)', '~ep_epoch2(node1)', '~locked_epoch1(node0)']
262     : -00----1-----0------------
262     : ['ep_epoch3(node1)', '~ep_epoch1(node0)', '~ep_epoch2(node0)', '~locked_epoch1(node1)']
num_forall :   0
num_exists :   0
num_literals : 0
quantified form : None
qcost : 0


=== Prime Orbit 129 =====================
size : 2
num_suborbits: 1
251 (*) : ---1-0------0--0----------
251     : ['ep_epoch3(node0)', '~ep_epoch1(node1)', '~locked_epoch1(node0)', '~locked_epoch2(node1)']
252     : -0-----1-----00-----------
252     : ['ep_epoch3(node1)', '~ep_epoch1(node0)', '~locked_epoch1(node1)', '~locked_epoch2(node0)']
num_forall :   0
num_exists :   0
num_literals : 0
quantified form : None
qcost : 0


=== Prime Orbit 130 =====================
size : 2
num_suborbits: 1
303 (*) : ----0---1---1-1-----------
303     : ['held(node0)', 'locked_epoch1(node0)', 'locked_epoch2(node0)', '~ep_epoch0(node1)']
304     : 0--------1---1-1----------
304     : ['held(node1)', 'locked_epoch1(node1)', 'locked_epoch2(node1)', '~ep_epoch0(node0)']
num_forall :   0
num_exists :   0
num_literals : 0
quantified form : None
qcost : 0


=== Prime Orbit 131 =====================
size : 2
num_suborbits: 1
235 (*) : ----0-0-1---1-------------
235     : ['held(node0)', 'locked_epoch1(node0)', '~ep_epoch0(node1)', '~ep_epoch2(node1)']
236     : 0-0------1---1------------
236     : ['held(node1)', 'locked_epoch1(node1)', '~ep_epoch0(node0)', '~ep_epoch2(node0)']
num_forall :   0
num_exists :   0
num_literals : 0
quantified form : None
qcost : 0


=== Prime Orbit 132 =====================
size : 2
num_suborbits: 1
444 (*) : ---00---1---1-------------
444     : ['held(node0)', 'locked_epoch1(node0)', '~ep_epoch0(node1)', '~ep_epoch3(node0)']
443     : 0------0-1---1------------
443     : ['held(node1)', 'locked_epoch1(node1)', '~ep_epoch0(node0)', '~ep_epoch3(node1)']
num_forall :   0
num_exists :   0
num_literals : 0
quantified form : None
qcost : 0


=== Prime Orbit 133 =====================
size : 2
num_suborbits: 1
211 (*) : ----0---1---1--0----------
211     : ['held(node0)', 'locked_epoch1(node0)', '~ep_epoch0(node1)', '~locked_epoch2(node1)']
212     : 0--------1---10-----------
212     : ['held(node1)', 'locked_epoch1(node1)', '~ep_epoch0(node0)', '~locked_epoch2(node0)']
num_forall :   0
num_exists :   0
num_literals : 0
quantified form : None
qcost : 0


=== Prime Orbit 134 =====================
size : 2
num_suborbits: 1
365 (*) : ----0---1---1---0---------
365     : ['held(node0)', 'locked_epoch1(node0)', '~ep_epoch0(node1)', '~locked_epoch3(node0)']
366     : 0--------1---1---0--------
366     : ['held(node1)', 'locked_epoch1(node1)', '~ep_epoch0(node0)', '~locked_epoch3(node1)']
num_forall :   0
num_exists :   0
num_literals : 0
quantified form : None
qcost : 0


=== Prime Orbit 135 =====================
size : 2
num_suborbits: 1
345 (*) : -----0--1----11-----------
345     : ['held(node0)', 'locked_epoch1(node1)', 'locked_epoch2(node0)', '~ep_epoch1(node1)']
346     : -0-------1--1--1----------
346     : ['held(node1)', 'locked_epoch1(node0)', 'locked_epoch2(node1)', '~ep_epoch1(node0)']
num_forall :   0
num_exists :   0
num_literals : 0
quantified form : None
qcost : 0


=== Prime Orbit 136 =====================
size : 2
num_suborbits: 1
271 (*) : -----00-1----1------------
271     : ['held(node0)', 'locked_epoch1(node1)', '~ep_epoch1(node1)', '~ep_epoch2(node1)']
272     : -00------1--1-------------
272     : ['held(node1)', 'locked_epoch1(node0)', '~ep_epoch1(node0)', '~ep_epoch2(node0)']
num_forall :   0
num_exists :   0
num_literals : 0
quantified form : None
qcost : 0


=== Prime Orbit 137 =====================
size : 2
num_suborbits: 1
447 (*) : ---0-0--1----1------------
447     : ['held(node0)', 'locked_epoch1(node1)', '~ep_epoch1(node1)', '~ep_epoch3(node0)']
448     : -0-----0-1--1-------------
448     : ['held(node1)', 'locked_epoch1(node0)', '~ep_epoch1(node0)', '~ep_epoch3(node1)']
num_forall :   0
num_exists :   0
num_literals : 0
quantified form : None
qcost : 0


=== Prime Orbit 138 =====================
size : 2
num_suborbits: 1
269 (*) : -----0--1----1-0----------
269     : ['held(node0)', 'locked_epoch1(node1)', '~ep_epoch1(node1)', '~locked_epoch2(node1)']
270     : -0-------1--1-0-----------
270     : ['held(node1)', 'locked_epoch1(node0)', '~ep_epoch1(node0)', '~locked_epoch2(node0)']
num_forall :   0
num_exists :   0
num_literals : 0
quantified form : None
qcost : 0


=== Prime Orbit 139 =====================
size : 2
num_suborbits: 1
373 (*) : -----0--1----1--0---------
373     : ['held(node0)', 'locked_epoch1(node1)', '~ep_epoch1(node1)', '~locked_epoch3(node0)']
374     : -0-------1--1----0--------
374     : ['held(node1)', 'locked_epoch1(node0)', '~ep_epoch1(node0)', '~locked_epoch3(node1)']
num_forall :   0
num_exists :   0
num_literals : 0
quantified form : None
qcost : 0


=== Prime Orbit 140 =====================
size : 2
num_suborbits: 1
445 (*) : --00----1----1------------
445     : ['held(node0)', 'locked_epoch1(node1)', '~ep_epoch2(node0)', '~ep_epoch3(node0)']
446     : ------00-1--1-------------
446     : ['held(node1)', 'locked_epoch1(node0)', '~ep_epoch2(node1)', '~ep_epoch3(node1)']
num_forall :   0
num_exists :   0
num_literals : 0
quantified form : None
qcost : 0


=== Prime Orbit 141 =====================
size : 2
num_suborbits: 1
361 (*) : --0-----1----1--0---------
361     : ['held(node0)', 'locked_epoch1(node1)', '~ep_epoch2(node0)', '~locked_epoch3(node0)']
362     : ------0--1--1----0--------
362     : ['held(node1)', 'locked_epoch1(node0)', '~ep_epoch2(node1)', '~locked_epoch3(node1)']
num_forall :   0
num_exists :   0
num_literals : 0
quantified form : None
qcost : 0


=== Prime Orbit 142 =====================
size : 2
num_suborbits: 1
449 (*) : ---0----1----10-----------
449     : ['held(node0)', 'locked_epoch1(node1)', '~ep_epoch3(node0)', '~locked_epoch2(node0)']
450     : -------0-1--1--0----------
450     : ['held(node1)', 'locked_epoch1(node0)', '~ep_epoch3(node1)', '~locked_epoch2(node1)']
num_forall :   0
num_exists :   0
num_literals : 0
quantified form : None
qcost : 0


=== Prime Orbit 143 =====================
size : 2
num_suborbits: 1
383 (*) : --------1----10-0---------
383     : ['held(node0)', 'locked_epoch1(node1)', '~locked_epoch2(node0)', '~locked_epoch3(node0)']
384     : ---------1--1--0-0--------
384     : ['held(node1)', 'locked_epoch1(node0)', '~locked_epoch2(node1)', '~locked_epoch3(node1)']
num_forall :   0
num_exists :   0
num_literals : 0
quantified form : None
qcost : 0


=== Prime Orbit 144 =====================
size : 2
num_suborbits: 1
317 (*) : ----00--1-----1-----------
317     : ['held(node0)', 'locked_epoch2(node0)', '~ep_epoch0(node1)', '~ep_epoch1(node1)']
318     : 00-------1-----1----------
318     : ['held(node1)', 'locked_epoch2(node1)', '~ep_epoch0(node0)', '~ep_epoch1(node0)']
num_forall :   0
num_exists :   0
num_literals : 0
quantified form : None
qcost : 0


=== Prime Orbit 145 =====================
size : 2
num_suborbits: 1
319 (*) : ----0---1----01-----------
319     : ['held(node0)', 'locked_epoch2(node0)', '~ep_epoch0(node1)', '~locked_epoch1(node1)']
320     : 0--------1--0--1----------
320     : ['held(node1)', 'locked_epoch2(node1)', '~ep_epoch0(node0)', '~locked_epoch1(node0)']
num_forall :   0
num_exists :   0
num_literals : 0
quantified form : None
qcost : 0


=== Prime Orbit 146 =====================
size : 2
num_suborbits: 1
333 (*) : -----0--1---0-1-----------
333     : ['held(node0)', 'locked_epoch2(node0)', '~ep_epoch1(node1)', '~locked_epoch1(node0)']
334     : -0-------1---0-1----------
334     : ['held(node1)', 'locked_epoch2(node1)', '~ep_epoch1(node0)', '~locked_epoch1(node1)']
num_forall :   0
num_exists :   0
num_literals : 0
quantified form : None
qcost : 0


=== Prime Orbit 147 =====================
size : 2
num_suborbits: 1
185 (*) : ----000-1-----------------
185     : ['held(node0)', '~ep_epoch0(node1)', '~ep_epoch1(node1)', '~ep_epoch2(node1)']
186     : 000------1----------------
186     : ['held(node1)', '~ep_epoch0(node0)', '~ep_epoch1(node0)', '~ep_epoch2(node0)']
num_forall :   0
num_exists :   0
num_literals : 0
quantified form : None
qcost : 0


=== Prime Orbit 148 =====================
size : 2
num_suborbits: 1
453 (*) : ---000--1-----------------
453     : ['held(node0)', '~ep_epoch0(node1)', '~ep_epoch1(node1)', '~ep_epoch3(node0)']
454     : 00-----0-1----------------
454     : ['held(node1)', '~ep_epoch0(node0)', '~ep_epoch1(node0)', '~ep_epoch3(node1)']
num_forall :   0
num_exists :   0
num_literals : 0
quantified form : None
qcost : 0


=== Prime Orbit 149 =====================
size : 2
num_suborbits: 1
195 (*) : ----00--1------0----------
195     : ['held(node0)', '~ep_epoch0(node1)', '~ep_epoch1(node1)', '~locked_epoch2(node1)']
196     : 00-------1----0-----------
196     : ['held(node1)', '~ep_epoch0(node0)', '~ep_epoch1(node0)', '~locked_epoch2(node0)']
num_forall :   0
num_exists :   0
num_literals : 0
quantified form : None
qcost : 0


=== Prime Orbit 150 =====================
size : 2
num_suborbits: 1
369 (*) : ----00--1-------0---------
369     : ['held(node0)', '~ep_epoch0(node1)', '~ep_epoch1(node1)', '~locked_epoch3(node0)']
370     : 00-------1-------0--------
370     : ['held(node1)', '~ep_epoch0(node0)', '~ep_epoch1(node0)', '~locked_epoch3(node1)']
num_forall :   0
num_exists :   0
num_literals : 0
quantified form : None
qcost : 0


=== Prime Orbit 151 =====================
size : 2
num_suborbits: 1
457 (*) : --000---1-----------------
457     : ['held(node0)', '~ep_epoch0(node1)', '~ep_epoch2(node0)', '~ep_epoch3(node0)']
458     : 0-----00-1----------------
458     : ['held(node1)', '~ep_epoch0(node0)', '~ep_epoch2(node1)', '~ep_epoch3(node1)']
num_forall :   0
num_exists :   0
num_literals : 0
quantified form : None
qcost : 0


=== Prime Orbit 152 =====================
size : 2
num_suborbits: 1
363 (*) : --0-0---1-------0---------
363     : ['held(node0)', '~ep_epoch0(node1)', '~ep_epoch2(node0)', '~locked_epoch3(node0)']
364     : 0-----0--1-------0--------
364     : ['held(node1)', '~ep_epoch0(node0)', '~ep_epoch2(node1)', '~locked_epoch3(node1)']
num_forall :   0
num_exists :   0
num_literals : 0
quantified form : None
qcost : 0


=== Prime Orbit 153 =====================
size : 2
num_suborbits: 1
227 (*) : ----0-0-1----0------------
227     : ['held(node0)', '~ep_epoch0(node1)', '~ep_epoch2(node1)', '~locked_epoch1(node1)']
228     : 0-0------1--0-------------
228     : ['held(node1)', '~ep_epoch0(node0)', '~ep_epoch2(node0)', '~locked_epoch1(node0)']
num_forall :   0
num_exists :   0
num_literals : 0
quantified form : None
qcost : 0


=== Prime Orbit 154 =====================
size : 2
num_suborbits: 1
461 (*) : ---00---1----0------------
461     : ['held(node0)', '~ep_epoch0(node1)', '~ep_epoch3(node0)', '~locked_epoch1(node1)']
462     : 0------0-1--0-------------
462     : ['held(node1)', '~ep_epoch0(node0)', '~ep_epoch3(node1)', '~locked_epoch1(node0)']
num_forall :   0
num_exists :   0
num_literals : 0
quantified form : None
qcost : 0


=== Prime Orbit 155 =====================
size : 2
num_suborbits: 1
463 (*) : ---00---1-----0-----------
463     : ['held(node0)', '~ep_epoch0(node1)', '~ep_epoch3(node0)', '~locked_epoch2(node0)']
464     : 0------0-1-----0----------
464     : ['held(node1)', '~ep_epoch0(node0)', '~ep_epoch3(node1)', '~locked_epoch2(node1)']
num_forall :   0
num_exists :   0
num_literals : 0
quantified form : None
qcost : 0


=== Prime Orbit 156 =====================
size : 2
num_suborbits: 1
219 (*) : ----0---1----0-0----------
219     : ['held(node0)', '~ep_epoch0(node1)', '~locked_epoch1(node1)', '~locked_epoch2(node1)']
220     : 0--------1--0-0-----------
220     : ['held(node1)', '~ep_epoch0(node0)', '~locked_epoch1(node0)', '~locked_epoch2(node0)']
num_forall :   0
num_exists :   0
num_literals : 0
quantified form : None
qcost : 0


=== Prime Orbit 157 =====================
size : 2
num_suborbits: 1
367 (*) : ----0---1----0--0---------
367     : ['held(node0)', '~ep_epoch0(node1)', '~locked_epoch1(node1)', '~locked_epoch3(node0)']
368     : 0--------1--0----0--------
368     : ['held(node1)', '~ep_epoch0(node0)', '~locked_epoch1(node0)', '~locked_epoch3(node1)']
num_forall :   0
num_exists :   0
num_literals : 0
quantified form : None
qcost : 0


=== Prime Orbit 158 =====================
size : 2
num_suborbits: 1
379 (*) : ----0---1-----0-0---------
379     : ['held(node0)', '~ep_epoch0(node1)', '~locked_epoch2(node0)', '~locked_epoch3(node0)']
380     : 0--------1-----0-0--------
380     : ['held(node1)', '~ep_epoch0(node0)', '~locked_epoch2(node1)', '~locked_epoch3(node1)']
num_forall :   0
num_exists :   0
num_literals : 0
quantified form : None
qcost : 0


=== Prime Orbit 159 =====================
size : 2
num_suborbits: 1
455 (*) : -000----1-----------------
455     : ['held(node0)', '~ep_epoch1(node0)', '~ep_epoch2(node0)', '~ep_epoch3(node0)']
456     : -----000-1----------------
456     : ['held(node1)', '~ep_epoch1(node1)', '~ep_epoch2(node1)', '~ep_epoch3(node1)']
num_forall :   0
num_exists :   0
num_literals : 0
quantified form : None
qcost : 0


=== Prime Orbit 160 =====================
size : 2
num_suborbits: 1
357 (*) : -00-----1-------0---------
357     : ['held(node0)', '~ep_epoch1(node0)', '~ep_epoch2(node0)', '~locked_epoch3(node0)']
358     : -----00--1-------0--------
358     : ['held(node1)', '~ep_epoch1(node1)', '~ep_epoch2(node1)', '~locked_epoch3(node1)']
num_forall :   0
num_exists :   0
num_literals : 0
quantified form : None
qcost : 0


=== Prime Orbit 161 =====================
size : 2
num_suborbits: 1
465 (*) : -0-0----1-----0-----------
465     : ['held(node0)', '~ep_epoch1(node0)', '~ep_epoch3(node0)', '~locked_epoch2(node0)']
466     : -----0-0-1-----0----------
466     : ['held(node1)', '~ep_epoch1(node1)', '~ep_epoch3(node1)', '~locked_epoch2(node1)']
num_forall :   0
num_exists :   0
num_literals : 0
quantified form : None
qcost : 0


=== Prime Orbit 162 =====================
size : 2
num_suborbits: 1
385 (*) : -0------1-----0-0---------
385     : ['held(node0)', '~ep_epoch1(node0)', '~locked_epoch2(node0)', '~locked_epoch3(node0)']
386     : -----0---1-----0-0--------
386     : ['held(node1)', '~ep_epoch1(node1)', '~locked_epoch2(node1)', '~locked_epoch3(node1)']
num_forall :   0
num_exists :   0
num_literals : 0
quantified form : None
qcost : 0


=== Prime Orbit 163 =====================
size : 2
num_suborbits: 1
257 (*) : -----00-1---0-------------
257     : ['held(node0)', '~ep_epoch1(node1)', '~ep_epoch2(node1)', '~locked_epoch1(node0)']
258     : -00------1---0------------
258     : ['held(node1)', '~ep_epoch1(node0)', '~ep_epoch2(node0)', '~locked_epoch1(node1)']
num_forall :   0
num_exists :   0
num_literals : 0
quantified form : None
qcost : 0


=== Prime Orbit 164 =====================
size : 2
num_suborbits: 1
451 (*) : ---0-0--1---0-------------
451     : ['held(node0)', '~ep_epoch1(node1)', '~ep_epoch3(node0)', '~locked_epoch1(node0)']
452     : -0-----0-1---0------------
452     : ['held(node1)', '~ep_epoch1(node0)', '~ep_epoch3(node1)', '~locked_epoch1(node1)']
num_forall :   0
num_exists :   0
num_literals : 0
quantified form : None
qcost : 0


=== Prime Orbit 165 =====================
size : 2
num_suborbits: 1
247 (*) : -----0--1---0--0----------
247     : ['held(node0)', '~ep_epoch1(node1)', '~locked_epoch1(node0)', '~locked_epoch2(node1)']
248     : -0-------1---00-----------
248     : ['held(node1)', '~ep_epoch1(node0)', '~locked_epoch1(node1)', '~locked_epoch2(node0)']
num_forall :   0
num_exists :   0
num_literals : 0
quantified form : None
qcost : 0


=== Prime Orbit 166 =====================
size : 2
num_suborbits: 1
371 (*) : -----0--1---0---0---------
371     : ['held(node0)', '~ep_epoch1(node1)', '~locked_epoch1(node0)', '~locked_epoch3(node0)']
372     : -0-------1---0---0--------
372     : ['held(node1)', '~ep_epoch1(node0)', '~locked_epoch1(node1)', '~locked_epoch3(node1)']
num_forall :   0
num_exists :   0
num_literals : 0
quantified form : None
qcost : 0


=== Prime Orbit 167 =====================
size : 2
num_suborbits: 1
459 (*) : --00----1---0-------------
459     : ['held(node0)', '~ep_epoch2(node0)', '~ep_epoch3(node0)', '~locked_epoch1(node0)']
460     : ------00-1---0------------
460     : ['held(node1)', '~ep_epoch2(node1)', '~ep_epoch3(node1)', '~locked_epoch1(node1)']
num_forall :   0
num_exists :   0
num_literals : 0
quantified form : None
qcost : 0


=== Prime Orbit 168 =====================
size : 2
num_suborbits: 1
359 (*) : --0-----1---0---0---------
359     : ['held(node0)', '~ep_epoch2(node0)', '~locked_epoch1(node0)', '~locked_epoch3(node0)']
360     : ------0--1---0---0--------
360     : ['held(node1)', '~ep_epoch2(node1)', '~locked_epoch1(node1)', '~locked_epoch3(node1)']
num_forall :   0
num_exists :   0
num_literals : 0
quantified form : None
qcost : 0


=== Prime Orbit 169 =====================
size : 2
num_suborbits: 1
467 (*) : ---0----1---0-0-----------
467     : ['held(node0)', '~ep_epoch3(node0)', '~locked_epoch1(node0)', '~locked_epoch2(node0)']
468     : -------0-1---0-0----------
468     : ['held(node1)', '~ep_epoch3(node1)', '~locked_epoch1(node1)', '~locked_epoch2(node1)']
num_forall :   0
num_exists :   0
num_literals : 0
quantified form : None
qcost : 0


=== Prime Orbit 170 =====================
size : 2
num_suborbits: 1
381 (*) : --------1---0-0-0---------
381     : ['held(node0)', '~locked_epoch1(node0)', '~locked_epoch2(node0)', '~locked_epoch3(node0)']
382     : ---------1---0-0-0--------
382     : ['held(node1)', '~locked_epoch1(node1)', '~locked_epoch2(node1)', '~locked_epoch3(node1)']
num_forall :   0
num_exists :   0
num_literals : 0
quantified form : None
qcost : 0


=== Prime Orbit 171 =====================
size : 2
num_suborbits: 1
305 (*) : ----0-------1-1-1---------
305     : ['locked_epoch1(node0)', 'locked_epoch2(node0)', 'locked_epoch3(node0)', '~ep_epoch0(node1)']
306     : 0------------1-1-1--------
306     : ['locked_epoch1(node1)', 'locked_epoch2(node1)', 'locked_epoch3(node1)', '~ep_epoch0(node0)']
num_forall :   0
num_exists :   0
num_literals : 0
quantified form : None
qcost : 0


=== Prime Orbit 172 =====================
size : 4
num_suborbits: 2
572 (*) : ----0-------1-1---------1-
572     : ['locked_epoch1(node0)', 'locked_epoch2(node0)', 'transfer_epoch3(node0)', '~ep_epoch0(node1)']
531     : ----0-------1-1----------1
531     : ['locked_epoch1(node0)', 'locked_epoch2(node0)', 'transfer_epoch3(node1)', '~ep_epoch0(node1)']
532     : 0------------1-1--------1-
532     : ['locked_epoch1(node1)', 'locked_epoch2(node1)', 'transfer_epoch3(node0)', '~ep_epoch0(node0)']
571     : 0------------1-1---------1
571     : ['locked_epoch1(node1)', 'locked_epoch2(node1)', 'transfer_epoch3(node1)', '~ep_epoch0(node0)']
num_forall :   0
num_exists :   0
num_literals : 0
quantified form : None
qcost : 0


=== Prime Orbit 173 =====================
size : 2
num_suborbits: 1
299 (*) : --0-0-------1-1-----------
299     : ['locked_epoch1(node0)', 'locked_epoch2(node0)', '~ep_epoch0(node1)', '~ep_epoch2(node0)']
300     : 0-----0------1-1----------
300     : ['locked_epoch1(node1)', 'locked_epoch2(node1)', '~ep_epoch0(node0)', '~ep_epoch2(node1)']
num_forall :   0
num_exists :   0
num_literals : 0
quantified form : None
qcost : 0


=== Prime Orbit 174 =====================
size : 2
num_suborbits: 1
297 (*) : ----0--0----1-1-----------
297     : ['locked_epoch1(node0)', 'locked_epoch2(node0)', '~ep_epoch0(node1)', '~ep_epoch3(node1)']
298     : 0--0---------1-1----------
298     : ['locked_epoch1(node1)', 'locked_epoch2(node1)', '~ep_epoch0(node0)', '~ep_epoch3(node0)']
num_forall :   0
num_exists :   0
num_literals : 0
quantified form : None
qcost : 0


=== Prime Orbit 175 =====================
size : 2
num_suborbits: 1
301 (*) : ----0----0--1-1-----------
301     : ['locked_epoch1(node0)', 'locked_epoch2(node0)', '~ep_epoch0(node1)', '~held(node1)']
302     : 0-------0----1-1----------
302     : ['locked_epoch1(node1)', 'locked_epoch2(node1)', '~ep_epoch0(node0)', '~held(node0)']
num_forall :   0
num_exists :   0
num_literals : 0
quantified form : None
qcost : 0


=== Prime Orbit 176 =====================
size : 2
num_suborbits: 1
167 (*) : ----0-------1-1--0--------
167     : ['locked_epoch1(node0)', 'locked_epoch2(node0)', '~ep_epoch0(node1)', '~locked_epoch3(node1)']
168     : 0------------1-10---------
168     : ['locked_epoch1(node1)', 'locked_epoch2(node1)', '~ep_epoch0(node0)', '~locked_epoch3(node0)']
num_forall :   0
num_exists :   0
num_literals : 0
quantified form : None
qcost : 0


=== Prime Orbit 177 =====================
size : 2
num_suborbits: 1
348 (*) : -0----------1--1-1--------
348     : ['locked_epoch1(node0)', 'locked_epoch2(node1)', 'locked_epoch3(node1)', '~ep_epoch1(node0)']
347     : -----0-------11-1---------
347     : ['locked_epoch1(node1)', 'locked_epoch2(node0)', 'locked_epoch3(node0)', '~ep_epoch1(node1)']
num_forall :   0
num_exists :   0
num_literals : 0
quantified form : None
qcost : 0


=== Prime Orbit 178 =====================
size : 4
num_suborbits: 2
524 (*) : -0----------1--1--------1-
524     : ['locked_epoch1(node0)', 'locked_epoch2(node1)', 'transfer_epoch3(node0)', '~ep_epoch1(node0)']
567     : -0----------1--1---------1
567     : ['locked_epoch1(node0)', 'locked_epoch2(node1)', 'transfer_epoch3(node1)', '~ep_epoch1(node0)']
568     : -----0-------11---------1-
568     : ['locked_epoch1(node1)', 'locked_epoch2(node0)', 'transfer_epoch3(node0)', '~ep_epoch1(node1)']
523     : -----0-------11----------1
523     : ['locked_epoch1(node1)', 'locked_epoch2(node0)', 'transfer_epoch3(node1)', '~ep_epoch1(node1)']
num_forall :   0
num_exists :   0
num_literals : 0
quantified form : None
qcost : 0


=== Prime Orbit 179 =====================
size : 2
num_suborbits: 1
342 (*) : -0----0-----1--1----------
342     : ['locked_epoch1(node0)', 'locked_epoch2(node1)', '~ep_epoch1(node0)', '~ep_epoch2(node1)']
341     : --0--0-------11-----------
341     : ['locked_epoch1(node1)', 'locked_epoch2(node0)', '~ep_epoch1(node1)', '~ep_epoch2(node0)']
num_forall :   0
num_exists :   0
num_literals : 0
quantified form : None
qcost : 0


=== Prime Orbit 180 =====================
size : 2
num_suborbits: 1
290 (*) : -0-0--------1--1----------
290     : ['locked_epoch1(node0)', 'locked_epoch2(node1)', '~ep_epoch1(node0)', '~ep_epoch3(node0)']
289     : -----0-0-----11-----------
289     : ['locked_epoch1(node1)', 'locked_epoch2(node0)', '~ep_epoch1(node1)', '~ep_epoch3(node1)']
num_forall :   0
num_exists :   0
num_literals : 0
quantified form : None
qcost : 0


=== Prime Orbit 181 =====================
size : 2
num_suborbits: 1
344 (*) : -0------0---1--1----------
344     : ['locked_epoch1(node0)', 'locked_epoch2(node1)', '~ep_epoch1(node0)', '~held(node0)']
343     : -----0---0---11-----------
343     : ['locked_epoch1(node1)', 'locked_epoch2(node0)', '~ep_epoch1(node1)', '~held(node1)']
num_forall :   0
num_exists :   0
num_literals : 0
quantified form : None
qcost : 0


=== Prime Orbit 182 =====================
size : 2
num_suborbits: 1
352 (*) : -0----------1--10---------
352     : ['locked_epoch1(node0)', 'locked_epoch2(node1)', '~ep_epoch1(node0)', '~locked_epoch3(node0)']
351     : -----0-------11--0--------
351     : ['locked_epoch1(node1)', 'locked_epoch2(node0)', '~ep_epoch1(node1)', '~locked_epoch3(node1)']
num_forall :   0
num_exists :   0
num_literals : 0
quantified form : None
qcost : 0


=== Prime Orbit 183 =====================
size : 2
num_suborbits: 1
237 (*) : ----0-0-----1---1---------
237     : ['locked_epoch1(node0)', 'locked_epoch3(node0)', '~ep_epoch0(node1)', '~ep_epoch2(node1)']
238     : 0-0----------1---1--------
238     : ['locked_epoch1(node1)', 'locked_epoch3(node1)', '~ep_epoch0(node0)', '~ep_epoch2(node0)']
num_forall :   0
num_exists :   0
num_literals : 0
quantified form : None
qcost : 0


=== Prime Orbit 184 =====================
size : 2
num_suborbits: 1
213 (*) : ----0-------1--01---------
213     : ['locked_epoch1(node0)', 'locked_epoch3(node0)', '~ep_epoch0(node1)', '~locked_epoch2(node1)']
214     : 0------------10--1--------
214     : ['locked_epoch1(node1)', 'locked_epoch3(node1)', '~ep_epoch0(node0)', '~locked_epoch2(node0)']
num_forall :   0
num_exists :   0
num_literals : 0
quantified form : None
qcost : 0


=== Prime Orbit 185 =====================
size : 2
num_suborbits: 1
276 (*) : -00---------1----1--------
276     : ['locked_epoch1(node0)', 'locked_epoch3(node1)', '~ep_epoch1(node0)', '~ep_epoch2(node0)']
275     : -----00------1--1---------
275     : ['locked_epoch1(node1)', 'locked_epoch3(node0)', '~ep_epoch1(node1)', '~ep_epoch2(node1)']
num_forall :   0
num_exists :   0
num_literals : 0
quantified form : None
qcost : 0


=== Prime Orbit 186 =====================
size : 2
num_suborbits: 1
274 (*) : -0----------1-0--1--------
274     : ['locked_epoch1(node0)', 'locked_epoch3(node1)', '~ep_epoch1(node0)', '~locked_epoch2(node0)']
273     : -----0-------1-01---------
273     : ['locked_epoch1(node1)', 'locked_epoch3(node0)', '~ep_epoch1(node1)', '~locked_epoch2(node1)']
num_forall :   0
num_exists :   0
num_literals : 0
quantified form : None
qcost : 0


=== Prime Orbit 187 =====================
size : 4
num_suborbits: 2
518 (*) : -0--0-------1-----------1-
518     : ['locked_epoch1(node0)', 'transfer_epoch3(node0)', '~ep_epoch0(node1)', '~ep_epoch1(node0)']
525     : -0--0-------1------------1
525     : ['locked_epoch1(node0)', 'transfer_epoch3(node1)', '~ep_epoch0(node1)', '~ep_epoch1(node0)']
526     : 0----0-------1----------1-
526     : ['locked_epoch1(node1)', 'transfer_epoch3(node0)', '~ep_epoch0(node0)', '~ep_epoch1(node1)']
517     : 0----0-------1-----------1
517     : ['locked_epoch1(node1)', 'transfer_epoch3(node1)', '~ep_epoch0(node0)', '~ep_epoch1(node1)']
num_forall :   0
num_exists :   0
num_literals : 0
quantified form : None
qcost : 0


=== Prime Orbit 188 =====================
size : 4
num_suborbits: 2
550 (*) : ----0-0-----1-----------1-
550     : ['locked_epoch1(node0)', 'transfer_epoch3(node0)', '~ep_epoch0(node1)', '~ep_epoch2(node1)']
527     : ----0-0-----1------------1
527     : ['locked_epoch1(node0)', 'transfer_epoch3(node1)', '~ep_epoch0(node1)', '~ep_epoch2(node1)']
528     : 0-0----------1----------1-
528     : ['locked_epoch1(node1)', 'transfer_epoch3(node0)', '~ep_epoch0(node0)', '~ep_epoch2(node0)']
549     : 0-0----------1-----------1
549     : ['locked_epoch1(node1)', 'transfer_epoch3(node1)', '~ep_epoch0(node0)', '~ep_epoch2(node0)']
num_forall :   0
num_exists :   0
num_literals : 0
quantified form : None
qcost : 0


=== Prime Orbit 189 =====================
size : 4
num_suborbits: 2
540 (*) : ----0-------1--0--------1-
540     : ['locked_epoch1(node0)', 'transfer_epoch3(node0)', '~ep_epoch0(node1)', '~locked_epoch2(node1)']
529     : ----0-------1--0---------1
529     : ['locked_epoch1(node0)', 'transfer_epoch3(node1)', '~ep_epoch0(node1)', '~locked_epoch2(node1)']
530     : 0------------10---------1-
530     : ['locked_epoch1(node1)', 'transfer_epoch3(node0)', '~ep_epoch0(node0)', '~locked_epoch2(node0)']
539     : 0------------10----------1
539     : ['locked_epoch1(node1)', 'transfer_epoch3(node1)', '~ep_epoch0(node0)', '~locked_epoch2(node0)']
num_forall :   0
num_exists :   0
num_literals : 0
quantified form : None
qcost : 0


=== Prime Orbit 190 =====================
size : 4
num_suborbits: 2
520 (*) : -00---------1-----------1-
520     : ['locked_epoch1(node0)', 'transfer_epoch3(node0)', '~ep_epoch1(node0)', '~ep_epoch2(node0)']
563     : -00---------1------------1
563     : ['locked_epoch1(node0)', 'transfer_epoch3(node1)', '~ep_epoch1(node0)', '~ep_epoch2(node0)']
564     : -----00------1----------1-
564     : ['locked_epoch1(node1)', 'transfer_epoch3(node0)', '~ep_epoch1(node1)', '~ep_epoch2(node1)']
519     : -----00------1-----------1
519     : ['locked_epoch1(node1)', 'transfer_epoch3(node1)', '~ep_epoch1(node1)', '~ep_epoch2(node1)']
num_forall :   0
num_exists :   0
num_literals : 0
quantified form : None
qcost : 0


=== Prime Orbit 191 =====================
size : 4
num_suborbits: 2
522 (*) : -0----------1-0---------1-
522     : ['locked_epoch1(node0)', 'transfer_epoch3(node0)', '~ep_epoch1(node0)', '~locked_epoch2(node0)']
533     : -0----------1-0----------1
533     : ['locked_epoch1(node0)', 'transfer_epoch3(node1)', '~ep_epoch1(node0)', '~locked_epoch2(node0)']
534     : -----0-------1-0--------1-
534     : ['locked_epoch1(node1)', 'transfer_epoch3(node0)', '~ep_epoch1(node1)', '~locked_epoch2(node1)']
521     : -----0-------1-0---------1
521     : ['locked_epoch1(node1)', 'transfer_epoch3(node1)', '~ep_epoch1(node1)', '~locked_epoch2(node1)']
num_forall :   0
num_exists :   0
num_literals : 0
quantified form : None
qcost : 0


=== Prime Orbit 192 =====================
size : 2
num_suborbits: 1
201 (*) : ----0-00----1-------------
201     : ['locked_epoch1(node0)', '~ep_epoch0(node1)', '~ep_epoch2(node1)', '~ep_epoch3(node1)']
202     : 0-00---------1------------
202     : ['locked_epoch1(node1)', '~ep_epoch0(node0)', '~ep_epoch2(node0)', '~ep_epoch3(node0)']
num_forall :   0
num_exists :   0
num_literals : 0
quantified form : None
qcost : 0


=== Prime Orbit 193 =====================
size : 2
num_suborbits: 1
233 (*) : ----0-0--0--1-------------
233     : ['locked_epoch1(node0)', '~ep_epoch0(node1)', '~ep_epoch2(node1)', '~held(node1)']
234     : 0-0-----0----1------------
234     : ['locked_epoch1(node1)', '~ep_epoch0(node0)', '~ep_epoch2(node0)', '~held(node0)']
num_forall :   0
num_exists :   0
num_literals : 0
quantified form : None
qcost : 0


=== Prime Orbit 194 =====================
size : 2
num_suborbits: 1
177 (*) : ----0-0-----1----0--------
177     : ['locked_epoch1(node0)', '~ep_epoch0(node1)', '~ep_epoch2(node1)', '~locked_epoch3(node1)']
178     : 0-0----------1--0---------
178     : ['locked_epoch1(node1)', '~ep_epoch0(node0)', '~ep_epoch2(node0)', '~locked_epoch3(node0)']
num_forall :   0
num_exists :   0
num_literals : 0
quantified form : None
qcost : 0


=== Prime Orbit 195 =====================
size : 2
num_suborbits: 1
205 (*) : ----0--0----1--0----------
205     : ['locked_epoch1(node0)', '~ep_epoch0(node1)', '~ep_epoch3(node1)', '~locked_epoch2(node1)']
206     : 0--0---------10-----------
206     : ['locked_epoch1(node1)', '~ep_epoch0(node0)', '~ep_epoch3(node0)', '~locked_epoch2(node0)']
num_forall :   0
num_exists :   0
num_literals : 0
quantified form : None
qcost : 0


=== Prime Orbit 196 =====================
size : 2
num_suborbits: 1
209 (*) : ----0----0--1--0----------
209     : ['locked_epoch1(node0)', '~ep_epoch0(node1)', '~held(node1)', '~locked_epoch2(node1)']
210     : 0-------0----10-----------
210     : ['locked_epoch1(node1)', '~ep_epoch0(node0)', '~held(node0)', '~locked_epoch2(node0)']
num_forall :   0
num_exists :   0
num_literals : 0
quantified form : None
qcost : 0


=== Prime Orbit 197 =====================
size : 2
num_suborbits: 1
163 (*) : ----0-------1--0-0--------
163     : ['locked_epoch1(node0)', '~ep_epoch0(node1)', '~locked_epoch2(node1)', '~locked_epoch3(node1)']
164     : 0------------10-0---------
164     : ['locked_epoch1(node1)', '~ep_epoch0(node0)', '~locked_epoch2(node0)', '~locked_epoch3(node0)']
num_forall :   0
num_exists :   0
num_literals : 0
quantified form : None
qcost : 0


=== Prime Orbit 198 =====================
size : 2
num_suborbits: 1
288 (*) : -000--------1-------------
288     : ['locked_epoch1(node0)', '~ep_epoch1(node0)', '~ep_epoch2(node0)', '~ep_epoch3(node0)']
287     : -----000-----1------------
287     : ['locked_epoch1(node1)', '~ep_epoch1(node1)', '~ep_epoch2(node1)', '~ep_epoch3(node1)']
num_forall :   0
num_exists :   0
num_literals : 0
quantified form : None
qcost : 0


=== Prime Orbit 199 =====================
size : 2
num_suborbits: 1
266 (*) : -00-----0---1-------------
266     : ['locked_epoch1(node0)', '~ep_epoch1(node0)', '~ep_epoch2(node0)', '~held(node0)']
265     : -----00--0---1------------
265     : ['locked_epoch1(node1)', '~ep_epoch1(node1)', '~ep_epoch2(node1)', '~held(node1)']
num_forall :   0
num_exists :   0
num_literals : 0
quantified form : None
qcost : 0


=== Prime Orbit 200 =====================
size : 2
num_suborbits: 1
284 (*) : -00---------1---0---------
284     : ['locked_epoch1(node0)', '~ep_epoch1(node0)', '~ep_epoch2(node0)', '~locked_epoch3(node0)']
283     : -----00------1---0--------
283     : ['locked_epoch1(node1)', '~ep_epoch1(node1)', '~ep_epoch2(node1)', '~locked_epoch3(node1)']
num_forall :   0
num_exists :   0
num_literals : 0
quantified form : None
qcost : 0


=== Prime Orbit 201 =====================
size : 2
num_suborbits: 1
286 (*) : -0-0--------1-0-----------
286     : ['locked_epoch1(node0)', '~ep_epoch1(node0)', '~ep_epoch3(node0)', '~locked_epoch2(node0)']
285     : -----0-0-----1-0----------
285     : ['locked_epoch1(node1)', '~ep_epoch1(node1)', '~ep_epoch3(node1)', '~locked_epoch2(node1)']
num_forall :   0
num_exists :   0
num_literals : 0
quantified form : None
qcost : 0


=== Prime Orbit 202 =====================
size : 2
num_suborbits: 1
268 (*) : -0------0---1-0-----------
268     : ['locked_epoch1(node0)', '~ep_epoch1(node0)', '~held(node0)', '~locked_epoch2(node0)']
267     : -----0---0---1-0----------
267     : ['locked_epoch1(node1)', '~ep_epoch1(node1)', '~held(node1)', '~locked_epoch2(node1)']
num_forall :   0
num_exists :   0
num_literals : 0
quantified form : None
qcost : 0


=== Prime Orbit 203 =====================
size : 2
num_suborbits: 1
282 (*) : -0----------1-0-0---------
282     : ['locked_epoch1(node0)', '~ep_epoch1(node0)', '~locked_epoch2(node0)', '~locked_epoch3(node0)']
281     : -----0-------1-0-0--------
281     : ['locked_epoch1(node1)', '~ep_epoch1(node1)', '~locked_epoch2(node1)', '~locked_epoch3(node1)']
num_forall :   0
num_exists :   0
num_literals : 0
quantified form : None
qcost : 0


=== Prime Orbit 204 =====================
size : 2
num_suborbits: 1
321 (*) : ----00--------1-1---------
321     : ['locked_epoch2(node0)', 'locked_epoch3(node0)', '~ep_epoch0(node1)', '~ep_epoch1(node1)']
322     : 00-------------1-1--------
322     : ['locked_epoch2(node1)', 'locked_epoch3(node1)', '~ep_epoch0(node0)', '~ep_epoch1(node0)']
num_forall :   0
num_exists :   0
num_literals : 0
quantified form : None
qcost : 0


=== Prime Orbit 205 =====================
size : 2
num_suborbits: 1
323 (*) : ----0--------01-1---------
323     : ['locked_epoch2(node0)', 'locked_epoch3(node0)', '~ep_epoch0(node1)', '~locked_epoch1(node1)']
324     : 0-----------0--1-1--------
324     : ['locked_epoch2(node1)', 'locked_epoch3(node1)', '~ep_epoch0(node0)', '~locked_epoch1(node0)']
num_forall :   0
num_exists :   0
num_literals : 0
quantified form : None
qcost : 0


=== Prime Orbit 206 =====================
size : 2
num_suborbits: 1
335 (*) : -----0------0-1-1---------
335     : ['locked_epoch2(node0)', 'locked_epoch3(node0)', '~ep_epoch1(node1)', '~locked_epoch1(node0)']
336     : -0-----------0-1-1--------
336     : ['locked_epoch2(node1)', 'locked_epoch3(node1)', '~ep_epoch1(node0)', '~locked_epoch1(node1)']
num_forall :   0
num_exists :   0
num_literals : 0
quantified form : None
qcost : 0


=== Prime Orbit 207 =====================
size : 4
num_suborbits: 2
574 (*) : ----00--------1---------1-
574     : ['locked_epoch2(node0)', 'transfer_epoch3(node0)', '~ep_epoch0(node1)', '~ep_epoch1(node1)']
499     : ----00--------1----------1
499     : ['locked_epoch2(node0)', 'transfer_epoch3(node1)', '~ep_epoch0(node1)', '~ep_epoch1(node1)']
500     : 00-------------1--------1-
500     : ['locked_epoch2(node1)', 'transfer_epoch3(node0)', '~ep_epoch0(node0)', '~ep_epoch1(node0)']
573     : 00-------------1---------1
573     : ['locked_epoch2(node1)', 'transfer_epoch3(node1)', '~ep_epoch0(node0)', '~ep_epoch1(node0)']
num_forall :   0
num_exists :   0
num_literals : 0
quantified form : None
qcost : 0


=== Prime Orbit 208 =====================
size : 4
num_suborbits: 2
570 (*) : ----0--------01---------1-
570     : ['locked_epoch2(node0)', 'transfer_epoch3(node0)', '~ep_epoch0(node1)', '~locked_epoch1(node1)']
507     : ----0--------01----------1
507     : ['locked_epoch2(node0)', 'transfer_epoch3(node1)', '~ep_epoch0(node1)', '~locked_epoch1(node1)']
508     : 0-----------0--1--------1-
508     : ['locked_epoch2(node1)', 'transfer_epoch3(node0)', '~ep_epoch0(node0)', '~locked_epoch1(node0)']
569     : 0-----------0--1---------1
569     : ['locked_epoch2(node1)', 'transfer_epoch3(node1)', '~ep_epoch0(node0)', '~locked_epoch1(node0)']
num_forall :   0
num_exists :   0
num_literals : 0
quantified form : None
qcost : 0


=== Prime Orbit 209 =====================
size : 4
num_suborbits: 2
576 (*) : -----0------0-1---------1-
576     : ['locked_epoch2(node0)', 'transfer_epoch3(node0)', '~ep_epoch1(node1)', '~locked_epoch1(node0)']
515     : -----0------0-1----------1
515     : ['locked_epoch2(node0)', 'transfer_epoch3(node1)', '~ep_epoch1(node1)', '~locked_epoch1(node0)']
516     : -0-----------0-1--------1-
516     : ['locked_epoch2(node1)', 'transfer_epoch3(node0)', '~ep_epoch1(node0)', '~locked_epoch1(node1)']
575     : -0-----------0-1---------1
575     : ['locked_epoch2(node1)', 'transfer_epoch3(node1)', '~ep_epoch1(node0)', '~locked_epoch1(node1)']
num_forall :   0
num_exists :   0
num_literals : 0
quantified form : None
qcost : 0


=== Prime Orbit 210 =====================
size : 2
num_suborbits: 1
309 (*) : --0-00--------1-----------
309     : ['locked_epoch2(node0)', '~ep_epoch0(node1)', '~ep_epoch1(node1)', '~ep_epoch2(node0)']
310     : 00----0--------1----------
310     : ['locked_epoch2(node1)', '~ep_epoch0(node0)', '~ep_epoch1(node0)', '~ep_epoch2(node1)']
num_forall :   0
num_exists :   0
num_literals : 0
quantified form : None
qcost : 0


=== Prime Orbit 211 =====================
size : 2
num_suborbits: 1
291 (*) : ----00-0------1-----------
291     : ['locked_epoch2(node0)', '~ep_epoch0(node1)', '~ep_epoch1(node1)', '~ep_epoch3(node1)']
292     : 00-0-----------1----------
292     : ['locked_epoch2(node1)', '~ep_epoch0(node0)', '~ep_epoch1(node0)', '~ep_epoch3(node0)']
num_forall :   0
num_exists :   0
num_literals : 0
quantified form : None
qcost : 0


=== Prime Orbit 212 =====================
size : 2
num_suborbits: 1
313 (*) : ----00---0----1-----------
313     : ['locked_epoch2(node0)', '~ep_epoch0(node1)', '~ep_epoch1(node1)', '~held(node1)']
314     : 00------0------1----------
314     : ['locked_epoch2(node1)', '~ep_epoch0(node0)', '~ep_epoch1(node0)', '~held(node0)']
num_forall :   0
num_exists :   0
num_literals : 0
quantified form : None
qcost : 0


=== Prime Orbit 213 =====================
size : 2
num_suborbits: 1
169 (*) : ----00--------1--0--------
169     : ['locked_epoch2(node0)', '~ep_epoch0(node1)', '~ep_epoch1(node1)', '~locked_epoch3(node1)']
170     : 00-------------10---------
170     : ['locked_epoch2(node1)', '~ep_epoch0(node0)', '~ep_epoch1(node0)', '~locked_epoch3(node0)']
num_forall :   0
num_exists :   0
num_literals : 0
quantified form : None
qcost : 0


=== Prime Orbit 214 =====================
size : 2
num_suborbits: 1
311 (*) : --0-0--------01-----------
311     : ['locked_epoch2(node0)', '~ep_epoch0(node1)', '~ep_epoch2(node0)', '~locked_epoch1(node1)']
312     : 0-----0-----0--1----------
312     : ['locked_epoch2(node1)', '~ep_epoch0(node0)', '~ep_epoch2(node1)', '~locked_epoch1(node0)']
num_forall :   0
num_exists :   0
num_literals : 0
quantified form : None
qcost : 0


=== Prime Orbit 215 =====================
size : 2
num_suborbits: 1
295 (*) : ----0--0-----01-----------
295     : ['locked_epoch2(node0)', '~ep_epoch0(node1)', '~ep_epoch3(node1)', '~locked_epoch1(node1)']
296     : 0--0--------0--1----------
296     : ['locked_epoch2(node1)', '~ep_epoch0(node0)', '~ep_epoch3(node0)', '~locked_epoch1(node0)']
num_forall :   0
num_exists :   0
num_literals : 0
quantified form : None
qcost : 0


=== Prime Orbit 216 =====================
size : 2
num_suborbits: 1
315 (*) : ----0----0---01-----------
315     : ['locked_epoch2(node0)', '~ep_epoch0(node1)', '~held(node1)', '~locked_epoch1(node1)']
316     : 0-------0---0--1----------
316     : ['locked_epoch2(node1)', '~ep_epoch0(node0)', '~held(node0)', '~locked_epoch1(node0)']
num_forall :   0
num_exists :   0
num_literals : 0
quantified form : None
qcost : 0


=== Prime Orbit 217 =====================
size : 2
num_suborbits: 1
171 (*) : ----0--------01--0--------
171     : ['locked_epoch2(node0)', '~ep_epoch0(node1)', '~locked_epoch1(node1)', '~locked_epoch3(node1)']
172     : 0-----------0--10---------
172     : ['locked_epoch2(node1)', '~ep_epoch0(node0)', '~locked_epoch1(node0)', '~locked_epoch3(node0)']
num_forall :   0
num_exists :   0
num_literals : 0
quantified form : None
qcost : 0


=== Prime Orbit 218 =====================
size : 2
num_suborbits: 1
329 (*) : --0--0------0-1-----------
329     : ['locked_epoch2(node0)', '~ep_epoch1(node1)', '~ep_epoch2(node0)', '~locked_epoch1(node0)']
330     : -0----0------0-1----------
330     : ['locked_epoch2(node1)', '~ep_epoch1(node0)', '~ep_epoch2(node1)', '~locked_epoch1(node1)']
num_forall :   0
num_exists :   0
num_literals : 0
quantified form : None
qcost : 0


=== Prime Orbit 219 =====================
size : 2
num_suborbits: 1
293 (*) : -----0-0----0-1-----------
293     : ['locked_epoch2(node0)', '~ep_epoch1(node1)', '~ep_epoch3(node1)', '~locked_epoch1(node0)']
294     : -0-0---------0-1----------
294     : ['locked_epoch2(node1)', '~ep_epoch1(node0)', '~ep_epoch3(node0)', '~locked_epoch1(node1)']
num_forall :   0
num_exists :   0
num_literals : 0
quantified form : None
qcost : 0


=== Prime Orbit 220 =====================
size : 2
num_suborbits: 1
331 (*) : -----0---0--0-1-----------
331     : ['locked_epoch2(node0)', '~ep_epoch1(node1)', '~held(node1)', '~locked_epoch1(node0)']
332     : -0------0----0-1----------
332     : ['locked_epoch2(node1)', '~ep_epoch1(node0)', '~held(node0)', '~locked_epoch1(node1)']
num_forall :   0
num_exists :   0
num_literals : 0
quantified form : None
qcost : 0


=== Prime Orbit 221 =====================
size : 2
num_suborbits: 1
339 (*) : -----0------0-1--0--------
339     : ['locked_epoch2(node0)', '~ep_epoch1(node1)', '~locked_epoch1(node0)', '~locked_epoch3(node1)']
340     : -0-----------0-10---------
340     : ['locked_epoch2(node1)', '~ep_epoch1(node0)', '~locked_epoch1(node1)', '~locked_epoch3(node0)']
num_forall :   0
num_exists :   0
num_literals : 0
quantified form : None
qcost : 0


=== Prime Orbit 222 =====================
size : 2
num_suborbits: 1
187 (*) : ----000---------1---------
187     : ['locked_epoch3(node0)', '~ep_epoch0(node1)', '~ep_epoch1(node1)', '~ep_epoch2(node1)']
188     : 000--------------1--------
188     : ['locked_epoch3(node1)', '~ep_epoch0(node0)', '~ep_epoch1(node0)', '~ep_epoch2(node0)']
num_forall :   0
num_exists :   0
num_literals : 0
quantified form : None
qcost : 0


=== Prime Orbit 223 =====================
size : 2
num_suborbits: 1
197 (*) : ----00---------01---------
197     : ['locked_epoch3(node0)', '~ep_epoch0(node1)', '~ep_epoch1(node1)', '~locked_epoch2(node1)']
198     : 00------------0--1--------
198     : ['locked_epoch3(node1)', '~ep_epoch0(node0)', '~ep_epoch1(node0)', '~locked_epoch2(node0)']
num_forall :   0
num_exists :   0
num_literals : 0
quantified form : None
qcost : 0


=== Prime Orbit 224 =====================
size : 2
num_suborbits: 1
229 (*) : ----0-0------0--1---------
229     : ['locked_epoch3(node0)', '~ep_epoch0(node1)', '~ep_epoch2(node1)', '~locked_epoch1(node1)']
230     : 0-0---------0----1--------
230     : ['locked_epoch3(node1)', '~ep_epoch0(node0)', '~ep_epoch2(node0)', '~locked_epoch1(node0)']
num_forall :   0
num_exists :   0
num_literals : 0
quantified form : None
qcost : 0


=== Prime Orbit 225 =====================
size : 2
num_suborbits: 1
221 (*) : ----0--------0-01---------
221     : ['locked_epoch3(node0)', '~ep_epoch0(node1)', '~locked_epoch1(node1)', '~locked_epoch2(node1)']
222     : 0-----------0-0--1--------
222     : ['locked_epoch3(node1)', '~ep_epoch0(node0)', '~locked_epoch1(node0)', '~locked_epoch2(node0)']
num_forall :   0
num_exists :   0
num_literals : 0
quantified form : None
qcost : 0


=== Prime Orbit 226 =====================
size : 2
num_suborbits: 1
259 (*) : -----00-----0---1---------
259     : ['locked_epoch3(node0)', '~ep_epoch1(node1)', '~ep_epoch2(node1)', '~locked_epoch1(node0)']
260     : -00----------0---1--------
260     : ['locked_epoch3(node1)', '~ep_epoch1(node0)', '~ep_epoch2(node0)', '~locked_epoch1(node1)']
num_forall :   0
num_exists :   0
num_literals : 0
quantified form : None
qcost : 0


=== Prime Orbit 227 =====================
size : 2
num_suborbits: 1
249 (*) : -----0------0--01---------
249     : ['locked_epoch3(node0)', '~ep_epoch1(node1)', '~locked_epoch1(node0)', '~locked_epoch2(node1)']
250     : -0-----------00--1--------
250     : ['locked_epoch3(node1)', '~ep_epoch1(node0)', '~locked_epoch1(node1)', '~locked_epoch2(node0)']
num_forall :   0
num_exists :   0
num_literals : 0
quantified form : None
qcost : 0


=== Prime Orbit 228 =====================
size : 4
num_suborbits: 2
498 (*) : 000---------------------1-
498     : ['transfer_epoch3(node0)', '~ep_epoch0(node0)', '~ep_epoch1(node0)', '~ep_epoch2(node0)']
552     : ----000-----------------1-
552     : ['transfer_epoch3(node0)', '~ep_epoch0(node1)', '~ep_epoch1(node1)', '~ep_epoch2(node1)']
551     : 000----------------------1
551     : ['transfer_epoch3(node1)', '~ep_epoch0(node0)', '~ep_epoch1(node0)', '~ep_epoch2(node0)']
497     : ----000------------------1
497     : ['transfer_epoch3(node1)', '~ep_epoch0(node1)', '~ep_epoch1(node1)', '~ep_epoch2(node1)']
num_forall :   0
num_exists :   0
num_literals : 0
quantified form : None
qcost : 0


=== Prime Orbit 229 =====================
size : 4
num_suborbits: 2
496 (*) : 00------------0---------1-
496     : ['transfer_epoch3(node0)', '~ep_epoch0(node0)', '~ep_epoch1(node0)', '~locked_epoch2(node0)']
536     : ----00---------0--------1-
536     : ['transfer_epoch3(node0)', '~ep_epoch0(node1)', '~ep_epoch1(node1)', '~locked_epoch2(node1)']
535     : 00------------0----------1
535     : ['transfer_epoch3(node1)', '~ep_epoch0(node0)', '~ep_epoch1(node0)', '~locked_epoch2(node0)']
495     : ----00---------0---------1
495     : ['transfer_epoch3(node1)', '~ep_epoch0(node1)', '~ep_epoch1(node1)', '~locked_epoch2(node1)']
num_forall :   0
num_exists :   0
num_literals : 0
quantified form : None
qcost : 0


=== Prime Orbit 230 =====================
size : 4
num_suborbits: 2
502 (*) : 0----0------0-----------1-
502     : ['transfer_epoch3(node0)', '~ep_epoch0(node0)', '~ep_epoch1(node1)', '~locked_epoch1(node0)']
510     : -0--0--------0----------1-
510     : ['transfer_epoch3(node0)', '~ep_epoch0(node1)', '~ep_epoch1(node0)', '~locked_epoch1(node1)']
509     : 0----0------0------------1
509     : ['transfer_epoch3(node1)', '~ep_epoch0(node0)', '~ep_epoch1(node1)', '~locked_epoch1(node0)']
501     : -0--0--------0-----------1
501     : ['transfer_epoch3(node1)', '~ep_epoch0(node1)', '~ep_epoch1(node0)', '~locked_epoch1(node1)']
num_forall :   0
num_exists :   0
num_literals : 0
quantified form : None
qcost : 0


=== Prime Orbit 231 =====================
size : 4
num_suborbits: 2
504 (*) : 0-0---------0-----------1-
504     : ['transfer_epoch3(node0)', '~ep_epoch0(node0)', '~ep_epoch2(node0)', '~locked_epoch1(node0)']
548     : ----0-0------0----------1-
548     : ['transfer_epoch3(node0)', '~ep_epoch0(node1)', '~ep_epoch2(node1)', '~locked_epoch1(node1)']
547     : 0-0---------0------------1
547     : ['transfer_epoch3(node1)', '~ep_epoch0(node0)', '~ep_epoch2(node0)', '~locked_epoch1(node0)']
503     : ----0-0------0-----------1
503     : ['transfer_epoch3(node1)', '~ep_epoch0(node1)', '~ep_epoch2(node1)', '~locked_epoch1(node1)']
num_forall :   0
num_exists :   0
num_literals : 0
quantified form : None
qcost : 0


=== Prime Orbit 232 =====================
size : 4
num_suborbits: 2
506 (*) : 0-----------0-0---------1-
506     : ['transfer_epoch3(node0)', '~ep_epoch0(node0)', '~locked_epoch1(node0)', '~locked_epoch2(node0)']
542     : ----0--------0-0--------1-
542     : ['transfer_epoch3(node0)', '~ep_epoch0(node1)', '~locked_epoch1(node1)', '~locked_epoch2(node1)']
541     : 0-----------0-0----------1
541     : ['transfer_epoch3(node1)', '~ep_epoch0(node0)', '~locked_epoch1(node0)', '~locked_epoch2(node0)']
505     : ----0--------0-0---------1
505     : ['transfer_epoch3(node1)', '~ep_epoch0(node1)', '~locked_epoch1(node1)', '~locked_epoch2(node1)']
num_forall :   0
num_exists :   0
num_literals : 0
quantified form : None
qcost : 0


=== Prime Orbit 233 =====================
size : 4
num_suborbits: 2
512 (*) : -00----------0----------1-
512     : ['transfer_epoch3(node0)', '~ep_epoch1(node0)', '~ep_epoch2(node0)', '~locked_epoch1(node1)']
562     : -----00-----0-----------1-
562     : ['transfer_epoch3(node0)', '~ep_epoch1(node1)', '~ep_epoch2(node1)', '~locked_epoch1(node0)']
561     : -00----------0-----------1
561     : ['transfer_epoch3(node1)', '~ep_epoch1(node0)', '~ep_epoch2(node0)', '~locked_epoch1(node1)']
511     : -----00-----0------------1
511     : ['transfer_epoch3(node1)', '~ep_epoch1(node1)', '~ep_epoch2(node1)', '~locked_epoch1(node0)']
num_forall :   0
num_exists :   0
num_literals : 0
quantified form : None
qcost : 0


=== Prime Orbit 234 =====================
size : 4
num_suborbits: 2
514 (*) : -0-----------00---------1-
514     : ['transfer_epoch3(node0)', '~ep_epoch1(node0)', '~locked_epoch1(node1)', '~locked_epoch2(node0)']
538     : -----0------0--0--------1-
538     : ['transfer_epoch3(node0)', '~ep_epoch1(node1)', '~locked_epoch1(node0)', '~locked_epoch2(node1)']
537     : -0-----------00----------1
537     : ['transfer_epoch3(node1)', '~ep_epoch1(node0)', '~locked_epoch1(node1)', '~locked_epoch2(node0)']
513     : -----0------0--0---------1
513     : ['transfer_epoch3(node1)', '~ep_epoch1(node1)', '~locked_epoch1(node0)', '~locked_epoch2(node1)']
num_forall :   0
num_exists :   0
num_literals : 0
quantified form : None
qcost : 0


=== Prime Orbit 235 =====================
size : 2
num_suborbits: 1
182 (*) : 0000----------------------
182     : ['~ep_epoch0(node0)', '~ep_epoch1(node0)', '~ep_epoch2(node0)', '~ep_epoch3(node0)']
181     : ----0000------------------
181     : ['~ep_epoch0(node1)', '~ep_epoch1(node1)', '~ep_epoch2(node1)', '~ep_epoch3(node1)']
num_forall :   0
num_exists :   0
num_literals : 0
quantified form : None
qcost : 0


=== Prime Orbit 236 =====================
size : 2
num_suborbits: 1
184 (*) : 000-----0-----------------
184     : ['~ep_epoch0(node0)', '~ep_epoch1(node0)', '~ep_epoch2(node0)', '~held(node0)']
183     : ----000--0----------------
183     : ['~ep_epoch0(node1)', '~ep_epoch1(node1)', '~ep_epoch2(node1)', '~held(node1)']
num_forall :   0
num_exists :   0
num_literals : 0
quantified form : None
qcost : 0


=== Prime Orbit 237 =====================
size : 2
num_suborbits: 1
174 (*) : 000-------------0---------
174     : ['~ep_epoch0(node0)', '~ep_epoch1(node0)', '~ep_epoch2(node0)', '~locked_epoch3(node0)']
173     : ----000----------0--------
173     : ['~ep_epoch0(node1)', '~ep_epoch1(node1)', '~ep_epoch2(node1)', '~locked_epoch3(node1)']
num_forall :   0
num_exists :   0
num_literals : 0
quantified form : None
qcost : 0


=== Prime Orbit 238 =====================
size : 2
num_suborbits: 1
192 (*) : 00-0----------0-----------
192     : ['~ep_epoch0(node0)', '~ep_epoch1(node0)', '~ep_epoch3(node0)', '~locked_epoch2(node0)']
191     : ----00-0-------0----------
191     : ['~ep_epoch0(node1)', '~ep_epoch1(node1)', '~ep_epoch3(node1)', '~locked_epoch2(node1)']
num_forall :   0
num_exists :   0
num_literals : 0
quantified form : None
qcost : 0


=== Prime Orbit 239 =====================
size : 2
num_suborbits: 1
194 (*) : 00------0-----0-----------
194     : ['~ep_epoch0(node0)', '~ep_epoch1(node0)', '~held(node0)', '~locked_epoch2(node0)']
193     : ----00---0-----0----------
193     : ['~ep_epoch0(node1)', '~ep_epoch1(node1)', '~held(node1)', '~locked_epoch2(node1)']
num_forall :   0
num_exists :   0
num_literals : 0
quantified form : None
qcost : 0


=== Prime Orbit 240 =====================
size : 2
num_suborbits: 1
176 (*) : 00------------0-0---------
176     : ['~ep_epoch0(node0)', '~ep_epoch1(node0)', '~locked_epoch2(node0)', '~locked_epoch3(node0)']
175     : ----00---------0-0--------
175     : ['~ep_epoch0(node1)', '~ep_epoch1(node1)', '~locked_epoch2(node1)', '~locked_epoch3(node1)']
num_forall :   0
num_exists :   0
num_literals : 0
quantified form : None
qcost : 0


=== Prime Orbit 241 =====================
size : 2
num_suborbits: 1
204 (*) : 0-00--------0-------------
204     : ['~ep_epoch0(node0)', '~ep_epoch2(node0)', '~ep_epoch3(node0)', '~locked_epoch1(node0)']
203     : ----0-00-----0------------
203     : ['~ep_epoch0(node1)', '~ep_epoch2(node1)', '~ep_epoch3(node1)', '~locked_epoch1(node1)']
num_forall :   0
num_exists :   0
num_literals : 0
quantified form : None
qcost : 0


=== Prime Orbit 242 =====================
size : 2
num_suborbits: 1
226 (*) : 0-0-----0---0-------------
226     : ['~ep_epoch0(node0)', '~ep_epoch2(node0)', '~held(node0)', '~locked_epoch1(node0)']
225     : ----0-0--0---0------------
225     : ['~ep_epoch0(node1)', '~ep_epoch2(node1)', '~held(node1)', '~locked_epoch1(node1)']
num_forall :   0
num_exists :   0
num_literals : 0
quantified form : None
qcost : 0


=== Prime Orbit 243 =====================
size : 2
num_suborbits: 1
180 (*) : 0-0---------0---0---------
180     : ['~ep_epoch0(node0)', '~ep_epoch2(node0)', '~locked_epoch1(node0)', '~locked_epoch3(node0)']
179     : ----0-0------0---0--------
179     : ['~ep_epoch0(node1)', '~ep_epoch2(node1)', '~locked_epoch1(node1)', '~locked_epoch3(node1)']
num_forall :   0
num_exists :   0
num_literals : 0
quantified form : None
qcost : 0


=== Prime Orbit 244 =====================
size : 2
num_suborbits: 1
208 (*) : 0--0--------0-0-----------
208     : ['~ep_epoch0(node0)', '~ep_epoch3(node0)', '~locked_epoch1(node0)', '~locked_epoch2(node0)']
207     : ----0--0-----0-0----------
207     : ['~ep_epoch0(node1)', '~ep_epoch3(node1)', '~locked_epoch1(node1)', '~locked_epoch2(node1)']
num_forall :   0
num_exists :   0
num_literals : 0
quantified form : None
qcost : 0


=== Prime Orbit 245 =====================
size : 2
num_suborbits: 1
218 (*) : 0-------0---0-0-----------
218     : ['~ep_epoch0(node0)', '~held(node0)', '~locked_epoch1(node0)', '~locked_epoch2(node0)']
217     : ----0----0---0-0----------
217     : ['~ep_epoch0(node1)', '~held(node1)', '~locked_epoch1(node1)', '~locked_epoch2(node1)']
num_forall :   0
num_exists :   0
num_literals : 0
quantified form : None
qcost : 0


=== Prime Orbit 246 =====================
size : 2
num_suborbits: 1
166 (*) : 0-----------0-0-0---------
166     : ['~ep_epoch0(node0)', '~locked_epoch1(node0)', '~locked_epoch2(node0)', '~locked_epoch3(node0)']
165     : ----0--------0-0-0--------
165     : ['~ep_epoch0(node1)', '~locked_epoch1(node1)', '~locked_epoch2(node1)', '~locked_epoch3(node1)']
num_forall :   0
num_exists :   0
num_literals : 0
quantified form : None
qcost : 0


=== Prime Orbit 247 =====================
size : 2
num_suborbits: 1
244 (*) : -000---------0------------
244     : ['~ep_epoch1(node0)', '~ep_epoch2(node0)', '~ep_epoch3(node0)', '~locked_epoch1(node1)']
243     : -----000----0-------------
243     : ['~ep_epoch1(node1)', '~ep_epoch2(node1)', '~ep_epoch3(node1)', '~locked_epoch1(node0)']
num_forall :   0
num_exists :   0
num_literals : 0
quantified form : None
qcost : 0


=== Prime Orbit 248 =====================
size : 2
num_suborbits: 1
256 (*) : -00-----0----0------------
256     : ['~ep_epoch1(node0)', '~ep_epoch2(node0)', '~held(node0)', '~locked_epoch1(node1)']
255     : -----00--0--0-------------
255     : ['~ep_epoch1(node1)', '~ep_epoch2(node1)', '~held(node1)', '~locked_epoch1(node0)']
num_forall :   0
num_exists :   0
num_literals : 0
quantified form : None
qcost : 0


=== Prime Orbit 249 =====================
size : 2
num_suborbits: 1
264 (*) : -00----------0--0---------
264     : ['~ep_epoch1(node0)', '~ep_epoch2(node0)', '~locked_epoch1(node1)', '~locked_epoch3(node0)']
263     : -----00-----0----0--------
263     : ['~ep_epoch1(node1)', '~ep_epoch2(node1)', '~locked_epoch1(node0)', '~locked_epoch3(node1)']
num_forall :   0
num_exists :   0
num_literals : 0
quantified form : None
qcost : 0


=== Prime Orbit 250 =====================
size : 2
num_suborbits: 1
242 (*) : -0-0---------00-----------
242     : ['~ep_epoch1(node0)', '~ep_epoch3(node0)', '~locked_epoch1(node1)', '~locked_epoch2(node0)']
241     : -----0-0----0--0----------
241     : ['~ep_epoch1(node1)', '~ep_epoch3(node1)', '~locked_epoch1(node0)', '~locked_epoch2(node1)']
num_forall :   0
num_exists :   0
num_literals : 0
quantified form : None
qcost : 0


=== Prime Orbit 251 =====================
size : 2
num_suborbits: 1
246 (*) : -0------0----00-----------
246     : ['~ep_epoch1(node0)', '~held(node0)', '~locked_epoch1(node1)', '~locked_epoch2(node0)']
245     : -----0---0--0--0----------
245     : ['~ep_epoch1(node1)', '~held(node1)', '~locked_epoch1(node0)', '~locked_epoch2(node1)']
num_forall :   0
num_exists :   0
num_literals : 0
quantified form : None
qcost : 0


=== Prime Orbit 252 =====================
size : 2
num_suborbits: 1
254 (*) : -0-----------00-0---------
254     : ['~ep_epoch1(node0)', '~locked_epoch1(node1)', '~locked_epoch2(node0)', '~locked_epoch3(node0)']
253     : -----0------0--0-0--------
253     : ['~ep_epoch1(node1)', '~locked_epoch1(node0)', '~locked_epoch2(node1)', '~locked_epoch3(node1)']
num_forall :   0
num_exists :   0
num_literals : 0
quantified form : None
qcost : 0


=== Prime Orbit 253 =====================
size : 2
num_suborbits: 1
648 (*) : 1-----1--0--------------00
648     : ['ep_epoch0(node0)', 'ep_epoch2(node1)', '~held(node1)', '~transfer_epoch3(node0)', '~transfer_epoch3(node1)']
647     : --1-1---0---------------00
647     : ['ep_epoch0(node1)', 'ep_epoch2(node0)', '~held(node0)', '~transfer_epoch3(node0)', '~transfer_epoch3(node1)']
num_forall :   0
num_exists :   0
num_literals : 0
quantified form : None
qcost : 0


=== Prime Orbit 254 =====================
size : 2
num_suborbits: 1
656 (*) : 1--------0-----1--------00
656     : ['ep_epoch0(node0)', 'locked_epoch2(node1)', '~held(node1)', '~transfer_epoch3(node0)', '~transfer_epoch3(node1)']
655     : ----1---0-----1---------00
655     : ['ep_epoch0(node1)', 'locked_epoch2(node0)', '~held(node0)', '~transfer_epoch3(node0)', '~transfer_epoch3(node1)']
num_forall :   0
num_exists :   0
num_literals : 0
quantified form : None
qcost : 0


=== Prime Orbit 255 =====================
size : 2
num_suborbits: 1
581 (*) : 1----0---0--------------00
581     : ['ep_epoch0(node0)', '~ep_epoch1(node1)', '~held(node1)', '~transfer_epoch3(node0)', '~transfer_epoch3(node1)']
582     : -0--1---0---------------00
582     : ['ep_epoch0(node1)', '~ep_epoch1(node0)', '~held(node0)', '~transfer_epoch3(node0)', '~transfer_epoch3(node1)']
num_forall :   0
num_exists :   0
num_literals : 0
quantified form : None
qcost : 0


=== Prime Orbit 256 =====================
size : 2
num_suborbits: 1
640 (*) : -1----1--0--------------00
640     : ['ep_epoch1(node0)', 'ep_epoch2(node1)', '~held(node1)', '~transfer_epoch3(node0)', '~transfer_epoch3(node1)']
639     : --1--1--0---------------00
639     : ['ep_epoch1(node1)', 'ep_epoch2(node0)', '~held(node0)', '~transfer_epoch3(node0)', '~transfer_epoch3(node1)']
num_forall :   0
num_exists :   0
num_literals : 0
quantified form : None
qcost : 0


=== Prime Orbit 257 =====================
size : 2
num_suborbits: 1
638 (*) : -1-------0-----1--------00
638     : ['ep_epoch1(node0)', 'locked_epoch2(node1)', '~held(node1)', '~transfer_epoch3(node0)', '~transfer_epoch3(node1)']
637     : -----1--0-----1---------00
637     : ['ep_epoch1(node1)', 'locked_epoch2(node0)', '~held(node0)', '~transfer_epoch3(node0)', '~transfer_epoch3(node1)']
num_forall :   0
num_exists :   0
num_literals : 0
quantified form : None
qcost : 0


=== Prime Orbit 258 =====================
size : 2
num_suborbits: 1
584 (*) : -1--0----0--------------00
584     : ['ep_epoch1(node0)', '~ep_epoch0(node1)', '~held(node1)', '~transfer_epoch3(node0)', '~transfer_epoch3(node1)']
583     : 0----1--0---------------00
583     : ['ep_epoch1(node1)', '~ep_epoch0(node0)', '~held(node0)', '~transfer_epoch3(node0)', '~transfer_epoch3(node1)']
num_forall :   0
num_exists :   0
num_literals : 0
quantified form : None
qcost : 0


=== Prime Orbit 259 =====================
size : 2
num_suborbits: 1
641 (*) : --1----00---------------00
641     : ['ep_epoch2(node0)', '~ep_epoch3(node1)', '~held(node0)', '~transfer_epoch3(node0)', '~transfer_epoch3(node1)']
642     : ---0--1--0--------------00
642     : ['ep_epoch2(node1)', '~ep_epoch3(node0)', '~held(node1)', '~transfer_epoch3(node0)', '~transfer_epoch3(node1)']
num_forall :   0
num_exists :   0
num_literals : 0
quantified form : None
qcost : 0


=== Prime Orbit 260 =====================
size : 2
num_suborbits: 1
645 (*) : --1-----00--------------00
645     : ['ep_epoch2(node0)', '~held(node0)', '~held(node1)', '~transfer_epoch3(node0)', '~transfer_epoch3(node1)']
646     : ------1-00--------------00
646     : ['ep_epoch2(node1)', '~held(node0)', '~held(node1)', '~transfer_epoch3(node0)', '~transfer_epoch3(node1)']
num_forall :   0
num_exists :   0
num_literals : 0
quantified form : None
qcost : 0


=== Prime Orbit 261 =====================
size : 2
num_suborbits: 1
643 (*) : --1-----0--------0------00
643     : ['ep_epoch2(node0)', '~held(node0)', '~locked_epoch3(node1)', '~transfer_epoch3(node0)', '~transfer_epoch3(node1)']
644     : ------1--0------0-------00
644     : ['ep_epoch2(node1)', '~held(node1)', '~locked_epoch3(node0)', '~transfer_epoch3(node0)', '~transfer_epoch3(node1)']
num_forall :   0
num_exists :   0
num_literals : 0
quantified form : None
qcost : 0


=== Prime Orbit 262 =====================
size : 2
num_suborbits: 1
594 (*) : -00-0-0-----1-------------
594     : ['locked_epoch1(node0)', '~ep_epoch0(node1)', '~ep_epoch1(node0)', '~ep_epoch2(node0)', '~ep_epoch2(node1)']
593     : 0-0--00------1------------
593     : ['locked_epoch1(node1)', '~ep_epoch0(node0)', '~ep_epoch1(node1)', '~ep_epoch2(node0)', '~ep_epoch2(node1)']
num_forall :   0
num_exists :   0
num_literals : 0
quantified form : None
qcost : 0


=== Prime Orbit 263 =====================
size : 4
num_suborbits: 2
592 (*) : -00-0-------1--0----------
592     : ['locked_epoch1(node0)', '~ep_epoch0(node1)', '~ep_epoch1(node0)', '~ep_epoch2(node0)', '~locked_epoch2(node1)']
596     : -0--0-0-----1-0-----------
596     : ['locked_epoch1(node0)', '~ep_epoch0(node1)', '~ep_epoch1(node0)', '~ep_epoch2(node1)', '~locked_epoch2(node0)']
595     : 0-0--0-------1-0----------
595     : ['locked_epoch1(node1)', '~ep_epoch0(node0)', '~ep_epoch1(node1)', '~ep_epoch2(node0)', '~locked_epoch2(node1)']
591     : 0----00------10-----------
591     : ['locked_epoch1(node1)', '~ep_epoch0(node0)', '~ep_epoch1(node1)', '~ep_epoch2(node1)', '~locked_epoch2(node0)']
num_forall :   0
num_exists :   0
num_literals : 0
quantified form : None
qcost : 0


=== Prime Orbit 264 =====================
size : 2
num_suborbits: 1
598 (*) : -0-00--0----1-------------
598     : ['locked_epoch1(node0)', '~ep_epoch0(node1)', '~ep_epoch1(node0)', '~ep_epoch3(node0)', '~ep_epoch3(node1)']
597     : 0--0-0-0-----1------------
597     : ['locked_epoch1(node1)', '~ep_epoch0(node0)', '~ep_epoch1(node1)', '~ep_epoch3(node0)', '~ep_epoch3(node1)']
num_forall :   0
num_exists :   0
num_literals : 0
quantified form : None
qcost : 0


=== Prime Orbit 265 =====================
size : 4
num_suborbits: 2
602 (*) : -0-00----0--1-------------
602     : ['locked_epoch1(node0)', '~ep_epoch0(node1)', '~ep_epoch1(node0)', '~ep_epoch3(node0)', '~held(node1)']
612     : -0--0--00---1-------------
612     : ['locked_epoch1(node0)', '~ep_epoch0(node1)', '~ep_epoch1(node0)', '~ep_epoch3(node1)', '~held(node0)']
611     : 0--0-0---0---1------------
611     : ['locked_epoch1(node1)', '~ep_epoch0(node0)', '~ep_epoch1(node1)', '~ep_epoch3(node0)', '~held(node1)']
601     : 0----0-00----1------------
601     : ['locked_epoch1(node1)', '~ep_epoch0(node0)', '~ep_epoch1(node1)', '~ep_epoch3(node1)', '~held(node0)']
num_forall :   0
num_exists :   0
num_literals : 0
quantified form : None
qcost : 0


=== Prime Orbit 266 =====================
size : 4
num_suborbits: 2
600 (*) : -0-00-------1----0--------
600     : ['locked_epoch1(node0)', '~ep_epoch0(node1)', '~ep_epoch1(node0)', '~ep_epoch3(node0)', '~locked_epoch3(node1)']
604     : -0--0--0----1---0---------
604     : ['locked_epoch1(node0)', '~ep_epoch0(node1)', '~ep_epoch1(node0)', '~ep_epoch3(node1)', '~locked_epoch3(node0)']
603     : 0--0-0-------1---0--------
603     : ['locked_epoch1(node1)', '~ep_epoch0(node0)', '~ep_epoch1(node1)', '~ep_epoch3(node0)', '~locked_epoch3(node1)']
599     : 0----0-0-----1--0---------
599     : ['locked_epoch1(node1)', '~ep_epoch0(node0)', '~ep_epoch1(node1)', '~ep_epoch3(node1)', '~locked_epoch3(node0)']
num_forall :   0
num_exists :   0
num_literals : 0
quantified form : None
qcost : 0


=== Prime Orbit 267 =====================
size : 2
num_suborbits: 1
614 (*) : -0--0---00--1-------------
614     : ['locked_epoch1(node0)', '~ep_epoch0(node1)', '~ep_epoch1(node0)', '~held(node0)', '~held(node1)']
613     : 0----0--00---1------------
613     : ['locked_epoch1(node1)', '~ep_epoch0(node0)', '~ep_epoch1(node1)', '~held(node0)', '~held(node1)']
num_forall :   0
num_exists :   0
num_literals : 0
quantified form : None
qcost : 0


=== Prime Orbit 268 =====================
size : 4
num_suborbits: 2
610 (*) : -0--0---0---1----0--------
610     : ['locked_epoch1(node0)', '~ep_epoch0(node1)', '~ep_epoch1(node0)', '~held(node0)', '~locked_epoch3(node1)']
608     : -0--0----0--1---0---------
608     : ['locked_epoch1(node0)', '~ep_epoch0(node1)', '~ep_epoch1(node0)', '~held(node1)', '~locked_epoch3(node0)']
607     : 0----0--0----1---0--------
607     : ['locked_epoch1(node1)', '~ep_epoch0(node0)', '~ep_epoch1(node1)', '~held(node0)', '~locked_epoch3(node1)']
609     : 0----0---0---1--0---------
609     : ['locked_epoch1(node1)', '~ep_epoch0(node0)', '~ep_epoch1(node1)', '~held(node1)', '~locked_epoch3(node0)']
num_forall :   0
num_exists :   0
num_literals : 0
quantified form : None
qcost : 0


=== Prime Orbit 269 =====================
size : 2
num_suborbits: 1
586 (*) : -0--0-------1-00----------
586     : ['locked_epoch1(node0)', '~ep_epoch0(node1)', '~ep_epoch1(node0)', '~locked_epoch2(node0)', '~locked_epoch2(node1)']
585     : 0----0-------100----------
585     : ['locked_epoch1(node1)', '~ep_epoch0(node0)', '~ep_epoch1(node1)', '~locked_epoch2(node0)', '~locked_epoch2(node1)']
num_forall :   0
num_exists :   0
num_literals : 0
quantified form : None
qcost : 0


=== Prime Orbit 270 =====================
size : 2
num_suborbits: 1
606 (*) : -0--0-------1---00--------
606     : ['locked_epoch1(node0)', '~ep_epoch0(node1)', '~ep_epoch1(node0)', '~locked_epoch3(node0)', '~locked_epoch3(node1)']
605     : 0----0-------1--00--------
605     : ['locked_epoch1(node1)', '~ep_epoch0(node0)', '~ep_epoch1(node1)', '~locked_epoch3(node0)', '~locked_epoch3(node1)']
num_forall :   0
num_exists :   0
num_literals : 0
quantified form : None
qcost : 0


=== Prime Orbit 271 =====================
size : 2
num_suborbits: 1
653 (*) : -------00-----1---------00
653     : ['locked_epoch2(node0)', '~ep_epoch3(node1)', '~held(node0)', '~transfer_epoch3(node0)', '~transfer_epoch3(node1)']
654     : ---0-----0-----1--------00
654     : ['locked_epoch2(node1)', '~ep_epoch3(node0)', '~held(node1)', '~transfer_epoch3(node0)', '~transfer_epoch3(node1)']
num_forall :   0
num_exists :   0
num_literals : 0
quantified form : None
qcost : 0


=== Prime Orbit 272 =====================
size : 2
num_suborbits: 1
649 (*) : --------00----1---------00
649     : ['locked_epoch2(node0)', '~held(node0)', '~held(node1)', '~transfer_epoch3(node0)', '~transfer_epoch3(node1)']
650     : --------00-----1--------00
650     : ['locked_epoch2(node1)', '~held(node0)', '~held(node1)', '~transfer_epoch3(node0)', '~transfer_epoch3(node1)']
num_forall :   0
num_exists :   0
num_literals : 0
quantified form : None
qcost : 0


=== Prime Orbit 273 =====================
size : 2
num_suborbits: 1
651 (*) : --------0-----1--0------00
651     : ['locked_epoch2(node0)', '~held(node0)', '~locked_epoch3(node1)', '~transfer_epoch3(node0)', '~transfer_epoch3(node1)']
652     : ---------0-----10-------00
652     : ['locked_epoch2(node1)', '~held(node1)', '~locked_epoch3(node0)', '~transfer_epoch3(node0)', '~transfer_epoch3(node1)']
num_forall :   0
num_exists :   0
num_literals : 0
quantified form : None
qcost : 0


=== Prime Orbit 274 =====================
size : 2
num_suborbits: 1
664 (*) : 00--00------------------1-
664     : ['transfer_epoch3(node0)', '~ep_epoch0(node0)', '~ep_epoch0(node1)', '~ep_epoch1(node0)', '~ep_epoch1(node1)']
663     : 00--00-------------------1
663     : ['transfer_epoch3(node1)', '~ep_epoch0(node0)', '~ep_epoch0(node1)', '~ep_epoch1(node0)', '~ep_epoch1(node1)']
num_forall :   0
num_exists :   0
num_literals : 0
quantified form : None
qcost : 0


=== Prime Orbit 275 =====================
size : 2
num_suborbits: 1
666 (*) : 0-0-0-0-----------------1-
666     : ['transfer_epoch3(node0)', '~ep_epoch0(node0)', '~ep_epoch0(node1)', '~ep_epoch2(node0)', '~ep_epoch2(node1)']
665     : 0-0-0-0------------------1
665     : ['transfer_epoch3(node1)', '~ep_epoch0(node0)', '~ep_epoch0(node1)', '~ep_epoch2(node0)', '~ep_epoch2(node1)']
num_forall :   0
num_exists :   0
num_literals : 0
quantified form : None
qcost : 0


=== Prime Orbit 276 =====================
size : 4
num_suborbits: 2
660 (*) : 0-0-0----------0--------1-
660     : ['transfer_epoch3(node0)', '~ep_epoch0(node0)', '~ep_epoch0(node1)', '~ep_epoch2(node0)', '~locked_epoch2(node1)']
662     : 0---0-0-------0---------1-
662     : ['transfer_epoch3(node0)', '~ep_epoch0(node0)', '~ep_epoch0(node1)', '~ep_epoch2(node1)', '~locked_epoch2(node0)']
661     : 0-0-0----------0---------1
661     : ['transfer_epoch3(node1)', '~ep_epoch0(node0)', '~ep_epoch0(node1)', '~ep_epoch2(node0)', '~locked_epoch2(node1)']
659     : 0---0-0-------0----------1
659     : ['transfer_epoch3(node1)', '~ep_epoch0(node0)', '~ep_epoch0(node1)', '~ep_epoch2(node1)', '~locked_epoch2(node0)']
num_forall :   0
num_exists :   0
num_literals : 0
quantified form : None
qcost : 0


=== Prime Orbit 277 =====================
size : 2
num_suborbits: 1
658 (*) : 0---0---------00--------1-
658     : ['transfer_epoch3(node0)', '~ep_epoch0(node0)', '~ep_epoch0(node1)', '~locked_epoch2(node0)', '~locked_epoch2(node1)']
657     : 0---0---------00---------1
657     : ['transfer_epoch3(node1)', '~ep_epoch0(node0)', '~ep_epoch0(node1)', '~locked_epoch2(node0)', '~locked_epoch2(node1)']
num_forall :   0
num_exists :   0
num_literals : 0
quantified form : None
qcost : 0


=== Prime Orbit 278 =====================
size : 2
num_suborbits: 1
668 (*) : -00--00-----------------1-
668     : ['transfer_epoch3(node0)', '~ep_epoch1(node0)', '~ep_epoch1(node1)', '~ep_epoch2(node0)', '~ep_epoch2(node1)']
667     : -00--00------------------1
667     : ['transfer_epoch3(node1)', '~ep_epoch1(node0)', '~ep_epoch1(node1)', '~ep_epoch2(node0)', '~ep_epoch2(node1)']
num_forall :   0
num_exists :   0
num_literals : 0
quantified form : None
qcost : 0


=== Prime Orbit 279 =====================
size : 4
num_suborbits: 2
674 (*) : -00--0---------0--------1-
674     : ['transfer_epoch3(node0)', '~ep_epoch1(node0)', '~ep_epoch1(node1)', '~ep_epoch2(node0)', '~locked_epoch2(node1)']
670     : -0---00-------0---------1-
670     : ['transfer_epoch3(node0)', '~ep_epoch1(node0)', '~ep_epoch1(node1)', '~ep_epoch2(node1)', '~locked_epoch2(node0)']
669     : -00--0---------0---------1
669     : ['transfer_epoch3(node1)', '~ep_epoch1(node0)', '~ep_epoch1(node1)', '~ep_epoch2(node0)', '~locked_epoch2(node1)']
673     : -0---00-------0----------1
673     : ['transfer_epoch3(node1)', '~ep_epoch1(node0)', '~ep_epoch1(node1)', '~ep_epoch2(node1)', '~locked_epoch2(node0)']
num_forall :   0
num_exists :   0
num_literals : 0
quantified form : None
qcost : 0


=== Prime Orbit 280 =====================
size : 2
num_suborbits: 1
672 (*) : -0---0--------00--------1-
672     : ['transfer_epoch3(node0)', '~ep_epoch1(node0)', '~ep_epoch1(node1)', '~locked_epoch2(node0)', '~locked_epoch2(node1)']
671     : -0---0--------00---------1
671     : ['transfer_epoch3(node1)', '~ep_epoch1(node0)', '~ep_epoch1(node1)', '~locked_epoch2(node0)', '~locked_epoch2(node1)']
num_forall :   0
num_exists :   0
num_literals : 0
quantified form : None
qcost : 0


=== Prime Orbit 281 =====================
size : 2
num_suborbits: 1
621 (*) : 0-0--00-----0-------------
621     : ['~ep_epoch0(node0)', '~ep_epoch1(node1)', '~ep_epoch2(node0)', '~ep_epoch2(node1)', '~locked_epoch1(node0)']
622     : -00-0-0------0------------
622     : ['~ep_epoch0(node1)', '~ep_epoch1(node0)', '~ep_epoch2(node0)', '~ep_epoch2(node1)', '~locked_epoch1(node1)']
num_forall :   0
num_exists :   0
num_literals : 0
quantified form : None
qcost : 0


=== Prime Orbit 282 =====================
size : 4
num_suborbits: 2
635 (*) : 0-0--0------0--0----------
635     : ['~ep_epoch0(node0)', '~ep_epoch1(node1)', '~ep_epoch2(node0)', '~locked_epoch1(node0)', '~locked_epoch2(node1)']
589     : 0----00-----0-0-----------
589     : ['~ep_epoch0(node0)', '~ep_epoch1(node1)', '~ep_epoch2(node1)', '~locked_epoch1(node0)', '~locked_epoch2(node0)']
590     : -00-0--------0-0----------
590     : ['~ep_epoch0(node1)', '~ep_epoch1(node0)', '~ep_epoch2(node0)', '~locked_epoch1(node1)', '~locked_epoch2(node1)']
636     : -0--0-0------00-----------
636     : ['~ep_epoch0(node1)', '~ep_epoch1(node0)', '~ep_epoch2(node1)', '~locked_epoch1(node1)', '~locked_epoch2(node0)']
num_forall :   0
num_exists :   0
num_literals : 0
quantified form : None
qcost : 0


=== Prime Orbit 283 =====================
size : 2
num_suborbits: 1
627 (*) : 0--0-0-0----0-------------
627     : ['~ep_epoch0(node0)', '~ep_epoch1(node1)', '~ep_epoch3(node0)', '~ep_epoch3(node1)', '~locked_epoch1(node0)']
628     : -0-00--0-----0------------
628     : ['~ep_epoch0(node1)', '~ep_epoch1(node0)', '~ep_epoch3(node0)', '~ep_epoch3(node1)', '~locked_epoch1(node1)']
num_forall :   0
num_exists :   0
num_literals : 0
quantified form : None
qcost : 0


=== Prime Orbit 284 =====================
size : 4
num_suborbits: 2
619 (*) : 0--0-0---0--0-------------
619     : ['~ep_epoch0(node0)', '~ep_epoch1(node1)', '~ep_epoch3(node0)', '~held(node1)', '~locked_epoch1(node0)']
625     : 0----0-00---0-------------
625     : ['~ep_epoch0(node0)', '~ep_epoch1(node1)', '~ep_epoch3(node1)', '~held(node0)', '~locked_epoch1(node0)']
626     : -0-00----0---0------------
626     : ['~ep_epoch0(node1)', '~ep_epoch1(node0)', '~ep_epoch3(node0)', '~held(node1)', '~locked_epoch1(node1)']
620     : -0--0--00----0------------
620     : ['~ep_epoch0(node1)', '~ep_epoch1(node0)', '~ep_epoch3(node1)', '~held(node0)', '~locked_epoch1(node1)']
num_forall :   0
num_exists :   0
num_literals : 0
quantified form : None
qcost : 0


=== Prime Orbit 285 =====================
size : 4
num_suborbits: 2
633 (*) : 0--0-0------0----0--------
633     : ['~ep_epoch0(node0)', '~ep_epoch1(node1)', '~ep_epoch3(node0)', '~locked_epoch1(node0)', '~locked_epoch3(node1)']
623     : 0----0-0----0---0---------
623     : ['~ep_epoch0(node0)', '~ep_epoch1(node1)', '~ep_epoch3(node1)', '~locked_epoch1(node0)', '~locked_epoch3(node0)']
624     : -0-00--------0---0--------
624     : ['~ep_epoch0(node1)', '~ep_epoch1(node0)', '~ep_epoch3(node0)', '~locked_epoch1(node1)', '~locked_epoch3(node1)']
634     : -0--0--0-----0--0---------
634     : ['~ep_epoch0(node1)', '~ep_epoch1(node0)', '~ep_epoch3(node1)', '~locked_epoch1(node1)', '~locked_epoch3(node0)']
num_forall :   0
num_exists :   0
num_literals : 0
quantified form : None
qcost : 0


=== Prime Orbit 286 =====================
size : 2
num_suborbits: 1
617 (*) : 0----0--00--0-------------
617     : ['~ep_epoch0(node0)', '~ep_epoch1(node1)', '~held(node0)', '~held(node1)', '~locked_epoch1(node0)']
618     : -0--0---00---0------------
618     : ['~ep_epoch0(node1)', '~ep_epoch1(node0)', '~held(node0)', '~held(node1)', '~locked_epoch1(node1)']
num_forall :   0
num_exists :   0
num_literals : 0
quantified form : None
qcost : 0


=== Prime Orbit 287 =====================
size : 4
num_suborbits: 2
631 (*) : 0----0--0---0----0--------
631     : ['~ep_epoch0(node0)', '~ep_epoch1(node1)', '~held(node0)', '~locked_epoch1(node0)', '~locked_epoch3(node1)']
615     : 0----0---0--0---0---------
615     : ['~ep_epoch0(node0)', '~ep_epoch1(node1)', '~held(node1)', '~locked_epoch1(node0)', '~locked_epoch3(node0)']
616     : -0--0---0----0---0--------
616     : ['~ep_epoch0(node1)', '~ep_epoch1(node0)', '~held(node0)', '~locked_epoch1(node1)', '~locked_epoch3(node1)']
632     : -0--0----0---0--0---------
632     : ['~ep_epoch0(node1)', '~ep_epoch1(node0)', '~held(node1)', '~locked_epoch1(node1)', '~locked_epoch3(node0)']
num_forall :   0
num_exists :   0
num_literals : 0
quantified form : None
qcost : 0


=== Prime Orbit 288 =====================
size : 2
num_suborbits: 1
587 (*) : 0----0------0-00----------
587     : ['~ep_epoch0(node0)', '~ep_epoch1(node1)', '~locked_epoch1(node0)', '~locked_epoch2(node0)', '~locked_epoch2(node1)']
588     : -0--0--------000----------
588     : ['~ep_epoch0(node1)', '~ep_epoch1(node0)', '~locked_epoch1(node1)', '~locked_epoch2(node0)', '~locked_epoch2(node1)']
num_forall :   0
num_exists :   0
num_literals : 0
quantified form : None
qcost : 0


=== Prime Orbit 289 =====================
size : 2
num_suborbits: 1
629 (*) : 0----0------0---00--------
629     : ['~ep_epoch0(node0)', '~ep_epoch1(node1)', '~locked_epoch1(node0)', '~locked_epoch3(node0)', '~locked_epoch3(node1)']
630     : -0--0--------0--00--------
630     : ['~ep_epoch0(node1)', '~ep_epoch1(node0)', '~locked_epoch1(node1)', '~locked_epoch3(node0)', '~locked_epoch3(node1)']
num_forall :   0
num_exists :   0
num_literals : 0
quantified form : None
qcost : 0


=== Prime Orbit 290 =====================
size : 2
num_suborbits: 1
785 (*) : 1--------0------------0000
785     : ['ep_epoch0(node0)', '~held(node1)', '~transfer_epoch2(node0)', '~transfer_epoch2(node1)', '~transfer_epoch3(node0)', '~transfer_epoch3(node1)']
786     : ----1---0-------------0000
786     : ['ep_epoch0(node1)', '~held(node0)', '~transfer_epoch2(node0)', '~transfer_epoch2(node1)', '~transfer_epoch3(node0)', '~transfer_epoch3(node1)']
num_forall :   0
num_exists :   0
num_literals : 0
quantified form : None
qcost : 0


=== Prime Orbit 291 =====================
size : 2
num_suborbits: 1
764 (*) : ---00----0--1-----------00
764     : ['locked_epoch1(node0)', '~ep_epoch0(node1)', '~ep_epoch3(node0)', '~held(node1)', '~transfer_epoch3(node0)', '~transfer_epoch3(node1)']
765     : 0------00----1----------00
765     : ['locked_epoch1(node1)', '~ep_epoch0(node0)', '~ep_epoch3(node1)', '~held(node0)', '~transfer_epoch3(node0)', '~transfer_epoch3(node1)']
num_forall :   0
num_exists :   0
num_literals : 0
quantified form : None
qcost : 0


=== Prime Orbit 292 =====================
size : 2
num_suborbits: 1
762 (*) : ----0---00--1-----------00
762     : ['locked_epoch1(node0)', '~ep_epoch0(node1)', '~held(node0)', '~held(node1)', '~transfer_epoch3(node0)', '~transfer_epoch3(node1)']
763     : 0-------00---1----------00
763     : ['locked_epoch1(node1)', '~ep_epoch0(node0)', '~held(node0)', '~held(node1)', '~transfer_epoch3(node0)', '~transfer_epoch3(node1)']
num_forall :   0
num_exists :   0
num_literals : 0
quantified form : None
qcost : 0


=== Prime Orbit 293 =====================
size : 2
num_suborbits: 1
760 (*) : ----0----0--1---0-------00
760     : ['locked_epoch1(node0)', '~ep_epoch0(node1)', '~held(node1)', '~locked_epoch3(node0)', '~transfer_epoch3(node0)', '~transfer_epoch3(node1)']
761     : 0-------0----1---0------00
761     : ['locked_epoch1(node1)', '~ep_epoch0(node0)', '~held(node0)', '~locked_epoch3(node1)', '~transfer_epoch3(node0)', '~transfer_epoch3(node1)']
num_forall :   0
num_exists :   0
num_literals : 0
quantified form : None
qcost : 0


=== Prime Orbit 294 =====================
size : 2
num_suborbits: 1
770 (*) : -0-----00---1-----------00
770     : ['locked_epoch1(node0)', '~ep_epoch1(node0)', '~ep_epoch3(node1)', '~held(node0)', '~transfer_epoch3(node0)', '~transfer_epoch3(node1)']
771     : ---0-0---0---1----------00
771     : ['locked_epoch1(node1)', '~ep_epoch1(node1)', '~ep_epoch3(node0)', '~held(node1)', '~transfer_epoch3(node0)', '~transfer_epoch3(node1)']
num_forall :   0
num_exists :   0
num_literals : 0
quantified form : None
qcost : 0


=== Prime Orbit 295 =====================
size : 2
num_suborbits: 1
766 (*) : -0------00--1-----------00
766     : ['locked_epoch1(node0)', '~ep_epoch1(node0)', '~held(node0)', '~held(node1)', '~transfer_epoch3(node0)', '~transfer_epoch3(node1)']
767     : -----0--00---1----------00
767     : ['locked_epoch1(node1)', '~ep_epoch1(node1)', '~held(node0)', '~held(node1)', '~transfer_epoch3(node0)', '~transfer_epoch3(node1)']
num_forall :   0
num_exists :   0
num_literals : 0
quantified form : None
qcost : 0


=== Prime Orbit 296 =====================
size : 2
num_suborbits: 1
768 (*) : -0------0---1----0------00
768     : ['locked_epoch1(node0)', '~ep_epoch1(node0)', '~held(node0)', '~locked_epoch3(node1)', '~transfer_epoch3(node0)', '~transfer_epoch3(node1)']
769     : -----0---0---1--0-------00
769     : ['locked_epoch1(node1)', '~ep_epoch1(node1)', '~held(node1)', '~locked_epoch3(node0)', '~transfer_epoch3(node0)', '~transfer_epoch3(node1)']
num_forall :   0
num_exists :   0
num_literals : 0
quantified form : None
qcost : 0


=== Prime Orbit 297 =====================
size : 1
num_suborbits: 1
750 (*) : 000-000-------------------
750     : ['~ep_epoch0(node0)', '~ep_epoch0(node1)', '~ep_epoch1(node0)', '~ep_epoch1(node1)', '~ep_epoch2(node0)', '~ep_epoch2(node1)']
num_forall :   0
num_exists :   0
num_literals : 0
quantified form : None
qcost : 0


=== Prime Orbit 298 =====================
size : 2
num_suborbits: 1
702 (*) : 000-00---------0----------
702     : ['~ep_epoch0(node0)', '~ep_epoch0(node1)', '~ep_epoch1(node0)', '~ep_epoch1(node1)', '~ep_epoch2(node0)', '~locked_epoch2(node1)']
703     : 00--000-------0-----------
703     : ['~ep_epoch0(node0)', '~ep_epoch0(node1)', '~ep_epoch1(node0)', '~ep_epoch1(node1)', '~ep_epoch2(node1)', '~locked_epoch2(node0)']
num_forall :   0
num_exists :   0
num_literals : 0
quantified form : None
qcost : 0


=== Prime Orbit 299 =====================
size : 1
num_suborbits: 1
758 (*) : 00-000-0------------------
758     : ['~ep_epoch0(node0)', '~ep_epoch0(node1)', '~ep_epoch1(node0)', '~ep_epoch1(node1)', '~ep_epoch3(node0)', '~ep_epoch3(node1)']
num_forall :   0
num_exists :   0
num_literals : 0
quantified form : None
qcost : 0


=== Prime Orbit 300 =====================
size : 2
num_suborbits: 1
757 (*) : 00-000---0----------------
757     : ['~ep_epoch0(node0)', '~ep_epoch0(node1)', '~ep_epoch1(node0)', '~ep_epoch1(node1)', '~ep_epoch3(node0)', '~held(node1)']
756     : 00--00-00-----------------
756     : ['~ep_epoch0(node0)', '~ep_epoch0(node1)', '~ep_epoch1(node0)', '~ep_epoch1(node1)', '~ep_epoch3(node1)', '~held(node0)']
num_forall :   0
num_exists :   0
num_literals : 0
quantified form : None
qcost : 0


=== Prime Orbit 301 =====================
size : 2
num_suborbits: 1
754 (*) : 00-000-----------0--------
754     : ['~ep_epoch0(node0)', '~ep_epoch0(node1)', '~ep_epoch1(node0)', '~ep_epoch1(node1)', '~ep_epoch3(node0)', '~locked_epoch3(node1)']
755     : 00--00-0--------0---------
755     : ['~ep_epoch0(node0)', '~ep_epoch0(node1)', '~ep_epoch1(node0)', '~ep_epoch1(node1)', '~ep_epoch3(node1)', '~locked_epoch3(node0)']
num_forall :   0
num_exists :   0
num_literals : 0
quantified form : None
qcost : 0


=== Prime Orbit 302 =====================
size : 1
num_suborbits: 1
759 (*) : 00--00--00----------------
759     : ['~ep_epoch0(node0)', '~ep_epoch0(node1)', '~ep_epoch1(node0)', '~ep_epoch1(node1)', '~held(node0)', '~held(node1)']
num_forall :   0
num_exists :   0
num_literals : 0
quantified form : None
qcost : 0


=== Prime Orbit 303 =====================
size : 2
num_suborbits: 1
752 (*) : 00--00--0--------0--------
752     : ['~ep_epoch0(node0)', '~ep_epoch0(node1)', '~ep_epoch1(node0)', '~ep_epoch1(node1)', '~held(node0)', '~locked_epoch3(node1)']
753     : 00--00---0------0---------
753     : ['~ep_epoch0(node0)', '~ep_epoch0(node1)', '~ep_epoch1(node0)', '~ep_epoch1(node1)', '~held(node1)', '~locked_epoch3(node0)']
num_forall :   0
num_exists :   0
num_literals : 0
quantified form : None
qcost : 0


=== Prime Orbit 304 =====================
size : 1
num_suborbits: 1
704 (*) : 00--00--------00----------
704     : ['~ep_epoch0(node0)', '~ep_epoch0(node1)', '~ep_epoch1(node0)', '~ep_epoch1(node1)', '~locked_epoch2(node0)', '~locked_epoch2(node1)']
num_forall :   0
num_exists :   0
num_literals : 0
quantified form : None
qcost : 0


=== Prime Orbit 305 =====================
size : 1
num_suborbits: 1
751 (*) : 00--00----------00--------
751     : ['~ep_epoch0(node0)', '~ep_epoch0(node1)', '~ep_epoch1(node0)', '~ep_epoch1(node1)', '~locked_epoch3(node0)', '~locked_epoch3(node1)']
num_forall :   0
num_exists :   0
num_literals : 0
quantified form : None
qcost : 0


=== Prime Orbit 306 =====================
size : 1
num_suborbits: 1
748 (*) : 0-000-00------------------
748     : ['~ep_epoch0(node0)', '~ep_epoch0(node1)', '~ep_epoch2(node0)', '~ep_epoch2(node1)', '~ep_epoch3(node0)', '~ep_epoch3(node1)']
num_forall :   0
num_exists :   0
num_literals : 0
quantified form : None
qcost : 0


=== Prime Orbit 307 =====================
size : 2
num_suborbits: 1
747 (*) : 0-000-0--0----------------
747     : ['~ep_epoch0(node0)', '~ep_epoch0(node1)', '~ep_epoch2(node0)', '~ep_epoch2(node1)', '~ep_epoch3(node0)', '~held(node1)']
746     : 0-0-0-000-----------------
746     : ['~ep_epoch0(node0)', '~ep_epoch0(node1)', '~ep_epoch2(node0)', '~ep_epoch2(node1)', '~ep_epoch3(node1)', '~held(node0)']
num_forall :   0
num_exists :   0
num_literals : 0
quantified form : None
qcost : 0


=== Prime Orbit 308 =====================
size : 2
num_suborbits: 1
741 (*) : 0-000-0----------0--------
741     : ['~ep_epoch0(node0)', '~ep_epoch0(node1)', '~ep_epoch2(node0)', '~ep_epoch2(node1)', '~ep_epoch3(node0)', '~locked_epoch3(node1)']
742     : 0-0-0-00--------0---------
742     : ['~ep_epoch0(node0)', '~ep_epoch0(node1)', '~ep_epoch2(node0)', '~ep_epoch2(node1)', '~ep_epoch3(node1)', '~locked_epoch3(node0)']
num_forall :   0
num_exists :   0
num_literals : 0
quantified form : None
qcost : 0


=== Prime Orbit 309 =====================
size : 1
num_suborbits: 1
749 (*) : 0-0-0-0-00----------------
749     : ['~ep_epoch0(node0)', '~ep_epoch0(node1)', '~ep_epoch2(node0)', '~ep_epoch2(node1)', '~held(node0)', '~held(node1)']
num_forall :   0
num_exists :   0
num_literals : 0
quantified form : None
qcost : 0


=== Prime Orbit 310 =====================
size : 2
num_suborbits: 1
744 (*) : 0-0-0-0-0--------0--------
744     : ['~ep_epoch0(node0)', '~ep_epoch0(node1)', '~ep_epoch2(node0)', '~ep_epoch2(node1)', '~held(node0)', '~locked_epoch3(node1)']
745     : 0-0-0-0--0------0---------
745     : ['~ep_epoch0(node0)', '~ep_epoch0(node1)', '~ep_epoch2(node0)', '~ep_epoch2(node1)', '~held(node1)', '~locked_epoch3(node0)']
num_forall :   0
num_exists :   0
num_literals : 0
quantified form : None
qcost : 0


=== Prime Orbit 311 =====================
size : 1
num_suborbits: 1
743 (*) : 0-0-0-0---------00--------
743     : ['~ep_epoch0(node0)', '~ep_epoch0(node1)', '~ep_epoch2(node0)', '~ep_epoch2(node1)', '~locked_epoch3(node0)', '~locked_epoch3(node1)']
num_forall :   0
num_exists :   0
num_literals : 0
quantified form : None
qcost : 0


=== Prime Orbit 312 =====================
size : 2
num_suborbits: 1
717 (*) : 0-000--0-------0----------
717     : ['~ep_epoch0(node0)', '~ep_epoch0(node1)', '~ep_epoch2(node0)', '~ep_epoch3(node0)', '~ep_epoch3(node1)', '~locked_epoch2(node1)']
718     : 0--00-00------0-----------
718     : ['~ep_epoch0(node0)', '~ep_epoch0(node1)', '~ep_epoch2(node1)', '~ep_epoch3(node0)', '~ep_epoch3(node1)', '~locked_epoch2(node0)']
num_forall :   0
num_exists :   0
num_literals : 0
quantified form : None
qcost : 0


=== Prime Orbit 313 =====================
size : 4
num_suborbits: 2
721 (*) : 0-000----0-----0----------
721     : ['~ep_epoch0(node0)', '~ep_epoch0(node1)', '~ep_epoch2(node0)', '~ep_epoch3(node0)', '~held(node1)', '~locked_epoch2(node1)']
711     : 0-0-0--00------0----------
711     : ['~ep_epoch0(node0)', '~ep_epoch0(node1)', '~ep_epoch2(node0)', '~ep_epoch3(node1)', '~held(node0)', '~locked_epoch2(node1)']
712     : 0--00-0--0----0-----------
712     : ['~ep_epoch0(node0)', '~ep_epoch0(node1)', '~ep_epoch2(node1)', '~ep_epoch3(node0)', '~held(node1)', '~locked_epoch2(node0)']
722     : 0---0-000-----0-----------
722     : ['~ep_epoch0(node0)', '~ep_epoch0(node1)', '~ep_epoch2(node1)', '~ep_epoch3(node1)', '~held(node0)', '~locked_epoch2(node0)']
num_forall :   0
num_exists :   0
num_literals : 0
quantified form : None
qcost : 0


=== Prime Orbit 314 =====================
size : 4
num_suborbits: 2
719 (*) : 0-000----------0-0--------
719     : ['~ep_epoch0(node0)', '~ep_epoch0(node1)', '~ep_epoch2(node0)', '~ep_epoch3(node0)', '~locked_epoch2(node1)', '~locked_epoch3(node1)']
705     : 0-0-0--0-------00---------
705     : ['~ep_epoch0(node0)', '~ep_epoch0(node1)', '~ep_epoch2(node0)', '~ep_epoch3(node1)', '~locked_epoch2(node1)', '~locked_epoch3(node0)']
706     : 0--00-0-------0--0--------
706     : ['~ep_epoch0(node0)', '~ep_epoch0(node1)', '~ep_epoch2(node1)', '~ep_epoch3(node0)', '~locked_epoch2(node0)', '~locked_epoch3(node1)']
720     : 0---0-00------0-0---------
720     : ['~ep_epoch0(node0)', '~ep_epoch0(node1)', '~ep_epoch2(node1)', '~ep_epoch3(node1)', '~locked_epoch2(node0)', '~locked_epoch3(node0)']
num_forall :   0
num_exists :   0
num_literals : 0
quantified form : None
qcost : 0


=== Prime Orbit 315 =====================
size : 2
num_suborbits: 1
715 (*) : 0-0-0---00-----0----------
715     : ['~ep_epoch0(node0)', '~ep_epoch0(node1)', '~ep_epoch2(node0)', '~held(node0)', '~held(node1)', '~locked_epoch2(node1)']
716     : 0---0-0-00----0-----------
716     : ['~ep_epoch0(node0)', '~ep_epoch0(node1)', '~ep_epoch2(node1)', '~held(node0)', '~held(node1)', '~locked_epoch2(node0)']
num_forall :   0
num_exists :   0
num_literals : 0
quantified form : None
qcost : 0


=== Prime Orbit 316 =====================
size : 4
num_suborbits: 2
713 (*) : 0-0-0---0------0-0--------
713     : ['~ep_epoch0(node0)', '~ep_epoch0(node1)', '~ep_epoch2(node0)', '~held(node0)', '~locked_epoch2(node1)', '~locked_epoch3(node1)']
709     : 0-0-0----0-----00---------
709     : ['~ep_epoch0(node0)', '~ep_epoch0(node1)', '~ep_epoch2(node0)', '~held(node1)', '~locked_epoch2(node1)', '~locked_epoch3(node0)']
710     : 0---0-0-0-----0--0--------
710     : ['~ep_epoch0(node0)', '~ep_epoch0(node1)', '~ep_epoch2(node1)', '~held(node0)', '~locked_epoch2(node0)', '~locked_epoch3(node1)']
714     : 0---0-0--0----0-0---------
714     : ['~ep_epoch0(node0)', '~ep_epoch0(node1)', '~ep_epoch2(node1)', '~held(node1)', '~locked_epoch2(node0)', '~locked_epoch3(node0)']
num_forall :   0
num_exists :   0
num_literals : 0
quantified form : None
qcost : 0


=== Prime Orbit 317 =====================
size : 2
num_suborbits: 1
707 (*) : 0-0-0----------000--------
707     : ['~ep_epoch0(node0)', '~ep_epoch0(node1)', '~ep_epoch2(node0)', '~locked_epoch2(node1)', '~locked_epoch3(node0)', '~locked_epoch3(node1)']
708     : 0---0-0-------0-00--------
708     : ['~ep_epoch0(node0)', '~ep_epoch0(node1)', '~ep_epoch2(node1)', '~locked_epoch2(node0)', '~locked_epoch3(node0)', '~locked_epoch3(node1)']
num_forall :   0
num_exists :   0
num_literals : 0
quantified form : None
qcost : 0


=== Prime Orbit 318 =====================
size : 1
num_suborbits: 1
723 (*) : 0--00--0------00----------
723     : ['~ep_epoch0(node0)', '~ep_epoch0(node1)', '~ep_epoch3(node0)', '~ep_epoch3(node1)', '~locked_epoch2(node0)', '~locked_epoch2(node1)']
num_forall :   0
num_exists :   0
num_literals : 0
quantified form : None
qcost : 0


=== Prime Orbit 319 =====================
size : 2
num_suborbits: 1
726 (*) : 0--00----0----00----------
726     : ['~ep_epoch0(node0)', '~ep_epoch0(node1)', '~ep_epoch3(node0)', '~held(node1)', '~locked_epoch2(node0)', '~locked_epoch2(node1)']
727     : 0---0--00-----00----------
727     : ['~ep_epoch0(node0)', '~ep_epoch0(node1)', '~ep_epoch3(node1)', '~held(node0)', '~locked_epoch2(node0)', '~locked_epoch2(node1)']
num_forall :   0
num_exists :   0
num_literals : 0
quantified form : None
qcost : 0


=== Prime Orbit 320 =====================
size : 2
num_suborbits: 1
724 (*) : 0--00---------00-0--------
724     : ['~ep_epoch0(node0)', '~ep_epoch0(node1)', '~ep_epoch3(node0)', '~locked_epoch2(node0)', '~locked_epoch2(node1)', '~locked_epoch3(node1)']
725     : 0---0--0------000---------
725     : ['~ep_epoch0(node0)', '~ep_epoch0(node1)', '~ep_epoch3(node1)', '~locked_epoch2(node0)', '~locked_epoch2(node1)', '~locked_epoch3(node0)']
num_forall :   0
num_exists :   0
num_literals : 0
quantified form : None
qcost : 0


=== Prime Orbit 321 =====================
size : 1
num_suborbits: 1
731 (*) : 0---0---00----00----------
731     : ['~ep_epoch0(node0)', '~ep_epoch0(node1)', '~held(node0)', '~held(node1)', '~locked_epoch2(node0)', '~locked_epoch2(node1)']
num_forall :   0
num_exists :   0
num_literals : 0
quantified form : None
qcost : 0


=== Prime Orbit 322 =====================
size : 1
num_suborbits: 1
794 (*) : 0---0---00--------------00
794     : ['~ep_epoch0(node0)', '~ep_epoch0(node1)', '~held(node0)', '~held(node1)', '~transfer_epoch3(node0)', '~transfer_epoch3(node1)']
num_forall :   0
num_exists :   0
num_literals : 0
quantified form : None
qcost : 0


=== Prime Orbit 323 =====================
size : 2
num_suborbits: 1
729 (*) : 0---0---0-----00-0--------
729     : ['~ep_epoch0(node0)', '~ep_epoch0(node1)', '~held(node0)', '~locked_epoch2(node0)', '~locked_epoch2(node1)', '~locked_epoch3(node1)']
730     : 0---0----0----000---------
730     : ['~ep_epoch0(node0)', '~ep_epoch0(node1)', '~held(node1)', '~locked_epoch2(node0)', '~locked_epoch2(node1)', '~locked_epoch3(node0)']
num_forall :   0
num_exists :   0
num_literals : 0
quantified form : None
qcost : 0


=== Prime Orbit 324 =====================
size : 1
num_suborbits: 1
728 (*) : 0---0---------0000--------
728     : ['~ep_epoch0(node0)', '~ep_epoch0(node1)', '~locked_epoch2(node0)', '~locked_epoch2(node1)', '~locked_epoch3(node0)', '~locked_epoch3(node1)']
num_forall :   0
num_exists :   0
num_literals : 0
quantified form : None
qcost : 0


=== Prime Orbit 325 =====================
size : 2
num_suborbits: 1
776 (*) : 00-----00---------------00
776     : ['~ep_epoch0(node0)', '~ep_epoch1(node0)', '~ep_epoch3(node1)', '~held(node0)', '~transfer_epoch3(node0)', '~transfer_epoch3(node1)']
775     : ---000---0--------------00
775     : ['~ep_epoch0(node1)', '~ep_epoch1(node1)', '~ep_epoch3(node0)', '~held(node1)', '~transfer_epoch3(node0)', '~transfer_epoch3(node1)']
num_forall :   0
num_exists :   0
num_literals : 0
quantified form : None
qcost : 0


=== Prime Orbit 326 =====================
size : 2
num_suborbits: 1
778 (*) : 00------00--------------00
778     : ['~ep_epoch0(node0)', '~ep_epoch1(node0)', '~held(node0)', '~held(node1)', '~transfer_epoch3(node0)', '~transfer_epoch3(node1)']
777     : ----00--00--------------00
777     : ['~ep_epoch0(node1)', '~ep_epoch1(node1)', '~held(node0)', '~held(node1)', '~transfer_epoch3(node0)', '~transfer_epoch3(node1)']
num_forall :   0
num_exists :   0
num_literals : 0
quantified form : None
qcost : 0


=== Prime Orbit 327 =====================
size : 2
num_suborbits: 1
774 (*) : 00------0--------0------00
774     : ['~ep_epoch0(node0)', '~ep_epoch1(node0)', '~held(node0)', '~locked_epoch3(node1)', '~transfer_epoch3(node0)', '~transfer_epoch3(node1)']
773     : ----00---0------0-------00
773     : ['~ep_epoch0(node1)', '~ep_epoch1(node1)', '~held(node1)', '~locked_epoch3(node0)', '~transfer_epoch3(node0)', '~transfer_epoch3(node1)']
num_forall :   0
num_exists :   0
num_literals : 0
quantified form : None
qcost : 0


=== Prime Orbit 328 =====================
size : 2
num_suborbits: 1
791 (*) : 0------00---0-----------00
791     : ['~ep_epoch0(node0)', '~ep_epoch3(node1)', '~held(node0)', '~locked_epoch1(node0)', '~transfer_epoch3(node0)', '~transfer_epoch3(node1)']
790     : ---00----0---0----------00
790     : ['~ep_epoch0(node1)', '~ep_epoch3(node0)', '~held(node1)', '~locked_epoch1(node1)', '~transfer_epoch3(node0)', '~transfer_epoch3(node1)']
num_forall :   0
num_exists :   0
num_literals : 0
quantified form : None
qcost : 0


=== Prime Orbit 329 =====================
size : 2
num_suborbits: 1
793 (*) : 0-------00--0-----------00
793     : ['~ep_epoch0(node0)', '~held(node0)', '~held(node1)', '~locked_epoch1(node0)', '~transfer_epoch3(node0)', '~transfer_epoch3(node1)']
792     : ----0---00---0----------00
792     : ['~ep_epoch0(node1)', '~held(node0)', '~held(node1)', '~locked_epoch1(node1)', '~transfer_epoch3(node0)', '~transfer_epoch3(node1)']
num_forall :   0
num_exists :   0
num_literals : 0
quantified form : None
qcost : 0


=== Prime Orbit 330 =====================
size : 2
num_suborbits: 1
789 (*) : 0-------0---0----0------00
789     : ['~ep_epoch0(node0)', '~held(node0)', '~locked_epoch1(node0)', '~locked_epoch3(node1)', '~transfer_epoch3(node0)', '~transfer_epoch3(node1)']
788     : ----0----0---0--0-------00
788     : ['~ep_epoch0(node1)', '~held(node1)', '~locked_epoch1(node1)', '~locked_epoch3(node0)', '~transfer_epoch3(node0)', '~transfer_epoch3(node1)']
num_forall :   0
num_exists :   0
num_literals : 0
quantified form : None
qcost : 0


=== Prime Orbit 331 =====================
size : 1
num_suborbits: 1
734 (*) : -000-000------------------
734     : ['~ep_epoch1(node0)', '~ep_epoch1(node1)', '~ep_epoch2(node0)', '~ep_epoch2(node1)', '~ep_epoch3(node0)', '~ep_epoch3(node1)']
num_forall :   0
num_exists :   0
num_literals : 0
quantified form : None
qcost : 0


=== Prime Orbit 332 =====================
size : 2
num_suborbits: 1
735 (*) : -000-00--0----------------
735     : ['~ep_epoch1(node0)', '~ep_epoch1(node1)', '~ep_epoch2(node0)', '~ep_epoch2(node1)', '~ep_epoch3(node0)', '~held(node1)']
736     : -00--0000-----------------
736     : ['~ep_epoch1(node0)', '~ep_epoch1(node1)', '~ep_epoch2(node0)', '~ep_epoch2(node1)', '~ep_epoch3(node1)', '~held(node0)']
num_forall :   0
num_exists :   0
num_literals : 0
quantified form : None
qcost : 0


=== Prime Orbit 333 =====================
size : 2
num_suborbits: 1
732 (*) : -000-00----------0--------
732     : ['~ep_epoch1(node0)', '~ep_epoch1(node1)', '~ep_epoch2(node0)', '~ep_epoch2(node1)', '~ep_epoch3(node0)', '~locked_epoch3(node1)']
733     : -00--000--------0---------
733     : ['~ep_epoch1(node0)', '~ep_epoch1(node1)', '~ep_epoch2(node0)', '~ep_epoch2(node1)', '~ep_epoch3(node1)', '~locked_epoch3(node0)']
num_forall :   0
num_exists :   0
num_literals : 0
quantified form : None
qcost : 0


=== Prime Orbit 334 =====================
size : 1
num_suborbits: 1
740 (*) : -00--00-00----------------
740     : ['~ep_epoch1(node0)', '~ep_epoch1(node1)', '~ep_epoch2(node0)', '~ep_epoch2(node1)', '~held(node0)', '~held(node1)']
num_forall :   0
num_exists :   0
num_literals : 0
quantified form : None
qcost : 0


=== Prime Orbit 335 =====================
size : 2
num_suborbits: 1
738 (*) : -00--00-0--------0--------
738     : ['~ep_epoch1(node0)', '~ep_epoch1(node1)', '~ep_epoch2(node0)', '~ep_epoch2(node1)', '~held(node0)', '~locked_epoch3(node1)']
739     : -00--00--0------0---------
739     : ['~ep_epoch1(node0)', '~ep_epoch1(node1)', '~ep_epoch2(node0)', '~ep_epoch2(node1)', '~held(node1)', '~locked_epoch3(node0)']
num_forall :   0
num_exists :   0
num_literals : 0
quantified form : None
qcost : 0


=== Prime Orbit 336 =====================
size : 1
num_suborbits: 1
737 (*) : -00--00---------00--------
737     : ['~ep_epoch1(node0)', '~ep_epoch1(node1)', '~ep_epoch2(node0)', '~ep_epoch2(node1)', '~locked_epoch3(node0)', '~locked_epoch3(node1)']
num_forall :   0
num_exists :   0
num_literals : 0
quantified form : None
qcost : 0


=== Prime Orbit 337 =====================
size : 2
num_suborbits: 1
677 (*) : -000-0-0-------0----------
677     : ['~ep_epoch1(node0)', '~ep_epoch1(node1)', '~ep_epoch2(node0)', '~ep_epoch3(node0)', '~ep_epoch3(node1)', '~locked_epoch2(node1)']
678     : -0-0-000------0-----------
678     : ['~ep_epoch1(node0)', '~ep_epoch1(node1)', '~ep_epoch2(node1)', '~ep_epoch3(node0)', '~ep_epoch3(node1)', '~locked_epoch2(node0)']
num_forall :   0
num_exists :   0
num_literals : 0
quantified form : None
qcost : 0


=== Prime Orbit 338 =====================
size : 4
num_suborbits: 2
697 (*) : -000-0---0-----0----------
697     : ['~ep_epoch1(node0)', '~ep_epoch1(node1)', '~ep_epoch2(node0)', '~ep_epoch3(node0)', '~held(node1)', '~locked_epoch2(node1)']
679     : -00--0-00------0----------
679     : ['~ep_epoch1(node0)', '~ep_epoch1(node1)', '~ep_epoch2(node0)', '~ep_epoch3(node1)', '~held(node0)', '~locked_epoch2(node1)']
680     : -0-0-00--0----0-----------
680     : ['~ep_epoch1(node0)', '~ep_epoch1(node1)', '~ep_epoch2(node1)', '~ep_epoch3(node0)', '~held(node1)', '~locked_epoch2(node0)']
698     : -0---0000-----0-----------
698     : ['~ep_epoch1(node0)', '~ep_epoch1(node1)', '~ep_epoch2(node1)', '~ep_epoch3(node1)', '~held(node0)', '~locked_epoch2(node0)']
num_forall :   0
num_exists :   0
num_literals : 0
quantified form : None
qcost : 0


=== Prime Orbit 339 =====================
size : 4
num_suborbits: 2
691 (*) : -000-0---------0-0--------
691     : ['~ep_epoch1(node0)', '~ep_epoch1(node1)', '~ep_epoch2(node0)', '~ep_epoch3(node0)', '~locked_epoch2(node1)', '~locked_epoch3(node1)']
675     : -00--0-0-------00---------
675     : ['~ep_epoch1(node0)', '~ep_epoch1(node1)', '~ep_epoch2(node0)', '~ep_epoch3(node1)', '~locked_epoch2(node1)', '~locked_epoch3(node0)']
676     : -0-0-00-------0--0--------
676     : ['~ep_epoch1(node0)', '~ep_epoch1(node1)', '~ep_epoch2(node1)', '~ep_epoch3(node0)', '~locked_epoch2(node0)', '~locked_epoch3(node1)']
692     : -0---000------0-0---------
692     : ['~ep_epoch1(node0)', '~ep_epoch1(node1)', '~ep_epoch2(node1)', '~ep_epoch3(node1)', '~locked_epoch2(node0)', '~locked_epoch3(node0)']
num_forall :   0
num_exists :   0
num_literals : 0
quantified form : None
qcost : 0


=== Prime Orbit 340 =====================
size : 2
num_suborbits: 1
699 (*) : -00--0--00-----0----------
699     : ['~ep_epoch1(node0)', '~ep_epoch1(node1)', '~ep_epoch2(node0)', '~held(node0)', '~held(node1)', '~locked_epoch2(node1)']
700     : -0---00-00----0-----------
700     : ['~ep_epoch1(node0)', '~ep_epoch1(node1)', '~ep_epoch2(node1)', '~held(node0)', '~held(node1)', '~locked_epoch2(node0)']
num_forall :   0
num_exists :   0
num_literals : 0
quantified form : None
qcost : 0


=== Prime Orbit 341 =====================
size : 4
num_suborbits: 2
693 (*) : -00--0--0------0-0--------
693     : ['~ep_epoch1(node0)', '~ep_epoch1(node1)', '~ep_epoch2(node0)', '~held(node0)', '~locked_epoch2(node1)', '~locked_epoch3(node1)']
695     : -00--0---0-----00---------
695     : ['~ep_epoch1(node0)', '~ep_epoch1(node1)', '~ep_epoch2(node0)', '~held(node1)', '~locked_epoch2(node1)', '~locked_epoch3(node0)']
696     : -0---00-0-----0--0--------
696     : ['~ep_epoch1(node0)', '~ep_epoch1(node1)', '~ep_epoch2(node1)', '~held(node0)', '~locked_epoch2(node0)', '~locked_epoch3(node1)']
694     : -0---00--0----0-0---------
694     : ['~ep_epoch1(node0)', '~ep_epoch1(node1)', '~ep_epoch2(node1)', '~held(node1)', '~locked_epoch2(node0)', '~locked_epoch3(node0)']
num_forall :   0
num_exists :   0
num_literals : 0
quantified form : None
qcost : 0


=== Prime Orbit 342 =====================
size : 2
num_suborbits: 1
689 (*) : -00--0---------000--------
689     : ['~ep_epoch1(node0)', '~ep_epoch1(node1)', '~ep_epoch2(node0)', '~locked_epoch2(node1)', '~locked_epoch3(node0)', '~locked_epoch3(node1)']
690     : -0---00-------0-00--------
690     : ['~ep_epoch1(node0)', '~ep_epoch1(node1)', '~ep_epoch2(node1)', '~locked_epoch2(node0)', '~locked_epoch3(node0)', '~locked_epoch3(node1)']
num_forall :   0
num_exists :   0
num_literals : 0
quantified form : None
qcost : 0


=== Prime Orbit 343 =====================
size : 1
num_suborbits: 1
683 (*) : -0-0-0-0------00----------
683     : ['~ep_epoch1(node0)', '~ep_epoch1(node1)', '~ep_epoch3(node0)', '~ep_epoch3(node1)', '~locked_epoch2(node0)', '~locked_epoch2(node1)']
num_forall :   0
num_exists :   0
num_literals : 0
quantified form : None
qcost : 0


=== Prime Orbit 344 =====================
size : 2
num_suborbits: 1
685 (*) : -0-0-0---0----00----------
685     : ['~ep_epoch1(node0)', '~ep_epoch1(node1)', '~ep_epoch3(node0)', '~held(node1)', '~locked_epoch2(node0)', '~locked_epoch2(node1)']
684     : -0---0-00-----00----------
684     : ['~ep_epoch1(node0)', '~ep_epoch1(node1)', '~ep_epoch3(node1)', '~held(node0)', '~locked_epoch2(node0)', '~locked_epoch2(node1)']
num_forall :   0
num_exists :   0
num_literals : 0
quantified form : None
qcost : 0


=== Prime Orbit 345 =====================
size : 2
num_suborbits: 1
682 (*) : -0-0-0--------00-0--------
682     : ['~ep_epoch1(node0)', '~ep_epoch1(node1)', '~ep_epoch3(node0)', '~locked_epoch2(node0)', '~locked_epoch2(node1)', '~locked_epoch3(node1)']
681     : -0---0-0------000---------
681     : ['~ep_epoch1(node0)', '~ep_epoch1(node1)', '~ep_epoch3(node1)', '~locked_epoch2(node0)', '~locked_epoch2(node1)', '~locked_epoch3(node0)']
num_forall :   0
num_exists :   0
num_literals : 0
quantified form : None
qcost : 0


=== Prime Orbit 346 =====================
size : 1
num_suborbits: 1
701 (*) : -0---0--00----00----------
701     : ['~ep_epoch1(node0)', '~ep_epoch1(node1)', '~held(node0)', '~held(node1)', '~locked_epoch2(node0)', '~locked_epoch2(node1)']
num_forall :   0
num_exists :   0
num_literals : 0
quantified form : None
qcost : 0


=== Prime Orbit 347 =====================
size : 1
num_suborbits: 1
772 (*) : -0---0--00--------------00
772     : ['~ep_epoch1(node0)', '~ep_epoch1(node1)', '~held(node0)', '~held(node1)', '~transfer_epoch3(node0)', '~transfer_epoch3(node1)']
num_forall :   0
num_exists :   0
num_literals : 0
quantified form : None
qcost : 0


=== Prime Orbit 348 =====================
size : 2
num_suborbits: 1
687 (*) : -0---0--0-----00-0--------
687     : ['~ep_epoch1(node0)', '~ep_epoch1(node1)', '~held(node0)', '~locked_epoch2(node0)', '~locked_epoch2(node1)', '~locked_epoch3(node1)']
688     : -0---0---0----000---------
688     : ['~ep_epoch1(node0)', '~ep_epoch1(node1)', '~held(node1)', '~locked_epoch2(node0)', '~locked_epoch2(node1)', '~locked_epoch3(node0)']
num_forall :   0
num_exists :   0
num_literals : 0
quantified form : None
qcost : 0


=== Prime Orbit 349 =====================
size : 1
num_suborbits: 1
686 (*) : -0---0--------0000--------
686     : ['~ep_epoch1(node0)', '~ep_epoch1(node1)', '~locked_epoch2(node0)', '~locked_epoch2(node1)', '~locked_epoch3(node0)', '~locked_epoch3(node1)']
num_forall :   0
num_exists :   0
num_literals : 0
quantified form : None
qcost : 0


=== Prime Orbit 350 =====================
size : 2
num_suborbits: 1
782 (*) : -0-----00----0----------00
782     : ['~ep_epoch1(node0)', '~ep_epoch3(node1)', '~held(node0)', '~locked_epoch1(node1)', '~transfer_epoch3(node0)', '~transfer_epoch3(node1)']
781     : ---0-0---0--0-----------00
781     : ['~ep_epoch1(node1)', '~ep_epoch3(node0)', '~held(node1)', '~locked_epoch1(node0)', '~transfer_epoch3(node0)', '~transfer_epoch3(node1)']
num_forall :   0
num_exists :   0
num_literals : 0
quantified form : None
qcost : 0


=== Prime Orbit 351 =====================
size : 2
num_suborbits: 1
784 (*) : -0------00---0----------00
784     : ['~ep_epoch1(node0)', '~held(node0)', '~held(node1)', '~locked_epoch1(node1)', '~transfer_epoch3(node0)', '~transfer_epoch3(node1)']
783     : -----0--00--0-----------00
783     : ['~ep_epoch1(node1)', '~held(node0)', '~held(node1)', '~locked_epoch1(node0)', '~transfer_epoch3(node0)', '~transfer_epoch3(node1)']
num_forall :   0
num_exists :   0
num_literals : 0
quantified form : None
qcost : 0


=== Prime Orbit 352 =====================
size : 2
num_suborbits: 1
780 (*) : -0------0----0---0------00
780     : ['~ep_epoch1(node0)', '~held(node0)', '~locked_epoch1(node1)', '~locked_epoch3(node1)', '~transfer_epoch3(node0)', '~transfer_epoch3(node1)']
779     : -----0---0--0---0-------00
779     : ['~ep_epoch1(node1)', '~held(node1)', '~locked_epoch1(node0)', '~locked_epoch3(node0)', '~transfer_epoch3(node0)', '~transfer_epoch3(node1)']
num_forall :   0
num_exists :   0
num_literals : 0
quantified form : None
qcost : 0


=== Prime Orbit 353 =====================
size : 1
num_suborbits: 1
787 (*) : --------00------------0000
787     : ['~held(node0)', '~held(node1)', '~transfer_epoch2(node0)', '~transfer_epoch2(node1)', '~transfer_epoch3(node0)', '~transfer_epoch3(node1)']
num_forall :   0
num_exists :   0
num_literals : 0
quantified form : None
qcost : 0


=== Prime Orbit 354 =====================
size : 2
num_suborbits: 1
799 (*) : 0-000----0--------------00
799     : ['~ep_epoch0(node0)', '~ep_epoch0(node1)', '~ep_epoch2(node0)', '~ep_epoch3(node0)', '~held(node1)', '~transfer_epoch3(node0)', '~transfer_epoch3(node1)']
800     : 0---0-000---------------00
800     : ['~ep_epoch0(node0)', '~ep_epoch0(node1)', '~ep_epoch2(node1)', '~ep_epoch3(node1)', '~held(node0)', '~transfer_epoch3(node0)', '~transfer_epoch3(node1)']
num_forall :   0
num_exists :   0
num_literals : 0
quantified form : None
qcost : 0


=== Prime Orbit 355 =====================
size : 2
num_suborbits: 1
795 (*) : 0-0-0----0------0-------00
795     : ['~ep_epoch0(node0)', '~ep_epoch0(node1)', '~ep_epoch2(node0)', '~held(node1)', '~locked_epoch3(node0)', '~transfer_epoch3(node0)', '~transfer_epoch3(node1)']
796     : 0---0-0-0--------0------00
796     : ['~ep_epoch0(node0)', '~ep_epoch0(node1)', '~ep_epoch2(node1)', '~held(node0)', '~locked_epoch3(node1)', '~transfer_epoch3(node0)', '~transfer_epoch3(node1)']
num_forall :   0
num_exists :   0
num_literals : 0
quantified form : None
qcost : 0


=== Prime Orbit 356 =====================
size : 2
num_suborbits: 1
801 (*) : 0--00----0----0---------00
801     : ['~ep_epoch0(node0)', '~ep_epoch0(node1)', '~ep_epoch3(node0)', '~held(node1)', '~locked_epoch2(node0)', '~transfer_epoch3(node0)', '~transfer_epoch3(node1)']
802     : 0---0--00------0--------00
802     : ['~ep_epoch0(node0)', '~ep_epoch0(node1)', '~ep_epoch3(node1)', '~held(node0)', '~locked_epoch2(node1)', '~transfer_epoch3(node0)', '~transfer_epoch3(node1)']
num_forall :   0
num_exists :   0
num_literals : 0
quantified form : None
qcost : 0


=== Prime Orbit 357 =====================
size : 2
num_suborbits: 1
798 (*) : 0---0---0------0-0------00
798     : ['~ep_epoch0(node0)', '~ep_epoch0(node1)', '~held(node0)', '~locked_epoch2(node1)', '~locked_epoch3(node1)', '~transfer_epoch3(node0)', '~transfer_epoch3(node1)']
797     : 0---0----0----0-0-------00
797     : ['~ep_epoch0(node0)', '~ep_epoch0(node1)', '~held(node1)', '~locked_epoch2(node0)', '~locked_epoch3(node0)', '~transfer_epoch3(node0)', '~transfer_epoch3(node1)']
num_forall :   0
num_exists :   0
num_literals : 0
quantified form : None
qcost : 0


=== Prime Orbit 358 =====================
size : 2
num_suborbits: 1
805 (*) : -000-0---0--------------00
805     : ['~ep_epoch1(node0)', '~ep_epoch1(node1)', '~ep_epoch2(node0)', '~ep_epoch3(node0)', '~held(node1)', '~transfer_epoch3(node0)', '~transfer_epoch3(node1)']
806     : -0---0000---------------00
806     : ['~ep_epoch1(node0)', '~ep_epoch1(node1)', '~ep_epoch2(node1)', '~ep_epoch3(node1)', '~held(node0)', '~transfer_epoch3(node0)', '~transfer_epoch3(node1)']
num_forall :   0
num_exists :   0
num_literals : 0
quantified form : None
qcost : 0


=== Prime Orbit 359 =====================
size : 2
num_suborbits: 1
803 (*) : -00--0---0------0-------00
803     : ['~ep_epoch1(node0)', '~ep_epoch1(node1)', '~ep_epoch2(node0)', '~held(node1)', '~locked_epoch3(node0)', '~transfer_epoch3(node0)', '~transfer_epoch3(node1)']
804     : -0---00-0--------0------00
804     : ['~ep_epoch1(node0)', '~ep_epoch1(node1)', '~ep_epoch2(node1)', '~held(node0)', '~locked_epoch3(node1)', '~transfer_epoch3(node0)', '~transfer_epoch3(node1)']
num_forall :   0
num_exists :   0
num_literals : 0
quantified form : None
qcost : 0


=== Prime Orbit 360 =====================
size : 2
num_suborbits: 1
809 (*) : -0-0-0---0----0---------00
809     : ['~ep_epoch1(node0)', '~ep_epoch1(node1)', '~ep_epoch3(node0)', '~held(node1)', '~locked_epoch2(node0)', '~transfer_epoch3(node0)', '~transfer_epoch3(node1)']
810     : -0---0-00------0--------00
810     : ['~ep_epoch1(node0)', '~ep_epoch1(node1)', '~ep_epoch3(node1)', '~held(node0)', '~locked_epoch2(node1)', '~transfer_epoch3(node0)', '~transfer_epoch3(node1)']
num_forall :   0
num_exists :   0
num_literals : 0
quantified form : None
qcost : 0


=== Prime Orbit 361 =====================
size : 2
num_suborbits: 1
808 (*) : -0---0--0------0-0------00
808     : ['~ep_epoch1(node0)', '~ep_epoch1(node1)', '~held(node0)', '~locked_epoch2(node1)', '~locked_epoch3(node1)', '~transfer_epoch3(node0)', '~transfer_epoch3(node1)']
807     : -0---0---0----0-0-------00
807     : ['~ep_epoch1(node0)', '~ep_epoch1(node1)', '~held(node1)', '~locked_epoch2(node0)', '~locked_epoch3(node0)', '~transfer_epoch3(node0)', '~transfer_epoch3(node1)']
num_forall :   0
num_exists :   0
num_literals : 0
quantified form : None
qcost : 0


=== Prime Orbit 362 =====================
size : 2
num_suborbits: 1
849 (*) : -1----000-------------0000
849     : ['ep_epoch1(node0)', '~ep_epoch2(node1)', '~ep_epoch3(node1)', '~held(node0)', '~transfer_epoch2(node0)', '~transfer_epoch2(node1)', '~transfer_epoch3(node0)', '~transfer_epoch3(node1)']
850     : --00-1---0------------0000
850     : ['ep_epoch1(node1)', '~ep_epoch2(node0)', '~ep_epoch3(node0)', '~held(node1)', '~transfer_epoch2(node0)', '~transfer_epoch2(node1)', '~transfer_epoch3(node0)', '~transfer_epoch3(node1)']
num_forall :   0
num_exists :   0
num_literals : 0
quantified form : None
qcost : 0


=== Prime Orbit 363 =====================
size : 2
num_suborbits: 1
847 (*) : -1----0-0--------0----0000
847     : ['ep_epoch1(node0)', '~ep_epoch2(node1)', '~held(node0)', '~locked_epoch3(node1)', '~transfer_epoch2(node0)', '~transfer_epoch2(node1)', '~transfer_epoch3(node0)', '~transfer_epoch3(node1)']
848     : --0--1---0------0-----0000
848     : ['ep_epoch1(node1)', '~ep_epoch2(node0)', '~held(node1)', '~locked_epoch3(node0)', '~transfer_epoch2(node0)', '~transfer_epoch2(node1)', '~transfer_epoch3(node0)', '~transfer_epoch3(node1)']
num_forall :   0
num_exists :   0
num_literals : 0
quantified form : None
qcost : 0


=== Prime Orbit 364 =====================
size : 2
num_suborbits: 1
843 (*) : -1-----00------0------0000
843     : ['ep_epoch1(node0)', '~ep_epoch3(node1)', '~held(node0)', '~locked_epoch2(node1)', '~transfer_epoch2(node0)', '~transfer_epoch2(node1)', '~transfer_epoch3(node0)', '~transfer_epoch3(node1)']
844     : ---0-1---0----0-------0000
844     : ['ep_epoch1(node1)', '~ep_epoch3(node0)', '~held(node1)', '~locked_epoch2(node0)', '~transfer_epoch2(node0)', '~transfer_epoch2(node1)', '~transfer_epoch3(node0)', '~transfer_epoch3(node1)']
num_forall :   0
num_exists :   0
num_literals : 0
quantified form : None
qcost : 0


=== Prime Orbit 365 =====================
size : 2
num_suborbits: 1
845 (*) : -1------0------0-0----0000
845     : ['ep_epoch1(node0)', '~held(node0)', '~locked_epoch2(node1)', '~locked_epoch3(node1)', '~transfer_epoch2(node0)', '~transfer_epoch2(node1)', '~transfer_epoch3(node0)', '~transfer_epoch3(node1)']
846     : -----1---0----0-0-----0000
846     : ['ep_epoch1(node1)', '~held(node1)', '~locked_epoch2(node0)', '~locked_epoch3(node0)', '~transfer_epoch2(node0)', '~transfer_epoch2(node1)', '~transfer_epoch3(node0)', '~transfer_epoch3(node1)']
num_forall :   0
num_exists :   0
num_literals : 0
quantified form : None
qcost : 0


=== Prime Orbit 366 =====================
size : 2
num_suborbits: 1
822 (*) : ------000---1---------0000
822     : ['locked_epoch1(node0)', '~ep_epoch2(node1)', '~ep_epoch3(node1)', '~held(node0)', '~transfer_epoch2(node0)', '~transfer_epoch2(node1)', '~transfer_epoch3(node0)', '~transfer_epoch3(node1)']
821     : --00-----0---1--------0000
821     : ['locked_epoch1(node1)', '~ep_epoch2(node0)', '~ep_epoch3(node0)', '~held(node1)', '~transfer_epoch2(node0)', '~transfer_epoch2(node1)', '~transfer_epoch3(node0)', '~transfer_epoch3(node1)']
num_forall :   0
num_exists :   0
num_literals : 0
quantified form : None
qcost : 0


=== Prime Orbit 367 =====================
size : 2
num_suborbits: 1
826 (*) : ------0-0---1----0----0000
826     : ['locked_epoch1(node0)', '~ep_epoch2(node1)', '~held(node0)', '~locked_epoch3(node1)', '~transfer_epoch2(node0)', '~transfer_epoch2(node1)', '~transfer_epoch3(node0)', '~transfer_epoch3(node1)']
825     : --0------0---1--0-----0000
825     : ['locked_epoch1(node1)', '~ep_epoch2(node0)', '~held(node1)', '~locked_epoch3(node0)', '~transfer_epoch2(node0)', '~transfer_epoch2(node1)', '~transfer_epoch3(node0)', '~transfer_epoch3(node1)']
num_forall :   0
num_exists :   0
num_literals : 0
quantified form : None
qcost : 0


=== Prime Orbit 368 =====================
size : 2
num_suborbits: 1
834 (*) : -------00---1--0------0000
834     : ['locked_epoch1(node0)', '~ep_epoch3(node1)', '~held(node0)', '~locked_epoch2(node1)', '~transfer_epoch2(node0)', '~transfer_epoch2(node1)', '~transfer_epoch3(node0)', '~transfer_epoch3(node1)']
833     : ---0-----0---10-------0000
833     : ['locked_epoch1(node1)', '~ep_epoch3(node0)', '~held(node1)', '~locked_epoch2(node0)', '~transfer_epoch2(node0)', '~transfer_epoch2(node1)', '~transfer_epoch3(node0)', '~transfer_epoch3(node1)']
num_forall :   0
num_exists :   0
num_literals : 0
quantified form : None
qcost : 0


=== Prime Orbit 369 =====================
size : 2
num_suborbits: 1
830 (*) : --------0---1--0-0----0000
830     : ['locked_epoch1(node0)', '~held(node0)', '~locked_epoch2(node1)', '~locked_epoch3(node1)', '~transfer_epoch2(node0)', '~transfer_epoch2(node1)', '~transfer_epoch3(node0)', '~transfer_epoch3(node1)']
829     : ---------0---10-0-----0000
829     : ['locked_epoch1(node1)', '~held(node1)', '~locked_epoch2(node0)', '~locked_epoch3(node0)', '~transfer_epoch2(node0)', '~transfer_epoch2(node1)', '~transfer_epoch3(node0)', '~transfer_epoch3(node1)']
num_forall :   0
num_exists :   0
num_literals : 0
quantified form : None
qcost : 0


=== Prime Orbit 370 =====================
size : 2
num_suborbits: 1
820 (*) : 0-----000-------------0000
820     : ['~ep_epoch0(node0)', '~ep_epoch2(node1)', '~ep_epoch3(node1)', '~held(node0)', '~transfer_epoch2(node0)', '~transfer_epoch2(node1)', '~transfer_epoch3(node0)', '~transfer_epoch3(node1)']
819     : --000----0------------0000
819     : ['~ep_epoch0(node1)', '~ep_epoch2(node0)', '~ep_epoch3(node0)', '~held(node1)', '~transfer_epoch2(node0)', '~transfer_epoch2(node1)', '~transfer_epoch3(node0)', '~transfer_epoch3(node1)']
num_forall :   0
num_exists :   0
num_literals : 0
quantified form : None
qcost : 0


=== Prime Orbit 371 =====================
size : 2
num_suborbits: 1
824 (*) : 0-----0-0--------0----0000
824     : ['~ep_epoch0(node0)', '~ep_epoch2(node1)', '~held(node0)', '~locked_epoch3(node1)', '~transfer_epoch2(node0)', '~transfer_epoch2(node1)', '~transfer_epoch3(node0)', '~transfer_epoch3(node1)']
823     : --0-0----0------0-----0000
823     : ['~ep_epoch0(node1)', '~ep_epoch2(node0)', '~held(node1)', '~locked_epoch3(node0)', '~transfer_epoch2(node0)', '~transfer_epoch2(node1)', '~transfer_epoch3(node0)', '~transfer_epoch3(node1)']
num_forall :   0
num_exists :   0
num_literals : 0
quantified form : None
qcost : 0


=== Prime Orbit 372 =====================
size : 2
num_suborbits: 1
832 (*) : 0------00------0------0000
832     : ['~ep_epoch0(node0)', '~ep_epoch3(node1)', '~held(node0)', '~locked_epoch2(node1)', '~transfer_epoch2(node0)', '~transfer_epoch2(node1)', '~transfer_epoch3(node0)', '~transfer_epoch3(node1)']
831     : ---00----0----0-------0000
831     : ['~ep_epoch0(node1)', '~ep_epoch3(node0)', '~held(node1)', '~locked_epoch2(node0)', '~transfer_epoch2(node0)', '~transfer_epoch2(node1)', '~transfer_epoch3(node0)', '~transfer_epoch3(node1)']
num_forall :   0
num_exists :   0
num_literals : 0
quantified form : None
qcost : 0


=== Prime Orbit 373 =====================
size : 2
num_suborbits: 1
828 (*) : 0-------0------0-0----0000
828     : ['~ep_epoch0(node0)', '~held(node0)', '~locked_epoch2(node1)', '~locked_epoch3(node1)', '~transfer_epoch2(node0)', '~transfer_epoch2(node1)', '~transfer_epoch3(node0)', '~transfer_epoch3(node1)']
827     : ----0----0----0-0-----0000
827     : ['~ep_epoch0(node1)', '~held(node1)', '~locked_epoch2(node0)', '~locked_epoch3(node0)', '~transfer_epoch2(node0)', '~transfer_epoch2(node1)', '~transfer_epoch3(node0)', '~transfer_epoch3(node1)']
num_forall :   0
num_exists :   0
num_literals : 0
quantified form : None
qcost : 0


=== Prime Orbit 374 =====================
size : 2
num_suborbits: 1
818 (*) : -000-----0------------0000
818     : ['~ep_epoch1(node0)', '~ep_epoch2(node0)', '~ep_epoch3(node0)', '~held(node1)', '~transfer_epoch2(node0)', '~transfer_epoch2(node1)', '~transfer_epoch3(node0)', '~transfer_epoch3(node1)']
817     : -----0000-------------0000
817     : ['~ep_epoch1(node1)', '~ep_epoch2(node1)', '~ep_epoch3(node1)', '~held(node0)', '~transfer_epoch2(node0)', '~transfer_epoch2(node1)', '~transfer_epoch3(node0)', '~transfer_epoch3(node1)']
num_forall :   0
num_exists :   0
num_literals : 0
quantified form : None
qcost : 0


=== Prime Orbit 375 =====================
size : 2
num_suborbits: 1
816 (*) : -00------0------0-----0000
816     : ['~ep_epoch1(node0)', '~ep_epoch2(node0)', '~held(node1)', '~locked_epoch3(node0)', '~transfer_epoch2(node0)', '~transfer_epoch2(node1)', '~transfer_epoch3(node0)', '~transfer_epoch3(node1)']
815     : -----00-0--------0----0000
815     : ['~ep_epoch1(node1)', '~ep_epoch2(node1)', '~held(node0)', '~locked_epoch3(node1)', '~transfer_epoch2(node0)', '~transfer_epoch2(node1)', '~transfer_epoch3(node0)', '~transfer_epoch3(node1)']
num_forall :   0
num_exists :   0
num_literals : 0
quantified form : None
qcost : 0


=== Prime Orbit 376 =====================
size : 2
num_suborbits: 1
814 (*) : -0-0-----0----0-------0000
814     : ['~ep_epoch1(node0)', '~ep_epoch3(node0)', '~held(node1)', '~locked_epoch2(node0)', '~transfer_epoch2(node0)', '~transfer_epoch2(node1)', '~transfer_epoch3(node0)', '~transfer_epoch3(node1)']
813     : -----0-00------0------0000
813     : ['~ep_epoch1(node1)', '~ep_epoch3(node1)', '~held(node0)', '~locked_epoch2(node1)', '~transfer_epoch2(node0)', '~transfer_epoch2(node1)', '~transfer_epoch3(node0)', '~transfer_epoch3(node1)']
num_forall :   0
num_exists :   0
num_literals : 0
quantified form : None
qcost : 0


=== Prime Orbit 377 =====================
size : 2
num_suborbits: 1
812 (*) : -0-------0----0-0-----0000
812     : ['~ep_epoch1(node0)', '~held(node1)', '~locked_epoch2(node0)', '~locked_epoch3(node0)', '~transfer_epoch2(node0)', '~transfer_epoch2(node1)', '~transfer_epoch3(node0)', '~transfer_epoch3(node1)']
811     : -----0--0------0-0----0000
811     : ['~ep_epoch1(node1)', '~held(node0)', '~locked_epoch2(node1)', '~locked_epoch3(node1)', '~transfer_epoch2(node0)', '~transfer_epoch2(node1)', '~transfer_epoch3(node0)', '~transfer_epoch3(node1)']
num_forall :   0
num_exists :   0
num_literals : 0
quantified form : None
qcost : 0


=== Prime Orbit 378 =====================
size : 2
num_suborbits: 1
841 (*) : --00-----0--0---------0000
841     : ['~ep_epoch2(node0)', '~ep_epoch3(node0)', '~held(node1)', '~locked_epoch1(node0)', '~transfer_epoch2(node0)', '~transfer_epoch2(node1)', '~transfer_epoch3(node0)', '~transfer_epoch3(node1)']
842     : ------000----0--------0000
842     : ['~ep_epoch2(node1)', '~ep_epoch3(node1)', '~held(node0)', '~locked_epoch1(node1)', '~transfer_epoch2(node0)', '~transfer_epoch2(node1)', '~transfer_epoch3(node0)', '~transfer_epoch3(node1)']
num_forall :   0
num_exists :   0
num_literals : 0
quantified form : None
qcost : 0


=== Prime Orbit 379 =====================
size : 2
num_suborbits: 1
839 (*) : --0------0--0---0-----0000
839     : ['~ep_epoch2(node0)', '~held(node1)', '~locked_epoch1(node0)', '~locked_epoch3(node0)', '~transfer_epoch2(node0)', '~transfer_epoch2(node1)', '~transfer_epoch3(node0)', '~transfer_epoch3(node1)']
840     : ------0-0----0---0----0000
840     : ['~ep_epoch2(node1)', '~held(node0)', '~locked_epoch1(node1)', '~locked_epoch3(node1)', '~transfer_epoch2(node0)', '~transfer_epoch2(node1)', '~transfer_epoch3(node0)', '~transfer_epoch3(node1)']
num_forall :   0
num_exists :   0
num_literals : 0
quantified form : None
qcost : 0


=== Prime Orbit 380 =====================
size : 2
num_suborbits: 1
835 (*) : ---0-----0--0-0-------0000
835     : ['~ep_epoch3(node0)', '~held(node1)', '~locked_epoch1(node0)', '~locked_epoch2(node0)', '~transfer_epoch2(node0)', '~transfer_epoch2(node1)', '~transfer_epoch3(node0)', '~transfer_epoch3(node1)']
836     : -------00----0-0------0000
836     : ['~ep_epoch3(node1)', '~held(node0)', '~locked_epoch1(node1)', '~locked_epoch2(node1)', '~transfer_epoch2(node0)', '~transfer_epoch2(node1)', '~transfer_epoch3(node0)', '~transfer_epoch3(node1)']
num_forall :   0
num_exists :   0
num_literals : 0
quantified form : None
qcost : 0


=== Prime Orbit 381 =====================
size : 2
num_suborbits: 1
838 (*) : --------0----0-0-0----0000
838     : ['~held(node0)', '~locked_epoch1(node1)', '~locked_epoch2(node1)', '~locked_epoch3(node1)', '~transfer_epoch2(node0)', '~transfer_epoch2(node1)', '~transfer_epoch3(node0)', '~transfer_epoch3(node1)']
837     : ---------0--0-0-0-----0000
837     : ['~held(node1)', '~locked_epoch1(node0)', '~locked_epoch2(node0)', '~locked_epoch3(node0)', '~transfer_epoch2(node0)', '~transfer_epoch2(node1)', '~transfer_epoch3(node0)', '~transfer_epoch3(node1)']
num_forall :   0
num_exists :   0
num_literals : 0
quantified form : None
qcost : 0



[PRIME NOTE]: number of orbits after merging: 382

[PRIME NOTE]: number of orbits before merging: 441

[PRIME NOTE]: number of primes: 851

[QRM NOTE]: Time elapsed since start: 10.143 seconds

[QRM NOTE]: Time elapsed since last: 0.398 seconds

[QRM NOTE]: Peak memory: 2299984 bytes


==================================================================================================

	[RED]: PRIME REDUCTION on [ivybench/total/ivy/distributed_lock.ivy: node=2,epoch=4]

==================================================================================================

[QRM NOTE]: Time elapsed since start: 10.161 seconds

[QRM NOTE]: Time elapsed since last: 0.018 seconds

[QRM NOTE]: Peak memory: 1759358 bytes


======================================================================================================

	[QI]: Quantifier Inference on [ivybench/total/ivy/distributed_lock.ivy: node=2,epoch=4]

======================================================================================================


================================================================================================================

	[QI RESULT]: Quantified Prime Orbits on [ivybench/total/ivy/distributed_lock.ivy: node=2,epoch=4]

================================================================================================================


=== Prime Orbit 0 =====================
size : 2
num_suborbits: 1
2 (*) : ----------1---------------
2     : ['locked_epoch0(node0)']
3     : -----------1--------------
3     : ['locked_epoch0(node1)']
num_forall :   1
num_exists :   0
num_literals : 1
quantified form : forall NODE0. ~locked_epoch0(NODE0)
qcost : 2




=== Prime Orbit 1 =====================
size : 2
num_suborbits: 1
0 (*) : --------------------1-----
0     : ['transfer_epoch1(node0)']
1     : ---------------------1----
1     : ['transfer_epoch1(node1)']
num_forall :   1
num_exists :   0
num_literals : 1
quantified form : forall NODE0. ~transfer_epoch1(NODE0)
qcost : 2




=== Prime Orbit 2 =====================
size : 1
num_suborbits: 1
89 (*) : 1---1---------------------
89     : ['ep_epoch0(node0)', 'ep_epoch0(node1)']
num_forall :   0
num_exists :   1
num_literals : 1
quantified form : exists NODE0. ~ep_epoch0(NODE0)
qcost : 2




=== Prime Orbit 3 =====================
size : 2
num_suborbits: 1
73 (*) : 11------------------------
73     : ['ep_epoch0(node0)', 'ep_epoch1(node0)']
72     : ----11--------------------
72     : ['ep_epoch0(node1)', 'ep_epoch1(node1)']
num_forall :   1
num_exists :   0
num_literals : 2
quantified form : forall NODE0. ~ep_epoch0(NODE0) | ~ep_epoch1(NODE0)
qcost : 3




=== Prime Orbit 4 =====================
size : 2
num_suborbits: 1
71 (*) : 1-1-----------------------
71     : ['ep_epoch0(node0)', 'ep_epoch2(node0)']
70     : ----1-1-------------------
70     : ['ep_epoch0(node1)', 'ep_epoch2(node1)']
num_forall :   1
num_exists :   0
num_literals : 2
quantified form : forall NODE0. ~ep_epoch0(NODE0) | ~ep_epoch2(NODE0)
qcost : 3




=== Prime Orbit 5 =====================
size : 2
num_suborbits: 1
80 (*) : 1--1----------------------
80     : ['ep_epoch0(node0)', 'ep_epoch3(node0)']
79     : ----1--1------------------
79     : ['ep_epoch0(node1)', 'ep_epoch3(node1)']
num_forall :   1
num_exists :   0
num_literals : 2
quantified form : forall NODE0. ~ep_epoch0(NODE0) | ~ep_epoch3(NODE0)
qcost : 3




=== Prime Orbit 6 =====================
size : 2
num_suborbits: 1
69 (*) : 1-------1-----------------
69     : ['ep_epoch0(node0)', 'held(node0)']
68     : ----1----1----------------
68     : ['ep_epoch0(node1)', 'held(node1)']
num_forall :   1
num_exists :   0
num_literals : 2
quantified form : forall NODE0. ~ep_epoch0(NODE0) | ~held(NODE0)
qcost : 3




=== Prime Orbit 7 =====================
size : 2
num_suborbits: 1
96 (*) : 1-----------1-------------
96     : ['ep_epoch0(node0)', 'locked_epoch1(node0)']
97     : ----1--------1------------
97     : ['ep_epoch0(node1)', 'locked_epoch1(node1)']
num_forall :   1
num_exists :   0
num_literals : 2
quantified form : forall NODE0. ~ep_epoch0(NODE0) | ~locked_epoch1(NODE0)
qcost : 3




=== Prime Orbit 8 =====================
size : 2
num_suborbits: 1
27 (*) : 1-------------1-----------
27     : ['ep_epoch0(node0)', 'locked_epoch2(node0)']
28     : ----1----------1----------
28     : ['ep_epoch0(node1)', 'locked_epoch2(node1)']
num_forall :   1
num_exists :   0
num_literals : 2
quantified form : forall NODE0. ~ep_epoch0(NODE0) | ~locked_epoch2(NODE0)
qcost : 3




=== Prime Orbit 9 =====================
size : 2
num_suborbits: 1
10 (*) : 1---------------1---------
10     : ['ep_epoch0(node0)', 'locked_epoch3(node0)']
11     : ----1------------1--------
11     : ['ep_epoch0(node1)', 'locked_epoch3(node1)']
num_forall :   1
num_exists :   0
num_literals : 2
quantified form : forall NODE0. ~ep_epoch0(NODE0) | ~locked_epoch3(NODE0)
qcost : 3




=== Prime Orbit 10 =====================
size : 2
num_suborbits: 1
91 (*) : 1------------0------------
91     : ['ep_epoch0(node0)', '~locked_epoch1(node1)']
90     : ----1-------0-------------
90     : ['ep_epoch0(node1)', '~locked_epoch1(node0)']
num_forall :   2
num_exists :   0
num_literals : 3
quantified form : forall NODE1,NODE0. ~ep_epoch0(NODE0) | locked_epoch1(NODE1) | NODE0 = NODE1
qcost : 5




=== Prime Orbit 11 =====================
size : 1
num_suborbits: 1
63 (*) : -1---1--------------------
63     : ['ep_epoch1(node0)', 'ep_epoch1(node1)']
num_forall :   0
num_exists :   1
num_literals : 1
quantified form : exists NODE0. ~ep_epoch1(NODE0)
qcost : 2




=== Prime Orbit 12 =====================
size : 2
num_suborbits: 1
67 (*) : -11-----------------------
67     : ['ep_epoch1(node0)', 'ep_epoch2(node0)']
66     : -----11-------------------
66     : ['ep_epoch1(node1)', 'ep_epoch2(node1)']
num_forall :   1
num_exists :   0
num_literals : 2
quantified form : forall NODE0. ~ep_epoch1(NODE0) | ~ep_epoch2(NODE0)
qcost : 3




=== Prime Orbit 13 =====================
size : 2
num_suborbits: 1
84 (*) : -1-1----------------------
84     : ['ep_epoch1(node0)', 'ep_epoch3(node0)']
83     : -----1-1------------------
83     : ['ep_epoch1(node1)', 'ep_epoch3(node1)']
num_forall :   1
num_exists :   0
num_literals : 2
quantified form : forall NODE0. ~ep_epoch1(NODE0) | ~ep_epoch3(NODE0)
qcost : 3




=== Prime Orbit 14 =====================
size : 2
num_suborbits: 1
95 (*) : -1-----------1------------
95     : ['ep_epoch1(node0)', 'locked_epoch1(node1)']
94     : -----1------1-------------
94     : ['ep_epoch1(node1)', 'locked_epoch1(node0)']
num_forall :   2
num_exists :   0
num_literals : 3
quantified form : forall NODE1,NODE0. ~ep_epoch1(NODE0) | ~locked_epoch1(NODE1) | NODE0 = NODE1
qcost : 5




=== Prime Orbit 15 =====================
size : 2
num_suborbits: 1
25 (*) : -1------------1-----------
25     : ['ep_epoch1(node0)', 'locked_epoch2(node0)']
26     : -----1---------1----------
26     : ['ep_epoch1(node1)', 'locked_epoch2(node1)']
num_forall :   1
num_exists :   0
num_literals : 2
quantified form : forall NODE0. ~ep_epoch1(NODE0) | ~locked_epoch2(NODE0)
qcost : 3




=== Prime Orbit 16 =====================
size : 2
num_suborbits: 1
8 (*) : -1--------------1---------
8     : ['ep_epoch1(node0)', 'locked_epoch3(node0)']
9     : -----1-----------1--------
9     : ['ep_epoch1(node1)', 'locked_epoch3(node1)']
num_forall :   1
num_exists :   0
num_literals : 2
quantified form : forall NODE0. ~ep_epoch1(NODE0) | ~locked_epoch3(NODE0)
qcost : 3




=== Prime Orbit 17 =====================
size : 2
num_suborbits: 1
92 (*) : -1----------0-------------
92     : ['ep_epoch1(node0)', '~locked_epoch1(node0)']
93     : -----1-------0------------
93     : ['ep_epoch1(node1)', '~locked_epoch1(node1)']
num_forall :   1
num_exists :   0
num_literals : 2
quantified form : forall NODE0. ~ep_epoch1(NODE0) | locked_epoch1(NODE0)
qcost : 3




=== Prime Orbit 18 =====================
size : 1
num_suborbits: 1
74 (*) : --1---1-------------------
74     : ['ep_epoch2(node0)', 'ep_epoch2(node1)']
num_forall :   0
num_exists :   1
num_literals : 1
quantified form : exists NODE0. ~ep_epoch2(NODE0)
qcost : 2




=== Prime Orbit 19 =====================
size : 2
num_suborbits: 1
82 (*) : --11----------------------
82     : ['ep_epoch2(node0)', 'ep_epoch3(node0)']
81     : ------11------------------
81     : ['ep_epoch2(node1)', 'ep_epoch3(node1)']
num_forall :   1
num_exists :   0
num_literals : 2
quantified form : forall NODE0. ~ep_epoch2(NODE0) | ~ep_epoch3(NODE0)
qcost : 3




=== Prime Orbit 20 =====================
size : 2
num_suborbits: 1
31 (*) : --1------------1----------
31     : ['ep_epoch2(node0)', 'locked_epoch2(node1)']
30     : ------1-------1-----------
30     : ['ep_epoch2(node1)', 'locked_epoch2(node0)']
num_forall :   2
num_exists :   0
num_literals : 3
quantified form : forall NODE1,NODE0. ~ep_epoch2(NODE0) | ~locked_epoch2(NODE1) | NODE0 = NODE1
qcost : 5




=== Prime Orbit 21 =====================
size : 2
num_suborbits: 1
6 (*) : --1-------------1---------
6     : ['ep_epoch2(node0)', 'locked_epoch3(node0)']
7     : ------1----------1--------
7     : ['ep_epoch2(node1)', 'locked_epoch3(node1)']
num_forall :   1
num_exists :   0
num_literals : 2
quantified form : forall NODE0. ~ep_epoch2(NODE0) | ~locked_epoch3(NODE0)
qcost : 3




=== Prime Orbit 22 =====================
size : 4
num_suborbits: 2
60 (*) : --1-------------------1---
60     : ['ep_epoch2(node0)', 'transfer_epoch2(node0)']
53     : --1--------------------1--
53     : ['ep_epoch2(node0)', 'transfer_epoch2(node1)']
54     : ------1---------------1---
54     : ['ep_epoch2(node1)', 'transfer_epoch2(node0)']
59     : ------1----------------1--
59     : ['ep_epoch2(node1)', 'transfer_epoch2(node1)']
num_forall :   2
num_exists :   0
num_literals : 2
quantified form : forall NODE1,NODE0. ~ep_epoch2(NODE0) | ~transfer_epoch2(NODE1)
qcost : 4




=== Prime Orbit 23 =====================
size : 2
num_suborbits: 1
65 (*) : --1-----------0-----------
65     : ['ep_epoch2(node0)', '~locked_epoch2(node0)']
64     : ------1--------0----------
64     : ['ep_epoch2(node1)', '~locked_epoch2(node1)']
num_forall :   1
num_exists :   0
num_literals : 2
quantified form : forall NODE0. ~ep_epoch2(NODE0) | locked_epoch2(NODE0)
qcost : 3




=== Prime Orbit 24 =====================
size : 1
num_suborbits: 1
88 (*) : ---1---1------------------
88     : ['ep_epoch3(node0)', 'ep_epoch3(node1)']
num_forall :   0
num_exists :   1
num_literals : 1
quantified form : exists NODE0. ~ep_epoch3(NODE0)
qcost : 2




=== Prime Orbit 25 =====================
size : 2
num_suborbits: 1
86 (*) : ---1-----1----------------
86     : ['ep_epoch3(node0)', 'held(node1)']
85     : -------11-----------------
85     : ['ep_epoch3(node1)', 'held(node0)']
num_forall :   2
num_exists :   0
num_literals : 3
quantified form : forall NODE1,NODE0. ~ep_epoch3(NODE0) | ~held(NODE1) | NODE0 = NODE1
qcost : 5




=== Prime Orbit 26 =====================
size : 2
num_suborbits: 1
20 (*) : ---1-------------1--------
20     : ['ep_epoch3(node0)', 'locked_epoch3(node1)']
19     : -------1--------1---------
19     : ['ep_epoch3(node1)', 'locked_epoch3(node0)']
num_forall :   2
num_exists :   0
num_literals : 3
quantified form : forall NODE1,NODE0. ~ep_epoch3(NODE0) | ~locked_epoch3(NODE1) | NODE0 = NODE1
qcost : 5




=== Prime Orbit 27 =====================
size : 4
num_suborbits: 2
50 (*) : ---1------------------1---
50     : ['ep_epoch3(node0)', 'transfer_epoch2(node0)']
55     : ---1-------------------1--
55     : ['ep_epoch3(node0)', 'transfer_epoch2(node1)']
56     : -------1--------------1---
56     : ['ep_epoch3(node1)', 'transfer_epoch2(node0)']
49     : -------1---------------1--
49     : ['ep_epoch3(node1)', 'transfer_epoch2(node1)']
num_forall :   2
num_exists :   0
num_literals : 2
quantified form : forall NODE1,NODE0. ~ep_epoch3(NODE0) | ~transfer_epoch2(NODE1)
qcost : 4




=== Prime Orbit 28 =====================
size : 4
num_suborbits: 2
35 (*) : ---1--------------------1-
35     : ['ep_epoch3(node0)', 'transfer_epoch3(node0)']
38     : ---1---------------------1
38     : ['ep_epoch3(node0)', 'transfer_epoch3(node1)']
39     : -------1----------------1-
39     : ['ep_epoch3(node1)', 'transfer_epoch3(node0)']
34     : -------1-----------------1
34     : ['ep_epoch3(node1)', 'transfer_epoch3(node1)']
num_forall :   2
num_exists :   0
num_literals : 2
quantified form : forall NODE1,NODE0. ~ep_epoch3(NODE0) | ~transfer_epoch3(NODE1)
qcost : 4




=== Prime Orbit 29 =====================
size : 2
num_suborbits: 1
78 (*) : ---1----0-----------------
78     : ['ep_epoch3(node0)', '~held(node0)']
77     : -------1-0----------------
77     : ['ep_epoch3(node1)', '~held(node1)']
num_forall :   1
num_exists :   0
num_literals : 2
quantified form : forall NODE0. ~ep_epoch3(NODE0) | held(NODE0)
qcost : 3




=== Prime Orbit 30 =====================
size : 2
num_suborbits: 1
76 (*) : ---1------------0---------
76     : ['ep_epoch3(node0)', '~locked_epoch3(node0)']
75     : -------1---------0--------
75     : ['ep_epoch3(node1)', '~locked_epoch3(node1)']
num_forall :   1
num_exists :   0
num_literals : 2
quantified form : forall NODE0. ~ep_epoch3(NODE0) | locked_epoch3(NODE0)
qcost : 3




=== Prime Orbit 31 =====================
size : 1
num_suborbits: 1
87 (*) : --------11----------------
87     : ['held(node0)', 'held(node1)']
num_forall :   0
num_exists :   1
num_literals : 1
quantified form : exists NODE0. ~held(NODE0)
qcost : 2




=== Prime Orbit 32 =====================
size : 2
num_suborbits: 1
18 (*) : --------1--------1--------
18     : ['held(node0)', 'locked_epoch3(node1)']
17     : ---------1------1---------
17     : ['held(node1)', 'locked_epoch3(node0)']
num_forall :   2
num_exists :   0
num_literals : 3
quantified form : forall NODE1,NODE0. ~held(NODE0) | ~locked_epoch3(NODE1) | NODE0 = NODE1
qcost : 5




=== Prime Orbit 33 =====================
size : 4
num_suborbits: 2
62 (*) : --------1-------------1---
62     : ['held(node0)', 'transfer_epoch2(node0)']
51     : --------1--------------1--
51     : ['held(node0)', 'transfer_epoch2(node1)']
52     : ---------1------------1---
52     : ['held(node1)', 'transfer_epoch2(node0)']
61     : ---------1-------------1--
61     : ['held(node1)', 'transfer_epoch2(node1)']
num_forall :   2
num_exists :   0
num_literals : 2
quantified form : forall NODE1,NODE0. ~held(NODE0) | ~transfer_epoch2(NODE1)
qcost : 4




=== Prime Orbit 34 =====================
size : 4
num_suborbits: 2
42 (*) : --------1---------------1-
42     : ['held(node0)', 'transfer_epoch3(node0)']
36     : --------1----------------1
36     : ['held(node0)', 'transfer_epoch3(node1)']
37     : ---------1--------------1-
37     : ['held(node1)', 'transfer_epoch3(node0)']
41     : ---------1---------------1
41     : ['held(node1)', 'transfer_epoch3(node1)']
num_forall :   2
num_exists :   0
num_literals : 2
quantified form : forall NODE1,NODE0. ~held(NODE0) | ~transfer_epoch3(NODE1)
qcost : 4




=== Prime Orbit 35 =====================
size : 1
num_suborbits: 1
98 (*) : ------------11------------
98     : ['locked_epoch1(node0)', 'locked_epoch1(node1)']
num_forall :   0
num_exists :   1
num_literals : 1
quantified form : exists NODE0. ~locked_epoch1(NODE0)
qcost : 2




=== Prime Orbit 36 =====================
size : 1
num_suborbits: 1
29 (*) : --------------11----------
29     : ['locked_epoch2(node0)', 'locked_epoch2(node1)']
num_forall :   0
num_exists :   1
num_literals : 1
quantified form : exists NODE0. ~locked_epoch2(NODE0)
qcost : 2




=== Prime Orbit 37 =====================
size : 4
num_suborbits: 2
48 (*) : --------------1-------1---
48     : ['locked_epoch2(node0)', 'transfer_epoch2(node0)']
32     : --------------1--------1--
32     : ['locked_epoch2(node0)', 'transfer_epoch2(node1)']
33     : ---------------1------1---
33     : ['locked_epoch2(node1)', 'transfer_epoch2(node0)']
47     : ---------------1-------1--
47     : ['locked_epoch2(node1)', 'transfer_epoch2(node1)']
num_forall :   2
num_exists :   0
num_literals : 2
quantified form : forall NODE1,NODE0. ~locked_epoch2(NODE0) | ~transfer_epoch2(NODE1)
qcost : 4




=== Prime Orbit 38 =====================
size : 1
num_suborbits: 1
14 (*) : ----------------11--------
14     : ['locked_epoch3(node0)', 'locked_epoch3(node1)']
num_forall :   0
num_exists :   1
num_literals : 1
quantified form : exists NODE0. ~locked_epoch3(NODE0)
qcost : 2




=== Prime Orbit 39 =====================
size : 4
num_suborbits: 2
46 (*) : ----------------1-----1---
46     : ['locked_epoch3(node0)', 'transfer_epoch2(node0)']
21     : ----------------1------1--
21     : ['locked_epoch3(node0)', 'transfer_epoch2(node1)']
22     : -----------------1----1---
22     : ['locked_epoch3(node1)', 'transfer_epoch2(node0)']
45     : -----------------1-----1--
45     : ['locked_epoch3(node1)', 'transfer_epoch2(node1)']
num_forall :   2
num_exists :   0
num_literals : 2
quantified form : forall NODE1,NODE0. ~locked_epoch3(NODE0) | ~transfer_epoch2(NODE1)
qcost : 4




=== Prime Orbit 40 =====================
size : 4
num_suborbits: 2
12 (*) : ----------------1-------1-
12     : ['locked_epoch3(node0)', 'transfer_epoch3(node0)']
23     : ----------------1--------1
23     : ['locked_epoch3(node0)', 'transfer_epoch3(node1)']
24     : -----------------1------1-
24     : ['locked_epoch3(node1)', 'transfer_epoch3(node0)']
13     : -----------------1-------1
13     : ['locked_epoch3(node1)', 'transfer_epoch3(node1)']
num_forall :   2
num_exists :   0
num_literals : 2
quantified form : forall NODE1,NODE0. ~locked_epoch3(NODE0) | ~transfer_epoch3(NODE1)
qcost : 4




=== Prime Orbit 41 =====================
size : 2
num_suborbits: 1
4 (*) : ---0------------1---------
4     : ['locked_epoch3(node0)', '~ep_epoch3(node0)']
5     : -------0---------1--------
5     : ['locked_epoch3(node1)', '~ep_epoch3(node1)']
num_forall :   1
num_exists :   0
num_literals : 2
quantified form : forall NODE0. ~locked_epoch3(NODE0) | ep_epoch3(NODE0)
qcost : 3




=== Prime Orbit 42 =====================
size : 2
num_suborbits: 1
15 (*) : --------0-------1---------
15     : ['locked_epoch3(node0)', '~held(node0)']
16     : ---------0-------1--------
16     : ['locked_epoch3(node1)', '~held(node1)']
num_forall :   1
num_exists :   0
num_literals : 2
quantified form : forall NODE0. ~locked_epoch3(NODE0) | held(NODE0)
qcost : 3




=== Prime Orbit 43 =====================
size : 1
num_suborbits: 1
100 (*) : ----------------------11--
100     : ['transfer_epoch2(node0)', 'transfer_epoch2(node1)']
num_forall :   0
num_exists :   1
num_literals : 1
quantified form : exists NODE0. ~transfer_epoch2(NODE0)
qcost : 2




=== Prime Orbit 44 =====================
size : 4
num_suborbits: 2
44 (*) : ----------------------1-1-
44     : ['transfer_epoch2(node0)', 'transfer_epoch3(node0)']
58     : ----------------------1--1
58     : ['transfer_epoch2(node0)', 'transfer_epoch3(node1)']
57     : -----------------------11-
57     : ['transfer_epoch2(node1)', 'transfer_epoch3(node0)']
43     : -----------------------1-1
43     : ['transfer_epoch2(node1)', 'transfer_epoch3(node1)']
num_forall :   2
num_exists :   0
num_literals : 2
quantified form : forall NODE1,NODE0. ~transfer_epoch2(NODE0) | ~transfer_epoch3(NODE1)
qcost : 4




=== Prime Orbit 45 =====================
size : 1
num_suborbits: 1
40 (*) : ------------------------11
40     : ['transfer_epoch3(node0)', 'transfer_epoch3(node1)']
num_forall :   0
num_exists :   1
num_literals : 1
quantified form : exists NODE0. ~transfer_epoch3(NODE0)
qcost : 2




=== Prime Orbit 46 =====================
size : 1
num_suborbits: 1
99 (*) : ------------00------------
99     : ['~locked_epoch1(node0)', '~locked_epoch1(node1)']
num_forall :   0
num_exists :   1
num_literals : 1
quantified form : exists NODE0. locked_epoch1(NODE0)
qcost : 2




=== Prime Orbit 47 =====================
size : 4
num_suborbits: 2
101 (*) : 1----0----------------1---
101     : ['ep_epoch0(node0)', 'transfer_epoch2(node0)', '~ep_epoch1(node1)']
103     : 1----0-----------------1--
103     : ['ep_epoch0(node0)', 'transfer_epoch2(node1)', '~ep_epoch1(node1)']
104     : -0--1-----------------1---
104     : ['ep_epoch0(node1)', 'transfer_epoch2(node0)', '~ep_epoch1(node0)']
102     : -0--1------------------1--
102     : ['ep_epoch0(node1)', 'transfer_epoch2(node1)', '~ep_epoch1(node0)']
num_forall :   3
num_exists :   0
num_literals : 7
quantified form : forall NODE1,NODE0,NODE2. ~ep_epoch0(NODE0) | ~transfer_epoch2(NODE1) | ep_epoch1(NODE2) | ((NODE0 ~= NODE1 | NODE0 = NODE2) & (NODE1 ~= NODE2 | NODE0 = NODE1))
qcost : 10




=== Prime Orbit 48 =====================
size : 2
num_suborbits: 1
129 (*) : -1----1-1-----------------
129     : ['ep_epoch1(node0)', 'ep_epoch2(node1)', 'held(node0)']
130     : --1--1---1----------------
130     : ['ep_epoch1(node1)', 'ep_epoch2(node0)', 'held(node1)']
num_forall :   2
num_exists :   0
num_literals : 4
quantified form : forall NODE1,NODE0. ~ep_epoch1(NODE0) | ~ep_epoch2(NODE1) | ~held(NODE0) | NODE0 = NODE1
qcost : 6




=== Prime Orbit 49 =====================
size : 2
num_suborbits: 1
119 (*) : -1------1------1----------
119     : ['ep_epoch1(node0)', 'held(node0)', 'locked_epoch2(node1)']
120     : -----1---1----1-----------
120     : ['ep_epoch1(node1)', 'held(node1)', 'locked_epoch2(node0)']
num_forall :   2
num_exists :   0
num_literals : 4
quantified form : forall NODE1,NODE0. ~ep_epoch1(NODE0) | ~held(NODE0) | ~locked_epoch2(NODE1) | NODE0 = NODE1
qcost : 6




=== Prime Orbit 50 =====================
size : 2
num_suborbits: 1
131 (*) : -1--0---1-----------------
131     : ['ep_epoch1(node0)', 'held(node0)', '~ep_epoch0(node1)']
132     : 0----1---1----------------
132     : ['ep_epoch1(node1)', 'held(node1)', '~ep_epoch0(node0)']
num_forall :   2
num_exists :   0
num_literals : 4
quantified form : forall NODE1,NODE0. ~ep_epoch1(NODE0) | ~held(NODE0) | ep_epoch0(NODE1) | NODE0 = NODE1
qcost : 6




=== Prime Orbit 51 =====================
size : 4
num_suborbits: 2
125 (*) : -1--0-----------------1---
125     : ['ep_epoch1(node0)', 'transfer_epoch2(node0)', '~ep_epoch0(node1)']
127     : -1--0------------------1--
127     : ['ep_epoch1(node0)', 'transfer_epoch2(node1)', '~ep_epoch0(node1)']
128     : 0----1----------------1---
128     : ['ep_epoch1(node1)', 'transfer_epoch2(node0)', '~ep_epoch0(node0)']
126     : 0----1-----------------1--
126     : ['ep_epoch1(node1)', 'transfer_epoch2(node1)', '~ep_epoch0(node0)']
num_forall :   3
num_exists :   0
num_literals : 7
quantified form : forall NODE1,NODE0,NODE2. ~ep_epoch1(NODE0) | ~transfer_epoch2(NODE1) | ep_epoch0(NODE2) | ((NODE0 ~= NODE1 | NODE0 = NODE2) & (NODE1 ~= NODE2 | NODE0 = NODE1))
qcost : 10




=== Prime Orbit 52 =====================
size : 2
num_suborbits: 1
136 (*) : --1----0-1----------------
136     : ['ep_epoch2(node0)', 'held(node1)', '~ep_epoch3(node1)']
135     : ---0--1-1-----------------
135     : ['ep_epoch2(node1)', 'held(node0)', '~ep_epoch3(node0)']
num_forall :   2
num_exists :   0
num_literals : 4
quantified form : forall NODE1,NODE0. ~ep_epoch2(NODE0) | ~held(NODE1) | ep_epoch3(NODE1) | NODE0 = NODE1
qcost : 6




=== Prime Orbit 53 =====================
size : 2
num_suborbits: 1
134 (*) : --1------1-------0--------
134     : ['ep_epoch2(node0)', 'held(node1)', '~locked_epoch3(node1)']
133     : ------1-1-------0---------
133     : ['ep_epoch2(node1)', 'held(node0)', '~locked_epoch3(node0)']
num_forall :   2
num_exists :   0
num_literals : 4
quantified form : forall NODE1,NODE0. ~ep_epoch2(NODE0) | ~held(NODE1) | locked_epoch3(NODE1) | NODE0 = NODE1
qcost : 6




=== Prime Orbit 54 =====================
size : 2
num_suborbits: 1
138 (*) : ---1--0--------1----------
138     : ['ep_epoch3(node0)', 'locked_epoch2(node1)', '~ep_epoch2(node1)']
137     : --0----1------1-----------
137     : ['ep_epoch3(node1)', 'locked_epoch2(node0)', '~ep_epoch2(node0)']
num_forall :   2
num_exists :   0
num_literals : 4
quantified form : forall NODE1,NODE0. ~ep_epoch3(NODE0) | ~locked_epoch2(NODE1) | ep_epoch2(NODE1) | NODE0 = NODE1
qcost : 6




=== Prime Orbit 55 =====================
size : 2
num_suborbits: 1
121 (*) : ------0-1------1----------
121     : ['held(node0)', 'locked_epoch2(node1)', '~ep_epoch2(node1)']
122     : --0------1----1-----------
122     : ['held(node1)', 'locked_epoch2(node0)', '~ep_epoch2(node0)']
num_forall :   2
num_exists :   0
num_literals : 4
quantified form : forall NODE1,NODE0. ~held(NODE0) | ~locked_epoch2(NODE1) | ep_epoch2(NODE1) | NODE0 = NODE1
qcost : 6




=== Prime Orbit 56 =====================
size : 2
num_suborbits: 1
117 (*) : ---0----1------1----------
117     : ['held(node0)', 'locked_epoch2(node1)', '~ep_epoch3(node0)']
118     : -------0-1----1-----------
118     : ['held(node1)', 'locked_epoch2(node0)', '~ep_epoch3(node1)']
num_forall :   2
num_exists :   0
num_literals : 4
quantified form : forall NODE1,NODE0. ~held(NODE0) | ~locked_epoch2(NODE1) | ep_epoch3(NODE0) | NODE0 = NODE1
qcost : 6




=== Prime Orbit 57 =====================
size : 2
num_suborbits: 1
115 (*) : --------1------10---------
115     : ['held(node0)', 'locked_epoch2(node1)', '~locked_epoch3(node0)']
116     : ---------1----1--0--------
116     : ['held(node1)', 'locked_epoch2(node0)', '~locked_epoch3(node1)']
num_forall :   2
num_exists :   0
num_literals : 4
quantified form : forall NODE1,NODE0. ~held(NODE0) | ~locked_epoch2(NODE1) | locked_epoch3(NODE0) | NODE0 = NODE1
qcost : 6




=== Prime Orbit 58 =====================
size : 4
num_suborbits: 2
161 (*) : ----0-------1---------1---
161     : ['locked_epoch1(node0)', 'transfer_epoch2(node0)', '~ep_epoch0(node1)']
140     : ----0-------1----------1--
140     : ['locked_epoch1(node0)', 'transfer_epoch2(node1)', '~ep_epoch0(node1)']
139     : 0------------1--------1---
139     : ['locked_epoch1(node1)', 'transfer_epoch2(node0)', '~ep_epoch0(node0)']
162     : 0------------1---------1--
162     : ['locked_epoch1(node1)', 'transfer_epoch2(node1)', '~ep_epoch0(node0)']
num_forall :   3
num_exists :   0
num_literals : 7
quantified form : forall NODE1,NODE0,NODE2. ~locked_epoch1(NODE0) | ~transfer_epoch2(NODE1) | ep_epoch0(NODE2) | ((NODE1 ~= NODE2 | NODE0 = NODE1) & (NODE0 ~= NODE1 | NODE0 = NODE2))
qcost : 10




=== Prime Orbit 59 =====================
size : 4
num_suborbits: 2
159 (*) : -0----------1---------1---
159     : ['locked_epoch1(node0)', 'transfer_epoch2(node0)', '~ep_epoch1(node0)']
142     : -0----------1----------1--
142     : ['locked_epoch1(node0)', 'transfer_epoch2(node1)', '~ep_epoch1(node0)']
141     : -----0-------1--------1---
141     : ['locked_epoch1(node1)', 'transfer_epoch2(node0)', '~ep_epoch1(node1)']
160     : -----0-------1---------1--
160     : ['locked_epoch1(node1)', 'transfer_epoch2(node1)', '~ep_epoch1(node1)']
num_forall :   2
num_exists :   0
num_literals : 3
quantified form : forall NODE1,NODE0. ~locked_epoch1(NODE0) | ~transfer_epoch2(NODE1) | ep_epoch1(NODE0)
qcost : 5




=== Prime Orbit 60 =====================
size : 2
num_suborbits: 1
124 (*) : --0-----------1--1--------
124     : ['locked_epoch2(node0)', 'locked_epoch3(node1)', '~ep_epoch2(node0)']
123     : ------0--------11---------
123     : ['locked_epoch2(node1)', 'locked_epoch3(node0)', '~ep_epoch2(node1)']
num_forall :   2
num_exists :   0
num_literals : 4
quantified form : forall NODE1,NODE0. ~locked_epoch2(NODE0) | ~locked_epoch3(NODE1) | ep_epoch2(NODE0) | NODE0 = NODE1
qcost : 6




=== Prime Orbit 61 =====================
size : 4
num_suborbits: 2
107 (*) : --0-----------1---------1-
107     : ['locked_epoch2(node0)', 'transfer_epoch3(node0)', '~ep_epoch2(node0)']
106     : --0-----------1----------1
106     : ['locked_epoch2(node0)', 'transfer_epoch3(node1)', '~ep_epoch2(node0)']
105     : ------0--------1--------1-
105     : ['locked_epoch2(node1)', 'transfer_epoch3(node0)', '~ep_epoch2(node1)']
108     : ------0--------1---------1
108     : ['locked_epoch2(node1)', 'transfer_epoch3(node1)', '~ep_epoch2(node1)']
num_forall :   2
num_exists :   0
num_literals : 3
quantified form : forall NODE1,NODE0. ~locked_epoch2(NODE0) | ~transfer_epoch3(NODE1) | ep_epoch2(NODE0)
qcost : 5




=== Prime Orbit 62 =====================
size : 2
num_suborbits: 1
110 (*) : --00----------1-----------
110     : ['locked_epoch2(node0)', '~ep_epoch2(node0)', '~ep_epoch3(node0)']
109     : ------00-------1----------
109     : ['locked_epoch2(node1)', '~ep_epoch2(node1)', '~ep_epoch3(node1)']
num_forall :   1
num_exists :   0
num_literals : 3
quantified form : forall NODE0. ~locked_epoch2(NODE0) | ep_epoch2(NODE0) | ep_epoch3(NODE0)
qcost : 4




=== Prime Orbit 63 =====================
size : 2
num_suborbits: 1
112 (*) : --0-----0-----1-----------
112     : ['locked_epoch2(node0)', '~ep_epoch2(node0)', '~held(node0)']
111     : ------0--0-----1----------
111     : ['locked_epoch2(node1)', '~ep_epoch2(node1)', '~held(node1)']
num_forall :   1
num_exists :   0
num_literals : 3
quantified form : forall NODE0. ~locked_epoch2(NODE0) | ep_epoch2(NODE0) | held(NODE0)
qcost : 4




=== Prime Orbit 64 =====================
size : 2
num_suborbits: 1
114 (*) : --0-----------1-0---------
114     : ['locked_epoch2(node0)', '~ep_epoch2(node0)', '~locked_epoch3(node0)']
113     : ------0--------1-0--------
113     : ['locked_epoch2(node1)', '~ep_epoch2(node1)', '~locked_epoch3(node1)']
num_forall :   1
num_exists :   0
num_literals : 3
quantified form : forall NODE0. ~locked_epoch2(NODE0) | ep_epoch2(NODE0) | locked_epoch3(NODE0)
qcost : 4




=== Prime Orbit 65 =====================
size : 2
num_suborbits: 1
143 (*) : 0---0-----------------1---
143     : ['transfer_epoch2(node0)', '~ep_epoch0(node0)', '~ep_epoch0(node1)']
144     : 0---0------------------1--
144     : ['transfer_epoch2(node1)', '~ep_epoch0(node0)', '~ep_epoch0(node1)']
num_forall :   2
num_exists :   0
num_literals : 4
quantified form : forall NODE1,NODE0. ~transfer_epoch2(NODE0) | ep_epoch0(NODE0) | ep_epoch0(NODE1) | NODE0 = NODE1
qcost : 6




=== Prime Orbit 66 =====================
size : 4
num_suborbits: 2
145 (*) : 00--------------------1---
145     : ['transfer_epoch2(node0)', '~ep_epoch0(node0)', '~ep_epoch1(node0)']
151     : ----00----------------1---
151     : ['transfer_epoch2(node0)', '~ep_epoch0(node1)', '~ep_epoch1(node1)']
152     : 00---------------------1--
152     : ['transfer_epoch2(node1)', '~ep_epoch0(node0)', '~ep_epoch1(node0)']
146     : ----00-----------------1--
146     : ['transfer_epoch2(node1)', '~ep_epoch0(node1)', '~ep_epoch1(node1)']
num_forall :   2
num_exists :   0
num_literals : 3
quantified form : forall NODE1,NODE0. ~transfer_epoch2(NODE0) | ep_epoch0(NODE1) | ep_epoch1(NODE1)
qcost : 5




=== Prime Orbit 67 =====================
size : 4
num_suborbits: 2
147 (*) : 0-----------0---------1---
147     : ['transfer_epoch2(node0)', '~ep_epoch0(node0)', '~locked_epoch1(node0)']
157     : ----0--------0--------1---
157     : ['transfer_epoch2(node0)', '~ep_epoch0(node1)', '~locked_epoch1(node1)']
158     : 0-----------0----------1--
158     : ['transfer_epoch2(node1)', '~ep_epoch0(node0)', '~locked_epoch1(node0)']
148     : ----0--------0---------1--
148     : ['transfer_epoch2(node1)', '~ep_epoch0(node1)', '~locked_epoch1(node1)']
num_forall :   2
num_exists :   0
num_literals : 3
quantified form : forall NODE1,NODE0. ~transfer_epoch2(NODE0) | ep_epoch0(NODE1) | locked_epoch1(NODE1)
qcost : 5




=== Prime Orbit 68 =====================
size : 2
num_suborbits: 1
149 (*) : -0---0----------------1---
149     : ['transfer_epoch2(node0)', '~ep_epoch1(node0)', '~ep_epoch1(node1)']
150     : -0---0-----------------1--
150     : ['transfer_epoch2(node1)', '~ep_epoch1(node0)', '~ep_epoch1(node1)']
num_forall :   2
num_exists :   0
num_literals : 4
quantified form : forall NODE1,NODE0. ~transfer_epoch2(NODE0) | ep_epoch1(NODE0) | ep_epoch1(NODE1) | NODE0 = NODE1
qcost : 6




=== Prime Orbit 69 =====================
size : 4
num_suborbits: 2
155 (*) : -0-----------0--------1---
155     : ['transfer_epoch2(node0)', '~ep_epoch1(node0)', '~locked_epoch1(node1)']
153     : -----0------0---------1---
153     : ['transfer_epoch2(node0)', '~ep_epoch1(node1)', '~locked_epoch1(node0)']
154     : -0-----------0---------1--
154     : ['transfer_epoch2(node1)', '~ep_epoch1(node0)', '~locked_epoch1(node1)']
156     : -----0------0----------1--
156     : ['transfer_epoch2(node1)', '~ep_epoch1(node1)', '~locked_epoch1(node0)']
num_forall :   3
num_exists :   0
num_literals : 7
quantified form : forall NODE1,NODE0,NODE2. ~transfer_epoch2(NODE0) | ep_epoch1(NODE1) | locked_epoch1(NODE2) | ((NODE0 ~= NODE2 | NODE0 = NODE1) & (NODE0 ~= NODE1 | NODE0 = NODE2))
qcost : 10




=== Prime Orbit 70 =====================
size : 4
num_suborbits: 2
484 (*) : 1----00-----------------1-
484     : ['ep_epoch0(node0)', 'transfer_epoch3(node0)', '~ep_epoch1(node1)', '~ep_epoch2(node1)']
577     : 1----00------------------1
577     : ['ep_epoch0(node0)', 'transfer_epoch3(node1)', '~ep_epoch1(node1)', '~ep_epoch2(node1)']
578     : -00-1-------------------1-
578     : ['ep_epoch0(node1)', 'transfer_epoch3(node0)', '~ep_epoch1(node0)', '~ep_epoch2(node0)']
483     : -00-1--------------------1
483     : ['ep_epoch0(node1)', 'transfer_epoch3(node1)', '~ep_epoch1(node0)', '~ep_epoch2(node0)']
num_forall :   3
num_exists :   0
num_literals : 8
quantified form : forall NODE1,NODE0,NODE2. ~ep_epoch0(NODE0) | ~transfer_epoch3(NODE1) | ep_epoch1(NODE2) | ep_epoch2(NODE2) | ((NODE0 ~= NODE1 | NODE0 = NODE2) & (NODE1 ~= NODE2 | NODE0 = NODE1))
qcost : 11




=== Prime Orbit 71 =====================
size : 4
num_suborbits: 2
482 (*) : 1----0---------0--------1-
482     : ['ep_epoch0(node0)', 'transfer_epoch3(node0)', '~ep_epoch1(node1)', '~locked_epoch2(node1)']
579     : 1----0---------0---------1
579     : ['ep_epoch0(node0)', 'transfer_epoch3(node1)', '~ep_epoch1(node1)', '~locked_epoch2(node1)']
580     : -0--1---------0---------1-
580     : ['ep_epoch0(node1)', 'transfer_epoch3(node0)', '~ep_epoch1(node0)', '~locked_epoch2(node0)']
481     : -0--1---------0----------1
481     : ['ep_epoch0(node1)', 'transfer_epoch3(node1)', '~ep_epoch1(node0)', '~locked_epoch2(node0)']
num_forall :   3
num_exists :   0
num_literals : 8
quantified form : forall NODE1,NODE0,NODE2. ~ep_epoch0(NODE0) | ~transfer_epoch3(NODE1) | ep_epoch1(NODE2) | locked_epoch2(NODE2) | ((NODE0 ~= NODE1 | NODE0 = NODE2) & (NODE1 ~= NODE2 | NODE0 = NODE1))
qcost : 11




=== Prime Orbit 72 =====================
size : 2
num_suborbits: 1
473 (*) : 1----000------------------
473     : ['ep_epoch0(node0)', '~ep_epoch1(node1)', '~ep_epoch2(node1)', '~ep_epoch3(node1)']
474     : -0001---------------------
474     : ['ep_epoch0(node1)', '~ep_epoch1(node0)', '~ep_epoch2(node0)', '~ep_epoch3(node0)']
num_forall :   2
num_exists :   0
num_literals : 5
quantified form : forall NODE1,NODE0. ~ep_epoch0(NODE0) | ep_epoch1(NODE1) | ep_epoch2(NODE1) | ep_epoch3(NODE1) | NODE0 = NODE1
qcost : 7




=== Prime Orbit 73 =====================
size : 2
num_suborbits: 1
475 (*) : 1----00--0----------------
475     : ['ep_epoch0(node0)', '~ep_epoch1(node1)', '~ep_epoch2(node1)', '~held(node1)']
476     : -00-1---0-----------------
476     : ['ep_epoch0(node1)', '~ep_epoch1(node0)', '~ep_epoch2(node0)', '~held(node0)']
num_forall :   2
num_exists :   0
num_literals : 5
quantified form : forall NODE1,NODE0. ~ep_epoch0(NODE0) | ep_epoch1(NODE1) | ep_epoch2(NODE1) | held(NODE1) | NODE0 = NODE1
qcost : 7




=== Prime Orbit 74 =====================
size : 2
num_suborbits: 1
354 (*) : 1----00----------0--------
354     : ['ep_epoch0(node0)', '~ep_epoch1(node1)', '~ep_epoch2(node1)', '~locked_epoch3(node1)']
353     : -00-1-----------0---------
353     : ['ep_epoch0(node1)', '~ep_epoch1(node0)', '~ep_epoch2(node0)', '~locked_epoch3(node0)']
num_forall :   2
num_exists :   0
num_literals : 5
quantified form : forall NODE1,NODE0. ~ep_epoch0(NODE0) | ep_epoch1(NODE1) | ep_epoch2(NODE1) | locked_epoch3(NODE1) | NODE0 = NODE1
qcost : 7




=== Prime Orbit 75 =====================
size : 2
num_suborbits: 1
470 (*) : 1----0-0-------0----------
470     : ['ep_epoch0(node0)', '~ep_epoch1(node1)', '~ep_epoch3(node1)', '~locked_epoch2(node1)']
469     : -0-01---------0-----------
469     : ['ep_epoch0(node1)', '~ep_epoch1(node0)', '~ep_epoch3(node0)', '~locked_epoch2(node0)']
num_forall :   2
num_exists :   0
num_literals : 5
quantified form : forall NODE1,NODE0. ~ep_epoch0(NODE0) | ep_epoch1(NODE1) | ep_epoch3(NODE1) | locked_epoch2(NODE1) | NODE0 = NODE1
qcost : 7




=== Prime Orbit 76 =====================
size : 2
num_suborbits: 1
472 (*) : 1----0---0-----0----------
472     : ['ep_epoch0(node0)', '~ep_epoch1(node1)', '~held(node1)', '~locked_epoch2(node1)']
471     : -0--1---0-----0-----------
471     : ['ep_epoch0(node1)', '~ep_epoch1(node0)', '~held(node0)', '~locked_epoch2(node0)']
num_forall :   2
num_exists :   0
num_literals : 5
quantified form : forall NODE1,NODE0. ~ep_epoch0(NODE0) | ep_epoch1(NODE1) | held(NODE1) | locked_epoch2(NODE1) | NODE0 = NODE1
qcost : 7




=== Prime Orbit 77 =====================
size : 2
num_suborbits: 1
356 (*) : 1----0---------0-0--------
356     : ['ep_epoch0(node0)', '~ep_epoch1(node1)', '~locked_epoch2(node1)', '~locked_epoch3(node1)']
355     : -0--1---------0-0---------
355     : ['ep_epoch0(node1)', '~ep_epoch1(node0)', '~locked_epoch2(node0)', '~locked_epoch3(node0)']
num_forall :   2
num_exists :   0
num_literals : 5
quantified form : forall NODE1,NODE0. ~ep_epoch0(NODE0) | ep_epoch1(NODE1) | locked_epoch2(NODE1) | locked_epoch3(NODE1) | NODE0 = NODE1
qcost : 7




=== Prime Orbit 78 =====================
size : 2
num_suborbits: 1
400 (*) : -1----00-1----------------
400     : ['ep_epoch1(node0)', 'held(node1)', '~ep_epoch2(node1)', '~ep_epoch3(node1)']
399     : --00-1--1-----------------
399     : ['ep_epoch1(node1)', 'held(node0)', '~ep_epoch2(node0)', '~ep_epoch3(node0)']
num_forall :   2
num_exists :   0
num_literals : 5
quantified form : forall NODE1,NODE0. ~ep_epoch1(NODE0) | ~held(NODE1) | ep_epoch2(NODE1) | ep_epoch3(NODE1) | NODE0 = NODE1
qcost : 7




=== Prime Orbit 79 =====================
size : 2
num_suborbits: 1
376 (*) : -1----0--1-------0--------
376     : ['ep_epoch1(node0)', 'held(node1)', '~ep_epoch2(node1)', '~locked_epoch3(node1)']
375     : --0--1--1-------0---------
375     : ['ep_epoch1(node1)', 'held(node0)', '~ep_epoch2(node0)', '~locked_epoch3(node0)']
num_forall :   2
num_exists :   0
num_literals : 5
quantified form : forall NODE1,NODE0. ~ep_epoch1(NODE0) | ~held(NODE1) | ep_epoch2(NODE1) | locked_epoch3(NODE1) | NODE0 = NODE1
qcost : 7




=== Prime Orbit 80 =====================
size : 2
num_suborbits: 1
402 (*) : -1-----0-1-----0----------
402     : ['ep_epoch1(node0)', 'held(node1)', '~ep_epoch3(node1)', '~locked_epoch2(node1)']
401     : ---0-1--1-----0-----------
401     : ['ep_epoch1(node1)', 'held(node0)', '~ep_epoch3(node0)', '~locked_epoch2(node0)']
num_forall :   2
num_exists :   0
num_literals : 5
quantified form : forall NODE1,NODE0. ~ep_epoch1(NODE0) | ~held(NODE1) | ep_epoch3(NODE1) | locked_epoch2(NODE1) | NODE0 = NODE1
qcost : 7




=== Prime Orbit 81 =====================
size : 2
num_suborbits: 1
388 (*) : -1-------1-----0-0--------
388     : ['ep_epoch1(node0)', 'held(node1)', '~locked_epoch2(node1)', '~locked_epoch3(node1)']
387     : -----1--1-----0-0---------
387     : ['ep_epoch1(node1)', 'held(node0)', '~locked_epoch2(node0)', '~locked_epoch3(node0)']
num_forall :   2
num_exists :   0
num_literals : 5
quantified form : forall NODE1,NODE0. ~ep_epoch1(NODE0) | ~held(NODE1) | locked_epoch2(NODE1) | locked_epoch3(NODE1) | NODE0 = NODE1
qcost : 7




=== Prime Orbit 82 =====================
size : 4
num_suborbits: 2
546 (*) : -1--0-0-----------------1-
546     : ['ep_epoch1(node0)', 'transfer_epoch3(node0)', '~ep_epoch0(node1)', '~ep_epoch2(node1)']
477     : -1--0-0------------------1
477     : ['ep_epoch1(node0)', 'transfer_epoch3(node1)', '~ep_epoch0(node1)', '~ep_epoch2(node1)']
478     : 0-0--1------------------1-
478     : ['ep_epoch1(node1)', 'transfer_epoch3(node0)', '~ep_epoch0(node0)', '~ep_epoch2(node0)']
545     : 0-0--1-------------------1
545     : ['ep_epoch1(node1)', 'transfer_epoch3(node1)', '~ep_epoch0(node0)', '~ep_epoch2(node0)']
num_forall :   3
num_exists :   0
num_literals : 8
quantified form : forall NODE1,NODE0,NODE2. ~ep_epoch1(NODE0) | ~transfer_epoch3(NODE1) | ep_epoch0(NODE2) | ep_epoch2(NODE2) | ((NODE1 ~= NODE2 | NODE0 = NODE1) & (NODE0 ~= NODE1 | NODE0 = NODE2))
qcost : 11




=== Prime Orbit 83 =====================
size : 4
num_suborbits: 2
544 (*) : -1--0----------0--------1-
544     : ['ep_epoch1(node0)', 'transfer_epoch3(node0)', '~ep_epoch0(node1)', '~locked_epoch2(node1)']
479     : -1--0----------0---------1
479     : ['ep_epoch1(node0)', 'transfer_epoch3(node1)', '~ep_epoch0(node1)', '~locked_epoch2(node1)']
480     : 0----1--------0---------1-
480     : ['ep_epoch1(node1)', 'transfer_epoch3(node0)', '~ep_epoch0(node0)', '~locked_epoch2(node0)']
543     : 0----1--------0----------1
543     : ['ep_epoch1(node1)', 'transfer_epoch3(node1)', '~ep_epoch0(node0)', '~locked_epoch2(node0)']
num_forall :   3
num_exists :   0
num_literals : 8
quantified form : forall NODE1,NODE0,NODE2. ~ep_epoch1(NODE0) | ~transfer_epoch3(NODE1) | ep_epoch0(NODE2) | locked_epoch2(NODE2) | ((NODE1 ~= NODE2 | NODE0 = NODE1) & (NODE0 ~= NODE1 | NODE0 = NODE2))
qcost : 11




=== Prime Orbit 84 =====================
size : 2
num_suborbits: 1
394 (*) : -1--0-00------------------
394     : ['ep_epoch1(node0)', '~ep_epoch0(node1)', '~ep_epoch2(node1)', '~ep_epoch3(node1)']
393     : 0-00-1--------------------
393     : ['ep_epoch1(node1)', '~ep_epoch0(node0)', '~ep_epoch2(node0)', '~ep_epoch3(node0)']
num_forall :   2
num_exists :   0
num_literals : 5
quantified form : forall NODE1,NODE0. ~ep_epoch1(NODE0) | ep_epoch0(NODE1) | ep_epoch2(NODE1) | ep_epoch3(NODE1) | NODE0 = NODE1
qcost : 7




=== Prime Orbit 85 =====================
size : 2
num_suborbits: 1
396 (*) : -1--0-0--0----------------
396     : ['ep_epoch1(node0)', '~ep_epoch0(node1)', '~ep_epoch2(node1)', '~held(node1)']
395     : 0-0--1--0-----------------
395     : ['ep_epoch1(node1)', '~ep_epoch0(node0)', '~ep_epoch2(node0)', '~held(node0)']
num_forall :   2
num_exists :   0
num_literals : 5
quantified form : forall NODE1,NODE0. ~ep_epoch1(NODE0) | ep_epoch0(NODE1) | ep_epoch2(NODE1) | held(NODE1) | NODE0 = NODE1
qcost : 7




=== Prime Orbit 86 =====================
size : 2
num_suborbits: 1
378 (*) : -1--0-0----------0--------
378     : ['ep_epoch1(node0)', '~ep_epoch0(node1)', '~ep_epoch2(node1)', '~locked_epoch3(node1)']
377     : 0-0--1----------0---------
377     : ['ep_epoch1(node1)', '~ep_epoch0(node0)', '~ep_epoch2(node0)', '~locked_epoch3(node0)']
num_forall :   2
num_exists :   0
num_literals : 5
quantified form : forall NODE1,NODE0. ~ep_epoch1(NODE0) | ep_epoch0(NODE1) | ep_epoch2(NODE1) | locked_epoch3(NODE1) | NODE0 = NODE1
qcost : 7




=== Prime Orbit 87 =====================
size : 2
num_suborbits: 1
392 (*) : -1--0--0-------0----------
392     : ['ep_epoch1(node0)', '~ep_epoch0(node1)', '~ep_epoch3(node1)', '~locked_epoch2(node1)']
391     : 0--0-1--------0-----------
391     : ['ep_epoch1(node1)', '~ep_epoch0(node0)', '~ep_epoch3(node0)', '~locked_epoch2(node0)']
num_forall :   2
num_exists :   0
num_literals : 5
quantified form : forall NODE1,NODE0. ~ep_epoch1(NODE0) | ep_epoch0(NODE1) | ep_epoch3(NODE1) | locked_epoch2(NODE1) | NODE0 = NODE1
qcost : 7




=== Prime Orbit 88 =====================
size : 2
num_suborbits: 1
398 (*) : -1--0----0-----0----------
398     : ['ep_epoch1(node0)', '~ep_epoch0(node1)', '~held(node1)', '~locked_epoch2(node1)']
397     : 0----1--0-----0-----------
397     : ['ep_epoch1(node1)', '~ep_epoch0(node0)', '~held(node0)', '~locked_epoch2(node0)']
num_forall :   2
num_exists :   0
num_literals : 5
quantified form : forall NODE1,NODE0. ~ep_epoch1(NODE0) | ep_epoch0(NODE1) | held(NODE1) | locked_epoch2(NODE1) | NODE0 = NODE1
qcost : 7




=== Prime Orbit 89 =====================
size : 2
num_suborbits: 1
390 (*) : -1--0----------0-0--------
390     : ['ep_epoch1(node0)', '~ep_epoch0(node1)', '~locked_epoch2(node1)', '~locked_epoch3(node1)']
389     : 0----1--------0-0---------
389     : ['ep_epoch1(node1)', '~ep_epoch0(node0)', '~locked_epoch2(node0)', '~locked_epoch3(node0)']
num_forall :   2
num_exists :   0
num_literals : 5
quantified form : forall NODE1,NODE0. ~ep_epoch1(NODE0) | ep_epoch0(NODE1) | locked_epoch2(NODE1) | locked_epoch3(NODE1) | NODE0 = NODE1
qcost : 7




=== Prime Orbit 90 =====================
size : 2
num_suborbits: 1
409 (*) : --1-0---1---1-------------
409     : ['ep_epoch2(node0)', 'held(node0)', 'locked_epoch1(node0)', '~ep_epoch0(node1)']
410     : 0-----1--1---1------------
410     : ['ep_epoch2(node1)', 'held(node1)', 'locked_epoch1(node1)', '~ep_epoch0(node0)']
num_forall :   2
num_exists :   0
num_literals : 5
quantified form : forall NODE1,NODE0. ~ep_epoch2(NODE0) | ~held(NODE0) | ~locked_epoch1(NODE0) | ep_epoch0(NODE1) | NODE0 = NODE1
qcost : 7




=== Prime Orbit 91 =====================
size : 2
num_suborbits: 1
441 (*) : --1--0--1----1------------
441     : ['ep_epoch2(node0)', 'held(node0)', 'locked_epoch1(node1)', '~ep_epoch1(node1)']
442     : -0----1--1--1-------------
442     : ['ep_epoch2(node1)', 'held(node1)', 'locked_epoch1(node0)', '~ep_epoch1(node0)']
num_forall :   2
num_exists :   0
num_literals : 5
quantified form : forall NODE1,NODE0. ~ep_epoch2(NODE0) | ~held(NODE0) | ~locked_epoch1(NODE1) | ep_epoch1(NODE1) | NODE0 = NODE1
qcost : 7




=== Prime Orbit 92 =====================
size : 2
num_suborbits: 1
423 (*) : --1-00--1-----------------
423     : ['ep_epoch2(node0)', 'held(node0)', '~ep_epoch0(node1)', '~ep_epoch1(node1)']
424     : 00----1--1----------------
424     : ['ep_epoch2(node1)', 'held(node1)', '~ep_epoch0(node0)', '~ep_epoch1(node0)']
num_forall :   2
num_exists :   0
num_literals : 5
quantified form : forall NODE1,NODE0. ~ep_epoch2(NODE0) | ~held(NODE0) | ep_epoch0(NODE1) | ep_epoch1(NODE1) | NODE0 = NODE1
qcost : 7




=== Prime Orbit 93 =====================
size : 2
num_suborbits: 1
425 (*) : --1-0---1----0------------
425     : ['ep_epoch2(node0)', 'held(node0)', '~ep_epoch0(node1)', '~locked_epoch1(node1)']
426     : 0-----1--1--0-------------
426     : ['ep_epoch2(node1)', 'held(node1)', '~ep_epoch0(node0)', '~locked_epoch1(node0)']
num_forall :   2
num_exists :   0
num_literals : 5
quantified form : forall NODE1,NODE0. ~ep_epoch2(NODE0) | ~held(NODE0) | ep_epoch0(NODE1) | locked_epoch1(NODE1) | NODE0 = NODE1
qcost : 7




=== Prime Orbit 94 =====================
size : 2
num_suborbits: 1
427 (*) : --1--0--1---0-------------
427     : ['ep_epoch2(node0)', 'held(node0)', '~ep_epoch1(node1)', '~locked_epoch1(node0)']
428     : -0----1--1---0------------
428     : ['ep_epoch2(node1)', 'held(node1)', '~ep_epoch1(node0)', '~locked_epoch1(node1)']
num_forall :   2
num_exists :   0
num_literals : 5
quantified form : forall NODE1,NODE0. ~ep_epoch2(NODE0) | ~held(NODE0) | ep_epoch1(NODE1) | locked_epoch1(NODE0) | NODE0 = NODE1
qcost : 7




=== Prime Orbit 95 =====================
size : 4
num_suborbits: 2
556 (*) : --1-0-------1-----------1-
556     : ['ep_epoch2(node0)', 'locked_epoch1(node0)', 'transfer_epoch3(node0)', '~ep_epoch0(node1)']
485     : --1-0-------1------------1
485     : ['ep_epoch2(node0)', 'locked_epoch1(node0)', 'transfer_epoch3(node1)', '~ep_epoch0(node1)']
486     : 0-----1------1----------1-
486     : ['ep_epoch2(node1)', 'locked_epoch1(node1)', 'transfer_epoch3(node0)', '~ep_epoch0(node0)']
555     : 0-----1------1-----------1
555     : ['ep_epoch2(node1)', 'locked_epoch1(node1)', 'transfer_epoch3(node1)', '~ep_epoch0(node0)']
num_forall :   3
num_exists :   0
num_literals : 8
quantified form : forall NODE1,NODE0,NODE2. ~ep_epoch2(NODE0) | ~locked_epoch1(NODE0) | ~transfer_epoch3(NODE1) | ep_epoch0(NODE2) | ((NODE1 ~= NODE2 | NODE0 = NODE1) & (NODE0 ~= NODE1 | NODE0 = NODE2))
qcost : 11




=== Prime Orbit 96 =====================
size : 2
num_suborbits: 1
405 (*) : --1-0--0----1-------------
405     : ['ep_epoch2(node0)', 'locked_epoch1(node0)', '~ep_epoch0(node1)', '~ep_epoch3(node1)']
406     : 0--0--1------1------------
406     : ['ep_epoch2(node1)', 'locked_epoch1(node1)', '~ep_epoch0(node0)', '~ep_epoch3(node0)']
num_forall :   2
num_exists :   0
num_literals : 5
quantified form : forall NODE1,NODE0. ~ep_epoch2(NODE0) | ~locked_epoch1(NODE0) | ep_epoch0(NODE1) | ep_epoch3(NODE1) | NODE0 = NODE1
qcost : 7




=== Prime Orbit 97 =====================
size : 2
num_suborbits: 1
403 (*) : --1-0----0--1-------------
403     : ['ep_epoch2(node0)', 'locked_epoch1(node0)', '~ep_epoch0(node1)', '~held(node1)']
404     : 0-----1-0----1------------
404     : ['ep_epoch2(node1)', 'locked_epoch1(node1)', '~ep_epoch0(node0)', '~held(node0)']
num_forall :   2
num_exists :   0
num_literals : 5
quantified form : forall NODE1,NODE0. ~ep_epoch2(NODE0) | ~locked_epoch1(NODE0) | ep_epoch0(NODE1) | held(NODE1) | NODE0 = NODE1
qcost : 7




=== Prime Orbit 98 =====================
size : 2
num_suborbits: 1
407 (*) : --1-0-------1----0--------
407     : ['ep_epoch2(node0)', 'locked_epoch1(node0)', '~ep_epoch0(node1)', '~locked_epoch3(node1)']
408     : 0-----1------1--0---------
408     : ['ep_epoch2(node1)', 'locked_epoch1(node1)', '~ep_epoch0(node0)', '~locked_epoch3(node0)']
num_forall :   2
num_exists :   0
num_literals : 5
quantified form : forall NODE1,NODE0. ~ep_epoch2(NODE0) | ~locked_epoch1(NODE0) | ep_epoch0(NODE1) | locked_epoch3(NODE1) | NODE0 = NODE1
qcost : 7




=== Prime Orbit 99 =====================
size : 4
num_suborbits: 2
566 (*) : --1--0-------1----------1-
566     : ['ep_epoch2(node0)', 'locked_epoch1(node1)', 'transfer_epoch3(node0)', '~ep_epoch1(node1)']
489     : --1--0-------1-----------1
489     : ['ep_epoch2(node0)', 'locked_epoch1(node1)', 'transfer_epoch3(node1)', '~ep_epoch1(node1)']
490     : -0----1-----1-----------1-
490     : ['ep_epoch2(node1)', 'locked_epoch1(node0)', 'transfer_epoch3(node0)', '~ep_epoch1(node0)']
565     : -0----1-----1------------1
565     : ['ep_epoch2(node1)', 'locked_epoch1(node0)', 'transfer_epoch3(node1)', '~ep_epoch1(node0)']
num_forall :   3
num_exists :   0
num_literals : 8
quantified form : forall NODE1,NODE0,NODE2. ~ep_epoch2(NODE0) | ~locked_epoch1(NODE1) | ~transfer_epoch3(NODE2) | ep_epoch1(NODE1) | ((NODE1 ~= NODE2 | NODE0 = NODE1) & (NODE0 ~= NODE2 | NODE0 = NODE1))
qcost : 11




=== Prime Orbit 100 =====================
size : 2
num_suborbits: 1
435 (*) : --1--0-0-----1------------
435     : ['ep_epoch2(node0)', 'locked_epoch1(node1)', '~ep_epoch1(node1)', '~ep_epoch3(node1)']
436     : -0-0--1-----1-------------
436     : ['ep_epoch2(node1)', 'locked_epoch1(node0)', '~ep_epoch1(node0)', '~ep_epoch3(node0)']
num_forall :   2
num_exists :   0
num_literals : 5
quantified form : forall NODE1,NODE0. ~ep_epoch2(NODE0) | ~locked_epoch1(NODE1) | ep_epoch1(NODE1) | ep_epoch3(NODE1) | NODE0 = NODE1
qcost : 7




=== Prime Orbit 101 =====================
size : 2
num_suborbits: 1
439 (*) : --1--0---0---1------------
439     : ['ep_epoch2(node0)', 'locked_epoch1(node1)', '~ep_epoch1(node1)', '~held(node1)']
440     : -0----1-0---1-------------
440     : ['ep_epoch2(node1)', 'locked_epoch1(node0)', '~ep_epoch1(node0)', '~held(node0)']
num_forall :   2
num_exists :   0
num_literals : 5
quantified form : forall NODE1,NODE0. ~ep_epoch2(NODE0) | ~locked_epoch1(NODE1) | ep_epoch1(NODE1) | held(NODE1) | NODE0 = NODE1
qcost : 7




=== Prime Orbit 102 =====================
size : 2
num_suborbits: 1
437 (*) : --1--0-------1---0--------
437     : ['ep_epoch2(node0)', 'locked_epoch1(node1)', '~ep_epoch1(node1)', '~locked_epoch3(node1)']
438     : -0----1-----1---0---------
438     : ['ep_epoch2(node1)', 'locked_epoch1(node0)', '~ep_epoch1(node0)', '~locked_epoch3(node0)']
num_forall :   2
num_exists :   0
num_literals : 5
quantified form : forall NODE1,NODE0. ~ep_epoch2(NODE0) | ~locked_epoch1(NODE1) | ep_epoch1(NODE1) | locked_epoch3(NODE1) | NODE0 = NODE1
qcost : 7




=== Prime Orbit 103 =====================
size : 4
num_suborbits: 2
558 (*) : --1-00------------------1-
558     : ['ep_epoch2(node0)', 'transfer_epoch3(node0)', '~ep_epoch0(node1)', '~ep_epoch1(node1)']
491     : --1-00-------------------1
491     : ['ep_epoch2(node0)', 'transfer_epoch3(node1)', '~ep_epoch0(node1)', '~ep_epoch1(node1)']
492     : 00----1-----------------1-
492     : ['ep_epoch2(node1)', 'transfer_epoch3(node0)', '~ep_epoch0(node0)', '~ep_epoch1(node0)']
557     : 00----1------------------1
557     : ['ep_epoch2(node1)', 'transfer_epoch3(node1)', '~ep_epoch0(node0)', '~ep_epoch1(node0)']
num_forall :   3
num_exists :   0
num_literals : 8
quantified form : forall NODE1,NODE0,NODE2. ~ep_epoch2(NODE0) | ~transfer_epoch3(NODE1) | ep_epoch0(NODE2) | ep_epoch1(NODE2) | ((NODE1 ~= NODE2 | NODE0 = NODE1) & (NODE0 ~= NODE1 | NODE0 = NODE2))
qcost : 11




=== Prime Orbit 104 =====================
size : 4
num_suborbits: 2
554 (*) : --1-0--------0----------1-
554     : ['ep_epoch2(node0)', 'transfer_epoch3(node0)', '~ep_epoch0(node1)', '~locked_epoch1(node1)']
493     : --1-0--------0-----------1
493     : ['ep_epoch2(node0)', 'transfer_epoch3(node1)', '~ep_epoch0(node1)', '~locked_epoch1(node1)']
494     : 0-----1-----0-----------1-
494     : ['ep_epoch2(node1)', 'transfer_epoch3(node0)', '~ep_epoch0(node0)', '~locked_epoch1(node0)']
553     : 0-----1-----0------------1
553     : ['ep_epoch2(node1)', 'transfer_epoch3(node1)', '~ep_epoch0(node0)', '~locked_epoch1(node0)']
num_forall :   3
num_exists :   0
num_literals : 8
quantified form : forall NODE1,NODE0,NODE2. ~ep_epoch2(NODE0) | ~transfer_epoch3(NODE1) | ep_epoch0(NODE2) | locked_epoch1(NODE2) | ((NODE1 ~= NODE2 | NODE0 = NODE1) & (NODE0 ~= NODE1 | NODE0 = NODE2))
qcost : 11




=== Prime Orbit 105 =====================
size : 4
num_suborbits: 2
560 (*) : --1--0------0-----------1-
560     : ['ep_epoch2(node0)', 'transfer_epoch3(node0)', '~ep_epoch1(node1)', '~locked_epoch1(node0)']
487     : --1--0------0------------1
487     : ['ep_epoch2(node0)', 'transfer_epoch3(node1)', '~ep_epoch1(node1)', '~locked_epoch1(node0)']
488     : -0----1------0----------1-
488     : ['ep_epoch2(node1)', 'transfer_epoch3(node0)', '~ep_epoch1(node0)', '~locked_epoch1(node1)']
559     : -0----1------0-----------1
559     : ['ep_epoch2(node1)', 'transfer_epoch3(node1)', '~ep_epoch1(node0)', '~locked_epoch1(node1)']
num_forall :   3
num_exists :   0
num_literals : 8
quantified form : forall NODE1,NODE0,NODE2. ~ep_epoch2(NODE0) | ~transfer_epoch3(NODE1) | ep_epoch1(NODE2) | locked_epoch1(NODE0) | ((NODE1 ~= NODE2 | NODE0 = NODE1) & (NODE0 ~= NODE1 | NODE0 = NODE2))
qcost : 11




=== Prime Orbit 106 =====================
size : 2
num_suborbits: 1
411 (*) : --1-00-0------------------
411     : ['ep_epoch2(node0)', '~ep_epoch0(node1)', '~ep_epoch1(node1)', '~ep_epoch3(node1)']
412     : 00-0--1-------------------
412     : ['ep_epoch2(node1)', '~ep_epoch0(node0)', '~ep_epoch1(node0)', '~ep_epoch3(node0)']
num_forall :   2
num_exists :   0
num_literals : 5
quantified form : forall NODE1,NODE0. ~ep_epoch2(NODE0) | ep_epoch0(NODE1) | ep_epoch1(NODE1) | ep_epoch3(NODE1) | NODE0 = NODE1
qcost : 7




=== Prime Orbit 107 =====================
size : 2
num_suborbits: 1
421 (*) : --1-00---0----------------
421     : ['ep_epoch2(node0)', '~ep_epoch0(node1)', '~ep_epoch1(node1)', '~held(node1)']
422     : 00----1-0-----------------
422     : ['ep_epoch2(node1)', '~ep_epoch0(node0)', '~ep_epoch1(node0)', '~held(node0)']
num_forall :   2
num_exists :   0
num_literals : 5
quantified form : forall NODE1,NODE0. ~ep_epoch2(NODE0) | ep_epoch0(NODE1) | ep_epoch1(NODE1) | held(NODE1) | NODE0 = NODE1
qcost : 7




=== Prime Orbit 108 =====================
size : 2
num_suborbits: 1
413 (*) : --1-00-----------0--------
413     : ['ep_epoch2(node0)', '~ep_epoch0(node1)', '~ep_epoch1(node1)', '~locked_epoch3(node1)']
414     : 00----1---------0---------
414     : ['ep_epoch2(node1)', '~ep_epoch0(node0)', '~ep_epoch1(node0)', '~locked_epoch3(node0)']
num_forall :   2
num_exists :   0
num_literals : 5
quantified form : forall NODE1,NODE0. ~ep_epoch2(NODE0) | ep_epoch0(NODE1) | ep_epoch1(NODE1) | locked_epoch3(NODE1) | NODE0 = NODE1
qcost : 7




=== Prime Orbit 109 =====================
size : 2
num_suborbits: 1
415 (*) : --1-0--0-----0------------
415     : ['ep_epoch2(node0)', '~ep_epoch0(node1)', '~ep_epoch3(node1)', '~locked_epoch1(node1)']
416     : 0--0--1-----0-------------
416     : ['ep_epoch2(node1)', '~ep_epoch0(node0)', '~ep_epoch3(node0)', '~locked_epoch1(node0)']
num_forall :   2
num_exists :   0
num_literals : 5
quantified form : forall NODE1,NODE0. ~ep_epoch2(NODE0) | ep_epoch0(NODE1) | ep_epoch3(NODE1) | locked_epoch1(NODE1) | NODE0 = NODE1
qcost : 7




=== Prime Orbit 110 =====================
size : 2
num_suborbits: 1
419 (*) : --1-0----0---0------------
419     : ['ep_epoch2(node0)', '~ep_epoch0(node1)', '~held(node1)', '~locked_epoch1(node1)']
420     : 0-----1-0---0-------------
420     : ['ep_epoch2(node1)', '~ep_epoch0(node0)', '~held(node0)', '~locked_epoch1(node0)']
num_forall :   2
num_exists :   0
num_literals : 5
quantified form : forall NODE1,NODE0. ~ep_epoch2(NODE0) | ep_epoch0(NODE1) | held(NODE1) | locked_epoch1(NODE1) | NODE0 = NODE1
qcost : 7




=== Prime Orbit 111 =====================
size : 2
num_suborbits: 1
417 (*) : --1-0--------0---0--------
417     : ['ep_epoch2(node0)', '~ep_epoch0(node1)', '~locked_epoch1(node1)', '~locked_epoch3(node1)']
418     : 0-----1-----0---0---------
418     : ['ep_epoch2(node1)', '~ep_epoch0(node0)', '~locked_epoch1(node0)', '~locked_epoch3(node0)']
num_forall :   2
num_exists :   0
num_literals : 5
quantified form : forall NODE1,NODE0. ~ep_epoch2(NODE0) | ep_epoch0(NODE1) | locked_epoch1(NODE1) | locked_epoch3(NODE1) | NODE0 = NODE1
qcost : 7




=== Prime Orbit 112 =====================
size : 2
num_suborbits: 1
429 (*) : --1--0-0----0-------------
429     : ['ep_epoch2(node0)', '~ep_epoch1(node1)', '~ep_epoch3(node1)', '~locked_epoch1(node0)']
430     : -0-0--1------0------------
430     : ['ep_epoch2(node1)', '~ep_epoch1(node0)', '~ep_epoch3(node0)', '~locked_epoch1(node1)']
num_forall :   2
num_exists :   0
num_literals : 5
quantified form : forall NODE1,NODE0. ~ep_epoch2(NODE0) | ep_epoch1(NODE1) | ep_epoch3(NODE1) | locked_epoch1(NODE0) | NODE0 = NODE1
qcost : 7




=== Prime Orbit 113 =====================
size : 2
num_suborbits: 1
433 (*) : --1--0---0--0-------------
433     : ['ep_epoch2(node0)', '~ep_epoch1(node1)', '~held(node1)', '~locked_epoch1(node0)']
434     : -0----1-0----0------------
434     : ['ep_epoch2(node1)', '~ep_epoch1(node0)', '~held(node0)', '~locked_epoch1(node1)']
num_forall :   2
num_exists :   0
num_literals : 5
quantified form : forall NODE1,NODE0. ~ep_epoch2(NODE0) | ep_epoch1(NODE1) | held(NODE1) | locked_epoch1(NODE0) | NODE0 = NODE1
qcost : 7




=== Prime Orbit 114 =====================
size : 2
num_suborbits: 1
431 (*) : --1--0------0----0--------
431     : ['ep_epoch2(node0)', '~ep_epoch1(node1)', '~locked_epoch1(node0)', '~locked_epoch3(node1)']
432     : -0----1------0--0---------
432     : ['ep_epoch2(node1)', '~ep_epoch1(node0)', '~locked_epoch1(node1)', '~locked_epoch3(node0)']
num_forall :   2
num_exists :   0
num_literals : 5
quantified form : forall NODE1,NODE0. ~ep_epoch2(NODE0) | ep_epoch1(NODE1) | locked_epoch1(NODE0) | locked_epoch3(NODE1) | NODE0 = NODE1
qcost : 7




=== Prime Orbit 115 =====================
size : 2
num_suborbits: 1
307 (*) : ---10-------1-1-----------
307     : ['ep_epoch3(node0)', 'locked_epoch1(node0)', 'locked_epoch2(node0)', '~ep_epoch0(node1)']
308     : 0------1-----1-1----------
308     : ['ep_epoch3(node1)', 'locked_epoch1(node1)', 'locked_epoch2(node1)', '~ep_epoch0(node0)']
num_forall :   2
num_exists :   0
num_literals : 5
quantified form : forall NODE1,NODE0. ~ep_epoch3(NODE0) | ~locked_epoch1(NODE0) | ~locked_epoch2(NODE0) | ep_epoch0(NODE1) | NODE0 = NODE1
qcost : 7




=== Prime Orbit 116 =====================
size : 2
num_suborbits: 1
239 (*) : ---10-0-----1-------------
239     : ['ep_epoch3(node0)', 'locked_epoch1(node0)', '~ep_epoch0(node1)', '~ep_epoch2(node1)']
240     : 0-0----1-----1------------
240     : ['ep_epoch3(node1)', 'locked_epoch1(node1)', '~ep_epoch0(node0)', '~ep_epoch2(node0)']
num_forall :   2
num_exists :   0
num_literals : 5
quantified form : forall NODE1,NODE0. ~ep_epoch3(NODE0) | ~locked_epoch1(NODE0) | ep_epoch0(NODE1) | ep_epoch2(NODE1) | NODE0 = NODE1
qcost : 7




=== Prime Orbit 117 =====================
size : 2
num_suborbits: 1
215 (*) : ---10-------1--0----------
215     : ['ep_epoch3(node0)', 'locked_epoch1(node0)', '~ep_epoch0(node1)', '~locked_epoch2(node1)']
216     : 0------1-----10-----------
216     : ['ep_epoch3(node1)', 'locked_epoch1(node1)', '~ep_epoch0(node0)', '~locked_epoch2(node0)']
num_forall :   2
num_exists :   0
num_literals : 5
quantified form : forall NODE1,NODE0. ~ep_epoch3(NODE0) | ~locked_epoch1(NODE0) | ep_epoch0(NODE1) | locked_epoch2(NODE1) | NODE0 = NODE1
qcost : 7




=== Prime Orbit 118 =====================
size : 2
num_suborbits: 1
349 (*) : ---1-0-------11-----------
349     : ['ep_epoch3(node0)', 'locked_epoch1(node1)', 'locked_epoch2(node0)', '~ep_epoch1(node1)']
350     : -0-----1----1--1----------
350     : ['ep_epoch3(node1)', 'locked_epoch1(node0)', 'locked_epoch2(node1)', '~ep_epoch1(node0)']
num_forall :   2
num_exists :   0
num_literals : 5
quantified form : forall NODE1,NODE0. ~ep_epoch3(NODE0) | ~locked_epoch1(NODE1) | ~locked_epoch2(NODE0) | ep_epoch1(NODE1) | NODE0 = NODE1
qcost : 7




=== Prime Orbit 119 =====================
size : 2
num_suborbits: 1
279 (*) : ---1-00------1------------
279     : ['ep_epoch3(node0)', 'locked_epoch1(node1)', '~ep_epoch1(node1)', '~ep_epoch2(node1)']
280     : -00----1----1-------------
280     : ['ep_epoch3(node1)', 'locked_epoch1(node0)', '~ep_epoch1(node0)', '~ep_epoch2(node0)']
num_forall :   2
num_exists :   0
num_literals : 5
quantified form : forall NODE1,NODE0. ~ep_epoch3(NODE0) | ~locked_epoch1(NODE1) | ep_epoch1(NODE1) | ep_epoch2(NODE1) | NODE0 = NODE1
qcost : 7




=== Prime Orbit 120 =====================
size : 2
num_suborbits: 1
277 (*) : ---1-0-------1-0----------
277     : ['ep_epoch3(node0)', 'locked_epoch1(node1)', '~ep_epoch1(node1)', '~locked_epoch2(node1)']
278     : -0-----1----1-0-----------
278     : ['ep_epoch3(node1)', 'locked_epoch1(node0)', '~ep_epoch1(node0)', '~locked_epoch2(node0)']
num_forall :   2
num_exists :   0
num_literals : 5
quantified form : forall NODE1,NODE0. ~ep_epoch3(NODE0) | ~locked_epoch1(NODE1) | ep_epoch1(NODE1) | locked_epoch2(NODE1) | NODE0 = NODE1
qcost : 7




=== Prime Orbit 121 =====================
size : 2
num_suborbits: 1
325 (*) : ---100--------1-----------
325     : ['ep_epoch3(node0)', 'locked_epoch2(node0)', '~ep_epoch0(node1)', '~ep_epoch1(node1)']
326     : 00-----1-------1----------
326     : ['ep_epoch3(node1)', 'locked_epoch2(node1)', '~ep_epoch0(node0)', '~ep_epoch1(node0)']
num_forall :   2
num_exists :   0
num_literals : 5
quantified form : forall NODE1,NODE0. ~ep_epoch3(NODE0) | ~locked_epoch2(NODE0) | ep_epoch0(NODE1) | ep_epoch1(NODE1) | NODE0 = NODE1
qcost : 7




=== Prime Orbit 122 =====================
size : 2
num_suborbits: 1
327 (*) : ---10--------01-----------
327     : ['ep_epoch3(node0)', 'locked_epoch2(node0)', '~ep_epoch0(node1)', '~locked_epoch1(node1)']
328     : 0------1----0--1----------
328     : ['ep_epoch3(node1)', 'locked_epoch2(node1)', '~ep_epoch0(node0)', '~locked_epoch1(node0)']
num_forall :   2
num_exists :   0
num_literals : 5
quantified form : forall NODE1,NODE0. ~ep_epoch3(NODE0) | ~locked_epoch2(NODE0) | ep_epoch0(NODE1) | locked_epoch1(NODE1) | NODE0 = NODE1
qcost : 7




=== Prime Orbit 123 =====================
size : 2
num_suborbits: 1
337 (*) : ---1-0------0-1-----------
337     : ['ep_epoch3(node0)', 'locked_epoch2(node0)', '~ep_epoch1(node1)', '~locked_epoch1(node0)']
338     : -0-----1-----0-1----------
338     : ['ep_epoch3(node1)', 'locked_epoch2(node1)', '~ep_epoch1(node0)', '~locked_epoch1(node1)']
num_forall :   2
num_exists :   0
num_literals : 5
quantified form : forall NODE1,NODE0. ~ep_epoch3(NODE0) | ~locked_epoch2(NODE0) | ep_epoch1(NODE1) | locked_epoch1(NODE0) | NODE0 = NODE1
qcost : 7




=== Prime Orbit 124 =====================
size : 2
num_suborbits: 1
189 (*) : ---1000-------------------
189     : ['ep_epoch3(node0)', '~ep_epoch0(node1)', '~ep_epoch1(node1)', '~ep_epoch2(node1)']
190     : 000----1------------------
190     : ['ep_epoch3(node1)', '~ep_epoch0(node0)', '~ep_epoch1(node0)', '~ep_epoch2(node0)']
num_forall :   2
num_exists :   0
num_literals : 5
quantified form : forall NODE1,NODE0. ~ep_epoch3(NODE0) | ep_epoch0(NODE1) | ep_epoch1(NODE1) | ep_epoch2(NODE1) | NODE0 = NODE1
qcost : 7




=== Prime Orbit 125 =====================
size : 2
num_suborbits: 1
199 (*) : ---100---------0----------
199     : ['ep_epoch3(node0)', '~ep_epoch0(node1)', '~ep_epoch1(node1)', '~locked_epoch2(node1)']
200     : 00-----1------0-----------
200     : ['ep_epoch3(node1)', '~ep_epoch0(node0)', '~ep_epoch1(node0)', '~locked_epoch2(node0)']
num_forall :   2
num_exists :   0
num_literals : 5
quantified form : forall NODE1,NODE0. ~ep_epoch3(NODE0) | ep_epoch0(NODE1) | ep_epoch1(NODE1) | locked_epoch2(NODE1) | NODE0 = NODE1
qcost : 7




=== Prime Orbit 126 =====================
size : 2
num_suborbits: 1
231 (*) : ---10-0------0------------
231     : ['ep_epoch3(node0)', '~ep_epoch0(node1)', '~ep_epoch2(node1)', '~locked_epoch1(node1)']
232     : 0-0----1----0-------------
232     : ['ep_epoch3(node1)', '~ep_epoch0(node0)', '~ep_epoch2(node0)', '~locked_epoch1(node0)']
num_forall :   2
num_exists :   0
num_literals : 5
quantified form : forall NODE1,NODE0. ~ep_epoch3(NODE0) | ep_epoch0(NODE1) | ep_epoch2(NODE1) | locked_epoch1(NODE1) | NODE0 = NODE1
qcost : 7




=== Prime Orbit 127 =====================
size : 2
num_suborbits: 1
223 (*) : ---10--------0-0----------
223     : ['ep_epoch3(node0)', '~ep_epoch0(node1)', '~locked_epoch1(node1)', '~locked_epoch2(node1)']
224     : 0------1----0-0-----------
224     : ['ep_epoch3(node1)', '~ep_epoch0(node0)', '~locked_epoch1(node0)', '~locked_epoch2(node0)']
num_forall :   2
num_exists :   0
num_literals : 5
quantified form : forall NODE1,NODE0. ~ep_epoch3(NODE0) | ep_epoch0(NODE1) | locked_epoch1(NODE1) | locked_epoch2(NODE1) | NODE0 = NODE1
qcost : 7




=== Prime Orbit 128 =====================
size : 2
num_suborbits: 1
261 (*) : ---1-00-----0-------------
261     : ['ep_epoch3(node0)', '~ep_epoch1(node1)', '~ep_epoch2(node1)', '~locked_epoch1(node0)']
262     : -00----1-----0------------
262     : ['ep_epoch3(node1)', '~ep_epoch1(node0)', '~ep_epoch2(node0)', '~locked_epoch1(node1)']
num_forall :   2
num_exists :   0
num_literals : 5
quantified form : forall NODE1,NODE0. ~ep_epoch3(NODE0) | ep_epoch1(NODE1) | ep_epoch2(NODE1) | locked_epoch1(NODE0) | NODE0 = NODE1
qcost : 7




=== Prime Orbit 129 =====================
size : 2
num_suborbits: 1
251 (*) : ---1-0------0--0----------
251     : ['ep_epoch3(node0)', '~ep_epoch1(node1)', '~locked_epoch1(node0)', '~locked_epoch2(node1)']
252     : -0-----1-----00-----------
252     : ['ep_epoch3(node1)', '~ep_epoch1(node0)', '~locked_epoch1(node1)', '~locked_epoch2(node0)']
num_forall :   2
num_exists :   0
num_literals : 5
quantified form : forall NODE1,NODE0. ~ep_epoch3(NODE0) | ep_epoch1(NODE1) | locked_epoch1(NODE0) | locked_epoch2(NODE1) | NODE0 = NODE1
qcost : 7




=== Prime Orbit 130 =====================
size : 2
num_suborbits: 1
303 (*) : ----0---1---1-1-----------
303     : ['held(node0)', 'locked_epoch1(node0)', 'locked_epoch2(node0)', '~ep_epoch0(node1)']
304     : 0--------1---1-1----------
304     : ['held(node1)', 'locked_epoch1(node1)', 'locked_epoch2(node1)', '~ep_epoch0(node0)']
num_forall :   2
num_exists :   0
num_literals : 5
quantified form : forall NODE1,NODE0. ~held(NODE0) | ~locked_epoch1(NODE0) | ~locked_epoch2(NODE0) | ep_epoch0(NODE1) | NODE0 = NODE1
qcost : 7




=== Prime Orbit 131 =====================
size : 2
num_suborbits: 1
235 (*) : ----0-0-1---1-------------
235     : ['held(node0)', 'locked_epoch1(node0)', '~ep_epoch0(node1)', '~ep_epoch2(node1)']
236     : 0-0------1---1------------
236     : ['held(node1)', 'locked_epoch1(node1)', '~ep_epoch0(node0)', '~ep_epoch2(node0)']
num_forall :   2
num_exists :   0
num_literals : 5
quantified form : forall NODE1,NODE0. ~held(NODE0) | ~locked_epoch1(NODE0) | ep_epoch0(NODE1) | ep_epoch2(NODE1) | NODE0 = NODE1
qcost : 7




=== Prime Orbit 132 =====================
size : 2
num_suborbits: 1
444 (*) : ---00---1---1-------------
444     : ['held(node0)', 'locked_epoch1(node0)', '~ep_epoch0(node1)', '~ep_epoch3(node0)']
443     : 0------0-1---1------------
443     : ['held(node1)', 'locked_epoch1(node1)', '~ep_epoch0(node0)', '~ep_epoch3(node1)']
num_forall :   2
num_exists :   0
num_literals : 5
quantified form : forall NODE1,NODE0. ~held(NODE0) | ~locked_epoch1(NODE0) | ep_epoch0(NODE1) | ep_epoch3(NODE0) | NODE0 = NODE1
qcost : 7




=== Prime Orbit 133 =====================
size : 2
num_suborbits: 1
211 (*) : ----0---1---1--0----------
211     : ['held(node0)', 'locked_epoch1(node0)', '~ep_epoch0(node1)', '~locked_epoch2(node1)']
212     : 0--------1---10-----------
212     : ['held(node1)', 'locked_epoch1(node1)', '~ep_epoch0(node0)', '~locked_epoch2(node0)']
num_forall :   2
num_exists :   0
num_literals : 5
quantified form : forall NODE1,NODE0. ~held(NODE0) | ~locked_epoch1(NODE0) | ep_epoch0(NODE1) | locked_epoch2(NODE1) | NODE0 = NODE1
qcost : 7




=== Prime Orbit 134 =====================
size : 2
num_suborbits: 1
365 (*) : ----0---1---1---0---------
365     : ['held(node0)', 'locked_epoch1(node0)', '~ep_epoch0(node1)', '~locked_epoch3(node0)']
366     : 0--------1---1---0--------
366     : ['held(node1)', 'locked_epoch1(node1)', '~ep_epoch0(node0)', '~locked_epoch3(node1)']
num_forall :   2
num_exists :   0
num_literals : 5
quantified form : forall NODE1,NODE0. ~held(NODE0) | ~locked_epoch1(NODE0) | ep_epoch0(NODE1) | locked_epoch3(NODE0) | NODE0 = NODE1
qcost : 7




=== Prime Orbit 135 =====================
size : 2
num_suborbits: 1
345 (*) : -----0--1----11-----------
345     : ['held(node0)', 'locked_epoch1(node1)', 'locked_epoch2(node0)', '~ep_epoch1(node1)']
346     : -0-------1--1--1----------
346     : ['held(node1)', 'locked_epoch1(node0)', 'locked_epoch2(node1)', '~ep_epoch1(node0)']
num_forall :   2
num_exists :   0
num_literals : 5
quantified form : forall NODE1,NODE0. ~held(NODE0) | ~locked_epoch1(NODE1) | ~locked_epoch2(NODE0) | ep_epoch1(NODE1) | NODE0 = NODE1
qcost : 7




=== Prime Orbit 136 =====================
size : 2
num_suborbits: 1
271 (*) : -----00-1----1------------
271     : ['held(node0)', 'locked_epoch1(node1)', '~ep_epoch1(node1)', '~ep_epoch2(node1)']
272     : -00------1--1-------------
272     : ['held(node1)', 'locked_epoch1(node0)', '~ep_epoch1(node0)', '~ep_epoch2(node0)']
num_forall :   2
num_exists :   0
num_literals : 5
quantified form : forall NODE1,NODE0. ~held(NODE0) | ~locked_epoch1(NODE1) | ep_epoch1(NODE1) | ep_epoch2(NODE1) | NODE0 = NODE1
qcost : 7




=== Prime Orbit 137 =====================
size : 2
num_suborbits: 1
447 (*) : ---0-0--1----1------------
447     : ['held(node0)', 'locked_epoch1(node1)', '~ep_epoch1(node1)', '~ep_epoch3(node0)']
448     : -0-----0-1--1-------------
448     : ['held(node1)', 'locked_epoch1(node0)', '~ep_epoch1(node0)', '~ep_epoch3(node1)']
num_forall :   2
num_exists :   0
num_literals : 5
quantified form : forall NODE1,NODE0. ~held(NODE0) | ~locked_epoch1(NODE1) | ep_epoch1(NODE1) | ep_epoch3(NODE0) | NODE0 = NODE1
qcost : 7




=== Prime Orbit 138 =====================
size : 2
num_suborbits: 1
269 (*) : -----0--1----1-0----------
269     : ['held(node0)', 'locked_epoch1(node1)', '~ep_epoch1(node1)', '~locked_epoch2(node1)']
270     : -0-------1--1-0-----------
270     : ['held(node1)', 'locked_epoch1(node0)', '~ep_epoch1(node0)', '~locked_epoch2(node0)']
num_forall :   2
num_exists :   0
num_literals : 5
quantified form : forall NODE1,NODE0. ~held(NODE0) | ~locked_epoch1(NODE1) | ep_epoch1(NODE1) | locked_epoch2(NODE1) | NODE0 = NODE1
qcost : 7




=== Prime Orbit 139 =====================
size : 2
num_suborbits: 1
373 (*) : -----0--1----1--0---------
373     : ['held(node0)', 'locked_epoch1(node1)', '~ep_epoch1(node1)', '~locked_epoch3(node0)']
374     : -0-------1--1----0--------
374     : ['held(node1)', 'locked_epoch1(node0)', '~ep_epoch1(node0)', '~locked_epoch3(node1)']
num_forall :   2
num_exists :   0
num_literals : 5
quantified form : forall NODE1,NODE0. ~held(NODE0) | ~locked_epoch1(NODE1) | ep_epoch1(NODE1) | locked_epoch3(NODE0) | NODE0 = NODE1
qcost : 7




=== Prime Orbit 140 =====================
size : 2
num_suborbits: 1
445 (*) : --00----1----1------------
445     : ['held(node0)', 'locked_epoch1(node1)', '~ep_epoch2(node0)', '~ep_epoch3(node0)']
446     : ------00-1--1-------------
446     : ['held(node1)', 'locked_epoch1(node0)', '~ep_epoch2(node1)', '~ep_epoch3(node1)']
num_forall :   2
num_exists :   0
num_literals : 5
quantified form : forall NODE1,NODE0. ~held(NODE0) | ~locked_epoch1(NODE1) | ep_epoch2(NODE0) | ep_epoch3(NODE0) | NODE0 = NODE1
qcost : 7




=== Prime Orbit 141 =====================
size : 2
num_suborbits: 1
361 (*) : --0-----1----1--0---------
361     : ['held(node0)', 'locked_epoch1(node1)', '~ep_epoch2(node0)', '~locked_epoch3(node0)']
362     : ------0--1--1----0--------
362     : ['held(node1)', 'locked_epoch1(node0)', '~ep_epoch2(node1)', '~locked_epoch3(node1)']
num_forall :   2
num_exists :   0
num_literals : 5
quantified form : forall NODE1,NODE0. ~held(NODE0) | ~locked_epoch1(NODE1) | ep_epoch2(NODE0) | locked_epoch3(NODE0) | NODE0 = NODE1
qcost : 7




=== Prime Orbit 142 =====================
size : 2
num_suborbits: 1
449 (*) : ---0----1----10-----------
449     : ['held(node0)', 'locked_epoch1(node1)', '~ep_epoch3(node0)', '~locked_epoch2(node0)']
450     : -------0-1--1--0----------
450     : ['held(node1)', 'locked_epoch1(node0)', '~ep_epoch3(node1)', '~locked_epoch2(node1)']
num_forall :   2
num_exists :   0
num_literals : 5
quantified form : forall NODE1,NODE0. ~held(NODE0) | ~locked_epoch1(NODE1) | ep_epoch3(NODE0) | locked_epoch2(NODE0) | NODE0 = NODE1
qcost : 7




=== Prime Orbit 143 =====================
size : 2
num_suborbits: 1
383 (*) : --------1----10-0---------
383     : ['held(node0)', 'locked_epoch1(node1)', '~locked_epoch2(node0)', '~locked_epoch3(node0)']
384     : ---------1--1--0-0--------
384     : ['held(node1)', 'locked_epoch1(node0)', '~locked_epoch2(node1)', '~locked_epoch3(node1)']
num_forall :   2
num_exists :   0
num_literals : 5
quantified form : forall NODE1,NODE0. ~held(NODE0) | ~locked_epoch1(NODE1) | locked_epoch2(NODE0) | locked_epoch3(NODE0) | NODE0 = NODE1
qcost : 7




=== Prime Orbit 144 =====================
size : 2
num_suborbits: 1
317 (*) : ----00--1-----1-----------
317     : ['held(node0)', 'locked_epoch2(node0)', '~ep_epoch0(node1)', '~ep_epoch1(node1)']
318     : 00-------1-----1----------
318     : ['held(node1)', 'locked_epoch2(node1)', '~ep_epoch0(node0)', '~ep_epoch1(node0)']
num_forall :   2
num_exists :   0
num_literals : 5
quantified form : forall NODE1,NODE0. ~held(NODE0) | ~locked_epoch2(NODE0) | ep_epoch0(NODE1) | ep_epoch1(NODE1) | NODE0 = NODE1
qcost : 7




=== Prime Orbit 145 =====================
size : 2
num_suborbits: 1
319 (*) : ----0---1----01-----------
319     : ['held(node0)', 'locked_epoch2(node0)', '~ep_epoch0(node1)', '~locked_epoch1(node1)']
320     : 0--------1--0--1----------
320     : ['held(node1)', 'locked_epoch2(node1)', '~ep_epoch0(node0)', '~locked_epoch1(node0)']
num_forall :   2
num_exists :   0
num_literals : 5
quantified form : forall NODE1,NODE0. ~held(NODE0) | ~locked_epoch2(NODE0) | ep_epoch0(NODE1) | locked_epoch1(NODE1) | NODE0 = NODE1
qcost : 7




=== Prime Orbit 146 =====================
size : 2
num_suborbits: 1
333 (*) : -----0--1---0-1-----------
333     : ['held(node0)', 'locked_epoch2(node0)', '~ep_epoch1(node1)', '~locked_epoch1(node0)']
334     : -0-------1---0-1----------
334     : ['held(node1)', 'locked_epoch2(node1)', '~ep_epoch1(node0)', '~locked_epoch1(node1)']
num_forall :   2
num_exists :   0
num_literals : 5
quantified form : forall NODE1,NODE0. ~held(NODE0) | ~locked_epoch2(NODE0) | ep_epoch1(NODE1) | locked_epoch1(NODE0) | NODE0 = NODE1
qcost : 7




=== Prime Orbit 147 =====================
size : 2
num_suborbits: 1
185 (*) : ----000-1-----------------
185     : ['held(node0)', '~ep_epoch0(node1)', '~ep_epoch1(node1)', '~ep_epoch2(node1)']
186     : 000------1----------------
186     : ['held(node1)', '~ep_epoch0(node0)', '~ep_epoch1(node0)', '~ep_epoch2(node0)']
num_forall :   2
num_exists :   0
num_literals : 5
quantified form : forall NODE1,NODE0. ~held(NODE0) | ep_epoch0(NODE1) | ep_epoch1(NODE1) | ep_epoch2(NODE1) | NODE0 = NODE1
qcost : 7




=== Prime Orbit 148 =====================
size : 2
num_suborbits: 1
453 (*) : ---000--1-----------------
453     : ['held(node0)', '~ep_epoch0(node1)', '~ep_epoch1(node1)', '~ep_epoch3(node0)']
454     : 00-----0-1----------------
454     : ['held(node1)', '~ep_epoch0(node0)', '~ep_epoch1(node0)', '~ep_epoch3(node1)']
num_forall :   2
num_exists :   0
num_literals : 5
quantified form : forall NODE1,NODE0. ~held(NODE0) | ep_epoch0(NODE1) | ep_epoch1(NODE1) | ep_epoch3(NODE0) | NODE0 = NODE1
qcost : 7




=== Prime Orbit 149 =====================
size : 2
num_suborbits: 1
195 (*) : ----00--1------0----------
195     : ['held(node0)', '~ep_epoch0(node1)', '~ep_epoch1(node1)', '~locked_epoch2(node1)']
196     : 00-------1----0-----------
196     : ['held(node1)', '~ep_epoch0(node0)', '~ep_epoch1(node0)', '~locked_epoch2(node0)']
num_forall :   2
num_exists :   0
num_literals : 5
quantified form : forall NODE1,NODE0. ~held(NODE0) | ep_epoch0(NODE1) | ep_epoch1(NODE1) | locked_epoch2(NODE1) | NODE0 = NODE1
qcost : 7




=== Prime Orbit 150 =====================
size : 2
num_suborbits: 1
369 (*) : ----00--1-------0---------
369     : ['held(node0)', '~ep_epoch0(node1)', '~ep_epoch1(node1)', '~locked_epoch3(node0)']
370     : 00-------1-------0--------
370     : ['held(node1)', '~ep_epoch0(node0)', '~ep_epoch1(node0)', '~locked_epoch3(node1)']
num_forall :   2
num_exists :   0
num_literals : 5
quantified form : forall NODE1,NODE0. ~held(NODE0) | ep_epoch0(NODE1) | ep_epoch1(NODE1) | locked_epoch3(NODE0) | NODE0 = NODE1
qcost : 7




=== Prime Orbit 151 =====================
size : 2
num_suborbits: 1
457 (*) : --000---1-----------------
457     : ['held(node0)', '~ep_epoch0(node1)', '~ep_epoch2(node0)', '~ep_epoch3(node0)']
458     : 0-----00-1----------------
458     : ['held(node1)', '~ep_epoch0(node0)', '~ep_epoch2(node1)', '~ep_epoch3(node1)']
num_forall :   2
num_exists :   0
num_literals : 5
quantified form : forall NODE1,NODE0. ~held(NODE0) | ep_epoch0(NODE1) | ep_epoch2(NODE0) | ep_epoch3(NODE0) | NODE0 = NODE1
qcost : 7




=== Prime Orbit 152 =====================
size : 2
num_suborbits: 1
363 (*) : --0-0---1-------0---------
363     : ['held(node0)', '~ep_epoch0(node1)', '~ep_epoch2(node0)', '~locked_epoch3(node0)']
364     : 0-----0--1-------0--------
364     : ['held(node1)', '~ep_epoch0(node0)', '~ep_epoch2(node1)', '~locked_epoch3(node1)']
num_forall :   2
num_exists :   0
num_literals : 5
quantified form : forall NODE1,NODE0. ~held(NODE0) | ep_epoch0(NODE1) | ep_epoch2(NODE0) | locked_epoch3(NODE0) | NODE0 = NODE1
qcost : 7




=== Prime Orbit 153 =====================
size : 2
num_suborbits: 1
227 (*) : ----0-0-1----0------------
227     : ['held(node0)', '~ep_epoch0(node1)', '~ep_epoch2(node1)', '~locked_epoch1(node1)']
228     : 0-0------1--0-------------
228     : ['held(node1)', '~ep_epoch0(node0)', '~ep_epoch2(node0)', '~locked_epoch1(node0)']
num_forall :   2
num_exists :   0
num_literals : 5
quantified form : forall NODE1,NODE0. ~held(NODE0) | ep_epoch0(NODE1) | ep_epoch2(NODE1) | locked_epoch1(NODE1) | NODE0 = NODE1
qcost : 7




=== Prime Orbit 154 =====================
size : 2
num_suborbits: 1
461 (*) : ---00---1----0------------
461     : ['held(node0)', '~ep_epoch0(node1)', '~ep_epoch3(node0)', '~locked_epoch1(node1)']
462     : 0------0-1--0-------------
462     : ['held(node1)', '~ep_epoch0(node0)', '~ep_epoch3(node1)', '~locked_epoch1(node0)']
num_forall :   2
num_exists :   0
num_literals : 5
quantified form : forall NODE1,NODE0. ~held(NODE0) | ep_epoch0(NODE1) | ep_epoch3(NODE0) | locked_epoch1(NODE1) | NODE0 = NODE1
qcost : 7




=== Prime Orbit 155 =====================
size : 2
num_suborbits: 1
463 (*) : ---00---1-----0-----------
463     : ['held(node0)', '~ep_epoch0(node1)', '~ep_epoch3(node0)', '~locked_epoch2(node0)']
464     : 0------0-1-----0----------
464     : ['held(node1)', '~ep_epoch0(node0)', '~ep_epoch3(node1)', '~locked_epoch2(node1)']
num_forall :   2
num_exists :   0
num_literals : 5
quantified form : forall NODE1,NODE0. ~held(NODE0) | ep_epoch0(NODE1) | ep_epoch3(NODE0) | locked_epoch2(NODE0) | NODE0 = NODE1
qcost : 7




=== Prime Orbit 156 =====================
size : 2
num_suborbits: 1
219 (*) : ----0---1----0-0----------
219     : ['held(node0)', '~ep_epoch0(node1)', '~locked_epoch1(node1)', '~locked_epoch2(node1)']
220     : 0--------1--0-0-----------
220     : ['held(node1)', '~ep_epoch0(node0)', '~locked_epoch1(node0)', '~locked_epoch2(node0)']
num_forall :   2
num_exists :   0
num_literals : 5
quantified form : forall NODE1,NODE0. ~held(NODE0) | ep_epoch0(NODE1) | locked_epoch1(NODE1) | locked_epoch2(NODE1) | NODE0 = NODE1
qcost : 7




=== Prime Orbit 157 =====================
size : 2
num_suborbits: 1
367 (*) : ----0---1----0--0---------
367     : ['held(node0)', '~ep_epoch0(node1)', '~locked_epoch1(node1)', '~locked_epoch3(node0)']
368     : 0--------1--0----0--------
368     : ['held(node1)', '~ep_epoch0(node0)', '~locked_epoch1(node0)', '~locked_epoch3(node1)']
num_forall :   2
num_exists :   0
num_literals : 5
quantified form : forall NODE1,NODE0. ~held(NODE0) | ep_epoch0(NODE1) | locked_epoch1(NODE1) | locked_epoch3(NODE0) | NODE0 = NODE1
qcost : 7




=== Prime Orbit 158 =====================
size : 2
num_suborbits: 1
379 (*) : ----0---1-----0-0---------
379     : ['held(node0)', '~ep_epoch0(node1)', '~locked_epoch2(node0)', '~locked_epoch3(node0)']
380     : 0--------1-----0-0--------
380     : ['held(node1)', '~ep_epoch0(node0)', '~locked_epoch2(node1)', '~locked_epoch3(node1)']
num_forall :   2
num_exists :   0
num_literals : 5
quantified form : forall NODE1,NODE0. ~held(NODE0) | ep_epoch0(NODE1) | locked_epoch2(NODE0) | locked_epoch3(NODE0) | NODE0 = NODE1
qcost : 7




=== Prime Orbit 159 =====================
size : 2
num_suborbits: 1
455 (*) : -000----1-----------------
455     : ['held(node0)', '~ep_epoch1(node0)', '~ep_epoch2(node0)', '~ep_epoch3(node0)']
456     : -----000-1----------------
456     : ['held(node1)', '~ep_epoch1(node1)', '~ep_epoch2(node1)', '~ep_epoch3(node1)']
num_forall :   1
num_exists :   0
num_literals : 4
quantified form : forall NODE0. ~held(NODE0) | ep_epoch1(NODE0) | ep_epoch2(NODE0) | ep_epoch3(NODE0)
qcost : 5




=== Prime Orbit 160 =====================
size : 2
num_suborbits: 1
357 (*) : -00-----1-------0---------
357     : ['held(node0)', '~ep_epoch1(node0)', '~ep_epoch2(node0)', '~locked_epoch3(node0)']
358     : -----00--1-------0--------
358     : ['held(node1)', '~ep_epoch1(node1)', '~ep_epoch2(node1)', '~locked_epoch3(node1)']
num_forall :   1
num_exists :   0
num_literals : 4
quantified form : forall NODE0. ~held(NODE0) | ep_epoch1(NODE0) | ep_epoch2(NODE0) | locked_epoch3(NODE0)
qcost : 5




=== Prime Orbit 161 =====================
size : 2
num_suborbits: 1
465 (*) : -0-0----1-----0-----------
465     : ['held(node0)', '~ep_epoch1(node0)', '~ep_epoch3(node0)', '~locked_epoch2(node0)']
466     : -----0-0-1-----0----------
466     : ['held(node1)', '~ep_epoch1(node1)', '~ep_epoch3(node1)', '~locked_epoch2(node1)']
num_forall :   1
num_exists :   0
num_literals : 4
quantified form : forall NODE0. ~held(NODE0) | ep_epoch1(NODE0) | ep_epoch3(NODE0) | locked_epoch2(NODE0)
qcost : 5




=== Prime Orbit 162 =====================
size : 2
num_suborbits: 1
385 (*) : -0------1-----0-0---------
385     : ['held(node0)', '~ep_epoch1(node0)', '~locked_epoch2(node0)', '~locked_epoch3(node0)']
386     : -----0---1-----0-0--------
386     : ['held(node1)', '~ep_epoch1(node1)', '~locked_epoch2(node1)', '~locked_epoch3(node1)']
num_forall :   1
num_exists :   0
num_literals : 4
quantified form : forall NODE0. ~held(NODE0) | ep_epoch1(NODE0) | locked_epoch2(NODE0) | locked_epoch3(NODE0)
qcost : 5




=== Prime Orbit 163 =====================
size : 2
num_suborbits: 1
257 (*) : -----00-1---0-------------
257     : ['held(node0)', '~ep_epoch1(node1)', '~ep_epoch2(node1)', '~locked_epoch1(node0)']
258     : -00------1---0------------
258     : ['held(node1)', '~ep_epoch1(node0)', '~ep_epoch2(node0)', '~locked_epoch1(node1)']
num_forall :   2
num_exists :   0
num_literals : 5
quantified form : forall NODE1,NODE0. ~held(NODE0) | ep_epoch1(NODE1) | ep_epoch2(NODE1) | locked_epoch1(NODE0) | NODE0 = NODE1
qcost : 7




=== Prime Orbit 164 =====================
size : 2
num_suborbits: 1
451 (*) : ---0-0--1---0-------------
451     : ['held(node0)', '~ep_epoch1(node1)', '~ep_epoch3(node0)', '~locked_epoch1(node0)']
452     : -0-----0-1---0------------
452     : ['held(node1)', '~ep_epoch1(node0)', '~ep_epoch3(node1)', '~locked_epoch1(node1)']
num_forall :   2
num_exists :   0
num_literals : 5
quantified form : forall NODE1,NODE0. ~held(NODE0) | ep_epoch1(NODE1) | ep_epoch3(NODE0) | locked_epoch1(NODE0) | NODE0 = NODE1
qcost : 7




=== Prime Orbit 165 =====================
size : 2
num_suborbits: 1
247 (*) : -----0--1---0--0----------
247     : ['held(node0)', '~ep_epoch1(node1)', '~locked_epoch1(node0)', '~locked_epoch2(node1)']
248     : -0-------1---00-----------
248     : ['held(node1)', '~ep_epoch1(node0)', '~locked_epoch1(node1)', '~locked_epoch2(node0)']
num_forall :   2
num_exists :   0
num_literals : 5
quantified form : forall NODE1,NODE0. ~held(NODE0) | ep_epoch1(NODE1) | locked_epoch1(NODE0) | locked_epoch2(NODE1) | NODE0 = NODE1
qcost : 7




=== Prime Orbit 166 =====================
size : 2
num_suborbits: 1
371 (*) : -----0--1---0---0---------
371     : ['held(node0)', '~ep_epoch1(node1)', '~locked_epoch1(node0)', '~locked_epoch3(node0)']
372     : -0-------1---0---0--------
372     : ['held(node1)', '~ep_epoch1(node0)', '~locked_epoch1(node1)', '~locked_epoch3(node1)']
num_forall :   2
num_exists :   0
num_literals : 5
quantified form : forall NODE1,NODE0. ~held(NODE0) | ep_epoch1(NODE1) | locked_epoch1(NODE0) | locked_epoch3(NODE0) | NODE0 = NODE1
qcost : 7




=== Prime Orbit 167 =====================
size : 2
num_suborbits: 1
459 (*) : --00----1---0-------------
459     : ['held(node0)', '~ep_epoch2(node0)', '~ep_epoch3(node0)', '~locked_epoch1(node0)']
460     : ------00-1---0------------
460     : ['held(node1)', '~ep_epoch2(node1)', '~ep_epoch3(node1)', '~locked_epoch1(node1)']
num_forall :   1
num_exists :   0
num_literals : 4
quantified form : forall NODE0. ~held(NODE0) | ep_epoch2(NODE0) | ep_epoch3(NODE0) | locked_epoch1(NODE0)
qcost : 5




=== Prime Orbit 168 =====================
size : 2
num_suborbits: 1
359 (*) : --0-----1---0---0---------
359     : ['held(node0)', '~ep_epoch2(node0)', '~locked_epoch1(node0)', '~locked_epoch3(node0)']
360     : ------0--1---0---0--------
360     : ['held(node1)', '~ep_epoch2(node1)', '~locked_epoch1(node1)', '~locked_epoch3(node1)']
num_forall :   1
num_exists :   0
num_literals : 4
quantified form : forall NODE0. ~held(NODE0) | ep_epoch2(NODE0) | locked_epoch1(NODE0) | locked_epoch3(NODE0)
qcost : 5




=== Prime Orbit 169 =====================
size : 2
num_suborbits: 1
467 (*) : ---0----1---0-0-----------
467     : ['held(node0)', '~ep_epoch3(node0)', '~locked_epoch1(node0)', '~locked_epoch2(node0)']
468     : -------0-1---0-0----------
468     : ['held(node1)', '~ep_epoch3(node1)', '~locked_epoch1(node1)', '~locked_epoch2(node1)']
num_forall :   1
num_exists :   0
num_literals : 4
quantified form : forall NODE0. ~held(NODE0) | ep_epoch3(NODE0) | locked_epoch1(NODE0) | locked_epoch2(NODE0)
qcost : 5




=== Prime Orbit 170 =====================
size : 2
num_suborbits: 1
381 (*) : --------1---0-0-0---------
381     : ['held(node0)', '~locked_epoch1(node0)', '~locked_epoch2(node0)', '~locked_epoch3(node0)']
382     : ---------1---0-0-0--------
382     : ['held(node1)', '~locked_epoch1(node1)', '~locked_epoch2(node1)', '~locked_epoch3(node1)']
num_forall :   1
num_exists :   0
num_literals : 4
quantified form : forall NODE0. ~held(NODE0) | locked_epoch1(NODE0) | locked_epoch2(NODE0) | locked_epoch3(NODE0)
qcost : 5




=== Prime Orbit 171 =====================
size : 2
num_suborbits: 1
305 (*) : ----0-------1-1-1---------
305     : ['locked_epoch1(node0)', 'locked_epoch2(node0)', 'locked_epoch3(node0)', '~ep_epoch0(node1)']
306     : 0------------1-1-1--------
306     : ['locked_epoch1(node1)', 'locked_epoch2(node1)', 'locked_epoch3(node1)', '~ep_epoch0(node0)']
num_forall :   2
num_exists :   0
num_literals : 5
quantified form : forall NODE1,NODE0. ~locked_epoch1(NODE0) | ~locked_epoch2(NODE0) | ~locked_epoch3(NODE0) | ep_epoch0(NODE1) | NODE0 = NODE1
qcost : 7




=== Prime Orbit 172 =====================
size : 4
num_suborbits: 2
572 (*) : ----0-------1-1---------1-
572     : ['locked_epoch1(node0)', 'locked_epoch2(node0)', 'transfer_epoch3(node0)', '~ep_epoch0(node1)']
531     : ----0-------1-1----------1
531     : ['locked_epoch1(node0)', 'locked_epoch2(node0)', 'transfer_epoch3(node1)', '~ep_epoch0(node1)']
532     : 0------------1-1--------1-
532     : ['locked_epoch1(node1)', 'locked_epoch2(node1)', 'transfer_epoch3(node0)', '~ep_epoch0(node0)']
571     : 0------------1-1---------1
571     : ['locked_epoch1(node1)', 'locked_epoch2(node1)', 'transfer_epoch3(node1)', '~ep_epoch0(node0)']
num_forall :   3
num_exists :   0
num_literals : 8
quantified form : forall NODE1,NODE0,NODE2. ~locked_epoch1(NODE0) | ~locked_epoch2(NODE0) | ~transfer_epoch3(NODE1) | ep_epoch0(NODE2) | ((NODE1 ~= NODE2 | NODE0 = NODE1) & (NODE0 ~= NODE1 | NODE0 = NODE2))
qcost : 11




=== Prime Orbit 173 =====================
size : 2
num_suborbits: 1
299 (*) : --0-0-------1-1-----------
299     : ['locked_epoch1(node0)', 'locked_epoch2(node0)', '~ep_epoch0(node1)', '~ep_epoch2(node0)']
300     : 0-----0------1-1----------
300     : ['locked_epoch1(node1)', 'locked_epoch2(node1)', '~ep_epoch0(node0)', '~ep_epoch2(node1)']
num_forall :   2
num_exists :   0
num_literals : 5
quantified form : forall NODE1,NODE0. ~locked_epoch1(NODE0) | ~locked_epoch2(NODE0) | ep_epoch0(NODE1) | ep_epoch2(NODE0) | NODE0 = NODE1
qcost : 7




=== Prime Orbit 174 =====================
size : 2
num_suborbits: 1
297 (*) : ----0--0----1-1-----------
297     : ['locked_epoch1(node0)', 'locked_epoch2(node0)', '~ep_epoch0(node1)', '~ep_epoch3(node1)']
298     : 0--0---------1-1----------
298     : ['locked_epoch1(node1)', 'locked_epoch2(node1)', '~ep_epoch0(node0)', '~ep_epoch3(node0)']
num_forall :   2
num_exists :   0
num_literals : 5
quantified form : forall NODE1,NODE0. ~locked_epoch1(NODE0) | ~locked_epoch2(NODE0) | ep_epoch0(NODE1) | ep_epoch3(NODE1) | NODE0 = NODE1
qcost : 7




=== Prime Orbit 175 =====================
size : 2
num_suborbits: 1
301 (*) : ----0----0--1-1-----------
301     : ['locked_epoch1(node0)', 'locked_epoch2(node0)', '~ep_epoch0(node1)', '~held(node1)']
302     : 0-------0----1-1----------
302     : ['locked_epoch1(node1)', 'locked_epoch2(node1)', '~ep_epoch0(node0)', '~held(node0)']
num_forall :   2
num_exists :   0
num_literals : 5
quantified form : forall NODE1,NODE0. ~locked_epoch1(NODE0) | ~locked_epoch2(NODE0) | ep_epoch0(NODE1) | held(NODE1) | NODE0 = NODE1
qcost : 7




=== Prime Orbit 176 =====================
size : 2
num_suborbits: 1
167 (*) : ----0-------1-1--0--------
167     : ['locked_epoch1(node0)', 'locked_epoch2(node0)', '~ep_epoch0(node1)', '~locked_epoch3(node1)']
168     : 0------------1-10---------
168     : ['locked_epoch1(node1)', 'locked_epoch2(node1)', '~ep_epoch0(node0)', '~locked_epoch3(node0)']
num_forall :   2
num_exists :   0
num_literals : 5
quantified form : forall NODE1,NODE0. ~locked_epoch1(NODE0) | ~locked_epoch2(NODE0) | ep_epoch0(NODE1) | locked_epoch3(NODE1) | NODE0 = NODE1
qcost : 7




=== Prime Orbit 177 =====================
size : 2
num_suborbits: 1
348 (*) : -0----------1--1-1--------
348     : ['locked_epoch1(node0)', 'locked_epoch2(node1)', 'locked_epoch3(node1)', '~ep_epoch1(node0)']
347     : -----0-------11-1---------
347     : ['locked_epoch1(node1)', 'locked_epoch2(node0)', 'locked_epoch3(node0)', '~ep_epoch1(node1)']
num_forall :   2
num_exists :   0
num_literals : 5
quantified form : forall NODE1,NODE0. ~locked_epoch1(NODE0) | ~locked_epoch2(NODE1) | ~locked_epoch3(NODE1) | ep_epoch1(NODE0) | NODE0 = NODE1
qcost : 7




=== Prime Orbit 178 =====================
size : 4
num_suborbits: 2
524 (*) : -0----------1--1--------1-
524     : ['locked_epoch1(node0)', 'locked_epoch2(node1)', 'transfer_epoch3(node0)', '~ep_epoch1(node0)']
567     : -0----------1--1---------1
567     : ['locked_epoch1(node0)', 'locked_epoch2(node1)', 'transfer_epoch3(node1)', '~ep_epoch1(node0)']
568     : -----0-------11---------1-
568     : ['locked_epoch1(node1)', 'locked_epoch2(node0)', 'transfer_epoch3(node0)', '~ep_epoch1(node1)']
523     : -----0-------11----------1
523     : ['locked_epoch1(node1)', 'locked_epoch2(node0)', 'transfer_epoch3(node1)', '~ep_epoch1(node1)']
num_forall :   3
num_exists :   0
num_literals : 8
quantified form : forall NODE1,NODE0,NODE2. ~locked_epoch1(NODE0) | ~locked_epoch2(NODE1) | ~transfer_epoch3(NODE2) | ep_epoch1(NODE0) | ((NODE0 ~= NODE2 | NODE0 = NODE1) & (NODE1 ~= NODE2 | NODE0 = NODE1))
qcost : 11




=== Prime Orbit 179 =====================
size : 2
num_suborbits: 1
342 (*) : -0----0-----1--1----------
342     : ['locked_epoch1(node0)', 'locked_epoch2(node1)', '~ep_epoch1(node0)', '~ep_epoch2(node1)']
341     : --0--0-------11-----------
341     : ['locked_epoch1(node1)', 'locked_epoch2(node0)', '~ep_epoch1(node1)', '~ep_epoch2(node0)']
num_forall :   2
num_exists :   0
num_literals : 5
quantified form : forall NODE1,NODE0. ~locked_epoch1(NODE0) | ~locked_epoch2(NODE1) | ep_epoch1(NODE0) | ep_epoch2(NODE1) | NODE0 = NODE1
qcost : 7




=== Prime Orbit 180 =====================
size : 2
num_suborbits: 1
290 (*) : -0-0--------1--1----------
290     : ['locked_epoch1(node0)', 'locked_epoch2(node1)', '~ep_epoch1(node0)', '~ep_epoch3(node0)']
289     : -----0-0-----11-----------
289     : ['locked_epoch1(node1)', 'locked_epoch2(node0)', '~ep_epoch1(node1)', '~ep_epoch3(node1)']
num_forall :   2
num_exists :   0
num_literals : 5
quantified form : forall NODE1,NODE0. ~locked_epoch1(NODE0) | ~locked_epoch2(NODE1) | ep_epoch1(NODE0) | ep_epoch3(NODE0) | NODE0 = NODE1
qcost : 7




=== Prime Orbit 181 =====================
size : 2
num_suborbits: 1
344 (*) : -0------0---1--1----------
344     : ['locked_epoch1(node0)', 'locked_epoch2(node1)', '~ep_epoch1(node0)', '~held(node0)']
343     : -----0---0---11-----------
343     : ['locked_epoch1(node1)', 'locked_epoch2(node0)', '~ep_epoch1(node1)', '~held(node1)']
num_forall :   2
num_exists :   0
num_literals : 5
quantified form : forall NODE1,NODE0. ~locked_epoch1(NODE0) | ~locked_epoch2(NODE1) | ep_epoch1(NODE0) | held(NODE0) | NODE0 = NODE1
qcost : 7




=== Prime Orbit 182 =====================
size : 2
num_suborbits: 1
352 (*) : -0----------1--10---------
352     : ['locked_epoch1(node0)', 'locked_epoch2(node1)', '~ep_epoch1(node0)', '~locked_epoch3(node0)']
351     : -----0-------11--0--------
351     : ['locked_epoch1(node1)', 'locked_epoch2(node0)', '~ep_epoch1(node1)', '~locked_epoch3(node1)']
num_forall :   2
num_exists :   0
num_literals : 5
quantified form : forall NODE1,NODE0. ~locked_epoch1(NODE0) | ~locked_epoch2(NODE1) | ep_epoch1(NODE0) | locked_epoch3(NODE0) | NODE0 = NODE1
qcost : 7




=== Prime Orbit 183 =====================
size : 2
num_suborbits: 1
237 (*) : ----0-0-----1---1---------
237     : ['locked_epoch1(node0)', 'locked_epoch3(node0)', '~ep_epoch0(node1)', '~ep_epoch2(node1)']
238     : 0-0----------1---1--------
238     : ['locked_epoch1(node1)', 'locked_epoch3(node1)', '~ep_epoch0(node0)', '~ep_epoch2(node0)']
num_forall :   2
num_exists :   0
num_literals : 5
quantified form : forall NODE1,NODE0. ~locked_epoch1(NODE0) | ~locked_epoch3(NODE0) | ep_epoch0(NODE1) | ep_epoch2(NODE1) | NODE0 = NODE1
qcost : 7




=== Prime Orbit 184 =====================
size : 2
num_suborbits: 1
213 (*) : ----0-------1--01---------
213     : ['locked_epoch1(node0)', 'locked_epoch3(node0)', '~ep_epoch0(node1)', '~locked_epoch2(node1)']
214     : 0------------10--1--------
214     : ['locked_epoch1(node1)', 'locked_epoch3(node1)', '~ep_epoch0(node0)', '~locked_epoch2(node0)']
num_forall :   2
num_exists :   0
num_literals : 5
quantified form : forall NODE1,NODE0. ~locked_epoch1(NODE0) | ~locked_epoch3(NODE0) | ep_epoch0(NODE1) | locked_epoch2(NODE1) | NODE0 = NODE1
qcost : 7




=== Prime Orbit 185 =====================
size : 2
num_suborbits: 1
276 (*) : -00---------1----1--------
276     : ['locked_epoch1(node0)', 'locked_epoch3(node1)', '~ep_epoch1(node0)', '~ep_epoch2(node0)']
275     : -----00------1--1---------
275     : ['locked_epoch1(node1)', 'locked_epoch3(node0)', '~ep_epoch1(node1)', '~ep_epoch2(node1)']
num_forall :   2
num_exists :   0
num_literals : 5
quantified form : forall NODE1,NODE0. ~locked_epoch1(NODE0) | ~locked_epoch3(NODE1) | ep_epoch1(NODE0) | ep_epoch2(NODE0) | NODE0 = NODE1
qcost : 7




=== Prime Orbit 186 =====================
size : 2
num_suborbits: 1
274 (*) : -0----------1-0--1--------
274     : ['locked_epoch1(node0)', 'locked_epoch3(node1)', '~ep_epoch1(node0)', '~locked_epoch2(node0)']
273     : -----0-------1-01---------
273     : ['locked_epoch1(node1)', 'locked_epoch3(node0)', '~ep_epoch1(node1)', '~locked_epoch2(node1)']
num_forall :   2
num_exists :   0
num_literals : 5
quantified form : forall NODE1,NODE0. ~locked_epoch1(NODE0) | ~locked_epoch3(NODE1) | ep_epoch1(NODE0) | locked_epoch2(NODE0) | NODE0 = NODE1
qcost : 7




=== Prime Orbit 187 =====================
size : 4
num_suborbits: 2
518 (*) : -0--0-------1-----------1-
518     : ['locked_epoch1(node0)', 'transfer_epoch3(node0)', '~ep_epoch0(node1)', '~ep_epoch1(node0)']
525     : -0--0-------1------------1
525     : ['locked_epoch1(node0)', 'transfer_epoch3(node1)', '~ep_epoch0(node1)', '~ep_epoch1(node0)']
526     : 0----0-------1----------1-
526     : ['locked_epoch1(node1)', 'transfer_epoch3(node0)', '~ep_epoch0(node0)', '~ep_epoch1(node1)']
517     : 0----0-------1-----------1
517     : ['locked_epoch1(node1)', 'transfer_epoch3(node1)', '~ep_epoch0(node0)', '~ep_epoch1(node1)']
num_forall :   3
num_exists :   0
num_literals : 8
quantified form : forall NODE1,NODE0,NODE2. ~locked_epoch1(NODE0) | ~transfer_epoch3(NODE1) | ep_epoch0(NODE2) | ep_epoch1(NODE0) | ((NODE0 ~= NODE1 | NODE0 = NODE2) & (NODE1 ~= NODE2 | NODE0 = NODE1))
qcost : 11




=== Prime Orbit 188 =====================
size : 4
num_suborbits: 2
550 (*) : ----0-0-----1-----------1-
550     : ['locked_epoch1(node0)', 'transfer_epoch3(node0)', '~ep_epoch0(node1)', '~ep_epoch2(node1)']
527     : ----0-0-----1------------1
527     : ['locked_epoch1(node0)', 'transfer_epoch3(node1)', '~ep_epoch0(node1)', '~ep_epoch2(node1)']
528     : 0-0----------1----------1-
528     : ['locked_epoch1(node1)', 'transfer_epoch3(node0)', '~ep_epoch0(node0)', '~ep_epoch2(node0)']
549     : 0-0----------1-----------1
549     : ['locked_epoch1(node1)', 'transfer_epoch3(node1)', '~ep_epoch0(node0)', '~ep_epoch2(node0)']
num_forall :   3
num_exists :   0
num_literals : 8
quantified form : forall NODE1,NODE0,NODE2. ~locked_epoch1(NODE0) | ~transfer_epoch3(NODE1) | ep_epoch0(NODE2) | ep_epoch2(NODE2) | ((NODE1 ~= NODE2 | NODE0 = NODE1) & (NODE0 ~= NODE1 | NODE0 = NODE2))
qcost : 11




=== Prime Orbit 189 =====================
size : 4
num_suborbits: 2
540 (*) : ----0-------1--0--------1-
540     : ['locked_epoch1(node0)', 'transfer_epoch3(node0)', '~ep_epoch0(node1)', '~locked_epoch2(node1)']
529     : ----0-------1--0---------1
529     : ['locked_epoch1(node0)', 'transfer_epoch3(node1)', '~ep_epoch0(node1)', '~locked_epoch2(node1)']
530     : 0------------10---------1-
530     : ['locked_epoch1(node1)', 'transfer_epoch3(node0)', '~ep_epoch0(node0)', '~locked_epoch2(node0)']
539     : 0------------10----------1
539     : ['locked_epoch1(node1)', 'transfer_epoch3(node1)', '~ep_epoch0(node0)', '~locked_epoch2(node0)']
num_forall :   3
num_exists :   0
num_literals : 8
quantified form : forall NODE1,NODE0,NODE2. ~locked_epoch1(NODE0) | ~transfer_epoch3(NODE1) | ep_epoch0(NODE2) | locked_epoch2(NODE2) | ((NODE1 ~= NODE2 | NODE0 = NODE1) & (NODE0 ~= NODE1 | NODE0 = NODE2))
qcost : 11




=== Prime Orbit 190 =====================
size : 4
num_suborbits: 2
520 (*) : -00---------1-----------1-
520     : ['locked_epoch1(node0)', 'transfer_epoch3(node0)', '~ep_epoch1(node0)', '~ep_epoch2(node0)']
563     : -00---------1------------1
563     : ['locked_epoch1(node0)', 'transfer_epoch3(node1)', '~ep_epoch1(node0)', '~ep_epoch2(node0)']
564     : -----00------1----------1-
564     : ['locked_epoch1(node1)', 'transfer_epoch3(node0)', '~ep_epoch1(node1)', '~ep_epoch2(node1)']
519     : -----00------1-----------1
519     : ['locked_epoch1(node1)', 'transfer_epoch3(node1)', '~ep_epoch1(node1)', '~ep_epoch2(node1)']
num_forall :   2
num_exists :   0
num_literals : 4
quantified form : forall NODE1,NODE0. ~locked_epoch1(NODE0) | ~transfer_epoch3(NODE1) | ep_epoch1(NODE0) | ep_epoch2(NODE0)
qcost : 6




=== Prime Orbit 191 =====================
size : 4
num_suborbits: 2
522 (*) : -0----------1-0---------1-
522     : ['locked_epoch1(node0)', 'transfer_epoch3(node0)', '~ep_epoch1(node0)', '~locked_epoch2(node0)']
533     : -0----------1-0----------1
533     : ['locked_epoch1(node0)', 'transfer_epoch3(node1)', '~ep_epoch1(node0)', '~locked_epoch2(node0)']
534     : -----0-------1-0--------1-
534     : ['locked_epoch1(node1)', 'transfer_epoch3(node0)', '~ep_epoch1(node1)', '~locked_epoch2(node1)']
521     : -----0-------1-0---------1
521     : ['locked_epoch1(node1)', 'transfer_epoch3(node1)', '~ep_epoch1(node1)', '~locked_epoch2(node1)']
num_forall :   2
num_exists :   0
num_literals : 4
quantified form : forall NODE1,NODE0. ~locked_epoch1(NODE0) | ~transfer_epoch3(NODE1) | ep_epoch1(NODE0) | locked_epoch2(NODE0)
qcost : 6




=== Prime Orbit 192 =====================
size : 2
num_suborbits: 1
201 (*) : ----0-00----1-------------
201     : ['locked_epoch1(node0)', '~ep_epoch0(node1)', '~ep_epoch2(node1)', '~ep_epoch3(node1)']
202     : 0-00---------1------------
202     : ['locked_epoch1(node1)', '~ep_epoch0(node0)', '~ep_epoch2(node0)', '~ep_epoch3(node0)']
num_forall :   2
num_exists :   0
num_literals : 5
quantified form : forall NODE1,NODE0. ~locked_epoch1(NODE0) | ep_epoch0(NODE1) | ep_epoch2(NODE1) | ep_epoch3(NODE1) | NODE0 = NODE1
qcost : 7




=== Prime Orbit 193 =====================
size : 2
num_suborbits: 1
233 (*) : ----0-0--0--1-------------
233     : ['locked_epoch1(node0)', '~ep_epoch0(node1)', '~ep_epoch2(node1)', '~held(node1)']
234     : 0-0-----0----1------------
234     : ['locked_epoch1(node1)', '~ep_epoch0(node0)', '~ep_epoch2(node0)', '~held(node0)']
num_forall :   2
num_exists :   0
num_literals : 5
quantified form : forall NODE1,NODE0. ~locked_epoch1(NODE0) | ep_epoch0(NODE1) | ep_epoch2(NODE1) | held(NODE1) | NODE0 = NODE1
qcost : 7




=== Prime Orbit 194 =====================
size : 2
num_suborbits: 1
177 (*) : ----0-0-----1----0--------
177     : ['locked_epoch1(node0)', '~ep_epoch0(node1)', '~ep_epoch2(node1)', '~locked_epoch3(node1)']
178     : 0-0----------1--0---------
178     : ['locked_epoch1(node1)', '~ep_epoch0(node0)', '~ep_epoch2(node0)', '~locked_epoch3(node0)']
num_forall :   2
num_exists :   0
num_literals : 5
quantified form : forall NODE1,NODE0. ~locked_epoch1(NODE0) | ep_epoch0(NODE1) | ep_epoch2(NODE1) | locked_epoch3(NODE1) | NODE0 = NODE1
qcost : 7




=== Prime Orbit 195 =====================
size : 2
num_suborbits: 1
205 (*) : ----0--0----1--0----------
205     : ['locked_epoch1(node0)', '~ep_epoch0(node1)', '~ep_epoch3(node1)', '~locked_epoch2(node1)']
206     : 0--0---------10-----------
206     : ['locked_epoch1(node1)', '~ep_epoch0(node0)', '~ep_epoch3(node0)', '~locked_epoch2(node0)']
num_forall :   2
num_exists :   0
num_literals : 5
quantified form : forall NODE1,NODE0. ~locked_epoch1(NODE0) | ep_epoch0(NODE1) | ep_epoch3(NODE1) | locked_epoch2(NODE1) | NODE0 = NODE1
qcost : 7




=== Prime Orbit 196 =====================
size : 2
num_suborbits: 1
209 (*) : ----0----0--1--0----------
209     : ['locked_epoch1(node0)', '~ep_epoch0(node1)', '~held(node1)', '~locked_epoch2(node1)']
210     : 0-------0----10-----------
210     : ['locked_epoch1(node1)', '~ep_epoch0(node0)', '~held(node0)', '~locked_epoch2(node0)']
num_forall :   2
num_exists :   0
num_literals : 5
quantified form : forall NODE1,NODE0. ~locked_epoch1(NODE0) | ep_epoch0(NODE1) | held(NODE1) | locked_epoch2(NODE1) | NODE0 = NODE1
qcost : 7




=== Prime Orbit 197 =====================
size : 2
num_suborbits: 1
163 (*) : ----0-------1--0-0--------
163     : ['locked_epoch1(node0)', '~ep_epoch0(node1)', '~locked_epoch2(node1)', '~locked_epoch3(node1)']
164     : 0------------10-0---------
164     : ['locked_epoch1(node1)', '~ep_epoch0(node0)', '~locked_epoch2(node0)', '~locked_epoch3(node0)']
num_forall :   2
num_exists :   0
num_literals : 5
quantified form : forall NODE1,NODE0. ~locked_epoch1(NODE0) | ep_epoch0(NODE1) | locked_epoch2(NODE1) | locked_epoch3(NODE1) | NODE0 = NODE1
qcost : 7




=== Prime Orbit 198 =====================
size : 2
num_suborbits: 1
288 (*) : -000--------1-------------
288     : ['locked_epoch1(node0)', '~ep_epoch1(node0)', '~ep_epoch2(node0)', '~ep_epoch3(node0)']
287     : -----000-----1------------
287     : ['locked_epoch1(node1)', '~ep_epoch1(node1)', '~ep_epoch2(node1)', '~ep_epoch3(node1)']
num_forall :   1
num_exists :   0
num_literals : 4
quantified form : forall NODE0. ~locked_epoch1(NODE0) | ep_epoch1(NODE0) | ep_epoch2(NODE0) | ep_epoch3(NODE0)
qcost : 5




=== Prime Orbit 199 =====================
size : 2
num_suborbits: 1
266 (*) : -00-----0---1-------------
266     : ['locked_epoch1(node0)', '~ep_epoch1(node0)', '~ep_epoch2(node0)', '~held(node0)']
265     : -----00--0---1------------
265     : ['locked_epoch1(node1)', '~ep_epoch1(node1)', '~ep_epoch2(node1)', '~held(node1)']
num_forall :   1
num_exists :   0
num_literals : 4
quantified form : forall NODE0. ~locked_epoch1(NODE0) | ep_epoch1(NODE0) | ep_epoch2(NODE0) | held(NODE0)
qcost : 5




=== Prime Orbit 200 =====================
size : 2
num_suborbits: 1
284 (*) : -00---------1---0---------
284     : ['locked_epoch1(node0)', '~ep_epoch1(node0)', '~ep_epoch2(node0)', '~locked_epoch3(node0)']
283     : -----00------1---0--------
283     : ['locked_epoch1(node1)', '~ep_epoch1(node1)', '~ep_epoch2(node1)', '~locked_epoch3(node1)']
num_forall :   1
num_exists :   0
num_literals : 4
quantified form : forall NODE0. ~locked_epoch1(NODE0) | ep_epoch1(NODE0) | ep_epoch2(NODE0) | locked_epoch3(NODE0)
qcost : 5




=== Prime Orbit 201 =====================
size : 2
num_suborbits: 1
286 (*) : -0-0--------1-0-----------
286     : ['locked_epoch1(node0)', '~ep_epoch1(node0)', '~ep_epoch3(node0)', '~locked_epoch2(node0)']
285     : -----0-0-----1-0----------
285     : ['locked_epoch1(node1)', '~ep_epoch1(node1)', '~ep_epoch3(node1)', '~locked_epoch2(node1)']
num_forall :   1
num_exists :   0
num_literals : 4
quantified form : forall NODE0. ~locked_epoch1(NODE0) | ep_epoch1(NODE0) | ep_epoch3(NODE0) | locked_epoch2(NODE0)
qcost : 5




=== Prime Orbit 202 =====================
size : 2
num_suborbits: 1
268 (*) : -0------0---1-0-----------
268     : ['locked_epoch1(node0)', '~ep_epoch1(node0)', '~held(node0)', '~locked_epoch2(node0)']
267     : -----0---0---1-0----------
267     : ['locked_epoch1(node1)', '~ep_epoch1(node1)', '~held(node1)', '~locked_epoch2(node1)']
num_forall :   1
num_exists :   0
num_literals : 4
quantified form : forall NODE0. ~locked_epoch1(NODE0) | ep_epoch1(NODE0) | held(NODE0) | locked_epoch2(NODE0)
qcost : 5




=== Prime Orbit 203 =====================
size : 2
num_suborbits: 1
282 (*) : -0----------1-0-0---------
282     : ['locked_epoch1(node0)', '~ep_epoch1(node0)', '~locked_epoch2(node0)', '~locked_epoch3(node0)']
281     : -----0-------1-0-0--------
281     : ['locked_epoch1(node1)', '~ep_epoch1(node1)', '~locked_epoch2(node1)', '~locked_epoch3(node1)']
num_forall :   1
num_exists :   0
num_literals : 4
quantified form : forall NODE0. ~locked_epoch1(NODE0) | ep_epoch1(NODE0) | locked_epoch2(NODE0) | locked_epoch3(NODE0)
qcost : 5




=== Prime Orbit 204 =====================
size : 2
num_suborbits: 1
321 (*) : ----00--------1-1---------
321     : ['locked_epoch2(node0)', 'locked_epoch3(node0)', '~ep_epoch0(node1)', '~ep_epoch1(node1)']
322     : 00-------------1-1--------
322     : ['locked_epoch2(node1)', 'locked_epoch3(node1)', '~ep_epoch0(node0)', '~ep_epoch1(node0)']
num_forall :   2
num_exists :   0
num_literals : 5
quantified form : forall NODE1,NODE0. ~locked_epoch2(NODE0) | ~locked_epoch3(NODE0) | ep_epoch0(NODE1) | ep_epoch1(NODE1) | NODE0 = NODE1
qcost : 7




=== Prime Orbit 205 =====================
size : 2
num_suborbits: 1
323 (*) : ----0--------01-1---------
323     : ['locked_epoch2(node0)', 'locked_epoch3(node0)', '~ep_epoch0(node1)', '~locked_epoch1(node1)']
324     : 0-----------0--1-1--------
324     : ['locked_epoch2(node1)', 'locked_epoch3(node1)', '~ep_epoch0(node0)', '~locked_epoch1(node0)']
num_forall :   2
num_exists :   0
num_literals : 5
quantified form : forall NODE1,NODE0. ~locked_epoch2(NODE0) | ~locked_epoch3(NODE0) | ep_epoch0(NODE1) | locked_epoch1(NODE1) | NODE0 = NODE1
qcost : 7




=== Prime Orbit 206 =====================
size : 2
num_suborbits: 1
335 (*) : -----0------0-1-1---------
335     : ['locked_epoch2(node0)', 'locked_epoch3(node0)', '~ep_epoch1(node1)', '~locked_epoch1(node0)']
336     : -0-----------0-1-1--------
336     : ['locked_epoch2(node1)', 'locked_epoch3(node1)', '~ep_epoch1(node0)', '~locked_epoch1(node1)']
num_forall :   2
num_exists :   0
num_literals : 5
quantified form : forall NODE1,NODE0. ~locked_epoch2(NODE0) | ~locked_epoch3(NODE0) | ep_epoch1(NODE1) | locked_epoch1(NODE0) | NODE0 = NODE1
qcost : 7




=== Prime Orbit 207 =====================
size : 4
num_suborbits: 2
574 (*) : ----00--------1---------1-
574     : ['locked_epoch2(node0)', 'transfer_epoch3(node0)', '~ep_epoch0(node1)', '~ep_epoch1(node1)']
499     : ----00--------1----------1
499     : ['locked_epoch2(node0)', 'transfer_epoch3(node1)', '~ep_epoch0(node1)', '~ep_epoch1(node1)']
500     : 00-------------1--------1-
500     : ['locked_epoch2(node1)', 'transfer_epoch3(node0)', '~ep_epoch0(node0)', '~ep_epoch1(node0)']
573     : 00-------------1---------1
573     : ['locked_epoch2(node1)', 'transfer_epoch3(node1)', '~ep_epoch0(node0)', '~ep_epoch1(node0)']
num_forall :   3
num_exists :   0
num_literals : 8
quantified form : forall NODE1,NODE0,NODE2. ~locked_epoch2(NODE0) | ~transfer_epoch3(NODE1) | ep_epoch0(NODE2) | ep_epoch1(NODE2) | ((NODE1 ~= NODE2 | NODE0 = NODE1) & (NODE0 ~= NODE1 | NODE0 = NODE2))
qcost : 11




=== Prime Orbit 208 =====================
size : 4
num_suborbits: 2
570 (*) : ----0--------01---------1-
570     : ['locked_epoch2(node0)', 'transfer_epoch3(node0)', '~ep_epoch0(node1)', '~locked_epoch1(node1)']
507     : ----0--------01----------1
507     : ['locked_epoch2(node0)', 'transfer_epoch3(node1)', '~ep_epoch0(node1)', '~locked_epoch1(node1)']
508     : 0-----------0--1--------1-
508     : ['locked_epoch2(node1)', 'transfer_epoch3(node0)', '~ep_epoch0(node0)', '~locked_epoch1(node0)']
569     : 0-----------0--1---------1
569     : ['locked_epoch2(node1)', 'transfer_epoch3(node1)', '~ep_epoch0(node0)', '~locked_epoch1(node0)']
num_forall :   3
num_exists :   0
num_literals : 8
quantified form : forall NODE1,NODE0,NODE2. ~locked_epoch2(NODE0) | ~transfer_epoch3(NODE1) | ep_epoch0(NODE2) | locked_epoch1(NODE2) | ((NODE1 ~= NODE2 | NODE0 = NODE1) & (NODE0 ~= NODE1 | NODE0 = NODE2))
qcost : 11




=== Prime Orbit 209 =====================
size : 4
num_suborbits: 2
576 (*) : -----0------0-1---------1-
576     : ['locked_epoch2(node0)', 'transfer_epoch3(node0)', '~ep_epoch1(node1)', '~locked_epoch1(node0)']
515     : -----0------0-1----------1
515     : ['locked_epoch2(node0)', 'transfer_epoch3(node1)', '~ep_epoch1(node1)', '~locked_epoch1(node0)']
516     : -0-----------0-1--------1-
516     : ['locked_epoch2(node1)', 'transfer_epoch3(node0)', '~ep_epoch1(node0)', '~locked_epoch1(node1)']
575     : -0-----------0-1---------1
575     : ['locked_epoch2(node1)', 'transfer_epoch3(node1)', '~ep_epoch1(node0)', '~locked_epoch1(node1)']
num_forall :   3
num_exists :   0
num_literals : 8
quantified form : forall NODE1,NODE0,NODE2. ~locked_epoch2(NODE0) | ~transfer_epoch3(NODE1) | ep_epoch1(NODE2) | locked_epoch1(NODE0) | ((NODE1 ~= NODE2 | NODE0 = NODE1) & (NODE0 ~= NODE1 | NODE0 = NODE2))
qcost : 11




=== Prime Orbit 210 =====================
size : 2
num_suborbits: 1
309 (*) : --0-00--------1-----------
309     : ['locked_epoch2(node0)', '~ep_epoch0(node1)', '~ep_epoch1(node1)', '~ep_epoch2(node0)']
310     : 00----0--------1----------
310     : ['locked_epoch2(node1)', '~ep_epoch0(node0)', '~ep_epoch1(node0)', '~ep_epoch2(node1)']
num_forall :   2
num_exists :   0
num_literals : 5
quantified form : forall NODE1,NODE0. ~locked_epoch2(NODE0) | ep_epoch0(NODE1) | ep_epoch1(NODE1) | ep_epoch2(NODE0) | NODE0 = NODE1
qcost : 7




=== Prime Orbit 211 =====================
size : 2
num_suborbits: 1
291 (*) : ----00-0------1-----------
291     : ['locked_epoch2(node0)', '~ep_epoch0(node1)', '~ep_epoch1(node1)', '~ep_epoch3(node1)']
292     : 00-0-----------1----------
292     : ['locked_epoch2(node1)', '~ep_epoch0(node0)', '~ep_epoch1(node0)', '~ep_epoch3(node0)']
num_forall :   2
num_exists :   0
num_literals : 5
quantified form : forall NODE1,NODE0. ~locked_epoch2(NODE0) | ep_epoch0(NODE1) | ep_epoch1(NODE1) | ep_epoch3(NODE1) | NODE0 = NODE1
qcost : 7




=== Prime Orbit 212 =====================
size : 2
num_suborbits: 1
313 (*) : ----00---0----1-----------
313     : ['locked_epoch2(node0)', '~ep_epoch0(node1)', '~ep_epoch1(node1)', '~held(node1)']
314     : 00------0------1----------
314     : ['locked_epoch2(node1)', '~ep_epoch0(node0)', '~ep_epoch1(node0)', '~held(node0)']
num_forall :   2
num_exists :   0
num_literals : 5
quantified form : forall NODE1,NODE0. ~locked_epoch2(NODE0) | ep_epoch0(NODE1) | ep_epoch1(NODE1) | held(NODE1) | NODE0 = NODE1
qcost : 7




=== Prime Orbit 213 =====================
size : 2
num_suborbits: 1
169 (*) : ----00--------1--0--------
169     : ['locked_epoch2(node0)', '~ep_epoch0(node1)', '~ep_epoch1(node1)', '~locked_epoch3(node1)']
170     : 00-------------10---------
170     : ['locked_epoch2(node1)', '~ep_epoch0(node0)', '~ep_epoch1(node0)', '~locked_epoch3(node0)']
num_forall :   2
num_exists :   0
num_literals : 5
quantified form : forall NODE1,NODE0. ~locked_epoch2(NODE0) | ep_epoch0(NODE1) | ep_epoch1(NODE1) | locked_epoch3(NODE1) | NODE0 = NODE1
qcost : 7




=== Prime Orbit 214 =====================
size : 2
num_suborbits: 1
311 (*) : --0-0--------01-----------
311     : ['locked_epoch2(node0)', '~ep_epoch0(node1)', '~ep_epoch2(node0)', '~locked_epoch1(node1)']
312     : 0-----0-----0--1----------
312     : ['locked_epoch2(node1)', '~ep_epoch0(node0)', '~ep_epoch2(node1)', '~locked_epoch1(node0)']
num_forall :   2
num_exists :   0
num_literals : 5
quantified form : forall NODE1,NODE0. ~locked_epoch2(NODE0) | ep_epoch0(NODE1) | ep_epoch2(NODE0) | locked_epoch1(NODE1) | NODE0 = NODE1
qcost : 7




=== Prime Orbit 215 =====================
size : 2
num_suborbits: 1
295 (*) : ----0--0-----01-----------
295     : ['locked_epoch2(node0)', '~ep_epoch0(node1)', '~ep_epoch3(node1)', '~locked_epoch1(node1)']
296     : 0--0--------0--1----------
296     : ['locked_epoch2(node1)', '~ep_epoch0(node0)', '~ep_epoch3(node0)', '~locked_epoch1(node0)']
num_forall :   2
num_exists :   0
num_literals : 5
quantified form : forall NODE1,NODE0. ~locked_epoch2(NODE0) | ep_epoch0(NODE1) | ep_epoch3(NODE1) | locked_epoch1(NODE1) | NODE0 = NODE1
qcost : 7




=== Prime Orbit 216 =====================
size : 2
num_suborbits: 1
315 (*) : ----0----0---01-----------
315     : ['locked_epoch2(node0)', '~ep_epoch0(node1)', '~held(node1)', '~locked_epoch1(node1)']
316     : 0-------0---0--1----------
316     : ['locked_epoch2(node1)', '~ep_epoch0(node0)', '~held(node0)', '~locked_epoch1(node0)']
num_forall :   2
num_exists :   0
num_literals : 5
quantified form : forall NODE1,NODE0. ~locked_epoch2(NODE0) | ep_epoch0(NODE1) | held(NODE1) | locked_epoch1(NODE1) | NODE0 = NODE1
qcost : 7




=== Prime Orbit 217 =====================
size : 2
num_suborbits: 1
171 (*) : ----0--------01--0--------
171     : ['locked_epoch2(node0)', '~ep_epoch0(node1)', '~locked_epoch1(node1)', '~locked_epoch3(node1)']
172     : 0-----------0--10---------
172     : ['locked_epoch2(node1)', '~ep_epoch0(node0)', '~locked_epoch1(node0)', '~locked_epoch3(node0)']
num_forall :   2
num_exists :   0
num_literals : 5
quantified form : forall NODE1,NODE0. ~locked_epoch2(NODE0) | ep_epoch0(NODE1) | locked_epoch1(NODE1) | locked_epoch3(NODE1) | NODE0 = NODE1
qcost : 7




=== Prime Orbit 218 =====================
size : 2
num_suborbits: 1
329 (*) : --0--0------0-1-----------
329     : ['locked_epoch2(node0)', '~ep_epoch1(node1)', '~ep_epoch2(node0)', '~locked_epoch1(node0)']
330     : -0----0------0-1----------
330     : ['locked_epoch2(node1)', '~ep_epoch1(node0)', '~ep_epoch2(node1)', '~locked_epoch1(node1)']
num_forall :   2
num_exists :   0
num_literals : 5
quantified form : forall NODE1,NODE0. ~locked_epoch2(NODE0) | ep_epoch1(NODE1) | ep_epoch2(NODE0) | locked_epoch1(NODE0) | NODE0 = NODE1
qcost : 7




=== Prime Orbit 219 =====================
size : 2
num_suborbits: 1
293 (*) : -----0-0----0-1-----------
293     : ['locked_epoch2(node0)', '~ep_epoch1(node1)', '~ep_epoch3(node1)', '~locked_epoch1(node0)']
294     : -0-0---------0-1----------
294     : ['locked_epoch2(node1)', '~ep_epoch1(node0)', '~ep_epoch3(node0)', '~locked_epoch1(node1)']
num_forall :   2
num_exists :   0
num_literals : 5
quantified form : forall NODE1,NODE0. ~locked_epoch2(NODE0) | ep_epoch1(NODE1) | ep_epoch3(NODE1) | locked_epoch1(NODE0) | NODE0 = NODE1
qcost : 7




=== Prime Orbit 220 =====================
size : 2
num_suborbits: 1
331 (*) : -----0---0--0-1-----------
331     : ['locked_epoch2(node0)', '~ep_epoch1(node1)', '~held(node1)', '~locked_epoch1(node0)']
332     : -0------0----0-1----------
332     : ['locked_epoch2(node1)', '~ep_epoch1(node0)', '~held(node0)', '~locked_epoch1(node1)']
num_forall :   2
num_exists :   0
num_literals : 5
quantified form : forall NODE1,NODE0. ~locked_epoch2(NODE0) | ep_epoch1(NODE1) | held(NODE1) | locked_epoch1(NODE0) | NODE0 = NODE1
qcost : 7




=== Prime Orbit 221 =====================
size : 2
num_suborbits: 1
339 (*) : -----0------0-1--0--------
339     : ['locked_epoch2(node0)', '~ep_epoch1(node1)', '~locked_epoch1(node0)', '~locked_epoch3(node1)']
340     : -0-----------0-10---------
340     : ['locked_epoch2(node1)', '~ep_epoch1(node0)', '~locked_epoch1(node1)', '~locked_epoch3(node0)']
num_forall :   2
num_exists :   0
num_literals : 5
quantified form : forall NODE1,NODE0. ~locked_epoch2(NODE0) | ep_epoch1(NODE1) | locked_epoch1(NODE0) | locked_epoch3(NODE1) | NODE0 = NODE1
qcost : 7




=== Prime Orbit 222 =====================
size : 2
num_suborbits: 1
187 (*) : ----000---------1---------
187     : ['locked_epoch3(node0)', '~ep_epoch0(node1)', '~ep_epoch1(node1)', '~ep_epoch2(node1)']
188     : 000--------------1--------
188     : ['locked_epoch3(node1)', '~ep_epoch0(node0)', '~ep_epoch1(node0)', '~ep_epoch2(node0)']
num_forall :   2
num_exists :   0
num_literals : 5
quantified form : forall NODE1,NODE0. ~locked_epoch3(NODE0) | ep_epoch0(NODE1) | ep_epoch1(NODE1) | ep_epoch2(NODE1) | NODE0 = NODE1
qcost : 7




=== Prime Orbit 223 =====================
size : 2
num_suborbits: 1
197 (*) : ----00---------01---------
197     : ['locked_epoch3(node0)', '~ep_epoch0(node1)', '~ep_epoch1(node1)', '~locked_epoch2(node1)']
198     : 00------------0--1--------
198     : ['locked_epoch3(node1)', '~ep_epoch0(node0)', '~ep_epoch1(node0)', '~locked_epoch2(node0)']
num_forall :   2
num_exists :   0
num_literals : 5
quantified form : forall NODE1,NODE0. ~locked_epoch3(NODE0) | ep_epoch0(NODE1) | ep_epoch1(NODE1) | locked_epoch2(NODE1) | NODE0 = NODE1
qcost : 7




=== Prime Orbit 224 =====================
size : 2
num_suborbits: 1
229 (*) : ----0-0------0--1---------
229     : ['locked_epoch3(node0)', '~ep_epoch0(node1)', '~ep_epoch2(node1)', '~locked_epoch1(node1)']
230     : 0-0---------0----1--------
230     : ['locked_epoch3(node1)', '~ep_epoch0(node0)', '~ep_epoch2(node0)', '~locked_epoch1(node0)']
num_forall :   2
num_exists :   0
num_literals : 5
quantified form : forall NODE1,NODE0. ~locked_epoch3(NODE0) | ep_epoch0(NODE1) | ep_epoch2(NODE1) | locked_epoch1(NODE1) | NODE0 = NODE1
qcost : 7




=== Prime Orbit 225 =====================
size : 2
num_suborbits: 1
221 (*) : ----0--------0-01---------
221     : ['locked_epoch3(node0)', '~ep_epoch0(node1)', '~locked_epoch1(node1)', '~locked_epoch2(node1)']
222     : 0-----------0-0--1--------
222     : ['locked_epoch3(node1)', '~ep_epoch0(node0)', '~locked_epoch1(node0)', '~locked_epoch2(node0)']
num_forall :   2
num_exists :   0
num_literals : 5
quantified form : forall NODE1,NODE0. ~locked_epoch3(NODE0) | ep_epoch0(NODE1) | locked_epoch1(NODE1) | locked_epoch2(NODE1) | NODE0 = NODE1
qcost : 7




=== Prime Orbit 226 =====================
size : 2
num_suborbits: 1
259 (*) : -----00-----0---1---------
259     : ['locked_epoch3(node0)', '~ep_epoch1(node1)', '~ep_epoch2(node1)', '~locked_epoch1(node0)']
260     : -00----------0---1--------
260     : ['locked_epoch3(node1)', '~ep_epoch1(node0)', '~ep_epoch2(node0)', '~locked_epoch1(node1)']
num_forall :   2
num_exists :   0
num_literals : 5
quantified form : forall NODE1,NODE0. ~locked_epoch3(NODE0) | ep_epoch1(NODE1) | ep_epoch2(NODE1) | locked_epoch1(NODE0) | NODE0 = NODE1
qcost : 7




=== Prime Orbit 227 =====================
size : 2
num_suborbits: 1
249 (*) : -----0------0--01---------
249     : ['locked_epoch3(node0)', '~ep_epoch1(node1)', '~locked_epoch1(node0)', '~locked_epoch2(node1)']
250     : -0-----------00--1--------
250     : ['locked_epoch3(node1)', '~ep_epoch1(node0)', '~locked_epoch1(node1)', '~locked_epoch2(node0)']
num_forall :   2
num_exists :   0
num_literals : 5
quantified form : forall NODE1,NODE0. ~locked_epoch3(NODE0) | ep_epoch1(NODE1) | locked_epoch1(NODE0) | locked_epoch2(NODE1) | NODE0 = NODE1
qcost : 7




=== Prime Orbit 228 =====================
size : 4
num_suborbits: 2
498 (*) : 000---------------------1-
498     : ['transfer_epoch3(node0)', '~ep_epoch0(node0)', '~ep_epoch1(node0)', '~ep_epoch2(node0)']
552     : ----000-----------------1-
552     : ['transfer_epoch3(node0)', '~ep_epoch0(node1)', '~ep_epoch1(node1)', '~ep_epoch2(node1)']
551     : 000----------------------1
551     : ['transfer_epoch3(node1)', '~ep_epoch0(node0)', '~ep_epoch1(node0)', '~ep_epoch2(node0)']
497     : ----000------------------1
497     : ['transfer_epoch3(node1)', '~ep_epoch0(node1)', '~ep_epoch1(node1)', '~ep_epoch2(node1)']
num_forall :   2
num_exists :   0
num_literals : 4
quantified form : forall NODE1,NODE0. ~transfer_epoch3(NODE0) | ep_epoch0(NODE1) | ep_epoch1(NODE1) | ep_epoch2(NODE1)
qcost : 6




=== Prime Orbit 229 =====================
size : 4
num_suborbits: 2
496 (*) : 00------------0---------1-
496     : ['transfer_epoch3(node0)', '~ep_epoch0(node0)', '~ep_epoch1(node0)', '~locked_epoch2(node0)']
536     : ----00---------0--------1-
536     : ['transfer_epoch3(node0)', '~ep_epoch0(node1)', '~ep_epoch1(node1)', '~locked_epoch2(node1)']
535     : 00------------0----------1
535     : ['transfer_epoch3(node1)', '~ep_epoch0(node0)', '~ep_epoch1(node0)', '~locked_epoch2(node0)']
495     : ----00---------0---------1
495     : ['transfer_epoch3(node1)', '~ep_epoch0(node1)', '~ep_epoch1(node1)', '~locked_epoch2(node1)']
num_forall :   2
num_exists :   0
num_literals : 4
quantified form : forall NODE1,NODE0. ~transfer_epoch3(NODE0) | ep_epoch0(NODE1) | ep_epoch1(NODE1) | locked_epoch2(NODE1)
qcost : 6




=== Prime Orbit 230 =====================
size : 4
num_suborbits: 2
502 (*) : 0----0------0-----------1-
502     : ['transfer_epoch3(node0)', '~ep_epoch0(node0)', '~ep_epoch1(node1)', '~locked_epoch1(node0)']
510     : -0--0--------0----------1-
510     : ['transfer_epoch3(node0)', '~ep_epoch0(node1)', '~ep_epoch1(node0)', '~locked_epoch1(node1)']
509     : 0----0------0------------1
509     : ['transfer_epoch3(node1)', '~ep_epoch0(node0)', '~ep_epoch1(node1)', '~locked_epoch1(node0)']
501     : -0--0--------0-----------1
501     : ['transfer_epoch3(node1)', '~ep_epoch0(node1)', '~ep_epoch1(node0)', '~locked_epoch1(node1)']
num_forall :   3
num_exists :   0
num_literals : 8
quantified form : forall NODE1,NODE0,NODE2. ~transfer_epoch3(NODE0) | ep_epoch0(NODE1) | ep_epoch1(NODE2) | locked_epoch1(NODE1) | ((NODE0 ~= NODE1 | NODE0 = NODE2) & (NODE0 ~= NODE2 | NODE0 = NODE1))
qcost : 11




=== Prime Orbit 231 =====================
size : 4
num_suborbits: 2
504 (*) : 0-0---------0-----------1-
504     : ['transfer_epoch3(node0)', '~ep_epoch0(node0)', '~ep_epoch2(node0)', '~locked_epoch1(node0)']
548     : ----0-0------0----------1-
548     : ['transfer_epoch3(node0)', '~ep_epoch0(node1)', '~ep_epoch2(node1)', '~locked_epoch1(node1)']
547     : 0-0---------0------------1
547     : ['transfer_epoch3(node1)', '~ep_epoch0(node0)', '~ep_epoch2(node0)', '~locked_epoch1(node0)']
503     : ----0-0------0-----------1
503     : ['transfer_epoch3(node1)', '~ep_epoch0(node1)', '~ep_epoch2(node1)', '~locked_epoch1(node1)']
num_forall :   2
num_exists :   0
num_literals : 4
quantified form : forall NODE1,NODE0. ~transfer_epoch3(NODE0) | ep_epoch0(NODE1) | ep_epoch2(NODE1) | locked_epoch1(NODE1)
qcost : 6




=== Prime Orbit 232 =====================
size : 4
num_suborbits: 2
506 (*) : 0-----------0-0---------1-
506     : ['transfer_epoch3(node0)', '~ep_epoch0(node0)', '~locked_epoch1(node0)', '~locked_epoch2(node0)']
542     : ----0--------0-0--------1-
542     : ['transfer_epoch3(node0)', '~ep_epoch0(node1)', '~locked_epoch1(node1)', '~locked_epoch2(node1)']
541     : 0-----------0-0----------1
541     : ['transfer_epoch3(node1)', '~ep_epoch0(node0)', '~locked_epoch1(node0)', '~locked_epoch2(node0)']
505     : ----0--------0-0---------1
505     : ['transfer_epoch3(node1)', '~ep_epoch0(node1)', '~locked_epoch1(node1)', '~locked_epoch2(node1)']
num_forall :   2
num_exists :   0
num_literals : 4
quantified form : forall NODE1,NODE0. ~transfer_epoch3(NODE0) | ep_epoch0(NODE1) | locked_epoch1(NODE1) | locked_epoch2(NODE1)
qcost : 6




=== Prime Orbit 233 =====================
size : 4
num_suborbits: 2
512 (*) : -00----------0----------1-
512     : ['transfer_epoch3(node0)', '~ep_epoch1(node0)', '~ep_epoch2(node0)', '~locked_epoch1(node1)']
562     : -----00-----0-----------1-
562     : ['transfer_epoch3(node0)', '~ep_epoch1(node1)', '~ep_epoch2(node1)', '~locked_epoch1(node0)']
561     : -00----------0-----------1
561     : ['transfer_epoch3(node1)', '~ep_epoch1(node0)', '~ep_epoch2(node0)', '~locked_epoch1(node1)']
511     : -----00-----0------------1
511     : ['transfer_epoch3(node1)', '~ep_epoch1(node1)', '~ep_epoch2(node1)', '~locked_epoch1(node0)']
num_forall :   3
num_exists :   0
num_literals : 8
quantified form : forall NODE1,NODE0,NODE2. ~transfer_epoch3(NODE0) | ep_epoch1(NODE1) | ep_epoch2(NODE1) | locked_epoch1(NODE2) | ((NODE0 ~= NODE1 | NODE0 = NODE2) & (NODE0 ~= NODE2 | NODE0 = NODE1))
qcost : 11




=== Prime Orbit 234 =====================
size : 4
num_suborbits: 2
514 (*) : -0-----------00---------1-
514     : ['transfer_epoch3(node0)', '~ep_epoch1(node0)', '~locked_epoch1(node1)', '~locked_epoch2(node0)']
538     : -----0------0--0--------1-
538     : ['transfer_epoch3(node0)', '~ep_epoch1(node1)', '~locked_epoch1(node0)', '~locked_epoch2(node1)']
537     : -0-----------00----------1
537     : ['transfer_epoch3(node1)', '~ep_epoch1(node0)', '~locked_epoch1(node1)', '~locked_epoch2(node0)']
513     : -----0------0--0---------1
513     : ['transfer_epoch3(node1)', '~ep_epoch1(node1)', '~locked_epoch1(node0)', '~locked_epoch2(node1)']
num_forall :   3
num_exists :   0
num_literals : 8
quantified form : forall NODE1,NODE0,NODE2. ~transfer_epoch3(NODE0) | ep_epoch1(NODE1) | locked_epoch1(NODE2) | locked_epoch2(NODE1) | ((NODE0 ~= NODE1 | NODE0 = NODE2) & (NODE0 ~= NODE2 | NODE0 = NODE1))
qcost : 11




=== Prime Orbit 235 =====================
size : 2
num_suborbits: 1
182 (*) : 0000----------------------
182     : ['~ep_epoch0(node0)', '~ep_epoch1(node0)', '~ep_epoch2(node0)', '~ep_epoch3(node0)']
181     : ----0000------------------
181     : ['~ep_epoch0(node1)', '~ep_epoch1(node1)', '~ep_epoch2(node1)', '~ep_epoch3(node1)']
num_forall :   1
num_exists :   0
num_literals : 4
quantified form : forall NODE0. ep_epoch0(NODE0) | ep_epoch1(NODE0) | ep_epoch2(NODE0) | ep_epoch3(NODE0)
qcost : 5




=== Prime Orbit 236 =====================
size : 2
num_suborbits: 1
184 (*) : 000-----0-----------------
184     : ['~ep_epoch0(node0)', '~ep_epoch1(node0)', '~ep_epoch2(node0)', '~held(node0)']
183     : ----000--0----------------
183     : ['~ep_epoch0(node1)', '~ep_epoch1(node1)', '~ep_epoch2(node1)', '~held(node1)']
num_forall :   1
num_exists :   0
num_literals : 4
quantified form : forall NODE0. ep_epoch0(NODE0) | ep_epoch1(NODE0) | ep_epoch2(NODE0) | held(NODE0)
qcost : 5




=== Prime Orbit 237 =====================
size : 2
num_suborbits: 1
174 (*) : 000-------------0---------
174     : ['~ep_epoch0(node0)', '~ep_epoch1(node0)', '~ep_epoch2(node0)', '~locked_epoch3(node0)']
173     : ----000----------0--------
173     : ['~ep_epoch0(node1)', '~ep_epoch1(node1)', '~ep_epoch2(node1)', '~locked_epoch3(node1)']
num_forall :   1
num_exists :   0
num_literals : 4
quantified form : forall NODE0. ep_epoch0(NODE0) | ep_epoch1(NODE0) | ep_epoch2(NODE0) | locked_epoch3(NODE0)
qcost : 5




=== Prime Orbit 238 =====================
size : 2
num_suborbits: 1
192 (*) : 00-0----------0-----------
192     : ['~ep_epoch0(node0)', '~ep_epoch1(node0)', '~ep_epoch3(node0)', '~locked_epoch2(node0)']
191     : ----00-0-------0----------
191     : ['~ep_epoch0(node1)', '~ep_epoch1(node1)', '~ep_epoch3(node1)', '~locked_epoch2(node1)']
num_forall :   1
num_exists :   0
num_literals : 4
quantified form : forall NODE0. ep_epoch0(NODE0) | ep_epoch1(NODE0) | ep_epoch3(NODE0) | locked_epoch2(NODE0)
qcost : 5




=== Prime Orbit 239 =====================
size : 2
num_suborbits: 1
194 (*) : 00------0-----0-----------
194     : ['~ep_epoch0(node0)', '~ep_epoch1(node0)', '~held(node0)', '~locked_epoch2(node0)']
193     : ----00---0-----0----------
193     : ['~ep_epoch0(node1)', '~ep_epoch1(node1)', '~held(node1)', '~locked_epoch2(node1)']
num_forall :   1
num_exists :   0
num_literals : 4
quantified form : forall NODE0. ep_epoch0(NODE0) | ep_epoch1(NODE0) | held(NODE0) | locked_epoch2(NODE0)
qcost : 5




=== Prime Orbit 240 =====================
size : 2
num_suborbits: 1
176 (*) : 00------------0-0---------
176     : ['~ep_epoch0(node0)', '~ep_epoch1(node0)', '~locked_epoch2(node0)', '~locked_epoch3(node0)']
175     : ----00---------0-0--------
175     : ['~ep_epoch0(node1)', '~ep_epoch1(node1)', '~locked_epoch2(node1)', '~locked_epoch3(node1)']
num_forall :   1
num_exists :   0
num_literals : 4
quantified form : forall NODE0. ep_epoch0(NODE0) | ep_epoch1(NODE0) | locked_epoch2(NODE0) | locked_epoch3(NODE0)
qcost : 5




=== Prime Orbit 241 =====================
size : 2
num_suborbits: 1
204 (*) : 0-00--------0-------------
204     : ['~ep_epoch0(node0)', '~ep_epoch2(node0)', '~ep_epoch3(node0)', '~locked_epoch1(node0)']
203     : ----0-00-----0------------
203     : ['~ep_epoch0(node1)', '~ep_epoch2(node1)', '~ep_epoch3(node1)', '~locked_epoch1(node1)']
num_forall :   1
num_exists :   0
num_literals : 4
quantified form : forall NODE0. ep_epoch0(NODE0) | ep_epoch2(NODE0) | ep_epoch3(NODE0) | locked_epoch1(NODE0)
qcost : 5




=== Prime Orbit 242 =====================
size : 2
num_suborbits: 1
226 (*) : 0-0-----0---0-------------
226     : ['~ep_epoch0(node0)', '~ep_epoch2(node0)', '~held(node0)', '~locked_epoch1(node0)']
225     : ----0-0--0---0------------
225     : ['~ep_epoch0(node1)', '~ep_epoch2(node1)', '~held(node1)', '~locked_epoch1(node1)']
num_forall :   1
num_exists :   0
num_literals : 4
quantified form : forall NODE0. ep_epoch0(NODE0) | ep_epoch2(NODE0) | held(NODE0) | locked_epoch1(NODE0)
qcost : 5




=== Prime Orbit 243 =====================
size : 2
num_suborbits: 1
180 (*) : 0-0---------0---0---------
180     : ['~ep_epoch0(node0)', '~ep_epoch2(node0)', '~locked_epoch1(node0)', '~locked_epoch3(node0)']
179     : ----0-0------0---0--------
179     : ['~ep_epoch0(node1)', '~ep_epoch2(node1)', '~locked_epoch1(node1)', '~locked_epoch3(node1)']
num_forall :   1
num_exists :   0
num_literals : 4
quantified form : forall NODE0. ep_epoch0(NODE0) | ep_epoch2(NODE0) | locked_epoch1(NODE0) | locked_epoch3(NODE0)
qcost : 5




=== Prime Orbit 244 =====================
size : 2
num_suborbits: 1
208 (*) : 0--0--------0-0-----------
208     : ['~ep_epoch0(node0)', '~ep_epoch3(node0)', '~locked_epoch1(node0)', '~locked_epoch2(node0)']
207     : ----0--0-----0-0----------
207     : ['~ep_epoch0(node1)', '~ep_epoch3(node1)', '~locked_epoch1(node1)', '~locked_epoch2(node1)']
num_forall :   1
num_exists :   0
num_literals : 4
quantified form : forall NODE0. ep_epoch0(NODE0) | ep_epoch3(NODE0) | locked_epoch1(NODE0) | locked_epoch2(NODE0)
qcost : 5




=== Prime Orbit 245 =====================
size : 2
num_suborbits: 1
218 (*) : 0-------0---0-0-----------
218     : ['~ep_epoch0(node0)', '~held(node0)', '~locked_epoch1(node0)', '~locked_epoch2(node0)']
217     : ----0----0---0-0----------
217     : ['~ep_epoch0(node1)', '~held(node1)', '~locked_epoch1(node1)', '~locked_epoch2(node1)']
num_forall :   1
num_exists :   0
num_literals : 4
quantified form : forall NODE0. ep_epoch0(NODE0) | held(NODE0) | locked_epoch1(NODE0) | locked_epoch2(NODE0)
qcost : 5




=== Prime Orbit 246 =====================
size : 2
num_suborbits: 1
166 (*) : 0-----------0-0-0---------
166     : ['~ep_epoch0(node0)', '~locked_epoch1(node0)', '~locked_epoch2(node0)', '~locked_epoch3(node0)']
165     : ----0--------0-0-0--------
165     : ['~ep_epoch0(node1)', '~locked_epoch1(node1)', '~locked_epoch2(node1)', '~locked_epoch3(node1)']
num_forall :   1
num_exists :   0
num_literals : 4
quantified form : forall NODE0. ep_epoch0(NODE0) | locked_epoch1(NODE0) | locked_epoch2(NODE0) | locked_epoch3(NODE0)
qcost : 5




=== Prime Orbit 247 =====================
size : 2
num_suborbits: 1
244 (*) : -000---------0------------
244     : ['~ep_epoch1(node0)', '~ep_epoch2(node0)', '~ep_epoch3(node0)', '~locked_epoch1(node1)']
243     : -----000----0-------------
243     : ['~ep_epoch1(node1)', '~ep_epoch2(node1)', '~ep_epoch3(node1)', '~locked_epoch1(node0)']
num_forall :   2
num_exists :   0
num_literals : 5
quantified form : forall NODE1,NODE0. ep_epoch1(NODE0) | ep_epoch2(NODE0) | ep_epoch3(NODE0) | locked_epoch1(NODE1) | NODE0 = NODE1
qcost : 7




=== Prime Orbit 248 =====================
size : 2
num_suborbits: 1
256 (*) : -00-----0----0------------
256     : ['~ep_epoch1(node0)', '~ep_epoch2(node0)', '~held(node0)', '~locked_epoch1(node1)']
255     : -----00--0--0-------------
255     : ['~ep_epoch1(node1)', '~ep_epoch2(node1)', '~held(node1)', '~locked_epoch1(node0)']
num_forall :   2
num_exists :   0
num_literals : 5
quantified form : forall NODE1,NODE0. ep_epoch1(NODE0) | ep_epoch2(NODE0) | held(NODE0) | locked_epoch1(NODE1) | NODE0 = NODE1
qcost : 7




=== Prime Orbit 249 =====================
size : 2
num_suborbits: 1
264 (*) : -00----------0--0---------
264     : ['~ep_epoch1(node0)', '~ep_epoch2(node0)', '~locked_epoch1(node1)', '~locked_epoch3(node0)']
263     : -----00-----0----0--------
263     : ['~ep_epoch1(node1)', '~ep_epoch2(node1)', '~locked_epoch1(node0)', '~locked_epoch3(node1)']
num_forall :   2
num_exists :   0
num_literals : 5
quantified form : forall NODE1,NODE0. ep_epoch1(NODE0) | ep_epoch2(NODE0) | locked_epoch1(NODE1) | locked_epoch3(NODE0) | NODE0 = NODE1
qcost : 7




=== Prime Orbit 250 =====================
size : 2
num_suborbits: 1
242 (*) : -0-0---------00-----------
242     : ['~ep_epoch1(node0)', '~ep_epoch3(node0)', '~locked_epoch1(node1)', '~locked_epoch2(node0)']
241     : -----0-0----0--0----------
241     : ['~ep_epoch1(node1)', '~ep_epoch3(node1)', '~locked_epoch1(node0)', '~locked_epoch2(node1)']
num_forall :   2
num_exists :   0
num_literals : 5
quantified form : forall NODE1,NODE0. ep_epoch1(NODE0) | ep_epoch3(NODE0) | locked_epoch1(NODE1) | locked_epoch2(NODE0) | NODE0 = NODE1
qcost : 7




=== Prime Orbit 251 =====================
size : 2
num_suborbits: 1
246 (*) : -0------0----00-----------
246     : ['~ep_epoch1(node0)', '~held(node0)', '~locked_epoch1(node1)', '~locked_epoch2(node0)']
245     : -----0---0--0--0----------
245     : ['~ep_epoch1(node1)', '~held(node1)', '~locked_epoch1(node0)', '~locked_epoch2(node1)']
num_forall :   2
num_exists :   0
num_literals : 5
quantified form : forall NODE1,NODE0. ep_epoch1(NODE0) | held(NODE0) | locked_epoch1(NODE1) | locked_epoch2(NODE0) | NODE0 = NODE1
qcost : 7




=== Prime Orbit 252 =====================
size : 2
num_suborbits: 1
254 (*) : -0-----------00-0---------
254     : ['~ep_epoch1(node0)', '~locked_epoch1(node1)', '~locked_epoch2(node0)', '~locked_epoch3(node0)']
253     : -----0------0--0-0--------
253     : ['~ep_epoch1(node1)', '~locked_epoch1(node0)', '~locked_epoch2(node1)', '~locked_epoch3(node1)']
num_forall :   2
num_exists :   0
num_literals : 5
quantified form : forall NODE1,NODE0. ep_epoch1(NODE0) | locked_epoch1(NODE1) | locked_epoch2(NODE0) | locked_epoch3(NODE0) | NODE0 = NODE1
qcost : 7




=== Prime Orbit 253 =====================
size : 2
num_suborbits: 1
648 (*) : 1-----1--0--------------00
648     : ['ep_epoch0(node0)', 'ep_epoch2(node1)', '~held(node1)', '~transfer_epoch3(node0)', '~transfer_epoch3(node1)']
647     : --1-1---0---------------00
647     : ['ep_epoch0(node1)', 'ep_epoch2(node0)', '~held(node0)', '~transfer_epoch3(node0)', '~transfer_epoch3(node1)']
num_forall :   2
num_exists :   0
num_literals : 6
quantified form : forall NODE1,NODE0. ~ep_epoch0(NODE0) | ~ep_epoch2(NODE1) | held(NODE1) | transfer_epoch3(NODE0) | transfer_epoch3(NODE1) | NODE0 = NODE1
qcost : 8




=== Prime Orbit 254 =====================
size : 2
num_suborbits: 1
656 (*) : 1--------0-----1--------00
656     : ['ep_epoch0(node0)', 'locked_epoch2(node1)', '~held(node1)', '~transfer_epoch3(node0)', '~transfer_epoch3(node1)']
655     : ----1---0-----1---------00
655     : ['ep_epoch0(node1)', 'locked_epoch2(node0)', '~held(node0)', '~transfer_epoch3(node0)', '~transfer_epoch3(node1)']
num_forall :   2
num_exists :   0
num_literals : 6
quantified form : forall NODE1,NODE0. ~ep_epoch0(NODE0) | ~locked_epoch2(NODE1) | held(NODE1) | transfer_epoch3(NODE0) | transfer_epoch3(NODE1) | NODE0 = NODE1
qcost : 8




=== Prime Orbit 255 =====================
size : 2
num_suborbits: 1
581 (*) : 1----0---0--------------00
581     : ['ep_epoch0(node0)', '~ep_epoch1(node1)', '~held(node1)', '~transfer_epoch3(node0)', '~transfer_epoch3(node1)']
582     : -0--1---0---------------00
582     : ['ep_epoch0(node1)', '~ep_epoch1(node0)', '~held(node0)', '~transfer_epoch3(node0)', '~transfer_epoch3(node1)']
num_forall :   2
num_exists :   0
num_literals : 6
quantified form : forall NODE1,NODE0. ~ep_epoch0(NODE0) | ep_epoch1(NODE1) | held(NODE1) | transfer_epoch3(NODE0) | transfer_epoch3(NODE1) | NODE0 = NODE1
qcost : 8




=== Prime Orbit 256 =====================
size : 2
num_suborbits: 1
640 (*) : -1----1--0--------------00
640     : ['ep_epoch1(node0)', 'ep_epoch2(node1)', '~held(node1)', '~transfer_epoch3(node0)', '~transfer_epoch3(node1)']
639     : --1--1--0---------------00
639     : ['ep_epoch1(node1)', 'ep_epoch2(node0)', '~held(node0)', '~transfer_epoch3(node0)', '~transfer_epoch3(node1)']
num_forall :   2
num_exists :   0
num_literals : 6
quantified form : forall NODE1,NODE0. ~ep_epoch1(NODE0) | ~ep_epoch2(NODE1) | held(NODE1) | transfer_epoch3(NODE0) | transfer_epoch3(NODE1) | NODE0 = NODE1
qcost : 8




=== Prime Orbit 257 =====================
size : 2
num_suborbits: 1
638 (*) : -1-------0-----1--------00
638     : ['ep_epoch1(node0)', 'locked_epoch2(node1)', '~held(node1)', '~transfer_epoch3(node0)', '~transfer_epoch3(node1)']
637     : -----1--0-----1---------00
637     : ['ep_epoch1(node1)', 'locked_epoch2(node0)', '~held(node0)', '~transfer_epoch3(node0)', '~transfer_epoch3(node1)']
num_forall :   2
num_exists :   0
num_literals : 6
quantified form : forall NODE1,NODE0. ~ep_epoch1(NODE0) | ~locked_epoch2(NODE1) | held(NODE1) | transfer_epoch3(NODE0) | transfer_epoch3(NODE1) | NODE0 = NODE1
qcost : 8




=== Prime Orbit 258 =====================
size : 2
num_suborbits: 1
584 (*) : -1--0----0--------------00
584     : ['ep_epoch1(node0)', '~ep_epoch0(node1)', '~held(node1)', '~transfer_epoch3(node0)', '~transfer_epoch3(node1)']
583     : 0----1--0---------------00
583     : ['ep_epoch1(node1)', '~ep_epoch0(node0)', '~held(node0)', '~transfer_epoch3(node0)', '~transfer_epoch3(node1)']
num_forall :   2
num_exists :   0
num_literals : 6
quantified form : forall NODE1,NODE0. ~ep_epoch1(NODE0) | ep_epoch0(NODE1) | held(NODE1) | transfer_epoch3(NODE0) | transfer_epoch3(NODE1) | NODE0 = NODE1
qcost : 8




=== Prime Orbit 259 =====================
size : 2
num_suborbits: 1
641 (*) : --1----00---------------00
641     : ['ep_epoch2(node0)', '~ep_epoch3(node1)', '~held(node0)', '~transfer_epoch3(node0)', '~transfer_epoch3(node1)']
642     : ---0--1--0--------------00
642     : ['ep_epoch2(node1)', '~ep_epoch3(node0)', '~held(node1)', '~transfer_epoch3(node0)', '~transfer_epoch3(node1)']
num_forall :   2
num_exists :   0
num_literals : 6
quantified form : forall NODE1,NODE0. ~ep_epoch2(NODE0) | ep_epoch3(NODE1) | held(NODE0) | transfer_epoch3(NODE0) | transfer_epoch3(NODE1) | NODE0 = NODE1
qcost : 8




=== Prime Orbit 260 =====================
size : 2
num_suborbits: 1
645 (*) : --1-----00--------------00
645     : ['ep_epoch2(node0)', '~held(node0)', '~held(node1)', '~transfer_epoch3(node0)', '~transfer_epoch3(node1)']
646     : ------1-00--------------00
646     : ['ep_epoch2(node1)', '~held(node0)', '~held(node1)', '~transfer_epoch3(node0)', '~transfer_epoch3(node1)']
num_forall :   2
num_exists :   0
num_literals : 6
quantified form : forall NODE1,NODE0. ~ep_epoch2(NODE0) | held(NODE0) | held(NODE1) | transfer_epoch3(NODE0) | transfer_epoch3(NODE1) | NODE0 = NODE1
qcost : 8




=== Prime Orbit 261 =====================
size : 2
num_suborbits: 1
643 (*) : --1-----0--------0------00
643     : ['ep_epoch2(node0)', '~held(node0)', '~locked_epoch3(node1)', '~transfer_epoch3(node0)', '~transfer_epoch3(node1)']
644     : ------1--0------0-------00
644     : ['ep_epoch2(node1)', '~held(node1)', '~locked_epoch3(node0)', '~transfer_epoch3(node0)', '~transfer_epoch3(node1)']
num_forall :   2
num_exists :   0
num_literals : 6
quantified form : forall NODE1,NODE0. ~ep_epoch2(NODE0) | held(NODE0) | locked_epoch3(NODE1) | transfer_epoch3(NODE0) | transfer_epoch3(NODE1) | NODE0 = NODE1
qcost : 8




=== Prime Orbit 262 =====================
size : 2
num_suborbits: 1
594 (*) : -00-0-0-----1-------------
594     : ['locked_epoch1(node0)', '~ep_epoch0(node1)', '~ep_epoch1(node0)', '~ep_epoch2(node0)', '~ep_epoch2(node1)']
593     : 0-0--00------1------------
593     : ['locked_epoch1(node1)', '~ep_epoch0(node0)', '~ep_epoch1(node1)', '~ep_epoch2(node0)', '~ep_epoch2(node1)']
num_forall :   2
num_exists :   0
num_literals : 6
quantified form : forall NODE1,NODE0. ~locked_epoch1(NODE0) | ep_epoch0(NODE1) | ep_epoch1(NODE0) | ep_epoch2(NODE0) | ep_epoch2(NODE1) | NODE0 = NODE1
qcost : 8




=== Prime Orbit 263 =====================
size : 4
num_suborbits: 2
592 (*) : -00-0-------1--0----------
592     : ['locked_epoch1(node0)', '~ep_epoch0(node1)', '~ep_epoch1(node0)', '~ep_epoch2(node0)', '~locked_epoch2(node1)']
596     : -0--0-0-----1-0-----------
596     : ['locked_epoch1(node0)', '~ep_epoch0(node1)', '~ep_epoch1(node0)', '~ep_epoch2(node1)', '~locked_epoch2(node0)']
595     : 0-0--0-------1-0----------
595     : ['locked_epoch1(node1)', '~ep_epoch0(node0)', '~ep_epoch1(node1)', '~ep_epoch2(node0)', '~locked_epoch2(node1)']
591     : 0----00------10-----------
591     : ['locked_epoch1(node1)', '~ep_epoch0(node0)', '~ep_epoch1(node1)', '~ep_epoch2(node1)', '~locked_epoch2(node0)']
num_forall :   4
num_exists :   0
num_literals : 11
quantified form : forall NODE1,NODE0,NODE2,NODE3. ~locked_epoch1(NODE0) | ep_epoch0(NODE1) | ep_epoch1(NODE0) | ep_epoch2(NODE2) | locked_epoch2(NODE3) | ((NODE0 ~= NODE2 | NODE1 ~= NODE3 | NODE0 = NODE1) & (NODE0 ~= NODE3 | NODE1 ~= NODE2 | NODE0 = NODE1))
qcost : 15




=== Prime Orbit 264 =====================
size : 2
num_suborbits: 1
598 (*) : -0-00--0----1-------------
598     : ['locked_epoch1(node0)', '~ep_epoch0(node1)', '~ep_epoch1(node0)', '~ep_epoch3(node0)', '~ep_epoch3(node1)']
597     : 0--0-0-0-----1------------
597     : ['locked_epoch1(node1)', '~ep_epoch0(node0)', '~ep_epoch1(node1)', '~ep_epoch3(node0)', '~ep_epoch3(node1)']
num_forall :   2
num_exists :   0
num_literals : 6
quantified form : forall NODE1,NODE0. ~locked_epoch1(NODE0) | ep_epoch0(NODE1) | ep_epoch1(NODE0) | ep_epoch3(NODE0) | ep_epoch3(NODE1) | NODE0 = NODE1
qcost : 8




=== Prime Orbit 265 =====================
size : 4
num_suborbits: 2
602 (*) : -0-00----0--1-------------
602     : ['locked_epoch1(node0)', '~ep_epoch0(node1)', '~ep_epoch1(node0)', '~ep_epoch3(node0)', '~held(node1)']
612     : -0--0--00---1-------------
612     : ['locked_epoch1(node0)', '~ep_epoch0(node1)', '~ep_epoch1(node0)', '~ep_epoch3(node1)', '~held(node0)']
611     : 0--0-0---0---1------------
611     : ['locked_epoch1(node1)', '~ep_epoch0(node0)', '~ep_epoch1(node1)', '~ep_epoch3(node0)', '~held(node1)']
601     : 0----0-00----1------------
601     : ['locked_epoch1(node1)', '~ep_epoch0(node0)', '~ep_epoch1(node1)', '~ep_epoch3(node1)', '~held(node0)']
num_forall :   4
num_exists :   0
num_literals : 11
quantified form : forall NODE1,NODE0,NODE2,NODE3. ~locked_epoch1(NODE0) | ep_epoch0(NODE1) | ep_epoch1(NODE0) | ep_epoch3(NODE2) | held(NODE3) | ((NODE0 ~= NODE2 | NODE1 ~= NODE3 | NODE0 = NODE1) & (NODE0 ~= NODE3 | NODE1 ~= NODE2 | NODE0 = NODE1))
qcost : 15




=== Prime Orbit 266 =====================
size : 4
num_suborbits: 2
600 (*) : -0-00-------1----0--------
600     : ['locked_epoch1(node0)', '~ep_epoch0(node1)', '~ep_epoch1(node0)', '~ep_epoch3(node0)', '~locked_epoch3(node1)']
604     : -0--0--0----1---0---------
604     : ['locked_epoch1(node0)', '~ep_epoch0(node1)', '~ep_epoch1(node0)', '~ep_epoch3(node1)', '~locked_epoch3(node0)']
603     : 0--0-0-------1---0--------
603     : ['locked_epoch1(node1)', '~ep_epoch0(node0)', '~ep_epoch1(node1)', '~ep_epoch3(node0)', '~locked_epoch3(node1)']
599     : 0----0-0-----1--0---------
599     : ['locked_epoch1(node1)', '~ep_epoch0(node0)', '~ep_epoch1(node1)', '~ep_epoch3(node1)', '~locked_epoch3(node0)']
num_forall :   4
num_exists :   0
num_literals : 11
quantified form : forall NODE1,NODE0,NODE2,NODE3. ~locked_epoch1(NODE0) | ep_epoch0(NODE1) | ep_epoch1(NODE0) | ep_epoch3(NODE2) | locked_epoch3(NODE3) | ((NODE0 ~= NODE2 | NODE1 ~= NODE3 | NODE0 = NODE1) & (NODE0 ~= NODE3 | NODE1 ~= NODE2 | NODE0 = NODE1))
qcost : 15




=== Prime Orbit 267 =====================
size : 2
num_suborbits: 1
614 (*) : -0--0---00--1-------------
614     : ['locked_epoch1(node0)', '~ep_epoch0(node1)', '~ep_epoch1(node0)', '~held(node0)', '~held(node1)']
613     : 0----0--00---1------------
613     : ['locked_epoch1(node1)', '~ep_epoch0(node0)', '~ep_epoch1(node1)', '~held(node0)', '~held(node1)']
num_forall :   2
num_exists :   0
num_literals : 6
quantified form : forall NODE1,NODE0. ~locked_epoch1(NODE0) | ep_epoch0(NODE1) | ep_epoch1(NODE0) | held(NODE0) | held(NODE1) | NODE0 = NODE1
qcost : 8




=== Prime Orbit 268 =====================
size : 4
num_suborbits: 2
610 (*) : -0--0---0---1----0--------
610     : ['locked_epoch1(node0)', '~ep_epoch0(node1)', '~ep_epoch1(node0)', '~held(node0)', '~locked_epoch3(node1)']
608     : -0--0----0--1---0---------
608     : ['locked_epoch1(node0)', '~ep_epoch0(node1)', '~ep_epoch1(node0)', '~held(node1)', '~locked_epoch3(node0)']
607     : 0----0--0----1---0--------
607     : ['locked_epoch1(node1)', '~ep_epoch0(node0)', '~ep_epoch1(node1)', '~held(node0)', '~locked_epoch3(node1)']
609     : 0----0---0---1--0---------
609     : ['locked_epoch1(node1)', '~ep_epoch0(node0)', '~ep_epoch1(node1)', '~held(node1)', '~locked_epoch3(node0)']
num_forall :   4
num_exists :   0
num_literals : 11
quantified form : forall NODE1,NODE0,NODE2,NODE3. ~locked_epoch1(NODE0) | ep_epoch0(NODE1) | ep_epoch1(NODE0) | held(NODE2) | locked_epoch3(NODE3) | ((NODE0 ~= NODE3 | NODE1 ~= NODE2 | NODE0 = NODE1) & (NODE0 ~= NODE2 | NODE1 ~= NODE3 | NODE0 = NODE1))
qcost : 15




=== Prime Orbit 269 =====================
size : 2
num_suborbits: 1
586 (*) : -0--0-------1-00----------
586     : ['locked_epoch1(node0)', '~ep_epoch0(node1)', '~ep_epoch1(node0)', '~locked_epoch2(node0)', '~locked_epoch2(node1)']
585     : 0----0-------100----------
585     : ['locked_epoch1(node1)', '~ep_epoch0(node0)', '~ep_epoch1(node1)', '~locked_epoch2(node0)', '~locked_epoch2(node1)']
num_forall :   2
num_exists :   0
num_literals : 6
quantified form : forall NODE1,NODE0. ~locked_epoch1(NODE0) | ep_epoch0(NODE1) | ep_epoch1(NODE0) | locked_epoch2(NODE0) | locked_epoch2(NODE1) | NODE0 = NODE1
qcost : 8




=== Prime Orbit 270 =====================
size : 2
num_suborbits: 1
606 (*) : -0--0-------1---00--------
606     : ['locked_epoch1(node0)', '~ep_epoch0(node1)', '~ep_epoch1(node0)', '~locked_epoch3(node0)', '~locked_epoch3(node1)']
605     : 0----0-------1--00--------
605     : ['locked_epoch1(node1)', '~ep_epoch0(node0)', '~ep_epoch1(node1)', '~locked_epoch3(node0)', '~locked_epoch3(node1)']
num_forall :   2
num_exists :   0
num_literals : 6
quantified form : forall NODE1,NODE0. ~locked_epoch1(NODE0) | ep_epoch0(NODE1) | ep_epoch1(NODE0) | locked_epoch3(NODE0) | locked_epoch3(NODE1) | NODE0 = NODE1
qcost : 8




=== Prime Orbit 271 =====================
size : 2
num_suborbits: 1
653 (*) : -------00-----1---------00
653     : ['locked_epoch2(node0)', '~ep_epoch3(node1)', '~held(node0)', '~transfer_epoch3(node0)', '~transfer_epoch3(node1)']
654     : ---0-----0-----1--------00
654     : ['locked_epoch2(node1)', '~ep_epoch3(node0)', '~held(node1)', '~transfer_epoch3(node0)', '~transfer_epoch3(node1)']
num_forall :   2
num_exists :   0
num_literals : 6
quantified form : forall NODE1,NODE0. ~locked_epoch2(NODE0) | ep_epoch3(NODE1) | held(NODE0) | transfer_epoch3(NODE0) | transfer_epoch3(NODE1) | NODE0 = NODE1
qcost : 8




=== Prime Orbit 272 =====================
size : 2
num_suborbits: 1
649 (*) : --------00----1---------00
649     : ['locked_epoch2(node0)', '~held(node0)', '~held(node1)', '~transfer_epoch3(node0)', '~transfer_epoch3(node1)']
650     : --------00-----1--------00
650     : ['locked_epoch2(node1)', '~held(node0)', '~held(node1)', '~transfer_epoch3(node0)', '~transfer_epoch3(node1)']
num_forall :   2
num_exists :   0
num_literals : 6
quantified form : forall NODE1,NODE0. ~locked_epoch2(NODE0) | held(NODE0) | held(NODE1) | transfer_epoch3(NODE0) | transfer_epoch3(NODE1) | NODE0 = NODE1
qcost : 8




=== Prime Orbit 273 =====================
size : 2
num_suborbits: 1
651 (*) : --------0-----1--0------00
651     : ['locked_epoch2(node0)', '~held(node0)', '~locked_epoch3(node1)', '~transfer_epoch3(node0)', '~transfer_epoch3(node1)']
652     : ---------0-----10-------00
652     : ['locked_epoch2(node1)', '~held(node1)', '~locked_epoch3(node0)', '~transfer_epoch3(node0)', '~transfer_epoch3(node1)']
num_forall :   2
num_exists :   0
num_literals : 6
quantified form : forall NODE1,NODE0. ~locked_epoch2(NODE0) | held(NODE0) | locked_epoch3(NODE1) | transfer_epoch3(NODE0) | transfer_epoch3(NODE1) | NODE0 = NODE1
qcost : 8




=== Prime Orbit 274 =====================
size : 2
num_suborbits: 1
664 (*) : 00--00------------------1-
664     : ['transfer_epoch3(node0)', '~ep_epoch0(node0)', '~ep_epoch0(node1)', '~ep_epoch1(node0)', '~ep_epoch1(node1)']
663     : 00--00-------------------1
663     : ['transfer_epoch3(node1)', '~ep_epoch0(node0)', '~ep_epoch0(node1)', '~ep_epoch1(node0)', '~ep_epoch1(node1)']
num_forall :   2
num_exists :   0
num_literals : 6
quantified form : forall NODE1,NODE0. ~transfer_epoch3(NODE0) | ep_epoch0(NODE0) | ep_epoch0(NODE1) | ep_epoch1(NODE0) | ep_epoch1(NODE1) | NODE0 = NODE1
qcost : 8




=== Prime Orbit 275 =====================
size : 2
num_suborbits: 1
666 (*) : 0-0-0-0-----------------1-
666     : ['transfer_epoch3(node0)', '~ep_epoch0(node0)', '~ep_epoch0(node1)', '~ep_epoch2(node0)', '~ep_epoch2(node1)']
665     : 0-0-0-0------------------1
665     : ['transfer_epoch3(node1)', '~ep_epoch0(node0)', '~ep_epoch0(node1)', '~ep_epoch2(node0)', '~ep_epoch2(node1)']
num_forall :   2
num_exists :   0
num_literals : 6
quantified form : forall NODE1,NODE0. ~transfer_epoch3(NODE0) | ep_epoch0(NODE0) | ep_epoch0(NODE1) | ep_epoch2(NODE0) | ep_epoch2(NODE1) | NODE0 = NODE1
qcost : 8




=== Prime Orbit 276 =====================
size : 4
num_suborbits: 2
660 (*) : 0-0-0----------0--------1-
660     : ['transfer_epoch3(node0)', '~ep_epoch0(node0)', '~ep_epoch0(node1)', '~ep_epoch2(node0)', '~locked_epoch2(node1)']
662     : 0---0-0-------0---------1-
662     : ['transfer_epoch3(node0)', '~ep_epoch0(node0)', '~ep_epoch0(node1)', '~ep_epoch2(node1)', '~locked_epoch2(node0)']
661     : 0-0-0----------0---------1
661     : ['transfer_epoch3(node1)', '~ep_epoch0(node0)', '~ep_epoch0(node1)', '~ep_epoch2(node0)', '~locked_epoch2(node1)']
659     : 0---0-0-------0----------1
659     : ['transfer_epoch3(node1)', '~ep_epoch0(node0)', '~ep_epoch0(node1)', '~ep_epoch2(node1)', '~locked_epoch2(node0)']
num_forall :   4
num_exists :   0
num_literals : 11
quantified form : forall NODE1,NODE0,NODE2,NODE3. ~transfer_epoch3(NODE0) | ep_epoch0(NODE0) | ep_epoch0(NODE1) | ep_epoch2(NODE2) | locked_epoch2(NODE3) | ((NODE0 ~= NODE2 | NODE1 ~= NODE3 | NODE0 = NODE1) & (NODE0 ~= NODE3 | NODE1 ~= NODE2 | NODE0 = NODE1))
qcost : 15




=== Prime Orbit 277 =====================
size : 2
num_suborbits: 1
658 (*) : 0---0---------00--------1-
658     : ['transfer_epoch3(node0)', '~ep_epoch0(node0)', '~ep_epoch0(node1)', '~locked_epoch2(node0)', '~locked_epoch2(node1)']
657     : 0---0---------00---------1
657     : ['transfer_epoch3(node1)', '~ep_epoch0(node0)', '~ep_epoch0(node1)', '~locked_epoch2(node0)', '~locked_epoch2(node1)']
num_forall :   2
num_exists :   0
num_literals : 6
quantified form : forall NODE1,NODE0. ~transfer_epoch3(NODE0) | ep_epoch0(NODE0) | ep_epoch0(NODE1) | locked_epoch2(NODE0) | locked_epoch2(NODE1) | NODE0 = NODE1
qcost : 8




=== Prime Orbit 278 =====================
size : 2
num_suborbits: 1
668 (*) : -00--00-----------------1-
668     : ['transfer_epoch3(node0)', '~ep_epoch1(node0)', '~ep_epoch1(node1)', '~ep_epoch2(node0)', '~ep_epoch2(node1)']
667     : -00--00------------------1
667     : ['transfer_epoch3(node1)', '~ep_epoch1(node0)', '~ep_epoch1(node1)', '~ep_epoch2(node0)', '~ep_epoch2(node1)']
num_forall :   2
num_exists :   0
num_literals : 6
quantified form : forall NODE1,NODE0. ~transfer_epoch3(NODE0) | ep_epoch1(NODE0) | ep_epoch1(NODE1) | ep_epoch2(NODE0) | ep_epoch2(NODE1) | NODE0 = NODE1
qcost : 8




=== Prime Orbit 279 =====================
size : 4
num_suborbits: 2
674 (*) : -00--0---------0--------1-
674     : ['transfer_epoch3(node0)', '~ep_epoch1(node0)', '~ep_epoch1(node1)', '~ep_epoch2(node0)', '~locked_epoch2(node1)']
670     : -0---00-------0---------1-
670     : ['transfer_epoch3(node0)', '~ep_epoch1(node0)', '~ep_epoch1(node1)', '~ep_epoch2(node1)', '~locked_epoch2(node0)']
669     : -00--0---------0---------1
669     : ['transfer_epoch3(node1)', '~ep_epoch1(node0)', '~ep_epoch1(node1)', '~ep_epoch2(node0)', '~locked_epoch2(node1)']
673     : -0---00-------0----------1
673     : ['transfer_epoch3(node1)', '~ep_epoch1(node0)', '~ep_epoch1(node1)', '~ep_epoch2(node1)', '~locked_epoch2(node0)']
num_forall :   4
num_exists :   0
num_literals : 11
quantified form : forall NODE1,NODE0,NODE2,NODE3. ~transfer_epoch3(NODE0) | ep_epoch1(NODE0) | ep_epoch1(NODE1) | ep_epoch2(NODE2) | locked_epoch2(NODE3) | ((NODE0 ~= NODE3 | NODE1 ~= NODE2 | NODE0 = NODE1) & (NODE0 ~= NODE2 | NODE1 ~= NODE3 | NODE0 = NODE1))
qcost : 15




=== Prime Orbit 280 =====================
size : 2
num_suborbits: 1
672 (*) : -0---0--------00--------1-
672     : ['transfer_epoch3(node0)', '~ep_epoch1(node0)', '~ep_epoch1(node1)', '~locked_epoch2(node0)', '~locked_epoch2(node1)']
671     : -0---0--------00---------1
671     : ['transfer_epoch3(node1)', '~ep_epoch1(node0)', '~ep_epoch1(node1)', '~locked_epoch2(node0)', '~locked_epoch2(node1)']
num_forall :   2
num_exists :   0
num_literals : 6
quantified form : forall NODE1,NODE0. ~transfer_epoch3(NODE0) | ep_epoch1(NODE0) | ep_epoch1(NODE1) | locked_epoch2(NODE0) | locked_epoch2(NODE1) | NODE0 = NODE1
qcost : 8




=== Prime Orbit 281 =====================
size : 2
num_suborbits: 1
621 (*) : 0-0--00-----0-------------
621     : ['~ep_epoch0(node0)', '~ep_epoch1(node1)', '~ep_epoch2(node0)', '~ep_epoch2(node1)', '~locked_epoch1(node0)']
622     : -00-0-0------0------------
622     : ['~ep_epoch0(node1)', '~ep_epoch1(node0)', '~ep_epoch2(node0)', '~ep_epoch2(node1)', '~locked_epoch1(node1)']
num_forall :   2
num_exists :   0
num_literals : 6
quantified form : forall NODE1,NODE0. ep_epoch0(NODE0) | ep_epoch1(NODE1) | ep_epoch2(NODE0) | ep_epoch2(NODE1) | locked_epoch1(NODE0) | NODE0 = NODE1
qcost : 8




=== Prime Orbit 282 =====================
size : 4
num_suborbits: 2
635 (*) : 0-0--0------0--0----------
635     : ['~ep_epoch0(node0)', '~ep_epoch1(node1)', '~ep_epoch2(node0)', '~locked_epoch1(node0)', '~locked_epoch2(node1)']
589     : 0----00-----0-0-----------
589     : ['~ep_epoch0(node0)', '~ep_epoch1(node1)', '~ep_epoch2(node1)', '~locked_epoch1(node0)', '~locked_epoch2(node0)']
590     : -00-0--------0-0----------
590     : ['~ep_epoch0(node1)', '~ep_epoch1(node0)', '~ep_epoch2(node0)', '~locked_epoch1(node1)', '~locked_epoch2(node1)']
636     : -0--0-0------00-----------
636     : ['~ep_epoch0(node1)', '~ep_epoch1(node0)', '~ep_epoch2(node1)', '~locked_epoch1(node1)', '~locked_epoch2(node0)']
num_forall :   4
num_exists :   0
num_literals : 11
quantified form : forall NODE1,NODE0,NODE2,NODE3. ep_epoch0(NODE0) | ep_epoch1(NODE1) | ep_epoch2(NODE2) | locked_epoch1(NODE0) | locked_epoch2(NODE3) | ((NODE0 ~= NODE3 | NODE1 ~= NODE2 | NODE0 = NODE1) & (NODE0 ~= NODE2 | NODE1 ~= NODE3 | NODE0 = NODE1))
qcost : 15




=== Prime Orbit 283 =====================
size : 2
num_suborbits: 1
627 (*) : 0--0-0-0----0-------------
627     : ['~ep_epoch0(node0)', '~ep_epoch1(node1)', '~ep_epoch3(node0)', '~ep_epoch3(node1)', '~locked_epoch1(node0)']
628     : -0-00--0-----0------------
628     : ['~ep_epoch0(node1)', '~ep_epoch1(node0)', '~ep_epoch3(node0)', '~ep_epoch3(node1)', '~locked_epoch1(node1)']
num_forall :   2
num_exists :   0
num_literals : 6
quantified form : forall NODE1,NODE0. ep_epoch0(NODE0) | ep_epoch1(NODE1) | ep_epoch3(NODE0) | ep_epoch3(NODE1) | locked_epoch1(NODE0) | NODE0 = NODE1
qcost : 8




=== Prime Orbit 284 =====================
size : 4
num_suborbits: 2
619 (*) : 0--0-0---0--0-------------
619     : ['~ep_epoch0(node0)', '~ep_epoch1(node1)', '~ep_epoch3(node0)', '~held(node1)', '~locked_epoch1(node0)']
625     : 0----0-00---0-------------
625     : ['~ep_epoch0(node0)', '~ep_epoch1(node1)', '~ep_epoch3(node1)', '~held(node0)', '~locked_epoch1(node0)']
626     : -0-00----0---0------------
626     : ['~ep_epoch0(node1)', '~ep_epoch1(node0)', '~ep_epoch3(node0)', '~held(node1)', '~locked_epoch1(node1)']
620     : -0--0--00----0------------
620     : ['~ep_epoch0(node1)', '~ep_epoch1(node0)', '~ep_epoch3(node1)', '~held(node0)', '~locked_epoch1(node1)']
num_forall :   4
num_exists :   0
num_literals : 11
quantified form : forall NODE1,NODE0,NODE2,NODE3. ep_epoch0(NODE0) | ep_epoch1(NODE1) | ep_epoch3(NODE2) | held(NODE3) | locked_epoch1(NODE0) | ((NODE0 ~= NODE2 | NODE1 ~= NODE3 | NODE0 = NODE1) & (NODE0 ~= NODE3 | NODE1 ~= NODE2 | NODE0 = NODE1))
qcost : 15




=== Prime Orbit 285 =====================
size : 4
num_suborbits: 2
633 (*) : 0--0-0------0----0--------
633     : ['~ep_epoch0(node0)', '~ep_epoch1(node1)', '~ep_epoch3(node0)', '~locked_epoch1(node0)', '~locked_epoch3(node1)']
623     : 0----0-0----0---0---------
623     : ['~ep_epoch0(node0)', '~ep_epoch1(node1)', '~ep_epoch3(node1)', '~locked_epoch1(node0)', '~locked_epoch3(node0)']
624     : -0-00--------0---0--------
624     : ['~ep_epoch0(node1)', '~ep_epoch1(node0)', '~ep_epoch3(node0)', '~locked_epoch1(node1)', '~locked_epoch3(node1)']
634     : -0--0--0-----0--0---------
634     : ['~ep_epoch0(node1)', '~ep_epoch1(node0)', '~ep_epoch3(node1)', '~locked_epoch1(node1)', '~locked_epoch3(node0)']
num_forall :   4
num_exists :   0
num_literals : 11
quantified form : forall NODE1,NODE0,NODE2,NODE3. ep_epoch0(NODE0) | ep_epoch1(NODE1) | ep_epoch3(NODE2) | locked_epoch1(NODE0) | locked_epoch3(NODE3) | ((NODE0 ~= NODE3 | NODE1 ~= NODE2 | NODE0 = NODE1) & (NODE0 ~= NODE2 | NODE1 ~= NODE3 | NODE0 = NODE1))
qcost : 15




=== Prime Orbit 286 =====================
size : 2
num_suborbits: 1
617 (*) : 0----0--00--0-------------
617     : ['~ep_epoch0(node0)', '~ep_epoch1(node1)', '~held(node0)', '~held(node1)', '~locked_epoch1(node0)']
618     : -0--0---00---0------------
618     : ['~ep_epoch0(node1)', '~ep_epoch1(node0)', '~held(node0)', '~held(node1)', '~locked_epoch1(node1)']
num_forall :   2
num_exists :   0
num_literals : 6
quantified form : forall NODE1,NODE0. ep_epoch0(NODE0) | ep_epoch1(NODE1) | held(NODE0) | held(NODE1) | locked_epoch1(NODE0) | NODE0 = NODE1
qcost : 8




=== Prime Orbit 287 =====================
size : 4
num_suborbits: 2
631 (*) : 0----0--0---0----0--------
631     : ['~ep_epoch0(node0)', '~ep_epoch1(node1)', '~held(node0)', '~locked_epoch1(node0)', '~locked_epoch3(node1)']
615     : 0----0---0--0---0---------
615     : ['~ep_epoch0(node0)', '~ep_epoch1(node1)', '~held(node1)', '~locked_epoch1(node0)', '~locked_epoch3(node0)']
616     : -0--0---0----0---0--------
616     : ['~ep_epoch0(node1)', '~ep_epoch1(node0)', '~held(node0)', '~locked_epoch1(node1)', '~locked_epoch3(node1)']
632     : -0--0----0---0--0---------
632     : ['~ep_epoch0(node1)', '~ep_epoch1(node0)', '~held(node1)', '~locked_epoch1(node1)', '~locked_epoch3(node0)']
num_forall :   4
num_exists :   0
num_literals : 11
quantified form : forall NODE1,NODE0,NODE2,NODE3. ep_epoch0(NODE0) | ep_epoch1(NODE1) | held(NODE2) | locked_epoch1(NODE0) | locked_epoch3(NODE3) | ((NODE0 ~= NODE3 | NODE1 ~= NODE2 | NODE0 = NODE1) & (NODE0 ~= NODE2 | NODE1 ~= NODE3 | NODE0 = NODE1))
qcost : 15




=== Prime Orbit 288 =====================
size : 2
num_suborbits: 1
587 (*) : 0----0------0-00----------
587     : ['~ep_epoch0(node0)', '~ep_epoch1(node1)', '~locked_epoch1(node0)', '~locked_epoch2(node0)', '~locked_epoch2(node1)']
588     : -0--0--------000----------
588     : ['~ep_epoch0(node1)', '~ep_epoch1(node0)', '~locked_epoch1(node1)', '~locked_epoch2(node0)', '~locked_epoch2(node1)']
num_forall :   2
num_exists :   0
num_literals : 6
quantified form : forall NODE1,NODE0. ep_epoch0(NODE0) | ep_epoch1(NODE1) | locked_epoch1(NODE0) | locked_epoch2(NODE0) | locked_epoch2(NODE1) | NODE0 = NODE1
qcost : 8




=== Prime Orbit 289 =====================
size : 2
num_suborbits: 1
629 (*) : 0----0------0---00--------
629     : ['~ep_epoch0(node0)', '~ep_epoch1(node1)', '~locked_epoch1(node0)', '~locked_epoch3(node0)', '~locked_epoch3(node1)']
630     : -0--0--------0--00--------
630     : ['~ep_epoch0(node1)', '~ep_epoch1(node0)', '~locked_epoch1(node1)', '~locked_epoch3(node0)', '~locked_epoch3(node1)']
num_forall :   2
num_exists :   0
num_literals : 6
quantified form : forall NODE1,NODE0. ep_epoch0(NODE0) | ep_epoch1(NODE1) | locked_epoch1(NODE0) | locked_epoch3(NODE0) | locked_epoch3(NODE1) | NODE0 = NODE1
qcost : 8




=== Prime Orbit 290 =====================
size : 2
num_suborbits: 1
785 (*) : 1--------0------------0000
785     : ['ep_epoch0(node0)', '~held(node1)', '~transfer_epoch2(node0)', '~transfer_epoch2(node1)', '~transfer_epoch3(node0)', '~transfer_epoch3(node1)']
786     : ----1---0-------------0000
786     : ['ep_epoch0(node1)', '~held(node0)', '~transfer_epoch2(node0)', '~transfer_epoch2(node1)', '~transfer_epoch3(node0)', '~transfer_epoch3(node1)']
num_forall :   2
num_exists :   0
num_literals : 7
quantified form : forall NODE1,NODE0. ~ep_epoch0(NODE0) | held(NODE1) | transfer_epoch2(NODE0) | transfer_epoch2(NODE1) | transfer_epoch3(NODE0) | transfer_epoch3(NODE1) | NODE0 = NODE1
qcost : 9




=== Prime Orbit 291 =====================
size : 2
num_suborbits: 1
764 (*) : ---00----0--1-----------00
764     : ['locked_epoch1(node0)', '~ep_epoch0(node1)', '~ep_epoch3(node0)', '~held(node1)', '~transfer_epoch3(node0)', '~transfer_epoch3(node1)']
765     : 0------00----1----------00
765     : ['locked_epoch1(node1)', '~ep_epoch0(node0)', '~ep_epoch3(node1)', '~held(node0)', '~transfer_epoch3(node0)', '~transfer_epoch3(node1)']
num_forall :   2
num_exists :   0
num_literals : 7
quantified form : forall NODE1,NODE0. ~locked_epoch1(NODE0) | ep_epoch0(NODE1) | ep_epoch3(NODE0) | held(NODE1) | transfer_epoch3(NODE0) | transfer_epoch3(NODE1) | NODE0 = NODE1
qcost : 9




=== Prime Orbit 292 =====================
size : 2
num_suborbits: 1
762 (*) : ----0---00--1-----------00
762     : ['locked_epoch1(node0)', '~ep_epoch0(node1)', '~held(node0)', '~held(node1)', '~transfer_epoch3(node0)', '~transfer_epoch3(node1)']
763     : 0-------00---1----------00
763     : ['locked_epoch1(node1)', '~ep_epoch0(node0)', '~held(node0)', '~held(node1)', '~transfer_epoch3(node0)', '~transfer_epoch3(node1)']
num_forall :   2
num_exists :   0
num_literals : 7
quantified form : forall NODE1,NODE0. ~locked_epoch1(NODE0) | ep_epoch0(NODE1) | held(NODE0) | held(NODE1) | transfer_epoch3(NODE0) | transfer_epoch3(NODE1) | NODE0 = NODE1
qcost : 9




=== Prime Orbit 293 =====================
size : 2
num_suborbits: 1
760 (*) : ----0----0--1---0-------00
760     : ['locked_epoch1(node0)', '~ep_epoch0(node1)', '~held(node1)', '~locked_epoch3(node0)', '~transfer_epoch3(node0)', '~transfer_epoch3(node1)']
761     : 0-------0----1---0------00
761     : ['locked_epoch1(node1)', '~ep_epoch0(node0)', '~held(node0)', '~locked_epoch3(node1)', '~transfer_epoch3(node0)', '~transfer_epoch3(node1)']
num_forall :   2
num_exists :   0
num_literals : 7
quantified form : forall NODE1,NODE0. ~locked_epoch1(NODE0) | ep_epoch0(NODE1) | held(NODE1) | locked_epoch3(NODE0) | transfer_epoch3(NODE0) | transfer_epoch3(NODE1) | NODE0 = NODE1
qcost : 9




=== Prime Orbit 294 =====================
size : 2
num_suborbits: 1
770 (*) : -0-----00---1-----------00
770     : ['locked_epoch1(node0)', '~ep_epoch1(node0)', '~ep_epoch3(node1)', '~held(node0)', '~transfer_epoch3(node0)', '~transfer_epoch3(node1)']
771     : ---0-0---0---1----------00
771     : ['locked_epoch1(node1)', '~ep_epoch1(node1)', '~ep_epoch3(node0)', '~held(node1)', '~transfer_epoch3(node0)', '~transfer_epoch3(node1)']
num_forall :   2
num_exists :   0
num_literals : 7
quantified form : forall NODE1,NODE0. ~locked_epoch1(NODE0) | ep_epoch1(NODE0) | ep_epoch3(NODE1) | held(NODE0) | transfer_epoch3(NODE0) | transfer_epoch3(NODE1) | NODE0 = NODE1
qcost : 9




=== Prime Orbit 295 =====================
size : 2
num_suborbits: 1
766 (*) : -0------00--1-----------00
766     : ['locked_epoch1(node0)', '~ep_epoch1(node0)', '~held(node0)', '~held(node1)', '~transfer_epoch3(node0)', '~transfer_epoch3(node1)']
767     : -----0--00---1----------00
767     : ['locked_epoch1(node1)', '~ep_epoch1(node1)', '~held(node0)', '~held(node1)', '~transfer_epoch3(node0)', '~transfer_epoch3(node1)']
num_forall :   2
num_exists :   0
num_literals : 7
quantified form : forall NODE1,NODE0. ~locked_epoch1(NODE0) | ep_epoch1(NODE0) | held(NODE0) | held(NODE1) | transfer_epoch3(NODE0) | transfer_epoch3(NODE1) | NODE0 = NODE1
qcost : 9




=== Prime Orbit 296 =====================
size : 2
num_suborbits: 1
768 (*) : -0------0---1----0------00
768     : ['locked_epoch1(node0)', '~ep_epoch1(node0)', '~held(node0)', '~locked_epoch3(node1)', '~transfer_epoch3(node0)', '~transfer_epoch3(node1)']
769     : -----0---0---1--0-------00
769     : ['locked_epoch1(node1)', '~ep_epoch1(node1)', '~held(node1)', '~locked_epoch3(node0)', '~transfer_epoch3(node0)', '~transfer_epoch3(node1)']
num_forall :   2
num_exists :   0
num_literals : 7
quantified form : forall NODE1,NODE0. ~locked_epoch1(NODE0) | ep_epoch1(NODE0) | held(NODE0) | locked_epoch3(NODE1) | transfer_epoch3(NODE0) | transfer_epoch3(NODE1) | NODE0 = NODE1
qcost : 9




=== Prime Orbit 297 =====================
size : 1
num_suborbits: 1
750 (*) : 000-000-------------------
750     : ['~ep_epoch0(node0)', '~ep_epoch0(node1)', '~ep_epoch1(node0)', '~ep_epoch1(node1)', '~ep_epoch2(node0)', '~ep_epoch2(node1)']
num_forall :   0
num_exists :   1
num_literals : 3
quantified form : exists NODE0. ep_epoch0(NODE0) | ep_epoch1(NODE0) | ep_epoch2(NODE0)
qcost : 4




=== Prime Orbit 298 =====================
size : 2
num_suborbits: 1
702 (*) : 000-00---------0----------
702     : ['~ep_epoch0(node0)', '~ep_epoch0(node1)', '~ep_epoch1(node0)', '~ep_epoch1(node1)', '~ep_epoch2(node0)', '~locked_epoch2(node1)']
703     : 00--000-------0-----------
703     : ['~ep_epoch0(node0)', '~ep_epoch0(node1)', '~ep_epoch1(node0)', '~ep_epoch1(node1)', '~ep_epoch2(node1)', '~locked_epoch2(node0)']
num_forall :   2
num_exists :   0
num_literals : 7
quantified form : forall NODE1,NODE0. ep_epoch0(NODE0) | ep_epoch0(NODE1) | ep_epoch1(NODE0) | ep_epoch1(NODE1) | ep_epoch2(NODE0) | locked_epoch2(NODE1) | NODE0 = NODE1
qcost : 9




=== Prime Orbit 299 =====================
size : 1
num_suborbits: 1
758 (*) : 00-000-0------------------
758     : ['~ep_epoch0(node0)', '~ep_epoch0(node1)', '~ep_epoch1(node0)', '~ep_epoch1(node1)', '~ep_epoch3(node0)', '~ep_epoch3(node1)']
num_forall :   0
num_exists :   1
num_literals : 3
quantified form : exists NODE0. ep_epoch0(NODE0) | ep_epoch1(NODE0) | ep_epoch3(NODE0)
qcost : 4




=== Prime Orbit 300 =====================
size : 2
num_suborbits: 1
757 (*) : 00-000---0----------------
757     : ['~ep_epoch0(node0)', '~ep_epoch0(node1)', '~ep_epoch1(node0)', '~ep_epoch1(node1)', '~ep_epoch3(node0)', '~held(node1)']
756     : 00--00-00-----------------
756     : ['~ep_epoch0(node0)', '~ep_epoch0(node1)', '~ep_epoch1(node0)', '~ep_epoch1(node1)', '~ep_epoch3(node1)', '~held(node0)']
num_forall :   2
num_exists :   0
num_literals : 7
quantified form : forall NODE1,NODE0. ep_epoch0(NODE0) | ep_epoch0(NODE1) | ep_epoch1(NODE0) | ep_epoch1(NODE1) | ep_epoch3(NODE1) | held(NODE0) | NODE0 = NODE1
qcost : 9




=== Prime Orbit 301 =====================
size : 2
num_suborbits: 1
754 (*) : 00-000-----------0--------
754     : ['~ep_epoch0(node0)', '~ep_epoch0(node1)', '~ep_epoch1(node0)', '~ep_epoch1(node1)', '~ep_epoch3(node0)', '~locked_epoch3(node1)']
755     : 00--00-0--------0---------
755     : ['~ep_epoch0(node0)', '~ep_epoch0(node1)', '~ep_epoch1(node0)', '~ep_epoch1(node1)', '~ep_epoch3(node1)', '~locked_epoch3(node0)']
num_forall :   2
num_exists :   0
num_literals : 7
quantified form : forall NODE1,NODE0. ep_epoch0(NODE0) | ep_epoch0(NODE1) | ep_epoch1(NODE0) | ep_epoch1(NODE1) | ep_epoch3(NODE0) | locked_epoch3(NODE1) | NODE0 = NODE1
qcost : 9




=== Prime Orbit 302 =====================
size : 1
num_suborbits: 1
759 (*) : 00--00--00----------------
759     : ['~ep_epoch0(node0)', '~ep_epoch0(node1)', '~ep_epoch1(node0)', '~ep_epoch1(node1)', '~held(node0)', '~held(node1)']
num_forall :   0
num_exists :   1
num_literals : 3
quantified form : exists NODE0. ep_epoch0(NODE0) | ep_epoch1(NODE0) | held(NODE0)
qcost : 4




=== Prime Orbit 303 =====================
size : 2
num_suborbits: 1
752 (*) : 00--00--0--------0--------
752     : ['~ep_epoch0(node0)', '~ep_epoch0(node1)', '~ep_epoch1(node0)', '~ep_epoch1(node1)', '~held(node0)', '~locked_epoch3(node1)']
753     : 00--00---0------0---------
753     : ['~ep_epoch0(node0)', '~ep_epoch0(node1)', '~ep_epoch1(node0)', '~ep_epoch1(node1)', '~held(node1)', '~locked_epoch3(node0)']
num_forall :   2
num_exists :   0
num_literals : 7
quantified form : forall NODE1,NODE0. ep_epoch0(NODE0) | ep_epoch0(NODE1) | ep_epoch1(NODE0) | ep_epoch1(NODE1) | held(NODE0) | locked_epoch3(NODE1) | NODE0 = NODE1
qcost : 9




=== Prime Orbit 304 =====================
size : 1
num_suborbits: 1
704 (*) : 00--00--------00----------
704     : ['~ep_epoch0(node0)', '~ep_epoch0(node1)', '~ep_epoch1(node0)', '~ep_epoch1(node1)', '~locked_epoch2(node0)', '~locked_epoch2(node1)']
num_forall :   0
num_exists :   1
num_literals : 3
quantified form : exists NODE0. ep_epoch0(NODE0) | ep_epoch1(NODE0) | locked_epoch2(NODE0)
qcost : 4




=== Prime Orbit 305 =====================
size : 1
num_suborbits: 1
751 (*) : 00--00----------00--------
751     : ['~ep_epoch0(node0)', '~ep_epoch0(node1)', '~ep_epoch1(node0)', '~ep_epoch1(node1)', '~locked_epoch3(node0)', '~locked_epoch3(node1)']
num_forall :   0
num_exists :   1
num_literals : 3
quantified form : exists NODE0. ep_epoch0(NODE0) | ep_epoch1(NODE0) | locked_epoch3(NODE0)
qcost : 4




=== Prime Orbit 306 =====================
size : 1
num_suborbits: 1
748 (*) : 0-000-00------------------
748     : ['~ep_epoch0(node0)', '~ep_epoch0(node1)', '~ep_epoch2(node0)', '~ep_epoch2(node1)', '~ep_epoch3(node0)', '~ep_epoch3(node1)']
num_forall :   0
num_exists :   1
num_literals : 3
quantified form : exists NODE0. ep_epoch0(NODE0) | ep_epoch2(NODE0) | ep_epoch3(NODE0)
qcost : 4




=== Prime Orbit 307 =====================
size : 2
num_suborbits: 1
747 (*) : 0-000-0--0----------------
747     : ['~ep_epoch0(node0)', '~ep_epoch0(node1)', '~ep_epoch2(node0)', '~ep_epoch2(node1)', '~ep_epoch3(node0)', '~held(node1)']
746     : 0-0-0-000-----------------
746     : ['~ep_epoch0(node0)', '~ep_epoch0(node1)', '~ep_epoch2(node0)', '~ep_epoch2(node1)', '~ep_epoch3(node1)', '~held(node0)']
num_forall :   2
num_exists :   0
num_literals : 7
quantified form : forall NODE1,NODE0. ep_epoch0(NODE0) | ep_epoch0(NODE1) | ep_epoch2(NODE0) | ep_epoch2(NODE1) | ep_epoch3(NODE1) | held(NODE0) | NODE0 = NODE1
qcost : 9




=== Prime Orbit 308 =====================
size : 2
num_suborbits: 1
741 (*) : 0-000-0----------0--------
741     : ['~ep_epoch0(node0)', '~ep_epoch0(node1)', '~ep_epoch2(node0)', '~ep_epoch2(node1)', '~ep_epoch3(node0)', '~locked_epoch3(node1)']
742     : 0-0-0-00--------0---------
742     : ['~ep_epoch0(node0)', '~ep_epoch0(node1)', '~ep_epoch2(node0)', '~ep_epoch2(node1)', '~ep_epoch3(node1)', '~locked_epoch3(node0)']
num_forall :   2
num_exists :   0
num_literals : 7
quantified form : forall NODE1,NODE0. ep_epoch0(NODE0) | ep_epoch0(NODE1) | ep_epoch2(NODE0) | ep_epoch2(NODE1) | ep_epoch3(NODE0) | locked_epoch3(NODE1) | NODE0 = NODE1
qcost : 9




=== Prime Orbit 309 =====================
size : 1
num_suborbits: 1
749 (*) : 0-0-0-0-00----------------
749     : ['~ep_epoch0(node0)', '~ep_epoch0(node1)', '~ep_epoch2(node0)', '~ep_epoch2(node1)', '~held(node0)', '~held(node1)']
num_forall :   0
num_exists :   1
num_literals : 3
quantified form : exists NODE0. ep_epoch0(NODE0) | ep_epoch2(NODE0) | held(NODE0)
qcost : 4




=== Prime Orbit 310 =====================
size : 2
num_suborbits: 1
744 (*) : 0-0-0-0-0--------0--------
744     : ['~ep_epoch0(node0)', '~ep_epoch0(node1)', '~ep_epoch2(node0)', '~ep_epoch2(node1)', '~held(node0)', '~locked_epoch3(node1)']
745     : 0-0-0-0--0------0---------
745     : ['~ep_epoch0(node0)', '~ep_epoch0(node1)', '~ep_epoch2(node0)', '~ep_epoch2(node1)', '~held(node1)', '~locked_epoch3(node0)']
num_forall :   2
num_exists :   0
num_literals : 7
quantified form : forall NODE1,NODE0. ep_epoch0(NODE0) | ep_epoch0(NODE1) | ep_epoch2(NODE0) | ep_epoch2(NODE1) | held(NODE0) | locked_epoch3(NODE1) | NODE0 = NODE1
qcost : 9




=== Prime Orbit 311 =====================
size : 1
num_suborbits: 1
743 (*) : 0-0-0-0---------00--------
743     : ['~ep_epoch0(node0)', '~ep_epoch0(node1)', '~ep_epoch2(node0)', '~ep_epoch2(node1)', '~locked_epoch3(node0)', '~locked_epoch3(node1)']
num_forall :   0
num_exists :   1
num_literals : 3
quantified form : exists NODE0. ep_epoch0(NODE0) | ep_epoch2(NODE0) | locked_epoch3(NODE0)
qcost : 4




=== Prime Orbit 312 =====================
size : 2
num_suborbits: 1
717 (*) : 0-000--0-------0----------
717     : ['~ep_epoch0(node0)', '~ep_epoch0(node1)', '~ep_epoch2(node0)', '~ep_epoch3(node0)', '~ep_epoch3(node1)', '~locked_epoch2(node1)']
718     : 0--00-00------0-----------
718     : ['~ep_epoch0(node0)', '~ep_epoch0(node1)', '~ep_epoch2(node1)', '~ep_epoch3(node0)', '~ep_epoch3(node1)', '~locked_epoch2(node0)']
num_forall :   2
num_exists :   0
num_literals : 7
quantified form : forall NODE1,NODE0. ep_epoch0(NODE0) | ep_epoch0(NODE1) | ep_epoch2(NODE0) | ep_epoch3(NODE0) | ep_epoch3(NODE1) | locked_epoch2(NODE1) | NODE0 = NODE1
qcost : 9




=== Prime Orbit 313 =====================
size : 4
num_suborbits: 2
721 (*) : 0-000----0-----0----------
721     : ['~ep_epoch0(node0)', '~ep_epoch0(node1)', '~ep_epoch2(node0)', '~ep_epoch3(node0)', '~held(node1)', '~locked_epoch2(node1)']
711     : 0-0-0--00------0----------
711     : ['~ep_epoch0(node0)', '~ep_epoch0(node1)', '~ep_epoch2(node0)', '~ep_epoch3(node1)', '~held(node0)', '~locked_epoch2(node1)']
712     : 0--00-0--0----0-----------
712     : ['~ep_epoch0(node0)', '~ep_epoch0(node1)', '~ep_epoch2(node1)', '~ep_epoch3(node0)', '~held(node1)', '~locked_epoch2(node0)']
722     : 0---0-000-----0-----------
722     : ['~ep_epoch0(node0)', '~ep_epoch0(node1)', '~ep_epoch2(node1)', '~ep_epoch3(node1)', '~held(node0)', '~locked_epoch2(node0)']
num_forall :   4
num_exists :   0
num_literals : 12
quantified form : forall NODE1,NODE0,NODE2,NODE3. ep_epoch0(NODE0) | ep_epoch0(NODE1) | ep_epoch2(NODE0) | ep_epoch3(NODE2) | held(NODE3) | locked_epoch2(NODE1) | ((NODE0 ~= NODE3 | NODE1 ~= NODE2 | NODE0 = NODE1) & (NODE0 ~= NODE2 | NODE1 ~= NODE3 | NODE0 = NODE1))
qcost : 16




=== Prime Orbit 314 =====================
size : 4
num_suborbits: 2
719 (*) : 0-000----------0-0--------
719     : ['~ep_epoch0(node0)', '~ep_epoch0(node1)', '~ep_epoch2(node0)', '~ep_epoch3(node0)', '~locked_epoch2(node1)', '~locked_epoch3(node1)']
705     : 0-0-0--0-------00---------
705     : ['~ep_epoch0(node0)', '~ep_epoch0(node1)', '~ep_epoch2(node0)', '~ep_epoch3(node1)', '~locked_epoch2(node1)', '~locked_epoch3(node0)']
706     : 0--00-0-------0--0--------
706     : ['~ep_epoch0(node0)', '~ep_epoch0(node1)', '~ep_epoch2(node1)', '~ep_epoch3(node0)', '~locked_epoch2(node0)', '~locked_epoch3(node1)']
720     : 0---0-00------0-0---------
720     : ['~ep_epoch0(node0)', '~ep_epoch0(node1)', '~ep_epoch2(node1)', '~ep_epoch3(node1)', '~locked_epoch2(node0)', '~locked_epoch3(node0)']
num_forall :   4
num_exists :   0
num_literals : 12
quantified form : forall NODE1,NODE0,NODE2,NODE3. ep_epoch0(NODE0) | ep_epoch0(NODE1) | ep_epoch2(NODE0) | ep_epoch3(NODE2) | locked_epoch2(NODE1) | locked_epoch3(NODE3) | ((NODE0 ~= NODE3 | NODE1 ~= NODE2 | NODE0 = NODE1) & (NODE0 ~= NODE2 | NODE1 ~= NODE3 | NODE0 = NODE1))
qcost : 16




=== Prime Orbit 315 =====================
size : 2
num_suborbits: 1
715 (*) : 0-0-0---00-----0----------
715     : ['~ep_epoch0(node0)', '~ep_epoch0(node1)', '~ep_epoch2(node0)', '~held(node0)', '~held(node1)', '~locked_epoch2(node1)']
716     : 0---0-0-00----0-----------
716     : ['~ep_epoch0(node0)', '~ep_epoch0(node1)', '~ep_epoch2(node1)', '~held(node0)', '~held(node1)', '~locked_epoch2(node0)']
num_forall :   2
num_exists :   0
num_literals : 7
quantified form : forall NODE1,NODE0. ep_epoch0(NODE0) | ep_epoch0(NODE1) | ep_epoch2(NODE0) | held(NODE0) | held(NODE1) | locked_epoch2(NODE1) | NODE0 = NODE1
qcost : 9




=== Prime Orbit 316 =====================
size : 4
num_suborbits: 2
713 (*) : 0-0-0---0------0-0--------
713     : ['~ep_epoch0(node0)', '~ep_epoch0(node1)', '~ep_epoch2(node0)', '~held(node0)', '~locked_epoch2(node1)', '~locked_epoch3(node1)']
709     : 0-0-0----0-----00---------
709     : ['~ep_epoch0(node0)', '~ep_epoch0(node1)', '~ep_epoch2(node0)', '~held(node1)', '~locked_epoch2(node1)', '~locked_epoch3(node0)']
710     : 0---0-0-0-----0--0--------
710     : ['~ep_epoch0(node0)', '~ep_epoch0(node1)', '~ep_epoch2(node1)', '~held(node0)', '~locked_epoch2(node0)', '~locked_epoch3(node1)']
714     : 0---0-0--0----0-0---------
714     : ['~ep_epoch0(node0)', '~ep_epoch0(node1)', '~ep_epoch2(node1)', '~held(node1)', '~locked_epoch2(node0)', '~locked_epoch3(node0)']
num_forall :   4
num_exists :   0
num_literals : 12
quantified form : forall NODE1,NODE0,NODE2,NODE3. ep_epoch0(NODE0) | ep_epoch0(NODE1) | ep_epoch2(NODE0) | held(NODE2) | locked_epoch2(NODE1) | locked_epoch3(NODE3) | ((NODE0 ~= NODE3 | NODE1 ~= NODE2 | NODE0 = NODE1) & (NODE0 ~= NODE2 | NODE1 ~= NODE3 | NODE0 = NODE1))
qcost : 16




=== Prime Orbit 317 =====================
size : 2
num_suborbits: 1
707 (*) : 0-0-0----------000--------
707     : ['~ep_epoch0(node0)', '~ep_epoch0(node1)', '~ep_epoch2(node0)', '~locked_epoch2(node1)', '~locked_epoch3(node0)', '~locked_epoch3(node1)']
708     : 0---0-0-------0-00--------
708     : ['~ep_epoch0(node0)', '~ep_epoch0(node1)', '~ep_epoch2(node1)', '~locked_epoch2(node0)', '~locked_epoch3(node0)', '~locked_epoch3(node1)']
num_forall :   2
num_exists :   0
num_literals : 7
quantified form : forall NODE1,NODE0. ep_epoch0(NODE0) | ep_epoch0(NODE1) | ep_epoch2(NODE0) | locked_epoch2(NODE1) | locked_epoch3(NODE0) | locked_epoch3(NODE1) | NODE0 = NODE1
qcost : 9




=== Prime Orbit 318 =====================
size : 1
num_suborbits: 1
723 (*) : 0--00--0------00----------
723     : ['~ep_epoch0(node0)', '~ep_epoch0(node1)', '~ep_epoch3(node0)', '~ep_epoch3(node1)', '~locked_epoch2(node0)', '~locked_epoch2(node1)']
num_forall :   0
num_exists :   1
num_literals : 3
quantified form : exists NODE0. ep_epoch0(NODE0) | ep_epoch3(NODE0) | locked_epoch2(NODE0)
qcost : 4




=== Prime Orbit 319 =====================
size : 2
num_suborbits: 1
726 (*) : 0--00----0----00----------
726     : ['~ep_epoch0(node0)', '~ep_epoch0(node1)', '~ep_epoch3(node0)', '~held(node1)', '~locked_epoch2(node0)', '~locked_epoch2(node1)']
727     : 0---0--00-----00----------
727     : ['~ep_epoch0(node0)', '~ep_epoch0(node1)', '~ep_epoch3(node1)', '~held(node0)', '~locked_epoch2(node0)', '~locked_epoch2(node1)']
num_forall :   2
num_exists :   0
num_literals : 7
quantified form : forall NODE1,NODE0. ep_epoch0(NODE0) | ep_epoch0(NODE1) | ep_epoch3(NODE0) | held(NODE1) | locked_epoch2(NODE0) | locked_epoch2(NODE1) | NODE0 = NODE1
qcost : 9




=== Prime Orbit 320 =====================
size : 2
num_suborbits: 1
724 (*) : 0--00---------00-0--------
724     : ['~ep_epoch0(node0)', '~ep_epoch0(node1)', '~ep_epoch3(node0)', '~locked_epoch2(node0)', '~locked_epoch2(node1)', '~locked_epoch3(node1)']
725     : 0---0--0------000---------
725     : ['~ep_epoch0(node0)', '~ep_epoch0(node1)', '~ep_epoch3(node1)', '~locked_epoch2(node0)', '~locked_epoch2(node1)', '~locked_epoch3(node0)']
num_forall :   2
num_exists :   0
num_literals : 7
quantified form : forall NODE1,NODE0. ep_epoch0(NODE0) | ep_epoch0(NODE1) | ep_epoch3(NODE0) | locked_epoch2(NODE0) | locked_epoch2(NODE1) | locked_epoch3(NODE1) | NODE0 = NODE1
qcost : 9




=== Prime Orbit 321 =====================
size : 1
num_suborbits: 1
731 (*) : 0---0---00----00----------
731     : ['~ep_epoch0(node0)', '~ep_epoch0(node1)', '~held(node0)', '~held(node1)', '~locked_epoch2(node0)', '~locked_epoch2(node1)']
num_forall :   0
num_exists :   1
num_literals : 3
quantified form : exists NODE0. ep_epoch0(NODE0) | held(NODE0) | locked_epoch2(NODE0)
qcost : 4




=== Prime Orbit 322 =====================
size : 1
num_suborbits: 1
794 (*) : 0---0---00--------------00
794     : ['~ep_epoch0(node0)', '~ep_epoch0(node1)', '~held(node0)', '~held(node1)', '~transfer_epoch3(node0)', '~transfer_epoch3(node1)']
num_forall :   0
num_exists :   1
num_literals : 3
quantified form : exists NODE0. ep_epoch0(NODE0) | held(NODE0) | transfer_epoch3(NODE0)
qcost : 4




=== Prime Orbit 323 =====================
size : 2
num_suborbits: 1
729 (*) : 0---0---0-----00-0--------
729     : ['~ep_epoch0(node0)', '~ep_epoch0(node1)', '~held(node0)', '~locked_epoch2(node0)', '~locked_epoch2(node1)', '~locked_epoch3(node1)']
730     : 0---0----0----000---------
730     : ['~ep_epoch0(node0)', '~ep_epoch0(node1)', '~held(node1)', '~locked_epoch2(node0)', '~locked_epoch2(node1)', '~locked_epoch3(node0)']
num_forall :   2
num_exists :   0
num_literals : 7
quantified form : forall NODE1,NODE0. ep_epoch0(NODE0) | ep_epoch0(NODE1) | held(NODE0) | locked_epoch2(NODE0) | locked_epoch2(NODE1) | locked_epoch3(NODE1) | NODE0 = NODE1
qcost : 9




=== Prime Orbit 324 =====================
size : 1
num_suborbits: 1
728 (*) : 0---0---------0000--------
728     : ['~ep_epoch0(node0)', '~ep_epoch0(node1)', '~locked_epoch2(node0)', '~locked_epoch2(node1)', '~locked_epoch3(node0)', '~locked_epoch3(node1)']
num_forall :   0
num_exists :   1
num_literals : 3
quantified form : exists NODE0. ep_epoch0(NODE0) | locked_epoch2(NODE0) | locked_epoch3(NODE0)
qcost : 4




=== Prime Orbit 325 =====================
size : 2
num_suborbits: 1
776 (*) : 00-----00---------------00
776     : ['~ep_epoch0(node0)', '~ep_epoch1(node0)', '~ep_epoch3(node1)', '~held(node0)', '~transfer_epoch3(node0)', '~transfer_epoch3(node1)']
775     : ---000---0--------------00
775     : ['~ep_epoch0(node1)', '~ep_epoch1(node1)', '~ep_epoch3(node0)', '~held(node1)', '~transfer_epoch3(node0)', '~transfer_epoch3(node1)']
num_forall :   2
num_exists :   0
num_literals : 7
quantified form : forall NODE1,NODE0. ep_epoch0(NODE0) | ep_epoch1(NODE0) | ep_epoch3(NODE1) | held(NODE0) | transfer_epoch3(NODE0) | transfer_epoch3(NODE1) | NODE0 = NODE1
qcost : 9




=== Prime Orbit 326 =====================
size : 2
num_suborbits: 1
778 (*) : 00------00--------------00
778     : ['~ep_epoch0(node0)', '~ep_epoch1(node0)', '~held(node0)', '~held(node1)', '~transfer_epoch3(node0)', '~transfer_epoch3(node1)']
777     : ----00--00--------------00
777     : ['~ep_epoch0(node1)', '~ep_epoch1(node1)', '~held(node0)', '~held(node1)', '~transfer_epoch3(node0)', '~transfer_epoch3(node1)']
num_forall :   2
num_exists :   0
num_literals : 7
quantified form : forall NODE1,NODE0. ep_epoch0(NODE0) | ep_epoch1(NODE0) | held(NODE0) | held(NODE1) | transfer_epoch3(NODE0) | transfer_epoch3(NODE1) | NODE0 = NODE1
qcost : 9




=== Prime Orbit 327 =====================
size : 2
num_suborbits: 1
774 (*) : 00------0--------0------00
774     : ['~ep_epoch0(node0)', '~ep_epoch1(node0)', '~held(node0)', '~locked_epoch3(node1)', '~transfer_epoch3(node0)', '~transfer_epoch3(node1)']
773     : ----00---0------0-------00
773     : ['~ep_epoch0(node1)', '~ep_epoch1(node1)', '~held(node1)', '~locked_epoch3(node0)', '~transfer_epoch3(node0)', '~transfer_epoch3(node1)']
num_forall :   2
num_exists :   0
num_literals : 7
quantified form : forall NODE1,NODE0. ep_epoch0(NODE0) | ep_epoch1(NODE0) | held(NODE0) | locked_epoch3(NODE1) | transfer_epoch3(NODE0) | transfer_epoch3(NODE1) | NODE0 = NODE1
qcost : 9




=== Prime Orbit 328 =====================
size : 2
num_suborbits: 1
791 (*) : 0------00---0-----------00
791     : ['~ep_epoch0(node0)', '~ep_epoch3(node1)', '~held(node0)', '~locked_epoch1(node0)', '~transfer_epoch3(node0)', '~transfer_epoch3(node1)']
790     : ---00----0---0----------00
790     : ['~ep_epoch0(node1)', '~ep_epoch3(node0)', '~held(node1)', '~locked_epoch1(node1)', '~transfer_epoch3(node0)', '~transfer_epoch3(node1)']
num_forall :   2
num_exists :   0
num_literals : 7
quantified form : forall NODE1,NODE0. ep_epoch0(NODE0) | ep_epoch3(NODE1) | held(NODE0) | locked_epoch1(NODE0) | transfer_epoch3(NODE0) | transfer_epoch3(NODE1) | NODE0 = NODE1
qcost : 9




=== Prime Orbit 329 =====================
size : 2
num_suborbits: 1
793 (*) : 0-------00--0-----------00
793     : ['~ep_epoch0(node0)', '~held(node0)', '~held(node1)', '~locked_epoch1(node0)', '~transfer_epoch3(node0)', '~transfer_epoch3(node1)']
792     : ----0---00---0----------00
792     : ['~ep_epoch0(node1)', '~held(node0)', '~held(node1)', '~locked_epoch1(node1)', '~transfer_epoch3(node0)', '~transfer_epoch3(node1)']
num_forall :   2
num_exists :   0
num_literals : 7
quantified form : forall NODE1,NODE0. ep_epoch0(NODE0) | held(NODE0) | held(NODE1) | locked_epoch1(NODE0) | transfer_epoch3(NODE0) | transfer_epoch3(NODE1) | NODE0 = NODE1
qcost : 9




=== Prime Orbit 330 =====================
size : 2
num_suborbits: 1
789 (*) : 0-------0---0----0------00
789     : ['~ep_epoch0(node0)', '~held(node0)', '~locked_epoch1(node0)', '~locked_epoch3(node1)', '~transfer_epoch3(node0)', '~transfer_epoch3(node1)']
788     : ----0----0---0--0-------00
788     : ['~ep_epoch0(node1)', '~held(node1)', '~locked_epoch1(node1)', '~locked_epoch3(node0)', '~transfer_epoch3(node0)', '~transfer_epoch3(node1)']
num_forall :   2
num_exists :   0
num_literals : 7
quantified form : forall NODE1,NODE0. ep_epoch0(NODE0) | held(NODE0) | locked_epoch1(NODE0) | locked_epoch3(NODE1) | transfer_epoch3(NODE0) | transfer_epoch3(NODE1) | NODE0 = NODE1
qcost : 9




=== Prime Orbit 331 =====================
size : 1
num_suborbits: 1
734 (*) : -000-000------------------
734     : ['~ep_epoch1(node0)', '~ep_epoch1(node1)', '~ep_epoch2(node0)', '~ep_epoch2(node1)', '~ep_epoch3(node0)', '~ep_epoch3(node1)']
num_forall :   0
num_exists :   1
num_literals : 3
quantified form : exists NODE0. ep_epoch1(NODE0) | ep_epoch2(NODE0) | ep_epoch3(NODE0)
qcost : 4




=== Prime Orbit 332 =====================
size : 2
num_suborbits: 1
735 (*) : -000-00--0----------------
735     : ['~ep_epoch1(node0)', '~ep_epoch1(node1)', '~ep_epoch2(node0)', '~ep_epoch2(node1)', '~ep_epoch3(node0)', '~held(node1)']
736     : -00--0000-----------------
736     : ['~ep_epoch1(node0)', '~ep_epoch1(node1)', '~ep_epoch2(node0)', '~ep_epoch2(node1)', '~ep_epoch3(node1)', '~held(node0)']
num_forall :   2
num_exists :   0
num_literals : 7
quantified form : forall NODE1,NODE0. ep_epoch1(NODE0) | ep_epoch1(NODE1) | ep_epoch2(NODE0) | ep_epoch2(NODE1) | ep_epoch3(NODE0) | held(NODE1) | NODE0 = NODE1
qcost : 9




=== Prime Orbit 333 =====================
size : 2
num_suborbits: 1
732 (*) : -000-00----------0--------
732     : ['~ep_epoch1(node0)', '~ep_epoch1(node1)', '~ep_epoch2(node0)', '~ep_epoch2(node1)', '~ep_epoch3(node0)', '~locked_epoch3(node1)']
733     : -00--000--------0---------
733     : ['~ep_epoch1(node0)', '~ep_epoch1(node1)', '~ep_epoch2(node0)', '~ep_epoch2(node1)', '~ep_epoch3(node1)', '~locked_epoch3(node0)']
num_forall :   2
num_exists :   0
num_literals : 7
quantified form : forall NODE1,NODE0. ep_epoch1(NODE0) | ep_epoch1(NODE1) | ep_epoch2(NODE0) | ep_epoch2(NODE1) | ep_epoch3(NODE0) | locked_epoch3(NODE1) | NODE0 = NODE1
qcost : 9




=== Prime Orbit 334 =====================
size : 1
num_suborbits: 1
740 (*) : -00--00-00----------------
740     : ['~ep_epoch1(node0)', '~ep_epoch1(node1)', '~ep_epoch2(node0)', '~ep_epoch2(node1)', '~held(node0)', '~held(node1)']
num_forall :   0
num_exists :   1
num_literals : 3
quantified form : exists NODE0. ep_epoch1(NODE0) | ep_epoch2(NODE0) | held(NODE0)
qcost : 4




=== Prime Orbit 335 =====================
size : 2
num_suborbits: 1
738 (*) : -00--00-0--------0--------
738     : ['~ep_epoch1(node0)', '~ep_epoch1(node1)', '~ep_epoch2(node0)', '~ep_epoch2(node1)', '~held(node0)', '~locked_epoch3(node1)']
739     : -00--00--0------0---------
739     : ['~ep_epoch1(node0)', '~ep_epoch1(node1)', '~ep_epoch2(node0)', '~ep_epoch2(node1)', '~held(node1)', '~locked_epoch3(node0)']
num_forall :   2
num_exists :   0
num_literals : 7
quantified form : forall NODE1,NODE0. ep_epoch1(NODE0) | ep_epoch1(NODE1) | ep_epoch2(NODE0) | ep_epoch2(NODE1) | held(NODE0) | locked_epoch3(NODE1) | NODE0 = NODE1
qcost : 9




=== Prime Orbit 336 =====================
size : 1
num_suborbits: 1
737 (*) : -00--00---------00--------
737     : ['~ep_epoch1(node0)', '~ep_epoch1(node1)', '~ep_epoch2(node0)', '~ep_epoch2(node1)', '~locked_epoch3(node0)', '~locked_epoch3(node1)']
num_forall :   0
num_exists :   1
num_literals : 3
quantified form : exists NODE0. ep_epoch1(NODE0) | ep_epoch2(NODE0) | locked_epoch3(NODE0)
qcost : 4




=== Prime Orbit 337 =====================
size : 2
num_suborbits: 1
677 (*) : -000-0-0-------0----------
677     : ['~ep_epoch1(node0)', '~ep_epoch1(node1)', '~ep_epoch2(node0)', '~ep_epoch3(node0)', '~ep_epoch3(node1)', '~locked_epoch2(node1)']
678     : -0-0-000------0-----------
678     : ['~ep_epoch1(node0)', '~ep_epoch1(node1)', '~ep_epoch2(node1)', '~ep_epoch3(node0)', '~ep_epoch3(node1)', '~locked_epoch2(node0)']
num_forall :   2
num_exists :   0
num_literals : 7
quantified form : forall NODE1,NODE0. ep_epoch1(NODE0) | ep_epoch1(NODE1) | ep_epoch2(NODE0) | ep_epoch3(NODE0) | ep_epoch3(NODE1) | locked_epoch2(NODE1) | NODE0 = NODE1
qcost : 9




=== Prime Orbit 338 =====================
size : 4
num_suborbits: 2
697 (*) : -000-0---0-----0----------
697     : ['~ep_epoch1(node0)', '~ep_epoch1(node1)', '~ep_epoch2(node0)', '~ep_epoch3(node0)', '~held(node1)', '~locked_epoch2(node1)']
679     : -00--0-00------0----------
679     : ['~ep_epoch1(node0)', '~ep_epoch1(node1)', '~ep_epoch2(node0)', '~ep_epoch3(node1)', '~held(node0)', '~locked_epoch2(node1)']
680     : -0-0-00--0----0-----------
680     : ['~ep_epoch1(node0)', '~ep_epoch1(node1)', '~ep_epoch2(node1)', '~ep_epoch3(node0)', '~held(node1)', '~locked_epoch2(node0)']
698     : -0---0000-----0-----------
698     : ['~ep_epoch1(node0)', '~ep_epoch1(node1)', '~ep_epoch2(node1)', '~ep_epoch3(node1)', '~held(node0)', '~locked_epoch2(node0)']
num_forall :   4
num_exists :   0
num_literals : 12
quantified form : forall NODE1,NODE0,NODE2,NODE3. ep_epoch1(NODE0) | ep_epoch1(NODE1) | ep_epoch2(NODE0) | ep_epoch3(NODE2) | held(NODE3) | locked_epoch2(NODE1) | ((NODE0 ~= NODE3 | NODE1 ~= NODE2 | NODE0 = NODE1) & (NODE0 ~= NODE2 | NODE1 ~= NODE3 | NODE0 = NODE1))
qcost : 16




=== Prime Orbit 339 =====================
size : 4
num_suborbits: 2
691 (*) : -000-0---------0-0--------
691     : ['~ep_epoch1(node0)', '~ep_epoch1(node1)', '~ep_epoch2(node0)', '~ep_epoch3(node0)', '~locked_epoch2(node1)', '~locked_epoch3(node1)']
675     : -00--0-0-------00---------
675     : ['~ep_epoch1(node0)', '~ep_epoch1(node1)', '~ep_epoch2(node0)', '~ep_epoch3(node1)', '~locked_epoch2(node1)', '~locked_epoch3(node0)']
676     : -0-0-00-------0--0--------
676     : ['~ep_epoch1(node0)', '~ep_epoch1(node1)', '~ep_epoch2(node1)', '~ep_epoch3(node0)', '~locked_epoch2(node0)', '~locked_epoch3(node1)']
692     : -0---000------0-0---------
692     : ['~ep_epoch1(node0)', '~ep_epoch1(node1)', '~ep_epoch2(node1)', '~ep_epoch3(node1)', '~locked_epoch2(node0)', '~locked_epoch3(node0)']
num_forall :   4
num_exists :   0
num_literals : 12
quantified form : forall NODE1,NODE0,NODE2,NODE3. ep_epoch1(NODE0) | ep_epoch1(NODE1) | ep_epoch2(NODE0) | ep_epoch3(NODE2) | locked_epoch2(NODE1) | locked_epoch3(NODE3) | ((NODE0 ~= NODE3 | NODE1 ~= NODE2 | NODE0 = NODE1) & (NODE0 ~= NODE2 | NODE1 ~= NODE3 | NODE0 = NODE1))
qcost : 16




=== Prime Orbit 340 =====================
size : 2
num_suborbits: 1
699 (*) : -00--0--00-----0----------
699     : ['~ep_epoch1(node0)', '~ep_epoch1(node1)', '~ep_epoch2(node0)', '~held(node0)', '~held(node1)', '~locked_epoch2(node1)']
700     : -0---00-00----0-----------
700     : ['~ep_epoch1(node0)', '~ep_epoch1(node1)', '~ep_epoch2(node1)', '~held(node0)', '~held(node1)', '~locked_epoch2(node0)']
num_forall :   2
num_exists :   0
num_literals : 7
quantified form : forall NODE1,NODE0. ep_epoch1(NODE0) | ep_epoch1(NODE1) | ep_epoch2(NODE0) | held(NODE0) | held(NODE1) | locked_epoch2(NODE1) | NODE0 = NODE1
qcost : 9




=== Prime Orbit 341 =====================
size : 4
num_suborbits: 2
693 (*) : -00--0--0------0-0--------
693     : ['~ep_epoch1(node0)', '~ep_epoch1(node1)', '~ep_epoch2(node0)', '~held(node0)', '~locked_epoch2(node1)', '~locked_epoch3(node1)']
695     : -00--0---0-----00---------
695     : ['~ep_epoch1(node0)', '~ep_epoch1(node1)', '~ep_epoch2(node0)', '~held(node1)', '~locked_epoch2(node1)', '~locked_epoch3(node0)']
696     : -0---00-0-----0--0--------
696     : ['~ep_epoch1(node0)', '~ep_epoch1(node1)', '~ep_epoch2(node1)', '~held(node0)', '~locked_epoch2(node0)', '~locked_epoch3(node1)']
694     : -0---00--0----0-0---------
694     : ['~ep_epoch1(node0)', '~ep_epoch1(node1)', '~ep_epoch2(node1)', '~held(node1)', '~locked_epoch2(node0)', '~locked_epoch3(node0)']
num_forall :   4
num_exists :   0
num_literals : 12
quantified form : forall NODE1,NODE0,NODE2,NODE3. ep_epoch1(NODE0) | ep_epoch1(NODE1) | ep_epoch2(NODE0) | held(NODE2) | locked_epoch2(NODE1) | locked_epoch3(NODE3) | ((NODE0 ~= NODE2 | NODE1 ~= NODE3 | NODE0 = NODE1) & (NODE0 ~= NODE3 | NODE1 ~= NODE2 | NODE0 = NODE1))
qcost : 16




=== Prime Orbit 342 =====================
size : 2
num_suborbits: 1
689 (*) : -00--0---------000--------
689     : ['~ep_epoch1(node0)', '~ep_epoch1(node1)', '~ep_epoch2(node0)', '~locked_epoch2(node1)', '~locked_epoch3(node0)', '~locked_epoch3(node1)']
690     : -0---00-------0-00--------
690     : ['~ep_epoch1(node0)', '~ep_epoch1(node1)', '~ep_epoch2(node1)', '~locked_epoch2(node0)', '~locked_epoch3(node0)', '~locked_epoch3(node1)']
num_forall :   2
num_exists :   0
num_literals : 7
quantified form : forall NODE1,NODE0. ep_epoch1(NODE0) | ep_epoch1(NODE1) | ep_epoch2(NODE0) | locked_epoch2(NODE1) | locked_epoch3(NODE0) | locked_epoch3(NODE1) | NODE0 = NODE1
qcost : 9




=== Prime Orbit 343 =====================
size : 1
num_suborbits: 1
683 (*) : -0-0-0-0------00----------
683     : ['~ep_epoch1(node0)', '~ep_epoch1(node1)', '~ep_epoch3(node0)', '~ep_epoch3(node1)', '~locked_epoch2(node0)', '~locked_epoch2(node1)']
num_forall :   0
num_exists :   1
num_literals : 3
quantified form : exists NODE0. ep_epoch1(NODE0) | ep_epoch3(NODE0) | locked_epoch2(NODE0)
qcost : 4




=== Prime Orbit 344 =====================
size : 2
num_suborbits: 1
685 (*) : -0-0-0---0----00----------
685     : ['~ep_epoch1(node0)', '~ep_epoch1(node1)', '~ep_epoch3(node0)', '~held(node1)', '~locked_epoch2(node0)', '~locked_epoch2(node1)']
684     : -0---0-00-----00----------
684     : ['~ep_epoch1(node0)', '~ep_epoch1(node1)', '~ep_epoch3(node1)', '~held(node0)', '~locked_epoch2(node0)', '~locked_epoch2(node1)']
num_forall :   2
num_exists :   0
num_literals : 7
quantified form : forall NODE1,NODE0. ep_epoch1(NODE0) | ep_epoch1(NODE1) | ep_epoch3(NODE1) | held(NODE0) | locked_epoch2(NODE0) | locked_epoch2(NODE1) | NODE0 = NODE1
qcost : 9




=== Prime Orbit 345 =====================
size : 2
num_suborbits: 1
682 (*) : -0-0-0--------00-0--------
682     : ['~ep_epoch1(node0)', '~ep_epoch1(node1)', '~ep_epoch3(node0)', '~locked_epoch2(node0)', '~locked_epoch2(node1)', '~locked_epoch3(node1)']
681     : -0---0-0------000---------
681     : ['~ep_epoch1(node0)', '~ep_epoch1(node1)', '~ep_epoch3(node1)', '~locked_epoch2(node0)', '~locked_epoch2(node1)', '~locked_epoch3(node0)']
num_forall :   2
num_exists :   0
num_literals : 7
quantified form : forall NODE1,NODE0. ep_epoch1(NODE0) | ep_epoch1(NODE1) | ep_epoch3(NODE1) | locked_epoch2(NODE0) | locked_epoch2(NODE1) | locked_epoch3(NODE0) | NODE0 = NODE1
qcost : 9




=== Prime Orbit 346 =====================
size : 1
num_suborbits: 1
701 (*) : -0---0--00----00----------
701     : ['~ep_epoch1(node0)', '~ep_epoch1(node1)', '~held(node0)', '~held(node1)', '~locked_epoch2(node0)', '~locked_epoch2(node1)']
num_forall :   0
num_exists :   1
num_literals : 3
quantified form : exists NODE0. ep_epoch1(NODE0) | held(NODE0) | locked_epoch2(NODE0)
qcost : 4




=== Prime Orbit 347 =====================
size : 1
num_suborbits: 1
772 (*) : -0---0--00--------------00
772     : ['~ep_epoch1(node0)', '~ep_epoch1(node1)', '~held(node0)', '~held(node1)', '~transfer_epoch3(node0)', '~transfer_epoch3(node1)']
num_forall :   0
num_exists :   1
num_literals : 3
quantified form : exists NODE0. ep_epoch1(NODE0) | held(NODE0) | transfer_epoch3(NODE0)
qcost : 4




=== Prime Orbit 348 =====================
size : 2
num_suborbits: 1
687 (*) : -0---0--0-----00-0--------
687     : ['~ep_epoch1(node0)', '~ep_epoch1(node1)', '~held(node0)', '~locked_epoch2(node0)', '~locked_epoch2(node1)', '~locked_epoch3(node1)']
688     : -0---0---0----000---------
688     : ['~ep_epoch1(node0)', '~ep_epoch1(node1)', '~held(node1)', '~locked_epoch2(node0)', '~locked_epoch2(node1)', '~locked_epoch3(node0)']
num_forall :   2
num_exists :   0
num_literals : 7
quantified form : forall NODE1,NODE0. ep_epoch1(NODE0) | ep_epoch1(NODE1) | held(NODE0) | locked_epoch2(NODE0) | locked_epoch2(NODE1) | locked_epoch3(NODE1) | NODE0 = NODE1
qcost : 9




=== Prime Orbit 349 =====================
size : 1
num_suborbits: 1
686 (*) : -0---0--------0000--------
686     : ['~ep_epoch1(node0)', '~ep_epoch1(node1)', '~locked_epoch2(node0)', '~locked_epoch2(node1)', '~locked_epoch3(node0)', '~locked_epoch3(node1)']
num_forall :   0
num_exists :   1
num_literals : 3
quantified form : exists NODE0. ep_epoch1(NODE0) | locked_epoch2(NODE0) | locked_epoch3(NODE0)
qcost : 4




=== Prime Orbit 350 =====================
size : 2
num_suborbits: 1
782 (*) : -0-----00----0----------00
782     : ['~ep_epoch1(node0)', '~ep_epoch3(node1)', '~held(node0)', '~locked_epoch1(node1)', '~transfer_epoch3(node0)', '~transfer_epoch3(node1)']
781     : ---0-0---0--0-----------00
781     : ['~ep_epoch1(node1)', '~ep_epoch3(node0)', '~held(node1)', '~locked_epoch1(node0)', '~transfer_epoch3(node0)', '~transfer_epoch3(node1)']
num_forall :   2
num_exists :   0
num_literals : 7
quantified form : forall NODE1,NODE0. ep_epoch1(NODE0) | ep_epoch3(NODE1) | held(NODE0) | locked_epoch1(NODE1) | transfer_epoch3(NODE0) | transfer_epoch3(NODE1) | NODE0 = NODE1
qcost : 9




=== Prime Orbit 351 =====================
size : 2
num_suborbits: 1
784 (*) : -0------00---0----------00
784     : ['~ep_epoch1(node0)', '~held(node0)', '~held(node1)', '~locked_epoch1(node1)', '~transfer_epoch3(node0)', '~transfer_epoch3(node1)']
783     : -----0--00--0-----------00
783     : ['~ep_epoch1(node1)', '~held(node0)', '~held(node1)', '~locked_epoch1(node0)', '~transfer_epoch3(node0)', '~transfer_epoch3(node1)']
num_forall :   2
num_exists :   0
num_literals : 7
quantified form : forall NODE1,NODE0. ep_epoch1(NODE0) | held(NODE0) | held(NODE1) | locked_epoch1(NODE1) | transfer_epoch3(NODE0) | transfer_epoch3(NODE1) | NODE0 = NODE1
qcost : 9




=== Prime Orbit 352 =====================
size : 2
num_suborbits: 1
780 (*) : -0------0----0---0------00
780     : ['~ep_epoch1(node0)', '~held(node0)', '~locked_epoch1(node1)', '~locked_epoch3(node1)', '~transfer_epoch3(node0)', '~transfer_epoch3(node1)']
779     : -----0---0--0---0-------00
779     : ['~ep_epoch1(node1)', '~held(node1)', '~locked_epoch1(node0)', '~locked_epoch3(node0)', '~transfer_epoch3(node0)', '~transfer_epoch3(node1)']
num_forall :   2
num_exists :   0
num_literals : 7
quantified form : forall NODE1,NODE0. ep_epoch1(NODE0) | held(NODE0) | locked_epoch1(NODE1) | locked_epoch3(NODE1) | transfer_epoch3(NODE0) | transfer_epoch3(NODE1) | NODE0 = NODE1
qcost : 9




=== Prime Orbit 353 =====================
size : 1
num_suborbits: 1
787 (*) : --------00------------0000
787     : ['~held(node0)', '~held(node1)', '~transfer_epoch2(node0)', '~transfer_epoch2(node1)', '~transfer_epoch3(node0)', '~transfer_epoch3(node1)']
num_forall :   0
num_exists :   1
num_literals : 3
quantified form : exists NODE0. held(NODE0) | transfer_epoch2(NODE0) | transfer_epoch3(NODE0)
qcost : 4




=== Prime Orbit 354 =====================
size : 2
num_suborbits: 1
799 (*) : 0-000----0--------------00
799     : ['~ep_epoch0(node0)', '~ep_epoch0(node1)', '~ep_epoch2(node0)', '~ep_epoch3(node0)', '~held(node1)', '~transfer_epoch3(node0)', '~transfer_epoch3(node1)']
800     : 0---0-000---------------00
800     : ['~ep_epoch0(node0)', '~ep_epoch0(node1)', '~ep_epoch2(node1)', '~ep_epoch3(node1)', '~held(node0)', '~transfer_epoch3(node0)', '~transfer_epoch3(node1)']
num_forall :   2
num_exists :   0
num_literals : 8
quantified form : forall NODE1,NODE0. ep_epoch0(NODE0) | ep_epoch0(NODE1) | ep_epoch2(NODE0) | ep_epoch3(NODE0) | held(NODE1) | transfer_epoch3(NODE0) | transfer_epoch3(NODE1) | NODE0 = NODE1
qcost : 10




=== Prime Orbit 355 =====================
size : 2
num_suborbits: 1
795 (*) : 0-0-0----0------0-------00
795     : ['~ep_epoch0(node0)', '~ep_epoch0(node1)', '~ep_epoch2(node0)', '~held(node1)', '~locked_epoch3(node0)', '~transfer_epoch3(node0)', '~transfer_epoch3(node1)']
796     : 0---0-0-0--------0------00
796     : ['~ep_epoch0(node0)', '~ep_epoch0(node1)', '~ep_epoch2(node1)', '~held(node0)', '~locked_epoch3(node1)', '~transfer_epoch3(node0)', '~transfer_epoch3(node1)']
num_forall :   2
num_exists :   0
num_literals : 8
quantified form : forall NODE1,NODE0. ep_epoch0(NODE0) | ep_epoch0(NODE1) | ep_epoch2(NODE0) | held(NODE1) | locked_epoch3(NODE0) | transfer_epoch3(NODE0) | transfer_epoch3(NODE1) | NODE0 = NODE1
qcost : 10




=== Prime Orbit 356 =====================
size : 2
num_suborbits: 1
801 (*) : 0--00----0----0---------00
801     : ['~ep_epoch0(node0)', '~ep_epoch0(node1)', '~ep_epoch3(node0)', '~held(node1)', '~locked_epoch2(node0)', '~transfer_epoch3(node0)', '~transfer_epoch3(node1)']
802     : 0---0--00------0--------00
802     : ['~ep_epoch0(node0)', '~ep_epoch0(node1)', '~ep_epoch3(node1)', '~held(node0)', '~locked_epoch2(node1)', '~transfer_epoch3(node0)', '~transfer_epoch3(node1)']
num_forall :   2
num_exists :   0
num_literals : 8
quantified form : forall NODE1,NODE0. ep_epoch0(NODE0) | ep_epoch0(NODE1) | ep_epoch3(NODE0) | held(NODE1) | locked_epoch2(NODE0) | transfer_epoch3(NODE0) | transfer_epoch3(NODE1) | NODE0 = NODE1
qcost : 10




=== Prime Orbit 357 =====================
size : 2
num_suborbits: 1
798 (*) : 0---0---0------0-0------00
798     : ['~ep_epoch0(node0)', '~ep_epoch0(node1)', '~held(node0)', '~locked_epoch2(node1)', '~locked_epoch3(node1)', '~transfer_epoch3(node0)', '~transfer_epoch3(node1)']
797     : 0---0----0----0-0-------00
797     : ['~ep_epoch0(node0)', '~ep_epoch0(node1)', '~held(node1)', '~locked_epoch2(node0)', '~locked_epoch3(node0)', '~transfer_epoch3(node0)', '~transfer_epoch3(node1)']
num_forall :   2
num_exists :   0
num_literals : 8
quantified form : forall NODE1,NODE0. ep_epoch0(NODE0) | ep_epoch0(NODE1) | held(NODE1) | locked_epoch2(NODE0) | locked_epoch3(NODE0) | transfer_epoch3(NODE0) | transfer_epoch3(NODE1) | NODE0 = NODE1
qcost : 10




=== Prime Orbit 358 =====================
size : 2
num_suborbits: 1
805 (*) : -000-0---0--------------00
805     : ['~ep_epoch1(node0)', '~ep_epoch1(node1)', '~ep_epoch2(node0)', '~ep_epoch3(node0)', '~held(node1)', '~transfer_epoch3(node0)', '~transfer_epoch3(node1)']
806     : -0---0000---------------00
806     : ['~ep_epoch1(node0)', '~ep_epoch1(node1)', '~ep_epoch2(node1)', '~ep_epoch3(node1)', '~held(node0)', '~transfer_epoch3(node0)', '~transfer_epoch3(node1)']
num_forall :   2
num_exists :   0
num_literals : 8
quantified form : forall NODE1,NODE0. ep_epoch1(NODE0) | ep_epoch1(NODE1) | ep_epoch2(NODE0) | ep_epoch3(NODE0) | held(NODE1) | transfer_epoch3(NODE0) | transfer_epoch3(NODE1) | NODE0 = NODE1
qcost : 10




=== Prime Orbit 359 =====================
size : 2
num_suborbits: 1
803 (*) : -00--0---0------0-------00
803     : ['~ep_epoch1(node0)', '~ep_epoch1(node1)', '~ep_epoch2(node0)', '~held(node1)', '~locked_epoch3(node0)', '~transfer_epoch3(node0)', '~transfer_epoch3(node1)']
804     : -0---00-0--------0------00
804     : ['~ep_epoch1(node0)', '~ep_epoch1(node1)', '~ep_epoch2(node1)', '~held(node0)', '~locked_epoch3(node1)', '~transfer_epoch3(node0)', '~transfer_epoch3(node1)']
num_forall :   2
num_exists :   0
num_literals : 8
quantified form : forall NODE1,NODE0. ep_epoch1(NODE0) | ep_epoch1(NODE1) | ep_epoch2(NODE0) | held(NODE1) | locked_epoch3(NODE0) | transfer_epoch3(NODE0) | transfer_epoch3(NODE1) | NODE0 = NODE1
qcost : 10




=== Prime Orbit 360 =====================
size : 2
num_suborbits: 1
809 (*) : -0-0-0---0----0---------00
809     : ['~ep_epoch1(node0)', '~ep_epoch1(node1)', '~ep_epoch3(node0)', '~held(node1)', '~locked_epoch2(node0)', '~transfer_epoch3(node0)', '~transfer_epoch3(node1)']
810     : -0---0-00------0--------00
810     : ['~ep_epoch1(node0)', '~ep_epoch1(node1)', '~ep_epoch3(node1)', '~held(node0)', '~locked_epoch2(node1)', '~transfer_epoch3(node0)', '~transfer_epoch3(node1)']
num_forall :   2
num_exists :   0
num_literals : 8
quantified form : forall NODE1,NODE0. ep_epoch1(NODE0) | ep_epoch1(NODE1) | ep_epoch3(NODE0) | held(NODE1) | locked_epoch2(NODE0) | transfer_epoch3(NODE0) | transfer_epoch3(NODE1) | NODE0 = NODE1
qcost : 10




=== Prime Orbit 361 =====================
size : 2
num_suborbits: 1
808 (*) : -0---0--0------0-0------00
808     : ['~ep_epoch1(node0)', '~ep_epoch1(node1)', '~held(node0)', '~locked_epoch2(node1)', '~locked_epoch3(node1)', '~transfer_epoch3(node0)', '~transfer_epoch3(node1)']
807     : -0---0---0----0-0-------00
807     : ['~ep_epoch1(node0)', '~ep_epoch1(node1)', '~held(node1)', '~locked_epoch2(node0)', '~locked_epoch3(node0)', '~transfer_epoch3(node0)', '~transfer_epoch3(node1)']
num_forall :   2
num_exists :   0
num_literals : 8
quantified form : forall NODE1,NODE0. ep_epoch1(NODE0) | ep_epoch1(NODE1) | held(NODE1) | locked_epoch2(NODE0) | locked_epoch3(NODE0) | transfer_epoch3(NODE0) | transfer_epoch3(NODE1) | NODE0 = NODE1
qcost : 10




=== Prime Orbit 362 =====================
size : 2
num_suborbits: 1
849 (*) : -1----000-------------0000
849     : ['ep_epoch1(node0)', '~ep_epoch2(node1)', '~ep_epoch3(node1)', '~held(node0)', '~transfer_epoch2(node0)', '~transfer_epoch2(node1)', '~transfer_epoch3(node0)', '~transfer_epoch3(node1)']
850     : --00-1---0------------0000
850     : ['ep_epoch1(node1)', '~ep_epoch2(node0)', '~ep_epoch3(node0)', '~held(node1)', '~transfer_epoch2(node0)', '~transfer_epoch2(node1)', '~transfer_epoch3(node0)', '~transfer_epoch3(node1)']
num_forall :   2
num_exists :   0
num_literals : 9
quantified form : forall NODE1,NODE0. ~ep_epoch1(NODE0) | ep_epoch2(NODE1) | ep_epoch3(NODE1) | held(NODE0) | transfer_epoch2(NODE0) | transfer_epoch2(NODE1) | transfer_epoch3(NODE0) | transfer_epoch3(NODE1) | NODE0 = NODE1
qcost : 11




=== Prime Orbit 363 =====================
size : 2
num_suborbits: 1
847 (*) : -1----0-0--------0----0000
847     : ['ep_epoch1(node0)', '~ep_epoch2(node1)', '~held(node0)', '~locked_epoch3(node1)', '~transfer_epoch2(node0)', '~transfer_epoch2(node1)', '~transfer_epoch3(node0)', '~transfer_epoch3(node1)']
848     : --0--1---0------0-----0000
848     : ['ep_epoch1(node1)', '~ep_epoch2(node0)', '~held(node1)', '~locked_epoch3(node0)', '~transfer_epoch2(node0)', '~transfer_epoch2(node1)', '~transfer_epoch3(node0)', '~transfer_epoch3(node1)']
num_forall :   2
num_exists :   0
num_literals : 9
quantified form : forall NODE1,NODE0. ~ep_epoch1(NODE0) | ep_epoch2(NODE1) | held(NODE0) | locked_epoch3(NODE1) | transfer_epoch2(NODE0) | transfer_epoch2(NODE1) | transfer_epoch3(NODE0) | transfer_epoch3(NODE1) | NODE0 = NODE1
qcost : 11




=== Prime Orbit 364 =====================
size : 2
num_suborbits: 1
843 (*) : -1-----00------0------0000
843     : ['ep_epoch1(node0)', '~ep_epoch3(node1)', '~held(node0)', '~locked_epoch2(node1)', '~transfer_epoch2(node0)', '~transfer_epoch2(node1)', '~transfer_epoch3(node0)', '~transfer_epoch3(node1)']
844     : ---0-1---0----0-------0000
844     : ['ep_epoch1(node1)', '~ep_epoch3(node0)', '~held(node1)', '~locked_epoch2(node0)', '~transfer_epoch2(node0)', '~transfer_epoch2(node1)', '~transfer_epoch3(node0)', '~transfer_epoch3(node1)']
num_forall :   2
num_exists :   0
num_literals : 9
quantified form : forall NODE1,NODE0. ~ep_epoch1(NODE0) | ep_epoch3(NODE1) | held(NODE0) | locked_epoch2(NODE1) | transfer_epoch2(NODE0) | transfer_epoch2(NODE1) | transfer_epoch3(NODE0) | transfer_epoch3(NODE1) | NODE0 = NODE1
qcost : 11




=== Prime Orbit 365 =====================
size : 2
num_suborbits: 1
845 (*) : -1------0------0-0----0000
845     : ['ep_epoch1(node0)', '~held(node0)', '~locked_epoch2(node1)', '~locked_epoch3(node1)', '~transfer_epoch2(node0)', '~transfer_epoch2(node1)', '~transfer_epoch3(node0)', '~transfer_epoch3(node1)']
846     : -----1---0----0-0-----0000
846     : ['ep_epoch1(node1)', '~held(node1)', '~locked_epoch2(node0)', '~locked_epoch3(node0)', '~transfer_epoch2(node0)', '~transfer_epoch2(node1)', '~transfer_epoch3(node0)', '~transfer_epoch3(node1)']
num_forall :   2
num_exists :   0
num_literals : 9
quantified form : forall NODE1,NODE0. ~ep_epoch1(NODE0) | held(NODE0) | locked_epoch2(NODE1) | locked_epoch3(NODE1) | transfer_epoch2(NODE0) | transfer_epoch2(NODE1) | transfer_epoch3(NODE0) | transfer_epoch3(NODE1) | NODE0 = NODE1
qcost : 11




=== Prime Orbit 366 =====================
size : 2
num_suborbits: 1
822 (*) : ------000---1---------0000
822     : ['locked_epoch1(node0)', '~ep_epoch2(node1)', '~ep_epoch3(node1)', '~held(node0)', '~transfer_epoch2(node0)', '~transfer_epoch2(node1)', '~transfer_epoch3(node0)', '~transfer_epoch3(node1)']
821     : --00-----0---1--------0000
821     : ['locked_epoch1(node1)', '~ep_epoch2(node0)', '~ep_epoch3(node0)', '~held(node1)', '~transfer_epoch2(node0)', '~transfer_epoch2(node1)', '~transfer_epoch3(node0)', '~transfer_epoch3(node1)']
num_forall :   2
num_exists :   0
num_literals : 9
quantified form : forall NODE1,NODE0. ~locked_epoch1(NODE0) | ep_epoch2(NODE1) | ep_epoch3(NODE1) | held(NODE0) | transfer_epoch2(NODE0) | transfer_epoch2(NODE1) | transfer_epoch3(NODE0) | transfer_epoch3(NODE1) | NODE0 = NODE1
qcost : 11




=== Prime Orbit 367 =====================
size : 2
num_suborbits: 1
826 (*) : ------0-0---1----0----0000
826     : ['locked_epoch1(node0)', '~ep_epoch2(node1)', '~held(node0)', '~locked_epoch3(node1)', '~transfer_epoch2(node0)', '~transfer_epoch2(node1)', '~transfer_epoch3(node0)', '~transfer_epoch3(node1)']
825     : --0------0---1--0-----0000
825     : ['locked_epoch1(node1)', '~ep_epoch2(node0)', '~held(node1)', '~locked_epoch3(node0)', '~transfer_epoch2(node0)', '~transfer_epoch2(node1)', '~transfer_epoch3(node0)', '~transfer_epoch3(node1)']
num_forall :   2
num_exists :   0
num_literals : 9
quantified form : forall NODE1,NODE0. ~locked_epoch1(NODE0) | ep_epoch2(NODE1) | held(NODE0) | locked_epoch3(NODE1) | transfer_epoch2(NODE0) | transfer_epoch2(NODE1) | transfer_epoch3(NODE0) | transfer_epoch3(NODE1) | NODE0 = NODE1
qcost : 11




=== Prime Orbit 368 =====================
size : 2
num_suborbits: 1
834 (*) : -------00---1--0------0000
834     : ['locked_epoch1(node0)', '~ep_epoch3(node1)', '~held(node0)', '~locked_epoch2(node1)', '~transfer_epoch2(node0)', '~transfer_epoch2(node1)', '~transfer_epoch3(node0)', '~transfer_epoch3(node1)']
833     : ---0-----0---10-------0000
833     : ['locked_epoch1(node1)', '~ep_epoch3(node0)', '~held(node1)', '~locked_epoch2(node0)', '~transfer_epoch2(node0)', '~transfer_epoch2(node1)', '~transfer_epoch3(node0)', '~transfer_epoch3(node1)']
num_forall :   2
num_exists :   0
num_literals : 9
quantified form : forall NODE1,NODE0. ~locked_epoch1(NODE0) | ep_epoch3(NODE1) | held(NODE0) | locked_epoch2(NODE1) | transfer_epoch2(NODE0) | transfer_epoch2(NODE1) | transfer_epoch3(NODE0) | transfer_epoch3(NODE1) | NODE0 = NODE1
qcost : 11




=== Prime Orbit 369 =====================
size : 2
num_suborbits: 1
830 (*) : --------0---1--0-0----0000
830     : ['locked_epoch1(node0)', '~held(node0)', '~locked_epoch2(node1)', '~locked_epoch3(node1)', '~transfer_epoch2(node0)', '~transfer_epoch2(node1)', '~transfer_epoch3(node0)', '~transfer_epoch3(node1)']
829     : ---------0---10-0-----0000
829     : ['locked_epoch1(node1)', '~held(node1)', '~locked_epoch2(node0)', '~locked_epoch3(node0)', '~transfer_epoch2(node0)', '~transfer_epoch2(node1)', '~transfer_epoch3(node0)', '~transfer_epoch3(node1)']
num_forall :   2
num_exists :   0
num_literals : 9
quantified form : forall NODE1,NODE0. ~locked_epoch1(NODE0) | held(NODE0) | locked_epoch2(NODE1) | locked_epoch3(NODE1) | transfer_epoch2(NODE0) | transfer_epoch2(NODE1) | transfer_epoch3(NODE0) | transfer_epoch3(NODE1) | NODE0 = NODE1
qcost : 11




=== Prime Orbit 370 =====================
size : 2
num_suborbits: 1
820 (*) : 0-----000-------------0000
820     : ['~ep_epoch0(node0)', '~ep_epoch2(node1)', '~ep_epoch3(node1)', '~held(node0)', '~transfer_epoch2(node0)', '~transfer_epoch2(node1)', '~transfer_epoch3(node0)', '~transfer_epoch3(node1)']
819     : --000----0------------0000
819     : ['~ep_epoch0(node1)', '~ep_epoch2(node0)', '~ep_epoch3(node0)', '~held(node1)', '~transfer_epoch2(node0)', '~transfer_epoch2(node1)', '~transfer_epoch3(node0)', '~transfer_epoch3(node1)']
num_forall :   2
num_exists :   0
num_literals : 9
quantified form : forall NODE1,NODE0. ep_epoch0(NODE0) | ep_epoch2(NODE1) | ep_epoch3(NODE1) | held(NODE0) | transfer_epoch2(NODE0) | transfer_epoch2(NODE1) | transfer_epoch3(NODE0) | transfer_epoch3(NODE1) | NODE0 = NODE1
qcost : 11




=== Prime Orbit 371 =====================
size : 2
num_suborbits: 1
824 (*) : 0-----0-0--------0----0000
824     : ['~ep_epoch0(node0)', '~ep_epoch2(node1)', '~held(node0)', '~locked_epoch3(node1)', '~transfer_epoch2(node0)', '~transfer_epoch2(node1)', '~transfer_epoch3(node0)', '~transfer_epoch3(node1)']
823     : --0-0----0------0-----0000
823     : ['~ep_epoch0(node1)', '~ep_epoch2(node0)', '~held(node1)', '~locked_epoch3(node0)', '~transfer_epoch2(node0)', '~transfer_epoch2(node1)', '~transfer_epoch3(node0)', '~transfer_epoch3(node1)']
num_forall :   2
num_exists :   0
num_literals : 9
quantified form : forall NODE1,NODE0. ep_epoch0(NODE0) | ep_epoch2(NODE1) | held(NODE0) | locked_epoch3(NODE1) | transfer_epoch2(NODE0) | transfer_epoch2(NODE1) | transfer_epoch3(NODE0) | transfer_epoch3(NODE1) | NODE0 = NODE1
qcost : 11




=== Prime Orbit 372 =====================
size : 2
num_suborbits: 1
832 (*) : 0------00------0------0000
832     : ['~ep_epoch0(node0)', '~ep_epoch3(node1)', '~held(node0)', '~locked_epoch2(node1)', '~transfer_epoch2(node0)', '~transfer_epoch2(node1)', '~transfer_epoch3(node0)', '~transfer_epoch3(node1)']
831     : ---00----0----0-------0000
831     : ['~ep_epoch0(node1)', '~ep_epoch3(node0)', '~held(node1)', '~locked_epoch2(node0)', '~transfer_epoch2(node0)', '~transfer_epoch2(node1)', '~transfer_epoch3(node0)', '~transfer_epoch3(node1)']
num_forall :   2
num_exists :   0
num_literals : 9
quantified form : forall NODE1,NODE0. ep_epoch0(NODE0) | ep_epoch3(NODE1) | held(NODE0) | locked_epoch2(NODE1) | transfer_epoch2(NODE0) | transfer_epoch2(NODE1) | transfer_epoch3(NODE0) | transfer_epoch3(NODE1) | NODE0 = NODE1
qcost : 11




=== Prime Orbit 373 =====================
size : 2
num_suborbits: 1
828 (*) : 0-------0------0-0----0000
828     : ['~ep_epoch0(node0)', '~held(node0)', '~locked_epoch2(node1)', '~locked_epoch3(node1)', '~transfer_epoch2(node0)', '~transfer_epoch2(node1)', '~transfer_epoch3(node0)', '~transfer_epoch3(node1)']
827     : ----0----0----0-0-----0000
827     : ['~ep_epoch0(node1)', '~held(node1)', '~locked_epoch2(node0)', '~locked_epoch3(node0)', '~transfer_epoch2(node0)', '~transfer_epoch2(node1)', '~transfer_epoch3(node0)', '~transfer_epoch3(node1)']
num_forall :   2
num_exists :   0
num_literals : 9
quantified form : forall NODE1,NODE0. ep_epoch0(NODE0) | held(NODE0) | locked_epoch2(NODE1) | locked_epoch3(NODE1) | transfer_epoch2(NODE0) | transfer_epoch2(NODE1) | transfer_epoch3(NODE0) | transfer_epoch3(NODE1) | NODE0 = NODE1
qcost : 11




=== Prime Orbit 374 =====================
size : 2
num_suborbits: 1
818 (*) : -000-----0------------0000
818     : ['~ep_epoch1(node0)', '~ep_epoch2(node0)', '~ep_epoch3(node0)', '~held(node1)', '~transfer_epoch2(node0)', '~transfer_epoch2(node1)', '~transfer_epoch3(node0)', '~transfer_epoch3(node1)']
817     : -----0000-------------0000
817     : ['~ep_epoch1(node1)', '~ep_epoch2(node1)', '~ep_epoch3(node1)', '~held(node0)', '~transfer_epoch2(node0)', '~transfer_epoch2(node1)', '~transfer_epoch3(node0)', '~transfer_epoch3(node1)']
num_forall :   2
num_exists :   0
num_literals : 9
quantified form : forall NODE1,NODE0. ep_epoch1(NODE0) | ep_epoch2(NODE0) | ep_epoch3(NODE0) | held(NODE1) | transfer_epoch2(NODE0) | transfer_epoch2(NODE1) | transfer_epoch3(NODE0) | transfer_epoch3(NODE1) | NODE0 = NODE1
qcost : 11




=== Prime Orbit 375 =====================
size : 2
num_suborbits: 1
816 (*) : -00------0------0-----0000
816     : ['~ep_epoch1(node0)', '~ep_epoch2(node0)', '~held(node1)', '~locked_epoch3(node0)', '~transfer_epoch2(node0)', '~transfer_epoch2(node1)', '~transfer_epoch3(node0)', '~transfer_epoch3(node1)']
815     : -----00-0--------0----0000
815     : ['~ep_epoch1(node1)', '~ep_epoch2(node1)', '~held(node0)', '~locked_epoch3(node1)', '~transfer_epoch2(node0)', '~transfer_epoch2(node1)', '~transfer_epoch3(node0)', '~transfer_epoch3(node1)']
num_forall :   2
num_exists :   0
num_literals : 9
quantified form : forall NODE1,NODE0. ep_epoch1(NODE0) | ep_epoch2(NODE0) | held(NODE1) | locked_epoch3(NODE0) | transfer_epoch2(NODE0) | transfer_epoch2(NODE1) | transfer_epoch3(NODE0) | transfer_epoch3(NODE1) | NODE0 = NODE1
qcost : 11




=== Prime Orbit 376 =====================
size : 2
num_suborbits: 1
814 (*) : -0-0-----0----0-------0000
814     : ['~ep_epoch1(node0)', '~ep_epoch3(node0)', '~held(node1)', '~locked_epoch2(node0)', '~transfer_epoch2(node0)', '~transfer_epoch2(node1)', '~transfer_epoch3(node0)', '~transfer_epoch3(node1)']
813     : -----0-00------0------0000
813     : ['~ep_epoch1(node1)', '~ep_epoch3(node1)', '~held(node0)', '~locked_epoch2(node1)', '~transfer_epoch2(node0)', '~transfer_epoch2(node1)', '~transfer_epoch3(node0)', '~transfer_epoch3(node1)']
num_forall :   2
num_exists :   0
num_literals : 9
quantified form : forall NODE1,NODE0. ep_epoch1(NODE0) | ep_epoch3(NODE0) | held(NODE1) | locked_epoch2(NODE0) | transfer_epoch2(NODE0) | transfer_epoch2(NODE1) | transfer_epoch3(NODE0) | transfer_epoch3(NODE1) | NODE0 = NODE1
qcost : 11




=== Prime Orbit 377 =====================
size : 2
num_suborbits: 1
812 (*) : -0-------0----0-0-----0000
812     : ['~ep_epoch1(node0)', '~held(node1)', '~locked_epoch2(node0)', '~locked_epoch3(node0)', '~transfer_epoch2(node0)', '~transfer_epoch2(node1)', '~transfer_epoch3(node0)', '~transfer_epoch3(node1)']
811     : -----0--0------0-0----0000
811     : ['~ep_epoch1(node1)', '~held(node0)', '~locked_epoch2(node1)', '~locked_epoch3(node1)', '~transfer_epoch2(node0)', '~transfer_epoch2(node1)', '~transfer_epoch3(node0)', '~transfer_epoch3(node1)']
num_forall :   2
num_exists :   0
num_literals : 9
quantified form : forall NODE1,NODE0. ep_epoch1(NODE0) | held(NODE1) | locked_epoch2(NODE0) | locked_epoch3(NODE0) | transfer_epoch2(NODE0) | transfer_epoch2(NODE1) | transfer_epoch3(NODE0) | transfer_epoch3(NODE1) | NODE0 = NODE1
qcost : 11




=== Prime Orbit 378 =====================
size : 2
num_suborbits: 1
841 (*) : --00-----0--0---------0000
841     : ['~ep_epoch2(node0)', '~ep_epoch3(node0)', '~held(node1)', '~locked_epoch1(node0)', '~transfer_epoch2(node0)', '~transfer_epoch2(node1)', '~transfer_epoch3(node0)', '~transfer_epoch3(node1)']
842     : ------000----0--------0000
842     : ['~ep_epoch2(node1)', '~ep_epoch3(node1)', '~held(node0)', '~locked_epoch1(node1)', '~transfer_epoch2(node0)', '~transfer_epoch2(node1)', '~transfer_epoch3(node0)', '~transfer_epoch3(node1)']
num_forall :   2
num_exists :   0
num_literals : 9
quantified form : forall NODE1,NODE0. ep_epoch2(NODE0) | ep_epoch3(NODE0) | held(NODE1) | locked_epoch1(NODE0) | transfer_epoch2(NODE0) | transfer_epoch2(NODE1) | transfer_epoch3(NODE0) | transfer_epoch3(NODE1) | NODE0 = NODE1
qcost : 11




=== Prime Orbit 379 =====================
size : 2
num_suborbits: 1
839 (*) : --0------0--0---0-----0000
839     : ['~ep_epoch2(node0)', '~held(node1)', '~locked_epoch1(node0)', '~locked_epoch3(node0)', '~transfer_epoch2(node0)', '~transfer_epoch2(node1)', '~transfer_epoch3(node0)', '~transfer_epoch3(node1)']
840     : ------0-0----0---0----0000
840     : ['~ep_epoch2(node1)', '~held(node0)', '~locked_epoch1(node1)', '~locked_epoch3(node1)', '~transfer_epoch2(node0)', '~transfer_epoch2(node1)', '~transfer_epoch3(node0)', '~transfer_epoch3(node1)']
num_forall :   2
num_exists :   0
num_literals : 9
quantified form : forall NODE1,NODE0. ep_epoch2(NODE0) | held(NODE1) | locked_epoch1(NODE0) | locked_epoch3(NODE0) | transfer_epoch2(NODE0) | transfer_epoch2(NODE1) | transfer_epoch3(NODE0) | transfer_epoch3(NODE1) | NODE0 = NODE1
qcost : 11




=== Prime Orbit 380 =====================
size : 2
num_suborbits: 1
835 (*) : ---0-----0--0-0-------0000
835     : ['~ep_epoch3(node0)', '~held(node1)', '~locked_epoch1(node0)', '~locked_epoch2(node0)', '~transfer_epoch2(node0)', '~transfer_epoch2(node1)', '~transfer_epoch3(node0)', '~transfer_epoch3(node1)']
836     : -------00----0-0------0000
836     : ['~ep_epoch3(node1)', '~held(node0)', '~locked_epoch1(node1)', '~locked_epoch2(node1)', '~transfer_epoch2(node0)', '~transfer_epoch2(node1)', '~transfer_epoch3(node0)', '~transfer_epoch3(node1)']
num_forall :   2
num_exists :   0
num_literals : 9
quantified form : forall NODE1,NODE0. ep_epoch3(NODE0) | held(NODE1) | locked_epoch1(NODE0) | locked_epoch2(NODE0) | transfer_epoch2(NODE0) | transfer_epoch2(NODE1) | transfer_epoch3(NODE0) | transfer_epoch3(NODE1) | NODE0 = NODE1
qcost : 11




=== Prime Orbit 381 =====================
size : 2
num_suborbits: 1
838 (*) : --------0----0-0-0----0000
838     : ['~held(node0)', '~locked_epoch1(node1)', '~locked_epoch2(node1)', '~locked_epoch3(node1)', '~transfer_epoch2(node0)', '~transfer_epoch2(node1)', '~transfer_epoch3(node0)', '~transfer_epoch3(node1)']
837     : ---------0--0-0-0-----0000
837     : ['~held(node1)', '~locked_epoch1(node0)', '~locked_epoch2(node0)', '~locked_epoch3(node0)', '~transfer_epoch2(node0)', '~transfer_epoch2(node1)', '~transfer_epoch3(node0)', '~transfer_epoch3(node1)']
num_forall :   2
num_exists :   0
num_literals : 9
quantified form : forall NODE1,NODE0. held(NODE0) | locked_epoch1(NODE1) | locked_epoch2(NODE1) | locked_epoch3(NODE1) | transfer_epoch2(NODE0) | transfer_epoch2(NODE1) | transfer_epoch3(NODE0) | transfer_epoch3(NODE1) | NODE0 = NODE1
qcost : 11



[QRM NOTE]: Time elapsed since start: 13.208 seconds

[QRM NOTE]: Time elapsed since last: 3.047 seconds

[QRM NOTE]: Peak memory: 3319469 bytes


===============================================================================================

	[MIN]: Minimization on [ivybench/total/ivy/distributed_lock.ivy: node=2,epoch=4]

===============================================================================================


==============================================================================================================

	[MIN RESULT]: Minimized Invariants on [ivybench/total/ivy/distributed_lock.ivy: node=2,epoch=4]

==============================================================================================================

[MIN NOTE]: number of minimal solution found: 1

[MIN NOTE]: upper bound: 95

[MIN NOTE]: maximum branch and bound depth: 16

[MIN NOTE]: number of definitions: 0

[MIN NOTE]: number of equality relations: 1

invariant [eq_0] forall NODE,EPOCH. locked(EPOCH,NODE) = transfer(EPOCH,NODE) # equivalence relation, qcost: 4

[MIN NOTE]: Solution 0 : [0, 1, 34, 35, 33, 43, 44, 45, 46, 36, 38, 41, 63, 239, 194, 200, 31, 324, 349, 322, 347, 353, 377, 64, 48]

[MIN NOTE]: solution length: 25

invariant [invar_0] forall NODE0. ~locked_epoch0(NODE0) # qcost: 2

invariant [invar_1] forall NODE0. ~transfer_epoch1(NODE0) # qcost: 2

invariant [invar_34] forall NODE1,NODE0. ~held(NODE0) | ~transfer_epoch3(NODE1) # qcost: 4

invariant [invar_35] exists NODE0. ~locked_epoch1(NODE0) # qcost: 2

invariant [invar_33] forall NODE1,NODE0. ~held(NODE0) | ~transfer_epoch2(NODE1) # qcost: 4

invariant [invar_43] exists NODE0. ~transfer_epoch2(NODE0) # qcost: 2

invariant [invar_44] forall NODE1,NODE0. ~transfer_epoch2(NODE0) | ~transfer_epoch3(NODE1) # qcost: 4

invariant [invar_45] exists NODE0. ~transfer_epoch3(NODE0) # qcost: 2

invariant [invar_46] exists NODE0. locked_epoch1(NODE0) # qcost: 2

invariant [invar_36] exists NODE0. ~locked_epoch2(NODE0) # qcost: 2

invariant [invar_38] exists NODE0. ~locked_epoch3(NODE0) # qcost: 2

invariant [invar_41] forall NODE0. ~locked_epoch3(NODE0) | ep_epoch3(NODE0) # qcost: 3

invariant [invar_63] forall NODE0. ~locked_epoch2(NODE0) | ep_epoch2(NODE0) | held(NODE0) # qcost: 4

invariant [invar_239] forall NODE0. ep_epoch0(NODE0) | ep_epoch1(NODE0) | held(NODE0) | locked_epoch2(NODE0) # qcost: 5

invariant [invar_194] forall NODE1,NODE0. ~locked_epoch1(NODE0) | ep_epoch0(NODE1) | ep_epoch2(NODE1) | locked_epoch3(NODE1) | NODE0 = NODE1 # qcost: 7

invariant [invar_200] forall NODE0. ~locked_epoch1(NODE0) | ep_epoch1(NODE0) | ep_epoch2(NODE0) | locked_epoch3(NODE0) # qcost: 5

invariant [invar_31] exists NODE0. ~held(NODE0) # qcost: 2

invariant [invar_324] exists NODE0. ep_epoch0(NODE0) | locked_epoch2(NODE0) | locked_epoch3(NODE0) # qcost: 4

invariant [invar_349] exists NODE0. ep_epoch1(NODE0) | locked_epoch2(NODE0) | locked_epoch3(NODE0) # qcost: 4

invariant [invar_322] exists NODE0. ep_epoch0(NODE0) | held(NODE0) | transfer_epoch3(NODE0) # qcost: 4

invariant [invar_347] exists NODE0. ep_epoch1(NODE0) | held(NODE0) | transfer_epoch3(NODE0) # qcost: 4

invariant [invar_353] exists NODE0. held(NODE0) | transfer_epoch2(NODE0) | transfer_epoch3(NODE0) # qcost: 4

invariant [invar_377] forall NODE1,NODE0. ep_epoch1(NODE0) | held(NODE1) | locked_epoch2(NODE0) | locked_epoch3(NODE0) | transfer_epoch2(NODE0) | transfer_epoch2(NODE1) | transfer_epoch3(NODE0) | transfer_epoch3(NODE1) | NODE0 = NODE1 # qcost: 11

invariant [invar_64] forall NODE0. ~locked_epoch2(NODE0) | ep_epoch2(NODE0) | locked_epoch3(NODE0) # qcost: 4

invariant [invar_48] forall NODE1,NODE0. ~ep_epoch1(NODE0) | ~ep_epoch2(NODE1) | ~held(NODE0) | NODE0 = NODE1 # qcost: 6

[MIN NOTE]: number of total invariants: 26

[MIN NOTE]: total qCost: 99




[QRM NOTE]: Time elapsed since start: 17.343 seconds

[QRM NOTE]: Time elapsed since last: 4.134 seconds

[QRM NOTE]: Peak memory: 3346747 bytes


=================================================================================================================

	[MIN_CHECK] Minimization Sanity Check on [ivybench/total/ivy/distributed_lock.ivy: node=2,epoch=4]

=================================================================================================================

Minimization check for Solution 0

/home/jonahkel/QSM-Cutoff/ivy/ivy/ivy_to_cpp.py:151: SyntaxWarning: invalid escape sequence '\.'
  puncs = re.compile('[\.\[\]]')
/home/jonahkel/QSM-Cutoff/env/lib/python3.12/site-packages/ivy/ivy_to_cpp.py:151: SyntaxWarning: invalid escape sequence '\.'
  puncs = re.compile('[\.\[\]]')
/home/jonahkel/QSM-Cutoff/env/lib/python3.12/site-packages/ivy/z3/z3core.py:5: UserWarning: pkg_resources is deprecated as an API. See https://setuptools.pypa.io/en/latest/pkg_resources.html. The pkg_resources package is slated for removal as early as 2025-11-30. Refrain from using this package or pin to Setuptools<81.
  import pkg_resources
/home/jonahkel/QSM-Cutoff/env/lib/python3.12/site-packages/ivy/z3/z3core.py:5: UserWarning: pkg_resources is deprecated as an API. See https://setuptools.pypa.io/en/latest/pkg_resources.html. The pkg_resources package is slated for removal as early as 2025-11-30. Refrain from using this package or pin to Setuptools<81.
  import pkg_resources
Traceback (most recent call last):
  File "/home/jonahkel/.vscode-server/extensions/ms-python.debugpy-2025.18.0-linux-x64/bundled/libs/debugpy/_vendored/pydevd/pydevd.py", line 3729, in <module>
    main()
  File "/home/jonahkel/.vscode-server/extensions/ms-python.debugpy-2025.18.0-linux-x64/bundled/libs/debugpy/_vendored/pydevd/pydevd.py", line 3714, in main
    globals = debugger.run(setup["file"], None, None, is_module)
              ^^^^^^^^^^^^^^^^^^^^^^^^^^^^^^^^^^^^^^^^^^^^^^^^^^
  File "/home/jonahkel/.vscode-server/extensions/ms-python.debugpy-2025.18.0-linux-x64/bundled/libs/debugpy/_vendored/pydevd/pydevd.py", line 2698, in run
    return self._exec(is_module, entry_point_fn, module_name, file, globals, locals)
           ^^^^^^^^^^^^^^^^^^^^^^^^^^^^^^^^^^^^^^^^^^^^^^^^^^^^^^^^^^^^^^^^^^^^^^^^^
  File "/home/jonahkel/.vscode-server/extensions/ms-python.debugpy-2025.18.0-linux-x64/bundled/libs/debugpy/_vendored/pydevd/pydevd.py", line 2706, in _exec
    globals = pydevd_runpy.run_path(file, globals, "__main__")
              ^^^^^^^^^^^^^^^^^^^^^^^^^^^^^^^^^^^^^^^^^^^^^^^^
  File "/home/jonahkel/.vscode-server/extensions/ms-python.debugpy-2025.18.0-linux-x64/bundled/libs/debugpy/_vendored/pydevd/_pydevd_bundle/pydevd_runpy.py", line 310, in run_path
    return _run_module_code(code, init_globals, run_name, pkg_name=pkg_name, script_name=fname)
           ^^^^^^^^^^^^^^^^^^^^^^^^^^^^^^^^^^^^^^^^^^^^^^^^^^^^^^^^^^^^^^^^^^^^^^^^^^^^^^^^^^^^
  File "/home/jonahkel/.vscode-server/extensions/ms-python.debugpy-2025.18.0-linux-x64/bundled/libs/debugpy/_vendored/pydevd/_pydevd_bundle/pydevd_runpy.py", line 127, in _run_module_code
    _run_code(code, mod_globals, init_globals, mod_name, mod_spec, pkg_name, script_name)
  File "/home/jonahkel/.vscode-server/extensions/ms-python.debugpy-2025.18.0-linux-x64/bundled/libs/debugpy/_vendored/pydevd/_pydevd_bundle/pydevd_runpy.py", line 118, in _run_code
    exec(code, run_globals)
  File "qrm.py", line 262, in <module>
    qrm(sys.argv[1], sys.argv[2:])
  File "qrm.py", line 238, in qrm
    sanity_result = minimizer.minimization_check(protocol)
                    ^^^^^^^^^^^^^^^^^^^^^^^^^^^^^^^^^^^^^^
  File "/home/jonahkel/QSM-Cutoff/minimize.py", line 417, in minimization_check
    result = result and self._compare_symmetry_quotient(sol_id, invariants, protocol)
                        ^^^^^^^^^^^^^^^^^^^^^^^^^^^^^^^^^^^^^^^^^^^^^^^^^^^^^^^^^^^^^
  File "/home/jonahkel/QSM-Cutoff/minimize.py", line 372, in _compare_symmetry_quotient
    self.cover.init_minimization_check_solver(invariants, protocol)
  File "/home/jonahkel/QSM-Cutoff/cover_constraints.py", line 356, in init_minimization_check_solver
    orbit_fmla_var = self.tseitin_encode(invar, is_root=False)
                     ^^^^^^^^^^^^^^^^^^^^^^^^^^^^^^^^^^^^^^^^^
  File "/home/jonahkel/QSM-Cutoff/cover_constraints.py", line 94, in tseitin_encode
    args = [self.tseitin_encode(arg, is_root) for arg in symbol.args]
            ^^^^^^^^^^^^^^^^^^^^^^^^^^^^^^^^^
  File "/home/jonahkel/QSM-Cutoff/cover_constraints.py", line 88, in tseitin_encode
    return -1*self.tseitin_encode(symbol.args[0], is_root)
              ^^^^^^^^^^^^^^^^^^^^^^^^^^^^^^^^^^^^^^^^^^^^
  File "/home/jonahkel/QSM-Cutoff/cover_constraints.py", line 90, in tseitin_encode
    assert( isinstance(symbol, il.And) or isinstance(symbol, il.Or) )
            ^^^^^^^^^^^^^^^^^^^^^^^^^^^^^^^^^^^^^^^^^^^^^^^^^^^^^^^
AssertionError
Exception ignored in: <function ITotalizer.__del__ at 0xb42f8846020>
Traceback (most recent call last):
  File "/home/jonahkel/QSM-Cutoff/env/lib/python3.12/site-packages/pysat/card.py", line 585, in __del__
  File "/home/jonahkel/QSM-Cutoff/env/lib/python3.12/site-packages/pysat/card.py", line 550, in delete
TypeError: 'NoneType' object is not callable
Exception ignored in: <function Cadical153.__del__ at 0xb42f8825120>
Traceback (most recent call last):
  File "/home/jonahkel/QSM-Cutoff/env/lib/python3.12/site-packages/pysat/solvers.py", line 1897, in __del__
  File "/home/jonahkel/QSM-Cutoff/env/lib/python3.12/site-packages/pysat/solvers.py", line 1960, in delete
TypeError: 'NoneType' object is not callable
Exception ignored in: <function Glucose4.__del__ at 0xb42f882bba0>
Traceback (most recent call last):
  File "/home/jonahkel/QSM-Cutoff/env/lib/python3.12/site-packages/pysat/solvers.py", line 3862, in __del__
  File "/home/jonahkel/QSM-Cutoff/env/lib/python3.12/site-packages/pysat/solvers.py", line 3924, in delete
TypeError: 'NoneType' object is not callable
Exception ignored in: <function Cadical153.__del__ at 0xb42f8825120>
Traceback (most recent call last):
  File "/home/jonahkel/QSM-Cutoff/env/lib/python3.12/site-packages/pysat/solvers.py", line 1897, in __del__
  File "/home/jonahkel/QSM-Cutoff/env/lib/python3.12/site-packages/pysat/solvers.py", line 1960, in delete
TypeError: 'NoneType' object is not callable
Exception ignored in: <function Cadical153.__del__ at 0xb42f8825120>
Traceback (most recent call last):
  File "/home/jonahkel/QSM-Cutoff/env/lib/python3.12/site-packages/pysat/solvers.py", line 1897, in __del__
  File "/home/jonahkel/QSM-Cutoff/env/lib/python3.12/site-packages/pysat/solvers.py", line 1960, in delete
TypeError: 'NoneType' object is not callable


[QRM NOTE]: Exit with return code 1

[QRM RESULT]: FAIL

[QRM NOTE]: Time elapsed since start: 24.607 seconds

[QRM NOTE]: Time elapsed since last: 24.607 seconds

