
******************************************************************

	[QRM]: ivybench/total/ivy/distributed_lock.ivy

******************************************************************


************************************************************************************************

	[Synthesize Rmin]: [ivybench/total/ivy/distributed_lock.ivy: node=2,epoch=4]

************************************************************************************************

python3 qrm.py ivybench/total/ivy/distributed_lock.ivy -s node=2,epoch=4 -f 1 -g -w -v 4 -l test.log -y -a -k

epoch


======================================================================================================

	[FW]: Forward Reachability on [ivybench/total/ivy/distributed_lock.ivy: node=2,epoch=4]

======================================================================================================


==============================================

	Set up for forward reachability

==============================================

[FW NOTE]: number of state atoms: 26

[FW NOTE]: number of interpreted atoms (e.g. member,le): 30

[FW NOTE]: symmetric group order: 48

[FW NOTE]: number of branching actions: 24

ivy_to_cpp target=qrm distributed_lock.node_2_epoch_4.finite.ivy

[IVY_TO_CPP RESULT]: OK

swig -c++ -python -o distributed_lock.node_2_epoch_4.finite_wrap.cpp ivy_exec.i

[SWIG RESULT]: OK

g++ -std=c++11 -fpic -pthread -O3 distributed_lock.node_2_epoch_4.finite.cpp distributed_lock.node_2_epoch_4.finite_wrap.cpp -I/usr/include/python3.12 -c

[G++ RESULT]: OK

g++ -shared distributed_lock.node_2_epoch_4.finite.o distributed_lock.node_2_epoch_4.finite_wrap.o -o _ivy_exec.so -lm -lstdc++

[LINK RESULT]: OK

[QRM NOTE]: Time elapsed since start: 7.738 seconds

[QRM NOTE]: Time elapsed since last: 7.738 seconds

[QRM NOTE]: Peak memory: 881176 bytes


===================================

	Forward reachability

===================================

[FW NOTE]: dfs max depth: 4

[FW NOTE]: number of total reachable states:        26

[FW NOTE]: number of dfs representative states:     13

[FW NOTE]: number of dfs non-representative states: 13


=============================================================================================================

	[FW RESULT]: Forward Reachability on [ivybench/total/ivy/distributed_lock.ivy: node=2,epoch=4]

=============================================================================================================

sort: node=['node0', 'node1']
sort: epoch=['epoch0', 'epoch1', 'epoch2', 'epoch3']
predicate: locked('epoch', 'node')
predicate: first=('node',)
predicate: le('epoch', 'epoch')
predicate: held('node',)
predicate: transfer('epoch', 'node')
predicate: max=('epoch',)
predicate: ep=('node', 'epoch')
predicate: firste=('epoch',)
predicate: zero=('epoch',)
interpreted atoms: {'(first=node0)': '1', '(first=node1)': '0', '(firste=epoch0)': '0', '(firste=epoch1)': '1', '(firste=epoch2)': '0', '(firste=epoch3)': '0', 'le(epoch0,epoch0)': '1', 'le(epoch0,epoch1)': '1', 'le(epoch0,epoch2)': '1', 'le(epoch0,epoch3)': '1', 'le(epoch1,epoch0)': '0', 'le(epoch1,epoch1)': '1', 'le(epoch1,epoch2)': '1', 'le(epoch1,epoch3)': '1', 'le(epoch2,epoch0)': '0', 'le(epoch2,epoch1)': '0', 'le(epoch2,epoch2)': '1', 'le(epoch2,epoch3)': '1', 'le(epoch3,epoch0)': '0', 'le(epoch3,epoch1)': '0', 'le(epoch3,epoch2)': '0', 'le(epoch3,epoch3)': '1', '(max=epoch0)': '0', '(max=epoch1)': '0', '(max=epoch2)': '0', '(max=epoch3)': '1', '(zero=epoch0)': '1', '(zero=epoch1)': '0', '(zero=epoch2)': '0', '(zero=epoch3)': '0'}
state atoms: ['(ep(node0)=epoch0)', '(ep(node0)=epoch1)', '(ep(node0)=epoch2)', '(ep(node0)=epoch3)', '(ep(node1)=epoch0)', '(ep(node1)=epoch1)', '(ep(node1)=epoch2)', '(ep(node1)=epoch3)', 'held(node0)', 'held(node1)', 'locked(epoch0,node0)', 'locked(epoch0,node1)', 'locked(epoch1,node0)', 'locked(epoch1,node1)', 'locked(epoch2,node0)', 'locked(epoch2,node1)', 'locked(epoch3,node0)', 'locked(epoch3,node1)', 'transfer(epoch0,node0)', 'transfer(epoch0,node1)', 'transfer(epoch1,node0)', 'transfer(epoch1,node1)', 'transfer(epoch2,node0)', 'transfer(epoch2,node1)', 'transfer(epoch3,node0)', 'transfer(epoch3,node1)']
representative states : 20415732524724504, 20275003626303768, 11410732293239064, 11269996952367384, 6907682421682456, 11269995878625560, 5213335003279640, 20274999331336472, 10280434339885336, 10139697925271832, 5217733049790744, 10139698999013656, 5777384468328728


=== State Orbit 0 =====================
size : 2
repr state: 01001000100010000000000000
lex min decimal: 0x48880024f73118
states:
01001000100010000000000000
10000100010001000000000000

State 0:
ep(node0): epoch1
ep(node1): epoch0
held(node0): 1
locked(epoch1,node0): 1

State 1:
ep(node0): epoch0
ep(node1): epoch1
held(node1): 1
locked(epoch1,node1): 1




=== State Orbit 1 =====================
size : 2
repr state: 01001000000010000000001000
lex min decimal: 0x48080224f73118
states:
01001000000010000000001000
10000100000001000000000100

State 0:
ep(node0): epoch1
ep(node1): epoch0
locked(epoch1,node0): 1
transfer(epoch2,node0): 1

State 1:
ep(node0): epoch0
ep(node1): epoch1
locked(epoch1,node1): 1
transfer(epoch2,node1): 1




=== State Orbit 2 =====================
size : 2
repr state: 00101000100010100000000000
lex min decimal: 0x288a0024f73118
states:
00101000100010100000000000
10000010010001010000000000

State 0:
ep(node0): epoch2
ep(node1): epoch0
held(node0): 1
locked(epoch1,node0): 1
locked(epoch2,node0): 1

State 1:
ep(node0): epoch0
ep(node1): epoch2
held(node1): 1
locked(epoch1,node1): 1
locked(epoch2,node1): 1




=== State Orbit 3 =====================
size : 2
repr state: 00101000000010100000000010
lex min decimal: 0x280a00a4f73118
states:
00101000000010100000000010
10000010000001010000000001

State 0:
ep(node0): epoch2
ep(node1): epoch0
locked(epoch1,node0): 1
locked(epoch2,node0): 1
transfer(epoch3,node0): 1

State 1:
ep(node0): epoch0
ep(node1): epoch2
locked(epoch1,node1): 1
locked(epoch2,node1): 1
transfer(epoch3,node1): 1




=== State Orbit 4 =====================
size : 2
repr state: 00011000100010101000000000
lex min decimal: 0x188a8024f73118
states:
00011000100010101000000000
10000001010001010100000000

State 0:
ep(node0): epoch3
ep(node1): epoch0
held(node0): 1
locked(epoch1,node0): 1
locked(epoch2,node0): 1
locked(epoch3,node0): 1

State 1:
ep(node0): epoch0
ep(node1): epoch3
held(node1): 1
locked(epoch1,node1): 1
locked(epoch2,node1): 1
locked(epoch3,node1): 1




=== State Orbit 5 =====================
size : 2
repr state: 00101000000010100000000001
lex min decimal: 0x280a0064f73118
states:
00101000000010100000000001
10000010000001010000000010

State 0:
ep(node0): epoch2
ep(node1): epoch0
locked(epoch1,node0): 1
locked(epoch2,node0): 1
transfer(epoch3,node1): 1

State 1:
ep(node0): epoch0
ep(node1): epoch2
locked(epoch1,node1): 1
locked(epoch2,node1): 1
transfer(epoch3,node0): 1




=== State Orbit 6 =====================
size : 2
repr state: 00100001010010100100000000
lex min decimal: 0x12858024f73118
states:
00100001010010100100000000
00010010100001011000000000

State 0:
ep(node0): epoch2
ep(node1): epoch3
held(node1): 1
locked(epoch1,node0): 1
locked(epoch2,node0): 1
locked(epoch3,node1): 1

State 1:
ep(node0): epoch3
ep(node1): epoch2
held(node0): 1
locked(epoch1,node1): 1
locked(epoch2,node1): 1
locked(epoch3,node0): 1




=== State Orbit 7 =====================
size : 2
repr state: 01001000000010000000000100
lex min decimal: 0x48080124f73118
states:
01001000000010000000000100
10000100000001000000001000

State 0:
ep(node0): epoch1
ep(node1): epoch0
locked(epoch1,node0): 1
transfer(epoch2,node1): 1

State 1:
ep(node0): epoch0
ep(node1): epoch1
locked(epoch1,node1): 1
transfer(epoch2,node0): 1




=== State Orbit 8 =====================
size : 2
repr state: 01000010010010010000000000
lex min decimal: 0x24860024f73118
states:
01000010010010010000000000
00100100100001100000000000

State 0:
ep(node0): epoch1
ep(node1): epoch2
held(node1): 1
locked(epoch1,node0): 1
locked(epoch2,node1): 1

State 1:
ep(node0): epoch2
ep(node1): epoch1
held(node0): 1
locked(epoch1,node1): 1
locked(epoch2,node0): 1




=== State Orbit 9 =====================
size : 2
repr state: 01000010000010010000000010
lex min decimal: 0x24060064f73118
states:
01000010000010010000000010
00100100000001100000000001

State 0:
ep(node0): epoch1
ep(node1): epoch2
locked(epoch1,node0): 1
locked(epoch2,node1): 1
transfer(epoch3,node0): 1

State 1:
ep(node0): epoch2
ep(node1): epoch1
locked(epoch1,node1): 1
locked(epoch2,node0): 1
transfer(epoch3,node1): 1




=== State Orbit 10 =====================
size : 2
repr state: 00010010100010011000000000
lex min decimal: 0x12898024f73118
states:
00010010100010011000000000
00100001010001100100000000

State 0:
ep(node0): epoch3
ep(node1): epoch2
held(node0): 1
locked(epoch1,node0): 1
locked(epoch2,node1): 1
locked(epoch3,node0): 1

State 1:
ep(node0): epoch2
ep(node1): epoch3
held(node1): 1
locked(epoch1,node1): 1
locked(epoch2,node0): 1
locked(epoch3,node1): 1




=== State Orbit 11 =====================
size : 2
repr state: 01000010000010010000000001
lex min decimal: 0x240600a4f73118
states:
01000010000010010000000001
00100100000001100000000010

State 0:
ep(node0): epoch1
ep(node1): epoch2
locked(epoch1,node0): 1
locked(epoch2,node1): 1
transfer(epoch3,node1): 1

State 1:
ep(node0): epoch2
ep(node1): epoch1
locked(epoch1,node1): 1
locked(epoch2,node0): 1
transfer(epoch3,node0): 1




=== State Orbit 12 =====================
size : 2
repr state: 01000001010010010100000000
lex min decimal: 0x14868024f73118
states:
01000001010010010100000000
00010100100001101000000000

State 0:
ep(node0): epoch1
ep(node1): epoch3
held(node1): 1
locked(epoch1,node0): 1
locked(epoch2,node1): 1
locked(epoch3,node1): 1

State 1:
ep(node0): epoch3
ep(node1): epoch1
held(node0): 1
locked(epoch1,node1): 1
locked(epoch2,node0): 1
locked(epoch3,node0): 1



[QRM NOTE]: Time elapsed since start: 7.858 seconds

[QRM NOTE]: Time elapsed since last: 0.120 seconds

[QRM NOTE]: Peak memory: 495275 bytes


==================================

	Curry Ordered Sorts

==================================


---------- Currying Ordered Sorts ----------

[CURRY]: curried 24 atoms

[CURRY]: curried state atoms: ['ep_epoch0(node0)', 'ep_epoch1(node0)', 'ep_epoch2(node0)', 'ep_epoch3(node0)', 'ep_epoch0(node1)', 'ep_epoch1(node1)', 'ep_epoch2(node1)', 'ep_epoch3(node1)', 'held(node0)', 'held(node1)', 'locked_epoch0(node0)', 'locked_epoch0(node1)', 'locked_epoch1(node0)', 'locked_epoch1(node1)', 'locked_epoch2(node0)', 'locked_epoch2(node1)', 'locked_epoch3(node0)', 'locked_epoch3(node1)', 'transfer_epoch0(node0)', 'transfer_epoch0(node1)', 'transfer_epoch1(node0)', 'transfer_epoch1(node1)', 'transfer_epoch2(node0)', 'transfer_epoch2(node1)', 'transfer_epoch3(node0)', 'transfer_epoch3(node1)']

[QRM NOTE]: Time elapsed since start: 7.876 seconds

[QRM NOTE]: Time elapsed since last: 0.018 seconds

[QRM NOTE]: Peak memory: 569344 bytes


=============================================================================================================

	[PRIME]: Prime Orbit Generatation on [ivybench/total/ivy/distributed_lock.ivy: node=2,epoch=4]

=============================================================================================================


========================================================================================================

	[PRIME RESULT]: Prime Orbits on [ivybench/total/ivy/distributed_lock.ivy: node=2,epoch=4]

========================================================================================================


=== Prime Orbit 0 =====================
size : 2
num_suborbits: 1
2 (*) : ----------1---------------
2     : ['locked_epoch0(node0)']
3     : -----------1--------------
3     : ['locked_epoch0(node1)']
num_forall :   0
num_exists :   0
num_literals : 0
quantified form : None
qcost : 0


=== Prime Orbit 1 =====================
size : 2
num_suborbits: 1
4 (*) : ------------------1-------
4     : ['transfer_epoch0(node0)']
5     : -------------------1------
5     : ['transfer_epoch0(node1)']
num_forall :   0
num_exists :   0
num_literals : 0
quantified form : None
qcost : 0


=== Prime Orbit 2 =====================
size : 2
num_suborbits: 1
0 (*) : --------------------1-----
0     : ['transfer_epoch1(node0)']
1     : ---------------------1----
1     : ['transfer_epoch1(node1)']
num_forall :   0
num_exists :   0
num_literals : 0
quantified form : None
qcost : 0


=== Prime Orbit 3 =====================
size : 1
num_suborbits: 1
98 (*) : 1---1---------------------
98     : ['ep_epoch0(node0)', 'ep_epoch0(node1)']
num_forall :   0
num_exists :   0
num_literals : 0
quantified form : None
qcost : 0


=== Prime Orbit 4 =====================
size : 2
num_suborbits: 1
28 (*) : 11------------------------
28     : ['ep_epoch0(node0)', 'ep_epoch1(node0)']
29     : ----11--------------------
29     : ['ep_epoch0(node1)', 'ep_epoch1(node1)']
num_forall :   0
num_exists :   0
num_literals : 0
quantified form : None
qcost : 0


=== Prime Orbit 5 =====================
size : 2
num_suborbits: 1
30 (*) : 1-1-----------------------
30     : ['ep_epoch0(node0)', 'ep_epoch2(node0)']
31     : ----1-1-------------------
31     : ['ep_epoch0(node1)', 'ep_epoch2(node1)']
num_forall :   0
num_exists :   0
num_literals : 0
quantified form : None
qcost : 0


=== Prime Orbit 6 =====================
size : 2
num_suborbits: 1
26 (*) : 1--1----------------------
26     : ['ep_epoch0(node0)', 'ep_epoch3(node0)']
27     : ----1--1------------------
27     : ['ep_epoch0(node1)', 'ep_epoch3(node1)']
num_forall :   0
num_exists :   0
num_literals : 0
quantified form : None
qcost : 0


=== Prime Orbit 7 =====================
size : 2
num_suborbits: 1
72 (*) : 1-------1-----------------
72     : ['ep_epoch0(node0)', 'held(node0)']
73     : ----1----1----------------
73     : ['ep_epoch0(node1)', 'held(node1)']
num_forall :   0
num_exists :   0
num_literals : 0
quantified form : None
qcost : 0


=== Prime Orbit 8 =====================
size : 2
num_suborbits: 1
37 (*) : 1-----------1-------------
37     : ['ep_epoch0(node0)', 'locked_epoch1(node0)']
38     : ----1--------1------------
38     : ['ep_epoch0(node1)', 'locked_epoch1(node1)']
num_forall :   0
num_exists :   0
num_literals : 0
quantified form : None
qcost : 0


=== Prime Orbit 9 =====================
size : 2
num_suborbits: 1
41 (*) : 1-------------1-----------
41     : ['ep_epoch0(node0)', 'locked_epoch2(node0)']
42     : ----1----------1----------
42     : ['ep_epoch0(node1)', 'locked_epoch2(node1)']
num_forall :   0
num_exists :   0
num_literals : 0
quantified form : None
qcost : 0


=== Prime Orbit 10 =====================
size : 2
num_suborbits: 1
24 (*) : 1---------------1---------
24     : ['ep_epoch0(node0)', 'locked_epoch3(node0)']
25     : ----1------------1--------
25     : ['ep_epoch0(node1)', 'locked_epoch3(node1)']
num_forall :   0
num_exists :   0
num_literals : 0
quantified form : None
qcost : 0


=== Prime Orbit 11 =====================
size : 2
num_suborbits: 1
39 (*) : 1------------0------------
39     : ['ep_epoch0(node0)', '~locked_epoch1(node1)']
40     : ----1-------0-------------
40     : ['ep_epoch0(node1)', '~locked_epoch1(node0)']
num_forall :   0
num_exists :   0
num_literals : 0
quantified form : None
qcost : 0


=== Prime Orbit 12 =====================
size : 1
num_suborbits: 1
74 (*) : -1---1--------------------
74     : ['ep_epoch1(node0)', 'ep_epoch1(node1)']
num_forall :   0
num_exists :   0
num_literals : 0
quantified form : None
qcost : 0


=== Prime Orbit 13 =====================
size : 2
num_suborbits: 1
16 (*) : -11-----------------------
16     : ['ep_epoch1(node0)', 'ep_epoch2(node0)']
17     : -----11-------------------
17     : ['ep_epoch1(node1)', 'ep_epoch2(node1)']
num_forall :   0
num_exists :   0
num_literals : 0
quantified form : None
qcost : 0


=== Prime Orbit 14 =====================
size : 2
num_suborbits: 1
8 (*) : -1-1----------------------
8     : ['ep_epoch1(node0)', 'ep_epoch3(node0)']
9     : -----1-1------------------
9     : ['ep_epoch1(node1)', 'ep_epoch3(node1)']
num_forall :   0
num_exists :   0
num_literals : 0
quantified form : None
qcost : 0


=== Prime Orbit 15 =====================
size : 2
num_suborbits: 1
47 (*) : -1-----------1------------
47     : ['ep_epoch1(node0)', 'locked_epoch1(node1)']
48     : -----1------1-------------
48     : ['ep_epoch1(node1)', 'locked_epoch1(node0)']
num_forall :   0
num_exists :   0
num_literals : 0
quantified form : None
qcost : 0


=== Prime Orbit 16 =====================
size : 2
num_suborbits: 1
49 (*) : -1------------1-----------
49     : ['ep_epoch1(node0)', 'locked_epoch2(node0)']
50     : -----1---------1----------
50     : ['ep_epoch1(node1)', 'locked_epoch2(node1)']
num_forall :   0
num_exists :   0
num_literals : 0
quantified form : None
qcost : 0


=== Prime Orbit 17 =====================
size : 2
num_suborbits: 1
20 (*) : -1--------------1---------
20     : ['ep_epoch1(node0)', 'locked_epoch3(node0)']
21     : -----1-----------1--------
21     : ['ep_epoch1(node1)', 'locked_epoch3(node1)']
num_forall :   0
num_exists :   0
num_literals : 0
quantified form : None
qcost : 0


=== Prime Orbit 18 =====================
size : 2
num_suborbits: 1
45 (*) : -1----------0-------------
45     : ['ep_epoch1(node0)', '~locked_epoch1(node0)']
46     : -----1-------0------------
46     : ['ep_epoch1(node1)', '~locked_epoch1(node1)']
num_forall :   0
num_exists :   0
num_literals : 0
quantified form : None
qcost : 0


=== Prime Orbit 19 =====================
size : 1
num_suborbits: 1
53 (*) : --1---1-------------------
53     : ['ep_epoch2(node0)', 'ep_epoch2(node1)']
num_forall :   0
num_exists :   0
num_literals : 0
quantified form : None
qcost : 0


=== Prime Orbit 20 =====================
size : 2
num_suborbits: 1
12 (*) : --11----------------------
12     : ['ep_epoch2(node0)', 'ep_epoch3(node0)']
13     : ------11------------------
13     : ['ep_epoch2(node1)', 'ep_epoch3(node1)']
num_forall :   0
num_exists :   0
num_literals : 0
quantified form : None
qcost : 0


=== Prime Orbit 21 =====================
size : 2
num_suborbits: 1
60 (*) : --1------------1----------
60     : ['ep_epoch2(node0)', 'locked_epoch2(node1)']
59     : ------1-------1-----------
59     : ['ep_epoch2(node1)', 'locked_epoch2(node0)']
num_forall :   0
num_exists :   0
num_literals : 0
quantified form : None
qcost : 0


=== Prime Orbit 22 =====================
size : 2
num_suborbits: 1
14 (*) : --1-------------1---------
14     : ['ep_epoch2(node0)', 'locked_epoch3(node0)']
15     : ------1----------1--------
15     : ['ep_epoch2(node1)', 'locked_epoch3(node1)']
num_forall :   0
num_exists :   0
num_literals : 0
quantified form : None
qcost : 0


=== Prime Orbit 23 =====================
size : 4
num_suborbits: 2
93 (*) : --1-------------------1---
93     : ['ep_epoch2(node0)', 'transfer_epoch2(node0)']
94     : --1--------------------1--
94     : ['ep_epoch2(node0)', 'transfer_epoch2(node1)']
95     : ------1---------------1---
95     : ['ep_epoch2(node1)', 'transfer_epoch2(node0)']
92     : ------1----------------1--
92     : ['ep_epoch2(node1)', 'transfer_epoch2(node1)']
num_forall :   0
num_exists :   0
num_literals : 0
quantified form : None
qcost : 0


=== Prime Orbit 24 =====================
size : 2
num_suborbits: 1
51 (*) : --1-----------0-----------
51     : ['ep_epoch2(node0)', '~locked_epoch2(node0)']
52     : ------1--------0----------
52     : ['ep_epoch2(node1)', '~locked_epoch2(node1)']
num_forall :   0
num_exists :   0
num_literals : 0
quantified form : None
qcost : 0


=== Prime Orbit 25 =====================
size : 1
num_suborbits: 1
71 (*) : ---1---1------------------
71     : ['ep_epoch3(node0)', 'ep_epoch3(node1)']
num_forall :   0
num_exists :   0
num_literals : 0
quantified form : None
qcost : 0


=== Prime Orbit 26 =====================
size : 2
num_suborbits: 1
64 (*) : ---1-----1----------------
64     : ['ep_epoch3(node0)', 'held(node1)']
63     : -------11-----------------
63     : ['ep_epoch3(node1)', 'held(node0)']
num_forall :   0
num_exists :   0
num_literals : 0
quantified form : None
qcost : 0


=== Prime Orbit 27 =====================
size : 2
num_suborbits: 1
62 (*) : ---1-------------1--------
62     : ['ep_epoch3(node0)', 'locked_epoch3(node1)']
61     : -------1--------1---------
61     : ['ep_epoch3(node1)', 'locked_epoch3(node0)']
num_forall :   0
num_exists :   0
num_literals : 0
quantified form : None
qcost : 0


=== Prime Orbit 28 =====================
size : 4
num_suborbits: 2
97 (*) : ---1------------------1---
97     : ['ep_epoch3(node0)', 'transfer_epoch2(node0)']
80     : ---1-------------------1--
80     : ['ep_epoch3(node0)', 'transfer_epoch2(node1)']
81     : -------1--------------1---
81     : ['ep_epoch3(node1)', 'transfer_epoch2(node0)']
96     : -------1---------------1--
96     : ['ep_epoch3(node1)', 'transfer_epoch2(node1)']
num_forall :   0
num_exists :   0
num_literals : 0
quantified form : None
qcost : 0


=== Prime Orbit 29 =====================
size : 4
num_suborbits: 2
33 (*) : ---1--------------------1-
33     : ['ep_epoch3(node0)', 'transfer_epoch3(node0)']
10     : ---1---------------------1
10     : ['ep_epoch3(node0)', 'transfer_epoch3(node1)']
11     : -------1----------------1-
11     : ['ep_epoch3(node1)', 'transfer_epoch3(node0)']
34     : -------1-----------------1
34     : ['ep_epoch3(node1)', 'transfer_epoch3(node1)']
num_forall :   0
num_exists :   0
num_literals : 0
quantified form : None
qcost : 0


=== Prime Orbit 30 =====================
size : 2
num_suborbits: 1
66 (*) : ---1----0-----------------
66     : ['ep_epoch3(node0)', '~held(node0)']
65     : -------1-0----------------
65     : ['ep_epoch3(node1)', '~held(node1)']
num_forall :   0
num_exists :   0
num_literals : 0
quantified form : None
qcost : 0


=== Prime Orbit 31 =====================
size : 2
num_suborbits: 1
6 (*) : ---1------------0---------
6     : ['ep_epoch3(node0)', '~locked_epoch3(node0)']
7     : -------1---------0--------
7     : ['ep_epoch3(node1)', '~locked_epoch3(node1)']
num_forall :   0
num_exists :   0
num_literals : 0
quantified form : None
qcost : 0


=== Prime Orbit 32 =====================
size : 1
num_suborbits: 1
54 (*) : --------11----------------
54     : ['held(node0)', 'held(node1)']
num_forall :   0
num_exists :   0
num_literals : 0
quantified form : None
qcost : 0


=== Prime Orbit 33 =====================
size : 2
num_suborbits: 1
56 (*) : --------1--------1--------
56     : ['held(node0)', 'locked_epoch3(node1)']
55     : ---------1------1---------
55     : ['held(node1)', 'locked_epoch3(node0)']
num_forall :   0
num_exists :   0
num_literals : 0
quantified form : None
qcost : 0


=== Prime Orbit 34 =====================
size : 4
num_suborbits: 2
89 (*) : --------1-------------1---
89     : ['held(node0)', 'transfer_epoch2(node0)']
90     : --------1--------------1--
90     : ['held(node0)', 'transfer_epoch2(node1)']
91     : ---------1------------1---
91     : ['held(node1)', 'transfer_epoch2(node0)']
88     : ---------1-------------1--
88     : ['held(node1)', 'transfer_epoch2(node1)']
num_forall :   0
num_exists :   0
num_literals : 0
quantified form : None
qcost : 0


=== Prime Orbit 35 =====================
size : 4
num_suborbits: 2
58 (*) : --------1---------------1-
58     : ['held(node0)', 'transfer_epoch3(node0)']
69     : --------1----------------1
69     : ['held(node0)', 'transfer_epoch3(node1)']
70     : ---------1--------------1-
70     : ['held(node1)', 'transfer_epoch3(node0)']
57     : ---------1---------------1
57     : ['held(node1)', 'transfer_epoch3(node1)']
num_forall :   0
num_exists :   0
num_literals : 0
quantified form : None
qcost : 0


=== Prime Orbit 36 =====================
size : 1
num_suborbits: 1
44 (*) : ------------11------------
44     : ['locked_epoch1(node0)', 'locked_epoch1(node1)']
num_forall :   0
num_exists :   0
num_literals : 0
quantified form : None
qcost : 0


=== Prime Orbit 37 =====================
size : 1
num_suborbits: 1
75 (*) : --------------11----------
75     : ['locked_epoch2(node0)', 'locked_epoch2(node1)']
num_forall :   0
num_exists :   0
num_literals : 0
quantified form : None
qcost : 0


=== Prime Orbit 38 =====================
size : 4
num_suborbits: 2
87 (*) : --------------1-------1---
87     : ['locked_epoch2(node0)', 'transfer_epoch2(node0)']
82     : --------------1--------1--
82     : ['locked_epoch2(node0)', 'transfer_epoch2(node1)']
83     : ---------------1------1---
83     : ['locked_epoch2(node1)', 'transfer_epoch2(node0)']
86     : ---------------1-------1--
86     : ['locked_epoch2(node1)', 'transfer_epoch2(node1)']
num_forall :   0
num_exists :   0
num_literals : 0
quantified form : None
qcost : 0


=== Prime Orbit 39 =====================
size : 1
num_suborbits: 1
99 (*) : ----------------11--------
99     : ['locked_epoch3(node0)', 'locked_epoch3(node1)']
num_forall :   0
num_exists :   0
num_literals : 0
quantified form : None
qcost : 0


=== Prime Orbit 40 =====================
size : 4
num_suborbits: 2
101 (*) : ----------------1-----1---
101     : ['locked_epoch3(node0)', 'transfer_epoch2(node0)']
84     : ----------------1------1--
84     : ['locked_epoch3(node0)', 'transfer_epoch2(node1)']
85     : -----------------1----1---
85     : ['locked_epoch3(node1)', 'transfer_epoch2(node0)']
100     : -----------------1-----1--
100     : ['locked_epoch3(node1)', 'transfer_epoch2(node1)']
num_forall :   0
num_exists :   0
num_literals : 0
quantified form : None
qcost : 0


=== Prime Orbit 41 =====================
size : 4
num_suborbits: 2
35 (*) : ----------------1-------1-
35     : ['locked_epoch3(node0)', 'transfer_epoch3(node0)']
22     : ----------------1--------1
22     : ['locked_epoch3(node0)', 'transfer_epoch3(node1)']
23     : -----------------1------1-
23     : ['locked_epoch3(node1)', 'transfer_epoch3(node0)']
36     : -----------------1-------1
36     : ['locked_epoch3(node1)', 'transfer_epoch3(node1)']
num_forall :   0
num_exists :   0
num_literals : 0
quantified form : None
qcost : 0


=== Prime Orbit 42 =====================
size : 2
num_suborbits: 1
18 (*) : ---0------------1---------
18     : ['locked_epoch3(node0)', '~ep_epoch3(node0)']
19     : -------0---------1--------
19     : ['locked_epoch3(node1)', '~ep_epoch3(node1)']
num_forall :   0
num_exists :   0
num_literals : 0
quantified form : None
qcost : 0


=== Prime Orbit 43 =====================
size : 2
num_suborbits: 1
67 (*) : --------0-------1---------
67     : ['locked_epoch3(node0)', '~held(node0)']
68     : ---------0-------1--------
68     : ['locked_epoch3(node1)', '~held(node1)']
num_forall :   0
num_exists :   0
num_literals : 0
quantified form : None
qcost : 0


=== Prime Orbit 44 =====================
size : 1
num_suborbits: 1
102 (*) : ----------------------11--
102     : ['transfer_epoch2(node0)', 'transfer_epoch2(node1)']
num_forall :   0
num_exists :   0
num_literals : 0
quantified form : None
qcost : 0


=== Prime Orbit 45 =====================
size : 4
num_suborbits: 2
77 (*) : ----------------------1-1-
77     : ['transfer_epoch2(node0)', 'transfer_epoch3(node0)']
79     : ----------------------1--1
79     : ['transfer_epoch2(node0)', 'transfer_epoch3(node1)']
78     : -----------------------11-
78     : ['transfer_epoch2(node1)', 'transfer_epoch3(node0)']
76     : -----------------------1-1
76     : ['transfer_epoch2(node1)', 'transfer_epoch3(node1)']
num_forall :   0
num_exists :   0
num_literals : 0
quantified form : None
qcost : 0


=== Prime Orbit 46 =====================
size : 1
num_suborbits: 1
32 (*) : ------------------------11
32     : ['transfer_epoch3(node0)', 'transfer_epoch3(node1)']
num_forall :   0
num_exists :   0
num_literals : 0
quantified form : None
qcost : 0


=== Prime Orbit 47 =====================
size : 1
num_suborbits: 1
43 (*) : ------------00------------
43     : ['~locked_epoch1(node0)', '~locked_epoch1(node1)']
num_forall :   0
num_exists :   0
num_literals : 0
quantified form : None
qcost : 0


=== Prime Orbit 48 =====================
size : 4
num_suborbits: 2
187 (*) : 1----1------------------1-
187     : ['ep_epoch0(node0)', 'ep_epoch1(node1)', 'transfer_epoch3(node0)']
212     : 1----1-------------------1
212     : ['ep_epoch0(node0)', 'ep_epoch1(node1)', 'transfer_epoch3(node1)']
211     : -1--1-------------------1-
211     : ['ep_epoch0(node1)', 'ep_epoch1(node0)', 'transfer_epoch3(node0)']
188     : -1--1--------------------1
188     : ['ep_epoch0(node1)', 'ep_epoch1(node0)', 'transfer_epoch3(node1)']
num_forall :   0
num_exists :   0
num_literals : 0
quantified form : None
qcost : 0


=== Prime Orbit 49 =====================
size : 2
num_suborbits: 1
107 (*) : 1------1-------0----------
107     : ['ep_epoch0(node0)', 'ep_epoch3(node1)', '~locked_epoch2(node1)']
108     : ---11---------0-----------
108     : ['ep_epoch0(node1)', 'ep_epoch3(node0)', '~locked_epoch2(node0)']
num_forall :   0
num_exists :   0
num_literals : 0
quantified form : None
qcost : 0


=== Prime Orbit 50 =====================
size : 2
num_suborbits: 1
152 (*) : 1--------------0-1--------
152     : ['ep_epoch0(node0)', 'locked_epoch3(node1)', '~locked_epoch2(node1)']
151     : ----1---------0-1---------
151     : ['ep_epoch0(node1)', 'locked_epoch3(node0)', '~locked_epoch2(node0)']
num_forall :   0
num_exists :   0
num_literals : 0
quantified form : None
qcost : 0


=== Prime Orbit 51 =====================
size : 4
num_suborbits: 2
103 (*) : 1----0----------------1---
103     : ['ep_epoch0(node0)', 'transfer_epoch2(node0)', '~ep_epoch1(node1)']
166     : 1----0-----------------1--
166     : ['ep_epoch0(node0)', 'transfer_epoch2(node1)', '~ep_epoch1(node1)']
165     : -0--1-----------------1---
165     : ['ep_epoch0(node1)', 'transfer_epoch2(node0)', '~ep_epoch1(node0)']
104     : -0--1------------------1--
104     : ['ep_epoch0(node1)', 'transfer_epoch2(node1)', '~ep_epoch1(node0)']
num_forall :   0
num_exists :   0
num_literals : 0
quantified form : None
qcost : 0


=== Prime Orbit 52 =====================
size : 4
num_suborbits: 2
183 (*) : 1-----0-----------------1-
183     : ['ep_epoch0(node0)', 'transfer_epoch3(node0)', '~ep_epoch2(node1)']
208     : 1-----0------------------1
208     : ['ep_epoch0(node0)', 'transfer_epoch3(node1)', '~ep_epoch2(node1)']
207     : --0-1-------------------1-
207     : ['ep_epoch0(node1)', 'transfer_epoch3(node0)', '~ep_epoch2(node0)']
184     : --0-1--------------------1
184     : ['ep_epoch0(node1)', 'transfer_epoch3(node1)', '~ep_epoch2(node0)']
num_forall :   0
num_exists :   0
num_literals : 0
quantified form : None
qcost : 0


=== Prime Orbit 53 =====================
size : 4
num_suborbits: 2
185 (*) : 1--------------0--------1-
185     : ['ep_epoch0(node0)', 'transfer_epoch3(node0)', '~locked_epoch2(node1)']
206     : 1--------------0---------1
206     : ['ep_epoch0(node0)', 'transfer_epoch3(node1)', '~locked_epoch2(node1)']
205     : ----1---------0---------1-
205     : ['ep_epoch0(node1)', 'transfer_epoch3(node0)', '~locked_epoch2(node0)']
186     : ----1---------0----------1
186     : ['ep_epoch0(node1)', 'transfer_epoch3(node1)', '~locked_epoch2(node0)']
num_forall :   0
num_exists :   0
num_literals : 0
quantified form : None
qcost : 0


=== Prime Orbit 54 =====================
size : 2
num_suborbits: 1
105 (*) : 1----0---------0----------
105     : ['ep_epoch0(node0)', '~ep_epoch1(node1)', '~locked_epoch2(node1)']
106     : -0--1---------0-----------
106     : ['ep_epoch0(node1)', '~ep_epoch1(node0)', '~locked_epoch2(node0)']
num_forall :   0
num_exists :   0
num_literals : 0
quantified form : None
qcost : 0


=== Prime Orbit 55 =====================
size : 2
num_suborbits: 1
133 (*) : -1----1-1-----------------
133     : ['ep_epoch1(node0)', 'ep_epoch2(node1)', 'held(node0)']
134     : --1--1---1----------------
134     : ['ep_epoch1(node1)', 'ep_epoch2(node0)', 'held(node1)']
num_forall :   0
num_exists :   0
num_literals : 0
quantified form : None
qcost : 0


=== Prime Orbit 56 =====================
size : 2
num_suborbits: 1
137 (*) : -1-----1-------0----------
137     : ['ep_epoch1(node0)', 'ep_epoch3(node1)', '~locked_epoch2(node1)']
138     : ---1-1--------0-----------
138     : ['ep_epoch1(node1)', 'ep_epoch3(node0)', '~locked_epoch2(node0)']
num_forall :   0
num_exists :   0
num_literals : 0
quantified form : None
qcost : 0


=== Prime Orbit 57 =====================
size : 2
num_suborbits: 1
123 (*) : -1------1------1----------
123     : ['ep_epoch1(node0)', 'held(node0)', 'locked_epoch2(node1)']
124     : -----1---1----1-----------
124     : ['ep_epoch1(node1)', 'held(node1)', 'locked_epoch2(node0)']
num_forall :   0
num_exists :   0
num_literals : 0
quantified form : None
qcost : 0


=== Prime Orbit 58 =====================
size : 2
num_suborbits: 1
131 (*) : -1--0---1-----------------
131     : ['ep_epoch1(node0)', 'held(node0)', '~ep_epoch0(node1)']
132     : 0----1---1----------------
132     : ['ep_epoch1(node1)', 'held(node1)', '~ep_epoch0(node0)']
num_forall :   0
num_exists :   0
num_literals : 0
quantified form : None
qcost : 0


=== Prime Orbit 59 =====================
size : 2
num_suborbits: 1
129 (*) : -1-------1-----0----------
129     : ['ep_epoch1(node0)', 'held(node1)', '~locked_epoch2(node1)']
130     : -----1--1-----0-----------
130     : ['ep_epoch1(node1)', 'held(node0)', '~locked_epoch2(node0)']
num_forall :   0
num_exists :   0
num_literals : 0
quantified form : None
qcost : 0


=== Prime Orbit 60 =====================
size : 2
num_suborbits: 1
135 (*) : -1-------------0-1--------
135     : ['ep_epoch1(node0)', 'locked_epoch3(node1)', '~locked_epoch2(node1)']
136     : -----1--------0-1---------
136     : ['ep_epoch1(node1)', 'locked_epoch3(node0)', '~locked_epoch2(node0)']
num_forall :   0
num_exists :   0
num_literals : 0
quantified form : None
qcost : 0


=== Prime Orbit 61 =====================
size : 4
num_suborbits: 2
177 (*) : -1--0-----------------1---
177     : ['ep_epoch1(node0)', 'transfer_epoch2(node0)', '~ep_epoch0(node1)']
154     : -1--0------------------1--
154     : ['ep_epoch1(node0)', 'transfer_epoch2(node1)', '~ep_epoch0(node1)']
153     : 0----1----------------1---
153     : ['ep_epoch1(node1)', 'transfer_epoch2(node0)', '~ep_epoch0(node0)']
178     : 0----1-----------------1--
178     : ['ep_epoch1(node1)', 'transfer_epoch2(node1)', '~ep_epoch0(node0)']
num_forall :   0
num_exists :   0
num_literals : 0
quantified form : None
qcost : 0


=== Prime Orbit 62 =====================
size : 4
num_suborbits: 2
213 (*) : -1----0-----------------1-
213     : ['ep_epoch1(node0)', 'transfer_epoch3(node0)', '~ep_epoch2(node1)']
202     : -1----0------------------1
202     : ['ep_epoch1(node0)', 'transfer_epoch3(node1)', '~ep_epoch2(node1)']
201     : --0--1------------------1-
201     : ['ep_epoch1(node1)', 'transfer_epoch3(node0)', '~ep_epoch2(node0)']
214     : --0--1-------------------1
214     : ['ep_epoch1(node1)', 'transfer_epoch3(node1)', '~ep_epoch2(node0)']
num_forall :   0
num_exists :   0
num_literals : 0
quantified form : None
qcost : 0


=== Prime Orbit 63 =====================
size : 4
num_suborbits: 2
209 (*) : -1-------------0--------1-
209     : ['ep_epoch1(node0)', 'transfer_epoch3(node0)', '~locked_epoch2(node1)']
204     : -1-------------0---------1
204     : ['ep_epoch1(node0)', 'transfer_epoch3(node1)', '~locked_epoch2(node1)']
203     : -----1--------0---------1-
203     : ['ep_epoch1(node1)', 'transfer_epoch3(node0)', '~locked_epoch2(node0)']
210     : -----1--------0----------1
210     : ['ep_epoch1(node1)', 'transfer_epoch3(node1)', '~locked_epoch2(node0)']
num_forall :   0
num_exists :   0
num_literals : 0
quantified form : None
qcost : 0


=== Prime Orbit 64 =====================
size : 2
num_suborbits: 1
127 (*) : -1--0----------0----------
127     : ['ep_epoch1(node0)', '~ep_epoch0(node1)', '~locked_epoch2(node1)']
128     : 0----1--------0-----------
128     : ['ep_epoch1(node1)', '~ep_epoch0(node0)', '~locked_epoch2(node0)']
num_forall :   0
num_exists :   0
num_literals : 0
quantified form : None
qcost : 0


=== Prime Orbit 65 =====================
size : 2
num_suborbits: 1
149 (*) : --1----0-1----------------
149     : ['ep_epoch2(node0)', 'held(node1)', '~ep_epoch3(node1)']
150     : ---0--1-1-----------------
150     : ['ep_epoch2(node1)', 'held(node0)', '~ep_epoch3(node0)']
num_forall :   0
num_exists :   0
num_literals : 0
quantified form : None
qcost : 0


=== Prime Orbit 66 =====================
size : 2
num_suborbits: 1
147 (*) : --1------1-------0--------
147     : ['ep_epoch2(node0)', 'held(node1)', '~locked_epoch3(node1)']
148     : ------1-1-------0---------
148     : ['ep_epoch2(node1)', 'held(node0)', '~locked_epoch3(node0)']
num_forall :   0
num_exists :   0
num_literals : 0
quantified form : None
qcost : 0


=== Prime Orbit 67 =====================
size : 2
num_suborbits: 1
125 (*) : ---1--0--------1----------
125     : ['ep_epoch3(node0)', 'locked_epoch2(node1)', '~ep_epoch2(node1)']
126     : --0----1------1-----------
126     : ['ep_epoch3(node1)', 'locked_epoch2(node0)', '~ep_epoch2(node0)']
num_forall :   0
num_exists :   0
num_literals : 0
quantified form : None
qcost : 0


=== Prime Orbit 68 =====================
size : 2
num_suborbits: 1
140 (*) : ---1--0-------0-----------
140     : ['ep_epoch3(node0)', '~ep_epoch2(node1)', '~locked_epoch2(node0)']
139     : --0----1-------0----------
139     : ['ep_epoch3(node1)', '~ep_epoch2(node0)', '~locked_epoch2(node1)']
num_forall :   0
num_exists :   0
num_literals : 0
quantified form : None
qcost : 0


=== Prime Orbit 69 =====================
size : 2
num_suborbits: 1
142 (*) : ---1----------00----------
142     : ['ep_epoch3(node0)', '~locked_epoch2(node0)', '~locked_epoch2(node1)']
141     : -------1------00----------
141     : ['ep_epoch3(node1)', '~locked_epoch2(node0)', '~locked_epoch2(node1)']
num_forall :   0
num_exists :   0
num_literals : 0
quantified form : None
qcost : 0


=== Prime Orbit 70 =====================
size : 2
num_suborbits: 1
117 (*) : ------0-1------1----------
117     : ['held(node0)', 'locked_epoch2(node1)', '~ep_epoch2(node1)']
118     : --0------1----1-----------
118     : ['held(node1)', 'locked_epoch2(node0)', '~ep_epoch2(node0)']
num_forall :   0
num_exists :   0
num_literals : 0
quantified form : None
qcost : 0


=== Prime Orbit 71 =====================
size : 2
num_suborbits: 1
121 (*) : ---0----1------1----------
121     : ['held(node0)', 'locked_epoch2(node1)', '~ep_epoch3(node0)']
122     : -------0-1----1-----------
122     : ['held(node1)', 'locked_epoch2(node0)', '~ep_epoch3(node1)']
num_forall :   0
num_exists :   0
num_literals : 0
quantified form : None
qcost : 0


=== Prime Orbit 72 =====================
size : 2
num_suborbits: 1
119 (*) : --------1------10---------
119     : ['held(node0)', 'locked_epoch2(node1)', '~locked_epoch3(node0)']
120     : ---------1----1--0--------
120     : ['held(node1)', 'locked_epoch2(node0)', '~locked_epoch3(node1)']
num_forall :   0
num_exists :   0
num_literals : 0
quantified form : None
qcost : 0


=== Prime Orbit 73 =====================
size : 4
num_suborbits: 2
175 (*) : ----0-------1---------1---
175     : ['locked_epoch1(node0)', 'transfer_epoch2(node0)', '~ep_epoch0(node1)']
160     : ----0-------1----------1--
160     : ['locked_epoch1(node0)', 'transfer_epoch2(node1)', '~ep_epoch0(node1)']
159     : 0------------1--------1---
159     : ['locked_epoch1(node1)', 'transfer_epoch2(node0)', '~ep_epoch0(node0)']
176     : 0------------1---------1--
176     : ['locked_epoch1(node1)', 'transfer_epoch2(node1)', '~ep_epoch0(node0)']
num_forall :   0
num_exists :   0
num_literals : 0
quantified form : None
qcost : 0


=== Prime Orbit 74 =====================
size : 4
num_suborbits: 2
169 (*) : -0----------1---------1---
169     : ['locked_epoch1(node0)', 'transfer_epoch2(node0)', '~ep_epoch1(node0)']
182     : -0----------1----------1--
182     : ['locked_epoch1(node0)', 'transfer_epoch2(node1)', '~ep_epoch1(node0)']
181     : -----0-------1--------1---
181     : ['locked_epoch1(node1)', 'transfer_epoch2(node0)', '~ep_epoch1(node1)']
170     : -----0-------1---------1--
170     : ['locked_epoch1(node1)', 'transfer_epoch2(node1)', '~ep_epoch1(node1)']
num_forall :   0
num_exists :   0
num_literals : 0
quantified form : None
qcost : 0


=== Prime Orbit 75 =====================
size : 2
num_suborbits: 1
116 (*) : --0-----------1--1--------
116     : ['locked_epoch2(node0)', 'locked_epoch3(node1)', '~ep_epoch2(node0)']
115     : ------0--------11---------
115     : ['locked_epoch2(node1)', 'locked_epoch3(node0)', '~ep_epoch2(node1)']
num_forall :   0
num_exists :   0
num_literals : 0
quantified form : None
qcost : 0


=== Prime Orbit 76 =====================
size : 4
num_suborbits: 2
195 (*) : --0-----------1---------1-
195     : ['locked_epoch2(node0)', 'transfer_epoch3(node0)', '~ep_epoch2(node0)']
194     : --0-----------1----------1
194     : ['locked_epoch2(node0)', 'transfer_epoch3(node1)', '~ep_epoch2(node0)']
193     : ------0--------1--------1-
193     : ['locked_epoch2(node1)', 'transfer_epoch3(node0)', '~ep_epoch2(node1)']
196     : ------0--------1---------1
196     : ['locked_epoch2(node1)', 'transfer_epoch3(node1)', '~ep_epoch2(node1)']
num_forall :   0
num_exists :   0
num_literals : 0
quantified form : None
qcost : 0


=== Prime Orbit 77 =====================
size : 2
num_suborbits: 1
110 (*) : --00----------1-----------
110     : ['locked_epoch2(node0)', '~ep_epoch2(node0)', '~ep_epoch3(node0)']
109     : ------00-------1----------
109     : ['locked_epoch2(node1)', '~ep_epoch2(node1)', '~ep_epoch3(node1)']
num_forall :   0
num_exists :   0
num_literals : 0
quantified form : None
qcost : 0


=== Prime Orbit 78 =====================
size : 2
num_suborbits: 1
114 (*) : --0-----0-----1-----------
114     : ['locked_epoch2(node0)', '~ep_epoch2(node0)', '~held(node0)']
113     : ------0--0-----1----------
113     : ['locked_epoch2(node1)', '~ep_epoch2(node1)', '~held(node1)']
num_forall :   0
num_exists :   0
num_literals : 0
quantified form : None
qcost : 0


=== Prime Orbit 79 =====================
size : 2
num_suborbits: 1
112 (*) : --0-----------1-0---------
112     : ['locked_epoch2(node0)', '~ep_epoch2(node0)', '~locked_epoch3(node0)']
111     : ------0--------1-0--------
111     : ['locked_epoch2(node1)', '~ep_epoch2(node1)', '~locked_epoch3(node1)']
num_forall :   0
num_exists :   0
num_literals : 0
quantified form : None
qcost : 0


=== Prime Orbit 80 =====================
size : 2
num_suborbits: 1
144 (*) : ------0-------0-1---------
144     : ['locked_epoch3(node0)', '~ep_epoch2(node1)', '~locked_epoch2(node0)']
143     : --0------------0-1--------
143     : ['locked_epoch3(node1)', '~ep_epoch2(node0)', '~locked_epoch2(node1)']
num_forall :   0
num_exists :   0
num_literals : 0
quantified form : None
qcost : 0


=== Prime Orbit 81 =====================
size : 2
num_suborbits: 1
146 (*) : --------------001---------
146     : ['locked_epoch3(node0)', '~locked_epoch2(node0)', '~locked_epoch2(node1)']
145     : --------------00-1--------
145     : ['locked_epoch3(node1)', '~locked_epoch2(node0)', '~locked_epoch2(node1)']
num_forall :   0
num_exists :   0
num_literals : 0
quantified form : None
qcost : 0


=== Prime Orbit 82 =====================
size : 2
num_suborbits: 1
155 (*) : 0---0-----------------1---
155     : ['transfer_epoch2(node0)', '~ep_epoch0(node0)', '~ep_epoch0(node1)']
156     : 0---0------------------1--
156     : ['transfer_epoch2(node1)', '~ep_epoch0(node0)', '~ep_epoch0(node1)']
num_forall :   0
num_exists :   0
num_literals : 0
quantified form : None
qcost : 0


=== Prime Orbit 83 =====================
size : 4
num_suborbits: 2
161 (*) : 00--------------------1---
161     : ['transfer_epoch2(node0)', '~ep_epoch0(node0)', '~ep_epoch1(node0)']
171     : ----00----------------1---
171     : ['transfer_epoch2(node0)', '~ep_epoch0(node1)', '~ep_epoch1(node1)']
172     : 00---------------------1--
172     : ['transfer_epoch2(node1)', '~ep_epoch0(node0)', '~ep_epoch1(node0)']
162     : ----00-----------------1--
162     : ['transfer_epoch2(node1)', '~ep_epoch0(node1)', '~ep_epoch1(node1)']
num_forall :   0
num_exists :   0
num_literals : 0
quantified form : None
qcost : 0


=== Prime Orbit 84 =====================
size : 4
num_suborbits: 2
157 (*) : 0-----------0---------1---
157     : ['transfer_epoch2(node0)', '~ep_epoch0(node0)', '~locked_epoch1(node0)']
173     : ----0--------0--------1---
173     : ['transfer_epoch2(node0)', '~ep_epoch0(node1)', '~locked_epoch1(node1)']
174     : 0-----------0----------1--
174     : ['transfer_epoch2(node1)', '~ep_epoch0(node0)', '~locked_epoch1(node0)']
158     : ----0--------0---------1--
158     : ['transfer_epoch2(node1)', '~ep_epoch0(node1)', '~locked_epoch1(node1)']
num_forall :   0
num_exists :   0
num_literals : 0
quantified form : None
qcost : 0


=== Prime Orbit 85 =====================
size : 2
num_suborbits: 1
163 (*) : -0---0----------------1---
163     : ['transfer_epoch2(node0)', '~ep_epoch1(node0)', '~ep_epoch1(node1)']
164     : -0---0-----------------1--
164     : ['transfer_epoch2(node1)', '~ep_epoch1(node0)', '~ep_epoch1(node1)']
num_forall :   0
num_exists :   0
num_literals : 0
quantified form : None
qcost : 0


=== Prime Orbit 86 =====================
size : 4
num_suborbits: 2
167 (*) : -0-----------0--------1---
167     : ['transfer_epoch2(node0)', '~ep_epoch1(node0)', '~locked_epoch1(node1)']
179     : -----0------0---------1---
179     : ['transfer_epoch2(node0)', '~ep_epoch1(node1)', '~locked_epoch1(node0)']
180     : -0-----------0---------1--
180     : ['transfer_epoch2(node1)', '~ep_epoch1(node0)', '~locked_epoch1(node1)']
168     : -----0------0----------1--
168     : ['transfer_epoch2(node1)', '~ep_epoch1(node1)', '~locked_epoch1(node0)']
num_forall :   0
num_exists :   0
num_literals : 0
quantified form : None
qcost : 0


=== Prime Orbit 87 =====================
size : 2
num_suborbits: 1
189 (*) : --0---0-----------------1-
189     : ['transfer_epoch3(node0)', '~ep_epoch2(node0)', '~ep_epoch2(node1)']
190     : --0---0------------------1
190     : ['transfer_epoch3(node1)', '~ep_epoch2(node0)', '~ep_epoch2(node1)']
num_forall :   0
num_exists :   0
num_literals : 0
quantified form : None
qcost : 0


=== Prime Orbit 88 =====================
size : 4
num_suborbits: 2
197 (*) : --0------------0--------1-
197     : ['transfer_epoch3(node0)', '~ep_epoch2(node0)', '~locked_epoch2(node1)']
191     : ------0-------0---------1-
191     : ['transfer_epoch3(node0)', '~ep_epoch2(node1)', '~locked_epoch2(node0)']
192     : --0------------0---------1
192     : ['transfer_epoch3(node1)', '~ep_epoch2(node0)', '~locked_epoch2(node1)']
198     : ------0-------0----------1
198     : ['transfer_epoch3(node1)', '~ep_epoch2(node1)', '~locked_epoch2(node0)']
num_forall :   0
num_exists :   0
num_literals : 0
quantified form : None
qcost : 0


=== Prime Orbit 89 =====================
size : 2
num_suborbits: 1
199 (*) : --------------00--------1-
199     : ['transfer_epoch3(node0)', '~locked_epoch2(node0)', '~locked_epoch2(node1)']
200     : --------------00---------1
200     : ['transfer_epoch3(node1)', '~locked_epoch2(node0)', '~locked_epoch2(node1)']
num_forall :   0
num_exists :   0
num_literals : 0
quantified form : None
qcost : 0


=== Prime Orbit 90 =====================
size : 2
num_suborbits: 1
562 (*) : 1----000------------------
562     : ['ep_epoch0(node0)', '~ep_epoch1(node1)', '~ep_epoch2(node1)', '~ep_epoch3(node1)']
561     : -0001---------------------
561     : ['ep_epoch0(node1)', '~ep_epoch1(node0)', '~ep_epoch2(node0)', '~ep_epoch3(node0)']
num_forall :   0
num_exists :   0
num_literals : 0
quantified form : None
qcost : 0


=== Prime Orbit 91 =====================
size : 2
num_suborbits: 1
564 (*) : 1----00--0----------------
564     : ['ep_epoch0(node0)', '~ep_epoch1(node1)', '~ep_epoch2(node1)', '~held(node1)']
563     : -00-1---0-----------------
563     : ['ep_epoch0(node1)', '~ep_epoch1(node0)', '~ep_epoch2(node0)', '~held(node0)']
num_forall :   0
num_exists :   0
num_literals : 0
quantified form : None
qcost : 0


=== Prime Orbit 92 =====================
size : 2
num_suborbits: 1
560 (*) : 1----00----------0--------
560     : ['ep_epoch0(node0)', '~ep_epoch1(node1)', '~ep_epoch2(node1)', '~locked_epoch3(node1)']
559     : -00-1-----------0---------
559     : ['ep_epoch0(node1)', '~ep_epoch1(node0)', '~ep_epoch2(node0)', '~locked_epoch3(node0)']
num_forall :   0
num_exists :   0
num_literals : 0
quantified form : None
qcost : 0


=== Prime Orbit 93 =====================
size : 2
num_suborbits: 1
221 (*) : -1----00-1----------------
221     : ['ep_epoch1(node0)', 'held(node1)', '~ep_epoch2(node1)', '~ep_epoch3(node1)']
222     : --00-1--1-----------------
222     : ['ep_epoch1(node1)', 'held(node0)', '~ep_epoch2(node0)', '~ep_epoch3(node0)']
num_forall :   0
num_exists :   0
num_literals : 0
quantified form : None
qcost : 0


=== Prime Orbit 94 =====================
size : 2
num_suborbits: 1
223 (*) : -1----0--1-------0--------
223     : ['ep_epoch1(node0)', 'held(node1)', '~ep_epoch2(node1)', '~locked_epoch3(node1)']
224     : --0--1--1-------0---------
224     : ['ep_epoch1(node1)', 'held(node0)', '~ep_epoch2(node0)', '~locked_epoch3(node0)']
num_forall :   0
num_exists :   0
num_literals : 0
quantified form : None
qcost : 0


=== Prime Orbit 95 =====================
size : 2
num_suborbits: 1
219 (*) : -1--0-00------------------
219     : ['ep_epoch1(node0)', '~ep_epoch0(node1)', '~ep_epoch2(node1)', '~ep_epoch3(node1)']
220     : 0-00-1--------------------
220     : ['ep_epoch1(node1)', '~ep_epoch0(node0)', '~ep_epoch2(node0)', '~ep_epoch3(node0)']
num_forall :   0
num_exists :   0
num_literals : 0
quantified form : None
qcost : 0


=== Prime Orbit 96 =====================
size : 2
num_suborbits: 1
217 (*) : -1--0-0--0----------------
217     : ['ep_epoch1(node0)', '~ep_epoch0(node1)', '~ep_epoch2(node1)', '~held(node1)']
218     : 0-0--1--0-----------------
218     : ['ep_epoch1(node1)', '~ep_epoch0(node0)', '~ep_epoch2(node0)', '~held(node0)']
num_forall :   0
num_exists :   0
num_literals : 0
quantified form : None
qcost : 0


=== Prime Orbit 97 =====================
size : 2
num_suborbits: 1
215 (*) : -1--0-0----------0--------
215     : ['ep_epoch1(node0)', '~ep_epoch0(node1)', '~ep_epoch2(node1)', '~locked_epoch3(node1)']
216     : 0-0--1----------0---------
216     : ['ep_epoch1(node1)', '~ep_epoch0(node0)', '~ep_epoch2(node0)', '~locked_epoch3(node0)']
num_forall :   0
num_exists :   0
num_literals : 0
quantified form : None
qcost : 0


=== Prime Orbit 98 =====================
size : 2
num_suborbits: 1
334 (*) : --1-0---1---1-------------
334     : ['ep_epoch2(node0)', 'held(node0)', 'locked_epoch1(node0)', '~ep_epoch0(node1)']
333     : 0-----1--1---1------------
333     : ['ep_epoch2(node1)', 'held(node1)', 'locked_epoch1(node1)', '~ep_epoch0(node0)']
num_forall :   0
num_exists :   0
num_literals : 0
quantified form : None
qcost : 0


=== Prime Orbit 99 =====================
size : 2
num_suborbits: 1
344 (*) : --1--0--1----1------------
344     : ['ep_epoch2(node0)', 'held(node0)', 'locked_epoch1(node1)', '~ep_epoch1(node1)']
343     : -0----1--1--1-------------
343     : ['ep_epoch2(node1)', 'held(node1)', 'locked_epoch1(node0)', '~ep_epoch1(node0)']
num_forall :   0
num_exists :   0
num_literals : 0
quantified form : None
qcost : 0


=== Prime Orbit 100 =====================
size : 2
num_suborbits: 1
332 (*) : --1-00--1-----------------
332     : ['ep_epoch2(node0)', 'held(node0)', '~ep_epoch0(node1)', '~ep_epoch1(node1)']
331     : 00----1--1----------------
331     : ['ep_epoch2(node1)', 'held(node1)', '~ep_epoch0(node0)', '~ep_epoch1(node0)']
num_forall :   0
num_exists :   0
num_literals : 0
quantified form : None
qcost : 0


=== Prime Orbit 101 =====================
size : 2
num_suborbits: 1
320 (*) : --1-0---1----0------------
320     : ['ep_epoch2(node0)', 'held(node0)', '~ep_epoch0(node1)', '~locked_epoch1(node1)']
319     : 0-----1--1--0-------------
319     : ['ep_epoch2(node1)', 'held(node1)', '~ep_epoch0(node0)', '~locked_epoch1(node0)']
num_forall :   0
num_exists :   0
num_literals : 0
quantified form : None
qcost : 0


=== Prime Orbit 102 =====================
size : 2
num_suborbits: 1
346 (*) : --1--0--1---0-------------
346     : ['ep_epoch2(node0)', 'held(node0)', '~ep_epoch1(node1)', '~locked_epoch1(node0)']
345     : -0----1--1---0------------
345     : ['ep_epoch2(node1)', 'held(node1)', '~ep_epoch1(node0)', '~locked_epoch1(node1)']
num_forall :   0
num_exists :   0
num_literals : 0
quantified form : None
qcost : 0


=== Prime Orbit 103 =====================
size : 4
num_suborbits: 2
253 (*) : --1-0-------1-----------1-
253     : ['ep_epoch2(node0)', 'locked_epoch1(node0)', 'transfer_epoch3(node0)', '~ep_epoch0(node1)']
242     : --1-0-------1------------1
242     : ['ep_epoch2(node0)', 'locked_epoch1(node0)', 'transfer_epoch3(node1)', '~ep_epoch0(node1)']
241     : 0-----1------1----------1-
241     : ['ep_epoch2(node1)', 'locked_epoch1(node1)', 'transfer_epoch3(node0)', '~ep_epoch0(node0)']
254     : 0-----1------1-----------1
254     : ['ep_epoch2(node1)', 'locked_epoch1(node1)', 'transfer_epoch3(node1)', '~ep_epoch0(node0)']
num_forall :   0
num_exists :   0
num_literals : 0
quantified form : None
qcost : 0


=== Prime Orbit 104 =====================
size : 2
num_suborbits: 1
336 (*) : --1-0--0----1-------------
336     : ['ep_epoch2(node0)', 'locked_epoch1(node0)', '~ep_epoch0(node1)', '~ep_epoch3(node1)']
335     : 0--0--1------1------------
335     : ['ep_epoch2(node1)', 'locked_epoch1(node1)', '~ep_epoch0(node0)', '~ep_epoch3(node0)']
num_forall :   0
num_exists :   0
num_literals : 0
quantified form : None
qcost : 0


=== Prime Orbit 105 =====================
size : 2
num_suborbits: 1
338 (*) : --1-0----0--1-------------
338     : ['ep_epoch2(node0)', 'locked_epoch1(node0)', '~ep_epoch0(node1)', '~held(node1)']
337     : 0-----1-0----1------------
337     : ['ep_epoch2(node1)', 'locked_epoch1(node1)', '~ep_epoch0(node0)', '~held(node0)']
num_forall :   0
num_exists :   0
num_literals : 0
quantified form : None
qcost : 0


=== Prime Orbit 106 =====================
size : 2
num_suborbits: 1
324 (*) : --1-0-------1----0--------
324     : ['ep_epoch2(node0)', 'locked_epoch1(node0)', '~ep_epoch0(node1)', '~locked_epoch3(node1)']
323     : 0-----1------1--0---------
323     : ['ep_epoch2(node1)', 'locked_epoch1(node1)', '~ep_epoch0(node0)', '~locked_epoch3(node0)']
num_forall :   0
num_exists :   0
num_literals : 0
quantified form : None
qcost : 0


=== Prime Orbit 107 =====================
size : 4
num_suborbits: 2
231 (*) : --1--0-------1----------1-
231     : ['ep_epoch2(node0)', 'locked_epoch1(node1)', 'transfer_epoch3(node0)', '~ep_epoch1(node1)']
310     : --1--0-------1-----------1
310     : ['ep_epoch2(node0)', 'locked_epoch1(node1)', 'transfer_epoch3(node1)', '~ep_epoch1(node1)']
309     : -0----1-----1-----------1-
309     : ['ep_epoch2(node1)', 'locked_epoch1(node0)', 'transfer_epoch3(node0)', '~ep_epoch1(node0)']
232     : -0----1-----1------------1
232     : ['ep_epoch2(node1)', 'locked_epoch1(node0)', 'transfer_epoch3(node1)', '~ep_epoch1(node0)']
num_forall :   0
num_exists :   0
num_literals : 0
quantified form : None
qcost : 0


=== Prime Orbit 108 =====================
size : 2
num_suborbits: 1
342 (*) : --1--0-0-----1------------
342     : ['ep_epoch2(node0)', 'locked_epoch1(node1)', '~ep_epoch1(node1)', '~ep_epoch3(node1)']
341     : -0-0--1-----1-------------
341     : ['ep_epoch2(node1)', 'locked_epoch1(node0)', '~ep_epoch1(node0)', '~ep_epoch3(node0)']
num_forall :   0
num_exists :   0
num_literals : 0
quantified form : None
qcost : 0


=== Prime Orbit 109 =====================
size : 2
num_suborbits: 1
340 (*) : --1--0---0---1------------
340     : ['ep_epoch2(node0)', 'locked_epoch1(node1)', '~ep_epoch1(node1)', '~held(node1)']
339     : -0----1-0---1-------------
339     : ['ep_epoch2(node1)', 'locked_epoch1(node0)', '~ep_epoch1(node0)', '~held(node0)']
num_forall :   0
num_exists :   0
num_literals : 0
quantified form : None
qcost : 0


=== Prime Orbit 110 =====================
size : 2
num_suborbits: 1
322 (*) : --1--0-------1---0--------
322     : ['ep_epoch2(node0)', 'locked_epoch1(node1)', '~ep_epoch1(node1)', '~locked_epoch3(node1)']
321     : -0----1-----1---0---------
321     : ['ep_epoch2(node1)', 'locked_epoch1(node0)', '~ep_epoch1(node0)', '~locked_epoch3(node0)']
num_forall :   0
num_exists :   0
num_literals : 0
quantified form : None
qcost : 0


=== Prime Orbit 111 =====================
size : 4
num_suborbits: 2
285 (*) : --1-00------------------1-
285     : ['ep_epoch2(node0)', 'transfer_epoch3(node0)', '~ep_epoch0(node1)', '~ep_epoch1(node1)']
308     : --1-00-------------------1
308     : ['ep_epoch2(node0)', 'transfer_epoch3(node1)', '~ep_epoch0(node1)', '~ep_epoch1(node1)']
307     : 00----1-----------------1-
307     : ['ep_epoch2(node1)', 'transfer_epoch3(node0)', '~ep_epoch0(node0)', '~ep_epoch1(node0)']
286     : 00----1------------------1
286     : ['ep_epoch2(node1)', 'transfer_epoch3(node1)', '~ep_epoch0(node0)', '~ep_epoch1(node0)']
num_forall :   0
num_exists :   0
num_literals : 0
quantified form : None
qcost : 0


=== Prime Orbit 112 =====================
size : 4
num_suborbits: 2
293 (*) : --1-0--------0----------1-
293     : ['ep_epoch2(node0)', 'transfer_epoch3(node0)', '~ep_epoch0(node1)', '~locked_epoch1(node1)']
312     : --1-0--------0-----------1
312     : ['ep_epoch2(node0)', 'transfer_epoch3(node1)', '~ep_epoch0(node1)', '~locked_epoch1(node1)']
311     : 0-----1-----0-----------1-
311     : ['ep_epoch2(node1)', 'transfer_epoch3(node0)', '~ep_epoch0(node0)', '~locked_epoch1(node0)']
294     : 0-----1-----0------------1
294     : ['ep_epoch2(node1)', 'transfer_epoch3(node1)', '~ep_epoch0(node0)', '~locked_epoch1(node0)']
num_forall :   0
num_exists :   0
num_literals : 0
quantified form : None
qcost : 0


=== Prime Orbit 113 =====================
size : 4
num_suborbits: 2
273 (*) : --1--0------0-----------1-
273     : ['ep_epoch2(node0)', 'transfer_epoch3(node0)', '~ep_epoch1(node1)', '~locked_epoch1(node0)']
306     : --1--0------0------------1
306     : ['ep_epoch2(node0)', 'transfer_epoch3(node1)', '~ep_epoch1(node1)', '~locked_epoch1(node0)']
305     : -0----1------0----------1-
305     : ['ep_epoch2(node1)', 'transfer_epoch3(node0)', '~ep_epoch1(node0)', '~locked_epoch1(node1)']
274     : -0----1------0-----------1
274     : ['ep_epoch2(node1)', 'transfer_epoch3(node1)', '~ep_epoch1(node0)', '~locked_epoch1(node1)']
num_forall :   0
num_exists :   0
num_literals : 0
quantified form : None
qcost : 0


=== Prime Orbit 114 =====================
size : 2
num_suborbits: 1
328 (*) : --1-00-0------------------
328     : ['ep_epoch2(node0)', '~ep_epoch0(node1)', '~ep_epoch1(node1)', '~ep_epoch3(node1)']
327     : 00-0--1-------------------
327     : ['ep_epoch2(node1)', '~ep_epoch0(node0)', '~ep_epoch1(node0)', '~ep_epoch3(node0)']
num_forall :   0
num_exists :   0
num_literals : 0
quantified form : None
qcost : 0


=== Prime Orbit 115 =====================
size : 2
num_suborbits: 1
330 (*) : --1-00---0----------------
330     : ['ep_epoch2(node0)', '~ep_epoch0(node1)', '~ep_epoch1(node1)', '~held(node1)']
329     : 00----1-0-----------------
329     : ['ep_epoch2(node1)', '~ep_epoch0(node0)', '~ep_epoch1(node0)', '~held(node0)']
num_forall :   0
num_exists :   0
num_literals : 0
quantified form : None
qcost : 0


=== Prime Orbit 116 =====================
size : 2
num_suborbits: 1
326 (*) : --1-00-----------0--------
326     : ['ep_epoch2(node0)', '~ep_epoch0(node1)', '~ep_epoch1(node1)', '~locked_epoch3(node1)']
325     : 00----1---------0---------
325     : ['ep_epoch2(node1)', '~ep_epoch0(node0)', '~ep_epoch1(node0)', '~locked_epoch3(node0)']
num_forall :   0
num_exists :   0
num_literals : 0
quantified form : None
qcost : 0


=== Prime Orbit 117 =====================
size : 2
num_suborbits: 1
316 (*) : --1-0--0-----0------------
316     : ['ep_epoch2(node0)', '~ep_epoch0(node1)', '~ep_epoch3(node1)', '~locked_epoch1(node1)']
315     : 0--0--1-----0-------------
315     : ['ep_epoch2(node1)', '~ep_epoch0(node0)', '~ep_epoch3(node0)', '~locked_epoch1(node0)']
num_forall :   0
num_exists :   0
num_literals : 0
quantified form : None
qcost : 0


=== Prime Orbit 118 =====================
size : 2
num_suborbits: 1
318 (*) : --1-0----0---0------------
318     : ['ep_epoch2(node0)', '~ep_epoch0(node1)', '~held(node1)', '~locked_epoch1(node1)']
317     : 0-----1-0---0-------------
317     : ['ep_epoch2(node1)', '~ep_epoch0(node0)', '~held(node0)', '~locked_epoch1(node0)']
num_forall :   0
num_exists :   0
num_literals : 0
quantified form : None
qcost : 0


=== Prime Orbit 119 =====================
size : 2
num_suborbits: 1
314 (*) : --1-0--------0---0--------
314     : ['ep_epoch2(node0)', '~ep_epoch0(node1)', '~locked_epoch1(node1)', '~locked_epoch3(node1)']
313     : 0-----1-----0---0---------
313     : ['ep_epoch2(node1)', '~ep_epoch0(node0)', '~locked_epoch1(node0)', '~locked_epoch3(node0)']
num_forall :   0
num_exists :   0
num_literals : 0
quantified form : None
qcost : 0


=== Prime Orbit 120 =====================
size : 2
num_suborbits: 1
350 (*) : --1--0-0----0-------------
350     : ['ep_epoch2(node0)', '~ep_epoch1(node1)', '~ep_epoch3(node1)', '~locked_epoch1(node0)']
349     : -0-0--1------0------------
349     : ['ep_epoch2(node1)', '~ep_epoch1(node0)', '~ep_epoch3(node0)', '~locked_epoch1(node1)']
num_forall :   0
num_exists :   0
num_literals : 0
quantified form : None
qcost : 0


=== Prime Orbit 121 =====================
size : 2
num_suborbits: 1
348 (*) : --1--0---0--0-------------
348     : ['ep_epoch2(node0)', '~ep_epoch1(node1)', '~held(node1)', '~locked_epoch1(node0)']
347     : -0----1-0----0------------
347     : ['ep_epoch2(node1)', '~ep_epoch1(node0)', '~held(node0)', '~locked_epoch1(node1)']
num_forall :   0
num_exists :   0
num_literals : 0
quantified form : None
qcost : 0


=== Prime Orbit 122 =====================
size : 2
num_suborbits: 1
352 (*) : --1--0------0----0--------
352     : ['ep_epoch2(node0)', '~ep_epoch1(node1)', '~locked_epoch1(node0)', '~locked_epoch3(node1)']
351     : -0----1------0--0---------
351     : ['ep_epoch2(node1)', '~ep_epoch1(node0)', '~locked_epoch1(node1)', '~locked_epoch3(node0)']
num_forall :   0
num_exists :   0
num_literals : 0
quantified form : None
qcost : 0


=== Prime Orbit 123 =====================
size : 2
num_suborbits: 1
534 (*) : ---10-------1-1-----------
534     : ['ep_epoch3(node0)', 'locked_epoch1(node0)', 'locked_epoch2(node0)', '~ep_epoch0(node1)']
533     : 0------1-----1-1----------
533     : ['ep_epoch3(node1)', 'locked_epoch1(node1)', 'locked_epoch2(node1)', '~ep_epoch0(node0)']
num_forall :   0
num_exists :   0
num_literals : 0
quantified form : None
qcost : 0


=== Prime Orbit 124 =====================
size : 2
num_suborbits: 1
530 (*) : ---10-0-----1-------------
530     : ['ep_epoch3(node0)', 'locked_epoch1(node0)', '~ep_epoch0(node1)', '~ep_epoch2(node1)']
529     : 0-0----1-----1------------
529     : ['ep_epoch3(node1)', 'locked_epoch1(node1)', '~ep_epoch0(node0)', '~ep_epoch2(node0)']
num_forall :   0
num_exists :   0
num_literals : 0
quantified form : None
qcost : 0


=== Prime Orbit 125 =====================
size : 2
num_suborbits: 1
524 (*) : ---10-------1--0----------
524     : ['ep_epoch3(node0)', 'locked_epoch1(node0)', '~ep_epoch0(node1)', '~locked_epoch2(node1)']
523     : 0------1-----10-----------
523     : ['ep_epoch3(node1)', 'locked_epoch1(node1)', '~ep_epoch0(node0)', '~locked_epoch2(node0)']
num_forall :   0
num_exists :   0
num_literals : 0
quantified form : None
qcost : 0


=== Prime Orbit 126 =====================
size : 2
num_suborbits: 1
536 (*) : ---1-0-------11-----------
536     : ['ep_epoch3(node0)', 'locked_epoch1(node1)', 'locked_epoch2(node0)', '~ep_epoch1(node1)']
535     : -0-----1----1--1----------
535     : ['ep_epoch3(node1)', 'locked_epoch1(node0)', 'locked_epoch2(node1)', '~ep_epoch1(node0)']
num_forall :   0
num_exists :   0
num_literals : 0
quantified form : None
qcost : 0


=== Prime Orbit 127 =====================
size : 2
num_suborbits: 1
540 (*) : ---1-00------1------------
540     : ['ep_epoch3(node0)', 'locked_epoch1(node1)', '~ep_epoch1(node1)', '~ep_epoch2(node1)']
539     : -00----1----1-------------
539     : ['ep_epoch3(node1)', 'locked_epoch1(node0)', '~ep_epoch1(node0)', '~ep_epoch2(node0)']
num_forall :   0
num_exists :   0
num_literals : 0
quantified form : None
qcost : 0


=== Prime Orbit 128 =====================
size : 2
num_suborbits: 1
538 (*) : ---1-0-------1-0----------
538     : ['ep_epoch3(node0)', 'locked_epoch1(node1)', '~ep_epoch1(node1)', '~locked_epoch2(node1)']
537     : -0-----1----1-0-----------
537     : ['ep_epoch3(node1)', 'locked_epoch1(node0)', '~ep_epoch1(node0)', '~locked_epoch2(node0)']
num_forall :   0
num_exists :   0
num_literals : 0
quantified form : None
qcost : 0


=== Prime Orbit 129 =====================
size : 2
num_suborbits: 1
532 (*) : ---100--------1-----------
532     : ['ep_epoch3(node0)', 'locked_epoch2(node0)', '~ep_epoch0(node1)', '~ep_epoch1(node1)']
531     : 00-----1-------1----------
531     : ['ep_epoch3(node1)', 'locked_epoch2(node1)', '~ep_epoch0(node0)', '~ep_epoch1(node0)']
num_forall :   0
num_exists :   0
num_literals : 0
quantified form : None
qcost : 0


=== Prime Orbit 130 =====================
size : 2
num_suborbits: 1
409 (*) : ---10--------01-----------
409     : ['ep_epoch3(node0)', 'locked_epoch2(node0)', '~ep_epoch0(node1)', '~locked_epoch1(node1)']
410     : 0------1----0--1----------
410     : ['ep_epoch3(node1)', 'locked_epoch2(node1)', '~ep_epoch0(node0)', '~locked_epoch1(node0)']
num_forall :   0
num_exists :   0
num_literals : 0
quantified form : None
qcost : 0


=== Prime Orbit 131 =====================
size : 2
num_suborbits: 1
420 (*) : ---1-0------0-1-----------
420     : ['ep_epoch3(node0)', 'locked_epoch2(node0)', '~ep_epoch1(node1)', '~locked_epoch1(node0)']
419     : -0-----1-----0-1----------
419     : ['ep_epoch3(node1)', 'locked_epoch2(node1)', '~ep_epoch1(node0)', '~locked_epoch1(node1)']
num_forall :   0
num_exists :   0
num_literals : 0
quantified form : None
qcost : 0


=== Prime Orbit 132 =====================
size : 2
num_suborbits: 1
528 (*) : ---1000-------------------
528     : ['ep_epoch3(node0)', '~ep_epoch0(node1)', '~ep_epoch1(node1)', '~ep_epoch2(node1)']
527     : 000----1------------------
527     : ['ep_epoch3(node1)', '~ep_epoch0(node0)', '~ep_epoch1(node0)', '~ep_epoch2(node0)']
num_forall :   0
num_exists :   0
num_literals : 0
quantified form : None
qcost : 0


=== Prime Orbit 133 =====================
size : 2
num_suborbits: 1
526 (*) : ---100---------0----------
526     : ['ep_epoch3(node0)', '~ep_epoch0(node1)', '~ep_epoch1(node1)', '~locked_epoch2(node1)']
525     : 00-----1------0-----------
525     : ['ep_epoch3(node1)', '~ep_epoch0(node0)', '~ep_epoch1(node0)', '~locked_epoch2(node0)']
num_forall :   0
num_exists :   0
num_literals : 0
quantified form : None
qcost : 0


=== Prime Orbit 134 =====================
size : 2
num_suborbits: 1
369 (*) : ---10-0------0------------
369     : ['ep_epoch3(node0)', '~ep_epoch0(node1)', '~ep_epoch2(node1)', '~locked_epoch1(node1)']
370     : 0-0----1----0-------------
370     : ['ep_epoch3(node1)', '~ep_epoch0(node0)', '~ep_epoch2(node0)', '~locked_epoch1(node0)']
num_forall :   0
num_exists :   0
num_literals : 0
quantified form : None
qcost : 0


=== Prime Orbit 135 =====================
size : 2
num_suborbits: 1
401 (*) : ---10--------0-0----------
401     : ['ep_epoch3(node0)', '~ep_epoch0(node1)', '~locked_epoch1(node1)', '~locked_epoch2(node1)']
402     : 0------1----0-0-----------
402     : ['ep_epoch3(node1)', '~ep_epoch0(node0)', '~locked_epoch1(node0)', '~locked_epoch2(node0)']
num_forall :   0
num_exists :   0
num_literals : 0
quantified form : None
qcost : 0


=== Prime Orbit 136 =====================
size : 2
num_suborbits: 1
424 (*) : ---1-00-----0-------------
424     : ['ep_epoch3(node0)', '~ep_epoch1(node1)', '~ep_epoch2(node1)', '~locked_epoch1(node0)']
423     : -00----1-----0------------
423     : ['ep_epoch3(node1)', '~ep_epoch1(node0)', '~ep_epoch2(node0)', '~locked_epoch1(node1)']
num_forall :   0
num_exists :   0
num_literals : 0
quantified form : None
qcost : 0


=== Prime Orbit 137 =====================
size : 2
num_suborbits: 1
422 (*) : ---1-0------0--0----------
422     : ['ep_epoch3(node0)', '~ep_epoch1(node1)', '~locked_epoch1(node0)', '~locked_epoch2(node1)']
421     : -0-----1-----00-----------
421     : ['ep_epoch3(node1)', '~ep_epoch1(node0)', '~locked_epoch1(node1)', '~locked_epoch2(node0)']
num_forall :   0
num_exists :   0
num_literals : 0
quantified form : None
qcost : 0


=== Prime Orbit 138 =====================
size : 2
num_suborbits: 1
454 (*) : ----0---1---1-1-----------
454     : ['held(node0)', 'locked_epoch1(node0)', 'locked_epoch2(node0)', '~ep_epoch0(node1)']
453     : 0--------1---1-1----------
453     : ['held(node1)', 'locked_epoch1(node1)', 'locked_epoch2(node1)', '~ep_epoch0(node0)']
num_forall :   0
num_exists :   0
num_literals : 0
quantified form : None
qcost : 0


=== Prime Orbit 139 =====================
size : 2
num_suborbits: 1
456 (*) : ----0-0-1---1-------------
456     : ['held(node0)', 'locked_epoch1(node0)', '~ep_epoch0(node1)', '~ep_epoch2(node1)']
455     : 0-0------1---1------------
455     : ['held(node1)', 'locked_epoch1(node1)', '~ep_epoch0(node0)', '~ep_epoch2(node0)']
num_forall :   0
num_exists :   0
num_literals : 0
quantified form : None
qcost : 0


=== Prime Orbit 140 =====================
size : 2
num_suborbits: 1
470 (*) : ---00---1---1-------------
470     : ['held(node0)', 'locked_epoch1(node0)', '~ep_epoch0(node1)', '~ep_epoch3(node0)']
469     : 0------0-1---1------------
469     : ['held(node1)', 'locked_epoch1(node1)', '~ep_epoch0(node0)', '~ep_epoch3(node1)']
num_forall :   0
num_exists :   0
num_literals : 0
quantified form : None
qcost : 0


=== Prime Orbit 141 =====================
size : 2
num_suborbits: 1
472 (*) : ----0---1---1--0----------
472     : ['held(node0)', 'locked_epoch1(node0)', '~ep_epoch0(node1)', '~locked_epoch2(node1)']
471     : 0--------1---10-----------
471     : ['held(node1)', 'locked_epoch1(node1)', '~ep_epoch0(node0)', '~locked_epoch2(node0)']
num_forall :   0
num_exists :   0
num_literals : 0
quantified form : None
qcost : 0


=== Prime Orbit 142 =====================
size : 2
num_suborbits: 1
474 (*) : ----0---1---1---0---------
474     : ['held(node0)', 'locked_epoch1(node0)', '~ep_epoch0(node1)', '~locked_epoch3(node0)']
473     : 0--------1---1---0--------
473     : ['held(node1)', 'locked_epoch1(node1)', '~ep_epoch0(node0)', '~locked_epoch3(node1)']
num_forall :   0
num_exists :   0
num_literals : 0
quantified form : None
qcost : 0


=== Prime Orbit 143 =====================
size : 2
num_suborbits: 1
448 (*) : -----0--1----11-----------
448     : ['held(node0)', 'locked_epoch1(node1)', 'locked_epoch2(node0)', '~ep_epoch1(node1)']
447     : -0-------1--1--1----------
447     : ['held(node1)', 'locked_epoch1(node0)', 'locked_epoch2(node1)', '~ep_epoch1(node0)']
num_forall :   0
num_exists :   0
num_literals : 0
quantified form : None
qcost : 0


=== Prime Orbit 144 =====================
size : 2
num_suborbits: 1
464 (*) : -----00-1----1------------
464     : ['held(node0)', 'locked_epoch1(node1)', '~ep_epoch1(node1)', '~ep_epoch2(node1)']
463     : -00------1--1-------------
463     : ['held(node1)', 'locked_epoch1(node0)', '~ep_epoch1(node0)', '~ep_epoch2(node0)']
num_forall :   0
num_exists :   0
num_literals : 0
quantified form : None
qcost : 0


=== Prime Orbit 145 =====================
size : 2
num_suborbits: 1
516 (*) : ---0-0--1----1------------
516     : ['held(node0)', 'locked_epoch1(node1)', '~ep_epoch1(node1)', '~ep_epoch3(node0)']
515     : -0-----0-1--1-------------
515     : ['held(node1)', 'locked_epoch1(node0)', '~ep_epoch1(node0)', '~ep_epoch3(node1)']
num_forall :   0
num_exists :   0
num_literals : 0
quantified form : None
qcost : 0


=== Prime Orbit 146 =====================
size : 2
num_suborbits: 1
512 (*) : -----0--1----1-0----------
512     : ['held(node0)', 'locked_epoch1(node1)', '~ep_epoch1(node1)', '~locked_epoch2(node1)']
511     : -0-------1--1-0-----------
511     : ['held(node1)', 'locked_epoch1(node0)', '~ep_epoch1(node0)', '~locked_epoch2(node0)']
num_forall :   0
num_exists :   0
num_literals : 0
quantified form : None
qcost : 0


=== Prime Orbit 147 =====================
size : 2
num_suborbits: 1
520 (*) : -----0--1----1--0---------
520     : ['held(node0)', 'locked_epoch1(node1)', '~ep_epoch1(node1)', '~locked_epoch3(node0)']
519     : -0-------1--1----0--------
519     : ['held(node1)', 'locked_epoch1(node0)', '~ep_epoch1(node0)', '~locked_epoch3(node1)']
num_forall :   0
num_exists :   0
num_literals : 0
quantified form : None
qcost : 0


=== Prime Orbit 148 =====================
size : 2
num_suborbits: 1
508 (*) : --00----1----1------------
508     : ['held(node0)', 'locked_epoch1(node1)', '~ep_epoch2(node0)', '~ep_epoch3(node0)']
507     : ------00-1--1-------------
507     : ['held(node1)', 'locked_epoch1(node0)', '~ep_epoch2(node1)', '~ep_epoch3(node1)']
num_forall :   0
num_exists :   0
num_literals : 0
quantified form : None
qcost : 0


=== Prime Orbit 149 =====================
size : 2
num_suborbits: 1
510 (*) : --0-----1----1--0---------
510     : ['held(node0)', 'locked_epoch1(node1)', '~ep_epoch2(node0)', '~locked_epoch3(node0)']
509     : ------0--1--1----0--------
509     : ['held(node1)', 'locked_epoch1(node0)', '~ep_epoch2(node1)', '~locked_epoch3(node1)']
num_forall :   0
num_exists :   0
num_literals : 0
quantified form : None
qcost : 0


=== Prime Orbit 150 =====================
size : 2
num_suborbits: 1
466 (*) : ------0-1----10-----------
466     : ['held(node0)', 'locked_epoch1(node1)', '~ep_epoch2(node1)', '~locked_epoch2(node0)']
465     : --0------1--1--0----------
465     : ['held(node1)', 'locked_epoch1(node0)', '~ep_epoch2(node0)', '~locked_epoch2(node1)']
num_forall :   0
num_exists :   0
num_literals : 0
quantified form : None
qcost : 0


=== Prime Orbit 151 =====================
size : 2
num_suborbits: 1
518 (*) : ---0----1----10-----------
518     : ['held(node0)', 'locked_epoch1(node1)', '~ep_epoch3(node0)', '~locked_epoch2(node0)']
517     : -------0-1--1--0----------
517     : ['held(node1)', 'locked_epoch1(node0)', '~ep_epoch3(node1)', '~locked_epoch2(node1)']
num_forall :   0
num_exists :   0
num_literals : 0
quantified form : None
qcost : 0


=== Prime Orbit 152 =====================
size : 2
num_suborbits: 1
514 (*) : --------1----100----------
514     : ['held(node0)', 'locked_epoch1(node1)', '~locked_epoch2(node0)', '~locked_epoch2(node1)']
513     : ---------1--1-00----------
513     : ['held(node1)', 'locked_epoch1(node0)', '~locked_epoch2(node0)', '~locked_epoch2(node1)']
num_forall :   0
num_exists :   0
num_literals : 0
quantified form : None
qcost : 0


=== Prime Orbit 153 =====================
size : 2
num_suborbits: 1
522 (*) : --------1----10-0---------
522     : ['held(node0)', 'locked_epoch1(node1)', '~locked_epoch2(node0)', '~locked_epoch3(node0)']
521     : ---------1--1--0-0--------
521     : ['held(node1)', 'locked_epoch1(node0)', '~locked_epoch2(node1)', '~locked_epoch3(node1)']
num_forall :   0
num_exists :   0
num_literals : 0
quantified form : None
qcost : 0


=== Prime Orbit 154 =====================
size : 2
num_suborbits: 1
450 (*) : ----00--1-----1-----------
450     : ['held(node0)', 'locked_epoch2(node0)', '~ep_epoch0(node1)', '~ep_epoch1(node1)']
449     : 00-------1-----1----------
449     : ['held(node1)', 'locked_epoch2(node1)', '~ep_epoch0(node0)', '~ep_epoch1(node0)']
num_forall :   0
num_exists :   0
num_literals : 0
quantified form : None
qcost : 0


=== Prime Orbit 155 =====================
size : 2
num_suborbits: 1
452 (*) : ----0---1----01-----------
452     : ['held(node0)', 'locked_epoch2(node0)', '~ep_epoch0(node1)', '~locked_epoch1(node1)']
451     : 0--------1--0--1----------
451     : ['held(node1)', 'locked_epoch2(node1)', '~ep_epoch0(node0)', '~locked_epoch1(node0)']
num_forall :   0
num_exists :   0
num_literals : 0
quantified form : None
qcost : 0


=== Prime Orbit 156 =====================
size : 2
num_suborbits: 1
446 (*) : -----0--1---0-1-----------
446     : ['held(node0)', 'locked_epoch2(node0)', '~ep_epoch1(node1)', '~locked_epoch1(node0)']
445     : -0-------1---0-1----------
445     : ['held(node1)', 'locked_epoch2(node1)', '~ep_epoch1(node0)', '~locked_epoch1(node1)']
num_forall :   0
num_exists :   0
num_literals : 0
quantified form : None
qcost : 0


=== Prime Orbit 157 =====================
size : 2
num_suborbits: 1
462 (*) : ----000-1-----------------
462     : ['held(node0)', '~ep_epoch0(node1)', '~ep_epoch1(node1)', '~ep_epoch2(node1)']
461     : 000------1----------------
461     : ['held(node1)', '~ep_epoch0(node0)', '~ep_epoch1(node0)', '~ep_epoch2(node0)']
num_forall :   0
num_exists :   0
num_literals : 0
quantified form : None
qcost : 0


=== Prime Orbit 158 =====================
size : 2
num_suborbits: 1
500 (*) : ---000--1-----------------
500     : ['held(node0)', '~ep_epoch0(node1)', '~ep_epoch1(node1)', '~ep_epoch3(node0)']
499     : 00-----0-1----------------
499     : ['held(node1)', '~ep_epoch0(node0)', '~ep_epoch1(node0)', '~ep_epoch3(node1)']
num_forall :   0
num_exists :   0
num_literals : 0
quantified form : None
qcost : 0


=== Prime Orbit 159 =====================
size : 2
num_suborbits: 1
478 (*) : ----00--1------0----------
478     : ['held(node0)', '~ep_epoch0(node1)', '~ep_epoch1(node1)', '~locked_epoch2(node1)']
477     : 00-------1----0-----------
477     : ['held(node1)', '~ep_epoch0(node0)', '~ep_epoch1(node0)', '~locked_epoch2(node0)']
num_forall :   0
num_exists :   0
num_literals : 0
quantified form : None
qcost : 0


=== Prime Orbit 160 =====================
size : 2
num_suborbits: 1
488 (*) : ----00--1-------0---------
488     : ['held(node0)', '~ep_epoch0(node1)', '~ep_epoch1(node1)', '~locked_epoch3(node0)']
487     : 00-------1-------0--------
487     : ['held(node1)', '~ep_epoch0(node0)', '~ep_epoch1(node0)', '~locked_epoch3(node1)']
num_forall :   0
num_exists :   0
num_literals : 0
quantified form : None
qcost : 0


=== Prime Orbit 161 =====================
size : 2
num_suborbits: 1
504 (*) : --000---1-----------------
504     : ['held(node0)', '~ep_epoch0(node1)', '~ep_epoch2(node0)', '~ep_epoch3(node0)']
503     : 0-----00-1----------------
503     : ['held(node1)', '~ep_epoch0(node0)', '~ep_epoch2(node1)', '~ep_epoch3(node1)']
num_forall :   0
num_exists :   0
num_literals : 0
quantified form : None
qcost : 0


=== Prime Orbit 162 =====================
size : 2
num_suborbits: 1
484 (*) : --0-0---1-------0---------
484     : ['held(node0)', '~ep_epoch0(node1)', '~ep_epoch2(node0)', '~locked_epoch3(node0)']
483     : 0-----0--1-------0--------
483     : ['held(node1)', '~ep_epoch0(node0)', '~ep_epoch2(node1)', '~locked_epoch3(node1)']
num_forall :   0
num_exists :   0
num_literals : 0
quantified form : None
qcost : 0


=== Prime Orbit 163 =====================
size : 2
num_suborbits: 1
458 (*) : ----0-0-1----0------------
458     : ['held(node0)', '~ep_epoch0(node1)', '~ep_epoch2(node1)', '~locked_epoch1(node1)']
457     : 0-0------1--0-------------
457     : ['held(node1)', '~ep_epoch0(node0)', '~ep_epoch2(node0)', '~locked_epoch1(node0)']
num_forall :   0
num_exists :   0
num_literals : 0
quantified form : None
qcost : 0


=== Prime Orbit 164 =====================
size : 2
num_suborbits: 1
460 (*) : ----0-0-1-----0-----------
460     : ['held(node0)', '~ep_epoch0(node1)', '~ep_epoch2(node1)', '~locked_epoch2(node0)']
459     : 0-0------1-----0----------
459     : ['held(node1)', '~ep_epoch0(node0)', '~ep_epoch2(node0)', '~locked_epoch2(node1)']
num_forall :   0
num_exists :   0
num_literals : 0
quantified form : None
qcost : 0


=== Prime Orbit 165 =====================
size : 2
num_suborbits: 1
502 (*) : ---00---1----0------------
502     : ['held(node0)', '~ep_epoch0(node1)', '~ep_epoch3(node0)', '~locked_epoch1(node1)']
501     : 0------0-1--0-------------
501     : ['held(node1)', '~ep_epoch0(node0)', '~ep_epoch3(node1)', '~locked_epoch1(node0)']
num_forall :   0
num_exists :   0
num_literals : 0
quantified form : None
qcost : 0


=== Prime Orbit 166 =====================
size : 2
num_suborbits: 1
506 (*) : ---00---1-----0-----------
506     : ['held(node0)', '~ep_epoch0(node1)', '~ep_epoch3(node0)', '~locked_epoch2(node0)']
505     : 0------0-1-----0----------
505     : ['held(node1)', '~ep_epoch0(node0)', '~ep_epoch3(node1)', '~locked_epoch2(node1)']
num_forall :   0
num_exists :   0
num_literals : 0
quantified form : None
qcost : 0


=== Prime Orbit 167 =====================
size : 2
num_suborbits: 1
476 (*) : ----0---1----0-0----------
476     : ['held(node0)', '~ep_epoch0(node1)', '~locked_epoch1(node1)', '~locked_epoch2(node1)']
475     : 0--------1--0-0-----------
475     : ['held(node1)', '~ep_epoch0(node0)', '~locked_epoch1(node0)', '~locked_epoch2(node0)']
num_forall :   0
num_exists :   0
num_literals : 0
quantified form : None
qcost : 0


=== Prime Orbit 168 =====================
size : 2
num_suborbits: 1
486 (*) : ----0---1----0--0---------
486     : ['held(node0)', '~ep_epoch0(node1)', '~locked_epoch1(node1)', '~locked_epoch3(node0)']
485     : 0--------1--0----0--------
485     : ['held(node1)', '~ep_epoch0(node0)', '~locked_epoch1(node0)', '~locked_epoch3(node1)']
num_forall :   0
num_exists :   0
num_literals : 0
quantified form : None
qcost : 0


=== Prime Orbit 169 =====================
size : 2
num_suborbits: 1
480 (*) : ----0---1-----00----------
480     : ['held(node0)', '~ep_epoch0(node1)', '~locked_epoch2(node0)', '~locked_epoch2(node1)']
479     : 0--------1----00----------
479     : ['held(node1)', '~ep_epoch0(node0)', '~locked_epoch2(node0)', '~locked_epoch2(node1)']
num_forall :   0
num_exists :   0
num_literals : 0
quantified form : None
qcost : 0


=== Prime Orbit 170 =====================
size : 2
num_suborbits: 1
490 (*) : ----0---1-----0-0---------
490     : ['held(node0)', '~ep_epoch0(node1)', '~locked_epoch2(node0)', '~locked_epoch3(node0)']
489     : 0--------1-----0-0--------
489     : ['held(node1)', '~ep_epoch0(node0)', '~locked_epoch2(node1)', '~locked_epoch3(node1)']
num_forall :   0
num_exists :   0
num_literals : 0
quantified form : None
qcost : 0


=== Prime Orbit 171 =====================
size : 2
num_suborbits: 1
496 (*) : -000----1-----------------
496     : ['held(node0)', '~ep_epoch1(node0)', '~ep_epoch2(node0)', '~ep_epoch3(node0)']
495     : -----000-1----------------
495     : ['held(node1)', '~ep_epoch1(node1)', '~ep_epoch2(node1)', '~ep_epoch3(node1)']
num_forall :   0
num_exists :   0
num_literals : 0
quantified form : None
qcost : 0


=== Prime Orbit 172 =====================
size : 2
num_suborbits: 1
492 (*) : -00-----1-------0---------
492     : ['held(node0)', '~ep_epoch1(node0)', '~ep_epoch2(node0)', '~locked_epoch3(node0)']
491     : -----00--1-------0--------
491     : ['held(node1)', '~ep_epoch1(node1)', '~ep_epoch2(node1)', '~locked_epoch3(node1)']
num_forall :   0
num_exists :   0
num_literals : 0
quantified form : None
qcost : 0


=== Prime Orbit 173 =====================
size : 2
num_suborbits: 1
468 (*) : -0----0-1-----0-----------
468     : ['held(node0)', '~ep_epoch1(node0)', '~ep_epoch2(node1)', '~locked_epoch2(node0)']
467     : --0--0---1-----0----------
467     : ['held(node1)', '~ep_epoch1(node1)', '~ep_epoch2(node0)', '~locked_epoch2(node1)']
num_forall :   0
num_exists :   0
num_literals : 0
quantified form : None
qcost : 0


=== Prime Orbit 174 =====================
size : 2
num_suborbits: 1
498 (*) : -0-0----1-----0-----------
498     : ['held(node0)', '~ep_epoch1(node0)', '~ep_epoch3(node0)', '~locked_epoch2(node0)']
497     : -----0-0-1-----0----------
497     : ['held(node1)', '~ep_epoch1(node1)', '~ep_epoch3(node1)', '~locked_epoch2(node1)']
num_forall :   0
num_exists :   0
num_literals : 0
quantified form : None
qcost : 0


=== Prime Orbit 175 =====================
size : 2
num_suborbits: 1
482 (*) : -0------1-----00----------
482     : ['held(node0)', '~ep_epoch1(node0)', '~locked_epoch2(node0)', '~locked_epoch2(node1)']
481     : -----0---1----00----------
481     : ['held(node1)', '~ep_epoch1(node1)', '~locked_epoch2(node0)', '~locked_epoch2(node1)']
num_forall :   0
num_exists :   0
num_literals : 0
quantified form : None
qcost : 0


=== Prime Orbit 176 =====================
size : 2
num_suborbits: 1
494 (*) : -0------1-----0-0---------
494     : ['held(node0)', '~ep_epoch1(node0)', '~locked_epoch2(node0)', '~locked_epoch3(node0)']
493     : -----0---1-----0-0--------
493     : ['held(node1)', '~ep_epoch1(node1)', '~locked_epoch2(node1)', '~locked_epoch3(node1)']
num_forall :   0
num_exists :   0
num_literals : 0
quantified form : None
qcost : 0


=== Prime Orbit 177 =====================
size : 2
num_suborbits: 1
430 (*) : -----00-1---0-------------
430     : ['held(node0)', '~ep_epoch1(node1)', '~ep_epoch2(node1)', '~locked_epoch1(node0)']
429     : -00------1---0------------
429     : ['held(node1)', '~ep_epoch1(node0)', '~ep_epoch2(node0)', '~locked_epoch1(node1)']
num_forall :   0
num_exists :   0
num_literals : 0
quantified form : None
qcost : 0


=== Prime Orbit 178 =====================
size : 2
num_suborbits: 1
440 (*) : ---0-0--1---0-------------
440     : ['held(node0)', '~ep_epoch1(node1)', '~ep_epoch3(node0)', '~locked_epoch1(node0)']
439     : -0-----0-1---0------------
439     : ['held(node1)', '~ep_epoch1(node0)', '~ep_epoch3(node1)', '~locked_epoch1(node1)']
num_forall :   0
num_exists :   0
num_literals : 0
quantified form : None
qcost : 0


=== Prime Orbit 179 =====================
size : 2
num_suborbits: 1
426 (*) : -----0--1---0--0----------
426     : ['held(node0)', '~ep_epoch1(node1)', '~locked_epoch1(node0)', '~locked_epoch2(node1)']
425     : -0-------1---00-----------
425     : ['held(node1)', '~ep_epoch1(node0)', '~locked_epoch1(node1)', '~locked_epoch2(node0)']
num_forall :   0
num_exists :   0
num_literals : 0
quantified form : None
qcost : 0


=== Prime Orbit 180 =====================
size : 2
num_suborbits: 1
438 (*) : -----0--1---0---0---------
438     : ['held(node0)', '~ep_epoch1(node1)', '~locked_epoch1(node0)', '~locked_epoch3(node0)']
437     : -0-------1---0---0--------
437     : ['held(node1)', '~ep_epoch1(node0)', '~locked_epoch1(node1)', '~locked_epoch3(node1)']
num_forall :   0
num_exists :   0
num_literals : 0
quantified form : None
qcost : 0


=== Prime Orbit 181 =====================
size : 2
num_suborbits: 1
436 (*) : --00----1---0-------------
436     : ['held(node0)', '~ep_epoch2(node0)', '~ep_epoch3(node0)', '~locked_epoch1(node0)']
435     : ------00-1---0------------
435     : ['held(node1)', '~ep_epoch2(node1)', '~ep_epoch3(node1)', '~locked_epoch1(node1)']
num_forall :   0
num_exists :   0
num_literals : 0
quantified form : None
qcost : 0


=== Prime Orbit 182 =====================
size : 2
num_suborbits: 1
434 (*) : --0-----1---0---0---------
434     : ['held(node0)', '~ep_epoch2(node0)', '~locked_epoch1(node0)', '~locked_epoch3(node0)']
433     : ------0--1---0---0--------
433     : ['held(node1)', '~ep_epoch2(node1)', '~locked_epoch1(node1)', '~locked_epoch3(node1)']
num_forall :   0
num_exists :   0
num_literals : 0
quantified form : None
qcost : 0


=== Prime Orbit 183 =====================
size : 2
num_suborbits: 1
432 (*) : ------0-1---0-0-----------
432     : ['held(node0)', '~ep_epoch2(node1)', '~locked_epoch1(node0)', '~locked_epoch2(node0)']
431     : --0------1---0-0----------
431     : ['held(node1)', '~ep_epoch2(node0)', '~locked_epoch1(node1)', '~locked_epoch2(node1)']
num_forall :   0
num_exists :   0
num_literals : 0
quantified form : None
qcost : 0


=== Prime Orbit 184 =====================
size : 2
num_suborbits: 1
444 (*) : ---0----1---0-0-----------
444     : ['held(node0)', '~ep_epoch3(node0)', '~locked_epoch1(node0)', '~locked_epoch2(node0)']
443     : -------0-1---0-0----------
443     : ['held(node1)', '~ep_epoch3(node1)', '~locked_epoch1(node1)', '~locked_epoch2(node1)']
num_forall :   0
num_exists :   0
num_literals : 0
quantified form : None
qcost : 0


=== Prime Orbit 185 =====================
size : 2
num_suborbits: 1
428 (*) : --------1---0-00----------
428     : ['held(node0)', '~locked_epoch1(node0)', '~locked_epoch2(node0)', '~locked_epoch2(node1)']
427     : ---------1---000----------
427     : ['held(node1)', '~locked_epoch1(node1)', '~locked_epoch2(node0)', '~locked_epoch2(node1)']
num_forall :   0
num_exists :   0
num_literals : 0
quantified form : None
qcost : 0


=== Prime Orbit 186 =====================
size : 2
num_suborbits: 1
442 (*) : --------1---0-0-0---------
442     : ['held(node0)', '~locked_epoch1(node0)', '~locked_epoch2(node0)', '~locked_epoch3(node0)']
441     : ---------1---0-0-0--------
441     : ['held(node1)', '~locked_epoch1(node1)', '~locked_epoch2(node1)', '~locked_epoch3(node1)']
num_forall :   0
num_exists :   0
num_literals : 0
quantified form : None
qcost : 0


=== Prime Orbit 187 =====================
size : 2
num_suborbits: 1
557 (*) : ----0-------1-1-1---------
557     : ['locked_epoch1(node0)', 'locked_epoch2(node0)', 'locked_epoch3(node0)', '~ep_epoch0(node1)']
558     : 0------------1-1-1--------
558     : ['locked_epoch1(node1)', 'locked_epoch2(node1)', 'locked_epoch3(node1)', '~ep_epoch0(node0)']
num_forall :   0
num_exists :   0
num_literals : 0
quantified form : None
qcost : 0


=== Prime Orbit 188 =====================
size : 4
num_suborbits: 2
255 (*) : ----0-------1-1---------1-
255     : ['locked_epoch1(node0)', 'locked_epoch2(node0)', 'transfer_epoch3(node0)', '~ep_epoch0(node1)']
240     : ----0-------1-1----------1
240     : ['locked_epoch1(node0)', 'locked_epoch2(node0)', 'transfer_epoch3(node1)', '~ep_epoch0(node1)']
239     : 0------------1-1--------1-
239     : ['locked_epoch1(node1)', 'locked_epoch2(node1)', 'transfer_epoch3(node0)', '~ep_epoch0(node0)']
256     : 0------------1-1---------1
256     : ['locked_epoch1(node1)', 'locked_epoch2(node1)', 'transfer_epoch3(node1)', '~ep_epoch0(node0)']
num_forall :   0
num_exists :   0
num_literals : 0
quantified form : None
qcost : 0


=== Prime Orbit 189 =====================
size : 2
num_suborbits: 1
629 (*) : --0-0-------1-1-----------
629     : ['locked_epoch1(node0)', 'locked_epoch2(node0)', '~ep_epoch0(node1)', '~ep_epoch2(node0)']
630     : 0-----0------1-1----------
630     : ['locked_epoch1(node1)', 'locked_epoch2(node1)', '~ep_epoch0(node0)', '~ep_epoch2(node1)']
num_forall :   0
num_exists :   0
num_literals : 0
quantified form : None
qcost : 0


=== Prime Orbit 190 =====================
size : 2
num_suborbits: 1
623 (*) : ----0--0----1-1-----------
623     : ['locked_epoch1(node0)', 'locked_epoch2(node0)', '~ep_epoch0(node1)', '~ep_epoch3(node1)']
624     : 0--0---------1-1----------
624     : ['locked_epoch1(node1)', 'locked_epoch2(node1)', '~ep_epoch0(node0)', '~ep_epoch3(node0)']
num_forall :   0
num_exists :   0
num_literals : 0
quantified form : None
qcost : 0


=== Prime Orbit 191 =====================
size : 2
num_suborbits: 1
627 (*) : ----0----0--1-1-----------
627     : ['locked_epoch1(node0)', 'locked_epoch2(node0)', '~ep_epoch0(node1)', '~held(node1)']
628     : 0-------0----1-1----------
628     : ['locked_epoch1(node1)', 'locked_epoch2(node1)', '~ep_epoch0(node0)', '~held(node0)']
num_forall :   0
num_exists :   0
num_literals : 0
quantified form : None
qcost : 0


=== Prime Orbit 192 =====================
size : 2
num_suborbits: 1
625 (*) : ----0-------1-1--0--------
625     : ['locked_epoch1(node0)', 'locked_epoch2(node0)', '~ep_epoch0(node1)', '~locked_epoch3(node1)']
626     : 0------------1-10---------
626     : ['locked_epoch1(node1)', 'locked_epoch2(node1)', '~ep_epoch0(node0)', '~locked_epoch3(node0)']
num_forall :   0
num_exists :   0
num_literals : 0
quantified form : None
qcost : 0


=== Prime Orbit 193 =====================
size : 2
num_suborbits: 1
544 (*) : -0----------1--1-1--------
544     : ['locked_epoch1(node0)', 'locked_epoch2(node1)', 'locked_epoch3(node1)', '~ep_epoch1(node0)']
543     : -----0-------11-1---------
543     : ['locked_epoch1(node1)', 'locked_epoch2(node0)', 'locked_epoch3(node0)', '~ep_epoch1(node1)']
num_forall :   0
num_exists :   0
num_literals : 0
quantified form : None
qcost : 0


=== Prime Orbit 194 =====================
size : 4
num_suborbits: 2
301 (*) : -0----------1--1--------1-
301     : ['locked_epoch1(node0)', 'locked_epoch2(node1)', 'transfer_epoch3(node0)', '~ep_epoch1(node0)']
236     : -0----------1--1---------1
236     : ['locked_epoch1(node0)', 'locked_epoch2(node1)', 'transfer_epoch3(node1)', '~ep_epoch1(node0)']
235     : -----0-------11---------1-
235     : ['locked_epoch1(node1)', 'locked_epoch2(node0)', 'transfer_epoch3(node0)', '~ep_epoch1(node1)']
302     : -----0-------11----------1
302     : ['locked_epoch1(node1)', 'locked_epoch2(node0)', 'transfer_epoch3(node1)', '~ep_epoch1(node1)']
num_forall :   0
num_exists :   0
num_literals : 0
quantified form : None
qcost : 0


=== Prime Orbit 195 =====================
size : 2
num_suborbits: 1
610 (*) : -0----0-----1--1----------
610     : ['locked_epoch1(node0)', 'locked_epoch2(node1)', '~ep_epoch1(node0)', '~ep_epoch2(node1)']
609     : --0--0-------11-----------
609     : ['locked_epoch1(node1)', 'locked_epoch2(node0)', '~ep_epoch1(node1)', '~ep_epoch2(node0)']
num_forall :   0
num_exists :   0
num_literals : 0
quantified form : None
qcost : 0


=== Prime Orbit 196 =====================
size : 2
num_suborbits: 1
616 (*) : -0-0--------1--1----------
616     : ['locked_epoch1(node0)', 'locked_epoch2(node1)', '~ep_epoch1(node0)', '~ep_epoch3(node0)']
615     : -----0-0-----11-----------
615     : ['locked_epoch1(node1)', 'locked_epoch2(node0)', '~ep_epoch1(node1)', '~ep_epoch3(node1)']
num_forall :   0
num_exists :   0
num_literals : 0
quantified form : None
qcost : 0


=== Prime Orbit 197 =====================
size : 2
num_suborbits: 1
614 (*) : -0------0---1--1----------
614     : ['locked_epoch1(node0)', 'locked_epoch2(node1)', '~ep_epoch1(node0)', '~held(node0)']
613     : -----0---0---11-----------
613     : ['locked_epoch1(node1)', 'locked_epoch2(node0)', '~ep_epoch1(node1)', '~held(node1)']
num_forall :   0
num_exists :   0
num_literals : 0
quantified form : None
qcost : 0


=== Prime Orbit 198 =====================
size : 2
num_suborbits: 1
612 (*) : -0----------1--10---------
612     : ['locked_epoch1(node0)', 'locked_epoch2(node1)', '~ep_epoch1(node0)', '~locked_epoch3(node0)']
611     : -----0-------11--0--------
611     : ['locked_epoch1(node1)', 'locked_epoch2(node0)', '~ep_epoch1(node1)', '~locked_epoch3(node1)']
num_forall :   0
num_exists :   0
num_literals : 0
quantified form : None
qcost : 0


=== Prime Orbit 199 =====================
size : 2
num_suborbits: 1
553 (*) : ----0-0-----1---1---------
553     : ['locked_epoch1(node0)', 'locked_epoch3(node0)', '~ep_epoch0(node1)', '~ep_epoch2(node1)']
554     : 0-0----------1---1--------
554     : ['locked_epoch1(node1)', 'locked_epoch3(node1)', '~ep_epoch0(node0)', '~ep_epoch2(node0)']
num_forall :   0
num_exists :   0
num_literals : 0
quantified form : None
qcost : 0


=== Prime Orbit 200 =====================
size : 2
num_suborbits: 1
555 (*) : ----0-------1--01---------
555     : ['locked_epoch1(node0)', 'locked_epoch3(node0)', '~ep_epoch0(node1)', '~locked_epoch2(node1)']
556     : 0------------10--1--------
556     : ['locked_epoch1(node1)', 'locked_epoch3(node1)', '~ep_epoch0(node0)', '~locked_epoch2(node0)']
num_forall :   0
num_exists :   0
num_literals : 0
quantified form : None
qcost : 0


=== Prime Orbit 201 =====================
size : 2
num_suborbits: 1
546 (*) : -00---------1----1--------
546     : ['locked_epoch1(node0)', 'locked_epoch3(node1)', '~ep_epoch1(node0)', '~ep_epoch2(node0)']
545     : -----00------1--1---------
545     : ['locked_epoch1(node1)', 'locked_epoch3(node0)', '~ep_epoch1(node1)', '~ep_epoch2(node1)']
num_forall :   0
num_exists :   0
num_literals : 0
quantified form : None
qcost : 0


=== Prime Orbit 202 =====================
size : 2
num_suborbits: 1
542 (*) : -0----------1-0--1--------
542     : ['locked_epoch1(node0)', 'locked_epoch3(node1)', '~ep_epoch1(node0)', '~locked_epoch2(node0)']
541     : -----0-------1-01---------
541     : ['locked_epoch1(node1)', 'locked_epoch3(node0)', '~ep_epoch1(node1)', '~locked_epoch2(node1)']
num_forall :   0
num_exists :   0
num_literals : 0
quantified form : None
qcost : 0


=== Prime Orbit 203 =====================
size : 4
num_suborbits: 2
251 (*) : -0--0-------1-----------1-
251     : ['locked_epoch1(node0)', 'transfer_epoch3(node0)', '~ep_epoch0(node1)', '~ep_epoch1(node0)']
226     : -0--0-------1------------1
226     : ['locked_epoch1(node0)', 'transfer_epoch3(node1)', '~ep_epoch0(node1)', '~ep_epoch1(node0)']
225     : 0----0-------1----------1-
225     : ['locked_epoch1(node1)', 'transfer_epoch3(node0)', '~ep_epoch0(node0)', '~ep_epoch1(node1)']
252     : 0----0-------1-----------1
252     : ['locked_epoch1(node1)', 'transfer_epoch3(node1)', '~ep_epoch0(node0)', '~ep_epoch1(node1)']
num_forall :   0
num_exists :   0
num_literals : 0
quantified form : None
qcost : 0


=== Prime Orbit 204 =====================
size : 4
num_suborbits: 2
249 (*) : ----0-0-----1-----------1-
249     : ['locked_epoch1(node0)', 'transfer_epoch3(node0)', '~ep_epoch0(node1)', '~ep_epoch2(node1)']
228     : ----0-0-----1------------1
228     : ['locked_epoch1(node0)', 'transfer_epoch3(node1)', '~ep_epoch0(node1)', '~ep_epoch2(node1)']
227     : 0-0----------1----------1-
227     : ['locked_epoch1(node1)', 'transfer_epoch3(node0)', '~ep_epoch0(node0)', '~ep_epoch2(node0)']
250     : 0-0----------1-----------1
250     : ['locked_epoch1(node1)', 'transfer_epoch3(node1)', '~ep_epoch0(node0)', '~ep_epoch2(node0)']
num_forall :   0
num_exists :   0
num_literals : 0
quantified form : None
qcost : 0


=== Prime Orbit 205 =====================
size : 4
num_suborbits: 2
257 (*) : ----0-------1--0--------1-
257     : ['locked_epoch1(node0)', 'transfer_epoch3(node0)', '~ep_epoch0(node1)', '~locked_epoch2(node1)']
230     : ----0-------1--0---------1
230     : ['locked_epoch1(node0)', 'transfer_epoch3(node1)', '~ep_epoch0(node1)', '~locked_epoch2(node1)']
229     : 0------------10---------1-
229     : ['locked_epoch1(node1)', 'transfer_epoch3(node0)', '~ep_epoch0(node0)', '~locked_epoch2(node0)']
258     : 0------------10----------1
258     : ['locked_epoch1(node1)', 'transfer_epoch3(node1)', '~ep_epoch0(node0)', '~locked_epoch2(node0)']
num_forall :   0
num_exists :   0
num_literals : 0
quantified form : None
qcost : 0


=== Prime Orbit 206 =====================
size : 4
num_suborbits: 2
259 (*) : -00---------1-----------1-
259     : ['locked_epoch1(node0)', 'transfer_epoch3(node0)', '~ep_epoch1(node0)', '~ep_epoch2(node0)']
238     : -00---------1------------1
238     : ['locked_epoch1(node0)', 'transfer_epoch3(node1)', '~ep_epoch1(node0)', '~ep_epoch2(node0)']
237     : -----00------1----------1-
237     : ['locked_epoch1(node1)', 'transfer_epoch3(node0)', '~ep_epoch1(node1)', '~ep_epoch2(node1)']
260     : -----00------1-----------1
260     : ['locked_epoch1(node1)', 'transfer_epoch3(node1)', '~ep_epoch1(node1)', '~ep_epoch2(node1)']
num_forall :   0
num_exists :   0
num_literals : 0
quantified form : None
qcost : 0


=== Prime Orbit 207 =====================
size : 4
num_suborbits: 2
261 (*) : -0----------1-0---------1-
261     : ['locked_epoch1(node0)', 'transfer_epoch3(node0)', '~ep_epoch1(node0)', '~locked_epoch2(node0)']
234     : -0----------1-0----------1
234     : ['locked_epoch1(node0)', 'transfer_epoch3(node1)', '~ep_epoch1(node0)', '~locked_epoch2(node0)']
233     : -----0-------1-0--------1-
233     : ['locked_epoch1(node1)', 'transfer_epoch3(node0)', '~ep_epoch1(node1)', '~locked_epoch2(node1)']
262     : -----0-------1-0---------1
262     : ['locked_epoch1(node1)', 'transfer_epoch3(node1)', '~ep_epoch1(node1)', '~locked_epoch2(node1)']
num_forall :   0
num_exists :   0
num_literals : 0
quantified form : None
qcost : 0


=== Prime Orbit 208 =====================
size : 2
num_suborbits: 1
590 (*) : --0-0-------1--0----------
590     : ['locked_epoch1(node0)', '~ep_epoch0(node1)', '~ep_epoch2(node0)', '~locked_epoch2(node1)']
589     : 0-----0------10-----------
589     : ['locked_epoch1(node1)', '~ep_epoch0(node0)', '~ep_epoch2(node1)', '~locked_epoch2(node0)']
num_forall :   0
num_exists :   0
num_literals : 0
quantified form : None
qcost : 0


=== Prime Orbit 209 =====================
size : 2
num_suborbits: 1
598 (*) : ----0-00----1-------------
598     : ['locked_epoch1(node0)', '~ep_epoch0(node1)', '~ep_epoch2(node1)', '~ep_epoch3(node1)']
597     : 0-00---------1------------
597     : ['locked_epoch1(node1)', '~ep_epoch0(node0)', '~ep_epoch2(node0)', '~ep_epoch3(node0)']
num_forall :   0
num_exists :   0
num_literals : 0
quantified form : None
qcost : 0


=== Prime Orbit 210 =====================
size : 2
num_suborbits: 1
602 (*) : ----0-0--0--1-------------
602     : ['locked_epoch1(node0)', '~ep_epoch0(node1)', '~ep_epoch2(node1)', '~held(node1)']
601     : 0-0-----0----1------------
601     : ['locked_epoch1(node1)', '~ep_epoch0(node0)', '~ep_epoch2(node0)', '~held(node0)']
num_forall :   0
num_exists :   0
num_literals : 0
quantified form : None
qcost : 0


=== Prime Orbit 211 =====================
size : 2
num_suborbits: 1
600 (*) : ----0-0-----1----0--------
600     : ['locked_epoch1(node0)', '~ep_epoch0(node1)', '~ep_epoch2(node1)', '~locked_epoch3(node1)']
599     : 0-0----------1--0---------
599     : ['locked_epoch1(node1)', '~ep_epoch0(node0)', '~ep_epoch2(node0)', '~locked_epoch3(node0)']
num_forall :   0
num_exists :   0
num_literals : 0
quantified form : None
qcost : 0


=== Prime Orbit 212 =====================
size : 2
num_suborbits: 1
596 (*) : ----0--0----1--0----------
596     : ['locked_epoch1(node0)', '~ep_epoch0(node1)', '~ep_epoch3(node1)', '~locked_epoch2(node1)']
595     : 0--0---------10-----------
595     : ['locked_epoch1(node1)', '~ep_epoch0(node0)', '~ep_epoch3(node0)', '~locked_epoch2(node0)']
num_forall :   0
num_exists :   0
num_literals : 0
quantified form : None
qcost : 0


=== Prime Orbit 213 =====================
size : 2
num_suborbits: 1
592 (*) : ----0----0--1--0----------
592     : ['locked_epoch1(node0)', '~ep_epoch0(node1)', '~held(node1)', '~locked_epoch2(node1)']
591     : 0-------0----10-----------
591     : ['locked_epoch1(node1)', '~ep_epoch0(node0)', '~held(node0)', '~locked_epoch2(node0)']
num_forall :   0
num_exists :   0
num_literals : 0
quantified form : None
qcost : 0


=== Prime Orbit 214 =====================
size : 2
num_suborbits: 1
569 (*) : ----0-------1-00----------
569     : ['locked_epoch1(node0)', '~ep_epoch0(node1)', '~locked_epoch2(node0)', '~locked_epoch2(node1)']
570     : 0------------100----------
570     : ['locked_epoch1(node1)', '~ep_epoch0(node0)', '~locked_epoch2(node0)', '~locked_epoch2(node1)']
num_forall :   0
num_exists :   0
num_literals : 0
quantified form : None
qcost : 0


=== Prime Orbit 215 =====================
size : 2
num_suborbits: 1
594 (*) : ----0-------1--0-0--------
594     : ['locked_epoch1(node0)', '~ep_epoch0(node1)', '~locked_epoch2(node1)', '~locked_epoch3(node1)']
593     : 0------------10-0---------
593     : ['locked_epoch1(node1)', '~ep_epoch0(node0)', '~locked_epoch2(node0)', '~locked_epoch3(node0)']
num_forall :   0
num_exists :   0
num_literals : 0
quantified form : None
qcost : 0


=== Prime Orbit 216 =====================
size : 2
num_suborbits: 1
606 (*) : -000--------1-------------
606     : ['locked_epoch1(node0)', '~ep_epoch1(node0)', '~ep_epoch2(node0)', '~ep_epoch3(node0)']
605     : -----000-----1------------
605     : ['locked_epoch1(node1)', '~ep_epoch1(node1)', '~ep_epoch2(node1)', '~ep_epoch3(node1)']
num_forall :   0
num_exists :   0
num_literals : 0
quantified form : None
qcost : 0


=== Prime Orbit 217 =====================
size : 2
num_suborbits: 1
604 (*) : -00-----0---1-------------
604     : ['locked_epoch1(node0)', '~ep_epoch1(node0)', '~ep_epoch2(node0)', '~held(node0)']
603     : -----00--0---1------------
603     : ['locked_epoch1(node1)', '~ep_epoch1(node1)', '~ep_epoch2(node1)', '~held(node1)']
num_forall :   0
num_exists :   0
num_literals : 0
quantified form : None
qcost : 0


=== Prime Orbit 218 =====================
size : 2
num_suborbits: 1
608 (*) : -00---------1---0---------
608     : ['locked_epoch1(node0)', '~ep_epoch1(node0)', '~ep_epoch2(node0)', '~locked_epoch3(node0)']
607     : -----00------1---0--------
607     : ['locked_epoch1(node1)', '~ep_epoch1(node1)', '~ep_epoch2(node1)', '~locked_epoch3(node1)']
num_forall :   0
num_exists :   0
num_literals : 0
quantified form : None
qcost : 0


=== Prime Orbit 219 =====================
size : 2
num_suborbits: 1
585 (*) : -0----0-----1-0-----------
585     : ['locked_epoch1(node0)', '~ep_epoch1(node0)', '~ep_epoch2(node1)', '~locked_epoch2(node0)']
586     : --0--0-------1-0----------
586     : ['locked_epoch1(node1)', '~ep_epoch1(node1)', '~ep_epoch2(node0)', '~locked_epoch2(node1)']
num_forall :   0
num_exists :   0
num_literals : 0
quantified form : None
qcost : 0


=== Prime Orbit 220 =====================
size : 2
num_suborbits: 1
576 (*) : -0-0--------1-0-----------
576     : ['locked_epoch1(node0)', '~ep_epoch1(node0)', '~ep_epoch3(node0)', '~locked_epoch2(node0)']
577     : -----0-0-----1-0----------
577     : ['locked_epoch1(node1)', '~ep_epoch1(node1)', '~ep_epoch3(node1)', '~locked_epoch2(node1)']
num_forall :   0
num_exists :   0
num_literals : 0
quantified form : None
qcost : 0


=== Prime Orbit 221 =====================
size : 2
num_suborbits: 1
565 (*) : -0------0---1-0-----------
565     : ['locked_epoch1(node0)', '~ep_epoch1(node0)', '~held(node0)', '~locked_epoch2(node0)']
566     : -----0---0---1-0----------
566     : ['locked_epoch1(node1)', '~ep_epoch1(node1)', '~held(node1)', '~locked_epoch2(node1)']
num_forall :   0
num_exists :   0
num_literals : 0
quantified form : None
qcost : 0


=== Prime Orbit 222 =====================
size : 2
num_suborbits: 1
572 (*) : -0----------1-00----------
572     : ['locked_epoch1(node0)', '~ep_epoch1(node0)', '~locked_epoch2(node0)', '~locked_epoch2(node1)']
573     : -----0-------100----------
573     : ['locked_epoch1(node1)', '~ep_epoch1(node1)', '~locked_epoch2(node0)', '~locked_epoch2(node1)']
num_forall :   0
num_exists :   0
num_literals : 0
quantified form : None
qcost : 0


=== Prime Orbit 223 =====================
size : 2
num_suborbits: 1
582 (*) : -0----------1-0-0---------
582     : ['locked_epoch1(node0)', '~ep_epoch1(node0)', '~locked_epoch2(node0)', '~locked_epoch3(node0)']
583     : -----0-------1-0-0--------
583     : ['locked_epoch1(node1)', '~ep_epoch1(node1)', '~locked_epoch2(node1)', '~locked_epoch3(node1)']
num_forall :   0
num_exists :   0
num_literals : 0
quantified form : None
qcost : 0


=== Prime Orbit 224 =====================
size : 2
num_suborbits: 1
549 (*) : ----00--------1-1---------
549     : ['locked_epoch2(node0)', 'locked_epoch3(node0)', '~ep_epoch0(node1)', '~ep_epoch1(node1)']
550     : 00-------------1-1--------
550     : ['locked_epoch2(node1)', 'locked_epoch3(node1)', '~ep_epoch0(node0)', '~ep_epoch1(node0)']
num_forall :   0
num_exists :   0
num_literals : 0
quantified form : None
qcost : 0


=== Prime Orbit 225 =====================
size : 2
num_suborbits: 1
411 (*) : ----0--------01-1---------
411     : ['locked_epoch2(node0)', 'locked_epoch3(node0)', '~ep_epoch0(node1)', '~locked_epoch1(node1)']
412     : 0-----------0--1-1--------
412     : ['locked_epoch2(node1)', 'locked_epoch3(node1)', '~ep_epoch0(node0)', '~locked_epoch1(node0)']
num_forall :   0
num_exists :   0
num_literals : 0
quantified form : None
qcost : 0


=== Prime Orbit 226 =====================
size : 2
num_suborbits: 1
418 (*) : -----0------0-1-1---------
418     : ['locked_epoch2(node0)', 'locked_epoch3(node0)', '~ep_epoch1(node1)', '~locked_epoch1(node0)']
417     : -0-----------0-1-1--------
417     : ['locked_epoch2(node1)', 'locked_epoch3(node1)', '~ep_epoch1(node0)', '~locked_epoch1(node1)']
num_forall :   0
num_exists :   0
num_literals : 0
quantified form : None
qcost : 0


=== Prime Orbit 227 =====================
size : 4
num_suborbits: 2
287 (*) : ----00--------1---------1-
287     : ['locked_epoch2(node0)', 'transfer_epoch3(node0)', '~ep_epoch0(node1)', '~ep_epoch1(node1)']
298     : ----00--------1----------1
298     : ['locked_epoch2(node0)', 'transfer_epoch3(node1)', '~ep_epoch0(node1)', '~ep_epoch1(node1)']
297     : 00-------------1--------1-
297     : ['locked_epoch2(node1)', 'transfer_epoch3(node0)', '~ep_epoch0(node0)', '~ep_epoch1(node0)']
288     : 00-------------1---------1
288     : ['locked_epoch2(node1)', 'transfer_epoch3(node1)', '~ep_epoch0(node0)', '~ep_epoch1(node0)']
num_forall :   0
num_exists :   0
num_literals : 0
quantified form : None
qcost : 0


=== Prime Orbit 228 =====================
size : 4
num_suborbits: 2
295 (*) : ----0--------01---------1-
295     : ['locked_epoch2(node0)', 'transfer_epoch3(node0)', '~ep_epoch0(node1)', '~locked_epoch1(node1)']
300     : ----0--------01----------1
300     : ['locked_epoch2(node0)', 'transfer_epoch3(node1)', '~ep_epoch0(node1)', '~locked_epoch1(node1)']
299     : 0-----------0--1--------1-
299     : ['locked_epoch2(node1)', 'transfer_epoch3(node0)', '~ep_epoch0(node0)', '~locked_epoch1(node0)']
296     : 0-----------0--1---------1
296     : ['locked_epoch2(node1)', 'transfer_epoch3(node1)', '~ep_epoch0(node0)', '~locked_epoch1(node0)']
num_forall :   0
num_exists :   0
num_literals : 0
quantified form : None
qcost : 0


=== Prime Orbit 229 =====================
size : 4
num_suborbits: 2
275 (*) : -----0------0-1---------1-
275     : ['locked_epoch2(node0)', 'transfer_epoch3(node0)', '~ep_epoch1(node1)', '~locked_epoch1(node0)']
304     : -----0------0-1----------1
304     : ['locked_epoch2(node0)', 'transfer_epoch3(node1)', '~ep_epoch1(node1)', '~locked_epoch1(node0)']
303     : -0-----------0-1--------1-
303     : ['locked_epoch2(node1)', 'transfer_epoch3(node0)', '~ep_epoch1(node0)', '~locked_epoch1(node1)']
276     : -0-----------0-1---------1
276     : ['locked_epoch2(node1)', 'transfer_epoch3(node1)', '~ep_epoch1(node0)', '~locked_epoch1(node1)']
num_forall :   0
num_exists :   0
num_literals : 0
quantified form : None
qcost : 0


=== Prime Orbit 230 =====================
size : 2
num_suborbits: 1
631 (*) : --0-00--------1-----------
631     : ['locked_epoch2(node0)', '~ep_epoch0(node1)', '~ep_epoch1(node1)', '~ep_epoch2(node0)']
632     : 00----0--------1----------
632     : ['locked_epoch2(node1)', '~ep_epoch0(node0)', '~ep_epoch1(node0)', '~ep_epoch2(node1)']
num_forall :   0
num_exists :   0
num_literals : 0
quantified form : None
qcost : 0


=== Prime Orbit 231 =====================
size : 2
num_suborbits: 1
633 (*) : ----00-0------1-----------
633     : ['locked_epoch2(node0)', '~ep_epoch0(node1)', '~ep_epoch1(node1)', '~ep_epoch3(node1)']
634     : 00-0-----------1----------
634     : ['locked_epoch2(node1)', '~ep_epoch0(node0)', '~ep_epoch1(node0)', '~ep_epoch3(node0)']
num_forall :   0
num_exists :   0
num_literals : 0
quantified form : None
qcost : 0


=== Prime Orbit 232 =====================
size : 2
num_suborbits: 1
635 (*) : ----00---0----1-----------
635     : ['locked_epoch2(node0)', '~ep_epoch0(node1)', '~ep_epoch1(node1)', '~held(node1)']
636     : 00------0------1----------
636     : ['locked_epoch2(node1)', '~ep_epoch0(node0)', '~ep_epoch1(node0)', '~held(node0)']
num_forall :   0
num_exists :   0
num_literals : 0
quantified form : None
qcost : 0


=== Prime Orbit 233 =====================
size : 2
num_suborbits: 1
637 (*) : ----00--------1--0--------
637     : ['locked_epoch2(node0)', '~ep_epoch0(node1)', '~ep_epoch1(node1)', '~locked_epoch3(node1)']
638     : 00-------------10---------
638     : ['locked_epoch2(node1)', '~ep_epoch0(node0)', '~ep_epoch1(node0)', '~locked_epoch3(node0)']
num_forall :   0
num_exists :   0
num_literals : 0
quantified form : None
qcost : 0


=== Prime Orbit 234 =====================
size : 2
num_suborbits: 1
389 (*) : --0-0--------01-----------
389     : ['locked_epoch2(node0)', '~ep_epoch0(node1)', '~ep_epoch2(node0)', '~locked_epoch1(node1)']
390     : 0-----0-----0--1----------
390     : ['locked_epoch2(node1)', '~ep_epoch0(node0)', '~ep_epoch2(node1)', '~locked_epoch1(node0)']
num_forall :   0
num_exists :   0
num_literals : 0
quantified form : None
qcost : 0


=== Prime Orbit 235 =====================
size : 2
num_suborbits: 1
407 (*) : ----0--0-----01-----------
407     : ['locked_epoch2(node0)', '~ep_epoch0(node1)', '~ep_epoch3(node1)', '~locked_epoch1(node1)']
408     : 0--0--------0--1----------
408     : ['locked_epoch2(node1)', '~ep_epoch0(node0)', '~ep_epoch3(node0)', '~locked_epoch1(node0)']
num_forall :   0
num_exists :   0
num_literals : 0
quantified form : None
qcost : 0


=== Prime Orbit 236 =====================
size : 2
num_suborbits: 1
405 (*) : ----0----0---01-----------
405     : ['locked_epoch2(node0)', '~ep_epoch0(node1)', '~held(node1)', '~locked_epoch1(node1)']
406     : 0-------0---0--1----------
406     : ['locked_epoch2(node1)', '~ep_epoch0(node0)', '~held(node0)', '~locked_epoch1(node0)']
num_forall :   0
num_exists :   0
num_literals : 0
quantified form : None
qcost : 0


=== Prime Orbit 237 =====================
size : 2
num_suborbits: 1
403 (*) : ----0--------01--0--------
403     : ['locked_epoch2(node0)', '~ep_epoch0(node1)', '~locked_epoch1(node1)', '~locked_epoch3(node1)']
404     : 0-----------0--10---------
404     : ['locked_epoch2(node1)', '~ep_epoch0(node0)', '~locked_epoch1(node0)', '~locked_epoch3(node0)']
num_forall :   0
num_exists :   0
num_literals : 0
quantified form : None
qcost : 0


=== Prime Orbit 238 =====================
size : 2
num_suborbits: 1
360 (*) : --0--0------0-1-----------
360     : ['locked_epoch2(node0)', '~ep_epoch1(node1)', '~ep_epoch2(node0)', '~locked_epoch1(node0)']
359     : -0----0------0-1----------
359     : ['locked_epoch2(node1)', '~ep_epoch1(node0)', '~ep_epoch2(node1)', '~locked_epoch1(node1)']
num_forall :   0
num_exists :   0
num_literals : 0
quantified form : None
qcost : 0


=== Prime Orbit 239 =====================
size : 2
num_suborbits: 1
358 (*) : -----0-0----0-1-----------
358     : ['locked_epoch2(node0)', '~ep_epoch1(node1)', '~ep_epoch3(node1)', '~locked_epoch1(node0)']
357     : -0-0---------0-1----------
357     : ['locked_epoch2(node1)', '~ep_epoch1(node0)', '~ep_epoch3(node0)', '~locked_epoch1(node1)']
num_forall :   0
num_exists :   0
num_literals : 0
quantified form : None
qcost : 0


=== Prime Orbit 240 =====================
size : 2
num_suborbits: 1
354 (*) : -----0---0--0-1-----------
354     : ['locked_epoch2(node0)', '~ep_epoch1(node1)', '~held(node1)', '~locked_epoch1(node0)']
353     : -0------0----0-1----------
353     : ['locked_epoch2(node1)', '~ep_epoch1(node0)', '~held(node0)', '~locked_epoch1(node1)']
num_forall :   0
num_exists :   0
num_literals : 0
quantified form : None
qcost : 0


=== Prime Orbit 241 =====================
size : 2
num_suborbits: 1
356 (*) : -----0------0-1--0--------
356     : ['locked_epoch2(node0)', '~ep_epoch1(node1)', '~locked_epoch1(node0)', '~locked_epoch3(node1)']
355     : -0-----------0-10---------
355     : ['locked_epoch2(node1)', '~ep_epoch1(node0)', '~locked_epoch1(node1)', '~locked_epoch3(node0)']
num_forall :   0
num_exists :   0
num_literals : 0
quantified form : None
qcost : 0


=== Prime Orbit 242 =====================
size : 2
num_suborbits: 1
551 (*) : ----000---------1---------
551     : ['locked_epoch3(node0)', '~ep_epoch0(node1)', '~ep_epoch1(node1)', '~ep_epoch2(node1)']
552     : 000--------------1--------
552     : ['locked_epoch3(node1)', '~ep_epoch0(node0)', '~ep_epoch1(node0)', '~ep_epoch2(node0)']
num_forall :   0
num_exists :   0
num_literals : 0
quantified form : None
qcost : 0


=== Prime Orbit 243 =====================
size : 2
num_suborbits: 1
547 (*) : ----00---------01---------
547     : ['locked_epoch3(node0)', '~ep_epoch0(node1)', '~ep_epoch1(node1)', '~locked_epoch2(node1)']
548     : 00------------0--1--------
548     : ['locked_epoch3(node1)', '~ep_epoch0(node0)', '~ep_epoch1(node0)', '~locked_epoch2(node0)']
num_forall :   0
num_exists :   0
num_literals : 0
quantified form : None
qcost : 0


=== Prime Orbit 244 =====================
size : 2
num_suborbits: 1
371 (*) : ----0-0------0--1---------
371     : ['locked_epoch3(node0)', '~ep_epoch0(node1)', '~ep_epoch2(node1)', '~locked_epoch1(node1)']
372     : 0-0---------0----1--------
372     : ['locked_epoch3(node1)', '~ep_epoch0(node0)', '~ep_epoch2(node0)', '~locked_epoch1(node0)']
num_forall :   0
num_exists :   0
num_literals : 0
quantified form : None
qcost : 0


=== Prime Orbit 245 =====================
size : 2
num_suborbits: 1
391 (*) : ----0--------0-01---------
391     : ['locked_epoch3(node0)', '~ep_epoch0(node1)', '~locked_epoch1(node1)', '~locked_epoch2(node1)']
392     : 0-----------0-0--1--------
392     : ['locked_epoch3(node1)', '~ep_epoch0(node0)', '~locked_epoch1(node0)', '~locked_epoch2(node0)']
num_forall :   0
num_exists :   0
num_literals : 0
quantified form : None
qcost : 0


=== Prime Orbit 246 =====================
size : 2
num_suborbits: 1
416 (*) : -----00-----0---1---------
416     : ['locked_epoch3(node0)', '~ep_epoch1(node1)', '~ep_epoch2(node1)', '~locked_epoch1(node0)']
415     : -00----------0---1--------
415     : ['locked_epoch3(node1)', '~ep_epoch1(node0)', '~ep_epoch2(node0)', '~locked_epoch1(node1)']
num_forall :   0
num_exists :   0
num_literals : 0
quantified form : None
qcost : 0


=== Prime Orbit 247 =====================
size : 2
num_suborbits: 1
414 (*) : -----0------0--01---------
414     : ['locked_epoch3(node0)', '~ep_epoch1(node1)', '~locked_epoch1(node0)', '~locked_epoch2(node1)']
413     : -0-----------00--1--------
413     : ['locked_epoch3(node1)', '~ep_epoch1(node0)', '~locked_epoch1(node1)', '~locked_epoch2(node0)']
num_forall :   0
num_exists :   0
num_literals : 0
quantified form : None
qcost : 0


=== Prime Orbit 248 =====================
size : 4
num_suborbits: 2
283 (*) : 000---------------------1-
283     : ['transfer_epoch3(node0)', '~ep_epoch0(node0)', '~ep_epoch1(node0)', '~ep_epoch2(node0)']
245     : ----000-----------------1-
245     : ['transfer_epoch3(node0)', '~ep_epoch0(node1)', '~ep_epoch1(node1)', '~ep_epoch2(node1)']
246     : 000----------------------1
246     : ['transfer_epoch3(node1)', '~ep_epoch0(node0)', '~ep_epoch1(node0)', '~ep_epoch2(node0)']
284     : ----000------------------1
284     : ['transfer_epoch3(node1)', '~ep_epoch0(node1)', '~ep_epoch1(node1)', '~ep_epoch2(node1)']
num_forall :   0
num_exists :   0
num_literals : 0
quantified form : None
qcost : 0


=== Prime Orbit 249 =====================
size : 4
num_suborbits: 2
263 (*) : 00------------0---------1-
263     : ['transfer_epoch3(node0)', '~ep_epoch0(node0)', '~ep_epoch1(node0)', '~locked_epoch2(node0)']
279     : ----00---------0--------1-
279     : ['transfer_epoch3(node0)', '~ep_epoch0(node1)', '~ep_epoch1(node1)', '~locked_epoch2(node1)']
280     : 00------------0----------1
280     : ['transfer_epoch3(node1)', '~ep_epoch0(node0)', '~ep_epoch1(node0)', '~locked_epoch2(node0)']
264     : ----00---------0---------1
264     : ['transfer_epoch3(node1)', '~ep_epoch0(node1)', '~ep_epoch1(node1)', '~locked_epoch2(node1)']
num_forall :   0
num_exists :   0
num_literals : 0
quantified form : None
qcost : 0


=== Prime Orbit 250 =====================
size : 4
num_suborbits: 2
269 (*) : 0----0------0-----------1-
269     : ['transfer_epoch3(node0)', '~ep_epoch0(node0)', '~ep_epoch1(node1)', '~locked_epoch1(node0)']
291     : -0--0--------0----------1-
291     : ['transfer_epoch3(node0)', '~ep_epoch0(node1)', '~ep_epoch1(node0)', '~locked_epoch1(node1)']
292     : 0----0------0------------1
292     : ['transfer_epoch3(node1)', '~ep_epoch0(node0)', '~ep_epoch1(node1)', '~locked_epoch1(node0)']
270     : -0--0--------0-----------1
270     : ['transfer_epoch3(node1)', '~ep_epoch0(node1)', '~ep_epoch1(node0)', '~locked_epoch1(node1)']
num_forall :   0
num_exists :   0
num_literals : 0
quantified form : None
qcost : 0


=== Prime Orbit 251 =====================
size : 4
num_suborbits: 2
271 (*) : 0-0---------0-----------1-
271     : ['transfer_epoch3(node0)', '~ep_epoch0(node0)', '~ep_epoch2(node0)', '~locked_epoch1(node0)']
247     : ----0-0------0----------1-
247     : ['transfer_epoch3(node0)', '~ep_epoch0(node1)', '~ep_epoch2(node1)', '~locked_epoch1(node1)']
248     : 0-0---------0------------1
248     : ['transfer_epoch3(node1)', '~ep_epoch0(node0)', '~ep_epoch2(node0)', '~locked_epoch1(node0)']
272     : ----0-0------0-----------1
272     : ['transfer_epoch3(node1)', '~ep_epoch0(node1)', '~ep_epoch2(node1)', '~locked_epoch1(node1)']
num_forall :   0
num_exists :   0
num_literals : 0
quantified form : None
qcost : 0


=== Prime Orbit 252 =====================
size : 4
num_suborbits: 2
267 (*) : 0-----------0-0---------1-
267     : ['transfer_epoch3(node0)', '~ep_epoch0(node0)', '~locked_epoch1(node0)', '~locked_epoch2(node0)']
281     : ----0--------0-0--------1-
281     : ['transfer_epoch3(node0)', '~ep_epoch0(node1)', '~locked_epoch1(node1)', '~locked_epoch2(node1)']
282     : 0-----------0-0----------1
282     : ['transfer_epoch3(node1)', '~ep_epoch0(node0)', '~locked_epoch1(node0)', '~locked_epoch2(node0)']
268     : ----0--------0-0---------1
268     : ['transfer_epoch3(node1)', '~ep_epoch0(node1)', '~locked_epoch1(node1)', '~locked_epoch2(node1)']
num_forall :   0
num_exists :   0
num_literals : 0
quantified form : None
qcost : 0


=== Prime Orbit 253 =====================
size : 4
num_suborbits: 2
289 (*) : -00----------0----------1-
289     : ['transfer_epoch3(node0)', '~ep_epoch1(node0)', '~ep_epoch2(node0)', '~locked_epoch1(node1)']
243     : -----00-----0-----------1-
243     : ['transfer_epoch3(node0)', '~ep_epoch1(node1)', '~ep_epoch2(node1)', '~locked_epoch1(node0)']
244     : -00----------0-----------1
244     : ['transfer_epoch3(node1)', '~ep_epoch1(node0)', '~ep_epoch2(node0)', '~locked_epoch1(node1)']
290     : -----00-----0------------1
290     : ['transfer_epoch3(node1)', '~ep_epoch1(node1)', '~ep_epoch2(node1)', '~locked_epoch1(node0)']
num_forall :   0
num_exists :   0
num_literals : 0
quantified form : None
qcost : 0


=== Prime Orbit 254 =====================
size : 4
num_suborbits: 2
265 (*) : -0-----------00---------1-
265     : ['transfer_epoch3(node0)', '~ep_epoch1(node0)', '~locked_epoch1(node1)', '~locked_epoch2(node0)']
277     : -----0------0--0--------1-
277     : ['transfer_epoch3(node0)', '~ep_epoch1(node1)', '~locked_epoch1(node0)', '~locked_epoch2(node1)']
278     : -0-----------00----------1
278     : ['transfer_epoch3(node1)', '~ep_epoch1(node0)', '~locked_epoch1(node1)', '~locked_epoch2(node0)']
266     : -----0------0--0---------1
266     : ['transfer_epoch3(node1)', '~ep_epoch1(node1)', '~locked_epoch1(node0)', '~locked_epoch2(node1)']
num_forall :   0
num_exists :   0
num_literals : 0
quantified form : None
qcost : 0


=== Prime Orbit 255 =====================
size : 1
num_suborbits: 1
571 (*) : 0---0---------00----------
571     : ['~ep_epoch0(node0)', '~ep_epoch0(node1)', '~locked_epoch2(node0)', '~locked_epoch2(node1)']
num_forall :   0
num_exists :   0
num_literals : 0
quantified form : None
qcost : 0


=== Prime Orbit 256 =====================
size : 2
num_suborbits: 1
619 (*) : 0000----------------------
619     : ['~ep_epoch0(node0)', '~ep_epoch1(node0)', '~ep_epoch2(node0)', '~ep_epoch3(node0)']
620     : ----0000------------------
620     : ['~ep_epoch0(node1)', '~ep_epoch1(node1)', '~ep_epoch2(node1)', '~ep_epoch3(node1)']
num_forall :   0
num_exists :   0
num_literals : 0
quantified form : None
qcost : 0


=== Prime Orbit 257 =====================
size : 2
num_suborbits: 1
617 (*) : 000-----0-----------------
617     : ['~ep_epoch0(node0)', '~ep_epoch1(node0)', '~ep_epoch2(node0)', '~held(node0)']
618     : ----000--0----------------
618     : ['~ep_epoch0(node1)', '~ep_epoch1(node1)', '~ep_epoch2(node1)', '~held(node1)']
num_forall :   0
num_exists :   0
num_literals : 0
quantified form : None
qcost : 0


=== Prime Orbit 258 =====================
size : 2
num_suborbits: 1
621 (*) : 000-------------0---------
621     : ['~ep_epoch0(node0)', '~ep_epoch1(node0)', '~ep_epoch2(node0)', '~locked_epoch3(node0)']
622     : ----000----------0--------
622     : ['~ep_epoch0(node1)', '~ep_epoch1(node1)', '~ep_epoch2(node1)', '~locked_epoch3(node1)']
num_forall :   0
num_exists :   0
num_literals : 0
quantified form : None
qcost : 0


=== Prime Orbit 259 =====================
size : 2
num_suborbits: 1
587 (*) : 00----0-------0-----------
587     : ['~ep_epoch0(node0)', '~ep_epoch1(node0)', '~ep_epoch2(node1)', '~locked_epoch2(node0)']
588     : --0-00---------0----------
588     : ['~ep_epoch0(node1)', '~ep_epoch1(node1)', '~ep_epoch2(node0)', '~locked_epoch2(node1)']
num_forall :   0
num_exists :   0
num_literals : 0
quantified form : None
qcost : 0


=== Prime Orbit 260 =====================
size : 2
num_suborbits: 1
578 (*) : 00-0----------0-----------
578     : ['~ep_epoch0(node0)', '~ep_epoch1(node0)', '~ep_epoch3(node0)', '~locked_epoch2(node0)']
579     : ----00-0-------0----------
579     : ['~ep_epoch0(node1)', '~ep_epoch1(node1)', '~ep_epoch3(node1)', '~locked_epoch2(node1)']
num_forall :   0
num_exists :   0
num_literals : 0
quantified form : None
qcost : 0


=== Prime Orbit 261 =====================
size : 2
num_suborbits: 1
567 (*) : 00------0-----0-----------
567     : ['~ep_epoch0(node0)', '~ep_epoch1(node0)', '~held(node0)', '~locked_epoch2(node0)']
568     : ----00---0-----0----------
568     : ['~ep_epoch0(node1)', '~ep_epoch1(node1)', '~held(node1)', '~locked_epoch2(node1)']
num_forall :   0
num_exists :   0
num_literals : 0
quantified form : None
qcost : 0


=== Prime Orbit 262 =====================
size : 2
num_suborbits: 1
574 (*) : 00------------00----------
574     : ['~ep_epoch0(node0)', '~ep_epoch1(node0)', '~locked_epoch2(node0)', '~locked_epoch2(node1)']
575     : ----00--------00----------
575     : ['~ep_epoch0(node1)', '~ep_epoch1(node1)', '~locked_epoch2(node0)', '~locked_epoch2(node1)']
num_forall :   0
num_exists :   0
num_literals : 0
quantified form : None
qcost : 0


=== Prime Orbit 263 =====================
size : 2
num_suborbits: 1
580 (*) : 00------------0-0---------
580     : ['~ep_epoch0(node0)', '~ep_epoch1(node0)', '~locked_epoch2(node0)', '~locked_epoch3(node0)']
581     : ----00---------0-0--------
581     : ['~ep_epoch0(node1)', '~ep_epoch1(node1)', '~locked_epoch2(node1)', '~locked_epoch3(node1)']
num_forall :   0
num_exists :   0
num_literals : 0
quantified form : None
qcost : 0


=== Prime Orbit 264 =====================
size : 2
num_suborbits: 1
362 (*) : 0-00--------0-------------
362     : ['~ep_epoch0(node0)', '~ep_epoch2(node0)', '~ep_epoch3(node0)', '~locked_epoch1(node0)']
361     : ----0-00-----0------------
361     : ['~ep_epoch0(node1)', '~ep_epoch2(node1)', '~ep_epoch3(node1)', '~locked_epoch1(node1)']
num_forall :   0
num_exists :   0
num_literals : 0
quantified form : None
qcost : 0


=== Prime Orbit 265 =====================
size : 2
num_suborbits: 1
366 (*) : 0-0-----0---0-------------
366     : ['~ep_epoch0(node0)', '~ep_epoch2(node0)', '~held(node0)', '~locked_epoch1(node0)']
365     : ----0-0--0---0------------
365     : ['~ep_epoch0(node1)', '~ep_epoch2(node1)', '~held(node1)', '~locked_epoch1(node1)']
num_forall :   0
num_exists :   0
num_literals : 0
quantified form : None
qcost : 0


=== Prime Orbit 266 =====================
size : 2
num_suborbits: 1
364 (*) : 0-0---------0---0---------
364     : ['~ep_epoch0(node0)', '~ep_epoch2(node0)', '~locked_epoch1(node0)', '~locked_epoch3(node0)']
363     : ----0-0------0---0--------
363     : ['~ep_epoch0(node1)', '~ep_epoch2(node1)', '~locked_epoch1(node1)', '~locked_epoch3(node1)']
num_forall :   0
num_exists :   0
num_literals : 0
quantified form : None
qcost : 0


=== Prime Orbit 267 =====================
size : 2
num_suborbits: 1
388 (*) : 0-----0-----0-0-----------
388     : ['~ep_epoch0(node0)', '~ep_epoch2(node1)', '~locked_epoch1(node0)', '~locked_epoch2(node0)']
387     : --0-0--------0-0----------
387     : ['~ep_epoch0(node1)', '~ep_epoch2(node0)', '~locked_epoch1(node1)', '~locked_epoch2(node1)']
num_forall :   0
num_exists :   0
num_literals : 0
quantified form : None
qcost : 0


=== Prime Orbit 268 =====================
size : 2
num_suborbits: 1
400 (*) : 0--0--------0-0-----------
400     : ['~ep_epoch0(node0)', '~ep_epoch3(node0)', '~locked_epoch1(node0)', '~locked_epoch2(node0)']
399     : ----0--0-----0-0----------
399     : ['~ep_epoch0(node1)', '~ep_epoch3(node1)', '~locked_epoch1(node1)', '~locked_epoch2(node1)']
num_forall :   0
num_exists :   0
num_literals : 0
quantified form : None
qcost : 0


=== Prime Orbit 269 =====================
size : 2
num_suborbits: 1
398 (*) : 0-------0---0-0-----------
398     : ['~ep_epoch0(node0)', '~held(node0)', '~locked_epoch1(node0)', '~locked_epoch2(node0)']
397     : ----0----0---0-0----------
397     : ['~ep_epoch0(node1)', '~held(node1)', '~locked_epoch1(node1)', '~locked_epoch2(node1)']
num_forall :   0
num_exists :   0
num_literals : 0
quantified form : None
qcost : 0


=== Prime Orbit 270 =====================
size : 2
num_suborbits: 1
396 (*) : 0-----------0-00----------
396     : ['~ep_epoch0(node0)', '~locked_epoch1(node0)', '~locked_epoch2(node0)', '~locked_epoch2(node1)']
395     : ----0--------000----------
395     : ['~ep_epoch0(node1)', '~locked_epoch1(node1)', '~locked_epoch2(node0)', '~locked_epoch2(node1)']
num_forall :   0
num_exists :   0
num_literals : 0
quantified form : None
qcost : 0


=== Prime Orbit 271 =====================
size : 2
num_suborbits: 1
394 (*) : 0-----------0-0-0---------
394     : ['~ep_epoch0(node0)', '~locked_epoch1(node0)', '~locked_epoch2(node0)', '~locked_epoch3(node0)']
393     : ----0--------0-0-0--------
393     : ['~ep_epoch0(node1)', '~locked_epoch1(node1)', '~locked_epoch2(node1)', '~locked_epoch3(node1)']
num_forall :   0
num_exists :   0
num_literals : 0
quantified form : None
qcost : 0


=== Prime Orbit 272 =====================
size : 1
num_suborbits: 1
584 (*) : -0---0--------00----------
584     : ['~ep_epoch1(node0)', '~ep_epoch1(node1)', '~locked_epoch2(node0)', '~locked_epoch2(node1)']
num_forall :   0
num_exists :   0
num_literals : 0
quantified form : None
qcost : 0


=== Prime Orbit 273 =====================
size : 2
num_suborbits: 1
385 (*) : -000---------0------------
385     : ['~ep_epoch1(node0)', '~ep_epoch2(node0)', '~ep_epoch3(node0)', '~locked_epoch1(node1)']
386     : -----000----0-------------
386     : ['~ep_epoch1(node1)', '~ep_epoch2(node1)', '~ep_epoch3(node1)', '~locked_epoch1(node0)']
num_forall :   0
num_exists :   0
num_literals : 0
quantified form : None
qcost : 0


=== Prime Orbit 274 =====================
size : 2
num_suborbits: 1
381 (*) : -00-----0----0------------
381     : ['~ep_epoch1(node0)', '~ep_epoch2(node0)', '~held(node0)', '~locked_epoch1(node1)']
382     : -----00--0--0-------------
382     : ['~ep_epoch1(node1)', '~ep_epoch2(node1)', '~held(node1)', '~locked_epoch1(node0)']
num_forall :   0
num_exists :   0
num_literals : 0
quantified form : None
qcost : 0


=== Prime Orbit 275 =====================
size : 2
num_suborbits: 1
383 (*) : -00----------0--0---------
383     : ['~ep_epoch1(node0)', '~ep_epoch2(node0)', '~locked_epoch1(node1)', '~locked_epoch3(node0)']
384     : -----00-----0----0--------
384     : ['~ep_epoch1(node1)', '~ep_epoch2(node1)', '~locked_epoch1(node0)', '~locked_epoch3(node1)']
num_forall :   0
num_exists :   0
num_literals : 0
quantified form : None
qcost : 0


=== Prime Orbit 276 =====================
size : 2
num_suborbits: 1
367 (*) : -0----0------00-----------
367     : ['~ep_epoch1(node0)', '~ep_epoch2(node1)', '~locked_epoch1(node1)', '~locked_epoch2(node0)']
368     : --0--0------0--0----------
368     : ['~ep_epoch1(node1)', '~ep_epoch2(node0)', '~locked_epoch1(node0)', '~locked_epoch2(node1)']
num_forall :   0
num_exists :   0
num_literals : 0
quantified form : None
qcost : 0


=== Prime Orbit 277 =====================
size : 2
num_suborbits: 1
375 (*) : -0-0---------00-----------
375     : ['~ep_epoch1(node0)', '~ep_epoch3(node0)', '~locked_epoch1(node1)', '~locked_epoch2(node0)']
376     : -----0-0----0--0----------
376     : ['~ep_epoch1(node1)', '~ep_epoch3(node1)', '~locked_epoch1(node0)', '~locked_epoch2(node1)']
num_forall :   0
num_exists :   0
num_literals : 0
quantified form : None
qcost : 0


=== Prime Orbit 278 =====================
size : 2
num_suborbits: 1
373 (*) : -0------0----00-----------
373     : ['~ep_epoch1(node0)', '~held(node0)', '~locked_epoch1(node1)', '~locked_epoch2(node0)']
374     : -----0---0--0--0----------
374     : ['~ep_epoch1(node1)', '~held(node1)', '~locked_epoch1(node0)', '~locked_epoch2(node1)']
num_forall :   0
num_exists :   0
num_literals : 0
quantified form : None
qcost : 0


=== Prime Orbit 279 =====================
size : 2
num_suborbits: 1
377 (*) : -0-----------000----------
377     : ['~ep_epoch1(node0)', '~locked_epoch1(node1)', '~locked_epoch2(node0)', '~locked_epoch2(node1)']
378     : -----0------0-00----------
378     : ['~ep_epoch1(node1)', '~locked_epoch1(node0)', '~locked_epoch2(node0)', '~locked_epoch2(node1)']
num_forall :   0
num_exists :   0
num_literals : 0
quantified form : None
qcost : 0


=== Prime Orbit 280 =====================
size : 2
num_suborbits: 1
379 (*) : -0-----------00-0---------
379     : ['~ep_epoch1(node0)', '~locked_epoch1(node1)', '~locked_epoch2(node0)', '~locked_epoch3(node0)']
380     : -----0------0--0-0--------
380     : ['~ep_epoch1(node1)', '~locked_epoch1(node0)', '~locked_epoch2(node1)', '~locked_epoch3(node1)']
num_forall :   0
num_exists :   0
num_literals : 0
quantified form : None
qcost : 0


=== Prime Orbit 281 =====================
size : 2
num_suborbits: 1
641 (*) : 1----1---0------------00--
641     : ['ep_epoch0(node0)', 'ep_epoch1(node1)', '~held(node1)', '~transfer_epoch2(node0)', '~transfer_epoch2(node1)']
642     : -1--1---0-------------00--
642     : ['ep_epoch0(node1)', 'ep_epoch1(node0)', '~held(node0)', '~transfer_epoch2(node0)', '~transfer_epoch2(node1)']
num_forall :   0
num_exists :   0
num_literals : 0
quantified form : None
qcost : 0


=== Prime Orbit 282 =====================
size : 2
num_suborbits: 1
656 (*) : 1-----1--0--------------00
656     : ['ep_epoch0(node0)', 'ep_epoch2(node1)', '~held(node1)', '~transfer_epoch3(node0)', '~transfer_epoch3(node1)']
655     : --1-1---0---------------00
655     : ['ep_epoch0(node1)', 'ep_epoch2(node0)', '~held(node0)', '~transfer_epoch3(node0)', '~transfer_epoch3(node1)']
num_forall :   0
num_exists :   0
num_literals : 0
quantified form : None
qcost : 0


=== Prime Orbit 283 =====================
size : 2
num_suborbits: 1
722 (*) : 1--------0-----1--------00
722     : ['ep_epoch0(node0)', 'locked_epoch2(node1)', '~held(node1)', '~transfer_epoch3(node0)', '~transfer_epoch3(node1)']
721     : ----1---0-----1---------00
721     : ['ep_epoch0(node1)', 'locked_epoch2(node0)', '~held(node0)', '~transfer_epoch3(node0)', '~transfer_epoch3(node1)']
num_forall :   0
num_exists :   0
num_literals : 0
quantified form : None
qcost : 0


=== Prime Orbit 284 =====================
size : 2
num_suborbits: 1
718 (*) : 1----0---0--------------00
718     : ['ep_epoch0(node0)', '~ep_epoch1(node1)', '~held(node1)', '~transfer_epoch3(node0)', '~transfer_epoch3(node1)']
717     : -0--1---0---------------00
717     : ['ep_epoch0(node1)', '~ep_epoch1(node0)', '~held(node0)', '~transfer_epoch3(node0)', '~transfer_epoch3(node1)']
num_forall :   0
num_exists :   0
num_literals : 0
quantified form : None
qcost : 0


=== Prime Orbit 285 =====================
size : 2
num_suborbits: 1
720 (*) : 1-----0--0------------00--
720     : ['ep_epoch0(node0)', '~ep_epoch2(node1)', '~held(node1)', '~transfer_epoch2(node0)', '~transfer_epoch2(node1)']
719     : --0-1---0-------------00--
719     : ['ep_epoch0(node1)', '~ep_epoch2(node0)', '~held(node0)', '~transfer_epoch2(node0)', '~transfer_epoch2(node1)']
num_forall :   0
num_exists :   0
num_literals : 0
quantified form : None
qcost : 0


=== Prime Orbit 286 =====================
size : 2
num_suborbits: 1
670 (*) : 1--------0-----0------00--
670     : ['ep_epoch0(node0)', '~held(node1)', '~locked_epoch2(node1)', '~transfer_epoch2(node0)', '~transfer_epoch2(node1)']
669     : ----1---0-----0-------00--
669     : ['ep_epoch0(node1)', '~held(node0)', '~locked_epoch2(node0)', '~transfer_epoch2(node0)', '~transfer_epoch2(node1)']
num_forall :   0
num_exists :   0
num_literals : 0
quantified form : None
qcost : 0


=== Prime Orbit 287 =====================
size : 2
num_suborbits: 1
648 (*) : -1----1--0--------------00
648     : ['ep_epoch1(node0)', 'ep_epoch2(node1)', '~held(node1)', '~transfer_epoch3(node0)', '~transfer_epoch3(node1)']
647     : --1--1--0---------------00
647     : ['ep_epoch1(node1)', 'ep_epoch2(node0)', '~held(node0)', '~transfer_epoch3(node0)', '~transfer_epoch3(node1)']
num_forall :   0
num_exists :   0
num_literals : 0
quantified form : None
qcost : 0


=== Prime Orbit 288 =====================
size : 2
num_suborbits: 1
646 (*) : -1-------0-----1--------00
646     : ['ep_epoch1(node0)', 'locked_epoch2(node1)', '~held(node1)', '~transfer_epoch3(node0)', '~transfer_epoch3(node1)']
645     : -----1--0-----1---------00
645     : ['ep_epoch1(node1)', 'locked_epoch2(node0)', '~held(node0)', '~transfer_epoch3(node0)', '~transfer_epoch3(node1)']
num_forall :   0
num_exists :   0
num_literals : 0
quantified form : None
qcost : 0


=== Prime Orbit 289 =====================
size : 2
num_suborbits: 1
644 (*) : -1--0----0--------------00
644     : ['ep_epoch1(node0)', '~ep_epoch0(node1)', '~held(node1)', '~transfer_epoch3(node0)', '~transfer_epoch3(node1)']
643     : 0----1--0---------------00
643     : ['ep_epoch1(node1)', '~ep_epoch0(node0)', '~held(node0)', '~transfer_epoch3(node0)', '~transfer_epoch3(node1)']
num_forall :   0
num_exists :   0
num_literals : 0
quantified form : None
qcost : 0


=== Prime Orbit 290 =====================
size : 2
num_suborbits: 1
640 (*) : -1------0------0------00--
640     : ['ep_epoch1(node0)', '~held(node0)', '~locked_epoch2(node1)', '~transfer_epoch2(node0)', '~transfer_epoch2(node1)']
639     : -----1---0----0-------00--
639     : ['ep_epoch1(node1)', '~held(node1)', '~locked_epoch2(node0)', '~transfer_epoch2(node0)', '~transfer_epoch2(node1)']
num_forall :   0
num_exists :   0
num_literals : 0
quantified form : None
qcost : 0


=== Prime Orbit 291 =====================
size : 2
num_suborbits: 1
649 (*) : --1----00---------------00
649     : ['ep_epoch2(node0)', '~ep_epoch3(node1)', '~held(node0)', '~transfer_epoch3(node0)', '~transfer_epoch3(node1)']
650     : ---0--1--0--------------00
650     : ['ep_epoch2(node1)', '~ep_epoch3(node0)', '~held(node1)', '~transfer_epoch3(node0)', '~transfer_epoch3(node1)']
num_forall :   0
num_exists :   0
num_literals : 0
quantified form : None
qcost : 0


=== Prime Orbit 292 =====================
size : 2
num_suborbits: 1
653 (*) : --1-----00--------------00
653     : ['ep_epoch2(node0)', '~held(node0)', '~held(node1)', '~transfer_epoch3(node0)', '~transfer_epoch3(node1)']
654     : ------1-00--------------00
654     : ['ep_epoch2(node1)', '~held(node0)', '~held(node1)', '~transfer_epoch3(node0)', '~transfer_epoch3(node1)']
num_forall :   0
num_exists :   0
num_literals : 0
quantified form : None
qcost : 0


=== Prime Orbit 293 =====================
size : 2
num_suborbits: 1
651 (*) : --1-----0--------0------00
651     : ['ep_epoch2(node0)', '~held(node0)', '~locked_epoch3(node1)', '~transfer_epoch3(node0)', '~transfer_epoch3(node1)']
652     : ------1--0------0-------00
652     : ['ep_epoch2(node1)', '~held(node1)', '~locked_epoch3(node0)', '~transfer_epoch3(node0)', '~transfer_epoch3(node1)']
num_forall :   0
num_exists :   0
num_literals : 0
quantified form : None
qcost : 0


=== Prime Orbit 294 =====================
size : 2
num_suborbits: 1
716 (*) : -00-0-0-----1-------------
716     : ['locked_epoch1(node0)', '~ep_epoch0(node1)', '~ep_epoch1(node0)', '~ep_epoch2(node0)', '~ep_epoch2(node1)']
715     : 0-0--00------1------------
715     : ['locked_epoch1(node1)', '~ep_epoch0(node0)', '~ep_epoch1(node1)', '~ep_epoch2(node0)', '~ep_epoch2(node1)']
num_forall :   0
num_exists :   0
num_literals : 0
quantified form : None
qcost : 0


=== Prime Orbit 295 =====================
size : 2
num_suborbits: 1
702 (*) : -0-00--0----1-------------
702     : ['locked_epoch1(node0)', '~ep_epoch0(node1)', '~ep_epoch1(node0)', '~ep_epoch3(node0)', '~ep_epoch3(node1)']
701     : 0--0-0-0-----1------------
701     : ['locked_epoch1(node1)', '~ep_epoch0(node0)', '~ep_epoch1(node1)', '~ep_epoch3(node0)', '~ep_epoch3(node1)']
num_forall :   0
num_exists :   0
num_literals : 0
quantified form : None
qcost : 0


=== Prime Orbit 296 =====================
size : 4
num_suborbits: 2
698 (*) : -0-00----0--1-------------
698     : ['locked_epoch1(node0)', '~ep_epoch0(node1)', '~ep_epoch1(node0)', '~ep_epoch3(node0)', '~held(node1)']
712     : -0--0--00---1-------------
712     : ['locked_epoch1(node0)', '~ep_epoch0(node1)', '~ep_epoch1(node0)', '~ep_epoch3(node1)', '~held(node0)']
711     : 0--0-0---0---1------------
711     : ['locked_epoch1(node1)', '~ep_epoch0(node0)', '~ep_epoch1(node1)', '~ep_epoch3(node0)', '~held(node1)']
697     : 0----0-00----1------------
697     : ['locked_epoch1(node1)', '~ep_epoch0(node0)', '~ep_epoch1(node1)', '~ep_epoch3(node1)', '~held(node0)']
num_forall :   0
num_exists :   0
num_literals : 0
quantified form : None
qcost : 0


=== Prime Orbit 297 =====================
size : 4
num_suborbits: 2
700 (*) : -0-00-------1----0--------
700     : ['locked_epoch1(node0)', '~ep_epoch0(node1)', '~ep_epoch1(node0)', '~ep_epoch3(node0)', '~locked_epoch3(node1)']
704     : -0--0--0----1---0---------
704     : ['locked_epoch1(node0)', '~ep_epoch0(node1)', '~ep_epoch1(node0)', '~ep_epoch3(node1)', '~locked_epoch3(node0)']
703     : 0--0-0-------1---0--------
703     : ['locked_epoch1(node1)', '~ep_epoch0(node0)', '~ep_epoch1(node1)', '~ep_epoch3(node0)', '~locked_epoch3(node1)']
699     : 0----0-0-----1--0---------
699     : ['locked_epoch1(node1)', '~ep_epoch0(node0)', '~ep_epoch1(node1)', '~ep_epoch3(node1)', '~locked_epoch3(node0)']
num_forall :   0
num_exists :   0
num_literals : 0
quantified form : None
qcost : 0


=== Prime Orbit 298 =====================
size : 2
num_suborbits: 1
714 (*) : -0--0---00--1-------------
714     : ['locked_epoch1(node0)', '~ep_epoch0(node1)', '~ep_epoch1(node0)', '~held(node0)', '~held(node1)']
713     : 0----0--00---1------------
713     : ['locked_epoch1(node1)', '~ep_epoch0(node0)', '~ep_epoch1(node1)', '~held(node0)', '~held(node1)']
num_forall :   0
num_exists :   0
num_literals : 0
quantified form : None
qcost : 0


=== Prime Orbit 299 =====================
size : 4
num_suborbits: 2
710 (*) : -0--0---0---1----0--------
710     : ['locked_epoch1(node0)', '~ep_epoch0(node1)', '~ep_epoch1(node0)', '~held(node0)', '~locked_epoch3(node1)']
708     : -0--0----0--1---0---------
708     : ['locked_epoch1(node0)', '~ep_epoch0(node1)', '~ep_epoch1(node0)', '~held(node1)', '~locked_epoch3(node0)']
707     : 0----0--0----1---0--------
707     : ['locked_epoch1(node1)', '~ep_epoch0(node0)', '~ep_epoch1(node1)', '~held(node0)', '~locked_epoch3(node1)']
709     : 0----0---0---1--0---------
709     : ['locked_epoch1(node1)', '~ep_epoch0(node0)', '~ep_epoch1(node1)', '~held(node1)', '~locked_epoch3(node0)']
num_forall :   0
num_exists :   0
num_literals : 0
quantified form : None
qcost : 0


=== Prime Orbit 300 =====================
size : 2
num_suborbits: 1
706 (*) : -0--0-------1---00--------
706     : ['locked_epoch1(node0)', '~ep_epoch0(node1)', '~ep_epoch1(node0)', '~locked_epoch3(node0)', '~locked_epoch3(node1)']
705     : 0----0-------1--00--------
705     : ['locked_epoch1(node1)', '~ep_epoch0(node0)', '~ep_epoch1(node1)', '~locked_epoch3(node0)', '~locked_epoch3(node1)']
num_forall :   0
num_exists :   0
num_literals : 0
quantified form : None
qcost : 0


=== Prime Orbit 301 =====================
size : 2
num_suborbits: 1
696 (*) : -------00-----1---------00
696     : ['locked_epoch2(node0)', '~ep_epoch3(node1)', '~held(node0)', '~transfer_epoch3(node0)', '~transfer_epoch3(node1)']
695     : ---0-----0-----1--------00
695     : ['locked_epoch2(node1)', '~ep_epoch3(node0)', '~held(node1)', '~transfer_epoch3(node0)', '~transfer_epoch3(node1)']
num_forall :   0
num_exists :   0
num_literals : 0
quantified form : None
qcost : 0


=== Prime Orbit 302 =====================
size : 2
num_suborbits: 1
692 (*) : --------00----1---------00
692     : ['locked_epoch2(node0)', '~held(node0)', '~held(node1)', '~transfer_epoch3(node0)', '~transfer_epoch3(node1)']
691     : --------00-----1--------00
691     : ['locked_epoch2(node1)', '~held(node0)', '~held(node1)', '~transfer_epoch3(node0)', '~transfer_epoch3(node1)']
num_forall :   0
num_exists :   0
num_literals : 0
quantified form : None
qcost : 0


=== Prime Orbit 303 =====================
size : 2
num_suborbits: 1
694 (*) : --------0-----1--0------00
694     : ['locked_epoch2(node0)', '~held(node0)', '~locked_epoch3(node1)', '~transfer_epoch3(node0)', '~transfer_epoch3(node1)']
693     : ---------0-----10-------00
693     : ['locked_epoch2(node1)', '~held(node1)', '~locked_epoch3(node0)', '~transfer_epoch3(node0)', '~transfer_epoch3(node1)']
num_forall :   0
num_exists :   0
num_literals : 0
quantified form : None
qcost : 0


=== Prime Orbit 304 =====================
size : 2
num_suborbits: 1
723 (*) : 00--00------------------1-
723     : ['transfer_epoch3(node0)', '~ep_epoch0(node0)', '~ep_epoch0(node1)', '~ep_epoch1(node0)', '~ep_epoch1(node1)']
724     : 00--00-------------------1
724     : ['transfer_epoch3(node1)', '~ep_epoch0(node0)', '~ep_epoch0(node1)', '~ep_epoch1(node0)', '~ep_epoch1(node1)']
num_forall :   0
num_exists :   0
num_literals : 0
quantified form : None
qcost : 0


=== Prime Orbit 305 =====================
size : 2
num_suborbits: 1
666 (*) : 0-000----------0----------
666     : ['~ep_epoch0(node0)', '~ep_epoch0(node1)', '~ep_epoch2(node0)', '~ep_epoch3(node0)', '~locked_epoch2(node1)']
665     : 0---0-00------0-----------
665     : ['~ep_epoch0(node0)', '~ep_epoch0(node1)', '~ep_epoch2(node1)', '~ep_epoch3(node1)', '~locked_epoch2(node0)']
num_forall :   0
num_exists :   0
num_literals : 0
quantified form : None
qcost : 0


=== Prime Orbit 306 =====================
size : 2
num_suborbits: 1
664 (*) : 0-0-0---0------0----------
664     : ['~ep_epoch0(node0)', '~ep_epoch0(node1)', '~ep_epoch2(node0)', '~held(node0)', '~locked_epoch2(node1)']
663     : 0---0-0--0----0-----------
663     : ['~ep_epoch0(node0)', '~ep_epoch0(node1)', '~ep_epoch2(node1)', '~held(node1)', '~locked_epoch2(node0)']
num_forall :   0
num_exists :   0
num_literals : 0
quantified form : None
qcost : 0


=== Prime Orbit 307 =====================
size : 2
num_suborbits: 1
668 (*) : 0-0-0----------00---------
668     : ['~ep_epoch0(node0)', '~ep_epoch0(node1)', '~ep_epoch2(node0)', '~locked_epoch2(node1)', '~locked_epoch3(node0)']
667     : 0---0-0-------0--0--------
667     : ['~ep_epoch0(node0)', '~ep_epoch0(node1)', '~ep_epoch2(node1)', '~locked_epoch2(node0)', '~locked_epoch3(node1)']
num_forall :   0
num_exists :   0
num_literals : 0
quantified form : None
qcost : 0


=== Prime Orbit 308 =====================
size : 2
num_suborbits: 1
672 (*) : 0-0--00-----0-------------
672     : ['~ep_epoch0(node0)', '~ep_epoch1(node1)', '~ep_epoch2(node0)', '~ep_epoch2(node1)', '~locked_epoch1(node0)']
671     : -00-0-0------0------------
671     : ['~ep_epoch0(node1)', '~ep_epoch1(node0)', '~ep_epoch2(node0)', '~ep_epoch2(node1)', '~locked_epoch1(node1)']
num_forall :   0
num_exists :   0
num_literals : 0
quantified form : None
qcost : 0


=== Prime Orbit 309 =====================
size : 2
num_suborbits: 1
674 (*) : 0--0-0-0----0-------------
674     : ['~ep_epoch0(node0)', '~ep_epoch1(node1)', '~ep_epoch3(node0)', '~ep_epoch3(node1)', '~locked_epoch1(node0)']
673     : -0-00--0-----0------------
673     : ['~ep_epoch0(node1)', '~ep_epoch1(node0)', '~ep_epoch3(node0)', '~ep_epoch3(node1)', '~locked_epoch1(node1)']
num_forall :   0
num_exists :   0
num_literals : 0
quantified form : None
qcost : 0


=== Prime Orbit 310 =====================
size : 4
num_suborbits: 2
678 (*) : 0--0-0---0--0-------------
678     : ['~ep_epoch0(node0)', '~ep_epoch1(node1)', '~ep_epoch3(node0)', '~held(node1)', '~locked_epoch1(node0)']
686     : 0----0-00---0-------------
686     : ['~ep_epoch0(node0)', '~ep_epoch1(node1)', '~ep_epoch3(node1)', '~held(node0)', '~locked_epoch1(node0)']
685     : -0-00----0---0------------
685     : ['~ep_epoch0(node1)', '~ep_epoch1(node0)', '~ep_epoch3(node0)', '~held(node1)', '~locked_epoch1(node1)']
677     : -0--0--00----0------------
677     : ['~ep_epoch0(node1)', '~ep_epoch1(node0)', '~ep_epoch3(node1)', '~held(node0)', '~locked_epoch1(node1)']
num_forall :   0
num_exists :   0
num_literals : 0
quantified form : None
qcost : 0


=== Prime Orbit 311 =====================
size : 4
num_suborbits: 2
676 (*) : 0--0-0------0----0--------
676     : ['~ep_epoch0(node0)', '~ep_epoch1(node1)', '~ep_epoch3(node0)', '~locked_epoch1(node0)', '~locked_epoch3(node1)']
680     : 0----0-0----0---0---------
680     : ['~ep_epoch0(node0)', '~ep_epoch1(node1)', '~ep_epoch3(node1)', '~locked_epoch1(node0)', '~locked_epoch3(node0)']
679     : -0-00--------0---0--------
679     : ['~ep_epoch0(node1)', '~ep_epoch1(node0)', '~ep_epoch3(node0)', '~locked_epoch1(node1)', '~locked_epoch3(node1)']
675     : -0--0--0-----0--0---------
675     : ['~ep_epoch0(node1)', '~ep_epoch1(node0)', '~ep_epoch3(node1)', '~locked_epoch1(node1)', '~locked_epoch3(node0)']
num_forall :   0
num_exists :   0
num_literals : 0
quantified form : None
qcost : 0


=== Prime Orbit 312 =====================
size : 2
num_suborbits: 1
690 (*) : 0----0--00--0-------------
690     : ['~ep_epoch0(node0)', '~ep_epoch1(node1)', '~held(node0)', '~held(node1)', '~locked_epoch1(node0)']
689     : -0--0---00---0------------
689     : ['~ep_epoch0(node1)', '~ep_epoch1(node0)', '~held(node0)', '~held(node1)', '~locked_epoch1(node1)']
num_forall :   0
num_exists :   0
num_literals : 0
quantified form : None
qcost : 0


=== Prime Orbit 313 =====================
size : 4
num_suborbits: 2
688 (*) : 0----0--0---0----0--------
688     : ['~ep_epoch0(node0)', '~ep_epoch1(node1)', '~held(node0)', '~locked_epoch1(node0)', '~locked_epoch3(node1)']
684     : 0----0---0--0---0---------
684     : ['~ep_epoch0(node0)', '~ep_epoch1(node1)', '~held(node1)', '~locked_epoch1(node0)', '~locked_epoch3(node0)']
683     : -0--0---0----0---0--------
683     : ['~ep_epoch0(node1)', '~ep_epoch1(node0)', '~held(node0)', '~locked_epoch1(node1)', '~locked_epoch3(node1)']
687     : -0--0----0---0--0---------
687     : ['~ep_epoch0(node1)', '~ep_epoch1(node0)', '~held(node1)', '~locked_epoch1(node1)', '~locked_epoch3(node0)']
num_forall :   0
num_exists :   0
num_literals : 0
quantified form : None
qcost : 0


=== Prime Orbit 314 =====================
size : 2
num_suborbits: 1
682 (*) : 0----0------0---00--------
682     : ['~ep_epoch0(node0)', '~ep_epoch1(node1)', '~locked_epoch1(node0)', '~locked_epoch3(node0)', '~locked_epoch3(node1)']
681     : -0--0--------0--00--------
681     : ['~ep_epoch0(node1)', '~ep_epoch1(node0)', '~locked_epoch1(node1)', '~locked_epoch3(node0)', '~locked_epoch3(node1)']
num_forall :   0
num_exists :   0
num_literals : 0
quantified form : None
qcost : 0


=== Prime Orbit 315 =====================
size : 2
num_suborbits: 1
660 (*) : -000-0---------0----------
660     : ['~ep_epoch1(node0)', '~ep_epoch1(node1)', '~ep_epoch2(node0)', '~ep_epoch3(node0)', '~locked_epoch2(node1)']
659     : -0---000------0-----------
659     : ['~ep_epoch1(node0)', '~ep_epoch1(node1)', '~ep_epoch2(node1)', '~ep_epoch3(node1)', '~locked_epoch2(node0)']
num_forall :   0
num_exists :   0
num_literals : 0
quantified form : None
qcost : 0


=== Prime Orbit 316 =====================
size : 2
num_suborbits: 1
662 (*) : -00--0--0------0----------
662     : ['~ep_epoch1(node0)', '~ep_epoch1(node1)', '~ep_epoch2(node0)', '~held(node0)', '~locked_epoch2(node1)']
661     : -0---00--0----0-----------
661     : ['~ep_epoch1(node0)', '~ep_epoch1(node1)', '~ep_epoch2(node1)', '~held(node1)', '~locked_epoch2(node0)']
num_forall :   0
num_exists :   0
num_literals : 0
quantified form : None
qcost : 0


=== Prime Orbit 317 =====================
size : 2
num_suborbits: 1
658 (*) : -00--0---------00---------
658     : ['~ep_epoch1(node0)', '~ep_epoch1(node1)', '~ep_epoch2(node0)', '~locked_epoch2(node1)', '~locked_epoch3(node0)']
657     : -0---00-------0--0--------
657     : ['~ep_epoch1(node0)', '~ep_epoch1(node1)', '~ep_epoch2(node1)', '~locked_epoch2(node0)', '~locked_epoch3(node1)']
num_forall :   0
num_exists :   0
num_literals : 0
quantified form : None
qcost : 0


=== Prime Orbit 318 =====================
size : 2
num_suborbits: 1
807 (*) : 1--------0------------0000
807     : ['ep_epoch0(node0)', '~held(node1)', '~transfer_epoch2(node0)', '~transfer_epoch2(node1)', '~transfer_epoch3(node0)', '~transfer_epoch3(node1)']
806     : ----1---0-------------0000
806     : ['ep_epoch0(node1)', '~held(node0)', '~transfer_epoch2(node0)', '~transfer_epoch2(node1)', '~transfer_epoch3(node0)', '~transfer_epoch3(node1)']
num_forall :   0
num_exists :   0
num_literals : 0
quantified form : None
qcost : 0


=== Prime Orbit 319 =====================
size : 2
num_suborbits: 1
809 (*) : -1----000-------------00--
809     : ['ep_epoch1(node0)', '~ep_epoch2(node1)', '~ep_epoch3(node1)', '~held(node0)', '~transfer_epoch2(node0)', '~transfer_epoch2(node1)']
808     : --00-1---0------------00--
808     : ['ep_epoch1(node1)', '~ep_epoch2(node0)', '~ep_epoch3(node0)', '~held(node1)', '~transfer_epoch2(node0)', '~transfer_epoch2(node1)']
num_forall :   0
num_exists :   0
num_literals : 0
quantified form : None
qcost : 0


=== Prime Orbit 320 =====================
size : 2
num_suborbits: 1
813 (*) : -1----0-00------------00--
813     : ['ep_epoch1(node0)', '~ep_epoch2(node1)', '~held(node0)', '~held(node1)', '~transfer_epoch2(node0)', '~transfer_epoch2(node1)']
812     : --0--1--00------------00--
812     : ['ep_epoch1(node1)', '~ep_epoch2(node0)', '~held(node0)', '~held(node1)', '~transfer_epoch2(node0)', '~transfer_epoch2(node1)']
num_forall :   0
num_exists :   0
num_literals : 0
quantified form : None
qcost : 0


=== Prime Orbit 321 =====================
size : 2
num_suborbits: 1
811 (*) : -1----0-0--------0----00--
811     : ['ep_epoch1(node0)', '~ep_epoch2(node1)', '~held(node0)', '~locked_epoch3(node1)', '~transfer_epoch2(node0)', '~transfer_epoch2(node1)']
810     : --0--1---0------0-----00--
810     : ['ep_epoch1(node1)', '~ep_epoch2(node0)', '~held(node1)', '~locked_epoch3(node0)', '~transfer_epoch2(node0)', '~transfer_epoch2(node1)']
num_forall :   0
num_exists :   0
num_literals : 0
quantified form : None
qcost : 0


=== Prime Orbit 322 =====================
size : 2
num_suborbits: 1
752 (*) : ---00----0--1-----------00
752     : ['locked_epoch1(node0)', '~ep_epoch0(node1)', '~ep_epoch3(node0)', '~held(node1)', '~transfer_epoch3(node0)', '~transfer_epoch3(node1)']
751     : 0------00----1----------00
751     : ['locked_epoch1(node1)', '~ep_epoch0(node0)', '~ep_epoch3(node1)', '~held(node0)', '~transfer_epoch3(node0)', '~transfer_epoch3(node1)']
num_forall :   0
num_exists :   0
num_literals : 0
quantified form : None
qcost : 0


=== Prime Orbit 323 =====================
size : 2
num_suborbits: 1
748 (*) : ----0---00--1-----------00
748     : ['locked_epoch1(node0)', '~ep_epoch0(node1)', '~held(node0)', '~held(node1)', '~transfer_epoch3(node0)', '~transfer_epoch3(node1)']
747     : 0-------00---1----------00
747     : ['locked_epoch1(node1)', '~ep_epoch0(node0)', '~held(node0)', '~held(node1)', '~transfer_epoch3(node0)', '~transfer_epoch3(node1)']
num_forall :   0
num_exists :   0
num_literals : 0
quantified form : None
qcost : 0


=== Prime Orbit 324 =====================
size : 2
num_suborbits: 1
750 (*) : ----0----0--1---0-------00
750     : ['locked_epoch1(node0)', '~ep_epoch0(node1)', '~held(node1)', '~locked_epoch3(node0)', '~transfer_epoch3(node0)', '~transfer_epoch3(node1)']
749     : 0-------0----1---0------00
749     : ['locked_epoch1(node1)', '~ep_epoch0(node0)', '~held(node0)', '~locked_epoch3(node1)', '~transfer_epoch3(node0)', '~transfer_epoch3(node1)']
num_forall :   0
num_exists :   0
num_literals : 0
quantified form : None
qcost : 0


=== Prime Orbit 325 =====================
size : 2
num_suborbits: 1
735 (*) : -0-----00---1-----------00
735     : ['locked_epoch1(node0)', '~ep_epoch1(node0)', '~ep_epoch3(node1)', '~held(node0)', '~transfer_epoch3(node0)', '~transfer_epoch3(node1)']
734     : ---0-0---0---1----------00
734     : ['locked_epoch1(node1)', '~ep_epoch1(node1)', '~ep_epoch3(node0)', '~held(node1)', '~transfer_epoch3(node0)', '~transfer_epoch3(node1)']
num_forall :   0
num_exists :   0
num_literals : 0
quantified form : None
qcost : 0


=== Prime Orbit 326 =====================
size : 2
num_suborbits: 1
746 (*) : -0------00--1-----------00
746     : ['locked_epoch1(node0)', '~ep_epoch1(node0)', '~held(node0)', '~held(node1)', '~transfer_epoch3(node0)', '~transfer_epoch3(node1)']
745     : -----0--00---1----------00
745     : ['locked_epoch1(node1)', '~ep_epoch1(node1)', '~held(node0)', '~held(node1)', '~transfer_epoch3(node0)', '~transfer_epoch3(node1)']
num_forall :   0
num_exists :   0
num_literals : 0
quantified form : None
qcost : 0


=== Prime Orbit 327 =====================
size : 2
num_suborbits: 1
737 (*) : -0------0---1----0------00
737     : ['locked_epoch1(node0)', '~ep_epoch1(node0)', '~held(node0)', '~locked_epoch3(node1)', '~transfer_epoch3(node0)', '~transfer_epoch3(node1)']
736     : -----0---0---1--0-------00
736     : ['locked_epoch1(node1)', '~ep_epoch1(node1)', '~held(node1)', '~locked_epoch3(node0)', '~transfer_epoch3(node0)', '~transfer_epoch3(node1)']
num_forall :   0
num_exists :   0
num_literals : 0
quantified form : None
qcost : 0


=== Prime Orbit 328 =====================
size : 2
num_suborbits: 1
778 (*) : --0-----0---1--0------00--
778     : ['locked_epoch1(node0)', '~ep_epoch2(node0)', '~held(node0)', '~locked_epoch2(node1)', '~transfer_epoch2(node0)', '~transfer_epoch2(node1)']
779     : ------0--0---10-------00--
779     : ['locked_epoch1(node1)', '~ep_epoch2(node1)', '~held(node1)', '~locked_epoch2(node0)', '~transfer_epoch2(node0)', '~transfer_epoch2(node1)']
num_forall :   0
num_exists :   0
num_literals : 0
quantified form : None
qcost : 0


=== Prime Orbit 329 =====================
size : 2
num_suborbits: 1
768 (*) : --------0---1-00------00--
768     : ['locked_epoch1(node0)', '~held(node0)', '~locked_epoch2(node0)', '~locked_epoch2(node1)', '~transfer_epoch2(node0)', '~transfer_epoch2(node1)']
767     : ---------0---100------00--
767     : ['locked_epoch1(node1)', '~held(node1)', '~locked_epoch2(node0)', '~locked_epoch2(node1)', '~transfer_epoch2(node0)', '~transfer_epoch2(node1)']
num_forall :   0
num_exists :   0
num_literals : 0
quantified form : None
qcost : 0


=== Prime Orbit 330 =====================
size : 1
num_suborbits: 1
795 (*) : 000-000-------------------
795     : ['~ep_epoch0(node0)', '~ep_epoch0(node1)', '~ep_epoch1(node0)', '~ep_epoch1(node1)', '~ep_epoch2(node0)', '~ep_epoch2(node1)']
num_forall :   0
num_exists :   0
num_literals : 0
quantified form : None
qcost : 0


=== Prime Orbit 331 =====================
size : 1
num_suborbits: 1
727 (*) : 00-000-0------------------
727     : ['~ep_epoch0(node0)', '~ep_epoch0(node1)', '~ep_epoch1(node0)', '~ep_epoch1(node1)', '~ep_epoch3(node0)', '~ep_epoch3(node1)']
num_forall :   0
num_exists :   0
num_literals : 0
quantified form : None
qcost : 0


=== Prime Orbit 332 =====================
size : 2
num_suborbits: 1
728 (*) : 00-000---0----------------
728     : ['~ep_epoch0(node0)', '~ep_epoch0(node1)', '~ep_epoch1(node0)', '~ep_epoch1(node1)', '~ep_epoch3(node0)', '~held(node1)']
729     : 00--00-00-----------------
729     : ['~ep_epoch0(node0)', '~ep_epoch0(node1)', '~ep_epoch1(node0)', '~ep_epoch1(node1)', '~ep_epoch3(node1)', '~held(node0)']
num_forall :   0
num_exists :   0
num_literals : 0
quantified form : None
qcost : 0


=== Prime Orbit 333 =====================
size : 2
num_suborbits: 1
725 (*) : 00-000-----------0--------
725     : ['~ep_epoch0(node0)', '~ep_epoch0(node1)', '~ep_epoch1(node0)', '~ep_epoch1(node1)', '~ep_epoch3(node0)', '~locked_epoch3(node1)']
726     : 00--00-0--------0---------
726     : ['~ep_epoch0(node0)', '~ep_epoch0(node1)', '~ep_epoch1(node0)', '~ep_epoch1(node1)', '~ep_epoch3(node1)', '~locked_epoch3(node0)']
num_forall :   0
num_exists :   0
num_literals : 0
quantified form : None
qcost : 0


=== Prime Orbit 334 =====================
size : 1
num_suborbits: 1
762 (*) : 00--00--00----------------
762     : ['~ep_epoch0(node0)', '~ep_epoch0(node1)', '~ep_epoch1(node0)', '~ep_epoch1(node1)', '~held(node0)', '~held(node1)']
num_forall :   0
num_exists :   0
num_literals : 0
quantified form : None
qcost : 0


=== Prime Orbit 335 =====================
size : 2
num_suborbits: 1
744 (*) : 00--00--0--------0--------
744     : ['~ep_epoch0(node0)', '~ep_epoch0(node1)', '~ep_epoch1(node0)', '~ep_epoch1(node1)', '~held(node0)', '~locked_epoch3(node1)']
743     : 00--00---0------0---------
743     : ['~ep_epoch0(node0)', '~ep_epoch0(node1)', '~ep_epoch1(node0)', '~ep_epoch1(node1)', '~held(node1)', '~locked_epoch3(node0)']
num_forall :   0
num_exists :   0
num_literals : 0
quantified form : None
qcost : 0


=== Prime Orbit 336 =====================
size : 1
num_suborbits: 1
742 (*) : 00--00----------00--------
742     : ['~ep_epoch0(node0)', '~ep_epoch0(node1)', '~ep_epoch1(node0)', '~ep_epoch1(node1)', '~locked_epoch3(node0)', '~locked_epoch3(node1)']
num_forall :   0
num_exists :   0
num_literals : 0
quantified form : None
qcost : 0


=== Prime Orbit 337 =====================
size : 1
num_suborbits: 1
796 (*) : 0-000-00------------------
796     : ['~ep_epoch0(node0)', '~ep_epoch0(node1)', '~ep_epoch2(node0)', '~ep_epoch2(node1)', '~ep_epoch3(node0)', '~ep_epoch3(node1)']
num_forall :   0
num_exists :   0
num_literals : 0
quantified form : None
qcost : 0


=== Prime Orbit 338 =====================
size : 2
num_suborbits: 1
790 (*) : 0-000-0--0----------------
790     : ['~ep_epoch0(node0)', '~ep_epoch0(node1)', '~ep_epoch2(node0)', '~ep_epoch2(node1)', '~ep_epoch3(node0)', '~held(node1)']
789     : 0-0-0-000-----------------
789     : ['~ep_epoch0(node0)', '~ep_epoch0(node1)', '~ep_epoch2(node0)', '~ep_epoch2(node1)', '~ep_epoch3(node1)', '~held(node0)']
num_forall :   0
num_exists :   0
num_literals : 0
quantified form : None
qcost : 0


=== Prime Orbit 339 =====================
size : 2
num_suborbits: 1
798 (*) : 0-000-0----------0--------
798     : ['~ep_epoch0(node0)', '~ep_epoch0(node1)', '~ep_epoch2(node0)', '~ep_epoch2(node1)', '~ep_epoch3(node0)', '~locked_epoch3(node1)']
797     : 0-0-0-00--------0---------
797     : ['~ep_epoch0(node0)', '~ep_epoch0(node1)', '~ep_epoch2(node0)', '~ep_epoch2(node1)', '~ep_epoch3(node1)', '~locked_epoch3(node0)']
num_forall :   0
num_exists :   0
num_literals : 0
quantified form : None
qcost : 0


=== Prime Orbit 340 =====================
size : 1
num_suborbits: 1
785 (*) : 0-0-0-0-00----------------
785     : ['~ep_epoch0(node0)', '~ep_epoch0(node1)', '~ep_epoch2(node0)', '~ep_epoch2(node1)', '~held(node0)', '~held(node1)']
num_forall :   0
num_exists :   0
num_literals : 0
quantified form : None
qcost : 0


=== Prime Orbit 341 =====================
size : 2
num_suborbits: 1
787 (*) : 0-0-0-0-0--------0--------
787     : ['~ep_epoch0(node0)', '~ep_epoch0(node1)', '~ep_epoch2(node0)', '~ep_epoch2(node1)', '~held(node0)', '~locked_epoch3(node1)']
788     : 0-0-0-0--0------0---------
788     : ['~ep_epoch0(node0)', '~ep_epoch0(node1)', '~ep_epoch2(node0)', '~ep_epoch2(node1)', '~held(node1)', '~locked_epoch3(node0)']
num_forall :   0
num_exists :   0
num_literals : 0
quantified form : None
qcost : 0


=== Prime Orbit 342 =====================
size : 1
num_suborbits: 1
799 (*) : 0-0-0-0---------00--------
799     : ['~ep_epoch0(node0)', '~ep_epoch0(node1)', '~ep_epoch2(node0)', '~ep_epoch2(node1)', '~locked_epoch3(node0)', '~locked_epoch3(node1)']
num_forall :   0
num_exists :   0
num_literals : 0
quantified form : None
qcost : 0


=== Prime Orbit 343 =====================
size : 1
num_suborbits: 1
759 (*) : 0---0---00--------------00
759     : ['~ep_epoch0(node0)', '~ep_epoch0(node1)', '~held(node0)', '~held(node1)', '~transfer_epoch3(node0)', '~transfer_epoch3(node1)']
num_forall :   0
num_exists :   0
num_literals : 0
quantified form : None
qcost : 0


=== Prime Orbit 344 =====================
size : 2
num_suborbits: 1
731 (*) : 00-----00---------------00
731     : ['~ep_epoch0(node0)', '~ep_epoch1(node0)', '~ep_epoch3(node1)', '~held(node0)', '~transfer_epoch3(node0)', '~transfer_epoch3(node1)']
730     : ---000---0--------------00
730     : ['~ep_epoch0(node1)', '~ep_epoch1(node1)', '~ep_epoch3(node0)', '~held(node1)', '~transfer_epoch3(node0)', '~transfer_epoch3(node1)']
num_forall :   0
num_exists :   0
num_literals : 0
quantified form : None
qcost : 0


=== Prime Orbit 345 =====================
size : 2
num_suborbits: 1
760 (*) : 00------00--------------00
760     : ['~ep_epoch0(node0)', '~ep_epoch1(node0)', '~held(node0)', '~held(node1)', '~transfer_epoch3(node0)', '~transfer_epoch3(node1)']
761     : ----00--00--------------00
761     : ['~ep_epoch0(node1)', '~ep_epoch1(node1)', '~held(node0)', '~held(node1)', '~transfer_epoch3(node0)', '~transfer_epoch3(node1)']
num_forall :   0
num_exists :   0
num_literals : 0
quantified form : None
qcost : 0


=== Prime Orbit 346 =====================
size : 2
num_suborbits: 1
739 (*) : 00------0--------0------00
739     : ['~ep_epoch0(node0)', '~ep_epoch1(node0)', '~held(node0)', '~locked_epoch3(node1)', '~transfer_epoch3(node0)', '~transfer_epoch3(node1)']
738     : ----00---0------0-------00
738     : ['~ep_epoch0(node1)', '~ep_epoch1(node1)', '~held(node1)', '~locked_epoch3(node0)', '~transfer_epoch3(node0)', '~transfer_epoch3(node1)']
num_forall :   0
num_exists :   0
num_literals : 0
quantified form : None
qcost : 0


=== Prime Orbit 347 =====================
size : 2
num_suborbits: 1
780 (*) : 0-0-----0------0------00--
780     : ['~ep_epoch0(node0)', '~ep_epoch2(node0)', '~held(node0)', '~locked_epoch2(node1)', '~transfer_epoch2(node0)', '~transfer_epoch2(node1)']
781     : ----0-0--0----0-------00--
781     : ['~ep_epoch0(node1)', '~ep_epoch2(node1)', '~held(node1)', '~locked_epoch2(node0)', '~transfer_epoch2(node0)', '~transfer_epoch2(node1)']
num_forall :   0
num_exists :   0
num_literals : 0
quantified form : None
qcost : 0


=== Prime Orbit 348 =====================
size : 2
num_suborbits: 1
755 (*) : 0------00---0-----------00
755     : ['~ep_epoch0(node0)', '~ep_epoch3(node1)', '~held(node0)', '~locked_epoch1(node0)', '~transfer_epoch3(node0)', '~transfer_epoch3(node1)']
756     : ---00----0---0----------00
756     : ['~ep_epoch0(node1)', '~ep_epoch3(node0)', '~held(node1)', '~locked_epoch1(node1)', '~transfer_epoch3(node0)', '~transfer_epoch3(node1)']
num_forall :   0
num_exists :   0
num_literals : 0
quantified form : None
qcost : 0


=== Prime Orbit 349 =====================
size : 2
num_suborbits: 1
757 (*) : 0-------00--0-----------00
757     : ['~ep_epoch0(node0)', '~held(node0)', '~held(node1)', '~locked_epoch1(node0)', '~transfer_epoch3(node0)', '~transfer_epoch3(node1)']
758     : ----0---00---0----------00
758     : ['~ep_epoch0(node1)', '~held(node0)', '~held(node1)', '~locked_epoch1(node1)', '~transfer_epoch3(node0)', '~transfer_epoch3(node1)']
num_forall :   0
num_exists :   0
num_literals : 0
quantified form : None
qcost : 0


=== Prime Orbit 350 =====================
size : 2
num_suborbits: 1
753 (*) : 0-------0---0----0------00
753     : ['~ep_epoch0(node0)', '~held(node0)', '~locked_epoch1(node0)', '~locked_epoch3(node1)', '~transfer_epoch3(node0)', '~transfer_epoch3(node1)']
754     : ----0----0---0--0-------00
754     : ['~ep_epoch0(node1)', '~held(node1)', '~locked_epoch1(node1)', '~locked_epoch3(node0)', '~transfer_epoch3(node0)', '~transfer_epoch3(node1)']
num_forall :   0
num_exists :   0
num_literals : 0
quantified form : None
qcost : 0


=== Prime Orbit 351 =====================
size : 2
num_suborbits: 1
774 (*) : 0-------0-----00------00--
774     : ['~ep_epoch0(node0)', '~held(node0)', '~locked_epoch2(node0)', '~locked_epoch2(node1)', '~transfer_epoch2(node0)', '~transfer_epoch2(node1)']
773     : ----0----0----00------00--
773     : ['~ep_epoch0(node1)', '~held(node1)', '~locked_epoch2(node0)', '~locked_epoch2(node1)', '~transfer_epoch2(node0)', '~transfer_epoch2(node1)']
num_forall :   0
num_exists :   0
num_literals : 0
quantified form : None
qcost : 0


=== Prime Orbit 352 =====================
size : 1
num_suborbits: 1
803 (*) : -000-000------------------
803     : ['~ep_epoch1(node0)', '~ep_epoch1(node1)', '~ep_epoch2(node0)', '~ep_epoch2(node1)', '~ep_epoch3(node0)', '~ep_epoch3(node1)']
num_forall :   0
num_exists :   0
num_literals : 0
quantified form : None
qcost : 0


=== Prime Orbit 353 =====================
size : 2
num_suborbits: 1
792 (*) : -000-00--0----------------
792     : ['~ep_epoch1(node0)', '~ep_epoch1(node1)', '~ep_epoch2(node0)', '~ep_epoch2(node1)', '~ep_epoch3(node0)', '~held(node1)']
791     : -00--0000-----------------
791     : ['~ep_epoch1(node0)', '~ep_epoch1(node1)', '~ep_epoch2(node0)', '~ep_epoch2(node1)', '~ep_epoch3(node1)', '~held(node0)']
num_forall :   0
num_exists :   0
num_literals : 0
quantified form : None
qcost : 0


=== Prime Orbit 354 =====================
size : 2
num_suborbits: 1
801 (*) : -000-00----------0--------
801     : ['~ep_epoch1(node0)', '~ep_epoch1(node1)', '~ep_epoch2(node0)', '~ep_epoch2(node1)', '~ep_epoch3(node0)', '~locked_epoch3(node1)']
800     : -00--000--------0---------
800     : ['~ep_epoch1(node0)', '~ep_epoch1(node1)', '~ep_epoch2(node0)', '~ep_epoch2(node1)', '~ep_epoch3(node1)', '~locked_epoch3(node0)']
num_forall :   0
num_exists :   0
num_literals : 0
quantified form : None
qcost : 0


=== Prime Orbit 355 =====================
size : 1
num_suborbits: 1
786 (*) : -00--00-00----------------
786     : ['~ep_epoch1(node0)', '~ep_epoch1(node1)', '~ep_epoch2(node0)', '~ep_epoch2(node1)', '~held(node0)', '~held(node1)']
num_forall :   0
num_exists :   0
num_literals : 0
quantified form : None
qcost : 0


=== Prime Orbit 356 =====================
size : 2
num_suborbits: 1
793 (*) : -00--00-0--------0--------
793     : ['~ep_epoch1(node0)', '~ep_epoch1(node1)', '~ep_epoch2(node0)', '~ep_epoch2(node1)', '~held(node0)', '~locked_epoch3(node1)']
794     : -00--00--0------0---------
794     : ['~ep_epoch1(node0)', '~ep_epoch1(node1)', '~ep_epoch2(node0)', '~ep_epoch2(node1)', '~held(node1)', '~locked_epoch3(node0)']
num_forall :   0
num_exists :   0
num_literals : 0
quantified form : None
qcost : 0


=== Prime Orbit 357 =====================
size : 1
num_suborbits: 1
802 (*) : -00--00---------00--------
802     : ['~ep_epoch1(node0)', '~ep_epoch1(node1)', '~ep_epoch2(node0)', '~ep_epoch2(node1)', '~locked_epoch3(node0)', '~locked_epoch3(node1)']
num_forall :   0
num_exists :   0
num_literals : 0
quantified form : None
qcost : 0


=== Prime Orbit 358 =====================
size : 1
num_suborbits: 1
766 (*) : -0---0--00--------------00
766     : ['~ep_epoch1(node0)', '~ep_epoch1(node1)', '~held(node0)', '~held(node1)', '~transfer_epoch3(node0)', '~transfer_epoch3(node1)']
num_forall :   0
num_exists :   0
num_literals : 0
quantified form : None
qcost : 0


=== Prime Orbit 359 =====================
size : 2
num_suborbits: 1
777 (*) : -0----0--0----0-------00--
777     : ['~ep_epoch1(node0)', '~ep_epoch2(node1)', '~held(node1)', '~locked_epoch2(node0)', '~transfer_epoch2(node0)', '~transfer_epoch2(node1)']
776     : --0--0--0------0------00--
776     : ['~ep_epoch1(node1)', '~ep_epoch2(node0)', '~held(node0)', '~locked_epoch2(node1)', '~transfer_epoch2(node0)', '~transfer_epoch2(node1)']
num_forall :   0
num_exists :   0
num_literals : 0
quantified form : None
qcost : 0


=== Prime Orbit 360 =====================
size : 2
num_suborbits: 1
733 (*) : -0-----00----0----------00
733     : ['~ep_epoch1(node0)', '~ep_epoch3(node1)', '~held(node0)', '~locked_epoch1(node1)', '~transfer_epoch3(node0)', '~transfer_epoch3(node1)']
732     : ---0-0---0--0-----------00
732     : ['~ep_epoch1(node1)', '~ep_epoch3(node0)', '~held(node1)', '~locked_epoch1(node0)', '~transfer_epoch3(node0)', '~transfer_epoch3(node1)']
num_forall :   0
num_exists :   0
num_literals : 0
quantified form : None
qcost : 0


=== Prime Orbit 361 =====================
size : 2
num_suborbits: 1
764 (*) : -0------00---0----------00
764     : ['~ep_epoch1(node0)', '~held(node0)', '~held(node1)', '~locked_epoch1(node1)', '~transfer_epoch3(node0)', '~transfer_epoch3(node1)']
763     : -----0--00--0-----------00
763     : ['~ep_epoch1(node1)', '~held(node0)', '~held(node1)', '~locked_epoch1(node0)', '~transfer_epoch3(node0)', '~transfer_epoch3(node1)']
num_forall :   0
num_exists :   0
num_literals : 0
quantified form : None
qcost : 0


=== Prime Orbit 362 =====================
size : 2
num_suborbits: 1
741 (*) : -0------0----0---0------00
741     : ['~ep_epoch1(node0)', '~held(node0)', '~locked_epoch1(node1)', '~locked_epoch3(node1)', '~transfer_epoch3(node0)', '~transfer_epoch3(node1)']
740     : -----0---0--0---0-------00
740     : ['~ep_epoch1(node1)', '~held(node1)', '~locked_epoch1(node0)', '~locked_epoch3(node0)', '~transfer_epoch3(node0)', '~transfer_epoch3(node1)']
num_forall :   0
num_exists :   0
num_literals : 0
quantified form : None
qcost : 0


=== Prime Orbit 363 =====================
size : 2
num_suborbits: 1
769 (*) : -0-------0----00------00--
769     : ['~ep_epoch1(node0)', '~held(node1)', '~locked_epoch2(node0)', '~locked_epoch2(node1)', '~transfer_epoch2(node0)', '~transfer_epoch2(node1)']
770     : -----0--0-----00------00--
770     : ['~ep_epoch1(node1)', '~held(node0)', '~locked_epoch2(node0)', '~locked_epoch2(node1)', '~transfer_epoch2(node0)', '~transfer_epoch2(node1)']
num_forall :   0
num_exists :   0
num_literals : 0
quantified form : None
qcost : 0


=== Prime Orbit 364 =====================
size : 1
num_suborbits: 1
784 (*) : --0---0-00------------00--
784     : ['~ep_epoch2(node0)', '~ep_epoch2(node1)', '~held(node0)', '~held(node1)', '~transfer_epoch2(node0)', '~transfer_epoch2(node1)']
num_forall :   0
num_exists :   0
num_literals : 0
quantified form : None
qcost : 0


=== Prime Orbit 365 =====================
size : 2
num_suborbits: 1
782 (*) : --0-----00-----0------00--
782     : ['~ep_epoch2(node0)', '~held(node0)', '~held(node1)', '~locked_epoch2(node1)', '~transfer_epoch2(node0)', '~transfer_epoch2(node1)']
783     : ------0-00----0-------00--
783     : ['~ep_epoch2(node1)', '~held(node0)', '~held(node1)', '~locked_epoch2(node0)', '~transfer_epoch2(node0)', '~transfer_epoch2(node1)']
num_forall :   0
num_exists :   0
num_literals : 0
quantified form : None
qcost : 0


=== Prime Orbit 366 =====================
size : 2
num_suborbits: 1
805 (*) : --0-----0----0-0------00--
805     : ['~ep_epoch2(node0)', '~held(node0)', '~locked_epoch1(node1)', '~locked_epoch2(node1)', '~transfer_epoch2(node0)', '~transfer_epoch2(node1)']
804     : ------0--0--0-0-------00--
804     : ['~ep_epoch2(node1)', '~held(node1)', '~locked_epoch1(node0)', '~locked_epoch2(node0)', '~transfer_epoch2(node0)', '~transfer_epoch2(node1)']
num_forall :   0
num_exists :   0
num_literals : 0
quantified form : None
qcost : 0


=== Prime Orbit 367 =====================
size : 1
num_suborbits: 1
775 (*) : --------00----00------00--
775     : ['~held(node0)', '~held(node1)', '~locked_epoch2(node0)', '~locked_epoch2(node1)', '~transfer_epoch2(node0)', '~transfer_epoch2(node1)']
num_forall :   0
num_exists :   0
num_literals : 0
quantified form : None
qcost : 0


=== Prime Orbit 368 =====================
size : 1
num_suborbits: 1
765 (*) : --------00------------0000
765     : ['~held(node0)', '~held(node1)', '~transfer_epoch2(node0)', '~transfer_epoch2(node1)', '~transfer_epoch3(node0)', '~transfer_epoch3(node1)']
num_forall :   0
num_exists :   0
num_literals : 0
quantified form : None
qcost : 0


=== Prime Orbit 369 =====================
size : 2
num_suborbits: 1
772 (*) : --------0----000------00--
772     : ['~held(node0)', '~locked_epoch1(node1)', '~locked_epoch2(node0)', '~locked_epoch2(node1)', '~transfer_epoch2(node0)', '~transfer_epoch2(node1)']
771     : ---------0--0-00------00--
771     : ['~held(node1)', '~locked_epoch1(node0)', '~locked_epoch2(node0)', '~locked_epoch2(node1)', '~transfer_epoch2(node0)', '~transfer_epoch2(node1)']
num_forall :   0
num_exists :   0
num_literals : 0
quantified form : None
qcost : 0


=== Prime Orbit 370 =====================
size : 2
num_suborbits: 1
841 (*) : --0---000---1---------00--
841     : ['locked_epoch1(node0)', '~ep_epoch2(node0)', '~ep_epoch2(node1)', '~ep_epoch3(node1)', '~held(node0)', '~transfer_epoch2(node0)', '~transfer_epoch2(node1)']
840     : --00--0--0---1--------00--
840     : ['locked_epoch1(node1)', '~ep_epoch2(node0)', '~ep_epoch2(node1)', '~ep_epoch3(node0)', '~held(node1)', '~transfer_epoch2(node0)', '~transfer_epoch2(node1)']
num_forall :   0
num_exists :   0
num_literals : 0
quantified form : None
qcost : 0


=== Prime Orbit 371 =====================
size : 2
num_suborbits: 1
843 (*) : --0---0-0---1----0----00--
843     : ['locked_epoch1(node0)', '~ep_epoch2(node0)', '~ep_epoch2(node1)', '~held(node0)', '~locked_epoch3(node1)', '~transfer_epoch2(node0)', '~transfer_epoch2(node1)']
842     : --0---0--0---1--0-----00--
842     : ['locked_epoch1(node1)', '~ep_epoch2(node0)', '~ep_epoch2(node1)', '~held(node1)', '~locked_epoch3(node0)', '~transfer_epoch2(node0)', '~transfer_epoch2(node1)']
num_forall :   0
num_exists :   0
num_literals : 0
quantified form : None
qcost : 0


=== Prime Orbit 372 =====================
size : 2
num_suborbits: 1
831 (*) : ------000---1-0-------00--
831     : ['locked_epoch1(node0)', '~ep_epoch2(node1)', '~ep_epoch3(node1)', '~held(node0)', '~locked_epoch2(node0)', '~transfer_epoch2(node0)', '~transfer_epoch2(node1)']
830     : --00-----0---1-0------00--
830     : ['locked_epoch1(node1)', '~ep_epoch2(node0)', '~ep_epoch3(node0)', '~held(node1)', '~locked_epoch2(node1)', '~transfer_epoch2(node0)', '~transfer_epoch2(node1)']
num_forall :   0
num_exists :   0
num_literals : 0
quantified form : None
qcost : 0


=== Prime Orbit 373 =====================
size : 2
num_suborbits: 1
835 (*) : ------0-0---1-0--0----00--
835     : ['locked_epoch1(node0)', '~ep_epoch2(node1)', '~held(node0)', '~locked_epoch2(node0)', '~locked_epoch3(node1)', '~transfer_epoch2(node0)', '~transfer_epoch2(node1)']
834     : --0------0---1-00-----00--
834     : ['locked_epoch1(node1)', '~ep_epoch2(node0)', '~held(node1)', '~locked_epoch2(node1)', '~locked_epoch3(node0)', '~transfer_epoch2(node0)', '~transfer_epoch2(node1)']
num_forall :   0
num_exists :   0
num_literals : 0
quantified form : None
qcost : 0


=== Prime Orbit 374 =====================
size : 2
num_suborbits: 1
855 (*) : 0-000----0--------------00
855     : ['~ep_epoch0(node0)', '~ep_epoch0(node1)', '~ep_epoch2(node0)', '~ep_epoch3(node0)', '~held(node1)', '~transfer_epoch3(node0)', '~transfer_epoch3(node1)']
854     : 0---0-000---------------00
854     : ['~ep_epoch0(node0)', '~ep_epoch0(node1)', '~ep_epoch2(node1)', '~ep_epoch3(node1)', '~held(node0)', '~transfer_epoch3(node0)', '~transfer_epoch3(node1)']
num_forall :   0
num_exists :   0
num_literals : 0
quantified form : None
qcost : 0


=== Prime Orbit 375 =====================
size : 2
num_suborbits: 1
857 (*) : 0-0-0----0------0-------00
857     : ['~ep_epoch0(node0)', '~ep_epoch0(node1)', '~ep_epoch2(node0)', '~held(node1)', '~locked_epoch3(node0)', '~transfer_epoch3(node0)', '~transfer_epoch3(node1)']
856     : 0---0-0-0--------0------00
856     : ['~ep_epoch0(node0)', '~ep_epoch0(node1)', '~ep_epoch2(node1)', '~held(node0)', '~locked_epoch3(node1)', '~transfer_epoch3(node0)', '~transfer_epoch3(node1)']
num_forall :   0
num_exists :   0
num_literals : 0
quantified form : None
qcost : 0


=== Prime Orbit 376 =====================
size : 2
num_suborbits: 1
859 (*) : 0--00----0----0---------00
859     : ['~ep_epoch0(node0)', '~ep_epoch0(node1)', '~ep_epoch3(node0)', '~held(node1)', '~locked_epoch2(node0)', '~transfer_epoch3(node0)', '~transfer_epoch3(node1)']
858     : 0---0--00------0--------00
858     : ['~ep_epoch0(node0)', '~ep_epoch0(node1)', '~ep_epoch3(node1)', '~held(node0)', '~locked_epoch2(node1)', '~transfer_epoch3(node0)', '~transfer_epoch3(node1)']
num_forall :   0
num_exists :   0
num_literals : 0
quantified form : None
qcost : 0


=== Prime Orbit 377 =====================
size : 2
num_suborbits: 1
860 (*) : 0---0---0------0-0------00
860     : ['~ep_epoch0(node0)', '~ep_epoch0(node1)', '~held(node0)', '~locked_epoch2(node1)', '~locked_epoch3(node1)', '~transfer_epoch3(node0)', '~transfer_epoch3(node1)']
861     : 0---0----0----0-0-------00
861     : ['~ep_epoch0(node0)', '~ep_epoch0(node1)', '~held(node1)', '~locked_epoch2(node0)', '~locked_epoch3(node0)', '~transfer_epoch3(node0)', '~transfer_epoch3(node1)']
num_forall :   0
num_exists :   0
num_literals : 0
quantified form : None
qcost : 0


=== Prime Orbit 378 =====================
size : 2
num_suborbits: 1
853 (*) : 0-0---000-------------00--
853     : ['~ep_epoch0(node0)', '~ep_epoch2(node0)', '~ep_epoch2(node1)', '~ep_epoch3(node1)', '~held(node0)', '~transfer_epoch2(node0)', '~transfer_epoch2(node1)']
852     : --000-0--0------------00--
852     : ['~ep_epoch0(node1)', '~ep_epoch2(node0)', '~ep_epoch2(node1)', '~ep_epoch3(node0)', '~held(node1)', '~transfer_epoch2(node0)', '~transfer_epoch2(node1)']
num_forall :   0
num_exists :   0
num_literals : 0
quantified form : None
qcost : 0


=== Prime Orbit 379 =====================
size : 2
num_suborbits: 1
851 (*) : 0-0---0-0--------0----00--
851     : ['~ep_epoch0(node0)', '~ep_epoch2(node0)', '~ep_epoch2(node1)', '~held(node0)', '~locked_epoch3(node1)', '~transfer_epoch2(node0)', '~transfer_epoch2(node1)']
850     : --0-0-0--0------0-----00--
850     : ['~ep_epoch0(node1)', '~ep_epoch2(node0)', '~ep_epoch2(node1)', '~held(node1)', '~locked_epoch3(node0)', '~transfer_epoch2(node0)', '~transfer_epoch2(node1)']
num_forall :   0
num_exists :   0
num_literals : 0
quantified form : None
qcost : 0


=== Prime Orbit 380 =====================
size : 2
num_suborbits: 1
827 (*) : 0-----000-----0-------00--
827     : ['~ep_epoch0(node0)', '~ep_epoch2(node1)', '~ep_epoch3(node1)', '~held(node0)', '~locked_epoch2(node0)', '~transfer_epoch2(node0)', '~transfer_epoch2(node1)']
826     : --000----0-----0------00--
826     : ['~ep_epoch0(node1)', '~ep_epoch2(node0)', '~ep_epoch3(node0)', '~held(node1)', '~locked_epoch2(node1)', '~transfer_epoch2(node0)', '~transfer_epoch2(node1)']
num_forall :   0
num_exists :   0
num_literals : 0
quantified form : None
qcost : 0


=== Prime Orbit 381 =====================
size : 2
num_suborbits: 1
837 (*) : 0-----0-0-----0--0----00--
837     : ['~ep_epoch0(node0)', '~ep_epoch2(node1)', '~held(node0)', '~locked_epoch2(node0)', '~locked_epoch3(node1)', '~transfer_epoch2(node0)', '~transfer_epoch2(node1)']
836     : --0-0----0-----00-----00--
836     : ['~ep_epoch0(node1)', '~ep_epoch2(node0)', '~held(node1)', '~locked_epoch2(node1)', '~locked_epoch3(node0)', '~transfer_epoch2(node0)', '~transfer_epoch2(node1)']
num_forall :   0
num_exists :   0
num_literals : 0
quantified form : None
qcost : 0


=== Prime Orbit 382 =====================
size : 2
num_suborbits: 1
824 (*) : -000-0---0--------------00
824     : ['~ep_epoch1(node0)', '~ep_epoch1(node1)', '~ep_epoch2(node0)', '~ep_epoch3(node0)', '~held(node1)', '~transfer_epoch3(node0)', '~transfer_epoch3(node1)']
825     : -0---0000---------------00
825     : ['~ep_epoch1(node0)', '~ep_epoch1(node1)', '~ep_epoch2(node1)', '~ep_epoch3(node1)', '~held(node0)', '~transfer_epoch3(node0)', '~transfer_epoch3(node1)']
num_forall :   0
num_exists :   0
num_literals : 0
quantified form : None
qcost : 0


=== Prime Orbit 383 =====================
size : 2
num_suborbits: 1
822 (*) : -00--0---0------0-------00
822     : ['~ep_epoch1(node0)', '~ep_epoch1(node1)', '~ep_epoch2(node0)', '~held(node1)', '~locked_epoch3(node0)', '~transfer_epoch3(node0)', '~transfer_epoch3(node1)']
823     : -0---00-0--------0------00
823     : ['~ep_epoch1(node0)', '~ep_epoch1(node1)', '~ep_epoch2(node1)', '~held(node0)', '~locked_epoch3(node1)', '~transfer_epoch3(node0)', '~transfer_epoch3(node1)']
num_forall :   0
num_exists :   0
num_literals : 0
quantified form : None
qcost : 0


=== Prime Orbit 384 =====================
size : 2
num_suborbits: 1
814 (*) : -0-0-0---0----0---------00
814     : ['~ep_epoch1(node0)', '~ep_epoch1(node1)', '~ep_epoch3(node0)', '~held(node1)', '~locked_epoch2(node0)', '~transfer_epoch3(node0)', '~transfer_epoch3(node1)']
815     : -0---0-00------0--------00
815     : ['~ep_epoch1(node0)', '~ep_epoch1(node1)', '~ep_epoch3(node1)', '~held(node0)', '~locked_epoch2(node1)', '~transfer_epoch3(node0)', '~transfer_epoch3(node1)']
num_forall :   0
num_exists :   0
num_literals : 0
quantified form : None
qcost : 0


=== Prime Orbit 385 =====================
size : 2
num_suborbits: 1
817 (*) : -0---0--0------0-0------00
817     : ['~ep_epoch1(node0)', '~ep_epoch1(node1)', '~held(node0)', '~locked_epoch2(node1)', '~locked_epoch3(node1)', '~transfer_epoch3(node0)', '~transfer_epoch3(node1)']
816     : -0---0---0----0-0-------00
816     : ['~ep_epoch1(node0)', '~ep_epoch1(node1)', '~held(node1)', '~locked_epoch2(node0)', '~locked_epoch3(node0)', '~transfer_epoch3(node0)', '~transfer_epoch3(node1)']
num_forall :   0
num_exists :   0
num_literals : 0
quantified form : None
qcost : 0


=== Prime Orbit 386 =====================
size : 2
num_suborbits: 1
838 (*) : -000--0--0------------00--
838     : ['~ep_epoch1(node0)', '~ep_epoch2(node0)', '~ep_epoch2(node1)', '~ep_epoch3(node0)', '~held(node1)', '~transfer_epoch2(node0)', '~transfer_epoch2(node1)']
839     : --0--0000-------------00--
839     : ['~ep_epoch1(node1)', '~ep_epoch2(node0)', '~ep_epoch2(node1)', '~ep_epoch3(node1)', '~held(node0)', '~transfer_epoch2(node0)', '~transfer_epoch2(node1)']
num_forall :   0
num_exists :   0
num_literals : 0
quantified form : None
qcost : 0


=== Prime Orbit 387 =====================
size : 2
num_suborbits: 1
844 (*) : -00---0--0------0-----00--
844     : ['~ep_epoch1(node0)', '~ep_epoch2(node0)', '~ep_epoch2(node1)', '~held(node1)', '~locked_epoch3(node0)', '~transfer_epoch2(node0)', '~transfer_epoch2(node1)']
845     : --0--00-0--------0----00--
845     : ['~ep_epoch1(node1)', '~ep_epoch2(node0)', '~ep_epoch2(node1)', '~held(node0)', '~locked_epoch3(node1)', '~transfer_epoch2(node0)', '~transfer_epoch2(node1)']
num_forall :   0
num_exists :   0
num_literals : 0
quantified form : None
qcost : 0


=== Prime Orbit 388 =====================
size : 2
num_suborbits: 1
819 (*) : -000-----0-----0------00--
819     : ['~ep_epoch1(node0)', '~ep_epoch2(node0)', '~ep_epoch3(node0)', '~held(node1)', '~locked_epoch2(node1)', '~transfer_epoch2(node0)', '~transfer_epoch2(node1)']
818     : -----0000-----0-------00--
818     : ['~ep_epoch1(node1)', '~ep_epoch2(node1)', '~ep_epoch3(node1)', '~held(node0)', '~locked_epoch2(node0)', '~transfer_epoch2(node0)', '~transfer_epoch2(node1)']
num_forall :   0
num_exists :   0
num_literals : 0
quantified form : None
qcost : 0


=== Prime Orbit 389 =====================
size : 2
num_suborbits: 1
821 (*) : -00------0-----00-----00--
821     : ['~ep_epoch1(node0)', '~ep_epoch2(node0)', '~held(node1)', '~locked_epoch2(node1)', '~locked_epoch3(node0)', '~transfer_epoch2(node0)', '~transfer_epoch2(node1)']
820     : -----00-0-----0--0----00--
820     : ['~ep_epoch1(node1)', '~ep_epoch2(node1)', '~held(node0)', '~locked_epoch2(node0)', '~locked_epoch3(node1)', '~transfer_epoch2(node0)', '~transfer_epoch2(node1)']
num_forall :   0
num_exists :   0
num_literals : 0
quantified form : None
qcost : 0


=== Prime Orbit 390 =====================
size : 2
num_suborbits: 1
848 (*) : --00--0--0--0---------00--
848     : ['~ep_epoch2(node0)', '~ep_epoch2(node1)', '~ep_epoch3(node0)', '~held(node1)', '~locked_epoch1(node0)', '~transfer_epoch2(node0)', '~transfer_epoch2(node1)']
849     : --0---000----0--------00--
849     : ['~ep_epoch2(node0)', '~ep_epoch2(node1)', '~ep_epoch3(node1)', '~held(node0)', '~locked_epoch1(node1)', '~transfer_epoch2(node0)', '~transfer_epoch2(node1)']
num_forall :   0
num_exists :   0
num_literals : 0
quantified form : None
qcost : 0


=== Prime Orbit 391 =====================
size : 2
num_suborbits: 1
847 (*) : --0---0-0----0---0----00--
847     : ['~ep_epoch2(node0)', '~ep_epoch2(node1)', '~held(node0)', '~locked_epoch1(node1)', '~locked_epoch3(node1)', '~transfer_epoch2(node0)', '~transfer_epoch2(node1)']
846     : --0---0--0--0---0-----00--
846     : ['~ep_epoch2(node0)', '~ep_epoch2(node1)', '~held(node1)', '~locked_epoch1(node0)', '~locked_epoch3(node0)', '~transfer_epoch2(node0)', '~transfer_epoch2(node1)']
num_forall :   0
num_exists :   0
num_literals : 0
quantified form : None
qcost : 0


=== Prime Orbit 392 =====================
size : 2
num_suborbits: 1
828 (*) : --00-----0--0--0------00--
828     : ['~ep_epoch2(node0)', '~ep_epoch3(node0)', '~held(node1)', '~locked_epoch1(node0)', '~locked_epoch2(node1)', '~transfer_epoch2(node0)', '~transfer_epoch2(node1)']
829     : ------000----00-------00--
829     : ['~ep_epoch2(node1)', '~ep_epoch3(node1)', '~held(node0)', '~locked_epoch1(node1)', '~locked_epoch2(node0)', '~transfer_epoch2(node0)', '~transfer_epoch2(node1)']
num_forall :   0
num_exists :   0
num_literals : 0
quantified form : None
qcost : 0


=== Prime Orbit 393 =====================
size : 2
num_suborbits: 1
832 (*) : --0------0--0--00-----00--
832     : ['~ep_epoch2(node0)', '~held(node1)', '~locked_epoch1(node0)', '~locked_epoch2(node1)', '~locked_epoch3(node0)', '~transfer_epoch2(node0)', '~transfer_epoch2(node1)']
833     : ------0-0----00--0----00--
833     : ['~ep_epoch2(node1)', '~held(node0)', '~locked_epoch1(node1)', '~locked_epoch2(node0)', '~locked_epoch3(node1)', '~transfer_epoch2(node0)', '~transfer_epoch2(node1)']
num_forall :   0
num_exists :   0
num_literals : 0
quantified form : None
qcost : 0


=== Prime Orbit 394 =====================
size : 2
num_suborbits: 1
891 (*) : ------000---1---------0000
891     : ['locked_epoch1(node0)', '~ep_epoch2(node1)', '~ep_epoch3(node1)', '~held(node0)', '~transfer_epoch2(node0)', '~transfer_epoch2(node1)', '~transfer_epoch3(node0)', '~transfer_epoch3(node1)']
890     : --00-----0---1--------0000
890     : ['locked_epoch1(node1)', '~ep_epoch2(node0)', '~ep_epoch3(node0)', '~held(node1)', '~transfer_epoch2(node0)', '~transfer_epoch2(node1)', '~transfer_epoch3(node0)', '~transfer_epoch3(node1)']
num_forall :   0
num_exists :   0
num_literals : 0
quantified form : None
qcost : 0


=== Prime Orbit 395 =====================
size : 2
num_suborbits: 1
893 (*) : ------0-0---1----0----0000
893     : ['locked_epoch1(node0)', '~ep_epoch2(node1)', '~held(node0)', '~locked_epoch3(node1)', '~transfer_epoch2(node0)', '~transfer_epoch2(node1)', '~transfer_epoch3(node0)', '~transfer_epoch3(node1)']
892     : --0------0---1--0-----0000
892     : ['locked_epoch1(node1)', '~ep_epoch2(node0)', '~held(node1)', '~locked_epoch3(node0)', '~transfer_epoch2(node0)', '~transfer_epoch2(node1)', '~transfer_epoch3(node0)', '~transfer_epoch3(node1)']
num_forall :   0
num_exists :   0
num_literals : 0
quantified form : None
qcost : 0


=== Prime Orbit 396 =====================
size : 2
num_suborbits: 1
887 (*) : -------00---1--0------0000
887     : ['locked_epoch1(node0)', '~ep_epoch3(node1)', '~held(node0)', '~locked_epoch2(node1)', '~transfer_epoch2(node0)', '~transfer_epoch2(node1)', '~transfer_epoch3(node0)', '~transfer_epoch3(node1)']
886     : ---0-----0---10-------0000
886     : ['locked_epoch1(node1)', '~ep_epoch3(node0)', '~held(node1)', '~locked_epoch2(node0)', '~transfer_epoch2(node0)', '~transfer_epoch2(node1)', '~transfer_epoch3(node0)', '~transfer_epoch3(node1)']
num_forall :   0
num_exists :   0
num_literals : 0
quantified form : None
qcost : 0


=== Prime Orbit 397 =====================
size : 2
num_suborbits: 1
889 (*) : --------0---1--0-0----0000
889     : ['locked_epoch1(node0)', '~held(node0)', '~locked_epoch2(node1)', '~locked_epoch3(node1)', '~transfer_epoch2(node0)', '~transfer_epoch2(node1)', '~transfer_epoch3(node0)', '~transfer_epoch3(node1)']
888     : ---------0---10-0-----0000
888     : ['locked_epoch1(node1)', '~held(node1)', '~locked_epoch2(node0)', '~locked_epoch3(node0)', '~transfer_epoch2(node0)', '~transfer_epoch2(node1)', '~transfer_epoch3(node0)', '~transfer_epoch3(node1)']
num_forall :   0
num_exists :   0
num_literals : 0
quantified form : None
qcost : 0


=== Prime Orbit 398 =====================
size : 2
num_suborbits: 1
863 (*) : 0-----000-------------0000
863     : ['~ep_epoch0(node0)', '~ep_epoch2(node1)', '~ep_epoch3(node1)', '~held(node0)', '~transfer_epoch2(node0)', '~transfer_epoch2(node1)', '~transfer_epoch3(node0)', '~transfer_epoch3(node1)']
862     : --000----0------------0000
862     : ['~ep_epoch0(node1)', '~ep_epoch2(node0)', '~ep_epoch3(node0)', '~held(node1)', '~transfer_epoch2(node0)', '~transfer_epoch2(node1)', '~transfer_epoch3(node0)', '~transfer_epoch3(node1)']
num_forall :   0
num_exists :   0
num_literals : 0
quantified form : None
qcost : 0


=== Prime Orbit 399 =====================
size : 2
num_suborbits: 1
877 (*) : 0-----0-0--------0----0000
877     : ['~ep_epoch0(node0)', '~ep_epoch2(node1)', '~held(node0)', '~locked_epoch3(node1)', '~transfer_epoch2(node0)', '~transfer_epoch2(node1)', '~transfer_epoch3(node0)', '~transfer_epoch3(node1)']
876     : --0-0----0------0-----0000
876     : ['~ep_epoch0(node1)', '~ep_epoch2(node0)', '~held(node1)', '~locked_epoch3(node0)', '~transfer_epoch2(node0)', '~transfer_epoch2(node1)', '~transfer_epoch3(node0)', '~transfer_epoch3(node1)']
num_forall :   0
num_exists :   0
num_literals : 0
quantified form : None
qcost : 0


=== Prime Orbit 400 =====================
size : 2
num_suborbits: 1
865 (*) : 0------00------0------0000
865     : ['~ep_epoch0(node0)', '~ep_epoch3(node1)', '~held(node0)', '~locked_epoch2(node1)', '~transfer_epoch2(node0)', '~transfer_epoch2(node1)', '~transfer_epoch3(node0)', '~transfer_epoch3(node1)']
864     : ---00----0----0-------0000
864     : ['~ep_epoch0(node1)', '~ep_epoch3(node0)', '~held(node1)', '~locked_epoch2(node0)', '~transfer_epoch2(node0)', '~transfer_epoch2(node1)', '~transfer_epoch3(node0)', '~transfer_epoch3(node1)']
num_forall :   0
num_exists :   0
num_literals : 0
quantified form : None
qcost : 0


=== Prime Orbit 401 =====================
size : 2
num_suborbits: 1
873 (*) : 0-------0------0-0----0000
873     : ['~ep_epoch0(node0)', '~held(node0)', '~locked_epoch2(node1)', '~locked_epoch3(node1)', '~transfer_epoch2(node0)', '~transfer_epoch2(node1)', '~transfer_epoch3(node0)', '~transfer_epoch3(node1)']
872     : ----0----0----0-0-----0000
872     : ['~ep_epoch0(node1)', '~held(node1)', '~locked_epoch2(node0)', '~locked_epoch3(node0)', '~transfer_epoch2(node0)', '~transfer_epoch2(node1)', '~transfer_epoch3(node0)', '~transfer_epoch3(node1)']
num_forall :   0
num_exists :   0
num_literals : 0
quantified form : None
qcost : 0


=== Prime Orbit 402 =====================
size : 2
num_suborbits: 1
868 (*) : -000-----0------------0000
868     : ['~ep_epoch1(node0)', '~ep_epoch2(node0)', '~ep_epoch3(node0)', '~held(node1)', '~transfer_epoch2(node0)', '~transfer_epoch2(node1)', '~transfer_epoch3(node0)', '~transfer_epoch3(node1)']
869     : -----0000-------------0000
869     : ['~ep_epoch1(node1)', '~ep_epoch2(node1)', '~ep_epoch3(node1)', '~held(node0)', '~transfer_epoch2(node0)', '~transfer_epoch2(node1)', '~transfer_epoch3(node0)', '~transfer_epoch3(node1)']
num_forall :   0
num_exists :   0
num_literals : 0
quantified form : None
qcost : 0


=== Prime Orbit 403 =====================
size : 2
num_suborbits: 1
874 (*) : -00------0------0-----0000
874     : ['~ep_epoch1(node0)', '~ep_epoch2(node0)', '~held(node1)', '~locked_epoch3(node0)', '~transfer_epoch2(node0)', '~transfer_epoch2(node1)', '~transfer_epoch3(node0)', '~transfer_epoch3(node1)']
875     : -----00-0--------0----0000
875     : ['~ep_epoch1(node1)', '~ep_epoch2(node1)', '~held(node0)', '~locked_epoch3(node1)', '~transfer_epoch2(node0)', '~transfer_epoch2(node1)', '~transfer_epoch3(node0)', '~transfer_epoch3(node1)']
num_forall :   0
num_exists :   0
num_literals : 0
quantified form : None
qcost : 0


=== Prime Orbit 404 =====================
size : 2
num_suborbits: 1
866 (*) : -0-0-----0----0-------0000
866     : ['~ep_epoch1(node0)', '~ep_epoch3(node0)', '~held(node1)', '~locked_epoch2(node0)', '~transfer_epoch2(node0)', '~transfer_epoch2(node1)', '~transfer_epoch3(node0)', '~transfer_epoch3(node1)']
867     : -----0-00------0------0000
867     : ['~ep_epoch1(node1)', '~ep_epoch3(node1)', '~held(node0)', '~locked_epoch2(node1)', '~transfer_epoch2(node0)', '~transfer_epoch2(node1)', '~transfer_epoch3(node0)', '~transfer_epoch3(node1)']
num_forall :   0
num_exists :   0
num_literals : 0
quantified form : None
qcost : 0


=== Prime Orbit 405 =====================
size : 2
num_suborbits: 1
870 (*) : -0-------0----0-0-----0000
870     : ['~ep_epoch1(node0)', '~held(node1)', '~locked_epoch2(node0)', '~locked_epoch3(node0)', '~transfer_epoch2(node0)', '~transfer_epoch2(node1)', '~transfer_epoch3(node0)', '~transfer_epoch3(node1)']
871     : -----0--0------0-0----0000
871     : ['~ep_epoch1(node1)', '~held(node0)', '~locked_epoch2(node1)', '~locked_epoch3(node1)', '~transfer_epoch2(node0)', '~transfer_epoch2(node1)', '~transfer_epoch3(node0)', '~transfer_epoch3(node1)']
num_forall :   0
num_exists :   0
num_literals : 0
quantified form : None
qcost : 0


=== Prime Orbit 406 =====================
size : 2
num_suborbits: 1
882 (*) : --00-----0--0---------0000
882     : ['~ep_epoch2(node0)', '~ep_epoch3(node0)', '~held(node1)', '~locked_epoch1(node0)', '~transfer_epoch2(node0)', '~transfer_epoch2(node1)', '~transfer_epoch3(node0)', '~transfer_epoch3(node1)']
883     : ------000----0--------0000
883     : ['~ep_epoch2(node1)', '~ep_epoch3(node1)', '~held(node0)', '~locked_epoch1(node1)', '~transfer_epoch2(node0)', '~transfer_epoch2(node1)', '~transfer_epoch3(node0)', '~transfer_epoch3(node1)']
num_forall :   0
num_exists :   0
num_literals : 0
quantified form : None
qcost : 0


=== Prime Orbit 407 =====================
size : 2
num_suborbits: 1
884 (*) : --0------0--0---0-----0000
884     : ['~ep_epoch2(node0)', '~held(node1)', '~locked_epoch1(node0)', '~locked_epoch3(node0)', '~transfer_epoch2(node0)', '~transfer_epoch2(node1)', '~transfer_epoch3(node0)', '~transfer_epoch3(node1)']
885     : ------0-0----0---0----0000
885     : ['~ep_epoch2(node1)', '~held(node0)', '~locked_epoch1(node1)', '~locked_epoch3(node1)', '~transfer_epoch2(node0)', '~transfer_epoch2(node1)', '~transfer_epoch3(node0)', '~transfer_epoch3(node1)']
num_forall :   0
num_exists :   0
num_literals : 0
quantified form : None
qcost : 0


=== Prime Orbit 408 =====================
size : 2
num_suborbits: 1
880 (*) : ---0-----0--0-0-------0000
880     : ['~ep_epoch3(node0)', '~held(node1)', '~locked_epoch1(node0)', '~locked_epoch2(node0)', '~transfer_epoch2(node0)', '~transfer_epoch2(node1)', '~transfer_epoch3(node0)', '~transfer_epoch3(node1)']
881     : -------00----0-0------0000
881     : ['~ep_epoch3(node1)', '~held(node0)', '~locked_epoch1(node1)', '~locked_epoch2(node1)', '~transfer_epoch2(node0)', '~transfer_epoch2(node1)', '~transfer_epoch3(node0)', '~transfer_epoch3(node1)']
num_forall :   0
num_exists :   0
num_literals : 0
quantified form : None
qcost : 0


=== Prime Orbit 409 =====================
size : 2
num_suborbits: 1
879 (*) : --------0----0-0-0----0000
879     : ['~held(node0)', '~locked_epoch1(node1)', '~locked_epoch2(node1)', '~locked_epoch3(node1)', '~transfer_epoch2(node0)', '~transfer_epoch2(node1)', '~transfer_epoch3(node0)', '~transfer_epoch3(node1)']
878     : ---------0--0-0-0-----0000
878     : ['~held(node1)', '~locked_epoch1(node0)', '~locked_epoch2(node0)', '~locked_epoch3(node0)', '~transfer_epoch2(node0)', '~transfer_epoch2(node1)', '~transfer_epoch3(node0)', '~transfer_epoch3(node1)']
num_forall :   0
num_exists :   0
num_literals : 0
quantified form : None
qcost : 0



[PRIME NOTE]: number of orbits after merging: 410

[PRIME NOTE]: number of orbits before merging: 461

[PRIME NOTE]: number of primes: 894

[QRM NOTE]: Time elapsed since start: 8.324 seconds

[QRM NOTE]: Time elapsed since last: 0.448 seconds

[QRM NOTE]: Peak memory: 2324121 bytes


==================================================================================================

	[RED]: PRIME REDUCTION on [ivybench/total/ivy/distributed_lock.ivy: node=2,epoch=4]

==================================================================================================

[QRM NOTE]: Time elapsed since start: 8.347 seconds

[QRM NOTE]: Time elapsed since last: 0.024 seconds

[QRM NOTE]: Peak memory: 1756468 bytes


======================================================================================================

	[QI]: Quantifier Inference on [ivybench/total/ivy/distributed_lock.ivy: node=2,epoch=4]

======================================================================================================


================================================================================================================

	[QI RESULT]: Quantified Prime Orbits on [ivybench/total/ivy/distributed_lock.ivy: node=2,epoch=4]

================================================================================================================


=== Prime Orbit 0 =====================
size : 2
num_suborbits: 1
2 (*) : ----------1---------------
2     : ['locked_epoch0(node0)']
3     : -----------1--------------
3     : ['locked_epoch0(node1)']
num_forall :   1
num_exists :   0
num_literals : 1
quantified form : forall NODE0. ~locked_epoch0(NODE0)
qcost : 2




=== Prime Orbit 1 =====================
size : 2
num_suborbits: 1
4 (*) : ------------------1-------
4     : ['transfer_epoch0(node0)']
5     : -------------------1------
5     : ['transfer_epoch0(node1)']
num_forall :   1
num_exists :   0
num_literals : 1
quantified form : forall NODE0. ~transfer_epoch0(NODE0)
qcost : 2




=== Prime Orbit 2 =====================
size : 2
num_suborbits: 1
0 (*) : --------------------1-----
0     : ['transfer_epoch1(node0)']
1     : ---------------------1----
1     : ['transfer_epoch1(node1)']
num_forall :   1
num_exists :   0
num_literals : 1
quantified form : forall NODE0. ~transfer_epoch1(NODE0)
qcost : 2




=== Prime Orbit 3 =====================
size : 1
num_suborbits: 1
98 (*) : 1---1---------------------
98     : ['ep_epoch0(node0)', 'ep_epoch0(node1)']
num_forall :   0
num_exists :   1
num_literals : 1
quantified form : exists NODE0. ~ep_epoch0(NODE0)
qcost : 2




=== Prime Orbit 4 =====================
size : 2
num_suborbits: 1
28 (*) : 11------------------------
28     : ['ep_epoch0(node0)', 'ep_epoch1(node0)']
29     : ----11--------------------
29     : ['ep_epoch0(node1)', 'ep_epoch1(node1)']
num_forall :   1
num_exists :   0
num_literals : 2
quantified form : forall NODE0. ~ep_epoch0(NODE0) | ~ep_epoch1(NODE0)
qcost : 3




=== Prime Orbit 5 =====================
size : 2
num_suborbits: 1
30 (*) : 1-1-----------------------
30     : ['ep_epoch0(node0)', 'ep_epoch2(node0)']
31     : ----1-1-------------------
31     : ['ep_epoch0(node1)', 'ep_epoch2(node1)']
num_forall :   1
num_exists :   0
num_literals : 2
quantified form : forall NODE0. ~ep_epoch0(NODE0) | ~ep_epoch2(NODE0)
qcost : 3




=== Prime Orbit 6 =====================
size : 2
num_suborbits: 1
26 (*) : 1--1----------------------
26     : ['ep_epoch0(node0)', 'ep_epoch3(node0)']
27     : ----1--1------------------
27     : ['ep_epoch0(node1)', 'ep_epoch3(node1)']
num_forall :   1
num_exists :   0
num_literals : 2
quantified form : forall NODE0. ~ep_epoch0(NODE0) | ~ep_epoch3(NODE0)
qcost : 3




=== Prime Orbit 7 =====================
size : 2
num_suborbits: 1
72 (*) : 1-------1-----------------
72     : ['ep_epoch0(node0)', 'held(node0)']
73     : ----1----1----------------
73     : ['ep_epoch0(node1)', 'held(node1)']
num_forall :   1
num_exists :   0
num_literals : 2
quantified form : forall NODE0. ~ep_epoch0(NODE0) | ~held(NODE0)
qcost : 3




=== Prime Orbit 8 =====================
size : 2
num_suborbits: 1
37 (*) : 1-----------1-------------
37     : ['ep_epoch0(node0)', 'locked_epoch1(node0)']
38     : ----1--------1------------
38     : ['ep_epoch0(node1)', 'locked_epoch1(node1)']
num_forall :   1
num_exists :   0
num_literals : 2
quantified form : forall NODE0. ~ep_epoch0(NODE0) | ~locked_epoch1(NODE0)
qcost : 3




=== Prime Orbit 9 =====================
size : 2
num_suborbits: 1
41 (*) : 1-------------1-----------
41     : ['ep_epoch0(node0)', 'locked_epoch2(node0)']
42     : ----1----------1----------
42     : ['ep_epoch0(node1)', 'locked_epoch2(node1)']
num_forall :   1
num_exists :   0
num_literals : 2
quantified form : forall NODE0. ~ep_epoch0(NODE0) | ~locked_epoch2(NODE0)
qcost : 3




=== Prime Orbit 10 =====================
size : 2
num_suborbits: 1
24 (*) : 1---------------1---------
24     : ['ep_epoch0(node0)', 'locked_epoch3(node0)']
25     : ----1------------1--------
25     : ['ep_epoch0(node1)', 'locked_epoch3(node1)']
num_forall :   1
num_exists :   0
num_literals : 2
quantified form : forall NODE0. ~ep_epoch0(NODE0) | ~locked_epoch3(NODE0)
qcost : 3




=== Prime Orbit 11 =====================
size : 2
num_suborbits: 1
39 (*) : 1------------0------------
39     : ['ep_epoch0(node0)', '~locked_epoch1(node1)']
40     : ----1-------0-------------
40     : ['ep_epoch0(node1)', '~locked_epoch1(node0)']
num_forall :   2
num_exists :   0
num_literals : 3
quantified form : forall NODE1,NODE0. ~ep_epoch0(NODE0) | locked_epoch1(NODE1) | NODE0 = NODE1
qcost : 5




=== Prime Orbit 12 =====================
size : 1
num_suborbits: 1
74 (*) : -1---1--------------------
74     : ['ep_epoch1(node0)', 'ep_epoch1(node1)']
num_forall :   0
num_exists :   1
num_literals : 1
quantified form : exists NODE0. ~ep_epoch1(NODE0)
qcost : 2




=== Prime Orbit 13 =====================
size : 2
num_suborbits: 1
16 (*) : -11-----------------------
16     : ['ep_epoch1(node0)', 'ep_epoch2(node0)']
17     : -----11-------------------
17     : ['ep_epoch1(node1)', 'ep_epoch2(node1)']
num_forall :   1
num_exists :   0
num_literals : 2
quantified form : forall NODE0. ~ep_epoch1(NODE0) | ~ep_epoch2(NODE0)
qcost : 3




=== Prime Orbit 14 =====================
size : 2
num_suborbits: 1
8 (*) : -1-1----------------------
8     : ['ep_epoch1(node0)', 'ep_epoch3(node0)']
9     : -----1-1------------------
9     : ['ep_epoch1(node1)', 'ep_epoch3(node1)']
num_forall :   1
num_exists :   0
num_literals : 2
quantified form : forall NODE0. ~ep_epoch1(NODE0) | ~ep_epoch3(NODE0)
qcost : 3




=== Prime Orbit 15 =====================
size : 2
num_suborbits: 1
47 (*) : -1-----------1------------
47     : ['ep_epoch1(node0)', 'locked_epoch1(node1)']
48     : -----1------1-------------
48     : ['ep_epoch1(node1)', 'locked_epoch1(node0)']
num_forall :   2
num_exists :   0
num_literals : 3
quantified form : forall NODE1,NODE0. ~ep_epoch1(NODE0) | ~locked_epoch1(NODE1) | NODE0 = NODE1
qcost : 5




=== Prime Orbit 16 =====================
size : 2
num_suborbits: 1
49 (*) : -1------------1-----------
49     : ['ep_epoch1(node0)', 'locked_epoch2(node0)']
50     : -----1---------1----------
50     : ['ep_epoch1(node1)', 'locked_epoch2(node1)']
num_forall :   1
num_exists :   0
num_literals : 2
quantified form : forall NODE0. ~ep_epoch1(NODE0) | ~locked_epoch2(NODE0)
qcost : 3




=== Prime Orbit 17 =====================
size : 2
num_suborbits: 1
20 (*) : -1--------------1---------
20     : ['ep_epoch1(node0)', 'locked_epoch3(node0)']
21     : -----1-----------1--------
21     : ['ep_epoch1(node1)', 'locked_epoch3(node1)']
num_forall :   1
num_exists :   0
num_literals : 2
quantified form : forall NODE0. ~ep_epoch1(NODE0) | ~locked_epoch3(NODE0)
qcost : 3




=== Prime Orbit 18 =====================
size : 2
num_suborbits: 1
45 (*) : -1----------0-------------
45     : ['ep_epoch1(node0)', '~locked_epoch1(node0)']
46     : -----1-------0------------
46     : ['ep_epoch1(node1)', '~locked_epoch1(node1)']
num_forall :   1
num_exists :   0
num_literals : 2
quantified form : forall NODE0. ~ep_epoch1(NODE0) | locked_epoch1(NODE0)
qcost : 3




=== Prime Orbit 19 =====================
size : 1
num_suborbits: 1
53 (*) : --1---1-------------------
53     : ['ep_epoch2(node0)', 'ep_epoch2(node1)']
num_forall :   0
num_exists :   1
num_literals : 1
quantified form : exists NODE0. ~ep_epoch2(NODE0)
qcost : 2




=== Prime Orbit 20 =====================
size : 2
num_suborbits: 1
12 (*) : --11----------------------
12     : ['ep_epoch2(node0)', 'ep_epoch3(node0)']
13     : ------11------------------
13     : ['ep_epoch2(node1)', 'ep_epoch3(node1)']
num_forall :   1
num_exists :   0
num_literals : 2
quantified form : forall NODE0. ~ep_epoch2(NODE0) | ~ep_epoch3(NODE0)
qcost : 3




=== Prime Orbit 21 =====================
size : 2
num_suborbits: 1
60 (*) : --1------------1----------
60     : ['ep_epoch2(node0)', 'locked_epoch2(node1)']
59     : ------1-------1-----------
59     : ['ep_epoch2(node1)', 'locked_epoch2(node0)']
num_forall :   2
num_exists :   0
num_literals : 3
quantified form : forall NODE1,NODE0. ~ep_epoch2(NODE0) | ~locked_epoch2(NODE1) | NODE0 = NODE1
qcost : 5




=== Prime Orbit 22 =====================
size : 2
num_suborbits: 1
14 (*) : --1-------------1---------
14     : ['ep_epoch2(node0)', 'locked_epoch3(node0)']
15     : ------1----------1--------
15     : ['ep_epoch2(node1)', 'locked_epoch3(node1)']
num_forall :   1
num_exists :   0
num_literals : 2
quantified form : forall NODE0. ~ep_epoch2(NODE0) | ~locked_epoch3(NODE0)
qcost : 3




=== Prime Orbit 23 =====================
size : 4
num_suborbits: 2
93 (*) : --1-------------------1---
93     : ['ep_epoch2(node0)', 'transfer_epoch2(node0)']
94     : --1--------------------1--
94     : ['ep_epoch2(node0)', 'transfer_epoch2(node1)']
95     : ------1---------------1---
95     : ['ep_epoch2(node1)', 'transfer_epoch2(node0)']
92     : ------1----------------1--
92     : ['ep_epoch2(node1)', 'transfer_epoch2(node1)']
num_forall :   2
num_exists :   0
num_literals : 2
quantified form : forall NODE1,NODE0. ~ep_epoch2(NODE0) | ~transfer_epoch2(NODE1)
qcost : 4




=== Prime Orbit 24 =====================
size : 2
num_suborbits: 1
51 (*) : --1-----------0-----------
51     : ['ep_epoch2(node0)', '~locked_epoch2(node0)']
52     : ------1--------0----------
52     : ['ep_epoch2(node1)', '~locked_epoch2(node1)']
num_forall :   1
num_exists :   0
num_literals : 2
quantified form : forall NODE0. ~ep_epoch2(NODE0) | locked_epoch2(NODE0)
qcost : 3




=== Prime Orbit 25 =====================
size : 1
num_suborbits: 1
71 (*) : ---1---1------------------
71     : ['ep_epoch3(node0)', 'ep_epoch3(node1)']
num_forall :   0
num_exists :   1
num_literals : 1
quantified form : exists NODE0. ~ep_epoch3(NODE0)
qcost : 2




=== Prime Orbit 26 =====================
size : 2
num_suborbits: 1
64 (*) : ---1-----1----------------
64     : ['ep_epoch3(node0)', 'held(node1)']
63     : -------11-----------------
63     : ['ep_epoch3(node1)', 'held(node0)']
num_forall :   2
num_exists :   0
num_literals : 3
quantified form : forall NODE1,NODE0. ~ep_epoch3(NODE0) | ~held(NODE1) | NODE0 = NODE1
qcost : 5




=== Prime Orbit 27 =====================
size : 2
num_suborbits: 1
62 (*) : ---1-------------1--------
62     : ['ep_epoch3(node0)', 'locked_epoch3(node1)']
61     : -------1--------1---------
61     : ['ep_epoch3(node1)', 'locked_epoch3(node0)']
num_forall :   2
num_exists :   0
num_literals : 3
quantified form : forall NODE1,NODE0. ~ep_epoch3(NODE0) | ~locked_epoch3(NODE1) | NODE0 = NODE1
qcost : 5




=== Prime Orbit 28 =====================
size : 4
num_suborbits: 2
97 (*) : ---1------------------1---
97     : ['ep_epoch3(node0)', 'transfer_epoch2(node0)']
80     : ---1-------------------1--
80     : ['ep_epoch3(node0)', 'transfer_epoch2(node1)']
81     : -------1--------------1---
81     : ['ep_epoch3(node1)', 'transfer_epoch2(node0)']
96     : -------1---------------1--
96     : ['ep_epoch3(node1)', 'transfer_epoch2(node1)']
num_forall :   2
num_exists :   0
num_literals : 2
quantified form : forall NODE1,NODE0. ~ep_epoch3(NODE0) | ~transfer_epoch2(NODE1)
qcost : 4




=== Prime Orbit 29 =====================
size : 4
num_suborbits: 2
33 (*) : ---1--------------------1-
33     : ['ep_epoch3(node0)', 'transfer_epoch3(node0)']
10     : ---1---------------------1
10     : ['ep_epoch3(node0)', 'transfer_epoch3(node1)']
11     : -------1----------------1-
11     : ['ep_epoch3(node1)', 'transfer_epoch3(node0)']
34     : -------1-----------------1
34     : ['ep_epoch3(node1)', 'transfer_epoch3(node1)']
num_forall :   2
num_exists :   0
num_literals : 2
quantified form : forall NODE1,NODE0. ~ep_epoch3(NODE0) | ~transfer_epoch3(NODE1)
qcost : 4




=== Prime Orbit 30 =====================
size : 2
num_suborbits: 1
66 (*) : ---1----0-----------------
66     : ['ep_epoch3(node0)', '~held(node0)']
65     : -------1-0----------------
65     : ['ep_epoch3(node1)', '~held(node1)']
num_forall :   1
num_exists :   0
num_literals : 2
quantified form : forall NODE0. ~ep_epoch3(NODE0) | held(NODE0)
qcost : 3




=== Prime Orbit 31 =====================
size : 2
num_suborbits: 1
6 (*) : ---1------------0---------
6     : ['ep_epoch3(node0)', '~locked_epoch3(node0)']
7     : -------1---------0--------
7     : ['ep_epoch3(node1)', '~locked_epoch3(node1)']
num_forall :   1
num_exists :   0
num_literals : 2
quantified form : forall NODE0. ~ep_epoch3(NODE0) | locked_epoch3(NODE0)
qcost : 3




=== Prime Orbit 32 =====================
size : 1
num_suborbits: 1
54 (*) : --------11----------------
54     : ['held(node0)', 'held(node1)']
num_forall :   0
num_exists :   1
num_literals : 1
quantified form : exists NODE0. ~held(NODE0)
qcost : 2




=== Prime Orbit 33 =====================
size : 2
num_suborbits: 1
56 (*) : --------1--------1--------
56     : ['held(node0)', 'locked_epoch3(node1)']
55     : ---------1------1---------
55     : ['held(node1)', 'locked_epoch3(node0)']
num_forall :   2
num_exists :   0
num_literals : 3
quantified form : forall NODE1,NODE0. ~held(NODE0) | ~locked_epoch3(NODE1) | NODE0 = NODE1
qcost : 5




=== Prime Orbit 34 =====================
size : 4
num_suborbits: 2
89 (*) : --------1-------------1---
89     : ['held(node0)', 'transfer_epoch2(node0)']
90     : --------1--------------1--
90     : ['held(node0)', 'transfer_epoch2(node1)']
91     : ---------1------------1---
91     : ['held(node1)', 'transfer_epoch2(node0)']
88     : ---------1-------------1--
88     : ['held(node1)', 'transfer_epoch2(node1)']
num_forall :   2
num_exists :   0
num_literals : 2
quantified form : forall NODE1,NODE0. ~held(NODE0) | ~transfer_epoch2(NODE1)
qcost : 4




=== Prime Orbit 35 =====================
size : 4
num_suborbits: 2
58 (*) : --------1---------------1-
58     : ['held(node0)', 'transfer_epoch3(node0)']
69     : --------1----------------1
69     : ['held(node0)', 'transfer_epoch3(node1)']
70     : ---------1--------------1-
70     : ['held(node1)', 'transfer_epoch3(node0)']
57     : ---------1---------------1
57     : ['held(node1)', 'transfer_epoch3(node1)']
num_forall :   2
num_exists :   0
num_literals : 2
quantified form : forall NODE1,NODE0. ~held(NODE0) | ~transfer_epoch3(NODE1)
qcost : 4




=== Prime Orbit 36 =====================
size : 1
num_suborbits: 1
44 (*) : ------------11------------
44     : ['locked_epoch1(node0)', 'locked_epoch1(node1)']
num_forall :   0
num_exists :   1
num_literals : 1
quantified form : exists NODE0. ~locked_epoch1(NODE0)
qcost : 2




=== Prime Orbit 37 =====================
size : 1
num_suborbits: 1
75 (*) : --------------11----------
75     : ['locked_epoch2(node0)', 'locked_epoch2(node1)']
num_forall :   0
num_exists :   1
num_literals : 1
quantified form : exists NODE0. ~locked_epoch2(NODE0)
qcost : 2




=== Prime Orbit 38 =====================
size : 4
num_suborbits: 2
87 (*) : --------------1-------1---
87     : ['locked_epoch2(node0)', 'transfer_epoch2(node0)']
82     : --------------1--------1--
82     : ['locked_epoch2(node0)', 'transfer_epoch2(node1)']
83     : ---------------1------1---
83     : ['locked_epoch2(node1)', 'transfer_epoch2(node0)']
86     : ---------------1-------1--
86     : ['locked_epoch2(node1)', 'transfer_epoch2(node1)']
num_forall :   2
num_exists :   0
num_literals : 2
quantified form : forall NODE1,NODE0. ~locked_epoch2(NODE0) | ~transfer_epoch2(NODE1)
qcost : 4




=== Prime Orbit 39 =====================
size : 1
num_suborbits: 1
99 (*) : ----------------11--------
99     : ['locked_epoch3(node0)', 'locked_epoch3(node1)']
num_forall :   0
num_exists :   1
num_literals : 1
quantified form : exists NODE0. ~locked_epoch3(NODE0)
qcost : 2




=== Prime Orbit 40 =====================
size : 4
num_suborbits: 2
101 (*) : ----------------1-----1---
101     : ['locked_epoch3(node0)', 'transfer_epoch2(node0)']
84     : ----------------1------1--
84     : ['locked_epoch3(node0)', 'transfer_epoch2(node1)']
85     : -----------------1----1---
85     : ['locked_epoch3(node1)', 'transfer_epoch2(node0)']
100     : -----------------1-----1--
100     : ['locked_epoch3(node1)', 'transfer_epoch2(node1)']
num_forall :   2
num_exists :   0
num_literals : 2
quantified form : forall NODE1,NODE0. ~locked_epoch3(NODE0) | ~transfer_epoch2(NODE1)
qcost : 4




=== Prime Orbit 41 =====================
size : 4
num_suborbits: 2
35 (*) : ----------------1-------1-
35     : ['locked_epoch3(node0)', 'transfer_epoch3(node0)']
22     : ----------------1--------1
22     : ['locked_epoch3(node0)', 'transfer_epoch3(node1)']
23     : -----------------1------1-
23     : ['locked_epoch3(node1)', 'transfer_epoch3(node0)']
36     : -----------------1-------1
36     : ['locked_epoch3(node1)', 'transfer_epoch3(node1)']
num_forall :   2
num_exists :   0
num_literals : 2
quantified form : forall NODE1,NODE0. ~locked_epoch3(NODE0) | ~transfer_epoch3(NODE1)
qcost : 4




=== Prime Orbit 42 =====================
size : 2
num_suborbits: 1
18 (*) : ---0------------1---------
18     : ['locked_epoch3(node0)', '~ep_epoch3(node0)']
19     : -------0---------1--------
19     : ['locked_epoch3(node1)', '~ep_epoch3(node1)']
num_forall :   1
num_exists :   0
num_literals : 2
quantified form : forall NODE0. ~locked_epoch3(NODE0) | ep_epoch3(NODE0)
qcost : 3




=== Prime Orbit 43 =====================
size : 2
num_suborbits: 1
67 (*) : --------0-------1---------
67     : ['locked_epoch3(node0)', '~held(node0)']
68     : ---------0-------1--------
68     : ['locked_epoch3(node1)', '~held(node1)']
num_forall :   1
num_exists :   0
num_literals : 2
quantified form : forall NODE0. ~locked_epoch3(NODE0) | held(NODE0)
qcost : 3




=== Prime Orbit 44 =====================
size : 1
num_suborbits: 1
102 (*) : ----------------------11--
102     : ['transfer_epoch2(node0)', 'transfer_epoch2(node1)']
num_forall :   0
num_exists :   1
num_literals : 1
quantified form : exists NODE0. ~transfer_epoch2(NODE0)
qcost : 2




=== Prime Orbit 45 =====================
size : 4
num_suborbits: 2
77 (*) : ----------------------1-1-
77     : ['transfer_epoch2(node0)', 'transfer_epoch3(node0)']
79     : ----------------------1--1
79     : ['transfer_epoch2(node0)', 'transfer_epoch3(node1)']
78     : -----------------------11-
78     : ['transfer_epoch2(node1)', 'transfer_epoch3(node0)']
76     : -----------------------1-1
76     : ['transfer_epoch2(node1)', 'transfer_epoch3(node1)']
num_forall :   2
num_exists :   0
num_literals : 2
quantified form : forall NODE1,NODE0. ~transfer_epoch2(NODE0) | ~transfer_epoch3(NODE1)
qcost : 4




=== Prime Orbit 46 =====================
size : 1
num_suborbits: 1
32 (*) : ------------------------11
32     : ['transfer_epoch3(node0)', 'transfer_epoch3(node1)']
num_forall :   0
num_exists :   1
num_literals : 1
quantified form : exists NODE0. ~transfer_epoch3(NODE0)
qcost : 2




=== Prime Orbit 47 =====================
size : 1
num_suborbits: 1
43 (*) : ------------00------------
43     : ['~locked_epoch1(node0)', '~locked_epoch1(node1)']
num_forall :   0
num_exists :   1
num_literals : 1
quantified form : exists NODE0. locked_epoch1(NODE0)
qcost : 2




=== Prime Orbit 48 =====================
size : 4
num_suborbits: 2
187 (*) : 1----1------------------1-
187     : ['ep_epoch0(node0)', 'ep_epoch1(node1)', 'transfer_epoch3(node0)']
212     : 1----1-------------------1
212     : ['ep_epoch0(node0)', 'ep_epoch1(node1)', 'transfer_epoch3(node1)']
211     : -1--1-------------------1-
211     : ['ep_epoch0(node1)', 'ep_epoch1(node0)', 'transfer_epoch3(node0)']
188     : -1--1--------------------1
188     : ['ep_epoch0(node1)', 'ep_epoch1(node0)', 'transfer_epoch3(node1)']
num_forall :   3
num_exists :   0
num_literals : 7
quantified form : forall NODE1,NODE0,NODE2. ~ep_epoch0(NODE0) | ~ep_epoch1(NODE1) | ~transfer_epoch3(NODE2) | ((NODE0 ~= NODE2 | NODE0 = NODE1) & (NODE1 ~= NODE2 | NODE0 = NODE1))
qcost : 10




=== Prime Orbit 49 =====================
size : 2
num_suborbits: 1
107 (*) : 1------1-------0----------
107     : ['ep_epoch0(node0)', 'ep_epoch3(node1)', '~locked_epoch2(node1)']
108     : ---11---------0-----------
108     : ['ep_epoch0(node1)', 'ep_epoch3(node0)', '~locked_epoch2(node0)']
num_forall :   2
num_exists :   0
num_literals : 4
quantified form : forall NODE1,NODE0. ~ep_epoch0(NODE0) | ~ep_epoch3(NODE1) | locked_epoch2(NODE1) | NODE0 = NODE1
qcost : 6




=== Prime Orbit 50 =====================
size : 2
num_suborbits: 1
152 (*) : 1--------------0-1--------
152     : ['ep_epoch0(node0)', 'locked_epoch3(node1)', '~locked_epoch2(node1)']
151     : ----1---------0-1---------
151     : ['ep_epoch0(node1)', 'locked_epoch3(node0)', '~locked_epoch2(node0)']
num_forall :   2
num_exists :   0
num_literals : 4
quantified form : forall NODE1,NODE0. ~ep_epoch0(NODE0) | ~locked_epoch3(NODE1) | locked_epoch2(NODE1) | NODE0 = NODE1
qcost : 6




=== Prime Orbit 51 =====================
size : 4
num_suborbits: 2
103 (*) : 1----0----------------1---
103     : ['ep_epoch0(node0)', 'transfer_epoch2(node0)', '~ep_epoch1(node1)']
166     : 1----0-----------------1--
166     : ['ep_epoch0(node0)', 'transfer_epoch2(node1)', '~ep_epoch1(node1)']
165     : -0--1-----------------1---
165     : ['ep_epoch0(node1)', 'transfer_epoch2(node0)', '~ep_epoch1(node0)']
104     : -0--1------------------1--
104     : ['ep_epoch0(node1)', 'transfer_epoch2(node1)', '~ep_epoch1(node0)']
num_forall :   3
num_exists :   0
num_literals : 7
quantified form : forall NODE1,NODE0,NODE2. ~ep_epoch0(NODE0) | ~transfer_epoch2(NODE1) | ep_epoch1(NODE2) | ((NODE0 ~= NODE1 | NODE0 = NODE2) & (NODE1 ~= NODE2 | NODE0 = NODE1))
qcost : 10




=== Prime Orbit 52 =====================
size : 4
num_suborbits: 2
183 (*) : 1-----0-----------------1-
183     : ['ep_epoch0(node0)', 'transfer_epoch3(node0)', '~ep_epoch2(node1)']
208     : 1-----0------------------1
208     : ['ep_epoch0(node0)', 'transfer_epoch3(node1)', '~ep_epoch2(node1)']
207     : --0-1-------------------1-
207     : ['ep_epoch0(node1)', 'transfer_epoch3(node0)', '~ep_epoch2(node0)']
184     : --0-1--------------------1
184     : ['ep_epoch0(node1)', 'transfer_epoch3(node1)', '~ep_epoch2(node0)']
num_forall :   3
num_exists :   0
num_literals : 7
quantified form : forall NODE1,NODE0,NODE2. ~ep_epoch0(NODE0) | ~transfer_epoch3(NODE1) | ep_epoch2(NODE2) | ((NODE0 ~= NODE1 | NODE0 = NODE2) & (NODE1 ~= NODE2 | NODE0 = NODE1))
qcost : 10




=== Prime Orbit 53 =====================
size : 4
num_suborbits: 2
185 (*) : 1--------------0--------1-
185     : ['ep_epoch0(node0)', 'transfer_epoch3(node0)', '~locked_epoch2(node1)']
206     : 1--------------0---------1
206     : ['ep_epoch0(node0)', 'transfer_epoch3(node1)', '~locked_epoch2(node1)']
205     : ----1---------0---------1-
205     : ['ep_epoch0(node1)', 'transfer_epoch3(node0)', '~locked_epoch2(node0)']
186     : ----1---------0----------1
186     : ['ep_epoch0(node1)', 'transfer_epoch3(node1)', '~locked_epoch2(node0)']
num_forall :   3
num_exists :   0
num_literals : 7
quantified form : forall NODE1,NODE0,NODE2. ~ep_epoch0(NODE0) | ~transfer_epoch3(NODE1) | locked_epoch2(NODE2) | ((NODE0 ~= NODE1 | NODE0 = NODE2) & (NODE1 ~= NODE2 | NODE0 = NODE1))
qcost : 10




=== Prime Orbit 54 =====================
size : 2
num_suborbits: 1
105 (*) : 1----0---------0----------
105     : ['ep_epoch0(node0)', '~ep_epoch1(node1)', '~locked_epoch2(node1)']
106     : -0--1---------0-----------
106     : ['ep_epoch0(node1)', '~ep_epoch1(node0)', '~locked_epoch2(node0)']
num_forall :   2
num_exists :   0
num_literals : 4
quantified form : forall NODE1,NODE0. ~ep_epoch0(NODE0) | ep_epoch1(NODE1) | locked_epoch2(NODE1) | NODE0 = NODE1
qcost : 6




=== Prime Orbit 55 =====================
size : 2
num_suborbits: 1
133 (*) : -1----1-1-----------------
133     : ['ep_epoch1(node0)', 'ep_epoch2(node1)', 'held(node0)']
134     : --1--1---1----------------
134     : ['ep_epoch1(node1)', 'ep_epoch2(node0)', 'held(node1)']
num_forall :   2
num_exists :   0
num_literals : 4
quantified form : forall NODE1,NODE0. ~ep_epoch1(NODE0) | ~ep_epoch2(NODE1) | ~held(NODE0) | NODE0 = NODE1
qcost : 6




=== Prime Orbit 56 =====================
size : 2
num_suborbits: 1
137 (*) : -1-----1-------0----------
137     : ['ep_epoch1(node0)', 'ep_epoch3(node1)', '~locked_epoch2(node1)']
138     : ---1-1--------0-----------
138     : ['ep_epoch1(node1)', 'ep_epoch3(node0)', '~locked_epoch2(node0)']
num_forall :   2
num_exists :   0
num_literals : 4
quantified form : forall NODE1,NODE0. ~ep_epoch1(NODE0) | ~ep_epoch3(NODE1) | locked_epoch2(NODE1) | NODE0 = NODE1
qcost : 6




=== Prime Orbit 57 =====================
size : 2
num_suborbits: 1
123 (*) : -1------1------1----------
123     : ['ep_epoch1(node0)', 'held(node0)', 'locked_epoch2(node1)']
124     : -----1---1----1-----------
124     : ['ep_epoch1(node1)', 'held(node1)', 'locked_epoch2(node0)']
num_forall :   2
num_exists :   0
num_literals : 4
quantified form : forall NODE1,NODE0. ~ep_epoch1(NODE0) | ~held(NODE0) | ~locked_epoch2(NODE1) | NODE0 = NODE1
qcost : 6




=== Prime Orbit 58 =====================
size : 2
num_suborbits: 1
131 (*) : -1--0---1-----------------
131     : ['ep_epoch1(node0)', 'held(node0)', '~ep_epoch0(node1)']
132     : 0----1---1----------------
132     : ['ep_epoch1(node1)', 'held(node1)', '~ep_epoch0(node0)']
num_forall :   2
num_exists :   0
num_literals : 4
quantified form : forall NODE1,NODE0. ~ep_epoch1(NODE0) | ~held(NODE0) | ep_epoch0(NODE1) | NODE0 = NODE1
qcost : 6




=== Prime Orbit 59 =====================
size : 2
num_suborbits: 1
129 (*) : -1-------1-----0----------
129     : ['ep_epoch1(node0)', 'held(node1)', '~locked_epoch2(node1)']
130     : -----1--1-----0-----------
130     : ['ep_epoch1(node1)', 'held(node0)', '~locked_epoch2(node0)']
num_forall :   2
num_exists :   0
num_literals : 4
quantified form : forall NODE1,NODE0. ~ep_epoch1(NODE0) | ~held(NODE1) | locked_epoch2(NODE1) | NODE0 = NODE1
qcost : 6




=== Prime Orbit 60 =====================
size : 2
num_suborbits: 1
135 (*) : -1-------------0-1--------
135     : ['ep_epoch1(node0)', 'locked_epoch3(node1)', '~locked_epoch2(node1)']
136     : -----1--------0-1---------
136     : ['ep_epoch1(node1)', 'locked_epoch3(node0)', '~locked_epoch2(node0)']
num_forall :   2
num_exists :   0
num_literals : 4
quantified form : forall NODE1,NODE0. ~ep_epoch1(NODE0) | ~locked_epoch3(NODE1) | locked_epoch2(NODE1) | NODE0 = NODE1
qcost : 6




=== Prime Orbit 61 =====================
size : 4
num_suborbits: 2
177 (*) : -1--0-----------------1---
177     : ['ep_epoch1(node0)', 'transfer_epoch2(node0)', '~ep_epoch0(node1)']
154     : -1--0------------------1--
154     : ['ep_epoch1(node0)', 'transfer_epoch2(node1)', '~ep_epoch0(node1)']
153     : 0----1----------------1---
153     : ['ep_epoch1(node1)', 'transfer_epoch2(node0)', '~ep_epoch0(node0)']
178     : 0----1-----------------1--
178     : ['ep_epoch1(node1)', 'transfer_epoch2(node1)', '~ep_epoch0(node0)']
num_forall :   3
num_exists :   0
num_literals : 7
quantified form : forall NODE1,NODE0,NODE2. ~ep_epoch1(NODE0) | ~transfer_epoch2(NODE1) | ep_epoch0(NODE2) | ((NODE1 ~= NODE2 | NODE0 = NODE1) & (NODE0 ~= NODE1 | NODE0 = NODE2))
qcost : 10




=== Prime Orbit 62 =====================
size : 4
num_suborbits: 2
213 (*) : -1----0-----------------1-
213     : ['ep_epoch1(node0)', 'transfer_epoch3(node0)', '~ep_epoch2(node1)']
202     : -1----0------------------1
202     : ['ep_epoch1(node0)', 'transfer_epoch3(node1)', '~ep_epoch2(node1)']
201     : --0--1------------------1-
201     : ['ep_epoch1(node1)', 'transfer_epoch3(node0)', '~ep_epoch2(node0)']
214     : --0--1-------------------1
214     : ['ep_epoch1(node1)', 'transfer_epoch3(node1)', '~ep_epoch2(node0)']
num_forall :   3
num_exists :   0
num_literals : 7
quantified form : forall NODE1,NODE0,NODE2. ~ep_epoch1(NODE0) | ~transfer_epoch3(NODE1) | ep_epoch2(NODE2) | ((NODE1 ~= NODE2 | NODE0 = NODE1) & (NODE0 ~= NODE1 | NODE0 = NODE2))
qcost : 10




=== Prime Orbit 63 =====================
size : 4
num_suborbits: 2
209 (*) : -1-------------0--------1-
209     : ['ep_epoch1(node0)', 'transfer_epoch3(node0)', '~locked_epoch2(node1)']
204     : -1-------------0---------1
204     : ['ep_epoch1(node0)', 'transfer_epoch3(node1)', '~locked_epoch2(node1)']
203     : -----1--------0---------1-
203     : ['ep_epoch1(node1)', 'transfer_epoch3(node0)', '~locked_epoch2(node0)']
210     : -----1--------0----------1
210     : ['ep_epoch1(node1)', 'transfer_epoch3(node1)', '~locked_epoch2(node0)']
num_forall :   3
num_exists :   0
num_literals : 7
quantified form : forall NODE1,NODE0,NODE2. ~ep_epoch1(NODE0) | ~transfer_epoch3(NODE1) | locked_epoch2(NODE2) | ((NODE1 ~= NODE2 | NODE0 = NODE1) & (NODE0 ~= NODE1 | NODE0 = NODE2))
qcost : 10




=== Prime Orbit 64 =====================
size : 2
num_suborbits: 1
127 (*) : -1--0----------0----------
127     : ['ep_epoch1(node0)', '~ep_epoch0(node1)', '~locked_epoch2(node1)']
128     : 0----1--------0-----------
128     : ['ep_epoch1(node1)', '~ep_epoch0(node0)', '~locked_epoch2(node0)']
num_forall :   2
num_exists :   0
num_literals : 4
quantified form : forall NODE1,NODE0. ~ep_epoch1(NODE0) | ep_epoch0(NODE1) | locked_epoch2(NODE1) | NODE0 = NODE1
qcost : 6




=== Prime Orbit 65 =====================
size : 2
num_suborbits: 1
149 (*) : --1----0-1----------------
149     : ['ep_epoch2(node0)', 'held(node1)', '~ep_epoch3(node1)']
150     : ---0--1-1-----------------
150     : ['ep_epoch2(node1)', 'held(node0)', '~ep_epoch3(node0)']
num_forall :   2
num_exists :   0
num_literals : 4
quantified form : forall NODE1,NODE0. ~ep_epoch2(NODE0) | ~held(NODE1) | ep_epoch3(NODE1) | NODE0 = NODE1
qcost : 6




=== Prime Orbit 66 =====================
size : 2
num_suborbits: 1
147 (*) : --1------1-------0--------
147     : ['ep_epoch2(node0)', 'held(node1)', '~locked_epoch3(node1)']
148     : ------1-1-------0---------
148     : ['ep_epoch2(node1)', 'held(node0)', '~locked_epoch3(node0)']
num_forall :   2
num_exists :   0
num_literals : 4
quantified form : forall NODE1,NODE0. ~ep_epoch2(NODE0) | ~held(NODE1) | locked_epoch3(NODE1) | NODE0 = NODE1
qcost : 6




=== Prime Orbit 67 =====================
size : 2
num_suborbits: 1
125 (*) : ---1--0--------1----------
125     : ['ep_epoch3(node0)', 'locked_epoch2(node1)', '~ep_epoch2(node1)']
126     : --0----1------1-----------
126     : ['ep_epoch3(node1)', 'locked_epoch2(node0)', '~ep_epoch2(node0)']
num_forall :   2
num_exists :   0
num_literals : 4
quantified form : forall NODE1,NODE0. ~ep_epoch3(NODE0) | ~locked_epoch2(NODE1) | ep_epoch2(NODE1) | NODE0 = NODE1
qcost : 6




=== Prime Orbit 68 =====================
size : 2
num_suborbits: 1
140 (*) : ---1--0-------0-----------
140     : ['ep_epoch3(node0)', '~ep_epoch2(node1)', '~locked_epoch2(node0)']
139     : --0----1-------0----------
139     : ['ep_epoch3(node1)', '~ep_epoch2(node0)', '~locked_epoch2(node1)']
num_forall :   2
num_exists :   0
num_literals : 4
quantified form : forall NODE1,NODE0. ~ep_epoch3(NODE0) | ep_epoch2(NODE1) | locked_epoch2(NODE0) | NODE0 = NODE1
qcost : 6




=== Prime Orbit 69 =====================
size : 2
num_suborbits: 1
142 (*) : ---1----------00----------
142     : ['ep_epoch3(node0)', '~locked_epoch2(node0)', '~locked_epoch2(node1)']
141     : -------1------00----------
141     : ['ep_epoch3(node1)', '~locked_epoch2(node0)', '~locked_epoch2(node1)']
num_forall :   2
num_exists :   0
num_literals : 4
quantified form : forall NODE1,NODE0. ~ep_epoch3(NODE0) | locked_epoch2(NODE0) | locked_epoch2(NODE1) | NODE0 = NODE1
qcost : 6




=== Prime Orbit 70 =====================
size : 2
num_suborbits: 1
117 (*) : ------0-1------1----------
117     : ['held(node0)', 'locked_epoch2(node1)', '~ep_epoch2(node1)']
118     : --0------1----1-----------
118     : ['held(node1)', 'locked_epoch2(node0)', '~ep_epoch2(node0)']
num_forall :   2
num_exists :   0
num_literals : 4
quantified form : forall NODE1,NODE0. ~held(NODE0) | ~locked_epoch2(NODE1) | ep_epoch2(NODE1) | NODE0 = NODE1
qcost : 6




=== Prime Orbit 71 =====================
size : 2
num_suborbits: 1
121 (*) : ---0----1------1----------
121     : ['held(node0)', 'locked_epoch2(node1)', '~ep_epoch3(node0)']
122     : -------0-1----1-----------
122     : ['held(node1)', 'locked_epoch2(node0)', '~ep_epoch3(node1)']
num_forall :   2
num_exists :   0
num_literals : 4
quantified form : forall NODE1,NODE0. ~held(NODE0) | ~locked_epoch2(NODE1) | ep_epoch3(NODE0) | NODE0 = NODE1
qcost : 6




=== Prime Orbit 72 =====================
size : 2
num_suborbits: 1
119 (*) : --------1------10---------
119     : ['held(node0)', 'locked_epoch2(node1)', '~locked_epoch3(node0)']
120     : ---------1----1--0--------
120     : ['held(node1)', 'locked_epoch2(node0)', '~locked_epoch3(node1)']
num_forall :   2
num_exists :   0
num_literals : 4
quantified form : forall NODE1,NODE0. ~held(NODE0) | ~locked_epoch2(NODE1) | locked_epoch3(NODE0) | NODE0 = NODE1
qcost : 6




=== Prime Orbit 73 =====================
size : 4
num_suborbits: 2
175 (*) : ----0-------1---------1---
175     : ['locked_epoch1(node0)', 'transfer_epoch2(node0)', '~ep_epoch0(node1)']
160     : ----0-------1----------1--
160     : ['locked_epoch1(node0)', 'transfer_epoch2(node1)', '~ep_epoch0(node1)']
159     : 0------------1--------1---
159     : ['locked_epoch1(node1)', 'transfer_epoch2(node0)', '~ep_epoch0(node0)']
176     : 0------------1---------1--
176     : ['locked_epoch1(node1)', 'transfer_epoch2(node1)', '~ep_epoch0(node0)']
num_forall :   3
num_exists :   0
num_literals : 7
quantified form : forall NODE1,NODE0,NODE2. ~locked_epoch1(NODE0) | ~transfer_epoch2(NODE1) | ep_epoch0(NODE2) | ((NODE1 ~= NODE2 | NODE0 = NODE1) & (NODE0 ~= NODE1 | NODE0 = NODE2))
qcost : 10




=== Prime Orbit 74 =====================
size : 4
num_suborbits: 2
169 (*) : -0----------1---------1---
169     : ['locked_epoch1(node0)', 'transfer_epoch2(node0)', '~ep_epoch1(node0)']
182     : -0----------1----------1--
182     : ['locked_epoch1(node0)', 'transfer_epoch2(node1)', '~ep_epoch1(node0)']
181     : -----0-------1--------1---
181     : ['locked_epoch1(node1)', 'transfer_epoch2(node0)', '~ep_epoch1(node1)']
170     : -----0-------1---------1--
170     : ['locked_epoch1(node1)', 'transfer_epoch2(node1)', '~ep_epoch1(node1)']
num_forall :   2
num_exists :   0
num_literals : 3
quantified form : forall NODE1,NODE0. ~locked_epoch1(NODE0) | ~transfer_epoch2(NODE1) | ep_epoch1(NODE0)
qcost : 5




=== Prime Orbit 75 =====================
size : 2
num_suborbits: 1
116 (*) : --0-----------1--1--------
116     : ['locked_epoch2(node0)', 'locked_epoch3(node1)', '~ep_epoch2(node0)']
115     : ------0--------11---------
115     : ['locked_epoch2(node1)', 'locked_epoch3(node0)', '~ep_epoch2(node1)']
num_forall :   2
num_exists :   0
num_literals : 4
quantified form : forall NODE1,NODE0. ~locked_epoch2(NODE0) | ~locked_epoch3(NODE1) | ep_epoch2(NODE0) | NODE0 = NODE1
qcost : 6




=== Prime Orbit 76 =====================
size : 4
num_suborbits: 2
195 (*) : --0-----------1---------1-
195     : ['locked_epoch2(node0)', 'transfer_epoch3(node0)', '~ep_epoch2(node0)']
194     : --0-----------1----------1
194     : ['locked_epoch2(node0)', 'transfer_epoch3(node1)', '~ep_epoch2(node0)']
193     : ------0--------1--------1-
193     : ['locked_epoch2(node1)', 'transfer_epoch3(node0)', '~ep_epoch2(node1)']
196     : ------0--------1---------1
196     : ['locked_epoch2(node1)', 'transfer_epoch3(node1)', '~ep_epoch2(node1)']
num_forall :   2
num_exists :   0
num_literals : 3
quantified form : forall NODE1,NODE0. ~locked_epoch2(NODE0) | ~transfer_epoch3(NODE1) | ep_epoch2(NODE0)
qcost : 5




=== Prime Orbit 77 =====================
size : 2
num_suborbits: 1
110 (*) : --00----------1-----------
110     : ['locked_epoch2(node0)', '~ep_epoch2(node0)', '~ep_epoch3(node0)']
109     : ------00-------1----------
109     : ['locked_epoch2(node1)', '~ep_epoch2(node1)', '~ep_epoch3(node1)']
num_forall :   1
num_exists :   0
num_literals : 3
quantified form : forall NODE0. ~locked_epoch2(NODE0) | ep_epoch2(NODE0) | ep_epoch3(NODE0)
qcost : 4




=== Prime Orbit 78 =====================
size : 2
num_suborbits: 1
114 (*) : --0-----0-----1-----------
114     : ['locked_epoch2(node0)', '~ep_epoch2(node0)', '~held(node0)']
113     : ------0--0-----1----------
113     : ['locked_epoch2(node1)', '~ep_epoch2(node1)', '~held(node1)']
num_forall :   1
num_exists :   0
num_literals : 3
quantified form : forall NODE0. ~locked_epoch2(NODE0) | ep_epoch2(NODE0) | held(NODE0)
qcost : 4




=== Prime Orbit 79 =====================
size : 2
num_suborbits: 1
112 (*) : --0-----------1-0---------
112     : ['locked_epoch2(node0)', '~ep_epoch2(node0)', '~locked_epoch3(node0)']
111     : ------0--------1-0--------
111     : ['locked_epoch2(node1)', '~ep_epoch2(node1)', '~locked_epoch3(node1)']
num_forall :   1
num_exists :   0
num_literals : 3
quantified form : forall NODE0. ~locked_epoch2(NODE0) | ep_epoch2(NODE0) | locked_epoch3(NODE0)
qcost : 4




=== Prime Orbit 80 =====================
size : 2
num_suborbits: 1
144 (*) : ------0-------0-1---------
144     : ['locked_epoch3(node0)', '~ep_epoch2(node1)', '~locked_epoch2(node0)']
143     : --0------------0-1--------
143     : ['locked_epoch3(node1)', '~ep_epoch2(node0)', '~locked_epoch2(node1)']
num_forall :   2
num_exists :   0
num_literals : 4
quantified form : forall NODE1,NODE0. ~locked_epoch3(NODE0) | ep_epoch2(NODE1) | locked_epoch2(NODE0) | NODE0 = NODE1
qcost : 6




=== Prime Orbit 81 =====================
size : 2
num_suborbits: 1
146 (*) : --------------001---------
146     : ['locked_epoch3(node0)', '~locked_epoch2(node0)', '~locked_epoch2(node1)']
145     : --------------00-1--------
145     : ['locked_epoch3(node1)', '~locked_epoch2(node0)', '~locked_epoch2(node1)']
num_forall :   2
num_exists :   0
num_literals : 4
quantified form : forall NODE1,NODE0. ~locked_epoch3(NODE0) | locked_epoch2(NODE0) | locked_epoch2(NODE1) | NODE0 = NODE1
qcost : 6




=== Prime Orbit 82 =====================
size : 2
num_suborbits: 1
155 (*) : 0---0-----------------1---
155     : ['transfer_epoch2(node0)', '~ep_epoch0(node0)', '~ep_epoch0(node1)']
156     : 0---0------------------1--
156     : ['transfer_epoch2(node1)', '~ep_epoch0(node0)', '~ep_epoch0(node1)']
num_forall :   2
num_exists :   0
num_literals : 4
quantified form : forall NODE1,NODE0. ~transfer_epoch2(NODE0) | ep_epoch0(NODE0) | ep_epoch0(NODE1) | NODE0 = NODE1
qcost : 6




=== Prime Orbit 83 =====================
size : 4
num_suborbits: 2
161 (*) : 00--------------------1---
161     : ['transfer_epoch2(node0)', '~ep_epoch0(node0)', '~ep_epoch1(node0)']
171     : ----00----------------1---
171     : ['transfer_epoch2(node0)', '~ep_epoch0(node1)', '~ep_epoch1(node1)']
172     : 00---------------------1--
172     : ['transfer_epoch2(node1)', '~ep_epoch0(node0)', '~ep_epoch1(node0)']
162     : ----00-----------------1--
162     : ['transfer_epoch2(node1)', '~ep_epoch0(node1)', '~ep_epoch1(node1)']
num_forall :   2
num_exists :   0
num_literals : 3
quantified form : forall NODE1,NODE0. ~transfer_epoch2(NODE0) | ep_epoch0(NODE1) | ep_epoch1(NODE1)
qcost : 5




=== Prime Orbit 84 =====================
size : 4
num_suborbits: 2
157 (*) : 0-----------0---------1---
157     : ['transfer_epoch2(node0)', '~ep_epoch0(node0)', '~locked_epoch1(node0)']
173     : ----0--------0--------1---
173     : ['transfer_epoch2(node0)', '~ep_epoch0(node1)', '~locked_epoch1(node1)']
174     : 0-----------0----------1--
174     : ['transfer_epoch2(node1)', '~ep_epoch0(node0)', '~locked_epoch1(node0)']
158     : ----0--------0---------1--
158     : ['transfer_epoch2(node1)', '~ep_epoch0(node1)', '~locked_epoch1(node1)']
num_forall :   2
num_exists :   0
num_literals : 3
quantified form : forall NODE1,NODE0. ~transfer_epoch2(NODE0) | ep_epoch0(NODE1) | locked_epoch1(NODE1)
qcost : 5




=== Prime Orbit 85 =====================
size : 2
num_suborbits: 1
163 (*) : -0---0----------------1---
163     : ['transfer_epoch2(node0)', '~ep_epoch1(node0)', '~ep_epoch1(node1)']
164     : -0---0-----------------1--
164     : ['transfer_epoch2(node1)', '~ep_epoch1(node0)', '~ep_epoch1(node1)']
num_forall :   2
num_exists :   0
num_literals : 4
quantified form : forall NODE1,NODE0. ~transfer_epoch2(NODE0) | ep_epoch1(NODE0) | ep_epoch1(NODE1) | NODE0 = NODE1
qcost : 6




=== Prime Orbit 86 =====================
size : 4
num_suborbits: 2
167 (*) : -0-----------0--------1---
167     : ['transfer_epoch2(node0)', '~ep_epoch1(node0)', '~locked_epoch1(node1)']
179     : -----0------0---------1---
179     : ['transfer_epoch2(node0)', '~ep_epoch1(node1)', '~locked_epoch1(node0)']
180     : -0-----------0---------1--
180     : ['transfer_epoch2(node1)', '~ep_epoch1(node0)', '~locked_epoch1(node1)']
168     : -----0------0----------1--
168     : ['transfer_epoch2(node1)', '~ep_epoch1(node1)', '~locked_epoch1(node0)']
num_forall :   3
num_exists :   0
num_literals : 7
quantified form : forall NODE1,NODE0,NODE2. ~transfer_epoch2(NODE0) | ep_epoch1(NODE1) | locked_epoch1(NODE2) | ((NODE0 ~= NODE1 | NODE0 = NODE2) & (NODE0 ~= NODE2 | NODE0 = NODE1))
qcost : 10




=== Prime Orbit 87 =====================
size : 2
num_suborbits: 1
189 (*) : --0---0-----------------1-
189     : ['transfer_epoch3(node0)', '~ep_epoch2(node0)', '~ep_epoch2(node1)']
190     : --0---0------------------1
190     : ['transfer_epoch3(node1)', '~ep_epoch2(node0)', '~ep_epoch2(node1)']
num_forall :   2
num_exists :   0
num_literals : 4
quantified form : forall NODE1,NODE0. ~transfer_epoch3(NODE0) | ep_epoch2(NODE0) | ep_epoch2(NODE1) | NODE0 = NODE1
qcost : 6




=== Prime Orbit 88 =====================
size : 4
num_suborbits: 2
197 (*) : --0------------0--------1-
197     : ['transfer_epoch3(node0)', '~ep_epoch2(node0)', '~locked_epoch2(node1)']
191     : ------0-------0---------1-
191     : ['transfer_epoch3(node0)', '~ep_epoch2(node1)', '~locked_epoch2(node0)']
192     : --0------------0---------1
192     : ['transfer_epoch3(node1)', '~ep_epoch2(node0)', '~locked_epoch2(node1)']
198     : ------0-------0----------1
198     : ['transfer_epoch3(node1)', '~ep_epoch2(node1)', '~locked_epoch2(node0)']
num_forall :   3
num_exists :   0
num_literals : 7
quantified form : forall NODE1,NODE0,NODE2. ~transfer_epoch3(NODE0) | ep_epoch2(NODE1) | locked_epoch2(NODE2) | ((NODE0 ~= NODE2 | NODE0 = NODE1) & (NODE0 ~= NODE1 | NODE0 = NODE2))
qcost : 10




=== Prime Orbit 89 =====================
size : 2
num_suborbits: 1
199 (*) : --------------00--------1-
199     : ['transfer_epoch3(node0)', '~locked_epoch2(node0)', '~locked_epoch2(node1)']
200     : --------------00---------1
200     : ['transfer_epoch3(node1)', '~locked_epoch2(node0)', '~locked_epoch2(node1)']
num_forall :   2
num_exists :   0
num_literals : 4
quantified form : forall NODE1,NODE0. ~transfer_epoch3(NODE0) | locked_epoch2(NODE0) | locked_epoch2(NODE1) | NODE0 = NODE1
qcost : 6




=== Prime Orbit 90 =====================
size : 2
num_suborbits: 1
562 (*) : 1----000------------------
562     : ['ep_epoch0(node0)', '~ep_epoch1(node1)', '~ep_epoch2(node1)', '~ep_epoch3(node1)']
561     : -0001---------------------
561     : ['ep_epoch0(node1)', '~ep_epoch1(node0)', '~ep_epoch2(node0)', '~ep_epoch3(node0)']
num_forall :   2
num_exists :   0
num_literals : 5
quantified form : forall NODE1,NODE0. ~ep_epoch0(NODE0) | ep_epoch1(NODE1) | ep_epoch2(NODE1) | ep_epoch3(NODE1) | NODE0 = NODE1
qcost : 7




=== Prime Orbit 91 =====================
size : 2
num_suborbits: 1
564 (*) : 1----00--0----------------
564     : ['ep_epoch0(node0)', '~ep_epoch1(node1)', '~ep_epoch2(node1)', '~held(node1)']
563     : -00-1---0-----------------
563     : ['ep_epoch0(node1)', '~ep_epoch1(node0)', '~ep_epoch2(node0)', '~held(node0)']
num_forall :   2
num_exists :   0
num_literals : 5
quantified form : forall NODE1,NODE0. ~ep_epoch0(NODE0) | ep_epoch1(NODE1) | ep_epoch2(NODE1) | held(NODE1) | NODE0 = NODE1
qcost : 7




=== Prime Orbit 92 =====================
size : 2
num_suborbits: 1
560 (*) : 1----00----------0--------
560     : ['ep_epoch0(node0)', '~ep_epoch1(node1)', '~ep_epoch2(node1)', '~locked_epoch3(node1)']
559     : -00-1-----------0---------
559     : ['ep_epoch0(node1)', '~ep_epoch1(node0)', '~ep_epoch2(node0)', '~locked_epoch3(node0)']
num_forall :   2
num_exists :   0
num_literals : 5
quantified form : forall NODE1,NODE0. ~ep_epoch0(NODE0) | ep_epoch1(NODE1) | ep_epoch2(NODE1) | locked_epoch3(NODE1) | NODE0 = NODE1
qcost : 7




=== Prime Orbit 93 =====================
size : 2
num_suborbits: 1
221 (*) : -1----00-1----------------
221     : ['ep_epoch1(node0)', 'held(node1)', '~ep_epoch2(node1)', '~ep_epoch3(node1)']
222     : --00-1--1-----------------
222     : ['ep_epoch1(node1)', 'held(node0)', '~ep_epoch2(node0)', '~ep_epoch3(node0)']
num_forall :   2
num_exists :   0
num_literals : 5
quantified form : forall NODE1,NODE0. ~ep_epoch1(NODE0) | ~held(NODE1) | ep_epoch2(NODE1) | ep_epoch3(NODE1) | NODE0 = NODE1
qcost : 7




=== Prime Orbit 94 =====================
size : 2
num_suborbits: 1
223 (*) : -1----0--1-------0--------
223     : ['ep_epoch1(node0)', 'held(node1)', '~ep_epoch2(node1)', '~locked_epoch3(node1)']
224     : --0--1--1-------0---------
224     : ['ep_epoch1(node1)', 'held(node0)', '~ep_epoch2(node0)', '~locked_epoch3(node0)']
num_forall :   2
num_exists :   0
num_literals : 5
quantified form : forall NODE1,NODE0. ~ep_epoch1(NODE0) | ~held(NODE1) | ep_epoch2(NODE1) | locked_epoch3(NODE1) | NODE0 = NODE1
qcost : 7




=== Prime Orbit 95 =====================
size : 2
num_suborbits: 1
219 (*) : -1--0-00------------------
219     : ['ep_epoch1(node0)', '~ep_epoch0(node1)', '~ep_epoch2(node1)', '~ep_epoch3(node1)']
220     : 0-00-1--------------------
220     : ['ep_epoch1(node1)', '~ep_epoch0(node0)', '~ep_epoch2(node0)', '~ep_epoch3(node0)']
num_forall :   2
num_exists :   0
num_literals : 5
quantified form : forall NODE1,NODE0. ~ep_epoch1(NODE0) | ep_epoch0(NODE1) | ep_epoch2(NODE1) | ep_epoch3(NODE1) | NODE0 = NODE1
qcost : 7




=== Prime Orbit 96 =====================
size : 2
num_suborbits: 1
217 (*) : -1--0-0--0----------------
217     : ['ep_epoch1(node0)', '~ep_epoch0(node1)', '~ep_epoch2(node1)', '~held(node1)']
218     : 0-0--1--0-----------------
218     : ['ep_epoch1(node1)', '~ep_epoch0(node0)', '~ep_epoch2(node0)', '~held(node0)']
num_forall :   2
num_exists :   0
num_literals : 5
quantified form : forall NODE1,NODE0. ~ep_epoch1(NODE0) | ep_epoch0(NODE1) | ep_epoch2(NODE1) | held(NODE1) | NODE0 = NODE1
qcost : 7




=== Prime Orbit 97 =====================
size : 2
num_suborbits: 1
215 (*) : -1--0-0----------0--------
215     : ['ep_epoch1(node0)', '~ep_epoch0(node1)', '~ep_epoch2(node1)', '~locked_epoch3(node1)']
216     : 0-0--1----------0---------
216     : ['ep_epoch1(node1)', '~ep_epoch0(node0)', '~ep_epoch2(node0)', '~locked_epoch3(node0)']
num_forall :   2
num_exists :   0
num_literals : 5
quantified form : forall NODE1,NODE0. ~ep_epoch1(NODE0) | ep_epoch0(NODE1) | ep_epoch2(NODE1) | locked_epoch3(NODE1) | NODE0 = NODE1
qcost : 7




=== Prime Orbit 98 =====================
size : 2
num_suborbits: 1
334 (*) : --1-0---1---1-------------
334     : ['ep_epoch2(node0)', 'held(node0)', 'locked_epoch1(node0)', '~ep_epoch0(node1)']
333     : 0-----1--1---1------------
333     : ['ep_epoch2(node1)', 'held(node1)', 'locked_epoch1(node1)', '~ep_epoch0(node0)']
num_forall :   2
num_exists :   0
num_literals : 5
quantified form : forall NODE1,NODE0. ~ep_epoch2(NODE0) | ~held(NODE0) | ~locked_epoch1(NODE0) | ep_epoch0(NODE1) | NODE0 = NODE1
qcost : 7




=== Prime Orbit 99 =====================
size : 2
num_suborbits: 1
344 (*) : --1--0--1----1------------
344     : ['ep_epoch2(node0)', 'held(node0)', 'locked_epoch1(node1)', '~ep_epoch1(node1)']
343     : -0----1--1--1-------------
343     : ['ep_epoch2(node1)', 'held(node1)', 'locked_epoch1(node0)', '~ep_epoch1(node0)']
num_forall :   2
num_exists :   0
num_literals : 5
quantified form : forall NODE1,NODE0. ~ep_epoch2(NODE0) | ~held(NODE0) | ~locked_epoch1(NODE1) | ep_epoch1(NODE1) | NODE0 = NODE1
qcost : 7




=== Prime Orbit 100 =====================
size : 2
num_suborbits: 1
332 (*) : --1-00--1-----------------
332     : ['ep_epoch2(node0)', 'held(node0)', '~ep_epoch0(node1)', '~ep_epoch1(node1)']
331     : 00----1--1----------------
331     : ['ep_epoch2(node1)', 'held(node1)', '~ep_epoch0(node0)', '~ep_epoch1(node0)']
num_forall :   2
num_exists :   0
num_literals : 5
quantified form : forall NODE1,NODE0. ~ep_epoch2(NODE0) | ~held(NODE0) | ep_epoch0(NODE1) | ep_epoch1(NODE1) | NODE0 = NODE1
qcost : 7




=== Prime Orbit 101 =====================
size : 2
num_suborbits: 1
320 (*) : --1-0---1----0------------
320     : ['ep_epoch2(node0)', 'held(node0)', '~ep_epoch0(node1)', '~locked_epoch1(node1)']
319     : 0-----1--1--0-------------
319     : ['ep_epoch2(node1)', 'held(node1)', '~ep_epoch0(node0)', '~locked_epoch1(node0)']
num_forall :   2
num_exists :   0
num_literals : 5
quantified form : forall NODE1,NODE0. ~ep_epoch2(NODE0) | ~held(NODE0) | ep_epoch0(NODE1) | locked_epoch1(NODE1) | NODE0 = NODE1
qcost : 7




=== Prime Orbit 102 =====================
size : 2
num_suborbits: 1
346 (*) : --1--0--1---0-------------
346     : ['ep_epoch2(node0)', 'held(node0)', '~ep_epoch1(node1)', '~locked_epoch1(node0)']
345     : -0----1--1---0------------
345     : ['ep_epoch2(node1)', 'held(node1)', '~ep_epoch1(node0)', '~locked_epoch1(node1)']
num_forall :   2
num_exists :   0
num_literals : 5
quantified form : forall NODE1,NODE0. ~ep_epoch2(NODE0) | ~held(NODE0) | ep_epoch1(NODE1) | locked_epoch1(NODE0) | NODE0 = NODE1
qcost : 7




=== Prime Orbit 103 =====================
size : 4
num_suborbits: 2
253 (*) : --1-0-------1-----------1-
253     : ['ep_epoch2(node0)', 'locked_epoch1(node0)', 'transfer_epoch3(node0)', '~ep_epoch0(node1)']
242     : --1-0-------1------------1
242     : ['ep_epoch2(node0)', 'locked_epoch1(node0)', 'transfer_epoch3(node1)', '~ep_epoch0(node1)']
241     : 0-----1------1----------1-
241     : ['ep_epoch2(node1)', 'locked_epoch1(node1)', 'transfer_epoch3(node0)', '~ep_epoch0(node0)']
254     : 0-----1------1-----------1
254     : ['ep_epoch2(node1)', 'locked_epoch1(node1)', 'transfer_epoch3(node1)', '~ep_epoch0(node0)']
num_forall :   3
num_exists :   0
num_literals : 8
quantified form : forall NODE1,NODE0,NODE2. ~ep_epoch2(NODE0) | ~locked_epoch1(NODE0) | ~transfer_epoch3(NODE1) | ep_epoch0(NODE2) | ((NODE1 ~= NODE2 | NODE0 = NODE1) & (NODE0 ~= NODE1 | NODE0 = NODE2))
qcost : 11




=== Prime Orbit 104 =====================
size : 2
num_suborbits: 1
336 (*) : --1-0--0----1-------------
336     : ['ep_epoch2(node0)', 'locked_epoch1(node0)', '~ep_epoch0(node1)', '~ep_epoch3(node1)']
335     : 0--0--1------1------------
335     : ['ep_epoch2(node1)', 'locked_epoch1(node1)', '~ep_epoch0(node0)', '~ep_epoch3(node0)']
num_forall :   2
num_exists :   0
num_literals : 5
quantified form : forall NODE1,NODE0. ~ep_epoch2(NODE0) | ~locked_epoch1(NODE0) | ep_epoch0(NODE1) | ep_epoch3(NODE1) | NODE0 = NODE1
qcost : 7




=== Prime Orbit 105 =====================
size : 2
num_suborbits: 1
338 (*) : --1-0----0--1-------------
338     : ['ep_epoch2(node0)', 'locked_epoch1(node0)', '~ep_epoch0(node1)', '~held(node1)']
337     : 0-----1-0----1------------
337     : ['ep_epoch2(node1)', 'locked_epoch1(node1)', '~ep_epoch0(node0)', '~held(node0)']
num_forall :   2
num_exists :   0
num_literals : 5
quantified form : forall NODE1,NODE0. ~ep_epoch2(NODE0) | ~locked_epoch1(NODE0) | ep_epoch0(NODE1) | held(NODE1) | NODE0 = NODE1
qcost : 7




=== Prime Orbit 106 =====================
size : 2
num_suborbits: 1
324 (*) : --1-0-------1----0--------
324     : ['ep_epoch2(node0)', 'locked_epoch1(node0)', '~ep_epoch0(node1)', '~locked_epoch3(node1)']
323     : 0-----1------1--0---------
323     : ['ep_epoch2(node1)', 'locked_epoch1(node1)', '~ep_epoch0(node0)', '~locked_epoch3(node0)']
num_forall :   2
num_exists :   0
num_literals : 5
quantified form : forall NODE1,NODE0. ~ep_epoch2(NODE0) | ~locked_epoch1(NODE0) | ep_epoch0(NODE1) | locked_epoch3(NODE1) | NODE0 = NODE1
qcost : 7




=== Prime Orbit 107 =====================
size : 4
num_suborbits: 2
231 (*) : --1--0-------1----------1-
231     : ['ep_epoch2(node0)', 'locked_epoch1(node1)', 'transfer_epoch3(node0)', '~ep_epoch1(node1)']
310     : --1--0-------1-----------1
310     : ['ep_epoch2(node0)', 'locked_epoch1(node1)', 'transfer_epoch3(node1)', '~ep_epoch1(node1)']
309     : -0----1-----1-----------1-
309     : ['ep_epoch2(node1)', 'locked_epoch1(node0)', 'transfer_epoch3(node0)', '~ep_epoch1(node0)']
232     : -0----1-----1------------1
232     : ['ep_epoch2(node1)', 'locked_epoch1(node0)', 'transfer_epoch3(node1)', '~ep_epoch1(node0)']
num_forall :   3
num_exists :   0
num_literals : 8
quantified form : forall NODE1,NODE0,NODE2. ~ep_epoch2(NODE0) | ~locked_epoch1(NODE1) | ~transfer_epoch3(NODE2) | ep_epoch1(NODE1) | ((NODE0 ~= NODE2 | NODE0 = NODE1) & (NODE1 ~= NODE2 | NODE0 = NODE1))
qcost : 11




=== Prime Orbit 108 =====================
size : 2
num_suborbits: 1
342 (*) : --1--0-0-----1------------
342     : ['ep_epoch2(node0)', 'locked_epoch1(node1)', '~ep_epoch1(node1)', '~ep_epoch3(node1)']
341     : -0-0--1-----1-------------
341     : ['ep_epoch2(node1)', 'locked_epoch1(node0)', '~ep_epoch1(node0)', '~ep_epoch3(node0)']
num_forall :   2
num_exists :   0
num_literals : 5
quantified form : forall NODE1,NODE0. ~ep_epoch2(NODE0) | ~locked_epoch1(NODE1) | ep_epoch1(NODE1) | ep_epoch3(NODE1) | NODE0 = NODE1
qcost : 7




=== Prime Orbit 109 =====================
size : 2
num_suborbits: 1
340 (*) : --1--0---0---1------------
340     : ['ep_epoch2(node0)', 'locked_epoch1(node1)', '~ep_epoch1(node1)', '~held(node1)']
339     : -0----1-0---1-------------
339     : ['ep_epoch2(node1)', 'locked_epoch1(node0)', '~ep_epoch1(node0)', '~held(node0)']
num_forall :   2
num_exists :   0
num_literals : 5
quantified form : forall NODE1,NODE0. ~ep_epoch2(NODE0) | ~locked_epoch1(NODE1) | ep_epoch1(NODE1) | held(NODE1) | NODE0 = NODE1
qcost : 7




=== Prime Orbit 110 =====================
size : 2
num_suborbits: 1
322 (*) : --1--0-------1---0--------
322     : ['ep_epoch2(node0)', 'locked_epoch1(node1)', '~ep_epoch1(node1)', '~locked_epoch3(node1)']
321     : -0----1-----1---0---------
321     : ['ep_epoch2(node1)', 'locked_epoch1(node0)', '~ep_epoch1(node0)', '~locked_epoch3(node0)']
num_forall :   2
num_exists :   0
num_literals : 5
quantified form : forall NODE1,NODE0. ~ep_epoch2(NODE0) | ~locked_epoch1(NODE1) | ep_epoch1(NODE1) | locked_epoch3(NODE1) | NODE0 = NODE1
qcost : 7




=== Prime Orbit 111 =====================
size : 4
num_suborbits: 2
285 (*) : --1-00------------------1-
285     : ['ep_epoch2(node0)', 'transfer_epoch3(node0)', '~ep_epoch0(node1)', '~ep_epoch1(node1)']
308     : --1-00-------------------1
308     : ['ep_epoch2(node0)', 'transfer_epoch3(node1)', '~ep_epoch0(node1)', '~ep_epoch1(node1)']
307     : 00----1-----------------1-
307     : ['ep_epoch2(node1)', 'transfer_epoch3(node0)', '~ep_epoch0(node0)', '~ep_epoch1(node0)']
286     : 00----1------------------1
286     : ['ep_epoch2(node1)', 'transfer_epoch3(node1)', '~ep_epoch0(node0)', '~ep_epoch1(node0)']
num_forall :   3
num_exists :   0
num_literals : 8
quantified form : forall NODE1,NODE0,NODE2. ~ep_epoch2(NODE0) | ~transfer_epoch3(NODE1) | ep_epoch0(NODE2) | ep_epoch1(NODE2) | ((NODE0 ~= NODE1 | NODE0 = NODE2) & (NODE1 ~= NODE2 | NODE0 = NODE1))
qcost : 11




=== Prime Orbit 112 =====================
size : 4
num_suborbits: 2
293 (*) : --1-0--------0----------1-
293     : ['ep_epoch2(node0)', 'transfer_epoch3(node0)', '~ep_epoch0(node1)', '~locked_epoch1(node1)']
312     : --1-0--------0-----------1
312     : ['ep_epoch2(node0)', 'transfer_epoch3(node1)', '~ep_epoch0(node1)', '~locked_epoch1(node1)']
311     : 0-----1-----0-----------1-
311     : ['ep_epoch2(node1)', 'transfer_epoch3(node0)', '~ep_epoch0(node0)', '~locked_epoch1(node0)']
294     : 0-----1-----0------------1
294     : ['ep_epoch2(node1)', 'transfer_epoch3(node1)', '~ep_epoch0(node0)', '~locked_epoch1(node0)']
num_forall :   3
num_exists :   0
num_literals : 8
quantified form : forall NODE1,NODE0,NODE2. ~ep_epoch2(NODE0) | ~transfer_epoch3(NODE1) | ep_epoch0(NODE2) | locked_epoch1(NODE2) | ((NODE0 ~= NODE1 | NODE0 = NODE2) & (NODE1 ~= NODE2 | NODE0 = NODE1))
qcost : 11




=== Prime Orbit 113 =====================
size : 4
num_suborbits: 2
273 (*) : --1--0------0-----------1-
273     : ['ep_epoch2(node0)', 'transfer_epoch3(node0)', '~ep_epoch1(node1)', '~locked_epoch1(node0)']
306     : --1--0------0------------1
306     : ['ep_epoch2(node0)', 'transfer_epoch3(node1)', '~ep_epoch1(node1)', '~locked_epoch1(node0)']
305     : -0----1------0----------1-
305     : ['ep_epoch2(node1)', 'transfer_epoch3(node0)', '~ep_epoch1(node0)', '~locked_epoch1(node1)']
274     : -0----1------0-----------1
274     : ['ep_epoch2(node1)', 'transfer_epoch3(node1)', '~ep_epoch1(node0)', '~locked_epoch1(node1)']
num_forall :   3
num_exists :   0
num_literals : 8
quantified form : forall NODE1,NODE0,NODE2. ~ep_epoch2(NODE0) | ~transfer_epoch3(NODE1) | ep_epoch1(NODE2) | locked_epoch1(NODE0) | ((NODE0 ~= NODE1 | NODE0 = NODE2) & (NODE1 ~= NODE2 | NODE0 = NODE1))
qcost : 11




=== Prime Orbit 114 =====================
size : 2
num_suborbits: 1
328 (*) : --1-00-0------------------
328     : ['ep_epoch2(node0)', '~ep_epoch0(node1)', '~ep_epoch1(node1)', '~ep_epoch3(node1)']
327     : 00-0--1-------------------
327     : ['ep_epoch2(node1)', '~ep_epoch0(node0)', '~ep_epoch1(node0)', '~ep_epoch3(node0)']
num_forall :   2
num_exists :   0
num_literals : 5
quantified form : forall NODE1,NODE0. ~ep_epoch2(NODE0) | ep_epoch0(NODE1) | ep_epoch1(NODE1) | ep_epoch3(NODE1) | NODE0 = NODE1
qcost : 7




=== Prime Orbit 115 =====================
size : 2
num_suborbits: 1
330 (*) : --1-00---0----------------
330     : ['ep_epoch2(node0)', '~ep_epoch0(node1)', '~ep_epoch1(node1)', '~held(node1)']
329     : 00----1-0-----------------
329     : ['ep_epoch2(node1)', '~ep_epoch0(node0)', '~ep_epoch1(node0)', '~held(node0)']
num_forall :   2
num_exists :   0
num_literals : 5
quantified form : forall NODE1,NODE0. ~ep_epoch2(NODE0) | ep_epoch0(NODE1) | ep_epoch1(NODE1) | held(NODE1) | NODE0 = NODE1
qcost : 7




=== Prime Orbit 116 =====================
size : 2
num_suborbits: 1
326 (*) : --1-00-----------0--------
326     : ['ep_epoch2(node0)', '~ep_epoch0(node1)', '~ep_epoch1(node1)', '~locked_epoch3(node1)']
325     : 00----1---------0---------
325     : ['ep_epoch2(node1)', '~ep_epoch0(node0)', '~ep_epoch1(node0)', '~locked_epoch3(node0)']
num_forall :   2
num_exists :   0
num_literals : 5
quantified form : forall NODE1,NODE0. ~ep_epoch2(NODE0) | ep_epoch0(NODE1) | ep_epoch1(NODE1) | locked_epoch3(NODE1) | NODE0 = NODE1
qcost : 7




=== Prime Orbit 117 =====================
size : 2
num_suborbits: 1
316 (*) : --1-0--0-----0------------
316     : ['ep_epoch2(node0)', '~ep_epoch0(node1)', '~ep_epoch3(node1)', '~locked_epoch1(node1)']
315     : 0--0--1-----0-------------
315     : ['ep_epoch2(node1)', '~ep_epoch0(node0)', '~ep_epoch3(node0)', '~locked_epoch1(node0)']
num_forall :   2
num_exists :   0
num_literals : 5
quantified form : forall NODE1,NODE0. ~ep_epoch2(NODE0) | ep_epoch0(NODE1) | ep_epoch3(NODE1) | locked_epoch1(NODE1) | NODE0 = NODE1
qcost : 7




=== Prime Orbit 118 =====================
size : 2
num_suborbits: 1
318 (*) : --1-0----0---0------------
318     : ['ep_epoch2(node0)', '~ep_epoch0(node1)', '~held(node1)', '~locked_epoch1(node1)']
317     : 0-----1-0---0-------------
317     : ['ep_epoch2(node1)', '~ep_epoch0(node0)', '~held(node0)', '~locked_epoch1(node0)']
num_forall :   2
num_exists :   0
num_literals : 5
quantified form : forall NODE1,NODE0. ~ep_epoch2(NODE0) | ep_epoch0(NODE1) | held(NODE1) | locked_epoch1(NODE1) | NODE0 = NODE1
qcost : 7




=== Prime Orbit 119 =====================
size : 2
num_suborbits: 1
314 (*) : --1-0--------0---0--------
314     : ['ep_epoch2(node0)', '~ep_epoch0(node1)', '~locked_epoch1(node1)', '~locked_epoch3(node1)']
313     : 0-----1-----0---0---------
313     : ['ep_epoch2(node1)', '~ep_epoch0(node0)', '~locked_epoch1(node0)', '~locked_epoch3(node0)']
num_forall :   2
num_exists :   0
num_literals : 5
quantified form : forall NODE1,NODE0. ~ep_epoch2(NODE0) | ep_epoch0(NODE1) | locked_epoch1(NODE1) | locked_epoch3(NODE1) | NODE0 = NODE1
qcost : 7




=== Prime Orbit 120 =====================
size : 2
num_suborbits: 1
350 (*) : --1--0-0----0-------------
350     : ['ep_epoch2(node0)', '~ep_epoch1(node1)', '~ep_epoch3(node1)', '~locked_epoch1(node0)']
349     : -0-0--1------0------------
349     : ['ep_epoch2(node1)', '~ep_epoch1(node0)', '~ep_epoch3(node0)', '~locked_epoch1(node1)']
num_forall :   2
num_exists :   0
num_literals : 5
quantified form : forall NODE1,NODE0. ~ep_epoch2(NODE0) | ep_epoch1(NODE1) | ep_epoch3(NODE1) | locked_epoch1(NODE0) | NODE0 = NODE1
qcost : 7




=== Prime Orbit 121 =====================
size : 2
num_suborbits: 1
348 (*) : --1--0---0--0-------------
348     : ['ep_epoch2(node0)', '~ep_epoch1(node1)', '~held(node1)', '~locked_epoch1(node0)']
347     : -0----1-0----0------------
347     : ['ep_epoch2(node1)', '~ep_epoch1(node0)', '~held(node0)', '~locked_epoch1(node1)']
num_forall :   2
num_exists :   0
num_literals : 5
quantified form : forall NODE1,NODE0. ~ep_epoch2(NODE0) | ep_epoch1(NODE1) | held(NODE1) | locked_epoch1(NODE0) | NODE0 = NODE1
qcost : 7




=== Prime Orbit 122 =====================
size : 2
num_suborbits: 1
352 (*) : --1--0------0----0--------
352     : ['ep_epoch2(node0)', '~ep_epoch1(node1)', '~locked_epoch1(node0)', '~locked_epoch3(node1)']
351     : -0----1------0--0---------
351     : ['ep_epoch2(node1)', '~ep_epoch1(node0)', '~locked_epoch1(node1)', '~locked_epoch3(node0)']
num_forall :   2
num_exists :   0
num_literals : 5
quantified form : forall NODE1,NODE0. ~ep_epoch2(NODE0) | ep_epoch1(NODE1) | locked_epoch1(NODE0) | locked_epoch3(NODE1) | NODE0 = NODE1
qcost : 7




=== Prime Orbit 123 =====================
size : 2
num_suborbits: 1
534 (*) : ---10-------1-1-----------
534     : ['ep_epoch3(node0)', 'locked_epoch1(node0)', 'locked_epoch2(node0)', '~ep_epoch0(node1)']
533     : 0------1-----1-1----------
533     : ['ep_epoch3(node1)', 'locked_epoch1(node1)', 'locked_epoch2(node1)', '~ep_epoch0(node0)']
num_forall :   2
num_exists :   0
num_literals : 5
quantified form : forall NODE1,NODE0. ~ep_epoch3(NODE0) | ~locked_epoch1(NODE0) | ~locked_epoch2(NODE0) | ep_epoch0(NODE1) | NODE0 = NODE1
qcost : 7




=== Prime Orbit 124 =====================
size : 2
num_suborbits: 1
530 (*) : ---10-0-----1-------------
530     : ['ep_epoch3(node0)', 'locked_epoch1(node0)', '~ep_epoch0(node1)', '~ep_epoch2(node1)']
529     : 0-0----1-----1------------
529     : ['ep_epoch3(node1)', 'locked_epoch1(node1)', '~ep_epoch0(node0)', '~ep_epoch2(node0)']
num_forall :   2
num_exists :   0
num_literals : 5
quantified form : forall NODE1,NODE0. ~ep_epoch3(NODE0) | ~locked_epoch1(NODE0) | ep_epoch0(NODE1) | ep_epoch2(NODE1) | NODE0 = NODE1
qcost : 7




=== Prime Orbit 125 =====================
size : 2
num_suborbits: 1
524 (*) : ---10-------1--0----------
524     : ['ep_epoch3(node0)', 'locked_epoch1(node0)', '~ep_epoch0(node1)', '~locked_epoch2(node1)']
523     : 0------1-----10-----------
523     : ['ep_epoch3(node1)', 'locked_epoch1(node1)', '~ep_epoch0(node0)', '~locked_epoch2(node0)']
num_forall :   2
num_exists :   0
num_literals : 5
quantified form : forall NODE1,NODE0. ~ep_epoch3(NODE0) | ~locked_epoch1(NODE0) | ep_epoch0(NODE1) | locked_epoch2(NODE1) | NODE0 = NODE1
qcost : 7




=== Prime Orbit 126 =====================
size : 2
num_suborbits: 1
536 (*) : ---1-0-------11-----------
536     : ['ep_epoch3(node0)', 'locked_epoch1(node1)', 'locked_epoch2(node0)', '~ep_epoch1(node1)']
535     : -0-----1----1--1----------
535     : ['ep_epoch3(node1)', 'locked_epoch1(node0)', 'locked_epoch2(node1)', '~ep_epoch1(node0)']
num_forall :   2
num_exists :   0
num_literals : 5
quantified form : forall NODE1,NODE0. ~ep_epoch3(NODE0) | ~locked_epoch1(NODE1) | ~locked_epoch2(NODE0) | ep_epoch1(NODE1) | NODE0 = NODE1
qcost : 7




=== Prime Orbit 127 =====================
size : 2
num_suborbits: 1
540 (*) : ---1-00------1------------
540     : ['ep_epoch3(node0)', 'locked_epoch1(node1)', '~ep_epoch1(node1)', '~ep_epoch2(node1)']
539     : -00----1----1-------------
539     : ['ep_epoch3(node1)', 'locked_epoch1(node0)', '~ep_epoch1(node0)', '~ep_epoch2(node0)']
num_forall :   2
num_exists :   0
num_literals : 5
quantified form : forall NODE1,NODE0. ~ep_epoch3(NODE0) | ~locked_epoch1(NODE1) | ep_epoch1(NODE1) | ep_epoch2(NODE1) | NODE0 = NODE1
qcost : 7




=== Prime Orbit 128 =====================
size : 2
num_suborbits: 1
538 (*) : ---1-0-------1-0----------
538     : ['ep_epoch3(node0)', 'locked_epoch1(node1)', '~ep_epoch1(node1)', '~locked_epoch2(node1)']
537     : -0-----1----1-0-----------
537     : ['ep_epoch3(node1)', 'locked_epoch1(node0)', '~ep_epoch1(node0)', '~locked_epoch2(node0)']
num_forall :   2
num_exists :   0
num_literals : 5
quantified form : forall NODE1,NODE0. ~ep_epoch3(NODE0) | ~locked_epoch1(NODE1) | ep_epoch1(NODE1) | locked_epoch2(NODE1) | NODE0 = NODE1
qcost : 7




=== Prime Orbit 129 =====================
size : 2
num_suborbits: 1
532 (*) : ---100--------1-----------
532     : ['ep_epoch3(node0)', 'locked_epoch2(node0)', '~ep_epoch0(node1)', '~ep_epoch1(node1)']
531     : 00-----1-------1----------
531     : ['ep_epoch3(node1)', 'locked_epoch2(node1)', '~ep_epoch0(node0)', '~ep_epoch1(node0)']
num_forall :   2
num_exists :   0
num_literals : 5
quantified form : forall NODE1,NODE0. ~ep_epoch3(NODE0) | ~locked_epoch2(NODE0) | ep_epoch0(NODE1) | ep_epoch1(NODE1) | NODE0 = NODE1
qcost : 7




=== Prime Orbit 130 =====================
size : 2
num_suborbits: 1
409 (*) : ---10--------01-----------
409     : ['ep_epoch3(node0)', 'locked_epoch2(node0)', '~ep_epoch0(node1)', '~locked_epoch1(node1)']
410     : 0------1----0--1----------
410     : ['ep_epoch3(node1)', 'locked_epoch2(node1)', '~ep_epoch0(node0)', '~locked_epoch1(node0)']
num_forall :   2
num_exists :   0
num_literals : 5
quantified form : forall NODE1,NODE0. ~ep_epoch3(NODE0) | ~locked_epoch2(NODE0) | ep_epoch0(NODE1) | locked_epoch1(NODE1) | NODE0 = NODE1
qcost : 7




=== Prime Orbit 131 =====================
size : 2
num_suborbits: 1
420 (*) : ---1-0------0-1-----------
420     : ['ep_epoch3(node0)', 'locked_epoch2(node0)', '~ep_epoch1(node1)', '~locked_epoch1(node0)']
419     : -0-----1-----0-1----------
419     : ['ep_epoch3(node1)', 'locked_epoch2(node1)', '~ep_epoch1(node0)', '~locked_epoch1(node1)']
num_forall :   2
num_exists :   0
num_literals : 5
quantified form : forall NODE1,NODE0. ~ep_epoch3(NODE0) | ~locked_epoch2(NODE0) | ep_epoch1(NODE1) | locked_epoch1(NODE0) | NODE0 = NODE1
qcost : 7




=== Prime Orbit 132 =====================
size : 2
num_suborbits: 1
528 (*) : ---1000-------------------
528     : ['ep_epoch3(node0)', '~ep_epoch0(node1)', '~ep_epoch1(node1)', '~ep_epoch2(node1)']
527     : 000----1------------------
527     : ['ep_epoch3(node1)', '~ep_epoch0(node0)', '~ep_epoch1(node0)', '~ep_epoch2(node0)']
num_forall :   2
num_exists :   0
num_literals : 5
quantified form : forall NODE1,NODE0. ~ep_epoch3(NODE0) | ep_epoch0(NODE1) | ep_epoch1(NODE1) | ep_epoch2(NODE1) | NODE0 = NODE1
qcost : 7




=== Prime Orbit 133 =====================
size : 2
num_suborbits: 1
526 (*) : ---100---------0----------
526     : ['ep_epoch3(node0)', '~ep_epoch0(node1)', '~ep_epoch1(node1)', '~locked_epoch2(node1)']
525     : 00-----1------0-----------
525     : ['ep_epoch3(node1)', '~ep_epoch0(node0)', '~ep_epoch1(node0)', '~locked_epoch2(node0)']
num_forall :   2
num_exists :   0
num_literals : 5
quantified form : forall NODE1,NODE0. ~ep_epoch3(NODE0) | ep_epoch0(NODE1) | ep_epoch1(NODE1) | locked_epoch2(NODE1) | NODE0 = NODE1
qcost : 7




=== Prime Orbit 134 =====================
size : 2
num_suborbits: 1
369 (*) : ---10-0------0------------
369     : ['ep_epoch3(node0)', '~ep_epoch0(node1)', '~ep_epoch2(node1)', '~locked_epoch1(node1)']
370     : 0-0----1----0-------------
370     : ['ep_epoch3(node1)', '~ep_epoch0(node0)', '~ep_epoch2(node0)', '~locked_epoch1(node0)']
num_forall :   2
num_exists :   0
num_literals : 5
quantified form : forall NODE1,NODE0. ~ep_epoch3(NODE0) | ep_epoch0(NODE1) | ep_epoch2(NODE1) | locked_epoch1(NODE1) | NODE0 = NODE1
qcost : 7




=== Prime Orbit 135 =====================
size : 2
num_suborbits: 1
401 (*) : ---10--------0-0----------
401     : ['ep_epoch3(node0)', '~ep_epoch0(node1)', '~locked_epoch1(node1)', '~locked_epoch2(node1)']
402     : 0------1----0-0-----------
402     : ['ep_epoch3(node1)', '~ep_epoch0(node0)', '~locked_epoch1(node0)', '~locked_epoch2(node0)']
num_forall :   2
num_exists :   0
num_literals : 5
quantified form : forall NODE1,NODE0. ~ep_epoch3(NODE0) | ep_epoch0(NODE1) | locked_epoch1(NODE1) | locked_epoch2(NODE1) | NODE0 = NODE1
qcost : 7




=== Prime Orbit 136 =====================
size : 2
num_suborbits: 1
424 (*) : ---1-00-----0-------------
424     : ['ep_epoch3(node0)', '~ep_epoch1(node1)', '~ep_epoch2(node1)', '~locked_epoch1(node0)']
423     : -00----1-----0------------
423     : ['ep_epoch3(node1)', '~ep_epoch1(node0)', '~ep_epoch2(node0)', '~locked_epoch1(node1)']
num_forall :   2
num_exists :   0
num_literals : 5
quantified form : forall NODE1,NODE0. ~ep_epoch3(NODE0) | ep_epoch1(NODE1) | ep_epoch2(NODE1) | locked_epoch1(NODE0) | NODE0 = NODE1
qcost : 7




=== Prime Orbit 137 =====================
size : 2
num_suborbits: 1
422 (*) : ---1-0------0--0----------
422     : ['ep_epoch3(node0)', '~ep_epoch1(node1)', '~locked_epoch1(node0)', '~locked_epoch2(node1)']
421     : -0-----1-----00-----------
421     : ['ep_epoch3(node1)', '~ep_epoch1(node0)', '~locked_epoch1(node1)', '~locked_epoch2(node0)']
num_forall :   2
num_exists :   0
num_literals : 5
quantified form : forall NODE1,NODE0. ~ep_epoch3(NODE0) | ep_epoch1(NODE1) | locked_epoch1(NODE0) | locked_epoch2(NODE1) | NODE0 = NODE1
qcost : 7




=== Prime Orbit 138 =====================
size : 2
num_suborbits: 1
454 (*) : ----0---1---1-1-----------
454     : ['held(node0)', 'locked_epoch1(node0)', 'locked_epoch2(node0)', '~ep_epoch0(node1)']
453     : 0--------1---1-1----------
453     : ['held(node1)', 'locked_epoch1(node1)', 'locked_epoch2(node1)', '~ep_epoch0(node0)']
num_forall :   2
num_exists :   0
num_literals : 5
quantified form : forall NODE1,NODE0. ~held(NODE0) | ~locked_epoch1(NODE0) | ~locked_epoch2(NODE0) | ep_epoch0(NODE1) | NODE0 = NODE1
qcost : 7




=== Prime Orbit 139 =====================
size : 2
num_suborbits: 1
456 (*) : ----0-0-1---1-------------
456     : ['held(node0)', 'locked_epoch1(node0)', '~ep_epoch0(node1)', '~ep_epoch2(node1)']
455     : 0-0------1---1------------
455     : ['held(node1)', 'locked_epoch1(node1)', '~ep_epoch0(node0)', '~ep_epoch2(node0)']
num_forall :   2
num_exists :   0
num_literals : 5
quantified form : forall NODE1,NODE0. ~held(NODE0) | ~locked_epoch1(NODE0) | ep_epoch0(NODE1) | ep_epoch2(NODE1) | NODE0 = NODE1
qcost : 7




=== Prime Orbit 140 =====================
size : 2
num_suborbits: 1
470 (*) : ---00---1---1-------------
470     : ['held(node0)', 'locked_epoch1(node0)', '~ep_epoch0(node1)', '~ep_epoch3(node0)']
469     : 0------0-1---1------------
469     : ['held(node1)', 'locked_epoch1(node1)', '~ep_epoch0(node0)', '~ep_epoch3(node1)']
num_forall :   2
num_exists :   0
num_literals : 5
quantified form : forall NODE1,NODE0. ~held(NODE0) | ~locked_epoch1(NODE0) | ep_epoch0(NODE1) | ep_epoch3(NODE0) | NODE0 = NODE1
qcost : 7




=== Prime Orbit 141 =====================
size : 2
num_suborbits: 1
472 (*) : ----0---1---1--0----------
472     : ['held(node0)', 'locked_epoch1(node0)', '~ep_epoch0(node1)', '~locked_epoch2(node1)']
471     : 0--------1---10-----------
471     : ['held(node1)', 'locked_epoch1(node1)', '~ep_epoch0(node0)', '~locked_epoch2(node0)']
num_forall :   2
num_exists :   0
num_literals : 5
quantified form : forall NODE1,NODE0. ~held(NODE0) | ~locked_epoch1(NODE0) | ep_epoch0(NODE1) | locked_epoch2(NODE1) | NODE0 = NODE1
qcost : 7




=== Prime Orbit 142 =====================
size : 2
num_suborbits: 1
474 (*) : ----0---1---1---0---------
474     : ['held(node0)', 'locked_epoch1(node0)', '~ep_epoch0(node1)', '~locked_epoch3(node0)']
473     : 0--------1---1---0--------
473     : ['held(node1)', 'locked_epoch1(node1)', '~ep_epoch0(node0)', '~locked_epoch3(node1)']
num_forall :   2
num_exists :   0
num_literals : 5
quantified form : forall NODE1,NODE0. ~held(NODE0) | ~locked_epoch1(NODE0) | ep_epoch0(NODE1) | locked_epoch3(NODE0) | NODE0 = NODE1
qcost : 7




=== Prime Orbit 143 =====================
size : 2
num_suborbits: 1
448 (*) : -----0--1----11-----------
448     : ['held(node0)', 'locked_epoch1(node1)', 'locked_epoch2(node0)', '~ep_epoch1(node1)']
447     : -0-------1--1--1----------
447     : ['held(node1)', 'locked_epoch1(node0)', 'locked_epoch2(node1)', '~ep_epoch1(node0)']
num_forall :   2
num_exists :   0
num_literals : 5
quantified form : forall NODE1,NODE0. ~held(NODE0) | ~locked_epoch1(NODE1) | ~locked_epoch2(NODE0) | ep_epoch1(NODE1) | NODE0 = NODE1
qcost : 7




=== Prime Orbit 144 =====================
size : 2
num_suborbits: 1
464 (*) : -----00-1----1------------
464     : ['held(node0)', 'locked_epoch1(node1)', '~ep_epoch1(node1)', '~ep_epoch2(node1)']
463     : -00------1--1-------------
463     : ['held(node1)', 'locked_epoch1(node0)', '~ep_epoch1(node0)', '~ep_epoch2(node0)']
num_forall :   2
num_exists :   0
num_literals : 5
quantified form : forall NODE1,NODE0. ~held(NODE0) | ~locked_epoch1(NODE1) | ep_epoch1(NODE1) | ep_epoch2(NODE1) | NODE0 = NODE1
qcost : 7




=== Prime Orbit 145 =====================
size : 2
num_suborbits: 1
516 (*) : ---0-0--1----1------------
516     : ['held(node0)', 'locked_epoch1(node1)', '~ep_epoch1(node1)', '~ep_epoch3(node0)']
515     : -0-----0-1--1-------------
515     : ['held(node1)', 'locked_epoch1(node0)', '~ep_epoch1(node0)', '~ep_epoch3(node1)']
num_forall :   2
num_exists :   0
num_literals : 5
quantified form : forall NODE1,NODE0. ~held(NODE0) | ~locked_epoch1(NODE1) | ep_epoch1(NODE1) | ep_epoch3(NODE0) | NODE0 = NODE1
qcost : 7




=== Prime Orbit 146 =====================
size : 2
num_suborbits: 1
512 (*) : -----0--1----1-0----------
512     : ['held(node0)', 'locked_epoch1(node1)', '~ep_epoch1(node1)', '~locked_epoch2(node1)']
511     : -0-------1--1-0-----------
511     : ['held(node1)', 'locked_epoch1(node0)', '~ep_epoch1(node0)', '~locked_epoch2(node0)']
num_forall :   2
num_exists :   0
num_literals : 5
quantified form : forall NODE1,NODE0. ~held(NODE0) | ~locked_epoch1(NODE1) | ep_epoch1(NODE1) | locked_epoch2(NODE1) | NODE0 = NODE1
qcost : 7




=== Prime Orbit 147 =====================
size : 2
num_suborbits: 1
520 (*) : -----0--1----1--0---------
520     : ['held(node0)', 'locked_epoch1(node1)', '~ep_epoch1(node1)', '~locked_epoch3(node0)']
519     : -0-------1--1----0--------
519     : ['held(node1)', 'locked_epoch1(node0)', '~ep_epoch1(node0)', '~locked_epoch3(node1)']
num_forall :   2
num_exists :   0
num_literals : 5
quantified form : forall NODE1,NODE0. ~held(NODE0) | ~locked_epoch1(NODE1) | ep_epoch1(NODE1) | locked_epoch3(NODE0) | NODE0 = NODE1
qcost : 7




=== Prime Orbit 148 =====================
size : 2
num_suborbits: 1
508 (*) : --00----1----1------------
508     : ['held(node0)', 'locked_epoch1(node1)', '~ep_epoch2(node0)', '~ep_epoch3(node0)']
507     : ------00-1--1-------------
507     : ['held(node1)', 'locked_epoch1(node0)', '~ep_epoch2(node1)', '~ep_epoch3(node1)']
num_forall :   2
num_exists :   0
num_literals : 5
quantified form : forall NODE1,NODE0. ~held(NODE0) | ~locked_epoch1(NODE1) | ep_epoch2(NODE0) | ep_epoch3(NODE0) | NODE0 = NODE1
qcost : 7




=== Prime Orbit 149 =====================
size : 2
num_suborbits: 1
510 (*) : --0-----1----1--0---------
510     : ['held(node0)', 'locked_epoch1(node1)', '~ep_epoch2(node0)', '~locked_epoch3(node0)']
509     : ------0--1--1----0--------
509     : ['held(node1)', 'locked_epoch1(node0)', '~ep_epoch2(node1)', '~locked_epoch3(node1)']
num_forall :   2
num_exists :   0
num_literals : 5
quantified form : forall NODE1,NODE0. ~held(NODE0) | ~locked_epoch1(NODE1) | ep_epoch2(NODE0) | locked_epoch3(NODE0) | NODE0 = NODE1
qcost : 7




=== Prime Orbit 150 =====================
size : 2
num_suborbits: 1
466 (*) : ------0-1----10-----------
466     : ['held(node0)', 'locked_epoch1(node1)', '~ep_epoch2(node1)', '~locked_epoch2(node0)']
465     : --0------1--1--0----------
465     : ['held(node1)', 'locked_epoch1(node0)', '~ep_epoch2(node0)', '~locked_epoch2(node1)']
num_forall :   2
num_exists :   0
num_literals : 5
quantified form : forall NODE1,NODE0. ~held(NODE0) | ~locked_epoch1(NODE1) | ep_epoch2(NODE1) | locked_epoch2(NODE0) | NODE0 = NODE1
qcost : 7




=== Prime Orbit 151 =====================
size : 2
num_suborbits: 1
518 (*) : ---0----1----10-----------
518     : ['held(node0)', 'locked_epoch1(node1)', '~ep_epoch3(node0)', '~locked_epoch2(node0)']
517     : -------0-1--1--0----------
517     : ['held(node1)', 'locked_epoch1(node0)', '~ep_epoch3(node1)', '~locked_epoch2(node1)']
num_forall :   2
num_exists :   0
num_literals : 5
quantified form : forall NODE1,NODE0. ~held(NODE0) | ~locked_epoch1(NODE1) | ep_epoch3(NODE0) | locked_epoch2(NODE0) | NODE0 = NODE1
qcost : 7




=== Prime Orbit 152 =====================
size : 2
num_suborbits: 1
514 (*) : --------1----100----------
514     : ['held(node0)', 'locked_epoch1(node1)', '~locked_epoch2(node0)', '~locked_epoch2(node1)']
513     : ---------1--1-00----------
513     : ['held(node1)', 'locked_epoch1(node0)', '~locked_epoch2(node0)', '~locked_epoch2(node1)']
num_forall :   2
num_exists :   0
num_literals : 5
quantified form : forall NODE1,NODE0. ~held(NODE0) | ~locked_epoch1(NODE1) | locked_epoch2(NODE0) | locked_epoch2(NODE1) | NODE0 = NODE1
qcost : 7




=== Prime Orbit 153 =====================
size : 2
num_suborbits: 1
522 (*) : --------1----10-0---------
522     : ['held(node0)', 'locked_epoch1(node1)', '~locked_epoch2(node0)', '~locked_epoch3(node0)']
521     : ---------1--1--0-0--------
521     : ['held(node1)', 'locked_epoch1(node0)', '~locked_epoch2(node1)', '~locked_epoch3(node1)']
num_forall :   2
num_exists :   0
num_literals : 5
quantified form : forall NODE1,NODE0. ~held(NODE0) | ~locked_epoch1(NODE1) | locked_epoch2(NODE0) | locked_epoch3(NODE0) | NODE0 = NODE1
qcost : 7




=== Prime Orbit 154 =====================
size : 2
num_suborbits: 1
450 (*) : ----00--1-----1-----------
450     : ['held(node0)', 'locked_epoch2(node0)', '~ep_epoch0(node1)', '~ep_epoch1(node1)']
449     : 00-------1-----1----------
449     : ['held(node1)', 'locked_epoch2(node1)', '~ep_epoch0(node0)', '~ep_epoch1(node0)']
num_forall :   2
num_exists :   0
num_literals : 5
quantified form : forall NODE1,NODE0. ~held(NODE0) | ~locked_epoch2(NODE0) | ep_epoch0(NODE1) | ep_epoch1(NODE1) | NODE0 = NODE1
qcost : 7




=== Prime Orbit 155 =====================
size : 2
num_suborbits: 1
452 (*) : ----0---1----01-----------
452     : ['held(node0)', 'locked_epoch2(node0)', '~ep_epoch0(node1)', '~locked_epoch1(node1)']
451     : 0--------1--0--1----------
451     : ['held(node1)', 'locked_epoch2(node1)', '~ep_epoch0(node0)', '~locked_epoch1(node0)']
num_forall :   2
num_exists :   0
num_literals : 5
quantified form : forall NODE1,NODE0. ~held(NODE0) | ~locked_epoch2(NODE0) | ep_epoch0(NODE1) | locked_epoch1(NODE1) | NODE0 = NODE1
qcost : 7




=== Prime Orbit 156 =====================
size : 2
num_suborbits: 1
446 (*) : -----0--1---0-1-----------
446     : ['held(node0)', 'locked_epoch2(node0)', '~ep_epoch1(node1)', '~locked_epoch1(node0)']
445     : -0-------1---0-1----------
445     : ['held(node1)', 'locked_epoch2(node1)', '~ep_epoch1(node0)', '~locked_epoch1(node1)']
num_forall :   2
num_exists :   0
num_literals : 5
quantified form : forall NODE1,NODE0. ~held(NODE0) | ~locked_epoch2(NODE0) | ep_epoch1(NODE1) | locked_epoch1(NODE0) | NODE0 = NODE1
qcost : 7




=== Prime Orbit 157 =====================
size : 2
num_suborbits: 1
462 (*) : ----000-1-----------------
462     : ['held(node0)', '~ep_epoch0(node1)', '~ep_epoch1(node1)', '~ep_epoch2(node1)']
461     : 000------1----------------
461     : ['held(node1)', '~ep_epoch0(node0)', '~ep_epoch1(node0)', '~ep_epoch2(node0)']
num_forall :   2
num_exists :   0
num_literals : 5
quantified form : forall NODE1,NODE0. ~held(NODE0) | ep_epoch0(NODE1) | ep_epoch1(NODE1) | ep_epoch2(NODE1) | NODE0 = NODE1
qcost : 7




=== Prime Orbit 158 =====================
size : 2
num_suborbits: 1
500 (*) : ---000--1-----------------
500     : ['held(node0)', '~ep_epoch0(node1)', '~ep_epoch1(node1)', '~ep_epoch3(node0)']
499     : 00-----0-1----------------
499     : ['held(node1)', '~ep_epoch0(node0)', '~ep_epoch1(node0)', '~ep_epoch3(node1)']
num_forall :   2
num_exists :   0
num_literals : 5
quantified form : forall NODE1,NODE0. ~held(NODE0) | ep_epoch0(NODE1) | ep_epoch1(NODE1) | ep_epoch3(NODE0) | NODE0 = NODE1
qcost : 7




=== Prime Orbit 159 =====================
size : 2
num_suborbits: 1
478 (*) : ----00--1------0----------
478     : ['held(node0)', '~ep_epoch0(node1)', '~ep_epoch1(node1)', '~locked_epoch2(node1)']
477     : 00-------1----0-----------
477     : ['held(node1)', '~ep_epoch0(node0)', '~ep_epoch1(node0)', '~locked_epoch2(node0)']
num_forall :   2
num_exists :   0
num_literals : 5
quantified form : forall NODE1,NODE0. ~held(NODE0) | ep_epoch0(NODE1) | ep_epoch1(NODE1) | locked_epoch2(NODE1) | NODE0 = NODE1
qcost : 7




=== Prime Orbit 160 =====================
size : 2
num_suborbits: 1
488 (*) : ----00--1-------0---------
488     : ['held(node0)', '~ep_epoch0(node1)', '~ep_epoch1(node1)', '~locked_epoch3(node0)']
487     : 00-------1-------0--------
487     : ['held(node1)', '~ep_epoch0(node0)', '~ep_epoch1(node0)', '~locked_epoch3(node1)']
num_forall :   2
num_exists :   0
num_literals : 5
quantified form : forall NODE1,NODE0. ~held(NODE0) | ep_epoch0(NODE1) | ep_epoch1(NODE1) | locked_epoch3(NODE0) | NODE0 = NODE1
qcost : 7




=== Prime Orbit 161 =====================
size : 2
num_suborbits: 1
504 (*) : --000---1-----------------
504     : ['held(node0)', '~ep_epoch0(node1)', '~ep_epoch2(node0)', '~ep_epoch3(node0)']
503     : 0-----00-1----------------
503     : ['held(node1)', '~ep_epoch0(node0)', '~ep_epoch2(node1)', '~ep_epoch3(node1)']
num_forall :   2
num_exists :   0
num_literals : 5
quantified form : forall NODE1,NODE0. ~held(NODE0) | ep_epoch0(NODE1) | ep_epoch2(NODE0) | ep_epoch3(NODE0) | NODE0 = NODE1
qcost : 7




=== Prime Orbit 162 =====================
size : 2
num_suborbits: 1
484 (*) : --0-0---1-------0---------
484     : ['held(node0)', '~ep_epoch0(node1)', '~ep_epoch2(node0)', '~locked_epoch3(node0)']
483     : 0-----0--1-------0--------
483     : ['held(node1)', '~ep_epoch0(node0)', '~ep_epoch2(node1)', '~locked_epoch3(node1)']
num_forall :   2
num_exists :   0
num_literals : 5
quantified form : forall NODE1,NODE0. ~held(NODE0) | ep_epoch0(NODE1) | ep_epoch2(NODE0) | locked_epoch3(NODE0) | NODE0 = NODE1
qcost : 7




=== Prime Orbit 163 =====================
size : 2
num_suborbits: 1
458 (*) : ----0-0-1----0------------
458     : ['held(node0)', '~ep_epoch0(node1)', '~ep_epoch2(node1)', '~locked_epoch1(node1)']
457     : 0-0------1--0-------------
457     : ['held(node1)', '~ep_epoch0(node0)', '~ep_epoch2(node0)', '~locked_epoch1(node0)']
num_forall :   2
num_exists :   0
num_literals : 5
quantified form : forall NODE1,NODE0. ~held(NODE0) | ep_epoch0(NODE1) | ep_epoch2(NODE1) | locked_epoch1(NODE1) | NODE0 = NODE1
qcost : 7




=== Prime Orbit 164 =====================
size : 2
num_suborbits: 1
460 (*) : ----0-0-1-----0-----------
460     : ['held(node0)', '~ep_epoch0(node1)', '~ep_epoch2(node1)', '~locked_epoch2(node0)']
459     : 0-0------1-----0----------
459     : ['held(node1)', '~ep_epoch0(node0)', '~ep_epoch2(node0)', '~locked_epoch2(node1)']
num_forall :   2
num_exists :   0
num_literals : 5
quantified form : forall NODE1,NODE0. ~held(NODE0) | ep_epoch0(NODE1) | ep_epoch2(NODE1) | locked_epoch2(NODE0) | NODE0 = NODE1
qcost : 7




=== Prime Orbit 165 =====================
size : 2
num_suborbits: 1
502 (*) : ---00---1----0------------
502     : ['held(node0)', '~ep_epoch0(node1)', '~ep_epoch3(node0)', '~locked_epoch1(node1)']
501     : 0------0-1--0-------------
501     : ['held(node1)', '~ep_epoch0(node0)', '~ep_epoch3(node1)', '~locked_epoch1(node0)']
num_forall :   2
num_exists :   0
num_literals : 5
quantified form : forall NODE1,NODE0. ~held(NODE0) | ep_epoch0(NODE1) | ep_epoch3(NODE0) | locked_epoch1(NODE1) | NODE0 = NODE1
qcost : 7




=== Prime Orbit 166 =====================
size : 2
num_suborbits: 1
506 (*) : ---00---1-----0-----------
506     : ['held(node0)', '~ep_epoch0(node1)', '~ep_epoch3(node0)', '~locked_epoch2(node0)']
505     : 0------0-1-----0----------
505     : ['held(node1)', '~ep_epoch0(node0)', '~ep_epoch3(node1)', '~locked_epoch2(node1)']
num_forall :   2
num_exists :   0
num_literals : 5
quantified form : forall NODE1,NODE0. ~held(NODE0) | ep_epoch0(NODE1) | ep_epoch3(NODE0) | locked_epoch2(NODE0) | NODE0 = NODE1
qcost : 7




=== Prime Orbit 167 =====================
size : 2
num_suborbits: 1
476 (*) : ----0---1----0-0----------
476     : ['held(node0)', '~ep_epoch0(node1)', '~locked_epoch1(node1)', '~locked_epoch2(node1)']
475     : 0--------1--0-0-----------
475     : ['held(node1)', '~ep_epoch0(node0)', '~locked_epoch1(node0)', '~locked_epoch2(node0)']
num_forall :   2
num_exists :   0
num_literals : 5
quantified form : forall NODE1,NODE0. ~held(NODE0) | ep_epoch0(NODE1) | locked_epoch1(NODE1) | locked_epoch2(NODE1) | NODE0 = NODE1
qcost : 7




=== Prime Orbit 168 =====================
size : 2
num_suborbits: 1
486 (*) : ----0---1----0--0---------
486     : ['held(node0)', '~ep_epoch0(node1)', '~locked_epoch1(node1)', '~locked_epoch3(node0)']
485     : 0--------1--0----0--------
485     : ['held(node1)', '~ep_epoch0(node0)', '~locked_epoch1(node0)', '~locked_epoch3(node1)']
num_forall :   2
num_exists :   0
num_literals : 5
quantified form : forall NODE1,NODE0. ~held(NODE0) | ep_epoch0(NODE1) | locked_epoch1(NODE1) | locked_epoch3(NODE0) | NODE0 = NODE1
qcost : 7




=== Prime Orbit 169 =====================
size : 2
num_suborbits: 1
480 (*) : ----0---1-----00----------
480     : ['held(node0)', '~ep_epoch0(node1)', '~locked_epoch2(node0)', '~locked_epoch2(node1)']
479     : 0--------1----00----------
479     : ['held(node1)', '~ep_epoch0(node0)', '~locked_epoch2(node0)', '~locked_epoch2(node1)']
num_forall :   2
num_exists :   0
num_literals : 5
quantified form : forall NODE1,NODE0. ~held(NODE0) | ep_epoch0(NODE1) | locked_epoch2(NODE0) | locked_epoch2(NODE1) | NODE0 = NODE1
qcost : 7




=== Prime Orbit 170 =====================
size : 2
num_suborbits: 1
490 (*) : ----0---1-----0-0---------
490     : ['held(node0)', '~ep_epoch0(node1)', '~locked_epoch2(node0)', '~locked_epoch3(node0)']
489     : 0--------1-----0-0--------
489     : ['held(node1)', '~ep_epoch0(node0)', '~locked_epoch2(node1)', '~locked_epoch3(node1)']
num_forall :   2
num_exists :   0
num_literals : 5
quantified form : forall NODE1,NODE0. ~held(NODE0) | ep_epoch0(NODE1) | locked_epoch2(NODE0) | locked_epoch3(NODE0) | NODE0 = NODE1
qcost : 7




=== Prime Orbit 171 =====================
size : 2
num_suborbits: 1
496 (*) : -000----1-----------------
496     : ['held(node0)', '~ep_epoch1(node0)', '~ep_epoch2(node0)', '~ep_epoch3(node0)']
495     : -----000-1----------------
495     : ['held(node1)', '~ep_epoch1(node1)', '~ep_epoch2(node1)', '~ep_epoch3(node1)']
num_forall :   1
num_exists :   0
num_literals : 4
quantified form : forall NODE0. ~held(NODE0) | ep_epoch1(NODE0) | ep_epoch2(NODE0) | ep_epoch3(NODE0)
qcost : 5




=== Prime Orbit 172 =====================
size : 2
num_suborbits: 1
492 (*) : -00-----1-------0---------
492     : ['held(node0)', '~ep_epoch1(node0)', '~ep_epoch2(node0)', '~locked_epoch3(node0)']
491     : -----00--1-------0--------
491     : ['held(node1)', '~ep_epoch1(node1)', '~ep_epoch2(node1)', '~locked_epoch3(node1)']
num_forall :   1
num_exists :   0
num_literals : 4
quantified form : forall NODE0. ~held(NODE0) | ep_epoch1(NODE0) | ep_epoch2(NODE0) | locked_epoch3(NODE0)
qcost : 5




=== Prime Orbit 173 =====================
size : 2
num_suborbits: 1
468 (*) : -0----0-1-----0-----------
468     : ['held(node0)', '~ep_epoch1(node0)', '~ep_epoch2(node1)', '~locked_epoch2(node0)']
467     : --0--0---1-----0----------
467     : ['held(node1)', '~ep_epoch1(node1)', '~ep_epoch2(node0)', '~locked_epoch2(node1)']
num_forall :   2
num_exists :   0
num_literals : 5
quantified form : forall NODE1,NODE0. ~held(NODE0) | ep_epoch1(NODE0) | ep_epoch2(NODE1) | locked_epoch2(NODE0) | NODE0 = NODE1
qcost : 7




=== Prime Orbit 174 =====================
size : 2
num_suborbits: 1
498 (*) : -0-0----1-----0-----------
498     : ['held(node0)', '~ep_epoch1(node0)', '~ep_epoch3(node0)', '~locked_epoch2(node0)']
497     : -----0-0-1-----0----------
497     : ['held(node1)', '~ep_epoch1(node1)', '~ep_epoch3(node1)', '~locked_epoch2(node1)']
num_forall :   1
num_exists :   0
num_literals : 4
quantified form : forall NODE0. ~held(NODE0) | ep_epoch1(NODE0) | ep_epoch3(NODE0) | locked_epoch2(NODE0)
qcost : 5




=== Prime Orbit 175 =====================
size : 2
num_suborbits: 1
482 (*) : -0------1-----00----------
482     : ['held(node0)', '~ep_epoch1(node0)', '~locked_epoch2(node0)', '~locked_epoch2(node1)']
481     : -----0---1----00----------
481     : ['held(node1)', '~ep_epoch1(node1)', '~locked_epoch2(node0)', '~locked_epoch2(node1)']
num_forall :   2
num_exists :   0
num_literals : 5
quantified form : forall NODE1,NODE0. ~held(NODE0) | ep_epoch1(NODE0) | locked_epoch2(NODE0) | locked_epoch2(NODE1) | NODE0 = NODE1
qcost : 7




=== Prime Orbit 176 =====================
size : 2
num_suborbits: 1
494 (*) : -0------1-----0-0---------
494     : ['held(node0)', '~ep_epoch1(node0)', '~locked_epoch2(node0)', '~locked_epoch3(node0)']
493     : -----0---1-----0-0--------
493     : ['held(node1)', '~ep_epoch1(node1)', '~locked_epoch2(node1)', '~locked_epoch3(node1)']
num_forall :   1
num_exists :   0
num_literals : 4
quantified form : forall NODE0. ~held(NODE0) | ep_epoch1(NODE0) | locked_epoch2(NODE0) | locked_epoch3(NODE0)
qcost : 5




=== Prime Orbit 177 =====================
size : 2
num_suborbits: 1
430 (*) : -----00-1---0-------------
430     : ['held(node0)', '~ep_epoch1(node1)', '~ep_epoch2(node1)', '~locked_epoch1(node0)']
429     : -00------1---0------------
429     : ['held(node1)', '~ep_epoch1(node0)', '~ep_epoch2(node0)', '~locked_epoch1(node1)']
num_forall :   2
num_exists :   0
num_literals : 5
quantified form : forall NODE1,NODE0. ~held(NODE0) | ep_epoch1(NODE1) | ep_epoch2(NODE1) | locked_epoch1(NODE0) | NODE0 = NODE1
qcost : 7




=== Prime Orbit 178 =====================
size : 2
num_suborbits: 1
440 (*) : ---0-0--1---0-------------
440     : ['held(node0)', '~ep_epoch1(node1)', '~ep_epoch3(node0)', '~locked_epoch1(node0)']
439     : -0-----0-1---0------------
439     : ['held(node1)', '~ep_epoch1(node0)', '~ep_epoch3(node1)', '~locked_epoch1(node1)']
num_forall :   2
num_exists :   0
num_literals : 5
quantified form : forall NODE1,NODE0. ~held(NODE0) | ep_epoch1(NODE1) | ep_epoch3(NODE0) | locked_epoch1(NODE0) | NODE0 = NODE1
qcost : 7




=== Prime Orbit 179 =====================
size : 2
num_suborbits: 1
426 (*) : -----0--1---0--0----------
426     : ['held(node0)', '~ep_epoch1(node1)', '~locked_epoch1(node0)', '~locked_epoch2(node1)']
425     : -0-------1---00-----------
425     : ['held(node1)', '~ep_epoch1(node0)', '~locked_epoch1(node1)', '~locked_epoch2(node0)']
num_forall :   2
num_exists :   0
num_literals : 5
quantified form : forall NODE1,NODE0. ~held(NODE0) | ep_epoch1(NODE1) | locked_epoch1(NODE0) | locked_epoch2(NODE1) | NODE0 = NODE1
qcost : 7




=== Prime Orbit 180 =====================
size : 2
num_suborbits: 1
438 (*) : -----0--1---0---0---------
438     : ['held(node0)', '~ep_epoch1(node1)', '~locked_epoch1(node0)', '~locked_epoch3(node0)']
437     : -0-------1---0---0--------
437     : ['held(node1)', '~ep_epoch1(node0)', '~locked_epoch1(node1)', '~locked_epoch3(node1)']
num_forall :   2
num_exists :   0
num_literals : 5
quantified form : forall NODE1,NODE0. ~held(NODE0) | ep_epoch1(NODE1) | locked_epoch1(NODE0) | locked_epoch3(NODE0) | NODE0 = NODE1
qcost : 7




=== Prime Orbit 181 =====================
size : 2
num_suborbits: 1
436 (*) : --00----1---0-------------
436     : ['held(node0)', '~ep_epoch2(node0)', '~ep_epoch3(node0)', '~locked_epoch1(node0)']
435     : ------00-1---0------------
435     : ['held(node1)', '~ep_epoch2(node1)', '~ep_epoch3(node1)', '~locked_epoch1(node1)']
num_forall :   1
num_exists :   0
num_literals : 4
quantified form : forall NODE0. ~held(NODE0) | ep_epoch2(NODE0) | ep_epoch3(NODE0) | locked_epoch1(NODE0)
qcost : 5




=== Prime Orbit 182 =====================
size : 2
num_suborbits: 1
434 (*) : --0-----1---0---0---------
434     : ['held(node0)', '~ep_epoch2(node0)', '~locked_epoch1(node0)', '~locked_epoch3(node0)']
433     : ------0--1---0---0--------
433     : ['held(node1)', '~ep_epoch2(node1)', '~locked_epoch1(node1)', '~locked_epoch3(node1)']
num_forall :   1
num_exists :   0
num_literals : 4
quantified form : forall NODE0. ~held(NODE0) | ep_epoch2(NODE0) | locked_epoch1(NODE0) | locked_epoch3(NODE0)
qcost : 5




=== Prime Orbit 183 =====================
size : 2
num_suborbits: 1
432 (*) : ------0-1---0-0-----------
432     : ['held(node0)', '~ep_epoch2(node1)', '~locked_epoch1(node0)', '~locked_epoch2(node0)']
431     : --0------1---0-0----------
431     : ['held(node1)', '~ep_epoch2(node0)', '~locked_epoch1(node1)', '~locked_epoch2(node1)']
num_forall :   2
num_exists :   0
num_literals : 5
quantified form : forall NODE1,NODE0. ~held(NODE0) | ep_epoch2(NODE1) | locked_epoch1(NODE0) | locked_epoch2(NODE0) | NODE0 = NODE1
qcost : 7




=== Prime Orbit 184 =====================
size : 2
num_suborbits: 1
444 (*) : ---0----1---0-0-----------
444     : ['held(node0)', '~ep_epoch3(node0)', '~locked_epoch1(node0)', '~locked_epoch2(node0)']
443     : -------0-1---0-0----------
443     : ['held(node1)', '~ep_epoch3(node1)', '~locked_epoch1(node1)', '~locked_epoch2(node1)']
num_forall :   1
num_exists :   0
num_literals : 4
quantified form : forall NODE0. ~held(NODE0) | ep_epoch3(NODE0) | locked_epoch1(NODE0) | locked_epoch2(NODE0)
qcost : 5




=== Prime Orbit 185 =====================
size : 2
num_suborbits: 1
428 (*) : --------1---0-00----------
428     : ['held(node0)', '~locked_epoch1(node0)', '~locked_epoch2(node0)', '~locked_epoch2(node1)']
427     : ---------1---000----------
427     : ['held(node1)', '~locked_epoch1(node1)', '~locked_epoch2(node0)', '~locked_epoch2(node1)']
num_forall :   2
num_exists :   0
num_literals : 5
quantified form : forall NODE1,NODE0. ~held(NODE0) | locked_epoch1(NODE0) | locked_epoch2(NODE0) | locked_epoch2(NODE1) | NODE0 = NODE1
qcost : 7




=== Prime Orbit 186 =====================
size : 2
num_suborbits: 1
442 (*) : --------1---0-0-0---------
442     : ['held(node0)', '~locked_epoch1(node0)', '~locked_epoch2(node0)', '~locked_epoch3(node0)']
441     : ---------1---0-0-0--------
441     : ['held(node1)', '~locked_epoch1(node1)', '~locked_epoch2(node1)', '~locked_epoch3(node1)']
num_forall :   1
num_exists :   0
num_literals : 4
quantified form : forall NODE0. ~held(NODE0) | locked_epoch1(NODE0) | locked_epoch2(NODE0) | locked_epoch3(NODE0)
qcost : 5




=== Prime Orbit 187 =====================
size : 2
num_suborbits: 1
557 (*) : ----0-------1-1-1---------
557     : ['locked_epoch1(node0)', 'locked_epoch2(node0)', 'locked_epoch3(node0)', '~ep_epoch0(node1)']
558     : 0------------1-1-1--------
558     : ['locked_epoch1(node1)', 'locked_epoch2(node1)', 'locked_epoch3(node1)', '~ep_epoch0(node0)']
num_forall :   2
num_exists :   0
num_literals : 5
quantified form : forall NODE1,NODE0. ~locked_epoch1(NODE0) | ~locked_epoch2(NODE0) | ~locked_epoch3(NODE0) | ep_epoch0(NODE1) | NODE0 = NODE1
qcost : 7




=== Prime Orbit 188 =====================
size : 4
num_suborbits: 2
255 (*) : ----0-------1-1---------1-
255     : ['locked_epoch1(node0)', 'locked_epoch2(node0)', 'transfer_epoch3(node0)', '~ep_epoch0(node1)']
240     : ----0-------1-1----------1
240     : ['locked_epoch1(node0)', 'locked_epoch2(node0)', 'transfer_epoch3(node1)', '~ep_epoch0(node1)']
239     : 0------------1-1--------1-
239     : ['locked_epoch1(node1)', 'locked_epoch2(node1)', 'transfer_epoch3(node0)', '~ep_epoch0(node0)']
256     : 0------------1-1---------1
256     : ['locked_epoch1(node1)', 'locked_epoch2(node1)', 'transfer_epoch3(node1)', '~ep_epoch0(node0)']
num_forall :   3
num_exists :   0
num_literals : 8
quantified form : forall NODE1,NODE0,NODE2. ~locked_epoch1(NODE0) | ~locked_epoch2(NODE0) | ~transfer_epoch3(NODE1) | ep_epoch0(NODE2) | ((NODE1 ~= NODE2 | NODE0 = NODE1) & (NODE0 ~= NODE1 | NODE0 = NODE2))
qcost : 11




=== Prime Orbit 189 =====================
size : 2
num_suborbits: 1
629 (*) : --0-0-------1-1-----------
629     : ['locked_epoch1(node0)', 'locked_epoch2(node0)', '~ep_epoch0(node1)', '~ep_epoch2(node0)']
630     : 0-----0------1-1----------
630     : ['locked_epoch1(node1)', 'locked_epoch2(node1)', '~ep_epoch0(node0)', '~ep_epoch2(node1)']
num_forall :   2
num_exists :   0
num_literals : 5
quantified form : forall NODE1,NODE0. ~locked_epoch1(NODE0) | ~locked_epoch2(NODE0) | ep_epoch0(NODE1) | ep_epoch2(NODE0) | NODE0 = NODE1
qcost : 7




=== Prime Orbit 190 =====================
size : 2
num_suborbits: 1
623 (*) : ----0--0----1-1-----------
623     : ['locked_epoch1(node0)', 'locked_epoch2(node0)', '~ep_epoch0(node1)', '~ep_epoch3(node1)']
624     : 0--0---------1-1----------
624     : ['locked_epoch1(node1)', 'locked_epoch2(node1)', '~ep_epoch0(node0)', '~ep_epoch3(node0)']
num_forall :   2
num_exists :   0
num_literals : 5
quantified form : forall NODE1,NODE0. ~locked_epoch1(NODE0) | ~locked_epoch2(NODE0) | ep_epoch0(NODE1) | ep_epoch3(NODE1) | NODE0 = NODE1
qcost : 7




=== Prime Orbit 191 =====================
size : 2
num_suborbits: 1
627 (*) : ----0----0--1-1-----------
627     : ['locked_epoch1(node0)', 'locked_epoch2(node0)', '~ep_epoch0(node1)', '~held(node1)']
628     : 0-------0----1-1----------
628     : ['locked_epoch1(node1)', 'locked_epoch2(node1)', '~ep_epoch0(node0)', '~held(node0)']
num_forall :   2
num_exists :   0
num_literals : 5
quantified form : forall NODE1,NODE0. ~locked_epoch1(NODE0) | ~locked_epoch2(NODE0) | ep_epoch0(NODE1) | held(NODE1) | NODE0 = NODE1
qcost : 7




=== Prime Orbit 192 =====================
size : 2
num_suborbits: 1
625 (*) : ----0-------1-1--0--------
625     : ['locked_epoch1(node0)', 'locked_epoch2(node0)', '~ep_epoch0(node1)', '~locked_epoch3(node1)']
626     : 0------------1-10---------
626     : ['locked_epoch1(node1)', 'locked_epoch2(node1)', '~ep_epoch0(node0)', '~locked_epoch3(node0)']
num_forall :   2
num_exists :   0
num_literals : 5
quantified form : forall NODE1,NODE0. ~locked_epoch1(NODE0) | ~locked_epoch2(NODE0) | ep_epoch0(NODE1) | locked_epoch3(NODE1) | NODE0 = NODE1
qcost : 7




=== Prime Orbit 193 =====================
size : 2
num_suborbits: 1
544 (*) : -0----------1--1-1--------
544     : ['locked_epoch1(node0)', 'locked_epoch2(node1)', 'locked_epoch3(node1)', '~ep_epoch1(node0)']
543     : -----0-------11-1---------
543     : ['locked_epoch1(node1)', 'locked_epoch2(node0)', 'locked_epoch3(node0)', '~ep_epoch1(node1)']
num_forall :   2
num_exists :   0
num_literals : 5
quantified form : forall NODE1,NODE0. ~locked_epoch1(NODE0) | ~locked_epoch2(NODE1) | ~locked_epoch3(NODE1) | ep_epoch1(NODE0) | NODE0 = NODE1
qcost : 7




=== Prime Orbit 194 =====================
size : 4
num_suborbits: 2
301 (*) : -0----------1--1--------1-
301     : ['locked_epoch1(node0)', 'locked_epoch2(node1)', 'transfer_epoch3(node0)', '~ep_epoch1(node0)']
236     : -0----------1--1---------1
236     : ['locked_epoch1(node0)', 'locked_epoch2(node1)', 'transfer_epoch3(node1)', '~ep_epoch1(node0)']
235     : -----0-------11---------1-
235     : ['locked_epoch1(node1)', 'locked_epoch2(node0)', 'transfer_epoch3(node0)', '~ep_epoch1(node1)']
302     : -----0-------11----------1
302     : ['locked_epoch1(node1)', 'locked_epoch2(node0)', 'transfer_epoch3(node1)', '~ep_epoch1(node1)']
num_forall :   3
num_exists :   0
num_literals : 8
quantified form : forall NODE1,NODE0,NODE2. ~locked_epoch1(NODE0) | ~locked_epoch2(NODE1) | ~transfer_epoch3(NODE2) | ep_epoch1(NODE0) | ((NODE1 ~= NODE2 | NODE0 = NODE1) & (NODE0 ~= NODE2 | NODE0 = NODE1))
qcost : 11




=== Prime Orbit 195 =====================
size : 2
num_suborbits: 1
610 (*) : -0----0-----1--1----------
610     : ['locked_epoch1(node0)', 'locked_epoch2(node1)', '~ep_epoch1(node0)', '~ep_epoch2(node1)']
609     : --0--0-------11-----------
609     : ['locked_epoch1(node1)', 'locked_epoch2(node0)', '~ep_epoch1(node1)', '~ep_epoch2(node0)']
num_forall :   2
num_exists :   0
num_literals : 5
quantified form : forall NODE1,NODE0. ~locked_epoch1(NODE0) | ~locked_epoch2(NODE1) | ep_epoch1(NODE0) | ep_epoch2(NODE1) | NODE0 = NODE1
qcost : 7




=== Prime Orbit 196 =====================
size : 2
num_suborbits: 1
616 (*) : -0-0--------1--1----------
616     : ['locked_epoch1(node0)', 'locked_epoch2(node1)', '~ep_epoch1(node0)', '~ep_epoch3(node0)']
615     : -----0-0-----11-----------
615     : ['locked_epoch1(node1)', 'locked_epoch2(node0)', '~ep_epoch1(node1)', '~ep_epoch3(node1)']
num_forall :   2
num_exists :   0
num_literals : 5
quantified form : forall NODE1,NODE0. ~locked_epoch1(NODE0) | ~locked_epoch2(NODE1) | ep_epoch1(NODE0) | ep_epoch3(NODE0) | NODE0 = NODE1
qcost : 7




=== Prime Orbit 197 =====================
size : 2
num_suborbits: 1
614 (*) : -0------0---1--1----------
614     : ['locked_epoch1(node0)', 'locked_epoch2(node1)', '~ep_epoch1(node0)', '~held(node0)']
613     : -----0---0---11-----------
613     : ['locked_epoch1(node1)', 'locked_epoch2(node0)', '~ep_epoch1(node1)', '~held(node1)']
num_forall :   2
num_exists :   0
num_literals : 5
quantified form : forall NODE1,NODE0. ~locked_epoch1(NODE0) | ~locked_epoch2(NODE1) | ep_epoch1(NODE0) | held(NODE0) | NODE0 = NODE1
qcost : 7




=== Prime Orbit 198 =====================
size : 2
num_suborbits: 1
612 (*) : -0----------1--10---------
612     : ['locked_epoch1(node0)', 'locked_epoch2(node1)', '~ep_epoch1(node0)', '~locked_epoch3(node0)']
611     : -----0-------11--0--------
611     : ['locked_epoch1(node1)', 'locked_epoch2(node0)', '~ep_epoch1(node1)', '~locked_epoch3(node1)']
num_forall :   2
num_exists :   0
num_literals : 5
quantified form : forall NODE1,NODE0. ~locked_epoch1(NODE0) | ~locked_epoch2(NODE1) | ep_epoch1(NODE0) | locked_epoch3(NODE0) | NODE0 = NODE1
qcost : 7




=== Prime Orbit 199 =====================
size : 2
num_suborbits: 1
553 (*) : ----0-0-----1---1---------
553     : ['locked_epoch1(node0)', 'locked_epoch3(node0)', '~ep_epoch0(node1)', '~ep_epoch2(node1)']
554     : 0-0----------1---1--------
554     : ['locked_epoch1(node1)', 'locked_epoch3(node1)', '~ep_epoch0(node0)', '~ep_epoch2(node0)']
num_forall :   2
num_exists :   0
num_literals : 5
quantified form : forall NODE1,NODE0. ~locked_epoch1(NODE0) | ~locked_epoch3(NODE0) | ep_epoch0(NODE1) | ep_epoch2(NODE1) | NODE0 = NODE1
qcost : 7




=== Prime Orbit 200 =====================
size : 2
num_suborbits: 1
555 (*) : ----0-------1--01---------
555     : ['locked_epoch1(node0)', 'locked_epoch3(node0)', '~ep_epoch0(node1)', '~locked_epoch2(node1)']
556     : 0------------10--1--------
556     : ['locked_epoch1(node1)', 'locked_epoch3(node1)', '~ep_epoch0(node0)', '~locked_epoch2(node0)']
num_forall :   2
num_exists :   0
num_literals : 5
quantified form : forall NODE1,NODE0. ~locked_epoch1(NODE0) | ~locked_epoch3(NODE0) | ep_epoch0(NODE1) | locked_epoch2(NODE1) | NODE0 = NODE1
qcost : 7




=== Prime Orbit 201 =====================
size : 2
num_suborbits: 1
546 (*) : -00---------1----1--------
546     : ['locked_epoch1(node0)', 'locked_epoch3(node1)', '~ep_epoch1(node0)', '~ep_epoch2(node0)']
545     : -----00------1--1---------
545     : ['locked_epoch1(node1)', 'locked_epoch3(node0)', '~ep_epoch1(node1)', '~ep_epoch2(node1)']
num_forall :   2
num_exists :   0
num_literals : 5
quantified form : forall NODE1,NODE0. ~locked_epoch1(NODE0) | ~locked_epoch3(NODE1) | ep_epoch1(NODE0) | ep_epoch2(NODE0) | NODE0 = NODE1
qcost : 7




=== Prime Orbit 202 =====================
size : 2
num_suborbits: 1
542 (*) : -0----------1-0--1--------
542     : ['locked_epoch1(node0)', 'locked_epoch3(node1)', '~ep_epoch1(node0)', '~locked_epoch2(node0)']
541     : -----0-------1-01---------
541     : ['locked_epoch1(node1)', 'locked_epoch3(node0)', '~ep_epoch1(node1)', '~locked_epoch2(node1)']
num_forall :   2
num_exists :   0
num_literals : 5
quantified form : forall NODE1,NODE0. ~locked_epoch1(NODE0) | ~locked_epoch3(NODE1) | ep_epoch1(NODE0) | locked_epoch2(NODE0) | NODE0 = NODE1
qcost : 7




=== Prime Orbit 203 =====================
size : 4
num_suborbits: 2
251 (*) : -0--0-------1-----------1-
251     : ['locked_epoch1(node0)', 'transfer_epoch3(node0)', '~ep_epoch0(node1)', '~ep_epoch1(node0)']
226     : -0--0-------1------------1
226     : ['locked_epoch1(node0)', 'transfer_epoch3(node1)', '~ep_epoch0(node1)', '~ep_epoch1(node0)']
225     : 0----0-------1----------1-
225     : ['locked_epoch1(node1)', 'transfer_epoch3(node0)', '~ep_epoch0(node0)', '~ep_epoch1(node1)']
252     : 0----0-------1-----------1
252     : ['locked_epoch1(node1)', 'transfer_epoch3(node1)', '~ep_epoch0(node0)', '~ep_epoch1(node1)']
num_forall :   3
num_exists :   0
num_literals : 8
quantified form : forall NODE1,NODE0,NODE2. ~locked_epoch1(NODE0) | ~transfer_epoch3(NODE1) | ep_epoch0(NODE2) | ep_epoch1(NODE0) | ((NODE1 ~= NODE2 | NODE0 = NODE1) & (NODE0 ~= NODE1 | NODE0 = NODE2))
qcost : 11




=== Prime Orbit 204 =====================
size : 4
num_suborbits: 2
249 (*) : ----0-0-----1-----------1-
249     : ['locked_epoch1(node0)', 'transfer_epoch3(node0)', '~ep_epoch0(node1)', '~ep_epoch2(node1)']
228     : ----0-0-----1------------1
228     : ['locked_epoch1(node0)', 'transfer_epoch3(node1)', '~ep_epoch0(node1)', '~ep_epoch2(node1)']
227     : 0-0----------1----------1-
227     : ['locked_epoch1(node1)', 'transfer_epoch3(node0)', '~ep_epoch0(node0)', '~ep_epoch2(node0)']
250     : 0-0----------1-----------1
250     : ['locked_epoch1(node1)', 'transfer_epoch3(node1)', '~ep_epoch0(node0)', '~ep_epoch2(node0)']
num_forall :   3
num_exists :   0
num_literals : 8
quantified form : forall NODE1,NODE0,NODE2. ~locked_epoch1(NODE0) | ~transfer_epoch3(NODE1) | ep_epoch0(NODE2) | ep_epoch2(NODE2) | ((NODE1 ~= NODE2 | NODE0 = NODE1) & (NODE0 ~= NODE1 | NODE0 = NODE2))
qcost : 11




=== Prime Orbit 205 =====================
size : 4
num_suborbits: 2
257 (*) : ----0-------1--0--------1-
257     : ['locked_epoch1(node0)', 'transfer_epoch3(node0)', '~ep_epoch0(node1)', '~locked_epoch2(node1)']
230     : ----0-------1--0---------1
230     : ['locked_epoch1(node0)', 'transfer_epoch3(node1)', '~ep_epoch0(node1)', '~locked_epoch2(node1)']
229     : 0------------10---------1-
229     : ['locked_epoch1(node1)', 'transfer_epoch3(node0)', '~ep_epoch0(node0)', '~locked_epoch2(node0)']
258     : 0------------10----------1
258     : ['locked_epoch1(node1)', 'transfer_epoch3(node1)', '~ep_epoch0(node0)', '~locked_epoch2(node0)']
num_forall :   3
num_exists :   0
num_literals : 8
quantified form : forall NODE1,NODE0,NODE2. ~locked_epoch1(NODE0) | ~transfer_epoch3(NODE1) | ep_epoch0(NODE2) | locked_epoch2(NODE2) | ((NODE1 ~= NODE2 | NODE0 = NODE1) & (NODE0 ~= NODE1 | NODE0 = NODE2))
qcost : 11




=== Prime Orbit 206 =====================
size : 4
num_suborbits: 2
259 (*) : -00---------1-----------1-
259     : ['locked_epoch1(node0)', 'transfer_epoch3(node0)', '~ep_epoch1(node0)', '~ep_epoch2(node0)']
238     : -00---------1------------1
238     : ['locked_epoch1(node0)', 'transfer_epoch3(node1)', '~ep_epoch1(node0)', '~ep_epoch2(node0)']
237     : -----00------1----------1-
237     : ['locked_epoch1(node1)', 'transfer_epoch3(node0)', '~ep_epoch1(node1)', '~ep_epoch2(node1)']
260     : -----00------1-----------1
260     : ['locked_epoch1(node1)', 'transfer_epoch3(node1)', '~ep_epoch1(node1)', '~ep_epoch2(node1)']
num_forall :   2
num_exists :   0
num_literals : 4
quantified form : forall NODE1,NODE0. ~locked_epoch1(NODE0) | ~transfer_epoch3(NODE1) | ep_epoch1(NODE0) | ep_epoch2(NODE0)
qcost : 6




=== Prime Orbit 207 =====================
size : 4
num_suborbits: 2
261 (*) : -0----------1-0---------1-
261     : ['locked_epoch1(node0)', 'transfer_epoch3(node0)', '~ep_epoch1(node0)', '~locked_epoch2(node0)']
234     : -0----------1-0----------1
234     : ['locked_epoch1(node0)', 'transfer_epoch3(node1)', '~ep_epoch1(node0)', '~locked_epoch2(node0)']
233     : -----0-------1-0--------1-
233     : ['locked_epoch1(node1)', 'transfer_epoch3(node0)', '~ep_epoch1(node1)', '~locked_epoch2(node1)']
262     : -----0-------1-0---------1
262     : ['locked_epoch1(node1)', 'transfer_epoch3(node1)', '~ep_epoch1(node1)', '~locked_epoch2(node1)']
num_forall :   2
num_exists :   0
num_literals : 4
quantified form : forall NODE1,NODE0. ~locked_epoch1(NODE0) | ~transfer_epoch3(NODE1) | ep_epoch1(NODE0) | locked_epoch2(NODE0)
qcost : 6




=== Prime Orbit 208 =====================
size : 2
num_suborbits: 1
590 (*) : --0-0-------1--0----------
590     : ['locked_epoch1(node0)', '~ep_epoch0(node1)', '~ep_epoch2(node0)', '~locked_epoch2(node1)']
589     : 0-----0------10-----------
589     : ['locked_epoch1(node1)', '~ep_epoch0(node0)', '~ep_epoch2(node1)', '~locked_epoch2(node0)']
num_forall :   2
num_exists :   0
num_literals : 5
quantified form : forall NODE1,NODE0. ~locked_epoch1(NODE0) | ep_epoch0(NODE1) | ep_epoch2(NODE0) | locked_epoch2(NODE1) | NODE0 = NODE1
qcost : 7




=== Prime Orbit 209 =====================
size : 2
num_suborbits: 1
598 (*) : ----0-00----1-------------
598     : ['locked_epoch1(node0)', '~ep_epoch0(node1)', '~ep_epoch2(node1)', '~ep_epoch3(node1)']
597     : 0-00---------1------------
597     : ['locked_epoch1(node1)', '~ep_epoch0(node0)', '~ep_epoch2(node0)', '~ep_epoch3(node0)']
num_forall :   2
num_exists :   0
num_literals : 5
quantified form : forall NODE1,NODE0. ~locked_epoch1(NODE0) | ep_epoch0(NODE1) | ep_epoch2(NODE1) | ep_epoch3(NODE1) | NODE0 = NODE1
qcost : 7




=== Prime Orbit 210 =====================
size : 2
num_suborbits: 1
602 (*) : ----0-0--0--1-------------
602     : ['locked_epoch1(node0)', '~ep_epoch0(node1)', '~ep_epoch2(node1)', '~held(node1)']
601     : 0-0-----0----1------------
601     : ['locked_epoch1(node1)', '~ep_epoch0(node0)', '~ep_epoch2(node0)', '~held(node0)']
num_forall :   2
num_exists :   0
num_literals : 5
quantified form : forall NODE1,NODE0. ~locked_epoch1(NODE0) | ep_epoch0(NODE1) | ep_epoch2(NODE1) | held(NODE1) | NODE0 = NODE1
qcost : 7




=== Prime Orbit 211 =====================
size : 2
num_suborbits: 1
600 (*) : ----0-0-----1----0--------
600     : ['locked_epoch1(node0)', '~ep_epoch0(node1)', '~ep_epoch2(node1)', '~locked_epoch3(node1)']
599     : 0-0----------1--0---------
599     : ['locked_epoch1(node1)', '~ep_epoch0(node0)', '~ep_epoch2(node0)', '~locked_epoch3(node0)']
num_forall :   2
num_exists :   0
num_literals : 5
quantified form : forall NODE1,NODE0. ~locked_epoch1(NODE0) | ep_epoch0(NODE1) | ep_epoch2(NODE1) | locked_epoch3(NODE1) | NODE0 = NODE1
qcost : 7




=== Prime Orbit 212 =====================
size : 2
num_suborbits: 1
596 (*) : ----0--0----1--0----------
596     : ['locked_epoch1(node0)', '~ep_epoch0(node1)', '~ep_epoch3(node1)', '~locked_epoch2(node1)']
595     : 0--0---------10-----------
595     : ['locked_epoch1(node1)', '~ep_epoch0(node0)', '~ep_epoch3(node0)', '~locked_epoch2(node0)']
num_forall :   2
num_exists :   0
num_literals : 5
quantified form : forall NODE1,NODE0. ~locked_epoch1(NODE0) | ep_epoch0(NODE1) | ep_epoch3(NODE1) | locked_epoch2(NODE1) | NODE0 = NODE1
qcost : 7




=== Prime Orbit 213 =====================
size : 2
num_suborbits: 1
592 (*) : ----0----0--1--0----------
592     : ['locked_epoch1(node0)', '~ep_epoch0(node1)', '~held(node1)', '~locked_epoch2(node1)']
591     : 0-------0----10-----------
591     : ['locked_epoch1(node1)', '~ep_epoch0(node0)', '~held(node0)', '~locked_epoch2(node0)']
num_forall :   2
num_exists :   0
num_literals : 5
quantified form : forall NODE1,NODE0. ~locked_epoch1(NODE0) | ep_epoch0(NODE1) | held(NODE1) | locked_epoch2(NODE1) | NODE0 = NODE1
qcost : 7




=== Prime Orbit 214 =====================
size : 2
num_suborbits: 1
569 (*) : ----0-------1-00----------
569     : ['locked_epoch1(node0)', '~ep_epoch0(node1)', '~locked_epoch2(node0)', '~locked_epoch2(node1)']
570     : 0------------100----------
570     : ['locked_epoch1(node1)', '~ep_epoch0(node0)', '~locked_epoch2(node0)', '~locked_epoch2(node1)']
num_forall :   2
num_exists :   0
num_literals : 5
quantified form : forall NODE1,NODE0. ~locked_epoch1(NODE0) | ep_epoch0(NODE1) | locked_epoch2(NODE0) | locked_epoch2(NODE1) | NODE0 = NODE1
qcost : 7




=== Prime Orbit 215 =====================
size : 2
num_suborbits: 1
594 (*) : ----0-------1--0-0--------
594     : ['locked_epoch1(node0)', '~ep_epoch0(node1)', '~locked_epoch2(node1)', '~locked_epoch3(node1)']
593     : 0------------10-0---------
593     : ['locked_epoch1(node1)', '~ep_epoch0(node0)', '~locked_epoch2(node0)', '~locked_epoch3(node0)']
num_forall :   2
num_exists :   0
num_literals : 5
quantified form : forall NODE1,NODE0. ~locked_epoch1(NODE0) | ep_epoch0(NODE1) | locked_epoch2(NODE1) | locked_epoch3(NODE1) | NODE0 = NODE1
qcost : 7




=== Prime Orbit 216 =====================
size : 2
num_suborbits: 1
606 (*) : -000--------1-------------
606     : ['locked_epoch1(node0)', '~ep_epoch1(node0)', '~ep_epoch2(node0)', '~ep_epoch3(node0)']
605     : -----000-----1------------
605     : ['locked_epoch1(node1)', '~ep_epoch1(node1)', '~ep_epoch2(node1)', '~ep_epoch3(node1)']
num_forall :   1
num_exists :   0
num_literals : 4
quantified form : forall NODE0. ~locked_epoch1(NODE0) | ep_epoch1(NODE0) | ep_epoch2(NODE0) | ep_epoch3(NODE0)
qcost : 5




=== Prime Orbit 217 =====================
size : 2
num_suborbits: 1
604 (*) : -00-----0---1-------------
604     : ['locked_epoch1(node0)', '~ep_epoch1(node0)', '~ep_epoch2(node0)', '~held(node0)']
603     : -----00--0---1------------
603     : ['locked_epoch1(node1)', '~ep_epoch1(node1)', '~ep_epoch2(node1)', '~held(node1)']
num_forall :   1
num_exists :   0
num_literals : 4
quantified form : forall NODE0. ~locked_epoch1(NODE0) | ep_epoch1(NODE0) | ep_epoch2(NODE0) | held(NODE0)
qcost : 5




=== Prime Orbit 218 =====================
size : 2
num_suborbits: 1
608 (*) : -00---------1---0---------
608     : ['locked_epoch1(node0)', '~ep_epoch1(node0)', '~ep_epoch2(node0)', '~locked_epoch3(node0)']
607     : -----00------1---0--------
607     : ['locked_epoch1(node1)', '~ep_epoch1(node1)', '~ep_epoch2(node1)', '~locked_epoch3(node1)']
num_forall :   1
num_exists :   0
num_literals : 4
quantified form : forall NODE0. ~locked_epoch1(NODE0) | ep_epoch1(NODE0) | ep_epoch2(NODE0) | locked_epoch3(NODE0)
qcost : 5




=== Prime Orbit 219 =====================
size : 2
num_suborbits: 1
585 (*) : -0----0-----1-0-----------
585     : ['locked_epoch1(node0)', '~ep_epoch1(node0)', '~ep_epoch2(node1)', '~locked_epoch2(node0)']
586     : --0--0-------1-0----------
586     : ['locked_epoch1(node1)', '~ep_epoch1(node1)', '~ep_epoch2(node0)', '~locked_epoch2(node1)']
num_forall :   2
num_exists :   0
num_literals : 5
quantified form : forall NODE1,NODE0. ~locked_epoch1(NODE0) | ep_epoch1(NODE0) | ep_epoch2(NODE1) | locked_epoch2(NODE0) | NODE0 = NODE1
qcost : 7




=== Prime Orbit 220 =====================
size : 2
num_suborbits: 1
576 (*) : -0-0--------1-0-----------
576     : ['locked_epoch1(node0)', '~ep_epoch1(node0)', '~ep_epoch3(node0)', '~locked_epoch2(node0)']
577     : -----0-0-----1-0----------
577     : ['locked_epoch1(node1)', '~ep_epoch1(node1)', '~ep_epoch3(node1)', '~locked_epoch2(node1)']
num_forall :   1
num_exists :   0
num_literals : 4
quantified form : forall NODE0. ~locked_epoch1(NODE0) | ep_epoch1(NODE0) | ep_epoch3(NODE0) | locked_epoch2(NODE0)
qcost : 5




=== Prime Orbit 221 =====================
size : 2
num_suborbits: 1
565 (*) : -0------0---1-0-----------
565     : ['locked_epoch1(node0)', '~ep_epoch1(node0)', '~held(node0)', '~locked_epoch2(node0)']
566     : -----0---0---1-0----------
566     : ['locked_epoch1(node1)', '~ep_epoch1(node1)', '~held(node1)', '~locked_epoch2(node1)']
num_forall :   1
num_exists :   0
num_literals : 4
quantified form : forall NODE0. ~locked_epoch1(NODE0) | ep_epoch1(NODE0) | held(NODE0) | locked_epoch2(NODE0)
qcost : 5




=== Prime Orbit 222 =====================
size : 2
num_suborbits: 1
572 (*) : -0----------1-00----------
572     : ['locked_epoch1(node0)', '~ep_epoch1(node0)', '~locked_epoch2(node0)', '~locked_epoch2(node1)']
573     : -----0-------100----------
573     : ['locked_epoch1(node1)', '~ep_epoch1(node1)', '~locked_epoch2(node0)', '~locked_epoch2(node1)']
num_forall :   2
num_exists :   0
num_literals : 5
quantified form : forall NODE1,NODE0. ~locked_epoch1(NODE0) | ep_epoch1(NODE0) | locked_epoch2(NODE0) | locked_epoch2(NODE1) | NODE0 = NODE1
qcost : 7




=== Prime Orbit 223 =====================
size : 2
num_suborbits: 1
582 (*) : -0----------1-0-0---------
582     : ['locked_epoch1(node0)', '~ep_epoch1(node0)', '~locked_epoch2(node0)', '~locked_epoch3(node0)']
583     : -----0-------1-0-0--------
583     : ['locked_epoch1(node1)', '~ep_epoch1(node1)', '~locked_epoch2(node1)', '~locked_epoch3(node1)']
num_forall :   1
num_exists :   0
num_literals : 4
quantified form : forall NODE0. ~locked_epoch1(NODE0) | ep_epoch1(NODE0) | locked_epoch2(NODE0) | locked_epoch3(NODE0)
qcost : 5




=== Prime Orbit 224 =====================
size : 2
num_suborbits: 1
549 (*) : ----00--------1-1---------
549     : ['locked_epoch2(node0)', 'locked_epoch3(node0)', '~ep_epoch0(node1)', '~ep_epoch1(node1)']
550     : 00-------------1-1--------
550     : ['locked_epoch2(node1)', 'locked_epoch3(node1)', '~ep_epoch0(node0)', '~ep_epoch1(node0)']
num_forall :   2
num_exists :   0
num_literals : 5
quantified form : forall NODE1,NODE0. ~locked_epoch2(NODE0) | ~locked_epoch3(NODE0) | ep_epoch0(NODE1) | ep_epoch1(NODE1) | NODE0 = NODE1
qcost : 7




=== Prime Orbit 225 =====================
size : 2
num_suborbits: 1
411 (*) : ----0--------01-1---------
411     : ['locked_epoch2(node0)', 'locked_epoch3(node0)', '~ep_epoch0(node1)', '~locked_epoch1(node1)']
412     : 0-----------0--1-1--------
412     : ['locked_epoch2(node1)', 'locked_epoch3(node1)', '~ep_epoch0(node0)', '~locked_epoch1(node0)']
num_forall :   2
num_exists :   0
num_literals : 5
quantified form : forall NODE1,NODE0. ~locked_epoch2(NODE0) | ~locked_epoch3(NODE0) | ep_epoch0(NODE1) | locked_epoch1(NODE1) | NODE0 = NODE1
qcost : 7




=== Prime Orbit 226 =====================
size : 2
num_suborbits: 1
418 (*) : -----0------0-1-1---------
418     : ['locked_epoch2(node0)', 'locked_epoch3(node0)', '~ep_epoch1(node1)', '~locked_epoch1(node0)']
417     : -0-----------0-1-1--------
417     : ['locked_epoch2(node1)', 'locked_epoch3(node1)', '~ep_epoch1(node0)', '~locked_epoch1(node1)']
num_forall :   2
num_exists :   0
num_literals : 5
quantified form : forall NODE1,NODE0. ~locked_epoch2(NODE0) | ~locked_epoch3(NODE0) | ep_epoch1(NODE1) | locked_epoch1(NODE0) | NODE0 = NODE1
qcost : 7




=== Prime Orbit 227 =====================
size : 4
num_suborbits: 2
287 (*) : ----00--------1---------1-
287     : ['locked_epoch2(node0)', 'transfer_epoch3(node0)', '~ep_epoch0(node1)', '~ep_epoch1(node1)']
298     : ----00--------1----------1
298     : ['locked_epoch2(node0)', 'transfer_epoch3(node1)', '~ep_epoch0(node1)', '~ep_epoch1(node1)']
297     : 00-------------1--------1-
297     : ['locked_epoch2(node1)', 'transfer_epoch3(node0)', '~ep_epoch0(node0)', '~ep_epoch1(node0)']
288     : 00-------------1---------1
288     : ['locked_epoch2(node1)', 'transfer_epoch3(node1)', '~ep_epoch0(node0)', '~ep_epoch1(node0)']
num_forall :   3
num_exists :   0
num_literals : 8
quantified form : forall NODE1,NODE0,NODE2. ~locked_epoch2(NODE0) | ~transfer_epoch3(NODE1) | ep_epoch0(NODE2) | ep_epoch1(NODE2) | ((NODE0 ~= NODE1 | NODE0 = NODE2) & (NODE1 ~= NODE2 | NODE0 = NODE1))
qcost : 11




=== Prime Orbit 228 =====================
size : 4
num_suborbits: 2
295 (*) : ----0--------01---------1-
295     : ['locked_epoch2(node0)', 'transfer_epoch3(node0)', '~ep_epoch0(node1)', '~locked_epoch1(node1)']
300     : ----0--------01----------1
300     : ['locked_epoch2(node0)', 'transfer_epoch3(node1)', '~ep_epoch0(node1)', '~locked_epoch1(node1)']
299     : 0-----------0--1--------1-
299     : ['locked_epoch2(node1)', 'transfer_epoch3(node0)', '~ep_epoch0(node0)', '~locked_epoch1(node0)']
296     : 0-----------0--1---------1
296     : ['locked_epoch2(node1)', 'transfer_epoch3(node1)', '~ep_epoch0(node0)', '~locked_epoch1(node0)']
num_forall :   3
num_exists :   0
num_literals : 8
quantified form : forall NODE1,NODE0,NODE2. ~locked_epoch2(NODE0) | ~transfer_epoch3(NODE1) | ep_epoch0(NODE2) | locked_epoch1(NODE2) | ((NODE0 ~= NODE1 | NODE0 = NODE2) & (NODE1 ~= NODE2 | NODE0 = NODE1))
qcost : 11




=== Prime Orbit 229 =====================
size : 4
num_suborbits: 2
275 (*) : -----0------0-1---------1-
275     : ['locked_epoch2(node0)', 'transfer_epoch3(node0)', '~ep_epoch1(node1)', '~locked_epoch1(node0)']
304     : -----0------0-1----------1
304     : ['locked_epoch2(node0)', 'transfer_epoch3(node1)', '~ep_epoch1(node1)', '~locked_epoch1(node0)']
303     : -0-----------0-1--------1-
303     : ['locked_epoch2(node1)', 'transfer_epoch3(node0)', '~ep_epoch1(node0)', '~locked_epoch1(node1)']
276     : -0-----------0-1---------1
276     : ['locked_epoch2(node1)', 'transfer_epoch3(node1)', '~ep_epoch1(node0)', '~locked_epoch1(node1)']
num_forall :   3
num_exists :   0
num_literals : 8
quantified form : forall NODE1,NODE0,NODE2. ~locked_epoch2(NODE0) | ~transfer_epoch3(NODE1) | ep_epoch1(NODE2) | locked_epoch1(NODE0) | ((NODE0 ~= NODE1 | NODE0 = NODE2) & (NODE1 ~= NODE2 | NODE0 = NODE1))
qcost : 11




=== Prime Orbit 230 =====================
size : 2
num_suborbits: 1
631 (*) : --0-00--------1-----------
631     : ['locked_epoch2(node0)', '~ep_epoch0(node1)', '~ep_epoch1(node1)', '~ep_epoch2(node0)']
632     : 00----0--------1----------
632     : ['locked_epoch2(node1)', '~ep_epoch0(node0)', '~ep_epoch1(node0)', '~ep_epoch2(node1)']
num_forall :   2
num_exists :   0
num_literals : 5
quantified form : forall NODE1,NODE0. ~locked_epoch2(NODE0) | ep_epoch0(NODE1) | ep_epoch1(NODE1) | ep_epoch2(NODE0) | NODE0 = NODE1
qcost : 7




=== Prime Orbit 231 =====================
size : 2
num_suborbits: 1
633 (*) : ----00-0------1-----------
633     : ['locked_epoch2(node0)', '~ep_epoch0(node1)', '~ep_epoch1(node1)', '~ep_epoch3(node1)']
634     : 00-0-----------1----------
634     : ['locked_epoch2(node1)', '~ep_epoch0(node0)', '~ep_epoch1(node0)', '~ep_epoch3(node0)']
num_forall :   2
num_exists :   0
num_literals : 5
quantified form : forall NODE1,NODE0. ~locked_epoch2(NODE0) | ep_epoch0(NODE1) | ep_epoch1(NODE1) | ep_epoch3(NODE1) | NODE0 = NODE1
qcost : 7




=== Prime Orbit 232 =====================
size : 2
num_suborbits: 1
635 (*) : ----00---0----1-----------
635     : ['locked_epoch2(node0)', '~ep_epoch0(node1)', '~ep_epoch1(node1)', '~held(node1)']
636     : 00------0------1----------
636     : ['locked_epoch2(node1)', '~ep_epoch0(node0)', '~ep_epoch1(node0)', '~held(node0)']
num_forall :   2
num_exists :   0
num_literals : 5
quantified form : forall NODE1,NODE0. ~locked_epoch2(NODE0) | ep_epoch0(NODE1) | ep_epoch1(NODE1) | held(NODE1) | NODE0 = NODE1
qcost : 7




=== Prime Orbit 233 =====================
size : 2
num_suborbits: 1
637 (*) : ----00--------1--0--------
637     : ['locked_epoch2(node0)', '~ep_epoch0(node1)', '~ep_epoch1(node1)', '~locked_epoch3(node1)']
638     : 00-------------10---------
638     : ['locked_epoch2(node1)', '~ep_epoch0(node0)', '~ep_epoch1(node0)', '~locked_epoch3(node0)']
num_forall :   2
num_exists :   0
num_literals : 5
quantified form : forall NODE1,NODE0. ~locked_epoch2(NODE0) | ep_epoch0(NODE1) | ep_epoch1(NODE1) | locked_epoch3(NODE1) | NODE0 = NODE1
qcost : 7




=== Prime Orbit 234 =====================
size : 2
num_suborbits: 1
389 (*) : --0-0--------01-----------
389     : ['locked_epoch2(node0)', '~ep_epoch0(node1)', '~ep_epoch2(node0)', '~locked_epoch1(node1)']
390     : 0-----0-----0--1----------
390     : ['locked_epoch2(node1)', '~ep_epoch0(node0)', '~ep_epoch2(node1)', '~locked_epoch1(node0)']
num_forall :   2
num_exists :   0
num_literals : 5
quantified form : forall NODE1,NODE0. ~locked_epoch2(NODE0) | ep_epoch0(NODE1) | ep_epoch2(NODE0) | locked_epoch1(NODE1) | NODE0 = NODE1
qcost : 7




=== Prime Orbit 235 =====================
size : 2
num_suborbits: 1
407 (*) : ----0--0-----01-----------
407     : ['locked_epoch2(node0)', '~ep_epoch0(node1)', '~ep_epoch3(node1)', '~locked_epoch1(node1)']
408     : 0--0--------0--1----------
408     : ['locked_epoch2(node1)', '~ep_epoch0(node0)', '~ep_epoch3(node0)', '~locked_epoch1(node0)']
num_forall :   2
num_exists :   0
num_literals : 5
quantified form : forall NODE1,NODE0. ~locked_epoch2(NODE0) | ep_epoch0(NODE1) | ep_epoch3(NODE1) | locked_epoch1(NODE1) | NODE0 = NODE1
qcost : 7




=== Prime Orbit 236 =====================
size : 2
num_suborbits: 1
405 (*) : ----0----0---01-----------
405     : ['locked_epoch2(node0)', '~ep_epoch0(node1)', '~held(node1)', '~locked_epoch1(node1)']
406     : 0-------0---0--1----------
406     : ['locked_epoch2(node1)', '~ep_epoch0(node0)', '~held(node0)', '~locked_epoch1(node0)']
num_forall :   2
num_exists :   0
num_literals : 5
quantified form : forall NODE1,NODE0. ~locked_epoch2(NODE0) | ep_epoch0(NODE1) | held(NODE1) | locked_epoch1(NODE1) | NODE0 = NODE1
qcost : 7




=== Prime Orbit 237 =====================
size : 2
num_suborbits: 1
403 (*) : ----0--------01--0--------
403     : ['locked_epoch2(node0)', '~ep_epoch0(node1)', '~locked_epoch1(node1)', '~locked_epoch3(node1)']
404     : 0-----------0--10---------
404     : ['locked_epoch2(node1)', '~ep_epoch0(node0)', '~locked_epoch1(node0)', '~locked_epoch3(node0)']
num_forall :   2
num_exists :   0
num_literals : 5
quantified form : forall NODE1,NODE0. ~locked_epoch2(NODE0) | ep_epoch0(NODE1) | locked_epoch1(NODE1) | locked_epoch3(NODE1) | NODE0 = NODE1
qcost : 7




=== Prime Orbit 238 =====================
size : 2
num_suborbits: 1
360 (*) : --0--0------0-1-----------
360     : ['locked_epoch2(node0)', '~ep_epoch1(node1)', '~ep_epoch2(node0)', '~locked_epoch1(node0)']
359     : -0----0------0-1----------
359     : ['locked_epoch2(node1)', '~ep_epoch1(node0)', '~ep_epoch2(node1)', '~locked_epoch1(node1)']
num_forall :   2
num_exists :   0
num_literals : 5
quantified form : forall NODE1,NODE0. ~locked_epoch2(NODE0) | ep_epoch1(NODE1) | ep_epoch2(NODE0) | locked_epoch1(NODE0) | NODE0 = NODE1
qcost : 7




=== Prime Orbit 239 =====================
size : 2
num_suborbits: 1
358 (*) : -----0-0----0-1-----------
358     : ['locked_epoch2(node0)', '~ep_epoch1(node1)', '~ep_epoch3(node1)', '~locked_epoch1(node0)']
357     : -0-0---------0-1----------
357     : ['locked_epoch2(node1)', '~ep_epoch1(node0)', '~ep_epoch3(node0)', '~locked_epoch1(node1)']
num_forall :   2
num_exists :   0
num_literals : 5
quantified form : forall NODE1,NODE0. ~locked_epoch2(NODE0) | ep_epoch1(NODE1) | ep_epoch3(NODE1) | locked_epoch1(NODE0) | NODE0 = NODE1
qcost : 7




=== Prime Orbit 240 =====================
size : 2
num_suborbits: 1
354 (*) : -----0---0--0-1-----------
354     : ['locked_epoch2(node0)', '~ep_epoch1(node1)', '~held(node1)', '~locked_epoch1(node0)']
353     : -0------0----0-1----------
353     : ['locked_epoch2(node1)', '~ep_epoch1(node0)', '~held(node0)', '~locked_epoch1(node1)']
num_forall :   2
num_exists :   0
num_literals : 5
quantified form : forall NODE1,NODE0. ~locked_epoch2(NODE0) | ep_epoch1(NODE1) | held(NODE1) | locked_epoch1(NODE0) | NODE0 = NODE1
qcost : 7




=== Prime Orbit 241 =====================
size : 2
num_suborbits: 1
356 (*) : -----0------0-1--0--------
356     : ['locked_epoch2(node0)', '~ep_epoch1(node1)', '~locked_epoch1(node0)', '~locked_epoch3(node1)']
355     : -0-----------0-10---------
355     : ['locked_epoch2(node1)', '~ep_epoch1(node0)', '~locked_epoch1(node1)', '~locked_epoch3(node0)']
num_forall :   2
num_exists :   0
num_literals : 5
quantified form : forall NODE1,NODE0. ~locked_epoch2(NODE0) | ep_epoch1(NODE1) | locked_epoch1(NODE0) | locked_epoch3(NODE1) | NODE0 = NODE1
qcost : 7




=== Prime Orbit 242 =====================
size : 2
num_suborbits: 1
551 (*) : ----000---------1---------
551     : ['locked_epoch3(node0)', '~ep_epoch0(node1)', '~ep_epoch1(node1)', '~ep_epoch2(node1)']
552     : 000--------------1--------
552     : ['locked_epoch3(node1)', '~ep_epoch0(node0)', '~ep_epoch1(node0)', '~ep_epoch2(node0)']
num_forall :   2
num_exists :   0
num_literals : 5
quantified form : forall NODE1,NODE0. ~locked_epoch3(NODE0) | ep_epoch0(NODE1) | ep_epoch1(NODE1) | ep_epoch2(NODE1) | NODE0 = NODE1
qcost : 7




=== Prime Orbit 243 =====================
size : 2
num_suborbits: 1
547 (*) : ----00---------01---------
547     : ['locked_epoch3(node0)', '~ep_epoch0(node1)', '~ep_epoch1(node1)', '~locked_epoch2(node1)']
548     : 00------------0--1--------
548     : ['locked_epoch3(node1)', '~ep_epoch0(node0)', '~ep_epoch1(node0)', '~locked_epoch2(node0)']
num_forall :   2
num_exists :   0
num_literals : 5
quantified form : forall NODE1,NODE0. ~locked_epoch3(NODE0) | ep_epoch0(NODE1) | ep_epoch1(NODE1) | locked_epoch2(NODE1) | NODE0 = NODE1
qcost : 7




=== Prime Orbit 244 =====================
size : 2
num_suborbits: 1
371 (*) : ----0-0------0--1---------
371     : ['locked_epoch3(node0)', '~ep_epoch0(node1)', '~ep_epoch2(node1)', '~locked_epoch1(node1)']
372     : 0-0---------0----1--------
372     : ['locked_epoch3(node1)', '~ep_epoch0(node0)', '~ep_epoch2(node0)', '~locked_epoch1(node0)']
num_forall :   2
num_exists :   0
num_literals : 5
quantified form : forall NODE1,NODE0. ~locked_epoch3(NODE0) | ep_epoch0(NODE1) | ep_epoch2(NODE1) | locked_epoch1(NODE1) | NODE0 = NODE1
qcost : 7




=== Prime Orbit 245 =====================
size : 2
num_suborbits: 1
391 (*) : ----0--------0-01---------
391     : ['locked_epoch3(node0)', '~ep_epoch0(node1)', '~locked_epoch1(node1)', '~locked_epoch2(node1)']
392     : 0-----------0-0--1--------
392     : ['locked_epoch3(node1)', '~ep_epoch0(node0)', '~locked_epoch1(node0)', '~locked_epoch2(node0)']
num_forall :   2
num_exists :   0
num_literals : 5
quantified form : forall NODE1,NODE0. ~locked_epoch3(NODE0) | ep_epoch0(NODE1) | locked_epoch1(NODE1) | locked_epoch2(NODE1) | NODE0 = NODE1
qcost : 7




=== Prime Orbit 246 =====================
size : 2
num_suborbits: 1
416 (*) : -----00-----0---1---------
416     : ['locked_epoch3(node0)', '~ep_epoch1(node1)', '~ep_epoch2(node1)', '~locked_epoch1(node0)']
415     : -00----------0---1--------
415     : ['locked_epoch3(node1)', '~ep_epoch1(node0)', '~ep_epoch2(node0)', '~locked_epoch1(node1)']
num_forall :   2
num_exists :   0
num_literals : 5
quantified form : forall NODE1,NODE0. ~locked_epoch3(NODE0) | ep_epoch1(NODE1) | ep_epoch2(NODE1) | locked_epoch1(NODE0) | NODE0 = NODE1
qcost : 7




=== Prime Orbit 247 =====================
size : 2
num_suborbits: 1
414 (*) : -----0------0--01---------
414     : ['locked_epoch3(node0)', '~ep_epoch1(node1)', '~locked_epoch1(node0)', '~locked_epoch2(node1)']
413     : -0-----------00--1--------
413     : ['locked_epoch3(node1)', '~ep_epoch1(node0)', '~locked_epoch1(node1)', '~locked_epoch2(node0)']
num_forall :   2
num_exists :   0
num_literals : 5
quantified form : forall NODE1,NODE0. ~locked_epoch3(NODE0) | ep_epoch1(NODE1) | locked_epoch1(NODE0) | locked_epoch2(NODE1) | NODE0 = NODE1
qcost : 7




=== Prime Orbit 248 =====================
size : 4
num_suborbits: 2
283 (*) : 000---------------------1-
283     : ['transfer_epoch3(node0)', '~ep_epoch0(node0)', '~ep_epoch1(node0)', '~ep_epoch2(node0)']
245     : ----000-----------------1-
245     : ['transfer_epoch3(node0)', '~ep_epoch0(node1)', '~ep_epoch1(node1)', '~ep_epoch2(node1)']
246     : 000----------------------1
246     : ['transfer_epoch3(node1)', '~ep_epoch0(node0)', '~ep_epoch1(node0)', '~ep_epoch2(node0)']
284     : ----000------------------1
284     : ['transfer_epoch3(node1)', '~ep_epoch0(node1)', '~ep_epoch1(node1)', '~ep_epoch2(node1)']
num_forall :   2
num_exists :   0
num_literals : 4
quantified form : forall NODE1,NODE0. ~transfer_epoch3(NODE0) | ep_epoch0(NODE1) | ep_epoch1(NODE1) | ep_epoch2(NODE1)
qcost : 6




=== Prime Orbit 249 =====================
size : 4
num_suborbits: 2
263 (*) : 00------------0---------1-
263     : ['transfer_epoch3(node0)', '~ep_epoch0(node0)', '~ep_epoch1(node0)', '~locked_epoch2(node0)']
279     : ----00---------0--------1-
279     : ['transfer_epoch3(node0)', '~ep_epoch0(node1)', '~ep_epoch1(node1)', '~locked_epoch2(node1)']
280     : 00------------0----------1
280     : ['transfer_epoch3(node1)', '~ep_epoch0(node0)', '~ep_epoch1(node0)', '~locked_epoch2(node0)']
264     : ----00---------0---------1
264     : ['transfer_epoch3(node1)', '~ep_epoch0(node1)', '~ep_epoch1(node1)', '~locked_epoch2(node1)']
num_forall :   2
num_exists :   0
num_literals : 4
quantified form : forall NODE1,NODE0. ~transfer_epoch3(NODE0) | ep_epoch0(NODE1) | ep_epoch1(NODE1) | locked_epoch2(NODE1)
qcost : 6




=== Prime Orbit 250 =====================
size : 4
num_suborbits: 2
269 (*) : 0----0------0-----------1-
269     : ['transfer_epoch3(node0)', '~ep_epoch0(node0)', '~ep_epoch1(node1)', '~locked_epoch1(node0)']
291     : -0--0--------0----------1-
291     : ['transfer_epoch3(node0)', '~ep_epoch0(node1)', '~ep_epoch1(node0)', '~locked_epoch1(node1)']
292     : 0----0------0------------1
292     : ['transfer_epoch3(node1)', '~ep_epoch0(node0)', '~ep_epoch1(node1)', '~locked_epoch1(node0)']
270     : -0--0--------0-----------1
270     : ['transfer_epoch3(node1)', '~ep_epoch0(node1)', '~ep_epoch1(node0)', '~locked_epoch1(node1)']
num_forall :   3
num_exists :   0
num_literals : 8
quantified form : forall NODE1,NODE0,NODE2. ~transfer_epoch3(NODE0) | ep_epoch0(NODE1) | ep_epoch1(NODE2) | locked_epoch1(NODE1) | ((NODE0 ~= NODE1 | NODE0 = NODE2) & (NODE0 ~= NODE2 | NODE0 = NODE1))
qcost : 11




=== Prime Orbit 251 =====================
size : 4
num_suborbits: 2
271 (*) : 0-0---------0-----------1-
271     : ['transfer_epoch3(node0)', '~ep_epoch0(node0)', '~ep_epoch2(node0)', '~locked_epoch1(node0)']
247     : ----0-0------0----------1-
247     : ['transfer_epoch3(node0)', '~ep_epoch0(node1)', '~ep_epoch2(node1)', '~locked_epoch1(node1)']
248     : 0-0---------0------------1
248     : ['transfer_epoch3(node1)', '~ep_epoch0(node0)', '~ep_epoch2(node0)', '~locked_epoch1(node0)']
272     : ----0-0------0-----------1
272     : ['transfer_epoch3(node1)', '~ep_epoch0(node1)', '~ep_epoch2(node1)', '~locked_epoch1(node1)']
num_forall :   2
num_exists :   0
num_literals : 4
quantified form : forall NODE1,NODE0. ~transfer_epoch3(NODE0) | ep_epoch0(NODE1) | ep_epoch2(NODE1) | locked_epoch1(NODE1)
qcost : 6




=== Prime Orbit 252 =====================
size : 4
num_suborbits: 2
267 (*) : 0-----------0-0---------1-
267     : ['transfer_epoch3(node0)', '~ep_epoch0(node0)', '~locked_epoch1(node0)', '~locked_epoch2(node0)']
281     : ----0--------0-0--------1-
281     : ['transfer_epoch3(node0)', '~ep_epoch0(node1)', '~locked_epoch1(node1)', '~locked_epoch2(node1)']
282     : 0-----------0-0----------1
282     : ['transfer_epoch3(node1)', '~ep_epoch0(node0)', '~locked_epoch1(node0)', '~locked_epoch2(node0)']
268     : ----0--------0-0---------1
268     : ['transfer_epoch3(node1)', '~ep_epoch0(node1)', '~locked_epoch1(node1)', '~locked_epoch2(node1)']
num_forall :   2
num_exists :   0
num_literals : 4
quantified form : forall NODE1,NODE0. ~transfer_epoch3(NODE0) | ep_epoch0(NODE1) | locked_epoch1(NODE1) | locked_epoch2(NODE1)
qcost : 6




=== Prime Orbit 253 =====================
size : 4
num_suborbits: 2
289 (*) : -00----------0----------1-
289     : ['transfer_epoch3(node0)', '~ep_epoch1(node0)', '~ep_epoch2(node0)', '~locked_epoch1(node1)']
243     : -----00-----0-----------1-
243     : ['transfer_epoch3(node0)', '~ep_epoch1(node1)', '~ep_epoch2(node1)', '~locked_epoch1(node0)']
244     : -00----------0-----------1
244     : ['transfer_epoch3(node1)', '~ep_epoch1(node0)', '~ep_epoch2(node0)', '~locked_epoch1(node1)']
290     : -----00-----0------------1
290     : ['transfer_epoch3(node1)', '~ep_epoch1(node1)', '~ep_epoch2(node1)', '~locked_epoch1(node0)']
num_forall :   3
num_exists :   0
num_literals : 8
quantified form : forall NODE1,NODE0,NODE2. ~transfer_epoch3(NODE0) | ep_epoch1(NODE1) | ep_epoch2(NODE1) | locked_epoch1(NODE2) | ((NODE0 ~= NODE2 | NODE0 = NODE1) & (NODE0 ~= NODE1 | NODE0 = NODE2))
qcost : 11




=== Prime Orbit 254 =====================
size : 4
num_suborbits: 2
265 (*) : -0-----------00---------1-
265     : ['transfer_epoch3(node0)', '~ep_epoch1(node0)', '~locked_epoch1(node1)', '~locked_epoch2(node0)']
277     : -----0------0--0--------1-
277     : ['transfer_epoch3(node0)', '~ep_epoch1(node1)', '~locked_epoch1(node0)', '~locked_epoch2(node1)']
278     : -0-----------00----------1
278     : ['transfer_epoch3(node1)', '~ep_epoch1(node0)', '~locked_epoch1(node1)', '~locked_epoch2(node0)']
266     : -----0------0--0---------1
266     : ['transfer_epoch3(node1)', '~ep_epoch1(node1)', '~locked_epoch1(node0)', '~locked_epoch2(node1)']
num_forall :   3
num_exists :   0
num_literals : 8
quantified form : forall NODE1,NODE0,NODE2. ~transfer_epoch3(NODE0) | ep_epoch1(NODE1) | locked_epoch1(NODE2) | locked_epoch2(NODE1) | ((NODE0 ~= NODE1 | NODE0 = NODE2) & (NODE0 ~= NODE2 | NODE0 = NODE1))
qcost : 11




=== Prime Orbit 255 =====================
size : 1
num_suborbits: 1
571 (*) : 0---0---------00----------
571     : ['~ep_epoch0(node0)', '~ep_epoch0(node1)', '~locked_epoch2(node0)', '~locked_epoch2(node1)']
num_forall :   0
num_exists :   1
num_literals : 2
quantified form : exists NODE0. ep_epoch0(NODE0) | locked_epoch2(NODE0)
qcost : 3




=== Prime Orbit 256 =====================
size : 2
num_suborbits: 1
619 (*) : 0000----------------------
619     : ['~ep_epoch0(node0)', '~ep_epoch1(node0)', '~ep_epoch2(node0)', '~ep_epoch3(node0)']
620     : ----0000------------------
620     : ['~ep_epoch0(node1)', '~ep_epoch1(node1)', '~ep_epoch2(node1)', '~ep_epoch3(node1)']
num_forall :   1
num_exists :   0
num_literals : 4
quantified form : forall NODE0. ep_epoch0(NODE0) | ep_epoch1(NODE0) | ep_epoch2(NODE0) | ep_epoch3(NODE0)
qcost : 5




=== Prime Orbit 257 =====================
size : 2
num_suborbits: 1
617 (*) : 000-----0-----------------
617     : ['~ep_epoch0(node0)', '~ep_epoch1(node0)', '~ep_epoch2(node0)', '~held(node0)']
618     : ----000--0----------------
618     : ['~ep_epoch0(node1)', '~ep_epoch1(node1)', '~ep_epoch2(node1)', '~held(node1)']
num_forall :   1
num_exists :   0
num_literals : 4
quantified form : forall NODE0. ep_epoch0(NODE0) | ep_epoch1(NODE0) | ep_epoch2(NODE0) | held(NODE0)
qcost : 5




=== Prime Orbit 258 =====================
size : 2
num_suborbits: 1
621 (*) : 000-------------0---------
621     : ['~ep_epoch0(node0)', '~ep_epoch1(node0)', '~ep_epoch2(node0)', '~locked_epoch3(node0)']
622     : ----000----------0--------
622     : ['~ep_epoch0(node1)', '~ep_epoch1(node1)', '~ep_epoch2(node1)', '~locked_epoch3(node1)']
num_forall :   1
num_exists :   0
num_literals : 4
quantified form : forall NODE0. ep_epoch0(NODE0) | ep_epoch1(NODE0) | ep_epoch2(NODE0) | locked_epoch3(NODE0)
qcost : 5




=== Prime Orbit 259 =====================
size : 2
num_suborbits: 1
587 (*) : 00----0-------0-----------
587     : ['~ep_epoch0(node0)', '~ep_epoch1(node0)', '~ep_epoch2(node1)', '~locked_epoch2(node0)']
588     : --0-00---------0----------
588     : ['~ep_epoch0(node1)', '~ep_epoch1(node1)', '~ep_epoch2(node0)', '~locked_epoch2(node1)']
num_forall :   2
num_exists :   0
num_literals : 5
quantified form : forall NODE1,NODE0. ep_epoch0(NODE0) | ep_epoch1(NODE0) | ep_epoch2(NODE1) | locked_epoch2(NODE0) | NODE0 = NODE1
qcost : 7




=== Prime Orbit 260 =====================
size : 2
num_suborbits: 1
578 (*) : 00-0----------0-----------
578     : ['~ep_epoch0(node0)', '~ep_epoch1(node0)', '~ep_epoch3(node0)', '~locked_epoch2(node0)']
579     : ----00-0-------0----------
579     : ['~ep_epoch0(node1)', '~ep_epoch1(node1)', '~ep_epoch3(node1)', '~locked_epoch2(node1)']
num_forall :   1
num_exists :   0
num_literals : 4
quantified form : forall NODE0. ep_epoch0(NODE0) | ep_epoch1(NODE0) | ep_epoch3(NODE0) | locked_epoch2(NODE0)
qcost : 5




=== Prime Orbit 261 =====================
size : 2
num_suborbits: 1
567 (*) : 00------0-----0-----------
567     : ['~ep_epoch0(node0)', '~ep_epoch1(node0)', '~held(node0)', '~locked_epoch2(node0)']
568     : ----00---0-----0----------
568     : ['~ep_epoch0(node1)', '~ep_epoch1(node1)', '~held(node1)', '~locked_epoch2(node1)']
num_forall :   1
num_exists :   0
num_literals : 4
quantified form : forall NODE0. ep_epoch0(NODE0) | ep_epoch1(NODE0) | held(NODE0) | locked_epoch2(NODE0)
qcost : 5




=== Prime Orbit 262 =====================
size : 2
num_suborbits: 1
574 (*) : 00------------00----------
574     : ['~ep_epoch0(node0)', '~ep_epoch1(node0)', '~locked_epoch2(node0)', '~locked_epoch2(node1)']
575     : ----00--------00----------
575     : ['~ep_epoch0(node1)', '~ep_epoch1(node1)', '~locked_epoch2(node0)', '~locked_epoch2(node1)']
num_forall :   2
num_exists :   0
num_literals : 5
quantified form : forall NODE1,NODE0. ep_epoch0(NODE0) | ep_epoch1(NODE0) | locked_epoch2(NODE0) | locked_epoch2(NODE1) | NODE0 = NODE1
qcost : 7




=== Prime Orbit 263 =====================
size : 2
num_suborbits: 1
580 (*) : 00------------0-0---------
580     : ['~ep_epoch0(node0)', '~ep_epoch1(node0)', '~locked_epoch2(node0)', '~locked_epoch3(node0)']
581     : ----00---------0-0--------
581     : ['~ep_epoch0(node1)', '~ep_epoch1(node1)', '~locked_epoch2(node1)', '~locked_epoch3(node1)']
num_forall :   1
num_exists :   0
num_literals : 4
quantified form : forall NODE0. ep_epoch0(NODE0) | ep_epoch1(NODE0) | locked_epoch2(NODE0) | locked_epoch3(NODE0)
qcost : 5




=== Prime Orbit 264 =====================
size : 2
num_suborbits: 1
362 (*) : 0-00--------0-------------
362     : ['~ep_epoch0(node0)', '~ep_epoch2(node0)', '~ep_epoch3(node0)', '~locked_epoch1(node0)']
361     : ----0-00-----0------------
361     : ['~ep_epoch0(node1)', '~ep_epoch2(node1)', '~ep_epoch3(node1)', '~locked_epoch1(node1)']
num_forall :   1
num_exists :   0
num_literals : 4
quantified form : forall NODE0. ep_epoch0(NODE0) | ep_epoch2(NODE0) | ep_epoch3(NODE0) | locked_epoch1(NODE0)
qcost : 5




=== Prime Orbit 265 =====================
size : 2
num_suborbits: 1
366 (*) : 0-0-----0---0-------------
366     : ['~ep_epoch0(node0)', '~ep_epoch2(node0)', '~held(node0)', '~locked_epoch1(node0)']
365     : ----0-0--0---0------------
365     : ['~ep_epoch0(node1)', '~ep_epoch2(node1)', '~held(node1)', '~locked_epoch1(node1)']
num_forall :   1
num_exists :   0
num_literals : 4
quantified form : forall NODE0. ep_epoch0(NODE0) | ep_epoch2(NODE0) | held(NODE0) | locked_epoch1(NODE0)
qcost : 5




=== Prime Orbit 266 =====================
size : 2
num_suborbits: 1
364 (*) : 0-0---------0---0---------
364     : ['~ep_epoch0(node0)', '~ep_epoch2(node0)', '~locked_epoch1(node0)', '~locked_epoch3(node0)']
363     : ----0-0------0---0--------
363     : ['~ep_epoch0(node1)', '~ep_epoch2(node1)', '~locked_epoch1(node1)', '~locked_epoch3(node1)']
num_forall :   1
num_exists :   0
num_literals : 4
quantified form : forall NODE0. ep_epoch0(NODE0) | ep_epoch2(NODE0) | locked_epoch1(NODE0) | locked_epoch3(NODE0)
qcost : 5




=== Prime Orbit 267 =====================
size : 2
num_suborbits: 1
388 (*) : 0-----0-----0-0-----------
388     : ['~ep_epoch0(node0)', '~ep_epoch2(node1)', '~locked_epoch1(node0)', '~locked_epoch2(node0)']
387     : --0-0--------0-0----------
387     : ['~ep_epoch0(node1)', '~ep_epoch2(node0)', '~locked_epoch1(node1)', '~locked_epoch2(node1)']
num_forall :   2
num_exists :   0
num_literals : 5
quantified form : forall NODE1,NODE0. ep_epoch0(NODE0) | ep_epoch2(NODE1) | locked_epoch1(NODE0) | locked_epoch2(NODE0) | NODE0 = NODE1
qcost : 7




=== Prime Orbit 268 =====================
size : 2
num_suborbits: 1
400 (*) : 0--0--------0-0-----------
400     : ['~ep_epoch0(node0)', '~ep_epoch3(node0)', '~locked_epoch1(node0)', '~locked_epoch2(node0)']
399     : ----0--0-----0-0----------
399     : ['~ep_epoch0(node1)', '~ep_epoch3(node1)', '~locked_epoch1(node1)', '~locked_epoch2(node1)']
num_forall :   1
num_exists :   0
num_literals : 4
quantified form : forall NODE0. ep_epoch0(NODE0) | ep_epoch3(NODE0) | locked_epoch1(NODE0) | locked_epoch2(NODE0)
qcost : 5




=== Prime Orbit 269 =====================
size : 2
num_suborbits: 1
398 (*) : 0-------0---0-0-----------
398     : ['~ep_epoch0(node0)', '~held(node0)', '~locked_epoch1(node0)', '~locked_epoch2(node0)']
397     : ----0----0---0-0----------
397     : ['~ep_epoch0(node1)', '~held(node1)', '~locked_epoch1(node1)', '~locked_epoch2(node1)']
num_forall :   1
num_exists :   0
num_literals : 4
quantified form : forall NODE0. ep_epoch0(NODE0) | held(NODE0) | locked_epoch1(NODE0) | locked_epoch2(NODE0)
qcost : 5




=== Prime Orbit 270 =====================
size : 2
num_suborbits: 1
396 (*) : 0-----------0-00----------
396     : ['~ep_epoch0(node0)', '~locked_epoch1(node0)', '~locked_epoch2(node0)', '~locked_epoch2(node1)']
395     : ----0--------000----------
395     : ['~ep_epoch0(node1)', '~locked_epoch1(node1)', '~locked_epoch2(node0)', '~locked_epoch2(node1)']
num_forall :   2
num_exists :   0
num_literals : 5
quantified form : forall NODE1,NODE0. ep_epoch0(NODE0) | locked_epoch1(NODE0) | locked_epoch2(NODE0) | locked_epoch2(NODE1) | NODE0 = NODE1
qcost : 7




=== Prime Orbit 271 =====================
size : 2
num_suborbits: 1
394 (*) : 0-----------0-0-0---------
394     : ['~ep_epoch0(node0)', '~locked_epoch1(node0)', '~locked_epoch2(node0)', '~locked_epoch3(node0)']
393     : ----0--------0-0-0--------
393     : ['~ep_epoch0(node1)', '~locked_epoch1(node1)', '~locked_epoch2(node1)', '~locked_epoch3(node1)']
num_forall :   1
num_exists :   0
num_literals : 4
quantified form : forall NODE0. ep_epoch0(NODE0) | locked_epoch1(NODE0) | locked_epoch2(NODE0) | locked_epoch3(NODE0)
qcost : 5




=== Prime Orbit 272 =====================
size : 1
num_suborbits: 1
584 (*) : -0---0--------00----------
584     : ['~ep_epoch1(node0)', '~ep_epoch1(node1)', '~locked_epoch2(node0)', '~locked_epoch2(node1)']
num_forall :   0
num_exists :   1
num_literals : 2
quantified form : exists NODE0. ep_epoch1(NODE0) | locked_epoch2(NODE0)
qcost : 3




=== Prime Orbit 273 =====================
size : 2
num_suborbits: 1
385 (*) : -000---------0------------
385     : ['~ep_epoch1(node0)', '~ep_epoch2(node0)', '~ep_epoch3(node0)', '~locked_epoch1(node1)']
386     : -----000----0-------------
386     : ['~ep_epoch1(node1)', '~ep_epoch2(node1)', '~ep_epoch3(node1)', '~locked_epoch1(node0)']
num_forall :   2
num_exists :   0
num_literals : 5
quantified form : forall NODE1,NODE0. ep_epoch1(NODE0) | ep_epoch2(NODE0) | ep_epoch3(NODE0) | locked_epoch1(NODE1) | NODE0 = NODE1
qcost : 7




=== Prime Orbit 274 =====================
size : 2
num_suborbits: 1
381 (*) : -00-----0----0------------
381     : ['~ep_epoch1(node0)', '~ep_epoch2(node0)', '~held(node0)', '~locked_epoch1(node1)']
382     : -----00--0--0-------------
382     : ['~ep_epoch1(node1)', '~ep_epoch2(node1)', '~held(node1)', '~locked_epoch1(node0)']
num_forall :   2
num_exists :   0
num_literals : 5
quantified form : forall NODE1,NODE0. ep_epoch1(NODE0) | ep_epoch2(NODE0) | held(NODE0) | locked_epoch1(NODE1) | NODE0 = NODE1
qcost : 7




=== Prime Orbit 275 =====================
size : 2
num_suborbits: 1
383 (*) : -00----------0--0---------
383     : ['~ep_epoch1(node0)', '~ep_epoch2(node0)', '~locked_epoch1(node1)', '~locked_epoch3(node0)']
384     : -----00-----0----0--------
384     : ['~ep_epoch1(node1)', '~ep_epoch2(node1)', '~locked_epoch1(node0)', '~locked_epoch3(node1)']
num_forall :   2
num_exists :   0
num_literals : 5
quantified form : forall NODE1,NODE0. ep_epoch1(NODE0) | ep_epoch2(NODE0) | locked_epoch1(NODE1) | locked_epoch3(NODE0) | NODE0 = NODE1
qcost : 7




=== Prime Orbit 276 =====================
size : 2
num_suborbits: 1
367 (*) : -0----0------00-----------
367     : ['~ep_epoch1(node0)', '~ep_epoch2(node1)', '~locked_epoch1(node1)', '~locked_epoch2(node0)']
368     : --0--0------0--0----------
368     : ['~ep_epoch1(node1)', '~ep_epoch2(node0)', '~locked_epoch1(node0)', '~locked_epoch2(node1)']
num_forall :   2
num_exists :   0
num_literals : 5
quantified form : forall NODE1,NODE0. ep_epoch1(NODE0) | ep_epoch2(NODE1) | locked_epoch1(NODE1) | locked_epoch2(NODE0) | NODE0 = NODE1
qcost : 7




=== Prime Orbit 277 =====================
size : 2
num_suborbits: 1
375 (*) : -0-0---------00-----------
375     : ['~ep_epoch1(node0)', '~ep_epoch3(node0)', '~locked_epoch1(node1)', '~locked_epoch2(node0)']
376     : -----0-0----0--0----------
376     : ['~ep_epoch1(node1)', '~ep_epoch3(node1)', '~locked_epoch1(node0)', '~locked_epoch2(node1)']
num_forall :   2
num_exists :   0
num_literals : 5
quantified form : forall NODE1,NODE0. ep_epoch1(NODE0) | ep_epoch3(NODE0) | locked_epoch1(NODE1) | locked_epoch2(NODE0) | NODE0 = NODE1
qcost : 7




=== Prime Orbit 278 =====================
size : 2
num_suborbits: 1
373 (*) : -0------0----00-----------
373     : ['~ep_epoch1(node0)', '~held(node0)', '~locked_epoch1(node1)', '~locked_epoch2(node0)']
374     : -----0---0--0--0----------
374     : ['~ep_epoch1(node1)', '~held(node1)', '~locked_epoch1(node0)', '~locked_epoch2(node1)']
num_forall :   2
num_exists :   0
num_literals : 5
quantified form : forall NODE1,NODE0. ep_epoch1(NODE0) | held(NODE0) | locked_epoch1(NODE1) | locked_epoch2(NODE0) | NODE0 = NODE1
qcost : 7




=== Prime Orbit 279 =====================
size : 2
num_suborbits: 1
377 (*) : -0-----------000----------
377     : ['~ep_epoch1(node0)', '~locked_epoch1(node1)', '~locked_epoch2(node0)', '~locked_epoch2(node1)']
378     : -----0------0-00----------
378     : ['~ep_epoch1(node1)', '~locked_epoch1(node0)', '~locked_epoch2(node0)', '~locked_epoch2(node1)']
num_forall :   2
num_exists :   0
num_literals : 5
quantified form : forall NODE1,NODE0. ep_epoch1(NODE0) | locked_epoch1(NODE1) | locked_epoch2(NODE0) | locked_epoch2(NODE1) | NODE0 = NODE1
qcost : 7




=== Prime Orbit 280 =====================
size : 2
num_suborbits: 1
379 (*) : -0-----------00-0---------
379     : ['~ep_epoch1(node0)', '~locked_epoch1(node1)', '~locked_epoch2(node0)', '~locked_epoch3(node0)']
380     : -----0------0--0-0--------
380     : ['~ep_epoch1(node1)', '~locked_epoch1(node0)', '~locked_epoch2(node1)', '~locked_epoch3(node1)']
num_forall :   2
num_exists :   0
num_literals : 5
quantified form : forall NODE1,NODE0. ep_epoch1(NODE0) | locked_epoch1(NODE1) | locked_epoch2(NODE0) | locked_epoch3(NODE0) | NODE0 = NODE1
qcost : 7




=== Prime Orbit 281 =====================
size : 2
num_suborbits: 1
641 (*) : 1----1---0------------00--
641     : ['ep_epoch0(node0)', 'ep_epoch1(node1)', '~held(node1)', '~transfer_epoch2(node0)', '~transfer_epoch2(node1)']
642     : -1--1---0-------------00--
642     : ['ep_epoch0(node1)', 'ep_epoch1(node0)', '~held(node0)', '~transfer_epoch2(node0)', '~transfer_epoch2(node1)']
num_forall :   2
num_exists :   0
num_literals : 6
quantified form : forall NODE1,NODE0. ~ep_epoch0(NODE0) | ~ep_epoch1(NODE1) | held(NODE1) | transfer_epoch2(NODE0) | transfer_epoch2(NODE1) | NODE0 = NODE1
qcost : 8




=== Prime Orbit 282 =====================
size : 2
num_suborbits: 1
656 (*) : 1-----1--0--------------00
656     : ['ep_epoch0(node0)', 'ep_epoch2(node1)', '~held(node1)', '~transfer_epoch3(node0)', '~transfer_epoch3(node1)']
655     : --1-1---0---------------00
655     : ['ep_epoch0(node1)', 'ep_epoch2(node0)', '~held(node0)', '~transfer_epoch3(node0)', '~transfer_epoch3(node1)']
num_forall :   2
num_exists :   0
num_literals : 6
quantified form : forall NODE1,NODE0. ~ep_epoch0(NODE0) | ~ep_epoch2(NODE1) | held(NODE1) | transfer_epoch3(NODE0) | transfer_epoch3(NODE1) | NODE0 = NODE1
qcost : 8




=== Prime Orbit 283 =====================
size : 2
num_suborbits: 1
722 (*) : 1--------0-----1--------00
722     : ['ep_epoch0(node0)', 'locked_epoch2(node1)', '~held(node1)', '~transfer_epoch3(node0)', '~transfer_epoch3(node1)']
721     : ----1---0-----1---------00
721     : ['ep_epoch0(node1)', 'locked_epoch2(node0)', '~held(node0)', '~transfer_epoch3(node0)', '~transfer_epoch3(node1)']
num_forall :   2
num_exists :   0
num_literals : 6
quantified form : forall NODE1,NODE0. ~ep_epoch0(NODE0) | ~locked_epoch2(NODE1) | held(NODE1) | transfer_epoch3(NODE0) | transfer_epoch3(NODE1) | NODE0 = NODE1
qcost : 8




=== Prime Orbit 284 =====================
size : 2
num_suborbits: 1
718 (*) : 1----0---0--------------00
718     : ['ep_epoch0(node0)', '~ep_epoch1(node1)', '~held(node1)', '~transfer_epoch3(node0)', '~transfer_epoch3(node1)']
717     : -0--1---0---------------00
717     : ['ep_epoch0(node1)', '~ep_epoch1(node0)', '~held(node0)', '~transfer_epoch3(node0)', '~transfer_epoch3(node1)']
num_forall :   2
num_exists :   0
num_literals : 6
quantified form : forall NODE1,NODE0. ~ep_epoch0(NODE0) | ep_epoch1(NODE1) | held(NODE1) | transfer_epoch3(NODE0) | transfer_epoch3(NODE1) | NODE0 = NODE1
qcost : 8




=== Prime Orbit 285 =====================
size : 2
num_suborbits: 1
720 (*) : 1-----0--0------------00--
720     : ['ep_epoch0(node0)', '~ep_epoch2(node1)', '~held(node1)', '~transfer_epoch2(node0)', '~transfer_epoch2(node1)']
719     : --0-1---0-------------00--
719     : ['ep_epoch0(node1)', '~ep_epoch2(node0)', '~held(node0)', '~transfer_epoch2(node0)', '~transfer_epoch2(node1)']
num_forall :   2
num_exists :   0
num_literals : 6
quantified form : forall NODE1,NODE0. ~ep_epoch0(NODE0) | ep_epoch2(NODE1) | held(NODE1) | transfer_epoch2(NODE0) | transfer_epoch2(NODE1) | NODE0 = NODE1
qcost : 8




=== Prime Orbit 286 =====================
size : 2
num_suborbits: 1
670 (*) : 1--------0-----0------00--
670     : ['ep_epoch0(node0)', '~held(node1)', '~locked_epoch2(node1)', '~transfer_epoch2(node0)', '~transfer_epoch2(node1)']
669     : ----1---0-----0-------00--
669     : ['ep_epoch0(node1)', '~held(node0)', '~locked_epoch2(node0)', '~transfer_epoch2(node0)', '~transfer_epoch2(node1)']
num_forall :   2
num_exists :   0
num_literals : 6
quantified form : forall NODE1,NODE0. ~ep_epoch0(NODE0) | held(NODE1) | locked_epoch2(NODE1) | transfer_epoch2(NODE0) | transfer_epoch2(NODE1) | NODE0 = NODE1
qcost : 8




=== Prime Orbit 287 =====================
size : 2
num_suborbits: 1
648 (*) : -1----1--0--------------00
648     : ['ep_epoch1(node0)', 'ep_epoch2(node1)', '~held(node1)', '~transfer_epoch3(node0)', '~transfer_epoch3(node1)']
647     : --1--1--0---------------00
647     : ['ep_epoch1(node1)', 'ep_epoch2(node0)', '~held(node0)', '~transfer_epoch3(node0)', '~transfer_epoch3(node1)']
num_forall :   2
num_exists :   0
num_literals : 6
quantified form : forall NODE1,NODE0. ~ep_epoch1(NODE0) | ~ep_epoch2(NODE1) | held(NODE1) | transfer_epoch3(NODE0) | transfer_epoch3(NODE1) | NODE0 = NODE1
qcost : 8




=== Prime Orbit 288 =====================
size : 2
num_suborbits: 1
646 (*) : -1-------0-----1--------00
646     : ['ep_epoch1(node0)', 'locked_epoch2(node1)', '~held(node1)', '~transfer_epoch3(node0)', '~transfer_epoch3(node1)']
645     : -----1--0-----1---------00
645     : ['ep_epoch1(node1)', 'locked_epoch2(node0)', '~held(node0)', '~transfer_epoch3(node0)', '~transfer_epoch3(node1)']
num_forall :   2
num_exists :   0
num_literals : 6
quantified form : forall NODE1,NODE0. ~ep_epoch1(NODE0) | ~locked_epoch2(NODE1) | held(NODE1) | transfer_epoch3(NODE0) | transfer_epoch3(NODE1) | NODE0 = NODE1
qcost : 8




=== Prime Orbit 289 =====================
size : 2
num_suborbits: 1
644 (*) : -1--0----0--------------00
644     : ['ep_epoch1(node0)', '~ep_epoch0(node1)', '~held(node1)', '~transfer_epoch3(node0)', '~transfer_epoch3(node1)']
643     : 0----1--0---------------00
643     : ['ep_epoch1(node1)', '~ep_epoch0(node0)', '~held(node0)', '~transfer_epoch3(node0)', '~transfer_epoch3(node1)']
num_forall :   2
num_exists :   0
num_literals : 6
quantified form : forall NODE1,NODE0. ~ep_epoch1(NODE0) | ep_epoch0(NODE1) | held(NODE1) | transfer_epoch3(NODE0) | transfer_epoch3(NODE1) | NODE0 = NODE1
qcost : 8




=== Prime Orbit 290 =====================
size : 2
num_suborbits: 1
640 (*) : -1------0------0------00--
640     : ['ep_epoch1(node0)', '~held(node0)', '~locked_epoch2(node1)', '~transfer_epoch2(node0)', '~transfer_epoch2(node1)']
639     : -----1---0----0-------00--
639     : ['ep_epoch1(node1)', '~held(node1)', '~locked_epoch2(node0)', '~transfer_epoch2(node0)', '~transfer_epoch2(node1)']
num_forall :   2
num_exists :   0
num_literals : 6
quantified form : forall NODE1,NODE0. ~ep_epoch1(NODE0) | held(NODE0) | locked_epoch2(NODE1) | transfer_epoch2(NODE0) | transfer_epoch2(NODE1) | NODE0 = NODE1
qcost : 8




=== Prime Orbit 291 =====================
size : 2
num_suborbits: 1
649 (*) : --1----00---------------00
649     : ['ep_epoch2(node0)', '~ep_epoch3(node1)', '~held(node0)', '~transfer_epoch3(node0)', '~transfer_epoch3(node1)']
650     : ---0--1--0--------------00
650     : ['ep_epoch2(node1)', '~ep_epoch3(node0)', '~held(node1)', '~transfer_epoch3(node0)', '~transfer_epoch3(node1)']
num_forall :   2
num_exists :   0
num_literals : 6
quantified form : forall NODE1,NODE0. ~ep_epoch2(NODE0) | ep_epoch3(NODE1) | held(NODE0) | transfer_epoch3(NODE0) | transfer_epoch3(NODE1) | NODE0 = NODE1
qcost : 8




=== Prime Orbit 292 =====================
size : 2
num_suborbits: 1
653 (*) : --1-----00--------------00
653     : ['ep_epoch2(node0)', '~held(node0)', '~held(node1)', '~transfer_epoch3(node0)', '~transfer_epoch3(node1)']
654     : ------1-00--------------00
654     : ['ep_epoch2(node1)', '~held(node0)', '~held(node1)', '~transfer_epoch3(node0)', '~transfer_epoch3(node1)']
num_forall :   2
num_exists :   0
num_literals : 6
quantified form : forall NODE1,NODE0. ~ep_epoch2(NODE0) | held(NODE0) | held(NODE1) | transfer_epoch3(NODE0) | transfer_epoch3(NODE1) | NODE0 = NODE1
qcost : 8




=== Prime Orbit 293 =====================
size : 2
num_suborbits: 1
651 (*) : --1-----0--------0------00
651     : ['ep_epoch2(node0)', '~held(node0)', '~locked_epoch3(node1)', '~transfer_epoch3(node0)', '~transfer_epoch3(node1)']
652     : ------1--0------0-------00
652     : ['ep_epoch2(node1)', '~held(node1)', '~locked_epoch3(node0)', '~transfer_epoch3(node0)', '~transfer_epoch3(node1)']
num_forall :   2
num_exists :   0
num_literals : 6
quantified form : forall NODE1,NODE0. ~ep_epoch2(NODE0) | held(NODE0) | locked_epoch3(NODE1) | transfer_epoch3(NODE0) | transfer_epoch3(NODE1) | NODE0 = NODE1
qcost : 8




=== Prime Orbit 294 =====================
size : 2
num_suborbits: 1
716 (*) : -00-0-0-----1-------------
716     : ['locked_epoch1(node0)', '~ep_epoch0(node1)', '~ep_epoch1(node0)', '~ep_epoch2(node0)', '~ep_epoch2(node1)']
715     : 0-0--00------1------------
715     : ['locked_epoch1(node1)', '~ep_epoch0(node0)', '~ep_epoch1(node1)', '~ep_epoch2(node0)', '~ep_epoch2(node1)']
num_forall :   2
num_exists :   0
num_literals : 6
quantified form : forall NODE1,NODE0. ~locked_epoch1(NODE0) | ep_epoch0(NODE1) | ep_epoch1(NODE0) | ep_epoch2(NODE0) | ep_epoch2(NODE1) | NODE0 = NODE1
qcost : 8




=== Prime Orbit 295 =====================
size : 2
num_suborbits: 1
702 (*) : -0-00--0----1-------------
702     : ['locked_epoch1(node0)', '~ep_epoch0(node1)', '~ep_epoch1(node0)', '~ep_epoch3(node0)', '~ep_epoch3(node1)']
701     : 0--0-0-0-----1------------
701     : ['locked_epoch1(node1)', '~ep_epoch0(node0)', '~ep_epoch1(node1)', '~ep_epoch3(node0)', '~ep_epoch3(node1)']
num_forall :   2
num_exists :   0
num_literals : 6
quantified form : forall NODE1,NODE0. ~locked_epoch1(NODE0) | ep_epoch0(NODE1) | ep_epoch1(NODE0) | ep_epoch3(NODE0) | ep_epoch3(NODE1) | NODE0 = NODE1
qcost : 8




=== Prime Orbit 296 =====================
size : 4
num_suborbits: 2
698 (*) : -0-00----0--1-------------
698     : ['locked_epoch1(node0)', '~ep_epoch0(node1)', '~ep_epoch1(node0)', '~ep_epoch3(node0)', '~held(node1)']
712     : -0--0--00---1-------------
712     : ['locked_epoch1(node0)', '~ep_epoch0(node1)', '~ep_epoch1(node0)', '~ep_epoch3(node1)', '~held(node0)']
711     : 0--0-0---0---1------------
711     : ['locked_epoch1(node1)', '~ep_epoch0(node0)', '~ep_epoch1(node1)', '~ep_epoch3(node0)', '~held(node1)']
697     : 0----0-00----1------------
697     : ['locked_epoch1(node1)', '~ep_epoch0(node0)', '~ep_epoch1(node1)', '~ep_epoch3(node1)', '~held(node0)']
num_forall :   4
num_exists :   0
num_literals : 11
quantified form : forall NODE1,NODE0,NODE2,NODE3. ~locked_epoch1(NODE0) | ep_epoch0(NODE1) | ep_epoch1(NODE0) | ep_epoch3(NODE2) | held(NODE3) | ((NODE0 ~= NODE2 | NODE1 ~= NODE3 | NODE0 = NODE1) & (NODE0 ~= NODE3 | NODE1 ~= NODE2 | NODE0 = NODE1))
qcost : 15




=== Prime Orbit 297 =====================
size : 4
num_suborbits: 2
700 (*) : -0-00-------1----0--------
700     : ['locked_epoch1(node0)', '~ep_epoch0(node1)', '~ep_epoch1(node0)', '~ep_epoch3(node0)', '~locked_epoch3(node1)']
704     : -0--0--0----1---0---------
704     : ['locked_epoch1(node0)', '~ep_epoch0(node1)', '~ep_epoch1(node0)', '~ep_epoch3(node1)', '~locked_epoch3(node0)']
703     : 0--0-0-------1---0--------
703     : ['locked_epoch1(node1)', '~ep_epoch0(node0)', '~ep_epoch1(node1)', '~ep_epoch3(node0)', '~locked_epoch3(node1)']
699     : 0----0-0-----1--0---------
699     : ['locked_epoch1(node1)', '~ep_epoch0(node0)', '~ep_epoch1(node1)', '~ep_epoch3(node1)', '~locked_epoch3(node0)']
num_forall :   4
num_exists :   0
num_literals : 11
quantified form : forall NODE1,NODE0,NODE2,NODE3. ~locked_epoch1(NODE0) | ep_epoch0(NODE1) | ep_epoch1(NODE0) | ep_epoch3(NODE2) | locked_epoch3(NODE3) | ((NODE0 ~= NODE2 | NODE1 ~= NODE3 | NODE0 = NODE1) & (NODE0 ~= NODE3 | NODE1 ~= NODE2 | NODE0 = NODE1))
qcost : 15




=== Prime Orbit 298 =====================
size : 2
num_suborbits: 1
714 (*) : -0--0---00--1-------------
714     : ['locked_epoch1(node0)', '~ep_epoch0(node1)', '~ep_epoch1(node0)', '~held(node0)', '~held(node1)']
713     : 0----0--00---1------------
713     : ['locked_epoch1(node1)', '~ep_epoch0(node0)', '~ep_epoch1(node1)', '~held(node0)', '~held(node1)']
num_forall :   2
num_exists :   0
num_literals : 6
quantified form : forall NODE1,NODE0. ~locked_epoch1(NODE0) | ep_epoch0(NODE1) | ep_epoch1(NODE0) | held(NODE0) | held(NODE1) | NODE0 = NODE1
qcost : 8




=== Prime Orbit 299 =====================
size : 4
num_suborbits: 2
710 (*) : -0--0---0---1----0--------
710     : ['locked_epoch1(node0)', '~ep_epoch0(node1)', '~ep_epoch1(node0)', '~held(node0)', '~locked_epoch3(node1)']
708     : -0--0----0--1---0---------
708     : ['locked_epoch1(node0)', '~ep_epoch0(node1)', '~ep_epoch1(node0)', '~held(node1)', '~locked_epoch3(node0)']
707     : 0----0--0----1---0--------
707     : ['locked_epoch1(node1)', '~ep_epoch0(node0)', '~ep_epoch1(node1)', '~held(node0)', '~locked_epoch3(node1)']
709     : 0----0---0---1--0---------
709     : ['locked_epoch1(node1)', '~ep_epoch0(node0)', '~ep_epoch1(node1)', '~held(node1)', '~locked_epoch3(node0)']
num_forall :   4
num_exists :   0
num_literals : 11
quantified form : forall NODE1,NODE0,NODE2,NODE3. ~locked_epoch1(NODE0) | ep_epoch0(NODE1) | ep_epoch1(NODE0) | held(NODE2) | locked_epoch3(NODE3) | ((NODE0 ~= NODE3 | NODE1 ~= NODE2 | NODE0 = NODE1) & (NODE0 ~= NODE2 | NODE1 ~= NODE3 | NODE0 = NODE1))
qcost : 15




=== Prime Orbit 300 =====================
size : 2
num_suborbits: 1
706 (*) : -0--0-------1---00--------
706     : ['locked_epoch1(node0)', '~ep_epoch0(node1)', '~ep_epoch1(node0)', '~locked_epoch3(node0)', '~locked_epoch3(node1)']
705     : 0----0-------1--00--------
705     : ['locked_epoch1(node1)', '~ep_epoch0(node0)', '~ep_epoch1(node1)', '~locked_epoch3(node0)', '~locked_epoch3(node1)']
num_forall :   2
num_exists :   0
num_literals : 6
quantified form : forall NODE1,NODE0. ~locked_epoch1(NODE0) | ep_epoch0(NODE1) | ep_epoch1(NODE0) | locked_epoch3(NODE0) | locked_epoch3(NODE1) | NODE0 = NODE1
qcost : 8




=== Prime Orbit 301 =====================
size : 2
num_suborbits: 1
696 (*) : -------00-----1---------00
696     : ['locked_epoch2(node0)', '~ep_epoch3(node1)', '~held(node0)', '~transfer_epoch3(node0)', '~transfer_epoch3(node1)']
695     : ---0-----0-----1--------00
695     : ['locked_epoch2(node1)', '~ep_epoch3(node0)', '~held(node1)', '~transfer_epoch3(node0)', '~transfer_epoch3(node1)']
num_forall :   2
num_exists :   0
num_literals : 6
quantified form : forall NODE1,NODE0. ~locked_epoch2(NODE0) | ep_epoch3(NODE1) | held(NODE0) | transfer_epoch3(NODE0) | transfer_epoch3(NODE1) | NODE0 = NODE1
qcost : 8




=== Prime Orbit 302 =====================
size : 2
num_suborbits: 1
692 (*) : --------00----1---------00
692     : ['locked_epoch2(node0)', '~held(node0)', '~held(node1)', '~transfer_epoch3(node0)', '~transfer_epoch3(node1)']
691     : --------00-----1--------00
691     : ['locked_epoch2(node1)', '~held(node0)', '~held(node1)', '~transfer_epoch3(node0)', '~transfer_epoch3(node1)']
num_forall :   2
num_exists :   0
num_literals : 6
quantified form : forall NODE1,NODE0. ~locked_epoch2(NODE0) | held(NODE0) | held(NODE1) | transfer_epoch3(NODE0) | transfer_epoch3(NODE1) | NODE0 = NODE1
qcost : 8




=== Prime Orbit 303 =====================
size : 2
num_suborbits: 1
694 (*) : --------0-----1--0------00
694     : ['locked_epoch2(node0)', '~held(node0)', '~locked_epoch3(node1)', '~transfer_epoch3(node0)', '~transfer_epoch3(node1)']
693     : ---------0-----10-------00
693     : ['locked_epoch2(node1)', '~held(node1)', '~locked_epoch3(node0)', '~transfer_epoch3(node0)', '~transfer_epoch3(node1)']
num_forall :   2
num_exists :   0
num_literals : 6
quantified form : forall NODE1,NODE0. ~locked_epoch2(NODE0) | held(NODE0) | locked_epoch3(NODE1) | transfer_epoch3(NODE0) | transfer_epoch3(NODE1) | NODE0 = NODE1
qcost : 8




=== Prime Orbit 304 =====================
size : 2
num_suborbits: 1
723 (*) : 00--00------------------1-
723     : ['transfer_epoch3(node0)', '~ep_epoch0(node0)', '~ep_epoch0(node1)', '~ep_epoch1(node0)', '~ep_epoch1(node1)']
724     : 00--00-------------------1
724     : ['transfer_epoch3(node1)', '~ep_epoch0(node0)', '~ep_epoch0(node1)', '~ep_epoch1(node0)', '~ep_epoch1(node1)']
num_forall :   2
num_exists :   0
num_literals : 6
quantified form : forall NODE1,NODE0. ~transfer_epoch3(NODE0) | ep_epoch0(NODE0) | ep_epoch0(NODE1) | ep_epoch1(NODE0) | ep_epoch1(NODE1) | NODE0 = NODE1
qcost : 8




=== Prime Orbit 305 =====================
size : 2
num_suborbits: 1
666 (*) : 0-000----------0----------
666     : ['~ep_epoch0(node0)', '~ep_epoch0(node1)', '~ep_epoch2(node0)', '~ep_epoch3(node0)', '~locked_epoch2(node1)']
665     : 0---0-00------0-----------
665     : ['~ep_epoch0(node0)', '~ep_epoch0(node1)', '~ep_epoch2(node1)', '~ep_epoch3(node1)', '~locked_epoch2(node0)']
num_forall :   2
num_exists :   0
num_literals : 6
quantified form : forall NODE1,NODE0. ep_epoch0(NODE0) | ep_epoch0(NODE1) | ep_epoch2(NODE1) | ep_epoch3(NODE1) | locked_epoch2(NODE0) | NODE0 = NODE1
qcost : 8




=== Prime Orbit 306 =====================
size : 2
num_suborbits: 1
664 (*) : 0-0-0---0------0----------
664     : ['~ep_epoch0(node0)', '~ep_epoch0(node1)', '~ep_epoch2(node0)', '~held(node0)', '~locked_epoch2(node1)']
663     : 0---0-0--0----0-----------
663     : ['~ep_epoch0(node0)', '~ep_epoch0(node1)', '~ep_epoch2(node1)', '~held(node1)', '~locked_epoch2(node0)']
num_forall :   2
num_exists :   0
num_literals : 6
quantified form : forall NODE1,NODE0. ep_epoch0(NODE0) | ep_epoch0(NODE1) | ep_epoch2(NODE1) | held(NODE1) | locked_epoch2(NODE0) | NODE0 = NODE1
qcost : 8




=== Prime Orbit 307 =====================
size : 2
num_suborbits: 1
668 (*) : 0-0-0----------00---------
668     : ['~ep_epoch0(node0)', '~ep_epoch0(node1)', '~ep_epoch2(node0)', '~locked_epoch2(node1)', '~locked_epoch3(node0)']
667     : 0---0-0-------0--0--------
667     : ['~ep_epoch0(node0)', '~ep_epoch0(node1)', '~ep_epoch2(node1)', '~locked_epoch2(node0)', '~locked_epoch3(node1)']
num_forall :   2
num_exists :   0
num_literals : 6
quantified form : forall NODE1,NODE0. ep_epoch0(NODE0) | ep_epoch0(NODE1) | ep_epoch2(NODE1) | locked_epoch2(NODE0) | locked_epoch3(NODE1) | NODE0 = NODE1
qcost : 8




=== Prime Orbit 308 =====================
size : 2
num_suborbits: 1
672 (*) : 0-0--00-----0-------------
672     : ['~ep_epoch0(node0)', '~ep_epoch1(node1)', '~ep_epoch2(node0)', '~ep_epoch2(node1)', '~locked_epoch1(node0)']
671     : -00-0-0------0------------
671     : ['~ep_epoch0(node1)', '~ep_epoch1(node0)', '~ep_epoch2(node0)', '~ep_epoch2(node1)', '~locked_epoch1(node1)']
num_forall :   2
num_exists :   0
num_literals : 6
quantified form : forall NODE1,NODE0. ep_epoch0(NODE0) | ep_epoch1(NODE1) | ep_epoch2(NODE0) | ep_epoch2(NODE1) | locked_epoch1(NODE0) | NODE0 = NODE1
qcost : 8




=== Prime Orbit 309 =====================
size : 2
num_suborbits: 1
674 (*) : 0--0-0-0----0-------------
674     : ['~ep_epoch0(node0)', '~ep_epoch1(node1)', '~ep_epoch3(node0)', '~ep_epoch3(node1)', '~locked_epoch1(node0)']
673     : -0-00--0-----0------------
673     : ['~ep_epoch0(node1)', '~ep_epoch1(node0)', '~ep_epoch3(node0)', '~ep_epoch3(node1)', '~locked_epoch1(node1)']
num_forall :   2
num_exists :   0
num_literals : 6
quantified form : forall NODE1,NODE0. ep_epoch0(NODE0) | ep_epoch1(NODE1) | ep_epoch3(NODE0) | ep_epoch3(NODE1) | locked_epoch1(NODE0) | NODE0 = NODE1
qcost : 8




=== Prime Orbit 310 =====================
size : 4
num_suborbits: 2
678 (*) : 0--0-0---0--0-------------
678     : ['~ep_epoch0(node0)', '~ep_epoch1(node1)', '~ep_epoch3(node0)', '~held(node1)', '~locked_epoch1(node0)']
686     : 0----0-00---0-------------
686     : ['~ep_epoch0(node0)', '~ep_epoch1(node1)', '~ep_epoch3(node1)', '~held(node0)', '~locked_epoch1(node0)']
685     : -0-00----0---0------------
685     : ['~ep_epoch0(node1)', '~ep_epoch1(node0)', '~ep_epoch3(node0)', '~held(node1)', '~locked_epoch1(node1)']
677     : -0--0--00----0------------
677     : ['~ep_epoch0(node1)', '~ep_epoch1(node0)', '~ep_epoch3(node1)', '~held(node0)', '~locked_epoch1(node1)']
num_forall :   4
num_exists :   0
num_literals : 11
quantified form : forall NODE1,NODE0,NODE2,NODE3. ep_epoch0(NODE0) | ep_epoch1(NODE1) | ep_epoch3(NODE2) | held(NODE3) | locked_epoch1(NODE0) | ((NODE0 ~= NODE2 | NODE1 ~= NODE3 | NODE0 = NODE1) & (NODE0 ~= NODE3 | NODE1 ~= NODE2 | NODE0 = NODE1))
qcost : 15




=== Prime Orbit 311 =====================
size : 4
num_suborbits: 2
676 (*) : 0--0-0------0----0--------
676     : ['~ep_epoch0(node0)', '~ep_epoch1(node1)', '~ep_epoch3(node0)', '~locked_epoch1(node0)', '~locked_epoch3(node1)']
680     : 0----0-0----0---0---------
680     : ['~ep_epoch0(node0)', '~ep_epoch1(node1)', '~ep_epoch3(node1)', '~locked_epoch1(node0)', '~locked_epoch3(node0)']
679     : -0-00--------0---0--------
679     : ['~ep_epoch0(node1)', '~ep_epoch1(node0)', '~ep_epoch3(node0)', '~locked_epoch1(node1)', '~locked_epoch3(node1)']
675     : -0--0--0-----0--0---------
675     : ['~ep_epoch0(node1)', '~ep_epoch1(node0)', '~ep_epoch3(node1)', '~locked_epoch1(node1)', '~locked_epoch3(node0)']
num_forall :   4
num_exists :   0
num_literals : 11
quantified form : forall NODE1,NODE0,NODE2,NODE3. ep_epoch0(NODE0) | ep_epoch1(NODE1) | ep_epoch3(NODE2) | locked_epoch1(NODE0) | locked_epoch3(NODE3) | ((NODE0 ~= NODE2 | NODE1 ~= NODE3 | NODE0 = NODE1) & (NODE0 ~= NODE3 | NODE1 ~= NODE2 | NODE0 = NODE1))
qcost : 15




=== Prime Orbit 312 =====================
size : 2
num_suborbits: 1
690 (*) : 0----0--00--0-------------
690     : ['~ep_epoch0(node0)', '~ep_epoch1(node1)', '~held(node0)', '~held(node1)', '~locked_epoch1(node0)']
689     : -0--0---00---0------------
689     : ['~ep_epoch0(node1)', '~ep_epoch1(node0)', '~held(node0)', '~held(node1)', '~locked_epoch1(node1)']
num_forall :   2
num_exists :   0
num_literals : 6
quantified form : forall NODE1,NODE0. ep_epoch0(NODE0) | ep_epoch1(NODE1) | held(NODE0) | held(NODE1) | locked_epoch1(NODE0) | NODE0 = NODE1
qcost : 8




=== Prime Orbit 313 =====================
size : 4
num_suborbits: 2
688 (*) : 0----0--0---0----0--------
688     : ['~ep_epoch0(node0)', '~ep_epoch1(node1)', '~held(node0)', '~locked_epoch1(node0)', '~locked_epoch3(node1)']
684     : 0----0---0--0---0---------
684     : ['~ep_epoch0(node0)', '~ep_epoch1(node1)', '~held(node1)', '~locked_epoch1(node0)', '~locked_epoch3(node0)']
683     : -0--0---0----0---0--------
683     : ['~ep_epoch0(node1)', '~ep_epoch1(node0)', '~held(node0)', '~locked_epoch1(node1)', '~locked_epoch3(node1)']
687     : -0--0----0---0--0---------
687     : ['~ep_epoch0(node1)', '~ep_epoch1(node0)', '~held(node1)', '~locked_epoch1(node1)', '~locked_epoch3(node0)']
num_forall :   4
num_exists :   0
num_literals : 11
quantified form : forall NODE1,NODE0,NODE2,NODE3. ep_epoch0(NODE0) | ep_epoch1(NODE1) | held(NODE2) | locked_epoch1(NODE0) | locked_epoch3(NODE3) | ((NODE0 ~= NODE3 | NODE1 ~= NODE2 | NODE0 = NODE1) & (NODE0 ~= NODE2 | NODE1 ~= NODE3 | NODE0 = NODE1))
qcost : 15




=== Prime Orbit 314 =====================
size : 2
num_suborbits: 1
682 (*) : 0----0------0---00--------
682     : ['~ep_epoch0(node0)', '~ep_epoch1(node1)', '~locked_epoch1(node0)', '~locked_epoch3(node0)', '~locked_epoch3(node1)']
681     : -0--0--------0--00--------
681     : ['~ep_epoch0(node1)', '~ep_epoch1(node0)', '~locked_epoch1(node1)', '~locked_epoch3(node0)', '~locked_epoch3(node1)']
num_forall :   2
num_exists :   0
num_literals : 6
quantified form : forall NODE1,NODE0. ep_epoch0(NODE0) | ep_epoch1(NODE1) | locked_epoch1(NODE0) | locked_epoch3(NODE0) | locked_epoch3(NODE1) | NODE0 = NODE1
qcost : 8




=== Prime Orbit 315 =====================
size : 2
num_suborbits: 1
660 (*) : -000-0---------0----------
660     : ['~ep_epoch1(node0)', '~ep_epoch1(node1)', '~ep_epoch2(node0)', '~ep_epoch3(node0)', '~locked_epoch2(node1)']
659     : -0---000------0-----------
659     : ['~ep_epoch1(node0)', '~ep_epoch1(node1)', '~ep_epoch2(node1)', '~ep_epoch3(node1)', '~locked_epoch2(node0)']
num_forall :   2
num_exists :   0
num_literals : 6
quantified form : forall NODE1,NODE0. ep_epoch1(NODE0) | ep_epoch1(NODE1) | ep_epoch2(NODE1) | ep_epoch3(NODE1) | locked_epoch2(NODE0) | NODE0 = NODE1
qcost : 8




=== Prime Orbit 316 =====================
size : 2
num_suborbits: 1
662 (*) : -00--0--0------0----------
662     : ['~ep_epoch1(node0)', '~ep_epoch1(node1)', '~ep_epoch2(node0)', '~held(node0)', '~locked_epoch2(node1)']
661     : -0---00--0----0-----------
661     : ['~ep_epoch1(node0)', '~ep_epoch1(node1)', '~ep_epoch2(node1)', '~held(node1)', '~locked_epoch2(node0)']
num_forall :   2
num_exists :   0
num_literals : 6
quantified form : forall NODE1,NODE0. ep_epoch1(NODE0) | ep_epoch1(NODE1) | ep_epoch2(NODE1) | held(NODE1) | locked_epoch2(NODE0) | NODE0 = NODE1
qcost : 8




=== Prime Orbit 317 =====================
size : 2
num_suborbits: 1
658 (*) : -00--0---------00---------
658     : ['~ep_epoch1(node0)', '~ep_epoch1(node1)', '~ep_epoch2(node0)', '~locked_epoch2(node1)', '~locked_epoch3(node0)']
657     : -0---00-------0--0--------
657     : ['~ep_epoch1(node0)', '~ep_epoch1(node1)', '~ep_epoch2(node1)', '~locked_epoch2(node0)', '~locked_epoch3(node1)']
num_forall :   2
num_exists :   0
num_literals : 6
quantified form : forall NODE1,NODE0. ep_epoch1(NODE0) | ep_epoch1(NODE1) | ep_epoch2(NODE1) | locked_epoch2(NODE0) | locked_epoch3(NODE1) | NODE0 = NODE1
qcost : 8




=== Prime Orbit 318 =====================
size : 2
num_suborbits: 1
807 (*) : 1--------0------------0000
807     : ['ep_epoch0(node0)', '~held(node1)', '~transfer_epoch2(node0)', '~transfer_epoch2(node1)', '~transfer_epoch3(node0)', '~transfer_epoch3(node1)']
806     : ----1---0-------------0000
806     : ['ep_epoch0(node1)', '~held(node0)', '~transfer_epoch2(node0)', '~transfer_epoch2(node1)', '~transfer_epoch3(node0)', '~transfer_epoch3(node1)']
num_forall :   2
num_exists :   0
num_literals : 7
quantified form : forall NODE1,NODE0. ~ep_epoch0(NODE0) | held(NODE1) | transfer_epoch2(NODE0) | transfer_epoch2(NODE1) | transfer_epoch3(NODE0) | transfer_epoch3(NODE1) | NODE0 = NODE1
qcost : 9




=== Prime Orbit 319 =====================
size : 2
num_suborbits: 1
809 (*) : -1----000-------------00--
809     : ['ep_epoch1(node0)', '~ep_epoch2(node1)', '~ep_epoch3(node1)', '~held(node0)', '~transfer_epoch2(node0)', '~transfer_epoch2(node1)']
808     : --00-1---0------------00--
808     : ['ep_epoch1(node1)', '~ep_epoch2(node0)', '~ep_epoch3(node0)', '~held(node1)', '~transfer_epoch2(node0)', '~transfer_epoch2(node1)']
num_forall :   2
num_exists :   0
num_literals : 7
quantified form : forall NODE1,NODE0. ~ep_epoch1(NODE0) | ep_epoch2(NODE1) | ep_epoch3(NODE1) | held(NODE0) | transfer_epoch2(NODE0) | transfer_epoch2(NODE1) | NODE0 = NODE1
qcost : 9




=== Prime Orbit 320 =====================
size : 2
num_suborbits: 1
813 (*) : -1----0-00------------00--
813     : ['ep_epoch1(node0)', '~ep_epoch2(node1)', '~held(node0)', '~held(node1)', '~transfer_epoch2(node0)', '~transfer_epoch2(node1)']
812     : --0--1--00------------00--
812     : ['ep_epoch1(node1)', '~ep_epoch2(node0)', '~held(node0)', '~held(node1)', '~transfer_epoch2(node0)', '~transfer_epoch2(node1)']
num_forall :   2
num_exists :   0
num_literals : 7
quantified form : forall NODE1,NODE0. ~ep_epoch1(NODE0) | ep_epoch2(NODE1) | held(NODE0) | held(NODE1) | transfer_epoch2(NODE0) | transfer_epoch2(NODE1) | NODE0 = NODE1
qcost : 9




=== Prime Orbit 321 =====================
size : 2
num_suborbits: 1
811 (*) : -1----0-0--------0----00--
811     : ['ep_epoch1(node0)', '~ep_epoch2(node1)', '~held(node0)', '~locked_epoch3(node1)', '~transfer_epoch2(node0)', '~transfer_epoch2(node1)']
810     : --0--1---0------0-----00--
810     : ['ep_epoch1(node1)', '~ep_epoch2(node0)', '~held(node1)', '~locked_epoch3(node0)', '~transfer_epoch2(node0)', '~transfer_epoch2(node1)']
num_forall :   2
num_exists :   0
num_literals : 7
quantified form : forall NODE1,NODE0. ~ep_epoch1(NODE0) | ep_epoch2(NODE1) | held(NODE0) | locked_epoch3(NODE1) | transfer_epoch2(NODE0) | transfer_epoch2(NODE1) | NODE0 = NODE1
qcost : 9




=== Prime Orbit 322 =====================
size : 2
num_suborbits: 1
752 (*) : ---00----0--1-----------00
752     : ['locked_epoch1(node0)', '~ep_epoch0(node1)', '~ep_epoch3(node0)', '~held(node1)', '~transfer_epoch3(node0)', '~transfer_epoch3(node1)']
751     : 0------00----1----------00
751     : ['locked_epoch1(node1)', '~ep_epoch0(node0)', '~ep_epoch3(node1)', '~held(node0)', '~transfer_epoch3(node0)', '~transfer_epoch3(node1)']
num_forall :   2
num_exists :   0
num_literals : 7
quantified form : forall NODE1,NODE0. ~locked_epoch1(NODE0) | ep_epoch0(NODE1) | ep_epoch3(NODE0) | held(NODE1) | transfer_epoch3(NODE0) | transfer_epoch3(NODE1) | NODE0 = NODE1
qcost : 9




=== Prime Orbit 323 =====================
size : 2
num_suborbits: 1
748 (*) : ----0---00--1-----------00
748     : ['locked_epoch1(node0)', '~ep_epoch0(node1)', '~held(node0)', '~held(node1)', '~transfer_epoch3(node0)', '~transfer_epoch3(node1)']
747     : 0-------00---1----------00
747     : ['locked_epoch1(node1)', '~ep_epoch0(node0)', '~held(node0)', '~held(node1)', '~transfer_epoch3(node0)', '~transfer_epoch3(node1)']
num_forall :   2
num_exists :   0
num_literals : 7
quantified form : forall NODE1,NODE0. ~locked_epoch1(NODE0) | ep_epoch0(NODE1) | held(NODE0) | held(NODE1) | transfer_epoch3(NODE0) | transfer_epoch3(NODE1) | NODE0 = NODE1
qcost : 9




=== Prime Orbit 324 =====================
size : 2
num_suborbits: 1
750 (*) : ----0----0--1---0-------00
750     : ['locked_epoch1(node0)', '~ep_epoch0(node1)', '~held(node1)', '~locked_epoch3(node0)', '~transfer_epoch3(node0)', '~transfer_epoch3(node1)']
749     : 0-------0----1---0------00
749     : ['locked_epoch1(node1)', '~ep_epoch0(node0)', '~held(node0)', '~locked_epoch3(node1)', '~transfer_epoch3(node0)', '~transfer_epoch3(node1)']
num_forall :   2
num_exists :   0
num_literals : 7
quantified form : forall NODE1,NODE0. ~locked_epoch1(NODE0) | ep_epoch0(NODE1) | held(NODE1) | locked_epoch3(NODE0) | transfer_epoch3(NODE0) | transfer_epoch3(NODE1) | NODE0 = NODE1
qcost : 9




=== Prime Orbit 325 =====================
size : 2
num_suborbits: 1
735 (*) : -0-----00---1-----------00
735     : ['locked_epoch1(node0)', '~ep_epoch1(node0)', '~ep_epoch3(node1)', '~held(node0)', '~transfer_epoch3(node0)', '~transfer_epoch3(node1)']
734     : ---0-0---0---1----------00
734     : ['locked_epoch1(node1)', '~ep_epoch1(node1)', '~ep_epoch3(node0)', '~held(node1)', '~transfer_epoch3(node0)', '~transfer_epoch3(node1)']
num_forall :   2
num_exists :   0
num_literals : 7
quantified form : forall NODE1,NODE0. ~locked_epoch1(NODE0) | ep_epoch1(NODE0) | ep_epoch3(NODE1) | held(NODE0) | transfer_epoch3(NODE0) | transfer_epoch3(NODE1) | NODE0 = NODE1
qcost : 9




=== Prime Orbit 326 =====================
size : 2
num_suborbits: 1
746 (*) : -0------00--1-----------00
746     : ['locked_epoch1(node0)', '~ep_epoch1(node0)', '~held(node0)', '~held(node1)', '~transfer_epoch3(node0)', '~transfer_epoch3(node1)']
745     : -----0--00---1----------00
745     : ['locked_epoch1(node1)', '~ep_epoch1(node1)', '~held(node0)', '~held(node1)', '~transfer_epoch3(node0)', '~transfer_epoch3(node1)']
num_forall :   2
num_exists :   0
num_literals : 7
quantified form : forall NODE1,NODE0. ~locked_epoch1(NODE0) | ep_epoch1(NODE0) | held(NODE0) | held(NODE1) | transfer_epoch3(NODE0) | transfer_epoch3(NODE1) | NODE0 = NODE1
qcost : 9




=== Prime Orbit 327 =====================
size : 2
num_suborbits: 1
737 (*) : -0------0---1----0------00
737     : ['locked_epoch1(node0)', '~ep_epoch1(node0)', '~held(node0)', '~locked_epoch3(node1)', '~transfer_epoch3(node0)', '~transfer_epoch3(node1)']
736     : -----0---0---1--0-------00
736     : ['locked_epoch1(node1)', '~ep_epoch1(node1)', '~held(node1)', '~locked_epoch3(node0)', '~transfer_epoch3(node0)', '~transfer_epoch3(node1)']
num_forall :   2
num_exists :   0
num_literals : 7
quantified form : forall NODE1,NODE0. ~locked_epoch1(NODE0) | ep_epoch1(NODE0) | held(NODE0) | locked_epoch3(NODE1) | transfer_epoch3(NODE0) | transfer_epoch3(NODE1) | NODE0 = NODE1
qcost : 9




=== Prime Orbit 328 =====================
size : 2
num_suborbits: 1
778 (*) : --0-----0---1--0------00--
778     : ['locked_epoch1(node0)', '~ep_epoch2(node0)', '~held(node0)', '~locked_epoch2(node1)', '~transfer_epoch2(node0)', '~transfer_epoch2(node1)']
779     : ------0--0---10-------00--
779     : ['locked_epoch1(node1)', '~ep_epoch2(node1)', '~held(node1)', '~locked_epoch2(node0)', '~transfer_epoch2(node0)', '~transfer_epoch2(node1)']
num_forall :   2
num_exists :   0
num_literals : 7
quantified form : forall NODE1,NODE0. ~locked_epoch1(NODE0) | ep_epoch2(NODE0) | held(NODE0) | locked_epoch2(NODE1) | transfer_epoch2(NODE0) | transfer_epoch2(NODE1) | NODE0 = NODE1
qcost : 9




=== Prime Orbit 329 =====================
size : 2
num_suborbits: 1
768 (*) : --------0---1-00------00--
768     : ['locked_epoch1(node0)', '~held(node0)', '~locked_epoch2(node0)', '~locked_epoch2(node1)', '~transfer_epoch2(node0)', '~transfer_epoch2(node1)']
767     : ---------0---100------00--
767     : ['locked_epoch1(node1)', '~held(node1)', '~locked_epoch2(node0)', '~locked_epoch2(node1)', '~transfer_epoch2(node0)', '~transfer_epoch2(node1)']
num_forall :   2
num_exists :   0
num_literals : 7
quantified form : forall NODE1,NODE0. ~locked_epoch1(NODE0) | held(NODE0) | locked_epoch2(NODE0) | locked_epoch2(NODE1) | transfer_epoch2(NODE0) | transfer_epoch2(NODE1) | NODE0 = NODE1
qcost : 9




=== Prime Orbit 330 =====================
size : 1
num_suborbits: 1
795 (*) : 000-000-------------------
795     : ['~ep_epoch0(node0)', '~ep_epoch0(node1)', '~ep_epoch1(node0)', '~ep_epoch1(node1)', '~ep_epoch2(node0)', '~ep_epoch2(node1)']
num_forall :   0
num_exists :   1
num_literals : 3
quantified form : exists NODE0. ep_epoch0(NODE0) | ep_epoch1(NODE0) | ep_epoch2(NODE0)
qcost : 4




=== Prime Orbit 331 =====================
size : 1
num_suborbits: 1
727 (*) : 00-000-0------------------
727     : ['~ep_epoch0(node0)', '~ep_epoch0(node1)', '~ep_epoch1(node0)', '~ep_epoch1(node1)', '~ep_epoch3(node0)', '~ep_epoch3(node1)']
num_forall :   0
num_exists :   1
num_literals : 3
quantified form : exists NODE0. ep_epoch0(NODE0) | ep_epoch1(NODE0) | ep_epoch3(NODE0)
qcost : 4




=== Prime Orbit 332 =====================
size : 2
num_suborbits: 1
728 (*) : 00-000---0----------------
728     : ['~ep_epoch0(node0)', '~ep_epoch0(node1)', '~ep_epoch1(node0)', '~ep_epoch1(node1)', '~ep_epoch3(node0)', '~held(node1)']
729     : 00--00-00-----------------
729     : ['~ep_epoch0(node0)', '~ep_epoch0(node1)', '~ep_epoch1(node0)', '~ep_epoch1(node1)', '~ep_epoch3(node1)', '~held(node0)']
num_forall :   2
num_exists :   0
num_literals : 7
quantified form : forall NODE1,NODE0. ep_epoch0(NODE0) | ep_epoch0(NODE1) | ep_epoch1(NODE0) | ep_epoch1(NODE1) | ep_epoch3(NODE0) | held(NODE1) | NODE0 = NODE1
qcost : 9




=== Prime Orbit 333 =====================
size : 2
num_suborbits: 1
725 (*) : 00-000-----------0--------
725     : ['~ep_epoch0(node0)', '~ep_epoch0(node1)', '~ep_epoch1(node0)', '~ep_epoch1(node1)', '~ep_epoch3(node0)', '~locked_epoch3(node1)']
726     : 00--00-0--------0---------
726     : ['~ep_epoch0(node0)', '~ep_epoch0(node1)', '~ep_epoch1(node0)', '~ep_epoch1(node1)', '~ep_epoch3(node1)', '~locked_epoch3(node0)']
num_forall :   2
num_exists :   0
num_literals : 7
quantified form : forall NODE1,NODE0. ep_epoch0(NODE0) | ep_epoch0(NODE1) | ep_epoch1(NODE0) | ep_epoch1(NODE1) | ep_epoch3(NODE0) | locked_epoch3(NODE1) | NODE0 = NODE1
qcost : 9




=== Prime Orbit 334 =====================
size : 1
num_suborbits: 1
762 (*) : 00--00--00----------------
762     : ['~ep_epoch0(node0)', '~ep_epoch0(node1)', '~ep_epoch1(node0)', '~ep_epoch1(node1)', '~held(node0)', '~held(node1)']
num_forall :   0
num_exists :   1
num_literals : 3
quantified form : exists NODE0. ep_epoch0(NODE0) | ep_epoch1(NODE0) | held(NODE0)
qcost : 4




=== Prime Orbit 335 =====================
size : 2
num_suborbits: 1
744 (*) : 00--00--0--------0--------
744     : ['~ep_epoch0(node0)', '~ep_epoch0(node1)', '~ep_epoch1(node0)', '~ep_epoch1(node1)', '~held(node0)', '~locked_epoch3(node1)']
743     : 00--00---0------0---------
743     : ['~ep_epoch0(node0)', '~ep_epoch0(node1)', '~ep_epoch1(node0)', '~ep_epoch1(node1)', '~held(node1)', '~locked_epoch3(node0)']
num_forall :   2
num_exists :   0
num_literals : 7
quantified form : forall NODE1,NODE0. ep_epoch0(NODE0) | ep_epoch0(NODE1) | ep_epoch1(NODE0) | ep_epoch1(NODE1) | held(NODE1) | locked_epoch3(NODE0) | NODE0 = NODE1
qcost : 9




=== Prime Orbit 336 =====================
size : 1
num_suborbits: 1
742 (*) : 00--00----------00--------
742     : ['~ep_epoch0(node0)', '~ep_epoch0(node1)', '~ep_epoch1(node0)', '~ep_epoch1(node1)', '~locked_epoch3(node0)', '~locked_epoch3(node1)']
num_forall :   0
num_exists :   1
num_literals : 3
quantified form : exists NODE0. ep_epoch0(NODE0) | ep_epoch1(NODE0) | locked_epoch3(NODE0)
qcost : 4




=== Prime Orbit 337 =====================
size : 1
num_suborbits: 1
796 (*) : 0-000-00------------------
796     : ['~ep_epoch0(node0)', '~ep_epoch0(node1)', '~ep_epoch2(node0)', '~ep_epoch2(node1)', '~ep_epoch3(node0)', '~ep_epoch3(node1)']
num_forall :   0
num_exists :   1
num_literals : 3
quantified form : exists NODE0. ep_epoch0(NODE0) | ep_epoch2(NODE0) | ep_epoch3(NODE0)
qcost : 4




=== Prime Orbit 338 =====================
size : 2
num_suborbits: 1
790 (*) : 0-000-0--0----------------
790     : ['~ep_epoch0(node0)', '~ep_epoch0(node1)', '~ep_epoch2(node0)', '~ep_epoch2(node1)', '~ep_epoch3(node0)', '~held(node1)']
789     : 0-0-0-000-----------------
789     : ['~ep_epoch0(node0)', '~ep_epoch0(node1)', '~ep_epoch2(node0)', '~ep_epoch2(node1)', '~ep_epoch3(node1)', '~held(node0)']
num_forall :   2
num_exists :   0
num_literals : 7
quantified form : forall NODE1,NODE0. ep_epoch0(NODE0) | ep_epoch0(NODE1) | ep_epoch2(NODE0) | ep_epoch2(NODE1) | ep_epoch3(NODE1) | held(NODE0) | NODE0 = NODE1
qcost : 9




=== Prime Orbit 339 =====================
size : 2
num_suborbits: 1
798 (*) : 0-000-0----------0--------
798     : ['~ep_epoch0(node0)', '~ep_epoch0(node1)', '~ep_epoch2(node0)', '~ep_epoch2(node1)', '~ep_epoch3(node0)', '~locked_epoch3(node1)']
797     : 0-0-0-00--------0---------
797     : ['~ep_epoch0(node0)', '~ep_epoch0(node1)', '~ep_epoch2(node0)', '~ep_epoch2(node1)', '~ep_epoch3(node1)', '~locked_epoch3(node0)']
num_forall :   2
num_exists :   0
num_literals : 7
quantified form : forall NODE1,NODE0. ep_epoch0(NODE0) | ep_epoch0(NODE1) | ep_epoch2(NODE0) | ep_epoch2(NODE1) | ep_epoch3(NODE1) | locked_epoch3(NODE0) | NODE0 = NODE1
qcost : 9




=== Prime Orbit 340 =====================
size : 1
num_suborbits: 1
785 (*) : 0-0-0-0-00----------------
785     : ['~ep_epoch0(node0)', '~ep_epoch0(node1)', '~ep_epoch2(node0)', '~ep_epoch2(node1)', '~held(node0)', '~held(node1)']
num_forall :   0
num_exists :   1
num_literals : 3
quantified form : exists NODE0. ep_epoch0(NODE0) | ep_epoch2(NODE0) | held(NODE0)
qcost : 4




=== Prime Orbit 341 =====================
size : 2
num_suborbits: 1
787 (*) : 0-0-0-0-0--------0--------
787     : ['~ep_epoch0(node0)', '~ep_epoch0(node1)', '~ep_epoch2(node0)', '~ep_epoch2(node1)', '~held(node0)', '~locked_epoch3(node1)']
788     : 0-0-0-0--0------0---------
788     : ['~ep_epoch0(node0)', '~ep_epoch0(node1)', '~ep_epoch2(node0)', '~ep_epoch2(node1)', '~held(node1)', '~locked_epoch3(node0)']
num_forall :   2
num_exists :   0
num_literals : 7
quantified form : forall NODE1,NODE0. ep_epoch0(NODE0) | ep_epoch0(NODE1) | ep_epoch2(NODE0) | ep_epoch2(NODE1) | held(NODE0) | locked_epoch3(NODE1) | NODE0 = NODE1
qcost : 9




=== Prime Orbit 342 =====================
size : 1
num_suborbits: 1
799 (*) : 0-0-0-0---------00--------
799     : ['~ep_epoch0(node0)', '~ep_epoch0(node1)', '~ep_epoch2(node0)', '~ep_epoch2(node1)', '~locked_epoch3(node0)', '~locked_epoch3(node1)']
num_forall :   0
num_exists :   1
num_literals : 3
quantified form : exists NODE0. ep_epoch0(NODE0) | ep_epoch2(NODE0) | locked_epoch3(NODE0)
qcost : 4




=== Prime Orbit 343 =====================
size : 1
num_suborbits: 1
759 (*) : 0---0---00--------------00
759     : ['~ep_epoch0(node0)', '~ep_epoch0(node1)', '~held(node0)', '~held(node1)', '~transfer_epoch3(node0)', '~transfer_epoch3(node1)']
num_forall :   0
num_exists :   1
num_literals : 3
quantified form : exists NODE0. ep_epoch0(NODE0) | held(NODE0) | transfer_epoch3(NODE0)
qcost : 4




=== Prime Orbit 344 =====================
size : 2
num_suborbits: 1
731 (*) : 00-----00---------------00
731     : ['~ep_epoch0(node0)', '~ep_epoch1(node0)', '~ep_epoch3(node1)', '~held(node0)', '~transfer_epoch3(node0)', '~transfer_epoch3(node1)']
730     : ---000---0--------------00
730     : ['~ep_epoch0(node1)', '~ep_epoch1(node1)', '~ep_epoch3(node0)', '~held(node1)', '~transfer_epoch3(node0)', '~transfer_epoch3(node1)']
num_forall :   2
num_exists :   0
num_literals : 7
quantified form : forall NODE1,NODE0. ep_epoch0(NODE0) | ep_epoch1(NODE0) | ep_epoch3(NODE1) | held(NODE0) | transfer_epoch3(NODE0) | transfer_epoch3(NODE1) | NODE0 = NODE1
qcost : 9




=== Prime Orbit 345 =====================
size : 2
num_suborbits: 1
760 (*) : 00------00--------------00
760     : ['~ep_epoch0(node0)', '~ep_epoch1(node0)', '~held(node0)', '~held(node1)', '~transfer_epoch3(node0)', '~transfer_epoch3(node1)']
761     : ----00--00--------------00
761     : ['~ep_epoch0(node1)', '~ep_epoch1(node1)', '~held(node0)', '~held(node1)', '~transfer_epoch3(node0)', '~transfer_epoch3(node1)']
num_forall :   2
num_exists :   0
num_literals : 7
quantified form : forall NODE1,NODE0. ep_epoch0(NODE0) | ep_epoch1(NODE0) | held(NODE0) | held(NODE1) | transfer_epoch3(NODE0) | transfer_epoch3(NODE1) | NODE0 = NODE1
qcost : 9




=== Prime Orbit 346 =====================
size : 2
num_suborbits: 1
739 (*) : 00------0--------0------00
739     : ['~ep_epoch0(node0)', '~ep_epoch1(node0)', '~held(node0)', '~locked_epoch3(node1)', '~transfer_epoch3(node0)', '~transfer_epoch3(node1)']
738     : ----00---0------0-------00
738     : ['~ep_epoch0(node1)', '~ep_epoch1(node1)', '~held(node1)', '~locked_epoch3(node0)', '~transfer_epoch3(node0)', '~transfer_epoch3(node1)']
num_forall :   2
num_exists :   0
num_literals : 7
quantified form : forall NODE1,NODE0. ep_epoch0(NODE0) | ep_epoch1(NODE0) | held(NODE0) | locked_epoch3(NODE1) | transfer_epoch3(NODE0) | transfer_epoch3(NODE1) | NODE0 = NODE1
qcost : 9




=== Prime Orbit 347 =====================
size : 2
num_suborbits: 1
780 (*) : 0-0-----0------0------00--
780     : ['~ep_epoch0(node0)', '~ep_epoch2(node0)', '~held(node0)', '~locked_epoch2(node1)', '~transfer_epoch2(node0)', '~transfer_epoch2(node1)']
781     : ----0-0--0----0-------00--
781     : ['~ep_epoch0(node1)', '~ep_epoch2(node1)', '~held(node1)', '~locked_epoch2(node0)', '~transfer_epoch2(node0)', '~transfer_epoch2(node1)']
num_forall :   2
num_exists :   0
num_literals : 7
quantified form : forall NODE1,NODE0. ep_epoch0(NODE0) | ep_epoch2(NODE0) | held(NODE0) | locked_epoch2(NODE1) | transfer_epoch2(NODE0) | transfer_epoch2(NODE1) | NODE0 = NODE1
qcost : 9




=== Prime Orbit 348 =====================
size : 2
num_suborbits: 1
755 (*) : 0------00---0-----------00
755     : ['~ep_epoch0(node0)', '~ep_epoch3(node1)', '~held(node0)', '~locked_epoch1(node0)', '~transfer_epoch3(node0)', '~transfer_epoch3(node1)']
756     : ---00----0---0----------00
756     : ['~ep_epoch0(node1)', '~ep_epoch3(node0)', '~held(node1)', '~locked_epoch1(node1)', '~transfer_epoch3(node0)', '~transfer_epoch3(node1)']
num_forall :   2
num_exists :   0
num_literals : 7
quantified form : forall NODE1,NODE0. ep_epoch0(NODE0) | ep_epoch3(NODE1) | held(NODE0) | locked_epoch1(NODE0) | transfer_epoch3(NODE0) | transfer_epoch3(NODE1) | NODE0 = NODE1
qcost : 9




=== Prime Orbit 349 =====================
size : 2
num_suborbits: 1
757 (*) : 0-------00--0-----------00
757     : ['~ep_epoch0(node0)', '~held(node0)', '~held(node1)', '~locked_epoch1(node0)', '~transfer_epoch3(node0)', '~transfer_epoch3(node1)']
758     : ----0---00---0----------00
758     : ['~ep_epoch0(node1)', '~held(node0)', '~held(node1)', '~locked_epoch1(node1)', '~transfer_epoch3(node0)', '~transfer_epoch3(node1)']
num_forall :   2
num_exists :   0
num_literals : 7
quantified form : forall NODE1,NODE0. ep_epoch0(NODE0) | held(NODE0) | held(NODE1) | locked_epoch1(NODE0) | transfer_epoch3(NODE0) | transfer_epoch3(NODE1) | NODE0 = NODE1
qcost : 9




=== Prime Orbit 350 =====================
size : 2
num_suborbits: 1
753 (*) : 0-------0---0----0------00
753     : ['~ep_epoch0(node0)', '~held(node0)', '~locked_epoch1(node0)', '~locked_epoch3(node1)', '~transfer_epoch3(node0)', '~transfer_epoch3(node1)']
754     : ----0----0---0--0-------00
754     : ['~ep_epoch0(node1)', '~held(node1)', '~locked_epoch1(node1)', '~locked_epoch3(node0)', '~transfer_epoch3(node0)', '~transfer_epoch3(node1)']
num_forall :   2
num_exists :   0
num_literals : 7
quantified form : forall NODE1,NODE0. ep_epoch0(NODE0) | held(NODE0) | locked_epoch1(NODE0) | locked_epoch3(NODE1) | transfer_epoch3(NODE0) | transfer_epoch3(NODE1) | NODE0 = NODE1
qcost : 9




=== Prime Orbit 351 =====================
size : 2
num_suborbits: 1
774 (*) : 0-------0-----00------00--
774     : ['~ep_epoch0(node0)', '~held(node0)', '~locked_epoch2(node0)', '~locked_epoch2(node1)', '~transfer_epoch2(node0)', '~transfer_epoch2(node1)']
773     : ----0----0----00------00--
773     : ['~ep_epoch0(node1)', '~held(node1)', '~locked_epoch2(node0)', '~locked_epoch2(node1)', '~transfer_epoch2(node0)', '~transfer_epoch2(node1)']
num_forall :   2
num_exists :   0
num_literals : 7
quantified form : forall NODE1,NODE0. ep_epoch0(NODE0) | held(NODE0) | locked_epoch2(NODE0) | locked_epoch2(NODE1) | transfer_epoch2(NODE0) | transfer_epoch2(NODE1) | NODE0 = NODE1
qcost : 9




=== Prime Orbit 352 =====================
size : 1
num_suborbits: 1
803 (*) : -000-000------------------
803     : ['~ep_epoch1(node0)', '~ep_epoch1(node1)', '~ep_epoch2(node0)', '~ep_epoch2(node1)', '~ep_epoch3(node0)', '~ep_epoch3(node1)']
num_forall :   0
num_exists :   1
num_literals : 3
quantified form : exists NODE0. ep_epoch1(NODE0) | ep_epoch2(NODE0) | ep_epoch3(NODE0)
qcost : 4




=== Prime Orbit 353 =====================
size : 2
num_suborbits: 1
792 (*) : -000-00--0----------------
792     : ['~ep_epoch1(node0)', '~ep_epoch1(node1)', '~ep_epoch2(node0)', '~ep_epoch2(node1)', '~ep_epoch3(node0)', '~held(node1)']
791     : -00--0000-----------------
791     : ['~ep_epoch1(node0)', '~ep_epoch1(node1)', '~ep_epoch2(node0)', '~ep_epoch2(node1)', '~ep_epoch3(node1)', '~held(node0)']
num_forall :   2
num_exists :   0
num_literals : 7
quantified form : forall NODE1,NODE0. ep_epoch1(NODE0) | ep_epoch1(NODE1) | ep_epoch2(NODE0) | ep_epoch2(NODE1) | ep_epoch3(NODE1) | held(NODE0) | NODE0 = NODE1
qcost : 9




=== Prime Orbit 354 =====================
size : 2
num_suborbits: 1
801 (*) : -000-00----------0--------
801     : ['~ep_epoch1(node0)', '~ep_epoch1(node1)', '~ep_epoch2(node0)', '~ep_epoch2(node1)', '~ep_epoch3(node0)', '~locked_epoch3(node1)']
800     : -00--000--------0---------
800     : ['~ep_epoch1(node0)', '~ep_epoch1(node1)', '~ep_epoch2(node0)', '~ep_epoch2(node1)', '~ep_epoch3(node1)', '~locked_epoch3(node0)']
num_forall :   2
num_exists :   0
num_literals : 7
quantified form : forall NODE1,NODE0. ep_epoch1(NODE0) | ep_epoch1(NODE1) | ep_epoch2(NODE0) | ep_epoch2(NODE1) | ep_epoch3(NODE1) | locked_epoch3(NODE0) | NODE0 = NODE1
qcost : 9




=== Prime Orbit 355 =====================
size : 1
num_suborbits: 1
786 (*) : -00--00-00----------------
786     : ['~ep_epoch1(node0)', '~ep_epoch1(node1)', '~ep_epoch2(node0)', '~ep_epoch2(node1)', '~held(node0)', '~held(node1)']
num_forall :   0
num_exists :   1
num_literals : 3
quantified form : exists NODE0. ep_epoch1(NODE0) | ep_epoch2(NODE0) | held(NODE0)
qcost : 4




=== Prime Orbit 356 =====================
size : 2
num_suborbits: 1
793 (*) : -00--00-0--------0--------
793     : ['~ep_epoch1(node0)', '~ep_epoch1(node1)', '~ep_epoch2(node0)', '~ep_epoch2(node1)', '~held(node0)', '~locked_epoch3(node1)']
794     : -00--00--0------0---------
794     : ['~ep_epoch1(node0)', '~ep_epoch1(node1)', '~ep_epoch2(node0)', '~ep_epoch2(node1)', '~held(node1)', '~locked_epoch3(node0)']
num_forall :   2
num_exists :   0
num_literals : 7
quantified form : forall NODE1,NODE0. ep_epoch1(NODE0) | ep_epoch1(NODE1) | ep_epoch2(NODE0) | ep_epoch2(NODE1) | held(NODE0) | locked_epoch3(NODE1) | NODE0 = NODE1
qcost : 9




=== Prime Orbit 357 =====================
size : 1
num_suborbits: 1
802 (*) : -00--00---------00--------
802     : ['~ep_epoch1(node0)', '~ep_epoch1(node1)', '~ep_epoch2(node0)', '~ep_epoch2(node1)', '~locked_epoch3(node0)', '~locked_epoch3(node1)']
num_forall :   0
num_exists :   1
num_literals : 3
quantified form : exists NODE0. ep_epoch1(NODE0) | ep_epoch2(NODE0) | locked_epoch3(NODE0)
qcost : 4




=== Prime Orbit 358 =====================
size : 1
num_suborbits: 1
766 (*) : -0---0--00--------------00
766     : ['~ep_epoch1(node0)', '~ep_epoch1(node1)', '~held(node0)', '~held(node1)', '~transfer_epoch3(node0)', '~transfer_epoch3(node1)']
num_forall :   0
num_exists :   1
num_literals : 3
quantified form : exists NODE0. ep_epoch1(NODE0) | held(NODE0) | transfer_epoch3(NODE0)
qcost : 4




=== Prime Orbit 359 =====================
size : 2
num_suborbits: 1
777 (*) : -0----0--0----0-------00--
777     : ['~ep_epoch1(node0)', '~ep_epoch2(node1)', '~held(node1)', '~locked_epoch2(node0)', '~transfer_epoch2(node0)', '~transfer_epoch2(node1)']
776     : --0--0--0------0------00--
776     : ['~ep_epoch1(node1)', '~ep_epoch2(node0)', '~held(node0)', '~locked_epoch2(node1)', '~transfer_epoch2(node0)', '~transfer_epoch2(node1)']
num_forall :   2
num_exists :   0
num_literals : 7
quantified form : forall NODE1,NODE0. ep_epoch1(NODE0) | ep_epoch2(NODE1) | held(NODE1) | locked_epoch2(NODE0) | transfer_epoch2(NODE0) | transfer_epoch2(NODE1) | NODE0 = NODE1
qcost : 9




=== Prime Orbit 360 =====================
size : 2
num_suborbits: 1
733 (*) : -0-----00----0----------00
733     : ['~ep_epoch1(node0)', '~ep_epoch3(node1)', '~held(node0)', '~locked_epoch1(node1)', '~transfer_epoch3(node0)', '~transfer_epoch3(node1)']
732     : ---0-0---0--0-----------00
732     : ['~ep_epoch1(node1)', '~ep_epoch3(node0)', '~held(node1)', '~locked_epoch1(node0)', '~transfer_epoch3(node0)', '~transfer_epoch3(node1)']
num_forall :   2
num_exists :   0
num_literals : 7
quantified form : forall NODE1,NODE0. ep_epoch1(NODE0) | ep_epoch3(NODE1) | held(NODE0) | locked_epoch1(NODE1) | transfer_epoch3(NODE0) | transfer_epoch3(NODE1) | NODE0 = NODE1
qcost : 9




=== Prime Orbit 361 =====================
size : 2
num_suborbits: 1
764 (*) : -0------00---0----------00
764     : ['~ep_epoch1(node0)', '~held(node0)', '~held(node1)', '~locked_epoch1(node1)', '~transfer_epoch3(node0)', '~transfer_epoch3(node1)']
763     : -----0--00--0-----------00
763     : ['~ep_epoch1(node1)', '~held(node0)', '~held(node1)', '~locked_epoch1(node0)', '~transfer_epoch3(node0)', '~transfer_epoch3(node1)']
num_forall :   2
num_exists :   0
num_literals : 7
quantified form : forall NODE1,NODE0. ep_epoch1(NODE0) | held(NODE0) | held(NODE1) | locked_epoch1(NODE1) | transfer_epoch3(NODE0) | transfer_epoch3(NODE1) | NODE0 = NODE1
qcost : 9




=== Prime Orbit 362 =====================
size : 2
num_suborbits: 1
741 (*) : -0------0----0---0------00
741     : ['~ep_epoch1(node0)', '~held(node0)', '~locked_epoch1(node1)', '~locked_epoch3(node1)', '~transfer_epoch3(node0)', '~transfer_epoch3(node1)']
740     : -----0---0--0---0-------00
740     : ['~ep_epoch1(node1)', '~held(node1)', '~locked_epoch1(node0)', '~locked_epoch3(node0)', '~transfer_epoch3(node0)', '~transfer_epoch3(node1)']
num_forall :   2
num_exists :   0
num_literals : 7
quantified form : forall NODE1,NODE0. ep_epoch1(NODE0) | held(NODE0) | locked_epoch1(NODE1) | locked_epoch3(NODE1) | transfer_epoch3(NODE0) | transfer_epoch3(NODE1) | NODE0 = NODE1
qcost : 9




=== Prime Orbit 363 =====================
size : 2
num_suborbits: 1
769 (*) : -0-------0----00------00--
769     : ['~ep_epoch1(node0)', '~held(node1)', '~locked_epoch2(node0)', '~locked_epoch2(node1)', '~transfer_epoch2(node0)', '~transfer_epoch2(node1)']
770     : -----0--0-----00------00--
770     : ['~ep_epoch1(node1)', '~held(node0)', '~locked_epoch2(node0)', '~locked_epoch2(node1)', '~transfer_epoch2(node0)', '~transfer_epoch2(node1)']
num_forall :   2
num_exists :   0
num_literals : 7
quantified form : forall NODE1,NODE0. ep_epoch1(NODE0) | held(NODE1) | locked_epoch2(NODE0) | locked_epoch2(NODE1) | transfer_epoch2(NODE0) | transfer_epoch2(NODE1) | NODE0 = NODE1
qcost : 9




=== Prime Orbit 364 =====================
size : 1
num_suborbits: 1
784 (*) : --0---0-00------------00--
784     : ['~ep_epoch2(node0)', '~ep_epoch2(node1)', '~held(node0)', '~held(node1)', '~transfer_epoch2(node0)', '~transfer_epoch2(node1)']
num_forall :   0
num_exists :   1
num_literals : 3
quantified form : exists NODE0. ep_epoch2(NODE0) | held(NODE0) | transfer_epoch2(NODE0)
qcost : 4




=== Prime Orbit 365 =====================
size : 2
num_suborbits: 1
782 (*) : --0-----00-----0------00--
782     : ['~ep_epoch2(node0)', '~held(node0)', '~held(node1)', '~locked_epoch2(node1)', '~transfer_epoch2(node0)', '~transfer_epoch2(node1)']
783     : ------0-00----0-------00--
783     : ['~ep_epoch2(node1)', '~held(node0)', '~held(node1)', '~locked_epoch2(node0)', '~transfer_epoch2(node0)', '~transfer_epoch2(node1)']
num_forall :   2
num_exists :   0
num_literals : 7
quantified form : forall NODE1,NODE0. ep_epoch2(NODE0) | held(NODE0) | held(NODE1) | locked_epoch2(NODE1) | transfer_epoch2(NODE0) | transfer_epoch2(NODE1) | NODE0 = NODE1
qcost : 9




=== Prime Orbit 366 =====================
size : 2
num_suborbits: 1
805 (*) : --0-----0----0-0------00--
805     : ['~ep_epoch2(node0)', '~held(node0)', '~locked_epoch1(node1)', '~locked_epoch2(node1)', '~transfer_epoch2(node0)', '~transfer_epoch2(node1)']
804     : ------0--0--0-0-------00--
804     : ['~ep_epoch2(node1)', '~held(node1)', '~locked_epoch1(node0)', '~locked_epoch2(node0)', '~transfer_epoch2(node0)', '~transfer_epoch2(node1)']
num_forall :   2
num_exists :   0
num_literals : 7
quantified form : forall NODE1,NODE0. ep_epoch2(NODE0) | held(NODE0) | locked_epoch1(NODE1) | locked_epoch2(NODE1) | transfer_epoch2(NODE0) | transfer_epoch2(NODE1) | NODE0 = NODE1
qcost : 9




=== Prime Orbit 367 =====================
size : 1
num_suborbits: 1
775 (*) : --------00----00------00--
775     : ['~held(node0)', '~held(node1)', '~locked_epoch2(node0)', '~locked_epoch2(node1)', '~transfer_epoch2(node0)', '~transfer_epoch2(node1)']
num_forall :   0
num_exists :   1
num_literals : 3
quantified form : exists NODE0. held(NODE0) | locked_epoch2(NODE0) | transfer_epoch2(NODE0)
qcost : 4




=== Prime Orbit 368 =====================
size : 1
num_suborbits: 1
765 (*) : --------00------------0000
765     : ['~held(node0)', '~held(node1)', '~transfer_epoch2(node0)', '~transfer_epoch2(node1)', '~transfer_epoch3(node0)', '~transfer_epoch3(node1)']
num_forall :   0
num_exists :   1
num_literals : 3
quantified form : exists NODE0. held(NODE0) | transfer_epoch2(NODE0) | transfer_epoch3(NODE0)
qcost : 4




=== Prime Orbit 369 =====================
size : 2
num_suborbits: 1
772 (*) : --------0----000------00--
772     : ['~held(node0)', '~locked_epoch1(node1)', '~locked_epoch2(node0)', '~locked_epoch2(node1)', '~transfer_epoch2(node0)', '~transfer_epoch2(node1)']
771     : ---------0--0-00------00--
771     : ['~held(node1)', '~locked_epoch1(node0)', '~locked_epoch2(node0)', '~locked_epoch2(node1)', '~transfer_epoch2(node0)', '~transfer_epoch2(node1)']
num_forall :   2
num_exists :   0
num_literals : 7
quantified form : forall NODE1,NODE0. held(NODE0) | locked_epoch1(NODE1) | locked_epoch2(NODE0) | locked_epoch2(NODE1) | transfer_epoch2(NODE0) | transfer_epoch2(NODE1) | NODE0 = NODE1
qcost : 9




=== Prime Orbit 370 =====================
size : 2
num_suborbits: 1
841 (*) : --0---000---1---------00--
841     : ['locked_epoch1(node0)', '~ep_epoch2(node0)', '~ep_epoch2(node1)', '~ep_epoch3(node1)', '~held(node0)', '~transfer_epoch2(node0)', '~transfer_epoch2(node1)']
840     : --00--0--0---1--------00--
840     : ['locked_epoch1(node1)', '~ep_epoch2(node0)', '~ep_epoch2(node1)', '~ep_epoch3(node0)', '~held(node1)', '~transfer_epoch2(node0)', '~transfer_epoch2(node1)']
num_forall :   2
num_exists :   0
num_literals : 8
quantified form : forall NODE1,NODE0. ~locked_epoch1(NODE0) | ep_epoch2(NODE0) | ep_epoch2(NODE1) | ep_epoch3(NODE1) | held(NODE0) | transfer_epoch2(NODE0) | transfer_epoch2(NODE1) | NODE0 = NODE1
qcost : 10




=== Prime Orbit 371 =====================
size : 2
num_suborbits: 1
843 (*) : --0---0-0---1----0----00--
843     : ['locked_epoch1(node0)', '~ep_epoch2(node0)', '~ep_epoch2(node1)', '~held(node0)', '~locked_epoch3(node1)', '~transfer_epoch2(node0)', '~transfer_epoch2(node1)']
842     : --0---0--0---1--0-----00--
842     : ['locked_epoch1(node1)', '~ep_epoch2(node0)', '~ep_epoch2(node1)', '~held(node1)', '~locked_epoch3(node0)', '~transfer_epoch2(node0)', '~transfer_epoch2(node1)']
num_forall :   2
num_exists :   0
num_literals : 8
quantified form : forall NODE1,NODE0. ~locked_epoch1(NODE0) | ep_epoch2(NODE0) | ep_epoch2(NODE1) | held(NODE0) | locked_epoch3(NODE1) | transfer_epoch2(NODE0) | transfer_epoch2(NODE1) | NODE0 = NODE1
qcost : 10




=== Prime Orbit 372 =====================
size : 2
num_suborbits: 1
831 (*) : ------000---1-0-------00--
831     : ['locked_epoch1(node0)', '~ep_epoch2(node1)', '~ep_epoch3(node1)', '~held(node0)', '~locked_epoch2(node0)', '~transfer_epoch2(node0)', '~transfer_epoch2(node1)']
830     : --00-----0---1-0------00--
830     : ['locked_epoch1(node1)', '~ep_epoch2(node0)', '~ep_epoch3(node0)', '~held(node1)', '~locked_epoch2(node1)', '~transfer_epoch2(node0)', '~transfer_epoch2(node1)']
num_forall :   2
num_exists :   0
num_literals : 8
quantified form : forall NODE1,NODE0. ~locked_epoch1(NODE0) | ep_epoch2(NODE1) | ep_epoch3(NODE1) | held(NODE0) | locked_epoch2(NODE0) | transfer_epoch2(NODE0) | transfer_epoch2(NODE1) | NODE0 = NODE1
qcost : 10




=== Prime Orbit 373 =====================
size : 2
num_suborbits: 1
835 (*) : ------0-0---1-0--0----00--
835     : ['locked_epoch1(node0)', '~ep_epoch2(node1)', '~held(node0)', '~locked_epoch2(node0)', '~locked_epoch3(node1)', '~transfer_epoch2(node0)', '~transfer_epoch2(node1)']
834     : --0------0---1-00-----00--
834     : ['locked_epoch1(node1)', '~ep_epoch2(node0)', '~held(node1)', '~locked_epoch2(node1)', '~locked_epoch3(node0)', '~transfer_epoch2(node0)', '~transfer_epoch2(node1)']
num_forall :   2
num_exists :   0
num_literals : 8
quantified form : forall NODE1,NODE0. ~locked_epoch1(NODE0) | ep_epoch2(NODE1) | held(NODE0) | locked_epoch2(NODE0) | locked_epoch3(NODE1) | transfer_epoch2(NODE0) | transfer_epoch2(NODE1) | NODE0 = NODE1
qcost : 10




=== Prime Orbit 374 =====================
size : 2
num_suborbits: 1
855 (*) : 0-000----0--------------00
855     : ['~ep_epoch0(node0)', '~ep_epoch0(node1)', '~ep_epoch2(node0)', '~ep_epoch3(node0)', '~held(node1)', '~transfer_epoch3(node0)', '~transfer_epoch3(node1)']
854     : 0---0-000---------------00
854     : ['~ep_epoch0(node0)', '~ep_epoch0(node1)', '~ep_epoch2(node1)', '~ep_epoch3(node1)', '~held(node0)', '~transfer_epoch3(node0)', '~transfer_epoch3(node1)']
num_forall :   2
num_exists :   0
num_literals : 8
quantified form : forall NODE1,NODE0. ep_epoch0(NODE0) | ep_epoch0(NODE1) | ep_epoch2(NODE1) | ep_epoch3(NODE1) | held(NODE0) | transfer_epoch3(NODE0) | transfer_epoch3(NODE1) | NODE0 = NODE1
qcost : 10




=== Prime Orbit 375 =====================
size : 2
num_suborbits: 1
857 (*) : 0-0-0----0------0-------00
857     : ['~ep_epoch0(node0)', '~ep_epoch0(node1)', '~ep_epoch2(node0)', '~held(node1)', '~locked_epoch3(node0)', '~transfer_epoch3(node0)', '~transfer_epoch3(node1)']
856     : 0---0-0-0--------0------00
856     : ['~ep_epoch0(node0)', '~ep_epoch0(node1)', '~ep_epoch2(node1)', '~held(node0)', '~locked_epoch3(node1)', '~transfer_epoch3(node0)', '~transfer_epoch3(node1)']
num_forall :   2
num_exists :   0
num_literals : 8
quantified form : forall NODE1,NODE0. ep_epoch0(NODE0) | ep_epoch0(NODE1) | ep_epoch2(NODE1) | held(NODE0) | locked_epoch3(NODE1) | transfer_epoch3(NODE0) | transfer_epoch3(NODE1) | NODE0 = NODE1
qcost : 10




=== Prime Orbit 376 =====================
size : 2
num_suborbits: 1
859 (*) : 0--00----0----0---------00
859     : ['~ep_epoch0(node0)', '~ep_epoch0(node1)', '~ep_epoch3(node0)', '~held(node1)', '~locked_epoch2(node0)', '~transfer_epoch3(node0)', '~transfer_epoch3(node1)']
858     : 0---0--00------0--------00
858     : ['~ep_epoch0(node0)', '~ep_epoch0(node1)', '~ep_epoch3(node1)', '~held(node0)', '~locked_epoch2(node1)', '~transfer_epoch3(node0)', '~transfer_epoch3(node1)']
num_forall :   2
num_exists :   0
num_literals : 8
quantified form : forall NODE1,NODE0. ep_epoch0(NODE0) | ep_epoch0(NODE1) | ep_epoch3(NODE1) | held(NODE0) | locked_epoch2(NODE1) | transfer_epoch3(NODE0) | transfer_epoch3(NODE1) | NODE0 = NODE1
qcost : 10




=== Prime Orbit 377 =====================
size : 2
num_suborbits: 1
860 (*) : 0---0---0------0-0------00
860     : ['~ep_epoch0(node0)', '~ep_epoch0(node1)', '~held(node0)', '~locked_epoch2(node1)', '~locked_epoch3(node1)', '~transfer_epoch3(node0)', '~transfer_epoch3(node1)']
861     : 0---0----0----0-0-------00
861     : ['~ep_epoch0(node0)', '~ep_epoch0(node1)', '~held(node1)', '~locked_epoch2(node0)', '~locked_epoch3(node0)', '~transfer_epoch3(node0)', '~transfer_epoch3(node1)']
num_forall :   2
num_exists :   0
num_literals : 8
quantified form : forall NODE1,NODE0. ep_epoch0(NODE0) | ep_epoch0(NODE1) | held(NODE0) | locked_epoch2(NODE1) | locked_epoch3(NODE1) | transfer_epoch3(NODE0) | transfer_epoch3(NODE1) | NODE0 = NODE1
qcost : 10




=== Prime Orbit 378 =====================
size : 2
num_suborbits: 1
853 (*) : 0-0---000-------------00--
853     : ['~ep_epoch0(node0)', '~ep_epoch2(node0)', '~ep_epoch2(node1)', '~ep_epoch3(node1)', '~held(node0)', '~transfer_epoch2(node0)', '~transfer_epoch2(node1)']
852     : --000-0--0------------00--
852     : ['~ep_epoch0(node1)', '~ep_epoch2(node0)', '~ep_epoch2(node1)', '~ep_epoch3(node0)', '~held(node1)', '~transfer_epoch2(node0)', '~transfer_epoch2(node1)']
num_forall :   2
num_exists :   0
num_literals : 8
quantified form : forall NODE1,NODE0. ep_epoch0(NODE0) | ep_epoch2(NODE0) | ep_epoch2(NODE1) | ep_epoch3(NODE1) | held(NODE0) | transfer_epoch2(NODE0) | transfer_epoch2(NODE1) | NODE0 = NODE1
qcost : 10




=== Prime Orbit 379 =====================
size : 2
num_suborbits: 1
851 (*) : 0-0---0-0--------0----00--
851     : ['~ep_epoch0(node0)', '~ep_epoch2(node0)', '~ep_epoch2(node1)', '~held(node0)', '~locked_epoch3(node1)', '~transfer_epoch2(node0)', '~transfer_epoch2(node1)']
850     : --0-0-0--0------0-----00--
850     : ['~ep_epoch0(node1)', '~ep_epoch2(node0)', '~ep_epoch2(node1)', '~held(node1)', '~locked_epoch3(node0)', '~transfer_epoch2(node0)', '~transfer_epoch2(node1)']
num_forall :   2
num_exists :   0
num_literals : 8
quantified form : forall NODE1,NODE0. ep_epoch0(NODE0) | ep_epoch2(NODE0) | ep_epoch2(NODE1) | held(NODE0) | locked_epoch3(NODE1) | transfer_epoch2(NODE0) | transfer_epoch2(NODE1) | NODE0 = NODE1
qcost : 10




=== Prime Orbit 380 =====================
size : 2
num_suborbits: 1
827 (*) : 0-----000-----0-------00--
827     : ['~ep_epoch0(node0)', '~ep_epoch2(node1)', '~ep_epoch3(node1)', '~held(node0)', '~locked_epoch2(node0)', '~transfer_epoch2(node0)', '~transfer_epoch2(node1)']
826     : --000----0-----0------00--
826     : ['~ep_epoch0(node1)', '~ep_epoch2(node0)', '~ep_epoch3(node0)', '~held(node1)', '~locked_epoch2(node1)', '~transfer_epoch2(node0)', '~transfer_epoch2(node1)']
num_forall :   2
num_exists :   0
num_literals : 8
quantified form : forall NODE1,NODE0. ep_epoch0(NODE0) | ep_epoch2(NODE1) | ep_epoch3(NODE1) | held(NODE0) | locked_epoch2(NODE0) | transfer_epoch2(NODE0) | transfer_epoch2(NODE1) | NODE0 = NODE1
qcost : 10




=== Prime Orbit 381 =====================
size : 2
num_suborbits: 1
837 (*) : 0-----0-0-----0--0----00--
837     : ['~ep_epoch0(node0)', '~ep_epoch2(node1)', '~held(node0)', '~locked_epoch2(node0)', '~locked_epoch3(node1)', '~transfer_epoch2(node0)', '~transfer_epoch2(node1)']
836     : --0-0----0-----00-----00--
836     : ['~ep_epoch0(node1)', '~ep_epoch2(node0)', '~held(node1)', '~locked_epoch2(node1)', '~locked_epoch3(node0)', '~transfer_epoch2(node0)', '~transfer_epoch2(node1)']
num_forall :   2
num_exists :   0
num_literals : 8
quantified form : forall NODE1,NODE0. ep_epoch0(NODE0) | ep_epoch2(NODE1) | held(NODE0) | locked_epoch2(NODE0) | locked_epoch3(NODE1) | transfer_epoch2(NODE0) | transfer_epoch2(NODE1) | NODE0 = NODE1
qcost : 10




=== Prime Orbit 382 =====================
size : 2
num_suborbits: 1
824 (*) : -000-0---0--------------00
824     : ['~ep_epoch1(node0)', '~ep_epoch1(node1)', '~ep_epoch2(node0)', '~ep_epoch3(node0)', '~held(node1)', '~transfer_epoch3(node0)', '~transfer_epoch3(node1)']
825     : -0---0000---------------00
825     : ['~ep_epoch1(node0)', '~ep_epoch1(node1)', '~ep_epoch2(node1)', '~ep_epoch3(node1)', '~held(node0)', '~transfer_epoch3(node0)', '~transfer_epoch3(node1)']
num_forall :   2
num_exists :   0
num_literals : 8
quantified form : forall NODE1,NODE0. ep_epoch1(NODE0) | ep_epoch1(NODE1) | ep_epoch2(NODE0) | ep_epoch3(NODE0) | held(NODE1) | transfer_epoch3(NODE0) | transfer_epoch3(NODE1) | NODE0 = NODE1
qcost : 10




=== Prime Orbit 383 =====================
size : 2
num_suborbits: 1
822 (*) : -00--0---0------0-------00
822     : ['~ep_epoch1(node0)', '~ep_epoch1(node1)', '~ep_epoch2(node0)', '~held(node1)', '~locked_epoch3(node0)', '~transfer_epoch3(node0)', '~transfer_epoch3(node1)']
823     : -0---00-0--------0------00
823     : ['~ep_epoch1(node0)', '~ep_epoch1(node1)', '~ep_epoch2(node1)', '~held(node0)', '~locked_epoch3(node1)', '~transfer_epoch3(node0)', '~transfer_epoch3(node1)']
num_forall :   2
num_exists :   0
num_literals : 8
quantified form : forall NODE1,NODE0. ep_epoch1(NODE0) | ep_epoch1(NODE1) | ep_epoch2(NODE0) | held(NODE1) | locked_epoch3(NODE0) | transfer_epoch3(NODE0) | transfer_epoch3(NODE1) | NODE0 = NODE1
qcost : 10




=== Prime Orbit 384 =====================
size : 2
num_suborbits: 1
814 (*) : -0-0-0---0----0---------00
814     : ['~ep_epoch1(node0)', '~ep_epoch1(node1)', '~ep_epoch3(node0)', '~held(node1)', '~locked_epoch2(node0)', '~transfer_epoch3(node0)', '~transfer_epoch3(node1)']
815     : -0---0-00------0--------00
815     : ['~ep_epoch1(node0)', '~ep_epoch1(node1)', '~ep_epoch3(node1)', '~held(node0)', '~locked_epoch2(node1)', '~transfer_epoch3(node0)', '~transfer_epoch3(node1)']
num_forall :   2
num_exists :   0
num_literals : 8
quantified form : forall NODE1,NODE0. ep_epoch1(NODE0) | ep_epoch1(NODE1) | ep_epoch3(NODE0) | held(NODE1) | locked_epoch2(NODE0) | transfer_epoch3(NODE0) | transfer_epoch3(NODE1) | NODE0 = NODE1
qcost : 10




=== Prime Orbit 385 =====================
size : 2
num_suborbits: 1
817 (*) : -0---0--0------0-0------00
817     : ['~ep_epoch1(node0)', '~ep_epoch1(node1)', '~held(node0)', '~locked_epoch2(node1)', '~locked_epoch3(node1)', '~transfer_epoch3(node0)', '~transfer_epoch3(node1)']
816     : -0---0---0----0-0-------00
816     : ['~ep_epoch1(node0)', '~ep_epoch1(node1)', '~held(node1)', '~locked_epoch2(node0)', '~locked_epoch3(node0)', '~transfer_epoch3(node0)', '~transfer_epoch3(node1)']
num_forall :   2
num_exists :   0
num_literals : 8
quantified form : forall NODE1,NODE0. ep_epoch1(NODE0) | ep_epoch1(NODE1) | held(NODE1) | locked_epoch2(NODE0) | locked_epoch3(NODE0) | transfer_epoch3(NODE0) | transfer_epoch3(NODE1) | NODE0 = NODE1
qcost : 10




=== Prime Orbit 386 =====================
size : 2
num_suborbits: 1
838 (*) : -000--0--0------------00--
838     : ['~ep_epoch1(node0)', '~ep_epoch2(node0)', '~ep_epoch2(node1)', '~ep_epoch3(node0)', '~held(node1)', '~transfer_epoch2(node0)', '~transfer_epoch2(node1)']
839     : --0--0000-------------00--
839     : ['~ep_epoch1(node1)', '~ep_epoch2(node0)', '~ep_epoch2(node1)', '~ep_epoch3(node1)', '~held(node0)', '~transfer_epoch2(node0)', '~transfer_epoch2(node1)']
num_forall :   2
num_exists :   0
num_literals : 8
quantified form : forall NODE1,NODE0. ep_epoch1(NODE0) | ep_epoch2(NODE0) | ep_epoch2(NODE1) | ep_epoch3(NODE0) | held(NODE1) | transfer_epoch2(NODE0) | transfer_epoch2(NODE1) | NODE0 = NODE1
qcost : 10




=== Prime Orbit 387 =====================
size : 2
num_suborbits: 1
844 (*) : -00---0--0------0-----00--
844     : ['~ep_epoch1(node0)', '~ep_epoch2(node0)', '~ep_epoch2(node1)', '~held(node1)', '~locked_epoch3(node0)', '~transfer_epoch2(node0)', '~transfer_epoch2(node1)']
845     : --0--00-0--------0----00--
845     : ['~ep_epoch1(node1)', '~ep_epoch2(node0)', '~ep_epoch2(node1)', '~held(node0)', '~locked_epoch3(node1)', '~transfer_epoch2(node0)', '~transfer_epoch2(node1)']
num_forall :   2
num_exists :   0
num_literals : 8
quantified form : forall NODE1,NODE0. ep_epoch1(NODE0) | ep_epoch2(NODE0) | ep_epoch2(NODE1) | held(NODE1) | locked_epoch3(NODE0) | transfer_epoch2(NODE0) | transfer_epoch2(NODE1) | NODE0 = NODE1
qcost : 10




=== Prime Orbit 388 =====================
size : 2
num_suborbits: 1
819 (*) : -000-----0-----0------00--
819     : ['~ep_epoch1(node0)', '~ep_epoch2(node0)', '~ep_epoch3(node0)', '~held(node1)', '~locked_epoch2(node1)', '~transfer_epoch2(node0)', '~transfer_epoch2(node1)']
818     : -----0000-----0-------00--
818     : ['~ep_epoch1(node1)', '~ep_epoch2(node1)', '~ep_epoch3(node1)', '~held(node0)', '~locked_epoch2(node0)', '~transfer_epoch2(node0)', '~transfer_epoch2(node1)']
num_forall :   2
num_exists :   0
num_literals : 8
quantified form : forall NODE1,NODE0. ep_epoch1(NODE0) | ep_epoch2(NODE0) | ep_epoch3(NODE0) | held(NODE1) | locked_epoch2(NODE1) | transfer_epoch2(NODE0) | transfer_epoch2(NODE1) | NODE0 = NODE1
qcost : 10




=== Prime Orbit 389 =====================
size : 2
num_suborbits: 1
821 (*) : -00------0-----00-----00--
821     : ['~ep_epoch1(node0)', '~ep_epoch2(node0)', '~held(node1)', '~locked_epoch2(node1)', '~locked_epoch3(node0)', '~transfer_epoch2(node0)', '~transfer_epoch2(node1)']
820     : -----00-0-----0--0----00--
820     : ['~ep_epoch1(node1)', '~ep_epoch2(node1)', '~held(node0)', '~locked_epoch2(node0)', '~locked_epoch3(node1)', '~transfer_epoch2(node0)', '~transfer_epoch2(node1)']
num_forall :   2
num_exists :   0
num_literals : 8
quantified form : forall NODE1,NODE0. ep_epoch1(NODE0) | ep_epoch2(NODE0) | held(NODE1) | locked_epoch2(NODE1) | locked_epoch3(NODE0) | transfer_epoch2(NODE0) | transfer_epoch2(NODE1) | NODE0 = NODE1
qcost : 10




=== Prime Orbit 390 =====================
size : 2
num_suborbits: 1
848 (*) : --00--0--0--0---------00--
848     : ['~ep_epoch2(node0)', '~ep_epoch2(node1)', '~ep_epoch3(node0)', '~held(node1)', '~locked_epoch1(node0)', '~transfer_epoch2(node0)', '~transfer_epoch2(node1)']
849     : --0---000----0--------00--
849     : ['~ep_epoch2(node0)', '~ep_epoch2(node1)', '~ep_epoch3(node1)', '~held(node0)', '~locked_epoch1(node1)', '~transfer_epoch2(node0)', '~transfer_epoch2(node1)']
num_forall :   2
num_exists :   0
num_literals : 8
quantified form : forall NODE1,NODE0. ep_epoch2(NODE0) | ep_epoch2(NODE1) | ep_epoch3(NODE0) | held(NODE1) | locked_epoch1(NODE0) | transfer_epoch2(NODE0) | transfer_epoch2(NODE1) | NODE0 = NODE1
qcost : 10




=== Prime Orbit 391 =====================
size : 2
num_suborbits: 1
847 (*) : --0---0-0----0---0----00--
847     : ['~ep_epoch2(node0)', '~ep_epoch2(node1)', '~held(node0)', '~locked_epoch1(node1)', '~locked_epoch3(node1)', '~transfer_epoch2(node0)', '~transfer_epoch2(node1)']
846     : --0---0--0--0---0-----00--
846     : ['~ep_epoch2(node0)', '~ep_epoch2(node1)', '~held(node1)', '~locked_epoch1(node0)', '~locked_epoch3(node0)', '~transfer_epoch2(node0)', '~transfer_epoch2(node1)']
num_forall :   2
num_exists :   0
num_literals : 8
quantified form : forall NODE1,NODE0. ep_epoch2(NODE0) | ep_epoch2(NODE1) | held(NODE1) | locked_epoch1(NODE0) | locked_epoch3(NODE0) | transfer_epoch2(NODE0) | transfer_epoch2(NODE1) | NODE0 = NODE1
qcost : 10




=== Prime Orbit 392 =====================
size : 2
num_suborbits: 1
828 (*) : --00-----0--0--0------00--
828     : ['~ep_epoch2(node0)', '~ep_epoch3(node0)', '~held(node1)', '~locked_epoch1(node0)', '~locked_epoch2(node1)', '~transfer_epoch2(node0)', '~transfer_epoch2(node1)']
829     : ------000----00-------00--
829     : ['~ep_epoch2(node1)', '~ep_epoch3(node1)', '~held(node0)', '~locked_epoch1(node1)', '~locked_epoch2(node0)', '~transfer_epoch2(node0)', '~transfer_epoch2(node1)']
num_forall :   2
num_exists :   0
num_literals : 8
quantified form : forall NODE1,NODE0. ep_epoch2(NODE0) | ep_epoch3(NODE0) | held(NODE1) | locked_epoch1(NODE0) | locked_epoch2(NODE1) | transfer_epoch2(NODE0) | transfer_epoch2(NODE1) | NODE0 = NODE1
qcost : 10




=== Prime Orbit 393 =====================
size : 2
num_suborbits: 1
832 (*) : --0------0--0--00-----00--
832     : ['~ep_epoch2(node0)', '~held(node1)', '~locked_epoch1(node0)', '~locked_epoch2(node1)', '~locked_epoch3(node0)', '~transfer_epoch2(node0)', '~transfer_epoch2(node1)']
833     : ------0-0----00--0----00--
833     : ['~ep_epoch2(node1)', '~held(node0)', '~locked_epoch1(node1)', '~locked_epoch2(node0)', '~locked_epoch3(node1)', '~transfer_epoch2(node0)', '~transfer_epoch2(node1)']
num_forall :   2
num_exists :   0
num_literals : 8
quantified form : forall NODE1,NODE0. ep_epoch2(NODE0) | held(NODE1) | locked_epoch1(NODE0) | locked_epoch2(NODE1) | locked_epoch3(NODE0) | transfer_epoch2(NODE0) | transfer_epoch2(NODE1) | NODE0 = NODE1
qcost : 10




=== Prime Orbit 394 =====================
size : 2
num_suborbits: 1
891 (*) : ------000---1---------0000
891     : ['locked_epoch1(node0)', '~ep_epoch2(node1)', '~ep_epoch3(node1)', '~held(node0)', '~transfer_epoch2(node0)', '~transfer_epoch2(node1)', '~transfer_epoch3(node0)', '~transfer_epoch3(node1)']
890     : --00-----0---1--------0000
890     : ['locked_epoch1(node1)', '~ep_epoch2(node0)', '~ep_epoch3(node0)', '~held(node1)', '~transfer_epoch2(node0)', '~transfer_epoch2(node1)', '~transfer_epoch3(node0)', '~transfer_epoch3(node1)']
num_forall :   2
num_exists :   0
num_literals : 9
quantified form : forall NODE1,NODE0. ~locked_epoch1(NODE0) | ep_epoch2(NODE1) | ep_epoch3(NODE1) | held(NODE0) | transfer_epoch2(NODE0) | transfer_epoch2(NODE1) | transfer_epoch3(NODE0) | transfer_epoch3(NODE1) | NODE0 = NODE1
qcost : 11




=== Prime Orbit 395 =====================
size : 2
num_suborbits: 1
893 (*) : ------0-0---1----0----0000
893     : ['locked_epoch1(node0)', '~ep_epoch2(node1)', '~held(node0)', '~locked_epoch3(node1)', '~transfer_epoch2(node0)', '~transfer_epoch2(node1)', '~transfer_epoch3(node0)', '~transfer_epoch3(node1)']
892     : --0------0---1--0-----0000
892     : ['locked_epoch1(node1)', '~ep_epoch2(node0)', '~held(node1)', '~locked_epoch3(node0)', '~transfer_epoch2(node0)', '~transfer_epoch2(node1)', '~transfer_epoch3(node0)', '~transfer_epoch3(node1)']
num_forall :   2
num_exists :   0
num_literals : 9
quantified form : forall NODE1,NODE0. ~locked_epoch1(NODE0) | ep_epoch2(NODE1) | held(NODE0) | locked_epoch3(NODE1) | transfer_epoch2(NODE0) | transfer_epoch2(NODE1) | transfer_epoch3(NODE0) | transfer_epoch3(NODE1) | NODE0 = NODE1
qcost : 11




=== Prime Orbit 396 =====================
size : 2
num_suborbits: 1
887 (*) : -------00---1--0------0000
887     : ['locked_epoch1(node0)', '~ep_epoch3(node1)', '~held(node0)', '~locked_epoch2(node1)', '~transfer_epoch2(node0)', '~transfer_epoch2(node1)', '~transfer_epoch3(node0)', '~transfer_epoch3(node1)']
886     : ---0-----0---10-------0000
886     : ['locked_epoch1(node1)', '~ep_epoch3(node0)', '~held(node1)', '~locked_epoch2(node0)', '~transfer_epoch2(node0)', '~transfer_epoch2(node1)', '~transfer_epoch3(node0)', '~transfer_epoch3(node1)']
num_forall :   2
num_exists :   0
num_literals : 9
quantified form : forall NODE1,NODE0. ~locked_epoch1(NODE0) | ep_epoch3(NODE1) | held(NODE0) | locked_epoch2(NODE1) | transfer_epoch2(NODE0) | transfer_epoch2(NODE1) | transfer_epoch3(NODE0) | transfer_epoch3(NODE1) | NODE0 = NODE1
qcost : 11




=== Prime Orbit 397 =====================
size : 2
num_suborbits: 1
889 (*) : --------0---1--0-0----0000
889     : ['locked_epoch1(node0)', '~held(node0)', '~locked_epoch2(node1)', '~locked_epoch3(node1)', '~transfer_epoch2(node0)', '~transfer_epoch2(node1)', '~transfer_epoch3(node0)', '~transfer_epoch3(node1)']
888     : ---------0---10-0-----0000
888     : ['locked_epoch1(node1)', '~held(node1)', '~locked_epoch2(node0)', '~locked_epoch3(node0)', '~transfer_epoch2(node0)', '~transfer_epoch2(node1)', '~transfer_epoch3(node0)', '~transfer_epoch3(node1)']
num_forall :   2
num_exists :   0
num_literals : 9
quantified form : forall NODE1,NODE0. ~locked_epoch1(NODE0) | held(NODE0) | locked_epoch2(NODE1) | locked_epoch3(NODE1) | transfer_epoch2(NODE0) | transfer_epoch2(NODE1) | transfer_epoch3(NODE0) | transfer_epoch3(NODE1) | NODE0 = NODE1
qcost : 11




=== Prime Orbit 398 =====================
size : 2
num_suborbits: 1
863 (*) : 0-----000-------------0000
863     : ['~ep_epoch0(node0)', '~ep_epoch2(node1)', '~ep_epoch3(node1)', '~held(node0)', '~transfer_epoch2(node0)', '~transfer_epoch2(node1)', '~transfer_epoch3(node0)', '~transfer_epoch3(node1)']
862     : --000----0------------0000
862     : ['~ep_epoch0(node1)', '~ep_epoch2(node0)', '~ep_epoch3(node0)', '~held(node1)', '~transfer_epoch2(node0)', '~transfer_epoch2(node1)', '~transfer_epoch3(node0)', '~transfer_epoch3(node1)']
num_forall :   2
num_exists :   0
num_literals : 9
quantified form : forall NODE1,NODE0. ep_epoch0(NODE0) | ep_epoch2(NODE1) | ep_epoch3(NODE1) | held(NODE0) | transfer_epoch2(NODE0) | transfer_epoch2(NODE1) | transfer_epoch3(NODE0) | transfer_epoch3(NODE1) | NODE0 = NODE1
qcost : 11




=== Prime Orbit 399 =====================
size : 2
num_suborbits: 1
877 (*) : 0-----0-0--------0----0000
877     : ['~ep_epoch0(node0)', '~ep_epoch2(node1)', '~held(node0)', '~locked_epoch3(node1)', '~transfer_epoch2(node0)', '~transfer_epoch2(node1)', '~transfer_epoch3(node0)', '~transfer_epoch3(node1)']
876     : --0-0----0------0-----0000
876     : ['~ep_epoch0(node1)', '~ep_epoch2(node0)', '~held(node1)', '~locked_epoch3(node0)', '~transfer_epoch2(node0)', '~transfer_epoch2(node1)', '~transfer_epoch3(node0)', '~transfer_epoch3(node1)']
num_forall :   2
num_exists :   0
num_literals : 9
quantified form : forall NODE1,NODE0. ep_epoch0(NODE0) | ep_epoch2(NODE1) | held(NODE0) | locked_epoch3(NODE1) | transfer_epoch2(NODE0) | transfer_epoch2(NODE1) | transfer_epoch3(NODE0) | transfer_epoch3(NODE1) | NODE0 = NODE1
qcost : 11




=== Prime Orbit 400 =====================
size : 2
num_suborbits: 1
865 (*) : 0------00------0------0000
865     : ['~ep_epoch0(node0)', '~ep_epoch3(node1)', '~held(node0)', '~locked_epoch2(node1)', '~transfer_epoch2(node0)', '~transfer_epoch2(node1)', '~transfer_epoch3(node0)', '~transfer_epoch3(node1)']
864     : ---00----0----0-------0000
864     : ['~ep_epoch0(node1)', '~ep_epoch3(node0)', '~held(node1)', '~locked_epoch2(node0)', '~transfer_epoch2(node0)', '~transfer_epoch2(node1)', '~transfer_epoch3(node0)', '~transfer_epoch3(node1)']
num_forall :   2
num_exists :   0
num_literals : 9
quantified form : forall NODE1,NODE0. ep_epoch0(NODE0) | ep_epoch3(NODE1) | held(NODE0) | locked_epoch2(NODE1) | transfer_epoch2(NODE0) | transfer_epoch2(NODE1) | transfer_epoch3(NODE0) | transfer_epoch3(NODE1) | NODE0 = NODE1
qcost : 11




=== Prime Orbit 401 =====================
size : 2
num_suborbits: 1
873 (*) : 0-------0------0-0----0000
873     : ['~ep_epoch0(node0)', '~held(node0)', '~locked_epoch2(node1)', '~locked_epoch3(node1)', '~transfer_epoch2(node0)', '~transfer_epoch2(node1)', '~transfer_epoch3(node0)', '~transfer_epoch3(node1)']
872     : ----0----0----0-0-----0000
872     : ['~ep_epoch0(node1)', '~held(node1)', '~locked_epoch2(node0)', '~locked_epoch3(node0)', '~transfer_epoch2(node0)', '~transfer_epoch2(node1)', '~transfer_epoch3(node0)', '~transfer_epoch3(node1)']
num_forall :   2
num_exists :   0
num_literals : 9
quantified form : forall NODE1,NODE0. ep_epoch0(NODE0) | held(NODE0) | locked_epoch2(NODE1) | locked_epoch3(NODE1) | transfer_epoch2(NODE0) | transfer_epoch2(NODE1) | transfer_epoch3(NODE0) | transfer_epoch3(NODE1) | NODE0 = NODE1
qcost : 11




=== Prime Orbit 402 =====================
size : 2
num_suborbits: 1
868 (*) : -000-----0------------0000
868     : ['~ep_epoch1(node0)', '~ep_epoch2(node0)', '~ep_epoch3(node0)', '~held(node1)', '~transfer_epoch2(node0)', '~transfer_epoch2(node1)', '~transfer_epoch3(node0)', '~transfer_epoch3(node1)']
869     : -----0000-------------0000
869     : ['~ep_epoch1(node1)', '~ep_epoch2(node1)', '~ep_epoch3(node1)', '~held(node0)', '~transfer_epoch2(node0)', '~transfer_epoch2(node1)', '~transfer_epoch3(node0)', '~transfer_epoch3(node1)']
num_forall :   2
num_exists :   0
num_literals : 9
quantified form : forall NODE1,NODE0. ep_epoch1(NODE0) | ep_epoch2(NODE0) | ep_epoch3(NODE0) | held(NODE1) | transfer_epoch2(NODE0) | transfer_epoch2(NODE1) | transfer_epoch3(NODE0) | transfer_epoch3(NODE1) | NODE0 = NODE1
qcost : 11




=== Prime Orbit 403 =====================
size : 2
num_suborbits: 1
874 (*) : -00------0------0-----0000
874     : ['~ep_epoch1(node0)', '~ep_epoch2(node0)', '~held(node1)', '~locked_epoch3(node0)', '~transfer_epoch2(node0)', '~transfer_epoch2(node1)', '~transfer_epoch3(node0)', '~transfer_epoch3(node1)']
875     : -----00-0--------0----0000
875     : ['~ep_epoch1(node1)', '~ep_epoch2(node1)', '~held(node0)', '~locked_epoch3(node1)', '~transfer_epoch2(node0)', '~transfer_epoch2(node1)', '~transfer_epoch3(node0)', '~transfer_epoch3(node1)']
num_forall :   2
num_exists :   0
num_literals : 9
quantified form : forall NODE1,NODE0. ep_epoch1(NODE0) | ep_epoch2(NODE0) | held(NODE1) | locked_epoch3(NODE0) | transfer_epoch2(NODE0) | transfer_epoch2(NODE1) | transfer_epoch3(NODE0) | transfer_epoch3(NODE1) | NODE0 = NODE1
qcost : 11




=== Prime Orbit 404 =====================
size : 2
num_suborbits: 1
866 (*) : -0-0-----0----0-------0000
866     : ['~ep_epoch1(node0)', '~ep_epoch3(node0)', '~held(node1)', '~locked_epoch2(node0)', '~transfer_epoch2(node0)', '~transfer_epoch2(node1)', '~transfer_epoch3(node0)', '~transfer_epoch3(node1)']
867     : -----0-00------0------0000
867     : ['~ep_epoch1(node1)', '~ep_epoch3(node1)', '~held(node0)', '~locked_epoch2(node1)', '~transfer_epoch2(node0)', '~transfer_epoch2(node1)', '~transfer_epoch3(node0)', '~transfer_epoch3(node1)']
num_forall :   2
num_exists :   0
num_literals : 9
quantified form : forall NODE1,NODE0. ep_epoch1(NODE0) | ep_epoch3(NODE0) | held(NODE1) | locked_epoch2(NODE0) | transfer_epoch2(NODE0) | transfer_epoch2(NODE1) | transfer_epoch3(NODE0) | transfer_epoch3(NODE1) | NODE0 = NODE1
qcost : 11




=== Prime Orbit 405 =====================
size : 2
num_suborbits: 1
870 (*) : -0-------0----0-0-----0000
870     : ['~ep_epoch1(node0)', '~held(node1)', '~locked_epoch2(node0)', '~locked_epoch3(node0)', '~transfer_epoch2(node0)', '~transfer_epoch2(node1)', '~transfer_epoch3(node0)', '~transfer_epoch3(node1)']
871     : -----0--0------0-0----0000
871     : ['~ep_epoch1(node1)', '~held(node0)', '~locked_epoch2(node1)', '~locked_epoch3(node1)', '~transfer_epoch2(node0)', '~transfer_epoch2(node1)', '~transfer_epoch3(node0)', '~transfer_epoch3(node1)']
num_forall :   2
num_exists :   0
num_literals : 9
quantified form : forall NODE1,NODE0. ep_epoch1(NODE0) | held(NODE1) | locked_epoch2(NODE0) | locked_epoch3(NODE0) | transfer_epoch2(NODE0) | transfer_epoch2(NODE1) | transfer_epoch3(NODE0) | transfer_epoch3(NODE1) | NODE0 = NODE1
qcost : 11




=== Prime Orbit 406 =====================
size : 2
num_suborbits: 1
882 (*) : --00-----0--0---------0000
882     : ['~ep_epoch2(node0)', '~ep_epoch3(node0)', '~held(node1)', '~locked_epoch1(node0)', '~transfer_epoch2(node0)', '~transfer_epoch2(node1)', '~transfer_epoch3(node0)', '~transfer_epoch3(node1)']
883     : ------000----0--------0000
883     : ['~ep_epoch2(node1)', '~ep_epoch3(node1)', '~held(node0)', '~locked_epoch1(node1)', '~transfer_epoch2(node0)', '~transfer_epoch2(node1)', '~transfer_epoch3(node0)', '~transfer_epoch3(node1)']
num_forall :   2
num_exists :   0
num_literals : 9
quantified form : forall NODE1,NODE0. ep_epoch2(NODE0) | ep_epoch3(NODE0) | held(NODE1) | locked_epoch1(NODE0) | transfer_epoch2(NODE0) | transfer_epoch2(NODE1) | transfer_epoch3(NODE0) | transfer_epoch3(NODE1) | NODE0 = NODE1
qcost : 11




=== Prime Orbit 407 =====================
size : 2
num_suborbits: 1
884 (*) : --0------0--0---0-----0000
884     : ['~ep_epoch2(node0)', '~held(node1)', '~locked_epoch1(node0)', '~locked_epoch3(node0)', '~transfer_epoch2(node0)', '~transfer_epoch2(node1)', '~transfer_epoch3(node0)', '~transfer_epoch3(node1)']
885     : ------0-0----0---0----0000
885     : ['~ep_epoch2(node1)', '~held(node0)', '~locked_epoch1(node1)', '~locked_epoch3(node1)', '~transfer_epoch2(node0)', '~transfer_epoch2(node1)', '~transfer_epoch3(node0)', '~transfer_epoch3(node1)']
num_forall :   2
num_exists :   0
num_literals : 9
quantified form : forall NODE1,NODE0. ep_epoch2(NODE0) | held(NODE1) | locked_epoch1(NODE0) | locked_epoch3(NODE0) | transfer_epoch2(NODE0) | transfer_epoch2(NODE1) | transfer_epoch3(NODE0) | transfer_epoch3(NODE1) | NODE0 = NODE1
qcost : 11




=== Prime Orbit 408 =====================
size : 2
num_suborbits: 1
880 (*) : ---0-----0--0-0-------0000
880     : ['~ep_epoch3(node0)', '~held(node1)', '~locked_epoch1(node0)', '~locked_epoch2(node0)', '~transfer_epoch2(node0)', '~transfer_epoch2(node1)', '~transfer_epoch3(node0)', '~transfer_epoch3(node1)']
881     : -------00----0-0------0000
881     : ['~ep_epoch3(node1)', '~held(node0)', '~locked_epoch1(node1)', '~locked_epoch2(node1)', '~transfer_epoch2(node0)', '~transfer_epoch2(node1)', '~transfer_epoch3(node0)', '~transfer_epoch3(node1)']
num_forall :   2
num_exists :   0
num_literals : 9
quantified form : forall NODE1,NODE0. ep_epoch3(NODE0) | held(NODE1) | locked_epoch1(NODE0) | locked_epoch2(NODE0) | transfer_epoch2(NODE0) | transfer_epoch2(NODE1) | transfer_epoch3(NODE0) | transfer_epoch3(NODE1) | NODE0 = NODE1
qcost : 11




=== Prime Orbit 409 =====================
size : 2
num_suborbits: 1
879 (*) : --------0----0-0-0----0000
879     : ['~held(node0)', '~locked_epoch1(node1)', '~locked_epoch2(node1)', '~locked_epoch3(node1)', '~transfer_epoch2(node0)', '~transfer_epoch2(node1)', '~transfer_epoch3(node0)', '~transfer_epoch3(node1)']
878     : ---------0--0-0-0-----0000
878     : ['~held(node1)', '~locked_epoch1(node0)', '~locked_epoch2(node0)', '~locked_epoch3(node0)', '~transfer_epoch2(node0)', '~transfer_epoch2(node1)', '~transfer_epoch3(node0)', '~transfer_epoch3(node1)']
num_forall :   2
num_exists :   0
num_literals : 9
quantified form : forall NODE1,NODE0. held(NODE0) | locked_epoch1(NODE1) | locked_epoch2(NODE1) | locked_epoch3(NODE1) | transfer_epoch2(NODE0) | transfer_epoch2(NODE1) | transfer_epoch3(NODE0) | transfer_epoch3(NODE1) | NODE0 = NODE1
qcost : 11




[QI RESULT]: Quantified Forms Only

forall NODE0. ~locked_epoch0(NODE0)

forall NODE0. ~transfer_epoch0(NODE0)

forall NODE0. ~transfer_epoch1(NODE0)

exists NODE0. ~ep_epoch0(NODE0)

forall NODE0. ~ep_epoch0(NODE0) | ~ep_epoch1(NODE0)

forall NODE0. ~ep_epoch0(NODE0) | ~ep_epoch2(NODE0)

forall NODE0. ~ep_epoch0(NODE0) | ~ep_epoch3(NODE0)

forall NODE0. ~ep_epoch0(NODE0) | ~held(NODE0)

forall NODE0. ~ep_epoch0(NODE0) | ~locked_epoch1(NODE0)

forall NODE0. ~ep_epoch0(NODE0) | ~locked_epoch2(NODE0)

forall NODE0. ~ep_epoch0(NODE0) | ~locked_epoch3(NODE0)

forall NODE1,NODE0. ~ep_epoch0(NODE0) | locked_epoch1(NODE1) | NODE0 = NODE1

exists NODE0. ~ep_epoch1(NODE0)

forall NODE0. ~ep_epoch1(NODE0) | ~ep_epoch2(NODE0)

forall NODE0. ~ep_epoch1(NODE0) | ~ep_epoch3(NODE0)

forall NODE1,NODE0. ~ep_epoch1(NODE0) | ~locked_epoch1(NODE1) | NODE0 = NODE1

forall NODE0. ~ep_epoch1(NODE0) | ~locked_epoch2(NODE0)

forall NODE0. ~ep_epoch1(NODE0) | ~locked_epoch3(NODE0)

forall NODE0. ~ep_epoch1(NODE0) | locked_epoch1(NODE0)

exists NODE0. ~ep_epoch2(NODE0)

forall NODE0. ~ep_epoch2(NODE0) | ~ep_epoch3(NODE0)

forall NODE1,NODE0. ~ep_epoch2(NODE0) | ~locked_epoch2(NODE1) | NODE0 = NODE1

forall NODE0. ~ep_epoch2(NODE0) | ~locked_epoch3(NODE0)

forall NODE1,NODE0. ~ep_epoch2(NODE0) | ~transfer_epoch2(NODE1)

forall NODE0. ~ep_epoch2(NODE0) | locked_epoch2(NODE0)

exists NODE0. ~ep_epoch3(NODE0)

forall NODE1,NODE0. ~ep_epoch3(NODE0) | ~held(NODE1) | NODE0 = NODE1

forall NODE1,NODE0. ~ep_epoch3(NODE0) | ~locked_epoch3(NODE1) | NODE0 = NODE1

forall NODE1,NODE0. ~ep_epoch3(NODE0) | ~transfer_epoch2(NODE1)

forall NODE1,NODE0. ~ep_epoch3(NODE0) | ~transfer_epoch3(NODE1)

forall NODE0. ~ep_epoch3(NODE0) | held(NODE0)

forall NODE0. ~ep_epoch3(NODE0) | locked_epoch3(NODE0)

exists NODE0. ~held(NODE0)

forall NODE1,NODE0. ~held(NODE0) | ~locked_epoch3(NODE1) | NODE0 = NODE1

forall NODE1,NODE0. ~held(NODE0) | ~transfer_epoch2(NODE1)

forall NODE1,NODE0. ~held(NODE0) | ~transfer_epoch3(NODE1)

exists NODE0. ~locked_epoch1(NODE0)

exists NODE0. ~locked_epoch2(NODE0)

forall NODE1,NODE0. ~locked_epoch2(NODE0) | ~transfer_epoch2(NODE1)

exists NODE0. ~locked_epoch3(NODE0)

forall NODE1,NODE0. ~locked_epoch3(NODE0) | ~transfer_epoch2(NODE1)

forall NODE1,NODE0. ~locked_epoch3(NODE0) | ~transfer_epoch3(NODE1)

forall NODE0. ~locked_epoch3(NODE0) | ep_epoch3(NODE0)

forall NODE0. ~locked_epoch3(NODE0) | held(NODE0)

exists NODE0. ~transfer_epoch2(NODE0)

forall NODE1,NODE0. ~transfer_epoch2(NODE0) | ~transfer_epoch3(NODE1)

exists NODE0. ~transfer_epoch3(NODE0)

exists NODE0. locked_epoch1(NODE0)

forall NODE1,NODE0,NODE2. ~ep_epoch0(NODE0) | ~ep_epoch1(NODE1) | ~transfer_epoch3(NODE2) | ((NODE0 ~= NODE2 | NODE0 = NODE1) & (NODE1 ~= NODE2 | NODE0 = NODE1))

forall NODE1,NODE0. ~ep_epoch0(NODE0) | ~ep_epoch3(NODE1) | locked_epoch2(NODE1) | NODE0 = NODE1

forall NODE1,NODE0. ~ep_epoch0(NODE0) | ~locked_epoch3(NODE1) | locked_epoch2(NODE1) | NODE0 = NODE1

forall NODE1,NODE0,NODE2. ~ep_epoch0(NODE0) | ~transfer_epoch2(NODE1) | ep_epoch1(NODE2) | ((NODE0 ~= NODE1 | NODE0 = NODE2) & (NODE1 ~= NODE2 | NODE0 = NODE1))

forall NODE1,NODE0,NODE2. ~ep_epoch0(NODE0) | ~transfer_epoch3(NODE1) | ep_epoch2(NODE2) | ((NODE0 ~= NODE1 | NODE0 = NODE2) & (NODE1 ~= NODE2 | NODE0 = NODE1))

forall NODE1,NODE0,NODE2. ~ep_epoch0(NODE0) | ~transfer_epoch3(NODE1) | locked_epoch2(NODE2) | ((NODE0 ~= NODE1 | NODE0 = NODE2) & (NODE1 ~= NODE2 | NODE0 = NODE1))

forall NODE1,NODE0. ~ep_epoch0(NODE0) | ep_epoch1(NODE1) | locked_epoch2(NODE1) | NODE0 = NODE1

forall NODE1,NODE0. ~ep_epoch1(NODE0) | ~ep_epoch2(NODE1) | ~held(NODE0) | NODE0 = NODE1

forall NODE1,NODE0. ~ep_epoch1(NODE0) | ~ep_epoch3(NODE1) | locked_epoch2(NODE1) | NODE0 = NODE1

forall NODE1,NODE0. ~ep_epoch1(NODE0) | ~held(NODE0) | ~locked_epoch2(NODE1) | NODE0 = NODE1

forall NODE1,NODE0. ~ep_epoch1(NODE0) | ~held(NODE0) | ep_epoch0(NODE1) | NODE0 = NODE1

forall NODE1,NODE0. ~ep_epoch1(NODE0) | ~held(NODE1) | locked_epoch2(NODE1) | NODE0 = NODE1

forall NODE1,NODE0. ~ep_epoch1(NODE0) | ~locked_epoch3(NODE1) | locked_epoch2(NODE1) | NODE0 = NODE1

forall NODE1,NODE0,NODE2. ~ep_epoch1(NODE0) | ~transfer_epoch2(NODE1) | ep_epoch0(NODE2) | ((NODE1 ~= NODE2 | NODE0 = NODE1) & (NODE0 ~= NODE1 | NODE0 = NODE2))

forall NODE1,NODE0,NODE2. ~ep_epoch1(NODE0) | ~transfer_epoch3(NODE1) | ep_epoch2(NODE2) | ((NODE1 ~= NODE2 | NODE0 = NODE1) & (NODE0 ~= NODE1 | NODE0 = NODE2))

forall NODE1,NODE0,NODE2. ~ep_epoch1(NODE0) | ~transfer_epoch3(NODE1) | locked_epoch2(NODE2) | ((NODE1 ~= NODE2 | NODE0 = NODE1) & (NODE0 ~= NODE1 | NODE0 = NODE2))

forall NODE1,NODE0. ~ep_epoch1(NODE0) | ep_epoch0(NODE1) | locked_epoch2(NODE1) | NODE0 = NODE1

forall NODE1,NODE0. ~ep_epoch2(NODE0) | ~held(NODE1) | ep_epoch3(NODE1) | NODE0 = NODE1

forall NODE1,NODE0. ~ep_epoch2(NODE0) | ~held(NODE1) | locked_epoch3(NODE1) | NODE0 = NODE1

forall NODE1,NODE0. ~ep_epoch3(NODE0) | ~locked_epoch2(NODE1) | ep_epoch2(NODE1) | NODE0 = NODE1

forall NODE1,NODE0. ~ep_epoch3(NODE0) | ep_epoch2(NODE1) | locked_epoch2(NODE0) | NODE0 = NODE1

forall NODE1,NODE0. ~ep_epoch3(NODE0) | locked_epoch2(NODE0) | locked_epoch2(NODE1) | NODE0 = NODE1

forall NODE1,NODE0. ~held(NODE0) | ~locked_epoch2(NODE1) | ep_epoch2(NODE1) | NODE0 = NODE1

forall NODE1,NODE0. ~held(NODE0) | ~locked_epoch2(NODE1) | ep_epoch3(NODE0) | NODE0 = NODE1

forall NODE1,NODE0. ~held(NODE0) | ~locked_epoch2(NODE1) | locked_epoch3(NODE0) | NODE0 = NODE1

forall NODE1,NODE0,NODE2. ~locked_epoch1(NODE0) | ~transfer_epoch2(NODE1) | ep_epoch0(NODE2) | ((NODE1 ~= NODE2 | NODE0 = NODE1) & (NODE0 ~= NODE1 | NODE0 = NODE2))

forall NODE1,NODE0. ~locked_epoch1(NODE0) | ~transfer_epoch2(NODE1) | ep_epoch1(NODE0)

forall NODE1,NODE0. ~locked_epoch2(NODE0) | ~locked_epoch3(NODE1) | ep_epoch2(NODE0) | NODE0 = NODE1

forall NODE1,NODE0. ~locked_epoch2(NODE0) | ~transfer_epoch3(NODE1) | ep_epoch2(NODE0)

forall NODE0. ~locked_epoch2(NODE0) | ep_epoch2(NODE0) | ep_epoch3(NODE0)

forall NODE0. ~locked_epoch2(NODE0) | ep_epoch2(NODE0) | held(NODE0)

forall NODE0. ~locked_epoch2(NODE0) | ep_epoch2(NODE0) | locked_epoch3(NODE0)

forall NODE1,NODE0. ~locked_epoch3(NODE0) | ep_epoch2(NODE1) | locked_epoch2(NODE0) | NODE0 = NODE1

forall NODE1,NODE0. ~locked_epoch3(NODE0) | locked_epoch2(NODE0) | locked_epoch2(NODE1) | NODE0 = NODE1

forall NODE1,NODE0. ~transfer_epoch2(NODE0) | ep_epoch0(NODE0) | ep_epoch0(NODE1) | NODE0 = NODE1

forall NODE1,NODE0. ~transfer_epoch2(NODE0) | ep_epoch0(NODE1) | ep_epoch1(NODE1)

forall NODE1,NODE0. ~transfer_epoch2(NODE0) | ep_epoch0(NODE1) | locked_epoch1(NODE1)

forall NODE1,NODE0. ~transfer_epoch2(NODE0) | ep_epoch1(NODE0) | ep_epoch1(NODE1) | NODE0 = NODE1

forall NODE1,NODE0,NODE2. ~transfer_epoch2(NODE0) | ep_epoch1(NODE1) | locked_epoch1(NODE2) | ((NODE0 ~= NODE1 | NODE0 = NODE2) & (NODE0 ~= NODE2 | NODE0 = NODE1))

forall NODE1,NODE0. ~transfer_epoch3(NODE0) | ep_epoch2(NODE0) | ep_epoch2(NODE1) | NODE0 = NODE1

forall NODE1,NODE0,NODE2. ~transfer_epoch3(NODE0) | ep_epoch2(NODE1) | locked_epoch2(NODE2) | ((NODE0 ~= NODE2 | NODE0 = NODE1) & (NODE0 ~= NODE1 | NODE0 = NODE2))

forall NODE1,NODE0. ~transfer_epoch3(NODE0) | locked_epoch2(NODE0) | locked_epoch2(NODE1) | NODE0 = NODE1

forall NODE1,NODE0. ~ep_epoch0(NODE0) | ep_epoch1(NODE1) | ep_epoch2(NODE1) | ep_epoch3(NODE1) | NODE0 = NODE1

forall NODE1,NODE0. ~ep_epoch0(NODE0) | ep_epoch1(NODE1) | ep_epoch2(NODE1) | held(NODE1) | NODE0 = NODE1

forall NODE1,NODE0. ~ep_epoch0(NODE0) | ep_epoch1(NODE1) | ep_epoch2(NODE1) | locked_epoch3(NODE1) | NODE0 = NODE1

forall NODE1,NODE0. ~ep_epoch1(NODE0) | ~held(NODE1) | ep_epoch2(NODE1) | ep_epoch3(NODE1) | NODE0 = NODE1

forall NODE1,NODE0. ~ep_epoch1(NODE0) | ~held(NODE1) | ep_epoch2(NODE1) | locked_epoch3(NODE1) | NODE0 = NODE1

forall NODE1,NODE0. ~ep_epoch1(NODE0) | ep_epoch0(NODE1) | ep_epoch2(NODE1) | ep_epoch3(NODE1) | NODE0 = NODE1

forall NODE1,NODE0. ~ep_epoch1(NODE0) | ep_epoch0(NODE1) | ep_epoch2(NODE1) | held(NODE1) | NODE0 = NODE1

forall NODE1,NODE0. ~ep_epoch1(NODE0) | ep_epoch0(NODE1) | ep_epoch2(NODE1) | locked_epoch3(NODE1) | NODE0 = NODE1

forall NODE1,NODE0. ~ep_epoch2(NODE0) | ~held(NODE0) | ~locked_epoch1(NODE0) | ep_epoch0(NODE1) | NODE0 = NODE1

forall NODE1,NODE0. ~ep_epoch2(NODE0) | ~held(NODE0) | ~locked_epoch1(NODE1) | ep_epoch1(NODE1) | NODE0 = NODE1

forall NODE1,NODE0. ~ep_epoch2(NODE0) | ~held(NODE0) | ep_epoch0(NODE1) | ep_epoch1(NODE1) | NODE0 = NODE1

forall NODE1,NODE0. ~ep_epoch2(NODE0) | ~held(NODE0) | ep_epoch0(NODE1) | locked_epoch1(NODE1) | NODE0 = NODE1

forall NODE1,NODE0. ~ep_epoch2(NODE0) | ~held(NODE0) | ep_epoch1(NODE1) | locked_epoch1(NODE0) | NODE0 = NODE1

forall NODE1,NODE0,NODE2. ~ep_epoch2(NODE0) | ~locked_epoch1(NODE0) | ~transfer_epoch3(NODE1) | ep_epoch0(NODE2) | ((NODE1 ~= NODE2 | NODE0 = NODE1) & (NODE0 ~= NODE1 | NODE0 = NODE2))

forall NODE1,NODE0. ~ep_epoch2(NODE0) | ~locked_epoch1(NODE0) | ep_epoch0(NODE1) | ep_epoch3(NODE1) | NODE0 = NODE1

forall NODE1,NODE0. ~ep_epoch2(NODE0) | ~locked_epoch1(NODE0) | ep_epoch0(NODE1) | held(NODE1) | NODE0 = NODE1

forall NODE1,NODE0. ~ep_epoch2(NODE0) | ~locked_epoch1(NODE0) | ep_epoch0(NODE1) | locked_epoch3(NODE1) | NODE0 = NODE1

forall NODE1,NODE0,NODE2. ~ep_epoch2(NODE0) | ~locked_epoch1(NODE1) | ~transfer_epoch3(NODE2) | ep_epoch1(NODE1) | ((NODE0 ~= NODE2 | NODE0 = NODE1) & (NODE1 ~= NODE2 | NODE0 = NODE1))

forall NODE1,NODE0. ~ep_epoch2(NODE0) | ~locked_epoch1(NODE1) | ep_epoch1(NODE1) | ep_epoch3(NODE1) | NODE0 = NODE1

forall NODE1,NODE0. ~ep_epoch2(NODE0) | ~locked_epoch1(NODE1) | ep_epoch1(NODE1) | held(NODE1) | NODE0 = NODE1

forall NODE1,NODE0. ~ep_epoch2(NODE0) | ~locked_epoch1(NODE1) | ep_epoch1(NODE1) | locked_epoch3(NODE1) | NODE0 = NODE1

forall NODE1,NODE0,NODE2. ~ep_epoch2(NODE0) | ~transfer_epoch3(NODE1) | ep_epoch0(NODE2) | ep_epoch1(NODE2) | ((NODE0 ~= NODE1 | NODE0 = NODE2) & (NODE1 ~= NODE2 | NODE0 = NODE1))

forall NODE1,NODE0,NODE2. ~ep_epoch2(NODE0) | ~transfer_epoch3(NODE1) | ep_epoch0(NODE2) | locked_epoch1(NODE2) | ((NODE0 ~= NODE1 | NODE0 = NODE2) & (NODE1 ~= NODE2 | NODE0 = NODE1))

forall NODE1,NODE0,NODE2. ~ep_epoch2(NODE0) | ~transfer_epoch3(NODE1) | ep_epoch1(NODE2) | locked_epoch1(NODE0) | ((NODE0 ~= NODE1 | NODE0 = NODE2) & (NODE1 ~= NODE2 | NODE0 = NODE1))

forall NODE1,NODE0. ~ep_epoch2(NODE0) | ep_epoch0(NODE1) | ep_epoch1(NODE1) | ep_epoch3(NODE1) | NODE0 = NODE1

forall NODE1,NODE0. ~ep_epoch2(NODE0) | ep_epoch0(NODE1) | ep_epoch1(NODE1) | held(NODE1) | NODE0 = NODE1

forall NODE1,NODE0. ~ep_epoch2(NODE0) | ep_epoch0(NODE1) | ep_epoch1(NODE1) | locked_epoch3(NODE1) | NODE0 = NODE1

forall NODE1,NODE0. ~ep_epoch2(NODE0) | ep_epoch0(NODE1) | ep_epoch3(NODE1) | locked_epoch1(NODE1) | NODE0 = NODE1

forall NODE1,NODE0. ~ep_epoch2(NODE0) | ep_epoch0(NODE1) | held(NODE1) | locked_epoch1(NODE1) | NODE0 = NODE1

forall NODE1,NODE0. ~ep_epoch2(NODE0) | ep_epoch0(NODE1) | locked_epoch1(NODE1) | locked_epoch3(NODE1) | NODE0 = NODE1

forall NODE1,NODE0. ~ep_epoch2(NODE0) | ep_epoch1(NODE1) | ep_epoch3(NODE1) | locked_epoch1(NODE0) | NODE0 = NODE1

forall NODE1,NODE0. ~ep_epoch2(NODE0) | ep_epoch1(NODE1) | held(NODE1) | locked_epoch1(NODE0) | NODE0 = NODE1

forall NODE1,NODE0. ~ep_epoch2(NODE0) | ep_epoch1(NODE1) | locked_epoch1(NODE0) | locked_epoch3(NODE1) | NODE0 = NODE1

forall NODE1,NODE0. ~ep_epoch3(NODE0) | ~locked_epoch1(NODE0) | ~locked_epoch2(NODE0) | ep_epoch0(NODE1) | NODE0 = NODE1

forall NODE1,NODE0. ~ep_epoch3(NODE0) | ~locked_epoch1(NODE0) | ep_epoch0(NODE1) | ep_epoch2(NODE1) | NODE0 = NODE1

forall NODE1,NODE0. ~ep_epoch3(NODE0) | ~locked_epoch1(NODE0) | ep_epoch0(NODE1) | locked_epoch2(NODE1) | NODE0 = NODE1

forall NODE1,NODE0. ~ep_epoch3(NODE0) | ~locked_epoch1(NODE1) | ~locked_epoch2(NODE0) | ep_epoch1(NODE1) | NODE0 = NODE1

forall NODE1,NODE0. ~ep_epoch3(NODE0) | ~locked_epoch1(NODE1) | ep_epoch1(NODE1) | ep_epoch2(NODE1) | NODE0 = NODE1

forall NODE1,NODE0. ~ep_epoch3(NODE0) | ~locked_epoch1(NODE1) | ep_epoch1(NODE1) | locked_epoch2(NODE1) | NODE0 = NODE1

forall NODE1,NODE0. ~ep_epoch3(NODE0) | ~locked_epoch2(NODE0) | ep_epoch0(NODE1) | ep_epoch1(NODE1) | NODE0 = NODE1

forall NODE1,NODE0. ~ep_epoch3(NODE0) | ~locked_epoch2(NODE0) | ep_epoch0(NODE1) | locked_epoch1(NODE1) | NODE0 = NODE1

forall NODE1,NODE0. ~ep_epoch3(NODE0) | ~locked_epoch2(NODE0) | ep_epoch1(NODE1) | locked_epoch1(NODE0) | NODE0 = NODE1

forall NODE1,NODE0. ~ep_epoch3(NODE0) | ep_epoch0(NODE1) | ep_epoch1(NODE1) | ep_epoch2(NODE1) | NODE0 = NODE1

forall NODE1,NODE0. ~ep_epoch3(NODE0) | ep_epoch0(NODE1) | ep_epoch1(NODE1) | locked_epoch2(NODE1) | NODE0 = NODE1

forall NODE1,NODE0. ~ep_epoch3(NODE0) | ep_epoch0(NODE1) | ep_epoch2(NODE1) | locked_epoch1(NODE1) | NODE0 = NODE1

forall NODE1,NODE0. ~ep_epoch3(NODE0) | ep_epoch0(NODE1) | locked_epoch1(NODE1) | locked_epoch2(NODE1) | NODE0 = NODE1

forall NODE1,NODE0. ~ep_epoch3(NODE0) | ep_epoch1(NODE1) | ep_epoch2(NODE1) | locked_epoch1(NODE0) | NODE0 = NODE1

forall NODE1,NODE0. ~ep_epoch3(NODE0) | ep_epoch1(NODE1) | locked_epoch1(NODE0) | locked_epoch2(NODE1) | NODE0 = NODE1

forall NODE1,NODE0. ~held(NODE0) | ~locked_epoch1(NODE0) | ~locked_epoch2(NODE0) | ep_epoch0(NODE1) | NODE0 = NODE1

forall NODE1,NODE0. ~held(NODE0) | ~locked_epoch1(NODE0) | ep_epoch0(NODE1) | ep_epoch2(NODE1) | NODE0 = NODE1

forall NODE1,NODE0. ~held(NODE0) | ~locked_epoch1(NODE0) | ep_epoch0(NODE1) | ep_epoch3(NODE0) | NODE0 = NODE1

forall NODE1,NODE0. ~held(NODE0) | ~locked_epoch1(NODE0) | ep_epoch0(NODE1) | locked_epoch2(NODE1) | NODE0 = NODE1

forall NODE1,NODE0. ~held(NODE0) | ~locked_epoch1(NODE0) | ep_epoch0(NODE1) | locked_epoch3(NODE0) | NODE0 = NODE1

forall NODE1,NODE0. ~held(NODE0) | ~locked_epoch1(NODE1) | ~locked_epoch2(NODE0) | ep_epoch1(NODE1) | NODE0 = NODE1

forall NODE1,NODE0. ~held(NODE0) | ~locked_epoch1(NODE1) | ep_epoch1(NODE1) | ep_epoch2(NODE1) | NODE0 = NODE1

forall NODE1,NODE0. ~held(NODE0) | ~locked_epoch1(NODE1) | ep_epoch1(NODE1) | ep_epoch3(NODE0) | NODE0 = NODE1

forall NODE1,NODE0. ~held(NODE0) | ~locked_epoch1(NODE1) | ep_epoch1(NODE1) | locked_epoch2(NODE1) | NODE0 = NODE1

forall NODE1,NODE0. ~held(NODE0) | ~locked_epoch1(NODE1) | ep_epoch1(NODE1) | locked_epoch3(NODE0) | NODE0 = NODE1

forall NODE1,NODE0. ~held(NODE0) | ~locked_epoch1(NODE1) | ep_epoch2(NODE0) | ep_epoch3(NODE0) | NODE0 = NODE1

forall NODE1,NODE0. ~held(NODE0) | ~locked_epoch1(NODE1) | ep_epoch2(NODE0) | locked_epoch3(NODE0) | NODE0 = NODE1

forall NODE1,NODE0. ~held(NODE0) | ~locked_epoch1(NODE1) | ep_epoch2(NODE1) | locked_epoch2(NODE0) | NODE0 = NODE1

forall NODE1,NODE0. ~held(NODE0) | ~locked_epoch1(NODE1) | ep_epoch3(NODE0) | locked_epoch2(NODE0) | NODE0 = NODE1

forall NODE1,NODE0. ~held(NODE0) | ~locked_epoch1(NODE1) | locked_epoch2(NODE0) | locked_epoch2(NODE1) | NODE0 = NODE1

forall NODE1,NODE0. ~held(NODE0) | ~locked_epoch1(NODE1) | locked_epoch2(NODE0) | locked_epoch3(NODE0) | NODE0 = NODE1

forall NODE1,NODE0. ~held(NODE0) | ~locked_epoch2(NODE0) | ep_epoch0(NODE1) | ep_epoch1(NODE1) | NODE0 = NODE1

forall NODE1,NODE0. ~held(NODE0) | ~locked_epoch2(NODE0) | ep_epoch0(NODE1) | locked_epoch1(NODE1) | NODE0 = NODE1

forall NODE1,NODE0. ~held(NODE0) | ~locked_epoch2(NODE0) | ep_epoch1(NODE1) | locked_epoch1(NODE0) | NODE0 = NODE1

forall NODE1,NODE0. ~held(NODE0) | ep_epoch0(NODE1) | ep_epoch1(NODE1) | ep_epoch2(NODE1) | NODE0 = NODE1

forall NODE1,NODE0. ~held(NODE0) | ep_epoch0(NODE1) | ep_epoch1(NODE1) | ep_epoch3(NODE0) | NODE0 = NODE1

forall NODE1,NODE0. ~held(NODE0) | ep_epoch0(NODE1) | ep_epoch1(NODE1) | locked_epoch2(NODE1) | NODE0 = NODE1

forall NODE1,NODE0. ~held(NODE0) | ep_epoch0(NODE1) | ep_epoch1(NODE1) | locked_epoch3(NODE0) | NODE0 = NODE1

forall NODE1,NODE0. ~held(NODE0) | ep_epoch0(NODE1) | ep_epoch2(NODE0) | ep_epoch3(NODE0) | NODE0 = NODE1

forall NODE1,NODE0. ~held(NODE0) | ep_epoch0(NODE1) | ep_epoch2(NODE0) | locked_epoch3(NODE0) | NODE0 = NODE1

forall NODE1,NODE0. ~held(NODE0) | ep_epoch0(NODE1) | ep_epoch2(NODE1) | locked_epoch1(NODE1) | NODE0 = NODE1

forall NODE1,NODE0. ~held(NODE0) | ep_epoch0(NODE1) | ep_epoch2(NODE1) | locked_epoch2(NODE0) | NODE0 = NODE1

forall NODE1,NODE0. ~held(NODE0) | ep_epoch0(NODE1) | ep_epoch3(NODE0) | locked_epoch1(NODE1) | NODE0 = NODE1

forall NODE1,NODE0. ~held(NODE0) | ep_epoch0(NODE1) | ep_epoch3(NODE0) | locked_epoch2(NODE0) | NODE0 = NODE1

forall NODE1,NODE0. ~held(NODE0) | ep_epoch0(NODE1) | locked_epoch1(NODE1) | locked_epoch2(NODE1) | NODE0 = NODE1

forall NODE1,NODE0. ~held(NODE0) | ep_epoch0(NODE1) | locked_epoch1(NODE1) | locked_epoch3(NODE0) | NODE0 = NODE1

forall NODE1,NODE0. ~held(NODE0) | ep_epoch0(NODE1) | locked_epoch2(NODE0) | locked_epoch2(NODE1) | NODE0 = NODE1

forall NODE1,NODE0. ~held(NODE0) | ep_epoch0(NODE1) | locked_epoch2(NODE0) | locked_epoch3(NODE0) | NODE0 = NODE1

forall NODE0. ~held(NODE0) | ep_epoch1(NODE0) | ep_epoch2(NODE0) | ep_epoch3(NODE0)

forall NODE0. ~held(NODE0) | ep_epoch1(NODE0) | ep_epoch2(NODE0) | locked_epoch3(NODE0)

forall NODE1,NODE0. ~held(NODE0) | ep_epoch1(NODE0) | ep_epoch2(NODE1) | locked_epoch2(NODE0) | NODE0 = NODE1

forall NODE0. ~held(NODE0) | ep_epoch1(NODE0) | ep_epoch3(NODE0) | locked_epoch2(NODE0)

forall NODE1,NODE0. ~held(NODE0) | ep_epoch1(NODE0) | locked_epoch2(NODE0) | locked_epoch2(NODE1) | NODE0 = NODE1

forall NODE0. ~held(NODE0) | ep_epoch1(NODE0) | locked_epoch2(NODE0) | locked_epoch3(NODE0)

forall NODE1,NODE0. ~held(NODE0) | ep_epoch1(NODE1) | ep_epoch2(NODE1) | locked_epoch1(NODE0) | NODE0 = NODE1

forall NODE1,NODE0. ~held(NODE0) | ep_epoch1(NODE1) | ep_epoch3(NODE0) | locked_epoch1(NODE0) | NODE0 = NODE1

forall NODE1,NODE0. ~held(NODE0) | ep_epoch1(NODE1) | locked_epoch1(NODE0) | locked_epoch2(NODE1) | NODE0 = NODE1

forall NODE1,NODE0. ~held(NODE0) | ep_epoch1(NODE1) | locked_epoch1(NODE0) | locked_epoch3(NODE0) | NODE0 = NODE1

forall NODE0. ~held(NODE0) | ep_epoch2(NODE0) | ep_epoch3(NODE0) | locked_epoch1(NODE0)

forall NODE0. ~held(NODE0) | ep_epoch2(NODE0) | locked_epoch1(NODE0) | locked_epoch3(NODE0)

forall NODE1,NODE0. ~held(NODE0) | ep_epoch2(NODE1) | locked_epoch1(NODE0) | locked_epoch2(NODE0) | NODE0 = NODE1

forall NODE0. ~held(NODE0) | ep_epoch3(NODE0) | locked_epoch1(NODE0) | locked_epoch2(NODE0)

forall NODE1,NODE0. ~held(NODE0) | locked_epoch1(NODE0) | locked_epoch2(NODE0) | locked_epoch2(NODE1) | NODE0 = NODE1

forall NODE0. ~held(NODE0) | locked_epoch1(NODE0) | locked_epoch2(NODE0) | locked_epoch3(NODE0)

forall NODE1,NODE0. ~locked_epoch1(NODE0) | ~locked_epoch2(NODE0) | ~locked_epoch3(NODE0) | ep_epoch0(NODE1) | NODE0 = NODE1

forall NODE1,NODE0,NODE2. ~locked_epoch1(NODE0) | ~locked_epoch2(NODE0) | ~transfer_epoch3(NODE1) | ep_epoch0(NODE2) | ((NODE1 ~= NODE2 | NODE0 = NODE1) & (NODE0 ~= NODE1 | NODE0 = NODE2))

forall NODE1,NODE0. ~locked_epoch1(NODE0) | ~locked_epoch2(NODE0) | ep_epoch0(NODE1) | ep_epoch2(NODE0) | NODE0 = NODE1

forall NODE1,NODE0. ~locked_epoch1(NODE0) | ~locked_epoch2(NODE0) | ep_epoch0(NODE1) | ep_epoch3(NODE1) | NODE0 = NODE1

forall NODE1,NODE0. ~locked_epoch1(NODE0) | ~locked_epoch2(NODE0) | ep_epoch0(NODE1) | held(NODE1) | NODE0 = NODE1

forall NODE1,NODE0. ~locked_epoch1(NODE0) | ~locked_epoch2(NODE0) | ep_epoch0(NODE1) | locked_epoch3(NODE1) | NODE0 = NODE1

forall NODE1,NODE0. ~locked_epoch1(NODE0) | ~locked_epoch2(NODE1) | ~locked_epoch3(NODE1) | ep_epoch1(NODE0) | NODE0 = NODE1

forall NODE1,NODE0,NODE2. ~locked_epoch1(NODE0) | ~locked_epoch2(NODE1) | ~transfer_epoch3(NODE2) | ep_epoch1(NODE0) | ((NODE1 ~= NODE2 | NODE0 = NODE1) & (NODE0 ~= NODE2 | NODE0 = NODE1))

forall NODE1,NODE0. ~locked_epoch1(NODE0) | ~locked_epoch2(NODE1) | ep_epoch1(NODE0) | ep_epoch2(NODE1) | NODE0 = NODE1

forall NODE1,NODE0. ~locked_epoch1(NODE0) | ~locked_epoch2(NODE1) | ep_epoch1(NODE0) | ep_epoch3(NODE0) | NODE0 = NODE1

forall NODE1,NODE0. ~locked_epoch1(NODE0) | ~locked_epoch2(NODE1) | ep_epoch1(NODE0) | held(NODE0) | NODE0 = NODE1

forall NODE1,NODE0. ~locked_epoch1(NODE0) | ~locked_epoch2(NODE1) | ep_epoch1(NODE0) | locked_epoch3(NODE0) | NODE0 = NODE1

forall NODE1,NODE0. ~locked_epoch1(NODE0) | ~locked_epoch3(NODE0) | ep_epoch0(NODE1) | ep_epoch2(NODE1) | NODE0 = NODE1

forall NODE1,NODE0. ~locked_epoch1(NODE0) | ~locked_epoch3(NODE0) | ep_epoch0(NODE1) | locked_epoch2(NODE1) | NODE0 = NODE1

forall NODE1,NODE0. ~locked_epoch1(NODE0) | ~locked_epoch3(NODE1) | ep_epoch1(NODE0) | ep_epoch2(NODE0) | NODE0 = NODE1

forall NODE1,NODE0. ~locked_epoch1(NODE0) | ~locked_epoch3(NODE1) | ep_epoch1(NODE0) | locked_epoch2(NODE0) | NODE0 = NODE1

forall NODE1,NODE0,NODE2. ~locked_epoch1(NODE0) | ~transfer_epoch3(NODE1) | ep_epoch0(NODE2) | ep_epoch1(NODE0) | ((NODE1 ~= NODE2 | NODE0 = NODE1) & (NODE0 ~= NODE1 | NODE0 = NODE2))

forall NODE1,NODE0,NODE2. ~locked_epoch1(NODE0) | ~transfer_epoch3(NODE1) | ep_epoch0(NODE2) | ep_epoch2(NODE2) | ((NODE1 ~= NODE2 | NODE0 = NODE1) & (NODE0 ~= NODE1 | NODE0 = NODE2))

forall NODE1,NODE0,NODE2. ~locked_epoch1(NODE0) | ~transfer_epoch3(NODE1) | ep_epoch0(NODE2) | locked_epoch2(NODE2) | ((NODE1 ~= NODE2 | NODE0 = NODE1) & (NODE0 ~= NODE1 | NODE0 = NODE2))

forall NODE1,NODE0. ~locked_epoch1(NODE0) | ~transfer_epoch3(NODE1) | ep_epoch1(NODE0) | ep_epoch2(NODE0)

forall NODE1,NODE0. ~locked_epoch1(NODE0) | ~transfer_epoch3(NODE1) | ep_epoch1(NODE0) | locked_epoch2(NODE0)

forall NODE1,NODE0. ~locked_epoch1(NODE0) | ep_epoch0(NODE1) | ep_epoch2(NODE0) | locked_epoch2(NODE1) | NODE0 = NODE1

forall NODE1,NODE0. ~locked_epoch1(NODE0) | ep_epoch0(NODE1) | ep_epoch2(NODE1) | ep_epoch3(NODE1) | NODE0 = NODE1

forall NODE1,NODE0. ~locked_epoch1(NODE0) | ep_epoch0(NODE1) | ep_epoch2(NODE1) | held(NODE1) | NODE0 = NODE1

forall NODE1,NODE0. ~locked_epoch1(NODE0) | ep_epoch0(NODE1) | ep_epoch2(NODE1) | locked_epoch3(NODE1) | NODE0 = NODE1

forall NODE1,NODE0. ~locked_epoch1(NODE0) | ep_epoch0(NODE1) | ep_epoch3(NODE1) | locked_epoch2(NODE1) | NODE0 = NODE1

forall NODE1,NODE0. ~locked_epoch1(NODE0) | ep_epoch0(NODE1) | held(NODE1) | locked_epoch2(NODE1) | NODE0 = NODE1

forall NODE1,NODE0. ~locked_epoch1(NODE0) | ep_epoch0(NODE1) | locked_epoch2(NODE0) | locked_epoch2(NODE1) | NODE0 = NODE1

forall NODE1,NODE0. ~locked_epoch1(NODE0) | ep_epoch0(NODE1) | locked_epoch2(NODE1) | locked_epoch3(NODE1) | NODE0 = NODE1

forall NODE0. ~locked_epoch1(NODE0) | ep_epoch1(NODE0) | ep_epoch2(NODE0) | ep_epoch3(NODE0)

forall NODE0. ~locked_epoch1(NODE0) | ep_epoch1(NODE0) | ep_epoch2(NODE0) | held(NODE0)

forall NODE0. ~locked_epoch1(NODE0) | ep_epoch1(NODE0) | ep_epoch2(NODE0) | locked_epoch3(NODE0)

forall NODE1,NODE0. ~locked_epoch1(NODE0) | ep_epoch1(NODE0) | ep_epoch2(NODE1) | locked_epoch2(NODE0) | NODE0 = NODE1

forall NODE0. ~locked_epoch1(NODE0) | ep_epoch1(NODE0) | ep_epoch3(NODE0) | locked_epoch2(NODE0)

forall NODE0. ~locked_epoch1(NODE0) | ep_epoch1(NODE0) | held(NODE0) | locked_epoch2(NODE0)

forall NODE1,NODE0. ~locked_epoch1(NODE0) | ep_epoch1(NODE0) | locked_epoch2(NODE0) | locked_epoch2(NODE1) | NODE0 = NODE1

forall NODE0. ~locked_epoch1(NODE0) | ep_epoch1(NODE0) | locked_epoch2(NODE0) | locked_epoch3(NODE0)

forall NODE1,NODE0. ~locked_epoch2(NODE0) | ~locked_epoch3(NODE0) | ep_epoch0(NODE1) | ep_epoch1(NODE1) | NODE0 = NODE1

forall NODE1,NODE0. ~locked_epoch2(NODE0) | ~locked_epoch3(NODE0) | ep_epoch0(NODE1) | locked_epoch1(NODE1) | NODE0 = NODE1

forall NODE1,NODE0. ~locked_epoch2(NODE0) | ~locked_epoch3(NODE0) | ep_epoch1(NODE1) | locked_epoch1(NODE0) | NODE0 = NODE1

forall NODE1,NODE0,NODE2. ~locked_epoch2(NODE0) | ~transfer_epoch3(NODE1) | ep_epoch0(NODE2) | ep_epoch1(NODE2) | ((NODE0 ~= NODE1 | NODE0 = NODE2) & (NODE1 ~= NODE2 | NODE0 = NODE1))

forall NODE1,NODE0,NODE2. ~locked_epoch2(NODE0) | ~transfer_epoch3(NODE1) | ep_epoch0(NODE2) | locked_epoch1(NODE2) | ((NODE0 ~= NODE1 | NODE0 = NODE2) & (NODE1 ~= NODE2 | NODE0 = NODE1))

forall NODE1,NODE0,NODE2. ~locked_epoch2(NODE0) | ~transfer_epoch3(NODE1) | ep_epoch1(NODE2) | locked_epoch1(NODE0) | ((NODE0 ~= NODE1 | NODE0 = NODE2) & (NODE1 ~= NODE2 | NODE0 = NODE1))

forall NODE1,NODE0. ~locked_epoch2(NODE0) | ep_epoch0(NODE1) | ep_epoch1(NODE1) | ep_epoch2(NODE0) | NODE0 = NODE1

forall NODE1,NODE0. ~locked_epoch2(NODE0) | ep_epoch0(NODE1) | ep_epoch1(NODE1) | ep_epoch3(NODE1) | NODE0 = NODE1

forall NODE1,NODE0. ~locked_epoch2(NODE0) | ep_epoch0(NODE1) | ep_epoch1(NODE1) | held(NODE1) | NODE0 = NODE1

forall NODE1,NODE0. ~locked_epoch2(NODE0) | ep_epoch0(NODE1) | ep_epoch1(NODE1) | locked_epoch3(NODE1) | NODE0 = NODE1

forall NODE1,NODE0. ~locked_epoch2(NODE0) | ep_epoch0(NODE1) | ep_epoch2(NODE0) | locked_epoch1(NODE1) | NODE0 = NODE1

forall NODE1,NODE0. ~locked_epoch2(NODE0) | ep_epoch0(NODE1) | ep_epoch3(NODE1) | locked_epoch1(NODE1) | NODE0 = NODE1

forall NODE1,NODE0. ~locked_epoch2(NODE0) | ep_epoch0(NODE1) | held(NODE1) | locked_epoch1(NODE1) | NODE0 = NODE1

forall NODE1,NODE0. ~locked_epoch2(NODE0) | ep_epoch0(NODE1) | locked_epoch1(NODE1) | locked_epoch3(NODE1) | NODE0 = NODE1

forall NODE1,NODE0. ~locked_epoch2(NODE0) | ep_epoch1(NODE1) | ep_epoch2(NODE0) | locked_epoch1(NODE0) | NODE0 = NODE1

forall NODE1,NODE0. ~locked_epoch2(NODE0) | ep_epoch1(NODE1) | ep_epoch3(NODE1) | locked_epoch1(NODE0) | NODE0 = NODE1

forall NODE1,NODE0. ~locked_epoch2(NODE0) | ep_epoch1(NODE1) | held(NODE1) | locked_epoch1(NODE0) | NODE0 = NODE1

forall NODE1,NODE0. ~locked_epoch2(NODE0) | ep_epoch1(NODE1) | locked_epoch1(NODE0) | locked_epoch3(NODE1) | NODE0 = NODE1

forall NODE1,NODE0. ~locked_epoch3(NODE0) | ep_epoch0(NODE1) | ep_epoch1(NODE1) | ep_epoch2(NODE1) | NODE0 = NODE1

forall NODE1,NODE0. ~locked_epoch3(NODE0) | ep_epoch0(NODE1) | ep_epoch1(NODE1) | locked_epoch2(NODE1) | NODE0 = NODE1

forall NODE1,NODE0. ~locked_epoch3(NODE0) | ep_epoch0(NODE1) | ep_epoch2(NODE1) | locked_epoch1(NODE1) | NODE0 = NODE1

forall NODE1,NODE0. ~locked_epoch3(NODE0) | ep_epoch0(NODE1) | locked_epoch1(NODE1) | locked_epoch2(NODE1) | NODE0 = NODE1

forall NODE1,NODE0. ~locked_epoch3(NODE0) | ep_epoch1(NODE1) | ep_epoch2(NODE1) | locked_epoch1(NODE0) | NODE0 = NODE1

forall NODE1,NODE0. ~locked_epoch3(NODE0) | ep_epoch1(NODE1) | locked_epoch1(NODE0) | locked_epoch2(NODE1) | NODE0 = NODE1

forall NODE1,NODE0. ~transfer_epoch3(NODE0) | ep_epoch0(NODE1) | ep_epoch1(NODE1) | ep_epoch2(NODE1)

forall NODE1,NODE0. ~transfer_epoch3(NODE0) | ep_epoch0(NODE1) | ep_epoch1(NODE1) | locked_epoch2(NODE1)

forall NODE1,NODE0,NODE2. ~transfer_epoch3(NODE0) | ep_epoch0(NODE1) | ep_epoch1(NODE2) | locked_epoch1(NODE1) | ((NODE0 ~= NODE1 | NODE0 = NODE2) & (NODE0 ~= NODE2 | NODE0 = NODE1))

forall NODE1,NODE0. ~transfer_epoch3(NODE0) | ep_epoch0(NODE1) | ep_epoch2(NODE1) | locked_epoch1(NODE1)

forall NODE1,NODE0. ~transfer_epoch3(NODE0) | ep_epoch0(NODE1) | locked_epoch1(NODE1) | locked_epoch2(NODE1)

forall NODE1,NODE0,NODE2. ~transfer_epoch3(NODE0) | ep_epoch1(NODE1) | ep_epoch2(NODE1) | locked_epoch1(NODE2) | ((NODE0 ~= NODE2 | NODE0 = NODE1) & (NODE0 ~= NODE1 | NODE0 = NODE2))

forall NODE1,NODE0,NODE2. ~transfer_epoch3(NODE0) | ep_epoch1(NODE1) | locked_epoch1(NODE2) | locked_epoch2(NODE1) | ((NODE0 ~= NODE1 | NODE0 = NODE2) & (NODE0 ~= NODE2 | NODE0 = NODE1))

exists NODE0. ep_epoch0(NODE0) | locked_epoch2(NODE0)

forall NODE0. ep_epoch0(NODE0) | ep_epoch1(NODE0) | ep_epoch2(NODE0) | ep_epoch3(NODE0)

forall NODE0. ep_epoch0(NODE0) | ep_epoch1(NODE0) | ep_epoch2(NODE0) | held(NODE0)

forall NODE0. ep_epoch0(NODE0) | ep_epoch1(NODE0) | ep_epoch2(NODE0) | locked_epoch3(NODE0)

forall NODE1,NODE0. ep_epoch0(NODE0) | ep_epoch1(NODE0) | ep_epoch2(NODE1) | locked_epoch2(NODE0) | NODE0 = NODE1

forall NODE0. ep_epoch0(NODE0) | ep_epoch1(NODE0) | ep_epoch3(NODE0) | locked_epoch2(NODE0)

forall NODE0. ep_epoch0(NODE0) | ep_epoch1(NODE0) | held(NODE0) | locked_epoch2(NODE0)

forall NODE1,NODE0. ep_epoch0(NODE0) | ep_epoch1(NODE0) | locked_epoch2(NODE0) | locked_epoch2(NODE1) | NODE0 = NODE1

forall NODE0. ep_epoch0(NODE0) | ep_epoch1(NODE0) | locked_epoch2(NODE0) | locked_epoch3(NODE0)

forall NODE0. ep_epoch0(NODE0) | ep_epoch2(NODE0) | ep_epoch3(NODE0) | locked_epoch1(NODE0)

forall NODE0. ep_epoch0(NODE0) | ep_epoch2(NODE0) | held(NODE0) | locked_epoch1(NODE0)

forall NODE0. ep_epoch0(NODE0) | ep_epoch2(NODE0) | locked_epoch1(NODE0) | locked_epoch3(NODE0)

forall NODE1,NODE0. ep_epoch0(NODE0) | ep_epoch2(NODE1) | locked_epoch1(NODE0) | locked_epoch2(NODE0) | NODE0 = NODE1

forall NODE0. ep_epoch0(NODE0) | ep_epoch3(NODE0) | locked_epoch1(NODE0) | locked_epoch2(NODE0)

forall NODE0. ep_epoch0(NODE0) | held(NODE0) | locked_epoch1(NODE0) | locked_epoch2(NODE0)

forall NODE1,NODE0. ep_epoch0(NODE0) | locked_epoch1(NODE0) | locked_epoch2(NODE0) | locked_epoch2(NODE1) | NODE0 = NODE1

forall NODE0. ep_epoch0(NODE0) | locked_epoch1(NODE0) | locked_epoch2(NODE0) | locked_epoch3(NODE0)

exists NODE0. ep_epoch1(NODE0) | locked_epoch2(NODE0)

forall NODE1,NODE0. ep_epoch1(NODE0) | ep_epoch2(NODE0) | ep_epoch3(NODE0) | locked_epoch1(NODE1) | NODE0 = NODE1

forall NODE1,NODE0. ep_epoch1(NODE0) | ep_epoch2(NODE0) | held(NODE0) | locked_epoch1(NODE1) | NODE0 = NODE1

forall NODE1,NODE0. ep_epoch1(NODE0) | ep_epoch2(NODE0) | locked_epoch1(NODE1) | locked_epoch3(NODE0) | NODE0 = NODE1

forall NODE1,NODE0. ep_epoch1(NODE0) | ep_epoch2(NODE1) | locked_epoch1(NODE1) | locked_epoch2(NODE0) | NODE0 = NODE1

forall NODE1,NODE0. ep_epoch1(NODE0) | ep_epoch3(NODE0) | locked_epoch1(NODE1) | locked_epoch2(NODE0) | NODE0 = NODE1

forall NODE1,NODE0. ep_epoch1(NODE0) | held(NODE0) | locked_epoch1(NODE1) | locked_epoch2(NODE0) | NODE0 = NODE1

forall NODE1,NODE0. ep_epoch1(NODE0) | locked_epoch1(NODE1) | locked_epoch2(NODE0) | locked_epoch2(NODE1) | NODE0 = NODE1

forall NODE1,NODE0. ep_epoch1(NODE0) | locked_epoch1(NODE1) | locked_epoch2(NODE0) | locked_epoch3(NODE0) | NODE0 = NODE1

forall NODE1,NODE0. ~ep_epoch0(NODE0) | ~ep_epoch1(NODE1) | held(NODE1) | transfer_epoch2(NODE0) | transfer_epoch2(NODE1) | NODE0 = NODE1

forall NODE1,NODE0. ~ep_epoch0(NODE0) | ~ep_epoch2(NODE1) | held(NODE1) | transfer_epoch3(NODE0) | transfer_epoch3(NODE1) | NODE0 = NODE1

forall NODE1,NODE0. ~ep_epoch0(NODE0) | ~locked_epoch2(NODE1) | held(NODE1) | transfer_epoch3(NODE0) | transfer_epoch3(NODE1) | NODE0 = NODE1

forall NODE1,NODE0. ~ep_epoch0(NODE0) | ep_epoch1(NODE1) | held(NODE1) | transfer_epoch3(NODE0) | transfer_epoch3(NODE1) | NODE0 = NODE1

forall NODE1,NODE0. ~ep_epoch0(NODE0) | ep_epoch2(NODE1) | held(NODE1) | transfer_epoch2(NODE0) | transfer_epoch2(NODE1) | NODE0 = NODE1

forall NODE1,NODE0. ~ep_epoch0(NODE0) | held(NODE1) | locked_epoch2(NODE1) | transfer_epoch2(NODE0) | transfer_epoch2(NODE1) | NODE0 = NODE1

forall NODE1,NODE0. ~ep_epoch1(NODE0) | ~ep_epoch2(NODE1) | held(NODE1) | transfer_epoch3(NODE0) | transfer_epoch3(NODE1) | NODE0 = NODE1

forall NODE1,NODE0. ~ep_epoch1(NODE0) | ~locked_epoch2(NODE1) | held(NODE1) | transfer_epoch3(NODE0) | transfer_epoch3(NODE1) | NODE0 = NODE1

forall NODE1,NODE0. ~ep_epoch1(NODE0) | ep_epoch0(NODE1) | held(NODE1) | transfer_epoch3(NODE0) | transfer_epoch3(NODE1) | NODE0 = NODE1

forall NODE1,NODE0. ~ep_epoch1(NODE0) | held(NODE0) | locked_epoch2(NODE1) | transfer_epoch2(NODE0) | transfer_epoch2(NODE1) | NODE0 = NODE1

forall NODE1,NODE0. ~ep_epoch2(NODE0) | ep_epoch3(NODE1) | held(NODE0) | transfer_epoch3(NODE0) | transfer_epoch3(NODE1) | NODE0 = NODE1

forall NODE1,NODE0. ~ep_epoch2(NODE0) | held(NODE0) | held(NODE1) | transfer_epoch3(NODE0) | transfer_epoch3(NODE1) | NODE0 = NODE1

forall NODE1,NODE0. ~ep_epoch2(NODE0) | held(NODE0) | locked_epoch3(NODE1) | transfer_epoch3(NODE0) | transfer_epoch3(NODE1) | NODE0 = NODE1

forall NODE1,NODE0. ~locked_epoch1(NODE0) | ep_epoch0(NODE1) | ep_epoch1(NODE0) | ep_epoch2(NODE0) | ep_epoch2(NODE1) | NODE0 = NODE1

forall NODE1,NODE0. ~locked_epoch1(NODE0) | ep_epoch0(NODE1) | ep_epoch1(NODE0) | ep_epoch3(NODE0) | ep_epoch3(NODE1) | NODE0 = NODE1

forall NODE1,NODE0,NODE2,NODE3. ~locked_epoch1(NODE0) | ep_epoch0(NODE1) | ep_epoch1(NODE0) | ep_epoch3(NODE2) | held(NODE3) | ((NODE0 ~= NODE2 | NODE1 ~= NODE3 | NODE0 = NODE1) & (NODE0 ~= NODE3 | NODE1 ~= NODE2 | NODE0 = NODE1))

forall NODE1,NODE0,NODE2,NODE3. ~locked_epoch1(NODE0) | ep_epoch0(NODE1) | ep_epoch1(NODE0) | ep_epoch3(NODE2) | locked_epoch3(NODE3) | ((NODE0 ~= NODE2 | NODE1 ~= NODE3 | NODE0 = NODE1) & (NODE0 ~= NODE3 | NODE1 ~= NODE2 | NODE0 = NODE1))

forall NODE1,NODE0. ~locked_epoch1(NODE0) | ep_epoch0(NODE1) | ep_epoch1(NODE0) | held(NODE0) | held(NODE1) | NODE0 = NODE1

forall NODE1,NODE0,NODE2,NODE3. ~locked_epoch1(NODE0) | ep_epoch0(NODE1) | ep_epoch1(NODE0) | held(NODE2) | locked_epoch3(NODE3) | ((NODE0 ~= NODE3 | NODE1 ~= NODE2 | NODE0 = NODE1) & (NODE0 ~= NODE2 | NODE1 ~= NODE3 | NODE0 = NODE1))

forall NODE1,NODE0. ~locked_epoch1(NODE0) | ep_epoch0(NODE1) | ep_epoch1(NODE0) | locked_epoch3(NODE0) | locked_epoch3(NODE1) | NODE0 = NODE1

forall NODE1,NODE0. ~locked_epoch2(NODE0) | ep_epoch3(NODE1) | held(NODE0) | transfer_epoch3(NODE0) | transfer_epoch3(NODE1) | NODE0 = NODE1

forall NODE1,NODE0. ~locked_epoch2(NODE0) | held(NODE0) | held(NODE1) | transfer_epoch3(NODE0) | transfer_epoch3(NODE1) | NODE0 = NODE1

forall NODE1,NODE0. ~locked_epoch2(NODE0) | held(NODE0) | locked_epoch3(NODE1) | transfer_epoch3(NODE0) | transfer_epoch3(NODE1) | NODE0 = NODE1

forall NODE1,NODE0. ~transfer_epoch3(NODE0) | ep_epoch0(NODE0) | ep_epoch0(NODE1) | ep_epoch1(NODE0) | ep_epoch1(NODE1) | NODE0 = NODE1

forall NODE1,NODE0. ep_epoch0(NODE0) | ep_epoch0(NODE1) | ep_epoch2(NODE1) | ep_epoch3(NODE1) | locked_epoch2(NODE0) | NODE0 = NODE1

forall NODE1,NODE0. ep_epoch0(NODE0) | ep_epoch0(NODE1) | ep_epoch2(NODE1) | held(NODE1) | locked_epoch2(NODE0) | NODE0 = NODE1

forall NODE1,NODE0. ep_epoch0(NODE0) | ep_epoch0(NODE1) | ep_epoch2(NODE1) | locked_epoch2(NODE0) | locked_epoch3(NODE1) | NODE0 = NODE1

forall NODE1,NODE0. ep_epoch0(NODE0) | ep_epoch1(NODE1) | ep_epoch2(NODE0) | ep_epoch2(NODE1) | locked_epoch1(NODE0) | NODE0 = NODE1

forall NODE1,NODE0. ep_epoch0(NODE0) | ep_epoch1(NODE1) | ep_epoch3(NODE0) | ep_epoch3(NODE1) | locked_epoch1(NODE0) | NODE0 = NODE1

forall NODE1,NODE0,NODE2,NODE3. ep_epoch0(NODE0) | ep_epoch1(NODE1) | ep_epoch3(NODE2) | held(NODE3) | locked_epoch1(NODE0) | ((NODE0 ~= NODE2 | NODE1 ~= NODE3 | NODE0 = NODE1) & (NODE0 ~= NODE3 | NODE1 ~= NODE2 | NODE0 = NODE1))

forall NODE1,NODE0,NODE2,NODE3. ep_epoch0(NODE0) | ep_epoch1(NODE1) | ep_epoch3(NODE2) | locked_epoch1(NODE0) | locked_epoch3(NODE3) | ((NODE0 ~= NODE2 | NODE1 ~= NODE3 | NODE0 = NODE1) & (NODE0 ~= NODE3 | NODE1 ~= NODE2 | NODE0 = NODE1))

forall NODE1,NODE0. ep_epoch0(NODE0) | ep_epoch1(NODE1) | held(NODE0) | held(NODE1) | locked_epoch1(NODE0) | NODE0 = NODE1

forall NODE1,NODE0,NODE2,NODE3. ep_epoch0(NODE0) | ep_epoch1(NODE1) | held(NODE2) | locked_epoch1(NODE0) | locked_epoch3(NODE3) | ((NODE0 ~= NODE3 | NODE1 ~= NODE2 | NODE0 = NODE1) & (NODE0 ~= NODE2 | NODE1 ~= NODE3 | NODE0 = NODE1))

forall NODE1,NODE0. ep_epoch0(NODE0) | ep_epoch1(NODE1) | locked_epoch1(NODE0) | locked_epoch3(NODE0) | locked_epoch3(NODE1) | NODE0 = NODE1

forall NODE1,NODE0. ep_epoch1(NODE0) | ep_epoch1(NODE1) | ep_epoch2(NODE1) | ep_epoch3(NODE1) | locked_epoch2(NODE0) | NODE0 = NODE1

forall NODE1,NODE0. ep_epoch1(NODE0) | ep_epoch1(NODE1) | ep_epoch2(NODE1) | held(NODE1) | locked_epoch2(NODE0) | NODE0 = NODE1

forall NODE1,NODE0. ep_epoch1(NODE0) | ep_epoch1(NODE1) | ep_epoch2(NODE1) | locked_epoch2(NODE0) | locked_epoch3(NODE1) | NODE0 = NODE1

forall NODE1,NODE0. ~ep_epoch0(NODE0) | held(NODE1) | transfer_epoch2(NODE0) | transfer_epoch2(NODE1) | transfer_epoch3(NODE0) | transfer_epoch3(NODE1) | NODE0 = NODE1

forall NODE1,NODE0. ~ep_epoch1(NODE0) | ep_epoch2(NODE1) | ep_epoch3(NODE1) | held(NODE0) | transfer_epoch2(NODE0) | transfer_epoch2(NODE1) | NODE0 = NODE1

forall NODE1,NODE0. ~ep_epoch1(NODE0) | ep_epoch2(NODE1) | held(NODE0) | held(NODE1) | transfer_epoch2(NODE0) | transfer_epoch2(NODE1) | NODE0 = NODE1

forall NODE1,NODE0. ~ep_epoch1(NODE0) | ep_epoch2(NODE1) | held(NODE0) | locked_epoch3(NODE1) | transfer_epoch2(NODE0) | transfer_epoch2(NODE1) | NODE0 = NODE1

forall NODE1,NODE0. ~locked_epoch1(NODE0) | ep_epoch0(NODE1) | ep_epoch3(NODE0) | held(NODE1) | transfer_epoch3(NODE0) | transfer_epoch3(NODE1) | NODE0 = NODE1

forall NODE1,NODE0. ~locked_epoch1(NODE0) | ep_epoch0(NODE1) | held(NODE0) | held(NODE1) | transfer_epoch3(NODE0) | transfer_epoch3(NODE1) | NODE0 = NODE1

forall NODE1,NODE0. ~locked_epoch1(NODE0) | ep_epoch0(NODE1) | held(NODE1) | locked_epoch3(NODE0) | transfer_epoch3(NODE0) | transfer_epoch3(NODE1) | NODE0 = NODE1

forall NODE1,NODE0. ~locked_epoch1(NODE0) | ep_epoch1(NODE0) | ep_epoch3(NODE1) | held(NODE0) | transfer_epoch3(NODE0) | transfer_epoch3(NODE1) | NODE0 = NODE1

forall NODE1,NODE0. ~locked_epoch1(NODE0) | ep_epoch1(NODE0) | held(NODE0) | held(NODE1) | transfer_epoch3(NODE0) | transfer_epoch3(NODE1) | NODE0 = NODE1

forall NODE1,NODE0. ~locked_epoch1(NODE0) | ep_epoch1(NODE0) | held(NODE0) | locked_epoch3(NODE1) | transfer_epoch3(NODE0) | transfer_epoch3(NODE1) | NODE0 = NODE1

forall NODE1,NODE0. ~locked_epoch1(NODE0) | ep_epoch2(NODE0) | held(NODE0) | locked_epoch2(NODE1) | transfer_epoch2(NODE0) | transfer_epoch2(NODE1) | NODE0 = NODE1

forall NODE1,NODE0. ~locked_epoch1(NODE0) | held(NODE0) | locked_epoch2(NODE0) | locked_epoch2(NODE1) | transfer_epoch2(NODE0) | transfer_epoch2(NODE1) | NODE0 = NODE1

exists NODE0. ep_epoch0(NODE0) | ep_epoch1(NODE0) | ep_epoch2(NODE0)

exists NODE0. ep_epoch0(NODE0) | ep_epoch1(NODE0) | ep_epoch3(NODE0)

forall NODE1,NODE0. ep_epoch0(NODE0) | ep_epoch0(NODE1) | ep_epoch1(NODE0) | ep_epoch1(NODE1) | ep_epoch3(NODE0) | held(NODE1) | NODE0 = NODE1

forall NODE1,NODE0. ep_epoch0(NODE0) | ep_epoch0(NODE1) | ep_epoch1(NODE0) | ep_epoch1(NODE1) | ep_epoch3(NODE0) | locked_epoch3(NODE1) | NODE0 = NODE1

exists NODE0. ep_epoch0(NODE0) | ep_epoch1(NODE0) | held(NODE0)

forall NODE1,NODE0. ep_epoch0(NODE0) | ep_epoch0(NODE1) | ep_epoch1(NODE0) | ep_epoch1(NODE1) | held(NODE1) | locked_epoch3(NODE0) | NODE0 = NODE1

exists NODE0. ep_epoch0(NODE0) | ep_epoch1(NODE0) | locked_epoch3(NODE0)

exists NODE0. ep_epoch0(NODE0) | ep_epoch2(NODE0) | ep_epoch3(NODE0)

forall NODE1,NODE0. ep_epoch0(NODE0) | ep_epoch0(NODE1) | ep_epoch2(NODE0) | ep_epoch2(NODE1) | ep_epoch3(NODE1) | held(NODE0) | NODE0 = NODE1

forall NODE1,NODE0. ep_epoch0(NODE0) | ep_epoch0(NODE1) | ep_epoch2(NODE0) | ep_epoch2(NODE1) | ep_epoch3(NODE1) | locked_epoch3(NODE0) | NODE0 = NODE1

exists NODE0. ep_epoch0(NODE0) | ep_epoch2(NODE0) | held(NODE0)

forall NODE1,NODE0. ep_epoch0(NODE0) | ep_epoch0(NODE1) | ep_epoch2(NODE0) | ep_epoch2(NODE1) | held(NODE0) | locked_epoch3(NODE1) | NODE0 = NODE1

exists NODE0. ep_epoch0(NODE0) | ep_epoch2(NODE0) | locked_epoch3(NODE0)

exists NODE0. ep_epoch0(NODE0) | held(NODE0) | transfer_epoch3(NODE0)

forall NODE1,NODE0. ep_epoch0(NODE0) | ep_epoch1(NODE0) | ep_epoch3(NODE1) | held(NODE0) | transfer_epoch3(NODE0) | transfer_epoch3(NODE1) | NODE0 = NODE1

forall NODE1,NODE0. ep_epoch0(NODE0) | ep_epoch1(NODE0) | held(NODE0) | held(NODE1) | transfer_epoch3(NODE0) | transfer_epoch3(NODE1) | NODE0 = NODE1

forall NODE1,NODE0. ep_epoch0(NODE0) | ep_epoch1(NODE0) | held(NODE0) | locked_epoch3(NODE1) | transfer_epoch3(NODE0) | transfer_epoch3(NODE1) | NODE0 = NODE1

forall NODE1,NODE0. ep_epoch0(NODE0) | ep_epoch2(NODE0) | held(NODE0) | locked_epoch2(NODE1) | transfer_epoch2(NODE0) | transfer_epoch2(NODE1) | NODE0 = NODE1

forall NODE1,NODE0. ep_epoch0(NODE0) | ep_epoch3(NODE1) | held(NODE0) | locked_epoch1(NODE0) | transfer_epoch3(NODE0) | transfer_epoch3(NODE1) | NODE0 = NODE1

forall NODE1,NODE0. ep_epoch0(NODE0) | held(NODE0) | held(NODE1) | locked_epoch1(NODE0) | transfer_epoch3(NODE0) | transfer_epoch3(NODE1) | NODE0 = NODE1

forall NODE1,NODE0. ep_epoch0(NODE0) | held(NODE0) | locked_epoch1(NODE0) | locked_epoch3(NODE1) | transfer_epoch3(NODE0) | transfer_epoch3(NODE1) | NODE0 = NODE1

forall NODE1,NODE0. ep_epoch0(NODE0) | held(NODE0) | locked_epoch2(NODE0) | locked_epoch2(NODE1) | transfer_epoch2(NODE0) | transfer_epoch2(NODE1) | NODE0 = NODE1

exists NODE0. ep_epoch1(NODE0) | ep_epoch2(NODE0) | ep_epoch3(NODE0)

forall NODE1,NODE0. ep_epoch1(NODE0) | ep_epoch1(NODE1) | ep_epoch2(NODE0) | ep_epoch2(NODE1) | ep_epoch3(NODE1) | held(NODE0) | NODE0 = NODE1

forall NODE1,NODE0. ep_epoch1(NODE0) | ep_epoch1(NODE1) | ep_epoch2(NODE0) | ep_epoch2(NODE1) | ep_epoch3(NODE1) | locked_epoch3(NODE0) | NODE0 = NODE1

exists NODE0. ep_epoch1(NODE0) | ep_epoch2(NODE0) | held(NODE0)

forall NODE1,NODE0. ep_epoch1(NODE0) | ep_epoch1(NODE1) | ep_epoch2(NODE0) | ep_epoch2(NODE1) | held(NODE0) | locked_epoch3(NODE1) | NODE0 = NODE1

exists NODE0. ep_epoch1(NODE0) | ep_epoch2(NODE0) | locked_epoch3(NODE0)

exists NODE0. ep_epoch1(NODE0) | held(NODE0) | transfer_epoch3(NODE0)

forall NODE1,NODE0. ep_epoch1(NODE0) | ep_epoch2(NODE1) | held(NODE1) | locked_epoch2(NODE0) | transfer_epoch2(NODE0) | transfer_epoch2(NODE1) | NODE0 = NODE1

forall NODE1,NODE0. ep_epoch1(NODE0) | ep_epoch3(NODE1) | held(NODE0) | locked_epoch1(NODE1) | transfer_epoch3(NODE0) | transfer_epoch3(NODE1) | NODE0 = NODE1

forall NODE1,NODE0. ep_epoch1(NODE0) | held(NODE0) | held(NODE1) | locked_epoch1(NODE1) | transfer_epoch3(NODE0) | transfer_epoch3(NODE1) | NODE0 = NODE1

forall NODE1,NODE0. ep_epoch1(NODE0) | held(NODE0) | locked_epoch1(NODE1) | locked_epoch3(NODE1) | transfer_epoch3(NODE0) | transfer_epoch3(NODE1) | NODE0 = NODE1

forall NODE1,NODE0. ep_epoch1(NODE0) | held(NODE1) | locked_epoch2(NODE0) | locked_epoch2(NODE1) | transfer_epoch2(NODE0) | transfer_epoch2(NODE1) | NODE0 = NODE1

exists NODE0. ep_epoch2(NODE0) | held(NODE0) | transfer_epoch2(NODE0)

forall NODE1,NODE0. ep_epoch2(NODE0) | held(NODE0) | held(NODE1) | locked_epoch2(NODE1) | transfer_epoch2(NODE0) | transfer_epoch2(NODE1) | NODE0 = NODE1

forall NODE1,NODE0. ep_epoch2(NODE0) | held(NODE0) | locked_epoch1(NODE1) | locked_epoch2(NODE1) | transfer_epoch2(NODE0) | transfer_epoch2(NODE1) | NODE0 = NODE1

exists NODE0. held(NODE0) | locked_epoch2(NODE0) | transfer_epoch2(NODE0)

exists NODE0. held(NODE0) | transfer_epoch2(NODE0) | transfer_epoch3(NODE0)

forall NODE1,NODE0. held(NODE0) | locked_epoch1(NODE1) | locked_epoch2(NODE0) | locked_epoch2(NODE1) | transfer_epoch2(NODE0) | transfer_epoch2(NODE1) | NODE0 = NODE1

forall NODE1,NODE0. ~locked_epoch1(NODE0) | ep_epoch2(NODE0) | ep_epoch2(NODE1) | ep_epoch3(NODE1) | held(NODE0) | transfer_epoch2(NODE0) | transfer_epoch2(NODE1) | NODE0 = NODE1

forall NODE1,NODE0. ~locked_epoch1(NODE0) | ep_epoch2(NODE0) | ep_epoch2(NODE1) | held(NODE0) | locked_epoch3(NODE1) | transfer_epoch2(NODE0) | transfer_epoch2(NODE1) | NODE0 = NODE1

forall NODE1,NODE0. ~locked_epoch1(NODE0) | ep_epoch2(NODE1) | ep_epoch3(NODE1) | held(NODE0) | locked_epoch2(NODE0) | transfer_epoch2(NODE0) | transfer_epoch2(NODE1) | NODE0 = NODE1

forall NODE1,NODE0. ~locked_epoch1(NODE0) | ep_epoch2(NODE1) | held(NODE0) | locked_epoch2(NODE0) | locked_epoch3(NODE1) | transfer_epoch2(NODE0) | transfer_epoch2(NODE1) | NODE0 = NODE1

forall NODE1,NODE0. ep_epoch0(NODE0) | ep_epoch0(NODE1) | ep_epoch2(NODE1) | ep_epoch3(NODE1) | held(NODE0) | transfer_epoch3(NODE0) | transfer_epoch3(NODE1) | NODE0 = NODE1

forall NODE1,NODE0. ep_epoch0(NODE0) | ep_epoch0(NODE1) | ep_epoch2(NODE1) | held(NODE0) | locked_epoch3(NODE1) | transfer_epoch3(NODE0) | transfer_epoch3(NODE1) | NODE0 = NODE1

forall NODE1,NODE0. ep_epoch0(NODE0) | ep_epoch0(NODE1) | ep_epoch3(NODE1) | held(NODE0) | locked_epoch2(NODE1) | transfer_epoch3(NODE0) | transfer_epoch3(NODE1) | NODE0 = NODE1

forall NODE1,NODE0. ep_epoch0(NODE0) | ep_epoch0(NODE1) | held(NODE0) | locked_epoch2(NODE1) | locked_epoch3(NODE1) | transfer_epoch3(NODE0) | transfer_epoch3(NODE1) | NODE0 = NODE1

forall NODE1,NODE0. ep_epoch0(NODE0) | ep_epoch2(NODE0) | ep_epoch2(NODE1) | ep_epoch3(NODE1) | held(NODE0) | transfer_epoch2(NODE0) | transfer_epoch2(NODE1) | NODE0 = NODE1

forall NODE1,NODE0. ep_epoch0(NODE0) | ep_epoch2(NODE0) | ep_epoch2(NODE1) | held(NODE0) | locked_epoch3(NODE1) | transfer_epoch2(NODE0) | transfer_epoch2(NODE1) | NODE0 = NODE1

forall NODE1,NODE0. ep_epoch0(NODE0) | ep_epoch2(NODE1) | ep_epoch3(NODE1) | held(NODE0) | locked_epoch2(NODE0) | transfer_epoch2(NODE0) | transfer_epoch2(NODE1) | NODE0 = NODE1

forall NODE1,NODE0. ep_epoch0(NODE0) | ep_epoch2(NODE1) | held(NODE0) | locked_epoch2(NODE0) | locked_epoch3(NODE1) | transfer_epoch2(NODE0) | transfer_epoch2(NODE1) | NODE0 = NODE1

forall NODE1,NODE0. ep_epoch1(NODE0) | ep_epoch1(NODE1) | ep_epoch2(NODE0) | ep_epoch3(NODE0) | held(NODE1) | transfer_epoch3(NODE0) | transfer_epoch3(NODE1) | NODE0 = NODE1

forall NODE1,NODE0. ep_epoch1(NODE0) | ep_epoch1(NODE1) | ep_epoch2(NODE0) | held(NODE1) | locked_epoch3(NODE0) | transfer_epoch3(NODE0) | transfer_epoch3(NODE1) | NODE0 = NODE1

forall NODE1,NODE0. ep_epoch1(NODE0) | ep_epoch1(NODE1) | ep_epoch3(NODE0) | held(NODE1) | locked_epoch2(NODE0) | transfer_epoch3(NODE0) | transfer_epoch3(NODE1) | NODE0 = NODE1

forall NODE1,NODE0. ep_epoch1(NODE0) | ep_epoch1(NODE1) | held(NODE1) | locked_epoch2(NODE0) | locked_epoch3(NODE0) | transfer_epoch3(NODE0) | transfer_epoch3(NODE1) | NODE0 = NODE1

forall NODE1,NODE0. ep_epoch1(NODE0) | ep_epoch2(NODE0) | ep_epoch2(NODE1) | ep_epoch3(NODE0) | held(NODE1) | transfer_epoch2(NODE0) | transfer_epoch2(NODE1) | NODE0 = NODE1

forall NODE1,NODE0. ep_epoch1(NODE0) | ep_epoch2(NODE0) | ep_epoch2(NODE1) | held(NODE1) | locked_epoch3(NODE0) | transfer_epoch2(NODE0) | transfer_epoch2(NODE1) | NODE0 = NODE1

forall NODE1,NODE0. ep_epoch1(NODE0) | ep_epoch2(NODE0) | ep_epoch3(NODE0) | held(NODE1) | locked_epoch2(NODE1) | transfer_epoch2(NODE0) | transfer_epoch2(NODE1) | NODE0 = NODE1

forall NODE1,NODE0. ep_epoch1(NODE0) | ep_epoch2(NODE0) | held(NODE1) | locked_epoch2(NODE1) | locked_epoch3(NODE0) | transfer_epoch2(NODE0) | transfer_epoch2(NODE1) | NODE0 = NODE1

forall NODE1,NODE0. ep_epoch2(NODE0) | ep_epoch2(NODE1) | ep_epoch3(NODE0) | held(NODE1) | locked_epoch1(NODE0) | transfer_epoch2(NODE0) | transfer_epoch2(NODE1) | NODE0 = NODE1

forall NODE1,NODE0. ep_epoch2(NODE0) | ep_epoch2(NODE1) | held(NODE1) | locked_epoch1(NODE0) | locked_epoch3(NODE0) | transfer_epoch2(NODE0) | transfer_epoch2(NODE1) | NODE0 = NODE1

forall NODE1,NODE0. ep_epoch2(NODE0) | ep_epoch3(NODE0) | held(NODE1) | locked_epoch1(NODE0) | locked_epoch2(NODE1) | transfer_epoch2(NODE0) | transfer_epoch2(NODE1) | NODE0 = NODE1

forall NODE1,NODE0. ep_epoch2(NODE0) | held(NODE1) | locked_epoch1(NODE0) | locked_epoch2(NODE1) | locked_epoch3(NODE0) | transfer_epoch2(NODE0) | transfer_epoch2(NODE1) | NODE0 = NODE1

forall NODE1,NODE0. ~locked_epoch1(NODE0) | ep_epoch2(NODE1) | ep_epoch3(NODE1) | held(NODE0) | transfer_epoch2(NODE0) | transfer_epoch2(NODE1) | transfer_epoch3(NODE0) | transfer_epoch3(NODE1) | NODE0 = NODE1

forall NODE1,NODE0. ~locked_epoch1(NODE0) | ep_epoch2(NODE1) | held(NODE0) | locked_epoch3(NODE1) | transfer_epoch2(NODE0) | transfer_epoch2(NODE1) | transfer_epoch3(NODE0) | transfer_epoch3(NODE1) | NODE0 = NODE1

forall NODE1,NODE0. ~locked_epoch1(NODE0) | ep_epoch3(NODE1) | held(NODE0) | locked_epoch2(NODE1) | transfer_epoch2(NODE0) | transfer_epoch2(NODE1) | transfer_epoch3(NODE0) | transfer_epoch3(NODE1) | NODE0 = NODE1

forall NODE1,NODE0. ~locked_epoch1(NODE0) | held(NODE0) | locked_epoch2(NODE1) | locked_epoch3(NODE1) | transfer_epoch2(NODE0) | transfer_epoch2(NODE1) | transfer_epoch3(NODE0) | transfer_epoch3(NODE1) | NODE0 = NODE1

forall NODE1,NODE0. ep_epoch0(NODE0) | ep_epoch2(NODE1) | ep_epoch3(NODE1) | held(NODE0) | transfer_epoch2(NODE0) | transfer_epoch2(NODE1) | transfer_epoch3(NODE0) | transfer_epoch3(NODE1) | NODE0 = NODE1

forall NODE1,NODE0. ep_epoch0(NODE0) | ep_epoch2(NODE1) | held(NODE0) | locked_epoch3(NODE1) | transfer_epoch2(NODE0) | transfer_epoch2(NODE1) | transfer_epoch3(NODE0) | transfer_epoch3(NODE1) | NODE0 = NODE1

forall NODE1,NODE0. ep_epoch0(NODE0) | ep_epoch3(NODE1) | held(NODE0) | locked_epoch2(NODE1) | transfer_epoch2(NODE0) | transfer_epoch2(NODE1) | transfer_epoch3(NODE0) | transfer_epoch3(NODE1) | NODE0 = NODE1

forall NODE1,NODE0. ep_epoch0(NODE0) | held(NODE0) | locked_epoch2(NODE1) | locked_epoch3(NODE1) | transfer_epoch2(NODE0) | transfer_epoch2(NODE1) | transfer_epoch3(NODE0) | transfer_epoch3(NODE1) | NODE0 = NODE1

forall NODE1,NODE0. ep_epoch1(NODE0) | ep_epoch2(NODE0) | ep_epoch3(NODE0) | held(NODE1) | transfer_epoch2(NODE0) | transfer_epoch2(NODE1) | transfer_epoch3(NODE0) | transfer_epoch3(NODE1) | NODE0 = NODE1

forall NODE1,NODE0. ep_epoch1(NODE0) | ep_epoch2(NODE0) | held(NODE1) | locked_epoch3(NODE0) | transfer_epoch2(NODE0) | transfer_epoch2(NODE1) | transfer_epoch3(NODE0) | transfer_epoch3(NODE1) | NODE0 = NODE1

forall NODE1,NODE0. ep_epoch1(NODE0) | ep_epoch3(NODE0) | held(NODE1) | locked_epoch2(NODE0) | transfer_epoch2(NODE0) | transfer_epoch2(NODE1) | transfer_epoch3(NODE0) | transfer_epoch3(NODE1) | NODE0 = NODE1

forall NODE1,NODE0. ep_epoch1(NODE0) | held(NODE1) | locked_epoch2(NODE0) | locked_epoch3(NODE0) | transfer_epoch2(NODE0) | transfer_epoch2(NODE1) | transfer_epoch3(NODE0) | transfer_epoch3(NODE1) | NODE0 = NODE1

forall NODE1,NODE0. ep_epoch2(NODE0) | ep_epoch3(NODE0) | held(NODE1) | locked_epoch1(NODE0) | transfer_epoch2(NODE0) | transfer_epoch2(NODE1) | transfer_epoch3(NODE0) | transfer_epoch3(NODE1) | NODE0 = NODE1

forall NODE1,NODE0. ep_epoch2(NODE0) | held(NODE1) | locked_epoch1(NODE0) | locked_epoch3(NODE0) | transfer_epoch2(NODE0) | transfer_epoch2(NODE1) | transfer_epoch3(NODE0) | transfer_epoch3(NODE1) | NODE0 = NODE1

forall NODE1,NODE0. ep_epoch3(NODE0) | held(NODE1) | locked_epoch1(NODE0) | locked_epoch2(NODE0) | transfer_epoch2(NODE0) | transfer_epoch2(NODE1) | transfer_epoch3(NODE0) | transfer_epoch3(NODE1) | NODE0 = NODE1

forall NODE1,NODE0. held(NODE0) | locked_epoch1(NODE1) | locked_epoch2(NODE1) | locked_epoch3(NODE1) | transfer_epoch2(NODE0) | transfer_epoch2(NODE1) | transfer_epoch3(NODE0) | transfer_epoch3(NODE1) | NODE0 = NODE1

[QRM NOTE]: Time elapsed since start: 11.233 seconds

[QRM NOTE]: Time elapsed since last: 2.885 seconds

[QRM NOTE]: Peak memory: 3177667 bytes


===============================================================================================

	[MIN]: Minimization on [ivybench/total/ivy/distributed_lock.ivy: node=2,epoch=4]

===============================================================================================

[MIN NOTE]: skipped 281 orbits with qcost > 6


==============================================================================================================

	[MIN RESULT]: Minimized Invariants on [ivybench/total/ivy/distributed_lock.ivy: node=2,epoch=4]

==============================================================================================================

[MIN NOTE]: number of minimal solution found: 1

[MIN NOTE]: upper bound: 92

[MIN NOTE]: maximum branch and bound depth: 20

[MIN NOTE]: number of definitions: 0

[MIN NOTE]: number of equality relations: 0

[MIN NOTE]: Solution 0 : [0, 1, 2, 35, 34, 36, 44, 46, 47, 37, 39, 42, 78, 255, 261, 272, 31, 32, 45, 220, 268, 343, 358, 367, 3, 12, 77, 7, 55]

[MIN NOTE]: solution length: 29

invariant [invar_0] forall NODE0. ~locked_epoch0(NODE0) # qcost: 2

invariant [invar_1] forall NODE0. ~transfer_epoch0(NODE0) # qcost: 2

invariant [invar_2] forall NODE0. ~transfer_epoch1(NODE0) # qcost: 2

invariant [invar_35] forall NODE1,NODE0. ~held(NODE0) | ~transfer_epoch3(NODE1) # qcost: 4

invariant [invar_34] forall NODE1,NODE0. ~held(NODE0) | ~transfer_epoch2(NODE1) # qcost: 4

invariant [invar_36] exists NODE0. ~locked_epoch1(NODE0) # qcost: 2

invariant [invar_44] exists NODE0. ~transfer_epoch2(NODE0) # qcost: 2

invariant [invar_46] exists NODE0. ~transfer_epoch3(NODE0) # qcost: 2

invariant [invar_47] exists NODE0. locked_epoch1(NODE0) # qcost: 2

invariant [invar_37] exists NODE0. ~locked_epoch2(NODE0) # qcost: 2

invariant [invar_39] exists NODE0. ~locked_epoch3(NODE0) # qcost: 2

invariant [invar_42] forall NODE0. ~locked_epoch3(NODE0) | ep_epoch3(NODE0) # qcost: 3

invariant [invar_78] forall NODE0. ~locked_epoch2(NODE0) | ep_epoch2(NODE0) | held(NODE0) # qcost: 4

invariant [invar_255] exists NODE0. ep_epoch0(NODE0) | locked_epoch2(NODE0) # qcost: 3

invariant [invar_261] forall NODE0. ep_epoch0(NODE0) | ep_epoch1(NODE0) | held(NODE0) | locked_epoch2(NODE0) # qcost: 5

invariant [invar_272] exists NODE0. ep_epoch1(NODE0) | locked_epoch2(NODE0) # qcost: 3

invariant [invar_31] forall NODE0. ~ep_epoch3(NODE0) | locked_epoch3(NODE0) # qcost: 3

invariant [invar_32] exists NODE0. ~held(NODE0) # qcost: 2

invariant [invar_45] forall NODE1,NODE0. ~transfer_epoch2(NODE0) | ~transfer_epoch3(NODE1) # qcost: 4

invariant [invar_220] forall NODE0. ~locked_epoch1(NODE0) | ep_epoch1(NODE0) | ep_epoch3(NODE0) | locked_epoch2(NODE0) # qcost: 5

invariant [invar_268] forall NODE0. ep_epoch0(NODE0) | ep_epoch3(NODE0) | locked_epoch1(NODE0) | locked_epoch2(NODE0) # qcost: 5

invariant [invar_343] exists NODE0. ep_epoch0(NODE0) | held(NODE0) | transfer_epoch3(NODE0) # qcost: 4

invariant [invar_358] exists NODE0. ep_epoch1(NODE0) | held(NODE0) | transfer_epoch3(NODE0) # qcost: 4

invariant [invar_367] exists NODE0. held(NODE0) | locked_epoch2(NODE0) | transfer_epoch2(NODE0) # qcost: 4

invariant [invar_3] exists NODE0. ~ep_epoch0(NODE0) # qcost: 2

invariant [invar_12] exists NODE0. ~ep_epoch1(NODE0) # qcost: 2

invariant [invar_77] forall NODE0. ~locked_epoch2(NODE0) | ep_epoch2(NODE0) | ep_epoch3(NODE0) # qcost: 4

invariant [invar_7] forall NODE0. ~ep_epoch0(NODE0) | ~held(NODE0) # qcost: 3

invariant [invar_55] forall NODE1,NODE0. ~ep_epoch1(NODE0) | ~ep_epoch2(NODE1) | ~held(NODE0) | NODE0 = NODE1 # qcost: 6

[MIN NOTE]: number of total invariants: 29

[MIN NOTE]: total qCost: 92




[QRM NOTE]: Time elapsed since start: 12.207 seconds

[QRM NOTE]: Time elapsed since last: 0.974 seconds

[QRM NOTE]: Peak memory: 3235425 bytes


=================================================================================================================

	[MIN_CHECK] Minimization Sanity Check on [ivybench/total/ivy/distributed_lock.ivy: node=2,epoch=4]

=================================================================================================================

Minimization check for Solution 0

Representatitive states in reachability not in Rmin

[MIN_CHECK RESULT]: PASS

[QRM NOTE]: Time elapsed since start: 9.387 seconds

[QRM NOTE]: Time elapsed since last: 86397.181 seconds

[QRM NOTE]: Peak memory: 3191949 bytes


***************************************************************************************************************

	[Reachability Convergence Check]: [ivybench/total/ivy/distributed_lock.ivy: node=2,epoch=4]

***************************************************************************************************************

python3 qrm.py ivybench/total/ivy/distributed_lock.node_2_epoch_4.0.ivy -s node=3,epoch=4 -f 2 -g -w -r -v 4 -l test.log -y -a -k

