
******************************************************************

	[QRM]: ivybench/total/ivy/distributed_lock.ivy

******************************************************************


************************************************************************************************

	[Synthesize Rmin]: [ivybench/total/ivy/distributed_lock.ivy: node=2,epoch=4]

************************************************************************************************

python3 qrm.py ivybench/total/ivy/distributed_lock.ivy -s node=2,epoch=4 -f 1 -g -w -v 4 -l test.log -y

epoch


======================================================================================================

	[FW]: Forward Reachability on [ivybench/total/ivy/distributed_lock.ivy: node=2,epoch=4]

======================================================================================================


==============================================

	Set up for forward reachability

==============================================

[FW NOTE]: number of state atoms: 26

[FW NOTE]: number of interpreted atoms (e.g. member,le): 30

[FW NOTE]: symmetric group order: 48

[FW NOTE]: number of branching actions: 24

ivy_to_cpp target=qrm distributed_lock.node_2_epoch_4.finite.ivy

[IVY_TO_CPP RESULT]: OK

swig -c++ -python -o distributed_lock.node_2_epoch_4.finite_wrap.cpp ivy_exec.i

[SWIG RESULT]: OK

g++ -std=c++11 -fpic -pthread -O3 distributed_lock.node_2_epoch_4.finite.cpp distributed_lock.node_2_epoch_4.finite_wrap.cpp -I/usr/include/python3.12 -c

[G++ RESULT]: OK

g++ -shared distributed_lock.node_2_epoch_4.finite.o distributed_lock.node_2_epoch_4.finite_wrap.o -o _ivy_exec.so -lm -lstdc++

[LINK RESULT]: OK

[QRM NOTE]: Time elapsed since start: 5.973 seconds

[QRM NOTE]: Time elapsed since last: 5.973 seconds

[QRM NOTE]: Peak memory: 866404 bytes


===================================

	Forward reachability

===================================

[FW NOTE]: dfs max depth: 4

[FW NOTE]: number of total reachable states:        34

[FW NOTE]: number of dfs representative states:     17

[FW NOTE]: number of dfs non-representative states: 17


=============================================================================================================

	[FW RESULT]: Forward Reachability on [ivybench/total/ivy/distributed_lock.ivy: node=2,epoch=4]

=============================================================================================================

sort: node=['node0', 'node1']
sort: epoch=['epoch0', 'epoch1', 'epoch2', 'epoch3']
predicate: zero=('epoch',)
predicate: locked('epoch', 'node')
predicate: firste=('epoch',)
predicate: first=('node',)
predicate: ep=('node', 'epoch')
predicate: max=('epoch',)
predicate: transfer('epoch', 'node')
predicate: le('epoch', 'epoch')
predicate: held('node',)
interpreted atoms: {'(first=node0)': '1', '(first=node1)': '0', '(firste=epoch0)': '0', '(firste=epoch1)': '1', '(firste=epoch2)': '0', '(firste=epoch3)': '0', 'le(epoch0,epoch0)': '1', 'le(epoch0,epoch1)': '1', 'le(epoch0,epoch2)': '1', 'le(epoch0,epoch3)': '1', 'le(epoch1,epoch0)': '0', 'le(epoch1,epoch1)': '1', 'le(epoch1,epoch2)': '1', 'le(epoch1,epoch3)': '1', 'le(epoch2,epoch0)': '0', 'le(epoch2,epoch1)': '0', 'le(epoch2,epoch2)': '1', 'le(epoch2,epoch3)': '1', 'le(epoch3,epoch0)': '0', 'le(epoch3,epoch1)': '0', 'le(epoch3,epoch2)': '0', 'le(epoch3,epoch3)': '1', '(max=epoch0)': '0', '(max=epoch1)': '0', '(max=epoch2)': '0', '(max=epoch3)': '1', '(zero=epoch0)': '1', '(zero=epoch1)': '0', '(zero=epoch2)': '0', '(zero=epoch3)': '0'}
state atoms: ['(ep(node0)=epoch0)', '(ep(node0)=epoch1)', '(ep(node0)=epoch2)', '(ep(node0)=epoch3)', '(ep(node1)=epoch0)', '(ep(node1)=epoch1)', '(ep(node1)=epoch2)', '(ep(node1)=epoch3)', 'held(node0)', 'held(node1)', 'locked(epoch0,node0)', 'locked(epoch0,node1)', 'locked(epoch1,node0)', 'locked(epoch1,node1)', 'locked(epoch2,node0)', 'locked(epoch2,node1)', 'locked(epoch3,node0)', 'locked(epoch3,node1)', 'transfer(epoch0,node0)', 'transfer(epoch0,node1)', 'transfer(epoch1,node0)', 'transfer(epoch1,node1)', 'transfer(epoch2,node0)', 'transfer(epoch2,node1)', 'transfer(epoch3,node0)', 'transfer(epoch3,node1)']
representative states : 20415732524724504, 20275003626303768, 11410732293239064, 11269996952367384, 6907682421682456, 11269995878625560, 5213335003279640, 20274997183852824, 6905483398426904, 20274999331336472, 10280434339885336, 10139697925271832, 5217733049790744, 10139698999013656, 5777384468328728, 20274996110111000, 5775185445073176


=== State Orbit 0 =====================
size : 2
repr state: 01001000100010000000000000
lex min decimal: 0x48880024f73118
states:
01001000100010000000000000
10000100010001000000000000

State 0:
ep(node0): epoch1
ep(node1): epoch0
held(node0): 1
locked(epoch1,node0): 1

State 1:
ep(node0): epoch0
ep(node1): epoch1
held(node1): 1
locked(epoch1,node1): 1




=== State Orbit 1 =====================
size : 2
repr state: 01001000000010000000001000
lex min decimal: 0x48080224f73118
states:
01001000000010000000001000
10000100000001000000000100

State 0:
ep(node0): epoch1
ep(node1): epoch0
locked(epoch1,node0): 1
transfer(epoch2,node0): 1

State 1:
ep(node0): epoch0
ep(node1): epoch1
locked(epoch1,node1): 1
transfer(epoch2,node1): 1




=== State Orbit 2 =====================
size : 2
repr state: 00101000100010100000000000
lex min decimal: 0x288a0024f73118
states:
00101000100010100000000000
10000010010001010000000000

State 0:
ep(node0): epoch2
ep(node1): epoch0
held(node0): 1
locked(epoch1,node0): 1
locked(epoch2,node0): 1

State 1:
ep(node0): epoch0
ep(node1): epoch2
held(node1): 1
locked(epoch1,node1): 1
locked(epoch2,node1): 1




=== State Orbit 3 =====================
size : 2
repr state: 00101000000010100000000010
lex min decimal: 0x280a00a4f73118
states:
00101000000010100000000010
10000010000001010000000001

State 0:
ep(node0): epoch2
ep(node1): epoch0
locked(epoch1,node0): 1
locked(epoch2,node0): 1
transfer(epoch3,node0): 1

State 1:
ep(node0): epoch0
ep(node1): epoch2
locked(epoch1,node1): 1
locked(epoch2,node1): 1
transfer(epoch3,node1): 1




=== State Orbit 4 =====================
size : 2
repr state: 00011000100010101000000000
lex min decimal: 0x188a8024f73118
states:
00011000100010101000000000
10000001010001010100000000

State 0:
ep(node0): epoch3
ep(node1): epoch0
held(node0): 1
locked(epoch1,node0): 1
locked(epoch2,node0): 1
locked(epoch3,node0): 1

State 1:
ep(node0): epoch0
ep(node1): epoch3
held(node1): 1
locked(epoch1,node1): 1
locked(epoch2,node1): 1
locked(epoch3,node1): 1




=== State Orbit 5 =====================
size : 2
repr state: 00101000000010100000000001
lex min decimal: 0x280a0064f73118
states:
00101000000010100000000001
10000010000001010000000010

State 0:
ep(node0): epoch2
ep(node1): epoch0
locked(epoch1,node0): 1
locked(epoch2,node0): 1
transfer(epoch3,node1): 1

State 1:
ep(node0): epoch0
ep(node1): epoch2
locked(epoch1,node1): 1
locked(epoch2,node1): 1
transfer(epoch3,node0): 1




=== State Orbit 6 =====================
size : 2
repr state: 00100001010010100100000000
lex min decimal: 0x12858024f73118
states:
00100001010010100100000000
00010010100001011000000000

State 0:
ep(node0): epoch2
ep(node1): epoch3
held(node1): 1
locked(epoch1,node0): 1
locked(epoch2,node0): 1
locked(epoch3,node1): 1

State 1:
ep(node0): epoch3
ep(node1): epoch2
held(node0): 1
locked(epoch1,node1): 1
locked(epoch2,node1): 1
locked(epoch3,node0): 1




=== State Orbit 7 =====================
size : 2
repr state: 01001000000010000000000010
lex min decimal: 0x480800a4f73118
states:
01001000000010000000000010
10000100000001000000000001

State 0:
ep(node0): epoch1
ep(node1): epoch0
locked(epoch1,node0): 1
transfer(epoch3,node0): 1

State 1:
ep(node0): epoch0
ep(node1): epoch1
locked(epoch1,node1): 1
transfer(epoch3,node1): 1




=== State Orbit 8 =====================
size : 2
repr state: 00011000100010001000000000
lex min decimal: 0x18888024f73118
states:
00011000100010001000000000
10000001010001000100000000

State 0:
ep(node0): epoch3
ep(node1): epoch0
held(node0): 1
locked(epoch1,node0): 1
locked(epoch3,node0): 1

State 1:
ep(node0): epoch0
ep(node1): epoch3
held(node1): 1
locked(epoch1,node1): 1
locked(epoch3,node1): 1




=== State Orbit 9 =====================
size : 2
repr state: 01001000000010000000000100
lex min decimal: 0x48080124f73118
states:
01001000000010000000000100
10000100000001000000001000

State 0:
ep(node0): epoch1
ep(node1): epoch0
locked(epoch1,node0): 1
transfer(epoch2,node1): 1

State 1:
ep(node0): epoch0
ep(node1): epoch1
locked(epoch1,node1): 1
transfer(epoch2,node0): 1




=== State Orbit 10 =====================
size : 2
repr state: 01000010010010010000000000
lex min decimal: 0x24860024f73118
states:
01000010010010010000000000
00100100100001100000000000

State 0:
ep(node0): epoch1
ep(node1): epoch2
held(node1): 1
locked(epoch1,node0): 1
locked(epoch2,node1): 1

State 1:
ep(node0): epoch2
ep(node1): epoch1
held(node0): 1
locked(epoch1,node1): 1
locked(epoch2,node0): 1




=== State Orbit 11 =====================
size : 2
repr state: 01000010000010010000000010
lex min decimal: 0x24060064f73118
states:
01000010000010010000000010
00100100000001100000000001

State 0:
ep(node0): epoch1
ep(node1): epoch2
locked(epoch1,node0): 1
locked(epoch2,node1): 1
transfer(epoch3,node0): 1

State 1:
ep(node0): epoch2
ep(node1): epoch1
locked(epoch1,node1): 1
locked(epoch2,node0): 1
transfer(epoch3,node1): 1




=== State Orbit 12 =====================
size : 2
repr state: 00010010100010011000000000
lex min decimal: 0x12898024f73118
states:
00010010100010011000000000
00100001010001100100000000

State 0:
ep(node0): epoch3
ep(node1): epoch2
held(node0): 1
locked(epoch1,node0): 1
locked(epoch2,node1): 1
locked(epoch3,node0): 1

State 1:
ep(node0): epoch2
ep(node1): epoch3
held(node1): 1
locked(epoch1,node1): 1
locked(epoch2,node0): 1
locked(epoch3,node1): 1




=== State Orbit 13 =====================
size : 2
repr state: 01000010000010010000000001
lex min decimal: 0x240600a4f73118
states:
01000010000010010000000001
00100100000001100000000010

State 0:
ep(node0): epoch1
ep(node1): epoch2
locked(epoch1,node0): 1
locked(epoch2,node1): 1
transfer(epoch3,node1): 1

State 1:
ep(node0): epoch2
ep(node1): epoch1
locked(epoch1,node1): 1
locked(epoch2,node0): 1
transfer(epoch3,node0): 1




=== State Orbit 14 =====================
size : 2
repr state: 01000001010010010100000000
lex min decimal: 0x14868024f73118
states:
01000001010010010100000000
00010100100001101000000000

State 0:
ep(node0): epoch1
ep(node1): epoch3
held(node1): 1
locked(epoch1,node0): 1
locked(epoch2,node1): 1
locked(epoch3,node1): 1

State 1:
ep(node0): epoch3
ep(node1): epoch1
held(node0): 1
locked(epoch1,node1): 1
locked(epoch2,node0): 1
locked(epoch3,node0): 1




=== State Orbit 15 =====================
size : 2
repr state: 01001000000010000000000001
lex min decimal: 0x48080064f73118
states:
01001000000010000000000001
10000100000001000000000010

State 0:
ep(node0): epoch1
ep(node1): epoch0
locked(epoch1,node0): 1
transfer(epoch3,node1): 1

State 1:
ep(node0): epoch0
ep(node1): epoch1
locked(epoch1,node1): 1
transfer(epoch3,node0): 1




=== State Orbit 16 =====================
size : 2
repr state: 01000001010010000100000000
lex min decimal: 0x14848024f73118
states:
01000001010010000100000000
00010100100001001000000000

State 0:
ep(node0): epoch1
ep(node1): epoch3
held(node1): 1
locked(epoch1,node0): 1
locked(epoch3,node1): 1

State 1:
ep(node0): epoch3
ep(node1): epoch1
held(node0): 1
locked(epoch1,node1): 1
locked(epoch3,node0): 1



[QRM NOTE]: Time elapsed since start: 6.075 seconds

[QRM NOTE]: Time elapsed since last: 0.102 seconds

[QRM NOTE]: Peak memory: 487745 bytes


======================================

	Reduce Equivalent Atoms

======================================

[FW NOTE]: equivalent atoms

	locked(epoch0,node0): ['transfer(epoch0,node0)']

	locked(epoch0,node1): ['transfer(epoch0,node1)']

[FW NOTE]: complement atoms

[FW NOTE]: remove_atom_ids: {18, 19}

[QRM NOTE]: Time elapsed since start: 6.085 seconds

[QRM NOTE]: Time elapsed since last: 0.011 seconds

[QRM NOTE]: Peak memory: 496857 bytes


==================================

	Curry Ordered Sorts

==================================


---------- Currying Ordered Sorts ----------

[CURRY]: curried 24 atoms

[CURRY]: curried state atoms: ['ep_epoch0(node0)', 'ep_epoch1(node0)', 'ep_epoch2(node0)', 'ep_epoch3(node0)', 'ep_epoch0(node1)', 'ep_epoch1(node1)', 'ep_epoch2(node1)', 'ep_epoch3(node1)', 'held(node0)', 'held(node1)', 'locked_epoch0(node0)', 'locked_epoch0(node1)', 'locked_epoch1(node0)', 'locked_epoch1(node1)', 'locked_epoch2(node0)', 'locked_epoch2(node1)', 'locked_epoch3(node0)', 'locked_epoch3(node1)', 'transfer_epoch0(node0)', 'transfer_epoch0(node1)', 'transfer_epoch1(node0)', 'transfer_epoch1(node1)', 'transfer_epoch2(node0)', 'transfer_epoch2(node1)', 'transfer_epoch3(node0)', 'transfer_epoch3(node1)']

[QRM NOTE]: Time elapsed since start: 6.095 seconds

[QRM NOTE]: Time elapsed since last: 0.010 seconds

[QRM NOTE]: Peak memory: 576548 bytes


=============================================================================================================

	[PRIME]: Prime Orbit Generatation on [ivybench/total/ivy/distributed_lock.ivy: node=2,epoch=4]

=============================================================================================================


========================================================================================================

	[PRIME RESULT]: Prime Orbits on [ivybench/total/ivy/distributed_lock.ivy: node=2,epoch=4]

========================================================================================================


=== Prime Orbit 0 =====================
size : 2
num_suborbits: 1
2 (*) : ----------1---------------
2     : ['locked_epoch0(node0)']
3     : -----------1--------------
3     : ['locked_epoch0(node1)']
num_forall :   0
num_exists :   0
num_literals : 0
quantified form : None
qcost : 0


=== Prime Orbit 1 =====================
size : 2
num_suborbits: 1
0 (*) : --------------------1-----
0     : ['transfer_epoch1(node0)']
1     : ---------------------1----
1     : ['transfer_epoch1(node1)']
num_forall :   0
num_exists :   0
num_literals : 0
quantified form : None
qcost : 0


=== Prime Orbit 2 =====================
size : 1
num_suborbits: 1
65 (*) : 1---1---------------------
65     : ['ep_epoch0(node0)', 'ep_epoch0(node1)']
num_forall :   0
num_exists :   0
num_literals : 0
quantified form : None
qcost : 0


=== Prime Orbit 3 =====================
size : 2
num_suborbits: 1
59 (*) : 11------------------------
59     : ['ep_epoch0(node0)', 'ep_epoch1(node0)']
60     : ----11--------------------
60     : ['ep_epoch0(node1)', 'ep_epoch1(node1)']
num_forall :   0
num_exists :   0
num_literals : 0
quantified form : None
qcost : 0


=== Prime Orbit 4 =====================
size : 2
num_suborbits: 1
61 (*) : 1-1-----------------------
61     : ['ep_epoch0(node0)', 'ep_epoch2(node0)']
62     : ----1-1-------------------
62     : ['ep_epoch0(node1)', 'ep_epoch2(node1)']
num_forall :   0
num_exists :   0
num_literals : 0
quantified form : None
qcost : 0


=== Prime Orbit 5 =====================
size : 2
num_suborbits: 1
66 (*) : 1--1----------------------
66     : ['ep_epoch0(node0)', 'ep_epoch3(node0)']
67     : ----1--1------------------
67     : ['ep_epoch0(node1)', 'ep_epoch3(node1)']
num_forall :   0
num_exists :   0
num_literals : 0
quantified form : None
qcost : 0


=== Prime Orbit 6 =====================
size : 2
num_suborbits: 1
63 (*) : 1-------1-----------------
63     : ['ep_epoch0(node0)', 'held(node0)']
64     : ----1----1----------------
64     : ['ep_epoch0(node1)', 'held(node1)']
num_forall :   0
num_exists :   0
num_literals : 0
quantified form : None
qcost : 0


=== Prime Orbit 7 =====================
size : 2
num_suborbits: 1
57 (*) : 1-----------1-------------
57     : ['ep_epoch0(node0)', 'locked_epoch1(node0)']
58     : ----1--------1------------
58     : ['ep_epoch0(node1)', 'locked_epoch1(node1)']
num_forall :   0
num_exists :   0
num_literals : 0
quantified form : None
qcost : 0


=== Prime Orbit 8 =====================
size : 2
num_suborbits: 1
54 (*) : 1-------------1-----------
54     : ['ep_epoch0(node0)', 'locked_epoch2(node0)']
53     : ----1----------1----------
53     : ['ep_epoch0(node1)', 'locked_epoch2(node1)']
num_forall :   0
num_exists :   0
num_literals : 0
quantified form : None
qcost : 0


=== Prime Orbit 9 =====================
size : 2
num_suborbits: 1
21 (*) : 1---------------1---------
21     : ['ep_epoch0(node0)', 'locked_epoch3(node0)']
20     : ----1------------1--------
20     : ['ep_epoch0(node1)', 'locked_epoch3(node1)']
num_forall :   0
num_exists :   0
num_literals : 0
quantified form : None
qcost : 0


=== Prime Orbit 10 =====================
size : 2
num_suborbits: 1
30 (*) : 1------------0------------
30     : ['ep_epoch0(node0)', '~locked_epoch1(node1)']
31     : ----1-------0-------------
31     : ['ep_epoch0(node1)', '~locked_epoch1(node0)']
num_forall :   0
num_exists :   0
num_literals : 0
quantified form : None
qcost : 0


=== Prime Orbit 11 =====================
size : 1
num_suborbits: 1
91 (*) : -1---1--------------------
91     : ['ep_epoch1(node0)', 'ep_epoch1(node1)']
num_forall :   0
num_exists :   0
num_literals : 0
quantified form : None
qcost : 0


=== Prime Orbit 12 =====================
size : 2
num_suborbits: 1
82 (*) : -11-----------------------
82     : ['ep_epoch1(node0)', 'ep_epoch2(node0)']
81     : -----11-------------------
81     : ['ep_epoch1(node1)', 'ep_epoch2(node1)']
num_forall :   0
num_exists :   0
num_literals : 0
quantified form : None
qcost : 0


=== Prime Orbit 13 =====================
size : 2
num_suborbits: 1
69 (*) : -1-1----------------------
69     : ['ep_epoch1(node0)', 'ep_epoch3(node0)']
68     : -----1-1------------------
68     : ['ep_epoch1(node1)', 'ep_epoch3(node1)']
num_forall :   0
num_exists :   0
num_literals : 0
quantified form : None
qcost : 0


=== Prime Orbit 14 =====================
size : 2
num_suborbits: 1
84 (*) : -1-----------1------------
84     : ['ep_epoch1(node0)', 'locked_epoch1(node1)']
85     : -----1------1-------------
85     : ['ep_epoch1(node1)', 'locked_epoch1(node0)']
num_forall :   0
num_exists :   0
num_literals : 0
quantified form : None
qcost : 0


=== Prime Orbit 15 =====================
size : 2
num_suborbits: 1
56 (*) : -1------------1-----------
56     : ['ep_epoch1(node0)', 'locked_epoch2(node0)']
55     : -----1---------1----------
55     : ['ep_epoch1(node1)', 'locked_epoch2(node1)']
num_forall :   0
num_exists :   0
num_literals : 0
quantified form : None
qcost : 0


=== Prime Orbit 16 =====================
size : 2
num_suborbits: 1
15 (*) : -1--------------1---------
15     : ['ep_epoch1(node0)', 'locked_epoch3(node0)']
14     : -----1-----------1--------
14     : ['ep_epoch1(node1)', 'locked_epoch3(node1)']
num_forall :   0
num_exists :   0
num_literals : 0
quantified form : None
qcost : 0


=== Prime Orbit 17 =====================
size : 2
num_suborbits: 1
29 (*) : -1----------0-------------
29     : ['ep_epoch1(node0)', '~locked_epoch1(node0)']
28     : -----1-------0------------
28     : ['ep_epoch1(node1)', '~locked_epoch1(node1)']
num_forall :   0
num_exists :   0
num_literals : 0
quantified form : None
qcost : 0


=== Prime Orbit 18 =====================
size : 1
num_suborbits: 1
94 (*) : --1---1-------------------
94     : ['ep_epoch2(node0)', 'ep_epoch2(node1)']
num_forall :   0
num_exists :   0
num_literals : 0
quantified form : None
qcost : 0


=== Prime Orbit 19 =====================
size : 2
num_suborbits: 1
71 (*) : --11----------------------
71     : ['ep_epoch2(node0)', 'ep_epoch3(node0)']
70     : ------11------------------
70     : ['ep_epoch2(node1)', 'ep_epoch3(node1)']
num_forall :   0
num_exists :   0
num_literals : 0
quantified form : None
qcost : 0


=== Prime Orbit 20 =====================
size : 2
num_suborbits: 1
51 (*) : --1------------1----------
51     : ['ep_epoch2(node0)', 'locked_epoch2(node1)']
52     : ------1-------1-----------
52     : ['ep_epoch2(node1)', 'locked_epoch2(node0)']
num_forall :   0
num_exists :   0
num_literals : 0
quantified form : None
qcost : 0


=== Prime Orbit 21 =====================
size : 2
num_suborbits: 1
17 (*) : --1-------------1---------
17     : ['ep_epoch2(node0)', 'locked_epoch3(node0)']
16     : ------1----------1--------
16     : ['ep_epoch2(node1)', 'locked_epoch3(node1)']
num_forall :   0
num_exists :   0
num_literals : 0
quantified form : None
qcost : 0


=== Prime Orbit 22 =====================
size : 4
num_suborbits: 2
39 (*) : --1-------------------1---
39     : ['ep_epoch2(node0)', 'transfer_epoch2(node0)']
44     : --1--------------------1--
44     : ['ep_epoch2(node0)', 'transfer_epoch2(node1)']
45     : ------1---------------1---
45     : ['ep_epoch2(node1)', 'transfer_epoch2(node0)']
38     : ------1----------------1--
38     : ['ep_epoch2(node1)', 'transfer_epoch2(node1)']
num_forall :   0
num_exists :   0
num_literals : 0
quantified form : None
qcost : 0


=== Prime Orbit 23 =====================
size : 2
num_suborbits: 1
93 (*) : --1-----------0-----------
93     : ['ep_epoch2(node0)', '~locked_epoch2(node0)']
92     : ------1--------0----------
92     : ['ep_epoch2(node1)', '~locked_epoch2(node1)']
num_forall :   0
num_exists :   0
num_literals : 0
quantified form : None
qcost : 0


=== Prime Orbit 24 =====================
size : 1
num_suborbits: 1
80 (*) : ---1---1------------------
80     : ['ep_epoch3(node0)', 'ep_epoch3(node1)']
num_forall :   0
num_exists :   0
num_literals : 0
quantified form : None
qcost : 0


=== Prime Orbit 25 =====================
size : 2
num_suborbits: 1
77 (*) : ---1-----1----------------
77     : ['ep_epoch3(node0)', 'held(node1)']
76     : -------11-----------------
76     : ['ep_epoch3(node1)', 'held(node0)']
num_forall :   0
num_exists :   0
num_literals : 0
quantified form : None
qcost : 0


=== Prime Orbit 26 =====================
size : 2
num_suborbits: 1
4 (*) : ---1-------------1--------
4     : ['ep_epoch3(node0)', 'locked_epoch3(node1)']
5     : -------1--------1---------
5     : ['ep_epoch3(node1)', 'locked_epoch3(node0)']
num_forall :   0
num_exists :   0
num_literals : 0
quantified form : None
qcost : 0


=== Prime Orbit 27 =====================
size : 4
num_suborbits: 2
41 (*) : ---1------------------1---
41     : ['ep_epoch3(node0)', 'transfer_epoch2(node0)']
46     : ---1-------------------1--
46     : ['ep_epoch3(node0)', 'transfer_epoch2(node1)']
47     : -------1--------------1---
47     : ['ep_epoch3(node1)', 'transfer_epoch2(node0)']
40     : -------1---------------1--
40     : ['ep_epoch3(node1)', 'transfer_epoch2(node1)']
num_forall :   0
num_exists :   0
num_literals : 0
quantified form : None
qcost : 0


=== Prime Orbit 28 =====================
size : 4
num_suborbits: 2
75 (*) : ---1--------------------1-
75     : ['ep_epoch3(node0)', 'transfer_epoch3(node0)']
95     : ---1---------------------1
95     : ['ep_epoch3(node0)', 'transfer_epoch3(node1)']
96     : -------1----------------1-
96     : ['ep_epoch3(node1)', 'transfer_epoch3(node0)']
74     : -------1-----------------1
74     : ['ep_epoch3(node1)', 'transfer_epoch3(node1)']
num_forall :   0
num_exists :   0
num_literals : 0
quantified form : None
qcost : 0


=== Prime Orbit 29 =====================
size : 2
num_suborbits: 1
79 (*) : ---1----0-----------------
79     : ['ep_epoch3(node0)', '~held(node0)']
78     : -------1-0----------------
78     : ['ep_epoch3(node1)', '~held(node1)']
num_forall :   0
num_exists :   0
num_literals : 0
quantified form : None
qcost : 0


=== Prime Orbit 30 =====================
size : 2
num_suborbits: 1
73 (*) : ---1------------0---------
73     : ['ep_epoch3(node0)', '~locked_epoch3(node0)']
72     : -------1---------0--------
72     : ['ep_epoch3(node1)', '~locked_epoch3(node1)']
num_forall :   0
num_exists :   0
num_literals : 0
quantified form : None
qcost : 0


=== Prime Orbit 31 =====================
size : 1
num_suborbits: 1
88 (*) : --------11----------------
88     : ['held(node0)', 'held(node1)']
num_forall :   0
num_exists :   0
num_literals : 0
quantified form : None
qcost : 0


=== Prime Orbit 32 =====================
size : 2
num_suborbits: 1
12 (*) : --------1--------1--------
12     : ['held(node0)', 'locked_epoch3(node1)']
13     : ---------1------1---------
13     : ['held(node1)', 'locked_epoch3(node0)']
num_forall :   0
num_exists :   0
num_literals : 0
quantified form : None
qcost : 0


=== Prime Orbit 33 =====================
size : 4
num_suborbits: 2
43 (*) : --------1-------------1---
43     : ['held(node0)', 'transfer_epoch2(node0)']
36     : --------1--------------1--
36     : ['held(node0)', 'transfer_epoch2(node1)']
37     : ---------1------------1---
37     : ['held(node1)', 'transfer_epoch2(node0)']
42     : ---------1-------------1--
42     : ['held(node1)', 'transfer_epoch2(node1)']
num_forall :   0
num_exists :   0
num_literals : 0
quantified form : None
qcost : 0


=== Prime Orbit 34 =====================
size : 4
num_suborbits: 2
87 (*) : --------1---------------1-
87     : ['held(node0)', 'transfer_epoch3(node0)']
89     : --------1----------------1
89     : ['held(node0)', 'transfer_epoch3(node1)']
90     : ---------1--------------1-
90     : ['held(node1)', 'transfer_epoch3(node0)']
86     : ---------1---------------1
86     : ['held(node1)', 'transfer_epoch3(node1)']
num_forall :   0
num_exists :   0
num_literals : 0
quantified form : None
qcost : 0


=== Prime Orbit 35 =====================
size : 1
num_suborbits: 1
83 (*) : ------------11------------
83     : ['locked_epoch1(node0)', 'locked_epoch1(node1)']
num_forall :   0
num_exists :   0
num_literals : 0
quantified form : None
qcost : 0


=== Prime Orbit 36 =====================
size : 1
num_suborbits: 1
50 (*) : --------------11----------
50     : ['locked_epoch2(node0)', 'locked_epoch2(node1)']
num_forall :   0
num_exists :   0
num_literals : 0
quantified form : None
qcost : 0


=== Prime Orbit 37 =====================
size : 4
num_suborbits: 2
49 (*) : --------------1-------1---
49     : ['locked_epoch2(node0)', 'transfer_epoch2(node0)']
32     : --------------1--------1--
32     : ['locked_epoch2(node0)', 'transfer_epoch2(node1)']
33     : ---------------1------1---
33     : ['locked_epoch2(node1)', 'transfer_epoch2(node0)']
48     : ---------------1-------1--
48     : ['locked_epoch2(node1)', 'transfer_epoch2(node1)']
num_forall :   0
num_exists :   0
num_literals : 0
quantified form : None
qcost : 0


=== Prime Orbit 38 =====================
size : 1
num_suborbits: 1
22 (*) : ----------------11--------
22     : ['locked_epoch3(node0)', 'locked_epoch3(node1)']
num_forall :   0
num_exists :   0
num_literals : 0
quantified form : None
qcost : 0


=== Prime Orbit 39 =====================
size : 4
num_suborbits: 2
19 (*) : ----------------1-----1---
19     : ['locked_epoch3(node0)', 'transfer_epoch2(node0)']
25     : ----------------1------1--
25     : ['locked_epoch3(node0)', 'transfer_epoch2(node1)']
26     : -----------------1----1---
26     : ['locked_epoch3(node1)', 'transfer_epoch2(node0)']
18     : -----------------1-----1--
18     : ['locked_epoch3(node1)', 'transfer_epoch2(node1)']
num_forall :   0
num_exists :   0
num_literals : 0
quantified form : None
qcost : 0


=== Prime Orbit 40 =====================
size : 4
num_suborbits: 2
7 (*) : ----------------1-------1-
7     : ['locked_epoch3(node0)', 'transfer_epoch3(node0)']
23     : ----------------1--------1
23     : ['locked_epoch3(node0)', 'transfer_epoch3(node1)']
24     : -----------------1------1-
24     : ['locked_epoch3(node1)', 'transfer_epoch3(node0)']
6     : -----------------1-------1
6     : ['locked_epoch3(node1)', 'transfer_epoch3(node1)']
num_forall :   0
num_exists :   0
num_literals : 0
quantified form : None
qcost : 0


=== Prime Orbit 41 =====================
size : 2
num_suborbits: 1
9 (*) : ---0------------1---------
9     : ['locked_epoch3(node0)', '~ep_epoch3(node0)']
8     : -------0---------1--------
8     : ['locked_epoch3(node1)', '~ep_epoch3(node1)']
num_forall :   0
num_exists :   0
num_literals : 0
quantified form : None
qcost : 0


=== Prime Orbit 42 =====================
size : 2
num_suborbits: 1
11 (*) : --------0-------1---------
11     : ['locked_epoch3(node0)', '~held(node0)']
10     : ---------0-------1--------
10     : ['locked_epoch3(node1)', '~held(node1)']
num_forall :   0
num_exists :   0
num_literals : 0
quantified form : None
qcost : 0


=== Prime Orbit 43 =====================
size : 1
num_suborbits: 1
99 (*) : ----------------------11--
99     : ['transfer_epoch2(node0)', 'transfer_epoch2(node1)']
num_forall :   0
num_exists :   0
num_literals : 0
quantified form : None
qcost : 0


=== Prime Orbit 44 =====================
size : 4
num_suborbits: 2
35 (*) : ----------------------1-1-
35     : ['transfer_epoch2(node0)', 'transfer_epoch3(node0)']
97     : ----------------------1--1
97     : ['transfer_epoch2(node0)', 'transfer_epoch3(node1)']
98     : -----------------------11-
98     : ['transfer_epoch2(node1)', 'transfer_epoch3(node0)']
34     : -----------------------1-1
34     : ['transfer_epoch2(node1)', 'transfer_epoch3(node1)']
num_forall :   0
num_exists :   0
num_literals : 0
quantified form : None
qcost : 0


=== Prime Orbit 45 =====================
size : 1
num_suborbits: 1
100 (*) : ------------------------11
100     : ['transfer_epoch3(node0)', 'transfer_epoch3(node1)']
num_forall :   0
num_exists :   0
num_literals : 0
quantified form : None
qcost : 0


=== Prime Orbit 46 =====================
size : 1
num_suborbits: 1
27 (*) : ------------00------------
27     : ['~locked_epoch1(node0)', '~locked_epoch1(node1)']
num_forall :   0
num_exists :   0
num_literals : 0
quantified form : None
qcost : 0


=== Prime Orbit 47 =====================
size : 4
num_suborbits: 2
101 (*) : 1----0----------------1---
101     : ['ep_epoch0(node0)', 'transfer_epoch2(node0)', '~ep_epoch1(node1)']
103     : 1----0-----------------1--
103     : ['ep_epoch0(node0)', 'transfer_epoch2(node1)', '~ep_epoch1(node1)']
104     : -0--1-----------------1---
104     : ['ep_epoch0(node1)', 'transfer_epoch2(node0)', '~ep_epoch1(node0)']
102     : -0--1------------------1--
102     : ['ep_epoch0(node1)', 'transfer_epoch2(node1)', '~ep_epoch1(node0)']
num_forall :   0
num_exists :   0
num_literals : 0
quantified form : None
qcost : 0


=== Prime Orbit 48 =====================
size : 2
num_suborbits: 1
109 (*) : -1----1-1-----------------
109     : ['ep_epoch1(node0)', 'ep_epoch2(node1)', 'held(node0)']
110     : --1--1---1----------------
110     : ['ep_epoch1(node1)', 'ep_epoch2(node0)', 'held(node1)']
num_forall :   0
num_exists :   0
num_literals : 0
quantified form : None
qcost : 0


=== Prime Orbit 49 =====================
size : 2
num_suborbits: 1
131 (*) : -1------1------1----------
131     : ['ep_epoch1(node0)', 'held(node0)', 'locked_epoch2(node1)']
132     : -----1---1----1-----------
132     : ['ep_epoch1(node1)', 'held(node1)', 'locked_epoch2(node0)']
num_forall :   0
num_exists :   0
num_literals : 0
quantified form : None
qcost : 0


=== Prime Orbit 50 =====================
size : 2
num_suborbits: 1
133 (*) : -1--0---1-----------------
133     : ['ep_epoch1(node0)', 'held(node0)', '~ep_epoch0(node1)']
134     : 0----1---1----------------
134     : ['ep_epoch1(node1)', 'held(node1)', '~ep_epoch0(node0)']
num_forall :   0
num_exists :   0
num_literals : 0
quantified form : None
qcost : 0


=== Prime Orbit 51 =====================
size : 4
num_suborbits: 2
135 (*) : -1--0-----------------1---
135     : ['ep_epoch1(node0)', 'transfer_epoch2(node0)', '~ep_epoch0(node1)']
162     : -1--0------------------1--
162     : ['ep_epoch1(node0)', 'transfer_epoch2(node1)', '~ep_epoch0(node1)']
161     : 0----1----------------1---
161     : ['ep_epoch1(node1)', 'transfer_epoch2(node0)', '~ep_epoch0(node0)']
136     : 0----1-----------------1--
136     : ['ep_epoch1(node1)', 'transfer_epoch2(node1)', '~ep_epoch0(node0)']
num_forall :   0
num_exists :   0
num_literals : 0
quantified form : None
qcost : 0


=== Prime Orbit 52 =====================
size : 2
num_suborbits: 1
108 (*) : --1----0-1----------------
108     : ['ep_epoch2(node0)', 'held(node1)', '~ep_epoch3(node1)']
107     : ---0--1-1-----------------
107     : ['ep_epoch2(node1)', 'held(node0)', '~ep_epoch3(node0)']
num_forall :   0
num_exists :   0
num_literals : 0
quantified form : None
qcost : 0


=== Prime Orbit 53 =====================
size : 2
num_suborbits: 1
106 (*) : --1------1-------0--------
106     : ['ep_epoch2(node0)', 'held(node1)', '~locked_epoch3(node1)']
105     : ------1-1-------0---------
105     : ['ep_epoch2(node1)', 'held(node0)', '~locked_epoch3(node0)']
num_forall :   0
num_exists :   0
num_literals : 0
quantified form : None
qcost : 0


=== Prime Orbit 54 =====================
size : 2
num_suborbits: 1
111 (*) : ---1--0--------1----------
111     : ['ep_epoch3(node0)', 'locked_epoch2(node1)', '~ep_epoch2(node1)']
112     : --0----1------1-----------
112     : ['ep_epoch3(node1)', 'locked_epoch2(node0)', '~ep_epoch2(node0)']
num_forall :   0
num_exists :   0
num_literals : 0
quantified form : None
qcost : 0


=== Prime Orbit 55 =====================
size : 2
num_suborbits: 1
123 (*) : ------0-1------1----------
123     : ['held(node0)', 'locked_epoch2(node1)', '~ep_epoch2(node1)']
124     : --0------1----1-----------
124     : ['held(node1)', 'locked_epoch2(node0)', '~ep_epoch2(node0)']
num_forall :   0
num_exists :   0
num_literals : 0
quantified form : None
qcost : 0


=== Prime Orbit 56 =====================
size : 2
num_suborbits: 1
127 (*) : ---0----1------1----------
127     : ['held(node0)', 'locked_epoch2(node1)', '~ep_epoch3(node0)']
128     : -------0-1----1-----------
128     : ['held(node1)', 'locked_epoch2(node0)', '~ep_epoch3(node1)']
num_forall :   0
num_exists :   0
num_literals : 0
quantified form : None
qcost : 0


=== Prime Orbit 57 =====================
size : 2
num_suborbits: 1
125 (*) : --------1------10---------
125     : ['held(node0)', 'locked_epoch2(node1)', '~locked_epoch3(node0)']
126     : ---------1----1--0--------
126     : ['held(node1)', 'locked_epoch2(node0)', '~locked_epoch3(node1)']
num_forall :   0
num_exists :   0
num_literals : 0
quantified form : None
qcost : 0


=== Prime Orbit 58 =====================
size : 4
num_suborbits: 2
141 (*) : ----0-------1---------1---
141     : ['locked_epoch1(node0)', 'transfer_epoch2(node0)', '~ep_epoch0(node1)']
160     : ----0-------1----------1--
160     : ['locked_epoch1(node0)', 'transfer_epoch2(node1)', '~ep_epoch0(node1)']
159     : 0------------1--------1---
159     : ['locked_epoch1(node1)', 'transfer_epoch2(node0)', '~ep_epoch0(node0)']
142     : 0------------1---------1--
142     : ['locked_epoch1(node1)', 'transfer_epoch2(node1)', '~ep_epoch0(node0)']
num_forall :   0
num_exists :   0
num_literals : 0
quantified form : None
qcost : 0


=== Prime Orbit 59 =====================
size : 4
num_suborbits: 2
149 (*) : -0----------1---------1---
149     : ['locked_epoch1(node0)', 'transfer_epoch2(node0)', '~ep_epoch1(node0)']
158     : -0----------1----------1--
158     : ['locked_epoch1(node0)', 'transfer_epoch2(node1)', '~ep_epoch1(node0)']
157     : -----0-------1--------1---
157     : ['locked_epoch1(node1)', 'transfer_epoch2(node0)', '~ep_epoch1(node1)']
150     : -----0-------1---------1--
150     : ['locked_epoch1(node1)', 'transfer_epoch2(node1)', '~ep_epoch1(node1)']
num_forall :   0
num_exists :   0
num_literals : 0
quantified form : None
qcost : 0


=== Prime Orbit 60 =====================
size : 2
num_suborbits: 1
130 (*) : --0-----------1--1--------
130     : ['locked_epoch2(node0)', 'locked_epoch3(node1)', '~ep_epoch2(node0)']
129     : ------0--------11---------
129     : ['locked_epoch2(node1)', 'locked_epoch3(node0)', '~ep_epoch2(node1)']
num_forall :   0
num_exists :   0
num_literals : 0
quantified form : None
qcost : 0


=== Prime Orbit 61 =====================
size : 4
num_suborbits: 2
113 (*) : --0-----------1---------1-
113     : ['locked_epoch2(node0)', 'transfer_epoch3(node0)', '~ep_epoch2(node0)']
116     : --0-----------1----------1
116     : ['locked_epoch2(node0)', 'transfer_epoch3(node1)', '~ep_epoch2(node0)']
115     : ------0--------1--------1-
115     : ['locked_epoch2(node1)', 'transfer_epoch3(node0)', '~ep_epoch2(node1)']
114     : ------0--------1---------1
114     : ['locked_epoch2(node1)', 'transfer_epoch3(node1)', '~ep_epoch2(node1)']
num_forall :   0
num_exists :   0
num_literals : 0
quantified form : None
qcost : 0


=== Prime Orbit 62 =====================
size : 2
num_suborbits: 1
122 (*) : --00----------1-----------
122     : ['locked_epoch2(node0)', '~ep_epoch2(node0)', '~ep_epoch3(node0)']
121     : ------00-------1----------
121     : ['locked_epoch2(node1)', '~ep_epoch2(node1)', '~ep_epoch3(node1)']
num_forall :   0
num_exists :   0
num_literals : 0
quantified form : None
qcost : 0


=== Prime Orbit 63 =====================
size : 2
num_suborbits: 1
117 (*) : --0-----0-----1-----------
117     : ['locked_epoch2(node0)', '~ep_epoch2(node0)', '~held(node0)']
118     : ------0--0-----1----------
118     : ['locked_epoch2(node1)', '~ep_epoch2(node1)', '~held(node1)']
num_forall :   0
num_exists :   0
num_literals : 0
quantified form : None
qcost : 0


=== Prime Orbit 64 =====================
size : 2
num_suborbits: 1
120 (*) : --0-----------1-0---------
120     : ['locked_epoch2(node0)', '~ep_epoch2(node0)', '~locked_epoch3(node0)']
119     : ------0--------1-0--------
119     : ['locked_epoch2(node1)', '~ep_epoch2(node1)', '~locked_epoch3(node1)']
num_forall :   0
num_exists :   0
num_literals : 0
quantified form : None
qcost : 0


=== Prime Orbit 65 =====================
size : 2
num_suborbits: 1
139 (*) : 0---0-----------------1---
139     : ['transfer_epoch2(node0)', '~ep_epoch0(node0)', '~ep_epoch0(node1)']
140     : 0---0------------------1--
140     : ['transfer_epoch2(node1)', '~ep_epoch0(node0)', '~ep_epoch0(node1)']
num_forall :   0
num_exists :   0
num_literals : 0
quantified form : None
qcost : 0


=== Prime Orbit 66 =====================
size : 4
num_suborbits: 2
147 (*) : 00--------------------1---
147     : ['transfer_epoch2(node0)', '~ep_epoch0(node0)', '~ep_epoch1(node0)']
137     : ----00----------------1---
137     : ['transfer_epoch2(node0)', '~ep_epoch0(node1)', '~ep_epoch1(node1)']
138     : 00---------------------1--
138     : ['transfer_epoch2(node1)', '~ep_epoch0(node0)', '~ep_epoch1(node0)']
148     : ----00-----------------1--
148     : ['transfer_epoch2(node1)', '~ep_epoch0(node1)', '~ep_epoch1(node1)']
num_forall :   0
num_exists :   0
num_literals : 0
quantified form : None
qcost : 0


=== Prime Orbit 67 =====================
size : 4
num_suborbits: 2
155 (*) : 0-----------0---------1---
155     : ['transfer_epoch2(node0)', '~ep_epoch0(node0)', '~locked_epoch1(node0)']
143     : ----0--------0--------1---
143     : ['transfer_epoch2(node0)', '~ep_epoch0(node1)', '~locked_epoch1(node1)']
144     : 0-----------0----------1--
144     : ['transfer_epoch2(node1)', '~ep_epoch0(node0)', '~locked_epoch1(node0)']
156     : ----0--------0---------1--
156     : ['transfer_epoch2(node1)', '~ep_epoch0(node1)', '~locked_epoch1(node1)']
num_forall :   0
num_exists :   0
num_literals : 0
quantified form : None
qcost : 0


=== Prime Orbit 68 =====================
size : 2
num_suborbits: 1
145 (*) : -0---0----------------1---
145     : ['transfer_epoch2(node0)', '~ep_epoch1(node0)', '~ep_epoch1(node1)']
146     : -0---0-----------------1--
146     : ['transfer_epoch2(node1)', '~ep_epoch1(node0)', '~ep_epoch1(node1)']
num_forall :   0
num_exists :   0
num_literals : 0
quantified form : None
qcost : 0


=== Prime Orbit 69 =====================
size : 4
num_suborbits: 2
151 (*) : -0-----------0--------1---
151     : ['transfer_epoch2(node0)', '~ep_epoch1(node0)', '~locked_epoch1(node1)']
153     : -----0------0---------1---
153     : ['transfer_epoch2(node0)', '~ep_epoch1(node1)', '~locked_epoch1(node0)']
154     : -0-----------0---------1--
154     : ['transfer_epoch2(node1)', '~ep_epoch1(node0)', '~locked_epoch1(node1)']
152     : -----0------0----------1--
152     : ['transfer_epoch2(node1)', '~ep_epoch1(node1)', '~locked_epoch1(node0)']
num_forall :   0
num_exists :   0
num_literals : 0
quantified form : None
qcost : 0


=== Prime Orbit 70 =====================
size : 4
num_suborbits: 2
227 (*) : 1----00-----------------1-
227     : ['ep_epoch0(node0)', 'transfer_epoch3(node0)', '~ep_epoch1(node1)', '~ep_epoch2(node1)']
256     : 1----00------------------1
256     : ['ep_epoch0(node0)', 'transfer_epoch3(node1)', '~ep_epoch1(node1)', '~ep_epoch2(node1)']
255     : -00-1-------------------1-
255     : ['ep_epoch0(node1)', 'transfer_epoch3(node0)', '~ep_epoch1(node0)', '~ep_epoch2(node0)']
228     : -00-1--------------------1
228     : ['ep_epoch0(node1)', 'transfer_epoch3(node1)', '~ep_epoch1(node0)', '~ep_epoch2(node0)']
num_forall :   0
num_exists :   0
num_literals : 0
quantified form : None
qcost : 0


=== Prime Orbit 71 =====================
size : 4
num_suborbits: 2
225 (*) : 1----0---------0--------1-
225     : ['ep_epoch0(node0)', 'transfer_epoch3(node0)', '~ep_epoch1(node1)', '~locked_epoch2(node1)']
254     : 1----0---------0---------1
254     : ['ep_epoch0(node0)', 'transfer_epoch3(node1)', '~ep_epoch1(node1)', '~locked_epoch2(node1)']
253     : -0--1---------0---------1-
253     : ['ep_epoch0(node1)', 'transfer_epoch3(node0)', '~ep_epoch1(node0)', '~locked_epoch2(node0)']
226     : -0--1---------0----------1
226     : ['ep_epoch0(node1)', 'transfer_epoch3(node1)', '~ep_epoch1(node0)', '~locked_epoch2(node0)']
num_forall :   0
num_exists :   0
num_literals : 0
quantified form : None
qcost : 0


=== Prime Orbit 72 =====================
size : 2
num_suborbits: 1
574 (*) : 1----000------------------
574     : ['ep_epoch0(node0)', '~ep_epoch1(node1)', '~ep_epoch2(node1)', '~ep_epoch3(node1)']
573     : -0001---------------------
573     : ['ep_epoch0(node1)', '~ep_epoch1(node0)', '~ep_epoch2(node0)', '~ep_epoch3(node0)']
num_forall :   0
num_exists :   0
num_literals : 0
quantified form : None
qcost : 0


=== Prime Orbit 73 =====================
size : 2
num_suborbits: 1
572 (*) : 1----00--0----------------
572     : ['ep_epoch0(node0)', '~ep_epoch1(node1)', '~ep_epoch2(node1)', '~held(node1)']
571     : -00-1---0-----------------
571     : ['ep_epoch0(node1)', '~ep_epoch1(node0)', '~ep_epoch2(node0)', '~held(node0)']
num_forall :   0
num_exists :   0
num_literals : 0
quantified form : None
qcost : 0


=== Prime Orbit 74 =====================
size : 2
num_suborbits: 1
576 (*) : 1----00----------0--------
576     : ['ep_epoch0(node0)', '~ep_epoch1(node1)', '~ep_epoch2(node1)', '~locked_epoch3(node1)']
575     : -00-1-----------0---------
575     : ['ep_epoch0(node1)', '~ep_epoch1(node0)', '~ep_epoch2(node0)', '~locked_epoch3(node0)']
num_forall :   0
num_exists :   0
num_literals : 0
quantified form : None
qcost : 0


=== Prime Orbit 75 =====================
size : 2
num_suborbits: 1
580 (*) : 1----0-0-------0----------
580     : ['ep_epoch0(node0)', '~ep_epoch1(node1)', '~ep_epoch3(node1)', '~locked_epoch2(node1)']
579     : -0-01---------0-----------
579     : ['ep_epoch0(node1)', '~ep_epoch1(node0)', '~ep_epoch3(node0)', '~locked_epoch2(node0)']
num_forall :   0
num_exists :   0
num_literals : 0
quantified form : None
qcost : 0


=== Prime Orbit 76 =====================
size : 2
num_suborbits: 1
570 (*) : 1----0---0-----0----------
570     : ['ep_epoch0(node0)', '~ep_epoch1(node1)', '~held(node1)', '~locked_epoch2(node1)']
569     : -0--1---0-----0-----------
569     : ['ep_epoch0(node1)', '~ep_epoch1(node0)', '~held(node0)', '~locked_epoch2(node0)']
num_forall :   0
num_exists :   0
num_literals : 0
quantified form : None
qcost : 0


=== Prime Orbit 77 =====================
size : 2
num_suborbits: 1
578 (*) : 1----0---------0-0--------
578     : ['ep_epoch0(node0)', '~ep_epoch1(node1)', '~locked_epoch2(node1)', '~locked_epoch3(node1)']
577     : -0--1---------0-0---------
577     : ['ep_epoch0(node1)', '~ep_epoch1(node0)', '~locked_epoch2(node0)', '~locked_epoch3(node0)']
num_forall :   0
num_exists :   0
num_literals : 0
quantified form : None
qcost : 0


=== Prime Orbit 78 =====================
size : 2
num_suborbits: 1
176 (*) : -1----00-1----------------
176     : ['ep_epoch1(node0)', 'held(node1)', '~ep_epoch2(node1)', '~ep_epoch3(node1)']
175     : --00-1--1-----------------
175     : ['ep_epoch1(node1)', 'held(node0)', '~ep_epoch2(node0)', '~ep_epoch3(node0)']
num_forall :   0
num_exists :   0
num_literals : 0
quantified form : None
qcost : 0


=== Prime Orbit 79 =====================
size : 2
num_suborbits: 1
180 (*) : -1----0--1-------0--------
180     : ['ep_epoch1(node0)', 'held(node1)', '~ep_epoch2(node1)', '~locked_epoch3(node1)']
179     : --0--1--1-------0---------
179     : ['ep_epoch1(node1)', 'held(node0)', '~ep_epoch2(node0)', '~locked_epoch3(node0)']
num_forall :   0
num_exists :   0
num_literals : 0
quantified form : None
qcost : 0


=== Prime Orbit 80 =====================
size : 2
num_suborbits: 1
178 (*) : -1-----0-1-----0----------
178     : ['ep_epoch1(node0)', 'held(node1)', '~ep_epoch3(node1)', '~locked_epoch2(node1)']
177     : ---0-1--1-----0-----------
177     : ['ep_epoch1(node1)', 'held(node0)', '~ep_epoch3(node0)', '~locked_epoch2(node0)']
num_forall :   0
num_exists :   0
num_literals : 0
quantified form : None
qcost : 0


=== Prime Orbit 81 =====================
size : 2
num_suborbits: 1
182 (*) : -1-------1-----0-0--------
182     : ['ep_epoch1(node0)', 'held(node1)', '~locked_epoch2(node1)', '~locked_epoch3(node1)']
181     : -----1--1-----0-0---------
181     : ['ep_epoch1(node1)', 'held(node0)', '~locked_epoch2(node0)', '~locked_epoch3(node0)']
num_forall :   0
num_exists :   0
num_literals : 0
quantified form : None
qcost : 0


=== Prime Orbit 82 =====================
size : 4
num_suborbits: 2
186 (*) : -1--0-0-----------------1-
186     : ['ep_epoch1(node0)', 'transfer_epoch3(node0)', '~ep_epoch0(node1)', '~ep_epoch2(node1)']
188     : -1--0-0------------------1
188     : ['ep_epoch1(node0)', 'transfer_epoch3(node1)', '~ep_epoch0(node1)', '~ep_epoch2(node1)']
187     : 0-0--1------------------1-
187     : ['ep_epoch1(node1)', 'transfer_epoch3(node0)', '~ep_epoch0(node0)', '~ep_epoch2(node0)']
185     : 0-0--1-------------------1
185     : ['ep_epoch1(node1)', 'transfer_epoch3(node1)', '~ep_epoch0(node0)', '~ep_epoch2(node0)']
num_forall :   0
num_exists :   0
num_literals : 0
quantified form : None
qcost : 0


=== Prime Orbit 83 =====================
size : 4
num_suborbits: 2
184 (*) : -1--0----------0--------1-
184     : ['ep_epoch1(node0)', 'transfer_epoch3(node0)', '~ep_epoch0(node1)', '~locked_epoch2(node1)']
190     : -1--0----------0---------1
190     : ['ep_epoch1(node0)', 'transfer_epoch3(node1)', '~ep_epoch0(node1)', '~locked_epoch2(node1)']
189     : 0----1--------0---------1-
189     : ['ep_epoch1(node1)', 'transfer_epoch3(node0)', '~ep_epoch0(node0)', '~locked_epoch2(node0)']
183     : 0----1--------0----------1
183     : ['ep_epoch1(node1)', 'transfer_epoch3(node1)', '~ep_epoch0(node0)', '~locked_epoch2(node0)']
num_forall :   0
num_exists :   0
num_literals : 0
quantified form : None
qcost : 0


=== Prime Orbit 84 =====================
size : 2
num_suborbits: 1
166 (*) : -1--0-00------------------
166     : ['ep_epoch1(node0)', '~ep_epoch0(node1)', '~ep_epoch2(node1)', '~ep_epoch3(node1)']
165     : 0-00-1--------------------
165     : ['ep_epoch1(node1)', '~ep_epoch0(node0)', '~ep_epoch2(node0)', '~ep_epoch3(node0)']
num_forall :   0
num_exists :   0
num_literals : 0
quantified form : None
qcost : 0


=== Prime Orbit 85 =====================
size : 2
num_suborbits: 1
164 (*) : -1--0-0--0----------------
164     : ['ep_epoch1(node0)', '~ep_epoch0(node1)', '~ep_epoch2(node1)', '~held(node1)']
163     : 0-0--1--0-----------------
163     : ['ep_epoch1(node1)', '~ep_epoch0(node0)', '~ep_epoch2(node0)', '~held(node0)']
num_forall :   0
num_exists :   0
num_literals : 0
quantified form : None
qcost : 0


=== Prime Orbit 86 =====================
size : 2
num_suborbits: 1
168 (*) : -1--0-0----------0--------
168     : ['ep_epoch1(node0)', '~ep_epoch0(node1)', '~ep_epoch2(node1)', '~locked_epoch3(node1)']
167     : 0-0--1----------0---------
167     : ['ep_epoch1(node1)', '~ep_epoch0(node0)', '~ep_epoch2(node0)', '~locked_epoch3(node0)']
num_forall :   0
num_exists :   0
num_literals : 0
quantified form : None
qcost : 0


=== Prime Orbit 87 =====================
size : 2
num_suborbits: 1
172 (*) : -1--0--0-------0----------
172     : ['ep_epoch1(node0)', '~ep_epoch0(node1)', '~ep_epoch3(node1)', '~locked_epoch2(node1)']
171     : 0--0-1--------0-----------
171     : ['ep_epoch1(node1)', '~ep_epoch0(node0)', '~ep_epoch3(node0)', '~locked_epoch2(node0)']
num_forall :   0
num_exists :   0
num_literals : 0
quantified form : None
qcost : 0


=== Prime Orbit 88 =====================
size : 2
num_suborbits: 1
170 (*) : -1--0----0-----0----------
170     : ['ep_epoch1(node0)', '~ep_epoch0(node1)', '~held(node1)', '~locked_epoch2(node1)']
169     : 0----1--0-----0-----------
169     : ['ep_epoch1(node1)', '~ep_epoch0(node0)', '~held(node0)', '~locked_epoch2(node0)']
num_forall :   0
num_exists :   0
num_literals : 0
quantified form : None
qcost : 0


=== Prime Orbit 89 =====================
size : 2
num_suborbits: 1
174 (*) : -1--0----------0-0--------
174     : ['ep_epoch1(node0)', '~ep_epoch0(node1)', '~locked_epoch2(node1)', '~locked_epoch3(node1)']
173     : 0----1--------0-0---------
173     : ['ep_epoch1(node1)', '~ep_epoch0(node0)', '~locked_epoch2(node0)', '~locked_epoch3(node0)']
num_forall :   0
num_exists :   0
num_literals : 0
quantified form : None
qcost : 0


=== Prime Orbit 90 =====================
size : 2
num_suborbits: 1
509 (*) : --1-0---1---1-------------
509     : ['ep_epoch2(node0)', 'held(node0)', 'locked_epoch1(node0)', '~ep_epoch0(node1)']
510     : 0-----1--1---1------------
510     : ['ep_epoch2(node1)', 'held(node1)', 'locked_epoch1(node1)', '~ep_epoch0(node0)']
num_forall :   0
num_exists :   0
num_literals : 0
quantified form : None
qcost : 0


=== Prime Orbit 91 =====================
size : 2
num_suborbits: 1
434 (*) : --1--0--1----1------------
434     : ['ep_epoch2(node0)', 'held(node0)', 'locked_epoch1(node1)', '~ep_epoch1(node1)']
433     : -0----1--1--1-------------
433     : ['ep_epoch2(node1)', 'held(node1)', 'locked_epoch1(node0)', '~ep_epoch1(node0)']
num_forall :   0
num_exists :   0
num_literals : 0
quantified form : None
qcost : 0


=== Prime Orbit 92 =====================
size : 2
num_suborbits: 1
507 (*) : --1-00--1-----------------
507     : ['ep_epoch2(node0)', 'held(node0)', '~ep_epoch0(node1)', '~ep_epoch1(node1)']
508     : 00----1--1----------------
508     : ['ep_epoch2(node1)', 'held(node1)', '~ep_epoch0(node0)', '~ep_epoch1(node0)']
num_forall :   0
num_exists :   0
num_literals : 0
quantified form : None
qcost : 0


=== Prime Orbit 93 =====================
size : 2
num_suborbits: 1
511 (*) : --1-0---1----0------------
511     : ['ep_epoch2(node0)', 'held(node0)', '~ep_epoch0(node1)', '~locked_epoch1(node1)']
512     : 0-----1--1--0-------------
512     : ['ep_epoch2(node1)', 'held(node1)', '~ep_epoch0(node0)', '~locked_epoch1(node0)']
num_forall :   0
num_exists :   0
num_literals : 0
quantified form : None
qcost : 0


=== Prime Orbit 94 =====================
size : 2
num_suborbits: 1
536 (*) : --1--0--1---0-------------
536     : ['ep_epoch2(node0)', 'held(node0)', '~ep_epoch1(node1)', '~locked_epoch1(node0)']
535     : -0----1--1---0------------
535     : ['ep_epoch2(node1)', 'held(node1)', '~ep_epoch1(node0)', '~locked_epoch1(node1)']
num_forall :   0
num_exists :   0
num_literals : 0
quantified form : None
qcost : 0


=== Prime Orbit 95 =====================
size : 4
num_suborbits: 2
239 (*) : --1-0-------1-----------1-
239     : ['ep_epoch2(node0)', 'locked_epoch1(node0)', 'transfer_epoch3(node0)', '~ep_epoch0(node1)']
276     : --1-0-------1------------1
276     : ['ep_epoch2(node0)', 'locked_epoch1(node0)', 'transfer_epoch3(node1)', '~ep_epoch0(node1)']
275     : 0-----1------1----------1-
275     : ['ep_epoch2(node1)', 'locked_epoch1(node1)', 'transfer_epoch3(node0)', '~ep_epoch0(node0)']
240     : 0-----1------1-----------1
240     : ['ep_epoch2(node1)', 'locked_epoch1(node1)', 'transfer_epoch3(node1)', '~ep_epoch0(node0)']
num_forall :   0
num_exists :   0
num_literals : 0
quantified form : None
qcost : 0


=== Prime Orbit 96 =====================
size : 2
num_suborbits: 1
497 (*) : --1-0--0----1-------------
497     : ['ep_epoch2(node0)', 'locked_epoch1(node0)', '~ep_epoch0(node1)', '~ep_epoch3(node1)']
498     : 0--0--1------1------------
498     : ['ep_epoch2(node1)', 'locked_epoch1(node1)', '~ep_epoch0(node0)', '~ep_epoch3(node0)']
num_forall :   0
num_exists :   0
num_literals : 0
quantified form : None
qcost : 0


=== Prime Orbit 97 =====================
size : 2
num_suborbits: 1
493 (*) : --1-0----0--1-------------
493     : ['ep_epoch2(node0)', 'locked_epoch1(node0)', '~ep_epoch0(node1)', '~held(node1)']
494     : 0-----1-0----1------------
494     : ['ep_epoch2(node1)', 'locked_epoch1(node1)', '~ep_epoch0(node0)', '~held(node0)']
num_forall :   0
num_exists :   0
num_literals : 0
quantified form : None
qcost : 0


=== Prime Orbit 98 =====================
size : 2
num_suborbits: 1
501 (*) : --1-0-------1----0--------
501     : ['ep_epoch2(node0)', 'locked_epoch1(node0)', '~ep_epoch0(node1)', '~locked_epoch3(node1)']
502     : 0-----1------1--0---------
502     : ['ep_epoch2(node1)', 'locked_epoch1(node1)', '~ep_epoch0(node0)', '~locked_epoch3(node0)']
num_forall :   0
num_exists :   0
num_literals : 0
quantified form : None
qcost : 0


=== Prime Orbit 99 =====================
size : 4
num_suborbits: 2
207 (*) : --1--0-------1----------1-
207     : ['ep_epoch2(node0)', 'locked_epoch1(node1)', 'transfer_epoch3(node0)', '~ep_epoch1(node1)']
270     : --1--0-------1-----------1
270     : ['ep_epoch2(node0)', 'locked_epoch1(node1)', 'transfer_epoch3(node1)', '~ep_epoch1(node1)']
269     : -0----1-----1-----------1-
269     : ['ep_epoch2(node1)', 'locked_epoch1(node0)', 'transfer_epoch3(node0)', '~ep_epoch1(node0)']
208     : -0----1-----1------------1
208     : ['ep_epoch2(node1)', 'locked_epoch1(node0)', 'transfer_epoch3(node1)', '~ep_epoch1(node0)']
num_forall :   0
num_exists :   0
num_literals : 0
quantified form : None
qcost : 0


=== Prime Orbit 100 =====================
size : 2
num_suborbits: 1
440 (*) : --1--0-0-----1------------
440     : ['ep_epoch2(node0)', 'locked_epoch1(node1)', '~ep_epoch1(node1)', '~ep_epoch3(node1)']
439     : -0-0--1-----1-------------
439     : ['ep_epoch2(node1)', 'locked_epoch1(node0)', '~ep_epoch1(node0)', '~ep_epoch3(node0)']
num_forall :   0
num_exists :   0
num_literals : 0
quantified form : None
qcost : 0


=== Prime Orbit 101 =====================
size : 2
num_suborbits: 1
436 (*) : --1--0---0---1------------
436     : ['ep_epoch2(node0)', 'locked_epoch1(node1)', '~ep_epoch1(node1)', '~held(node1)']
435     : -0----1-0---1-------------
435     : ['ep_epoch2(node1)', 'locked_epoch1(node0)', '~ep_epoch1(node0)', '~held(node0)']
num_forall :   0
num_exists :   0
num_literals : 0
quantified form : None
qcost : 0


=== Prime Orbit 102 =====================
size : 2
num_suborbits: 1
438 (*) : --1--0-------1---0--------
438     : ['ep_epoch2(node0)', 'locked_epoch1(node1)', '~ep_epoch1(node1)', '~locked_epoch3(node1)']
437     : -0----1-----1---0---------
437     : ['ep_epoch2(node1)', 'locked_epoch1(node0)', '~ep_epoch1(node0)', '~locked_epoch3(node0)']
num_forall :   0
num_exists :   0
num_literals : 0
quantified form : None
qcost : 0


=== Prime Orbit 103 =====================
size : 4
num_suborbits: 2
203 (*) : --1-00------------------1-
203     : ['ep_epoch2(node0)', 'transfer_epoch3(node0)', '~ep_epoch0(node1)', '~ep_epoch1(node1)']
268     : --1-00-------------------1
268     : ['ep_epoch2(node0)', 'transfer_epoch3(node1)', '~ep_epoch0(node1)', '~ep_epoch1(node1)']
267     : 00----1-----------------1-
267     : ['ep_epoch2(node1)', 'transfer_epoch3(node0)', '~ep_epoch0(node0)', '~ep_epoch1(node0)']
204     : 00----1------------------1
204     : ['ep_epoch2(node1)', 'transfer_epoch3(node1)', '~ep_epoch0(node0)', '~ep_epoch1(node0)']
num_forall :   0
num_exists :   0
num_literals : 0
quantified form : None
qcost : 0


=== Prime Orbit 104 =====================
size : 4
num_suborbits: 2
241 (*) : --1-0--------0----------1-
241     : ['ep_epoch2(node0)', 'transfer_epoch3(node0)', '~ep_epoch0(node1)', '~locked_epoch1(node1)']
274     : --1-0--------0-----------1
274     : ['ep_epoch2(node0)', 'transfer_epoch3(node1)', '~ep_epoch0(node1)', '~locked_epoch1(node1)']
273     : 0-----1-----0-----------1-
273     : ['ep_epoch2(node1)', 'transfer_epoch3(node0)', '~ep_epoch0(node0)', '~locked_epoch1(node0)']
242     : 0-----1-----0------------1
242     : ['ep_epoch2(node1)', 'transfer_epoch3(node1)', '~ep_epoch0(node0)', '~locked_epoch1(node0)']
num_forall :   0
num_exists :   0
num_literals : 0
quantified form : None
qcost : 0


=== Prime Orbit 105 =====================
size : 4
num_suborbits: 2
205 (*) : --1--0------0-----------1-
205     : ['ep_epoch2(node0)', 'transfer_epoch3(node0)', '~ep_epoch1(node1)', '~locked_epoch1(node0)']
272     : --1--0------0------------1
272     : ['ep_epoch2(node0)', 'transfer_epoch3(node1)', '~ep_epoch1(node1)', '~locked_epoch1(node0)']
271     : -0----1------0----------1-
271     : ['ep_epoch2(node1)', 'transfer_epoch3(node0)', '~ep_epoch1(node0)', '~locked_epoch1(node1)']
206     : -0----1------0-----------1
206     : ['ep_epoch2(node1)', 'transfer_epoch3(node1)', '~ep_epoch1(node0)', '~locked_epoch1(node1)']
num_forall :   0
num_exists :   0
num_literals : 0
quantified form : None
qcost : 0


=== Prime Orbit 106 =====================
size : 2
num_suborbits: 1
444 (*) : --1-00-0------------------
444     : ['ep_epoch2(node0)', '~ep_epoch0(node1)', '~ep_epoch1(node1)', '~ep_epoch3(node1)']
443     : 00-0--1-------------------
443     : ['ep_epoch2(node1)', '~ep_epoch0(node0)', '~ep_epoch1(node0)', '~ep_epoch3(node0)']
num_forall :   0
num_exists :   0
num_literals : 0
quantified form : None
qcost : 0


=== Prime Orbit 107 =====================
size : 2
num_suborbits: 1
491 (*) : --1-00---0----------------
491     : ['ep_epoch2(node0)', '~ep_epoch0(node1)', '~ep_epoch1(node1)', '~held(node1)']
492     : 00----1-0-----------------
492     : ['ep_epoch2(node1)', '~ep_epoch0(node0)', '~ep_epoch1(node0)', '~held(node0)']
num_forall :   0
num_exists :   0
num_literals : 0
quantified form : None
qcost : 0


=== Prime Orbit 108 =====================
size : 2
num_suborbits: 1
505 (*) : --1-00-----------0--------
505     : ['ep_epoch2(node0)', '~ep_epoch0(node1)', '~ep_epoch1(node1)', '~locked_epoch3(node1)']
506     : 00----1---------0---------
506     : ['ep_epoch2(node1)', '~ep_epoch0(node0)', '~ep_epoch1(node0)', '~locked_epoch3(node0)']
num_forall :   0
num_exists :   0
num_literals : 0
quantified form : None
qcost : 0


=== Prime Orbit 109 =====================
size : 2
num_suborbits: 1
499 (*) : --1-0--0-----0------------
499     : ['ep_epoch2(node0)', '~ep_epoch0(node1)', '~ep_epoch3(node1)', '~locked_epoch1(node1)']
500     : 0--0--1-----0-------------
500     : ['ep_epoch2(node1)', '~ep_epoch0(node0)', '~ep_epoch3(node0)', '~locked_epoch1(node0)']
num_forall :   0
num_exists :   0
num_literals : 0
quantified form : None
qcost : 0


=== Prime Orbit 110 =====================
size : 2
num_suborbits: 1
495 (*) : --1-0----0---0------------
495     : ['ep_epoch2(node0)', '~ep_epoch0(node1)', '~held(node1)', '~locked_epoch1(node1)']
496     : 0-----1-0---0-------------
496     : ['ep_epoch2(node1)', '~ep_epoch0(node0)', '~held(node0)', '~locked_epoch1(node0)']
num_forall :   0
num_exists :   0
num_literals : 0
quantified form : None
qcost : 0


=== Prime Orbit 111 =====================
size : 2
num_suborbits: 1
503 (*) : --1-0--------0---0--------
503     : ['ep_epoch2(node0)', '~ep_epoch0(node1)', '~locked_epoch1(node1)', '~locked_epoch3(node1)']
504     : 0-----1-----0---0---------
504     : ['ep_epoch2(node1)', '~ep_epoch0(node0)', '~locked_epoch1(node0)', '~locked_epoch3(node0)']
num_forall :   0
num_exists :   0
num_literals : 0
quantified form : None
qcost : 0


=== Prime Orbit 112 =====================
size : 2
num_suborbits: 1
442 (*) : --1--0-0----0-------------
442     : ['ep_epoch2(node0)', '~ep_epoch1(node1)', '~ep_epoch3(node1)', '~locked_epoch1(node0)']
441     : -0-0--1------0------------
441     : ['ep_epoch2(node1)', '~ep_epoch1(node0)', '~ep_epoch3(node0)', '~locked_epoch1(node1)']
num_forall :   0
num_exists :   0
num_literals : 0
quantified form : None
qcost : 0


=== Prime Orbit 113 =====================
size : 2
num_suborbits: 1
534 (*) : --1--0---0--0-------------
534     : ['ep_epoch2(node0)', '~ep_epoch1(node1)', '~held(node1)', '~locked_epoch1(node0)']
533     : -0----1-0----0------------
533     : ['ep_epoch2(node1)', '~ep_epoch1(node0)', '~held(node0)', '~locked_epoch1(node1)']
num_forall :   0
num_exists :   0
num_literals : 0
quantified form : None
qcost : 0


=== Prime Orbit 114 =====================
size : 2
num_suborbits: 1
488 (*) : --1--0------0----0--------
488     : ['ep_epoch2(node0)', '~ep_epoch1(node1)', '~locked_epoch1(node0)', '~locked_epoch3(node1)']
487     : -0----1------0--0---------
487     : ['ep_epoch2(node1)', '~ep_epoch1(node0)', '~locked_epoch1(node1)', '~locked_epoch3(node0)']
num_forall :   0
num_exists :   0
num_literals : 0
quantified form : None
qcost : 0


=== Prime Orbit 115 =====================
size : 2
num_suborbits: 1
337 (*) : ---10-------1-1-----------
337     : ['ep_epoch3(node0)', 'locked_epoch1(node0)', 'locked_epoch2(node0)', '~ep_epoch0(node1)']
338     : 0------1-----1-1----------
338     : ['ep_epoch3(node1)', 'locked_epoch1(node1)', 'locked_epoch2(node1)', '~ep_epoch0(node0)']
num_forall :   0
num_exists :   0
num_literals : 0
quantified form : None
qcost : 0


=== Prime Orbit 116 =====================
size : 2
num_suborbits: 1
431 (*) : ---10-0-----1-------------
431     : ['ep_epoch3(node0)', 'locked_epoch1(node0)', '~ep_epoch0(node1)', '~ep_epoch2(node1)']
432     : 0-0----1-----1------------
432     : ['ep_epoch3(node1)', 'locked_epoch1(node1)', '~ep_epoch0(node0)', '~ep_epoch2(node0)']
num_forall :   0
num_exists :   0
num_literals : 0
quantified form : None
qcost : 0


=== Prime Orbit 117 =====================
size : 2
num_suborbits: 1
385 (*) : ---10-------1--0----------
385     : ['ep_epoch3(node0)', 'locked_epoch1(node0)', '~ep_epoch0(node1)', '~locked_epoch2(node1)']
386     : 0------1-----10-----------
386     : ['ep_epoch3(node1)', 'locked_epoch1(node1)', '~ep_epoch0(node0)', '~locked_epoch2(node0)']
num_forall :   0
num_exists :   0
num_literals : 0
quantified form : None
qcost : 0


=== Prime Orbit 118 =====================
size : 2
num_suborbits: 1
343 (*) : ---1-0-------11-----------
343     : ['ep_epoch3(node0)', 'locked_epoch1(node1)', 'locked_epoch2(node0)', '~ep_epoch1(node1)']
344     : -0-----1----1--1----------
344     : ['ep_epoch3(node1)', 'locked_epoch1(node0)', 'locked_epoch2(node1)', '~ep_epoch1(node0)']
num_forall :   0
num_exists :   0
num_literals : 0
quantified form : None
qcost : 0


=== Prime Orbit 119 =====================
size : 2
num_suborbits: 1
416 (*) : ---1-00------1------------
416     : ['ep_epoch3(node0)', 'locked_epoch1(node1)', '~ep_epoch1(node1)', '~ep_epoch2(node1)']
415     : -00----1----1-------------
415     : ['ep_epoch3(node1)', 'locked_epoch1(node0)', '~ep_epoch1(node0)', '~ep_epoch2(node0)']
num_forall :   0
num_exists :   0
num_literals : 0
quantified form : None
qcost : 0


=== Prime Orbit 120 =====================
size : 2
num_suborbits: 1
418 (*) : ---1-0-------1-0----------
418     : ['ep_epoch3(node0)', 'locked_epoch1(node1)', '~ep_epoch1(node1)', '~locked_epoch2(node1)']
417     : -0-----1----1-0-----------
417     : ['ep_epoch3(node1)', 'locked_epoch1(node0)', '~ep_epoch1(node0)', '~locked_epoch2(node0)']
num_forall :   0
num_exists :   0
num_literals : 0
quantified form : None
qcost : 0


=== Prime Orbit 121 =====================
size : 2
num_suborbits: 1
339 (*) : ---100--------1-----------
339     : ['ep_epoch3(node0)', 'locked_epoch2(node0)', '~ep_epoch0(node1)', '~ep_epoch1(node1)']
340     : 00-----1-------1----------
340     : ['ep_epoch3(node1)', 'locked_epoch2(node1)', '~ep_epoch0(node0)', '~ep_epoch1(node0)']
num_forall :   0
num_exists :   0
num_literals : 0
quantified form : None
qcost : 0


=== Prime Orbit 122 =====================
size : 2
num_suborbits: 1
341 (*) : ---10--------01-----------
341     : ['ep_epoch3(node0)', 'locked_epoch2(node0)', '~ep_epoch0(node1)', '~locked_epoch1(node1)']
342     : 0------1----0--1----------
342     : ['ep_epoch3(node1)', 'locked_epoch2(node1)', '~ep_epoch0(node0)', '~locked_epoch1(node0)']
num_forall :   0
num_exists :   0
num_literals : 0
quantified form : None
qcost : 0


=== Prime Orbit 123 =====================
size : 2
num_suborbits: 1
345 (*) : ---1-0------0-1-----------
345     : ['ep_epoch3(node0)', 'locked_epoch2(node0)', '~ep_epoch1(node1)', '~locked_epoch1(node0)']
346     : -0-----1-----0-1----------
346     : ['ep_epoch3(node1)', 'locked_epoch2(node1)', '~ep_epoch1(node0)', '~locked_epoch1(node1)']
num_forall :   0
num_exists :   0
num_literals : 0
quantified form : None
qcost : 0


=== Prime Orbit 124 =====================
size : 2
num_suborbits: 1
524 (*) : ---1000-------------------
524     : ['ep_epoch3(node0)', '~ep_epoch0(node1)', '~ep_epoch1(node1)', '~ep_epoch2(node1)']
523     : 000----1------------------
523     : ['ep_epoch3(node1)', '~ep_epoch0(node0)', '~ep_epoch1(node0)', '~ep_epoch2(node0)']
num_forall :   0
num_exists :   0
num_literals : 0
quantified form : None
qcost : 0


=== Prime Orbit 125 =====================
size : 2
num_suborbits: 1
540 (*) : ---100---------0----------
540     : ['ep_epoch3(node0)', '~ep_epoch0(node1)', '~ep_epoch1(node1)', '~locked_epoch2(node1)']
539     : 00-----1------0-----------
539     : ['ep_epoch3(node1)', '~ep_epoch0(node0)', '~ep_epoch1(node0)', '~locked_epoch2(node0)']
num_forall :   0
num_exists :   0
num_literals : 0
quantified form : None
qcost : 0


=== Prime Orbit 126 =====================
size : 2
num_suborbits: 1
555 (*) : ---10-0------0------------
555     : ['ep_epoch3(node0)', '~ep_epoch0(node1)', '~ep_epoch2(node1)', '~locked_epoch1(node1)']
556     : 0-0----1----0-------------
556     : ['ep_epoch3(node1)', '~ep_epoch0(node0)', '~ep_epoch2(node0)', '~locked_epoch1(node0)']
num_forall :   0
num_exists :   0
num_literals : 0
quantified form : None
qcost : 0


=== Prime Orbit 127 =====================
size : 2
num_suborbits: 1
553 (*) : ---10--------0-0----------
553     : ['ep_epoch3(node0)', '~ep_epoch0(node1)', '~locked_epoch1(node1)', '~locked_epoch2(node1)']
554     : 0------1----0-0-----------
554     : ['ep_epoch3(node1)', '~ep_epoch0(node0)', '~locked_epoch1(node0)', '~locked_epoch2(node0)']
num_forall :   0
num_exists :   0
num_literals : 0
quantified form : None
qcost : 0


=== Prime Orbit 128 =====================
size : 2
num_suborbits: 1
528 (*) : ---1-00-----0-------------
528     : ['ep_epoch3(node0)', '~ep_epoch1(node1)', '~ep_epoch2(node1)', '~locked_epoch1(node0)']
527     : -00----1-----0------------
527     : ['ep_epoch3(node1)', '~ep_epoch1(node0)', '~ep_epoch2(node0)', '~locked_epoch1(node1)']
num_forall :   0
num_exists :   0
num_literals : 0
quantified form : None
qcost : 0


=== Prime Orbit 129 =====================
size : 2
num_suborbits: 1
532 (*) : ---1-0------0--0----------
532     : ['ep_epoch3(node0)', '~ep_epoch1(node1)', '~locked_epoch1(node0)', '~locked_epoch2(node1)']
531     : -0-----1-----00-----------
531     : ['ep_epoch3(node1)', '~ep_epoch1(node0)', '~locked_epoch1(node1)', '~locked_epoch2(node0)']
num_forall :   0
num_exists :   0
num_literals : 0
quantified form : None
qcost : 0


=== Prime Orbit 130 =====================
size : 2
num_suborbits: 1
323 (*) : ----0---1---1-1-----------
323     : ['held(node0)', 'locked_epoch1(node0)', 'locked_epoch2(node0)', '~ep_epoch0(node1)']
324     : 0--------1---1-1----------
324     : ['held(node1)', 'locked_epoch1(node1)', 'locked_epoch2(node1)', '~ep_epoch0(node0)']
num_forall :   0
num_exists :   0
num_literals : 0
quantified form : None
qcost : 0


=== Prime Orbit 131 =====================
size : 2
num_suborbits: 1
429 (*) : ----0-0-1---1-------------
429     : ['held(node0)', 'locked_epoch1(node0)', '~ep_epoch0(node1)', '~ep_epoch2(node1)']
430     : 0-0------1---1------------
430     : ['held(node1)', 'locked_epoch1(node1)', '~ep_epoch0(node0)', '~ep_epoch2(node0)']
num_forall :   0
num_exists :   0
num_literals : 0
quantified form : None
qcost : 0


=== Prime Orbit 132 =====================
size : 2
num_suborbits: 1
425 (*) : ---00---1---1-------------
425     : ['held(node0)', 'locked_epoch1(node0)', '~ep_epoch0(node1)', '~ep_epoch3(node0)']
426     : 0------0-1---1------------
426     : ['held(node1)', 'locked_epoch1(node1)', '~ep_epoch0(node0)', '~ep_epoch3(node1)']
num_forall :   0
num_exists :   0
num_literals : 0
quantified form : None
qcost : 0


=== Prime Orbit 133 =====================
size : 2
num_suborbits: 1
383 (*) : ----0---1---1--0----------
383     : ['held(node0)', 'locked_epoch1(node0)', '~ep_epoch0(node1)', '~locked_epoch2(node1)']
384     : 0--------1---10-----------
384     : ['held(node1)', 'locked_epoch1(node1)', '~ep_epoch0(node0)', '~locked_epoch2(node0)']
num_forall :   0
num_exists :   0
num_literals : 0
quantified form : None
qcost : 0


=== Prime Orbit 134 =====================
size : 2
num_suborbits: 1
427 (*) : ----0---1---1---0---------
427     : ['held(node0)', 'locked_epoch1(node0)', '~ep_epoch0(node1)', '~locked_epoch3(node0)']
428     : 0--------1---1---0--------
428     : ['held(node1)', 'locked_epoch1(node1)', '~ep_epoch0(node0)', '~locked_epoch3(node1)']
num_forall :   0
num_exists :   0
num_literals : 0
quantified form : None
qcost : 0


=== Prime Orbit 135 =====================
size : 2
num_suborbits: 1
293 (*) : -----0--1----11-----------
293     : ['held(node0)', 'locked_epoch1(node1)', 'locked_epoch2(node0)', '~ep_epoch1(node1)']
294     : -0-------1--1--1----------
294     : ['held(node1)', 'locked_epoch1(node0)', 'locked_epoch2(node1)', '~ep_epoch1(node0)']
num_forall :   0
num_exists :   0
num_literals : 0
quantified form : None
qcost : 0


=== Prime Orbit 136 =====================
size : 2
num_suborbits: 1
408 (*) : -----00-1----1------------
408     : ['held(node0)', 'locked_epoch1(node1)', '~ep_epoch1(node1)', '~ep_epoch2(node1)']
407     : -00------1--1-------------
407     : ['held(node1)', 'locked_epoch1(node0)', '~ep_epoch1(node0)', '~ep_epoch2(node0)']
num_forall :   0
num_exists :   0
num_literals : 0
quantified form : None
qcost : 0


=== Prime Orbit 137 =====================
size : 2
num_suborbits: 1
412 (*) : ---0-0--1----1------------
412     : ['held(node0)', 'locked_epoch1(node1)', '~ep_epoch1(node1)', '~ep_epoch3(node0)']
411     : -0-----0-1--1-------------
411     : ['held(node1)', 'locked_epoch1(node0)', '~ep_epoch1(node0)', '~ep_epoch3(node1)']
num_forall :   0
num_exists :   0
num_literals : 0
quantified form : None
qcost : 0


=== Prime Orbit 138 =====================
size : 2
num_suborbits: 1
410 (*) : -----0--1----1-0----------
410     : ['held(node0)', 'locked_epoch1(node1)', '~ep_epoch1(node1)', '~locked_epoch2(node1)']
409     : -0-------1--1-0-----------
409     : ['held(node1)', 'locked_epoch1(node0)', '~ep_epoch1(node0)', '~locked_epoch2(node0)']
num_forall :   0
num_exists :   0
num_literals : 0
quantified form : None
qcost : 0


=== Prime Orbit 139 =====================
size : 2
num_suborbits: 1
414 (*) : -----0--1----1--0---------
414     : ['held(node0)', 'locked_epoch1(node1)', '~ep_epoch1(node1)', '~locked_epoch3(node0)']
413     : -0-------1--1----0--------
413     : ['held(node1)', 'locked_epoch1(node0)', '~ep_epoch1(node0)', '~locked_epoch3(node1)']
num_forall :   0
num_exists :   0
num_literals : 0
quantified form : None
qcost : 0


=== Prime Orbit 140 =====================
size : 2
num_suborbits: 1
404 (*) : --00----1----1------------
404     : ['held(node0)', 'locked_epoch1(node1)', '~ep_epoch2(node0)', '~ep_epoch3(node0)']
403     : ------00-1--1-------------
403     : ['held(node1)', 'locked_epoch1(node0)', '~ep_epoch2(node1)', '~ep_epoch3(node1)']
num_forall :   0
num_exists :   0
num_literals : 0
quantified form : None
qcost : 0


=== Prime Orbit 141 =====================
size : 2
num_suborbits: 1
406 (*) : --0-----1----1--0---------
406     : ['held(node0)', 'locked_epoch1(node1)', '~ep_epoch2(node0)', '~locked_epoch3(node0)']
405     : ------0--1--1----0--------
405     : ['held(node1)', 'locked_epoch1(node0)', '~ep_epoch2(node1)', '~locked_epoch3(node1)']
num_forall :   0
num_exists :   0
num_literals : 0
quantified form : None
qcost : 0


=== Prime Orbit 142 =====================
size : 2
num_suborbits: 1
390 (*) : ---0----1----10-----------
390     : ['held(node0)', 'locked_epoch1(node1)', '~ep_epoch3(node0)', '~locked_epoch2(node0)']
389     : -------0-1--1--0----------
389     : ['held(node1)', 'locked_epoch1(node0)', '~ep_epoch3(node1)', '~locked_epoch2(node1)']
num_forall :   0
num_exists :   0
num_literals : 0
quantified form : None
qcost : 0


=== Prime Orbit 143 =====================
size : 2
num_suborbits: 1
388 (*) : --------1----10-0---------
388     : ['held(node0)', 'locked_epoch1(node1)', '~locked_epoch2(node0)', '~locked_epoch3(node0)']
387     : ---------1--1--0-0--------
387     : ['held(node1)', 'locked_epoch1(node0)', '~locked_epoch2(node1)', '~locked_epoch3(node1)']
num_forall :   0
num_exists :   0
num_literals : 0
quantified form : None
qcost : 0


=== Prime Orbit 144 =====================
size : 2
num_suborbits: 1
321 (*) : ----00--1-----1-----------
321     : ['held(node0)', 'locked_epoch2(node0)', '~ep_epoch0(node1)', '~ep_epoch1(node1)']
322     : 00-------1-----1----------
322     : ['held(node1)', 'locked_epoch2(node1)', '~ep_epoch0(node0)', '~ep_epoch1(node0)']
num_forall :   0
num_exists :   0
num_literals : 0
quantified form : None
qcost : 0


=== Prime Orbit 145 =====================
size : 2
num_suborbits: 1
311 (*) : ----0---1----01-----------
311     : ['held(node0)', 'locked_epoch2(node0)', '~ep_epoch0(node1)', '~locked_epoch1(node1)']
312     : 0--------1--0--1----------
312     : ['held(node1)', 'locked_epoch2(node1)', '~ep_epoch0(node0)', '~locked_epoch1(node0)']
num_forall :   0
num_exists :   0
num_literals : 0
quantified form : None
qcost : 0


=== Prime Orbit 146 =====================
size : 2
num_suborbits: 1
319 (*) : -----0--1---0-1-----------
319     : ['held(node0)', 'locked_epoch2(node0)', '~ep_epoch1(node1)', '~locked_epoch1(node0)']
320     : -0-------1---0-1----------
320     : ['held(node1)', 'locked_epoch2(node1)', '~ep_epoch1(node0)', '~locked_epoch1(node1)']
num_forall :   0
num_exists :   0
num_literals : 0
quantified form : None
qcost : 0


=== Prime Orbit 147 =====================
size : 2
num_suborbits: 1
522 (*) : ----000-1-----------------
522     : ['held(node0)', '~ep_epoch0(node1)', '~ep_epoch1(node1)', '~ep_epoch2(node1)']
521     : 000------1----------------
521     : ['held(node1)', '~ep_epoch0(node0)', '~ep_epoch1(node0)', '~ep_epoch2(node0)']
num_forall :   0
num_exists :   0
num_literals : 0
quantified form : None
qcost : 0


=== Prime Orbit 148 =====================
size : 2
num_suborbits: 1
457 (*) : ---000--1-----------------
457     : ['held(node0)', '~ep_epoch0(node1)', '~ep_epoch1(node1)', '~ep_epoch3(node0)']
458     : 00-----0-1----------------
458     : ['held(node1)', '~ep_epoch0(node0)', '~ep_epoch1(node0)', '~ep_epoch3(node1)']
num_forall :   0
num_exists :   0
num_literals : 0
quantified form : None
qcost : 0


=== Prime Orbit 149 =====================
size : 2
num_suborbits: 1
538 (*) : ----00--1------0----------
538     : ['held(node0)', '~ep_epoch0(node1)', '~ep_epoch1(node1)', '~locked_epoch2(node1)']
537     : 00-------1----0-----------
537     : ['held(node1)', '~ep_epoch0(node0)', '~ep_epoch1(node0)', '~locked_epoch2(node0)']
num_forall :   0
num_exists :   0
num_literals : 0
quantified form : None
qcost : 0


=== Prime Orbit 150 =====================
size : 2
num_suborbits: 1
490 (*) : ----00--1-------0---------
490     : ['held(node0)', '~ep_epoch0(node1)', '~ep_epoch1(node1)', '~locked_epoch3(node0)']
489     : 00-------1-------0--------
489     : ['held(node1)', '~ep_epoch0(node0)', '~ep_epoch1(node0)', '~locked_epoch3(node1)']
num_forall :   0
num_exists :   0
num_literals : 0
quantified form : None
qcost : 0


=== Prime Orbit 151 =====================
size : 2
num_suborbits: 1
455 (*) : --000---1-----------------
455     : ['held(node0)', '~ep_epoch0(node1)', '~ep_epoch2(node0)', '~ep_epoch3(node0)']
456     : 0-----00-1----------------
456     : ['held(node1)', '~ep_epoch0(node0)', '~ep_epoch2(node1)', '~ep_epoch3(node1)']
num_forall :   0
num_exists :   0
num_literals : 0
quantified form : None
qcost : 0


=== Prime Orbit 152 =====================
size : 2
num_suborbits: 1
525 (*) : --0-0---1-------0---------
525     : ['held(node0)', '~ep_epoch0(node1)', '~ep_epoch2(node0)', '~locked_epoch3(node0)']
526     : 0-----0--1-------0--------
526     : ['held(node1)', '~ep_epoch0(node0)', '~ep_epoch2(node1)', '~locked_epoch3(node1)']
num_forall :   0
num_exists :   0
num_literals : 0
quantified form : None
qcost : 0


=== Prime Orbit 153 =====================
size : 2
num_suborbits: 1
567 (*) : ----0-0-1----0------------
567     : ['held(node0)', '~ep_epoch0(node1)', '~ep_epoch2(node1)', '~locked_epoch1(node1)']
568     : 0-0------1--0-------------
568     : ['held(node1)', '~ep_epoch0(node0)', '~ep_epoch2(node0)', '~locked_epoch1(node0)']
num_forall :   0
num_exists :   0
num_literals : 0
quantified form : None
qcost : 0


=== Prime Orbit 154 =====================
size : 2
num_suborbits: 1
461 (*) : ---00---1----0------------
461     : ['held(node0)', '~ep_epoch0(node1)', '~ep_epoch3(node0)', '~locked_epoch1(node1)']
462     : 0------0-1--0-------------
462     : ['held(node1)', '~ep_epoch0(node0)', '~ep_epoch3(node1)', '~locked_epoch1(node0)']
num_forall :   0
num_exists :   0
num_literals : 0
quantified form : None
qcost : 0


=== Prime Orbit 155 =====================
size : 2
num_suborbits: 1
459 (*) : ---00---1-----0-----------
459     : ['held(node0)', '~ep_epoch0(node1)', '~ep_epoch3(node0)', '~locked_epoch2(node0)']
460     : 0------0-1-----0----------
460     : ['held(node1)', '~ep_epoch0(node0)', '~ep_epoch3(node1)', '~locked_epoch2(node1)']
num_forall :   0
num_exists :   0
num_literals : 0
quantified form : None
qcost : 0


=== Prime Orbit 156 =====================
size : 2
num_suborbits: 1
551 (*) : ----0---1----0-0----------
551     : ['held(node0)', '~ep_epoch0(node1)', '~locked_epoch1(node1)', '~locked_epoch2(node1)']
552     : 0--------1--0-0-----------
552     : ['held(node1)', '~ep_epoch0(node0)', '~locked_epoch1(node0)', '~locked_epoch2(node0)']
num_forall :   0
num_exists :   0
num_literals : 0
quantified form : None
qcost : 0


=== Prime Orbit 157 =====================
size : 2
num_suborbits: 1
513 (*) : ----0---1----0--0---------
513     : ['held(node0)', '~ep_epoch0(node1)', '~locked_epoch1(node1)', '~locked_epoch3(node0)']
514     : 0--------1--0----0--------
514     : ['held(node1)', '~ep_epoch0(node0)', '~locked_epoch1(node0)', '~locked_epoch3(node1)']
num_forall :   0
num_exists :   0
num_literals : 0
quantified form : None
qcost : 0


=== Prime Orbit 158 =====================
size : 2
num_suborbits: 1
485 (*) : ----0---1-----0-0---------
485     : ['held(node0)', '~ep_epoch0(node1)', '~locked_epoch2(node0)', '~locked_epoch3(node0)']
486     : 0--------1-----0-0--------
486     : ['held(node1)', '~ep_epoch0(node0)', '~locked_epoch2(node1)', '~locked_epoch3(node1)']
num_forall :   0
num_exists :   0
num_literals : 0
quantified form : None
qcost : 0


=== Prime Orbit 159 =====================
size : 2
num_suborbits: 1
453 (*) : -000----1-----------------
453     : ['held(node0)', '~ep_epoch1(node0)', '~ep_epoch2(node0)', '~ep_epoch3(node0)']
454     : -----000-1----------------
454     : ['held(node1)', '~ep_epoch1(node1)', '~ep_epoch2(node1)', '~ep_epoch3(node1)']
num_forall :   0
num_exists :   0
num_literals : 0
quantified form : None
qcost : 0


=== Prime Orbit 160 =====================
size : 2
num_suborbits: 1
471 (*) : -00-----1-------0---------
471     : ['held(node0)', '~ep_epoch1(node0)', '~ep_epoch2(node0)', '~locked_epoch3(node0)']
472     : -----00--1-------0--------
472     : ['held(node1)', '~ep_epoch1(node1)', '~ep_epoch2(node1)', '~locked_epoch3(node1)']
num_forall :   0
num_exists :   0
num_literals : 0
quantified form : None
qcost : 0


=== Prime Orbit 161 =====================
size : 2
num_suborbits: 1
463 (*) : -0-0----1-----0-----------
463     : ['held(node0)', '~ep_epoch1(node0)', '~ep_epoch3(node0)', '~locked_epoch2(node0)']
464     : -----0-0-1-----0----------
464     : ['held(node1)', '~ep_epoch1(node1)', '~ep_epoch3(node1)', '~locked_epoch2(node1)']
num_forall :   0
num_exists :   0
num_literals : 0
quantified form : None
qcost : 0


=== Prime Orbit 162 =====================
size : 2
num_suborbits: 1
475 (*) : -0------1-----0-0---------
475     : ['held(node0)', '~ep_epoch1(node0)', '~locked_epoch2(node0)', '~locked_epoch3(node0)']
476     : -----0---1-----0-0--------
476     : ['held(node1)', '~ep_epoch1(node1)', '~locked_epoch2(node1)', '~locked_epoch3(node1)']
num_forall :   0
num_exists :   0
num_literals : 0
quantified form : None
qcost : 0


=== Prime Orbit 163 =====================
size : 2
num_suborbits: 1
520 (*) : -----00-1---0-------------
520     : ['held(node0)', '~ep_epoch1(node1)', '~ep_epoch2(node1)', '~locked_epoch1(node0)']
519     : -00------1---0------------
519     : ['held(node1)', '~ep_epoch1(node0)', '~ep_epoch2(node0)', '~locked_epoch1(node1)']
num_forall :   0
num_exists :   0
num_literals : 0
quantified form : None
qcost : 0


=== Prime Orbit 164 =====================
size : 2
num_suborbits: 1
516 (*) : ---0-0--1---0-------------
516     : ['held(node0)', '~ep_epoch1(node1)', '~ep_epoch3(node0)', '~locked_epoch1(node0)']
515     : -0-----0-1---0------------
515     : ['held(node1)', '~ep_epoch1(node0)', '~ep_epoch3(node1)', '~locked_epoch1(node1)']
num_forall :   0
num_exists :   0
num_literals : 0
quantified form : None
qcost : 0


=== Prime Orbit 165 =====================
size : 2
num_suborbits: 1
530 (*) : -----0--1---0--0----------
530     : ['held(node0)', '~ep_epoch1(node1)', '~locked_epoch1(node0)', '~locked_epoch2(node1)']
529     : -0-------1---00-----------
529     : ['held(node1)', '~ep_epoch1(node0)', '~locked_epoch1(node1)', '~locked_epoch2(node0)']
num_forall :   0
num_exists :   0
num_literals : 0
quantified form : None
qcost : 0


=== Prime Orbit 166 =====================
size : 2
num_suborbits: 1
518 (*) : -----0--1---0---0---------
518     : ['held(node0)', '~ep_epoch1(node1)', '~locked_epoch1(node0)', '~locked_epoch3(node0)']
517     : -0-------1---0---0--------
517     : ['held(node1)', '~ep_epoch1(node0)', '~locked_epoch1(node1)', '~locked_epoch3(node1)']
num_forall :   0
num_exists :   0
num_literals : 0
quantified form : None
qcost : 0


=== Prime Orbit 167 =====================
size : 2
num_suborbits: 1
566 (*) : --00----1---0-------------
566     : ['held(node0)', '~ep_epoch2(node0)', '~ep_epoch3(node0)', '~locked_epoch1(node0)']
565     : ------00-1---0------------
565     : ['held(node1)', '~ep_epoch2(node1)', '~ep_epoch3(node1)', '~locked_epoch1(node1)']
num_forall :   0
num_exists :   0
num_literals : 0
quantified form : None
qcost : 0


=== Prime Orbit 168 =====================
size : 2
num_suborbits: 1
562 (*) : --0-----1---0---0---------
562     : ['held(node0)', '~ep_epoch2(node0)', '~locked_epoch1(node0)', '~locked_epoch3(node0)']
561     : ------0--1---0---0--------
561     : ['held(node1)', '~ep_epoch2(node1)', '~locked_epoch1(node1)', '~locked_epoch3(node1)']
num_forall :   0
num_exists :   0
num_literals : 0
quantified form : None
qcost : 0


=== Prime Orbit 169 =====================
size : 2
num_suborbits: 1
542 (*) : ---0----1---0-0-----------
542     : ['held(node0)', '~ep_epoch3(node0)', '~locked_epoch1(node0)', '~locked_epoch2(node0)']
541     : -------0-1---0-0----------
541     : ['held(node1)', '~ep_epoch3(node1)', '~locked_epoch1(node1)', '~locked_epoch2(node1)']
num_forall :   0
num_exists :   0
num_literals : 0
quantified form : None
qcost : 0


=== Prime Orbit 170 =====================
size : 2
num_suborbits: 1
544 (*) : --------1---0-0-0---------
544     : ['held(node0)', '~locked_epoch1(node0)', '~locked_epoch2(node0)', '~locked_epoch3(node0)']
543     : ---------1---0-0-0--------
543     : ['held(node1)', '~locked_epoch1(node1)', '~locked_epoch2(node1)', '~locked_epoch3(node1)']
num_forall :   0
num_exists :   0
num_literals : 0
quantified form : None
qcost : 0


=== Prime Orbit 171 =====================
size : 2
num_suborbits: 1
355 (*) : ----0-------1-1-1---------
355     : ['locked_epoch1(node0)', 'locked_epoch2(node0)', 'locked_epoch3(node0)', '~ep_epoch0(node1)']
356     : 0------------1-1-1--------
356     : ['locked_epoch1(node1)', 'locked_epoch2(node1)', 'locked_epoch3(node1)', '~ep_epoch0(node0)']
num_forall :   0
num_exists :   0
num_literals : 0
quantified form : None
qcost : 0


=== Prime Orbit 172 =====================
size : 4
num_suborbits: 2
279 (*) : ----0-------1-1---------1-
279     : ['locked_epoch1(node0)', 'locked_epoch2(node0)', 'transfer_epoch3(node0)', '~ep_epoch0(node1)']
266     : ----0-------1-1----------1
266     : ['locked_epoch1(node0)', 'locked_epoch2(node0)', 'transfer_epoch3(node1)', '~ep_epoch0(node1)']
265     : 0------------1-1--------1-
265     : ['locked_epoch1(node1)', 'locked_epoch2(node1)', 'transfer_epoch3(node0)', '~ep_epoch0(node0)']
280     : 0------------1-1---------1
280     : ['locked_epoch1(node1)', 'locked_epoch2(node1)', 'transfer_epoch3(node1)', '~ep_epoch0(node0)']
num_forall :   0
num_exists :   0
num_literals : 0
quantified form : None
qcost : 0


=== Prime Orbit 173 =====================
size : 2
num_suborbits: 1
301 (*) : --0-0-------1-1-----------
301     : ['locked_epoch1(node0)', 'locked_epoch2(node0)', '~ep_epoch0(node1)', '~ep_epoch2(node0)']
302     : 0-----0------1-1----------
302     : ['locked_epoch1(node1)', 'locked_epoch2(node1)', '~ep_epoch0(node0)', '~ep_epoch2(node1)']
num_forall :   0
num_exists :   0
num_literals : 0
quantified form : None
qcost : 0


=== Prime Orbit 174 =====================
size : 2
num_suborbits: 1
331 (*) : ----0--0----1-1-----------
331     : ['locked_epoch1(node0)', 'locked_epoch2(node0)', '~ep_epoch0(node1)', '~ep_epoch3(node1)']
332     : 0--0---------1-1----------
332     : ['locked_epoch1(node1)', 'locked_epoch2(node1)', '~ep_epoch0(node0)', '~ep_epoch3(node0)']
num_forall :   0
num_exists :   0
num_literals : 0
quantified form : None
qcost : 0


=== Prime Orbit 175 =====================
size : 2
num_suborbits: 1
333 (*) : ----0----0--1-1-----------
333     : ['locked_epoch1(node0)', 'locked_epoch2(node0)', '~ep_epoch0(node1)', '~held(node1)']
334     : 0-------0----1-1----------
334     : ['locked_epoch1(node1)', 'locked_epoch2(node1)', '~ep_epoch0(node0)', '~held(node0)']
num_forall :   0
num_exists :   0
num_literals : 0
quantified form : None
qcost : 0


=== Prime Orbit 176 =====================
size : 2
num_suborbits: 1
335 (*) : ----0-------1-1--0--------
335     : ['locked_epoch1(node0)', 'locked_epoch2(node0)', '~ep_epoch0(node1)', '~locked_epoch3(node1)']
336     : 0------------1-10---------
336     : ['locked_epoch1(node1)', 'locked_epoch2(node1)', '~ep_epoch0(node0)', '~locked_epoch3(node0)']
num_forall :   0
num_exists :   0
num_literals : 0
quantified form : None
qcost : 0


=== Prime Orbit 177 =====================
size : 2
num_suborbits: 1
352 (*) : -0----------1--1-1--------
352     : ['locked_epoch1(node0)', 'locked_epoch2(node1)', 'locked_epoch3(node1)', '~ep_epoch1(node0)']
351     : -----0-------11-1---------
351     : ['locked_epoch1(node1)', 'locked_epoch2(node0)', 'locked_epoch3(node0)', '~ep_epoch1(node1)']
num_forall :   0
num_exists :   0
num_literals : 0
quantified form : None
qcost : 0


=== Prime Orbit 178 =====================
size : 4
num_suborbits: 2
259 (*) : -0----------1--1--------1-
259     : ['locked_epoch1(node0)', 'locked_epoch2(node1)', 'transfer_epoch3(node0)', '~ep_epoch1(node0)']
286     : -0----------1--1---------1
286     : ['locked_epoch1(node0)', 'locked_epoch2(node1)', 'transfer_epoch3(node1)', '~ep_epoch1(node0)']
285     : -----0-------11---------1-
285     : ['locked_epoch1(node1)', 'locked_epoch2(node0)', 'transfer_epoch3(node0)', '~ep_epoch1(node1)']
260     : -----0-------11----------1
260     : ['locked_epoch1(node1)', 'locked_epoch2(node0)', 'transfer_epoch3(node1)', '~ep_epoch1(node1)']
num_forall :   0
num_exists :   0
num_literals : 0
quantified form : None
qcost : 0


=== Prime Orbit 179 =====================
size : 2
num_suborbits: 1
296 (*) : -0----0-----1--1----------
296     : ['locked_epoch1(node0)', 'locked_epoch2(node1)', '~ep_epoch1(node0)', '~ep_epoch2(node1)']
295     : --0--0-------11-----------
295     : ['locked_epoch1(node1)', 'locked_epoch2(node0)', '~ep_epoch1(node1)', '~ep_epoch2(node0)']
num_forall :   0
num_exists :   0
num_literals : 0
quantified form : None
qcost : 0


=== Prime Orbit 180 =====================
size : 2
num_suborbits: 1
292 (*) : -0-0--------1--1----------
292     : ['locked_epoch1(node0)', 'locked_epoch2(node1)', '~ep_epoch1(node0)', '~ep_epoch3(node0)']
291     : -----0-0-----11-----------
291     : ['locked_epoch1(node1)', 'locked_epoch2(node0)', '~ep_epoch1(node1)', '~ep_epoch3(node1)']
num_forall :   0
num_exists :   0
num_literals : 0
quantified form : None
qcost : 0


=== Prime Orbit 181 =====================
size : 2
num_suborbits: 1
290 (*) : -0------0---1--1----------
290     : ['locked_epoch1(node0)', 'locked_epoch2(node1)', '~ep_epoch1(node0)', '~held(node0)']
289     : -----0---0---11-----------
289     : ['locked_epoch1(node1)', 'locked_epoch2(node0)', '~ep_epoch1(node1)', '~held(node1)']
num_forall :   0
num_exists :   0
num_literals : 0
quantified form : None
qcost : 0


=== Prime Orbit 182 =====================
size : 2
num_suborbits: 1
288 (*) : -0----------1--10---------
288     : ['locked_epoch1(node0)', 'locked_epoch2(node1)', '~ep_epoch1(node0)', '~locked_epoch3(node0)']
287     : -----0-------11--0--------
287     : ['locked_epoch1(node1)', 'locked_epoch2(node0)', '~ep_epoch1(node1)', '~locked_epoch3(node1)']
num_forall :   0
num_exists :   0
num_literals : 0
quantified form : None
qcost : 0


=== Prime Orbit 183 =====================
size : 2
num_suborbits: 1
359 (*) : ----0-0-----1---1---------
359     : ['locked_epoch1(node0)', 'locked_epoch3(node0)', '~ep_epoch0(node1)', '~ep_epoch2(node1)']
360     : 0-0----------1---1--------
360     : ['locked_epoch1(node1)', 'locked_epoch3(node1)', '~ep_epoch0(node0)', '~ep_epoch2(node0)']
num_forall :   0
num_exists :   0
num_literals : 0
quantified form : None
qcost : 0


=== Prime Orbit 184 =====================
size : 2
num_suborbits: 1
357 (*) : ----0-------1--01---------
357     : ['locked_epoch1(node0)', 'locked_epoch3(node0)', '~ep_epoch0(node1)', '~locked_epoch2(node1)']
358     : 0------------10--1--------
358     : ['locked_epoch1(node1)', 'locked_epoch3(node1)', '~ep_epoch0(node0)', '~locked_epoch2(node0)']
num_forall :   0
num_exists :   0
num_literals : 0
quantified form : None
qcost : 0


=== Prime Orbit 185 =====================
size : 2
num_suborbits: 1
372 (*) : -00---------1----1--------
372     : ['locked_epoch1(node0)', 'locked_epoch3(node1)', '~ep_epoch1(node0)', '~ep_epoch2(node0)']
371     : -----00------1--1---------
371     : ['locked_epoch1(node1)', 'locked_epoch3(node0)', '~ep_epoch1(node1)', '~ep_epoch2(node1)']
num_forall :   0
num_exists :   0
num_literals : 0
quantified form : None
qcost : 0


=== Prime Orbit 186 =====================
size : 2
num_suborbits: 1
370 (*) : -0----------1-0--1--------
370     : ['locked_epoch1(node0)', 'locked_epoch3(node1)', '~ep_epoch1(node0)', '~locked_epoch2(node0)']
369     : -----0-------1-01---------
369     : ['locked_epoch1(node1)', 'locked_epoch3(node0)', '~ep_epoch1(node1)', '~locked_epoch2(node1)']
num_forall :   0
num_exists :   0
num_literals : 0
quantified form : None
qcost : 0


=== Prime Orbit 187 =====================
size : 4
num_suborbits: 2
229 (*) : -0--0-------1-----------1-
229     : ['locked_epoch1(node0)', 'transfer_epoch3(node0)', '~ep_epoch0(node1)', '~ep_epoch1(node0)']
216     : -0--0-------1------------1
216     : ['locked_epoch1(node0)', 'transfer_epoch3(node1)', '~ep_epoch0(node1)', '~ep_epoch1(node0)']
215     : 0----0-------1----------1-
215     : ['locked_epoch1(node1)', 'transfer_epoch3(node0)', '~ep_epoch0(node0)', '~ep_epoch1(node1)']
230     : 0----0-------1-----------1
230     : ['locked_epoch1(node1)', 'transfer_epoch3(node1)', '~ep_epoch0(node0)', '~ep_epoch1(node1)']
num_forall :   0
num_exists :   0
num_literals : 0
quantified form : None
qcost : 0


=== Prime Orbit 188 =====================
size : 4
num_suborbits: 2
233 (*) : ----0-0-----1-----------1-
233     : ['locked_epoch1(node0)', 'transfer_epoch3(node0)', '~ep_epoch0(node1)', '~ep_epoch2(node1)']
194     : ----0-0-----1------------1
194     : ['locked_epoch1(node0)', 'transfer_epoch3(node1)', '~ep_epoch0(node1)', '~ep_epoch2(node1)']
193     : 0-0----------1----------1-
193     : ['locked_epoch1(node1)', 'transfer_epoch3(node0)', '~ep_epoch0(node0)', '~ep_epoch2(node0)']
234     : 0-0----------1-----------1
234     : ['locked_epoch1(node1)', 'transfer_epoch3(node1)', '~ep_epoch0(node0)', '~ep_epoch2(node0)']
num_forall :   0
num_exists :   0
num_literals : 0
quantified form : None
qcost : 0


=== Prime Orbit 189 =====================
size : 4
num_suborbits: 2
231 (*) : ----0-------1--0--------1-
231     : ['locked_epoch1(node0)', 'transfer_epoch3(node0)', '~ep_epoch0(node1)', '~locked_epoch2(node1)']
202     : ----0-------1--0---------1
202     : ['locked_epoch1(node0)', 'transfer_epoch3(node1)', '~ep_epoch0(node1)', '~locked_epoch2(node1)']
201     : 0------------10---------1-
201     : ['locked_epoch1(node1)', 'transfer_epoch3(node0)', '~ep_epoch0(node0)', '~locked_epoch2(node0)']
232     : 0------------10----------1
232     : ['locked_epoch1(node1)', 'transfer_epoch3(node1)', '~ep_epoch0(node0)', '~locked_epoch2(node0)']
num_forall :   0
num_exists :   0
num_literals : 0
quantified form : None
qcost : 0


=== Prime Orbit 190 =====================
size : 4
num_suborbits: 2
235 (*) : -00---------1-----------1-
235     : ['locked_epoch1(node0)', 'transfer_epoch3(node0)', '~ep_epoch1(node0)', '~ep_epoch2(node0)']
224     : -00---------1------------1
224     : ['locked_epoch1(node0)', 'transfer_epoch3(node1)', '~ep_epoch1(node0)', '~ep_epoch2(node0)']
223     : -----00------1----------1-
223     : ['locked_epoch1(node1)', 'transfer_epoch3(node0)', '~ep_epoch1(node1)', '~ep_epoch2(node1)']
236     : -----00------1-----------1
236     : ['locked_epoch1(node1)', 'transfer_epoch3(node1)', '~ep_epoch1(node1)', '~ep_epoch2(node1)']
num_forall :   0
num_exists :   0
num_literals : 0
quantified form : None
qcost : 0


=== Prime Orbit 191 =====================
size : 4
num_suborbits: 2
237 (*) : -0----------1-0---------1-
237     : ['locked_epoch1(node0)', 'transfer_epoch3(node0)', '~ep_epoch1(node0)', '~locked_epoch2(node0)']
222     : -0----------1-0----------1
222     : ['locked_epoch1(node0)', 'transfer_epoch3(node1)', '~ep_epoch1(node0)', '~locked_epoch2(node0)']
221     : -----0-------1-0--------1-
221     : ['locked_epoch1(node1)', 'transfer_epoch3(node0)', '~ep_epoch1(node1)', '~locked_epoch2(node1)']
238     : -----0-------1-0---------1
238     : ['locked_epoch1(node1)', 'transfer_epoch3(node1)', '~ep_epoch1(node1)', '~locked_epoch2(node1)']
num_forall :   0
num_exists :   0
num_literals : 0
quantified form : None
qcost : 0


=== Prime Orbit 192 =====================
size : 2
num_suborbits: 1
423 (*) : ----0-00----1-------------
423     : ['locked_epoch1(node0)', '~ep_epoch0(node1)', '~ep_epoch2(node1)', '~ep_epoch3(node1)']
424     : 0-00---------1------------
424     : ['locked_epoch1(node1)', '~ep_epoch0(node0)', '~ep_epoch2(node0)', '~ep_epoch3(node0)']
num_forall :   0
num_exists :   0
num_literals : 0
quantified form : None
qcost : 0


=== Prime Orbit 193 =====================
size : 2
num_suborbits: 1
419 (*) : ----0-0--0--1-------------
419     : ['locked_epoch1(node0)', '~ep_epoch0(node1)', '~ep_epoch2(node1)', '~held(node1)']
420     : 0-0-----0----1------------
420     : ['locked_epoch1(node1)', '~ep_epoch0(node0)', '~ep_epoch2(node0)', '~held(node0)']
num_forall :   0
num_exists :   0
num_literals : 0
quantified form : None
qcost : 0


=== Prime Orbit 194 =====================
size : 2
num_suborbits: 1
421 (*) : ----0-0-----1----0--------
421     : ['locked_epoch1(node0)', '~ep_epoch0(node1)', '~ep_epoch2(node1)', '~locked_epoch3(node1)']
422     : 0-0----------1--0---------
422     : ['locked_epoch1(node1)', '~ep_epoch0(node0)', '~ep_epoch2(node0)', '~locked_epoch3(node0)']
num_forall :   0
num_exists :   0
num_literals : 0
quantified form : None
qcost : 0


=== Prime Orbit 195 =====================
size : 2
num_suborbits: 1
377 (*) : ----0--0----1--0----------
377     : ['locked_epoch1(node0)', '~ep_epoch0(node1)', '~ep_epoch3(node1)', '~locked_epoch2(node1)']
378     : 0--0---------10-----------
378     : ['locked_epoch1(node1)', '~ep_epoch0(node0)', '~ep_epoch3(node0)', '~locked_epoch2(node0)']
num_forall :   0
num_exists :   0
num_literals : 0
quantified form : None
qcost : 0


=== Prime Orbit 196 =====================
size : 2
num_suborbits: 1
381 (*) : ----0----0--1--0----------
381     : ['locked_epoch1(node0)', '~ep_epoch0(node1)', '~held(node1)', '~locked_epoch2(node1)']
382     : 0-------0----10-----------
382     : ['locked_epoch1(node1)', '~ep_epoch0(node0)', '~held(node0)', '~locked_epoch2(node0)']
num_forall :   0
num_exists :   0
num_literals : 0
quantified form : None
qcost : 0


=== Prime Orbit 197 =====================
size : 2
num_suborbits: 1
379 (*) : ----0-------1--0-0--------
379     : ['locked_epoch1(node0)', '~ep_epoch0(node1)', '~locked_epoch2(node1)', '~locked_epoch3(node1)']
380     : 0------------10-0---------
380     : ['locked_epoch1(node1)', '~ep_epoch0(node0)', '~locked_epoch2(node0)', '~locked_epoch3(node0)']
num_forall :   0
num_exists :   0
num_literals : 0
quantified form : None
qcost : 0


=== Prime Orbit 198 =====================
size : 2
num_suborbits: 1
399 (*) : -000--------1-------------
399     : ['locked_epoch1(node0)', '~ep_epoch1(node0)', '~ep_epoch2(node0)', '~ep_epoch3(node0)']
400     : -----000-----1------------
400     : ['locked_epoch1(node1)', '~ep_epoch1(node1)', '~ep_epoch2(node1)', '~ep_epoch3(node1)']
num_forall :   0
num_exists :   0
num_literals : 0
quantified form : None
qcost : 0


=== Prime Orbit 199 =====================
size : 2
num_suborbits: 1
401 (*) : -00-----0---1-------------
401     : ['locked_epoch1(node0)', '~ep_epoch1(node0)', '~ep_epoch2(node0)', '~held(node0)']
402     : -----00--0---1------------
402     : ['locked_epoch1(node1)', '~ep_epoch1(node1)', '~ep_epoch2(node1)', '~held(node1)']
num_forall :   0
num_exists :   0
num_literals : 0
quantified form : None
qcost : 0


=== Prime Orbit 200 =====================
size : 2
num_suborbits: 1
397 (*) : -00---------1---0---------
397     : ['locked_epoch1(node0)', '~ep_epoch1(node0)', '~ep_epoch2(node0)', '~locked_epoch3(node0)']
398     : -----00------1---0--------
398     : ['locked_epoch1(node1)', '~ep_epoch1(node1)', '~ep_epoch2(node1)', '~locked_epoch3(node1)']
num_forall :   0
num_exists :   0
num_literals : 0
quantified form : None
qcost : 0


=== Prime Orbit 201 =====================
size : 2
num_suborbits: 1
395 (*) : -0-0--------1-0-----------
395     : ['locked_epoch1(node0)', '~ep_epoch1(node0)', '~ep_epoch3(node0)', '~locked_epoch2(node0)']
396     : -----0-0-----1-0----------
396     : ['locked_epoch1(node1)', '~ep_epoch1(node1)', '~ep_epoch3(node1)', '~locked_epoch2(node1)']
num_forall :   0
num_exists :   0
num_literals : 0
quantified form : None
qcost : 0


=== Prime Orbit 202 =====================
size : 2
num_suborbits: 1
391 (*) : -0------0---1-0-----------
391     : ['locked_epoch1(node0)', '~ep_epoch1(node0)', '~held(node0)', '~locked_epoch2(node0)']
392     : -----0---0---1-0----------
392     : ['locked_epoch1(node1)', '~ep_epoch1(node1)', '~held(node1)', '~locked_epoch2(node1)']
num_forall :   0
num_exists :   0
num_literals : 0
quantified form : None
qcost : 0


=== Prime Orbit 203 =====================
size : 2
num_suborbits: 1
393 (*) : -0----------1-0-0---------
393     : ['locked_epoch1(node0)', '~ep_epoch1(node0)', '~locked_epoch2(node0)', '~locked_epoch3(node0)']
394     : -----0-------1-0-0--------
394     : ['locked_epoch1(node1)', '~ep_epoch1(node1)', '~locked_epoch2(node1)', '~locked_epoch3(node1)']
num_forall :   0
num_exists :   0
num_literals : 0
quantified form : None
qcost : 0


=== Prime Orbit 204 =====================
size : 2
num_suborbits: 1
349 (*) : ----00--------1-1---------
349     : ['locked_epoch2(node0)', 'locked_epoch3(node0)', '~ep_epoch0(node1)', '~ep_epoch1(node1)']
350     : 00-------------1-1--------
350     : ['locked_epoch2(node1)', 'locked_epoch3(node1)', '~ep_epoch0(node0)', '~ep_epoch1(node0)']
num_forall :   0
num_exists :   0
num_literals : 0
quantified form : None
qcost : 0


=== Prime Orbit 205 =====================
size : 2
num_suborbits: 1
353 (*) : ----0--------01-1---------
353     : ['locked_epoch2(node0)', 'locked_epoch3(node0)', '~ep_epoch0(node1)', '~locked_epoch1(node1)']
354     : 0-----------0--1-1--------
354     : ['locked_epoch2(node1)', 'locked_epoch3(node1)', '~ep_epoch0(node0)', '~locked_epoch1(node0)']
num_forall :   0
num_exists :   0
num_literals : 0
quantified form : None
qcost : 0


=== Prime Orbit 206 =====================
size : 2
num_suborbits: 1
347 (*) : -----0------0-1-1---------
347     : ['locked_epoch2(node0)', 'locked_epoch3(node0)', '~ep_epoch1(node1)', '~locked_epoch1(node0)']
348     : -0-----------0-1-1--------
348     : ['locked_epoch2(node1)', 'locked_epoch3(node1)', '~ep_epoch1(node0)', '~locked_epoch1(node1)']
num_forall :   0
num_exists :   0
num_literals : 0
quantified form : None
qcost : 0


=== Prime Orbit 207 =====================
size : 4
num_suborbits: 2
277 (*) : ----00--------1---------1-
277     : ['locked_epoch2(node0)', 'transfer_epoch3(node0)', '~ep_epoch0(node1)', '~ep_epoch1(node1)']
258     : ----00--------1----------1
258     : ['locked_epoch2(node0)', 'transfer_epoch3(node1)', '~ep_epoch0(node1)', '~ep_epoch1(node1)']
257     : 00-------------1--------1-
257     : ['locked_epoch2(node1)', 'transfer_epoch3(node0)', '~ep_epoch0(node0)', '~ep_epoch1(node0)']
278     : 00-------------1---------1
278     : ['locked_epoch2(node1)', 'transfer_epoch3(node1)', '~ep_epoch0(node0)', '~ep_epoch1(node0)']
num_forall :   0
num_exists :   0
num_literals : 0
quantified form : None
qcost : 0


=== Prime Orbit 208 =====================
size : 4
num_suborbits: 2
281 (*) : ----0--------01---------1-
281     : ['locked_epoch2(node0)', 'transfer_epoch3(node0)', '~ep_epoch0(node1)', '~locked_epoch1(node1)']
264     : ----0--------01----------1
264     : ['locked_epoch2(node0)', 'transfer_epoch3(node1)', '~ep_epoch0(node1)', '~locked_epoch1(node1)']
263     : 0-----------0--1--------1-
263     : ['locked_epoch2(node1)', 'transfer_epoch3(node0)', '~ep_epoch0(node0)', '~locked_epoch1(node0)']
282     : 0-----------0--1---------1
282     : ['locked_epoch2(node1)', 'transfer_epoch3(node1)', '~ep_epoch0(node0)', '~locked_epoch1(node0)']
num_forall :   0
num_exists :   0
num_literals : 0
quantified form : None
qcost : 0


=== Prime Orbit 209 =====================
size : 4
num_suborbits: 2
283 (*) : -----0------0-1---------1-
283     : ['locked_epoch2(node0)', 'transfer_epoch3(node0)', '~ep_epoch1(node1)', '~locked_epoch1(node0)']
262     : -----0------0-1----------1
262     : ['locked_epoch2(node0)', 'transfer_epoch3(node1)', '~ep_epoch1(node1)', '~locked_epoch1(node0)']
261     : -0-----------0-1--------1-
261     : ['locked_epoch2(node1)', 'transfer_epoch3(node0)', '~ep_epoch1(node0)', '~locked_epoch1(node1)']
284     : -0-----------0-1---------1
284     : ['locked_epoch2(node1)', 'transfer_epoch3(node1)', '~ep_epoch1(node0)', '~locked_epoch1(node1)']
num_forall :   0
num_exists :   0
num_literals : 0
quantified form : None
qcost : 0


=== Prime Orbit 210 =====================
size : 2
num_suborbits: 1
299 (*) : --0-00--------1-----------
299     : ['locked_epoch2(node0)', '~ep_epoch0(node1)', '~ep_epoch1(node1)', '~ep_epoch2(node0)']
300     : 00----0--------1----------
300     : ['locked_epoch2(node1)', '~ep_epoch0(node0)', '~ep_epoch1(node0)', '~ep_epoch2(node1)']
num_forall :   0
num_exists :   0
num_literals : 0
quantified form : None
qcost : 0


=== Prime Orbit 211 =====================
size : 2
num_suborbits: 1
327 (*) : ----00-0------1-----------
327     : ['locked_epoch2(node0)', '~ep_epoch0(node1)', '~ep_epoch1(node1)', '~ep_epoch3(node1)']
328     : 00-0-----------1----------
328     : ['locked_epoch2(node1)', '~ep_epoch0(node0)', '~ep_epoch1(node0)', '~ep_epoch3(node0)']
num_forall :   0
num_exists :   0
num_literals : 0
quantified form : None
qcost : 0


=== Prime Orbit 212 =====================
size : 2
num_suborbits: 1
329 (*) : ----00---0----1-----------
329     : ['locked_epoch2(node0)', '~ep_epoch0(node1)', '~ep_epoch1(node1)', '~held(node1)']
330     : 00------0------1----------
330     : ['locked_epoch2(node1)', '~ep_epoch0(node0)', '~ep_epoch1(node0)', '~held(node0)']
num_forall :   0
num_exists :   0
num_literals : 0
quantified form : None
qcost : 0


=== Prime Orbit 213 =====================
size : 2
num_suborbits: 1
325 (*) : ----00--------1--0--------
325     : ['locked_epoch2(node0)', '~ep_epoch0(node1)', '~ep_epoch1(node1)', '~locked_epoch3(node1)']
326     : 00-------------10---------
326     : ['locked_epoch2(node1)', '~ep_epoch0(node0)', '~ep_epoch1(node0)', '~locked_epoch3(node0)']
num_forall :   0
num_exists :   0
num_literals : 0
quantified form : None
qcost : 0


=== Prime Orbit 214 =====================
size : 2
num_suborbits: 1
303 (*) : --0-0--------01-----------
303     : ['locked_epoch2(node0)', '~ep_epoch0(node1)', '~ep_epoch2(node0)', '~locked_epoch1(node1)']
304     : 0-----0-----0--1----------
304     : ['locked_epoch2(node1)', '~ep_epoch0(node0)', '~ep_epoch2(node1)', '~locked_epoch1(node0)']
num_forall :   0
num_exists :   0
num_literals : 0
quantified form : None
qcost : 0


=== Prime Orbit 215 =====================
size : 2
num_suborbits: 1
305 (*) : ----0--0-----01-----------
305     : ['locked_epoch2(node0)', '~ep_epoch0(node1)', '~ep_epoch3(node1)', '~locked_epoch1(node1)']
306     : 0--0--------0--1----------
306     : ['locked_epoch2(node1)', '~ep_epoch0(node0)', '~ep_epoch3(node0)', '~locked_epoch1(node0)']
num_forall :   0
num_exists :   0
num_literals : 0
quantified form : None
qcost : 0


=== Prime Orbit 216 =====================
size : 2
num_suborbits: 1
309 (*) : ----0----0---01-----------
309     : ['locked_epoch2(node0)', '~ep_epoch0(node1)', '~held(node1)', '~locked_epoch1(node1)']
310     : 0-------0---0--1----------
310     : ['locked_epoch2(node1)', '~ep_epoch0(node0)', '~held(node0)', '~locked_epoch1(node0)']
num_forall :   0
num_exists :   0
num_literals : 0
quantified form : None
qcost : 0


=== Prime Orbit 217 =====================
size : 2
num_suborbits: 1
307 (*) : ----0--------01--0--------
307     : ['locked_epoch2(node0)', '~ep_epoch0(node1)', '~locked_epoch1(node1)', '~locked_epoch3(node1)']
308     : 0-----------0--10---------
308     : ['locked_epoch2(node1)', '~ep_epoch0(node0)', '~locked_epoch1(node0)', '~locked_epoch3(node0)']
num_forall :   0
num_exists :   0
num_literals : 0
quantified form : None
qcost : 0


=== Prime Orbit 218 =====================
size : 2
num_suborbits: 1
297 (*) : --0--0------0-1-----------
297     : ['locked_epoch2(node0)', '~ep_epoch1(node1)', '~ep_epoch2(node0)', '~locked_epoch1(node0)']
298     : -0----0------0-1----------
298     : ['locked_epoch2(node1)', '~ep_epoch1(node0)', '~ep_epoch2(node1)', '~locked_epoch1(node1)']
num_forall :   0
num_exists :   0
num_literals : 0
quantified form : None
qcost : 0


=== Prime Orbit 219 =====================
size : 2
num_suborbits: 1
315 (*) : -----0-0----0-1-----------
315     : ['locked_epoch2(node0)', '~ep_epoch1(node1)', '~ep_epoch3(node1)', '~locked_epoch1(node0)']
316     : -0-0---------0-1----------
316     : ['locked_epoch2(node1)', '~ep_epoch1(node0)', '~ep_epoch3(node0)', '~locked_epoch1(node1)']
num_forall :   0
num_exists :   0
num_literals : 0
quantified form : None
qcost : 0


=== Prime Orbit 220 =====================
size : 2
num_suborbits: 1
317 (*) : -----0---0--0-1-----------
317     : ['locked_epoch2(node0)', '~ep_epoch1(node1)', '~held(node1)', '~locked_epoch1(node0)']
318     : -0------0----0-1----------
318     : ['locked_epoch2(node1)', '~ep_epoch1(node0)', '~held(node0)', '~locked_epoch1(node1)']
num_forall :   0
num_exists :   0
num_literals : 0
quantified form : None
qcost : 0


=== Prime Orbit 221 =====================
size : 2
num_suborbits: 1
313 (*) : -----0------0-1--0--------
313     : ['locked_epoch2(node0)', '~ep_epoch1(node1)', '~locked_epoch1(node0)', '~locked_epoch3(node1)']
314     : -0-----------0-10---------
314     : ['locked_epoch2(node1)', '~ep_epoch1(node0)', '~locked_epoch1(node1)', '~locked_epoch3(node0)']
num_forall :   0
num_exists :   0
num_literals : 0
quantified form : None
qcost : 0


=== Prime Orbit 222 =====================
size : 2
num_suborbits: 1
365 (*) : ----000---------1---------
365     : ['locked_epoch3(node0)', '~ep_epoch0(node1)', '~ep_epoch1(node1)', '~ep_epoch2(node1)']
366     : 000--------------1--------
366     : ['locked_epoch3(node1)', '~ep_epoch0(node0)', '~ep_epoch1(node0)', '~ep_epoch2(node0)']
num_forall :   0
num_exists :   0
num_literals : 0
quantified form : None
qcost : 0


=== Prime Orbit 223 =====================
size : 2
num_suborbits: 1
361 (*) : ----00---------01---------
361     : ['locked_epoch3(node0)', '~ep_epoch0(node1)', '~ep_epoch1(node1)', '~locked_epoch2(node1)']
362     : 00------------0--1--------
362     : ['locked_epoch3(node1)', '~ep_epoch0(node0)', '~ep_epoch1(node0)', '~locked_epoch2(node0)']
num_forall :   0
num_exists :   0
num_literals : 0
quantified form : None
qcost : 0


=== Prime Orbit 224 =====================
size : 2
num_suborbits: 1
367 (*) : ----0-0------0--1---------
367     : ['locked_epoch3(node0)', '~ep_epoch0(node1)', '~ep_epoch2(node1)', '~locked_epoch1(node1)']
368     : 0-0---------0----1--------
368     : ['locked_epoch3(node1)', '~ep_epoch0(node0)', '~ep_epoch2(node0)', '~locked_epoch1(node0)']
num_forall :   0
num_exists :   0
num_literals : 0
quantified form : None
qcost : 0


=== Prime Orbit 225 =====================
size : 2
num_suborbits: 1
363 (*) : ----0--------0-01---------
363     : ['locked_epoch3(node0)', '~ep_epoch0(node1)', '~locked_epoch1(node1)', '~locked_epoch2(node1)']
364     : 0-----------0-0--1--------
364     : ['locked_epoch3(node1)', '~ep_epoch0(node0)', '~locked_epoch1(node0)', '~locked_epoch2(node0)']
num_forall :   0
num_exists :   0
num_literals : 0
quantified form : None
qcost : 0


=== Prime Orbit 226 =====================
size : 2
num_suborbits: 1
375 (*) : -----00-----0---1---------
375     : ['locked_epoch3(node0)', '~ep_epoch1(node1)', '~ep_epoch2(node1)', '~locked_epoch1(node0)']
376     : -00----------0---1--------
376     : ['locked_epoch3(node1)', '~ep_epoch1(node0)', '~ep_epoch2(node0)', '~locked_epoch1(node1)']
num_forall :   0
num_exists :   0
num_literals : 0
quantified form : None
qcost : 0


=== Prime Orbit 227 =====================
size : 2
num_suborbits: 1
373 (*) : -----0------0--01---------
373     : ['locked_epoch3(node0)', '~ep_epoch1(node1)', '~locked_epoch1(node0)', '~locked_epoch2(node1)']
374     : -0-----------00--1--------
374     : ['locked_epoch3(node1)', '~ep_epoch1(node0)', '~locked_epoch1(node1)', '~locked_epoch2(node0)']
num_forall :   0
num_exists :   0
num_literals : 0
quantified form : None
qcost : 0


=== Prime Orbit 228 =====================
size : 4
num_suborbits: 2
195 (*) : 000---------------------1-
195     : ['transfer_epoch3(node0)', '~ep_epoch0(node0)', '~ep_epoch1(node0)', '~ep_epoch2(node0)']
211     : ----000-----------------1-
211     : ['transfer_epoch3(node0)', '~ep_epoch0(node1)', '~ep_epoch1(node1)', '~ep_epoch2(node1)']
212     : 000----------------------1
212     : ['transfer_epoch3(node1)', '~ep_epoch0(node0)', '~ep_epoch1(node0)', '~ep_epoch2(node0)']
196     : ----000------------------1
196     : ['transfer_epoch3(node1)', '~ep_epoch0(node1)', '~ep_epoch1(node1)', '~ep_epoch2(node1)']
num_forall :   0
num_exists :   0
num_literals : 0
quantified form : None
qcost : 0


=== Prime Orbit 229 =====================
size : 4
num_suborbits: 2
197 (*) : 00------------0---------1-
197     : ['transfer_epoch3(node0)', '~ep_epoch0(node0)', '~ep_epoch1(node0)', '~locked_epoch2(node0)']
209     : ----00---------0--------1-
209     : ['transfer_epoch3(node0)', '~ep_epoch0(node1)', '~ep_epoch1(node1)', '~locked_epoch2(node1)']
210     : 00------------0----------1
210     : ['transfer_epoch3(node1)', '~ep_epoch0(node0)', '~ep_epoch1(node0)', '~locked_epoch2(node0)']
198     : ----00---------0---------1
198     : ['transfer_epoch3(node1)', '~ep_epoch0(node1)', '~ep_epoch1(node1)', '~locked_epoch2(node1)']
num_forall :   0
num_exists :   0
num_literals : 0
quantified form : None
qcost : 0


=== Prime Orbit 230 =====================
size : 4
num_suborbits: 2
213 (*) : 0----0------0-----------1-
213     : ['transfer_epoch3(node0)', '~ep_epoch0(node0)', '~ep_epoch1(node1)', '~locked_epoch1(node0)']
247     : -0--0--------0----------1-
247     : ['transfer_epoch3(node0)', '~ep_epoch0(node1)', '~ep_epoch1(node0)', '~locked_epoch1(node1)']
248     : 0----0------0------------1
248     : ['transfer_epoch3(node1)', '~ep_epoch0(node0)', '~ep_epoch1(node1)', '~locked_epoch1(node0)']
214     : -0--0--------0-----------1
214     : ['transfer_epoch3(node1)', '~ep_epoch0(node1)', '~ep_epoch1(node0)', '~locked_epoch1(node1)']
num_forall :   0
num_exists :   0
num_literals : 0
quantified form : None
qcost : 0


=== Prime Orbit 231 =====================
size : 4
num_suborbits: 2
191 (*) : 0-0---------0-----------1-
191     : ['transfer_epoch3(node0)', '~ep_epoch0(node0)', '~ep_epoch2(node0)', '~locked_epoch1(node0)']
249     : ----0-0------0----------1-
249     : ['transfer_epoch3(node0)', '~ep_epoch0(node1)', '~ep_epoch2(node1)', '~locked_epoch1(node1)']
250     : 0-0---------0------------1
250     : ['transfer_epoch3(node1)', '~ep_epoch0(node0)', '~ep_epoch2(node0)', '~locked_epoch1(node0)']
192     : ----0-0------0-----------1
192     : ['transfer_epoch3(node1)', '~ep_epoch0(node1)', '~ep_epoch2(node1)', '~locked_epoch1(node1)']
num_forall :   0
num_exists :   0
num_literals : 0
quantified form : None
qcost : 0


=== Prime Orbit 232 =====================
size : 4
num_suborbits: 2
199 (*) : 0-----------0-0---------1-
199     : ['transfer_epoch3(node0)', '~ep_epoch0(node0)', '~locked_epoch1(node0)', '~locked_epoch2(node0)']
251     : ----0--------0-0--------1-
251     : ['transfer_epoch3(node0)', '~ep_epoch0(node1)', '~locked_epoch1(node1)', '~locked_epoch2(node1)']
252     : 0-----------0-0----------1
252     : ['transfer_epoch3(node1)', '~ep_epoch0(node0)', '~locked_epoch1(node0)', '~locked_epoch2(node0)']
200     : ----0--------0-0---------1
200     : ['transfer_epoch3(node1)', '~ep_epoch0(node1)', '~locked_epoch1(node1)', '~locked_epoch2(node1)']
num_forall :   0
num_exists :   0
num_literals : 0
quantified form : None
qcost : 0


=== Prime Orbit 233 =====================
size : 4
num_suborbits: 2
243 (*) : -00----------0----------1-
243     : ['transfer_epoch3(node0)', '~ep_epoch1(node0)', '~ep_epoch2(node0)', '~locked_epoch1(node1)']
217     : -----00-----0-----------1-
217     : ['transfer_epoch3(node0)', '~ep_epoch1(node1)', '~ep_epoch2(node1)', '~locked_epoch1(node0)']
218     : -00----------0-----------1
218     : ['transfer_epoch3(node1)', '~ep_epoch1(node0)', '~ep_epoch2(node0)', '~locked_epoch1(node1)']
244     : -----00-----0------------1
244     : ['transfer_epoch3(node1)', '~ep_epoch1(node1)', '~ep_epoch2(node1)', '~locked_epoch1(node0)']
num_forall :   0
num_exists :   0
num_literals : 0
quantified form : None
qcost : 0


=== Prime Orbit 234 =====================
size : 4
num_suborbits: 2
245 (*) : -0-----------00---------1-
245     : ['transfer_epoch3(node0)', '~ep_epoch1(node0)', '~locked_epoch1(node1)', '~locked_epoch2(node0)']
219     : -----0------0--0--------1-
219     : ['transfer_epoch3(node0)', '~ep_epoch1(node1)', '~locked_epoch1(node0)', '~locked_epoch2(node1)']
220     : -0-----------00----------1
220     : ['transfer_epoch3(node1)', '~ep_epoch1(node0)', '~locked_epoch1(node1)', '~locked_epoch2(node0)']
246     : -----0------0--0---------1
246     : ['transfer_epoch3(node1)', '~ep_epoch1(node1)', '~locked_epoch1(node0)', '~locked_epoch2(node1)']
num_forall :   0
num_exists :   0
num_literals : 0
quantified form : None
qcost : 0


=== Prime Orbit 235 =====================
size : 2
num_suborbits: 1
445 (*) : 0000----------------------
445     : ['~ep_epoch0(node0)', '~ep_epoch1(node0)', '~ep_epoch2(node0)', '~ep_epoch3(node0)']
446     : ----0000------------------
446     : ['~ep_epoch0(node1)', '~ep_epoch1(node1)', '~ep_epoch2(node1)', '~ep_epoch3(node1)']
num_forall :   0
num_exists :   0
num_literals : 0
quantified form : None
qcost : 0


=== Prime Orbit 236 =====================
size : 2
num_suborbits: 1
479 (*) : 000-----0-----------------
479     : ['~ep_epoch0(node0)', '~ep_epoch1(node0)', '~ep_epoch2(node0)', '~held(node0)']
480     : ----000--0----------------
480     : ['~ep_epoch0(node1)', '~ep_epoch1(node1)', '~ep_epoch2(node1)', '~held(node1)']
num_forall :   0
num_exists :   0
num_literals : 0
quantified form : None
qcost : 0


=== Prime Orbit 237 =====================
size : 2
num_suborbits: 1
469 (*) : 000-------------0---------
469     : ['~ep_epoch0(node0)', '~ep_epoch1(node0)', '~ep_epoch2(node0)', '~locked_epoch3(node0)']
470     : ----000----------0--------
470     : ['~ep_epoch0(node1)', '~ep_epoch1(node1)', '~ep_epoch2(node1)', '~locked_epoch3(node1)']
num_forall :   0
num_exists :   0
num_literals : 0
quantified form : None
qcost : 0


=== Prime Orbit 238 =====================
size : 2
num_suborbits: 1
447 (*) : 00-0----------0-----------
447     : ['~ep_epoch0(node0)', '~ep_epoch1(node0)', '~ep_epoch3(node0)', '~locked_epoch2(node0)']
448     : ----00-0-------0----------
448     : ['~ep_epoch0(node1)', '~ep_epoch1(node1)', '~ep_epoch3(node1)', '~locked_epoch2(node1)']
num_forall :   0
num_exists :   0
num_literals : 0
quantified form : None
qcost : 0


=== Prime Orbit 239 =====================
size : 2
num_suborbits: 1
477 (*) : 00------0-----0-----------
477     : ['~ep_epoch0(node0)', '~ep_epoch1(node0)', '~held(node0)', '~locked_epoch2(node0)']
478     : ----00---0-----0----------
478     : ['~ep_epoch0(node1)', '~ep_epoch1(node1)', '~held(node1)', '~locked_epoch2(node1)']
num_forall :   0
num_exists :   0
num_literals : 0
quantified form : None
qcost : 0


=== Prime Orbit 240 =====================
size : 2
num_suborbits: 1
473 (*) : 00------------0-0---------
473     : ['~ep_epoch0(node0)', '~ep_epoch1(node0)', '~locked_epoch2(node0)', '~locked_epoch3(node0)']
474     : ----00---------0-0--------
474     : ['~ep_epoch0(node1)', '~ep_epoch1(node1)', '~locked_epoch2(node1)', '~locked_epoch3(node1)']
num_forall :   0
num_exists :   0
num_literals : 0
quantified form : None
qcost : 0


=== Prime Orbit 241 =====================
size : 2
num_suborbits: 1
564 (*) : 0-00--------0-------------
564     : ['~ep_epoch0(node0)', '~ep_epoch2(node0)', '~ep_epoch3(node0)', '~locked_epoch1(node0)']
563     : ----0-00-----0------------
563     : ['~ep_epoch0(node1)', '~ep_epoch2(node1)', '~ep_epoch3(node1)', '~locked_epoch1(node1)']
num_forall :   0
num_exists :   0
num_literals : 0
quantified form : None
qcost : 0


=== Prime Orbit 242 =====================
size : 2
num_suborbits: 1
558 (*) : 0-0-----0---0-------------
558     : ['~ep_epoch0(node0)', '~ep_epoch2(node0)', '~held(node0)', '~locked_epoch1(node0)']
557     : ----0-0--0---0------------
557     : ['~ep_epoch0(node1)', '~ep_epoch2(node1)', '~held(node1)', '~locked_epoch1(node1)']
num_forall :   0
num_exists :   0
num_literals : 0
quantified form : None
qcost : 0


=== Prime Orbit 243 =====================
size : 2
num_suborbits: 1
560 (*) : 0-0---------0---0---------
560     : ['~ep_epoch0(node0)', '~ep_epoch2(node0)', '~locked_epoch1(node0)', '~locked_epoch3(node0)']
559     : ----0-0------0---0--------
559     : ['~ep_epoch0(node1)', '~ep_epoch2(node1)', '~locked_epoch1(node1)', '~locked_epoch3(node1)']
num_forall :   0
num_exists :   0
num_literals : 0
quantified form : None
qcost : 0


=== Prime Orbit 244 =====================
size : 2
num_suborbits: 1
546 (*) : 0--0--------0-0-----------
546     : ['~ep_epoch0(node0)', '~ep_epoch3(node0)', '~locked_epoch1(node0)', '~locked_epoch2(node0)']
545     : ----0--0-----0-0----------
545     : ['~ep_epoch0(node1)', '~ep_epoch3(node1)', '~locked_epoch1(node1)', '~locked_epoch2(node1)']
num_forall :   0
num_exists :   0
num_literals : 0
quantified form : None
qcost : 0


=== Prime Orbit 245 =====================
size : 2
num_suborbits: 1
550 (*) : 0-------0---0-0-----------
550     : ['~ep_epoch0(node0)', '~held(node0)', '~locked_epoch1(node0)', '~locked_epoch2(node0)']
549     : ----0----0---0-0----------
549     : ['~ep_epoch0(node1)', '~held(node1)', '~locked_epoch1(node1)', '~locked_epoch2(node1)']
num_forall :   0
num_exists :   0
num_literals : 0
quantified form : None
qcost : 0


=== Prime Orbit 246 =====================
size : 2
num_suborbits: 1
548 (*) : 0-----------0-0-0---------
548     : ['~ep_epoch0(node0)', '~locked_epoch1(node0)', '~locked_epoch2(node0)', '~locked_epoch3(node0)']
547     : ----0--------0-0-0--------
547     : ['~ep_epoch0(node1)', '~locked_epoch1(node1)', '~locked_epoch2(node1)', '~locked_epoch3(node1)']
num_forall :   0
num_exists :   0
num_literals : 0
quantified form : None
qcost : 0


=== Prime Orbit 247 =====================
size : 2
num_suborbits: 1
449 (*) : -000---------0------------
449     : ['~ep_epoch1(node0)', '~ep_epoch2(node0)', '~ep_epoch3(node0)', '~locked_epoch1(node1)']
450     : -----000----0-------------
450     : ['~ep_epoch1(node1)', '~ep_epoch2(node1)', '~ep_epoch3(node1)', '~locked_epoch1(node0)']
num_forall :   0
num_exists :   0
num_literals : 0
quantified form : None
qcost : 0


=== Prime Orbit 248 =====================
size : 2
num_suborbits: 1
481 (*) : -00-----0----0------------
481     : ['~ep_epoch1(node0)', '~ep_epoch2(node0)', '~held(node0)', '~locked_epoch1(node1)']
482     : -----00--0--0-------------
482     : ['~ep_epoch1(node1)', '~ep_epoch2(node1)', '~held(node1)', '~locked_epoch1(node0)']
num_forall :   0
num_exists :   0
num_literals : 0
quantified form : None
qcost : 0


=== Prime Orbit 249 =====================
size : 2
num_suborbits: 1
465 (*) : -00----------0--0---------
465     : ['~ep_epoch1(node0)', '~ep_epoch2(node0)', '~locked_epoch1(node1)', '~locked_epoch3(node0)']
466     : -----00-----0----0--------
466     : ['~ep_epoch1(node1)', '~ep_epoch2(node1)', '~locked_epoch1(node0)', '~locked_epoch3(node1)']
num_forall :   0
num_exists :   0
num_literals : 0
quantified form : None
qcost : 0


=== Prime Orbit 250 =====================
size : 2
num_suborbits: 1
451 (*) : -0-0---------00-----------
451     : ['~ep_epoch1(node0)', '~ep_epoch3(node0)', '~locked_epoch1(node1)', '~locked_epoch2(node0)']
452     : -----0-0----0--0----------
452     : ['~ep_epoch1(node1)', '~ep_epoch3(node1)', '~locked_epoch1(node0)', '~locked_epoch2(node1)']
num_forall :   0
num_exists :   0
num_literals : 0
quantified form : None
qcost : 0


=== Prime Orbit 251 =====================
size : 2
num_suborbits: 1
483 (*) : -0------0----00-----------
483     : ['~ep_epoch1(node0)', '~held(node0)', '~locked_epoch1(node1)', '~locked_epoch2(node0)']
484     : -----0---0--0--0----------
484     : ['~ep_epoch1(node1)', '~held(node1)', '~locked_epoch1(node0)', '~locked_epoch2(node1)']
num_forall :   0
num_exists :   0
num_literals : 0
quantified form : None
qcost : 0


=== Prime Orbit 252 =====================
size : 2
num_suborbits: 1
467 (*) : -0-----------00-0---------
467     : ['~ep_epoch1(node0)', '~locked_epoch1(node1)', '~locked_epoch2(node0)', '~locked_epoch3(node0)']
468     : -----0------0--0-0--------
468     : ['~ep_epoch1(node1)', '~locked_epoch1(node0)', '~locked_epoch2(node1)', '~locked_epoch3(node1)']
num_forall :   0
num_exists :   0
num_literals : 0
quantified form : None
qcost : 0


=== Prime Orbit 253 =====================
size : 2
num_suborbits: 1
674 (*) : 1-----1--0--------------00
674     : ['ep_epoch0(node0)', 'ep_epoch2(node1)', '~held(node1)', '~transfer_epoch3(node0)', '~transfer_epoch3(node1)']
673     : --1-1---0---------------00
673     : ['ep_epoch0(node1)', 'ep_epoch2(node0)', '~held(node0)', '~transfer_epoch3(node0)', '~transfer_epoch3(node1)']
num_forall :   0
num_exists :   0
num_literals : 0
quantified form : None
qcost : 0


=== Prime Orbit 254 =====================
size : 2
num_suborbits: 1
604 (*) : 1--------0-----1--------00
604     : ['ep_epoch0(node0)', 'locked_epoch2(node1)', '~held(node1)', '~transfer_epoch3(node0)', '~transfer_epoch3(node1)']
603     : ----1---0-----1---------00
603     : ['ep_epoch0(node1)', 'locked_epoch2(node0)', '~held(node0)', '~transfer_epoch3(node0)', '~transfer_epoch3(node1)']
num_forall :   0
num_exists :   0
num_literals : 0
quantified form : None
qcost : 0


=== Prime Orbit 255 =====================
size : 2
num_suborbits: 1
662 (*) : 1----0---0--------------00
662     : ['ep_epoch0(node0)', '~ep_epoch1(node1)', '~held(node1)', '~transfer_epoch3(node0)', '~transfer_epoch3(node1)']
661     : -0--1---0---------------00
661     : ['ep_epoch0(node1)', '~ep_epoch1(node0)', '~held(node0)', '~transfer_epoch3(node0)', '~transfer_epoch3(node1)']
num_forall :   0
num_exists :   0
num_literals : 0
quantified form : None
qcost : 0


=== Prime Orbit 256 =====================
size : 2
num_suborbits: 1
672 (*) : -1----1--0--------------00
672     : ['ep_epoch1(node0)', 'ep_epoch2(node1)', '~held(node1)', '~transfer_epoch3(node0)', '~transfer_epoch3(node1)']
671     : --1--1--0---------------00
671     : ['ep_epoch1(node1)', 'ep_epoch2(node0)', '~held(node0)', '~transfer_epoch3(node0)', '~transfer_epoch3(node1)']
num_forall :   0
num_exists :   0
num_literals : 0
quantified form : None
qcost : 0


=== Prime Orbit 257 =====================
size : 2
num_suborbits: 1
584 (*) : -1-------0-----1--------00
584     : ['ep_epoch1(node0)', 'locked_epoch2(node1)', '~held(node1)', '~transfer_epoch3(node0)', '~transfer_epoch3(node1)']
583     : -----1--0-----1---------00
583     : ['ep_epoch1(node1)', 'locked_epoch2(node0)', '~held(node0)', '~transfer_epoch3(node0)', '~transfer_epoch3(node1)']
num_forall :   0
num_exists :   0
num_literals : 0
quantified form : None
qcost : 0


=== Prime Orbit 258 =====================
size : 2
num_suborbits: 1
582 (*) : -1--0----0--------------00
582     : ['ep_epoch1(node0)', '~ep_epoch0(node1)', '~held(node1)', '~transfer_epoch3(node0)', '~transfer_epoch3(node1)']
581     : 0----1--0---------------00
581     : ['ep_epoch1(node1)', '~ep_epoch0(node0)', '~held(node0)', '~transfer_epoch3(node0)', '~transfer_epoch3(node1)']
num_forall :   0
num_exists :   0
num_literals : 0
quantified form : None
qcost : 0


=== Prime Orbit 259 =====================
size : 2
num_suborbits: 1
667 (*) : --1----00---------------00
667     : ['ep_epoch2(node0)', '~ep_epoch3(node1)', '~held(node0)', '~transfer_epoch3(node0)', '~transfer_epoch3(node1)']
668     : ---0--1--0--------------00
668     : ['ep_epoch2(node1)', '~ep_epoch3(node0)', '~held(node1)', '~transfer_epoch3(node0)', '~transfer_epoch3(node1)']
num_forall :   0
num_exists :   0
num_literals : 0
quantified form : None
qcost : 0


=== Prime Orbit 260 =====================
size : 2
num_suborbits: 1
669 (*) : --1-----00--------------00
669     : ['ep_epoch2(node0)', '~held(node0)', '~held(node1)', '~transfer_epoch3(node0)', '~transfer_epoch3(node1)']
670     : ------1-00--------------00
670     : ['ep_epoch2(node1)', '~held(node0)', '~held(node1)', '~transfer_epoch3(node0)', '~transfer_epoch3(node1)']
num_forall :   0
num_exists :   0
num_literals : 0
quantified form : None
qcost : 0


=== Prime Orbit 261 =====================
size : 2
num_suborbits: 1
665 (*) : --1-----0--------0------00
665     : ['ep_epoch2(node0)', '~held(node0)', '~locked_epoch3(node1)', '~transfer_epoch3(node0)', '~transfer_epoch3(node1)']
666     : ------1--0------0-------00
666     : ['ep_epoch2(node1)', '~held(node1)', '~locked_epoch3(node0)', '~transfer_epoch3(node0)', '~transfer_epoch3(node1)']
num_forall :   0
num_exists :   0
num_literals : 0
quantified form : None
qcost : 0


=== Prime Orbit 262 =====================
size : 2
num_suborbits: 1
642 (*) : -00-0-0-----1-------------
642     : ['locked_epoch1(node0)', '~ep_epoch0(node1)', '~ep_epoch1(node0)', '~ep_epoch2(node0)', '~ep_epoch2(node1)']
641     : 0-0--00------1------------
641     : ['locked_epoch1(node1)', '~ep_epoch0(node0)', '~ep_epoch1(node1)', '~ep_epoch2(node0)', '~ep_epoch2(node1)']
num_forall :   0
num_exists :   0
num_literals : 0
quantified form : None
qcost : 0


=== Prime Orbit 263 =====================
size : 4
num_suborbits: 2
617 (*) : -00-0-------1--0----------
617     : ['locked_epoch1(node0)', '~ep_epoch0(node1)', '~ep_epoch1(node0)', '~ep_epoch2(node0)', '~locked_epoch2(node1)']
622     : -0--0-0-----1-0-----------
622     : ['locked_epoch1(node0)', '~ep_epoch0(node1)', '~ep_epoch1(node0)', '~ep_epoch2(node1)', '~locked_epoch2(node0)']
621     : 0-0--0-------1-0----------
621     : ['locked_epoch1(node1)', '~ep_epoch0(node0)', '~ep_epoch1(node1)', '~ep_epoch2(node0)', '~locked_epoch2(node1)']
618     : 0----00------10-----------
618     : ['locked_epoch1(node1)', '~ep_epoch0(node0)', '~ep_epoch1(node1)', '~ep_epoch2(node1)', '~locked_epoch2(node0)']
num_forall :   0
num_exists :   0
num_literals : 0
quantified form : None
qcost : 0


=== Prime Orbit 264 =====================
size : 2
num_suborbits: 1
630 (*) : -0-00--0----1-------------
630     : ['locked_epoch1(node0)', '~ep_epoch0(node1)', '~ep_epoch1(node0)', '~ep_epoch3(node0)', '~ep_epoch3(node1)']
629     : 0--0-0-0-----1------------
629     : ['locked_epoch1(node1)', '~ep_epoch0(node0)', '~ep_epoch1(node1)', '~ep_epoch3(node0)', '~ep_epoch3(node1)']
num_forall :   0
num_exists :   0
num_literals : 0
quantified form : None
qcost : 0


=== Prime Orbit 265 =====================
size : 4
num_suborbits: 2
634 (*) : -0-00----0--1-------------
634     : ['locked_epoch1(node0)', '~ep_epoch0(node1)', '~ep_epoch1(node0)', '~ep_epoch3(node0)', '~held(node1)']
632     : -0--0--00---1-------------
632     : ['locked_epoch1(node0)', '~ep_epoch0(node1)', '~ep_epoch1(node0)', '~ep_epoch3(node1)', '~held(node0)']
631     : 0--0-0---0---1------------
631     : ['locked_epoch1(node1)', '~ep_epoch0(node0)', '~ep_epoch1(node1)', '~ep_epoch3(node0)', '~held(node1)']
633     : 0----0-00----1------------
633     : ['locked_epoch1(node1)', '~ep_epoch0(node0)', '~ep_epoch1(node1)', '~ep_epoch3(node1)', '~held(node0)']
num_forall :   0
num_exists :   0
num_literals : 0
quantified form : None
qcost : 0


=== Prime Orbit 266 =====================
size : 4
num_suborbits: 2
636 (*) : -0-00-------1----0--------
636     : ['locked_epoch1(node0)', '~ep_epoch0(node1)', '~ep_epoch1(node0)', '~ep_epoch3(node0)', '~locked_epoch3(node1)']
624     : -0--0--0----1---0---------
624     : ['locked_epoch1(node0)', '~ep_epoch0(node1)', '~ep_epoch1(node0)', '~ep_epoch3(node1)', '~locked_epoch3(node0)']
623     : 0--0-0-------1---0--------
623     : ['locked_epoch1(node1)', '~ep_epoch0(node0)', '~ep_epoch1(node1)', '~ep_epoch3(node0)', '~locked_epoch3(node1)']
635     : 0----0-0-----1--0---------
635     : ['locked_epoch1(node1)', '~ep_epoch0(node0)', '~ep_epoch1(node1)', '~ep_epoch3(node1)', '~locked_epoch3(node0)']
num_forall :   0
num_exists :   0
num_literals : 0
quantified form : None
qcost : 0


=== Prime Orbit 267 =====================
size : 2
num_suborbits: 1
640 (*) : -0--0---00--1-------------
640     : ['locked_epoch1(node0)', '~ep_epoch0(node1)', '~ep_epoch1(node0)', '~held(node0)', '~held(node1)']
639     : 0----0--00---1------------
639     : ['locked_epoch1(node1)', '~ep_epoch0(node0)', '~ep_epoch1(node1)', '~held(node0)', '~held(node1)']
num_forall :   0
num_exists :   0
num_literals : 0
quantified form : None
qcost : 0


=== Prime Orbit 268 =====================
size : 4
num_suborbits: 2
638 (*) : -0--0---0---1----0--------
638     : ['locked_epoch1(node0)', '~ep_epoch0(node1)', '~ep_epoch1(node0)', '~held(node0)', '~locked_epoch3(node1)']
628     : -0--0----0--1---0---------
628     : ['locked_epoch1(node0)', '~ep_epoch0(node1)', '~ep_epoch1(node0)', '~held(node1)', '~locked_epoch3(node0)']
627     : 0----0--0----1---0--------
627     : ['locked_epoch1(node1)', '~ep_epoch0(node0)', '~ep_epoch1(node1)', '~held(node0)', '~locked_epoch3(node1)']
637     : 0----0---0---1--0---------
637     : ['locked_epoch1(node1)', '~ep_epoch0(node0)', '~ep_epoch1(node1)', '~held(node1)', '~locked_epoch3(node0)']
num_forall :   0
num_exists :   0
num_literals : 0
quantified form : None
qcost : 0


=== Prime Orbit 269 =====================
size : 2
num_suborbits: 1
613 (*) : -0--0-------1-00----------
613     : ['locked_epoch1(node0)', '~ep_epoch0(node1)', '~ep_epoch1(node0)', '~locked_epoch2(node0)', '~locked_epoch2(node1)']
614     : 0----0-------100----------
614     : ['locked_epoch1(node1)', '~ep_epoch0(node0)', '~ep_epoch1(node1)', '~locked_epoch2(node0)', '~locked_epoch2(node1)']
num_forall :   0
num_exists :   0
num_literals : 0
quantified form : None
qcost : 0


=== Prime Orbit 270 =====================
size : 2
num_suborbits: 1
626 (*) : -0--0-------1---00--------
626     : ['locked_epoch1(node0)', '~ep_epoch0(node1)', '~ep_epoch1(node0)', '~locked_epoch3(node0)', '~locked_epoch3(node1)']
625     : 0----0-------1--00--------
625     : ['locked_epoch1(node1)', '~ep_epoch0(node0)', '~ep_epoch1(node1)', '~locked_epoch3(node0)', '~locked_epoch3(node1)']
num_forall :   0
num_exists :   0
num_literals : 0
quantified form : None
qcost : 0


=== Prime Orbit 271 =====================
size : 2
num_suborbits: 1
609 (*) : -------00-----1---------00
609     : ['locked_epoch2(node0)', '~ep_epoch3(node1)', '~held(node0)', '~transfer_epoch3(node0)', '~transfer_epoch3(node1)']
610     : ---0-----0-----1--------00
610     : ['locked_epoch2(node1)', '~ep_epoch3(node0)', '~held(node1)', '~transfer_epoch3(node0)', '~transfer_epoch3(node1)']
num_forall :   0
num_exists :   0
num_literals : 0
quantified form : None
qcost : 0


=== Prime Orbit 272 =====================
size : 2
num_suborbits: 1
607 (*) : --------00----1---------00
607     : ['locked_epoch2(node0)', '~held(node0)', '~held(node1)', '~transfer_epoch3(node0)', '~transfer_epoch3(node1)']
608     : --------00-----1--------00
608     : ['locked_epoch2(node1)', '~held(node0)', '~held(node1)', '~transfer_epoch3(node0)', '~transfer_epoch3(node1)']
num_forall :   0
num_exists :   0
num_literals : 0
quantified form : None
qcost : 0


=== Prime Orbit 273 =====================
size : 2
num_suborbits: 1
605 (*) : --------0-----1--0------00
605     : ['locked_epoch2(node0)', '~held(node0)', '~locked_epoch3(node1)', '~transfer_epoch3(node0)', '~transfer_epoch3(node1)']
606     : ---------0-----10-------00
606     : ['locked_epoch2(node1)', '~held(node1)', '~locked_epoch3(node0)', '~transfer_epoch3(node0)', '~transfer_epoch3(node1)']
num_forall :   0
num_exists :   0
num_literals : 0
quantified form : None
qcost : 0


=== Prime Orbit 274 =====================
size : 2
num_suborbits: 1
593 (*) : 00--00------------------1-
593     : ['transfer_epoch3(node0)', '~ep_epoch0(node0)', '~ep_epoch0(node1)', '~ep_epoch1(node0)', '~ep_epoch1(node1)']
594     : 00--00-------------------1
594     : ['transfer_epoch3(node1)', '~ep_epoch0(node0)', '~ep_epoch0(node1)', '~ep_epoch1(node0)', '~ep_epoch1(node1)']
num_forall :   0
num_exists :   0
num_literals : 0
quantified form : None
qcost : 0


=== Prime Orbit 275 =====================
size : 2
num_suborbits: 1
587 (*) : 0-0-0-0-----------------1-
587     : ['transfer_epoch3(node0)', '~ep_epoch0(node0)', '~ep_epoch0(node1)', '~ep_epoch2(node0)', '~ep_epoch2(node1)']
588     : 0-0-0-0------------------1
588     : ['transfer_epoch3(node1)', '~ep_epoch0(node0)', '~ep_epoch0(node1)', '~ep_epoch2(node0)', '~ep_epoch2(node1)']
num_forall :   0
num_exists :   0
num_literals : 0
quantified form : None
qcost : 0


=== Prime Orbit 276 =====================
size : 4
num_suborbits: 2
585 (*) : 0-0-0----------0--------1-
585     : ['transfer_epoch3(node0)', '~ep_epoch0(node0)', '~ep_epoch0(node1)', '~ep_epoch2(node0)', '~locked_epoch2(node1)']
589     : 0---0-0-------0---------1-
589     : ['transfer_epoch3(node0)', '~ep_epoch0(node0)', '~ep_epoch0(node1)', '~ep_epoch2(node1)', '~locked_epoch2(node0)']
590     : 0-0-0----------0---------1
590     : ['transfer_epoch3(node1)', '~ep_epoch0(node0)', '~ep_epoch0(node1)', '~ep_epoch2(node0)', '~locked_epoch2(node1)']
586     : 0---0-0-------0----------1
586     : ['transfer_epoch3(node1)', '~ep_epoch0(node0)', '~ep_epoch0(node1)', '~ep_epoch2(node1)', '~locked_epoch2(node0)']
num_forall :   0
num_exists :   0
num_literals : 0
quantified form : None
qcost : 0


=== Prime Orbit 277 =====================
size : 2
num_suborbits: 1
591 (*) : 0---0---------00--------1-
591     : ['transfer_epoch3(node0)', '~ep_epoch0(node0)', '~ep_epoch0(node1)', '~locked_epoch2(node0)', '~locked_epoch2(node1)']
592     : 0---0---------00---------1
592     : ['transfer_epoch3(node1)', '~ep_epoch0(node0)', '~ep_epoch0(node1)', '~locked_epoch2(node0)', '~locked_epoch2(node1)']
num_forall :   0
num_exists :   0
num_literals : 0
quantified form : None
qcost : 0


=== Prime Orbit 278 =====================
size : 2
num_suborbits: 1
597 (*) : -00--00-----------------1-
597     : ['transfer_epoch3(node0)', '~ep_epoch1(node0)', '~ep_epoch1(node1)', '~ep_epoch2(node0)', '~ep_epoch2(node1)']
598     : -00--00------------------1
598     : ['transfer_epoch3(node1)', '~ep_epoch1(node0)', '~ep_epoch1(node1)', '~ep_epoch2(node0)', '~ep_epoch2(node1)']
num_forall :   0
num_exists :   0
num_literals : 0
quantified form : None
qcost : 0


=== Prime Orbit 279 =====================
size : 4
num_suborbits: 2
601 (*) : -00--0---------0--------1-
601     : ['transfer_epoch3(node0)', '~ep_epoch1(node0)', '~ep_epoch1(node1)', '~ep_epoch2(node0)', '~locked_epoch2(node1)']
595     : -0---00-------0---------1-
595     : ['transfer_epoch3(node0)', '~ep_epoch1(node0)', '~ep_epoch1(node1)', '~ep_epoch2(node1)', '~locked_epoch2(node0)']
596     : -00--0---------0---------1
596     : ['transfer_epoch3(node1)', '~ep_epoch1(node0)', '~ep_epoch1(node1)', '~ep_epoch2(node0)', '~locked_epoch2(node1)']
602     : -0---00-------0----------1
602     : ['transfer_epoch3(node1)', '~ep_epoch1(node0)', '~ep_epoch1(node1)', '~ep_epoch2(node1)', '~locked_epoch2(node0)']
num_forall :   0
num_exists :   0
num_literals : 0
quantified form : None
qcost : 0


=== Prime Orbit 280 =====================
size : 2
num_suborbits: 1
599 (*) : -0---0--------00--------1-
599     : ['transfer_epoch3(node0)', '~ep_epoch1(node0)', '~ep_epoch1(node1)', '~locked_epoch2(node0)', '~locked_epoch2(node1)']
600     : -0---0--------00---------1
600     : ['transfer_epoch3(node1)', '~ep_epoch1(node0)', '~ep_epoch1(node1)', '~locked_epoch2(node0)', '~locked_epoch2(node1)']
num_forall :   0
num_exists :   0
num_literals : 0
quantified form : None
qcost : 0


=== Prime Orbit 281 =====================
size : 2
num_suborbits: 1
664 (*) : 0-0--00-----0-------------
664     : ['~ep_epoch0(node0)', '~ep_epoch1(node1)', '~ep_epoch2(node0)', '~ep_epoch2(node1)', '~locked_epoch1(node0)']
663     : -00-0-0------0------------
663     : ['~ep_epoch0(node1)', '~ep_epoch1(node0)', '~ep_epoch2(node0)', '~ep_epoch2(node1)', '~locked_epoch1(node1)']
num_forall :   0
num_exists :   0
num_literals : 0
quantified form : None
qcost : 0


=== Prime Orbit 282 =====================
size : 4
num_suborbits: 2
619 (*) : 0-0--0------0--0----------
619     : ['~ep_epoch0(node0)', '~ep_epoch1(node1)', '~ep_epoch2(node0)', '~locked_epoch1(node0)', '~locked_epoch2(node1)']
616     : 0----00-----0-0-----------
616     : ['~ep_epoch0(node0)', '~ep_epoch1(node1)', '~ep_epoch2(node1)', '~locked_epoch1(node0)', '~locked_epoch2(node0)']
615     : -00-0--------0-0----------
615     : ['~ep_epoch0(node1)', '~ep_epoch1(node0)', '~ep_epoch2(node0)', '~locked_epoch1(node1)', '~locked_epoch2(node1)']
620     : -0--0-0------00-----------
620     : ['~ep_epoch0(node1)', '~ep_epoch1(node0)', '~ep_epoch2(node1)', '~locked_epoch1(node1)', '~locked_epoch2(node0)']
num_forall :   0
num_exists :   0
num_literals : 0
quantified form : None
qcost : 0


=== Prime Orbit 283 =====================
size : 2
num_suborbits: 1
649 (*) : 0--0-0-0----0-------------
649     : ['~ep_epoch0(node0)', '~ep_epoch1(node1)', '~ep_epoch3(node0)', '~ep_epoch3(node1)', '~locked_epoch1(node0)']
650     : -0-00--0-----0------------
650     : ['~ep_epoch0(node1)', '~ep_epoch1(node0)', '~ep_epoch3(node0)', '~ep_epoch3(node1)', '~locked_epoch1(node1)']
num_forall :   0
num_exists :   0
num_literals : 0
quantified form : None
qcost : 0


=== Prime Orbit 284 =====================
size : 4
num_suborbits: 2
659 (*) : 0--0-0---0--0-------------
659     : ['~ep_epoch0(node0)', '~ep_epoch1(node1)', '~ep_epoch3(node0)', '~held(node1)', '~locked_epoch1(node0)']
645     : 0----0-00---0-------------
645     : ['~ep_epoch0(node0)', '~ep_epoch1(node1)', '~ep_epoch3(node1)', '~held(node0)', '~locked_epoch1(node0)']
646     : -0-00----0---0------------
646     : ['~ep_epoch0(node1)', '~ep_epoch1(node0)', '~ep_epoch3(node0)', '~held(node1)', '~locked_epoch1(node1)']
660     : -0--0--00----0------------
660     : ['~ep_epoch0(node1)', '~ep_epoch1(node0)', '~ep_epoch3(node1)', '~held(node0)', '~locked_epoch1(node1)']
num_forall :   0
num_exists :   0
num_literals : 0
quantified form : None
qcost : 0


=== Prime Orbit 285 =====================
size : 4
num_suborbits: 2
651 (*) : 0--0-0------0----0--------
651     : ['~ep_epoch0(node0)', '~ep_epoch1(node1)', '~ep_epoch3(node0)', '~locked_epoch1(node0)', '~locked_epoch3(node1)']
655     : 0----0-0----0---0---------
655     : ['~ep_epoch0(node0)', '~ep_epoch1(node1)', '~ep_epoch3(node1)', '~locked_epoch1(node0)', '~locked_epoch3(node0)']
656     : -0-00--------0---0--------
656     : ['~ep_epoch0(node1)', '~ep_epoch1(node0)', '~ep_epoch3(node0)', '~locked_epoch1(node1)', '~locked_epoch3(node1)']
652     : -0--0--0-----0--0---------
652     : ['~ep_epoch0(node1)', '~ep_epoch1(node0)', '~ep_epoch3(node1)', '~locked_epoch1(node1)', '~locked_epoch3(node0)']
num_forall :   0
num_exists :   0
num_literals : 0
quantified form : None
qcost : 0


=== Prime Orbit 286 =====================
size : 2
num_suborbits: 1
647 (*) : 0----0--00--0-------------
647     : ['~ep_epoch0(node0)', '~ep_epoch1(node1)', '~held(node0)', '~held(node1)', '~locked_epoch1(node0)']
648     : -0--0---00---0------------
648     : ['~ep_epoch0(node1)', '~ep_epoch1(node0)', '~held(node0)', '~held(node1)', '~locked_epoch1(node1)']
num_forall :   0
num_exists :   0
num_literals : 0
quantified form : None
qcost : 0


=== Prime Orbit 287 =====================
size : 4
num_suborbits: 2
643 (*) : 0----0--0---0----0--------
643     : ['~ep_epoch0(node0)', '~ep_epoch1(node1)', '~held(node0)', '~locked_epoch1(node0)', '~locked_epoch3(node1)']
653     : 0----0---0--0---0---------
653     : ['~ep_epoch0(node0)', '~ep_epoch1(node1)', '~held(node1)', '~locked_epoch1(node0)', '~locked_epoch3(node0)']
654     : -0--0---0----0---0--------
654     : ['~ep_epoch0(node1)', '~ep_epoch1(node0)', '~held(node0)', '~locked_epoch1(node1)', '~locked_epoch3(node1)']
644     : -0--0----0---0--0---------
644     : ['~ep_epoch0(node1)', '~ep_epoch1(node0)', '~held(node1)', '~locked_epoch1(node1)', '~locked_epoch3(node0)']
num_forall :   0
num_exists :   0
num_literals : 0
quantified form : None
qcost : 0


=== Prime Orbit 288 =====================
size : 2
num_suborbits: 1
612 (*) : 0----0------0-00----------
612     : ['~ep_epoch0(node0)', '~ep_epoch1(node1)', '~locked_epoch1(node0)', '~locked_epoch2(node0)', '~locked_epoch2(node1)']
611     : -0--0--------000----------
611     : ['~ep_epoch0(node1)', '~ep_epoch1(node0)', '~locked_epoch1(node1)', '~locked_epoch2(node0)', '~locked_epoch2(node1)']
num_forall :   0
num_exists :   0
num_literals : 0
quantified form : None
qcost : 0


=== Prime Orbit 289 =====================
size : 2
num_suborbits: 1
657 (*) : 0----0------0---00--------
657     : ['~ep_epoch0(node0)', '~ep_epoch1(node1)', '~locked_epoch1(node0)', '~locked_epoch3(node0)', '~locked_epoch3(node1)']
658     : -0--0--------0--00--------
658     : ['~ep_epoch0(node1)', '~ep_epoch1(node0)', '~locked_epoch1(node1)', '~locked_epoch3(node0)', '~locked_epoch3(node1)']
num_forall :   0
num_exists :   0
num_literals : 0
quantified form : None
qcost : 0


=== Prime Orbit 290 =====================
size : 2
num_suborbits: 1
770 (*) : 1--------0------------0000
770     : ['ep_epoch0(node0)', '~held(node1)', '~transfer_epoch2(node0)', '~transfer_epoch2(node1)', '~transfer_epoch3(node0)', '~transfer_epoch3(node1)']
769     : ----1---0-------------0000
769     : ['ep_epoch0(node1)', '~held(node0)', '~transfer_epoch2(node0)', '~transfer_epoch2(node1)', '~transfer_epoch3(node0)', '~transfer_epoch3(node1)']
num_forall :   0
num_exists :   0
num_literals : 0
quantified form : None
qcost : 0


=== Prime Orbit 291 =====================
size : 2
num_suborbits: 1
723 (*) : ---00----0--1-----------00
723     : ['locked_epoch1(node0)', '~ep_epoch0(node1)', '~ep_epoch3(node0)', '~held(node1)', '~transfer_epoch3(node0)', '~transfer_epoch3(node1)']
722     : 0------00----1----------00
722     : ['locked_epoch1(node1)', '~ep_epoch0(node0)', '~ep_epoch3(node1)', '~held(node0)', '~transfer_epoch3(node0)', '~transfer_epoch3(node1)']
num_forall :   0
num_exists :   0
num_literals : 0
quantified form : None
qcost : 0


=== Prime Orbit 292 =====================
size : 2
num_suborbits: 1
713 (*) : ----0---00--1-----------00
713     : ['locked_epoch1(node0)', '~ep_epoch0(node1)', '~held(node0)', '~held(node1)', '~transfer_epoch3(node0)', '~transfer_epoch3(node1)']
712     : 0-------00---1----------00
712     : ['locked_epoch1(node1)', '~ep_epoch0(node0)', '~held(node0)', '~held(node1)', '~transfer_epoch3(node0)', '~transfer_epoch3(node1)']
num_forall :   0
num_exists :   0
num_literals : 0
quantified form : None
qcost : 0


=== Prime Orbit 293 =====================
size : 2
num_suborbits: 1
729 (*) : ----0----0--1---0-------00
729     : ['locked_epoch1(node0)', '~ep_epoch0(node1)', '~held(node1)', '~locked_epoch3(node0)', '~transfer_epoch3(node0)', '~transfer_epoch3(node1)']
728     : 0-------0----1---0------00
728     : ['locked_epoch1(node1)', '~ep_epoch0(node0)', '~held(node0)', '~locked_epoch3(node1)', '~transfer_epoch3(node0)', '~transfer_epoch3(node1)']
num_forall :   0
num_exists :   0
num_literals : 0
quantified form : None
qcost : 0


=== Prime Orbit 294 =====================
size : 2
num_suborbits: 1
761 (*) : -0-----00---1-----------00
761     : ['locked_epoch1(node0)', '~ep_epoch1(node0)', '~ep_epoch3(node1)', '~held(node0)', '~transfer_epoch3(node0)', '~transfer_epoch3(node1)']
762     : ---0-0---0---1----------00
762     : ['locked_epoch1(node1)', '~ep_epoch1(node1)', '~ep_epoch3(node0)', '~held(node1)', '~transfer_epoch3(node0)', '~transfer_epoch3(node1)']
num_forall :   0
num_exists :   0
num_literals : 0
quantified form : None
qcost : 0


=== Prime Orbit 295 =====================
size : 2
num_suborbits: 1
732 (*) : -0------00--1-----------00
732     : ['locked_epoch1(node0)', '~ep_epoch1(node0)', '~held(node0)', '~held(node1)', '~transfer_epoch3(node0)', '~transfer_epoch3(node1)']
731     : -----0--00---1----------00
731     : ['locked_epoch1(node1)', '~ep_epoch1(node1)', '~held(node0)', '~held(node1)', '~transfer_epoch3(node0)', '~transfer_epoch3(node1)']
num_forall :   0
num_exists :   0
num_literals : 0
quantified form : None
qcost : 0


=== Prime Orbit 296 =====================
size : 2
num_suborbits: 1
763 (*) : -0------0---1----0------00
763     : ['locked_epoch1(node0)', '~ep_epoch1(node0)', '~held(node0)', '~locked_epoch3(node1)', '~transfer_epoch3(node0)', '~transfer_epoch3(node1)']
764     : -----0---0---1--0-------00
764     : ['locked_epoch1(node1)', '~ep_epoch1(node1)', '~held(node1)', '~locked_epoch3(node0)', '~transfer_epoch3(node0)', '~transfer_epoch3(node1)']
num_forall :   0
num_exists :   0
num_literals : 0
quantified form : None
qcost : 0


=== Prime Orbit 297 =====================
size : 1
num_suborbits: 1
771 (*) : 000-000-------------------
771     : ['~ep_epoch0(node0)', '~ep_epoch0(node1)', '~ep_epoch1(node0)', '~ep_epoch1(node1)', '~ep_epoch2(node0)', '~ep_epoch2(node1)']
num_forall :   0
num_exists :   0
num_literals : 0
quantified form : None
qcost : 0


=== Prime Orbit 298 =====================
size : 2
num_suborbits: 1
773 (*) : 000-00---------0----------
773     : ['~ep_epoch0(node0)', '~ep_epoch0(node1)', '~ep_epoch1(node0)', '~ep_epoch1(node1)', '~ep_epoch2(node0)', '~locked_epoch2(node1)']
772     : 00--000-------0-----------
772     : ['~ep_epoch0(node0)', '~ep_epoch0(node1)', '~ep_epoch1(node0)', '~ep_epoch1(node1)', '~ep_epoch2(node1)', '~locked_epoch2(node0)']
num_forall :   0
num_exists :   0
num_literals : 0
quantified form : None
qcost : 0


=== Prime Orbit 299 =====================
size : 1
num_suborbits: 1
789 (*) : 00-000-0------------------
789     : ['~ep_epoch0(node0)', '~ep_epoch0(node1)', '~ep_epoch1(node0)', '~ep_epoch1(node1)', '~ep_epoch3(node0)', '~ep_epoch3(node1)']
num_forall :   0
num_exists :   0
num_literals : 0
quantified form : None
qcost : 0


=== Prime Orbit 300 =====================
size : 2
num_suborbits: 1
760 (*) : 00-000---0----------------
760     : ['~ep_epoch0(node0)', '~ep_epoch0(node1)', '~ep_epoch1(node0)', '~ep_epoch1(node1)', '~ep_epoch3(node0)', '~held(node1)']
759     : 00--00-00-----------------
759     : ['~ep_epoch0(node0)', '~ep_epoch0(node1)', '~ep_epoch1(node0)', '~ep_epoch1(node1)', '~ep_epoch3(node1)', '~held(node0)']
num_forall :   0
num_exists :   0
num_literals : 0
quantified form : None
qcost : 0


=== Prime Orbit 301 =====================
size : 2
num_suborbits: 1
788 (*) : 00-000-----------0--------
788     : ['~ep_epoch0(node0)', '~ep_epoch0(node1)', '~ep_epoch1(node0)', '~ep_epoch1(node1)', '~ep_epoch3(node0)', '~locked_epoch3(node1)']
787     : 00--00-0--------0---------
787     : ['~ep_epoch0(node0)', '~ep_epoch0(node1)', '~ep_epoch1(node0)', '~ep_epoch1(node1)', '~ep_epoch3(node1)', '~locked_epoch3(node0)']
num_forall :   0
num_exists :   0
num_literals : 0
quantified form : None
qcost : 0


=== Prime Orbit 302 =====================
size : 1
num_suborbits: 1
736 (*) : 00--00--00----------------
736     : ['~ep_epoch0(node0)', '~ep_epoch0(node1)', '~ep_epoch1(node0)', '~ep_epoch1(node1)', '~held(node0)', '~held(node1)']
num_forall :   0
num_exists :   0
num_literals : 0
quantified form : None
qcost : 0


=== Prime Orbit 303 =====================
size : 2
num_suborbits: 1
757 (*) : 00--00--0--------0--------
757     : ['~ep_epoch0(node0)', '~ep_epoch0(node1)', '~ep_epoch1(node0)', '~ep_epoch1(node1)', '~held(node0)', '~locked_epoch3(node1)']
758     : 00--00---0------0---------
758     : ['~ep_epoch0(node0)', '~ep_epoch0(node1)', '~ep_epoch1(node0)', '~ep_epoch1(node1)', '~held(node1)', '~locked_epoch3(node0)']
num_forall :   0
num_exists :   0
num_literals : 0
quantified form : None
qcost : 0


=== Prime Orbit 304 =====================
size : 1
num_suborbits: 1
794 (*) : 00--00--------00----------
794     : ['~ep_epoch0(node0)', '~ep_epoch0(node1)', '~ep_epoch1(node0)', '~ep_epoch1(node1)', '~locked_epoch2(node0)', '~locked_epoch2(node1)']
num_forall :   0
num_exists :   0
num_literals : 0
quantified form : None
qcost : 0


=== Prime Orbit 305 =====================
size : 1
num_suborbits: 1
786 (*) : 00--00----------00--------
786     : ['~ep_epoch0(node0)', '~ep_epoch0(node1)', '~ep_epoch1(node0)', '~ep_epoch1(node1)', '~locked_epoch3(node0)', '~locked_epoch3(node1)']
num_forall :   0
num_exists :   0
num_literals : 0
quantified form : None
qcost : 0


=== Prime Orbit 306 =====================
size : 1
num_suborbits: 1
691 (*) : 0-000-00------------------
691     : ['~ep_epoch0(node0)', '~ep_epoch0(node1)', '~ep_epoch2(node0)', '~ep_epoch2(node1)', '~ep_epoch3(node0)', '~ep_epoch3(node1)']
num_forall :   0
num_exists :   0
num_literals : 0
quantified form : None
qcost : 0


=== Prime Orbit 307 =====================
size : 2
num_suborbits: 1
692 (*) : 0-000-0--0----------------
692     : ['~ep_epoch0(node0)', '~ep_epoch0(node1)', '~ep_epoch2(node0)', '~ep_epoch2(node1)', '~ep_epoch3(node0)', '~held(node1)']
693     : 0-0-0-000-----------------
693     : ['~ep_epoch0(node0)', '~ep_epoch0(node1)', '~ep_epoch2(node0)', '~ep_epoch2(node1)', '~ep_epoch3(node1)', '~held(node0)']
num_forall :   0
num_exists :   0
num_literals : 0
quantified form : None
qcost : 0


=== Prime Orbit 308 =====================
size : 2
num_suborbits: 1
682 (*) : 0-000-0----------0--------
682     : ['~ep_epoch0(node0)', '~ep_epoch0(node1)', '~ep_epoch2(node0)', '~ep_epoch2(node1)', '~ep_epoch3(node0)', '~locked_epoch3(node1)']
683     : 0-0-0-00--------0---------
683     : ['~ep_epoch0(node0)', '~ep_epoch0(node1)', '~ep_epoch2(node0)', '~ep_epoch2(node1)', '~ep_epoch3(node1)', '~locked_epoch3(node0)']
num_forall :   0
num_exists :   0
num_literals : 0
quantified form : None
qcost : 0


=== Prime Orbit 309 =====================
size : 1
num_suborbits: 1
711 (*) : 0-0-0-0-00----------------
711     : ['~ep_epoch0(node0)', '~ep_epoch0(node1)', '~ep_epoch2(node0)', '~ep_epoch2(node1)', '~held(node0)', '~held(node1)']
num_forall :   0
num_exists :   0
num_literals : 0
quantified form : None
qcost : 0


=== Prime Orbit 310 =====================
size : 2
num_suborbits: 1
688 (*) : 0-0-0-0-0--------0--------
688     : ['~ep_epoch0(node0)', '~ep_epoch0(node1)', '~ep_epoch2(node0)', '~ep_epoch2(node1)', '~held(node0)', '~locked_epoch3(node1)']
689     : 0-0-0-0--0------0---------
689     : ['~ep_epoch0(node0)', '~ep_epoch0(node1)', '~ep_epoch2(node0)', '~ep_epoch2(node1)', '~held(node1)', '~locked_epoch3(node0)']
num_forall :   0
num_exists :   0
num_literals : 0
quantified form : None
qcost : 0


=== Prime Orbit 311 =====================
size : 1
num_suborbits: 1
690 (*) : 0-0-0-0---------00--------
690     : ['~ep_epoch0(node0)', '~ep_epoch0(node1)', '~ep_epoch2(node0)', '~ep_epoch2(node1)', '~locked_epoch3(node0)', '~locked_epoch3(node1)']
num_forall :   0
num_exists :   0
num_literals : 0
quantified form : None
qcost : 0


=== Prime Orbit 312 =====================
size : 2
num_suborbits: 1
695 (*) : 0-000--0-------0----------
695     : ['~ep_epoch0(node0)', '~ep_epoch0(node1)', '~ep_epoch2(node0)', '~ep_epoch3(node0)', '~ep_epoch3(node1)', '~locked_epoch2(node1)']
694     : 0--00-00------0-----------
694     : ['~ep_epoch0(node0)', '~ep_epoch0(node1)', '~ep_epoch2(node1)', '~ep_epoch3(node0)', '~ep_epoch3(node1)', '~locked_epoch2(node0)']
num_forall :   0
num_exists :   0
num_literals : 0
quantified form : None
qcost : 0


=== Prime Orbit 313 =====================
size : 4
num_suborbits: 2
705 (*) : 0-000----0-----0----------
705     : ['~ep_epoch0(node0)', '~ep_epoch0(node1)', '~ep_epoch2(node0)', '~ep_epoch3(node0)', '~held(node1)', '~locked_epoch2(node1)']
699     : 0-0-0--00------0----------
699     : ['~ep_epoch0(node0)', '~ep_epoch0(node1)', '~ep_epoch2(node0)', '~ep_epoch3(node1)', '~held(node0)', '~locked_epoch2(node1)']
698     : 0--00-0--0----0-----------
698     : ['~ep_epoch0(node0)', '~ep_epoch0(node1)', '~ep_epoch2(node1)', '~ep_epoch3(node0)', '~held(node1)', '~locked_epoch2(node0)']
706     : 0---0-000-----0-----------
706     : ['~ep_epoch0(node0)', '~ep_epoch0(node1)', '~ep_epoch2(node1)', '~ep_epoch3(node1)', '~held(node0)', '~locked_epoch2(node0)']
num_forall :   0
num_exists :   0
num_literals : 0
quantified form : None
qcost : 0


=== Prime Orbit 314 =====================
size : 4
num_suborbits: 2
680 (*) : 0-000----------0-0--------
680     : ['~ep_epoch0(node0)', '~ep_epoch0(node1)', '~ep_epoch2(node0)', '~ep_epoch3(node0)', '~locked_epoch2(node1)', '~locked_epoch3(node1)']
685     : 0-0-0--0-------00---------
685     : ['~ep_epoch0(node0)', '~ep_epoch0(node1)', '~ep_epoch2(node0)', '~ep_epoch3(node1)', '~locked_epoch2(node1)', '~locked_epoch3(node0)']
684     : 0--00-0-------0--0--------
684     : ['~ep_epoch0(node0)', '~ep_epoch0(node1)', '~ep_epoch2(node1)', '~ep_epoch3(node0)', '~locked_epoch2(node0)', '~locked_epoch3(node1)']
681     : 0---0-00------0-0---------
681     : ['~ep_epoch0(node0)', '~ep_epoch0(node1)', '~ep_epoch2(node1)', '~ep_epoch3(node1)', '~locked_epoch2(node0)', '~locked_epoch3(node0)']
num_forall :   0
num_exists :   0
num_literals : 0
quantified form : None
qcost : 0


=== Prime Orbit 315 =====================
size : 2
num_suborbits: 1
707 (*) : 0-0-0---00-----0----------
707     : ['~ep_epoch0(node0)', '~ep_epoch0(node1)', '~ep_epoch2(node0)', '~held(node0)', '~held(node1)', '~locked_epoch2(node1)']
708     : 0---0-0-00----0-----------
708     : ['~ep_epoch0(node0)', '~ep_epoch0(node1)', '~ep_epoch2(node1)', '~held(node0)', '~held(node1)', '~locked_epoch2(node0)']
num_forall :   0
num_exists :   0
num_literals : 0
quantified form : None
qcost : 0


=== Prime Orbit 316 =====================
size : 4
num_suborbits: 2
697 (*) : 0-0-0---0------0-0--------
697     : ['~ep_epoch0(node0)', '~ep_epoch0(node1)', '~ep_epoch2(node0)', '~held(node0)', '~locked_epoch2(node1)', '~locked_epoch3(node1)']
687     : 0-0-0----0-----00---------
687     : ['~ep_epoch0(node0)', '~ep_epoch0(node1)', '~ep_epoch2(node0)', '~held(node1)', '~locked_epoch2(node1)', '~locked_epoch3(node0)']
686     : 0---0-0-0-----0--0--------
686     : ['~ep_epoch0(node0)', '~ep_epoch0(node1)', '~ep_epoch2(node1)', '~held(node0)', '~locked_epoch2(node0)', '~locked_epoch3(node1)']
696     : 0---0-0--0----0-0---------
696     : ['~ep_epoch0(node0)', '~ep_epoch0(node1)', '~ep_epoch2(node1)', '~held(node1)', '~locked_epoch2(node0)', '~locked_epoch3(node0)']
num_forall :   0
num_exists :   0
num_literals : 0
quantified form : None
qcost : 0


=== Prime Orbit 317 =====================
size : 2
num_suborbits: 1
676 (*) : 0-0-0----------000--------
676     : ['~ep_epoch0(node0)', '~ep_epoch0(node1)', '~ep_epoch2(node0)', '~locked_epoch2(node1)', '~locked_epoch3(node0)', '~locked_epoch3(node1)']
677     : 0---0-0-------0-00--------
677     : ['~ep_epoch0(node0)', '~ep_epoch0(node1)', '~ep_epoch2(node1)', '~locked_epoch2(node0)', '~locked_epoch3(node0)', '~locked_epoch3(node1)']
num_forall :   0
num_exists :   0
num_literals : 0
quantified form : None
qcost : 0


=== Prime Orbit 318 =====================
size : 1
num_suborbits: 1
702 (*) : 0--00--0------00----------
702     : ['~ep_epoch0(node0)', '~ep_epoch0(node1)', '~ep_epoch3(node0)', '~ep_epoch3(node1)', '~locked_epoch2(node0)', '~locked_epoch2(node1)']
num_forall :   0
num_exists :   0
num_literals : 0
quantified form : None
qcost : 0


=== Prime Orbit 319 =====================
size : 2
num_suborbits: 1
700 (*) : 0--00----0----00----------
700     : ['~ep_epoch0(node0)', '~ep_epoch0(node1)', '~ep_epoch3(node0)', '~held(node1)', '~locked_epoch2(node0)', '~locked_epoch2(node1)']
701     : 0---0--00-----00----------
701     : ['~ep_epoch0(node0)', '~ep_epoch0(node1)', '~ep_epoch3(node1)', '~held(node0)', '~locked_epoch2(node0)', '~locked_epoch2(node1)']
num_forall :   0
num_exists :   0
num_literals : 0
quantified form : None
qcost : 0


=== Prime Orbit 320 =====================
size : 2
num_suborbits: 1
678 (*) : 0--00---------00-0--------
678     : ['~ep_epoch0(node0)', '~ep_epoch0(node1)', '~ep_epoch3(node0)', '~locked_epoch2(node0)', '~locked_epoch2(node1)', '~locked_epoch3(node1)']
679     : 0---0--0------000---------
679     : ['~ep_epoch0(node0)', '~ep_epoch0(node1)', '~ep_epoch3(node1)', '~locked_epoch2(node0)', '~locked_epoch2(node1)', '~locked_epoch3(node0)']
num_forall :   0
num_exists :   0
num_literals : 0
quantified form : None
qcost : 0


=== Prime Orbit 321 =====================
size : 1
num_suborbits: 1
709 (*) : 0---0---00----00----------
709     : ['~ep_epoch0(node0)', '~ep_epoch0(node1)', '~held(node0)', '~held(node1)', '~locked_epoch2(node0)', '~locked_epoch2(node1)']
num_forall :   0
num_exists :   0
num_literals : 0
quantified form : None
qcost : 0


=== Prime Orbit 322 =====================
size : 1
num_suborbits: 1
710 (*) : 0---0---00--------------00
710     : ['~ep_epoch0(node0)', '~ep_epoch0(node1)', '~held(node0)', '~held(node1)', '~transfer_epoch3(node0)', '~transfer_epoch3(node1)']
num_forall :   0
num_exists :   0
num_literals : 0
quantified form : None
qcost : 0


=== Prime Orbit 323 =====================
size : 2
num_suborbits: 1
704 (*) : 0---0---0-----00-0--------
704     : ['~ep_epoch0(node0)', '~ep_epoch0(node1)', '~held(node0)', '~locked_epoch2(node0)', '~locked_epoch2(node1)', '~locked_epoch3(node1)']
703     : 0---0----0----000---------
703     : ['~ep_epoch0(node0)', '~ep_epoch0(node1)', '~held(node1)', '~locked_epoch2(node0)', '~locked_epoch2(node1)', '~locked_epoch3(node0)']
num_forall :   0
num_exists :   0
num_literals : 0
quantified form : None
qcost : 0


=== Prime Orbit 324 =====================
size : 1
num_suborbits: 1
675 (*) : 0---0---------0000--------
675     : ['~ep_epoch0(node0)', '~ep_epoch0(node1)', '~locked_epoch2(node0)', '~locked_epoch2(node1)', '~locked_epoch3(node0)', '~locked_epoch3(node1)']
num_forall :   0
num_exists :   0
num_literals : 0
quantified form : None
qcost : 0


=== Prime Orbit 325 =====================
size : 2
num_suborbits: 1
724 (*) : 00-----00---------------00
724     : ['~ep_epoch0(node0)', '~ep_epoch1(node0)', '~ep_epoch3(node1)', '~held(node0)', '~transfer_epoch3(node0)', '~transfer_epoch3(node1)']
725     : ---000---0--------------00
725     : ['~ep_epoch0(node1)', '~ep_epoch1(node1)', '~ep_epoch3(node0)', '~held(node1)', '~transfer_epoch3(node0)', '~transfer_epoch3(node1)']
num_forall :   0
num_exists :   0
num_literals : 0
quantified form : None
qcost : 0


=== Prime Orbit 326 =====================
size : 2
num_suborbits: 1
714 (*) : 00------00--------------00
714     : ['~ep_epoch0(node0)', '~ep_epoch1(node0)', '~held(node0)', '~held(node1)', '~transfer_epoch3(node0)', '~transfer_epoch3(node1)']
715     : ----00--00--------------00
715     : ['~ep_epoch0(node1)', '~ep_epoch1(node1)', '~held(node0)', '~held(node1)', '~transfer_epoch3(node0)', '~transfer_epoch3(node1)']
num_forall :   0
num_exists :   0
num_literals : 0
quantified form : None
qcost : 0


=== Prime Orbit 327 =====================
size : 2
num_suborbits: 1
726 (*) : 00------0--------0------00
726     : ['~ep_epoch0(node0)', '~ep_epoch1(node0)', '~held(node0)', '~locked_epoch3(node1)', '~transfer_epoch3(node0)', '~transfer_epoch3(node1)']
727     : ----00---0------0-------00
727     : ['~ep_epoch0(node1)', '~ep_epoch1(node1)', '~held(node1)', '~locked_epoch3(node0)', '~transfer_epoch3(node0)', '~transfer_epoch3(node1)']
num_forall :   0
num_exists :   0
num_literals : 0
quantified form : None
qcost : 0


=== Prime Orbit 328 =====================
size : 2
num_suborbits: 1
718 (*) : 0------00---0-----------00
718     : ['~ep_epoch0(node0)', '~ep_epoch3(node1)', '~held(node0)', '~locked_epoch1(node0)', '~transfer_epoch3(node0)', '~transfer_epoch3(node1)']
719     : ---00----0---0----------00
719     : ['~ep_epoch0(node1)', '~ep_epoch3(node0)', '~held(node1)', '~locked_epoch1(node1)', '~transfer_epoch3(node0)', '~transfer_epoch3(node1)']
num_forall :   0
num_exists :   0
num_literals : 0
quantified form : None
qcost : 0


=== Prime Orbit 329 =====================
size : 2
num_suborbits: 1
716 (*) : 0-------00--0-----------00
716     : ['~ep_epoch0(node0)', '~held(node0)', '~held(node1)', '~locked_epoch1(node0)', '~transfer_epoch3(node0)', '~transfer_epoch3(node1)']
717     : ----0---00---0----------00
717     : ['~ep_epoch0(node1)', '~held(node0)', '~held(node1)', '~locked_epoch1(node1)', '~transfer_epoch3(node0)', '~transfer_epoch3(node1)']
num_forall :   0
num_exists :   0
num_literals : 0
quantified form : None
qcost : 0


=== Prime Orbit 330 =====================
size : 2
num_suborbits: 1
720 (*) : 0-------0---0----0------00
720     : ['~ep_epoch0(node0)', '~held(node0)', '~locked_epoch1(node0)', '~locked_epoch3(node1)', '~transfer_epoch3(node0)', '~transfer_epoch3(node1)']
721     : ----0----0---0--0-------00
721     : ['~ep_epoch0(node1)', '~held(node1)', '~locked_epoch1(node1)', '~locked_epoch3(node0)', '~transfer_epoch3(node0)', '~transfer_epoch3(node1)']
num_forall :   0
num_exists :   0
num_literals : 0
quantified form : None
qcost : 0


=== Prime Orbit 331 =====================
size : 1
num_suborbits: 1
774 (*) : -000-000------------------
774     : ['~ep_epoch1(node0)', '~ep_epoch1(node1)', '~ep_epoch2(node0)', '~ep_epoch2(node1)', '~ep_epoch3(node0)', '~ep_epoch3(node1)']
num_forall :   0
num_exists :   0
num_literals : 0
quantified form : None
qcost : 0


=== Prime Orbit 332 =====================
size : 2
num_suborbits: 1
752 (*) : -000-00--0----------------
752     : ['~ep_epoch1(node0)', '~ep_epoch1(node1)', '~ep_epoch2(node0)', '~ep_epoch2(node1)', '~ep_epoch3(node0)', '~held(node1)']
751     : -00--0000-----------------
751     : ['~ep_epoch1(node0)', '~ep_epoch1(node1)', '~ep_epoch2(node0)', '~ep_epoch2(node1)', '~ep_epoch3(node1)', '~held(node0)']
num_forall :   0
num_exists :   0
num_literals : 0
quantified form : None
qcost : 0


=== Prime Orbit 333 =====================
size : 2
num_suborbits: 1
775 (*) : -000-00----------0--------
775     : ['~ep_epoch1(node0)', '~ep_epoch1(node1)', '~ep_epoch2(node0)', '~ep_epoch2(node1)', '~ep_epoch3(node0)', '~locked_epoch3(node1)']
776     : -00--000--------0---------
776     : ['~ep_epoch1(node0)', '~ep_epoch1(node1)', '~ep_epoch2(node0)', '~ep_epoch2(node1)', '~ep_epoch3(node1)', '~locked_epoch3(node0)']
num_forall :   0
num_exists :   0
num_literals : 0
quantified form : None
qcost : 0


=== Prime Orbit 334 =====================
size : 1
num_suborbits: 1
740 (*) : -00--00-00----------------
740     : ['~ep_epoch1(node0)', '~ep_epoch1(node1)', '~ep_epoch2(node0)', '~ep_epoch2(node1)', '~held(node0)', '~held(node1)']
num_forall :   0
num_exists :   0
num_literals : 0
quantified form : None
qcost : 0


=== Prime Orbit 335 =====================
size : 2
num_suborbits: 1
749 (*) : -00--00-0--------0--------
749     : ['~ep_epoch1(node0)', '~ep_epoch1(node1)', '~ep_epoch2(node0)', '~ep_epoch2(node1)', '~held(node0)', '~locked_epoch3(node1)']
750     : -00--00--0------0---------
750     : ['~ep_epoch1(node0)', '~ep_epoch1(node1)', '~ep_epoch2(node0)', '~ep_epoch2(node1)', '~held(node1)', '~locked_epoch3(node0)']
num_forall :   0
num_exists :   0
num_literals : 0
quantified form : None
qcost : 0


=== Prime Orbit 336 =====================
size : 1
num_suborbits: 1
777 (*) : -00--00---------00--------
777     : ['~ep_epoch1(node0)', '~ep_epoch1(node1)', '~ep_epoch2(node0)', '~ep_epoch2(node1)', '~locked_epoch3(node0)', '~locked_epoch3(node1)']
num_forall :   0
num_exists :   0
num_literals : 0
quantified form : None
qcost : 0


=== Prime Orbit 337 =====================
size : 2
num_suborbits: 1
783 (*) : -000-0-0-------0----------
783     : ['~ep_epoch1(node0)', '~ep_epoch1(node1)', '~ep_epoch2(node0)', '~ep_epoch3(node0)', '~ep_epoch3(node1)', '~locked_epoch2(node1)']
782     : -0-0-000------0-----------
782     : ['~ep_epoch1(node0)', '~ep_epoch1(node1)', '~ep_epoch2(node1)', '~ep_epoch3(node0)', '~ep_epoch3(node1)', '~locked_epoch2(node0)']
num_forall :   0
num_exists :   0
num_literals : 0
quantified form : None
qcost : 0


=== Prime Orbit 338 =====================
size : 4
num_suborbits: 2
748 (*) : -000-0---0-----0----------
748     : ['~ep_epoch1(node0)', '~ep_epoch1(node1)', '~ep_epoch2(node0)', '~ep_epoch3(node0)', '~held(node1)', '~locked_epoch2(node1)']
753     : -00--0-00------0----------
753     : ['~ep_epoch1(node0)', '~ep_epoch1(node1)', '~ep_epoch2(node0)', '~ep_epoch3(node1)', '~held(node0)', '~locked_epoch2(node1)']
754     : -0-0-00--0----0-----------
754     : ['~ep_epoch1(node0)', '~ep_epoch1(node1)', '~ep_epoch2(node1)', '~ep_epoch3(node0)', '~held(node1)', '~locked_epoch2(node0)']
747     : -0---0000-----0-----------
747     : ['~ep_epoch1(node0)', '~ep_epoch1(node1)', '~ep_epoch2(node1)', '~ep_epoch3(node1)', '~held(node0)', '~locked_epoch2(node0)']
num_forall :   0
num_exists :   0
num_literals : 0
quantified form : None
qcost : 0


=== Prime Orbit 339 =====================
size : 4
num_suborbits: 2
779 (*) : -000-0---------0-0--------
779     : ['~ep_epoch1(node0)', '~ep_epoch1(node1)', '~ep_epoch2(node0)', '~ep_epoch3(node0)', '~locked_epoch2(node1)', '~locked_epoch3(node1)']
785     : -00--0-0-------00---------
785     : ['~ep_epoch1(node0)', '~ep_epoch1(node1)', '~ep_epoch2(node0)', '~ep_epoch3(node1)', '~locked_epoch2(node1)', '~locked_epoch3(node0)']
784     : -0-0-00-------0--0--------
784     : ['~ep_epoch1(node0)', '~ep_epoch1(node1)', '~ep_epoch2(node1)', '~ep_epoch3(node0)', '~locked_epoch2(node0)', '~locked_epoch3(node1)']
778     : -0---000------0-0---------
778     : ['~ep_epoch1(node0)', '~ep_epoch1(node1)', '~ep_epoch2(node1)', '~ep_epoch3(node1)', '~locked_epoch2(node0)', '~locked_epoch3(node0)']
num_forall :   0
num_exists :   0
num_literals : 0
quantified form : None
qcost : 0


=== Prime Orbit 340 =====================
size : 2
num_suborbits: 1
737 (*) : -00--0--00-----0----------
737     : ['~ep_epoch1(node0)', '~ep_epoch1(node1)', '~ep_epoch2(node0)', '~held(node0)', '~held(node1)', '~locked_epoch2(node1)']
738     : -0---00-00----0-----------
738     : ['~ep_epoch1(node0)', '~ep_epoch1(node1)', '~ep_epoch2(node1)', '~held(node0)', '~held(node1)', '~locked_epoch2(node0)']
num_forall :   0
num_exists :   0
num_literals : 0
quantified form : None
qcost : 0


=== Prime Orbit 341 =====================
size : 4
num_suborbits: 2
755 (*) : -00--0--0------0-0--------
755     : ['~ep_epoch1(node0)', '~ep_epoch1(node1)', '~ep_epoch2(node0)', '~held(node0)', '~locked_epoch2(node1)', '~locked_epoch3(node1)']
746     : -00--0---0-----00---------
746     : ['~ep_epoch1(node0)', '~ep_epoch1(node1)', '~ep_epoch2(node0)', '~held(node1)', '~locked_epoch2(node1)', '~locked_epoch3(node0)']
745     : -0---00-0-----0--0--------
745     : ['~ep_epoch1(node0)', '~ep_epoch1(node1)', '~ep_epoch2(node1)', '~held(node0)', '~locked_epoch2(node0)', '~locked_epoch3(node1)']
756     : -0---00--0----0-0---------
756     : ['~ep_epoch1(node0)', '~ep_epoch1(node1)', '~ep_epoch2(node1)', '~held(node1)', '~locked_epoch2(node0)', '~locked_epoch3(node0)']
num_forall :   0
num_exists :   0
num_literals : 0
quantified form : None
qcost : 0


=== Prime Orbit 342 =====================
size : 2
num_suborbits: 1
781 (*) : -00--0---------000--------
781     : ['~ep_epoch1(node0)', '~ep_epoch1(node1)', '~ep_epoch2(node0)', '~locked_epoch2(node1)', '~locked_epoch3(node0)', '~locked_epoch3(node1)']
780     : -0---00-------0-00--------
780     : ['~ep_epoch1(node0)', '~ep_epoch1(node1)', '~ep_epoch2(node1)', '~locked_epoch2(node0)', '~locked_epoch3(node0)', '~locked_epoch3(node1)']
num_forall :   0
num_exists :   0
num_literals : 0
quantified form : None
qcost : 0


=== Prime Orbit 343 =====================
size : 1
num_suborbits: 1
792 (*) : -0-0-0-0------00----------
792     : ['~ep_epoch1(node0)', '~ep_epoch1(node1)', '~ep_epoch3(node0)', '~ep_epoch3(node1)', '~locked_epoch2(node0)', '~locked_epoch2(node1)']
num_forall :   0
num_exists :   0
num_literals : 0
quantified form : None
qcost : 0


=== Prime Orbit 344 =====================
size : 2
num_suborbits: 1
744 (*) : -0-0-0---0----00----------
744     : ['~ep_epoch1(node0)', '~ep_epoch1(node1)', '~ep_epoch3(node0)', '~held(node1)', '~locked_epoch2(node0)', '~locked_epoch2(node1)']
743     : -0---0-00-----00----------
743     : ['~ep_epoch1(node0)', '~ep_epoch1(node1)', '~ep_epoch3(node1)', '~held(node0)', '~locked_epoch2(node0)', '~locked_epoch2(node1)']
num_forall :   0
num_exists :   0
num_literals : 0
quantified form : None
qcost : 0


=== Prime Orbit 345 =====================
size : 2
num_suborbits: 1
791 (*) : -0-0-0--------00-0--------
791     : ['~ep_epoch1(node0)', '~ep_epoch1(node1)', '~ep_epoch3(node0)', '~locked_epoch2(node0)', '~locked_epoch2(node1)', '~locked_epoch3(node1)']
790     : -0---0-0------000---------
790     : ['~ep_epoch1(node0)', '~ep_epoch1(node1)', '~ep_epoch3(node1)', '~locked_epoch2(node0)', '~locked_epoch2(node1)', '~locked_epoch3(node0)']
num_forall :   0
num_exists :   0
num_literals : 0
quantified form : None
qcost : 0


=== Prime Orbit 346 =====================
size : 1
num_suborbits: 1
739 (*) : -0---0--00----00----------
739     : ['~ep_epoch1(node0)', '~ep_epoch1(node1)', '~held(node0)', '~held(node1)', '~locked_epoch2(node0)', '~locked_epoch2(node1)']
num_forall :   0
num_exists :   0
num_literals : 0
quantified form : None
qcost : 0


=== Prime Orbit 347 =====================
size : 1
num_suborbits: 1
735 (*) : -0---0--00--------------00
735     : ['~ep_epoch1(node0)', '~ep_epoch1(node1)', '~held(node0)', '~held(node1)', '~transfer_epoch3(node0)', '~transfer_epoch3(node1)']
num_forall :   0
num_exists :   0
num_literals : 0
quantified form : None
qcost : 0


=== Prime Orbit 348 =====================
size : 2
num_suborbits: 1
741 (*) : -0---0--0-----00-0--------
741     : ['~ep_epoch1(node0)', '~ep_epoch1(node1)', '~held(node0)', '~locked_epoch2(node0)', '~locked_epoch2(node1)', '~locked_epoch3(node1)']
742     : -0---0---0----000---------
742     : ['~ep_epoch1(node0)', '~ep_epoch1(node1)', '~held(node1)', '~locked_epoch2(node0)', '~locked_epoch2(node1)', '~locked_epoch3(node0)']
num_forall :   0
num_exists :   0
num_literals : 0
quantified form : None
qcost : 0


=== Prime Orbit 349 =====================
size : 1
num_suborbits: 1
793 (*) : -0---0--------0000--------
793     : ['~ep_epoch1(node0)', '~ep_epoch1(node1)', '~locked_epoch2(node0)', '~locked_epoch2(node1)', '~locked_epoch3(node0)', '~locked_epoch3(node1)']
num_forall :   0
num_exists :   0
num_literals : 0
quantified form : None
qcost : 0


=== Prime Orbit 350 =====================
size : 2
num_suborbits: 1
767 (*) : -0-----00----0----------00
767     : ['~ep_epoch1(node0)', '~ep_epoch3(node1)', '~held(node0)', '~locked_epoch1(node1)', '~transfer_epoch3(node0)', '~transfer_epoch3(node1)']
768     : ---0-0---0--0-----------00
768     : ['~ep_epoch1(node1)', '~ep_epoch3(node0)', '~held(node1)', '~locked_epoch1(node0)', '~transfer_epoch3(node0)', '~transfer_epoch3(node1)']
num_forall :   0
num_exists :   0
num_literals : 0
quantified form : None
qcost : 0


=== Prime Orbit 351 =====================
size : 2
num_suborbits: 1
734 (*) : -0------00---0----------00
734     : ['~ep_epoch1(node0)', '~held(node0)', '~held(node1)', '~locked_epoch1(node1)', '~transfer_epoch3(node0)', '~transfer_epoch3(node1)']
733     : -----0--00--0-----------00
733     : ['~ep_epoch1(node1)', '~held(node0)', '~held(node1)', '~locked_epoch1(node0)', '~transfer_epoch3(node0)', '~transfer_epoch3(node1)']
num_forall :   0
num_exists :   0
num_literals : 0
quantified form : None
qcost : 0


=== Prime Orbit 352 =====================
size : 2
num_suborbits: 1
765 (*) : -0------0----0---0------00
765     : ['~ep_epoch1(node0)', '~held(node0)', '~locked_epoch1(node1)', '~locked_epoch3(node1)', '~transfer_epoch3(node0)', '~transfer_epoch3(node1)']
766     : -----0---0--0---0-------00
766     : ['~ep_epoch1(node1)', '~held(node1)', '~locked_epoch1(node0)', '~locked_epoch3(node0)', '~transfer_epoch3(node0)', '~transfer_epoch3(node1)']
num_forall :   0
num_exists :   0
num_literals : 0
quantified form : None
qcost : 0


=== Prime Orbit 353 =====================
size : 1
num_suborbits: 1
730 (*) : --------00------------0000
730     : ['~held(node0)', '~held(node1)', '~transfer_epoch2(node0)', '~transfer_epoch2(node1)', '~transfer_epoch3(node0)', '~transfer_epoch3(node1)']
num_forall :   0
num_exists :   0
num_literals : 0
quantified form : None
qcost : 0


=== Prime Orbit 354 =====================
size : 2
num_suborbits: 1
803 (*) : 0-000----0--------------00
803     : ['~ep_epoch0(node0)', '~ep_epoch0(node1)', '~ep_epoch2(node0)', '~ep_epoch3(node0)', '~held(node1)', '~transfer_epoch3(node0)', '~transfer_epoch3(node1)']
804     : 0---0-000---------------00
804     : ['~ep_epoch0(node0)', '~ep_epoch0(node1)', '~ep_epoch2(node1)', '~ep_epoch3(node1)', '~held(node0)', '~transfer_epoch3(node0)', '~transfer_epoch3(node1)']
num_forall :   0
num_exists :   0
num_literals : 0
quantified form : None
qcost : 0


=== Prime Orbit 355 =====================
size : 2
num_suborbits: 1
805 (*) : 0-0-0----0------0-------00
805     : ['~ep_epoch0(node0)', '~ep_epoch0(node1)', '~ep_epoch2(node0)', '~held(node1)', '~locked_epoch3(node0)', '~transfer_epoch3(node0)', '~transfer_epoch3(node1)']
806     : 0---0-0-0--------0------00
806     : ['~ep_epoch0(node0)', '~ep_epoch0(node1)', '~ep_epoch2(node1)', '~held(node0)', '~locked_epoch3(node1)', '~transfer_epoch3(node0)', '~transfer_epoch3(node1)']
num_forall :   0
num_exists :   0
num_literals : 0
quantified form : None
qcost : 0


=== Prime Orbit 356 =====================
size : 2
num_suborbits: 1
807 (*) : 0--00----0----0---------00
807     : ['~ep_epoch0(node0)', '~ep_epoch0(node1)', '~ep_epoch3(node0)', '~held(node1)', '~locked_epoch2(node0)', '~transfer_epoch3(node0)', '~transfer_epoch3(node1)']
808     : 0---0--00------0--------00
808     : ['~ep_epoch0(node0)', '~ep_epoch0(node1)', '~ep_epoch3(node1)', '~held(node0)', '~locked_epoch2(node1)', '~transfer_epoch3(node0)', '~transfer_epoch3(node1)']
num_forall :   0
num_exists :   0
num_literals : 0
quantified form : None
qcost : 0


=== Prime Orbit 357 =====================
size : 2
num_suborbits: 1
810 (*) : 0---0---0------0-0------00
810     : ['~ep_epoch0(node0)', '~ep_epoch0(node1)', '~held(node0)', '~locked_epoch2(node1)', '~locked_epoch3(node1)', '~transfer_epoch3(node0)', '~transfer_epoch3(node1)']
809     : 0---0----0----0-0-------00
809     : ['~ep_epoch0(node0)', '~ep_epoch0(node1)', '~held(node1)', '~locked_epoch2(node0)', '~locked_epoch3(node0)', '~transfer_epoch3(node0)', '~transfer_epoch3(node1)']
num_forall :   0
num_exists :   0
num_literals : 0
quantified form : None
qcost : 0


=== Prime Orbit 358 =====================
size : 2
num_suborbits: 1
798 (*) : -000-0---0--------------00
798     : ['~ep_epoch1(node0)', '~ep_epoch1(node1)', '~ep_epoch2(node0)', '~ep_epoch3(node0)', '~held(node1)', '~transfer_epoch3(node0)', '~transfer_epoch3(node1)']
797     : -0---0000---------------00
797     : ['~ep_epoch1(node0)', '~ep_epoch1(node1)', '~ep_epoch2(node1)', '~ep_epoch3(node1)', '~held(node0)', '~transfer_epoch3(node0)', '~transfer_epoch3(node1)']
num_forall :   0
num_exists :   0
num_literals : 0
quantified form : None
qcost : 0


=== Prime Orbit 359 =====================
size : 2
num_suborbits: 1
796 (*) : -00--0---0------0-------00
796     : ['~ep_epoch1(node0)', '~ep_epoch1(node1)', '~ep_epoch2(node0)', '~held(node1)', '~locked_epoch3(node0)', '~transfer_epoch3(node0)', '~transfer_epoch3(node1)']
795     : -0---00-0--------0------00
795     : ['~ep_epoch1(node0)', '~ep_epoch1(node1)', '~ep_epoch2(node1)', '~held(node0)', '~locked_epoch3(node1)', '~transfer_epoch3(node0)', '~transfer_epoch3(node1)']
num_forall :   0
num_exists :   0
num_literals : 0
quantified form : None
qcost : 0


=== Prime Orbit 360 =====================
size : 2
num_suborbits: 1
799 (*) : -0-0-0---0----0---------00
799     : ['~ep_epoch1(node0)', '~ep_epoch1(node1)', '~ep_epoch3(node0)', '~held(node1)', '~locked_epoch2(node0)', '~transfer_epoch3(node0)', '~transfer_epoch3(node1)']
800     : -0---0-00------0--------00
800     : ['~ep_epoch1(node0)', '~ep_epoch1(node1)', '~ep_epoch3(node1)', '~held(node0)', '~locked_epoch2(node1)', '~transfer_epoch3(node0)', '~transfer_epoch3(node1)']
num_forall :   0
num_exists :   0
num_literals : 0
quantified form : None
qcost : 0


=== Prime Orbit 361 =====================
size : 2
num_suborbits: 1
802 (*) : -0---0--0------0-0------00
802     : ['~ep_epoch1(node0)', '~ep_epoch1(node1)', '~held(node0)', '~locked_epoch2(node1)', '~locked_epoch3(node1)', '~transfer_epoch3(node0)', '~transfer_epoch3(node1)']
801     : -0---0---0----0-0-------00
801     : ['~ep_epoch1(node0)', '~ep_epoch1(node1)', '~held(node1)', '~locked_epoch2(node0)', '~locked_epoch3(node0)', '~transfer_epoch3(node0)', '~transfer_epoch3(node1)']
num_forall :   0
num_exists :   0
num_literals : 0
quantified form : None
qcost : 0


=== Prime Orbit 362 =====================
size : 2
num_suborbits: 1
843 (*) : -1----000-------------0000
843     : ['ep_epoch1(node0)', '~ep_epoch2(node1)', '~ep_epoch3(node1)', '~held(node0)', '~transfer_epoch2(node0)', '~transfer_epoch2(node1)', '~transfer_epoch3(node0)', '~transfer_epoch3(node1)']
844     : --00-1---0------------0000
844     : ['ep_epoch1(node1)', '~ep_epoch2(node0)', '~ep_epoch3(node0)', '~held(node1)', '~transfer_epoch2(node0)', '~transfer_epoch2(node1)', '~transfer_epoch3(node0)', '~transfer_epoch3(node1)']
num_forall :   0
num_exists :   0
num_literals : 0
quantified form : None
qcost : 0


=== Prime Orbit 363 =====================
size : 2
num_suborbits: 1
845 (*) : -1----0-0--------0----0000
845     : ['ep_epoch1(node0)', '~ep_epoch2(node1)', '~held(node0)', '~locked_epoch3(node1)', '~transfer_epoch2(node0)', '~transfer_epoch2(node1)', '~transfer_epoch3(node0)', '~transfer_epoch3(node1)']
846     : --0--1---0------0-----0000
846     : ['ep_epoch1(node1)', '~ep_epoch2(node0)', '~held(node1)', '~locked_epoch3(node0)', '~transfer_epoch2(node0)', '~transfer_epoch2(node1)', '~transfer_epoch3(node0)', '~transfer_epoch3(node1)']
num_forall :   0
num_exists :   0
num_literals : 0
quantified form : None
qcost : 0


=== Prime Orbit 364 =====================
size : 2
num_suborbits: 1
847 (*) : -1-----00------0------0000
847     : ['ep_epoch1(node0)', '~ep_epoch3(node1)', '~held(node0)', '~locked_epoch2(node1)', '~transfer_epoch2(node0)', '~transfer_epoch2(node1)', '~transfer_epoch3(node0)', '~transfer_epoch3(node1)']
848     : ---0-1---0----0-------0000
848     : ['ep_epoch1(node1)', '~ep_epoch3(node0)', '~held(node1)', '~locked_epoch2(node0)', '~transfer_epoch2(node0)', '~transfer_epoch2(node1)', '~transfer_epoch3(node0)', '~transfer_epoch3(node1)']
num_forall :   0
num_exists :   0
num_literals : 0
quantified form : None
qcost : 0


=== Prime Orbit 365 =====================
size : 2
num_suborbits: 1
849 (*) : -1------0------0-0----0000
849     : ['ep_epoch1(node0)', '~held(node0)', '~locked_epoch2(node1)', '~locked_epoch3(node1)', '~transfer_epoch2(node0)', '~transfer_epoch2(node1)', '~transfer_epoch3(node0)', '~transfer_epoch3(node1)']
850     : -----1---0----0-0-----0000
850     : ['ep_epoch1(node1)', '~held(node1)', '~locked_epoch2(node0)', '~locked_epoch3(node0)', '~transfer_epoch2(node0)', '~transfer_epoch2(node1)', '~transfer_epoch3(node0)', '~transfer_epoch3(node1)']
num_forall :   0
num_exists :   0
num_literals : 0
quantified form : None
qcost : 0


=== Prime Orbit 366 =====================
size : 2
num_suborbits: 1
818 (*) : ------000---1---------0000
818     : ['locked_epoch1(node0)', '~ep_epoch2(node1)', '~ep_epoch3(node1)', '~held(node0)', '~transfer_epoch2(node0)', '~transfer_epoch2(node1)', '~transfer_epoch3(node0)', '~transfer_epoch3(node1)']
817     : --00-----0---1--------0000
817     : ['locked_epoch1(node1)', '~ep_epoch2(node0)', '~ep_epoch3(node0)', '~held(node1)', '~transfer_epoch2(node0)', '~transfer_epoch2(node1)', '~transfer_epoch3(node0)', '~transfer_epoch3(node1)']
num_forall :   0
num_exists :   0
num_literals : 0
quantified form : None
qcost : 0


=== Prime Orbit 367 =====================
size : 2
num_suborbits: 1
814 (*) : ------0-0---1----0----0000
814     : ['locked_epoch1(node0)', '~ep_epoch2(node1)', '~held(node0)', '~locked_epoch3(node1)', '~transfer_epoch2(node0)', '~transfer_epoch2(node1)', '~transfer_epoch3(node0)', '~transfer_epoch3(node1)']
813     : --0------0---1--0-----0000
813     : ['locked_epoch1(node1)', '~ep_epoch2(node0)', '~held(node1)', '~locked_epoch3(node0)', '~transfer_epoch2(node0)', '~transfer_epoch2(node1)', '~transfer_epoch3(node0)', '~transfer_epoch3(node1)']
num_forall :   0
num_exists :   0
num_literals : 0
quantified form : None
qcost : 0


=== Prime Orbit 368 =====================
size : 2
num_suborbits: 1
816 (*) : -------00---1--0------0000
816     : ['locked_epoch1(node0)', '~ep_epoch3(node1)', '~held(node0)', '~locked_epoch2(node1)', '~transfer_epoch2(node0)', '~transfer_epoch2(node1)', '~transfer_epoch3(node0)', '~transfer_epoch3(node1)']
815     : ---0-----0---10-------0000
815     : ['locked_epoch1(node1)', '~ep_epoch3(node0)', '~held(node1)', '~locked_epoch2(node0)', '~transfer_epoch2(node0)', '~transfer_epoch2(node1)', '~transfer_epoch3(node0)', '~transfer_epoch3(node1)']
num_forall :   0
num_exists :   0
num_literals : 0
quantified form : None
qcost : 0


=== Prime Orbit 369 =====================
size : 2
num_suborbits: 1
812 (*) : --------0---1--0-0----0000
812     : ['locked_epoch1(node0)', '~held(node0)', '~locked_epoch2(node1)', '~locked_epoch3(node1)', '~transfer_epoch2(node0)', '~transfer_epoch2(node1)', '~transfer_epoch3(node0)', '~transfer_epoch3(node1)']
811     : ---------0---10-0-----0000
811     : ['locked_epoch1(node1)', '~held(node1)', '~locked_epoch2(node0)', '~locked_epoch3(node0)', '~transfer_epoch2(node0)', '~transfer_epoch2(node1)', '~transfer_epoch3(node0)', '~transfer_epoch3(node1)']
num_forall :   0
num_exists :   0
num_literals : 0
quantified form : None
qcost : 0


=== Prime Orbit 370 =====================
size : 2
num_suborbits: 1
832 (*) : 0-----000-------------0000
832     : ['~ep_epoch0(node0)', '~ep_epoch2(node1)', '~ep_epoch3(node1)', '~held(node0)', '~transfer_epoch2(node0)', '~transfer_epoch2(node1)', '~transfer_epoch3(node0)', '~transfer_epoch3(node1)']
831     : --000----0------------0000
831     : ['~ep_epoch0(node1)', '~ep_epoch2(node0)', '~ep_epoch3(node0)', '~held(node1)', '~transfer_epoch2(node0)', '~transfer_epoch2(node1)', '~transfer_epoch3(node0)', '~transfer_epoch3(node1)']
num_forall :   0
num_exists :   0
num_literals : 0
quantified form : None
qcost : 0


=== Prime Orbit 371 =====================
size : 2
num_suborbits: 1
838 (*) : 0-----0-0--------0----0000
838     : ['~ep_epoch0(node0)', '~ep_epoch2(node1)', '~held(node0)', '~locked_epoch3(node1)', '~transfer_epoch2(node0)', '~transfer_epoch2(node1)', '~transfer_epoch3(node0)', '~transfer_epoch3(node1)']
837     : --0-0----0------0-----0000
837     : ['~ep_epoch0(node1)', '~ep_epoch2(node0)', '~held(node1)', '~locked_epoch3(node0)', '~transfer_epoch2(node0)', '~transfer_epoch2(node1)', '~transfer_epoch3(node0)', '~transfer_epoch3(node1)']
num_forall :   0
num_exists :   0
num_literals : 0
quantified form : None
qcost : 0


=== Prime Orbit 372 =====================
size : 2
num_suborbits: 1
826 (*) : 0------00------0------0000
826     : ['~ep_epoch0(node0)', '~ep_epoch3(node1)', '~held(node0)', '~locked_epoch2(node1)', '~transfer_epoch2(node0)', '~transfer_epoch2(node1)', '~transfer_epoch3(node0)', '~transfer_epoch3(node1)']
825     : ---00----0----0-------0000
825     : ['~ep_epoch0(node1)', '~ep_epoch3(node0)', '~held(node1)', '~locked_epoch2(node0)', '~transfer_epoch2(node0)', '~transfer_epoch2(node1)', '~transfer_epoch3(node0)', '~transfer_epoch3(node1)']
num_forall :   0
num_exists :   0
num_literals : 0
quantified form : None
qcost : 0


=== Prime Orbit 373 =====================
size : 2
num_suborbits: 1
822 (*) : 0-------0------0-0----0000
822     : ['~ep_epoch0(node0)', '~held(node0)', '~locked_epoch2(node1)', '~locked_epoch3(node1)', '~transfer_epoch2(node0)', '~transfer_epoch2(node1)', '~transfer_epoch3(node0)', '~transfer_epoch3(node1)']
821     : ----0----0----0-0-----0000
821     : ['~ep_epoch0(node1)', '~held(node1)', '~locked_epoch2(node0)', '~locked_epoch3(node0)', '~transfer_epoch2(node0)', '~transfer_epoch2(node1)', '~transfer_epoch3(node0)', '~transfer_epoch3(node1)']
num_forall :   0
num_exists :   0
num_literals : 0
quantified form : None
qcost : 0


=== Prime Orbit 374 =====================
size : 2
num_suborbits: 1
835 (*) : -000-----0------------0000
835     : ['~ep_epoch1(node0)', '~ep_epoch2(node0)', '~ep_epoch3(node0)', '~held(node1)', '~transfer_epoch2(node0)', '~transfer_epoch2(node1)', '~transfer_epoch3(node0)', '~transfer_epoch3(node1)']
836     : -----0000-------------0000
836     : ['~ep_epoch1(node1)', '~ep_epoch2(node1)', '~ep_epoch3(node1)', '~held(node0)', '~transfer_epoch2(node0)', '~transfer_epoch2(node1)', '~transfer_epoch3(node0)', '~transfer_epoch3(node1)']
num_forall :   0
num_exists :   0
num_literals : 0
quantified form : None
qcost : 0


=== Prime Orbit 375 =====================
size : 2
num_suborbits: 1
841 (*) : -00------0------0-----0000
841     : ['~ep_epoch1(node0)', '~ep_epoch2(node0)', '~held(node1)', '~locked_epoch3(node0)', '~transfer_epoch2(node0)', '~transfer_epoch2(node1)', '~transfer_epoch3(node0)', '~transfer_epoch3(node1)']
842     : -----00-0--------0----0000
842     : ['~ep_epoch1(node1)', '~ep_epoch2(node1)', '~held(node0)', '~locked_epoch3(node1)', '~transfer_epoch2(node0)', '~transfer_epoch2(node1)', '~transfer_epoch3(node0)', '~transfer_epoch3(node1)']
num_forall :   0
num_exists :   0
num_literals : 0
quantified form : None
qcost : 0


=== Prime Orbit 376 =====================
size : 2
num_suborbits: 1
829 (*) : -0-0-----0----0-------0000
829     : ['~ep_epoch1(node0)', '~ep_epoch3(node0)', '~held(node1)', '~locked_epoch2(node0)', '~transfer_epoch2(node0)', '~transfer_epoch2(node1)', '~transfer_epoch3(node0)', '~transfer_epoch3(node1)']
830     : -----0-00------0------0000
830     : ['~ep_epoch1(node1)', '~ep_epoch3(node1)', '~held(node0)', '~locked_epoch2(node1)', '~transfer_epoch2(node0)', '~transfer_epoch2(node1)', '~transfer_epoch3(node0)', '~transfer_epoch3(node1)']
num_forall :   0
num_exists :   0
num_literals : 0
quantified form : None
qcost : 0


=== Prime Orbit 377 =====================
size : 2
num_suborbits: 1
819 (*) : -0-------0----0-0-----0000
819     : ['~ep_epoch1(node0)', '~held(node1)', '~locked_epoch2(node0)', '~locked_epoch3(node0)', '~transfer_epoch2(node0)', '~transfer_epoch2(node1)', '~transfer_epoch3(node0)', '~transfer_epoch3(node1)']
820     : -----0--0------0-0----0000
820     : ['~ep_epoch1(node1)', '~held(node0)', '~locked_epoch2(node1)', '~locked_epoch3(node1)', '~transfer_epoch2(node0)', '~transfer_epoch2(node1)', '~transfer_epoch3(node0)', '~transfer_epoch3(node1)']
num_forall :   0
num_exists :   0
num_literals : 0
quantified form : None
qcost : 0


=== Prime Orbit 378 =====================
size : 2
num_suborbits: 1
833 (*) : --00-----0--0---------0000
833     : ['~ep_epoch2(node0)', '~ep_epoch3(node0)', '~held(node1)', '~locked_epoch1(node0)', '~transfer_epoch2(node0)', '~transfer_epoch2(node1)', '~transfer_epoch3(node0)', '~transfer_epoch3(node1)']
834     : ------000----0--------0000
834     : ['~ep_epoch2(node1)', '~ep_epoch3(node1)', '~held(node0)', '~locked_epoch1(node1)', '~transfer_epoch2(node0)', '~transfer_epoch2(node1)', '~transfer_epoch3(node0)', '~transfer_epoch3(node1)']
num_forall :   0
num_exists :   0
num_literals : 0
quantified form : None
qcost : 0


=== Prime Orbit 379 =====================
size : 2
num_suborbits: 1
839 (*) : --0------0--0---0-----0000
839     : ['~ep_epoch2(node0)', '~held(node1)', '~locked_epoch1(node0)', '~locked_epoch3(node0)', '~transfer_epoch2(node0)', '~transfer_epoch2(node1)', '~transfer_epoch3(node0)', '~transfer_epoch3(node1)']
840     : ------0-0----0---0----0000
840     : ['~ep_epoch2(node1)', '~held(node0)', '~locked_epoch1(node1)', '~locked_epoch3(node1)', '~transfer_epoch2(node0)', '~transfer_epoch2(node1)', '~transfer_epoch3(node0)', '~transfer_epoch3(node1)']
num_forall :   0
num_exists :   0
num_literals : 0
quantified form : None
qcost : 0


=== Prime Orbit 380 =====================
size : 2
num_suborbits: 1
827 (*) : ---0-----0--0-0-------0000
827     : ['~ep_epoch3(node0)', '~held(node1)', '~locked_epoch1(node0)', '~locked_epoch2(node0)', '~transfer_epoch2(node0)', '~transfer_epoch2(node1)', '~transfer_epoch3(node0)', '~transfer_epoch3(node1)']
828     : -------00----0-0------0000
828     : ['~ep_epoch3(node1)', '~held(node0)', '~locked_epoch1(node1)', '~locked_epoch2(node1)', '~transfer_epoch2(node0)', '~transfer_epoch2(node1)', '~transfer_epoch3(node0)', '~transfer_epoch3(node1)']
num_forall :   0
num_exists :   0
num_literals : 0
quantified form : None
qcost : 0


=== Prime Orbit 381 =====================
size : 2
num_suborbits: 1
824 (*) : --------0----0-0-0----0000
824     : ['~held(node0)', '~locked_epoch1(node1)', '~locked_epoch2(node1)', '~locked_epoch3(node1)', '~transfer_epoch2(node0)', '~transfer_epoch2(node1)', '~transfer_epoch3(node0)', '~transfer_epoch3(node1)']
823     : ---------0--0-0-0-----0000
823     : ['~held(node1)', '~locked_epoch1(node0)', '~locked_epoch2(node0)', '~locked_epoch3(node0)', '~transfer_epoch2(node0)', '~transfer_epoch2(node1)', '~transfer_epoch3(node0)', '~transfer_epoch3(node1)']
num_forall :   0
num_exists :   0
num_literals : 0
quantified form : None
qcost : 0



[PRIME NOTE]: number of orbits after merging: 382

[PRIME NOTE]: number of orbits before merging: 441

[PRIME NOTE]: number of primes: 851

[QRM NOTE]: Time elapsed since start: 6.427 seconds

[QRM NOTE]: Time elapsed since last: 0.332 seconds

[QRM NOTE]: Peak memory: 2246517 bytes


==================================================================================================

	[RED]: PRIME REDUCTION on [ivybench/total/ivy/distributed_lock.ivy: node=2,epoch=4]

==================================================================================================

[QRM NOTE]: Time elapsed since start: 6.441 seconds

[QRM NOTE]: Time elapsed since last: 0.013 seconds

[QRM NOTE]: Peak memory: 1706136 bytes


======================================================================================================

	[QI]: Quantifier Inference on [ivybench/total/ivy/distributed_lock.ivy: node=2,epoch=4]

======================================================================================================


================================================================================================================

	[QI RESULT]: Quantified Prime Orbits on [ivybench/total/ivy/distributed_lock.ivy: node=2,epoch=4]

================================================================================================================


=== Prime Orbit 0 =====================
size : 2
num_suborbits: 1
2 (*) : ----------1---------------
2     : ['locked_epoch0(node0)']
3     : -----------1--------------
3     : ['locked_epoch0(node1)']
num_forall :   1
num_exists :   0
num_literals : 1
quantified form : forall NODE0. ~locked_epoch0(NODE0)
qcost : 2




=== Prime Orbit 1 =====================
size : 2
num_suborbits: 1
0 (*) : --------------------1-----
0     : ['transfer_epoch1(node0)']
1     : ---------------------1----
1     : ['transfer_epoch1(node1)']
num_forall :   1
num_exists :   0
num_literals : 1
quantified form : forall NODE0. ~transfer_epoch1(NODE0)
qcost : 2




=== Prime Orbit 2 =====================
size : 1
num_suborbits: 1
65 (*) : 1---1---------------------
65     : ['ep_epoch0(node0)', 'ep_epoch0(node1)']
num_forall :   0
num_exists :   1
num_literals : 1
quantified form : exists NODE0. ~ep_epoch0(NODE0)
qcost : 2




=== Prime Orbit 3 =====================
size : 2
num_suborbits: 1
59 (*) : 11------------------------
59     : ['ep_epoch0(node0)', 'ep_epoch1(node0)']
60     : ----11--------------------
60     : ['ep_epoch0(node1)', 'ep_epoch1(node1)']
num_forall :   1
num_exists :   0
num_literals : 2
quantified form : forall NODE0. ~ep_epoch0(NODE0) | ~ep_epoch1(NODE0)
qcost : 3




=== Prime Orbit 4 =====================
size : 2
num_suborbits: 1
61 (*) : 1-1-----------------------
61     : ['ep_epoch0(node0)', 'ep_epoch2(node0)']
62     : ----1-1-------------------
62     : ['ep_epoch0(node1)', 'ep_epoch2(node1)']
num_forall :   1
num_exists :   0
num_literals : 2
quantified form : forall NODE0. ~ep_epoch0(NODE0) | ~ep_epoch2(NODE0)
qcost : 3




=== Prime Orbit 5 =====================
size : 2
num_suborbits: 1
66 (*) : 1--1----------------------
66     : ['ep_epoch0(node0)', 'ep_epoch3(node0)']
67     : ----1--1------------------
67     : ['ep_epoch0(node1)', 'ep_epoch3(node1)']
num_forall :   1
num_exists :   0
num_literals : 2
quantified form : forall NODE0. ~ep_epoch0(NODE0) | ~ep_epoch3(NODE0)
qcost : 3




=== Prime Orbit 6 =====================
size : 2
num_suborbits: 1
63 (*) : 1-------1-----------------
63     : ['ep_epoch0(node0)', 'held(node0)']
64     : ----1----1----------------
64     : ['ep_epoch0(node1)', 'held(node1)']
num_forall :   1
num_exists :   0
num_literals : 2
quantified form : forall NODE0. ~ep_epoch0(NODE0) | ~held(NODE0)
qcost : 3




=== Prime Orbit 7 =====================
size : 2
num_suborbits: 1
57 (*) : 1-----------1-------------
57     : ['ep_epoch0(node0)', 'locked_epoch1(node0)']
58     : ----1--------1------------
58     : ['ep_epoch0(node1)', 'locked_epoch1(node1)']
num_forall :   1
num_exists :   0
num_literals : 2
quantified form : forall NODE0. ~ep_epoch0(NODE0) | ~locked_epoch1(NODE0)
qcost : 3




=== Prime Orbit 8 =====================
size : 2
num_suborbits: 1
54 (*) : 1-------------1-----------
54     : ['ep_epoch0(node0)', 'locked_epoch2(node0)']
53     : ----1----------1----------
53     : ['ep_epoch0(node1)', 'locked_epoch2(node1)']
num_forall :   1
num_exists :   0
num_literals : 2
quantified form : forall NODE0. ~ep_epoch0(NODE0) | ~locked_epoch2(NODE0)
qcost : 3




=== Prime Orbit 9 =====================
size : 2
num_suborbits: 1
21 (*) : 1---------------1---------
21     : ['ep_epoch0(node0)', 'locked_epoch3(node0)']
20     : ----1------------1--------
20     : ['ep_epoch0(node1)', 'locked_epoch3(node1)']
num_forall :   1
num_exists :   0
num_literals : 2
quantified form : forall NODE0. ~ep_epoch0(NODE0) | ~locked_epoch3(NODE0)
qcost : 3




=== Prime Orbit 10 =====================
size : 2
num_suborbits: 1
30 (*) : 1------------0------------
30     : ['ep_epoch0(node0)', '~locked_epoch1(node1)']
31     : ----1-------0-------------
31     : ['ep_epoch0(node1)', '~locked_epoch1(node0)']
num_forall :   2
num_exists :   0
num_literals : 3
quantified form : forall NODE0,NODE1. ~ep_epoch0(NODE0) | locked_epoch1(NODE1) | NODE0 = NODE1
qcost : 5




=== Prime Orbit 11 =====================
size : 1
num_suborbits: 1
91 (*) : -1---1--------------------
91     : ['ep_epoch1(node0)', 'ep_epoch1(node1)']
num_forall :   0
num_exists :   1
num_literals : 1
quantified form : exists NODE0. ~ep_epoch1(NODE0)
qcost : 2




=== Prime Orbit 12 =====================
size : 2
num_suborbits: 1
82 (*) : -11-----------------------
82     : ['ep_epoch1(node0)', 'ep_epoch2(node0)']
81     : -----11-------------------
81     : ['ep_epoch1(node1)', 'ep_epoch2(node1)']
num_forall :   1
num_exists :   0
num_literals : 2
quantified form : forall NODE0. ~ep_epoch1(NODE0) | ~ep_epoch2(NODE0)
qcost : 3




=== Prime Orbit 13 =====================
size : 2
num_suborbits: 1
69 (*) : -1-1----------------------
69     : ['ep_epoch1(node0)', 'ep_epoch3(node0)']
68     : -----1-1------------------
68     : ['ep_epoch1(node1)', 'ep_epoch3(node1)']
num_forall :   1
num_exists :   0
num_literals : 2
quantified form : forall NODE0. ~ep_epoch1(NODE0) | ~ep_epoch3(NODE0)
qcost : 3




=== Prime Orbit 14 =====================
size : 2
num_suborbits: 1
84 (*) : -1-----------1------------
84     : ['ep_epoch1(node0)', 'locked_epoch1(node1)']
85     : -----1------1-------------
85     : ['ep_epoch1(node1)', 'locked_epoch1(node0)']
num_forall :   2
num_exists :   0
num_literals : 3
quantified form : forall NODE0,NODE1. ~ep_epoch1(NODE0) | ~locked_epoch1(NODE1) | NODE0 = NODE1
qcost : 5




=== Prime Orbit 15 =====================
size : 2
num_suborbits: 1
56 (*) : -1------------1-----------
56     : ['ep_epoch1(node0)', 'locked_epoch2(node0)']
55     : -----1---------1----------
55     : ['ep_epoch1(node1)', 'locked_epoch2(node1)']
num_forall :   1
num_exists :   0
num_literals : 2
quantified form : forall NODE0. ~ep_epoch1(NODE0) | ~locked_epoch2(NODE0)
qcost : 3




=== Prime Orbit 16 =====================
size : 2
num_suborbits: 1
15 (*) : -1--------------1---------
15     : ['ep_epoch1(node0)', 'locked_epoch3(node0)']
14     : -----1-----------1--------
14     : ['ep_epoch1(node1)', 'locked_epoch3(node1)']
num_forall :   1
num_exists :   0
num_literals : 2
quantified form : forall NODE0. ~ep_epoch1(NODE0) | ~locked_epoch3(NODE0)
qcost : 3




=== Prime Orbit 17 =====================
size : 2
num_suborbits: 1
29 (*) : -1----------0-------------
29     : ['ep_epoch1(node0)', '~locked_epoch1(node0)']
28     : -----1-------0------------
28     : ['ep_epoch1(node1)', '~locked_epoch1(node1)']
num_forall :   1
num_exists :   0
num_literals : 2
quantified form : forall NODE0. ~ep_epoch1(NODE0) | locked_epoch1(NODE0)
qcost : 3




=== Prime Orbit 18 =====================
size : 1
num_suborbits: 1
94 (*) : --1---1-------------------
94     : ['ep_epoch2(node0)', 'ep_epoch2(node1)']
num_forall :   0
num_exists :   1
num_literals : 1
quantified form : exists NODE0. ~ep_epoch2(NODE0)
qcost : 2




=== Prime Orbit 19 =====================
size : 2
num_suborbits: 1
71 (*) : --11----------------------
71     : ['ep_epoch2(node0)', 'ep_epoch3(node0)']
70     : ------11------------------
70     : ['ep_epoch2(node1)', 'ep_epoch3(node1)']
num_forall :   1
num_exists :   0
num_literals : 2
quantified form : forall NODE0. ~ep_epoch2(NODE0) | ~ep_epoch3(NODE0)
qcost : 3




=== Prime Orbit 20 =====================
size : 2
num_suborbits: 1
51 (*) : --1------------1----------
51     : ['ep_epoch2(node0)', 'locked_epoch2(node1)']
52     : ------1-------1-----------
52     : ['ep_epoch2(node1)', 'locked_epoch2(node0)']
num_forall :   2
num_exists :   0
num_literals : 3
quantified form : forall NODE0,NODE1. ~ep_epoch2(NODE0) | ~locked_epoch2(NODE1) | NODE0 = NODE1
qcost : 5




=== Prime Orbit 21 =====================
size : 2
num_suborbits: 1
17 (*) : --1-------------1---------
17     : ['ep_epoch2(node0)', 'locked_epoch3(node0)']
16     : ------1----------1--------
16     : ['ep_epoch2(node1)', 'locked_epoch3(node1)']
num_forall :   1
num_exists :   0
num_literals : 2
quantified form : forall NODE0. ~ep_epoch2(NODE0) | ~locked_epoch3(NODE0)
qcost : 3




=== Prime Orbit 22 =====================
size : 4
num_suborbits: 2
39 (*) : --1-------------------1---
39     : ['ep_epoch2(node0)', 'transfer_epoch2(node0)']
44     : --1--------------------1--
44     : ['ep_epoch2(node0)', 'transfer_epoch2(node1)']
45     : ------1---------------1---
45     : ['ep_epoch2(node1)', 'transfer_epoch2(node0)']
38     : ------1----------------1--
38     : ['ep_epoch2(node1)', 'transfer_epoch2(node1)']
num_forall :   2
num_exists :   0
num_literals : 2
quantified form : forall NODE0,NODE1. ~ep_epoch2(NODE0) | ~transfer_epoch2(NODE1)
qcost : 4




=== Prime Orbit 23 =====================
size : 2
num_suborbits: 1
93 (*) : --1-----------0-----------
93     : ['ep_epoch2(node0)', '~locked_epoch2(node0)']
92     : ------1--------0----------
92     : ['ep_epoch2(node1)', '~locked_epoch2(node1)']
num_forall :   1
num_exists :   0
num_literals : 2
quantified form : forall NODE0. ~ep_epoch2(NODE0) | locked_epoch2(NODE0)
qcost : 3




=== Prime Orbit 24 =====================
size : 1
num_suborbits: 1
80 (*) : ---1---1------------------
80     : ['ep_epoch3(node0)', 'ep_epoch3(node1)']
num_forall :   0
num_exists :   1
num_literals : 1
quantified form : exists NODE0. ~ep_epoch3(NODE0)
qcost : 2




=== Prime Orbit 25 =====================
size : 2
num_suborbits: 1
77 (*) : ---1-----1----------------
77     : ['ep_epoch3(node0)', 'held(node1)']
76     : -------11-----------------
76     : ['ep_epoch3(node1)', 'held(node0)']
num_forall :   2
num_exists :   0
num_literals : 3
quantified form : forall NODE0,NODE1. ~ep_epoch3(NODE0) | ~held(NODE1) | NODE0 = NODE1
qcost : 5




=== Prime Orbit 26 =====================
size : 2
num_suborbits: 1
4 (*) : ---1-------------1--------
4     : ['ep_epoch3(node0)', 'locked_epoch3(node1)']
5     : -------1--------1---------
5     : ['ep_epoch3(node1)', 'locked_epoch3(node0)']
num_forall :   2
num_exists :   0
num_literals : 3
quantified form : forall NODE0,NODE1. ~ep_epoch3(NODE0) | ~locked_epoch3(NODE1) | NODE0 = NODE1
qcost : 5




=== Prime Orbit 27 =====================
size : 4
num_suborbits: 2
41 (*) : ---1------------------1---
41     : ['ep_epoch3(node0)', 'transfer_epoch2(node0)']
46     : ---1-------------------1--
46     : ['ep_epoch3(node0)', 'transfer_epoch2(node1)']
47     : -------1--------------1---
47     : ['ep_epoch3(node1)', 'transfer_epoch2(node0)']
40     : -------1---------------1--
40     : ['ep_epoch3(node1)', 'transfer_epoch2(node1)']
num_forall :   2
num_exists :   0
num_literals : 2
quantified form : forall NODE0,NODE1. ~ep_epoch3(NODE0) | ~transfer_epoch2(NODE1)
qcost : 4




=== Prime Orbit 28 =====================
size : 4
num_suborbits: 2
75 (*) : ---1--------------------1-
75     : ['ep_epoch3(node0)', 'transfer_epoch3(node0)']
95     : ---1---------------------1
95     : ['ep_epoch3(node0)', 'transfer_epoch3(node1)']
96     : -------1----------------1-
96     : ['ep_epoch3(node1)', 'transfer_epoch3(node0)']
74     : -------1-----------------1
74     : ['ep_epoch3(node1)', 'transfer_epoch3(node1)']
num_forall :   2
num_exists :   0
num_literals : 2
quantified form : forall NODE0,NODE1. ~ep_epoch3(NODE0) | ~transfer_epoch3(NODE1)
qcost : 4




=== Prime Orbit 29 =====================
size : 2
num_suborbits: 1
79 (*) : ---1----0-----------------
79     : ['ep_epoch3(node0)', '~held(node0)']
78     : -------1-0----------------
78     : ['ep_epoch3(node1)', '~held(node1)']
num_forall :   1
num_exists :   0
num_literals : 2
quantified form : forall NODE0. ~ep_epoch3(NODE0) | held(NODE0)
qcost : 3




=== Prime Orbit 30 =====================
size : 2
num_suborbits: 1
73 (*) : ---1------------0---------
73     : ['ep_epoch3(node0)', '~locked_epoch3(node0)']
72     : -------1---------0--------
72     : ['ep_epoch3(node1)', '~locked_epoch3(node1)']
num_forall :   1
num_exists :   0
num_literals : 2
quantified form : forall NODE0. ~ep_epoch3(NODE0) | locked_epoch3(NODE0)
qcost : 3




=== Prime Orbit 31 =====================
size : 1
num_suborbits: 1
88 (*) : --------11----------------
88     : ['held(node0)', 'held(node1)']
num_forall :   0
num_exists :   1
num_literals : 1
quantified form : exists NODE0. ~held(NODE0)
qcost : 2




=== Prime Orbit 32 =====================
size : 2
num_suborbits: 1
12 (*) : --------1--------1--------
12     : ['held(node0)', 'locked_epoch3(node1)']
13     : ---------1------1---------
13     : ['held(node1)', 'locked_epoch3(node0)']
num_forall :   2
num_exists :   0
num_literals : 3
quantified form : forall NODE0,NODE1. ~held(NODE0) | ~locked_epoch3(NODE1) | NODE0 = NODE1
qcost : 5




=== Prime Orbit 33 =====================
size : 4
num_suborbits: 2
43 (*) : --------1-------------1---
43     : ['held(node0)', 'transfer_epoch2(node0)']
36     : --------1--------------1--
36     : ['held(node0)', 'transfer_epoch2(node1)']
37     : ---------1------------1---
37     : ['held(node1)', 'transfer_epoch2(node0)']
42     : ---------1-------------1--
42     : ['held(node1)', 'transfer_epoch2(node1)']
num_forall :   2
num_exists :   0
num_literals : 2
quantified form : forall NODE0,NODE1. ~held(NODE0) | ~transfer_epoch2(NODE1)
qcost : 4




=== Prime Orbit 34 =====================
size : 4
num_suborbits: 2
87 (*) : --------1---------------1-
87     : ['held(node0)', 'transfer_epoch3(node0)']
89     : --------1----------------1
89     : ['held(node0)', 'transfer_epoch3(node1)']
90     : ---------1--------------1-
90     : ['held(node1)', 'transfer_epoch3(node0)']
86     : ---------1---------------1
86     : ['held(node1)', 'transfer_epoch3(node1)']
num_forall :   2
num_exists :   0
num_literals : 2
quantified form : forall NODE0,NODE1. ~held(NODE0) | ~transfer_epoch3(NODE1)
qcost : 4




=== Prime Orbit 35 =====================
size : 1
num_suborbits: 1
83 (*) : ------------11------------
83     : ['locked_epoch1(node0)', 'locked_epoch1(node1)']
num_forall :   0
num_exists :   1
num_literals : 1
quantified form : exists NODE0. ~locked_epoch1(NODE0)
qcost : 2




=== Prime Orbit 36 =====================
size : 1
num_suborbits: 1
50 (*) : --------------11----------
50     : ['locked_epoch2(node0)', 'locked_epoch2(node1)']
num_forall :   0
num_exists :   1
num_literals : 1
quantified form : exists NODE0. ~locked_epoch2(NODE0)
qcost : 2




=== Prime Orbit 37 =====================
size : 4
num_suborbits: 2
49 (*) : --------------1-------1---
49     : ['locked_epoch2(node0)', 'transfer_epoch2(node0)']
32     : --------------1--------1--
32     : ['locked_epoch2(node0)', 'transfer_epoch2(node1)']
33     : ---------------1------1---
33     : ['locked_epoch2(node1)', 'transfer_epoch2(node0)']
48     : ---------------1-------1--
48     : ['locked_epoch2(node1)', 'transfer_epoch2(node1)']
num_forall :   2
num_exists :   0
num_literals : 2
quantified form : forall NODE0,NODE1. ~locked_epoch2(NODE0) | ~transfer_epoch2(NODE1)
qcost : 4




=== Prime Orbit 38 =====================
size : 1
num_suborbits: 1
22 (*) : ----------------11--------
22     : ['locked_epoch3(node0)', 'locked_epoch3(node1)']
num_forall :   0
num_exists :   1
num_literals : 1
quantified form : exists NODE0. ~locked_epoch3(NODE0)
qcost : 2




=== Prime Orbit 39 =====================
size : 4
num_suborbits: 2
19 (*) : ----------------1-----1---
19     : ['locked_epoch3(node0)', 'transfer_epoch2(node0)']
25     : ----------------1------1--
25     : ['locked_epoch3(node0)', 'transfer_epoch2(node1)']
26     : -----------------1----1---
26     : ['locked_epoch3(node1)', 'transfer_epoch2(node0)']
18     : -----------------1-----1--
18     : ['locked_epoch3(node1)', 'transfer_epoch2(node1)']
num_forall :   2
num_exists :   0
num_literals : 2
quantified form : forall NODE0,NODE1. ~locked_epoch3(NODE0) | ~transfer_epoch2(NODE1)
qcost : 4




=== Prime Orbit 40 =====================
size : 4
num_suborbits: 2
7 (*) : ----------------1-------1-
7     : ['locked_epoch3(node0)', 'transfer_epoch3(node0)']
23     : ----------------1--------1
23     : ['locked_epoch3(node0)', 'transfer_epoch3(node1)']
24     : -----------------1------1-
24     : ['locked_epoch3(node1)', 'transfer_epoch3(node0)']
6     : -----------------1-------1
6     : ['locked_epoch3(node1)', 'transfer_epoch3(node1)']
num_forall :   2
num_exists :   0
num_literals : 2
quantified form : forall NODE0,NODE1. ~locked_epoch3(NODE0) | ~transfer_epoch3(NODE1)
qcost : 4




=== Prime Orbit 41 =====================
size : 2
num_suborbits: 1
9 (*) : ---0------------1---------
9     : ['locked_epoch3(node0)', '~ep_epoch3(node0)']
8     : -------0---------1--------
8     : ['locked_epoch3(node1)', '~ep_epoch3(node1)']
num_forall :   1
num_exists :   0
num_literals : 2
quantified form : forall NODE0. ~locked_epoch3(NODE0) | ep_epoch3(NODE0)
qcost : 3




=== Prime Orbit 42 =====================
size : 2
num_suborbits: 1
11 (*) : --------0-------1---------
11     : ['locked_epoch3(node0)', '~held(node0)']
10     : ---------0-------1--------
10     : ['locked_epoch3(node1)', '~held(node1)']
num_forall :   1
num_exists :   0
num_literals : 2
quantified form : forall NODE0. ~locked_epoch3(NODE0) | held(NODE0)
qcost : 3




=== Prime Orbit 43 =====================
size : 1
num_suborbits: 1
99 (*) : ----------------------11--
99     : ['transfer_epoch2(node0)', 'transfer_epoch2(node1)']
num_forall :   0
num_exists :   1
num_literals : 1
quantified form : exists NODE0. ~transfer_epoch2(NODE0)
qcost : 2




=== Prime Orbit 44 =====================
size : 4
num_suborbits: 2
35 (*) : ----------------------1-1-
35     : ['transfer_epoch2(node0)', 'transfer_epoch3(node0)']
97     : ----------------------1--1
97     : ['transfer_epoch2(node0)', 'transfer_epoch3(node1)']
98     : -----------------------11-
98     : ['transfer_epoch2(node1)', 'transfer_epoch3(node0)']
34     : -----------------------1-1
34     : ['transfer_epoch2(node1)', 'transfer_epoch3(node1)']
num_forall :   2
num_exists :   0
num_literals : 2
quantified form : forall NODE0,NODE1. ~transfer_epoch2(NODE0) | ~transfer_epoch3(NODE1)
qcost : 4




=== Prime Orbit 45 =====================
size : 1
num_suborbits: 1
100 (*) : ------------------------11
100     : ['transfer_epoch3(node0)', 'transfer_epoch3(node1)']
num_forall :   0
num_exists :   1
num_literals : 1
quantified form : exists NODE0. ~transfer_epoch3(NODE0)
qcost : 2




=== Prime Orbit 46 =====================
size : 1
num_suborbits: 1
27 (*) : ------------00------------
27     : ['~locked_epoch1(node0)', '~locked_epoch1(node1)']
num_forall :   0
num_exists :   1
num_literals : 1
quantified form : exists NODE0. locked_epoch1(NODE0)
qcost : 2




=== Prime Orbit 47 =====================
size : 4
num_suborbits: 2
101 (*) : 1----0----------------1---
101     : ['ep_epoch0(node0)', 'transfer_epoch2(node0)', '~ep_epoch1(node1)']
103     : 1----0-----------------1--
103     : ['ep_epoch0(node0)', 'transfer_epoch2(node1)', '~ep_epoch1(node1)']
104     : -0--1-----------------1---
104     : ['ep_epoch0(node1)', 'transfer_epoch2(node0)', '~ep_epoch1(node0)']
102     : -0--1------------------1--
102     : ['ep_epoch0(node1)', 'transfer_epoch2(node1)', '~ep_epoch1(node0)']
num_forall :   3
num_exists :   0
num_literals : 7
quantified form : forall NODE0,NODE1,NODE2. ~ep_epoch0(NODE0) | ~transfer_epoch2(NODE1) | ep_epoch1(NODE2) | ((NODE0 ~= NODE1 | NODE0 = NODE2) & (NODE1 ~= NODE2 | NODE0 = NODE1))
qcost : 10




=== Prime Orbit 48 =====================
size : 2
num_suborbits: 1
109 (*) : -1----1-1-----------------
109     : ['ep_epoch1(node0)', 'ep_epoch2(node1)', 'held(node0)']
110     : --1--1---1----------------
110     : ['ep_epoch1(node1)', 'ep_epoch2(node0)', 'held(node1)']
num_forall :   2
num_exists :   0
num_literals : 4
quantified form : forall NODE0,NODE1. ~ep_epoch1(NODE0) | ~ep_epoch2(NODE1) | ~held(NODE0) | NODE0 = NODE1
qcost : 6




=== Prime Orbit 49 =====================
size : 2
num_suborbits: 1
131 (*) : -1------1------1----------
131     : ['ep_epoch1(node0)', 'held(node0)', 'locked_epoch2(node1)']
132     : -----1---1----1-----------
132     : ['ep_epoch1(node1)', 'held(node1)', 'locked_epoch2(node0)']
num_forall :   2
num_exists :   0
num_literals : 4
quantified form : forall NODE0,NODE1. ~ep_epoch1(NODE0) | ~held(NODE0) | ~locked_epoch2(NODE1) | NODE0 = NODE1
qcost : 6




=== Prime Orbit 50 =====================
size : 2
num_suborbits: 1
133 (*) : -1--0---1-----------------
133     : ['ep_epoch1(node0)', 'held(node0)', '~ep_epoch0(node1)']
134     : 0----1---1----------------
134     : ['ep_epoch1(node1)', 'held(node1)', '~ep_epoch0(node0)']
num_forall :   2
num_exists :   0
num_literals : 4
quantified form : forall NODE0,NODE1. ~ep_epoch1(NODE0) | ~held(NODE0) | ep_epoch0(NODE1) | NODE0 = NODE1
qcost : 6




=== Prime Orbit 51 =====================
size : 4
num_suborbits: 2
135 (*) : -1--0-----------------1---
135     : ['ep_epoch1(node0)', 'transfer_epoch2(node0)', '~ep_epoch0(node1)']
162     : -1--0------------------1--
162     : ['ep_epoch1(node0)', 'transfer_epoch2(node1)', '~ep_epoch0(node1)']
161     : 0----1----------------1---
161     : ['ep_epoch1(node1)', 'transfer_epoch2(node0)', '~ep_epoch0(node0)']
136     : 0----1-----------------1--
136     : ['ep_epoch1(node1)', 'transfer_epoch2(node1)', '~ep_epoch0(node0)']
num_forall :   3
num_exists :   0
num_literals : 7
quantified form : forall NODE0,NODE1,NODE2. ~ep_epoch1(NODE0) | ~transfer_epoch2(NODE1) | ep_epoch0(NODE2) | ((NODE0 ~= NODE1 | NODE0 = NODE2) & (NODE1 ~= NODE2 | NODE0 = NODE1))
qcost : 10




=== Prime Orbit 52 =====================
size : 2
num_suborbits: 1
108 (*) : --1----0-1----------------
108     : ['ep_epoch2(node0)', 'held(node1)', '~ep_epoch3(node1)']
107     : ---0--1-1-----------------
107     : ['ep_epoch2(node1)', 'held(node0)', '~ep_epoch3(node0)']
num_forall :   2
num_exists :   0
num_literals : 4
quantified form : forall NODE0,NODE1. ~ep_epoch2(NODE0) | ~held(NODE1) | ep_epoch3(NODE1) | NODE0 = NODE1
qcost : 6




=== Prime Orbit 53 =====================
size : 2
num_suborbits: 1
106 (*) : --1------1-------0--------
106     : ['ep_epoch2(node0)', 'held(node1)', '~locked_epoch3(node1)']
105     : ------1-1-------0---------
105     : ['ep_epoch2(node1)', 'held(node0)', '~locked_epoch3(node0)']
num_forall :   2
num_exists :   0
num_literals : 4
quantified form : forall NODE0,NODE1. ~ep_epoch2(NODE0) | ~held(NODE1) | locked_epoch3(NODE1) | NODE0 = NODE1
qcost : 6




=== Prime Orbit 54 =====================
size : 2
num_suborbits: 1
111 (*) : ---1--0--------1----------
111     : ['ep_epoch3(node0)', 'locked_epoch2(node1)', '~ep_epoch2(node1)']
112     : --0----1------1-----------
112     : ['ep_epoch3(node1)', 'locked_epoch2(node0)', '~ep_epoch2(node0)']
num_forall :   2
num_exists :   0
num_literals : 4
quantified form : forall NODE0,NODE1. ~ep_epoch3(NODE0) | ~locked_epoch2(NODE1) | ep_epoch2(NODE1) | NODE0 = NODE1
qcost : 6




=== Prime Orbit 55 =====================
size : 2
num_suborbits: 1
123 (*) : ------0-1------1----------
123     : ['held(node0)', 'locked_epoch2(node1)', '~ep_epoch2(node1)']
124     : --0------1----1-----------
124     : ['held(node1)', 'locked_epoch2(node0)', '~ep_epoch2(node0)']
num_forall :   2
num_exists :   0
num_literals : 4
quantified form : forall NODE0,NODE1. ~held(NODE0) | ~locked_epoch2(NODE1) | ep_epoch2(NODE1) | NODE0 = NODE1
qcost : 6




=== Prime Orbit 56 =====================
size : 2
num_suborbits: 1
127 (*) : ---0----1------1----------
127     : ['held(node0)', 'locked_epoch2(node1)', '~ep_epoch3(node0)']
128     : -------0-1----1-----------
128     : ['held(node1)', 'locked_epoch2(node0)', '~ep_epoch3(node1)']
num_forall :   2
num_exists :   0
num_literals : 4
quantified form : forall NODE0,NODE1. ~held(NODE0) | ~locked_epoch2(NODE1) | ep_epoch3(NODE0) | NODE0 = NODE1
qcost : 6




=== Prime Orbit 57 =====================
size : 2
num_suborbits: 1
125 (*) : --------1------10---------
125     : ['held(node0)', 'locked_epoch2(node1)', '~locked_epoch3(node0)']
126     : ---------1----1--0--------
126     : ['held(node1)', 'locked_epoch2(node0)', '~locked_epoch3(node1)']
num_forall :   2
num_exists :   0
num_literals : 4
quantified form : forall NODE0,NODE1. ~held(NODE0) | ~locked_epoch2(NODE1) | locked_epoch3(NODE0) | NODE0 = NODE1
qcost : 6




=== Prime Orbit 58 =====================
size : 4
num_suborbits: 2
141 (*) : ----0-------1---------1---
141     : ['locked_epoch1(node0)', 'transfer_epoch2(node0)', '~ep_epoch0(node1)']
160     : ----0-------1----------1--
160     : ['locked_epoch1(node0)', 'transfer_epoch2(node1)', '~ep_epoch0(node1)']
159     : 0------------1--------1---
159     : ['locked_epoch1(node1)', 'transfer_epoch2(node0)', '~ep_epoch0(node0)']
142     : 0------------1---------1--
142     : ['locked_epoch1(node1)', 'transfer_epoch2(node1)', '~ep_epoch0(node0)']
num_forall :   3
num_exists :   0
num_literals : 7
quantified form : forall NODE0,NODE1,NODE2. ~locked_epoch1(NODE0) | ~transfer_epoch2(NODE1) | ep_epoch0(NODE2) | ((NODE0 ~= NODE1 | NODE0 = NODE2) & (NODE1 ~= NODE2 | NODE0 = NODE1))
qcost : 10




=== Prime Orbit 59 =====================
size : 4
num_suborbits: 2
149 (*) : -0----------1---------1---
149     : ['locked_epoch1(node0)', 'transfer_epoch2(node0)', '~ep_epoch1(node0)']
158     : -0----------1----------1--
158     : ['locked_epoch1(node0)', 'transfer_epoch2(node1)', '~ep_epoch1(node0)']
157     : -----0-------1--------1---
157     : ['locked_epoch1(node1)', 'transfer_epoch2(node0)', '~ep_epoch1(node1)']
150     : -----0-------1---------1--
150     : ['locked_epoch1(node1)', 'transfer_epoch2(node1)', '~ep_epoch1(node1)']
num_forall :   2
num_exists :   0
num_literals : 3
quantified form : forall NODE0,NODE1. ~locked_epoch1(NODE0) | ~transfer_epoch2(NODE1) | ep_epoch1(NODE0)
qcost : 5




=== Prime Orbit 60 =====================
size : 2
num_suborbits: 1
130 (*) : --0-----------1--1--------
130     : ['locked_epoch2(node0)', 'locked_epoch3(node1)', '~ep_epoch2(node0)']
129     : ------0--------11---------
129     : ['locked_epoch2(node1)', 'locked_epoch3(node0)', '~ep_epoch2(node1)']
num_forall :   2
num_exists :   0
num_literals : 4
quantified form : forall NODE0,NODE1. ~locked_epoch2(NODE0) | ~locked_epoch3(NODE1) | ep_epoch2(NODE0) | NODE0 = NODE1
qcost : 6




=== Prime Orbit 61 =====================
size : 4
num_suborbits: 2
113 (*) : --0-----------1---------1-
113     : ['locked_epoch2(node0)', 'transfer_epoch3(node0)', '~ep_epoch2(node0)']
116     : --0-----------1----------1
116     : ['locked_epoch2(node0)', 'transfer_epoch3(node1)', '~ep_epoch2(node0)']
115     : ------0--------1--------1-
115     : ['locked_epoch2(node1)', 'transfer_epoch3(node0)', '~ep_epoch2(node1)']
114     : ------0--------1---------1
114     : ['locked_epoch2(node1)', 'transfer_epoch3(node1)', '~ep_epoch2(node1)']
num_forall :   2
num_exists :   0
num_literals : 3
quantified form : forall NODE0,NODE1. ~locked_epoch2(NODE0) | ~transfer_epoch3(NODE1) | ep_epoch2(NODE0)
qcost : 5




=== Prime Orbit 62 =====================
size : 2
num_suborbits: 1
122 (*) : --00----------1-----------
122     : ['locked_epoch2(node0)', '~ep_epoch2(node0)', '~ep_epoch3(node0)']
121     : ------00-------1----------
121     : ['locked_epoch2(node1)', '~ep_epoch2(node1)', '~ep_epoch3(node1)']
num_forall :   1
num_exists :   0
num_literals : 3
quantified form : forall NODE0. ~locked_epoch2(NODE0) | ep_epoch2(NODE0) | ep_epoch3(NODE0)
qcost : 4




=== Prime Orbit 63 =====================
size : 2
num_suborbits: 1
117 (*) : --0-----0-----1-----------
117     : ['locked_epoch2(node0)', '~ep_epoch2(node0)', '~held(node0)']
118     : ------0--0-----1----------
118     : ['locked_epoch2(node1)', '~ep_epoch2(node1)', '~held(node1)']
num_forall :   1
num_exists :   0
num_literals : 3
quantified form : forall NODE0. ~locked_epoch2(NODE0) | ep_epoch2(NODE0) | held(NODE0)
qcost : 4




=== Prime Orbit 64 =====================
size : 2
num_suborbits: 1
120 (*) : --0-----------1-0---------
120     : ['locked_epoch2(node0)', '~ep_epoch2(node0)', '~locked_epoch3(node0)']
119     : ------0--------1-0--------
119     : ['locked_epoch2(node1)', '~ep_epoch2(node1)', '~locked_epoch3(node1)']
num_forall :   1
num_exists :   0
num_literals : 3
quantified form : forall NODE0. ~locked_epoch2(NODE0) | ep_epoch2(NODE0) | locked_epoch3(NODE0)
qcost : 4




=== Prime Orbit 65 =====================
size : 2
num_suborbits: 1
139 (*) : 0---0-----------------1---
139     : ['transfer_epoch2(node0)', '~ep_epoch0(node0)', '~ep_epoch0(node1)']
140     : 0---0------------------1--
140     : ['transfer_epoch2(node1)', '~ep_epoch0(node0)', '~ep_epoch0(node1)']
num_forall :   2
num_exists :   0
num_literals : 4
quantified form : forall NODE0,NODE1. ~transfer_epoch2(NODE0) | ep_epoch0(NODE0) | ep_epoch0(NODE1) | NODE0 = NODE1
qcost : 6




=== Prime Orbit 66 =====================
size : 4
num_suborbits: 2
147 (*) : 00--------------------1---
147     : ['transfer_epoch2(node0)', '~ep_epoch0(node0)', '~ep_epoch1(node0)']
137     : ----00----------------1---
137     : ['transfer_epoch2(node0)', '~ep_epoch0(node1)', '~ep_epoch1(node1)']
138     : 00---------------------1--
138     : ['transfer_epoch2(node1)', '~ep_epoch0(node0)', '~ep_epoch1(node0)']
148     : ----00-----------------1--
148     : ['transfer_epoch2(node1)', '~ep_epoch0(node1)', '~ep_epoch1(node1)']
num_forall :   2
num_exists :   0
num_literals : 3
quantified form : forall NODE0,NODE1. ~transfer_epoch2(NODE0) | ep_epoch0(NODE1) | ep_epoch1(NODE1)
qcost : 5




=== Prime Orbit 67 =====================
size : 4
num_suborbits: 2
155 (*) : 0-----------0---------1---
155     : ['transfer_epoch2(node0)', '~ep_epoch0(node0)', '~locked_epoch1(node0)']
143     : ----0--------0--------1---
143     : ['transfer_epoch2(node0)', '~ep_epoch0(node1)', '~locked_epoch1(node1)']
144     : 0-----------0----------1--
144     : ['transfer_epoch2(node1)', '~ep_epoch0(node0)', '~locked_epoch1(node0)']
156     : ----0--------0---------1--
156     : ['transfer_epoch2(node1)', '~ep_epoch0(node1)', '~locked_epoch1(node1)']
num_forall :   2
num_exists :   0
num_literals : 3
quantified form : forall NODE0,NODE1. ~transfer_epoch2(NODE0) | ep_epoch0(NODE1) | locked_epoch1(NODE1)
qcost : 5




=== Prime Orbit 68 =====================
size : 2
num_suborbits: 1
145 (*) : -0---0----------------1---
145     : ['transfer_epoch2(node0)', '~ep_epoch1(node0)', '~ep_epoch1(node1)']
146     : -0---0-----------------1--
146     : ['transfer_epoch2(node1)', '~ep_epoch1(node0)', '~ep_epoch1(node1)']
num_forall :   2
num_exists :   0
num_literals : 4
quantified form : forall NODE0,NODE1. ~transfer_epoch2(NODE0) | ep_epoch1(NODE0) | ep_epoch1(NODE1) | NODE0 = NODE1
qcost : 6




=== Prime Orbit 69 =====================
size : 4
num_suborbits: 2
151 (*) : -0-----------0--------1---
151     : ['transfer_epoch2(node0)', '~ep_epoch1(node0)', '~locked_epoch1(node1)']
153     : -----0------0---------1---
153     : ['transfer_epoch2(node0)', '~ep_epoch1(node1)', '~locked_epoch1(node0)']
154     : -0-----------0---------1--
154     : ['transfer_epoch2(node1)', '~ep_epoch1(node0)', '~locked_epoch1(node1)']
152     : -----0------0----------1--
152     : ['transfer_epoch2(node1)', '~ep_epoch1(node1)', '~locked_epoch1(node0)']
num_forall :   3
num_exists :   0
num_literals : 7
quantified form : forall NODE0,NODE1,NODE2. ~transfer_epoch2(NODE0) | ep_epoch1(NODE1) | locked_epoch1(NODE2) | ((NODE0 ~= NODE1 | NODE0 = NODE2) & (NODE0 ~= NODE2 | NODE0 = NODE1))
qcost : 10




=== Prime Orbit 70 =====================
size : 4
num_suborbits: 2
227 (*) : 1----00-----------------1-
227     : ['ep_epoch0(node0)', 'transfer_epoch3(node0)', '~ep_epoch1(node1)', '~ep_epoch2(node1)']
256     : 1----00------------------1
256     : ['ep_epoch0(node0)', 'transfer_epoch3(node1)', '~ep_epoch1(node1)', '~ep_epoch2(node1)']
255     : -00-1-------------------1-
255     : ['ep_epoch0(node1)', 'transfer_epoch3(node0)', '~ep_epoch1(node0)', '~ep_epoch2(node0)']
228     : -00-1--------------------1
228     : ['ep_epoch0(node1)', 'transfer_epoch3(node1)', '~ep_epoch1(node0)', '~ep_epoch2(node0)']
num_forall :   3
num_exists :   0
num_literals : 8
quantified form : forall NODE0,NODE1,NODE2. ~ep_epoch0(NODE0) | ~transfer_epoch3(NODE1) | ep_epoch1(NODE2) | ep_epoch2(NODE2) | ((NODE0 ~= NODE1 | NODE0 = NODE2) & (NODE1 ~= NODE2 | NODE0 = NODE1))
qcost : 11




=== Prime Orbit 71 =====================
size : 4
num_suborbits: 2
225 (*) : 1----0---------0--------1-
225     : ['ep_epoch0(node0)', 'transfer_epoch3(node0)', '~ep_epoch1(node1)', '~locked_epoch2(node1)']
254     : 1----0---------0---------1
254     : ['ep_epoch0(node0)', 'transfer_epoch3(node1)', '~ep_epoch1(node1)', '~locked_epoch2(node1)']
253     : -0--1---------0---------1-
253     : ['ep_epoch0(node1)', 'transfer_epoch3(node0)', '~ep_epoch1(node0)', '~locked_epoch2(node0)']
226     : -0--1---------0----------1
226     : ['ep_epoch0(node1)', 'transfer_epoch3(node1)', '~ep_epoch1(node0)', '~locked_epoch2(node0)']
num_forall :   3
num_exists :   0
num_literals : 8
quantified form : forall NODE0,NODE1,NODE2. ~ep_epoch0(NODE0) | ~transfer_epoch3(NODE1) | ep_epoch1(NODE2) | locked_epoch2(NODE2) | ((NODE0 ~= NODE1 | NODE0 = NODE2) & (NODE1 ~= NODE2 | NODE0 = NODE1))
qcost : 11




=== Prime Orbit 72 =====================
size : 2
num_suborbits: 1
574 (*) : 1----000------------------
574     : ['ep_epoch0(node0)', '~ep_epoch1(node1)', '~ep_epoch2(node1)', '~ep_epoch3(node1)']
573     : -0001---------------------
573     : ['ep_epoch0(node1)', '~ep_epoch1(node0)', '~ep_epoch2(node0)', '~ep_epoch3(node0)']
num_forall :   2
num_exists :   0
num_literals : 5
quantified form : forall NODE0,NODE1. ~ep_epoch0(NODE0) | ep_epoch1(NODE1) | ep_epoch2(NODE1) | ep_epoch3(NODE1) | NODE0 = NODE1
qcost : 7




=== Prime Orbit 73 =====================
size : 2
num_suborbits: 1
572 (*) : 1----00--0----------------
572     : ['ep_epoch0(node0)', '~ep_epoch1(node1)', '~ep_epoch2(node1)', '~held(node1)']
571     : -00-1---0-----------------
571     : ['ep_epoch0(node1)', '~ep_epoch1(node0)', '~ep_epoch2(node0)', '~held(node0)']
num_forall :   2
num_exists :   0
num_literals : 5
quantified form : forall NODE0,NODE1. ~ep_epoch0(NODE0) | ep_epoch1(NODE1) | ep_epoch2(NODE1) | held(NODE1) | NODE0 = NODE1
qcost : 7




=== Prime Orbit 74 =====================
size : 2
num_suborbits: 1
576 (*) : 1----00----------0--------
576     : ['ep_epoch0(node0)', '~ep_epoch1(node1)', '~ep_epoch2(node1)', '~locked_epoch3(node1)']
575     : -00-1-----------0---------
575     : ['ep_epoch0(node1)', '~ep_epoch1(node0)', '~ep_epoch2(node0)', '~locked_epoch3(node0)']
num_forall :   2
num_exists :   0
num_literals : 5
quantified form : forall NODE0,NODE1. ~ep_epoch0(NODE0) | ep_epoch1(NODE1) | ep_epoch2(NODE1) | locked_epoch3(NODE1) | NODE0 = NODE1
qcost : 7




=== Prime Orbit 75 =====================
size : 2
num_suborbits: 1
580 (*) : 1----0-0-------0----------
580     : ['ep_epoch0(node0)', '~ep_epoch1(node1)', '~ep_epoch3(node1)', '~locked_epoch2(node1)']
579     : -0-01---------0-----------
579     : ['ep_epoch0(node1)', '~ep_epoch1(node0)', '~ep_epoch3(node0)', '~locked_epoch2(node0)']
num_forall :   2
num_exists :   0
num_literals : 5
quantified form : forall NODE0,NODE1. ~ep_epoch0(NODE0) | ep_epoch1(NODE1) | ep_epoch3(NODE1) | locked_epoch2(NODE1) | NODE0 = NODE1
qcost : 7




=== Prime Orbit 76 =====================
size : 2
num_suborbits: 1
570 (*) : 1----0---0-----0----------
570     : ['ep_epoch0(node0)', '~ep_epoch1(node1)', '~held(node1)', '~locked_epoch2(node1)']
569     : -0--1---0-----0-----------
569     : ['ep_epoch0(node1)', '~ep_epoch1(node0)', '~held(node0)', '~locked_epoch2(node0)']
num_forall :   2
num_exists :   0
num_literals : 5
quantified form : forall NODE0,NODE1. ~ep_epoch0(NODE0) | ep_epoch1(NODE1) | held(NODE1) | locked_epoch2(NODE1) | NODE0 = NODE1
qcost : 7




=== Prime Orbit 77 =====================
size : 2
num_suborbits: 1
578 (*) : 1----0---------0-0--------
578     : ['ep_epoch0(node0)', '~ep_epoch1(node1)', '~locked_epoch2(node1)', '~locked_epoch3(node1)']
577     : -0--1---------0-0---------
577     : ['ep_epoch0(node1)', '~ep_epoch1(node0)', '~locked_epoch2(node0)', '~locked_epoch3(node0)']
num_forall :   2
num_exists :   0
num_literals : 5
quantified form : forall NODE0,NODE1. ~ep_epoch0(NODE0) | ep_epoch1(NODE1) | locked_epoch2(NODE1) | locked_epoch3(NODE1) | NODE0 = NODE1
qcost : 7




=== Prime Orbit 78 =====================
size : 2
num_suborbits: 1
176 (*) : -1----00-1----------------
176     : ['ep_epoch1(node0)', 'held(node1)', '~ep_epoch2(node1)', '~ep_epoch3(node1)']
175     : --00-1--1-----------------
175     : ['ep_epoch1(node1)', 'held(node0)', '~ep_epoch2(node0)', '~ep_epoch3(node0)']
num_forall :   2
num_exists :   0
num_literals : 5
quantified form : forall NODE0,NODE1. ~ep_epoch1(NODE0) | ~held(NODE1) | ep_epoch2(NODE1) | ep_epoch3(NODE1) | NODE0 = NODE1
qcost : 7




=== Prime Orbit 79 =====================
size : 2
num_suborbits: 1
180 (*) : -1----0--1-------0--------
180     : ['ep_epoch1(node0)', 'held(node1)', '~ep_epoch2(node1)', '~locked_epoch3(node1)']
179     : --0--1--1-------0---------
179     : ['ep_epoch1(node1)', 'held(node0)', '~ep_epoch2(node0)', '~locked_epoch3(node0)']
num_forall :   2
num_exists :   0
num_literals : 5
quantified form : forall NODE0,NODE1. ~ep_epoch1(NODE0) | ~held(NODE1) | ep_epoch2(NODE1) | locked_epoch3(NODE1) | NODE0 = NODE1
qcost : 7




=== Prime Orbit 80 =====================
size : 2
num_suborbits: 1
178 (*) : -1-----0-1-----0----------
178     : ['ep_epoch1(node0)', 'held(node1)', '~ep_epoch3(node1)', '~locked_epoch2(node1)']
177     : ---0-1--1-----0-----------
177     : ['ep_epoch1(node1)', 'held(node0)', '~ep_epoch3(node0)', '~locked_epoch2(node0)']
num_forall :   2
num_exists :   0
num_literals : 5
quantified form : forall NODE0,NODE1. ~ep_epoch1(NODE0) | ~held(NODE1) | ep_epoch3(NODE1) | locked_epoch2(NODE1) | NODE0 = NODE1
qcost : 7




=== Prime Orbit 81 =====================
size : 2
num_suborbits: 1
182 (*) : -1-------1-----0-0--------
182     : ['ep_epoch1(node0)', 'held(node1)', '~locked_epoch2(node1)', '~locked_epoch3(node1)']
181     : -----1--1-----0-0---------
181     : ['ep_epoch1(node1)', 'held(node0)', '~locked_epoch2(node0)', '~locked_epoch3(node0)']
num_forall :   2
num_exists :   0
num_literals : 5
quantified form : forall NODE0,NODE1. ~ep_epoch1(NODE0) | ~held(NODE1) | locked_epoch2(NODE1) | locked_epoch3(NODE1) | NODE0 = NODE1
qcost : 7




=== Prime Orbit 82 =====================
size : 4
num_suborbits: 2
186 (*) : -1--0-0-----------------1-
186     : ['ep_epoch1(node0)', 'transfer_epoch3(node0)', '~ep_epoch0(node1)', '~ep_epoch2(node1)']
188     : -1--0-0------------------1
188     : ['ep_epoch1(node0)', 'transfer_epoch3(node1)', '~ep_epoch0(node1)', '~ep_epoch2(node1)']
187     : 0-0--1------------------1-
187     : ['ep_epoch1(node1)', 'transfer_epoch3(node0)', '~ep_epoch0(node0)', '~ep_epoch2(node0)']
185     : 0-0--1-------------------1
185     : ['ep_epoch1(node1)', 'transfer_epoch3(node1)', '~ep_epoch0(node0)', '~ep_epoch2(node0)']
num_forall :   3
num_exists :   0
num_literals : 8
quantified form : forall NODE0,NODE1,NODE2. ~ep_epoch1(NODE0) | ~transfer_epoch3(NODE1) | ep_epoch0(NODE2) | ep_epoch2(NODE2) | ((NODE0 ~= NODE1 | NODE0 = NODE2) & (NODE1 ~= NODE2 | NODE0 = NODE1))
qcost : 11




=== Prime Orbit 83 =====================
size : 4
num_suborbits: 2
184 (*) : -1--0----------0--------1-
184     : ['ep_epoch1(node0)', 'transfer_epoch3(node0)', '~ep_epoch0(node1)', '~locked_epoch2(node1)']
190     : -1--0----------0---------1
190     : ['ep_epoch1(node0)', 'transfer_epoch3(node1)', '~ep_epoch0(node1)', '~locked_epoch2(node1)']
189     : 0----1--------0---------1-
189     : ['ep_epoch1(node1)', 'transfer_epoch3(node0)', '~ep_epoch0(node0)', '~locked_epoch2(node0)']
183     : 0----1--------0----------1
183     : ['ep_epoch1(node1)', 'transfer_epoch3(node1)', '~ep_epoch0(node0)', '~locked_epoch2(node0)']
num_forall :   3
num_exists :   0
num_literals : 8
quantified form : forall NODE0,NODE1,NODE2. ~ep_epoch1(NODE0) | ~transfer_epoch3(NODE1) | ep_epoch0(NODE2) | locked_epoch2(NODE2) | ((NODE0 ~= NODE1 | NODE0 = NODE2) & (NODE1 ~= NODE2 | NODE0 = NODE1))
qcost : 11




=== Prime Orbit 84 =====================
size : 2
num_suborbits: 1
166 (*) : -1--0-00------------------
166     : ['ep_epoch1(node0)', '~ep_epoch0(node1)', '~ep_epoch2(node1)', '~ep_epoch3(node1)']
165     : 0-00-1--------------------
165     : ['ep_epoch1(node1)', '~ep_epoch0(node0)', '~ep_epoch2(node0)', '~ep_epoch3(node0)']
num_forall :   2
num_exists :   0
num_literals : 5
quantified form : forall NODE0,NODE1. ~ep_epoch1(NODE0) | ep_epoch0(NODE1) | ep_epoch2(NODE1) | ep_epoch3(NODE1) | NODE0 = NODE1
qcost : 7




=== Prime Orbit 85 =====================
size : 2
num_suborbits: 1
164 (*) : -1--0-0--0----------------
164     : ['ep_epoch1(node0)', '~ep_epoch0(node1)', '~ep_epoch2(node1)', '~held(node1)']
163     : 0-0--1--0-----------------
163     : ['ep_epoch1(node1)', '~ep_epoch0(node0)', '~ep_epoch2(node0)', '~held(node0)']
num_forall :   2
num_exists :   0
num_literals : 5
quantified form : forall NODE0,NODE1. ~ep_epoch1(NODE0) | ep_epoch0(NODE1) | ep_epoch2(NODE1) | held(NODE1) | NODE0 = NODE1
qcost : 7




=== Prime Orbit 86 =====================
size : 2
num_suborbits: 1
168 (*) : -1--0-0----------0--------
168     : ['ep_epoch1(node0)', '~ep_epoch0(node1)', '~ep_epoch2(node1)', '~locked_epoch3(node1)']
167     : 0-0--1----------0---------
167     : ['ep_epoch1(node1)', '~ep_epoch0(node0)', '~ep_epoch2(node0)', '~locked_epoch3(node0)']
num_forall :   2
num_exists :   0
num_literals : 5
quantified form : forall NODE0,NODE1. ~ep_epoch1(NODE0) | ep_epoch0(NODE1) | ep_epoch2(NODE1) | locked_epoch3(NODE1) | NODE0 = NODE1
qcost : 7




=== Prime Orbit 87 =====================
size : 2
num_suborbits: 1
172 (*) : -1--0--0-------0----------
172     : ['ep_epoch1(node0)', '~ep_epoch0(node1)', '~ep_epoch3(node1)', '~locked_epoch2(node1)']
171     : 0--0-1--------0-----------
171     : ['ep_epoch1(node1)', '~ep_epoch0(node0)', '~ep_epoch3(node0)', '~locked_epoch2(node0)']
num_forall :   2
num_exists :   0
num_literals : 5
quantified form : forall NODE0,NODE1. ~ep_epoch1(NODE0) | ep_epoch0(NODE1) | ep_epoch3(NODE1) | locked_epoch2(NODE1) | NODE0 = NODE1
qcost : 7




=== Prime Orbit 88 =====================
size : 2
num_suborbits: 1
170 (*) : -1--0----0-----0----------
170     : ['ep_epoch1(node0)', '~ep_epoch0(node1)', '~held(node1)', '~locked_epoch2(node1)']
169     : 0----1--0-----0-----------
169     : ['ep_epoch1(node1)', '~ep_epoch0(node0)', '~held(node0)', '~locked_epoch2(node0)']
num_forall :   2
num_exists :   0
num_literals : 5
quantified form : forall NODE0,NODE1. ~ep_epoch1(NODE0) | ep_epoch0(NODE1) | held(NODE1) | locked_epoch2(NODE1) | NODE0 = NODE1
qcost : 7




=== Prime Orbit 89 =====================
size : 2
num_suborbits: 1
174 (*) : -1--0----------0-0--------
174     : ['ep_epoch1(node0)', '~ep_epoch0(node1)', '~locked_epoch2(node1)', '~locked_epoch3(node1)']
173     : 0----1--------0-0---------
173     : ['ep_epoch1(node1)', '~ep_epoch0(node0)', '~locked_epoch2(node0)', '~locked_epoch3(node0)']
num_forall :   2
num_exists :   0
num_literals : 5
quantified form : forall NODE0,NODE1. ~ep_epoch1(NODE0) | ep_epoch0(NODE1) | locked_epoch2(NODE1) | locked_epoch3(NODE1) | NODE0 = NODE1
qcost : 7




=== Prime Orbit 90 =====================
size : 2
num_suborbits: 1
509 (*) : --1-0---1---1-------------
509     : ['ep_epoch2(node0)', 'held(node0)', 'locked_epoch1(node0)', '~ep_epoch0(node1)']
510     : 0-----1--1---1------------
510     : ['ep_epoch2(node1)', 'held(node1)', 'locked_epoch1(node1)', '~ep_epoch0(node0)']
num_forall :   2
num_exists :   0
num_literals : 5
quantified form : forall NODE0,NODE1. ~ep_epoch2(NODE0) | ~held(NODE0) | ~locked_epoch1(NODE0) | ep_epoch0(NODE1) | NODE0 = NODE1
qcost : 7




=== Prime Orbit 91 =====================
size : 2
num_suborbits: 1
434 (*) : --1--0--1----1------------
434     : ['ep_epoch2(node0)', 'held(node0)', 'locked_epoch1(node1)', '~ep_epoch1(node1)']
433     : -0----1--1--1-------------
433     : ['ep_epoch2(node1)', 'held(node1)', 'locked_epoch1(node0)', '~ep_epoch1(node0)']
num_forall :   2
num_exists :   0
num_literals : 5
quantified form : forall NODE0,NODE1. ~ep_epoch2(NODE0) | ~held(NODE0) | ~locked_epoch1(NODE1) | ep_epoch1(NODE1) | NODE0 = NODE1
qcost : 7




=== Prime Orbit 92 =====================
size : 2
num_suborbits: 1
507 (*) : --1-00--1-----------------
507     : ['ep_epoch2(node0)', 'held(node0)', '~ep_epoch0(node1)', '~ep_epoch1(node1)']
508     : 00----1--1----------------
508     : ['ep_epoch2(node1)', 'held(node1)', '~ep_epoch0(node0)', '~ep_epoch1(node0)']
num_forall :   2
num_exists :   0
num_literals : 5
quantified form : forall NODE0,NODE1. ~ep_epoch2(NODE0) | ~held(NODE0) | ep_epoch0(NODE1) | ep_epoch1(NODE1) | NODE0 = NODE1
qcost : 7




=== Prime Orbit 93 =====================
size : 2
num_suborbits: 1
511 (*) : --1-0---1----0------------
511     : ['ep_epoch2(node0)', 'held(node0)', '~ep_epoch0(node1)', '~locked_epoch1(node1)']
512     : 0-----1--1--0-------------
512     : ['ep_epoch2(node1)', 'held(node1)', '~ep_epoch0(node0)', '~locked_epoch1(node0)']
num_forall :   2
num_exists :   0
num_literals : 5
quantified form : forall NODE0,NODE1. ~ep_epoch2(NODE0) | ~held(NODE0) | ep_epoch0(NODE1) | locked_epoch1(NODE1) | NODE0 = NODE1
qcost : 7




=== Prime Orbit 94 =====================
size : 2
num_suborbits: 1
536 (*) : --1--0--1---0-------------
536     : ['ep_epoch2(node0)', 'held(node0)', '~ep_epoch1(node1)', '~locked_epoch1(node0)']
535     : -0----1--1---0------------
535     : ['ep_epoch2(node1)', 'held(node1)', '~ep_epoch1(node0)', '~locked_epoch1(node1)']
num_forall :   2
num_exists :   0
num_literals : 5
quantified form : forall NODE0,NODE1. ~ep_epoch2(NODE0) | ~held(NODE0) | ep_epoch1(NODE1) | locked_epoch1(NODE0) | NODE0 = NODE1
qcost : 7




=== Prime Orbit 95 =====================
size : 4
num_suborbits: 2
239 (*) : --1-0-------1-----------1-
239     : ['ep_epoch2(node0)', 'locked_epoch1(node0)', 'transfer_epoch3(node0)', '~ep_epoch0(node1)']
276     : --1-0-------1------------1
276     : ['ep_epoch2(node0)', 'locked_epoch1(node0)', 'transfer_epoch3(node1)', '~ep_epoch0(node1)']
275     : 0-----1------1----------1-
275     : ['ep_epoch2(node1)', 'locked_epoch1(node1)', 'transfer_epoch3(node0)', '~ep_epoch0(node0)']
240     : 0-----1------1-----------1
240     : ['ep_epoch2(node1)', 'locked_epoch1(node1)', 'transfer_epoch3(node1)', '~ep_epoch0(node0)']
num_forall :   3
num_exists :   0
num_literals : 8
quantified form : forall NODE0,NODE1,NODE2. ~ep_epoch2(NODE0) | ~locked_epoch1(NODE0) | ~transfer_epoch3(NODE1) | ep_epoch0(NODE2) | ((NODE0 ~= NODE1 | NODE0 = NODE2) & (NODE1 ~= NODE2 | NODE0 = NODE1))
qcost : 11




=== Prime Orbit 96 =====================
size : 2
num_suborbits: 1
497 (*) : --1-0--0----1-------------
497     : ['ep_epoch2(node0)', 'locked_epoch1(node0)', '~ep_epoch0(node1)', '~ep_epoch3(node1)']
498     : 0--0--1------1------------
498     : ['ep_epoch2(node1)', 'locked_epoch1(node1)', '~ep_epoch0(node0)', '~ep_epoch3(node0)']
num_forall :   2
num_exists :   0
num_literals : 5
quantified form : forall NODE0,NODE1. ~ep_epoch2(NODE0) | ~locked_epoch1(NODE0) | ep_epoch0(NODE1) | ep_epoch3(NODE1) | NODE0 = NODE1
qcost : 7




=== Prime Orbit 97 =====================
size : 2
num_suborbits: 1
493 (*) : --1-0----0--1-------------
493     : ['ep_epoch2(node0)', 'locked_epoch1(node0)', '~ep_epoch0(node1)', '~held(node1)']
494     : 0-----1-0----1------------
494     : ['ep_epoch2(node1)', 'locked_epoch1(node1)', '~ep_epoch0(node0)', '~held(node0)']
num_forall :   2
num_exists :   0
num_literals : 5
quantified form : forall NODE0,NODE1. ~ep_epoch2(NODE0) | ~locked_epoch1(NODE0) | ep_epoch0(NODE1) | held(NODE1) | NODE0 = NODE1
qcost : 7




=== Prime Orbit 98 =====================
size : 2
num_suborbits: 1
501 (*) : --1-0-------1----0--------
501     : ['ep_epoch2(node0)', 'locked_epoch1(node0)', '~ep_epoch0(node1)', '~locked_epoch3(node1)']
502     : 0-----1------1--0---------
502     : ['ep_epoch2(node1)', 'locked_epoch1(node1)', '~ep_epoch0(node0)', '~locked_epoch3(node0)']
num_forall :   2
num_exists :   0
num_literals : 5
quantified form : forall NODE0,NODE1. ~ep_epoch2(NODE0) | ~locked_epoch1(NODE0) | ep_epoch0(NODE1) | locked_epoch3(NODE1) | NODE0 = NODE1
qcost : 7




=== Prime Orbit 99 =====================
size : 4
num_suborbits: 2
207 (*) : --1--0-------1----------1-
207     : ['ep_epoch2(node0)', 'locked_epoch1(node1)', 'transfer_epoch3(node0)', '~ep_epoch1(node1)']
270     : --1--0-------1-----------1
270     : ['ep_epoch2(node0)', 'locked_epoch1(node1)', 'transfer_epoch3(node1)', '~ep_epoch1(node1)']
269     : -0----1-----1-----------1-
269     : ['ep_epoch2(node1)', 'locked_epoch1(node0)', 'transfer_epoch3(node0)', '~ep_epoch1(node0)']
208     : -0----1-----1------------1
208     : ['ep_epoch2(node1)', 'locked_epoch1(node0)', 'transfer_epoch3(node1)', '~ep_epoch1(node0)']
num_forall :   3
num_exists :   0
num_literals : 8
quantified form : forall NODE0,NODE1,NODE2. ~ep_epoch2(NODE0) | ~locked_epoch1(NODE1) | ~transfer_epoch3(NODE2) | ep_epoch1(NODE1) | ((NODE0 ~= NODE2 | NODE0 = NODE1) & (NODE1 ~= NODE2 | NODE0 = NODE1))
qcost : 11




=== Prime Orbit 100 =====================
size : 2
num_suborbits: 1
440 (*) : --1--0-0-----1------------
440     : ['ep_epoch2(node0)', 'locked_epoch1(node1)', '~ep_epoch1(node1)', '~ep_epoch3(node1)']
439     : -0-0--1-----1-------------
439     : ['ep_epoch2(node1)', 'locked_epoch1(node0)', '~ep_epoch1(node0)', '~ep_epoch3(node0)']
num_forall :   2
num_exists :   0
num_literals : 5
quantified form : forall NODE0,NODE1. ~ep_epoch2(NODE0) | ~locked_epoch1(NODE1) | ep_epoch1(NODE1) | ep_epoch3(NODE1) | NODE0 = NODE1
qcost : 7




=== Prime Orbit 101 =====================
size : 2
num_suborbits: 1
436 (*) : --1--0---0---1------------
436     : ['ep_epoch2(node0)', 'locked_epoch1(node1)', '~ep_epoch1(node1)', '~held(node1)']
435     : -0----1-0---1-------------
435     : ['ep_epoch2(node1)', 'locked_epoch1(node0)', '~ep_epoch1(node0)', '~held(node0)']
num_forall :   2
num_exists :   0
num_literals : 5
quantified form : forall NODE0,NODE1. ~ep_epoch2(NODE0) | ~locked_epoch1(NODE1) | ep_epoch1(NODE1) | held(NODE1) | NODE0 = NODE1
qcost : 7




=== Prime Orbit 102 =====================
size : 2
num_suborbits: 1
438 (*) : --1--0-------1---0--------
438     : ['ep_epoch2(node0)', 'locked_epoch1(node1)', '~ep_epoch1(node1)', '~locked_epoch3(node1)']
437     : -0----1-----1---0---------
437     : ['ep_epoch2(node1)', 'locked_epoch1(node0)', '~ep_epoch1(node0)', '~locked_epoch3(node0)']
num_forall :   2
num_exists :   0
num_literals : 5
quantified form : forall NODE0,NODE1. ~ep_epoch2(NODE0) | ~locked_epoch1(NODE1) | ep_epoch1(NODE1) | locked_epoch3(NODE1) | NODE0 = NODE1
qcost : 7




=== Prime Orbit 103 =====================
size : 4
num_suborbits: 2
203 (*) : --1-00------------------1-
203     : ['ep_epoch2(node0)', 'transfer_epoch3(node0)', '~ep_epoch0(node1)', '~ep_epoch1(node1)']
268     : --1-00-------------------1
268     : ['ep_epoch2(node0)', 'transfer_epoch3(node1)', '~ep_epoch0(node1)', '~ep_epoch1(node1)']
267     : 00----1-----------------1-
267     : ['ep_epoch2(node1)', 'transfer_epoch3(node0)', '~ep_epoch0(node0)', '~ep_epoch1(node0)']
204     : 00----1------------------1
204     : ['ep_epoch2(node1)', 'transfer_epoch3(node1)', '~ep_epoch0(node0)', '~ep_epoch1(node0)']
num_forall :   3
num_exists :   0
num_literals : 8
quantified form : forall NODE0,NODE1,NODE2. ~ep_epoch2(NODE0) | ~transfer_epoch3(NODE1) | ep_epoch0(NODE2) | ep_epoch1(NODE2) | ((NODE0 ~= NODE1 | NODE0 = NODE2) & (NODE1 ~= NODE2 | NODE0 = NODE1))
qcost : 11




=== Prime Orbit 104 =====================
size : 4
num_suborbits: 2
241 (*) : --1-0--------0----------1-
241     : ['ep_epoch2(node0)', 'transfer_epoch3(node0)', '~ep_epoch0(node1)', '~locked_epoch1(node1)']
274     : --1-0--------0-----------1
274     : ['ep_epoch2(node0)', 'transfer_epoch3(node1)', '~ep_epoch0(node1)', '~locked_epoch1(node1)']
273     : 0-----1-----0-----------1-
273     : ['ep_epoch2(node1)', 'transfer_epoch3(node0)', '~ep_epoch0(node0)', '~locked_epoch1(node0)']
242     : 0-----1-----0------------1
242     : ['ep_epoch2(node1)', 'transfer_epoch3(node1)', '~ep_epoch0(node0)', '~locked_epoch1(node0)']
num_forall :   3
num_exists :   0
num_literals : 8
quantified form : forall NODE0,NODE1,NODE2. ~ep_epoch2(NODE0) | ~transfer_epoch3(NODE1) | ep_epoch0(NODE2) | locked_epoch1(NODE2) | ((NODE0 ~= NODE1 | NODE0 = NODE2) & (NODE1 ~= NODE2 | NODE0 = NODE1))
qcost : 11




=== Prime Orbit 105 =====================
size : 4
num_suborbits: 2
205 (*) : --1--0------0-----------1-
205     : ['ep_epoch2(node0)', 'transfer_epoch3(node0)', '~ep_epoch1(node1)', '~locked_epoch1(node0)']
272     : --1--0------0------------1
272     : ['ep_epoch2(node0)', 'transfer_epoch3(node1)', '~ep_epoch1(node1)', '~locked_epoch1(node0)']
271     : -0----1------0----------1-
271     : ['ep_epoch2(node1)', 'transfer_epoch3(node0)', '~ep_epoch1(node0)', '~locked_epoch1(node1)']
206     : -0----1------0-----------1
206     : ['ep_epoch2(node1)', 'transfer_epoch3(node1)', '~ep_epoch1(node0)', '~locked_epoch1(node1)']
num_forall :   3
num_exists :   0
num_literals : 8
quantified form : forall NODE0,NODE1,NODE2. ~ep_epoch2(NODE0) | ~transfer_epoch3(NODE1) | ep_epoch1(NODE2) | locked_epoch1(NODE0) | ((NODE0 ~= NODE1 | NODE0 = NODE2) & (NODE1 ~= NODE2 | NODE0 = NODE1))
qcost : 11




=== Prime Orbit 106 =====================
size : 2
num_suborbits: 1
444 (*) : --1-00-0------------------
444     : ['ep_epoch2(node0)', '~ep_epoch0(node1)', '~ep_epoch1(node1)', '~ep_epoch3(node1)']
443     : 00-0--1-------------------
443     : ['ep_epoch2(node1)', '~ep_epoch0(node0)', '~ep_epoch1(node0)', '~ep_epoch3(node0)']
num_forall :   2
num_exists :   0
num_literals : 5
quantified form : forall NODE0,NODE1. ~ep_epoch2(NODE0) | ep_epoch0(NODE1) | ep_epoch1(NODE1) | ep_epoch3(NODE1) | NODE0 = NODE1
qcost : 7




=== Prime Orbit 107 =====================
size : 2
num_suborbits: 1
491 (*) : --1-00---0----------------
491     : ['ep_epoch2(node0)', '~ep_epoch0(node1)', '~ep_epoch1(node1)', '~held(node1)']
492     : 00----1-0-----------------
492     : ['ep_epoch2(node1)', '~ep_epoch0(node0)', '~ep_epoch1(node0)', '~held(node0)']
num_forall :   2
num_exists :   0
num_literals : 5
quantified form : forall NODE0,NODE1. ~ep_epoch2(NODE0) | ep_epoch0(NODE1) | ep_epoch1(NODE1) | held(NODE1) | NODE0 = NODE1
qcost : 7




=== Prime Orbit 108 =====================
size : 2
num_suborbits: 1
505 (*) : --1-00-----------0--------
505     : ['ep_epoch2(node0)', '~ep_epoch0(node1)', '~ep_epoch1(node1)', '~locked_epoch3(node1)']
506     : 00----1---------0---------
506     : ['ep_epoch2(node1)', '~ep_epoch0(node0)', '~ep_epoch1(node0)', '~locked_epoch3(node0)']
num_forall :   2
num_exists :   0
num_literals : 5
quantified form : forall NODE0,NODE1. ~ep_epoch2(NODE0) | ep_epoch0(NODE1) | ep_epoch1(NODE1) | locked_epoch3(NODE1) | NODE0 = NODE1
qcost : 7




=== Prime Orbit 109 =====================
size : 2
num_suborbits: 1
499 (*) : --1-0--0-----0------------
499     : ['ep_epoch2(node0)', '~ep_epoch0(node1)', '~ep_epoch3(node1)', '~locked_epoch1(node1)']
500     : 0--0--1-----0-------------
500     : ['ep_epoch2(node1)', '~ep_epoch0(node0)', '~ep_epoch3(node0)', '~locked_epoch1(node0)']
num_forall :   2
num_exists :   0
num_literals : 5
quantified form : forall NODE0,NODE1. ~ep_epoch2(NODE0) | ep_epoch0(NODE1) | ep_epoch3(NODE1) | locked_epoch1(NODE1) | NODE0 = NODE1
qcost : 7




=== Prime Orbit 110 =====================
size : 2
num_suborbits: 1
495 (*) : --1-0----0---0------------
495     : ['ep_epoch2(node0)', '~ep_epoch0(node1)', '~held(node1)', '~locked_epoch1(node1)']
496     : 0-----1-0---0-------------
496     : ['ep_epoch2(node1)', '~ep_epoch0(node0)', '~held(node0)', '~locked_epoch1(node0)']
num_forall :   2
num_exists :   0
num_literals : 5
quantified form : forall NODE0,NODE1. ~ep_epoch2(NODE0) | ep_epoch0(NODE1) | held(NODE1) | locked_epoch1(NODE1) | NODE0 = NODE1
qcost : 7




=== Prime Orbit 111 =====================
size : 2
num_suborbits: 1
503 (*) : --1-0--------0---0--------
503     : ['ep_epoch2(node0)', '~ep_epoch0(node1)', '~locked_epoch1(node1)', '~locked_epoch3(node1)']
504     : 0-----1-----0---0---------
504     : ['ep_epoch2(node1)', '~ep_epoch0(node0)', '~locked_epoch1(node0)', '~locked_epoch3(node0)']
num_forall :   2
num_exists :   0
num_literals : 5
quantified form : forall NODE0,NODE1. ~ep_epoch2(NODE0) | ep_epoch0(NODE1) | locked_epoch1(NODE1) | locked_epoch3(NODE1) | NODE0 = NODE1
qcost : 7




=== Prime Orbit 112 =====================
size : 2
num_suborbits: 1
442 (*) : --1--0-0----0-------------
442     : ['ep_epoch2(node0)', '~ep_epoch1(node1)', '~ep_epoch3(node1)', '~locked_epoch1(node0)']
441     : -0-0--1------0------------
441     : ['ep_epoch2(node1)', '~ep_epoch1(node0)', '~ep_epoch3(node0)', '~locked_epoch1(node1)']
num_forall :   2
num_exists :   0
num_literals : 5
quantified form : forall NODE0,NODE1. ~ep_epoch2(NODE0) | ep_epoch1(NODE1) | ep_epoch3(NODE1) | locked_epoch1(NODE0) | NODE0 = NODE1
qcost : 7




=== Prime Orbit 113 =====================
size : 2
num_suborbits: 1
534 (*) : --1--0---0--0-------------
534     : ['ep_epoch2(node0)', '~ep_epoch1(node1)', '~held(node1)', '~locked_epoch1(node0)']
533     : -0----1-0----0------------
533     : ['ep_epoch2(node1)', '~ep_epoch1(node0)', '~held(node0)', '~locked_epoch1(node1)']
num_forall :   2
num_exists :   0
num_literals : 5
quantified form : forall NODE0,NODE1. ~ep_epoch2(NODE0) | ep_epoch1(NODE1) | held(NODE1) | locked_epoch1(NODE0) | NODE0 = NODE1
qcost : 7




=== Prime Orbit 114 =====================
size : 2
num_suborbits: 1
488 (*) : --1--0------0----0--------
488     : ['ep_epoch2(node0)', '~ep_epoch1(node1)', '~locked_epoch1(node0)', '~locked_epoch3(node1)']
487     : -0----1------0--0---------
487     : ['ep_epoch2(node1)', '~ep_epoch1(node0)', '~locked_epoch1(node1)', '~locked_epoch3(node0)']
num_forall :   2
num_exists :   0
num_literals : 5
quantified form : forall NODE0,NODE1. ~ep_epoch2(NODE0) | ep_epoch1(NODE1) | locked_epoch1(NODE0) | locked_epoch3(NODE1) | NODE0 = NODE1
qcost : 7




=== Prime Orbit 115 =====================
size : 2
num_suborbits: 1
337 (*) : ---10-------1-1-----------
337     : ['ep_epoch3(node0)', 'locked_epoch1(node0)', 'locked_epoch2(node0)', '~ep_epoch0(node1)']
338     : 0------1-----1-1----------
338     : ['ep_epoch3(node1)', 'locked_epoch1(node1)', 'locked_epoch2(node1)', '~ep_epoch0(node0)']
num_forall :   2
num_exists :   0
num_literals : 5
quantified form : forall NODE0,NODE1. ~ep_epoch3(NODE0) | ~locked_epoch1(NODE0) | ~locked_epoch2(NODE0) | ep_epoch0(NODE1) | NODE0 = NODE1
qcost : 7




=== Prime Orbit 116 =====================
size : 2
num_suborbits: 1
431 (*) : ---10-0-----1-------------
431     : ['ep_epoch3(node0)', 'locked_epoch1(node0)', '~ep_epoch0(node1)', '~ep_epoch2(node1)']
432     : 0-0----1-----1------------
432     : ['ep_epoch3(node1)', 'locked_epoch1(node1)', '~ep_epoch0(node0)', '~ep_epoch2(node0)']
num_forall :   2
num_exists :   0
num_literals : 5
quantified form : forall NODE0,NODE1. ~ep_epoch3(NODE0) | ~locked_epoch1(NODE0) | ep_epoch0(NODE1) | ep_epoch2(NODE1) | NODE0 = NODE1
qcost : 7




=== Prime Orbit 117 =====================
size : 2
num_suborbits: 1
385 (*) : ---10-------1--0----------
385     : ['ep_epoch3(node0)', 'locked_epoch1(node0)', '~ep_epoch0(node1)', '~locked_epoch2(node1)']
386     : 0------1-----10-----------
386     : ['ep_epoch3(node1)', 'locked_epoch1(node1)', '~ep_epoch0(node0)', '~locked_epoch2(node0)']
num_forall :   2
num_exists :   0
num_literals : 5
quantified form : forall NODE0,NODE1. ~ep_epoch3(NODE0) | ~locked_epoch1(NODE0) | ep_epoch0(NODE1) | locked_epoch2(NODE1) | NODE0 = NODE1
qcost : 7




=== Prime Orbit 118 =====================
size : 2
num_suborbits: 1
343 (*) : ---1-0-------11-----------
343     : ['ep_epoch3(node0)', 'locked_epoch1(node1)', 'locked_epoch2(node0)', '~ep_epoch1(node1)']
344     : -0-----1----1--1----------
344     : ['ep_epoch3(node1)', 'locked_epoch1(node0)', 'locked_epoch2(node1)', '~ep_epoch1(node0)']
num_forall :   2
num_exists :   0
num_literals : 5
quantified form : forall NODE0,NODE1. ~ep_epoch3(NODE0) | ~locked_epoch1(NODE1) | ~locked_epoch2(NODE0) | ep_epoch1(NODE1) | NODE0 = NODE1
qcost : 7




=== Prime Orbit 119 =====================
size : 2
num_suborbits: 1
416 (*) : ---1-00------1------------
416     : ['ep_epoch3(node0)', 'locked_epoch1(node1)', '~ep_epoch1(node1)', '~ep_epoch2(node1)']
415     : -00----1----1-------------
415     : ['ep_epoch3(node1)', 'locked_epoch1(node0)', '~ep_epoch1(node0)', '~ep_epoch2(node0)']
num_forall :   2
num_exists :   0
num_literals : 5
quantified form : forall NODE0,NODE1. ~ep_epoch3(NODE0) | ~locked_epoch1(NODE1) | ep_epoch1(NODE1) | ep_epoch2(NODE1) | NODE0 = NODE1
qcost : 7




=== Prime Orbit 120 =====================
size : 2
num_suborbits: 1
418 (*) : ---1-0-------1-0----------
418     : ['ep_epoch3(node0)', 'locked_epoch1(node1)', '~ep_epoch1(node1)', '~locked_epoch2(node1)']
417     : -0-----1----1-0-----------
417     : ['ep_epoch3(node1)', 'locked_epoch1(node0)', '~ep_epoch1(node0)', '~locked_epoch2(node0)']
num_forall :   2
num_exists :   0
num_literals : 5
quantified form : forall NODE0,NODE1. ~ep_epoch3(NODE0) | ~locked_epoch1(NODE1) | ep_epoch1(NODE1) | locked_epoch2(NODE1) | NODE0 = NODE1
qcost : 7




=== Prime Orbit 121 =====================
size : 2
num_suborbits: 1
339 (*) : ---100--------1-----------
339     : ['ep_epoch3(node0)', 'locked_epoch2(node0)', '~ep_epoch0(node1)', '~ep_epoch1(node1)']
340     : 00-----1-------1----------
340     : ['ep_epoch3(node1)', 'locked_epoch2(node1)', '~ep_epoch0(node0)', '~ep_epoch1(node0)']
num_forall :   2
num_exists :   0
num_literals : 5
quantified form : forall NODE0,NODE1. ~ep_epoch3(NODE0) | ~locked_epoch2(NODE0) | ep_epoch0(NODE1) | ep_epoch1(NODE1) | NODE0 = NODE1
qcost : 7




=== Prime Orbit 122 =====================
size : 2
num_suborbits: 1
341 (*) : ---10--------01-----------
341     : ['ep_epoch3(node0)', 'locked_epoch2(node0)', '~ep_epoch0(node1)', '~locked_epoch1(node1)']
342     : 0------1----0--1----------
342     : ['ep_epoch3(node1)', 'locked_epoch2(node1)', '~ep_epoch0(node0)', '~locked_epoch1(node0)']
num_forall :   2
num_exists :   0
num_literals : 5
quantified form : forall NODE0,NODE1. ~ep_epoch3(NODE0) | ~locked_epoch2(NODE0) | ep_epoch0(NODE1) | locked_epoch1(NODE1) | NODE0 = NODE1
qcost : 7




=== Prime Orbit 123 =====================
size : 2
num_suborbits: 1
345 (*) : ---1-0------0-1-----------
345     : ['ep_epoch3(node0)', 'locked_epoch2(node0)', '~ep_epoch1(node1)', '~locked_epoch1(node0)']
346     : -0-----1-----0-1----------
346     : ['ep_epoch3(node1)', 'locked_epoch2(node1)', '~ep_epoch1(node0)', '~locked_epoch1(node1)']
num_forall :   2
num_exists :   0
num_literals : 5
quantified form : forall NODE0,NODE1. ~ep_epoch3(NODE0) | ~locked_epoch2(NODE0) | ep_epoch1(NODE1) | locked_epoch1(NODE0) | NODE0 = NODE1
qcost : 7




=== Prime Orbit 124 =====================
size : 2
num_suborbits: 1
524 (*) : ---1000-------------------
524     : ['ep_epoch3(node0)', '~ep_epoch0(node1)', '~ep_epoch1(node1)', '~ep_epoch2(node1)']
523     : 000----1------------------
523     : ['ep_epoch3(node1)', '~ep_epoch0(node0)', '~ep_epoch1(node0)', '~ep_epoch2(node0)']
num_forall :   2
num_exists :   0
num_literals : 5
quantified form : forall NODE0,NODE1. ~ep_epoch3(NODE0) | ep_epoch0(NODE1) | ep_epoch1(NODE1) | ep_epoch2(NODE1) | NODE0 = NODE1
qcost : 7




=== Prime Orbit 125 =====================
size : 2
num_suborbits: 1
540 (*) : ---100---------0----------
540     : ['ep_epoch3(node0)', '~ep_epoch0(node1)', '~ep_epoch1(node1)', '~locked_epoch2(node1)']
539     : 00-----1------0-----------
539     : ['ep_epoch3(node1)', '~ep_epoch0(node0)', '~ep_epoch1(node0)', '~locked_epoch2(node0)']
num_forall :   2
num_exists :   0
num_literals : 5
quantified form : forall NODE0,NODE1. ~ep_epoch3(NODE0) | ep_epoch0(NODE1) | ep_epoch1(NODE1) | locked_epoch2(NODE1) | NODE0 = NODE1
qcost : 7




=== Prime Orbit 126 =====================
size : 2
num_suborbits: 1
555 (*) : ---10-0------0------------
555     : ['ep_epoch3(node0)', '~ep_epoch0(node1)', '~ep_epoch2(node1)', '~locked_epoch1(node1)']
556     : 0-0----1----0-------------
556     : ['ep_epoch3(node1)', '~ep_epoch0(node0)', '~ep_epoch2(node0)', '~locked_epoch1(node0)']
num_forall :   2
num_exists :   0
num_literals : 5
quantified form : forall NODE0,NODE1. ~ep_epoch3(NODE0) | ep_epoch0(NODE1) | ep_epoch2(NODE1) | locked_epoch1(NODE1) | NODE0 = NODE1
qcost : 7




=== Prime Orbit 127 =====================
size : 2
num_suborbits: 1
553 (*) : ---10--------0-0----------
553     : ['ep_epoch3(node0)', '~ep_epoch0(node1)', '~locked_epoch1(node1)', '~locked_epoch2(node1)']
554     : 0------1----0-0-----------
554     : ['ep_epoch3(node1)', '~ep_epoch0(node0)', '~locked_epoch1(node0)', '~locked_epoch2(node0)']
num_forall :   2
num_exists :   0
num_literals : 5
quantified form : forall NODE0,NODE1. ~ep_epoch3(NODE0) | ep_epoch0(NODE1) | locked_epoch1(NODE1) | locked_epoch2(NODE1) | NODE0 = NODE1
qcost : 7




=== Prime Orbit 128 =====================
size : 2
num_suborbits: 1
528 (*) : ---1-00-----0-------------
528     : ['ep_epoch3(node0)', '~ep_epoch1(node1)', '~ep_epoch2(node1)', '~locked_epoch1(node0)']
527     : -00----1-----0------------
527     : ['ep_epoch3(node1)', '~ep_epoch1(node0)', '~ep_epoch2(node0)', '~locked_epoch1(node1)']
num_forall :   2
num_exists :   0
num_literals : 5
quantified form : forall NODE0,NODE1. ~ep_epoch3(NODE0) | ep_epoch1(NODE1) | ep_epoch2(NODE1) | locked_epoch1(NODE0) | NODE0 = NODE1
qcost : 7




=== Prime Orbit 129 =====================
size : 2
num_suborbits: 1
532 (*) : ---1-0------0--0----------
532     : ['ep_epoch3(node0)', '~ep_epoch1(node1)', '~locked_epoch1(node0)', '~locked_epoch2(node1)']
531     : -0-----1-----00-----------
531     : ['ep_epoch3(node1)', '~ep_epoch1(node0)', '~locked_epoch1(node1)', '~locked_epoch2(node0)']
num_forall :   2
num_exists :   0
num_literals : 5
quantified form : forall NODE0,NODE1. ~ep_epoch3(NODE0) | ep_epoch1(NODE1) | locked_epoch1(NODE0) | locked_epoch2(NODE1) | NODE0 = NODE1
qcost : 7




=== Prime Orbit 130 =====================
size : 2
num_suborbits: 1
323 (*) : ----0---1---1-1-----------
323     : ['held(node0)', 'locked_epoch1(node0)', 'locked_epoch2(node0)', '~ep_epoch0(node1)']
324     : 0--------1---1-1----------
324     : ['held(node1)', 'locked_epoch1(node1)', 'locked_epoch2(node1)', '~ep_epoch0(node0)']
num_forall :   2
num_exists :   0
num_literals : 5
quantified form : forall NODE0,NODE1. ~held(NODE0) | ~locked_epoch1(NODE0) | ~locked_epoch2(NODE0) | ep_epoch0(NODE1) | NODE0 = NODE1
qcost : 7




=== Prime Orbit 131 =====================
size : 2
num_suborbits: 1
429 (*) : ----0-0-1---1-------------
429     : ['held(node0)', 'locked_epoch1(node0)', '~ep_epoch0(node1)', '~ep_epoch2(node1)']
430     : 0-0------1---1------------
430     : ['held(node1)', 'locked_epoch1(node1)', '~ep_epoch0(node0)', '~ep_epoch2(node0)']
num_forall :   2
num_exists :   0
num_literals : 5
quantified form : forall NODE0,NODE1. ~held(NODE0) | ~locked_epoch1(NODE0) | ep_epoch0(NODE1) | ep_epoch2(NODE1) | NODE0 = NODE1
qcost : 7




=== Prime Orbit 132 =====================
size : 2
num_suborbits: 1
425 (*) : ---00---1---1-------------
425     : ['held(node0)', 'locked_epoch1(node0)', '~ep_epoch0(node1)', '~ep_epoch3(node0)']
426     : 0------0-1---1------------
426     : ['held(node1)', 'locked_epoch1(node1)', '~ep_epoch0(node0)', '~ep_epoch3(node1)']
num_forall :   2
num_exists :   0
num_literals : 5
quantified form : forall NODE0,NODE1. ~held(NODE0) | ~locked_epoch1(NODE0) | ep_epoch0(NODE1) | ep_epoch3(NODE0) | NODE0 = NODE1
qcost : 7




=== Prime Orbit 133 =====================
size : 2
num_suborbits: 1
383 (*) : ----0---1---1--0----------
383     : ['held(node0)', 'locked_epoch1(node0)', '~ep_epoch0(node1)', '~locked_epoch2(node1)']
384     : 0--------1---10-----------
384     : ['held(node1)', 'locked_epoch1(node1)', '~ep_epoch0(node0)', '~locked_epoch2(node0)']
num_forall :   2
num_exists :   0
num_literals : 5
quantified form : forall NODE0,NODE1. ~held(NODE0) | ~locked_epoch1(NODE0) | ep_epoch0(NODE1) | locked_epoch2(NODE1) | NODE0 = NODE1
qcost : 7




=== Prime Orbit 134 =====================
size : 2
num_suborbits: 1
427 (*) : ----0---1---1---0---------
427     : ['held(node0)', 'locked_epoch1(node0)', '~ep_epoch0(node1)', '~locked_epoch3(node0)']
428     : 0--------1---1---0--------
428     : ['held(node1)', 'locked_epoch1(node1)', '~ep_epoch0(node0)', '~locked_epoch3(node1)']
num_forall :   2
num_exists :   0
num_literals : 5
quantified form : forall NODE0,NODE1. ~held(NODE0) | ~locked_epoch1(NODE0) | ep_epoch0(NODE1) | locked_epoch3(NODE0) | NODE0 = NODE1
qcost : 7




=== Prime Orbit 135 =====================
size : 2
num_suborbits: 1
293 (*) : -----0--1----11-----------
293     : ['held(node0)', 'locked_epoch1(node1)', 'locked_epoch2(node0)', '~ep_epoch1(node1)']
294     : -0-------1--1--1----------
294     : ['held(node1)', 'locked_epoch1(node0)', 'locked_epoch2(node1)', '~ep_epoch1(node0)']
num_forall :   2
num_exists :   0
num_literals : 5
quantified form : forall NODE0,NODE1. ~held(NODE0) | ~locked_epoch1(NODE1) | ~locked_epoch2(NODE0) | ep_epoch1(NODE1) | NODE0 = NODE1
qcost : 7




=== Prime Orbit 136 =====================
size : 2
num_suborbits: 1
408 (*) : -----00-1----1------------
408     : ['held(node0)', 'locked_epoch1(node1)', '~ep_epoch1(node1)', '~ep_epoch2(node1)']
407     : -00------1--1-------------
407     : ['held(node1)', 'locked_epoch1(node0)', '~ep_epoch1(node0)', '~ep_epoch2(node0)']
num_forall :   2
num_exists :   0
num_literals : 5
quantified form : forall NODE0,NODE1. ~held(NODE0) | ~locked_epoch1(NODE1) | ep_epoch1(NODE1) | ep_epoch2(NODE1) | NODE0 = NODE1
qcost : 7




=== Prime Orbit 137 =====================
size : 2
num_suborbits: 1
412 (*) : ---0-0--1----1------------
412     : ['held(node0)', 'locked_epoch1(node1)', '~ep_epoch1(node1)', '~ep_epoch3(node0)']
411     : -0-----0-1--1-------------
411     : ['held(node1)', 'locked_epoch1(node0)', '~ep_epoch1(node0)', '~ep_epoch3(node1)']
num_forall :   2
num_exists :   0
num_literals : 5
quantified form : forall NODE0,NODE1. ~held(NODE0) | ~locked_epoch1(NODE1) | ep_epoch1(NODE1) | ep_epoch3(NODE0) | NODE0 = NODE1
qcost : 7




=== Prime Orbit 138 =====================
size : 2
num_suborbits: 1
410 (*) : -----0--1----1-0----------
410     : ['held(node0)', 'locked_epoch1(node1)', '~ep_epoch1(node1)', '~locked_epoch2(node1)']
409     : -0-------1--1-0-----------
409     : ['held(node1)', 'locked_epoch1(node0)', '~ep_epoch1(node0)', '~locked_epoch2(node0)']
num_forall :   2
num_exists :   0
num_literals : 5
quantified form : forall NODE0,NODE1. ~held(NODE0) | ~locked_epoch1(NODE1) | ep_epoch1(NODE1) | locked_epoch2(NODE1) | NODE0 = NODE1
qcost : 7




=== Prime Orbit 139 =====================
size : 2
num_suborbits: 1
414 (*) : -----0--1----1--0---------
414     : ['held(node0)', 'locked_epoch1(node1)', '~ep_epoch1(node1)', '~locked_epoch3(node0)']
413     : -0-------1--1----0--------
413     : ['held(node1)', 'locked_epoch1(node0)', '~ep_epoch1(node0)', '~locked_epoch3(node1)']
num_forall :   2
num_exists :   0
num_literals : 5
quantified form : forall NODE0,NODE1. ~held(NODE0) | ~locked_epoch1(NODE1) | ep_epoch1(NODE1) | locked_epoch3(NODE0) | NODE0 = NODE1
qcost : 7




=== Prime Orbit 140 =====================
size : 2
num_suborbits: 1
404 (*) : --00----1----1------------
404     : ['held(node0)', 'locked_epoch1(node1)', '~ep_epoch2(node0)', '~ep_epoch3(node0)']
403     : ------00-1--1-------------
403     : ['held(node1)', 'locked_epoch1(node0)', '~ep_epoch2(node1)', '~ep_epoch3(node1)']
num_forall :   2
num_exists :   0
num_literals : 5
quantified form : forall NODE0,NODE1. ~held(NODE0) | ~locked_epoch1(NODE1) | ep_epoch2(NODE0) | ep_epoch3(NODE0) | NODE0 = NODE1
qcost : 7




=== Prime Orbit 141 =====================
size : 2
num_suborbits: 1
406 (*) : --0-----1----1--0---------
406     : ['held(node0)', 'locked_epoch1(node1)', '~ep_epoch2(node0)', '~locked_epoch3(node0)']
405     : ------0--1--1----0--------
405     : ['held(node1)', 'locked_epoch1(node0)', '~ep_epoch2(node1)', '~locked_epoch3(node1)']
num_forall :   2
num_exists :   0
num_literals : 5
quantified form : forall NODE0,NODE1. ~held(NODE0) | ~locked_epoch1(NODE1) | ep_epoch2(NODE0) | locked_epoch3(NODE0) | NODE0 = NODE1
qcost : 7




=== Prime Orbit 142 =====================
size : 2
num_suborbits: 1
390 (*) : ---0----1----10-----------
390     : ['held(node0)', 'locked_epoch1(node1)', '~ep_epoch3(node0)', '~locked_epoch2(node0)']
389     : -------0-1--1--0----------
389     : ['held(node1)', 'locked_epoch1(node0)', '~ep_epoch3(node1)', '~locked_epoch2(node1)']
num_forall :   2
num_exists :   0
num_literals : 5
quantified form : forall NODE0,NODE1. ~held(NODE0) | ~locked_epoch1(NODE1) | ep_epoch3(NODE0) | locked_epoch2(NODE0) | NODE0 = NODE1
qcost : 7




=== Prime Orbit 143 =====================
size : 2
num_suborbits: 1
388 (*) : --------1----10-0---------
388     : ['held(node0)', 'locked_epoch1(node1)', '~locked_epoch2(node0)', '~locked_epoch3(node0)']
387     : ---------1--1--0-0--------
387     : ['held(node1)', 'locked_epoch1(node0)', '~locked_epoch2(node1)', '~locked_epoch3(node1)']
num_forall :   2
num_exists :   0
num_literals : 5
quantified form : forall NODE0,NODE1. ~held(NODE0) | ~locked_epoch1(NODE1) | locked_epoch2(NODE0) | locked_epoch3(NODE0) | NODE0 = NODE1
qcost : 7




=== Prime Orbit 144 =====================
size : 2
num_suborbits: 1
321 (*) : ----00--1-----1-----------
321     : ['held(node0)', 'locked_epoch2(node0)', '~ep_epoch0(node1)', '~ep_epoch1(node1)']
322     : 00-------1-----1----------
322     : ['held(node1)', 'locked_epoch2(node1)', '~ep_epoch0(node0)', '~ep_epoch1(node0)']
num_forall :   2
num_exists :   0
num_literals : 5
quantified form : forall NODE0,NODE1. ~held(NODE0) | ~locked_epoch2(NODE0) | ep_epoch0(NODE1) | ep_epoch1(NODE1) | NODE0 = NODE1
qcost : 7




=== Prime Orbit 145 =====================
size : 2
num_suborbits: 1
311 (*) : ----0---1----01-----------
311     : ['held(node0)', 'locked_epoch2(node0)', '~ep_epoch0(node1)', '~locked_epoch1(node1)']
312     : 0--------1--0--1----------
312     : ['held(node1)', 'locked_epoch2(node1)', '~ep_epoch0(node0)', '~locked_epoch1(node0)']
num_forall :   2
num_exists :   0
num_literals : 5
quantified form : forall NODE0,NODE1. ~held(NODE0) | ~locked_epoch2(NODE0) | ep_epoch0(NODE1) | locked_epoch1(NODE1) | NODE0 = NODE1
qcost : 7




=== Prime Orbit 146 =====================
size : 2
num_suborbits: 1
319 (*) : -----0--1---0-1-----------
319     : ['held(node0)', 'locked_epoch2(node0)', '~ep_epoch1(node1)', '~locked_epoch1(node0)']
320     : -0-------1---0-1----------
320     : ['held(node1)', 'locked_epoch2(node1)', '~ep_epoch1(node0)', '~locked_epoch1(node1)']
num_forall :   2
num_exists :   0
num_literals : 5
quantified form : forall NODE0,NODE1. ~held(NODE0) | ~locked_epoch2(NODE0) | ep_epoch1(NODE1) | locked_epoch1(NODE0) | NODE0 = NODE1
qcost : 7




=== Prime Orbit 147 =====================
size : 2
num_suborbits: 1
522 (*) : ----000-1-----------------
522     : ['held(node0)', '~ep_epoch0(node1)', '~ep_epoch1(node1)', '~ep_epoch2(node1)']
521     : 000------1----------------
521     : ['held(node1)', '~ep_epoch0(node0)', '~ep_epoch1(node0)', '~ep_epoch2(node0)']
num_forall :   2
num_exists :   0
num_literals : 5
quantified form : forall NODE0,NODE1. ~held(NODE0) | ep_epoch0(NODE1) | ep_epoch1(NODE1) | ep_epoch2(NODE1) | NODE0 = NODE1
qcost : 7




=== Prime Orbit 148 =====================
size : 2
num_suborbits: 1
457 (*) : ---000--1-----------------
457     : ['held(node0)', '~ep_epoch0(node1)', '~ep_epoch1(node1)', '~ep_epoch3(node0)']
458     : 00-----0-1----------------
458     : ['held(node1)', '~ep_epoch0(node0)', '~ep_epoch1(node0)', '~ep_epoch3(node1)']
num_forall :   2
num_exists :   0
num_literals : 5
quantified form : forall NODE0,NODE1. ~held(NODE0) | ep_epoch0(NODE1) | ep_epoch1(NODE1) | ep_epoch3(NODE0) | NODE0 = NODE1
qcost : 7




=== Prime Orbit 149 =====================
size : 2
num_suborbits: 1
538 (*) : ----00--1------0----------
538     : ['held(node0)', '~ep_epoch0(node1)', '~ep_epoch1(node1)', '~locked_epoch2(node1)']
537     : 00-------1----0-----------
537     : ['held(node1)', '~ep_epoch0(node0)', '~ep_epoch1(node0)', '~locked_epoch2(node0)']
num_forall :   2
num_exists :   0
num_literals : 5
quantified form : forall NODE0,NODE1. ~held(NODE0) | ep_epoch0(NODE1) | ep_epoch1(NODE1) | locked_epoch2(NODE1) | NODE0 = NODE1
qcost : 7




=== Prime Orbit 150 =====================
size : 2
num_suborbits: 1
490 (*) : ----00--1-------0---------
490     : ['held(node0)', '~ep_epoch0(node1)', '~ep_epoch1(node1)', '~locked_epoch3(node0)']
489     : 00-------1-------0--------
489     : ['held(node1)', '~ep_epoch0(node0)', '~ep_epoch1(node0)', '~locked_epoch3(node1)']
num_forall :   2
num_exists :   0
num_literals : 5
quantified form : forall NODE0,NODE1. ~held(NODE0) | ep_epoch0(NODE1) | ep_epoch1(NODE1) | locked_epoch3(NODE0) | NODE0 = NODE1
qcost : 7




=== Prime Orbit 151 =====================
size : 2
num_suborbits: 1
455 (*) : --000---1-----------------
455     : ['held(node0)', '~ep_epoch0(node1)', '~ep_epoch2(node0)', '~ep_epoch3(node0)']
456     : 0-----00-1----------------
456     : ['held(node1)', '~ep_epoch0(node0)', '~ep_epoch2(node1)', '~ep_epoch3(node1)']
num_forall :   2
num_exists :   0
num_literals : 5
quantified form : forall NODE0,NODE1. ~held(NODE0) | ep_epoch0(NODE1) | ep_epoch2(NODE0) | ep_epoch3(NODE0) | NODE0 = NODE1
qcost : 7




=== Prime Orbit 152 =====================
size : 2
num_suborbits: 1
525 (*) : --0-0---1-------0---------
525     : ['held(node0)', '~ep_epoch0(node1)', '~ep_epoch2(node0)', '~locked_epoch3(node0)']
526     : 0-----0--1-------0--------
526     : ['held(node1)', '~ep_epoch0(node0)', '~ep_epoch2(node1)', '~locked_epoch3(node1)']
num_forall :   2
num_exists :   0
num_literals : 5
quantified form : forall NODE0,NODE1. ~held(NODE0) | ep_epoch0(NODE1) | ep_epoch2(NODE0) | locked_epoch3(NODE0) | NODE0 = NODE1
qcost : 7




=== Prime Orbit 153 =====================
size : 2
num_suborbits: 1
567 (*) : ----0-0-1----0------------
567     : ['held(node0)', '~ep_epoch0(node1)', '~ep_epoch2(node1)', '~locked_epoch1(node1)']
568     : 0-0------1--0-------------
568     : ['held(node1)', '~ep_epoch0(node0)', '~ep_epoch2(node0)', '~locked_epoch1(node0)']
num_forall :   2
num_exists :   0
num_literals : 5
quantified form : forall NODE0,NODE1. ~held(NODE0) | ep_epoch0(NODE1) | ep_epoch2(NODE1) | locked_epoch1(NODE1) | NODE0 = NODE1
qcost : 7




=== Prime Orbit 154 =====================
size : 2
num_suborbits: 1
461 (*) : ---00---1----0------------
461     : ['held(node0)', '~ep_epoch0(node1)', '~ep_epoch3(node0)', '~locked_epoch1(node1)']
462     : 0------0-1--0-------------
462     : ['held(node1)', '~ep_epoch0(node0)', '~ep_epoch3(node1)', '~locked_epoch1(node0)']
num_forall :   2
num_exists :   0
num_literals : 5
quantified form : forall NODE0,NODE1. ~held(NODE0) | ep_epoch0(NODE1) | ep_epoch3(NODE0) | locked_epoch1(NODE1) | NODE0 = NODE1
qcost : 7




=== Prime Orbit 155 =====================
size : 2
num_suborbits: 1
459 (*) : ---00---1-----0-----------
459     : ['held(node0)', '~ep_epoch0(node1)', '~ep_epoch3(node0)', '~locked_epoch2(node0)']
460     : 0------0-1-----0----------
460     : ['held(node1)', '~ep_epoch0(node0)', '~ep_epoch3(node1)', '~locked_epoch2(node1)']
num_forall :   2
num_exists :   0
num_literals : 5
quantified form : forall NODE0,NODE1. ~held(NODE0) | ep_epoch0(NODE1) | ep_epoch3(NODE0) | locked_epoch2(NODE0) | NODE0 = NODE1
qcost : 7




=== Prime Orbit 156 =====================
size : 2
num_suborbits: 1
551 (*) : ----0---1----0-0----------
551     : ['held(node0)', '~ep_epoch0(node1)', '~locked_epoch1(node1)', '~locked_epoch2(node1)']
552     : 0--------1--0-0-----------
552     : ['held(node1)', '~ep_epoch0(node0)', '~locked_epoch1(node0)', '~locked_epoch2(node0)']
num_forall :   2
num_exists :   0
num_literals : 5
quantified form : forall NODE0,NODE1. ~held(NODE0) | ep_epoch0(NODE1) | locked_epoch1(NODE1) | locked_epoch2(NODE1) | NODE0 = NODE1
qcost : 7




=== Prime Orbit 157 =====================
size : 2
num_suborbits: 1
513 (*) : ----0---1----0--0---------
513     : ['held(node0)', '~ep_epoch0(node1)', '~locked_epoch1(node1)', '~locked_epoch3(node0)']
514     : 0--------1--0----0--------
514     : ['held(node1)', '~ep_epoch0(node0)', '~locked_epoch1(node0)', '~locked_epoch3(node1)']
num_forall :   2
num_exists :   0
num_literals : 5
quantified form : forall NODE0,NODE1. ~held(NODE0) | ep_epoch0(NODE1) | locked_epoch1(NODE1) | locked_epoch3(NODE0) | NODE0 = NODE1
qcost : 7




=== Prime Orbit 158 =====================
size : 2
num_suborbits: 1
485 (*) : ----0---1-----0-0---------
485     : ['held(node0)', '~ep_epoch0(node1)', '~locked_epoch2(node0)', '~locked_epoch3(node0)']
486     : 0--------1-----0-0--------
486     : ['held(node1)', '~ep_epoch0(node0)', '~locked_epoch2(node1)', '~locked_epoch3(node1)']
num_forall :   2
num_exists :   0
num_literals : 5
quantified form : forall NODE0,NODE1. ~held(NODE0) | ep_epoch0(NODE1) | locked_epoch2(NODE0) | locked_epoch3(NODE0) | NODE0 = NODE1
qcost : 7




=== Prime Orbit 159 =====================
size : 2
num_suborbits: 1
453 (*) : -000----1-----------------
453     : ['held(node0)', '~ep_epoch1(node0)', '~ep_epoch2(node0)', '~ep_epoch3(node0)']
454     : -----000-1----------------
454     : ['held(node1)', '~ep_epoch1(node1)', '~ep_epoch2(node1)', '~ep_epoch3(node1)']
num_forall :   1
num_exists :   0
num_literals : 4
quantified form : forall NODE0. ~held(NODE0) | ep_epoch1(NODE0) | ep_epoch2(NODE0) | ep_epoch3(NODE0)
qcost : 5




=== Prime Orbit 160 =====================
size : 2
num_suborbits: 1
471 (*) : -00-----1-------0---------
471     : ['held(node0)', '~ep_epoch1(node0)', '~ep_epoch2(node0)', '~locked_epoch3(node0)']
472     : -----00--1-------0--------
472     : ['held(node1)', '~ep_epoch1(node1)', '~ep_epoch2(node1)', '~locked_epoch3(node1)']
num_forall :   1
num_exists :   0
num_literals : 4
quantified form : forall NODE0. ~held(NODE0) | ep_epoch1(NODE0) | ep_epoch2(NODE0) | locked_epoch3(NODE0)
qcost : 5




=== Prime Orbit 161 =====================
size : 2
num_suborbits: 1
463 (*) : -0-0----1-----0-----------
463     : ['held(node0)', '~ep_epoch1(node0)', '~ep_epoch3(node0)', '~locked_epoch2(node0)']
464     : -----0-0-1-----0----------
464     : ['held(node1)', '~ep_epoch1(node1)', '~ep_epoch3(node1)', '~locked_epoch2(node1)']
num_forall :   1
num_exists :   0
num_literals : 4
quantified form : forall NODE0. ~held(NODE0) | ep_epoch1(NODE0) | ep_epoch3(NODE0) | locked_epoch2(NODE0)
qcost : 5




=== Prime Orbit 162 =====================
size : 2
num_suborbits: 1
475 (*) : -0------1-----0-0---------
475     : ['held(node0)', '~ep_epoch1(node0)', '~locked_epoch2(node0)', '~locked_epoch3(node0)']
476     : -----0---1-----0-0--------
476     : ['held(node1)', '~ep_epoch1(node1)', '~locked_epoch2(node1)', '~locked_epoch3(node1)']
num_forall :   1
num_exists :   0
num_literals : 4
quantified form : forall NODE0. ~held(NODE0) | ep_epoch1(NODE0) | locked_epoch2(NODE0) | locked_epoch3(NODE0)
qcost : 5




=== Prime Orbit 163 =====================
size : 2
num_suborbits: 1
520 (*) : -----00-1---0-------------
520     : ['held(node0)', '~ep_epoch1(node1)', '~ep_epoch2(node1)', '~locked_epoch1(node0)']
519     : -00------1---0------------
519     : ['held(node1)', '~ep_epoch1(node0)', '~ep_epoch2(node0)', '~locked_epoch1(node1)']
num_forall :   2
num_exists :   0
num_literals : 5
quantified form : forall NODE0,NODE1. ~held(NODE0) | ep_epoch1(NODE1) | ep_epoch2(NODE1) | locked_epoch1(NODE0) | NODE0 = NODE1
qcost : 7




=== Prime Orbit 164 =====================
size : 2
num_suborbits: 1
516 (*) : ---0-0--1---0-------------
516     : ['held(node0)', '~ep_epoch1(node1)', '~ep_epoch3(node0)', '~locked_epoch1(node0)']
515     : -0-----0-1---0------------
515     : ['held(node1)', '~ep_epoch1(node0)', '~ep_epoch3(node1)', '~locked_epoch1(node1)']
num_forall :   2
num_exists :   0
num_literals : 5
quantified form : forall NODE0,NODE1. ~held(NODE0) | ep_epoch1(NODE1) | ep_epoch3(NODE0) | locked_epoch1(NODE0) | NODE0 = NODE1
qcost : 7




=== Prime Orbit 165 =====================
size : 2
num_suborbits: 1
530 (*) : -----0--1---0--0----------
530     : ['held(node0)', '~ep_epoch1(node1)', '~locked_epoch1(node0)', '~locked_epoch2(node1)']
529     : -0-------1---00-----------
529     : ['held(node1)', '~ep_epoch1(node0)', '~locked_epoch1(node1)', '~locked_epoch2(node0)']
num_forall :   2
num_exists :   0
num_literals : 5
quantified form : forall NODE0,NODE1. ~held(NODE0) | ep_epoch1(NODE1) | locked_epoch1(NODE0) | locked_epoch2(NODE1) | NODE0 = NODE1
qcost : 7




=== Prime Orbit 166 =====================
size : 2
num_suborbits: 1
518 (*) : -----0--1---0---0---------
518     : ['held(node0)', '~ep_epoch1(node1)', '~locked_epoch1(node0)', '~locked_epoch3(node0)']
517     : -0-------1---0---0--------
517     : ['held(node1)', '~ep_epoch1(node0)', '~locked_epoch1(node1)', '~locked_epoch3(node1)']
num_forall :   2
num_exists :   0
num_literals : 5
quantified form : forall NODE0,NODE1. ~held(NODE0) | ep_epoch1(NODE1) | locked_epoch1(NODE0) | locked_epoch3(NODE0) | NODE0 = NODE1
qcost : 7




=== Prime Orbit 167 =====================
size : 2
num_suborbits: 1
566 (*) : --00----1---0-------------
566     : ['held(node0)', '~ep_epoch2(node0)', '~ep_epoch3(node0)', '~locked_epoch1(node0)']
565     : ------00-1---0------------
565     : ['held(node1)', '~ep_epoch2(node1)', '~ep_epoch3(node1)', '~locked_epoch1(node1)']
num_forall :   1
num_exists :   0
num_literals : 4
quantified form : forall NODE0. ~held(NODE0) | ep_epoch2(NODE0) | ep_epoch3(NODE0) | locked_epoch1(NODE0)
qcost : 5




=== Prime Orbit 168 =====================
size : 2
num_suborbits: 1
562 (*) : --0-----1---0---0---------
562     : ['held(node0)', '~ep_epoch2(node0)', '~locked_epoch1(node0)', '~locked_epoch3(node0)']
561     : ------0--1---0---0--------
561     : ['held(node1)', '~ep_epoch2(node1)', '~locked_epoch1(node1)', '~locked_epoch3(node1)']
num_forall :   1
num_exists :   0
num_literals : 4
quantified form : forall NODE0. ~held(NODE0) | ep_epoch2(NODE0) | locked_epoch1(NODE0) | locked_epoch3(NODE0)
qcost : 5




=== Prime Orbit 169 =====================
size : 2
num_suborbits: 1
542 (*) : ---0----1---0-0-----------
542     : ['held(node0)', '~ep_epoch3(node0)', '~locked_epoch1(node0)', '~locked_epoch2(node0)']
541     : -------0-1---0-0----------
541     : ['held(node1)', '~ep_epoch3(node1)', '~locked_epoch1(node1)', '~locked_epoch2(node1)']
num_forall :   1
num_exists :   0
num_literals : 4
quantified form : forall NODE0. ~held(NODE0) | ep_epoch3(NODE0) | locked_epoch1(NODE0) | locked_epoch2(NODE0)
qcost : 5




=== Prime Orbit 170 =====================
size : 2
num_suborbits: 1
544 (*) : --------1---0-0-0---------
544     : ['held(node0)', '~locked_epoch1(node0)', '~locked_epoch2(node0)', '~locked_epoch3(node0)']
543     : ---------1---0-0-0--------
543     : ['held(node1)', '~locked_epoch1(node1)', '~locked_epoch2(node1)', '~locked_epoch3(node1)']
num_forall :   1
num_exists :   0
num_literals : 4
quantified form : forall NODE0. ~held(NODE0) | locked_epoch1(NODE0) | locked_epoch2(NODE0) | locked_epoch3(NODE0)
qcost : 5




=== Prime Orbit 171 =====================
size : 2
num_suborbits: 1
355 (*) : ----0-------1-1-1---------
355     : ['locked_epoch1(node0)', 'locked_epoch2(node0)', 'locked_epoch3(node0)', '~ep_epoch0(node1)']
356     : 0------------1-1-1--------
356     : ['locked_epoch1(node1)', 'locked_epoch2(node1)', 'locked_epoch3(node1)', '~ep_epoch0(node0)']
num_forall :   2
num_exists :   0
num_literals : 5
quantified form : forall NODE0,NODE1. ~locked_epoch1(NODE0) | ~locked_epoch2(NODE0) | ~locked_epoch3(NODE0) | ep_epoch0(NODE1) | NODE0 = NODE1
qcost : 7




=== Prime Orbit 172 =====================
size : 4
num_suborbits: 2
279 (*) : ----0-------1-1---------1-
279     : ['locked_epoch1(node0)', 'locked_epoch2(node0)', 'transfer_epoch3(node0)', '~ep_epoch0(node1)']
266     : ----0-------1-1----------1
266     : ['locked_epoch1(node0)', 'locked_epoch2(node0)', 'transfer_epoch3(node1)', '~ep_epoch0(node1)']
265     : 0------------1-1--------1-
265     : ['locked_epoch1(node1)', 'locked_epoch2(node1)', 'transfer_epoch3(node0)', '~ep_epoch0(node0)']
280     : 0------------1-1---------1
280     : ['locked_epoch1(node1)', 'locked_epoch2(node1)', 'transfer_epoch3(node1)', '~ep_epoch0(node0)']
num_forall :   3
num_exists :   0
num_literals : 8
quantified form : forall NODE0,NODE1,NODE2. ~locked_epoch1(NODE0) | ~locked_epoch2(NODE0) | ~transfer_epoch3(NODE1) | ep_epoch0(NODE2) | ((NODE1 ~= NODE2 | NODE0 = NODE1) & (NODE0 ~= NODE1 | NODE0 = NODE2))
qcost : 11




=== Prime Orbit 173 =====================
size : 2
num_suborbits: 1
301 (*) : --0-0-------1-1-----------
301     : ['locked_epoch1(node0)', 'locked_epoch2(node0)', '~ep_epoch0(node1)', '~ep_epoch2(node0)']
302     : 0-----0------1-1----------
302     : ['locked_epoch1(node1)', 'locked_epoch2(node1)', '~ep_epoch0(node0)', '~ep_epoch2(node1)']
num_forall :   2
num_exists :   0
num_literals : 5
quantified form : forall NODE0,NODE1. ~locked_epoch1(NODE0) | ~locked_epoch2(NODE0) | ep_epoch0(NODE1) | ep_epoch2(NODE0) | NODE0 = NODE1
qcost : 7




=== Prime Orbit 174 =====================
size : 2
num_suborbits: 1
331 (*) : ----0--0----1-1-----------
331     : ['locked_epoch1(node0)', 'locked_epoch2(node0)', '~ep_epoch0(node1)', '~ep_epoch3(node1)']
332     : 0--0---------1-1----------
332     : ['locked_epoch1(node1)', 'locked_epoch2(node1)', '~ep_epoch0(node0)', '~ep_epoch3(node0)']
num_forall :   2
num_exists :   0
num_literals : 5
quantified form : forall NODE0,NODE1. ~locked_epoch1(NODE0) | ~locked_epoch2(NODE0) | ep_epoch0(NODE1) | ep_epoch3(NODE1) | NODE0 = NODE1
qcost : 7




=== Prime Orbit 175 =====================
size : 2
num_suborbits: 1
333 (*) : ----0----0--1-1-----------
333     : ['locked_epoch1(node0)', 'locked_epoch2(node0)', '~ep_epoch0(node1)', '~held(node1)']
334     : 0-------0----1-1----------
334     : ['locked_epoch1(node1)', 'locked_epoch2(node1)', '~ep_epoch0(node0)', '~held(node0)']
num_forall :   2
num_exists :   0
num_literals : 5
quantified form : forall NODE0,NODE1. ~locked_epoch1(NODE0) | ~locked_epoch2(NODE0) | ep_epoch0(NODE1) | held(NODE1) | NODE0 = NODE1
qcost : 7




=== Prime Orbit 176 =====================
size : 2
num_suborbits: 1
335 (*) : ----0-------1-1--0--------
335     : ['locked_epoch1(node0)', 'locked_epoch2(node0)', '~ep_epoch0(node1)', '~locked_epoch3(node1)']
336     : 0------------1-10---------
336     : ['locked_epoch1(node1)', 'locked_epoch2(node1)', '~ep_epoch0(node0)', '~locked_epoch3(node0)']
num_forall :   2
num_exists :   0
num_literals : 5
quantified form : forall NODE0,NODE1. ~locked_epoch1(NODE0) | ~locked_epoch2(NODE0) | ep_epoch0(NODE1) | locked_epoch3(NODE1) | NODE0 = NODE1
qcost : 7




=== Prime Orbit 177 =====================
size : 2
num_suborbits: 1
352 (*) : -0----------1--1-1--------
352     : ['locked_epoch1(node0)', 'locked_epoch2(node1)', 'locked_epoch3(node1)', '~ep_epoch1(node0)']
351     : -----0-------11-1---------
351     : ['locked_epoch1(node1)', 'locked_epoch2(node0)', 'locked_epoch3(node0)', '~ep_epoch1(node1)']
num_forall :   2
num_exists :   0
num_literals : 5
quantified form : forall NODE0,NODE1. ~locked_epoch1(NODE0) | ~locked_epoch2(NODE1) | ~locked_epoch3(NODE1) | ep_epoch1(NODE0) | NODE0 = NODE1
qcost : 7




=== Prime Orbit 178 =====================
size : 4
num_suborbits: 2
259 (*) : -0----------1--1--------1-
259     : ['locked_epoch1(node0)', 'locked_epoch2(node1)', 'transfer_epoch3(node0)', '~ep_epoch1(node0)']
286     : -0----------1--1---------1
286     : ['locked_epoch1(node0)', 'locked_epoch2(node1)', 'transfer_epoch3(node1)', '~ep_epoch1(node0)']
285     : -----0-------11---------1-
285     : ['locked_epoch1(node1)', 'locked_epoch2(node0)', 'transfer_epoch3(node0)', '~ep_epoch1(node1)']
260     : -----0-------11----------1
260     : ['locked_epoch1(node1)', 'locked_epoch2(node0)', 'transfer_epoch3(node1)', '~ep_epoch1(node1)']
num_forall :   3
num_exists :   0
num_literals : 8
quantified form : forall NODE0,NODE1,NODE2. ~locked_epoch1(NODE0) | ~locked_epoch2(NODE1) | ~transfer_epoch3(NODE2) | ep_epoch1(NODE0) | ((NODE0 ~= NODE2 | NODE0 = NODE1) & (NODE1 ~= NODE2 | NODE0 = NODE1))
qcost : 11




=== Prime Orbit 179 =====================
size : 2
num_suborbits: 1
296 (*) : -0----0-----1--1----------
296     : ['locked_epoch1(node0)', 'locked_epoch2(node1)', '~ep_epoch1(node0)', '~ep_epoch2(node1)']
295     : --0--0-------11-----------
295     : ['locked_epoch1(node1)', 'locked_epoch2(node0)', '~ep_epoch1(node1)', '~ep_epoch2(node0)']
num_forall :   2
num_exists :   0
num_literals : 5
quantified form : forall NODE0,NODE1. ~locked_epoch1(NODE0) | ~locked_epoch2(NODE1) | ep_epoch1(NODE0) | ep_epoch2(NODE1) | NODE0 = NODE1
qcost : 7




=== Prime Orbit 180 =====================
size : 2
num_suborbits: 1
292 (*) : -0-0--------1--1----------
292     : ['locked_epoch1(node0)', 'locked_epoch2(node1)', '~ep_epoch1(node0)', '~ep_epoch3(node0)']
291     : -----0-0-----11-----------
291     : ['locked_epoch1(node1)', 'locked_epoch2(node0)', '~ep_epoch1(node1)', '~ep_epoch3(node1)']
num_forall :   2
num_exists :   0
num_literals : 5
quantified form : forall NODE0,NODE1. ~locked_epoch1(NODE0) | ~locked_epoch2(NODE1) | ep_epoch1(NODE0) | ep_epoch3(NODE0) | NODE0 = NODE1
qcost : 7




=== Prime Orbit 181 =====================
size : 2
num_suborbits: 1
290 (*) : -0------0---1--1----------
290     : ['locked_epoch1(node0)', 'locked_epoch2(node1)', '~ep_epoch1(node0)', '~held(node0)']
289     : -----0---0---11-----------
289     : ['locked_epoch1(node1)', 'locked_epoch2(node0)', '~ep_epoch1(node1)', '~held(node1)']
num_forall :   2
num_exists :   0
num_literals : 5
quantified form : forall NODE0,NODE1. ~locked_epoch1(NODE0) | ~locked_epoch2(NODE1) | ep_epoch1(NODE0) | held(NODE0) | NODE0 = NODE1
qcost : 7




=== Prime Orbit 182 =====================
size : 2
num_suborbits: 1
288 (*) : -0----------1--10---------
288     : ['locked_epoch1(node0)', 'locked_epoch2(node1)', '~ep_epoch1(node0)', '~locked_epoch3(node0)']
287     : -----0-------11--0--------
287     : ['locked_epoch1(node1)', 'locked_epoch2(node0)', '~ep_epoch1(node1)', '~locked_epoch3(node1)']
num_forall :   2
num_exists :   0
num_literals : 5
quantified form : forall NODE0,NODE1. ~locked_epoch1(NODE0) | ~locked_epoch2(NODE1) | ep_epoch1(NODE0) | locked_epoch3(NODE0) | NODE0 = NODE1
qcost : 7




=== Prime Orbit 183 =====================
size : 2
num_suborbits: 1
359 (*) : ----0-0-----1---1---------
359     : ['locked_epoch1(node0)', 'locked_epoch3(node0)', '~ep_epoch0(node1)', '~ep_epoch2(node1)']
360     : 0-0----------1---1--------
360     : ['locked_epoch1(node1)', 'locked_epoch3(node1)', '~ep_epoch0(node0)', '~ep_epoch2(node0)']
num_forall :   2
num_exists :   0
num_literals : 5
quantified form : forall NODE0,NODE1. ~locked_epoch1(NODE0) | ~locked_epoch3(NODE0) | ep_epoch0(NODE1) | ep_epoch2(NODE1) | NODE0 = NODE1
qcost : 7




=== Prime Orbit 184 =====================
size : 2
num_suborbits: 1
357 (*) : ----0-------1--01---------
357     : ['locked_epoch1(node0)', 'locked_epoch3(node0)', '~ep_epoch0(node1)', '~locked_epoch2(node1)']
358     : 0------------10--1--------
358     : ['locked_epoch1(node1)', 'locked_epoch3(node1)', '~ep_epoch0(node0)', '~locked_epoch2(node0)']
num_forall :   2
num_exists :   0
num_literals : 5
quantified form : forall NODE0,NODE1. ~locked_epoch1(NODE0) | ~locked_epoch3(NODE0) | ep_epoch0(NODE1) | locked_epoch2(NODE1) | NODE0 = NODE1
qcost : 7




=== Prime Orbit 185 =====================
size : 2
num_suborbits: 1
372 (*) : -00---------1----1--------
372     : ['locked_epoch1(node0)', 'locked_epoch3(node1)', '~ep_epoch1(node0)', '~ep_epoch2(node0)']
371     : -----00------1--1---------
371     : ['locked_epoch1(node1)', 'locked_epoch3(node0)', '~ep_epoch1(node1)', '~ep_epoch2(node1)']
num_forall :   2
num_exists :   0
num_literals : 5
quantified form : forall NODE0,NODE1. ~locked_epoch1(NODE0) | ~locked_epoch3(NODE1) | ep_epoch1(NODE0) | ep_epoch2(NODE0) | NODE0 = NODE1
qcost : 7




=== Prime Orbit 186 =====================
size : 2
num_suborbits: 1
370 (*) : -0----------1-0--1--------
370     : ['locked_epoch1(node0)', 'locked_epoch3(node1)', '~ep_epoch1(node0)', '~locked_epoch2(node0)']
369     : -----0-------1-01---------
369     : ['locked_epoch1(node1)', 'locked_epoch3(node0)', '~ep_epoch1(node1)', '~locked_epoch2(node1)']
num_forall :   2
num_exists :   0
num_literals : 5
quantified form : forall NODE0,NODE1. ~locked_epoch1(NODE0) | ~locked_epoch3(NODE1) | ep_epoch1(NODE0) | locked_epoch2(NODE0) | NODE0 = NODE1
qcost : 7




=== Prime Orbit 187 =====================
size : 4
num_suborbits: 2
229 (*) : -0--0-------1-----------1-
229     : ['locked_epoch1(node0)', 'transfer_epoch3(node0)', '~ep_epoch0(node1)', '~ep_epoch1(node0)']
216     : -0--0-------1------------1
216     : ['locked_epoch1(node0)', 'transfer_epoch3(node1)', '~ep_epoch0(node1)', '~ep_epoch1(node0)']
215     : 0----0-------1----------1-
215     : ['locked_epoch1(node1)', 'transfer_epoch3(node0)', '~ep_epoch0(node0)', '~ep_epoch1(node1)']
230     : 0----0-------1-----------1
230     : ['locked_epoch1(node1)', 'transfer_epoch3(node1)', '~ep_epoch0(node0)', '~ep_epoch1(node1)']
num_forall :   3
num_exists :   0
num_literals : 8
quantified form : forall NODE0,NODE1,NODE2. ~locked_epoch1(NODE0) | ~transfer_epoch3(NODE1) | ep_epoch0(NODE2) | ep_epoch1(NODE0) | ((NODE1 ~= NODE2 | NODE0 = NODE1) & (NODE0 ~= NODE1 | NODE0 = NODE2))
qcost : 11




=== Prime Orbit 188 =====================
size : 4
num_suborbits: 2
233 (*) : ----0-0-----1-----------1-
233     : ['locked_epoch1(node0)', 'transfer_epoch3(node0)', '~ep_epoch0(node1)', '~ep_epoch2(node1)']
194     : ----0-0-----1------------1
194     : ['locked_epoch1(node0)', 'transfer_epoch3(node1)', '~ep_epoch0(node1)', '~ep_epoch2(node1)']
193     : 0-0----------1----------1-
193     : ['locked_epoch1(node1)', 'transfer_epoch3(node0)', '~ep_epoch0(node0)', '~ep_epoch2(node0)']
234     : 0-0----------1-----------1
234     : ['locked_epoch1(node1)', 'transfer_epoch3(node1)', '~ep_epoch0(node0)', '~ep_epoch2(node0)']
num_forall :   3
num_exists :   0
num_literals : 8
quantified form : forall NODE0,NODE1,NODE2. ~locked_epoch1(NODE0) | ~transfer_epoch3(NODE1) | ep_epoch0(NODE2) | ep_epoch2(NODE2) | ((NODE1 ~= NODE2 | NODE0 = NODE1) & (NODE0 ~= NODE1 | NODE0 = NODE2))
qcost : 11




=== Prime Orbit 189 =====================
size : 4
num_suborbits: 2
231 (*) : ----0-------1--0--------1-
231     : ['locked_epoch1(node0)', 'transfer_epoch3(node0)', '~ep_epoch0(node1)', '~locked_epoch2(node1)']
202     : ----0-------1--0---------1
202     : ['locked_epoch1(node0)', 'transfer_epoch3(node1)', '~ep_epoch0(node1)', '~locked_epoch2(node1)']
201     : 0------------10---------1-
201     : ['locked_epoch1(node1)', 'transfer_epoch3(node0)', '~ep_epoch0(node0)', '~locked_epoch2(node0)']
232     : 0------------10----------1
232     : ['locked_epoch1(node1)', 'transfer_epoch3(node1)', '~ep_epoch0(node0)', '~locked_epoch2(node0)']
num_forall :   3
num_exists :   0
num_literals : 8
quantified form : forall NODE0,NODE1,NODE2. ~locked_epoch1(NODE0) | ~transfer_epoch3(NODE1) | ep_epoch0(NODE2) | locked_epoch2(NODE2) | ((NODE1 ~= NODE2 | NODE0 = NODE1) & (NODE0 ~= NODE1 | NODE0 = NODE2))
qcost : 11




=== Prime Orbit 190 =====================
size : 4
num_suborbits: 2
235 (*) : -00---------1-----------1-
235     : ['locked_epoch1(node0)', 'transfer_epoch3(node0)', '~ep_epoch1(node0)', '~ep_epoch2(node0)']
224     : -00---------1------------1
224     : ['locked_epoch1(node0)', 'transfer_epoch3(node1)', '~ep_epoch1(node0)', '~ep_epoch2(node0)']
223     : -----00------1----------1-
223     : ['locked_epoch1(node1)', 'transfer_epoch3(node0)', '~ep_epoch1(node1)', '~ep_epoch2(node1)']
236     : -----00------1-----------1
236     : ['locked_epoch1(node1)', 'transfer_epoch3(node1)', '~ep_epoch1(node1)', '~ep_epoch2(node1)']
num_forall :   2
num_exists :   0
num_literals : 4
quantified form : forall NODE0,NODE1. ~locked_epoch1(NODE0) | ~transfer_epoch3(NODE1) | ep_epoch1(NODE0) | ep_epoch2(NODE0)
qcost : 6




=== Prime Orbit 191 =====================
size : 4
num_suborbits: 2
237 (*) : -0----------1-0---------1-
237     : ['locked_epoch1(node0)', 'transfer_epoch3(node0)', '~ep_epoch1(node0)', '~locked_epoch2(node0)']
222     : -0----------1-0----------1
222     : ['locked_epoch1(node0)', 'transfer_epoch3(node1)', '~ep_epoch1(node0)', '~locked_epoch2(node0)']
221     : -----0-------1-0--------1-
221     : ['locked_epoch1(node1)', 'transfer_epoch3(node0)', '~ep_epoch1(node1)', '~locked_epoch2(node1)']
238     : -----0-------1-0---------1
238     : ['locked_epoch1(node1)', 'transfer_epoch3(node1)', '~ep_epoch1(node1)', '~locked_epoch2(node1)']
num_forall :   2
num_exists :   0
num_literals : 4
quantified form : forall NODE0,NODE1. ~locked_epoch1(NODE0) | ~transfer_epoch3(NODE1) | ep_epoch1(NODE0) | locked_epoch2(NODE0)
qcost : 6




=== Prime Orbit 192 =====================
size : 2
num_suborbits: 1
423 (*) : ----0-00----1-------------
423     : ['locked_epoch1(node0)', '~ep_epoch0(node1)', '~ep_epoch2(node1)', '~ep_epoch3(node1)']
424     : 0-00---------1------------
424     : ['locked_epoch1(node1)', '~ep_epoch0(node0)', '~ep_epoch2(node0)', '~ep_epoch3(node0)']
num_forall :   2
num_exists :   0
num_literals : 5
quantified form : forall NODE0,NODE1. ~locked_epoch1(NODE0) | ep_epoch0(NODE1) | ep_epoch2(NODE1) | ep_epoch3(NODE1) | NODE0 = NODE1
qcost : 7




=== Prime Orbit 193 =====================
size : 2
num_suborbits: 1
419 (*) : ----0-0--0--1-------------
419     : ['locked_epoch1(node0)', '~ep_epoch0(node1)', '~ep_epoch2(node1)', '~held(node1)']
420     : 0-0-----0----1------------
420     : ['locked_epoch1(node1)', '~ep_epoch0(node0)', '~ep_epoch2(node0)', '~held(node0)']
num_forall :   2
num_exists :   0
num_literals : 5
quantified form : forall NODE0,NODE1. ~locked_epoch1(NODE0) | ep_epoch0(NODE1) | ep_epoch2(NODE1) | held(NODE1) | NODE0 = NODE1
qcost : 7




=== Prime Orbit 194 =====================
size : 2
num_suborbits: 1
421 (*) : ----0-0-----1----0--------
421     : ['locked_epoch1(node0)', '~ep_epoch0(node1)', '~ep_epoch2(node1)', '~locked_epoch3(node1)']
422     : 0-0----------1--0---------
422     : ['locked_epoch1(node1)', '~ep_epoch0(node0)', '~ep_epoch2(node0)', '~locked_epoch3(node0)']
num_forall :   2
num_exists :   0
num_literals : 5
quantified form : forall NODE0,NODE1. ~locked_epoch1(NODE0) | ep_epoch0(NODE1) | ep_epoch2(NODE1) | locked_epoch3(NODE1) | NODE0 = NODE1
qcost : 7




=== Prime Orbit 195 =====================
size : 2
num_suborbits: 1
377 (*) : ----0--0----1--0----------
377     : ['locked_epoch1(node0)', '~ep_epoch0(node1)', '~ep_epoch3(node1)', '~locked_epoch2(node1)']
378     : 0--0---------10-----------
378     : ['locked_epoch1(node1)', '~ep_epoch0(node0)', '~ep_epoch3(node0)', '~locked_epoch2(node0)']
num_forall :   2
num_exists :   0
num_literals : 5
quantified form : forall NODE0,NODE1. ~locked_epoch1(NODE0) | ep_epoch0(NODE1) | ep_epoch3(NODE1) | locked_epoch2(NODE1) | NODE0 = NODE1
qcost : 7




=== Prime Orbit 196 =====================
size : 2
num_suborbits: 1
381 (*) : ----0----0--1--0----------
381     : ['locked_epoch1(node0)', '~ep_epoch0(node1)', '~held(node1)', '~locked_epoch2(node1)']
382     : 0-------0----10-----------
382     : ['locked_epoch1(node1)', '~ep_epoch0(node0)', '~held(node0)', '~locked_epoch2(node0)']
num_forall :   2
num_exists :   0
num_literals : 5
quantified form : forall NODE0,NODE1. ~locked_epoch1(NODE0) | ep_epoch0(NODE1) | held(NODE1) | locked_epoch2(NODE1) | NODE0 = NODE1
qcost : 7




=== Prime Orbit 197 =====================
size : 2
num_suborbits: 1
379 (*) : ----0-------1--0-0--------
379     : ['locked_epoch1(node0)', '~ep_epoch0(node1)', '~locked_epoch2(node1)', '~locked_epoch3(node1)']
380     : 0------------10-0---------
380     : ['locked_epoch1(node1)', '~ep_epoch0(node0)', '~locked_epoch2(node0)', '~locked_epoch3(node0)']
num_forall :   2
num_exists :   0
num_literals : 5
quantified form : forall NODE0,NODE1. ~locked_epoch1(NODE0) | ep_epoch0(NODE1) | locked_epoch2(NODE1) | locked_epoch3(NODE1) | NODE0 = NODE1
qcost : 7




=== Prime Orbit 198 =====================
size : 2
num_suborbits: 1
399 (*) : -000--------1-------------
399     : ['locked_epoch1(node0)', '~ep_epoch1(node0)', '~ep_epoch2(node0)', '~ep_epoch3(node0)']
400     : -----000-----1------------
400     : ['locked_epoch1(node1)', '~ep_epoch1(node1)', '~ep_epoch2(node1)', '~ep_epoch3(node1)']
num_forall :   1
num_exists :   0
num_literals : 4
quantified form : forall NODE0. ~locked_epoch1(NODE0) | ep_epoch1(NODE0) | ep_epoch2(NODE0) | ep_epoch3(NODE0)
qcost : 5




=== Prime Orbit 199 =====================
size : 2
num_suborbits: 1
401 (*) : -00-----0---1-------------
401     : ['locked_epoch1(node0)', '~ep_epoch1(node0)', '~ep_epoch2(node0)', '~held(node0)']
402     : -----00--0---1------------
402     : ['locked_epoch1(node1)', '~ep_epoch1(node1)', '~ep_epoch2(node1)', '~held(node1)']
num_forall :   1
num_exists :   0
num_literals : 4
quantified form : forall NODE0. ~locked_epoch1(NODE0) | ep_epoch1(NODE0) | ep_epoch2(NODE0) | held(NODE0)
qcost : 5




=== Prime Orbit 200 =====================
size : 2
num_suborbits: 1
397 (*) : -00---------1---0---------
397     : ['locked_epoch1(node0)', '~ep_epoch1(node0)', '~ep_epoch2(node0)', '~locked_epoch3(node0)']
398     : -----00------1---0--------
398     : ['locked_epoch1(node1)', '~ep_epoch1(node1)', '~ep_epoch2(node1)', '~locked_epoch3(node1)']
num_forall :   1
num_exists :   0
num_literals : 4
quantified form : forall NODE0. ~locked_epoch1(NODE0) | ep_epoch1(NODE0) | ep_epoch2(NODE0) | locked_epoch3(NODE0)
qcost : 5




=== Prime Orbit 201 =====================
size : 2
num_suborbits: 1
395 (*) : -0-0--------1-0-----------
395     : ['locked_epoch1(node0)', '~ep_epoch1(node0)', '~ep_epoch3(node0)', '~locked_epoch2(node0)']
396     : -----0-0-----1-0----------
396     : ['locked_epoch1(node1)', '~ep_epoch1(node1)', '~ep_epoch3(node1)', '~locked_epoch2(node1)']
num_forall :   1
num_exists :   0
num_literals : 4
quantified form : forall NODE0. ~locked_epoch1(NODE0) | ep_epoch1(NODE0) | ep_epoch3(NODE0) | locked_epoch2(NODE0)
qcost : 5




=== Prime Orbit 202 =====================
size : 2
num_suborbits: 1
391 (*) : -0------0---1-0-----------
391     : ['locked_epoch1(node0)', '~ep_epoch1(node0)', '~held(node0)', '~locked_epoch2(node0)']
392     : -----0---0---1-0----------
392     : ['locked_epoch1(node1)', '~ep_epoch1(node1)', '~held(node1)', '~locked_epoch2(node1)']
num_forall :   1
num_exists :   0
num_literals : 4
quantified form : forall NODE0. ~locked_epoch1(NODE0) | ep_epoch1(NODE0) | held(NODE0) | locked_epoch2(NODE0)
qcost : 5




=== Prime Orbit 203 =====================
size : 2
num_suborbits: 1
393 (*) : -0----------1-0-0---------
393     : ['locked_epoch1(node0)', '~ep_epoch1(node0)', '~locked_epoch2(node0)', '~locked_epoch3(node0)']
394     : -----0-------1-0-0--------
394     : ['locked_epoch1(node1)', '~ep_epoch1(node1)', '~locked_epoch2(node1)', '~locked_epoch3(node1)']
num_forall :   1
num_exists :   0
num_literals : 4
quantified form : forall NODE0. ~locked_epoch1(NODE0) | ep_epoch1(NODE0) | locked_epoch2(NODE0) | locked_epoch3(NODE0)
qcost : 5




=== Prime Orbit 204 =====================
size : 2
num_suborbits: 1
349 (*) : ----00--------1-1---------
349     : ['locked_epoch2(node0)', 'locked_epoch3(node0)', '~ep_epoch0(node1)', '~ep_epoch1(node1)']
350     : 00-------------1-1--------
350     : ['locked_epoch2(node1)', 'locked_epoch3(node1)', '~ep_epoch0(node0)', '~ep_epoch1(node0)']
num_forall :   2
num_exists :   0
num_literals : 5
quantified form : forall NODE0,NODE1. ~locked_epoch2(NODE0) | ~locked_epoch3(NODE0) | ep_epoch0(NODE1) | ep_epoch1(NODE1) | NODE0 = NODE1
qcost : 7




=== Prime Orbit 205 =====================
size : 2
num_suborbits: 1
353 (*) : ----0--------01-1---------
353     : ['locked_epoch2(node0)', 'locked_epoch3(node0)', '~ep_epoch0(node1)', '~locked_epoch1(node1)']
354     : 0-----------0--1-1--------
354     : ['locked_epoch2(node1)', 'locked_epoch3(node1)', '~ep_epoch0(node0)', '~locked_epoch1(node0)']
num_forall :   2
num_exists :   0
num_literals : 5
quantified form : forall NODE0,NODE1. ~locked_epoch2(NODE0) | ~locked_epoch3(NODE0) | ep_epoch0(NODE1) | locked_epoch1(NODE1) | NODE0 = NODE1
qcost : 7




=== Prime Orbit 206 =====================
size : 2
num_suborbits: 1
347 (*) : -----0------0-1-1---------
347     : ['locked_epoch2(node0)', 'locked_epoch3(node0)', '~ep_epoch1(node1)', '~locked_epoch1(node0)']
348     : -0-----------0-1-1--------
348     : ['locked_epoch2(node1)', 'locked_epoch3(node1)', '~ep_epoch1(node0)', '~locked_epoch1(node1)']
num_forall :   2
num_exists :   0
num_literals : 5
quantified form : forall NODE0,NODE1. ~locked_epoch2(NODE0) | ~locked_epoch3(NODE0) | ep_epoch1(NODE1) | locked_epoch1(NODE0) | NODE0 = NODE1
qcost : 7




=== Prime Orbit 207 =====================
size : 4
num_suborbits: 2
277 (*) : ----00--------1---------1-
277     : ['locked_epoch2(node0)', 'transfer_epoch3(node0)', '~ep_epoch0(node1)', '~ep_epoch1(node1)']
258     : ----00--------1----------1
258     : ['locked_epoch2(node0)', 'transfer_epoch3(node1)', '~ep_epoch0(node1)', '~ep_epoch1(node1)']
257     : 00-------------1--------1-
257     : ['locked_epoch2(node1)', 'transfer_epoch3(node0)', '~ep_epoch0(node0)', '~ep_epoch1(node0)']
278     : 00-------------1---------1
278     : ['locked_epoch2(node1)', 'transfer_epoch3(node1)', '~ep_epoch0(node0)', '~ep_epoch1(node0)']
num_forall :   3
num_exists :   0
num_literals : 8
quantified form : forall NODE0,NODE1,NODE2. ~locked_epoch2(NODE0) | ~transfer_epoch3(NODE1) | ep_epoch0(NODE2) | ep_epoch1(NODE2) | ((NODE1 ~= NODE2 | NODE0 = NODE1) & (NODE0 ~= NODE1 | NODE0 = NODE2))
qcost : 11




=== Prime Orbit 208 =====================
size : 4
num_suborbits: 2
281 (*) : ----0--------01---------1-
281     : ['locked_epoch2(node0)', 'transfer_epoch3(node0)', '~ep_epoch0(node1)', '~locked_epoch1(node1)']
264     : ----0--------01----------1
264     : ['locked_epoch2(node0)', 'transfer_epoch3(node1)', '~ep_epoch0(node1)', '~locked_epoch1(node1)']
263     : 0-----------0--1--------1-
263     : ['locked_epoch2(node1)', 'transfer_epoch3(node0)', '~ep_epoch0(node0)', '~locked_epoch1(node0)']
282     : 0-----------0--1---------1
282     : ['locked_epoch2(node1)', 'transfer_epoch3(node1)', '~ep_epoch0(node0)', '~locked_epoch1(node0)']
num_forall :   3
num_exists :   0
num_literals : 8
quantified form : forall NODE0,NODE1,NODE2. ~locked_epoch2(NODE0) | ~transfer_epoch3(NODE1) | ep_epoch0(NODE2) | locked_epoch1(NODE2) | ((NODE1 ~= NODE2 | NODE0 = NODE1) & (NODE0 ~= NODE1 | NODE0 = NODE2))
qcost : 11




=== Prime Orbit 209 =====================
size : 4
num_suborbits: 2
283 (*) : -----0------0-1---------1-
283     : ['locked_epoch2(node0)', 'transfer_epoch3(node0)', '~ep_epoch1(node1)', '~locked_epoch1(node0)']
262     : -----0------0-1----------1
262     : ['locked_epoch2(node0)', 'transfer_epoch3(node1)', '~ep_epoch1(node1)', '~locked_epoch1(node0)']
261     : -0-----------0-1--------1-
261     : ['locked_epoch2(node1)', 'transfer_epoch3(node0)', '~ep_epoch1(node0)', '~locked_epoch1(node1)']
284     : -0-----------0-1---------1
284     : ['locked_epoch2(node1)', 'transfer_epoch3(node1)', '~ep_epoch1(node0)', '~locked_epoch1(node1)']
num_forall :   3
num_exists :   0
num_literals : 8
quantified form : forall NODE0,NODE1,NODE2. ~locked_epoch2(NODE0) | ~transfer_epoch3(NODE1) | ep_epoch1(NODE2) | locked_epoch1(NODE0) | ((NODE1 ~= NODE2 | NODE0 = NODE1) & (NODE0 ~= NODE1 | NODE0 = NODE2))
qcost : 11




=== Prime Orbit 210 =====================
size : 2
num_suborbits: 1
299 (*) : --0-00--------1-----------
299     : ['locked_epoch2(node0)', '~ep_epoch0(node1)', '~ep_epoch1(node1)', '~ep_epoch2(node0)']
300     : 00----0--------1----------
300     : ['locked_epoch2(node1)', '~ep_epoch0(node0)', '~ep_epoch1(node0)', '~ep_epoch2(node1)']
num_forall :   2
num_exists :   0
num_literals : 5
quantified form : forall NODE0,NODE1. ~locked_epoch2(NODE0) | ep_epoch0(NODE1) | ep_epoch1(NODE1) | ep_epoch2(NODE0) | NODE0 = NODE1
qcost : 7




=== Prime Orbit 211 =====================
size : 2
num_suborbits: 1
327 (*) : ----00-0------1-----------
327     : ['locked_epoch2(node0)', '~ep_epoch0(node1)', '~ep_epoch1(node1)', '~ep_epoch3(node1)']
328     : 00-0-----------1----------
328     : ['locked_epoch2(node1)', '~ep_epoch0(node0)', '~ep_epoch1(node0)', '~ep_epoch3(node0)']
num_forall :   2
num_exists :   0
num_literals : 5
quantified form : forall NODE0,NODE1. ~locked_epoch2(NODE0) | ep_epoch0(NODE1) | ep_epoch1(NODE1) | ep_epoch3(NODE1) | NODE0 = NODE1
qcost : 7




=== Prime Orbit 212 =====================
size : 2
num_suborbits: 1
329 (*) : ----00---0----1-----------
329     : ['locked_epoch2(node0)', '~ep_epoch0(node1)', '~ep_epoch1(node1)', '~held(node1)']
330     : 00------0------1----------
330     : ['locked_epoch2(node1)', '~ep_epoch0(node0)', '~ep_epoch1(node0)', '~held(node0)']
num_forall :   2
num_exists :   0
num_literals : 5
quantified form : forall NODE0,NODE1. ~locked_epoch2(NODE0) | ep_epoch0(NODE1) | ep_epoch1(NODE1) | held(NODE1) | NODE0 = NODE1
qcost : 7




=== Prime Orbit 213 =====================
size : 2
num_suborbits: 1
325 (*) : ----00--------1--0--------
325     : ['locked_epoch2(node0)', '~ep_epoch0(node1)', '~ep_epoch1(node1)', '~locked_epoch3(node1)']
326     : 00-------------10---------
326     : ['locked_epoch2(node1)', '~ep_epoch0(node0)', '~ep_epoch1(node0)', '~locked_epoch3(node0)']
num_forall :   2
num_exists :   0
num_literals : 5
quantified form : forall NODE0,NODE1. ~locked_epoch2(NODE0) | ep_epoch0(NODE1) | ep_epoch1(NODE1) | locked_epoch3(NODE1) | NODE0 = NODE1
qcost : 7




=== Prime Orbit 214 =====================
size : 2
num_suborbits: 1
303 (*) : --0-0--------01-----------
303     : ['locked_epoch2(node0)', '~ep_epoch0(node1)', '~ep_epoch2(node0)', '~locked_epoch1(node1)']
304     : 0-----0-----0--1----------
304     : ['locked_epoch2(node1)', '~ep_epoch0(node0)', '~ep_epoch2(node1)', '~locked_epoch1(node0)']
num_forall :   2
num_exists :   0
num_literals : 5
quantified form : forall NODE0,NODE1. ~locked_epoch2(NODE0) | ep_epoch0(NODE1) | ep_epoch2(NODE0) | locked_epoch1(NODE1) | NODE0 = NODE1
qcost : 7




=== Prime Orbit 215 =====================
size : 2
num_suborbits: 1
305 (*) : ----0--0-----01-----------
305     : ['locked_epoch2(node0)', '~ep_epoch0(node1)', '~ep_epoch3(node1)', '~locked_epoch1(node1)']
306     : 0--0--------0--1----------
306     : ['locked_epoch2(node1)', '~ep_epoch0(node0)', '~ep_epoch3(node0)', '~locked_epoch1(node0)']
num_forall :   2
num_exists :   0
num_literals : 5
quantified form : forall NODE0,NODE1. ~locked_epoch2(NODE0) | ep_epoch0(NODE1) | ep_epoch3(NODE1) | locked_epoch1(NODE1) | NODE0 = NODE1
qcost : 7




=== Prime Orbit 216 =====================
size : 2
num_suborbits: 1
309 (*) : ----0----0---01-----------
309     : ['locked_epoch2(node0)', '~ep_epoch0(node1)', '~held(node1)', '~locked_epoch1(node1)']
310     : 0-------0---0--1----------
310     : ['locked_epoch2(node1)', '~ep_epoch0(node0)', '~held(node0)', '~locked_epoch1(node0)']
num_forall :   2
num_exists :   0
num_literals : 5
quantified form : forall NODE0,NODE1. ~locked_epoch2(NODE0) | ep_epoch0(NODE1) | held(NODE1) | locked_epoch1(NODE1) | NODE0 = NODE1
qcost : 7




=== Prime Orbit 217 =====================
size : 2
num_suborbits: 1
307 (*) : ----0--------01--0--------
307     : ['locked_epoch2(node0)', '~ep_epoch0(node1)', '~locked_epoch1(node1)', '~locked_epoch3(node1)']
308     : 0-----------0--10---------
308     : ['locked_epoch2(node1)', '~ep_epoch0(node0)', '~locked_epoch1(node0)', '~locked_epoch3(node0)']
num_forall :   2
num_exists :   0
num_literals : 5
quantified form : forall NODE0,NODE1. ~locked_epoch2(NODE0) | ep_epoch0(NODE1) | locked_epoch1(NODE1) | locked_epoch3(NODE1) | NODE0 = NODE1
qcost : 7




=== Prime Orbit 218 =====================
size : 2
num_suborbits: 1
297 (*) : --0--0------0-1-----------
297     : ['locked_epoch2(node0)', '~ep_epoch1(node1)', '~ep_epoch2(node0)', '~locked_epoch1(node0)']
298     : -0----0------0-1----------
298     : ['locked_epoch2(node1)', '~ep_epoch1(node0)', '~ep_epoch2(node1)', '~locked_epoch1(node1)']
num_forall :   2
num_exists :   0
num_literals : 5
quantified form : forall NODE0,NODE1. ~locked_epoch2(NODE0) | ep_epoch1(NODE1) | ep_epoch2(NODE0) | locked_epoch1(NODE0) | NODE0 = NODE1
qcost : 7




=== Prime Orbit 219 =====================
size : 2
num_suborbits: 1
315 (*) : -----0-0----0-1-----------
315     : ['locked_epoch2(node0)', '~ep_epoch1(node1)', '~ep_epoch3(node1)', '~locked_epoch1(node0)']
316     : -0-0---------0-1----------
316     : ['locked_epoch2(node1)', '~ep_epoch1(node0)', '~ep_epoch3(node0)', '~locked_epoch1(node1)']
num_forall :   2
num_exists :   0
num_literals : 5
quantified form : forall NODE0,NODE1. ~locked_epoch2(NODE0) | ep_epoch1(NODE1) | ep_epoch3(NODE1) | locked_epoch1(NODE0) | NODE0 = NODE1
qcost : 7




=== Prime Orbit 220 =====================
size : 2
num_suborbits: 1
317 (*) : -----0---0--0-1-----------
317     : ['locked_epoch2(node0)', '~ep_epoch1(node1)', '~held(node1)', '~locked_epoch1(node0)']
318     : -0------0----0-1----------
318     : ['locked_epoch2(node1)', '~ep_epoch1(node0)', '~held(node0)', '~locked_epoch1(node1)']
num_forall :   2
num_exists :   0
num_literals : 5
quantified form : forall NODE0,NODE1. ~locked_epoch2(NODE0) | ep_epoch1(NODE1) | held(NODE1) | locked_epoch1(NODE0) | NODE0 = NODE1
qcost : 7




=== Prime Orbit 221 =====================
size : 2
num_suborbits: 1
313 (*) : -----0------0-1--0--------
313     : ['locked_epoch2(node0)', '~ep_epoch1(node1)', '~locked_epoch1(node0)', '~locked_epoch3(node1)']
314     : -0-----------0-10---------
314     : ['locked_epoch2(node1)', '~ep_epoch1(node0)', '~locked_epoch1(node1)', '~locked_epoch3(node0)']
num_forall :   2
num_exists :   0
num_literals : 5
quantified form : forall NODE0,NODE1. ~locked_epoch2(NODE0) | ep_epoch1(NODE1) | locked_epoch1(NODE0) | locked_epoch3(NODE1) | NODE0 = NODE1
qcost : 7




=== Prime Orbit 222 =====================
size : 2
num_suborbits: 1
365 (*) : ----000---------1---------
365     : ['locked_epoch3(node0)', '~ep_epoch0(node1)', '~ep_epoch1(node1)', '~ep_epoch2(node1)']
366     : 000--------------1--------
366     : ['locked_epoch3(node1)', '~ep_epoch0(node0)', '~ep_epoch1(node0)', '~ep_epoch2(node0)']
num_forall :   2
num_exists :   0
num_literals : 5
quantified form : forall NODE0,NODE1. ~locked_epoch3(NODE0) | ep_epoch0(NODE1) | ep_epoch1(NODE1) | ep_epoch2(NODE1) | NODE0 = NODE1
qcost : 7




=== Prime Orbit 223 =====================
size : 2
num_suborbits: 1
361 (*) : ----00---------01---------
361     : ['locked_epoch3(node0)', '~ep_epoch0(node1)', '~ep_epoch1(node1)', '~locked_epoch2(node1)']
362     : 00------------0--1--------
362     : ['locked_epoch3(node1)', '~ep_epoch0(node0)', '~ep_epoch1(node0)', '~locked_epoch2(node0)']
num_forall :   2
num_exists :   0
num_literals : 5
quantified form : forall NODE0,NODE1. ~locked_epoch3(NODE0) | ep_epoch0(NODE1) | ep_epoch1(NODE1) | locked_epoch2(NODE1) | NODE0 = NODE1
qcost : 7




=== Prime Orbit 224 =====================
size : 2
num_suborbits: 1
367 (*) : ----0-0------0--1---------
367     : ['locked_epoch3(node0)', '~ep_epoch0(node1)', '~ep_epoch2(node1)', '~locked_epoch1(node1)']
368     : 0-0---------0----1--------
368     : ['locked_epoch3(node1)', '~ep_epoch0(node0)', '~ep_epoch2(node0)', '~locked_epoch1(node0)']
num_forall :   2
num_exists :   0
num_literals : 5
quantified form : forall NODE0,NODE1. ~locked_epoch3(NODE0) | ep_epoch0(NODE1) | ep_epoch2(NODE1) | locked_epoch1(NODE1) | NODE0 = NODE1
qcost : 7




=== Prime Orbit 225 =====================
size : 2
num_suborbits: 1
363 (*) : ----0--------0-01---------
363     : ['locked_epoch3(node0)', '~ep_epoch0(node1)', '~locked_epoch1(node1)', '~locked_epoch2(node1)']
364     : 0-----------0-0--1--------
364     : ['locked_epoch3(node1)', '~ep_epoch0(node0)', '~locked_epoch1(node0)', '~locked_epoch2(node0)']
num_forall :   2
num_exists :   0
num_literals : 5
quantified form : forall NODE0,NODE1. ~locked_epoch3(NODE0) | ep_epoch0(NODE1) | locked_epoch1(NODE1) | locked_epoch2(NODE1) | NODE0 = NODE1
qcost : 7




=== Prime Orbit 226 =====================
size : 2
num_suborbits: 1
375 (*) : -----00-----0---1---------
375     : ['locked_epoch3(node0)', '~ep_epoch1(node1)', '~ep_epoch2(node1)', '~locked_epoch1(node0)']
376     : -00----------0---1--------
376     : ['locked_epoch3(node1)', '~ep_epoch1(node0)', '~ep_epoch2(node0)', '~locked_epoch1(node1)']
num_forall :   2
num_exists :   0
num_literals : 5
quantified form : forall NODE0,NODE1. ~locked_epoch3(NODE0) | ep_epoch1(NODE1) | ep_epoch2(NODE1) | locked_epoch1(NODE0) | NODE0 = NODE1
qcost : 7




=== Prime Orbit 227 =====================
size : 2
num_suborbits: 1
373 (*) : -----0------0--01---------
373     : ['locked_epoch3(node0)', '~ep_epoch1(node1)', '~locked_epoch1(node0)', '~locked_epoch2(node1)']
374     : -0-----------00--1--------
374     : ['locked_epoch3(node1)', '~ep_epoch1(node0)', '~locked_epoch1(node1)', '~locked_epoch2(node0)']
num_forall :   2
num_exists :   0
num_literals : 5
quantified form : forall NODE0,NODE1. ~locked_epoch3(NODE0) | ep_epoch1(NODE1) | locked_epoch1(NODE0) | locked_epoch2(NODE1) | NODE0 = NODE1
qcost : 7




=== Prime Orbit 228 =====================
size : 4
num_suborbits: 2
195 (*) : 000---------------------1-
195     : ['transfer_epoch3(node0)', '~ep_epoch0(node0)', '~ep_epoch1(node0)', '~ep_epoch2(node0)']
211     : ----000-----------------1-
211     : ['transfer_epoch3(node0)', '~ep_epoch0(node1)', '~ep_epoch1(node1)', '~ep_epoch2(node1)']
212     : 000----------------------1
212     : ['transfer_epoch3(node1)', '~ep_epoch0(node0)', '~ep_epoch1(node0)', '~ep_epoch2(node0)']
196     : ----000------------------1
196     : ['transfer_epoch3(node1)', '~ep_epoch0(node1)', '~ep_epoch1(node1)', '~ep_epoch2(node1)']
num_forall :   2
num_exists :   0
num_literals : 4
quantified form : forall NODE0,NODE1. ~transfer_epoch3(NODE0) | ep_epoch0(NODE1) | ep_epoch1(NODE1) | ep_epoch2(NODE1)
qcost : 6




=== Prime Orbit 229 =====================
size : 4
num_suborbits: 2
197 (*) : 00------------0---------1-
197     : ['transfer_epoch3(node0)', '~ep_epoch0(node0)', '~ep_epoch1(node0)', '~locked_epoch2(node0)']
209     : ----00---------0--------1-
209     : ['transfer_epoch3(node0)', '~ep_epoch0(node1)', '~ep_epoch1(node1)', '~locked_epoch2(node1)']
210     : 00------------0----------1
210     : ['transfer_epoch3(node1)', '~ep_epoch0(node0)', '~ep_epoch1(node0)', '~locked_epoch2(node0)']
198     : ----00---------0---------1
198     : ['transfer_epoch3(node1)', '~ep_epoch0(node1)', '~ep_epoch1(node1)', '~locked_epoch2(node1)']
num_forall :   2
num_exists :   0
num_literals : 4
quantified form : forall NODE0,NODE1. ~transfer_epoch3(NODE0) | ep_epoch0(NODE1) | ep_epoch1(NODE1) | locked_epoch2(NODE1)
qcost : 6




=== Prime Orbit 230 =====================
size : 4
num_suborbits: 2
213 (*) : 0----0------0-----------1-
213     : ['transfer_epoch3(node0)', '~ep_epoch0(node0)', '~ep_epoch1(node1)', '~locked_epoch1(node0)']
247     : -0--0--------0----------1-
247     : ['transfer_epoch3(node0)', '~ep_epoch0(node1)', '~ep_epoch1(node0)', '~locked_epoch1(node1)']
248     : 0----0------0------------1
248     : ['transfer_epoch3(node1)', '~ep_epoch0(node0)', '~ep_epoch1(node1)', '~locked_epoch1(node0)']
214     : -0--0--------0-----------1
214     : ['transfer_epoch3(node1)', '~ep_epoch0(node1)', '~ep_epoch1(node0)', '~locked_epoch1(node1)']
num_forall :   3
num_exists :   0
num_literals : 8
quantified form : forall NODE0,NODE1,NODE2. ~transfer_epoch3(NODE0) | ep_epoch0(NODE1) | ep_epoch1(NODE2) | locked_epoch1(NODE1) | ((NODE0 ~= NODE1 | NODE0 = NODE2) & (NODE0 ~= NODE2 | NODE0 = NODE1))
qcost : 11




=== Prime Orbit 231 =====================
size : 4
num_suborbits: 2
191 (*) : 0-0---------0-----------1-
191     : ['transfer_epoch3(node0)', '~ep_epoch0(node0)', '~ep_epoch2(node0)', '~locked_epoch1(node0)']
249     : ----0-0------0----------1-
249     : ['transfer_epoch3(node0)', '~ep_epoch0(node1)', '~ep_epoch2(node1)', '~locked_epoch1(node1)']
250     : 0-0---------0------------1
250     : ['transfer_epoch3(node1)', '~ep_epoch0(node0)', '~ep_epoch2(node0)', '~locked_epoch1(node0)']
192     : ----0-0------0-----------1
192     : ['transfer_epoch3(node1)', '~ep_epoch0(node1)', '~ep_epoch2(node1)', '~locked_epoch1(node1)']
num_forall :   2
num_exists :   0
num_literals : 4
quantified form : forall NODE0,NODE1. ~transfer_epoch3(NODE0) | ep_epoch0(NODE1) | ep_epoch2(NODE1) | locked_epoch1(NODE1)
qcost : 6




=== Prime Orbit 232 =====================
size : 4
num_suborbits: 2
199 (*) : 0-----------0-0---------1-
199     : ['transfer_epoch3(node0)', '~ep_epoch0(node0)', '~locked_epoch1(node0)', '~locked_epoch2(node0)']
251     : ----0--------0-0--------1-
251     : ['transfer_epoch3(node0)', '~ep_epoch0(node1)', '~locked_epoch1(node1)', '~locked_epoch2(node1)']
252     : 0-----------0-0----------1
252     : ['transfer_epoch3(node1)', '~ep_epoch0(node0)', '~locked_epoch1(node0)', '~locked_epoch2(node0)']
200     : ----0--------0-0---------1
200     : ['transfer_epoch3(node1)', '~ep_epoch0(node1)', '~locked_epoch1(node1)', '~locked_epoch2(node1)']
num_forall :   2
num_exists :   0
num_literals : 4
quantified form : forall NODE0,NODE1. ~transfer_epoch3(NODE0) | ep_epoch0(NODE1) | locked_epoch1(NODE1) | locked_epoch2(NODE1)
qcost : 6




=== Prime Orbit 233 =====================
size : 4
num_suborbits: 2
243 (*) : -00----------0----------1-
243     : ['transfer_epoch3(node0)', '~ep_epoch1(node0)', '~ep_epoch2(node0)', '~locked_epoch1(node1)']
217     : -----00-----0-----------1-
217     : ['transfer_epoch3(node0)', '~ep_epoch1(node1)', '~ep_epoch2(node1)', '~locked_epoch1(node0)']
218     : -00----------0-----------1
218     : ['transfer_epoch3(node1)', '~ep_epoch1(node0)', '~ep_epoch2(node0)', '~locked_epoch1(node1)']
244     : -----00-----0------------1
244     : ['transfer_epoch3(node1)', '~ep_epoch1(node1)', '~ep_epoch2(node1)', '~locked_epoch1(node0)']
num_forall :   3
num_exists :   0
num_literals : 8
quantified form : forall NODE0,NODE1,NODE2. ~transfer_epoch3(NODE0) | ep_epoch1(NODE1) | ep_epoch2(NODE1) | locked_epoch1(NODE2) | ((NODE0 ~= NODE2 | NODE0 = NODE1) & (NODE0 ~= NODE1 | NODE0 = NODE2))
qcost : 11




=== Prime Orbit 234 =====================
size : 4
num_suborbits: 2
245 (*) : -0-----------00---------1-
245     : ['transfer_epoch3(node0)', '~ep_epoch1(node0)', '~locked_epoch1(node1)', '~locked_epoch2(node0)']
219     : -----0------0--0--------1-
219     : ['transfer_epoch3(node0)', '~ep_epoch1(node1)', '~locked_epoch1(node0)', '~locked_epoch2(node1)']
220     : -0-----------00----------1
220     : ['transfer_epoch3(node1)', '~ep_epoch1(node0)', '~locked_epoch1(node1)', '~locked_epoch2(node0)']
246     : -----0------0--0---------1
246     : ['transfer_epoch3(node1)', '~ep_epoch1(node1)', '~locked_epoch1(node0)', '~locked_epoch2(node1)']
num_forall :   3
num_exists :   0
num_literals : 8
quantified form : forall NODE0,NODE1,NODE2. ~transfer_epoch3(NODE0) | ep_epoch1(NODE1) | locked_epoch1(NODE2) | locked_epoch2(NODE1) | ((NODE0 ~= NODE2 | NODE0 = NODE1) & (NODE0 ~= NODE1 | NODE0 = NODE2))
qcost : 11




=== Prime Orbit 235 =====================
size : 2
num_suborbits: 1
445 (*) : 0000----------------------
445     : ['~ep_epoch0(node0)', '~ep_epoch1(node0)', '~ep_epoch2(node0)', '~ep_epoch3(node0)']
446     : ----0000------------------
446     : ['~ep_epoch0(node1)', '~ep_epoch1(node1)', '~ep_epoch2(node1)', '~ep_epoch3(node1)']
num_forall :   1
num_exists :   0
num_literals : 4
quantified form : forall NODE0. ep_epoch0(NODE0) | ep_epoch1(NODE0) | ep_epoch2(NODE0) | ep_epoch3(NODE0)
qcost : 5




=== Prime Orbit 236 =====================
size : 2
num_suborbits: 1
479 (*) : 000-----0-----------------
479     : ['~ep_epoch0(node0)', '~ep_epoch1(node0)', '~ep_epoch2(node0)', '~held(node0)']
480     : ----000--0----------------
480     : ['~ep_epoch0(node1)', '~ep_epoch1(node1)', '~ep_epoch2(node1)', '~held(node1)']
num_forall :   1
num_exists :   0
num_literals : 4
quantified form : forall NODE0. ep_epoch0(NODE0) | ep_epoch1(NODE0) | ep_epoch2(NODE0) | held(NODE0)
qcost : 5




=== Prime Orbit 237 =====================
size : 2
num_suborbits: 1
469 (*) : 000-------------0---------
469     : ['~ep_epoch0(node0)', '~ep_epoch1(node0)', '~ep_epoch2(node0)', '~locked_epoch3(node0)']
470     : ----000----------0--------
470     : ['~ep_epoch0(node1)', '~ep_epoch1(node1)', '~ep_epoch2(node1)', '~locked_epoch3(node1)']
num_forall :   1
num_exists :   0
num_literals : 4
quantified form : forall NODE0. ep_epoch0(NODE0) | ep_epoch1(NODE0) | ep_epoch2(NODE0) | locked_epoch3(NODE0)
qcost : 5




=== Prime Orbit 238 =====================
size : 2
num_suborbits: 1
447 (*) : 00-0----------0-----------
447     : ['~ep_epoch0(node0)', '~ep_epoch1(node0)', '~ep_epoch3(node0)', '~locked_epoch2(node0)']
448     : ----00-0-------0----------
448     : ['~ep_epoch0(node1)', '~ep_epoch1(node1)', '~ep_epoch3(node1)', '~locked_epoch2(node1)']
num_forall :   1
num_exists :   0
num_literals : 4
quantified form : forall NODE0. ep_epoch0(NODE0) | ep_epoch1(NODE0) | ep_epoch3(NODE0) | locked_epoch2(NODE0)
qcost : 5




=== Prime Orbit 239 =====================
size : 2
num_suborbits: 1
477 (*) : 00------0-----0-----------
477     : ['~ep_epoch0(node0)', '~ep_epoch1(node0)', '~held(node0)', '~locked_epoch2(node0)']
478     : ----00---0-----0----------
478     : ['~ep_epoch0(node1)', '~ep_epoch1(node1)', '~held(node1)', '~locked_epoch2(node1)']
num_forall :   1
num_exists :   0
num_literals : 4
quantified form : forall NODE0. ep_epoch0(NODE0) | ep_epoch1(NODE0) | held(NODE0) | locked_epoch2(NODE0)
qcost : 5




=== Prime Orbit 240 =====================
size : 2
num_suborbits: 1
473 (*) : 00------------0-0---------
473     : ['~ep_epoch0(node0)', '~ep_epoch1(node0)', '~locked_epoch2(node0)', '~locked_epoch3(node0)']
474     : ----00---------0-0--------
474     : ['~ep_epoch0(node1)', '~ep_epoch1(node1)', '~locked_epoch2(node1)', '~locked_epoch3(node1)']
num_forall :   1
num_exists :   0
num_literals : 4
quantified form : forall NODE0. ep_epoch0(NODE0) | ep_epoch1(NODE0) | locked_epoch2(NODE0) | locked_epoch3(NODE0)
qcost : 5




=== Prime Orbit 241 =====================
size : 2
num_suborbits: 1
564 (*) : 0-00--------0-------------
564     : ['~ep_epoch0(node0)', '~ep_epoch2(node0)', '~ep_epoch3(node0)', '~locked_epoch1(node0)']
563     : ----0-00-----0------------
563     : ['~ep_epoch0(node1)', '~ep_epoch2(node1)', '~ep_epoch3(node1)', '~locked_epoch1(node1)']
num_forall :   1
num_exists :   0
num_literals : 4
quantified form : forall NODE0. ep_epoch0(NODE0) | ep_epoch2(NODE0) | ep_epoch3(NODE0) | locked_epoch1(NODE0)
qcost : 5




=== Prime Orbit 242 =====================
size : 2
num_suborbits: 1
558 (*) : 0-0-----0---0-------------
558     : ['~ep_epoch0(node0)', '~ep_epoch2(node0)', '~held(node0)', '~locked_epoch1(node0)']
557     : ----0-0--0---0------------
557     : ['~ep_epoch0(node1)', '~ep_epoch2(node1)', '~held(node1)', '~locked_epoch1(node1)']
num_forall :   1
num_exists :   0
num_literals : 4
quantified form : forall NODE0. ep_epoch0(NODE0) | ep_epoch2(NODE0) | held(NODE0) | locked_epoch1(NODE0)
qcost : 5




=== Prime Orbit 243 =====================
size : 2
num_suborbits: 1
560 (*) : 0-0---------0---0---------
560     : ['~ep_epoch0(node0)', '~ep_epoch2(node0)', '~locked_epoch1(node0)', '~locked_epoch3(node0)']
559     : ----0-0------0---0--------
559     : ['~ep_epoch0(node1)', '~ep_epoch2(node1)', '~locked_epoch1(node1)', '~locked_epoch3(node1)']
num_forall :   1
num_exists :   0
num_literals : 4
quantified form : forall NODE0. ep_epoch0(NODE0) | ep_epoch2(NODE0) | locked_epoch1(NODE0) | locked_epoch3(NODE0)
qcost : 5




=== Prime Orbit 244 =====================
size : 2
num_suborbits: 1
546 (*) : 0--0--------0-0-----------
546     : ['~ep_epoch0(node0)', '~ep_epoch3(node0)', '~locked_epoch1(node0)', '~locked_epoch2(node0)']
545     : ----0--0-----0-0----------
545     : ['~ep_epoch0(node1)', '~ep_epoch3(node1)', '~locked_epoch1(node1)', '~locked_epoch2(node1)']
num_forall :   1
num_exists :   0
num_literals : 4
quantified form : forall NODE0. ep_epoch0(NODE0) | ep_epoch3(NODE0) | locked_epoch1(NODE0) | locked_epoch2(NODE0)
qcost : 5




=== Prime Orbit 245 =====================
size : 2
num_suborbits: 1
550 (*) : 0-------0---0-0-----------
550     : ['~ep_epoch0(node0)', '~held(node0)', '~locked_epoch1(node0)', '~locked_epoch2(node0)']
549     : ----0----0---0-0----------
549     : ['~ep_epoch0(node1)', '~held(node1)', '~locked_epoch1(node1)', '~locked_epoch2(node1)']
num_forall :   1
num_exists :   0
num_literals : 4
quantified form : forall NODE0. ep_epoch0(NODE0) | held(NODE0) | locked_epoch1(NODE0) | locked_epoch2(NODE0)
qcost : 5




=== Prime Orbit 246 =====================
size : 2
num_suborbits: 1
548 (*) : 0-----------0-0-0---------
548     : ['~ep_epoch0(node0)', '~locked_epoch1(node0)', '~locked_epoch2(node0)', '~locked_epoch3(node0)']
547     : ----0--------0-0-0--------
547     : ['~ep_epoch0(node1)', '~locked_epoch1(node1)', '~locked_epoch2(node1)', '~locked_epoch3(node1)']
num_forall :   1
num_exists :   0
num_literals : 4
quantified form : forall NODE0. ep_epoch0(NODE0) | locked_epoch1(NODE0) | locked_epoch2(NODE0) | locked_epoch3(NODE0)
qcost : 5




=== Prime Orbit 247 =====================
size : 2
num_suborbits: 1
449 (*) : -000---------0------------
449     : ['~ep_epoch1(node0)', '~ep_epoch2(node0)', '~ep_epoch3(node0)', '~locked_epoch1(node1)']
450     : -----000----0-------------
450     : ['~ep_epoch1(node1)', '~ep_epoch2(node1)', '~ep_epoch3(node1)', '~locked_epoch1(node0)']
num_forall :   2
num_exists :   0
num_literals : 5
quantified form : forall NODE0,NODE1. ep_epoch1(NODE0) | ep_epoch2(NODE0) | ep_epoch3(NODE0) | locked_epoch1(NODE1) | NODE0 = NODE1
qcost : 7




=== Prime Orbit 248 =====================
size : 2
num_suborbits: 1
481 (*) : -00-----0----0------------
481     : ['~ep_epoch1(node0)', '~ep_epoch2(node0)', '~held(node0)', '~locked_epoch1(node1)']
482     : -----00--0--0-------------
482     : ['~ep_epoch1(node1)', '~ep_epoch2(node1)', '~held(node1)', '~locked_epoch1(node0)']
num_forall :   2
num_exists :   0
num_literals : 5
quantified form : forall NODE0,NODE1. ep_epoch1(NODE0) | ep_epoch2(NODE0) | held(NODE0) | locked_epoch1(NODE1) | NODE0 = NODE1
qcost : 7




=== Prime Orbit 249 =====================
size : 2
num_suborbits: 1
465 (*) : -00----------0--0---------
465     : ['~ep_epoch1(node0)', '~ep_epoch2(node0)', '~locked_epoch1(node1)', '~locked_epoch3(node0)']
466     : -----00-----0----0--------
466     : ['~ep_epoch1(node1)', '~ep_epoch2(node1)', '~locked_epoch1(node0)', '~locked_epoch3(node1)']
num_forall :   2
num_exists :   0
num_literals : 5
quantified form : forall NODE0,NODE1. ep_epoch1(NODE0) | ep_epoch2(NODE0) | locked_epoch1(NODE1) | locked_epoch3(NODE0) | NODE0 = NODE1
qcost : 7




=== Prime Orbit 250 =====================
size : 2
num_suborbits: 1
451 (*) : -0-0---------00-----------
451     : ['~ep_epoch1(node0)', '~ep_epoch3(node0)', '~locked_epoch1(node1)', '~locked_epoch2(node0)']
452     : -----0-0----0--0----------
452     : ['~ep_epoch1(node1)', '~ep_epoch3(node1)', '~locked_epoch1(node0)', '~locked_epoch2(node1)']
num_forall :   2
num_exists :   0
num_literals : 5
quantified form : forall NODE0,NODE1. ep_epoch1(NODE0) | ep_epoch3(NODE0) | locked_epoch1(NODE1) | locked_epoch2(NODE0) | NODE0 = NODE1
qcost : 7




=== Prime Orbit 251 =====================
size : 2
num_suborbits: 1
483 (*) : -0------0----00-----------
483     : ['~ep_epoch1(node0)', '~held(node0)', '~locked_epoch1(node1)', '~locked_epoch2(node0)']
484     : -----0---0--0--0----------
484     : ['~ep_epoch1(node1)', '~held(node1)', '~locked_epoch1(node0)', '~locked_epoch2(node1)']
num_forall :   2
num_exists :   0
num_literals : 5
quantified form : forall NODE0,NODE1. ep_epoch1(NODE0) | held(NODE0) | locked_epoch1(NODE1) | locked_epoch2(NODE0) | NODE0 = NODE1
qcost : 7




=== Prime Orbit 252 =====================
size : 2
num_suborbits: 1
467 (*) : -0-----------00-0---------
467     : ['~ep_epoch1(node0)', '~locked_epoch1(node1)', '~locked_epoch2(node0)', '~locked_epoch3(node0)']
468     : -----0------0--0-0--------
468     : ['~ep_epoch1(node1)', '~locked_epoch1(node0)', '~locked_epoch2(node1)', '~locked_epoch3(node1)']
num_forall :   2
num_exists :   0
num_literals : 5
quantified form : forall NODE0,NODE1. ep_epoch1(NODE0) | locked_epoch1(NODE1) | locked_epoch2(NODE0) | locked_epoch3(NODE0) | NODE0 = NODE1
qcost : 7




=== Prime Orbit 253 =====================
size : 2
num_suborbits: 1
674 (*) : 1-----1--0--------------00
674     : ['ep_epoch0(node0)', 'ep_epoch2(node1)', '~held(node1)', '~transfer_epoch3(node0)', '~transfer_epoch3(node1)']
673     : --1-1---0---------------00
673     : ['ep_epoch0(node1)', 'ep_epoch2(node0)', '~held(node0)', '~transfer_epoch3(node0)', '~transfer_epoch3(node1)']
num_forall :   2
num_exists :   0
num_literals : 6
quantified form : forall NODE0,NODE1. ~ep_epoch0(NODE0) | ~ep_epoch2(NODE1) | held(NODE1) | transfer_epoch3(NODE0) | transfer_epoch3(NODE1) | NODE0 = NODE1
qcost : 8




=== Prime Orbit 254 =====================
size : 2
num_suborbits: 1
604 (*) : 1--------0-----1--------00
604     : ['ep_epoch0(node0)', 'locked_epoch2(node1)', '~held(node1)', '~transfer_epoch3(node0)', '~transfer_epoch3(node1)']
603     : ----1---0-----1---------00
603     : ['ep_epoch0(node1)', 'locked_epoch2(node0)', '~held(node0)', '~transfer_epoch3(node0)', '~transfer_epoch3(node1)']
num_forall :   2
num_exists :   0
num_literals : 6
quantified form : forall NODE0,NODE1. ~ep_epoch0(NODE0) | ~locked_epoch2(NODE1) | held(NODE1) | transfer_epoch3(NODE0) | transfer_epoch3(NODE1) | NODE0 = NODE1
qcost : 8




=== Prime Orbit 255 =====================
size : 2
num_suborbits: 1
662 (*) : 1----0---0--------------00
662     : ['ep_epoch0(node0)', '~ep_epoch1(node1)', '~held(node1)', '~transfer_epoch3(node0)', '~transfer_epoch3(node1)']
661     : -0--1---0---------------00
661     : ['ep_epoch0(node1)', '~ep_epoch1(node0)', '~held(node0)', '~transfer_epoch3(node0)', '~transfer_epoch3(node1)']
num_forall :   2
num_exists :   0
num_literals : 6
quantified form : forall NODE0,NODE1. ~ep_epoch0(NODE0) | ep_epoch1(NODE1) | held(NODE1) | transfer_epoch3(NODE0) | transfer_epoch3(NODE1) | NODE0 = NODE1
qcost : 8




=== Prime Orbit 256 =====================
size : 2
num_suborbits: 1
672 (*) : -1----1--0--------------00
672     : ['ep_epoch1(node0)', 'ep_epoch2(node1)', '~held(node1)', '~transfer_epoch3(node0)', '~transfer_epoch3(node1)']
671     : --1--1--0---------------00
671     : ['ep_epoch1(node1)', 'ep_epoch2(node0)', '~held(node0)', '~transfer_epoch3(node0)', '~transfer_epoch3(node1)']
num_forall :   2
num_exists :   0
num_literals : 6
quantified form : forall NODE0,NODE1. ~ep_epoch1(NODE0) | ~ep_epoch2(NODE1) | held(NODE1) | transfer_epoch3(NODE0) | transfer_epoch3(NODE1) | NODE0 = NODE1
qcost : 8




=== Prime Orbit 257 =====================
size : 2
num_suborbits: 1
584 (*) : -1-------0-----1--------00
584     : ['ep_epoch1(node0)', 'locked_epoch2(node1)', '~held(node1)', '~transfer_epoch3(node0)', '~transfer_epoch3(node1)']
583     : -----1--0-----1---------00
583     : ['ep_epoch1(node1)', 'locked_epoch2(node0)', '~held(node0)', '~transfer_epoch3(node0)', '~transfer_epoch3(node1)']
num_forall :   2
num_exists :   0
num_literals : 6
quantified form : forall NODE0,NODE1. ~ep_epoch1(NODE0) | ~locked_epoch2(NODE1) | held(NODE1) | transfer_epoch3(NODE0) | transfer_epoch3(NODE1) | NODE0 = NODE1
qcost : 8




=== Prime Orbit 258 =====================
size : 2
num_suborbits: 1
582 (*) : -1--0----0--------------00
582     : ['ep_epoch1(node0)', '~ep_epoch0(node1)', '~held(node1)', '~transfer_epoch3(node0)', '~transfer_epoch3(node1)']
581     : 0----1--0---------------00
581     : ['ep_epoch1(node1)', '~ep_epoch0(node0)', '~held(node0)', '~transfer_epoch3(node0)', '~transfer_epoch3(node1)']
num_forall :   2
num_exists :   0
num_literals : 6
quantified form : forall NODE0,NODE1. ~ep_epoch1(NODE0) | ep_epoch0(NODE1) | held(NODE1) | transfer_epoch3(NODE0) | transfer_epoch3(NODE1) | NODE0 = NODE1
qcost : 8




=== Prime Orbit 259 =====================
size : 2
num_suborbits: 1
667 (*) : --1----00---------------00
667     : ['ep_epoch2(node0)', '~ep_epoch3(node1)', '~held(node0)', '~transfer_epoch3(node0)', '~transfer_epoch3(node1)']
668     : ---0--1--0--------------00
668     : ['ep_epoch2(node1)', '~ep_epoch3(node0)', '~held(node1)', '~transfer_epoch3(node0)', '~transfer_epoch3(node1)']
num_forall :   2
num_exists :   0
num_literals : 6
quantified form : forall NODE0,NODE1. ~ep_epoch2(NODE0) | ep_epoch3(NODE1) | held(NODE0) | transfer_epoch3(NODE0) | transfer_epoch3(NODE1) | NODE0 = NODE1
qcost : 8




=== Prime Orbit 260 =====================
size : 2
num_suborbits: 1
669 (*) : --1-----00--------------00
669     : ['ep_epoch2(node0)', '~held(node0)', '~held(node1)', '~transfer_epoch3(node0)', '~transfer_epoch3(node1)']
670     : ------1-00--------------00
670     : ['ep_epoch2(node1)', '~held(node0)', '~held(node1)', '~transfer_epoch3(node0)', '~transfer_epoch3(node1)']
num_forall :   2
num_exists :   0
num_literals : 6
quantified form : forall NODE0,NODE1. ~ep_epoch2(NODE0) | held(NODE0) | held(NODE1) | transfer_epoch3(NODE0) | transfer_epoch3(NODE1) | NODE0 = NODE1
qcost : 8




=== Prime Orbit 261 =====================
size : 2
num_suborbits: 1
665 (*) : --1-----0--------0------00
665     : ['ep_epoch2(node0)', '~held(node0)', '~locked_epoch3(node1)', '~transfer_epoch3(node0)', '~transfer_epoch3(node1)']
666     : ------1--0------0-------00
666     : ['ep_epoch2(node1)', '~held(node1)', '~locked_epoch3(node0)', '~transfer_epoch3(node0)', '~transfer_epoch3(node1)']
num_forall :   2
num_exists :   0
num_literals : 6
quantified form : forall NODE0,NODE1. ~ep_epoch2(NODE0) | held(NODE0) | locked_epoch3(NODE1) | transfer_epoch3(NODE0) | transfer_epoch3(NODE1) | NODE0 = NODE1
qcost : 8




=== Prime Orbit 262 =====================
size : 2
num_suborbits: 1
642 (*) : -00-0-0-----1-------------
642     : ['locked_epoch1(node0)', '~ep_epoch0(node1)', '~ep_epoch1(node0)', '~ep_epoch2(node0)', '~ep_epoch2(node1)']
641     : 0-0--00------1------------
641     : ['locked_epoch1(node1)', '~ep_epoch0(node0)', '~ep_epoch1(node1)', '~ep_epoch2(node0)', '~ep_epoch2(node1)']
num_forall :   2
num_exists :   0
num_literals : 6
quantified form : forall NODE0,NODE1. ~locked_epoch1(NODE0) | ep_epoch0(NODE1) | ep_epoch1(NODE0) | ep_epoch2(NODE0) | ep_epoch2(NODE1) | NODE0 = NODE1
qcost : 8




=== Prime Orbit 263 =====================
size : 4
num_suborbits: 2
617 (*) : -00-0-------1--0----------
617     : ['locked_epoch1(node0)', '~ep_epoch0(node1)', '~ep_epoch1(node0)', '~ep_epoch2(node0)', '~locked_epoch2(node1)']
622     : -0--0-0-----1-0-----------
622     : ['locked_epoch1(node0)', '~ep_epoch0(node1)', '~ep_epoch1(node0)', '~ep_epoch2(node1)', '~locked_epoch2(node0)']
621     : 0-0--0-------1-0----------
621     : ['locked_epoch1(node1)', '~ep_epoch0(node0)', '~ep_epoch1(node1)', '~ep_epoch2(node0)', '~locked_epoch2(node1)']
618     : 0----00------10-----------
618     : ['locked_epoch1(node1)', '~ep_epoch0(node0)', '~ep_epoch1(node1)', '~ep_epoch2(node1)', '~locked_epoch2(node0)']
num_forall :   4
num_exists :   0
num_literals : 11
quantified form : forall NODE0,NODE1,NODE2,NODE3. ~locked_epoch1(NODE0) | ep_epoch0(NODE1) | ep_epoch1(NODE0) | ep_epoch2(NODE2) | locked_epoch2(NODE3) | ((NODE0 ~= NODE2 | NODE1 ~= NODE3 | NODE0 = NODE1) & (NODE0 ~= NODE3 | NODE1 ~= NODE2 | NODE0 = NODE1))
qcost : 15




=== Prime Orbit 264 =====================
size : 2
num_suborbits: 1
630 (*) : -0-00--0----1-------------
630     : ['locked_epoch1(node0)', '~ep_epoch0(node1)', '~ep_epoch1(node0)', '~ep_epoch3(node0)', '~ep_epoch3(node1)']
629     : 0--0-0-0-----1------------
629     : ['locked_epoch1(node1)', '~ep_epoch0(node0)', '~ep_epoch1(node1)', '~ep_epoch3(node0)', '~ep_epoch3(node1)']
num_forall :   2
num_exists :   0
num_literals : 6
quantified form : forall NODE0,NODE1. ~locked_epoch1(NODE0) | ep_epoch0(NODE1) | ep_epoch1(NODE0) | ep_epoch3(NODE0) | ep_epoch3(NODE1) | NODE0 = NODE1
qcost : 8




=== Prime Orbit 265 =====================
size : 4
num_suborbits: 2
634 (*) : -0-00----0--1-------------
634     : ['locked_epoch1(node0)', '~ep_epoch0(node1)', '~ep_epoch1(node0)', '~ep_epoch3(node0)', '~held(node1)']
632     : -0--0--00---1-------------
632     : ['locked_epoch1(node0)', '~ep_epoch0(node1)', '~ep_epoch1(node0)', '~ep_epoch3(node1)', '~held(node0)']
631     : 0--0-0---0---1------------
631     : ['locked_epoch1(node1)', '~ep_epoch0(node0)', '~ep_epoch1(node1)', '~ep_epoch3(node0)', '~held(node1)']
633     : 0----0-00----1------------
633     : ['locked_epoch1(node1)', '~ep_epoch0(node0)', '~ep_epoch1(node1)', '~ep_epoch3(node1)', '~held(node0)']
num_forall :   4
num_exists :   0
num_literals : 11
quantified form : forall NODE0,NODE1,NODE2,NODE3. ~locked_epoch1(NODE0) | ep_epoch0(NODE1) | ep_epoch1(NODE0) | ep_epoch3(NODE2) | held(NODE3) | ((NODE0 ~= NODE3 | NODE1 ~= NODE2 | NODE0 = NODE1) & (NODE0 ~= NODE2 | NODE1 ~= NODE3 | NODE0 = NODE1))
qcost : 15




=== Prime Orbit 266 =====================
size : 4
num_suborbits: 2
636 (*) : -0-00-------1----0--------
636     : ['locked_epoch1(node0)', '~ep_epoch0(node1)', '~ep_epoch1(node0)', '~ep_epoch3(node0)', '~locked_epoch3(node1)']
624     : -0--0--0----1---0---------
624     : ['locked_epoch1(node0)', '~ep_epoch0(node1)', '~ep_epoch1(node0)', '~ep_epoch3(node1)', '~locked_epoch3(node0)']
623     : 0--0-0-------1---0--------
623     : ['locked_epoch1(node1)', '~ep_epoch0(node0)', '~ep_epoch1(node1)', '~ep_epoch3(node0)', '~locked_epoch3(node1)']
635     : 0----0-0-----1--0---------
635     : ['locked_epoch1(node1)', '~ep_epoch0(node0)', '~ep_epoch1(node1)', '~ep_epoch3(node1)', '~locked_epoch3(node0)']
num_forall :   4
num_exists :   0
num_literals : 11
quantified form : forall NODE0,NODE1,NODE2,NODE3. ~locked_epoch1(NODE0) | ep_epoch0(NODE1) | ep_epoch1(NODE0) | ep_epoch3(NODE2) | locked_epoch3(NODE3) | ((NODE0 ~= NODE3 | NODE1 ~= NODE2 | NODE0 = NODE1) & (NODE0 ~= NODE2 | NODE1 ~= NODE3 | NODE0 = NODE1))
qcost : 15




=== Prime Orbit 267 =====================
size : 2
num_suborbits: 1
640 (*) : -0--0---00--1-------------
640     : ['locked_epoch1(node0)', '~ep_epoch0(node1)', '~ep_epoch1(node0)', '~held(node0)', '~held(node1)']
639     : 0----0--00---1------------
639     : ['locked_epoch1(node1)', '~ep_epoch0(node0)', '~ep_epoch1(node1)', '~held(node0)', '~held(node1)']
num_forall :   2
num_exists :   0
num_literals : 6
quantified form : forall NODE0,NODE1. ~locked_epoch1(NODE0) | ep_epoch0(NODE1) | ep_epoch1(NODE0) | held(NODE0) | held(NODE1) | NODE0 = NODE1
qcost : 8




=== Prime Orbit 268 =====================
size : 4
num_suborbits: 2
638 (*) : -0--0---0---1----0--------
638     : ['locked_epoch1(node0)', '~ep_epoch0(node1)', '~ep_epoch1(node0)', '~held(node0)', '~locked_epoch3(node1)']
628     : -0--0----0--1---0---------
628     : ['locked_epoch1(node0)', '~ep_epoch0(node1)', '~ep_epoch1(node0)', '~held(node1)', '~locked_epoch3(node0)']
627     : 0----0--0----1---0--------
627     : ['locked_epoch1(node1)', '~ep_epoch0(node0)', '~ep_epoch1(node1)', '~held(node0)', '~locked_epoch3(node1)']
637     : 0----0---0---1--0---------
637     : ['locked_epoch1(node1)', '~ep_epoch0(node0)', '~ep_epoch1(node1)', '~held(node1)', '~locked_epoch3(node0)']
num_forall :   4
num_exists :   0
num_literals : 11
quantified form : forall NODE0,NODE1,NODE2,NODE3. ~locked_epoch1(NODE0) | ep_epoch0(NODE1) | ep_epoch1(NODE0) | held(NODE2) | locked_epoch3(NODE3) | ((NODE0 ~= NODE3 | NODE1 ~= NODE2 | NODE0 = NODE1) & (NODE0 ~= NODE2 | NODE1 ~= NODE3 | NODE0 = NODE1))
qcost : 15




=== Prime Orbit 269 =====================
size : 2
num_suborbits: 1
613 (*) : -0--0-------1-00----------
613     : ['locked_epoch1(node0)', '~ep_epoch0(node1)', '~ep_epoch1(node0)', '~locked_epoch2(node0)', '~locked_epoch2(node1)']
614     : 0----0-------100----------
614     : ['locked_epoch1(node1)', '~ep_epoch0(node0)', '~ep_epoch1(node1)', '~locked_epoch2(node0)', '~locked_epoch2(node1)']
num_forall :   2
num_exists :   0
num_literals : 6
quantified form : forall NODE0,NODE1. ~locked_epoch1(NODE0) | ep_epoch0(NODE1) | ep_epoch1(NODE0) | locked_epoch2(NODE0) | locked_epoch2(NODE1) | NODE0 = NODE1
qcost : 8




=== Prime Orbit 270 =====================
size : 2
num_suborbits: 1
626 (*) : -0--0-------1---00--------
626     : ['locked_epoch1(node0)', '~ep_epoch0(node1)', '~ep_epoch1(node0)', '~locked_epoch3(node0)', '~locked_epoch3(node1)']
625     : 0----0-------1--00--------
625     : ['locked_epoch1(node1)', '~ep_epoch0(node0)', '~ep_epoch1(node1)', '~locked_epoch3(node0)', '~locked_epoch3(node1)']
num_forall :   2
num_exists :   0
num_literals : 6
quantified form : forall NODE0,NODE1. ~locked_epoch1(NODE0) | ep_epoch0(NODE1) | ep_epoch1(NODE0) | locked_epoch3(NODE0) | locked_epoch3(NODE1) | NODE0 = NODE1
qcost : 8




=== Prime Orbit 271 =====================
size : 2
num_suborbits: 1
609 (*) : -------00-----1---------00
609     : ['locked_epoch2(node0)', '~ep_epoch3(node1)', '~held(node0)', '~transfer_epoch3(node0)', '~transfer_epoch3(node1)']
610     : ---0-----0-----1--------00
610     : ['locked_epoch2(node1)', '~ep_epoch3(node0)', '~held(node1)', '~transfer_epoch3(node0)', '~transfer_epoch3(node1)']
num_forall :   2
num_exists :   0
num_literals : 6
quantified form : forall NODE0,NODE1. ~locked_epoch2(NODE0) | ep_epoch3(NODE1) | held(NODE0) | transfer_epoch3(NODE0) | transfer_epoch3(NODE1) | NODE0 = NODE1
qcost : 8




=== Prime Orbit 272 =====================
size : 2
num_suborbits: 1
607 (*) : --------00----1---------00
607     : ['locked_epoch2(node0)', '~held(node0)', '~held(node1)', '~transfer_epoch3(node0)', '~transfer_epoch3(node1)']
608     : --------00-----1--------00
608     : ['locked_epoch2(node1)', '~held(node0)', '~held(node1)', '~transfer_epoch3(node0)', '~transfer_epoch3(node1)']
num_forall :   2
num_exists :   0
num_literals : 6
quantified form : forall NODE0,NODE1. ~locked_epoch2(NODE0) | held(NODE0) | held(NODE1) | transfer_epoch3(NODE0) | transfer_epoch3(NODE1) | NODE0 = NODE1
qcost : 8




=== Prime Orbit 273 =====================
size : 2
num_suborbits: 1
605 (*) : --------0-----1--0------00
605     : ['locked_epoch2(node0)', '~held(node0)', '~locked_epoch3(node1)', '~transfer_epoch3(node0)', '~transfer_epoch3(node1)']
606     : ---------0-----10-------00
606     : ['locked_epoch2(node1)', '~held(node1)', '~locked_epoch3(node0)', '~transfer_epoch3(node0)', '~transfer_epoch3(node1)']
num_forall :   2
num_exists :   0
num_literals : 6
quantified form : forall NODE0,NODE1. ~locked_epoch2(NODE0) | held(NODE0) | locked_epoch3(NODE1) | transfer_epoch3(NODE0) | transfer_epoch3(NODE1) | NODE0 = NODE1
qcost : 8




=== Prime Orbit 274 =====================
size : 2
num_suborbits: 1
593 (*) : 00--00------------------1-
593     : ['transfer_epoch3(node0)', '~ep_epoch0(node0)', '~ep_epoch0(node1)', '~ep_epoch1(node0)', '~ep_epoch1(node1)']
594     : 00--00-------------------1
594     : ['transfer_epoch3(node1)', '~ep_epoch0(node0)', '~ep_epoch0(node1)', '~ep_epoch1(node0)', '~ep_epoch1(node1)']
num_forall :   2
num_exists :   0
num_literals : 6
quantified form : forall NODE0,NODE1. ~transfer_epoch3(NODE0) | ep_epoch0(NODE0) | ep_epoch0(NODE1) | ep_epoch1(NODE0) | ep_epoch1(NODE1) | NODE0 = NODE1
qcost : 8




=== Prime Orbit 275 =====================
size : 2
num_suborbits: 1
587 (*) : 0-0-0-0-----------------1-
587     : ['transfer_epoch3(node0)', '~ep_epoch0(node0)', '~ep_epoch0(node1)', '~ep_epoch2(node0)', '~ep_epoch2(node1)']
588     : 0-0-0-0------------------1
588     : ['transfer_epoch3(node1)', '~ep_epoch0(node0)', '~ep_epoch0(node1)', '~ep_epoch2(node0)', '~ep_epoch2(node1)']
num_forall :   2
num_exists :   0
num_literals : 6
quantified form : forall NODE0,NODE1. ~transfer_epoch3(NODE0) | ep_epoch0(NODE0) | ep_epoch0(NODE1) | ep_epoch2(NODE0) | ep_epoch2(NODE1) | NODE0 = NODE1
qcost : 8




=== Prime Orbit 276 =====================
size : 4
num_suborbits: 2
585 (*) : 0-0-0----------0--------1-
585     : ['transfer_epoch3(node0)', '~ep_epoch0(node0)', '~ep_epoch0(node1)', '~ep_epoch2(node0)', '~locked_epoch2(node1)']
589     : 0---0-0-------0---------1-
589     : ['transfer_epoch3(node0)', '~ep_epoch0(node0)', '~ep_epoch0(node1)', '~ep_epoch2(node1)', '~locked_epoch2(node0)']
590     : 0-0-0----------0---------1
590     : ['transfer_epoch3(node1)', '~ep_epoch0(node0)', '~ep_epoch0(node1)', '~ep_epoch2(node0)', '~locked_epoch2(node1)']
586     : 0---0-0-------0----------1
586     : ['transfer_epoch3(node1)', '~ep_epoch0(node0)', '~ep_epoch0(node1)', '~ep_epoch2(node1)', '~locked_epoch2(node0)']
num_forall :   4
num_exists :   0
num_literals : 11
quantified form : forall NODE0,NODE1,NODE2,NODE3. ~transfer_epoch3(NODE0) | ep_epoch0(NODE0) | ep_epoch0(NODE1) | ep_epoch2(NODE2) | locked_epoch2(NODE3) | ((NODE0 ~= NODE2 | NODE1 ~= NODE3 | NODE0 = NODE1) & (NODE0 ~= NODE3 | NODE1 ~= NODE2 | NODE0 = NODE1))
qcost : 15




=== Prime Orbit 277 =====================
size : 2
num_suborbits: 1
591 (*) : 0---0---------00--------1-
591     : ['transfer_epoch3(node0)', '~ep_epoch0(node0)', '~ep_epoch0(node1)', '~locked_epoch2(node0)', '~locked_epoch2(node1)']
592     : 0---0---------00---------1
592     : ['transfer_epoch3(node1)', '~ep_epoch0(node0)', '~ep_epoch0(node1)', '~locked_epoch2(node0)', '~locked_epoch2(node1)']
num_forall :   2
num_exists :   0
num_literals : 6
quantified form : forall NODE0,NODE1. ~transfer_epoch3(NODE0) | ep_epoch0(NODE0) | ep_epoch0(NODE1) | locked_epoch2(NODE0) | locked_epoch2(NODE1) | NODE0 = NODE1
qcost : 8




=== Prime Orbit 278 =====================
size : 2
num_suborbits: 1
597 (*) : -00--00-----------------1-
597     : ['transfer_epoch3(node0)', '~ep_epoch1(node0)', '~ep_epoch1(node1)', '~ep_epoch2(node0)', '~ep_epoch2(node1)']
598     : -00--00------------------1
598     : ['transfer_epoch3(node1)', '~ep_epoch1(node0)', '~ep_epoch1(node1)', '~ep_epoch2(node0)', '~ep_epoch2(node1)']
num_forall :   2
num_exists :   0
num_literals : 6
quantified form : forall NODE0,NODE1. ~transfer_epoch3(NODE0) | ep_epoch1(NODE0) | ep_epoch1(NODE1) | ep_epoch2(NODE0) | ep_epoch2(NODE1) | NODE0 = NODE1
qcost : 8




=== Prime Orbit 279 =====================
size : 4
num_suborbits: 2
601 (*) : -00--0---------0--------1-
601     : ['transfer_epoch3(node0)', '~ep_epoch1(node0)', '~ep_epoch1(node1)', '~ep_epoch2(node0)', '~locked_epoch2(node1)']
595     : -0---00-------0---------1-
595     : ['transfer_epoch3(node0)', '~ep_epoch1(node0)', '~ep_epoch1(node1)', '~ep_epoch2(node1)', '~locked_epoch2(node0)']
596     : -00--0---------0---------1
596     : ['transfer_epoch3(node1)', '~ep_epoch1(node0)', '~ep_epoch1(node1)', '~ep_epoch2(node0)', '~locked_epoch2(node1)']
602     : -0---00-------0----------1
602     : ['transfer_epoch3(node1)', '~ep_epoch1(node0)', '~ep_epoch1(node1)', '~ep_epoch2(node1)', '~locked_epoch2(node0)']
num_forall :   4
num_exists :   0
num_literals : 11
quantified form : forall NODE0,NODE1,NODE2,NODE3. ~transfer_epoch3(NODE0) | ep_epoch1(NODE0) | ep_epoch1(NODE1) | ep_epoch2(NODE2) | locked_epoch2(NODE3) | ((NODE0 ~= NODE3 | NODE1 ~= NODE2 | NODE0 = NODE1) & (NODE0 ~= NODE2 | NODE1 ~= NODE3 | NODE0 = NODE1))
qcost : 15




=== Prime Orbit 280 =====================
size : 2
num_suborbits: 1
599 (*) : -0---0--------00--------1-
599     : ['transfer_epoch3(node0)', '~ep_epoch1(node0)', '~ep_epoch1(node1)', '~locked_epoch2(node0)', '~locked_epoch2(node1)']
600     : -0---0--------00---------1
600     : ['transfer_epoch3(node1)', '~ep_epoch1(node0)', '~ep_epoch1(node1)', '~locked_epoch2(node0)', '~locked_epoch2(node1)']
num_forall :   2
num_exists :   0
num_literals : 6
quantified form : forall NODE0,NODE1. ~transfer_epoch3(NODE0) | ep_epoch1(NODE0) | ep_epoch1(NODE1) | locked_epoch2(NODE0) | locked_epoch2(NODE1) | NODE0 = NODE1
qcost : 8




=== Prime Orbit 281 =====================
size : 2
num_suborbits: 1
664 (*) : 0-0--00-----0-------------
664     : ['~ep_epoch0(node0)', '~ep_epoch1(node1)', '~ep_epoch2(node0)', '~ep_epoch2(node1)', '~locked_epoch1(node0)']
663     : -00-0-0------0------------
663     : ['~ep_epoch0(node1)', '~ep_epoch1(node0)', '~ep_epoch2(node0)', '~ep_epoch2(node1)', '~locked_epoch1(node1)']
num_forall :   2
num_exists :   0
num_literals : 6
quantified form : forall NODE0,NODE1. ep_epoch0(NODE0) | ep_epoch1(NODE1) | ep_epoch2(NODE0) | ep_epoch2(NODE1) | locked_epoch1(NODE0) | NODE0 = NODE1
qcost : 8




=== Prime Orbit 282 =====================
size : 4
num_suborbits: 2
619 (*) : 0-0--0------0--0----------
619     : ['~ep_epoch0(node0)', '~ep_epoch1(node1)', '~ep_epoch2(node0)', '~locked_epoch1(node0)', '~locked_epoch2(node1)']
616     : 0----00-----0-0-----------
616     : ['~ep_epoch0(node0)', '~ep_epoch1(node1)', '~ep_epoch2(node1)', '~locked_epoch1(node0)', '~locked_epoch2(node0)']
615     : -00-0--------0-0----------
615     : ['~ep_epoch0(node1)', '~ep_epoch1(node0)', '~ep_epoch2(node0)', '~locked_epoch1(node1)', '~locked_epoch2(node1)']
620     : -0--0-0------00-----------
620     : ['~ep_epoch0(node1)', '~ep_epoch1(node0)', '~ep_epoch2(node1)', '~locked_epoch1(node1)', '~locked_epoch2(node0)']
num_forall :   4
num_exists :   0
num_literals : 11
quantified form : forall NODE0,NODE1,NODE2,NODE3. ep_epoch0(NODE0) | ep_epoch1(NODE1) | ep_epoch2(NODE2) | locked_epoch1(NODE0) | locked_epoch2(NODE3) | ((NODE0 ~= NODE3 | NODE1 ~= NODE2 | NODE0 = NODE1) & (NODE0 ~= NODE2 | NODE1 ~= NODE3 | NODE0 = NODE1))
qcost : 15




=== Prime Orbit 283 =====================
size : 2
num_suborbits: 1
649 (*) : 0--0-0-0----0-------------
649     : ['~ep_epoch0(node0)', '~ep_epoch1(node1)', '~ep_epoch3(node0)', '~ep_epoch3(node1)', '~locked_epoch1(node0)']
650     : -0-00--0-----0------------
650     : ['~ep_epoch0(node1)', '~ep_epoch1(node0)', '~ep_epoch3(node0)', '~ep_epoch3(node1)', '~locked_epoch1(node1)']
num_forall :   2
num_exists :   0
num_literals : 6
quantified form : forall NODE0,NODE1. ep_epoch0(NODE0) | ep_epoch1(NODE1) | ep_epoch3(NODE0) | ep_epoch3(NODE1) | locked_epoch1(NODE0) | NODE0 = NODE1
qcost : 8




=== Prime Orbit 284 =====================
size : 4
num_suborbits: 2
659 (*) : 0--0-0---0--0-------------
659     : ['~ep_epoch0(node0)', '~ep_epoch1(node1)', '~ep_epoch3(node0)', '~held(node1)', '~locked_epoch1(node0)']
645     : 0----0-00---0-------------
645     : ['~ep_epoch0(node0)', '~ep_epoch1(node1)', '~ep_epoch3(node1)', '~held(node0)', '~locked_epoch1(node0)']
646     : -0-00----0---0------------
646     : ['~ep_epoch0(node1)', '~ep_epoch1(node0)', '~ep_epoch3(node0)', '~held(node1)', '~locked_epoch1(node1)']
660     : -0--0--00----0------------
660     : ['~ep_epoch0(node1)', '~ep_epoch1(node0)', '~ep_epoch3(node1)', '~held(node0)', '~locked_epoch1(node1)']
num_forall :   4
num_exists :   0
num_literals : 11
quantified form : forall NODE0,NODE1,NODE2,NODE3. ep_epoch0(NODE0) | ep_epoch1(NODE1) | ep_epoch3(NODE2) | held(NODE3) | locked_epoch1(NODE0) | ((NODE0 ~= NODE3 | NODE1 ~= NODE2 | NODE0 = NODE1) & (NODE0 ~= NODE2 | NODE1 ~= NODE3 | NODE0 = NODE1))
qcost : 15




=== Prime Orbit 285 =====================
size : 4
num_suborbits: 2
651 (*) : 0--0-0------0----0--------
651     : ['~ep_epoch0(node0)', '~ep_epoch1(node1)', '~ep_epoch3(node0)', '~locked_epoch1(node0)', '~locked_epoch3(node1)']
655     : 0----0-0----0---0---------
655     : ['~ep_epoch0(node0)', '~ep_epoch1(node1)', '~ep_epoch3(node1)', '~locked_epoch1(node0)', '~locked_epoch3(node0)']
656     : -0-00--------0---0--------
656     : ['~ep_epoch0(node1)', '~ep_epoch1(node0)', '~ep_epoch3(node0)', '~locked_epoch1(node1)', '~locked_epoch3(node1)']
652     : -0--0--0-----0--0---------
652     : ['~ep_epoch0(node1)', '~ep_epoch1(node0)', '~ep_epoch3(node1)', '~locked_epoch1(node1)', '~locked_epoch3(node0)']
num_forall :   4
num_exists :   0
num_literals : 11
quantified form : forall NODE0,NODE1,NODE2,NODE3. ep_epoch0(NODE0) | ep_epoch1(NODE1) | ep_epoch3(NODE2) | locked_epoch1(NODE0) | locked_epoch3(NODE3) | ((NODE0 ~= NODE2 | NODE1 ~= NODE3 | NODE0 = NODE1) & (NODE0 ~= NODE3 | NODE1 ~= NODE2 | NODE0 = NODE1))
qcost : 15




=== Prime Orbit 286 =====================
size : 2
num_suborbits: 1
647 (*) : 0----0--00--0-------------
647     : ['~ep_epoch0(node0)', '~ep_epoch1(node1)', '~held(node0)', '~held(node1)', '~locked_epoch1(node0)']
648     : -0--0---00---0------------
648     : ['~ep_epoch0(node1)', '~ep_epoch1(node0)', '~held(node0)', '~held(node1)', '~locked_epoch1(node1)']
num_forall :   2
num_exists :   0
num_literals : 6
quantified form : forall NODE0,NODE1. ep_epoch0(NODE0) | ep_epoch1(NODE1) | held(NODE0) | held(NODE1) | locked_epoch1(NODE0) | NODE0 = NODE1
qcost : 8




=== Prime Orbit 287 =====================
size : 4
num_suborbits: 2
643 (*) : 0----0--0---0----0--------
643     : ['~ep_epoch0(node0)', '~ep_epoch1(node1)', '~held(node0)', '~locked_epoch1(node0)', '~locked_epoch3(node1)']
653     : 0----0---0--0---0---------
653     : ['~ep_epoch0(node0)', '~ep_epoch1(node1)', '~held(node1)', '~locked_epoch1(node0)', '~locked_epoch3(node0)']
654     : -0--0---0----0---0--------
654     : ['~ep_epoch0(node1)', '~ep_epoch1(node0)', '~held(node0)', '~locked_epoch1(node1)', '~locked_epoch3(node1)']
644     : -0--0----0---0--0---------
644     : ['~ep_epoch0(node1)', '~ep_epoch1(node0)', '~held(node1)', '~locked_epoch1(node1)', '~locked_epoch3(node0)']
num_forall :   4
num_exists :   0
num_literals : 11
quantified form : forall NODE0,NODE1,NODE2,NODE3. ep_epoch0(NODE0) | ep_epoch1(NODE1) | held(NODE2) | locked_epoch1(NODE0) | locked_epoch3(NODE3) | ((NODE0 ~= NODE2 | NODE1 ~= NODE3 | NODE0 = NODE1) & (NODE0 ~= NODE3 | NODE1 ~= NODE2 | NODE0 = NODE1))
qcost : 15




=== Prime Orbit 288 =====================
size : 2
num_suborbits: 1
612 (*) : 0----0------0-00----------
612     : ['~ep_epoch0(node0)', '~ep_epoch1(node1)', '~locked_epoch1(node0)', '~locked_epoch2(node0)', '~locked_epoch2(node1)']
611     : -0--0--------000----------
611     : ['~ep_epoch0(node1)', '~ep_epoch1(node0)', '~locked_epoch1(node1)', '~locked_epoch2(node0)', '~locked_epoch2(node1)']
num_forall :   2
num_exists :   0
num_literals : 6
quantified form : forall NODE0,NODE1. ep_epoch0(NODE0) | ep_epoch1(NODE1) | locked_epoch1(NODE0) | locked_epoch2(NODE0) | locked_epoch2(NODE1) | NODE0 = NODE1
qcost : 8




=== Prime Orbit 289 =====================
size : 2
num_suborbits: 1
657 (*) : 0----0------0---00--------
657     : ['~ep_epoch0(node0)', '~ep_epoch1(node1)', '~locked_epoch1(node0)', '~locked_epoch3(node0)', '~locked_epoch3(node1)']
658     : -0--0--------0--00--------
658     : ['~ep_epoch0(node1)', '~ep_epoch1(node0)', '~locked_epoch1(node1)', '~locked_epoch3(node0)', '~locked_epoch3(node1)']
num_forall :   2
num_exists :   0
num_literals : 6
quantified form : forall NODE0,NODE1. ep_epoch0(NODE0) | ep_epoch1(NODE1) | locked_epoch1(NODE0) | locked_epoch3(NODE0) | locked_epoch3(NODE1) | NODE0 = NODE1
qcost : 8




=== Prime Orbit 290 =====================
size : 2
num_suborbits: 1
770 (*) : 1--------0------------0000
770     : ['ep_epoch0(node0)', '~held(node1)', '~transfer_epoch2(node0)', '~transfer_epoch2(node1)', '~transfer_epoch3(node0)', '~transfer_epoch3(node1)']
769     : ----1---0-------------0000
769     : ['ep_epoch0(node1)', '~held(node0)', '~transfer_epoch2(node0)', '~transfer_epoch2(node1)', '~transfer_epoch3(node0)', '~transfer_epoch3(node1)']
num_forall :   2
num_exists :   0
num_literals : 7
quantified form : forall NODE0,NODE1. ~ep_epoch0(NODE0) | held(NODE1) | transfer_epoch2(NODE0) | transfer_epoch2(NODE1) | transfer_epoch3(NODE0) | transfer_epoch3(NODE1) | NODE0 = NODE1
qcost : 9




=== Prime Orbit 291 =====================
size : 2
num_suborbits: 1
723 (*) : ---00----0--1-----------00
723     : ['locked_epoch1(node0)', '~ep_epoch0(node1)', '~ep_epoch3(node0)', '~held(node1)', '~transfer_epoch3(node0)', '~transfer_epoch3(node1)']
722     : 0------00----1----------00
722     : ['locked_epoch1(node1)', '~ep_epoch0(node0)', '~ep_epoch3(node1)', '~held(node0)', '~transfer_epoch3(node0)', '~transfer_epoch3(node1)']
num_forall :   2
num_exists :   0
num_literals : 7
quantified form : forall NODE0,NODE1. ~locked_epoch1(NODE0) | ep_epoch0(NODE1) | ep_epoch3(NODE0) | held(NODE1) | transfer_epoch3(NODE0) | transfer_epoch3(NODE1) | NODE0 = NODE1
qcost : 9




=== Prime Orbit 292 =====================
size : 2
num_suborbits: 1
713 (*) : ----0---00--1-----------00
713     : ['locked_epoch1(node0)', '~ep_epoch0(node1)', '~held(node0)', '~held(node1)', '~transfer_epoch3(node0)', '~transfer_epoch3(node1)']
712     : 0-------00---1----------00
712     : ['locked_epoch1(node1)', '~ep_epoch0(node0)', '~held(node0)', '~held(node1)', '~transfer_epoch3(node0)', '~transfer_epoch3(node1)']
num_forall :   2
num_exists :   0
num_literals : 7
quantified form : forall NODE0,NODE1. ~locked_epoch1(NODE0) | ep_epoch0(NODE1) | held(NODE0) | held(NODE1) | transfer_epoch3(NODE0) | transfer_epoch3(NODE1) | NODE0 = NODE1
qcost : 9




=== Prime Orbit 293 =====================
size : 2
num_suborbits: 1
729 (*) : ----0----0--1---0-------00
729     : ['locked_epoch1(node0)', '~ep_epoch0(node1)', '~held(node1)', '~locked_epoch3(node0)', '~transfer_epoch3(node0)', '~transfer_epoch3(node1)']
728     : 0-------0----1---0------00
728     : ['locked_epoch1(node1)', '~ep_epoch0(node0)', '~held(node0)', '~locked_epoch3(node1)', '~transfer_epoch3(node0)', '~transfer_epoch3(node1)']
num_forall :   2
num_exists :   0
num_literals : 7
quantified form : forall NODE0,NODE1. ~locked_epoch1(NODE0) | ep_epoch0(NODE1) | held(NODE1) | locked_epoch3(NODE0) | transfer_epoch3(NODE0) | transfer_epoch3(NODE1) | NODE0 = NODE1
qcost : 9




=== Prime Orbit 294 =====================
size : 2
num_suborbits: 1
761 (*) : -0-----00---1-----------00
761     : ['locked_epoch1(node0)', '~ep_epoch1(node0)', '~ep_epoch3(node1)', '~held(node0)', '~transfer_epoch3(node0)', '~transfer_epoch3(node1)']
762     : ---0-0---0---1----------00
762     : ['locked_epoch1(node1)', '~ep_epoch1(node1)', '~ep_epoch3(node0)', '~held(node1)', '~transfer_epoch3(node0)', '~transfer_epoch3(node1)']
num_forall :   2
num_exists :   0
num_literals : 7
quantified form : forall NODE0,NODE1. ~locked_epoch1(NODE0) | ep_epoch1(NODE0) | ep_epoch3(NODE1) | held(NODE0) | transfer_epoch3(NODE0) | transfer_epoch3(NODE1) | NODE0 = NODE1
qcost : 9




=== Prime Orbit 295 =====================
size : 2
num_suborbits: 1
732 (*) : -0------00--1-----------00
732     : ['locked_epoch1(node0)', '~ep_epoch1(node0)', '~held(node0)', '~held(node1)', '~transfer_epoch3(node0)', '~transfer_epoch3(node1)']
731     : -----0--00---1----------00
731     : ['locked_epoch1(node1)', '~ep_epoch1(node1)', '~held(node0)', '~held(node1)', '~transfer_epoch3(node0)', '~transfer_epoch3(node1)']
num_forall :   2
num_exists :   0
num_literals : 7
quantified form : forall NODE0,NODE1. ~locked_epoch1(NODE0) | ep_epoch1(NODE0) | held(NODE0) | held(NODE1) | transfer_epoch3(NODE0) | transfer_epoch3(NODE1) | NODE0 = NODE1
qcost : 9




=== Prime Orbit 296 =====================
size : 2
num_suborbits: 1
763 (*) : -0------0---1----0------00
763     : ['locked_epoch1(node0)', '~ep_epoch1(node0)', '~held(node0)', '~locked_epoch3(node1)', '~transfer_epoch3(node0)', '~transfer_epoch3(node1)']
764     : -----0---0---1--0-------00
764     : ['locked_epoch1(node1)', '~ep_epoch1(node1)', '~held(node1)', '~locked_epoch3(node0)', '~transfer_epoch3(node0)', '~transfer_epoch3(node1)']
num_forall :   2
num_exists :   0
num_literals : 7
quantified form : forall NODE0,NODE1. ~locked_epoch1(NODE0) | ep_epoch1(NODE0) | held(NODE0) | locked_epoch3(NODE1) | transfer_epoch3(NODE0) | transfer_epoch3(NODE1) | NODE0 = NODE1
qcost : 9




=== Prime Orbit 297 =====================
size : 1
num_suborbits: 1
771 (*) : 000-000-------------------
771     : ['~ep_epoch0(node0)', '~ep_epoch0(node1)', '~ep_epoch1(node0)', '~ep_epoch1(node1)', '~ep_epoch2(node0)', '~ep_epoch2(node1)']
num_forall :   0
num_exists :   1
num_literals : 3
quantified form : exists NODE0. ep_epoch0(NODE0) | ep_epoch1(NODE0) | ep_epoch2(NODE0)
qcost : 4




=== Prime Orbit 298 =====================
size : 2
num_suborbits: 1
773 (*) : 000-00---------0----------
773     : ['~ep_epoch0(node0)', '~ep_epoch0(node1)', '~ep_epoch1(node0)', '~ep_epoch1(node1)', '~ep_epoch2(node0)', '~locked_epoch2(node1)']
772     : 00--000-------0-----------
772     : ['~ep_epoch0(node0)', '~ep_epoch0(node1)', '~ep_epoch1(node0)', '~ep_epoch1(node1)', '~ep_epoch2(node1)', '~locked_epoch2(node0)']
num_forall :   2
num_exists :   0
num_literals : 7
quantified form : forall NODE0,NODE1. ep_epoch0(NODE0) | ep_epoch0(NODE1) | ep_epoch1(NODE0) | ep_epoch1(NODE1) | ep_epoch2(NODE1) | locked_epoch2(NODE0) | NODE0 = NODE1
qcost : 9




=== Prime Orbit 299 =====================
size : 1
num_suborbits: 1
789 (*) : 00-000-0------------------
789     : ['~ep_epoch0(node0)', '~ep_epoch0(node1)', '~ep_epoch1(node0)', '~ep_epoch1(node1)', '~ep_epoch3(node0)', '~ep_epoch3(node1)']
num_forall :   0
num_exists :   1
num_literals : 3
quantified form : exists NODE0. ep_epoch0(NODE0) | ep_epoch1(NODE0) | ep_epoch3(NODE0)
qcost : 4




=== Prime Orbit 300 =====================
size : 2
num_suborbits: 1
760 (*) : 00-000---0----------------
760     : ['~ep_epoch0(node0)', '~ep_epoch0(node1)', '~ep_epoch1(node0)', '~ep_epoch1(node1)', '~ep_epoch3(node0)', '~held(node1)']
759     : 00--00-00-----------------
759     : ['~ep_epoch0(node0)', '~ep_epoch0(node1)', '~ep_epoch1(node0)', '~ep_epoch1(node1)', '~ep_epoch3(node1)', '~held(node0)']
num_forall :   2
num_exists :   0
num_literals : 7
quantified form : forall NODE0,NODE1. ep_epoch0(NODE0) | ep_epoch0(NODE1) | ep_epoch1(NODE0) | ep_epoch1(NODE1) | ep_epoch3(NODE1) | held(NODE0) | NODE0 = NODE1
qcost : 9




=== Prime Orbit 301 =====================
size : 2
num_suborbits: 1
788 (*) : 00-000-----------0--------
788     : ['~ep_epoch0(node0)', '~ep_epoch0(node1)', '~ep_epoch1(node0)', '~ep_epoch1(node1)', '~ep_epoch3(node0)', '~locked_epoch3(node1)']
787     : 00--00-0--------0---------
787     : ['~ep_epoch0(node0)', '~ep_epoch0(node1)', '~ep_epoch1(node0)', '~ep_epoch1(node1)', '~ep_epoch3(node1)', '~locked_epoch3(node0)']
num_forall :   2
num_exists :   0
num_literals : 7
quantified form : forall NODE0,NODE1. ep_epoch0(NODE0) | ep_epoch0(NODE1) | ep_epoch1(NODE0) | ep_epoch1(NODE1) | ep_epoch3(NODE1) | locked_epoch3(NODE0) | NODE0 = NODE1
qcost : 9




=== Prime Orbit 302 =====================
size : 1
num_suborbits: 1
736 (*) : 00--00--00----------------
736     : ['~ep_epoch0(node0)', '~ep_epoch0(node1)', '~ep_epoch1(node0)', '~ep_epoch1(node1)', '~held(node0)', '~held(node1)']
num_forall :   0
num_exists :   1
num_literals : 3
quantified form : exists NODE0. ep_epoch0(NODE0) | ep_epoch1(NODE0) | held(NODE0)
qcost : 4




=== Prime Orbit 303 =====================
size : 2
num_suborbits: 1
757 (*) : 00--00--0--------0--------
757     : ['~ep_epoch0(node0)', '~ep_epoch0(node1)', '~ep_epoch1(node0)', '~ep_epoch1(node1)', '~held(node0)', '~locked_epoch3(node1)']
758     : 00--00---0------0---------
758     : ['~ep_epoch0(node0)', '~ep_epoch0(node1)', '~ep_epoch1(node0)', '~ep_epoch1(node1)', '~held(node1)', '~locked_epoch3(node0)']
num_forall :   2
num_exists :   0
num_literals : 7
quantified form : forall NODE0,NODE1. ep_epoch0(NODE0) | ep_epoch0(NODE1) | ep_epoch1(NODE0) | ep_epoch1(NODE1) | held(NODE0) | locked_epoch3(NODE1) | NODE0 = NODE1
qcost : 9




=== Prime Orbit 304 =====================
size : 1
num_suborbits: 1
794 (*) : 00--00--------00----------
794     : ['~ep_epoch0(node0)', '~ep_epoch0(node1)', '~ep_epoch1(node0)', '~ep_epoch1(node1)', '~locked_epoch2(node0)', '~locked_epoch2(node1)']
num_forall :   0
num_exists :   1
num_literals : 3
quantified form : exists NODE0. ep_epoch0(NODE0) | ep_epoch1(NODE0) | locked_epoch2(NODE0)
qcost : 4




=== Prime Orbit 305 =====================
size : 1
num_suborbits: 1
786 (*) : 00--00----------00--------
786     : ['~ep_epoch0(node0)', '~ep_epoch0(node1)', '~ep_epoch1(node0)', '~ep_epoch1(node1)', '~locked_epoch3(node0)', '~locked_epoch3(node1)']
num_forall :   0
num_exists :   1
num_literals : 3
quantified form : exists NODE0. ep_epoch0(NODE0) | ep_epoch1(NODE0) | locked_epoch3(NODE0)
qcost : 4




=== Prime Orbit 306 =====================
size : 1
num_suborbits: 1
691 (*) : 0-000-00------------------
691     : ['~ep_epoch0(node0)', '~ep_epoch0(node1)', '~ep_epoch2(node0)', '~ep_epoch2(node1)', '~ep_epoch3(node0)', '~ep_epoch3(node1)']
num_forall :   0
num_exists :   1
num_literals : 3
quantified form : exists NODE0. ep_epoch0(NODE0) | ep_epoch2(NODE0) | ep_epoch3(NODE0)
qcost : 4




=== Prime Orbit 307 =====================
size : 2
num_suborbits: 1
692 (*) : 0-000-0--0----------------
692     : ['~ep_epoch0(node0)', '~ep_epoch0(node1)', '~ep_epoch2(node0)', '~ep_epoch2(node1)', '~ep_epoch3(node0)', '~held(node1)']
693     : 0-0-0-000-----------------
693     : ['~ep_epoch0(node0)', '~ep_epoch0(node1)', '~ep_epoch2(node0)', '~ep_epoch2(node1)', '~ep_epoch3(node1)', '~held(node0)']
num_forall :   2
num_exists :   0
num_literals : 7
quantified form : forall NODE0,NODE1. ep_epoch0(NODE0) | ep_epoch0(NODE1) | ep_epoch2(NODE0) | ep_epoch2(NODE1) | ep_epoch3(NODE0) | held(NODE1) | NODE0 = NODE1
qcost : 9




=== Prime Orbit 308 =====================
size : 2
num_suborbits: 1
682 (*) : 0-000-0----------0--------
682     : ['~ep_epoch0(node0)', '~ep_epoch0(node1)', '~ep_epoch2(node0)', '~ep_epoch2(node1)', '~ep_epoch3(node0)', '~locked_epoch3(node1)']
683     : 0-0-0-00--------0---------
683     : ['~ep_epoch0(node0)', '~ep_epoch0(node1)', '~ep_epoch2(node0)', '~ep_epoch2(node1)', '~ep_epoch3(node1)', '~locked_epoch3(node0)']
num_forall :   2
num_exists :   0
num_literals : 7
quantified form : forall NODE0,NODE1. ep_epoch0(NODE0) | ep_epoch0(NODE1) | ep_epoch2(NODE0) | ep_epoch2(NODE1) | ep_epoch3(NODE0) | locked_epoch3(NODE1) | NODE0 = NODE1
qcost : 9




=== Prime Orbit 309 =====================
size : 1
num_suborbits: 1
711 (*) : 0-0-0-0-00----------------
711     : ['~ep_epoch0(node0)', '~ep_epoch0(node1)', '~ep_epoch2(node0)', '~ep_epoch2(node1)', '~held(node0)', '~held(node1)']
num_forall :   0
num_exists :   1
num_literals : 3
quantified form : exists NODE0. ep_epoch0(NODE0) | ep_epoch2(NODE0) | held(NODE0)
qcost : 4




=== Prime Orbit 310 =====================
size : 2
num_suborbits: 1
688 (*) : 0-0-0-0-0--------0--------
688     : ['~ep_epoch0(node0)', '~ep_epoch0(node1)', '~ep_epoch2(node0)', '~ep_epoch2(node1)', '~held(node0)', '~locked_epoch3(node1)']
689     : 0-0-0-0--0------0---------
689     : ['~ep_epoch0(node0)', '~ep_epoch0(node1)', '~ep_epoch2(node0)', '~ep_epoch2(node1)', '~held(node1)', '~locked_epoch3(node0)']
num_forall :   2
num_exists :   0
num_literals : 7
quantified form : forall NODE0,NODE1. ep_epoch0(NODE0) | ep_epoch0(NODE1) | ep_epoch2(NODE0) | ep_epoch2(NODE1) | held(NODE0) | locked_epoch3(NODE1) | NODE0 = NODE1
qcost : 9




=== Prime Orbit 311 =====================
size : 1
num_suborbits: 1
690 (*) : 0-0-0-0---------00--------
690     : ['~ep_epoch0(node0)', '~ep_epoch0(node1)', '~ep_epoch2(node0)', '~ep_epoch2(node1)', '~locked_epoch3(node0)', '~locked_epoch3(node1)']
num_forall :   0
num_exists :   1
num_literals : 3
quantified form : exists NODE0. ep_epoch0(NODE0) | ep_epoch2(NODE0) | locked_epoch3(NODE0)
qcost : 4




=== Prime Orbit 312 =====================
size : 2
num_suborbits: 1
695 (*) : 0-000--0-------0----------
695     : ['~ep_epoch0(node0)', '~ep_epoch0(node1)', '~ep_epoch2(node0)', '~ep_epoch3(node0)', '~ep_epoch3(node1)', '~locked_epoch2(node1)']
694     : 0--00-00------0-----------
694     : ['~ep_epoch0(node0)', '~ep_epoch0(node1)', '~ep_epoch2(node1)', '~ep_epoch3(node0)', '~ep_epoch3(node1)', '~locked_epoch2(node0)']
num_forall :   2
num_exists :   0
num_literals : 7
quantified form : forall NODE0,NODE1. ep_epoch0(NODE0) | ep_epoch0(NODE1) | ep_epoch2(NODE1) | ep_epoch3(NODE0) | ep_epoch3(NODE1) | locked_epoch2(NODE0) | NODE0 = NODE1
qcost : 9




=== Prime Orbit 313 =====================
size : 4
num_suborbits: 2
705 (*) : 0-000----0-----0----------
705     : ['~ep_epoch0(node0)', '~ep_epoch0(node1)', '~ep_epoch2(node0)', '~ep_epoch3(node0)', '~held(node1)', '~locked_epoch2(node1)']
699     : 0-0-0--00------0----------
699     : ['~ep_epoch0(node0)', '~ep_epoch0(node1)', '~ep_epoch2(node0)', '~ep_epoch3(node1)', '~held(node0)', '~locked_epoch2(node1)']
698     : 0--00-0--0----0-----------
698     : ['~ep_epoch0(node0)', '~ep_epoch0(node1)', '~ep_epoch2(node1)', '~ep_epoch3(node0)', '~held(node1)', '~locked_epoch2(node0)']
706     : 0---0-000-----0-----------
706     : ['~ep_epoch0(node0)', '~ep_epoch0(node1)', '~ep_epoch2(node1)', '~ep_epoch3(node1)', '~held(node0)', '~locked_epoch2(node0)']
num_forall :   4
num_exists :   0
num_literals : 12
quantified form : forall NODE0,NODE1,NODE2,NODE3. ep_epoch0(NODE0) | ep_epoch0(NODE1) | ep_epoch2(NODE2) | ep_epoch3(NODE0) | held(NODE1) | locked_epoch2(NODE3) | ((NODE0 ~= NODE3 | NODE1 ~= NODE2 | NODE0 = NODE1) & (NODE0 ~= NODE2 | NODE1 ~= NODE3 | NODE0 = NODE1))
qcost : 16




=== Prime Orbit 314 =====================
size : 4
num_suborbits: 2
680 (*) : 0-000----------0-0--------
680     : ['~ep_epoch0(node0)', '~ep_epoch0(node1)', '~ep_epoch2(node0)', '~ep_epoch3(node0)', '~locked_epoch2(node1)', '~locked_epoch3(node1)']
685     : 0-0-0--0-------00---------
685     : ['~ep_epoch0(node0)', '~ep_epoch0(node1)', '~ep_epoch2(node0)', '~ep_epoch3(node1)', '~locked_epoch2(node1)', '~locked_epoch3(node0)']
684     : 0--00-0-------0--0--------
684     : ['~ep_epoch0(node0)', '~ep_epoch0(node1)', '~ep_epoch2(node1)', '~ep_epoch3(node0)', '~locked_epoch2(node0)', '~locked_epoch3(node1)']
681     : 0---0-00------0-0---------
681     : ['~ep_epoch0(node0)', '~ep_epoch0(node1)', '~ep_epoch2(node1)', '~ep_epoch3(node1)', '~locked_epoch2(node0)', '~locked_epoch3(node0)']
num_forall :   4
num_exists :   0
num_literals : 12
quantified form : forall NODE0,NODE1,NODE2,NODE3. ep_epoch0(NODE0) | ep_epoch0(NODE1) | ep_epoch2(NODE2) | ep_epoch3(NODE0) | locked_epoch2(NODE3) | locked_epoch3(NODE1) | ((NODE0 ~= NODE2 | NODE1 ~= NODE3 | NODE0 = NODE1) & (NODE0 ~= NODE3 | NODE1 ~= NODE2 | NODE0 = NODE1))
qcost : 16




=== Prime Orbit 315 =====================
size : 2
num_suborbits: 1
707 (*) : 0-0-0---00-----0----------
707     : ['~ep_epoch0(node0)', '~ep_epoch0(node1)', '~ep_epoch2(node0)', '~held(node0)', '~held(node1)', '~locked_epoch2(node1)']
708     : 0---0-0-00----0-----------
708     : ['~ep_epoch0(node0)', '~ep_epoch0(node1)', '~ep_epoch2(node1)', '~held(node0)', '~held(node1)', '~locked_epoch2(node0)']
num_forall :   2
num_exists :   0
num_literals : 7
quantified form : forall NODE0,NODE1. ep_epoch0(NODE0) | ep_epoch0(NODE1) | ep_epoch2(NODE0) | held(NODE0) | held(NODE1) | locked_epoch2(NODE1) | NODE0 = NODE1
qcost : 9




=== Prime Orbit 316 =====================
size : 4
num_suborbits: 2
697 (*) : 0-0-0---0------0-0--------
697     : ['~ep_epoch0(node0)', '~ep_epoch0(node1)', '~ep_epoch2(node0)', '~held(node0)', '~locked_epoch2(node1)', '~locked_epoch3(node1)']
687     : 0-0-0----0-----00---------
687     : ['~ep_epoch0(node0)', '~ep_epoch0(node1)', '~ep_epoch2(node0)', '~held(node1)', '~locked_epoch2(node1)', '~locked_epoch3(node0)']
686     : 0---0-0-0-----0--0--------
686     : ['~ep_epoch0(node0)', '~ep_epoch0(node1)', '~ep_epoch2(node1)', '~held(node0)', '~locked_epoch2(node0)', '~locked_epoch3(node1)']
696     : 0---0-0--0----0-0---------
696     : ['~ep_epoch0(node0)', '~ep_epoch0(node1)', '~ep_epoch2(node1)', '~held(node1)', '~locked_epoch2(node0)', '~locked_epoch3(node0)']
num_forall :   4
num_exists :   0
num_literals : 12
quantified form : forall NODE0,NODE1,NODE2,NODE3. ep_epoch0(NODE0) | ep_epoch0(NODE1) | ep_epoch2(NODE1) | held(NODE2) | locked_epoch2(NODE0) | locked_epoch3(NODE3) | ((NODE0 ~= NODE2 | NODE1 ~= NODE3 | NODE0 = NODE1) & (NODE0 ~= NODE3 | NODE1 ~= NODE2 | NODE0 = NODE1))
qcost : 16




=== Prime Orbit 317 =====================
size : 2
num_suborbits: 1
676 (*) : 0-0-0----------000--------
676     : ['~ep_epoch0(node0)', '~ep_epoch0(node1)', '~ep_epoch2(node0)', '~locked_epoch2(node1)', '~locked_epoch3(node0)', '~locked_epoch3(node1)']
677     : 0---0-0-------0-00--------
677     : ['~ep_epoch0(node0)', '~ep_epoch0(node1)', '~ep_epoch2(node1)', '~locked_epoch2(node0)', '~locked_epoch3(node0)', '~locked_epoch3(node1)']
num_forall :   2
num_exists :   0
num_literals : 7
quantified form : forall NODE0,NODE1. ep_epoch0(NODE0) | ep_epoch0(NODE1) | ep_epoch2(NODE0) | locked_epoch2(NODE1) | locked_epoch3(NODE0) | locked_epoch3(NODE1) | NODE0 = NODE1
qcost : 9




=== Prime Orbit 318 =====================
size : 1
num_suborbits: 1
702 (*) : 0--00--0------00----------
702     : ['~ep_epoch0(node0)', '~ep_epoch0(node1)', '~ep_epoch3(node0)', '~ep_epoch3(node1)', '~locked_epoch2(node0)', '~locked_epoch2(node1)']
num_forall :   0
num_exists :   1
num_literals : 3
quantified form : exists NODE0. ep_epoch0(NODE0) | ep_epoch3(NODE0) | locked_epoch2(NODE0)
qcost : 4




=== Prime Orbit 319 =====================
size : 2
num_suborbits: 1
700 (*) : 0--00----0----00----------
700     : ['~ep_epoch0(node0)', '~ep_epoch0(node1)', '~ep_epoch3(node0)', '~held(node1)', '~locked_epoch2(node0)', '~locked_epoch2(node1)']
701     : 0---0--00-----00----------
701     : ['~ep_epoch0(node0)', '~ep_epoch0(node1)', '~ep_epoch3(node1)', '~held(node0)', '~locked_epoch2(node0)', '~locked_epoch2(node1)']
num_forall :   2
num_exists :   0
num_literals : 7
quantified form : forall NODE0,NODE1. ep_epoch0(NODE0) | ep_epoch0(NODE1) | ep_epoch3(NODE0) | held(NODE1) | locked_epoch2(NODE0) | locked_epoch2(NODE1) | NODE0 = NODE1
qcost : 9




=== Prime Orbit 320 =====================
size : 2
num_suborbits: 1
678 (*) : 0--00---------00-0--------
678     : ['~ep_epoch0(node0)', '~ep_epoch0(node1)', '~ep_epoch3(node0)', '~locked_epoch2(node0)', '~locked_epoch2(node1)', '~locked_epoch3(node1)']
679     : 0---0--0------000---------
679     : ['~ep_epoch0(node0)', '~ep_epoch0(node1)', '~ep_epoch3(node1)', '~locked_epoch2(node0)', '~locked_epoch2(node1)', '~locked_epoch3(node0)']
num_forall :   2
num_exists :   0
num_literals : 7
quantified form : forall NODE0,NODE1. ep_epoch0(NODE0) | ep_epoch0(NODE1) | ep_epoch3(NODE0) | locked_epoch2(NODE0) | locked_epoch2(NODE1) | locked_epoch3(NODE1) | NODE0 = NODE1
qcost : 9




=== Prime Orbit 321 =====================
size : 1
num_suborbits: 1
709 (*) : 0---0---00----00----------
709     : ['~ep_epoch0(node0)', '~ep_epoch0(node1)', '~held(node0)', '~held(node1)', '~locked_epoch2(node0)', '~locked_epoch2(node1)']
num_forall :   0
num_exists :   1
num_literals : 3
quantified form : exists NODE0. ep_epoch0(NODE0) | held(NODE0) | locked_epoch2(NODE0)
qcost : 4




=== Prime Orbit 322 =====================
size : 1
num_suborbits: 1
710 (*) : 0---0---00--------------00
710     : ['~ep_epoch0(node0)', '~ep_epoch0(node1)', '~held(node0)', '~held(node1)', '~transfer_epoch3(node0)', '~transfer_epoch3(node1)']
num_forall :   0
num_exists :   1
num_literals : 3
quantified form : exists NODE0. ep_epoch0(NODE0) | held(NODE0) | transfer_epoch3(NODE0)
qcost : 4




=== Prime Orbit 323 =====================
size : 2
num_suborbits: 1
704 (*) : 0---0---0-----00-0--------
704     : ['~ep_epoch0(node0)', '~ep_epoch0(node1)', '~held(node0)', '~locked_epoch2(node0)', '~locked_epoch2(node1)', '~locked_epoch3(node1)']
703     : 0---0----0----000---------
703     : ['~ep_epoch0(node0)', '~ep_epoch0(node1)', '~held(node1)', '~locked_epoch2(node0)', '~locked_epoch2(node1)', '~locked_epoch3(node0)']
num_forall :   2
num_exists :   0
num_literals : 7
quantified form : forall NODE0,NODE1. ep_epoch0(NODE0) | ep_epoch0(NODE1) | held(NODE1) | locked_epoch2(NODE0) | locked_epoch2(NODE1) | locked_epoch3(NODE0) | NODE0 = NODE1
qcost : 9




=== Prime Orbit 324 =====================
size : 1
num_suborbits: 1
675 (*) : 0---0---------0000--------
675     : ['~ep_epoch0(node0)', '~ep_epoch0(node1)', '~locked_epoch2(node0)', '~locked_epoch2(node1)', '~locked_epoch3(node0)', '~locked_epoch3(node1)']
num_forall :   0
num_exists :   1
num_literals : 3
quantified form : exists NODE0. ep_epoch0(NODE0) | locked_epoch2(NODE0) | locked_epoch3(NODE0)
qcost : 4




=== Prime Orbit 325 =====================
size : 2
num_suborbits: 1
724 (*) : 00-----00---------------00
724     : ['~ep_epoch0(node0)', '~ep_epoch1(node0)', '~ep_epoch3(node1)', '~held(node0)', '~transfer_epoch3(node0)', '~transfer_epoch3(node1)']
725     : ---000---0--------------00
725     : ['~ep_epoch0(node1)', '~ep_epoch1(node1)', '~ep_epoch3(node0)', '~held(node1)', '~transfer_epoch3(node0)', '~transfer_epoch3(node1)']
num_forall :   2
num_exists :   0
num_literals : 7
quantified form : forall NODE0,NODE1. ep_epoch0(NODE0) | ep_epoch1(NODE0) | ep_epoch3(NODE1) | held(NODE0) | transfer_epoch3(NODE0) | transfer_epoch3(NODE1) | NODE0 = NODE1
qcost : 9




=== Prime Orbit 326 =====================
size : 2
num_suborbits: 1
714 (*) : 00------00--------------00
714     : ['~ep_epoch0(node0)', '~ep_epoch1(node0)', '~held(node0)', '~held(node1)', '~transfer_epoch3(node0)', '~transfer_epoch3(node1)']
715     : ----00--00--------------00
715     : ['~ep_epoch0(node1)', '~ep_epoch1(node1)', '~held(node0)', '~held(node1)', '~transfer_epoch3(node0)', '~transfer_epoch3(node1)']
num_forall :   2
num_exists :   0
num_literals : 7
quantified form : forall NODE0,NODE1. ep_epoch0(NODE0) | ep_epoch1(NODE0) | held(NODE0) | held(NODE1) | transfer_epoch3(NODE0) | transfer_epoch3(NODE1) | NODE0 = NODE1
qcost : 9




=== Prime Orbit 327 =====================
size : 2
num_suborbits: 1
726 (*) : 00------0--------0------00
726     : ['~ep_epoch0(node0)', '~ep_epoch1(node0)', '~held(node0)', '~locked_epoch3(node1)', '~transfer_epoch3(node0)', '~transfer_epoch3(node1)']
727     : ----00---0------0-------00
727     : ['~ep_epoch0(node1)', '~ep_epoch1(node1)', '~held(node1)', '~locked_epoch3(node0)', '~transfer_epoch3(node0)', '~transfer_epoch3(node1)']
num_forall :   2
num_exists :   0
num_literals : 7
quantified form : forall NODE0,NODE1. ep_epoch0(NODE0) | ep_epoch1(NODE0) | held(NODE0) | locked_epoch3(NODE1) | transfer_epoch3(NODE0) | transfer_epoch3(NODE1) | NODE0 = NODE1
qcost : 9




=== Prime Orbit 328 =====================
size : 2
num_suborbits: 1
718 (*) : 0------00---0-----------00
718     : ['~ep_epoch0(node0)', '~ep_epoch3(node1)', '~held(node0)', '~locked_epoch1(node0)', '~transfer_epoch3(node0)', '~transfer_epoch3(node1)']
719     : ---00----0---0----------00
719     : ['~ep_epoch0(node1)', '~ep_epoch3(node0)', '~held(node1)', '~locked_epoch1(node1)', '~transfer_epoch3(node0)', '~transfer_epoch3(node1)']
num_forall :   2
num_exists :   0
num_literals : 7
quantified form : forall NODE0,NODE1. ep_epoch0(NODE0) | ep_epoch3(NODE1) | held(NODE0) | locked_epoch1(NODE0) | transfer_epoch3(NODE0) | transfer_epoch3(NODE1) | NODE0 = NODE1
qcost : 9




=== Prime Orbit 329 =====================
size : 2
num_suborbits: 1
716 (*) : 0-------00--0-----------00
716     : ['~ep_epoch0(node0)', '~held(node0)', '~held(node1)', '~locked_epoch1(node0)', '~transfer_epoch3(node0)', '~transfer_epoch3(node1)']
717     : ----0---00---0----------00
717     : ['~ep_epoch0(node1)', '~held(node0)', '~held(node1)', '~locked_epoch1(node1)', '~transfer_epoch3(node0)', '~transfer_epoch3(node1)']
num_forall :   2
num_exists :   0
num_literals : 7
quantified form : forall NODE0,NODE1. ep_epoch0(NODE0) | held(NODE0) | held(NODE1) | locked_epoch1(NODE0) | transfer_epoch3(NODE0) | transfer_epoch3(NODE1) | NODE0 = NODE1
qcost : 9




=== Prime Orbit 330 =====================
size : 2
num_suborbits: 1
720 (*) : 0-------0---0----0------00
720     : ['~ep_epoch0(node0)', '~held(node0)', '~locked_epoch1(node0)', '~locked_epoch3(node1)', '~transfer_epoch3(node0)', '~transfer_epoch3(node1)']
721     : ----0----0---0--0-------00
721     : ['~ep_epoch0(node1)', '~held(node1)', '~locked_epoch1(node1)', '~locked_epoch3(node0)', '~transfer_epoch3(node0)', '~transfer_epoch3(node1)']
num_forall :   2
num_exists :   0
num_literals : 7
quantified form : forall NODE0,NODE1. ep_epoch0(NODE0) | held(NODE0) | locked_epoch1(NODE0) | locked_epoch3(NODE1) | transfer_epoch3(NODE0) | transfer_epoch3(NODE1) | NODE0 = NODE1
qcost : 9




=== Prime Orbit 331 =====================
size : 1
num_suborbits: 1
774 (*) : -000-000------------------
774     : ['~ep_epoch1(node0)', '~ep_epoch1(node1)', '~ep_epoch2(node0)', '~ep_epoch2(node1)', '~ep_epoch3(node0)', '~ep_epoch3(node1)']
num_forall :   0
num_exists :   1
num_literals : 3
quantified form : exists NODE0. ep_epoch1(NODE0) | ep_epoch2(NODE0) | ep_epoch3(NODE0)
qcost : 4




=== Prime Orbit 332 =====================
size : 2
num_suborbits: 1
752 (*) : -000-00--0----------------
752     : ['~ep_epoch1(node0)', '~ep_epoch1(node1)', '~ep_epoch2(node0)', '~ep_epoch2(node1)', '~ep_epoch3(node0)', '~held(node1)']
751     : -00--0000-----------------
751     : ['~ep_epoch1(node0)', '~ep_epoch1(node1)', '~ep_epoch2(node0)', '~ep_epoch2(node1)', '~ep_epoch3(node1)', '~held(node0)']
num_forall :   2
num_exists :   0
num_literals : 7
quantified form : forall NODE0,NODE1. ep_epoch1(NODE0) | ep_epoch1(NODE1) | ep_epoch2(NODE0) | ep_epoch2(NODE1) | ep_epoch3(NODE1) | held(NODE0) | NODE0 = NODE1
qcost : 9




=== Prime Orbit 333 =====================
size : 2
num_suborbits: 1
775 (*) : -000-00----------0--------
775     : ['~ep_epoch1(node0)', '~ep_epoch1(node1)', '~ep_epoch2(node0)', '~ep_epoch2(node1)', '~ep_epoch3(node0)', '~locked_epoch3(node1)']
776     : -00--000--------0---------
776     : ['~ep_epoch1(node0)', '~ep_epoch1(node1)', '~ep_epoch2(node0)', '~ep_epoch2(node1)', '~ep_epoch3(node1)', '~locked_epoch3(node0)']
num_forall :   2
num_exists :   0
num_literals : 7
quantified form : forall NODE0,NODE1. ep_epoch1(NODE0) | ep_epoch1(NODE1) | ep_epoch2(NODE0) | ep_epoch2(NODE1) | ep_epoch3(NODE0) | locked_epoch3(NODE1) | NODE0 = NODE1
qcost : 9




=== Prime Orbit 334 =====================
size : 1
num_suborbits: 1
740 (*) : -00--00-00----------------
740     : ['~ep_epoch1(node0)', '~ep_epoch1(node1)', '~ep_epoch2(node0)', '~ep_epoch2(node1)', '~held(node0)', '~held(node1)']
num_forall :   0
num_exists :   1
num_literals : 3
quantified form : exists NODE0. ep_epoch1(NODE0) | ep_epoch2(NODE0) | held(NODE0)
qcost : 4




=== Prime Orbit 335 =====================
size : 2
num_suborbits: 1
749 (*) : -00--00-0--------0--------
749     : ['~ep_epoch1(node0)', '~ep_epoch1(node1)', '~ep_epoch2(node0)', '~ep_epoch2(node1)', '~held(node0)', '~locked_epoch3(node1)']
750     : -00--00--0------0---------
750     : ['~ep_epoch1(node0)', '~ep_epoch1(node1)', '~ep_epoch2(node0)', '~ep_epoch2(node1)', '~held(node1)', '~locked_epoch3(node0)']
num_forall :   2
num_exists :   0
num_literals : 7
quantified form : forall NODE0,NODE1. ep_epoch1(NODE0) | ep_epoch1(NODE1) | ep_epoch2(NODE0) | ep_epoch2(NODE1) | held(NODE0) | locked_epoch3(NODE1) | NODE0 = NODE1
qcost : 9




=== Prime Orbit 336 =====================
size : 1
num_suborbits: 1
777 (*) : -00--00---------00--------
777     : ['~ep_epoch1(node0)', '~ep_epoch1(node1)', '~ep_epoch2(node0)', '~ep_epoch2(node1)', '~locked_epoch3(node0)', '~locked_epoch3(node1)']
num_forall :   0
num_exists :   1
num_literals : 3
quantified form : exists NODE0. ep_epoch1(NODE0) | ep_epoch2(NODE0) | locked_epoch3(NODE0)
qcost : 4




=== Prime Orbit 337 =====================
size : 2
num_suborbits: 1
783 (*) : -000-0-0-------0----------
783     : ['~ep_epoch1(node0)', '~ep_epoch1(node1)', '~ep_epoch2(node0)', '~ep_epoch3(node0)', '~ep_epoch3(node1)', '~locked_epoch2(node1)']
782     : -0-0-000------0-----------
782     : ['~ep_epoch1(node0)', '~ep_epoch1(node1)', '~ep_epoch2(node1)', '~ep_epoch3(node0)', '~ep_epoch3(node1)', '~locked_epoch2(node0)']
num_forall :   2
num_exists :   0
num_literals : 7
quantified form : forall NODE0,NODE1. ep_epoch1(NODE0) | ep_epoch1(NODE1) | ep_epoch2(NODE1) | ep_epoch3(NODE0) | ep_epoch3(NODE1) | locked_epoch2(NODE0) | NODE0 = NODE1
qcost : 9




=== Prime Orbit 338 =====================
size : 4
num_suborbits: 2
748 (*) : -000-0---0-----0----------
748     : ['~ep_epoch1(node0)', '~ep_epoch1(node1)', '~ep_epoch2(node0)', '~ep_epoch3(node0)', '~held(node1)', '~locked_epoch2(node1)']
753     : -00--0-00------0----------
753     : ['~ep_epoch1(node0)', '~ep_epoch1(node1)', '~ep_epoch2(node0)', '~ep_epoch3(node1)', '~held(node0)', '~locked_epoch2(node1)']
754     : -0-0-00--0----0-----------
754     : ['~ep_epoch1(node0)', '~ep_epoch1(node1)', '~ep_epoch2(node1)', '~ep_epoch3(node0)', '~held(node1)', '~locked_epoch2(node0)']
747     : -0---0000-----0-----------
747     : ['~ep_epoch1(node0)', '~ep_epoch1(node1)', '~ep_epoch2(node1)', '~ep_epoch3(node1)', '~held(node0)', '~locked_epoch2(node0)']
num_forall :   4
num_exists :   0
num_literals : 12
quantified form : forall NODE0,NODE1,NODE2,NODE3. ep_epoch1(NODE0) | ep_epoch1(NODE1) | ep_epoch2(NODE2) | ep_epoch3(NODE1) | held(NODE0) | locked_epoch2(NODE3) | ((NODE0 ~= NODE3 | NODE1 ~= NODE2 | NODE0 = NODE1) & (NODE0 ~= NODE2 | NODE1 ~= NODE3 | NODE0 = NODE1))
qcost : 16




=== Prime Orbit 339 =====================
size : 4
num_suborbits: 2
779 (*) : -000-0---------0-0--------
779     : ['~ep_epoch1(node0)', '~ep_epoch1(node1)', '~ep_epoch2(node0)', '~ep_epoch3(node0)', '~locked_epoch2(node1)', '~locked_epoch3(node1)']
785     : -00--0-0-------00---------
785     : ['~ep_epoch1(node0)', '~ep_epoch1(node1)', '~ep_epoch2(node0)', '~ep_epoch3(node1)', '~locked_epoch2(node1)', '~locked_epoch3(node0)']
784     : -0-0-00-------0--0--------
784     : ['~ep_epoch1(node0)', '~ep_epoch1(node1)', '~ep_epoch2(node1)', '~ep_epoch3(node0)', '~locked_epoch2(node0)', '~locked_epoch3(node1)']
778     : -0---000------0-0---------
778     : ['~ep_epoch1(node0)', '~ep_epoch1(node1)', '~ep_epoch2(node1)', '~ep_epoch3(node1)', '~locked_epoch2(node0)', '~locked_epoch3(node0)']
num_forall :   4
num_exists :   0
num_literals : 12
quantified form : forall NODE0,NODE1,NODE2,NODE3. ep_epoch1(NODE0) | ep_epoch1(NODE1) | ep_epoch2(NODE1) | ep_epoch3(NODE2) | locked_epoch2(NODE0) | locked_epoch3(NODE3) | ((NODE0 ~= NODE3 | NODE1 ~= NODE2 | NODE0 = NODE1) & (NODE0 ~= NODE2 | NODE1 ~= NODE3 | NODE0 = NODE1))
qcost : 16




=== Prime Orbit 340 =====================
size : 2
num_suborbits: 1
737 (*) : -00--0--00-----0----------
737     : ['~ep_epoch1(node0)', '~ep_epoch1(node1)', '~ep_epoch2(node0)', '~held(node0)', '~held(node1)', '~locked_epoch2(node1)']
738     : -0---00-00----0-----------
738     : ['~ep_epoch1(node0)', '~ep_epoch1(node1)', '~ep_epoch2(node1)', '~held(node0)', '~held(node1)', '~locked_epoch2(node0)']
num_forall :   2
num_exists :   0
num_literals : 7
quantified form : forall NODE0,NODE1. ep_epoch1(NODE0) | ep_epoch1(NODE1) | ep_epoch2(NODE0) | held(NODE0) | held(NODE1) | locked_epoch2(NODE1) | NODE0 = NODE1
qcost : 9




=== Prime Orbit 341 =====================
size : 4
num_suborbits: 2
755 (*) : -00--0--0------0-0--------
755     : ['~ep_epoch1(node0)', '~ep_epoch1(node1)', '~ep_epoch2(node0)', '~held(node0)', '~locked_epoch2(node1)', '~locked_epoch3(node1)']
746     : -00--0---0-----00---------
746     : ['~ep_epoch1(node0)', '~ep_epoch1(node1)', '~ep_epoch2(node0)', '~held(node1)', '~locked_epoch2(node1)', '~locked_epoch3(node0)']
745     : -0---00-0-----0--0--------
745     : ['~ep_epoch1(node0)', '~ep_epoch1(node1)', '~ep_epoch2(node1)', '~held(node0)', '~locked_epoch2(node0)', '~locked_epoch3(node1)']
756     : -0---00--0----0-0---------
756     : ['~ep_epoch1(node0)', '~ep_epoch1(node1)', '~ep_epoch2(node1)', '~held(node1)', '~locked_epoch2(node0)', '~locked_epoch3(node0)']
num_forall :   4
num_exists :   0
num_literals : 12
quantified form : forall NODE0,NODE1,NODE2,NODE3. ep_epoch1(NODE0) | ep_epoch1(NODE1) | ep_epoch2(NODE2) | held(NODE0) | locked_epoch2(NODE3) | locked_epoch3(NODE1) | ((NODE0 ~= NODE3 | NODE1 ~= NODE2 | NODE0 = NODE1) & (NODE0 ~= NODE2 | NODE1 ~= NODE3 | NODE0 = NODE1))
qcost : 16




=== Prime Orbit 342 =====================
size : 2
num_suborbits: 1
781 (*) : -00--0---------000--------
781     : ['~ep_epoch1(node0)', '~ep_epoch1(node1)', '~ep_epoch2(node0)', '~locked_epoch2(node1)', '~locked_epoch3(node0)', '~locked_epoch3(node1)']
780     : -0---00-------0-00--------
780     : ['~ep_epoch1(node0)', '~ep_epoch1(node1)', '~ep_epoch2(node1)', '~locked_epoch2(node0)', '~locked_epoch3(node0)', '~locked_epoch3(node1)']
num_forall :   2
num_exists :   0
num_literals : 7
quantified form : forall NODE0,NODE1. ep_epoch1(NODE0) | ep_epoch1(NODE1) | ep_epoch2(NODE1) | locked_epoch2(NODE0) | locked_epoch3(NODE0) | locked_epoch3(NODE1) | NODE0 = NODE1
qcost : 9




=== Prime Orbit 343 =====================
size : 1
num_suborbits: 1
792 (*) : -0-0-0-0------00----------
792     : ['~ep_epoch1(node0)', '~ep_epoch1(node1)', '~ep_epoch3(node0)', '~ep_epoch3(node1)', '~locked_epoch2(node0)', '~locked_epoch2(node1)']
num_forall :   0
num_exists :   1
num_literals : 3
quantified form : exists NODE0. ep_epoch1(NODE0) | ep_epoch3(NODE0) | locked_epoch2(NODE0)
qcost : 4




=== Prime Orbit 344 =====================
size : 2
num_suborbits: 1
744 (*) : -0-0-0---0----00----------
744     : ['~ep_epoch1(node0)', '~ep_epoch1(node1)', '~ep_epoch3(node0)', '~held(node1)', '~locked_epoch2(node0)', '~locked_epoch2(node1)']
743     : -0---0-00-----00----------
743     : ['~ep_epoch1(node0)', '~ep_epoch1(node1)', '~ep_epoch3(node1)', '~held(node0)', '~locked_epoch2(node0)', '~locked_epoch2(node1)']
num_forall :   2
num_exists :   0
num_literals : 7
quantified form : forall NODE0,NODE1. ep_epoch1(NODE0) | ep_epoch1(NODE1) | ep_epoch3(NODE1) | held(NODE0) | locked_epoch2(NODE0) | locked_epoch2(NODE1) | NODE0 = NODE1
qcost : 9




=== Prime Orbit 345 =====================
size : 2
num_suborbits: 1
791 (*) : -0-0-0--------00-0--------
791     : ['~ep_epoch1(node0)', '~ep_epoch1(node1)', '~ep_epoch3(node0)', '~locked_epoch2(node0)', '~locked_epoch2(node1)', '~locked_epoch3(node1)']
790     : -0---0-0------000---------
790     : ['~ep_epoch1(node0)', '~ep_epoch1(node1)', '~ep_epoch3(node1)', '~locked_epoch2(node0)', '~locked_epoch2(node1)', '~locked_epoch3(node0)']
num_forall :   2
num_exists :   0
num_literals : 7
quantified form : forall NODE0,NODE1. ep_epoch1(NODE0) | ep_epoch1(NODE1) | ep_epoch3(NODE1) | locked_epoch2(NODE0) | locked_epoch2(NODE1) | locked_epoch3(NODE0) | NODE0 = NODE1
qcost : 9




=== Prime Orbit 346 =====================
size : 1
num_suborbits: 1
739 (*) : -0---0--00----00----------
739     : ['~ep_epoch1(node0)', '~ep_epoch1(node1)', '~held(node0)', '~held(node1)', '~locked_epoch2(node0)', '~locked_epoch2(node1)']
num_forall :   0
num_exists :   1
num_literals : 3
quantified form : exists NODE0. ep_epoch1(NODE0) | held(NODE0) | locked_epoch2(NODE0)
qcost : 4




=== Prime Orbit 347 =====================
size : 1
num_suborbits: 1
735 (*) : -0---0--00--------------00
735     : ['~ep_epoch1(node0)', '~ep_epoch1(node1)', '~held(node0)', '~held(node1)', '~transfer_epoch3(node0)', '~transfer_epoch3(node1)']
num_forall :   0
num_exists :   1
num_literals : 3
quantified form : exists NODE0. ep_epoch1(NODE0) | held(NODE0) | transfer_epoch3(NODE0)
qcost : 4




=== Prime Orbit 348 =====================
size : 2
num_suborbits: 1
741 (*) : -0---0--0-----00-0--------
741     : ['~ep_epoch1(node0)', '~ep_epoch1(node1)', '~held(node0)', '~locked_epoch2(node0)', '~locked_epoch2(node1)', '~locked_epoch3(node1)']
742     : -0---0---0----000---------
742     : ['~ep_epoch1(node0)', '~ep_epoch1(node1)', '~held(node1)', '~locked_epoch2(node0)', '~locked_epoch2(node1)', '~locked_epoch3(node0)']
num_forall :   2
num_exists :   0
num_literals : 7
quantified form : forall NODE0,NODE1. ep_epoch1(NODE0) | ep_epoch1(NODE1) | held(NODE0) | locked_epoch2(NODE0) | locked_epoch2(NODE1) | locked_epoch3(NODE1) | NODE0 = NODE1
qcost : 9




=== Prime Orbit 349 =====================
size : 1
num_suborbits: 1
793 (*) : -0---0--------0000--------
793     : ['~ep_epoch1(node0)', '~ep_epoch1(node1)', '~locked_epoch2(node0)', '~locked_epoch2(node1)', '~locked_epoch3(node0)', '~locked_epoch3(node1)']
num_forall :   0
num_exists :   1
num_literals : 3
quantified form : exists NODE0. ep_epoch1(NODE0) | locked_epoch2(NODE0) | locked_epoch3(NODE0)
qcost : 4




=== Prime Orbit 350 =====================
size : 2
num_suborbits: 1
767 (*) : -0-----00----0----------00
767     : ['~ep_epoch1(node0)', '~ep_epoch3(node1)', '~held(node0)', '~locked_epoch1(node1)', '~transfer_epoch3(node0)', '~transfer_epoch3(node1)']
768     : ---0-0---0--0-----------00
768     : ['~ep_epoch1(node1)', '~ep_epoch3(node0)', '~held(node1)', '~locked_epoch1(node0)', '~transfer_epoch3(node0)', '~transfer_epoch3(node1)']
num_forall :   2
num_exists :   0
num_literals : 7
quantified form : forall NODE0,NODE1. ep_epoch1(NODE0) | ep_epoch3(NODE1) | held(NODE0) | locked_epoch1(NODE1) | transfer_epoch3(NODE0) | transfer_epoch3(NODE1) | NODE0 = NODE1
qcost : 9




=== Prime Orbit 351 =====================
size : 2
num_suborbits: 1
734 (*) : -0------00---0----------00
734     : ['~ep_epoch1(node0)', '~held(node0)', '~held(node1)', '~locked_epoch1(node1)', '~transfer_epoch3(node0)', '~transfer_epoch3(node1)']
733     : -----0--00--0-----------00
733     : ['~ep_epoch1(node1)', '~held(node0)', '~held(node1)', '~locked_epoch1(node0)', '~transfer_epoch3(node0)', '~transfer_epoch3(node1)']
num_forall :   2
num_exists :   0
num_literals : 7
quantified form : forall NODE0,NODE1. ep_epoch1(NODE0) | held(NODE0) | held(NODE1) | locked_epoch1(NODE1) | transfer_epoch3(NODE0) | transfer_epoch3(NODE1) | NODE0 = NODE1
qcost : 9




=== Prime Orbit 352 =====================
size : 2
num_suborbits: 1
765 (*) : -0------0----0---0------00
765     : ['~ep_epoch1(node0)', '~held(node0)', '~locked_epoch1(node1)', '~locked_epoch3(node1)', '~transfer_epoch3(node0)', '~transfer_epoch3(node1)']
766     : -----0---0--0---0-------00
766     : ['~ep_epoch1(node1)', '~held(node1)', '~locked_epoch1(node0)', '~locked_epoch3(node0)', '~transfer_epoch3(node0)', '~transfer_epoch3(node1)']
num_forall :   2
num_exists :   0
num_literals : 7
quantified form : forall NODE0,NODE1. ep_epoch1(NODE0) | held(NODE0) | locked_epoch1(NODE1) | locked_epoch3(NODE1) | transfer_epoch3(NODE0) | transfer_epoch3(NODE1) | NODE0 = NODE1
qcost : 9




=== Prime Orbit 353 =====================
size : 1
num_suborbits: 1
730 (*) : --------00------------0000
730     : ['~held(node0)', '~held(node1)', '~transfer_epoch2(node0)', '~transfer_epoch2(node1)', '~transfer_epoch3(node0)', '~transfer_epoch3(node1)']
num_forall :   0
num_exists :   1
num_literals : 3
quantified form : exists NODE0. held(NODE0) | transfer_epoch2(NODE0) | transfer_epoch3(NODE0)
qcost : 4




=== Prime Orbit 354 =====================
size : 2
num_suborbits: 1
803 (*) : 0-000----0--------------00
803     : ['~ep_epoch0(node0)', '~ep_epoch0(node1)', '~ep_epoch2(node0)', '~ep_epoch3(node0)', '~held(node1)', '~transfer_epoch3(node0)', '~transfer_epoch3(node1)']
804     : 0---0-000---------------00
804     : ['~ep_epoch0(node0)', '~ep_epoch0(node1)', '~ep_epoch2(node1)', '~ep_epoch3(node1)', '~held(node0)', '~transfer_epoch3(node0)', '~transfer_epoch3(node1)']
num_forall :   2
num_exists :   0
num_literals : 8
quantified form : forall NODE0,NODE1. ep_epoch0(NODE0) | ep_epoch0(NODE1) | ep_epoch2(NODE0) | ep_epoch3(NODE0) | held(NODE1) | transfer_epoch3(NODE0) | transfer_epoch3(NODE1) | NODE0 = NODE1
qcost : 10




=== Prime Orbit 355 =====================
size : 2
num_suborbits: 1
805 (*) : 0-0-0----0------0-------00
805     : ['~ep_epoch0(node0)', '~ep_epoch0(node1)', '~ep_epoch2(node0)', '~held(node1)', '~locked_epoch3(node0)', '~transfer_epoch3(node0)', '~transfer_epoch3(node1)']
806     : 0---0-0-0--------0------00
806     : ['~ep_epoch0(node0)', '~ep_epoch0(node1)', '~ep_epoch2(node1)', '~held(node0)', '~locked_epoch3(node1)', '~transfer_epoch3(node0)', '~transfer_epoch3(node1)']
num_forall :   2
num_exists :   0
num_literals : 8
quantified form : forall NODE0,NODE1. ep_epoch0(NODE0) | ep_epoch0(NODE1) | ep_epoch2(NODE0) | held(NODE1) | locked_epoch3(NODE0) | transfer_epoch3(NODE0) | transfer_epoch3(NODE1) | NODE0 = NODE1
qcost : 10




=== Prime Orbit 356 =====================
size : 2
num_suborbits: 1
807 (*) : 0--00----0----0---------00
807     : ['~ep_epoch0(node0)', '~ep_epoch0(node1)', '~ep_epoch3(node0)', '~held(node1)', '~locked_epoch2(node0)', '~transfer_epoch3(node0)', '~transfer_epoch3(node1)']
808     : 0---0--00------0--------00
808     : ['~ep_epoch0(node0)', '~ep_epoch0(node1)', '~ep_epoch3(node1)', '~held(node0)', '~locked_epoch2(node1)', '~transfer_epoch3(node0)', '~transfer_epoch3(node1)']
num_forall :   2
num_exists :   0
num_literals : 8
quantified form : forall NODE0,NODE1. ep_epoch0(NODE0) | ep_epoch0(NODE1) | ep_epoch3(NODE0) | held(NODE1) | locked_epoch2(NODE0) | transfer_epoch3(NODE0) | transfer_epoch3(NODE1) | NODE0 = NODE1
qcost : 10




=== Prime Orbit 357 =====================
size : 2
num_suborbits: 1
810 (*) : 0---0---0------0-0------00
810     : ['~ep_epoch0(node0)', '~ep_epoch0(node1)', '~held(node0)', '~locked_epoch2(node1)', '~locked_epoch3(node1)', '~transfer_epoch3(node0)', '~transfer_epoch3(node1)']
809     : 0---0----0----0-0-------00
809     : ['~ep_epoch0(node0)', '~ep_epoch0(node1)', '~held(node1)', '~locked_epoch2(node0)', '~locked_epoch3(node0)', '~transfer_epoch3(node0)', '~transfer_epoch3(node1)']
num_forall :   2
num_exists :   0
num_literals : 8
quantified form : forall NODE0,NODE1. ep_epoch0(NODE0) | ep_epoch0(NODE1) | held(NODE1) | locked_epoch2(NODE0) | locked_epoch3(NODE0) | transfer_epoch3(NODE0) | transfer_epoch3(NODE1) | NODE0 = NODE1
qcost : 10




=== Prime Orbit 358 =====================
size : 2
num_suborbits: 1
798 (*) : -000-0---0--------------00
798     : ['~ep_epoch1(node0)', '~ep_epoch1(node1)', '~ep_epoch2(node0)', '~ep_epoch3(node0)', '~held(node1)', '~transfer_epoch3(node0)', '~transfer_epoch3(node1)']
797     : -0---0000---------------00
797     : ['~ep_epoch1(node0)', '~ep_epoch1(node1)', '~ep_epoch2(node1)', '~ep_epoch3(node1)', '~held(node0)', '~transfer_epoch3(node0)', '~transfer_epoch3(node1)']
num_forall :   2
num_exists :   0
num_literals : 8
quantified form : forall NODE0,NODE1. ep_epoch1(NODE0) | ep_epoch1(NODE1) | ep_epoch2(NODE1) | ep_epoch3(NODE1) | held(NODE0) | transfer_epoch3(NODE0) | transfer_epoch3(NODE1) | NODE0 = NODE1
qcost : 10




=== Prime Orbit 359 =====================
size : 2
num_suborbits: 1
796 (*) : -00--0---0------0-------00
796     : ['~ep_epoch1(node0)', '~ep_epoch1(node1)', '~ep_epoch2(node0)', '~held(node1)', '~locked_epoch3(node0)', '~transfer_epoch3(node0)', '~transfer_epoch3(node1)']
795     : -0---00-0--------0------00
795     : ['~ep_epoch1(node0)', '~ep_epoch1(node1)', '~ep_epoch2(node1)', '~held(node0)', '~locked_epoch3(node1)', '~transfer_epoch3(node0)', '~transfer_epoch3(node1)']
num_forall :   2
num_exists :   0
num_literals : 8
quantified form : forall NODE0,NODE1. ep_epoch1(NODE0) | ep_epoch1(NODE1) | ep_epoch2(NODE1) | held(NODE0) | locked_epoch3(NODE1) | transfer_epoch3(NODE0) | transfer_epoch3(NODE1) | NODE0 = NODE1
qcost : 10




=== Prime Orbit 360 =====================
size : 2
num_suborbits: 1
799 (*) : -0-0-0---0----0---------00
799     : ['~ep_epoch1(node0)', '~ep_epoch1(node1)', '~ep_epoch3(node0)', '~held(node1)', '~locked_epoch2(node0)', '~transfer_epoch3(node0)', '~transfer_epoch3(node1)']
800     : -0---0-00------0--------00
800     : ['~ep_epoch1(node0)', '~ep_epoch1(node1)', '~ep_epoch3(node1)', '~held(node0)', '~locked_epoch2(node1)', '~transfer_epoch3(node0)', '~transfer_epoch3(node1)']
num_forall :   2
num_exists :   0
num_literals : 8
quantified form : forall NODE0,NODE1. ep_epoch1(NODE0) | ep_epoch1(NODE1) | ep_epoch3(NODE0) | held(NODE1) | locked_epoch2(NODE0) | transfer_epoch3(NODE0) | transfer_epoch3(NODE1) | NODE0 = NODE1
qcost : 10




=== Prime Orbit 361 =====================
size : 2
num_suborbits: 1
802 (*) : -0---0--0------0-0------00
802     : ['~ep_epoch1(node0)', '~ep_epoch1(node1)', '~held(node0)', '~locked_epoch2(node1)', '~locked_epoch3(node1)', '~transfer_epoch3(node0)', '~transfer_epoch3(node1)']
801     : -0---0---0----0-0-------00
801     : ['~ep_epoch1(node0)', '~ep_epoch1(node1)', '~held(node1)', '~locked_epoch2(node0)', '~locked_epoch3(node0)', '~transfer_epoch3(node0)', '~transfer_epoch3(node1)']
num_forall :   2
num_exists :   0
num_literals : 8
quantified form : forall NODE0,NODE1. ep_epoch1(NODE0) | ep_epoch1(NODE1) | held(NODE1) | locked_epoch2(NODE0) | locked_epoch3(NODE0) | transfer_epoch3(NODE0) | transfer_epoch3(NODE1) | NODE0 = NODE1
qcost : 10




=== Prime Orbit 362 =====================
size : 2
num_suborbits: 1
843 (*) : -1----000-------------0000
843     : ['ep_epoch1(node0)', '~ep_epoch2(node1)', '~ep_epoch3(node1)', '~held(node0)', '~transfer_epoch2(node0)', '~transfer_epoch2(node1)', '~transfer_epoch3(node0)', '~transfer_epoch3(node1)']
844     : --00-1---0------------0000
844     : ['ep_epoch1(node1)', '~ep_epoch2(node0)', '~ep_epoch3(node0)', '~held(node1)', '~transfer_epoch2(node0)', '~transfer_epoch2(node1)', '~transfer_epoch3(node0)', '~transfer_epoch3(node1)']
num_forall :   2
num_exists :   0
num_literals : 9
quantified form : forall NODE0,NODE1. ~ep_epoch1(NODE0) | ep_epoch2(NODE1) | ep_epoch3(NODE1) | held(NODE0) | transfer_epoch2(NODE0) | transfer_epoch2(NODE1) | transfer_epoch3(NODE0) | transfer_epoch3(NODE1) | NODE0 = NODE1
qcost : 11




=== Prime Orbit 363 =====================
size : 2
num_suborbits: 1
845 (*) : -1----0-0--------0----0000
845     : ['ep_epoch1(node0)', '~ep_epoch2(node1)', '~held(node0)', '~locked_epoch3(node1)', '~transfer_epoch2(node0)', '~transfer_epoch2(node1)', '~transfer_epoch3(node0)', '~transfer_epoch3(node1)']
846     : --0--1---0------0-----0000
846     : ['ep_epoch1(node1)', '~ep_epoch2(node0)', '~held(node1)', '~locked_epoch3(node0)', '~transfer_epoch2(node0)', '~transfer_epoch2(node1)', '~transfer_epoch3(node0)', '~transfer_epoch3(node1)']
num_forall :   2
num_exists :   0
num_literals : 9
quantified form : forall NODE0,NODE1. ~ep_epoch1(NODE0) | ep_epoch2(NODE1) | held(NODE0) | locked_epoch3(NODE1) | transfer_epoch2(NODE0) | transfer_epoch2(NODE1) | transfer_epoch3(NODE0) | transfer_epoch3(NODE1) | NODE0 = NODE1
qcost : 11




=== Prime Orbit 364 =====================
size : 2
num_suborbits: 1
847 (*) : -1-----00------0------0000
847     : ['ep_epoch1(node0)', '~ep_epoch3(node1)', '~held(node0)', '~locked_epoch2(node1)', '~transfer_epoch2(node0)', '~transfer_epoch2(node1)', '~transfer_epoch3(node0)', '~transfer_epoch3(node1)']
848     : ---0-1---0----0-------0000
848     : ['ep_epoch1(node1)', '~ep_epoch3(node0)', '~held(node1)', '~locked_epoch2(node0)', '~transfer_epoch2(node0)', '~transfer_epoch2(node1)', '~transfer_epoch3(node0)', '~transfer_epoch3(node1)']
num_forall :   2
num_exists :   0
num_literals : 9
quantified form : forall NODE0,NODE1. ~ep_epoch1(NODE0) | ep_epoch3(NODE1) | held(NODE0) | locked_epoch2(NODE1) | transfer_epoch2(NODE0) | transfer_epoch2(NODE1) | transfer_epoch3(NODE0) | transfer_epoch3(NODE1) | NODE0 = NODE1
qcost : 11




=== Prime Orbit 365 =====================
size : 2
num_suborbits: 1
849 (*) : -1------0------0-0----0000
849     : ['ep_epoch1(node0)', '~held(node0)', '~locked_epoch2(node1)', '~locked_epoch3(node1)', '~transfer_epoch2(node0)', '~transfer_epoch2(node1)', '~transfer_epoch3(node0)', '~transfer_epoch3(node1)']
850     : -----1---0----0-0-----0000
850     : ['ep_epoch1(node1)', '~held(node1)', '~locked_epoch2(node0)', '~locked_epoch3(node0)', '~transfer_epoch2(node0)', '~transfer_epoch2(node1)', '~transfer_epoch3(node0)', '~transfer_epoch3(node1)']
num_forall :   2
num_exists :   0
num_literals : 9
quantified form : forall NODE0,NODE1. ~ep_epoch1(NODE0) | held(NODE0) | locked_epoch2(NODE1) | locked_epoch3(NODE1) | transfer_epoch2(NODE0) | transfer_epoch2(NODE1) | transfer_epoch3(NODE0) | transfer_epoch3(NODE1) | NODE0 = NODE1
qcost : 11




=== Prime Orbit 366 =====================
size : 2
num_suborbits: 1
818 (*) : ------000---1---------0000
818     : ['locked_epoch1(node0)', '~ep_epoch2(node1)', '~ep_epoch3(node1)', '~held(node0)', '~transfer_epoch2(node0)', '~transfer_epoch2(node1)', '~transfer_epoch3(node0)', '~transfer_epoch3(node1)']
817     : --00-----0---1--------0000
817     : ['locked_epoch1(node1)', '~ep_epoch2(node0)', '~ep_epoch3(node0)', '~held(node1)', '~transfer_epoch2(node0)', '~transfer_epoch2(node1)', '~transfer_epoch3(node0)', '~transfer_epoch3(node1)']
num_forall :   2
num_exists :   0
num_literals : 9
quantified form : forall NODE0,NODE1. ~locked_epoch1(NODE0) | ep_epoch2(NODE1) | ep_epoch3(NODE1) | held(NODE0) | transfer_epoch2(NODE0) | transfer_epoch2(NODE1) | transfer_epoch3(NODE0) | transfer_epoch3(NODE1) | NODE0 = NODE1
qcost : 11




=== Prime Orbit 367 =====================
size : 2
num_suborbits: 1
814 (*) : ------0-0---1----0----0000
814     : ['locked_epoch1(node0)', '~ep_epoch2(node1)', '~held(node0)', '~locked_epoch3(node1)', '~transfer_epoch2(node0)', '~transfer_epoch2(node1)', '~transfer_epoch3(node0)', '~transfer_epoch3(node1)']
813     : --0------0---1--0-----0000
813     : ['locked_epoch1(node1)', '~ep_epoch2(node0)', '~held(node1)', '~locked_epoch3(node0)', '~transfer_epoch2(node0)', '~transfer_epoch2(node1)', '~transfer_epoch3(node0)', '~transfer_epoch3(node1)']
num_forall :   2
num_exists :   0
num_literals : 9
quantified form : forall NODE0,NODE1. ~locked_epoch1(NODE0) | ep_epoch2(NODE1) | held(NODE0) | locked_epoch3(NODE1) | transfer_epoch2(NODE0) | transfer_epoch2(NODE1) | transfer_epoch3(NODE0) | transfer_epoch3(NODE1) | NODE0 = NODE1
qcost : 11




=== Prime Orbit 368 =====================
size : 2
num_suborbits: 1
816 (*) : -------00---1--0------0000
816     : ['locked_epoch1(node0)', '~ep_epoch3(node1)', '~held(node0)', '~locked_epoch2(node1)', '~transfer_epoch2(node0)', '~transfer_epoch2(node1)', '~transfer_epoch3(node0)', '~transfer_epoch3(node1)']
815     : ---0-----0---10-------0000
815     : ['locked_epoch1(node1)', '~ep_epoch3(node0)', '~held(node1)', '~locked_epoch2(node0)', '~transfer_epoch2(node0)', '~transfer_epoch2(node1)', '~transfer_epoch3(node0)', '~transfer_epoch3(node1)']
num_forall :   2
num_exists :   0
num_literals : 9
quantified form : forall NODE0,NODE1. ~locked_epoch1(NODE0) | ep_epoch3(NODE1) | held(NODE0) | locked_epoch2(NODE1) | transfer_epoch2(NODE0) | transfer_epoch2(NODE1) | transfer_epoch3(NODE0) | transfer_epoch3(NODE1) | NODE0 = NODE1
qcost : 11




=== Prime Orbit 369 =====================
size : 2
num_suborbits: 1
812 (*) : --------0---1--0-0----0000
812     : ['locked_epoch1(node0)', '~held(node0)', '~locked_epoch2(node1)', '~locked_epoch3(node1)', '~transfer_epoch2(node0)', '~transfer_epoch2(node1)', '~transfer_epoch3(node0)', '~transfer_epoch3(node1)']
811     : ---------0---10-0-----0000
811     : ['locked_epoch1(node1)', '~held(node1)', '~locked_epoch2(node0)', '~locked_epoch3(node0)', '~transfer_epoch2(node0)', '~transfer_epoch2(node1)', '~transfer_epoch3(node0)', '~transfer_epoch3(node1)']
num_forall :   2
num_exists :   0
num_literals : 9
quantified form : forall NODE0,NODE1. ~locked_epoch1(NODE0) | held(NODE0) | locked_epoch2(NODE1) | locked_epoch3(NODE1) | transfer_epoch2(NODE0) | transfer_epoch2(NODE1) | transfer_epoch3(NODE0) | transfer_epoch3(NODE1) | NODE0 = NODE1
qcost : 11




=== Prime Orbit 370 =====================
size : 2
num_suborbits: 1
832 (*) : 0-----000-------------0000
832     : ['~ep_epoch0(node0)', '~ep_epoch2(node1)', '~ep_epoch3(node1)', '~held(node0)', '~transfer_epoch2(node0)', '~transfer_epoch2(node1)', '~transfer_epoch3(node0)', '~transfer_epoch3(node1)']
831     : --000----0------------0000
831     : ['~ep_epoch0(node1)', '~ep_epoch2(node0)', '~ep_epoch3(node0)', '~held(node1)', '~transfer_epoch2(node0)', '~transfer_epoch2(node1)', '~transfer_epoch3(node0)', '~transfer_epoch3(node1)']
num_forall :   2
num_exists :   0
num_literals : 9
quantified form : forall NODE0,NODE1. ep_epoch0(NODE0) | ep_epoch2(NODE1) | ep_epoch3(NODE1) | held(NODE0) | transfer_epoch2(NODE0) | transfer_epoch2(NODE1) | transfer_epoch3(NODE0) | transfer_epoch3(NODE1) | NODE0 = NODE1
qcost : 11




=== Prime Orbit 371 =====================
size : 2
num_suborbits: 1
838 (*) : 0-----0-0--------0----0000
838     : ['~ep_epoch0(node0)', '~ep_epoch2(node1)', '~held(node0)', '~locked_epoch3(node1)', '~transfer_epoch2(node0)', '~transfer_epoch2(node1)', '~transfer_epoch3(node0)', '~transfer_epoch3(node1)']
837     : --0-0----0------0-----0000
837     : ['~ep_epoch0(node1)', '~ep_epoch2(node0)', '~held(node1)', '~locked_epoch3(node0)', '~transfer_epoch2(node0)', '~transfer_epoch2(node1)', '~transfer_epoch3(node0)', '~transfer_epoch3(node1)']
num_forall :   2
num_exists :   0
num_literals : 9
quantified form : forall NODE0,NODE1. ep_epoch0(NODE0) | ep_epoch2(NODE1) | held(NODE0) | locked_epoch3(NODE1) | transfer_epoch2(NODE0) | transfer_epoch2(NODE1) | transfer_epoch3(NODE0) | transfer_epoch3(NODE1) | NODE0 = NODE1
qcost : 11




=== Prime Orbit 372 =====================
size : 2
num_suborbits: 1
826 (*) : 0------00------0------0000
826     : ['~ep_epoch0(node0)', '~ep_epoch3(node1)', '~held(node0)', '~locked_epoch2(node1)', '~transfer_epoch2(node0)', '~transfer_epoch2(node1)', '~transfer_epoch3(node0)', '~transfer_epoch3(node1)']
825     : ---00----0----0-------0000
825     : ['~ep_epoch0(node1)', '~ep_epoch3(node0)', '~held(node1)', '~locked_epoch2(node0)', '~transfer_epoch2(node0)', '~transfer_epoch2(node1)', '~transfer_epoch3(node0)', '~transfer_epoch3(node1)']
num_forall :   2
num_exists :   0
num_literals : 9
quantified form : forall NODE0,NODE1. ep_epoch0(NODE0) | ep_epoch3(NODE1) | held(NODE0) | locked_epoch2(NODE1) | transfer_epoch2(NODE0) | transfer_epoch2(NODE1) | transfer_epoch3(NODE0) | transfer_epoch3(NODE1) | NODE0 = NODE1
qcost : 11




=== Prime Orbit 373 =====================
size : 2
num_suborbits: 1
822 (*) : 0-------0------0-0----0000
822     : ['~ep_epoch0(node0)', '~held(node0)', '~locked_epoch2(node1)', '~locked_epoch3(node1)', '~transfer_epoch2(node0)', '~transfer_epoch2(node1)', '~transfer_epoch3(node0)', '~transfer_epoch3(node1)']
821     : ----0----0----0-0-----0000
821     : ['~ep_epoch0(node1)', '~held(node1)', '~locked_epoch2(node0)', '~locked_epoch3(node0)', '~transfer_epoch2(node0)', '~transfer_epoch2(node1)', '~transfer_epoch3(node0)', '~transfer_epoch3(node1)']
num_forall :   2
num_exists :   0
num_literals : 9
quantified form : forall NODE0,NODE1. ep_epoch0(NODE0) | held(NODE0) | locked_epoch2(NODE1) | locked_epoch3(NODE1) | transfer_epoch2(NODE0) | transfer_epoch2(NODE1) | transfer_epoch3(NODE0) | transfer_epoch3(NODE1) | NODE0 = NODE1
qcost : 11




=== Prime Orbit 374 =====================
size : 2
num_suborbits: 1
835 (*) : -000-----0------------0000
835     : ['~ep_epoch1(node0)', '~ep_epoch2(node0)', '~ep_epoch3(node0)', '~held(node1)', '~transfer_epoch2(node0)', '~transfer_epoch2(node1)', '~transfer_epoch3(node0)', '~transfer_epoch3(node1)']
836     : -----0000-------------0000
836     : ['~ep_epoch1(node1)', '~ep_epoch2(node1)', '~ep_epoch3(node1)', '~held(node0)', '~transfer_epoch2(node0)', '~transfer_epoch2(node1)', '~transfer_epoch3(node0)', '~transfer_epoch3(node1)']
num_forall :   2
num_exists :   0
num_literals : 9
quantified form : forall NODE0,NODE1. ep_epoch1(NODE0) | ep_epoch2(NODE0) | ep_epoch3(NODE0) | held(NODE1) | transfer_epoch2(NODE0) | transfer_epoch2(NODE1) | transfer_epoch3(NODE0) | transfer_epoch3(NODE1) | NODE0 = NODE1
qcost : 11




=== Prime Orbit 375 =====================
size : 2
num_suborbits: 1
841 (*) : -00------0------0-----0000
841     : ['~ep_epoch1(node0)', '~ep_epoch2(node0)', '~held(node1)', '~locked_epoch3(node0)', '~transfer_epoch2(node0)', '~transfer_epoch2(node1)', '~transfer_epoch3(node0)', '~transfer_epoch3(node1)']
842     : -----00-0--------0----0000
842     : ['~ep_epoch1(node1)', '~ep_epoch2(node1)', '~held(node0)', '~locked_epoch3(node1)', '~transfer_epoch2(node0)', '~transfer_epoch2(node1)', '~transfer_epoch3(node0)', '~transfer_epoch3(node1)']
num_forall :   2
num_exists :   0
num_literals : 9
quantified form : forall NODE0,NODE1. ep_epoch1(NODE0) | ep_epoch2(NODE0) | held(NODE1) | locked_epoch3(NODE0) | transfer_epoch2(NODE0) | transfer_epoch2(NODE1) | transfer_epoch3(NODE0) | transfer_epoch3(NODE1) | NODE0 = NODE1
qcost : 11




=== Prime Orbit 376 =====================
size : 2
num_suborbits: 1
829 (*) : -0-0-----0----0-------0000
829     : ['~ep_epoch1(node0)', '~ep_epoch3(node0)', '~held(node1)', '~locked_epoch2(node0)', '~transfer_epoch2(node0)', '~transfer_epoch2(node1)', '~transfer_epoch3(node0)', '~transfer_epoch3(node1)']
830     : -----0-00------0------0000
830     : ['~ep_epoch1(node1)', '~ep_epoch3(node1)', '~held(node0)', '~locked_epoch2(node1)', '~transfer_epoch2(node0)', '~transfer_epoch2(node1)', '~transfer_epoch3(node0)', '~transfer_epoch3(node1)']
num_forall :   2
num_exists :   0
num_literals : 9
quantified form : forall NODE0,NODE1. ep_epoch1(NODE0) | ep_epoch3(NODE0) | held(NODE1) | locked_epoch2(NODE0) | transfer_epoch2(NODE0) | transfer_epoch2(NODE1) | transfer_epoch3(NODE0) | transfer_epoch3(NODE1) | NODE0 = NODE1
qcost : 11




=== Prime Orbit 377 =====================
size : 2
num_suborbits: 1
819 (*) : -0-------0----0-0-----0000
819     : ['~ep_epoch1(node0)', '~held(node1)', '~locked_epoch2(node0)', '~locked_epoch3(node0)', '~transfer_epoch2(node0)', '~transfer_epoch2(node1)', '~transfer_epoch3(node0)', '~transfer_epoch3(node1)']
820     : -----0--0------0-0----0000
820     : ['~ep_epoch1(node1)', '~held(node0)', '~locked_epoch2(node1)', '~locked_epoch3(node1)', '~transfer_epoch2(node0)', '~transfer_epoch2(node1)', '~transfer_epoch3(node0)', '~transfer_epoch3(node1)']
num_forall :   2
num_exists :   0
num_literals : 9
quantified form : forall NODE0,NODE1. ep_epoch1(NODE0) | held(NODE1) | locked_epoch2(NODE0) | locked_epoch3(NODE0) | transfer_epoch2(NODE0) | transfer_epoch2(NODE1) | transfer_epoch3(NODE0) | transfer_epoch3(NODE1) | NODE0 = NODE1
qcost : 11




=== Prime Orbit 378 =====================
size : 2
num_suborbits: 1
833 (*) : --00-----0--0---------0000
833     : ['~ep_epoch2(node0)', '~ep_epoch3(node0)', '~held(node1)', '~locked_epoch1(node0)', '~transfer_epoch2(node0)', '~transfer_epoch2(node1)', '~transfer_epoch3(node0)', '~transfer_epoch3(node1)']
834     : ------000----0--------0000
834     : ['~ep_epoch2(node1)', '~ep_epoch3(node1)', '~held(node0)', '~locked_epoch1(node1)', '~transfer_epoch2(node0)', '~transfer_epoch2(node1)', '~transfer_epoch3(node0)', '~transfer_epoch3(node1)']
num_forall :   2
num_exists :   0
num_literals : 9
quantified form : forall NODE0,NODE1. ep_epoch2(NODE0) | ep_epoch3(NODE0) | held(NODE1) | locked_epoch1(NODE0) | transfer_epoch2(NODE0) | transfer_epoch2(NODE1) | transfer_epoch3(NODE0) | transfer_epoch3(NODE1) | NODE0 = NODE1
qcost : 11




=== Prime Orbit 379 =====================
size : 2
num_suborbits: 1
839 (*) : --0------0--0---0-----0000
839     : ['~ep_epoch2(node0)', '~held(node1)', '~locked_epoch1(node0)', '~locked_epoch3(node0)', '~transfer_epoch2(node0)', '~transfer_epoch2(node1)', '~transfer_epoch3(node0)', '~transfer_epoch3(node1)']
840     : ------0-0----0---0----0000
840     : ['~ep_epoch2(node1)', '~held(node0)', '~locked_epoch1(node1)', '~locked_epoch3(node1)', '~transfer_epoch2(node0)', '~transfer_epoch2(node1)', '~transfer_epoch3(node0)', '~transfer_epoch3(node1)']
num_forall :   2
num_exists :   0
num_literals : 9
quantified form : forall NODE0,NODE1. ep_epoch2(NODE0) | held(NODE1) | locked_epoch1(NODE0) | locked_epoch3(NODE0) | transfer_epoch2(NODE0) | transfer_epoch2(NODE1) | transfer_epoch3(NODE0) | transfer_epoch3(NODE1) | NODE0 = NODE1
qcost : 11




=== Prime Orbit 380 =====================
size : 2
num_suborbits: 1
827 (*) : ---0-----0--0-0-------0000
827     : ['~ep_epoch3(node0)', '~held(node1)', '~locked_epoch1(node0)', '~locked_epoch2(node0)', '~transfer_epoch2(node0)', '~transfer_epoch2(node1)', '~transfer_epoch3(node0)', '~transfer_epoch3(node1)']
828     : -------00----0-0------0000
828     : ['~ep_epoch3(node1)', '~held(node0)', '~locked_epoch1(node1)', '~locked_epoch2(node1)', '~transfer_epoch2(node0)', '~transfer_epoch2(node1)', '~transfer_epoch3(node0)', '~transfer_epoch3(node1)']
num_forall :   2
num_exists :   0
num_literals : 9
quantified form : forall NODE0,NODE1. ep_epoch3(NODE0) | held(NODE1) | locked_epoch1(NODE0) | locked_epoch2(NODE0) | transfer_epoch2(NODE0) | transfer_epoch2(NODE1) | transfer_epoch3(NODE0) | transfer_epoch3(NODE1) | NODE0 = NODE1
qcost : 11




=== Prime Orbit 381 =====================
size : 2
num_suborbits: 1
824 (*) : --------0----0-0-0----0000
824     : ['~held(node0)', '~locked_epoch1(node1)', '~locked_epoch2(node1)', '~locked_epoch3(node1)', '~transfer_epoch2(node0)', '~transfer_epoch2(node1)', '~transfer_epoch3(node0)', '~transfer_epoch3(node1)']
823     : ---------0--0-0-0-----0000
823     : ['~held(node1)', '~locked_epoch1(node0)', '~locked_epoch2(node0)', '~locked_epoch3(node0)', '~transfer_epoch2(node0)', '~transfer_epoch2(node1)', '~transfer_epoch3(node0)', '~transfer_epoch3(node1)']
num_forall :   2
num_exists :   0
num_literals : 9
quantified form : forall NODE0,NODE1. held(NODE0) | locked_epoch1(NODE1) | locked_epoch2(NODE1) | locked_epoch3(NODE1) | transfer_epoch2(NODE0) | transfer_epoch2(NODE1) | transfer_epoch3(NODE0) | transfer_epoch3(NODE1) | NODE0 = NODE1
qcost : 11



[QRM NOTE]: Time elapsed since start: 23.703 seconds

[QRM NOTE]: Time elapsed since last: 17.262 seconds

[QRM NOTE]: Peak memory: 3718248 bytes


===============================================================================================

	[MIN]: Minimization on [ivybench/total/ivy/distributed_lock.ivy: node=2,epoch=4]

===============================================================================================


==============================================================================================================

	[MIN RESULT]: Minimized Invariants on [ivybench/total/ivy/distributed_lock.ivy: node=2,epoch=4]

==============================================================================================================

[MIN NOTE]: number of minimal solution found: 1

[MIN NOTE]: upper bound: 0

[MIN NOTE]: maximum branch and bound depth: 25

[MIN NOTE]: number of definitions: 0

[MIN NOTE]: number of equality relations: 1

invariant [eq_0] forall NODE,EPOCH. locked(EPOCH,NODE) = transfer(EPOCH,NODE) # equivalence relation, qcost: 4

[MIN NOTE]: Solution 0 : [0, 1, 34, 35, 33, 43, 44, 45, 46, 2, 6, 7, 8, 9, 11, 14, 15, 16, 18, 20, 21, 22, 23, 24, 25, 27, 28, 29, 30, 31, 48, 253, 256, 290]

[MIN NOTE]: solution length: 34

invariant [invar_0] forall NODE0. ~locked_epoch0(NODE0) # qcost: 2

invariant [invar_1] forall NODE0. ~transfer_epoch1(NODE0) # qcost: 2

invariant [invar_34] forall NODE0,NODE1. ~held(NODE0) | ~transfer_epoch3(NODE1) # qcost: 4

invariant [invar_35] exists NODE0. ~locked_epoch1(NODE0) # qcost: 2

invariant [invar_33] forall NODE0,NODE1. ~held(NODE0) | ~transfer_epoch2(NODE1) # qcost: 4

invariant [invar_43] exists NODE0. ~transfer_epoch2(NODE0) # qcost: 2

invariant [invar_44] forall NODE0,NODE1. ~transfer_epoch2(NODE0) | ~transfer_epoch3(NODE1) # qcost: 4

invariant [invar_45] exists NODE0. ~transfer_epoch3(NODE0) # qcost: 2

invariant [invar_46] exists NODE0. locked_epoch1(NODE0) # qcost: 2

invariant [invar_2] exists NODE0. ~ep_epoch0(NODE0) # qcost: 2

invariant [invar_6] forall NODE0. ~ep_epoch0(NODE0) | ~held(NODE0) # qcost: 3

invariant [invar_7] forall NODE0. ~ep_epoch0(NODE0) | ~locked_epoch1(NODE0) # qcost: 3

invariant [invar_8] forall NODE0. ~ep_epoch0(NODE0) | ~locked_epoch2(NODE0) # qcost: 3

invariant [invar_9] forall NODE0. ~ep_epoch0(NODE0) | ~locked_epoch3(NODE0) # qcost: 3

invariant [invar_11] exists NODE0. ~ep_epoch1(NODE0) # qcost: 2

invariant [invar_14] forall NODE0,NODE1. ~ep_epoch1(NODE0) | ~locked_epoch1(NODE1) | NODE0 = NODE1 # qcost: 5

invariant [invar_15] forall NODE0. ~ep_epoch1(NODE0) | ~locked_epoch2(NODE0) # qcost: 3

invariant [invar_16] forall NODE0. ~ep_epoch1(NODE0) | ~locked_epoch3(NODE0) # qcost: 3

invariant [invar_18] exists NODE0. ~ep_epoch2(NODE0) # qcost: 2

invariant [invar_20] forall NODE0,NODE1. ~ep_epoch2(NODE0) | ~locked_epoch2(NODE1) | NODE0 = NODE1 # qcost: 5

invariant [invar_21] forall NODE0. ~ep_epoch2(NODE0) | ~locked_epoch3(NODE0) # qcost: 3

invariant [invar_22] forall NODE0,NODE1. ~ep_epoch2(NODE0) | ~transfer_epoch2(NODE1) # qcost: 4

invariant [invar_23] forall NODE0. ~ep_epoch2(NODE0) | locked_epoch2(NODE0) # qcost: 3

invariant [invar_24] exists NODE0. ~ep_epoch3(NODE0) # qcost: 2

invariant [invar_25] forall NODE0,NODE1. ~ep_epoch3(NODE0) | ~held(NODE1) | NODE0 = NODE1 # qcost: 5

invariant [invar_27] forall NODE0,NODE1. ~ep_epoch3(NODE0) | ~transfer_epoch2(NODE1) # qcost: 4

invariant [invar_28] forall NODE0,NODE1. ~ep_epoch3(NODE0) | ~transfer_epoch3(NODE1) # qcost: 4

invariant [invar_29] forall NODE0. ~ep_epoch3(NODE0) | held(NODE0) # qcost: 3

invariant [invar_30] forall NODE0. ~ep_epoch3(NODE0) | locked_epoch3(NODE0) # qcost: 3

invariant [invar_31] exists NODE0. ~held(NODE0) # qcost: 2

invariant [invar_48] forall NODE0,NODE1. ~ep_epoch1(NODE0) | ~ep_epoch2(NODE1) | ~held(NODE0) | NODE0 = NODE1 # qcost: 6

invariant [invar_253] forall NODE0,NODE1. ~ep_epoch0(NODE0) | ~ep_epoch2(NODE1) | held(NODE1) | transfer_epoch3(NODE0) | transfer_epoch3(NODE1) | NODE0 = NODE1 # qcost: 8

invariant [invar_256] forall NODE0,NODE1. ~ep_epoch1(NODE0) | ~ep_epoch2(NODE1) | held(NODE1) | transfer_epoch3(NODE0) | transfer_epoch3(NODE1) | NODE0 = NODE1 # qcost: 8

invariant [invar_290] forall NODE0,NODE1. ~ep_epoch0(NODE0) | held(NODE1) | transfer_epoch2(NODE0) | transfer_epoch2(NODE1) | transfer_epoch3(NODE0) | transfer_epoch3(NODE1) | NODE0 = NODE1 # qcost: 9

[MIN NOTE]: number of total invariants: 35

[MIN NOTE]: total qCost: 4




[QRM NOTE]: Time elapsed since start: 34.763 seconds

[QRM NOTE]: Time elapsed since last: 11.059 seconds

[QRM NOTE]: Peak memory: 3047586 bytes


***************************************************************************************************************

	[Reachability Convergence Check]: [ivybench/total/ivy/distributed_lock.ivy: node=2,epoch=4]

***************************************************************************************************************

python3 qrm.py ivybench/total/ivy/distributed_lock.node_2_epoch_4.0.ivy -s node=3,epoch=4 -f 2 -g -w -r -v 4 -l test.log -y

