
******************************************************************

	[QRM]: ivybench/total/ivy/distributed_lock.ivy

******************************************************************


************************************************************************************************

	[Synthesize Rmin]: [ivybench/total/ivy/distributed_lock.ivy: node=2,epoch=4]

************************************************************************************************

python3 qrm.py ivybench/total/ivy/distributed_lock.ivy -s node=2,epoch=4 -f 1 -g -w -v 4 -l test.log -y

epoch


======================================================================================================

	[FW]: Forward Reachability on [ivybench/total/ivy/distributed_lock.ivy: node=2,epoch=4]

======================================================================================================


==============================================

	Set up for forward reachability

==============================================

[FW NOTE]: number of state atoms: 26

[FW NOTE]: number of interpreted atoms (e.g. member,le): 30

[FW NOTE]: symmetric group order: 48

[FW NOTE]: number of branching actions: 24

ivy_to_cpp target=qrm distributed_lock.node_2_epoch_4.finite.ivy

[IVY_TO_CPP RESULT]: OK

swig -c++ -python -o distributed_lock.node_2_epoch_4.finite_wrap.cpp ivy_exec.i

[SWIG RESULT]: OK

g++ -std=c++11 -fpic -pthread -O3 distributed_lock.node_2_epoch_4.finite.cpp distributed_lock.node_2_epoch_4.finite_wrap.cpp -I/usr/include/python3.12 -c

[G++ RESULT]: OK

g++ -shared distributed_lock.node_2_epoch_4.finite.o distributed_lock.node_2_epoch_4.finite_wrap.o -o _ivy_exec.so -lm -lstdc++

[LINK RESULT]: OK

[QRM NOTE]: Time elapsed since start: 6.997 seconds

[QRM NOTE]: Time elapsed since last: 6.997 seconds

[QRM NOTE]: Peak memory: 864075 bytes


===================================

	Forward reachability

===================================

[FW NOTE]: dfs max depth: 4

[FW NOTE]: number of total reachable states:        34

[FW NOTE]: number of dfs representative states:     17

[FW NOTE]: number of dfs non-representative states: 17


=============================================================================================================

	[FW RESULT]: Forward Reachability on [ivybench/total/ivy/distributed_lock.ivy: node=2,epoch=4]

=============================================================================================================

sort: node=['node0', 'node1']
sort: epoch=['epoch0', 'epoch1', 'epoch2', 'epoch3']
predicate: firste=('epoch',)
predicate: held('node',)
predicate: max=('epoch',)
predicate: first=('node',)
predicate: ep=('node', 'epoch')
predicate: le('epoch', 'epoch')
predicate: transfer('epoch', 'node')
predicate: zero=('epoch',)
predicate: locked('epoch', 'node')
interpreted atoms: {'(first=node0)': '1', '(first=node1)': '0', '(firste=epoch0)': '0', '(firste=epoch1)': '1', '(firste=epoch2)': '0', '(firste=epoch3)': '0', 'le(epoch0,epoch0)': '1', 'le(epoch0,epoch1)': '1', 'le(epoch0,epoch2)': '1', 'le(epoch0,epoch3)': '1', 'le(epoch1,epoch0)': '0', 'le(epoch1,epoch1)': '1', 'le(epoch1,epoch2)': '1', 'le(epoch1,epoch3)': '1', 'le(epoch2,epoch0)': '0', 'le(epoch2,epoch1)': '0', 'le(epoch2,epoch2)': '1', 'le(epoch2,epoch3)': '1', 'le(epoch3,epoch0)': '0', 'le(epoch3,epoch1)': '0', 'le(epoch3,epoch2)': '0', 'le(epoch3,epoch3)': '1', '(max=epoch0)': '0', '(max=epoch1)': '0', '(max=epoch2)': '0', '(max=epoch3)': '1', '(zero=epoch0)': '1', '(zero=epoch1)': '0', '(zero=epoch2)': '0', '(zero=epoch3)': '0'}
state atoms: ['(ep(node0)=epoch0)', '(ep(node0)=epoch1)', '(ep(node0)=epoch2)', '(ep(node0)=epoch3)', '(ep(node1)=epoch0)', '(ep(node1)=epoch1)', '(ep(node1)=epoch2)', '(ep(node1)=epoch3)', 'held(node0)', 'held(node1)', 'locked(epoch0,node0)', 'locked(epoch0,node1)', 'locked(epoch1,node0)', 'locked(epoch1,node1)', 'locked(epoch2,node0)', 'locked(epoch2,node1)', 'locked(epoch3,node0)', 'locked(epoch3,node1)', 'transfer(epoch0,node0)', 'transfer(epoch0,node1)', 'transfer(epoch1,node0)', 'transfer(epoch1,node1)', 'transfer(epoch2,node0)', 'transfer(epoch2,node1)', 'transfer(epoch3,node0)', 'transfer(epoch3,node1)']
representative states : 20415732524724504, 20275003626303768, 11410732293239064, 11269996952367384, 6907682421682456, 11269995878625560, 5213335003279640, 20274997183852824, 6905483398426904, 20274999331336472, 10280434339885336, 10139697925271832, 5217733049790744, 10139698999013656, 5777384468328728, 20274996110111000, 5775185445073176


=== State Orbit 0 =====================
size : 2
repr state: 01001000100010000000000000
lex min decimal: 0x48880024f73118
states:
01001000100010000000000000
10000100010001000000000000

State 0:
ep(node0): epoch1
ep(node1): epoch0
held(node0): 1
locked(epoch1,node0): 1

State 1:
ep(node0): epoch0
ep(node1): epoch1
held(node1): 1
locked(epoch1,node1): 1




=== State Orbit 1 =====================
size : 2
repr state: 01001000000010000000001000
lex min decimal: 0x48080224f73118
states:
01001000000010000000001000
10000100000001000000000100

State 0:
ep(node0): epoch1
ep(node1): epoch0
locked(epoch1,node0): 1
transfer(epoch2,node0): 1

State 1:
ep(node0): epoch0
ep(node1): epoch1
locked(epoch1,node1): 1
transfer(epoch2,node1): 1




=== State Orbit 2 =====================
size : 2
repr state: 00101000100010100000000000
lex min decimal: 0x288a0024f73118
states:
00101000100010100000000000
10000010010001010000000000

State 0:
ep(node0): epoch2
ep(node1): epoch0
held(node0): 1
locked(epoch1,node0): 1
locked(epoch2,node0): 1

State 1:
ep(node0): epoch0
ep(node1): epoch2
held(node1): 1
locked(epoch1,node1): 1
locked(epoch2,node1): 1




=== State Orbit 3 =====================
size : 2
repr state: 00101000000010100000000010
lex min decimal: 0x280a00a4f73118
states:
00101000000010100000000010
10000010000001010000000001

State 0:
ep(node0): epoch2
ep(node1): epoch0
locked(epoch1,node0): 1
locked(epoch2,node0): 1
transfer(epoch3,node0): 1

State 1:
ep(node0): epoch0
ep(node1): epoch2
locked(epoch1,node1): 1
locked(epoch2,node1): 1
transfer(epoch3,node1): 1




=== State Orbit 4 =====================
size : 2
repr state: 00011000100010101000000000
lex min decimal: 0x188a8024f73118
states:
00011000100010101000000000
10000001010001010100000000

State 0:
ep(node0): epoch3
ep(node1): epoch0
held(node0): 1
locked(epoch1,node0): 1
locked(epoch2,node0): 1
locked(epoch3,node0): 1

State 1:
ep(node0): epoch0
ep(node1): epoch3
held(node1): 1
locked(epoch1,node1): 1
locked(epoch2,node1): 1
locked(epoch3,node1): 1




=== State Orbit 5 =====================
size : 2
repr state: 00101000000010100000000001
lex min decimal: 0x280a0064f73118
states:
00101000000010100000000001
10000010000001010000000010

State 0:
ep(node0): epoch2
ep(node1): epoch0
locked(epoch1,node0): 1
locked(epoch2,node0): 1
transfer(epoch3,node1): 1

State 1:
ep(node0): epoch0
ep(node1): epoch2
locked(epoch1,node1): 1
locked(epoch2,node1): 1
transfer(epoch3,node0): 1




=== State Orbit 6 =====================
size : 2
repr state: 00100001010010100100000000
lex min decimal: 0x12858024f73118
states:
00100001010010100100000000
00010010100001011000000000

State 0:
ep(node0): epoch2
ep(node1): epoch3
held(node1): 1
locked(epoch1,node0): 1
locked(epoch2,node0): 1
locked(epoch3,node1): 1

State 1:
ep(node0): epoch3
ep(node1): epoch2
held(node0): 1
locked(epoch1,node1): 1
locked(epoch2,node1): 1
locked(epoch3,node0): 1




=== State Orbit 7 =====================
size : 2
repr state: 01001000000010000000000010
lex min decimal: 0x480800a4f73118
states:
01001000000010000000000010
10000100000001000000000001

State 0:
ep(node0): epoch1
ep(node1): epoch0
locked(epoch1,node0): 1
transfer(epoch3,node0): 1

State 1:
ep(node0): epoch0
ep(node1): epoch1
locked(epoch1,node1): 1
transfer(epoch3,node1): 1




=== State Orbit 8 =====================
size : 2
repr state: 00011000100010001000000000
lex min decimal: 0x18888024f73118
states:
00011000100010001000000000
10000001010001000100000000

State 0:
ep(node0): epoch3
ep(node1): epoch0
held(node0): 1
locked(epoch1,node0): 1
locked(epoch3,node0): 1

State 1:
ep(node0): epoch0
ep(node1): epoch3
held(node1): 1
locked(epoch1,node1): 1
locked(epoch3,node1): 1




=== State Orbit 9 =====================
size : 2
repr state: 01001000000010000000000100
lex min decimal: 0x48080124f73118
states:
01001000000010000000000100
10000100000001000000001000

State 0:
ep(node0): epoch1
ep(node1): epoch0
locked(epoch1,node0): 1
transfer(epoch2,node1): 1

State 1:
ep(node0): epoch0
ep(node1): epoch1
locked(epoch1,node1): 1
transfer(epoch2,node0): 1




=== State Orbit 10 =====================
size : 2
repr state: 01000010010010010000000000
lex min decimal: 0x24860024f73118
states:
01000010010010010000000000
00100100100001100000000000

State 0:
ep(node0): epoch1
ep(node1): epoch2
held(node1): 1
locked(epoch1,node0): 1
locked(epoch2,node1): 1

State 1:
ep(node0): epoch2
ep(node1): epoch1
held(node0): 1
locked(epoch1,node1): 1
locked(epoch2,node0): 1




=== State Orbit 11 =====================
size : 2
repr state: 01000010000010010000000010
lex min decimal: 0x24060064f73118
states:
01000010000010010000000010
00100100000001100000000001

State 0:
ep(node0): epoch1
ep(node1): epoch2
locked(epoch1,node0): 1
locked(epoch2,node1): 1
transfer(epoch3,node0): 1

State 1:
ep(node0): epoch2
ep(node1): epoch1
locked(epoch1,node1): 1
locked(epoch2,node0): 1
transfer(epoch3,node1): 1




=== State Orbit 12 =====================
size : 2
repr state: 00010010100010011000000000
lex min decimal: 0x12898024f73118
states:
00010010100010011000000000
00100001010001100100000000

State 0:
ep(node0): epoch3
ep(node1): epoch2
held(node0): 1
locked(epoch1,node0): 1
locked(epoch2,node1): 1
locked(epoch3,node0): 1

State 1:
ep(node0): epoch2
ep(node1): epoch3
held(node1): 1
locked(epoch1,node1): 1
locked(epoch2,node0): 1
locked(epoch3,node1): 1




=== State Orbit 13 =====================
size : 2
repr state: 01000010000010010000000001
lex min decimal: 0x240600a4f73118
states:
01000010000010010000000001
00100100000001100000000010

State 0:
ep(node0): epoch1
ep(node1): epoch2
locked(epoch1,node0): 1
locked(epoch2,node1): 1
transfer(epoch3,node1): 1

State 1:
ep(node0): epoch2
ep(node1): epoch1
locked(epoch1,node1): 1
locked(epoch2,node0): 1
transfer(epoch3,node0): 1




=== State Orbit 14 =====================
size : 2
repr state: 01000001010010010100000000
lex min decimal: 0x14868024f73118
states:
01000001010010010100000000
00010100100001101000000000

State 0:
ep(node0): epoch1
ep(node1): epoch3
held(node1): 1
locked(epoch1,node0): 1
locked(epoch2,node1): 1
locked(epoch3,node1): 1

State 1:
ep(node0): epoch3
ep(node1): epoch1
held(node0): 1
locked(epoch1,node1): 1
locked(epoch2,node0): 1
locked(epoch3,node0): 1




=== State Orbit 15 =====================
size : 2
repr state: 01001000000010000000000001
lex min decimal: 0x48080064f73118
states:
01001000000010000000000001
10000100000001000000000010

State 0:
ep(node0): epoch1
ep(node1): epoch0
locked(epoch1,node0): 1
transfer(epoch3,node1): 1

State 1:
ep(node0): epoch0
ep(node1): epoch1
locked(epoch1,node1): 1
transfer(epoch3,node0): 1




=== State Orbit 16 =====================
size : 2
repr state: 01000001010010000100000000
lex min decimal: 0x14848024f73118
states:
01000001010010000100000000
00010100100001001000000000

State 0:
ep(node0): epoch1
ep(node1): epoch3
held(node1): 1
locked(epoch1,node0): 1
locked(epoch3,node1): 1

State 1:
ep(node0): epoch3
ep(node1): epoch1
held(node0): 1
locked(epoch1,node1): 1
locked(epoch3,node0): 1



[QRM NOTE]: Time elapsed since start: 7.109 seconds

[QRM NOTE]: Time elapsed since last: 0.112 seconds

[QRM NOTE]: Peak memory: 483705 bytes


======================================

	Reduce Equivalent Atoms

======================================

[FW NOTE]: equivalent atoms

	locked(epoch0,node0): ['transfer(epoch0,node0)']

	locked(epoch0,node1): ['transfer(epoch0,node1)']

[FW NOTE]: complement atoms

[FW NOTE]: remove_atom_ids: {18, 19}

[QRM NOTE]: Time elapsed since start: 7.121 seconds

[QRM NOTE]: Time elapsed since last: 0.012 seconds

[QRM NOTE]: Peak memory: 498774 bytes


==================================

	Curry Ordered Sorts

==================================


---------- Currying Ordered Sorts ----------

[CURRY]: curried 24 atoms

[CURRY]: curried state atoms: ['ep_epoch0(node0)', 'ep_epoch1(node0)', 'ep_epoch2(node0)', 'ep_epoch3(node0)', 'ep_epoch0(node1)', 'ep_epoch1(node1)', 'ep_epoch2(node1)', 'ep_epoch3(node1)', 'held(node0)', 'held(node1)', 'locked_epoch0(node0)', 'locked_epoch0(node1)', 'locked_epoch1(node0)', 'locked_epoch1(node1)', 'locked_epoch2(node0)', 'locked_epoch2(node1)', 'locked_epoch3(node0)', 'locked_epoch3(node1)', 'transfer_epoch0(node0)', 'transfer_epoch0(node1)', 'transfer_epoch1(node0)', 'transfer_epoch1(node1)', 'transfer_epoch2(node0)', 'transfer_epoch2(node1)', 'transfer_epoch3(node0)', 'transfer_epoch3(node1)']

[QRM NOTE]: Time elapsed since start: 7.132 seconds

[QRM NOTE]: Time elapsed since last: 0.011 seconds

[QRM NOTE]: Peak memory: 579000 bytes


=============================================================================================================

	[PRIME]: Prime Orbit Generatation on [ivybench/total/ivy/distributed_lock.ivy: node=2,epoch=4]

=============================================================================================================


========================================================================================================

	[PRIME RESULT]: Prime Orbits on [ivybench/total/ivy/distributed_lock.ivy: node=2,epoch=4]

========================================================================================================


=== Prime Orbit 0 =====================
size : 2
num_suborbits: 1
2 (*) : ----------1---------------
2     : ['locked_epoch0(node0)']
3     : -----------1--------------
3     : ['locked_epoch0(node1)']
num_forall :   0
num_exists :   0
num_literals : 0
quantified form : None
qcost : 0


=== Prime Orbit 1 =====================
size : 2
num_suborbits: 1
0 (*) : --------------------1-----
0     : ['transfer_epoch1(node0)']
1     : ---------------------1----
1     : ['transfer_epoch1(node1)']
num_forall :   0
num_exists :   0
num_literals : 0
quantified form : None
qcost : 0


=== Prime Orbit 2 =====================
size : 1
num_suborbits: 1
46 (*) : 1---1---------------------
46     : ['ep_epoch0(node0)', 'ep_epoch0(node1)']
num_forall :   0
num_exists :   0
num_literals : 0
quantified form : None
qcost : 0


=== Prime Orbit 3 =====================
size : 2
num_suborbits: 1
45 (*) : 11------------------------
45     : ['ep_epoch0(node0)', 'ep_epoch1(node0)']
44     : ----11--------------------
44     : ['ep_epoch0(node1)', 'ep_epoch1(node1)']
num_forall :   0
num_exists :   0
num_literals : 0
quantified form : None
qcost : 0


=== Prime Orbit 4 =====================
size : 2
num_suborbits: 1
73 (*) : 1-1-----------------------
73     : ['ep_epoch0(node0)', 'ep_epoch2(node0)']
74     : ----1-1-------------------
74     : ['ep_epoch0(node1)', 'ep_epoch2(node1)']
num_forall :   0
num_exists :   0
num_literals : 0
quantified form : None
qcost : 0


=== Prime Orbit 5 =====================
size : 2
num_suborbits: 1
59 (*) : 1--1----------------------
59     : ['ep_epoch0(node0)', 'ep_epoch3(node0)']
60     : ----1--1------------------
60     : ['ep_epoch0(node1)', 'ep_epoch3(node1)']
num_forall :   0
num_exists :   0
num_literals : 0
quantified form : None
qcost : 0


=== Prime Orbit 6 =====================
size : 2
num_suborbits: 1
51 (*) : 1-------1-----------------
51     : ['ep_epoch0(node0)', 'held(node0)']
52     : ----1----1----------------
52     : ['ep_epoch0(node1)', 'held(node1)']
num_forall :   0
num_exists :   0
num_literals : 0
quantified form : None
qcost : 0


=== Prime Orbit 7 =====================
size : 2
num_suborbits: 1
61 (*) : 1-----------1-------------
61     : ['ep_epoch0(node0)', 'locked_epoch1(node0)']
62     : ----1--------1------------
62     : ['ep_epoch0(node1)', 'locked_epoch1(node1)']
num_forall :   0
num_exists :   0
num_literals : 0
quantified form : None
qcost : 0


=== Prime Orbit 8 =====================
size : 2
num_suborbits: 1
49 (*) : 1-------------1-----------
49     : ['ep_epoch0(node0)', 'locked_epoch2(node0)']
50     : ----1----------1----------
50     : ['ep_epoch0(node1)', 'locked_epoch2(node1)']
num_forall :   0
num_exists :   0
num_literals : 0
quantified form : None
qcost : 0


=== Prime Orbit 9 =====================
size : 2
num_suborbits: 1
10 (*) : 1---------------1---------
10     : ['ep_epoch0(node0)', 'locked_epoch3(node0)']
11     : ----1------------1--------
11     : ['ep_epoch0(node1)', 'locked_epoch3(node1)']
num_forall :   0
num_exists :   0
num_literals : 0
quantified form : None
qcost : 0


=== Prime Orbit 10 =====================
size : 2
num_suborbits: 1
64 (*) : 1------------0------------
64     : ['ep_epoch0(node0)', '~locked_epoch1(node1)']
63     : ----1-------0-------------
63     : ['ep_epoch0(node1)', '~locked_epoch1(node0)']
num_forall :   0
num_exists :   0
num_literals : 0
quantified form : None
qcost : 0


=== Prime Orbit 11 =====================
size : 1
num_suborbits: 1
43 (*) : -1---1--------------------
43     : ['ep_epoch1(node0)', 'ep_epoch1(node1)']
num_forall :   0
num_exists :   0
num_literals : 0
quantified form : None
qcost : 0


=== Prime Orbit 12 =====================
size : 2
num_suborbits: 1
75 (*) : -11-----------------------
75     : ['ep_epoch1(node0)', 'ep_epoch2(node0)']
76     : -----11-------------------
76     : ['ep_epoch1(node1)', 'ep_epoch2(node1)']
num_forall :   0
num_exists :   0
num_literals : 0
quantified form : None
qcost : 0


=== Prime Orbit 13 =====================
size : 2
num_suborbits: 1
53 (*) : -1-1----------------------
53     : ['ep_epoch1(node0)', 'ep_epoch3(node0)']
54     : -----1-1------------------
54     : ['ep_epoch1(node1)', 'ep_epoch3(node1)']
num_forall :   0
num_exists :   0
num_literals : 0
quantified form : None
qcost : 0


=== Prime Orbit 14 =====================
size : 2
num_suborbits: 1
66 (*) : -1-----------1------------
66     : ['ep_epoch1(node0)', 'locked_epoch1(node1)']
65     : -----1------1-------------
65     : ['ep_epoch1(node1)', 'locked_epoch1(node0)']
num_forall :   0
num_exists :   0
num_literals : 0
quantified form : None
qcost : 0


=== Prime Orbit 15 =====================
size : 2
num_suborbits: 1
47 (*) : -1------------1-----------
47     : ['ep_epoch1(node0)', 'locked_epoch2(node0)']
48     : -----1---------1----------
48     : ['ep_epoch1(node1)', 'locked_epoch2(node1)']
num_forall :   0
num_exists :   0
num_literals : 0
quantified form : None
qcost : 0


=== Prime Orbit 16 =====================
size : 2
num_suborbits: 1
8 (*) : -1--------------1---------
8     : ['ep_epoch1(node0)', 'locked_epoch3(node0)']
9     : -----1-----------1--------
9     : ['ep_epoch1(node1)', 'locked_epoch3(node1)']
num_forall :   0
num_exists :   0
num_literals : 0
quantified form : None
qcost : 0


=== Prime Orbit 17 =====================
size : 2
num_suborbits: 1
67 (*) : -1----------0-------------
67     : ['ep_epoch1(node0)', '~locked_epoch1(node0)']
68     : -----1-------0------------
68     : ['ep_epoch1(node1)', '~locked_epoch1(node1)']
num_forall :   0
num_exists :   0
num_literals : 0
quantified form : None
qcost : 0


=== Prime Orbit 18 =====================
size : 1
num_suborbits: 1
96 (*) : --1---1-------------------
96     : ['ep_epoch2(node0)', 'ep_epoch2(node1)']
num_forall :   0
num_exists :   0
num_literals : 0
quantified form : None
qcost : 0


=== Prime Orbit 19 =====================
size : 2
num_suborbits: 1
71 (*) : --11----------------------
71     : ['ep_epoch2(node0)', 'ep_epoch3(node0)']
72     : ------11------------------
72     : ['ep_epoch2(node1)', 'ep_epoch3(node1)']
num_forall :   0
num_exists :   0
num_literals : 0
quantified form : None
qcost : 0


=== Prime Orbit 20 =====================
size : 2
num_suborbits: 1
94 (*) : --1------------1----------
94     : ['ep_epoch2(node0)', 'locked_epoch2(node1)']
95     : ------1-------1-----------
95     : ['ep_epoch2(node1)', 'locked_epoch2(node0)']
num_forall :   0
num_exists :   0
num_literals : 0
quantified form : None
qcost : 0


=== Prime Orbit 21 =====================
size : 2
num_suborbits: 1
6 (*) : --1-------------1---------
6     : ['ep_epoch2(node0)', 'locked_epoch3(node0)']
7     : ------1----------1--------
7     : ['ep_epoch2(node1)', 'locked_epoch3(node1)']
num_forall :   0
num_exists :   0
num_literals : 0
quantified form : None
qcost : 0


=== Prime Orbit 22 =====================
size : 4
num_suborbits: 2
36 (*) : --1-------------------1---
36     : ['ep_epoch2(node0)', 'transfer_epoch2(node0)']
27     : --1--------------------1--
27     : ['ep_epoch2(node0)', 'transfer_epoch2(node1)']
28     : ------1---------------1---
28     : ['ep_epoch2(node1)', 'transfer_epoch2(node0)']
35     : ------1----------------1--
35     : ['ep_epoch2(node1)', 'transfer_epoch2(node1)']
num_forall :   0
num_exists :   0
num_literals : 0
quantified form : None
qcost : 0


=== Prime Orbit 23 =====================
size : 2
num_suborbits: 1
69 (*) : --1-----------0-----------
69     : ['ep_epoch2(node0)', '~locked_epoch2(node0)']
70     : ------1--------0----------
70     : ['ep_epoch2(node1)', '~locked_epoch2(node1)']
num_forall :   0
num_exists :   0
num_literals : 0
quantified form : None
qcost : 0


=== Prime Orbit 24 =====================
size : 1
num_suborbits: 1
79 (*) : ---1---1------------------
79     : ['ep_epoch3(node0)', 'ep_epoch3(node1)']
num_forall :   0
num_exists :   0
num_literals : 0
quantified form : None
qcost : 0


=== Prime Orbit 25 =====================
size : 2
num_suborbits: 1
78 (*) : ---1-----1----------------
78     : ['ep_epoch3(node0)', 'held(node1)']
77     : -------11-----------------
77     : ['ep_epoch3(node1)', 'held(node0)']
num_forall :   0
num_exists :   0
num_literals : 0
quantified form : None
qcost : 0


=== Prime Orbit 26 =====================
size : 2
num_suborbits: 1
20 (*) : ---1-------------1--------
20     : ['ep_epoch3(node0)', 'locked_epoch3(node1)']
19     : -------1--------1---------
19     : ['ep_epoch3(node1)', 'locked_epoch3(node0)']
num_forall :   0
num_exists :   0
num_literals : 0
quantified form : None
qcost : 0


=== Prime Orbit 27 =====================
size : 4
num_suborbits: 2
30 (*) : ---1------------------1---
30     : ['ep_epoch3(node0)', 'transfer_epoch2(node0)']
23     : ---1-------------------1--
23     : ['ep_epoch3(node0)', 'transfer_epoch2(node1)']
24     : -------1--------------1---
24     : ['ep_epoch3(node1)', 'transfer_epoch2(node0)']
29     : -------1---------------1--
29     : ['ep_epoch3(node1)', 'transfer_epoch2(node1)']
num_forall :   0
num_exists :   0
num_literals : 0
quantified form : None
qcost : 0


=== Prime Orbit 28 =====================
size : 4
num_suborbits: 2
89 (*) : ---1--------------------1-
89     : ['ep_epoch3(node0)', 'transfer_epoch3(node0)']
82     : ---1---------------------1
82     : ['ep_epoch3(node0)', 'transfer_epoch3(node1)']
81     : -------1----------------1-
81     : ['ep_epoch3(node1)', 'transfer_epoch3(node0)']
90     : -------1-----------------1
90     : ['ep_epoch3(node1)', 'transfer_epoch3(node1)']
num_forall :   0
num_exists :   0
num_literals : 0
quantified form : None
qcost : 0


=== Prime Orbit 29 =====================
size : 2
num_suborbits: 1
57 (*) : ---1----0-----------------
57     : ['ep_epoch3(node0)', '~held(node0)']
58     : -------1-0----------------
58     : ['ep_epoch3(node1)', '~held(node1)']
num_forall :   0
num_exists :   0
num_literals : 0
quantified form : None
qcost : 0


=== Prime Orbit 30 =====================
size : 2
num_suborbits: 1
55 (*) : ---1------------0---------
55     : ['ep_epoch3(node0)', '~locked_epoch3(node0)']
56     : -------1---------0--------
56     : ['ep_epoch3(node1)', '~locked_epoch3(node1)']
num_forall :   0
num_exists :   0
num_literals : 0
quantified form : None
qcost : 0


=== Prime Orbit 31 =====================
size : 1
num_suborbits: 1
80 (*) : --------11----------------
80     : ['held(node0)', 'held(node1)']
num_forall :   0
num_exists :   0
num_literals : 0
quantified form : None
qcost : 0


=== Prime Orbit 32 =====================
size : 2
num_suborbits: 1
18 (*) : --------1--------1--------
18     : ['held(node0)', 'locked_epoch3(node1)']
17     : ---------1------1---------
17     : ['held(node1)', 'locked_epoch3(node0)']
num_forall :   0
num_exists :   0
num_literals : 0
quantified form : None
qcost : 0


=== Prime Orbit 33 =====================
size : 4
num_suborbits: 2
38 (*) : --------1-------------1---
38     : ['held(node0)', 'transfer_epoch2(node0)']
25     : --------1--------------1--
25     : ['held(node0)', 'transfer_epoch2(node1)']
26     : ---------1------------1---
26     : ['held(node1)', 'transfer_epoch2(node0)']
37     : ---------1-------------1--
37     : ['held(node1)', 'transfer_epoch2(node1)']
num_forall :   0
num_exists :   0
num_literals : 0
quantified form : None
qcost : 0


=== Prime Orbit 34 =====================
size : 4
num_suborbits: 2
87 (*) : --------1---------------1-
87     : ['held(node0)', 'transfer_epoch3(node0)']
84     : --------1----------------1
84     : ['held(node0)', 'transfer_epoch3(node1)']
83     : ---------1--------------1-
83     : ['held(node1)', 'transfer_epoch3(node0)']
88     : ---------1---------------1
88     : ['held(node1)', 'transfer_epoch3(node1)']
num_forall :   0
num_exists :   0
num_literals : 0
quantified form : None
qcost : 0


=== Prime Orbit 35 =====================
size : 1
num_suborbits: 1
91 (*) : ------------11------------
91     : ['locked_epoch1(node0)', 'locked_epoch1(node1)']
num_forall :   0
num_exists :   0
num_literals : 0
quantified form : None
qcost : 0


=== Prime Orbit 36 =====================
size : 1
num_suborbits: 1
93 (*) : --------------11----------
93     : ['locked_epoch2(node0)', 'locked_epoch2(node1)']
num_forall :   0
num_exists :   0
num_literals : 0
quantified form : None
qcost : 0


=== Prime Orbit 37 =====================
size : 4
num_suborbits: 2
42 (*) : --------------1-------1---
42     : ['locked_epoch2(node0)', 'transfer_epoch2(node0)']
33     : --------------1--------1--
33     : ['locked_epoch2(node0)', 'transfer_epoch2(node1)']
34     : ---------------1------1---
34     : ['locked_epoch2(node1)', 'transfer_epoch2(node0)']
41     : ---------------1-------1--
41     : ['locked_epoch2(node1)', 'transfer_epoch2(node1)']
num_forall :   0
num_exists :   0
num_literals : 0
quantified form : None
qcost : 0


=== Prime Orbit 38 =====================
size : 1
num_suborbits: 1
14 (*) : ----------------11--------
14     : ['locked_epoch3(node0)', 'locked_epoch3(node1)']
num_forall :   0
num_exists :   0
num_literals : 0
quantified form : None
qcost : 0


=== Prime Orbit 39 =====================
size : 4
num_suborbits: 2
40 (*) : ----------------1-----1---
40     : ['locked_epoch3(node0)', 'transfer_epoch2(node0)']
21     : ----------------1------1--
21     : ['locked_epoch3(node0)', 'transfer_epoch2(node1)']
22     : -----------------1----1---
22     : ['locked_epoch3(node1)', 'transfer_epoch2(node0)']
39     : -----------------1-----1--
39     : ['locked_epoch3(node1)', 'transfer_epoch2(node1)']
num_forall :   0
num_exists :   0
num_literals : 0
quantified form : None
qcost : 0


=== Prime Orbit 40 =====================
size : 4
num_suborbits: 2
12 (*) : ----------------1-------1-
12     : ['locked_epoch3(node0)', 'transfer_epoch3(node0)']
86     : ----------------1--------1
86     : ['locked_epoch3(node0)', 'transfer_epoch3(node1)']
85     : -----------------1------1-
85     : ['locked_epoch3(node1)', 'transfer_epoch3(node0)']
13     : -----------------1-------1
13     : ['locked_epoch3(node1)', 'transfer_epoch3(node1)']
num_forall :   0
num_exists :   0
num_literals : 0
quantified form : None
qcost : 0


=== Prime Orbit 41 =====================
size : 2
num_suborbits: 1
4 (*) : ---0------------1---------
4     : ['locked_epoch3(node0)', '~ep_epoch3(node0)']
5     : -------0---------1--------
5     : ['locked_epoch3(node1)', '~ep_epoch3(node1)']
num_forall :   0
num_exists :   0
num_literals : 0
quantified form : None
qcost : 0


=== Prime Orbit 42 =====================
size : 2
num_suborbits: 1
15 (*) : --------0-------1---------
15     : ['locked_epoch3(node0)', '~held(node0)']
16     : ---------0-------1--------
16     : ['locked_epoch3(node1)', '~held(node1)']
num_forall :   0
num_exists :   0
num_literals : 0
quantified form : None
qcost : 0


=== Prime Orbit 43 =====================
size : 1
num_suborbits: 1
99 (*) : ----------------------11--
99     : ['transfer_epoch2(node0)', 'transfer_epoch2(node1)']
num_forall :   0
num_exists :   0
num_literals : 0
quantified form : None
qcost : 0


=== Prime Orbit 44 =====================
size : 4
num_suborbits: 2
97 (*) : ----------------------1-1-
97     : ['transfer_epoch2(node0)', 'transfer_epoch3(node0)']
32     : ----------------------1--1
32     : ['transfer_epoch2(node0)', 'transfer_epoch3(node1)']
31     : -----------------------11-
31     : ['transfer_epoch2(node1)', 'transfer_epoch3(node0)']
98     : -----------------------1-1
98     : ['transfer_epoch2(node1)', 'transfer_epoch3(node1)']
num_forall :   0
num_exists :   0
num_literals : 0
quantified form : None
qcost : 0


=== Prime Orbit 45 =====================
size : 1
num_suborbits: 1
100 (*) : ------------------------11
100     : ['transfer_epoch3(node0)', 'transfer_epoch3(node1)']
num_forall :   0
num_exists :   0
num_literals : 0
quantified form : None
qcost : 0


=== Prime Orbit 46 =====================
size : 1
num_suborbits: 1
92 (*) : ------------00------------
92     : ['~locked_epoch1(node0)', '~locked_epoch1(node1)']
num_forall :   0
num_exists :   0
num_literals : 0
quantified form : None
qcost : 0


=== Prime Orbit 47 =====================
size : 4
num_suborbits: 2
145 (*) : 1----0----------------1---
145     : ['ep_epoch0(node0)', 'transfer_epoch2(node0)', '~ep_epoch1(node1)']
162     : 1----0-----------------1--
162     : ['ep_epoch0(node0)', 'transfer_epoch2(node1)', '~ep_epoch1(node1)']
161     : -0--1-----------------1---
161     : ['ep_epoch0(node1)', 'transfer_epoch2(node0)', '~ep_epoch1(node0)']
146     : -0--1------------------1--
146     : ['ep_epoch0(node1)', 'transfer_epoch2(node1)', '~ep_epoch1(node0)']
num_forall :   0
num_exists :   0
num_literals : 0
quantified form : None
qcost : 0


=== Prime Orbit 48 =====================
size : 2
num_suborbits: 1
106 (*) : -1----1-1-----------------
106     : ['ep_epoch1(node0)', 'ep_epoch2(node1)', 'held(node0)']
105     : --1--1---1----------------
105     : ['ep_epoch1(node1)', 'ep_epoch2(node0)', 'held(node1)']
num_forall :   0
num_exists :   0
num_literals : 0
quantified form : None
qcost : 0


=== Prime Orbit 49 =====================
size : 2
num_suborbits: 1
102 (*) : -1------1------1----------
102     : ['ep_epoch1(node0)', 'held(node0)', 'locked_epoch2(node1)']
101     : -----1---1----1-----------
101     : ['ep_epoch1(node1)', 'held(node1)', 'locked_epoch2(node0)']
num_forall :   0
num_exists :   0
num_literals : 0
quantified form : None
qcost : 0


=== Prime Orbit 50 =====================
size : 2
num_suborbits: 1
104 (*) : -1--0---1-----------------
104     : ['ep_epoch1(node0)', 'held(node0)', '~ep_epoch0(node1)']
103     : 0----1---1----------------
103     : ['ep_epoch1(node1)', 'held(node1)', '~ep_epoch0(node0)']
num_forall :   0
num_exists :   0
num_literals : 0
quantified form : None
qcost : 0


=== Prime Orbit 51 =====================
size : 4
num_suborbits: 2
110 (*) : -1--0-----------------1---
110     : ['ep_epoch1(node0)', 'transfer_epoch2(node0)', '~ep_epoch0(node1)']
108     : -1--0------------------1--
108     : ['ep_epoch1(node0)', 'transfer_epoch2(node1)', '~ep_epoch0(node1)']
107     : 0----1----------------1---
107     : ['ep_epoch1(node1)', 'transfer_epoch2(node0)', '~ep_epoch0(node0)']
109     : 0----1-----------------1--
109     : ['ep_epoch1(node1)', 'transfer_epoch2(node1)', '~ep_epoch0(node0)']
num_forall :   0
num_exists :   0
num_literals : 0
quantified form : None
qcost : 0


=== Prime Orbit 52 =====================
size : 2
num_suborbits: 1
129 (*) : --1----0-1----------------
129     : ['ep_epoch2(node0)', 'held(node1)', '~ep_epoch3(node1)']
130     : ---0--1-1-----------------
130     : ['ep_epoch2(node1)', 'held(node0)', '~ep_epoch3(node0)']
num_forall :   0
num_exists :   0
num_literals : 0
quantified form : None
qcost : 0


=== Prime Orbit 53 =====================
size : 2
num_suborbits: 1
131 (*) : --1------1-------0--------
131     : ['ep_epoch2(node0)', 'held(node1)', '~locked_epoch3(node1)']
132     : ------1-1-------0---------
132     : ['ep_epoch2(node1)', 'held(node0)', '~locked_epoch3(node0)']
num_forall :   0
num_exists :   0
num_literals : 0
quantified form : None
qcost : 0


=== Prime Orbit 54 =====================
size : 2
num_suborbits: 1
126 (*) : ---1--0--------1----------
126     : ['ep_epoch3(node0)', 'locked_epoch2(node1)', '~ep_epoch2(node1)']
125     : --0----1------1-----------
125     : ['ep_epoch3(node1)', 'locked_epoch2(node0)', '~ep_epoch2(node0)']
num_forall :   0
num_exists :   0
num_literals : 0
quantified form : None
qcost : 0


=== Prime Orbit 55 =====================
size : 2
num_suborbits: 1
124 (*) : ------0-1------1----------
124     : ['held(node0)', 'locked_epoch2(node1)', '~ep_epoch2(node1)']
123     : --0------1----1-----------
123     : ['held(node1)', 'locked_epoch2(node0)', '~ep_epoch2(node0)']
num_forall :   0
num_exists :   0
num_literals : 0
quantified form : None
qcost : 0


=== Prime Orbit 56 =====================
size : 2
num_suborbits: 1
122 (*) : ---0----1------1----------
122     : ['held(node0)', 'locked_epoch2(node1)', '~ep_epoch3(node0)']
121     : -------0-1----1-----------
121     : ['held(node1)', 'locked_epoch2(node0)', '~ep_epoch3(node1)']
num_forall :   0
num_exists :   0
num_literals : 0
quantified form : None
qcost : 0


=== Prime Orbit 57 =====================
size : 2
num_suborbits: 1
120 (*) : --------1------10---------
120     : ['held(node0)', 'locked_epoch2(node1)', '~locked_epoch3(node0)']
119     : ---------1----1--0--------
119     : ['held(node1)', 'locked_epoch2(node0)', '~locked_epoch3(node1)']
num_forall :   0
num_exists :   0
num_literals : 0
quantified form : None
qcost : 0


=== Prime Orbit 58 =====================
size : 4
num_suborbits: 2
137 (*) : ----0-------1---------1---
137     : ['locked_epoch1(node0)', 'transfer_epoch2(node0)', '~ep_epoch0(node1)']
158     : ----0-------1----------1--
158     : ['locked_epoch1(node0)', 'transfer_epoch2(node1)', '~ep_epoch0(node1)']
157     : 0------------1--------1---
157     : ['locked_epoch1(node1)', 'transfer_epoch2(node0)', '~ep_epoch0(node0)']
138     : 0------------1---------1--
138     : ['locked_epoch1(node1)', 'transfer_epoch2(node1)', '~ep_epoch0(node0)']
num_forall :   0
num_exists :   0
num_literals : 0
quantified form : None
qcost : 0


=== Prime Orbit 59 =====================
size : 4
num_suborbits: 2
153 (*) : -0----------1---------1---
153     : ['locked_epoch1(node0)', 'transfer_epoch2(node0)', '~ep_epoch1(node0)']
150     : -0----------1----------1--
150     : ['locked_epoch1(node0)', 'transfer_epoch2(node1)', '~ep_epoch1(node0)']
149     : -----0-------1--------1---
149     : ['locked_epoch1(node1)', 'transfer_epoch2(node0)', '~ep_epoch1(node1)']
154     : -----0-------1---------1--
154     : ['locked_epoch1(node1)', 'transfer_epoch2(node1)', '~ep_epoch1(node1)']
num_forall :   0
num_exists :   0
num_literals : 0
quantified form : None
qcost : 0


=== Prime Orbit 60 =====================
size : 2
num_suborbits: 1
127 (*) : --0-----------1--1--------
127     : ['locked_epoch2(node0)', 'locked_epoch3(node1)', '~ep_epoch2(node0)']
128     : ------0--------11---------
128     : ['locked_epoch2(node1)', 'locked_epoch3(node0)', '~ep_epoch2(node1)']
num_forall :   0
num_exists :   0
num_literals : 0
quantified form : None
qcost : 0


=== Prime Orbit 61 =====================
size : 4
num_suborbits: 2
111 (*) : --0-----------1---------1-
111     : ['locked_epoch2(node0)', 'transfer_epoch3(node0)', '~ep_epoch2(node0)']
133     : --0-----------1----------1
133     : ['locked_epoch2(node0)', 'transfer_epoch3(node1)', '~ep_epoch2(node0)']
134     : ------0--------1--------1-
134     : ['locked_epoch2(node1)', 'transfer_epoch3(node0)', '~ep_epoch2(node1)']
112     : ------0--------1---------1
112     : ['locked_epoch2(node1)', 'transfer_epoch3(node1)', '~ep_epoch2(node1)']
num_forall :   0
num_exists :   0
num_literals : 0
quantified form : None
qcost : 0


=== Prime Orbit 62 =====================
size : 2
num_suborbits: 1
113 (*) : --00----------1-----------
113     : ['locked_epoch2(node0)', '~ep_epoch2(node0)', '~ep_epoch3(node0)']
114     : ------00-------1----------
114     : ['locked_epoch2(node1)', '~ep_epoch2(node1)', '~ep_epoch3(node1)']
num_forall :   0
num_exists :   0
num_literals : 0
quantified form : None
qcost : 0


=== Prime Orbit 63 =====================
size : 2
num_suborbits: 1
117 (*) : --0-----0-----1-----------
117     : ['locked_epoch2(node0)', '~ep_epoch2(node0)', '~held(node0)']
118     : ------0--0-----1----------
118     : ['locked_epoch2(node1)', '~ep_epoch2(node1)', '~held(node1)']
num_forall :   0
num_exists :   0
num_literals : 0
quantified form : None
qcost : 0


=== Prime Orbit 64 =====================
size : 2
num_suborbits: 1
115 (*) : --0-----------1-0---------
115     : ['locked_epoch2(node0)', '~ep_epoch2(node0)', '~locked_epoch3(node0)']
116     : ------0--------1-0--------
116     : ['locked_epoch2(node1)', '~ep_epoch2(node1)', '~locked_epoch3(node1)']
num_forall :   0
num_exists :   0
num_literals : 0
quantified form : None
qcost : 0


=== Prime Orbit 65 =====================
size : 2
num_suborbits: 1
135 (*) : 0---0-----------------1---
135     : ['transfer_epoch2(node0)', '~ep_epoch0(node0)', '~ep_epoch0(node1)']
136     : 0---0------------------1--
136     : ['transfer_epoch2(node1)', '~ep_epoch0(node0)', '~ep_epoch0(node1)']
num_forall :   0
num_exists :   0
num_literals : 0
quantified form : None
qcost : 0


=== Prime Orbit 66 =====================
size : 4
num_suborbits: 2
155 (*) : 00--------------------1---
155     : ['transfer_epoch2(node0)', '~ep_epoch0(node0)', '~ep_epoch1(node0)']
141     : ----00----------------1---
141     : ['transfer_epoch2(node0)', '~ep_epoch0(node1)', '~ep_epoch1(node1)']
142     : 00---------------------1--
142     : ['transfer_epoch2(node1)', '~ep_epoch0(node0)', '~ep_epoch1(node0)']
156     : ----00-----------------1--
156     : ['transfer_epoch2(node1)', '~ep_epoch0(node1)', '~ep_epoch1(node1)']
num_forall :   0
num_exists :   0
num_literals : 0
quantified form : None
qcost : 0


=== Prime Orbit 67 =====================
size : 4
num_suborbits: 2
159 (*) : 0-----------0---------1---
159     : ['transfer_epoch2(node0)', '~ep_epoch0(node0)', '~locked_epoch1(node0)']
139     : ----0--------0--------1---
139     : ['transfer_epoch2(node0)', '~ep_epoch0(node1)', '~locked_epoch1(node1)']
140     : 0-----------0----------1--
140     : ['transfer_epoch2(node1)', '~ep_epoch0(node0)', '~locked_epoch1(node0)']
160     : ----0--------0---------1--
160     : ['transfer_epoch2(node1)', '~ep_epoch0(node1)', '~locked_epoch1(node1)']
num_forall :   0
num_exists :   0
num_literals : 0
quantified form : None
qcost : 0


=== Prime Orbit 68 =====================
size : 2
num_suborbits: 1
143 (*) : -0---0----------------1---
143     : ['transfer_epoch2(node0)', '~ep_epoch1(node0)', '~ep_epoch1(node1)']
144     : -0---0-----------------1--
144     : ['transfer_epoch2(node1)', '~ep_epoch1(node0)', '~ep_epoch1(node1)']
num_forall :   0
num_exists :   0
num_literals : 0
quantified form : None
qcost : 0


=== Prime Orbit 69 =====================
size : 4
num_suborbits: 2
151 (*) : -0-----------0--------1---
151     : ['transfer_epoch2(node0)', '~ep_epoch1(node0)', '~locked_epoch1(node1)']
147     : -----0------0---------1---
147     : ['transfer_epoch2(node0)', '~ep_epoch1(node1)', '~locked_epoch1(node0)']
148     : -0-----------0---------1--
148     : ['transfer_epoch2(node1)', '~ep_epoch1(node0)', '~locked_epoch1(node1)']
152     : -----0------0----------1--
152     : ['transfer_epoch2(node1)', '~ep_epoch1(node1)', '~locked_epoch1(node0)']
num_forall :   0
num_exists :   0
num_literals : 0
quantified form : None
qcost : 0


=== Prime Orbit 70 =====================
size : 4
num_suborbits: 2
529 (*) : 1----00-----------------1-
529     : ['ep_epoch0(node0)', 'transfer_epoch3(node0)', '~ep_epoch1(node1)', '~ep_epoch2(node1)']
478     : 1----00------------------1
478     : ['ep_epoch0(node0)', 'transfer_epoch3(node1)', '~ep_epoch1(node1)', '~ep_epoch2(node1)']
477     : -00-1-------------------1-
477     : ['ep_epoch0(node1)', 'transfer_epoch3(node0)', '~ep_epoch1(node0)', '~ep_epoch2(node0)']
530     : -00-1--------------------1
530     : ['ep_epoch0(node1)', 'transfer_epoch3(node1)', '~ep_epoch1(node0)', '~ep_epoch2(node0)']
num_forall :   0
num_exists :   0
num_literals : 0
quantified form : None
qcost : 0


=== Prime Orbit 71 =====================
size : 4
num_suborbits: 2
527 (*) : 1----0---------0--------1-
527     : ['ep_epoch0(node0)', 'transfer_epoch3(node0)', '~ep_epoch1(node1)', '~locked_epoch2(node1)']
480     : 1----0---------0---------1
480     : ['ep_epoch0(node0)', 'transfer_epoch3(node1)', '~ep_epoch1(node1)', '~locked_epoch2(node1)']
479     : -0--1---------0---------1-
479     : ['ep_epoch0(node1)', 'transfer_epoch3(node0)', '~ep_epoch1(node0)', '~locked_epoch2(node0)']
528     : -0--1---------0----------1
528     : ['ep_epoch0(node1)', 'transfer_epoch3(node1)', '~ep_epoch1(node0)', '~locked_epoch2(node0)']
num_forall :   0
num_exists :   0
num_literals : 0
quantified form : None
qcost : 0


=== Prime Orbit 72 =====================
size : 2
num_suborbits: 1
172 (*) : 1----000------------------
172     : ['ep_epoch0(node0)', '~ep_epoch1(node1)', '~ep_epoch2(node1)', '~ep_epoch3(node1)']
171     : -0001---------------------
171     : ['ep_epoch0(node1)', '~ep_epoch1(node0)', '~ep_epoch2(node0)', '~ep_epoch3(node0)']
num_forall :   0
num_exists :   0
num_literals : 0
quantified form : None
qcost : 0


=== Prime Orbit 73 =====================
size : 2
num_suborbits: 1
164 (*) : 1----00--0----------------
164     : ['ep_epoch0(node0)', '~ep_epoch1(node1)', '~ep_epoch2(node1)', '~held(node1)']
163     : -00-1---0-----------------
163     : ['ep_epoch0(node1)', '~ep_epoch1(node0)', '~ep_epoch2(node0)', '~held(node0)']
num_forall :   0
num_exists :   0
num_literals : 0
quantified form : None
qcost : 0


=== Prime Orbit 74 =====================
size : 2
num_suborbits: 1
174 (*) : 1----00----------0--------
174     : ['ep_epoch0(node0)', '~ep_epoch1(node1)', '~ep_epoch2(node1)', '~locked_epoch3(node1)']
173     : -00-1-----------0---------
173     : ['ep_epoch0(node1)', '~ep_epoch1(node0)', '~ep_epoch2(node0)', '~locked_epoch3(node0)']
num_forall :   0
num_exists :   0
num_literals : 0
quantified form : None
qcost : 0


=== Prime Orbit 75 =====================
size : 2
num_suborbits: 1
170 (*) : 1----0-0-------0----------
170     : ['ep_epoch0(node0)', '~ep_epoch1(node1)', '~ep_epoch3(node1)', '~locked_epoch2(node1)']
169     : -0-01---------0-----------
169     : ['ep_epoch0(node1)', '~ep_epoch1(node0)', '~ep_epoch3(node0)', '~locked_epoch2(node0)']
num_forall :   0
num_exists :   0
num_literals : 0
quantified form : None
qcost : 0


=== Prime Orbit 76 =====================
size : 2
num_suborbits: 1
166 (*) : 1----0---0-----0----------
166     : ['ep_epoch0(node0)', '~ep_epoch1(node1)', '~held(node1)', '~locked_epoch2(node1)']
165     : -0--1---0-----0-----------
165     : ['ep_epoch0(node1)', '~ep_epoch1(node0)', '~held(node0)', '~locked_epoch2(node0)']
num_forall :   0
num_exists :   0
num_literals : 0
quantified form : None
qcost : 0


=== Prime Orbit 77 =====================
size : 2
num_suborbits: 1
168 (*) : 1----0---------0-0--------
168     : ['ep_epoch0(node0)', '~ep_epoch1(node1)', '~locked_epoch2(node1)', '~locked_epoch3(node1)']
167     : -0--1---------0-0---------
167     : ['ep_epoch0(node1)', '~ep_epoch1(node0)', '~locked_epoch2(node0)', '~locked_epoch3(node0)']
num_forall :   0
num_exists :   0
num_literals : 0
quantified form : None
qcost : 0


=== Prime Orbit 78 =====================
size : 2
num_suborbits: 1
347 (*) : -1----00-1----------------
347     : ['ep_epoch1(node0)', 'held(node1)', '~ep_epoch2(node1)', '~ep_epoch3(node1)']
348     : --00-1--1-----------------
348     : ['ep_epoch1(node1)', 'held(node0)', '~ep_epoch2(node0)', '~ep_epoch3(node0)']
num_forall :   0
num_exists :   0
num_literals : 0
quantified form : None
qcost : 0


=== Prime Orbit 79 =====================
size : 2
num_suborbits: 1
343 (*) : -1----0--1-------0--------
343     : ['ep_epoch1(node0)', 'held(node1)', '~ep_epoch2(node1)', '~locked_epoch3(node1)']
344     : --0--1--1-------0---------
344     : ['ep_epoch1(node1)', 'held(node0)', '~ep_epoch2(node0)', '~locked_epoch3(node0)']
num_forall :   0
num_exists :   0
num_literals : 0
quantified form : None
qcost : 0


=== Prime Orbit 80 =====================
size : 2
num_suborbits: 1
349 (*) : -1-----0-1-----0----------
349     : ['ep_epoch1(node0)', 'held(node1)', '~ep_epoch3(node1)', '~locked_epoch2(node1)']
350     : ---0-1--1-----0-----------
350     : ['ep_epoch1(node1)', 'held(node0)', '~ep_epoch3(node0)', '~locked_epoch2(node0)']
num_forall :   0
num_exists :   0
num_literals : 0
quantified form : None
qcost : 0


=== Prime Orbit 81 =====================
size : 2
num_suborbits: 1
345 (*) : -1-------1-----0-0--------
345     : ['ep_epoch1(node0)', 'held(node1)', '~locked_epoch2(node1)', '~locked_epoch3(node1)']
346     : -----1--1-----0-0---------
346     : ['ep_epoch1(node1)', 'held(node0)', '~locked_epoch2(node0)', '~locked_epoch3(node0)']
num_forall :   0
num_exists :   0
num_literals : 0
quantified form : None
qcost : 0


=== Prime Orbit 82 =====================
size : 4
num_suborbits: 2
563 (*) : -1--0-0-----------------1-
563     : ['ep_epoch1(node0)', 'transfer_epoch3(node0)', '~ep_epoch0(node1)', '~ep_epoch2(node1)']
532     : -1--0-0------------------1
532     : ['ep_epoch1(node0)', 'transfer_epoch3(node1)', '~ep_epoch0(node1)', '~ep_epoch2(node1)']
531     : 0-0--1------------------1-
531     : ['ep_epoch1(node1)', 'transfer_epoch3(node0)', '~ep_epoch0(node0)', '~ep_epoch2(node0)']
564     : 0-0--1-------------------1
564     : ['ep_epoch1(node1)', 'transfer_epoch3(node1)', '~ep_epoch0(node0)', '~ep_epoch2(node0)']
num_forall :   0
num_exists :   0
num_literals : 0
quantified form : None
qcost : 0


=== Prime Orbit 83 =====================
size : 4
num_suborbits: 2
565 (*) : -1--0----------0--------1-
565     : ['ep_epoch1(node0)', 'transfer_epoch3(node0)', '~ep_epoch0(node1)', '~locked_epoch2(node1)']
534     : -1--0----------0---------1
534     : ['ep_epoch1(node0)', 'transfer_epoch3(node1)', '~ep_epoch0(node1)', '~locked_epoch2(node1)']
533     : 0----1--------0---------1-
533     : ['ep_epoch1(node1)', 'transfer_epoch3(node0)', '~ep_epoch0(node0)', '~locked_epoch2(node0)']
566     : 0----1--------0----------1
566     : ['ep_epoch1(node1)', 'transfer_epoch3(node1)', '~ep_epoch0(node0)', '~locked_epoch2(node0)']
num_forall :   0
num_exists :   0
num_literals : 0
quantified form : None
qcost : 0


=== Prime Orbit 84 =====================
size : 2
num_suborbits: 1
294 (*) : -1--0-00------------------
294     : ['ep_epoch1(node0)', '~ep_epoch0(node1)', '~ep_epoch2(node1)', '~ep_epoch3(node1)']
293     : 0-00-1--------------------
293     : ['ep_epoch1(node1)', '~ep_epoch0(node0)', '~ep_epoch2(node0)', '~ep_epoch3(node0)']
num_forall :   0
num_exists :   0
num_literals : 0
quantified form : None
qcost : 0


=== Prime Orbit 85 =====================
size : 2
num_suborbits: 1
284 (*) : -1--0-0--0----------------
284     : ['ep_epoch1(node0)', '~ep_epoch0(node1)', '~ep_epoch2(node1)', '~held(node1)']
283     : 0-0--1--0-----------------
283     : ['ep_epoch1(node1)', '~ep_epoch0(node0)', '~ep_epoch2(node0)', '~held(node0)']
num_forall :   0
num_exists :   0
num_literals : 0
quantified form : None
qcost : 0


=== Prime Orbit 86 =====================
size : 2
num_suborbits: 1
292 (*) : -1--0-0----------0--------
292     : ['ep_epoch1(node0)', '~ep_epoch0(node1)', '~ep_epoch2(node1)', '~locked_epoch3(node1)']
291     : 0-0--1----------0---------
291     : ['ep_epoch1(node1)', '~ep_epoch0(node0)', '~ep_epoch2(node0)', '~locked_epoch3(node0)']
num_forall :   0
num_exists :   0
num_literals : 0
quantified form : None
qcost : 0


=== Prime Orbit 87 =====================
size : 2
num_suborbits: 1
288 (*) : -1--0--0-------0----------
288     : ['ep_epoch1(node0)', '~ep_epoch0(node1)', '~ep_epoch3(node1)', '~locked_epoch2(node1)']
287     : 0--0-1--------0-----------
287     : ['ep_epoch1(node1)', '~ep_epoch0(node0)', '~ep_epoch3(node0)', '~locked_epoch2(node0)']
num_forall :   0
num_exists :   0
num_literals : 0
quantified form : None
qcost : 0


=== Prime Orbit 88 =====================
size : 2
num_suborbits: 1
286 (*) : -1--0----0-----0----------
286     : ['ep_epoch1(node0)', '~ep_epoch0(node1)', '~held(node1)', '~locked_epoch2(node1)']
285     : 0----1--0-----0-----------
285     : ['ep_epoch1(node1)', '~ep_epoch0(node0)', '~held(node0)', '~locked_epoch2(node0)']
num_forall :   0
num_exists :   0
num_literals : 0
quantified form : None
qcost : 0


=== Prime Orbit 89 =====================
size : 2
num_suborbits: 1
290 (*) : -1--0----------0-0--------
290     : ['ep_epoch1(node0)', '~ep_epoch0(node1)', '~locked_epoch2(node1)', '~locked_epoch3(node1)']
289     : 0----1--------0-0---------
289     : ['ep_epoch1(node1)', '~ep_epoch0(node0)', '~locked_epoch2(node0)', '~locked_epoch3(node0)']
num_forall :   0
num_exists :   0
num_literals : 0
quantified form : None
qcost : 0


=== Prime Orbit 90 =====================
size : 2
num_suborbits: 1
467 (*) : --1-0---1---1-------------
467     : ['ep_epoch2(node0)', 'held(node0)', 'locked_epoch1(node0)', '~ep_epoch0(node1)']
468     : 0-----1--1---1------------
468     : ['ep_epoch2(node1)', 'held(node1)', 'locked_epoch1(node1)', '~ep_epoch0(node0)']
num_forall :   0
num_exists :   0
num_literals : 0
quantified form : None
qcost : 0


=== Prime Orbit 91 =====================
size : 2
num_suborbits: 1
469 (*) : --1--0--1----1------------
469     : ['ep_epoch2(node0)', 'held(node0)', 'locked_epoch1(node1)', '~ep_epoch1(node1)']
470     : -0----1--1--1-------------
470     : ['ep_epoch2(node1)', 'held(node1)', 'locked_epoch1(node0)', '~ep_epoch1(node0)']
num_forall :   0
num_exists :   0
num_literals : 0
quantified form : None
qcost : 0


=== Prime Orbit 92 =====================
size : 2
num_suborbits: 1
475 (*) : --1-00--1-----------------
475     : ['ep_epoch2(node0)', 'held(node0)', '~ep_epoch0(node1)', '~ep_epoch1(node1)']
476     : 00----1--1----------------
476     : ['ep_epoch2(node1)', 'held(node1)', '~ep_epoch0(node0)', '~ep_epoch1(node0)']
num_forall :   0
num_exists :   0
num_literals : 0
quantified form : None
qcost : 0


=== Prime Orbit 93 =====================
size : 2
num_suborbits: 1
471 (*) : --1-0---1----0------------
471     : ['ep_epoch2(node0)', 'held(node0)', '~ep_epoch0(node1)', '~locked_epoch1(node1)']
472     : 0-----1--1--0-------------
472     : ['ep_epoch2(node1)', 'held(node1)', '~ep_epoch0(node0)', '~locked_epoch1(node0)']
num_forall :   0
num_exists :   0
num_literals : 0
quantified form : None
qcost : 0


=== Prime Orbit 94 =====================
size : 2
num_suborbits: 1
473 (*) : --1--0--1---0-------------
473     : ['ep_epoch2(node0)', 'held(node0)', '~ep_epoch1(node1)', '~locked_epoch1(node0)']
474     : -0----1--1---0------------
474     : ['ep_epoch2(node1)', 'held(node1)', '~ep_epoch1(node0)', '~locked_epoch1(node1)']
num_forall :   0
num_exists :   0
num_literals : 0
quantified form : None
qcost : 0


=== Prime Orbit 95 =====================
size : 4
num_suborbits: 2
499 (*) : --1-0-------1-----------1-
499     : ['ep_epoch2(node0)', 'locked_epoch1(node0)', 'transfer_epoch3(node0)', '~ep_epoch0(node1)']
552     : --1-0-------1------------1
552     : ['ep_epoch2(node0)', 'locked_epoch1(node0)', 'transfer_epoch3(node1)', '~ep_epoch0(node1)']
551     : 0-----1------1----------1-
551     : ['ep_epoch2(node1)', 'locked_epoch1(node1)', 'transfer_epoch3(node0)', '~ep_epoch0(node0)']
500     : 0-----1------1-----------1
500     : ['ep_epoch2(node1)', 'locked_epoch1(node1)', 'transfer_epoch3(node1)', '~ep_epoch0(node0)']
num_forall :   0
num_exists :   0
num_literals : 0
quantified form : None
qcost : 0


=== Prime Orbit 96 =====================
size : 2
num_suborbits: 1
455 (*) : --1-0--0----1-------------
455     : ['ep_epoch2(node0)', 'locked_epoch1(node0)', '~ep_epoch0(node1)', '~ep_epoch3(node1)']
456     : 0--0--1------1------------
456     : ['ep_epoch2(node1)', 'locked_epoch1(node1)', '~ep_epoch0(node0)', '~ep_epoch3(node0)']
num_forall :   0
num_exists :   0
num_literals : 0
quantified form : None
qcost : 0


=== Prime Orbit 97 =====================
size : 2
num_suborbits: 1
457 (*) : --1-0----0--1-------------
457     : ['ep_epoch2(node0)', 'locked_epoch1(node0)', '~ep_epoch0(node1)', '~held(node1)']
458     : 0-----1-0----1------------
458     : ['ep_epoch2(node1)', 'locked_epoch1(node1)', '~ep_epoch0(node0)', '~held(node0)']
num_forall :   0
num_exists :   0
num_literals : 0
quantified form : None
qcost : 0


=== Prime Orbit 98 =====================
size : 2
num_suborbits: 1
437 (*) : --1-0-------1----0--------
437     : ['ep_epoch2(node0)', 'locked_epoch1(node0)', '~ep_epoch0(node1)', '~locked_epoch3(node1)']
438     : 0-----1------1--0---------
438     : ['ep_epoch2(node1)', 'locked_epoch1(node1)', '~ep_epoch0(node0)', '~locked_epoch3(node0)']
num_forall :   0
num_exists :   0
num_literals : 0
quantified form : None
qcost : 0


=== Prime Orbit 99 =====================
size : 4
num_suborbits: 2
517 (*) : --1--0-------1----------1-
517     : ['ep_epoch2(node0)', 'locked_epoch1(node1)', 'transfer_epoch3(node0)', '~ep_epoch1(node1)']
574     : --1--0-------1-----------1
574     : ['ep_epoch2(node0)', 'locked_epoch1(node1)', 'transfer_epoch3(node1)', '~ep_epoch1(node1)']
573     : -0----1-----1-----------1-
573     : ['ep_epoch2(node1)', 'locked_epoch1(node0)', 'transfer_epoch3(node0)', '~ep_epoch1(node0)']
518     : -0----1-----1------------1
518     : ['ep_epoch2(node1)', 'locked_epoch1(node0)', 'transfer_epoch3(node1)', '~ep_epoch1(node0)']
num_forall :   0
num_exists :   0
num_literals : 0
quantified form : None
qcost : 0


=== Prime Orbit 100 =====================
size : 2
num_suborbits: 1
447 (*) : --1--0-0-----1------------
447     : ['ep_epoch2(node0)', 'locked_epoch1(node1)', '~ep_epoch1(node1)', '~ep_epoch3(node1)']
448     : -0-0--1-----1-------------
448     : ['ep_epoch2(node1)', 'locked_epoch1(node0)', '~ep_epoch1(node0)', '~ep_epoch3(node0)']
num_forall :   0
num_exists :   0
num_literals : 0
quantified form : None
qcost : 0


=== Prime Orbit 101 =====================
size : 2
num_suborbits: 1
461 (*) : --1--0---0---1------------
461     : ['ep_epoch2(node0)', 'locked_epoch1(node1)', '~ep_epoch1(node1)', '~held(node1)']
462     : -0----1-0---1-------------
462     : ['ep_epoch2(node1)', 'locked_epoch1(node0)', '~ep_epoch1(node0)', '~held(node0)']
num_forall :   0
num_exists :   0
num_literals : 0
quantified form : None
qcost : 0


=== Prime Orbit 102 =====================
size : 2
num_suborbits: 1
445 (*) : --1--0-------1---0--------
445     : ['ep_epoch2(node0)', 'locked_epoch1(node1)', '~ep_epoch1(node1)', '~locked_epoch3(node1)']
446     : -0----1-----1---0---------
446     : ['ep_epoch2(node1)', 'locked_epoch1(node0)', '~ep_epoch1(node0)', '~locked_epoch3(node0)']
num_forall :   0
num_exists :   0
num_literals : 0
quantified form : None
qcost : 0


=== Prime Orbit 103 =====================
size : 4
num_suborbits: 2
497 (*) : --1-00------------------1-
497     : ['ep_epoch2(node0)', 'transfer_epoch3(node0)', '~ep_epoch0(node1)', '~ep_epoch1(node1)']
550     : --1-00-------------------1
550     : ['ep_epoch2(node0)', 'transfer_epoch3(node1)', '~ep_epoch0(node1)', '~ep_epoch1(node1)']
549     : 00----1-----------------1-
549     : ['ep_epoch2(node1)', 'transfer_epoch3(node0)', '~ep_epoch0(node0)', '~ep_epoch1(node0)']
498     : 00----1------------------1
498     : ['ep_epoch2(node1)', 'transfer_epoch3(node1)', '~ep_epoch0(node0)', '~ep_epoch1(node0)']
num_forall :   0
num_exists :   0
num_literals : 0
quantified form : None
qcost : 0


=== Prime Orbit 104 =====================
size : 4
num_suborbits: 2
575 (*) : --1-0--------0----------1-
575     : ['ep_epoch2(node0)', 'transfer_epoch3(node0)', '~ep_epoch0(node1)', '~locked_epoch1(node1)']
554     : --1-0--------0-----------1
554     : ['ep_epoch2(node0)', 'transfer_epoch3(node1)', '~ep_epoch0(node1)', '~locked_epoch1(node1)']
553     : 0-----1-----0-----------1-
553     : ['ep_epoch2(node1)', 'transfer_epoch3(node0)', '~ep_epoch0(node0)', '~locked_epoch1(node0)']
576     : 0-----1-----0------------1
576     : ['ep_epoch2(node1)', 'transfer_epoch3(node1)', '~ep_epoch0(node0)', '~locked_epoch1(node0)']
num_forall :   0
num_exists :   0
num_literals : 0
quantified form : None
qcost : 0


=== Prime Orbit 105 =====================
size : 4
num_suborbits: 2
525 (*) : --1--0------0-----------1-
525     : ['ep_epoch2(node0)', 'transfer_epoch3(node0)', '~ep_epoch1(node1)', '~locked_epoch1(node0)']
562     : --1--0------0------------1
562     : ['ep_epoch2(node0)', 'transfer_epoch3(node1)', '~ep_epoch1(node1)', '~locked_epoch1(node0)']
561     : -0----1------0----------1-
561     : ['ep_epoch2(node1)', 'transfer_epoch3(node0)', '~ep_epoch1(node0)', '~locked_epoch1(node1)']
526     : -0----1------0-----------1
526     : ['ep_epoch2(node1)', 'transfer_epoch3(node1)', '~ep_epoch1(node0)', '~locked_epoch1(node1)']
num_forall :   0
num_exists :   0
num_literals : 0
quantified form : None
qcost : 0


=== Prime Orbit 106 =====================
size : 2
num_suborbits: 1
449 (*) : --1-00-0------------------
449     : ['ep_epoch2(node0)', '~ep_epoch0(node1)', '~ep_epoch1(node1)', '~ep_epoch3(node1)']
450     : 00-0--1-------------------
450     : ['ep_epoch2(node1)', '~ep_epoch0(node0)', '~ep_epoch1(node0)', '~ep_epoch3(node0)']
num_forall :   0
num_exists :   0
num_literals : 0
quantified form : None
qcost : 0


=== Prime Orbit 107 =====================
size : 2
num_suborbits: 1
459 (*) : --1-00---0----------------
459     : ['ep_epoch2(node0)', '~ep_epoch0(node1)', '~ep_epoch1(node1)', '~held(node1)']
460     : 00----1-0-----------------
460     : ['ep_epoch2(node1)', '~ep_epoch0(node0)', '~ep_epoch1(node0)', '~held(node0)']
num_forall :   0
num_exists :   0
num_literals : 0
quantified form : None
qcost : 0


=== Prime Orbit 108 =====================
size : 2
num_suborbits: 1
441 (*) : --1-00-----------0--------
441     : ['ep_epoch2(node0)', '~ep_epoch0(node1)', '~ep_epoch1(node1)', '~locked_epoch3(node1)']
442     : 00----1---------0---------
442     : ['ep_epoch2(node1)', '~ep_epoch0(node0)', '~ep_epoch1(node0)', '~locked_epoch3(node0)']
num_forall :   0
num_exists :   0
num_literals : 0
quantified form : None
qcost : 0


=== Prime Orbit 109 =====================
size : 2
num_suborbits: 1
453 (*) : --1-0--0-----0------------
453     : ['ep_epoch2(node0)', '~ep_epoch0(node1)', '~ep_epoch3(node1)', '~locked_epoch1(node1)']
454     : 0--0--1-----0-------------
454     : ['ep_epoch2(node1)', '~ep_epoch0(node0)', '~ep_epoch3(node0)', '~locked_epoch1(node0)']
num_forall :   0
num_exists :   0
num_literals : 0
quantified form : None
qcost : 0


=== Prime Orbit 110 =====================
size : 2
num_suborbits: 1
463 (*) : --1-0----0---0------------
463     : ['ep_epoch2(node0)', '~ep_epoch0(node1)', '~held(node1)', '~locked_epoch1(node1)']
464     : 0-----1-0---0-------------
464     : ['ep_epoch2(node1)', '~ep_epoch0(node0)', '~held(node0)', '~locked_epoch1(node0)']
num_forall :   0
num_exists :   0
num_literals : 0
quantified form : None
qcost : 0


=== Prime Orbit 111 =====================
size : 2
num_suborbits: 1
439 (*) : --1-0--------0---0--------
439     : ['ep_epoch2(node0)', '~ep_epoch0(node1)', '~locked_epoch1(node1)', '~locked_epoch3(node1)']
440     : 0-----1-----0---0---------
440     : ['ep_epoch2(node1)', '~ep_epoch0(node0)', '~locked_epoch1(node0)', '~locked_epoch3(node0)']
num_forall :   0
num_exists :   0
num_literals : 0
quantified form : None
qcost : 0


=== Prime Orbit 112 =====================
size : 2
num_suborbits: 1
451 (*) : --1--0-0----0-------------
451     : ['ep_epoch2(node0)', '~ep_epoch1(node1)', '~ep_epoch3(node1)', '~locked_epoch1(node0)']
452     : -0-0--1------0------------
452     : ['ep_epoch2(node1)', '~ep_epoch1(node0)', '~ep_epoch3(node0)', '~locked_epoch1(node1)']
num_forall :   0
num_exists :   0
num_literals : 0
quantified form : None
qcost : 0


=== Prime Orbit 113 =====================
size : 2
num_suborbits: 1
465 (*) : --1--0---0--0-------------
465     : ['ep_epoch2(node0)', '~ep_epoch1(node1)', '~held(node1)', '~locked_epoch1(node0)']
466     : -0----1-0----0------------
466     : ['ep_epoch2(node1)', '~ep_epoch1(node0)', '~held(node0)', '~locked_epoch1(node1)']
num_forall :   0
num_exists :   0
num_literals : 0
quantified form : None
qcost : 0


=== Prime Orbit 114 =====================
size : 2
num_suborbits: 1
443 (*) : --1--0------0----0--------
443     : ['ep_epoch2(node0)', '~ep_epoch1(node1)', '~locked_epoch1(node0)', '~locked_epoch3(node1)']
444     : -0----1------0--0---------
444     : ['ep_epoch2(node1)', '~ep_epoch1(node0)', '~locked_epoch1(node1)', '~locked_epoch3(node0)']
num_forall :   0
num_exists :   0
num_literals : 0
quantified form : None
qcost : 0


=== Prime Orbit 115 =====================
size : 2
num_suborbits: 1
404 (*) : ---10-------1-1-----------
404     : ['ep_epoch3(node0)', 'locked_epoch1(node0)', 'locked_epoch2(node0)', '~ep_epoch0(node1)']
403     : 0------1-----1-1----------
403     : ['ep_epoch3(node1)', 'locked_epoch1(node1)', 'locked_epoch2(node1)', '~ep_epoch0(node0)']
num_forall :   0
num_exists :   0
num_literals : 0
quantified form : None
qcost : 0


=== Prime Orbit 116 =====================
size : 2
num_suborbits: 1
380 (*) : ---10-0-----1-------------
380     : ['ep_epoch3(node0)', 'locked_epoch1(node0)', '~ep_epoch0(node1)', '~ep_epoch2(node1)']
379     : 0-0----1-----1------------
379     : ['ep_epoch3(node1)', 'locked_epoch1(node1)', '~ep_epoch0(node0)', '~ep_epoch2(node0)']
num_forall :   0
num_exists :   0
num_literals : 0
quantified form : None
qcost : 0


=== Prime Orbit 117 =====================
size : 2
num_suborbits: 1
382 (*) : ---10-------1--0----------
382     : ['ep_epoch3(node0)', 'locked_epoch1(node0)', '~ep_epoch0(node1)', '~locked_epoch2(node1)']
381     : 0------1-----10-----------
381     : ['ep_epoch3(node1)', 'locked_epoch1(node1)', '~ep_epoch0(node0)', '~locked_epoch2(node0)']
num_forall :   0
num_exists :   0
num_literals : 0
quantified form : None
qcost : 0


=== Prime Orbit 118 =====================
size : 2
num_suborbits: 1
232 (*) : ---1-0-------11-----------
232     : ['ep_epoch3(node0)', 'locked_epoch1(node1)', 'locked_epoch2(node0)', '~ep_epoch1(node1)']
231     : -0-----1----1--1----------
231     : ['ep_epoch3(node1)', 'locked_epoch1(node0)', 'locked_epoch2(node1)', '~ep_epoch1(node0)']
num_forall :   0
num_exists :   0
num_literals : 0
quantified form : None
qcost : 0


=== Prime Orbit 119 =====================
size : 2
num_suborbits: 1
246 (*) : ---1-00------1------------
246     : ['ep_epoch3(node0)', 'locked_epoch1(node1)', '~ep_epoch1(node1)', '~ep_epoch2(node1)']
245     : -00----1----1-------------
245     : ['ep_epoch3(node1)', 'locked_epoch1(node0)', '~ep_epoch1(node0)', '~ep_epoch2(node0)']
num_forall :   0
num_exists :   0
num_literals : 0
quantified form : None
qcost : 0


=== Prime Orbit 120 =====================
size : 2
num_suborbits: 1
244 (*) : ---1-0-------1-0----------
244     : ['ep_epoch3(node0)', 'locked_epoch1(node1)', '~ep_epoch1(node1)', '~locked_epoch2(node1)']
243     : -0-----1----1-0-----------
243     : ['ep_epoch3(node1)', 'locked_epoch1(node0)', '~ep_epoch1(node0)', '~locked_epoch2(node0)']
num_forall :   0
num_exists :   0
num_literals : 0
quantified form : None
qcost : 0


=== Prime Orbit 121 =====================
size : 2
num_suborbits: 1
218 (*) : ---100--------1-----------
218     : ['ep_epoch3(node0)', 'locked_epoch2(node0)', '~ep_epoch0(node1)', '~ep_epoch1(node1)']
217     : 00-----1-------1----------
217     : ['ep_epoch3(node1)', 'locked_epoch2(node1)', '~ep_epoch0(node0)', '~ep_epoch1(node0)']
num_forall :   0
num_exists :   0
num_literals : 0
quantified form : None
qcost : 0


=== Prime Orbit 122 =====================
size : 2
num_suborbits: 1
406 (*) : ---10--------01-----------
406     : ['ep_epoch3(node0)', 'locked_epoch2(node0)', '~ep_epoch0(node1)', '~locked_epoch1(node1)']
405     : 0------1----0--1----------
405     : ['ep_epoch3(node1)', 'locked_epoch2(node1)', '~ep_epoch0(node0)', '~locked_epoch1(node0)']
num_forall :   0
num_exists :   0
num_literals : 0
quantified form : None
qcost : 0


=== Prime Orbit 123 =====================
size : 2
num_suborbits: 1
242 (*) : ---1-0------0-1-----------
242     : ['ep_epoch3(node0)', 'locked_epoch2(node0)', '~ep_epoch1(node1)', '~locked_epoch1(node0)']
241     : -0-----1-----0-1----------
241     : ['ep_epoch3(node1)', 'locked_epoch2(node1)', '~ep_epoch1(node0)', '~locked_epoch1(node1)']
num_forall :   0
num_exists :   0
num_literals : 0
quantified form : None
qcost : 0


=== Prime Orbit 124 =====================
size : 2
num_suborbits: 1
206 (*) : ---1000-------------------
206     : ['ep_epoch3(node0)', '~ep_epoch0(node1)', '~ep_epoch1(node1)', '~ep_epoch2(node1)']
205     : 000----1------------------
205     : ['ep_epoch3(node1)', '~ep_epoch0(node0)', '~ep_epoch1(node0)', '~ep_epoch2(node0)']
num_forall :   0
num_exists :   0
num_literals : 0
quantified form : None
qcost : 0


=== Prime Orbit 125 =====================
size : 2
num_suborbits: 1
204 (*) : ---100---------0----------
204     : ['ep_epoch3(node0)', '~ep_epoch0(node1)', '~ep_epoch1(node1)', '~locked_epoch2(node1)']
203     : 00-----1------0-----------
203     : ['ep_epoch3(node1)', '~ep_epoch0(node0)', '~ep_epoch1(node0)', '~locked_epoch2(node0)']
num_forall :   0
num_exists :   0
num_literals : 0
quantified form : None
qcost : 0


=== Prime Orbit 126 =====================
size : 2
num_suborbits: 1
378 (*) : ---10-0------0------------
378     : ['ep_epoch3(node0)', '~ep_epoch0(node1)', '~ep_epoch2(node1)', '~locked_epoch1(node1)']
377     : 0-0----1----0-------------
377     : ['ep_epoch3(node1)', '~ep_epoch0(node0)', '~ep_epoch2(node0)', '~locked_epoch1(node0)']
num_forall :   0
num_exists :   0
num_literals : 0
quantified form : None
qcost : 0


=== Prime Orbit 127 =====================
size : 2
num_suborbits: 1
376 (*) : ---10--------0-0----------
376     : ['ep_epoch3(node0)', '~ep_epoch0(node1)', '~locked_epoch1(node1)', '~locked_epoch2(node1)']
375     : 0------1----0-0-----------
375     : ['ep_epoch3(node1)', '~ep_epoch0(node0)', '~locked_epoch1(node0)', '~locked_epoch2(node0)']
num_forall :   0
num_exists :   0
num_literals : 0
quantified form : None
qcost : 0


=== Prime Orbit 128 =====================
size : 2
num_suborbits: 1
250 (*) : ---1-00-----0-------------
250     : ['ep_epoch3(node0)', '~ep_epoch1(node1)', '~ep_epoch2(node1)', '~locked_epoch1(node0)']
249     : -00----1-----0------------
249     : ['ep_epoch3(node1)', '~ep_epoch1(node0)', '~ep_epoch2(node0)', '~locked_epoch1(node1)']
num_forall :   0
num_exists :   0
num_literals : 0
quantified form : None
qcost : 0


=== Prime Orbit 129 =====================
size : 2
num_suborbits: 1
248 (*) : ---1-0------0--0----------
248     : ['ep_epoch3(node0)', '~ep_epoch1(node1)', '~locked_epoch1(node0)', '~locked_epoch2(node1)']
247     : -0-----1-----00-----------
247     : ['ep_epoch3(node1)', '~ep_epoch1(node0)', '~locked_epoch1(node1)', '~locked_epoch2(node0)']
num_forall :   0
num_exists :   0
num_literals : 0
quantified form : None
qcost : 0


=== Prime Orbit 130 =====================
size : 2
num_suborbits: 1
398 (*) : ----0---1---1-1-----------
398     : ['held(node0)', 'locked_epoch1(node0)', 'locked_epoch2(node0)', '~ep_epoch0(node1)']
397     : 0--------1---1-1----------
397     : ['held(node1)', 'locked_epoch1(node1)', 'locked_epoch2(node1)', '~ep_epoch0(node0)']
num_forall :   0
num_exists :   0
num_literals : 0
quantified form : None
qcost : 0


=== Prime Orbit 131 =====================
size : 2
num_suborbits: 1
322 (*) : ----0-0-1---1-------------
322     : ['held(node0)', 'locked_epoch1(node0)', '~ep_epoch0(node1)', '~ep_epoch2(node1)']
321     : 0-0------1---1------------
321     : ['held(node1)', 'locked_epoch1(node1)', '~ep_epoch0(node0)', '~ep_epoch2(node0)']
num_forall :   0
num_exists :   0
num_literals : 0
quantified form : None
qcost : 0


=== Prime Orbit 132 =====================
size : 2
num_suborbits: 1
336 (*) : ---00---1---1-------------
336     : ['held(node0)', 'locked_epoch1(node0)', '~ep_epoch0(node1)', '~ep_epoch3(node0)']
335     : 0------0-1---1------------
335     : ['held(node1)', 'locked_epoch1(node1)', '~ep_epoch0(node0)', '~ep_epoch3(node1)']
num_forall :   0
num_exists :   0
num_literals : 0
quantified form : None
qcost : 0


=== Prime Orbit 133 =====================
size : 2
num_suborbits: 1
324 (*) : ----0---1---1--0----------
324     : ['held(node0)', 'locked_epoch1(node0)', '~ep_epoch0(node1)', '~locked_epoch2(node1)']
323     : 0--------1---10-----------
323     : ['held(node1)', 'locked_epoch1(node1)', '~ep_epoch0(node0)', '~locked_epoch2(node0)']
num_forall :   0
num_exists :   0
num_literals : 0
quantified form : None
qcost : 0


=== Prime Orbit 134 =====================
size : 2
num_suborbits: 1
320 (*) : ----0---1---1---0---------
320     : ['held(node0)', 'locked_epoch1(node0)', '~ep_epoch0(node1)', '~locked_epoch3(node0)']
319     : 0--------1---1---0--------
319     : ['held(node1)', 'locked_epoch1(node1)', '~ep_epoch0(node0)', '~locked_epoch3(node1)']
num_forall :   0
num_exists :   0
num_literals : 0
quantified form : None
qcost : 0


=== Prime Orbit 135 =====================
size : 2
num_suborbits: 1
230 (*) : -----0--1----11-----------
230     : ['held(node0)', 'locked_epoch1(node1)', 'locked_epoch2(node0)', '~ep_epoch1(node1)']
229     : -0-------1--1--1----------
229     : ['held(node1)', 'locked_epoch1(node0)', 'locked_epoch2(node1)', '~ep_epoch1(node0)']
num_forall :   0
num_exists :   0
num_literals : 0
quantified form : None
qcost : 0


=== Prime Orbit 136 =====================
size : 2
num_suborbits: 1
260 (*) : -----00-1----1------------
260     : ['held(node0)', 'locked_epoch1(node1)', '~ep_epoch1(node1)', '~ep_epoch2(node1)']
259     : -00------1--1-------------
259     : ['held(node1)', 'locked_epoch1(node0)', '~ep_epoch1(node0)', '~ep_epoch2(node0)']
num_forall :   0
num_exists :   0
num_literals : 0
quantified form : None
qcost : 0


=== Prime Orbit 137 =====================
size : 2
num_suborbits: 1
264 (*) : ---0-0--1----1------------
264     : ['held(node0)', 'locked_epoch1(node1)', '~ep_epoch1(node1)', '~ep_epoch3(node0)']
263     : -0-----0-1--1-------------
263     : ['held(node1)', 'locked_epoch1(node0)', '~ep_epoch1(node0)', '~ep_epoch3(node1)']
num_forall :   0
num_exists :   0
num_literals : 0
quantified form : None
qcost : 0


=== Prime Orbit 138 =====================
size : 2
num_suborbits: 1
262 (*) : -----0--1----1-0----------
262     : ['held(node0)', 'locked_epoch1(node1)', '~ep_epoch1(node1)', '~locked_epoch2(node1)']
261     : -0-------1--1-0-----------
261     : ['held(node1)', 'locked_epoch1(node0)', '~ep_epoch1(node0)', '~locked_epoch2(node0)']
num_forall :   0
num_exists :   0
num_literals : 0
quantified form : None
qcost : 0


=== Prime Orbit 139 =====================
size : 2
num_suborbits: 1
282 (*) : -----0--1----1--0---------
282     : ['held(node0)', 'locked_epoch1(node1)', '~ep_epoch1(node1)', '~locked_epoch3(node0)']
281     : -0-------1--1----0--------
281     : ['held(node1)', 'locked_epoch1(node0)', '~ep_epoch1(node0)', '~locked_epoch3(node1)']
num_forall :   0
num_exists :   0
num_literals : 0
quantified form : None
qcost : 0


=== Prime Orbit 140 =====================
size : 2
num_suborbits: 1
308 (*) : --00----1----1------------
308     : ['held(node0)', 'locked_epoch1(node1)', '~ep_epoch2(node0)', '~ep_epoch3(node0)']
307     : ------00-1--1-------------
307     : ['held(node1)', 'locked_epoch1(node0)', '~ep_epoch2(node1)', '~ep_epoch3(node1)']
num_forall :   0
num_exists :   0
num_literals : 0
quantified form : None
qcost : 0


=== Prime Orbit 141 =====================
size : 2
num_suborbits: 1
306 (*) : --0-----1----1--0---------
306     : ['held(node0)', 'locked_epoch1(node1)', '~ep_epoch2(node0)', '~locked_epoch3(node0)']
305     : ------0--1--1----0--------
305     : ['held(node1)', 'locked_epoch1(node0)', '~ep_epoch2(node1)', '~locked_epoch3(node1)']
num_forall :   0
num_exists :   0
num_literals : 0
quantified form : None
qcost : 0


=== Prime Orbit 142 =====================
size : 2
num_suborbits: 1
310 (*) : ---0----1----10-----------
310     : ['held(node0)', 'locked_epoch1(node1)', '~ep_epoch3(node0)', '~locked_epoch2(node0)']
309     : -------0-1--1--0----------
309     : ['held(node1)', 'locked_epoch1(node0)', '~ep_epoch3(node1)', '~locked_epoch2(node1)']
num_forall :   0
num_exists :   0
num_literals : 0
quantified form : None
qcost : 0


=== Prime Orbit 143 =====================
size : 2
num_suborbits: 1
304 (*) : --------1----10-0---------
304     : ['held(node0)', 'locked_epoch1(node1)', '~locked_epoch2(node0)', '~locked_epoch3(node0)']
303     : ---------1--1--0-0--------
303     : ['held(node1)', 'locked_epoch1(node0)', '~locked_epoch2(node1)', '~locked_epoch3(node1)']
num_forall :   0
num_exists :   0
num_literals : 0
quantified form : None
qcost : 0


=== Prime Orbit 144 =====================
size : 2
num_suborbits: 1
216 (*) : ----00--1-----1-----------
216     : ['held(node0)', 'locked_epoch2(node0)', '~ep_epoch0(node1)', '~ep_epoch1(node1)']
215     : 00-------1-----1----------
215     : ['held(node1)', 'locked_epoch2(node1)', '~ep_epoch0(node0)', '~ep_epoch1(node0)']
num_forall :   0
num_exists :   0
num_literals : 0
quantified form : None
qcost : 0


=== Prime Orbit 145 =====================
size : 2
num_suborbits: 1
396 (*) : ----0---1----01-----------
396     : ['held(node0)', 'locked_epoch2(node0)', '~ep_epoch0(node1)', '~locked_epoch1(node1)']
395     : 0--------1--0--1----------
395     : ['held(node1)', 'locked_epoch2(node1)', '~ep_epoch0(node0)', '~locked_epoch1(node0)']
num_forall :   0
num_exists :   0
num_literals : 0
quantified form : None
qcost : 0


=== Prime Orbit 146 =====================
size : 2
num_suborbits: 1
240 (*) : -----0--1---0-1-----------
240     : ['held(node0)', 'locked_epoch2(node0)', '~ep_epoch1(node1)', '~locked_epoch1(node0)']
239     : -0-------1---0-1----------
239     : ['held(node1)', 'locked_epoch2(node1)', '~ep_epoch1(node0)', '~locked_epoch1(node1)']
num_forall :   0
num_exists :   0
num_literals : 0
quantified form : None
qcost : 0


=== Prime Orbit 147 =====================
size : 2
num_suborbits: 1
202 (*) : ----000-1-----------------
202     : ['held(node0)', '~ep_epoch0(node1)', '~ep_epoch1(node1)', '~ep_epoch2(node1)']
201     : 000------1----------------
201     : ['held(node1)', '~ep_epoch0(node0)', '~ep_epoch1(node0)', '~ep_epoch2(node0)']
num_forall :   0
num_exists :   0
num_literals : 0
quantified form : None
qcost : 0


=== Prime Orbit 148 =====================
size : 2
num_suborbits: 1
198 (*) : ---000--1-----------------
198     : ['held(node0)', '~ep_epoch0(node1)', '~ep_epoch1(node1)', '~ep_epoch3(node0)']
197     : 00-----0-1----------------
197     : ['held(node1)', '~ep_epoch0(node0)', '~ep_epoch1(node0)', '~ep_epoch3(node1)']
num_forall :   0
num_exists :   0
num_literals : 0
quantified form : None
qcost : 0


=== Prime Orbit 149 =====================
size : 2
num_suborbits: 1
200 (*) : ----00--1------0----------
200     : ['held(node0)', '~ep_epoch0(node1)', '~ep_epoch1(node1)', '~locked_epoch2(node1)']
199     : 00-------1----0-----------
199     : ['held(node1)', '~ep_epoch0(node0)', '~ep_epoch1(node0)', '~locked_epoch2(node0)']
num_forall :   0
num_exists :   0
num_literals : 0
quantified form : None
qcost : 0


=== Prime Orbit 150 =====================
size : 2
num_suborbits: 1
196 (*) : ----00--1-------0---------
196     : ['held(node0)', '~ep_epoch0(node1)', '~ep_epoch1(node1)', '~locked_epoch3(node0)']
195     : 00-------1-------0--------
195     : ['held(node1)', '~ep_epoch0(node0)', '~ep_epoch1(node0)', '~locked_epoch3(node1)']
num_forall :   0
num_exists :   0
num_literals : 0
quantified form : None
qcost : 0


=== Prime Orbit 151 =====================
size : 2
num_suborbits: 1
340 (*) : --000---1-----------------
340     : ['held(node0)', '~ep_epoch0(node1)', '~ep_epoch2(node0)', '~ep_epoch3(node0)']
339     : 0-----00-1----------------
339     : ['held(node1)', '~ep_epoch0(node0)', '~ep_epoch2(node1)', '~ep_epoch3(node1)']
num_forall :   0
num_exists :   0
num_literals : 0
quantified form : None
qcost : 0


=== Prime Orbit 152 =====================
size : 2
num_suborbits: 1
332 (*) : --0-0---1-------0---------
332     : ['held(node0)', '~ep_epoch0(node1)', '~ep_epoch2(node0)', '~locked_epoch3(node0)']
331     : 0-----0--1-------0--------
331     : ['held(node1)', '~ep_epoch0(node0)', '~ep_epoch2(node1)', '~locked_epoch3(node1)']
num_forall :   0
num_exists :   0
num_literals : 0
quantified form : None
qcost : 0


=== Prime Orbit 153 =====================
size : 2
num_suborbits: 1
326 (*) : ----0-0-1----0------------
326     : ['held(node0)', '~ep_epoch0(node1)', '~ep_epoch2(node1)', '~locked_epoch1(node1)']
325     : 0-0------1--0-------------
325     : ['held(node1)', '~ep_epoch0(node0)', '~ep_epoch2(node0)', '~locked_epoch1(node0)']
num_forall :   0
num_exists :   0
num_literals : 0
quantified form : None
qcost : 0


=== Prime Orbit 154 =====================
size : 2
num_suborbits: 1
338 (*) : ---00---1----0------------
338     : ['held(node0)', '~ep_epoch0(node1)', '~ep_epoch3(node0)', '~locked_epoch1(node1)']
337     : 0------0-1--0-------------
337     : ['held(node1)', '~ep_epoch0(node0)', '~ep_epoch3(node1)', '~locked_epoch1(node0)']
num_forall :   0
num_exists :   0
num_literals : 0
quantified form : None
qcost : 0


=== Prime Orbit 155 =====================
size : 2
num_suborbits: 1
342 (*) : ---00---1-----0-----------
342     : ['held(node0)', '~ep_epoch0(node1)', '~ep_epoch3(node0)', '~locked_epoch2(node0)']
341     : 0------0-1-----0----------
341     : ['held(node1)', '~ep_epoch0(node0)', '~ep_epoch3(node1)', '~locked_epoch2(node1)']
num_forall :   0
num_exists :   0
num_literals : 0
quantified form : None
qcost : 0


=== Prime Orbit 156 =====================
size : 2
num_suborbits: 1
328 (*) : ----0---1----0-0----------
328     : ['held(node0)', '~ep_epoch0(node1)', '~locked_epoch1(node1)', '~locked_epoch2(node1)']
327     : 0--------1--0-0-----------
327     : ['held(node1)', '~ep_epoch0(node0)', '~locked_epoch1(node0)', '~locked_epoch2(node0)']
num_forall :   0
num_exists :   0
num_literals : 0
quantified form : None
qcost : 0


=== Prime Orbit 157 =====================
size : 2
num_suborbits: 1
330 (*) : ----0---1----0--0---------
330     : ['held(node0)', '~ep_epoch0(node1)', '~locked_epoch1(node1)', '~locked_epoch3(node0)']
329     : 0--------1--0----0--------
329     : ['held(node1)', '~ep_epoch0(node0)', '~locked_epoch1(node0)', '~locked_epoch3(node1)']
num_forall :   0
num_exists :   0
num_literals : 0
quantified form : None
qcost : 0


=== Prime Orbit 158 =====================
size : 2
num_suborbits: 1
334 (*) : ----0---1-----0-0---------
334     : ['held(node0)', '~ep_epoch0(node1)', '~locked_epoch2(node0)', '~locked_epoch3(node0)']
333     : 0--------1-----0-0--------
333     : ['held(node1)', '~ep_epoch0(node0)', '~locked_epoch2(node1)', '~locked_epoch3(node1)']
num_forall :   0
num_exists :   0
num_literals : 0
quantified form : None
qcost : 0


=== Prime Orbit 159 =====================
size : 2
num_suborbits: 1
298 (*) : -000----1-----------------
298     : ['held(node0)', '~ep_epoch1(node0)', '~ep_epoch2(node0)', '~ep_epoch3(node0)']
297     : -----000-1----------------
297     : ['held(node1)', '~ep_epoch1(node1)', '~ep_epoch2(node1)', '~ep_epoch3(node1)']
num_forall :   0
num_exists :   0
num_literals : 0
quantified form : None
qcost : 0


=== Prime Orbit 160 =====================
size : 2
num_suborbits: 1
296 (*) : -00-----1-------0---------
296     : ['held(node0)', '~ep_epoch1(node0)', '~ep_epoch2(node0)', '~locked_epoch3(node0)']
295     : -----00--1-------0--------
295     : ['held(node1)', '~ep_epoch1(node1)', '~ep_epoch2(node1)', '~locked_epoch3(node1)']
num_forall :   0
num_exists :   0
num_literals : 0
quantified form : None
qcost : 0


=== Prime Orbit 161 =====================
size : 2
num_suborbits: 1
302 (*) : -0-0----1-----0-----------
302     : ['held(node0)', '~ep_epoch1(node0)', '~ep_epoch3(node0)', '~locked_epoch2(node0)']
301     : -----0-0-1-----0----------
301     : ['held(node1)', '~ep_epoch1(node1)', '~ep_epoch3(node1)', '~locked_epoch2(node1)']
num_forall :   0
num_exists :   0
num_literals : 0
quantified form : None
qcost : 0


=== Prime Orbit 162 =====================
size : 2
num_suborbits: 1
300 (*) : -0------1-----0-0---------
300     : ['held(node0)', '~ep_epoch1(node0)', '~locked_epoch2(node0)', '~locked_epoch3(node0)']
299     : -----0---1-----0-0--------
299     : ['held(node1)', '~ep_epoch1(node1)', '~locked_epoch2(node1)', '~locked_epoch3(node1)']
num_forall :   0
num_exists :   0
num_literals : 0
quantified form : None
qcost : 0


=== Prime Orbit 163 =====================
size : 2
num_suborbits: 1
280 (*) : -----00-1---0-------------
280     : ['held(node0)', '~ep_epoch1(node1)', '~ep_epoch2(node1)', '~locked_epoch1(node0)']
279     : -00------1---0------------
279     : ['held(node1)', '~ep_epoch1(node0)', '~ep_epoch2(node0)', '~locked_epoch1(node1)']
num_forall :   0
num_exists :   0
num_literals : 0
quantified form : None
qcost : 0


=== Prime Orbit 164 =====================
size : 2
num_suborbits: 1
266 (*) : ---0-0--1---0-------------
266     : ['held(node0)', '~ep_epoch1(node1)', '~ep_epoch3(node0)', '~locked_epoch1(node0)']
265     : -0-----0-1---0------------
265     : ['held(node1)', '~ep_epoch1(node0)', '~ep_epoch3(node1)', '~locked_epoch1(node1)']
num_forall :   0
num_exists :   0
num_literals : 0
quantified form : None
qcost : 0


=== Prime Orbit 165 =====================
size : 2
num_suborbits: 1
276 (*) : -----0--1---0--0----------
276     : ['held(node0)', '~ep_epoch1(node1)', '~locked_epoch1(node0)', '~locked_epoch2(node1)']
275     : -0-------1---00-----------
275     : ['held(node1)', '~ep_epoch1(node0)', '~locked_epoch1(node1)', '~locked_epoch2(node0)']
num_forall :   0
num_exists :   0
num_literals : 0
quantified form : None
qcost : 0


=== Prime Orbit 166 =====================
size : 2
num_suborbits: 1
278 (*) : -----0--1---0---0---------
278     : ['held(node0)', '~ep_epoch1(node1)', '~locked_epoch1(node0)', '~locked_epoch3(node0)']
277     : -0-------1---0---0--------
277     : ['held(node1)', '~ep_epoch1(node0)', '~locked_epoch1(node1)', '~locked_epoch3(node1)']
num_forall :   0
num_exists :   0
num_literals : 0
quantified form : None
qcost : 0


=== Prime Orbit 167 =====================
size : 2
num_suborbits: 1
312 (*) : --00----1---0-------------
312     : ['held(node0)', '~ep_epoch2(node0)', '~ep_epoch3(node0)', '~locked_epoch1(node0)']
311     : ------00-1---0------------
311     : ['held(node1)', '~ep_epoch2(node1)', '~ep_epoch3(node1)', '~locked_epoch1(node1)']
num_forall :   0
num_exists :   0
num_literals : 0
quantified form : None
qcost : 0


=== Prime Orbit 168 =====================
size : 2
num_suborbits: 1
316 (*) : --0-----1---0---0---------
316     : ['held(node0)', '~ep_epoch2(node0)', '~locked_epoch1(node0)', '~locked_epoch3(node0)']
315     : ------0--1---0---0--------
315     : ['held(node1)', '~ep_epoch2(node1)', '~locked_epoch1(node1)', '~locked_epoch3(node1)']
num_forall :   0
num_exists :   0
num_literals : 0
quantified form : None
qcost : 0


=== Prime Orbit 169 =====================
size : 2
num_suborbits: 1
314 (*) : ---0----1---0-0-----------
314     : ['held(node0)', '~ep_epoch3(node0)', '~locked_epoch1(node0)', '~locked_epoch2(node0)']
313     : -------0-1---0-0----------
313     : ['held(node1)', '~ep_epoch3(node1)', '~locked_epoch1(node1)', '~locked_epoch2(node1)']
num_forall :   0
num_exists :   0
num_literals : 0
quantified form : None
qcost : 0


=== Prime Orbit 170 =====================
size : 2
num_suborbits: 1
318 (*) : --------1---0-0-0---------
318     : ['held(node0)', '~locked_epoch1(node0)', '~locked_epoch2(node0)', '~locked_epoch3(node0)']
317     : ---------1---0-0-0--------
317     : ['held(node1)', '~locked_epoch1(node1)', '~locked_epoch2(node1)', '~locked_epoch3(node1)']
num_forall :   0
num_exists :   0
num_literals : 0
quantified form : None
qcost : 0


=== Prime Orbit 171 =====================
size : 2
num_suborbits: 1
414 (*) : ----0-------1-1-1---------
414     : ['locked_epoch1(node0)', 'locked_epoch2(node0)', 'locked_epoch3(node0)', '~ep_epoch0(node1)']
413     : 0------------1-1-1--------
413     : ['locked_epoch1(node1)', 'locked_epoch2(node1)', 'locked_epoch3(node1)', '~ep_epoch0(node0)']
num_forall :   0
num_exists :   0
num_literals : 0
quantified form : None
qcost : 0


=== Prime Orbit 172 =====================
size : 4
num_suborbits: 2
577 (*) : ----0-------1-1---------1-
577     : ['locked_epoch1(node0)', 'locked_epoch2(node0)', 'transfer_epoch3(node0)', '~ep_epoch0(node1)']
546     : ----0-------1-1----------1
546     : ['locked_epoch1(node0)', 'locked_epoch2(node0)', 'transfer_epoch3(node1)', '~ep_epoch0(node1)']
545     : 0------------1-1--------1-
545     : ['locked_epoch1(node1)', 'locked_epoch2(node1)', 'transfer_epoch3(node0)', '~ep_epoch0(node0)']
578     : 0------------1-1---------1
578     : ['locked_epoch1(node1)', 'locked_epoch2(node1)', 'transfer_epoch3(node1)', '~ep_epoch0(node0)']
num_forall :   0
num_exists :   0
num_literals : 0
quantified form : None
qcost : 0


=== Prime Orbit 173 =====================
size : 2
num_suborbits: 1
400 (*) : --0-0-------1-1-----------
400     : ['locked_epoch1(node0)', 'locked_epoch2(node0)', '~ep_epoch0(node1)', '~ep_epoch2(node0)']
399     : 0-----0------1-1----------
399     : ['locked_epoch1(node1)', 'locked_epoch2(node1)', '~ep_epoch0(node0)', '~ep_epoch2(node1)']
num_forall :   0
num_exists :   0
num_literals : 0
quantified form : None
qcost : 0


=== Prime Orbit 174 =====================
size : 2
num_suborbits: 1
384 (*) : ----0--0----1-1-----------
384     : ['locked_epoch1(node0)', 'locked_epoch2(node0)', '~ep_epoch0(node1)', '~ep_epoch3(node1)']
383     : 0--0---------1-1----------
383     : ['locked_epoch1(node1)', 'locked_epoch2(node1)', '~ep_epoch0(node0)', '~ep_epoch3(node0)']
num_forall :   0
num_exists :   0
num_literals : 0
quantified form : None
qcost : 0


=== Prime Orbit 175 =====================
size : 2
num_suborbits: 1
390 (*) : ----0----0--1-1-----------
390     : ['locked_epoch1(node0)', 'locked_epoch2(node0)', '~ep_epoch0(node1)', '~held(node1)']
389     : 0-------0----1-1----------
389     : ['locked_epoch1(node1)', 'locked_epoch2(node1)', '~ep_epoch0(node0)', '~held(node0)']
num_forall :   0
num_exists :   0
num_literals : 0
quantified form : None
qcost : 0


=== Prime Orbit 176 =====================
size : 2
num_suborbits: 1
388 (*) : ----0-------1-1--0--------
388     : ['locked_epoch1(node0)', 'locked_epoch2(node0)', '~ep_epoch0(node1)', '~locked_epoch3(node1)']
387     : 0------------1-10---------
387     : ['locked_epoch1(node1)', 'locked_epoch2(node1)', '~ep_epoch0(node0)', '~locked_epoch3(node0)']
num_forall :   0
num_exists :   0
num_literals : 0
quantified form : None
qcost : 0


=== Prime Orbit 177 =====================
size : 2
num_suborbits: 1
409 (*) : -0----------1--1-1--------
409     : ['locked_epoch1(node0)', 'locked_epoch2(node1)', 'locked_epoch3(node1)', '~ep_epoch1(node0)']
410     : -----0-------11-1---------
410     : ['locked_epoch1(node1)', 'locked_epoch2(node0)', 'locked_epoch3(node0)', '~ep_epoch1(node1)']
num_forall :   0
num_exists :   0
num_literals : 0
quantified form : None
qcost : 0


=== Prime Orbit 178 =====================
size : 4
num_suborbits: 2
571 (*) : -0----------1--1--------1-
571     : ['locked_epoch1(node0)', 'locked_epoch2(node1)', 'transfer_epoch3(node0)', '~ep_epoch1(node0)']
508     : -0----------1--1---------1
508     : ['locked_epoch1(node0)', 'locked_epoch2(node1)', 'transfer_epoch3(node1)', '~ep_epoch1(node0)']
507     : -----0-------11---------1-
507     : ['locked_epoch1(node1)', 'locked_epoch2(node0)', 'transfer_epoch3(node0)', '~ep_epoch1(node1)']
572     : -----0-------11----------1
572     : ['locked_epoch1(node1)', 'locked_epoch2(node0)', 'transfer_epoch3(node1)', '~ep_epoch1(node1)']
num_forall :   0
num_exists :   0
num_literals : 0
quantified form : None
qcost : 0


=== Prime Orbit 179 =====================
size : 2
num_suborbits: 1
221 (*) : -0----0-----1--1----------
221     : ['locked_epoch1(node0)', 'locked_epoch2(node1)', '~ep_epoch1(node0)', '~ep_epoch2(node1)']
222     : --0--0-------11-----------
222     : ['locked_epoch1(node1)', 'locked_epoch2(node0)', '~ep_epoch1(node1)', '~ep_epoch2(node0)']
num_forall :   0
num_exists :   0
num_literals : 0
quantified form : None
qcost : 0


=== Prime Orbit 180 =====================
size : 2
num_suborbits: 1
223 (*) : -0-0--------1--1----------
223     : ['locked_epoch1(node0)', 'locked_epoch2(node1)', '~ep_epoch1(node0)', '~ep_epoch3(node0)']
224     : -----0-0-----11-----------
224     : ['locked_epoch1(node1)', 'locked_epoch2(node0)', '~ep_epoch1(node1)', '~ep_epoch3(node1)']
num_forall :   0
num_exists :   0
num_literals : 0
quantified form : None
qcost : 0


=== Prime Orbit 181 =====================
size : 2
num_suborbits: 1
227 (*) : -0------0---1--1----------
227     : ['locked_epoch1(node0)', 'locked_epoch2(node1)', '~ep_epoch1(node0)', '~held(node0)']
228     : -----0---0---11-----------
228     : ['locked_epoch1(node1)', 'locked_epoch2(node0)', '~ep_epoch1(node1)', '~held(node1)']
num_forall :   0
num_exists :   0
num_literals : 0
quantified form : None
qcost : 0


=== Prime Orbit 182 =====================
size : 2
num_suborbits: 1
225 (*) : -0----------1--10---------
225     : ['locked_epoch1(node0)', 'locked_epoch2(node1)', '~ep_epoch1(node0)', '~locked_epoch3(node0)']
226     : -----0-------11--0--------
226     : ['locked_epoch1(node1)', 'locked_epoch2(node0)', '~ep_epoch1(node1)', '~locked_epoch3(node1)']
num_forall :   0
num_exists :   0
num_literals : 0
quantified form : None
qcost : 0


=== Prime Orbit 183 =====================
size : 2
num_suborbits: 1
418 (*) : ----0-0-----1---1---------
418     : ['locked_epoch1(node0)', 'locked_epoch3(node0)', '~ep_epoch0(node1)', '~ep_epoch2(node1)']
417     : 0-0----------1---1--------
417     : ['locked_epoch1(node1)', 'locked_epoch3(node1)', '~ep_epoch0(node0)', '~ep_epoch2(node0)']
num_forall :   0
num_exists :   0
num_literals : 0
quantified form : None
qcost : 0


=== Prime Orbit 184 =====================
size : 2
num_suborbits: 1
420 (*) : ----0-------1--01---------
420     : ['locked_epoch1(node0)', 'locked_epoch3(node0)', '~ep_epoch0(node1)', '~locked_epoch2(node1)']
419     : 0------------10--1--------
419     : ['locked_epoch1(node1)', 'locked_epoch3(node1)', '~ep_epoch0(node0)', '~locked_epoch2(node0)']
num_forall :   0
num_exists :   0
num_literals : 0
quantified form : None
qcost : 0


=== Prime Orbit 185 =====================
size : 2
num_suborbits: 1
433 (*) : -00---------1----1--------
433     : ['locked_epoch1(node0)', 'locked_epoch3(node1)', '~ep_epoch1(node0)', '~ep_epoch2(node0)']
434     : -----00------1--1---------
434     : ['locked_epoch1(node1)', 'locked_epoch3(node0)', '~ep_epoch1(node1)', '~ep_epoch2(node1)']
num_forall :   0
num_exists :   0
num_literals : 0
quantified form : None
qcost : 0


=== Prime Orbit 186 =====================
size : 2
num_suborbits: 1
435 (*) : -0----------1-0--1--------
435     : ['locked_epoch1(node0)', 'locked_epoch3(node1)', '~ep_epoch1(node0)', '~locked_epoch2(node0)']
436     : -----0-------1-01---------
436     : ['locked_epoch1(node1)', 'locked_epoch3(node0)', '~ep_epoch1(node1)', '~locked_epoch2(node1)']
num_forall :   0
num_exists :   0
num_literals : 0
quantified form : None
qcost : 0


=== Prime Orbit 187 =====================
size : 4
num_suborbits: 2
495 (*) : -0--0-------1-----------1-
495     : ['locked_epoch1(node0)', 'transfer_epoch3(node0)', '~ep_epoch0(node1)', '~ep_epoch1(node0)']
514     : -0--0-------1------------1
514     : ['locked_epoch1(node0)', 'transfer_epoch3(node1)', '~ep_epoch0(node1)', '~ep_epoch1(node0)']
513     : 0----0-------1----------1-
513     : ['locked_epoch1(node1)', 'transfer_epoch3(node0)', '~ep_epoch0(node0)', '~ep_epoch1(node1)']
496     : 0----0-------1-----------1
496     : ['locked_epoch1(node1)', 'transfer_epoch3(node1)', '~ep_epoch0(node0)', '~ep_epoch1(node1)']
num_forall :   0
num_exists :   0
num_literals : 0
quantified form : None
qcost : 0


=== Prime Orbit 188 =====================
size : 4
num_suborbits: 2
569 (*) : ----0-0-----1-----------1-
569     : ['locked_epoch1(node0)', 'transfer_epoch3(node0)', '~ep_epoch0(node1)', '~ep_epoch2(node1)']
536     : ----0-0-----1------------1
536     : ['locked_epoch1(node0)', 'transfer_epoch3(node1)', '~ep_epoch0(node1)', '~ep_epoch2(node1)']
535     : 0-0----------1----------1-
535     : ['locked_epoch1(node1)', 'transfer_epoch3(node0)', '~ep_epoch0(node0)', '~ep_epoch2(node0)']
570     : 0-0----------1-----------1
570     : ['locked_epoch1(node1)', 'transfer_epoch3(node1)', '~ep_epoch0(node0)', '~ep_epoch2(node0)']
num_forall :   0
num_exists :   0
num_literals : 0
quantified form : None
qcost : 0


=== Prime Orbit 189 =====================
size : 4
num_suborbits: 2
567 (*) : ----0-------1--0--------1-
567     : ['locked_epoch1(node0)', 'transfer_epoch3(node0)', '~ep_epoch0(node1)', '~locked_epoch2(node1)']
540     : ----0-------1--0---------1
540     : ['locked_epoch1(node0)', 'transfer_epoch3(node1)', '~ep_epoch0(node1)', '~locked_epoch2(node1)']
539     : 0------------10---------1-
539     : ['locked_epoch1(node1)', 'transfer_epoch3(node0)', '~ep_epoch0(node0)', '~locked_epoch2(node0)']
568     : 0------------10----------1
568     : ['locked_epoch1(node1)', 'transfer_epoch3(node1)', '~ep_epoch0(node0)', '~locked_epoch2(node0)']
num_forall :   0
num_exists :   0
num_literals : 0
quantified form : None
qcost : 0


=== Prime Orbit 190 =====================
size : 4
num_suborbits: 2
483 (*) : -00---------1-----------1-
483     : ['locked_epoch1(node0)', 'transfer_epoch3(node0)', '~ep_epoch1(node0)', '~ep_epoch2(node0)']
516     : -00---------1------------1
516     : ['locked_epoch1(node0)', 'transfer_epoch3(node1)', '~ep_epoch1(node0)', '~ep_epoch2(node0)']
515     : -----00------1----------1-
515     : ['locked_epoch1(node1)', 'transfer_epoch3(node0)', '~ep_epoch1(node1)', '~ep_epoch2(node1)']
484     : -----00------1-----------1
484     : ['locked_epoch1(node1)', 'transfer_epoch3(node1)', '~ep_epoch1(node1)', '~ep_epoch2(node1)']
num_forall :   0
num_exists :   0
num_literals : 0
quantified form : None
qcost : 0


=== Prime Orbit 191 =====================
size : 4
num_suborbits: 2
487 (*) : -0----------1-0---------1-
487     : ['locked_epoch1(node0)', 'transfer_epoch3(node0)', '~ep_epoch1(node0)', '~locked_epoch2(node0)']
512     : -0----------1-0----------1
512     : ['locked_epoch1(node0)', 'transfer_epoch3(node1)', '~ep_epoch1(node0)', '~locked_epoch2(node0)']
511     : -----0-------1-0--------1-
511     : ['locked_epoch1(node1)', 'transfer_epoch3(node0)', '~ep_epoch1(node1)', '~locked_epoch2(node1)']
488     : -----0-------1-0---------1
488     : ['locked_epoch1(node1)', 'transfer_epoch3(node1)', '~ep_epoch1(node1)', '~locked_epoch2(node1)']
num_forall :   0
num_exists :   0
num_literals : 0
quantified form : None
qcost : 0


=== Prime Orbit 192 =====================
size : 2
num_suborbits: 1
357 (*) : ----0-00----1-------------
357     : ['locked_epoch1(node0)', '~ep_epoch0(node1)', '~ep_epoch2(node1)', '~ep_epoch3(node1)']
358     : 0-00---------1------------
358     : ['locked_epoch1(node1)', '~ep_epoch0(node0)', '~ep_epoch2(node0)', '~ep_epoch3(node0)']
num_forall :   0
num_exists :   0
num_literals : 0
quantified form : None
qcost : 0


=== Prime Orbit 193 =====================
size : 2
num_suborbits: 1
351 (*) : ----0-0--0--1-------------
351     : ['locked_epoch1(node0)', '~ep_epoch0(node1)', '~ep_epoch2(node1)', '~held(node1)']
352     : 0-0-----0----1------------
352     : ['locked_epoch1(node1)', '~ep_epoch0(node0)', '~ep_epoch2(node0)', '~held(node0)']
num_forall :   0
num_exists :   0
num_literals : 0
quantified form : None
qcost : 0


=== Prime Orbit 194 =====================
size : 2
num_suborbits: 1
359 (*) : ----0-0-----1----0--------
359     : ['locked_epoch1(node0)', '~ep_epoch0(node1)', '~ep_epoch2(node1)', '~locked_epoch3(node1)']
360     : 0-0----------1--0---------
360     : ['locked_epoch1(node1)', '~ep_epoch0(node0)', '~ep_epoch2(node0)', '~locked_epoch3(node0)']
num_forall :   0
num_exists :   0
num_literals : 0
quantified form : None
qcost : 0


=== Prime Orbit 195 =====================
size : 2
num_suborbits: 1
363 (*) : ----0--0----1--0----------
363     : ['locked_epoch1(node0)', '~ep_epoch0(node1)', '~ep_epoch3(node1)', '~locked_epoch2(node1)']
364     : 0--0---------10-----------
364     : ['locked_epoch1(node1)', '~ep_epoch0(node0)', '~ep_epoch3(node0)', '~locked_epoch2(node0)']
num_forall :   0
num_exists :   0
num_literals : 0
quantified form : None
qcost : 0


=== Prime Orbit 196 =====================
size : 2
num_suborbits: 1
355 (*) : ----0----0--1--0----------
355     : ['locked_epoch1(node0)', '~ep_epoch0(node1)', '~held(node1)', '~locked_epoch2(node1)']
356     : 0-------0----10-----------
356     : ['locked_epoch1(node1)', '~ep_epoch0(node0)', '~held(node0)', '~locked_epoch2(node0)']
num_forall :   0
num_exists :   0
num_literals : 0
quantified form : None
qcost : 0


=== Prime Orbit 197 =====================
size : 2
num_suborbits: 1
361 (*) : ----0-------1--0-0--------
361     : ['locked_epoch1(node0)', '~ep_epoch0(node1)', '~locked_epoch2(node1)', '~locked_epoch3(node1)']
362     : 0------------10-0---------
362     : ['locked_epoch1(node1)', '~ep_epoch0(node0)', '~locked_epoch2(node0)', '~locked_epoch3(node0)']
num_forall :   0
num_exists :   0
num_literals : 0
quantified form : None
qcost : 0


=== Prime Orbit 198 =====================
size : 2
num_suborbits: 1
177 (*) : -000--------1-------------
177     : ['locked_epoch1(node0)', '~ep_epoch1(node0)', '~ep_epoch2(node0)', '~ep_epoch3(node0)']
178     : -----000-----1------------
178     : ['locked_epoch1(node1)', '~ep_epoch1(node1)', '~ep_epoch2(node1)', '~ep_epoch3(node1)']
num_forall :   0
num_exists :   0
num_literals : 0
quantified form : None
qcost : 0


=== Prime Orbit 199 =====================
size : 2
num_suborbits: 1
255 (*) : -00-----0---1-------------
255     : ['locked_epoch1(node0)', '~ep_epoch1(node0)', '~ep_epoch2(node0)', '~held(node0)']
256     : -----00--0---1------------
256     : ['locked_epoch1(node1)', '~ep_epoch1(node1)', '~ep_epoch2(node1)', '~held(node1)']
num_forall :   0
num_exists :   0
num_literals : 0
quantified form : None
qcost : 0


=== Prime Orbit 200 =====================
size : 2
num_suborbits: 1
183 (*) : -00---------1---0---------
183     : ['locked_epoch1(node0)', '~ep_epoch1(node0)', '~ep_epoch2(node0)', '~locked_epoch3(node0)']
184     : -----00------1---0--------
184     : ['locked_epoch1(node1)', '~ep_epoch1(node1)', '~ep_epoch2(node1)', '~locked_epoch3(node1)']
num_forall :   0
num_exists :   0
num_literals : 0
quantified form : None
qcost : 0


=== Prime Orbit 201 =====================
size : 2
num_suborbits: 1
251 (*) : -0-0--------1-0-----------
251     : ['locked_epoch1(node0)', '~ep_epoch1(node0)', '~ep_epoch3(node0)', '~locked_epoch2(node0)']
252     : -----0-0-----1-0----------
252     : ['locked_epoch1(node1)', '~ep_epoch1(node1)', '~ep_epoch3(node1)', '~locked_epoch2(node1)']
num_forall :   0
num_exists :   0
num_literals : 0
quantified form : None
qcost : 0


=== Prime Orbit 202 =====================
size : 2
num_suborbits: 1
257 (*) : -0------0---1-0-----------
257     : ['locked_epoch1(node0)', '~ep_epoch1(node0)', '~held(node0)', '~locked_epoch2(node0)']
258     : -----0---0---1-0----------
258     : ['locked_epoch1(node1)', '~ep_epoch1(node1)', '~held(node1)', '~locked_epoch2(node1)']
num_forall :   0
num_exists :   0
num_literals : 0
quantified form : None
qcost : 0


=== Prime Orbit 203 =====================
size : 2
num_suborbits: 1
253 (*) : -0----------1-0-0---------
253     : ['locked_epoch1(node0)', '~ep_epoch1(node0)', '~locked_epoch2(node0)', '~locked_epoch3(node0)']
254     : -----0-------1-0-0--------
254     : ['locked_epoch1(node1)', '~ep_epoch1(node1)', '~locked_epoch2(node1)', '~locked_epoch3(node1)']
num_forall :   0
num_exists :   0
num_literals : 0
quantified form : None
qcost : 0


=== Prime Orbit 204 =====================
size : 2
num_suborbits: 1
412 (*) : ----00--------1-1---------
412     : ['locked_epoch2(node0)', 'locked_epoch3(node0)', '~ep_epoch0(node1)', '~ep_epoch1(node1)']
411     : 00-------------1-1--------
411     : ['locked_epoch2(node1)', 'locked_epoch3(node1)', '~ep_epoch0(node0)', '~ep_epoch1(node0)']
num_forall :   0
num_exists :   0
num_literals : 0
quantified form : None
qcost : 0


=== Prime Orbit 205 =====================
size : 2
num_suborbits: 1
416 (*) : ----0--------01-1---------
416     : ['locked_epoch2(node0)', 'locked_epoch3(node0)', '~ep_epoch0(node1)', '~locked_epoch1(node1)']
415     : 0-----------0--1-1--------
415     : ['locked_epoch2(node1)', 'locked_epoch3(node1)', '~ep_epoch0(node0)', '~locked_epoch1(node0)']
num_forall :   0
num_exists :   0
num_literals : 0
quantified form : None
qcost : 0


=== Prime Orbit 206 =====================
size : 2
num_suborbits: 1
408 (*) : -----0------0-1-1---------
408     : ['locked_epoch2(node0)', 'locked_epoch3(node0)', '~ep_epoch1(node1)', '~locked_epoch1(node0)']
407     : -0-----------0-1-1--------
407     : ['locked_epoch2(node1)', 'locked_epoch3(node1)', '~ep_epoch1(node0)', '~locked_epoch1(node1)']
num_forall :   0
num_exists :   0
num_literals : 0
quantified form : None
qcost : 0


=== Prime Orbit 207 =====================
size : 4
num_suborbits: 2
505 (*) : ----00--------1---------1-
505     : ['locked_epoch2(node0)', 'transfer_epoch3(node0)', '~ep_epoch0(node1)', '~ep_epoch1(node1)']
544     : ----00--------1----------1
544     : ['locked_epoch2(node0)', 'transfer_epoch3(node1)', '~ep_epoch0(node1)', '~ep_epoch1(node1)']
543     : 00-------------1--------1-
543     : ['locked_epoch2(node1)', 'transfer_epoch3(node0)', '~ep_epoch0(node0)', '~ep_epoch1(node0)']
506     : 00-------------1---------1
506     : ['locked_epoch2(node1)', 'transfer_epoch3(node1)', '~ep_epoch0(node0)', '~ep_epoch1(node0)']
num_forall :   0
num_exists :   0
num_literals : 0
quantified form : None
qcost : 0


=== Prime Orbit 208 =====================
size : 4
num_suborbits: 2
579 (*) : ----0--------01---------1-
579     : ['locked_epoch2(node0)', 'transfer_epoch3(node0)', '~ep_epoch0(node1)', '~locked_epoch1(node1)']
548     : ----0--------01----------1
548     : ['locked_epoch2(node0)', 'transfer_epoch3(node1)', '~ep_epoch0(node1)', '~locked_epoch1(node1)']
547     : 0-----------0--1--------1-
547     : ['locked_epoch2(node1)', 'transfer_epoch3(node0)', '~ep_epoch0(node0)', '~locked_epoch1(node0)']
580     : 0-----------0--1---------1
580     : ['locked_epoch2(node1)', 'transfer_epoch3(node1)', '~ep_epoch0(node0)', '~locked_epoch1(node0)']
num_forall :   0
num_exists :   0
num_literals : 0
quantified form : None
qcost : 0


=== Prime Orbit 209 =====================
size : 4
num_suborbits: 2
509 (*) : -----0------0-1---------1-
509     : ['locked_epoch2(node0)', 'transfer_epoch3(node0)', '~ep_epoch1(node1)', '~locked_epoch1(node0)']
556     : -----0------0-1----------1
556     : ['locked_epoch2(node0)', 'transfer_epoch3(node1)', '~ep_epoch1(node1)', '~locked_epoch1(node0)']
555     : -0-----------0-1--------1-
555     : ['locked_epoch2(node1)', 'transfer_epoch3(node0)', '~ep_epoch1(node0)', '~locked_epoch1(node1)']
510     : -0-----------0-1---------1
510     : ['locked_epoch2(node1)', 'transfer_epoch3(node1)', '~ep_epoch1(node0)', '~locked_epoch1(node1)']
num_forall :   0
num_exists :   0
num_literals : 0
quantified form : None
qcost : 0


=== Prime Orbit 210 =====================
size : 2
num_suborbits: 1
214 (*) : --0-00--------1-----------
214     : ['locked_epoch2(node0)', '~ep_epoch0(node1)', '~ep_epoch1(node1)', '~ep_epoch2(node0)']
213     : 00----0--------1----------
213     : ['locked_epoch2(node1)', '~ep_epoch0(node0)', '~ep_epoch1(node0)', '~ep_epoch2(node1)']
num_forall :   0
num_exists :   0
num_literals : 0
quantified form : None
qcost : 0


=== Prime Orbit 211 =====================
size : 2
num_suborbits: 1
210 (*) : ----00-0------1-----------
210     : ['locked_epoch2(node0)', '~ep_epoch0(node1)', '~ep_epoch1(node1)', '~ep_epoch3(node1)']
209     : 00-0-----------1----------
209     : ['locked_epoch2(node1)', '~ep_epoch0(node0)', '~ep_epoch1(node0)', '~ep_epoch3(node0)']
num_forall :   0
num_exists :   0
num_literals : 0
quantified form : None
qcost : 0


=== Prime Orbit 212 =====================
size : 2
num_suborbits: 1
212 (*) : ----00---0----1-----------
212     : ['locked_epoch2(node0)', '~ep_epoch0(node1)', '~ep_epoch1(node1)', '~held(node1)']
211     : 00------0------1----------
211     : ['locked_epoch2(node1)', '~ep_epoch0(node0)', '~ep_epoch1(node0)', '~held(node0)']
num_forall :   0
num_exists :   0
num_literals : 0
quantified form : None
qcost : 0


=== Prime Orbit 213 =====================
size : 2
num_suborbits: 1
208 (*) : ----00--------1--0--------
208     : ['locked_epoch2(node0)', '~ep_epoch0(node1)', '~ep_epoch1(node1)', '~locked_epoch3(node1)']
207     : 00-------------10---------
207     : ['locked_epoch2(node1)', '~ep_epoch0(node0)', '~ep_epoch1(node0)', '~locked_epoch3(node0)']
num_forall :   0
num_exists :   0
num_literals : 0
quantified form : None
qcost : 0


=== Prime Orbit 214 =====================
size : 2
num_suborbits: 1
402 (*) : --0-0--------01-----------
402     : ['locked_epoch2(node0)', '~ep_epoch0(node1)', '~ep_epoch2(node0)', '~locked_epoch1(node1)']
401     : 0-----0-----0--1----------
401     : ['locked_epoch2(node1)', '~ep_epoch0(node0)', '~ep_epoch2(node1)', '~locked_epoch1(node0)']
num_forall :   0
num_exists :   0
num_literals : 0
quantified form : None
qcost : 0


=== Prime Orbit 215 =====================
size : 2
num_suborbits: 1
386 (*) : ----0--0-----01-----------
386     : ['locked_epoch2(node0)', '~ep_epoch0(node1)', '~ep_epoch3(node1)', '~locked_epoch1(node1)']
385     : 0--0--------0--1----------
385     : ['locked_epoch2(node1)', '~ep_epoch0(node0)', '~ep_epoch3(node0)', '~locked_epoch1(node0)']
num_forall :   0
num_exists :   0
num_literals : 0
quantified form : None
qcost : 0


=== Prime Orbit 216 =====================
size : 2
num_suborbits: 1
394 (*) : ----0----0---01-----------
394     : ['locked_epoch2(node0)', '~ep_epoch0(node1)', '~held(node1)', '~locked_epoch1(node1)']
393     : 0-------0---0--1----------
393     : ['locked_epoch2(node1)', '~ep_epoch0(node0)', '~held(node0)', '~locked_epoch1(node0)']
num_forall :   0
num_exists :   0
num_literals : 0
quantified form : None
qcost : 0


=== Prime Orbit 217 =====================
size : 2
num_suborbits: 1
392 (*) : ----0--------01--0--------
392     : ['locked_epoch2(node0)', '~ep_epoch0(node1)', '~locked_epoch1(node1)', '~locked_epoch3(node1)']
391     : 0-----------0--10---------
391     : ['locked_epoch2(node1)', '~ep_epoch0(node0)', '~locked_epoch1(node0)', '~locked_epoch3(node0)']
num_forall :   0
num_exists :   0
num_literals : 0
quantified form : None
qcost : 0


=== Prime Orbit 218 =====================
size : 2
num_suborbits: 1
220 (*) : --0--0------0-1-----------
220     : ['locked_epoch2(node0)', '~ep_epoch1(node1)', '~ep_epoch2(node0)', '~locked_epoch1(node0)']
219     : -0----0------0-1----------
219     : ['locked_epoch2(node1)', '~ep_epoch1(node0)', '~ep_epoch2(node1)', '~locked_epoch1(node1)']
num_forall :   0
num_exists :   0
num_literals : 0
quantified form : None
qcost : 0


=== Prime Orbit 219 =====================
size : 2
num_suborbits: 1
234 (*) : -----0-0----0-1-----------
234     : ['locked_epoch2(node0)', '~ep_epoch1(node1)', '~ep_epoch3(node1)', '~locked_epoch1(node0)']
233     : -0-0---------0-1----------
233     : ['locked_epoch2(node1)', '~ep_epoch1(node0)', '~ep_epoch3(node0)', '~locked_epoch1(node1)']
num_forall :   0
num_exists :   0
num_literals : 0
quantified form : None
qcost : 0


=== Prime Orbit 220 =====================
size : 2
num_suborbits: 1
238 (*) : -----0---0--0-1-----------
238     : ['locked_epoch2(node0)', '~ep_epoch1(node1)', '~held(node1)', '~locked_epoch1(node0)']
237     : -0------0----0-1----------
237     : ['locked_epoch2(node1)', '~ep_epoch1(node0)', '~held(node0)', '~locked_epoch1(node1)']
num_forall :   0
num_exists :   0
num_literals : 0
quantified form : None
qcost : 0


=== Prime Orbit 221 =====================
size : 2
num_suborbits: 1
236 (*) : -----0------0-1--0--------
236     : ['locked_epoch2(node0)', '~ep_epoch1(node1)', '~locked_epoch1(node0)', '~locked_epoch3(node1)']
235     : -0-----------0-10---------
235     : ['locked_epoch2(node1)', '~ep_epoch1(node0)', '~locked_epoch1(node1)', '~locked_epoch3(node0)']
num_forall :   0
num_exists :   0
num_literals : 0
quantified form : None
qcost : 0


=== Prime Orbit 222 =====================
size : 2
num_suborbits: 1
432 (*) : ----000---------1---------
432     : ['locked_epoch3(node0)', '~ep_epoch0(node1)', '~ep_epoch1(node1)', '~ep_epoch2(node1)']
431     : 000--------------1--------
431     : ['locked_epoch3(node1)', '~ep_epoch0(node0)', '~ep_epoch1(node0)', '~ep_epoch2(node0)']
num_forall :   0
num_exists :   0
num_literals : 0
quantified form : None
qcost : 0


=== Prime Orbit 223 =====================
size : 2
num_suborbits: 1
426 (*) : ----00---------01---------
426     : ['locked_epoch3(node0)', '~ep_epoch0(node1)', '~ep_epoch1(node1)', '~locked_epoch2(node1)']
425     : 00------------0--1--------
425     : ['locked_epoch3(node1)', '~ep_epoch0(node0)', '~ep_epoch1(node0)', '~locked_epoch2(node0)']
num_forall :   0
num_exists :   0
num_literals : 0
quantified form : None
qcost : 0


=== Prime Orbit 224 =====================
size : 2
num_suborbits: 1
424 (*) : ----0-0------0--1---------
424     : ['locked_epoch3(node0)', '~ep_epoch0(node1)', '~ep_epoch2(node1)', '~locked_epoch1(node1)']
423     : 0-0---------0----1--------
423     : ['locked_epoch3(node1)', '~ep_epoch0(node0)', '~ep_epoch2(node0)', '~locked_epoch1(node0)']
num_forall :   0
num_exists :   0
num_literals : 0
quantified form : None
qcost : 0


=== Prime Orbit 225 =====================
size : 2
num_suborbits: 1
422 (*) : ----0--------0-01---------
422     : ['locked_epoch3(node0)', '~ep_epoch0(node1)', '~locked_epoch1(node1)', '~locked_epoch2(node1)']
421     : 0-----------0-0--1--------
421     : ['locked_epoch3(node1)', '~ep_epoch0(node0)', '~locked_epoch1(node0)', '~locked_epoch2(node0)']
num_forall :   0
num_exists :   0
num_literals : 0
quantified form : None
qcost : 0


=== Prime Orbit 226 =====================
size : 2
num_suborbits: 1
430 (*) : -----00-----0---1---------
430     : ['locked_epoch3(node0)', '~ep_epoch1(node1)', '~ep_epoch2(node1)', '~locked_epoch1(node0)']
429     : -00----------0---1--------
429     : ['locked_epoch3(node1)', '~ep_epoch1(node0)', '~ep_epoch2(node0)', '~locked_epoch1(node1)']
num_forall :   0
num_exists :   0
num_literals : 0
quantified form : None
qcost : 0


=== Prime Orbit 227 =====================
size : 2
num_suborbits: 1
428 (*) : -----0------0--01---------
428     : ['locked_epoch3(node0)', '~ep_epoch1(node1)', '~locked_epoch1(node0)', '~locked_epoch2(node1)']
427     : -0-----------00--1--------
427     : ['locked_epoch3(node1)', '~ep_epoch1(node0)', '~locked_epoch1(node1)', '~locked_epoch2(node0)']
num_forall :   0
num_exists :   0
num_literals : 0
quantified form : None
qcost : 0


=== Prime Orbit 228 =====================
size : 4
num_suborbits: 2
481 (*) : 000---------------------1-
481     : ['transfer_epoch3(node0)', '~ep_epoch0(node0)', '~ep_epoch1(node0)', '~ep_epoch2(node0)']
501     : ----000-----------------1-
501     : ['transfer_epoch3(node0)', '~ep_epoch0(node1)', '~ep_epoch1(node1)', '~ep_epoch2(node1)']
502     : 000----------------------1
502     : ['transfer_epoch3(node1)', '~ep_epoch0(node0)', '~ep_epoch1(node0)', '~ep_epoch2(node0)']
482     : ----000------------------1
482     : ['transfer_epoch3(node1)', '~ep_epoch0(node1)', '~ep_epoch1(node1)', '~ep_epoch2(node1)']
num_forall :   0
num_exists :   0
num_literals : 0
quantified form : None
qcost : 0


=== Prime Orbit 229 =====================
size : 4
num_suborbits: 2
485 (*) : 00------------0---------1-
485     : ['transfer_epoch3(node0)', '~ep_epoch0(node0)', '~ep_epoch1(node0)', '~locked_epoch2(node0)']
503     : ----00---------0--------1-
503     : ['transfer_epoch3(node0)', '~ep_epoch0(node1)', '~ep_epoch1(node1)', '~locked_epoch2(node1)']
504     : 00------------0----------1
504     : ['transfer_epoch3(node1)', '~ep_epoch0(node0)', '~ep_epoch1(node0)', '~locked_epoch2(node0)']
486     : ----00---------0---------1
486     : ['transfer_epoch3(node1)', '~ep_epoch0(node1)', '~ep_epoch1(node1)', '~locked_epoch2(node1)']
num_forall :   0
num_exists :   0
num_literals : 0
quantified form : None
qcost : 0


=== Prime Orbit 230 =====================
size : 4
num_suborbits: 2
519 (*) : 0----0------0-----------1-
519     : ['transfer_epoch3(node0)', '~ep_epoch0(node0)', '~ep_epoch1(node1)', '~locked_epoch1(node0)']
493     : -0--0--------0----------1-
493     : ['transfer_epoch3(node0)', '~ep_epoch0(node1)', '~ep_epoch1(node0)', '~locked_epoch1(node1)']
494     : 0----0------0------------1
494     : ['transfer_epoch3(node1)', '~ep_epoch0(node0)', '~ep_epoch1(node1)', '~locked_epoch1(node0)']
520     : -0--0--------0-----------1
520     : ['transfer_epoch3(node1)', '~ep_epoch0(node1)', '~ep_epoch1(node0)', '~locked_epoch1(node1)']
num_forall :   0
num_exists :   0
num_literals : 0
quantified form : None
qcost : 0


=== Prime Orbit 231 =====================
size : 4
num_suborbits: 2
537 (*) : 0-0---------0-----------1-
537     : ['transfer_epoch3(node0)', '~ep_epoch0(node0)', '~ep_epoch2(node0)', '~locked_epoch1(node0)']
559     : ----0-0------0----------1-
559     : ['transfer_epoch3(node0)', '~ep_epoch0(node1)', '~ep_epoch2(node1)', '~locked_epoch1(node1)']
560     : 0-0---------0------------1
560     : ['transfer_epoch3(node1)', '~ep_epoch0(node0)', '~ep_epoch2(node0)', '~locked_epoch1(node0)']
538     : ----0-0------0-----------1
538     : ['transfer_epoch3(node1)', '~ep_epoch0(node1)', '~ep_epoch2(node1)', '~locked_epoch1(node1)']
num_forall :   0
num_exists :   0
num_literals : 0
quantified form : None
qcost : 0


=== Prime Orbit 232 =====================
size : 4
num_suborbits: 2
541 (*) : 0-----------0-0---------1-
541     : ['transfer_epoch3(node0)', '~ep_epoch0(node0)', '~locked_epoch1(node0)', '~locked_epoch2(node0)']
557     : ----0--------0-0--------1-
557     : ['transfer_epoch3(node0)', '~ep_epoch0(node1)', '~locked_epoch1(node1)', '~locked_epoch2(node1)']
558     : 0-----------0-0----------1
558     : ['transfer_epoch3(node1)', '~ep_epoch0(node0)', '~locked_epoch1(node0)', '~locked_epoch2(node0)']
542     : ----0--------0-0---------1
542     : ['transfer_epoch3(node1)', '~ep_epoch0(node1)', '~locked_epoch1(node1)', '~locked_epoch2(node1)']
num_forall :   0
num_exists :   0
num_literals : 0
quantified form : None
qcost : 0


=== Prime Orbit 233 =====================
size : 4
num_suborbits: 2
491 (*) : -00----------0----------1-
491     : ['transfer_epoch3(node0)', '~ep_epoch1(node0)', '~ep_epoch2(node0)', '~locked_epoch1(node1)']
523     : -----00-----0-----------1-
523     : ['transfer_epoch3(node0)', '~ep_epoch1(node1)', '~ep_epoch2(node1)', '~locked_epoch1(node0)']
524     : -00----------0-----------1
524     : ['transfer_epoch3(node1)', '~ep_epoch1(node0)', '~ep_epoch2(node0)', '~locked_epoch1(node1)']
492     : -----00-----0------------1
492     : ['transfer_epoch3(node1)', '~ep_epoch1(node1)', '~ep_epoch2(node1)', '~locked_epoch1(node0)']
num_forall :   0
num_exists :   0
num_literals : 0
quantified form : None
qcost : 0


=== Prime Orbit 234 =====================
size : 4
num_suborbits: 2
489 (*) : -0-----------00---------1-
489     : ['transfer_epoch3(node0)', '~ep_epoch1(node0)', '~locked_epoch1(node1)', '~locked_epoch2(node0)']
521     : -----0------0--0--------1-
521     : ['transfer_epoch3(node0)', '~ep_epoch1(node1)', '~locked_epoch1(node0)', '~locked_epoch2(node1)']
522     : -0-----------00----------1
522     : ['transfer_epoch3(node1)', '~ep_epoch1(node0)', '~locked_epoch1(node1)', '~locked_epoch2(node0)']
490     : -----0------0--0---------1
490     : ['transfer_epoch3(node1)', '~ep_epoch1(node1)', '~locked_epoch1(node0)', '~locked_epoch2(node1)']
num_forall :   0
num_exists :   0
num_literals : 0
quantified form : None
qcost : 0


=== Prime Orbit 235 =====================
size : 2
num_suborbits: 1
175 (*) : 0000----------------------
175     : ['~ep_epoch0(node0)', '~ep_epoch1(node0)', '~ep_epoch2(node0)', '~ep_epoch3(node0)']
176     : ----0000------------------
176     : ['~ep_epoch0(node1)', '~ep_epoch1(node1)', '~ep_epoch2(node1)', '~ep_epoch3(node1)']
num_forall :   0
num_exists :   0
num_literals : 0
quantified form : None
qcost : 0


=== Prime Orbit 236 =====================
size : 2
num_suborbits: 1
189 (*) : 000-----0-----------------
189     : ['~ep_epoch0(node0)', '~ep_epoch1(node0)', '~ep_epoch2(node0)', '~held(node0)']
190     : ----000--0----------------
190     : ['~ep_epoch0(node1)', '~ep_epoch1(node1)', '~ep_epoch2(node1)', '~held(node1)']
num_forall :   0
num_exists :   0
num_literals : 0
quantified form : None
qcost : 0


=== Prime Orbit 237 =====================
size : 2
num_suborbits: 1
181 (*) : 000-------------0---------
181     : ['~ep_epoch0(node0)', '~ep_epoch1(node0)', '~ep_epoch2(node0)', '~locked_epoch3(node0)']
182     : ----000----------0--------
182     : ['~ep_epoch0(node1)', '~ep_epoch1(node1)', '~ep_epoch2(node1)', '~locked_epoch3(node1)']
num_forall :   0
num_exists :   0
num_literals : 0
quantified form : None
qcost : 0


=== Prime Orbit 238 =====================
size : 2
num_suborbits: 1
193 (*) : 00-0----------0-----------
193     : ['~ep_epoch0(node0)', '~ep_epoch1(node0)', '~ep_epoch3(node0)', '~locked_epoch2(node0)']
194     : ----00-0-------0----------
194     : ['~ep_epoch0(node1)', '~ep_epoch1(node1)', '~ep_epoch3(node1)', '~locked_epoch2(node1)']
num_forall :   0
num_exists :   0
num_literals : 0
quantified form : None
qcost : 0


=== Prime Orbit 239 =====================
size : 2
num_suborbits: 1
191 (*) : 00------0-----0-----------
191     : ['~ep_epoch0(node0)', '~ep_epoch1(node0)', '~held(node0)', '~locked_epoch2(node0)']
192     : ----00---0-----0----------
192     : ['~ep_epoch0(node1)', '~ep_epoch1(node1)', '~held(node1)', '~locked_epoch2(node1)']
num_forall :   0
num_exists :   0
num_literals : 0
quantified form : None
qcost : 0


=== Prime Orbit 240 =====================
size : 2
num_suborbits: 1
187 (*) : 00------------0-0---------
187     : ['~ep_epoch0(node0)', '~ep_epoch1(node0)', '~locked_epoch2(node0)', '~locked_epoch3(node0)']
188     : ----00---------0-0--------
188     : ['~ep_epoch0(node1)', '~ep_epoch1(node1)', '~locked_epoch2(node1)', '~locked_epoch3(node1)']
num_forall :   0
num_exists :   0
num_literals : 0
quantified form : None
qcost : 0


=== Prime Orbit 241 =====================
size : 2
num_suborbits: 1
371 (*) : 0-00--------0-------------
371     : ['~ep_epoch0(node0)', '~ep_epoch2(node0)', '~ep_epoch3(node0)', '~locked_epoch1(node0)']
372     : ----0-00-----0------------
372     : ['~ep_epoch0(node1)', '~ep_epoch2(node1)', '~ep_epoch3(node1)', '~locked_epoch1(node1)']
num_forall :   0
num_exists :   0
num_literals : 0
quantified form : None
qcost : 0


=== Prime Orbit 242 =====================
size : 2
num_suborbits: 1
354 (*) : 0-0-----0---0-------------
354     : ['~ep_epoch0(node0)', '~ep_epoch2(node0)', '~held(node0)', '~locked_epoch1(node0)']
353     : ----0-0--0---0------------
353     : ['~ep_epoch0(node1)', '~ep_epoch2(node1)', '~held(node1)', '~locked_epoch1(node1)']
num_forall :   0
num_exists :   0
num_literals : 0
quantified form : None
qcost : 0


=== Prime Orbit 243 =====================
size : 2
num_suborbits: 1
370 (*) : 0-0---------0---0---------
370     : ['~ep_epoch0(node0)', '~ep_epoch2(node0)', '~locked_epoch1(node0)', '~locked_epoch3(node0)']
369     : ----0-0------0---0--------
369     : ['~ep_epoch0(node1)', '~ep_epoch2(node1)', '~locked_epoch1(node1)', '~locked_epoch3(node1)']
num_forall :   0
num_exists :   0
num_literals : 0
quantified form : None
qcost : 0


=== Prime Orbit 244 =====================
size : 2
num_suborbits: 1
368 (*) : 0--0--------0-0-----------
368     : ['~ep_epoch0(node0)', '~ep_epoch3(node0)', '~locked_epoch1(node0)', '~locked_epoch2(node0)']
367     : ----0--0-----0-0----------
367     : ['~ep_epoch0(node1)', '~ep_epoch3(node1)', '~locked_epoch1(node1)', '~locked_epoch2(node1)']
num_forall :   0
num_exists :   0
num_literals : 0
quantified form : None
qcost : 0


=== Prime Orbit 245 =====================
size : 2
num_suborbits: 1
373 (*) : 0-------0---0-0-----------
373     : ['~ep_epoch0(node0)', '~held(node0)', '~locked_epoch1(node0)', '~locked_epoch2(node0)']
374     : ----0----0---0-0----------
374     : ['~ep_epoch0(node1)', '~held(node1)', '~locked_epoch1(node1)', '~locked_epoch2(node1)']
num_forall :   0
num_exists :   0
num_literals : 0
quantified form : None
qcost : 0


=== Prime Orbit 246 =====================
size : 2
num_suborbits: 1
366 (*) : 0-----------0-0-0---------
366     : ['~ep_epoch0(node0)', '~locked_epoch1(node0)', '~locked_epoch2(node0)', '~locked_epoch3(node0)']
365     : ----0--------0-0-0--------
365     : ['~ep_epoch0(node1)', '~locked_epoch1(node1)', '~locked_epoch2(node1)', '~locked_epoch3(node1)']
num_forall :   0
num_exists :   0
num_literals : 0
quantified form : None
qcost : 0


=== Prime Orbit 247 =====================
size : 2
num_suborbits: 1
179 (*) : -000---------0------------
179     : ['~ep_epoch1(node0)', '~ep_epoch2(node0)', '~ep_epoch3(node0)', '~locked_epoch1(node1)']
180     : -----000----0-------------
180     : ['~ep_epoch1(node1)', '~ep_epoch2(node1)', '~ep_epoch3(node1)', '~locked_epoch1(node0)']
num_forall :   0
num_exists :   0
num_literals : 0
quantified form : None
qcost : 0


=== Prime Orbit 248 =====================
size : 2
num_suborbits: 1
267 (*) : -00-----0----0------------
267     : ['~ep_epoch1(node0)', '~ep_epoch2(node0)', '~held(node0)', '~locked_epoch1(node1)']
268     : -----00--0--0-------------
268     : ['~ep_epoch1(node1)', '~ep_epoch2(node1)', '~held(node1)', '~locked_epoch1(node0)']
num_forall :   0
num_exists :   0
num_literals : 0
quantified form : None
qcost : 0


=== Prime Orbit 249 =====================
size : 2
num_suborbits: 1
185 (*) : -00----------0--0---------
185     : ['~ep_epoch1(node0)', '~ep_epoch2(node0)', '~locked_epoch1(node1)', '~locked_epoch3(node0)']
186     : -----00-----0----0--------
186     : ['~ep_epoch1(node1)', '~ep_epoch2(node1)', '~locked_epoch1(node0)', '~locked_epoch3(node1)']
num_forall :   0
num_exists :   0
num_literals : 0
quantified form : None
qcost : 0


=== Prime Orbit 250 =====================
size : 2
num_suborbits: 1
271 (*) : -0-0---------00-----------
271     : ['~ep_epoch1(node0)', '~ep_epoch3(node0)', '~locked_epoch1(node1)', '~locked_epoch2(node0)']
272     : -----0-0----0--0----------
272     : ['~ep_epoch1(node1)', '~ep_epoch3(node1)', '~locked_epoch1(node0)', '~locked_epoch2(node1)']
num_forall :   0
num_exists :   0
num_literals : 0
quantified form : None
qcost : 0


=== Prime Orbit 251 =====================
size : 2
num_suborbits: 1
269 (*) : -0------0----00-----------
269     : ['~ep_epoch1(node0)', '~held(node0)', '~locked_epoch1(node1)', '~locked_epoch2(node0)']
270     : -----0---0--0--0----------
270     : ['~ep_epoch1(node1)', '~held(node1)', '~locked_epoch1(node0)', '~locked_epoch2(node1)']
num_forall :   0
num_exists :   0
num_literals : 0
quantified form : None
qcost : 0


=== Prime Orbit 252 =====================
size : 2
num_suborbits: 1
273 (*) : -0-----------00-0---------
273     : ['~ep_epoch1(node0)', '~locked_epoch1(node1)', '~locked_epoch2(node0)', '~locked_epoch3(node0)']
274     : -----0------0--0-0--------
274     : ['~ep_epoch1(node1)', '~locked_epoch1(node0)', '~locked_epoch2(node1)', '~locked_epoch3(node1)']
num_forall :   0
num_exists :   0
num_literals : 0
quantified form : None
qcost : 0


=== Prime Orbit 253 =====================
size : 2
num_suborbits: 1
616 (*) : 1-----1--0--------------00
616     : ['ep_epoch0(node0)', 'ep_epoch2(node1)', '~held(node1)', '~transfer_epoch3(node0)', '~transfer_epoch3(node1)']
615     : --1-1---0---------------00
615     : ['ep_epoch0(node1)', 'ep_epoch2(node0)', '~held(node0)', '~transfer_epoch3(node0)', '~transfer_epoch3(node1)']
num_forall :   0
num_exists :   0
num_literals : 0
quantified form : None
qcost : 0


=== Prime Orbit 254 =====================
size : 2
num_suborbits: 1
611 (*) : 1--------0-----1--------00
611     : ['ep_epoch0(node0)', 'locked_epoch2(node1)', '~held(node1)', '~transfer_epoch3(node0)', '~transfer_epoch3(node1)']
612     : ----1---0-----1---------00
612     : ['ep_epoch0(node1)', 'locked_epoch2(node0)', '~held(node0)', '~transfer_epoch3(node0)', '~transfer_epoch3(node1)']
num_forall :   0
num_exists :   0
num_literals : 0
quantified form : None
qcost : 0


=== Prime Orbit 255 =====================
size : 2
num_suborbits: 1
614 (*) : 1----0---0--------------00
614     : ['ep_epoch0(node0)', '~ep_epoch1(node1)', '~held(node1)', '~transfer_epoch3(node0)', '~transfer_epoch3(node1)']
613     : -0--1---0---------------00
613     : ['ep_epoch0(node1)', '~ep_epoch1(node0)', '~held(node0)', '~transfer_epoch3(node0)', '~transfer_epoch3(node1)']
num_forall :   0
num_exists :   0
num_literals : 0
quantified form : None
qcost : 0


=== Prime Orbit 256 =====================
size : 2
num_suborbits: 1
586 (*) : -1----1--0--------------00
586     : ['ep_epoch1(node0)', 'ep_epoch2(node1)', '~held(node1)', '~transfer_epoch3(node0)', '~transfer_epoch3(node1)']
585     : --1--1--0---------------00
585     : ['ep_epoch1(node1)', 'ep_epoch2(node0)', '~held(node0)', '~transfer_epoch3(node0)', '~transfer_epoch3(node1)']
num_forall :   0
num_exists :   0
num_literals : 0
quantified form : None
qcost : 0


=== Prime Orbit 257 =====================
size : 2
num_suborbits: 1
584 (*) : -1-------0-----1--------00
584     : ['ep_epoch1(node0)', 'locked_epoch2(node1)', '~held(node1)', '~transfer_epoch3(node0)', '~transfer_epoch3(node1)']
583     : -----1--0-----1---------00
583     : ['ep_epoch1(node1)', 'locked_epoch2(node0)', '~held(node0)', '~transfer_epoch3(node0)', '~transfer_epoch3(node1)']
num_forall :   0
num_exists :   0
num_literals : 0
quantified form : None
qcost : 0


=== Prime Orbit 258 =====================
size : 2
num_suborbits: 1
582 (*) : -1--0----0--------------00
582     : ['ep_epoch1(node0)', '~ep_epoch0(node1)', '~held(node1)', '~transfer_epoch3(node0)', '~transfer_epoch3(node1)']
581     : 0----1--0---------------00
581     : ['ep_epoch1(node1)', '~ep_epoch0(node0)', '~held(node0)', '~transfer_epoch3(node0)', '~transfer_epoch3(node1)']
num_forall :   0
num_exists :   0
num_literals : 0
quantified form : None
qcost : 0


=== Prime Orbit 259 =====================
size : 2
num_suborbits: 1
617 (*) : --1----00---------------00
617     : ['ep_epoch2(node0)', '~ep_epoch3(node1)', '~held(node0)', '~transfer_epoch3(node0)', '~transfer_epoch3(node1)']
618     : ---0--1--0--------------00
618     : ['ep_epoch2(node1)', '~ep_epoch3(node0)', '~held(node1)', '~transfer_epoch3(node0)', '~transfer_epoch3(node1)']
num_forall :   0
num_exists :   0
num_literals : 0
quantified form : None
qcost : 0


=== Prime Orbit 260 =====================
size : 2
num_suborbits: 1
619 (*) : --1-----00--------------00
619     : ['ep_epoch2(node0)', '~held(node0)', '~held(node1)', '~transfer_epoch3(node0)', '~transfer_epoch3(node1)']
620     : ------1-00--------------00
620     : ['ep_epoch2(node1)', '~held(node0)', '~held(node1)', '~transfer_epoch3(node0)', '~transfer_epoch3(node1)']
num_forall :   0
num_exists :   0
num_literals : 0
quantified form : None
qcost : 0


=== Prime Orbit 261 =====================
size : 2
num_suborbits: 1
621 (*) : --1-----0--------0------00
621     : ['ep_epoch2(node0)', '~held(node0)', '~locked_epoch3(node1)', '~transfer_epoch3(node0)', '~transfer_epoch3(node1)']
622     : ------1--0------0-------00
622     : ['ep_epoch2(node1)', '~held(node1)', '~locked_epoch3(node0)', '~transfer_epoch3(node0)', '~transfer_epoch3(node1)']
num_forall :   0
num_exists :   0
num_literals : 0
quantified form : None
qcost : 0


=== Prime Orbit 262 =====================
size : 2
num_suborbits: 1
668 (*) : -00-0-0-----1-------------
668     : ['locked_epoch1(node0)', '~ep_epoch0(node1)', '~ep_epoch1(node0)', '~ep_epoch2(node0)', '~ep_epoch2(node1)']
667     : 0-0--00------1------------
667     : ['locked_epoch1(node1)', '~ep_epoch0(node0)', '~ep_epoch1(node1)', '~ep_epoch2(node0)', '~ep_epoch2(node1)']
num_forall :   0
num_exists :   0
num_literals : 0
quantified form : None
qcost : 0


=== Prime Orbit 263 =====================
size : 4
num_suborbits: 2
669 (*) : -00-0-------1--0----------
669     : ['locked_epoch1(node0)', '~ep_epoch0(node1)', '~ep_epoch1(node0)', '~ep_epoch2(node0)', '~locked_epoch2(node1)']
664     : -0--0-0-----1-0-----------
664     : ['locked_epoch1(node0)', '~ep_epoch0(node1)', '~ep_epoch1(node0)', '~ep_epoch2(node1)', '~locked_epoch2(node0)']
663     : 0-0--0-------1-0----------
663     : ['locked_epoch1(node1)', '~ep_epoch0(node0)', '~ep_epoch1(node1)', '~ep_epoch2(node0)', '~locked_epoch2(node1)']
670     : 0----00------10-----------
670     : ['locked_epoch1(node1)', '~ep_epoch0(node0)', '~ep_epoch1(node1)', '~ep_epoch2(node1)', '~locked_epoch2(node0)']
num_forall :   0
num_exists :   0
num_literals : 0
quantified form : None
qcost : 0


=== Prime Orbit 264 =====================
size : 2
num_suborbits: 1
626 (*) : -0-00--0----1-------------
626     : ['locked_epoch1(node0)', '~ep_epoch0(node1)', '~ep_epoch1(node0)', '~ep_epoch3(node0)', '~ep_epoch3(node1)']
625     : 0--0-0-0-----1------------
625     : ['locked_epoch1(node1)', '~ep_epoch0(node0)', '~ep_epoch1(node1)', '~ep_epoch3(node0)', '~ep_epoch3(node1)']
num_forall :   0
num_exists :   0
num_literals : 0
quantified form : None
qcost : 0


=== Prime Orbit 265 =====================
size : 4
num_suborbits: 2
634 (*) : -0-00----0--1-------------
634     : ['locked_epoch1(node0)', '~ep_epoch0(node1)', '~ep_epoch1(node0)', '~ep_epoch3(node0)', '~held(node1)']
635     : -0--0--00---1-------------
635     : ['locked_epoch1(node0)', '~ep_epoch0(node1)', '~ep_epoch1(node0)', '~ep_epoch3(node1)', '~held(node0)']
636     : 0--0-0---0---1------------
636     : ['locked_epoch1(node1)', '~ep_epoch0(node0)', '~ep_epoch1(node1)', '~ep_epoch3(node0)', '~held(node1)']
633     : 0----0-00----1------------
633     : ['locked_epoch1(node1)', '~ep_epoch0(node0)', '~ep_epoch1(node1)', '~ep_epoch3(node1)', '~held(node0)']
num_forall :   0
num_exists :   0
num_literals : 0
quantified form : None
qcost : 0


=== Prime Orbit 266 =====================
size : 4
num_suborbits: 2
632 (*) : -0-00-------1----0--------
632     : ['locked_epoch1(node0)', '~ep_epoch0(node1)', '~ep_epoch1(node0)', '~ep_epoch3(node0)', '~locked_epoch3(node1)']
637     : -0--0--0----1---0---------
637     : ['locked_epoch1(node0)', '~ep_epoch0(node1)', '~ep_epoch1(node0)', '~ep_epoch3(node1)', '~locked_epoch3(node0)']
638     : 0--0-0-------1---0--------
638     : ['locked_epoch1(node1)', '~ep_epoch0(node0)', '~ep_epoch1(node1)', '~ep_epoch3(node0)', '~locked_epoch3(node1)']
631     : 0----0-0-----1--0---------
631     : ['locked_epoch1(node1)', '~ep_epoch0(node0)', '~ep_epoch1(node1)', '~ep_epoch3(node1)', '~locked_epoch3(node0)']
num_forall :   0
num_exists :   0
num_literals : 0
quantified form : None
qcost : 0


=== Prime Orbit 267 =====================
size : 2
num_suborbits: 1
653 (*) : -0--0---00--1-------------
653     : ['locked_epoch1(node0)', '~ep_epoch0(node1)', '~ep_epoch1(node0)', '~held(node0)', '~held(node1)']
654     : 0----0--00---1------------
654     : ['locked_epoch1(node1)', '~ep_epoch0(node0)', '~ep_epoch1(node1)', '~held(node0)', '~held(node1)']
num_forall :   0
num_exists :   0
num_literals : 0
quantified form : None
qcost : 0


=== Prime Orbit 268 =====================
size : 4
num_suborbits: 2
655 (*) : -0--0---0---1----0--------
655     : ['locked_epoch1(node0)', '~ep_epoch0(node1)', '~ep_epoch1(node0)', '~held(node0)', '~locked_epoch3(node1)']
647     : -0--0----0--1---0---------
647     : ['locked_epoch1(node0)', '~ep_epoch0(node1)', '~ep_epoch1(node0)', '~held(node1)', '~locked_epoch3(node0)']
648     : 0----0--0----1---0--------
648     : ['locked_epoch1(node1)', '~ep_epoch0(node0)', '~ep_epoch1(node1)', '~held(node0)', '~locked_epoch3(node1)']
656     : 0----0---0---1--0---------
656     : ['locked_epoch1(node1)', '~ep_epoch0(node0)', '~ep_epoch1(node1)', '~held(node1)', '~locked_epoch3(node0)']
num_forall :   0
num_exists :   0
num_literals : 0
quantified form : None
qcost : 0


=== Prime Orbit 269 =====================
size : 2
num_suborbits: 1
674 (*) : -0--0-------1-00----------
674     : ['locked_epoch1(node0)', '~ep_epoch0(node1)', '~ep_epoch1(node0)', '~locked_epoch2(node0)', '~locked_epoch2(node1)']
673     : 0----0-------100----------
673     : ['locked_epoch1(node1)', '~ep_epoch0(node0)', '~ep_epoch1(node1)', '~locked_epoch2(node0)', '~locked_epoch2(node1)']
num_forall :   0
num_exists :   0
num_literals : 0
quantified form : None
qcost : 0


=== Prime Orbit 270 =====================
size : 2
num_suborbits: 1
645 (*) : -0--0-------1---00--------
645     : ['locked_epoch1(node0)', '~ep_epoch0(node1)', '~ep_epoch1(node0)', '~locked_epoch3(node0)', '~locked_epoch3(node1)']
646     : 0----0-------1--00--------
646     : ['locked_epoch1(node1)', '~ep_epoch0(node0)', '~ep_epoch1(node1)', '~locked_epoch3(node0)', '~locked_epoch3(node1)']
num_forall :   0
num_exists :   0
num_literals : 0
quantified form : None
qcost : 0


=== Prime Orbit 271 =====================
size : 2
num_suborbits: 1
610 (*) : -------00-----1---------00
610     : ['locked_epoch2(node0)', '~ep_epoch3(node1)', '~held(node0)', '~transfer_epoch3(node0)', '~transfer_epoch3(node1)']
609     : ---0-----0-----1--------00
609     : ['locked_epoch2(node1)', '~ep_epoch3(node0)', '~held(node1)', '~transfer_epoch3(node0)', '~transfer_epoch3(node1)']
num_forall :   0
num_exists :   0
num_literals : 0
quantified form : None
qcost : 0


=== Prime Orbit 272 =====================
size : 2
num_suborbits: 1
608 (*) : --------00----1---------00
608     : ['locked_epoch2(node0)', '~held(node0)', '~held(node1)', '~transfer_epoch3(node0)', '~transfer_epoch3(node1)']
607     : --------00-----1--------00
607     : ['locked_epoch2(node1)', '~held(node0)', '~held(node1)', '~transfer_epoch3(node0)', '~transfer_epoch3(node1)']
num_forall :   0
num_exists :   0
num_literals : 0
quantified form : None
qcost : 0


=== Prime Orbit 273 =====================
size : 2
num_suborbits: 1
606 (*) : --------0-----1--0------00
606     : ['locked_epoch2(node0)', '~held(node0)', '~locked_epoch3(node1)', '~transfer_epoch3(node0)', '~transfer_epoch3(node1)']
605     : ---------0-----10-------00
605     : ['locked_epoch2(node1)', '~held(node1)', '~locked_epoch3(node0)', '~transfer_epoch3(node0)', '~transfer_epoch3(node1)']
num_forall :   0
num_exists :   0
num_literals : 0
quantified form : None
qcost : 0


=== Prime Orbit 274 =====================
size : 2
num_suborbits: 1
604 (*) : 00--00------------------1-
604     : ['transfer_epoch3(node0)', '~ep_epoch0(node0)', '~ep_epoch0(node1)', '~ep_epoch1(node0)', '~ep_epoch1(node1)']
603     : 00--00-------------------1
603     : ['transfer_epoch3(node1)', '~ep_epoch0(node0)', '~ep_epoch0(node1)', '~ep_epoch1(node0)', '~ep_epoch1(node1)']
num_forall :   0
num_exists :   0
num_literals : 0
quantified form : None
qcost : 0


=== Prime Orbit 275 =====================
size : 2
num_suborbits: 1
592 (*) : 0-0-0-0-----------------1-
592     : ['transfer_epoch3(node0)', '~ep_epoch0(node0)', '~ep_epoch0(node1)', '~ep_epoch2(node0)', '~ep_epoch2(node1)']
591     : 0-0-0-0------------------1
591     : ['transfer_epoch3(node1)', '~ep_epoch0(node0)', '~ep_epoch0(node1)', '~ep_epoch2(node0)', '~ep_epoch2(node1)']
num_forall :   0
num_exists :   0
num_literals : 0
quantified form : None
qcost : 0


=== Prime Orbit 276 =====================
size : 4
num_suborbits: 2
594 (*) : 0-0-0----------0--------1-
594     : ['transfer_epoch3(node0)', '~ep_epoch0(node0)', '~ep_epoch0(node1)', '~ep_epoch2(node0)', '~locked_epoch2(node1)']
590     : 0---0-0-------0---------1-
590     : ['transfer_epoch3(node0)', '~ep_epoch0(node0)', '~ep_epoch0(node1)', '~ep_epoch2(node1)', '~locked_epoch2(node0)']
589     : 0-0-0----------0---------1
589     : ['transfer_epoch3(node1)', '~ep_epoch0(node0)', '~ep_epoch0(node1)', '~ep_epoch2(node0)', '~locked_epoch2(node1)']
593     : 0---0-0-------0----------1
593     : ['transfer_epoch3(node1)', '~ep_epoch0(node0)', '~ep_epoch0(node1)', '~ep_epoch2(node1)', '~locked_epoch2(node0)']
num_forall :   0
num_exists :   0
num_literals : 0
quantified form : None
qcost : 0


=== Prime Orbit 277 =====================
size : 2
num_suborbits: 1
588 (*) : 0---0---------00--------1-
588     : ['transfer_epoch3(node0)', '~ep_epoch0(node0)', '~ep_epoch0(node1)', '~locked_epoch2(node0)', '~locked_epoch2(node1)']
587     : 0---0---------00---------1
587     : ['transfer_epoch3(node1)', '~ep_epoch0(node0)', '~ep_epoch0(node1)', '~locked_epoch2(node0)', '~locked_epoch2(node1)']
num_forall :   0
num_exists :   0
num_literals : 0
quantified form : None
qcost : 0


=== Prime Orbit 278 =====================
size : 2
num_suborbits: 1
602 (*) : -00--00-----------------1-
602     : ['transfer_epoch3(node0)', '~ep_epoch1(node0)', '~ep_epoch1(node1)', '~ep_epoch2(node0)', '~ep_epoch2(node1)']
601     : -00--00------------------1
601     : ['transfer_epoch3(node1)', '~ep_epoch1(node0)', '~ep_epoch1(node1)', '~ep_epoch2(node0)', '~ep_epoch2(node1)']
num_forall :   0
num_exists :   0
num_literals : 0
quantified form : None
qcost : 0


=== Prime Orbit 279 =====================
size : 4
num_suborbits: 2
598 (*) : -00--0---------0--------1-
598     : ['transfer_epoch3(node0)', '~ep_epoch1(node0)', '~ep_epoch1(node1)', '~ep_epoch2(node0)', '~locked_epoch2(node1)']
600     : -0---00-------0---------1-
600     : ['transfer_epoch3(node0)', '~ep_epoch1(node0)', '~ep_epoch1(node1)', '~ep_epoch2(node1)', '~locked_epoch2(node0)']
599     : -00--0---------0---------1
599     : ['transfer_epoch3(node1)', '~ep_epoch1(node0)', '~ep_epoch1(node1)', '~ep_epoch2(node0)', '~locked_epoch2(node1)']
597     : -0---00-------0----------1
597     : ['transfer_epoch3(node1)', '~ep_epoch1(node0)', '~ep_epoch1(node1)', '~ep_epoch2(node1)', '~locked_epoch2(node0)']
num_forall :   0
num_exists :   0
num_literals : 0
quantified form : None
qcost : 0


=== Prime Orbit 280 =====================
size : 2
num_suborbits: 1
596 (*) : -0---0--------00--------1-
596     : ['transfer_epoch3(node0)', '~ep_epoch1(node0)', '~ep_epoch1(node1)', '~locked_epoch2(node0)', '~locked_epoch2(node1)']
595     : -0---0--------00---------1
595     : ['transfer_epoch3(node1)', '~ep_epoch1(node0)', '~ep_epoch1(node1)', '~locked_epoch2(node0)', '~locked_epoch2(node1)']
num_forall :   0
num_exists :   0
num_literals : 0
quantified form : None
qcost : 0


=== Prime Orbit 281 =====================
size : 2
num_suborbits: 1
660 (*) : 0-0--00-----0-------------
660     : ['~ep_epoch0(node0)', '~ep_epoch1(node1)', '~ep_epoch2(node0)', '~ep_epoch2(node1)', '~locked_epoch1(node0)']
659     : -00-0-0------0------------
659     : ['~ep_epoch0(node1)', '~ep_epoch1(node0)', '~ep_epoch2(node0)', '~ep_epoch2(node1)', '~locked_epoch1(node1)']
num_forall :   0
num_exists :   0
num_literals : 0
quantified form : None
qcost : 0


=== Prime Orbit 282 =====================
size : 4
num_suborbits: 2
665 (*) : 0-0--0------0--0----------
665     : ['~ep_epoch0(node0)', '~ep_epoch1(node1)', '~ep_epoch2(node0)', '~locked_epoch1(node0)', '~locked_epoch2(node1)']
662     : 0----00-----0-0-----------
662     : ['~ep_epoch0(node0)', '~ep_epoch1(node1)', '~ep_epoch2(node1)', '~locked_epoch1(node0)', '~locked_epoch2(node0)']
661     : -00-0--------0-0----------
661     : ['~ep_epoch0(node1)', '~ep_epoch1(node0)', '~ep_epoch2(node0)', '~locked_epoch1(node1)', '~locked_epoch2(node1)']
666     : -0--0-0------00-----------
666     : ['~ep_epoch0(node1)', '~ep_epoch1(node0)', '~ep_epoch2(node1)', '~locked_epoch1(node1)', '~locked_epoch2(node0)']
num_forall :   0
num_exists :   0
num_literals : 0
quantified form : None
qcost : 0


=== Prime Orbit 283 =====================
size : 2
num_suborbits: 1
623 (*) : 0--0-0-0----0-------------
623     : ['~ep_epoch0(node0)', '~ep_epoch1(node1)', '~ep_epoch3(node0)', '~ep_epoch3(node1)', '~locked_epoch1(node0)']
624     : -0-00--0-----0------------
624     : ['~ep_epoch0(node1)', '~ep_epoch1(node0)', '~ep_epoch3(node0)', '~ep_epoch3(node1)', '~locked_epoch1(node1)']
num_forall :   0
num_exists :   0
num_literals : 0
quantified form : None
qcost : 0


=== Prime Orbit 284 =====================
size : 4
num_suborbits: 2
642 (*) : 0--0-0---0--0-------------
642     : ['~ep_epoch0(node0)', '~ep_epoch1(node1)', '~ep_epoch3(node0)', '~held(node1)', '~locked_epoch1(node0)']
629     : 0----0-00---0-------------
629     : ['~ep_epoch0(node0)', '~ep_epoch1(node1)', '~ep_epoch3(node1)', '~held(node0)', '~locked_epoch1(node0)']
630     : -0-00----0---0------------
630     : ['~ep_epoch0(node1)', '~ep_epoch1(node0)', '~ep_epoch3(node0)', '~held(node1)', '~locked_epoch1(node1)']
641     : -0--0--00----0------------
641     : ['~ep_epoch0(node1)', '~ep_epoch1(node0)', '~ep_epoch3(node1)', '~held(node0)', '~locked_epoch1(node1)']
num_forall :   0
num_exists :   0
num_literals : 0
quantified form : None
qcost : 0


=== Prime Orbit 285 =====================
size : 4
num_suborbits: 2
640 (*) : 0--0-0------0----0--------
640     : ['~ep_epoch0(node0)', '~ep_epoch1(node1)', '~ep_epoch3(node0)', '~locked_epoch1(node0)', '~locked_epoch3(node1)']
627     : 0----0-0----0---0---------
627     : ['~ep_epoch0(node0)', '~ep_epoch1(node1)', '~ep_epoch3(node1)', '~locked_epoch1(node0)', '~locked_epoch3(node0)']
628     : -0-00--------0---0--------
628     : ['~ep_epoch0(node1)', '~ep_epoch1(node0)', '~ep_epoch3(node0)', '~locked_epoch1(node1)', '~locked_epoch3(node1)']
639     : -0--0--0-----0--0---------
639     : ['~ep_epoch0(node1)', '~ep_epoch1(node0)', '~ep_epoch3(node1)', '~locked_epoch1(node1)', '~locked_epoch3(node0)']
num_forall :   0
num_exists :   0
num_literals : 0
quantified form : None
qcost : 0


=== Prime Orbit 286 =====================
size : 2
num_suborbits: 1
652 (*) : 0----0--00--0-------------
652     : ['~ep_epoch0(node0)', '~ep_epoch1(node1)', '~held(node0)', '~held(node1)', '~locked_epoch1(node0)']
651     : -0--0---00---0------------
651     : ['~ep_epoch0(node1)', '~ep_epoch1(node0)', '~held(node0)', '~held(node1)', '~locked_epoch1(node1)']
num_forall :   0
num_exists :   0
num_literals : 0
quantified form : None
qcost : 0


=== Prime Orbit 287 =====================
size : 4
num_suborbits: 2
650 (*) : 0----0--0---0----0--------
650     : ['~ep_epoch0(node0)', '~ep_epoch1(node1)', '~held(node0)', '~locked_epoch1(node0)', '~locked_epoch3(node1)']
658     : 0----0---0--0---0---------
658     : ['~ep_epoch0(node0)', '~ep_epoch1(node1)', '~held(node1)', '~locked_epoch1(node0)', '~locked_epoch3(node0)']
657     : -0--0---0----0---0--------
657     : ['~ep_epoch0(node1)', '~ep_epoch1(node0)', '~held(node0)', '~locked_epoch1(node1)', '~locked_epoch3(node1)']
649     : -0--0----0---0--0---------
649     : ['~ep_epoch0(node1)', '~ep_epoch1(node0)', '~held(node1)', '~locked_epoch1(node1)', '~locked_epoch3(node0)']
num_forall :   0
num_exists :   0
num_literals : 0
quantified form : None
qcost : 0


=== Prime Orbit 288 =====================
size : 2
num_suborbits: 1
671 (*) : 0----0------0-00----------
671     : ['~ep_epoch0(node0)', '~ep_epoch1(node1)', '~locked_epoch1(node0)', '~locked_epoch2(node0)', '~locked_epoch2(node1)']
672     : -0--0--------000----------
672     : ['~ep_epoch0(node1)', '~ep_epoch1(node0)', '~locked_epoch1(node1)', '~locked_epoch2(node0)', '~locked_epoch2(node1)']
num_forall :   0
num_exists :   0
num_literals : 0
quantified form : None
qcost : 0


=== Prime Orbit 289 =====================
size : 2
num_suborbits: 1
644 (*) : 0----0------0---00--------
644     : ['~ep_epoch0(node0)', '~ep_epoch1(node1)', '~locked_epoch1(node0)', '~locked_epoch3(node0)', '~locked_epoch3(node1)']
643     : -0--0--------0--00--------
643     : ['~ep_epoch0(node1)', '~ep_epoch1(node0)', '~locked_epoch1(node1)', '~locked_epoch3(node0)', '~locked_epoch3(node1)']
num_forall :   0
num_exists :   0
num_literals : 0
quantified form : None
qcost : 0


=== Prime Orbit 290 =====================
size : 2
num_suborbits: 1
773 (*) : 1--------0------------0000
773     : ['ep_epoch0(node0)', '~held(node1)', '~transfer_epoch2(node0)', '~transfer_epoch2(node1)', '~transfer_epoch3(node0)', '~transfer_epoch3(node1)']
774     : ----1---0-------------0000
774     : ['ep_epoch0(node1)', '~held(node0)', '~transfer_epoch2(node0)', '~transfer_epoch2(node1)', '~transfer_epoch3(node0)', '~transfer_epoch3(node1)']
num_forall :   0
num_exists :   0
num_literals : 0
quantified form : None
qcost : 0


=== Prime Orbit 291 =====================
size : 2
num_suborbits: 1
776 (*) : ---00----0--1-----------00
776     : ['locked_epoch1(node0)', '~ep_epoch0(node1)', '~ep_epoch3(node0)', '~held(node1)', '~transfer_epoch3(node0)', '~transfer_epoch3(node1)']
775     : 0------00----1----------00
775     : ['locked_epoch1(node1)', '~ep_epoch0(node0)', '~ep_epoch3(node1)', '~held(node0)', '~transfer_epoch3(node0)', '~transfer_epoch3(node1)']
num_forall :   0
num_exists :   0
num_literals : 0
quantified form : None
qcost : 0


=== Prime Orbit 292 =====================
size : 2
num_suborbits: 1
772 (*) : ----0---00--1-----------00
772     : ['locked_epoch1(node0)', '~ep_epoch0(node1)', '~held(node0)', '~held(node1)', '~transfer_epoch3(node0)', '~transfer_epoch3(node1)']
771     : 0-------00---1----------00
771     : ['locked_epoch1(node1)', '~ep_epoch0(node0)', '~held(node0)', '~held(node1)', '~transfer_epoch3(node0)', '~transfer_epoch3(node1)']
num_forall :   0
num_exists :   0
num_literals : 0
quantified form : None
qcost : 0


=== Prime Orbit 293 =====================
size : 2
num_suborbits: 1
778 (*) : ----0----0--1---0-------00
778     : ['locked_epoch1(node0)', '~ep_epoch0(node1)', '~held(node1)', '~locked_epoch3(node0)', '~transfer_epoch3(node0)', '~transfer_epoch3(node1)']
777     : 0-------0----1---0------00
777     : ['locked_epoch1(node1)', '~ep_epoch0(node0)', '~held(node0)', '~locked_epoch3(node1)', '~transfer_epoch3(node0)', '~transfer_epoch3(node1)']
num_forall :   0
num_exists :   0
num_literals : 0
quantified form : None
qcost : 0


=== Prime Orbit 294 =====================
size : 2
num_suborbits: 1
711 (*) : -0-----00---1-----------00
711     : ['locked_epoch1(node0)', '~ep_epoch1(node0)', '~ep_epoch3(node1)', '~held(node0)', '~transfer_epoch3(node0)', '~transfer_epoch3(node1)']
712     : ---0-0---0---1----------00
712     : ['locked_epoch1(node1)', '~ep_epoch1(node1)', '~ep_epoch3(node0)', '~held(node1)', '~transfer_epoch3(node0)', '~transfer_epoch3(node1)']
num_forall :   0
num_exists :   0
num_literals : 0
quantified form : None
qcost : 0


=== Prime Orbit 295 =====================
size : 2
num_suborbits: 1
722 (*) : -0------00--1-----------00
722     : ['locked_epoch1(node0)', '~ep_epoch1(node0)', '~held(node0)', '~held(node1)', '~transfer_epoch3(node0)', '~transfer_epoch3(node1)']
723     : -----0--00---1----------00
723     : ['locked_epoch1(node1)', '~ep_epoch1(node1)', '~held(node0)', '~held(node1)', '~transfer_epoch3(node0)', '~transfer_epoch3(node1)']
num_forall :   0
num_exists :   0
num_literals : 0
quantified form : None
qcost : 0


=== Prime Orbit 296 =====================
size : 2
num_suborbits: 1
709 (*) : -0------0---1----0------00
709     : ['locked_epoch1(node0)', '~ep_epoch1(node0)', '~held(node0)', '~locked_epoch3(node1)', '~transfer_epoch3(node0)', '~transfer_epoch3(node1)']
710     : -----0---0---1--0-------00
710     : ['locked_epoch1(node1)', '~ep_epoch1(node1)', '~held(node1)', '~locked_epoch3(node0)', '~transfer_epoch3(node0)', '~transfer_epoch3(node1)']
num_forall :   0
num_exists :   0
num_literals : 0
quantified form : None
qcost : 0


=== Prime Orbit 297 =====================
size : 1
num_suborbits: 1
697 (*) : 000-000-------------------
697     : ['~ep_epoch0(node0)', '~ep_epoch0(node1)', '~ep_epoch1(node0)', '~ep_epoch1(node1)', '~ep_epoch2(node0)', '~ep_epoch2(node1)']
num_forall :   0
num_exists :   0
num_literals : 0
quantified form : None
qcost : 0


=== Prime Orbit 298 =====================
size : 2
num_suborbits: 1
695 (*) : 000-00---------0----------
695     : ['~ep_epoch0(node0)', '~ep_epoch0(node1)', '~ep_epoch1(node0)', '~ep_epoch1(node1)', '~ep_epoch2(node0)', '~locked_epoch2(node1)']
696     : 00--000-------0-----------
696     : ['~ep_epoch0(node0)', '~ep_epoch0(node1)', '~ep_epoch1(node0)', '~ep_epoch1(node1)', '~ep_epoch2(node1)', '~locked_epoch2(node0)']
num_forall :   0
num_exists :   0
num_literals : 0
quantified form : None
qcost : 0


=== Prime Orbit 299 =====================
size : 1
num_suborbits: 1
742 (*) : 00-000-0------------------
742     : ['~ep_epoch0(node0)', '~ep_epoch0(node1)', '~ep_epoch1(node0)', '~ep_epoch1(node1)', '~ep_epoch3(node0)', '~ep_epoch3(node1)']
num_forall :   0
num_exists :   0
num_literals : 0
quantified form : None
qcost : 0


=== Prime Orbit 300 =====================
size : 2
num_suborbits: 1
734 (*) : 00-000---0----------------
734     : ['~ep_epoch0(node0)', '~ep_epoch0(node1)', '~ep_epoch1(node0)', '~ep_epoch1(node1)', '~ep_epoch3(node0)', '~held(node1)']
735     : 00--00-00-----------------
735     : ['~ep_epoch0(node0)', '~ep_epoch0(node1)', '~ep_epoch1(node0)', '~ep_epoch1(node1)', '~ep_epoch3(node1)', '~held(node0)']
num_forall :   0
num_exists :   0
num_literals : 0
quantified form : None
qcost : 0


=== Prime Orbit 301 =====================
size : 2
num_suborbits: 1
739 (*) : 00-000-----------0--------
739     : ['~ep_epoch0(node0)', '~ep_epoch0(node1)', '~ep_epoch1(node0)', '~ep_epoch1(node1)', '~ep_epoch3(node0)', '~locked_epoch3(node1)']
740     : 00--00-0--------0---------
740     : ['~ep_epoch0(node0)', '~ep_epoch0(node1)', '~ep_epoch1(node0)', '~ep_epoch1(node1)', '~ep_epoch3(node1)', '~locked_epoch3(node0)']
num_forall :   0
num_exists :   0
num_literals : 0
quantified form : None
qcost : 0


=== Prime Orbit 302 =====================
size : 1
num_suborbits: 1
738 (*) : 00--00--00----------------
738     : ['~ep_epoch0(node0)', '~ep_epoch0(node1)', '~ep_epoch1(node0)', '~ep_epoch1(node1)', '~held(node0)', '~held(node1)']
num_forall :   0
num_exists :   0
num_literals : 0
quantified form : None
qcost : 0


=== Prime Orbit 303 =====================
size : 2
num_suborbits: 1
737 (*) : 00--00--0--------0--------
737     : ['~ep_epoch0(node0)', '~ep_epoch0(node1)', '~ep_epoch1(node0)', '~ep_epoch1(node1)', '~held(node0)', '~locked_epoch3(node1)']
736     : 00--00---0------0---------
736     : ['~ep_epoch0(node0)', '~ep_epoch0(node1)', '~ep_epoch1(node0)', '~ep_epoch1(node1)', '~held(node1)', '~locked_epoch3(node0)']
num_forall :   0
num_exists :   0
num_literals : 0
quantified form : None
qcost : 0


=== Prime Orbit 304 =====================
size : 1
num_suborbits: 1
733 (*) : 00--00--------00----------
733     : ['~ep_epoch0(node0)', '~ep_epoch0(node1)', '~ep_epoch1(node0)', '~ep_epoch1(node1)', '~locked_epoch2(node0)', '~locked_epoch2(node1)']
num_forall :   0
num_exists :   0
num_literals : 0
quantified form : None
qcost : 0


=== Prime Orbit 305 =====================
size : 1
num_suborbits: 1
741 (*) : 00--00----------00--------
741     : ['~ep_epoch0(node0)', '~ep_epoch0(node1)', '~ep_epoch1(node0)', '~ep_epoch1(node1)', '~locked_epoch3(node0)', '~locked_epoch3(node1)']
num_forall :   0
num_exists :   0
num_literals : 0
quantified form : None
qcost : 0


=== Prime Orbit 306 =====================
size : 1
num_suborbits: 1
793 (*) : 0-000-00------------------
793     : ['~ep_epoch0(node0)', '~ep_epoch0(node1)', '~ep_epoch2(node0)', '~ep_epoch2(node1)', '~ep_epoch3(node0)', '~ep_epoch3(node1)']
num_forall :   0
num_exists :   0
num_literals : 0
quantified form : None
qcost : 0


=== Prime Orbit 307 =====================
size : 2
num_suborbits: 1
756 (*) : 0-000-0--0----------------
756     : ['~ep_epoch0(node0)', '~ep_epoch0(node1)', '~ep_epoch2(node0)', '~ep_epoch2(node1)', '~ep_epoch3(node0)', '~held(node1)']
757     : 0-0-0-000-----------------
757     : ['~ep_epoch0(node0)', '~ep_epoch0(node1)', '~ep_epoch2(node0)', '~ep_epoch2(node1)', '~ep_epoch3(node1)', '~held(node0)']
num_forall :   0
num_exists :   0
num_literals : 0
quantified form : None
qcost : 0


=== Prime Orbit 308 =====================
size : 2
num_suborbits: 1
787 (*) : 0-000-0----------0--------
787     : ['~ep_epoch0(node0)', '~ep_epoch0(node1)', '~ep_epoch2(node0)', '~ep_epoch2(node1)', '~ep_epoch3(node0)', '~locked_epoch3(node1)']
788     : 0-0-0-00--------0---------
788     : ['~ep_epoch0(node0)', '~ep_epoch0(node1)', '~ep_epoch2(node0)', '~ep_epoch2(node1)', '~ep_epoch3(node1)', '~locked_epoch3(node0)']
num_forall :   0
num_exists :   0
num_literals : 0
quantified form : None
qcost : 0


=== Prime Orbit 309 =====================
size : 1
num_suborbits: 1
763 (*) : 0-0-0-0-00----------------
763     : ['~ep_epoch0(node0)', '~ep_epoch0(node1)', '~ep_epoch2(node0)', '~ep_epoch2(node1)', '~held(node0)', '~held(node1)']
num_forall :   0
num_exists :   0
num_literals : 0
quantified form : None
qcost : 0


=== Prime Orbit 310 =====================
size : 2
num_suborbits: 1
755 (*) : 0-0-0-0-0--------0--------
755     : ['~ep_epoch0(node0)', '~ep_epoch0(node1)', '~ep_epoch2(node0)', '~ep_epoch2(node1)', '~held(node0)', '~locked_epoch3(node1)']
754     : 0-0-0-0--0------0---------
754     : ['~ep_epoch0(node0)', '~ep_epoch0(node1)', '~ep_epoch2(node0)', '~ep_epoch2(node1)', '~held(node1)', '~locked_epoch3(node0)']
num_forall :   0
num_exists :   0
num_literals : 0
quantified form : None
qcost : 0


=== Prime Orbit 311 =====================
size : 1
num_suborbits: 1
786 (*) : 0-0-0-0---------00--------
786     : ['~ep_epoch0(node0)', '~ep_epoch0(node1)', '~ep_epoch2(node0)', '~ep_epoch2(node1)', '~locked_epoch3(node0)', '~locked_epoch3(node1)']
num_forall :   0
num_exists :   0
num_literals : 0
quantified form : None
qcost : 0


=== Prime Orbit 312 =====================
size : 2
num_suborbits: 1
792 (*) : 0-000--0-------0----------
792     : ['~ep_epoch0(node0)', '~ep_epoch0(node1)', '~ep_epoch2(node0)', '~ep_epoch3(node0)', '~ep_epoch3(node1)', '~locked_epoch2(node1)']
791     : 0--00-00------0-----------
791     : ['~ep_epoch0(node0)', '~ep_epoch0(node1)', '~ep_epoch2(node1)', '~ep_epoch3(node0)', '~ep_epoch3(node1)', '~locked_epoch2(node0)']
num_forall :   0
num_exists :   0
num_literals : 0
quantified form : None
qcost : 0


=== Prime Orbit 313 =====================
size : 4
num_suborbits: 2
752 (*) : 0-000----0-----0----------
752     : ['~ep_epoch0(node0)', '~ep_epoch0(node1)', '~ep_epoch2(node0)', '~ep_epoch3(node0)', '~held(node1)', '~locked_epoch2(node1)']
761     : 0-0-0--00------0----------
761     : ['~ep_epoch0(node0)', '~ep_epoch0(node1)', '~ep_epoch2(node0)', '~ep_epoch3(node1)', '~held(node0)', '~locked_epoch2(node1)']
760     : 0--00-0--0----0-----------
760     : ['~ep_epoch0(node0)', '~ep_epoch0(node1)', '~ep_epoch2(node1)', '~ep_epoch3(node0)', '~held(node1)', '~locked_epoch2(node0)']
753     : 0---0-000-----0-----------
753     : ['~ep_epoch0(node0)', '~ep_epoch0(node1)', '~ep_epoch2(node1)', '~ep_epoch3(node1)', '~held(node0)', '~locked_epoch2(node0)']
num_forall :   0
num_exists :   0
num_literals : 0
quantified form : None
qcost : 0


=== Prime Orbit 314 =====================
size : 4
num_suborbits: 2
784 (*) : 0-000----------0-0--------
784     : ['~ep_epoch0(node0)', '~ep_epoch0(node1)', '~ep_epoch2(node0)', '~ep_epoch3(node0)', '~locked_epoch2(node1)', '~locked_epoch3(node1)']
790     : 0-0-0--0-------00---------
790     : ['~ep_epoch0(node0)', '~ep_epoch0(node1)', '~ep_epoch2(node0)', '~ep_epoch3(node1)', '~locked_epoch2(node1)', '~locked_epoch3(node0)']
789     : 0--00-0-------0--0--------
789     : ['~ep_epoch0(node0)', '~ep_epoch0(node1)', '~ep_epoch2(node1)', '~ep_epoch3(node0)', '~locked_epoch2(node0)', '~locked_epoch3(node1)']
785     : 0---0-00------0-0---------
785     : ['~ep_epoch0(node0)', '~ep_epoch0(node1)', '~ep_epoch2(node1)', '~ep_epoch3(node1)', '~locked_epoch2(node0)', '~locked_epoch3(node0)']
num_forall :   0
num_exists :   0
num_literals : 0
quantified form : None
qcost : 0


=== Prime Orbit 315 =====================
size : 2
num_suborbits: 1
743 (*) : 0-0-0---00-----0----------
743     : ['~ep_epoch0(node0)', '~ep_epoch0(node1)', '~ep_epoch2(node0)', '~held(node0)', '~held(node1)', '~locked_epoch2(node1)']
744     : 0---0-0-00----0-----------
744     : ['~ep_epoch0(node0)', '~ep_epoch0(node1)', '~ep_epoch2(node1)', '~held(node0)', '~held(node1)', '~locked_epoch2(node0)']
num_forall :   0
num_exists :   0
num_literals : 0
quantified form : None
qcost : 0


=== Prime Orbit 316 =====================
size : 4
num_suborbits: 2
759 (*) : 0-0-0---0------0-0--------
759     : ['~ep_epoch0(node0)', '~ep_epoch0(node1)', '~ep_epoch2(node0)', '~held(node0)', '~locked_epoch2(node1)', '~locked_epoch3(node1)']
750     : 0-0-0----0-----00---------
750     : ['~ep_epoch0(node0)', '~ep_epoch0(node1)', '~ep_epoch2(node0)', '~held(node1)', '~locked_epoch2(node1)', '~locked_epoch3(node0)']
751     : 0---0-0-0-----0--0--------
751     : ['~ep_epoch0(node0)', '~ep_epoch0(node1)', '~ep_epoch2(node1)', '~held(node0)', '~locked_epoch2(node0)', '~locked_epoch3(node1)']
758     : 0---0-0--0----0-0---------
758     : ['~ep_epoch0(node0)', '~ep_epoch0(node1)', '~ep_epoch2(node1)', '~held(node1)', '~locked_epoch2(node0)', '~locked_epoch3(node0)']
num_forall :   0
num_exists :   0
num_literals : 0
quantified form : None
qcost : 0


=== Prime Orbit 317 =====================
size : 2
num_suborbits: 1
782 (*) : 0-0-0----------000--------
782     : ['~ep_epoch0(node0)', '~ep_epoch0(node1)', '~ep_epoch2(node0)', '~locked_epoch2(node1)', '~locked_epoch3(node0)', '~locked_epoch3(node1)']
783     : 0---0-0-------0-00--------
783     : ['~ep_epoch0(node0)', '~ep_epoch0(node1)', '~ep_epoch2(node1)', '~locked_epoch2(node0)', '~locked_epoch3(node0)', '~locked_epoch3(node1)']
num_forall :   0
num_exists :   0
num_literals : 0
quantified form : None
qcost : 0


=== Prime Orbit 318 =====================
size : 1
num_suborbits: 1
794 (*) : 0--00--0------00----------
794     : ['~ep_epoch0(node0)', '~ep_epoch0(node1)', '~ep_epoch3(node0)', '~ep_epoch3(node1)', '~locked_epoch2(node0)', '~locked_epoch2(node1)']
num_forall :   0
num_exists :   0
num_literals : 0
quantified form : None
qcost : 0


=== Prime Orbit 319 =====================
size : 2
num_suborbits: 1
748 (*) : 0--00----0----00----------
748     : ['~ep_epoch0(node0)', '~ep_epoch0(node1)', '~ep_epoch3(node0)', '~held(node1)', '~locked_epoch2(node0)', '~locked_epoch2(node1)']
749     : 0---0--00-----00----------
749     : ['~ep_epoch0(node0)', '~ep_epoch0(node1)', '~ep_epoch3(node1)', '~held(node0)', '~locked_epoch2(node0)', '~locked_epoch2(node1)']
num_forall :   0
num_exists :   0
num_literals : 0
quantified form : None
qcost : 0


=== Prime Orbit 320 =====================
size : 2
num_suborbits: 1
780 (*) : 0--00---------00-0--------
780     : ['~ep_epoch0(node0)', '~ep_epoch0(node1)', '~ep_epoch3(node0)', '~locked_epoch2(node0)', '~locked_epoch2(node1)', '~locked_epoch3(node1)']
781     : 0---0--0------000---------
781     : ['~ep_epoch0(node0)', '~ep_epoch0(node1)', '~ep_epoch3(node1)', '~locked_epoch2(node0)', '~locked_epoch2(node1)', '~locked_epoch3(node0)']
num_forall :   0
num_exists :   0
num_literals : 0
quantified form : None
qcost : 0


=== Prime Orbit 321 =====================
size : 1
num_suborbits: 1
745 (*) : 0---0---00----00----------
745     : ['~ep_epoch0(node0)', '~ep_epoch0(node1)', '~held(node0)', '~held(node1)', '~locked_epoch2(node0)', '~locked_epoch2(node1)']
num_forall :   0
num_exists :   0
num_literals : 0
quantified form : None
qcost : 0


=== Prime Orbit 322 =====================
size : 1
num_suborbits: 1
762 (*) : 0---0---00--------------00
762     : ['~ep_epoch0(node0)', '~ep_epoch0(node1)', '~held(node0)', '~held(node1)', '~transfer_epoch3(node0)', '~transfer_epoch3(node1)']
num_forall :   0
num_exists :   0
num_literals : 0
quantified form : None
qcost : 0


=== Prime Orbit 323 =====================
size : 2
num_suborbits: 1
747 (*) : 0---0---0-----00-0--------
747     : ['~ep_epoch0(node0)', '~ep_epoch0(node1)', '~held(node0)', '~locked_epoch2(node0)', '~locked_epoch2(node1)', '~locked_epoch3(node1)']
746     : 0---0----0----000---------
746     : ['~ep_epoch0(node0)', '~ep_epoch0(node1)', '~held(node1)', '~locked_epoch2(node0)', '~locked_epoch2(node1)', '~locked_epoch3(node0)']
num_forall :   0
num_exists :   0
num_literals : 0
quantified form : None
qcost : 0


=== Prime Orbit 324 =====================
size : 1
num_suborbits: 1
779 (*) : 0---0---------0000--------
779     : ['~ep_epoch0(node0)', '~ep_epoch0(node1)', '~locked_epoch2(node0)', '~locked_epoch2(node1)', '~locked_epoch3(node0)', '~locked_epoch3(node1)']
num_forall :   0
num_exists :   0
num_literals : 0
quantified form : None
qcost : 0


=== Prime Orbit 325 =====================
size : 2
num_suborbits: 1
705 (*) : 00-----00---------------00
705     : ['~ep_epoch0(node0)', '~ep_epoch1(node0)', '~ep_epoch3(node1)', '~held(node0)', '~transfer_epoch3(node0)', '~transfer_epoch3(node1)']
706     : ---000---0--------------00
706     : ['~ep_epoch0(node1)', '~ep_epoch1(node1)', '~ep_epoch3(node0)', '~held(node1)', '~transfer_epoch3(node0)', '~transfer_epoch3(node1)']
num_forall :   0
num_exists :   0
num_literals : 0
quantified form : None
qcost : 0


=== Prime Orbit 326 =====================
size : 2
num_suborbits: 1
718 (*) : 00------00--------------00
718     : ['~ep_epoch0(node0)', '~ep_epoch1(node0)', '~held(node0)', '~held(node1)', '~transfer_epoch3(node0)', '~transfer_epoch3(node1)']
719     : ----00--00--------------00
719     : ['~ep_epoch0(node1)', '~ep_epoch1(node1)', '~held(node0)', '~held(node1)', '~transfer_epoch3(node0)', '~transfer_epoch3(node1)']
num_forall :   0
num_exists :   0
num_literals : 0
quantified form : None
qcost : 0


=== Prime Orbit 327 =====================
size : 2
num_suborbits: 1
707 (*) : 00------0--------0------00
707     : ['~ep_epoch0(node0)', '~ep_epoch1(node0)', '~held(node0)', '~locked_epoch3(node1)', '~transfer_epoch3(node0)', '~transfer_epoch3(node1)']
708     : ----00---0------0-------00
708     : ['~ep_epoch0(node1)', '~ep_epoch1(node1)', '~held(node1)', '~locked_epoch3(node0)', '~transfer_epoch3(node0)', '~transfer_epoch3(node1)']
num_forall :   0
num_exists :   0
num_literals : 0
quantified form : None
qcost : 0


=== Prime Orbit 328 =====================
size : 2
num_suborbits: 1
767 (*) : 0------00---0-----------00
767     : ['~ep_epoch0(node0)', '~ep_epoch3(node1)', '~held(node0)', '~locked_epoch1(node0)', '~transfer_epoch3(node0)', '~transfer_epoch3(node1)']
766     : ---00----0---0----------00
766     : ['~ep_epoch0(node1)', '~ep_epoch3(node0)', '~held(node1)', '~locked_epoch1(node1)', '~transfer_epoch3(node0)', '~transfer_epoch3(node1)']
num_forall :   0
num_exists :   0
num_literals : 0
quantified form : None
qcost : 0


=== Prime Orbit 329 =====================
size : 2
num_suborbits: 1
769 (*) : 0-------00--0-----------00
769     : ['~ep_epoch0(node0)', '~held(node0)', '~held(node1)', '~locked_epoch1(node0)', '~transfer_epoch3(node0)', '~transfer_epoch3(node1)']
768     : ----0---00---0----------00
768     : ['~ep_epoch0(node1)', '~held(node0)', '~held(node1)', '~locked_epoch1(node1)', '~transfer_epoch3(node0)', '~transfer_epoch3(node1)']
num_forall :   0
num_exists :   0
num_literals : 0
quantified form : None
qcost : 0


=== Prime Orbit 330 =====================
size : 2
num_suborbits: 1
765 (*) : 0-------0---0----0------00
765     : ['~ep_epoch0(node0)', '~held(node0)', '~locked_epoch1(node0)', '~locked_epoch3(node1)', '~transfer_epoch3(node0)', '~transfer_epoch3(node1)']
764     : ----0----0---0--0-------00
764     : ['~ep_epoch0(node1)', '~held(node1)', '~locked_epoch1(node1)', '~locked_epoch3(node0)', '~transfer_epoch3(node0)', '~transfer_epoch3(node1)']
num_forall :   0
num_exists :   0
num_literals : 0
quantified form : None
qcost : 0


=== Prime Orbit 331 =====================
size : 1
num_suborbits: 1
698 (*) : -000-000------------------
698     : ['~ep_epoch1(node0)', '~ep_epoch1(node1)', '~ep_epoch2(node0)', '~ep_epoch2(node1)', '~ep_epoch3(node0)', '~ep_epoch3(node1)']
num_forall :   0
num_exists :   0
num_literals : 0
quantified form : None
qcost : 0


=== Prime Orbit 332 =====================
size : 2
num_suborbits: 1
693 (*) : -000-00--0----------------
693     : ['~ep_epoch1(node0)', '~ep_epoch1(node1)', '~ep_epoch2(node0)', '~ep_epoch2(node1)', '~ep_epoch3(node0)', '~held(node1)']
694     : -00--0000-----------------
694     : ['~ep_epoch1(node0)', '~ep_epoch1(node1)', '~ep_epoch2(node0)', '~ep_epoch2(node1)', '~ep_epoch3(node1)', '~held(node0)']
num_forall :   0
num_exists :   0
num_literals : 0
quantified form : None
qcost : 0


=== Prime Orbit 333 =====================
size : 2
num_suborbits: 1
684 (*) : -000-00----------0--------
684     : ['~ep_epoch1(node0)', '~ep_epoch1(node1)', '~ep_epoch2(node0)', '~ep_epoch2(node1)', '~ep_epoch3(node0)', '~locked_epoch3(node1)']
685     : -00--000--------0---------
685     : ['~ep_epoch1(node0)', '~ep_epoch1(node1)', '~ep_epoch2(node0)', '~ep_epoch2(node1)', '~ep_epoch3(node1)', '~locked_epoch3(node0)']
num_forall :   0
num_exists :   0
num_literals : 0
quantified form : None
qcost : 0


=== Prime Orbit 334 =====================
size : 1
num_suborbits: 1
692 (*) : -00--00-00----------------
692     : ['~ep_epoch1(node0)', '~ep_epoch1(node1)', '~ep_epoch2(node0)', '~ep_epoch2(node1)', '~held(node0)', '~held(node1)']
num_forall :   0
num_exists :   0
num_literals : 0
quantified form : None
qcost : 0


=== Prime Orbit 335 =====================
size : 2
num_suborbits: 1
682 (*) : -00--00-0--------0--------
682     : ['~ep_epoch1(node0)', '~ep_epoch1(node1)', '~ep_epoch2(node0)', '~ep_epoch2(node1)', '~held(node0)', '~locked_epoch3(node1)']
683     : -00--00--0------0---------
683     : ['~ep_epoch1(node0)', '~ep_epoch1(node1)', '~ep_epoch2(node0)', '~ep_epoch2(node1)', '~held(node1)', '~locked_epoch3(node0)']
num_forall :   0
num_exists :   0
num_literals : 0
quantified form : None
qcost : 0


=== Prime Orbit 336 =====================
size : 1
num_suborbits: 1
681 (*) : -00--00---------00--------
681     : ['~ep_epoch1(node0)', '~ep_epoch1(node1)', '~ep_epoch2(node0)', '~ep_epoch2(node1)', '~locked_epoch3(node0)', '~locked_epoch3(node1)']
num_forall :   0
num_exists :   0
num_literals : 0
quantified form : None
qcost : 0


=== Prime Orbit 337 =====================
size : 2
num_suborbits: 1
701 (*) : -000-0-0-------0----------
701     : ['~ep_epoch1(node0)', '~ep_epoch1(node1)', '~ep_epoch2(node0)', '~ep_epoch3(node0)', '~ep_epoch3(node1)', '~locked_epoch2(node1)']
702     : -0-0-000------0-----------
702     : ['~ep_epoch1(node0)', '~ep_epoch1(node1)', '~ep_epoch2(node1)', '~ep_epoch3(node0)', '~ep_epoch3(node1)', '~locked_epoch2(node0)']
num_forall :   0
num_exists :   0
num_literals : 0
quantified form : None
qcost : 0


=== Prime Orbit 338 =====================
size : 4
num_suborbits: 2
688 (*) : -000-0---0-----0----------
688     : ['~ep_epoch1(node0)', '~ep_epoch1(node1)', '~ep_epoch2(node0)', '~ep_epoch3(node0)', '~held(node1)', '~locked_epoch2(node1)']
703     : -00--0-00------0----------
703     : ['~ep_epoch1(node0)', '~ep_epoch1(node1)', '~ep_epoch2(node0)', '~ep_epoch3(node1)', '~held(node0)', '~locked_epoch2(node1)']
704     : -0-0-00--0----0-----------
704     : ['~ep_epoch1(node0)', '~ep_epoch1(node1)', '~ep_epoch2(node1)', '~ep_epoch3(node0)', '~held(node1)', '~locked_epoch2(node0)']
689     : -0---0000-----0-----------
689     : ['~ep_epoch1(node0)', '~ep_epoch1(node1)', '~ep_epoch2(node1)', '~ep_epoch3(node1)', '~held(node0)', '~locked_epoch2(node0)']
num_forall :   0
num_exists :   0
num_literals : 0
quantified form : None
qcost : 0


=== Prime Orbit 339 =====================
size : 4
num_suborbits: 2
679 (*) : -000-0---------0-0--------
679     : ['~ep_epoch1(node0)', '~ep_epoch1(node1)', '~ep_epoch2(node0)', '~ep_epoch3(node0)', '~locked_epoch2(node1)', '~locked_epoch3(node1)']
699     : -00--0-0-------00---------
699     : ['~ep_epoch1(node0)', '~ep_epoch1(node1)', '~ep_epoch2(node0)', '~ep_epoch3(node1)', '~locked_epoch2(node1)', '~locked_epoch3(node0)']
700     : -0-0-00-------0--0--------
700     : ['~ep_epoch1(node0)', '~ep_epoch1(node1)', '~ep_epoch2(node1)', '~ep_epoch3(node0)', '~locked_epoch2(node0)', '~locked_epoch3(node1)']
680     : -0---000------0-0---------
680     : ['~ep_epoch1(node0)', '~ep_epoch1(node1)', '~ep_epoch2(node1)', '~ep_epoch3(node1)', '~locked_epoch2(node0)', '~locked_epoch3(node0)']
num_forall :   0
num_exists :   0
num_literals : 0
quantified form : None
qcost : 0


=== Prime Orbit 340 =====================
size : 2
num_suborbits: 1
690 (*) : -00--0--00-----0----------
690     : ['~ep_epoch1(node0)', '~ep_epoch1(node1)', '~ep_epoch2(node0)', '~held(node0)', '~held(node1)', '~locked_epoch2(node1)']
691     : -0---00-00----0-----------
691     : ['~ep_epoch1(node0)', '~ep_epoch1(node1)', '~ep_epoch2(node1)', '~held(node0)', '~held(node1)', '~locked_epoch2(node0)']
num_forall :   0
num_exists :   0
num_literals : 0
quantified form : None
qcost : 0


=== Prime Orbit 341 =====================
size : 4
num_suborbits: 2
677 (*) : -00--0--0------0-0--------
677     : ['~ep_epoch1(node0)', '~ep_epoch1(node1)', '~ep_epoch2(node0)', '~held(node0)', '~locked_epoch2(node1)', '~locked_epoch3(node1)']
686     : -00--0---0-----00---------
686     : ['~ep_epoch1(node0)', '~ep_epoch1(node1)', '~ep_epoch2(node0)', '~held(node1)', '~locked_epoch2(node1)', '~locked_epoch3(node0)']
687     : -0---00-0-----0--0--------
687     : ['~ep_epoch1(node0)', '~ep_epoch1(node1)', '~ep_epoch2(node1)', '~held(node0)', '~locked_epoch2(node0)', '~locked_epoch3(node1)']
678     : -0---00--0----0-0---------
678     : ['~ep_epoch1(node0)', '~ep_epoch1(node1)', '~ep_epoch2(node1)', '~held(node1)', '~locked_epoch2(node0)', '~locked_epoch3(node0)']
num_forall :   0
num_exists :   0
num_literals : 0
quantified form : None
qcost : 0


=== Prime Orbit 342 =====================
size : 2
num_suborbits: 1
675 (*) : -00--0---------000--------
675     : ['~ep_epoch1(node0)', '~ep_epoch1(node1)', '~ep_epoch2(node0)', '~locked_epoch2(node1)', '~locked_epoch3(node0)', '~locked_epoch3(node1)']
676     : -0---00-------0-00--------
676     : ['~ep_epoch1(node0)', '~ep_epoch1(node1)', '~ep_epoch2(node1)', '~locked_epoch2(node0)', '~locked_epoch3(node0)', '~locked_epoch3(node1)']
num_forall :   0
num_exists :   0
num_literals : 0
quantified form : None
qcost : 0


=== Prime Orbit 343 =====================
size : 1
num_suborbits: 1
729 (*) : -0-0-0-0------00----------
729     : ['~ep_epoch1(node0)', '~ep_epoch1(node1)', '~ep_epoch3(node0)', '~ep_epoch3(node1)', '~locked_epoch2(node0)', '~locked_epoch2(node1)']
num_forall :   0
num_exists :   0
num_literals : 0
quantified form : None
qcost : 0


=== Prime Orbit 344 =====================
size : 2
num_suborbits: 1
726 (*) : -0-0-0---0----00----------
726     : ['~ep_epoch1(node0)', '~ep_epoch1(node1)', '~ep_epoch3(node0)', '~held(node1)', '~locked_epoch2(node0)', '~locked_epoch2(node1)']
727     : -0---0-00-----00----------
727     : ['~ep_epoch1(node0)', '~ep_epoch1(node1)', '~ep_epoch3(node1)', '~held(node0)', '~locked_epoch2(node0)', '~locked_epoch2(node1)']
num_forall :   0
num_exists :   0
num_literals : 0
quantified form : None
qcost : 0


=== Prime Orbit 345 =====================
size : 2
num_suborbits: 1
731 (*) : -0-0-0--------00-0--------
731     : ['~ep_epoch1(node0)', '~ep_epoch1(node1)', '~ep_epoch3(node0)', '~locked_epoch2(node0)', '~locked_epoch2(node1)', '~locked_epoch3(node1)']
730     : -0---0-0------000---------
730     : ['~ep_epoch1(node0)', '~ep_epoch1(node1)', '~ep_epoch3(node1)', '~locked_epoch2(node0)', '~locked_epoch2(node1)', '~locked_epoch3(node0)']
num_forall :   0
num_exists :   0
num_literals : 0
quantified form : None
qcost : 0


=== Prime Orbit 346 =====================
size : 1
num_suborbits: 1
728 (*) : -0---0--00----00----------
728     : ['~ep_epoch1(node0)', '~ep_epoch1(node1)', '~held(node0)', '~held(node1)', '~locked_epoch2(node0)', '~locked_epoch2(node1)']
num_forall :   0
num_exists :   0
num_literals : 0
quantified form : None
qcost : 0


=== Prime Orbit 347 =====================
size : 1
num_suborbits: 1
717 (*) : -0---0--00--------------00
717     : ['~ep_epoch1(node0)', '~ep_epoch1(node1)', '~held(node0)', '~held(node1)', '~transfer_epoch3(node0)', '~transfer_epoch3(node1)']
num_forall :   0
num_exists :   0
num_literals : 0
quantified form : None
qcost : 0


=== Prime Orbit 348 =====================
size : 2
num_suborbits: 1
725 (*) : -0---0--0-----00-0--------
725     : ['~ep_epoch1(node0)', '~ep_epoch1(node1)', '~held(node0)', '~locked_epoch2(node0)', '~locked_epoch2(node1)', '~locked_epoch3(node1)']
724     : -0---0---0----000---------
724     : ['~ep_epoch1(node0)', '~ep_epoch1(node1)', '~held(node1)', '~locked_epoch2(node0)', '~locked_epoch2(node1)', '~locked_epoch3(node0)']
num_forall :   0
num_exists :   0
num_literals : 0
quantified form : None
qcost : 0


=== Prime Orbit 349 =====================
size : 1
num_suborbits: 1
732 (*) : -0---0--------0000--------
732     : ['~ep_epoch1(node0)', '~ep_epoch1(node1)', '~locked_epoch2(node0)', '~locked_epoch2(node1)', '~locked_epoch3(node0)', '~locked_epoch3(node1)']
num_forall :   0
num_exists :   0
num_literals : 0
quantified form : None
qcost : 0


=== Prime Orbit 350 =====================
size : 2
num_suborbits: 1
715 (*) : -0-----00----0----------00
715     : ['~ep_epoch1(node0)', '~ep_epoch3(node1)', '~held(node0)', '~locked_epoch1(node1)', '~transfer_epoch3(node0)', '~transfer_epoch3(node1)']
716     : ---0-0---0--0-----------00
716     : ['~ep_epoch1(node1)', '~ep_epoch3(node0)', '~held(node1)', '~locked_epoch1(node0)', '~transfer_epoch3(node0)', '~transfer_epoch3(node1)']
num_forall :   0
num_exists :   0
num_literals : 0
quantified form : None
qcost : 0


=== Prime Orbit 351 =====================
size : 2
num_suborbits: 1
720 (*) : -0------00---0----------00
720     : ['~ep_epoch1(node0)', '~held(node0)', '~held(node1)', '~locked_epoch1(node1)', '~transfer_epoch3(node0)', '~transfer_epoch3(node1)']
721     : -----0--00--0-----------00
721     : ['~ep_epoch1(node1)', '~held(node0)', '~held(node1)', '~locked_epoch1(node0)', '~transfer_epoch3(node0)', '~transfer_epoch3(node1)']
num_forall :   0
num_exists :   0
num_literals : 0
quantified form : None
qcost : 0


=== Prime Orbit 352 =====================
size : 2
num_suborbits: 1
713 (*) : -0------0----0---0------00
713     : ['~ep_epoch1(node0)', '~held(node0)', '~locked_epoch1(node1)', '~locked_epoch3(node1)', '~transfer_epoch3(node0)', '~transfer_epoch3(node1)']
714     : -----0---0--0---0-------00
714     : ['~ep_epoch1(node1)', '~held(node1)', '~locked_epoch1(node0)', '~locked_epoch3(node0)', '~transfer_epoch3(node0)', '~transfer_epoch3(node1)']
num_forall :   0
num_exists :   0
num_literals : 0
quantified form : None
qcost : 0


=== Prime Orbit 353 =====================
size : 1
num_suborbits: 1
770 (*) : --------00------------0000
770     : ['~held(node0)', '~held(node1)', '~transfer_epoch2(node0)', '~transfer_epoch2(node1)', '~transfer_epoch3(node0)', '~transfer_epoch3(node1)']
num_forall :   0
num_exists :   0
num_literals : 0
quantified form : None
qcost : 0


=== Prime Orbit 354 =====================
size : 2
num_suborbits: 1
797 (*) : 0-000----0--------------00
797     : ['~ep_epoch0(node0)', '~ep_epoch0(node1)', '~ep_epoch2(node0)', '~ep_epoch3(node0)', '~held(node1)', '~transfer_epoch3(node0)', '~transfer_epoch3(node1)']
798     : 0---0-000---------------00
798     : ['~ep_epoch0(node0)', '~ep_epoch0(node1)', '~ep_epoch2(node1)', '~ep_epoch3(node1)', '~held(node0)', '~transfer_epoch3(node0)', '~transfer_epoch3(node1)']
num_forall :   0
num_exists :   0
num_literals : 0
quantified form : None
qcost : 0


=== Prime Orbit 355 =====================
size : 2
num_suborbits: 1
795 (*) : 0-0-0----0------0-------00
795     : ['~ep_epoch0(node0)', '~ep_epoch0(node1)', '~ep_epoch2(node0)', '~held(node1)', '~locked_epoch3(node0)', '~transfer_epoch3(node0)', '~transfer_epoch3(node1)']
796     : 0---0-0-0--------0------00
796     : ['~ep_epoch0(node0)', '~ep_epoch0(node1)', '~ep_epoch2(node1)', '~held(node0)', '~locked_epoch3(node1)', '~transfer_epoch3(node0)', '~transfer_epoch3(node1)']
num_forall :   0
num_exists :   0
num_literals : 0
quantified form : None
qcost : 0


=== Prime Orbit 356 =====================
size : 2
num_suborbits: 1
801 (*) : 0--00----0----0---------00
801     : ['~ep_epoch0(node0)', '~ep_epoch0(node1)', '~ep_epoch3(node0)', '~held(node1)', '~locked_epoch2(node0)', '~transfer_epoch3(node0)', '~transfer_epoch3(node1)']
802     : 0---0--00------0--------00
802     : ['~ep_epoch0(node0)', '~ep_epoch0(node1)', '~ep_epoch3(node1)', '~held(node0)', '~locked_epoch2(node1)', '~transfer_epoch3(node0)', '~transfer_epoch3(node1)']
num_forall :   0
num_exists :   0
num_literals : 0
quantified form : None
qcost : 0


=== Prime Orbit 357 =====================
size : 2
num_suborbits: 1
800 (*) : 0---0---0------0-0------00
800     : ['~ep_epoch0(node0)', '~ep_epoch0(node1)', '~held(node0)', '~locked_epoch2(node1)', '~locked_epoch3(node1)', '~transfer_epoch3(node0)', '~transfer_epoch3(node1)']
799     : 0---0----0----0-0-------00
799     : ['~ep_epoch0(node0)', '~ep_epoch0(node1)', '~held(node1)', '~locked_epoch2(node0)', '~locked_epoch3(node0)', '~transfer_epoch3(node0)', '~transfer_epoch3(node1)']
num_forall :   0
num_exists :   0
num_literals : 0
quantified form : None
qcost : 0


=== Prime Orbit 358 =====================
size : 2
num_suborbits: 1
803 (*) : -000-0---0--------------00
803     : ['~ep_epoch1(node0)', '~ep_epoch1(node1)', '~ep_epoch2(node0)', '~ep_epoch3(node0)', '~held(node1)', '~transfer_epoch3(node0)', '~transfer_epoch3(node1)']
804     : -0---0000---------------00
804     : ['~ep_epoch1(node0)', '~ep_epoch1(node1)', '~ep_epoch2(node1)', '~ep_epoch3(node1)', '~held(node0)', '~transfer_epoch3(node0)', '~transfer_epoch3(node1)']
num_forall :   0
num_exists :   0
num_literals : 0
quantified form : None
qcost : 0


=== Prime Orbit 359 =====================
size : 2
num_suborbits: 1
805 (*) : -00--0---0------0-------00
805     : ['~ep_epoch1(node0)', '~ep_epoch1(node1)', '~ep_epoch2(node0)', '~held(node1)', '~locked_epoch3(node0)', '~transfer_epoch3(node0)', '~transfer_epoch3(node1)']
806     : -0---00-0--------0------00
806     : ['~ep_epoch1(node0)', '~ep_epoch1(node1)', '~ep_epoch2(node1)', '~held(node0)', '~locked_epoch3(node1)', '~transfer_epoch3(node0)', '~transfer_epoch3(node1)']
num_forall :   0
num_exists :   0
num_literals : 0
quantified form : None
qcost : 0


=== Prime Orbit 360 =====================
size : 2
num_suborbits: 1
809 (*) : -0-0-0---0----0---------00
809     : ['~ep_epoch1(node0)', '~ep_epoch1(node1)', '~ep_epoch3(node0)', '~held(node1)', '~locked_epoch2(node0)', '~transfer_epoch3(node0)', '~transfer_epoch3(node1)']
810     : -0---0-00------0--------00
810     : ['~ep_epoch1(node0)', '~ep_epoch1(node1)', '~ep_epoch3(node1)', '~held(node0)', '~locked_epoch2(node1)', '~transfer_epoch3(node0)', '~transfer_epoch3(node1)']
num_forall :   0
num_exists :   0
num_literals : 0
quantified form : None
qcost : 0


=== Prime Orbit 361 =====================
size : 2
num_suborbits: 1
808 (*) : -0---0--0------0-0------00
808     : ['~ep_epoch1(node0)', '~ep_epoch1(node1)', '~held(node0)', '~locked_epoch2(node1)', '~locked_epoch3(node1)', '~transfer_epoch3(node0)', '~transfer_epoch3(node1)']
807     : -0---0---0----0-0-------00
807     : ['~ep_epoch1(node0)', '~ep_epoch1(node1)', '~held(node1)', '~locked_epoch2(node0)', '~locked_epoch3(node0)', '~transfer_epoch3(node0)', '~transfer_epoch3(node1)']
num_forall :   0
num_exists :   0
num_literals : 0
quantified form : None
qcost : 0


=== Prime Orbit 362 =====================
size : 2
num_suborbits: 1
850 (*) : -1----000-------------0000
850     : ['ep_epoch1(node0)', '~ep_epoch2(node1)', '~ep_epoch3(node1)', '~held(node0)', '~transfer_epoch2(node0)', '~transfer_epoch2(node1)', '~transfer_epoch3(node0)', '~transfer_epoch3(node1)']
849     : --00-1---0------------0000
849     : ['ep_epoch1(node1)', '~ep_epoch2(node0)', '~ep_epoch3(node0)', '~held(node1)', '~transfer_epoch2(node0)', '~transfer_epoch2(node1)', '~transfer_epoch3(node0)', '~transfer_epoch3(node1)']
num_forall :   0
num_exists :   0
num_literals : 0
quantified form : None
qcost : 0


=== Prime Orbit 363 =====================
size : 2
num_suborbits: 1
848 (*) : -1----0-0--------0----0000
848     : ['ep_epoch1(node0)', '~ep_epoch2(node1)', '~held(node0)', '~locked_epoch3(node1)', '~transfer_epoch2(node0)', '~transfer_epoch2(node1)', '~transfer_epoch3(node0)', '~transfer_epoch3(node1)']
847     : --0--1---0------0-----0000
847     : ['ep_epoch1(node1)', '~ep_epoch2(node0)', '~held(node1)', '~locked_epoch3(node0)', '~transfer_epoch2(node0)', '~transfer_epoch2(node1)', '~transfer_epoch3(node0)', '~transfer_epoch3(node1)']
num_forall :   0
num_exists :   0
num_literals : 0
quantified form : None
qcost : 0


=== Prime Orbit 364 =====================
size : 2
num_suborbits: 1
846 (*) : -1-----00------0------0000
846     : ['ep_epoch1(node0)', '~ep_epoch3(node1)', '~held(node0)', '~locked_epoch2(node1)', '~transfer_epoch2(node0)', '~transfer_epoch2(node1)', '~transfer_epoch3(node0)', '~transfer_epoch3(node1)']
845     : ---0-1---0----0-------0000
845     : ['ep_epoch1(node1)', '~ep_epoch3(node0)', '~held(node1)', '~locked_epoch2(node0)', '~transfer_epoch2(node0)', '~transfer_epoch2(node1)', '~transfer_epoch3(node0)', '~transfer_epoch3(node1)']
num_forall :   0
num_exists :   0
num_literals : 0
quantified form : None
qcost : 0


=== Prime Orbit 365 =====================
size : 2
num_suborbits: 1
844 (*) : -1------0------0-0----0000
844     : ['ep_epoch1(node0)', '~held(node0)', '~locked_epoch2(node1)', '~locked_epoch3(node1)', '~transfer_epoch2(node0)', '~transfer_epoch2(node1)', '~transfer_epoch3(node0)', '~transfer_epoch3(node1)']
843     : -----1---0----0-0-----0000
843     : ['ep_epoch1(node1)', '~held(node1)', '~locked_epoch2(node0)', '~locked_epoch3(node0)', '~transfer_epoch2(node0)', '~transfer_epoch2(node1)', '~transfer_epoch3(node0)', '~transfer_epoch3(node1)']
num_forall :   0
num_exists :   0
num_literals : 0
quantified form : None
qcost : 0


=== Prime Orbit 366 =====================
size : 2
num_suborbits: 1
838 (*) : ------000---1---------0000
838     : ['locked_epoch1(node0)', '~ep_epoch2(node1)', '~ep_epoch3(node1)', '~held(node0)', '~transfer_epoch2(node0)', '~transfer_epoch2(node1)', '~transfer_epoch3(node0)', '~transfer_epoch3(node1)']
837     : --00-----0---1--------0000
837     : ['locked_epoch1(node1)', '~ep_epoch2(node0)', '~ep_epoch3(node0)', '~held(node1)', '~transfer_epoch2(node0)', '~transfer_epoch2(node1)', '~transfer_epoch3(node0)', '~transfer_epoch3(node1)']
num_forall :   0
num_exists :   0
num_literals : 0
quantified form : None
qcost : 0


=== Prime Orbit 367 =====================
size : 2
num_suborbits: 1
836 (*) : ------0-0---1----0----0000
836     : ['locked_epoch1(node0)', '~ep_epoch2(node1)', '~held(node0)', '~locked_epoch3(node1)', '~transfer_epoch2(node0)', '~transfer_epoch2(node1)', '~transfer_epoch3(node0)', '~transfer_epoch3(node1)']
835     : --0------0---1--0-----0000
835     : ['locked_epoch1(node1)', '~ep_epoch2(node0)', '~held(node1)', '~locked_epoch3(node0)', '~transfer_epoch2(node0)', '~transfer_epoch2(node1)', '~transfer_epoch3(node0)', '~transfer_epoch3(node1)']
num_forall :   0
num_exists :   0
num_literals : 0
quantified form : None
qcost : 0


=== Prime Orbit 368 =====================
size : 2
num_suborbits: 1
842 (*) : -------00---1--0------0000
842     : ['locked_epoch1(node0)', '~ep_epoch3(node1)', '~held(node0)', '~locked_epoch2(node1)', '~transfer_epoch2(node0)', '~transfer_epoch2(node1)', '~transfer_epoch3(node0)', '~transfer_epoch3(node1)']
841     : ---0-----0---10-------0000
841     : ['locked_epoch1(node1)', '~ep_epoch3(node0)', '~held(node1)', '~locked_epoch2(node0)', '~transfer_epoch2(node0)', '~transfer_epoch2(node1)', '~transfer_epoch3(node0)', '~transfer_epoch3(node1)']
num_forall :   0
num_exists :   0
num_literals : 0
quantified form : None
qcost : 0


=== Prime Orbit 369 =====================
size : 2
num_suborbits: 1
840 (*) : --------0---1--0-0----0000
840     : ['locked_epoch1(node0)', '~held(node0)', '~locked_epoch2(node1)', '~locked_epoch3(node1)', '~transfer_epoch2(node0)', '~transfer_epoch2(node1)', '~transfer_epoch3(node0)', '~transfer_epoch3(node1)']
839     : ---------0---10-0-----0000
839     : ['locked_epoch1(node1)', '~held(node1)', '~locked_epoch2(node0)', '~locked_epoch3(node0)', '~transfer_epoch2(node0)', '~transfer_epoch2(node1)', '~transfer_epoch3(node0)', '~transfer_epoch3(node1)']
num_forall :   0
num_exists :   0
num_literals : 0
quantified form : None
qcost : 0


=== Prime Orbit 370 =====================
size : 2
num_suborbits: 1
826 (*) : 0-----000-------------0000
826     : ['~ep_epoch0(node0)', '~ep_epoch2(node1)', '~ep_epoch3(node1)', '~held(node0)', '~transfer_epoch2(node0)', '~transfer_epoch2(node1)', '~transfer_epoch3(node0)', '~transfer_epoch3(node1)']
825     : --000----0------------0000
825     : ['~ep_epoch0(node1)', '~ep_epoch2(node0)', '~ep_epoch3(node0)', '~held(node1)', '~transfer_epoch2(node0)', '~transfer_epoch2(node1)', '~transfer_epoch3(node0)', '~transfer_epoch3(node1)']
num_forall :   0
num_exists :   0
num_literals : 0
quantified form : None
qcost : 0


=== Prime Orbit 371 =====================
size : 2
num_suborbits: 1
824 (*) : 0-----0-0--------0----0000
824     : ['~ep_epoch0(node0)', '~ep_epoch2(node1)', '~held(node0)', '~locked_epoch3(node1)', '~transfer_epoch2(node0)', '~transfer_epoch2(node1)', '~transfer_epoch3(node0)', '~transfer_epoch3(node1)']
823     : --0-0----0------0-----0000
823     : ['~ep_epoch0(node1)', '~ep_epoch2(node0)', '~held(node1)', '~locked_epoch3(node0)', '~transfer_epoch2(node0)', '~transfer_epoch2(node1)', '~transfer_epoch3(node0)', '~transfer_epoch3(node1)']
num_forall :   0
num_exists :   0
num_literals : 0
quantified form : None
qcost : 0


=== Prime Orbit 372 =====================
size : 2
num_suborbits: 1
812 (*) : 0------00------0------0000
812     : ['~ep_epoch0(node0)', '~ep_epoch3(node1)', '~held(node0)', '~locked_epoch2(node1)', '~transfer_epoch2(node0)', '~transfer_epoch2(node1)', '~transfer_epoch3(node0)', '~transfer_epoch3(node1)']
811     : ---00----0----0-------0000
811     : ['~ep_epoch0(node1)', '~ep_epoch3(node0)', '~held(node1)', '~locked_epoch2(node0)', '~transfer_epoch2(node0)', '~transfer_epoch2(node1)', '~transfer_epoch3(node0)', '~transfer_epoch3(node1)']
num_forall :   0
num_exists :   0
num_literals : 0
quantified form : None
qcost : 0


=== Prime Orbit 373 =====================
size : 2
num_suborbits: 1
822 (*) : 0-------0------0-0----0000
822     : ['~ep_epoch0(node0)', '~held(node0)', '~locked_epoch2(node1)', '~locked_epoch3(node1)', '~transfer_epoch2(node0)', '~transfer_epoch2(node1)', '~transfer_epoch3(node0)', '~transfer_epoch3(node1)']
821     : ----0----0----0-0-----0000
821     : ['~ep_epoch0(node1)', '~held(node1)', '~locked_epoch2(node0)', '~locked_epoch3(node0)', '~transfer_epoch2(node0)', '~transfer_epoch2(node1)', '~transfer_epoch3(node0)', '~transfer_epoch3(node1)']
num_forall :   0
num_exists :   0
num_literals : 0
quantified form : None
qcost : 0


=== Prime Orbit 374 =====================
size : 2
num_suborbits: 1
819 (*) : -000-----0------------0000
819     : ['~ep_epoch1(node0)', '~ep_epoch2(node0)', '~ep_epoch3(node0)', '~held(node1)', '~transfer_epoch2(node0)', '~transfer_epoch2(node1)', '~transfer_epoch3(node0)', '~transfer_epoch3(node1)']
820     : -----0000-------------0000
820     : ['~ep_epoch1(node1)', '~ep_epoch2(node1)', '~ep_epoch3(node1)', '~held(node0)', '~transfer_epoch2(node0)', '~transfer_epoch2(node1)', '~transfer_epoch3(node0)', '~transfer_epoch3(node1)']
num_forall :   0
num_exists :   0
num_literals : 0
quantified form : None
qcost : 0


=== Prime Orbit 375 =====================
size : 2
num_suborbits: 1
817 (*) : -00------0------0-----0000
817     : ['~ep_epoch1(node0)', '~ep_epoch2(node0)', '~held(node1)', '~locked_epoch3(node0)', '~transfer_epoch2(node0)', '~transfer_epoch2(node1)', '~transfer_epoch3(node0)', '~transfer_epoch3(node1)']
818     : -----00-0--------0----0000
818     : ['~ep_epoch1(node1)', '~ep_epoch2(node1)', '~held(node0)', '~locked_epoch3(node1)', '~transfer_epoch2(node0)', '~transfer_epoch2(node1)', '~transfer_epoch3(node0)', '~transfer_epoch3(node1)']
num_forall :   0
num_exists :   0
num_literals : 0
quantified form : None
qcost : 0


=== Prime Orbit 376 =====================
size : 2
num_suborbits: 1
813 (*) : -0-0-----0----0-------0000
813     : ['~ep_epoch1(node0)', '~ep_epoch3(node0)', '~held(node1)', '~locked_epoch2(node0)', '~transfer_epoch2(node0)', '~transfer_epoch2(node1)', '~transfer_epoch3(node0)', '~transfer_epoch3(node1)']
814     : -----0-00------0------0000
814     : ['~ep_epoch1(node1)', '~ep_epoch3(node1)', '~held(node0)', '~locked_epoch2(node1)', '~transfer_epoch2(node0)', '~transfer_epoch2(node1)', '~transfer_epoch3(node0)', '~transfer_epoch3(node1)']
num_forall :   0
num_exists :   0
num_literals : 0
quantified form : None
qcost : 0


=== Prime Orbit 377 =====================
size : 2
num_suborbits: 1
815 (*) : -0-------0----0-0-----0000
815     : ['~ep_epoch1(node0)', '~held(node1)', '~locked_epoch2(node0)', '~locked_epoch3(node0)', '~transfer_epoch2(node0)', '~transfer_epoch2(node1)', '~transfer_epoch3(node0)', '~transfer_epoch3(node1)']
816     : -----0--0------0-0----0000
816     : ['~ep_epoch1(node1)', '~held(node0)', '~locked_epoch2(node1)', '~locked_epoch3(node1)', '~transfer_epoch2(node0)', '~transfer_epoch2(node1)', '~transfer_epoch3(node0)', '~transfer_epoch3(node1)']
num_forall :   0
num_exists :   0
num_literals : 0
quantified form : None
qcost : 0


=== Prime Orbit 378 =====================
size : 2
num_suborbits: 1
833 (*) : --00-----0--0---------0000
833     : ['~ep_epoch2(node0)', '~ep_epoch3(node0)', '~held(node1)', '~locked_epoch1(node0)', '~transfer_epoch2(node0)', '~transfer_epoch2(node1)', '~transfer_epoch3(node0)', '~transfer_epoch3(node1)']
834     : ------000----0--------0000
834     : ['~ep_epoch2(node1)', '~ep_epoch3(node1)', '~held(node0)', '~locked_epoch1(node1)', '~transfer_epoch2(node0)', '~transfer_epoch2(node1)', '~transfer_epoch3(node0)', '~transfer_epoch3(node1)']
num_forall :   0
num_exists :   0
num_literals : 0
quantified form : None
qcost : 0


=== Prime Orbit 379 =====================
size : 2
num_suborbits: 1
831 (*) : --0------0--0---0-----0000
831     : ['~ep_epoch2(node0)', '~held(node1)', '~locked_epoch1(node0)', '~locked_epoch3(node0)', '~transfer_epoch2(node0)', '~transfer_epoch2(node1)', '~transfer_epoch3(node0)', '~transfer_epoch3(node1)']
832     : ------0-0----0---0----0000
832     : ['~ep_epoch2(node1)', '~held(node0)', '~locked_epoch1(node1)', '~locked_epoch3(node1)', '~transfer_epoch2(node0)', '~transfer_epoch2(node1)', '~transfer_epoch3(node0)', '~transfer_epoch3(node1)']
num_forall :   0
num_exists :   0
num_literals : 0
quantified form : None
qcost : 0


=== Prime Orbit 380 =====================
size : 2
num_suborbits: 1
829 (*) : ---0-----0--0-0-------0000
829     : ['~ep_epoch3(node0)', '~held(node1)', '~locked_epoch1(node0)', '~locked_epoch2(node0)', '~transfer_epoch2(node0)', '~transfer_epoch2(node1)', '~transfer_epoch3(node0)', '~transfer_epoch3(node1)']
830     : -------00----0-0------0000
830     : ['~ep_epoch3(node1)', '~held(node0)', '~locked_epoch1(node1)', '~locked_epoch2(node1)', '~transfer_epoch2(node0)', '~transfer_epoch2(node1)', '~transfer_epoch3(node0)', '~transfer_epoch3(node1)']
num_forall :   0
num_exists :   0
num_literals : 0
quantified form : None
qcost : 0


=== Prime Orbit 381 =====================
size : 2
num_suborbits: 1
828 (*) : --------0----0-0-0----0000
828     : ['~held(node0)', '~locked_epoch1(node1)', '~locked_epoch2(node1)', '~locked_epoch3(node1)', '~transfer_epoch2(node0)', '~transfer_epoch2(node1)', '~transfer_epoch3(node0)', '~transfer_epoch3(node1)']
827     : ---------0--0-0-0-----0000
827     : ['~held(node1)', '~locked_epoch1(node0)', '~locked_epoch2(node0)', '~locked_epoch3(node0)', '~transfer_epoch2(node0)', '~transfer_epoch2(node1)', '~transfer_epoch3(node0)', '~transfer_epoch3(node1)']
num_forall :   0
num_exists :   0
num_literals : 0
quantified form : None
qcost : 0



[PRIME NOTE]: number of orbits after merging: 382

[PRIME NOTE]: number of orbits before merging: 441

[PRIME NOTE]: number of primes: 851

[QRM NOTE]: Time elapsed since start: 7.629 seconds

[QRM NOTE]: Time elapsed since last: 0.497 seconds

[QRM NOTE]: Peak memory: 2243291 bytes


==================================================================================================

	[RED]: PRIME REDUCTION on [ivybench/total/ivy/distributed_lock.ivy: node=2,epoch=4]

==================================================================================================

[QRM NOTE]: Time elapsed since start: 7.646 seconds

[QRM NOTE]: Time elapsed since last: 0.017 seconds

[QRM NOTE]: Peak memory: 1703542 bytes


======================================================================================================

	[QI]: Quantifier Inference on [ivybench/total/ivy/distributed_lock.ivy: node=2,epoch=4]

======================================================================================================


================================================================================================================

	[QI RESULT]: Quantified Prime Orbits on [ivybench/total/ivy/distributed_lock.ivy: node=2,epoch=4]

================================================================================================================


=== Prime Orbit 0 =====================
size : 2
num_suborbits: 1
2 (*) : ----------1---------------
2     : ['locked_epoch0(node0)']
3     : -----------1--------------
3     : ['locked_epoch0(node1)']
num_forall :   1
num_exists :   0
num_literals : 1
quantified form : forall NODE0. ~locked_epoch0(NODE0)
qcost : 2




=== Prime Orbit 1 =====================
size : 2
num_suborbits: 1
0 (*) : --------------------1-----
0     : ['transfer_epoch1(node0)']
1     : ---------------------1----
1     : ['transfer_epoch1(node1)']
num_forall :   1
num_exists :   0
num_literals : 1
quantified form : forall NODE0. ~transfer_epoch1(NODE0)
qcost : 2




=== Prime Orbit 2 =====================
size : 1
num_suborbits: 1
46 (*) : 1---1---------------------
46     : ['ep_epoch0(node0)', 'ep_epoch0(node1)']
num_forall :   0
num_exists :   1
num_literals : 1
quantified form : exists NODE0. ~ep_epoch0(NODE0)
qcost : 2




=== Prime Orbit 3 =====================
size : 2
num_suborbits: 1
45 (*) : 11------------------------
45     : ['ep_epoch0(node0)', 'ep_epoch1(node0)']
44     : ----11--------------------
44     : ['ep_epoch0(node1)', 'ep_epoch1(node1)']
num_forall :   1
num_exists :   0
num_literals : 2
quantified form : forall NODE0. ~ep_epoch1(NODE0) | ~ep_epoch0(NODE0)
qcost : 3




=== Prime Orbit 4 =====================
size : 2
num_suborbits: 1
73 (*) : 1-1-----------------------
73     : ['ep_epoch0(node0)', 'ep_epoch2(node0)']
74     : ----1-1-------------------
74     : ['ep_epoch0(node1)', 'ep_epoch2(node1)']
num_forall :   1
num_exists :   0
num_literals : 2
quantified form : forall NODE0. ~ep_epoch2(NODE0) | ~ep_epoch0(NODE0)
qcost : 3




=== Prime Orbit 5 =====================
size : 2
num_suborbits: 1
59 (*) : 1--1----------------------
59     : ['ep_epoch0(node0)', 'ep_epoch3(node0)']
60     : ----1--1------------------
60     : ['ep_epoch0(node1)', 'ep_epoch3(node1)']
num_forall :   1
num_exists :   0
num_literals : 2
quantified form : forall NODE0. ~ep_epoch0(NODE0) | ~ep_epoch3(NODE0)
qcost : 3




=== Prime Orbit 6 =====================
size : 2
num_suborbits: 1
51 (*) : 1-------1-----------------
51     : ['ep_epoch0(node0)', 'held(node0)']
52     : ----1----1----------------
52     : ['ep_epoch0(node1)', 'held(node1)']
num_forall :   1
num_exists :   0
num_literals : 2
quantified form : forall NODE0. ~ep_epoch0(NODE0) | ~held(NODE0)
qcost : 3




=== Prime Orbit 7 =====================
size : 2
num_suborbits: 1
61 (*) : 1-----------1-------------
61     : ['ep_epoch0(node0)', 'locked_epoch1(node0)']
62     : ----1--------1------------
62     : ['ep_epoch0(node1)', 'locked_epoch1(node1)']
num_forall :   1
num_exists :   0
num_literals : 2
quantified form : forall NODE0. ~locked_epoch1(NODE0) | ~ep_epoch0(NODE0)
qcost : 3




=== Prime Orbit 8 =====================
size : 2
num_suborbits: 1
49 (*) : 1-------------1-----------
49     : ['ep_epoch0(node0)', 'locked_epoch2(node0)']
50     : ----1----------1----------
50     : ['ep_epoch0(node1)', 'locked_epoch2(node1)']
num_forall :   1
num_exists :   0
num_literals : 2
quantified form : forall NODE0. ~locked_epoch2(NODE0) | ~ep_epoch0(NODE0)
qcost : 3




=== Prime Orbit 9 =====================
size : 2
num_suborbits: 1
10 (*) : 1---------------1---------
10     : ['ep_epoch0(node0)', 'locked_epoch3(node0)']
11     : ----1------------1--------
11     : ['ep_epoch0(node1)', 'locked_epoch3(node1)']
num_forall :   1
num_exists :   0
num_literals : 2
quantified form : forall NODE0. ~locked_epoch3(NODE0) | ~ep_epoch0(NODE0)
qcost : 3




=== Prime Orbit 10 =====================
size : 2
num_suborbits: 1
64 (*) : 1------------0------------
64     : ['ep_epoch0(node0)', '~locked_epoch1(node1)']
63     : ----1-------0-------------
63     : ['ep_epoch0(node1)', '~locked_epoch1(node0)']
num_forall :   2
num_exists :   0
num_literals : 3
quantified form : forall NODE1,NODE0. ~ep_epoch0(NODE0) | locked_epoch1(NODE1) | NODE0 = NODE1
qcost : 5




=== Prime Orbit 11 =====================
size : 1
num_suborbits: 1
43 (*) : -1---1--------------------
43     : ['ep_epoch1(node0)', 'ep_epoch1(node1)']
num_forall :   0
num_exists :   1
num_literals : 1
quantified form : exists NODE0. ~ep_epoch1(NODE0)
qcost : 2




=== Prime Orbit 12 =====================
size : 2
num_suborbits: 1
75 (*) : -11-----------------------
75     : ['ep_epoch1(node0)', 'ep_epoch2(node0)']
76     : -----11-------------------
76     : ['ep_epoch1(node1)', 'ep_epoch2(node1)']
num_forall :   1
num_exists :   0
num_literals : 2
quantified form : forall NODE0. ~ep_epoch1(NODE0) | ~ep_epoch2(NODE0)
qcost : 3




=== Prime Orbit 13 =====================
size : 2
num_suborbits: 1
53 (*) : -1-1----------------------
53     : ['ep_epoch1(node0)', 'ep_epoch3(node0)']
54     : -----1-1------------------
54     : ['ep_epoch1(node1)', 'ep_epoch3(node1)']
num_forall :   1
num_exists :   0
num_literals : 2
quantified form : forall NODE0. ~ep_epoch1(NODE0) | ~ep_epoch3(NODE0)
qcost : 3




=== Prime Orbit 14 =====================
size : 2
num_suborbits: 1
66 (*) : -1-----------1------------
66     : ['ep_epoch1(node0)', 'locked_epoch1(node1)']
65     : -----1------1-------------
65     : ['ep_epoch1(node1)', 'locked_epoch1(node0)']
num_forall :   2
num_exists :   0
num_literals : 3
quantified form : forall NODE1,NODE0. ~ep_epoch1(NODE0) | ~locked_epoch1(NODE1) | NODE0 = NODE1
qcost : 5




=== Prime Orbit 15 =====================
size : 2
num_suborbits: 1
47 (*) : -1------------1-----------
47     : ['ep_epoch1(node0)', 'locked_epoch2(node0)']
48     : -----1---------1----------
48     : ['ep_epoch1(node1)', 'locked_epoch2(node1)']
num_forall :   1
num_exists :   0
num_literals : 2
quantified form : forall NODE0. ~ep_epoch1(NODE0) | ~locked_epoch2(NODE0)
qcost : 3




=== Prime Orbit 16 =====================
size : 2
num_suborbits: 1
8 (*) : -1--------------1---------
8     : ['ep_epoch1(node0)', 'locked_epoch3(node0)']
9     : -----1-----------1--------
9     : ['ep_epoch1(node1)', 'locked_epoch3(node1)']
num_forall :   1
num_exists :   0
num_literals : 2
quantified form : forall NODE0. ~ep_epoch1(NODE0) | ~locked_epoch3(NODE0)
qcost : 3




=== Prime Orbit 17 =====================
size : 2
num_suborbits: 1
67 (*) : -1----------0-------------
67     : ['ep_epoch1(node0)', '~locked_epoch1(node0)']
68     : -----1-------0------------
68     : ['ep_epoch1(node1)', '~locked_epoch1(node1)']
num_forall :   1
num_exists :   0
num_literals : 2
quantified form : forall NODE0. ~ep_epoch1(NODE0) | locked_epoch1(NODE0)
qcost : 3




=== Prime Orbit 18 =====================
size : 1
num_suborbits: 1
96 (*) : --1---1-------------------
96     : ['ep_epoch2(node0)', 'ep_epoch2(node1)']
num_forall :   0
num_exists :   1
num_literals : 1
quantified form : exists NODE0. ~ep_epoch2(NODE0)
qcost : 2




=== Prime Orbit 19 =====================
size : 2
num_suborbits: 1
71 (*) : --11----------------------
71     : ['ep_epoch2(node0)', 'ep_epoch3(node0)']
72     : ------11------------------
72     : ['ep_epoch2(node1)', 'ep_epoch3(node1)']
num_forall :   1
num_exists :   0
num_literals : 2
quantified form : forall NODE0. ~ep_epoch2(NODE0) | ~ep_epoch3(NODE0)
qcost : 3




=== Prime Orbit 20 =====================
size : 2
num_suborbits: 1
94 (*) : --1------------1----------
94     : ['ep_epoch2(node0)', 'locked_epoch2(node1)']
95     : ------1-------1-----------
95     : ['ep_epoch2(node1)', 'locked_epoch2(node0)']
num_forall :   2
num_exists :   0
num_literals : 3
quantified form : forall NODE1,NODE0. ~ep_epoch2(NODE0) | ~locked_epoch2(NODE1) | NODE0 = NODE1
qcost : 5




=== Prime Orbit 21 =====================
size : 2
num_suborbits: 1
6 (*) : --1-------------1---------
6     : ['ep_epoch2(node0)', 'locked_epoch3(node0)']
7     : ------1----------1--------
7     : ['ep_epoch2(node1)', 'locked_epoch3(node1)']
num_forall :   1
num_exists :   0
num_literals : 2
quantified form : forall NODE0. ~locked_epoch3(NODE0) | ~ep_epoch2(NODE0)
qcost : 3




=== Prime Orbit 22 =====================
size : 4
num_suborbits: 2
36 (*) : --1-------------------1---
36     : ['ep_epoch2(node0)', 'transfer_epoch2(node0)']
27     : --1--------------------1--
27     : ['ep_epoch2(node0)', 'transfer_epoch2(node1)']
28     : ------1---------------1---
28     : ['ep_epoch2(node1)', 'transfer_epoch2(node0)']
35     : ------1----------------1--
35     : ['ep_epoch2(node1)', 'transfer_epoch2(node1)']
num_forall :   2
num_exists :   0
num_literals : 2
quantified form : forall NODE1,NODE0. ~ep_epoch2(NODE0) | ~transfer_epoch2(NODE1)
qcost : 4




=== Prime Orbit 23 =====================
size : 2
num_suborbits: 1
69 (*) : --1-----------0-----------
69     : ['ep_epoch2(node0)', '~locked_epoch2(node0)']
70     : ------1--------0----------
70     : ['ep_epoch2(node1)', '~locked_epoch2(node1)']
num_forall :   1
num_exists :   0
num_literals : 2
quantified form : forall NODE0. ~ep_epoch2(NODE0) | locked_epoch2(NODE0)
qcost : 3




=== Prime Orbit 24 =====================
size : 1
num_suborbits: 1
79 (*) : ---1---1------------------
79     : ['ep_epoch3(node0)', 'ep_epoch3(node1)']
num_forall :   0
num_exists :   1
num_literals : 1
quantified form : exists NODE0. ~ep_epoch3(NODE0)
qcost : 2




=== Prime Orbit 25 =====================
size : 2
num_suborbits: 1
78 (*) : ---1-----1----------------
78     : ['ep_epoch3(node0)', 'held(node1)']
77     : -------11-----------------
77     : ['ep_epoch3(node1)', 'held(node0)']
num_forall :   2
num_exists :   0
num_literals : 3
quantified form : forall NODE1,NODE0. ~held(NODE1) | ~ep_epoch3(NODE0) | NODE0 = NODE1
qcost : 5




=== Prime Orbit 26 =====================
size : 2
num_suborbits: 1
20 (*) : ---1-------------1--------
20     : ['ep_epoch3(node0)', 'locked_epoch3(node1)']
19     : -------1--------1---------
19     : ['ep_epoch3(node1)', 'locked_epoch3(node0)']
num_forall :   2
num_exists :   0
num_literals : 3
quantified form : forall NODE1,NODE0. ~locked_epoch3(NODE1) | ~ep_epoch3(NODE0) | NODE0 = NODE1
qcost : 5




=== Prime Orbit 27 =====================
size : 4
num_suborbits: 2
30 (*) : ---1------------------1---
30     : ['ep_epoch3(node0)', 'transfer_epoch2(node0)']
23     : ---1-------------------1--
23     : ['ep_epoch3(node0)', 'transfer_epoch2(node1)']
24     : -------1--------------1---
24     : ['ep_epoch3(node1)', 'transfer_epoch2(node0)']
29     : -------1---------------1--
29     : ['ep_epoch3(node1)', 'transfer_epoch2(node1)']
num_forall :   2
num_exists :   0
num_literals : 2
quantified form : forall NODE1,NODE0. ~ep_epoch3(NODE0) | ~transfer_epoch2(NODE1)
qcost : 4




=== Prime Orbit 28 =====================
size : 4
num_suborbits: 2
89 (*) : ---1--------------------1-
89     : ['ep_epoch3(node0)', 'transfer_epoch3(node0)']
82     : ---1---------------------1
82     : ['ep_epoch3(node0)', 'transfer_epoch3(node1)']
81     : -------1----------------1-
81     : ['ep_epoch3(node1)', 'transfer_epoch3(node0)']
90     : -------1-----------------1
90     : ['ep_epoch3(node1)', 'transfer_epoch3(node1)']
num_forall :   2
num_exists :   0
num_literals : 2
quantified form : forall NODE1,NODE0. ~transfer_epoch3(NODE1) | ~ep_epoch3(NODE0)
qcost : 4




=== Prime Orbit 29 =====================
size : 2
num_suborbits: 1
57 (*) : ---1----0-----------------
57     : ['ep_epoch3(node0)', '~held(node0)']
58     : -------1-0----------------
58     : ['ep_epoch3(node1)', '~held(node1)']
num_forall :   1
num_exists :   0
num_literals : 2
quantified form : forall NODE0. ~ep_epoch3(NODE0) | held(NODE0)
qcost : 3




=== Prime Orbit 30 =====================
size : 2
num_suborbits: 1
55 (*) : ---1------------0---------
55     : ['ep_epoch3(node0)', '~locked_epoch3(node0)']
56     : -------1---------0--------
56     : ['ep_epoch3(node1)', '~locked_epoch3(node1)']
num_forall :   1
num_exists :   0
num_literals : 2
quantified form : forall NODE0. locked_epoch3(NODE0) | ~ep_epoch3(NODE0)
qcost : 3




=== Prime Orbit 31 =====================
size : 1
num_suborbits: 1
80 (*) : --------11----------------
80     : ['held(node0)', 'held(node1)']
num_forall :   0
num_exists :   1
num_literals : 1
quantified form : exists NODE0. ~held(NODE0)
qcost : 2




=== Prime Orbit 32 =====================
size : 2
num_suborbits: 1
18 (*) : --------1--------1--------
18     : ['held(node0)', 'locked_epoch3(node1)']
17     : ---------1------1---------
17     : ['held(node1)', 'locked_epoch3(node0)']
num_forall :   2
num_exists :   0
num_literals : 3
quantified form : forall NODE1,NODE0. ~locked_epoch3(NODE1) | ~held(NODE0) | NODE0 = NODE1
qcost : 5




=== Prime Orbit 33 =====================
size : 4
num_suborbits: 2
38 (*) : --------1-------------1---
38     : ['held(node0)', 'transfer_epoch2(node0)']
25     : --------1--------------1--
25     : ['held(node0)', 'transfer_epoch2(node1)']
26     : ---------1------------1---
26     : ['held(node1)', 'transfer_epoch2(node0)']
37     : ---------1-------------1--
37     : ['held(node1)', 'transfer_epoch2(node1)']
num_forall :   2
num_exists :   0
num_literals : 2
quantified form : forall NODE1,NODE0. ~transfer_epoch2(NODE1) | ~held(NODE0)
qcost : 4




=== Prime Orbit 34 =====================
size : 4
num_suborbits: 2
87 (*) : --------1---------------1-
87     : ['held(node0)', 'transfer_epoch3(node0)']
84     : --------1----------------1
84     : ['held(node0)', 'transfer_epoch3(node1)']
83     : ---------1--------------1-
83     : ['held(node1)', 'transfer_epoch3(node0)']
88     : ---------1---------------1
88     : ['held(node1)', 'transfer_epoch3(node1)']
num_forall :   2
num_exists :   0
num_literals : 2
quantified form : forall NODE1,NODE0. ~transfer_epoch3(NODE1) | ~held(NODE0)
qcost : 4




=== Prime Orbit 35 =====================
size : 1
num_suborbits: 1
91 (*) : ------------11------------
91     : ['locked_epoch1(node0)', 'locked_epoch1(node1)']
num_forall :   0
num_exists :   1
num_literals : 1
quantified form : exists NODE0. ~locked_epoch1(NODE0)
qcost : 2




=== Prime Orbit 36 =====================
size : 1
num_suborbits: 1
93 (*) : --------------11----------
93     : ['locked_epoch2(node0)', 'locked_epoch2(node1)']
num_forall :   0
num_exists :   1
num_literals : 1
quantified form : exists NODE0. ~locked_epoch2(NODE0)
qcost : 2




=== Prime Orbit 37 =====================
size : 4
num_suborbits: 2
42 (*) : --------------1-------1---
42     : ['locked_epoch2(node0)', 'transfer_epoch2(node0)']
33     : --------------1--------1--
33     : ['locked_epoch2(node0)', 'transfer_epoch2(node1)']
34     : ---------------1------1---
34     : ['locked_epoch2(node1)', 'transfer_epoch2(node0)']
41     : ---------------1-------1--
41     : ['locked_epoch2(node1)', 'transfer_epoch2(node1)']
num_forall :   2
num_exists :   0
num_literals : 2
quantified form : forall NODE1,NODE0. ~locked_epoch2(NODE0) | ~transfer_epoch2(NODE1)
qcost : 4




=== Prime Orbit 38 =====================
size : 1
num_suborbits: 1
14 (*) : ----------------11--------
14     : ['locked_epoch3(node0)', 'locked_epoch3(node1)']
num_forall :   0
num_exists :   1
num_literals : 1
quantified form : exists NODE0. ~locked_epoch3(NODE0)
qcost : 2




=== Prime Orbit 39 =====================
size : 4
num_suborbits: 2
40 (*) : ----------------1-----1---
40     : ['locked_epoch3(node0)', 'transfer_epoch2(node0)']
21     : ----------------1------1--
21     : ['locked_epoch3(node0)', 'transfer_epoch2(node1)']
22     : -----------------1----1---
22     : ['locked_epoch3(node1)', 'transfer_epoch2(node0)']
39     : -----------------1-----1--
39     : ['locked_epoch3(node1)', 'transfer_epoch2(node1)']
num_forall :   2
num_exists :   0
num_literals : 2
quantified form : forall NODE1,NODE0. ~locked_epoch3(NODE0) | ~transfer_epoch2(NODE1)
qcost : 4




=== Prime Orbit 40 =====================
size : 4
num_suborbits: 2
12 (*) : ----------------1-------1-
12     : ['locked_epoch3(node0)', 'transfer_epoch3(node0)']
86     : ----------------1--------1
86     : ['locked_epoch3(node0)', 'transfer_epoch3(node1)']
85     : -----------------1------1-
85     : ['locked_epoch3(node1)', 'transfer_epoch3(node0)']
13     : -----------------1-------1
13     : ['locked_epoch3(node1)', 'transfer_epoch3(node1)']
num_forall :   2
num_exists :   0
num_literals : 2
quantified form : forall NODE1,NODE0. ~locked_epoch3(NODE0) | ~transfer_epoch3(NODE1)
qcost : 4




=== Prime Orbit 41 =====================
size : 2
num_suborbits: 1
4 (*) : ---0------------1---------
4     : ['locked_epoch3(node0)', '~ep_epoch3(node0)']
5     : -------0---------1--------
5     : ['locked_epoch3(node1)', '~ep_epoch3(node1)']
num_forall :   1
num_exists :   0
num_literals : 2
quantified form : forall NODE0. ~locked_epoch3(NODE0) | ep_epoch3(NODE0)
qcost : 3




=== Prime Orbit 42 =====================
size : 2
num_suborbits: 1
15 (*) : --------0-------1---------
15     : ['locked_epoch3(node0)', '~held(node0)']
16     : ---------0-------1--------
16     : ['locked_epoch3(node1)', '~held(node1)']
num_forall :   1
num_exists :   0
num_literals : 2
quantified form : forall NODE0. ~locked_epoch3(NODE0) | held(NODE0)
qcost : 3




=== Prime Orbit 43 =====================
size : 1
num_suborbits: 1
99 (*) : ----------------------11--
99     : ['transfer_epoch2(node0)', 'transfer_epoch2(node1)']
num_forall :   0
num_exists :   1
num_literals : 1
quantified form : exists NODE0. ~transfer_epoch2(NODE0)
qcost : 2




=== Prime Orbit 44 =====================
size : 4
num_suborbits: 2
97 (*) : ----------------------1-1-
97     : ['transfer_epoch2(node0)', 'transfer_epoch3(node0)']
32     : ----------------------1--1
32     : ['transfer_epoch2(node0)', 'transfer_epoch3(node1)']
31     : -----------------------11-
31     : ['transfer_epoch2(node1)', 'transfer_epoch3(node0)']
98     : -----------------------1-1
98     : ['transfer_epoch2(node1)', 'transfer_epoch3(node1)']
num_forall :   2
num_exists :   0
num_literals : 2
quantified form : forall NODE1,NODE0. ~transfer_epoch3(NODE1) | ~transfer_epoch2(NODE0)
qcost : 4




=== Prime Orbit 45 =====================
size : 1
num_suborbits: 1
100 (*) : ------------------------11
100     : ['transfer_epoch3(node0)', 'transfer_epoch3(node1)']
num_forall :   0
num_exists :   1
num_literals : 1
quantified form : exists NODE0. ~transfer_epoch3(NODE0)
qcost : 2




=== Prime Orbit 46 =====================
size : 1
num_suborbits: 1
92 (*) : ------------00------------
92     : ['~locked_epoch1(node0)', '~locked_epoch1(node1)']
num_forall :   0
num_exists :   1
num_literals : 1
quantified form : exists NODE0. locked_epoch1(NODE0)
qcost : 2




=== Prime Orbit 47 =====================
size : 4
num_suborbits: 2
145 (*) : 1----0----------------1---
145     : ['ep_epoch0(node0)', 'transfer_epoch2(node0)', '~ep_epoch1(node1)']
162     : 1----0-----------------1--
162     : ['ep_epoch0(node0)', 'transfer_epoch2(node1)', '~ep_epoch1(node1)']
161     : -0--1-----------------1---
161     : ['ep_epoch0(node1)', 'transfer_epoch2(node0)', '~ep_epoch1(node0)']
146     : -0--1------------------1--
146     : ['ep_epoch0(node1)', 'transfer_epoch2(node1)', '~ep_epoch1(node0)']
num_forall :   3
num_exists :   0
num_literals : 7
quantified form : forall NODE1,NODE2,NODE0. ep_epoch1(NODE2) | ~ep_epoch0(NODE0) | ~transfer_epoch2(NODE1) | ((NODE0 ~= NODE1 | NODE0 = NODE2) & (NODE1 ~= NODE2 | NODE0 = NODE1))
qcost : 10




=== Prime Orbit 48 =====================
size : 2
num_suborbits: 1
106 (*) : -1----1-1-----------------
106     : ['ep_epoch1(node0)', 'ep_epoch2(node1)', 'held(node0)']
105     : --1--1---1----------------
105     : ['ep_epoch1(node1)', 'ep_epoch2(node0)', 'held(node1)']
num_forall :   2
num_exists :   0
num_literals : 4
quantified form : forall NODE1,NODE0. ~ep_epoch1(NODE0) | ~ep_epoch2(NODE1) | ~held(NODE0) | NODE0 = NODE1
qcost : 6




=== Prime Orbit 49 =====================
size : 2
num_suborbits: 1
102 (*) : -1------1------1----------
102     : ['ep_epoch1(node0)', 'held(node0)', 'locked_epoch2(node1)']
101     : -----1---1----1-----------
101     : ['ep_epoch1(node1)', 'held(node1)', 'locked_epoch2(node0)']
num_forall :   2
num_exists :   0
num_literals : 4
quantified form : forall NODE1,NODE0. ~ep_epoch1(NODE0) | ~locked_epoch2(NODE1) | ~held(NODE0) | NODE0 = NODE1
qcost : 6




=== Prime Orbit 50 =====================
size : 2
num_suborbits: 1
104 (*) : -1--0---1-----------------
104     : ['ep_epoch1(node0)', 'held(node0)', '~ep_epoch0(node1)']
103     : 0----1---1----------------
103     : ['ep_epoch1(node1)', 'held(node1)', '~ep_epoch0(node0)']
num_forall :   2
num_exists :   0
num_literals : 4
quantified form : forall NODE1,NODE0. ~ep_epoch1(NODE0) | ep_epoch0(NODE1) | ~held(NODE0) | NODE0 = NODE1
qcost : 6




=== Prime Orbit 51 =====================
size : 4
num_suborbits: 2
110 (*) : -1--0-----------------1---
110     : ['ep_epoch1(node0)', 'transfer_epoch2(node0)', '~ep_epoch0(node1)']
108     : -1--0------------------1--
108     : ['ep_epoch1(node0)', 'transfer_epoch2(node1)', '~ep_epoch0(node1)']
107     : 0----1----------------1---
107     : ['ep_epoch1(node1)', 'transfer_epoch2(node0)', '~ep_epoch0(node0)']
109     : 0----1-----------------1--
109     : ['ep_epoch1(node1)', 'transfer_epoch2(node1)', '~ep_epoch0(node0)']
num_forall :   3
num_exists :   0
num_literals : 7
quantified form : forall NODE1,NODE2,NODE0. ~ep_epoch1(NODE0) | ep_epoch0(NODE2) | ~transfer_epoch2(NODE1) | ((NODE1 ~= NODE2 | NODE0 = NODE1) & (NODE0 ~= NODE1 | NODE0 = NODE2))
qcost : 10




=== Prime Orbit 52 =====================
size : 2
num_suborbits: 1
129 (*) : --1----0-1----------------
129     : ['ep_epoch2(node0)', 'held(node1)', '~ep_epoch3(node1)']
130     : ---0--1-1-----------------
130     : ['ep_epoch2(node1)', 'held(node0)', '~ep_epoch3(node0)']
num_forall :   2
num_exists :   0
num_literals : 4
quantified form : forall NODE1,NODE0. ~held(NODE1) | ~ep_epoch2(NODE0) | ep_epoch3(NODE1) | NODE0 = NODE1
qcost : 6




=== Prime Orbit 53 =====================
size : 2
num_suborbits: 1
131 (*) : --1------1-------0--------
131     : ['ep_epoch2(node0)', 'held(node1)', '~locked_epoch3(node1)']
132     : ------1-1-------0---------
132     : ['ep_epoch2(node1)', 'held(node0)', '~locked_epoch3(node0)']
num_forall :   2
num_exists :   0
num_literals : 4
quantified form : forall NODE1,NODE0. ~held(NODE1) | ~ep_epoch2(NODE0) | locked_epoch3(NODE1) | NODE0 = NODE1
qcost : 6




=== Prime Orbit 54 =====================
size : 2
num_suborbits: 1
126 (*) : ---1--0--------1----------
126     : ['ep_epoch3(node0)', 'locked_epoch2(node1)', '~ep_epoch2(node1)']
125     : --0----1------1-----------
125     : ['ep_epoch3(node1)', 'locked_epoch2(node0)', '~ep_epoch2(node0)']
num_forall :   2
num_exists :   0
num_literals : 4
quantified form : forall NODE1,NODE0. ~locked_epoch2(NODE1) | ep_epoch2(NODE1) | ~ep_epoch3(NODE0) | NODE0 = NODE1
qcost : 6




=== Prime Orbit 55 =====================
size : 2
num_suborbits: 1
124 (*) : ------0-1------1----------
124     : ['held(node0)', 'locked_epoch2(node1)', '~ep_epoch2(node1)']
123     : --0------1----1-----------
123     : ['held(node1)', 'locked_epoch2(node0)', '~ep_epoch2(node0)']
num_forall :   2
num_exists :   0
num_literals : 4
quantified form : forall NODE1,NODE0. ~locked_epoch2(NODE1) | ep_epoch2(NODE1) | ~held(NODE0) | NODE0 = NODE1
qcost : 6




=== Prime Orbit 56 =====================
size : 2
num_suborbits: 1
122 (*) : ---0----1------1----------
122     : ['held(node0)', 'locked_epoch2(node1)', '~ep_epoch3(node0)']
121     : -------0-1----1-----------
121     : ['held(node1)', 'locked_epoch2(node0)', '~ep_epoch3(node1)']
num_forall :   2
num_exists :   0
num_literals : 4
quantified form : forall NODE1,NODE0. ~locked_epoch2(NODE1) | ep_epoch3(NODE0) | ~held(NODE0) | NODE0 = NODE1
qcost : 6




=== Prime Orbit 57 =====================
size : 2
num_suborbits: 1
120 (*) : --------1------10---------
120     : ['held(node0)', 'locked_epoch2(node1)', '~locked_epoch3(node0)']
119     : ---------1----1--0--------
119     : ['held(node1)', 'locked_epoch2(node0)', '~locked_epoch3(node1)']
num_forall :   2
num_exists :   0
num_literals : 4
quantified form : forall NODE1,NODE0. ~locked_epoch2(NODE1) | locked_epoch3(NODE0) | ~held(NODE0) | NODE0 = NODE1
qcost : 6




=== Prime Orbit 58 =====================
size : 4
num_suborbits: 2
137 (*) : ----0-------1---------1---
137     : ['locked_epoch1(node0)', 'transfer_epoch2(node0)', '~ep_epoch0(node1)']
158     : ----0-------1----------1--
158     : ['locked_epoch1(node0)', 'transfer_epoch2(node1)', '~ep_epoch0(node1)']
157     : 0------------1--------1---
157     : ['locked_epoch1(node1)', 'transfer_epoch2(node0)', '~ep_epoch0(node0)']
138     : 0------------1---------1--
138     : ['locked_epoch1(node1)', 'transfer_epoch2(node1)', '~ep_epoch0(node0)']
num_forall :   3
num_exists :   0
num_literals : 7
quantified form : forall NODE1,NODE2,NODE0. ep_epoch0(NODE2) | ~locked_epoch1(NODE0) | ~transfer_epoch2(NODE1) | ((NODE0 ~= NODE1 | NODE0 = NODE2) & (NODE1 ~= NODE2 | NODE0 = NODE1))
qcost : 10




=== Prime Orbit 59 =====================
size : 4
num_suborbits: 2
153 (*) : -0----------1---------1---
153     : ['locked_epoch1(node0)', 'transfer_epoch2(node0)', '~ep_epoch1(node0)']
150     : -0----------1----------1--
150     : ['locked_epoch1(node0)', 'transfer_epoch2(node1)', '~ep_epoch1(node0)']
149     : -----0-------1--------1---
149     : ['locked_epoch1(node1)', 'transfer_epoch2(node0)', '~ep_epoch1(node1)']
154     : -----0-------1---------1--
154     : ['locked_epoch1(node1)', 'transfer_epoch2(node1)', '~ep_epoch1(node1)']
num_forall :   2
num_exists :   0
num_literals : 3
quantified form : forall NODE1,NODE0. ~locked_epoch1(NODE0) | ep_epoch1(NODE0) | ~transfer_epoch2(NODE1)
qcost : 5




=== Prime Orbit 60 =====================
size : 2
num_suborbits: 1
127 (*) : --0-----------1--1--------
127     : ['locked_epoch2(node0)', 'locked_epoch3(node1)', '~ep_epoch2(node0)']
128     : ------0--------11---------
128     : ['locked_epoch2(node1)', 'locked_epoch3(node0)', '~ep_epoch2(node1)']
num_forall :   2
num_exists :   0
num_literals : 4
quantified form : forall NODE1,NODE0. ep_epoch2(NODE0) | ~locked_epoch3(NODE1) | ~locked_epoch2(NODE0) | NODE0 = NODE1
qcost : 6




=== Prime Orbit 61 =====================
size : 4
num_suborbits: 2
111 (*) : --0-----------1---------1-
111     : ['locked_epoch2(node0)', 'transfer_epoch3(node0)', '~ep_epoch2(node0)']
133     : --0-----------1----------1
133     : ['locked_epoch2(node0)', 'transfer_epoch3(node1)', '~ep_epoch2(node0)']
134     : ------0--------1--------1-
134     : ['locked_epoch2(node1)', 'transfer_epoch3(node0)', '~ep_epoch2(node1)']
112     : ------0--------1---------1
112     : ['locked_epoch2(node1)', 'transfer_epoch3(node1)', '~ep_epoch2(node1)']
num_forall :   2
num_exists :   0
num_literals : 3
quantified form : forall NODE1,NODE0. ep_epoch2(NODE0) | ~transfer_epoch3(NODE1) | ~locked_epoch2(NODE0)
qcost : 5




=== Prime Orbit 62 =====================
size : 2
num_suborbits: 1
113 (*) : --00----------1-----------
113     : ['locked_epoch2(node0)', '~ep_epoch2(node0)', '~ep_epoch3(node0)']
114     : ------00-------1----------
114     : ['locked_epoch2(node1)', '~ep_epoch2(node1)', '~ep_epoch3(node1)']
num_forall :   1
num_exists :   0
num_literals : 3
quantified form : forall NODE0. ep_epoch2(NODE0) | ep_epoch3(NODE0) | ~locked_epoch2(NODE0)
qcost : 4




=== Prime Orbit 63 =====================
size : 2
num_suborbits: 1
117 (*) : --0-----0-----1-----------
117     : ['locked_epoch2(node0)', '~ep_epoch2(node0)', '~held(node0)']
118     : ------0--0-----1----------
118     : ['locked_epoch2(node1)', '~ep_epoch2(node1)', '~held(node1)']
num_forall :   1
num_exists :   0
num_literals : 3
quantified form : forall NODE0. ep_epoch2(NODE0) | ~locked_epoch2(NODE0) | held(NODE0)
qcost : 4




=== Prime Orbit 64 =====================
size : 2
num_suborbits: 1
115 (*) : --0-----------1-0---------
115     : ['locked_epoch2(node0)', '~ep_epoch2(node0)', '~locked_epoch3(node0)']
116     : ------0--------1-0--------
116     : ['locked_epoch2(node1)', '~ep_epoch2(node1)', '~locked_epoch3(node1)']
num_forall :   1
num_exists :   0
num_literals : 3
quantified form : forall NODE0. ep_epoch2(NODE0) | locked_epoch3(NODE0) | ~locked_epoch2(NODE0)
qcost : 4




=== Prime Orbit 65 =====================
size : 2
num_suborbits: 1
135 (*) : 0---0-----------------1---
135     : ['transfer_epoch2(node0)', '~ep_epoch0(node0)', '~ep_epoch0(node1)']
136     : 0---0------------------1--
136     : ['transfer_epoch2(node1)', '~ep_epoch0(node0)', '~ep_epoch0(node1)']
num_forall :   2
num_exists :   0
num_literals : 4
quantified form : forall NODE1,NODE0. ep_epoch0(NODE0) | ep_epoch0(NODE1) | ~transfer_epoch2(NODE0) | NODE0 = NODE1
qcost : 6




=== Prime Orbit 66 =====================
size : 4
num_suborbits: 2
155 (*) : 00--------------------1---
155     : ['transfer_epoch2(node0)', '~ep_epoch0(node0)', '~ep_epoch1(node0)']
141     : ----00----------------1---
141     : ['transfer_epoch2(node0)', '~ep_epoch0(node1)', '~ep_epoch1(node1)']
142     : 00---------------------1--
142     : ['transfer_epoch2(node1)', '~ep_epoch0(node0)', '~ep_epoch1(node0)']
156     : ----00-----------------1--
156     : ['transfer_epoch2(node1)', '~ep_epoch0(node1)', '~ep_epoch1(node1)']
num_forall :   2
num_exists :   0
num_literals : 3
quantified form : forall NODE1,NODE0. ep_epoch1(NODE1) | ep_epoch0(NODE1) | ~transfer_epoch2(NODE0)
qcost : 5




=== Prime Orbit 67 =====================
size : 4
num_suborbits: 2
159 (*) : 0-----------0---------1---
159     : ['transfer_epoch2(node0)', '~ep_epoch0(node0)', '~locked_epoch1(node0)']
139     : ----0--------0--------1---
139     : ['transfer_epoch2(node0)', '~ep_epoch0(node1)', '~locked_epoch1(node1)']
140     : 0-----------0----------1--
140     : ['transfer_epoch2(node1)', '~ep_epoch0(node0)', '~locked_epoch1(node0)']
160     : ----0--------0---------1--
160     : ['transfer_epoch2(node1)', '~ep_epoch0(node1)', '~locked_epoch1(node1)']
num_forall :   2
num_exists :   0
num_literals : 3
quantified form : forall NODE1,NODE0. ep_epoch0(NODE1) | ~transfer_epoch2(NODE0) | locked_epoch1(NODE1)
qcost : 5




=== Prime Orbit 68 =====================
size : 2
num_suborbits: 1
143 (*) : -0---0----------------1---
143     : ['transfer_epoch2(node0)', '~ep_epoch1(node0)', '~ep_epoch1(node1)']
144     : -0---0-----------------1--
144     : ['transfer_epoch2(node1)', '~ep_epoch1(node0)', '~ep_epoch1(node1)']
num_forall :   2
num_exists :   0
num_literals : 4
quantified form : forall NODE1,NODE0. ep_epoch1(NODE0) | ep_epoch1(NODE1) | ~transfer_epoch2(NODE0) | NODE0 = NODE1
qcost : 6




=== Prime Orbit 69 =====================
size : 4
num_suborbits: 2
151 (*) : -0-----------0--------1---
151     : ['transfer_epoch2(node0)', '~ep_epoch1(node0)', '~locked_epoch1(node1)']
147     : -----0------0---------1---
147     : ['transfer_epoch2(node0)', '~ep_epoch1(node1)', '~locked_epoch1(node0)']
148     : -0-----------0---------1--
148     : ['transfer_epoch2(node1)', '~ep_epoch1(node0)', '~locked_epoch1(node1)']
152     : -----0------0----------1--
152     : ['transfer_epoch2(node1)', '~ep_epoch1(node1)', '~locked_epoch1(node0)']
num_forall :   3
num_exists :   0
num_literals : 7
quantified form : forall NODE1,NODE2,NODE0. locked_epoch1(NODE2) | ep_epoch1(NODE1) | ~transfer_epoch2(NODE0) | ((NODE0 ~= NODE2 | NODE0 = NODE1) & (NODE0 ~= NODE1 | NODE0 = NODE2))
qcost : 10




=== Prime Orbit 70 =====================
size : 4
num_suborbits: 2
529 (*) : 1----00-----------------1-
529     : ['ep_epoch0(node0)', 'transfer_epoch3(node0)', '~ep_epoch1(node1)', '~ep_epoch2(node1)']
478     : 1----00------------------1
478     : ['ep_epoch0(node0)', 'transfer_epoch3(node1)', '~ep_epoch1(node1)', '~ep_epoch2(node1)']
477     : -00-1-------------------1-
477     : ['ep_epoch0(node1)', 'transfer_epoch3(node0)', '~ep_epoch1(node0)', '~ep_epoch2(node0)']
530     : -00-1--------------------1
530     : ['ep_epoch0(node1)', 'transfer_epoch3(node1)', '~ep_epoch1(node0)', '~ep_epoch2(node0)']
num_forall :   3
num_exists :   0
num_literals : 8
quantified form : forall NODE1,NODE2,NODE0. ep_epoch1(NODE2) | ~transfer_epoch3(NODE1) | ~ep_epoch0(NODE0) | ep_epoch2(NODE2) | ((NODE1 ~= NODE2 | NODE0 = NODE1) & (NODE0 ~= NODE1 | NODE0 = NODE2))
qcost : 11




=== Prime Orbit 71 =====================
size : 4
num_suborbits: 2
527 (*) : 1----0---------0--------1-
527     : ['ep_epoch0(node0)', 'transfer_epoch3(node0)', '~ep_epoch1(node1)', '~locked_epoch2(node1)']
480     : 1----0---------0---------1
480     : ['ep_epoch0(node0)', 'transfer_epoch3(node1)', '~ep_epoch1(node1)', '~locked_epoch2(node1)']
479     : -0--1---------0---------1-
479     : ['ep_epoch0(node1)', 'transfer_epoch3(node0)', '~ep_epoch1(node0)', '~locked_epoch2(node0)']
528     : -0--1---------0----------1
528     : ['ep_epoch0(node1)', 'transfer_epoch3(node1)', '~ep_epoch1(node0)', '~locked_epoch2(node0)']
num_forall :   3
num_exists :   0
num_literals : 8
quantified form : forall NODE1,NODE2,NODE0. ep_epoch1(NODE2) | locked_epoch2(NODE2) | ~transfer_epoch3(NODE1) | ~ep_epoch0(NODE0) | ((NODE1 ~= NODE2 | NODE0 = NODE1) & (NODE0 ~= NODE1 | NODE0 = NODE2))
qcost : 11




=== Prime Orbit 72 =====================
size : 2
num_suborbits: 1
172 (*) : 1----000------------------
172     : ['ep_epoch0(node0)', '~ep_epoch1(node1)', '~ep_epoch2(node1)', '~ep_epoch3(node1)']
171     : -0001---------------------
171     : ['ep_epoch0(node1)', '~ep_epoch1(node0)', '~ep_epoch2(node0)', '~ep_epoch3(node0)']
num_forall :   2
num_exists :   0
num_literals : 5
quantified form : forall NODE1,NODE0. ep_epoch2(NODE1) | ep_epoch3(NODE1) | ep_epoch1(NODE1) | ~ep_epoch0(NODE0) | NODE0 = NODE1
qcost : 7




=== Prime Orbit 73 =====================
size : 2
num_suborbits: 1
164 (*) : 1----00--0----------------
164     : ['ep_epoch0(node0)', '~ep_epoch1(node1)', '~ep_epoch2(node1)', '~held(node1)']
163     : -00-1---0-----------------
163     : ['ep_epoch0(node1)', '~ep_epoch1(node0)', '~ep_epoch2(node0)', '~held(node0)']
num_forall :   2
num_exists :   0
num_literals : 5
quantified form : forall NODE1,NODE0. ep_epoch2(NODE1) | held(NODE1) | ep_epoch1(NODE1) | ~ep_epoch0(NODE0) | NODE0 = NODE1
qcost : 7




=== Prime Orbit 74 =====================
size : 2
num_suborbits: 1
174 (*) : 1----00----------0--------
174     : ['ep_epoch0(node0)', '~ep_epoch1(node1)', '~ep_epoch2(node1)', '~locked_epoch3(node1)']
173     : -00-1-----------0---------
173     : ['ep_epoch0(node1)', '~ep_epoch1(node0)', '~ep_epoch2(node0)', '~locked_epoch3(node0)']
num_forall :   2
num_exists :   0
num_literals : 5
quantified form : forall NODE1,NODE0. ep_epoch2(NODE1) | ep_epoch1(NODE1) | ~ep_epoch0(NODE0) | locked_epoch3(NODE1) | NODE0 = NODE1
qcost : 7




=== Prime Orbit 75 =====================
size : 2
num_suborbits: 1
170 (*) : 1----0-0-------0----------
170     : ['ep_epoch0(node0)', '~ep_epoch1(node1)', '~ep_epoch3(node1)', '~locked_epoch2(node1)']
169     : -0-01---------0-----------
169     : ['ep_epoch0(node1)', '~ep_epoch1(node0)', '~ep_epoch3(node0)', '~locked_epoch2(node0)']
num_forall :   2
num_exists :   0
num_literals : 5
quantified form : forall NODE1,NODE0. ep_epoch3(NODE1) | ep_epoch1(NODE1) | ~ep_epoch0(NODE0) | locked_epoch2(NODE1) | NODE0 = NODE1
qcost : 7




=== Prime Orbit 76 =====================
size : 2
num_suborbits: 1
166 (*) : 1----0---0-----0----------
166     : ['ep_epoch0(node0)', '~ep_epoch1(node1)', '~held(node1)', '~locked_epoch2(node1)']
165     : -0--1---0-----0-----------
165     : ['ep_epoch0(node1)', '~ep_epoch1(node0)', '~held(node0)', '~locked_epoch2(node0)']
num_forall :   2
num_exists :   0
num_literals : 5
quantified form : forall NODE1,NODE0. held(NODE1) | ep_epoch1(NODE1) | ~ep_epoch0(NODE0) | locked_epoch2(NODE1) | NODE0 = NODE1
qcost : 7




=== Prime Orbit 77 =====================
size : 2
num_suborbits: 1
168 (*) : 1----0---------0-0--------
168     : ['ep_epoch0(node0)', '~ep_epoch1(node1)', '~locked_epoch2(node1)', '~locked_epoch3(node1)']
167     : -0--1---------0-0---------
167     : ['ep_epoch0(node1)', '~ep_epoch1(node0)', '~locked_epoch2(node0)', '~locked_epoch3(node0)']
num_forall :   2
num_exists :   0
num_literals : 5
quantified form : forall NODE1,NODE0. ep_epoch1(NODE1) | ~ep_epoch0(NODE0) | locked_epoch2(NODE1) | locked_epoch3(NODE1) | NODE0 = NODE1
qcost : 7




=== Prime Orbit 78 =====================
size : 2
num_suborbits: 1
347 (*) : -1----00-1----------------
347     : ['ep_epoch1(node0)', 'held(node1)', '~ep_epoch2(node1)', '~ep_epoch3(node1)']
348     : --00-1--1-----------------
348     : ['ep_epoch1(node1)', 'held(node0)', '~ep_epoch2(node0)', '~ep_epoch3(node0)']
num_forall :   2
num_exists :   0
num_literals : 5
quantified form : forall NODE1,NODE0. ~ep_epoch1(NODE0) | ~held(NODE1) | ep_epoch2(NODE1) | ep_epoch3(NODE1) | NODE0 = NODE1
qcost : 7




=== Prime Orbit 79 =====================
size : 2
num_suborbits: 1
343 (*) : -1----0--1-------0--------
343     : ['ep_epoch1(node0)', 'held(node1)', '~ep_epoch2(node1)', '~locked_epoch3(node1)']
344     : --0--1--1-------0---------
344     : ['ep_epoch1(node1)', 'held(node0)', '~ep_epoch2(node0)', '~locked_epoch3(node0)']
num_forall :   2
num_exists :   0
num_literals : 5
quantified form : forall NODE1,NODE0. ~ep_epoch1(NODE0) | ~held(NODE1) | ep_epoch2(NODE1) | locked_epoch3(NODE1) | NODE0 = NODE1
qcost : 7




=== Prime Orbit 80 =====================
size : 2
num_suborbits: 1
349 (*) : -1-----0-1-----0----------
349     : ['ep_epoch1(node0)', 'held(node1)', '~ep_epoch3(node1)', '~locked_epoch2(node1)']
350     : ---0-1--1-----0-----------
350     : ['ep_epoch1(node1)', 'held(node0)', '~ep_epoch3(node0)', '~locked_epoch2(node0)']
num_forall :   2
num_exists :   0
num_literals : 5
quantified form : forall NODE1,NODE0. ~ep_epoch1(NODE0) | ~held(NODE1) | ep_epoch3(NODE1) | locked_epoch2(NODE1) | NODE0 = NODE1
qcost : 7




=== Prime Orbit 81 =====================
size : 2
num_suborbits: 1
345 (*) : -1-------1-----0-0--------
345     : ['ep_epoch1(node0)', 'held(node1)', '~locked_epoch2(node1)', '~locked_epoch3(node1)']
346     : -----1--1-----0-0---------
346     : ['ep_epoch1(node1)', 'held(node0)', '~locked_epoch2(node0)', '~locked_epoch3(node0)']
num_forall :   2
num_exists :   0
num_literals : 5
quantified form : forall NODE1,NODE0. ~ep_epoch1(NODE0) | ~held(NODE1) | locked_epoch3(NODE1) | locked_epoch2(NODE1) | NODE0 = NODE1
qcost : 7




=== Prime Orbit 82 =====================
size : 4
num_suborbits: 2
563 (*) : -1--0-0-----------------1-
563     : ['ep_epoch1(node0)', 'transfer_epoch3(node0)', '~ep_epoch0(node1)', '~ep_epoch2(node1)']
532     : -1--0-0------------------1
532     : ['ep_epoch1(node0)', 'transfer_epoch3(node1)', '~ep_epoch0(node1)', '~ep_epoch2(node1)']
531     : 0-0--1------------------1-
531     : ['ep_epoch1(node1)', 'transfer_epoch3(node0)', '~ep_epoch0(node0)', '~ep_epoch2(node0)']
564     : 0-0--1-------------------1
564     : ['ep_epoch1(node1)', 'transfer_epoch3(node1)', '~ep_epoch0(node0)', '~ep_epoch2(node0)']
num_forall :   3
num_exists :   0
num_literals : 8
quantified form : forall NODE1,NODE2,NODE0. ~ep_epoch1(NODE0) | ep_epoch0(NODE2) | ~transfer_epoch3(NODE1) | ep_epoch2(NODE2) | ((NODE1 ~= NODE2 | NODE0 = NODE1) & (NODE0 ~= NODE1 | NODE0 = NODE2))
qcost : 11




=== Prime Orbit 83 =====================
size : 4
num_suborbits: 2
565 (*) : -1--0----------0--------1-
565     : ['ep_epoch1(node0)', 'transfer_epoch3(node0)', '~ep_epoch0(node1)', '~locked_epoch2(node1)']
534     : -1--0----------0---------1
534     : ['ep_epoch1(node0)', 'transfer_epoch3(node1)', '~ep_epoch0(node1)', '~locked_epoch2(node1)']
533     : 0----1--------0---------1-
533     : ['ep_epoch1(node1)', 'transfer_epoch3(node0)', '~ep_epoch0(node0)', '~locked_epoch2(node0)']
566     : 0----1--------0----------1
566     : ['ep_epoch1(node1)', 'transfer_epoch3(node1)', '~ep_epoch0(node0)', '~locked_epoch2(node0)']
num_forall :   3
num_exists :   0
num_literals : 8
quantified form : forall NODE1,NODE2,NODE0. ~ep_epoch1(NODE0) | locked_epoch2(NODE2) | ep_epoch0(NODE2) | ~transfer_epoch3(NODE1) | ((NODE1 ~= NODE2 | NODE0 = NODE1) & (NODE0 ~= NODE1 | NODE0 = NODE2))
qcost : 11




=== Prime Orbit 84 =====================
size : 2
num_suborbits: 1
294 (*) : -1--0-00------------------
294     : ['ep_epoch1(node0)', '~ep_epoch0(node1)', '~ep_epoch2(node1)', '~ep_epoch3(node1)']
293     : 0-00-1--------------------
293     : ['ep_epoch1(node1)', '~ep_epoch0(node0)', '~ep_epoch2(node0)', '~ep_epoch3(node0)']
num_forall :   2
num_exists :   0
num_literals : 5
quantified form : forall NODE1,NODE0. ~ep_epoch1(NODE0) | ep_epoch0(NODE1) | ep_epoch3(NODE1) | ep_epoch2(NODE1) | NODE0 = NODE1
qcost : 7




=== Prime Orbit 85 =====================
size : 2
num_suborbits: 1
284 (*) : -1--0-0--0----------------
284     : ['ep_epoch1(node0)', '~ep_epoch0(node1)', '~ep_epoch2(node1)', '~held(node1)']
283     : 0-0--1--0-----------------
283     : ['ep_epoch1(node1)', '~ep_epoch0(node0)', '~ep_epoch2(node0)', '~held(node0)']
num_forall :   2
num_exists :   0
num_literals : 5
quantified form : forall NODE1,NODE0. ~ep_epoch1(NODE0) | held(NODE1) | ep_epoch0(NODE1) | ep_epoch2(NODE1) | NODE0 = NODE1
qcost : 7




=== Prime Orbit 86 =====================
size : 2
num_suborbits: 1
292 (*) : -1--0-0----------0--------
292     : ['ep_epoch1(node0)', '~ep_epoch0(node1)', '~ep_epoch2(node1)', '~locked_epoch3(node1)']
291     : 0-0--1----------0---------
291     : ['ep_epoch1(node1)', '~ep_epoch0(node0)', '~ep_epoch2(node0)', '~locked_epoch3(node0)']
num_forall :   2
num_exists :   0
num_literals : 5
quantified form : forall NODE1,NODE0. ~ep_epoch1(NODE0) | ep_epoch0(NODE1) | locked_epoch3(NODE1) | ep_epoch2(NODE1) | NODE0 = NODE1
qcost : 7




=== Prime Orbit 87 =====================
size : 2
num_suborbits: 1
288 (*) : -1--0--0-------0----------
288     : ['ep_epoch1(node0)', '~ep_epoch0(node1)', '~ep_epoch3(node1)', '~locked_epoch2(node1)']
287     : 0--0-1--------0-----------
287     : ['ep_epoch1(node1)', '~ep_epoch0(node0)', '~ep_epoch3(node0)', '~locked_epoch2(node0)']
num_forall :   2
num_exists :   0
num_literals : 5
quantified form : forall NODE1,NODE0. ~ep_epoch1(NODE0) | ep_epoch0(NODE1) | ep_epoch3(NODE1) | locked_epoch2(NODE1) | NODE0 = NODE1
qcost : 7




=== Prime Orbit 88 =====================
size : 2
num_suborbits: 1
286 (*) : -1--0----0-----0----------
286     : ['ep_epoch1(node0)', '~ep_epoch0(node1)', '~held(node1)', '~locked_epoch2(node1)']
285     : 0----1--0-----0-----------
285     : ['ep_epoch1(node1)', '~ep_epoch0(node0)', '~held(node0)', '~locked_epoch2(node0)']
num_forall :   2
num_exists :   0
num_literals : 5
quantified form : forall NODE1,NODE0. ~ep_epoch1(NODE0) | held(NODE1) | ep_epoch0(NODE1) | locked_epoch2(NODE1) | NODE0 = NODE1
qcost : 7




=== Prime Orbit 89 =====================
size : 2
num_suborbits: 1
290 (*) : -1--0----------0-0--------
290     : ['ep_epoch1(node0)', '~ep_epoch0(node1)', '~locked_epoch2(node1)', '~locked_epoch3(node1)']
289     : 0----1--------0-0---------
289     : ['ep_epoch1(node1)', '~ep_epoch0(node0)', '~locked_epoch2(node0)', '~locked_epoch3(node0)']
num_forall :   2
num_exists :   0
num_literals : 5
quantified form : forall NODE1,NODE0. ~ep_epoch1(NODE0) | ep_epoch0(NODE1) | locked_epoch3(NODE1) | locked_epoch2(NODE1) | NODE0 = NODE1
qcost : 7




=== Prime Orbit 90 =====================
size : 2
num_suborbits: 1
467 (*) : --1-0---1---1-------------
467     : ['ep_epoch2(node0)', 'held(node0)', 'locked_epoch1(node0)', '~ep_epoch0(node1)']
468     : 0-----1--1---1------------
468     : ['ep_epoch2(node1)', 'held(node1)', 'locked_epoch1(node1)', '~ep_epoch0(node0)']
num_forall :   2
num_exists :   0
num_literals : 5
quantified form : forall NODE1,NODE0. ~locked_epoch1(NODE0) | ~ep_epoch2(NODE0) | ep_epoch0(NODE1) | ~held(NODE0) | NODE0 = NODE1
qcost : 7




=== Prime Orbit 91 =====================
size : 2
num_suborbits: 1
469 (*) : --1--0--1----1------------
469     : ['ep_epoch2(node0)', 'held(node0)', 'locked_epoch1(node1)', '~ep_epoch1(node1)']
470     : -0----1--1--1-------------
470     : ['ep_epoch2(node1)', 'held(node1)', 'locked_epoch1(node0)', '~ep_epoch1(node0)']
num_forall :   2
num_exists :   0
num_literals : 5
quantified form : forall NODE1,NODE0. ~ep_epoch2(NODE0) | ~locked_epoch1(NODE1) | ep_epoch1(NODE1) | ~held(NODE0) | NODE0 = NODE1
qcost : 7




=== Prime Orbit 92 =====================
size : 2
num_suborbits: 1
475 (*) : --1-00--1-----------------
475     : ['ep_epoch2(node0)', 'held(node0)', '~ep_epoch0(node1)', '~ep_epoch1(node1)']
476     : 00----1--1----------------
476     : ['ep_epoch2(node1)', 'held(node1)', '~ep_epoch0(node0)', '~ep_epoch1(node0)']
num_forall :   2
num_exists :   0
num_literals : 5
quantified form : forall NODE1,NODE0. ep_epoch1(NODE1) | ~ep_epoch2(NODE0) | ep_epoch0(NODE1) | ~held(NODE0) | NODE0 = NODE1
qcost : 7




=== Prime Orbit 93 =====================
size : 2
num_suborbits: 1
471 (*) : --1-0---1----0------------
471     : ['ep_epoch2(node0)', 'held(node0)', '~ep_epoch0(node1)', '~locked_epoch1(node1)']
472     : 0-----1--1--0-------------
472     : ['ep_epoch2(node1)', 'held(node1)', '~ep_epoch0(node0)', '~locked_epoch1(node0)']
num_forall :   2
num_exists :   0
num_literals : 5
quantified form : forall NODE1,NODE0. locked_epoch1(NODE1) | ~ep_epoch2(NODE0) | ep_epoch0(NODE1) | ~held(NODE0) | NODE0 = NODE1
qcost : 7




=== Prime Orbit 94 =====================
size : 2
num_suborbits: 1
473 (*) : --1--0--1---0-------------
473     : ['ep_epoch2(node0)', 'held(node0)', '~ep_epoch1(node1)', '~locked_epoch1(node0)']
474     : -0----1--1---0------------
474     : ['ep_epoch2(node1)', 'held(node1)', '~ep_epoch1(node0)', '~locked_epoch1(node1)']
num_forall :   2
num_exists :   0
num_literals : 5
quantified form : forall NODE1,NODE0. ~ep_epoch2(NODE0) | ep_epoch1(NODE1) | locked_epoch1(NODE0) | ~held(NODE0) | NODE0 = NODE1
qcost : 7




=== Prime Orbit 95 =====================
size : 4
num_suborbits: 2
499 (*) : --1-0-------1-----------1-
499     : ['ep_epoch2(node0)', 'locked_epoch1(node0)', 'transfer_epoch3(node0)', '~ep_epoch0(node1)']
552     : --1-0-------1------------1
552     : ['ep_epoch2(node0)', 'locked_epoch1(node0)', 'transfer_epoch3(node1)', '~ep_epoch0(node1)']
551     : 0-----1------1----------1-
551     : ['ep_epoch2(node1)', 'locked_epoch1(node1)', 'transfer_epoch3(node0)', '~ep_epoch0(node0)']
500     : 0-----1------1-----------1
500     : ['ep_epoch2(node1)', 'locked_epoch1(node1)', 'transfer_epoch3(node1)', '~ep_epoch0(node0)']
num_forall :   3
num_exists :   0
num_literals : 8
quantified form : forall NODE1,NODE2,NODE0. ep_epoch0(NODE2) | ~locked_epoch1(NODE0) | ~ep_epoch2(NODE0) | ~transfer_epoch3(NODE1) | ((NODE0 ~= NODE1 | NODE0 = NODE2) & (NODE1 ~= NODE2 | NODE0 = NODE1))
qcost : 11




=== Prime Orbit 96 =====================
size : 2
num_suborbits: 1
455 (*) : --1-0--0----1-------------
455     : ['ep_epoch2(node0)', 'locked_epoch1(node0)', '~ep_epoch0(node1)', '~ep_epoch3(node1)']
456     : 0--0--1------1------------
456     : ['ep_epoch2(node1)', 'locked_epoch1(node1)', '~ep_epoch0(node0)', '~ep_epoch3(node0)']
num_forall :   2
num_exists :   0
num_literals : 5
quantified form : forall NODE1,NODE0. ~locked_epoch1(NODE0) | ~ep_epoch2(NODE0) | ep_epoch0(NODE1) | ep_epoch3(NODE1) | NODE0 = NODE1
qcost : 7




=== Prime Orbit 97 =====================
size : 2
num_suborbits: 1
457 (*) : --1-0----0--1-------------
457     : ['ep_epoch2(node0)', 'locked_epoch1(node0)', '~ep_epoch0(node1)', '~held(node1)']
458     : 0-----1-0----1------------
458     : ['ep_epoch2(node1)', 'locked_epoch1(node1)', '~ep_epoch0(node0)', '~held(node0)']
num_forall :   2
num_exists :   0
num_literals : 5
quantified form : forall NODE1,NODE0. held(NODE1) | ~ep_epoch2(NODE0) | ep_epoch0(NODE1) | ~locked_epoch1(NODE0) | NODE0 = NODE1
qcost : 7




=== Prime Orbit 98 =====================
size : 2
num_suborbits: 1
437 (*) : --1-0-------1----0--------
437     : ['ep_epoch2(node0)', 'locked_epoch1(node0)', '~ep_epoch0(node1)', '~locked_epoch3(node1)']
438     : 0-----1------1--0---------
438     : ['ep_epoch2(node1)', 'locked_epoch1(node1)', '~ep_epoch0(node0)', '~locked_epoch3(node0)']
num_forall :   2
num_exists :   0
num_literals : 5
quantified form : forall NODE1,NODE0. ~locked_epoch1(NODE0) | ~ep_epoch2(NODE0) | ep_epoch0(NODE1) | locked_epoch3(NODE1) | NODE0 = NODE1
qcost : 7




=== Prime Orbit 99 =====================
size : 4
num_suborbits: 2
517 (*) : --1--0-------1----------1-
517     : ['ep_epoch2(node0)', 'locked_epoch1(node1)', 'transfer_epoch3(node0)', '~ep_epoch1(node1)']
574     : --1--0-------1-----------1
574     : ['ep_epoch2(node0)', 'locked_epoch1(node1)', 'transfer_epoch3(node1)', '~ep_epoch1(node1)']
573     : -0----1-----1-----------1-
573     : ['ep_epoch2(node1)', 'locked_epoch1(node0)', 'transfer_epoch3(node0)', '~ep_epoch1(node0)']
518     : -0----1-----1------------1
518     : ['ep_epoch2(node1)', 'locked_epoch1(node0)', 'transfer_epoch3(node1)', '~ep_epoch1(node0)']
num_forall :   3
num_exists :   0
num_literals : 8
quantified form : forall NODE1,NODE2,NODE0. ~ep_epoch2(NODE0) | ~locked_epoch1(NODE1) | ep_epoch1(NODE1) | ~transfer_epoch3(NODE2) | ((NODE0 ~= NODE2 | NODE0 = NODE1) & (NODE1 ~= NODE2 | NODE0 = NODE1))
qcost : 11




=== Prime Orbit 100 =====================
size : 2
num_suborbits: 1
447 (*) : --1--0-0-----1------------
447     : ['ep_epoch2(node0)', 'locked_epoch1(node1)', '~ep_epoch1(node1)', '~ep_epoch3(node1)']
448     : -0-0--1-----1-------------
448     : ['ep_epoch2(node1)', 'locked_epoch1(node0)', '~ep_epoch1(node0)', '~ep_epoch3(node0)']
num_forall :   2
num_exists :   0
num_literals : 5
quantified form : forall NODE1,NODE0. ~ep_epoch2(NODE0) | ~locked_epoch1(NODE1) | ep_epoch1(NODE1) | ep_epoch3(NODE1) | NODE0 = NODE1
qcost : 7




=== Prime Orbit 101 =====================
size : 2
num_suborbits: 1
461 (*) : --1--0---0---1------------
461     : ['ep_epoch2(node0)', 'locked_epoch1(node1)', '~ep_epoch1(node1)', '~held(node1)']
462     : -0----1-0---1-------------
462     : ['ep_epoch2(node1)', 'locked_epoch1(node0)', '~ep_epoch1(node0)', '~held(node0)']
num_forall :   2
num_exists :   0
num_literals : 5
quantified form : forall NODE1,NODE0. held(NODE1) | ~ep_epoch2(NODE0) | ~locked_epoch1(NODE1) | ep_epoch1(NODE1) | NODE0 = NODE1
qcost : 7




=== Prime Orbit 102 =====================
size : 2
num_suborbits: 1
445 (*) : --1--0-------1---0--------
445     : ['ep_epoch2(node0)', 'locked_epoch1(node1)', '~ep_epoch1(node1)', '~locked_epoch3(node1)']
446     : -0----1-----1---0---------
446     : ['ep_epoch2(node1)', 'locked_epoch1(node0)', '~ep_epoch1(node0)', '~locked_epoch3(node0)']
num_forall :   2
num_exists :   0
num_literals : 5
quantified form : forall NODE1,NODE0. ~ep_epoch2(NODE0) | ~locked_epoch1(NODE1) | ep_epoch1(NODE1) | locked_epoch3(NODE1) | NODE0 = NODE1
qcost : 7




=== Prime Orbit 103 =====================
size : 4
num_suborbits: 2
497 (*) : --1-00------------------1-
497     : ['ep_epoch2(node0)', 'transfer_epoch3(node0)', '~ep_epoch0(node1)', '~ep_epoch1(node1)']
550     : --1-00-------------------1
550     : ['ep_epoch2(node0)', 'transfer_epoch3(node1)', '~ep_epoch0(node1)', '~ep_epoch1(node1)']
549     : 00----1-----------------1-
549     : ['ep_epoch2(node1)', 'transfer_epoch3(node0)', '~ep_epoch0(node0)', '~ep_epoch1(node0)']
498     : 00----1------------------1
498     : ['ep_epoch2(node1)', 'transfer_epoch3(node1)', '~ep_epoch0(node0)', '~ep_epoch1(node0)']
num_forall :   3
num_exists :   0
num_literals : 8
quantified form : forall NODE1,NODE2,NODE0. ep_epoch0(NODE2) | ~transfer_epoch3(NODE1) | ~ep_epoch2(NODE0) | ep_epoch1(NODE2) | ((NODE0 ~= NODE1 | NODE0 = NODE2) & (NODE1 ~= NODE2 | NODE0 = NODE1))
qcost : 11




=== Prime Orbit 104 =====================
size : 4
num_suborbits: 2
575 (*) : --1-0--------0----------1-
575     : ['ep_epoch2(node0)', 'transfer_epoch3(node0)', '~ep_epoch0(node1)', '~locked_epoch1(node1)']
554     : --1-0--------0-----------1
554     : ['ep_epoch2(node0)', 'transfer_epoch3(node1)', '~ep_epoch0(node1)', '~locked_epoch1(node1)']
553     : 0-----1-----0-----------1-
553     : ['ep_epoch2(node1)', 'transfer_epoch3(node0)', '~ep_epoch0(node0)', '~locked_epoch1(node0)']
576     : 0-----1-----0------------1
576     : ['ep_epoch2(node1)', 'transfer_epoch3(node1)', '~ep_epoch0(node0)', '~locked_epoch1(node0)']
num_forall :   3
num_exists :   0
num_literals : 8
quantified form : forall NODE1,NODE2,NODE0. ep_epoch0(NODE2) | ~ep_epoch2(NODE0) | locked_epoch1(NODE2) | ~transfer_epoch3(NODE1) | ((NODE1 ~= NODE2 | NODE0 = NODE1) & (NODE0 ~= NODE1 | NODE0 = NODE2))
qcost : 11




=== Prime Orbit 105 =====================
size : 4
num_suborbits: 2
525 (*) : --1--0------0-----------1-
525     : ['ep_epoch2(node0)', 'transfer_epoch3(node0)', '~ep_epoch1(node1)', '~locked_epoch1(node0)']
562     : --1--0------0------------1
562     : ['ep_epoch2(node0)', 'transfer_epoch3(node1)', '~ep_epoch1(node1)', '~locked_epoch1(node0)']
561     : -0----1------0----------1-
561     : ['ep_epoch2(node1)', 'transfer_epoch3(node0)', '~ep_epoch1(node0)', '~locked_epoch1(node1)']
526     : -0----1------0-----------1
526     : ['ep_epoch2(node1)', 'transfer_epoch3(node1)', '~ep_epoch1(node0)', '~locked_epoch1(node1)']
num_forall :   3
num_exists :   0
num_literals : 8
quantified form : forall NODE1,NODE2,NODE0. ep_epoch1(NODE2) | ~ep_epoch2(NODE0) | ~transfer_epoch3(NODE1) | locked_epoch1(NODE0) | ((NODE0 ~= NODE1 | NODE0 = NODE2) & (NODE1 ~= NODE2 | NODE0 = NODE1))
qcost : 11




=== Prime Orbit 106 =====================
size : 2
num_suborbits: 1
449 (*) : --1-00-0------------------
449     : ['ep_epoch2(node0)', '~ep_epoch0(node1)', '~ep_epoch1(node1)', '~ep_epoch3(node1)']
450     : 00-0--1-------------------
450     : ['ep_epoch2(node1)', '~ep_epoch0(node0)', '~ep_epoch1(node0)', '~ep_epoch3(node0)']
num_forall :   2
num_exists :   0
num_literals : 5
quantified form : forall NODE1,NODE0. ep_epoch1(NODE1) | ~ep_epoch2(NODE0) | ep_epoch0(NODE1) | ep_epoch3(NODE1) | NODE0 = NODE1
qcost : 7




=== Prime Orbit 107 =====================
size : 2
num_suborbits: 1
459 (*) : --1-00---0----------------
459     : ['ep_epoch2(node0)', '~ep_epoch0(node1)', '~ep_epoch1(node1)', '~held(node1)']
460     : 00----1-0-----------------
460     : ['ep_epoch2(node1)', '~ep_epoch0(node0)', '~ep_epoch1(node0)', '~held(node0)']
num_forall :   2
num_exists :   0
num_literals : 5
quantified form : forall NODE1,NODE0. ep_epoch1(NODE1) | held(NODE1) | ~ep_epoch2(NODE0) | ep_epoch0(NODE1) | NODE0 = NODE1
qcost : 7




=== Prime Orbit 108 =====================
size : 2
num_suborbits: 1
441 (*) : --1-00-----------0--------
441     : ['ep_epoch2(node0)', '~ep_epoch0(node1)', '~ep_epoch1(node1)', '~locked_epoch3(node1)']
442     : 00----1---------0---------
442     : ['ep_epoch2(node1)', '~ep_epoch0(node0)', '~ep_epoch1(node0)', '~locked_epoch3(node0)']
num_forall :   2
num_exists :   0
num_literals : 5
quantified form : forall NODE1,NODE0. ep_epoch1(NODE1) | ~ep_epoch2(NODE0) | ep_epoch0(NODE1) | locked_epoch3(NODE1) | NODE0 = NODE1
qcost : 7




=== Prime Orbit 109 =====================
size : 2
num_suborbits: 1
453 (*) : --1-0--0-----0------------
453     : ['ep_epoch2(node0)', '~ep_epoch0(node1)', '~ep_epoch3(node1)', '~locked_epoch1(node1)']
454     : 0--0--1-----0-------------
454     : ['ep_epoch2(node1)', '~ep_epoch0(node0)', '~ep_epoch3(node0)', '~locked_epoch1(node0)']
num_forall :   2
num_exists :   0
num_literals : 5
quantified form : forall NODE1,NODE0. ~ep_epoch2(NODE0) | ep_epoch0(NODE1) | ep_epoch3(NODE1) | locked_epoch1(NODE1) | NODE0 = NODE1
qcost : 7




=== Prime Orbit 110 =====================
size : 2
num_suborbits: 1
463 (*) : --1-0----0---0------------
463     : ['ep_epoch2(node0)', '~ep_epoch0(node1)', '~held(node1)', '~locked_epoch1(node1)']
464     : 0-----1-0---0-------------
464     : ['ep_epoch2(node1)', '~ep_epoch0(node0)', '~held(node0)', '~locked_epoch1(node0)']
num_forall :   2
num_exists :   0
num_literals : 5
quantified form : forall NODE1,NODE0. held(NODE1) | ~ep_epoch2(NODE0) | ep_epoch0(NODE1) | locked_epoch1(NODE1) | NODE0 = NODE1
qcost : 7




=== Prime Orbit 111 =====================
size : 2
num_suborbits: 1
439 (*) : --1-0--------0---0--------
439     : ['ep_epoch2(node0)', '~ep_epoch0(node1)', '~locked_epoch1(node1)', '~locked_epoch3(node1)']
440     : 0-----1-----0---0---------
440     : ['ep_epoch2(node1)', '~ep_epoch0(node0)', '~locked_epoch1(node0)', '~locked_epoch3(node0)']
num_forall :   2
num_exists :   0
num_literals : 5
quantified form : forall NODE1,NODE0. ~ep_epoch2(NODE0) | ep_epoch0(NODE1) | locked_epoch3(NODE1) | locked_epoch1(NODE1) | NODE0 = NODE1
qcost : 7




=== Prime Orbit 112 =====================
size : 2
num_suborbits: 1
451 (*) : --1--0-0----0-------------
451     : ['ep_epoch2(node0)', '~ep_epoch1(node1)', '~ep_epoch3(node1)', '~locked_epoch1(node0)']
452     : -0-0--1------0------------
452     : ['ep_epoch2(node1)', '~ep_epoch1(node0)', '~ep_epoch3(node0)', '~locked_epoch1(node1)']
num_forall :   2
num_exists :   0
num_literals : 5
quantified form : forall NODE1,NODE0. ~ep_epoch2(NODE0) | ep_epoch1(NODE1) | ep_epoch3(NODE1) | locked_epoch1(NODE0) | NODE0 = NODE1
qcost : 7




=== Prime Orbit 113 =====================
size : 2
num_suborbits: 1
465 (*) : --1--0---0--0-------------
465     : ['ep_epoch2(node0)', '~ep_epoch1(node1)', '~held(node1)', '~locked_epoch1(node0)']
466     : -0----1-0----0------------
466     : ['ep_epoch2(node1)', '~ep_epoch1(node0)', '~held(node0)', '~locked_epoch1(node1)']
num_forall :   2
num_exists :   0
num_literals : 5
quantified form : forall NODE1,NODE0. held(NODE1) | ~ep_epoch2(NODE0) | ep_epoch1(NODE1) | locked_epoch1(NODE0) | NODE0 = NODE1
qcost : 7




=== Prime Orbit 114 =====================
size : 2
num_suborbits: 1
443 (*) : --1--0------0----0--------
443     : ['ep_epoch2(node0)', '~ep_epoch1(node1)', '~locked_epoch1(node0)', '~locked_epoch3(node1)']
444     : -0----1------0--0---------
444     : ['ep_epoch2(node1)', '~ep_epoch1(node0)', '~locked_epoch1(node1)', '~locked_epoch3(node0)']
num_forall :   2
num_exists :   0
num_literals : 5
quantified form : forall NODE1,NODE0. ~ep_epoch2(NODE0) | ep_epoch1(NODE1) | locked_epoch3(NODE1) | locked_epoch1(NODE0) | NODE0 = NODE1
qcost : 7




=== Prime Orbit 115 =====================
size : 2
num_suborbits: 1
404 (*) : ---10-------1-1-----------
404     : ['ep_epoch3(node0)', 'locked_epoch1(node0)', 'locked_epoch2(node0)', '~ep_epoch0(node1)']
403     : 0------1-----1-1----------
403     : ['ep_epoch3(node1)', 'locked_epoch1(node1)', 'locked_epoch2(node1)', '~ep_epoch0(node0)']
num_forall :   2
num_exists :   0
num_literals : 5
quantified form : forall NODE1,NODE0. ~locked_epoch2(NODE0) | ~locked_epoch1(NODE0) | ep_epoch0(NODE1) | ~ep_epoch3(NODE0) | NODE0 = NODE1
qcost : 7




=== Prime Orbit 116 =====================
size : 2
num_suborbits: 1
380 (*) : ---10-0-----1-------------
380     : ['ep_epoch3(node0)', 'locked_epoch1(node0)', '~ep_epoch0(node1)', '~ep_epoch2(node1)']
379     : 0-0----1-----1------------
379     : ['ep_epoch3(node1)', 'locked_epoch1(node1)', '~ep_epoch0(node0)', '~ep_epoch2(node0)']
num_forall :   2
num_exists :   0
num_literals : 5
quantified form : forall NODE1,NODE0. ep_epoch2(NODE1) | ~locked_epoch1(NODE0) | ep_epoch0(NODE1) | ~ep_epoch3(NODE0) | NODE0 = NODE1
qcost : 7




=== Prime Orbit 117 =====================
size : 2
num_suborbits: 1
382 (*) : ---10-------1--0----------
382     : ['ep_epoch3(node0)', 'locked_epoch1(node0)', '~ep_epoch0(node1)', '~locked_epoch2(node1)']
381     : 0------1-----10-----------
381     : ['ep_epoch3(node1)', 'locked_epoch1(node1)', '~ep_epoch0(node0)', '~locked_epoch2(node0)']
num_forall :   2
num_exists :   0
num_literals : 5
quantified form : forall NODE1,NODE0. ~locked_epoch1(NODE0) | ep_epoch0(NODE1) | ~ep_epoch3(NODE0) | locked_epoch2(NODE1) | NODE0 = NODE1
qcost : 7




=== Prime Orbit 118 =====================
size : 2
num_suborbits: 1
232 (*) : ---1-0-------11-----------
232     : ['ep_epoch3(node0)', 'locked_epoch1(node1)', 'locked_epoch2(node0)', '~ep_epoch1(node1)']
231     : -0-----1----1--1----------
231     : ['ep_epoch3(node1)', 'locked_epoch1(node0)', 'locked_epoch2(node1)', '~ep_epoch1(node0)']
num_forall :   2
num_exists :   0
num_literals : 5
quantified form : forall NODE1,NODE0. ~locked_epoch2(NODE0) | ~locked_epoch1(NODE1) | ep_epoch1(NODE1) | ~ep_epoch3(NODE0) | NODE0 = NODE1
qcost : 7




=== Prime Orbit 119 =====================
size : 2
num_suborbits: 1
246 (*) : ---1-00------1------------
246     : ['ep_epoch3(node0)', 'locked_epoch1(node1)', '~ep_epoch1(node1)', '~ep_epoch2(node1)']
245     : -00----1----1-------------
245     : ['ep_epoch3(node1)', 'locked_epoch1(node0)', '~ep_epoch1(node0)', '~ep_epoch2(node0)']
num_forall :   2
num_exists :   0
num_literals : 5
quantified form : forall NODE1,NODE0. ep_epoch2(NODE1) | ~locked_epoch1(NODE1) | ep_epoch1(NODE1) | ~ep_epoch3(NODE0) | NODE0 = NODE1
qcost : 7




=== Prime Orbit 120 =====================
size : 2
num_suborbits: 1
244 (*) : ---1-0-------1-0----------
244     : ['ep_epoch3(node0)', 'locked_epoch1(node1)', '~ep_epoch1(node1)', '~locked_epoch2(node1)']
243     : -0-----1----1-0-----------
243     : ['ep_epoch3(node1)', 'locked_epoch1(node0)', '~ep_epoch1(node0)', '~locked_epoch2(node0)']
num_forall :   2
num_exists :   0
num_literals : 5
quantified form : forall NODE1,NODE0. ~locked_epoch1(NODE1) | ep_epoch1(NODE1) | ~ep_epoch3(NODE0) | locked_epoch2(NODE1) | NODE0 = NODE1
qcost : 7




=== Prime Orbit 121 =====================
size : 2
num_suborbits: 1
218 (*) : ---100--------1-----------
218     : ['ep_epoch3(node0)', 'locked_epoch2(node0)', '~ep_epoch0(node1)', '~ep_epoch1(node1)']
217     : 00-----1-------1----------
217     : ['ep_epoch3(node1)', 'locked_epoch2(node1)', '~ep_epoch0(node0)', '~ep_epoch1(node0)']
num_forall :   2
num_exists :   0
num_literals : 5
quantified form : forall NODE1,NODE0. ep_epoch1(NODE1) | ~locked_epoch2(NODE0) | ep_epoch0(NODE1) | ~ep_epoch3(NODE0) | NODE0 = NODE1
qcost : 7




=== Prime Orbit 122 =====================
size : 2
num_suborbits: 1
406 (*) : ---10--------01-----------
406     : ['ep_epoch3(node0)', 'locked_epoch2(node0)', '~ep_epoch0(node1)', '~locked_epoch1(node1)']
405     : 0------1----0--1----------
405     : ['ep_epoch3(node1)', 'locked_epoch2(node1)', '~ep_epoch0(node0)', '~locked_epoch1(node0)']
num_forall :   2
num_exists :   0
num_literals : 5
quantified form : forall NODE1,NODE0. ~locked_epoch2(NODE0) | ep_epoch0(NODE1) | ~ep_epoch3(NODE0) | locked_epoch1(NODE1) | NODE0 = NODE1
qcost : 7




=== Prime Orbit 123 =====================
size : 2
num_suborbits: 1
242 (*) : ---1-0------0-1-----------
242     : ['ep_epoch3(node0)', 'locked_epoch2(node0)', '~ep_epoch1(node1)', '~locked_epoch1(node0)']
241     : -0-----1-----0-1----------
241     : ['ep_epoch3(node1)', 'locked_epoch2(node1)', '~ep_epoch1(node0)', '~locked_epoch1(node1)']
num_forall :   2
num_exists :   0
num_literals : 5
quantified form : forall NODE1,NODE0. locked_epoch1(NODE0) | ~locked_epoch2(NODE0) | ep_epoch1(NODE1) | ~ep_epoch3(NODE0) | NODE0 = NODE1
qcost : 7




=== Prime Orbit 124 =====================
size : 2
num_suborbits: 1
206 (*) : ---1000-------------------
206     : ['ep_epoch3(node0)', '~ep_epoch0(node1)', '~ep_epoch1(node1)', '~ep_epoch2(node1)']
205     : 000----1------------------
205     : ['ep_epoch3(node1)', '~ep_epoch0(node0)', '~ep_epoch1(node0)', '~ep_epoch2(node0)']
num_forall :   2
num_exists :   0
num_literals : 5
quantified form : forall NODE1,NODE0. ep_epoch1(NODE1) | ep_epoch0(NODE1) | ~ep_epoch3(NODE0) | ep_epoch2(NODE1) | NODE0 = NODE1
qcost : 7




=== Prime Orbit 125 =====================
size : 2
num_suborbits: 1
204 (*) : ---100---------0----------
204     : ['ep_epoch3(node0)', '~ep_epoch0(node1)', '~ep_epoch1(node1)', '~locked_epoch2(node1)']
203     : 00-----1------0-----------
203     : ['ep_epoch3(node1)', '~ep_epoch0(node0)', '~ep_epoch1(node0)', '~locked_epoch2(node0)']
num_forall :   2
num_exists :   0
num_literals : 5
quantified form : forall NODE1,NODE0. ep_epoch1(NODE1) | ep_epoch0(NODE1) | ~ep_epoch3(NODE0) | locked_epoch2(NODE1) | NODE0 = NODE1
qcost : 7




=== Prime Orbit 126 =====================
size : 2
num_suborbits: 1
378 (*) : ---10-0------0------------
378     : ['ep_epoch3(node0)', '~ep_epoch0(node1)', '~ep_epoch2(node1)', '~locked_epoch1(node1)']
377     : 0-0----1----0-------------
377     : ['ep_epoch3(node1)', '~ep_epoch0(node0)', '~ep_epoch2(node0)', '~locked_epoch1(node0)']
num_forall :   2
num_exists :   0
num_literals : 5
quantified form : forall NODE1,NODE0. ep_epoch2(NODE1) | ep_epoch0(NODE1) | ~ep_epoch3(NODE0) | locked_epoch1(NODE1) | NODE0 = NODE1
qcost : 7




=== Prime Orbit 127 =====================
size : 2
num_suborbits: 1
376 (*) : ---10--------0-0----------
376     : ['ep_epoch3(node0)', '~ep_epoch0(node1)', '~locked_epoch1(node1)', '~locked_epoch2(node1)']
375     : 0------1----0-0-----------
375     : ['ep_epoch3(node1)', '~ep_epoch0(node0)', '~locked_epoch1(node0)', '~locked_epoch2(node0)']
num_forall :   2
num_exists :   0
num_literals : 5
quantified form : forall NODE1,NODE0. locked_epoch2(NODE1) | ep_epoch0(NODE1) | ~ep_epoch3(NODE0) | locked_epoch1(NODE1) | NODE0 = NODE1
qcost : 7




=== Prime Orbit 128 =====================
size : 2
num_suborbits: 1
250 (*) : ---1-00-----0-------------
250     : ['ep_epoch3(node0)', '~ep_epoch1(node1)', '~ep_epoch2(node1)', '~locked_epoch1(node0)']
249     : -00----1-----0------------
249     : ['ep_epoch3(node1)', '~ep_epoch1(node0)', '~ep_epoch2(node0)', '~locked_epoch1(node1)']
num_forall :   2
num_exists :   0
num_literals : 5
quantified form : forall NODE1,NODE0. ep_epoch2(NODE1) | ep_epoch1(NODE1) | locked_epoch1(NODE0) | ~ep_epoch3(NODE0) | NODE0 = NODE1
qcost : 7




=== Prime Orbit 129 =====================
size : 2
num_suborbits: 1
248 (*) : ---1-0------0--0----------
248     : ['ep_epoch3(node0)', '~ep_epoch1(node1)', '~locked_epoch1(node0)', '~locked_epoch2(node1)']
247     : -0-----1-----00-----------
247     : ['ep_epoch3(node1)', '~ep_epoch1(node0)', '~locked_epoch1(node1)', '~locked_epoch2(node0)']
num_forall :   2
num_exists :   0
num_literals : 5
quantified form : forall NODE1,NODE0. locked_epoch1(NODE0) | ep_epoch1(NODE1) | ~ep_epoch3(NODE0) | locked_epoch2(NODE1) | NODE0 = NODE1
qcost : 7




=== Prime Orbit 130 =====================
size : 2
num_suborbits: 1
398 (*) : ----0---1---1-1-----------
398     : ['held(node0)', 'locked_epoch1(node0)', 'locked_epoch2(node0)', '~ep_epoch0(node1)']
397     : 0--------1---1-1----------
397     : ['held(node1)', 'locked_epoch1(node1)', 'locked_epoch2(node1)', '~ep_epoch0(node0)']
num_forall :   2
num_exists :   0
num_literals : 5
quantified form : forall NODE1,NODE0. ~locked_epoch2(NODE0) | ~locked_epoch1(NODE0) | ep_epoch0(NODE1) | ~held(NODE0) | NODE0 = NODE1
qcost : 7




=== Prime Orbit 131 =====================
size : 2
num_suborbits: 1
322 (*) : ----0-0-1---1-------------
322     : ['held(node0)', 'locked_epoch1(node0)', '~ep_epoch0(node1)', '~ep_epoch2(node1)']
321     : 0-0------1---1------------
321     : ['held(node1)', 'locked_epoch1(node1)', '~ep_epoch0(node0)', '~ep_epoch2(node0)']
num_forall :   2
num_exists :   0
num_literals : 5
quantified form : forall NODE1,NODE0. ep_epoch2(NODE1) | ~locked_epoch1(NODE0) | ep_epoch0(NODE1) | ~held(NODE0) | NODE0 = NODE1
qcost : 7




=== Prime Orbit 132 =====================
size : 2
num_suborbits: 1
336 (*) : ---00---1---1-------------
336     : ['held(node0)', 'locked_epoch1(node0)', '~ep_epoch0(node1)', '~ep_epoch3(node0)']
335     : 0------0-1---1------------
335     : ['held(node1)', 'locked_epoch1(node1)', '~ep_epoch0(node0)', '~ep_epoch3(node1)']
num_forall :   2
num_exists :   0
num_literals : 5
quantified form : forall NODE1,NODE0. ~locked_epoch1(NODE0) | ep_epoch3(NODE0) | ep_epoch0(NODE1) | ~held(NODE0) | NODE0 = NODE1
qcost : 7




=== Prime Orbit 133 =====================
size : 2
num_suborbits: 1
324 (*) : ----0---1---1--0----------
324     : ['held(node0)', 'locked_epoch1(node0)', '~ep_epoch0(node1)', '~locked_epoch2(node1)']
323     : 0--------1---10-----------
323     : ['held(node1)', 'locked_epoch1(node1)', '~ep_epoch0(node0)', '~locked_epoch2(node0)']
num_forall :   2
num_exists :   0
num_literals : 5
quantified form : forall NODE1,NODE0. ~locked_epoch1(NODE0) | ep_epoch0(NODE1) | locked_epoch2(NODE1) | ~held(NODE0) | NODE0 = NODE1
qcost : 7




=== Prime Orbit 134 =====================
size : 2
num_suborbits: 1
320 (*) : ----0---1---1---0---------
320     : ['held(node0)', 'locked_epoch1(node0)', '~ep_epoch0(node1)', '~locked_epoch3(node0)']
319     : 0--------1---1---0--------
319     : ['held(node1)', 'locked_epoch1(node1)', '~ep_epoch0(node0)', '~locked_epoch3(node1)']
num_forall :   2
num_exists :   0
num_literals : 5
quantified form : forall NODE1,NODE0. ~locked_epoch1(NODE0) | locked_epoch3(NODE0) | ep_epoch0(NODE1) | ~held(NODE0) | NODE0 = NODE1
qcost : 7




=== Prime Orbit 135 =====================
size : 2
num_suborbits: 1
230 (*) : -----0--1----11-----------
230     : ['held(node0)', 'locked_epoch1(node1)', 'locked_epoch2(node0)', '~ep_epoch1(node1)']
229     : -0-------1--1--1----------
229     : ['held(node1)', 'locked_epoch1(node0)', 'locked_epoch2(node1)', '~ep_epoch1(node0)']
num_forall :   2
num_exists :   0
num_literals : 5
quantified form : forall NODE1,NODE0. ~locked_epoch2(NODE0) | ~locked_epoch1(NODE1) | ep_epoch1(NODE1) | ~held(NODE0) | NODE0 = NODE1
qcost : 7




=== Prime Orbit 136 =====================
size : 2
num_suborbits: 1
260 (*) : -----00-1----1------------
260     : ['held(node0)', 'locked_epoch1(node1)', '~ep_epoch1(node1)', '~ep_epoch2(node1)']
259     : -00------1--1-------------
259     : ['held(node1)', 'locked_epoch1(node0)', '~ep_epoch1(node0)', '~ep_epoch2(node0)']
num_forall :   2
num_exists :   0
num_literals : 5
quantified form : forall NODE1,NODE0. ep_epoch2(NODE1) | ~locked_epoch1(NODE1) | ep_epoch1(NODE1) | ~held(NODE0) | NODE0 = NODE1
qcost : 7




=== Prime Orbit 137 =====================
size : 2
num_suborbits: 1
264 (*) : ---0-0--1----1------------
264     : ['held(node0)', 'locked_epoch1(node1)', '~ep_epoch1(node1)', '~ep_epoch3(node0)']
263     : -0-----0-1--1-------------
263     : ['held(node1)', 'locked_epoch1(node0)', '~ep_epoch1(node0)', '~ep_epoch3(node1)']
num_forall :   2
num_exists :   0
num_literals : 5
quantified form : forall NODE1,NODE0. ~locked_epoch1(NODE1) | ep_epoch3(NODE0) | ep_epoch1(NODE1) | ~held(NODE0) | NODE0 = NODE1
qcost : 7




=== Prime Orbit 138 =====================
size : 2
num_suborbits: 1
262 (*) : -----0--1----1-0----------
262     : ['held(node0)', 'locked_epoch1(node1)', '~ep_epoch1(node1)', '~locked_epoch2(node1)']
261     : -0-------1--1-0-----------
261     : ['held(node1)', 'locked_epoch1(node0)', '~ep_epoch1(node0)', '~locked_epoch2(node0)']
num_forall :   2
num_exists :   0
num_literals : 5
quantified form : forall NODE1,NODE0. ~locked_epoch1(NODE1) | ep_epoch1(NODE1) | locked_epoch2(NODE1) | ~held(NODE0) | NODE0 = NODE1
qcost : 7




=== Prime Orbit 139 =====================
size : 2
num_suborbits: 1
282 (*) : -----0--1----1--0---------
282     : ['held(node0)', 'locked_epoch1(node1)', '~ep_epoch1(node1)', '~locked_epoch3(node0)']
281     : -0-------1--1----0--------
281     : ['held(node1)', 'locked_epoch1(node0)', '~ep_epoch1(node0)', '~locked_epoch3(node1)']
num_forall :   2
num_exists :   0
num_literals : 5
quantified form : forall NODE1,NODE0. locked_epoch3(NODE0) | ~locked_epoch1(NODE1) | ep_epoch1(NODE1) | ~held(NODE0) | NODE0 = NODE1
qcost : 7




=== Prime Orbit 140 =====================
size : 2
num_suborbits: 1
308 (*) : --00----1----1------------
308     : ['held(node0)', 'locked_epoch1(node1)', '~ep_epoch2(node0)', '~ep_epoch3(node0)']
307     : ------00-1--1-------------
307     : ['held(node1)', 'locked_epoch1(node0)', '~ep_epoch2(node1)', '~ep_epoch3(node1)']
num_forall :   2
num_exists :   0
num_literals : 5
quantified form : forall NODE1,NODE0. ep_epoch2(NODE0) | ~locked_epoch1(NODE1) | ep_epoch3(NODE0) | ~held(NODE0) | NODE0 = NODE1
qcost : 7




=== Prime Orbit 141 =====================
size : 2
num_suborbits: 1
306 (*) : --0-----1----1--0---------
306     : ['held(node0)', 'locked_epoch1(node1)', '~ep_epoch2(node0)', '~locked_epoch3(node0)']
305     : ------0--1--1----0--------
305     : ['held(node1)', 'locked_epoch1(node0)', '~ep_epoch2(node1)', '~locked_epoch3(node1)']
num_forall :   2
num_exists :   0
num_literals : 5
quantified form : forall NODE1,NODE0. ep_epoch2(NODE0) | locked_epoch3(NODE0) | ~locked_epoch1(NODE1) | ~held(NODE0) | NODE0 = NODE1
qcost : 7




=== Prime Orbit 142 =====================
size : 2
num_suborbits: 1
310 (*) : ---0----1----10-----------
310     : ['held(node0)', 'locked_epoch1(node1)', '~ep_epoch3(node0)', '~locked_epoch2(node0)']
309     : -------0-1--1--0----------
309     : ['held(node1)', 'locked_epoch1(node0)', '~ep_epoch3(node1)', '~locked_epoch2(node1)']
num_forall :   2
num_exists :   0
num_literals : 5
quantified form : forall NODE1,NODE0. ~locked_epoch1(NODE1) | ep_epoch3(NODE0) | locked_epoch2(NODE0) | ~held(NODE0) | NODE0 = NODE1
qcost : 7




=== Prime Orbit 143 =====================
size : 2
num_suborbits: 1
304 (*) : --------1----10-0---------
304     : ['held(node0)', 'locked_epoch1(node1)', '~locked_epoch2(node0)', '~locked_epoch3(node0)']
303     : ---------1--1--0-0--------
303     : ['held(node1)', 'locked_epoch1(node0)', '~locked_epoch2(node1)', '~locked_epoch3(node1)']
num_forall :   2
num_exists :   0
num_literals : 5
quantified form : forall NODE1,NODE0. locked_epoch3(NODE0) | ~locked_epoch1(NODE1) | locked_epoch2(NODE0) | ~held(NODE0) | NODE0 = NODE1
qcost : 7




=== Prime Orbit 144 =====================
size : 2
num_suborbits: 1
216 (*) : ----00--1-----1-----------
216     : ['held(node0)', 'locked_epoch2(node0)', '~ep_epoch0(node1)', '~ep_epoch1(node1)']
215     : 00-------1-----1----------
215     : ['held(node1)', 'locked_epoch2(node1)', '~ep_epoch0(node0)', '~ep_epoch1(node0)']
num_forall :   2
num_exists :   0
num_literals : 5
quantified form : forall NODE1,NODE0. ep_epoch1(NODE1) | ep_epoch0(NODE1) | ~locked_epoch2(NODE0) | ~held(NODE0) | NODE0 = NODE1
qcost : 7




=== Prime Orbit 145 =====================
size : 2
num_suborbits: 1
396 (*) : ----0---1----01-----------
396     : ['held(node0)', 'locked_epoch2(node0)', '~ep_epoch0(node1)', '~locked_epoch1(node1)']
395     : 0--------1--0--1----------
395     : ['held(node1)', 'locked_epoch2(node1)', '~ep_epoch0(node0)', '~locked_epoch1(node0)']
num_forall :   2
num_exists :   0
num_literals : 5
quantified form : forall NODE1,NODE0. ~locked_epoch2(NODE0) | locked_epoch1(NODE1) | ep_epoch0(NODE1) | ~held(NODE0) | NODE0 = NODE1
qcost : 7




=== Prime Orbit 146 =====================
size : 2
num_suborbits: 1
240 (*) : -----0--1---0-1-----------
240     : ['held(node0)', 'locked_epoch2(node0)', '~ep_epoch1(node1)', '~locked_epoch1(node0)']
239     : -0-------1---0-1----------
239     : ['held(node1)', 'locked_epoch2(node1)', '~ep_epoch1(node0)', '~locked_epoch1(node1)']
num_forall :   2
num_exists :   0
num_literals : 5
quantified form : forall NODE1,NODE0. ~locked_epoch2(NODE0) | ep_epoch1(NODE1) | locked_epoch1(NODE0) | ~held(NODE0) | NODE0 = NODE1
qcost : 7




=== Prime Orbit 147 =====================
size : 2
num_suborbits: 1
202 (*) : ----000-1-----------------
202     : ['held(node0)', '~ep_epoch0(node1)', '~ep_epoch1(node1)', '~ep_epoch2(node1)']
201     : 000------1----------------
201     : ['held(node1)', '~ep_epoch0(node0)', '~ep_epoch1(node0)', '~ep_epoch2(node0)']
num_forall :   2
num_exists :   0
num_literals : 5
quantified form : forall NODE1,NODE0. ep_epoch1(NODE1) | ep_epoch0(NODE1) | ~held(NODE0) | ep_epoch2(NODE1) | NODE0 = NODE1
qcost : 7




=== Prime Orbit 148 =====================
size : 2
num_suborbits: 1
198 (*) : ---000--1-----------------
198     : ['held(node0)', '~ep_epoch0(node1)', '~ep_epoch1(node1)', '~ep_epoch3(node0)']
197     : 00-----0-1----------------
197     : ['held(node1)', '~ep_epoch0(node0)', '~ep_epoch1(node0)', '~ep_epoch3(node1)']
num_forall :   2
num_exists :   0
num_literals : 5
quantified form : forall NODE1,NODE0. ep_epoch1(NODE1) | ep_epoch3(NODE0) | ep_epoch0(NODE1) | ~held(NODE0) | NODE0 = NODE1
qcost : 7




=== Prime Orbit 149 =====================
size : 2
num_suborbits: 1
200 (*) : ----00--1------0----------
200     : ['held(node0)', '~ep_epoch0(node1)', '~ep_epoch1(node1)', '~locked_epoch2(node1)']
199     : 00-------1----0-----------
199     : ['held(node1)', '~ep_epoch0(node0)', '~ep_epoch1(node0)', '~locked_epoch2(node0)']
num_forall :   2
num_exists :   0
num_literals : 5
quantified form : forall NODE1,NODE0. ep_epoch1(NODE1) | ep_epoch0(NODE1) | locked_epoch2(NODE1) | ~held(NODE0) | NODE0 = NODE1
qcost : 7




=== Prime Orbit 150 =====================
size : 2
num_suborbits: 1
196 (*) : ----00--1-------0---------
196     : ['held(node0)', '~ep_epoch0(node1)', '~ep_epoch1(node1)', '~locked_epoch3(node0)']
195     : 00-------1-------0--------
195     : ['held(node1)', '~ep_epoch0(node0)', '~ep_epoch1(node0)', '~locked_epoch3(node1)']
num_forall :   2
num_exists :   0
num_literals : 5
quantified form : forall NODE1,NODE0. ep_epoch1(NODE1) | locked_epoch3(NODE0) | ep_epoch0(NODE1) | ~held(NODE0) | NODE0 = NODE1
qcost : 7




=== Prime Orbit 151 =====================
size : 2
num_suborbits: 1
340 (*) : --000---1-----------------
340     : ['held(node0)', '~ep_epoch0(node1)', '~ep_epoch2(node0)', '~ep_epoch3(node0)']
339     : 0-----00-1----------------
339     : ['held(node1)', '~ep_epoch0(node0)', '~ep_epoch2(node1)', '~ep_epoch3(node1)']
num_forall :   2
num_exists :   0
num_literals : 5
quantified form : forall NODE1,NODE0. ep_epoch2(NODE0) | ep_epoch3(NODE0) | ep_epoch0(NODE1) | ~held(NODE0) | NODE0 = NODE1
qcost : 7




=== Prime Orbit 152 =====================
size : 2
num_suborbits: 1
332 (*) : --0-0---1-------0---------
332     : ['held(node0)', '~ep_epoch0(node1)', '~ep_epoch2(node0)', '~locked_epoch3(node0)']
331     : 0-----0--1-------0--------
331     : ['held(node1)', '~ep_epoch0(node0)', '~ep_epoch2(node1)', '~locked_epoch3(node1)']
num_forall :   2
num_exists :   0
num_literals : 5
quantified form : forall NODE1,NODE0. ep_epoch2(NODE0) | locked_epoch3(NODE0) | ep_epoch0(NODE1) | ~held(NODE0) | NODE0 = NODE1
qcost : 7




=== Prime Orbit 153 =====================
size : 2
num_suborbits: 1
326 (*) : ----0-0-1----0------------
326     : ['held(node0)', '~ep_epoch0(node1)', '~ep_epoch2(node1)', '~locked_epoch1(node1)']
325     : 0-0------1--0-------------
325     : ['held(node1)', '~ep_epoch0(node0)', '~ep_epoch2(node0)', '~locked_epoch1(node0)']
num_forall :   2
num_exists :   0
num_literals : 5
quantified form : forall NODE1,NODE0. ep_epoch2(NODE1) | locked_epoch1(NODE1) | ep_epoch0(NODE1) | ~held(NODE0) | NODE0 = NODE1
qcost : 7




=== Prime Orbit 154 =====================
size : 2
num_suborbits: 1
338 (*) : ---00---1----0------------
338     : ['held(node0)', '~ep_epoch0(node1)', '~ep_epoch3(node0)', '~locked_epoch1(node1)']
337     : 0------0-1--0-------------
337     : ['held(node1)', '~ep_epoch0(node0)', '~ep_epoch3(node1)', '~locked_epoch1(node0)']
num_forall :   2
num_exists :   0
num_literals : 5
quantified form : forall NODE1,NODE0. locked_epoch1(NODE1) | ep_epoch3(NODE0) | ep_epoch0(NODE1) | ~held(NODE0) | NODE0 = NODE1
qcost : 7




=== Prime Orbit 155 =====================
size : 2
num_suborbits: 1
342 (*) : ---00---1-----0-----------
342     : ['held(node0)', '~ep_epoch0(node1)', '~ep_epoch3(node0)', '~locked_epoch2(node0)']
341     : 0------0-1-----0----------
341     : ['held(node1)', '~ep_epoch0(node0)', '~ep_epoch3(node1)', '~locked_epoch2(node1)']
num_forall :   2
num_exists :   0
num_literals : 5
quantified form : forall NODE1,NODE0. ep_epoch3(NODE0) | ep_epoch0(NODE1) | locked_epoch2(NODE0) | ~held(NODE0) | NODE0 = NODE1
qcost : 7




=== Prime Orbit 156 =====================
size : 2
num_suborbits: 1
328 (*) : ----0---1----0-0----------
328     : ['held(node0)', '~ep_epoch0(node1)', '~locked_epoch1(node1)', '~locked_epoch2(node1)']
327     : 0--------1--0-0-----------
327     : ['held(node1)', '~ep_epoch0(node0)', '~locked_epoch1(node0)', '~locked_epoch2(node0)']
num_forall :   2
num_exists :   0
num_literals : 5
quantified form : forall NODE1,NODE0. locked_epoch1(NODE1) | ep_epoch0(NODE1) | locked_epoch2(NODE1) | ~held(NODE0) | NODE0 = NODE1
qcost : 7




=== Prime Orbit 157 =====================
size : 2
num_suborbits: 1
330 (*) : ----0---1----0--0---------
330     : ['held(node0)', '~ep_epoch0(node1)', '~locked_epoch1(node1)', '~locked_epoch3(node0)']
329     : 0--------1--0----0--------
329     : ['held(node1)', '~ep_epoch0(node0)', '~locked_epoch1(node0)', '~locked_epoch3(node1)']
num_forall :   2
num_exists :   0
num_literals : 5
quantified form : forall NODE1,NODE0. locked_epoch1(NODE1) | locked_epoch3(NODE0) | ep_epoch0(NODE1) | ~held(NODE0) | NODE0 = NODE1
qcost : 7




=== Prime Orbit 158 =====================
size : 2
num_suborbits: 1
334 (*) : ----0---1-----0-0---------
334     : ['held(node0)', '~ep_epoch0(node1)', '~locked_epoch2(node0)', '~locked_epoch3(node0)']
333     : 0--------1-----0-0--------
333     : ['held(node1)', '~ep_epoch0(node0)', '~locked_epoch2(node1)', '~locked_epoch3(node1)']
num_forall :   2
num_exists :   0
num_literals : 5
quantified form : forall NODE1,NODE0. locked_epoch3(NODE0) | ep_epoch0(NODE1) | locked_epoch2(NODE0) | ~held(NODE0) | NODE0 = NODE1
qcost : 7




=== Prime Orbit 159 =====================
size : 2
num_suborbits: 1
298 (*) : -000----1-----------------
298     : ['held(node0)', '~ep_epoch1(node0)', '~ep_epoch2(node0)', '~ep_epoch3(node0)']
297     : -----000-1----------------
297     : ['held(node1)', '~ep_epoch1(node1)', '~ep_epoch2(node1)', '~ep_epoch3(node1)']
num_forall :   1
num_exists :   0
num_literals : 4
quantified form : forall NODE0. ep_epoch2(NODE0) | ep_epoch1(NODE0) | ep_epoch3(NODE0) | ~held(NODE0)
qcost : 5




=== Prime Orbit 160 =====================
size : 2
num_suborbits: 1
296 (*) : -00-----1-------0---------
296     : ['held(node0)', '~ep_epoch1(node0)', '~ep_epoch2(node0)', '~locked_epoch3(node0)']
295     : -----00--1-------0--------
295     : ['held(node1)', '~ep_epoch1(node1)', '~ep_epoch2(node1)', '~locked_epoch3(node1)']
num_forall :   1
num_exists :   0
num_literals : 4
quantified form : forall NODE0. ep_epoch2(NODE0) | ep_epoch1(NODE0) | locked_epoch3(NODE0) | ~held(NODE0)
qcost : 5




=== Prime Orbit 161 =====================
size : 2
num_suborbits: 1
302 (*) : -0-0----1-----0-----------
302     : ['held(node0)', '~ep_epoch1(node0)', '~ep_epoch3(node0)', '~locked_epoch2(node0)']
301     : -----0-0-1-----0----------
301     : ['held(node1)', '~ep_epoch1(node1)', '~ep_epoch3(node1)', '~locked_epoch2(node1)']
num_forall :   1
num_exists :   0
num_literals : 4
quantified form : forall NODE0. ep_epoch1(NODE0) | ep_epoch3(NODE0) | locked_epoch2(NODE0) | ~held(NODE0)
qcost : 5




=== Prime Orbit 162 =====================
size : 2
num_suborbits: 1
300 (*) : -0------1-----0-0---------
300     : ['held(node0)', '~ep_epoch1(node0)', '~locked_epoch2(node0)', '~locked_epoch3(node0)']
299     : -----0---1-----0-0--------
299     : ['held(node1)', '~ep_epoch1(node1)', '~locked_epoch2(node1)', '~locked_epoch3(node1)']
num_forall :   1
num_exists :   0
num_literals : 4
quantified form : forall NODE0. ep_epoch1(NODE0) | locked_epoch3(NODE0) | locked_epoch2(NODE0) | ~held(NODE0)
qcost : 5




=== Prime Orbit 163 =====================
size : 2
num_suborbits: 1
280 (*) : -----00-1---0-------------
280     : ['held(node0)', '~ep_epoch1(node1)', '~ep_epoch2(node1)', '~locked_epoch1(node0)']
279     : -00------1---0------------
279     : ['held(node1)', '~ep_epoch1(node0)', '~ep_epoch2(node0)', '~locked_epoch1(node1)']
num_forall :   2
num_exists :   0
num_literals : 5
quantified form : forall NODE1,NODE0. ep_epoch2(NODE1) | ep_epoch1(NODE1) | locked_epoch1(NODE0) | ~held(NODE0) | NODE0 = NODE1
qcost : 7




=== Prime Orbit 164 =====================
size : 2
num_suborbits: 1
266 (*) : ---0-0--1---0-------------
266     : ['held(node0)', '~ep_epoch1(node1)', '~ep_epoch3(node0)', '~locked_epoch1(node0)']
265     : -0-----0-1---0------------
265     : ['held(node1)', '~ep_epoch1(node0)', '~ep_epoch3(node1)', '~locked_epoch1(node1)']
num_forall :   2
num_exists :   0
num_literals : 5
quantified form : forall NODE1,NODE0. ep_epoch3(NODE0) | ep_epoch1(NODE1) | locked_epoch1(NODE0) | ~held(NODE0) | NODE0 = NODE1
qcost : 7




=== Prime Orbit 165 =====================
size : 2
num_suborbits: 1
276 (*) : -----0--1---0--0----------
276     : ['held(node0)', '~ep_epoch1(node1)', '~locked_epoch1(node0)', '~locked_epoch2(node1)']
275     : -0-------1---00-----------
275     : ['held(node1)', '~ep_epoch1(node0)', '~locked_epoch1(node1)', '~locked_epoch2(node0)']
num_forall :   2
num_exists :   0
num_literals : 5
quantified form : forall NODE1,NODE0. locked_epoch2(NODE1) | ep_epoch1(NODE1) | locked_epoch1(NODE0) | ~held(NODE0) | NODE0 = NODE1
qcost : 7




=== Prime Orbit 166 =====================
size : 2
num_suborbits: 1
278 (*) : -----0--1---0---0---------
278     : ['held(node0)', '~ep_epoch1(node1)', '~locked_epoch1(node0)', '~locked_epoch3(node0)']
277     : -0-------1---0---0--------
277     : ['held(node1)', '~ep_epoch1(node0)', '~locked_epoch1(node1)', '~locked_epoch3(node1)']
num_forall :   2
num_exists :   0
num_literals : 5
quantified form : forall NODE1,NODE0. locked_epoch3(NODE0) | ep_epoch1(NODE1) | locked_epoch1(NODE0) | ~held(NODE0) | NODE0 = NODE1
qcost : 7




=== Prime Orbit 167 =====================
size : 2
num_suborbits: 1
312 (*) : --00----1---0-------------
312     : ['held(node0)', '~ep_epoch2(node0)', '~ep_epoch3(node0)', '~locked_epoch1(node0)']
311     : ------00-1---0------------
311     : ['held(node1)', '~ep_epoch2(node1)', '~ep_epoch3(node1)', '~locked_epoch1(node1)']
num_forall :   1
num_exists :   0
num_literals : 4
quantified form : forall NODE0. ep_epoch2(NODE0) | ep_epoch3(NODE0) | locked_epoch1(NODE0) | ~held(NODE0)
qcost : 5




=== Prime Orbit 168 =====================
size : 2
num_suborbits: 1
316 (*) : --0-----1---0---0---------
316     : ['held(node0)', '~ep_epoch2(node0)', '~locked_epoch1(node0)', '~locked_epoch3(node0)']
315     : ------0--1---0---0--------
315     : ['held(node1)', '~ep_epoch2(node1)', '~locked_epoch1(node1)', '~locked_epoch3(node1)']
num_forall :   1
num_exists :   0
num_literals : 4
quantified form : forall NODE0. ep_epoch2(NODE0) | locked_epoch3(NODE0) | locked_epoch1(NODE0) | ~held(NODE0)
qcost : 5




=== Prime Orbit 169 =====================
size : 2
num_suborbits: 1
314 (*) : ---0----1---0-0-----------
314     : ['held(node0)', '~ep_epoch3(node0)', '~locked_epoch1(node0)', '~locked_epoch2(node0)']
313     : -------0-1---0-0----------
313     : ['held(node1)', '~ep_epoch3(node1)', '~locked_epoch1(node1)', '~locked_epoch2(node1)']
num_forall :   1
num_exists :   0
num_literals : 4
quantified form : forall NODE0. ep_epoch3(NODE0) | locked_epoch2(NODE0) | locked_epoch1(NODE0) | ~held(NODE0)
qcost : 5




=== Prime Orbit 170 =====================
size : 2
num_suborbits: 1
318 (*) : --------1---0-0-0---------
318     : ['held(node0)', '~locked_epoch1(node0)', '~locked_epoch2(node0)', '~locked_epoch3(node0)']
317     : ---------1---0-0-0--------
317     : ['held(node1)', '~locked_epoch1(node1)', '~locked_epoch2(node1)', '~locked_epoch3(node1)']
num_forall :   1
num_exists :   0
num_literals : 4
quantified form : forall NODE0. locked_epoch3(NODE0) | locked_epoch2(NODE0) | locked_epoch1(NODE0) | ~held(NODE0)
qcost : 5




=== Prime Orbit 171 =====================
size : 2
num_suborbits: 1
414 (*) : ----0-------1-1-1---------
414     : ['locked_epoch1(node0)', 'locked_epoch2(node0)', 'locked_epoch3(node0)', '~ep_epoch0(node1)']
413     : 0------------1-1-1--------
413     : ['locked_epoch1(node1)', 'locked_epoch2(node1)', 'locked_epoch3(node1)', '~ep_epoch0(node0)']
num_forall :   2
num_exists :   0
num_literals : 5
quantified form : forall NODE1,NODE0. ~locked_epoch2(NODE0) | ~locked_epoch1(NODE0) | ~locked_epoch3(NODE0) | ep_epoch0(NODE1) | NODE0 = NODE1
qcost : 7




=== Prime Orbit 172 =====================
size : 4
num_suborbits: 2
577 (*) : ----0-------1-1---------1-
577     : ['locked_epoch1(node0)', 'locked_epoch2(node0)', 'transfer_epoch3(node0)', '~ep_epoch0(node1)']
546     : ----0-------1-1----------1
546     : ['locked_epoch1(node0)', 'locked_epoch2(node0)', 'transfer_epoch3(node1)', '~ep_epoch0(node1)']
545     : 0------------1-1--------1-
545     : ['locked_epoch1(node1)', 'locked_epoch2(node1)', 'transfer_epoch3(node0)', '~ep_epoch0(node0)']
578     : 0------------1-1---------1
578     : ['locked_epoch1(node1)', 'locked_epoch2(node1)', 'transfer_epoch3(node1)', '~ep_epoch0(node0)']
num_forall :   3
num_exists :   0
num_literals : 8
quantified form : forall NODE1,NODE2,NODE0. ep_epoch0(NODE2) | ~locked_epoch1(NODE0) | ~transfer_epoch3(NODE1) | ~locked_epoch2(NODE0) | ((NODE1 ~= NODE2 | NODE0 = NODE1) & (NODE0 ~= NODE1 | NODE0 = NODE2))
qcost : 11




=== Prime Orbit 173 =====================
size : 2
num_suborbits: 1
400 (*) : --0-0-------1-1-----------
400     : ['locked_epoch1(node0)', 'locked_epoch2(node0)', '~ep_epoch0(node1)', '~ep_epoch2(node0)']
399     : 0-----0------1-1----------
399     : ['locked_epoch1(node1)', 'locked_epoch2(node1)', '~ep_epoch0(node0)', '~ep_epoch2(node1)']
num_forall :   2
num_exists :   0
num_literals : 5
quantified form : forall NODE1,NODE0. ep_epoch2(NODE0) | ~locked_epoch1(NODE0) | ep_epoch0(NODE1) | ~locked_epoch2(NODE0) | NODE0 = NODE1
qcost : 7




=== Prime Orbit 174 =====================
size : 2
num_suborbits: 1
384 (*) : ----0--0----1-1-----------
384     : ['locked_epoch1(node0)', 'locked_epoch2(node0)', '~ep_epoch0(node1)', '~ep_epoch3(node1)']
383     : 0--0---------1-1----------
383     : ['locked_epoch1(node1)', 'locked_epoch2(node1)', '~ep_epoch0(node0)', '~ep_epoch3(node0)']
num_forall :   2
num_exists :   0
num_literals : 5
quantified form : forall NODE1,NODE0. ~locked_epoch2(NODE0) | ~locked_epoch1(NODE0) | ep_epoch0(NODE1) | ep_epoch3(NODE1) | NODE0 = NODE1
qcost : 7




=== Prime Orbit 175 =====================
size : 2
num_suborbits: 1
390 (*) : ----0----0--1-1-----------
390     : ['locked_epoch1(node0)', 'locked_epoch2(node0)', '~ep_epoch0(node1)', '~held(node1)']
389     : 0-------0----1-1----------
389     : ['locked_epoch1(node1)', 'locked_epoch2(node1)', '~ep_epoch0(node0)', '~held(node0)']
num_forall :   2
num_exists :   0
num_literals : 5
quantified form : forall NODE1,NODE0. ~locked_epoch2(NODE0) | held(NODE1) | ep_epoch0(NODE1) | ~locked_epoch1(NODE0) | NODE0 = NODE1
qcost : 7




=== Prime Orbit 176 =====================
size : 2
num_suborbits: 1
388 (*) : ----0-------1-1--0--------
388     : ['locked_epoch1(node0)', 'locked_epoch2(node0)', '~ep_epoch0(node1)', '~locked_epoch3(node1)']
387     : 0------------1-10---------
387     : ['locked_epoch1(node1)', 'locked_epoch2(node1)', '~ep_epoch0(node0)', '~locked_epoch3(node0)']
num_forall :   2
num_exists :   0
num_literals : 5
quantified form : forall NODE1,NODE0. ~locked_epoch2(NODE0) | ~locked_epoch1(NODE0) | ep_epoch0(NODE1) | locked_epoch3(NODE1) | NODE0 = NODE1
qcost : 7




=== Prime Orbit 177 =====================
size : 2
num_suborbits: 1
409 (*) : -0----------1--1-1--------
409     : ['locked_epoch1(node0)', 'locked_epoch2(node1)', 'locked_epoch3(node1)', '~ep_epoch1(node0)']
410     : -----0-------11-1---------
410     : ['locked_epoch1(node1)', 'locked_epoch2(node0)', 'locked_epoch3(node0)', '~ep_epoch1(node1)']
num_forall :   2
num_exists :   0
num_literals : 5
quantified form : forall NODE1,NODE0. ~locked_epoch3(NODE1) | ~locked_epoch1(NODE0) | ep_epoch1(NODE0) | ~locked_epoch2(NODE1) | NODE0 = NODE1
qcost : 7




=== Prime Orbit 178 =====================
size : 4
num_suborbits: 2
571 (*) : -0----------1--1--------1-
571     : ['locked_epoch1(node0)', 'locked_epoch2(node1)', 'transfer_epoch3(node0)', '~ep_epoch1(node0)']
508     : -0----------1--1---------1
508     : ['locked_epoch1(node0)', 'locked_epoch2(node1)', 'transfer_epoch3(node1)', '~ep_epoch1(node0)']
507     : -----0-------11---------1-
507     : ['locked_epoch1(node1)', 'locked_epoch2(node0)', 'transfer_epoch3(node0)', '~ep_epoch1(node1)']
572     : -----0-------11----------1
572     : ['locked_epoch1(node1)', 'locked_epoch2(node0)', 'transfer_epoch3(node1)', '~ep_epoch1(node1)']
num_forall :   3
num_exists :   0
num_literals : 8
quantified form : forall NODE1,NODE2,NODE0. ~locked_epoch1(NODE0) | ep_epoch1(NODE0) | ~locked_epoch2(NODE1) | ~transfer_epoch3(NODE2) | ((NODE1 ~= NODE2 | NODE0 = NODE1) & (NODE0 ~= NODE2 | NODE0 = NODE1))
qcost : 11




=== Prime Orbit 179 =====================
size : 2
num_suborbits: 1
221 (*) : -0----0-----1--1----------
221     : ['locked_epoch1(node0)', 'locked_epoch2(node1)', '~ep_epoch1(node0)', '~ep_epoch2(node1)']
222     : --0--0-------11-----------
222     : ['locked_epoch1(node1)', 'locked_epoch2(node0)', '~ep_epoch1(node1)', '~ep_epoch2(node0)']
num_forall :   2
num_exists :   0
num_literals : 5
quantified form : forall NODE1,NODE0. ~locked_epoch1(NODE0) | ep_epoch1(NODE0) | ~locked_epoch2(NODE1) | ep_epoch2(NODE1) | NODE0 = NODE1
qcost : 7




=== Prime Orbit 180 =====================
size : 2
num_suborbits: 1
223 (*) : -0-0--------1--1----------
223     : ['locked_epoch1(node0)', 'locked_epoch2(node1)', '~ep_epoch1(node0)', '~ep_epoch3(node0)']
224     : -----0-0-----11-----------
224     : ['locked_epoch1(node1)', 'locked_epoch2(node0)', '~ep_epoch1(node1)', '~ep_epoch3(node1)']
num_forall :   2
num_exists :   0
num_literals : 5
quantified form : forall NODE1,NODE0. ~locked_epoch2(NODE1) | ~locked_epoch1(NODE0) | ep_epoch1(NODE0) | ep_epoch3(NODE0) | NODE0 = NODE1
qcost : 7




=== Prime Orbit 181 =====================
size : 2
num_suborbits: 1
227 (*) : -0------0---1--1----------
227     : ['locked_epoch1(node0)', 'locked_epoch2(node1)', '~ep_epoch1(node0)', '~held(node0)']
228     : -----0---0---11-----------
228     : ['locked_epoch1(node1)', 'locked_epoch2(node0)', '~ep_epoch1(node1)', '~held(node1)']
num_forall :   2
num_exists :   0
num_literals : 5
quantified form : forall NODE1,NODE0. ~locked_epoch1(NODE0) | ep_epoch1(NODE0) | ~locked_epoch2(NODE1) | held(NODE0) | NODE0 = NODE1
qcost : 7




=== Prime Orbit 182 =====================
size : 2
num_suborbits: 1
225 (*) : -0----------1--10---------
225     : ['locked_epoch1(node0)', 'locked_epoch2(node1)', '~ep_epoch1(node0)', '~locked_epoch3(node0)']
226     : -----0-------11--0--------
226     : ['locked_epoch1(node1)', 'locked_epoch2(node0)', '~ep_epoch1(node1)', '~locked_epoch3(node1)']
num_forall :   2
num_exists :   0
num_literals : 5
quantified form : forall NODE1,NODE0. ~locked_epoch1(NODE0) | ep_epoch1(NODE0) | ~locked_epoch2(NODE1) | locked_epoch3(NODE0) | NODE0 = NODE1
qcost : 7




=== Prime Orbit 183 =====================
size : 2
num_suborbits: 1
418 (*) : ----0-0-----1---1---------
418     : ['locked_epoch1(node0)', 'locked_epoch3(node0)', '~ep_epoch0(node1)', '~ep_epoch2(node1)']
417     : 0-0----------1---1--------
417     : ['locked_epoch1(node1)', 'locked_epoch3(node1)', '~ep_epoch0(node0)', '~ep_epoch2(node0)']
num_forall :   2
num_exists :   0
num_literals : 5
quantified form : forall NODE1,NODE0. ep_epoch2(NODE1) | ~locked_epoch1(NODE0) | ~locked_epoch3(NODE0) | ep_epoch0(NODE1) | NODE0 = NODE1
qcost : 7




=== Prime Orbit 184 =====================
size : 2
num_suborbits: 1
420 (*) : ----0-------1--01---------
420     : ['locked_epoch1(node0)', 'locked_epoch3(node0)', '~ep_epoch0(node1)', '~locked_epoch2(node1)']
419     : 0------------10--1--------
419     : ['locked_epoch1(node1)', 'locked_epoch3(node1)', '~ep_epoch0(node0)', '~locked_epoch2(node0)']
num_forall :   2
num_exists :   0
num_literals : 5
quantified form : forall NODE1,NODE0. ~locked_epoch1(NODE0) | ~locked_epoch3(NODE0) | ep_epoch0(NODE1) | locked_epoch2(NODE1) | NODE0 = NODE1
qcost : 7




=== Prime Orbit 185 =====================
size : 2
num_suborbits: 1
433 (*) : -00---------1----1--------
433     : ['locked_epoch1(node0)', 'locked_epoch3(node1)', '~ep_epoch1(node0)', '~ep_epoch2(node0)']
434     : -----00------1--1---------
434     : ['locked_epoch1(node1)', 'locked_epoch3(node0)', '~ep_epoch1(node1)', '~ep_epoch2(node1)']
num_forall :   2
num_exists :   0
num_literals : 5
quantified form : forall NODE1,NODE0. ep_epoch2(NODE0) | ~locked_epoch1(NODE0) | ep_epoch1(NODE0) | ~locked_epoch3(NODE1) | NODE0 = NODE1
qcost : 7




=== Prime Orbit 186 =====================
size : 2
num_suborbits: 1
435 (*) : -0----------1-0--1--------
435     : ['locked_epoch1(node0)', 'locked_epoch3(node1)', '~ep_epoch1(node0)', '~locked_epoch2(node0)']
436     : -----0-------1-01---------
436     : ['locked_epoch1(node1)', 'locked_epoch3(node0)', '~ep_epoch1(node1)', '~locked_epoch2(node1)']
num_forall :   2
num_exists :   0
num_literals : 5
quantified form : forall NODE1,NODE0. ~locked_epoch1(NODE0) | ep_epoch1(NODE0) | ~locked_epoch3(NODE1) | locked_epoch2(NODE0) | NODE0 = NODE1
qcost : 7




=== Prime Orbit 187 =====================
size : 4
num_suborbits: 2
495 (*) : -0--0-------1-----------1-
495     : ['locked_epoch1(node0)', 'transfer_epoch3(node0)', '~ep_epoch0(node1)', '~ep_epoch1(node0)']
514     : -0--0-------1------------1
514     : ['locked_epoch1(node0)', 'transfer_epoch3(node1)', '~ep_epoch0(node1)', '~ep_epoch1(node0)']
513     : 0----0-------1----------1-
513     : ['locked_epoch1(node1)', 'transfer_epoch3(node0)', '~ep_epoch0(node0)', '~ep_epoch1(node1)']
496     : 0----0-------1-----------1
496     : ['locked_epoch1(node1)', 'transfer_epoch3(node1)', '~ep_epoch0(node0)', '~ep_epoch1(node1)']
num_forall :   3
num_exists :   0
num_literals : 8
quantified form : forall NODE1,NODE2,NODE0. ep_epoch0(NODE2) | ~locked_epoch1(NODE0) | ep_epoch1(NODE0) | ~transfer_epoch3(NODE1) | ((NODE0 ~= NODE1 | NODE0 = NODE2) & (NODE1 ~= NODE2 | NODE0 = NODE1))
qcost : 11




=== Prime Orbit 188 =====================
size : 4
num_suborbits: 2
569 (*) : ----0-0-----1-----------1-
569     : ['locked_epoch1(node0)', 'transfer_epoch3(node0)', '~ep_epoch0(node1)', '~ep_epoch2(node1)']
536     : ----0-0-----1------------1
536     : ['locked_epoch1(node0)', 'transfer_epoch3(node1)', '~ep_epoch0(node1)', '~ep_epoch2(node1)']
535     : 0-0----------1----------1-
535     : ['locked_epoch1(node1)', 'transfer_epoch3(node0)', '~ep_epoch0(node0)', '~ep_epoch2(node0)']
570     : 0-0----------1-----------1
570     : ['locked_epoch1(node1)', 'transfer_epoch3(node1)', '~ep_epoch0(node0)', '~ep_epoch2(node0)']
num_forall :   3
num_exists :   0
num_literals : 8
quantified form : forall NODE1,NODE2,NODE0. ep_epoch0(NODE2) | ~locked_epoch1(NODE0) | ~transfer_epoch3(NODE1) | ep_epoch2(NODE2) | ((NODE1 ~= NODE2 | NODE0 = NODE1) & (NODE0 ~= NODE1 | NODE0 = NODE2))
qcost : 11




=== Prime Orbit 189 =====================
size : 4
num_suborbits: 2
567 (*) : ----0-------1--0--------1-
567     : ['locked_epoch1(node0)', 'transfer_epoch3(node0)', '~ep_epoch0(node1)', '~locked_epoch2(node1)']
540     : ----0-------1--0---------1
540     : ['locked_epoch1(node0)', 'transfer_epoch3(node1)', '~ep_epoch0(node1)', '~locked_epoch2(node1)']
539     : 0------------10---------1-
539     : ['locked_epoch1(node1)', 'transfer_epoch3(node0)', '~ep_epoch0(node0)', '~locked_epoch2(node0)']
568     : 0------------10----------1
568     : ['locked_epoch1(node1)', 'transfer_epoch3(node1)', '~ep_epoch0(node0)', '~locked_epoch2(node0)']
num_forall :   3
num_exists :   0
num_literals : 8
quantified form : forall NODE1,NODE2,NODE0. ep_epoch0(NODE2) | ~locked_epoch1(NODE0) | locked_epoch2(NODE2) | ~transfer_epoch3(NODE1) | ((NODE1 ~= NODE2 | NODE0 = NODE1) & (NODE0 ~= NODE1 | NODE0 = NODE2))
qcost : 11




=== Prime Orbit 190 =====================
size : 4
num_suborbits: 2
483 (*) : -00---------1-----------1-
483     : ['locked_epoch1(node0)', 'transfer_epoch3(node0)', '~ep_epoch1(node0)', '~ep_epoch2(node0)']
516     : -00---------1------------1
516     : ['locked_epoch1(node0)', 'transfer_epoch3(node1)', '~ep_epoch1(node0)', '~ep_epoch2(node0)']
515     : -----00------1----------1-
515     : ['locked_epoch1(node1)', 'transfer_epoch3(node0)', '~ep_epoch1(node1)', '~ep_epoch2(node1)']
484     : -----00------1-----------1
484     : ['locked_epoch1(node1)', 'transfer_epoch3(node1)', '~ep_epoch1(node1)', '~ep_epoch2(node1)']
num_forall :   2
num_exists :   0
num_literals : 4
quantified form : forall NODE1,NODE0. ep_epoch2(NODE0) | ~locked_epoch1(NODE0) | ep_epoch1(NODE0) | ~transfer_epoch3(NODE1)
qcost : 6




=== Prime Orbit 191 =====================
size : 4
num_suborbits: 2
487 (*) : -0----------1-0---------1-
487     : ['locked_epoch1(node0)', 'transfer_epoch3(node0)', '~ep_epoch1(node0)', '~locked_epoch2(node0)']
512     : -0----------1-0----------1
512     : ['locked_epoch1(node0)', 'transfer_epoch3(node1)', '~ep_epoch1(node0)', '~locked_epoch2(node0)']
511     : -----0-------1-0--------1-
511     : ['locked_epoch1(node1)', 'transfer_epoch3(node0)', '~ep_epoch1(node1)', '~locked_epoch2(node1)']
488     : -----0-------1-0---------1
488     : ['locked_epoch1(node1)', 'transfer_epoch3(node1)', '~ep_epoch1(node1)', '~locked_epoch2(node1)']
num_forall :   2
num_exists :   0
num_literals : 4
quantified form : forall NODE1,NODE0. ~locked_epoch1(NODE0) | ep_epoch1(NODE0) | ~transfer_epoch3(NODE1) | locked_epoch2(NODE0)
qcost : 6




=== Prime Orbit 192 =====================
size : 2
num_suborbits: 1
357 (*) : ----0-00----1-------------
357     : ['locked_epoch1(node0)', '~ep_epoch0(node1)', '~ep_epoch2(node1)', '~ep_epoch3(node1)']
358     : 0-00---------1------------
358     : ['locked_epoch1(node1)', '~ep_epoch0(node0)', '~ep_epoch2(node0)', '~ep_epoch3(node0)']
num_forall :   2
num_exists :   0
num_literals : 5
quantified form : forall NODE1,NODE0. ep_epoch2(NODE1) | ~locked_epoch1(NODE0) | ep_epoch0(NODE1) | ep_epoch3(NODE1) | NODE0 = NODE1
qcost : 7




=== Prime Orbit 193 =====================
size : 2
num_suborbits: 1
351 (*) : ----0-0--0--1-------------
351     : ['locked_epoch1(node0)', '~ep_epoch0(node1)', '~ep_epoch2(node1)', '~held(node1)']
352     : 0-0-----0----1------------
352     : ['locked_epoch1(node1)', '~ep_epoch0(node0)', '~ep_epoch2(node0)', '~held(node0)']
num_forall :   2
num_exists :   0
num_literals : 5
quantified form : forall NODE1,NODE0. ep_epoch2(NODE1) | held(NODE1) | ep_epoch0(NODE1) | ~locked_epoch1(NODE0) | NODE0 = NODE1
qcost : 7




=== Prime Orbit 194 =====================
size : 2
num_suborbits: 1
359 (*) : ----0-0-----1----0--------
359     : ['locked_epoch1(node0)', '~ep_epoch0(node1)', '~ep_epoch2(node1)', '~locked_epoch3(node1)']
360     : 0-0----------1--0---------
360     : ['locked_epoch1(node1)', '~ep_epoch0(node0)', '~ep_epoch2(node0)', '~locked_epoch3(node0)']
num_forall :   2
num_exists :   0
num_literals : 5
quantified form : forall NODE1,NODE0. ep_epoch2(NODE1) | ~locked_epoch1(NODE0) | ep_epoch0(NODE1) | locked_epoch3(NODE1) | NODE0 = NODE1
qcost : 7




=== Prime Orbit 195 =====================
size : 2
num_suborbits: 1
363 (*) : ----0--0----1--0----------
363     : ['locked_epoch1(node0)', '~ep_epoch0(node1)', '~ep_epoch3(node1)', '~locked_epoch2(node1)']
364     : 0--0---------10-----------
364     : ['locked_epoch1(node1)', '~ep_epoch0(node0)', '~ep_epoch3(node0)', '~locked_epoch2(node0)']
num_forall :   2
num_exists :   0
num_literals : 5
quantified form : forall NODE1,NODE0. ~locked_epoch1(NODE0) | ep_epoch0(NODE1) | ep_epoch3(NODE1) | locked_epoch2(NODE1) | NODE0 = NODE1
qcost : 7




=== Prime Orbit 196 =====================
size : 2
num_suborbits: 1
355 (*) : ----0----0--1--0----------
355     : ['locked_epoch1(node0)', '~ep_epoch0(node1)', '~held(node1)', '~locked_epoch2(node1)']
356     : 0-------0----10-----------
356     : ['locked_epoch1(node1)', '~ep_epoch0(node0)', '~held(node0)', '~locked_epoch2(node0)']
num_forall :   2
num_exists :   0
num_literals : 5
quantified form : forall NODE1,NODE0. held(NODE1) | ep_epoch0(NODE1) | ~locked_epoch1(NODE0) | locked_epoch2(NODE1) | NODE0 = NODE1
qcost : 7




=== Prime Orbit 197 =====================
size : 2
num_suborbits: 1
361 (*) : ----0-------1--0-0--------
361     : ['locked_epoch1(node0)', '~ep_epoch0(node1)', '~locked_epoch2(node1)', '~locked_epoch3(node1)']
362     : 0------------10-0---------
362     : ['locked_epoch1(node1)', '~ep_epoch0(node0)', '~locked_epoch2(node0)', '~locked_epoch3(node0)']
num_forall :   2
num_exists :   0
num_literals : 5
quantified form : forall NODE1,NODE0. ~locked_epoch1(NODE0) | ep_epoch0(NODE1) | locked_epoch3(NODE1) | locked_epoch2(NODE1) | NODE0 = NODE1
qcost : 7




=== Prime Orbit 198 =====================
size : 2
num_suborbits: 1
177 (*) : -000--------1-------------
177     : ['locked_epoch1(node0)', '~ep_epoch1(node0)', '~ep_epoch2(node0)', '~ep_epoch3(node0)']
178     : -----000-----1------------
178     : ['locked_epoch1(node1)', '~ep_epoch1(node1)', '~ep_epoch2(node1)', '~ep_epoch3(node1)']
num_forall :   1
num_exists :   0
num_literals : 4
quantified form : forall NODE0. ep_epoch2(NODE0) | ~locked_epoch1(NODE0) | ep_epoch1(NODE0) | ep_epoch3(NODE0)
qcost : 5




=== Prime Orbit 199 =====================
size : 2
num_suborbits: 1
255 (*) : -00-----0---1-------------
255     : ['locked_epoch1(node0)', '~ep_epoch1(node0)', '~ep_epoch2(node0)', '~held(node0)']
256     : -----00--0---1------------
256     : ['locked_epoch1(node1)', '~ep_epoch1(node1)', '~ep_epoch2(node1)', '~held(node1)']
num_forall :   1
num_exists :   0
num_literals : 4
quantified form : forall NODE0. ep_epoch2(NODE0) | ~locked_epoch1(NODE0) | ep_epoch1(NODE0) | held(NODE0)
qcost : 5




=== Prime Orbit 200 =====================
size : 2
num_suborbits: 1
183 (*) : -00---------1---0---------
183     : ['locked_epoch1(node0)', '~ep_epoch1(node0)', '~ep_epoch2(node0)', '~locked_epoch3(node0)']
184     : -----00------1---0--------
184     : ['locked_epoch1(node1)', '~ep_epoch1(node1)', '~ep_epoch2(node1)', '~locked_epoch3(node1)']
num_forall :   1
num_exists :   0
num_literals : 4
quantified form : forall NODE0. ep_epoch2(NODE0) | ~locked_epoch1(NODE0) | ep_epoch1(NODE0) | locked_epoch3(NODE0)
qcost : 5




=== Prime Orbit 201 =====================
size : 2
num_suborbits: 1
251 (*) : -0-0--------1-0-----------
251     : ['locked_epoch1(node0)', '~ep_epoch1(node0)', '~ep_epoch3(node0)', '~locked_epoch2(node0)']
252     : -----0-0-----1-0----------
252     : ['locked_epoch1(node1)', '~ep_epoch1(node1)', '~ep_epoch3(node1)', '~locked_epoch2(node1)']
num_forall :   1
num_exists :   0
num_literals : 4
quantified form : forall NODE0. ~locked_epoch1(NODE0) | ep_epoch1(NODE0) | ep_epoch3(NODE0) | locked_epoch2(NODE0)
qcost : 5




=== Prime Orbit 202 =====================
size : 2
num_suborbits: 1
257 (*) : -0------0---1-0-----------
257     : ['locked_epoch1(node0)', '~ep_epoch1(node0)', '~held(node0)', '~locked_epoch2(node0)']
258     : -----0---0---1-0----------
258     : ['locked_epoch1(node1)', '~ep_epoch1(node1)', '~held(node1)', '~locked_epoch2(node1)']
num_forall :   1
num_exists :   0
num_literals : 4
quantified form : forall NODE0. ~locked_epoch1(NODE0) | ep_epoch1(NODE0) | locked_epoch2(NODE0) | held(NODE0)
qcost : 5




=== Prime Orbit 203 =====================
size : 2
num_suborbits: 1
253 (*) : -0----------1-0-0---------
253     : ['locked_epoch1(node0)', '~ep_epoch1(node0)', '~locked_epoch2(node0)', '~locked_epoch3(node0)']
254     : -----0-------1-0-0--------
254     : ['locked_epoch1(node1)', '~ep_epoch1(node1)', '~locked_epoch2(node1)', '~locked_epoch3(node1)']
num_forall :   1
num_exists :   0
num_literals : 4
quantified form : forall NODE0. ~locked_epoch1(NODE0) | ep_epoch1(NODE0) | locked_epoch3(NODE0) | locked_epoch2(NODE0)
qcost : 5




=== Prime Orbit 204 =====================
size : 2
num_suborbits: 1
412 (*) : ----00--------1-1---------
412     : ['locked_epoch2(node0)', 'locked_epoch3(node0)', '~ep_epoch0(node1)', '~ep_epoch1(node1)']
411     : 00-------------1-1--------
411     : ['locked_epoch2(node1)', 'locked_epoch3(node1)', '~ep_epoch0(node0)', '~ep_epoch1(node0)']
num_forall :   2
num_exists :   0
num_literals : 5
quantified form : forall NODE1,NODE0. ep_epoch1(NODE1) | ~locked_epoch3(NODE0) | ep_epoch0(NODE1) | ~locked_epoch2(NODE0) | NODE0 = NODE1
qcost : 7




=== Prime Orbit 205 =====================
size : 2
num_suborbits: 1
416 (*) : ----0--------01-1---------
416     : ['locked_epoch2(node0)', 'locked_epoch3(node0)', '~ep_epoch0(node1)', '~locked_epoch1(node1)']
415     : 0-----------0--1-1--------
415     : ['locked_epoch2(node1)', 'locked_epoch3(node1)', '~ep_epoch0(node0)', '~locked_epoch1(node0)']
num_forall :   2
num_exists :   0
num_literals : 5
quantified form : forall NODE1,NODE0. ~locked_epoch2(NODE0) | ~locked_epoch3(NODE0) | ep_epoch0(NODE1) | locked_epoch1(NODE1) | NODE0 = NODE1
qcost : 7




=== Prime Orbit 206 =====================
size : 2
num_suborbits: 1
408 (*) : -----0------0-1-1---------
408     : ['locked_epoch2(node0)', 'locked_epoch3(node0)', '~ep_epoch1(node1)', '~locked_epoch1(node0)']
407     : -0-----------0-1-1--------
407     : ['locked_epoch2(node1)', 'locked_epoch3(node1)', '~ep_epoch1(node0)', '~locked_epoch1(node1)']
num_forall :   2
num_exists :   0
num_literals : 5
quantified form : forall NODE1,NODE0. ~locked_epoch2(NODE0) | ~locked_epoch3(NODE0) | ep_epoch1(NODE1) | locked_epoch1(NODE0) | NODE0 = NODE1
qcost : 7




=== Prime Orbit 207 =====================
size : 4
num_suborbits: 2
505 (*) : ----00--------1---------1-
505     : ['locked_epoch2(node0)', 'transfer_epoch3(node0)', '~ep_epoch0(node1)', '~ep_epoch1(node1)']
544     : ----00--------1----------1
544     : ['locked_epoch2(node0)', 'transfer_epoch3(node1)', '~ep_epoch0(node1)', '~ep_epoch1(node1)']
543     : 00-------------1--------1-
543     : ['locked_epoch2(node1)', 'transfer_epoch3(node0)', '~ep_epoch0(node0)', '~ep_epoch1(node0)']
506     : 00-------------1---------1
506     : ['locked_epoch2(node1)', 'transfer_epoch3(node1)', '~ep_epoch0(node0)', '~ep_epoch1(node0)']
num_forall :   3
num_exists :   0
num_literals : 8
quantified form : forall NODE1,NODE2,NODE0. ep_epoch0(NODE2) | ep_epoch1(NODE2) | ~transfer_epoch3(NODE1) | ~locked_epoch2(NODE0) | ((NODE0 ~= NODE1 | NODE0 = NODE2) & (NODE1 ~= NODE2 | NODE0 = NODE1))
qcost : 11




=== Prime Orbit 208 =====================
size : 4
num_suborbits: 2
579 (*) : ----0--------01---------1-
579     : ['locked_epoch2(node0)', 'transfer_epoch3(node0)', '~ep_epoch0(node1)', '~locked_epoch1(node1)']
548     : ----0--------01----------1
548     : ['locked_epoch2(node0)', 'transfer_epoch3(node1)', '~ep_epoch0(node1)', '~locked_epoch1(node1)']
547     : 0-----------0--1--------1-
547     : ['locked_epoch2(node1)', 'transfer_epoch3(node0)', '~ep_epoch0(node0)', '~locked_epoch1(node0)']
580     : 0-----------0--1---------1
580     : ['locked_epoch2(node1)', 'transfer_epoch3(node1)', '~ep_epoch0(node0)', '~locked_epoch1(node0)']
num_forall :   3
num_exists :   0
num_literals : 8
quantified form : forall NODE1,NODE2,NODE0. ep_epoch0(NODE2) | locked_epoch1(NODE2) | ~transfer_epoch3(NODE1) | ~locked_epoch2(NODE0) | ((NODE1 ~= NODE2 | NODE0 = NODE1) & (NODE0 ~= NODE1 | NODE0 = NODE2))
qcost : 11




=== Prime Orbit 209 =====================
size : 4
num_suborbits: 2
509 (*) : -----0------0-1---------1-
509     : ['locked_epoch2(node0)', 'transfer_epoch3(node0)', '~ep_epoch1(node1)', '~locked_epoch1(node0)']
556     : -----0------0-1----------1
556     : ['locked_epoch2(node0)', 'transfer_epoch3(node1)', '~ep_epoch1(node1)', '~locked_epoch1(node0)']
555     : -0-----------0-1--------1-
555     : ['locked_epoch2(node1)', 'transfer_epoch3(node0)', '~ep_epoch1(node0)', '~locked_epoch1(node1)']
510     : -0-----------0-1---------1
510     : ['locked_epoch2(node1)', 'transfer_epoch3(node1)', '~ep_epoch1(node0)', '~locked_epoch1(node1)']
num_forall :   3
num_exists :   0
num_literals : 8
quantified form : forall NODE1,NODE2,NODE0. ep_epoch1(NODE2) | ~transfer_epoch3(NODE1) | ~locked_epoch2(NODE0) | locked_epoch1(NODE0) | ((NODE0 ~= NODE1 | NODE0 = NODE2) & (NODE1 ~= NODE2 | NODE0 = NODE1))
qcost : 11




=== Prime Orbit 210 =====================
size : 2
num_suborbits: 1
214 (*) : --0-00--------1-----------
214     : ['locked_epoch2(node0)', '~ep_epoch0(node1)', '~ep_epoch1(node1)', '~ep_epoch2(node0)']
213     : 00----0--------1----------
213     : ['locked_epoch2(node1)', '~ep_epoch0(node0)', '~ep_epoch1(node0)', '~ep_epoch2(node1)']
num_forall :   2
num_exists :   0
num_literals : 5
quantified form : forall NODE1,NODE0. ep_epoch2(NODE0) | ep_epoch1(NODE1) | ep_epoch0(NODE1) | ~locked_epoch2(NODE0) | NODE0 = NODE1
qcost : 7




=== Prime Orbit 211 =====================
size : 2
num_suborbits: 1
210 (*) : ----00-0------1-----------
210     : ['locked_epoch2(node0)', '~ep_epoch0(node1)', '~ep_epoch1(node1)', '~ep_epoch3(node1)']
209     : 00-0-----------1----------
209     : ['locked_epoch2(node1)', '~ep_epoch0(node0)', '~ep_epoch1(node0)', '~ep_epoch3(node0)']
num_forall :   2
num_exists :   0
num_literals : 5
quantified form : forall NODE1,NODE0. ep_epoch1(NODE1) | ep_epoch0(NODE1) | ep_epoch3(NODE1) | ~locked_epoch2(NODE0) | NODE0 = NODE1
qcost : 7




=== Prime Orbit 212 =====================
size : 2
num_suborbits: 1
212 (*) : ----00---0----1-----------
212     : ['locked_epoch2(node0)', '~ep_epoch0(node1)', '~ep_epoch1(node1)', '~held(node1)']
211     : 00------0------1----------
211     : ['locked_epoch2(node1)', '~ep_epoch0(node0)', '~ep_epoch1(node0)', '~held(node0)']
num_forall :   2
num_exists :   0
num_literals : 5
quantified form : forall NODE1,NODE0. ep_epoch1(NODE1) | held(NODE1) | ep_epoch0(NODE1) | ~locked_epoch2(NODE0) | NODE0 = NODE1
qcost : 7




=== Prime Orbit 213 =====================
size : 2
num_suborbits: 1
208 (*) : ----00--------1--0--------
208     : ['locked_epoch2(node0)', '~ep_epoch0(node1)', '~ep_epoch1(node1)', '~locked_epoch3(node1)']
207     : 00-------------10---------
207     : ['locked_epoch2(node1)', '~ep_epoch0(node0)', '~ep_epoch1(node0)', '~locked_epoch3(node0)']
num_forall :   2
num_exists :   0
num_literals : 5
quantified form : forall NODE1,NODE0. ep_epoch1(NODE1) | ep_epoch0(NODE1) | locked_epoch3(NODE1) | ~locked_epoch2(NODE0) | NODE0 = NODE1
qcost : 7




=== Prime Orbit 214 =====================
size : 2
num_suborbits: 1
402 (*) : --0-0--------01-----------
402     : ['locked_epoch2(node0)', '~ep_epoch0(node1)', '~ep_epoch2(node0)', '~locked_epoch1(node1)']
401     : 0-----0-----0--1----------
401     : ['locked_epoch2(node1)', '~ep_epoch0(node0)', '~ep_epoch2(node1)', '~locked_epoch1(node0)']
num_forall :   2
num_exists :   0
num_literals : 5
quantified form : forall NODE1,NODE0. ep_epoch2(NODE0) | ep_epoch0(NODE1) | ~locked_epoch2(NODE0) | locked_epoch1(NODE1) | NODE0 = NODE1
qcost : 7




=== Prime Orbit 215 =====================
size : 2
num_suborbits: 1
386 (*) : ----0--0-----01-----------
386     : ['locked_epoch2(node0)', '~ep_epoch0(node1)', '~ep_epoch3(node1)', '~locked_epoch1(node1)']
385     : 0--0--------0--1----------
385     : ['locked_epoch2(node1)', '~ep_epoch0(node0)', '~ep_epoch3(node0)', '~locked_epoch1(node0)']
num_forall :   2
num_exists :   0
num_literals : 5
quantified form : forall NODE1,NODE0. ~locked_epoch2(NODE0) | ep_epoch0(NODE1) | ep_epoch3(NODE1) | locked_epoch1(NODE1) | NODE0 = NODE1
qcost : 7




=== Prime Orbit 216 =====================
size : 2
num_suborbits: 1
394 (*) : ----0----0---01-----------
394     : ['locked_epoch2(node0)', '~ep_epoch0(node1)', '~held(node1)', '~locked_epoch1(node1)']
393     : 0-------0---0--1----------
393     : ['locked_epoch2(node1)', '~ep_epoch0(node0)', '~held(node0)', '~locked_epoch1(node0)']
num_forall :   2
num_exists :   0
num_literals : 5
quantified form : forall NODE1,NODE0. ~locked_epoch2(NODE0) | held(NODE1) | ep_epoch0(NODE1) | locked_epoch1(NODE1) | NODE0 = NODE1
qcost : 7




=== Prime Orbit 217 =====================
size : 2
num_suborbits: 1
392 (*) : ----0--------01--0--------
392     : ['locked_epoch2(node0)', '~ep_epoch0(node1)', '~locked_epoch1(node1)', '~locked_epoch3(node1)']
391     : 0-----------0--10---------
391     : ['locked_epoch2(node1)', '~ep_epoch0(node0)', '~locked_epoch1(node0)', '~locked_epoch3(node0)']
num_forall :   2
num_exists :   0
num_literals : 5
quantified form : forall NODE1,NODE0. ~locked_epoch2(NODE0) | ep_epoch0(NODE1) | locked_epoch3(NODE1) | locked_epoch1(NODE1) | NODE0 = NODE1
qcost : 7




=== Prime Orbit 218 =====================
size : 2
num_suborbits: 1
220 (*) : --0--0------0-1-----------
220     : ['locked_epoch2(node0)', '~ep_epoch1(node1)', '~ep_epoch2(node0)', '~locked_epoch1(node0)']
219     : -0----0------0-1----------
219     : ['locked_epoch2(node1)', '~ep_epoch1(node0)', '~ep_epoch2(node1)', '~locked_epoch1(node1)']
num_forall :   2
num_exists :   0
num_literals : 5
quantified form : forall NODE1,NODE0. ep_epoch2(NODE0) | ~locked_epoch2(NODE0) | ep_epoch1(NODE1) | locked_epoch1(NODE0) | NODE0 = NODE1
qcost : 7




=== Prime Orbit 219 =====================
size : 2
num_suborbits: 1
234 (*) : -----0-0----0-1-----------
234     : ['locked_epoch2(node0)', '~ep_epoch1(node1)', '~ep_epoch3(node1)', '~locked_epoch1(node0)']
233     : -0-0---------0-1----------
233     : ['locked_epoch2(node1)', '~ep_epoch1(node0)', '~ep_epoch3(node0)', '~locked_epoch1(node1)']
num_forall :   2
num_exists :   0
num_literals : 5
quantified form : forall NODE1,NODE0. ~locked_epoch2(NODE0) | ep_epoch1(NODE1) | ep_epoch3(NODE1) | locked_epoch1(NODE0) | NODE0 = NODE1
qcost : 7




=== Prime Orbit 220 =====================
size : 2
num_suborbits: 1
238 (*) : -----0---0--0-1-----------
238     : ['locked_epoch2(node0)', '~ep_epoch1(node1)', '~held(node1)', '~locked_epoch1(node0)']
237     : -0------0----0-1----------
237     : ['locked_epoch2(node1)', '~ep_epoch1(node0)', '~held(node0)', '~locked_epoch1(node1)']
num_forall :   2
num_exists :   0
num_literals : 5
quantified form : forall NODE1,NODE0. ~locked_epoch2(NODE0) | held(NODE1) | ep_epoch1(NODE1) | locked_epoch1(NODE0) | NODE0 = NODE1
qcost : 7




=== Prime Orbit 221 =====================
size : 2
num_suborbits: 1
236 (*) : -----0------0-1--0--------
236     : ['locked_epoch2(node0)', '~ep_epoch1(node1)', '~locked_epoch1(node0)', '~locked_epoch3(node1)']
235     : -0-----------0-10---------
235     : ['locked_epoch2(node1)', '~ep_epoch1(node0)', '~locked_epoch1(node1)', '~locked_epoch3(node0)']
num_forall :   2
num_exists :   0
num_literals : 5
quantified form : forall NODE1,NODE0. ~locked_epoch2(NODE0) | ep_epoch1(NODE1) | locked_epoch3(NODE1) | locked_epoch1(NODE0) | NODE0 = NODE1
qcost : 7




=== Prime Orbit 222 =====================
size : 2
num_suborbits: 1
432 (*) : ----000---------1---------
432     : ['locked_epoch3(node0)', '~ep_epoch0(node1)', '~ep_epoch1(node1)', '~ep_epoch2(node1)']
431     : 000--------------1--------
431     : ['locked_epoch3(node1)', '~ep_epoch0(node0)', '~ep_epoch1(node0)', '~ep_epoch2(node0)']
num_forall :   2
num_exists :   0
num_literals : 5
quantified form : forall NODE1,NODE0. ep_epoch1(NODE1) | ~locked_epoch3(NODE0) | ep_epoch0(NODE1) | ep_epoch2(NODE1) | NODE0 = NODE1
qcost : 7




=== Prime Orbit 223 =====================
size : 2
num_suborbits: 1
426 (*) : ----00---------01---------
426     : ['locked_epoch3(node0)', '~ep_epoch0(node1)', '~ep_epoch1(node1)', '~locked_epoch2(node1)']
425     : 00------------0--1--------
425     : ['locked_epoch3(node1)', '~ep_epoch0(node0)', '~ep_epoch1(node0)', '~locked_epoch2(node0)']
num_forall :   2
num_exists :   0
num_literals : 5
quantified form : forall NODE1,NODE0. ep_epoch1(NODE1) | ~locked_epoch3(NODE0) | ep_epoch0(NODE1) | locked_epoch2(NODE1) | NODE0 = NODE1
qcost : 7




=== Prime Orbit 224 =====================
size : 2
num_suborbits: 1
424 (*) : ----0-0------0--1---------
424     : ['locked_epoch3(node0)', '~ep_epoch0(node1)', '~ep_epoch2(node1)', '~locked_epoch1(node1)']
423     : 0-0---------0----1--------
423     : ['locked_epoch3(node1)', '~ep_epoch0(node0)', '~ep_epoch2(node0)', '~locked_epoch1(node0)']
num_forall :   2
num_exists :   0
num_literals : 5
quantified form : forall NODE1,NODE0. ep_epoch2(NODE1) | ~locked_epoch3(NODE0) | ep_epoch0(NODE1) | locked_epoch1(NODE1) | NODE0 = NODE1
qcost : 7




=== Prime Orbit 225 =====================
size : 2
num_suborbits: 1
422 (*) : ----0--------0-01---------
422     : ['locked_epoch3(node0)', '~ep_epoch0(node1)', '~locked_epoch1(node1)', '~locked_epoch2(node1)']
421     : 0-----------0-0--1--------
421     : ['locked_epoch3(node1)', '~ep_epoch0(node0)', '~locked_epoch1(node0)', '~locked_epoch2(node0)']
num_forall :   2
num_exists :   0
num_literals : 5
quantified form : forall NODE1,NODE0. ~locked_epoch3(NODE0) | ep_epoch0(NODE1) | locked_epoch2(NODE1) | locked_epoch1(NODE1) | NODE0 = NODE1
qcost : 7




=== Prime Orbit 226 =====================
size : 2
num_suborbits: 1
430 (*) : -----00-----0---1---------
430     : ['locked_epoch3(node0)', '~ep_epoch1(node1)', '~ep_epoch2(node1)', '~locked_epoch1(node0)']
429     : -00----------0---1--------
429     : ['locked_epoch3(node1)', '~ep_epoch1(node0)', '~ep_epoch2(node0)', '~locked_epoch1(node1)']
num_forall :   2
num_exists :   0
num_literals : 5
quantified form : forall NODE1,NODE0. ep_epoch2(NODE1) | ~locked_epoch3(NODE0) | ep_epoch1(NODE1) | locked_epoch1(NODE0) | NODE0 = NODE1
qcost : 7




=== Prime Orbit 227 =====================
size : 2
num_suborbits: 1
428 (*) : -----0------0--01---------
428     : ['locked_epoch3(node0)', '~ep_epoch1(node1)', '~locked_epoch1(node0)', '~locked_epoch2(node1)']
427     : -0-----------00--1--------
427     : ['locked_epoch3(node1)', '~ep_epoch1(node0)', '~locked_epoch1(node1)', '~locked_epoch2(node0)']
num_forall :   2
num_exists :   0
num_literals : 5
quantified form : forall NODE1,NODE0. ~locked_epoch3(NODE0) | ep_epoch1(NODE1) | locked_epoch1(NODE0) | locked_epoch2(NODE1) | NODE0 = NODE1
qcost : 7




=== Prime Orbit 228 =====================
size : 4
num_suborbits: 2
481 (*) : 000---------------------1-
481     : ['transfer_epoch3(node0)', '~ep_epoch0(node0)', '~ep_epoch1(node0)', '~ep_epoch2(node0)']
501     : ----000-----------------1-
501     : ['transfer_epoch3(node0)', '~ep_epoch0(node1)', '~ep_epoch1(node1)', '~ep_epoch2(node1)']
502     : 000----------------------1
502     : ['transfer_epoch3(node1)', '~ep_epoch0(node0)', '~ep_epoch1(node0)', '~ep_epoch2(node0)']
482     : ----000------------------1
482     : ['transfer_epoch3(node1)', '~ep_epoch0(node1)', '~ep_epoch1(node1)', '~ep_epoch2(node1)']
num_forall :   2
num_exists :   0
num_literals : 4
quantified form : forall NODE1,NODE0. ep_epoch1(NODE1) | ~transfer_epoch3(NODE0) | ep_epoch0(NODE1) | ep_epoch2(NODE1)
qcost : 6




=== Prime Orbit 229 =====================
size : 4
num_suborbits: 2
485 (*) : 00------------0---------1-
485     : ['transfer_epoch3(node0)', '~ep_epoch0(node0)', '~ep_epoch1(node0)', '~locked_epoch2(node0)']
503     : ----00---------0--------1-
503     : ['transfer_epoch3(node0)', '~ep_epoch0(node1)', '~ep_epoch1(node1)', '~locked_epoch2(node1)']
504     : 00------------0----------1
504     : ['transfer_epoch3(node1)', '~ep_epoch0(node0)', '~ep_epoch1(node0)', '~locked_epoch2(node0)']
486     : ----00---------0---------1
486     : ['transfer_epoch3(node1)', '~ep_epoch0(node1)', '~ep_epoch1(node1)', '~locked_epoch2(node1)']
num_forall :   2
num_exists :   0
num_literals : 4
quantified form : forall NODE1,NODE0. ep_epoch1(NODE1) | ~transfer_epoch3(NODE0) | ep_epoch0(NODE1) | locked_epoch2(NODE1)
qcost : 6




=== Prime Orbit 230 =====================
size : 4
num_suborbits: 2
519 (*) : 0----0------0-----------1-
519     : ['transfer_epoch3(node0)', '~ep_epoch0(node0)', '~ep_epoch1(node1)', '~locked_epoch1(node0)']
493     : -0--0--------0----------1-
493     : ['transfer_epoch3(node0)', '~ep_epoch0(node1)', '~ep_epoch1(node0)', '~locked_epoch1(node1)']
494     : 0----0------0------------1
494     : ['transfer_epoch3(node1)', '~ep_epoch0(node0)', '~ep_epoch1(node1)', '~locked_epoch1(node0)']
520     : -0--0--------0-----------1
520     : ['transfer_epoch3(node1)', '~ep_epoch0(node1)', '~ep_epoch1(node0)', '~locked_epoch1(node1)']
num_forall :   3
num_exists :   0
num_literals : 8
quantified form : forall NODE1,NODE2,NODE0. ep_epoch1(NODE2) | ~transfer_epoch3(NODE0) | ep_epoch0(NODE1) | locked_epoch1(NODE1) | ((NODE0 ~= NODE2 | NODE0 = NODE1) & (NODE0 ~= NODE1 | NODE0 = NODE2))
qcost : 11




=== Prime Orbit 231 =====================
size : 4
num_suborbits: 2
537 (*) : 0-0---------0-----------1-
537     : ['transfer_epoch3(node0)', '~ep_epoch0(node0)', '~ep_epoch2(node0)', '~locked_epoch1(node0)']
559     : ----0-0------0----------1-
559     : ['transfer_epoch3(node0)', '~ep_epoch0(node1)', '~ep_epoch2(node1)', '~locked_epoch1(node1)']
560     : 0-0---------0------------1
560     : ['transfer_epoch3(node1)', '~ep_epoch0(node0)', '~ep_epoch2(node0)', '~locked_epoch1(node0)']
538     : ----0-0------0-----------1
538     : ['transfer_epoch3(node1)', '~ep_epoch0(node1)', '~ep_epoch2(node1)', '~locked_epoch1(node1)']
num_forall :   2
num_exists :   0
num_literals : 4
quantified form : forall NODE1,NODE0. ep_epoch2(NODE1) | ~transfer_epoch3(NODE0) | ep_epoch0(NODE1) | locked_epoch1(NODE1)
qcost : 6




=== Prime Orbit 232 =====================
size : 4
num_suborbits: 2
541 (*) : 0-----------0-0---------1-
541     : ['transfer_epoch3(node0)', '~ep_epoch0(node0)', '~locked_epoch1(node0)', '~locked_epoch2(node0)']
557     : ----0--------0-0--------1-
557     : ['transfer_epoch3(node0)', '~ep_epoch0(node1)', '~locked_epoch1(node1)', '~locked_epoch2(node1)']
558     : 0-----------0-0----------1
558     : ['transfer_epoch3(node1)', '~ep_epoch0(node0)', '~locked_epoch1(node0)', '~locked_epoch2(node0)']
542     : ----0--------0-0---------1
542     : ['transfer_epoch3(node1)', '~ep_epoch0(node1)', '~locked_epoch1(node1)', '~locked_epoch2(node1)']
num_forall :   2
num_exists :   0
num_literals : 4
quantified form : forall NODE1,NODE0. ~transfer_epoch3(NODE0) | ep_epoch0(NODE1) | locked_epoch2(NODE1) | locked_epoch1(NODE1)
qcost : 6




=== Prime Orbit 233 =====================
size : 4
num_suborbits: 2
491 (*) : -00----------0----------1-
491     : ['transfer_epoch3(node0)', '~ep_epoch1(node0)', '~ep_epoch2(node0)', '~locked_epoch1(node1)']
523     : -----00-----0-----------1-
523     : ['transfer_epoch3(node0)', '~ep_epoch1(node1)', '~ep_epoch2(node1)', '~locked_epoch1(node0)']
524     : -00----------0-----------1
524     : ['transfer_epoch3(node1)', '~ep_epoch1(node0)', '~ep_epoch2(node0)', '~locked_epoch1(node1)']
492     : -----00-----0------------1
492     : ['transfer_epoch3(node1)', '~ep_epoch1(node1)', '~ep_epoch2(node1)', '~locked_epoch1(node0)']
num_forall :   3
num_exists :   0
num_literals : 8
quantified form : forall NODE1,NODE2,NODE0. ep_epoch2(NODE1) | ~transfer_epoch3(NODE0) | locked_epoch1(NODE2) | ep_epoch1(NODE1) | ((NODE0 ~= NODE1 | NODE0 = NODE2) & (NODE0 ~= NODE2 | NODE0 = NODE1))
qcost : 11




=== Prime Orbit 234 =====================
size : 4
num_suborbits: 2
489 (*) : -0-----------00---------1-
489     : ['transfer_epoch3(node0)', '~ep_epoch1(node0)', '~locked_epoch1(node1)', '~locked_epoch2(node0)']
521     : -----0------0--0--------1-
521     : ['transfer_epoch3(node0)', '~ep_epoch1(node1)', '~locked_epoch1(node0)', '~locked_epoch2(node1)']
522     : -0-----------00----------1
522     : ['transfer_epoch3(node1)', '~ep_epoch1(node0)', '~locked_epoch1(node1)', '~locked_epoch2(node0)']
490     : -----0------0--0---------1
490     : ['transfer_epoch3(node1)', '~ep_epoch1(node1)', '~locked_epoch1(node0)', '~locked_epoch2(node1)']
num_forall :   3
num_exists :   0
num_literals : 8
quantified form : forall NODE1,NODE2,NODE0. ~transfer_epoch3(NODE0) | locked_epoch1(NODE2) | ep_epoch1(NODE1) | locked_epoch2(NODE1) | ((NODE0 ~= NODE1 | NODE0 = NODE2) & (NODE0 ~= NODE2 | NODE0 = NODE1))
qcost : 11




=== Prime Orbit 235 =====================
size : 2
num_suborbits: 1
175 (*) : 0000----------------------
175     : ['~ep_epoch0(node0)', '~ep_epoch1(node0)', '~ep_epoch2(node0)', '~ep_epoch3(node0)']
176     : ----0000------------------
176     : ['~ep_epoch0(node1)', '~ep_epoch1(node1)', '~ep_epoch2(node1)', '~ep_epoch3(node1)']
num_forall :   1
num_exists :   0
num_literals : 4
quantified form : forall NODE0. ep_epoch2(NODE0) | ep_epoch0(NODE0) | ep_epoch3(NODE0) | ep_epoch1(NODE0)
qcost : 5




=== Prime Orbit 236 =====================
size : 2
num_suborbits: 1
189 (*) : 000-----0-----------------
189     : ['~ep_epoch0(node0)', '~ep_epoch1(node0)', '~ep_epoch2(node0)', '~held(node0)']
190     : ----000--0----------------
190     : ['~ep_epoch0(node1)', '~ep_epoch1(node1)', '~ep_epoch2(node1)', '~held(node1)']
num_forall :   1
num_exists :   0
num_literals : 4
quantified form : forall NODE0. ep_epoch2(NODE0) | ep_epoch0(NODE0) | ep_epoch1(NODE0) | held(NODE0)
qcost : 5




=== Prime Orbit 237 =====================
size : 2
num_suborbits: 1
181 (*) : 000-------------0---------
181     : ['~ep_epoch0(node0)', '~ep_epoch1(node0)', '~ep_epoch2(node0)', '~locked_epoch3(node0)']
182     : ----000----------0--------
182     : ['~ep_epoch0(node1)', '~ep_epoch1(node1)', '~ep_epoch2(node1)', '~locked_epoch3(node1)']
num_forall :   1
num_exists :   0
num_literals : 4
quantified form : forall NODE0. ep_epoch2(NODE0) | ep_epoch0(NODE0) | locked_epoch3(NODE0) | ep_epoch1(NODE0)
qcost : 5




=== Prime Orbit 238 =====================
size : 2
num_suborbits: 1
193 (*) : 00-0----------0-----------
193     : ['~ep_epoch0(node0)', '~ep_epoch1(node0)', '~ep_epoch3(node0)', '~locked_epoch2(node0)']
194     : ----00-0-------0----------
194     : ['~ep_epoch0(node1)', '~ep_epoch1(node1)', '~ep_epoch3(node1)', '~locked_epoch2(node1)']
num_forall :   1
num_exists :   0
num_literals : 4
quantified form : forall NODE0. ep_epoch0(NODE0) | ep_epoch3(NODE0) | ep_epoch1(NODE0) | locked_epoch2(NODE0)
qcost : 5




=== Prime Orbit 239 =====================
size : 2
num_suborbits: 1
191 (*) : 00------0-----0-----------
191     : ['~ep_epoch0(node0)', '~ep_epoch1(node0)', '~held(node0)', '~locked_epoch2(node0)']
192     : ----00---0-----0----------
192     : ['~ep_epoch0(node1)', '~ep_epoch1(node1)', '~held(node1)', '~locked_epoch2(node1)']
num_forall :   1
num_exists :   0
num_literals : 4
quantified form : forall NODE0. ep_epoch0(NODE0) | ep_epoch1(NODE0) | locked_epoch2(NODE0) | held(NODE0)
qcost : 5




=== Prime Orbit 240 =====================
size : 2
num_suborbits: 1
187 (*) : 00------------0-0---------
187     : ['~ep_epoch0(node0)', '~ep_epoch1(node0)', '~locked_epoch2(node0)', '~locked_epoch3(node0)']
188     : ----00---------0-0--------
188     : ['~ep_epoch0(node1)', '~ep_epoch1(node1)', '~locked_epoch2(node1)', '~locked_epoch3(node1)']
num_forall :   1
num_exists :   0
num_literals : 4
quantified form : forall NODE0. ep_epoch0(NODE0) | locked_epoch3(NODE0) | ep_epoch1(NODE0) | locked_epoch2(NODE0)
qcost : 5




=== Prime Orbit 241 =====================
size : 2
num_suborbits: 1
371 (*) : 0-00--------0-------------
371     : ['~ep_epoch0(node0)', '~ep_epoch2(node0)', '~ep_epoch3(node0)', '~locked_epoch1(node0)']
372     : ----0-00-----0------------
372     : ['~ep_epoch0(node1)', '~ep_epoch2(node1)', '~ep_epoch3(node1)', '~locked_epoch1(node1)']
num_forall :   1
num_exists :   0
num_literals : 4
quantified form : forall NODE0. ep_epoch2(NODE0) | ep_epoch0(NODE0) | ep_epoch3(NODE0) | locked_epoch1(NODE0)
qcost : 5




=== Prime Orbit 242 =====================
size : 2
num_suborbits: 1
354 (*) : 0-0-----0---0-------------
354     : ['~ep_epoch0(node0)', '~ep_epoch2(node0)', '~held(node0)', '~locked_epoch1(node0)']
353     : ----0-0--0---0------------
353     : ['~ep_epoch0(node1)', '~ep_epoch2(node1)', '~held(node1)', '~locked_epoch1(node1)']
num_forall :   1
num_exists :   0
num_literals : 4
quantified form : forall NODE0. ep_epoch2(NODE0) | ep_epoch0(NODE0) | locked_epoch1(NODE0) | held(NODE0)
qcost : 5




=== Prime Orbit 243 =====================
size : 2
num_suborbits: 1
370 (*) : 0-0---------0---0---------
370     : ['~ep_epoch0(node0)', '~ep_epoch2(node0)', '~locked_epoch1(node0)', '~locked_epoch3(node0)']
369     : ----0-0------0---0--------
369     : ['~ep_epoch0(node1)', '~ep_epoch2(node1)', '~locked_epoch1(node1)', '~locked_epoch3(node1)']
num_forall :   1
num_exists :   0
num_literals : 4
quantified form : forall NODE0. ep_epoch2(NODE0) | ep_epoch0(NODE0) | locked_epoch3(NODE0) | locked_epoch1(NODE0)
qcost : 5




=== Prime Orbit 244 =====================
size : 2
num_suborbits: 1
368 (*) : 0--0--------0-0-----------
368     : ['~ep_epoch0(node0)', '~ep_epoch3(node0)', '~locked_epoch1(node0)', '~locked_epoch2(node0)']
367     : ----0--0-----0-0----------
367     : ['~ep_epoch0(node1)', '~ep_epoch3(node1)', '~locked_epoch1(node1)', '~locked_epoch2(node1)']
num_forall :   1
num_exists :   0
num_literals : 4
quantified form : forall NODE0. ep_epoch0(NODE0) | ep_epoch3(NODE0) | locked_epoch2(NODE0) | locked_epoch1(NODE0)
qcost : 5




=== Prime Orbit 245 =====================
size : 2
num_suborbits: 1
373 (*) : 0-------0---0-0-----------
373     : ['~ep_epoch0(node0)', '~held(node0)', '~locked_epoch1(node0)', '~locked_epoch2(node0)']
374     : ----0----0---0-0----------
374     : ['~ep_epoch0(node1)', '~held(node1)', '~locked_epoch1(node1)', '~locked_epoch2(node1)']
num_forall :   1
num_exists :   0
num_literals : 4
quantified form : forall NODE0. ep_epoch0(NODE0) | locked_epoch2(NODE0) | locked_epoch1(NODE0) | held(NODE0)
qcost : 5




=== Prime Orbit 246 =====================
size : 2
num_suborbits: 1
366 (*) : 0-----------0-0-0---------
366     : ['~ep_epoch0(node0)', '~locked_epoch1(node0)', '~locked_epoch2(node0)', '~locked_epoch3(node0)']
365     : ----0--------0-0-0--------
365     : ['~ep_epoch0(node1)', '~locked_epoch1(node1)', '~locked_epoch2(node1)', '~locked_epoch3(node1)']
num_forall :   1
num_exists :   0
num_literals : 4
quantified form : forall NODE0. ep_epoch0(NODE0) | locked_epoch3(NODE0) | locked_epoch2(NODE0) | locked_epoch1(NODE0)
qcost : 5




=== Prime Orbit 247 =====================
size : 2
num_suborbits: 1
179 (*) : -000---------0------------
179     : ['~ep_epoch1(node0)', '~ep_epoch2(node0)', '~ep_epoch3(node0)', '~locked_epoch1(node1)']
180     : -----000----0-------------
180     : ['~ep_epoch1(node1)', '~ep_epoch2(node1)', '~ep_epoch3(node1)', '~locked_epoch1(node0)']
num_forall :   2
num_exists :   0
num_literals : 5
quantified form : forall NODE1,NODE0. ep_epoch2(NODE0) | ep_epoch1(NODE0) | ep_epoch3(NODE0) | locked_epoch1(NODE1) | NODE0 = NODE1
qcost : 7




=== Prime Orbit 248 =====================
size : 2
num_suborbits: 1
267 (*) : -00-----0----0------------
267     : ['~ep_epoch1(node0)', '~ep_epoch2(node0)', '~held(node0)', '~locked_epoch1(node1)']
268     : -----00--0--0-------------
268     : ['~ep_epoch1(node1)', '~ep_epoch2(node1)', '~held(node1)', '~locked_epoch1(node0)']
num_forall :   2
num_exists :   0
num_literals : 5
quantified form : forall NODE1,NODE0. ep_epoch2(NODE0) | locked_epoch1(NODE1) | ep_epoch1(NODE0) | held(NODE0) | NODE0 = NODE1
qcost : 7




=== Prime Orbit 249 =====================
size : 2
num_suborbits: 1
185 (*) : -00----------0--0---------
185     : ['~ep_epoch1(node0)', '~ep_epoch2(node0)', '~locked_epoch1(node1)', '~locked_epoch3(node0)']
186     : -----00-----0----0--------
186     : ['~ep_epoch1(node1)', '~ep_epoch2(node1)', '~locked_epoch1(node0)', '~locked_epoch3(node1)']
num_forall :   2
num_exists :   0
num_literals : 5
quantified form : forall NODE1,NODE0. ep_epoch2(NODE0) | ep_epoch1(NODE0) | locked_epoch3(NODE0) | locked_epoch1(NODE1) | NODE0 = NODE1
qcost : 7




=== Prime Orbit 250 =====================
size : 2
num_suborbits: 1
271 (*) : -0-0---------00-----------
271     : ['~ep_epoch1(node0)', '~ep_epoch3(node0)', '~locked_epoch1(node1)', '~locked_epoch2(node0)']
272     : -----0-0----0--0----------
272     : ['~ep_epoch1(node1)', '~ep_epoch3(node1)', '~locked_epoch1(node0)', '~locked_epoch2(node1)']
num_forall :   2
num_exists :   0
num_literals : 5
quantified form : forall NODE1,NODE0. ep_epoch1(NODE0) | ep_epoch3(NODE0) | locked_epoch2(NODE0) | locked_epoch1(NODE1) | NODE0 = NODE1
qcost : 7




=== Prime Orbit 251 =====================
size : 2
num_suborbits: 1
269 (*) : -0------0----00-----------
269     : ['~ep_epoch1(node0)', '~held(node0)', '~locked_epoch1(node1)', '~locked_epoch2(node0)']
270     : -----0---0--0--0----------
270     : ['~ep_epoch1(node1)', '~held(node1)', '~locked_epoch1(node0)', '~locked_epoch2(node1)']
num_forall :   2
num_exists :   0
num_literals : 5
quantified form : forall NODE1,NODE0. locked_epoch1(NODE1) | ep_epoch1(NODE0) | locked_epoch2(NODE0) | held(NODE0) | NODE0 = NODE1
qcost : 7




=== Prime Orbit 252 =====================
size : 2
num_suborbits: 1
273 (*) : -0-----------00-0---------
273     : ['~ep_epoch1(node0)', '~locked_epoch1(node1)', '~locked_epoch2(node0)', '~locked_epoch3(node0)']
274     : -----0------0--0-0--------
274     : ['~ep_epoch1(node1)', '~locked_epoch1(node0)', '~locked_epoch2(node1)', '~locked_epoch3(node1)']
num_forall :   2
num_exists :   0
num_literals : 5
quantified form : forall NODE1,NODE0. ep_epoch1(NODE0) | locked_epoch3(NODE0) | locked_epoch2(NODE0) | locked_epoch1(NODE1) | NODE0 = NODE1
qcost : 7




=== Prime Orbit 253 =====================
size : 2
num_suborbits: 1
616 (*) : 1-----1--0--------------00
616     : ['ep_epoch0(node0)', 'ep_epoch2(node1)', '~held(node1)', '~transfer_epoch3(node0)', '~transfer_epoch3(node1)']
615     : --1-1---0---------------00
615     : ['ep_epoch0(node1)', 'ep_epoch2(node0)', '~held(node0)', '~transfer_epoch3(node0)', '~transfer_epoch3(node1)']
num_forall :   2
num_exists :   0
num_literals : 6
quantified form : forall NODE1,NODE0. held(NODE1) | ~ep_epoch2(NODE1) | ~ep_epoch0(NODE0) | transfer_epoch3(NODE1) | transfer_epoch3(NODE0) | NODE0 = NODE1
qcost : 8




=== Prime Orbit 254 =====================
size : 2
num_suborbits: 1
611 (*) : 1--------0-----1--------00
611     : ['ep_epoch0(node0)', 'locked_epoch2(node1)', '~held(node1)', '~transfer_epoch3(node0)', '~transfer_epoch3(node1)']
612     : ----1---0-----1---------00
612     : ['ep_epoch0(node1)', 'locked_epoch2(node0)', '~held(node0)', '~transfer_epoch3(node0)', '~transfer_epoch3(node1)']
num_forall :   2
num_exists :   0
num_literals : 6
quantified form : forall NODE1,NODE0. held(NODE1) | transfer_epoch3(NODE0) | ~ep_epoch0(NODE0) | transfer_epoch3(NODE1) | ~locked_epoch2(NODE1) | NODE0 = NODE1
qcost : 8




=== Prime Orbit 255 =====================
size : 2
num_suborbits: 1
614 (*) : 1----0---0--------------00
614     : ['ep_epoch0(node0)', '~ep_epoch1(node1)', '~held(node1)', '~transfer_epoch3(node0)', '~transfer_epoch3(node1)']
613     : -0--1---0---------------00
613     : ['ep_epoch0(node1)', '~ep_epoch1(node0)', '~held(node0)', '~transfer_epoch3(node0)', '~transfer_epoch3(node1)']
num_forall :   2
num_exists :   0
num_literals : 6
quantified form : forall NODE1,NODE0. held(NODE1) | transfer_epoch3(NODE0) | ~ep_epoch0(NODE0) | transfer_epoch3(NODE1) | ep_epoch1(NODE1) | NODE0 = NODE1
qcost : 8




=== Prime Orbit 256 =====================
size : 2
num_suborbits: 1
586 (*) : -1----1--0--------------00
586     : ['ep_epoch1(node0)', 'ep_epoch2(node1)', '~held(node1)', '~transfer_epoch3(node0)', '~transfer_epoch3(node1)']
585     : --1--1--0---------------00
585     : ['ep_epoch1(node1)', 'ep_epoch2(node0)', '~held(node0)', '~transfer_epoch3(node0)', '~transfer_epoch3(node1)']
num_forall :   2
num_exists :   0
num_literals : 6
quantified form : forall NODE1,NODE0. held(NODE1) | ~ep_epoch2(NODE1) | transfer_epoch3(NODE0) | transfer_epoch3(NODE1) | ~ep_epoch1(NODE0) | NODE0 = NODE1
qcost : 8




=== Prime Orbit 257 =====================
size : 2
num_suborbits: 1
584 (*) : -1-------0-----1--------00
584     : ['ep_epoch1(node0)', 'locked_epoch2(node1)', '~held(node1)', '~transfer_epoch3(node0)', '~transfer_epoch3(node1)']
583     : -----1--0-----1---------00
583     : ['ep_epoch1(node1)', 'locked_epoch2(node0)', '~held(node0)', '~transfer_epoch3(node0)', '~transfer_epoch3(node1)']
num_forall :   2
num_exists :   0
num_literals : 6
quantified form : forall NODE1,NODE0. held(NODE1) | transfer_epoch3(NODE0) | transfer_epoch3(NODE1) | ~ep_epoch1(NODE0) | ~locked_epoch2(NODE1) | NODE0 = NODE1
qcost : 8




=== Prime Orbit 258 =====================
size : 2
num_suborbits: 1
582 (*) : -1--0----0--------------00
582     : ['ep_epoch1(node0)', '~ep_epoch0(node1)', '~held(node1)', '~transfer_epoch3(node0)', '~transfer_epoch3(node1)']
581     : 0----1--0---------------00
581     : ['ep_epoch1(node1)', '~ep_epoch0(node0)', '~held(node0)', '~transfer_epoch3(node0)', '~transfer_epoch3(node1)']
num_forall :   2
num_exists :   0
num_literals : 6
quantified form : forall NODE1,NODE0. ep_epoch0(NODE1) | held(NODE1) | transfer_epoch3(NODE0) | transfer_epoch3(NODE1) | ~ep_epoch1(NODE0) | NODE0 = NODE1
qcost : 8




=== Prime Orbit 259 =====================
size : 2
num_suborbits: 1
617 (*) : --1----00---------------00
617     : ['ep_epoch2(node0)', '~ep_epoch3(node1)', '~held(node0)', '~transfer_epoch3(node0)', '~transfer_epoch3(node1)']
618     : ---0--1--0--------------00
618     : ['ep_epoch2(node1)', '~ep_epoch3(node0)', '~held(node1)', '~transfer_epoch3(node0)', '~transfer_epoch3(node1)']
num_forall :   2
num_exists :   0
num_literals : 6
quantified form : forall NODE1,NODE0. held(NODE0) | transfer_epoch3(NODE0) | transfer_epoch3(NODE1) | ~ep_epoch2(NODE0) | ep_epoch3(NODE1) | NODE0 = NODE1
qcost : 8




=== Prime Orbit 260 =====================
size : 2
num_suborbits: 1
619 (*) : --1-----00--------------00
619     : ['ep_epoch2(node0)', '~held(node0)', '~held(node1)', '~transfer_epoch3(node0)', '~transfer_epoch3(node1)']
620     : ------1-00--------------00
620     : ['ep_epoch2(node1)', '~held(node0)', '~held(node1)', '~transfer_epoch3(node0)', '~transfer_epoch3(node1)']
num_forall :   2
num_exists :   0
num_literals : 6
quantified form : forall NODE1,NODE0. held(NODE0) | held(NODE1) | transfer_epoch3(NODE0) | transfer_epoch3(NODE1) | ~ep_epoch2(NODE0) | NODE0 = NODE1
qcost : 8




=== Prime Orbit 261 =====================
size : 2
num_suborbits: 1
621 (*) : --1-----0--------0------00
621     : ['ep_epoch2(node0)', '~held(node0)', '~locked_epoch3(node1)', '~transfer_epoch3(node0)', '~transfer_epoch3(node1)']
622     : ------1--0------0-------00
622     : ['ep_epoch2(node1)', '~held(node1)', '~locked_epoch3(node0)', '~transfer_epoch3(node0)', '~transfer_epoch3(node1)']
num_forall :   2
num_exists :   0
num_literals : 6
quantified form : forall NODE1,NODE0. held(NODE0) | transfer_epoch3(NODE0) | transfer_epoch3(NODE1) | ~ep_epoch2(NODE0) | locked_epoch3(NODE1) | NODE0 = NODE1
qcost : 8




=== Prime Orbit 262 =====================
size : 2
num_suborbits: 1
668 (*) : -00-0-0-----1-------------
668     : ['locked_epoch1(node0)', '~ep_epoch0(node1)', '~ep_epoch1(node0)', '~ep_epoch2(node0)', '~ep_epoch2(node1)']
667     : 0-0--00------1------------
667     : ['locked_epoch1(node1)', '~ep_epoch0(node0)', '~ep_epoch1(node1)', '~ep_epoch2(node0)', '~ep_epoch2(node1)']
num_forall :   2
num_exists :   0
num_literals : 6
quantified form : forall NODE1,NODE0. ~locked_epoch1(NODE0) | ep_epoch0(NODE1) | ep_epoch2(NODE1) | ep_epoch2(NODE0) | ep_epoch1(NODE0) | NODE0 = NODE1
qcost : 8




=== Prime Orbit 263 =====================
size : 4
num_suborbits: 2
669 (*) : -00-0-------1--0----------
669     : ['locked_epoch1(node0)', '~ep_epoch0(node1)', '~ep_epoch1(node0)', '~ep_epoch2(node0)', '~locked_epoch2(node1)']
664     : -0--0-0-----1-0-----------
664     : ['locked_epoch1(node0)', '~ep_epoch0(node1)', '~ep_epoch1(node0)', '~ep_epoch2(node1)', '~locked_epoch2(node0)']
663     : 0-0--0-------1-0----------
663     : ['locked_epoch1(node1)', '~ep_epoch0(node0)', '~ep_epoch1(node1)', '~ep_epoch2(node0)', '~locked_epoch2(node1)']
670     : 0----00------10-----------
670     : ['locked_epoch1(node1)', '~ep_epoch0(node0)', '~ep_epoch1(node1)', '~ep_epoch2(node1)', '~locked_epoch2(node0)']
num_forall :   4
num_exists :   0
num_literals : 11
quantified form : forall NODE3,NODE1,NODE2,NODE0. ~locked_epoch1(NODE0) | ep_epoch0(NODE1) | ep_epoch2(NODE2) | locked_epoch2(NODE3) | ep_epoch1(NODE0) | ((NODE0 ~= NODE3 | NODE1 ~= NODE2 | NODE0 = NODE1) & (NODE0 ~= NODE2 | NODE1 ~= NODE3 | NODE0 = NODE1))
qcost : 15




=== Prime Orbit 264 =====================
size : 2
num_suborbits: 1
626 (*) : -0-00--0----1-------------
626     : ['locked_epoch1(node0)', '~ep_epoch0(node1)', '~ep_epoch1(node0)', '~ep_epoch3(node0)', '~ep_epoch3(node1)']
625     : 0--0-0-0-----1------------
625     : ['locked_epoch1(node1)', '~ep_epoch0(node0)', '~ep_epoch1(node1)', '~ep_epoch3(node0)', '~ep_epoch3(node1)']
num_forall :   2
num_exists :   0
num_literals : 6
quantified form : forall NODE1,NODE0. ~locked_epoch1(NODE0) | ep_epoch0(NODE1) | ep_epoch1(NODE0) | ep_epoch3(NODE0) | ep_epoch3(NODE1) | NODE0 = NODE1
qcost : 8




=== Prime Orbit 265 =====================
size : 4
num_suborbits: 2
634 (*) : -0-00----0--1-------------
634     : ['locked_epoch1(node0)', '~ep_epoch0(node1)', '~ep_epoch1(node0)', '~ep_epoch3(node0)', '~held(node1)']
635     : -0--0--00---1-------------
635     : ['locked_epoch1(node0)', '~ep_epoch0(node1)', '~ep_epoch1(node0)', '~ep_epoch3(node1)', '~held(node0)']
636     : 0--0-0---0---1------------
636     : ['locked_epoch1(node1)', '~ep_epoch0(node0)', '~ep_epoch1(node1)', '~ep_epoch3(node0)', '~held(node1)']
633     : 0----0-00----1------------
633     : ['locked_epoch1(node1)', '~ep_epoch0(node0)', '~ep_epoch1(node1)', '~ep_epoch3(node1)', '~held(node0)']
num_forall :   4
num_exists :   0
num_literals : 11
quantified form : forall NODE3,NODE1,NODE2,NODE0. ep_epoch3(NODE2) | ~locked_epoch1(NODE0) | ep_epoch0(NODE1) | held(NODE3) | ep_epoch1(NODE0) | ((NODE0 ~= NODE2 | NODE1 ~= NODE3 | NODE0 = NODE1) & (NODE0 ~= NODE3 | NODE1 ~= NODE2 | NODE0 = NODE1))
qcost : 15




=== Prime Orbit 266 =====================
size : 4
num_suborbits: 2
632 (*) : -0-00-------1----0--------
632     : ['locked_epoch1(node0)', '~ep_epoch0(node1)', '~ep_epoch1(node0)', '~ep_epoch3(node0)', '~locked_epoch3(node1)']
637     : -0--0--0----1---0---------
637     : ['locked_epoch1(node0)', '~ep_epoch0(node1)', '~ep_epoch1(node0)', '~ep_epoch3(node1)', '~locked_epoch3(node0)']
638     : 0--0-0-------1---0--------
638     : ['locked_epoch1(node1)', '~ep_epoch0(node0)', '~ep_epoch1(node1)', '~ep_epoch3(node0)', '~locked_epoch3(node1)']
631     : 0----0-0-----1--0---------
631     : ['locked_epoch1(node1)', '~ep_epoch0(node0)', '~ep_epoch1(node1)', '~ep_epoch3(node1)', '~locked_epoch3(node0)']
num_forall :   4
num_exists :   0
num_literals : 11
quantified form : forall NODE3,NODE1,NODE2,NODE0. ep_epoch3(NODE2) | ~locked_epoch1(NODE0) | ep_epoch0(NODE1) | locked_epoch3(NODE3) | ep_epoch1(NODE0) | ((NODE0 ~= NODE2 | NODE1 ~= NODE3 | NODE0 = NODE1) & (NODE0 ~= NODE3 | NODE1 ~= NODE2 | NODE0 = NODE1))
qcost : 15




=== Prime Orbit 267 =====================
size : 2
num_suborbits: 1
653 (*) : -0--0---00--1-------------
653     : ['locked_epoch1(node0)', '~ep_epoch0(node1)', '~ep_epoch1(node0)', '~held(node0)', '~held(node1)']
654     : 0----0--00---1------------
654     : ['locked_epoch1(node1)', '~ep_epoch0(node0)', '~ep_epoch1(node1)', '~held(node0)', '~held(node1)']
num_forall :   2
num_exists :   0
num_literals : 6
quantified form : forall NODE1,NODE0. ~locked_epoch1(NODE0) | ep_epoch0(NODE1) | held(NODE0) | held(NODE1) | ep_epoch1(NODE0) | NODE0 = NODE1
qcost : 8




=== Prime Orbit 268 =====================
size : 4
num_suborbits: 2
655 (*) : -0--0---0---1----0--------
655     : ['locked_epoch1(node0)', '~ep_epoch0(node1)', '~ep_epoch1(node0)', '~held(node0)', '~locked_epoch3(node1)']
647     : -0--0----0--1---0---------
647     : ['locked_epoch1(node0)', '~ep_epoch0(node1)', '~ep_epoch1(node0)', '~held(node1)', '~locked_epoch3(node0)']
648     : 0----0--0----1---0--------
648     : ['locked_epoch1(node1)', '~ep_epoch0(node0)', '~ep_epoch1(node1)', '~held(node0)', '~locked_epoch3(node1)']
656     : 0----0---0---1--0---------
656     : ['locked_epoch1(node1)', '~ep_epoch0(node0)', '~ep_epoch1(node1)', '~held(node1)', '~locked_epoch3(node0)']
num_forall :   4
num_exists :   0
num_literals : 11
quantified form : forall NODE3,NODE1,NODE2,NODE0. ~locked_epoch1(NODE0) | ep_epoch0(NODE1) | held(NODE2) | locked_epoch3(NODE3) | ep_epoch1(NODE0) | ((NODE0 ~= NODE3 | NODE1 ~= NODE2 | NODE0 = NODE1) & (NODE0 ~= NODE2 | NODE1 ~= NODE3 | NODE0 = NODE1))
qcost : 15




=== Prime Orbit 269 =====================
size : 2
num_suborbits: 1
674 (*) : -0--0-------1-00----------
674     : ['locked_epoch1(node0)', '~ep_epoch0(node1)', '~ep_epoch1(node0)', '~locked_epoch2(node0)', '~locked_epoch2(node1)']
673     : 0----0-------100----------
673     : ['locked_epoch1(node1)', '~ep_epoch0(node0)', '~ep_epoch1(node1)', '~locked_epoch2(node0)', '~locked_epoch2(node1)']
num_forall :   2
num_exists :   0
num_literals : 6
quantified form : forall NODE1,NODE0. ~locked_epoch1(NODE0) | ep_epoch0(NODE1) | locked_epoch2(NODE0) | ep_epoch1(NODE0) | locked_epoch2(NODE1) | NODE0 = NODE1
qcost : 8




=== Prime Orbit 270 =====================
size : 2
num_suborbits: 1
645 (*) : -0--0-------1---00--------
645     : ['locked_epoch1(node0)', '~ep_epoch0(node1)', '~ep_epoch1(node0)', '~locked_epoch3(node0)', '~locked_epoch3(node1)']
646     : 0----0-------1--00--------
646     : ['locked_epoch1(node1)', '~ep_epoch0(node0)', '~ep_epoch1(node1)', '~locked_epoch3(node0)', '~locked_epoch3(node1)']
num_forall :   2
num_exists :   0
num_literals : 6
quantified form : forall NODE1,NODE0. ~locked_epoch1(NODE0) | ep_epoch0(NODE1) | locked_epoch3(NODE0) | locked_epoch3(NODE1) | ep_epoch1(NODE0) | NODE0 = NODE1
qcost : 8




=== Prime Orbit 271 =====================
size : 2
num_suborbits: 1
610 (*) : -------00-----1---------00
610     : ['locked_epoch2(node0)', '~ep_epoch3(node1)', '~held(node0)', '~transfer_epoch3(node0)', '~transfer_epoch3(node1)']
609     : ---0-----0-----1--------00
609     : ['locked_epoch2(node1)', '~ep_epoch3(node0)', '~held(node1)', '~transfer_epoch3(node0)', '~transfer_epoch3(node1)']
num_forall :   2
num_exists :   0
num_literals : 6
quantified form : forall NODE1,NODE0. held(NODE0) | transfer_epoch3(NODE0) | transfer_epoch3(NODE1) | ~locked_epoch2(NODE0) | ep_epoch3(NODE1) | NODE0 = NODE1
qcost : 8




=== Prime Orbit 272 =====================
size : 2
num_suborbits: 1
608 (*) : --------00----1---------00
608     : ['locked_epoch2(node0)', '~held(node0)', '~held(node1)', '~transfer_epoch3(node0)', '~transfer_epoch3(node1)']
607     : --------00-----1--------00
607     : ['locked_epoch2(node1)', '~held(node0)', '~held(node1)', '~transfer_epoch3(node0)', '~transfer_epoch3(node1)']
num_forall :   2
num_exists :   0
num_literals : 6
quantified form : forall NODE1,NODE0. held(NODE0) | held(NODE1) | transfer_epoch3(NODE0) | transfer_epoch3(NODE1) | ~locked_epoch2(NODE0) | NODE0 = NODE1
qcost : 8




=== Prime Orbit 273 =====================
size : 2
num_suborbits: 1
606 (*) : --------0-----1--0------00
606     : ['locked_epoch2(node0)', '~held(node0)', '~locked_epoch3(node1)', '~transfer_epoch3(node0)', '~transfer_epoch3(node1)']
605     : ---------0-----10-------00
605     : ['locked_epoch2(node1)', '~held(node1)', '~locked_epoch3(node0)', '~transfer_epoch3(node0)', '~transfer_epoch3(node1)']
num_forall :   2
num_exists :   0
num_literals : 6
quantified form : forall NODE1,NODE0. held(NODE0) | transfer_epoch3(NODE0) | transfer_epoch3(NODE1) | locked_epoch3(NODE1) | ~locked_epoch2(NODE0) | NODE0 = NODE1
qcost : 8




=== Prime Orbit 274 =====================
size : 2
num_suborbits: 1
604 (*) : 00--00------------------1-
604     : ['transfer_epoch3(node0)', '~ep_epoch0(node0)', '~ep_epoch0(node1)', '~ep_epoch1(node0)', '~ep_epoch1(node1)']
603     : 00--00-------------------1
603     : ['transfer_epoch3(node1)', '~ep_epoch0(node0)', '~ep_epoch0(node1)', '~ep_epoch1(node0)', '~ep_epoch1(node1)']
num_forall :   2
num_exists :   0
num_literals : 6
quantified form : forall NODE1,NODE0. ep_epoch0(NODE0) | ~transfer_epoch3(NODE0) | ep_epoch0(NODE1) | ep_epoch1(NODE0) | ep_epoch1(NODE1) | NODE0 = NODE1
qcost : 8




=== Prime Orbit 275 =====================
size : 2
num_suborbits: 1
592 (*) : 0-0-0-0-----------------1-
592     : ['transfer_epoch3(node0)', '~ep_epoch0(node0)', '~ep_epoch0(node1)', '~ep_epoch2(node0)', '~ep_epoch2(node1)']
591     : 0-0-0-0------------------1
591     : ['transfer_epoch3(node1)', '~ep_epoch0(node0)', '~ep_epoch0(node1)', '~ep_epoch2(node0)', '~ep_epoch2(node1)']
num_forall :   2
num_exists :   0
num_literals : 6
quantified form : forall NODE1,NODE0. ep_epoch0(NODE0) | ~transfer_epoch3(NODE0) | ep_epoch0(NODE1) | ep_epoch2(NODE1) | ep_epoch2(NODE0) | NODE0 = NODE1
qcost : 8




=== Prime Orbit 276 =====================
size : 4
num_suborbits: 2
594 (*) : 0-0-0----------0--------1-
594     : ['transfer_epoch3(node0)', '~ep_epoch0(node0)', '~ep_epoch0(node1)', '~ep_epoch2(node0)', '~locked_epoch2(node1)']
590     : 0---0-0-------0---------1-
590     : ['transfer_epoch3(node0)', '~ep_epoch0(node0)', '~ep_epoch0(node1)', '~ep_epoch2(node1)', '~locked_epoch2(node0)']
589     : 0-0-0----------0---------1
589     : ['transfer_epoch3(node1)', '~ep_epoch0(node0)', '~ep_epoch0(node1)', '~ep_epoch2(node0)', '~locked_epoch2(node1)']
593     : 0---0-0-------0----------1
593     : ['transfer_epoch3(node1)', '~ep_epoch0(node0)', '~ep_epoch0(node1)', '~ep_epoch2(node1)', '~locked_epoch2(node0)']
num_forall :   4
num_exists :   0
num_literals : 11
quantified form : forall NODE3,NODE1,NODE2,NODE0. ep_epoch0(NODE0) | ~transfer_epoch3(NODE0) | ep_epoch0(NODE1) | ep_epoch2(NODE2) | locked_epoch2(NODE3) | ((NODE0 ~= NODE3 | NODE1 ~= NODE2 | NODE0 = NODE1) & (NODE0 ~= NODE2 | NODE1 ~= NODE3 | NODE0 = NODE1))
qcost : 15




=== Prime Orbit 277 =====================
size : 2
num_suborbits: 1
588 (*) : 0---0---------00--------1-
588     : ['transfer_epoch3(node0)', '~ep_epoch0(node0)', '~ep_epoch0(node1)', '~locked_epoch2(node0)', '~locked_epoch2(node1)']
587     : 0---0---------00---------1
587     : ['transfer_epoch3(node1)', '~ep_epoch0(node0)', '~ep_epoch0(node1)', '~locked_epoch2(node0)', '~locked_epoch2(node1)']
num_forall :   2
num_exists :   0
num_literals : 6
quantified form : forall NODE1,NODE0. ~transfer_epoch3(NODE0) | ep_epoch0(NODE0) | ep_epoch0(NODE1) | locked_epoch2(NODE0) | locked_epoch2(NODE1) | NODE0 = NODE1
qcost : 8




=== Prime Orbit 278 =====================
size : 2
num_suborbits: 1
602 (*) : -00--00-----------------1-
602     : ['transfer_epoch3(node0)', '~ep_epoch1(node0)', '~ep_epoch1(node1)', '~ep_epoch2(node0)', '~ep_epoch2(node1)']
601     : -00--00------------------1
601     : ['transfer_epoch3(node1)', '~ep_epoch1(node0)', '~ep_epoch1(node1)', '~ep_epoch2(node0)', '~ep_epoch2(node1)']
num_forall :   2
num_exists :   0
num_literals : 6
quantified form : forall NODE1,NODE0. ~transfer_epoch3(NODE0) | ep_epoch2(NODE1) | ep_epoch2(NODE0) | ep_epoch1(NODE0) | ep_epoch1(NODE1) | NODE0 = NODE1
qcost : 8




=== Prime Orbit 279 =====================
size : 4
num_suborbits: 2
598 (*) : -00--0---------0--------1-
598     : ['transfer_epoch3(node0)', '~ep_epoch1(node0)', '~ep_epoch1(node1)', '~ep_epoch2(node0)', '~locked_epoch2(node1)']
600     : -0---00-------0---------1-
600     : ['transfer_epoch3(node0)', '~ep_epoch1(node0)', '~ep_epoch1(node1)', '~ep_epoch2(node1)', '~locked_epoch2(node0)']
599     : -00--0---------0---------1
599     : ['transfer_epoch3(node1)', '~ep_epoch1(node0)', '~ep_epoch1(node1)', '~ep_epoch2(node0)', '~locked_epoch2(node1)']
597     : -0---00-------0----------1
597     : ['transfer_epoch3(node1)', '~ep_epoch1(node0)', '~ep_epoch1(node1)', '~ep_epoch2(node1)', '~locked_epoch2(node0)']
num_forall :   4
num_exists :   0
num_literals : 11
quantified form : forall NODE3,NODE1,NODE2,NODE0. ~transfer_epoch3(NODE0) | ep_epoch1(NODE0) | ep_epoch2(NODE2) | locked_epoch2(NODE3) | ep_epoch1(NODE1) | ((NODE0 ~= NODE2 | NODE1 ~= NODE3 | NODE0 = NODE1) & (NODE0 ~= NODE3 | NODE1 ~= NODE2 | NODE0 = NODE1))
qcost : 15




=== Prime Orbit 280 =====================
size : 2
num_suborbits: 1
596 (*) : -0---0--------00--------1-
596     : ['transfer_epoch3(node0)', '~ep_epoch1(node0)', '~ep_epoch1(node1)', '~locked_epoch2(node0)', '~locked_epoch2(node1)']
595     : -0---0--------00---------1
595     : ['transfer_epoch3(node1)', '~ep_epoch1(node0)', '~ep_epoch1(node1)', '~locked_epoch2(node0)', '~locked_epoch2(node1)']
num_forall :   2
num_exists :   0
num_literals : 6
quantified form : forall NODE1,NODE0. ~transfer_epoch3(NODE0) | locked_epoch2(NODE0) | ep_epoch1(NODE0) | ep_epoch1(NODE1) | locked_epoch2(NODE1) | NODE0 = NODE1
qcost : 8




=== Prime Orbit 281 =====================
size : 2
num_suborbits: 1
660 (*) : 0-0--00-----0-------------
660     : ['~ep_epoch0(node0)', '~ep_epoch1(node1)', '~ep_epoch2(node0)', '~ep_epoch2(node1)', '~locked_epoch1(node0)']
659     : -00-0-0------0------------
659     : ['~ep_epoch0(node1)', '~ep_epoch1(node0)', '~ep_epoch2(node0)', '~ep_epoch2(node1)', '~locked_epoch1(node1)']
num_forall :   2
num_exists :   0
num_literals : 6
quantified form : forall NODE1,NODE0. ep_epoch0(NODE0) | ep_epoch2(NODE1) | locked_epoch1(NODE0) | ep_epoch2(NODE0) | ep_epoch1(NODE1) | NODE0 = NODE1
qcost : 8




=== Prime Orbit 282 =====================
size : 4
num_suborbits: 2
665 (*) : 0-0--0------0--0----------
665     : ['~ep_epoch0(node0)', '~ep_epoch1(node1)', '~ep_epoch2(node0)', '~locked_epoch1(node0)', '~locked_epoch2(node1)']
662     : 0----00-----0-0-----------
662     : ['~ep_epoch0(node0)', '~ep_epoch1(node1)', '~ep_epoch2(node1)', '~locked_epoch1(node0)', '~locked_epoch2(node0)']
661     : -00-0--------0-0----------
661     : ['~ep_epoch0(node1)', '~ep_epoch1(node0)', '~ep_epoch2(node0)', '~locked_epoch1(node1)', '~locked_epoch2(node1)']
666     : -0--0-0------00-----------
666     : ['~ep_epoch0(node1)', '~ep_epoch1(node0)', '~ep_epoch2(node1)', '~locked_epoch1(node1)', '~locked_epoch2(node0)']
num_forall :   4
num_exists :   0
num_literals : 11
quantified form : forall NODE3,NODE1,NODE2,NODE0. ep_epoch0(NODE0) | locked_epoch1(NODE0) | ep_epoch2(NODE2) | locked_epoch2(NODE3) | ep_epoch1(NODE1) | ((NODE0 ~= NODE3 | NODE1 ~= NODE2 | NODE0 = NODE1) & (NODE0 ~= NODE2 | NODE1 ~= NODE3 | NODE0 = NODE1))
qcost : 15




=== Prime Orbit 283 =====================
size : 2
num_suborbits: 1
623 (*) : 0--0-0-0----0-------------
623     : ['~ep_epoch0(node0)', '~ep_epoch1(node1)', '~ep_epoch3(node0)', '~ep_epoch3(node1)', '~locked_epoch1(node0)']
624     : -0-00--0-----0------------
624     : ['~ep_epoch0(node1)', '~ep_epoch1(node0)', '~ep_epoch3(node0)', '~ep_epoch3(node1)', '~locked_epoch1(node1)']
num_forall :   2
num_exists :   0
num_literals : 6
quantified form : forall NODE1,NODE0. ep_epoch0(NODE0) | locked_epoch1(NODE0) | ep_epoch3(NODE0) | ep_epoch1(NODE1) | ep_epoch3(NODE1) | NODE0 = NODE1
qcost : 8




=== Prime Orbit 284 =====================
size : 4
num_suborbits: 2
642 (*) : 0--0-0---0--0-------------
642     : ['~ep_epoch0(node0)', '~ep_epoch1(node1)', '~ep_epoch3(node0)', '~held(node1)', '~locked_epoch1(node0)']
629     : 0----0-00---0-------------
629     : ['~ep_epoch0(node0)', '~ep_epoch1(node1)', '~ep_epoch3(node1)', '~held(node0)', '~locked_epoch1(node0)']
630     : -0-00----0---0------------
630     : ['~ep_epoch0(node1)', '~ep_epoch1(node0)', '~ep_epoch3(node0)', '~held(node1)', '~locked_epoch1(node1)']
641     : -0--0--00----0------------
641     : ['~ep_epoch0(node1)', '~ep_epoch1(node0)', '~ep_epoch3(node1)', '~held(node0)', '~locked_epoch1(node1)']
num_forall :   4
num_exists :   0
num_literals : 11
quantified form : forall NODE3,NODE1,NODE2,NODE0. ep_epoch3(NODE2) | ep_epoch0(NODE0) | held(NODE3) | locked_epoch1(NODE0) | ep_epoch1(NODE1) | ((NODE0 ~= NODE3 | NODE1 ~= NODE2 | NODE0 = NODE1) & (NODE0 ~= NODE2 | NODE1 ~= NODE3 | NODE0 = NODE1))
qcost : 15




=== Prime Orbit 285 =====================
size : 4
num_suborbits: 2
640 (*) : 0--0-0------0----0--------
640     : ['~ep_epoch0(node0)', '~ep_epoch1(node1)', '~ep_epoch3(node0)', '~locked_epoch1(node0)', '~locked_epoch3(node1)']
627     : 0----0-0----0---0---------
627     : ['~ep_epoch0(node0)', '~ep_epoch1(node1)', '~ep_epoch3(node1)', '~locked_epoch1(node0)', '~locked_epoch3(node0)']
628     : -0-00--------0---0--------
628     : ['~ep_epoch0(node1)', '~ep_epoch1(node0)', '~ep_epoch3(node0)', '~locked_epoch1(node1)', '~locked_epoch3(node1)']
639     : -0--0--0-----0--0---------
639     : ['~ep_epoch0(node1)', '~ep_epoch1(node0)', '~ep_epoch3(node1)', '~locked_epoch1(node1)', '~locked_epoch3(node0)']
num_forall :   4
num_exists :   0
num_literals : 11
quantified form : forall NODE3,NODE1,NODE2,NODE0. ep_epoch3(NODE2) | ep_epoch0(NODE0) | locked_epoch1(NODE0) | locked_epoch3(NODE3) | ep_epoch1(NODE1) | ((NODE0 ~= NODE3 | NODE1 ~= NODE2 | NODE0 = NODE1) & (NODE0 ~= NODE2 | NODE1 ~= NODE3 | NODE0 = NODE1))
qcost : 15




=== Prime Orbit 286 =====================
size : 2
num_suborbits: 1
652 (*) : 0----0--00--0-------------
652     : ['~ep_epoch0(node0)', '~ep_epoch1(node1)', '~held(node0)', '~held(node1)', '~locked_epoch1(node0)']
651     : -0--0---00---0------------
651     : ['~ep_epoch0(node1)', '~ep_epoch1(node0)', '~held(node0)', '~held(node1)', '~locked_epoch1(node1)']
num_forall :   2
num_exists :   0
num_literals : 6
quantified form : forall NODE1,NODE0. ep_epoch0(NODE0) | held(NODE0) | held(NODE1) | locked_epoch1(NODE0) | ep_epoch1(NODE1) | NODE0 = NODE1
qcost : 8




=== Prime Orbit 287 =====================
size : 4
num_suborbits: 2
650 (*) : 0----0--0---0----0--------
650     : ['~ep_epoch0(node0)', '~ep_epoch1(node1)', '~held(node0)', '~locked_epoch1(node0)', '~locked_epoch3(node1)']
658     : 0----0---0--0---0---------
658     : ['~ep_epoch0(node0)', '~ep_epoch1(node1)', '~held(node1)', '~locked_epoch1(node0)', '~locked_epoch3(node0)']
657     : -0--0---0----0---0--------
657     : ['~ep_epoch0(node1)', '~ep_epoch1(node0)', '~held(node0)', '~locked_epoch1(node1)', '~locked_epoch3(node1)']
649     : -0--0----0---0--0---------
649     : ['~ep_epoch0(node1)', '~ep_epoch1(node0)', '~held(node1)', '~locked_epoch1(node1)', '~locked_epoch3(node0)']
num_forall :   4
num_exists :   0
num_literals : 11
quantified form : forall NODE3,NODE1,NODE2,NODE0. ep_epoch0(NODE0) | held(NODE2) | locked_epoch1(NODE0) | locked_epoch3(NODE3) | ep_epoch1(NODE1) | ((NODE0 ~= NODE2 | NODE1 ~= NODE3 | NODE0 = NODE1) & (NODE0 ~= NODE3 | NODE1 ~= NODE2 | NODE0 = NODE1))
qcost : 15




=== Prime Orbit 288 =====================
size : 2
num_suborbits: 1
671 (*) : 0----0------0-00----------
671     : ['~ep_epoch0(node0)', '~ep_epoch1(node1)', '~locked_epoch1(node0)', '~locked_epoch2(node0)', '~locked_epoch2(node1)']
672     : -0--0--------000----------
672     : ['~ep_epoch0(node1)', '~ep_epoch1(node0)', '~locked_epoch1(node1)', '~locked_epoch2(node0)', '~locked_epoch2(node1)']
num_forall :   2
num_exists :   0
num_literals : 6
quantified form : forall NODE1,NODE0. ep_epoch0(NODE0) | locked_epoch1(NODE0) | locked_epoch2(NODE0) | ep_epoch1(NODE1) | locked_epoch2(NODE1) | NODE0 = NODE1
qcost : 8




=== Prime Orbit 289 =====================
size : 2
num_suborbits: 1
644 (*) : 0----0------0---00--------
644     : ['~ep_epoch0(node0)', '~ep_epoch1(node1)', '~locked_epoch1(node0)', '~locked_epoch3(node0)', '~locked_epoch3(node1)']
643     : -0--0--------0--00--------
643     : ['~ep_epoch0(node1)', '~ep_epoch1(node0)', '~locked_epoch1(node1)', '~locked_epoch3(node0)', '~locked_epoch3(node1)']
num_forall :   2
num_exists :   0
num_literals : 6
quantified form : forall NODE1,NODE0. ep_epoch0(NODE0) | locked_epoch1(NODE0) | locked_epoch3(NODE0) | locked_epoch3(NODE1) | ep_epoch1(NODE1) | NODE0 = NODE1
qcost : 8




=== Prime Orbit 290 =====================
size : 2
num_suborbits: 1
773 (*) : 1--------0------------0000
773     : ['ep_epoch0(node0)', '~held(node1)', '~transfer_epoch2(node0)', '~transfer_epoch2(node1)', '~transfer_epoch3(node0)', '~transfer_epoch3(node1)']
774     : ----1---0-------------0000
774     : ['ep_epoch0(node1)', '~held(node0)', '~transfer_epoch2(node0)', '~transfer_epoch2(node1)', '~transfer_epoch3(node0)', '~transfer_epoch3(node1)']
num_forall :   2
num_exists :   0
num_literals : 7
quantified form : forall NODE1,NODE0. transfer_epoch2(NODE1) | held(NODE1) | transfer_epoch3(NODE0) | ~ep_epoch0(NODE0) | transfer_epoch3(NODE1) | transfer_epoch2(NODE0) | NODE0 = NODE1
qcost : 9




=== Prime Orbit 291 =====================
size : 2
num_suborbits: 1
776 (*) : ---00----0--1-----------00
776     : ['locked_epoch1(node0)', '~ep_epoch0(node1)', '~ep_epoch3(node0)', '~held(node1)', '~transfer_epoch3(node0)', '~transfer_epoch3(node1)']
775     : 0------00----1----------00
775     : ['locked_epoch1(node1)', '~ep_epoch0(node0)', '~ep_epoch3(node1)', '~held(node0)', '~transfer_epoch3(node0)', '~transfer_epoch3(node1)']
num_forall :   2
num_exists :   0
num_literals : 7
quantified form : forall NODE1,NODE0. ~locked_epoch1(NODE0) | ep_epoch0(NODE1) | held(NODE1) | transfer_epoch3(NODE0) | transfer_epoch3(NODE1) | ep_epoch3(NODE0) | NODE0 = NODE1
qcost : 9




=== Prime Orbit 292 =====================
size : 2
num_suborbits: 1
772 (*) : ----0---00--1-----------00
772     : ['locked_epoch1(node0)', '~ep_epoch0(node1)', '~held(node0)', '~held(node1)', '~transfer_epoch3(node0)', '~transfer_epoch3(node1)']
771     : 0-------00---1----------00
771     : ['locked_epoch1(node1)', '~ep_epoch0(node0)', '~held(node0)', '~held(node1)', '~transfer_epoch3(node0)', '~transfer_epoch3(node1)']
num_forall :   2
num_exists :   0
num_literals : 7
quantified form : forall NODE1,NODE0. ~locked_epoch1(NODE0) | ep_epoch0(NODE1) | held(NODE0) | held(NODE1) | transfer_epoch3(NODE0) | transfer_epoch3(NODE1) | NODE0 = NODE1
qcost : 9




=== Prime Orbit 293 =====================
size : 2
num_suborbits: 1
778 (*) : ----0----0--1---0-------00
778     : ['locked_epoch1(node0)', '~ep_epoch0(node1)', '~held(node1)', '~locked_epoch3(node0)', '~transfer_epoch3(node0)', '~transfer_epoch3(node1)']
777     : 0-------0----1---0------00
777     : ['locked_epoch1(node1)', '~ep_epoch0(node0)', '~held(node0)', '~locked_epoch3(node1)', '~transfer_epoch3(node0)', '~transfer_epoch3(node1)']
num_forall :   2
num_exists :   0
num_literals : 7
quantified form : forall NODE1,NODE0. ~locked_epoch1(NODE0) | ep_epoch0(NODE1) | held(NODE1) | transfer_epoch3(NODE0) | transfer_epoch3(NODE1) | locked_epoch3(NODE0) | NODE0 = NODE1
qcost : 9




=== Prime Orbit 294 =====================
size : 2
num_suborbits: 1
711 (*) : -0-----00---1-----------00
711     : ['locked_epoch1(node0)', '~ep_epoch1(node0)', '~ep_epoch3(node1)', '~held(node0)', '~transfer_epoch3(node0)', '~transfer_epoch3(node1)']
712     : ---0-0---0---1----------00
712     : ['locked_epoch1(node1)', '~ep_epoch1(node1)', '~ep_epoch3(node0)', '~held(node1)', '~transfer_epoch3(node0)', '~transfer_epoch3(node1)']
num_forall :   2
num_exists :   0
num_literals : 7
quantified form : forall NODE1,NODE0. ~locked_epoch1(NODE0) | held(NODE0) | transfer_epoch3(NODE0) | transfer_epoch3(NODE1) | ep_epoch1(NODE0) | ep_epoch3(NODE1) | NODE0 = NODE1
qcost : 9




=== Prime Orbit 295 =====================
size : 2
num_suborbits: 1
722 (*) : -0------00--1-----------00
722     : ['locked_epoch1(node0)', '~ep_epoch1(node0)', '~held(node0)', '~held(node1)', '~transfer_epoch3(node0)', '~transfer_epoch3(node1)']
723     : -----0--00---1----------00
723     : ['locked_epoch1(node1)', '~ep_epoch1(node1)', '~held(node0)', '~held(node1)', '~transfer_epoch3(node0)', '~transfer_epoch3(node1)']
num_forall :   2
num_exists :   0
num_literals : 7
quantified form : forall NODE1,NODE0. ~locked_epoch1(NODE0) | held(NODE0) | held(NODE1) | transfer_epoch3(NODE0) | transfer_epoch3(NODE1) | ep_epoch1(NODE0) | NODE0 = NODE1
qcost : 9




=== Prime Orbit 296 =====================
size : 2
num_suborbits: 1
709 (*) : -0------0---1----0------00
709     : ['locked_epoch1(node0)', '~ep_epoch1(node0)', '~held(node0)', '~locked_epoch3(node1)', '~transfer_epoch3(node0)', '~transfer_epoch3(node1)']
710     : -----0---0---1--0-------00
710     : ['locked_epoch1(node1)', '~ep_epoch1(node1)', '~held(node1)', '~locked_epoch3(node0)', '~transfer_epoch3(node0)', '~transfer_epoch3(node1)']
num_forall :   2
num_exists :   0
num_literals : 7
quantified form : forall NODE1,NODE0. ~locked_epoch1(NODE0) | held(NODE0) | transfer_epoch3(NODE0) | transfer_epoch3(NODE1) | locked_epoch3(NODE1) | ep_epoch1(NODE0) | NODE0 = NODE1
qcost : 9




=== Prime Orbit 297 =====================
size : 1
num_suborbits: 1
697 (*) : 000-000-------------------
697     : ['~ep_epoch0(node0)', '~ep_epoch0(node1)', '~ep_epoch1(node0)', '~ep_epoch1(node1)', '~ep_epoch2(node0)', '~ep_epoch2(node1)']
num_forall :   0
num_exists :   1
num_literals : 3
quantified form : exists NODE0. ep_epoch2(NODE0) | ep_epoch0(NODE0) | ep_epoch1(NODE0)
qcost : 4




=== Prime Orbit 298 =====================
size : 2
num_suborbits: 1
695 (*) : 000-00---------0----------
695     : ['~ep_epoch0(node0)', '~ep_epoch0(node1)', '~ep_epoch1(node0)', '~ep_epoch1(node1)', '~ep_epoch2(node0)', '~locked_epoch2(node1)']
696     : 00--000-------0-----------
696     : ['~ep_epoch0(node0)', '~ep_epoch0(node1)', '~ep_epoch1(node0)', '~ep_epoch1(node1)', '~ep_epoch2(node1)', '~locked_epoch2(node0)']
num_forall :   2
num_exists :   0
num_literals : 7
quantified form : forall NODE1,NODE0. ep_epoch0(NODE0) | ep_epoch0(NODE1) | ep_epoch2(NODE0) | ep_epoch1(NODE0) | ep_epoch1(NODE1) | locked_epoch2(NODE1) | NODE0 = NODE1
qcost : 9




=== Prime Orbit 299 =====================
size : 1
num_suborbits: 1
742 (*) : 00-000-0------------------
742     : ['~ep_epoch0(node0)', '~ep_epoch0(node1)', '~ep_epoch1(node0)', '~ep_epoch1(node1)', '~ep_epoch3(node0)', '~ep_epoch3(node1)']
num_forall :   0
num_exists :   1
num_literals : 3
quantified form : exists NODE0. ep_epoch0(NODE0) | ep_epoch3(NODE0) | ep_epoch1(NODE0)
qcost : 4




=== Prime Orbit 300 =====================
size : 2
num_suborbits: 1
734 (*) : 00-000---0----------------
734     : ['~ep_epoch0(node0)', '~ep_epoch0(node1)', '~ep_epoch1(node0)', '~ep_epoch1(node1)', '~ep_epoch3(node0)', '~held(node1)']
735     : 00--00-00-----------------
735     : ['~ep_epoch0(node0)', '~ep_epoch0(node1)', '~ep_epoch1(node0)', '~ep_epoch1(node1)', '~ep_epoch3(node1)', '~held(node0)']
num_forall :   2
num_exists :   0
num_literals : 7
quantified form : forall NODE1,NODE0. ep_epoch0(NODE0) | ep_epoch0(NODE1) | held(NODE1) | ep_epoch1(NODE0) | ep_epoch3(NODE0) | ep_epoch1(NODE1) | NODE0 = NODE1
qcost : 9




=== Prime Orbit 301 =====================
size : 2
num_suborbits: 1
739 (*) : 00-000-----------0--------
739     : ['~ep_epoch0(node0)', '~ep_epoch0(node1)', '~ep_epoch1(node0)', '~ep_epoch1(node1)', '~ep_epoch3(node0)', '~locked_epoch3(node1)']
740     : 00--00-0--------0---------
740     : ['~ep_epoch0(node0)', '~ep_epoch0(node1)', '~ep_epoch1(node0)', '~ep_epoch1(node1)', '~ep_epoch3(node1)', '~locked_epoch3(node0)']
num_forall :   2
num_exists :   0
num_literals : 7
quantified form : forall NODE1,NODE0. ep_epoch0(NODE0) | ep_epoch0(NODE1) | locked_epoch3(NODE1) | ep_epoch1(NODE0) | ep_epoch3(NODE0) | ep_epoch1(NODE1) | NODE0 = NODE1
qcost : 9




=== Prime Orbit 302 =====================
size : 1
num_suborbits: 1
738 (*) : 00--00--00----------------
738     : ['~ep_epoch0(node0)', '~ep_epoch0(node1)', '~ep_epoch1(node0)', '~ep_epoch1(node1)', '~held(node0)', '~held(node1)']
num_forall :   0
num_exists :   1
num_literals : 3
quantified form : exists NODE0. ep_epoch0(NODE0) | ep_epoch1(NODE0) | held(NODE0)
qcost : 4




=== Prime Orbit 303 =====================
size : 2
num_suborbits: 1
737 (*) : 00--00--0--------0--------
737     : ['~ep_epoch0(node0)', '~ep_epoch0(node1)', '~ep_epoch1(node0)', '~ep_epoch1(node1)', '~held(node0)', '~locked_epoch3(node1)']
736     : 00--00---0------0---------
736     : ['~ep_epoch0(node0)', '~ep_epoch0(node1)', '~ep_epoch1(node0)', '~ep_epoch1(node1)', '~held(node1)', '~locked_epoch3(node0)']
num_forall :   2
num_exists :   0
num_literals : 7
quantified form : forall NODE1,NODE0. ep_epoch0(NODE0) | ep_epoch0(NODE1) | held(NODE1) | locked_epoch3(NODE0) | ep_epoch1(NODE0) | ep_epoch1(NODE1) | NODE0 = NODE1
qcost : 9




=== Prime Orbit 304 =====================
size : 1
num_suborbits: 1
733 (*) : 00--00--------00----------
733     : ['~ep_epoch0(node0)', '~ep_epoch0(node1)', '~ep_epoch1(node0)', '~ep_epoch1(node1)', '~locked_epoch2(node0)', '~locked_epoch2(node1)']
num_forall :   0
num_exists :   1
num_literals : 3
quantified form : exists NODE0. ep_epoch0(NODE0) | ep_epoch1(NODE0) | locked_epoch2(NODE0)
qcost : 4




=== Prime Orbit 305 =====================
size : 1
num_suborbits: 1
741 (*) : 00--00----------00--------
741     : ['~ep_epoch0(node0)', '~ep_epoch0(node1)', '~ep_epoch1(node0)', '~ep_epoch1(node1)', '~locked_epoch3(node0)', '~locked_epoch3(node1)']
num_forall :   0
num_exists :   1
num_literals : 3
quantified form : exists NODE0. ep_epoch0(NODE0) | locked_epoch3(NODE0) | ep_epoch1(NODE0)
qcost : 4




=== Prime Orbit 306 =====================
size : 1
num_suborbits: 1
793 (*) : 0-000-00------------------
793     : ['~ep_epoch0(node0)', '~ep_epoch0(node1)', '~ep_epoch2(node0)', '~ep_epoch2(node1)', '~ep_epoch3(node0)', '~ep_epoch3(node1)']
num_forall :   0
num_exists :   1
num_literals : 3
quantified form : exists NODE0. ep_epoch2(NODE0) | ep_epoch0(NODE0) | ep_epoch3(NODE0)
qcost : 4




=== Prime Orbit 307 =====================
size : 2
num_suborbits: 1
756 (*) : 0-000-0--0----------------
756     : ['~ep_epoch0(node0)', '~ep_epoch0(node1)', '~ep_epoch2(node0)', '~ep_epoch2(node1)', '~ep_epoch3(node0)', '~held(node1)']
757     : 0-0-0-000-----------------
757     : ['~ep_epoch0(node0)', '~ep_epoch0(node1)', '~ep_epoch2(node0)', '~ep_epoch2(node1)', '~ep_epoch3(node1)', '~held(node0)']
num_forall :   2
num_exists :   0
num_literals : 7
quantified form : forall NODE1,NODE0. ep_epoch0(NODE0) | ep_epoch0(NODE1) | held(NODE1) | ep_epoch2(NODE1) | ep_epoch2(NODE0) | ep_epoch3(NODE0) | NODE0 = NODE1
qcost : 9




=== Prime Orbit 308 =====================
size : 2
num_suborbits: 1
787 (*) : 0-000-0----------0--------
787     : ['~ep_epoch0(node0)', '~ep_epoch0(node1)', '~ep_epoch2(node0)', '~ep_epoch2(node1)', '~ep_epoch3(node0)', '~locked_epoch3(node1)']
788     : 0-0-0-00--------0---------
788     : ['~ep_epoch0(node0)', '~ep_epoch0(node1)', '~ep_epoch2(node0)', '~ep_epoch2(node1)', '~ep_epoch3(node1)', '~locked_epoch3(node0)']
num_forall :   2
num_exists :   0
num_literals : 7
quantified form : forall NODE1,NODE0. ep_epoch0(NODE0) | ep_epoch0(NODE1) | ep_epoch2(NODE1) | ep_epoch2(NODE0) | locked_epoch3(NODE1) | ep_epoch3(NODE0) | NODE0 = NODE1
qcost : 9




=== Prime Orbit 309 =====================
size : 1
num_suborbits: 1
763 (*) : 0-0-0-0-00----------------
763     : ['~ep_epoch0(node0)', '~ep_epoch0(node1)', '~ep_epoch2(node0)', '~ep_epoch2(node1)', '~held(node0)', '~held(node1)']
num_forall :   0
num_exists :   1
num_literals : 3
quantified form : exists NODE0. ep_epoch2(NODE0) | ep_epoch0(NODE0) | held(NODE0)
qcost : 4




=== Prime Orbit 310 =====================
size : 2
num_suborbits: 1
755 (*) : 0-0-0-0-0--------0--------
755     : ['~ep_epoch0(node0)', '~ep_epoch0(node1)', '~ep_epoch2(node0)', '~ep_epoch2(node1)', '~held(node0)', '~locked_epoch3(node1)']
754     : 0-0-0-0--0------0---------
754     : ['~ep_epoch0(node0)', '~ep_epoch0(node1)', '~ep_epoch2(node0)', '~ep_epoch2(node1)', '~held(node1)', '~locked_epoch3(node0)']
num_forall :   2
num_exists :   0
num_literals : 7
quantified form : forall NODE1,NODE0. ep_epoch0(NODE0) | ep_epoch0(NODE1) | held(NODE1) | ep_epoch2(NODE1) | ep_epoch2(NODE0) | locked_epoch3(NODE0) | NODE0 = NODE1
qcost : 9




=== Prime Orbit 311 =====================
size : 1
num_suborbits: 1
786 (*) : 0-0-0-0---------00--------
786     : ['~ep_epoch0(node0)', '~ep_epoch0(node1)', '~ep_epoch2(node0)', '~ep_epoch2(node1)', '~locked_epoch3(node0)', '~locked_epoch3(node1)']
num_forall :   0
num_exists :   1
num_literals : 3
quantified form : exists NODE0. ep_epoch2(NODE0) | ep_epoch0(NODE0) | locked_epoch3(NODE0)
qcost : 4




=== Prime Orbit 312 =====================
size : 2
num_suborbits: 1
792 (*) : 0-000--0-------0----------
792     : ['~ep_epoch0(node0)', '~ep_epoch0(node1)', '~ep_epoch2(node0)', '~ep_epoch3(node0)', '~ep_epoch3(node1)', '~locked_epoch2(node1)']
791     : 0--00-00------0-----------
791     : ['~ep_epoch0(node0)', '~ep_epoch0(node1)', '~ep_epoch2(node1)', '~ep_epoch3(node0)', '~ep_epoch3(node1)', '~locked_epoch2(node0)']
num_forall :   2
num_exists :   0
num_literals : 7
quantified form : forall NODE1,NODE0. ep_epoch0(NODE0) | ep_epoch0(NODE1) | ep_epoch2(NODE1) | locked_epoch2(NODE0) | ep_epoch3(NODE0) | ep_epoch3(NODE1) | NODE0 = NODE1
qcost : 9




=== Prime Orbit 313 =====================
size : 4
num_suborbits: 2
752 (*) : 0-000----0-----0----------
752     : ['~ep_epoch0(node0)', '~ep_epoch0(node1)', '~ep_epoch2(node0)', '~ep_epoch3(node0)', '~held(node1)', '~locked_epoch2(node1)']
761     : 0-0-0--00------0----------
761     : ['~ep_epoch0(node0)', '~ep_epoch0(node1)', '~ep_epoch2(node0)', '~ep_epoch3(node1)', '~held(node0)', '~locked_epoch2(node1)']
760     : 0--00-0--0----0-----------
760     : ['~ep_epoch0(node0)', '~ep_epoch0(node1)', '~ep_epoch2(node1)', '~ep_epoch3(node0)', '~held(node1)', '~locked_epoch2(node0)']
753     : 0---0-000-----0-----------
753     : ['~ep_epoch0(node0)', '~ep_epoch0(node1)', '~ep_epoch2(node1)', '~ep_epoch3(node1)', '~held(node0)', '~locked_epoch2(node0)']
num_forall :   4
num_exists :   0
num_literals : 12
quantified form : forall NODE3,NODE1,NODE2,NODE0. ep_epoch0(NODE0) | ep_epoch0(NODE1) | held(NODE1) | ep_epoch2(NODE2) | locked_epoch2(NODE3) | ep_epoch3(NODE0) | ((NODE0 ~= NODE2 | NODE1 ~= NODE3 | NODE0 = NODE1) & (NODE0 ~= NODE3 | NODE1 ~= NODE2 | NODE0 = NODE1))
qcost : 16




=== Prime Orbit 314 =====================
size : 4
num_suborbits: 2
784 (*) : 0-000----------0-0--------
784     : ['~ep_epoch0(node0)', '~ep_epoch0(node1)', '~ep_epoch2(node0)', '~ep_epoch3(node0)', '~locked_epoch2(node1)', '~locked_epoch3(node1)']
790     : 0-0-0--0-------00---------
790     : ['~ep_epoch0(node0)', '~ep_epoch0(node1)', '~ep_epoch2(node0)', '~ep_epoch3(node1)', '~locked_epoch2(node1)', '~locked_epoch3(node0)']
789     : 0--00-0-------0--0--------
789     : ['~ep_epoch0(node0)', '~ep_epoch0(node1)', '~ep_epoch2(node1)', '~ep_epoch3(node0)', '~locked_epoch2(node0)', '~locked_epoch3(node1)']
785     : 0---0-00------0-0---------
785     : ['~ep_epoch0(node0)', '~ep_epoch0(node1)', '~ep_epoch2(node1)', '~ep_epoch3(node1)', '~locked_epoch2(node0)', '~locked_epoch3(node0)']
num_forall :   4
num_exists :   0
num_literals : 12
quantified form : forall NODE3,NODE1,NODE2,NODE0. ep_epoch0(NODE0) | ep_epoch0(NODE1) | ep_epoch2(NODE2) | locked_epoch3(NODE1) | locked_epoch2(NODE3) | ep_epoch3(NODE0) | ((NODE0 ~= NODE2 | NODE1 ~= NODE3 | NODE0 = NODE1) & (NODE0 ~= NODE3 | NODE1 ~= NODE2 | NODE0 = NODE1))
qcost : 16




=== Prime Orbit 315 =====================
size : 2
num_suborbits: 1
743 (*) : 0-0-0---00-----0----------
743     : ['~ep_epoch0(node0)', '~ep_epoch0(node1)', '~ep_epoch2(node0)', '~held(node0)', '~held(node1)', '~locked_epoch2(node1)']
744     : 0---0-0-00----0-----------
744     : ['~ep_epoch0(node0)', '~ep_epoch0(node1)', '~ep_epoch2(node1)', '~held(node0)', '~held(node1)', '~locked_epoch2(node0)']
num_forall :   2
num_exists :   0
num_literals : 7
quantified form : forall NODE1,NODE0. ep_epoch0(NODE0) | ep_epoch0(NODE1) | held(NODE0) | held(NODE1) | ep_epoch2(NODE0) | locked_epoch2(NODE1) | NODE0 = NODE1
qcost : 9




=== Prime Orbit 316 =====================
size : 4
num_suborbits: 2
759 (*) : 0-0-0---0------0-0--------
759     : ['~ep_epoch0(node0)', '~ep_epoch0(node1)', '~ep_epoch2(node0)', '~held(node0)', '~locked_epoch2(node1)', '~locked_epoch3(node1)']
750     : 0-0-0----0-----00---------
750     : ['~ep_epoch0(node0)', '~ep_epoch0(node1)', '~ep_epoch2(node0)', '~held(node1)', '~locked_epoch2(node1)', '~locked_epoch3(node0)']
751     : 0---0-0-0-----0--0--------
751     : ['~ep_epoch0(node0)', '~ep_epoch0(node1)', '~ep_epoch2(node1)', '~held(node0)', '~locked_epoch2(node0)', '~locked_epoch3(node1)']
758     : 0---0-0--0----0-0---------
758     : ['~ep_epoch0(node0)', '~ep_epoch0(node1)', '~ep_epoch2(node1)', '~held(node1)', '~locked_epoch2(node0)', '~locked_epoch3(node0)']
num_forall :   4
num_exists :   0
num_literals : 12
quantified form : forall NODE3,NODE1,NODE2,NODE0. ep_epoch0(NODE0) | ep_epoch0(NODE1) | held(NODE1) | locked_epoch3(NODE0) | ep_epoch2(NODE2) | locked_epoch2(NODE3) | ((NODE0 ~= NODE2 | NODE1 ~= NODE3 | NODE0 = NODE1) & (NODE0 ~= NODE3 | NODE1 ~= NODE2 | NODE0 = NODE1))
qcost : 16




=== Prime Orbit 317 =====================
size : 2
num_suborbits: 1
782 (*) : 0-0-0----------000--------
782     : ['~ep_epoch0(node0)', '~ep_epoch0(node1)', '~ep_epoch2(node0)', '~locked_epoch2(node1)', '~locked_epoch3(node0)', '~locked_epoch3(node1)']
783     : 0---0-0-------0-00--------
783     : ['~ep_epoch0(node0)', '~ep_epoch0(node1)', '~ep_epoch2(node1)', '~locked_epoch2(node0)', '~locked_epoch3(node0)', '~locked_epoch3(node1)']
num_forall :   2
num_exists :   0
num_literals : 7
quantified form : forall NODE1,NODE0. ep_epoch0(NODE0) | ep_epoch0(NODE1) | ep_epoch2(NODE0) | locked_epoch3(NODE0) | locked_epoch3(NODE1) | locked_epoch2(NODE1) | NODE0 = NODE1
qcost : 9




=== Prime Orbit 318 =====================
size : 1
num_suborbits: 1
794 (*) : 0--00--0------00----------
794     : ['~ep_epoch0(node0)', '~ep_epoch0(node1)', '~ep_epoch3(node0)', '~ep_epoch3(node1)', '~locked_epoch2(node0)', '~locked_epoch2(node1)']
num_forall :   0
num_exists :   1
num_literals : 3
quantified form : exists NODE0. ep_epoch0(NODE0) | ep_epoch3(NODE0) | locked_epoch2(NODE0)
qcost : 4




=== Prime Orbit 319 =====================
size : 2
num_suborbits: 1
748 (*) : 0--00----0----00----------
748     : ['~ep_epoch0(node0)', '~ep_epoch0(node1)', '~ep_epoch3(node0)', '~held(node1)', '~locked_epoch2(node0)', '~locked_epoch2(node1)']
749     : 0---0--00-----00----------
749     : ['~ep_epoch0(node0)', '~ep_epoch0(node1)', '~ep_epoch3(node1)', '~held(node0)', '~locked_epoch2(node0)', '~locked_epoch2(node1)']
num_forall :   2
num_exists :   0
num_literals : 7
quantified form : forall NODE1,NODE0. ep_epoch0(NODE0) | ep_epoch0(NODE1) | held(NODE1) | locked_epoch2(NODE0) | ep_epoch3(NODE0) | locked_epoch2(NODE1) | NODE0 = NODE1
qcost : 9




=== Prime Orbit 320 =====================
size : 2
num_suborbits: 1
780 (*) : 0--00---------00-0--------
780     : ['~ep_epoch0(node0)', '~ep_epoch0(node1)', '~ep_epoch3(node0)', '~locked_epoch2(node0)', '~locked_epoch2(node1)', '~locked_epoch3(node1)']
781     : 0---0--0------000---------
781     : ['~ep_epoch0(node0)', '~ep_epoch0(node1)', '~ep_epoch3(node1)', '~locked_epoch2(node0)', '~locked_epoch2(node1)', '~locked_epoch3(node0)']
num_forall :   2
num_exists :   0
num_literals : 7
quantified form : forall NODE1,NODE0. ep_epoch0(NODE0) | ep_epoch0(NODE1) | locked_epoch2(NODE0) | locked_epoch3(NODE1) | ep_epoch3(NODE0) | locked_epoch2(NODE1) | NODE0 = NODE1
qcost : 9




=== Prime Orbit 321 =====================
size : 1
num_suborbits: 1
745 (*) : 0---0---00----00----------
745     : ['~ep_epoch0(node0)', '~ep_epoch0(node1)', '~held(node0)', '~held(node1)', '~locked_epoch2(node0)', '~locked_epoch2(node1)']
num_forall :   0
num_exists :   1
num_literals : 3
quantified form : exists NODE0. ep_epoch0(NODE0) | locked_epoch2(NODE0) | held(NODE0)
qcost : 4




=== Prime Orbit 322 =====================
size : 1
num_suborbits: 1
762 (*) : 0---0---00--------------00
762     : ['~ep_epoch0(node0)', '~ep_epoch0(node1)', '~held(node0)', '~held(node1)', '~transfer_epoch3(node0)', '~transfer_epoch3(node1)']
num_forall :   0
num_exists :   1
num_literals : 3
quantified form : exists NODE0. ep_epoch0(NODE0) | transfer_epoch3(NODE0) | held(NODE0)
qcost : 4




=== Prime Orbit 323 =====================
size : 2
num_suborbits: 1
747 (*) : 0---0---0-----00-0--------
747     : ['~ep_epoch0(node0)', '~ep_epoch0(node1)', '~held(node0)', '~locked_epoch2(node0)', '~locked_epoch2(node1)', '~locked_epoch3(node1)']
746     : 0---0----0----000---------
746     : ['~ep_epoch0(node0)', '~ep_epoch0(node1)', '~held(node1)', '~locked_epoch2(node0)', '~locked_epoch2(node1)', '~locked_epoch3(node0)']
num_forall :   2
num_exists :   0
num_literals : 7
quantified form : forall NODE1,NODE0. ep_epoch0(NODE0) | ep_epoch0(NODE1) | held(NODE1) | locked_epoch3(NODE0) | locked_epoch2(NODE0) | locked_epoch2(NODE1) | NODE0 = NODE1
qcost : 9




=== Prime Orbit 324 =====================
size : 1
num_suborbits: 1
779 (*) : 0---0---------0000--------
779     : ['~ep_epoch0(node0)', '~ep_epoch0(node1)', '~locked_epoch2(node0)', '~locked_epoch2(node1)', '~locked_epoch3(node0)', '~locked_epoch3(node1)']
num_forall :   0
num_exists :   1
num_literals : 3
quantified form : exists NODE0. ep_epoch0(NODE0) | locked_epoch3(NODE0) | locked_epoch2(NODE0)
qcost : 4




=== Prime Orbit 325 =====================
size : 2
num_suborbits: 1
705 (*) : 00-----00---------------00
705     : ['~ep_epoch0(node0)', '~ep_epoch1(node0)', '~ep_epoch3(node1)', '~held(node0)', '~transfer_epoch3(node0)', '~transfer_epoch3(node1)']
706     : ---000---0--------------00
706     : ['~ep_epoch0(node1)', '~ep_epoch1(node1)', '~ep_epoch3(node0)', '~held(node1)', '~transfer_epoch3(node0)', '~transfer_epoch3(node1)']
num_forall :   2
num_exists :   0
num_literals : 7
quantified form : forall NODE1,NODE0. ep_epoch0(NODE0) | held(NODE0) | transfer_epoch3(NODE0) | transfer_epoch3(NODE1) | ep_epoch1(NODE0) | ep_epoch3(NODE1) | NODE0 = NODE1
qcost : 9




=== Prime Orbit 326 =====================
size : 2
num_suborbits: 1
718 (*) : 00------00--------------00
718     : ['~ep_epoch0(node0)', '~ep_epoch1(node0)', '~held(node0)', '~held(node1)', '~transfer_epoch3(node0)', '~transfer_epoch3(node1)']
719     : ----00--00--------------00
719     : ['~ep_epoch0(node1)', '~ep_epoch1(node1)', '~held(node0)', '~held(node1)', '~transfer_epoch3(node0)', '~transfer_epoch3(node1)']
num_forall :   2
num_exists :   0
num_literals : 7
quantified form : forall NODE1,NODE0. ep_epoch0(NODE0) | held(NODE0) | held(NODE1) | transfer_epoch3(NODE0) | transfer_epoch3(NODE1) | ep_epoch1(NODE0) | NODE0 = NODE1
qcost : 9




=== Prime Orbit 327 =====================
size : 2
num_suborbits: 1
707 (*) : 00------0--------0------00
707     : ['~ep_epoch0(node0)', '~ep_epoch1(node0)', '~held(node0)', '~locked_epoch3(node1)', '~transfer_epoch3(node0)', '~transfer_epoch3(node1)']
708     : ----00---0------0-------00
708     : ['~ep_epoch0(node1)', '~ep_epoch1(node1)', '~held(node1)', '~locked_epoch3(node0)', '~transfer_epoch3(node0)', '~transfer_epoch3(node1)']
num_forall :   2
num_exists :   0
num_literals : 7
quantified form : forall NODE1,NODE0. ep_epoch0(NODE0) | held(NODE0) | transfer_epoch3(NODE0) | transfer_epoch3(NODE1) | locked_epoch3(NODE1) | ep_epoch1(NODE0) | NODE0 = NODE1
qcost : 9




=== Prime Orbit 328 =====================
size : 2
num_suborbits: 1
767 (*) : 0------00---0-----------00
767     : ['~ep_epoch0(node0)', '~ep_epoch3(node1)', '~held(node0)', '~locked_epoch1(node0)', '~transfer_epoch3(node0)', '~transfer_epoch3(node1)']
766     : ---00----0---0----------00
766     : ['~ep_epoch0(node1)', '~ep_epoch3(node0)', '~held(node1)', '~locked_epoch1(node1)', '~transfer_epoch3(node0)', '~transfer_epoch3(node1)']
num_forall :   2
num_exists :   0
num_literals : 7
quantified form : forall NODE1,NODE0. ep_epoch0(NODE0) | held(NODE0) | transfer_epoch3(NODE0) | transfer_epoch3(NODE1) | locked_epoch1(NODE0) | ep_epoch3(NODE1) | NODE0 = NODE1
qcost : 9




=== Prime Orbit 329 =====================
size : 2
num_suborbits: 1
769 (*) : 0-------00--0-----------00
769     : ['~ep_epoch0(node0)', '~held(node0)', '~held(node1)', '~locked_epoch1(node0)', '~transfer_epoch3(node0)', '~transfer_epoch3(node1)']
768     : ----0---00---0----------00
768     : ['~ep_epoch0(node1)', '~held(node0)', '~held(node1)', '~locked_epoch1(node1)', '~transfer_epoch3(node0)', '~transfer_epoch3(node1)']
num_forall :   2
num_exists :   0
num_literals : 7
quantified form : forall NODE1,NODE0. ep_epoch0(NODE0) | held(NODE0) | held(NODE1) | transfer_epoch3(NODE0) | transfer_epoch3(NODE1) | locked_epoch1(NODE0) | NODE0 = NODE1
qcost : 9




=== Prime Orbit 330 =====================
size : 2
num_suborbits: 1
765 (*) : 0-------0---0----0------00
765     : ['~ep_epoch0(node0)', '~held(node0)', '~locked_epoch1(node0)', '~locked_epoch3(node1)', '~transfer_epoch3(node0)', '~transfer_epoch3(node1)']
764     : ----0----0---0--0-------00
764     : ['~ep_epoch0(node1)', '~held(node1)', '~locked_epoch1(node1)', '~locked_epoch3(node0)', '~transfer_epoch3(node0)', '~transfer_epoch3(node1)']
num_forall :   2
num_exists :   0
num_literals : 7
quantified form : forall NODE1,NODE0. ep_epoch0(NODE0) | held(NODE0) | transfer_epoch3(NODE0) | transfer_epoch3(NODE1) | locked_epoch1(NODE0) | locked_epoch3(NODE1) | NODE0 = NODE1
qcost : 9




=== Prime Orbit 331 =====================
size : 1
num_suborbits: 1
698 (*) : -000-000------------------
698     : ['~ep_epoch1(node0)', '~ep_epoch1(node1)', '~ep_epoch2(node0)', '~ep_epoch2(node1)', '~ep_epoch3(node0)', '~ep_epoch3(node1)']
num_forall :   0
num_exists :   1
num_literals : 3
quantified form : exists NODE0. ep_epoch2(NODE0) | ep_epoch1(NODE0) | ep_epoch3(NODE0)
qcost : 4




=== Prime Orbit 332 =====================
size : 2
num_suborbits: 1
693 (*) : -000-00--0----------------
693     : ['~ep_epoch1(node0)', '~ep_epoch1(node1)', '~ep_epoch2(node0)', '~ep_epoch2(node1)', '~ep_epoch3(node0)', '~held(node1)']
694     : -00--0000-----------------
694     : ['~ep_epoch1(node0)', '~ep_epoch1(node1)', '~ep_epoch2(node0)', '~ep_epoch2(node1)', '~ep_epoch3(node1)', '~held(node0)']
num_forall :   2
num_exists :   0
num_literals : 7
quantified form : forall NODE1,NODE0. held(NODE1) | ep_epoch2(NODE1) | ep_epoch2(NODE0) | ep_epoch1(NODE0) | ep_epoch3(NODE0) | ep_epoch1(NODE1) | NODE0 = NODE1
qcost : 9




=== Prime Orbit 333 =====================
size : 2
num_suborbits: 1
684 (*) : -000-00----------0--------
684     : ['~ep_epoch1(node0)', '~ep_epoch1(node1)', '~ep_epoch2(node0)', '~ep_epoch2(node1)', '~ep_epoch3(node0)', '~locked_epoch3(node1)']
685     : -00--000--------0---------
685     : ['~ep_epoch1(node0)', '~ep_epoch1(node1)', '~ep_epoch2(node0)', '~ep_epoch2(node1)', '~ep_epoch3(node1)', '~locked_epoch3(node0)']
num_forall :   2
num_exists :   0
num_literals : 7
quantified form : forall NODE1,NODE0. ep_epoch2(NODE1) | ep_epoch2(NODE0) | locked_epoch3(NODE1) | ep_epoch1(NODE0) | ep_epoch3(NODE0) | ep_epoch1(NODE1) | NODE0 = NODE1
qcost : 9




=== Prime Orbit 334 =====================
size : 1
num_suborbits: 1
692 (*) : -00--00-00----------------
692     : ['~ep_epoch1(node0)', '~ep_epoch1(node1)', '~ep_epoch2(node0)', '~ep_epoch2(node1)', '~held(node0)', '~held(node1)']
num_forall :   0
num_exists :   1
num_literals : 3
quantified form : exists NODE0. ep_epoch2(NODE0) | ep_epoch1(NODE0) | held(NODE0)
qcost : 4




=== Prime Orbit 335 =====================
size : 2
num_suborbits: 1
682 (*) : -00--00-0--------0--------
682     : ['~ep_epoch1(node0)', '~ep_epoch1(node1)', '~ep_epoch2(node0)', '~ep_epoch2(node1)', '~held(node0)', '~locked_epoch3(node1)']
683     : -00--00--0------0---------
683     : ['~ep_epoch1(node0)', '~ep_epoch1(node1)', '~ep_epoch2(node0)', '~ep_epoch2(node1)', '~held(node1)', '~locked_epoch3(node0)']
num_forall :   2
num_exists :   0
num_literals : 7
quantified form : forall NODE1,NODE0. held(NODE0) | ep_epoch2(NODE1) | ep_epoch2(NODE0) | locked_epoch3(NODE1) | ep_epoch1(NODE0) | ep_epoch1(NODE1) | NODE0 = NODE1
qcost : 9




=== Prime Orbit 336 =====================
size : 1
num_suborbits: 1
681 (*) : -00--00---------00--------
681     : ['~ep_epoch1(node0)', '~ep_epoch1(node1)', '~ep_epoch2(node0)', '~ep_epoch2(node1)', '~locked_epoch3(node0)', '~locked_epoch3(node1)']
num_forall :   0
num_exists :   1
num_literals : 3
quantified form : exists NODE0. ep_epoch2(NODE0) | ep_epoch1(NODE0) | locked_epoch3(NODE0)
qcost : 4




=== Prime Orbit 337 =====================
size : 2
num_suborbits: 1
701 (*) : -000-0-0-------0----------
701     : ['~ep_epoch1(node0)', '~ep_epoch1(node1)', '~ep_epoch2(node0)', '~ep_epoch3(node0)', '~ep_epoch3(node1)', '~locked_epoch2(node1)']
702     : -0-0-000------0-----------
702     : ['~ep_epoch1(node0)', '~ep_epoch1(node1)', '~ep_epoch2(node1)', '~ep_epoch3(node0)', '~ep_epoch3(node1)', '~locked_epoch2(node0)']
num_forall :   2
num_exists :   0
num_literals : 7
quantified form : forall NODE1,NODE0. ep_epoch2(NODE0) | ep_epoch1(NODE0) | ep_epoch3(NODE0) | ep_epoch1(NODE1) | ep_epoch3(NODE1) | locked_epoch2(NODE1) | NODE0 = NODE1
qcost : 9




=== Prime Orbit 338 =====================
size : 4
num_suborbits: 2
688 (*) : -000-0---0-----0----------
688     : ['~ep_epoch1(node0)', '~ep_epoch1(node1)', '~ep_epoch2(node0)', '~ep_epoch3(node0)', '~held(node1)', '~locked_epoch2(node1)']
703     : -00--0-00------0----------
703     : ['~ep_epoch1(node0)', '~ep_epoch1(node1)', '~ep_epoch2(node0)', '~ep_epoch3(node1)', '~held(node0)', '~locked_epoch2(node1)']
704     : -0-0-00--0----0-----------
704     : ['~ep_epoch1(node0)', '~ep_epoch1(node1)', '~ep_epoch2(node1)', '~ep_epoch3(node0)', '~held(node1)', '~locked_epoch2(node0)']
689     : -0---0000-----0-----------
689     : ['~ep_epoch1(node0)', '~ep_epoch1(node1)', '~ep_epoch2(node1)', '~ep_epoch3(node1)', '~held(node0)', '~locked_epoch2(node0)']
num_forall :   4
num_exists :   0
num_literals : 12
quantified form : forall NODE3,NODE1,NODE2,NODE0. ep_epoch3(NODE2) | held(NODE3) | ep_epoch2(NODE0) | ep_epoch1(NODE0) | ep_epoch1(NODE1) | locked_epoch2(NODE1) | ((NODE0 ~= NODE2 | NODE1 ~= NODE3 | NODE0 = NODE1) & (NODE0 ~= NODE3 | NODE1 ~= NODE2 | NODE0 = NODE1))
qcost : 16




=== Prime Orbit 339 =====================
size : 4
num_suborbits: 2
679 (*) : -000-0---------0-0--------
679     : ['~ep_epoch1(node0)', '~ep_epoch1(node1)', '~ep_epoch2(node0)', '~ep_epoch3(node0)', '~locked_epoch2(node1)', '~locked_epoch3(node1)']
699     : -00--0-0-------00---------
699     : ['~ep_epoch1(node0)', '~ep_epoch1(node1)', '~ep_epoch2(node0)', '~ep_epoch3(node1)', '~locked_epoch2(node1)', '~locked_epoch3(node0)']
700     : -0-0-00-------0--0--------
700     : ['~ep_epoch1(node0)', '~ep_epoch1(node1)', '~ep_epoch2(node1)', '~ep_epoch3(node0)', '~locked_epoch2(node0)', '~locked_epoch3(node1)']
680     : -0---000------0-0---------
680     : ['~ep_epoch1(node0)', '~ep_epoch1(node1)', '~ep_epoch2(node1)', '~ep_epoch3(node1)', '~locked_epoch2(node0)', '~locked_epoch3(node0)']
num_forall :   4
num_exists :   0
num_literals : 12
quantified form : forall NODE3,NODE1,NODE2,NODE0. ep_epoch3(NODE2) | ep_epoch2(NODE0) | locked_epoch3(NODE3) | ep_epoch1(NODE0) | ep_epoch1(NODE1) | locked_epoch2(NODE1) | ((NODE0 ~= NODE2 | NODE1 ~= NODE3 | NODE0 = NODE1) & (NODE0 ~= NODE3 | NODE1 ~= NODE2 | NODE0 = NODE1))
qcost : 16




=== Prime Orbit 340 =====================
size : 2
num_suborbits: 1
690 (*) : -00--0--00-----0----------
690     : ['~ep_epoch1(node0)', '~ep_epoch1(node1)', '~ep_epoch2(node0)', '~held(node0)', '~held(node1)', '~locked_epoch2(node1)']
691     : -0---00-00----0-----------
691     : ['~ep_epoch1(node0)', '~ep_epoch1(node1)', '~ep_epoch2(node1)', '~held(node0)', '~held(node1)', '~locked_epoch2(node0)']
num_forall :   2
num_exists :   0
num_literals : 7
quantified form : forall NODE1,NODE0. held(NODE0) | held(NODE1) | ep_epoch2(NODE0) | ep_epoch1(NODE0) | ep_epoch1(NODE1) | locked_epoch2(NODE1) | NODE0 = NODE1
qcost : 9




=== Prime Orbit 341 =====================
size : 4
num_suborbits: 2
677 (*) : -00--0--0------0-0--------
677     : ['~ep_epoch1(node0)', '~ep_epoch1(node1)', '~ep_epoch2(node0)', '~held(node0)', '~locked_epoch2(node1)', '~locked_epoch3(node1)']
686     : -00--0---0-----00---------
686     : ['~ep_epoch1(node0)', '~ep_epoch1(node1)', '~ep_epoch2(node0)', '~held(node1)', '~locked_epoch2(node1)', '~locked_epoch3(node0)']
687     : -0---00-0-----0--0--------
687     : ['~ep_epoch1(node0)', '~ep_epoch1(node1)', '~ep_epoch2(node1)', '~held(node0)', '~locked_epoch2(node0)', '~locked_epoch3(node1)']
678     : -0---00--0----0-0---------
678     : ['~ep_epoch1(node0)', '~ep_epoch1(node1)', '~ep_epoch2(node1)', '~held(node1)', '~locked_epoch2(node0)', '~locked_epoch3(node0)']
num_forall :   4
num_exists :   0
num_literals : 12
quantified form : forall NODE3,NODE1,NODE2,NODE0. held(NODE2) | ep_epoch2(NODE0) | locked_epoch3(NODE3) | ep_epoch1(NODE0) | ep_epoch1(NODE1) | locked_epoch2(NODE1) | ((NODE0 ~= NODE2 | NODE1 ~= NODE3 | NODE0 = NODE1) & (NODE0 ~= NODE3 | NODE1 ~= NODE2 | NODE0 = NODE1))
qcost : 16




=== Prime Orbit 342 =====================
size : 2
num_suborbits: 1
675 (*) : -00--0---------000--------
675     : ['~ep_epoch1(node0)', '~ep_epoch1(node1)', '~ep_epoch2(node0)', '~locked_epoch2(node1)', '~locked_epoch3(node0)', '~locked_epoch3(node1)']
676     : -0---00-------0-00--------
676     : ['~ep_epoch1(node0)', '~ep_epoch1(node1)', '~ep_epoch2(node1)', '~locked_epoch2(node0)', '~locked_epoch3(node0)', '~locked_epoch3(node1)']
num_forall :   2
num_exists :   0
num_literals : 7
quantified form : forall NODE1,NODE0. ep_epoch2(NODE0) | locked_epoch3(NODE0) | locked_epoch3(NODE1) | ep_epoch1(NODE0) | ep_epoch1(NODE1) | locked_epoch2(NODE1) | NODE0 = NODE1
qcost : 9




=== Prime Orbit 343 =====================
size : 1
num_suborbits: 1
729 (*) : -0-0-0-0------00----------
729     : ['~ep_epoch1(node0)', '~ep_epoch1(node1)', '~ep_epoch3(node0)', '~ep_epoch3(node1)', '~locked_epoch2(node0)', '~locked_epoch2(node1)']
num_forall :   0
num_exists :   1
num_literals : 3
quantified form : exists NODE0. ep_epoch1(NODE0) | ep_epoch3(NODE0) | locked_epoch2(NODE0)
qcost : 4




=== Prime Orbit 344 =====================
size : 2
num_suborbits: 1
726 (*) : -0-0-0---0----00----------
726     : ['~ep_epoch1(node0)', '~ep_epoch1(node1)', '~ep_epoch3(node0)', '~held(node1)', '~locked_epoch2(node0)', '~locked_epoch2(node1)']
727     : -0---0-00-----00----------
727     : ['~ep_epoch1(node0)', '~ep_epoch1(node1)', '~ep_epoch3(node1)', '~held(node0)', '~locked_epoch2(node0)', '~locked_epoch2(node1)']
num_forall :   2
num_exists :   0
num_literals : 7
quantified form : forall NODE1,NODE0. held(NODE1) | locked_epoch2(NODE0) | ep_epoch1(NODE0) | ep_epoch3(NODE0) | ep_epoch1(NODE1) | locked_epoch2(NODE1) | NODE0 = NODE1
qcost : 9




=== Prime Orbit 345 =====================
size : 2
num_suborbits: 1
731 (*) : -0-0-0--------00-0--------
731     : ['~ep_epoch1(node0)', '~ep_epoch1(node1)', '~ep_epoch3(node0)', '~locked_epoch2(node0)', '~locked_epoch2(node1)', '~locked_epoch3(node1)']
730     : -0---0-0------000---------
730     : ['~ep_epoch1(node0)', '~ep_epoch1(node1)', '~ep_epoch3(node1)', '~locked_epoch2(node0)', '~locked_epoch2(node1)', '~locked_epoch3(node0)']
num_forall :   2
num_exists :   0
num_literals : 7
quantified form : forall NODE1,NODE0. locked_epoch3(NODE0) | locked_epoch2(NODE0) | ep_epoch1(NODE0) | ep_epoch1(NODE1) | ep_epoch3(NODE1) | locked_epoch2(NODE1) | NODE0 = NODE1
qcost : 9




=== Prime Orbit 346 =====================
size : 1
num_suborbits: 1
728 (*) : -0---0--00----00----------
728     : ['~ep_epoch1(node0)', '~ep_epoch1(node1)', '~held(node0)', '~held(node1)', '~locked_epoch2(node0)', '~locked_epoch2(node1)']
num_forall :   0
num_exists :   1
num_literals : 3
quantified form : exists NODE0. ep_epoch1(NODE0) | locked_epoch2(NODE0) | held(NODE0)
qcost : 4




=== Prime Orbit 347 =====================
size : 1
num_suborbits: 1
717 (*) : -0---0--00--------------00
717     : ['~ep_epoch1(node0)', '~ep_epoch1(node1)', '~held(node0)', '~held(node1)', '~transfer_epoch3(node0)', '~transfer_epoch3(node1)']
num_forall :   0
num_exists :   1
num_literals : 3
quantified form : exists NODE0. ep_epoch1(NODE0) | transfer_epoch3(NODE0) | held(NODE0)
qcost : 4




=== Prime Orbit 348 =====================
size : 2
num_suborbits: 1
725 (*) : -0---0--0-----00-0--------
725     : ['~ep_epoch1(node0)', '~ep_epoch1(node1)', '~held(node0)', '~locked_epoch2(node0)', '~locked_epoch2(node1)', '~locked_epoch3(node1)']
724     : -0---0---0----000---------
724     : ['~ep_epoch1(node0)', '~ep_epoch1(node1)', '~held(node1)', '~locked_epoch2(node0)', '~locked_epoch2(node1)', '~locked_epoch3(node0)']
num_forall :   2
num_exists :   0
num_literals : 7
quantified form : forall NODE1,NODE0. held(NODE1) | locked_epoch3(NODE0) | locked_epoch2(NODE0) | ep_epoch1(NODE0) | ep_epoch1(NODE1) | locked_epoch2(NODE1) | NODE0 = NODE1
qcost : 9




=== Prime Orbit 349 =====================
size : 1
num_suborbits: 1
732 (*) : -0---0--------0000--------
732     : ['~ep_epoch1(node0)', '~ep_epoch1(node1)', '~locked_epoch2(node0)', '~locked_epoch2(node1)', '~locked_epoch3(node0)', '~locked_epoch3(node1)']
num_forall :   0
num_exists :   1
num_literals : 3
quantified form : exists NODE0. ep_epoch1(NODE0) | locked_epoch3(NODE0) | locked_epoch2(NODE0)
qcost : 4




=== Prime Orbit 350 =====================
size : 2
num_suborbits: 1
715 (*) : -0-----00----0----------00
715     : ['~ep_epoch1(node0)', '~ep_epoch3(node1)', '~held(node0)', '~locked_epoch1(node1)', '~transfer_epoch3(node0)', '~transfer_epoch3(node1)']
716     : ---0-0---0--0-----------00
716     : ['~ep_epoch1(node1)', '~ep_epoch3(node0)', '~held(node1)', '~locked_epoch1(node0)', '~transfer_epoch3(node0)', '~transfer_epoch3(node1)']
num_forall :   2
num_exists :   0
num_literals : 7
quantified form : forall NODE1,NODE0. held(NODE0) | transfer_epoch3(NODE0) | transfer_epoch3(NODE1) | locked_epoch1(NODE1) | ep_epoch1(NODE0) | ep_epoch3(NODE1) | NODE0 = NODE1
qcost : 9




=== Prime Orbit 351 =====================
size : 2
num_suborbits: 1
720 (*) : -0------00---0----------00
720     : ['~ep_epoch1(node0)', '~held(node0)', '~held(node1)', '~locked_epoch1(node1)', '~transfer_epoch3(node0)', '~transfer_epoch3(node1)']
721     : -----0--00--0-----------00
721     : ['~ep_epoch1(node1)', '~held(node0)', '~held(node1)', '~locked_epoch1(node0)', '~transfer_epoch3(node0)', '~transfer_epoch3(node1)']
num_forall :   2
num_exists :   0
num_literals : 7
quantified form : forall NODE1,NODE0. held(NODE0) | held(NODE1) | transfer_epoch3(NODE0) | transfer_epoch3(NODE1) | locked_epoch1(NODE1) | ep_epoch1(NODE0) | NODE0 = NODE1
qcost : 9




=== Prime Orbit 352 =====================
size : 2
num_suborbits: 1
713 (*) : -0------0----0---0------00
713     : ['~ep_epoch1(node0)', '~held(node0)', '~locked_epoch1(node1)', '~locked_epoch3(node1)', '~transfer_epoch3(node0)', '~transfer_epoch3(node1)']
714     : -----0---0--0---0-------00
714     : ['~ep_epoch1(node1)', '~held(node1)', '~locked_epoch1(node0)', '~locked_epoch3(node0)', '~transfer_epoch3(node0)', '~transfer_epoch3(node1)']
num_forall :   2
num_exists :   0
num_literals : 7
quantified form : forall NODE1,NODE0. held(NODE0) | transfer_epoch3(NODE0) | transfer_epoch3(NODE1) | locked_epoch3(NODE1) | locked_epoch1(NODE1) | ep_epoch1(NODE0) | NODE0 = NODE1
qcost : 9




=== Prime Orbit 353 =====================
size : 1
num_suborbits: 1
770 (*) : --------00------------0000
770     : ['~held(node0)', '~held(node1)', '~transfer_epoch2(node0)', '~transfer_epoch2(node1)', '~transfer_epoch3(node0)', '~transfer_epoch3(node1)']
num_forall :   0
num_exists :   1
num_literals : 3
quantified form : exists NODE0. transfer_epoch2(NODE0) | transfer_epoch3(NODE0) | held(NODE0)
qcost : 4




=== Prime Orbit 354 =====================
size : 2
num_suborbits: 1
797 (*) : 0-000----0--------------00
797     : ['~ep_epoch0(node0)', '~ep_epoch0(node1)', '~ep_epoch2(node0)', '~ep_epoch3(node0)', '~held(node1)', '~transfer_epoch3(node0)', '~transfer_epoch3(node1)']
798     : 0---0-000---------------00
798     : ['~ep_epoch0(node0)', '~ep_epoch0(node1)', '~ep_epoch2(node1)', '~ep_epoch3(node1)', '~held(node0)', '~transfer_epoch3(node0)', '~transfer_epoch3(node1)']
num_forall :   2
num_exists :   0
num_literals : 8
quantified form : forall NODE1,NODE0. ep_epoch0(NODE0) | ep_epoch0(NODE1) | held(NODE1) | transfer_epoch3(NODE0) | transfer_epoch3(NODE1) | ep_epoch2(NODE0) | ep_epoch3(NODE0) | NODE0 = NODE1
qcost : 10




=== Prime Orbit 355 =====================
size : 2
num_suborbits: 1
795 (*) : 0-0-0----0------0-------00
795     : ['~ep_epoch0(node0)', '~ep_epoch0(node1)', '~ep_epoch2(node0)', '~held(node1)', '~locked_epoch3(node0)', '~transfer_epoch3(node0)', '~transfer_epoch3(node1)']
796     : 0---0-0-0--------0------00
796     : ['~ep_epoch0(node0)', '~ep_epoch0(node1)', '~ep_epoch2(node1)', '~held(node0)', '~locked_epoch3(node1)', '~transfer_epoch3(node0)', '~transfer_epoch3(node1)']
num_forall :   2
num_exists :   0
num_literals : 8
quantified form : forall NODE1,NODE0. ep_epoch0(NODE0) | ep_epoch0(NODE1) | held(NODE1) | transfer_epoch3(NODE0) | transfer_epoch3(NODE1) | ep_epoch2(NODE0) | locked_epoch3(NODE0) | NODE0 = NODE1
qcost : 10




=== Prime Orbit 356 =====================
size : 2
num_suborbits: 1
801 (*) : 0--00----0----0---------00
801     : ['~ep_epoch0(node0)', '~ep_epoch0(node1)', '~ep_epoch3(node0)', '~held(node1)', '~locked_epoch2(node0)', '~transfer_epoch3(node0)', '~transfer_epoch3(node1)']
802     : 0---0--00------0--------00
802     : ['~ep_epoch0(node0)', '~ep_epoch0(node1)', '~ep_epoch3(node1)', '~held(node0)', '~locked_epoch2(node1)', '~transfer_epoch3(node0)', '~transfer_epoch3(node1)']
num_forall :   2
num_exists :   0
num_literals : 8
quantified form : forall NODE1,NODE0. ep_epoch0(NODE0) | ep_epoch0(NODE1) | held(NODE1) | transfer_epoch3(NODE0) | transfer_epoch3(NODE1) | locked_epoch2(NODE0) | ep_epoch3(NODE0) | NODE0 = NODE1
qcost : 10




=== Prime Orbit 357 =====================
size : 2
num_suborbits: 1
800 (*) : 0---0---0------0-0------00
800     : ['~ep_epoch0(node0)', '~ep_epoch0(node1)', '~held(node0)', '~locked_epoch2(node1)', '~locked_epoch3(node1)', '~transfer_epoch3(node0)', '~transfer_epoch3(node1)']
799     : 0---0----0----0-0-------00
799     : ['~ep_epoch0(node0)', '~ep_epoch0(node1)', '~held(node1)', '~locked_epoch2(node0)', '~locked_epoch3(node0)', '~transfer_epoch3(node0)', '~transfer_epoch3(node1)']
num_forall :   2
num_exists :   0
num_literals : 8
quantified form : forall NODE1,NODE0. ep_epoch0(NODE0) | ep_epoch0(NODE1) | held(NODE1) | transfer_epoch3(NODE0) | transfer_epoch3(NODE1) | locked_epoch3(NODE0) | locked_epoch2(NODE0) | NODE0 = NODE1
qcost : 10




=== Prime Orbit 358 =====================
size : 2
num_suborbits: 1
803 (*) : -000-0---0--------------00
803     : ['~ep_epoch1(node0)', '~ep_epoch1(node1)', '~ep_epoch2(node0)', '~ep_epoch3(node0)', '~held(node1)', '~transfer_epoch3(node0)', '~transfer_epoch3(node1)']
804     : -0---0000---------------00
804     : ['~ep_epoch1(node0)', '~ep_epoch1(node1)', '~ep_epoch2(node1)', '~ep_epoch3(node1)', '~held(node0)', '~transfer_epoch3(node0)', '~transfer_epoch3(node1)']
num_forall :   2
num_exists :   0
num_literals : 8
quantified form : forall NODE1,NODE0. held(NODE1) | transfer_epoch3(NODE0) | transfer_epoch3(NODE1) | ep_epoch2(NODE0) | ep_epoch1(NODE0) | ep_epoch3(NODE0) | ep_epoch1(NODE1) | NODE0 = NODE1
qcost : 10




=== Prime Orbit 359 =====================
size : 2
num_suborbits: 1
805 (*) : -00--0---0------0-------00
805     : ['~ep_epoch1(node0)', '~ep_epoch1(node1)', '~ep_epoch2(node0)', '~held(node1)', '~locked_epoch3(node0)', '~transfer_epoch3(node0)', '~transfer_epoch3(node1)']
806     : -0---00-0--------0------00
806     : ['~ep_epoch1(node0)', '~ep_epoch1(node1)', '~ep_epoch2(node1)', '~held(node0)', '~locked_epoch3(node1)', '~transfer_epoch3(node0)', '~transfer_epoch3(node1)']
num_forall :   2
num_exists :   0
num_literals : 8
quantified form : forall NODE1,NODE0. held(NODE1) | transfer_epoch3(NODE0) | transfer_epoch3(NODE1) | ep_epoch2(NODE0) | locked_epoch3(NODE0) | ep_epoch1(NODE0) | ep_epoch1(NODE1) | NODE0 = NODE1
qcost : 10




=== Prime Orbit 360 =====================
size : 2
num_suborbits: 1
809 (*) : -0-0-0---0----0---------00
809     : ['~ep_epoch1(node0)', '~ep_epoch1(node1)', '~ep_epoch3(node0)', '~held(node1)', '~locked_epoch2(node0)', '~transfer_epoch3(node0)', '~transfer_epoch3(node1)']
810     : -0---0-00------0--------00
810     : ['~ep_epoch1(node0)', '~ep_epoch1(node1)', '~ep_epoch3(node1)', '~held(node0)', '~locked_epoch2(node1)', '~transfer_epoch3(node0)', '~transfer_epoch3(node1)']
num_forall :   2
num_exists :   0
num_literals : 8
quantified form : forall NODE1,NODE0. held(NODE1) | transfer_epoch3(NODE0) | transfer_epoch3(NODE1) | locked_epoch2(NODE0) | ep_epoch1(NODE0) | ep_epoch3(NODE0) | ep_epoch1(NODE1) | NODE0 = NODE1
qcost : 10




=== Prime Orbit 361 =====================
size : 2
num_suborbits: 1
808 (*) : -0---0--0------0-0------00
808     : ['~ep_epoch1(node0)', '~ep_epoch1(node1)', '~held(node0)', '~locked_epoch2(node1)', '~locked_epoch3(node1)', '~transfer_epoch3(node0)', '~transfer_epoch3(node1)']
807     : -0---0---0----0-0-------00
807     : ['~ep_epoch1(node0)', '~ep_epoch1(node1)', '~held(node1)', '~locked_epoch2(node0)', '~locked_epoch3(node0)', '~transfer_epoch3(node0)', '~transfer_epoch3(node1)']
num_forall :   2
num_exists :   0
num_literals : 8
quantified form : forall NODE1,NODE0. held(NODE1) | transfer_epoch3(NODE0) | transfer_epoch3(NODE1) | locked_epoch3(NODE0) | locked_epoch2(NODE0) | ep_epoch1(NODE0) | ep_epoch1(NODE1) | NODE0 = NODE1
qcost : 10




=== Prime Orbit 362 =====================
size : 2
num_suborbits: 1
850 (*) : -1----000-------------0000
850     : ['ep_epoch1(node0)', '~ep_epoch2(node1)', '~ep_epoch3(node1)', '~held(node0)', '~transfer_epoch2(node0)', '~transfer_epoch2(node1)', '~transfer_epoch3(node0)', '~transfer_epoch3(node1)']
849     : --00-1---0------------0000
849     : ['ep_epoch1(node1)', '~ep_epoch2(node0)', '~ep_epoch3(node0)', '~held(node1)', '~transfer_epoch2(node0)', '~transfer_epoch2(node1)', '~transfer_epoch3(node0)', '~transfer_epoch3(node1)']
num_forall :   2
num_exists :   0
num_literals : 9
quantified form : forall NODE1,NODE0. transfer_epoch2(NODE1) | held(NODE0) | ep_epoch2(NODE1) | transfer_epoch3(NODE0) | transfer_epoch3(NODE1) | ~ep_epoch1(NODE0) | transfer_epoch2(NODE0) | ep_epoch3(NODE1) | NODE0 = NODE1
qcost : 11




=== Prime Orbit 363 =====================
size : 2
num_suborbits: 1
848 (*) : -1----0-0--------0----0000
848     : ['ep_epoch1(node0)', '~ep_epoch2(node1)', '~held(node0)', '~locked_epoch3(node1)', '~transfer_epoch2(node0)', '~transfer_epoch2(node1)', '~transfer_epoch3(node0)', '~transfer_epoch3(node1)']
847     : --0--1---0------0-----0000
847     : ['ep_epoch1(node1)', '~ep_epoch2(node0)', '~held(node1)', '~locked_epoch3(node0)', '~transfer_epoch2(node0)', '~transfer_epoch2(node1)', '~transfer_epoch3(node0)', '~transfer_epoch3(node1)']
num_forall :   2
num_exists :   0
num_literals : 9
quantified form : forall NODE1,NODE0. transfer_epoch2(NODE1) | held(NODE0) | ep_epoch2(NODE1) | transfer_epoch3(NODE0) | transfer_epoch3(NODE1) | ~ep_epoch1(NODE0) | locked_epoch3(NODE1) | transfer_epoch2(NODE0) | NODE0 = NODE1
qcost : 11




=== Prime Orbit 364 =====================
size : 2
num_suborbits: 1
846 (*) : -1-----00------0------0000
846     : ['ep_epoch1(node0)', '~ep_epoch3(node1)', '~held(node0)', '~locked_epoch2(node1)', '~transfer_epoch2(node0)', '~transfer_epoch2(node1)', '~transfer_epoch3(node0)', '~transfer_epoch3(node1)']
845     : ---0-1---0----0-------0000
845     : ['ep_epoch1(node1)', '~ep_epoch3(node0)', '~held(node1)', '~locked_epoch2(node0)', '~transfer_epoch2(node0)', '~transfer_epoch2(node1)', '~transfer_epoch3(node0)', '~transfer_epoch3(node1)']
num_forall :   2
num_exists :   0
num_literals : 9
quantified form : forall NODE1,NODE0. transfer_epoch2(NODE1) | held(NODE0) | transfer_epoch3(NODE0) | transfer_epoch3(NODE1) | ~ep_epoch1(NODE0) | transfer_epoch2(NODE0) | ep_epoch3(NODE1) | locked_epoch2(NODE1) | NODE0 = NODE1
qcost : 11




=== Prime Orbit 365 =====================
size : 2
num_suborbits: 1
844 (*) : -1------0------0-0----0000
844     : ['ep_epoch1(node0)', '~held(node0)', '~locked_epoch2(node1)', '~locked_epoch3(node1)', '~transfer_epoch2(node0)', '~transfer_epoch2(node1)', '~transfer_epoch3(node0)', '~transfer_epoch3(node1)']
843     : -----1---0----0-0-----0000
843     : ['ep_epoch1(node1)', '~held(node1)', '~locked_epoch2(node0)', '~locked_epoch3(node0)', '~transfer_epoch2(node0)', '~transfer_epoch2(node1)', '~transfer_epoch3(node0)', '~transfer_epoch3(node1)']
num_forall :   2
num_exists :   0
num_literals : 9
quantified form : forall NODE1,NODE0. transfer_epoch2(NODE1) | held(NODE0) | transfer_epoch3(NODE0) | transfer_epoch3(NODE1) | ~ep_epoch1(NODE0) | locked_epoch3(NODE1) | transfer_epoch2(NODE0) | locked_epoch2(NODE1) | NODE0 = NODE1
qcost : 11




=== Prime Orbit 366 =====================
size : 2
num_suborbits: 1
838 (*) : ------000---1---------0000
838     : ['locked_epoch1(node0)', '~ep_epoch2(node1)', '~ep_epoch3(node1)', '~held(node0)', '~transfer_epoch2(node0)', '~transfer_epoch2(node1)', '~transfer_epoch3(node0)', '~transfer_epoch3(node1)']
837     : --00-----0---1--------0000
837     : ['locked_epoch1(node1)', '~ep_epoch2(node0)', '~ep_epoch3(node0)', '~held(node1)', '~transfer_epoch2(node0)', '~transfer_epoch2(node1)', '~transfer_epoch3(node0)', '~transfer_epoch3(node1)']
num_forall :   2
num_exists :   0
num_literals : 9
quantified form : forall NODE1,NODE0. ~locked_epoch1(NODE0) | transfer_epoch2(NODE1) | held(NODE0) | ep_epoch2(NODE1) | transfer_epoch3(NODE0) | transfer_epoch3(NODE1) | transfer_epoch2(NODE0) | ep_epoch3(NODE1) | NODE0 = NODE1
qcost : 11




=== Prime Orbit 367 =====================
size : 2
num_suborbits: 1
836 (*) : ------0-0---1----0----0000
836     : ['locked_epoch1(node0)', '~ep_epoch2(node1)', '~held(node0)', '~locked_epoch3(node1)', '~transfer_epoch2(node0)', '~transfer_epoch2(node1)', '~transfer_epoch3(node0)', '~transfer_epoch3(node1)']
835     : --0------0---1--0-----0000
835     : ['locked_epoch1(node1)', '~ep_epoch2(node0)', '~held(node1)', '~locked_epoch3(node0)', '~transfer_epoch2(node0)', '~transfer_epoch2(node1)', '~transfer_epoch3(node0)', '~transfer_epoch3(node1)']
num_forall :   2
num_exists :   0
num_literals : 9
quantified form : forall NODE1,NODE0. ~locked_epoch1(NODE0) | transfer_epoch2(NODE1) | held(NODE0) | ep_epoch2(NODE1) | transfer_epoch3(NODE0) | transfer_epoch3(NODE1) | locked_epoch3(NODE1) | transfer_epoch2(NODE0) | NODE0 = NODE1
qcost : 11




=== Prime Orbit 368 =====================
size : 2
num_suborbits: 1
842 (*) : -------00---1--0------0000
842     : ['locked_epoch1(node0)', '~ep_epoch3(node1)', '~held(node0)', '~locked_epoch2(node1)', '~transfer_epoch2(node0)', '~transfer_epoch2(node1)', '~transfer_epoch3(node0)', '~transfer_epoch3(node1)']
841     : ---0-----0---10-------0000
841     : ['locked_epoch1(node1)', '~ep_epoch3(node0)', '~held(node1)', '~locked_epoch2(node0)', '~transfer_epoch2(node0)', '~transfer_epoch2(node1)', '~transfer_epoch3(node0)', '~transfer_epoch3(node1)']
num_forall :   2
num_exists :   0
num_literals : 9
quantified form : forall NODE1,NODE0. ~locked_epoch1(NODE0) | transfer_epoch2(NODE1) | held(NODE0) | transfer_epoch3(NODE0) | transfer_epoch3(NODE1) | transfer_epoch2(NODE0) | ep_epoch3(NODE1) | locked_epoch2(NODE1) | NODE0 = NODE1
qcost : 11




=== Prime Orbit 369 =====================
size : 2
num_suborbits: 1
840 (*) : --------0---1--0-0----0000
840     : ['locked_epoch1(node0)', '~held(node0)', '~locked_epoch2(node1)', '~locked_epoch3(node1)', '~transfer_epoch2(node0)', '~transfer_epoch2(node1)', '~transfer_epoch3(node0)', '~transfer_epoch3(node1)']
839     : ---------0---10-0-----0000
839     : ['locked_epoch1(node1)', '~held(node1)', '~locked_epoch2(node0)', '~locked_epoch3(node0)', '~transfer_epoch2(node0)', '~transfer_epoch2(node1)', '~transfer_epoch3(node0)', '~transfer_epoch3(node1)']
num_forall :   2
num_exists :   0
num_literals : 9
quantified form : forall NODE1,NODE0. ~locked_epoch1(NODE0) | transfer_epoch2(NODE1) | held(NODE0) | transfer_epoch3(NODE0) | transfer_epoch3(NODE1) | locked_epoch3(NODE1) | transfer_epoch2(NODE0) | locked_epoch2(NODE1) | NODE0 = NODE1
qcost : 11




=== Prime Orbit 370 =====================
size : 2
num_suborbits: 1
826 (*) : 0-----000-------------0000
826     : ['~ep_epoch0(node0)', '~ep_epoch2(node1)', '~ep_epoch3(node1)', '~held(node0)', '~transfer_epoch2(node0)', '~transfer_epoch2(node1)', '~transfer_epoch3(node0)', '~transfer_epoch3(node1)']
825     : --000----0------------0000
825     : ['~ep_epoch0(node1)', '~ep_epoch2(node0)', '~ep_epoch3(node0)', '~held(node1)', '~transfer_epoch2(node0)', '~transfer_epoch2(node1)', '~transfer_epoch3(node0)', '~transfer_epoch3(node1)']
num_forall :   2
num_exists :   0
num_literals : 9
quantified form : forall NODE1,NODE0. ep_epoch0(NODE0) | transfer_epoch2(NODE1) | held(NODE0) | ep_epoch2(NODE1) | transfer_epoch3(NODE0) | transfer_epoch3(NODE1) | transfer_epoch2(NODE0) | ep_epoch3(NODE1) | NODE0 = NODE1
qcost : 11




=== Prime Orbit 371 =====================
size : 2
num_suborbits: 1
824 (*) : 0-----0-0--------0----0000
824     : ['~ep_epoch0(node0)', '~ep_epoch2(node1)', '~held(node0)', '~locked_epoch3(node1)', '~transfer_epoch2(node0)', '~transfer_epoch2(node1)', '~transfer_epoch3(node0)', '~transfer_epoch3(node1)']
823     : --0-0----0------0-----0000
823     : ['~ep_epoch0(node1)', '~ep_epoch2(node0)', '~held(node1)', '~locked_epoch3(node0)', '~transfer_epoch2(node0)', '~transfer_epoch2(node1)', '~transfer_epoch3(node0)', '~transfer_epoch3(node1)']
num_forall :   2
num_exists :   0
num_literals : 9
quantified form : forall NODE1,NODE0. ep_epoch0(NODE0) | transfer_epoch2(NODE1) | held(NODE0) | ep_epoch2(NODE1) | transfer_epoch3(NODE0) | transfer_epoch3(NODE1) | locked_epoch3(NODE1) | transfer_epoch2(NODE0) | NODE0 = NODE1
qcost : 11




=== Prime Orbit 372 =====================
size : 2
num_suborbits: 1
812 (*) : 0------00------0------0000
812     : ['~ep_epoch0(node0)', '~ep_epoch3(node1)', '~held(node0)', '~locked_epoch2(node1)', '~transfer_epoch2(node0)', '~transfer_epoch2(node1)', '~transfer_epoch3(node0)', '~transfer_epoch3(node1)']
811     : ---00----0----0-------0000
811     : ['~ep_epoch0(node1)', '~ep_epoch3(node0)', '~held(node1)', '~locked_epoch2(node0)', '~transfer_epoch2(node0)', '~transfer_epoch2(node1)', '~transfer_epoch3(node0)', '~transfer_epoch3(node1)']
num_forall :   2
num_exists :   0
num_literals : 9
quantified form : forall NODE1,NODE0. ep_epoch0(NODE0) | transfer_epoch2(NODE1) | held(NODE0) | transfer_epoch3(NODE0) | transfer_epoch3(NODE1) | transfer_epoch2(NODE0) | ep_epoch3(NODE1) | locked_epoch2(NODE1) | NODE0 = NODE1
qcost : 11




=== Prime Orbit 373 =====================
size : 2
num_suborbits: 1
822 (*) : 0-------0------0-0----0000
822     : ['~ep_epoch0(node0)', '~held(node0)', '~locked_epoch2(node1)', '~locked_epoch3(node1)', '~transfer_epoch2(node0)', '~transfer_epoch2(node1)', '~transfer_epoch3(node0)', '~transfer_epoch3(node1)']
821     : ----0----0----0-0-----0000
821     : ['~ep_epoch0(node1)', '~held(node1)', '~locked_epoch2(node0)', '~locked_epoch3(node0)', '~transfer_epoch2(node0)', '~transfer_epoch2(node1)', '~transfer_epoch3(node0)', '~transfer_epoch3(node1)']
num_forall :   2
num_exists :   0
num_literals : 9
quantified form : forall NODE1,NODE0. ep_epoch0(NODE0) | transfer_epoch2(NODE1) | held(NODE0) | transfer_epoch3(NODE0) | transfer_epoch3(NODE1) | locked_epoch3(NODE1) | transfer_epoch2(NODE0) | locked_epoch2(NODE1) | NODE0 = NODE1
qcost : 11




=== Prime Orbit 374 =====================
size : 2
num_suborbits: 1
819 (*) : -000-----0------------0000
819     : ['~ep_epoch1(node0)', '~ep_epoch2(node0)', '~ep_epoch3(node0)', '~held(node1)', '~transfer_epoch2(node0)', '~transfer_epoch2(node1)', '~transfer_epoch3(node0)', '~transfer_epoch3(node1)']
820     : -----0000-------------0000
820     : ['~ep_epoch1(node1)', '~ep_epoch2(node1)', '~ep_epoch3(node1)', '~held(node0)', '~transfer_epoch2(node0)', '~transfer_epoch2(node1)', '~transfer_epoch3(node0)', '~transfer_epoch3(node1)']
num_forall :   2
num_exists :   0
num_literals : 9
quantified form : forall NODE1,NODE0. transfer_epoch2(NODE1) | held(NODE1) | transfer_epoch2(NODE0) | transfer_epoch3(NODE0) | transfer_epoch3(NODE1) | ep_epoch2(NODE0) | ep_epoch1(NODE0) | ep_epoch3(NODE0) | NODE0 = NODE1
qcost : 11




=== Prime Orbit 375 =====================
size : 2
num_suborbits: 1
817 (*) : -00------0------0-----0000
817     : ['~ep_epoch1(node0)', '~ep_epoch2(node0)', '~held(node1)', '~locked_epoch3(node0)', '~transfer_epoch2(node0)', '~transfer_epoch2(node1)', '~transfer_epoch3(node0)', '~transfer_epoch3(node1)']
818     : -----00-0--------0----0000
818     : ['~ep_epoch1(node1)', '~ep_epoch2(node1)', '~held(node0)', '~locked_epoch3(node1)', '~transfer_epoch2(node0)', '~transfer_epoch2(node1)', '~transfer_epoch3(node0)', '~transfer_epoch3(node1)']
num_forall :   2
num_exists :   0
num_literals : 9
quantified form : forall NODE1,NODE0. transfer_epoch2(NODE1) | held(NODE1) | transfer_epoch2(NODE0) | transfer_epoch3(NODE0) | transfer_epoch3(NODE1) | ep_epoch2(NODE0) | locked_epoch3(NODE0) | ep_epoch1(NODE0) | NODE0 = NODE1
qcost : 11




=== Prime Orbit 376 =====================
size : 2
num_suborbits: 1
813 (*) : -0-0-----0----0-------0000
813     : ['~ep_epoch1(node0)', '~ep_epoch3(node0)', '~held(node1)', '~locked_epoch2(node0)', '~transfer_epoch2(node0)', '~transfer_epoch2(node1)', '~transfer_epoch3(node0)', '~transfer_epoch3(node1)']
814     : -----0-00------0------0000
814     : ['~ep_epoch1(node1)', '~ep_epoch3(node1)', '~held(node0)', '~locked_epoch2(node1)', '~transfer_epoch2(node0)', '~transfer_epoch2(node1)', '~transfer_epoch3(node0)', '~transfer_epoch3(node1)']
num_forall :   2
num_exists :   0
num_literals : 9
quantified form : forall NODE1,NODE0. transfer_epoch2(NODE1) | held(NODE1) | transfer_epoch2(NODE0) | transfer_epoch3(NODE0) | transfer_epoch3(NODE1) | locked_epoch2(NODE0) | ep_epoch1(NODE0) | ep_epoch3(NODE0) | NODE0 = NODE1
qcost : 11




=== Prime Orbit 377 =====================
size : 2
num_suborbits: 1
815 (*) : -0-------0----0-0-----0000
815     : ['~ep_epoch1(node0)', '~held(node1)', '~locked_epoch2(node0)', '~locked_epoch3(node0)', '~transfer_epoch2(node0)', '~transfer_epoch2(node1)', '~transfer_epoch3(node0)', '~transfer_epoch3(node1)']
816     : -----0--0------0-0----0000
816     : ['~ep_epoch1(node1)', '~held(node0)', '~locked_epoch2(node1)', '~locked_epoch3(node1)', '~transfer_epoch2(node0)', '~transfer_epoch2(node1)', '~transfer_epoch3(node0)', '~transfer_epoch3(node1)']
num_forall :   2
num_exists :   0
num_literals : 9
quantified form : forall NODE1,NODE0. transfer_epoch2(NODE1) | held(NODE1) | transfer_epoch2(NODE0) | transfer_epoch3(NODE0) | transfer_epoch3(NODE1) | locked_epoch3(NODE0) | locked_epoch2(NODE0) | ep_epoch1(NODE0) | NODE0 = NODE1
qcost : 11




=== Prime Orbit 378 =====================
size : 2
num_suborbits: 1
833 (*) : --00-----0--0---------0000
833     : ['~ep_epoch2(node0)', '~ep_epoch3(node0)', '~held(node1)', '~locked_epoch1(node0)', '~transfer_epoch2(node0)', '~transfer_epoch2(node1)', '~transfer_epoch3(node0)', '~transfer_epoch3(node1)']
834     : ------000----0--------0000
834     : ['~ep_epoch2(node1)', '~ep_epoch3(node1)', '~held(node0)', '~locked_epoch1(node1)', '~transfer_epoch2(node0)', '~transfer_epoch2(node1)', '~transfer_epoch3(node0)', '~transfer_epoch3(node1)']
num_forall :   2
num_exists :   0
num_literals : 9
quantified form : forall NODE1,NODE0. transfer_epoch2(NODE1) | held(NODE1) | transfer_epoch3(NODE0) | locked_epoch1(NODE0) | transfer_epoch3(NODE1) | ep_epoch2(NODE0) | transfer_epoch2(NODE0) | ep_epoch3(NODE0) | NODE0 = NODE1
qcost : 11




=== Prime Orbit 379 =====================
size : 2
num_suborbits: 1
831 (*) : --0------0--0---0-----0000
831     : ['~ep_epoch2(node0)', '~held(node1)', '~locked_epoch1(node0)', '~locked_epoch3(node0)', '~transfer_epoch2(node0)', '~transfer_epoch2(node1)', '~transfer_epoch3(node0)', '~transfer_epoch3(node1)']
832     : ------0-0----0---0----0000
832     : ['~ep_epoch2(node1)', '~held(node0)', '~locked_epoch1(node1)', '~locked_epoch3(node1)', '~transfer_epoch2(node0)', '~transfer_epoch2(node1)', '~transfer_epoch3(node0)', '~transfer_epoch3(node1)']
num_forall :   2
num_exists :   0
num_literals : 9
quantified form : forall NODE1,NODE0. transfer_epoch2(NODE1) | held(NODE1) | transfer_epoch3(NODE0) | locked_epoch1(NODE0) | transfer_epoch3(NODE1) | ep_epoch2(NODE0) | locked_epoch3(NODE0) | transfer_epoch2(NODE0) | NODE0 = NODE1
qcost : 11




=== Prime Orbit 380 =====================
size : 2
num_suborbits: 1
829 (*) : ---0-----0--0-0-------0000
829     : ['~ep_epoch3(node0)', '~held(node1)', '~locked_epoch1(node0)', '~locked_epoch2(node0)', '~transfer_epoch2(node0)', '~transfer_epoch2(node1)', '~transfer_epoch3(node0)', '~transfer_epoch3(node1)']
830     : -------00----0-0------0000
830     : ['~ep_epoch3(node1)', '~held(node0)', '~locked_epoch1(node1)', '~locked_epoch2(node1)', '~transfer_epoch2(node0)', '~transfer_epoch2(node1)', '~transfer_epoch3(node0)', '~transfer_epoch3(node1)']
num_forall :   2
num_exists :   0
num_literals : 9
quantified form : forall NODE1,NODE0. transfer_epoch2(NODE1) | held(NODE1) | transfer_epoch3(NODE0) | locked_epoch1(NODE0) | transfer_epoch3(NODE1) | locked_epoch2(NODE0) | transfer_epoch2(NODE0) | ep_epoch3(NODE0) | NODE0 = NODE1
qcost : 11




=== Prime Orbit 381 =====================
size : 2
num_suborbits: 1
828 (*) : --------0----0-0-0----0000
828     : ['~held(node0)', '~locked_epoch1(node1)', '~locked_epoch2(node1)', '~locked_epoch3(node1)', '~transfer_epoch2(node0)', '~transfer_epoch2(node1)', '~transfer_epoch3(node0)', '~transfer_epoch3(node1)']
827     : ---------0--0-0-0-----0000
827     : ['~held(node1)', '~locked_epoch1(node0)', '~locked_epoch2(node0)', '~locked_epoch3(node0)', '~transfer_epoch2(node0)', '~transfer_epoch2(node1)', '~transfer_epoch3(node0)', '~transfer_epoch3(node1)']
num_forall :   2
num_exists :   0
num_literals : 9
quantified form : forall NODE1,NODE0. transfer_epoch2(NODE1) | held(NODE0) | transfer_epoch3(NODE0) | transfer_epoch3(NODE1) | locked_epoch3(NODE1) | locked_epoch1(NODE1) | transfer_epoch2(NODE0) | locked_epoch2(NODE1) | NODE0 = NODE1
qcost : 11



[QRM NOTE]: Time elapsed since start: 10.435 seconds

[QRM NOTE]: Time elapsed since last: 2.789 seconds

[QRM NOTE]: Peak memory: 3131257 bytes


===============================================================================================

	[MIN]: Minimization on [ivybench/total/ivy/distributed_lock.ivy: node=2,epoch=4]

===============================================================================================

