
******************************************************************

	[QRM]: ivybench/total/ivy/distributed_lock.ivy

******************************************************************


************************************************************************************************

	[Synthesize Rmin]: [ivybench/total/ivy/distributed_lock.ivy: node=2,epoch=4]

************************************************************************************************

python3 qrm.py ivybench/total/ivy/distributed_lock.ivy -s node=2,epoch=4 -f 1 -g -w -v 4 -l test.log -y -a -k

epoch


======================================================================================================

	[FW]: Forward Reachability on [ivybench/total/ivy/distributed_lock.ivy: node=2,epoch=4]

======================================================================================================


==============================================

	Set up for forward reachability

==============================================

[FW NOTE]: number of state atoms: 26

[FW NOTE]: number of interpreted atoms (e.g. member,le): 30

[FW NOTE]: symmetric group order: 48

[FW NOTE]: number of branching actions: 24

ivy_to_cpp target=qrm distributed_lock.node_2_epoch_4.finite.ivy

[IVY_TO_CPP RESULT]: OK

swig -c++ -python -o distributed_lock.node_2_epoch_4.finite_wrap.cpp ivy_exec.i

[SWIG RESULT]: OK

g++ -std=c++11 -fpic -pthread -O3 distributed_lock.node_2_epoch_4.finite.cpp distributed_lock.node_2_epoch_4.finite_wrap.cpp -I/usr/include/python3.12 -c

[G++ RESULT]: OK

g++ -shared distributed_lock.node_2_epoch_4.finite.o distributed_lock.node_2_epoch_4.finite_wrap.o -o _ivy_exec.so -lm -lstdc++

[LINK RESULT]: OK

[QRM NOTE]: Time elapsed since start: 6.787 seconds

[QRM NOTE]: Time elapsed since last: 6.787 seconds

[QRM NOTE]: Peak memory: 872372 bytes


===================================

	Forward reachability

===================================

[FW NOTE]: dfs max depth: 4

[FW NOTE]: number of total reachable states:        34

[FW NOTE]: number of dfs representative states:     17

[FW NOTE]: number of dfs non-representative states: 17


=============================================================================================================

	[FW RESULT]: Forward Reachability on [ivybench/total/ivy/distributed_lock.ivy: node=2,epoch=4]

=============================================================================================================

sort: node=['node0', 'node1']
sort: epoch=['epoch0', 'epoch1', 'epoch2', 'epoch3']
predicate: max=('epoch',)
predicate: transfer('epoch', 'node')
predicate: first=('node',)
predicate: locked('epoch', 'node')
predicate: zero=('epoch',)
predicate: firste=('epoch',)
predicate: ep=('node', 'epoch')
predicate: held('node',)
predicate: le('epoch', 'epoch')
interpreted atoms: {'(first=node0)': '1', '(first=node1)': '0', '(firste=epoch0)': '0', '(firste=epoch1)': '1', '(firste=epoch2)': '0', '(firste=epoch3)': '0', 'le(epoch0,epoch0)': '1', 'le(epoch0,epoch1)': '1', 'le(epoch0,epoch2)': '1', 'le(epoch0,epoch3)': '1', 'le(epoch1,epoch0)': '0', 'le(epoch1,epoch1)': '1', 'le(epoch1,epoch2)': '1', 'le(epoch1,epoch3)': '1', 'le(epoch2,epoch0)': '0', 'le(epoch2,epoch1)': '0', 'le(epoch2,epoch2)': '1', 'le(epoch2,epoch3)': '1', 'le(epoch3,epoch0)': '0', 'le(epoch3,epoch1)': '0', 'le(epoch3,epoch2)': '0', 'le(epoch3,epoch3)': '1', '(max=epoch0)': '0', '(max=epoch1)': '0', '(max=epoch2)': '0', '(max=epoch3)': '1', '(zero=epoch0)': '1', '(zero=epoch1)': '0', '(zero=epoch2)': '0', '(zero=epoch3)': '0'}
state atoms: ['(ep(node0)=epoch0)', '(ep(node0)=epoch1)', '(ep(node0)=epoch2)', '(ep(node0)=epoch3)', '(ep(node1)=epoch0)', '(ep(node1)=epoch1)', '(ep(node1)=epoch2)', '(ep(node1)=epoch3)', 'held(node0)', 'held(node1)', 'locked(epoch0,node0)', 'locked(epoch0,node1)', 'locked(epoch1,node0)', 'locked(epoch1,node1)', 'locked(epoch2,node0)', 'locked(epoch2,node1)', 'locked(epoch3,node0)', 'locked(epoch3,node1)', 'transfer(epoch0,node0)', 'transfer(epoch0,node1)', 'transfer(epoch1,node0)', 'transfer(epoch1,node1)', 'transfer(epoch2,node0)', 'transfer(epoch2,node1)', 'transfer(epoch3,node0)', 'transfer(epoch3,node1)']
representative states : 20415732524724504, 20275003626303768, 11410732293239064, 11269996952367384, 6907682421682456, 11269995878625560, 5213335003279640, 20274997183852824, 6905483398426904, 20274999331336472, 10280434339885336, 10139697925271832, 5217733049790744, 10139698999013656, 5777384468328728, 20274996110111000, 5775185445073176


=== State Orbit 0 =====================
size : 2
repr state: 01001000100010000000000000
lex min decimal: 0x48880024f73118
states:
01001000100010000000000000
10000100010001000000000000

hex states:
0x1222000
0x2111000

State 0:
ep(node0): epoch1
ep(node1): epoch0
held(node0): 1
locked(epoch1,node0): 1

State 1:
ep(node0): epoch0
ep(node1): epoch1
held(node1): 1
locked(epoch1,node1): 1




=== State Orbit 1 =====================
size : 2
repr state: 01001000000010000000001000
lex min decimal: 0x48080224f73118
states:
01001000000010000000001000
10000100000001000000000100

hex states:
0x1202008
0x2101004

State 0:
ep(node0): epoch1
ep(node1): epoch0
locked(epoch1,node0): 1
transfer(epoch2,node0): 1

State 1:
ep(node0): epoch0
ep(node1): epoch1
locked(epoch1,node1): 1
transfer(epoch2,node1): 1




=== State Orbit 2 =====================
size : 2
repr state: 00101000100010100000000000
lex min decimal: 0x288a0024f73118
states:
00101000100010100000000000
10000010010001010000000000

hex states:
0xa22800
0x2091400

State 0:
ep(node0): epoch2
ep(node1): epoch0
held(node0): 1
locked(epoch1,node0): 1
locked(epoch2,node0): 1

State 1:
ep(node0): epoch0
ep(node1): epoch2
held(node1): 1
locked(epoch1,node1): 1
locked(epoch2,node1): 1




=== State Orbit 3 =====================
size : 2
repr state: 00101000000010100000000010
lex min decimal: 0x280a00a4f73118
states:
00101000000010100000000010
10000010000001010000000001

hex states:
0xa02802
0x2081401

State 0:
ep(node0): epoch2
ep(node1): epoch0
locked(epoch1,node0): 1
locked(epoch2,node0): 1
transfer(epoch3,node0): 1

State 1:
ep(node0): epoch0
ep(node1): epoch2
locked(epoch1,node1): 1
locked(epoch2,node1): 1
transfer(epoch3,node1): 1




=== State Orbit 4 =====================
size : 2
repr state: 00011000100010101000000000
lex min decimal: 0x188a8024f73118
states:
00011000100010101000000000
10000001010001010100000000

hex states:
0x622a00
0x2051500

State 0:
ep(node0): epoch3
ep(node1): epoch0
held(node0): 1
locked(epoch1,node0): 1
locked(epoch2,node0): 1
locked(epoch3,node0): 1

State 1:
ep(node0): epoch0
ep(node1): epoch3
held(node1): 1
locked(epoch1,node1): 1
locked(epoch2,node1): 1
locked(epoch3,node1): 1




=== State Orbit 5 =====================
size : 2
repr state: 00101000000010100000000001
lex min decimal: 0x280a0064f73118
states:
00101000000010100000000001
10000010000001010000000010

hex states:
0xa02801
0x2081402

State 0:
ep(node0): epoch2
ep(node1): epoch0
locked(epoch1,node0): 1
locked(epoch2,node0): 1
transfer(epoch3,node1): 1

State 1:
ep(node0): epoch0
ep(node1): epoch2
locked(epoch1,node1): 1
locked(epoch2,node1): 1
transfer(epoch3,node0): 1




=== State Orbit 6 =====================
size : 2
repr state: 00100001010010100100000000
lex min decimal: 0x12858024f73118
states:
00100001010010100100000000
00010010100001011000000000

hex states:
0x852900
0x4a1600

State 0:
ep(node0): epoch2
ep(node1): epoch3
held(node1): 1
locked(epoch1,node0): 1
locked(epoch2,node0): 1
locked(epoch3,node1): 1

State 1:
ep(node0): epoch3
ep(node1): epoch2
held(node0): 1
locked(epoch1,node1): 1
locked(epoch2,node1): 1
locked(epoch3,node0): 1




=== State Orbit 7 =====================
size : 2
repr state: 01001000000010000000000010
lex min decimal: 0x480800a4f73118
states:
01001000000010000000000010
10000100000001000000000001

hex states:
0x1202002
0x2101001

State 0:
ep(node0): epoch1
ep(node1): epoch0
locked(epoch1,node0): 1
transfer(epoch3,node0): 1

State 1:
ep(node0): epoch0
ep(node1): epoch1
locked(epoch1,node1): 1
transfer(epoch3,node1): 1




=== State Orbit 8 =====================
size : 2
repr state: 00011000100010001000000000
lex min decimal: 0x18888024f73118
states:
00011000100010001000000000
10000001010001000100000000

hex states:
0x622200
0x2051100

State 0:
ep(node0): epoch3
ep(node1): epoch0
held(node0): 1
locked(epoch1,node0): 1
locked(epoch3,node0): 1

State 1:
ep(node0): epoch0
ep(node1): epoch3
held(node1): 1
locked(epoch1,node1): 1
locked(epoch3,node1): 1




=== State Orbit 9 =====================
size : 2
repr state: 01001000000010000000000100
lex min decimal: 0x48080124f73118
states:
01001000000010000000000100
10000100000001000000001000

hex states:
0x1202004
0x2101008

State 0:
ep(node0): epoch1
ep(node1): epoch0
locked(epoch1,node0): 1
transfer(epoch2,node1): 1

State 1:
ep(node0): epoch0
ep(node1): epoch1
locked(epoch1,node1): 1
transfer(epoch2,node0): 1




=== State Orbit 10 =====================
size : 2
repr state: 01000010010010010000000000
lex min decimal: 0x24860024f73118
states:
01000010010010010000000000
00100100100001100000000000

hex states:
0x1092400
0x921800

State 0:
ep(node0): epoch1
ep(node1): epoch2
held(node1): 1
locked(epoch1,node0): 1
locked(epoch2,node1): 1

State 1:
ep(node0): epoch2
ep(node1): epoch1
held(node0): 1
locked(epoch1,node1): 1
locked(epoch2,node0): 1




=== State Orbit 11 =====================
size : 2
repr state: 01000010000010010000000010
lex min decimal: 0x24060064f73118
states:
01000010000010010000000010
00100100000001100000000001

hex states:
0x1082402
0x901801

State 0:
ep(node0): epoch1
ep(node1): epoch2
locked(epoch1,node0): 1
locked(epoch2,node1): 1
transfer(epoch3,node0): 1

State 1:
ep(node0): epoch2
ep(node1): epoch1
locked(epoch1,node1): 1
locked(epoch2,node0): 1
transfer(epoch3,node1): 1




=== State Orbit 12 =====================
size : 2
repr state: 00010010100010011000000000
lex min decimal: 0x12898024f73118
states:
00010010100010011000000000
00100001010001100100000000

hex states:
0x4a2600
0x851900

State 0:
ep(node0): epoch3
ep(node1): epoch2
held(node0): 1
locked(epoch1,node0): 1
locked(epoch2,node1): 1
locked(epoch3,node0): 1

State 1:
ep(node0): epoch2
ep(node1): epoch3
held(node1): 1
locked(epoch1,node1): 1
locked(epoch2,node0): 1
locked(epoch3,node1): 1




=== State Orbit 13 =====================
size : 2
repr state: 01000010000010010000000001
lex min decimal: 0x240600a4f73118
states:
01000010000010010000000001
00100100000001100000000010

hex states:
0x1082401
0x901802

State 0:
ep(node0): epoch1
ep(node1): epoch2
locked(epoch1,node0): 1
locked(epoch2,node1): 1
transfer(epoch3,node1): 1

State 1:
ep(node0): epoch2
ep(node1): epoch1
locked(epoch1,node1): 1
locked(epoch2,node0): 1
transfer(epoch3,node0): 1




=== State Orbit 14 =====================
size : 2
repr state: 01000001010010010100000000
lex min decimal: 0x14868024f73118
states:
01000001010010010100000000
00010100100001101000000000

hex states:
0x1052500
0x521a00

State 0:
ep(node0): epoch1
ep(node1): epoch3
held(node1): 1
locked(epoch1,node0): 1
locked(epoch2,node1): 1
locked(epoch3,node1): 1

State 1:
ep(node0): epoch3
ep(node1): epoch1
held(node0): 1
locked(epoch1,node1): 1
locked(epoch2,node0): 1
locked(epoch3,node0): 1




=== State Orbit 15 =====================
size : 2
repr state: 01001000000010000000000001
lex min decimal: 0x48080064f73118
states:
01001000000010000000000001
10000100000001000000000010

hex states:
0x1202001
0x2101002

State 0:
ep(node0): epoch1
ep(node1): epoch0
locked(epoch1,node0): 1
transfer(epoch3,node1): 1

State 1:
ep(node0): epoch0
ep(node1): epoch1
locked(epoch1,node1): 1
transfer(epoch3,node0): 1




=== State Orbit 16 =====================
size : 2
repr state: 01000001010010000100000000
lex min decimal: 0x14848024f73118
states:
01000001010010000100000000
00010100100001001000000000

hex states:
0x1052100
0x521200

State 0:
ep(node0): epoch1
ep(node1): epoch3
held(node1): 1
locked(epoch1,node0): 1
locked(epoch3,node1): 1

State 1:
ep(node0): epoch3
ep(node1): epoch1
held(node0): 1
locked(epoch1,node1): 1
locked(epoch3,node0): 1



[QRM NOTE]: Time elapsed since start: 6.908 seconds

[QRM NOTE]: Time elapsed since last: 0.121 seconds

[QRM NOTE]: Peak memory: 485526 bytes


==================================

	Curry Ordered Sorts

==================================


---------- Currying Ordered Sorts ----------

[CURRY]: curried 24 atoms

[CURRY]: curried state atoms: ['ep_epoch0(node0)', 'ep_epoch1(node0)', 'ep_epoch2(node0)', 'ep_epoch3(node0)', 'ep_epoch0(node1)', 'ep_epoch1(node1)', 'ep_epoch2(node1)', 'ep_epoch3(node1)', 'held(node0)', 'held(node1)', 'locked_epoch0(node0)', 'locked_epoch0(node1)', 'locked_epoch1(node0)', 'locked_epoch1(node1)', 'locked_epoch2(node0)', 'locked_epoch2(node1)', 'locked_epoch3(node0)', 'locked_epoch3(node1)', 'transfer_epoch0(node0)', 'transfer_epoch0(node1)', 'transfer_epoch1(node0)', 'transfer_epoch1(node1)', 'transfer_epoch2(node0)', 'transfer_epoch2(node1)', 'transfer_epoch3(node0)', 'transfer_epoch3(node1)']

[QRM NOTE]: Time elapsed since start: 6.919 seconds

[QRM NOTE]: Time elapsed since last: 0.012 seconds

[QRM NOTE]: Peak memory: 557233 bytes


======================================

	Reduce Equivalent Atoms

======================================

[FW NOTE]: equivalent atoms

	ep_epoch3(node0): ['locked_epoch3(node0)']

	ep_epoch3(node1): ['locked_epoch3(node1)']

	locked_epoch0(node0): ['transfer_epoch0(node0)', 'transfer_epoch1(node0)']

	locked_epoch0(node1): ['transfer_epoch0(node1)', 'transfer_epoch1(node1)']

[FW NOTE]: complement atoms

[FW NOTE]: remove_atom_ids: {16, 17, 18, 19, 20, 21}

[QRM NOTE]: Time elapsed since start: 6.956 seconds

[QRM NOTE]: Time elapsed since last: 0.037 seconds

[QRM NOTE]: Peak memory: 561865 bytes


=============================================================================================================

	[PRIME]: Prime Orbit Generatation on [ivybench/total/ivy/distributed_lock.ivy: node=2,epoch=4]

=============================================================================================================


========================================================================================================

	[PRIME RESULT]: Prime Orbits on [ivybench/total/ivy/distributed_lock.ivy: node=2,epoch=4]

========================================================================================================


=== Prime Orbit 0 =====================
size : 2
num_suborbits: 1
0 (*) : ----------1---------------
0     : ['locked_epoch0(node0)']
1     : -----------1--------------
1     : ['locked_epoch0(node1)']
num_forall :   0
num_exists :   0
num_literals : 0
quantified form : None
qcost : 0


=== Prime Orbit 1 =====================
size : 1
num_suborbits: 1
47 (*) : 1---1---------------------
47     : ['ep_epoch0(node0)', 'ep_epoch0(node1)']
num_forall :   0
num_exists :   0
num_literals : 0
quantified form : None
qcost : 0


=== Prime Orbit 2 =====================
size : 2
num_suborbits: 1
27 (*) : 11------------------------
27     : ['ep_epoch0(node0)', 'ep_epoch1(node0)']
28     : ----11--------------------
28     : ['ep_epoch0(node1)', 'ep_epoch1(node1)']
num_forall :   0
num_exists :   0
num_literals : 0
quantified form : None
qcost : 0


=== Prime Orbit 3 =====================
size : 2
num_suborbits: 1
15 (*) : 1-1-----------------------
15     : ['ep_epoch0(node0)', 'ep_epoch2(node0)']
16     : ----1-1-------------------
16     : ['ep_epoch0(node1)', 'ep_epoch2(node1)']
num_forall :   0
num_exists :   0
num_literals : 0
quantified form : None
qcost : 0


=== Prime Orbit 4 =====================
size : 2
num_suborbits: 1
23 (*) : 1--1----------------------
23     : ['ep_epoch0(node0)', 'ep_epoch3(node0)']
24     : ----1--1------------------
24     : ['ep_epoch0(node1)', 'ep_epoch3(node1)']
num_forall :   0
num_exists :   0
num_literals : 0
quantified form : None
qcost : 0


=== Prime Orbit 5 =====================
size : 2
num_suborbits: 1
46 (*) : 1-------1-----------------
46     : ['ep_epoch0(node0)', 'held(node0)']
45     : ----1----1----------------
45     : ['ep_epoch0(node1)', 'held(node1)']
num_forall :   0
num_exists :   0
num_literals : 0
quantified form : None
qcost : 0


=== Prime Orbit 6 =====================
size : 2
num_suborbits: 1
37 (*) : 1-----------1-------------
37     : ['ep_epoch0(node0)', 'locked_epoch1(node0)']
38     : ----1--------1------------
38     : ['ep_epoch0(node1)', 'locked_epoch1(node1)']
num_forall :   0
num_exists :   0
num_literals : 0
quantified form : None
qcost : 0


=== Prime Orbit 7 =====================
size : 2
num_suborbits: 1
2 (*) : 1-------------1-----------
2     : ['ep_epoch0(node0)', 'locked_epoch2(node0)']
3     : ----1----------1----------
3     : ['ep_epoch0(node1)', 'locked_epoch2(node1)']
num_forall :   0
num_exists :   0
num_literals : 0
quantified form : None
qcost : 0


=== Prime Orbit 8 =====================
size : 2
num_suborbits: 1
39 (*) : 1------------0------------
39     : ['ep_epoch0(node0)', '~locked_epoch1(node1)']
40     : ----1-------0-------------
40     : ['ep_epoch0(node1)', '~locked_epoch1(node0)']
num_forall :   0
num_exists :   0
num_literals : 0
quantified form : None
qcost : 0


=== Prime Orbit 9 =====================
size : 1
num_suborbits: 1
61 (*) : -1---1--------------------
61     : ['ep_epoch1(node0)', 'ep_epoch1(node1)']
num_forall :   0
num_exists :   0
num_literals : 0
quantified form : None
qcost : 0


=== Prime Orbit 10 =====================
size : 2
num_suborbits: 1
17 (*) : -11-----------------------
17     : ['ep_epoch1(node0)', 'ep_epoch2(node0)']
18     : -----11-------------------
18     : ['ep_epoch1(node1)', 'ep_epoch2(node1)']
num_forall :   0
num_exists :   0
num_literals : 0
quantified form : None
qcost : 0


=== Prime Orbit 11 =====================
size : 2
num_suborbits: 1
25 (*) : -1-1----------------------
25     : ['ep_epoch1(node0)', 'ep_epoch3(node0)']
26     : -----1-1------------------
26     : ['ep_epoch1(node1)', 'ep_epoch3(node1)']
num_forall :   0
num_exists :   0
num_literals : 0
quantified form : None
qcost : 0


=== Prime Orbit 12 =====================
size : 2
num_suborbits: 1
41 (*) : -1-----------1------------
41     : ['ep_epoch1(node0)', 'locked_epoch1(node1)']
42     : -----1------1-------------
42     : ['ep_epoch1(node1)', 'locked_epoch1(node0)']
num_forall :   0
num_exists :   0
num_literals : 0
quantified form : None
qcost : 0


=== Prime Orbit 13 =====================
size : 2
num_suborbits: 1
4 (*) : -1------------1-----------
4     : ['ep_epoch1(node0)', 'locked_epoch2(node0)']
5     : -----1---------1----------
5     : ['ep_epoch1(node1)', 'locked_epoch2(node1)']
num_forall :   0
num_exists :   0
num_literals : 0
quantified form : None
qcost : 0


=== Prime Orbit 14 =====================
size : 2
num_suborbits: 1
35 (*) : -1----------0-------------
35     : ['ep_epoch1(node0)', '~locked_epoch1(node0)']
36     : -----1-------0------------
36     : ['ep_epoch1(node1)', '~locked_epoch1(node1)']
num_forall :   0
num_exists :   0
num_literals : 0
quantified form : None
qcost : 0


=== Prime Orbit 15 =====================
size : 1
num_suborbits: 1
64 (*) : --1---1-------------------
64     : ['ep_epoch2(node0)', 'ep_epoch2(node1)']
num_forall :   0
num_exists :   0
num_literals : 0
quantified form : None
qcost : 0


=== Prime Orbit 16 =====================
size : 2
num_suborbits: 1
19 (*) : --11----------------------
19     : ['ep_epoch2(node0)', 'ep_epoch3(node0)']
20     : ------11------------------
20     : ['ep_epoch2(node1)', 'ep_epoch3(node1)']
num_forall :   0
num_exists :   0
num_literals : 0
quantified form : None
qcost : 0


=== Prime Orbit 17 =====================
size : 2
num_suborbits: 1
9 (*) : --1------------1----------
9     : ['ep_epoch2(node0)', 'locked_epoch2(node1)']
8     : ------1-------1-----------
8     : ['ep_epoch2(node1)', 'locked_epoch2(node0)']
num_forall :   0
num_exists :   0
num_literals : 0
quantified form : None
qcost : 0


=== Prime Orbit 18 =====================
size : 4
num_suborbits: 2
31 (*) : --1-------------------1---
31     : ['ep_epoch2(node0)', 'transfer_epoch2(node0)']
63     : --1--------------------1--
63     : ['ep_epoch2(node0)', 'transfer_epoch2(node1)']
62     : ------1---------------1---
62     : ['ep_epoch2(node1)', 'transfer_epoch2(node0)']
32     : ------1----------------1--
32     : ['ep_epoch2(node1)', 'transfer_epoch2(node1)']
num_forall :   0
num_exists :   0
num_literals : 0
quantified form : None
qcost : 0


=== Prime Orbit 19 =====================
size : 2
num_suborbits: 1
13 (*) : --1-----------0-----------
13     : ['ep_epoch2(node0)', '~locked_epoch2(node0)']
14     : ------1--------0----------
14     : ['ep_epoch2(node1)', '~locked_epoch2(node1)']
num_forall :   0
num_exists :   0
num_literals : 0
quantified form : None
qcost : 0


=== Prime Orbit 20 =====================
size : 1
num_suborbits: 1
55 (*) : ---1---1------------------
55     : ['ep_epoch3(node0)', 'ep_epoch3(node1)']
num_forall :   0
num_exists :   0
num_literals : 0
quantified form : None
qcost : 0


=== Prime Orbit 21 =====================
size : 2
num_suborbits: 1
53 (*) : ---1-----1----------------
53     : ['ep_epoch3(node0)', 'held(node1)']
54     : -------11-----------------
54     : ['ep_epoch3(node1)', 'held(node0)']
num_forall :   0
num_exists :   0
num_literals : 0
quantified form : None
qcost : 0


=== Prime Orbit 22 =====================
size : 4
num_suborbits: 2
33 (*) : ---1------------------1---
33     : ['ep_epoch3(node0)', 'transfer_epoch2(node0)']
59     : ---1-------------------1--
59     : ['ep_epoch3(node0)', 'transfer_epoch2(node1)']
58     : -------1--------------1---
58     : ['ep_epoch3(node1)', 'transfer_epoch2(node0)']
34     : -------1---------------1--
34     : ['ep_epoch3(node1)', 'transfer_epoch2(node1)']
num_forall :   0
num_exists :   0
num_literals : 0
quantified form : None
qcost : 0


=== Prime Orbit 23 =====================
size : 4
num_suborbits: 2
52 (*) : ---1--------------------1-
52     : ['ep_epoch3(node0)', 'transfer_epoch3(node0)']
21     : ---1---------------------1
21     : ['ep_epoch3(node0)', 'transfer_epoch3(node1)']
22     : -------1----------------1-
22     : ['ep_epoch3(node1)', 'transfer_epoch3(node0)']
51     : -------1-----------------1
51     : ['ep_epoch3(node1)', 'transfer_epoch3(node1)']
num_forall :   0
num_exists :   0
num_literals : 0
quantified form : None
qcost : 0


=== Prime Orbit 24 =====================
size : 2
num_suborbits: 1
44 (*) : ---1----0-----------------
44     : ['ep_epoch3(node0)', '~held(node0)']
43     : -------1-0----------------
43     : ['ep_epoch3(node1)', '~held(node1)']
num_forall :   0
num_exists :   0
num_literals : 0
quantified form : None
qcost : 0


=== Prime Orbit 25 =====================
size : 1
num_suborbits: 1
67 (*) : --------11----------------
67     : ['held(node0)', 'held(node1)']
num_forall :   0
num_exists :   0
num_literals : 0
quantified form : None
qcost : 0


=== Prime Orbit 26 =====================
size : 4
num_suborbits: 2
68 (*) : --------1-------------1---
68     : ['held(node0)', 'transfer_epoch2(node0)']
57     : --------1--------------1--
57     : ['held(node0)', 'transfer_epoch2(node1)']
56     : ---------1------------1---
56     : ['held(node1)', 'transfer_epoch2(node0)']
69     : ---------1-------------1--
69     : ['held(node1)', 'transfer_epoch2(node1)']
num_forall :   0
num_exists :   0
num_literals : 0
quantified form : None
qcost : 0


=== Prime Orbit 27 =====================
size : 4
num_suborbits: 2
50 (*) : --------1---------------1-
50     : ['held(node0)', 'transfer_epoch3(node0)']
65     : --------1----------------1
65     : ['held(node0)', 'transfer_epoch3(node1)']
66     : ---------1--------------1-
66     : ['held(node1)', 'transfer_epoch3(node0)']
49     : ---------1---------------1
49     : ['held(node1)', 'transfer_epoch3(node1)']
num_forall :   0
num_exists :   0
num_literals : 0
quantified form : None
qcost : 0


=== Prime Orbit 28 =====================
size : 1
num_suborbits: 1
60 (*) : ------------11------------
60     : ['locked_epoch1(node0)', 'locked_epoch1(node1)']
num_forall :   0
num_exists :   0
num_literals : 0
quantified form : None
qcost : 0


=== Prime Orbit 29 =====================
size : 1
num_suborbits: 1
10 (*) : --------------11----------
10     : ['locked_epoch2(node0)', 'locked_epoch2(node1)']
num_forall :   0
num_exists :   0
num_literals : 0
quantified form : None
qcost : 0


=== Prime Orbit 30 =====================
size : 4
num_suborbits: 2
6 (*) : --------------1-------1---
6     : ['locked_epoch2(node0)', 'transfer_epoch2(node0)']
11     : --------------1--------1--
11     : ['locked_epoch2(node0)', 'transfer_epoch2(node1)']
12     : ---------------1------1---
12     : ['locked_epoch2(node1)', 'transfer_epoch2(node0)']
7     : ---------------1-------1--
7     : ['locked_epoch2(node1)', 'transfer_epoch2(node1)']
num_forall :   0
num_exists :   0
num_literals : 0
quantified form : None
qcost : 0


=== Prime Orbit 31 =====================
size : 1
num_suborbits: 1
70 (*) : ----------------------11--
70     : ['transfer_epoch2(node0)', 'transfer_epoch2(node1)']
num_forall :   0
num_exists :   0
num_literals : 0
quantified form : None
qcost : 0


=== Prime Orbit 32 =====================
size : 4
num_suborbits: 2
72 (*) : ----------------------1-1-
72     : ['transfer_epoch2(node0)', 'transfer_epoch3(node0)']
29     : ----------------------1--1
29     : ['transfer_epoch2(node0)', 'transfer_epoch3(node1)']
30     : -----------------------11-
30     : ['transfer_epoch2(node1)', 'transfer_epoch3(node0)']
71     : -----------------------1-1
71     : ['transfer_epoch2(node1)', 'transfer_epoch3(node1)']
num_forall :   0
num_exists :   0
num_literals : 0
quantified form : None
qcost : 0


=== Prime Orbit 33 =====================
size : 1
num_suborbits: 1
73 (*) : ------------------------11
73     : ['transfer_epoch3(node0)', 'transfer_epoch3(node1)']
num_forall :   0
num_exists :   0
num_literals : 0
quantified form : None
qcost : 0


=== Prime Orbit 34 =====================
size : 1
num_suborbits: 1
48 (*) : ------------00------------
48     : ['~locked_epoch1(node0)', '~locked_epoch1(node1)']
num_forall :   0
num_exists :   0
num_literals : 0
quantified form : None
qcost : 0


=== Prime Orbit 35 =====================
size : 4
num_suborbits: 2
120 (*) : 1----0----------------1---
120     : ['ep_epoch0(node0)', 'transfer_epoch2(node0)', '~ep_epoch1(node1)']
97     : 1----0-----------------1--
97     : ['ep_epoch0(node0)', 'transfer_epoch2(node1)', '~ep_epoch1(node1)']
96     : -0--1-----------------1---
96     : ['ep_epoch0(node1)', 'transfer_epoch2(node0)', '~ep_epoch1(node0)']
121     : -0--1------------------1--
121     : ['ep_epoch0(node1)', 'transfer_epoch2(node1)', '~ep_epoch1(node0)']
num_forall :   0
num_exists :   0
num_literals : 0
quantified form : None
qcost : 0


=== Prime Orbit 36 =====================
size : 2
num_suborbits: 1
74 (*) : -1----1-1-----------------
74     : ['ep_epoch1(node0)', 'ep_epoch2(node1)', 'held(node0)']
75     : --1--1---1----------------
75     : ['ep_epoch1(node1)', 'ep_epoch2(node0)', 'held(node1)']
num_forall :   0
num_exists :   0
num_literals : 0
quantified form : None
qcost : 0


=== Prime Orbit 37 =====================
size : 2
num_suborbits: 1
78 (*) : -1------1------1----------
78     : ['ep_epoch1(node0)', 'held(node0)', 'locked_epoch2(node1)']
79     : -----1---1----1-----------
79     : ['ep_epoch1(node1)', 'held(node1)', 'locked_epoch2(node0)']
num_forall :   0
num_exists :   0
num_literals : 0
quantified form : None
qcost : 0


=== Prime Orbit 38 =====================
size : 2
num_suborbits: 1
76 (*) : -1--0---1-----------------
76     : ['ep_epoch1(node0)', 'held(node0)', '~ep_epoch0(node1)']
77     : 0----1---1----------------
77     : ['ep_epoch1(node1)', 'held(node1)', '~ep_epoch0(node0)']
num_forall :   0
num_exists :   0
num_literals : 0
quantified form : None
qcost : 0


=== Prime Orbit 39 =====================
size : 4
num_suborbits: 2
126 (*) : -1--0-----------------1---
126     : ['ep_epoch1(node0)', 'transfer_epoch2(node0)', '~ep_epoch0(node1)']
113     : -1--0------------------1--
113     : ['ep_epoch1(node0)', 'transfer_epoch2(node1)', '~ep_epoch0(node1)']
112     : 0----1----------------1---
112     : ['ep_epoch1(node1)', 'transfer_epoch2(node0)', '~ep_epoch0(node0)']
127     : 0----1-----------------1--
127     : ['ep_epoch1(node1)', 'transfer_epoch2(node1)', '~ep_epoch0(node0)']
num_forall :   0
num_exists :   0
num_literals : 0
quantified form : None
qcost : 0


=== Prime Orbit 40 =====================
size : 2
num_suborbits: 1
90 (*) : --1----0-1----------------
90     : ['ep_epoch2(node0)', 'held(node1)', '~ep_epoch3(node1)']
91     : ---0--1-1-----------------
91     : ['ep_epoch2(node1)', 'held(node0)', '~ep_epoch3(node0)']
num_forall :   0
num_exists :   0
num_literals : 0
quantified form : None
qcost : 0


=== Prime Orbit 41 =====================
size : 2
num_suborbits: 1
95 (*) : ---1--0--------1----------
95     : ['ep_epoch3(node0)', 'locked_epoch2(node1)', '~ep_epoch2(node1)']
94     : --0----1------1-----------
94     : ['ep_epoch3(node1)', 'locked_epoch2(node0)', '~ep_epoch2(node0)']
num_forall :   0
num_exists :   0
num_literals : 0
quantified form : None
qcost : 0


=== Prime Orbit 42 =====================
size : 2
num_suborbits: 1
89 (*) : ------0-1------1----------
89     : ['held(node0)', 'locked_epoch2(node1)', '~ep_epoch2(node1)']
88     : --0------1----1-----------
88     : ['held(node1)', 'locked_epoch2(node0)', '~ep_epoch2(node0)']
num_forall :   0
num_exists :   0
num_literals : 0
quantified form : None
qcost : 0


=== Prime Orbit 43 =====================
size : 2
num_suborbits: 1
87 (*) : ---0----1------1----------
87     : ['held(node0)', 'locked_epoch2(node1)', '~ep_epoch3(node0)']
86     : -------0-1----1-----------
86     : ['held(node1)', 'locked_epoch2(node0)', '~ep_epoch3(node1)']
num_forall :   0
num_exists :   0
num_literals : 0
quantified form : None
qcost : 0


=== Prime Orbit 44 =====================
size : 4
num_suborbits: 2
124 (*) : ----0-------1---------1---
124     : ['locked_epoch1(node0)', 'transfer_epoch2(node0)', '~ep_epoch0(node1)']
109     : ----0-------1----------1--
109     : ['locked_epoch1(node0)', 'transfer_epoch2(node1)', '~ep_epoch0(node1)']
108     : 0------------1--------1---
108     : ['locked_epoch1(node1)', 'transfer_epoch2(node0)', '~ep_epoch0(node0)']
125     : 0------------1---------1--
125     : ['locked_epoch1(node1)', 'transfer_epoch2(node1)', '~ep_epoch0(node0)']
num_forall :   0
num_exists :   0
num_literals : 0
quantified form : None
qcost : 0


=== Prime Orbit 45 =====================
size : 4
num_suborbits: 2
104 (*) : -0----------1---------1---
104     : ['locked_epoch1(node0)', 'transfer_epoch2(node0)', '~ep_epoch1(node0)']
117     : -0----------1----------1--
117     : ['locked_epoch1(node0)', 'transfer_epoch2(node1)', '~ep_epoch1(node0)']
116     : -----0-------1--------1---
116     : ['locked_epoch1(node1)', 'transfer_epoch2(node0)', '~ep_epoch1(node1)']
105     : -----0-------1---------1--
105     : ['locked_epoch1(node1)', 'transfer_epoch2(node1)', '~ep_epoch1(node1)']
num_forall :   0
num_exists :   0
num_literals : 0
quantified form : None
qcost : 0


=== Prime Orbit 46 =====================
size : 4
num_suborbits: 2
92 (*) : --0-----------1---------1-
92     : ['locked_epoch2(node0)', 'transfer_epoch3(node0)', '~ep_epoch2(node0)']
85     : --0-----------1----------1
85     : ['locked_epoch2(node0)', 'transfer_epoch3(node1)', '~ep_epoch2(node0)']
84     : ------0--------1--------1-
84     : ['locked_epoch2(node1)', 'transfer_epoch3(node0)', '~ep_epoch2(node1)']
93     : ------0--------1---------1
93     : ['locked_epoch2(node1)', 'transfer_epoch3(node1)', '~ep_epoch2(node1)']
num_forall :   0
num_exists :   0
num_literals : 0
quantified form : None
qcost : 0


=== Prime Orbit 47 =====================
size : 2
num_suborbits: 1
83 (*) : --00----------1-----------
83     : ['locked_epoch2(node0)', '~ep_epoch2(node0)', '~ep_epoch3(node0)']
82     : ------00-------1----------
82     : ['locked_epoch2(node1)', '~ep_epoch2(node1)', '~ep_epoch3(node1)']
num_forall :   0
num_exists :   0
num_literals : 0
quantified form : None
qcost : 0


=== Prime Orbit 48 =====================
size : 2
num_suborbits: 1
81 (*) : --0-----0-----1-----------
81     : ['locked_epoch2(node0)', '~ep_epoch2(node0)', '~held(node0)']
80     : ------0--0-----1----------
80     : ['locked_epoch2(node1)', '~ep_epoch2(node1)', '~held(node1)']
num_forall :   0
num_exists :   0
num_literals : 0
quantified form : None
qcost : 0


=== Prime Orbit 49 =====================
size : 2
num_suborbits: 1
106 (*) : 0---0-----------------1---
106     : ['transfer_epoch2(node0)', '~ep_epoch0(node0)', '~ep_epoch0(node1)']
107     : 0---0------------------1--
107     : ['transfer_epoch2(node1)', '~ep_epoch0(node0)', '~ep_epoch0(node1)']
num_forall :   0
num_exists :   0
num_literals : 0
quantified form : None
qcost : 0


=== Prime Orbit 50 =====================
size : 4
num_suborbits: 2
100 (*) : 00--------------------1---
100     : ['transfer_epoch2(node0)', '~ep_epoch0(node0)', '~ep_epoch1(node0)']
114     : ----00----------------1---
114     : ['transfer_epoch2(node0)', '~ep_epoch0(node1)', '~ep_epoch1(node1)']
115     : 00---------------------1--
115     : ['transfer_epoch2(node1)', '~ep_epoch0(node0)', '~ep_epoch1(node0)']
101     : ----00-----------------1--
101     : ['transfer_epoch2(node1)', '~ep_epoch0(node1)', '~ep_epoch1(node1)']
num_forall :   0
num_exists :   0
num_literals : 0
quantified form : None
qcost : 0


=== Prime Orbit 51 =====================
size : 4
num_suborbits: 2
110 (*) : 0-----------0---------1---
110     : ['transfer_epoch2(node0)', '~ep_epoch0(node0)', '~locked_epoch1(node0)']
122     : ----0--------0--------1---
122     : ['transfer_epoch2(node0)', '~ep_epoch0(node1)', '~locked_epoch1(node1)']
123     : 0-----------0----------1--
123     : ['transfer_epoch2(node1)', '~ep_epoch0(node0)', '~locked_epoch1(node0)']
111     : ----0--------0---------1--
111     : ['transfer_epoch2(node1)', '~ep_epoch0(node1)', '~locked_epoch1(node1)']
num_forall :   0
num_exists :   0
num_literals : 0
quantified form : None
qcost : 0


=== Prime Orbit 52 =====================
size : 2
num_suborbits: 1
98 (*) : -0---0----------------1---
98     : ['transfer_epoch2(node0)', '~ep_epoch1(node0)', '~ep_epoch1(node1)']
99     : -0---0-----------------1--
99     : ['transfer_epoch2(node1)', '~ep_epoch1(node0)', '~ep_epoch1(node1)']
num_forall :   0
num_exists :   0
num_literals : 0
quantified form : None
qcost : 0


=== Prime Orbit 53 =====================
size : 4
num_suborbits: 2
102 (*) : -0-----------0--------1---
102     : ['transfer_epoch2(node0)', '~ep_epoch1(node0)', '~locked_epoch1(node1)']
118     : -----0------0---------1---
118     : ['transfer_epoch2(node0)', '~ep_epoch1(node1)', '~locked_epoch1(node0)']
119     : -0-----------0---------1--
119     : ['transfer_epoch2(node1)', '~ep_epoch1(node0)', '~locked_epoch1(node1)']
103     : -----0------0----------1--
103     : ['transfer_epoch2(node1)', '~ep_epoch1(node1)', '~locked_epoch1(node0)']
num_forall :   0
num_exists :   0
num_literals : 0
quantified form : None
qcost : 0


=== Prime Orbit 54 =====================
size : 4
num_suborbits: 2
189 (*) : 1----00-----------------1-
189     : ['ep_epoch0(node0)', 'transfer_epoch3(node0)', '~ep_epoch1(node1)', '~ep_epoch2(node1)']
380     : 1----00------------------1
380     : ['ep_epoch0(node0)', 'transfer_epoch3(node1)', '~ep_epoch1(node1)', '~ep_epoch2(node1)']
381     : -00-1-------------------1-
381     : ['ep_epoch0(node1)', 'transfer_epoch3(node0)', '~ep_epoch1(node0)', '~ep_epoch2(node0)']
188     : -00-1--------------------1
188     : ['ep_epoch0(node1)', 'transfer_epoch3(node1)', '~ep_epoch1(node0)', '~ep_epoch2(node0)']
num_forall :   0
num_exists :   0
num_literals : 0
quantified form : None
qcost : 0


=== Prime Orbit 55 =====================
size : 4
num_suborbits: 2
435 (*) : 1----0---------0--------1-
435     : ['ep_epoch0(node0)', 'transfer_epoch3(node0)', '~ep_epoch1(node1)', '~locked_epoch2(node1)']
412     : 1----0---------0---------1
412     : ['ep_epoch0(node0)', 'transfer_epoch3(node1)', '~ep_epoch1(node1)', '~locked_epoch2(node1)']
413     : -0--1---------0---------1-
413     : ['ep_epoch0(node1)', 'transfer_epoch3(node0)', '~ep_epoch1(node0)', '~locked_epoch2(node0)']
434     : -0--1---------0----------1
434     : ['ep_epoch0(node1)', 'transfer_epoch3(node1)', '~ep_epoch1(node0)', '~locked_epoch2(node0)']
num_forall :   0
num_exists :   0
num_literals : 0
quantified form : None
qcost : 0


=== Prime Orbit 56 =====================
size : 2
num_suborbits: 1
197 (*) : 1----000------------------
197     : ['ep_epoch0(node0)', '~ep_epoch1(node1)', '~ep_epoch2(node1)', '~ep_epoch3(node1)']
196     : -0001---------------------
196     : ['ep_epoch0(node1)', '~ep_epoch1(node0)', '~ep_epoch2(node0)', '~ep_epoch3(node0)']
num_forall :   0
num_exists :   0
num_literals : 0
quantified form : None
qcost : 0


=== Prime Orbit 57 =====================
size : 2
num_suborbits: 1
199 (*) : 1----00--0----------------
199     : ['ep_epoch0(node0)', '~ep_epoch1(node1)', '~ep_epoch2(node1)', '~held(node1)']
198     : -00-1---0-----------------
198     : ['ep_epoch0(node1)', '~ep_epoch1(node0)', '~ep_epoch2(node0)', '~held(node0)']
num_forall :   0
num_exists :   0
num_literals : 0
quantified form : None
qcost : 0


=== Prime Orbit 58 =====================
size : 2
num_suborbits: 1
211 (*) : 1----0-0-------0----------
211     : ['ep_epoch0(node0)', '~ep_epoch1(node1)', '~ep_epoch3(node1)', '~locked_epoch2(node1)']
210     : -0-01---------0-----------
210     : ['ep_epoch0(node1)', '~ep_epoch1(node0)', '~ep_epoch3(node0)', '~locked_epoch2(node0)']
num_forall :   0
num_exists :   0
num_literals : 0
quantified form : None
qcost : 0


=== Prime Orbit 59 =====================
size : 2
num_suborbits: 1
213 (*) : 1----0---0-----0----------
213     : ['ep_epoch0(node0)', '~ep_epoch1(node1)', '~held(node1)', '~locked_epoch2(node1)']
212     : -0--1---0-----0-----------
212     : ['ep_epoch0(node1)', '~ep_epoch1(node0)', '~held(node0)', '~locked_epoch2(node0)']
num_forall :   0
num_exists :   0
num_literals : 0
quantified form : None
qcost : 0


=== Prime Orbit 60 =====================
size : 2
num_suborbits: 1
195 (*) : -1----00-1----------------
195     : ['ep_epoch1(node0)', 'held(node1)', '~ep_epoch2(node1)', '~ep_epoch3(node1)']
194     : --00-1--1-----------------
194     : ['ep_epoch1(node1)', 'held(node0)', '~ep_epoch2(node0)', '~ep_epoch3(node0)']
num_forall :   0
num_exists :   0
num_literals : 0
quantified form : None
qcost : 0


=== Prime Orbit 61 =====================
size : 2
num_suborbits: 1
258 (*) : -1-----0-1-----0----------
258     : ['ep_epoch1(node0)', 'held(node1)', '~ep_epoch3(node1)', '~locked_epoch2(node1)']
259     : ---0-1--1-----0-----------
259     : ['ep_epoch1(node1)', 'held(node0)', '~ep_epoch3(node0)', '~locked_epoch2(node0)']
num_forall :   0
num_exists :   0
num_literals : 0
quantified form : None
qcost : 0


=== Prime Orbit 62 =====================
size : 4
num_suborbits: 2
187 (*) : -1--0-0-----------------1-
187     : ['ep_epoch1(node0)', 'transfer_epoch3(node0)', '~ep_epoch0(node1)', '~ep_epoch2(node1)']
382     : -1--0-0------------------1
382     : ['ep_epoch1(node0)', 'transfer_epoch3(node1)', '~ep_epoch0(node1)', '~ep_epoch2(node1)']
383     : 0-0--1------------------1-
383     : ['ep_epoch1(node1)', 'transfer_epoch3(node0)', '~ep_epoch0(node0)', '~ep_epoch2(node0)']
186     : 0-0--1-------------------1
186     : ['ep_epoch1(node1)', 'transfer_epoch3(node1)', '~ep_epoch0(node0)', '~ep_epoch2(node0)']
num_forall :   0
num_exists :   0
num_literals : 0
quantified form : None
qcost : 0


=== Prime Orbit 63 =====================
size : 4
num_suborbits: 2
437 (*) : -1--0----------0--------1-
437     : ['ep_epoch1(node0)', 'transfer_epoch3(node0)', '~ep_epoch0(node1)', '~locked_epoch2(node1)']
384     : -1--0----------0---------1
384     : ['ep_epoch1(node0)', 'transfer_epoch3(node1)', '~ep_epoch0(node1)', '~locked_epoch2(node1)']
385     : 0----1--------0---------1-
385     : ['ep_epoch1(node1)', 'transfer_epoch3(node0)', '~ep_epoch0(node0)', '~locked_epoch2(node0)']
436     : 0----1--------0----------1
436     : ['ep_epoch1(node1)', 'transfer_epoch3(node1)', '~ep_epoch0(node0)', '~locked_epoch2(node0)']
num_forall :   0
num_exists :   0
num_literals : 0
quantified form : None
qcost : 0


=== Prime Orbit 64 =====================
size : 2
num_suborbits: 1
191 (*) : -1--0-00------------------
191     : ['ep_epoch1(node0)', '~ep_epoch0(node1)', '~ep_epoch2(node1)', '~ep_epoch3(node1)']
190     : 0-00-1--------------------
190     : ['ep_epoch1(node1)', '~ep_epoch0(node0)', '~ep_epoch2(node0)', '~ep_epoch3(node0)']
num_forall :   0
num_exists :   0
num_literals : 0
quantified form : None
qcost : 0


=== Prime Orbit 65 =====================
size : 2
num_suborbits: 1
193 (*) : -1--0-0--0----------------
193     : ['ep_epoch1(node0)', '~ep_epoch0(node1)', '~ep_epoch2(node1)', '~held(node1)']
192     : 0-0--1--0-----------------
192     : ['ep_epoch1(node1)', '~ep_epoch0(node0)', '~ep_epoch2(node0)', '~held(node0)']
num_forall :   0
num_exists :   0
num_literals : 0
quantified form : None
qcost : 0


=== Prime Orbit 66 =====================
size : 2
num_suborbits: 1
256 (*) : -1--0--0-------0----------
256     : ['ep_epoch1(node0)', '~ep_epoch0(node1)', '~ep_epoch3(node1)', '~locked_epoch2(node1)']
257     : 0--0-1--------0-----------
257     : ['ep_epoch1(node1)', '~ep_epoch0(node0)', '~ep_epoch3(node0)', '~locked_epoch2(node0)']
num_forall :   0
num_exists :   0
num_literals : 0
quantified form : None
qcost : 0


=== Prime Orbit 67 =====================
size : 2
num_suborbits: 1
254 (*) : -1--0----0-----0----------
254     : ['ep_epoch1(node0)', '~ep_epoch0(node1)', '~held(node1)', '~locked_epoch2(node1)']
255     : 0----1--0-----0-----------
255     : ['ep_epoch1(node1)', '~ep_epoch0(node0)', '~held(node0)', '~locked_epoch2(node0)']
num_forall :   0
num_exists :   0
num_literals : 0
quantified form : None
qcost : 0


=== Prime Orbit 68 =====================
size : 2
num_suborbits: 1
226 (*) : --1-0---1---1-------------
226     : ['ep_epoch2(node0)', 'held(node0)', 'locked_epoch1(node0)', '~ep_epoch0(node1)']
227     : 0-----1--1---1------------
227     : ['ep_epoch2(node1)', 'held(node1)', 'locked_epoch1(node1)', '~ep_epoch0(node0)']
num_forall :   0
num_exists :   0
num_literals : 0
quantified form : None
qcost : 0


=== Prime Orbit 69 =====================
size : 2
num_suborbits: 1
220 (*) : --1--0--1----1------------
220     : ['ep_epoch2(node0)', 'held(node0)', 'locked_epoch1(node1)', '~ep_epoch1(node1)']
221     : -0----1--1--1-------------
221     : ['ep_epoch2(node1)', 'held(node1)', 'locked_epoch1(node0)', '~ep_epoch1(node0)']
num_forall :   0
num_exists :   0
num_literals : 0
quantified form : None
qcost : 0


=== Prime Orbit 70 =====================
size : 2
num_suborbits: 1
222 (*) : --1-00--1-----------------
222     : ['ep_epoch2(node0)', 'held(node0)', '~ep_epoch0(node1)', '~ep_epoch1(node1)']
223     : 00----1--1----------------
223     : ['ep_epoch2(node1)', 'held(node1)', '~ep_epoch0(node0)', '~ep_epoch1(node0)']
num_forall :   0
num_exists :   0
num_literals : 0
quantified form : None
qcost : 0


=== Prime Orbit 71 =====================
size : 2
num_suborbits: 1
224 (*) : --1-0---1----0------------
224     : ['ep_epoch2(node0)', 'held(node0)', '~ep_epoch0(node1)', '~locked_epoch1(node1)']
225     : 0-----1--1--0-------------
225     : ['ep_epoch2(node1)', 'held(node1)', '~ep_epoch0(node0)', '~locked_epoch1(node0)']
num_forall :   0
num_exists :   0
num_literals : 0
quantified form : None
qcost : 0


=== Prime Orbit 72 =====================
size : 2
num_suborbits: 1
218 (*) : --1--0--1---0-------------
218     : ['ep_epoch2(node0)', 'held(node0)', '~ep_epoch1(node1)', '~locked_epoch1(node0)']
219     : -0----1--1---0------------
219     : ['ep_epoch2(node1)', 'held(node1)', '~ep_epoch1(node0)', '~locked_epoch1(node1)']
num_forall :   0
num_exists :   0
num_literals : 0
quantified form : None
qcost : 0


=== Prime Orbit 73 =====================
size : 4
num_suborbits: 2
369 (*) : --1-0-------1-----------1-
369     : ['ep_epoch2(node0)', 'locked_epoch1(node0)', 'transfer_epoch3(node0)', '~ep_epoch0(node1)']
422     : --1-0-------1------------1
422     : ['ep_epoch2(node0)', 'locked_epoch1(node0)', 'transfer_epoch3(node1)', '~ep_epoch0(node1)']
423     : 0-----1------1----------1-
423     : ['ep_epoch2(node1)', 'locked_epoch1(node1)', 'transfer_epoch3(node0)', '~ep_epoch0(node0)']
368     : 0-----1------1-----------1
368     : ['ep_epoch2(node1)', 'locked_epoch1(node1)', 'transfer_epoch3(node1)', '~ep_epoch0(node0)']
num_forall :   0
num_exists :   0
num_literals : 0
quantified form : None
qcost : 0


=== Prime Orbit 74 =====================
size : 2
num_suborbits: 1
240 (*) : --1-0--0----1-------------
240     : ['ep_epoch2(node0)', 'locked_epoch1(node0)', '~ep_epoch0(node1)', '~ep_epoch3(node1)']
241     : 0--0--1------1------------
241     : ['ep_epoch2(node1)', 'locked_epoch1(node1)', '~ep_epoch0(node0)', '~ep_epoch3(node0)']
num_forall :   0
num_exists :   0
num_literals : 0
quantified form : None
qcost : 0


=== Prime Orbit 75 =====================
size : 2
num_suborbits: 1
242 (*) : --1-0----0--1-------------
242     : ['ep_epoch2(node0)', 'locked_epoch1(node0)', '~ep_epoch0(node1)', '~held(node1)']
243     : 0-----1-0----1------------
243     : ['ep_epoch2(node1)', 'locked_epoch1(node1)', '~ep_epoch0(node0)', '~held(node0)']
num_forall :   0
num_exists :   0
num_literals : 0
quantified form : None
qcost : 0


=== Prime Orbit 76 =====================
size : 4
num_suborbits: 2
411 (*) : --1--0-------1----------1-
411     : ['ep_epoch2(node0)', 'locked_epoch1(node1)', 'transfer_epoch3(node0)', '~ep_epoch1(node1)']
414     : --1--0-------1-----------1
414     : ['ep_epoch2(node0)', 'locked_epoch1(node1)', 'transfer_epoch3(node1)', '~ep_epoch1(node1)']
415     : -0----1-----1-----------1-
415     : ['ep_epoch2(node1)', 'locked_epoch1(node0)', 'transfer_epoch3(node0)', '~ep_epoch1(node0)']
410     : -0----1-----1------------1
410     : ['ep_epoch2(node1)', 'locked_epoch1(node0)', 'transfer_epoch3(node1)', '~ep_epoch1(node0)']
num_forall :   0
num_exists :   0
num_literals : 0
quantified form : None
qcost : 0


=== Prime Orbit 77 =====================
size : 2
num_suborbits: 1
232 (*) : --1--0-0-----1------------
232     : ['ep_epoch2(node0)', 'locked_epoch1(node1)', '~ep_epoch1(node1)', '~ep_epoch3(node1)']
233     : -0-0--1-----1-------------
233     : ['ep_epoch2(node1)', 'locked_epoch1(node0)', '~ep_epoch1(node0)', '~ep_epoch3(node0)']
num_forall :   0
num_exists :   0
num_literals : 0
quantified form : None
qcost : 0


=== Prime Orbit 78 =====================
size : 2
num_suborbits: 1
234 (*) : --1--0---0---1------------
234     : ['ep_epoch2(node0)', 'locked_epoch1(node1)', '~ep_epoch1(node1)', '~held(node1)']
235     : -0----1-0---1-------------
235     : ['ep_epoch2(node1)', 'locked_epoch1(node0)', '~ep_epoch1(node0)', '~held(node0)']
num_forall :   0
num_exists :   0
num_literals : 0
quantified form : None
qcost : 0


=== Prime Orbit 79 =====================
size : 4
num_suborbits: 2
407 (*) : --1-00------------------1-
407     : ['ep_epoch2(node0)', 'transfer_epoch3(node0)', '~ep_epoch0(node1)', '~ep_epoch1(node1)']
418     : --1-00-------------------1
418     : ['ep_epoch2(node0)', 'transfer_epoch3(node1)', '~ep_epoch0(node1)', '~ep_epoch1(node1)']
419     : 00----1-----------------1-
419     : ['ep_epoch2(node1)', 'transfer_epoch3(node0)', '~ep_epoch0(node0)', '~ep_epoch1(node0)']
406     : 00----1------------------1
406     : ['ep_epoch2(node1)', 'transfer_epoch3(node1)', '~ep_epoch0(node0)', '~ep_epoch1(node0)']
num_forall :   0
num_exists :   0
num_literals : 0
quantified form : None
qcost : 0


=== Prime Orbit 80 =====================
size : 4
num_suborbits: 2
363 (*) : --1-0--------0----------1-
363     : ['ep_epoch2(node0)', 'transfer_epoch3(node0)', '~ep_epoch0(node1)', '~locked_epoch1(node1)']
420     : --1-0--------0-----------1
420     : ['ep_epoch2(node0)', 'transfer_epoch3(node1)', '~ep_epoch0(node1)', '~locked_epoch1(node1)']
421     : 0-----1-----0-----------1-
421     : ['ep_epoch2(node1)', 'transfer_epoch3(node0)', '~ep_epoch0(node0)', '~locked_epoch1(node0)']
362     : 0-----1-----0------------1
362     : ['ep_epoch2(node1)', 'transfer_epoch3(node1)', '~ep_epoch0(node0)', '~locked_epoch1(node0)']
num_forall :   0
num_exists :   0
num_literals : 0
quantified form : None
qcost : 0


=== Prime Orbit 81 =====================
size : 4
num_suborbits: 2
409 (*) : --1--0------0-----------1-
409     : ['ep_epoch2(node0)', 'transfer_epoch3(node0)', '~ep_epoch1(node1)', '~locked_epoch1(node0)']
416     : --1--0------0------------1
416     : ['ep_epoch2(node0)', 'transfer_epoch3(node1)', '~ep_epoch1(node1)', '~locked_epoch1(node0)']
417     : -0----1------0----------1-
417     : ['ep_epoch2(node1)', 'transfer_epoch3(node0)', '~ep_epoch1(node0)', '~locked_epoch1(node1)']
408     : -0----1------0-----------1
408     : ['ep_epoch2(node1)', 'transfer_epoch3(node1)', '~ep_epoch1(node0)', '~locked_epoch1(node1)']
num_forall :   0
num_exists :   0
num_literals : 0
quantified form : None
qcost : 0


=== Prime Orbit 82 =====================
size : 2
num_suborbits: 1
228 (*) : --1-00-0------------------
228     : ['ep_epoch2(node0)', '~ep_epoch0(node1)', '~ep_epoch1(node1)', '~ep_epoch3(node1)']
229     : 00-0--1-------------------
229     : ['ep_epoch2(node1)', '~ep_epoch0(node0)', '~ep_epoch1(node0)', '~ep_epoch3(node0)']
num_forall :   0
num_exists :   0
num_literals : 0
quantified form : None
qcost : 0


=== Prime Orbit 83 =====================
size : 2
num_suborbits: 1
230 (*) : --1-00---0----------------
230     : ['ep_epoch2(node0)', '~ep_epoch0(node1)', '~ep_epoch1(node1)', '~held(node1)']
231     : 00----1-0-----------------
231     : ['ep_epoch2(node1)', '~ep_epoch0(node0)', '~ep_epoch1(node0)', '~held(node0)']
num_forall :   0
num_exists :   0
num_literals : 0
quantified form : None
qcost : 0


=== Prime Orbit 84 =====================
size : 2
num_suborbits: 1
236 (*) : --1-0--0-----0------------
236     : ['ep_epoch2(node0)', '~ep_epoch0(node1)', '~ep_epoch3(node1)', '~locked_epoch1(node1)']
237     : 0--0--1-----0-------------
237     : ['ep_epoch2(node1)', '~ep_epoch0(node0)', '~ep_epoch3(node0)', '~locked_epoch1(node0)']
num_forall :   0
num_exists :   0
num_literals : 0
quantified form : None
qcost : 0


=== Prime Orbit 85 =====================
size : 2
num_suborbits: 1
238 (*) : --1-0----0---0------------
238     : ['ep_epoch2(node0)', '~ep_epoch0(node1)', '~held(node1)', '~locked_epoch1(node1)']
239     : 0-----1-0---0-------------
239     : ['ep_epoch2(node1)', '~ep_epoch0(node0)', '~held(node0)', '~locked_epoch1(node0)']
num_forall :   0
num_exists :   0
num_literals : 0
quantified form : None
qcost : 0


=== Prime Orbit 86 =====================
size : 2
num_suborbits: 1
214 (*) : --1--0-0----0-------------
214     : ['ep_epoch2(node0)', '~ep_epoch1(node1)', '~ep_epoch3(node1)', '~locked_epoch1(node0)']
215     : -0-0--1------0------------
215     : ['ep_epoch2(node1)', '~ep_epoch1(node0)', '~ep_epoch3(node0)', '~locked_epoch1(node1)']
num_forall :   0
num_exists :   0
num_literals : 0
quantified form : None
qcost : 0


=== Prime Orbit 87 =====================
size : 2
num_suborbits: 1
216 (*) : --1--0---0--0-------------
216     : ['ep_epoch2(node0)', '~ep_epoch1(node1)', '~held(node1)', '~locked_epoch1(node0)']
217     : -0----1-0----0------------
217     : ['ep_epoch2(node1)', '~ep_epoch1(node0)', '~held(node0)', '~locked_epoch1(node1)']
num_forall :   0
num_exists :   0
num_literals : 0
quantified form : None
qcost : 0


=== Prime Orbit 88 =====================
size : 2
num_suborbits: 1
338 (*) : ---10-------1-1-----------
338     : ['ep_epoch3(node0)', 'locked_epoch1(node0)', 'locked_epoch2(node0)', '~ep_epoch0(node1)']
339     : 0------1-----1-1----------
339     : ['ep_epoch3(node1)', 'locked_epoch1(node1)', 'locked_epoch2(node1)', '~ep_epoch0(node0)']
num_forall :   0
num_exists :   0
num_literals : 0
quantified form : None
qcost : 0


=== Prime Orbit 89 =====================
size : 2
num_suborbits: 1
175 (*) : ---10-0-----1-------------
175     : ['ep_epoch3(node0)', 'locked_epoch1(node0)', '~ep_epoch0(node1)', '~ep_epoch2(node1)']
174     : 0-0----1-----1------------
174     : ['ep_epoch3(node1)', 'locked_epoch1(node1)', '~ep_epoch0(node0)', '~ep_epoch2(node0)']
num_forall :   0
num_exists :   0
num_literals : 0
quantified form : None
qcost : 0


=== Prime Orbit 90 =====================
size : 2
num_suborbits: 1
286 (*) : ---10-------1--0----------
286     : ['ep_epoch3(node0)', 'locked_epoch1(node0)', '~ep_epoch0(node1)', '~locked_epoch2(node1)']
287     : 0------1-----10-----------
287     : ['ep_epoch3(node1)', 'locked_epoch1(node1)', '~ep_epoch0(node0)', '~locked_epoch2(node0)']
num_forall :   0
num_exists :   0
num_literals : 0
quantified form : None
qcost : 0


=== Prime Orbit 91 =====================
size : 2
num_suborbits: 1
332 (*) : ---1-0-------11-----------
332     : ['ep_epoch3(node0)', 'locked_epoch1(node1)', 'locked_epoch2(node0)', '~ep_epoch1(node1)']
333     : -0-----1----1--1----------
333     : ['ep_epoch3(node1)', 'locked_epoch1(node0)', 'locked_epoch2(node1)', '~ep_epoch1(node0)']
num_forall :   0
num_exists :   0
num_literals : 0
quantified form : None
qcost : 0


=== Prime Orbit 92 =====================
size : 2
num_suborbits: 1
173 (*) : ---1-00------1------------
173     : ['ep_epoch3(node0)', 'locked_epoch1(node1)', '~ep_epoch1(node1)', '~ep_epoch2(node1)']
172     : -00----1----1-------------
172     : ['ep_epoch3(node1)', 'locked_epoch1(node0)', '~ep_epoch1(node0)', '~ep_epoch2(node0)']
num_forall :   0
num_exists :   0
num_literals : 0
quantified form : None
qcost : 0


=== Prime Orbit 93 =====================
size : 2
num_suborbits: 1
303 (*) : ---1-0-------1-0----------
303     : ['ep_epoch3(node0)', 'locked_epoch1(node1)', '~ep_epoch1(node1)', '~locked_epoch2(node1)']
302     : -0-----1----1-0-----------
302     : ['ep_epoch3(node1)', 'locked_epoch1(node0)', '~ep_epoch1(node0)', '~locked_epoch2(node0)']
num_forall :   0
num_exists :   0
num_literals : 0
quantified form : None
qcost : 0


=== Prime Orbit 94 =====================
size : 2
num_suborbits: 1
336 (*) : ---100--------1-----------
336     : ['ep_epoch3(node0)', 'locked_epoch2(node0)', '~ep_epoch0(node1)', '~ep_epoch1(node1)']
337     : 00-----1-------1----------
337     : ['ep_epoch3(node1)', 'locked_epoch2(node1)', '~ep_epoch0(node0)', '~ep_epoch1(node0)']
num_forall :   0
num_exists :   0
num_literals : 0
quantified form : None
qcost : 0


=== Prime Orbit 95 =====================
size : 2
num_suborbits: 1
340 (*) : ---10--------01-----------
340     : ['ep_epoch3(node0)', 'locked_epoch2(node0)', '~ep_epoch0(node1)', '~locked_epoch1(node1)']
341     : 0------1----0--1----------
341     : ['ep_epoch3(node1)', 'locked_epoch2(node1)', '~ep_epoch0(node0)', '~locked_epoch1(node0)']
num_forall :   0
num_exists :   0
num_literals : 0
quantified form : None
qcost : 0


=== Prime Orbit 96 =====================
size : 2
num_suborbits: 1
334 (*) : ---1-0------0-1-----------
334     : ['ep_epoch3(node0)', 'locked_epoch2(node0)', '~ep_epoch1(node1)', '~locked_epoch1(node0)']
335     : -0-----1-----0-1----------
335     : ['ep_epoch3(node1)', 'locked_epoch2(node1)', '~ep_epoch1(node0)', '~locked_epoch1(node1)']
num_forall :   0
num_exists :   0
num_literals : 0
quantified form : None
qcost : 0


=== Prime Orbit 97 =====================
size : 2
num_suborbits: 1
179 (*) : ---1000-------------------
179     : ['ep_epoch3(node0)', '~ep_epoch0(node1)', '~ep_epoch1(node1)', '~ep_epoch2(node1)']
178     : 000----1------------------
178     : ['ep_epoch3(node1)', '~ep_epoch0(node0)', '~ep_epoch1(node0)', '~ep_epoch2(node0)']
num_forall :   0
num_exists :   0
num_literals : 0
quantified form : None
qcost : 0


=== Prime Orbit 98 =====================
size : 2
num_suborbits: 1
301 (*) : ---100---------0----------
301     : ['ep_epoch3(node0)', '~ep_epoch0(node1)', '~ep_epoch1(node1)', '~locked_epoch2(node1)']
300     : 00-----1------0-----------
300     : ['ep_epoch3(node1)', '~ep_epoch0(node0)', '~ep_epoch1(node0)', '~locked_epoch2(node0)']
num_forall :   0
num_exists :   0
num_literals : 0
quantified form : None
qcost : 0


=== Prime Orbit 99 =====================
size : 2
num_suborbits: 1
177 (*) : ---10-0------0------------
177     : ['ep_epoch3(node0)', '~ep_epoch0(node1)', '~ep_epoch2(node1)', '~locked_epoch1(node1)']
176     : 0-0----1----0-------------
176     : ['ep_epoch3(node1)', '~ep_epoch0(node0)', '~ep_epoch2(node0)', '~locked_epoch1(node0)']
num_forall :   0
num_exists :   0
num_literals : 0
quantified form : None
qcost : 0


=== Prime Orbit 100 =====================
size : 2
num_suborbits: 1
306 (*) : ---10--------0-0----------
306     : ['ep_epoch3(node0)', '~ep_epoch0(node1)', '~locked_epoch1(node1)', '~locked_epoch2(node1)']
307     : 0------1----0-0-----------
307     : ['ep_epoch3(node1)', '~ep_epoch0(node0)', '~locked_epoch1(node0)', '~locked_epoch2(node0)']
num_forall :   0
num_exists :   0
num_literals : 0
quantified form : None
qcost : 0


=== Prime Orbit 101 =====================
size : 2
num_suborbits: 1
171 (*) : ---1-00-----0-------------
171     : ['ep_epoch3(node0)', '~ep_epoch1(node1)', '~ep_epoch2(node1)', '~locked_epoch1(node0)']
170     : -00----1-----0------------
170     : ['ep_epoch3(node1)', '~ep_epoch1(node0)', '~ep_epoch2(node0)', '~locked_epoch1(node1)']
num_forall :   0
num_exists :   0
num_literals : 0
quantified form : None
qcost : 0


=== Prime Orbit 102 =====================
size : 2
num_suborbits: 1
299 (*) : ---1-0------0--0----------
299     : ['ep_epoch3(node0)', '~ep_epoch1(node1)', '~locked_epoch1(node0)', '~locked_epoch2(node1)']
298     : -0-----1-----00-----------
298     : ['ep_epoch3(node1)', '~ep_epoch1(node0)', '~locked_epoch1(node1)', '~locked_epoch2(node0)']
num_forall :   0
num_exists :   0
num_literals : 0
quantified form : None
qcost : 0


=== Prime Orbit 103 =====================
size : 2
num_suborbits: 1
330 (*) : ----0---1---1-1-----------
330     : ['held(node0)', 'locked_epoch1(node0)', 'locked_epoch2(node0)', '~ep_epoch0(node1)']
331     : 0--------1---1-1----------
331     : ['held(node1)', 'locked_epoch1(node1)', 'locked_epoch2(node1)', '~ep_epoch0(node0)']
num_forall :   0
num_exists :   0
num_literals : 0
quantified form : None
qcost : 0


=== Prime Orbit 104 =====================
size : 2
num_suborbits: 1
155 (*) : ----0-0-1---1-------------
155     : ['held(node0)', 'locked_epoch1(node0)', '~ep_epoch0(node1)', '~ep_epoch2(node1)']
154     : 0-0------1---1------------
154     : ['held(node1)', 'locked_epoch1(node1)', '~ep_epoch0(node0)', '~ep_epoch2(node0)']
num_forall :   0
num_exists :   0
num_literals : 0
quantified form : None
qcost : 0


=== Prime Orbit 105 =====================
size : 2
num_suborbits: 1
290 (*) : ---00---1---1-------------
290     : ['held(node0)', 'locked_epoch1(node0)', '~ep_epoch0(node1)', '~ep_epoch3(node0)']
291     : 0------0-1---1------------
291     : ['held(node1)', 'locked_epoch1(node1)', '~ep_epoch0(node0)', '~ep_epoch3(node1)']
num_forall :   0
num_exists :   0
num_literals : 0
quantified form : None
qcost : 0


=== Prime Orbit 106 =====================
size : 2
num_suborbits: 1
288 (*) : ----0---1---1--0----------
288     : ['held(node0)', 'locked_epoch1(node0)', '~ep_epoch0(node1)', '~locked_epoch2(node1)']
289     : 0--------1---10-----------
289     : ['held(node1)', 'locked_epoch1(node1)', '~ep_epoch0(node0)', '~locked_epoch2(node0)']
num_forall :   0
num_exists :   0
num_literals : 0
quantified form : None
qcost : 0


=== Prime Orbit 107 =====================
size : 2
num_suborbits: 1
324 (*) : -----0--1----11-----------
324     : ['held(node0)', 'locked_epoch1(node1)', 'locked_epoch2(node0)', '~ep_epoch1(node1)']
325     : -0-------1--1--1----------
325     : ['held(node1)', 'locked_epoch1(node0)', 'locked_epoch2(node1)', '~ep_epoch1(node0)']
num_forall :   0
num_exists :   0
num_literals : 0
quantified form : None
qcost : 0


=== Prime Orbit 108 =====================
size : 2
num_suborbits: 1
169 (*) : -----00-1----1------------
169     : ['held(node0)', 'locked_epoch1(node1)', '~ep_epoch1(node1)', '~ep_epoch2(node1)']
168     : -00------1--1-------------
168     : ['held(node1)', 'locked_epoch1(node0)', '~ep_epoch1(node0)', '~ep_epoch2(node0)']
num_forall :   0
num_exists :   0
num_literals : 0
quantified form : None
qcost : 0


=== Prime Orbit 109 =====================
size : 2
num_suborbits: 1
267 (*) : ---0-0--1----1------------
267     : ['held(node0)', 'locked_epoch1(node1)', '~ep_epoch1(node1)', '~ep_epoch3(node0)']
266     : -0-----0-1--1-------------
266     : ['held(node1)', 'locked_epoch1(node0)', '~ep_epoch1(node0)', '~ep_epoch3(node1)']
num_forall :   0
num_exists :   0
num_literals : 0
quantified form : None
qcost : 0


=== Prime Orbit 110 =====================
size : 2
num_suborbits: 1
269 (*) : -----0--1----1-0----------
269     : ['held(node0)', 'locked_epoch1(node1)', '~ep_epoch1(node1)', '~locked_epoch2(node1)']
268     : -0-------1--1-0-----------
268     : ['held(node1)', 'locked_epoch1(node0)', '~ep_epoch1(node0)', '~locked_epoch2(node0)']
num_forall :   0
num_exists :   0
num_literals : 0
quantified form : None
qcost : 0


=== Prime Orbit 111 =====================
size : 2
num_suborbits: 1
140 (*) : --00----1----1------------
140     : ['held(node0)', 'locked_epoch1(node1)', '~ep_epoch2(node0)', '~ep_epoch3(node0)']
141     : ------00-1--1-------------
141     : ['held(node1)', 'locked_epoch1(node0)', '~ep_epoch2(node1)', '~ep_epoch3(node1)']
num_forall :   0
num_exists :   0
num_literals : 0
quantified form : None
qcost : 0


=== Prime Orbit 112 =====================
size : 2
num_suborbits: 1
283 (*) : ---0----1----10-----------
283     : ['held(node0)', 'locked_epoch1(node1)', '~ep_epoch3(node0)', '~locked_epoch2(node0)']
282     : -------0-1--1--0----------
282     : ['held(node1)', 'locked_epoch1(node0)', '~ep_epoch3(node1)', '~locked_epoch2(node1)']
num_forall :   0
num_exists :   0
num_literals : 0
quantified form : None
qcost : 0


=== Prime Orbit 113 =====================
size : 2
num_suborbits: 1
326 (*) : ----00--1-----1-----------
326     : ['held(node0)', 'locked_epoch2(node0)', '~ep_epoch0(node1)', '~ep_epoch1(node1)']
327     : 00-------1-----1----------
327     : ['held(node1)', 'locked_epoch2(node1)', '~ep_epoch0(node0)', '~ep_epoch1(node0)']
num_forall :   0
num_exists :   0
num_literals : 0
quantified form : None
qcost : 0


=== Prime Orbit 114 =====================
size : 2
num_suborbits: 1
346 (*) : ----0---1----01-----------
346     : ['held(node0)', 'locked_epoch2(node0)', '~ep_epoch0(node1)', '~locked_epoch1(node1)']
347     : 0--------1--0--1----------
347     : ['held(node1)', 'locked_epoch2(node1)', '~ep_epoch0(node0)', '~locked_epoch1(node0)']
num_forall :   0
num_exists :   0
num_literals : 0
quantified form : None
qcost : 0


=== Prime Orbit 115 =====================
size : 2
num_suborbits: 1
328 (*) : -----0--1---0-1-----------
328     : ['held(node0)', 'locked_epoch2(node0)', '~ep_epoch1(node1)', '~locked_epoch1(node0)']
329     : -0-------1---0-1----------
329     : ['held(node1)', 'locked_epoch2(node1)', '~ep_epoch1(node0)', '~locked_epoch1(node1)']
num_forall :   0
num_exists :   0
num_literals : 0
quantified form : None
qcost : 0


=== Prime Orbit 116 =====================
size : 2
num_suborbits: 1
157 (*) : ----000-1-----------------
157     : ['held(node0)', '~ep_epoch0(node1)', '~ep_epoch1(node1)', '~ep_epoch2(node1)']
156     : 000------1----------------
156     : ['held(node1)', '~ep_epoch0(node0)', '~ep_epoch1(node0)', '~ep_epoch2(node0)']
num_forall :   0
num_exists :   0
num_literals : 0
quantified form : None
qcost : 0


=== Prime Orbit 117 =====================
size : 2
num_suborbits: 1
261 (*) : ---000--1-----------------
261     : ['held(node0)', '~ep_epoch0(node1)', '~ep_epoch1(node1)', '~ep_epoch3(node0)']
260     : 00-----0-1----------------
260     : ['held(node1)', '~ep_epoch0(node0)', '~ep_epoch1(node0)', '~ep_epoch3(node1)']
num_forall :   0
num_exists :   0
num_literals : 0
quantified form : None
qcost : 0


=== Prime Orbit 118 =====================
size : 2
num_suborbits: 1
273 (*) : ----00--1------0----------
273     : ['held(node0)', '~ep_epoch0(node1)', '~ep_epoch1(node1)', '~locked_epoch2(node1)']
272     : 00-------1----0-----------
272     : ['held(node1)', '~ep_epoch0(node0)', '~ep_epoch1(node0)', '~locked_epoch2(node0)']
num_forall :   0
num_exists :   0
num_literals : 0
quantified form : None
qcost : 0


=== Prime Orbit 119 =====================
size : 2
num_suborbits: 1
146 (*) : --000---1-----------------
146     : ['held(node0)', '~ep_epoch0(node1)', '~ep_epoch2(node0)', '~ep_epoch3(node0)']
147     : 0-----00-1----------------
147     : ['held(node1)', '~ep_epoch0(node0)', '~ep_epoch2(node1)', '~ep_epoch3(node1)']
num_forall :   0
num_exists :   0
num_literals : 0
quantified form : None
qcost : 0


=== Prime Orbit 120 =====================
size : 2
num_suborbits: 1
153 (*) : ----0-0-1----0------------
153     : ['held(node0)', '~ep_epoch0(node1)', '~ep_epoch2(node1)', '~locked_epoch1(node1)']
152     : 0-0------1--0-------------
152     : ['held(node1)', '~ep_epoch0(node0)', '~ep_epoch2(node0)', '~locked_epoch1(node0)']
num_forall :   0
num_exists :   0
num_literals : 0
quantified form : None
qcost : 0


=== Prime Orbit 121 =====================
size : 2
num_suborbits: 1
263 (*) : ---00---1----0------------
263     : ['held(node0)', '~ep_epoch0(node1)', '~ep_epoch3(node0)', '~locked_epoch1(node1)']
262     : 0------0-1--0-------------
262     : ['held(node1)', '~ep_epoch0(node0)', '~ep_epoch3(node1)', '~locked_epoch1(node0)']
num_forall :   0
num_exists :   0
num_literals : 0
quantified form : None
qcost : 0


=== Prime Orbit 122 =====================
size : 2
num_suborbits: 1
281 (*) : ---00---1-----0-----------
281     : ['held(node0)', '~ep_epoch0(node1)', '~ep_epoch3(node0)', '~locked_epoch2(node0)']
280     : 0------0-1-----0----------
280     : ['held(node1)', '~ep_epoch0(node0)', '~ep_epoch3(node1)', '~locked_epoch2(node1)']
num_forall :   0
num_exists :   0
num_literals : 0
quantified form : None
qcost : 0


=== Prime Orbit 123 =====================
size : 2
num_suborbits: 1
275 (*) : ----0---1----0-0----------
275     : ['held(node0)', '~ep_epoch0(node1)', '~locked_epoch1(node1)', '~locked_epoch2(node1)']
274     : 0--------1--0-0-----------
274     : ['held(node1)', '~ep_epoch0(node0)', '~locked_epoch1(node0)', '~locked_epoch2(node0)']
num_forall :   0
num_exists :   0
num_literals : 0
quantified form : None
qcost : 0


=== Prime Orbit 124 =====================
size : 2
num_suborbits: 1
144 (*) : -000----1-----------------
144     : ['held(node0)', '~ep_epoch1(node0)', '~ep_epoch2(node0)', '~ep_epoch3(node0)']
145     : -----000-1----------------
145     : ['held(node1)', '~ep_epoch1(node1)', '~ep_epoch2(node1)', '~ep_epoch3(node1)']
num_forall :   0
num_exists :   0
num_literals : 0
quantified form : None
qcost : 0


=== Prime Orbit 125 =====================
size : 2
num_suborbits: 1
279 (*) : -0-0----1-----0-----------
279     : ['held(node0)', '~ep_epoch1(node0)', '~ep_epoch3(node0)', '~locked_epoch2(node0)']
278     : -----0-0-1-----0----------
278     : ['held(node1)', '~ep_epoch1(node1)', '~ep_epoch3(node1)', '~locked_epoch2(node1)']
num_forall :   0
num_exists :   0
num_literals : 0
quantified form : None
qcost : 0


=== Prime Orbit 126 =====================
size : 2
num_suborbits: 1
163 (*) : -----00-1---0-------------
163     : ['held(node0)', '~ep_epoch1(node1)', '~ep_epoch2(node1)', '~locked_epoch1(node0)']
162     : -00------1---0------------
162     : ['held(node1)', '~ep_epoch1(node0)', '~ep_epoch2(node0)', '~locked_epoch1(node1)']
num_forall :   0
num_exists :   0
num_literals : 0
quantified form : None
qcost : 0


=== Prime Orbit 127 =====================
size : 2
num_suborbits: 1
265 (*) : ---0-0--1---0-------------
265     : ['held(node0)', '~ep_epoch1(node1)', '~ep_epoch3(node0)', '~locked_epoch1(node0)']
264     : -0-----0-1---0------------
264     : ['held(node1)', '~ep_epoch1(node0)', '~ep_epoch3(node1)', '~locked_epoch1(node1)']
num_forall :   0
num_exists :   0
num_literals : 0
quantified form : None
qcost : 0


=== Prime Orbit 128 =====================
size : 2
num_suborbits: 1
271 (*) : -----0--1---0--0----------
271     : ['held(node0)', '~ep_epoch1(node1)', '~locked_epoch1(node0)', '~locked_epoch2(node1)']
270     : -0-------1---00-----------
270     : ['held(node1)', '~ep_epoch1(node0)', '~locked_epoch1(node1)', '~locked_epoch2(node0)']
num_forall :   0
num_exists :   0
num_literals : 0
quantified form : None
qcost : 0


=== Prime Orbit 129 =====================
size : 2
num_suborbits: 1
142 (*) : --00----1---0-------------
142     : ['held(node0)', '~ep_epoch2(node0)', '~ep_epoch3(node0)', '~locked_epoch1(node0)']
143     : ------00-1---0------------
143     : ['held(node1)', '~ep_epoch2(node1)', '~ep_epoch3(node1)', '~locked_epoch1(node1)']
num_forall :   0
num_exists :   0
num_literals : 0
quantified form : None
qcost : 0


=== Prime Orbit 130 =====================
size : 2
num_suborbits: 1
277 (*) : ---0----1---0-0-----------
277     : ['held(node0)', '~ep_epoch3(node0)', '~locked_epoch1(node0)', '~locked_epoch2(node0)']
276     : -------0-1---0-0----------
276     : ['held(node1)', '~ep_epoch3(node1)', '~locked_epoch1(node1)', '~locked_epoch2(node1)']
num_forall :   0
num_exists :   0
num_literals : 0
quantified form : None
qcost : 0


=== Prime Orbit 131 =====================
size : 4
num_suborbits: 2
357 (*) : ----0-------1-1---------1-
357     : ['locked_epoch1(node0)', 'locked_epoch2(node0)', 'transfer_epoch3(node0)', '~ep_epoch0(node1)']
424     : ----0-------1-1----------1
424     : ['locked_epoch1(node0)', 'locked_epoch2(node0)', 'transfer_epoch3(node1)', '~ep_epoch0(node1)']
425     : 0------------1-1--------1-
425     : ['locked_epoch1(node1)', 'locked_epoch2(node1)', 'transfer_epoch3(node0)', '~ep_epoch0(node0)']
356     : 0------------1-1---------1
356     : ['locked_epoch1(node1)', 'locked_epoch2(node1)', 'transfer_epoch3(node1)', '~ep_epoch0(node0)']
num_forall :   0
num_exists :   0
num_literals : 0
quantified form : None
qcost : 0


=== Prime Orbit 132 =====================
size : 2
num_suborbits: 1
204 (*) : --0-0-------1-1-----------
204     : ['locked_epoch1(node0)', 'locked_epoch2(node0)', '~ep_epoch0(node1)', '~ep_epoch2(node0)']
205     : 0-----0------1-1----------
205     : ['locked_epoch1(node1)', 'locked_epoch2(node1)', '~ep_epoch0(node0)', '~ep_epoch2(node1)']
num_forall :   0
num_exists :   0
num_literals : 0
quantified form : None
qcost : 0


=== Prime Orbit 133 =====================
size : 2
num_suborbits: 1
308 (*) : ----0--0----1-1-----------
308     : ['locked_epoch1(node0)', 'locked_epoch2(node0)', '~ep_epoch0(node1)', '~ep_epoch3(node1)']
309     : 0--0---------1-1----------
309     : ['locked_epoch1(node1)', 'locked_epoch2(node1)', '~ep_epoch0(node0)', '~ep_epoch3(node0)']
num_forall :   0
num_exists :   0
num_literals : 0
quantified form : None
qcost : 0


=== Prime Orbit 134 =====================
size : 2
num_suborbits: 1
314 (*) : ----0----0--1-1-----------
314     : ['locked_epoch1(node0)', 'locked_epoch2(node0)', '~ep_epoch0(node1)', '~held(node1)']
315     : 0-------0----1-1----------
315     : ['locked_epoch1(node1)', 'locked_epoch2(node1)', '~ep_epoch0(node0)', '~held(node0)']
num_forall :   0
num_exists :   0
num_literals : 0
quantified form : None
qcost : 0


=== Prime Orbit 135 =====================
size : 4
num_suborbits: 2
433 (*) : -0----------1--1--------1-
433     : ['locked_epoch1(node0)', 'locked_epoch2(node1)', 'transfer_epoch3(node0)', '~ep_epoch1(node0)']
352     : -0----------1--1---------1
352     : ['locked_epoch1(node0)', 'locked_epoch2(node1)', 'transfer_epoch3(node1)', '~ep_epoch1(node0)']
353     : -----0-------11---------1-
353     : ['locked_epoch1(node1)', 'locked_epoch2(node0)', 'transfer_epoch3(node0)', '~ep_epoch1(node1)']
432     : -----0-------11----------1
432     : ['locked_epoch1(node1)', 'locked_epoch2(node0)', 'transfer_epoch3(node1)', '~ep_epoch1(node1)']
num_forall :   0
num_exists :   0
num_literals : 0
quantified form : None
qcost : 0


=== Prime Orbit 136 =====================
size : 2
num_suborbits: 1
207 (*) : -0----0-----1--1----------
207     : ['locked_epoch1(node0)', 'locked_epoch2(node1)', '~ep_epoch1(node0)', '~ep_epoch2(node1)']
206     : --0--0-------11-----------
206     : ['locked_epoch1(node1)', 'locked_epoch2(node0)', '~ep_epoch1(node1)', '~ep_epoch2(node0)']
num_forall :   0
num_exists :   0
num_literals : 0
quantified form : None
qcost : 0


=== Prime Orbit 137 =====================
size : 2
num_suborbits: 1
321 (*) : -0-0--------1--1----------
321     : ['locked_epoch1(node0)', 'locked_epoch2(node1)', '~ep_epoch1(node0)', '~ep_epoch3(node0)']
320     : -----0-0-----11-----------
320     : ['locked_epoch1(node1)', 'locked_epoch2(node0)', '~ep_epoch1(node1)', '~ep_epoch3(node1)']
num_forall :   0
num_exists :   0
num_literals : 0
quantified form : None
qcost : 0


=== Prime Orbit 138 =====================
size : 2
num_suborbits: 1
323 (*) : -0------0---1--1----------
323     : ['locked_epoch1(node0)', 'locked_epoch2(node1)', '~ep_epoch1(node0)', '~held(node0)']
322     : -----0---0---11-----------
322     : ['locked_epoch1(node1)', 'locked_epoch2(node0)', '~ep_epoch1(node1)', '~held(node1)']
num_forall :   0
num_exists :   0
num_literals : 0
quantified form : None
qcost : 0


=== Prime Orbit 139 =====================
size : 4
num_suborbits: 2
367 (*) : -0--0-------1-----------1-
367     : ['locked_epoch1(node0)', 'transfer_epoch3(node0)', '~ep_epoch0(node1)', '~ep_epoch1(node0)']
392     : -0--0-------1------------1
392     : ['locked_epoch1(node0)', 'transfer_epoch3(node1)', '~ep_epoch0(node1)', '~ep_epoch1(node0)']
393     : 0----0-------1----------1-
393     : ['locked_epoch1(node1)', 'transfer_epoch3(node0)', '~ep_epoch0(node0)', '~ep_epoch1(node1)']
366     : 0----0-------1-----------1
366     : ['locked_epoch1(node1)', 'transfer_epoch3(node1)', '~ep_epoch0(node0)', '~ep_epoch1(node1)']
num_forall :   0
num_exists :   0
num_literals : 0
quantified form : None
qcost : 0


=== Prime Orbit 140 =====================
size : 4
num_suborbits: 2
129 (*) : ----0-0-----1-----------1-
129     : ['locked_epoch1(node0)', 'transfer_epoch3(node0)', '~ep_epoch0(node1)', '~ep_epoch2(node1)']
376     : ----0-0-----1------------1
376     : ['locked_epoch1(node0)', 'transfer_epoch3(node1)', '~ep_epoch0(node1)', '~ep_epoch2(node1)']
377     : 0-0----------1----------1-
377     : ['locked_epoch1(node1)', 'transfer_epoch3(node0)', '~ep_epoch0(node0)', '~ep_epoch2(node0)']
128     : 0-0----------1-----------1
128     : ['locked_epoch1(node1)', 'transfer_epoch3(node1)', '~ep_epoch0(node0)', '~ep_epoch2(node0)']
num_forall :   0
num_exists :   0
num_literals : 0
quantified form : None
qcost : 0


=== Prime Orbit 141 =====================
size : 4
num_suborbits: 2
365 (*) : ----0-------1--0--------1-
365     : ['locked_epoch1(node0)', 'transfer_epoch3(node0)', '~ep_epoch0(node1)', '~locked_epoch2(node1)']
404     : ----0-------1--0---------1
404     : ['locked_epoch1(node0)', 'transfer_epoch3(node1)', '~ep_epoch0(node1)', '~locked_epoch2(node1)']
405     : 0------------10---------1-
405     : ['locked_epoch1(node1)', 'transfer_epoch3(node0)', '~ep_epoch0(node0)', '~locked_epoch2(node0)']
364     : 0------------10----------1
364     : ['locked_epoch1(node1)', 'transfer_epoch3(node1)', '~ep_epoch0(node0)', '~locked_epoch2(node0)']
num_forall :   0
num_exists :   0
num_literals : 0
quantified form : None
qcost : 0


=== Prime Orbit 142 =====================
size : 4
num_suborbits: 2
371 (*) : -00---------1-----------1-
371     : ['locked_epoch1(node0)', 'transfer_epoch3(node0)', '~ep_epoch1(node0)', '~ep_epoch2(node0)']
184     : -00---------1------------1
184     : ['locked_epoch1(node0)', 'transfer_epoch3(node1)', '~ep_epoch1(node0)', '~ep_epoch2(node0)']
185     : -----00------1----------1-
185     : ['locked_epoch1(node1)', 'transfer_epoch3(node0)', '~ep_epoch1(node1)', '~ep_epoch2(node1)']
370     : -----00------1-----------1
370     : ['locked_epoch1(node1)', 'transfer_epoch3(node1)', '~ep_epoch1(node1)', '~ep_epoch2(node1)']
num_forall :   0
num_exists :   0
num_literals : 0
quantified form : None
qcost : 0


=== Prime Orbit 143 =====================
size : 4
num_suborbits: 2
403 (*) : -0----------1-0---------1-
403     : ['locked_epoch1(node0)', 'transfer_epoch3(node0)', '~ep_epoch1(node0)', '~locked_epoch2(node0)']
394     : -0----------1-0----------1
394     : ['locked_epoch1(node0)', 'transfer_epoch3(node1)', '~ep_epoch1(node0)', '~locked_epoch2(node0)']
395     : -----0-------1-0--------1-
395     : ['locked_epoch1(node1)', 'transfer_epoch3(node0)', '~ep_epoch1(node1)', '~locked_epoch2(node1)']
402     : -----0-------1-0---------1
402     : ['locked_epoch1(node1)', 'transfer_epoch3(node1)', '~ep_epoch1(node1)', '~locked_epoch2(node1)']
num_forall :   0
num_exists :   0
num_literals : 0
quantified form : None
qcost : 0


=== Prime Orbit 144 =====================
size : 2
num_suborbits: 1
133 (*) : ----0-00----1-------------
133     : ['locked_epoch1(node0)', '~ep_epoch0(node1)', '~ep_epoch2(node1)', '~ep_epoch3(node1)']
132     : 0-00---------1------------
132     : ['locked_epoch1(node1)', '~ep_epoch0(node0)', '~ep_epoch2(node0)', '~ep_epoch3(node0)']
num_forall :   0
num_exists :   0
num_literals : 0
quantified form : None
qcost : 0


=== Prime Orbit 145 =====================
size : 2
num_suborbits: 1
137 (*) : ----0-0--0--1-------------
137     : ['locked_epoch1(node0)', '~ep_epoch0(node1)', '~ep_epoch2(node1)', '~held(node1)']
136     : 0-0-----0----1------------
136     : ['locked_epoch1(node1)', '~ep_epoch0(node0)', '~ep_epoch2(node0)', '~held(node0)']
num_forall :   0
num_exists :   0
num_literals : 0
quantified form : None
qcost : 0


=== Prime Orbit 146 =====================
size : 2
num_suborbits: 1
284 (*) : ----0--0----1--0----------
284     : ['locked_epoch1(node0)', '~ep_epoch0(node1)', '~ep_epoch3(node1)', '~locked_epoch2(node1)']
285     : 0--0---------10-----------
285     : ['locked_epoch1(node1)', '~ep_epoch0(node0)', '~ep_epoch3(node0)', '~locked_epoch2(node0)']
num_forall :   0
num_exists :   0
num_literals : 0
quantified form : None
qcost : 0


=== Prime Orbit 147 =====================
size : 2
num_suborbits: 1
251 (*) : ----0----0--1--0----------
251     : ['locked_epoch1(node0)', '~ep_epoch0(node1)', '~held(node1)', '~locked_epoch2(node1)']
250     : 0-------0----10-----------
250     : ['locked_epoch1(node1)', '~ep_epoch0(node0)', '~held(node0)', '~locked_epoch2(node0)']
num_forall :   0
num_exists :   0
num_literals : 0
quantified form : None
qcost : 0


=== Prime Orbit 148 =====================
size : 2
num_suborbits: 1
166 (*) : -000--------1-------------
166     : ['locked_epoch1(node0)', '~ep_epoch1(node0)', '~ep_epoch2(node0)', '~ep_epoch3(node0)']
167     : -----000-----1------------
167     : ['locked_epoch1(node1)', '~ep_epoch1(node1)', '~ep_epoch2(node1)', '~ep_epoch3(node1)']
num_forall :   0
num_exists :   0
num_literals : 0
quantified form : None
qcost : 0


=== Prime Orbit 149 =====================
size : 2
num_suborbits: 1
164 (*) : -00-----0---1-------------
164     : ['locked_epoch1(node0)', '~ep_epoch1(node0)', '~ep_epoch2(node0)', '~held(node0)']
165     : -----00--0---1------------
165     : ['locked_epoch1(node1)', '~ep_epoch1(node1)', '~ep_epoch2(node1)', '~held(node1)']
num_forall :   0
num_exists :   0
num_literals : 0
quantified form : None
qcost : 0


=== Prime Orbit 150 =====================
size : 2
num_suborbits: 1
292 (*) : -0-0--------1-0-----------
292     : ['locked_epoch1(node0)', '~ep_epoch1(node0)', '~ep_epoch3(node0)', '~locked_epoch2(node0)']
293     : -----0-0-----1-0----------
293     : ['locked_epoch1(node1)', '~ep_epoch1(node1)', '~ep_epoch3(node1)', '~locked_epoch2(node1)']
num_forall :   0
num_exists :   0
num_literals : 0
quantified form : None
qcost : 0


=== Prime Orbit 151 =====================
size : 2
num_suborbits: 1
248 (*) : -0------0---1-0-----------
248     : ['locked_epoch1(node0)', '~ep_epoch1(node0)', '~held(node0)', '~locked_epoch2(node0)']
249     : -----0---0---1-0----------
249     : ['locked_epoch1(node1)', '~ep_epoch1(node1)', '~held(node1)', '~locked_epoch2(node1)']
num_forall :   0
num_exists :   0
num_literals : 0
quantified form : None
qcost : 0


=== Prime Orbit 152 =====================
size : 4
num_suborbits: 2
351 (*) : ----00--------1---------1-
351     : ['locked_epoch2(node0)', 'transfer_epoch3(node0)', '~ep_epoch0(node1)', '~ep_epoch1(node1)']
426     : ----00--------1----------1
426     : ['locked_epoch2(node0)', 'transfer_epoch3(node1)', '~ep_epoch0(node1)', '~ep_epoch1(node1)']
427     : 00-------------1--------1-
427     : ['locked_epoch2(node1)', 'transfer_epoch3(node0)', '~ep_epoch0(node0)', '~ep_epoch1(node0)']
350     : 00-------------1---------1
350     : ['locked_epoch2(node1)', 'transfer_epoch3(node1)', '~ep_epoch0(node0)', '~ep_epoch1(node0)']
num_forall :   0
num_exists :   0
num_literals : 0
quantified form : None
qcost : 0


=== Prime Orbit 153 =====================
size : 4
num_suborbits: 2
355 (*) : ----0--------01---------1-
355     : ['locked_epoch2(node0)', 'transfer_epoch3(node0)', '~ep_epoch0(node1)', '~locked_epoch1(node1)']
428     : ----0--------01----------1
428     : ['locked_epoch2(node0)', 'transfer_epoch3(node1)', '~ep_epoch0(node1)', '~locked_epoch1(node1)']
429     : 0-----------0--1--------1-
429     : ['locked_epoch2(node1)', 'transfer_epoch3(node0)', '~ep_epoch0(node0)', '~locked_epoch1(node0)']
354     : 0-----------0--1---------1
354     : ['locked_epoch2(node1)', 'transfer_epoch3(node1)', '~ep_epoch0(node0)', '~locked_epoch1(node0)']
num_forall :   0
num_exists :   0
num_literals : 0
quantified form : None
qcost : 0


=== Prime Orbit 154 =====================
size : 4
num_suborbits: 2
349 (*) : -----0------0-1---------1-
349     : ['locked_epoch2(node0)', 'transfer_epoch3(node0)', '~ep_epoch1(node1)', '~locked_epoch1(node0)']
430     : -----0------0-1----------1
430     : ['locked_epoch2(node0)', 'transfer_epoch3(node1)', '~ep_epoch1(node1)', '~locked_epoch1(node0)']
431     : -0-----------0-1--------1-
431     : ['locked_epoch2(node1)', 'transfer_epoch3(node0)', '~ep_epoch1(node0)', '~locked_epoch1(node1)']
348     : -0-----------0-1---------1
348     : ['locked_epoch2(node1)', 'transfer_epoch3(node1)', '~ep_epoch1(node0)', '~locked_epoch1(node1)']
num_forall :   0
num_exists :   0
num_literals : 0
quantified form : None
qcost : 0


=== Prime Orbit 155 =====================
size : 2
num_suborbits: 1
200 (*) : --0-00--------1-----------
200     : ['locked_epoch2(node0)', '~ep_epoch0(node1)', '~ep_epoch1(node1)', '~ep_epoch2(node0)']
201     : 00----0--------1----------
201     : ['locked_epoch2(node1)', '~ep_epoch0(node0)', '~ep_epoch1(node0)', '~ep_epoch2(node1)']
num_forall :   0
num_exists :   0
num_literals : 0
quantified form : None
qcost : 0


=== Prime Orbit 156 =====================
size : 2
num_suborbits: 1
310 (*) : ----00-0------1-----------
310     : ['locked_epoch2(node0)', '~ep_epoch0(node1)', '~ep_epoch1(node1)', '~ep_epoch3(node1)']
311     : 00-0-----------1----------
311     : ['locked_epoch2(node1)', '~ep_epoch0(node0)', '~ep_epoch1(node0)', '~ep_epoch3(node0)']
num_forall :   0
num_exists :   0
num_literals : 0
quantified form : None
qcost : 0


=== Prime Orbit 157 =====================
size : 2
num_suborbits: 1
312 (*) : ----00---0----1-----------
312     : ['locked_epoch2(node0)', '~ep_epoch0(node1)', '~ep_epoch1(node1)', '~held(node1)']
313     : 00------0------1----------
313     : ['locked_epoch2(node1)', '~ep_epoch0(node0)', '~ep_epoch1(node0)', '~held(node0)']
num_forall :   0
num_exists :   0
num_literals : 0
quantified form : None
qcost : 0


=== Prime Orbit 158 =====================
size : 2
num_suborbits: 1
202 (*) : --0-0--------01-----------
202     : ['locked_epoch2(node0)', '~ep_epoch0(node1)', '~ep_epoch2(node0)', '~locked_epoch1(node1)']
203     : 0-----0-----0--1----------
203     : ['locked_epoch2(node1)', '~ep_epoch0(node0)', '~ep_epoch2(node1)', '~locked_epoch1(node0)']
num_forall :   0
num_exists :   0
num_literals : 0
quantified form : None
qcost : 0


=== Prime Orbit 159 =====================
size : 2
num_suborbits: 1
342 (*) : ----0--0-----01-----------
342     : ['locked_epoch2(node0)', '~ep_epoch0(node1)', '~ep_epoch3(node1)', '~locked_epoch1(node1)']
343     : 0--0--------0--1----------
343     : ['locked_epoch2(node1)', '~ep_epoch0(node0)', '~ep_epoch3(node0)', '~locked_epoch1(node0)']
num_forall :   0
num_exists :   0
num_literals : 0
quantified form : None
qcost : 0


=== Prime Orbit 160 =====================
size : 2
num_suborbits: 1
344 (*) : ----0----0---01-----------
344     : ['locked_epoch2(node0)', '~ep_epoch0(node1)', '~held(node1)', '~locked_epoch1(node1)']
345     : 0-------0---0--1----------
345     : ['locked_epoch2(node1)', '~ep_epoch0(node0)', '~held(node0)', '~locked_epoch1(node0)']
num_forall :   0
num_exists :   0
num_literals : 0
quantified form : None
qcost : 0


=== Prime Orbit 161 =====================
size : 2
num_suborbits: 1
208 (*) : --0--0------0-1-----------
208     : ['locked_epoch2(node0)', '~ep_epoch1(node1)', '~ep_epoch2(node0)', '~locked_epoch1(node0)']
209     : -0----0------0-1----------
209     : ['locked_epoch2(node1)', '~ep_epoch1(node0)', '~ep_epoch2(node1)', '~locked_epoch1(node1)']
num_forall :   0
num_exists :   0
num_literals : 0
quantified form : None
qcost : 0


=== Prime Orbit 162 =====================
size : 2
num_suborbits: 1
318 (*) : -----0-0----0-1-----------
318     : ['locked_epoch2(node0)', '~ep_epoch1(node1)', '~ep_epoch3(node1)', '~locked_epoch1(node0)']
319     : -0-0---------0-1----------
319     : ['locked_epoch2(node1)', '~ep_epoch1(node0)', '~ep_epoch3(node0)', '~locked_epoch1(node1)']
num_forall :   0
num_exists :   0
num_literals : 0
quantified form : None
qcost : 0


=== Prime Orbit 163 =====================
size : 2
num_suborbits: 1
316 (*) : -----0---0--0-1-----------
316     : ['locked_epoch2(node0)', '~ep_epoch1(node1)', '~held(node1)', '~locked_epoch1(node0)']
317     : -0------0----0-1----------
317     : ['locked_epoch2(node1)', '~ep_epoch1(node0)', '~held(node0)', '~locked_epoch1(node1)']
num_forall :   0
num_exists :   0
num_literals : 0
quantified form : None
qcost : 0


=== Prime Orbit 164 =====================
size : 4
num_suborbits: 2
373 (*) : 000---------------------1-
373     : ['transfer_epoch3(node0)', '~ep_epoch0(node0)', '~ep_epoch1(node0)', '~ep_epoch2(node0)']
181     : ----000-----------------1-
181     : ['transfer_epoch3(node0)', '~ep_epoch0(node1)', '~ep_epoch1(node1)', '~ep_epoch2(node1)']
180     : 000----------------------1
180     : ['transfer_epoch3(node1)', '~ep_epoch0(node0)', '~ep_epoch1(node0)', '~ep_epoch2(node0)']
372     : ----000------------------1
372     : ['transfer_epoch3(node1)', '~ep_epoch0(node1)', '~ep_epoch1(node1)', '~ep_epoch2(node1)']
num_forall :   0
num_exists :   0
num_literals : 0
quantified form : None
qcost : 0


=== Prime Orbit 165 =====================
size : 4
num_suborbits: 2
399 (*) : 00------------0---------1-
399     : ['transfer_epoch3(node0)', '~ep_epoch0(node0)', '~ep_epoch1(node0)', '~locked_epoch2(node0)']
387     : ----00---------0--------1-
387     : ['transfer_epoch3(node0)', '~ep_epoch0(node1)', '~ep_epoch1(node1)', '~locked_epoch2(node1)']
386     : 00------------0----------1
386     : ['transfer_epoch3(node1)', '~ep_epoch0(node0)', '~ep_epoch1(node0)', '~locked_epoch2(node0)']
398     : ----00---------0---------1
398     : ['transfer_epoch3(node1)', '~ep_epoch0(node1)', '~ep_epoch1(node1)', '~locked_epoch2(node1)']
num_forall :   0
num_exists :   0
num_literals : 0
quantified form : None
qcost : 0


=== Prime Orbit 166 =====================
size : 4
num_suborbits: 2
389 (*) : 0----0------0-----------1-
389     : ['transfer_epoch3(node0)', '~ep_epoch0(node0)', '~ep_epoch1(node1)', '~locked_epoch1(node0)']
361     : -0--0--------0----------1-
361     : ['transfer_epoch3(node0)', '~ep_epoch0(node1)', '~ep_epoch1(node0)', '~locked_epoch1(node1)']
360     : 0----0------0------------1
360     : ['transfer_epoch3(node1)', '~ep_epoch0(node0)', '~ep_epoch1(node1)', '~locked_epoch1(node0)']
388     : -0--0--------0-----------1
388     : ['transfer_epoch3(node1)', '~ep_epoch0(node1)', '~ep_epoch1(node0)', '~locked_epoch1(node1)']
num_forall :   0
num_exists :   0
num_literals : 0
quantified form : None
qcost : 0


=== Prime Orbit 167 =====================
size : 4
num_suborbits: 2
379 (*) : 0-0---------0-----------1-
379     : ['transfer_epoch3(node0)', '~ep_epoch0(node0)', '~ep_epoch2(node0)', '~locked_epoch1(node0)']
131     : ----0-0------0----------1-
131     : ['transfer_epoch3(node0)', '~ep_epoch0(node1)', '~ep_epoch2(node1)', '~locked_epoch1(node1)']
130     : 0-0---------0------------1
130     : ['transfer_epoch3(node1)', '~ep_epoch0(node0)', '~ep_epoch2(node0)', '~locked_epoch1(node0)']
378     : ----0-0------0-----------1
378     : ['transfer_epoch3(node1)', '~ep_epoch0(node1)', '~ep_epoch2(node1)', '~locked_epoch1(node1)']
num_forall :   0
num_exists :   0
num_literals : 0
quantified form : None
qcost : 0


=== Prime Orbit 168 =====================
size : 4
num_suborbits: 2
401 (*) : 0-----------0-0---------1-
401     : ['transfer_epoch3(node0)', '~ep_epoch0(node0)', '~locked_epoch1(node0)', '~locked_epoch2(node0)']
359     : ----0--------0-0--------1-
359     : ['transfer_epoch3(node0)', '~ep_epoch0(node1)', '~locked_epoch1(node1)', '~locked_epoch2(node1)']
358     : 0-----------0-0----------1
358     : ['transfer_epoch3(node1)', '~ep_epoch0(node0)', '~locked_epoch1(node0)', '~locked_epoch2(node0)']
400     : ----0--------0-0---------1
400     : ['transfer_epoch3(node1)', '~ep_epoch0(node1)', '~locked_epoch1(node1)', '~locked_epoch2(node1)']
num_forall :   0
num_exists :   0
num_literals : 0
quantified form : None
qcost : 0


=== Prime Orbit 169 =====================
size : 4
num_suborbits: 2
375 (*) : -00----------0----------1-
375     : ['transfer_epoch3(node0)', '~ep_epoch1(node0)', '~ep_epoch2(node0)', '~locked_epoch1(node1)']
183     : -----00-----0-----------1-
183     : ['transfer_epoch3(node0)', '~ep_epoch1(node1)', '~ep_epoch2(node1)', '~locked_epoch1(node0)']
182     : -00----------0-----------1
182     : ['transfer_epoch3(node1)', '~ep_epoch1(node0)', '~ep_epoch2(node0)', '~locked_epoch1(node1)']
374     : -----00-----0------------1
374     : ['transfer_epoch3(node1)', '~ep_epoch1(node1)', '~ep_epoch2(node1)', '~locked_epoch1(node0)']
num_forall :   0
num_exists :   0
num_literals : 0
quantified form : None
qcost : 0


=== Prime Orbit 170 =====================
size : 4
num_suborbits: 2
397 (*) : -0-----------00---------1-
397     : ['transfer_epoch3(node0)', '~ep_epoch1(node0)', '~locked_epoch1(node1)', '~locked_epoch2(node0)']
391     : -----0------0--0--------1-
391     : ['transfer_epoch3(node0)', '~ep_epoch1(node1)', '~locked_epoch1(node0)', '~locked_epoch2(node1)']
390     : -0-----------00----------1
390     : ['transfer_epoch3(node1)', '~ep_epoch1(node0)', '~locked_epoch1(node1)', '~locked_epoch2(node0)']
396     : -----0------0--0---------1
396     : ['transfer_epoch3(node1)', '~ep_epoch1(node1)', '~locked_epoch1(node0)', '~locked_epoch2(node1)']
num_forall :   0
num_exists :   0
num_literals : 0
quantified form : None
qcost : 0


=== Prime Orbit 171 =====================
size : 2
num_suborbits: 1
150 (*) : 0000----------------------
150     : ['~ep_epoch0(node0)', '~ep_epoch1(node0)', '~ep_epoch2(node0)', '~ep_epoch3(node0)']
151     : ----0000------------------
151     : ['~ep_epoch0(node1)', '~ep_epoch1(node1)', '~ep_epoch2(node1)', '~ep_epoch3(node1)']
num_forall :   0
num_exists :   0
num_literals : 0
quantified form : None
qcost : 0


=== Prime Orbit 172 =====================
size : 2
num_suborbits: 1
148 (*) : 000-----0-----------------
148     : ['~ep_epoch0(node0)', '~ep_epoch1(node0)', '~ep_epoch2(node0)', '~held(node0)']
149     : ----000--0----------------
149     : ['~ep_epoch0(node1)', '~ep_epoch1(node1)', '~ep_epoch2(node1)', '~held(node1)']
num_forall :   0
num_exists :   0
num_literals : 0
quantified form : None
qcost : 0


=== Prime Orbit 173 =====================
size : 2
num_suborbits: 1
296 (*) : 00-0----------0-----------
296     : ['~ep_epoch0(node0)', '~ep_epoch1(node0)', '~ep_epoch3(node0)', '~locked_epoch2(node0)']
297     : ----00-0-------0----------
297     : ['~ep_epoch0(node1)', '~ep_epoch1(node1)', '~ep_epoch3(node1)', '~locked_epoch2(node1)']
num_forall :   0
num_exists :   0
num_literals : 0
quantified form : None
qcost : 0


=== Prime Orbit 174 =====================
size : 2
num_suborbits: 1
244 (*) : 00------0-----0-----------
244     : ['~ep_epoch0(node0)', '~ep_epoch1(node0)', '~held(node0)', '~locked_epoch2(node0)']
245     : ----00---0-----0----------
245     : ['~ep_epoch0(node1)', '~ep_epoch1(node1)', '~held(node1)', '~locked_epoch2(node1)']
num_forall :   0
num_exists :   0
num_literals : 0
quantified form : None
qcost : 0


=== Prime Orbit 175 =====================
size : 2
num_suborbits: 1
134 (*) : 0-00--------0-------------
134     : ['~ep_epoch0(node0)', '~ep_epoch2(node0)', '~ep_epoch3(node0)', '~locked_epoch1(node0)']
135     : ----0-00-----0------------
135     : ['~ep_epoch0(node1)', '~ep_epoch2(node1)', '~ep_epoch3(node1)', '~locked_epoch1(node1)']
num_forall :   0
num_exists :   0
num_literals : 0
quantified form : None
qcost : 0


=== Prime Orbit 176 =====================
size : 2
num_suborbits: 1
138 (*) : 0-0-----0---0-------------
138     : ['~ep_epoch0(node0)', '~ep_epoch2(node0)', '~held(node0)', '~locked_epoch1(node0)']
139     : ----0-0--0---0------------
139     : ['~ep_epoch0(node1)', '~ep_epoch2(node1)', '~held(node1)', '~locked_epoch1(node1)']
num_forall :   0
num_exists :   0
num_literals : 0
quantified form : None
qcost : 0


=== Prime Orbit 177 =====================
size : 2
num_suborbits: 1
305 (*) : 0--0--------0-0-----------
305     : ['~ep_epoch0(node0)', '~ep_epoch3(node0)', '~locked_epoch1(node0)', '~locked_epoch2(node0)']
304     : ----0--0-----0-0----------
304     : ['~ep_epoch0(node1)', '~ep_epoch3(node1)', '~locked_epoch1(node1)', '~locked_epoch2(node1)']
num_forall :   0
num_exists :   0
num_literals : 0
quantified form : None
qcost : 0


=== Prime Orbit 178 =====================
size : 2
num_suborbits: 1
252 (*) : 0-------0---0-0-----------
252     : ['~ep_epoch0(node0)', '~held(node0)', '~locked_epoch1(node0)', '~locked_epoch2(node0)']
253     : ----0----0---0-0----------
253     : ['~ep_epoch0(node1)', '~held(node1)', '~locked_epoch1(node1)', '~locked_epoch2(node1)']
num_forall :   0
num_exists :   0
num_literals : 0
quantified form : None
qcost : 0


=== Prime Orbit 179 =====================
size : 2
num_suborbits: 1
158 (*) : -000---------0------------
158     : ['~ep_epoch1(node0)', '~ep_epoch2(node0)', '~ep_epoch3(node0)', '~locked_epoch1(node1)']
159     : -----000----0-------------
159     : ['~ep_epoch1(node1)', '~ep_epoch2(node1)', '~ep_epoch3(node1)', '~locked_epoch1(node0)']
num_forall :   0
num_exists :   0
num_literals : 0
quantified form : None
qcost : 0


=== Prime Orbit 180 =====================
size : 2
num_suborbits: 1
160 (*) : -00-----0----0------------
160     : ['~ep_epoch1(node0)', '~ep_epoch2(node0)', '~held(node0)', '~locked_epoch1(node1)']
161     : -----00--0--0-------------
161     : ['~ep_epoch1(node1)', '~ep_epoch2(node1)', '~held(node1)', '~locked_epoch1(node0)']
num_forall :   0
num_exists :   0
num_literals : 0
quantified form : None
qcost : 0


=== Prime Orbit 181 =====================
size : 2
num_suborbits: 1
294 (*) : -0-0---------00-----------
294     : ['~ep_epoch1(node0)', '~ep_epoch3(node0)', '~locked_epoch1(node1)', '~locked_epoch2(node0)']
295     : -----0-0----0--0----------
295     : ['~ep_epoch1(node1)', '~ep_epoch3(node1)', '~locked_epoch1(node0)', '~locked_epoch2(node1)']
num_forall :   0
num_exists :   0
num_literals : 0
quantified form : None
qcost : 0


=== Prime Orbit 182 =====================
size : 2
num_suborbits: 1
246 (*) : -0------0----00-----------
246     : ['~ep_epoch1(node0)', '~held(node0)', '~locked_epoch1(node1)', '~locked_epoch2(node0)']
247     : -----0---0--0--0----------
247     : ['~ep_epoch1(node1)', '~held(node1)', '~locked_epoch1(node0)', '~locked_epoch2(node1)']
num_forall :   0
num_exists :   0
num_literals : 0
quantified form : None
qcost : 0


=== Prime Orbit 183 =====================
size : 2
num_suborbits: 1
441 (*) : 1-----1--0--------------00
441     : ['ep_epoch0(node0)', 'ep_epoch2(node1)', '~held(node1)', '~transfer_epoch3(node0)', '~transfer_epoch3(node1)']
440     : --1-1---0---------------00
440     : ['ep_epoch0(node1)', 'ep_epoch2(node0)', '~held(node0)', '~transfer_epoch3(node0)', '~transfer_epoch3(node1)']
num_forall :   0
num_exists :   0
num_literals : 0
quantified form : None
qcost : 0


=== Prime Orbit 184 =====================
size : 2
num_suborbits: 1
443 (*) : 1--------0-----1--------00
443     : ['ep_epoch0(node0)', 'locked_epoch2(node1)', '~held(node1)', '~transfer_epoch3(node0)', '~transfer_epoch3(node1)']
442     : ----1---0-----1---------00
442     : ['ep_epoch0(node1)', 'locked_epoch2(node0)', '~held(node0)', '~transfer_epoch3(node0)', '~transfer_epoch3(node1)']
num_forall :   0
num_exists :   0
num_literals : 0
quantified form : None
qcost : 0


=== Prime Orbit 185 =====================
size : 2
num_suborbits: 1
439 (*) : 1----0---0--------------00
439     : ['ep_epoch0(node0)', '~ep_epoch1(node1)', '~held(node1)', '~transfer_epoch3(node0)', '~transfer_epoch3(node1)']
438     : -0--1---0---------------00
438     : ['ep_epoch0(node1)', '~ep_epoch1(node0)', '~held(node0)', '~transfer_epoch3(node0)', '~transfer_epoch3(node1)']
num_forall :   0
num_exists :   0
num_literals : 0
quantified form : None
qcost : 0


=== Prime Orbit 186 =====================
size : 2
num_suborbits: 1
481 (*) : -1----1--0--------------00
481     : ['ep_epoch1(node0)', 'ep_epoch2(node1)', '~held(node1)', '~transfer_epoch3(node0)', '~transfer_epoch3(node1)']
480     : --1--1--0---------------00
480     : ['ep_epoch1(node1)', 'ep_epoch2(node0)', '~held(node0)', '~transfer_epoch3(node0)', '~transfer_epoch3(node1)']
num_forall :   0
num_exists :   0
num_literals : 0
quantified form : None
qcost : 0


=== Prime Orbit 187 =====================
size : 2
num_suborbits: 1
479 (*) : -1-------0-----1--------00
479     : ['ep_epoch1(node0)', 'locked_epoch2(node1)', '~held(node1)', '~transfer_epoch3(node0)', '~transfer_epoch3(node1)']
478     : -----1--0-----1---------00
478     : ['ep_epoch1(node1)', 'locked_epoch2(node0)', '~held(node0)', '~transfer_epoch3(node0)', '~transfer_epoch3(node1)']
num_forall :   0
num_exists :   0
num_literals : 0
quantified form : None
qcost : 0


=== Prime Orbit 188 =====================
size : 2
num_suborbits: 1
476 (*) : -1--0----0--------------00
476     : ['ep_epoch1(node0)', '~ep_epoch0(node1)', '~held(node1)', '~transfer_epoch3(node0)', '~transfer_epoch3(node1)']
477     : 0----1--0---------------00
477     : ['ep_epoch1(node1)', '~ep_epoch0(node0)', '~held(node0)', '~transfer_epoch3(node0)', '~transfer_epoch3(node1)']
num_forall :   0
num_exists :   0
num_literals : 0
quantified form : None
qcost : 0


=== Prime Orbit 189 =====================
size : 2
num_suborbits: 1
474 (*) : --1----00---------------00
474     : ['ep_epoch2(node0)', '~ep_epoch3(node1)', '~held(node0)', '~transfer_epoch3(node0)', '~transfer_epoch3(node1)']
475     : ---0--1--0--------------00
475     : ['ep_epoch2(node1)', '~ep_epoch3(node0)', '~held(node1)', '~transfer_epoch3(node0)', '~transfer_epoch3(node1)']
num_forall :   0
num_exists :   0
num_literals : 0
quantified form : None
qcost : 0


=== Prime Orbit 190 =====================
size : 2
num_suborbits: 1
466 (*) : --1-----00--------------00
466     : ['ep_epoch2(node0)', '~held(node0)', '~held(node1)', '~transfer_epoch3(node0)', '~transfer_epoch3(node1)']
467     : ------1-00--------------00
467     : ['ep_epoch2(node1)', '~held(node0)', '~held(node1)', '~transfer_epoch3(node0)', '~transfer_epoch3(node1)']
num_forall :   0
num_exists :   0
num_literals : 0
quantified form : None
qcost : 0


=== Prime Orbit 191 =====================
size : 2
num_suborbits: 1
455 (*) : -00-0-0-----1-------------
455     : ['locked_epoch1(node0)', '~ep_epoch0(node1)', '~ep_epoch1(node0)', '~ep_epoch2(node0)', '~ep_epoch2(node1)']
454     : 0-0--00------1------------
454     : ['locked_epoch1(node1)', '~ep_epoch0(node0)', '~ep_epoch1(node1)', '~ep_epoch2(node0)', '~ep_epoch2(node1)']
num_forall :   0
num_exists :   0
num_literals : 0
quantified form : None
qcost : 0


=== Prime Orbit 192 =====================
size : 4
num_suborbits: 2
449 (*) : -00-0-------1--0----------
449     : ['locked_epoch1(node0)', '~ep_epoch0(node1)', '~ep_epoch1(node0)', '~ep_epoch2(node0)', '~locked_epoch2(node1)']
453     : -0--0-0-----1-0-----------
453     : ['locked_epoch1(node0)', '~ep_epoch0(node1)', '~ep_epoch1(node0)', '~ep_epoch2(node1)', '~locked_epoch2(node0)']
452     : 0-0--0-------1-0----------
452     : ['locked_epoch1(node1)', '~ep_epoch0(node0)', '~ep_epoch1(node1)', '~ep_epoch2(node0)', '~locked_epoch2(node1)']
448     : 0----00------10-----------
448     : ['locked_epoch1(node1)', '~ep_epoch0(node0)', '~ep_epoch1(node1)', '~ep_epoch2(node1)', '~locked_epoch2(node0)']
num_forall :   0
num_exists :   0
num_literals : 0
quantified form : None
qcost : 0


=== Prime Orbit 193 =====================
size : 2
num_suborbits: 1
447 (*) : -0-00--0----1-------------
447     : ['locked_epoch1(node0)', '~ep_epoch0(node1)', '~ep_epoch1(node0)', '~ep_epoch3(node0)', '~ep_epoch3(node1)']
446     : 0--0-0-0-----1------------
446     : ['locked_epoch1(node1)', '~ep_epoch0(node0)', '~ep_epoch1(node1)', '~ep_epoch3(node0)', '~ep_epoch3(node1)']
num_forall :   0
num_exists :   0
num_literals : 0
quantified form : None
qcost : 0


=== Prime Orbit 194 =====================
size : 4
num_suborbits: 2
457 (*) : -0-00----0--1-------------
457     : ['locked_epoch1(node0)', '~ep_epoch0(node1)', '~ep_epoch1(node0)', '~ep_epoch3(node0)', '~held(node1)']
445     : -0--0--00---1-------------
445     : ['locked_epoch1(node0)', '~ep_epoch0(node1)', '~ep_epoch1(node0)', '~ep_epoch3(node1)', '~held(node0)']
444     : 0--0-0---0---1------------
444     : ['locked_epoch1(node1)', '~ep_epoch0(node0)', '~ep_epoch1(node1)', '~ep_epoch3(node0)', '~held(node1)']
456     : 0----0-00----1------------
456     : ['locked_epoch1(node1)', '~ep_epoch0(node0)', '~ep_epoch1(node1)', '~ep_epoch3(node1)', '~held(node0)']
num_forall :   0
num_exists :   0
num_literals : 0
quantified form : None
qcost : 0


=== Prime Orbit 195 =====================
size : 2
num_suborbits: 1
459 (*) : -0--0---00--1-------------
459     : ['locked_epoch1(node0)', '~ep_epoch0(node1)', '~ep_epoch1(node0)', '~held(node0)', '~held(node1)']
458     : 0----0--00---1------------
458     : ['locked_epoch1(node1)', '~ep_epoch0(node0)', '~ep_epoch1(node1)', '~held(node0)', '~held(node1)']
num_forall :   0
num_exists :   0
num_literals : 0
quantified form : None
qcost : 0


=== Prime Orbit 196 =====================
size : 2
num_suborbits: 1
451 (*) : -0--0-------1-00----------
451     : ['locked_epoch1(node0)', '~ep_epoch0(node1)', '~ep_epoch1(node0)', '~locked_epoch2(node0)', '~locked_epoch2(node1)']
450     : 0----0-------100----------
450     : ['locked_epoch1(node1)', '~ep_epoch0(node0)', '~ep_epoch1(node1)', '~locked_epoch2(node0)', '~locked_epoch2(node1)']
num_forall :   0
num_exists :   0
num_literals : 0
quantified form : None
qcost : 0


=== Prime Orbit 197 =====================
size : 2
num_suborbits: 1
472 (*) : -------00-----1---------00
472     : ['locked_epoch2(node0)', '~ep_epoch3(node1)', '~held(node0)', '~transfer_epoch3(node0)', '~transfer_epoch3(node1)']
473     : ---0-----0-----1--------00
473     : ['locked_epoch2(node1)', '~ep_epoch3(node0)', '~held(node1)', '~transfer_epoch3(node0)', '~transfer_epoch3(node1)']
num_forall :   0
num_exists :   0
num_literals : 0
quantified form : None
qcost : 0


=== Prime Orbit 198 =====================
size : 2
num_suborbits: 1
464 (*) : --------00----1---------00
464     : ['locked_epoch2(node0)', '~held(node0)', '~held(node1)', '~transfer_epoch3(node0)', '~transfer_epoch3(node1)']
465     : --------00-----1--------00
465     : ['locked_epoch2(node1)', '~held(node0)', '~held(node1)', '~transfer_epoch3(node0)', '~transfer_epoch3(node1)']
num_forall :   0
num_exists :   0
num_literals : 0
quantified form : None
qcost : 0


=== Prime Orbit 199 =====================
size : 2
num_suborbits: 1
502 (*) : 00--00------------------1-
502     : ['transfer_epoch3(node0)', '~ep_epoch0(node0)', '~ep_epoch0(node1)', '~ep_epoch1(node0)', '~ep_epoch1(node1)']
503     : 00--00-------------------1
503     : ['transfer_epoch3(node1)', '~ep_epoch0(node0)', '~ep_epoch0(node1)', '~ep_epoch1(node0)', '~ep_epoch1(node1)']
num_forall :   0
num_exists :   0
num_literals : 0
quantified form : None
qcost : 0


=== Prime Orbit 200 =====================
size : 2
num_suborbits: 1
504 (*) : 0-0-0-0-----------------1-
504     : ['transfer_epoch3(node0)', '~ep_epoch0(node0)', '~ep_epoch0(node1)', '~ep_epoch2(node0)', '~ep_epoch2(node1)']
505     : 0-0-0-0------------------1
505     : ['transfer_epoch3(node1)', '~ep_epoch0(node0)', '~ep_epoch0(node1)', '~ep_epoch2(node0)', '~ep_epoch2(node1)']
num_forall :   0
num_exists :   0
num_literals : 0
quantified form : None
qcost : 0


=== Prime Orbit 201 =====================
size : 4
num_suborbits: 2
494 (*) : 0-0-0----------0--------1-
494     : ['transfer_epoch3(node0)', '~ep_epoch0(node0)', '~ep_epoch0(node1)', '~ep_epoch2(node0)', '~locked_epoch2(node1)']
506     : 0---0-0-------0---------1-
506     : ['transfer_epoch3(node0)', '~ep_epoch0(node0)', '~ep_epoch0(node1)', '~ep_epoch2(node1)', '~locked_epoch2(node0)']
507     : 0-0-0----------0---------1
507     : ['transfer_epoch3(node1)', '~ep_epoch0(node0)', '~ep_epoch0(node1)', '~ep_epoch2(node0)', '~locked_epoch2(node1)']
495     : 0---0-0-------0----------1
495     : ['transfer_epoch3(node1)', '~ep_epoch0(node0)', '~ep_epoch0(node1)', '~ep_epoch2(node1)', '~locked_epoch2(node0)']
num_forall :   0
num_exists :   0
num_literals : 0
quantified form : None
qcost : 0


=== Prime Orbit 202 =====================
size : 2
num_suborbits: 1
496 (*) : 0---0---------00--------1-
496     : ['transfer_epoch3(node0)', '~ep_epoch0(node0)', '~ep_epoch0(node1)', '~locked_epoch2(node0)', '~locked_epoch2(node1)']
497     : 0---0---------00---------1
497     : ['transfer_epoch3(node1)', '~ep_epoch0(node0)', '~ep_epoch0(node1)', '~locked_epoch2(node0)', '~locked_epoch2(node1)']
num_forall :   0
num_exists :   0
num_literals : 0
quantified form : None
qcost : 0


=== Prime Orbit 203 =====================
size : 2
num_suborbits: 1
500 (*) : -00--00-----------------1-
500     : ['transfer_epoch3(node0)', '~ep_epoch1(node0)', '~ep_epoch1(node1)', '~ep_epoch2(node0)', '~ep_epoch2(node1)']
501     : -00--00------------------1
501     : ['transfer_epoch3(node1)', '~ep_epoch1(node0)', '~ep_epoch1(node1)', '~ep_epoch2(node0)', '~ep_epoch2(node1)']
num_forall :   0
num_exists :   0
num_literals : 0
quantified form : None
qcost : 0


=== Prime Orbit 204 =====================
size : 4
num_suborbits: 2
492 (*) : -00--0---------0--------1-
492     : ['transfer_epoch3(node0)', '~ep_epoch1(node0)', '~ep_epoch1(node1)', '~ep_epoch2(node0)', '~locked_epoch2(node1)']
498     : -0---00-------0---------1-
498     : ['transfer_epoch3(node0)', '~ep_epoch1(node0)', '~ep_epoch1(node1)', '~ep_epoch2(node1)', '~locked_epoch2(node0)']
499     : -00--0---------0---------1
499     : ['transfer_epoch3(node1)', '~ep_epoch1(node0)', '~ep_epoch1(node1)', '~ep_epoch2(node0)', '~locked_epoch2(node1)']
493     : -0---00-------0----------1
493     : ['transfer_epoch3(node1)', '~ep_epoch1(node0)', '~ep_epoch1(node1)', '~ep_epoch2(node1)', '~locked_epoch2(node0)']
num_forall :   0
num_exists :   0
num_literals : 0
quantified form : None
qcost : 0


=== Prime Orbit 205 =====================
size : 2
num_suborbits: 1
490 (*) : -0---0--------00--------1-
490     : ['transfer_epoch3(node0)', '~ep_epoch1(node0)', '~ep_epoch1(node1)', '~locked_epoch2(node0)', '~locked_epoch2(node1)']
491     : -0---0--------00---------1
491     : ['transfer_epoch3(node1)', '~ep_epoch1(node0)', '~ep_epoch1(node1)', '~locked_epoch2(node0)', '~locked_epoch2(node1)']
num_forall :   0
num_exists :   0
num_literals : 0
quantified form : None
qcost : 0


=== Prime Orbit 206 =====================
size : 2
num_suborbits: 1
484 (*) : 0-0--00-----0-------------
484     : ['~ep_epoch0(node0)', '~ep_epoch1(node1)', '~ep_epoch2(node0)', '~ep_epoch2(node1)', '~locked_epoch1(node0)']
485     : -00-0-0------0------------
485     : ['~ep_epoch0(node1)', '~ep_epoch1(node0)', '~ep_epoch2(node0)', '~ep_epoch2(node1)', '~locked_epoch1(node1)']
num_forall :   0
num_exists :   0
num_literals : 0
quantified form : None
qcost : 0


=== Prime Orbit 207 =====================
size : 4
num_suborbits: 2
482 (*) : 0-0--0------0--0----------
482     : ['~ep_epoch0(node0)', '~ep_epoch1(node1)', '~ep_epoch2(node0)', '~locked_epoch1(node0)', '~locked_epoch2(node1)']
487     : 0----00-----0-0-----------
487     : ['~ep_epoch0(node0)', '~ep_epoch1(node1)', '~ep_epoch2(node1)', '~locked_epoch1(node0)', '~locked_epoch2(node0)']
486     : -00-0--------0-0----------
486     : ['~ep_epoch0(node1)', '~ep_epoch1(node0)', '~ep_epoch2(node0)', '~locked_epoch1(node1)', '~locked_epoch2(node1)']
483     : -0--0-0------00-----------
483     : ['~ep_epoch0(node1)', '~ep_epoch1(node0)', '~ep_epoch2(node1)', '~locked_epoch1(node1)', '~locked_epoch2(node0)']
num_forall :   0
num_exists :   0
num_literals : 0
quantified form : None
qcost : 0


=== Prime Orbit 208 =====================
size : 2
num_suborbits: 1
471 (*) : 0--0-0-0----0-------------
471     : ['~ep_epoch0(node0)', '~ep_epoch1(node1)', '~ep_epoch3(node0)', '~ep_epoch3(node1)', '~locked_epoch1(node0)']
470     : -0-00--0-----0------------
470     : ['~ep_epoch0(node1)', '~ep_epoch1(node0)', '~ep_epoch3(node0)', '~ep_epoch3(node1)', '~locked_epoch1(node1)']
num_forall :   0
num_exists :   0
num_literals : 0
quantified form : None
qcost : 0


=== Prime Orbit 209 =====================
size : 4
num_suborbits: 2
460 (*) : 0--0-0---0--0-------------
460     : ['~ep_epoch0(node0)', '~ep_epoch1(node1)', '~ep_epoch3(node0)', '~held(node1)', '~locked_epoch1(node0)']
469     : 0----0-00---0-------------
469     : ['~ep_epoch0(node0)', '~ep_epoch1(node1)', '~ep_epoch3(node1)', '~held(node0)', '~locked_epoch1(node0)']
468     : -0-00----0---0------------
468     : ['~ep_epoch0(node1)', '~ep_epoch1(node0)', '~ep_epoch3(node0)', '~held(node1)', '~locked_epoch1(node1)']
461     : -0--0--00----0------------
461     : ['~ep_epoch0(node1)', '~ep_epoch1(node0)', '~ep_epoch3(node1)', '~held(node0)', '~locked_epoch1(node1)']
num_forall :   0
num_exists :   0
num_literals : 0
quantified form : None
qcost : 0


=== Prime Orbit 210 =====================
size : 2
num_suborbits: 1
462 (*) : 0----0--00--0-------------
462     : ['~ep_epoch0(node0)', '~ep_epoch1(node1)', '~held(node0)', '~held(node1)', '~locked_epoch1(node0)']
463     : -0--0---00---0------------
463     : ['~ep_epoch0(node1)', '~ep_epoch1(node0)', '~held(node0)', '~held(node1)', '~locked_epoch1(node1)']
num_forall :   0
num_exists :   0
num_literals : 0
quantified form : None
qcost : 0


=== Prime Orbit 211 =====================
size : 2
num_suborbits: 1
488 (*) : 0----0------0-00----------
488     : ['~ep_epoch0(node0)', '~ep_epoch1(node1)', '~locked_epoch1(node0)', '~locked_epoch2(node0)', '~locked_epoch2(node1)']
489     : -0--0--------000----------
489     : ['~ep_epoch0(node1)', '~ep_epoch1(node0)', '~locked_epoch1(node1)', '~locked_epoch2(node0)', '~locked_epoch2(node1)']
num_forall :   0
num_exists :   0
num_literals : 0
quantified form : None
qcost : 0


=== Prime Orbit 212 =====================
size : 2
num_suborbits: 1
509 (*) : 1--------0------------0000
509     : ['ep_epoch0(node0)', '~held(node1)', '~transfer_epoch2(node0)', '~transfer_epoch2(node1)', '~transfer_epoch3(node0)', '~transfer_epoch3(node1)']
508     : ----1---0-------------0000
508     : ['ep_epoch0(node1)', '~held(node0)', '~transfer_epoch2(node0)', '~transfer_epoch2(node1)', '~transfer_epoch3(node0)', '~transfer_epoch3(node1)']
num_forall :   0
num_exists :   0
num_literals : 0
quantified form : None
qcost : 0


=== Prime Orbit 213 =====================
size : 2
num_suborbits: 1
522 (*) : ---00----0--1-----------00
522     : ['locked_epoch1(node0)', '~ep_epoch0(node1)', '~ep_epoch3(node0)', '~held(node1)', '~transfer_epoch3(node0)', '~transfer_epoch3(node1)']
523     : 0------00----1----------00
523     : ['locked_epoch1(node1)', '~ep_epoch0(node0)', '~ep_epoch3(node1)', '~held(node0)', '~transfer_epoch3(node0)', '~transfer_epoch3(node1)']
num_forall :   0
num_exists :   0
num_literals : 0
quantified form : None
qcost : 0


=== Prime Orbit 214 =====================
size : 2
num_suborbits: 1
525 (*) : ----0---00--1-----------00
525     : ['locked_epoch1(node0)', '~ep_epoch0(node1)', '~held(node0)', '~held(node1)', '~transfer_epoch3(node0)', '~transfer_epoch3(node1)']
526     : 0-------00---1----------00
526     : ['locked_epoch1(node1)', '~ep_epoch0(node0)', '~held(node0)', '~held(node1)', '~transfer_epoch3(node0)', '~transfer_epoch3(node1)']
num_forall :   0
num_exists :   0
num_literals : 0
quantified form : None
qcost : 0


=== Prime Orbit 215 =====================
size : 2
num_suborbits: 1
535 (*) : -0-----00---1-----------00
535     : ['locked_epoch1(node0)', '~ep_epoch1(node0)', '~ep_epoch3(node1)', '~held(node0)', '~transfer_epoch3(node0)', '~transfer_epoch3(node1)']
536     : ---0-0---0---1----------00
536     : ['locked_epoch1(node1)', '~ep_epoch1(node1)', '~ep_epoch3(node0)', '~held(node1)', '~transfer_epoch3(node0)', '~transfer_epoch3(node1)']
num_forall :   0
num_exists :   0
num_literals : 0
quantified form : None
qcost : 0


=== Prime Orbit 216 =====================
size : 2
num_suborbits: 1
532 (*) : -0------00--1-----------00
532     : ['locked_epoch1(node0)', '~ep_epoch1(node0)', '~held(node0)', '~held(node1)', '~transfer_epoch3(node0)', '~transfer_epoch3(node1)']
531     : -----0--00---1----------00
531     : ['locked_epoch1(node1)', '~ep_epoch1(node1)', '~held(node0)', '~held(node1)', '~transfer_epoch3(node0)', '~transfer_epoch3(node1)']
num_forall :   0
num_exists :   0
num_literals : 0
quantified form : None
qcost : 0


=== Prime Orbit 217 =====================
size : 1
num_suborbits: 1
570 (*) : 000-000-------------------
570     : ['~ep_epoch0(node0)', '~ep_epoch0(node1)', '~ep_epoch1(node0)', '~ep_epoch1(node1)', '~ep_epoch2(node0)', '~ep_epoch2(node1)']
num_forall :   0
num_exists :   0
num_literals : 0
quantified form : None
qcost : 0


=== Prime Orbit 218 =====================
size : 2
num_suborbits: 1
549 (*) : 000-00---------0----------
549     : ['~ep_epoch0(node0)', '~ep_epoch0(node1)', '~ep_epoch1(node0)', '~ep_epoch1(node1)', '~ep_epoch2(node0)', '~locked_epoch2(node1)']
548     : 00--000-------0-----------
548     : ['~ep_epoch0(node0)', '~ep_epoch0(node1)', '~ep_epoch1(node0)', '~ep_epoch1(node1)', '~ep_epoch2(node1)', '~locked_epoch2(node0)']
num_forall :   0
num_exists :   0
num_literals : 0
quantified form : None
qcost : 0


=== Prime Orbit 219 =====================
size : 1
num_suborbits: 1
524 (*) : 00-000-0------------------
524     : ['~ep_epoch0(node0)', '~ep_epoch0(node1)', '~ep_epoch1(node0)', '~ep_epoch1(node1)', '~ep_epoch3(node0)', '~ep_epoch3(node1)']
num_forall :   0
num_exists :   0
num_literals : 0
quantified form : None
qcost : 0


=== Prime Orbit 220 =====================
size : 2
num_suborbits: 1
518 (*) : 00-000---0----------------
518     : ['~ep_epoch0(node0)', '~ep_epoch0(node1)', '~ep_epoch1(node0)', '~ep_epoch1(node1)', '~ep_epoch3(node0)', '~held(node1)']
519     : 00--00-00-----------------
519     : ['~ep_epoch0(node0)', '~ep_epoch0(node1)', '~ep_epoch1(node0)', '~ep_epoch1(node1)', '~ep_epoch3(node1)', '~held(node0)']
num_forall :   0
num_exists :   0
num_literals : 0
quantified form : None
qcost : 0


=== Prime Orbit 221 =====================
size : 1
num_suborbits: 1
530 (*) : 00--00--00----------------
530     : ['~ep_epoch0(node0)', '~ep_epoch0(node1)', '~ep_epoch1(node0)', '~ep_epoch1(node1)', '~held(node0)', '~held(node1)']
num_forall :   0
num_exists :   0
num_literals : 0
quantified form : None
qcost : 0


=== Prime Orbit 222 =====================
size : 1
num_suborbits: 1
550 (*) : 00--00--------00----------
550     : ['~ep_epoch0(node0)', '~ep_epoch0(node1)', '~ep_epoch1(node0)', '~ep_epoch1(node1)', '~locked_epoch2(node0)', '~locked_epoch2(node1)']
num_forall :   0
num_exists :   0
num_literals : 0
quantified form : None
qcost : 0


=== Prime Orbit 223 =====================
size : 1
num_suborbits: 1
567 (*) : 0-000-00------------------
567     : ['~ep_epoch0(node0)', '~ep_epoch0(node1)', '~ep_epoch2(node0)', '~ep_epoch2(node1)', '~ep_epoch3(node0)', '~ep_epoch3(node1)']
num_forall :   0
num_exists :   0
num_literals : 0
quantified form : None
qcost : 0


=== Prime Orbit 224 =====================
size : 2
num_suborbits: 1
568 (*) : 0-000-0--0----------------
568     : ['~ep_epoch0(node0)', '~ep_epoch0(node1)', '~ep_epoch2(node0)', '~ep_epoch2(node1)', '~ep_epoch3(node0)', '~held(node1)']
569     : 0-0-0-000-----------------
569     : ['~ep_epoch0(node0)', '~ep_epoch0(node1)', '~ep_epoch2(node0)', '~ep_epoch2(node1)', '~ep_epoch3(node1)', '~held(node0)']
num_forall :   0
num_exists :   0
num_literals : 0
quantified form : None
qcost : 0


=== Prime Orbit 225 =====================
size : 1
num_suborbits: 1
571 (*) : 0-0-0-0-00----------------
571     : ['~ep_epoch0(node0)', '~ep_epoch0(node1)', '~ep_epoch2(node0)', '~ep_epoch2(node1)', '~held(node0)', '~held(node1)']
num_forall :   0
num_exists :   0
num_literals : 0
quantified form : None
qcost : 0


=== Prime Orbit 226 =====================
size : 2
num_suborbits: 1
547 (*) : 0-000--0-------0----------
547     : ['~ep_epoch0(node0)', '~ep_epoch0(node1)', '~ep_epoch2(node0)', '~ep_epoch3(node0)', '~ep_epoch3(node1)', '~locked_epoch2(node1)']
546     : 0--00-00------0-----------
546     : ['~ep_epoch0(node0)', '~ep_epoch0(node1)', '~ep_epoch2(node1)', '~ep_epoch3(node0)', '~ep_epoch3(node1)', '~locked_epoch2(node0)']
num_forall :   0
num_exists :   0
num_literals : 0
quantified form : None
qcost : 0


=== Prime Orbit 227 =====================
size : 4
num_suborbits: 2
557 (*) : 0-000----0-----0----------
557     : ['~ep_epoch0(node0)', '~ep_epoch0(node1)', '~ep_epoch2(node0)', '~ep_epoch3(node0)', '~held(node1)', '~locked_epoch2(node1)']
542     : 0-0-0--00------0----------
542     : ['~ep_epoch0(node0)', '~ep_epoch0(node1)', '~ep_epoch2(node0)', '~ep_epoch3(node1)', '~held(node0)', '~locked_epoch2(node1)']
541     : 0--00-0--0----0-----------
541     : ['~ep_epoch0(node0)', '~ep_epoch0(node1)', '~ep_epoch2(node1)', '~ep_epoch3(node0)', '~held(node1)', '~locked_epoch2(node0)']
556     : 0---0-000-----0-----------
556     : ['~ep_epoch0(node0)', '~ep_epoch0(node1)', '~ep_epoch2(node1)', '~ep_epoch3(node1)', '~held(node0)', '~locked_epoch2(node0)']
num_forall :   0
num_exists :   0
num_literals : 0
quantified form : None
qcost : 0


=== Prime Orbit 228 =====================
size : 2
num_suborbits: 1
560 (*) : 0-0-0---00-----0----------
560     : ['~ep_epoch0(node0)', '~ep_epoch0(node1)', '~ep_epoch2(node0)', '~held(node0)', '~held(node1)', '~locked_epoch2(node1)']
559     : 0---0-0-00----0-----------
559     : ['~ep_epoch0(node0)', '~ep_epoch0(node1)', '~ep_epoch2(node1)', '~held(node0)', '~held(node1)', '~locked_epoch2(node0)']
num_forall :   0
num_exists :   0
num_literals : 0
quantified form : None
qcost : 0


=== Prime Orbit 229 =====================
size : 1
num_suborbits: 1
545 (*) : 0--00--0------00----------
545     : ['~ep_epoch0(node0)', '~ep_epoch0(node1)', '~ep_epoch3(node0)', '~ep_epoch3(node1)', '~locked_epoch2(node0)', '~locked_epoch2(node1)']
num_forall :   0
num_exists :   0
num_literals : 0
quantified form : None
qcost : 0


=== Prime Orbit 230 =====================
size : 2
num_suborbits: 1
543 (*) : 0--00----0----00----------
543     : ['~ep_epoch0(node0)', '~ep_epoch0(node1)', '~ep_epoch3(node0)', '~held(node1)', '~locked_epoch2(node0)', '~locked_epoch2(node1)']
544     : 0---0--00-----00----------
544     : ['~ep_epoch0(node0)', '~ep_epoch0(node1)', '~ep_epoch3(node1)', '~held(node0)', '~locked_epoch2(node0)', '~locked_epoch2(node1)']
num_forall :   0
num_exists :   0
num_literals : 0
quantified form : None
qcost : 0


=== Prime Orbit 231 =====================
size : 1
num_suborbits: 1
558 (*) : 0---0---00----00----------
558     : ['~ep_epoch0(node0)', '~ep_epoch0(node1)', '~held(node0)', '~held(node1)', '~locked_epoch2(node0)', '~locked_epoch2(node1)']
num_forall :   0
num_exists :   0
num_literals : 0
quantified form : None
qcost : 0


=== Prime Orbit 232 =====================
size : 1
num_suborbits: 1
527 (*) : 0---0---00--------------00
527     : ['~ep_epoch0(node0)', '~ep_epoch0(node1)', '~held(node0)', '~held(node1)', '~transfer_epoch3(node0)', '~transfer_epoch3(node1)']
num_forall :   0
num_exists :   0
num_literals : 0
quantified form : None
qcost : 0


=== Prime Orbit 233 =====================
size : 2
num_suborbits: 1
521 (*) : 00-----00---------------00
521     : ['~ep_epoch0(node0)', '~ep_epoch1(node0)', '~ep_epoch3(node1)', '~held(node0)', '~transfer_epoch3(node0)', '~transfer_epoch3(node1)']
520     : ---000---0--------------00
520     : ['~ep_epoch0(node1)', '~ep_epoch1(node1)', '~ep_epoch3(node0)', '~held(node1)', '~transfer_epoch3(node0)', '~transfer_epoch3(node1)']
num_forall :   0
num_exists :   0
num_literals : 0
quantified form : None
qcost : 0


=== Prime Orbit 234 =====================
size : 2
num_suborbits: 1
529 (*) : 00------00--------------00
529     : ['~ep_epoch0(node0)', '~ep_epoch1(node0)', '~held(node0)', '~held(node1)', '~transfer_epoch3(node0)', '~transfer_epoch3(node1)']
528     : ----00--00--------------00
528     : ['~ep_epoch0(node1)', '~ep_epoch1(node1)', '~held(node0)', '~held(node1)', '~transfer_epoch3(node0)', '~transfer_epoch3(node1)']
num_forall :   0
num_exists :   0
num_literals : 0
quantified form : None
qcost : 0


=== Prime Orbit 235 =====================
size : 2
num_suborbits: 1
517 (*) : 0------00---0-----------00
517     : ['~ep_epoch0(node0)', '~ep_epoch3(node1)', '~held(node0)', '~locked_epoch1(node0)', '~transfer_epoch3(node0)', '~transfer_epoch3(node1)']
516     : ---00----0---0----------00
516     : ['~ep_epoch0(node1)', '~ep_epoch3(node0)', '~held(node1)', '~locked_epoch1(node1)', '~transfer_epoch3(node0)', '~transfer_epoch3(node1)']
num_forall :   0
num_exists :   0
num_literals : 0
quantified form : None
qcost : 0


=== Prime Orbit 236 =====================
size : 2
num_suborbits: 1
515 (*) : 0-------00--0-----------00
515     : ['~ep_epoch0(node0)', '~held(node0)', '~held(node1)', '~locked_epoch1(node0)', '~transfer_epoch3(node0)', '~transfer_epoch3(node1)']
514     : ----0---00---0----------00
514     : ['~ep_epoch0(node1)', '~held(node0)', '~held(node1)', '~locked_epoch1(node1)', '~transfer_epoch3(node0)', '~transfer_epoch3(node1)']
num_forall :   0
num_exists :   0
num_literals : 0
quantified form : None
qcost : 0


=== Prime Orbit 237 =====================
size : 1
num_suborbits: 1
566 (*) : -000-000------------------
566     : ['~ep_epoch1(node0)', '~ep_epoch1(node1)', '~ep_epoch2(node0)', '~ep_epoch2(node1)', '~ep_epoch3(node0)', '~ep_epoch3(node1)']
num_forall :   0
num_exists :   0
num_literals : 0
quantified form : None
qcost : 0


=== Prime Orbit 238 =====================
size : 2
num_suborbits: 1
564 (*) : -000-00--0----------------
564     : ['~ep_epoch1(node0)', '~ep_epoch1(node1)', '~ep_epoch2(node0)', '~ep_epoch2(node1)', '~ep_epoch3(node0)', '~held(node1)']
565     : -00--0000-----------------
565     : ['~ep_epoch1(node0)', '~ep_epoch1(node1)', '~ep_epoch2(node0)', '~ep_epoch2(node1)', '~ep_epoch3(node1)', '~held(node0)']
num_forall :   0
num_exists :   0
num_literals : 0
quantified form : None
qcost : 0


=== Prime Orbit 239 =====================
size : 1
num_suborbits: 1
572 (*) : -00--00-00----------------
572     : ['~ep_epoch1(node0)', '~ep_epoch1(node1)', '~ep_epoch2(node0)', '~ep_epoch2(node1)', '~held(node0)', '~held(node1)']
num_forall :   0
num_exists :   0
num_literals : 0
quantified form : None
qcost : 0


=== Prime Orbit 240 =====================
size : 2
num_suborbits: 1
553 (*) : -000-0-0-------0----------
553     : ['~ep_epoch1(node0)', '~ep_epoch1(node1)', '~ep_epoch2(node0)', '~ep_epoch3(node0)', '~ep_epoch3(node1)', '~locked_epoch2(node1)']
552     : -0-0-000------0-----------
552     : ['~ep_epoch1(node0)', '~ep_epoch1(node1)', '~ep_epoch2(node1)', '~ep_epoch3(node0)', '~ep_epoch3(node1)', '~locked_epoch2(node0)']
num_forall :   0
num_exists :   0
num_literals : 0
quantified form : None
qcost : 0


=== Prime Orbit 241 =====================
size : 4
num_suborbits: 2
555 (*) : -000-0---0-----0----------
555     : ['~ep_epoch1(node0)', '~ep_epoch1(node1)', '~ep_epoch2(node0)', '~ep_epoch3(node0)', '~held(node1)', '~locked_epoch2(node1)']
538     : -00--0-00------0----------
538     : ['~ep_epoch1(node0)', '~ep_epoch1(node1)', '~ep_epoch2(node0)', '~ep_epoch3(node1)', '~held(node0)', '~locked_epoch2(node1)']
537     : -0-0-00--0----0-----------
537     : ['~ep_epoch1(node0)', '~ep_epoch1(node1)', '~ep_epoch2(node1)', '~ep_epoch3(node0)', '~held(node1)', '~locked_epoch2(node0)']
554     : -0---0000-----0-----------
554     : ['~ep_epoch1(node0)', '~ep_epoch1(node1)', '~ep_epoch2(node1)', '~ep_epoch3(node1)', '~held(node0)', '~locked_epoch2(node0)']
num_forall :   0
num_exists :   0
num_literals : 0
quantified form : None
qcost : 0


=== Prime Orbit 242 =====================
size : 2
num_suborbits: 1
563 (*) : -00--0--00-----0----------
563     : ['~ep_epoch1(node0)', '~ep_epoch1(node1)', '~ep_epoch2(node0)', '~held(node0)', '~held(node1)', '~locked_epoch2(node1)']
562     : -0---00-00----0-----------
562     : ['~ep_epoch1(node0)', '~ep_epoch1(node1)', '~ep_epoch2(node1)', '~held(node0)', '~held(node1)', '~locked_epoch2(node0)']
num_forall :   0
num_exists :   0
num_literals : 0
quantified form : None
qcost : 0


=== Prime Orbit 243 =====================
size : 1
num_suborbits: 1
551 (*) : -0-0-0-0------00----------
551     : ['~ep_epoch1(node0)', '~ep_epoch1(node1)', '~ep_epoch3(node0)', '~ep_epoch3(node1)', '~locked_epoch2(node0)', '~locked_epoch2(node1)']
num_forall :   0
num_exists :   0
num_literals : 0
quantified form : None
qcost : 0


=== Prime Orbit 244 =====================
size : 2
num_suborbits: 1
539 (*) : -0-0-0---0----00----------
539     : ['~ep_epoch1(node0)', '~ep_epoch1(node1)', '~ep_epoch3(node0)', '~held(node1)', '~locked_epoch2(node0)', '~locked_epoch2(node1)']
540     : -0---0-00-----00----------
540     : ['~ep_epoch1(node0)', '~ep_epoch1(node1)', '~ep_epoch3(node1)', '~held(node0)', '~locked_epoch2(node0)', '~locked_epoch2(node1)']
num_forall :   0
num_exists :   0
num_literals : 0
quantified form : None
qcost : 0


=== Prime Orbit 245 =====================
size : 1
num_suborbits: 1
561 (*) : -0---0--00----00----------
561     : ['~ep_epoch1(node0)', '~ep_epoch1(node1)', '~held(node0)', '~held(node1)', '~locked_epoch2(node0)', '~locked_epoch2(node1)']
num_forall :   0
num_exists :   0
num_literals : 0
quantified form : None
qcost : 0


=== Prime Orbit 246 =====================
size : 1
num_suborbits: 1
533 (*) : -0---0--00--------------00
533     : ['~ep_epoch1(node0)', '~ep_epoch1(node1)', '~held(node0)', '~held(node1)', '~transfer_epoch3(node0)', '~transfer_epoch3(node1)']
num_forall :   0
num_exists :   0
num_literals : 0
quantified form : None
qcost : 0


=== Prime Orbit 247 =====================
size : 2
num_suborbits: 1
510 (*) : -0-----00----0----------00
510     : ['~ep_epoch1(node0)', '~ep_epoch3(node1)', '~held(node0)', '~locked_epoch1(node1)', '~transfer_epoch3(node0)', '~transfer_epoch3(node1)']
511     : ---0-0---0--0-----------00
511     : ['~ep_epoch1(node1)', '~ep_epoch3(node0)', '~held(node1)', '~locked_epoch1(node0)', '~transfer_epoch3(node0)', '~transfer_epoch3(node1)']
num_forall :   0
num_exists :   0
num_literals : 0
quantified form : None
qcost : 0


=== Prime Orbit 248 =====================
size : 2
num_suborbits: 1
512 (*) : -0------00---0----------00
512     : ['~ep_epoch1(node0)', '~held(node0)', '~held(node1)', '~locked_epoch1(node1)', '~transfer_epoch3(node0)', '~transfer_epoch3(node1)']
513     : -----0--00--0-----------00
513     : ['~ep_epoch1(node1)', '~held(node0)', '~held(node1)', '~locked_epoch1(node0)', '~transfer_epoch3(node0)', '~transfer_epoch3(node1)']
num_forall :   0
num_exists :   0
num_literals : 0
quantified form : None
qcost : 0


=== Prime Orbit 249 =====================
size : 1
num_suborbits: 1
534 (*) : --------00------------0000
534     : ['~held(node0)', '~held(node1)', '~transfer_epoch2(node0)', '~transfer_epoch2(node1)', '~transfer_epoch3(node0)', '~transfer_epoch3(node1)']
num_forall :   0
num_exists :   0
num_literals : 0
quantified form : None
qcost : 0


=== Prime Orbit 250 =====================
size : 2
num_suborbits: 1
578 (*) : 0-000----0--------------00
578     : ['~ep_epoch0(node0)', '~ep_epoch0(node1)', '~ep_epoch2(node0)', '~ep_epoch3(node0)', '~held(node1)', '~transfer_epoch3(node0)', '~transfer_epoch3(node1)']
577     : 0---0-000---------------00
577     : ['~ep_epoch0(node0)', '~ep_epoch0(node1)', '~ep_epoch2(node1)', '~ep_epoch3(node1)', '~held(node0)', '~transfer_epoch3(node0)', '~transfer_epoch3(node1)']
num_forall :   0
num_exists :   0
num_literals : 0
quantified form : None
qcost : 0


=== Prime Orbit 251 =====================
size : 2
num_suborbits: 1
575 (*) : 0--00----0----0---------00
575     : ['~ep_epoch0(node0)', '~ep_epoch0(node1)', '~ep_epoch3(node0)', '~held(node1)', '~locked_epoch2(node0)', '~transfer_epoch3(node0)', '~transfer_epoch3(node1)']
576     : 0---0--00------0--------00
576     : ['~ep_epoch0(node0)', '~ep_epoch0(node1)', '~ep_epoch3(node1)', '~held(node0)', '~locked_epoch2(node1)', '~transfer_epoch3(node0)', '~transfer_epoch3(node1)']
num_forall :   0
num_exists :   0
num_literals : 0
quantified form : None
qcost : 0


=== Prime Orbit 252 =====================
size : 2
num_suborbits: 1
579 (*) : -000-0---0--------------00
579     : ['~ep_epoch1(node0)', '~ep_epoch1(node1)', '~ep_epoch2(node0)', '~ep_epoch3(node0)', '~held(node1)', '~transfer_epoch3(node0)', '~transfer_epoch3(node1)']
580     : -0---0000---------------00
580     : ['~ep_epoch1(node0)', '~ep_epoch1(node1)', '~ep_epoch2(node1)', '~ep_epoch3(node1)', '~held(node0)', '~transfer_epoch3(node0)', '~transfer_epoch3(node1)']
num_forall :   0
num_exists :   0
num_literals : 0
quantified form : None
qcost : 0


=== Prime Orbit 253 =====================
size : 2
num_suborbits: 1
573 (*) : -0-0-0---0----0---------00
573     : ['~ep_epoch1(node0)', '~ep_epoch1(node1)', '~ep_epoch3(node0)', '~held(node1)', '~locked_epoch2(node0)', '~transfer_epoch3(node0)', '~transfer_epoch3(node1)']
574     : -0---0-00------0--------00
574     : ['~ep_epoch1(node0)', '~ep_epoch1(node1)', '~ep_epoch3(node1)', '~held(node0)', '~locked_epoch2(node1)', '~transfer_epoch3(node0)', '~transfer_epoch3(node1)']
num_forall :   0
num_exists :   0
num_literals : 0
quantified form : None
qcost : 0


=== Prime Orbit 254 =====================
size : 2
num_suborbits: 1
583 (*) : -1----000-------------0000
583     : ['ep_epoch1(node0)', '~ep_epoch2(node1)', '~ep_epoch3(node1)', '~held(node0)', '~transfer_epoch2(node0)', '~transfer_epoch2(node1)', '~transfer_epoch3(node0)', '~transfer_epoch3(node1)']
584     : --00-1---0------------0000
584     : ['ep_epoch1(node1)', '~ep_epoch2(node0)', '~ep_epoch3(node0)', '~held(node1)', '~transfer_epoch2(node0)', '~transfer_epoch2(node1)', '~transfer_epoch3(node0)', '~transfer_epoch3(node1)']
num_forall :   0
num_exists :   0
num_literals : 0
quantified form : None
qcost : 0


=== Prime Orbit 255 =====================
size : 2
num_suborbits: 1
581 (*) : -1-----00------0------0000
581     : ['ep_epoch1(node0)', '~ep_epoch3(node1)', '~held(node0)', '~locked_epoch2(node1)', '~transfer_epoch2(node0)', '~transfer_epoch2(node1)', '~transfer_epoch3(node0)', '~transfer_epoch3(node1)']
582     : ---0-1---0----0-------0000
582     : ['ep_epoch1(node1)', '~ep_epoch3(node0)', '~held(node1)', '~locked_epoch2(node0)', '~transfer_epoch2(node0)', '~transfer_epoch2(node1)', '~transfer_epoch3(node0)', '~transfer_epoch3(node1)']
num_forall :   0
num_exists :   0
num_literals : 0
quantified form : None
qcost : 0


=== Prime Orbit 256 =====================
size : 2
num_suborbits: 1
600 (*) : ------000---1---------0000
600     : ['locked_epoch1(node0)', '~ep_epoch2(node1)', '~ep_epoch3(node1)', '~held(node0)', '~transfer_epoch2(node0)', '~transfer_epoch2(node1)', '~transfer_epoch3(node0)', '~transfer_epoch3(node1)']
599     : --00-----0---1--------0000
599     : ['locked_epoch1(node1)', '~ep_epoch2(node0)', '~ep_epoch3(node0)', '~held(node1)', '~transfer_epoch2(node0)', '~transfer_epoch2(node1)', '~transfer_epoch3(node0)', '~transfer_epoch3(node1)']
num_forall :   0
num_exists :   0
num_literals : 0
quantified form : None
qcost : 0


=== Prime Orbit 257 =====================
size : 2
num_suborbits: 1
596 (*) : -------00---1--0------0000
596     : ['locked_epoch1(node0)', '~ep_epoch3(node1)', '~held(node0)', '~locked_epoch2(node1)', '~transfer_epoch2(node0)', '~transfer_epoch2(node1)', '~transfer_epoch3(node0)', '~transfer_epoch3(node1)']
595     : ---0-----0---10-------0000
595     : ['locked_epoch1(node1)', '~ep_epoch3(node0)', '~held(node1)', '~locked_epoch2(node0)', '~transfer_epoch2(node0)', '~transfer_epoch2(node1)', '~transfer_epoch3(node0)', '~transfer_epoch3(node1)']
num_forall :   0
num_exists :   0
num_literals : 0
quantified form : None
qcost : 0


=== Prime Orbit 258 =====================
size : 2
num_suborbits: 1
588 (*) : 0-----000-------------0000
588     : ['~ep_epoch0(node0)', '~ep_epoch2(node1)', '~ep_epoch3(node1)', '~held(node0)', '~transfer_epoch2(node0)', '~transfer_epoch2(node1)', '~transfer_epoch3(node0)', '~transfer_epoch3(node1)']
587     : --000----0------------0000
587     : ['~ep_epoch0(node1)', '~ep_epoch2(node0)', '~ep_epoch3(node0)', '~held(node1)', '~transfer_epoch2(node0)', '~transfer_epoch2(node1)', '~transfer_epoch3(node0)', '~transfer_epoch3(node1)']
num_forall :   0
num_exists :   0
num_literals : 0
quantified form : None
qcost : 0


=== Prime Orbit 259 =====================
size : 2
num_suborbits: 1
590 (*) : 0------00------0------0000
590     : ['~ep_epoch0(node0)', '~ep_epoch3(node1)', '~held(node0)', '~locked_epoch2(node1)', '~transfer_epoch2(node0)', '~transfer_epoch2(node1)', '~transfer_epoch3(node0)', '~transfer_epoch3(node1)']
589     : ---00----0----0-------0000
589     : ['~ep_epoch0(node1)', '~ep_epoch3(node0)', '~held(node1)', '~locked_epoch2(node0)', '~transfer_epoch2(node0)', '~transfer_epoch2(node1)', '~transfer_epoch3(node0)', '~transfer_epoch3(node1)']
num_forall :   0
num_exists :   0
num_literals : 0
quantified form : None
qcost : 0


=== Prime Orbit 260 =====================
size : 2
num_suborbits: 1
585 (*) : -000-----0------------0000
585     : ['~ep_epoch1(node0)', '~ep_epoch2(node0)', '~ep_epoch3(node0)', '~held(node1)', '~transfer_epoch2(node0)', '~transfer_epoch2(node1)', '~transfer_epoch3(node0)', '~transfer_epoch3(node1)']
586     : -----0000-------------0000
586     : ['~ep_epoch1(node1)', '~ep_epoch2(node1)', '~ep_epoch3(node1)', '~held(node0)', '~transfer_epoch2(node0)', '~transfer_epoch2(node1)', '~transfer_epoch3(node0)', '~transfer_epoch3(node1)']
num_forall :   0
num_exists :   0
num_literals : 0
quantified form : None
qcost : 0


=== Prime Orbit 261 =====================
size : 2
num_suborbits: 1
591 (*) : -0-0-----0----0-------0000
591     : ['~ep_epoch1(node0)', '~ep_epoch3(node0)', '~held(node1)', '~locked_epoch2(node0)', '~transfer_epoch2(node0)', '~transfer_epoch2(node1)', '~transfer_epoch3(node0)', '~transfer_epoch3(node1)']
592     : -----0-00------0------0000
592     : ['~ep_epoch1(node1)', '~ep_epoch3(node1)', '~held(node0)', '~locked_epoch2(node1)', '~transfer_epoch2(node0)', '~transfer_epoch2(node1)', '~transfer_epoch3(node0)', '~transfer_epoch3(node1)']
num_forall :   0
num_exists :   0
num_literals : 0
quantified form : None
qcost : 0


=== Prime Orbit 262 =====================
size : 2
num_suborbits: 1
597 (*) : --00-----0--0---------0000
597     : ['~ep_epoch2(node0)', '~ep_epoch3(node0)', '~held(node1)', '~locked_epoch1(node0)', '~transfer_epoch2(node0)', '~transfer_epoch2(node1)', '~transfer_epoch3(node0)', '~transfer_epoch3(node1)']
598     : ------000----0--------0000
598     : ['~ep_epoch2(node1)', '~ep_epoch3(node1)', '~held(node0)', '~locked_epoch1(node1)', '~transfer_epoch2(node0)', '~transfer_epoch2(node1)', '~transfer_epoch3(node0)', '~transfer_epoch3(node1)']
num_forall :   0
num_exists :   0
num_literals : 0
quantified form : None
qcost : 0


=== Prime Orbit 263 =====================
size : 2
num_suborbits: 1
593 (*) : ---0-----0--0-0-------0000
593     : ['~ep_epoch3(node0)', '~held(node1)', '~locked_epoch1(node0)', '~locked_epoch2(node0)', '~transfer_epoch2(node0)', '~transfer_epoch2(node1)', '~transfer_epoch3(node0)', '~transfer_epoch3(node1)']
594     : -------00----0-0------0000
594     : ['~ep_epoch3(node1)', '~held(node0)', '~locked_epoch1(node1)', '~locked_epoch2(node1)', '~transfer_epoch2(node0)', '~transfer_epoch2(node1)', '~transfer_epoch3(node0)', '~transfer_epoch3(node1)']
num_forall :   0
num_exists :   0
num_literals : 0
quantified form : None
qcost : 0



[PRIME NOTE]: number of orbits after merging: 264

[PRIME NOTE]: number of orbits before merging: 313

[PRIME NOTE]: number of primes: 601

[QRM NOTE]: Time elapsed since start: 7.219 seconds

[QRM NOTE]: Time elapsed since last: 0.262 seconds

[QRM NOTE]: Peak memory: 1803221 bytes


==================================================================================================

	[RED]: PRIME REDUCTION on [ivybench/total/ivy/distributed_lock.ivy: node=2,epoch=4]

==================================================================================================

[QRM NOTE]: Time elapsed since start: 7.233 seconds

[QRM NOTE]: Time elapsed since last: 0.015 seconds

[QRM NOTE]: Peak memory: 1440776 bytes


======================================================================================================

	[QI]: Quantifier Inference on [ivybench/total/ivy/distributed_lock.ivy: node=2,epoch=4]

======================================================================================================


================================================================================================================

	[QI RESULT]: Quantified Prime Orbits on [ivybench/total/ivy/distributed_lock.ivy: node=2,epoch=4]

================================================================================================================


=== Prime Orbit 0 =====================
size : 2
num_suborbits: 1
0 (*) : ----------1---------------
0     : ['locked_epoch0(node0)']
1     : -----------1--------------
1     : ['locked_epoch0(node1)']
num_forall :   1
num_exists :   0
num_literals : 1
quantified form : forall NODE0. ~locked_epoch0(NODE0)
qcost : 2




=== Prime Orbit 1 =====================
size : 1
num_suborbits: 1
47 (*) : 1---1---------------------
47     : ['ep_epoch0(node0)', 'ep_epoch0(node1)']
num_forall :   0
num_exists :   1
num_literals : 1
quantified form : exists NODE0. ~ep_epoch0(NODE0)
qcost : 2




=== Prime Orbit 2 =====================
size : 2
num_suborbits: 1
27 (*) : 11------------------------
27     : ['ep_epoch0(node0)', 'ep_epoch1(node0)']
28     : ----11--------------------
28     : ['ep_epoch0(node1)', 'ep_epoch1(node1)']
num_forall :   1
num_exists :   0
num_literals : 2
quantified form : forall NODE0. ~ep_epoch0(NODE0) | ~ep_epoch1(NODE0)
qcost : 3




=== Prime Orbit 3 =====================
size : 2
num_suborbits: 1
15 (*) : 1-1-----------------------
15     : ['ep_epoch0(node0)', 'ep_epoch2(node0)']
16     : ----1-1-------------------
16     : ['ep_epoch0(node1)', 'ep_epoch2(node1)']
num_forall :   1
num_exists :   0
num_literals : 2
quantified form : forall NODE0. ~ep_epoch0(NODE0) | ~ep_epoch2(NODE0)
qcost : 3




=== Prime Orbit 4 =====================
size : 2
num_suborbits: 1
23 (*) : 1--1----------------------
23     : ['ep_epoch0(node0)', 'ep_epoch3(node0)']
24     : ----1--1------------------
24     : ['ep_epoch0(node1)', 'ep_epoch3(node1)']
num_forall :   1
num_exists :   0
num_literals : 2
quantified form : forall NODE0. ~ep_epoch0(NODE0) | ~ep_epoch3(NODE0)
qcost : 3




=== Prime Orbit 5 =====================
size : 2
num_suborbits: 1
46 (*) : 1-------1-----------------
46     : ['ep_epoch0(node0)', 'held(node0)']
45     : ----1----1----------------
45     : ['ep_epoch0(node1)', 'held(node1)']
num_forall :   1
num_exists :   0
num_literals : 2
quantified form : forall NODE0. ~ep_epoch0(NODE0) | ~held(NODE0)
qcost : 3




=== Prime Orbit 6 =====================
size : 2
num_suborbits: 1
37 (*) : 1-----------1-------------
37     : ['ep_epoch0(node0)', 'locked_epoch1(node0)']
38     : ----1--------1------------
38     : ['ep_epoch0(node1)', 'locked_epoch1(node1)']
num_forall :   1
num_exists :   0
num_literals : 2
quantified form : forall NODE0. ~ep_epoch0(NODE0) | ~locked_epoch1(NODE0)
qcost : 3




=== Prime Orbit 7 =====================
size : 2
num_suborbits: 1
2 (*) : 1-------------1-----------
2     : ['ep_epoch0(node0)', 'locked_epoch2(node0)']
3     : ----1----------1----------
3     : ['ep_epoch0(node1)', 'locked_epoch2(node1)']
num_forall :   1
num_exists :   0
num_literals : 2
quantified form : forall NODE0. ~ep_epoch0(NODE0) | ~locked_epoch2(NODE0)
qcost : 3




=== Prime Orbit 8 =====================
size : 2
num_suborbits: 1
39 (*) : 1------------0------------
39     : ['ep_epoch0(node0)', '~locked_epoch1(node1)']
40     : ----1-------0-------------
40     : ['ep_epoch0(node1)', '~locked_epoch1(node0)']
num_forall :   2
num_exists :   0
num_literals : 3
quantified form : forall NODE0,NODE1. ~ep_epoch0(NODE0) | locked_epoch1(NODE1) | NODE0 = NODE1
qcost : 5




=== Prime Orbit 9 =====================
size : 1
num_suborbits: 1
61 (*) : -1---1--------------------
61     : ['ep_epoch1(node0)', 'ep_epoch1(node1)']
num_forall :   0
num_exists :   1
num_literals : 1
quantified form : exists NODE0. ~ep_epoch1(NODE0)
qcost : 2




=== Prime Orbit 10 =====================
size : 2
num_suborbits: 1
17 (*) : -11-----------------------
17     : ['ep_epoch1(node0)', 'ep_epoch2(node0)']
18     : -----11-------------------
18     : ['ep_epoch1(node1)', 'ep_epoch2(node1)']
num_forall :   1
num_exists :   0
num_literals : 2
quantified form : forall NODE0. ~ep_epoch1(NODE0) | ~ep_epoch2(NODE0)
qcost : 3




=== Prime Orbit 11 =====================
size : 2
num_suborbits: 1
25 (*) : -1-1----------------------
25     : ['ep_epoch1(node0)', 'ep_epoch3(node0)']
26     : -----1-1------------------
26     : ['ep_epoch1(node1)', 'ep_epoch3(node1)']
num_forall :   1
num_exists :   0
num_literals : 2
quantified form : forall NODE0. ~ep_epoch1(NODE0) | ~ep_epoch3(NODE0)
qcost : 3




=== Prime Orbit 12 =====================
size : 2
num_suborbits: 1
41 (*) : -1-----------1------------
41     : ['ep_epoch1(node0)', 'locked_epoch1(node1)']
42     : -----1------1-------------
42     : ['ep_epoch1(node1)', 'locked_epoch1(node0)']
num_forall :   2
num_exists :   0
num_literals : 3
quantified form : forall NODE0,NODE1. ~ep_epoch1(NODE0) | ~locked_epoch1(NODE1) | NODE0 = NODE1
qcost : 5




=== Prime Orbit 13 =====================
size : 2
num_suborbits: 1
4 (*) : -1------------1-----------
4     : ['ep_epoch1(node0)', 'locked_epoch2(node0)']
5     : -----1---------1----------
5     : ['ep_epoch1(node1)', 'locked_epoch2(node1)']
num_forall :   1
num_exists :   0
num_literals : 2
quantified form : forall NODE0. ~ep_epoch1(NODE0) | ~locked_epoch2(NODE0)
qcost : 3




=== Prime Orbit 14 =====================
size : 2
num_suborbits: 1
35 (*) : -1----------0-------------
35     : ['ep_epoch1(node0)', '~locked_epoch1(node0)']
36     : -----1-------0------------
36     : ['ep_epoch1(node1)', '~locked_epoch1(node1)']
num_forall :   1
num_exists :   0
num_literals : 2
quantified form : forall NODE0. ~ep_epoch1(NODE0) | locked_epoch1(NODE0)
qcost : 3




=== Prime Orbit 15 =====================
size : 1
num_suborbits: 1
64 (*) : --1---1-------------------
64     : ['ep_epoch2(node0)', 'ep_epoch2(node1)']
num_forall :   0
num_exists :   1
num_literals : 1
quantified form : exists NODE0. ~ep_epoch2(NODE0)
qcost : 2




=== Prime Orbit 16 =====================
size : 2
num_suborbits: 1
19 (*) : --11----------------------
19     : ['ep_epoch2(node0)', 'ep_epoch3(node0)']
20     : ------11------------------
20     : ['ep_epoch2(node1)', 'ep_epoch3(node1)']
num_forall :   1
num_exists :   0
num_literals : 2
quantified form : forall NODE0. ~ep_epoch2(NODE0) | ~ep_epoch3(NODE0)
qcost : 3




=== Prime Orbit 17 =====================
size : 2
num_suborbits: 1
9 (*) : --1------------1----------
9     : ['ep_epoch2(node0)', 'locked_epoch2(node1)']
8     : ------1-------1-----------
8     : ['ep_epoch2(node1)', 'locked_epoch2(node0)']
num_forall :   2
num_exists :   0
num_literals : 3
quantified form : forall NODE0,NODE1. ~ep_epoch2(NODE0) | ~locked_epoch2(NODE1) | NODE0 = NODE1
qcost : 5




=== Prime Orbit 18 =====================
size : 4
num_suborbits: 2
31 (*) : --1-------------------1---
31     : ['ep_epoch2(node0)', 'transfer_epoch2(node0)']
63     : --1--------------------1--
63     : ['ep_epoch2(node0)', 'transfer_epoch2(node1)']
62     : ------1---------------1---
62     : ['ep_epoch2(node1)', 'transfer_epoch2(node0)']
32     : ------1----------------1--
32     : ['ep_epoch2(node1)', 'transfer_epoch2(node1)']
num_forall :   2
num_exists :   0
num_literals : 2
quantified form : forall NODE0,NODE1. ~ep_epoch2(NODE0) | ~transfer_epoch2(NODE1)
qcost : 4




=== Prime Orbit 19 =====================
size : 2
num_suborbits: 1
13 (*) : --1-----------0-----------
13     : ['ep_epoch2(node0)', '~locked_epoch2(node0)']
14     : ------1--------0----------
14     : ['ep_epoch2(node1)', '~locked_epoch2(node1)']
num_forall :   1
num_exists :   0
num_literals : 2
quantified form : forall NODE0. ~ep_epoch2(NODE0) | locked_epoch2(NODE0)
qcost : 3




=== Prime Orbit 20 =====================
size : 1
num_suborbits: 1
55 (*) : ---1---1------------------
55     : ['ep_epoch3(node0)', 'ep_epoch3(node1)']
num_forall :   0
num_exists :   1
num_literals : 1
quantified form : exists NODE0. ~ep_epoch3(NODE0)
qcost : 2




=== Prime Orbit 21 =====================
size : 2
num_suborbits: 1
53 (*) : ---1-----1----------------
53     : ['ep_epoch3(node0)', 'held(node1)']
54     : -------11-----------------
54     : ['ep_epoch3(node1)', 'held(node0)']
num_forall :   2
num_exists :   0
num_literals : 3
quantified form : forall NODE0,NODE1. ~ep_epoch3(NODE0) | ~held(NODE1) | NODE0 = NODE1
qcost : 5




=== Prime Orbit 22 =====================
size : 4
num_suborbits: 2
33 (*) : ---1------------------1---
33     : ['ep_epoch3(node0)', 'transfer_epoch2(node0)']
59     : ---1-------------------1--
59     : ['ep_epoch3(node0)', 'transfer_epoch2(node1)']
58     : -------1--------------1---
58     : ['ep_epoch3(node1)', 'transfer_epoch2(node0)']
34     : -------1---------------1--
34     : ['ep_epoch3(node1)', 'transfer_epoch2(node1)']
num_forall :   2
num_exists :   0
num_literals : 2
quantified form : forall NODE0,NODE1. ~ep_epoch3(NODE0) | ~transfer_epoch2(NODE1)
qcost : 4




=== Prime Orbit 23 =====================
size : 4
num_suborbits: 2
52 (*) : ---1--------------------1-
52     : ['ep_epoch3(node0)', 'transfer_epoch3(node0)']
21     : ---1---------------------1
21     : ['ep_epoch3(node0)', 'transfer_epoch3(node1)']
22     : -------1----------------1-
22     : ['ep_epoch3(node1)', 'transfer_epoch3(node0)']
51     : -------1-----------------1
51     : ['ep_epoch3(node1)', 'transfer_epoch3(node1)']
num_forall :   2
num_exists :   0
num_literals : 2
quantified form : forall NODE0,NODE1. ~ep_epoch3(NODE0) | ~transfer_epoch3(NODE1)
qcost : 4




=== Prime Orbit 24 =====================
size : 2
num_suborbits: 1
44 (*) : ---1----0-----------------
44     : ['ep_epoch3(node0)', '~held(node0)']
43     : -------1-0----------------
43     : ['ep_epoch3(node1)', '~held(node1)']
num_forall :   1
num_exists :   0
num_literals : 2
quantified form : forall NODE0. ~ep_epoch3(NODE0) | held(NODE0)
qcost : 3




=== Prime Orbit 25 =====================
size : 1
num_suborbits: 1
67 (*) : --------11----------------
67     : ['held(node0)', 'held(node1)']
num_forall :   0
num_exists :   1
num_literals : 1
quantified form : exists NODE0. ~held(NODE0)
qcost : 2




=== Prime Orbit 26 =====================
size : 4
num_suborbits: 2
68 (*) : --------1-------------1---
68     : ['held(node0)', 'transfer_epoch2(node0)']
57     : --------1--------------1--
57     : ['held(node0)', 'transfer_epoch2(node1)']
56     : ---------1------------1---
56     : ['held(node1)', 'transfer_epoch2(node0)']
69     : ---------1-------------1--
69     : ['held(node1)', 'transfer_epoch2(node1)']
num_forall :   2
num_exists :   0
num_literals : 2
quantified form : forall NODE0,NODE1. ~held(NODE0) | ~transfer_epoch2(NODE1)
qcost : 4




=== Prime Orbit 27 =====================
size : 4
num_suborbits: 2
50 (*) : --------1---------------1-
50     : ['held(node0)', 'transfer_epoch3(node0)']
65     : --------1----------------1
65     : ['held(node0)', 'transfer_epoch3(node1)']
66     : ---------1--------------1-
66     : ['held(node1)', 'transfer_epoch3(node0)']
49     : ---------1---------------1
49     : ['held(node1)', 'transfer_epoch3(node1)']
num_forall :   2
num_exists :   0
num_literals : 2
quantified form : forall NODE0,NODE1. ~held(NODE0) | ~transfer_epoch3(NODE1)
qcost : 4




=== Prime Orbit 28 =====================
size : 1
num_suborbits: 1
60 (*) : ------------11------------
60     : ['locked_epoch1(node0)', 'locked_epoch1(node1)']
num_forall :   0
num_exists :   1
num_literals : 1
quantified form : exists NODE0. ~locked_epoch1(NODE0)
qcost : 2




=== Prime Orbit 29 =====================
size : 1
num_suborbits: 1
10 (*) : --------------11----------
10     : ['locked_epoch2(node0)', 'locked_epoch2(node1)']
num_forall :   0
num_exists :   1
num_literals : 1
quantified form : exists NODE0. ~locked_epoch2(NODE0)
qcost : 2




=== Prime Orbit 30 =====================
size : 4
num_suborbits: 2
6 (*) : --------------1-------1---
6     : ['locked_epoch2(node0)', 'transfer_epoch2(node0)']
11     : --------------1--------1--
11     : ['locked_epoch2(node0)', 'transfer_epoch2(node1)']
12     : ---------------1------1---
12     : ['locked_epoch2(node1)', 'transfer_epoch2(node0)']
7     : ---------------1-------1--
7     : ['locked_epoch2(node1)', 'transfer_epoch2(node1)']
num_forall :   2
num_exists :   0
num_literals : 2
quantified form : forall NODE0,NODE1. ~locked_epoch2(NODE0) | ~transfer_epoch2(NODE1)
qcost : 4




=== Prime Orbit 31 =====================
size : 1
num_suborbits: 1
70 (*) : ----------------------11--
70     : ['transfer_epoch2(node0)', 'transfer_epoch2(node1)']
num_forall :   0
num_exists :   1
num_literals : 1
quantified form : exists NODE0. ~transfer_epoch2(NODE0)
qcost : 2




=== Prime Orbit 32 =====================
size : 4
num_suborbits: 2
72 (*) : ----------------------1-1-
72     : ['transfer_epoch2(node0)', 'transfer_epoch3(node0)']
29     : ----------------------1--1
29     : ['transfer_epoch2(node0)', 'transfer_epoch3(node1)']
30     : -----------------------11-
30     : ['transfer_epoch2(node1)', 'transfer_epoch3(node0)']
71     : -----------------------1-1
71     : ['transfer_epoch2(node1)', 'transfer_epoch3(node1)']
num_forall :   2
num_exists :   0
num_literals : 2
quantified form : forall NODE0,NODE1. ~transfer_epoch2(NODE0) | ~transfer_epoch3(NODE1)
qcost : 4




=== Prime Orbit 33 =====================
size : 1
num_suborbits: 1
73 (*) : ------------------------11
73     : ['transfer_epoch3(node0)', 'transfer_epoch3(node1)']
num_forall :   0
num_exists :   1
num_literals : 1
quantified form : exists NODE0. ~transfer_epoch3(NODE0)
qcost : 2




=== Prime Orbit 34 =====================
size : 1
num_suborbits: 1
48 (*) : ------------00------------
48     : ['~locked_epoch1(node0)', '~locked_epoch1(node1)']
num_forall :   0
num_exists :   1
num_literals : 1
quantified form : exists NODE0. locked_epoch1(NODE0)
qcost : 2




=== Prime Orbit 35 =====================
size : 4
num_suborbits: 2
120 (*) : 1----0----------------1---
120     : ['ep_epoch0(node0)', 'transfer_epoch2(node0)', '~ep_epoch1(node1)']
97     : 1----0-----------------1--
97     : ['ep_epoch0(node0)', 'transfer_epoch2(node1)', '~ep_epoch1(node1)']
96     : -0--1-----------------1---
96     : ['ep_epoch0(node1)', 'transfer_epoch2(node0)', '~ep_epoch1(node0)']
121     : -0--1------------------1--
121     : ['ep_epoch0(node1)', 'transfer_epoch2(node1)', '~ep_epoch1(node0)']
num_forall :   3
num_exists :   0
num_literals : 7
quantified form : forall NODE2,NODE0,NODE1. ~ep_epoch0(NODE0) | ~transfer_epoch2(NODE1) | ep_epoch1(NODE2) | ((NODE1 ~= NODE2 | NODE0 = NODE1) & (NODE0 ~= NODE1 | NODE0 = NODE2))
qcost : 10




=== Prime Orbit 36 =====================
size : 2
num_suborbits: 1
74 (*) : -1----1-1-----------------
74     : ['ep_epoch1(node0)', 'ep_epoch2(node1)', 'held(node0)']
75     : --1--1---1----------------
75     : ['ep_epoch1(node1)', 'ep_epoch2(node0)', 'held(node1)']
num_forall :   2
num_exists :   0
num_literals : 4
quantified form : forall NODE0,NODE1. ~ep_epoch1(NODE0) | ~ep_epoch2(NODE1) | ~held(NODE0) | NODE0 = NODE1
qcost : 6




=== Prime Orbit 37 =====================
size : 2
num_suborbits: 1
78 (*) : -1------1------1----------
78     : ['ep_epoch1(node0)', 'held(node0)', 'locked_epoch2(node1)']
79     : -----1---1----1-----------
79     : ['ep_epoch1(node1)', 'held(node1)', 'locked_epoch2(node0)']
num_forall :   2
num_exists :   0
num_literals : 4
quantified form : forall NODE0,NODE1. ~ep_epoch1(NODE0) | ~held(NODE0) | ~locked_epoch2(NODE1) | NODE0 = NODE1
qcost : 6




=== Prime Orbit 38 =====================
size : 2
num_suborbits: 1
76 (*) : -1--0---1-----------------
76     : ['ep_epoch1(node0)', 'held(node0)', '~ep_epoch0(node1)']
77     : 0----1---1----------------
77     : ['ep_epoch1(node1)', 'held(node1)', '~ep_epoch0(node0)']
num_forall :   2
num_exists :   0
num_literals : 4
quantified form : forall NODE0,NODE1. ~ep_epoch1(NODE0) | ~held(NODE0) | ep_epoch0(NODE1) | NODE0 = NODE1
qcost : 6




=== Prime Orbit 39 =====================
size : 4
num_suborbits: 2
126 (*) : -1--0-----------------1---
126     : ['ep_epoch1(node0)', 'transfer_epoch2(node0)', '~ep_epoch0(node1)']
113     : -1--0------------------1--
113     : ['ep_epoch1(node0)', 'transfer_epoch2(node1)', '~ep_epoch0(node1)']
112     : 0----1----------------1---
112     : ['ep_epoch1(node1)', 'transfer_epoch2(node0)', '~ep_epoch0(node0)']
127     : 0----1-----------------1--
127     : ['ep_epoch1(node1)', 'transfer_epoch2(node1)', '~ep_epoch0(node0)']
num_forall :   3
num_exists :   0
num_literals : 7
quantified form : forall NODE2,NODE0,NODE1. ~ep_epoch1(NODE0) | ~transfer_epoch2(NODE1) | ep_epoch0(NODE2) | ((NODE1 ~= NODE2 | NODE0 = NODE1) & (NODE0 ~= NODE1 | NODE0 = NODE2))
qcost : 10




=== Prime Orbit 40 =====================
size : 2
num_suborbits: 1
90 (*) : --1----0-1----------------
90     : ['ep_epoch2(node0)', 'held(node1)', '~ep_epoch3(node1)']
91     : ---0--1-1-----------------
91     : ['ep_epoch2(node1)', 'held(node0)', '~ep_epoch3(node0)']
num_forall :   2
num_exists :   0
num_literals : 4
quantified form : forall NODE0,NODE1. ~ep_epoch2(NODE0) | ~held(NODE1) | ep_epoch3(NODE1) | NODE0 = NODE1
qcost : 6




=== Prime Orbit 41 =====================
size : 2
num_suborbits: 1
95 (*) : ---1--0--------1----------
95     : ['ep_epoch3(node0)', 'locked_epoch2(node1)', '~ep_epoch2(node1)']
94     : --0----1------1-----------
94     : ['ep_epoch3(node1)', 'locked_epoch2(node0)', '~ep_epoch2(node0)']
num_forall :   2
num_exists :   0
num_literals : 4
quantified form : forall NODE0,NODE1. ~ep_epoch3(NODE0) | ~locked_epoch2(NODE1) | ep_epoch2(NODE1) | NODE0 = NODE1
qcost : 6




=== Prime Orbit 42 =====================
size : 2
num_suborbits: 1
89 (*) : ------0-1------1----------
89     : ['held(node0)', 'locked_epoch2(node1)', '~ep_epoch2(node1)']
88     : --0------1----1-----------
88     : ['held(node1)', 'locked_epoch2(node0)', '~ep_epoch2(node0)']
num_forall :   2
num_exists :   0
num_literals : 4
quantified form : forall NODE0,NODE1. ~held(NODE0) | ~locked_epoch2(NODE1) | ep_epoch2(NODE1) | NODE0 = NODE1
qcost : 6




=== Prime Orbit 43 =====================
size : 2
num_suborbits: 1
87 (*) : ---0----1------1----------
87     : ['held(node0)', 'locked_epoch2(node1)', '~ep_epoch3(node0)']
86     : -------0-1----1-----------
86     : ['held(node1)', 'locked_epoch2(node0)', '~ep_epoch3(node1)']
num_forall :   2
num_exists :   0
num_literals : 4
quantified form : forall NODE0,NODE1. ~held(NODE0) | ~locked_epoch2(NODE1) | ep_epoch3(NODE0) | NODE0 = NODE1
qcost : 6




=== Prime Orbit 44 =====================
size : 4
num_suborbits: 2
124 (*) : ----0-------1---------1---
124     : ['locked_epoch1(node0)', 'transfer_epoch2(node0)', '~ep_epoch0(node1)']
109     : ----0-------1----------1--
109     : ['locked_epoch1(node0)', 'transfer_epoch2(node1)', '~ep_epoch0(node1)']
108     : 0------------1--------1---
108     : ['locked_epoch1(node1)', 'transfer_epoch2(node0)', '~ep_epoch0(node0)']
125     : 0------------1---------1--
125     : ['locked_epoch1(node1)', 'transfer_epoch2(node1)', '~ep_epoch0(node0)']
num_forall :   3
num_exists :   0
num_literals : 7
quantified form : forall NODE2,NODE0,NODE1. ~locked_epoch1(NODE0) | ~transfer_epoch2(NODE1) | ep_epoch0(NODE2) | ((NODE1 ~= NODE2 | NODE0 = NODE1) & (NODE0 ~= NODE1 | NODE0 = NODE2))
qcost : 10




=== Prime Orbit 45 =====================
size : 4
num_suborbits: 2
104 (*) : -0----------1---------1---
104     : ['locked_epoch1(node0)', 'transfer_epoch2(node0)', '~ep_epoch1(node0)']
117     : -0----------1----------1--
117     : ['locked_epoch1(node0)', 'transfer_epoch2(node1)', '~ep_epoch1(node0)']
116     : -----0-------1--------1---
116     : ['locked_epoch1(node1)', 'transfer_epoch2(node0)', '~ep_epoch1(node1)']
105     : -----0-------1---------1--
105     : ['locked_epoch1(node1)', 'transfer_epoch2(node1)', '~ep_epoch1(node1)']
num_forall :   2
num_exists :   0
num_literals : 3
quantified form : forall NODE0,NODE1. ~locked_epoch1(NODE0) | ~transfer_epoch2(NODE1) | ep_epoch1(NODE0)
qcost : 5




=== Prime Orbit 46 =====================
size : 4
num_suborbits: 2
92 (*) : --0-----------1---------1-
92     : ['locked_epoch2(node0)', 'transfer_epoch3(node0)', '~ep_epoch2(node0)']
85     : --0-----------1----------1
85     : ['locked_epoch2(node0)', 'transfer_epoch3(node1)', '~ep_epoch2(node0)']
84     : ------0--------1--------1-
84     : ['locked_epoch2(node1)', 'transfer_epoch3(node0)', '~ep_epoch2(node1)']
93     : ------0--------1---------1
93     : ['locked_epoch2(node1)', 'transfer_epoch3(node1)', '~ep_epoch2(node1)']
num_forall :   2
num_exists :   0
num_literals : 3
quantified form : forall NODE0,NODE1. ~locked_epoch2(NODE0) | ~transfer_epoch3(NODE1) | ep_epoch2(NODE0)
qcost : 5




=== Prime Orbit 47 =====================
size : 2
num_suborbits: 1
83 (*) : --00----------1-----------
83     : ['locked_epoch2(node0)', '~ep_epoch2(node0)', '~ep_epoch3(node0)']
82     : ------00-------1----------
82     : ['locked_epoch2(node1)', '~ep_epoch2(node1)', '~ep_epoch3(node1)']
num_forall :   1
num_exists :   0
num_literals : 3
quantified form : forall NODE0. ~locked_epoch2(NODE0) | ep_epoch2(NODE0) | ep_epoch3(NODE0)
qcost : 4




=== Prime Orbit 48 =====================
size : 2
num_suborbits: 1
81 (*) : --0-----0-----1-----------
81     : ['locked_epoch2(node0)', '~ep_epoch2(node0)', '~held(node0)']
80     : ------0--0-----1----------
80     : ['locked_epoch2(node1)', '~ep_epoch2(node1)', '~held(node1)']
num_forall :   1
num_exists :   0
num_literals : 3
quantified form : forall NODE0. ~locked_epoch2(NODE0) | ep_epoch2(NODE0) | held(NODE0)
qcost : 4




=== Prime Orbit 49 =====================
size : 2
num_suborbits: 1
106 (*) : 0---0-----------------1---
106     : ['transfer_epoch2(node0)', '~ep_epoch0(node0)', '~ep_epoch0(node1)']
107     : 0---0------------------1--
107     : ['transfer_epoch2(node1)', '~ep_epoch0(node0)', '~ep_epoch0(node1)']
num_forall :   2
num_exists :   0
num_literals : 4
quantified form : forall NODE0,NODE1. ~transfer_epoch2(NODE0) | ep_epoch0(NODE0) | ep_epoch0(NODE1) | NODE0 = NODE1
qcost : 6




=== Prime Orbit 50 =====================
size : 4
num_suborbits: 2
100 (*) : 00--------------------1---
100     : ['transfer_epoch2(node0)', '~ep_epoch0(node0)', '~ep_epoch1(node0)']
114     : ----00----------------1---
114     : ['transfer_epoch2(node0)', '~ep_epoch0(node1)', '~ep_epoch1(node1)']
115     : 00---------------------1--
115     : ['transfer_epoch2(node1)', '~ep_epoch0(node0)', '~ep_epoch1(node0)']
101     : ----00-----------------1--
101     : ['transfer_epoch2(node1)', '~ep_epoch0(node1)', '~ep_epoch1(node1)']
num_forall :   2
num_exists :   0
num_literals : 3
quantified form : forall NODE0,NODE1. ~transfer_epoch2(NODE0) | ep_epoch0(NODE1) | ep_epoch1(NODE1)
qcost : 5




=== Prime Orbit 51 =====================
size : 4
num_suborbits: 2
110 (*) : 0-----------0---------1---
110     : ['transfer_epoch2(node0)', '~ep_epoch0(node0)', '~locked_epoch1(node0)']
122     : ----0--------0--------1---
122     : ['transfer_epoch2(node0)', '~ep_epoch0(node1)', '~locked_epoch1(node1)']
123     : 0-----------0----------1--
123     : ['transfer_epoch2(node1)', '~ep_epoch0(node0)', '~locked_epoch1(node0)']
111     : ----0--------0---------1--
111     : ['transfer_epoch2(node1)', '~ep_epoch0(node1)', '~locked_epoch1(node1)']
num_forall :   2
num_exists :   0
num_literals : 3
quantified form : forall NODE0,NODE1. ~transfer_epoch2(NODE0) | ep_epoch0(NODE1) | locked_epoch1(NODE1)
qcost : 5




=== Prime Orbit 52 =====================
size : 2
num_suborbits: 1
98 (*) : -0---0----------------1---
98     : ['transfer_epoch2(node0)', '~ep_epoch1(node0)', '~ep_epoch1(node1)']
99     : -0---0-----------------1--
99     : ['transfer_epoch2(node1)', '~ep_epoch1(node0)', '~ep_epoch1(node1)']
num_forall :   2
num_exists :   0
num_literals : 4
quantified form : forall NODE0,NODE1. ~transfer_epoch2(NODE0) | ep_epoch1(NODE0) | ep_epoch1(NODE1) | NODE0 = NODE1
qcost : 6




=== Prime Orbit 53 =====================
size : 4
num_suborbits: 2
102 (*) : -0-----------0--------1---
102     : ['transfer_epoch2(node0)', '~ep_epoch1(node0)', '~locked_epoch1(node1)']
118     : -----0------0---------1---
118     : ['transfer_epoch2(node0)', '~ep_epoch1(node1)', '~locked_epoch1(node0)']
119     : -0-----------0---------1--
119     : ['transfer_epoch2(node1)', '~ep_epoch1(node0)', '~locked_epoch1(node1)']
103     : -----0------0----------1--
103     : ['transfer_epoch2(node1)', '~ep_epoch1(node1)', '~locked_epoch1(node0)']
num_forall :   3
num_exists :   0
num_literals : 7
quantified form : forall NODE2,NODE0,NODE1. ~transfer_epoch2(NODE0) | ep_epoch1(NODE1) | locked_epoch1(NODE2) | ((NODE0 ~= NODE1 | NODE0 = NODE2) & (NODE0 ~= NODE2 | NODE0 = NODE1))
qcost : 10




=== Prime Orbit 54 =====================
size : 4
num_suborbits: 2
189 (*) : 1----00-----------------1-
189     : ['ep_epoch0(node0)', 'transfer_epoch3(node0)', '~ep_epoch1(node1)', '~ep_epoch2(node1)']
380     : 1----00------------------1
380     : ['ep_epoch0(node0)', 'transfer_epoch3(node1)', '~ep_epoch1(node1)', '~ep_epoch2(node1)']
381     : -00-1-------------------1-
381     : ['ep_epoch0(node1)', 'transfer_epoch3(node0)', '~ep_epoch1(node0)', '~ep_epoch2(node0)']
188     : -00-1--------------------1
188     : ['ep_epoch0(node1)', 'transfer_epoch3(node1)', '~ep_epoch1(node0)', '~ep_epoch2(node0)']
num_forall :   3
num_exists :   0
num_literals : 8
quantified form : forall NODE2,NODE0,NODE1. ~ep_epoch0(NODE0) | ~transfer_epoch3(NODE1) | ep_epoch1(NODE2) | ep_epoch2(NODE2) | ((NODE0 ~= NODE1 | NODE0 = NODE2) & (NODE1 ~= NODE2 | NODE0 = NODE1))
qcost : 11




=== Prime Orbit 55 =====================
size : 4
num_suborbits: 2
435 (*) : 1----0---------0--------1-
435     : ['ep_epoch0(node0)', 'transfer_epoch3(node0)', '~ep_epoch1(node1)', '~locked_epoch2(node1)']
412     : 1----0---------0---------1
412     : ['ep_epoch0(node0)', 'transfer_epoch3(node1)', '~ep_epoch1(node1)', '~locked_epoch2(node1)']
413     : -0--1---------0---------1-
413     : ['ep_epoch0(node1)', 'transfer_epoch3(node0)', '~ep_epoch1(node0)', '~locked_epoch2(node0)']
434     : -0--1---------0----------1
434     : ['ep_epoch0(node1)', 'transfer_epoch3(node1)', '~ep_epoch1(node0)', '~locked_epoch2(node0)']
num_forall :   3
num_exists :   0
num_literals : 8
quantified form : forall NODE2,NODE0,NODE1. ~ep_epoch0(NODE0) | ~transfer_epoch3(NODE1) | ep_epoch1(NODE2) | locked_epoch2(NODE2) | ((NODE1 ~= NODE2 | NODE0 = NODE1) & (NODE0 ~= NODE1 | NODE0 = NODE2))
qcost : 11




=== Prime Orbit 56 =====================
size : 2
num_suborbits: 1
197 (*) : 1----000------------------
197     : ['ep_epoch0(node0)', '~ep_epoch1(node1)', '~ep_epoch2(node1)', '~ep_epoch3(node1)']
196     : -0001---------------------
196     : ['ep_epoch0(node1)', '~ep_epoch1(node0)', '~ep_epoch2(node0)', '~ep_epoch3(node0)']
num_forall :   2
num_exists :   0
num_literals : 5
quantified form : forall NODE0,NODE1. ~ep_epoch0(NODE0) | ep_epoch1(NODE1) | ep_epoch2(NODE1) | ep_epoch3(NODE1) | NODE0 = NODE1
qcost : 7




=== Prime Orbit 57 =====================
size : 2
num_suborbits: 1
199 (*) : 1----00--0----------------
199     : ['ep_epoch0(node0)', '~ep_epoch1(node1)', '~ep_epoch2(node1)', '~held(node1)']
198     : -00-1---0-----------------
198     : ['ep_epoch0(node1)', '~ep_epoch1(node0)', '~ep_epoch2(node0)', '~held(node0)']
num_forall :   2
num_exists :   0
num_literals : 5
quantified form : forall NODE0,NODE1. ~ep_epoch0(NODE0) | ep_epoch1(NODE1) | ep_epoch2(NODE1) | held(NODE1) | NODE0 = NODE1
qcost : 7




=== Prime Orbit 58 =====================
size : 2
num_suborbits: 1
211 (*) : 1----0-0-------0----------
211     : ['ep_epoch0(node0)', '~ep_epoch1(node1)', '~ep_epoch3(node1)', '~locked_epoch2(node1)']
210     : -0-01---------0-----------
210     : ['ep_epoch0(node1)', '~ep_epoch1(node0)', '~ep_epoch3(node0)', '~locked_epoch2(node0)']
num_forall :   2
num_exists :   0
num_literals : 5
quantified form : forall NODE0,NODE1. ~ep_epoch0(NODE0) | ep_epoch1(NODE1) | ep_epoch3(NODE1) | locked_epoch2(NODE1) | NODE0 = NODE1
qcost : 7




=== Prime Orbit 59 =====================
size : 2
num_suborbits: 1
213 (*) : 1----0---0-----0----------
213     : ['ep_epoch0(node0)', '~ep_epoch1(node1)', '~held(node1)', '~locked_epoch2(node1)']
212     : -0--1---0-----0-----------
212     : ['ep_epoch0(node1)', '~ep_epoch1(node0)', '~held(node0)', '~locked_epoch2(node0)']
num_forall :   2
num_exists :   0
num_literals : 5
quantified form : forall NODE0,NODE1. ~ep_epoch0(NODE0) | ep_epoch1(NODE1) | held(NODE1) | locked_epoch2(NODE1) | NODE0 = NODE1
qcost : 7




=== Prime Orbit 60 =====================
size : 2
num_suborbits: 1
195 (*) : -1----00-1----------------
195     : ['ep_epoch1(node0)', 'held(node1)', '~ep_epoch2(node1)', '~ep_epoch3(node1)']
194     : --00-1--1-----------------
194     : ['ep_epoch1(node1)', 'held(node0)', '~ep_epoch2(node0)', '~ep_epoch3(node0)']
num_forall :   2
num_exists :   0
num_literals : 5
quantified form : forall NODE0,NODE1. ~ep_epoch1(NODE0) | ~held(NODE1) | ep_epoch2(NODE1) | ep_epoch3(NODE1) | NODE0 = NODE1
qcost : 7




=== Prime Orbit 61 =====================
size : 2
num_suborbits: 1
258 (*) : -1-----0-1-----0----------
258     : ['ep_epoch1(node0)', 'held(node1)', '~ep_epoch3(node1)', '~locked_epoch2(node1)']
259     : ---0-1--1-----0-----------
259     : ['ep_epoch1(node1)', 'held(node0)', '~ep_epoch3(node0)', '~locked_epoch2(node0)']
num_forall :   2
num_exists :   0
num_literals : 5
quantified form : forall NODE0,NODE1. ~ep_epoch1(NODE0) | ~held(NODE1) | ep_epoch3(NODE1) | locked_epoch2(NODE1) | NODE0 = NODE1
qcost : 7




=== Prime Orbit 62 =====================
size : 4
num_suborbits: 2
187 (*) : -1--0-0-----------------1-
187     : ['ep_epoch1(node0)', 'transfer_epoch3(node0)', '~ep_epoch0(node1)', '~ep_epoch2(node1)']
382     : -1--0-0------------------1
382     : ['ep_epoch1(node0)', 'transfer_epoch3(node1)', '~ep_epoch0(node1)', '~ep_epoch2(node1)']
383     : 0-0--1------------------1-
383     : ['ep_epoch1(node1)', 'transfer_epoch3(node0)', '~ep_epoch0(node0)', '~ep_epoch2(node0)']
186     : 0-0--1-------------------1
186     : ['ep_epoch1(node1)', 'transfer_epoch3(node1)', '~ep_epoch0(node0)', '~ep_epoch2(node0)']
num_forall :   3
num_exists :   0
num_literals : 8
quantified form : forall NODE2,NODE0,NODE1. ~ep_epoch1(NODE0) | ~transfer_epoch3(NODE1) | ep_epoch0(NODE2) | ep_epoch2(NODE2) | ((NODE0 ~= NODE1 | NODE0 = NODE2) & (NODE1 ~= NODE2 | NODE0 = NODE1))
qcost : 11




=== Prime Orbit 63 =====================
size : 4
num_suborbits: 2
437 (*) : -1--0----------0--------1-
437     : ['ep_epoch1(node0)', 'transfer_epoch3(node0)', '~ep_epoch0(node1)', '~locked_epoch2(node1)']
384     : -1--0----------0---------1
384     : ['ep_epoch1(node0)', 'transfer_epoch3(node1)', '~ep_epoch0(node1)', '~locked_epoch2(node1)']
385     : 0----1--------0---------1-
385     : ['ep_epoch1(node1)', 'transfer_epoch3(node0)', '~ep_epoch0(node0)', '~locked_epoch2(node0)']
436     : 0----1--------0----------1
436     : ['ep_epoch1(node1)', 'transfer_epoch3(node1)', '~ep_epoch0(node0)', '~locked_epoch2(node0)']
num_forall :   3
num_exists :   0
num_literals : 8
quantified form : forall NODE2,NODE0,NODE1. ~ep_epoch1(NODE0) | ~transfer_epoch3(NODE1) | ep_epoch0(NODE2) | locked_epoch2(NODE2) | ((NODE1 ~= NODE2 | NODE0 = NODE1) & (NODE0 ~= NODE1 | NODE0 = NODE2))
qcost : 11




=== Prime Orbit 64 =====================
size : 2
num_suborbits: 1
191 (*) : -1--0-00------------------
191     : ['ep_epoch1(node0)', '~ep_epoch0(node1)', '~ep_epoch2(node1)', '~ep_epoch3(node1)']
190     : 0-00-1--------------------
190     : ['ep_epoch1(node1)', '~ep_epoch0(node0)', '~ep_epoch2(node0)', '~ep_epoch3(node0)']
num_forall :   2
num_exists :   0
num_literals : 5
quantified form : forall NODE0,NODE1. ~ep_epoch1(NODE0) | ep_epoch0(NODE1) | ep_epoch2(NODE1) | ep_epoch3(NODE1) | NODE0 = NODE1
qcost : 7




=== Prime Orbit 65 =====================
size : 2
num_suborbits: 1
193 (*) : -1--0-0--0----------------
193     : ['ep_epoch1(node0)', '~ep_epoch0(node1)', '~ep_epoch2(node1)', '~held(node1)']
192     : 0-0--1--0-----------------
192     : ['ep_epoch1(node1)', '~ep_epoch0(node0)', '~ep_epoch2(node0)', '~held(node0)']
num_forall :   2
num_exists :   0
num_literals : 5
quantified form : forall NODE0,NODE1. ~ep_epoch1(NODE0) | ep_epoch0(NODE1) | ep_epoch2(NODE1) | held(NODE1) | NODE0 = NODE1
qcost : 7




=== Prime Orbit 66 =====================
size : 2
num_suborbits: 1
256 (*) : -1--0--0-------0----------
256     : ['ep_epoch1(node0)', '~ep_epoch0(node1)', '~ep_epoch3(node1)', '~locked_epoch2(node1)']
257     : 0--0-1--------0-----------
257     : ['ep_epoch1(node1)', '~ep_epoch0(node0)', '~ep_epoch3(node0)', '~locked_epoch2(node0)']
num_forall :   2
num_exists :   0
num_literals : 5
quantified form : forall NODE0,NODE1. ~ep_epoch1(NODE0) | ep_epoch0(NODE1) | ep_epoch3(NODE1) | locked_epoch2(NODE1) | NODE0 = NODE1
qcost : 7




=== Prime Orbit 67 =====================
size : 2
num_suborbits: 1
254 (*) : -1--0----0-----0----------
254     : ['ep_epoch1(node0)', '~ep_epoch0(node1)', '~held(node1)', '~locked_epoch2(node1)']
255     : 0----1--0-----0-----------
255     : ['ep_epoch1(node1)', '~ep_epoch0(node0)', '~held(node0)', '~locked_epoch2(node0)']
num_forall :   2
num_exists :   0
num_literals : 5
quantified form : forall NODE0,NODE1. ~ep_epoch1(NODE0) | ep_epoch0(NODE1) | held(NODE1) | locked_epoch2(NODE1) | NODE0 = NODE1
qcost : 7




=== Prime Orbit 68 =====================
size : 2
num_suborbits: 1
226 (*) : --1-0---1---1-------------
226     : ['ep_epoch2(node0)', 'held(node0)', 'locked_epoch1(node0)', '~ep_epoch0(node1)']
227     : 0-----1--1---1------------
227     : ['ep_epoch2(node1)', 'held(node1)', 'locked_epoch1(node1)', '~ep_epoch0(node0)']
num_forall :   2
num_exists :   0
num_literals : 5
quantified form : forall NODE0,NODE1. ~ep_epoch2(NODE0) | ~held(NODE0) | ~locked_epoch1(NODE0) | ep_epoch0(NODE1) | NODE0 = NODE1
qcost : 7




=== Prime Orbit 69 =====================
size : 2
num_suborbits: 1
220 (*) : --1--0--1----1------------
220     : ['ep_epoch2(node0)', 'held(node0)', 'locked_epoch1(node1)', '~ep_epoch1(node1)']
221     : -0----1--1--1-------------
221     : ['ep_epoch2(node1)', 'held(node1)', 'locked_epoch1(node0)', '~ep_epoch1(node0)']
num_forall :   2
num_exists :   0
num_literals : 5
quantified form : forall NODE0,NODE1. ~ep_epoch2(NODE0) | ~held(NODE0) | ~locked_epoch1(NODE1) | ep_epoch1(NODE1) | NODE0 = NODE1
qcost : 7




=== Prime Orbit 70 =====================
size : 2
num_suborbits: 1
222 (*) : --1-00--1-----------------
222     : ['ep_epoch2(node0)', 'held(node0)', '~ep_epoch0(node1)', '~ep_epoch1(node1)']
223     : 00----1--1----------------
223     : ['ep_epoch2(node1)', 'held(node1)', '~ep_epoch0(node0)', '~ep_epoch1(node0)']
num_forall :   2
num_exists :   0
num_literals : 5
quantified form : forall NODE0,NODE1. ~ep_epoch2(NODE0) | ~held(NODE0) | ep_epoch0(NODE1) | ep_epoch1(NODE1) | NODE0 = NODE1
qcost : 7




=== Prime Orbit 71 =====================
size : 2
num_suborbits: 1
224 (*) : --1-0---1----0------------
224     : ['ep_epoch2(node0)', 'held(node0)', '~ep_epoch0(node1)', '~locked_epoch1(node1)']
225     : 0-----1--1--0-------------
225     : ['ep_epoch2(node1)', 'held(node1)', '~ep_epoch0(node0)', '~locked_epoch1(node0)']
num_forall :   2
num_exists :   0
num_literals : 5
quantified form : forall NODE0,NODE1. ~ep_epoch2(NODE0) | ~held(NODE0) | ep_epoch0(NODE1) | locked_epoch1(NODE1) | NODE0 = NODE1
qcost : 7




=== Prime Orbit 72 =====================
size : 2
num_suborbits: 1
218 (*) : --1--0--1---0-------------
218     : ['ep_epoch2(node0)', 'held(node0)', '~ep_epoch1(node1)', '~locked_epoch1(node0)']
219     : -0----1--1---0------------
219     : ['ep_epoch2(node1)', 'held(node1)', '~ep_epoch1(node0)', '~locked_epoch1(node1)']
num_forall :   2
num_exists :   0
num_literals : 5
quantified form : forall NODE0,NODE1. ~ep_epoch2(NODE0) | ~held(NODE0) | ep_epoch1(NODE1) | locked_epoch1(NODE0) | NODE0 = NODE1
qcost : 7




=== Prime Orbit 73 =====================
size : 4
num_suborbits: 2
369 (*) : --1-0-------1-----------1-
369     : ['ep_epoch2(node0)', 'locked_epoch1(node0)', 'transfer_epoch3(node0)', '~ep_epoch0(node1)']
422     : --1-0-------1------------1
422     : ['ep_epoch2(node0)', 'locked_epoch1(node0)', 'transfer_epoch3(node1)', '~ep_epoch0(node1)']
423     : 0-----1------1----------1-
423     : ['ep_epoch2(node1)', 'locked_epoch1(node1)', 'transfer_epoch3(node0)', '~ep_epoch0(node0)']
368     : 0-----1------1-----------1
368     : ['ep_epoch2(node1)', 'locked_epoch1(node1)', 'transfer_epoch3(node1)', '~ep_epoch0(node0)']
num_forall :   3
num_exists :   0
num_literals : 8
quantified form : forall NODE2,NODE0,NODE1. ~ep_epoch2(NODE0) | ~locked_epoch1(NODE0) | ~transfer_epoch3(NODE1) | ep_epoch0(NODE2) | ((NODE0 ~= NODE1 | NODE0 = NODE2) & (NODE1 ~= NODE2 | NODE0 = NODE1))
qcost : 11




=== Prime Orbit 74 =====================
size : 2
num_suborbits: 1
240 (*) : --1-0--0----1-------------
240     : ['ep_epoch2(node0)', 'locked_epoch1(node0)', '~ep_epoch0(node1)', '~ep_epoch3(node1)']
241     : 0--0--1------1------------
241     : ['ep_epoch2(node1)', 'locked_epoch1(node1)', '~ep_epoch0(node0)', '~ep_epoch3(node0)']
num_forall :   2
num_exists :   0
num_literals : 5
quantified form : forall NODE0,NODE1. ~ep_epoch2(NODE0) | ~locked_epoch1(NODE0) | ep_epoch0(NODE1) | ep_epoch3(NODE1) | NODE0 = NODE1
qcost : 7




=== Prime Orbit 75 =====================
size : 2
num_suborbits: 1
242 (*) : --1-0----0--1-------------
242     : ['ep_epoch2(node0)', 'locked_epoch1(node0)', '~ep_epoch0(node1)', '~held(node1)']
243     : 0-----1-0----1------------
243     : ['ep_epoch2(node1)', 'locked_epoch1(node1)', '~ep_epoch0(node0)', '~held(node0)']
num_forall :   2
num_exists :   0
num_literals : 5
quantified form : forall NODE0,NODE1. ~ep_epoch2(NODE0) | ~locked_epoch1(NODE0) | ep_epoch0(NODE1) | held(NODE1) | NODE0 = NODE1
qcost : 7




=== Prime Orbit 76 =====================
size : 4
num_suborbits: 2
411 (*) : --1--0-------1----------1-
411     : ['ep_epoch2(node0)', 'locked_epoch1(node1)', 'transfer_epoch3(node0)', '~ep_epoch1(node1)']
414     : --1--0-------1-----------1
414     : ['ep_epoch2(node0)', 'locked_epoch1(node1)', 'transfer_epoch3(node1)', '~ep_epoch1(node1)']
415     : -0----1-----1-----------1-
415     : ['ep_epoch2(node1)', 'locked_epoch1(node0)', 'transfer_epoch3(node0)', '~ep_epoch1(node0)']
410     : -0----1-----1------------1
410     : ['ep_epoch2(node1)', 'locked_epoch1(node0)', 'transfer_epoch3(node1)', '~ep_epoch1(node0)']
num_forall :   3
num_exists :   0
num_literals : 8
quantified form : forall NODE2,NODE0,NODE1. ~ep_epoch2(NODE0) | ~locked_epoch1(NODE1) | ~transfer_epoch3(NODE2) | ep_epoch1(NODE1) | ((NODE0 ~= NODE2 | NODE0 = NODE1) & (NODE1 ~= NODE2 | NODE0 = NODE1))
qcost : 11




=== Prime Orbit 77 =====================
size : 2
num_suborbits: 1
232 (*) : --1--0-0-----1------------
232     : ['ep_epoch2(node0)', 'locked_epoch1(node1)', '~ep_epoch1(node1)', '~ep_epoch3(node1)']
233     : -0-0--1-----1-------------
233     : ['ep_epoch2(node1)', 'locked_epoch1(node0)', '~ep_epoch1(node0)', '~ep_epoch3(node0)']
num_forall :   2
num_exists :   0
num_literals : 5
quantified form : forall NODE0,NODE1. ~ep_epoch2(NODE0) | ~locked_epoch1(NODE1) | ep_epoch1(NODE1) | ep_epoch3(NODE1) | NODE0 = NODE1
qcost : 7




=== Prime Orbit 78 =====================
size : 2
num_suborbits: 1
234 (*) : --1--0---0---1------------
234     : ['ep_epoch2(node0)', 'locked_epoch1(node1)', '~ep_epoch1(node1)', '~held(node1)']
235     : -0----1-0---1-------------
235     : ['ep_epoch2(node1)', 'locked_epoch1(node0)', '~ep_epoch1(node0)', '~held(node0)']
num_forall :   2
num_exists :   0
num_literals : 5
quantified form : forall NODE0,NODE1. ~ep_epoch2(NODE0) | ~locked_epoch1(NODE1) | ep_epoch1(NODE1) | held(NODE1) | NODE0 = NODE1
qcost : 7




=== Prime Orbit 79 =====================
size : 4
num_suborbits: 2
407 (*) : --1-00------------------1-
407     : ['ep_epoch2(node0)', 'transfer_epoch3(node0)', '~ep_epoch0(node1)', '~ep_epoch1(node1)']
418     : --1-00-------------------1
418     : ['ep_epoch2(node0)', 'transfer_epoch3(node1)', '~ep_epoch0(node1)', '~ep_epoch1(node1)']
419     : 00----1-----------------1-
419     : ['ep_epoch2(node1)', 'transfer_epoch3(node0)', '~ep_epoch0(node0)', '~ep_epoch1(node0)']
406     : 00----1------------------1
406     : ['ep_epoch2(node1)', 'transfer_epoch3(node1)', '~ep_epoch0(node0)', '~ep_epoch1(node0)']
num_forall :   3
num_exists :   0
num_literals : 8
quantified form : forall NODE2,NODE0,NODE1. ~ep_epoch2(NODE0) | ~transfer_epoch3(NODE1) | ep_epoch0(NODE2) | ep_epoch1(NODE2) | ((NODE0 ~= NODE1 | NODE0 = NODE2) & (NODE1 ~= NODE2 | NODE0 = NODE1))
qcost : 11




=== Prime Orbit 80 =====================
size : 4
num_suborbits: 2
363 (*) : --1-0--------0----------1-
363     : ['ep_epoch2(node0)', 'transfer_epoch3(node0)', '~ep_epoch0(node1)', '~locked_epoch1(node1)']
420     : --1-0--------0-----------1
420     : ['ep_epoch2(node0)', 'transfer_epoch3(node1)', '~ep_epoch0(node1)', '~locked_epoch1(node1)']
421     : 0-----1-----0-----------1-
421     : ['ep_epoch2(node1)', 'transfer_epoch3(node0)', '~ep_epoch0(node0)', '~locked_epoch1(node0)']
362     : 0-----1-----0------------1
362     : ['ep_epoch2(node1)', 'transfer_epoch3(node1)', '~ep_epoch0(node0)', '~locked_epoch1(node0)']
num_forall :   3
num_exists :   0
num_literals : 8
quantified form : forall NODE2,NODE0,NODE1. ~ep_epoch2(NODE0) | ~transfer_epoch3(NODE1) | ep_epoch0(NODE2) | locked_epoch1(NODE2) | ((NODE0 ~= NODE1 | NODE0 = NODE2) & (NODE1 ~= NODE2 | NODE0 = NODE1))
qcost : 11




=== Prime Orbit 81 =====================
size : 4
num_suborbits: 2
409 (*) : --1--0------0-----------1-
409     : ['ep_epoch2(node0)', 'transfer_epoch3(node0)', '~ep_epoch1(node1)', '~locked_epoch1(node0)']
416     : --1--0------0------------1
416     : ['ep_epoch2(node0)', 'transfer_epoch3(node1)', '~ep_epoch1(node1)', '~locked_epoch1(node0)']
417     : -0----1------0----------1-
417     : ['ep_epoch2(node1)', 'transfer_epoch3(node0)', '~ep_epoch1(node0)', '~locked_epoch1(node1)']
408     : -0----1------0-----------1
408     : ['ep_epoch2(node1)', 'transfer_epoch3(node1)', '~ep_epoch1(node0)', '~locked_epoch1(node1)']
num_forall :   3
num_exists :   0
num_literals : 8
quantified form : forall NODE2,NODE0,NODE1. ~ep_epoch2(NODE0) | ~transfer_epoch3(NODE1) | ep_epoch1(NODE2) | locked_epoch1(NODE0) | ((NODE0 ~= NODE1 | NODE0 = NODE2) & (NODE1 ~= NODE2 | NODE0 = NODE1))
qcost : 11




=== Prime Orbit 82 =====================
size : 2
num_suborbits: 1
228 (*) : --1-00-0------------------
228     : ['ep_epoch2(node0)', '~ep_epoch0(node1)', '~ep_epoch1(node1)', '~ep_epoch3(node1)']
229     : 00-0--1-------------------
229     : ['ep_epoch2(node1)', '~ep_epoch0(node0)', '~ep_epoch1(node0)', '~ep_epoch3(node0)']
num_forall :   2
num_exists :   0
num_literals : 5
quantified form : forall NODE0,NODE1. ~ep_epoch2(NODE0) | ep_epoch0(NODE1) | ep_epoch1(NODE1) | ep_epoch3(NODE1) | NODE0 = NODE1
qcost : 7




=== Prime Orbit 83 =====================
size : 2
num_suborbits: 1
230 (*) : --1-00---0----------------
230     : ['ep_epoch2(node0)', '~ep_epoch0(node1)', '~ep_epoch1(node1)', '~held(node1)']
231     : 00----1-0-----------------
231     : ['ep_epoch2(node1)', '~ep_epoch0(node0)', '~ep_epoch1(node0)', '~held(node0)']
num_forall :   2
num_exists :   0
num_literals : 5
quantified form : forall NODE0,NODE1. ~ep_epoch2(NODE0) | ep_epoch0(NODE1) | ep_epoch1(NODE1) | held(NODE1) | NODE0 = NODE1
qcost : 7




=== Prime Orbit 84 =====================
size : 2
num_suborbits: 1
236 (*) : --1-0--0-----0------------
236     : ['ep_epoch2(node0)', '~ep_epoch0(node1)', '~ep_epoch3(node1)', '~locked_epoch1(node1)']
237     : 0--0--1-----0-------------
237     : ['ep_epoch2(node1)', '~ep_epoch0(node0)', '~ep_epoch3(node0)', '~locked_epoch1(node0)']
num_forall :   2
num_exists :   0
num_literals : 5
quantified form : forall NODE0,NODE1. ~ep_epoch2(NODE0) | ep_epoch0(NODE1) | ep_epoch3(NODE1) | locked_epoch1(NODE1) | NODE0 = NODE1
qcost : 7




=== Prime Orbit 85 =====================
size : 2
num_suborbits: 1
238 (*) : --1-0----0---0------------
238     : ['ep_epoch2(node0)', '~ep_epoch0(node1)', '~held(node1)', '~locked_epoch1(node1)']
239     : 0-----1-0---0-------------
239     : ['ep_epoch2(node1)', '~ep_epoch0(node0)', '~held(node0)', '~locked_epoch1(node0)']
num_forall :   2
num_exists :   0
num_literals : 5
quantified form : forall NODE0,NODE1. ~ep_epoch2(NODE0) | ep_epoch0(NODE1) | held(NODE1) | locked_epoch1(NODE1) | NODE0 = NODE1
qcost : 7




=== Prime Orbit 86 =====================
size : 2
num_suborbits: 1
214 (*) : --1--0-0----0-------------
214     : ['ep_epoch2(node0)', '~ep_epoch1(node1)', '~ep_epoch3(node1)', '~locked_epoch1(node0)']
215     : -0-0--1------0------------
215     : ['ep_epoch2(node1)', '~ep_epoch1(node0)', '~ep_epoch3(node0)', '~locked_epoch1(node1)']
num_forall :   2
num_exists :   0
num_literals : 5
quantified form : forall NODE0,NODE1. ~ep_epoch2(NODE0) | ep_epoch1(NODE1) | ep_epoch3(NODE1) | locked_epoch1(NODE0) | NODE0 = NODE1
qcost : 7




=== Prime Orbit 87 =====================
size : 2
num_suborbits: 1
216 (*) : --1--0---0--0-------------
216     : ['ep_epoch2(node0)', '~ep_epoch1(node1)', '~held(node1)', '~locked_epoch1(node0)']
217     : -0----1-0----0------------
217     : ['ep_epoch2(node1)', '~ep_epoch1(node0)', '~held(node0)', '~locked_epoch1(node1)']
num_forall :   2
num_exists :   0
num_literals : 5
quantified form : forall NODE0,NODE1. ~ep_epoch2(NODE0) | ep_epoch1(NODE1) | held(NODE1) | locked_epoch1(NODE0) | NODE0 = NODE1
qcost : 7




=== Prime Orbit 88 =====================
size : 2
num_suborbits: 1
338 (*) : ---10-------1-1-----------
338     : ['ep_epoch3(node0)', 'locked_epoch1(node0)', 'locked_epoch2(node0)', '~ep_epoch0(node1)']
339     : 0------1-----1-1----------
339     : ['ep_epoch3(node1)', 'locked_epoch1(node1)', 'locked_epoch2(node1)', '~ep_epoch0(node0)']
num_forall :   2
num_exists :   0
num_literals : 5
quantified form : forall NODE0,NODE1. ~ep_epoch3(NODE0) | ~locked_epoch1(NODE0) | ~locked_epoch2(NODE0) | ep_epoch0(NODE1) | NODE0 = NODE1
qcost : 7




=== Prime Orbit 89 =====================
size : 2
num_suborbits: 1
175 (*) : ---10-0-----1-------------
175     : ['ep_epoch3(node0)', 'locked_epoch1(node0)', '~ep_epoch0(node1)', '~ep_epoch2(node1)']
174     : 0-0----1-----1------------
174     : ['ep_epoch3(node1)', 'locked_epoch1(node1)', '~ep_epoch0(node0)', '~ep_epoch2(node0)']
num_forall :   2
num_exists :   0
num_literals : 5
quantified form : forall NODE0,NODE1. ~ep_epoch3(NODE0) | ~locked_epoch1(NODE0) | ep_epoch0(NODE1) | ep_epoch2(NODE1) | NODE0 = NODE1
qcost : 7




=== Prime Orbit 90 =====================
size : 2
num_suborbits: 1
286 (*) : ---10-------1--0----------
286     : ['ep_epoch3(node0)', 'locked_epoch1(node0)', '~ep_epoch0(node1)', '~locked_epoch2(node1)']
287     : 0------1-----10-----------
287     : ['ep_epoch3(node1)', 'locked_epoch1(node1)', '~ep_epoch0(node0)', '~locked_epoch2(node0)']
num_forall :   2
num_exists :   0
num_literals : 5
quantified form : forall NODE0,NODE1. ~ep_epoch3(NODE0) | ~locked_epoch1(NODE0) | ep_epoch0(NODE1) | locked_epoch2(NODE1) | NODE0 = NODE1
qcost : 7




=== Prime Orbit 91 =====================
size : 2
num_suborbits: 1
332 (*) : ---1-0-------11-----------
332     : ['ep_epoch3(node0)', 'locked_epoch1(node1)', 'locked_epoch2(node0)', '~ep_epoch1(node1)']
333     : -0-----1----1--1----------
333     : ['ep_epoch3(node1)', 'locked_epoch1(node0)', 'locked_epoch2(node1)', '~ep_epoch1(node0)']
num_forall :   2
num_exists :   0
num_literals : 5
quantified form : forall NODE0,NODE1. ~ep_epoch3(NODE0) | ~locked_epoch1(NODE1) | ~locked_epoch2(NODE0) | ep_epoch1(NODE1) | NODE0 = NODE1
qcost : 7




=== Prime Orbit 92 =====================
size : 2
num_suborbits: 1
173 (*) : ---1-00------1------------
173     : ['ep_epoch3(node0)', 'locked_epoch1(node1)', '~ep_epoch1(node1)', '~ep_epoch2(node1)']
172     : -00----1----1-------------
172     : ['ep_epoch3(node1)', 'locked_epoch1(node0)', '~ep_epoch1(node0)', '~ep_epoch2(node0)']
num_forall :   2
num_exists :   0
num_literals : 5
quantified form : forall NODE0,NODE1. ~ep_epoch3(NODE0) | ~locked_epoch1(NODE1) | ep_epoch1(NODE1) | ep_epoch2(NODE1) | NODE0 = NODE1
qcost : 7




=== Prime Orbit 93 =====================
size : 2
num_suborbits: 1
303 (*) : ---1-0-------1-0----------
303     : ['ep_epoch3(node0)', 'locked_epoch1(node1)', '~ep_epoch1(node1)', '~locked_epoch2(node1)']
302     : -0-----1----1-0-----------
302     : ['ep_epoch3(node1)', 'locked_epoch1(node0)', '~ep_epoch1(node0)', '~locked_epoch2(node0)']
num_forall :   2
num_exists :   0
num_literals : 5
quantified form : forall NODE0,NODE1. ~ep_epoch3(NODE0) | ~locked_epoch1(NODE1) | ep_epoch1(NODE1) | locked_epoch2(NODE1) | NODE0 = NODE1
qcost : 7




=== Prime Orbit 94 =====================
size : 2
num_suborbits: 1
336 (*) : ---100--------1-----------
336     : ['ep_epoch3(node0)', 'locked_epoch2(node0)', '~ep_epoch0(node1)', '~ep_epoch1(node1)']
337     : 00-----1-------1----------
337     : ['ep_epoch3(node1)', 'locked_epoch2(node1)', '~ep_epoch0(node0)', '~ep_epoch1(node0)']
num_forall :   2
num_exists :   0
num_literals : 5
quantified form : forall NODE0,NODE1. ~ep_epoch3(NODE0) | ~locked_epoch2(NODE0) | ep_epoch0(NODE1) | ep_epoch1(NODE1) | NODE0 = NODE1
qcost : 7




=== Prime Orbit 95 =====================
size : 2
num_suborbits: 1
340 (*) : ---10--------01-----------
340     : ['ep_epoch3(node0)', 'locked_epoch2(node0)', '~ep_epoch0(node1)', '~locked_epoch1(node1)']
341     : 0------1----0--1----------
341     : ['ep_epoch3(node1)', 'locked_epoch2(node1)', '~ep_epoch0(node0)', '~locked_epoch1(node0)']
num_forall :   2
num_exists :   0
num_literals : 5
quantified form : forall NODE0,NODE1. ~ep_epoch3(NODE0) | ~locked_epoch2(NODE0) | ep_epoch0(NODE1) | locked_epoch1(NODE1) | NODE0 = NODE1
qcost : 7




=== Prime Orbit 96 =====================
size : 2
num_suborbits: 1
334 (*) : ---1-0------0-1-----------
334     : ['ep_epoch3(node0)', 'locked_epoch2(node0)', '~ep_epoch1(node1)', '~locked_epoch1(node0)']
335     : -0-----1-----0-1----------
335     : ['ep_epoch3(node1)', 'locked_epoch2(node1)', '~ep_epoch1(node0)', '~locked_epoch1(node1)']
num_forall :   2
num_exists :   0
num_literals : 5
quantified form : forall NODE0,NODE1. ~ep_epoch3(NODE0) | ~locked_epoch2(NODE0) | ep_epoch1(NODE1) | locked_epoch1(NODE0) | NODE0 = NODE1
qcost : 7




=== Prime Orbit 97 =====================
size : 2
num_suborbits: 1
179 (*) : ---1000-------------------
179     : ['ep_epoch3(node0)', '~ep_epoch0(node1)', '~ep_epoch1(node1)', '~ep_epoch2(node1)']
178     : 000----1------------------
178     : ['ep_epoch3(node1)', '~ep_epoch0(node0)', '~ep_epoch1(node0)', '~ep_epoch2(node0)']
num_forall :   2
num_exists :   0
num_literals : 5
quantified form : forall NODE0,NODE1. ~ep_epoch3(NODE0) | ep_epoch0(NODE1) | ep_epoch1(NODE1) | ep_epoch2(NODE1) | NODE0 = NODE1
qcost : 7




=== Prime Orbit 98 =====================
size : 2
num_suborbits: 1
301 (*) : ---100---------0----------
301     : ['ep_epoch3(node0)', '~ep_epoch0(node1)', '~ep_epoch1(node1)', '~locked_epoch2(node1)']
300     : 00-----1------0-----------
300     : ['ep_epoch3(node1)', '~ep_epoch0(node0)', '~ep_epoch1(node0)', '~locked_epoch2(node0)']
num_forall :   2
num_exists :   0
num_literals : 5
quantified form : forall NODE0,NODE1. ~ep_epoch3(NODE0) | ep_epoch0(NODE1) | ep_epoch1(NODE1) | locked_epoch2(NODE1) | NODE0 = NODE1
qcost : 7




=== Prime Orbit 99 =====================
size : 2
num_suborbits: 1
177 (*) : ---10-0------0------------
177     : ['ep_epoch3(node0)', '~ep_epoch0(node1)', '~ep_epoch2(node1)', '~locked_epoch1(node1)']
176     : 0-0----1----0-------------
176     : ['ep_epoch3(node1)', '~ep_epoch0(node0)', '~ep_epoch2(node0)', '~locked_epoch1(node0)']
num_forall :   2
num_exists :   0
num_literals : 5
quantified form : forall NODE0,NODE1. ~ep_epoch3(NODE0) | ep_epoch0(NODE1) | ep_epoch2(NODE1) | locked_epoch1(NODE1) | NODE0 = NODE1
qcost : 7




=== Prime Orbit 100 =====================
size : 2
num_suborbits: 1
306 (*) : ---10--------0-0----------
306     : ['ep_epoch3(node0)', '~ep_epoch0(node1)', '~locked_epoch1(node1)', '~locked_epoch2(node1)']
307     : 0------1----0-0-----------
307     : ['ep_epoch3(node1)', '~ep_epoch0(node0)', '~locked_epoch1(node0)', '~locked_epoch2(node0)']
num_forall :   2
num_exists :   0
num_literals : 5
quantified form : forall NODE0,NODE1. ~ep_epoch3(NODE0) | ep_epoch0(NODE1) | locked_epoch1(NODE1) | locked_epoch2(NODE1) | NODE0 = NODE1
qcost : 7




=== Prime Orbit 101 =====================
size : 2
num_suborbits: 1
171 (*) : ---1-00-----0-------------
171     : ['ep_epoch3(node0)', '~ep_epoch1(node1)', '~ep_epoch2(node1)', '~locked_epoch1(node0)']
170     : -00----1-----0------------
170     : ['ep_epoch3(node1)', '~ep_epoch1(node0)', '~ep_epoch2(node0)', '~locked_epoch1(node1)']
num_forall :   2
num_exists :   0
num_literals : 5
quantified form : forall NODE0,NODE1. ~ep_epoch3(NODE0) | ep_epoch1(NODE1) | ep_epoch2(NODE1) | locked_epoch1(NODE0) | NODE0 = NODE1
qcost : 7




=== Prime Orbit 102 =====================
size : 2
num_suborbits: 1
299 (*) : ---1-0------0--0----------
299     : ['ep_epoch3(node0)', '~ep_epoch1(node1)', '~locked_epoch1(node0)', '~locked_epoch2(node1)']
298     : -0-----1-----00-----------
298     : ['ep_epoch3(node1)', '~ep_epoch1(node0)', '~locked_epoch1(node1)', '~locked_epoch2(node0)']
num_forall :   2
num_exists :   0
num_literals : 5
quantified form : forall NODE0,NODE1. ~ep_epoch3(NODE0) | ep_epoch1(NODE1) | locked_epoch1(NODE0) | locked_epoch2(NODE1) | NODE0 = NODE1
qcost : 7




=== Prime Orbit 103 =====================
size : 2
num_suborbits: 1
330 (*) : ----0---1---1-1-----------
330     : ['held(node0)', 'locked_epoch1(node0)', 'locked_epoch2(node0)', '~ep_epoch0(node1)']
331     : 0--------1---1-1----------
331     : ['held(node1)', 'locked_epoch1(node1)', 'locked_epoch2(node1)', '~ep_epoch0(node0)']
num_forall :   2
num_exists :   0
num_literals : 5
quantified form : forall NODE0,NODE1. ~held(NODE0) | ~locked_epoch1(NODE0) | ~locked_epoch2(NODE0) | ep_epoch0(NODE1) | NODE0 = NODE1
qcost : 7




=== Prime Orbit 104 =====================
size : 2
num_suborbits: 1
155 (*) : ----0-0-1---1-------------
155     : ['held(node0)', 'locked_epoch1(node0)', '~ep_epoch0(node1)', '~ep_epoch2(node1)']
154     : 0-0------1---1------------
154     : ['held(node1)', 'locked_epoch1(node1)', '~ep_epoch0(node0)', '~ep_epoch2(node0)']
num_forall :   2
num_exists :   0
num_literals : 5
quantified form : forall NODE0,NODE1. ~held(NODE0) | ~locked_epoch1(NODE0) | ep_epoch0(NODE1) | ep_epoch2(NODE1) | NODE0 = NODE1
qcost : 7




=== Prime Orbit 105 =====================
size : 2
num_suborbits: 1
290 (*) : ---00---1---1-------------
290     : ['held(node0)', 'locked_epoch1(node0)', '~ep_epoch0(node1)', '~ep_epoch3(node0)']
291     : 0------0-1---1------------
291     : ['held(node1)', 'locked_epoch1(node1)', '~ep_epoch0(node0)', '~ep_epoch3(node1)']
num_forall :   2
num_exists :   0
num_literals : 5
quantified form : forall NODE0,NODE1. ~held(NODE0) | ~locked_epoch1(NODE0) | ep_epoch0(NODE1) | ep_epoch3(NODE0) | NODE0 = NODE1
qcost : 7




=== Prime Orbit 106 =====================
size : 2
num_suborbits: 1
288 (*) : ----0---1---1--0----------
288     : ['held(node0)', 'locked_epoch1(node0)', '~ep_epoch0(node1)', '~locked_epoch2(node1)']
289     : 0--------1---10-----------
289     : ['held(node1)', 'locked_epoch1(node1)', '~ep_epoch0(node0)', '~locked_epoch2(node0)']
num_forall :   2
num_exists :   0
num_literals : 5
quantified form : forall NODE0,NODE1. ~held(NODE0) | ~locked_epoch1(NODE0) | ep_epoch0(NODE1) | locked_epoch2(NODE1) | NODE0 = NODE1
qcost : 7




=== Prime Orbit 107 =====================
size : 2
num_suborbits: 1
324 (*) : -----0--1----11-----------
324     : ['held(node0)', 'locked_epoch1(node1)', 'locked_epoch2(node0)', '~ep_epoch1(node1)']
325     : -0-------1--1--1----------
325     : ['held(node1)', 'locked_epoch1(node0)', 'locked_epoch2(node1)', '~ep_epoch1(node0)']
num_forall :   2
num_exists :   0
num_literals : 5
quantified form : forall NODE0,NODE1. ~held(NODE0) | ~locked_epoch1(NODE1) | ~locked_epoch2(NODE0) | ep_epoch1(NODE1) | NODE0 = NODE1
qcost : 7




=== Prime Orbit 108 =====================
size : 2
num_suborbits: 1
169 (*) : -----00-1----1------------
169     : ['held(node0)', 'locked_epoch1(node1)', '~ep_epoch1(node1)', '~ep_epoch2(node1)']
168     : -00------1--1-------------
168     : ['held(node1)', 'locked_epoch1(node0)', '~ep_epoch1(node0)', '~ep_epoch2(node0)']
num_forall :   2
num_exists :   0
num_literals : 5
quantified form : forall NODE0,NODE1. ~held(NODE0) | ~locked_epoch1(NODE1) | ep_epoch1(NODE1) | ep_epoch2(NODE1) | NODE0 = NODE1
qcost : 7




=== Prime Orbit 109 =====================
size : 2
num_suborbits: 1
267 (*) : ---0-0--1----1------------
267     : ['held(node0)', 'locked_epoch1(node1)', '~ep_epoch1(node1)', '~ep_epoch3(node0)']
266     : -0-----0-1--1-------------
266     : ['held(node1)', 'locked_epoch1(node0)', '~ep_epoch1(node0)', '~ep_epoch3(node1)']
num_forall :   2
num_exists :   0
num_literals : 5
quantified form : forall NODE0,NODE1. ~held(NODE0) | ~locked_epoch1(NODE1) | ep_epoch1(NODE1) | ep_epoch3(NODE0) | NODE0 = NODE1
qcost : 7




=== Prime Orbit 110 =====================
size : 2
num_suborbits: 1
269 (*) : -----0--1----1-0----------
269     : ['held(node0)', 'locked_epoch1(node1)', '~ep_epoch1(node1)', '~locked_epoch2(node1)']
268     : -0-------1--1-0-----------
268     : ['held(node1)', 'locked_epoch1(node0)', '~ep_epoch1(node0)', '~locked_epoch2(node0)']
num_forall :   2
num_exists :   0
num_literals : 5
quantified form : forall NODE0,NODE1. ~held(NODE0) | ~locked_epoch1(NODE1) | ep_epoch1(NODE1) | locked_epoch2(NODE1) | NODE0 = NODE1
qcost : 7




=== Prime Orbit 111 =====================
size : 2
num_suborbits: 1
140 (*) : --00----1----1------------
140     : ['held(node0)', 'locked_epoch1(node1)', '~ep_epoch2(node0)', '~ep_epoch3(node0)']
141     : ------00-1--1-------------
141     : ['held(node1)', 'locked_epoch1(node0)', '~ep_epoch2(node1)', '~ep_epoch3(node1)']
num_forall :   2
num_exists :   0
num_literals : 5
quantified form : forall NODE0,NODE1. ~held(NODE0) | ~locked_epoch1(NODE1) | ep_epoch2(NODE0) | ep_epoch3(NODE0) | NODE0 = NODE1
qcost : 7




=== Prime Orbit 112 =====================
size : 2
num_suborbits: 1
283 (*) : ---0----1----10-----------
283     : ['held(node0)', 'locked_epoch1(node1)', '~ep_epoch3(node0)', '~locked_epoch2(node0)']
282     : -------0-1--1--0----------
282     : ['held(node1)', 'locked_epoch1(node0)', '~ep_epoch3(node1)', '~locked_epoch2(node1)']
num_forall :   2
num_exists :   0
num_literals : 5
quantified form : forall NODE0,NODE1. ~held(NODE0) | ~locked_epoch1(NODE1) | ep_epoch3(NODE0) | locked_epoch2(NODE0) | NODE0 = NODE1
qcost : 7




=== Prime Orbit 113 =====================
size : 2
num_suborbits: 1
326 (*) : ----00--1-----1-----------
326     : ['held(node0)', 'locked_epoch2(node0)', '~ep_epoch0(node1)', '~ep_epoch1(node1)']
327     : 00-------1-----1----------
327     : ['held(node1)', 'locked_epoch2(node1)', '~ep_epoch0(node0)', '~ep_epoch1(node0)']
num_forall :   2
num_exists :   0
num_literals : 5
quantified form : forall NODE0,NODE1. ~held(NODE0) | ~locked_epoch2(NODE0) | ep_epoch0(NODE1) | ep_epoch1(NODE1) | NODE0 = NODE1
qcost : 7




=== Prime Orbit 114 =====================
size : 2
num_suborbits: 1
346 (*) : ----0---1----01-----------
346     : ['held(node0)', 'locked_epoch2(node0)', '~ep_epoch0(node1)', '~locked_epoch1(node1)']
347     : 0--------1--0--1----------
347     : ['held(node1)', 'locked_epoch2(node1)', '~ep_epoch0(node0)', '~locked_epoch1(node0)']
num_forall :   2
num_exists :   0
num_literals : 5
quantified form : forall NODE0,NODE1. ~held(NODE0) | ~locked_epoch2(NODE0) | ep_epoch0(NODE1) | locked_epoch1(NODE1) | NODE0 = NODE1
qcost : 7




=== Prime Orbit 115 =====================
size : 2
num_suborbits: 1
328 (*) : -----0--1---0-1-----------
328     : ['held(node0)', 'locked_epoch2(node0)', '~ep_epoch1(node1)', '~locked_epoch1(node0)']
329     : -0-------1---0-1----------
329     : ['held(node1)', 'locked_epoch2(node1)', '~ep_epoch1(node0)', '~locked_epoch1(node1)']
num_forall :   2
num_exists :   0
num_literals : 5
quantified form : forall NODE0,NODE1. ~held(NODE0) | ~locked_epoch2(NODE0) | ep_epoch1(NODE1) | locked_epoch1(NODE0) | NODE0 = NODE1
qcost : 7




=== Prime Orbit 116 =====================
size : 2
num_suborbits: 1
157 (*) : ----000-1-----------------
157     : ['held(node0)', '~ep_epoch0(node1)', '~ep_epoch1(node1)', '~ep_epoch2(node1)']
156     : 000------1----------------
156     : ['held(node1)', '~ep_epoch0(node0)', '~ep_epoch1(node0)', '~ep_epoch2(node0)']
num_forall :   2
num_exists :   0
num_literals : 5
quantified form : forall NODE0,NODE1. ~held(NODE0) | ep_epoch0(NODE1) | ep_epoch1(NODE1) | ep_epoch2(NODE1) | NODE0 = NODE1
qcost : 7




=== Prime Orbit 117 =====================
size : 2
num_suborbits: 1
261 (*) : ---000--1-----------------
261     : ['held(node0)', '~ep_epoch0(node1)', '~ep_epoch1(node1)', '~ep_epoch3(node0)']
260     : 00-----0-1----------------
260     : ['held(node1)', '~ep_epoch0(node0)', '~ep_epoch1(node0)', '~ep_epoch3(node1)']
num_forall :   2
num_exists :   0
num_literals : 5
quantified form : forall NODE0,NODE1. ~held(NODE0) | ep_epoch0(NODE1) | ep_epoch1(NODE1) | ep_epoch3(NODE0) | NODE0 = NODE1
qcost : 7




=== Prime Orbit 118 =====================
size : 2
num_suborbits: 1
273 (*) : ----00--1------0----------
273     : ['held(node0)', '~ep_epoch0(node1)', '~ep_epoch1(node1)', '~locked_epoch2(node1)']
272     : 00-------1----0-----------
272     : ['held(node1)', '~ep_epoch0(node0)', '~ep_epoch1(node0)', '~locked_epoch2(node0)']
num_forall :   2
num_exists :   0
num_literals : 5
quantified form : forall NODE0,NODE1. ~held(NODE0) | ep_epoch0(NODE1) | ep_epoch1(NODE1) | locked_epoch2(NODE1) | NODE0 = NODE1
qcost : 7




=== Prime Orbit 119 =====================
size : 2
num_suborbits: 1
146 (*) : --000---1-----------------
146     : ['held(node0)', '~ep_epoch0(node1)', '~ep_epoch2(node0)', '~ep_epoch3(node0)']
147     : 0-----00-1----------------
147     : ['held(node1)', '~ep_epoch0(node0)', '~ep_epoch2(node1)', '~ep_epoch3(node1)']
num_forall :   2
num_exists :   0
num_literals : 5
quantified form : forall NODE0,NODE1. ~held(NODE0) | ep_epoch0(NODE1) | ep_epoch2(NODE0) | ep_epoch3(NODE0) | NODE0 = NODE1
qcost : 7




=== Prime Orbit 120 =====================
size : 2
num_suborbits: 1
153 (*) : ----0-0-1----0------------
153     : ['held(node0)', '~ep_epoch0(node1)', '~ep_epoch2(node1)', '~locked_epoch1(node1)']
152     : 0-0------1--0-------------
152     : ['held(node1)', '~ep_epoch0(node0)', '~ep_epoch2(node0)', '~locked_epoch1(node0)']
num_forall :   2
num_exists :   0
num_literals : 5
quantified form : forall NODE0,NODE1. ~held(NODE0) | ep_epoch0(NODE1) | ep_epoch2(NODE1) | locked_epoch1(NODE1) | NODE0 = NODE1
qcost : 7




=== Prime Orbit 121 =====================
size : 2
num_suborbits: 1
263 (*) : ---00---1----0------------
263     : ['held(node0)', '~ep_epoch0(node1)', '~ep_epoch3(node0)', '~locked_epoch1(node1)']
262     : 0------0-1--0-------------
262     : ['held(node1)', '~ep_epoch0(node0)', '~ep_epoch3(node1)', '~locked_epoch1(node0)']
num_forall :   2
num_exists :   0
num_literals : 5
quantified form : forall NODE0,NODE1. ~held(NODE0) | ep_epoch0(NODE1) | ep_epoch3(NODE0) | locked_epoch1(NODE1) | NODE0 = NODE1
qcost : 7




=== Prime Orbit 122 =====================
size : 2
num_suborbits: 1
281 (*) : ---00---1-----0-----------
281     : ['held(node0)', '~ep_epoch0(node1)', '~ep_epoch3(node0)', '~locked_epoch2(node0)']
280     : 0------0-1-----0----------
280     : ['held(node1)', '~ep_epoch0(node0)', '~ep_epoch3(node1)', '~locked_epoch2(node1)']
num_forall :   2
num_exists :   0
num_literals : 5
quantified form : forall NODE0,NODE1. ~held(NODE0) | ep_epoch0(NODE1) | ep_epoch3(NODE0) | locked_epoch2(NODE0) | NODE0 = NODE1
qcost : 7




=== Prime Orbit 123 =====================
size : 2
num_suborbits: 1
275 (*) : ----0---1----0-0----------
275     : ['held(node0)', '~ep_epoch0(node1)', '~locked_epoch1(node1)', '~locked_epoch2(node1)']
274     : 0--------1--0-0-----------
274     : ['held(node1)', '~ep_epoch0(node0)', '~locked_epoch1(node0)', '~locked_epoch2(node0)']
num_forall :   2
num_exists :   0
num_literals : 5
quantified form : forall NODE0,NODE1. ~held(NODE0) | ep_epoch0(NODE1) | locked_epoch1(NODE1) | locked_epoch2(NODE1) | NODE0 = NODE1
qcost : 7




=== Prime Orbit 124 =====================
size : 2
num_suborbits: 1
144 (*) : -000----1-----------------
144     : ['held(node0)', '~ep_epoch1(node0)', '~ep_epoch2(node0)', '~ep_epoch3(node0)']
145     : -----000-1----------------
145     : ['held(node1)', '~ep_epoch1(node1)', '~ep_epoch2(node1)', '~ep_epoch3(node1)']
num_forall :   1
num_exists :   0
num_literals : 4
quantified form : forall NODE0. ~held(NODE0) | ep_epoch1(NODE0) | ep_epoch2(NODE0) | ep_epoch3(NODE0)
qcost : 5




=== Prime Orbit 125 =====================
size : 2
num_suborbits: 1
279 (*) : -0-0----1-----0-----------
279     : ['held(node0)', '~ep_epoch1(node0)', '~ep_epoch3(node0)', '~locked_epoch2(node0)']
278     : -----0-0-1-----0----------
278     : ['held(node1)', '~ep_epoch1(node1)', '~ep_epoch3(node1)', '~locked_epoch2(node1)']
num_forall :   1
num_exists :   0
num_literals : 4
quantified form : forall NODE0. ~held(NODE0) | ep_epoch1(NODE0) | ep_epoch3(NODE0) | locked_epoch2(NODE0)
qcost : 5




=== Prime Orbit 126 =====================
size : 2
num_suborbits: 1
163 (*) : -----00-1---0-------------
163     : ['held(node0)', '~ep_epoch1(node1)', '~ep_epoch2(node1)', '~locked_epoch1(node0)']
162     : -00------1---0------------
162     : ['held(node1)', '~ep_epoch1(node0)', '~ep_epoch2(node0)', '~locked_epoch1(node1)']
num_forall :   2
num_exists :   0
num_literals : 5
quantified form : forall NODE0,NODE1. ~held(NODE0) | ep_epoch1(NODE1) | ep_epoch2(NODE1) | locked_epoch1(NODE0) | NODE0 = NODE1
qcost : 7




=== Prime Orbit 127 =====================
size : 2
num_suborbits: 1
265 (*) : ---0-0--1---0-------------
265     : ['held(node0)', '~ep_epoch1(node1)', '~ep_epoch3(node0)', '~locked_epoch1(node0)']
264     : -0-----0-1---0------------
264     : ['held(node1)', '~ep_epoch1(node0)', '~ep_epoch3(node1)', '~locked_epoch1(node1)']
num_forall :   2
num_exists :   0
num_literals : 5
quantified form : forall NODE0,NODE1. ~held(NODE0) | ep_epoch1(NODE1) | ep_epoch3(NODE0) | locked_epoch1(NODE0) | NODE0 = NODE1
qcost : 7




=== Prime Orbit 128 =====================
size : 2
num_suborbits: 1
271 (*) : -----0--1---0--0----------
271     : ['held(node0)', '~ep_epoch1(node1)', '~locked_epoch1(node0)', '~locked_epoch2(node1)']
270     : -0-------1---00-----------
270     : ['held(node1)', '~ep_epoch1(node0)', '~locked_epoch1(node1)', '~locked_epoch2(node0)']
num_forall :   2
num_exists :   0
num_literals : 5
quantified form : forall NODE0,NODE1. ~held(NODE0) | ep_epoch1(NODE1) | locked_epoch1(NODE0) | locked_epoch2(NODE1) | NODE0 = NODE1
qcost : 7




=== Prime Orbit 129 =====================
size : 2
num_suborbits: 1
142 (*) : --00----1---0-------------
142     : ['held(node0)', '~ep_epoch2(node0)', '~ep_epoch3(node0)', '~locked_epoch1(node0)']
143     : ------00-1---0------------
143     : ['held(node1)', '~ep_epoch2(node1)', '~ep_epoch3(node1)', '~locked_epoch1(node1)']
num_forall :   1
num_exists :   0
num_literals : 4
quantified form : forall NODE0. ~held(NODE0) | ep_epoch2(NODE0) | ep_epoch3(NODE0) | locked_epoch1(NODE0)
qcost : 5




=== Prime Orbit 130 =====================
size : 2
num_suborbits: 1
277 (*) : ---0----1---0-0-----------
277     : ['held(node0)', '~ep_epoch3(node0)', '~locked_epoch1(node0)', '~locked_epoch2(node0)']
276     : -------0-1---0-0----------
276     : ['held(node1)', '~ep_epoch3(node1)', '~locked_epoch1(node1)', '~locked_epoch2(node1)']
num_forall :   1
num_exists :   0
num_literals : 4
quantified form : forall NODE0. ~held(NODE0) | ep_epoch3(NODE0) | locked_epoch1(NODE0) | locked_epoch2(NODE0)
qcost : 5




=== Prime Orbit 131 =====================
size : 4
num_suborbits: 2
357 (*) : ----0-------1-1---------1-
357     : ['locked_epoch1(node0)', 'locked_epoch2(node0)', 'transfer_epoch3(node0)', '~ep_epoch0(node1)']
424     : ----0-------1-1----------1
424     : ['locked_epoch1(node0)', 'locked_epoch2(node0)', 'transfer_epoch3(node1)', '~ep_epoch0(node1)']
425     : 0------------1-1--------1-
425     : ['locked_epoch1(node1)', 'locked_epoch2(node1)', 'transfer_epoch3(node0)', '~ep_epoch0(node0)']
356     : 0------------1-1---------1
356     : ['locked_epoch1(node1)', 'locked_epoch2(node1)', 'transfer_epoch3(node1)', '~ep_epoch0(node0)']
num_forall :   3
num_exists :   0
num_literals : 8
quantified form : forall NODE2,NODE0,NODE1. ~locked_epoch1(NODE0) | ~locked_epoch2(NODE0) | ~transfer_epoch3(NODE1) | ep_epoch0(NODE2) | ((NODE0 ~= NODE1 | NODE0 = NODE2) & (NODE1 ~= NODE2 | NODE0 = NODE1))
qcost : 11




=== Prime Orbit 132 =====================
size : 2
num_suborbits: 1
204 (*) : --0-0-------1-1-----------
204     : ['locked_epoch1(node0)', 'locked_epoch2(node0)', '~ep_epoch0(node1)', '~ep_epoch2(node0)']
205     : 0-----0------1-1----------
205     : ['locked_epoch1(node1)', 'locked_epoch2(node1)', '~ep_epoch0(node0)', '~ep_epoch2(node1)']
num_forall :   2
num_exists :   0
num_literals : 5
quantified form : forall NODE0,NODE1. ~locked_epoch1(NODE0) | ~locked_epoch2(NODE0) | ep_epoch0(NODE1) | ep_epoch2(NODE0) | NODE0 = NODE1
qcost : 7




=== Prime Orbit 133 =====================
size : 2
num_suborbits: 1
308 (*) : ----0--0----1-1-----------
308     : ['locked_epoch1(node0)', 'locked_epoch2(node0)', '~ep_epoch0(node1)', '~ep_epoch3(node1)']
309     : 0--0---------1-1----------
309     : ['locked_epoch1(node1)', 'locked_epoch2(node1)', '~ep_epoch0(node0)', '~ep_epoch3(node0)']
num_forall :   2
num_exists :   0
num_literals : 5
quantified form : forall NODE0,NODE1. ~locked_epoch1(NODE0) | ~locked_epoch2(NODE0) | ep_epoch0(NODE1) | ep_epoch3(NODE1) | NODE0 = NODE1
qcost : 7




=== Prime Orbit 134 =====================
size : 2
num_suborbits: 1
314 (*) : ----0----0--1-1-----------
314     : ['locked_epoch1(node0)', 'locked_epoch2(node0)', '~ep_epoch0(node1)', '~held(node1)']
315     : 0-------0----1-1----------
315     : ['locked_epoch1(node1)', 'locked_epoch2(node1)', '~ep_epoch0(node0)', '~held(node0)']
num_forall :   2
num_exists :   0
num_literals : 5
quantified form : forall NODE0,NODE1. ~locked_epoch1(NODE0) | ~locked_epoch2(NODE0) | ep_epoch0(NODE1) | held(NODE1) | NODE0 = NODE1
qcost : 7




=== Prime Orbit 135 =====================
size : 4
num_suborbits: 2
433 (*) : -0----------1--1--------1-
433     : ['locked_epoch1(node0)', 'locked_epoch2(node1)', 'transfer_epoch3(node0)', '~ep_epoch1(node0)']
352     : -0----------1--1---------1
352     : ['locked_epoch1(node0)', 'locked_epoch2(node1)', 'transfer_epoch3(node1)', '~ep_epoch1(node0)']
353     : -----0-------11---------1-
353     : ['locked_epoch1(node1)', 'locked_epoch2(node0)', 'transfer_epoch3(node0)', '~ep_epoch1(node1)']
432     : -----0-------11----------1
432     : ['locked_epoch1(node1)', 'locked_epoch2(node0)', 'transfer_epoch3(node1)', '~ep_epoch1(node1)']
num_forall :   3
num_exists :   0
num_literals : 8
quantified form : forall NODE2,NODE0,NODE1. ~locked_epoch1(NODE0) | ~locked_epoch2(NODE1) | ~transfer_epoch3(NODE2) | ep_epoch1(NODE0) | ((NODE1 ~= NODE2 | NODE0 = NODE1) & (NODE0 ~= NODE2 | NODE0 = NODE1))
qcost : 11




=== Prime Orbit 136 =====================
size : 2
num_suborbits: 1
207 (*) : -0----0-----1--1----------
207     : ['locked_epoch1(node0)', 'locked_epoch2(node1)', '~ep_epoch1(node0)', '~ep_epoch2(node1)']
206     : --0--0-------11-----------
206     : ['locked_epoch1(node1)', 'locked_epoch2(node0)', '~ep_epoch1(node1)', '~ep_epoch2(node0)']
num_forall :   2
num_exists :   0
num_literals : 5
quantified form : forall NODE0,NODE1. ~locked_epoch1(NODE0) | ~locked_epoch2(NODE1) | ep_epoch1(NODE0) | ep_epoch2(NODE1) | NODE0 = NODE1
qcost : 7




=== Prime Orbit 137 =====================
size : 2
num_suborbits: 1
321 (*) : -0-0--------1--1----------
321     : ['locked_epoch1(node0)', 'locked_epoch2(node1)', '~ep_epoch1(node0)', '~ep_epoch3(node0)']
320     : -----0-0-----11-----------
320     : ['locked_epoch1(node1)', 'locked_epoch2(node0)', '~ep_epoch1(node1)', '~ep_epoch3(node1)']
num_forall :   2
num_exists :   0
num_literals : 5
quantified form : forall NODE0,NODE1. ~locked_epoch1(NODE0) | ~locked_epoch2(NODE1) | ep_epoch1(NODE0) | ep_epoch3(NODE0) | NODE0 = NODE1
qcost : 7




=== Prime Orbit 138 =====================
size : 2
num_suborbits: 1
323 (*) : -0------0---1--1----------
323     : ['locked_epoch1(node0)', 'locked_epoch2(node1)', '~ep_epoch1(node0)', '~held(node0)']
322     : -----0---0---11-----------
322     : ['locked_epoch1(node1)', 'locked_epoch2(node0)', '~ep_epoch1(node1)', '~held(node1)']
num_forall :   2
num_exists :   0
num_literals : 5
quantified form : forall NODE0,NODE1. ~locked_epoch1(NODE0) | ~locked_epoch2(NODE1) | ep_epoch1(NODE0) | held(NODE0) | NODE0 = NODE1
qcost : 7




=== Prime Orbit 139 =====================
size : 4
num_suborbits: 2
367 (*) : -0--0-------1-----------1-
367     : ['locked_epoch1(node0)', 'transfer_epoch3(node0)', '~ep_epoch0(node1)', '~ep_epoch1(node0)']
392     : -0--0-------1------------1
392     : ['locked_epoch1(node0)', 'transfer_epoch3(node1)', '~ep_epoch0(node1)', '~ep_epoch1(node0)']
393     : 0----0-------1----------1-
393     : ['locked_epoch1(node1)', 'transfer_epoch3(node0)', '~ep_epoch0(node0)', '~ep_epoch1(node1)']
366     : 0----0-------1-----------1
366     : ['locked_epoch1(node1)', 'transfer_epoch3(node1)', '~ep_epoch0(node0)', '~ep_epoch1(node1)']
num_forall :   3
num_exists :   0
num_literals : 8
quantified form : forall NODE2,NODE0,NODE1. ~locked_epoch1(NODE0) | ~transfer_epoch3(NODE1) | ep_epoch0(NODE2) | ep_epoch1(NODE0) | ((NODE0 ~= NODE1 | NODE0 = NODE2) & (NODE1 ~= NODE2 | NODE0 = NODE1))
qcost : 11




=== Prime Orbit 140 =====================
size : 4
num_suborbits: 2
129 (*) : ----0-0-----1-----------1-
129     : ['locked_epoch1(node0)', 'transfer_epoch3(node0)', '~ep_epoch0(node1)', '~ep_epoch2(node1)']
376     : ----0-0-----1------------1
376     : ['locked_epoch1(node0)', 'transfer_epoch3(node1)', '~ep_epoch0(node1)', '~ep_epoch2(node1)']
377     : 0-0----------1----------1-
377     : ['locked_epoch1(node1)', 'transfer_epoch3(node0)', '~ep_epoch0(node0)', '~ep_epoch2(node0)']
128     : 0-0----------1-----------1
128     : ['locked_epoch1(node1)', 'transfer_epoch3(node1)', '~ep_epoch0(node0)', '~ep_epoch2(node0)']
num_forall :   3
num_exists :   0
num_literals : 8
quantified form : forall NODE2,NODE0,NODE1. ~locked_epoch1(NODE0) | ~transfer_epoch3(NODE1) | ep_epoch0(NODE2) | ep_epoch2(NODE2) | ((NODE0 ~= NODE1 | NODE0 = NODE2) & (NODE1 ~= NODE2 | NODE0 = NODE1))
qcost : 11




=== Prime Orbit 141 =====================
size : 4
num_suborbits: 2
365 (*) : ----0-------1--0--------1-
365     : ['locked_epoch1(node0)', 'transfer_epoch3(node0)', '~ep_epoch0(node1)', '~locked_epoch2(node1)']
404     : ----0-------1--0---------1
404     : ['locked_epoch1(node0)', 'transfer_epoch3(node1)', '~ep_epoch0(node1)', '~locked_epoch2(node1)']
405     : 0------------10---------1-
405     : ['locked_epoch1(node1)', 'transfer_epoch3(node0)', '~ep_epoch0(node0)', '~locked_epoch2(node0)']
364     : 0------------10----------1
364     : ['locked_epoch1(node1)', 'transfer_epoch3(node1)', '~ep_epoch0(node0)', '~locked_epoch2(node0)']
num_forall :   3
num_exists :   0
num_literals : 8
quantified form : forall NODE2,NODE0,NODE1. ~locked_epoch1(NODE0) | ~transfer_epoch3(NODE1) | ep_epoch0(NODE2) | locked_epoch2(NODE2) | ((NODE0 ~= NODE1 | NODE0 = NODE2) & (NODE1 ~= NODE2 | NODE0 = NODE1))
qcost : 11




=== Prime Orbit 142 =====================
size : 4
num_suborbits: 2
371 (*) : -00---------1-----------1-
371     : ['locked_epoch1(node0)', 'transfer_epoch3(node0)', '~ep_epoch1(node0)', '~ep_epoch2(node0)']
184     : -00---------1------------1
184     : ['locked_epoch1(node0)', 'transfer_epoch3(node1)', '~ep_epoch1(node0)', '~ep_epoch2(node0)']
185     : -----00------1----------1-
185     : ['locked_epoch1(node1)', 'transfer_epoch3(node0)', '~ep_epoch1(node1)', '~ep_epoch2(node1)']
370     : -----00------1-----------1
370     : ['locked_epoch1(node1)', 'transfer_epoch3(node1)', '~ep_epoch1(node1)', '~ep_epoch2(node1)']
num_forall :   2
num_exists :   0
num_literals : 4
quantified form : forall NODE0,NODE1. ~locked_epoch1(NODE0) | ~transfer_epoch3(NODE1) | ep_epoch1(NODE0) | ep_epoch2(NODE0)
qcost : 6




=== Prime Orbit 143 =====================
size : 4
num_suborbits: 2
403 (*) : -0----------1-0---------1-
403     : ['locked_epoch1(node0)', 'transfer_epoch3(node0)', '~ep_epoch1(node0)', '~locked_epoch2(node0)']
394     : -0----------1-0----------1
394     : ['locked_epoch1(node0)', 'transfer_epoch3(node1)', '~ep_epoch1(node0)', '~locked_epoch2(node0)']
395     : -----0-------1-0--------1-
395     : ['locked_epoch1(node1)', 'transfer_epoch3(node0)', '~ep_epoch1(node1)', '~locked_epoch2(node1)']
402     : -----0-------1-0---------1
402     : ['locked_epoch1(node1)', 'transfer_epoch3(node1)', '~ep_epoch1(node1)', '~locked_epoch2(node1)']
num_forall :   2
num_exists :   0
num_literals : 4
quantified form : forall NODE0,NODE1. ~locked_epoch1(NODE0) | ~transfer_epoch3(NODE1) | ep_epoch1(NODE0) | locked_epoch2(NODE0)
qcost : 6




=== Prime Orbit 144 =====================
size : 2
num_suborbits: 1
133 (*) : ----0-00----1-------------
133     : ['locked_epoch1(node0)', '~ep_epoch0(node1)', '~ep_epoch2(node1)', '~ep_epoch3(node1)']
132     : 0-00---------1------------
132     : ['locked_epoch1(node1)', '~ep_epoch0(node0)', '~ep_epoch2(node0)', '~ep_epoch3(node0)']
num_forall :   2
num_exists :   0
num_literals : 5
quantified form : forall NODE0,NODE1. ~locked_epoch1(NODE0) | ep_epoch0(NODE1) | ep_epoch2(NODE1) | ep_epoch3(NODE1) | NODE0 = NODE1
qcost : 7




=== Prime Orbit 145 =====================
size : 2
num_suborbits: 1
137 (*) : ----0-0--0--1-------------
137     : ['locked_epoch1(node0)', '~ep_epoch0(node1)', '~ep_epoch2(node1)', '~held(node1)']
136     : 0-0-----0----1------------
136     : ['locked_epoch1(node1)', '~ep_epoch0(node0)', '~ep_epoch2(node0)', '~held(node0)']
num_forall :   2
num_exists :   0
num_literals : 5
quantified form : forall NODE0,NODE1. ~locked_epoch1(NODE0) | ep_epoch0(NODE1) | ep_epoch2(NODE1) | held(NODE1) | NODE0 = NODE1
qcost : 7




=== Prime Orbit 146 =====================
size : 2
num_suborbits: 1
284 (*) : ----0--0----1--0----------
284     : ['locked_epoch1(node0)', '~ep_epoch0(node1)', '~ep_epoch3(node1)', '~locked_epoch2(node1)']
285     : 0--0---------10-----------
285     : ['locked_epoch1(node1)', '~ep_epoch0(node0)', '~ep_epoch3(node0)', '~locked_epoch2(node0)']
num_forall :   2
num_exists :   0
num_literals : 5
quantified form : forall NODE0,NODE1. ~locked_epoch1(NODE0) | ep_epoch0(NODE1) | ep_epoch3(NODE1) | locked_epoch2(NODE1) | NODE0 = NODE1
qcost : 7




=== Prime Orbit 147 =====================
size : 2
num_suborbits: 1
251 (*) : ----0----0--1--0----------
251     : ['locked_epoch1(node0)', '~ep_epoch0(node1)', '~held(node1)', '~locked_epoch2(node1)']
250     : 0-------0----10-----------
250     : ['locked_epoch1(node1)', '~ep_epoch0(node0)', '~held(node0)', '~locked_epoch2(node0)']
num_forall :   2
num_exists :   0
num_literals : 5
quantified form : forall NODE0,NODE1. ~locked_epoch1(NODE0) | ep_epoch0(NODE1) | held(NODE1) | locked_epoch2(NODE1) | NODE0 = NODE1
qcost : 7




=== Prime Orbit 148 =====================
size : 2
num_suborbits: 1
166 (*) : -000--------1-------------
166     : ['locked_epoch1(node0)', '~ep_epoch1(node0)', '~ep_epoch2(node0)', '~ep_epoch3(node0)']
167     : -----000-----1------------
167     : ['locked_epoch1(node1)', '~ep_epoch1(node1)', '~ep_epoch2(node1)', '~ep_epoch3(node1)']
num_forall :   1
num_exists :   0
num_literals : 4
quantified form : forall NODE0. ~locked_epoch1(NODE0) | ep_epoch1(NODE0) | ep_epoch2(NODE0) | ep_epoch3(NODE0)
qcost : 5




=== Prime Orbit 149 =====================
size : 2
num_suborbits: 1
164 (*) : -00-----0---1-------------
164     : ['locked_epoch1(node0)', '~ep_epoch1(node0)', '~ep_epoch2(node0)', '~held(node0)']
165     : -----00--0---1------------
165     : ['locked_epoch1(node1)', '~ep_epoch1(node1)', '~ep_epoch2(node1)', '~held(node1)']
num_forall :   1
num_exists :   0
num_literals : 4
quantified form : forall NODE0. ~locked_epoch1(NODE0) | ep_epoch1(NODE0) | ep_epoch2(NODE0) | held(NODE0)
qcost : 5




=== Prime Orbit 150 =====================
size : 2
num_suborbits: 1
292 (*) : -0-0--------1-0-----------
292     : ['locked_epoch1(node0)', '~ep_epoch1(node0)', '~ep_epoch3(node0)', '~locked_epoch2(node0)']
293     : -----0-0-----1-0----------
293     : ['locked_epoch1(node1)', '~ep_epoch1(node1)', '~ep_epoch3(node1)', '~locked_epoch2(node1)']
num_forall :   1
num_exists :   0
num_literals : 4
quantified form : forall NODE0. ~locked_epoch1(NODE0) | ep_epoch1(NODE0) | ep_epoch3(NODE0) | locked_epoch2(NODE0)
qcost : 5




=== Prime Orbit 151 =====================
size : 2
num_suborbits: 1
248 (*) : -0------0---1-0-----------
248     : ['locked_epoch1(node0)', '~ep_epoch1(node0)', '~held(node0)', '~locked_epoch2(node0)']
249     : -----0---0---1-0----------
249     : ['locked_epoch1(node1)', '~ep_epoch1(node1)', '~held(node1)', '~locked_epoch2(node1)']
num_forall :   1
num_exists :   0
num_literals : 4
quantified form : forall NODE0. ~locked_epoch1(NODE0) | ep_epoch1(NODE0) | held(NODE0) | locked_epoch2(NODE0)
qcost : 5




=== Prime Orbit 152 =====================
size : 4
num_suborbits: 2
351 (*) : ----00--------1---------1-
351     : ['locked_epoch2(node0)', 'transfer_epoch3(node0)', '~ep_epoch0(node1)', '~ep_epoch1(node1)']
426     : ----00--------1----------1
426     : ['locked_epoch2(node0)', 'transfer_epoch3(node1)', '~ep_epoch0(node1)', '~ep_epoch1(node1)']
427     : 00-------------1--------1-
427     : ['locked_epoch2(node1)', 'transfer_epoch3(node0)', '~ep_epoch0(node0)', '~ep_epoch1(node0)']
350     : 00-------------1---------1
350     : ['locked_epoch2(node1)', 'transfer_epoch3(node1)', '~ep_epoch0(node0)', '~ep_epoch1(node0)']
num_forall :   3
num_exists :   0
num_literals : 8
quantified form : forall NODE2,NODE0,NODE1. ~locked_epoch2(NODE0) | ~transfer_epoch3(NODE1) | ep_epoch0(NODE2) | ep_epoch1(NODE2) | ((NODE0 ~= NODE1 | NODE0 = NODE2) & (NODE1 ~= NODE2 | NODE0 = NODE1))
qcost : 11




=== Prime Orbit 153 =====================
size : 4
num_suborbits: 2
355 (*) : ----0--------01---------1-
355     : ['locked_epoch2(node0)', 'transfer_epoch3(node0)', '~ep_epoch0(node1)', '~locked_epoch1(node1)']
428     : ----0--------01----------1
428     : ['locked_epoch2(node0)', 'transfer_epoch3(node1)', '~ep_epoch0(node1)', '~locked_epoch1(node1)']
429     : 0-----------0--1--------1-
429     : ['locked_epoch2(node1)', 'transfer_epoch3(node0)', '~ep_epoch0(node0)', '~locked_epoch1(node0)']
354     : 0-----------0--1---------1
354     : ['locked_epoch2(node1)', 'transfer_epoch3(node1)', '~ep_epoch0(node0)', '~locked_epoch1(node0)']
num_forall :   3
num_exists :   0
num_literals : 8
quantified form : forall NODE2,NODE0,NODE1. ~locked_epoch2(NODE0) | ~transfer_epoch3(NODE1) | ep_epoch0(NODE2) | locked_epoch1(NODE2) | ((NODE0 ~= NODE1 | NODE0 = NODE2) & (NODE1 ~= NODE2 | NODE0 = NODE1))
qcost : 11




=== Prime Orbit 154 =====================
size : 4
num_suborbits: 2
349 (*) : -----0------0-1---------1-
349     : ['locked_epoch2(node0)', 'transfer_epoch3(node0)', '~ep_epoch1(node1)', '~locked_epoch1(node0)']
430     : -----0------0-1----------1
430     : ['locked_epoch2(node0)', 'transfer_epoch3(node1)', '~ep_epoch1(node1)', '~locked_epoch1(node0)']
431     : -0-----------0-1--------1-
431     : ['locked_epoch2(node1)', 'transfer_epoch3(node0)', '~ep_epoch1(node0)', '~locked_epoch1(node1)']
348     : -0-----------0-1---------1
348     : ['locked_epoch2(node1)', 'transfer_epoch3(node1)', '~ep_epoch1(node0)', '~locked_epoch1(node1)']
num_forall :   3
num_exists :   0
num_literals : 8
quantified form : forall NODE2,NODE0,NODE1. ~locked_epoch2(NODE0) | ~transfer_epoch3(NODE1) | ep_epoch1(NODE2) | locked_epoch1(NODE0) | ((NODE0 ~= NODE1 | NODE0 = NODE2) & (NODE1 ~= NODE2 | NODE0 = NODE1))
qcost : 11




=== Prime Orbit 155 =====================
size : 2
num_suborbits: 1
200 (*) : --0-00--------1-----------
200     : ['locked_epoch2(node0)', '~ep_epoch0(node1)', '~ep_epoch1(node1)', '~ep_epoch2(node0)']
201     : 00----0--------1----------
201     : ['locked_epoch2(node1)', '~ep_epoch0(node0)', '~ep_epoch1(node0)', '~ep_epoch2(node1)']
num_forall :   2
num_exists :   0
num_literals : 5
quantified form : forall NODE0,NODE1. ~locked_epoch2(NODE0) | ep_epoch0(NODE1) | ep_epoch1(NODE1) | ep_epoch2(NODE0) | NODE0 = NODE1
qcost : 7




=== Prime Orbit 156 =====================
size : 2
num_suborbits: 1
310 (*) : ----00-0------1-----------
310     : ['locked_epoch2(node0)', '~ep_epoch0(node1)', '~ep_epoch1(node1)', '~ep_epoch3(node1)']
311     : 00-0-----------1----------
311     : ['locked_epoch2(node1)', '~ep_epoch0(node0)', '~ep_epoch1(node0)', '~ep_epoch3(node0)']
num_forall :   2
num_exists :   0
num_literals : 5
quantified form : forall NODE0,NODE1. ~locked_epoch2(NODE0) | ep_epoch0(NODE1) | ep_epoch1(NODE1) | ep_epoch3(NODE1) | NODE0 = NODE1
qcost : 7




=== Prime Orbit 157 =====================
size : 2
num_suborbits: 1
312 (*) : ----00---0----1-----------
312     : ['locked_epoch2(node0)', '~ep_epoch0(node1)', '~ep_epoch1(node1)', '~held(node1)']
313     : 00------0------1----------
313     : ['locked_epoch2(node1)', '~ep_epoch0(node0)', '~ep_epoch1(node0)', '~held(node0)']
num_forall :   2
num_exists :   0
num_literals : 5
quantified form : forall NODE0,NODE1. ~locked_epoch2(NODE0) | ep_epoch0(NODE1) | ep_epoch1(NODE1) | held(NODE1) | NODE0 = NODE1
qcost : 7




=== Prime Orbit 158 =====================
size : 2
num_suborbits: 1
202 (*) : --0-0--------01-----------
202     : ['locked_epoch2(node0)', '~ep_epoch0(node1)', '~ep_epoch2(node0)', '~locked_epoch1(node1)']
203     : 0-----0-----0--1----------
203     : ['locked_epoch2(node1)', '~ep_epoch0(node0)', '~ep_epoch2(node1)', '~locked_epoch1(node0)']
num_forall :   2
num_exists :   0
num_literals : 5
quantified form : forall NODE0,NODE1. ~locked_epoch2(NODE0) | ep_epoch0(NODE1) | ep_epoch2(NODE0) | locked_epoch1(NODE1) | NODE0 = NODE1
qcost : 7




=== Prime Orbit 159 =====================
size : 2
num_suborbits: 1
342 (*) : ----0--0-----01-----------
342     : ['locked_epoch2(node0)', '~ep_epoch0(node1)', '~ep_epoch3(node1)', '~locked_epoch1(node1)']
343     : 0--0--------0--1----------
343     : ['locked_epoch2(node1)', '~ep_epoch0(node0)', '~ep_epoch3(node0)', '~locked_epoch1(node0)']
num_forall :   2
num_exists :   0
num_literals : 5
quantified form : forall NODE0,NODE1. ~locked_epoch2(NODE0) | ep_epoch0(NODE1) | ep_epoch3(NODE1) | locked_epoch1(NODE1) | NODE0 = NODE1
qcost : 7




=== Prime Orbit 160 =====================
size : 2
num_suborbits: 1
344 (*) : ----0----0---01-----------
344     : ['locked_epoch2(node0)', '~ep_epoch0(node1)', '~held(node1)', '~locked_epoch1(node1)']
345     : 0-------0---0--1----------
345     : ['locked_epoch2(node1)', '~ep_epoch0(node0)', '~held(node0)', '~locked_epoch1(node0)']
num_forall :   2
num_exists :   0
num_literals : 5
quantified form : forall NODE0,NODE1. ~locked_epoch2(NODE0) | ep_epoch0(NODE1) | held(NODE1) | locked_epoch1(NODE1) | NODE0 = NODE1
qcost : 7




=== Prime Orbit 161 =====================
size : 2
num_suborbits: 1
208 (*) : --0--0------0-1-----------
208     : ['locked_epoch2(node0)', '~ep_epoch1(node1)', '~ep_epoch2(node0)', '~locked_epoch1(node0)']
209     : -0----0------0-1----------
209     : ['locked_epoch2(node1)', '~ep_epoch1(node0)', '~ep_epoch2(node1)', '~locked_epoch1(node1)']
num_forall :   2
num_exists :   0
num_literals : 5
quantified form : forall NODE0,NODE1. ~locked_epoch2(NODE0) | ep_epoch1(NODE1) | ep_epoch2(NODE0) | locked_epoch1(NODE0) | NODE0 = NODE1
qcost : 7




=== Prime Orbit 162 =====================
size : 2
num_suborbits: 1
318 (*) : -----0-0----0-1-----------
318     : ['locked_epoch2(node0)', '~ep_epoch1(node1)', '~ep_epoch3(node1)', '~locked_epoch1(node0)']
319     : -0-0---------0-1----------
319     : ['locked_epoch2(node1)', '~ep_epoch1(node0)', '~ep_epoch3(node0)', '~locked_epoch1(node1)']
num_forall :   2
num_exists :   0
num_literals : 5
quantified form : forall NODE0,NODE1. ~locked_epoch2(NODE0) | ep_epoch1(NODE1) | ep_epoch3(NODE1) | locked_epoch1(NODE0) | NODE0 = NODE1
qcost : 7




=== Prime Orbit 163 =====================
size : 2
num_suborbits: 1
316 (*) : -----0---0--0-1-----------
316     : ['locked_epoch2(node0)', '~ep_epoch1(node1)', '~held(node1)', '~locked_epoch1(node0)']
317     : -0------0----0-1----------
317     : ['locked_epoch2(node1)', '~ep_epoch1(node0)', '~held(node0)', '~locked_epoch1(node1)']
num_forall :   2
num_exists :   0
num_literals : 5
quantified form : forall NODE0,NODE1. ~locked_epoch2(NODE0) | ep_epoch1(NODE1) | held(NODE1) | locked_epoch1(NODE0) | NODE0 = NODE1
qcost : 7




=== Prime Orbit 164 =====================
size : 4
num_suborbits: 2
373 (*) : 000---------------------1-
373     : ['transfer_epoch3(node0)', '~ep_epoch0(node0)', '~ep_epoch1(node0)', '~ep_epoch2(node0)']
181     : ----000-----------------1-
181     : ['transfer_epoch3(node0)', '~ep_epoch0(node1)', '~ep_epoch1(node1)', '~ep_epoch2(node1)']
180     : 000----------------------1
180     : ['transfer_epoch3(node1)', '~ep_epoch0(node0)', '~ep_epoch1(node0)', '~ep_epoch2(node0)']
372     : ----000------------------1
372     : ['transfer_epoch3(node1)', '~ep_epoch0(node1)', '~ep_epoch1(node1)', '~ep_epoch2(node1)']
num_forall :   2
num_exists :   0
num_literals : 4
quantified form : forall NODE0,NODE1. ~transfer_epoch3(NODE0) | ep_epoch0(NODE1) | ep_epoch1(NODE1) | ep_epoch2(NODE1)
qcost : 6




=== Prime Orbit 165 =====================
size : 4
num_suborbits: 2
399 (*) : 00------------0---------1-
399     : ['transfer_epoch3(node0)', '~ep_epoch0(node0)', '~ep_epoch1(node0)', '~locked_epoch2(node0)']
387     : ----00---------0--------1-
387     : ['transfer_epoch3(node0)', '~ep_epoch0(node1)', '~ep_epoch1(node1)', '~locked_epoch2(node1)']
386     : 00------------0----------1
386     : ['transfer_epoch3(node1)', '~ep_epoch0(node0)', '~ep_epoch1(node0)', '~locked_epoch2(node0)']
398     : ----00---------0---------1
398     : ['transfer_epoch3(node1)', '~ep_epoch0(node1)', '~ep_epoch1(node1)', '~locked_epoch2(node1)']
num_forall :   2
num_exists :   0
num_literals : 4
quantified form : forall NODE0,NODE1. ~transfer_epoch3(NODE0) | ep_epoch0(NODE1) | ep_epoch1(NODE1) | locked_epoch2(NODE1)
qcost : 6




=== Prime Orbit 166 =====================
size : 4
num_suborbits: 2
389 (*) : 0----0------0-----------1-
389     : ['transfer_epoch3(node0)', '~ep_epoch0(node0)', '~ep_epoch1(node1)', '~locked_epoch1(node0)']
361     : -0--0--------0----------1-
361     : ['transfer_epoch3(node0)', '~ep_epoch0(node1)', '~ep_epoch1(node0)', '~locked_epoch1(node1)']
360     : 0----0------0------------1
360     : ['transfer_epoch3(node1)', '~ep_epoch0(node0)', '~ep_epoch1(node1)', '~locked_epoch1(node0)']
388     : -0--0--------0-----------1
388     : ['transfer_epoch3(node1)', '~ep_epoch0(node1)', '~ep_epoch1(node0)', '~locked_epoch1(node1)']
num_forall :   3
num_exists :   0
num_literals : 8
quantified form : forall NODE2,NODE0,NODE1. ~transfer_epoch3(NODE0) | ep_epoch0(NODE1) | ep_epoch1(NODE2) | locked_epoch1(NODE1) | ((NODE0 ~= NODE2 | NODE0 = NODE1) & (NODE0 ~= NODE1 | NODE0 = NODE2))
qcost : 11




=== Prime Orbit 167 =====================
size : 4
num_suborbits: 2
379 (*) : 0-0---------0-----------1-
379     : ['transfer_epoch3(node0)', '~ep_epoch0(node0)', '~ep_epoch2(node0)', '~locked_epoch1(node0)']
131     : ----0-0------0----------1-
131     : ['transfer_epoch3(node0)', '~ep_epoch0(node1)', '~ep_epoch2(node1)', '~locked_epoch1(node1)']
130     : 0-0---------0------------1
130     : ['transfer_epoch3(node1)', '~ep_epoch0(node0)', '~ep_epoch2(node0)', '~locked_epoch1(node0)']
378     : ----0-0------0-----------1
378     : ['transfer_epoch3(node1)', '~ep_epoch0(node1)', '~ep_epoch2(node1)', '~locked_epoch1(node1)']
num_forall :   2
num_exists :   0
num_literals : 4
quantified form : forall NODE0,NODE1. ~transfer_epoch3(NODE0) | ep_epoch0(NODE1) | ep_epoch2(NODE1) | locked_epoch1(NODE1)
qcost : 6




=== Prime Orbit 168 =====================
size : 4
num_suborbits: 2
401 (*) : 0-----------0-0---------1-
401     : ['transfer_epoch3(node0)', '~ep_epoch0(node0)', '~locked_epoch1(node0)', '~locked_epoch2(node0)']
359     : ----0--------0-0--------1-
359     : ['transfer_epoch3(node0)', '~ep_epoch0(node1)', '~locked_epoch1(node1)', '~locked_epoch2(node1)']
358     : 0-----------0-0----------1
358     : ['transfer_epoch3(node1)', '~ep_epoch0(node0)', '~locked_epoch1(node0)', '~locked_epoch2(node0)']
400     : ----0--------0-0---------1
400     : ['transfer_epoch3(node1)', '~ep_epoch0(node1)', '~locked_epoch1(node1)', '~locked_epoch2(node1)']
num_forall :   2
num_exists :   0
num_literals : 4
quantified form : forall NODE0,NODE1. ~transfer_epoch3(NODE0) | ep_epoch0(NODE1) | locked_epoch1(NODE1) | locked_epoch2(NODE1)
qcost : 6




=== Prime Orbit 169 =====================
size : 4
num_suborbits: 2
375 (*) : -00----------0----------1-
375     : ['transfer_epoch3(node0)', '~ep_epoch1(node0)', '~ep_epoch2(node0)', '~locked_epoch1(node1)']
183     : -----00-----0-----------1-
183     : ['transfer_epoch3(node0)', '~ep_epoch1(node1)', '~ep_epoch2(node1)', '~locked_epoch1(node0)']
182     : -00----------0-----------1
182     : ['transfer_epoch3(node1)', '~ep_epoch1(node0)', '~ep_epoch2(node0)', '~locked_epoch1(node1)']
374     : -----00-----0------------1
374     : ['transfer_epoch3(node1)', '~ep_epoch1(node1)', '~ep_epoch2(node1)', '~locked_epoch1(node0)']
num_forall :   3
num_exists :   0
num_literals : 8
quantified form : forall NODE2,NODE0,NODE1. ~transfer_epoch3(NODE0) | ep_epoch1(NODE1) | ep_epoch2(NODE1) | locked_epoch1(NODE2) | ((NODE0 ~= NODE2 | NODE0 = NODE1) & (NODE0 ~= NODE1 | NODE0 = NODE2))
qcost : 11




=== Prime Orbit 170 =====================
size : 4
num_suborbits: 2
397 (*) : -0-----------00---------1-
397     : ['transfer_epoch3(node0)', '~ep_epoch1(node0)', '~locked_epoch1(node1)', '~locked_epoch2(node0)']
391     : -----0------0--0--------1-
391     : ['transfer_epoch3(node0)', '~ep_epoch1(node1)', '~locked_epoch1(node0)', '~locked_epoch2(node1)']
390     : -0-----------00----------1
390     : ['transfer_epoch3(node1)', '~ep_epoch1(node0)', '~locked_epoch1(node1)', '~locked_epoch2(node0)']
396     : -----0------0--0---------1
396     : ['transfer_epoch3(node1)', '~ep_epoch1(node1)', '~locked_epoch1(node0)', '~locked_epoch2(node1)']
num_forall :   3
num_exists :   0
num_literals : 8
quantified form : forall NODE2,NODE0,NODE1. ~transfer_epoch3(NODE0) | ep_epoch1(NODE1) | locked_epoch1(NODE2) | locked_epoch2(NODE1) | ((NODE0 ~= NODE2 | NODE0 = NODE1) & (NODE0 ~= NODE1 | NODE0 = NODE2))
qcost : 11




=== Prime Orbit 171 =====================
size : 2
num_suborbits: 1
150 (*) : 0000----------------------
150     : ['~ep_epoch0(node0)', '~ep_epoch1(node0)', '~ep_epoch2(node0)', '~ep_epoch3(node0)']
151     : ----0000------------------
151     : ['~ep_epoch0(node1)', '~ep_epoch1(node1)', '~ep_epoch2(node1)', '~ep_epoch3(node1)']
num_forall :   1
num_exists :   0
num_literals : 4
quantified form : forall NODE0. ep_epoch0(NODE0) | ep_epoch1(NODE0) | ep_epoch2(NODE0) | ep_epoch3(NODE0)
qcost : 5




=== Prime Orbit 172 =====================
size : 2
num_suborbits: 1
148 (*) : 000-----0-----------------
148     : ['~ep_epoch0(node0)', '~ep_epoch1(node0)', '~ep_epoch2(node0)', '~held(node0)']
149     : ----000--0----------------
149     : ['~ep_epoch0(node1)', '~ep_epoch1(node1)', '~ep_epoch2(node1)', '~held(node1)']
num_forall :   1
num_exists :   0
num_literals : 4
quantified form : forall NODE0. ep_epoch0(NODE0) | ep_epoch1(NODE0) | ep_epoch2(NODE0) | held(NODE0)
qcost : 5




=== Prime Orbit 173 =====================
size : 2
num_suborbits: 1
296 (*) : 00-0----------0-----------
296     : ['~ep_epoch0(node0)', '~ep_epoch1(node0)', '~ep_epoch3(node0)', '~locked_epoch2(node0)']
297     : ----00-0-------0----------
297     : ['~ep_epoch0(node1)', '~ep_epoch1(node1)', '~ep_epoch3(node1)', '~locked_epoch2(node1)']
num_forall :   1
num_exists :   0
num_literals : 4
quantified form : forall NODE0. ep_epoch0(NODE0) | ep_epoch1(NODE0) | ep_epoch3(NODE0) | locked_epoch2(NODE0)
qcost : 5




=== Prime Orbit 174 =====================
size : 2
num_suborbits: 1
244 (*) : 00------0-----0-----------
244     : ['~ep_epoch0(node0)', '~ep_epoch1(node0)', '~held(node0)', '~locked_epoch2(node0)']
245     : ----00---0-----0----------
245     : ['~ep_epoch0(node1)', '~ep_epoch1(node1)', '~held(node1)', '~locked_epoch2(node1)']
num_forall :   1
num_exists :   0
num_literals : 4
quantified form : forall NODE0. ep_epoch0(NODE0) | ep_epoch1(NODE0) | held(NODE0) | locked_epoch2(NODE0)
qcost : 5




=== Prime Orbit 175 =====================
size : 2
num_suborbits: 1
134 (*) : 0-00--------0-------------
134     : ['~ep_epoch0(node0)', '~ep_epoch2(node0)', '~ep_epoch3(node0)', '~locked_epoch1(node0)']
135     : ----0-00-----0------------
135     : ['~ep_epoch0(node1)', '~ep_epoch2(node1)', '~ep_epoch3(node1)', '~locked_epoch1(node1)']
num_forall :   1
num_exists :   0
num_literals : 4
quantified form : forall NODE0. ep_epoch0(NODE0) | ep_epoch2(NODE0) | ep_epoch3(NODE0) | locked_epoch1(NODE0)
qcost : 5




=== Prime Orbit 176 =====================
size : 2
num_suborbits: 1
138 (*) : 0-0-----0---0-------------
138     : ['~ep_epoch0(node0)', '~ep_epoch2(node0)', '~held(node0)', '~locked_epoch1(node0)']
139     : ----0-0--0---0------------
139     : ['~ep_epoch0(node1)', '~ep_epoch2(node1)', '~held(node1)', '~locked_epoch1(node1)']
num_forall :   1
num_exists :   0
num_literals : 4
quantified form : forall NODE0. ep_epoch0(NODE0) | ep_epoch2(NODE0) | held(NODE0) | locked_epoch1(NODE0)
qcost : 5




=== Prime Orbit 177 =====================
size : 2
num_suborbits: 1
305 (*) : 0--0--------0-0-----------
305     : ['~ep_epoch0(node0)', '~ep_epoch3(node0)', '~locked_epoch1(node0)', '~locked_epoch2(node0)']
304     : ----0--0-----0-0----------
304     : ['~ep_epoch0(node1)', '~ep_epoch3(node1)', '~locked_epoch1(node1)', '~locked_epoch2(node1)']
num_forall :   1
num_exists :   0
num_literals : 4
quantified form : forall NODE0. ep_epoch0(NODE0) | ep_epoch3(NODE0) | locked_epoch1(NODE0) | locked_epoch2(NODE0)
qcost : 5




=== Prime Orbit 178 =====================
size : 2
num_suborbits: 1
252 (*) : 0-------0---0-0-----------
252     : ['~ep_epoch0(node0)', '~held(node0)', '~locked_epoch1(node0)', '~locked_epoch2(node0)']
253     : ----0----0---0-0----------
253     : ['~ep_epoch0(node1)', '~held(node1)', '~locked_epoch1(node1)', '~locked_epoch2(node1)']
num_forall :   1
num_exists :   0
num_literals : 4
quantified form : forall NODE0. ep_epoch0(NODE0) | held(NODE0) | locked_epoch1(NODE0) | locked_epoch2(NODE0)
qcost : 5




=== Prime Orbit 179 =====================
size : 2
num_suborbits: 1
158 (*) : -000---------0------------
158     : ['~ep_epoch1(node0)', '~ep_epoch2(node0)', '~ep_epoch3(node0)', '~locked_epoch1(node1)']
159     : -----000----0-------------
159     : ['~ep_epoch1(node1)', '~ep_epoch2(node1)', '~ep_epoch3(node1)', '~locked_epoch1(node0)']
num_forall :   2
num_exists :   0
num_literals : 5
quantified form : forall NODE0,NODE1. ep_epoch1(NODE0) | ep_epoch2(NODE0) | ep_epoch3(NODE0) | locked_epoch1(NODE1) | NODE0 = NODE1
qcost : 7




=== Prime Orbit 180 =====================
size : 2
num_suborbits: 1
160 (*) : -00-----0----0------------
160     : ['~ep_epoch1(node0)', '~ep_epoch2(node0)', '~held(node0)', '~locked_epoch1(node1)']
161     : -----00--0--0-------------
161     : ['~ep_epoch1(node1)', '~ep_epoch2(node1)', '~held(node1)', '~locked_epoch1(node0)']
num_forall :   2
num_exists :   0
num_literals : 5
quantified form : forall NODE0,NODE1. ep_epoch1(NODE0) | ep_epoch2(NODE0) | held(NODE0) | locked_epoch1(NODE1) | NODE0 = NODE1
qcost : 7




=== Prime Orbit 181 =====================
size : 2
num_suborbits: 1
294 (*) : -0-0---------00-----------
294     : ['~ep_epoch1(node0)', '~ep_epoch3(node0)', '~locked_epoch1(node1)', '~locked_epoch2(node0)']
295     : -----0-0----0--0----------
295     : ['~ep_epoch1(node1)', '~ep_epoch3(node1)', '~locked_epoch1(node0)', '~locked_epoch2(node1)']
num_forall :   2
num_exists :   0
num_literals : 5
quantified form : forall NODE0,NODE1. ep_epoch1(NODE0) | ep_epoch3(NODE0) | locked_epoch1(NODE1) | locked_epoch2(NODE0) | NODE0 = NODE1
qcost : 7




=== Prime Orbit 182 =====================
size : 2
num_suborbits: 1
246 (*) : -0------0----00-----------
246     : ['~ep_epoch1(node0)', '~held(node0)', '~locked_epoch1(node1)', '~locked_epoch2(node0)']
247     : -----0---0--0--0----------
247     : ['~ep_epoch1(node1)', '~held(node1)', '~locked_epoch1(node0)', '~locked_epoch2(node1)']
num_forall :   2
num_exists :   0
num_literals : 5
quantified form : forall NODE0,NODE1. ep_epoch1(NODE0) | held(NODE0) | locked_epoch1(NODE1) | locked_epoch2(NODE0) | NODE0 = NODE1
qcost : 7




=== Prime Orbit 183 =====================
size : 2
num_suborbits: 1
441 (*) : 1-----1--0--------------00
441     : ['ep_epoch0(node0)', 'ep_epoch2(node1)', '~held(node1)', '~transfer_epoch3(node0)', '~transfer_epoch3(node1)']
440     : --1-1---0---------------00
440     : ['ep_epoch0(node1)', 'ep_epoch2(node0)', '~held(node0)', '~transfer_epoch3(node0)', '~transfer_epoch3(node1)']
num_forall :   2
num_exists :   0
num_literals : 6
quantified form : forall NODE0,NODE1. ~ep_epoch0(NODE0) | ~ep_epoch2(NODE1) | held(NODE1) | transfer_epoch3(NODE0) | transfer_epoch3(NODE1) | NODE0 = NODE1
qcost : 8




=== Prime Orbit 184 =====================
size : 2
num_suborbits: 1
443 (*) : 1--------0-----1--------00
443     : ['ep_epoch0(node0)', 'locked_epoch2(node1)', '~held(node1)', '~transfer_epoch3(node0)', '~transfer_epoch3(node1)']
442     : ----1---0-----1---------00
442     : ['ep_epoch0(node1)', 'locked_epoch2(node0)', '~held(node0)', '~transfer_epoch3(node0)', '~transfer_epoch3(node1)']
num_forall :   2
num_exists :   0
num_literals : 6
quantified form : forall NODE0,NODE1. ~ep_epoch0(NODE0) | ~locked_epoch2(NODE1) | held(NODE1) | transfer_epoch3(NODE0) | transfer_epoch3(NODE1) | NODE0 = NODE1
qcost : 8




=== Prime Orbit 185 =====================
size : 2
num_suborbits: 1
439 (*) : 1----0---0--------------00
439     : ['ep_epoch0(node0)', '~ep_epoch1(node1)', '~held(node1)', '~transfer_epoch3(node0)', '~transfer_epoch3(node1)']
438     : -0--1---0---------------00
438     : ['ep_epoch0(node1)', '~ep_epoch1(node0)', '~held(node0)', '~transfer_epoch3(node0)', '~transfer_epoch3(node1)']
num_forall :   2
num_exists :   0
num_literals : 6
quantified form : forall NODE0,NODE1. ~ep_epoch0(NODE0) | ep_epoch1(NODE1) | held(NODE1) | transfer_epoch3(NODE0) | transfer_epoch3(NODE1) | NODE0 = NODE1
qcost : 8




=== Prime Orbit 186 =====================
size : 2
num_suborbits: 1
481 (*) : -1----1--0--------------00
481     : ['ep_epoch1(node0)', 'ep_epoch2(node1)', '~held(node1)', '~transfer_epoch3(node0)', '~transfer_epoch3(node1)']
480     : --1--1--0---------------00
480     : ['ep_epoch1(node1)', 'ep_epoch2(node0)', '~held(node0)', '~transfer_epoch3(node0)', '~transfer_epoch3(node1)']
num_forall :   2
num_exists :   0
num_literals : 6
quantified form : forall NODE0,NODE1. ~ep_epoch1(NODE0) | ~ep_epoch2(NODE1) | held(NODE1) | transfer_epoch3(NODE0) | transfer_epoch3(NODE1) | NODE0 = NODE1
qcost : 8




=== Prime Orbit 187 =====================
size : 2
num_suborbits: 1
479 (*) : -1-------0-----1--------00
479     : ['ep_epoch1(node0)', 'locked_epoch2(node1)', '~held(node1)', '~transfer_epoch3(node0)', '~transfer_epoch3(node1)']
478     : -----1--0-----1---------00
478     : ['ep_epoch1(node1)', 'locked_epoch2(node0)', '~held(node0)', '~transfer_epoch3(node0)', '~transfer_epoch3(node1)']
num_forall :   2
num_exists :   0
num_literals : 6
quantified form : forall NODE0,NODE1. ~ep_epoch1(NODE0) | ~locked_epoch2(NODE1) | held(NODE1) | transfer_epoch3(NODE0) | transfer_epoch3(NODE1) | NODE0 = NODE1
qcost : 8




=== Prime Orbit 188 =====================
size : 2
num_suborbits: 1
476 (*) : -1--0----0--------------00
476     : ['ep_epoch1(node0)', '~ep_epoch0(node1)', '~held(node1)', '~transfer_epoch3(node0)', '~transfer_epoch3(node1)']
477     : 0----1--0---------------00
477     : ['ep_epoch1(node1)', '~ep_epoch0(node0)', '~held(node0)', '~transfer_epoch3(node0)', '~transfer_epoch3(node1)']
num_forall :   2
num_exists :   0
num_literals : 6
quantified form : forall NODE0,NODE1. ~ep_epoch1(NODE0) | ep_epoch0(NODE1) | held(NODE1) | transfer_epoch3(NODE0) | transfer_epoch3(NODE1) | NODE0 = NODE1
qcost : 8




=== Prime Orbit 189 =====================
size : 2
num_suborbits: 1
474 (*) : --1----00---------------00
474     : ['ep_epoch2(node0)', '~ep_epoch3(node1)', '~held(node0)', '~transfer_epoch3(node0)', '~transfer_epoch3(node1)']
475     : ---0--1--0--------------00
475     : ['ep_epoch2(node1)', '~ep_epoch3(node0)', '~held(node1)', '~transfer_epoch3(node0)', '~transfer_epoch3(node1)']
num_forall :   2
num_exists :   0
num_literals : 6
quantified form : forall NODE0,NODE1. ~ep_epoch2(NODE0) | ep_epoch3(NODE1) | held(NODE0) | transfer_epoch3(NODE0) | transfer_epoch3(NODE1) | NODE0 = NODE1
qcost : 8




=== Prime Orbit 190 =====================
size : 2
num_suborbits: 1
466 (*) : --1-----00--------------00
466     : ['ep_epoch2(node0)', '~held(node0)', '~held(node1)', '~transfer_epoch3(node0)', '~transfer_epoch3(node1)']
467     : ------1-00--------------00
467     : ['ep_epoch2(node1)', '~held(node0)', '~held(node1)', '~transfer_epoch3(node0)', '~transfer_epoch3(node1)']
num_forall :   2
num_exists :   0
num_literals : 6
quantified form : forall NODE0,NODE1. ~ep_epoch2(NODE0) | held(NODE0) | held(NODE1) | transfer_epoch3(NODE0) | transfer_epoch3(NODE1) | NODE0 = NODE1
qcost : 8




=== Prime Orbit 191 =====================
size : 2
num_suborbits: 1
455 (*) : -00-0-0-----1-------------
455     : ['locked_epoch1(node0)', '~ep_epoch0(node1)', '~ep_epoch1(node0)', '~ep_epoch2(node0)', '~ep_epoch2(node1)']
454     : 0-0--00------1------------
454     : ['locked_epoch1(node1)', '~ep_epoch0(node0)', '~ep_epoch1(node1)', '~ep_epoch2(node0)', '~ep_epoch2(node1)']
num_forall :   2
num_exists :   0
num_literals : 6
quantified form : forall NODE0,NODE1. ~locked_epoch1(NODE0) | ep_epoch0(NODE1) | ep_epoch1(NODE0) | ep_epoch2(NODE0) | ep_epoch2(NODE1) | NODE0 = NODE1
qcost : 8




=== Prime Orbit 192 =====================
size : 4
num_suborbits: 2
449 (*) : -00-0-------1--0----------
449     : ['locked_epoch1(node0)', '~ep_epoch0(node1)', '~ep_epoch1(node0)', '~ep_epoch2(node0)', '~locked_epoch2(node1)']
453     : -0--0-0-----1-0-----------
453     : ['locked_epoch1(node0)', '~ep_epoch0(node1)', '~ep_epoch1(node0)', '~ep_epoch2(node1)', '~locked_epoch2(node0)']
452     : 0-0--0-------1-0----------
452     : ['locked_epoch1(node1)', '~ep_epoch0(node0)', '~ep_epoch1(node1)', '~ep_epoch2(node0)', '~locked_epoch2(node1)']
448     : 0----00------10-----------
448     : ['locked_epoch1(node1)', '~ep_epoch0(node0)', '~ep_epoch1(node1)', '~ep_epoch2(node1)', '~locked_epoch2(node0)']
num_forall :   4
num_exists :   0
num_literals : 11
quantified form : forall NODE2,NODE0,NODE1,NODE3. ~locked_epoch1(NODE0) | ep_epoch0(NODE1) | ep_epoch1(NODE0) | ep_epoch2(NODE2) | locked_epoch2(NODE3) | ((NODE0 ~= NODE2 | NODE1 ~= NODE3 | NODE0 = NODE1) & (NODE0 ~= NODE3 | NODE1 ~= NODE2 | NODE0 = NODE1))
qcost : 15




=== Prime Orbit 193 =====================
size : 2
num_suborbits: 1
447 (*) : -0-00--0----1-------------
447     : ['locked_epoch1(node0)', '~ep_epoch0(node1)', '~ep_epoch1(node0)', '~ep_epoch3(node0)', '~ep_epoch3(node1)']
446     : 0--0-0-0-----1------------
446     : ['locked_epoch1(node1)', '~ep_epoch0(node0)', '~ep_epoch1(node1)', '~ep_epoch3(node0)', '~ep_epoch3(node1)']
num_forall :   2
num_exists :   0
num_literals : 6
quantified form : forall NODE0,NODE1. ~locked_epoch1(NODE0) | ep_epoch0(NODE1) | ep_epoch1(NODE0) | ep_epoch3(NODE0) | ep_epoch3(NODE1) | NODE0 = NODE1
qcost : 8




=== Prime Orbit 194 =====================
size : 4
num_suborbits: 2
457 (*) : -0-00----0--1-------------
457     : ['locked_epoch1(node0)', '~ep_epoch0(node1)', '~ep_epoch1(node0)', '~ep_epoch3(node0)', '~held(node1)']
445     : -0--0--00---1-------------
445     : ['locked_epoch1(node0)', '~ep_epoch0(node1)', '~ep_epoch1(node0)', '~ep_epoch3(node1)', '~held(node0)']
444     : 0--0-0---0---1------------
444     : ['locked_epoch1(node1)', '~ep_epoch0(node0)', '~ep_epoch1(node1)', '~ep_epoch3(node0)', '~held(node1)']
456     : 0----0-00----1------------
456     : ['locked_epoch1(node1)', '~ep_epoch0(node0)', '~ep_epoch1(node1)', '~ep_epoch3(node1)', '~held(node0)']
num_forall :   4
num_exists :   0
num_literals : 11
quantified form : forall NODE2,NODE0,NODE1,NODE3. ~locked_epoch1(NODE0) | ep_epoch0(NODE1) | ep_epoch1(NODE0) | ep_epoch3(NODE2) | held(NODE3) | ((NODE0 ~= NODE3 | NODE1 ~= NODE2 | NODE0 = NODE1) & (NODE0 ~= NODE2 | NODE1 ~= NODE3 | NODE0 = NODE1))
qcost : 15




=== Prime Orbit 195 =====================
size : 2
num_suborbits: 1
459 (*) : -0--0---00--1-------------
459     : ['locked_epoch1(node0)', '~ep_epoch0(node1)', '~ep_epoch1(node0)', '~held(node0)', '~held(node1)']
458     : 0----0--00---1------------
458     : ['locked_epoch1(node1)', '~ep_epoch0(node0)', '~ep_epoch1(node1)', '~held(node0)', '~held(node1)']
num_forall :   2
num_exists :   0
num_literals : 6
quantified form : forall NODE0,NODE1. ~locked_epoch1(NODE0) | ep_epoch0(NODE1) | ep_epoch1(NODE0) | held(NODE0) | held(NODE1) | NODE0 = NODE1
qcost : 8




=== Prime Orbit 196 =====================
size : 2
num_suborbits: 1
451 (*) : -0--0-------1-00----------
451     : ['locked_epoch1(node0)', '~ep_epoch0(node1)', '~ep_epoch1(node0)', '~locked_epoch2(node0)', '~locked_epoch2(node1)']
450     : 0----0-------100----------
450     : ['locked_epoch1(node1)', '~ep_epoch0(node0)', '~ep_epoch1(node1)', '~locked_epoch2(node0)', '~locked_epoch2(node1)']
num_forall :   2
num_exists :   0
num_literals : 6
quantified form : forall NODE0,NODE1. ~locked_epoch1(NODE0) | ep_epoch0(NODE1) | ep_epoch1(NODE0) | locked_epoch2(NODE0) | locked_epoch2(NODE1) | NODE0 = NODE1
qcost : 8




=== Prime Orbit 197 =====================
size : 2
num_suborbits: 1
472 (*) : -------00-----1---------00
472     : ['locked_epoch2(node0)', '~ep_epoch3(node1)', '~held(node0)', '~transfer_epoch3(node0)', '~transfer_epoch3(node1)']
473     : ---0-----0-----1--------00
473     : ['locked_epoch2(node1)', '~ep_epoch3(node0)', '~held(node1)', '~transfer_epoch3(node0)', '~transfer_epoch3(node1)']
num_forall :   2
num_exists :   0
num_literals : 6
quantified form : forall NODE0,NODE1. ~locked_epoch2(NODE0) | ep_epoch3(NODE1) | held(NODE0) | transfer_epoch3(NODE0) | transfer_epoch3(NODE1) | NODE0 = NODE1
qcost : 8




=== Prime Orbit 198 =====================
size : 2
num_suborbits: 1
464 (*) : --------00----1---------00
464     : ['locked_epoch2(node0)', '~held(node0)', '~held(node1)', '~transfer_epoch3(node0)', '~transfer_epoch3(node1)']
465     : --------00-----1--------00
465     : ['locked_epoch2(node1)', '~held(node0)', '~held(node1)', '~transfer_epoch3(node0)', '~transfer_epoch3(node1)']
num_forall :   2
num_exists :   0
num_literals : 6
quantified form : forall NODE0,NODE1. ~locked_epoch2(NODE0) | held(NODE0) | held(NODE1) | transfer_epoch3(NODE0) | transfer_epoch3(NODE1) | NODE0 = NODE1
qcost : 8




=== Prime Orbit 199 =====================
size : 2
num_suborbits: 1
502 (*) : 00--00------------------1-
502     : ['transfer_epoch3(node0)', '~ep_epoch0(node0)', '~ep_epoch0(node1)', '~ep_epoch1(node0)', '~ep_epoch1(node1)']
503     : 00--00-------------------1
503     : ['transfer_epoch3(node1)', '~ep_epoch0(node0)', '~ep_epoch0(node1)', '~ep_epoch1(node0)', '~ep_epoch1(node1)']
num_forall :   2
num_exists :   0
num_literals : 6
quantified form : forall NODE0,NODE1. ~transfer_epoch3(NODE0) | ep_epoch0(NODE0) | ep_epoch0(NODE1) | ep_epoch1(NODE0) | ep_epoch1(NODE1) | NODE0 = NODE1
qcost : 8




=== Prime Orbit 200 =====================
size : 2
num_suborbits: 1
504 (*) : 0-0-0-0-----------------1-
504     : ['transfer_epoch3(node0)', '~ep_epoch0(node0)', '~ep_epoch0(node1)', '~ep_epoch2(node0)', '~ep_epoch2(node1)']
505     : 0-0-0-0------------------1
505     : ['transfer_epoch3(node1)', '~ep_epoch0(node0)', '~ep_epoch0(node1)', '~ep_epoch2(node0)', '~ep_epoch2(node1)']
num_forall :   2
num_exists :   0
num_literals : 6
quantified form : forall NODE0,NODE1. ~transfer_epoch3(NODE0) | ep_epoch0(NODE0) | ep_epoch0(NODE1) | ep_epoch2(NODE0) | ep_epoch2(NODE1) | NODE0 = NODE1
qcost : 8




=== Prime Orbit 201 =====================
size : 4
num_suborbits: 2
494 (*) : 0-0-0----------0--------1-
494     : ['transfer_epoch3(node0)', '~ep_epoch0(node0)', '~ep_epoch0(node1)', '~ep_epoch2(node0)', '~locked_epoch2(node1)']
506     : 0---0-0-------0---------1-
506     : ['transfer_epoch3(node0)', '~ep_epoch0(node0)', '~ep_epoch0(node1)', '~ep_epoch2(node1)', '~locked_epoch2(node0)']
507     : 0-0-0----------0---------1
507     : ['transfer_epoch3(node1)', '~ep_epoch0(node0)', '~ep_epoch0(node1)', '~ep_epoch2(node0)', '~locked_epoch2(node1)']
495     : 0---0-0-------0----------1
495     : ['transfer_epoch3(node1)', '~ep_epoch0(node0)', '~ep_epoch0(node1)', '~ep_epoch2(node1)', '~locked_epoch2(node0)']
num_forall :   4
num_exists :   0
num_literals : 11
quantified form : forall NODE2,NODE0,NODE1,NODE3. ~transfer_epoch3(NODE0) | ep_epoch0(NODE0) | ep_epoch0(NODE1) | ep_epoch2(NODE2) | locked_epoch2(NODE3) | ((NODE0 ~= NODE2 | NODE1 ~= NODE3 | NODE0 = NODE1) & (NODE0 ~= NODE3 | NODE1 ~= NODE2 | NODE0 = NODE1))
qcost : 15




=== Prime Orbit 202 =====================
size : 2
num_suborbits: 1
496 (*) : 0---0---------00--------1-
496     : ['transfer_epoch3(node0)', '~ep_epoch0(node0)', '~ep_epoch0(node1)', '~locked_epoch2(node0)', '~locked_epoch2(node1)']
497     : 0---0---------00---------1
497     : ['transfer_epoch3(node1)', '~ep_epoch0(node0)', '~ep_epoch0(node1)', '~locked_epoch2(node0)', '~locked_epoch2(node1)']
num_forall :   2
num_exists :   0
num_literals : 6
quantified form : forall NODE0,NODE1. ~transfer_epoch3(NODE0) | ep_epoch0(NODE0) | ep_epoch0(NODE1) | locked_epoch2(NODE0) | locked_epoch2(NODE1) | NODE0 = NODE1
qcost : 8




=== Prime Orbit 203 =====================
size : 2
num_suborbits: 1
500 (*) : -00--00-----------------1-
500     : ['transfer_epoch3(node0)', '~ep_epoch1(node0)', '~ep_epoch1(node1)', '~ep_epoch2(node0)', '~ep_epoch2(node1)']
501     : -00--00------------------1
501     : ['transfer_epoch3(node1)', '~ep_epoch1(node0)', '~ep_epoch1(node1)', '~ep_epoch2(node0)', '~ep_epoch2(node1)']
num_forall :   2
num_exists :   0
num_literals : 6
quantified form : forall NODE0,NODE1. ~transfer_epoch3(NODE0) | ep_epoch1(NODE0) | ep_epoch1(NODE1) | ep_epoch2(NODE0) | ep_epoch2(NODE1) | NODE0 = NODE1
qcost : 8




=== Prime Orbit 204 =====================
size : 4
num_suborbits: 2
492 (*) : -00--0---------0--------1-
492     : ['transfer_epoch3(node0)', '~ep_epoch1(node0)', '~ep_epoch1(node1)', '~ep_epoch2(node0)', '~locked_epoch2(node1)']
498     : -0---00-------0---------1-
498     : ['transfer_epoch3(node0)', '~ep_epoch1(node0)', '~ep_epoch1(node1)', '~ep_epoch2(node1)', '~locked_epoch2(node0)']
499     : -00--0---------0---------1
499     : ['transfer_epoch3(node1)', '~ep_epoch1(node0)', '~ep_epoch1(node1)', '~ep_epoch2(node0)', '~locked_epoch2(node1)']
493     : -0---00-------0----------1
493     : ['transfer_epoch3(node1)', '~ep_epoch1(node0)', '~ep_epoch1(node1)', '~ep_epoch2(node1)', '~locked_epoch2(node0)']
num_forall :   4
num_exists :   0
num_literals : 11
quantified form : forall NODE2,NODE0,NODE1,NODE3. ~transfer_epoch3(NODE0) | ep_epoch1(NODE0) | ep_epoch1(NODE1) | ep_epoch2(NODE2) | locked_epoch2(NODE3) | ((NODE0 ~= NODE2 | NODE1 ~= NODE3 | NODE0 = NODE1) & (NODE0 ~= NODE3 | NODE1 ~= NODE2 | NODE0 = NODE1))
qcost : 15




=== Prime Orbit 205 =====================
size : 2
num_suborbits: 1
490 (*) : -0---0--------00--------1-
490     : ['transfer_epoch3(node0)', '~ep_epoch1(node0)', '~ep_epoch1(node1)', '~locked_epoch2(node0)', '~locked_epoch2(node1)']
491     : -0---0--------00---------1
491     : ['transfer_epoch3(node1)', '~ep_epoch1(node0)', '~ep_epoch1(node1)', '~locked_epoch2(node0)', '~locked_epoch2(node1)']
num_forall :   2
num_exists :   0
num_literals : 6
quantified form : forall NODE0,NODE1. ~transfer_epoch3(NODE0) | ep_epoch1(NODE0) | ep_epoch1(NODE1) | locked_epoch2(NODE0) | locked_epoch2(NODE1) | NODE0 = NODE1
qcost : 8




=== Prime Orbit 206 =====================
size : 2
num_suborbits: 1
484 (*) : 0-0--00-----0-------------
484     : ['~ep_epoch0(node0)', '~ep_epoch1(node1)', '~ep_epoch2(node0)', '~ep_epoch2(node1)', '~locked_epoch1(node0)']
485     : -00-0-0------0------------
485     : ['~ep_epoch0(node1)', '~ep_epoch1(node0)', '~ep_epoch2(node0)', '~ep_epoch2(node1)', '~locked_epoch1(node1)']
num_forall :   2
num_exists :   0
num_literals : 6
quantified form : forall NODE0,NODE1. ep_epoch0(NODE0) | ep_epoch1(NODE1) | ep_epoch2(NODE0) | ep_epoch2(NODE1) | locked_epoch1(NODE0) | NODE0 = NODE1
qcost : 8




=== Prime Orbit 207 =====================
size : 4
num_suborbits: 2
482 (*) : 0-0--0------0--0----------
482     : ['~ep_epoch0(node0)', '~ep_epoch1(node1)', '~ep_epoch2(node0)', '~locked_epoch1(node0)', '~locked_epoch2(node1)']
487     : 0----00-----0-0-----------
487     : ['~ep_epoch0(node0)', '~ep_epoch1(node1)', '~ep_epoch2(node1)', '~locked_epoch1(node0)', '~locked_epoch2(node0)']
486     : -00-0--------0-0----------
486     : ['~ep_epoch0(node1)', '~ep_epoch1(node0)', '~ep_epoch2(node0)', '~locked_epoch1(node1)', '~locked_epoch2(node1)']
483     : -0--0-0------00-----------
483     : ['~ep_epoch0(node1)', '~ep_epoch1(node0)', '~ep_epoch2(node1)', '~locked_epoch1(node1)', '~locked_epoch2(node0)']
num_forall :   4
num_exists :   0
num_literals : 11
quantified form : forall NODE2,NODE0,NODE1,NODE3. ep_epoch0(NODE0) | ep_epoch1(NODE1) | ep_epoch2(NODE2) | locked_epoch1(NODE0) | locked_epoch2(NODE3) | ((NODE0 ~= NODE2 | NODE1 ~= NODE3 | NODE0 = NODE1) & (NODE0 ~= NODE3 | NODE1 ~= NODE2 | NODE0 = NODE1))
qcost : 15




=== Prime Orbit 208 =====================
size : 2
num_suborbits: 1
471 (*) : 0--0-0-0----0-------------
471     : ['~ep_epoch0(node0)', '~ep_epoch1(node1)', '~ep_epoch3(node0)', '~ep_epoch3(node1)', '~locked_epoch1(node0)']
470     : -0-00--0-----0------------
470     : ['~ep_epoch0(node1)', '~ep_epoch1(node0)', '~ep_epoch3(node0)', '~ep_epoch3(node1)', '~locked_epoch1(node1)']
num_forall :   2
num_exists :   0
num_literals : 6
quantified form : forall NODE0,NODE1. ep_epoch0(NODE0) | ep_epoch1(NODE1) | ep_epoch3(NODE0) | ep_epoch3(NODE1) | locked_epoch1(NODE0) | NODE0 = NODE1
qcost : 8




=== Prime Orbit 209 =====================
size : 4
num_suborbits: 2
460 (*) : 0--0-0---0--0-------------
460     : ['~ep_epoch0(node0)', '~ep_epoch1(node1)', '~ep_epoch3(node0)', '~held(node1)', '~locked_epoch1(node0)']
469     : 0----0-00---0-------------
469     : ['~ep_epoch0(node0)', '~ep_epoch1(node1)', '~ep_epoch3(node1)', '~held(node0)', '~locked_epoch1(node0)']
468     : -0-00----0---0------------
468     : ['~ep_epoch0(node1)', '~ep_epoch1(node0)', '~ep_epoch3(node0)', '~held(node1)', '~locked_epoch1(node1)']
461     : -0--0--00----0------------
461     : ['~ep_epoch0(node1)', '~ep_epoch1(node0)', '~ep_epoch3(node1)', '~held(node0)', '~locked_epoch1(node1)']
num_forall :   4
num_exists :   0
num_literals : 11
quantified form : forall NODE2,NODE0,NODE1,NODE3. ep_epoch0(NODE0) | ep_epoch1(NODE1) | ep_epoch3(NODE2) | held(NODE3) | locked_epoch1(NODE0) | ((NODE0 ~= NODE2 | NODE1 ~= NODE3 | NODE0 = NODE1) & (NODE0 ~= NODE3 | NODE1 ~= NODE2 | NODE0 = NODE1))
qcost : 15




=== Prime Orbit 210 =====================
size : 2
num_suborbits: 1
462 (*) : 0----0--00--0-------------
462     : ['~ep_epoch0(node0)', '~ep_epoch1(node1)', '~held(node0)', '~held(node1)', '~locked_epoch1(node0)']
463     : -0--0---00---0------------
463     : ['~ep_epoch0(node1)', '~ep_epoch1(node0)', '~held(node0)', '~held(node1)', '~locked_epoch1(node1)']
num_forall :   2
num_exists :   0
num_literals : 6
quantified form : forall NODE0,NODE1. ep_epoch0(NODE0) | ep_epoch1(NODE1) | held(NODE0) | held(NODE1) | locked_epoch1(NODE0) | NODE0 = NODE1
qcost : 8




=== Prime Orbit 211 =====================
size : 2
num_suborbits: 1
488 (*) : 0----0------0-00----------
488     : ['~ep_epoch0(node0)', '~ep_epoch1(node1)', '~locked_epoch1(node0)', '~locked_epoch2(node0)', '~locked_epoch2(node1)']
489     : -0--0--------000----------
489     : ['~ep_epoch0(node1)', '~ep_epoch1(node0)', '~locked_epoch1(node1)', '~locked_epoch2(node0)', '~locked_epoch2(node1)']
num_forall :   2
num_exists :   0
num_literals : 6
quantified form : forall NODE0,NODE1. ep_epoch0(NODE0) | ep_epoch1(NODE1) | locked_epoch1(NODE0) | locked_epoch2(NODE0) | locked_epoch2(NODE1) | NODE0 = NODE1
qcost : 8




=== Prime Orbit 212 =====================
size : 2
num_suborbits: 1
509 (*) : 1--------0------------0000
509     : ['ep_epoch0(node0)', '~held(node1)', '~transfer_epoch2(node0)', '~transfer_epoch2(node1)', '~transfer_epoch3(node0)', '~transfer_epoch3(node1)']
508     : ----1---0-------------0000
508     : ['ep_epoch0(node1)', '~held(node0)', '~transfer_epoch2(node0)', '~transfer_epoch2(node1)', '~transfer_epoch3(node0)', '~transfer_epoch3(node1)']
num_forall :   2
num_exists :   0
num_literals : 7
quantified form : forall NODE0,NODE1. ~ep_epoch0(NODE0) | held(NODE1) | transfer_epoch2(NODE0) | transfer_epoch2(NODE1) | transfer_epoch3(NODE0) | transfer_epoch3(NODE1) | NODE0 = NODE1
qcost : 9




=== Prime Orbit 213 =====================
size : 2
num_suborbits: 1
522 (*) : ---00----0--1-----------00
522     : ['locked_epoch1(node0)', '~ep_epoch0(node1)', '~ep_epoch3(node0)', '~held(node1)', '~transfer_epoch3(node0)', '~transfer_epoch3(node1)']
523     : 0------00----1----------00
523     : ['locked_epoch1(node1)', '~ep_epoch0(node0)', '~ep_epoch3(node1)', '~held(node0)', '~transfer_epoch3(node0)', '~transfer_epoch3(node1)']
num_forall :   2
num_exists :   0
num_literals : 7
quantified form : forall NODE0,NODE1. ~locked_epoch1(NODE0) | ep_epoch0(NODE1) | ep_epoch3(NODE0) | held(NODE1) | transfer_epoch3(NODE0) | transfer_epoch3(NODE1) | NODE0 = NODE1
qcost : 9




=== Prime Orbit 214 =====================
size : 2
num_suborbits: 1
525 (*) : ----0---00--1-----------00
525     : ['locked_epoch1(node0)', '~ep_epoch0(node1)', '~held(node0)', '~held(node1)', '~transfer_epoch3(node0)', '~transfer_epoch3(node1)']
526     : 0-------00---1----------00
526     : ['locked_epoch1(node1)', '~ep_epoch0(node0)', '~held(node0)', '~held(node1)', '~transfer_epoch3(node0)', '~transfer_epoch3(node1)']
num_forall :   2
num_exists :   0
num_literals : 7
quantified form : forall NODE0,NODE1. ~locked_epoch1(NODE0) | ep_epoch0(NODE1) | held(NODE0) | held(NODE1) | transfer_epoch3(NODE0) | transfer_epoch3(NODE1) | NODE0 = NODE1
qcost : 9




=== Prime Orbit 215 =====================
size : 2
num_suborbits: 1
535 (*) : -0-----00---1-----------00
535     : ['locked_epoch1(node0)', '~ep_epoch1(node0)', '~ep_epoch3(node1)', '~held(node0)', '~transfer_epoch3(node0)', '~transfer_epoch3(node1)']
536     : ---0-0---0---1----------00
536     : ['locked_epoch1(node1)', '~ep_epoch1(node1)', '~ep_epoch3(node0)', '~held(node1)', '~transfer_epoch3(node0)', '~transfer_epoch3(node1)']
num_forall :   2
num_exists :   0
num_literals : 7
quantified form : forall NODE0,NODE1. ~locked_epoch1(NODE0) | ep_epoch1(NODE0) | ep_epoch3(NODE1) | held(NODE0) | transfer_epoch3(NODE0) | transfer_epoch3(NODE1) | NODE0 = NODE1
qcost : 9




=== Prime Orbit 216 =====================
size : 2
num_suborbits: 1
532 (*) : -0------00--1-----------00
532     : ['locked_epoch1(node0)', '~ep_epoch1(node0)', '~held(node0)', '~held(node1)', '~transfer_epoch3(node0)', '~transfer_epoch3(node1)']
531     : -----0--00---1----------00
531     : ['locked_epoch1(node1)', '~ep_epoch1(node1)', '~held(node0)', '~held(node1)', '~transfer_epoch3(node0)', '~transfer_epoch3(node1)']
num_forall :   2
num_exists :   0
num_literals : 7
quantified form : forall NODE0,NODE1. ~locked_epoch1(NODE0) | ep_epoch1(NODE0) | held(NODE0) | held(NODE1) | transfer_epoch3(NODE0) | transfer_epoch3(NODE1) | NODE0 = NODE1
qcost : 9




=== Prime Orbit 217 =====================
size : 1
num_suborbits: 1
570 (*) : 000-000-------------------
570     : ['~ep_epoch0(node0)', '~ep_epoch0(node1)', '~ep_epoch1(node0)', '~ep_epoch1(node1)', '~ep_epoch2(node0)', '~ep_epoch2(node1)']
num_forall :   0
num_exists :   1
num_literals : 3
quantified form : exists NODE0. ep_epoch0(NODE0) | ep_epoch1(NODE0) | ep_epoch2(NODE0)
qcost : 4




=== Prime Orbit 218 =====================
size : 2
num_suborbits: 1
549 (*) : 000-00---------0----------
549     : ['~ep_epoch0(node0)', '~ep_epoch0(node1)', '~ep_epoch1(node0)', '~ep_epoch1(node1)', '~ep_epoch2(node0)', '~locked_epoch2(node1)']
548     : 00--000-------0-----------
548     : ['~ep_epoch0(node0)', '~ep_epoch0(node1)', '~ep_epoch1(node0)', '~ep_epoch1(node1)', '~ep_epoch2(node1)', '~locked_epoch2(node0)']
num_forall :   2
num_exists :   0
num_literals : 7
quantified form : forall NODE0,NODE1. ep_epoch0(NODE0) | ep_epoch0(NODE1) | ep_epoch1(NODE0) | ep_epoch1(NODE1) | ep_epoch2(NODE1) | locked_epoch2(NODE0) | NODE0 = NODE1
qcost : 9




=== Prime Orbit 219 =====================
size : 1
num_suborbits: 1
524 (*) : 00-000-0------------------
524     : ['~ep_epoch0(node0)', '~ep_epoch0(node1)', '~ep_epoch1(node0)', '~ep_epoch1(node1)', '~ep_epoch3(node0)', '~ep_epoch3(node1)']
num_forall :   0
num_exists :   1
num_literals : 3
quantified form : exists NODE0. ep_epoch0(NODE0) | ep_epoch1(NODE0) | ep_epoch3(NODE0)
qcost : 4




=== Prime Orbit 220 =====================
size : 2
num_suborbits: 1
518 (*) : 00-000---0----------------
518     : ['~ep_epoch0(node0)', '~ep_epoch0(node1)', '~ep_epoch1(node0)', '~ep_epoch1(node1)', '~ep_epoch3(node0)', '~held(node1)']
519     : 00--00-00-----------------
519     : ['~ep_epoch0(node0)', '~ep_epoch0(node1)', '~ep_epoch1(node0)', '~ep_epoch1(node1)', '~ep_epoch3(node1)', '~held(node0)']
num_forall :   2
num_exists :   0
num_literals : 7
quantified form : forall NODE0,NODE1. ep_epoch0(NODE0) | ep_epoch0(NODE1) | ep_epoch1(NODE0) | ep_epoch1(NODE1) | ep_epoch3(NODE0) | held(NODE1) | NODE0 = NODE1
qcost : 9




=== Prime Orbit 221 =====================
size : 1
num_suborbits: 1
530 (*) : 00--00--00----------------
530     : ['~ep_epoch0(node0)', '~ep_epoch0(node1)', '~ep_epoch1(node0)', '~ep_epoch1(node1)', '~held(node0)', '~held(node1)']
num_forall :   0
num_exists :   1
num_literals : 3
quantified form : exists NODE0. ep_epoch0(NODE0) | ep_epoch1(NODE0) | held(NODE0)
qcost : 4




=== Prime Orbit 222 =====================
size : 1
num_suborbits: 1
550 (*) : 00--00--------00----------
550     : ['~ep_epoch0(node0)', '~ep_epoch0(node1)', '~ep_epoch1(node0)', '~ep_epoch1(node1)', '~locked_epoch2(node0)', '~locked_epoch2(node1)']
num_forall :   0
num_exists :   1
num_literals : 3
quantified form : exists NODE0. ep_epoch0(NODE0) | ep_epoch1(NODE0) | locked_epoch2(NODE0)
qcost : 4




=== Prime Orbit 223 =====================
size : 1
num_suborbits: 1
567 (*) : 0-000-00------------------
567     : ['~ep_epoch0(node0)', '~ep_epoch0(node1)', '~ep_epoch2(node0)', '~ep_epoch2(node1)', '~ep_epoch3(node0)', '~ep_epoch3(node1)']
num_forall :   0
num_exists :   1
num_literals : 3
quantified form : exists NODE0. ep_epoch0(NODE0) | ep_epoch2(NODE0) | ep_epoch3(NODE0)
qcost : 4




=== Prime Orbit 224 =====================
size : 2
num_suborbits: 1
568 (*) : 0-000-0--0----------------
568     : ['~ep_epoch0(node0)', '~ep_epoch0(node1)', '~ep_epoch2(node0)', '~ep_epoch2(node1)', '~ep_epoch3(node0)', '~held(node1)']
569     : 0-0-0-000-----------------
569     : ['~ep_epoch0(node0)', '~ep_epoch0(node1)', '~ep_epoch2(node0)', '~ep_epoch2(node1)', '~ep_epoch3(node1)', '~held(node0)']
num_forall :   2
num_exists :   0
num_literals : 7
quantified form : forall NODE0,NODE1. ep_epoch0(NODE0) | ep_epoch0(NODE1) | ep_epoch2(NODE0) | ep_epoch2(NODE1) | ep_epoch3(NODE0) | held(NODE1) | NODE0 = NODE1
qcost : 9




=== Prime Orbit 225 =====================
size : 1
num_suborbits: 1
571 (*) : 0-0-0-0-00----------------
571     : ['~ep_epoch0(node0)', '~ep_epoch0(node1)', '~ep_epoch2(node0)', '~ep_epoch2(node1)', '~held(node0)', '~held(node1)']
num_forall :   0
num_exists :   1
num_literals : 3
quantified form : exists NODE0. ep_epoch0(NODE0) | ep_epoch2(NODE0) | held(NODE0)
qcost : 4




=== Prime Orbit 226 =====================
size : 2
num_suborbits: 1
547 (*) : 0-000--0-------0----------
547     : ['~ep_epoch0(node0)', '~ep_epoch0(node1)', '~ep_epoch2(node0)', '~ep_epoch3(node0)', '~ep_epoch3(node1)', '~locked_epoch2(node1)']
546     : 0--00-00------0-----------
546     : ['~ep_epoch0(node0)', '~ep_epoch0(node1)', '~ep_epoch2(node1)', '~ep_epoch3(node0)', '~ep_epoch3(node1)', '~locked_epoch2(node0)']
num_forall :   2
num_exists :   0
num_literals : 7
quantified form : forall NODE0,NODE1. ep_epoch0(NODE0) | ep_epoch0(NODE1) | ep_epoch2(NODE1) | ep_epoch3(NODE0) | ep_epoch3(NODE1) | locked_epoch2(NODE0) | NODE0 = NODE1
qcost : 9




=== Prime Orbit 227 =====================
size : 4
num_suborbits: 2
557 (*) : 0-000----0-----0----------
557     : ['~ep_epoch0(node0)', '~ep_epoch0(node1)', '~ep_epoch2(node0)', '~ep_epoch3(node0)', '~held(node1)', '~locked_epoch2(node1)']
542     : 0-0-0--00------0----------
542     : ['~ep_epoch0(node0)', '~ep_epoch0(node1)', '~ep_epoch2(node0)', '~ep_epoch3(node1)', '~held(node0)', '~locked_epoch2(node1)']
541     : 0--00-0--0----0-----------
541     : ['~ep_epoch0(node0)', '~ep_epoch0(node1)', '~ep_epoch2(node1)', '~ep_epoch3(node0)', '~held(node1)', '~locked_epoch2(node0)']
556     : 0---0-000-----0-----------
556     : ['~ep_epoch0(node0)', '~ep_epoch0(node1)', '~ep_epoch2(node1)', '~ep_epoch3(node1)', '~held(node0)', '~locked_epoch2(node0)']
num_forall :   4
num_exists :   0
num_literals : 12
quantified form : forall NODE2,NODE0,NODE1,NODE3. ep_epoch0(NODE0) | ep_epoch0(NODE1) | ep_epoch2(NODE1) | ep_epoch3(NODE2) | held(NODE3) | locked_epoch2(NODE0) | ((NODE0 ~= NODE2 | NODE1 ~= NODE3 | NODE0 = NODE1) & (NODE0 ~= NODE3 | NODE1 ~= NODE2 | NODE0 = NODE1))
qcost : 16




=== Prime Orbit 228 =====================
size : 2
num_suborbits: 1
560 (*) : 0-0-0---00-----0----------
560     : ['~ep_epoch0(node0)', '~ep_epoch0(node1)', '~ep_epoch2(node0)', '~held(node0)', '~held(node1)', '~locked_epoch2(node1)']
559     : 0---0-0-00----0-----------
559     : ['~ep_epoch0(node0)', '~ep_epoch0(node1)', '~ep_epoch2(node1)', '~held(node0)', '~held(node1)', '~locked_epoch2(node0)']
num_forall :   2
num_exists :   0
num_literals : 7
quantified form : forall NODE0,NODE1. ep_epoch0(NODE0) | ep_epoch0(NODE1) | ep_epoch2(NODE1) | held(NODE0) | held(NODE1) | locked_epoch2(NODE0) | NODE0 = NODE1
qcost : 9




=== Prime Orbit 229 =====================
size : 1
num_suborbits: 1
545 (*) : 0--00--0------00----------
545     : ['~ep_epoch0(node0)', '~ep_epoch0(node1)', '~ep_epoch3(node0)', '~ep_epoch3(node1)', '~locked_epoch2(node0)', '~locked_epoch2(node1)']
num_forall :   0
num_exists :   1
num_literals : 3
quantified form : exists NODE0. ep_epoch0(NODE0) | ep_epoch3(NODE0) | locked_epoch2(NODE0)
qcost : 4




=== Prime Orbit 230 =====================
size : 2
num_suborbits: 1
543 (*) : 0--00----0----00----------
543     : ['~ep_epoch0(node0)', '~ep_epoch0(node1)', '~ep_epoch3(node0)', '~held(node1)', '~locked_epoch2(node0)', '~locked_epoch2(node1)']
544     : 0---0--00-----00----------
544     : ['~ep_epoch0(node0)', '~ep_epoch0(node1)', '~ep_epoch3(node1)', '~held(node0)', '~locked_epoch2(node0)', '~locked_epoch2(node1)']
num_forall :   2
num_exists :   0
num_literals : 7
quantified form : forall NODE0,NODE1. ep_epoch0(NODE0) | ep_epoch0(NODE1) | ep_epoch3(NODE0) | held(NODE1) | locked_epoch2(NODE0) | locked_epoch2(NODE1) | NODE0 = NODE1
qcost : 9




=== Prime Orbit 231 =====================
size : 1
num_suborbits: 1
558 (*) : 0---0---00----00----------
558     : ['~ep_epoch0(node0)', '~ep_epoch0(node1)', '~held(node0)', '~held(node1)', '~locked_epoch2(node0)', '~locked_epoch2(node1)']
num_forall :   0
num_exists :   1
num_literals : 3
quantified form : exists NODE0. ep_epoch0(NODE0) | held(NODE0) | locked_epoch2(NODE0)
qcost : 4




=== Prime Orbit 232 =====================
size : 1
num_suborbits: 1
527 (*) : 0---0---00--------------00
527     : ['~ep_epoch0(node0)', '~ep_epoch0(node1)', '~held(node0)', '~held(node1)', '~transfer_epoch3(node0)', '~transfer_epoch3(node1)']
num_forall :   0
num_exists :   1
num_literals : 3
quantified form : exists NODE0. ep_epoch0(NODE0) | held(NODE0) | transfer_epoch3(NODE0)
qcost : 4




=== Prime Orbit 233 =====================
size : 2
num_suborbits: 1
521 (*) : 00-----00---------------00
521     : ['~ep_epoch0(node0)', '~ep_epoch1(node0)', '~ep_epoch3(node1)', '~held(node0)', '~transfer_epoch3(node0)', '~transfer_epoch3(node1)']
520     : ---000---0--------------00
520     : ['~ep_epoch0(node1)', '~ep_epoch1(node1)', '~ep_epoch3(node0)', '~held(node1)', '~transfer_epoch3(node0)', '~transfer_epoch3(node1)']
num_forall :   2
num_exists :   0
num_literals : 7
quantified form : forall NODE0,NODE1. ep_epoch0(NODE0) | ep_epoch1(NODE0) | ep_epoch3(NODE1) | held(NODE0) | transfer_epoch3(NODE0) | transfer_epoch3(NODE1) | NODE0 = NODE1
qcost : 9




=== Prime Orbit 234 =====================
size : 2
num_suborbits: 1
529 (*) : 00------00--------------00
529     : ['~ep_epoch0(node0)', '~ep_epoch1(node0)', '~held(node0)', '~held(node1)', '~transfer_epoch3(node0)', '~transfer_epoch3(node1)']
528     : ----00--00--------------00
528     : ['~ep_epoch0(node1)', '~ep_epoch1(node1)', '~held(node0)', '~held(node1)', '~transfer_epoch3(node0)', '~transfer_epoch3(node1)']
num_forall :   2
num_exists :   0
num_literals : 7
quantified form : forall NODE0,NODE1. ep_epoch0(NODE0) | ep_epoch1(NODE0) | held(NODE0) | held(NODE1) | transfer_epoch3(NODE0) | transfer_epoch3(NODE1) | NODE0 = NODE1
qcost : 9




=== Prime Orbit 235 =====================
size : 2
num_suborbits: 1
517 (*) : 0------00---0-----------00
517     : ['~ep_epoch0(node0)', '~ep_epoch3(node1)', '~held(node0)', '~locked_epoch1(node0)', '~transfer_epoch3(node0)', '~transfer_epoch3(node1)']
516     : ---00----0---0----------00
516     : ['~ep_epoch0(node1)', '~ep_epoch3(node0)', '~held(node1)', '~locked_epoch1(node1)', '~transfer_epoch3(node0)', '~transfer_epoch3(node1)']
num_forall :   2
num_exists :   0
num_literals : 7
quantified form : forall NODE0,NODE1. ep_epoch0(NODE0) | ep_epoch3(NODE1) | held(NODE0) | locked_epoch1(NODE0) | transfer_epoch3(NODE0) | transfer_epoch3(NODE1) | NODE0 = NODE1
qcost : 9




=== Prime Orbit 236 =====================
size : 2
num_suborbits: 1
515 (*) : 0-------00--0-----------00
515     : ['~ep_epoch0(node0)', '~held(node0)', '~held(node1)', '~locked_epoch1(node0)', '~transfer_epoch3(node0)', '~transfer_epoch3(node1)']
514     : ----0---00---0----------00
514     : ['~ep_epoch0(node1)', '~held(node0)', '~held(node1)', '~locked_epoch1(node1)', '~transfer_epoch3(node0)', '~transfer_epoch3(node1)']
num_forall :   2
num_exists :   0
num_literals : 7
quantified form : forall NODE0,NODE1. ep_epoch0(NODE0) | held(NODE0) | held(NODE1) | locked_epoch1(NODE0) | transfer_epoch3(NODE0) | transfer_epoch3(NODE1) | NODE0 = NODE1
qcost : 9




=== Prime Orbit 237 =====================
size : 1
num_suborbits: 1
566 (*) : -000-000------------------
566     : ['~ep_epoch1(node0)', '~ep_epoch1(node1)', '~ep_epoch2(node0)', '~ep_epoch2(node1)', '~ep_epoch3(node0)', '~ep_epoch3(node1)']
num_forall :   0
num_exists :   1
num_literals : 3
quantified form : exists NODE0. ep_epoch1(NODE0) | ep_epoch2(NODE0) | ep_epoch3(NODE0)
qcost : 4




=== Prime Orbit 238 =====================
size : 2
num_suborbits: 1
564 (*) : -000-00--0----------------
564     : ['~ep_epoch1(node0)', '~ep_epoch1(node1)', '~ep_epoch2(node0)', '~ep_epoch2(node1)', '~ep_epoch3(node0)', '~held(node1)']
565     : -00--0000-----------------
565     : ['~ep_epoch1(node0)', '~ep_epoch1(node1)', '~ep_epoch2(node0)', '~ep_epoch2(node1)', '~ep_epoch3(node1)', '~held(node0)']
num_forall :   2
num_exists :   0
num_literals : 7
quantified form : forall NODE0,NODE1. ep_epoch1(NODE0) | ep_epoch1(NODE1) | ep_epoch2(NODE0) | ep_epoch2(NODE1) | ep_epoch3(NODE0) | held(NODE1) | NODE0 = NODE1
qcost : 9




=== Prime Orbit 239 =====================
size : 1
num_suborbits: 1
572 (*) : -00--00-00----------------
572     : ['~ep_epoch1(node0)', '~ep_epoch1(node1)', '~ep_epoch2(node0)', '~ep_epoch2(node1)', '~held(node0)', '~held(node1)']
num_forall :   0
num_exists :   1
num_literals : 3
quantified form : exists NODE0. ep_epoch1(NODE0) | ep_epoch2(NODE0) | held(NODE0)
qcost : 4




=== Prime Orbit 240 =====================
size : 2
num_suborbits: 1
553 (*) : -000-0-0-------0----------
553     : ['~ep_epoch1(node0)', '~ep_epoch1(node1)', '~ep_epoch2(node0)', '~ep_epoch3(node0)', '~ep_epoch3(node1)', '~locked_epoch2(node1)']
552     : -0-0-000------0-----------
552     : ['~ep_epoch1(node0)', '~ep_epoch1(node1)', '~ep_epoch2(node1)', '~ep_epoch3(node0)', '~ep_epoch3(node1)', '~locked_epoch2(node0)']
num_forall :   2
num_exists :   0
num_literals : 7
quantified form : forall NODE0,NODE1. ep_epoch1(NODE0) | ep_epoch1(NODE1) | ep_epoch2(NODE1) | ep_epoch3(NODE0) | ep_epoch3(NODE1) | locked_epoch2(NODE0) | NODE0 = NODE1
qcost : 9




=== Prime Orbit 241 =====================
size : 4
num_suborbits: 2
555 (*) : -000-0---0-----0----------
555     : ['~ep_epoch1(node0)', '~ep_epoch1(node1)', '~ep_epoch2(node0)', '~ep_epoch3(node0)', '~held(node1)', '~locked_epoch2(node1)']
538     : -00--0-00------0----------
538     : ['~ep_epoch1(node0)', '~ep_epoch1(node1)', '~ep_epoch2(node0)', '~ep_epoch3(node1)', '~held(node0)', '~locked_epoch2(node1)']
537     : -0-0-00--0----0-----------
537     : ['~ep_epoch1(node0)', '~ep_epoch1(node1)', '~ep_epoch2(node1)', '~ep_epoch3(node0)', '~held(node1)', '~locked_epoch2(node0)']
554     : -0---0000-----0-----------
554     : ['~ep_epoch1(node0)', '~ep_epoch1(node1)', '~ep_epoch2(node1)', '~ep_epoch3(node1)', '~held(node0)', '~locked_epoch2(node0)']
num_forall :   4
num_exists :   0
num_literals : 12
quantified form : forall NODE2,NODE0,NODE1,NODE3. ep_epoch1(NODE0) | ep_epoch1(NODE1) | ep_epoch2(NODE1) | ep_epoch3(NODE2) | held(NODE3) | locked_epoch2(NODE0) | ((NODE0 ~= NODE2 | NODE1 ~= NODE3 | NODE0 = NODE1) & (NODE0 ~= NODE3 | NODE1 ~= NODE2 | NODE0 = NODE1))
qcost : 16




=== Prime Orbit 242 =====================
size : 2
num_suborbits: 1
563 (*) : -00--0--00-----0----------
563     : ['~ep_epoch1(node0)', '~ep_epoch1(node1)', '~ep_epoch2(node0)', '~held(node0)', '~held(node1)', '~locked_epoch2(node1)']
562     : -0---00-00----0-----------
562     : ['~ep_epoch1(node0)', '~ep_epoch1(node1)', '~ep_epoch2(node1)', '~held(node0)', '~held(node1)', '~locked_epoch2(node0)']
num_forall :   2
num_exists :   0
num_literals : 7
quantified form : forall NODE0,NODE1. ep_epoch1(NODE0) | ep_epoch1(NODE1) | ep_epoch2(NODE1) | held(NODE0) | held(NODE1) | locked_epoch2(NODE0) | NODE0 = NODE1
qcost : 9




=== Prime Orbit 243 =====================
size : 1
num_suborbits: 1
551 (*) : -0-0-0-0------00----------
551     : ['~ep_epoch1(node0)', '~ep_epoch1(node1)', '~ep_epoch3(node0)', '~ep_epoch3(node1)', '~locked_epoch2(node0)', '~locked_epoch2(node1)']
num_forall :   0
num_exists :   1
num_literals : 3
quantified form : exists NODE0. ep_epoch1(NODE0) | ep_epoch3(NODE0) | locked_epoch2(NODE0)
qcost : 4




=== Prime Orbit 244 =====================
size : 2
num_suborbits: 1
539 (*) : -0-0-0---0----00----------
539     : ['~ep_epoch1(node0)', '~ep_epoch1(node1)', '~ep_epoch3(node0)', '~held(node1)', '~locked_epoch2(node0)', '~locked_epoch2(node1)']
540     : -0---0-00-----00----------
540     : ['~ep_epoch1(node0)', '~ep_epoch1(node1)', '~ep_epoch3(node1)', '~held(node0)', '~locked_epoch2(node0)', '~locked_epoch2(node1)']
num_forall :   2
num_exists :   0
num_literals : 7
quantified form : forall NODE0,NODE1. ep_epoch1(NODE0) | ep_epoch1(NODE1) | ep_epoch3(NODE0) | held(NODE1) | locked_epoch2(NODE0) | locked_epoch2(NODE1) | NODE0 = NODE1
qcost : 9




=== Prime Orbit 245 =====================
size : 1
num_suborbits: 1
561 (*) : -0---0--00----00----------
561     : ['~ep_epoch1(node0)', '~ep_epoch1(node1)', '~held(node0)', '~held(node1)', '~locked_epoch2(node0)', '~locked_epoch2(node1)']
num_forall :   0
num_exists :   1
num_literals : 3
quantified form : exists NODE0. ep_epoch1(NODE0) | held(NODE0) | locked_epoch2(NODE0)
qcost : 4




=== Prime Orbit 246 =====================
size : 1
num_suborbits: 1
533 (*) : -0---0--00--------------00
533     : ['~ep_epoch1(node0)', '~ep_epoch1(node1)', '~held(node0)', '~held(node1)', '~transfer_epoch3(node0)', '~transfer_epoch3(node1)']
num_forall :   0
num_exists :   1
num_literals : 3
quantified form : exists NODE0. ep_epoch1(NODE0) | held(NODE0) | transfer_epoch3(NODE0)
qcost : 4




=== Prime Orbit 247 =====================
size : 2
num_suborbits: 1
510 (*) : -0-----00----0----------00
510     : ['~ep_epoch1(node0)', '~ep_epoch3(node1)', '~held(node0)', '~locked_epoch1(node1)', '~transfer_epoch3(node0)', '~transfer_epoch3(node1)']
511     : ---0-0---0--0-----------00
511     : ['~ep_epoch1(node1)', '~ep_epoch3(node0)', '~held(node1)', '~locked_epoch1(node0)', '~transfer_epoch3(node0)', '~transfer_epoch3(node1)']
num_forall :   2
num_exists :   0
num_literals : 7
quantified form : forall NODE0,NODE1. ep_epoch1(NODE0) | ep_epoch3(NODE1) | held(NODE0) | locked_epoch1(NODE1) | transfer_epoch3(NODE0) | transfer_epoch3(NODE1) | NODE0 = NODE1
qcost : 9




=== Prime Orbit 248 =====================
size : 2
num_suborbits: 1
512 (*) : -0------00---0----------00
512     : ['~ep_epoch1(node0)', '~held(node0)', '~held(node1)', '~locked_epoch1(node1)', '~transfer_epoch3(node0)', '~transfer_epoch3(node1)']
513     : -----0--00--0-----------00
513     : ['~ep_epoch1(node1)', '~held(node0)', '~held(node1)', '~locked_epoch1(node0)', '~transfer_epoch3(node0)', '~transfer_epoch3(node1)']
num_forall :   2
num_exists :   0
num_literals : 7
quantified form : forall NODE0,NODE1. ep_epoch1(NODE0) | held(NODE0) | held(NODE1) | locked_epoch1(NODE1) | transfer_epoch3(NODE0) | transfer_epoch3(NODE1) | NODE0 = NODE1
qcost : 9




=== Prime Orbit 249 =====================
size : 1
num_suborbits: 1
534 (*) : --------00------------0000
534     : ['~held(node0)', '~held(node1)', '~transfer_epoch2(node0)', '~transfer_epoch2(node1)', '~transfer_epoch3(node0)', '~transfer_epoch3(node1)']
num_forall :   0
num_exists :   1
num_literals : 3
quantified form : exists NODE0. held(NODE0) | transfer_epoch2(NODE0) | transfer_epoch3(NODE0)
qcost : 4




=== Prime Orbit 250 =====================
size : 2
num_suborbits: 1
578 (*) : 0-000----0--------------00
578     : ['~ep_epoch0(node0)', '~ep_epoch0(node1)', '~ep_epoch2(node0)', '~ep_epoch3(node0)', '~held(node1)', '~transfer_epoch3(node0)', '~transfer_epoch3(node1)']
577     : 0---0-000---------------00
577     : ['~ep_epoch0(node0)', '~ep_epoch0(node1)', '~ep_epoch2(node1)', '~ep_epoch3(node1)', '~held(node0)', '~transfer_epoch3(node0)', '~transfer_epoch3(node1)']
num_forall :   2
num_exists :   0
num_literals : 8
quantified form : forall NODE0,NODE1. ep_epoch0(NODE0) | ep_epoch0(NODE1) | ep_epoch2(NODE1) | ep_epoch3(NODE1) | held(NODE0) | transfer_epoch3(NODE0) | transfer_epoch3(NODE1) | NODE0 = NODE1
qcost : 10




=== Prime Orbit 251 =====================
size : 2
num_suborbits: 1
575 (*) : 0--00----0----0---------00
575     : ['~ep_epoch0(node0)', '~ep_epoch0(node1)', '~ep_epoch3(node0)', '~held(node1)', '~locked_epoch2(node0)', '~transfer_epoch3(node0)', '~transfer_epoch3(node1)']
576     : 0---0--00------0--------00
576     : ['~ep_epoch0(node0)', '~ep_epoch0(node1)', '~ep_epoch3(node1)', '~held(node0)', '~locked_epoch2(node1)', '~transfer_epoch3(node0)', '~transfer_epoch3(node1)']
num_forall :   2
num_exists :   0
num_literals : 8
quantified form : forall NODE0,NODE1. ep_epoch0(NODE0) | ep_epoch0(NODE1) | ep_epoch3(NODE0) | held(NODE1) | locked_epoch2(NODE0) | transfer_epoch3(NODE0) | transfer_epoch3(NODE1) | NODE0 = NODE1
qcost : 10




=== Prime Orbit 252 =====================
size : 2
num_suborbits: 1
579 (*) : -000-0---0--------------00
579     : ['~ep_epoch1(node0)', '~ep_epoch1(node1)', '~ep_epoch2(node0)', '~ep_epoch3(node0)', '~held(node1)', '~transfer_epoch3(node0)', '~transfer_epoch3(node1)']
580     : -0---0000---------------00
580     : ['~ep_epoch1(node0)', '~ep_epoch1(node1)', '~ep_epoch2(node1)', '~ep_epoch3(node1)', '~held(node0)', '~transfer_epoch3(node0)', '~transfer_epoch3(node1)']
num_forall :   2
num_exists :   0
num_literals : 8
quantified form : forall NODE0,NODE1. ep_epoch1(NODE0) | ep_epoch1(NODE1) | ep_epoch2(NODE0) | ep_epoch3(NODE0) | held(NODE1) | transfer_epoch3(NODE0) | transfer_epoch3(NODE1) | NODE0 = NODE1
qcost : 10




=== Prime Orbit 253 =====================
size : 2
num_suborbits: 1
573 (*) : -0-0-0---0----0---------00
573     : ['~ep_epoch1(node0)', '~ep_epoch1(node1)', '~ep_epoch3(node0)', '~held(node1)', '~locked_epoch2(node0)', '~transfer_epoch3(node0)', '~transfer_epoch3(node1)']
574     : -0---0-00------0--------00
574     : ['~ep_epoch1(node0)', '~ep_epoch1(node1)', '~ep_epoch3(node1)', '~held(node0)', '~locked_epoch2(node1)', '~transfer_epoch3(node0)', '~transfer_epoch3(node1)']
num_forall :   2
num_exists :   0
num_literals : 8
quantified form : forall NODE0,NODE1. ep_epoch1(NODE0) | ep_epoch1(NODE1) | ep_epoch3(NODE0) | held(NODE1) | locked_epoch2(NODE0) | transfer_epoch3(NODE0) | transfer_epoch3(NODE1) | NODE0 = NODE1
qcost : 10




=== Prime Orbit 254 =====================
size : 2
num_suborbits: 1
583 (*) : -1----000-------------0000
583     : ['ep_epoch1(node0)', '~ep_epoch2(node1)', '~ep_epoch3(node1)', '~held(node0)', '~transfer_epoch2(node0)', '~transfer_epoch2(node1)', '~transfer_epoch3(node0)', '~transfer_epoch3(node1)']
584     : --00-1---0------------0000
584     : ['ep_epoch1(node1)', '~ep_epoch2(node0)', '~ep_epoch3(node0)', '~held(node1)', '~transfer_epoch2(node0)', '~transfer_epoch2(node1)', '~transfer_epoch3(node0)', '~transfer_epoch3(node1)']
num_forall :   2
num_exists :   0
num_literals : 9
quantified form : forall NODE0,NODE1. ~ep_epoch1(NODE0) | ep_epoch2(NODE1) | ep_epoch3(NODE1) | held(NODE0) | transfer_epoch2(NODE0) | transfer_epoch2(NODE1) | transfer_epoch3(NODE0) | transfer_epoch3(NODE1) | NODE0 = NODE1
qcost : 11




=== Prime Orbit 255 =====================
size : 2
num_suborbits: 1
581 (*) : -1-----00------0------0000
581     : ['ep_epoch1(node0)', '~ep_epoch3(node1)', '~held(node0)', '~locked_epoch2(node1)', '~transfer_epoch2(node0)', '~transfer_epoch2(node1)', '~transfer_epoch3(node0)', '~transfer_epoch3(node1)']
582     : ---0-1---0----0-------0000
582     : ['ep_epoch1(node1)', '~ep_epoch3(node0)', '~held(node1)', '~locked_epoch2(node0)', '~transfer_epoch2(node0)', '~transfer_epoch2(node1)', '~transfer_epoch3(node0)', '~transfer_epoch3(node1)']
num_forall :   2
num_exists :   0
num_literals : 9
quantified form : forall NODE0,NODE1. ~ep_epoch1(NODE0) | ep_epoch3(NODE1) | held(NODE0) | locked_epoch2(NODE1) | transfer_epoch2(NODE0) | transfer_epoch2(NODE1) | transfer_epoch3(NODE0) | transfer_epoch3(NODE1) | NODE0 = NODE1
qcost : 11




=== Prime Orbit 256 =====================
size : 2
num_suborbits: 1
600 (*) : ------000---1---------0000
600     : ['locked_epoch1(node0)', '~ep_epoch2(node1)', '~ep_epoch3(node1)', '~held(node0)', '~transfer_epoch2(node0)', '~transfer_epoch2(node1)', '~transfer_epoch3(node0)', '~transfer_epoch3(node1)']
599     : --00-----0---1--------0000
599     : ['locked_epoch1(node1)', '~ep_epoch2(node0)', '~ep_epoch3(node0)', '~held(node1)', '~transfer_epoch2(node0)', '~transfer_epoch2(node1)', '~transfer_epoch3(node0)', '~transfer_epoch3(node1)']
num_forall :   2
num_exists :   0
num_literals : 9
quantified form : forall NODE0,NODE1. ~locked_epoch1(NODE0) | ep_epoch2(NODE1) | ep_epoch3(NODE1) | held(NODE0) | transfer_epoch2(NODE0) | transfer_epoch2(NODE1) | transfer_epoch3(NODE0) | transfer_epoch3(NODE1) | NODE0 = NODE1
qcost : 11




=== Prime Orbit 257 =====================
size : 2
num_suborbits: 1
596 (*) : -------00---1--0------0000
596     : ['locked_epoch1(node0)', '~ep_epoch3(node1)', '~held(node0)', '~locked_epoch2(node1)', '~transfer_epoch2(node0)', '~transfer_epoch2(node1)', '~transfer_epoch3(node0)', '~transfer_epoch3(node1)']
595     : ---0-----0---10-------0000
595     : ['locked_epoch1(node1)', '~ep_epoch3(node0)', '~held(node1)', '~locked_epoch2(node0)', '~transfer_epoch2(node0)', '~transfer_epoch2(node1)', '~transfer_epoch3(node0)', '~transfer_epoch3(node1)']
num_forall :   2
num_exists :   0
num_literals : 9
quantified form : forall NODE0,NODE1. ~locked_epoch1(NODE0) | ep_epoch3(NODE1) | held(NODE0) | locked_epoch2(NODE1) | transfer_epoch2(NODE0) | transfer_epoch2(NODE1) | transfer_epoch3(NODE0) | transfer_epoch3(NODE1) | NODE0 = NODE1
qcost : 11




=== Prime Orbit 258 =====================
size : 2
num_suborbits: 1
588 (*) : 0-----000-------------0000
588     : ['~ep_epoch0(node0)', '~ep_epoch2(node1)', '~ep_epoch3(node1)', '~held(node0)', '~transfer_epoch2(node0)', '~transfer_epoch2(node1)', '~transfer_epoch3(node0)', '~transfer_epoch3(node1)']
587     : --000----0------------0000
587     : ['~ep_epoch0(node1)', '~ep_epoch2(node0)', '~ep_epoch3(node0)', '~held(node1)', '~transfer_epoch2(node0)', '~transfer_epoch2(node1)', '~transfer_epoch3(node0)', '~transfer_epoch3(node1)']
num_forall :   2
num_exists :   0
num_literals : 9
quantified form : forall NODE0,NODE1. ep_epoch0(NODE0) | ep_epoch2(NODE1) | ep_epoch3(NODE1) | held(NODE0) | transfer_epoch2(NODE0) | transfer_epoch2(NODE1) | transfer_epoch3(NODE0) | transfer_epoch3(NODE1) | NODE0 = NODE1
qcost : 11




=== Prime Orbit 259 =====================
size : 2
num_suborbits: 1
590 (*) : 0------00------0------0000
590     : ['~ep_epoch0(node0)', '~ep_epoch3(node1)', '~held(node0)', '~locked_epoch2(node1)', '~transfer_epoch2(node0)', '~transfer_epoch2(node1)', '~transfer_epoch3(node0)', '~transfer_epoch3(node1)']
589     : ---00----0----0-------0000
589     : ['~ep_epoch0(node1)', '~ep_epoch3(node0)', '~held(node1)', '~locked_epoch2(node0)', '~transfer_epoch2(node0)', '~transfer_epoch2(node1)', '~transfer_epoch3(node0)', '~transfer_epoch3(node1)']
num_forall :   2
num_exists :   0
num_literals : 9
quantified form : forall NODE0,NODE1. ep_epoch0(NODE0) | ep_epoch3(NODE1) | held(NODE0) | locked_epoch2(NODE1) | transfer_epoch2(NODE0) | transfer_epoch2(NODE1) | transfer_epoch3(NODE0) | transfer_epoch3(NODE1) | NODE0 = NODE1
qcost : 11




=== Prime Orbit 260 =====================
size : 2
num_suborbits: 1
585 (*) : -000-----0------------0000
585     : ['~ep_epoch1(node0)', '~ep_epoch2(node0)', '~ep_epoch3(node0)', '~held(node1)', '~transfer_epoch2(node0)', '~transfer_epoch2(node1)', '~transfer_epoch3(node0)', '~transfer_epoch3(node1)']
586     : -----0000-------------0000
586     : ['~ep_epoch1(node1)', '~ep_epoch2(node1)', '~ep_epoch3(node1)', '~held(node0)', '~transfer_epoch2(node0)', '~transfer_epoch2(node1)', '~transfer_epoch3(node0)', '~transfer_epoch3(node1)']
num_forall :   2
num_exists :   0
num_literals : 9
quantified form : forall NODE0,NODE1. ep_epoch1(NODE0) | ep_epoch2(NODE0) | ep_epoch3(NODE0) | held(NODE1) | transfer_epoch2(NODE0) | transfer_epoch2(NODE1) | transfer_epoch3(NODE0) | transfer_epoch3(NODE1) | NODE0 = NODE1
qcost : 11




=== Prime Orbit 261 =====================
size : 2
num_suborbits: 1
591 (*) : -0-0-----0----0-------0000
591     : ['~ep_epoch1(node0)', '~ep_epoch3(node0)', '~held(node1)', '~locked_epoch2(node0)', '~transfer_epoch2(node0)', '~transfer_epoch2(node1)', '~transfer_epoch3(node0)', '~transfer_epoch3(node1)']
592     : -----0-00------0------0000
592     : ['~ep_epoch1(node1)', '~ep_epoch3(node1)', '~held(node0)', '~locked_epoch2(node1)', '~transfer_epoch2(node0)', '~transfer_epoch2(node1)', '~transfer_epoch3(node0)', '~transfer_epoch3(node1)']
num_forall :   2
num_exists :   0
num_literals : 9
quantified form : forall NODE0,NODE1. ep_epoch1(NODE0) | ep_epoch3(NODE0) | held(NODE1) | locked_epoch2(NODE0) | transfer_epoch2(NODE0) | transfer_epoch2(NODE1) | transfer_epoch3(NODE0) | transfer_epoch3(NODE1) | NODE0 = NODE1
qcost : 11




=== Prime Orbit 262 =====================
size : 2
num_suborbits: 1
597 (*) : --00-----0--0---------0000
597     : ['~ep_epoch2(node0)', '~ep_epoch3(node0)', '~held(node1)', '~locked_epoch1(node0)', '~transfer_epoch2(node0)', '~transfer_epoch2(node1)', '~transfer_epoch3(node0)', '~transfer_epoch3(node1)']
598     : ------000----0--------0000
598     : ['~ep_epoch2(node1)', '~ep_epoch3(node1)', '~held(node0)', '~locked_epoch1(node1)', '~transfer_epoch2(node0)', '~transfer_epoch2(node1)', '~transfer_epoch3(node0)', '~transfer_epoch3(node1)']
num_forall :   2
num_exists :   0
num_literals : 9
quantified form : forall NODE0,NODE1. ep_epoch2(NODE0) | ep_epoch3(NODE0) | held(NODE1) | locked_epoch1(NODE0) | transfer_epoch2(NODE0) | transfer_epoch2(NODE1) | transfer_epoch3(NODE0) | transfer_epoch3(NODE1) | NODE0 = NODE1
qcost : 11




=== Prime Orbit 263 =====================
size : 2
num_suborbits: 1
593 (*) : ---0-----0--0-0-------0000
593     : ['~ep_epoch3(node0)', '~held(node1)', '~locked_epoch1(node0)', '~locked_epoch2(node0)', '~transfer_epoch2(node0)', '~transfer_epoch2(node1)', '~transfer_epoch3(node0)', '~transfer_epoch3(node1)']
594     : -------00----0-0------0000
594     : ['~ep_epoch3(node1)', '~held(node0)', '~locked_epoch1(node1)', '~locked_epoch2(node1)', '~transfer_epoch2(node0)', '~transfer_epoch2(node1)', '~transfer_epoch3(node0)', '~transfer_epoch3(node1)']
num_forall :   2
num_exists :   0
num_literals : 9
quantified form : forall NODE0,NODE1. ep_epoch3(NODE0) | held(NODE1) | locked_epoch1(NODE0) | locked_epoch2(NODE0) | transfer_epoch2(NODE0) | transfer_epoch2(NODE1) | transfer_epoch3(NODE0) | transfer_epoch3(NODE1) | NODE0 = NODE1
qcost : 11




[QI RESULT]: Quantified Forms Only

forall NODE0. ~locked_epoch0(NODE0)

exists NODE0. ~ep_epoch0(NODE0)

forall NODE0. ~ep_epoch0(NODE0) | ~ep_epoch1(NODE0)

forall NODE0. ~ep_epoch0(NODE0) | ~ep_epoch2(NODE0)

forall NODE0. ~ep_epoch0(NODE0) | ~ep_epoch3(NODE0)

forall NODE0. ~ep_epoch0(NODE0) | ~held(NODE0)

forall NODE0. ~ep_epoch0(NODE0) | ~locked_epoch1(NODE0)

forall NODE0. ~ep_epoch0(NODE0) | ~locked_epoch2(NODE0)

forall NODE0,NODE1. ~ep_epoch0(NODE0) | locked_epoch1(NODE1) | NODE0 = NODE1

exists NODE0. ~ep_epoch1(NODE0)

forall NODE0. ~ep_epoch1(NODE0) | ~ep_epoch2(NODE0)

forall NODE0. ~ep_epoch1(NODE0) | ~ep_epoch3(NODE0)

forall NODE0,NODE1. ~ep_epoch1(NODE0) | ~locked_epoch1(NODE1) | NODE0 = NODE1

forall NODE0. ~ep_epoch1(NODE0) | ~locked_epoch2(NODE0)

forall NODE0. ~ep_epoch1(NODE0) | locked_epoch1(NODE0)

exists NODE0. ~ep_epoch2(NODE0)

forall NODE0. ~ep_epoch2(NODE0) | ~ep_epoch3(NODE0)

forall NODE0,NODE1. ~ep_epoch2(NODE0) | ~locked_epoch2(NODE1) | NODE0 = NODE1

forall NODE0,NODE1. ~ep_epoch2(NODE0) | ~transfer_epoch2(NODE1)

forall NODE0. ~ep_epoch2(NODE0) | locked_epoch2(NODE0)

exists NODE0. ~ep_epoch3(NODE0)

forall NODE0,NODE1. ~ep_epoch3(NODE0) | ~held(NODE1) | NODE0 = NODE1

forall NODE0,NODE1. ~ep_epoch3(NODE0) | ~transfer_epoch2(NODE1)

forall NODE0,NODE1. ~ep_epoch3(NODE0) | ~transfer_epoch3(NODE1)

forall NODE0. ~ep_epoch3(NODE0) | held(NODE0)

exists NODE0. ~held(NODE0)

forall NODE0,NODE1. ~held(NODE0) | ~transfer_epoch2(NODE1)

forall NODE0,NODE1. ~held(NODE0) | ~transfer_epoch3(NODE1)

exists NODE0. ~locked_epoch1(NODE0)

exists NODE0. ~locked_epoch2(NODE0)

forall NODE0,NODE1. ~locked_epoch2(NODE0) | ~transfer_epoch2(NODE1)

exists NODE0. ~transfer_epoch2(NODE0)

forall NODE0,NODE1. ~transfer_epoch2(NODE0) | ~transfer_epoch3(NODE1)

exists NODE0. ~transfer_epoch3(NODE0)

exists NODE0. locked_epoch1(NODE0)

forall NODE2,NODE0,NODE1. ~ep_epoch0(NODE0) | ~transfer_epoch2(NODE1) | ep_epoch1(NODE2) | ((NODE1 ~= NODE2 | NODE0 = NODE1) & (NODE0 ~= NODE1 | NODE0 = NODE2))

forall NODE0,NODE1. ~ep_epoch1(NODE0) | ~ep_epoch2(NODE1) | ~held(NODE0) | NODE0 = NODE1

forall NODE0,NODE1. ~ep_epoch1(NODE0) | ~held(NODE0) | ~locked_epoch2(NODE1) | NODE0 = NODE1

forall NODE0,NODE1. ~ep_epoch1(NODE0) | ~held(NODE0) | ep_epoch0(NODE1) | NODE0 = NODE1

forall NODE2,NODE0,NODE1. ~ep_epoch1(NODE0) | ~transfer_epoch2(NODE1) | ep_epoch0(NODE2) | ((NODE1 ~= NODE2 | NODE0 = NODE1) & (NODE0 ~= NODE1 | NODE0 = NODE2))

forall NODE0,NODE1. ~ep_epoch2(NODE0) | ~held(NODE1) | ep_epoch3(NODE1) | NODE0 = NODE1

forall NODE0,NODE1. ~ep_epoch3(NODE0) | ~locked_epoch2(NODE1) | ep_epoch2(NODE1) | NODE0 = NODE1

forall NODE0,NODE1. ~held(NODE0) | ~locked_epoch2(NODE1) | ep_epoch2(NODE1) | NODE0 = NODE1

forall NODE0,NODE1. ~held(NODE0) | ~locked_epoch2(NODE1) | ep_epoch3(NODE0) | NODE0 = NODE1

forall NODE2,NODE0,NODE1. ~locked_epoch1(NODE0) | ~transfer_epoch2(NODE1) | ep_epoch0(NODE2) | ((NODE1 ~= NODE2 | NODE0 = NODE1) & (NODE0 ~= NODE1 | NODE0 = NODE2))

forall NODE0,NODE1. ~locked_epoch1(NODE0) | ~transfer_epoch2(NODE1) | ep_epoch1(NODE0)

forall NODE0,NODE1. ~locked_epoch2(NODE0) | ~transfer_epoch3(NODE1) | ep_epoch2(NODE0)

forall NODE0. ~locked_epoch2(NODE0) | ep_epoch2(NODE0) | ep_epoch3(NODE0)

forall NODE0. ~locked_epoch2(NODE0) | ep_epoch2(NODE0) | held(NODE0)

forall NODE0,NODE1. ~transfer_epoch2(NODE0) | ep_epoch0(NODE0) | ep_epoch0(NODE1) | NODE0 = NODE1

forall NODE0,NODE1. ~transfer_epoch2(NODE0) | ep_epoch0(NODE1) | ep_epoch1(NODE1)

forall NODE0,NODE1. ~transfer_epoch2(NODE0) | ep_epoch0(NODE1) | locked_epoch1(NODE1)

forall NODE0,NODE1. ~transfer_epoch2(NODE0) | ep_epoch1(NODE0) | ep_epoch1(NODE1) | NODE0 = NODE1

forall NODE2,NODE0,NODE1. ~transfer_epoch2(NODE0) | ep_epoch1(NODE1) | locked_epoch1(NODE2) | ((NODE0 ~= NODE1 | NODE0 = NODE2) & (NODE0 ~= NODE2 | NODE0 = NODE1))

forall NODE2,NODE0,NODE1. ~ep_epoch0(NODE0) | ~transfer_epoch3(NODE1) | ep_epoch1(NODE2) | ep_epoch2(NODE2) | ((NODE0 ~= NODE1 | NODE0 = NODE2) & (NODE1 ~= NODE2 | NODE0 = NODE1))

forall NODE2,NODE0,NODE1. ~ep_epoch0(NODE0) | ~transfer_epoch3(NODE1) | ep_epoch1(NODE2) | locked_epoch2(NODE2) | ((NODE1 ~= NODE2 | NODE0 = NODE1) & (NODE0 ~= NODE1 | NODE0 = NODE2))

forall NODE0,NODE1. ~ep_epoch0(NODE0) | ep_epoch1(NODE1) | ep_epoch2(NODE1) | ep_epoch3(NODE1) | NODE0 = NODE1

forall NODE0,NODE1. ~ep_epoch0(NODE0) | ep_epoch1(NODE1) | ep_epoch2(NODE1) | held(NODE1) | NODE0 = NODE1

forall NODE0,NODE1. ~ep_epoch0(NODE0) | ep_epoch1(NODE1) | ep_epoch3(NODE1) | locked_epoch2(NODE1) | NODE0 = NODE1

forall NODE0,NODE1. ~ep_epoch0(NODE0) | ep_epoch1(NODE1) | held(NODE1) | locked_epoch2(NODE1) | NODE0 = NODE1

forall NODE0,NODE1. ~ep_epoch1(NODE0) | ~held(NODE1) | ep_epoch2(NODE1) | ep_epoch3(NODE1) | NODE0 = NODE1

forall NODE0,NODE1. ~ep_epoch1(NODE0) | ~held(NODE1) | ep_epoch3(NODE1) | locked_epoch2(NODE1) | NODE0 = NODE1

forall NODE2,NODE0,NODE1. ~ep_epoch1(NODE0) | ~transfer_epoch3(NODE1) | ep_epoch0(NODE2) | ep_epoch2(NODE2) | ((NODE0 ~= NODE1 | NODE0 = NODE2) & (NODE1 ~= NODE2 | NODE0 = NODE1))

forall NODE2,NODE0,NODE1. ~ep_epoch1(NODE0) | ~transfer_epoch3(NODE1) | ep_epoch0(NODE2) | locked_epoch2(NODE2) | ((NODE1 ~= NODE2 | NODE0 = NODE1) & (NODE0 ~= NODE1 | NODE0 = NODE2))

forall NODE0,NODE1. ~ep_epoch1(NODE0) | ep_epoch0(NODE1) | ep_epoch2(NODE1) | ep_epoch3(NODE1) | NODE0 = NODE1

forall NODE0,NODE1. ~ep_epoch1(NODE0) | ep_epoch0(NODE1) | ep_epoch2(NODE1) | held(NODE1) | NODE0 = NODE1

forall NODE0,NODE1. ~ep_epoch1(NODE0) | ep_epoch0(NODE1) | ep_epoch3(NODE1) | locked_epoch2(NODE1) | NODE0 = NODE1

forall NODE0,NODE1. ~ep_epoch1(NODE0) | ep_epoch0(NODE1) | held(NODE1) | locked_epoch2(NODE1) | NODE0 = NODE1

forall NODE0,NODE1. ~ep_epoch2(NODE0) | ~held(NODE0) | ~locked_epoch1(NODE0) | ep_epoch0(NODE1) | NODE0 = NODE1

forall NODE0,NODE1. ~ep_epoch2(NODE0) | ~held(NODE0) | ~locked_epoch1(NODE1) | ep_epoch1(NODE1) | NODE0 = NODE1

forall NODE0,NODE1. ~ep_epoch2(NODE0) | ~held(NODE0) | ep_epoch0(NODE1) | ep_epoch1(NODE1) | NODE0 = NODE1

forall NODE0,NODE1. ~ep_epoch2(NODE0) | ~held(NODE0) | ep_epoch0(NODE1) | locked_epoch1(NODE1) | NODE0 = NODE1

forall NODE0,NODE1. ~ep_epoch2(NODE0) | ~held(NODE0) | ep_epoch1(NODE1) | locked_epoch1(NODE0) | NODE0 = NODE1

forall NODE2,NODE0,NODE1. ~ep_epoch2(NODE0) | ~locked_epoch1(NODE0) | ~transfer_epoch3(NODE1) | ep_epoch0(NODE2) | ((NODE0 ~= NODE1 | NODE0 = NODE2) & (NODE1 ~= NODE2 | NODE0 = NODE1))

forall NODE0,NODE1. ~ep_epoch2(NODE0) | ~locked_epoch1(NODE0) | ep_epoch0(NODE1) | ep_epoch3(NODE1) | NODE0 = NODE1

forall NODE0,NODE1. ~ep_epoch2(NODE0) | ~locked_epoch1(NODE0) | ep_epoch0(NODE1) | held(NODE1) | NODE0 = NODE1

forall NODE2,NODE0,NODE1. ~ep_epoch2(NODE0) | ~locked_epoch1(NODE1) | ~transfer_epoch3(NODE2) | ep_epoch1(NODE1) | ((NODE0 ~= NODE2 | NODE0 = NODE1) & (NODE1 ~= NODE2 | NODE0 = NODE1))

forall NODE0,NODE1. ~ep_epoch2(NODE0) | ~locked_epoch1(NODE1) | ep_epoch1(NODE1) | ep_epoch3(NODE1) | NODE0 = NODE1

forall NODE0,NODE1. ~ep_epoch2(NODE0) | ~locked_epoch1(NODE1) | ep_epoch1(NODE1) | held(NODE1) | NODE0 = NODE1

forall NODE2,NODE0,NODE1. ~ep_epoch2(NODE0) | ~transfer_epoch3(NODE1) | ep_epoch0(NODE2) | ep_epoch1(NODE2) | ((NODE0 ~= NODE1 | NODE0 = NODE2) & (NODE1 ~= NODE2 | NODE0 = NODE1))

forall NODE2,NODE0,NODE1. ~ep_epoch2(NODE0) | ~transfer_epoch3(NODE1) | ep_epoch0(NODE2) | locked_epoch1(NODE2) | ((NODE0 ~= NODE1 | NODE0 = NODE2) & (NODE1 ~= NODE2 | NODE0 = NODE1))

forall NODE2,NODE0,NODE1. ~ep_epoch2(NODE0) | ~transfer_epoch3(NODE1) | ep_epoch1(NODE2) | locked_epoch1(NODE0) | ((NODE0 ~= NODE1 | NODE0 = NODE2) & (NODE1 ~= NODE2 | NODE0 = NODE1))

forall NODE0,NODE1. ~ep_epoch2(NODE0) | ep_epoch0(NODE1) | ep_epoch1(NODE1) | ep_epoch3(NODE1) | NODE0 = NODE1

forall NODE0,NODE1. ~ep_epoch2(NODE0) | ep_epoch0(NODE1) | ep_epoch1(NODE1) | held(NODE1) | NODE0 = NODE1

forall NODE0,NODE1. ~ep_epoch2(NODE0) | ep_epoch0(NODE1) | ep_epoch3(NODE1) | locked_epoch1(NODE1) | NODE0 = NODE1

forall NODE0,NODE1. ~ep_epoch2(NODE0) | ep_epoch0(NODE1) | held(NODE1) | locked_epoch1(NODE1) | NODE0 = NODE1

forall NODE0,NODE1. ~ep_epoch2(NODE0) | ep_epoch1(NODE1) | ep_epoch3(NODE1) | locked_epoch1(NODE0) | NODE0 = NODE1

forall NODE0,NODE1. ~ep_epoch2(NODE0) | ep_epoch1(NODE1) | held(NODE1) | locked_epoch1(NODE0) | NODE0 = NODE1

forall NODE0,NODE1. ~ep_epoch3(NODE0) | ~locked_epoch1(NODE0) | ~locked_epoch2(NODE0) | ep_epoch0(NODE1) | NODE0 = NODE1

forall NODE0,NODE1. ~ep_epoch3(NODE0) | ~locked_epoch1(NODE0) | ep_epoch0(NODE1) | ep_epoch2(NODE1) | NODE0 = NODE1

forall NODE0,NODE1. ~ep_epoch3(NODE0) | ~locked_epoch1(NODE0) | ep_epoch0(NODE1) | locked_epoch2(NODE1) | NODE0 = NODE1

forall NODE0,NODE1. ~ep_epoch3(NODE0) | ~locked_epoch1(NODE1) | ~locked_epoch2(NODE0) | ep_epoch1(NODE1) | NODE0 = NODE1

forall NODE0,NODE1. ~ep_epoch3(NODE0) | ~locked_epoch1(NODE1) | ep_epoch1(NODE1) | ep_epoch2(NODE1) | NODE0 = NODE1

forall NODE0,NODE1. ~ep_epoch3(NODE0) | ~locked_epoch1(NODE1) | ep_epoch1(NODE1) | locked_epoch2(NODE1) | NODE0 = NODE1

forall NODE0,NODE1. ~ep_epoch3(NODE0) | ~locked_epoch2(NODE0) | ep_epoch0(NODE1) | ep_epoch1(NODE1) | NODE0 = NODE1

forall NODE0,NODE1. ~ep_epoch3(NODE0) | ~locked_epoch2(NODE0) | ep_epoch0(NODE1) | locked_epoch1(NODE1) | NODE0 = NODE1

forall NODE0,NODE1. ~ep_epoch3(NODE0) | ~locked_epoch2(NODE0) | ep_epoch1(NODE1) | locked_epoch1(NODE0) | NODE0 = NODE1

forall NODE0,NODE1. ~ep_epoch3(NODE0) | ep_epoch0(NODE1) | ep_epoch1(NODE1) | ep_epoch2(NODE1) | NODE0 = NODE1

forall NODE0,NODE1. ~ep_epoch3(NODE0) | ep_epoch0(NODE1) | ep_epoch1(NODE1) | locked_epoch2(NODE1) | NODE0 = NODE1

forall NODE0,NODE1. ~ep_epoch3(NODE0) | ep_epoch0(NODE1) | ep_epoch2(NODE1) | locked_epoch1(NODE1) | NODE0 = NODE1

forall NODE0,NODE1. ~ep_epoch3(NODE0) | ep_epoch0(NODE1) | locked_epoch1(NODE1) | locked_epoch2(NODE1) | NODE0 = NODE1

forall NODE0,NODE1. ~ep_epoch3(NODE0) | ep_epoch1(NODE1) | ep_epoch2(NODE1) | locked_epoch1(NODE0) | NODE0 = NODE1

forall NODE0,NODE1. ~ep_epoch3(NODE0) | ep_epoch1(NODE1) | locked_epoch1(NODE0) | locked_epoch2(NODE1) | NODE0 = NODE1

forall NODE0,NODE1. ~held(NODE0) | ~locked_epoch1(NODE0) | ~locked_epoch2(NODE0) | ep_epoch0(NODE1) | NODE0 = NODE1

forall NODE0,NODE1. ~held(NODE0) | ~locked_epoch1(NODE0) | ep_epoch0(NODE1) | ep_epoch2(NODE1) | NODE0 = NODE1

forall NODE0,NODE1. ~held(NODE0) | ~locked_epoch1(NODE0) | ep_epoch0(NODE1) | ep_epoch3(NODE0) | NODE0 = NODE1

forall NODE0,NODE1. ~held(NODE0) | ~locked_epoch1(NODE0) | ep_epoch0(NODE1) | locked_epoch2(NODE1) | NODE0 = NODE1

forall NODE0,NODE1. ~held(NODE0) | ~locked_epoch1(NODE1) | ~locked_epoch2(NODE0) | ep_epoch1(NODE1) | NODE0 = NODE1

forall NODE0,NODE1. ~held(NODE0) | ~locked_epoch1(NODE1) | ep_epoch1(NODE1) | ep_epoch2(NODE1) | NODE0 = NODE1

forall NODE0,NODE1. ~held(NODE0) | ~locked_epoch1(NODE1) | ep_epoch1(NODE1) | ep_epoch3(NODE0) | NODE0 = NODE1

forall NODE0,NODE1. ~held(NODE0) | ~locked_epoch1(NODE1) | ep_epoch1(NODE1) | locked_epoch2(NODE1) | NODE0 = NODE1

forall NODE0,NODE1. ~held(NODE0) | ~locked_epoch1(NODE1) | ep_epoch2(NODE0) | ep_epoch3(NODE0) | NODE0 = NODE1

forall NODE0,NODE1. ~held(NODE0) | ~locked_epoch1(NODE1) | ep_epoch3(NODE0) | locked_epoch2(NODE0) | NODE0 = NODE1

forall NODE0,NODE1. ~held(NODE0) | ~locked_epoch2(NODE0) | ep_epoch0(NODE1) | ep_epoch1(NODE1) | NODE0 = NODE1

forall NODE0,NODE1. ~held(NODE0) | ~locked_epoch2(NODE0) | ep_epoch0(NODE1) | locked_epoch1(NODE1) | NODE0 = NODE1

forall NODE0,NODE1. ~held(NODE0) | ~locked_epoch2(NODE0) | ep_epoch1(NODE1) | locked_epoch1(NODE0) | NODE0 = NODE1

forall NODE0,NODE1. ~held(NODE0) | ep_epoch0(NODE1) | ep_epoch1(NODE1) | ep_epoch2(NODE1) | NODE0 = NODE1

forall NODE0,NODE1. ~held(NODE0) | ep_epoch0(NODE1) | ep_epoch1(NODE1) | ep_epoch3(NODE0) | NODE0 = NODE1

forall NODE0,NODE1. ~held(NODE0) | ep_epoch0(NODE1) | ep_epoch1(NODE1) | locked_epoch2(NODE1) | NODE0 = NODE1

forall NODE0,NODE1. ~held(NODE0) | ep_epoch0(NODE1) | ep_epoch2(NODE0) | ep_epoch3(NODE0) | NODE0 = NODE1

forall NODE0,NODE1. ~held(NODE0) | ep_epoch0(NODE1) | ep_epoch2(NODE1) | locked_epoch1(NODE1) | NODE0 = NODE1

forall NODE0,NODE1. ~held(NODE0) | ep_epoch0(NODE1) | ep_epoch3(NODE0) | locked_epoch1(NODE1) | NODE0 = NODE1

forall NODE0,NODE1. ~held(NODE0) | ep_epoch0(NODE1) | ep_epoch3(NODE0) | locked_epoch2(NODE0) | NODE0 = NODE1

forall NODE0,NODE1. ~held(NODE0) | ep_epoch0(NODE1) | locked_epoch1(NODE1) | locked_epoch2(NODE1) | NODE0 = NODE1

forall NODE0. ~held(NODE0) | ep_epoch1(NODE0) | ep_epoch2(NODE0) | ep_epoch3(NODE0)

forall NODE0. ~held(NODE0) | ep_epoch1(NODE0) | ep_epoch3(NODE0) | locked_epoch2(NODE0)

forall NODE0,NODE1. ~held(NODE0) | ep_epoch1(NODE1) | ep_epoch2(NODE1) | locked_epoch1(NODE0) | NODE0 = NODE1

forall NODE0,NODE1. ~held(NODE0) | ep_epoch1(NODE1) | ep_epoch3(NODE0) | locked_epoch1(NODE0) | NODE0 = NODE1

forall NODE0,NODE1. ~held(NODE0) | ep_epoch1(NODE1) | locked_epoch1(NODE0) | locked_epoch2(NODE1) | NODE0 = NODE1

forall NODE0. ~held(NODE0) | ep_epoch2(NODE0) | ep_epoch3(NODE0) | locked_epoch1(NODE0)

forall NODE0. ~held(NODE0) | ep_epoch3(NODE0) | locked_epoch1(NODE0) | locked_epoch2(NODE0)

forall NODE2,NODE0,NODE1. ~locked_epoch1(NODE0) | ~locked_epoch2(NODE0) | ~transfer_epoch3(NODE1) | ep_epoch0(NODE2) | ((NODE0 ~= NODE1 | NODE0 = NODE2) & (NODE1 ~= NODE2 | NODE0 = NODE1))

forall NODE0,NODE1. ~locked_epoch1(NODE0) | ~locked_epoch2(NODE0) | ep_epoch0(NODE1) | ep_epoch2(NODE0) | NODE0 = NODE1

forall NODE0,NODE1. ~locked_epoch1(NODE0) | ~locked_epoch2(NODE0) | ep_epoch0(NODE1) | ep_epoch3(NODE1) | NODE0 = NODE1

forall NODE0,NODE1. ~locked_epoch1(NODE0) | ~locked_epoch2(NODE0) | ep_epoch0(NODE1) | held(NODE1) | NODE0 = NODE1

forall NODE2,NODE0,NODE1. ~locked_epoch1(NODE0) | ~locked_epoch2(NODE1) | ~transfer_epoch3(NODE2) | ep_epoch1(NODE0) | ((NODE1 ~= NODE2 | NODE0 = NODE1) & (NODE0 ~= NODE2 | NODE0 = NODE1))

forall NODE0,NODE1. ~locked_epoch1(NODE0) | ~locked_epoch2(NODE1) | ep_epoch1(NODE0) | ep_epoch2(NODE1) | NODE0 = NODE1

forall NODE0,NODE1. ~locked_epoch1(NODE0) | ~locked_epoch2(NODE1) | ep_epoch1(NODE0) | ep_epoch3(NODE0) | NODE0 = NODE1

forall NODE0,NODE1. ~locked_epoch1(NODE0) | ~locked_epoch2(NODE1) | ep_epoch1(NODE0) | held(NODE0) | NODE0 = NODE1

forall NODE2,NODE0,NODE1. ~locked_epoch1(NODE0) | ~transfer_epoch3(NODE1) | ep_epoch0(NODE2) | ep_epoch1(NODE0) | ((NODE0 ~= NODE1 | NODE0 = NODE2) & (NODE1 ~= NODE2 | NODE0 = NODE1))

forall NODE2,NODE0,NODE1. ~locked_epoch1(NODE0) | ~transfer_epoch3(NODE1) | ep_epoch0(NODE2) | ep_epoch2(NODE2) | ((NODE0 ~= NODE1 | NODE0 = NODE2) & (NODE1 ~= NODE2 | NODE0 = NODE1))

forall NODE2,NODE0,NODE1. ~locked_epoch1(NODE0) | ~transfer_epoch3(NODE1) | ep_epoch0(NODE2) | locked_epoch2(NODE2) | ((NODE0 ~= NODE1 | NODE0 = NODE2) & (NODE1 ~= NODE2 | NODE0 = NODE1))

forall NODE0,NODE1. ~locked_epoch1(NODE0) | ~transfer_epoch3(NODE1) | ep_epoch1(NODE0) | ep_epoch2(NODE0)

forall NODE0,NODE1. ~locked_epoch1(NODE0) | ~transfer_epoch3(NODE1) | ep_epoch1(NODE0) | locked_epoch2(NODE0)

forall NODE0,NODE1. ~locked_epoch1(NODE0) | ep_epoch0(NODE1) | ep_epoch2(NODE1) | ep_epoch3(NODE1) | NODE0 = NODE1

forall NODE0,NODE1. ~locked_epoch1(NODE0) | ep_epoch0(NODE1) | ep_epoch2(NODE1) | held(NODE1) | NODE0 = NODE1

forall NODE0,NODE1. ~locked_epoch1(NODE0) | ep_epoch0(NODE1) | ep_epoch3(NODE1) | locked_epoch2(NODE1) | NODE0 = NODE1

forall NODE0,NODE1. ~locked_epoch1(NODE0) | ep_epoch0(NODE1) | held(NODE1) | locked_epoch2(NODE1) | NODE0 = NODE1

forall NODE0. ~locked_epoch1(NODE0) | ep_epoch1(NODE0) | ep_epoch2(NODE0) | ep_epoch3(NODE0)

forall NODE0. ~locked_epoch1(NODE0) | ep_epoch1(NODE0) | ep_epoch2(NODE0) | held(NODE0)

forall NODE0. ~locked_epoch1(NODE0) | ep_epoch1(NODE0) | ep_epoch3(NODE0) | locked_epoch2(NODE0)

forall NODE0. ~locked_epoch1(NODE0) | ep_epoch1(NODE0) | held(NODE0) | locked_epoch2(NODE0)

forall NODE2,NODE0,NODE1. ~locked_epoch2(NODE0) | ~transfer_epoch3(NODE1) | ep_epoch0(NODE2) | ep_epoch1(NODE2) | ((NODE0 ~= NODE1 | NODE0 = NODE2) & (NODE1 ~= NODE2 | NODE0 = NODE1))

forall NODE2,NODE0,NODE1. ~locked_epoch2(NODE0) | ~transfer_epoch3(NODE1) | ep_epoch0(NODE2) | locked_epoch1(NODE2) | ((NODE0 ~= NODE1 | NODE0 = NODE2) & (NODE1 ~= NODE2 | NODE0 = NODE1))

forall NODE2,NODE0,NODE1. ~locked_epoch2(NODE0) | ~transfer_epoch3(NODE1) | ep_epoch1(NODE2) | locked_epoch1(NODE0) | ((NODE0 ~= NODE1 | NODE0 = NODE2) & (NODE1 ~= NODE2 | NODE0 = NODE1))

forall NODE0,NODE1. ~locked_epoch2(NODE0) | ep_epoch0(NODE1) | ep_epoch1(NODE1) | ep_epoch2(NODE0) | NODE0 = NODE1

forall NODE0,NODE1. ~locked_epoch2(NODE0) | ep_epoch0(NODE1) | ep_epoch1(NODE1) | ep_epoch3(NODE1) | NODE0 = NODE1

forall NODE0,NODE1. ~locked_epoch2(NODE0) | ep_epoch0(NODE1) | ep_epoch1(NODE1) | held(NODE1) | NODE0 = NODE1

forall NODE0,NODE1. ~locked_epoch2(NODE0) | ep_epoch0(NODE1) | ep_epoch2(NODE0) | locked_epoch1(NODE1) | NODE0 = NODE1

forall NODE0,NODE1. ~locked_epoch2(NODE0) | ep_epoch0(NODE1) | ep_epoch3(NODE1) | locked_epoch1(NODE1) | NODE0 = NODE1

forall NODE0,NODE1. ~locked_epoch2(NODE0) | ep_epoch0(NODE1) | held(NODE1) | locked_epoch1(NODE1) | NODE0 = NODE1

forall NODE0,NODE1. ~locked_epoch2(NODE0) | ep_epoch1(NODE1) | ep_epoch2(NODE0) | locked_epoch1(NODE0) | NODE0 = NODE1

forall NODE0,NODE1. ~locked_epoch2(NODE0) | ep_epoch1(NODE1) | ep_epoch3(NODE1) | locked_epoch1(NODE0) | NODE0 = NODE1

forall NODE0,NODE1. ~locked_epoch2(NODE0) | ep_epoch1(NODE1) | held(NODE1) | locked_epoch1(NODE0) | NODE0 = NODE1

forall NODE0,NODE1. ~transfer_epoch3(NODE0) | ep_epoch0(NODE1) | ep_epoch1(NODE1) | ep_epoch2(NODE1)

forall NODE0,NODE1. ~transfer_epoch3(NODE0) | ep_epoch0(NODE1) | ep_epoch1(NODE1) | locked_epoch2(NODE1)

forall NODE2,NODE0,NODE1. ~transfer_epoch3(NODE0) | ep_epoch0(NODE1) | ep_epoch1(NODE2) | locked_epoch1(NODE1) | ((NODE0 ~= NODE2 | NODE0 = NODE1) & (NODE0 ~= NODE1 | NODE0 = NODE2))

forall NODE0,NODE1. ~transfer_epoch3(NODE0) | ep_epoch0(NODE1) | ep_epoch2(NODE1) | locked_epoch1(NODE1)

forall NODE0,NODE1. ~transfer_epoch3(NODE0) | ep_epoch0(NODE1) | locked_epoch1(NODE1) | locked_epoch2(NODE1)

forall NODE2,NODE0,NODE1. ~transfer_epoch3(NODE0) | ep_epoch1(NODE1) | ep_epoch2(NODE1) | locked_epoch1(NODE2) | ((NODE0 ~= NODE2 | NODE0 = NODE1) & (NODE0 ~= NODE1 | NODE0 = NODE2))

forall NODE2,NODE0,NODE1. ~transfer_epoch3(NODE0) | ep_epoch1(NODE1) | locked_epoch1(NODE2) | locked_epoch2(NODE1) | ((NODE0 ~= NODE2 | NODE0 = NODE1) & (NODE0 ~= NODE1 | NODE0 = NODE2))

forall NODE0. ep_epoch0(NODE0) | ep_epoch1(NODE0) | ep_epoch2(NODE0) | ep_epoch3(NODE0)

forall NODE0. ep_epoch0(NODE0) | ep_epoch1(NODE0) | ep_epoch2(NODE0) | held(NODE0)

forall NODE0. ep_epoch0(NODE0) | ep_epoch1(NODE0) | ep_epoch3(NODE0) | locked_epoch2(NODE0)

forall NODE0. ep_epoch0(NODE0) | ep_epoch1(NODE0) | held(NODE0) | locked_epoch2(NODE0)

forall NODE0. ep_epoch0(NODE0) | ep_epoch2(NODE0) | ep_epoch3(NODE0) | locked_epoch1(NODE0)

forall NODE0. ep_epoch0(NODE0) | ep_epoch2(NODE0) | held(NODE0) | locked_epoch1(NODE0)

forall NODE0. ep_epoch0(NODE0) | ep_epoch3(NODE0) | locked_epoch1(NODE0) | locked_epoch2(NODE0)

forall NODE0. ep_epoch0(NODE0) | held(NODE0) | locked_epoch1(NODE0) | locked_epoch2(NODE0)

forall NODE0,NODE1. ep_epoch1(NODE0) | ep_epoch2(NODE0) | ep_epoch3(NODE0) | locked_epoch1(NODE1) | NODE0 = NODE1

forall NODE0,NODE1. ep_epoch1(NODE0) | ep_epoch2(NODE0) | held(NODE0) | locked_epoch1(NODE1) | NODE0 = NODE1

forall NODE0,NODE1. ep_epoch1(NODE0) | ep_epoch3(NODE0) | locked_epoch1(NODE1) | locked_epoch2(NODE0) | NODE0 = NODE1

forall NODE0,NODE1. ep_epoch1(NODE0) | held(NODE0) | locked_epoch1(NODE1) | locked_epoch2(NODE0) | NODE0 = NODE1

forall NODE0,NODE1. ~ep_epoch0(NODE0) | ~ep_epoch2(NODE1) | held(NODE1) | transfer_epoch3(NODE0) | transfer_epoch3(NODE1) | NODE0 = NODE1

forall NODE0,NODE1. ~ep_epoch0(NODE0) | ~locked_epoch2(NODE1) | held(NODE1) | transfer_epoch3(NODE0) | transfer_epoch3(NODE1) | NODE0 = NODE1

forall NODE0,NODE1. ~ep_epoch0(NODE0) | ep_epoch1(NODE1) | held(NODE1) | transfer_epoch3(NODE0) | transfer_epoch3(NODE1) | NODE0 = NODE1

forall NODE0,NODE1. ~ep_epoch1(NODE0) | ~ep_epoch2(NODE1) | held(NODE1) | transfer_epoch3(NODE0) | transfer_epoch3(NODE1) | NODE0 = NODE1

forall NODE0,NODE1. ~ep_epoch1(NODE0) | ~locked_epoch2(NODE1) | held(NODE1) | transfer_epoch3(NODE0) | transfer_epoch3(NODE1) | NODE0 = NODE1

forall NODE0,NODE1. ~ep_epoch1(NODE0) | ep_epoch0(NODE1) | held(NODE1) | transfer_epoch3(NODE0) | transfer_epoch3(NODE1) | NODE0 = NODE1

forall NODE0,NODE1. ~ep_epoch2(NODE0) | ep_epoch3(NODE1) | held(NODE0) | transfer_epoch3(NODE0) | transfer_epoch3(NODE1) | NODE0 = NODE1

forall NODE0,NODE1. ~ep_epoch2(NODE0) | held(NODE0) | held(NODE1) | transfer_epoch3(NODE0) | transfer_epoch3(NODE1) | NODE0 = NODE1

forall NODE0,NODE1. ~locked_epoch1(NODE0) | ep_epoch0(NODE1) | ep_epoch1(NODE0) | ep_epoch2(NODE0) | ep_epoch2(NODE1) | NODE0 = NODE1

forall NODE2,NODE0,NODE1,NODE3. ~locked_epoch1(NODE0) | ep_epoch0(NODE1) | ep_epoch1(NODE0) | ep_epoch2(NODE2) | locked_epoch2(NODE3) | ((NODE0 ~= NODE2 | NODE1 ~= NODE3 | NODE0 = NODE1) & (NODE0 ~= NODE3 | NODE1 ~= NODE2 | NODE0 = NODE1))

forall NODE0,NODE1. ~locked_epoch1(NODE0) | ep_epoch0(NODE1) | ep_epoch1(NODE0) | ep_epoch3(NODE0) | ep_epoch3(NODE1) | NODE0 = NODE1

forall NODE2,NODE0,NODE1,NODE3. ~locked_epoch1(NODE0) | ep_epoch0(NODE1) | ep_epoch1(NODE0) | ep_epoch3(NODE2) | held(NODE3) | ((NODE0 ~= NODE3 | NODE1 ~= NODE2 | NODE0 = NODE1) & (NODE0 ~= NODE2 | NODE1 ~= NODE3 | NODE0 = NODE1))

forall NODE0,NODE1. ~locked_epoch1(NODE0) | ep_epoch0(NODE1) | ep_epoch1(NODE0) | held(NODE0) | held(NODE1) | NODE0 = NODE1

forall NODE0,NODE1. ~locked_epoch1(NODE0) | ep_epoch0(NODE1) | ep_epoch1(NODE0) | locked_epoch2(NODE0) | locked_epoch2(NODE1) | NODE0 = NODE1

forall NODE0,NODE1. ~locked_epoch2(NODE0) | ep_epoch3(NODE1) | held(NODE0) | transfer_epoch3(NODE0) | transfer_epoch3(NODE1) | NODE0 = NODE1

forall NODE0,NODE1. ~locked_epoch2(NODE0) | held(NODE0) | held(NODE1) | transfer_epoch3(NODE0) | transfer_epoch3(NODE1) | NODE0 = NODE1

forall NODE0,NODE1. ~transfer_epoch3(NODE0) | ep_epoch0(NODE0) | ep_epoch0(NODE1) | ep_epoch1(NODE0) | ep_epoch1(NODE1) | NODE0 = NODE1

forall NODE0,NODE1. ~transfer_epoch3(NODE0) | ep_epoch0(NODE0) | ep_epoch0(NODE1) | ep_epoch2(NODE0) | ep_epoch2(NODE1) | NODE0 = NODE1

forall NODE2,NODE0,NODE1,NODE3. ~transfer_epoch3(NODE0) | ep_epoch0(NODE0) | ep_epoch0(NODE1) | ep_epoch2(NODE2) | locked_epoch2(NODE3) | ((NODE0 ~= NODE2 | NODE1 ~= NODE3 | NODE0 = NODE1) & (NODE0 ~= NODE3 | NODE1 ~= NODE2 | NODE0 = NODE1))

forall NODE0,NODE1. ~transfer_epoch3(NODE0) | ep_epoch0(NODE0) | ep_epoch0(NODE1) | locked_epoch2(NODE0) | locked_epoch2(NODE1) | NODE0 = NODE1

forall NODE0,NODE1. ~transfer_epoch3(NODE0) | ep_epoch1(NODE0) | ep_epoch1(NODE1) | ep_epoch2(NODE0) | ep_epoch2(NODE1) | NODE0 = NODE1

forall NODE2,NODE0,NODE1,NODE3. ~transfer_epoch3(NODE0) | ep_epoch1(NODE0) | ep_epoch1(NODE1) | ep_epoch2(NODE2) | locked_epoch2(NODE3) | ((NODE0 ~= NODE2 | NODE1 ~= NODE3 | NODE0 = NODE1) & (NODE0 ~= NODE3 | NODE1 ~= NODE2 | NODE0 = NODE1))

forall NODE0,NODE1. ~transfer_epoch3(NODE0) | ep_epoch1(NODE0) | ep_epoch1(NODE1) | locked_epoch2(NODE0) | locked_epoch2(NODE1) | NODE0 = NODE1

forall NODE0,NODE1. ep_epoch0(NODE0) | ep_epoch1(NODE1) | ep_epoch2(NODE0) | ep_epoch2(NODE1) | locked_epoch1(NODE0) | NODE0 = NODE1

forall NODE2,NODE0,NODE1,NODE3. ep_epoch0(NODE0) | ep_epoch1(NODE1) | ep_epoch2(NODE2) | locked_epoch1(NODE0) | locked_epoch2(NODE3) | ((NODE0 ~= NODE2 | NODE1 ~= NODE3 | NODE0 = NODE1) & (NODE0 ~= NODE3 | NODE1 ~= NODE2 | NODE0 = NODE1))

forall NODE0,NODE1. ep_epoch0(NODE0) | ep_epoch1(NODE1) | ep_epoch3(NODE0) | ep_epoch3(NODE1) | locked_epoch1(NODE0) | NODE0 = NODE1

forall NODE2,NODE0,NODE1,NODE3. ep_epoch0(NODE0) | ep_epoch1(NODE1) | ep_epoch3(NODE2) | held(NODE3) | locked_epoch1(NODE0) | ((NODE0 ~= NODE2 | NODE1 ~= NODE3 | NODE0 = NODE1) & (NODE0 ~= NODE3 | NODE1 ~= NODE2 | NODE0 = NODE1))

forall NODE0,NODE1. ep_epoch0(NODE0) | ep_epoch1(NODE1) | held(NODE0) | held(NODE1) | locked_epoch1(NODE0) | NODE0 = NODE1

forall NODE0,NODE1. ep_epoch0(NODE0) | ep_epoch1(NODE1) | locked_epoch1(NODE0) | locked_epoch2(NODE0) | locked_epoch2(NODE1) | NODE0 = NODE1

forall NODE0,NODE1. ~ep_epoch0(NODE0) | held(NODE1) | transfer_epoch2(NODE0) | transfer_epoch2(NODE1) | transfer_epoch3(NODE0) | transfer_epoch3(NODE1) | NODE0 = NODE1

forall NODE0,NODE1. ~locked_epoch1(NODE0) | ep_epoch0(NODE1) | ep_epoch3(NODE0) | held(NODE1) | transfer_epoch3(NODE0) | transfer_epoch3(NODE1) | NODE0 = NODE1

forall NODE0,NODE1. ~locked_epoch1(NODE0) | ep_epoch0(NODE1) | held(NODE0) | held(NODE1) | transfer_epoch3(NODE0) | transfer_epoch3(NODE1) | NODE0 = NODE1

forall NODE0,NODE1. ~locked_epoch1(NODE0) | ep_epoch1(NODE0) | ep_epoch3(NODE1) | held(NODE0) | transfer_epoch3(NODE0) | transfer_epoch3(NODE1) | NODE0 = NODE1

forall NODE0,NODE1. ~locked_epoch1(NODE0) | ep_epoch1(NODE0) | held(NODE0) | held(NODE1) | transfer_epoch3(NODE0) | transfer_epoch3(NODE1) | NODE0 = NODE1

exists NODE0. ep_epoch0(NODE0) | ep_epoch1(NODE0) | ep_epoch2(NODE0)

forall NODE0,NODE1. ep_epoch0(NODE0) | ep_epoch0(NODE1) | ep_epoch1(NODE0) | ep_epoch1(NODE1) | ep_epoch2(NODE1) | locked_epoch2(NODE0) | NODE0 = NODE1

exists NODE0. ep_epoch0(NODE0) | ep_epoch1(NODE0) | ep_epoch3(NODE0)

forall NODE0,NODE1. ep_epoch0(NODE0) | ep_epoch0(NODE1) | ep_epoch1(NODE0) | ep_epoch1(NODE1) | ep_epoch3(NODE0) | held(NODE1) | NODE0 = NODE1

exists NODE0. ep_epoch0(NODE0) | ep_epoch1(NODE0) | held(NODE0)

exists NODE0. ep_epoch0(NODE0) | ep_epoch1(NODE0) | locked_epoch2(NODE0)

exists NODE0. ep_epoch0(NODE0) | ep_epoch2(NODE0) | ep_epoch3(NODE0)

forall NODE0,NODE1. ep_epoch0(NODE0) | ep_epoch0(NODE1) | ep_epoch2(NODE0) | ep_epoch2(NODE1) | ep_epoch3(NODE0) | held(NODE1) | NODE0 = NODE1

exists NODE0. ep_epoch0(NODE0) | ep_epoch2(NODE0) | held(NODE0)

forall NODE0,NODE1. ep_epoch0(NODE0) | ep_epoch0(NODE1) | ep_epoch2(NODE1) | ep_epoch3(NODE0) | ep_epoch3(NODE1) | locked_epoch2(NODE0) | NODE0 = NODE1

forall NODE2,NODE0,NODE1,NODE3. ep_epoch0(NODE0) | ep_epoch0(NODE1) | ep_epoch2(NODE1) | ep_epoch3(NODE2) | held(NODE3) | locked_epoch2(NODE0) | ((NODE0 ~= NODE2 | NODE1 ~= NODE3 | NODE0 = NODE1) & (NODE0 ~= NODE3 | NODE1 ~= NODE2 | NODE0 = NODE1))

forall NODE0,NODE1. ep_epoch0(NODE0) | ep_epoch0(NODE1) | ep_epoch2(NODE1) | held(NODE0) | held(NODE1) | locked_epoch2(NODE0) | NODE0 = NODE1

exists NODE0. ep_epoch0(NODE0) | ep_epoch3(NODE0) | locked_epoch2(NODE0)

forall NODE0,NODE1. ep_epoch0(NODE0) | ep_epoch0(NODE1) | ep_epoch3(NODE0) | held(NODE1) | locked_epoch2(NODE0) | locked_epoch2(NODE1) | NODE0 = NODE1

exists NODE0. ep_epoch0(NODE0) | held(NODE0) | locked_epoch2(NODE0)

exists NODE0. ep_epoch0(NODE0) | held(NODE0) | transfer_epoch3(NODE0)

forall NODE0,NODE1. ep_epoch0(NODE0) | ep_epoch1(NODE0) | ep_epoch3(NODE1) | held(NODE0) | transfer_epoch3(NODE0) | transfer_epoch3(NODE1) | NODE0 = NODE1

forall NODE0,NODE1. ep_epoch0(NODE0) | ep_epoch1(NODE0) | held(NODE0) | held(NODE1) | transfer_epoch3(NODE0) | transfer_epoch3(NODE1) | NODE0 = NODE1

forall NODE0,NODE1. ep_epoch0(NODE0) | ep_epoch3(NODE1) | held(NODE0) | locked_epoch1(NODE0) | transfer_epoch3(NODE0) | transfer_epoch3(NODE1) | NODE0 = NODE1

forall NODE0,NODE1. ep_epoch0(NODE0) | held(NODE0) | held(NODE1) | locked_epoch1(NODE0) | transfer_epoch3(NODE0) | transfer_epoch3(NODE1) | NODE0 = NODE1

exists NODE0. ep_epoch1(NODE0) | ep_epoch2(NODE0) | ep_epoch3(NODE0)

forall NODE0,NODE1. ep_epoch1(NODE0) | ep_epoch1(NODE1) | ep_epoch2(NODE0) | ep_epoch2(NODE1) | ep_epoch3(NODE0) | held(NODE1) | NODE0 = NODE1

exists NODE0. ep_epoch1(NODE0) | ep_epoch2(NODE0) | held(NODE0)

forall NODE0,NODE1. ep_epoch1(NODE0) | ep_epoch1(NODE1) | ep_epoch2(NODE1) | ep_epoch3(NODE0) | ep_epoch3(NODE1) | locked_epoch2(NODE0) | NODE0 = NODE1

forall NODE2,NODE0,NODE1,NODE3. ep_epoch1(NODE0) | ep_epoch1(NODE1) | ep_epoch2(NODE1) | ep_epoch3(NODE2) | held(NODE3) | locked_epoch2(NODE0) | ((NODE0 ~= NODE2 | NODE1 ~= NODE3 | NODE0 = NODE1) & (NODE0 ~= NODE3 | NODE1 ~= NODE2 | NODE0 = NODE1))

forall NODE0,NODE1. ep_epoch1(NODE0) | ep_epoch1(NODE1) | ep_epoch2(NODE1) | held(NODE0) | held(NODE1) | locked_epoch2(NODE0) | NODE0 = NODE1

exists NODE0. ep_epoch1(NODE0) | ep_epoch3(NODE0) | locked_epoch2(NODE0)

forall NODE0,NODE1. ep_epoch1(NODE0) | ep_epoch1(NODE1) | ep_epoch3(NODE0) | held(NODE1) | locked_epoch2(NODE0) | locked_epoch2(NODE1) | NODE0 = NODE1

exists NODE0. ep_epoch1(NODE0) | held(NODE0) | locked_epoch2(NODE0)

exists NODE0. ep_epoch1(NODE0) | held(NODE0) | transfer_epoch3(NODE0)

forall NODE0,NODE1. ep_epoch1(NODE0) | ep_epoch3(NODE1) | held(NODE0) | locked_epoch1(NODE1) | transfer_epoch3(NODE0) | transfer_epoch3(NODE1) | NODE0 = NODE1

forall NODE0,NODE1. ep_epoch1(NODE0) | held(NODE0) | held(NODE1) | locked_epoch1(NODE1) | transfer_epoch3(NODE0) | transfer_epoch3(NODE1) | NODE0 = NODE1

exists NODE0. held(NODE0) | transfer_epoch2(NODE0) | transfer_epoch3(NODE0)

forall NODE0,NODE1. ep_epoch0(NODE0) | ep_epoch0(NODE1) | ep_epoch2(NODE1) | ep_epoch3(NODE1) | held(NODE0) | transfer_epoch3(NODE0) | transfer_epoch3(NODE1) | NODE0 = NODE1

forall NODE0,NODE1. ep_epoch0(NODE0) | ep_epoch0(NODE1) | ep_epoch3(NODE0) | held(NODE1) | locked_epoch2(NODE0) | transfer_epoch3(NODE0) | transfer_epoch3(NODE1) | NODE0 = NODE1

forall NODE0,NODE1. ep_epoch1(NODE0) | ep_epoch1(NODE1) | ep_epoch2(NODE0) | ep_epoch3(NODE0) | held(NODE1) | transfer_epoch3(NODE0) | transfer_epoch3(NODE1) | NODE0 = NODE1

forall NODE0,NODE1. ep_epoch1(NODE0) | ep_epoch1(NODE1) | ep_epoch3(NODE0) | held(NODE1) | locked_epoch2(NODE0) | transfer_epoch3(NODE0) | transfer_epoch3(NODE1) | NODE0 = NODE1

forall NODE0,NODE1. ~ep_epoch1(NODE0) | ep_epoch2(NODE1) | ep_epoch3(NODE1) | held(NODE0) | transfer_epoch2(NODE0) | transfer_epoch2(NODE1) | transfer_epoch3(NODE0) | transfer_epoch3(NODE1) | NODE0 = NODE1

forall NODE0,NODE1. ~ep_epoch1(NODE0) | ep_epoch3(NODE1) | held(NODE0) | locked_epoch2(NODE1) | transfer_epoch2(NODE0) | transfer_epoch2(NODE1) | transfer_epoch3(NODE0) | transfer_epoch3(NODE1) | NODE0 = NODE1

forall NODE0,NODE1. ~locked_epoch1(NODE0) | ep_epoch2(NODE1) | ep_epoch3(NODE1) | held(NODE0) | transfer_epoch2(NODE0) | transfer_epoch2(NODE1) | transfer_epoch3(NODE0) | transfer_epoch3(NODE1) | NODE0 = NODE1

forall NODE0,NODE1. ~locked_epoch1(NODE0) | ep_epoch3(NODE1) | held(NODE0) | locked_epoch2(NODE1) | transfer_epoch2(NODE0) | transfer_epoch2(NODE1) | transfer_epoch3(NODE0) | transfer_epoch3(NODE1) | NODE0 = NODE1

forall NODE0,NODE1. ep_epoch0(NODE0) | ep_epoch2(NODE1) | ep_epoch3(NODE1) | held(NODE0) | transfer_epoch2(NODE0) | transfer_epoch2(NODE1) | transfer_epoch3(NODE0) | transfer_epoch3(NODE1) | NODE0 = NODE1

forall NODE0,NODE1. ep_epoch0(NODE0) | ep_epoch3(NODE1) | held(NODE0) | locked_epoch2(NODE1) | transfer_epoch2(NODE0) | transfer_epoch2(NODE1) | transfer_epoch3(NODE0) | transfer_epoch3(NODE1) | NODE0 = NODE1

forall NODE0,NODE1. ep_epoch1(NODE0) | ep_epoch2(NODE0) | ep_epoch3(NODE0) | held(NODE1) | transfer_epoch2(NODE0) | transfer_epoch2(NODE1) | transfer_epoch3(NODE0) | transfer_epoch3(NODE1) | NODE0 = NODE1

forall NODE0,NODE1. ep_epoch1(NODE0) | ep_epoch3(NODE0) | held(NODE1) | locked_epoch2(NODE0) | transfer_epoch2(NODE0) | transfer_epoch2(NODE1) | transfer_epoch3(NODE0) | transfer_epoch3(NODE1) | NODE0 = NODE1

forall NODE0,NODE1. ep_epoch2(NODE0) | ep_epoch3(NODE0) | held(NODE1) | locked_epoch1(NODE0) | transfer_epoch2(NODE0) | transfer_epoch2(NODE1) | transfer_epoch3(NODE0) | transfer_epoch3(NODE1) | NODE0 = NODE1

forall NODE0,NODE1. ep_epoch3(NODE0) | held(NODE1) | locked_epoch1(NODE0) | locked_epoch2(NODE0) | transfer_epoch2(NODE0) | transfer_epoch2(NODE1) | transfer_epoch3(NODE0) | transfer_epoch3(NODE1) | NODE0 = NODE1

[QRM NOTE]: Time elapsed since start: 9.623 seconds

[QRM NOTE]: Time elapsed since last: 2.390 seconds

[QRM NOTE]: Peak memory: 2719907 bytes


===============================================================================================

	[MIN]: Minimization on [ivybench/total/ivy/distributed_lock.ivy: node=2,epoch=4]

===============================================================================================


==============================================================================================================

	[MIN RESULT]: Minimized Invariants on [ivybench/total/ivy/distributed_lock.ivy: node=2,epoch=4]

==============================================================================================================

[MIN NOTE]: number of minimal solution found: 1

[MIN NOTE]: upper bound: 78

[MIN NOTE]: maximum branch and bound depth: 12

[MIN NOTE]: number of definitions: 0

[MIN NOTE]: number of equality relations: 3

invariant [eq_0] forall NODE. locked_epoch0(NODE) = transfer_epoch0(NODE) # equivalence relation, qcost: 3

invariant [eq_1] forall NODE. locked_epoch0(NODE) = transfer_epoch1(NODE) # equivalence relation, qcost: 3

invariant [eq_2] forall NODE. ep_epoch3(NODE) = locked_epoch3(NODE) # equivalence relation, qcost: 3

[MIN NOTE]: Solution 0 : [0, 32, 33, 34, 26, 27, 28, 31, 29, 47, 174, 145, 146, 149, 150, 25, 232, 246, 249, 122]

[MIN NOTE]: solution length: 20

invariant [invar_0] forall NODE0. ~locked_epoch0(NODE0) # qcost: 2

invariant [invar_32] forall NODE0,NODE1. ~transfer_epoch2(NODE0) | ~transfer_epoch3(NODE1) # qcost: 4

invariant [invar_33] exists NODE0. ~transfer_epoch3(NODE0) # qcost: 2

invariant [invar_34] exists NODE0. locked_epoch1(NODE0) # qcost: 2

invariant [invar_26] forall NODE0,NODE1. ~held(NODE0) | ~transfer_epoch2(NODE1) # qcost: 4

invariant [invar_27] forall NODE0,NODE1. ~held(NODE0) | ~transfer_epoch3(NODE1) # qcost: 4

invariant [invar_28] exists NODE0. ~locked_epoch1(NODE0) # qcost: 2

invariant [invar_31] exists NODE0. ~transfer_epoch2(NODE0) # qcost: 2

invariant [invar_29] exists NODE0. ~locked_epoch2(NODE0) # qcost: 2

invariant [invar_47] forall NODE0. ~locked_epoch2(NODE0) | ep_epoch2(NODE0) | ep_epoch3(NODE0) # qcost: 4

invariant [invar_174] forall NODE0. ep_epoch0(NODE0) | ep_epoch1(NODE0) | held(NODE0) | locked_epoch2(NODE0) # qcost: 5

invariant [invar_145] forall NODE0,NODE1. ~locked_epoch1(NODE0) | ep_epoch0(NODE1) | ep_epoch2(NODE1) | held(NODE1) | NODE0 = NODE1 # qcost: 7

invariant [invar_146] forall NODE0,NODE1. ~locked_epoch1(NODE0) | ep_epoch0(NODE1) | ep_epoch3(NODE1) | locked_epoch2(NODE1) | NODE0 = NODE1 # qcost: 7

invariant [invar_149] forall NODE0. ~locked_epoch1(NODE0) | ep_epoch1(NODE0) | ep_epoch2(NODE0) | held(NODE0) # qcost: 5

invariant [invar_150] forall NODE0. ~locked_epoch1(NODE0) | ep_epoch1(NODE0) | ep_epoch3(NODE0) | locked_epoch2(NODE0) # qcost: 5

invariant [invar_25] exists NODE0. ~held(NODE0) # qcost: 2

invariant [invar_232] exists NODE0. ep_epoch0(NODE0) | held(NODE0) | transfer_epoch3(NODE0) # qcost: 4

invariant [invar_246] exists NODE0. ep_epoch1(NODE0) | held(NODE0) | transfer_epoch3(NODE0) # qcost: 4

invariant [invar_249] exists NODE0. held(NODE0) | transfer_epoch2(NODE0) | transfer_epoch3(NODE0) # qcost: 4

invariant [invar_122] forall NODE0,NODE1. ~held(NODE0) | ep_epoch0(NODE1) | ep_epoch3(NODE0) | locked_epoch2(NODE0) | NODE0 = NODE1 # qcost: 7

[MIN NOTE]: number of total invariants: 23

[MIN NOTE]: total qCost: 87




[QRM NOTE]: Time elapsed since start: 11.415 seconds

[QRM NOTE]: Time elapsed since last: 1.792 seconds

[QRM NOTE]: Peak memory: 2767792 bytes


=================================================================================================================

	[MIN_CHECK] Minimization Sanity Check on [ivybench/total/ivy/distributed_lock.ivy: node=2,epoch=4]

=================================================================================================================

