"Orbit","SQI","qcost","Bit String","# literals","Group","Group Size","Sig"
"0","forall NODE0. ~locked_epoch0(NODE0)","2","------------1-------------------","1","0","101","0000100010"
"1","forall NODE0. ~transfer_epoch0(NODE0)","2","----------------------1---------","1","1","2","0000001010"
"2","forall NODE0. ~transfer_epoch1(NODE0)","2","------------------------1-------","1","1","2","0000001010"
"3","exists NODE0. ~ep_epoch0(NODE0)","2","1----1--------------------------","1","4","5","2000000001"
"4","forall NODE0. ~ep_epoch0(NODE0) | ~ep_epoch1(NODE0)","3","11------------------------------","2","8","10","2000000010"
"5","forall NODE0. ~ep_epoch0(NODE0) | ~ep_epoch2(NODE0)","3","1-1-----------------------------","2","8","10","2000000010"
"6","forall NODE0. ~ep_epoch0(NODE0) | ~ep_epoch3(NODE0)","3","1--1----------------------------","2","8","10","2000000010"
"7","forall NODE0. ~ep_epoch0(NODE0) | ~ep_epoch4(NODE0)","3","1---1---------------------------","2","8","10","2000000010"
"8","forall NODE0. ~ep_epoch0(NODE0) | ~held(NODE0)","3","1---------1---------------------","2","0","101","1010000010"
"9","forall NODE0. ~ep_epoch0(NODE0) | ~locked_epoch1(NODE0)","3","1-------------1-----------------","2","7","10","1000100010"
"10","forall NODE0. ~ep_epoch0(NODE0) | ~locked_epoch2(NODE0)","3","1---------------1---------------","2","7","10","1000100010"
"11","forall NODE0. ~ep_epoch0(NODE0) | ~locked_epoch3(NODE0)","3","1-----------------1-------------","2","7","10","1000100010"
"12","forall NODE0. ~ep_epoch0(NODE0) | ~locked_epoch4(NODE0)","3","1-------------------1-----------","2","7","10","1000100010"
"13","forall NODE0,NODE1. ~ep_epoch0(NODE0) | locked_epoch1(NODE1) | NODE0 = NODE1","5","1--------------0----------------","3","0","101","1000010020"
"14","exists NODE0. ~ep_epoch1(NODE0)","2","-1----1-------------------------","1","4","5","2000000001"
"15","forall NODE0. ~ep_epoch1(NODE0) | ~ep_epoch2(NODE0)","3","-11-----------------------------","2","8","10","2000000010"
"16","forall NODE0. ~ep_epoch1(NODE0) | ~ep_epoch3(NODE0)","3","-1-1----------------------------","2","8","10","2000000010"
"17","forall NODE0. ~ep_epoch1(NODE0) | ~ep_epoch4(NODE0)","3","-1--1---------------------------","2","8","10","2000000010"
"18","forall NODE0,NODE1. ~ep_epoch1(NODE0) | ~locked_epoch1(NODE1) | NODE0 = NODE1","5","-1-------------1----------------","3","22","4","1000100020"
"19","forall NODE0. ~ep_epoch1(NODE0) | ~locked_epoch2(NODE0)","3","-1--------------1---------------","2","7","10","1000100010"
"20","forall NODE0. ~ep_epoch1(NODE0) | ~locked_epoch3(NODE0)","3","-1----------------1-------------","2","7","10","1000100010"
"21","forall NODE0. ~ep_epoch1(NODE0) | ~locked_epoch4(NODE0)","3","-1------------------1-----------","2","7","10","1000100010"
"22","forall NODE0. ~ep_epoch1(NODE0) | locked_epoch1(NODE0)","3","-1------------0-----------------","2","6","4","1000010010"
"23","exists NODE0. ~ep_epoch2(NODE0)","2","--1----1------------------------","1","4","5","2000000001"
"24","forall NODE0. ~ep_epoch2(NODE0) | ~ep_epoch3(NODE0)","3","--11----------------------------","2","8","10","2000000010"
"25","forall NODE0. ~ep_epoch2(NODE0) | ~ep_epoch4(NODE0)","3","--1-1---------------------------","2","8","10","2000000010"
"26","forall NODE0,NODE1. ~ep_epoch2(NODE0) | ~locked_epoch2(NODE1) | NODE0 = NODE1","5","--1--------------1--------------","3","22","4","1000100020"
"27","forall NODE0. ~ep_epoch2(NODE0) | ~locked_epoch3(NODE0)","3","--1---------------1-------------","2","7","10","1000100010"
"28","forall NODE0. ~ep_epoch2(NODE0) | ~locked_epoch4(NODE0)","3","--1-----------------1-----------","2","7","10","1000100010"
"29","forall NODE0,NODE1. ~ep_epoch2(NODE0) | ~transfer_epoch2(NODE1)","4","--1-----------------------1-----","2","13","6","1000001020"
"30","forall NODE0. ~ep_epoch2(NODE0) | locked_epoch2(NODE0)","3","--1-------------0---------------","2","6","4","1000010010"
"31","exists NODE0. ~ep_epoch3(NODE0)","2","---1----1-----------------------","1","4","5","2000000001"
"32","forall NODE0. ~ep_epoch3(NODE0) | ~ep_epoch4(NODE0)","3","---11---------------------------","2","8","10","2000000010"
"33","forall NODE0,NODE1. ~ep_epoch3(NODE0) | ~locked_epoch3(NODE1) | NODE0 = NODE1","5","---1---------------1------------","3","22","4","1000100020"
"34","forall NODE0. ~ep_epoch3(NODE0) | ~locked_epoch4(NODE0)","3","---1----------------1-----------","2","7","10","1000100010"
"35","forall NODE0,NODE1. ~ep_epoch3(NODE0) | ~transfer_epoch2(NODE1)","4","---1----------------------1-----","2","13","6","1000001020"
"36","forall NODE0,NODE1. ~ep_epoch3(NODE0) | ~transfer_epoch3(NODE1)","4","---1------------------------1---","2","13","6","1000001020"
"37","forall NODE0. ~ep_epoch3(NODE0) | locked_epoch3(NODE0)","3","---1--------------0-------------","2","6","4","1000010010"
"38","exists NODE0. ~ep_epoch4(NODE0)","2","----1----1----------------------","1","4","5","2000000001"
"39","forall NODE0,NODE1. ~ep_epoch4(NODE0) | ~held(NODE1) | NODE0 = NODE1","5","----1------1--------------------","3","0","101","1010000020"
"40","forall NODE0,NODE1. ~ep_epoch4(NODE0) | ~locked_epoch4(NODE1) | NODE0 = NODE1","5","----1----------------1----------","3","22","4","1000100020"
"41","forall NODE0,NODE1. ~ep_epoch4(NODE0) | ~transfer_epoch2(NODE1)","4","----1---------------------1-----","2","13","6","1000001020"
"42","forall NODE0,NODE1. ~ep_epoch4(NODE0) | ~transfer_epoch3(NODE1)","4","----1-----------------------1---","2","13","6","1000001020"
"43","forall NODE0,NODE1. ~ep_epoch4(NODE0) | ~transfer_epoch4(NODE1)","4","----1-------------------------1-","2","13","6","1000001020"
"44","forall NODE0. ~ep_epoch4(NODE0) | held(NODE0)","3","----1-----0---------------------","2","0","101","1001000010"
"45","forall NODE0. ~ep_epoch4(NODE0) | locked_epoch4(NODE0)","3","----1---------------0-----------","2","6","4","1000010010"
"46","exists NODE0. ~held(NODE0)","2","----------11--------------------","1","0","101","0020000001"
"47","forall NODE0,NODE1. ~held(NODE0) | ~locked_epoch4(NODE1) | NODE0 = NODE1","5","----------1----------1----------","3","0","101","0010100020"
"48","forall NODE0,NODE1. ~held(NODE0) | ~transfer_epoch2(NODE1)","4","----------1---------------1-----","2","11","3","0010001020"
"49","forall NODE0,NODE1. ~held(NODE0) | ~transfer_epoch3(NODE1)","4","----------1-----------------1---","2","11","3","0010001020"
"50","forall NODE0,NODE1. ~held(NODE0) | ~transfer_epoch4(NODE1)","4","----------1-------------------1-","2","11","3","0010001020"
"51","exists NODE0. ~locked_epoch1(NODE0)","2","--------------11----------------","1","3","4","0000200001"
"52","exists NODE0. ~locked_epoch2(NODE0)","2","----------------11--------------","1","3","4","0000200001"
"53","forall NODE0,NODE1. ~locked_epoch2(NODE0) | ~transfer_epoch2(NODE1)","4","----------------1---------1-----","2","10","6","0000101020"
"54","exists NODE0. ~locked_epoch3(NODE0)","2","------------------11------------","1","3","4","0000200001"
"55","forall NODE0,NODE1. ~locked_epoch3(NODE0) | ~transfer_epoch2(NODE1)","4","------------------1-------1-----","2","10","6","0000101020"
"56","forall NODE0,NODE1. ~locked_epoch3(NODE0) | ~transfer_epoch3(NODE1)","4","------------------1---------1---","2","10","6","0000101020"
"57","exists NODE0. ~locked_epoch4(NODE0)","2","--------------------11----------","1","3","4","0000200001"
"58","forall NODE0,NODE1. ~locked_epoch4(NODE0) | ~transfer_epoch2(NODE1)","4","--------------------1-----1-----","2","10","6","0000101020"
"59","forall NODE0,NODE1. ~locked_epoch4(NODE0) | ~transfer_epoch3(NODE1)","4","--------------------1-------1---","2","10","6","0000101020"
"60","forall NODE0,NODE1. ~locked_epoch4(NODE0) | ~transfer_epoch4(NODE1)","4","--------------------1---------1-","2","10","6","0000101020"
"61","forall NODE0. ~locked_epoch4(NODE0) | ep_epoch4(NODE0)","3","----0---------------1-----------","2","0","101","0100100010"
"62","forall NODE0. ~locked_epoch4(NODE0) | held(NODE0)","3","----------0---------1-----------","2","0","101","0001100010"
"63","exists NODE0. ~transfer_epoch2(NODE0)","2","--------------------------11----","1","2","3","0000002001"
"64","forall NODE0,NODE1. ~transfer_epoch2(NODE0) | ~transfer_epoch3(NODE1)","4","--------------------------1-1---","2","9","3","0000002020"
"65","forall NODE0,NODE1. ~transfer_epoch2(NODE0) | ~transfer_epoch4(NODE1)","4","--------------------------1---1-","2","9","3","0000002020"
"66","exists NODE0. ~transfer_epoch3(NODE0)","2","----------------------------11--","1","2","3","0000002001"
"67","forall NODE0,NODE1. ~transfer_epoch3(NODE0) | ~transfer_epoch4(NODE1)","4","----------------------------1-1-","2","9","3","0000002020"
"68","exists NODE0. ~transfer_epoch4(NODE0)","2","------------------------------11","1","2","3","0000002001"
"69","exists NODE0. locked_epoch1(NODE0)","2","--------------00----------------","1","0","101","0000020001"
"70","forall NODE2,NODE0,NODE1. ~ep_epoch0(NODE0) | ~ep_epoch1(NODE1) | ~transfer_epoch3(NODE2) | ((NODE0 ~= NODE2 | NODE0 = NODE1) & (NODE1 ~= NODE2 | NODE0 = NODE1))","10","1-----1---------------------1---","7","177","4","2000001030"
"71","forall NODE2,NODE0,NODE1. ~ep_epoch0(NODE0) | ~ep_epoch1(NODE1) | ~transfer_epoch4(NODE2) | ((NODE0 ~= NODE2 | NODE0 = NODE1) & (NODE1 ~= NODE2 | NODE0 = NODE1))","10","1-----1-----------------------1-","7","177","4","2000001030"
"72","forall NODE2,NODE0,NODE1. ~ep_epoch0(NODE0) | ~ep_epoch2(NODE1) | ~transfer_epoch4(NODE2) | ((NODE0 ~= NODE2 | NODE0 = NODE1) & (NODE1 ~= NODE2 | NODE0 = NODE1))","10","1------1----------------------1-","7","177","4","2000001030"
"73","forall NODE0,NODE1. ~ep_epoch0(NODE0) | ~ep_epoch3(NODE1) | locked_epoch2(NODE1) | NODE0 = NODE1","6","1-------1--------0--------------","4","47","7","2000010020"
"74","forall NODE0,NODE1. ~ep_epoch0(NODE0) | ~ep_epoch4(NODE1) | locked_epoch2(NODE1) | NODE0 = NODE1","6","1--------1-------0--------------","4","47","7","2000010020"
"75","forall NODE0,NODE1. ~ep_epoch0(NODE0) | ~ep_epoch4(NODE1) | locked_epoch3(NODE1) | NODE0 = NODE1","6","1--------1---------0------------","4","47","7","2000010020"
"76","forall NODE0,NODE1. ~ep_epoch0(NODE0) | ~locked_epoch3(NODE1) | locked_epoch2(NODE1) | NODE0 = NODE1","6","1----------------0-1------------","4","42","7","1000110020"
"77","forall NODE0,NODE1. ~ep_epoch0(NODE0) | ~locked_epoch4(NODE1) | locked_epoch2(NODE1) | NODE0 = NODE1","6","1----------------0---1----------","4","42","7","1000110020"
"78","forall NODE0,NODE1. ~ep_epoch0(NODE0) | ~locked_epoch4(NODE1) | locked_epoch3(NODE1) | NODE0 = NODE1","6","1------------------0-1----------","4","42","7","1000110020"
"79","forall NODE2,NODE0,NODE1. ~ep_epoch0(NODE0) | ~transfer_epoch2(NODE1) | ep_epoch1(NODE2) | ((NODE1 ~= NODE2 | NODE0 = NODE1) & (NODE0 ~= NODE1 | NODE0 = NODE2))","10","1-----0-------------------1-----","7","175","7","1100001030"
"80","forall NODE2,NODE0,NODE1. ~ep_epoch0(NODE0) | ~transfer_epoch3(NODE1) | ep_epoch2(NODE2) | ((NODE0 ~= NODE1 | NODE0 = NODE2) & (NODE1 ~= NODE2 | NODE0 = NODE1))","10","1------0--------------------1---","7","175","7","1100001030"
"81","forall NODE2,NODE0,NODE1. ~ep_epoch0(NODE0) | ~transfer_epoch3(NODE1) | locked_epoch2(NODE2) | ((NODE0 ~= NODE1 | NODE0 = NODE2) & (NODE1 ~= NODE2 | NODE0 = NODE1))","10","1----------------0----------1---","7","173","7","1000011030"
"82","forall NODE2,NODE0,NODE1. ~ep_epoch0(NODE0) | ~transfer_epoch4(NODE1) | ep_epoch3(NODE2) | ((NODE1 ~= NODE2 | NODE0 = NODE1) & (NODE0 ~= NODE1 | NODE0 = NODE2))","10","1-------0---------------------1-","7","175","7","1100001030"
"83","forall NODE2,NODE0,NODE1. ~ep_epoch0(NODE0) | ~transfer_epoch4(NODE1) | locked_epoch2(NODE2) | ((NODE1 ~= NODE2 | NODE0 = NODE1) & (NODE0 ~= NODE1 | NODE0 = NODE2))","10","1----------------0------------1-","7","173","7","1000011030"
"84","forall NODE2,NODE0,NODE1. ~ep_epoch0(NODE0) | ~transfer_epoch4(NODE1) | locked_epoch3(NODE2) | ((NODE1 ~= NODE2 | NODE0 = NODE1) & (NODE0 ~= NODE1 | NODE0 = NODE2))","10","1------------------0----------1-","7","173","7","1000011030"
"85","forall NODE0,NODE1. ~ep_epoch0(NODE0) | ep_epoch1(NODE1) | locked_epoch2(NODE1) | NODE0 = NODE1","6","1-----0----------0--------------","4","45","3","1100010020"
"86","forall NODE0,NODE1. ~ep_epoch1(NODE0) | ~ep_epoch2(NODE1) | ~held(NODE0) | NODE0 = NODE1","6","-1-----1--1---------------------","4","48","3","2010000020"
"87","forall NODE2,NODE0,NODE1. ~ep_epoch1(NODE0) | ~ep_epoch2(NODE1) | ~transfer_epoch4(NODE2) | ((NODE0 ~= NODE2 | NODE0 = NODE1) & (NODE1 ~= NODE2 | NODE0 = NODE1))","10","-1-----1----------------------1-","7","177","4","2000001030"
"88","forall NODE0,NODE1. ~ep_epoch1(NODE0) | ~ep_epoch3(NODE1) | ~held(NODE0) | NODE0 = NODE1","6","-1------1-1---------------------","4","48","3","2010000020"
"89","forall NODE0,NODE1. ~ep_epoch1(NODE0) | ~ep_epoch3(NODE1) | locked_epoch2(NODE1) | NODE0 = NODE1","6","-1------1--------0--------------","4","47","7","2000010020"
"90","forall NODE0,NODE1. ~ep_epoch1(NODE0) | ~ep_epoch4(NODE1) | locked_epoch2(NODE1) | NODE0 = NODE1","6","-1-------1-------0--------------","4","47","7","2000010020"
"91","forall NODE0,NODE1. ~ep_epoch1(NODE0) | ~ep_epoch4(NODE1) | locked_epoch3(NODE1) | NODE0 = NODE1","6","-1-------1---------0------------","4","47","7","2000010020"
"92","forall NODE0,NODE1. ~ep_epoch1(NODE0) | ~held(NODE0) | ~locked_epoch2(NODE1) | NODE0 = NODE1","6","-1--------1------1--------------","4","44","3","1010100020"
"93","forall NODE0,NODE1. ~ep_epoch1(NODE0) | ~held(NODE0) | ~locked_epoch3(NODE1) | NODE0 = NODE1","6","-1--------1--------1------------","4","44","3","1010100020"
"94","forall NODE0,NODE1. ~ep_epoch1(NODE0) | ~held(NODE0) | ep_epoch0(NODE1) | NODE0 = NODE1","6","-1---0----1---------------------","4","46","2","1110000020"
"95","forall NODE0,NODE1. ~ep_epoch1(NODE0) | ~held(NODE1) | locked_epoch2(NODE1) | NODE0 = NODE1","6","-1---------1-----0--------------","4","43","3","1010010020"
"96","forall NODE0,NODE1. ~ep_epoch1(NODE0) | ~locked_epoch3(NODE1) | locked_epoch2(NODE1) | NODE0 = NODE1","6","-1---------------0-1------------","4","42","7","1000110020"
"97","forall NODE0,NODE1. ~ep_epoch1(NODE0) | ~locked_epoch4(NODE1) | locked_epoch2(NODE1) | NODE0 = NODE1","6","-1---------------0---1----------","4","42","7","1000110020"
"98","forall NODE0,NODE1. ~ep_epoch1(NODE0) | ~locked_epoch4(NODE1) | locked_epoch3(NODE1) | NODE0 = NODE1","6","-1-----------------0-1----------","4","42","7","1000110020"
"99","forall NODE2,NODE0,NODE1. ~ep_epoch1(NODE0) | ~transfer_epoch2(NODE1) | ep_epoch0(NODE2) | ((NODE0 ~= NODE1 | NODE0 = NODE2) & (NODE1 ~= NODE2 | NODE0 = NODE1))","10","-1---0--------------------1-----","7","175","7","1100001030"
"100","forall NODE2,NODE0,NODE1. ~ep_epoch1(NODE0) | ~transfer_epoch3(NODE1) | ep_epoch2(NODE2) | ((NODE1 ~= NODE2 | NODE0 = NODE1) & (NODE0 ~= NODE1 | NODE0 = NODE2))","10","-1-----0--------------------1---","7","175","7","1100001030"
"101","forall NODE2,NODE0,NODE1. ~ep_epoch1(NODE0) | ~transfer_epoch3(NODE1) | locked_epoch2(NODE2) | ((NODE1 ~= NODE2 | NODE0 = NODE1) & (NODE0 ~= NODE1 | NODE0 = NODE2))","10","-1---------------0----------1---","7","173","7","1000011030"
"102","forall NODE2,NODE0,NODE1. ~ep_epoch1(NODE0) | ~transfer_epoch4(NODE1) | ep_epoch3(NODE2) | ((NODE1 ~= NODE2 | NODE0 = NODE1) & (NODE0 ~= NODE1 | NODE0 = NODE2))","10","-1------0---------------------1-","7","175","7","1100001030"
"103","forall NODE2,NODE0,NODE1. ~ep_epoch1(NODE0) | ~transfer_epoch4(NODE1) | locked_epoch2(NODE2) | ((NODE1 ~= NODE2 | NODE0 = NODE1) & (NODE0 ~= NODE1 | NODE0 = NODE2))","10","-1---------------0------------1-","7","173","7","1000011030"
"104","forall NODE2,NODE0,NODE1. ~ep_epoch1(NODE0) | ~transfer_epoch4(NODE1) | locked_epoch3(NODE2) | ((NODE1 ~= NODE2 | NODE0 = NODE1) & (NODE0 ~= NODE1 | NODE0 = NODE2))","10","-1-----------------0----------1-","7","173","7","1000011030"
"105","forall NODE0,NODE1. ~ep_epoch1(NODE0) | ep_epoch0(NODE1) | locked_epoch2(NODE1) | NODE0 = NODE1","6","-1---0-----------0--------------","4","45","3","1100010020"
"106","forall NODE0,NODE1. ~ep_epoch2(NODE0) | ~ep_epoch3(NODE1) | ~held(NODE0) | NODE0 = NODE1","6","--1-----1-1---------------------","4","48","3","2010000020"
"107","forall NODE0,NODE1. ~ep_epoch2(NODE0) | ~ep_epoch4(NODE1) | locked_epoch3(NODE1) | NODE0 = NODE1","6","--1------1---------0------------","4","47","7","2000010020"
"108","forall NODE0,NODE1. ~ep_epoch2(NODE0) | ~held(NODE0) | ~locked_epoch3(NODE1) | NODE0 = NODE1","6","--1-------1--------1------------","4","44","3","1010100020"
"109","forall NODE0,NODE1. ~ep_epoch2(NODE0) | ~held(NODE1) | locked_epoch3(NODE1) | NODE0 = NODE1","6","--1--------1-------0------------","4","43","3","1010010020"
"110","forall NODE0,NODE1. ~ep_epoch2(NODE0) | ~locked_epoch4(NODE1) | locked_epoch3(NODE1) | NODE0 = NODE1","6","--1----------------0-1----------","4","42","7","1000110020"
"111","forall NODE2,NODE0,NODE1. ~ep_epoch2(NODE0) | ~transfer_epoch4(NODE1) | ep_epoch3(NODE2) | ((NODE1 ~= NODE2 | NODE0 = NODE1) & (NODE0 ~= NODE1 | NODE0 = NODE2))","10","--1-----0---------------------1-","7","175","7","1100001030"
"112","forall NODE2,NODE0,NODE1. ~ep_epoch2(NODE0) | ~transfer_epoch4(NODE1) | locked_epoch3(NODE2) | ((NODE1 ~= NODE2 | NODE0 = NODE1) & (NODE0 ~= NODE1 | NODE0 = NODE2))","10","--1----------------0----------1-","7","173","7","1000011030"
"113","forall NODE0,NODE1. ~ep_epoch3(NODE0) | ~held(NODE1) | ep_epoch4(NODE1) | NODE0 = NODE1","6","---1-----0-1--------------------","4","46","2","1110000020"
"114","forall NODE0,NODE1. ~ep_epoch3(NODE0) | ~held(NODE1) | locked_epoch4(NODE1) | NODE0 = NODE1","6","---1-------1---------0----------","4","43","3","1010010020"
"115","forall NODE0,NODE1. ~ep_epoch3(NODE0) | locked_epoch2(NODE0) | locked_epoch2(NODE1) | NODE0 = NODE1","6","---1------------00--------------","4","41","3","1000020020"
"116","forall NODE0,NODE1. ~ep_epoch4(NODE0) | ~locked_epoch3(NODE1) | ep_epoch3(NODE1) | NODE0 = NODE1","6","----1---0----------1------------","4","0","101","1100100020"
"117","forall NODE0,NODE1. ~ep_epoch4(NODE0) | ep_epoch3(NODE1) | locked_epoch3(NODE0) | NODE0 = NODE1","6","----1---0---------0-------------","4","45","3","1100010020"
"118","forall NODE0,NODE1. ~ep_epoch4(NODE0) | locked_epoch2(NODE0) | locked_epoch2(NODE1) | NODE0 = NODE1","6","----1-----------00--------------","4","41","3","1000020020"
"119","forall NODE0,NODE1. ~ep_epoch4(NODE0) | locked_epoch3(NODE0) | locked_epoch3(NODE1) | NODE0 = NODE1","6","----1-------------00------------","4","41","3","1000020020"
"120","forall NODE0,NODE1. ~held(NODE0) | ~locked_epoch3(NODE1) | ep_epoch3(NODE1) | NODE0 = NODE1","6","--------0-1--------1------------","4","27","2","0110100020"
"121","forall NODE0,NODE1. ~held(NODE0) | ~locked_epoch3(NODE1) | ep_epoch4(NODE0) | NODE0 = NODE1","6","----0-----1--------1------------","4","27","2","0110100020"
"122","forall NODE0,NODE1. ~held(NODE0) | ~locked_epoch3(NODE1) | locked_epoch4(NODE0) | NODE0 = NODE1","6","----------1--------10-----------","4","0","101","0010110020"
"123","forall NODE2,NODE0,NODE1. ~locked_epoch1(NODE0) | ~transfer_epoch2(NODE1) | ep_epoch0(NODE2) | ((NODE0 ~= NODE1 | NODE0 = NODE2) & (NODE1 ~= NODE2 | NODE0 = NODE1))","10","-----0--------1-----------1-----","7","0","101","0100101030"
"124","forall NODE0,NODE1. ~locked_epoch1(NODE0) | ~transfer_epoch2(NODE1) | ep_epoch1(NODE0)","5","-0------------1-----------1-----","3","14","3","0100101020"
"125","forall NODE0,NODE1. ~locked_epoch2(NODE0) | ~transfer_epoch3(NODE1) | ep_epoch2(NODE0)","5","--0-------------1-----------1---","3","14","3","0100101020"
"126","forall NODE0,NODE1. ~locked_epoch3(NODE0) | ~locked_epoch4(NODE1) | ep_epoch3(NODE0) | NODE0 = NODE1","6","---0--------------1--1----------","4","0","101","0100200020"
"127","forall NODE0,NODE1. ~locked_epoch3(NODE0) | ~transfer_epoch4(NODE1) | ep_epoch3(NODE0)","5","---0--------------1-----------1-","3","14","3","0100101020"
"128","forall NODE0. ~locked_epoch3(NODE0) | ep_epoch3(NODE0) | ep_epoch4(NODE0)","4","---00-------------1-------------","3","0","101","0200100010"
"129","forall NODE0. ~locked_epoch3(NODE0) | ep_epoch3(NODE0) | held(NODE0)","4","---0------0-------1-------------","3","0","101","0101100010"
"130","forall NODE0. ~locked_epoch3(NODE0) | ep_epoch3(NODE0) | locked_epoch4(NODE0)","4","---0--------------1-0-----------","3","0","101","0100110010"
"131","forall NODE0,NODE1. ~locked_epoch3(NODE0) | locked_epoch2(NODE0) | locked_epoch2(NODE1) | NODE0 = NODE1","6","----------------001-------------","4","24","3","0000120020"
"132","forall NODE0,NODE1. ~locked_epoch4(NODE0) | ep_epoch3(NODE1) | locked_epoch3(NODE0) | NODE0 = NODE1","6","--------0---------0-1-----------","4","0","101","0100110020"
"133","forall NODE0,NODE1. ~locked_epoch4(NODE0) | locked_epoch2(NODE0) | locked_epoch2(NODE1) | NODE0 = NODE1","6","----------------00--1-----------","4","24","3","0000120020"
"134","forall NODE0,NODE1. ~locked_epoch4(NODE0) | locked_epoch3(NODE0) | locked_epoch3(NODE1) | NODE0 = NODE1","6","------------------001-----------","4","24","3","0000120020"
"135","forall NODE0,NODE1. ~transfer_epoch2(NODE0) | ep_epoch0(NODE0) | ep_epoch0(NODE1) | NODE0 = NODE1","6","0----0--------------------1-----","4","28","5","0200001020"
"136","forall NODE0,NODE1. ~transfer_epoch2(NODE0) | ep_epoch0(NODE1) | ep_epoch1(NODE1)","5","00------------------------1-----","3","28","5","0200001020"
"137","forall NODE0,NODE1. ~transfer_epoch2(NODE0) | ep_epoch0(NODE1) | locked_epoch1(NODE1)","5","0-------------0-----------1-----","3","0","101","0100011020"
"138","forall NODE0,NODE1. ~transfer_epoch2(NODE0) | ep_epoch1(NODE0) | ep_epoch1(NODE1) | NODE0 = NODE1","6","-0----0-------------------1-----","4","28","5","0200001020"
"139","forall NODE2,NODE0,NODE1. ~transfer_epoch2(NODE0) | ep_epoch1(NODE1) | locked_epoch1(NODE2) | ((NODE0 ~= NODE1 | NODE0 = NODE2) & (NODE0 ~= NODE2 | NODE0 = NODE1))","10","-0-------------0----------1-----","7","151","3","0100011030"
"140","forall NODE0,NODE1. ~transfer_epoch3(NODE0) | ep_epoch2(NODE0) | ep_epoch2(NODE1) | NODE0 = NODE1","6","--0----0--------------------1---","4","28","5","0200001020"
"141","forall NODE2,NODE0,NODE1. ~transfer_epoch3(NODE0) | ep_epoch2(NODE1) | locked_epoch2(NODE2) | ((NODE0 ~= NODE1 | NODE0 = NODE2) & (NODE0 ~= NODE2 | NODE0 = NODE1))","10","--0--------------0----------1---","7","151","3","0100011030"
"142","forall NODE0,NODE1. ~transfer_epoch3(NODE0) | locked_epoch2(NODE0) | locked_epoch2(NODE1) | NODE0 = NODE1","6","----------------00----------1---","4","23","3","0000021020"
"143","forall NODE0,NODE1. ~transfer_epoch4(NODE0) | ep_epoch3(NODE0) | ep_epoch3(NODE1) | NODE0 = NODE1","6","---0----0---------------------1-","4","28","5","0200001020"
"144","forall NODE2,NODE0,NODE1. ~transfer_epoch4(NODE0) | ep_epoch3(NODE1) | locked_epoch3(NODE2) | ((NODE0 ~= NODE1 | NODE0 = NODE2) & (NODE0 ~= NODE2 | NODE0 = NODE1))","10","---0---------------0----------1-","7","151","3","0100011030"
"145","forall NODE0,NODE1. ~transfer_epoch4(NODE0) | locked_epoch2(NODE0) | locked_epoch2(NODE1) | NODE0 = NODE1","6","----------------00------------1-","4","23","3","0000021020"
"146","forall NODE0,NODE1. ~transfer_epoch4(NODE0) | locked_epoch3(NODE0) | locked_epoch3(NODE1) | NODE0 = NODE1","6","------------------00----------1-","4","23","3","0000021020"
"147","forall NODE0,NODE1. ~ep_epoch0(NODE0) | ~locked_epoch2(NODE1) | ep_epoch2(NODE1) | locked_epoch3(NODE1) | NODE0 = NODE1","7","1------0---------1-0------------","5","62","7","1100110020"
"148","forall NODE0,NODE1. ~ep_epoch0(NODE0) | ep_epoch1(NODE1) | ep_epoch2(NODE1) | locked_epoch3(NODE1) | NODE0 = NODE1","7","1-----00-----------0------------","5","65","5","1200010020"
"149","forall NODE0,NODE1. ~ep_epoch1(NODE0) | ~held(NODE1) | ep_epoch2(NODE1) | locked_epoch3(NODE1) | NODE0 = NODE1","7","-1-----0---1-------0------------","5","63","5","1110010020"
"150","forall NODE0,NODE1. ~ep_epoch1(NODE0) | ~locked_epoch2(NODE1) | ep_epoch2(NODE1) | locked_epoch3(NODE1) | NODE0 = NODE1","7","-1-----0---------1-0------------","5","62","7","1100110020"
"151","forall NODE0,NODE1. ~ep_epoch1(NODE0) | ep_epoch0(NODE1) | ep_epoch2(NODE1) | locked_epoch3(NODE1) | NODE0 = NODE1","7","-1---0-0-----------0------------","5","65","5","1200010020"
"152","forall NODE0,NODE1. ~ep_epoch2(NODE0) | ~held(NODE0) | ~locked_epoch1(NODE0) | ep_epoch0(NODE1) | NODE0 = NODE1","7","--1--0----1---1-----------------","5","64","3","1110100020"
"153","forall NODE0,NODE1. ~ep_epoch2(NODE0) | ~held(NODE0) | ~locked_epoch1(NODE1) | ep_epoch1(NODE1) | NODE0 = NODE1","7","--1---0---1----1----------------","5","64","3","1110100020"
"154","forall NODE0,NODE1. ~ep_epoch2(NODE0) | ~held(NODE0) | ep_epoch0(NODE1) | ep_epoch1(NODE1) | NODE0 = NODE1","7","--1--00---1---------------------","5","67","2","1210000020"
"155","forall NODE0,NODE1. ~ep_epoch2(NODE0) | ~held(NODE0) | ep_epoch0(NODE1) | locked_epoch1(NODE1) | NODE0 = NODE1","7","--1--0----1----0----------------","5","63","5","1110010020"
"156","forall NODE0,NODE1. ~ep_epoch2(NODE0) | ~held(NODE0) | ep_epoch1(NODE1) | locked_epoch1(NODE0) | NODE0 = NODE1","7","--1---0---1---0-----------------","5","63","5","1110010020"
"157","forall NODE0,NODE1. ~ep_epoch2(NODE0) | ~held(NODE1) | ep_epoch3(NODE1) | ep_epoch4(NODE1) | NODE0 = NODE1","7","--1-----00-1--------------------","5","67","2","1210000020"
"158","forall NODE0,NODE1. ~ep_epoch2(NODE0) | ~held(NODE1) | ep_epoch3(NODE1) | locked_epoch4(NODE1) | NODE0 = NODE1","7","--1-----0--1---------0----------","5","63","5","1110010020"
"159","forall NODE2,NODE0,NODE1. ~ep_epoch2(NODE0) | ~locked_epoch1(NODE0) | ~transfer_epoch3(NODE1) | ep_epoch0(NODE2) | ((NODE1 ~= NODE2 | NODE0 = NODE1) & (NODE0 ~= NODE1 | NODE0 = NODE2))","11","--1--0--------1-------------1---","8","202","3","1100101030"
"160","forall NODE0,NODE1. ~ep_epoch2(NODE0) | ~locked_epoch1(NODE0) | ep_epoch0(NODE1) | locked_epoch3(NODE1) | NODE0 = NODE1","7","--1--0--------1----0------------","5","62","7","1100110020"
"161","forall NODE2,NODE0,NODE1. ~ep_epoch2(NODE0) | ~locked_epoch1(NODE1) | ~transfer_epoch3(NODE2) | ep_epoch1(NODE1) | ((NODE1 ~= NODE2 | NODE0 = NODE1) & (NODE0 ~= NODE2 | NODE0 = NODE1))","11","--1---0--------1------------1---","8","202","3","1100101030"
"162","forall NODE0,NODE1. ~ep_epoch2(NODE0) | ~locked_epoch1(NODE1) | ep_epoch1(NODE1) | locked_epoch3(NODE1) | NODE0 = NODE1","7","--1---0--------1---0------------","5","62","7","1100110020"
"163","forall NODE2,NODE0,NODE1. ~ep_epoch2(NODE0) | ~transfer_epoch3(NODE1) | ep_epoch0(NODE2) | ep_epoch1(NODE2) | ((NODE1 ~= NODE2 | NODE0 = NODE1) & (NODE0 ~= NODE1 | NODE0 = NODE2))","11","--1--00---------------------1---","8","0","101","1200001030"
"164","forall NODE2,NODE0,NODE1. ~ep_epoch2(NODE0) | ~transfer_epoch3(NODE1) | ep_epoch0(NODE2) | locked_epoch1(NODE2) | ((NODE1 ~= NODE2 | NODE0 = NODE1) & (NODE0 ~= NODE1 | NODE0 = NODE2))","11","--1--0---------0------------1---","8","201","3","1100011030"
"165","forall NODE2,NODE0,NODE1. ~ep_epoch2(NODE0) | ~transfer_epoch3(NODE1) | ep_epoch1(NODE2) | locked_epoch1(NODE0) | ((NODE1 ~= NODE2 | NODE0 = NODE1) & (NODE0 ~= NODE1 | NODE0 = NODE2))","11","--1---0-------0-------------1---","8","201","3","1100011030"
"166","forall NODE0,NODE1. ~ep_epoch2(NODE0) | ep_epoch0(NODE1) | ep_epoch1(NODE1) | locked_epoch3(NODE1) | NODE0 = NODE1","7","--1--00------------0------------","5","65","5","1200010020"
"167","forall NODE0,NODE1. ~ep_epoch2(NODE0) | ep_epoch0(NODE1) | locked_epoch1(NODE1) | locked_epoch3(NODE1) | NODE0 = NODE1","7","--1--0---------0---0------------","5","61","4","1100020020"
"168","forall NODE0,NODE1. ~ep_epoch2(NODE0) | ep_epoch1(NODE1) | locked_epoch1(NODE0) | locked_epoch3(NODE1) | NODE0 = NODE1","7","--1---0-------0----0------------","5","61","4","1100020020"
"169","forall NODE0,NODE1. ~ep_epoch3(NODE0) | ~held(NODE0) | ~locked_epoch2(NODE1) | ep_epoch2(NODE1) | NODE0 = NODE1","7","---1---0--1------1--------------","5","64","3","1110100020"
"170","forall NODE0,NODE1. ~ep_epoch3(NODE0) | ~held(NODE0) | ep_epoch2(NODE1) | locked_epoch2(NODE0) | NODE0 = NODE1","7","---1---0--1-----0---------------","5","63","5","1110010020"
"171","forall NODE2,NODE0,NODE1. ~ep_epoch3(NODE0) | ~locked_epoch2(NODE1) | ~transfer_epoch4(NODE2) | ep_epoch2(NODE1) | ((NODE0 ~= NODE2 | NODE0 = NODE1) & (NODE1 ~= NODE2 | NODE0 = NODE1))","11","---1---0---------1------------1-","8","202","3","1100101030"
"172","forall NODE0,NODE1. ~ep_epoch3(NODE0) | ~locked_epoch2(NODE1) | ep_epoch2(NODE1) | ep_epoch4(NODE1) | NODE0 = NODE1","7","---1---0-0-------1--------------","5","66","2","1200100020"
"173","forall NODE0,NODE1. ~ep_epoch3(NODE0) | ~locked_epoch2(NODE1) | ep_epoch2(NODE1) | held(NODE1) | NODE0 = NODE1","7","---1---0---0-----1--------------","5","0","101","1101100020"
"174","forall NODE0,NODE1. ~ep_epoch3(NODE0) | ~locked_epoch2(NODE1) | ep_epoch2(NODE1) | locked_epoch4(NODE1) | NODE0 = NODE1","7","---1---0---------1---0----------","5","62","7","1100110020"
"175","forall NODE2,NODE0,NODE1. ~ep_epoch3(NODE0) | ~transfer_epoch4(NODE1) | ep_epoch2(NODE2) | locked_epoch2(NODE0) | ((NODE0 ~= NODE1 | NODE0 = NODE2) & (NODE1 ~= NODE2 | NODE0 = NODE1))","11","---1---0--------0-------------1-","8","201","3","1100011030"
"176","forall NODE0,NODE1. ~ep_epoch3(NODE0) | ep_epoch2(NODE1) | ep_epoch4(NODE1) | locked_epoch2(NODE0) | NODE0 = NODE1","7","---1---0-0------0---------------","5","65","5","1200010020"
"177","forall NODE0,NODE1. ~ep_epoch3(NODE0) | ep_epoch2(NODE1) | held(NODE1) | locked_epoch2(NODE0) | NODE0 = NODE1","7","---1---0---0----0---------------","5","0","101","1101010020"
"178","forall NODE0,NODE1. ~ep_epoch3(NODE0) | ep_epoch2(NODE1) | locked_epoch2(NODE0) | locked_epoch4(NODE1) | NODE0 = NODE1","7","---1---0--------0----0----------","5","61","4","1100020020"
"179","forall NODE0,NODE1. ~ep_epoch4(NODE0) | ~locked_epoch2(NODE1) | ~locked_epoch3(NODE0) | ep_epoch2(NODE1) | NODE0 = NODE1","7","----1--0---------11-------------","5","0","101","1100200020"
"180","forall NODE0,NODE1. ~ep_epoch4(NODE0) | ~locked_epoch2(NODE1) | ep_epoch2(NODE1) | ep_epoch3(NODE1) | NODE0 = NODE1","7","----1--00--------1--------------","5","66","2","1200100020"
"181","forall NODE0,NODE1. ~ep_epoch4(NODE0) | ~locked_epoch2(NODE1) | ep_epoch2(NODE1) | locked_epoch3(NODE1) | NODE0 = NODE1","7","----1--0---------1-0------------","5","62","7","1100110020"
"182","forall NODE0,NODE1. ~ep_epoch4(NODE0) | ~locked_epoch3(NODE0) | ep_epoch2(NODE1) | locked_epoch2(NODE0) | NODE0 = NODE1","7","----1--0--------0-1-------------","5","62","7","1100110020"
"183","forall NODE0,NODE1. ~ep_epoch4(NODE0) | ep_epoch2(NODE1) | ep_epoch3(NODE1) | locked_epoch2(NODE0) | NODE0 = NODE1","7","----1--00-------0---------------","5","65","5","1200010020"
"184","forall NODE0,NODE1. ~ep_epoch4(NODE0) | ep_epoch2(NODE1) | locked_epoch2(NODE0) | locked_epoch3(NODE1) | NODE0 = NODE1","7","----1--0--------0--0------------","5","61","4","1100020020"
"185","forall NODE0,NODE1. ~held(NODE0) | ~locked_epoch1(NODE1) | locked_epoch2(NODE0) | locked_epoch2(NODE1) | NODE0 = NODE1","7","----------1----100--------------","5","49","3","0010120020"
"186","forall NODE0,NODE1. ~held(NODE0) | ~locked_epoch2(NODE1) | ~locked_epoch3(NODE0) | ep_epoch2(NODE1) | NODE0 = NODE1","7","-------0--1------11-------------","5","0","101","0110200020"
"187","forall NODE0,NODE1. ~held(NODE0) | ~locked_epoch2(NODE1) | ep_epoch2(NODE1) | ep_epoch3(NODE1) | NODE0 = NODE1","7","-------00-1------1--------------","5","59","3","0210100020"
"188","forall NODE0,NODE1. ~held(NODE0) | ~locked_epoch2(NODE1) | ep_epoch2(NODE1) | ep_epoch4(NODE0) | NODE0 = NODE1","7","----0--0--1------1--------------","5","59","3","0210100020"
"189","forall NODE0,NODE1. ~held(NODE0) | ~locked_epoch2(NODE1) | ep_epoch2(NODE1) | locked_epoch3(NODE1) | NODE0 = NODE1","7","-------0--1------1-0------------","5","54","6","0110110020"
"190","forall NODE0,NODE1. ~held(NODE0) | ~locked_epoch2(NODE1) | ep_epoch2(NODE1) | locked_epoch4(NODE0) | NODE0 = NODE1","7","-------0--1------1--0-----------","5","54","6","0110110020"
"191","forall NODE0,NODE1. ~held(NODE0) | ~locked_epoch2(NODE1) | ep_epoch3(NODE0) | ep_epoch4(NODE0) | NODE0 = NODE1","7","---00-----1------1--------------","5","59","3","0210100020"
"192","forall NODE0,NODE1. ~held(NODE0) | ~locked_epoch2(NODE1) | ep_epoch3(NODE0) | locked_epoch4(NODE0) | NODE0 = NODE1","7","---0------1------1--0-----------","5","54","6","0110110020"
"193","forall NODE0,NODE1. ~held(NODE0) | ~locked_epoch2(NODE1) | ep_epoch3(NODE1) | locked_epoch3(NODE0) | NODE0 = NODE1","7","--------0-1------10-------------","5","54","6","0110110020"
"194","forall NODE0,NODE1. ~held(NODE0) | ~locked_epoch2(NODE1) | ep_epoch4(NODE0) | locked_epoch3(NODE0) | NODE0 = NODE1","7","----0-----1------10-------------","5","54","6","0110110020"
"195","forall NODE0,NODE1. ~held(NODE0) | ~locked_epoch2(NODE1) | locked_epoch3(NODE0) | locked_epoch3(NODE1) | NODE0 = NODE1","7","----------1------100------------","5","49","3","0010120020"
"196","forall NODE0,NODE1. ~held(NODE0) | ~locked_epoch2(NODE1) | locked_epoch3(NODE0) | locked_epoch4(NODE0) | NODE0 = NODE1","7","----------1------10-0-----------","5","49","3","0010120020"
"197","forall NODE0,NODE1. ~held(NODE0) | ~locked_epoch3(NODE0) | ep_epoch2(NODE1) | locked_epoch2(NODE0) | NODE0 = NODE1","7","-------0--1-----0-1-------------","5","54","6","0110110020"
"198","forall NODE0,NODE1. ~held(NODE0) | ep_epoch0(NODE1) | locked_epoch2(NODE0) | locked_epoch2(NODE1) | NODE0 = NODE1","7","-----0----1-----00--------------","5","53","2","0110020020"
"199","forall NODE0,NODE1. ~held(NODE0) | ep_epoch1(NODE0) | locked_epoch2(NODE0) | locked_epoch2(NODE1) | NODE0 = NODE1","7","-0--------1-----00--------------","5","53","2","0110020020"
"200","forall NODE0,NODE1. ~held(NODE0) | locked_epoch1(NODE0) | locked_epoch2(NODE0) | locked_epoch2(NODE1) | NODE0 = NODE1","7","----------1---0-00--------------","5","0","101","0010030020"
"201","forall NODE2,NODE0,NODE1. ~locked_epoch1(NODE0) | ~locked_epoch2(NODE0) | ~transfer_epoch3(NODE1) | ep_epoch0(NODE2) | ((NODE1 ~= NODE2 | NODE0 = NODE1) & (NODE0 ~= NODE1 | NODE0 = NODE2))","11","-----0--------1-1-----------1---","8","180","3","0100201030"
"202","forall NODE2,NODE0,NODE1. ~locked_epoch1(NODE0) | ~locked_epoch2(NODE1) | ~transfer_epoch3(NODE2) | ep_epoch1(NODE0) | ((NODE0 ~= NODE2 | NODE0 = NODE1) & (NODE1 ~= NODE2 | NODE0 = NODE1))","11","-0------------1--1----------1---","8","180","3","0100201030"
"203","forall NODE2,NODE0,NODE1. ~locked_epoch1(NODE0) | ~transfer_epoch3(NODE1) | ep_epoch0(NODE2) | ep_epoch1(NODE0) | ((NODE0 ~= NODE1 | NODE0 = NODE2) & (NODE1 ~= NODE2 | NODE0 = NODE1))","11","-0---0--------1-------------1---","8","187","3","0200101030"
"204","forall NODE2,NODE0,NODE1. ~locked_epoch1(NODE0) | ~transfer_epoch3(NODE1) | ep_epoch0(NODE2) | ep_epoch2(NODE2) | ((NODE0 ~= NODE1 | NODE0 = NODE2) & (NODE1 ~= NODE2 | NODE0 = NODE1))","11","-----0-0------1-------------1---","8","187","3","0200101030"
"205","forall NODE2,NODE0,NODE1. ~locked_epoch1(NODE0) | ~transfer_epoch3(NODE1) | ep_epoch0(NODE2) | locked_epoch2(NODE2) | ((NODE0 ~= NODE1 | NODE0 = NODE2) & (NODE1 ~= NODE2 | NODE0 = NODE1))","11","-----0--------1--0----------1---","8","179","4","0100111030"
"206","forall NODE0,NODE1. ~locked_epoch1(NODE0) | ~transfer_epoch3(NODE1) | ep_epoch1(NODE0) | ep_epoch2(NODE0)","6","-00-----------1-------------1---","4","31","2","0200101020"
"207","forall NODE0,NODE1. ~locked_epoch1(NODE0) | ~transfer_epoch3(NODE1) | ep_epoch1(NODE0) | locked_epoch2(NODE0)","6","-0------------1-0-----------1---","4","25","2","0100111020"
"208","forall NODE0,NODE1. ~locked_epoch1(NODE0) | ep_epoch0(NODE1) | locked_epoch2(NODE0) | locked_epoch2(NODE1) | NODE0 = NODE1","7","-----0--------1-00--------------","5","51","5","0100120020"
"209","forall NODE0,NODE1. ~locked_epoch1(NODE0) | ep_epoch1(NODE0) | locked_epoch2(NODE0) | locked_epoch2(NODE1) | NODE0 = NODE1","7","-0------------1-00--------------","5","51","5","0100120020"
"210","forall NODE0,NODE1. ~locked_epoch2(NODE0) | ~locked_epoch3(NODE1) | ~locked_epoch4(NODE1) | ep_epoch2(NODE0) | NODE0 = NODE1","7","--0-------------1--1-1----------","5","0","101","0100300020"
"211","forall NODE2,NODE0,NODE1. ~locked_epoch2(NODE0) | ~locked_epoch3(NODE1) | ~transfer_epoch4(NODE2) | ep_epoch2(NODE0) | ((NODE1 ~= NODE2 | NODE0 = NODE1) & (NODE0 ~= NODE2 | NODE0 = NODE1))","11","--0-------------1--1----------1-","8","180","3","0100201030"
"212","forall NODE0,NODE1. ~locked_epoch2(NODE0) | ~locked_epoch3(NODE1) | ep_epoch2(NODE0) | ep_epoch3(NODE1) | NODE0 = NODE1","7","--0-----0-------1--1------------","5","58","3","0200200020"
"213","forall NODE0,NODE1. ~locked_epoch2(NODE0) | ~locked_epoch3(NODE1) | ep_epoch2(NODE0) | ep_epoch4(NODE0) | NODE0 = NODE1","7","--0-0-----------1--1------------","5","58","3","0200200020"
"214","forall NODE0,NODE1. ~locked_epoch2(NODE0) | ~locked_epoch3(NODE1) | ep_epoch2(NODE0) | held(NODE0) | NODE0 = NODE1","7","--0-------0-----1--1------------","5","0","101","0101200020"
"215","forall NODE0,NODE1. ~locked_epoch2(NODE0) | ~locked_epoch3(NODE1) | ep_epoch2(NODE0) | locked_epoch4(NODE0) | NODE0 = NODE1","7","--0-------------1--10-----------","5","52","3","0100210020"
"216","forall NODE0,NODE1. ~locked_epoch2(NODE0) | ~locked_epoch4(NODE1) | ep_epoch2(NODE0) | ep_epoch3(NODE0) | NODE0 = NODE1","7","--00------------1----1----------","5","58","3","0200200020"
"217","forall NODE0,NODE1. ~locked_epoch2(NODE0) | ~locked_epoch4(NODE1) | ep_epoch2(NODE0) | locked_epoch3(NODE0) | NODE0 = NODE1","7","--0-------------1-0--1----------","5","52","3","0100210020"
"218","forall NODE2,NODE0,NODE1. ~locked_epoch2(NODE0) | ~transfer_epoch3(NODE1) | ep_epoch0(NODE2) | ep_epoch1(NODE2) | ((NODE1 ~= NODE2 | NODE0 = NODE1) & (NODE0 ~= NODE1 | NODE0 = NODE2))","11","-----00---------1-----------1---","8","187","3","0200101030"
"219","forall NODE2,NODE0,NODE1. ~locked_epoch2(NODE0) | ~transfer_epoch3(NODE1) | ep_epoch0(NODE2) | locked_epoch1(NODE2) | ((NODE1 ~= NODE2 | NODE0 = NODE1) & (NODE0 ~= NODE1 | NODE0 = NODE2))","11","-----0---------01-----------1---","8","179","4","0100111030"
"220","forall NODE2,NODE0,NODE1. ~locked_epoch2(NODE0) | ~transfer_epoch3(NODE1) | ep_epoch1(NODE2) | locked_epoch1(NODE0) | ((NODE1 ~= NODE2 | NODE0 = NODE1) & (NODE0 ~= NODE1 | NODE0 = NODE2))","11","------0-------0-1-----------1---","8","179","4","0100111030"
"221","forall NODE0,NODE1. ~locked_epoch2(NODE0) | ~transfer_epoch4(NODE1) | ep_epoch2(NODE0) | ep_epoch3(NODE0)","6","--00------------1-------------1-","4","31","2","0200101020"
"222","forall NODE0,NODE1. ~locked_epoch2(NODE0) | ~transfer_epoch4(NODE1) | ep_epoch2(NODE0) | locked_epoch3(NODE0)","6","--0-------------1-0-----------1-","4","25","2","0100111020"
"223","forall NODE0. ~locked_epoch2(NODE0) | ep_epoch2(NODE0) | ep_epoch3(NODE0) | ep_epoch4(NODE0)","5","--000-----------1---------------","4","0","101","0300100010"
"224","forall NODE0. ~locked_epoch2(NODE0) | ep_epoch2(NODE0) | ep_epoch3(NODE0) | held(NODE0)","5","--00------0-----1---------------","4","0","101","0201100010"
"225","forall NODE0. ~locked_epoch2(NODE0) | ep_epoch2(NODE0) | ep_epoch3(NODE0) | locked_epoch4(NODE0)","5","--00------------1---0-----------","4","15","2","0200110010"
"226","forall NODE0,NODE1. ~locked_epoch2(NODE0) | ep_epoch2(NODE0) | ep_epoch3(NODE1) | locked_epoch3(NODE0) | NODE0 = NODE1","7","--0-----0-------1-0-------------","5","56","4","0200110020"
"227","forall NODE0. ~locked_epoch2(NODE0) | ep_epoch2(NODE0) | ep_epoch4(NODE0) | locked_epoch3(NODE0)","5","--0-0-----------1-0-------------","4","15","2","0200110010"
"228","forall NODE0. ~locked_epoch2(NODE0) | ep_epoch2(NODE0) | held(NODE0) | locked_epoch3(NODE0)","5","--0-------0-----1-0-------------","4","0","101","0101110010"
"229","forall NODE0,NODE1. ~locked_epoch2(NODE0) | ep_epoch2(NODE0) | locked_epoch3(NODE0) | locked_epoch3(NODE1) | NODE0 = NODE1","7","--0-------------1-00------------","5","51","5","0100120020"
"230","forall NODE0. ~locked_epoch2(NODE0) | ep_epoch2(NODE0) | locked_epoch3(NODE0) | locked_epoch4(NODE0)","5","--0-------------1-0-0-----------","4","0","101","0100120010"
"231","forall NODE0,NODE1. ~locked_epoch3(NODE0) | ~locked_epoch4(NODE0) | ep_epoch2(NODE1) | locked_epoch2(NODE0) | NODE0 = NODE1","7","-------0--------0-1-1-----------","5","52","3","0100210020"
"232","forall NODE2,NODE0,NODE1. ~locked_epoch3(NODE0) | ~transfer_epoch4(NODE1) | ep_epoch2(NODE2) | locked_epoch2(NODE0) | ((NODE0 ~= NODE1 | NODE0 = NODE2) & (NODE1 ~= NODE2 | NODE0 = NODE1))","11","-------0--------0-1-----------1-","8","179","4","0100111030"
"233","forall NODE0,NODE1. ~locked_epoch3(NODE0) | ep_epoch2(NODE1) | ep_epoch3(NODE0) | locked_epoch2(NODE0) | NODE0 = NODE1","7","---0---0--------0-1-------------","5","56","4","0200110020"
"234","forall NODE0,NODE1. ~locked_epoch3(NODE0) | ep_epoch2(NODE1) | ep_epoch4(NODE1) | locked_epoch2(NODE0) | NODE0 = NODE1","7","-------0-0------0-1-------------","5","56","4","0200110020"
"235","forall NODE0,NODE1. ~locked_epoch3(NODE0) | ep_epoch2(NODE1) | held(NODE1) | locked_epoch2(NODE0) | NODE0 = NODE1","7","-------0---0----0-1-------------","5","0","101","0101110020"
"236","forall NODE0,NODE1. ~locked_epoch3(NODE0) | ep_epoch2(NODE1) | locked_epoch2(NODE0) | locked_epoch4(NODE1) | NODE0 = NODE1","7","-------0--------0-1--0----------","5","51","5","0100120020"
"237","forall NODE0,NODE1. ~locked_epoch4(NODE0) | ep_epoch2(NODE1) | ep_epoch3(NODE1) | locked_epoch2(NODE0) | NODE0 = NODE1","7","-------00-------0---1-----------","5","56","4","0200110020"
"238","forall NODE0,NODE1. ~locked_epoch4(NODE0) | ep_epoch2(NODE1) | locked_epoch2(NODE0) | locked_epoch3(NODE1) | NODE0 = NODE1","7","-------0--------0--01-----------","5","51","5","0100120020"
"239","forall NODE0,NODE1. ~transfer_epoch3(NODE0) | ep_epoch0(NODE1) | ep_epoch1(NODE1) | ep_epoch2(NODE1)","6","000-------------------------1---","4","0","101","0300001020"
"240","forall NODE0,NODE1. ~transfer_epoch3(NODE0) | ep_epoch0(NODE1) | ep_epoch1(NODE1) | locked_epoch2(NODE1)","6","00--------------0-----------1---","4","29","2","0200011020"
"241","forall NODE2,NODE0,NODE1. ~transfer_epoch3(NODE0) | ep_epoch0(NODE1) | ep_epoch1(NODE2) | locked_epoch1(NODE1) | ((NODE0 ~= NODE2 | NODE0 = NODE1) & (NODE0 ~= NODE1 | NODE0 = NODE2))","11","0-----0-------0-------------1---","8","186","3","0200011030"
"242","forall NODE0,NODE1. ~transfer_epoch3(NODE0) | ep_epoch0(NODE1) | ep_epoch2(NODE1) | locked_epoch1(NODE1)","6","0-0-----------0-------------1---","4","29","2","0200011020"
"243","forall NODE0,NODE1. ~transfer_epoch3(NODE0) | ep_epoch0(NODE1) | locked_epoch1(NODE1) | locked_epoch2(NODE1)","6","0-------------0-0-----------1---","4","0","101","0100021020"
"244","forall NODE2,NODE0,NODE1. ~transfer_epoch3(NODE0) | ep_epoch1(NODE1) | ep_epoch2(NODE1) | locked_epoch1(NODE2) | ((NODE0 ~= NODE1 | NODE0 = NODE2) & (NODE0 ~= NODE2 | NODE0 = NODE1))","11","-00------------0------------1---","8","186","3","0200011030"
"245","forall NODE2,NODE0,NODE1. ~transfer_epoch3(NODE0) | ep_epoch1(NODE1) | locked_epoch1(NODE2) | locked_epoch2(NODE1) | ((NODE0 ~= NODE1 | NODE0 = NODE2) & (NODE0 ~= NODE2 | NODE0 = NODE1))","11","-0-------------00-----------1---","8","178","2","0100021030"
"246","forall NODE2,NODE0,NODE1. ~transfer_epoch4(NODE0) | ep_epoch2(NODE1) | ep_epoch3(NODE1) | locked_epoch2(NODE2) | ((NODE0 ~= NODE2 | NODE0 = NODE1) & (NODE0 ~= NODE1 | NODE0 = NODE2))","11","--00-------------0------------1-","8","186","3","0200011030"
"247","forall NODE2,NODE0,NODE1. ~transfer_epoch4(NODE0) | ep_epoch2(NODE1) | locked_epoch2(NODE2) | locked_epoch3(NODE1) | ((NODE0 ~= NODE2 | NODE0 = NODE1) & (NODE0 ~= NODE1 | NODE0 = NODE2))","11","--0--------------00-----------1-","8","178","2","0100021030"
"248","exists NODE0. ep_epoch0(NODE0) | locked_epoch2(NODE0)","3","0----0----------00--------------","2","5","2","0200020001"
"249","forall NODE0,NODE1. ep_epoch0(NODE0) | ep_epoch1(NODE0) | locked_epoch2(NODE0) | locked_epoch2(NODE1) | NODE0 = NODE1","7","00--------------00--------------","5","0","101","0200020020"
"250","forall NODE0,NODE1. ep_epoch0(NODE0) | locked_epoch1(NODE0) | locked_epoch2(NODE0) | locked_epoch2(NODE1) | NODE0 = NODE1","7","0-------------0-00--------------","5","50","2","0100030020"
"251","exists NODE0. ep_epoch1(NODE0) | locked_epoch2(NODE0)","3","-0----0---------00--------------","2","5","2","0200020001"
"252","forall NODE0,NODE1. ep_epoch1(NODE0) | locked_epoch1(NODE1) | locked_epoch2(NODE0) | locked_epoch2(NODE1) | NODE0 = NODE1","7","-0-------------000--------------","5","50","2","0100030020"
"253","forall NODE0,NODE1. ~ep_epoch0(NODE0) | ~ep_epoch1(NODE1) | held(NODE1) | transfer_epoch2(NODE0) | transfer_epoch2(NODE1) | NODE0 = NODE1","8","1-----1----0--------------00----","6","125","6","2001000220"
"254","forall NODE0,NODE1. ~ep_epoch0(NODE0) | ~ep_epoch2(NODE1) | held(NODE1) | transfer_epoch3(NODE0) | transfer_epoch3(NODE1) | NODE0 = NODE1","8","1------1---0----------------00--","6","125","6","2001000220"
"255","forall NODE0,NODE1. ~ep_epoch0(NODE0) | ~ep_epoch3(NODE1) | held(NODE1) | transfer_epoch4(NODE0) | transfer_epoch4(NODE1) | NODE0 = NODE1","8","1-------1--0------------------00","6","125","6","2001000220"
"256","forall NODE0,NODE1. ~ep_epoch0(NODE0) | ~locked_epoch3(NODE1) | held(NODE1) | transfer_epoch4(NODE0) | transfer_epoch4(NODE1) | NODE0 = NODE1","8","1----------0-------1----------00","6","102","3","1001100220"
"257","forall NODE0,NODE1. ~ep_epoch0(NODE0) | ep_epoch1(NODE1) | ep_epoch2(NODE1) | ep_epoch3(NODE1) | ep_epoch4(NODE1) | NODE0 = NODE1","8","1-----0000----------------------","6","124","5","1400000020"
"258","forall NODE0,NODE1. ~ep_epoch0(NODE0) | ep_epoch1(NODE1) | ep_epoch2(NODE1) | ep_epoch3(NODE1) | held(NODE1) | NODE0 = NODE1","8","1-----000--0--------------------","6","122","4","1301000020"
"259","forall NODE0,NODE1. ~ep_epoch0(NODE0) | ep_epoch1(NODE1) | ep_epoch2(NODE1) | ep_epoch3(NODE1) | locked_epoch4(NODE1) | NODE0 = NODE1","8","1-----000------------0----------","6","120","13","1300010020"
"260","forall NODE0,NODE1. ~ep_epoch0(NODE0) | held(NODE1) | locked_epoch2(NODE1) | transfer_epoch2(NODE0) | transfer_epoch2(NODE1) | NODE0 = NODE1","8","1----------0-----0--------00----","6","101","4","1001010220"
"261","forall NODE0,NODE1. ~ep_epoch1(NODE0) | ~ep_epoch2(NODE1) | held(NODE1) | transfer_epoch3(NODE0) | transfer_epoch3(NODE1) | NODE0 = NODE1","8","-1-----1---0----------------00--","6","125","6","2001000220"
"262","forall NODE0,NODE1. ~ep_epoch1(NODE0) | ~ep_epoch3(NODE1) | held(NODE1) | transfer_epoch4(NODE0) | transfer_epoch4(NODE1) | NODE0 = NODE1","8","-1------1--0------------------00","6","125","6","2001000220"
"263","forall NODE0,NODE1. ~ep_epoch1(NODE0) | ~held(NODE1) | ep_epoch2(NODE1) | ep_epoch3(NODE1) | ep_epoch4(NODE1) | NODE0 = NODE1","8","-1-----000-1--------------------","6","123","2","1310000020"
"264","forall NODE0,NODE1. ~ep_epoch1(NODE0) | ~held(NODE1) | ep_epoch2(NODE1) | ep_epoch3(NODE1) | locked_epoch4(NODE1) | NODE0 = NODE1","8","-1-----00--1---------0----------","6","118","4","1210010020"
"265","forall NODE0,NODE1. ~ep_epoch1(NODE0) | ~locked_epoch3(NODE1) | held(NODE1) | transfer_epoch4(NODE0) | transfer_epoch4(NODE1) | NODE0 = NODE1","8","-1---------0-------1----------00","6","102","3","1001100220"
"266","forall NODE0,NODE1. ~ep_epoch1(NODE0) | ep_epoch0(NODE1) | ep_epoch2(NODE1) | ep_epoch3(NODE1) | ep_epoch4(NODE1) | NODE0 = NODE1","8","-1---0-000----------------------","6","124","5","1400000020"
"267","forall NODE0,NODE1. ~ep_epoch1(NODE0) | ep_epoch0(NODE1) | ep_epoch2(NODE1) | ep_epoch3(NODE1) | held(NODE1) | NODE0 = NODE1","8","-1---0-00--0--------------------","6","122","4","1301000020"
"268","forall NODE0,NODE1. ~ep_epoch1(NODE0) | ep_epoch0(NODE1) | ep_epoch2(NODE1) | ep_epoch3(NODE1) | locked_epoch4(NODE1) | NODE0 = NODE1","8","-1---0-00------------0----------","6","120","13","1300010020"
"269","forall NODE0,NODE1. ~ep_epoch1(NODE0) | held(NODE0) | locked_epoch2(NODE1) | transfer_epoch2(NODE0) | transfer_epoch2(NODE1) | NODE0 = NODE1","8","-1--------0------0--------00----","6","101","4","1001010220"
"270","forall NODE0,NODE1. ~ep_epoch2(NODE0) | ~ep_epoch3(NODE1) | held(NODE1) | transfer_epoch4(NODE0) | transfer_epoch4(NODE1) | NODE0 = NODE1","8","--1-----1--0------------------00","6","125","6","2001000220"
"271","forall NODE0,NODE1. ~ep_epoch2(NODE0) | ~locked_epoch1(NODE0) | ep_epoch0(NODE1) | ep_epoch3(NODE1) | ep_epoch4(NODE1) | NODE0 = NODE1","8","--1--0--00----1-----------------","6","121","9","1300100020"
"272","forall NODE0,NODE1. ~ep_epoch2(NODE0) | ~locked_epoch1(NODE0) | ep_epoch0(NODE1) | ep_epoch3(NODE1) | held(NODE1) | NODE0 = NODE1","8","--1--0--0--0--1-----------------","6","117","5","1201100020"
"273","forall NODE0,NODE1. ~ep_epoch2(NODE0) | ~locked_epoch1(NODE0) | ep_epoch0(NODE1) | ep_epoch3(NODE1) | locked_epoch4(NODE1) | NODE0 = NODE1","8","--1--0--0-----1------0----------","6","114","19","1200110020"
"274","forall NODE0,NODE1. ~ep_epoch2(NODE0) | ~locked_epoch1(NODE1) | ep_epoch1(NODE1) | ep_epoch3(NODE1) | ep_epoch4(NODE1) | NODE0 = NODE1","8","--1---0-00-----1----------------","6","121","9","1300100020"
"275","forall NODE0,NODE1. ~ep_epoch2(NODE0) | ~locked_epoch1(NODE1) | ep_epoch1(NODE1) | ep_epoch3(NODE1) | held(NODE1) | NODE0 = NODE1","8","--1---0-0--0---1----------------","6","117","5","1201100020"
"276","forall NODE0,NODE1. ~ep_epoch2(NODE0) | ~locked_epoch1(NODE1) | ep_epoch1(NODE1) | ep_epoch3(NODE1) | locked_epoch4(NODE1) | NODE0 = NODE1","8","--1---0-0------1-----0----------","6","114","19","1200110020"
"277","forall NODE0,NODE1. ~ep_epoch2(NODE0) | ~locked_epoch3(NODE1) | held(NODE1) | transfer_epoch4(NODE0) | transfer_epoch4(NODE1) | NODE0 = NODE1","8","--1--------0-------1----------00","6","102","3","1001100220"
"278","forall NODE0,NODE1. ~ep_epoch2(NODE0) | ep_epoch0(NODE1) | ep_epoch1(NODE1) | ep_epoch3(NODE1) | ep_epoch4(NODE1) | NODE0 = NODE1","8","--1--00-00----------------------","6","124","5","1400000020"
"279","forall NODE0,NODE1. ~ep_epoch2(NODE0) | ep_epoch0(NODE1) | ep_epoch1(NODE1) | ep_epoch3(NODE1) | held(NODE1) | NODE0 = NODE1","8","--1--00-0--0--------------------","6","122","4","1301000020"
"280","forall NODE0,NODE1. ~ep_epoch2(NODE0) | ep_epoch0(NODE1) | ep_epoch1(NODE1) | ep_epoch3(NODE1) | locked_epoch4(NODE1) | NODE0 = NODE1","8","--1--00-0------------0----------","6","120","13","1300010020"
"281","forall NODE0,NODE1. ~ep_epoch2(NODE0) | ep_epoch0(NODE1) | ep_epoch3(NODE1) | ep_epoch4(NODE1) | locked_epoch1(NODE1) | NODE0 = NODE1","8","--1--0--00-----0----------------","6","120","13","1300010020"
"282","forall NODE0,NODE1. ~ep_epoch2(NODE0) | ep_epoch0(NODE1) | ep_epoch3(NODE1) | held(NODE1) | locked_epoch1(NODE1) | NODE0 = NODE1","8","--1--0--0--0---0----------------","6","116","5","1201010020"
"283","forall NODE0,NODE1. ~ep_epoch2(NODE0) | ep_epoch0(NODE1) | ep_epoch3(NODE1) | locked_epoch1(NODE1) | locked_epoch4(NODE1) | NODE0 = NODE1","8","--1--0--0------0-----0----------","6","113","12","1200020020"
"284","forall NODE0,NODE1. ~ep_epoch2(NODE0) | ep_epoch1(NODE1) | ep_epoch3(NODE1) | ep_epoch4(NODE1) | locked_epoch1(NODE0) | NODE0 = NODE1","8","--1---0-00----0-----------------","6","120","13","1300010020"
"285","forall NODE0,NODE1. ~ep_epoch2(NODE0) | ep_epoch1(NODE1) | ep_epoch3(NODE1) | held(NODE1) | locked_epoch1(NODE0) | NODE0 = NODE1","8","--1---0-0--0--0-----------------","6","116","5","1201010020"
"286","forall NODE0,NODE1. ~ep_epoch2(NODE0) | ep_epoch1(NODE1) | ep_epoch3(NODE1) | locked_epoch1(NODE0) | locked_epoch4(NODE1) | NODE0 = NODE1","8","--1---0-0-----0------0----------","6","113","12","1200020020"
"287","forall NODE0,NODE1. ~ep_epoch2(NODE0) | held(NODE0) | locked_epoch3(NODE1) | transfer_epoch3(NODE0) | transfer_epoch3(NODE1) | NODE0 = NODE1","8","--1-------0--------0--------00--","6","101","4","1001010220"
"288","forall NODE0,NODE1. ~ep_epoch3(NODE0) | ~held(NODE0) | ~locked_epoch1(NODE0) | ~locked_epoch2(NODE0) | ep_epoch0(NODE1) | NODE0 = NODE1","8","---1-0----1---1-1---------------","6","112","2","1110200020"
"289","forall NODE0,NODE1. ~ep_epoch3(NODE0) | ~held(NODE0) | ~locked_epoch1(NODE0) | ep_epoch0(NODE1) | ep_epoch2(NODE1) | NODE0 = NODE1","8","---1-0-0--1---1-----------------","6","119","3","1210100020"
"290","forall NODE0,NODE1. ~ep_epoch3(NODE0) | ~held(NODE0) | ~locked_epoch1(NODE0) | ep_epoch0(NODE1) | locked_epoch2(NODE1) | NODE0 = NODE1","8","---1-0----1---1--0--------------","6","111","4","1110110020"
"291","forall NODE0,NODE1. ~ep_epoch3(NODE0) | ~held(NODE0) | ~locked_epoch1(NODE1) | ~locked_epoch2(NODE0) | ep_epoch1(NODE1) | NODE0 = NODE1","8","---1--0---1----11---------------","6","112","2","1110200020"
"292","forall NODE0,NODE1. ~ep_epoch3(NODE0) | ~held(NODE0) | ~locked_epoch1(NODE1) | ep_epoch1(NODE1) | ep_epoch2(NODE1) | NODE0 = NODE1","8","---1--00--1----1----------------","6","119","3","1210100020"
"293","forall NODE0,NODE1. ~ep_epoch3(NODE0) | ~held(NODE0) | ~locked_epoch1(NODE1) | ep_epoch1(NODE1) | locked_epoch2(NODE1) | NODE0 = NODE1","8","---1--0---1----1-0--------------","6","111","4","1110110020"
"294","forall NODE0,NODE1. ~ep_epoch3(NODE0) | ~held(NODE0) | ~locked_epoch2(NODE0) | ep_epoch0(NODE1) | ep_epoch1(NODE1) | NODE0 = NODE1","8","---1-00---1-----1---------------","6","119","3","1210100020"
"295","forall NODE0,NODE1. ~ep_epoch3(NODE0) | ~held(NODE0) | ~locked_epoch2(NODE0) | ep_epoch0(NODE1) | locked_epoch1(NODE1) | NODE0 = NODE1","8","---1-0----1----01---------------","6","111","4","1110110020"
"296","forall NODE0,NODE1. ~ep_epoch3(NODE0) | ~held(NODE0) | ~locked_epoch2(NODE0) | ep_epoch1(NODE1) | locked_epoch1(NODE0) | NODE0 = NODE1","8","---1--0---1---0-1---------------","6","111","4","1110110020"
"297","forall NODE0,NODE1. ~ep_epoch3(NODE0) | ~held(NODE0) | ep_epoch0(NODE1) | ep_epoch1(NODE1) | ep_epoch2(NODE1) | NODE0 = NODE1","8","---1-000--1---------------------","6","123","2","1310000020"
"298","forall NODE0,NODE1. ~ep_epoch3(NODE0) | ~held(NODE0) | ep_epoch0(NODE1) | ep_epoch1(NODE1) | locked_epoch2(NODE1) | NODE0 = NODE1","8","---1-00---1------0--------------","6","118","4","1210010020"
"299","forall NODE0,NODE1. ~ep_epoch3(NODE0) | ~held(NODE0) | ep_epoch0(NODE1) | ep_epoch2(NODE1) | locked_epoch1(NODE1) | NODE0 = NODE1","8","---1-0-0--1----0----------------","6","118","4","1210010020"
"300","forall NODE0,NODE1. ~ep_epoch3(NODE0) | ~held(NODE0) | ep_epoch0(NODE1) | locked_epoch1(NODE1) | locked_epoch2(NODE1) | NODE0 = NODE1","8","---1-0----1----0-0--------------","6","110","2","1110020020"
"301","forall NODE0,NODE1. ~ep_epoch3(NODE0) | ~held(NODE0) | ep_epoch1(NODE1) | ep_epoch2(NODE1) | locked_epoch1(NODE0) | NODE0 = NODE1","8","---1--00--1---0-----------------","6","118","4","1210010020"
"302","forall NODE0,NODE1. ~ep_epoch3(NODE0) | ~held(NODE0) | ep_epoch1(NODE1) | locked_epoch1(NODE0) | locked_epoch2(NODE1) | NODE0 = NODE1","8","---1--0---1---0--0--------------","6","110","2","1110020020"
"303","forall NODE2,NODE0,NODE1. ~ep_epoch3(NODE0) | ~locked_epoch1(NODE0) | ~locked_epoch2(NODE0) | ~transfer_epoch4(NODE1) | ep_epoch0(NODE2) | ((NODE1 ~= NODE2 | NODE0 = NODE1) & (NODE0 ~= NODE1 | NODE0 = NODE2))","12","---1-0--------1-1-------------1-","9","225","2","1100201030"
"304","forall NODE0,NODE1. ~ep_epoch3(NODE0) | ~locked_epoch1(NODE0) | ~locked_epoch2(NODE0) | ep_epoch0(NODE1) | ep_epoch4(NODE1) | NODE0 = NODE1","8","---1-0---0----1-1---------------","6","115","7","1200200020"
"305","forall NODE0,NODE1. ~ep_epoch3(NODE0) | ~locked_epoch1(NODE0) | ~locked_epoch2(NODE0) | ep_epoch0(NODE1) | held(NODE1) | NODE0 = NODE1","8","---1-0-----0--1-1---------------","6","109","2","1101200020"
"306","forall NODE0,NODE1. ~ep_epoch3(NODE0) | ~locked_epoch1(NODE0) | ~locked_epoch2(NODE0) | ep_epoch0(NODE1) | locked_epoch4(NODE1) | NODE0 = NODE1","8","---1-0--------1-1----0----------","6","105","8","1100210020"
"307","forall NODE2,NODE0,NODE1. ~ep_epoch3(NODE0) | ~locked_epoch1(NODE0) | ~transfer_epoch4(NODE1) | ep_epoch0(NODE2) | ep_epoch2(NODE2) | ((NODE1 ~= NODE2 | NODE0 = NODE1) & (NODE0 ~= NODE1 | NODE0 = NODE2))","12","---1-0-0------1---------------1-","9","227","3","1200101030"
"308","forall NODE2,NODE0,NODE1. ~ep_epoch3(NODE0) | ~locked_epoch1(NODE0) | ~transfer_epoch4(NODE1) | ep_epoch0(NODE2) | locked_epoch2(NODE2) | ((NODE1 ~= NODE2 | NODE0 = NODE1) & (NODE0 ~= NODE1 | NODE0 = NODE2))","12","---1-0--------1--0------------1-","9","224","4","1100111030"
"309","forall NODE0,NODE1. ~ep_epoch3(NODE0) | ~locked_epoch1(NODE0) | ep_epoch0(NODE1) | ep_epoch2(NODE1) | ep_epoch4(NODE1) | NODE0 = NODE1","8","---1-0-0-0----1-----------------","6","121","9","1300100020"
"310","forall NODE0,NODE1. ~ep_epoch3(NODE0) | ~locked_epoch1(NODE0) | ep_epoch0(NODE1) | ep_epoch2(NODE1) | held(NODE1) | NODE0 = NODE1","8","---1-0-0---0--1-----------------","6","117","5","1201100020"
"311","forall NODE0,NODE1. ~ep_epoch3(NODE0) | ~locked_epoch1(NODE0) | ep_epoch0(NODE1) | ep_epoch2(NODE1) | locked_epoch4(NODE1) | NODE0 = NODE1","8","---1-0-0------1------0----------","6","114","19","1200110020"
"312","forall NODE0,NODE1. ~ep_epoch3(NODE0) | ~locked_epoch1(NODE0) | ep_epoch0(NODE1) | ep_epoch4(NODE1) | locked_epoch2(NODE1) | NODE0 = NODE1","8","---1-0---0----1--0--------------","6","114","19","1200110020"
"313","forall NODE0,NODE1. ~ep_epoch3(NODE0) | ~locked_epoch1(NODE0) | ep_epoch0(NODE1) | held(NODE1) | locked_epoch2(NODE1) | NODE0 = NODE1","8","---1-0-----0--1--0--------------","6","108","4","1101110020"
"314","forall NODE0,NODE1. ~ep_epoch3(NODE0) | ~locked_epoch1(NODE0) | ep_epoch0(NODE1) | locked_epoch2(NODE1) | locked_epoch4(NODE1) | NODE0 = NODE1","8","---1-0--------1--0---0----------","6","104","10","1100120020"
"315","forall NODE2,NODE0,NODE1. ~ep_epoch3(NODE0) | ~locked_epoch1(NODE1) | ~locked_epoch2(NODE0) | ~transfer_epoch4(NODE2) | ep_epoch1(NODE1) | ((NODE1 ~= NODE2 | NODE0 = NODE1) & (NODE0 ~= NODE2 | NODE0 = NODE1))","12","---1--0--------11-------------1-","9","225","2","1100201030"
"316","forall NODE0,NODE1. ~ep_epoch3(NODE0) | ~locked_epoch1(NODE1) | ~locked_epoch2(NODE0) | ep_epoch1(NODE1) | ep_epoch4(NODE1) | NODE0 = NODE1","8","---1--0--0-----11---------------","6","115","7","1200200020"
"317","forall NODE0,NODE1. ~ep_epoch3(NODE0) | ~locked_epoch1(NODE1) | ~locked_epoch2(NODE0) | ep_epoch1(NODE1) | held(NODE1) | NODE0 = NODE1","8","---1--0----0---11---------------","6","109","2","1101200020"
"318","forall NODE0,NODE1. ~ep_epoch3(NODE0) | ~locked_epoch1(NODE1) | ~locked_epoch2(NODE0) | ep_epoch1(NODE1) | locked_epoch4(NODE1) | NODE0 = NODE1","8","---1--0--------11----0----------","6","105","8","1100210020"
"319","forall NODE2,NODE0,NODE1. ~ep_epoch3(NODE0) | ~locked_epoch1(NODE1) | ~transfer_epoch4(NODE2) | ep_epoch1(NODE1) | ep_epoch2(NODE1) | ((NODE0 ~= NODE2 | NODE0 = NODE1) & (NODE1 ~= NODE2 | NODE0 = NODE1))","12","---1--00-------1--------------1-","9","227","3","1200101030"
"320","forall NODE2,NODE0,NODE1. ~ep_epoch3(NODE0) | ~locked_epoch1(NODE1) | ~transfer_epoch4(NODE2) | ep_epoch1(NODE1) | locked_epoch2(NODE1) | ((NODE1 ~= NODE2 | NODE0 = NODE1) & (NODE0 ~= NODE2 | NODE0 = NODE1))","12","---1--0--------1-0------------1-","9","224","4","1100111030"
"321","forall NODE0,NODE1. ~ep_epoch3(NODE0) | ~locked_epoch1(NODE1) | ep_epoch1(NODE1) | ep_epoch2(NODE1) | ep_epoch4(NODE1) | NODE0 = NODE1","8","---1--00-0-----1----------------","6","121","9","1300100020"
"322","forall NODE0,NODE1. ~ep_epoch3(NODE0) | ~locked_epoch1(NODE1) | ep_epoch1(NODE1) | ep_epoch2(NODE1) | held(NODE1) | NODE0 = NODE1","8","---1--00---0---1----------------","6","117","5","1201100020"
"323","forall NODE0,NODE1. ~ep_epoch3(NODE0) | ~locked_epoch1(NODE1) | ep_epoch1(NODE1) | ep_epoch2(NODE1) | locked_epoch4(NODE1) | NODE0 = NODE1","8","---1--00-------1-----0----------","6","114","19","1200110020"
"324","forall NODE0,NODE1. ~ep_epoch3(NODE0) | ~locked_epoch1(NODE1) | ep_epoch1(NODE1) | ep_epoch4(NODE1) | locked_epoch2(NODE1) | NODE0 = NODE1","8","---1--0--0-----1-0--------------","6","114","19","1200110020"
"325","forall NODE0,NODE1. ~ep_epoch3(NODE0) | ~locked_epoch1(NODE1) | ep_epoch1(NODE1) | held(NODE1) | locked_epoch2(NODE1) | NODE0 = NODE1","8","---1--0----0---1-0--------------","6","108","4","1101110020"
"326","forall NODE0,NODE1. ~ep_epoch3(NODE0) | ~locked_epoch1(NODE1) | ep_epoch1(NODE1) | locked_epoch2(NODE1) | locked_epoch4(NODE1) | NODE0 = NODE1","8","---1--0--------1-0---0----------","6","104","10","1100120020"
"327","forall NODE2,NODE0,NODE1. ~ep_epoch3(NODE0) | ~locked_epoch2(NODE0) | ~transfer_epoch4(NODE1) | ep_epoch0(NODE2) | ep_epoch1(NODE2) | ((NODE1 ~= NODE2 | NODE0 = NODE1) & (NODE0 ~= NODE1 | NODE0 = NODE2))","12","---1-00---------1-------------1-","9","227","3","1200101030"
"328","forall NODE2,NODE0,NODE1. ~ep_epoch3(NODE0) | ~locked_epoch2(NODE0) | ~transfer_epoch4(NODE1) | ep_epoch0(NODE2) | locked_epoch1(NODE2) | ((NODE1 ~= NODE2 | NODE0 = NODE1) & (NODE0 ~= NODE1 | NODE0 = NODE2))","12","---1-0---------01-------------1-","9","224","4","1100111030"
"329","forall NODE2,NODE0,NODE1. ~ep_epoch3(NODE0) | ~locked_epoch2(NODE0) | ~transfer_epoch4(NODE1) | ep_epoch1(NODE2) | locked_epoch1(NODE0) | ((NODE1 ~= NODE2 | NODE0 = NODE1) & (NODE0 ~= NODE1 | NODE0 = NODE2))","12","---1--0-------0-1-------------1-","9","224","4","1100111030"
"330","forall NODE0,NODE1. ~ep_epoch3(NODE0) | ~locked_epoch2(NODE0) | ep_epoch0(NODE1) | ep_epoch1(NODE1) | ep_epoch4(NODE1) | NODE0 = NODE1","8","---1-00--0------1---------------","6","121","9","1300100020"
"331","forall NODE0,NODE1. ~ep_epoch3(NODE0) | ~locked_epoch2(NODE0) | ep_epoch0(NODE1) | ep_epoch1(NODE1) | held(NODE1) | NODE0 = NODE1","8","---1-00----0----1---------------","6","117","5","1201100020"
"332","forall NODE0,NODE1. ~ep_epoch3(NODE0) | ~locked_epoch2(NODE0) | ep_epoch0(NODE1) | ep_epoch1(NODE1) | locked_epoch4(NODE1) | NODE0 = NODE1","8","---1-00---------1----0----------","6","114","19","1200110020"
"333","forall NODE0,NODE1. ~ep_epoch3(NODE0) | ~locked_epoch2(NODE0) | ep_epoch0(NODE1) | ep_epoch4(NODE1) | locked_epoch1(NODE1) | NODE0 = NODE1","8","---1-0---0-----01---------------","6","114","19","1200110020"
"334","forall NODE0,NODE1. ~ep_epoch3(NODE0) | ~locked_epoch2(NODE0) | ep_epoch0(NODE1) | held(NODE1) | locked_epoch1(NODE1) | NODE0 = NODE1","8","---1-0-----0---01---------------","6","108","4","1101110020"
"335","forall NODE0,NODE1. ~ep_epoch3(NODE0) | ~locked_epoch2(NODE0) | ep_epoch0(NODE1) | locked_epoch1(NODE1) | locked_epoch4(NODE1) | NODE0 = NODE1","8","---1-0---------01----0----------","6","104","10","1100120020"
"336","forall NODE0,NODE1. ~ep_epoch3(NODE0) | ~locked_epoch2(NODE0) | ep_epoch1(NODE1) | ep_epoch4(NODE1) | locked_epoch1(NODE0) | NODE0 = NODE1","8","---1--0--0----0-1---------------","6","114","19","1200110020"
"337","forall NODE0,NODE1. ~ep_epoch3(NODE0) | ~locked_epoch2(NODE0) | ep_epoch1(NODE1) | held(NODE1) | locked_epoch1(NODE0) | NODE0 = NODE1","8","---1--0----0--0-1---------------","6","108","4","1101110020"
"338","forall NODE0,NODE1. ~ep_epoch3(NODE0) | ~locked_epoch2(NODE0) | ep_epoch1(NODE1) | locked_epoch1(NODE0) | locked_epoch4(NODE1) | NODE0 = NODE1","8","---1--0-------0-1----0----------","6","104","10","1100120020"
"339","forall NODE2,NODE0,NODE1. ~ep_epoch3(NODE0) | ~transfer_epoch4(NODE1) | ep_epoch0(NODE2) | ep_epoch1(NODE2) | ep_epoch2(NODE2) | ((NODE0 ~= NODE1 | NODE0 = NODE2) & (NODE1 ~= NODE2 | NODE0 = NODE1))","12","---1-000----------------------1-","9","0","101","1300001030"
"340","forall NODE2,NODE0,NODE1. ~ep_epoch3(NODE0) | ~transfer_epoch4(NODE1) | ep_epoch0(NODE2) | ep_epoch1(NODE2) | locked_epoch2(NODE2) | ((NODE1 ~= NODE2 | NODE0 = NODE1) & (NODE0 ~= NODE1 | NODE0 = NODE2))","12","---1-00----------0------------1-","9","226","3","1200011030"
"341","forall NODE2,NODE0,NODE1. ~ep_epoch3(NODE0) | ~transfer_epoch4(NODE1) | ep_epoch0(NODE2) | ep_epoch2(NODE2) | locked_epoch1(NODE2) | ((NODE0 ~= NODE1 | NODE0 = NODE2) & (NODE1 ~= NODE2 | NODE0 = NODE1))","12","---1-0-0-------0--------------1-","9","226","3","1200011030"
"342","forall NODE2,NODE0,NODE1. ~ep_epoch3(NODE0) | ~transfer_epoch4(NODE1) | ep_epoch0(NODE2) | locked_epoch1(NODE2) | locked_epoch2(NODE2) | ((NODE1 ~= NODE2 | NODE0 = NODE1) & (NODE0 ~= NODE1 | NODE0 = NODE2))","12","---1-0---------0-0------------1-","9","223","2","1100021030"
"343","forall NODE2,NODE0,NODE1. ~ep_epoch3(NODE0) | ~transfer_epoch4(NODE1) | ep_epoch1(NODE2) | ep_epoch2(NODE2) | locked_epoch1(NODE0) | ((NODE0 ~= NODE1 | NODE0 = NODE2) & (NODE1 ~= NODE2 | NODE0 = NODE1))","12","---1--00------0---------------1-","9","226","3","1200011030"
"344","forall NODE2,NODE0,NODE1. ~ep_epoch3(NODE0) | ~transfer_epoch4(NODE1) | ep_epoch1(NODE2) | locked_epoch1(NODE0) | locked_epoch2(NODE2) | ((NODE1 ~= NODE2 | NODE0 = NODE1) & (NODE0 ~= NODE1 | NODE0 = NODE2))","12","---1--0-------0--0------------1-","9","223","2","1100021030"
"345","forall NODE0,NODE1. ~ep_epoch3(NODE0) | ep_epoch0(NODE1) | ep_epoch1(NODE1) | ep_epoch2(NODE1) | ep_epoch4(NODE1) | NODE0 = NODE1","8","---1-000-0----------------------","6","124","5","1400000020"
"346","forall NODE0,NODE1. ~ep_epoch3(NODE0) | ep_epoch0(NODE1) | ep_epoch1(NODE1) | ep_epoch2(NODE1) | held(NODE1) | NODE0 = NODE1","8","---1-000---0--------------------","6","122","4","1301000020"
"347","forall NODE0,NODE1. ~ep_epoch3(NODE0) | ep_epoch0(NODE1) | ep_epoch1(NODE1) | ep_epoch2(NODE1) | locked_epoch4(NODE1) | NODE0 = NODE1","8","---1-000-------------0----------","6","120","13","1300010020"
"348","forall NODE0,NODE1. ~ep_epoch3(NODE0) | ep_epoch0(NODE1) | ep_epoch1(NODE1) | ep_epoch4(NODE1) | locked_epoch2(NODE1) | NODE0 = NODE1","8","---1-00--0-------0--------------","6","120","13","1300010020"
"349","forall NODE0,NODE1. ~ep_epoch3(NODE0) | ep_epoch0(NODE1) | ep_epoch1(NODE1) | held(NODE1) | locked_epoch2(NODE1) | NODE0 = NODE1","8","---1-00----0-----0--------------","6","116","5","1201010020"
"350","forall NODE0,NODE1. ~ep_epoch3(NODE0) | ep_epoch0(NODE1) | ep_epoch1(NODE1) | locked_epoch2(NODE1) | locked_epoch4(NODE1) | NODE0 = NODE1","8","---1-00----------0---0----------","6","113","12","1200020020"
"351","forall NODE0,NODE1. ~ep_epoch3(NODE0) | ep_epoch0(NODE1) | ep_epoch2(NODE1) | ep_epoch4(NODE1) | locked_epoch1(NODE1) | NODE0 = NODE1","8","---1-0-0-0-----0----------------","6","120","13","1300010020"
"352","forall NODE0,NODE1. ~ep_epoch3(NODE0) | ep_epoch0(NODE1) | ep_epoch2(NODE1) | held(NODE1) | locked_epoch1(NODE1) | NODE0 = NODE1","8","---1-0-0---0---0----------------","6","116","5","1201010020"
"353","forall NODE0,NODE1. ~ep_epoch3(NODE0) | ep_epoch0(NODE1) | ep_epoch2(NODE1) | locked_epoch1(NODE1) | locked_epoch4(NODE1) | NODE0 = NODE1","8","---1-0-0-------0-----0----------","6","113","12","1200020020"
"354","forall NODE0,NODE1. ~ep_epoch3(NODE0) | ep_epoch0(NODE1) | ep_epoch4(NODE1) | locked_epoch1(NODE1) | locked_epoch2(NODE1) | NODE0 = NODE1","8","---1-0---0-----0-0--------------","6","113","12","1200020020"
"355","forall NODE0,NODE1. ~ep_epoch3(NODE0) | ep_epoch0(NODE1) | held(NODE1) | locked_epoch1(NODE1) | locked_epoch2(NODE1) | NODE0 = NODE1","8","---1-0-----0---0-0--------------","6","107","2","1101020020"
"356","forall NODE0,NODE1. ~ep_epoch3(NODE0) | ep_epoch0(NODE1) | locked_epoch1(NODE1) | locked_epoch2(NODE1) | locked_epoch4(NODE1) | NODE0 = NODE1","8","---1-0---------0-0---0----------","6","103","4","1100030020"
"357","forall NODE0,NODE1. ~ep_epoch3(NODE0) | ep_epoch1(NODE1) | ep_epoch2(NODE1) | ep_epoch4(NODE1) | locked_epoch1(NODE0) | NODE0 = NODE1","8","---1--00-0----0-----------------","6","120","13","1300010020"
"358","forall NODE0,NODE1. ~ep_epoch3(NODE0) | ep_epoch1(NODE1) | ep_epoch2(NODE1) | held(NODE1) | locked_epoch1(NODE0) | NODE0 = NODE1","8","---1--00---0--0-----------------","6","116","5","1201010020"
"359","forall NODE0,NODE1. ~ep_epoch3(NODE0) | ep_epoch1(NODE1) | ep_epoch2(NODE1) | locked_epoch1(NODE0) | locked_epoch4(NODE1) | NODE0 = NODE1","8","---1--00------0------0----------","6","113","12","1200020020"
"360","forall NODE0,NODE1. ~ep_epoch3(NODE0) | ep_epoch1(NODE1) | ep_epoch4(NODE1) | locked_epoch1(NODE0) | locked_epoch2(NODE1) | NODE0 = NODE1","8","---1--0--0----0--0--------------","6","113","12","1200020020"
"361","forall NODE0,NODE1. ~ep_epoch3(NODE0) | ep_epoch1(NODE1) | held(NODE1) | locked_epoch1(NODE0) | locked_epoch2(NODE1) | NODE0 = NODE1","8","---1--0----0--0--0--------------","6","107","2","1101020020"
"362","forall NODE0,NODE1. ~ep_epoch3(NODE0) | ep_epoch1(NODE1) | locked_epoch1(NODE0) | locked_epoch2(NODE1) | locked_epoch4(NODE1) | NODE0 = NODE1","8","---1--0-------0--0---0----------","6","103","4","1100030020"
"363","forall NODE0,NODE1. ~ep_epoch3(NODE0) | ep_epoch4(NODE1) | held(NODE0) | transfer_epoch4(NODE0) | transfer_epoch4(NODE1) | NODE0 = NODE1","8","---1-----00-------------------00","6","0","101","1101000220"
"364","forall NODE0,NODE1. ~ep_epoch3(NODE0) | held(NODE0) | held(NODE1) | transfer_epoch4(NODE0) | transfer_epoch4(NODE1) | NODE0 = NODE1","8","---1------00------------------00","6","0","101","1002000220"
"365","forall NODE0,NODE1. ~ep_epoch3(NODE0) | held(NODE0) | locked_epoch4(NODE1) | transfer_epoch4(NODE0) | transfer_epoch4(NODE1) | NODE0 = NODE1","8","---1------0----------0--------00","6","101","4","1001010220"
"366","forall NODE0,NODE1. ~ep_epoch4(NODE0) | ~locked_epoch1(NODE0) | ~locked_epoch2(NODE0) | ~locked_epoch3(NODE0) | ep_epoch0(NODE1) | NODE0 = NODE1","8","----10--------1-1-1-------------","6","106","2","1100300020"
"367","forall NODE0,NODE1. ~ep_epoch4(NODE0) | ~locked_epoch1(NODE0) | ~locked_epoch2(NODE0) | ep_epoch0(NODE1) | ep_epoch3(NODE1) | NODE0 = NODE1","8","----10--0-----1-1---------------","6","115","7","1200200020"
"368","forall NODE0,NODE1. ~ep_epoch4(NODE0) | ~locked_epoch1(NODE0) | ~locked_epoch2(NODE0) | ep_epoch0(NODE1) | locked_epoch3(NODE1) | NODE0 = NODE1","8","----10--------1-1--0------------","6","105","8","1100210020"
"369","forall NODE0,NODE1. ~ep_epoch4(NODE0) | ~locked_epoch1(NODE0) | ~locked_epoch3(NODE0) | ep_epoch0(NODE1) | ep_epoch2(NODE1) | NODE0 = NODE1","8","----10-0------1---1-------------","6","115","7","1200200020"
"370","forall NODE0,NODE1. ~ep_epoch4(NODE0) | ~locked_epoch1(NODE0) | ~locked_epoch3(NODE0) | ep_epoch0(NODE1) | locked_epoch2(NODE1) | NODE0 = NODE1","8","----10--------1--01-------------","6","105","8","1100210020"
"371","forall NODE0,NODE1. ~ep_epoch4(NODE0) | ~locked_epoch1(NODE0) | ep_epoch0(NODE1) | ep_epoch2(NODE1) | ep_epoch3(NODE1) | NODE0 = NODE1","8","----10-00-----1-----------------","6","121","9","1300100020"
"372","forall NODE0,NODE1. ~ep_epoch4(NODE0) | ~locked_epoch1(NODE0) | ep_epoch0(NODE1) | ep_epoch2(NODE1) | locked_epoch3(NODE1) | NODE0 = NODE1","8","----10-0------1----0------------","6","114","19","1200110020"
"373","forall NODE0,NODE1. ~ep_epoch4(NODE0) | ~locked_epoch1(NODE0) | ep_epoch0(NODE1) | ep_epoch3(NODE1) | locked_epoch2(NODE1) | NODE0 = NODE1","8","----10--0-----1--0--------------","6","114","19","1200110020"
"374","forall NODE0,NODE1. ~ep_epoch4(NODE0) | ~locked_epoch1(NODE0) | ep_epoch0(NODE1) | locked_epoch2(NODE1) | locked_epoch3(NODE1) | NODE0 = NODE1","8","----10--------1--0-0------------","6","104","10","1100120020"
"375","forall NODE0,NODE1. ~ep_epoch4(NODE0) | ~locked_epoch1(NODE1) | ~locked_epoch2(NODE0) | ~locked_epoch3(NODE0) | ep_epoch1(NODE1) | NODE0 = NODE1","8","----1-0--------11-1-------------","6","106","2","1100300020"
"376","forall NODE0,NODE1. ~ep_epoch4(NODE0) | ~locked_epoch1(NODE1) | ~locked_epoch2(NODE0) | ep_epoch1(NODE1) | ep_epoch3(NODE1) | NODE0 = NODE1","8","----1-0-0------11---------------","6","115","7","1200200020"
"377","forall NODE0,NODE1. ~ep_epoch4(NODE0) | ~locked_epoch1(NODE1) | ~locked_epoch2(NODE0) | ep_epoch1(NODE1) | locked_epoch3(NODE1) | NODE0 = NODE1","8","----1-0--------11--0------------","6","105","8","1100210020"
"378","forall NODE0,NODE1. ~ep_epoch4(NODE0) | ~locked_epoch1(NODE1) | ~locked_epoch3(NODE0) | ep_epoch1(NODE1) | ep_epoch2(NODE1) | NODE0 = NODE1","8","----1-00-------1--1-------------","6","115","7","1200200020"
"379","forall NODE0,NODE1. ~ep_epoch4(NODE0) | ~locked_epoch1(NODE1) | ~locked_epoch3(NODE0) | ep_epoch1(NODE1) | locked_epoch2(NODE1) | NODE0 = NODE1","8","----1-0--------1-01-------------","6","105","8","1100210020"
"380","forall NODE0,NODE1. ~ep_epoch4(NODE0) | ~locked_epoch1(NODE1) | ep_epoch1(NODE1) | ep_epoch2(NODE1) | ep_epoch3(NODE1) | NODE0 = NODE1","8","----1-000------1----------------","6","121","9","1300100020"
"381","forall NODE0,NODE1. ~ep_epoch4(NODE0) | ~locked_epoch1(NODE1) | ep_epoch1(NODE1) | ep_epoch2(NODE1) | locked_epoch3(NODE1) | NODE0 = NODE1","8","----1-00-------1---0------------","6","114","19","1200110020"
"382","forall NODE0,NODE1. ~ep_epoch4(NODE0) | ~locked_epoch1(NODE1) | ep_epoch1(NODE1) | ep_epoch3(NODE1) | locked_epoch2(NODE1) | NODE0 = NODE1","8","----1-0-0------1-0--------------","6","114","19","1200110020"
"383","forall NODE0,NODE1. ~ep_epoch4(NODE0) | ~locked_epoch1(NODE1) | ep_epoch1(NODE1) | locked_epoch2(NODE1) | locked_epoch3(NODE1) | NODE0 = NODE1","8","----1-0--------1-0-0------------","6","104","10","1100120020"
"384","forall NODE0,NODE1. ~ep_epoch4(NODE0) | ~locked_epoch2(NODE0) | ~locked_epoch3(NODE0) | ep_epoch0(NODE1) | ep_epoch1(NODE1) | NODE0 = NODE1","8","----100---------1-1-------------","6","115","7","1200200020"
"385","forall NODE0,NODE1. ~ep_epoch4(NODE0) | ~locked_epoch2(NODE0) | ~locked_epoch3(NODE0) | ep_epoch0(NODE1) | locked_epoch1(NODE1) | NODE0 = NODE1","8","----10---------01-1-------------","6","105","8","1100210020"
"386","forall NODE0,NODE1. ~ep_epoch4(NODE0) | ~locked_epoch2(NODE0) | ~locked_epoch3(NODE0) | ep_epoch1(NODE1) | locked_epoch1(NODE0) | NODE0 = NODE1","8","----1-0-------0-1-1-------------","6","105","8","1100210020"
"387","forall NODE0,NODE1. ~ep_epoch4(NODE0) | ~locked_epoch2(NODE0) | ep_epoch0(NODE1) | ep_epoch1(NODE1) | ep_epoch3(NODE1) | NODE0 = NODE1","8","----100-0-------1---------------","6","121","9","1300100020"
"388","forall NODE0,NODE1. ~ep_epoch4(NODE0) | ~locked_epoch2(NODE0) | ep_epoch0(NODE1) | ep_epoch1(NODE1) | locked_epoch3(NODE1) | NODE0 = NODE1","8","----100---------1--0------------","6","114","19","1200110020"
"389","forall NODE0,NODE1. ~ep_epoch4(NODE0) | ~locked_epoch2(NODE0) | ep_epoch0(NODE1) | ep_epoch3(NODE1) | locked_epoch1(NODE1) | NODE0 = NODE1","8","----10--0------01---------------","6","114","19","1200110020"
"390","forall NODE0,NODE1. ~ep_epoch4(NODE0) | ~locked_epoch2(NODE0) | ep_epoch0(NODE1) | locked_epoch1(NODE1) | locked_epoch3(NODE1) | NODE0 = NODE1","8","----10---------01--0------------","6","104","10","1100120020"
"391","forall NODE0,NODE1. ~ep_epoch4(NODE0) | ~locked_epoch2(NODE0) | ep_epoch1(NODE1) | ep_epoch3(NODE1) | locked_epoch1(NODE0) | NODE0 = NODE1","8","----1-0-0-----0-1---------------","6","114","19","1200110020"
"392","forall NODE0,NODE1. ~ep_epoch4(NODE0) | ~locked_epoch2(NODE0) | ep_epoch1(NODE1) | locked_epoch1(NODE0) | locked_epoch3(NODE1) | NODE0 = NODE1","8","----1-0-------0-1--0------------","6","104","10","1100120020"
"393","forall NODE0,NODE1. ~ep_epoch4(NODE0) | ~locked_epoch3(NODE0) | ep_epoch0(NODE1) | ep_epoch1(NODE1) | ep_epoch2(NODE1) | NODE0 = NODE1","8","----1000----------1-------------","6","121","9","1300100020"
"394","forall NODE0,NODE1. ~ep_epoch4(NODE0) | ~locked_epoch3(NODE0) | ep_epoch0(NODE1) | ep_epoch1(NODE1) | locked_epoch2(NODE1) | NODE0 = NODE1","8","----100----------01-------------","6","114","19","1200110020"
"395","forall NODE0,NODE1. ~ep_epoch4(NODE0) | ~locked_epoch3(NODE0) | ep_epoch0(NODE1) | ep_epoch2(NODE1) | locked_epoch1(NODE1) | NODE0 = NODE1","8","----10-0-------0--1-------------","6","114","19","1200110020"
"396","forall NODE0,NODE1. ~ep_epoch4(NODE0) | ~locked_epoch3(NODE0) | ep_epoch0(NODE1) | locked_epoch1(NODE1) | locked_epoch2(NODE1) | NODE0 = NODE1","8","----10---------0-01-------------","6","104","10","1100120020"
"397","forall NODE0,NODE1. ~ep_epoch4(NODE0) | ~locked_epoch3(NODE0) | ep_epoch1(NODE1) | ep_epoch2(NODE1) | locked_epoch1(NODE0) | NODE0 = NODE1","8","----1-00------0---1-------------","6","114","19","1200110020"
"398","forall NODE0,NODE1. ~ep_epoch4(NODE0) | ~locked_epoch3(NODE0) | ep_epoch1(NODE1) | locked_epoch1(NODE0) | locked_epoch2(NODE1) | NODE0 = NODE1","8","----1-0-------0--01-------------","6","104","10","1100120020"
"399","forall NODE0,NODE1. ~ep_epoch4(NODE0) | ep_epoch0(NODE1) | ep_epoch1(NODE1) | ep_epoch2(NODE1) | ep_epoch3(NODE1) | NODE0 = NODE1","8","----10000-----------------------","6","124","5","1400000020"
"400","forall NODE0,NODE1. ~ep_epoch4(NODE0) | ep_epoch0(NODE1) | ep_epoch1(NODE1) | ep_epoch2(NODE1) | locked_epoch3(NODE1) | NODE0 = NODE1","8","----1000-----------0------------","6","120","13","1300010020"
"401","forall NODE0,NODE1. ~ep_epoch4(NODE0) | ep_epoch0(NODE1) | ep_epoch1(NODE1) | ep_epoch3(NODE1) | locked_epoch2(NODE1) | NODE0 = NODE1","8","----100-0--------0--------------","6","120","13","1300010020"
"402","forall NODE0,NODE1. ~ep_epoch4(NODE0) | ep_epoch0(NODE1) | ep_epoch1(NODE1) | locked_epoch2(NODE1) | locked_epoch3(NODE1) | NODE0 = NODE1","8","----100----------0-0------------","6","113","12","1200020020"
"403","forall NODE0,NODE1. ~ep_epoch4(NODE0) | ep_epoch0(NODE1) | ep_epoch2(NODE1) | ep_epoch3(NODE1) | locked_epoch1(NODE1) | NODE0 = NODE1","8","----10-00------0----------------","6","120","13","1300010020"
"404","forall NODE0,NODE1. ~ep_epoch4(NODE0) | ep_epoch0(NODE1) | ep_epoch2(NODE1) | locked_epoch1(NODE1) | locked_epoch3(NODE1) | NODE0 = NODE1","8","----10-0-------0---0------------","6","113","12","1200020020"
"405","forall NODE0,NODE1. ~ep_epoch4(NODE0) | ep_epoch0(NODE1) | ep_epoch3(NODE1) | locked_epoch1(NODE1) | locked_epoch2(NODE1) | NODE0 = NODE1","8","----10--0------0-0--------------","6","113","12","1200020020"
"406","forall NODE0,NODE1. ~ep_epoch4(NODE0) | ep_epoch0(NODE1) | locked_epoch1(NODE1) | locked_epoch2(NODE1) | locked_epoch3(NODE1) | NODE0 = NODE1","8","----10---------0-0-0------------","6","103","4","1100030020"
"407","forall NODE0,NODE1. ~ep_epoch4(NODE0) | ep_epoch1(NODE1) | ep_epoch2(NODE1) | ep_epoch3(NODE1) | locked_epoch1(NODE0) | NODE0 = NODE1","8","----1-000-----0-----------------","6","120","13","1300010020"
"408","forall NODE0,NODE1. ~ep_epoch4(NODE0) | ep_epoch1(NODE1) | ep_epoch2(NODE1) | locked_epoch1(NODE0) | locked_epoch3(NODE1) | NODE0 = NODE1","8","----1-00------0----0------------","6","113","12","1200020020"
"409","forall NODE0,NODE1. ~ep_epoch4(NODE0) | ep_epoch1(NODE1) | ep_epoch3(NODE1) | locked_epoch1(NODE0) | locked_epoch2(NODE1) | NODE0 = NODE1","8","----1-0-0-----0--0--------------","6","113","12","1200020020"
"410","forall NODE0,NODE1. ~ep_epoch4(NODE0) | ep_epoch1(NODE1) | locked_epoch1(NODE0) | locked_epoch2(NODE1) | locked_epoch3(NODE1) | NODE0 = NODE1","8","----1-0-------0--0-0------------","6","103","4","1100030020"
"411","forall NODE0,NODE1. ~held(NODE0) | ~locked_epoch1(NODE0) | ~locked_epoch2(NODE0) | ~locked_epoch3(NODE0) | ep_epoch0(NODE1) | NODE0 = NODE1","8","-----0----1---1-1-1-------------","6","80","2","0110300020"
"412","forall NODE0,NODE1. ~held(NODE0) | ~locked_epoch1(NODE0) | ~locked_epoch2(NODE0) | ep_epoch0(NODE1) | ep_epoch3(NODE1) | NODE0 = NODE1","8","-----0--0-1---1-1---------------","6","90","7","0210200020"
"413","forall NODE0,NODE1. ~held(NODE0) | ~locked_epoch1(NODE0) | ~locked_epoch2(NODE0) | ep_epoch0(NODE1) | ep_epoch4(NODE0) | NODE0 = NODE1","8","----00----1---1-1---------------","6","90","7","0210200020"
"414","forall NODE0,NODE1. ~held(NODE0) | ~locked_epoch1(NODE0) | ~locked_epoch2(NODE0) | ep_epoch0(NODE1) | locked_epoch3(NODE1) | NODE0 = NODE1","8","-----0----1---1-1--0------------","6","79","8","0110210020"
"415","forall NODE0,NODE1. ~held(NODE0) | ~locked_epoch1(NODE0) | ~locked_epoch2(NODE0) | ep_epoch0(NODE1) | locked_epoch4(NODE0) | NODE0 = NODE1","8","-----0----1---1-1---0-----------","6","79","8","0110210020"
"416","forall NODE0,NODE1. ~held(NODE0) | ~locked_epoch1(NODE0) | ~locked_epoch3(NODE0) | ep_epoch0(NODE1) | ep_epoch2(NODE1) | NODE0 = NODE1","8","-----0-0--1---1---1-------------","6","90","7","0210200020"
"417","forall NODE0,NODE1. ~held(NODE0) | ~locked_epoch1(NODE0) | ~locked_epoch3(NODE0) | ep_epoch0(NODE1) | locked_epoch2(NODE1) | NODE0 = NODE1","8","-----0----1---1--01-------------","6","79","8","0110210020"
"418","forall NODE0,NODE1. ~held(NODE0) | ~locked_epoch1(NODE0) | ep_epoch0(NODE1) | ep_epoch2(NODE1) | ep_epoch3(NODE1) | NODE0 = NODE1","8","-----0-00-1---1-----------------","6","96","10","0310100020"
"419","forall NODE0,NODE1. ~held(NODE0) | ~locked_epoch1(NODE0) | ep_epoch0(NODE1) | ep_epoch2(NODE1) | ep_epoch4(NODE0) | NODE0 = NODE1","8","----00-0--1---1-----------------","6","96","10","0310100020"
"420","forall NODE0,NODE1. ~held(NODE0) | ~locked_epoch1(NODE0) | ep_epoch0(NODE1) | ep_epoch2(NODE1) | locked_epoch3(NODE1) | NODE0 = NODE1","8","-----0-0--1---1----0------------","6","89","29","0210110020"
"421","forall NODE0,NODE1. ~held(NODE0) | ~locked_epoch1(NODE0) | ep_epoch0(NODE1) | ep_epoch2(NODE1) | locked_epoch4(NODE0) | NODE0 = NODE1","8","-----0-0--1---1-----0-----------","6","89","29","0210110020"
"422","forall NODE0,NODE1. ~held(NODE0) | ~locked_epoch1(NODE0) | ep_epoch0(NODE1) | ep_epoch3(NODE0) | ep_epoch4(NODE0) | NODE0 = NODE1","8","---000----1---1-----------------","6","96","10","0310100020"
"423","forall NODE0,NODE1. ~held(NODE0) | ~locked_epoch1(NODE0) | ep_epoch0(NODE1) | ep_epoch3(NODE0) | locked_epoch4(NODE0) | NODE0 = NODE1","8","---0-0----1---1-----0-----------","6","89","29","0210110020"
"424","forall NODE0,NODE1. ~held(NODE0) | ~locked_epoch1(NODE0) | ep_epoch0(NODE1) | ep_epoch3(NODE1) | locked_epoch2(NODE1) | NODE0 = NODE1","8","-----0--0-1---1--0--------------","6","89","29","0210110020"
"425","forall NODE0,NODE1. ~held(NODE0) | ~locked_epoch1(NODE0) | ep_epoch0(NODE1) | ep_epoch3(NODE1) | locked_epoch3(NODE0) | NODE0 = NODE1","8","-----0--0-1---1---0-------------","6","89","29","0210110020"
"426","forall NODE0,NODE1. ~held(NODE0) | ~locked_epoch1(NODE0) | ep_epoch0(NODE1) | ep_epoch4(NODE0) | locked_epoch2(NODE1) | NODE0 = NODE1","8","----00----1---1--0--------------","6","89","29","0210110020"
"427","forall NODE0,NODE1. ~held(NODE0) | ~locked_epoch1(NODE0) | ep_epoch0(NODE1) | ep_epoch4(NODE0) | locked_epoch3(NODE0) | NODE0 = NODE1","8","----00----1---1---0-------------","6","89","29","0210110020"
"428","forall NODE0,NODE1. ~held(NODE0) | ~locked_epoch1(NODE0) | ep_epoch0(NODE1) | locked_epoch2(NODE1) | locked_epoch3(NODE1) | NODE0 = NODE1","8","-----0----1---1--0-0------------","6","78","21","0110120020"
"429","forall NODE0,NODE1. ~held(NODE0) | ~locked_epoch1(NODE0) | ep_epoch0(NODE1) | locked_epoch2(NODE1) | locked_epoch4(NODE0) | NODE0 = NODE1","8","-----0----1---1--0--0-----------","6","78","21","0110120020"
"430","forall NODE0,NODE1. ~held(NODE0) | ~locked_epoch1(NODE0) | ep_epoch0(NODE1) | locked_epoch3(NODE0) | locked_epoch3(NODE1) | NODE0 = NODE1","8","-----0----1---1---00------------","6","78","21","0110120020"
"431","forall NODE0,NODE1. ~held(NODE0) | ~locked_epoch1(NODE0) | ep_epoch0(NODE1) | locked_epoch3(NODE0) | locked_epoch4(NODE0) | NODE0 = NODE1","8","-----0----1---1---0-0-----------","6","78","21","0110120020"
"432","forall NODE0,NODE1. ~held(NODE0) | ~locked_epoch1(NODE1) | ~locked_epoch2(NODE0) | ~locked_epoch3(NODE0) | ep_epoch1(NODE1) | NODE0 = NODE1","8","------0---1----11-1-------------","6","80","2","0110300020"
"433","forall NODE0,NODE1. ~held(NODE0) | ~locked_epoch1(NODE1) | ~locked_epoch2(NODE0) | ep_epoch1(NODE1) | ep_epoch3(NODE1) | NODE0 = NODE1","8","------0-0-1----11---------------","6","90","7","0210200020"
"434","forall NODE0,NODE1. ~held(NODE0) | ~locked_epoch1(NODE1) | ~locked_epoch2(NODE0) | ep_epoch1(NODE1) | ep_epoch4(NODE0) | NODE0 = NODE1","8","----0-0---1----11---------------","6","90","7","0210200020"
"435","forall NODE0,NODE1. ~held(NODE0) | ~locked_epoch1(NODE1) | ~locked_epoch2(NODE0) | ep_epoch1(NODE1) | locked_epoch3(NODE1) | NODE0 = NODE1","8","------0---1----11--0------------","6","79","8","0110210020"
"436","forall NODE0,NODE1. ~held(NODE0) | ~locked_epoch1(NODE1) | ~locked_epoch2(NODE0) | ep_epoch1(NODE1) | locked_epoch4(NODE0) | NODE0 = NODE1","8","------0---1----11---0-----------","6","79","8","0110210020"
"437","forall NODE0,NODE1. ~held(NODE0) | ~locked_epoch1(NODE1) | ~locked_epoch3(NODE0) | ep_epoch1(NODE1) | ep_epoch2(NODE1) | NODE0 = NODE1","8","------00--1----1--1-------------","6","90","7","0210200020"
"438","forall NODE0,NODE1. ~held(NODE0) | ~locked_epoch1(NODE1) | ~locked_epoch3(NODE0) | ep_epoch1(NODE1) | locked_epoch2(NODE1) | NODE0 = NODE1","8","------0---1----1-01-------------","6","79","8","0110210020"
"439","forall NODE0,NODE1. ~held(NODE0) | ~locked_epoch1(NODE1) | ep_epoch1(NODE1) | ep_epoch2(NODE1) | ep_epoch3(NODE1) | NODE0 = NODE1","8","------000-1----1----------------","6","96","10","0310100020"
"440","forall NODE0,NODE1. ~held(NODE0) | ~locked_epoch1(NODE1) | ep_epoch1(NODE1) | ep_epoch2(NODE1) | ep_epoch4(NODE0) | NODE0 = NODE1","8","----0-00--1----1----------------","6","96","10","0310100020"
"441","forall NODE0,NODE1. ~held(NODE0) | ~locked_epoch1(NODE1) | ep_epoch1(NODE1) | ep_epoch2(NODE1) | locked_epoch3(NODE1) | NODE0 = NODE1","8","------00--1----1---0------------","6","89","29","0210110020"
"442","forall NODE0,NODE1. ~held(NODE0) | ~locked_epoch1(NODE1) | ep_epoch1(NODE1) | ep_epoch2(NODE1) | locked_epoch4(NODE0) | NODE0 = NODE1","8","------00--1----1----0-----------","6","89","29","0210110020"
"443","forall NODE0,NODE1. ~held(NODE0) | ~locked_epoch1(NODE1) | ep_epoch1(NODE1) | ep_epoch3(NODE0) | ep_epoch4(NODE0) | NODE0 = NODE1","8","---00-0---1----1----------------","6","96","10","0310100020"
"444","forall NODE0,NODE1. ~held(NODE0) | ~locked_epoch1(NODE1) | ep_epoch1(NODE1) | ep_epoch3(NODE0) | locked_epoch4(NODE0) | NODE0 = NODE1","8","---0--0---1----1----0-----------","6","89","29","0210110020"
"445","forall NODE0,NODE1. ~held(NODE0) | ~locked_epoch1(NODE1) | ep_epoch1(NODE1) | ep_epoch3(NODE1) | locked_epoch2(NODE1) | NODE0 = NODE1","8","------0-0-1----1-0--------------","6","89","29","0210110020"
"446","forall NODE0,NODE1. ~held(NODE0) | ~locked_epoch1(NODE1) | ep_epoch1(NODE1) | ep_epoch3(NODE1) | locked_epoch3(NODE0) | NODE0 = NODE1","8","------0-0-1----1--0-------------","6","89","29","0210110020"
"447","forall NODE0,NODE1. ~held(NODE0) | ~locked_epoch1(NODE1) | ep_epoch1(NODE1) | ep_epoch4(NODE0) | locked_epoch2(NODE1) | NODE0 = NODE1","8","----0-0---1----1-0--------------","6","89","29","0210110020"
"448","forall NODE0,NODE1. ~held(NODE0) | ~locked_epoch1(NODE1) | ep_epoch1(NODE1) | ep_epoch4(NODE0) | locked_epoch3(NODE0) | NODE0 = NODE1","8","----0-0---1----1--0-------------","6","89","29","0210110020"
"449","forall NODE0,NODE1. ~held(NODE0) | ~locked_epoch1(NODE1) | ep_epoch1(NODE1) | locked_epoch2(NODE1) | locked_epoch3(NODE1) | NODE0 = NODE1","8","------0---1----1-0-0------------","6","78","21","0110120020"
"450","forall NODE0,NODE1. ~held(NODE0) | ~locked_epoch1(NODE1) | ep_epoch1(NODE1) | locked_epoch2(NODE1) | locked_epoch4(NODE0) | NODE0 = NODE1","8","------0---1----1-0--0-----------","6","78","21","0110120020"
"451","forall NODE0,NODE1. ~held(NODE0) | ~locked_epoch1(NODE1) | ep_epoch1(NODE1) | locked_epoch3(NODE0) | locked_epoch3(NODE1) | NODE0 = NODE1","8","------0---1----1--00------------","6","78","21","0110120020"
"452","forall NODE0,NODE1. ~held(NODE0) | ~locked_epoch1(NODE1) | ep_epoch1(NODE1) | locked_epoch3(NODE0) | locked_epoch4(NODE0) | NODE0 = NODE1","8","------0---1----1--0-0-----------","6","78","21","0110120020"
"453","forall NODE0,NODE1. ~held(NODE0) | ~locked_epoch1(NODE1) | ep_epoch2(NODE0) | ep_epoch3(NODE0) | ep_epoch4(NODE0) | NODE0 = NODE1","8","--000-----1----1----------------","6","96","10","0310100020"
"454","forall NODE0,NODE1. ~held(NODE0) | ~locked_epoch1(NODE1) | ep_epoch2(NODE0) | ep_epoch3(NODE0) | locked_epoch4(NODE0) | NODE0 = NODE1","8","--00------1----1----0-----------","6","89","29","0210110020"
"455","forall NODE0,NODE1. ~held(NODE0) | ~locked_epoch1(NODE1) | ep_epoch2(NODE0) | ep_epoch3(NODE1) | locked_epoch3(NODE0) | NODE0 = NODE1","8","--0-----0-1----1--0-------------","6","89","29","0210110020"
"456","forall NODE0,NODE1. ~held(NODE0) | ~locked_epoch1(NODE1) | ep_epoch2(NODE0) | ep_epoch4(NODE0) | locked_epoch3(NODE0) | NODE0 = NODE1","8","--0-0-----1----1--0-------------","6","89","29","0210110020"
"457","forall NODE0,NODE1. ~held(NODE0) | ~locked_epoch1(NODE1) | ep_epoch2(NODE0) | locked_epoch3(NODE0) | locked_epoch3(NODE1) | NODE0 = NODE1","8","--0-------1----1--00------------","6","78","21","0110120020"
"458","forall NODE0,NODE1. ~held(NODE0) | ~locked_epoch1(NODE1) | ep_epoch2(NODE0) | locked_epoch3(NODE0) | locked_epoch4(NODE0) | NODE0 = NODE1","8","--0-------1----1--0-0-----------","6","78","21","0110120020"
"459","forall NODE0,NODE1. ~held(NODE0) | ~locked_epoch1(NODE1) | ep_epoch2(NODE1) | ep_epoch3(NODE1) | locked_epoch2(NODE0) | NODE0 = NODE1","8","-------00-1----10---------------","6","89","29","0210110020"
"460","forall NODE0,NODE1. ~held(NODE0) | ~locked_epoch1(NODE1) | ep_epoch2(NODE1) | ep_epoch4(NODE0) | locked_epoch2(NODE0) | NODE0 = NODE1","8","----0--0--1----10---------------","6","89","29","0210110020"
"461","forall NODE0,NODE1. ~held(NODE0) | ~locked_epoch1(NODE1) | ep_epoch2(NODE1) | locked_epoch2(NODE0) | locked_epoch3(NODE1) | NODE0 = NODE1","8","-------0--1----10--0------------","6","78","21","0110120020"
"462","forall NODE0,NODE1. ~held(NODE0) | ~locked_epoch1(NODE1) | ep_epoch2(NODE1) | locked_epoch2(NODE0) | locked_epoch4(NODE0) | NODE0 = NODE1","8","-------0--1----10---0-----------","6","78","21","0110120020"
"463","forall NODE0,NODE1. ~held(NODE0) | ~locked_epoch1(NODE1) | ep_epoch3(NODE0) | ep_epoch4(NODE0) | locked_epoch2(NODE0) | NODE0 = NODE1","8","---00-----1----10---------------","6","89","29","0210110020"
"464","forall NODE0,NODE1. ~held(NODE0) | ~locked_epoch1(NODE1) | ep_epoch3(NODE0) | locked_epoch2(NODE0) | locked_epoch4(NODE0) | NODE0 = NODE1","8","---0------1----10---0-----------","6","78","21","0110120020"
"465","forall NODE0,NODE1. ~held(NODE0) | ~locked_epoch1(NODE1) | ep_epoch3(NODE1) | locked_epoch2(NODE0) | locked_epoch3(NODE0) | NODE0 = NODE1","8","--------0-1----10-0-------------","6","78","21","0110120020"
"466","forall NODE0,NODE1. ~held(NODE0) | ~locked_epoch1(NODE1) | ep_epoch4(NODE0) | locked_epoch2(NODE0) | locked_epoch3(NODE0) | NODE0 = NODE1","8","----0-----1----10-0-------------","6","78","21","0110120020"
"467","forall NODE0,NODE1. ~held(NODE0) | ~locked_epoch1(NODE1) | locked_epoch2(NODE0) | locked_epoch3(NODE0) | locked_epoch3(NODE1) | NODE0 = NODE1","8","----------1----10-00------------","6","68","2","0010130020"
"468","forall NODE0,NODE1. ~held(NODE0) | ~locked_epoch1(NODE1) | locked_epoch2(NODE0) | locked_epoch3(NODE0) | locked_epoch4(NODE0) | NODE0 = NODE1","8","----------1----10-0-0-----------","6","68","2","0010130020"
"469","forall NODE0,NODE1. ~held(NODE0) | ~locked_epoch2(NODE0) | ~locked_epoch3(NODE0) | ep_epoch0(NODE1) | ep_epoch1(NODE1) | NODE0 = NODE1","8","-----00---1-----1-1-------------","6","90","7","0210200020"
"470","forall NODE0,NODE1. ~held(NODE0) | ~locked_epoch2(NODE0) | ~locked_epoch3(NODE0) | ep_epoch0(NODE1) | locked_epoch1(NODE1) | NODE0 = NODE1","8","-----0----1----01-1-------------","6","79","8","0110210020"
"471","forall NODE0,NODE1. ~held(NODE0) | ~locked_epoch2(NODE0) | ~locked_epoch3(NODE0) | ep_epoch1(NODE1) | locked_epoch1(NODE0) | NODE0 = NODE1","8","------0---1---0-1-1-------------","6","79","8","0110210020"
"472","forall NODE0,NODE1. ~held(NODE0) | ~locked_epoch2(NODE0) | ep_epoch0(NODE1) | ep_epoch1(NODE1) | ep_epoch3(NODE1) | NODE0 = NODE1","8","-----00-0-1-----1---------------","6","96","10","0310100020"
"473","forall NODE0,NODE1. ~held(NODE0) | ~locked_epoch2(NODE0) | ep_epoch0(NODE1) | ep_epoch1(NODE1) | ep_epoch4(NODE0) | NODE0 = NODE1","8","----000---1-----1---------------","6","96","10","0310100020"
"474","forall NODE0,NODE1. ~held(NODE0) | ~locked_epoch2(NODE0) | ep_epoch0(NODE1) | ep_epoch1(NODE1) | locked_epoch3(NODE1) | NODE0 = NODE1","8","-----00---1-----1--0------------","6","89","29","0210110020"
"475","forall NODE0,NODE1. ~held(NODE0) | ~locked_epoch2(NODE0) | ep_epoch0(NODE1) | ep_epoch1(NODE1) | locked_epoch4(NODE0) | NODE0 = NODE1","8","-----00---1-----1---0-----------","6","89","29","0210110020"
"476","forall NODE0,NODE1. ~held(NODE0) | ~locked_epoch2(NODE0) | ep_epoch0(NODE1) | ep_epoch3(NODE1) | locked_epoch1(NODE1) | NODE0 = NODE1","8","-----0--0-1----01---------------","6","89","29","0210110020"
"477","forall NODE0,NODE1. ~held(NODE0) | ~locked_epoch2(NODE0) | ep_epoch0(NODE1) | ep_epoch4(NODE0) | locked_epoch1(NODE1) | NODE0 = NODE1","8","----00----1----01---------------","6","89","29","0210110020"
"478","forall NODE0,NODE1. ~held(NODE0) | ~locked_epoch2(NODE0) | ep_epoch0(NODE1) | locked_epoch1(NODE1) | locked_epoch3(NODE1) | NODE0 = NODE1","8","-----0----1----01--0------------","6","78","21","0110120020"
"479","forall NODE0,NODE1. ~held(NODE0) | ~locked_epoch2(NODE0) | ep_epoch0(NODE1) | locked_epoch1(NODE1) | locked_epoch4(NODE0) | NODE0 = NODE1","8","-----0----1----01---0-----------","6","78","21","0110120020"
"480","forall NODE0,NODE1. ~held(NODE0) | ~locked_epoch2(NODE0) | ep_epoch1(NODE1) | ep_epoch3(NODE1) | locked_epoch1(NODE0) | NODE0 = NODE1","8","------0-0-1---0-1---------------","6","89","29","0210110020"
"481","forall NODE0,NODE1. ~held(NODE0) | ~locked_epoch2(NODE0) | ep_epoch1(NODE1) | ep_epoch4(NODE0) | locked_epoch1(NODE0) | NODE0 = NODE1","8","----0-0---1---0-1---------------","6","89","29","0210110020"
"482","forall NODE0,NODE1. ~held(NODE0) | ~locked_epoch2(NODE0) | ep_epoch1(NODE1) | locked_epoch1(NODE0) | locked_epoch3(NODE1) | NODE0 = NODE1","8","------0---1---0-1--0------------","6","78","21","0110120020"
"483","forall NODE0,NODE1. ~held(NODE0) | ~locked_epoch2(NODE0) | ep_epoch1(NODE1) | locked_epoch1(NODE0) | locked_epoch4(NODE0) | NODE0 = NODE1","8","------0---1---0-1---0-----------","6","78","21","0110120020"
"484","forall NODE0,NODE1. ~held(NODE0) | ~locked_epoch3(NODE0) | ep_epoch0(NODE1) | ep_epoch1(NODE1) | ep_epoch2(NODE1) | NODE0 = NODE1","8","-----000--1-------1-------------","6","96","10","0310100020"
"485","forall NODE0,NODE1. ~held(NODE0) | ~locked_epoch3(NODE0) | ep_epoch0(NODE1) | ep_epoch1(NODE1) | locked_epoch2(NODE1) | NODE0 = NODE1","8","-----00---1------01-------------","6","89","29","0210110020"
"486","forall NODE0,NODE1. ~held(NODE0) | ~locked_epoch3(NODE0) | ep_epoch0(NODE1) | ep_epoch2(NODE1) | locked_epoch1(NODE1) | NODE0 = NODE1","8","-----0-0--1----0--1-------------","6","89","29","0210110020"
"487","forall NODE0,NODE1. ~held(NODE0) | ~locked_epoch3(NODE0) | ep_epoch0(NODE1) | locked_epoch1(NODE1) | locked_epoch2(NODE1) | NODE0 = NODE1","8","-----0----1----0-01-------------","6","78","21","0110120020"
"488","forall NODE0,NODE1. ~held(NODE0) | ~locked_epoch3(NODE0) | ep_epoch1(NODE1) | ep_epoch2(NODE1) | locked_epoch1(NODE0) | NODE0 = NODE1","8","------00--1---0---1-------------","6","89","29","0210110020"
"489","forall NODE0,NODE1. ~held(NODE0) | ~locked_epoch3(NODE0) | ep_epoch1(NODE1) | locked_epoch1(NODE0) | locked_epoch2(NODE1) | NODE0 = NODE1","8","------0---1---0--01-------------","6","78","21","0110120020"
"490","forall NODE0,NODE1. ~held(NODE0) | ep_epoch0(NODE1) | ep_epoch1(NODE1) | ep_epoch2(NODE1) | ep_epoch3(NODE1) | NODE0 = NODE1","8","-----0000-1---------------------","6","100","4","0410000020"
"491","forall NODE0,NODE1. ~held(NODE0) | ep_epoch0(NODE1) | ep_epoch1(NODE1) | ep_epoch2(NODE1) | ep_epoch4(NODE0) | NODE0 = NODE1","8","----0000--1---------------------","6","100","4","0410000020"
"492","forall NODE0,NODE1. ~held(NODE0) | ep_epoch0(NODE1) | ep_epoch1(NODE1) | ep_epoch2(NODE1) | locked_epoch3(NODE1) | NODE0 = NODE1","8","-----000--1--------0------------","6","95","22","0310010020"
"493","forall NODE0,NODE1. ~held(NODE0) | ep_epoch0(NODE1) | ep_epoch1(NODE1) | ep_epoch2(NODE1) | locked_epoch4(NODE0) | NODE0 = NODE1","8","-----000--1---------0-----------","6","95","22","0310010020"
"494","forall NODE0,NODE1. ~held(NODE0) | ep_epoch0(NODE1) | ep_epoch1(NODE1) | ep_epoch3(NODE0) | ep_epoch4(NODE0) | NODE0 = NODE1","8","---0000---1---------------------","6","100","4","0410000020"
"495","forall NODE0,NODE1. ~held(NODE0) | ep_epoch0(NODE1) | ep_epoch1(NODE1) | ep_epoch3(NODE0) | locked_epoch4(NODE0) | NODE0 = NODE1","8","---0-00---1---------0-----------","6","95","22","0310010020"
"496","forall NODE0,NODE1. ~held(NODE0) | ep_epoch0(NODE1) | ep_epoch1(NODE1) | ep_epoch3(NODE1) | locked_epoch2(NODE1) | NODE0 = NODE1","8","-----00-0-1------0--------------","6","95","22","0310010020"
"497","forall NODE0,NODE1. ~held(NODE0) | ep_epoch0(NODE1) | ep_epoch1(NODE1) | ep_epoch3(NODE1) | locked_epoch3(NODE0) | NODE0 = NODE1","8","-----00-0-1-------0-------------","6","95","22","0310010020"
"498","forall NODE0,NODE1. ~held(NODE0) | ep_epoch0(NODE1) | ep_epoch1(NODE1) | ep_epoch4(NODE0) | locked_epoch2(NODE1) | NODE0 = NODE1","8","----000---1------0--------------","6","95","22","0310010020"
"499","forall NODE0,NODE1. ~held(NODE0) | ep_epoch0(NODE1) | ep_epoch1(NODE1) | ep_epoch4(NODE0) | locked_epoch3(NODE0) | NODE0 = NODE1","8","----000---1-------0-------------","6","95","22","0310010020"
"500","forall NODE0,NODE1. ~held(NODE0) | ep_epoch0(NODE1) | ep_epoch1(NODE1) | locked_epoch2(NODE1) | locked_epoch3(NODE1) | NODE0 = NODE1","8","-----00---1------0-0------------","6","88","32","0210020020"
"501","forall NODE0,NODE1. ~held(NODE0) | ep_epoch0(NODE1) | ep_epoch1(NODE1) | locked_epoch2(NODE1) | locked_epoch4(NODE0) | NODE0 = NODE1","8","-----00---1------0--0-----------","6","88","32","0210020020"
"502","forall NODE0,NODE1. ~held(NODE0) | ep_epoch0(NODE1) | ep_epoch1(NODE1) | locked_epoch3(NODE0) | locked_epoch3(NODE1) | NODE0 = NODE1","8","-----00---1-------00------------","6","88","32","0210020020"
"503","forall NODE0,NODE1. ~held(NODE0) | ep_epoch0(NODE1) | ep_epoch1(NODE1) | locked_epoch3(NODE0) | locked_epoch4(NODE0) | NODE0 = NODE1","8","-----00---1-------0-0-----------","6","88","32","0210020020"
"504","forall NODE0,NODE1. ~held(NODE0) | ep_epoch0(NODE1) | ep_epoch2(NODE0) | ep_epoch3(NODE0) | ep_epoch4(NODE0) | NODE0 = NODE1","8","--0000----1---------------------","6","100","4","0410000020"
"505","forall NODE0,NODE1. ~held(NODE0) | ep_epoch0(NODE1) | ep_epoch2(NODE0) | ep_epoch3(NODE0) | locked_epoch4(NODE0) | NODE0 = NODE1","8","--00-0----1---------0-----------","6","95","22","0310010020"
"506","forall NODE0,NODE1. ~held(NODE0) | ep_epoch0(NODE1) | ep_epoch2(NODE0) | ep_epoch3(NODE1) | locked_epoch3(NODE0) | NODE0 = NODE1","8","--0--0--0-1-------0-------------","6","95","22","0310010020"
"507","forall NODE0,NODE1. ~held(NODE0) | ep_epoch0(NODE1) | ep_epoch2(NODE0) | ep_epoch4(NODE0) | locked_epoch3(NODE0) | NODE0 = NODE1","8","--0-00----1-------0-------------","6","95","22","0310010020"
"508","forall NODE0,NODE1. ~held(NODE0) | ep_epoch0(NODE1) | ep_epoch2(NODE0) | locked_epoch3(NODE0) | locked_epoch3(NODE1) | NODE0 = NODE1","8","--0--0----1-------00------------","6","88","32","0210020020"
"509","forall NODE0,NODE1. ~held(NODE0) | ep_epoch0(NODE1) | ep_epoch2(NODE0) | locked_epoch3(NODE0) | locked_epoch4(NODE0) | NODE0 = NODE1","8","--0--0----1-------0-0-----------","6","88","32","0210020020"
"510","forall NODE0,NODE1. ~held(NODE0) | ep_epoch0(NODE1) | ep_epoch2(NODE1) | ep_epoch3(NODE1) | locked_epoch1(NODE1) | NODE0 = NODE1","8","-----0-00-1----0----------------","6","95","22","0310010020"
"511","forall NODE0,NODE1. ~held(NODE0) | ep_epoch0(NODE1) | ep_epoch2(NODE1) | ep_epoch3(NODE1) | locked_epoch2(NODE0) | NODE0 = NODE1","8","-----0-00-1-----0---------------","6","95","22","0310010020"
"512","forall NODE0,NODE1. ~held(NODE0) | ep_epoch0(NODE1) | ep_epoch2(NODE1) | ep_epoch4(NODE0) | locked_epoch1(NODE1) | NODE0 = NODE1","8","----00-0--1----0----------------","6","95","22","0310010020"
"513","forall NODE0,NODE1. ~held(NODE0) | ep_epoch0(NODE1) | ep_epoch2(NODE1) | ep_epoch4(NODE0) | locked_epoch2(NODE0) | NODE0 = NODE1","8","----00-0--1-----0---------------","6","95","22","0310010020"
"514","forall NODE0,NODE1. ~held(NODE0) | ep_epoch0(NODE1) | ep_epoch2(NODE1) | locked_epoch1(NODE1) | locked_epoch3(NODE1) | NODE0 = NODE1","8","-----0-0--1----0---0------------","6","88","32","0210020020"
"515","forall NODE0,NODE1. ~held(NODE0) | ep_epoch0(NODE1) | ep_epoch2(NODE1) | locked_epoch1(NODE1) | locked_epoch4(NODE0) | NODE0 = NODE1","8","-----0-0--1----0----0-----------","6","88","32","0210020020"
"516","forall NODE0,NODE1. ~held(NODE0) | ep_epoch0(NODE1) | ep_epoch2(NODE1) | locked_epoch2(NODE0) | locked_epoch3(NODE1) | NODE0 = NODE1","8","-----0-0--1-----0--0------------","6","88","32","0210020020"
"517","forall NODE0,NODE1. ~held(NODE0) | ep_epoch0(NODE1) | ep_epoch2(NODE1) | locked_epoch2(NODE0) | locked_epoch4(NODE0) | NODE0 = NODE1","8","-----0-0--1-----0---0-----------","6","88","32","0210020020"
"518","forall NODE0,NODE1. ~held(NODE0) | ep_epoch0(NODE1) | ep_epoch3(NODE0) | ep_epoch4(NODE0) | locked_epoch1(NODE1) | NODE0 = NODE1","8","---000----1----0----------------","6","95","22","0310010020"
"519","forall NODE0,NODE1. ~held(NODE0) | ep_epoch0(NODE1) | ep_epoch3(NODE0) | ep_epoch4(NODE0) | locked_epoch2(NODE0) | NODE0 = NODE1","8","---000----1-----0---------------","6","95","22","0310010020"
"520","forall NODE0,NODE1. ~held(NODE0) | ep_epoch0(NODE1) | ep_epoch3(NODE0) | locked_epoch1(NODE1) | locked_epoch4(NODE0) | NODE0 = NODE1","8","---0-0----1----0----0-----------","6","88","32","0210020020"
"521","forall NODE0,NODE1. ~held(NODE0) | ep_epoch0(NODE1) | ep_epoch3(NODE0) | locked_epoch2(NODE0) | locked_epoch4(NODE0) | NODE0 = NODE1","8","---0-0----1-----0---0-----------","6","88","32","0210020020"
"522","forall NODE0,NODE1. ~held(NODE0) | ep_epoch0(NODE1) | ep_epoch3(NODE1) | locked_epoch1(NODE1) | locked_epoch2(NODE1) | NODE0 = NODE1","8","-----0--0-1----0-0--------------","6","88","32","0210020020"
"523","forall NODE0,NODE1. ~held(NODE0) | ep_epoch0(NODE1) | ep_epoch3(NODE1) | locked_epoch1(NODE1) | locked_epoch3(NODE0) | NODE0 = NODE1","8","-----0--0-1----0--0-------------","6","88","32","0210020020"
"524","forall NODE0,NODE1. ~held(NODE0) | ep_epoch0(NODE1) | ep_epoch3(NODE1) | locked_epoch2(NODE0) | locked_epoch3(NODE0) | NODE0 = NODE1","8","-----0--0-1-----0-0-------------","6","88","32","0210020020"
"525","forall NODE0,NODE1. ~held(NODE0) | ep_epoch0(NODE1) | ep_epoch4(NODE0) | locked_epoch1(NODE1) | locked_epoch2(NODE1) | NODE0 = NODE1","8","----00----1----0-0--------------","6","88","32","0210020020"
"526","forall NODE0,NODE1. ~held(NODE0) | ep_epoch0(NODE1) | ep_epoch4(NODE0) | locked_epoch1(NODE1) | locked_epoch3(NODE0) | NODE0 = NODE1","8","----00----1----0--0-------------","6","88","32","0210020020"
"527","forall NODE0,NODE1. ~held(NODE0) | ep_epoch0(NODE1) | ep_epoch4(NODE0) | locked_epoch2(NODE0) | locked_epoch3(NODE0) | NODE0 = NODE1","8","----00----1-----0-0-------------","6","88","32","0210020020"
"528","forall NODE0,NODE1. ~held(NODE0) | ep_epoch0(NODE1) | locked_epoch1(NODE1) | locked_epoch2(NODE1) | locked_epoch3(NODE1) | NODE0 = NODE1","8","-----0----1----0-0-0------------","6","77","15","0110030020"
"529","forall NODE0,NODE1. ~held(NODE0) | ep_epoch0(NODE1) | locked_epoch1(NODE1) | locked_epoch2(NODE1) | locked_epoch4(NODE0) | NODE0 = NODE1","8","-----0----1----0-0--0-----------","6","77","15","0110030020"
"530","forall NODE0,NODE1. ~held(NODE0) | ep_epoch0(NODE1) | locked_epoch1(NODE1) | locked_epoch3(NODE0) | locked_epoch3(NODE1) | NODE0 = NODE1","8","-----0----1----0--00------------","6","77","15","0110030020"
"531","forall NODE0,NODE1. ~held(NODE0) | ep_epoch0(NODE1) | locked_epoch1(NODE1) | locked_epoch3(NODE0) | locked_epoch4(NODE0) | NODE0 = NODE1","8","-----0----1----0--0-0-----------","6","77","15","0110030020"
"532","forall NODE0,NODE1. ~held(NODE0) | ep_epoch0(NODE1) | locked_epoch2(NODE0) | locked_epoch3(NODE0) | locked_epoch3(NODE1) | NODE0 = NODE1","8","-----0----1-----0-00------------","6","77","15","0110030020"
"533","forall NODE0,NODE1. ~held(NODE0) | ep_epoch0(NODE1) | locked_epoch2(NODE0) | locked_epoch3(NODE0) | locked_epoch4(NODE0) | NODE0 = NODE1","8","-----0----1-----0-0-0-----------","6","77","15","0110030020"
"534","forall NODE0. ~held(NODE0) | ep_epoch1(NODE0) | ep_epoch2(NODE0) | ep_epoch3(NODE0) | ep_epoch4(NODE0)","6","-0000-----1---------------------","5","0","101","0410000010"
"535","forall NODE0. ~held(NODE0) | ep_epoch1(NODE0) | ep_epoch2(NODE0) | ep_epoch3(NODE0) | locked_epoch4(NODE0)","6","-000------1---------0-----------","5","39","4","0310010010"
"536","forall NODE0,NODE1. ~held(NODE0) | ep_epoch1(NODE0) | ep_epoch2(NODE0) | ep_epoch3(NODE1) | locked_epoch3(NODE0) | NODE0 = NODE1","8","-00-----0-1-------0-------------","6","95","22","0310010020"
"537","forall NODE0. ~held(NODE0) | ep_epoch1(NODE0) | ep_epoch2(NODE0) | ep_epoch4(NODE0) | locked_epoch3(NODE0)","6","-00-0-----1-------0-------------","5","39","4","0310010010"
"538","forall NODE0,NODE1. ~held(NODE0) | ep_epoch1(NODE0) | ep_epoch2(NODE0) | locked_epoch3(NODE0) | locked_epoch3(NODE1) | NODE0 = NODE1","8","-00-------1-------00------------","6","88","32","0210020020"
"539","forall NODE0. ~held(NODE0) | ep_epoch1(NODE0) | ep_epoch2(NODE0) | locked_epoch3(NODE0) | locked_epoch4(NODE0)","6","-00-------1-------0-0-----------","5","35","6","0210020010"
"540","forall NODE0,NODE1. ~held(NODE0) | ep_epoch1(NODE0) | ep_epoch2(NODE1) | ep_epoch3(NODE1) | locked_epoch2(NODE0) | NODE0 = NODE1","8","-0-----00-1-----0---------------","6","95","22","0310010020"
"541","forall NODE0,NODE1. ~held(NODE0) | ep_epoch1(NODE0) | ep_epoch2(NODE1) | ep_epoch4(NODE0) | locked_epoch2(NODE0) | NODE0 = NODE1","8","-0--0--0--1-----0---------------","6","95","22","0310010020"
"542","forall NODE0,NODE1. ~held(NODE0) | ep_epoch1(NODE0) | ep_epoch2(NODE1) | locked_epoch2(NODE0) | locked_epoch3(NODE1) | NODE0 = NODE1","8","-0-----0--1-----0--0------------","6","88","32","0210020020"
"543","forall NODE0,NODE1. ~held(NODE0) | ep_epoch1(NODE0) | ep_epoch2(NODE1) | locked_epoch2(NODE0) | locked_epoch4(NODE0) | NODE0 = NODE1","8","-0-----0--1-----0---0-----------","6","88","32","0210020020"
"544","forall NODE0. ~held(NODE0) | ep_epoch1(NODE0) | ep_epoch3(NODE0) | ep_epoch4(NODE0) | locked_epoch2(NODE0)","6","-0-00-----1-----0---------------","5","39","4","0310010010"
"545","forall NODE0. ~held(NODE0) | ep_epoch1(NODE0) | ep_epoch3(NODE0) | locked_epoch2(NODE0) | locked_epoch4(NODE0)","6","-0-0------1-----0---0-----------","5","35","6","0210020010"
"546","forall NODE0,NODE1. ~held(NODE0) | ep_epoch1(NODE0) | ep_epoch3(NODE1) | locked_epoch2(NODE0) | locked_epoch3(NODE0) | NODE0 = NODE1","8","-0------0-1-----0-0-------------","6","88","32","0210020020"
"547","forall NODE0. ~held(NODE0) | ep_epoch1(NODE0) | ep_epoch4(NODE0) | locked_epoch2(NODE0) | locked_epoch3(NODE0)","6","-0--0-----1-----0-0-------------","5","35","6","0210020010"
"548","forall NODE0,NODE1. ~held(NODE0) | ep_epoch1(NODE0) | locked_epoch2(NODE0) | locked_epoch3(NODE0) | locked_epoch3(NODE1) | NODE0 = NODE1","8","-0--------1-----0-00------------","6","77","15","0110030020"
"549","forall NODE0. ~held(NODE0) | ep_epoch1(NODE0) | locked_epoch2(NODE0) | locked_epoch3(NODE0) | locked_epoch4(NODE0)","6","-0--------1-----0-0-0-----------","5","26","4","0110030010"
"550","forall NODE0,NODE1. ~held(NODE0) | ep_epoch1(NODE1) | ep_epoch2(NODE1) | ep_epoch3(NODE1) | locked_epoch1(NODE0) | NODE0 = NODE1","8","------000-1---0-----------------","6","95","22","0310010020"
"551","forall NODE0,NODE1. ~held(NODE0) | ep_epoch1(NODE1) | ep_epoch2(NODE1) | ep_epoch4(NODE0) | locked_epoch1(NODE0) | NODE0 = NODE1","8","----0-00--1---0-----------------","6","95","22","0310010020"
"552","forall NODE0,NODE1. ~held(NODE0) | ep_epoch1(NODE1) | ep_epoch2(NODE1) | locked_epoch1(NODE0) | locked_epoch3(NODE1) | NODE0 = NODE1","8","------00--1---0----0------------","6","88","32","0210020020"
"553","forall NODE0,NODE1. ~held(NODE0) | ep_epoch1(NODE1) | ep_epoch2(NODE1) | locked_epoch1(NODE0) | locked_epoch4(NODE0) | NODE0 = NODE1","8","------00--1---0-----0-----------","6","88","32","0210020020"
"554","forall NODE0,NODE1. ~held(NODE0) | ep_epoch1(NODE1) | ep_epoch3(NODE0) | ep_epoch4(NODE0) | locked_epoch1(NODE0) | NODE0 = NODE1","8","---00-0---1---0-----------------","6","95","22","0310010020"
"555","forall NODE0,NODE1. ~held(NODE0) | ep_epoch1(NODE1) | ep_epoch3(NODE0) | locked_epoch1(NODE0) | locked_epoch4(NODE0) | NODE0 = NODE1","8","---0--0---1---0-----0-----------","6","88","32","0210020020"
"556","forall NODE0,NODE1. ~held(NODE0) | ep_epoch1(NODE1) | ep_epoch3(NODE1) | locked_epoch1(NODE0) | locked_epoch2(NODE1) | NODE0 = NODE1","8","------0-0-1---0--0--------------","6","88","32","0210020020"
"557","forall NODE0,NODE1. ~held(NODE0) | ep_epoch1(NODE1) | ep_epoch3(NODE1) | locked_epoch1(NODE0) | locked_epoch3(NODE0) | NODE0 = NODE1","8","------0-0-1---0---0-------------","6","88","32","0210020020"
"558","forall NODE0,NODE1. ~held(NODE0) | ep_epoch1(NODE1) | ep_epoch4(NODE0) | locked_epoch1(NODE0) | locked_epoch2(NODE1) | NODE0 = NODE1","8","----0-0---1---0--0--------------","6","88","32","0210020020"
"559","forall NODE0,NODE1. ~held(NODE0) | ep_epoch1(NODE1) | ep_epoch4(NODE0) | locked_epoch1(NODE0) | locked_epoch3(NODE0) | NODE0 = NODE1","8","----0-0---1---0---0-------------","6","88","32","0210020020"
"560","forall NODE0,NODE1. ~held(NODE0) | ep_epoch1(NODE1) | locked_epoch1(NODE0) | locked_epoch2(NODE1) | locked_epoch3(NODE1) | NODE0 = NODE1","8","------0---1---0--0-0------------","6","77","15","0110030020"
"561","forall NODE0,NODE1. ~held(NODE0) | ep_epoch1(NODE1) | locked_epoch1(NODE0) | locked_epoch2(NODE1) | locked_epoch4(NODE0) | NODE0 = NODE1","8","------0---1---0--0--0-----------","6","77","15","0110030020"
"562","forall NODE0,NODE1. ~held(NODE0) | ep_epoch1(NODE1) | locked_epoch1(NODE0) | locked_epoch3(NODE0) | locked_epoch3(NODE1) | NODE0 = NODE1","8","------0---1---0---00------------","6","77","15","0110030020"
"563","forall NODE0,NODE1. ~held(NODE0) | ep_epoch1(NODE1) | locked_epoch1(NODE0) | locked_epoch3(NODE0) | locked_epoch4(NODE0) | NODE0 = NODE1","8","------0---1---0---0-0-----------","6","77","15","0110030020"
"564","forall NODE0. ~held(NODE0) | ep_epoch2(NODE0) | ep_epoch3(NODE0) | ep_epoch4(NODE0) | locked_epoch1(NODE0)","6","--000-----1---0-----------------","5","39","4","0310010010"
"565","forall NODE0. ~held(NODE0) | ep_epoch2(NODE0) | ep_epoch3(NODE0) | locked_epoch1(NODE0) | locked_epoch4(NODE0)","6","--00------1---0-----0-----------","5","35","6","0210020010"
"566","forall NODE0,NODE1. ~held(NODE0) | ep_epoch2(NODE0) | ep_epoch3(NODE1) | locked_epoch1(NODE0) | locked_epoch3(NODE0) | NODE0 = NODE1","8","--0-----0-1---0---0-------------","6","88","32","0210020020"
"567","forall NODE0. ~held(NODE0) | ep_epoch2(NODE0) | ep_epoch4(NODE0) | locked_epoch1(NODE0) | locked_epoch3(NODE0)","6","--0-0-----1---0---0-------------","5","35","6","0210020010"
"568","forall NODE0,NODE1. ~held(NODE0) | ep_epoch2(NODE0) | locked_epoch1(NODE0) | locked_epoch3(NODE0) | locked_epoch3(NODE1) | NODE0 = NODE1","8","--0-------1---0---00------------","6","77","15","0110030020"
"569","forall NODE0. ~held(NODE0) | ep_epoch2(NODE0) | locked_epoch1(NODE0) | locked_epoch3(NODE0) | locked_epoch4(NODE0)","6","--0-------1---0---0-0-----------","5","26","4","0110030010"
"570","forall NODE0,NODE1. ~held(NODE0) | ep_epoch2(NODE1) | ep_epoch3(NODE1) | locked_epoch1(NODE0) | locked_epoch2(NODE0) | NODE0 = NODE1","8","-------00-1---0-0---------------","6","88","32","0210020020"
"571","forall NODE0,NODE1. ~held(NODE0) | ep_epoch2(NODE1) | ep_epoch4(NODE0) | locked_epoch1(NODE0) | locked_epoch2(NODE0) | NODE0 = NODE1","8","----0--0--1---0-0---------------","6","88","32","0210020020"
"572","forall NODE0,NODE1. ~held(NODE0) | ep_epoch2(NODE1) | locked_epoch1(NODE0) | locked_epoch2(NODE0) | locked_epoch3(NODE1) | NODE0 = NODE1","8","-------0--1---0-0--0------------","6","77","15","0110030020"
"573","forall NODE0,NODE1. ~held(NODE0) | ep_epoch2(NODE1) | locked_epoch1(NODE0) | locked_epoch2(NODE0) | locked_epoch4(NODE0) | NODE0 = NODE1","8","-------0--1---0-0---0-----------","6","77","15","0110030020"
"574","forall NODE0. ~held(NODE0) | ep_epoch3(NODE0) | ep_epoch4(NODE0) | locked_epoch1(NODE0) | locked_epoch2(NODE0)","6","---00-----1---0-0---------------","5","35","6","0210020010"
"575","forall NODE0. ~held(NODE0) | ep_epoch3(NODE0) | locked_epoch1(NODE0) | locked_epoch2(NODE0) | locked_epoch4(NODE0)","6","---0------1---0-0---0-----------","5","26","4","0110030010"
"576","forall NODE0,NODE1. ~held(NODE0) | ep_epoch3(NODE1) | locked_epoch1(NODE0) | locked_epoch2(NODE0) | locked_epoch3(NODE0) | NODE0 = NODE1","8","--------0-1---0-0-0-------------","6","77","15","0110030020"
"577","forall NODE0. ~held(NODE0) | ep_epoch4(NODE0) | locked_epoch1(NODE0) | locked_epoch2(NODE0) | locked_epoch3(NODE0)","6","----0-----1---0-0-0-------------","5","26","4","0110030010"
"578","forall NODE0,NODE1. ~held(NODE0) | locked_epoch1(NODE0) | locked_epoch2(NODE0) | locked_epoch3(NODE0) | locked_epoch3(NODE1) | NODE0 = NODE1","8","----------1---0-0-00------------","6","0","101","0010040020"
"579","forall NODE0. ~held(NODE0) | locked_epoch1(NODE0) | locked_epoch2(NODE0) | locked_epoch3(NODE0) | locked_epoch4(NODE0)","6","----------1---0-0-0-0-----------","5","0","101","0010040010"
"580","forall NODE0,NODE1. ~locked_epoch1(NODE0) | ~locked_epoch2(NODE0) | ~locked_epoch3(NODE0) | ~locked_epoch4(NODE0) | ep_epoch0(NODE1) | NODE0 = NODE1","8","-----0--------1-1-1-1-----------","6","73","2","0100400020"
"581","forall NODE2,NODE0,NODE1. ~locked_epoch1(NODE0) | ~locked_epoch2(NODE0) | ~locked_epoch3(NODE0) | ~transfer_epoch4(NODE1) | ep_epoch0(NODE2) | ((NODE1 ~= NODE2 | NODE0 = NODE1) & (NODE0 ~= NODE1 | NODE0 = NODE2))","12","-----0--------1-1-1-----------1-","9","206","2","0100301030"
"582","forall NODE0,NODE1. ~locked_epoch1(NODE0) | ~locked_epoch2(NODE0) | ~locked_epoch3(NODE0) | ep_epoch0(NODE1) | ep_epoch3(NODE0) | NODE0 = NODE1","8","---0-0--------1-1-1-------------","6","84","9","0200300020"
"583","forall NODE0,NODE1. ~locked_epoch1(NODE0) | ~locked_epoch2(NODE0) | ~locked_epoch3(NODE0) | ep_epoch0(NODE1) | ep_epoch4(NODE1) | NODE0 = NODE1","8","-----0---0----1-1-1-------------","6","84","9","0200300020"
"584","forall NODE0,NODE1. ~locked_epoch1(NODE0) | ~locked_epoch2(NODE0) | ~locked_epoch3(NODE0) | ep_epoch0(NODE1) | held(NODE1) | NODE0 = NODE1","8","-----0-----0--1-1-1-------------","6","76","2","0101300020"
"585","forall NODE0,NODE1. ~locked_epoch1(NODE0) | ~locked_epoch2(NODE0) | ~locked_epoch3(NODE0) | ep_epoch0(NODE1) | locked_epoch4(NODE1) | NODE0 = NODE1","8","-----0--------1-1-1--0----------","6","72","8","0100310020"
"586","forall NODE0,NODE1. ~locked_epoch1(NODE0) | ~locked_epoch2(NODE0) | ~locked_epoch4(NODE0) | ep_epoch0(NODE1) | ep_epoch3(NODE1) | NODE0 = NODE1","8","-----0--0-----1-1---1-----------","6","84","9","0200300020"
"587","forall NODE0,NODE1. ~locked_epoch1(NODE0) | ~locked_epoch2(NODE0) | ~locked_epoch4(NODE0) | ep_epoch0(NODE1) | locked_epoch3(NODE1) | NODE0 = NODE1","8","-----0--------1-1--01-----------","6","72","8","0100310020"
"588","forall NODE2,NODE0,NODE1. ~locked_epoch1(NODE0) | ~locked_epoch2(NODE0) | ~transfer_epoch4(NODE1) | ep_epoch0(NODE2) | ep_epoch2(NODE0) | ((NODE1 ~= NODE2 | NODE0 = NODE1) & (NODE0 ~= NODE1 | NODE0 = NODE2))","12","--0--0--------1-1-------------1-","9","211","7","0200201030"
"589","forall NODE2,NODE0,NODE1. ~locked_epoch1(NODE0) | ~locked_epoch2(NODE0) | ~transfer_epoch4(NODE1) | ep_epoch0(NODE2) | ep_epoch3(NODE2) | ((NODE1 ~= NODE2 | NODE0 = NODE1) & (NODE0 ~= NODE1 | NODE0 = NODE2))","12","-----0--0-----1-1-------------1-","9","211","7","0200201030"
"590","forall NODE2,NODE0,NODE1. ~locked_epoch1(NODE0) | ~locked_epoch2(NODE0) | ~transfer_epoch4(NODE1) | ep_epoch0(NODE2) | locked_epoch3(NODE2) | ((NODE1 ~= NODE2 | NODE0 = NODE1) & (NODE0 ~= NODE1 | NODE0 = NODE2))","12","-----0--------1-1--0----------1-","9","205","6","0100211030"
"591","forall NODE0,NODE1. ~locked_epoch1(NODE0) | ~locked_epoch2(NODE0) | ep_epoch0(NODE1) | ep_epoch3(NODE0) | locked_epoch3(NODE1) | NODE0 = NODE1","8","---0-0--------1-1--0------------","6","83","27","0200210020"
"592","forall NODE0,NODE1. ~locked_epoch1(NODE0) | ~locked_epoch2(NODE0) | ep_epoch0(NODE1) | ep_epoch3(NODE1) | ep_epoch4(NODE1) | NODE0 = NODE1","8","-----0--00----1-1---------------","6","93","12","0300200020"
"593","forall NODE0,NODE1. ~locked_epoch1(NODE0) | ~locked_epoch2(NODE0) | ep_epoch0(NODE1) | ep_epoch3(NODE1) | held(NODE1) | NODE0 = NODE1","8","-----0--0--0--1-1---------------","6","87","5","0201200020"
"594","forall NODE0,NODE1. ~locked_epoch1(NODE0) | ~locked_epoch2(NODE0) | ep_epoch0(NODE1) | ep_epoch3(NODE1) | locked_epoch4(NODE1) | NODE0 = NODE1","8","-----0--0-----1-1----0----------","6","83","27","0200210020"
"595","forall NODE0,NODE1. ~locked_epoch1(NODE0) | ~locked_epoch2(NODE0) | ep_epoch0(NODE1) | ep_epoch4(NODE1) | locked_epoch3(NODE1) | NODE0 = NODE1","8","-----0---0----1-1--0------------","6","83","27","0200210020"
"596","forall NODE0,NODE1. ~locked_epoch1(NODE0) | ~locked_epoch2(NODE0) | ep_epoch0(NODE1) | held(NODE1) | locked_epoch3(NODE1) | NODE0 = NODE1","8","-----0-----0--1-1--0------------","6","75","6","0101210020"
"597","forall NODE0,NODE1. ~locked_epoch1(NODE0) | ~locked_epoch2(NODE0) | ep_epoch0(NODE1) | locked_epoch3(NODE0) | locked_epoch3(NODE1) | NODE0 = NODE1","8","-----0--------1-1-00------------","6","71","14","0100220020"
"598","forall NODE0,NODE1. ~locked_epoch1(NODE0) | ~locked_epoch2(NODE0) | ep_epoch0(NODE1) | locked_epoch3(NODE1) | locked_epoch4(NODE1) | NODE0 = NODE1","8","-----0--------1-1--0-0----------","6","71","14","0100220020"
"599","forall NODE0,NODE1. ~locked_epoch1(NODE0) | ~locked_epoch2(NODE1) | ~locked_epoch3(NODE1) | ~locked_epoch4(NODE1) | ep_epoch1(NODE0) | NODE0 = NODE1","8","-0------------1--1-1-1----------","6","73","2","0100400020"
"600","forall NODE2,NODE0,NODE1. ~locked_epoch1(NODE0) | ~locked_epoch2(NODE1) | ~locked_epoch3(NODE1) | ~transfer_epoch4(NODE2) | ep_epoch1(NODE0) | ((NODE0 ~= NODE2 | NODE0 = NODE1) & (NODE1 ~= NODE2 | NODE0 = NODE1))","12","-0------------1--1-1----------1-","9","206","2","0100301030"
"601","forall NODE0,NODE1. ~locked_epoch1(NODE0) | ~locked_epoch2(NODE1) | ~locked_epoch3(NODE1) | ep_epoch1(NODE0) | ep_epoch3(NODE1) | NODE0 = NODE1","8","-0------0-----1--1-1------------","6","84","9","0200300020"
"602","forall NODE0,NODE1. ~locked_epoch1(NODE0) | ~locked_epoch2(NODE1) | ~locked_epoch3(NODE1) | ep_epoch1(NODE0) | ep_epoch4(NODE0) | NODE0 = NODE1","8","-0--0---------1--1-1------------","6","84","9","0200300020"
"603","forall NODE0,NODE1. ~locked_epoch1(NODE0) | ~locked_epoch2(NODE1) | ~locked_epoch3(NODE1) | ep_epoch1(NODE0) | held(NODE0) | NODE0 = NODE1","8","-0--------0---1--1-1------------","6","76","2","0101300020"
"604","forall NODE0,NODE1. ~locked_epoch1(NODE0) | ~locked_epoch2(NODE1) | ~locked_epoch3(NODE1) | ep_epoch1(NODE0) | locked_epoch4(NODE0) | NODE0 = NODE1","8","-0------------1--1-10-----------","6","72","8","0100310020"
"605","forall NODE0,NODE1. ~locked_epoch1(NODE0) | ~locked_epoch2(NODE1) | ~locked_epoch4(NODE1) | ep_epoch1(NODE0) | ep_epoch3(NODE0) | NODE0 = NODE1","8","-0-0----------1--1---1----------","6","84","9","0200300020"
"606","forall NODE0,NODE1. ~locked_epoch1(NODE0) | ~locked_epoch2(NODE1) | ~locked_epoch4(NODE1) | ep_epoch1(NODE0) | locked_epoch3(NODE0) | NODE0 = NODE1","8","-0------------1--10--1----------","6","72","8","0100310020"
"607","forall NODE2,NODE0,NODE1. ~locked_epoch1(NODE0) | ~locked_epoch2(NODE1) | ~transfer_epoch4(NODE2) | ep_epoch1(NODE0) | ep_epoch2(NODE1) | ((NODE0 ~= NODE2 | NODE0 = NODE1) & (NODE1 ~= NODE2 | NODE0 = NODE1))","12","-0-----0------1--1------------1-","9","211","7","0200201030"
"608","forall NODE2,NODE0,NODE1. ~locked_epoch1(NODE0) | ~locked_epoch2(NODE1) | ~transfer_epoch4(NODE2) | ep_epoch1(NODE0) | ep_epoch3(NODE0) | ((NODE0 ~= NODE2 | NODE0 = NODE1) & (NODE1 ~= NODE2 | NODE0 = NODE1))","12","-0-0----------1--1------------1-","9","211","7","0200201030"
"609","forall NODE2,NODE0,NODE1. ~locked_epoch1(NODE0) | ~locked_epoch2(NODE1) | ~transfer_epoch4(NODE2) | ep_epoch1(NODE0) | locked_epoch3(NODE0) | ((NODE0 ~= NODE2 | NODE0 = NODE1) & (NODE1 ~= NODE2 | NODE0 = NODE1))","12","-0------------1--10-----------1-","9","205","6","0100211030"
"610","forall NODE0,NODE1. ~locked_epoch1(NODE0) | ~locked_epoch2(NODE1) | ep_epoch1(NODE0) | ep_epoch3(NODE0) | ep_epoch4(NODE0) | NODE0 = NODE1","8","-0-00---------1--1--------------","6","93","12","0300200020"
"611","forall NODE0,NODE1. ~locked_epoch1(NODE0) | ~locked_epoch2(NODE1) | ep_epoch1(NODE0) | ep_epoch3(NODE0) | held(NODE0) | NODE0 = NODE1","8","-0-0------0---1--1--------------","6","87","5","0201200020"
"612","forall NODE0,NODE1. ~locked_epoch1(NODE0) | ~locked_epoch2(NODE1) | ep_epoch1(NODE0) | ep_epoch3(NODE0) | locked_epoch4(NODE0) | NODE0 = NODE1","8","-0-0----------1--1--0-----------","6","83","27","0200210020"
"613","forall NODE0,NODE1. ~locked_epoch1(NODE0) | ~locked_epoch2(NODE1) | ep_epoch1(NODE0) | ep_epoch3(NODE1) | locked_epoch3(NODE0) | NODE0 = NODE1","8","-0------0-----1--10-------------","6","83","27","0200210020"
"614","forall NODE0,NODE1. ~locked_epoch1(NODE0) | ~locked_epoch2(NODE1) | ep_epoch1(NODE0) | ep_epoch4(NODE0) | locked_epoch3(NODE0) | NODE0 = NODE1","8","-0--0---------1--10-------------","6","83","27","0200210020"
"615","forall NODE0,NODE1. ~locked_epoch1(NODE0) | ~locked_epoch2(NODE1) | ep_epoch1(NODE0) | held(NODE0) | locked_epoch3(NODE0) | NODE0 = NODE1","8","-0--------0---1--10-------------","6","75","6","0101210020"
"616","forall NODE0,NODE1. ~locked_epoch1(NODE0) | ~locked_epoch2(NODE1) | ep_epoch1(NODE0) | locked_epoch3(NODE0) | locked_epoch3(NODE1) | NODE0 = NODE1","8","-0------------1--100------------","6","71","14","0100220020"
"617","forall NODE0,NODE1. ~locked_epoch1(NODE0) | ~locked_epoch2(NODE1) | ep_epoch1(NODE0) | locked_epoch3(NODE0) | locked_epoch4(NODE0) | NODE0 = NODE1","8","-0------------1--10-0-----------","6","71","14","0100220020"
"618","forall NODE0,NODE1. ~locked_epoch1(NODE0) | ~locked_epoch3(NODE0) | ~locked_epoch4(NODE0) | ep_epoch0(NODE1) | ep_epoch2(NODE1) | NODE0 = NODE1","8","-----0-0------1---1-1-----------","6","84","9","0200300020"
"619","forall NODE0,NODE1. ~locked_epoch1(NODE0) | ~locked_epoch3(NODE0) | ~locked_epoch4(NODE0) | ep_epoch0(NODE1) | locked_epoch2(NODE1) | NODE0 = NODE1","8","-----0--------1--01-1-----------","6","72","8","0100310020"
"620","forall NODE2,NODE0,NODE1. ~locked_epoch1(NODE0) | ~locked_epoch3(NODE0) | ~transfer_epoch4(NODE1) | ep_epoch0(NODE2) | ep_epoch2(NODE2) | ((NODE1 ~= NODE2 | NODE0 = NODE1) & (NODE0 ~= NODE1 | NODE0 = NODE2))","12","-----0-0------1---1-----------1-","9","211","7","0200201030"
"621","forall NODE2,NODE0,NODE1. ~locked_epoch1(NODE0) | ~locked_epoch3(NODE0) | ~transfer_epoch4(NODE1) | ep_epoch0(NODE2) | locked_epoch2(NODE2) | ((NODE1 ~= NODE2 | NODE0 = NODE1) & (NODE0 ~= NODE1 | NODE0 = NODE2))","12","-----0--------1--01-----------1-","9","205","6","0100211030"
"622","forall NODE0,NODE1. ~locked_epoch1(NODE0) | ~locked_epoch3(NODE0) | ep_epoch0(NODE1) | ep_epoch2(NODE1) | ep_epoch3(NODE0) | NODE0 = NODE1","8","---0-0-0------1---1-------------","6","93","12","0300200020"
"623","forall NODE0,NODE1. ~locked_epoch1(NODE0) | ~locked_epoch3(NODE0) | ep_epoch0(NODE1) | ep_epoch2(NODE1) | ep_epoch4(NODE1) | NODE0 = NODE1","8","-----0-0-0----1---1-------------","6","93","12","0300200020"
"624","forall NODE0,NODE1. ~locked_epoch1(NODE0) | ~locked_epoch3(NODE0) | ep_epoch0(NODE1) | ep_epoch2(NODE1) | held(NODE1) | NODE0 = NODE1","8","-----0-0---0--1---1-------------","6","87","5","0201200020"
"625","forall NODE0,NODE1. ~locked_epoch1(NODE0) | ~locked_epoch3(NODE0) | ep_epoch0(NODE1) | ep_epoch2(NODE1) | locked_epoch4(NODE1) | NODE0 = NODE1","8","-----0-0------1---1--0----------","6","83","27","0200210020"
"626","forall NODE0,NODE1. ~locked_epoch1(NODE0) | ~locked_epoch3(NODE0) | ep_epoch0(NODE1) | ep_epoch3(NODE0) | locked_epoch2(NODE1) | NODE0 = NODE1","8","---0-0--------1--01-------------","6","83","27","0200210020"
"627","forall NODE0,NODE1. ~locked_epoch1(NODE0) | ~locked_epoch3(NODE0) | ep_epoch0(NODE1) | ep_epoch4(NODE1) | locked_epoch2(NODE1) | NODE0 = NODE1","8","-----0---0----1--01-------------","6","83","27","0200210020"
"628","forall NODE0,NODE1. ~locked_epoch1(NODE0) | ~locked_epoch3(NODE0) | ep_epoch0(NODE1) | held(NODE1) | locked_epoch2(NODE1) | NODE0 = NODE1","8","-----0-----0--1--01-------------","6","75","6","0101210020"
"629","forall NODE0,NODE1. ~locked_epoch1(NODE0) | ~locked_epoch3(NODE0) | ep_epoch0(NODE1) | locked_epoch2(NODE1) | locked_epoch4(NODE1) | NODE0 = NODE1","8","-----0--------1--01--0----------","6","71","14","0100220020"
"630","forall NODE0,NODE1. ~locked_epoch1(NODE0) | ~locked_epoch3(NODE1) | ~locked_epoch4(NODE1) | ep_epoch1(NODE0) | ep_epoch2(NODE0) | NODE0 = NODE1","8","-00-----------1----1-1----------","6","84","9","0200300020"
"631","forall NODE0,NODE1. ~locked_epoch1(NODE0) | ~locked_epoch3(NODE1) | ~locked_epoch4(NODE1) | ep_epoch1(NODE0) | locked_epoch2(NODE0) | NODE0 = NODE1","8","-0------------1-0--1-1----------","6","72","8","0100310020"
"632","forall NODE2,NODE0,NODE1. ~locked_epoch1(NODE0) | ~locked_epoch3(NODE1) | ~transfer_epoch4(NODE2) | ep_epoch1(NODE0) | ep_epoch2(NODE0) | ((NODE1 ~= NODE2 | NODE0 = NODE1) & (NODE0 ~= NODE2 | NODE0 = NODE1))","12","-00-----------1----1----------1-","9","211","7","0200201030"
"633","forall NODE2,NODE0,NODE1. ~locked_epoch1(NODE0) | ~locked_epoch3(NODE1) | ~transfer_epoch4(NODE2) | ep_epoch1(NODE0) | locked_epoch2(NODE0) | ((NODE0 ~= NODE2 | NODE0 = NODE1) & (NODE1 ~= NODE2 | NODE0 = NODE1))","12","-0------------1-0--1----------1-","9","205","6","0100211030"
"634","forall NODE0,NODE1. ~locked_epoch1(NODE0) | ~locked_epoch3(NODE1) | ep_epoch1(NODE0) | ep_epoch2(NODE0) | ep_epoch3(NODE1) | NODE0 = NODE1","8","-00-----0-----1----1------------","6","93","12","0300200020"
"635","forall NODE0,NODE1. ~locked_epoch1(NODE0) | ~locked_epoch3(NODE1) | ep_epoch1(NODE0) | ep_epoch2(NODE0) | ep_epoch4(NODE0) | NODE0 = NODE1","8","-00-0---------1----1------------","6","93","12","0300200020"
"636","forall NODE0,NODE1. ~locked_epoch1(NODE0) | ~locked_epoch3(NODE1) | ep_epoch1(NODE0) | ep_epoch2(NODE0) | held(NODE0) | NODE0 = NODE1","8","-00-------0---1----1------------","6","87","5","0201200020"
"637","forall NODE0,NODE1. ~locked_epoch1(NODE0) | ~locked_epoch3(NODE1) | ep_epoch1(NODE0) | ep_epoch2(NODE0) | locked_epoch4(NODE0) | NODE0 = NODE1","8","-00-----------1----10-----------","6","83","27","0200210020"
"638","forall NODE0,NODE1. ~locked_epoch1(NODE0) | ~locked_epoch3(NODE1) | ep_epoch1(NODE0) | ep_epoch3(NODE1) | locked_epoch2(NODE0) | NODE0 = NODE1","8","-0------0-----1-0--1------------","6","83","27","0200210020"
"639","forall NODE0,NODE1. ~locked_epoch1(NODE0) | ~locked_epoch3(NODE1) | ep_epoch1(NODE0) | ep_epoch4(NODE0) | locked_epoch2(NODE0) | NODE0 = NODE1","8","-0--0---------1-0--1------------","6","83","27","0200210020"
"640","forall NODE0,NODE1. ~locked_epoch1(NODE0) | ~locked_epoch3(NODE1) | ep_epoch1(NODE0) | held(NODE0) | locked_epoch2(NODE0) | NODE0 = NODE1","8","-0--------0---1-0--1------------","6","75","6","0101210020"
"641","forall NODE0,NODE1. ~locked_epoch1(NODE0) | ~locked_epoch3(NODE1) | ep_epoch1(NODE0) | locked_epoch2(NODE0) | locked_epoch4(NODE0) | NODE0 = NODE1","8","-0------------1-0--10-----------","6","71","14","0100220020"
"642","forall NODE0,NODE1. ~locked_epoch1(NODE0) | ~locked_epoch4(NODE0) | ep_epoch0(NODE1) | ep_epoch2(NODE1) | ep_epoch3(NODE1) | NODE0 = NODE1","8","-----0-00-----1-----1-----------","6","93","12","0300200020"
"643","forall NODE0,NODE1. ~locked_epoch1(NODE0) | ~locked_epoch4(NODE0) | ep_epoch0(NODE1) | ep_epoch2(NODE1) | locked_epoch3(NODE1) | NODE0 = NODE1","8","-----0-0------1----01-----------","6","83","27","0200210020"
"644","forall NODE0,NODE1. ~locked_epoch1(NODE0) | ~locked_epoch4(NODE0) | ep_epoch0(NODE1) | ep_epoch3(NODE1) | locked_epoch2(NODE1) | NODE0 = NODE1","8","-----0--0-----1--0--1-----------","6","83","27","0200210020"
"645","forall NODE0,NODE1. ~locked_epoch1(NODE0) | ~locked_epoch4(NODE0) | ep_epoch0(NODE1) | locked_epoch2(NODE1) | locked_epoch3(NODE1) | NODE0 = NODE1","8","-----0--------1--0-01-----------","6","71","14","0100220020"
"646","forall NODE0,NODE1. ~locked_epoch1(NODE0) | ~locked_epoch4(NODE1) | ep_epoch1(NODE0) | ep_epoch2(NODE0) | ep_epoch3(NODE0) | NODE0 = NODE1","8","-000----------1------1----------","6","93","12","0300200020"
"647","forall NODE0,NODE1. ~locked_epoch1(NODE0) | ~locked_epoch4(NODE1) | ep_epoch1(NODE0) | ep_epoch2(NODE0) | locked_epoch3(NODE0) | NODE0 = NODE1","8","-00-----------1---0--1----------","6","83","27","0200210020"
"648","forall NODE0,NODE1. ~locked_epoch1(NODE0) | ~locked_epoch4(NODE1) | ep_epoch1(NODE0) | ep_epoch3(NODE0) | locked_epoch2(NODE0) | NODE0 = NODE1","8","-0-0----------1-0----1----------","6","83","27","0200210020"
"649","forall NODE0,NODE1. ~locked_epoch1(NODE0) | ~locked_epoch4(NODE1) | ep_epoch1(NODE0) | locked_epoch2(NODE0) | locked_epoch3(NODE0) | NODE0 = NODE1","8","-0------------1-0-0--1----------","6","71","14","0100220020"
"650","forall NODE2,NODE0,NODE1. ~locked_epoch1(NODE0) | ~transfer_epoch4(NODE1) | ep_epoch0(NODE2) | ep_epoch2(NODE0) | locked_epoch2(NODE2) | ((NODE1 ~= NODE2 | NODE0 = NODE1) & (NODE0 ~= NODE1 | NODE0 = NODE2))","12","--0--0--------1--0------------1-","9","210","12","0200111030"
"651","forall NODE2,NODE0,NODE1. ~locked_epoch1(NODE0) | ~transfer_epoch4(NODE1) | ep_epoch0(NODE2) | ep_epoch2(NODE2) | ep_epoch3(NODE2) | ((NODE1 ~= NODE2 | NODE0 = NODE1) & (NODE0 ~= NODE1 | NODE0 = NODE2))","12","-----0-00-----1---------------1-","9","215","4","0300101030"
"652","forall NODE2,NODE0,NODE1. ~locked_epoch1(NODE0) | ~transfer_epoch4(NODE1) | ep_epoch0(NODE2) | ep_epoch2(NODE2) | locked_epoch3(NODE2) | ((NODE1 ~= NODE2 | NODE0 = NODE1) & (NODE0 ~= NODE1 | NODE0 = NODE2))","12","-----0-0------1----0----------1-","9","210","12","0200111030"
"653","forall NODE2,NODE0,NODE1. ~locked_epoch1(NODE0) | ~transfer_epoch4(NODE1) | ep_epoch0(NODE2) | ep_epoch3(NODE2) | locked_epoch2(NODE2) | ((NODE1 ~= NODE2 | NODE0 = NODE1) & (NODE0 ~= NODE1 | NODE0 = NODE2))","12","-----0--0-----1--0------------1-","9","210","12","0200111030"
"654","forall NODE2,NODE0,NODE1. ~locked_epoch1(NODE0) | ~transfer_epoch4(NODE1) | ep_epoch0(NODE2) | locked_epoch2(NODE2) | locked_epoch3(NODE2) | ((NODE1 ~= NODE2 | NODE0 = NODE1) & (NODE0 ~= NODE1 | NODE0 = NODE2))","12","-----0--------1--0-0----------1-","9","204","5","0100121030"
"655","forall NODE0,NODE1. ~locked_epoch1(NODE0) | ~transfer_epoch4(NODE1) | ep_epoch1(NODE0) | ep_epoch2(NODE0) | ep_epoch3(NODE0)","7","-000----------1---------------1-","5","0","101","0300101020"
"656","forall NODE0,NODE1. ~locked_epoch1(NODE0) | ~transfer_epoch4(NODE1) | ep_epoch1(NODE0) | ep_epoch2(NODE0) | locked_epoch3(NODE0)","7","-00-----------1---0-----------1-","5","57","2","0200111020"
"657","forall NODE2,NODE0,NODE1. ~locked_epoch1(NODE0) | ~transfer_epoch4(NODE1) | ep_epoch1(NODE0) | ep_epoch2(NODE2) | locked_epoch2(NODE0) | ((NODE0 ~= NODE1 | NODE0 = NODE2) & (NODE1 ~= NODE2 | NODE0 = NODE1))","12","-0-----0------1-0-------------1-","9","210","12","0200111030"
"658","forall NODE0,NODE1. ~locked_epoch1(NODE0) | ~transfer_epoch4(NODE1) | ep_epoch1(NODE0) | ep_epoch3(NODE0) | locked_epoch2(NODE0)","7","-0-0----------1-0-------------1-","5","57","2","0200111020"
"659","forall NODE0,NODE1. ~locked_epoch1(NODE0) | ~transfer_epoch4(NODE1) | ep_epoch1(NODE0) | locked_epoch2(NODE0) | locked_epoch3(NODE0)","7","-0------------1-0-0-----------1-","5","0","101","0100121020"
"660","forall NODE0,NODE1. ~locked_epoch1(NODE0) | ep_epoch0(NODE1) | ep_epoch1(NODE0) | locked_epoch3(NODE0) | locked_epoch3(NODE1) | NODE0 = NODE1","8","-0---0--------1---00------------","6","82","28","0200120020"
"661","forall NODE0,NODE1. ~locked_epoch1(NODE0) | ep_epoch0(NODE1) | ep_epoch2(NODE1) | ep_epoch3(NODE0) | locked_epoch3(NODE1) | NODE0 = NODE1","8","---0-0-0------1----0------------","6","92","21","0300110020"
"662","forall NODE0,NODE1. ~locked_epoch1(NODE0) | ep_epoch0(NODE1) | ep_epoch2(NODE1) | ep_epoch3(NODE1) | ep_epoch4(NODE1) | NODE0 = NODE1","8","-----0-000----1-----------------","6","99","5","0400100020"
"663","forall NODE0,NODE1. ~locked_epoch1(NODE0) | ep_epoch0(NODE1) | ep_epoch2(NODE1) | ep_epoch3(NODE1) | held(NODE1) | NODE0 = NODE1","8","-----0-00--0--1-----------------","6","94","3","0301100020"
"664","forall NODE0,NODE1. ~locked_epoch1(NODE0) | ep_epoch0(NODE1) | ep_epoch2(NODE1) | ep_epoch3(NODE1) | locked_epoch4(NODE1) | NODE0 = NODE1","8","-----0-00-----1------0----------","6","92","21","0300110020"
"665","forall NODE0,NODE1. ~locked_epoch1(NODE0) | ep_epoch0(NODE1) | ep_epoch2(NODE1) | ep_epoch4(NODE1) | locked_epoch3(NODE1) | NODE0 = NODE1","8","-----0-0-0----1----0------------","6","92","21","0300110020"
"666","forall NODE0,NODE1. ~locked_epoch1(NODE0) | ep_epoch0(NODE1) | ep_epoch2(NODE1) | held(NODE1) | locked_epoch3(NODE1) | NODE0 = NODE1","8","-----0-0---0--1----0------------","6","86","8","0201110020"
"667","forall NODE0,NODE1. ~locked_epoch1(NODE0) | ep_epoch0(NODE1) | ep_epoch2(NODE1) | locked_epoch3(NODE0) | locked_epoch3(NODE1) | NODE0 = NODE1","8","-----0-0------1---00------------","6","82","28","0200120020"
"668","forall NODE0,NODE1. ~locked_epoch1(NODE0) | ep_epoch0(NODE1) | ep_epoch2(NODE1) | locked_epoch3(NODE1) | locked_epoch4(NODE1) | NODE0 = NODE1","8","-----0-0------1----0-0----------","6","82","28","0200120020"
"669","forall NODE0,NODE1. ~locked_epoch1(NODE0) | ep_epoch0(NODE1) | ep_epoch3(NODE0) | locked_epoch2(NODE1) | locked_epoch3(NODE1) | NODE0 = NODE1","8","---0-0--------1--0-0------------","6","82","28","0200120020"
"670","forall NODE0,NODE1. ~locked_epoch1(NODE0) | ep_epoch0(NODE1) | ep_epoch3(NODE1) | ep_epoch4(NODE1) | locked_epoch2(NODE1) | NODE0 = NODE1","8","-----0--00----1--0--------------","6","92","21","0300110020"
"671","forall NODE0,NODE1. ~locked_epoch1(NODE0) | ep_epoch0(NODE1) | ep_epoch3(NODE1) | held(NODE1) | locked_epoch2(NODE1) | NODE0 = NODE1","8","-----0--0--0--1--0--------------","6","86","8","0201110020"
"672","forall NODE0,NODE1. ~locked_epoch1(NODE0) | ep_epoch0(NODE1) | ep_epoch3(NODE1) | locked_epoch2(NODE1) | locked_epoch4(NODE1) | NODE0 = NODE1","8","-----0--0-----1--0---0----------","6","82","28","0200120020"
"673","forall NODE0,NODE1. ~locked_epoch1(NODE0) | ep_epoch0(NODE1) | ep_epoch4(NODE1) | locked_epoch2(NODE1) | locked_epoch3(NODE1) | NODE0 = NODE1","8","-----0---0----1--0-0------------","6","82","28","0200120020"
"674","forall NODE0,NODE1. ~locked_epoch1(NODE0) | ep_epoch0(NODE1) | held(NODE1) | locked_epoch2(NODE1) | locked_epoch3(NODE1) | NODE0 = NODE1","8","-----0-----0--1--0-0------------","6","74","5","0101120020"
"675","forall NODE0,NODE1. ~locked_epoch1(NODE0) | ep_epoch0(NODE1) | locked_epoch2(NODE1) | locked_epoch3(NODE0) | locked_epoch3(NODE1) | NODE0 = NODE1","8","-----0--------1--000------------","6","70","11","0100130020"
"676","forall NODE0,NODE1. ~locked_epoch1(NODE0) | ep_epoch0(NODE1) | locked_epoch2(NODE1) | locked_epoch3(NODE1) | locked_epoch4(NODE1) | NODE0 = NODE1","8","-----0--------1--0-0-0----------","6","70","11","0100130020"
"677","forall NODE0. ~locked_epoch1(NODE0) | ep_epoch1(NODE0) | ep_epoch2(NODE0) | ep_epoch3(NODE0) | ep_epoch4(NODE0)","6","-0000---------1-----------------","5","0","101","0400100010"
"678","forall NODE0. ~locked_epoch1(NODE0) | ep_epoch1(NODE0) | ep_epoch2(NODE0) | ep_epoch3(NODE0) | held(NODE0)","6","-000------0---1-----------------","5","0","101","0301100010"
"679","forall NODE0. ~locked_epoch1(NODE0) | ep_epoch1(NODE0) | ep_epoch2(NODE0) | ep_epoch3(NODE0) | locked_epoch4(NODE0)","6","-000----------1-----0-----------","5","37","3","0300110010"
"680","forall NODE0,NODE1. ~locked_epoch1(NODE0) | ep_epoch1(NODE0) | ep_epoch2(NODE0) | ep_epoch3(NODE1) | locked_epoch3(NODE0) | NODE0 = NODE1","8","-00-----0-----1---0-------------","6","92","21","0300110020"
"681","forall NODE0. ~locked_epoch1(NODE0) | ep_epoch1(NODE0) | ep_epoch2(NODE0) | ep_epoch4(NODE0) | locked_epoch3(NODE0)","6","-00-0---------1---0-------------","5","37","3","0300110010"
"682","forall NODE0. ~locked_epoch1(NODE0) | ep_epoch1(NODE0) | ep_epoch2(NODE0) | held(NODE0) | locked_epoch3(NODE0)","6","-00-------0---1---0-------------","5","34","2","0201110010"
"683","forall NODE0,NODE1. ~locked_epoch1(NODE0) | ep_epoch1(NODE0) | ep_epoch2(NODE0) | locked_epoch3(NODE0) | locked_epoch3(NODE1) | NODE0 = NODE1","8","-00-----------1---00------------","6","82","28","0200120020"
"684","forall NODE0. ~locked_epoch1(NODE0) | ep_epoch1(NODE0) | ep_epoch2(NODE0) | locked_epoch3(NODE0) | locked_epoch4(NODE0)","6","-00-----------1---0-0-----------","5","32","3","0200120010"
"685","forall NODE0. ~locked_epoch1(NODE0) | ep_epoch1(NODE0) | ep_epoch3(NODE0) | ep_epoch4(NODE0) | locked_epoch2(NODE0)","6","-0-00---------1-0---------------","5","37","3","0300110010"
"686","forall NODE0. ~locked_epoch1(NODE0) | ep_epoch1(NODE0) | ep_epoch3(NODE0) | held(NODE0) | locked_epoch2(NODE0)","6","-0-0------0---1-0---------------","5","34","2","0201110010"
"687","forall NODE0. ~locked_epoch1(NODE0) | ep_epoch1(NODE0) | ep_epoch3(NODE0) | locked_epoch2(NODE0) | locked_epoch4(NODE0)","6","-0-0----------1-0---0-----------","5","32","3","0200120010"
"688","forall NODE0,NODE1. ~locked_epoch1(NODE0) | ep_epoch1(NODE0) | ep_epoch3(NODE1) | locked_epoch2(NODE0) | locked_epoch3(NODE0) | NODE0 = NODE1","8","-0------0-----1-0-0-------------","6","82","28","0200120020"
"689","forall NODE0. ~locked_epoch1(NODE0) | ep_epoch1(NODE0) | ep_epoch4(NODE0) | locked_epoch2(NODE0) | locked_epoch3(NODE0)","6","-0--0---------1-0-0-------------","5","32","3","0200120010"
"690","forall NODE0. ~locked_epoch1(NODE0) | ep_epoch1(NODE0) | held(NODE0) | locked_epoch2(NODE0) | locked_epoch3(NODE0)","6","-0--------0---1-0-0-------------","5","0","101","0101120010"
"691","forall NODE0,NODE1. ~locked_epoch1(NODE0) | ep_epoch1(NODE0) | locked_epoch2(NODE0) | locked_epoch3(NODE0) | locked_epoch3(NODE1) | NODE0 = NODE1","8","-0------------1-0-00------------","6","70","11","0100130020"
"692","forall NODE0. ~locked_epoch1(NODE0) | ep_epoch1(NODE0) | locked_epoch2(NODE0) | locked_epoch3(NODE0) | locked_epoch4(NODE0)","6","-0------------1-0-0-0-----------","5","0","101","0100130010"
"693","forall NODE0,NODE1. ~locked_epoch2(NODE0) | ~locked_epoch3(NODE0) | ~locked_epoch4(NODE0) | ep_epoch0(NODE1) | ep_epoch1(NODE1) | NODE0 = NODE1","8","-----00---------1-1-1-----------","6","84","9","0200300020"
"694","forall NODE0,NODE1. ~locked_epoch2(NODE0) | ~locked_epoch3(NODE0) | ~locked_epoch4(NODE0) | ep_epoch0(NODE1) | locked_epoch1(NODE1) | NODE0 = NODE1","8","-----0---------01-1-1-----------","6","72","8","0100310020"
"695","forall NODE0,NODE1. ~locked_epoch2(NODE0) | ~locked_epoch3(NODE0) | ~locked_epoch4(NODE0) | ep_epoch1(NODE1) | locked_epoch1(NODE0) | NODE0 = NODE1","8","------0-------0-1-1-1-----------","6","72","8","0100310020"
"696","forall NODE2,NODE0,NODE1. ~locked_epoch2(NODE0) | ~locked_epoch3(NODE0) | ~transfer_epoch4(NODE1) | ep_epoch0(NODE2) | ep_epoch1(NODE2) | ((NODE1 ~= NODE2 | NODE0 = NODE1) & (NODE0 ~= NODE1 | NODE0 = NODE2))","12","-----00---------1-1-----------1-","9","211","7","0200201030"
"697","forall NODE2,NODE0,NODE1. ~locked_epoch2(NODE0) | ~locked_epoch3(NODE0) | ~transfer_epoch4(NODE1) | ep_epoch0(NODE2) | locked_epoch1(NODE2) | ((NODE1 ~= NODE2 | NODE0 = NODE1) & (NODE0 ~= NODE1 | NODE0 = NODE2))","12","-----0---------01-1-----------1-","9","205","6","0100211030"
"698","forall NODE2,NODE0,NODE1. ~locked_epoch2(NODE0) | ~locked_epoch3(NODE0) | ~transfer_epoch4(NODE1) | ep_epoch1(NODE2) | locked_epoch1(NODE0) | ((NODE1 ~= NODE2 | NODE0 = NODE1) & (NODE0 ~= NODE1 | NODE0 = NODE2))","12","------0-------0-1-1-----------1-","9","205","6","0100211030"
"699","forall NODE0,NODE1. ~locked_epoch2(NODE0) | ~locked_epoch3(NODE0) | ep_epoch0(NODE1) | ep_epoch1(NODE1) | ep_epoch3(NODE0) | NODE0 = NODE1","8","---0-00---------1-1-------------","6","93","12","0300200020"
"700","forall NODE0,NODE1. ~locked_epoch2(NODE0) | ~locked_epoch3(NODE0) | ep_epoch0(NODE1) | ep_epoch1(NODE1) | ep_epoch4(NODE1) | NODE0 = NODE1","8","-----00--0------1-1-------------","6","93","12","0300200020"
"701","forall NODE0,NODE1. ~locked_epoch2(NODE0) | ~locked_epoch3(NODE0) | ep_epoch0(NODE1) | ep_epoch1(NODE1) | held(NODE1) | NODE0 = NODE1","8","-----00----0----1-1-------------","6","87","5","0201200020"
"702","forall NODE0,NODE1. ~locked_epoch2(NODE0) | ~locked_epoch3(NODE0) | ep_epoch0(NODE1) | ep_epoch1(NODE1) | locked_epoch4(NODE1) | NODE0 = NODE1","8","-----00---------1-1--0----------","6","83","27","0200210020"
"703","forall NODE0,NODE1. ~locked_epoch2(NODE0) | ~locked_epoch3(NODE0) | ep_epoch0(NODE1) | ep_epoch3(NODE0) | locked_epoch1(NODE1) | NODE0 = NODE1","8","---0-0---------01-1-------------","6","83","27","0200210020"
"704","forall NODE0,NODE1. ~locked_epoch2(NODE0) | ~locked_epoch3(NODE0) | ep_epoch0(NODE1) | ep_epoch4(NODE1) | locked_epoch1(NODE1) | NODE0 = NODE1","8","-----0---0-----01-1-------------","6","83","27","0200210020"
"705","forall NODE0,NODE1. ~locked_epoch2(NODE0) | ~locked_epoch3(NODE0) | ep_epoch0(NODE1) | held(NODE1) | locked_epoch1(NODE1) | NODE0 = NODE1","8","-----0-----0---01-1-------------","6","75","6","0101210020"
"706","forall NODE0,NODE1. ~locked_epoch2(NODE0) | ~locked_epoch3(NODE0) | ep_epoch0(NODE1) | locked_epoch1(NODE1) | locked_epoch4(NODE1) | NODE0 = NODE1","8","-----0---------01-1--0----------","6","71","14","0100220020"
"707","forall NODE0,NODE1. ~locked_epoch2(NODE0) | ~locked_epoch3(NODE0) | ep_epoch1(NODE1) | ep_epoch3(NODE0) | locked_epoch1(NODE0) | NODE0 = NODE1","8","---0--0-------0-1-1-------------","6","83","27","0200210020"
"708","forall NODE0,NODE1. ~locked_epoch2(NODE0) | ~locked_epoch3(NODE0) | ep_epoch1(NODE1) | ep_epoch4(NODE1) | locked_epoch1(NODE0) | NODE0 = NODE1","8","------0--0----0-1-1-------------","6","83","27","0200210020"
"709","forall NODE0,NODE1. ~locked_epoch2(NODE0) | ~locked_epoch3(NODE0) | ep_epoch1(NODE1) | held(NODE1) | locked_epoch1(NODE0) | NODE0 = NODE1","8","------0----0--0-1-1-------------","6","75","6","0101210020"
"710","forall NODE0,NODE1. ~locked_epoch2(NODE0) | ~locked_epoch3(NODE0) | ep_epoch1(NODE1) | locked_epoch1(NODE0) | locked_epoch4(NODE1) | NODE0 = NODE1","8","------0-------0-1-1--0----------","6","71","14","0100220020"
"711","forall NODE0,NODE1. ~locked_epoch2(NODE0) | ~locked_epoch4(NODE0) | ep_epoch0(NODE1) | ep_epoch1(NODE1) | ep_epoch3(NODE1) | NODE0 = NODE1","8","-----00-0-------1---1-----------","6","93","12","0300200020"
"712","forall NODE0,NODE1. ~locked_epoch2(NODE0) | ~locked_epoch4(NODE0) | ep_epoch0(NODE1) | ep_epoch1(NODE1) | locked_epoch3(NODE1) | NODE0 = NODE1","8","-----00---------1--01-----------","6","83","27","0200210020"
"713","forall NODE0,NODE1. ~locked_epoch2(NODE0) | ~locked_epoch4(NODE0) | ep_epoch0(NODE1) | ep_epoch3(NODE1) | locked_epoch1(NODE1) | NODE0 = NODE1","8","-----0--0------01---1-----------","6","83","27","0200210020"
"714","forall NODE0,NODE1. ~locked_epoch2(NODE0) | ~locked_epoch4(NODE0) | ep_epoch0(NODE1) | locked_epoch1(NODE1) | locked_epoch3(NODE1) | NODE0 = NODE1","8","-----0---------01--01-----------","6","71","14","0100220020"
"715","forall NODE0,NODE1. ~locked_epoch2(NODE0) | ~locked_epoch4(NODE0) | ep_epoch1(NODE1) | ep_epoch3(NODE1) | locked_epoch1(NODE0) | NODE0 = NODE1","8","------0-0-----0-1---1-----------","6","83","27","0200210020"
"716","forall NODE0,NODE1. ~locked_epoch2(NODE0) | ~locked_epoch4(NODE0) | ep_epoch1(NODE1) | locked_epoch1(NODE0) | locked_epoch3(NODE1) | NODE0 = NODE1","8","------0-------0-1--01-----------","6","71","14","0100220020"
"717","forall NODE2,NODE0,NODE1. ~locked_epoch2(NODE0) | ~transfer_epoch4(NODE1) | ep_epoch0(NODE2) | ep_epoch1(NODE2) | ep_epoch2(NODE0) | ((NODE1 ~= NODE2 | NODE0 = NODE1) & (NODE0 ~= NODE1 | NODE0 = NODE2))","12","--0--00---------1-------------1-","9","215","4","0300101030"
"718","forall NODE2,NODE0,NODE1. ~locked_epoch2(NODE0) | ~transfer_epoch4(NODE1) | ep_epoch0(NODE2) | ep_epoch1(NODE2) | ep_epoch3(NODE2) | ((NODE1 ~= NODE2 | NODE0 = NODE1) & (NODE0 ~= NODE1 | NODE0 = NODE2))","12","-----00-0-------1-------------1-","9","215","4","0300101030"
"719","forall NODE2,NODE0,NODE1. ~locked_epoch2(NODE0) | ~transfer_epoch4(NODE1) | ep_epoch0(NODE2) | ep_epoch1(NODE2) | locked_epoch3(NODE2) | ((NODE1 ~= NODE2 | NODE0 = NODE1) & (NODE0 ~= NODE1 | NODE0 = NODE2))","12","-----00---------1--0----------1-","9","210","12","0200111030"
"720","forall NODE2,NODE0,NODE1. ~locked_epoch2(NODE0) | ~transfer_epoch4(NODE1) | ep_epoch0(NODE2) | ep_epoch2(NODE0) | locked_epoch1(NODE2) | ((NODE1 ~= NODE2 | NODE0 = NODE1) & (NODE0 ~= NODE1 | NODE0 = NODE2))","12","--0--0---------01-------------1-","9","210","12","0200111030"
"721","forall NODE2,NODE0,NODE1. ~locked_epoch2(NODE0) | ~transfer_epoch4(NODE1) | ep_epoch0(NODE2) | ep_epoch3(NODE2) | locked_epoch1(NODE2) | ((NODE1 ~= NODE2 | NODE0 = NODE1) & (NODE0 ~= NODE1 | NODE0 = NODE2))","12","-----0--0------01-------------1-","9","210","12","0200111030"
"722","forall NODE2,NODE0,NODE1. ~locked_epoch2(NODE0) | ~transfer_epoch4(NODE1) | ep_epoch0(NODE2) | locked_epoch1(NODE2) | locked_epoch3(NODE2) | ((NODE1 ~= NODE2 | NODE0 = NODE1) & (NODE0 ~= NODE1 | NODE0 = NODE2))","12","-----0---------01--0----------1-","9","204","5","0100121030"
"723","forall NODE2,NODE0,NODE1. ~locked_epoch2(NODE0) | ~transfer_epoch4(NODE1) | ep_epoch1(NODE2) | ep_epoch2(NODE0) | locked_epoch1(NODE0) | ((NODE1 ~= NODE2 | NODE0 = NODE1) & (NODE0 ~= NODE1 | NODE0 = NODE2))","12","--0---0-------0-1-------------1-","9","210","12","0200111030"
"724","forall NODE2,NODE0,NODE1. ~locked_epoch2(NODE0) | ~transfer_epoch4(NODE1) | ep_epoch1(NODE2) | ep_epoch3(NODE2) | locked_epoch1(NODE0) | ((NODE1 ~= NODE2 | NODE0 = NODE1) & (NODE0 ~= NODE1 | NODE0 = NODE2))","12","------0-0-----0-1-------------1-","9","210","12","0200111030"
"725","forall NODE2,NODE0,NODE1. ~locked_epoch2(NODE0) | ~transfer_epoch4(NODE1) | ep_epoch1(NODE2) | locked_epoch1(NODE0) | locked_epoch3(NODE2) | ((NODE1 ~= NODE2 | NODE0 = NODE1) & (NODE0 ~= NODE1 | NODE0 = NODE2))","12","------0-------0-1--0----------1-","9","204","5","0100121030"
"726","forall NODE0,NODE1. ~locked_epoch2(NODE0) | ep_epoch0(NODE1) | ep_epoch1(NODE1) | ep_epoch3(NODE0) | locked_epoch3(NODE1) | NODE0 = NODE1","8","---0-00---------1--0------------","6","92","21","0300110020"
"727","forall NODE0,NODE1. ~locked_epoch2(NODE0) | ep_epoch0(NODE1) | ep_epoch1(NODE1) | ep_epoch3(NODE1) | ep_epoch4(NODE1) | NODE0 = NODE1","8","-----00-00------1---------------","6","99","5","0400100020"
"728","forall NODE0,NODE1. ~locked_epoch2(NODE0) | ep_epoch0(NODE1) | ep_epoch1(NODE1) | ep_epoch3(NODE1) | held(NODE1) | NODE0 = NODE1","8","-----00-0--0----1---------------","6","94","3","0301100020"
"729","forall NODE0,NODE1. ~locked_epoch2(NODE0) | ep_epoch0(NODE1) | ep_epoch1(NODE1) | ep_epoch3(NODE1) | locked_epoch4(NODE1) | NODE0 = NODE1","8","-----00-0-------1----0----------","6","92","21","0300110020"
"730","forall NODE0,NODE1. ~locked_epoch2(NODE0) | ep_epoch0(NODE1) | ep_epoch1(NODE1) | ep_epoch4(NODE1) | locked_epoch3(NODE1) | NODE0 = NODE1","8","-----00--0------1--0------------","6","92","21","0300110020"
"731","forall NODE0,NODE1. ~locked_epoch2(NODE0) | ep_epoch0(NODE1) | ep_epoch1(NODE1) | held(NODE1) | locked_epoch3(NODE1) | NODE0 = NODE1","8","-----00----0----1--0------------","6","86","8","0201110020"
"732","forall NODE0,NODE1. ~locked_epoch2(NODE0) | ep_epoch0(NODE1) | ep_epoch1(NODE1) | locked_epoch3(NODE0) | locked_epoch3(NODE1) | NODE0 = NODE1","8","-----00---------1-00------------","6","82","28","0200120020"
"733","forall NODE0,NODE1. ~locked_epoch2(NODE0) | ep_epoch0(NODE1) | ep_epoch1(NODE1) | locked_epoch3(NODE1) | locked_epoch4(NODE1) | NODE0 = NODE1","8","-----00---------1--0-0----------","6","82","28","0200120020"
"734","forall NODE0,NODE1. ~locked_epoch2(NODE0) | ep_epoch0(NODE1) | ep_epoch3(NODE0) | locked_epoch1(NODE1) | locked_epoch3(NODE1) | NODE0 = NODE1","8","---0-0---------01--0------------","6","82","28","0200120020"
"735","forall NODE0,NODE1. ~locked_epoch2(NODE0) | ep_epoch0(NODE1) | ep_epoch3(NODE1) | ep_epoch4(NODE1) | locked_epoch1(NODE1) | NODE0 = NODE1","8","-----0--00-----01---------------","6","92","21","0300110020"
"736","forall NODE0,NODE1. ~locked_epoch2(NODE0) | ep_epoch0(NODE1) | ep_epoch3(NODE1) | held(NODE1) | locked_epoch1(NODE1) | NODE0 = NODE1","8","-----0--0--0---01---------------","6","86","8","0201110020"
"737","forall NODE0,NODE1. ~locked_epoch2(NODE0) | ep_epoch0(NODE1) | ep_epoch3(NODE1) | locked_epoch1(NODE1) | locked_epoch4(NODE1) | NODE0 = NODE1","8","-----0--0------01----0----------","6","82","28","0200120020"
"738","forall NODE0,NODE1. ~locked_epoch2(NODE0) | ep_epoch0(NODE1) | ep_epoch4(NODE1) | locked_epoch1(NODE1) | locked_epoch3(NODE1) | NODE0 = NODE1","8","-----0---0-----01--0------------","6","82","28","0200120020"
"739","forall NODE0,NODE1. ~locked_epoch2(NODE0) | ep_epoch0(NODE1) | held(NODE1) | locked_epoch1(NODE1) | locked_epoch3(NODE1) | NODE0 = NODE1","8","-----0-----0---01--0------------","6","74","5","0101120020"
"740","forall NODE0,NODE1. ~locked_epoch2(NODE0) | ep_epoch0(NODE1) | locked_epoch1(NODE1) | locked_epoch3(NODE0) | locked_epoch3(NODE1) | NODE0 = NODE1","8","-----0---------01-00------------","6","70","11","0100130020"
"741","forall NODE0,NODE1. ~locked_epoch2(NODE0) | ep_epoch0(NODE1) | locked_epoch1(NODE1) | locked_epoch3(NODE1) | locked_epoch4(NODE1) | NODE0 = NODE1","8","-----0---------01--0-0----------","6","70","11","0100130020"
"742","forall NODE0,NODE1. ~locked_epoch2(NODE0) | ep_epoch1(NODE1) | ep_epoch3(NODE0) | locked_epoch1(NODE0) | locked_epoch3(NODE1) | NODE0 = NODE1","8","---0--0-------0-1--0------------","6","82","28","0200120020"
"743","forall NODE0,NODE1. ~locked_epoch2(NODE0) | ep_epoch1(NODE1) | ep_epoch3(NODE1) | ep_epoch4(NODE1) | locked_epoch1(NODE0) | NODE0 = NODE1","8","------0-00----0-1---------------","6","92","21","0300110020"
"744","forall NODE0,NODE1. ~locked_epoch2(NODE0) | ep_epoch1(NODE1) | ep_epoch3(NODE1) | held(NODE1) | locked_epoch1(NODE0) | NODE0 = NODE1","8","------0-0--0--0-1---------------","6","86","8","0201110020"
"745","forall NODE0,NODE1. ~locked_epoch2(NODE0) | ep_epoch1(NODE1) | ep_epoch3(NODE1) | locked_epoch1(NODE0) | locked_epoch4(NODE1) | NODE0 = NODE1","8","------0-0-----0-1----0----------","6","82","28","0200120020"
"746","forall NODE0,NODE1. ~locked_epoch2(NODE0) | ep_epoch1(NODE1) | ep_epoch4(NODE1) | locked_epoch1(NODE0) | locked_epoch3(NODE1) | NODE0 = NODE1","8","------0--0----0-1--0------------","6","82","28","0200120020"
"747","forall NODE0,NODE1. ~locked_epoch2(NODE0) | ep_epoch1(NODE1) | held(NODE1) | locked_epoch1(NODE0) | locked_epoch3(NODE1) | NODE0 = NODE1","8","------0----0--0-1--0------------","6","74","5","0101120020"
"748","forall NODE0,NODE1. ~locked_epoch2(NODE0) | ep_epoch1(NODE1) | locked_epoch1(NODE0) | locked_epoch3(NODE0) | locked_epoch3(NODE1) | NODE0 = NODE1","8","------0-------0-1-00------------","6","70","11","0100130020"
"749","forall NODE0,NODE1. ~locked_epoch2(NODE0) | ep_epoch1(NODE1) | locked_epoch1(NODE0) | locked_epoch3(NODE1) | locked_epoch4(NODE1) | NODE0 = NODE1","8","------0-------0-1--0-0----------","6","70","11","0100130020"
"750","forall NODE0,NODE1. ~locked_epoch3(NODE0) | ~locked_epoch4(NODE0) | ep_epoch0(NODE1) | ep_epoch1(NODE1) | ep_epoch2(NODE1) | NODE0 = NODE1","8","-----000----------1-1-----------","6","93","12","0300200020"
"751","forall NODE0,NODE1. ~locked_epoch3(NODE0) | ~locked_epoch4(NODE0) | ep_epoch0(NODE1) | ep_epoch1(NODE1) | locked_epoch2(NODE1) | NODE0 = NODE1","8","-----00----------01-1-----------","6","83","27","0200210020"
"752","forall NODE0,NODE1. ~locked_epoch3(NODE0) | ~locked_epoch4(NODE0) | ep_epoch0(NODE1) | ep_epoch2(NODE1) | locked_epoch1(NODE1) | NODE0 = NODE1","8","-----0-0-------0--1-1-----------","6","83","27","0200210020"
"753","forall NODE0,NODE1. ~locked_epoch3(NODE0) | ~locked_epoch4(NODE0) | ep_epoch0(NODE1) | locked_epoch1(NODE1) | locked_epoch2(NODE1) | NODE0 = NODE1","8","-----0---------0-01-1-----------","6","71","14","0100220020"
"754","forall NODE0,NODE1. ~locked_epoch3(NODE0) | ~locked_epoch4(NODE0) | ep_epoch1(NODE1) | ep_epoch2(NODE1) | locked_epoch1(NODE0) | NODE0 = NODE1","8","------00------0---1-1-----------","6","83","27","0200210020"
"755","forall NODE0,NODE1. ~locked_epoch3(NODE0) | ~locked_epoch4(NODE0) | ep_epoch1(NODE1) | locked_epoch1(NODE0) | locked_epoch2(NODE1) | NODE0 = NODE1","8","------0-------0--01-1-----------","6","71","14","0100220020"
"756","forall NODE2,NODE0,NODE1. ~locked_epoch3(NODE0) | ~transfer_epoch4(NODE1) | ep_epoch0(NODE2) | ep_epoch1(NODE2) | ep_epoch2(NODE2) | ((NODE0 ~= NODE1 | NODE0 = NODE2) & (NODE1 ~= NODE2 | NODE0 = NODE1))","12","-----000----------1-----------1-","9","215","4","0300101030"
"757","forall NODE2,NODE0,NODE1. ~locked_epoch3(NODE0) | ~transfer_epoch4(NODE1) | ep_epoch0(NODE2) | ep_epoch1(NODE2) | locked_epoch2(NODE2) | ((NODE1 ~= NODE2 | NODE0 = NODE1) & (NODE0 ~= NODE1 | NODE0 = NODE2))","12","-----00----------01-----------1-","9","210","12","0200111030"
"758","forall NODE2,NODE0,NODE1. ~locked_epoch3(NODE0) | ~transfer_epoch4(NODE1) | ep_epoch0(NODE2) | ep_epoch2(NODE2) | locked_epoch1(NODE2) | ((NODE0 ~= NODE1 | NODE0 = NODE2) & (NODE1 ~= NODE2 | NODE0 = NODE1))","12","-----0-0-------0--1-----------1-","9","210","12","0200111030"
"759","forall NODE2,NODE0,NODE1. ~locked_epoch3(NODE0) | ~transfer_epoch4(NODE1) | ep_epoch0(NODE2) | locked_epoch1(NODE2) | locked_epoch2(NODE2) | ((NODE1 ~= NODE2 | NODE0 = NODE1) & (NODE0 ~= NODE1 | NODE0 = NODE2))","12","-----0---------0-01-----------1-","9","204","5","0100121030"
"760","forall NODE2,NODE0,NODE1. ~locked_epoch3(NODE0) | ~transfer_epoch4(NODE1) | ep_epoch1(NODE2) | ep_epoch2(NODE2) | locked_epoch1(NODE0) | ((NODE0 ~= NODE1 | NODE0 = NODE2) & (NODE1 ~= NODE2 | NODE0 = NODE1))","12","------00------0---1-----------1-","9","210","12","0200111030"
"761","forall NODE2,NODE0,NODE1. ~locked_epoch3(NODE0) | ~transfer_epoch4(NODE1) | ep_epoch1(NODE2) | locked_epoch1(NODE0) | locked_epoch2(NODE2) | ((NODE1 ~= NODE2 | NODE0 = NODE1) & (NODE0 ~= NODE1 | NODE0 = NODE2))","12","------0-------0--01-----------1-","9","204","5","0100121030"
"762","forall NODE0,NODE1. ~locked_epoch3(NODE0) | ep_epoch0(NODE1) | ep_epoch1(NODE1) | ep_epoch2(NODE1) | ep_epoch3(NODE0) | NODE0 = NODE1","8","---0-000----------1-------------","6","99","5","0400100020"
"763","forall NODE0,NODE1. ~locked_epoch3(NODE0) | ep_epoch0(NODE1) | ep_epoch1(NODE1) | ep_epoch2(NODE1) | ep_epoch4(NODE1) | NODE0 = NODE1","8","-----000-0--------1-------------","6","99","5","0400100020"
"764","forall NODE0,NODE1. ~locked_epoch3(NODE0) | ep_epoch0(NODE1) | ep_epoch1(NODE1) | ep_epoch2(NODE1) | held(NODE1) | NODE0 = NODE1","8","-----000---0------1-------------","6","94","3","0301100020"
"765","forall NODE0,NODE1. ~locked_epoch3(NODE0) | ep_epoch0(NODE1) | ep_epoch1(NODE1) | ep_epoch2(NODE1) | locked_epoch4(NODE1) | NODE0 = NODE1","8","-----000----------1--0----------","6","92","21","0300110020"
"766","forall NODE0,NODE1. ~locked_epoch3(NODE0) | ep_epoch0(NODE1) | ep_epoch1(NODE1) | ep_epoch3(NODE0) | locked_epoch2(NODE1) | NODE0 = NODE1","8","---0-00----------01-------------","6","92","21","0300110020"
"767","forall NODE0,NODE1. ~locked_epoch3(NODE0) | ep_epoch0(NODE1) | ep_epoch1(NODE1) | ep_epoch4(NODE1) | locked_epoch2(NODE1) | NODE0 = NODE1","8","-----00--0-------01-------------","6","92","21","0300110020"
"768","forall NODE0,NODE1. ~locked_epoch3(NODE0) | ep_epoch0(NODE1) | ep_epoch1(NODE1) | held(NODE1) | locked_epoch2(NODE1) | NODE0 = NODE1","8","-----00----0-----01-------------","6","86","8","0201110020"
"769","forall NODE0,NODE1. ~locked_epoch3(NODE0) | ep_epoch0(NODE1) | ep_epoch1(NODE1) | locked_epoch2(NODE1) | locked_epoch4(NODE1) | NODE0 = NODE1","8","-----00----------01--0----------","6","82","28","0200120020"
"770","forall NODE0,NODE1. ~locked_epoch3(NODE0) | ep_epoch0(NODE1) | ep_epoch2(NODE1) | ep_epoch3(NODE0) | locked_epoch1(NODE1) | NODE0 = NODE1","8","---0-0-0-------0--1-------------","6","92","21","0300110020"
"771","forall NODE0,NODE1. ~locked_epoch3(NODE0) | ep_epoch0(NODE1) | ep_epoch2(NODE1) | ep_epoch4(NODE1) | locked_epoch1(NODE1) | NODE0 = NODE1","8","-----0-0-0-----0--1-------------","6","92","21","0300110020"
"772","forall NODE0,NODE1. ~locked_epoch3(NODE0) | ep_epoch0(NODE1) | ep_epoch2(NODE1) | held(NODE1) | locked_epoch1(NODE1) | NODE0 = NODE1","8","-----0-0---0---0--1-------------","6","86","8","0201110020"
"773","forall NODE0,NODE1. ~locked_epoch3(NODE0) | ep_epoch0(NODE1) | ep_epoch2(NODE1) | locked_epoch1(NODE1) | locked_epoch4(NODE1) | NODE0 = NODE1","8","-----0-0-------0--1--0----------","6","82","28","0200120020"
"774","forall NODE0,NODE1. ~locked_epoch3(NODE0) | ep_epoch0(NODE1) | ep_epoch3(NODE0) | locked_epoch1(NODE1) | locked_epoch2(NODE1) | NODE0 = NODE1","8","---0-0---------0-01-------------","6","82","28","0200120020"
"775","forall NODE0,NODE1. ~locked_epoch3(NODE0) | ep_epoch0(NODE1) | ep_epoch4(NODE1) | locked_epoch1(NODE1) | locked_epoch2(NODE1) | NODE0 = NODE1","8","-----0---0-----0-01-------------","6","82","28","0200120020"
"776","forall NODE0,NODE1. ~locked_epoch3(NODE0) | ep_epoch0(NODE1) | held(NODE1) | locked_epoch1(NODE1) | locked_epoch2(NODE1) | NODE0 = NODE1","8","-----0-----0---0-01-------------","6","74","5","0101120020"
"777","forall NODE0,NODE1. ~locked_epoch3(NODE0) | ep_epoch0(NODE1) | locked_epoch1(NODE1) | locked_epoch2(NODE1) | locked_epoch4(NODE1) | NODE0 = NODE1","8","-----0---------0-01--0----------","6","70","11","0100130020"
"778","forall NODE0,NODE1. ~locked_epoch3(NODE0) | ep_epoch1(NODE1) | ep_epoch2(NODE1) | ep_epoch3(NODE0) | locked_epoch1(NODE0) | NODE0 = NODE1","8","---0--00------0---1-------------","6","92","21","0300110020"
"779","forall NODE0,NODE1. ~locked_epoch3(NODE0) | ep_epoch1(NODE1) | ep_epoch2(NODE1) | ep_epoch4(NODE1) | locked_epoch1(NODE0) | NODE0 = NODE1","8","------00-0----0---1-------------","6","92","21","0300110020"
"780","forall NODE0,NODE1. ~locked_epoch3(NODE0) | ep_epoch1(NODE1) | ep_epoch2(NODE1) | held(NODE1) | locked_epoch1(NODE0) | NODE0 = NODE1","8","------00---0--0---1-------------","6","86","8","0201110020"
"781","forall NODE0,NODE1. ~locked_epoch3(NODE0) | ep_epoch1(NODE1) | ep_epoch2(NODE1) | locked_epoch1(NODE0) | locked_epoch4(NODE1) | NODE0 = NODE1","8","------00------0---1--0----------","6","82","28","0200120020"
"782","forall NODE0,NODE1. ~locked_epoch3(NODE0) | ep_epoch1(NODE1) | ep_epoch3(NODE0) | locked_epoch1(NODE0) | locked_epoch2(NODE1) | NODE0 = NODE1","8","---0--0-------0--01-------------","6","82","28","0200120020"
"783","forall NODE0,NODE1. ~locked_epoch3(NODE0) | ep_epoch1(NODE1) | ep_epoch4(NODE1) | locked_epoch1(NODE0) | locked_epoch2(NODE1) | NODE0 = NODE1","8","------0--0----0--01-------------","6","82","28","0200120020"
"784","forall NODE0,NODE1. ~locked_epoch3(NODE0) | ep_epoch1(NODE1) | held(NODE1) | locked_epoch1(NODE0) | locked_epoch2(NODE1) | NODE0 = NODE1","8","------0----0--0--01-------------","6","74","5","0101120020"
"785","forall NODE0,NODE1. ~locked_epoch3(NODE0) | ep_epoch1(NODE1) | locked_epoch1(NODE0) | locked_epoch2(NODE1) | locked_epoch4(NODE1) | NODE0 = NODE1","8","------0-------0--01--0----------","6","70","11","0100130020"
"786","forall NODE0,NODE1. ~locked_epoch3(NODE0) | ep_epoch4(NODE1) | held(NODE0) | transfer_epoch4(NODE0) | transfer_epoch4(NODE1) | NODE0 = NODE1","8","---------00-------1-----------00","6","0","101","0101100220"
"787","forall NODE0,NODE1. ~locked_epoch3(NODE0) | held(NODE0) | held(NODE1) | transfer_epoch4(NODE0) | transfer_epoch4(NODE1) | NODE0 = NODE1","8","----------00------1-----------00","6","0","101","0002100220"
"788","forall NODE0,NODE1. ~locked_epoch3(NODE0) | held(NODE0) | locked_epoch4(NODE1) | transfer_epoch4(NODE0) | transfer_epoch4(NODE1) | NODE0 = NODE1","8","----------0-------1--0--------00","6","0","101","0001110220"
"789","forall NODE0,NODE1. ~locked_epoch4(NODE0) | ep_epoch0(NODE1) | ep_epoch1(NODE1) | ep_epoch2(NODE1) | ep_epoch3(NODE1) | NODE0 = NODE1","8","-----0000-----------1-----------","6","99","5","0400100020"
"790","forall NODE0,NODE1. ~locked_epoch4(NODE0) | ep_epoch0(NODE1) | ep_epoch1(NODE1) | ep_epoch2(NODE1) | locked_epoch3(NODE1) | NODE0 = NODE1","8","-----000-----------01-----------","6","92","21","0300110020"
"791","forall NODE0,NODE1. ~locked_epoch4(NODE0) | ep_epoch0(NODE1) | ep_epoch1(NODE1) | ep_epoch3(NODE1) | locked_epoch2(NODE1) | NODE0 = NODE1","8","-----00-0--------0--1-----------","6","92","21","0300110020"
"792","forall NODE0,NODE1. ~locked_epoch4(NODE0) | ep_epoch0(NODE1) | ep_epoch1(NODE1) | locked_epoch2(NODE1) | locked_epoch3(NODE1) | NODE0 = NODE1","8","-----00----------0-01-----------","6","82","28","0200120020"
"793","forall NODE0,NODE1. ~locked_epoch4(NODE0) | ep_epoch0(NODE1) | ep_epoch2(NODE1) | ep_epoch3(NODE1) | locked_epoch1(NODE1) | NODE0 = NODE1","8","-----0-00------0----1-----------","6","92","21","0300110020"
"794","forall NODE0,NODE1. ~locked_epoch4(NODE0) | ep_epoch0(NODE1) | ep_epoch2(NODE1) | locked_epoch1(NODE1) | locked_epoch3(NODE1) | NODE0 = NODE1","8","-----0-0-------0---01-----------","6","82","28","0200120020"
"795","forall NODE0,NODE1. ~locked_epoch4(NODE0) | ep_epoch0(NODE1) | ep_epoch3(NODE1) | locked_epoch1(NODE1) | locked_epoch2(NODE1) | NODE0 = NODE1","8","-----0--0------0-0--1-----------","6","82","28","0200120020"
"796","forall NODE0,NODE1. ~locked_epoch4(NODE0) | ep_epoch0(NODE1) | locked_epoch1(NODE1) | locked_epoch2(NODE1) | locked_epoch3(NODE1) | NODE0 = NODE1","8","-----0---------0-0-01-----------","6","70","11","0100130020"
"797","forall NODE0,NODE1. ~locked_epoch4(NODE0) | ep_epoch1(NODE1) | ep_epoch2(NODE1) | ep_epoch3(NODE1) | locked_epoch1(NODE0) | NODE0 = NODE1","8","------000-----0-----1-----------","6","92","21","0300110020"
"798","forall NODE0,NODE1. ~locked_epoch4(NODE0) | ep_epoch1(NODE1) | ep_epoch2(NODE1) | locked_epoch1(NODE0) | locked_epoch3(NODE1) | NODE0 = NODE1","8","------00------0----01-----------","6","82","28","0200120020"
"799","forall NODE0,NODE1. ~locked_epoch4(NODE0) | ep_epoch1(NODE1) | ep_epoch3(NODE1) | locked_epoch1(NODE0) | locked_epoch2(NODE1) | NODE0 = NODE1","8","------0-0-----0--0--1-----------","6","82","28","0200120020"
"800","forall NODE0,NODE1. ~locked_epoch4(NODE0) | ep_epoch1(NODE1) | locked_epoch1(NODE0) | locked_epoch2(NODE1) | locked_epoch3(NODE1) | NODE0 = NODE1","8","------0-------0--0-01-----------","6","70","11","0100130020"
"801","forall NODE0,NODE1. ~transfer_epoch3(NODE0) | ep_epoch0(NODE0) | ep_epoch0(NODE1) | ep_epoch1(NODE0) | ep_epoch1(NODE1) | NODE0 = NODE1","8","00---00---------------------1---","6","97","2","0400001020"
"802","forall NODE0,NODE1. ~transfer_epoch4(NODE0) | ep_epoch0(NODE1) | ep_epoch1(NODE1) | ep_epoch2(NODE1) | ep_epoch3(NODE1)","7","0000--------------------------1-","5","97","2","0400001020"
"803","forall NODE0,NODE1. ~transfer_epoch4(NODE0) | ep_epoch0(NODE1) | ep_epoch1(NODE1) | ep_epoch2(NODE1) | locked_epoch3(NODE1)","7","000---------------0-----------1-","5","60","3","0300011020"
"804","forall NODE2,NODE0,NODE1. ~transfer_epoch4(NODE0) | ep_epoch0(NODE1) | ep_epoch1(NODE1) | ep_epoch2(NODE2) | locked_epoch2(NODE1) | ((NODE0 ~= NODE1 | NODE0 = NODE2) & (NODE0 ~= NODE2 | NODE0 = NODE1))","12","00-----0--------0-------------1-","9","214","2","0300011030"
"805","forall NODE0,NODE1. ~transfer_epoch4(NODE0) | ep_epoch0(NODE1) | ep_epoch1(NODE1) | ep_epoch3(NODE1) | locked_epoch2(NODE1)","7","00-0------------0-------------1-","5","60","3","0300011020"
"806","forall NODE0,NODE1. ~transfer_epoch4(NODE0) | ep_epoch0(NODE1) | ep_epoch1(NODE1) | locked_epoch2(NODE1) | locked_epoch3(NODE1)","7","00--------------0-0-----------1-","5","55","3","0200021020"
"807","forall NODE0,NODE1. ~transfer_epoch4(NODE0) | ep_epoch0(NODE1) | ep_epoch2(NODE1) | ep_epoch3(NODE1) | locked_epoch1(NODE1)","7","0-00----------0---------------1-","5","60","3","0300011020"
"808","forall NODE0,NODE1. ~transfer_epoch4(NODE0) | ep_epoch0(NODE1) | ep_epoch2(NODE1) | locked_epoch1(NODE1) | locked_epoch3(NODE1)","7","0-0-----------0---0-----------1-","5","55","3","0200021020"
"809","forall NODE2,NODE0,NODE1. ~transfer_epoch4(NODE0) | ep_epoch0(NODE1) | ep_epoch2(NODE2) | locked_epoch1(NODE1) | locked_epoch2(NODE1) | ((NODE0 ~= NODE1 | NODE0 = NODE2) & (NODE0 ~= NODE2 | NODE0 = NODE1))","12","0------0------0-0-------------1-","9","209","4","0200021030"
"810","forall NODE0,NODE1. ~transfer_epoch4(NODE0) | ep_epoch0(NODE1) | ep_epoch3(NODE1) | locked_epoch1(NODE1) | locked_epoch2(NODE1)","7","0--0----------0-0-------------1-","5","55","3","0200021020"
"811","forall NODE0,NODE1. ~transfer_epoch4(NODE0) | ep_epoch0(NODE1) | locked_epoch1(NODE1) | locked_epoch2(NODE1) | locked_epoch3(NODE1)","7","0-------------0-0-0-----------1-","5","0","101","0100031020"
"812","forall NODE2,NODE0,NODE1. ~transfer_epoch4(NODE0) | ep_epoch1(NODE1) | ep_epoch2(NODE1) | ep_epoch3(NODE1) | locked_epoch1(NODE2) | ((NODE0 ~= NODE1 | NODE0 = NODE2) & (NODE0 ~= NODE2 | NODE0 = NODE1))","12","-000-----------0--------------1-","9","214","2","0300011030"
"813","forall NODE2,NODE0,NODE1. ~transfer_epoch4(NODE0) | ep_epoch1(NODE1) | ep_epoch2(NODE1) | locked_epoch1(NODE2) | locked_epoch3(NODE1) | ((NODE0 ~= NODE1 | NODE0 = NODE2) & (NODE0 ~= NODE2 | NODE0 = NODE1))","12","-00------------0--0-----------1-","9","209","4","0200021030"
"814","forall NODE2,NODE0,NODE1. ~transfer_epoch4(NODE0) | ep_epoch1(NODE1) | ep_epoch2(NODE2) | locked_epoch1(NODE2) | locked_epoch2(NODE1) | ((NODE0 ~= NODE1 | NODE0 = NODE2) & (NODE0 ~= NODE2 | NODE0 = NODE1))","12","-0-----0-------00-------------1-","9","209","4","0200021030"
"815","forall NODE2,NODE0,NODE1. ~transfer_epoch4(NODE0) | ep_epoch1(NODE1) | ep_epoch3(NODE1) | locked_epoch1(NODE2) | locked_epoch2(NODE1) | ((NODE0 ~= NODE1 | NODE0 = NODE2) & (NODE0 ~= NODE2 | NODE0 = NODE1))","12","-0-0-----------00-------------1-","9","209","4","0200021030"
"816","forall NODE2,NODE0,NODE1. ~transfer_epoch4(NODE0) | ep_epoch1(NODE1) | locked_epoch1(NODE2) | locked_epoch2(NODE1) | locked_epoch3(NODE1) | ((NODE0 ~= NODE1 | NODE0 = NODE2) & (NODE0 ~= NODE2 | NODE0 = NODE1))","12","-0-------------00-0-----------1-","9","0","101","0100031030"
"817","forall NODE0. ep_epoch0(NODE0) | ep_epoch1(NODE0) | ep_epoch2(NODE0) | ep_epoch3(NODE0) | ep_epoch4(NODE0)","6","00000---------------------------","5","0","101","0500000010"
"818","forall NODE0. ep_epoch0(NODE0) | ep_epoch1(NODE0) | ep_epoch2(NODE0) | ep_epoch3(NODE0) | held(NODE0)","6","0000------0---------------------","5","0","101","0401000010"
"819","forall NODE0. ep_epoch0(NODE0) | ep_epoch1(NODE0) | ep_epoch2(NODE0) | ep_epoch3(NODE0) | locked_epoch4(NODE0)","6","0000----------------0-----------","5","40","4","0400010010"
"820","forall NODE0,NODE1. ep_epoch0(NODE0) | ep_epoch1(NODE0) | ep_epoch2(NODE0) | ep_epoch3(NODE1) | locked_epoch3(NODE0) | NODE0 = NODE1","8","000-----0---------0-------------","6","98","2","0400010020"
"821","forall NODE0. ep_epoch0(NODE0) | ep_epoch1(NODE0) | ep_epoch2(NODE0) | ep_epoch4(NODE0) | locked_epoch3(NODE0)","6","000-0-------------0-------------","5","40","4","0400010010"
"822","forall NODE0. ep_epoch0(NODE0) | ep_epoch1(NODE0) | ep_epoch2(NODE0) | held(NODE0) | locked_epoch3(NODE0)","6","000-------0-------0-------------","5","38","3","0301010010"
"823","forall NODE0,NODE1. ep_epoch0(NODE0) | ep_epoch1(NODE0) | ep_epoch2(NODE0) | locked_epoch3(NODE0) | locked_epoch3(NODE1) | NODE0 = NODE1","8","000---------------00------------","6","91","7","0300020020"
"824","forall NODE0. ep_epoch0(NODE0) | ep_epoch1(NODE0) | ep_epoch2(NODE0) | locked_epoch3(NODE0) | locked_epoch4(NODE0)","6","000---------------0-0-----------","5","36","6","0300020010"
"825","forall NODE0. ep_epoch0(NODE0) | ep_epoch1(NODE0) | ep_epoch3(NODE0) | ep_epoch4(NODE0) | locked_epoch2(NODE0)","6","00-00-----------0---------------","5","40","4","0400010010"
"826","forall NODE0. ep_epoch0(NODE0) | ep_epoch1(NODE0) | ep_epoch3(NODE0) | held(NODE0) | locked_epoch2(NODE0)","6","00-0------0-----0---------------","5","38","3","0301010010"
"827","forall NODE0. ep_epoch0(NODE0) | ep_epoch1(NODE0) | ep_epoch3(NODE0) | locked_epoch2(NODE0) | locked_epoch4(NODE0)","6","00-0------------0---0-----------","5","36","6","0300020010"
"828","forall NODE0,NODE1. ep_epoch0(NODE0) | ep_epoch1(NODE0) | ep_epoch3(NODE1) | locked_epoch2(NODE0) | locked_epoch3(NODE0) | NODE0 = NODE1","8","00------0-------0-0-------------","6","91","7","0300020020"
"829","forall NODE0. ep_epoch0(NODE0) | ep_epoch1(NODE0) | ep_epoch4(NODE0) | locked_epoch2(NODE0) | locked_epoch3(NODE0)","6","00--0-----------0-0-------------","5","36","6","0300020010"
"830","forall NODE0. ep_epoch0(NODE0) | ep_epoch1(NODE0) | held(NODE0) | locked_epoch2(NODE0) | locked_epoch3(NODE0)","6","00--------0-----0-0-------------","5","33","3","0201020010"
"831","forall NODE0,NODE1. ep_epoch0(NODE0) | ep_epoch1(NODE0) | locked_epoch2(NODE0) | locked_epoch3(NODE0) | locked_epoch3(NODE1) | NODE0 = NODE1","8","00--------------0-00------------","6","81","9","0200030020"
"832","forall NODE0. ep_epoch0(NODE0) | ep_epoch1(NODE0) | locked_epoch2(NODE0) | locked_epoch3(NODE0) | locked_epoch4(NODE0)","6","00--------------0-0-0-----------","5","30","4","0200030010"
"833","forall NODE0,NODE1. ep_epoch0(NODE0) | ep_epoch1(NODE1) | locked_epoch1(NODE0) | locked_epoch3(NODE0) | locked_epoch3(NODE1) | NODE0 = NODE1","8","0-----0-------0---00------------","6","81","9","0200030020"
"834","forall NODE0. ep_epoch0(NODE0) | ep_epoch2(NODE0) | ep_epoch3(NODE0) | ep_epoch4(NODE0) | locked_epoch1(NODE0)","6","0-000---------0-----------------","5","40","4","0400010010"
"835","forall NODE0. ep_epoch0(NODE0) | ep_epoch2(NODE0) | ep_epoch3(NODE0) | held(NODE0) | locked_epoch1(NODE0)","6","0-00------0---0-----------------","5","38","3","0301010010"
"836","forall NODE0. ep_epoch0(NODE0) | ep_epoch2(NODE0) | ep_epoch3(NODE0) | locked_epoch1(NODE0) | locked_epoch4(NODE0)","6","0-00----------0-----0-----------","5","36","6","0300020010"
"837","forall NODE0,NODE1. ep_epoch0(NODE0) | ep_epoch2(NODE0) | ep_epoch3(NODE1) | locked_epoch1(NODE0) | locked_epoch3(NODE0) | NODE0 = NODE1","8","0-0-----0-----0---0-------------","6","91","7","0300020020"
"838","forall NODE0. ep_epoch0(NODE0) | ep_epoch2(NODE0) | ep_epoch4(NODE0) | locked_epoch1(NODE0) | locked_epoch3(NODE0)","6","0-0-0---------0---0-------------","5","36","6","0300020010"
"839","forall NODE0. ep_epoch0(NODE0) | ep_epoch2(NODE0) | held(NODE0) | locked_epoch1(NODE0) | locked_epoch3(NODE0)","6","0-0-------0---0---0-------------","5","33","3","0201020010"
"840","forall NODE0,NODE1. ep_epoch0(NODE0) | ep_epoch2(NODE0) | locked_epoch1(NODE0) | locked_epoch3(NODE0) | locked_epoch3(NODE1) | NODE0 = NODE1","8","0-0-----------0---00------------","6","81","9","0200030020"
"841","forall NODE0. ep_epoch0(NODE0) | ep_epoch2(NODE0) | locked_epoch1(NODE0) | locked_epoch3(NODE0) | locked_epoch4(NODE0)","6","0-0-----------0---0-0-----------","5","30","4","0200030010"
"842","forall NODE0. ep_epoch0(NODE0) | ep_epoch3(NODE0) | ep_epoch4(NODE0) | locked_epoch1(NODE0) | locked_epoch2(NODE0)","6","0--00---------0-0---------------","5","36","6","0300020010"
"843","forall NODE0. ep_epoch0(NODE0) | ep_epoch3(NODE0) | held(NODE0) | locked_epoch1(NODE0) | locked_epoch2(NODE0)","6","0--0------0---0-0---------------","5","33","3","0201020010"
"844","forall NODE0. ep_epoch0(NODE0) | ep_epoch3(NODE0) | locked_epoch1(NODE0) | locked_epoch2(NODE0) | locked_epoch4(NODE0)","6","0--0----------0-0---0-----------","5","30","4","0200030010"
"845","forall NODE0,NODE1. ep_epoch0(NODE0) | ep_epoch3(NODE1) | locked_epoch1(NODE0) | locked_epoch2(NODE0) | locked_epoch3(NODE0) | NODE0 = NODE1","8","0-------0-----0-0-0-------------","6","81","9","0200030020"
"846","forall NODE0. ep_epoch0(NODE0) | ep_epoch4(NODE0) | locked_epoch1(NODE0) | locked_epoch2(NODE0) | locked_epoch3(NODE0)","6","0---0---------0-0-0-------------","5","30","4","0200030010"
"847","forall NODE0. ep_epoch0(NODE0) | held(NODE0) | locked_epoch1(NODE0) | locked_epoch2(NODE0) | locked_epoch3(NODE0)","6","0---------0---0-0-0-------------","5","0","101","0101030010"
"848","forall NODE0,NODE1. ep_epoch0(NODE0) | locked_epoch1(NODE0) | locked_epoch2(NODE0) | locked_epoch3(NODE0) | locked_epoch3(NODE1) | NODE0 = NODE1","8","0-------------0-0-00------------","6","69","3","0100040020"
"849","forall NODE0. ep_epoch0(NODE0) | locked_epoch1(NODE0) | locked_epoch2(NODE0) | locked_epoch3(NODE0) | locked_epoch4(NODE0)","6","0-------------0-0-0-0-----------","5","0","101","0100040010"
"850","forall NODE0,NODE1. ep_epoch1(NODE0) | ep_epoch2(NODE0) | ep_epoch3(NODE0) | ep_epoch4(NODE0) | locked_epoch1(NODE1) | NODE0 = NODE1","8","-0000----------0----------------","6","98","2","0400010020"
"851","forall NODE0,NODE1. ep_epoch1(NODE0) | ep_epoch2(NODE0) | ep_epoch3(NODE0) | held(NODE0) | locked_epoch1(NODE1) | NODE0 = NODE1","8","-000------0----0----------------","6","0","101","0301010020"
"852","forall NODE0,NODE1. ep_epoch1(NODE0) | ep_epoch2(NODE0) | ep_epoch3(NODE0) | locked_epoch1(NODE1) | locked_epoch4(NODE0) | NODE0 = NODE1","8","-000-----------0----0-----------","6","91","7","0300020020"
"853","forall NODE0,NODE1. ep_epoch1(NODE0) | ep_epoch2(NODE0) | ep_epoch3(NODE1) | locked_epoch1(NODE1) | locked_epoch3(NODE0) | NODE0 = NODE1","8","-00-----0------0--0-------------","6","91","7","0300020020"
"854","forall NODE0,NODE1. ep_epoch1(NODE0) | ep_epoch2(NODE0) | ep_epoch4(NODE0) | locked_epoch1(NODE1) | locked_epoch3(NODE0) | NODE0 = NODE1","8","-00-0----------0--0-------------","6","91","7","0300020020"
"855","forall NODE0,NODE1. ep_epoch1(NODE0) | ep_epoch2(NODE0) | held(NODE0) | locked_epoch1(NODE1) | locked_epoch3(NODE0) | NODE0 = NODE1","8","-00-------0----0--0-------------","6","85","2","0201020020"
"856","forall NODE0,NODE1. ep_epoch1(NODE0) | ep_epoch2(NODE0) | locked_epoch1(NODE1) | locked_epoch3(NODE0) | locked_epoch3(NODE1) | NODE0 = NODE1","8","-00------------0--00------------","6","81","9","0200030020"
"857","forall NODE0,NODE1. ep_epoch1(NODE0) | ep_epoch2(NODE0) | locked_epoch1(NODE1) | locked_epoch3(NODE0) | locked_epoch4(NODE0) | NODE0 = NODE1","8","-00------------0--0-0-----------","6","81","9","0200030020"
"858","forall NODE0,NODE1. ep_epoch1(NODE0) | ep_epoch3(NODE0) | ep_epoch4(NODE0) | locked_epoch1(NODE1) | locked_epoch2(NODE0) | NODE0 = NODE1","8","-0-00----------00---------------","6","91","7","0300020020"
"859","forall NODE0,NODE1. ep_epoch1(NODE0) | ep_epoch3(NODE0) | held(NODE0) | locked_epoch1(NODE1) | locked_epoch2(NODE0) | NODE0 = NODE1","8","-0-0------0----00---------------","6","85","2","0201020020"
"860","forall NODE0,NODE1. ep_epoch1(NODE0) | ep_epoch3(NODE0) | locked_epoch1(NODE1) | locked_epoch2(NODE0) | locked_epoch4(NODE0) | NODE0 = NODE1","8","-0-0-----------00---0-----------","6","81","9","0200030020"
"861","forall NODE0,NODE1. ep_epoch1(NODE0) | ep_epoch3(NODE1) | locked_epoch1(NODE1) | locked_epoch2(NODE0) | locked_epoch3(NODE0) | NODE0 = NODE1","8","-0------0------00-0-------------","6","81","9","0200030020"
"862","forall NODE0,NODE1. ep_epoch1(NODE0) | ep_epoch4(NODE0) | locked_epoch1(NODE1) | locked_epoch2(NODE0) | locked_epoch3(NODE0) | NODE0 = NODE1","8","-0--0----------00-0-------------","6","81","9","0200030020"
"863","forall NODE0,NODE1. ep_epoch1(NODE0) | held(NODE0) | locked_epoch1(NODE1) | locked_epoch2(NODE0) | locked_epoch3(NODE0) | NODE0 = NODE1","8","-0--------0----00-0-------------","6","0","101","0101030020"
"864","forall NODE0,NODE1. ep_epoch1(NODE0) | locked_epoch1(NODE1) | locked_epoch2(NODE0) | locked_epoch3(NODE0) | locked_epoch3(NODE1) | NODE0 = NODE1","8","-0-------------00-00------------","6","69","3","0100040020"
"865","forall NODE0,NODE1. ep_epoch1(NODE0) | locked_epoch1(NODE1) | locked_epoch2(NODE0) | locked_epoch3(NODE0) | locked_epoch4(NODE0) | NODE0 = NODE1","8","-0-------------00-0-0-----------","6","69","3","0100040020"
"866","forall NODE0,NODE1. ~ep_epoch0(NODE0) | ~locked_epoch2(NODE1) | ep_epoch2(NODE1) | held(NODE1) | transfer_epoch4(NODE0) | transfer_epoch4(NODE1) | NODE0 = NODE1","9","1------0---0-----1------------00","7","149","6","1101100220"
"867","forall NODE0,NODE1. ~ep_epoch0(NODE0) | ~locked_epoch2(NODE1) | ep_epoch3(NODE1) | held(NODE1) | transfer_epoch3(NODE0) | transfer_epoch3(NODE1) | NODE0 = NODE1","9","1-------0--0-----1----------00--","7","149","6","1101100220"
"868","forall NODE0,NODE1. ~ep_epoch0(NODE0) | ~locked_epoch2(NODE1) | held(NODE1) | locked_epoch3(NODE1) | transfer_epoch3(NODE0) | transfer_epoch3(NODE1) | NODE0 = NODE1","9","1----------0-----1-0--------00--","7","147","2","1001110220"
"869","forall NODE0,NODE1. ~ep_epoch0(NODE0) | ep_epoch1(NODE1) | ep_epoch2(NODE1) | held(NODE1) | transfer_epoch4(NODE0) | transfer_epoch4(NODE1) | NODE0 = NODE1","9","1-----00---0------------------00","7","150","7","1201000220"
"870","forall NODE0,NODE1. ~ep_epoch0(NODE0) | ep_epoch1(NODE1) | ep_epoch3(NODE1) | held(NODE1) | transfer_epoch3(NODE0) | transfer_epoch3(NODE1) | NODE0 = NODE1","9","1-----0-0--0----------------00--","7","150","7","1201000220"
"871","forall NODE0,NODE1. ~ep_epoch0(NODE0) | ep_epoch1(NODE1) | held(NODE1) | locked_epoch3(NODE1) | transfer_epoch3(NODE0) | transfer_epoch3(NODE1) | NODE0 = NODE1","9","1-----0----0-------0--------00--","7","148","7","1101010220"
"872","forall NODE0,NODE1. ~ep_epoch0(NODE0) | ep_epoch2(NODE1) | ep_epoch3(NODE1) | held(NODE1) | transfer_epoch2(NODE0) | transfer_epoch2(NODE1) | NODE0 = NODE1","9","1------00--0--------------00----","7","150","7","1201000220"
"873","forall NODE0,NODE1. ~ep_epoch0(NODE0) | ep_epoch2(NODE1) | held(NODE1) | locked_epoch3(NODE1) | transfer_epoch2(NODE0) | transfer_epoch2(NODE1) | NODE0 = NODE1","9","1------0---0-------0------00----","7","148","7","1101010220"
"874","forall NODE0,NODE1. ~ep_epoch1(NODE0) | ~locked_epoch2(NODE1) | ep_epoch2(NODE1) | held(NODE1) | transfer_epoch4(NODE0) | transfer_epoch4(NODE1) | NODE0 = NODE1","9","-1-----0---0-----1------------00","7","149","6","1101100220"
"875","forall NODE0,NODE1. ~ep_epoch1(NODE0) | ~locked_epoch2(NODE1) | ep_epoch3(NODE1) | held(NODE1) | transfer_epoch3(NODE0) | transfer_epoch3(NODE1) | NODE0 = NODE1","9","-1------0--0-----1----------00--","7","149","6","1101100220"
"876","forall NODE0,NODE1. ~ep_epoch1(NODE0) | ~locked_epoch2(NODE1) | held(NODE1) | locked_epoch3(NODE1) | transfer_epoch3(NODE0) | transfer_epoch3(NODE1) | NODE0 = NODE1","9","-1---------0-----1-0--------00--","7","147","2","1001110220"
"877","forall NODE0,NODE1. ~ep_epoch1(NODE0) | ep_epoch0(NODE1) | ep_epoch2(NODE1) | held(NODE1) | transfer_epoch4(NODE0) | transfer_epoch4(NODE1) | NODE0 = NODE1","9","-1---0-0---0------------------00","7","150","7","1201000220"
"878","forall NODE0,NODE1. ~ep_epoch1(NODE0) | ep_epoch0(NODE1) | ep_epoch3(NODE1) | held(NODE1) | transfer_epoch3(NODE0) | transfer_epoch3(NODE1) | NODE0 = NODE1","9","-1---0--0--0----------------00--","7","150","7","1201000220"
"879","forall NODE0,NODE1. ~ep_epoch1(NODE0) | ep_epoch0(NODE1) | held(NODE1) | locked_epoch3(NODE1) | transfer_epoch3(NODE0) | transfer_epoch3(NODE1) | NODE0 = NODE1","9","-1---0-----0-------0--------00--","7","148","7","1101010220"
"880","forall NODE0,NODE1. ~ep_epoch1(NODE0) | ep_epoch2(NODE1) | held(NODE0) | locked_epoch3(NODE1) | transfer_epoch2(NODE0) | transfer_epoch2(NODE1) | NODE0 = NODE1","9","-1-----0--0--------0------00----","7","148","7","1101010220"
"881","forall NODE0,NODE1. ~ep_epoch2(NODE0) | ~locked_epoch1(NODE0) | ep_epoch0(NODE1) | held(NODE1) | transfer_epoch4(NODE0) | transfer_epoch4(NODE1) | NODE0 = NODE1","9","--1--0-----0--1---------------00","7","149","6","1101100220"
"882","forall NODE0,NODE1. ~ep_epoch2(NODE0) | ~locked_epoch1(NODE1) | ep_epoch1(NODE1) | held(NODE1) | transfer_epoch4(NODE0) | transfer_epoch4(NODE1) | NODE0 = NODE1","9","--1---0----0---1--------------00","7","149","6","1101100220"
"883","forall NODE0,NODE1. ~ep_epoch2(NODE0) | ep_epoch0(NODE1) | ep_epoch1(NODE1) | held(NODE1) | transfer_epoch4(NODE0) | transfer_epoch4(NODE1) | NODE0 = NODE1","9","--1--00----0------------------00","7","150","7","1201000220"
"884","forall NODE0,NODE1. ~ep_epoch2(NODE0) | ep_epoch0(NODE1) | held(NODE1) | locked_epoch1(NODE1) | transfer_epoch4(NODE0) | transfer_epoch4(NODE1) | NODE0 = NODE1","9","--1--0-----0---0--------------00","7","148","7","1101010220"
"885","forall NODE0,NODE1. ~ep_epoch2(NODE0) | ep_epoch1(NODE1) | held(NODE1) | locked_epoch1(NODE0) | transfer_epoch4(NODE0) | transfer_epoch4(NODE1) | NODE0 = NODE1","9","--1---0----0--0---------------00","7","148","7","1101010220"
"886","forall NODE0,NODE1. ~ep_epoch2(NODE0) | ep_epoch3(NODE1) | ep_epoch4(NODE1) | held(NODE0) | transfer_epoch3(NODE0) | transfer_epoch3(NODE1) | NODE0 = NODE1","9","--1-----000-----------------00--","7","150","7","1201000220"
"887","forall NODE0,NODE1. ~ep_epoch2(NODE0) | ep_epoch3(NODE1) | held(NODE0) | held(NODE1) | transfer_epoch3(NODE0) | transfer_epoch3(NODE1) | NODE0 = NODE1","9","--1-----0-00----------------00--","7","0","101","1102000220"
"888","forall NODE0,NODE1. ~ep_epoch2(NODE0) | ep_epoch3(NODE1) | held(NODE0) | locked_epoch4(NODE1) | transfer_epoch3(NODE0) | transfer_epoch3(NODE1) | NODE0 = NODE1","9","--1-----0-0----------0------00--","7","148","7","1101010220"
"889","forall NODE0,NODE1. ~locked_epoch1(NODE0) | ~locked_epoch2(NODE0) | ep_epoch0(NODE1) | ep_epoch2(NODE0) | ep_epoch3(NODE0) | ep_epoch3(NODE1) | NODE0 = NODE1","9","--00-0--0-----1-1---------------","7","143","4","0400200020"
"890","forall NODE0,NODE1. ~locked_epoch1(NODE0) | ~locked_epoch2(NODE0) | ep_epoch0(NODE1) | ep_epoch2(NODE0) | ep_epoch4(NODE0) | ep_epoch4(NODE1) | NODE0 = NODE1","9","--0-00---0----1-1---------------","7","143","4","0400200020"
"891","forall NODE2,NODE0,NODE1,NODE3. ~locked_epoch1(NODE0) | ~locked_epoch2(NODE0) | ep_epoch0(NODE1) | ep_epoch2(NODE0) | ep_epoch4(NODE2) | held(NODE3) | ((NODE0 ~= NODE3 | NODE1 ~= NODE2 | NODE0 = NODE1) & (NODE0 ~= NODE2 | NODE1 ~= NODE3 | NODE0 = NODE1))","16","--0-00-----0--1-1---------------","12","249","2","0301200040"
"892","forall NODE2,NODE0,NODE1,NODE3. ~locked_epoch1(NODE0) | ~locked_epoch2(NODE0) | ep_epoch0(NODE1) | ep_epoch2(NODE0) | ep_epoch4(NODE2) | locked_epoch4(NODE3) | ((NODE0 ~= NODE3 | NODE1 ~= NODE2 | NODE0 = NODE1) & (NODE0 ~= NODE2 | NODE1 ~= NODE3 | NODE0 = NODE1))","16","--0-00--------1-1----0----------","12","246","2","0300210040"
"893","forall NODE0,NODE1. ~locked_epoch1(NODE0) | ~locked_epoch2(NODE0) | ep_epoch0(NODE1) | ep_epoch2(NODE0) | held(NODE0) | held(NODE1) | NODE0 = NODE1","9","--0--0----00--1-1---------------","7","136","2","0202200020"
"894","forall NODE2,NODE0,NODE1,NODE3. ~locked_epoch1(NODE0) | ~locked_epoch2(NODE0) | ep_epoch0(NODE1) | ep_epoch2(NODE0) | held(NODE2) | locked_epoch4(NODE3) | ((NODE0 ~= NODE2 | NODE1 ~= NODE3 | NODE0 = NODE1) & (NODE0 ~= NODE3 | NODE1 ~= NODE2 | NODE0 = NODE1))","16","--0--0----0---1-1----0----------","12","243","2","0201210040"
"895","forall NODE0,NODE1. ~locked_epoch1(NODE0) | ~locked_epoch2(NODE0) | ep_epoch0(NODE1) | ep_epoch2(NODE0) | locked_epoch4(NODE0) | locked_epoch4(NODE1) | NODE0 = NODE1","9","--0--0--------1-1---00----------","7","131","2","0200220020"
"896","forall NODE0,NODE1. ~locked_epoch1(NODE0) | ~locked_epoch2(NODE1) | ep_epoch1(NODE0) | ep_epoch2(NODE1) | ep_epoch3(NODE0) | ep_epoch3(NODE1) | NODE0 = NODE1","9","-0-0---00-----1--1--------------","7","143","4","0400200020"
"897","forall NODE0,NODE1. ~locked_epoch1(NODE0) | ~locked_epoch2(NODE1) | ep_epoch1(NODE0) | ep_epoch2(NODE1) | ep_epoch4(NODE0) | ep_epoch4(NODE1) | NODE0 = NODE1","9","-0--0--0-0----1--1--------------","7","143","4","0400200020"
"898","forall NODE2,NODE0,NODE1,NODE3. ~locked_epoch1(NODE0) | ~locked_epoch2(NODE1) | ep_epoch1(NODE0) | ep_epoch2(NODE1) | ep_epoch4(NODE2) | held(NODE3) | ((NODE0 ~= NODE2 | NODE1 ~= NODE3 | NODE0 = NODE1) & (NODE0 ~= NODE3 | NODE1 ~= NODE2 | NODE0 = NODE1))","16","-0--0--0---0--1--1--------------","12","249","2","0301200040"
"899","forall NODE2,NODE0,NODE1,NODE3. ~locked_epoch1(NODE0) | ~locked_epoch2(NODE1) | ep_epoch1(NODE0) | ep_epoch2(NODE1) | ep_epoch4(NODE2) | locked_epoch4(NODE3) | ((NODE0 ~= NODE2 | NODE1 ~= NODE3 | NODE0 = NODE1) & (NODE0 ~= NODE3 | NODE1 ~= NODE2 | NODE0 = NODE1))","16","-0--0--0------1--1---0----------","12","246","2","0300210040"
"900","forall NODE0,NODE1. ~locked_epoch1(NODE0) | ~locked_epoch2(NODE1) | ep_epoch1(NODE0) | ep_epoch2(NODE1) | held(NODE0) | held(NODE1) | NODE0 = NODE1","9","-0-----0--00--1--1--------------","7","136","2","0202200020"
"901","forall NODE2,NODE0,NODE1,NODE3. ~locked_epoch1(NODE0) | ~locked_epoch2(NODE1) | ep_epoch1(NODE0) | ep_epoch2(NODE1) | held(NODE2) | locked_epoch4(NODE3) | ((NODE0 ~= NODE2 | NODE1 ~= NODE3 | NODE0 = NODE1) & (NODE0 ~= NODE3 | NODE1 ~= NODE2 | NODE0 = NODE1))","16","-0-----0--0---1--1---0----------","12","243","2","0201210040"
"902","forall NODE0,NODE1. ~locked_epoch1(NODE0) | ~locked_epoch2(NODE1) | ep_epoch1(NODE0) | ep_epoch2(NODE1) | locked_epoch4(NODE0) | locked_epoch4(NODE1) | NODE0 = NODE1","9","-0-----0------1--1--00----------","7","131","2","0200220020"
"903","forall NODE2,NODE0,NODE1,NODE3. ~locked_epoch1(NODE0) | ~transfer_epoch4(NODE1) | ep_epoch0(NODE2) | ep_epoch1(NODE0) | ep_epoch2(NODE1) | ep_epoch2(NODE3) | ((NODE0 ~= NODE1 | NODE2 ~= NODE3 | NODE0 = NODE2) & (NODE0 ~= NODE3 | NODE1 ~= NODE2 | NODE0 = NODE1))","16","-00--0-0------1---------------1-","12","0","101","0400101040"
"904","forall NODE2,NODE0,NODE1,NODE3. ~locked_epoch1(NODE0) | ep_epoch0(NODE1) | ep_epoch1(NODE0) | ep_epoch3(NODE2) | ep_epoch4(NODE2) | locked_epoch3(NODE3) | ((NODE0 ~= NODE3 | NODE1 ~= NODE2 | NODE0 = NODE1) & (NODE0 ~= NODE2 | NODE1 ~= NODE3 | NODE0 = NODE1))","16","-0-000--------1----0------------","12","251","2","0400110040"
"905","forall NODE2,NODE0,NODE1,NODE3. ~locked_epoch1(NODE0) | ep_epoch0(NODE1) | ep_epoch1(NODE0) | ep_epoch3(NODE2) | held(NODE2) | locked_epoch3(NODE3) | ((NODE0 ~= NODE3 | NODE1 ~= NODE2 | NODE0 = NODE1) & (NODE0 ~= NODE2 | NODE1 ~= NODE3 | NODE0 = NODE1))","16","-0-0-0----0---1----0------------","12","248","6","0301110040"
"906","forall NODE2,NODE0,NODE1,NODE3. ~locked_epoch1(NODE0) | ep_epoch0(NODE1) | ep_epoch1(NODE0) | ep_epoch3(NODE2) | locked_epoch3(NODE3) | locked_epoch4(NODE2) | ((NODE0 ~= NODE3 | NODE1 ~= NODE2 | NODE0 = NODE1) & (NODE0 ~= NODE2 | NODE1 ~= NODE3 | NODE0 = NODE1))","16","-0-0-0--------1----00-----------","12","245","5","0300120040"
"907","forall NODE0,NODE1. ~locked_epoch1(NODE0) | ep_epoch0(NODE1) | ep_epoch2(NODE0) | ep_epoch3(NODE0) | ep_epoch3(NODE1) | locked_epoch2(NODE1) | NODE0 = NODE1","9","--00-0--0-----1--0--------------","7","142","10","0400110020"
"908","forall NODE0,NODE1. ~locked_epoch1(NODE0) | ep_epoch0(NODE1) | ep_epoch2(NODE0) | ep_epoch3(NODE0) | ep_epoch4(NODE0) | locked_epoch2(NODE1) | NODE0 = NODE1","9","--0000--------1--0--------------","7","142","10","0400110020"
"909","forall NODE0,NODE1. ~locked_epoch1(NODE0) | ep_epoch0(NODE1) | ep_epoch2(NODE0) | ep_epoch3(NODE0) | held(NODE0) | locked_epoch2(NODE1) | NODE0 = NODE1","9","--00-0----0---1--0--------------","7","140","2","0301110020"
"910","forall NODE0,NODE1. ~locked_epoch1(NODE0) | ep_epoch0(NODE1) | ep_epoch2(NODE0) | ep_epoch3(NODE0) | locked_epoch2(NODE1) | locked_epoch4(NODE0) | NODE0 = NODE1","9","--00-0--------1--0--0-----------","7","138","7","0300120020"
"911","forall NODE0,NODE1. ~locked_epoch1(NODE0) | ep_epoch0(NODE1) | ep_epoch2(NODE0) | ep_epoch3(NODE1) | locked_epoch2(NODE1) | locked_epoch3(NODE0) | NODE0 = NODE1","9","--0--0--0-----1--00-------------","7","138","7","0300120020"
"912","forall NODE0,NODE1. ~locked_epoch1(NODE0) | ep_epoch0(NODE1) | ep_epoch2(NODE0) | ep_epoch4(NODE0) | ep_epoch4(NODE1) | locked_epoch2(NODE1) | NODE0 = NODE1","9","--0-00---0----1--0--------------","7","142","10","0400110020"
"913","forall NODE2,NODE0,NODE1,NODE3. ~locked_epoch1(NODE0) | ep_epoch0(NODE1) | ep_epoch2(NODE0) | ep_epoch4(NODE2) | held(NODE3) | locked_epoch2(NODE1) | ((NODE0 ~= NODE2 | NODE1 ~= NODE3 | NODE0 = NODE1) & (NODE0 ~= NODE3 | NODE1 ~= NODE2 | NODE0 = NODE1))","16","--0-00-----0--1--0--------------","12","248","6","0301110040"
"914","forall NODE0,NODE1. ~locked_epoch1(NODE0) | ep_epoch0(NODE1) | ep_epoch2(NODE0) | ep_epoch4(NODE0) | locked_epoch2(NODE1) | locked_epoch3(NODE0) | NODE0 = NODE1","9","--0-00--------1--00-------------","7","138","7","0300120020"
"915","forall NODE2,NODE0,NODE1,NODE3. ~locked_epoch1(NODE0) | ep_epoch0(NODE1) | ep_epoch2(NODE0) | ep_epoch4(NODE2) | locked_epoch2(NODE1) | locked_epoch4(NODE3) | ((NODE0 ~= NODE3 | NODE1 ~= NODE2 | NODE0 = NODE1) & (NODE0 ~= NODE2 | NODE1 ~= NODE3 | NODE0 = NODE1))","16","--0-00--------1--0---0----------","12","245","5","0300120040"
"916","forall NODE0,NODE1. ~locked_epoch1(NODE0) | ep_epoch0(NODE1) | ep_epoch2(NODE0) | held(NODE0) | held(NODE1) | locked_epoch2(NODE1) | NODE0 = NODE1","9","--0--0----00--1--0--------------","7","135","4","0202110020"
"917","forall NODE0,NODE1. ~locked_epoch1(NODE0) | ep_epoch0(NODE1) | ep_epoch2(NODE0) | held(NODE0) | locked_epoch2(NODE1) | locked_epoch3(NODE0) | NODE0 = NODE1","9","--0--0----0---1--00-------------","7","133","2","0201120020"
"918","forall NODE2,NODE0,NODE1,NODE3. ~locked_epoch1(NODE0) | ep_epoch0(NODE1) | ep_epoch2(NODE0) | held(NODE2) | locked_epoch2(NODE1) | locked_epoch4(NODE3) | ((NODE0 ~= NODE3 | NODE1 ~= NODE2 | NODE0 = NODE1) & (NODE0 ~= NODE2 | NODE1 ~= NODE3 | NODE0 = NODE1))","16","--0--0----0---1--0---0----------","12","242","4","0201120040"
"919","forall NODE0,NODE1. ~locked_epoch1(NODE0) | ep_epoch0(NODE1) | ep_epoch2(NODE0) | locked_epoch2(NODE1) | locked_epoch3(NODE0) | locked_epoch4(NODE0) | NODE0 = NODE1","9","--0--0--------1--00-0-----------","7","130","6","0200130020"
"920","forall NODE0,NODE1. ~locked_epoch1(NODE0) | ep_epoch0(NODE1) | ep_epoch2(NODE0) | locked_epoch2(NODE1) | locked_epoch4(NODE0) | locked_epoch4(NODE1) | NODE0 = NODE1","9","--0--0--------1--0--00----------","7","130","6","0200130020"
"921","forall NODE0,NODE1. ~locked_epoch1(NODE0) | ep_epoch1(NODE0) | ep_epoch2(NODE1) | ep_epoch3(NODE0) | ep_epoch3(NODE1) | locked_epoch2(NODE0) | NODE0 = NODE1","9","-0-0---00-----1-0---------------","7","142","10","0400110020"
"922","forall NODE0,NODE1. ~locked_epoch1(NODE0) | ep_epoch1(NODE0) | ep_epoch2(NODE1) | ep_epoch3(NODE0) | locked_epoch2(NODE0) | locked_epoch3(NODE1) | NODE0 = NODE1","9","-0-0---0------1-0--0------------","7","138","7","0300120020"
"923","forall NODE0,NODE1. ~locked_epoch1(NODE0) | ep_epoch1(NODE0) | ep_epoch2(NODE1) | ep_epoch3(NODE1) | ep_epoch4(NODE1) | locked_epoch2(NODE0) | NODE0 = NODE1","9","-0-----000----1-0---------------","7","142","10","0400110020"
"924","forall NODE0,NODE1. ~locked_epoch1(NODE0) | ep_epoch1(NODE0) | ep_epoch2(NODE1) | ep_epoch3(NODE1) | held(NODE1) | locked_epoch2(NODE0) | NODE0 = NODE1","9","-0-----00--0--1-0---------------","7","140","2","0301110020"
"925","forall NODE0,NODE1. ~locked_epoch1(NODE0) | ep_epoch1(NODE0) | ep_epoch2(NODE1) | ep_epoch3(NODE1) | locked_epoch2(NODE0) | locked_epoch4(NODE1) | NODE0 = NODE1","9","-0-----00-----1-0----0----------","7","138","7","0300120020"
"926","forall NODE0,NODE1. ~locked_epoch1(NODE0) | ep_epoch1(NODE0) | ep_epoch2(NODE1) | ep_epoch4(NODE0) | ep_epoch4(NODE1) | locked_epoch2(NODE0) | NODE0 = NODE1","9","-0--0--0-0----1-0---------------","7","142","10","0400110020"
"927","forall NODE2,NODE0,NODE1,NODE3. ~locked_epoch1(NODE0) | ep_epoch1(NODE0) | ep_epoch2(NODE1) | ep_epoch4(NODE2) | held(NODE3) | locked_epoch2(NODE0) | ((NODE0 ~= NODE3 | NODE1 ~= NODE2 | NODE0 = NODE1) & (NODE0 ~= NODE2 | NODE1 ~= NODE3 | NODE0 = NODE1))","16","-0--0--0---0--1-0---------------","12","248","6","0301110040"
"928","forall NODE2,NODE0,NODE1,NODE3. ~locked_epoch1(NODE0) | ep_epoch1(NODE0) | ep_epoch2(NODE1) | ep_epoch4(NODE2) | locked_epoch2(NODE0) | locked_epoch4(NODE3) | ((NODE0 ~= NODE3 | NODE1 ~= NODE2 | NODE0 = NODE1) & (NODE0 ~= NODE2 | NODE1 ~= NODE3 | NODE0 = NODE1))","16","-0--0--0------1-0----0----------","12","245","5","0300120040"
"929","forall NODE0,NODE1. ~locked_epoch1(NODE0) | ep_epoch1(NODE0) | ep_epoch2(NODE1) | ep_epoch4(NODE1) | locked_epoch2(NODE0) | locked_epoch3(NODE1) | NODE0 = NODE1","9","-0-----0-0----1-0--0------------","7","138","7","0300120020"
"930","forall NODE0,NODE1. ~locked_epoch1(NODE0) | ep_epoch1(NODE0) | ep_epoch2(NODE1) | held(NODE0) | held(NODE1) | locked_epoch2(NODE0) | NODE0 = NODE1","9","-0-----0--00--1-0---------------","7","135","4","0202110020"
"931","forall NODE2,NODE0,NODE1,NODE3. ~locked_epoch1(NODE0) | ep_epoch1(NODE0) | ep_epoch2(NODE1) | held(NODE2) | locked_epoch2(NODE0) | locked_epoch4(NODE3) | ((NODE0 ~= NODE2 | NODE1 ~= NODE3 | NODE0 = NODE1) & (NODE0 ~= NODE3 | NODE1 ~= NODE2 | NODE0 = NODE1))","16","-0-----0--0---1-0----0----------","12","242","4","0201120040"
"932","forall NODE0,NODE1. ~locked_epoch1(NODE0) | ep_epoch1(NODE0) | ep_epoch2(NODE1) | held(NODE1) | locked_epoch2(NODE0) | locked_epoch3(NODE1) | NODE0 = NODE1","9","-0-----0---0--1-0--0------------","7","133","2","0201120020"
"933","forall NODE0,NODE1. ~locked_epoch1(NODE0) | ep_epoch1(NODE0) | ep_epoch2(NODE1) | locked_epoch2(NODE0) | locked_epoch3(NODE1) | locked_epoch4(NODE1) | NODE0 = NODE1","9","-0-----0------1-0--0-0----------","7","130","6","0200130020"
"934","forall NODE0,NODE1. ~locked_epoch1(NODE0) | ep_epoch1(NODE0) | ep_epoch2(NODE1) | locked_epoch2(NODE0) | locked_epoch4(NODE0) | locked_epoch4(NODE1) | NODE0 = NODE1","9","-0-----0------1-0---00----------","7","130","6","0200130020"
"935","forall NODE0,NODE1. ~locked_epoch1(NODE0) | held(NODE0) | locked_epoch2(NODE0) | locked_epoch2(NODE1) | transfer_epoch2(NODE0) | transfer_epoch2(NODE1) | NODE0 = NODE1","9","----------0---1-00--------00----","7","126","2","0001120220"
"936","forall NODE0,NODE1. ~locked_epoch2(NODE0) | ep_epoch0(NODE1) | ep_epoch1(NODE1) | ep_epoch2(NODE0) | ep_epoch3(NODE0) | ep_epoch3(NODE1) | NODE0 = NODE1","9","--00-00-0-------1---------------","7","146","2","0500100020"
"937","forall NODE0,NODE1. ~locked_epoch2(NODE0) | ep_epoch0(NODE1) | ep_epoch1(NODE1) | ep_epoch2(NODE0) | ep_epoch4(NODE0) | ep_epoch4(NODE1) | NODE0 = NODE1","9","--0-000--0------1---------------","7","146","2","0500100020"
"938","forall NODE2,NODE0,NODE1,NODE3. ~locked_epoch2(NODE0) | ep_epoch0(NODE1) | ep_epoch1(NODE1) | ep_epoch2(NODE0) | ep_epoch4(NODE2) | held(NODE3) | ((NODE0 ~= NODE3 | NODE1 ~= NODE2 | NODE0 = NODE1) & (NODE0 ~= NODE2 | NODE1 ~= NODE3 | NODE0 = NODE1))","16","--0-000----0----1---------------","12","0","101","0401100040"
"939","forall NODE2,NODE0,NODE1,NODE3. ~locked_epoch2(NODE0) | ep_epoch0(NODE1) | ep_epoch1(NODE1) | ep_epoch2(NODE0) | ep_epoch4(NODE2) | locked_epoch4(NODE3) | ((NODE0 ~= NODE3 | NODE1 ~= NODE2 | NODE0 = NODE1) & (NODE0 ~= NODE2 | NODE1 ~= NODE3 | NODE0 = NODE1))","16","--0-000---------1----0----------","12","251","2","0400110040"
"940","forall NODE0,NODE1. ~locked_epoch2(NODE0) | ep_epoch0(NODE1) | ep_epoch1(NODE1) | ep_epoch2(NODE0) | held(NODE0) | held(NODE1) | NODE0 = NODE1","9","--0--00---00----1---------------","7","0","101","0302100020"
"941","forall NODE2,NODE0,NODE1,NODE3. ~locked_epoch2(NODE0) | ep_epoch0(NODE1) | ep_epoch1(NODE1) | ep_epoch2(NODE0) | held(NODE2) | locked_epoch4(NODE3) | ((NODE0 ~= NODE2 | NODE1 ~= NODE3 | NODE0 = NODE1) & (NODE0 ~= NODE3 | NODE1 ~= NODE2 | NODE0 = NODE1))","16","--0--00---0-----1----0----------","12","248","6","0301110040"
"942","forall NODE0,NODE1. ~locked_epoch2(NODE0) | ep_epoch0(NODE1) | ep_epoch1(NODE1) | ep_epoch2(NODE0) | locked_epoch4(NODE0) | locked_epoch4(NODE1) | NODE0 = NODE1","9","--0--00---------1---00----------","7","138","7","0300120020"
"943","forall NODE0,NODE1. ~locked_epoch2(NODE0) | ep_epoch0(NODE1) | ep_epoch2(NODE0) | ep_epoch3(NODE0) | ep_epoch3(NODE1) | locked_epoch1(NODE1) | NODE0 = NODE1","9","--00-0--0------01---------------","7","142","10","0400110020"
"944","forall NODE0,NODE1. ~locked_epoch2(NODE0) | ep_epoch0(NODE1) | ep_epoch2(NODE0) | ep_epoch4(NODE0) | ep_epoch4(NODE1) | locked_epoch1(NODE1) | NODE0 = NODE1","9","--0-00---0-----01---------------","7","142","10","0400110020"
"945","forall NODE2,NODE0,NODE1,NODE3. ~locked_epoch2(NODE0) | ep_epoch0(NODE1) | ep_epoch2(NODE0) | ep_epoch4(NODE2) | held(NODE3) | locked_epoch1(NODE1) | ((NODE0 ~= NODE3 | NODE1 ~= NODE2 | NODE0 = NODE1) & (NODE0 ~= NODE2 | NODE1 ~= NODE3 | NODE0 = NODE1))","16","--0-00-----0---01---------------","12","248","6","0301110040"
"946","forall NODE2,NODE0,NODE1,NODE3. ~locked_epoch2(NODE0) | ep_epoch0(NODE1) | ep_epoch2(NODE0) | ep_epoch4(NODE2) | locked_epoch1(NODE1) | locked_epoch4(NODE3) | ((NODE0 ~= NODE3 | NODE1 ~= NODE2 | NODE0 = NODE1) & (NODE0 ~= NODE2 | NODE1 ~= NODE3 | NODE0 = NODE1))","16","--0-00---------01----0----------","12","245","5","0300120040"
"947","forall NODE0,NODE1. ~locked_epoch2(NODE0) | ep_epoch0(NODE1) | ep_epoch2(NODE0) | held(NODE0) | held(NODE1) | locked_epoch1(NODE1) | NODE0 = NODE1","9","--0--0----00---01---------------","7","135","4","0202110020"
"948","forall NODE2,NODE0,NODE1,NODE3. ~locked_epoch2(NODE0) | ep_epoch0(NODE1) | ep_epoch2(NODE0) | held(NODE2) | locked_epoch1(NODE1) | locked_epoch4(NODE3) | ((NODE0 ~= NODE2 | NODE1 ~= NODE3 | NODE0 = NODE1) & (NODE0 ~= NODE3 | NODE1 ~= NODE2 | NODE0 = NODE1))","16","--0--0----0----01----0----------","12","242","4","0201120040"
"949","forall NODE0,NODE1. ~locked_epoch2(NODE0) | ep_epoch0(NODE1) | ep_epoch2(NODE0) | locked_epoch1(NODE1) | locked_epoch4(NODE0) | locked_epoch4(NODE1) | NODE0 = NODE1","9","--0--0---------01---00----------","7","130","6","0200130020"
"950","forall NODE0,NODE1. ~locked_epoch2(NODE0) | ep_epoch1(NODE1) | ep_epoch2(NODE0) | ep_epoch3(NODE0) | ep_epoch3(NODE1) | locked_epoch1(NODE0) | NODE0 = NODE1","9","--00--0-0-----0-1---------------","7","142","10","0400110020"
"951","forall NODE0,NODE1. ~locked_epoch2(NODE0) | ep_epoch1(NODE1) | ep_epoch2(NODE0) | ep_epoch4(NODE0) | ep_epoch4(NODE1) | locked_epoch1(NODE0) | NODE0 = NODE1","9","--0-0-0--0----0-1---------------","7","142","10","0400110020"
"952","forall NODE2,NODE0,NODE1,NODE3. ~locked_epoch2(NODE0) | ep_epoch1(NODE1) | ep_epoch2(NODE0) | ep_epoch4(NODE2) | held(NODE3) | locked_epoch1(NODE0) | ((NODE0 ~= NODE3 | NODE1 ~= NODE2 | NODE0 = NODE1) & (NODE0 ~= NODE2 | NODE1 ~= NODE3 | NODE0 = NODE1))","16","--0-0-0----0--0-1---------------","12","248","6","0301110040"
"953","forall NODE2,NODE0,NODE1,NODE3. ~locked_epoch2(NODE0) | ep_epoch1(NODE1) | ep_epoch2(NODE0) | ep_epoch4(NODE2) | locked_epoch1(NODE0) | locked_epoch4(NODE3) | ((NODE0 ~= NODE3 | NODE1 ~= NODE2 | NODE0 = NODE1) & (NODE0 ~= NODE2 | NODE1 ~= NODE3 | NODE0 = NODE1))","16","--0-0-0-------0-1----0----------","12","245","5","0300120040"
"954","forall NODE0,NODE1. ~locked_epoch2(NODE0) | ep_epoch1(NODE1) | ep_epoch2(NODE0) | held(NODE0) | held(NODE1) | locked_epoch1(NODE0) | NODE0 = NODE1","9","--0---0---00--0-1---------------","7","135","4","0202110020"
"955","forall NODE2,NODE0,NODE1,NODE3. ~locked_epoch2(NODE0) | ep_epoch1(NODE1) | ep_epoch2(NODE0) | held(NODE2) | locked_epoch1(NODE0) | locked_epoch4(NODE3) | ((NODE0 ~= NODE2 | NODE1 ~= NODE3 | NODE0 = NODE1) & (NODE0 ~= NODE3 | NODE1 ~= NODE2 | NODE0 = NODE1))","16","--0---0---0---0-1----0----------","12","242","4","0201120040"
"956","forall NODE0,NODE1. ~locked_epoch2(NODE0) | ep_epoch1(NODE1) | ep_epoch2(NODE0) | locked_epoch1(NODE0) | locked_epoch4(NODE0) | locked_epoch4(NODE1) | NODE0 = NODE1","9","--0---0-------0-1---00----------","7","130","6","0200130020"
"957","forall NODE0,NODE1. ~locked_epoch2(NODE0) | ep_epoch2(NODE0) | ep_epoch4(NODE1) | held(NODE0) | transfer_epoch4(NODE0) | transfer_epoch4(NODE1) | NODE0 = NODE1","9","--0------00-----1-------------00","7","0","101","0201100220"
"958","forall NODE0,NODE1. ~locked_epoch2(NODE0) | ep_epoch2(NODE0) | held(NODE0) | held(NODE1) | transfer_epoch4(NODE0) | transfer_epoch4(NODE1) | NODE0 = NODE1","9","--0-------00----1-------------00","7","0","101","0102100220"
"959","forall NODE0,NODE1. ~locked_epoch2(NODE0) | ep_epoch2(NODE0) | held(NODE0) | locked_epoch4(NODE1) | transfer_epoch4(NODE0) | transfer_epoch4(NODE1) | NODE0 = NODE1","9","--0-------0-----1----0--------00","7","128","2","0101110220"
"960","forall NODE0,NODE1. ~locked_epoch2(NODE0) | ep_epoch3(NODE0) | held(NODE0) | locked_epoch3(NODE1) | transfer_epoch3(NODE0) | transfer_epoch3(NODE1) | NODE0 = NODE1","9","---0------0-----1--0--------00--","7","128","2","0101110220"
"961","forall NODE0,NODE1. ~locked_epoch2(NODE0) | held(NODE0) | locked_epoch3(NODE0) | locked_epoch3(NODE1) | transfer_epoch3(NODE0) | transfer_epoch3(NODE1) | NODE0 = NODE1","9","----------0-----1-00--------00--","7","126","2","0001120220"
"962","forall NODE2,NODE0,NODE1,NODE3. ~transfer_epoch4(NODE0) | ep_epoch0(NODE1) | ep_epoch1(NODE2) | ep_epoch2(NODE0) | ep_epoch2(NODE3) | locked_epoch1(NODE1) | ((NODE0 ~= NODE2 | NODE1 ~= NODE3 | NODE0 = NODE1) & (NODE0 ~= NODE1 | NODE2 ~= NODE3 | NODE0 = NODE2))","16","0-0---00------0---------------1-","12","0","101","0400011040"
"963","exists NODE0. ep_epoch0(NODE0) | ep_epoch1(NODE0) | locked_epoch3(NODE0)","4","00---00-----------00------------","3","12","3","0400020001"
"964","exists NODE0. ep_epoch0(NODE0) | ep_epoch2(NODE0) | locked_epoch3(NODE0)","4","0-0--0-0----------00------------","3","12","3","0400020001"
"965","forall NODE0,NODE1. ep_epoch0(NODE0) | ep_epoch0(NODE1) | ep_epoch2(NODE1) | ep_epoch3(NODE1) | ep_epoch4(NODE1) | locked_epoch2(NODE0) | NODE0 = NODE1","9","0-0000-----------0--------------","7","145","5","0500010020"
"966","forall NODE0,NODE1. ep_epoch0(NODE0) | ep_epoch0(NODE1) | ep_epoch2(NODE1) | ep_epoch3(NODE1) | held(NODE1) | locked_epoch2(NODE0) | NODE0 = NODE1","9","0-00-0----0------0--------------","7","144","3","0401010020"
"967","forall NODE0,NODE1. ep_epoch0(NODE0) | ep_epoch0(NODE1) | ep_epoch2(NODE1) | ep_epoch3(NODE1) | locked_epoch2(NODE0) | locked_epoch4(NODE1) | NODE0 = NODE1","9","0-00-0-----------0--0-----------","7","141","15","0400020020"
"968","forall NODE0,NODE1. ep_epoch0(NODE0) | ep_epoch0(NODE1) | ep_epoch2(NODE1) | ep_epoch3(NODE0) | locked_epoch2(NODE0) | locked_epoch3(NODE1) | NODE0 = NODE1","9","0-0--0--0--------00-------------","7","141","15","0400020020"
"969","forall NODE0,NODE1. ep_epoch0(NODE0) | ep_epoch0(NODE1) | ep_epoch2(NODE1) | ep_epoch4(NODE1) | locked_epoch2(NODE0) | locked_epoch3(NODE1) | NODE0 = NODE1","9","0-0-00-----------00-------------","7","141","15","0400020020"
"970","forall NODE0,NODE1. ep_epoch0(NODE0) | ep_epoch0(NODE1) | ep_epoch2(NODE1) | held(NODE1) | locked_epoch2(NODE0) | locked_epoch3(NODE1) | NODE0 = NODE1","9","0-0--0----0------00-------------","7","139","5","0301020020"
"971","forall NODE0,NODE1. ep_epoch0(NODE0) | ep_epoch0(NODE1) | ep_epoch2(NODE1) | locked_epoch2(NODE0) | locked_epoch3(NODE0) | locked_epoch3(NODE1) | NODE0 = NODE1","9","0-0--0-----------000------------","7","137","12","0300030020"
"972","forall NODE0,NODE1. ep_epoch0(NODE0) | ep_epoch0(NODE1) | ep_epoch2(NODE1) | locked_epoch2(NODE0) | locked_epoch3(NODE1) | locked_epoch4(NODE1) | NODE0 = NODE1","9","0-0--0-----------00-0-----------","7","137","12","0300030020"
"973","forall NODE0,NODE1. ep_epoch0(NODE0) | ep_epoch1(NODE0) | ep_epoch2(NODE1) | ep_epoch3(NODE0) | ep_epoch3(NODE1) | locked_epoch2(NODE0) | NODE0 = NODE1","9","00-0---00-------0---------------","7","145","5","0500010020"
"974","forall NODE0,NODE1. ep_epoch0(NODE0) | ep_epoch1(NODE0) | ep_epoch2(NODE1) | ep_epoch3(NODE0) | locked_epoch2(NODE0) | locked_epoch3(NODE1) | NODE0 = NODE1","9","00-0---0--------0--0------------","7","141","15","0400020020"
"975","forall NODE0,NODE1. ep_epoch0(NODE0) | ep_epoch1(NODE0) | ep_epoch2(NODE1) | ep_epoch3(NODE1) | ep_epoch4(NODE1) | locked_epoch2(NODE0) | NODE0 = NODE1","9","00-----000------0---------------","7","145","5","0500010020"
"976","forall NODE0,NODE1. ep_epoch0(NODE0) | ep_epoch1(NODE0) | ep_epoch2(NODE1) | ep_epoch3(NODE1) | held(NODE1) | locked_epoch2(NODE0) | NODE0 = NODE1","9","00-----00--0----0---------------","7","144","3","0401010020"
"977","forall NODE0,NODE1. ep_epoch0(NODE0) | ep_epoch1(NODE0) | ep_epoch2(NODE1) | ep_epoch3(NODE1) | locked_epoch2(NODE0) | locked_epoch4(NODE1) | NODE0 = NODE1","9","00-----00-------0----0----------","7","141","15","0400020020"
"978","forall NODE0,NODE1. ep_epoch0(NODE0) | ep_epoch1(NODE0) | ep_epoch2(NODE1) | ep_epoch4(NODE0) | ep_epoch4(NODE1) | locked_epoch2(NODE0) | NODE0 = NODE1","9","00--0--0-0------0---------------","7","145","5","0500010020"
"979","forall NODE2,NODE0,NODE1,NODE3. ep_epoch0(NODE0) | ep_epoch1(NODE0) | ep_epoch2(NODE1) | ep_epoch4(NODE2) | held(NODE3) | locked_epoch2(NODE0) | ((NODE0 ~= NODE3 | NODE1 ~= NODE2 | NODE0 = NODE1) & (NODE0 ~= NODE2 | NODE1 ~= NODE3 | NODE0 = NODE1))","16","00--0--0---0----0---------------","12","0","101","0401010040"
"980","forall NODE2,NODE0,NODE1,NODE3. ep_epoch0(NODE0) | ep_epoch1(NODE0) | ep_epoch2(NODE1) | ep_epoch4(NODE2) | locked_epoch2(NODE0) | locked_epoch4(NODE3) | ((NODE0 ~= NODE2 | NODE1 ~= NODE3 | NODE0 = NODE1) & (NODE0 ~= NODE3 | NODE1 ~= NODE2 | NODE0 = NODE1))","16","00--0--0--------0----0----------","12","250","2","0400020040"
"981","forall NODE0,NODE1. ep_epoch0(NODE0) | ep_epoch1(NODE0) | ep_epoch2(NODE1) | ep_epoch4(NODE1) | locked_epoch2(NODE0) | locked_epoch3(NODE1) | NODE0 = NODE1","9","00-----0-0------0--0------------","7","141","15","0400020020"
"982","forall NODE0,NODE1. ep_epoch0(NODE0) | ep_epoch1(NODE0) | ep_epoch2(NODE1) | held(NODE0) | held(NODE1) | locked_epoch2(NODE0) | NODE0 = NODE1","9","00-----0--00----0---------------","7","0","101","0302010020"
"983","forall NODE2,NODE0,NODE1,NODE3. ep_epoch0(NODE0) | ep_epoch1(NODE0) | ep_epoch2(NODE1) | held(NODE2) | locked_epoch2(NODE0) | locked_epoch4(NODE3) | ((NODE0 ~= NODE2 | NODE1 ~= NODE3 | NODE0 = NODE1) & (NODE0 ~= NODE3 | NODE1 ~= NODE2 | NODE0 = NODE1))","16","00-----0--0-----0----0----------","12","247","4","0301020040"
"984","forall NODE0,NODE1. ep_epoch0(NODE0) | ep_epoch1(NODE0) | ep_epoch2(NODE1) | held(NODE1) | locked_epoch2(NODE0) | locked_epoch3(NODE1) | NODE0 = NODE1","9","00-----0---0----0--0------------","7","139","5","0301020020"
"985","forall NODE0,NODE1. ep_epoch0(NODE0) | ep_epoch1(NODE0) | ep_epoch2(NODE1) | locked_epoch2(NODE0) | locked_epoch3(NODE1) | locked_epoch4(NODE1) | NODE0 = NODE1","9","00-----0--------0--0-0----------","7","137","12","0300030020"
"986","forall NODE0,NODE1. ep_epoch0(NODE0) | ep_epoch1(NODE0) | ep_epoch2(NODE1) | locked_epoch2(NODE0) | locked_epoch4(NODE0) | locked_epoch4(NODE1) | NODE0 = NODE1","9","00-----0--------0---00----------","7","137","12","0300030020"
"987","forall NODE2,NODE0,NODE1,NODE3. ep_epoch0(NODE0) | ep_epoch1(NODE1) | ep_epoch3(NODE2) | ep_epoch4(NODE2) | locked_epoch1(NODE0) | locked_epoch3(NODE3) | ((NODE0 ~= NODE2 | NODE1 ~= NODE3 | NODE0 = NODE1) & (NODE0 ~= NODE3 | NODE1 ~= NODE2 | NODE0 = NODE1))","16","0--00-0-------0----0------------","12","250","2","0400020040"
"988","forall NODE2,NODE0,NODE1,NODE3. ep_epoch0(NODE0) | ep_epoch1(NODE1) | ep_epoch3(NODE2) | held(NODE2) | locked_epoch1(NODE0) | locked_epoch3(NODE3) | ((NODE0 ~= NODE2 | NODE1 ~= NODE3 | NODE0 = NODE1) & (NODE0 ~= NODE3 | NODE1 ~= NODE2 | NODE0 = NODE1))","16","0--0--0---0---0----0------------","12","247","4","0301020040"
"989","forall NODE2,NODE0,NODE1,NODE3. ep_epoch0(NODE0) | ep_epoch1(NODE1) | ep_epoch3(NODE2) | locked_epoch1(NODE0) | locked_epoch3(NODE3) | locked_epoch4(NODE2) | ((NODE0 ~= NODE2 | NODE1 ~= NODE3 | NODE0 = NODE1) & (NODE0 ~= NODE3 | NODE1 ~= NODE2 | NODE0 = NODE1))","16","0--0--0-------0----00-----------","12","244","3","0300030040"
"990","forall NODE0,NODE1. ep_epoch0(NODE0) | ep_epoch2(NODE1) | ep_epoch3(NODE0) | ep_epoch3(NODE1) | locked_epoch1(NODE0) | locked_epoch2(NODE0) | NODE0 = NODE1","9","0--0---00-----0-0---------------","7","141","15","0400020020"
"991","forall NODE0,NODE1. ep_epoch0(NODE0) | ep_epoch2(NODE1) | ep_epoch3(NODE0) | locked_epoch1(NODE0) | locked_epoch2(NODE0) | locked_epoch3(NODE1) | NODE0 = NODE1","9","0--0---0------0-0--0------------","7","137","12","0300030020"
"992","forall NODE0,NODE1. ep_epoch0(NODE0) | ep_epoch2(NODE1) | ep_epoch3(NODE1) | ep_epoch4(NODE1) | locked_epoch1(NODE0) | locked_epoch2(NODE0) | NODE0 = NODE1","9","0------000----0-0---------------","7","141","15","0400020020"
"993","forall NODE0,NODE1. ep_epoch0(NODE0) | ep_epoch2(NODE1) | ep_epoch3(NODE1) | held(NODE1) | locked_epoch1(NODE0) | locked_epoch2(NODE0) | NODE0 = NODE1","9","0------00--0--0-0---------------","7","139","5","0301020020"
"994","forall NODE0,NODE1. ep_epoch0(NODE0) | ep_epoch2(NODE1) | ep_epoch3(NODE1) | locked_epoch1(NODE0) | locked_epoch2(NODE0) | locked_epoch4(NODE1) | NODE0 = NODE1","9","0------00-----0-0----0----------","7","137","12","0300030020"
"995","forall NODE0,NODE1. ep_epoch0(NODE0) | ep_epoch2(NODE1) | ep_epoch4(NODE0) | ep_epoch4(NODE1) | locked_epoch1(NODE0) | locked_epoch2(NODE0) | NODE0 = NODE1","9","0---0--0-0----0-0---------------","7","141","15","0400020020"
"996","forall NODE2,NODE0,NODE1,NODE3. ep_epoch0(NODE0) | ep_epoch2(NODE1) | ep_epoch4(NODE2) | held(NODE3) | locked_epoch1(NODE0) | locked_epoch2(NODE0) | ((NODE0 ~= NODE3 | NODE1 ~= NODE2 | NODE0 = NODE1) & (NODE0 ~= NODE2 | NODE1 ~= NODE3 | NODE0 = NODE1))","16","0---0--0---0--0-0---------------","12","247","4","0301020040"
"997","forall NODE2,NODE0,NODE1,NODE3. ep_epoch0(NODE0) | ep_epoch2(NODE1) | ep_epoch4(NODE2) | locked_epoch1(NODE0) | locked_epoch2(NODE0) | locked_epoch4(NODE3) | ((NODE0 ~= NODE2 | NODE1 ~= NODE3 | NODE0 = NODE1) & (NODE0 ~= NODE3 | NODE1 ~= NODE2 | NODE0 = NODE1))","16","0---0--0------0-0----0----------","12","244","3","0300030040"
"998","forall NODE0,NODE1. ep_epoch0(NODE0) | ep_epoch2(NODE1) | ep_epoch4(NODE1) | locked_epoch1(NODE0) | locked_epoch2(NODE0) | locked_epoch3(NODE1) | NODE0 = NODE1","9","0------0-0----0-0--0------------","7","137","12","0300030020"
"999","forall NODE0,NODE1. ep_epoch0(NODE0) | ep_epoch2(NODE1) | held(NODE0) | held(NODE1) | locked_epoch1(NODE0) | locked_epoch2(NODE0) | NODE0 = NODE1","9","0------0--00--0-0---------------","7","134","2","0202020020"
"1000","forall NODE2,NODE0,NODE1,NODE3. ep_epoch0(NODE0) | ep_epoch2(NODE1) | held(NODE2) | locked_epoch1(NODE0) | locked_epoch2(NODE0) | locked_epoch4(NODE3) | ((NODE0 ~= NODE2 | NODE1 ~= NODE3 | NODE0 = NODE1) & (NODE0 ~= NODE3 | NODE1 ~= NODE2 | NODE0 = NODE1))","16","0------0--0---0-0----0----------","12","241","2","0201030040"
"1001","forall NODE0,NODE1. ep_epoch0(NODE0) | ep_epoch2(NODE1) | held(NODE1) | locked_epoch1(NODE0) | locked_epoch2(NODE0) | locked_epoch3(NODE1) | NODE0 = NODE1","9","0------0---0--0-0--0------------","7","132","2","0201030020"
"1002","forall NODE0,NODE1. ep_epoch0(NODE0) | ep_epoch2(NODE1) | locked_epoch1(NODE0) | locked_epoch2(NODE0) | locked_epoch3(NODE1) | locked_epoch4(NODE1) | NODE0 = NODE1","9","0------0------0-0--0-0----------","7","129","4","0200040020"
"1003","forall NODE0,NODE1. ep_epoch0(NODE0) | ep_epoch2(NODE1) | locked_epoch1(NODE0) | locked_epoch2(NODE0) | locked_epoch4(NODE0) | locked_epoch4(NODE1) | NODE0 = NODE1","9","0------0------0-0---00----------","7","129","4","0200040020"
"1004","forall NODE0,NODE1. ep_epoch0(NODE0) | held(NODE0) | locked_epoch2(NODE0) | locked_epoch2(NODE1) | transfer_epoch2(NODE0) | transfer_epoch2(NODE1) | NODE0 = NODE1","9","0---------0-----00--------00----","7","127","2","0101020220"
"1005","exists NODE0. ep_epoch1(NODE0) | ep_epoch2(NODE0) | locked_epoch3(NODE0)","4","-00---00----------00------------","3","12","3","0400020001"
"1006","forall NODE0,NODE1. ep_epoch1(NODE0) | ep_epoch1(NODE1) | ep_epoch2(NODE1) | ep_epoch3(NODE1) | ep_epoch4(NODE1) | locked_epoch2(NODE0) | NODE0 = NODE1","9","-0000-0----------0--------------","7","145","5","0500010020"
"1007","forall NODE0,NODE1. ep_epoch1(NODE0) | ep_epoch1(NODE1) | ep_epoch2(NODE1) | ep_epoch3(NODE1) | held(NODE1) | locked_epoch2(NODE0) | NODE0 = NODE1","9","-000--0---0------0--------------","7","144","3","0401010020"
"1008","forall NODE0,NODE1. ep_epoch1(NODE0) | ep_epoch1(NODE1) | ep_epoch2(NODE1) | ep_epoch3(NODE1) | locked_epoch2(NODE0) | locked_epoch4(NODE1) | NODE0 = NODE1","9","-000--0----------0--0-----------","7","141","15","0400020020"
"1009","forall NODE0,NODE1. ep_epoch1(NODE0) | ep_epoch1(NODE1) | ep_epoch2(NODE1) | ep_epoch3(NODE0) | locked_epoch2(NODE0) | locked_epoch3(NODE1) | NODE0 = NODE1","9","-00---0-0--------00-------------","7","141","15","0400020020"
"1010","forall NODE0,NODE1. ep_epoch1(NODE0) | ep_epoch1(NODE1) | ep_epoch2(NODE1) | ep_epoch4(NODE1) | locked_epoch2(NODE0) | locked_epoch3(NODE1) | NODE0 = NODE1","9","-00-0-0----------00-------------","7","141","15","0400020020"
"1011","forall NODE0,NODE1. ep_epoch1(NODE0) | ep_epoch1(NODE1) | ep_epoch2(NODE1) | held(NODE1) | locked_epoch2(NODE0) | locked_epoch3(NODE1) | NODE0 = NODE1","9","-00---0---0------00-------------","7","139","5","0301020020"
"1012","forall NODE0,NODE1. ep_epoch1(NODE0) | ep_epoch1(NODE1) | ep_epoch2(NODE1) | locked_epoch2(NODE0) | locked_epoch3(NODE0) | locked_epoch3(NODE1) | NODE0 = NODE1","9","-00---0----------000------------","7","137","12","0300030020"
"1013","forall NODE0,NODE1. ep_epoch1(NODE0) | ep_epoch1(NODE1) | ep_epoch2(NODE1) | locked_epoch2(NODE0) | locked_epoch3(NODE1) | locked_epoch4(NODE1) | NODE0 = NODE1","9","-00---0----------00-0-----------","7","137","12","0300030020"
"1014","forall NODE0,NODE1. ep_epoch1(NODE0) | ep_epoch2(NODE1) | ep_epoch3(NODE0) | ep_epoch3(NODE1) | locked_epoch1(NODE1) | locked_epoch2(NODE0) | NODE0 = NODE1","9","-0-0---00------00---------------","7","141","15","0400020020"
"1015","forall NODE0,NODE1. ep_epoch1(NODE0) | ep_epoch2(NODE1) | ep_epoch3(NODE0) | locked_epoch1(NODE1) | locked_epoch2(NODE0) | locked_epoch3(NODE1) | NODE0 = NODE1","9","-0-0---0-------00--0------------","7","137","12","0300030020"
"1016","forall NODE0,NODE1. ep_epoch1(NODE0) | ep_epoch2(NODE1) | ep_epoch3(NODE1) | ep_epoch4(NODE1) | locked_epoch1(NODE1) | locked_epoch2(NODE0) | NODE0 = NODE1","9","-0-----000-----00---------------","7","141","15","0400020020"
"1017","forall NODE0,NODE1. ep_epoch1(NODE0) | ep_epoch2(NODE1) | ep_epoch3(NODE1) | held(NODE1) | locked_epoch1(NODE1) | locked_epoch2(NODE0) | NODE0 = NODE1","9","-0-----00--0---00---------------","7","139","5","0301020020"
"1018","forall NODE0,NODE1. ep_epoch1(NODE0) | ep_epoch2(NODE1) | ep_epoch3(NODE1) | locked_epoch1(NODE1) | locked_epoch2(NODE0) | locked_epoch4(NODE1) | NODE0 = NODE1","9","-0-----00------00----0----------","7","137","12","0300030020"
"1019","forall NODE0,NODE1. ep_epoch1(NODE0) | ep_epoch2(NODE1) | ep_epoch4(NODE0) | ep_epoch4(NODE1) | locked_epoch1(NODE1) | locked_epoch2(NODE0) | NODE0 = NODE1","9","-0--0--0-0-----00---------------","7","141","15","0400020020"
"1020","forall NODE2,NODE0,NODE1,NODE3. ep_epoch1(NODE0) | ep_epoch2(NODE1) | ep_epoch4(NODE2) | held(NODE3) | locked_epoch1(NODE1) | locked_epoch2(NODE0) | ((NODE0 ~= NODE3 | NODE1 ~= NODE2 | NODE0 = NODE1) & (NODE0 ~= NODE2 | NODE1 ~= NODE3 | NODE0 = NODE1))","16","-0--0--0---0---00---------------","12","247","4","0301020040"
"1021","forall NODE2,NODE0,NODE1,NODE3. ep_epoch1(NODE0) | ep_epoch2(NODE1) | ep_epoch4(NODE2) | locked_epoch1(NODE1) | locked_epoch2(NODE0) | locked_epoch4(NODE3) | ((NODE0 ~= NODE2 | NODE1 ~= NODE3 | NODE0 = NODE1) & (NODE0 ~= NODE3 | NODE1 ~= NODE2 | NODE0 = NODE1))","16","-0--0--0-------00----0----------","12","244","3","0300030040"
"1022","forall NODE0,NODE1. ep_epoch1(NODE0) | ep_epoch2(NODE1) | ep_epoch4(NODE1) | locked_epoch1(NODE1) | locked_epoch2(NODE0) | locked_epoch3(NODE1) | NODE0 = NODE1","9","-0-----0-0-----00--0------------","7","137","12","0300030020"
"1023","forall NODE0,NODE1. ep_epoch1(NODE0) | ep_epoch2(NODE1) | held(NODE0) | held(NODE1) | locked_epoch1(NODE1) | locked_epoch2(NODE0) | NODE0 = NODE1","9","-0-----0--00---00---------------","7","134","2","0202020020"
"1024","forall NODE2,NODE0,NODE1,NODE3. ep_epoch1(NODE0) | ep_epoch2(NODE1) | held(NODE2) | locked_epoch1(NODE1) | locked_epoch2(NODE0) | locked_epoch4(NODE3) | ((NODE0 ~= NODE2 | NODE1 ~= NODE3 | NODE0 = NODE1) & (NODE0 ~= NODE3 | NODE1 ~= NODE2 | NODE0 = NODE1))","16","-0-----0--0----00----0----------","12","241","2","0201030040"
"1025","forall NODE0,NODE1. ep_epoch1(NODE0) | ep_epoch2(NODE1) | held(NODE1) | locked_epoch1(NODE1) | locked_epoch2(NODE0) | locked_epoch3(NODE1) | NODE0 = NODE1","9","-0-----0---0---00--0------------","7","132","2","0201030020"
"1026","forall NODE0,NODE1. ep_epoch1(NODE0) | ep_epoch2(NODE1) | locked_epoch1(NODE1) | locked_epoch2(NODE0) | locked_epoch3(NODE1) | locked_epoch4(NODE1) | NODE0 = NODE1","9","-0-----0-------00--0-0----------","7","129","4","0200040020"
"1027","forall NODE0,NODE1. ep_epoch1(NODE0) | ep_epoch2(NODE1) | locked_epoch1(NODE1) | locked_epoch2(NODE0) | locked_epoch4(NODE0) | locked_epoch4(NODE1) | NODE0 = NODE1","9","-0-----0-------00---00----------","7","129","4","0200040020"
"1028","forall NODE0,NODE1. ep_epoch1(NODE0) | held(NODE1) | locked_epoch2(NODE0) | locked_epoch2(NODE1) | transfer_epoch2(NODE0) | transfer_epoch2(NODE1) | NODE0 = NODE1","9","-0---------0----00--------00----","7","127","2","0101020220"
"1029","exists NODE0. held(NODE0) | locked_epoch2(NODE0) | transfer_epoch2(NODE0)","4","----------00----00--------00----","3","0","101","0002020201"
"1030","forall NODE0,NODE1. held(NODE0) | locked_epoch1(NODE1) | locked_epoch2(NODE0) | locked_epoch2(NODE1) | transfer_epoch2(NODE0) | transfer_epoch2(NODE1) | NODE0 = NODE1","9","----------0----000--------00----","7","0","101","0001030220"
"1031","forall NODE0,NODE1. ~ep_epoch0(NODE0) | ~locked_epoch2(NODE1) | held(NODE1) | transfer_epoch3(NODE0) | transfer_epoch3(NODE1) | transfer_epoch4(NODE0) | transfer_epoch4(NODE1) | NODE0 = NODE1","10","1----------0-----1----------0000","8","174","2","1001100420"
"1032","forall NODE0,NODE1. ~ep_epoch0(NODE0) | ep_epoch1(NODE1) | held(NODE1) | transfer_epoch3(NODE0) | transfer_epoch3(NODE1) | transfer_epoch4(NODE0) | transfer_epoch4(NODE1) | NODE0 = NODE1","10","1-----0----0----------------0000","8","176","4","1101000420"
"1033","forall NODE0,NODE1. ~ep_epoch0(NODE0) | ep_epoch2(NODE1) | held(NODE1) | transfer_epoch2(NODE0) | transfer_epoch2(NODE1) | transfer_epoch4(NODE0) | transfer_epoch4(NODE1) | NODE0 = NODE1","10","1------0---0--------------00--00","8","176","4","1101000420"
"1034","forall NODE0,NODE1. ~ep_epoch0(NODE0) | ep_epoch3(NODE1) | held(NODE1) | transfer_epoch2(NODE0) | transfer_epoch2(NODE1) | transfer_epoch3(NODE0) | transfer_epoch3(NODE1) | NODE0 = NODE1","10","1-------0--0--------------0000--","8","176","4","1101000420"
"1035","forall NODE0,NODE1. ~ep_epoch0(NODE0) | held(NODE1) | locked_epoch3(NODE1) | transfer_epoch2(NODE0) | transfer_epoch2(NODE1) | transfer_epoch3(NODE0) | transfer_epoch3(NODE1) | NODE0 = NODE1","10","1----------0-------0------0000--","8","0","101","1001010420"
"1036","forall NODE0,NODE1. ~ep_epoch1(NODE0) | ~locked_epoch2(NODE1) | held(NODE1) | transfer_epoch3(NODE0) | transfer_epoch3(NODE1) | transfer_epoch4(NODE0) | transfer_epoch4(NODE1) | NODE0 = NODE1","10","-1---------0-----1----------0000","8","174","2","1001100420"
"1037","forall NODE0,NODE1. ~ep_epoch1(NODE0) | ep_epoch0(NODE1) | held(NODE1) | transfer_epoch3(NODE0) | transfer_epoch3(NODE1) | transfer_epoch4(NODE0) | transfer_epoch4(NODE1) | NODE0 = NODE1","10","-1---0-----0----------------0000","8","176","4","1101000420"
"1038","forall NODE0,NODE1. ~ep_epoch1(NODE0) | ep_epoch2(NODE1) | ep_epoch3(NODE1) | ep_epoch4(NODE1) | held(NODE0) | transfer_epoch2(NODE0) | transfer_epoch2(NODE1) | NODE0 = NODE1","10","-1-----0000---------------00----","8","0","101","1301000220"
"1039","forall NODE0,NODE1. ~ep_epoch1(NODE0) | ep_epoch2(NODE1) | ep_epoch3(NODE1) | held(NODE0) | held(NODE1) | transfer_epoch2(NODE0) | transfer_epoch2(NODE1) | NODE0 = NODE1","10","-1-----00-00--------------00----","8","0","101","1202000220"
"1040","forall NODE0,NODE1. ~ep_epoch1(NODE0) | ep_epoch2(NODE1) | ep_epoch3(NODE1) | held(NODE0) | locked_epoch4(NODE1) | transfer_epoch2(NODE0) | transfer_epoch2(NODE1) | NODE0 = NODE1","10","-1-----00-0----------0----00----","8","0","101","1201010220"
"1041","forall NODE0,NODE1. ~ep_epoch2(NODE0) | held(NODE0) | held(NODE1) | transfer_epoch3(NODE0) | transfer_epoch3(NODE1) | transfer_epoch4(NODE0) | transfer_epoch4(NODE1) | NODE0 = NODE1","10","--1-------00----------------0000","8","0","101","1002000420"
"1042","forall NODE0,NODE1. ~locked_epoch1(NODE0) | ~locked_epoch2(NODE0) | ep_epoch0(NODE1) | ep_epoch4(NODE0) | held(NODE1) | transfer_epoch4(NODE0) | transfer_epoch4(NODE1) | NODE0 = NODE1","10","----00-----0--1-1-------------00","8","160","2","0201200220"
"1043","forall NODE0,NODE1. ~locked_epoch1(NODE0) | ~locked_epoch2(NODE0) | ep_epoch0(NODE1) | held(NODE0) | held(NODE1) | transfer_epoch4(NODE0) | transfer_epoch4(NODE1) | NODE0 = NODE1","10","-----0----00--1-1-------------00","8","157","2","0102200220"
"1044","forall NODE0,NODE1. ~locked_epoch1(NODE0) | ~locked_epoch2(NODE0) | ep_epoch0(NODE1) | held(NODE1) | locked_epoch4(NODE0) | transfer_epoch4(NODE0) | transfer_epoch4(NODE1) | NODE0 = NODE1","10","-----0-----0--1-1---0---------00","8","154","2","0101210220"
"1045","forall NODE0,NODE1. ~locked_epoch1(NODE0) | ~locked_epoch2(NODE1) | ep_epoch1(NODE0) | ep_epoch4(NODE1) | held(NODE0) | transfer_epoch4(NODE0) | transfer_epoch4(NODE1) | NODE0 = NODE1","10","-0-------00---1--1------------00","8","160","2","0201200220"
"1046","forall NODE0,NODE1. ~locked_epoch1(NODE0) | ~locked_epoch2(NODE1) | ep_epoch1(NODE0) | held(NODE0) | held(NODE1) | transfer_epoch4(NODE0) | transfer_epoch4(NODE1) | NODE0 = NODE1","10","-0--------00--1--1------------00","8","157","2","0102200220"
"1047","forall NODE0,NODE1. ~locked_epoch1(NODE0) | ~locked_epoch2(NODE1) | ep_epoch1(NODE0) | held(NODE0) | locked_epoch4(NODE1) | transfer_epoch4(NODE0) | transfer_epoch4(NODE1) | NODE0 = NODE1","10","-0--------0---1--1---0--------00","8","154","2","0101210220"
"1048","forall NODE0,NODE1. ~locked_epoch1(NODE0) | ep_epoch0(NODE1) | ep_epoch1(NODE0) | ep_epoch2(NODE0) | ep_epoch2(NODE1) | ep_epoch3(NODE0) | ep_epoch3(NODE1) | NODE0 = NODE1","10","-000-0-00-----1-----------------","8","172","3","0600100020"
"1049","forall NODE0,NODE1. ~locked_epoch1(NODE0) | ep_epoch0(NODE1) | ep_epoch1(NODE0) | ep_epoch2(NODE0) | ep_epoch2(NODE1) | ep_epoch4(NODE0) | ep_epoch4(NODE1) | NODE0 = NODE1","10","-00-00-0-0----1-----------------","8","172","3","0600100020"
"1050","forall NODE2,NODE0,NODE1,NODE3. ~locked_epoch1(NODE0) | ep_epoch0(NODE1) | ep_epoch1(NODE0) | ep_epoch2(NODE0) | ep_epoch2(NODE1) | ep_epoch4(NODE2) | held(NODE3) | ((NODE0 ~= NODE3 | NODE1 ~= NODE2 | NODE0 = NODE1) & (NODE0 ~= NODE2 | NODE1 ~= NODE3 | NODE0 = NODE1))","17","-00-00-0---0--1-----------------","13","257","2","0501100040"
"1051","forall NODE2,NODE0,NODE1,NODE3. ~locked_epoch1(NODE0) | ep_epoch0(NODE1) | ep_epoch1(NODE0) | ep_epoch2(NODE2) | ep_epoch2(NODE3) | ep_epoch4(NODE2) | locked_epoch4(NODE3) | ((NODE0 ~= NODE3 | NODE1 ~= NODE2 | NODE0 = NODE1) & (NODE0 ~= NODE2 | NODE1 ~= NODE3 | NODE0 = NODE1))","17","-00-00-0------1------0----------","13","255","2","0500110040"
"1052","forall NODE0,NODE1. ~locked_epoch1(NODE0) | ep_epoch0(NODE1) | ep_epoch1(NODE0) | ep_epoch2(NODE0) | ep_epoch2(NODE1) | held(NODE0) | held(NODE1) | NODE0 = NODE1","10","-00--0-0--00--1-----------------","8","168","2","0402100020"
"1053","forall NODE2,NODE0,NODE1,NODE3. ~locked_epoch1(NODE0) | ep_epoch0(NODE1) | ep_epoch1(NODE0) | ep_epoch2(NODE2) | ep_epoch2(NODE3) | held(NODE2) | locked_epoch4(NODE3) | ((NODE0 ~= NODE3 | NODE1 ~= NODE2 | NODE0 = NODE1) & (NODE0 ~= NODE2 | NODE1 ~= NODE3 | NODE0 = NODE1))","17","-00--0-0--0---1------0----------","13","253","2","0401110040"
"1054","forall NODE0,NODE1. ~locked_epoch1(NODE0) | ep_epoch0(NODE1) | ep_epoch1(NODE0) | ep_epoch2(NODE0) | ep_epoch2(NODE1) | locked_epoch4(NODE0) | locked_epoch4(NODE1) | NODE0 = NODE1","10","-00--0-0------1-----00----------","8","166","2","0400120020"
"1055","forall NODE0,NODE1. ~locked_epoch1(NODE0) | ep_epoch0(NODE1) | ep_epoch1(NODE0) | ep_epoch3(NODE0) | ep_epoch3(NODE1) | ep_epoch4(NODE0) | ep_epoch4(NODE1) | NODE0 = NODE1","10","-0-000--00----1-----------------","8","172","3","0600100020"
"1056","forall NODE2,NODE0,NODE1,NODE3. ~locked_epoch1(NODE0) | ep_epoch0(NODE1) | ep_epoch1(NODE0) | ep_epoch3(NODE0) | ep_epoch3(NODE1) | ep_epoch4(NODE2) | held(NODE3) | ((NODE0 ~= NODE2 | NODE1 ~= NODE3 | NODE0 = NODE1) & (NODE0 ~= NODE3 | NODE1 ~= NODE2 | NODE0 = NODE1))","17","-0-000--0--0--1-----------------","13","257","2","0501100040"
"1057","forall NODE2,NODE0,NODE1,NODE3. ~locked_epoch1(NODE0) | ep_epoch0(NODE1) | ep_epoch1(NODE0) | ep_epoch3(NODE2) | ep_epoch3(NODE3) | ep_epoch4(NODE2) | locked_epoch4(NODE3) | ((NODE0 ~= NODE2 | NODE1 ~= NODE3 | NODE0 = NODE1) & (NODE0 ~= NODE3 | NODE1 ~= NODE2 | NODE0 = NODE1))","17","-0-000--0-----1------0----------","13","255","2","0500110040"
"1058","forall NODE0,NODE1. ~locked_epoch1(NODE0) | ep_epoch0(NODE1) | ep_epoch1(NODE0) | ep_epoch3(NODE0) | ep_epoch3(NODE1) | held(NODE0) | held(NODE1) | NODE0 = NODE1","10","-0-0-0--0-00--1-----------------","8","168","2","0402100020"
"1059","forall NODE2,NODE0,NODE1,NODE3. ~locked_epoch1(NODE0) | ep_epoch0(NODE1) | ep_epoch1(NODE0) | ep_epoch3(NODE2) | ep_epoch3(NODE3) | held(NODE2) | locked_epoch4(NODE3) | ((NODE0 ~= NODE3 | NODE1 ~= NODE2 | NODE0 = NODE1) & (NODE0 ~= NODE2 | NODE1 ~= NODE3 | NODE0 = NODE1))","17","-0-0-0--0-0---1------0----------","13","253","2","0401110040"
"1060","forall NODE0,NODE1. ~locked_epoch1(NODE0) | ep_epoch0(NODE1) | ep_epoch1(NODE0) | ep_epoch3(NODE0) | ep_epoch3(NODE1) | locked_epoch4(NODE0) | locked_epoch4(NODE1) | NODE0 = NODE1","10","-0-0-0--0-----1-----00----------","8","166","2","0400120020"
"1061","forall NODE0,NODE1. ~locked_epoch1(NODE0) | ep_epoch0(NODE1) | ep_epoch1(NODE0) | held(NODE0) | held(NODE1) | transfer_epoch4(NODE0) | transfer_epoch4(NODE1) | NODE0 = NODE1","10","-0---0----00--1---------------00","8","162","5","0202100220"
"1062","forall NODE0,NODE1. ~locked_epoch1(NODE0) | ep_epoch0(NODE1) | ep_epoch2(NODE1) | ep_epoch4(NODE0) | held(NODE1) | transfer_epoch4(NODE0) | transfer_epoch4(NODE1) | NODE0 = NODE1","10","----00-0---0--1---------------00","8","164","4","0301100220"
"1063","forall NODE0,NODE1. ~locked_epoch1(NODE0) | ep_epoch0(NODE1) | ep_epoch2(NODE1) | held(NODE0) | held(NODE1) | transfer_epoch4(NODE0) | transfer_epoch4(NODE1) | NODE0 = NODE1","10","-----0-0--00--1---------------00","8","162","5","0202100220"
"1064","forall NODE0,NODE1. ~locked_epoch1(NODE0) | ep_epoch0(NODE1) | ep_epoch2(NODE1) | held(NODE1) | locked_epoch4(NODE0) | transfer_epoch4(NODE0) | transfer_epoch4(NODE1) | NODE0 = NODE1","10","-----0-0---0--1-----0---------00","8","159","12","0201110220"
"1065","forall NODE0,NODE1. ~locked_epoch1(NODE0) | ep_epoch0(NODE1) | ep_epoch3(NODE1) | held(NODE1) | locked_epoch3(NODE0) | transfer_epoch3(NODE0) | transfer_epoch3(NODE1) | NODE0 = NODE1","10","-----0--0--0--1---0---------00--","8","159","12","0201110220"
"1066","forall NODE0,NODE1. ~locked_epoch1(NODE0) | ep_epoch0(NODE1) | ep_epoch4(NODE0) | held(NODE1) | locked_epoch2(NODE1) | transfer_epoch4(NODE0) | transfer_epoch4(NODE1) | NODE0 = NODE1","10","----00-----0--1--0------------00","8","159","12","0201110220"
"1067","forall NODE0,NODE1. ~locked_epoch1(NODE0) | ep_epoch0(NODE1) | held(NODE0) | held(NODE1) | locked_epoch2(NODE1) | transfer_epoch4(NODE0) | transfer_epoch4(NODE1) | NODE0 = NODE1","10","-----0----00--1--0------------00","8","156","5","0102110220"
"1068","forall NODE0,NODE1. ~locked_epoch1(NODE0) | ep_epoch0(NODE1) | held(NODE1) | locked_epoch2(NODE1) | locked_epoch4(NODE0) | transfer_epoch4(NODE0) | transfer_epoch4(NODE1) | NODE0 = NODE1","10","-----0-----0--1--0--0---------00","8","153","8","0101120220"
"1069","forall NODE0,NODE1. ~locked_epoch1(NODE0) | ep_epoch0(NODE1) | held(NODE1) | locked_epoch3(NODE0) | locked_epoch3(NODE1) | transfer_epoch3(NODE0) | transfer_epoch3(NODE1) | NODE0 = NODE1","10","-----0-----0--1---00--------00--","8","153","8","0101120220"
"1070","forall NODE0,NODE1. ~locked_epoch1(NODE0) | ep_epoch1(NODE0) | ep_epoch2(NODE0) | ep_epoch4(NODE1) | held(NODE0) | transfer_epoch4(NODE0) | transfer_epoch4(NODE1) | NODE0 = NODE1","10","-00------00---1---------------00","8","164","4","0301100220"
"1071","forall NODE0,NODE1. ~locked_epoch1(NODE0) | ep_epoch1(NODE0) | ep_epoch2(NODE0) | held(NODE0) | held(NODE1) | transfer_epoch4(NODE0) | transfer_epoch4(NODE1) | NODE0 = NODE1","10","-00-------00--1---------------00","8","162","5","0202100220"
"1072","forall NODE0,NODE1. ~locked_epoch1(NODE0) | ep_epoch1(NODE0) | ep_epoch2(NODE0) | held(NODE0) | locked_epoch4(NODE1) | transfer_epoch4(NODE0) | transfer_epoch4(NODE1) | NODE0 = NODE1","10","-00-------0---1------0--------00","8","159","12","0201110220"
"1073","forall NODE0,NODE1. ~locked_epoch1(NODE0) | ep_epoch1(NODE0) | ep_epoch3(NODE0) | held(NODE0) | locked_epoch3(NODE1) | transfer_epoch3(NODE0) | transfer_epoch3(NODE1) | NODE0 = NODE1","10","-0-0------0---1----0--------00--","8","159","12","0201110220"
"1074","forall NODE0,NODE1. ~locked_epoch1(NODE0) | ep_epoch1(NODE0) | ep_epoch4(NODE1) | held(NODE0) | locked_epoch2(NODE0) | transfer_epoch4(NODE0) | transfer_epoch4(NODE1) | NODE0 = NODE1","10","-0-------00---1-0-------------00","8","159","12","0201110220"
"1075","forall NODE0,NODE1. ~locked_epoch1(NODE0) | ep_epoch1(NODE0) | held(NODE0) | held(NODE1) | locked_epoch2(NODE0) | transfer_epoch4(NODE0) | transfer_epoch4(NODE1) | NODE0 = NODE1","10","-0--------00--1-0-------------00","8","156","5","0102110220"
"1076","forall NODE0,NODE1. ~locked_epoch1(NODE0) | ep_epoch1(NODE0) | held(NODE0) | locked_epoch2(NODE0) | locked_epoch4(NODE1) | transfer_epoch4(NODE0) | transfer_epoch4(NODE1) | NODE0 = NODE1","10","-0--------0---1-0----0--------00","8","153","8","0101120220"
"1077","forall NODE0,NODE1. ~locked_epoch1(NODE0) | ep_epoch1(NODE0) | held(NODE0) | locked_epoch3(NODE0) | locked_epoch3(NODE1) | transfer_epoch3(NODE0) | transfer_epoch3(NODE1) | NODE0 = NODE1","10","-0--------0---1---00--------00--","8","153","8","0101120220"
"1078","forall NODE0,NODE1. ~locked_epoch1(NODE0) | ep_epoch2(NODE0) | ep_epoch3(NODE0) | held(NODE0) | locked_epoch2(NODE1) | transfer_epoch2(NODE0) | transfer_epoch2(NODE1) | NODE0 = NODE1","10","--00------0---1--0--------00----","8","159","12","0201110220"
"1079","forall NODE0,NODE1. ~locked_epoch1(NODE0) | ep_epoch2(NODE0) | held(NODE0) | locked_epoch2(NODE1) | locked_epoch3(NODE0) | transfer_epoch2(NODE0) | transfer_epoch2(NODE1) | NODE0 = NODE1","10","--0-------0---1--00-------00----","8","153","8","0101120220"
"1080","forall NODE0,NODE1. ~locked_epoch2(NODE0) | ep_epoch0(NODE1) | ep_epoch1(NODE1) | ep_epoch4(NODE0) | held(NODE1) | transfer_epoch4(NODE0) | transfer_epoch4(NODE1) | NODE0 = NODE1","10","----000----0----1-------------00","8","164","4","0301100220"
"1081","forall NODE0,NODE1. ~locked_epoch2(NODE0) | ep_epoch0(NODE1) | ep_epoch1(NODE1) | held(NODE0) | held(NODE1) | transfer_epoch4(NODE0) | transfer_epoch4(NODE1) | NODE0 = NODE1","10","-----00---00----1-------------00","8","162","5","0202100220"
"1082","forall NODE0,NODE1. ~locked_epoch2(NODE0) | ep_epoch0(NODE1) | ep_epoch1(NODE1) | held(NODE1) | locked_epoch4(NODE0) | transfer_epoch4(NODE0) | transfer_epoch4(NODE1) | NODE0 = NODE1","10","-----00----0----1---0---------00","8","159","12","0201110220"
"1083","forall NODE0,NODE1. ~locked_epoch2(NODE0) | ep_epoch0(NODE1) | ep_epoch4(NODE0) | held(NODE1) | locked_epoch1(NODE1) | transfer_epoch4(NODE0) | transfer_epoch4(NODE1) | NODE0 = NODE1","10","----00-----0---01-------------00","8","159","12","0201110220"
"1084","forall NODE0,NODE1. ~locked_epoch2(NODE0) | ep_epoch0(NODE1) | held(NODE0) | held(NODE1) | locked_epoch1(NODE1) | transfer_epoch4(NODE0) | transfer_epoch4(NODE1) | NODE0 = NODE1","10","-----0----00---01-------------00","8","156","5","0102110220"
"1085","forall NODE0,NODE1. ~locked_epoch2(NODE0) | ep_epoch0(NODE1) | held(NODE1) | locked_epoch1(NODE1) | locked_epoch4(NODE0) | transfer_epoch4(NODE0) | transfer_epoch4(NODE1) | NODE0 = NODE1","10","-----0-----0---01---0---------00","8","153","8","0101120220"
"1086","forall NODE0,NODE1. ~locked_epoch2(NODE0) | ep_epoch1(NODE1) | ep_epoch4(NODE0) | held(NODE1) | locked_epoch1(NODE0) | transfer_epoch4(NODE0) | transfer_epoch4(NODE1) | NODE0 = NODE1","10","----0-0----0--0-1-------------00","8","159","12","0201110220"
"1087","forall NODE0,NODE1. ~locked_epoch2(NODE0) | ep_epoch1(NODE1) | held(NODE0) | held(NODE1) | locked_epoch1(NODE0) | transfer_epoch4(NODE0) | transfer_epoch4(NODE1) | NODE0 = NODE1","10","------0---00--0-1-------------00","8","156","5","0102110220"
"1088","forall NODE0,NODE1. ~locked_epoch2(NODE0) | ep_epoch1(NODE1) | held(NODE1) | locked_epoch1(NODE0) | locked_epoch4(NODE0) | transfer_epoch4(NODE0) | transfer_epoch4(NODE1) | NODE0 = NODE1","10","------0----0--0-1---0---------00","8","153","8","0101120220"
"1089","forall NODE0,NODE1. ~locked_epoch2(NODE0) | ep_epoch3(NODE0) | ep_epoch3(NODE1) | ep_epoch4(NODE1) | held(NODE0) | transfer_epoch3(NODE0) | transfer_epoch3(NODE1) | NODE0 = NODE1","10","---0----000-----1-----------00--","8","164","4","0301100220"
"1090","forall NODE0,NODE1. ~locked_epoch2(NODE0) | ep_epoch3(NODE0) | ep_epoch3(NODE1) | held(NODE0) | held(NODE1) | transfer_epoch3(NODE0) | transfer_epoch3(NODE1) | NODE0 = NODE1","10","---0----0-00----1-----------00--","8","162","5","0202100220"
"1091","forall NODE0,NODE1. ~locked_epoch2(NODE0) | ep_epoch3(NODE0) | ep_epoch3(NODE1) | held(NODE0) | locked_epoch4(NODE1) | transfer_epoch3(NODE0) | transfer_epoch3(NODE1) | NODE0 = NODE1","10","---0----0-0-----1----0------00--","8","159","12","0201110220"
"1092","forall NODE0,NODE1. ~locked_epoch2(NODE0) | ep_epoch3(NODE1) | ep_epoch4(NODE1) | held(NODE0) | locked_epoch3(NODE0) | transfer_epoch3(NODE0) | transfer_epoch3(NODE1) | NODE0 = NODE1","10","--------000-----1-0---------00--","8","159","12","0201110220"
"1093","forall NODE0,NODE1. ~locked_epoch2(NODE0) | ep_epoch3(NODE1) | held(NODE0) | held(NODE1) | locked_epoch3(NODE0) | transfer_epoch3(NODE0) | transfer_epoch3(NODE1) | NODE0 = NODE1","10","--------0-00----1-0---------00--","8","156","5","0102110220"
"1094","forall NODE0,NODE1. ~locked_epoch2(NODE0) | ep_epoch3(NODE1) | held(NODE0) | locked_epoch3(NODE0) | locked_epoch4(NODE1) | transfer_epoch3(NODE0) | transfer_epoch3(NODE1) | NODE0 = NODE1","10","--------0-0-----1-0--0------00--","8","153","8","0101120220"
"1095","forall NODE0,NODE1. ~locked_epoch2(NODE0) | held(NODE0) | held(NODE1) | transfer_epoch3(NODE0) | transfer_epoch3(NODE1) | transfer_epoch4(NODE0) | transfer_epoch4(NODE1) | NODE0 = NODE1","10","----------00----1-----------0000","8","0","101","0002100420"
"1096","forall NODE0,NODE1. ~transfer_epoch4(NODE0) | ep_epoch0(NODE0) | ep_epoch0(NODE1) | ep_epoch1(NODE0) | ep_epoch1(NODE1) | ep_epoch2(NODE0) | ep_epoch2(NODE1) | NODE0 = NODE1","10","000--000----------------------1-","8","0","101","0600001020"
"1097","forall NODE0,NODE1. ep_epoch0(NODE0) | ep_epoch0(NODE1) | ep_epoch1(NODE0) | ep_epoch1(NODE1) | ep_epoch3(NODE0) | ep_epoch4(NODE0) | locked_epoch3(NODE1) | NODE0 = NODE1","10","00-0000------------0------------","8","171","6","0600010020"
"1098","forall NODE0,NODE1. ep_epoch0(NODE0) | ep_epoch0(NODE1) | ep_epoch1(NODE0) | ep_epoch1(NODE1) | ep_epoch3(NODE1) | held(NODE1) | locked_epoch3(NODE0) | NODE0 = NODE1","10","00-0-00---0--------0------------","8","170","3","0501010020"
"1099","forall NODE0,NODE1. ep_epoch0(NODE0) | ep_epoch0(NODE1) | ep_epoch1(NODE0) | ep_epoch1(NODE1) | ep_epoch3(NODE1) | locked_epoch3(NODE0) | locked_epoch4(NODE1) | NODE0 = NODE1","10","00-0-00------------00-----------","8","169","3","0500020020"
"1100","forall NODE0,NODE1. ep_epoch0(NODE0) | ep_epoch0(NODE1) | ep_epoch2(NODE0) | ep_epoch2(NODE1) | ep_epoch3(NODE0) | ep_epoch4(NODE0) | locked_epoch3(NODE1) | NODE0 = NODE1","10","0-0000-0-----------0------------","8","171","6","0600010020"
"1101","forall NODE0,NODE1. ep_epoch0(NODE0) | ep_epoch0(NODE1) | ep_epoch2(NODE0) | ep_epoch2(NODE1) | ep_epoch3(NODE0) | held(NODE0) | locked_epoch3(NODE1) | NODE0 = NODE1","10","0-00-0-0--0--------0------------","8","170","3","0501010020"
"1102","forall NODE0,NODE1. ep_epoch0(NODE0) | ep_epoch0(NODE1) | ep_epoch2(NODE0) | ep_epoch2(NODE1) | ep_epoch3(NODE1) | locked_epoch3(NODE0) | locked_epoch4(NODE1) | NODE0 = NODE1","10","0-00-0-0-----------00-----------","8","169","3","0500020020"
"1103","forall NODE0,NODE1. ep_epoch0(NODE0) | ep_epoch1(NODE0) | ep_epoch2(NODE0) | ep_epoch4(NODE1) | held(NODE0) | transfer_epoch4(NODE0) | transfer_epoch4(NODE1) | NODE0 = NODE1","10","000------00-------------------00","8","0","101","0401000220"
"1104","forall NODE0,NODE1. ep_epoch0(NODE0) | ep_epoch1(NODE0) | ep_epoch2(NODE0) | held(NODE0) | held(NODE1) | transfer_epoch4(NODE0) | transfer_epoch4(NODE1) | NODE0 = NODE1","10","000-------00------------------00","8","0","101","0302000220"
"1105","forall NODE0,NODE1. ep_epoch0(NODE0) | ep_epoch1(NODE0) | ep_epoch2(NODE0) | held(NODE0) | locked_epoch4(NODE1) | transfer_epoch4(NODE0) | transfer_epoch4(NODE1) | NODE0 = NODE1","10","000-------0----------0--------00","8","163","7","0301010220"
"1106","forall NODE0,NODE1. ep_epoch0(NODE0) | ep_epoch1(NODE0) | ep_epoch3(NODE0) | held(NODE0) | locked_epoch3(NODE1) | transfer_epoch3(NODE0) | transfer_epoch3(NODE1) | NODE0 = NODE1","10","00-0------0--------0--------00--","8","163","7","0301010220"
"1107","forall NODE0,NODE1. ep_epoch0(NODE0) | ep_epoch1(NODE0) | ep_epoch4(NODE1) | held(NODE0) | locked_epoch2(NODE0) | transfer_epoch4(NODE0) | transfer_epoch4(NODE1) | NODE0 = NODE1","10","00-------00-----0-------------00","8","163","7","0301010220"
"1108","forall NODE0,NODE1. ep_epoch0(NODE0) | ep_epoch1(NODE0) | held(NODE0) | held(NODE1) | locked_epoch2(NODE0) | transfer_epoch4(NODE0) | transfer_epoch4(NODE1) | NODE0 = NODE1","10","00--------00----0-------------00","8","161","5","0202010220"
"1109","forall NODE0,NODE1. ep_epoch0(NODE0) | ep_epoch1(NODE0) | held(NODE0) | locked_epoch2(NODE0) | locked_epoch4(NODE1) | transfer_epoch4(NODE0) | transfer_epoch4(NODE1) | NODE0 = NODE1","10","00--------0-----0----0--------00","8","158","11","0201020220"
"1110","forall NODE0,NODE1. ep_epoch0(NODE0) | ep_epoch1(NODE0) | held(NODE0) | locked_epoch3(NODE0) | locked_epoch3(NODE1) | transfer_epoch3(NODE0) | transfer_epoch3(NODE1) | NODE0 = NODE1","10","00--------0-------00--------00--","8","158","11","0201020220"
"1111","forall NODE0,NODE1. ep_epoch0(NODE0) | ep_epoch1(NODE1) | ep_epoch2(NODE0) | ep_epoch2(NODE1) | ep_epoch3(NODE0) | ep_epoch3(NODE1) | locked_epoch1(NODE0) | NODE0 = NODE1","10","0-00--000-----0-----------------","8","171","6","0600010020"
"1112","forall NODE0,NODE1. ep_epoch0(NODE0) | ep_epoch1(NODE1) | ep_epoch2(NODE0) | ep_epoch2(NODE1) | ep_epoch4(NODE0) | ep_epoch4(NODE1) | locked_epoch1(NODE0) | NODE0 = NODE1","10","0-0-0-00-0----0-----------------","8","171","6","0600010020"
"1113","forall NODE2,NODE0,NODE1,NODE3. ep_epoch0(NODE0) | ep_epoch1(NODE1) | ep_epoch2(NODE2) | ep_epoch2(NODE3) | ep_epoch4(NODE2) | held(NODE3) | locked_epoch1(NODE0) | ((NODE0 ~= NODE2 | NODE1 ~= NODE3 | NODE0 = NODE1) & (NODE0 ~= NODE3 | NODE1 ~= NODE2 | NODE0 = NODE1))","17","0-0-0-00---0--0-----------------","13","256","2","0501010040"
"1114","forall NODE2,NODE0,NODE1,NODE3. ep_epoch0(NODE0) | ep_epoch1(NODE1) | ep_epoch2(NODE2) | ep_epoch2(NODE3) | ep_epoch4(NODE2) | locked_epoch1(NODE0) | locked_epoch4(NODE3) | ((NODE0 ~= NODE2 | NODE1 ~= NODE3 | NODE0 = NODE1) & (NODE0 ~= NODE3 | NODE1 ~= NODE2 | NODE0 = NODE1))","17","0-0-0-00------0------0----------","13","254","2","0500020040"
"1115","forall NODE0,NODE1. ep_epoch0(NODE0) | ep_epoch1(NODE1) | ep_epoch2(NODE0) | ep_epoch2(NODE1) | held(NODE0) | held(NODE1) | locked_epoch1(NODE0) | NODE0 = NODE1","10","0-0---00--00--0-----------------","8","167","2","0402010020"
"1116","forall NODE2,NODE0,NODE1,NODE3. ep_epoch0(NODE0) | ep_epoch1(NODE1) | ep_epoch2(NODE2) | ep_epoch2(NODE3) | held(NODE2) | locked_epoch1(NODE0) | locked_epoch4(NODE3) | ((NODE0 ~= NODE2 | NODE1 ~= NODE3 | NODE0 = NODE1) & (NODE0 ~= NODE3 | NODE1 ~= NODE2 | NODE0 = NODE1))","17","0-0---00--0---0------0----------","13","252","2","0401020040"
"1117","forall NODE0,NODE1. ep_epoch0(NODE0) | ep_epoch1(NODE1) | ep_epoch2(NODE0) | ep_epoch2(NODE1) | locked_epoch1(NODE0) | locked_epoch4(NODE0) | locked_epoch4(NODE1) | NODE0 = NODE1","10","0-0---00------0-----00----------","8","165","2","0400030020"
"1118","forall NODE0,NODE1. ep_epoch0(NODE0) | ep_epoch1(NODE1) | ep_epoch3(NODE0) | ep_epoch3(NODE1) | ep_epoch4(NODE0) | ep_epoch4(NODE1) | locked_epoch1(NODE0) | NODE0 = NODE1","10","0--00-0-00----0-----------------","8","171","6","0600010020"
"1119","forall NODE2,NODE0,NODE1,NODE3. ep_epoch0(NODE0) | ep_epoch1(NODE1) | ep_epoch3(NODE2) | ep_epoch3(NODE3) | ep_epoch4(NODE2) | held(NODE3) | locked_epoch1(NODE0) | ((NODE0 ~= NODE2 | NODE1 ~= NODE3 | NODE0 = NODE1) & (NODE0 ~= NODE3 | NODE1 ~= NODE2 | NODE0 = NODE1))","17","0--00-0-0--0--0-----------------","13","256","2","0501010040"
"1120","forall NODE2,NODE0,NODE1,NODE3. ep_epoch0(NODE0) | ep_epoch1(NODE1) | ep_epoch3(NODE2) | ep_epoch3(NODE3) | ep_epoch4(NODE2) | locked_epoch1(NODE0) | locked_epoch4(NODE3) | ((NODE0 ~= NODE3 | NODE1 ~= NODE2 | NODE0 = NODE1) & (NODE0 ~= NODE2 | NODE1 ~= NODE3 | NODE0 = NODE1))","17","0--00-0-0-----0------0----------","13","254","2","0500020040"
"1121","forall NODE0,NODE1. ep_epoch0(NODE0) | ep_epoch1(NODE1) | ep_epoch3(NODE0) | ep_epoch3(NODE1) | held(NODE0) | held(NODE1) | locked_epoch1(NODE0) | NODE0 = NODE1","10","0--0--0-0-00--0-----------------","8","167","2","0402010020"
"1122","forall NODE2,NODE0,NODE1,NODE3. ep_epoch0(NODE0) | ep_epoch1(NODE1) | ep_epoch3(NODE2) | ep_epoch3(NODE3) | held(NODE2) | locked_epoch1(NODE0) | locked_epoch4(NODE3) | ((NODE0 ~= NODE3 | NODE1 ~= NODE2 | NODE0 = NODE1) & (NODE0 ~= NODE2 | NODE1 ~= NODE3 | NODE0 = NODE1))","17","0--0--0-0-0---0------0----------","13","252","2","0401020040"
"1123","forall NODE0,NODE1. ep_epoch0(NODE0) | ep_epoch1(NODE1) | ep_epoch3(NODE0) | ep_epoch3(NODE1) | locked_epoch1(NODE0) | locked_epoch4(NODE0) | locked_epoch4(NODE1) | NODE0 = NODE1","10","0--0--0-0-----0-----00----------","8","165","2","0400030020"
"1124","forall NODE0,NODE1. ep_epoch0(NODE0) | ep_epoch1(NODE1) | held(NODE0) | held(NODE1) | locked_epoch1(NODE0) | transfer_epoch4(NODE0) | transfer_epoch4(NODE1) | NODE0 = NODE1","10","0-----0---00--0---------------00","8","161","5","0202010220"
"1125","forall NODE0,NODE1. ep_epoch0(NODE0) | ep_epoch2(NODE0) | ep_epoch3(NODE0) | held(NODE0) | locked_epoch2(NODE1) | transfer_epoch2(NODE0) | transfer_epoch2(NODE1) | NODE0 = NODE1","10","0-00------0------0--------00----","8","163","7","0301010220"
"1126","forall NODE0,NODE1. ep_epoch0(NODE0) | ep_epoch2(NODE0) | ep_epoch4(NODE1) | held(NODE0) | locked_epoch1(NODE0) | transfer_epoch4(NODE0) | transfer_epoch4(NODE1) | NODE0 = NODE1","10","0-0------00---0---------------00","8","163","7","0301010220"
"1127","forall NODE0,NODE1. ep_epoch0(NODE0) | ep_epoch2(NODE0) | held(NODE0) | held(NODE1) | locked_epoch1(NODE0) | transfer_epoch4(NODE0) | transfer_epoch4(NODE1) | NODE0 = NODE1","10","0-0-------00--0---------------00","8","161","5","0202010220"
"1128","forall NODE0,NODE1. ep_epoch0(NODE0) | ep_epoch2(NODE0) | held(NODE0) | locked_epoch1(NODE0) | locked_epoch4(NODE1) | transfer_epoch4(NODE0) | transfer_epoch4(NODE1) | NODE0 = NODE1","10","0-0-------0---0------0--------00","8","158","11","0201020220"
"1129","forall NODE0,NODE1. ep_epoch0(NODE0) | ep_epoch2(NODE0) | held(NODE0) | locked_epoch2(NODE1) | locked_epoch3(NODE0) | transfer_epoch2(NODE0) | transfer_epoch2(NODE1) | NODE0 = NODE1","10","0-0-------0------00-------00----","8","158","11","0201020220"
"1130","forall NODE0,NODE1. ep_epoch0(NODE0) | ep_epoch3(NODE0) | held(NODE0) | locked_epoch1(NODE0) | locked_epoch3(NODE1) | transfer_epoch3(NODE0) | transfer_epoch3(NODE1) | NODE0 = NODE1","10","0--0------0---0----0--------00--","8","158","11","0201020220"
"1131","forall NODE0,NODE1. ep_epoch0(NODE0) | ep_epoch4(NODE1) | held(NODE0) | locked_epoch1(NODE0) | locked_epoch2(NODE0) | transfer_epoch4(NODE0) | transfer_epoch4(NODE1) | NODE0 = NODE1","10","0--------00---0-0-------------00","8","158","11","0201020220"
"1132","forall NODE0,NODE1. ep_epoch0(NODE0) | held(NODE0) | held(NODE1) | locked_epoch1(NODE0) | locked_epoch2(NODE0) | transfer_epoch4(NODE0) | transfer_epoch4(NODE1) | NODE0 = NODE1","10","0---------00--0-0-------------00","8","155","3","0102020220"
"1133","forall NODE0,NODE1. ep_epoch0(NODE0) | held(NODE0) | locked_epoch1(NODE0) | locked_epoch2(NODE0) | locked_epoch4(NODE1) | transfer_epoch4(NODE0) | transfer_epoch4(NODE1) | NODE0 = NODE1","10","0---------0---0-0----0--------00","8","152","5","0101030220"
"1134","forall NODE0,NODE1. ep_epoch0(NODE0) | held(NODE0) | locked_epoch1(NODE0) | locked_epoch3(NODE0) | locked_epoch3(NODE1) | transfer_epoch3(NODE0) | transfer_epoch3(NODE1) | NODE0 = NODE1","10","0---------0---0---00--------00--","8","152","5","0101030220"
"1135","forall NODE0,NODE1. ep_epoch1(NODE0) | ep_epoch1(NODE1) | ep_epoch2(NODE0) | ep_epoch2(NODE1) | ep_epoch3(NODE0) | ep_epoch4(NODE0) | locked_epoch3(NODE1) | NODE0 = NODE1","10","-0000-00-----------0------------","8","171","6","0600010020"
"1136","forall NODE0,NODE1. ep_epoch1(NODE0) | ep_epoch1(NODE1) | ep_epoch2(NODE0) | ep_epoch2(NODE1) | ep_epoch3(NODE0) | held(NODE0) | locked_epoch3(NODE1) | NODE0 = NODE1","10","-000--00--0--------0------------","8","170","3","0501010020"
"1137","forall NODE0,NODE1. ep_epoch1(NODE0) | ep_epoch1(NODE1) | ep_epoch2(NODE0) | ep_epoch2(NODE1) | ep_epoch3(NODE1) | locked_epoch3(NODE0) | locked_epoch4(NODE1) | NODE0 = NODE1","10","-000--00-----------00-----------","8","169","3","0500020020"
"1138","forall NODE0,NODE1. ep_epoch1(NODE0) | ep_epoch2(NODE0) | ep_epoch4(NODE1) | held(NODE0) | locked_epoch1(NODE1) | transfer_epoch4(NODE0) | transfer_epoch4(NODE1) | NODE0 = NODE1","10","-00------00----0--------------00","8","163","7","0301010220"
"1139","forall NODE0,NODE1. ep_epoch1(NODE0) | ep_epoch2(NODE0) | held(NODE0) | held(NODE1) | locked_epoch1(NODE1) | transfer_epoch4(NODE0) | transfer_epoch4(NODE1) | NODE0 = NODE1","10","-00-------00---0--------------00","8","161","5","0202010220"
"1140","forall NODE0,NODE1. ep_epoch1(NODE0) | ep_epoch2(NODE0) | held(NODE0) | locked_epoch1(NODE1) | locked_epoch4(NODE1) | transfer_epoch4(NODE0) | transfer_epoch4(NODE1) | NODE0 = NODE1","10","-00-------0----0-----0--------00","8","158","11","0201020220"
"1141","forall NODE0,NODE1. ep_epoch1(NODE0) | ep_epoch2(NODE1) | ep_epoch3(NODE1) | held(NODE1) | locked_epoch2(NODE0) | transfer_epoch2(NODE0) | transfer_epoch2(NODE1) | NODE0 = NODE1","10","-0-----00--0----0---------00----","8","163","7","0301010220"
"1142","forall NODE0,NODE1. ep_epoch1(NODE0) | ep_epoch2(NODE1) | held(NODE1) | locked_epoch2(NODE0) | locked_epoch3(NODE1) | transfer_epoch2(NODE0) | transfer_epoch2(NODE1) | NODE0 = NODE1","10","-0-----0---0----0--0------00----","8","158","11","0201020220"
"1143","forall NODE0,NODE1. ep_epoch1(NODE0) | ep_epoch3(NODE0) | held(NODE0) | locked_epoch1(NODE1) | locked_epoch3(NODE1) | transfer_epoch3(NODE0) | transfer_epoch3(NODE1) | NODE0 = NODE1","10","-0-0------0----0---0--------00--","8","158","11","0201020220"
"1144","forall NODE0,NODE1. ep_epoch1(NODE0) | ep_epoch4(NODE1) | held(NODE0) | locked_epoch1(NODE1) | locked_epoch2(NODE0) | transfer_epoch4(NODE0) | transfer_epoch4(NODE1) | NODE0 = NODE1","10","-0-------00----00-------------00","8","158","11","0201020220"
"1145","forall NODE0,NODE1. ep_epoch1(NODE0) | held(NODE0) | held(NODE1) | locked_epoch1(NODE1) | locked_epoch2(NODE0) | transfer_epoch4(NODE0) | transfer_epoch4(NODE1) | NODE0 = NODE1","10","-0--------00---00-------------00","8","155","3","0102020220"
"1146","forall NODE0,NODE1. ep_epoch1(NODE0) | held(NODE0) | locked_epoch1(NODE1) | locked_epoch2(NODE0) | locked_epoch4(NODE1) | transfer_epoch4(NODE0) | transfer_epoch4(NODE1) | NODE0 = NODE1","10","-0--------0----00----0--------00","8","152","5","0101030220"
"1147","forall NODE0,NODE1. ep_epoch1(NODE0) | held(NODE0) | locked_epoch1(NODE1) | locked_epoch3(NODE0) | locked_epoch3(NODE1) | transfer_epoch3(NODE0) | transfer_epoch3(NODE1) | NODE0 = NODE1","10","-0--------0----0--00--------00--","8","152","5","0101030220"
"1148","forall NODE0,NODE1. ep_epoch2(NODE0) | ep_epoch3(NODE0) | held(NODE0) | held(NODE1) | locked_epoch2(NODE1) | transfer_epoch2(NODE0) | transfer_epoch2(NODE1) | NODE0 = NODE1","10","--00------00-----0--------00----","8","161","5","0202010220"
"1149","forall NODE0,NODE1. ep_epoch2(NODE0) | ep_epoch3(NODE0) | held(NODE0) | locked_epoch1(NODE1) | locked_epoch2(NODE1) | transfer_epoch2(NODE0) | transfer_epoch2(NODE1) | NODE0 = NODE1","10","--00------0----0-0--------00----","8","158","11","0201020220"
"1150","forall NODE0,NODE1. ep_epoch2(NODE0) | held(NODE0) | held(NODE1) | locked_epoch2(NODE1) | locked_epoch3(NODE0) | transfer_epoch2(NODE0) | transfer_epoch2(NODE1) | NODE0 = NODE1","10","--0-------00-----00-------00----","8","155","3","0102020220"
"1151","forall NODE0,NODE1. ep_epoch2(NODE0) | held(NODE0) | locked_epoch1(NODE1) | locked_epoch2(NODE1) | locked_epoch3(NODE0) | transfer_epoch2(NODE0) | transfer_epoch2(NODE1) | NODE0 = NODE1","10","--0-------0----0-00-------00----","8","152","5","0101030220"
"1152","forall NODE0,NODE1. ~ep_epoch0(NODE0) | held(NODE1) | transfer_epoch2(NODE0) | transfer_epoch2(NODE1) | transfer_epoch3(NODE0) | transfer_epoch3(NODE1) | transfer_epoch4(NODE0) | transfer_epoch4(NODE1) | NODE0 = NODE1","11","1----------0--------------000000","9","0","101","1001000620"
"1153","forall NODE0,NODE1. ~ep_epoch1(NODE0) | ep_epoch2(NODE1) | held(NODE0) | held(NODE1) | transfer_epoch2(NODE0) | transfer_epoch2(NODE1) | transfer_epoch4(NODE0) | transfer_epoch4(NODE1) | NODE0 = NODE1","11","-1-----0--00--------------00--00","9","203","2","1102000420"
"1154","forall NODE0,NODE1. ~ep_epoch1(NODE0) | ep_epoch3(NODE1) | held(NODE0) | held(NODE1) | transfer_epoch2(NODE0) | transfer_epoch2(NODE1) | transfer_epoch3(NODE0) | transfer_epoch3(NODE1) | NODE0 = NODE1","11","-1------0-00--------------0000--","9","203","2","1102000420"
"1155","forall NODE0,NODE1. ~ep_epoch1(NODE0) | held(NODE0) | held(NODE1) | locked_epoch3(NODE1) | transfer_epoch2(NODE0) | transfer_epoch2(NODE1) | transfer_epoch3(NODE0) | transfer_epoch3(NODE1) | NODE0 = NODE1","11","-1--------00-------0------0000--","9","0","101","1002010420"
"1156","forall NODE2,NODE0,NODE1,NODE3. ~locked_epoch1(NODE0) | ep_epoch0(NODE1) | ep_epoch1(NODE0) | ep_epoch3(NODE2) | ep_epoch4(NODE2) | held(NODE3) | transfer_epoch4(NODE0) | transfer_epoch4(NODE1) | ((NODE0 ~= NODE3 | NODE1 ~= NODE2 | NODE0 = NODE1) & (NODE0 ~= NODE2 | NODE1 ~= NODE3 | NODE0 = NODE1))","18","-0-000-----0--1---------------00","14","0","101","0401100240"
"1157","forall NODE2,NODE0,NODE1,NODE3. ~locked_epoch1(NODE0) | ep_epoch0(NODE1) | ep_epoch1(NODE0) | ep_epoch3(NODE2) | held(NODE3) | locked_epoch4(NODE2) | transfer_epoch4(NODE0) | transfer_epoch4(NODE1) | ((NODE0 ~= NODE3 | NODE1 ~= NODE2 | NODE0 = NODE1) & (NODE0 ~= NODE2 | NODE1 ~= NODE3 | NODE0 = NODE1))","18","-0-0-0-----0--1-----0---------00","14","259","2","0301110240"
"1158","forall NODE2,NODE0,NODE1,NODE3. ~locked_epoch1(NODE0) | ep_epoch0(NODE1) | ep_epoch1(NODE0) | ep_epoch4(NODE2) | held(NODE3) | locked_epoch3(NODE2) | transfer_epoch4(NODE0) | transfer_epoch4(NODE1) | ((NODE0 ~= NODE2 | NODE1 ~= NODE3 | NODE0 = NODE1) & (NODE0 ~= NODE3 | NODE1 ~= NODE2 | NODE0 = NODE1))","18","-0--00-----0--1---0-----------00","14","259","2","0301110240"
"1159","forall NODE2,NODE0,NODE1,NODE3. ~locked_epoch1(NODE0) | ep_epoch0(NODE1) | ep_epoch1(NODE0) | held(NODE2) | locked_epoch3(NODE3) | locked_epoch4(NODE3) | transfer_epoch4(NODE0) | transfer_epoch4(NODE1) | ((NODE0 ~= NODE3 | NODE1 ~= NODE2 | NODE0 = NODE1) & (NODE0 ~= NODE2 | NODE1 ~= NODE3 | NODE0 = NODE1))","18","-0---0----0---1----0-0--------00","14","0","101","0201120240"
"1160","forall NODE0,NODE1. ~locked_epoch1(NODE0) | ep_epoch0(NODE1) | ep_epoch3(NODE0) | ep_epoch3(NODE1) | ep_epoch4(NODE0) | held(NODE1) | transfer_epoch3(NODE0) | transfer_epoch3(NODE1) | NODE0 = NODE1","11","---000--0--0--1-------------00--","9","197","2","0401100220"
"1161","forall NODE0,NODE1. ~locked_epoch1(NODE0) | ep_epoch0(NODE1) | ep_epoch3(NODE0) | ep_epoch3(NODE1) | held(NODE0) | held(NODE1) | transfer_epoch3(NODE0) | transfer_epoch3(NODE1) | NODE0 = NODE1","11","---0-0--0-00--1-------------00--","9","195","2","0302100220"
"1162","forall NODE0,NODE1. ~locked_epoch1(NODE0) | ep_epoch0(NODE1) | ep_epoch3(NODE0) | ep_epoch3(NODE1) | held(NODE1) | locked_epoch4(NODE0) | transfer_epoch3(NODE0) | transfer_epoch3(NODE1) | NODE0 = NODE1","11","---0-0--0--0--1-----0-------00--","9","193","6","0301110220"
"1163","forall NODE0,NODE1. ~locked_epoch1(NODE0) | ep_epoch0(NODE1) | ep_epoch3(NODE0) | ep_epoch4(NODE0) | held(NODE1) | locked_epoch3(NODE1) | transfer_epoch3(NODE0) | transfer_epoch3(NODE1) | NODE0 = NODE1","11","---000-----0--1----0--------00--","9","193","6","0301110220"
"1164","forall NODE0,NODE1. ~locked_epoch1(NODE0) | ep_epoch0(NODE1) | ep_epoch3(NODE0) | held(NODE0) | held(NODE1) | locked_epoch3(NODE1) | transfer_epoch3(NODE0) | transfer_epoch3(NODE1) | NODE0 = NODE1","11","---0-0----00--1----0--------00--","9","191","2","0202110220"
"1165","forall NODE0,NODE1. ~locked_epoch1(NODE0) | ep_epoch0(NODE1) | ep_epoch3(NODE0) | held(NODE1) | locked_epoch3(NODE1) | locked_epoch4(NODE0) | transfer_epoch3(NODE0) | transfer_epoch3(NODE1) | NODE0 = NODE1","11","---0-0-----0--1----00-------00--","9","189","6","0201120220"
"1166","forall NODE0,NODE1. ~locked_epoch1(NODE0) | ep_epoch0(NODE1) | held(NODE0) | held(NODE1) | transfer_epoch3(NODE0) | transfer_epoch3(NODE1) | transfer_epoch4(NODE0) | transfer_epoch4(NODE1) | NODE0 = NODE1","11","-----0----00--1-------------0000","9","185","2","0102100420"
"1167","forall NODE0,NODE1. ~locked_epoch1(NODE0) | ep_epoch1(NODE0) | ep_epoch3(NODE0) | ep_epoch3(NODE1) | ep_epoch4(NODE1) | held(NODE0) | transfer_epoch3(NODE0) | transfer_epoch3(NODE1) | NODE0 = NODE1","11","-0-0----000---1-------------00--","9","197","2","0401100220"
"1168","forall NODE0,NODE1. ~locked_epoch1(NODE0) | ep_epoch1(NODE0) | ep_epoch3(NODE0) | ep_epoch3(NODE1) | held(NODE0) | held(NODE1) | transfer_epoch3(NODE0) | transfer_epoch3(NODE1) | NODE0 = NODE1","11","-0-0----0-00--1-------------00--","9","195","2","0302100220"
"1169","forall NODE0,NODE1. ~locked_epoch1(NODE0) | ep_epoch1(NODE0) | ep_epoch3(NODE0) | ep_epoch3(NODE1) | held(NODE0) | locked_epoch4(NODE1) | transfer_epoch3(NODE0) | transfer_epoch3(NODE1) | NODE0 = NODE1","11","-0-0----0-0---1------0------00--","9","193","6","0301110220"
"1170","forall NODE0,NODE1. ~locked_epoch1(NODE0) | ep_epoch1(NODE0) | ep_epoch3(NODE1) | ep_epoch4(NODE1) | held(NODE0) | locked_epoch3(NODE0) | transfer_epoch3(NODE0) | transfer_epoch3(NODE1) | NODE0 = NODE1","11","-0------000---1---0---------00--","9","193","6","0301110220"
"1171","forall NODE0,NODE1. ~locked_epoch1(NODE0) | ep_epoch1(NODE0) | ep_epoch3(NODE1) | held(NODE0) | held(NODE1) | locked_epoch3(NODE0) | transfer_epoch3(NODE0) | transfer_epoch3(NODE1) | NODE0 = NODE1","11","-0------0-00--1---0---------00--","9","191","2","0202110220"
"1172","forall NODE0,NODE1. ~locked_epoch1(NODE0) | ep_epoch1(NODE0) | ep_epoch3(NODE1) | held(NODE0) | locked_epoch3(NODE0) | locked_epoch4(NODE1) | transfer_epoch3(NODE0) | transfer_epoch3(NODE1) | NODE0 = NODE1","11","-0------0-0---1---0--0------00--","9","189","6","0201120220"
"1173","forall NODE0,NODE1. ~locked_epoch1(NODE0) | ep_epoch1(NODE0) | held(NODE0) | held(NODE1) | transfer_epoch3(NODE0) | transfer_epoch3(NODE1) | transfer_epoch4(NODE0) | transfer_epoch4(NODE1) | NODE0 = NODE1","11","-0--------00--1-------------0000","9","185","2","0102100420"
"1174","forall NODE0,NODE1. ~locked_epoch1(NODE0) | ep_epoch2(NODE0) | ep_epoch2(NODE1) | ep_epoch3(NODE0) | held(NODE0) | locked_epoch3(NODE1) | transfer_epoch2(NODE0) | transfer_epoch2(NODE1) | NODE0 = NODE1","11","--00---0--0---1----0------00----","9","193","6","0301110220"
"1175","forall NODE0,NODE1. ~locked_epoch1(NODE0) | ep_epoch2(NODE0) | ep_epoch2(NODE1) | held(NODE0) | locked_epoch3(NODE0) | locked_epoch3(NODE1) | transfer_epoch2(NODE0) | transfer_epoch2(NODE1) | NODE0 = NODE1","11","--0----0--0---1---00------00----","9","189","6","0201120220"
"1176","forall NODE0,NODE1. ~locked_epoch1(NODE0) | ep_epoch2(NODE1) | ep_epoch3(NODE0) | held(NODE0) | locked_epoch2(NODE0) | locked_epoch3(NODE1) | transfer_epoch2(NODE0) | transfer_epoch2(NODE1) | NODE0 = NODE1","11","---0---0--0---1-0--0------00----","9","189","6","0201120220"
"1177","forall NODE0,NODE1. ~locked_epoch1(NODE0) | ep_epoch2(NODE1) | ep_epoch3(NODE1) | ep_epoch4(NODE1) | held(NODE0) | locked_epoch2(NODE0) | transfer_epoch2(NODE0) | transfer_epoch2(NODE1) | NODE0 = NODE1","11","-------0000---1-0---------00----","9","193","6","0301110220"
"1178","forall NODE0,NODE1. ~locked_epoch1(NODE0) | ep_epoch2(NODE1) | ep_epoch3(NODE1) | held(NODE0) | locked_epoch2(NODE0) | locked_epoch4(NODE1) | transfer_epoch2(NODE0) | transfer_epoch2(NODE1) | NODE0 = NODE1","11","-------00-0---1-0----0----00----","9","189","6","0201120220"
"1179","forall NODE0,NODE1. ~locked_epoch1(NODE0) | ep_epoch2(NODE1) | ep_epoch4(NODE1) | held(NODE0) | locked_epoch2(NODE0) | locked_epoch3(NODE1) | transfer_epoch2(NODE0) | transfer_epoch2(NODE1) | NODE0 = NODE1","11","-------0-00---1-0--0------00----","9","189","6","0201120220"
"1180","forall NODE0,NODE1. ~locked_epoch1(NODE0) | ep_epoch2(NODE1) | held(NODE0) | locked_epoch2(NODE0) | locked_epoch3(NODE0) | locked_epoch3(NODE1) | transfer_epoch2(NODE0) | transfer_epoch2(NODE1) | NODE0 = NODE1","11","-------0--0---1-0-00------00----","9","183","2","0101130220"
"1181","forall NODE0,NODE1. ~locked_epoch1(NODE0) | ep_epoch2(NODE1) | held(NODE0) | locked_epoch2(NODE0) | locked_epoch3(NODE1) | locked_epoch4(NODE1) | transfer_epoch2(NODE0) | transfer_epoch2(NODE1) | NODE0 = NODE1","11","-------0--0---1-0--0-0----00----","9","183","2","0101130220"
"1182","forall NODE0,NODE1. ~locked_epoch2(NODE0) | ep_epoch3(NODE1) | ep_epoch4(NODE1) | held(NODE0) | transfer_epoch3(NODE0) | transfer_epoch3(NODE1) | transfer_epoch4(NODE0) | transfer_epoch4(NODE1) | NODE0 = NODE1","11","--------000-----1-----------0000","9","0","101","0201100420"
"1183","forall NODE0,NODE1. ~locked_epoch2(NODE0) | ep_epoch3(NODE1) | held(NODE0) | locked_epoch4(NODE1) | transfer_epoch3(NODE0) | transfer_epoch3(NODE1) | transfer_epoch4(NODE0) | transfer_epoch4(NODE1) | NODE0 = NODE1","11","--------0-0-----1----0------0000","9","182","2","0101110420"
"1184","forall NODE0,NODE1. ~locked_epoch2(NODE0) | ep_epoch4(NODE1) | held(NODE0) | locked_epoch3(NODE1) | transfer_epoch3(NODE0) | transfer_epoch3(NODE1) | transfer_epoch4(NODE0) | transfer_epoch4(NODE1) | NODE0 = NODE1","11","---------00-----1--0--------0000","9","182","2","0101110420"
"1185","forall NODE0,NODE1. ~locked_epoch2(NODE0) | held(NODE0) | locked_epoch3(NODE1) | locked_epoch4(NODE1) | transfer_epoch3(NODE0) | transfer_epoch3(NODE1) | transfer_epoch4(NODE0) | transfer_epoch4(NODE1) | NODE0 = NODE1","11","----------0-----1--0-0------0000","9","0","101","0001120420"
"1186","exists NODE0. ep_epoch0(NODE0) | ep_epoch1(NODE0) | ep_epoch2(NODE0) | ep_epoch3(NODE0)","5","0000-0000-----------------------","4","21","5","0800000001"
"1187","exists NODE0. ep_epoch0(NODE0) | ep_epoch1(NODE0) | ep_epoch2(NODE0) | ep_epoch4(NODE0)","5","000-0000-0----------------------","4","21","5","0800000001"
"1188","forall NODE0,NODE1. ep_epoch0(NODE0) | ep_epoch0(NODE1) | ep_epoch1(NODE0) | ep_epoch1(NODE1) | ep_epoch2(NODE0) | ep_epoch2(NODE1) | ep_epoch4(NODE0) | held(NODE1) | NODE0 = NODE1","11","000-0000---0--------------------","9","200","4","0701000020"
"1189","forall NODE0,NODE1. ep_epoch0(NODE0) | ep_epoch0(NODE1) | ep_epoch1(NODE0) | ep_epoch1(NODE1) | ep_epoch2(NODE0) | ep_epoch2(NODE1) | ep_epoch4(NODE0) | locked_epoch4(NODE1) | NODE0 = NODE1","11","000-0000-------------0----------","9","199","4","0700010020"
"1190","exists NODE0. ep_epoch0(NODE0) | ep_epoch1(NODE0) | ep_epoch2(NODE0) | held(NODE0)","5","000--000--00--------------------","4","20","4","0602000001"
"1191","forall NODE0,NODE1. ep_epoch0(NODE0) | ep_epoch0(NODE1) | ep_epoch1(NODE0) | ep_epoch1(NODE1) | ep_epoch2(NODE0) | ep_epoch2(NODE1) | held(NODE1) | locked_epoch4(NODE0) | NODE0 = NODE1","11","000--000--0----------0----------","9","198","4","0601010020"
"1192","exists NODE0. ep_epoch0(NODE0) | ep_epoch1(NODE0) | ep_epoch2(NODE0) | locked_epoch4(NODE0)","5","000--000------------00----------","4","19","4","0600020001"
"1193","exists NODE0. ep_epoch0(NODE0) | ep_epoch1(NODE0) | ep_epoch3(NODE0) | ep_epoch4(NODE0)","5","00-0000-00----------------------","4","21","5","0800000001"
"1194","forall NODE0,NODE1. ep_epoch0(NODE0) | ep_epoch0(NODE1) | ep_epoch1(NODE0) | ep_epoch1(NODE1) | ep_epoch3(NODE0) | ep_epoch3(NODE1) | ep_epoch4(NODE1) | held(NODE0) | NODE0 = NODE1","11","00-0000-0--0--------------------","9","200","4","0701000020"
"1195","forall NODE0,NODE1. ep_epoch0(NODE0) | ep_epoch0(NODE1) | ep_epoch1(NODE0) | ep_epoch1(NODE1) | ep_epoch3(NODE0) | ep_epoch3(NODE1) | ep_epoch4(NODE1) | locked_epoch4(NODE0) | NODE0 = NODE1","11","00-0000-0------------0----------","9","199","4","0700010020"
"1196","exists NODE0. ep_epoch0(NODE0) | ep_epoch1(NODE0) | ep_epoch3(NODE0) | held(NODE0)","5","00-0-00-0-00--------------------","4","20","4","0602000001"
"1197","forall NODE0,NODE1. ep_epoch0(NODE0) | ep_epoch0(NODE1) | ep_epoch1(NODE0) | ep_epoch1(NODE1) | ep_epoch3(NODE0) | ep_epoch3(NODE1) | held(NODE1) | locked_epoch4(NODE0) | NODE0 = NODE1","11","00-0-00-0-0----------0----------","9","198","4","0601010020"
"1198","exists NODE0. ep_epoch0(NODE0) | ep_epoch1(NODE0) | ep_epoch3(NODE0) | locked_epoch4(NODE0)","5","00-0-00-0-----------00----------","4","19","4","0600020001"
"1199","exists NODE0. ep_epoch0(NODE0) | ep_epoch1(NODE0) | held(NODE0) | transfer_epoch4(NODE0)","5","00---00---00------------------00","4","18","6","0402000201"
"1200","exists NODE0. ep_epoch0(NODE0) | ep_epoch2(NODE0) | ep_epoch3(NODE0) | ep_epoch4(NODE0)","5","0-0000-000----------------------","4","21","5","0800000001"
"1201","forall NODE0,NODE1. ep_epoch0(NODE0) | ep_epoch0(NODE1) | ep_epoch2(NODE0) | ep_epoch2(NODE1) | ep_epoch3(NODE0) | ep_epoch3(NODE1) | ep_epoch4(NODE0) | held(NODE1) | NODE0 = NODE1","11","0-0000-00--0--------------------","9","200","4","0701000020"
"1202","forall NODE0,NODE1. ep_epoch0(NODE0) | ep_epoch0(NODE1) | ep_epoch2(NODE0) | ep_epoch2(NODE1) | ep_epoch3(NODE0) | ep_epoch3(NODE1) | ep_epoch4(NODE1) | locked_epoch4(NODE0) | NODE0 = NODE1","11","0-0000-00------------0----------","9","199","4","0700010020"
"1203","exists NODE0. ep_epoch0(NODE0) | ep_epoch2(NODE0) | ep_epoch3(NODE0) | held(NODE0)","5","0-00-0-00-00--------------------","4","20","4","0602000001"
"1204","forall NODE0,NODE1. ep_epoch0(NODE0) | ep_epoch0(NODE1) | ep_epoch2(NODE0) | ep_epoch2(NODE1) | ep_epoch3(NODE0) | ep_epoch3(NODE1) | held(NODE1) | locked_epoch4(NODE0) | NODE0 = NODE1","11","0-00-0-00-0----------0----------","9","198","4","0601010020"
"1205","exists NODE0. ep_epoch0(NODE0) | ep_epoch2(NODE0) | ep_epoch3(NODE0) | locked_epoch4(NODE0)","5","0-00-0-00-----------00----------","4","19","4","0600020001"
"1206","exists NODE0. ep_epoch0(NODE0) | ep_epoch2(NODE0) | held(NODE0) | transfer_epoch4(NODE0)","5","0-0--0-0--00------------------00","4","18","6","0402000201"
"1207","forall NODE0,NODE1. ep_epoch0(NODE0) | ep_epoch0(NODE1) | ep_epoch2(NODE0) | ep_epoch3(NODE1) | held(NODE1) | locked_epoch3(NODE0) | transfer_epoch3(NODE0) | transfer_epoch3(NODE1) | NODE0 = NODE1","11","0-0--0--0--0------0---------00--","9","196","12","0401010220"
"1208","forall NODE0,NODE1. ep_epoch0(NODE0) | ep_epoch0(NODE1) | ep_epoch2(NODE0) | ep_epoch4(NODE1) | held(NODE0) | locked_epoch2(NODE1) | transfer_epoch4(NODE0) | transfer_epoch4(NODE1) | NODE0 = NODE1","11","0-0--0---00------0------------00","9","196","12","0401010220"
"1209","forall NODE0,NODE1. ep_epoch0(NODE0) | ep_epoch0(NODE1) | ep_epoch2(NODE0) | held(NODE0) | held(NODE1) | locked_epoch2(NODE1) | transfer_epoch4(NODE0) | transfer_epoch4(NODE1) | NODE0 = NODE1","11","0-0--0----00-----0------------00","9","194","8","0302010220"
"1210","forall NODE0,NODE1. ep_epoch0(NODE0) | ep_epoch0(NODE1) | ep_epoch2(NODE0) | held(NODE0) | locked_epoch2(NODE1) | locked_epoch4(NODE1) | transfer_epoch4(NODE0) | transfer_epoch4(NODE1) | NODE0 = NODE1","11","0-0--0----0------0---0--------00","9","192","21","0301020220"
"1211","forall NODE0,NODE1. ep_epoch0(NODE0) | ep_epoch0(NODE1) | ep_epoch2(NODE0) | held(NODE1) | locked_epoch3(NODE0) | locked_epoch3(NODE1) | transfer_epoch3(NODE0) | transfer_epoch3(NODE1) | NODE0 = NODE1","11","0-0--0-----0------00--------00--","9","192","21","0301020220"
"1212","exists NODE0. ep_epoch0(NODE0) | ep_epoch3(NODE0) | held(NODE0) | transfer_epoch3(NODE0)","5","0--0-0--0-00----------------00--","4","18","6","0402000201"
"1213","forall NODE0,NODE1. ep_epoch0(NODE0) | ep_epoch0(NODE1) | ep_epoch3(NODE0) | held(NODE0) | held(NODE1) | locked_epoch3(NODE1) | transfer_epoch3(NODE0) | transfer_epoch3(NODE1) | NODE0 = NODE1","11","0--0-0----00-------0--------00--","9","194","8","0302010220"
"1214","forall NODE0,NODE1. ep_epoch0(NODE0) | ep_epoch0(NODE1) | ep_epoch3(NODE0) | held(NODE0) | locked_epoch2(NODE1) | locked_epoch3(NODE1) | transfer_epoch3(NODE0) | transfer_epoch3(NODE1) | NODE0 = NODE1","11","0--0-0----0------0-0--------00--","9","192","21","0301020220"
"1215","exists NODE0. ep_epoch0(NODE0) | held(NODE0) | locked_epoch3(NODE0) | transfer_epoch3(NODE0)","5","0----0----00------00--------00--","4","17","3","0202020201"
"1216","exists NODE0. ep_epoch0(NODE0) | held(NODE0) | transfer_epoch3(NODE0) | transfer_epoch4(NODE0)","5","0----0----00----------------0000","4","16","4","0202000401"
"1217","forall NODE0,NODE1. ep_epoch0(NODE0) | ep_epoch0(NODE1) | held(NODE0) | locked_epoch2(NODE1) | locked_epoch3(NODE0) | locked_epoch3(NODE1) | transfer_epoch3(NODE0) | transfer_epoch3(NODE1) | NODE0 = NODE1","11","0----0----0------000--------00--","9","188","12","0201030220"
"1218","forall NODE0,NODE1. ep_epoch0(NODE0) | ep_epoch1(NODE0) | ep_epoch3(NODE0) | ep_epoch3(NODE1) | ep_epoch4(NODE1) | held(NODE0) | transfer_epoch3(NODE0) | transfer_epoch3(NODE1) | NODE0 = NODE1","11","00-0----000-----------------00--","9","0","101","0501000220"
"1219","forall NODE0,NODE1. ep_epoch0(NODE0) | ep_epoch1(NODE0) | ep_epoch3(NODE0) | ep_epoch3(NODE1) | held(NODE0) | held(NODE1) | transfer_epoch3(NODE0) | transfer_epoch3(NODE1) | NODE0 = NODE1","11","00-0----0-00----------------00--","9","0","101","0402000220"
"1220","forall NODE0,NODE1. ep_epoch0(NODE0) | ep_epoch1(NODE0) | ep_epoch3(NODE0) | ep_epoch3(NODE1) | held(NODE0) | locked_epoch4(NODE1) | transfer_epoch3(NODE0) | transfer_epoch3(NODE1) | NODE0 = NODE1","11","00-0----0-0----------0------00--","9","196","12","0401010220"
"1221","forall NODE0,NODE1. ep_epoch0(NODE0) | ep_epoch1(NODE0) | ep_epoch3(NODE1) | ep_epoch4(NODE1) | held(NODE0) | locked_epoch3(NODE0) | transfer_epoch3(NODE0) | transfer_epoch3(NODE1) | NODE0 = NODE1","11","00------000-------0---------00--","9","196","12","0401010220"
"1222","forall NODE0,NODE1. ep_epoch0(NODE0) | ep_epoch1(NODE0) | ep_epoch3(NODE1) | held(NODE0) | held(NODE1) | locked_epoch3(NODE0) | transfer_epoch3(NODE0) | transfer_epoch3(NODE1) | NODE0 = NODE1","11","00------0-00------0---------00--","9","194","8","0302010220"
"1223","forall NODE0,NODE1. ep_epoch0(NODE0) | ep_epoch1(NODE0) | ep_epoch3(NODE1) | held(NODE0) | locked_epoch3(NODE0) | locked_epoch4(NODE1) | transfer_epoch3(NODE0) | transfer_epoch3(NODE1) | NODE0 = NODE1","11","00------0-0-------0--0------00--","9","192","21","0301020220"
"1224","forall NODE0,NODE1. ep_epoch0(NODE0) | ep_epoch1(NODE0) | held(NODE0) | held(NODE1) | transfer_epoch3(NODE0) | transfer_epoch3(NODE1) | transfer_epoch4(NODE0) | transfer_epoch4(NODE1) | NODE0 = NODE1","11","00--------00----------------0000","9","0","101","0202000420"
"1225","forall NODE2,NODE0,NODE1,NODE3. ep_epoch0(NODE0) | ep_epoch1(NODE1) | ep_epoch3(NODE2) | ep_epoch4(NODE2) | held(NODE3) | locked_epoch1(NODE0) | transfer_epoch4(NODE0) | transfer_epoch4(NODE1) | ((NODE0 ~= NODE2 | NODE1 ~= NODE3 | NODE0 = NODE1) & (NODE0 ~= NODE3 | NODE1 ~= NODE2 | NODE0 = NODE1))","18","0--00-0----0--0---------------00","14","0","101","0401010240"
"1226","forall NODE2,NODE0,NODE1,NODE3. ep_epoch0(NODE0) | ep_epoch1(NODE1) | ep_epoch3(NODE2) | held(NODE3) | locked_epoch1(NODE0) | locked_epoch4(NODE2) | transfer_epoch4(NODE0) | transfer_epoch4(NODE1) | ((NODE0 ~= NODE2 | NODE1 ~= NODE3 | NODE0 = NODE1) & (NODE0 ~= NODE3 | NODE1 ~= NODE2 | NODE0 = NODE1))","18","0--0--0----0--0-----0---------00","14","258","2","0301020240"
"1227","forall NODE2,NODE0,NODE1,NODE3. ep_epoch0(NODE0) | ep_epoch1(NODE1) | ep_epoch4(NODE2) | held(NODE3) | locked_epoch1(NODE0) | locked_epoch3(NODE2) | transfer_epoch4(NODE0) | transfer_epoch4(NODE1) | ((NODE0 ~= NODE3 | NODE1 ~= NODE2 | NODE0 = NODE1) & (NODE0 ~= NODE2 | NODE1 ~= NODE3 | NODE0 = NODE1))","18","0---0-0----0--0---0-----------00","14","258","2","0301020240"
"1228","forall NODE2,NODE0,NODE1,NODE3. ep_epoch0(NODE0) | ep_epoch1(NODE1) | held(NODE2) | locked_epoch1(NODE0) | locked_epoch3(NODE3) | locked_epoch4(NODE3) | transfer_epoch4(NODE0) | transfer_epoch4(NODE1) | ((NODE0 ~= NODE2 | NODE1 ~= NODE3 | NODE0 = NODE1) & (NODE0 ~= NODE3 | NODE1 ~= NODE2 | NODE0 = NODE1))","18","0-----0---0---0----0-0--------00","14","0","101","0201030240"
"1229","forall NODE0,NODE1. ep_epoch0(NODE0) | ep_epoch2(NODE0) | ep_epoch2(NODE1) | ep_epoch3(NODE0) | held(NODE0) | locked_epoch3(NODE1) | transfer_epoch2(NODE0) | transfer_epoch2(NODE1) | NODE0 = NODE1","11","0-00---0--0--------0------00----","9","196","12","0401010220"
"1230","forall NODE0,NODE1. ep_epoch0(NODE0) | ep_epoch2(NODE0) | ep_epoch2(NODE1) | held(NODE0) | locked_epoch3(NODE0) | locked_epoch3(NODE1) | transfer_epoch2(NODE0) | transfer_epoch2(NODE1) | NODE0 = NODE1","11","0-0----0--0-------00------00----","9","192","21","0301020220"
"1231","forall NODE0,NODE1. ep_epoch0(NODE0) | ep_epoch2(NODE1) | ep_epoch3(NODE0) | held(NODE0) | locked_epoch2(NODE0) | locked_epoch3(NODE1) | transfer_epoch2(NODE0) | transfer_epoch2(NODE1) | NODE0 = NODE1","11","0--0---0--0-----0--0------00----","9","192","21","0301020220"
"1232","forall NODE0,NODE1. ep_epoch0(NODE0) | ep_epoch2(NODE1) | ep_epoch3(NODE1) | ep_epoch4(NODE1) | held(NODE0) | locked_epoch2(NODE0) | transfer_epoch2(NODE0) | transfer_epoch2(NODE1) | NODE0 = NODE1","11","0------0000-----0---------00----","9","196","12","0401010220"
"1233","forall NODE0,NODE1. ep_epoch0(NODE0) | ep_epoch2(NODE1) | ep_epoch3(NODE1) | held(NODE0) | locked_epoch2(NODE0) | locked_epoch4(NODE1) | transfer_epoch2(NODE0) | transfer_epoch2(NODE1) | NODE0 = NODE1","11","0------00-0-----0----0----00----","9","192","21","0301020220"
"1234","forall NODE0,NODE1. ep_epoch0(NODE0) | ep_epoch2(NODE1) | ep_epoch4(NODE1) | held(NODE0) | locked_epoch2(NODE0) | locked_epoch3(NODE1) | transfer_epoch2(NODE0) | transfer_epoch2(NODE1) | NODE0 = NODE1","11","0------0-00-----0--0------00----","9","192","21","0301020220"
"1235","forall NODE0,NODE1. ep_epoch0(NODE0) | ep_epoch2(NODE1) | held(NODE0) | locked_epoch2(NODE0) | locked_epoch3(NODE0) | locked_epoch3(NODE1) | transfer_epoch2(NODE0) | transfer_epoch2(NODE1) | NODE0 = NODE1","11","0------0--0-----0-00------00----","9","188","12","0201030220"
"1236","forall NODE0,NODE1. ep_epoch0(NODE0) | ep_epoch2(NODE1) | held(NODE0) | locked_epoch2(NODE0) | locked_epoch3(NODE1) | locked_epoch4(NODE1) | transfer_epoch2(NODE0) | transfer_epoch2(NODE1) | NODE0 = NODE1","11","0------0--0-----0--0-0----00----","9","188","12","0201030220"
"1237","forall NODE0,NODE1. ep_epoch0(NODE0) | ep_epoch3(NODE0) | ep_epoch3(NODE1) | ep_epoch4(NODE1) | held(NODE0) | locked_epoch1(NODE0) | transfer_epoch3(NODE0) | transfer_epoch3(NODE1) | NODE0 = NODE1","11","0--0----000---0-------------00--","9","196","12","0401010220"
"1238","forall NODE0,NODE1. ep_epoch0(NODE0) | ep_epoch3(NODE0) | ep_epoch3(NODE1) | held(NODE0) | held(NODE1) | locked_epoch1(NODE0) | transfer_epoch3(NODE0) | transfer_epoch3(NODE1) | NODE0 = NODE1","11","0--0----0-00--0-------------00--","9","194","8","0302010220"
"1239","forall NODE0,NODE1. ep_epoch0(NODE0) | ep_epoch3(NODE0) | ep_epoch3(NODE1) | held(NODE0) | locked_epoch1(NODE0) | locked_epoch4(NODE1) | transfer_epoch3(NODE0) | transfer_epoch3(NODE1) | NODE0 = NODE1","11","0--0----0-0---0------0------00--","9","192","21","0301020220"
"1240","forall NODE0,NODE1. ep_epoch0(NODE0) | ep_epoch3(NODE1) | ep_epoch4(NODE1) | held(NODE0) | locked_epoch1(NODE0) | locked_epoch3(NODE0) | transfer_epoch3(NODE0) | transfer_epoch3(NODE1) | NODE0 = NODE1","11","0-------000---0---0---------00--","9","192","21","0301020220"
"1241","forall NODE0,NODE1. ep_epoch0(NODE0) | ep_epoch3(NODE1) | held(NODE0) | held(NODE1) | locked_epoch1(NODE0) | locked_epoch3(NODE0) | transfer_epoch3(NODE0) | transfer_epoch3(NODE1) | NODE0 = NODE1","11","0-------0-00--0---0---------00--","9","190","2","0202020220"
"1242","forall NODE0,NODE1. ep_epoch0(NODE0) | ep_epoch3(NODE1) | held(NODE0) | locked_epoch1(NODE0) | locked_epoch3(NODE0) | locked_epoch4(NODE1) | transfer_epoch3(NODE0) | transfer_epoch3(NODE1) | NODE0 = NODE1","11","0-------0-0---0---0--0------00--","9","188","12","0201030220"
"1243","forall NODE0,NODE1. ep_epoch0(NODE0) | held(NODE0) | held(NODE1) | locked_epoch1(NODE0) | transfer_epoch3(NODE0) | transfer_epoch3(NODE1) | transfer_epoch4(NODE0) | transfer_epoch4(NODE1) | NODE0 = NODE1","11","0---------00--0-------------0000","9","184","4","0102010420"
"1244","exists NODE0. ep_epoch1(NODE0) | ep_epoch2(NODE0) | ep_epoch3(NODE0) | ep_epoch4(NODE0)","5","-0000-0000----------------------","4","21","5","0800000001"
"1245","forall NODE0,NODE1. ep_epoch1(NODE0) | ep_epoch1(NODE1) | ep_epoch2(NODE0) | ep_epoch2(NODE1) | ep_epoch3(NODE0) | ep_epoch3(NODE1) | ep_epoch4(NODE0) | held(NODE1) | NODE0 = NODE1","11","-0000-000--0--------------------","9","200","4","0701000020"
"1246","forall NODE0,NODE1. ep_epoch1(NODE0) | ep_epoch1(NODE1) | ep_epoch2(NODE0) | ep_epoch2(NODE1) | ep_epoch3(NODE0) | ep_epoch3(NODE1) | ep_epoch4(NODE1) | locked_epoch4(NODE0) | NODE0 = NODE1","11","-0000-000------------0----------","9","199","4","0700010020"
"1247","exists NODE0. ep_epoch1(NODE0) | ep_epoch2(NODE0) | ep_epoch3(NODE0) | held(NODE0)","5","-000--000-00--------------------","4","20","4","0602000001"
"1248","forall NODE0,NODE1. ep_epoch1(NODE0) | ep_epoch1(NODE1) | ep_epoch2(NODE0) | ep_epoch2(NODE1) | ep_epoch3(NODE0) | ep_epoch3(NODE1) | held(NODE1) | locked_epoch4(NODE0) | NODE0 = NODE1","11","-000--000-0----------0----------","9","198","4","0601010020"
"1249","exists NODE0. ep_epoch1(NODE0) | ep_epoch2(NODE0) | ep_epoch3(NODE0) | locked_epoch4(NODE0)","5","-000--000-----------00----------","4","19","4","0600020001"
"1250","exists NODE0. ep_epoch1(NODE0) | ep_epoch2(NODE0) | held(NODE0) | transfer_epoch4(NODE0)","5","-00---00--00------------------00","4","18","6","0402000201"
"1251","forall NODE0,NODE1. ep_epoch1(NODE0) | ep_epoch1(NODE1) | ep_epoch2(NODE0) | ep_epoch3(NODE1) | held(NODE1) | locked_epoch3(NODE0) | transfer_epoch3(NODE0) | transfer_epoch3(NODE1) | NODE0 = NODE1","11","-00---0-0--0------0---------00--","9","196","12","0401010220"
"1252","forall NODE0,NODE1. ep_epoch1(NODE0) | ep_epoch1(NODE1) | ep_epoch2(NODE0) | ep_epoch4(NODE1) | held(NODE0) | locked_epoch2(NODE1) | transfer_epoch4(NODE0) | transfer_epoch4(NODE1) | NODE0 = NODE1","11","-00---0--00------0------------00","9","196","12","0401010220"
"1253","forall NODE0,NODE1. ep_epoch1(NODE0) | ep_epoch1(NODE1) | ep_epoch2(NODE0) | held(NODE0) | held(NODE1) | locked_epoch2(NODE1) | transfer_epoch4(NODE0) | transfer_epoch4(NODE1) | NODE0 = NODE1","11","-00---0---00-----0------------00","9","194","8","0302010220"
"1254","forall NODE0,NODE1. ep_epoch1(NODE0) | ep_epoch1(NODE1) | ep_epoch2(NODE0) | held(NODE0) | locked_epoch2(NODE1) | locked_epoch4(NODE1) | transfer_epoch4(NODE0) | transfer_epoch4(NODE1) | NODE0 = NODE1","11","-00---0---0------0---0--------00","9","192","21","0301020220"
"1255","forall NODE0,NODE1. ep_epoch1(NODE0) | ep_epoch1(NODE1) | ep_epoch2(NODE0) | held(NODE1) | locked_epoch3(NODE0) | locked_epoch3(NODE1) | transfer_epoch3(NODE0) | transfer_epoch3(NODE1) | NODE0 = NODE1","11","-00---0----0------00--------00--","9","192","21","0301020220"
"1256","exists NODE0. ep_epoch1(NODE0) | ep_epoch3(NODE0) | held(NODE0) | transfer_epoch3(NODE0)","5","-0-0--0-0-00----------------00--","4","18","6","0402000201"
"1257","forall NODE0,NODE1. ep_epoch1(NODE0) | ep_epoch1(NODE1) | ep_epoch3(NODE0) | held(NODE0) | held(NODE1) | locked_epoch3(NODE1) | transfer_epoch3(NODE0) | transfer_epoch3(NODE1) | NODE0 = NODE1","11","-0-0--0---00-------0--------00--","9","194","8","0302010220"
"1258","forall NODE0,NODE1. ep_epoch1(NODE0) | ep_epoch1(NODE1) | ep_epoch3(NODE0) | held(NODE0) | locked_epoch2(NODE1) | locked_epoch3(NODE1) | transfer_epoch3(NODE0) | transfer_epoch3(NODE1) | NODE0 = NODE1","11","-0-0--0---0------0-0--------00--","9","192","21","0301020220"
"1259","exists NODE0. ep_epoch1(NODE0) | held(NODE0) | locked_epoch3(NODE0) | transfer_epoch3(NODE0)","5","-0----0---00------00--------00--","4","17","3","0202020201"
"1260","exists NODE0. ep_epoch1(NODE0) | held(NODE0) | transfer_epoch3(NODE0) | transfer_epoch4(NODE0)","5","-0----0---00----------------0000","4","16","4","0202000401"
"1261","forall NODE0,NODE1. ep_epoch1(NODE0) | ep_epoch1(NODE1) | held(NODE0) | locked_epoch2(NODE1) | locked_epoch3(NODE0) | locked_epoch3(NODE1) | transfer_epoch3(NODE0) | transfer_epoch3(NODE1) | NODE0 = NODE1","11","-0----0---0------000--------00--","9","188","12","0201030220"
"1262","forall NODE0,NODE1. ep_epoch1(NODE0) | ep_epoch2(NODE0) | ep_epoch2(NODE1) | ep_epoch3(NODE1) | held(NODE1) | locked_epoch3(NODE0) | transfer_epoch2(NODE0) | transfer_epoch2(NODE1) | NODE0 = NODE1","11","-00----00--0------0-------00----","9","196","12","0401010220"
"1263","forall NODE0,NODE1. ep_epoch1(NODE0) | ep_epoch2(NODE0) | ep_epoch2(NODE1) | held(NODE1) | locked_epoch3(NODE0) | locked_epoch3(NODE1) | transfer_epoch2(NODE0) | transfer_epoch2(NODE1) | NODE0 = NODE1","11","-00----0---0------00------00----","9","192","21","0301020220"
"1264","forall NODE0,NODE1. ep_epoch1(NODE0) | ep_epoch2(NODE0) | ep_epoch3(NODE0) | ep_epoch4(NODE0) | held(NODE1) | locked_epoch2(NODE1) | transfer_epoch2(NODE0) | transfer_epoch2(NODE1) | NODE0 = NODE1","11","-0000------0-----0--------00----","9","196","12","0401010220"
"1265","forall NODE0,NODE1. ep_epoch1(NODE0) | ep_epoch2(NODE0) | ep_epoch3(NODE0) | held(NODE1) | locked_epoch2(NODE1) | locked_epoch4(NODE0) | transfer_epoch2(NODE0) | transfer_epoch2(NODE1) | NODE0 = NODE1","11","-000-------0-----0--0-----00----","9","192","21","0301020220"
"1266","forall NODE0,NODE1. ep_epoch1(NODE0) | ep_epoch2(NODE0) | ep_epoch3(NODE1) | held(NODE1) | locked_epoch2(NODE1) | locked_epoch3(NODE0) | transfer_epoch2(NODE0) | transfer_epoch2(NODE1) | NODE0 = NODE1","11","-00-----0--0-----00-------00----","9","192","21","0301020220"
"1267","forall NODE0,NODE1. ep_epoch1(NODE0) | ep_epoch2(NODE0) | ep_epoch4(NODE0) | held(NODE1) | locked_epoch2(NODE1) | locked_epoch3(NODE0) | transfer_epoch2(NODE0) | transfer_epoch2(NODE1) | NODE0 = NODE1","11","-00-0------0-----00-------00----","9","192","21","0301020220"
"1268","forall NODE0,NODE1. ep_epoch1(NODE0) | ep_epoch2(NODE0) | held(NODE1) | locked_epoch2(NODE1) | locked_epoch3(NODE0) | locked_epoch3(NODE1) | transfer_epoch2(NODE0) | transfer_epoch2(NODE1) | NODE0 = NODE1","11","-00--------0-----000------00----","9","188","12","0201030220"
"1269","forall NODE0,NODE1. ep_epoch1(NODE0) | ep_epoch2(NODE0) | held(NODE1) | locked_epoch2(NODE1) | locked_epoch3(NODE0) | locked_epoch4(NODE0) | transfer_epoch2(NODE0) | transfer_epoch2(NODE1) | NODE0 = NODE1","11","-00--------0-----00-0-----00----","9","188","12","0201030220"
"1270","forall NODE0,NODE1. ep_epoch1(NODE0) | ep_epoch3(NODE0) | ep_epoch3(NODE1) | ep_epoch4(NODE1) | held(NODE0) | locked_epoch1(NODE1) | transfer_epoch3(NODE0) | transfer_epoch3(NODE1) | NODE0 = NODE1","11","-0-0----000----0------------00--","9","196","12","0401010220"
"1271","forall NODE0,NODE1. ep_epoch1(NODE0) | ep_epoch3(NODE0) | ep_epoch3(NODE1) | held(NODE0) | held(NODE1) | locked_epoch1(NODE1) | transfer_epoch3(NODE0) | transfer_epoch3(NODE1) | NODE0 = NODE1","11","-0-0----0-00---0------------00--","9","194","8","0302010220"
"1272","forall NODE0,NODE1. ep_epoch1(NODE0) | ep_epoch3(NODE0) | ep_epoch3(NODE1) | held(NODE0) | locked_epoch1(NODE1) | locked_epoch4(NODE1) | transfer_epoch3(NODE0) | transfer_epoch3(NODE1) | NODE0 = NODE1","11","-0-0----0-0----0-----0------00--","9","192","21","0301020220"
"1273","forall NODE0,NODE1. ep_epoch1(NODE0) | ep_epoch3(NODE1) | ep_epoch4(NODE1) | held(NODE0) | locked_epoch1(NODE1) | locked_epoch3(NODE0) | transfer_epoch3(NODE0) | transfer_epoch3(NODE1) | NODE0 = NODE1","11","-0------000----0--0---------00--","9","192","21","0301020220"
"1274","forall NODE0,NODE1. ep_epoch1(NODE0) | ep_epoch3(NODE1) | held(NODE0) | held(NODE1) | locked_epoch1(NODE1) | locked_epoch3(NODE0) | transfer_epoch3(NODE0) | transfer_epoch3(NODE1) | NODE0 = NODE1","11","-0------0-00---0--0---------00--","9","190","2","0202020220"
"1275","forall NODE0,NODE1. ep_epoch1(NODE0) | ep_epoch3(NODE1) | held(NODE0) | locked_epoch1(NODE1) | locked_epoch3(NODE0) | locked_epoch4(NODE1) | transfer_epoch3(NODE0) | transfer_epoch3(NODE1) | NODE0 = NODE1","11","-0------0-0----0--0--0------00--","9","188","12","0201030220"
"1276","forall NODE0,NODE1. ep_epoch1(NODE0) | held(NODE0) | held(NODE1) | locked_epoch1(NODE1) | transfer_epoch3(NODE0) | transfer_epoch3(NODE1) | transfer_epoch4(NODE0) | transfer_epoch4(NODE1) | NODE0 = NODE1","11","-0--------00---0------------0000","9","184","4","0102010420"
"1277","exists NODE0. ep_epoch2(NODE0) | ep_epoch3(NODE0) | held(NODE0) | transfer_epoch2(NODE0)","5","--00---00-00--------------00----","4","18","6","0402000201"
"1278","forall NODE0,NODE1. ep_epoch2(NODE0) | ep_epoch2(NODE1) | ep_epoch3(NODE0) | held(NODE0) | held(NODE1) | locked_epoch3(NODE1) | transfer_epoch2(NODE0) | transfer_epoch2(NODE1) | NODE0 = NODE1","11","--00---0--00-------0------00----","9","194","8","0302010220"
"1279","forall NODE0,NODE1. ep_epoch2(NODE0) | ep_epoch2(NODE1) | ep_epoch3(NODE1) | held(NODE1) | locked_epoch1(NODE0) | locked_epoch3(NODE0) | transfer_epoch2(NODE0) | transfer_epoch2(NODE1) | NODE0 = NODE1","11","--00---0--0----0---0------00----","9","192","21","0301020220"
"1280","exists NODE0. ep_epoch2(NODE0) | held(NODE0) | locked_epoch3(NODE0) | transfer_epoch2(NODE0)","5","--0----0--00------00------00----","4","17","3","0202020201"
"1281","exists NODE0. ep_epoch2(NODE0) | held(NODE0) | transfer_epoch2(NODE0) | transfer_epoch4(NODE0)","5","--0----0--00--------------00--00","4","16","4","0202000401"
"1282","forall NODE0,NODE1. ep_epoch2(NODE0) | ep_epoch2(NODE1) | held(NODE1) | locked_epoch1(NODE0) | locked_epoch3(NODE0) | locked_epoch3(NODE1) | transfer_epoch2(NODE0) | transfer_epoch2(NODE1) | NODE0 = NODE1","11","--0----0--0----0--00------00----","9","188","12","0201030220"
"1283","forall NODE0,NODE1. ep_epoch2(NODE0) | ep_epoch3(NODE0) | ep_epoch4(NODE0) | held(NODE1) | locked_epoch1(NODE0) | locked_epoch2(NODE1) | transfer_epoch2(NODE0) | transfer_epoch2(NODE1) | NODE0 = NODE1","11","--000------0--0--0--------00----","9","192","21","0301020220"
"1284","forall NODE0,NODE1. ep_epoch2(NODE0) | ep_epoch3(NODE0) | held(NODE1) | locked_epoch1(NODE0) | locked_epoch2(NODE1) | locked_epoch4(NODE0) | transfer_epoch2(NODE0) | transfer_epoch2(NODE1) | NODE0 = NODE1","11","--00-------0--0--0--0-----00----","9","188","12","0201030220"
"1285","forall NODE0,NODE1. ep_epoch2(NODE0) | ep_epoch3(NODE1) | held(NODE1) | locked_epoch1(NODE0) | locked_epoch2(NODE1) | locked_epoch3(NODE0) | transfer_epoch2(NODE0) | transfer_epoch2(NODE1) | NODE0 = NODE1","11","--0-----0--0--0--00-------00----","9","188","12","0201030220"
"1286","forall NODE0,NODE1. ep_epoch2(NODE0) | ep_epoch4(NODE0) | held(NODE1) | locked_epoch1(NODE0) | locked_epoch2(NODE1) | locked_epoch3(NODE0) | transfer_epoch2(NODE0) | transfer_epoch2(NODE1) | NODE0 = NODE1","11","--0-0------0--0--00-------00----","9","188","12","0201030220"
"1287","forall NODE0,NODE1. ep_epoch2(NODE0) | held(NODE0) | held(NODE1) | locked_epoch2(NODE1) | transfer_epoch2(NODE0) | transfer_epoch2(NODE1) | transfer_epoch4(NODE0) | transfer_epoch4(NODE1) | NODE0 = NODE1","11","--0-------00-----0--------00--00","9","184","4","0102010420"
"1288","forall NODE0,NODE1. ep_epoch2(NODE0) | held(NODE1) | locked_epoch1(NODE0) | locked_epoch2(NODE1) | locked_epoch3(NODE0) | locked_epoch3(NODE1) | transfer_epoch2(NODE0) | transfer_epoch2(NODE1) | NODE0 = NODE1","11","--0--------0--0--000------00----","9","181","2","0101040220"
"1289","forall NODE0,NODE1. ep_epoch2(NODE0) | held(NODE1) | locked_epoch1(NODE0) | locked_epoch2(NODE1) | locked_epoch3(NODE0) | locked_epoch4(NODE0) | transfer_epoch2(NODE0) | transfer_epoch2(NODE1) | NODE0 = NODE1","11","--0--------0--0--00-0-----00----","9","181","2","0101040220"
"1290","exists NODE0. ep_epoch3(NODE0) | held(NODE0) | transfer_epoch2(NODE0) | transfer_epoch3(NODE0)","5","---0----0-00--------------0000--","4","16","4","0202000401"
"1291","forall NODE0,NODE1. ep_epoch3(NODE0) | held(NODE0) | held(NODE1) | locked_epoch3(NODE1) | transfer_epoch2(NODE0) | transfer_epoch2(NODE1) | transfer_epoch3(NODE0) | transfer_epoch3(NODE1) | NODE0 = NODE1","11","---0------00-------0------0000--","9","184","4","0102010420"
"1292","exists NODE0. held(NODE0) | locked_epoch3(NODE0) | transfer_epoch2(NODE0) | transfer_epoch3(NODE0)","5","----------00------00------0000--","4","0","101","0002020401"
"1293","exists NODE0. held(NODE0) | transfer_epoch2(NODE0) | transfer_epoch3(NODE0) | transfer_epoch4(NODE0)","5","----------00--------------000000","4","0","101","0002000601"
"1294","forall NODE0,NODE1. ~locked_epoch1(NODE0) | ep_epoch0(NODE1) | ep_epoch3(NODE0) | ep_epoch4(NODE0) | held(NODE1) | transfer_epoch3(NODE0) | transfer_epoch3(NODE1) | transfer_epoch4(NODE0) | transfer_epoch4(NODE1) | NODE0 = NODE1","12","---000-----0--1-------------0000","10","218","2","0301100420"
"1295","forall NODE0,NODE1. ~locked_epoch1(NODE0) | ep_epoch0(NODE1) | ep_epoch3(NODE0) | held(NODE1) | locked_epoch4(NODE0) | transfer_epoch3(NODE0) | transfer_epoch3(NODE1) | transfer_epoch4(NODE0) | transfer_epoch4(NODE1) | NODE0 = NODE1","12","---0-0-----0--1-----0-------0000","10","213","6","0201110420"
"1296","forall NODE0,NODE1. ~locked_epoch1(NODE0) | ep_epoch0(NODE1) | ep_epoch4(NODE0) | held(NODE1) | locked_epoch3(NODE0) | transfer_epoch3(NODE0) | transfer_epoch3(NODE1) | transfer_epoch4(NODE0) | transfer_epoch4(NODE1) | NODE0 = NODE1","12","----00-----0--1---0---------0000","10","213","6","0201110420"
"1297","forall NODE0,NODE1. ~locked_epoch1(NODE0) | ep_epoch0(NODE1) | held(NODE1) | locked_epoch3(NODE0) | locked_epoch4(NODE0) | transfer_epoch3(NODE0) | transfer_epoch3(NODE1) | transfer_epoch4(NODE0) | transfer_epoch4(NODE1) | NODE0 = NODE1","12","-----0-----0--1---0-0-------0000","10","208","5","0101120420"
"1298","forall NODE0,NODE1. ~locked_epoch1(NODE0) | ep_epoch1(NODE0) | ep_epoch3(NODE1) | ep_epoch4(NODE1) | held(NODE0) | transfer_epoch3(NODE0) | transfer_epoch3(NODE1) | transfer_epoch4(NODE0) | transfer_epoch4(NODE1) | NODE0 = NODE1","12","-0------000---1-------------0000","10","218","2","0301100420"
"1299","forall NODE0,NODE1. ~locked_epoch1(NODE0) | ep_epoch1(NODE0) | ep_epoch3(NODE1) | held(NODE0) | locked_epoch4(NODE1) | transfer_epoch3(NODE0) | transfer_epoch3(NODE1) | transfer_epoch4(NODE0) | transfer_epoch4(NODE1) | NODE0 = NODE1","12","-0------0-0---1------0------0000","10","213","6","0201110420"
"1300","forall NODE0,NODE1. ~locked_epoch1(NODE0) | ep_epoch1(NODE0) | ep_epoch4(NODE1) | held(NODE0) | locked_epoch3(NODE1) | transfer_epoch3(NODE0) | transfer_epoch3(NODE1) | transfer_epoch4(NODE0) | transfer_epoch4(NODE1) | NODE0 = NODE1","12","-0-------00---1----0--------0000","10","213","6","0201110420"
"1301","forall NODE0,NODE1. ~locked_epoch1(NODE0) | ep_epoch1(NODE0) | held(NODE0) | locked_epoch3(NODE1) | locked_epoch4(NODE1) | transfer_epoch3(NODE0) | transfer_epoch3(NODE1) | transfer_epoch4(NODE0) | transfer_epoch4(NODE1) | NODE0 = NODE1","12","-0--------0---1----0-0------0000","10","208","5","0101120420"
"1302","forall NODE0,NODE1. ~locked_epoch1(NODE0) | ep_epoch2(NODE0) | ep_epoch2(NODE1) | ep_epoch3(NODE0) | ep_epoch3(NODE1) | ep_epoch4(NODE1) | held(NODE0) | transfer_epoch2(NODE0) | transfer_epoch2(NODE1) | NODE0 = NODE1","12","--00---0000---1-----------00----","10","0","101","0501100220"
"1303","forall NODE0,NODE1. ~locked_epoch1(NODE0) | ep_epoch2(NODE0) | ep_epoch2(NODE1) | ep_epoch3(NODE0) | ep_epoch3(NODE1) | held(NODE0) | locked_epoch4(NODE1) | transfer_epoch2(NODE0) | transfer_epoch2(NODE1) | NODE0 = NODE1","12","--00---00-0---1------0----00----","10","220","2","0401110220"
"1304","forall NODE0,NODE1. ~locked_epoch1(NODE0) | ep_epoch2(NODE0) | ep_epoch2(NODE1) | ep_epoch3(NODE1) | ep_epoch4(NODE1) | held(NODE0) | locked_epoch3(NODE0) | transfer_epoch2(NODE0) | transfer_epoch2(NODE1) | NODE0 = NODE1","12","--0----0000---1---0-------00----","10","220","2","0401110220"
"1305","forall NODE0,NODE1. ~locked_epoch1(NODE0) | ep_epoch2(NODE0) | ep_epoch2(NODE1) | ep_epoch3(NODE1) | held(NODE0) | locked_epoch3(NODE0) | locked_epoch4(NODE1) | transfer_epoch2(NODE0) | transfer_epoch2(NODE1) | NODE0 = NODE1","12","--0----00-0---1---0--0----00----","10","0","101","0301120220"
"1306","forall NODE0,NODE1. ~locked_epoch1(NODE0) | ep_epoch2(NODE0) | ep_epoch4(NODE1) | held(NODE0) | locked_epoch2(NODE1) | transfer_epoch2(NODE0) | transfer_epoch2(NODE1) | transfer_epoch4(NODE0) | transfer_epoch4(NODE1) | NODE0 = NODE1","12","--0------00---1--0--------00--00","10","213","6","0201110420"
"1307","forall NODE0,NODE1. ~locked_epoch1(NODE0) | ep_epoch2(NODE0) | held(NODE0) | locked_epoch2(NODE1) | locked_epoch4(NODE1) | transfer_epoch2(NODE0) | transfer_epoch2(NODE1) | transfer_epoch4(NODE0) | transfer_epoch4(NODE1) | NODE0 = NODE1","12","--0-------0---1--0---0----00--00","10","208","5","0101120420"
"1308","forall NODE0,NODE1. ~locked_epoch1(NODE0) | ep_epoch2(NODE1) | ep_epoch3(NODE0) | held(NODE0) | locked_epoch3(NODE1) | transfer_epoch2(NODE0) | transfer_epoch2(NODE1) | transfer_epoch3(NODE0) | transfer_epoch3(NODE1) | NODE0 = NODE1","12","---0---0--0---1----0------0000--","10","213","6","0201110420"
"1309","forall NODE0,NODE1. ~locked_epoch1(NODE0) | ep_epoch2(NODE1) | held(NODE0) | locked_epoch3(NODE0) | locked_epoch3(NODE1) | transfer_epoch2(NODE0) | transfer_epoch2(NODE1) | transfer_epoch3(NODE0) | transfer_epoch3(NODE1) | NODE0 = NODE1","12","-------0--0---1---00------0000--","10","208","5","0101120420"
"1310","forall NODE0,NODE1. ~locked_epoch1(NODE0) | ep_epoch3(NODE0) | held(NODE0) | locked_epoch2(NODE1) | locked_epoch3(NODE1) | transfer_epoch2(NODE0) | transfer_epoch2(NODE1) | transfer_epoch3(NODE0) | transfer_epoch3(NODE1) | NODE0 = NODE1","12","---0------0---1--0-0------0000--","10","208","5","0101120420"
"1311","forall NODE0,NODE1. ~locked_epoch1(NODE0) | held(NODE0) | locked_epoch2(NODE1) | locked_epoch3(NODE0) | locked_epoch3(NODE1) | transfer_epoch2(NODE0) | transfer_epoch2(NODE1) | transfer_epoch3(NODE0) | transfer_epoch3(NODE1) | NODE0 = NODE1","12","----------0---1--000------0000--","10","0","101","0001130420"
"1312","forall NODE0,NODE1. ep_epoch0(NODE0) | ep_epoch0(NODE1) | ep_epoch1(NODE0) | ep_epoch1(NODE1) | ep_epoch3(NODE0) | ep_epoch4(NODE0) | held(NODE1) | transfer_epoch4(NODE0) | transfer_epoch4(NODE1) | NODE0 = NODE1","12","00-0000----0------------------00","10","222","7","0601000220"
"1313","forall NODE0,NODE1. ep_epoch0(NODE0) | ep_epoch0(NODE1) | ep_epoch1(NODE0) | ep_epoch1(NODE1) | ep_epoch3(NODE0) | held(NODE1) | locked_epoch4(NODE0) | transfer_epoch4(NODE0) | transfer_epoch4(NODE1) | NODE0 = NODE1","12","00-0-00----0--------0---------00","10","221","17","0501010220"
"1314","forall NODE0,NODE1. ep_epoch0(NODE0) | ep_epoch0(NODE1) | ep_epoch1(NODE0) | ep_epoch1(NODE1) | ep_epoch4(NODE0) | held(NODE1) | locked_epoch3(NODE0) | transfer_epoch4(NODE0) | transfer_epoch4(NODE1) | NODE0 = NODE1","12","00--000----0------0-----------00","10","221","17","0501010220"
"1315","forall NODE0,NODE1. ep_epoch0(NODE0) | ep_epoch0(NODE1) | ep_epoch1(NODE0) | ep_epoch1(NODE1) | held(NODE1) | locked_epoch3(NODE0) | locked_epoch4(NODE0) | transfer_epoch4(NODE0) | transfer_epoch4(NODE1) | NODE0 = NODE1","12","00---00---0--------0-0--------00","10","219","13","0401020220"
"1316","forall NODE0,NODE1. ep_epoch0(NODE0) | ep_epoch0(NODE1) | ep_epoch2(NODE0) | ep_epoch2(NODE1) | ep_epoch3(NODE0) | ep_epoch4(NODE0) | held(NODE1) | transfer_epoch4(NODE0) | transfer_epoch4(NODE1) | NODE0 = NODE1","12","0-0000-0---0------------------00","10","222","7","0601000220"
"1317","forall NODE0,NODE1. ep_epoch0(NODE0) | ep_epoch0(NODE1) | ep_epoch2(NODE0) | ep_epoch2(NODE1) | ep_epoch3(NODE0) | held(NODE1) | locked_epoch4(NODE0) | transfer_epoch4(NODE0) | transfer_epoch4(NODE1) | NODE0 = NODE1","12","0-00-0-0---0--------0---------00","10","221","17","0501010220"
"1318","forall NODE0,NODE1. ep_epoch0(NODE0) | ep_epoch0(NODE1) | ep_epoch2(NODE0) | ep_epoch2(NODE1) | ep_epoch4(NODE0) | held(NODE1) | locked_epoch3(NODE0) | transfer_epoch4(NODE0) | transfer_epoch4(NODE1) | NODE0 = NODE1","12","0-0-00-0---0------0-----------00","10","221","17","0501010220"
"1319","forall NODE0,NODE1. ep_epoch0(NODE0) | ep_epoch0(NODE1) | ep_epoch2(NODE0) | ep_epoch2(NODE1) | held(NODE1) | locked_epoch3(NODE0) | locked_epoch4(NODE0) | transfer_epoch4(NODE0) | transfer_epoch4(NODE1) | NODE0 = NODE1","12","0-0--0-0--0--------0-0--------00","10","219","13","0401020220"
"1320","forall NODE0,NODE1. ep_epoch0(NODE0) | ep_epoch0(NODE1) | ep_epoch2(NODE0) | ep_epoch3(NODE0) | ep_epoch3(NODE1) | ep_epoch4(NODE0) | held(NODE1) | transfer_epoch3(NODE0) | transfer_epoch3(NODE1) | NODE0 = NODE1","12","0-0000--0--0----------------00--","10","222","7","0601000220"
"1321","forall NODE0,NODE1. ep_epoch0(NODE0) | ep_epoch0(NODE1) | ep_epoch2(NODE0) | ep_epoch3(NODE0) | ep_epoch3(NODE1) | held(NODE1) | locked_epoch4(NODE0) | transfer_epoch3(NODE0) | transfer_epoch3(NODE1) | NODE0 = NODE1","12","0-00-0--0--0--------0-------00--","10","221","17","0501010220"
"1322","forall NODE0,NODE1. ep_epoch0(NODE0) | ep_epoch0(NODE1) | ep_epoch2(NODE0) | ep_epoch3(NODE0) | ep_epoch4(NODE0) | held(NODE1) | locked_epoch3(NODE1) | transfer_epoch3(NODE0) | transfer_epoch3(NODE1) | NODE0 = NODE1","12","0-0000-----0-------0--------00--","10","221","17","0501010220"
"1323","forall NODE0,NODE1. ep_epoch0(NODE0) | ep_epoch0(NODE1) | ep_epoch2(NODE0) | ep_epoch3(NODE0) | held(NODE1) | locked_epoch3(NODE1) | locked_epoch4(NODE0) | transfer_epoch3(NODE0) | transfer_epoch3(NODE1) | NODE0 = NODE1","12","0-00-0-----0-------00-------00--","10","219","13","0401020220"
"1324","forall NODE0,NODE1. ep_epoch0(NODE0) | ep_epoch0(NODE1) | ep_epoch3(NODE0) | ep_epoch3(NODE1) | ep_epoch4(NODE1) | held(NODE0) | locked_epoch2(NODE1) | transfer_epoch3(NODE0) | transfer_epoch3(NODE1) | NODE0 = NODE1","12","0--000--0--0----0-----------00--","10","221","17","0501010220"
"1325","forall NODE0,NODE1. ep_epoch0(NODE0) | ep_epoch0(NODE1) | ep_epoch3(NODE0) | ep_epoch3(NODE1) | held(NODE0) | locked_epoch2(NODE1) | locked_epoch4(NODE1) | transfer_epoch3(NODE0) | transfer_epoch3(NODE1) | NODE0 = NODE1","12","0--0-0--0-0------0---0------00--","10","219","13","0401020220"
"1326","forall NODE0,NODE1. ep_epoch0(NODE0) | ep_epoch0(NODE1) | ep_epoch3(NODE1) | ep_epoch4(NODE1) | held(NODE0) | locked_epoch2(NODE1) | locked_epoch3(NODE0) | transfer_epoch3(NODE0) | transfer_epoch3(NODE1) | NODE0 = NODE1","12","0--000-----0----0--0--------00--","10","219","13","0401020220"
"1327","forall NODE0,NODE1. ep_epoch0(NODE0) | ep_epoch0(NODE1) | ep_epoch3(NODE1) | held(NODE0) | locked_epoch2(NODE1) | locked_epoch3(NODE0) | locked_epoch4(NODE1) | transfer_epoch3(NODE0) | transfer_epoch3(NODE1) | NODE0 = NODE1","12","0--0-0-----0----0--00-------00--","10","217","3","0301030220"
"1328","forall NODE0,NODE1. ep_epoch0(NODE0) | ep_epoch1(NODE0) | ep_epoch3(NODE1) | ep_epoch4(NODE1) | held(NODE0) | transfer_epoch3(NODE0) | transfer_epoch3(NODE1) | transfer_epoch4(NODE0) | transfer_epoch4(NODE1) | NODE0 = NODE1","12","00------000-----------------0000","10","0","101","0401000420"
"1329","forall NODE0,NODE1. ep_epoch0(NODE0) | ep_epoch1(NODE0) | ep_epoch3(NODE1) | held(NODE0) | locked_epoch4(NODE1) | transfer_epoch3(NODE0) | transfer_epoch3(NODE1) | transfer_epoch4(NODE0) | transfer_epoch4(NODE1) | NODE0 = NODE1","12","00------0-0----------0------0000","10","216","8","0301010420"
"1330","forall NODE0,NODE1. ep_epoch0(NODE0) | ep_epoch1(NODE0) | ep_epoch4(NODE1) | held(NODE0) | locked_epoch3(NODE1) | transfer_epoch3(NODE0) | transfer_epoch3(NODE1) | transfer_epoch4(NODE0) | transfer_epoch4(NODE1) | NODE0 = NODE1","12","00-------00--------0--------0000","10","216","8","0301010420"
"1331","forall NODE0,NODE1. ep_epoch0(NODE0) | ep_epoch1(NODE0) | held(NODE0) | locked_epoch3(NODE1) | locked_epoch4(NODE1) | transfer_epoch3(NODE0) | transfer_epoch3(NODE1) | transfer_epoch4(NODE0) | transfer_epoch4(NODE1) | NODE0 = NODE1","12","00--------0--------0-0------0000","10","212","13","0201020420"
"1332","forall NODE0,NODE1. ep_epoch0(NODE0) | ep_epoch2(NODE0) | ep_epoch2(NODE1) | ep_epoch3(NODE0) | ep_epoch3(NODE1) | ep_epoch4(NODE1) | held(NODE0) | transfer_epoch2(NODE0) | transfer_epoch2(NODE1) | NODE0 = NODE1","12","0-00---0000---------------00----","10","222","7","0601000220"
"1333","forall NODE0,NODE1. ep_epoch0(NODE0) | ep_epoch2(NODE0) | ep_epoch2(NODE1) | ep_epoch3(NODE0) | ep_epoch3(NODE1) | held(NODE0) | locked_epoch4(NODE1) | transfer_epoch2(NODE0) | transfer_epoch2(NODE1) | NODE0 = NODE1","12","0-00---00-0----------0----00----","10","221","17","0501010220"
"1334","forall NODE0,NODE1. ep_epoch0(NODE0) | ep_epoch2(NODE0) | ep_epoch2(NODE1) | ep_epoch3(NODE1) | ep_epoch4(NODE1) | held(NODE0) | locked_epoch3(NODE0) | transfer_epoch2(NODE0) | transfer_epoch2(NODE1) | NODE0 = NODE1","12","0-0----0000-------0-------00----","10","221","17","0501010220"
"1335","forall NODE0,NODE1. ep_epoch0(NODE0) | ep_epoch2(NODE0) | ep_epoch2(NODE1) | ep_epoch3(NODE1) | held(NODE0) | locked_epoch3(NODE0) | locked_epoch4(NODE1) | transfer_epoch2(NODE0) | transfer_epoch2(NODE1) | NODE0 = NODE1","12","0-0----00-0-------0--0----00----","10","219","13","0401020220"
"1336","forall NODE0,NODE1. ep_epoch0(NODE0) | ep_epoch2(NODE0) | ep_epoch4(NODE1) | held(NODE0) | locked_epoch2(NODE1) | transfer_epoch2(NODE0) | transfer_epoch2(NODE1) | transfer_epoch4(NODE0) | transfer_epoch4(NODE1) | NODE0 = NODE1","12","0-0------00------0--------00--00","10","216","8","0301010420"
"1337","forall NODE0,NODE1. ep_epoch0(NODE0) | ep_epoch2(NODE0) | held(NODE0) | locked_epoch2(NODE1) | locked_epoch4(NODE1) | transfer_epoch2(NODE0) | transfer_epoch2(NODE1) | transfer_epoch4(NODE0) | transfer_epoch4(NODE1) | NODE0 = NODE1","12","0-0-------0------0---0----00--00","10","212","13","0201020420"
"1338","forall NODE0,NODE1. ep_epoch0(NODE0) | ep_epoch2(NODE1) | ep_epoch3(NODE0) | held(NODE0) | locked_epoch3(NODE1) | transfer_epoch2(NODE0) | transfer_epoch2(NODE1) | transfer_epoch3(NODE0) | transfer_epoch3(NODE1) | NODE0 = NODE1","12","0--0---0--0--------0------0000--","10","216","8","0301010420"
"1339","forall NODE0,NODE1. ep_epoch0(NODE0) | ep_epoch2(NODE1) | held(NODE0) | locked_epoch3(NODE0) | locked_epoch3(NODE1) | transfer_epoch2(NODE0) | transfer_epoch2(NODE1) | transfer_epoch3(NODE0) | transfer_epoch3(NODE1) | NODE0 = NODE1","12","0------0--0-------00------0000--","10","212","13","0201020420"
"1340","forall NODE0,NODE1. ep_epoch0(NODE0) | ep_epoch3(NODE0) | held(NODE0) | locked_epoch2(NODE1) | locked_epoch3(NODE1) | transfer_epoch2(NODE0) | transfer_epoch2(NODE1) | transfer_epoch3(NODE0) | transfer_epoch3(NODE1) | NODE0 = NODE1","12","0--0------0------0-0------0000--","10","212","13","0201020420"
"1341","forall NODE0,NODE1. ep_epoch0(NODE0) | ep_epoch3(NODE1) | ep_epoch4(NODE1) | held(NODE0) | locked_epoch1(NODE0) | transfer_epoch3(NODE0) | transfer_epoch3(NODE1) | transfer_epoch4(NODE0) | transfer_epoch4(NODE1) | NODE0 = NODE1","12","0-------000---0-------------0000","10","216","8","0301010420"
"1342","forall NODE0,NODE1. ep_epoch0(NODE0) | ep_epoch3(NODE1) | held(NODE0) | locked_epoch1(NODE0) | locked_epoch4(NODE1) | transfer_epoch3(NODE0) | transfer_epoch3(NODE1) | transfer_epoch4(NODE0) | transfer_epoch4(NODE1) | NODE0 = NODE1","12","0-------0-0---0------0------0000","10","212","13","0201020420"
"1343","forall NODE0,NODE1. ep_epoch0(NODE0) | ep_epoch4(NODE1) | held(NODE0) | locked_epoch1(NODE0) | locked_epoch3(NODE1) | transfer_epoch3(NODE0) | transfer_epoch3(NODE1) | transfer_epoch4(NODE0) | transfer_epoch4(NODE1) | NODE0 = NODE1","12","0--------00---0----0--------0000","10","212","13","0201020420"
"1344","forall NODE0,NODE1. ep_epoch0(NODE0) | held(NODE0) | locked_epoch1(NODE0) | locked_epoch3(NODE1) | locked_epoch4(NODE1) | transfer_epoch3(NODE0) | transfer_epoch3(NODE1) | transfer_epoch4(NODE0) | transfer_epoch4(NODE1) | NODE0 = NODE1","12","0---------0---0----0-0------0000","10","207","7","0101030420"
"1345","forall NODE0,NODE1. ep_epoch0(NODE0) | held(NODE0) | locked_epoch2(NODE1) | locked_epoch3(NODE0) | locked_epoch3(NODE1) | transfer_epoch2(NODE0) | transfer_epoch2(NODE1) | transfer_epoch3(NODE0) | transfer_epoch3(NODE1) | NODE0 = NODE1","12","0---------0------000------0000--","10","207","7","0101030420"
"1346","forall NODE0,NODE1. ep_epoch1(NODE0) | ep_epoch1(NODE1) | ep_epoch2(NODE0) | ep_epoch2(NODE1) | ep_epoch3(NODE1) | ep_epoch4(NODE1) | held(NODE0) | transfer_epoch4(NODE0) | transfer_epoch4(NODE1) | NODE0 = NODE1","12","-0000-00---0------------------00","10","222","7","0601000220"
"1347","forall NODE0,NODE1. ep_epoch1(NODE0) | ep_epoch1(NODE1) | ep_epoch2(NODE0) | ep_epoch2(NODE1) | ep_epoch3(NODE1) | held(NODE0) | locked_epoch4(NODE1) | transfer_epoch4(NODE0) | transfer_epoch4(NODE1) | NODE0 = NODE1","12","-000--00---0--------0---------00","10","221","17","0501010220"
"1348","forall NODE0,NODE1. ep_epoch1(NODE0) | ep_epoch1(NODE1) | ep_epoch2(NODE0) | ep_epoch2(NODE1) | ep_epoch4(NODE1) | held(NODE0) | locked_epoch3(NODE1) | transfer_epoch4(NODE0) | transfer_epoch4(NODE1) | NODE0 = NODE1","12","-00-0-00---0------0-----------00","10","221","17","0501010220"
"1349","forall NODE0,NODE1. ep_epoch1(NODE0) | ep_epoch1(NODE1) | ep_epoch2(NODE0) | ep_epoch2(NODE1) | held(NODE0) | locked_epoch3(NODE1) | locked_epoch4(NODE1) | transfer_epoch4(NODE0) | transfer_epoch4(NODE1) | NODE0 = NODE1","12","-00---00--0--------0-0--------00","10","219","13","0401020220"
"1350","forall NODE0,NODE1. ep_epoch1(NODE0) | ep_epoch1(NODE1) | ep_epoch2(NODE1) | ep_epoch3(NODE0) | ep_epoch3(NODE1) | ep_epoch4(NODE1) | held(NODE0) | transfer_epoch3(NODE0) | transfer_epoch3(NODE1) | NODE0 = NODE1","12","-0000-0-0--0----------------00--","10","222","7","0601000220"
"1351","forall NODE0,NODE1. ep_epoch1(NODE0) | ep_epoch1(NODE1) | ep_epoch2(NODE1) | ep_epoch3(NODE0) | ep_epoch3(NODE1) | held(NODE0) | locked_epoch4(NODE1) | transfer_epoch3(NODE0) | transfer_epoch3(NODE1) | NODE0 = NODE1","12","-000--0-0--0--------0-------00--","10","221","17","0501010220"
"1352","forall NODE0,NODE1. ep_epoch1(NODE0) | ep_epoch1(NODE1) | ep_epoch2(NODE1) | ep_epoch3(NODE1) | ep_epoch4(NODE1) | held(NODE0) | locked_epoch3(NODE0) | transfer_epoch3(NODE0) | transfer_epoch3(NODE1) | NODE0 = NODE1","12","-0000-0----0-------0--------00--","10","221","17","0501010220"
"1353","forall NODE0,NODE1. ep_epoch1(NODE0) | ep_epoch1(NODE1) | ep_epoch2(NODE1) | ep_epoch3(NODE1) | held(NODE0) | locked_epoch3(NODE0) | locked_epoch4(NODE1) | transfer_epoch3(NODE0) | transfer_epoch3(NODE1) | NODE0 = NODE1","12","-000--0----0-------00-------00--","10","219","13","0401020220"
"1354","forall NODE0,NODE1. ep_epoch1(NODE0) | ep_epoch1(NODE1) | ep_epoch3(NODE0) | ep_epoch3(NODE1) | ep_epoch4(NODE1) | held(NODE0) | locked_epoch2(NODE1) | transfer_epoch3(NODE0) | transfer_epoch3(NODE1) | NODE0 = NODE1","12","-0-00-0-0--0----0-----------00--","10","221","17","0501010220"
"1355","forall NODE0,NODE1. ep_epoch1(NODE0) | ep_epoch1(NODE1) | ep_epoch3(NODE0) | ep_epoch3(NODE1) | held(NODE0) | locked_epoch2(NODE1) | locked_epoch4(NODE1) | transfer_epoch3(NODE0) | transfer_epoch3(NODE1) | NODE0 = NODE1","12","-0-0--0-0-0------0---0------00--","10","219","13","0401020220"
"1356","forall NODE0,NODE1. ep_epoch1(NODE0) | ep_epoch1(NODE1) | ep_epoch3(NODE1) | ep_epoch4(NODE1) | held(NODE0) | locked_epoch2(NODE1) | locked_epoch3(NODE0) | transfer_epoch3(NODE0) | transfer_epoch3(NODE1) | NODE0 = NODE1","12","-0-00-0----0----0--0--------00--","10","219","13","0401020220"
"1357","forall NODE0,NODE1. ep_epoch1(NODE0) | ep_epoch1(NODE1) | ep_epoch3(NODE1) | held(NODE0) | locked_epoch2(NODE1) | locked_epoch3(NODE0) | locked_epoch4(NODE1) | transfer_epoch3(NODE0) | transfer_epoch3(NODE1) | NODE0 = NODE1","12","-0-0--0----0----0--00-------00--","10","217","3","0301030220"
"1358","forall NODE0,NODE1. ep_epoch1(NODE0) | ep_epoch2(NODE0) | ep_epoch2(NODE1) | ep_epoch3(NODE0) | ep_epoch3(NODE1) | ep_epoch4(NODE0) | held(NODE1) | transfer_epoch2(NODE0) | transfer_epoch2(NODE1) | NODE0 = NODE1","12","-0000--00--0--------------00----","10","222","7","0601000220"
"1359","forall NODE0,NODE1. ep_epoch1(NODE0) | ep_epoch2(NODE0) | ep_epoch2(NODE1) | ep_epoch3(NODE0) | ep_epoch3(NODE1) | held(NODE1) | locked_epoch4(NODE0) | transfer_epoch2(NODE0) | transfer_epoch2(NODE1) | NODE0 = NODE1","12","-000---00--0--------0-----00----","10","221","17","0501010220"
"1360","forall NODE0,NODE1. ep_epoch1(NODE0) | ep_epoch2(NODE0) | ep_epoch2(NODE1) | ep_epoch3(NODE0) | ep_epoch4(NODE0) | held(NODE1) | locked_epoch3(NODE1) | transfer_epoch2(NODE0) | transfer_epoch2(NODE1) | NODE0 = NODE1","12","-0000--0---0-------0------00----","10","221","17","0501010220"
"1361","forall NODE0,NODE1. ep_epoch1(NODE0) | ep_epoch2(NODE0) | ep_epoch2(NODE1) | ep_epoch3(NODE0) | held(NODE1) | locked_epoch3(NODE1) | locked_epoch4(NODE0) | transfer_epoch2(NODE0) | transfer_epoch2(NODE1) | NODE0 = NODE1","12","-000---0---0-------00-----00----","10","219","13","0401020220"
"1362","forall NODE0,NODE1. ep_epoch1(NODE0) | ep_epoch2(NODE0) | ep_epoch3(NODE1) | held(NODE1) | locked_epoch3(NODE0) | transfer_epoch2(NODE0) | transfer_epoch2(NODE1) | transfer_epoch3(NODE0) | transfer_epoch3(NODE1) | NODE0 = NODE1","12","-00-----0--0------0-------0000--","10","216","8","0301010420"
"1363","forall NODE0,NODE1. ep_epoch1(NODE0) | ep_epoch2(NODE0) | held(NODE1) | locked_epoch3(NODE0) | locked_epoch3(NODE1) | transfer_epoch2(NODE0) | transfer_epoch2(NODE1) | transfer_epoch3(NODE0) | transfer_epoch3(NODE1) | NODE0 = NODE1","12","-00--------0------00------0000--","10","212","13","0201020420"
"1364","forall NODE0,NODE1. ep_epoch1(NODE0) | ep_epoch2(NODE1) | ep_epoch4(NODE0) | held(NODE1) | locked_epoch2(NODE0) | transfer_epoch2(NODE0) | transfer_epoch2(NODE1) | transfer_epoch4(NODE0) | transfer_epoch4(NODE1) | NODE0 = NODE1","12","-0--0--0---0----0---------00--00","10","216","8","0301010420"
"1365","forall NODE0,NODE1. ep_epoch1(NODE0) | ep_epoch2(NODE1) | held(NODE1) | locked_epoch2(NODE0) | locked_epoch4(NODE0) | transfer_epoch2(NODE0) | transfer_epoch2(NODE1) | transfer_epoch4(NODE0) | transfer_epoch4(NODE1) | NODE0 = NODE1","12","-0-----0---0----0---0-----00--00","10","212","13","0201020420"
"1366","forall NODE0,NODE1. ep_epoch1(NODE0) | ep_epoch3(NODE1) | ep_epoch4(NODE1) | held(NODE0) | locked_epoch1(NODE1) | transfer_epoch3(NODE0) | transfer_epoch3(NODE1) | transfer_epoch4(NODE0) | transfer_epoch4(NODE1) | NODE0 = NODE1","12","-0------000----0------------0000","10","216","8","0301010420"
"1367","forall NODE0,NODE1. ep_epoch1(NODE0) | ep_epoch3(NODE1) | held(NODE0) | locked_epoch1(NODE1) | locked_epoch4(NODE1) | transfer_epoch3(NODE0) | transfer_epoch3(NODE1) | transfer_epoch4(NODE0) | transfer_epoch4(NODE1) | NODE0 = NODE1","12","-0------0-0----0-----0------0000","10","212","13","0201020420"
"1368","forall NODE0,NODE1. ep_epoch1(NODE0) | ep_epoch3(NODE1) | held(NODE1) | locked_epoch2(NODE0) | locked_epoch3(NODE0) | transfer_epoch2(NODE0) | transfer_epoch2(NODE1) | transfer_epoch3(NODE0) | transfer_epoch3(NODE1) | NODE0 = NODE1","12","-0------0--0----0-0-------0000--","10","212","13","0201020420"
"1369","forall NODE0,NODE1. ep_epoch1(NODE0) | ep_epoch4(NODE1) | held(NODE0) | locked_epoch1(NODE1) | locked_epoch3(NODE1) | transfer_epoch3(NODE0) | transfer_epoch3(NODE1) | transfer_epoch4(NODE0) | transfer_epoch4(NODE1) | NODE0 = NODE1","12","-0-------00----0---0--------0000","10","212","13","0201020420"
"1370","forall NODE0,NODE1. ep_epoch1(NODE0) | held(NODE0) | locked_epoch1(NODE1) | locked_epoch3(NODE1) | locked_epoch4(NODE1) | transfer_epoch3(NODE0) | transfer_epoch3(NODE1) | transfer_epoch4(NODE0) | transfer_epoch4(NODE1) | NODE0 = NODE1","12","-0--------0----0---0-0------0000","10","207","7","0101030420"
"1371","forall NODE0,NODE1. ep_epoch1(NODE0) | held(NODE1) | locked_epoch2(NODE0) | locked_epoch3(NODE0) | locked_epoch3(NODE1) | transfer_epoch2(NODE0) | transfer_epoch2(NODE1) | transfer_epoch3(NODE0) | transfer_epoch3(NODE1) | NODE0 = NODE1","12","-0---------0----0-00------0000--","10","207","7","0101030420"
"1372","forall NODE0,NODE1. ep_epoch2(NODE0) | ep_epoch2(NODE1) | ep_epoch3(NODE0) | ep_epoch3(NODE1) | ep_epoch4(NODE1) | held(NODE0) | locked_epoch1(NODE1) | transfer_epoch2(NODE0) | transfer_epoch2(NODE1) | NODE0 = NODE1","12","--000--00--0--0-----------00----","10","221","17","0501010220"
"1373","forall NODE0,NODE1. ep_epoch2(NODE0) | ep_epoch2(NODE1) | ep_epoch3(NODE0) | ep_epoch3(NODE1) | held(NODE0) | locked_epoch1(NODE1) | locked_epoch4(NODE1) | transfer_epoch2(NODE0) | transfer_epoch2(NODE1) | NODE0 = NODE1","12","--00---00-0----0-----0----00----","10","219","13","0401020220"
"1374","forall NODE0,NODE1. ep_epoch2(NODE0) | ep_epoch2(NODE1) | ep_epoch3(NODE1) | ep_epoch4(NODE1) | held(NODE0) | locked_epoch1(NODE1) | locked_epoch3(NODE0) | transfer_epoch2(NODE0) | transfer_epoch2(NODE1) | NODE0 = NODE1","12","--000--0---0--0----0------00----","10","219","13","0401020220"
"1375","forall NODE0,NODE1. ep_epoch2(NODE0) | ep_epoch2(NODE1) | ep_epoch3(NODE1) | held(NODE0) | locked_epoch1(NODE1) | locked_epoch3(NODE0) | locked_epoch4(NODE1) | transfer_epoch2(NODE0) | transfer_epoch2(NODE1) | NODE0 = NODE1","12","--00---0---0--0----00-----00----","10","217","3","0301030220"
"1376","forall NODE0,NODE1. ep_epoch2(NODE0) | ep_epoch3(NODE1) | held(NODE1) | locked_epoch1(NODE0) | locked_epoch3(NODE0) | transfer_epoch2(NODE0) | transfer_epoch2(NODE1) | transfer_epoch3(NODE0) | transfer_epoch3(NODE1) | NODE0 = NODE1","12","--0-----0--0--0---0-------0000--","10","212","13","0201020420"
"1377","forall NODE0,NODE1. ep_epoch2(NODE0) | ep_epoch4(NODE1) | held(NODE0) | locked_epoch1(NODE1) | locked_epoch2(NODE1) | transfer_epoch2(NODE0) | transfer_epoch2(NODE1) | transfer_epoch4(NODE0) | transfer_epoch4(NODE1) | NODE0 = NODE1","12","--0------00----0-0--------00--00","10","212","13","0201020420"
"1378","forall NODE0,NODE1. ep_epoch2(NODE0) | held(NODE0) | locked_epoch1(NODE1) | locked_epoch2(NODE1) | locked_epoch4(NODE1) | transfer_epoch2(NODE0) | transfer_epoch2(NODE1) | transfer_epoch4(NODE0) | transfer_epoch4(NODE1) | NODE0 = NODE1","12","--0-------0----0-0---0----00--00","10","207","7","0101030420"
"1379","forall NODE0,NODE1. ep_epoch2(NODE0) | held(NODE1) | locked_epoch1(NODE0) | locked_epoch3(NODE0) | locked_epoch3(NODE1) | transfer_epoch2(NODE0) | transfer_epoch2(NODE1) | transfer_epoch3(NODE0) | transfer_epoch3(NODE1) | NODE0 = NODE1","12","--0--------0--0---00------0000--","10","207","7","0101030420"
"1380","forall NODE0,NODE1. ep_epoch3(NODE0) | held(NODE0) | locked_epoch1(NODE1) | locked_epoch2(NODE1) | locked_epoch3(NODE1) | transfer_epoch2(NODE0) | transfer_epoch2(NODE1) | transfer_epoch3(NODE0) | transfer_epoch3(NODE1) | NODE0 = NODE1","12","---0------0----0-0-0------0000--","10","207","7","0101030420"
"1381","forall NODE0,NODE1. held(NODE0) | locked_epoch1(NODE1) | locked_epoch2(NODE1) | locked_epoch3(NODE0) | locked_epoch3(NODE1) | transfer_epoch2(NODE0) | transfer_epoch2(NODE1) | transfer_epoch3(NODE0) | transfer_epoch3(NODE1) | NODE0 = NODE1","12","----------0----0-000------0000--","10","0","101","0001040420"
"1382","forall NODE0,NODE1. ~locked_epoch1(NODE0) | ep_epoch2(NODE0) | ep_epoch2(NODE1) | ep_epoch3(NODE1) | ep_epoch4(NODE1) | held(NODE0) | transfer_epoch2(NODE0) | transfer_epoch2(NODE1) | transfer_epoch4(NODE0) | transfer_epoch4(NODE1) | NODE0 = NODE1","13","--0----0000---1-----------00--00","11","233","2","0401100420"
"1383","forall NODE0,NODE1. ~locked_epoch1(NODE0) | ep_epoch2(NODE0) | ep_epoch2(NODE1) | ep_epoch3(NODE1) | held(NODE0) | locked_epoch4(NODE1) | transfer_epoch2(NODE0) | transfer_epoch2(NODE1) | transfer_epoch4(NODE0) | transfer_epoch4(NODE1) | NODE0 = NODE1","13","--0----00-0---1------0----00--00","11","231","5","0301110420"
"1384","forall NODE0,NODE1. ~locked_epoch1(NODE0) | ep_epoch2(NODE0) | ep_epoch2(NODE1) | ep_epoch4(NODE1) | held(NODE0) | locked_epoch3(NODE1) | transfer_epoch2(NODE0) | transfer_epoch2(NODE1) | transfer_epoch4(NODE0) | transfer_epoch4(NODE1) | NODE0 = NODE1","13","--0----0-00---1----0------00--00","11","231","5","0301110420"
"1385","forall NODE0,NODE1. ~locked_epoch1(NODE0) | ep_epoch2(NODE0) | ep_epoch2(NODE1) | held(NODE0) | locked_epoch3(NODE1) | locked_epoch4(NODE1) | transfer_epoch2(NODE0) | transfer_epoch2(NODE1) | transfer_epoch4(NODE0) | transfer_epoch4(NODE1) | NODE0 = NODE1","13","--0----0--0---1----0-0----00--00","11","229","4","0201120420"
"1386","forall NODE0,NODE1. ~locked_epoch1(NODE0) | ep_epoch2(NODE1) | ep_epoch3(NODE0) | ep_epoch3(NODE1) | ep_epoch4(NODE1) | held(NODE0) | transfer_epoch2(NODE0) | transfer_epoch2(NODE1) | transfer_epoch3(NODE0) | transfer_epoch3(NODE1) | NODE0 = NODE1","13","---0---0000---1-----------0000--","11","233","2","0401100420"
"1387","forall NODE0,NODE1. ~locked_epoch1(NODE0) | ep_epoch2(NODE1) | ep_epoch3(NODE0) | ep_epoch3(NODE1) | held(NODE0) | locked_epoch4(NODE1) | transfer_epoch2(NODE0) | transfer_epoch2(NODE1) | transfer_epoch3(NODE0) | transfer_epoch3(NODE1) | NODE0 = NODE1","13","---0---00-0---1------0----0000--","11","231","5","0301110420"
"1388","forall NODE0,NODE1. ~locked_epoch1(NODE0) | ep_epoch2(NODE1) | ep_epoch3(NODE1) | ep_epoch4(NODE1) | held(NODE0) | locked_epoch3(NODE0) | transfer_epoch2(NODE0) | transfer_epoch2(NODE1) | transfer_epoch3(NODE0) | transfer_epoch3(NODE1) | NODE0 = NODE1","13","-------0000---1---0-------0000--","11","231","5","0301110420"
"1389","forall NODE0,NODE1. ~locked_epoch1(NODE0) | ep_epoch2(NODE1) | ep_epoch3(NODE1) | held(NODE0) | locked_epoch3(NODE0) | locked_epoch4(NODE1) | transfer_epoch2(NODE0) | transfer_epoch2(NODE1) | transfer_epoch3(NODE0) | transfer_epoch3(NODE1) | NODE0 = NODE1","13","-------00-0---1---0--0----0000--","11","229","4","0201120420"
"1390","forall NODE0,NODE1. ~locked_epoch1(NODE0) | ep_epoch3(NODE0) | ep_epoch3(NODE1) | ep_epoch4(NODE1) | held(NODE0) | locked_epoch2(NODE1) | transfer_epoch2(NODE0) | transfer_epoch2(NODE1) | transfer_epoch3(NODE0) | transfer_epoch3(NODE1) | NODE0 = NODE1","13","---0----000---1--0--------0000--","11","231","5","0301110420"
"1391","forall NODE0,NODE1. ~locked_epoch1(NODE0) | ep_epoch3(NODE0) | ep_epoch3(NODE1) | held(NODE0) | locked_epoch2(NODE1) | locked_epoch4(NODE1) | transfer_epoch2(NODE0) | transfer_epoch2(NODE1) | transfer_epoch3(NODE0) | transfer_epoch3(NODE1) | NODE0 = NODE1","13","---0----0-0---1--0---0----0000--","11","229","4","0201120420"
"1392","forall NODE0,NODE1. ~locked_epoch1(NODE0) | ep_epoch3(NODE1) | ep_epoch4(NODE1) | held(NODE0) | locked_epoch2(NODE1) | locked_epoch3(NODE0) | transfer_epoch2(NODE0) | transfer_epoch2(NODE1) | transfer_epoch3(NODE0) | transfer_epoch3(NODE1) | NODE0 = NODE1","13","--------000---1--00-------0000--","11","229","4","0201120420"
"1393","forall NODE0,NODE1. ~locked_epoch1(NODE0) | ep_epoch3(NODE1) | held(NODE0) | locked_epoch2(NODE1) | locked_epoch3(NODE0) | locked_epoch4(NODE1) | transfer_epoch2(NODE0) | transfer_epoch2(NODE1) | transfer_epoch3(NODE0) | transfer_epoch3(NODE1) | NODE0 = NODE1","13","--------0-0---1--00--0----0000--","11","0","101","0101130420"
"1394","forall NODE0,NODE1. ep_epoch0(NODE0) | ep_epoch0(NODE1) | ep_epoch2(NODE1) | ep_epoch3(NODE1) | ep_epoch4(NODE1) | held(NODE0) | transfer_epoch3(NODE0) | transfer_epoch3(NODE1) | transfer_epoch4(NODE0) | transfer_epoch4(NODE1) | NODE0 = NODE1","13","0-0000-----0----------------0000","11","234","6","0501000420"
"1395","forall NODE0,NODE1. ep_epoch0(NODE0) | ep_epoch0(NODE1) | ep_epoch2(NODE1) | ep_epoch3(NODE1) | held(NODE0) | locked_epoch4(NODE1) | transfer_epoch3(NODE0) | transfer_epoch3(NODE1) | transfer_epoch4(NODE0) | transfer_epoch4(NODE1) | NODE0 = NODE1","13","0-00-0-----0--------0-------0000","11","232","18","0401010420"
"1396","forall NODE0,NODE1. ep_epoch0(NODE0) | ep_epoch0(NODE1) | ep_epoch2(NODE1) | ep_epoch4(NODE1) | held(NODE0) | locked_epoch3(NODE1) | transfer_epoch3(NODE0) | transfer_epoch3(NODE1) | transfer_epoch4(NODE0) | transfer_epoch4(NODE1) | NODE0 = NODE1","13","0-0-00-----0------0---------0000","11","232","18","0401010420"
"1397","forall NODE0,NODE1. ep_epoch0(NODE0) | ep_epoch0(NODE1) | ep_epoch2(NODE1) | held(NODE0) | locked_epoch3(NODE1) | locked_epoch4(NODE1) | transfer_epoch3(NODE0) | transfer_epoch3(NODE1) | transfer_epoch4(NODE0) | transfer_epoch4(NODE1) | NODE0 = NODE1","13","0-0--0-----0------0-0-------0000","11","230","19","0301020420"
"1398","forall NODE0,NODE1. ep_epoch0(NODE0) | ep_epoch0(NODE1) | ep_epoch3(NODE0) | ep_epoch4(NODE0) | held(NODE1) | locked_epoch2(NODE0) | transfer_epoch3(NODE0) | transfer_epoch3(NODE1) | transfer_epoch4(NODE0) | transfer_epoch4(NODE1) | NODE0 = NODE1","13","0--000-----0----0-----------0000","11","232","18","0401010420"
"1399","forall NODE0,NODE1. ep_epoch0(NODE0) | ep_epoch0(NODE1) | ep_epoch3(NODE0) | held(NODE1) | locked_epoch2(NODE0) | locked_epoch4(NODE0) | transfer_epoch3(NODE0) | transfer_epoch3(NODE1) | transfer_epoch4(NODE0) | transfer_epoch4(NODE1) | NODE0 = NODE1","13","0--0-0-----0----0---0-------0000","11","230","19","0301020420"
"1400","forall NODE0,NODE1. ep_epoch0(NODE0) | ep_epoch0(NODE1) | ep_epoch4(NODE0) | held(NODE1) | locked_epoch2(NODE0) | locked_epoch3(NODE0) | transfer_epoch3(NODE0) | transfer_epoch3(NODE1) | transfer_epoch4(NODE0) | transfer_epoch4(NODE1) | NODE0 = NODE1","13","0---00-----0----0-0---------0000","11","230","19","0301020420"
"1401","forall NODE0,NODE1. ep_epoch0(NODE0) | ep_epoch0(NODE1) | held(NODE1) | locked_epoch2(NODE0) | locked_epoch3(NODE0) | locked_epoch4(NODE0) | transfer_epoch3(NODE0) | transfer_epoch3(NODE1) | transfer_epoch4(NODE0) | transfer_epoch4(NODE1) | NODE0 = NODE1","13","0----0----0------0-0-0------0000","11","228","8","0201030420"
"1402","forall NODE0,NODE1. ep_epoch0(NODE0) | ep_epoch2(NODE0) | ep_epoch2(NODE1) | ep_epoch3(NODE1) | ep_epoch4(NODE1) | held(NODE0) | transfer_epoch2(NODE0) | transfer_epoch2(NODE1) | transfer_epoch4(NODE0) | transfer_epoch4(NODE1) | NODE0 = NODE1","13","0-0----0000---------------00--00","11","234","6","0501000420"
"1403","forall NODE0,NODE1. ep_epoch0(NODE0) | ep_epoch2(NODE0) | ep_epoch2(NODE1) | ep_epoch3(NODE1) | held(NODE0) | locked_epoch4(NODE1) | transfer_epoch2(NODE0) | transfer_epoch2(NODE1) | transfer_epoch4(NODE0) | transfer_epoch4(NODE1) | NODE0 = NODE1","13","0-0----00-0----------0----00--00","11","232","18","0401010420"
"1404","forall NODE0,NODE1. ep_epoch0(NODE0) | ep_epoch2(NODE0) | ep_epoch2(NODE1) | ep_epoch4(NODE1) | held(NODE0) | locked_epoch3(NODE1) | transfer_epoch2(NODE0) | transfer_epoch2(NODE1) | transfer_epoch4(NODE0) | transfer_epoch4(NODE1) | NODE0 = NODE1","13","0-0----0-00--------0------00--00","11","232","18","0401010420"
"1405","forall NODE0,NODE1. ep_epoch0(NODE0) | ep_epoch2(NODE0) | ep_epoch2(NODE1) | held(NODE0) | locked_epoch3(NODE1) | locked_epoch4(NODE1) | transfer_epoch2(NODE0) | transfer_epoch2(NODE1) | transfer_epoch4(NODE0) | transfer_epoch4(NODE1) | NODE0 = NODE1","13","0-0----0--0--------0-0----00--00","11","230","19","0301020420"
"1406","forall NODE0,NODE1. ep_epoch0(NODE0) | ep_epoch2(NODE1) | ep_epoch3(NODE0) | ep_epoch3(NODE1) | ep_epoch4(NODE1) | held(NODE0) | transfer_epoch2(NODE0) | transfer_epoch2(NODE1) | transfer_epoch3(NODE0) | transfer_epoch3(NODE1) | NODE0 = NODE1","13","0--0---0000---------------0000--","11","234","6","0501000420"
"1407","forall NODE0,NODE1. ep_epoch0(NODE0) | ep_epoch2(NODE1) | ep_epoch3(NODE0) | ep_epoch3(NODE1) | held(NODE0) | locked_epoch4(NODE1) | transfer_epoch2(NODE0) | transfer_epoch2(NODE1) | transfer_epoch3(NODE0) | transfer_epoch3(NODE1) | NODE0 = NODE1","13","0--0---00-0----------0----0000--","11","232","18","0401010420"
"1408","forall NODE0,NODE1. ep_epoch0(NODE0) | ep_epoch2(NODE1) | ep_epoch3(NODE1) | ep_epoch4(NODE1) | held(NODE0) | locked_epoch3(NODE0) | transfer_epoch2(NODE0) | transfer_epoch2(NODE1) | transfer_epoch3(NODE0) | transfer_epoch3(NODE1) | NODE0 = NODE1","13","0------0000-------0-------0000--","11","232","18","0401010420"
"1409","forall NODE0,NODE1. ep_epoch0(NODE0) | ep_epoch2(NODE1) | ep_epoch3(NODE1) | held(NODE0) | locked_epoch3(NODE0) | locked_epoch4(NODE1) | transfer_epoch2(NODE0) | transfer_epoch2(NODE1) | transfer_epoch3(NODE0) | transfer_epoch3(NODE1) | NODE0 = NODE1","13","0------00-0-------0--0----0000--","11","230","19","0301020420"
"1410","forall NODE0,NODE1. ep_epoch0(NODE0) | ep_epoch3(NODE0) | ep_epoch3(NODE1) | ep_epoch4(NODE1) | held(NODE0) | locked_epoch2(NODE1) | transfer_epoch2(NODE0) | transfer_epoch2(NODE1) | transfer_epoch3(NODE0) | transfer_epoch3(NODE1) | NODE0 = NODE1","13","0--0----000------0--------0000--","11","232","18","0401010420"
"1411","forall NODE0,NODE1. ep_epoch0(NODE0) | ep_epoch3(NODE0) | ep_epoch3(NODE1) | held(NODE0) | locked_epoch2(NODE1) | locked_epoch4(NODE1) | transfer_epoch2(NODE0) | transfer_epoch2(NODE1) | transfer_epoch3(NODE0) | transfer_epoch3(NODE1) | NODE0 = NODE1","13","0--0----0-0------0---0----0000--","11","230","19","0301020420"
"1412","forall NODE0,NODE1. ep_epoch0(NODE0) | ep_epoch3(NODE1) | ep_epoch4(NODE1) | held(NODE0) | locked_epoch2(NODE1) | locked_epoch3(NODE0) | transfer_epoch2(NODE0) | transfer_epoch2(NODE1) | transfer_epoch3(NODE0) | transfer_epoch3(NODE1) | NODE0 = NODE1","13","0-------000------00-------0000--","11","230","19","0301020420"
"1413","forall NODE0,NODE1. ep_epoch0(NODE0) | ep_epoch3(NODE1) | held(NODE0) | locked_epoch2(NODE1) | locked_epoch3(NODE0) | locked_epoch4(NODE1) | transfer_epoch2(NODE0) | transfer_epoch2(NODE1) | transfer_epoch3(NODE0) | transfer_epoch3(NODE1) | NODE0 = NODE1","13","0-------0-0------00--0----0000--","11","228","8","0201030420"
"1414","forall NODE0,NODE1. ep_epoch1(NODE0) | ep_epoch1(NODE1) | ep_epoch2(NODE1) | ep_epoch3(NODE1) | ep_epoch4(NODE1) | held(NODE0) | transfer_epoch3(NODE0) | transfer_epoch3(NODE1) | transfer_epoch4(NODE0) | transfer_epoch4(NODE1) | NODE0 = NODE1","13","-0000-0----0----------------0000","11","234","6","0501000420"
"1415","forall NODE0,NODE1. ep_epoch1(NODE0) | ep_epoch1(NODE1) | ep_epoch2(NODE1) | ep_epoch3(NODE1) | held(NODE0) | locked_epoch4(NODE1) | transfer_epoch3(NODE0) | transfer_epoch3(NODE1) | transfer_epoch4(NODE0) | transfer_epoch4(NODE1) | NODE0 = NODE1","13","-000--0----0--------0-------0000","11","232","18","0401010420"
"1416","forall NODE0,NODE1. ep_epoch1(NODE0) | ep_epoch1(NODE1) | ep_epoch2(NODE1) | ep_epoch4(NODE1) | held(NODE0) | locked_epoch3(NODE1) | transfer_epoch3(NODE0) | transfer_epoch3(NODE1) | transfer_epoch4(NODE0) | transfer_epoch4(NODE1) | NODE0 = NODE1","13","-00-0-0----0------0---------0000","11","232","18","0401010420"
"1417","forall NODE0,NODE1. ep_epoch1(NODE0) | ep_epoch1(NODE1) | ep_epoch2(NODE1) | held(NODE0) | locked_epoch3(NODE1) | locked_epoch4(NODE1) | transfer_epoch3(NODE0) | transfer_epoch3(NODE1) | transfer_epoch4(NODE0) | transfer_epoch4(NODE1) | NODE0 = NODE1","13","-00---0----0------0-0-------0000","11","230","19","0301020420"
"1418","forall NODE0,NODE1. ep_epoch1(NODE0) | ep_epoch1(NODE1) | ep_epoch3(NODE0) | ep_epoch4(NODE0) | held(NODE1) | locked_epoch2(NODE0) | transfer_epoch3(NODE0) | transfer_epoch3(NODE1) | transfer_epoch4(NODE0) | transfer_epoch4(NODE1) | NODE0 = NODE1","13","-0-00-0----0----0-----------0000","11","232","18","0401010420"
"1419","forall NODE0,NODE1. ep_epoch1(NODE0) | ep_epoch1(NODE1) | ep_epoch3(NODE0) | held(NODE1) | locked_epoch2(NODE0) | locked_epoch4(NODE0) | transfer_epoch3(NODE0) | transfer_epoch3(NODE1) | transfer_epoch4(NODE0) | transfer_epoch4(NODE1) | NODE0 = NODE1","13","-0-0--0----0----0---0-------0000","11","230","19","0301020420"
"1420","forall NODE0,NODE1. ep_epoch1(NODE0) | ep_epoch1(NODE1) | ep_epoch4(NODE0) | held(NODE1) | locked_epoch2(NODE0) | locked_epoch3(NODE0) | transfer_epoch3(NODE0) | transfer_epoch3(NODE1) | transfer_epoch4(NODE0) | transfer_epoch4(NODE1) | NODE0 = NODE1","13","-0--0-0----0----0-0---------0000","11","230","19","0301020420"
"1421","forall NODE0,NODE1. ep_epoch1(NODE0) | ep_epoch1(NODE1) | held(NODE1) | locked_epoch2(NODE0) | locked_epoch3(NODE0) | locked_epoch4(NODE0) | transfer_epoch3(NODE0) | transfer_epoch3(NODE1) | transfer_epoch4(NODE0) | transfer_epoch4(NODE1) | NODE0 = NODE1","13","-0----0---0------0-0-0------0000","11","228","8","0201030420"
"1422","forall NODE0,NODE1. ep_epoch1(NODE0) | ep_epoch2(NODE0) | ep_epoch2(NODE1) | ep_epoch3(NODE0) | ep_epoch4(NODE0) | held(NODE1) | transfer_epoch2(NODE0) | transfer_epoch2(NODE1) | transfer_epoch4(NODE0) | transfer_epoch4(NODE1) | NODE0 = NODE1","13","-0000--0---0--------------00--00","11","234","6","0501000420"
"1423","forall NODE0,NODE1. ep_epoch1(NODE0) | ep_epoch2(NODE0) | ep_epoch2(NODE1) | ep_epoch3(NODE0) | held(NODE1) | locked_epoch4(NODE0) | transfer_epoch2(NODE0) | transfer_epoch2(NODE1) | transfer_epoch4(NODE0) | transfer_epoch4(NODE1) | NODE0 = NODE1","13","-000---0---0--------0-----00--00","11","232","18","0401010420"
"1424","forall NODE0,NODE1. ep_epoch1(NODE0) | ep_epoch2(NODE0) | ep_epoch2(NODE1) | ep_epoch4(NODE0) | held(NODE1) | locked_epoch3(NODE0) | transfer_epoch2(NODE0) | transfer_epoch2(NODE1) | transfer_epoch4(NODE0) | transfer_epoch4(NODE1) | NODE0 = NODE1","13","-00-0--0---0------0-------00--00","11","232","18","0401010420"
"1425","forall NODE0,NODE1. ep_epoch1(NODE0) | ep_epoch2(NODE0) | ep_epoch2(NODE1) | held(NODE1) | locked_epoch3(NODE0) | locked_epoch4(NODE0) | transfer_epoch2(NODE0) | transfer_epoch2(NODE1) | transfer_epoch4(NODE0) | transfer_epoch4(NODE1) | NODE0 = NODE1","13","-00----0---0------0-0-----00--00","11","230","19","0301020420"
"1426","forall NODE0,NODE1. ep_epoch1(NODE0) | ep_epoch2(NODE0) | ep_epoch3(NODE0) | ep_epoch3(NODE1) | ep_epoch4(NODE0) | held(NODE1) | transfer_epoch2(NODE0) | transfer_epoch2(NODE1) | transfer_epoch3(NODE0) | transfer_epoch3(NODE1) | NODE0 = NODE1","13","-0000---0--0--------------0000--","11","234","6","0501000420"
"1427","forall NODE0,NODE1. ep_epoch1(NODE0) | ep_epoch2(NODE0) | ep_epoch3(NODE0) | ep_epoch3(NODE1) | held(NODE1) | locked_epoch4(NODE0) | transfer_epoch2(NODE0) | transfer_epoch2(NODE1) | transfer_epoch3(NODE0) | transfer_epoch3(NODE1) | NODE0 = NODE1","13","-000----0--0--------0-----0000--","11","232","18","0401010420"
"1428","forall NODE0,NODE1. ep_epoch1(NODE0) | ep_epoch2(NODE0) | ep_epoch3(NODE0) | ep_epoch4(NODE0) | held(NODE1) | locked_epoch3(NODE1) | transfer_epoch2(NODE0) | transfer_epoch2(NODE1) | transfer_epoch3(NODE0) | transfer_epoch3(NODE1) | NODE0 = NODE1","13","-0000------0-------0------0000--","11","232","18","0401010420"
"1429","forall NODE0,NODE1. ep_epoch1(NODE0) | ep_epoch2(NODE0) | ep_epoch3(NODE0) | held(NODE1) | locked_epoch3(NODE1) | locked_epoch4(NODE0) | transfer_epoch2(NODE0) | transfer_epoch2(NODE1) | transfer_epoch3(NODE0) | transfer_epoch3(NODE1) | NODE0 = NODE1","13","-000-------0-------00-----0000--","11","230","19","0301020420"
"1430","forall NODE0,NODE1. ep_epoch1(NODE0) | ep_epoch3(NODE0) | ep_epoch3(NODE1) | ep_epoch4(NODE0) | held(NODE1) | locked_epoch2(NODE0) | transfer_epoch2(NODE0) | transfer_epoch2(NODE1) | transfer_epoch3(NODE0) | transfer_epoch3(NODE1) | NODE0 = NODE1","13","-0-00---0--0----0---------0000--","11","232","18","0401010420"
"1431","forall NODE0,NODE1. ep_epoch1(NODE0) | ep_epoch3(NODE0) | ep_epoch3(NODE1) | held(NODE1) | locked_epoch2(NODE0) | locked_epoch4(NODE0) | transfer_epoch2(NODE0) | transfer_epoch2(NODE1) | transfer_epoch3(NODE0) | transfer_epoch3(NODE1) | NODE0 = NODE1","13","-0-0----0--0----0---0-----0000--","11","230","19","0301020420"
"1432","forall NODE0,NODE1. ep_epoch1(NODE0) | ep_epoch3(NODE0) | ep_epoch4(NODE0) | held(NODE1) | locked_epoch2(NODE0) | locked_epoch3(NODE1) | transfer_epoch2(NODE0) | transfer_epoch2(NODE1) | transfer_epoch3(NODE0) | transfer_epoch3(NODE1) | NODE0 = NODE1","13","-0-00------0----0--0------0000--","11","230","19","0301020420"
"1433","forall NODE0,NODE1. ep_epoch1(NODE0) | ep_epoch3(NODE0) | held(NODE1) | locked_epoch2(NODE0) | locked_epoch3(NODE1) | locked_epoch4(NODE0) | transfer_epoch2(NODE0) | transfer_epoch2(NODE1) | transfer_epoch3(NODE0) | transfer_epoch3(NODE1) | NODE0 = NODE1","13","-0-0-------0----0--00-----0000--","11","228","8","0201030420"
"1434","forall NODE0,NODE1. ep_epoch2(NODE0) | ep_epoch2(NODE1) | ep_epoch3(NODE1) | ep_epoch4(NODE1) | held(NODE0) | locked_epoch1(NODE1) | transfer_epoch2(NODE0) | transfer_epoch2(NODE1) | transfer_epoch4(NODE0) | transfer_epoch4(NODE1) | NODE0 = NODE1","13","--000--0---0--0-----------00--00","11","232","18","0401010420"
"1435","forall NODE0,NODE1. ep_epoch2(NODE0) | ep_epoch2(NODE1) | ep_epoch3(NODE1) | held(NODE0) | locked_epoch1(NODE1) | locked_epoch4(NODE1) | transfer_epoch2(NODE0) | transfer_epoch2(NODE1) | transfer_epoch4(NODE0) | transfer_epoch4(NODE1) | NODE0 = NODE1","13","--00---0---0--0-----0-----00--00","11","230","19","0301020420"
"1436","forall NODE0,NODE1. ep_epoch2(NODE0) | ep_epoch2(NODE1) | ep_epoch4(NODE1) | held(NODE0) | locked_epoch1(NODE1) | locked_epoch3(NODE1) | transfer_epoch2(NODE0) | transfer_epoch2(NODE1) | transfer_epoch4(NODE0) | transfer_epoch4(NODE1) | NODE0 = NODE1","13","--0-0--0---0--0---0-------00--00","11","230","19","0301020420"
"1437","forall NODE0,NODE1. ep_epoch2(NODE0) | ep_epoch2(NODE1) | held(NODE0) | locked_epoch1(NODE1) | locked_epoch3(NODE1) | locked_epoch4(NODE1) | transfer_epoch2(NODE0) | transfer_epoch2(NODE1) | transfer_epoch4(NODE0) | transfer_epoch4(NODE1) | NODE0 = NODE1","13","--0----0--0----0---0-0----00--00","11","228","8","0201030420"
"1438","forall NODE0,NODE1. ep_epoch2(NODE0) | ep_epoch3(NODE0) | ep_epoch3(NODE1) | ep_epoch4(NODE0) | held(NODE1) | locked_epoch1(NODE0) | transfer_epoch2(NODE0) | transfer_epoch2(NODE1) | transfer_epoch3(NODE0) | transfer_epoch3(NODE1) | NODE0 = NODE1","13","--000---0--0--0-----------0000--","11","232","18","0401010420"
"1439","forall NODE0,NODE1. ep_epoch2(NODE0) | ep_epoch3(NODE0) | ep_epoch3(NODE1) | held(NODE1) | locked_epoch1(NODE0) | locked_epoch4(NODE0) | transfer_epoch2(NODE0) | transfer_epoch2(NODE1) | transfer_epoch3(NODE0) | transfer_epoch3(NODE1) | NODE0 = NODE1","13","--00----0--0--0-----0-----0000--","11","230","19","0301020420"
"1440","forall NODE0,NODE1. ep_epoch2(NODE0) | ep_epoch3(NODE0) | ep_epoch4(NODE0) | held(NODE1) | locked_epoch1(NODE0) | locked_epoch3(NODE1) | transfer_epoch2(NODE0) | transfer_epoch2(NODE1) | transfer_epoch3(NODE0) | transfer_epoch3(NODE1) | NODE0 = NODE1","13","--000------0--0----0------0000--","11","230","19","0301020420"
"1441","forall NODE0,NODE1. ep_epoch2(NODE0) | ep_epoch3(NODE0) | held(NODE1) | locked_epoch1(NODE0) | locked_epoch3(NODE1) | locked_epoch4(NODE0) | transfer_epoch2(NODE0) | transfer_epoch2(NODE1) | transfer_epoch3(NODE0) | transfer_epoch3(NODE1) | NODE0 = NODE1","13","--00-------0--0----00-----0000--","11","228","8","0201030420"
"1442","forall NODE0,NODE1. ep_epoch3(NODE0) | ep_epoch3(NODE1) | ep_epoch4(NODE0) | held(NODE1) | locked_epoch1(NODE0) | locked_epoch2(NODE0) | transfer_epoch2(NODE0) | transfer_epoch2(NODE1) | transfer_epoch3(NODE0) | transfer_epoch3(NODE1) | NODE0 = NODE1","13","---00---0--0--0-0---------0000--","11","230","19","0301020420"
"1443","forall NODE0,NODE1. ep_epoch3(NODE0) | ep_epoch3(NODE1) | held(NODE1) | locked_epoch1(NODE0) | locked_epoch2(NODE0) | locked_epoch4(NODE0) | transfer_epoch2(NODE0) | transfer_epoch2(NODE1) | transfer_epoch3(NODE0) | transfer_epoch3(NODE1) | NODE0 = NODE1","13","---0----0-0----0-0---0----0000--","11","228","8","0201030420"
"1444","forall NODE0,NODE1. ep_epoch3(NODE0) | ep_epoch4(NODE0) | held(NODE1) | locked_epoch1(NODE0) | locked_epoch2(NODE0) | locked_epoch3(NODE1) | transfer_epoch2(NODE0) | transfer_epoch2(NODE1) | transfer_epoch3(NODE0) | transfer_epoch3(NODE1) | NODE0 = NODE1","13","---00------0--0-0--0------0000--","11","228","8","0201030420"
"1445","forall NODE0,NODE1. ep_epoch3(NODE0) | held(NODE1) | locked_epoch1(NODE0) | locked_epoch2(NODE0) | locked_epoch3(NODE1) | locked_epoch4(NODE0) | transfer_epoch2(NODE0) | transfer_epoch2(NODE1) | transfer_epoch3(NODE0) | transfer_epoch3(NODE1) | NODE0 = NODE1","13","---0-------0--0-0--00-----0000--","11","0","101","0101040420"
"1446","forall NODE0,NODE1. ~locked_epoch1(NODE0) | ep_epoch2(NODE1) | ep_epoch3(NODE1) | ep_epoch4(NODE1) | held(NODE0) | transfer_epoch2(NODE0) | transfer_epoch2(NODE1) | transfer_epoch3(NODE0) | transfer_epoch3(NODE1) | transfer_epoch4(NODE0) | transfer_epoch4(NODE1) | NODE0 = NODE1","14","-------0000---1-----------000000","12","0","101","0301100620"
"1447","forall NODE0,NODE1. ~locked_epoch1(NODE0) | ep_epoch2(NODE1) | ep_epoch3(NODE1) | held(NODE0) | locked_epoch4(NODE1) | transfer_epoch2(NODE0) | transfer_epoch2(NODE1) | transfer_epoch3(NODE0) | transfer_epoch3(NODE1) | transfer_epoch4(NODE0) | transfer_epoch4(NODE1) | NODE0 = NODE1","14","-------00-0---1------0----000000","12","238","3","0201110620"
"1448","forall NODE0,NODE1. ~locked_epoch1(NODE0) | ep_epoch2(NODE1) | ep_epoch4(NODE1) | held(NODE0) | locked_epoch3(NODE1) | transfer_epoch2(NODE0) | transfer_epoch2(NODE1) | transfer_epoch3(NODE0) | transfer_epoch3(NODE1) | transfer_epoch4(NODE0) | transfer_epoch4(NODE1) | NODE0 = NODE1","14","-------0-00---1----0------000000","12","238","3","0201110620"
"1449","forall NODE0,NODE1. ~locked_epoch1(NODE0) | ep_epoch2(NODE1) | held(NODE0) | locked_epoch3(NODE1) | locked_epoch4(NODE1) | transfer_epoch2(NODE0) | transfer_epoch2(NODE1) | transfer_epoch3(NODE0) | transfer_epoch3(NODE1) | transfer_epoch4(NODE0) | transfer_epoch4(NODE1) | NODE0 = NODE1","14","-------0--0---1----0-0----000000","12","236","3","0101120620"
"1450","forall NODE0,NODE1. ~locked_epoch1(NODE0) | ep_epoch3(NODE1) | ep_epoch4(NODE1) | held(NODE0) | locked_epoch2(NODE1) | transfer_epoch2(NODE0) | transfer_epoch2(NODE1) | transfer_epoch3(NODE0) | transfer_epoch3(NODE1) | transfer_epoch4(NODE0) | transfer_epoch4(NODE1) | NODE0 = NODE1","14","--------000---1--0--------000000","12","238","3","0201110620"
"1451","forall NODE0,NODE1. ~locked_epoch1(NODE0) | ep_epoch3(NODE1) | held(NODE0) | locked_epoch2(NODE1) | locked_epoch4(NODE1) | transfer_epoch2(NODE0) | transfer_epoch2(NODE1) | transfer_epoch3(NODE0) | transfer_epoch3(NODE1) | transfer_epoch4(NODE0) | transfer_epoch4(NODE1) | NODE0 = NODE1","14","--------0-0---1--0---0----000000","12","236","3","0101120620"
"1452","forall NODE0,NODE1. ~locked_epoch1(NODE0) | ep_epoch4(NODE1) | held(NODE0) | locked_epoch2(NODE1) | locked_epoch3(NODE1) | transfer_epoch2(NODE0) | transfer_epoch2(NODE1) | transfer_epoch3(NODE0) | transfer_epoch3(NODE1) | transfer_epoch4(NODE0) | transfer_epoch4(NODE1) | NODE0 = NODE1","14","---------00---1--0-0------000000","12","236","3","0101120620"
"1453","forall NODE0,NODE1. ~locked_epoch1(NODE0) | held(NODE0) | locked_epoch2(NODE1) | locked_epoch3(NODE1) | locked_epoch4(NODE1) | transfer_epoch2(NODE0) | transfer_epoch2(NODE1) | transfer_epoch3(NODE0) | transfer_epoch3(NODE1) | transfer_epoch4(NODE0) | transfer_epoch4(NODE1) | NODE0 = NODE1","14","----------0---1--0-0-0----000000","12","0","101","0001130620"
"1454","forall NODE0,NODE1. ep_epoch0(NODE0) | ep_epoch2(NODE1) | ep_epoch3(NODE1) | ep_epoch4(NODE1) | held(NODE0) | transfer_epoch2(NODE0) | transfer_epoch2(NODE1) | transfer_epoch3(NODE0) | transfer_epoch3(NODE1) | transfer_epoch4(NODE0) | transfer_epoch4(NODE1) | NODE0 = NODE1","14","0------0000---------------000000","12","240","2","0401000620"
"1455","forall NODE0,NODE1. ep_epoch0(NODE0) | ep_epoch2(NODE1) | ep_epoch3(NODE1) | held(NODE0) | locked_epoch4(NODE1) | transfer_epoch2(NODE0) | transfer_epoch2(NODE1) | transfer_epoch3(NODE0) | transfer_epoch3(NODE1) | transfer_epoch4(NODE0) | transfer_epoch4(NODE1) | NODE0 = NODE1","14","0------00-0----------0----000000","12","239","7","0301010620"
"1456","forall NODE0,NODE1. ep_epoch0(NODE0) | ep_epoch2(NODE1) | ep_epoch4(NODE1) | held(NODE0) | locked_epoch3(NODE1) | transfer_epoch2(NODE0) | transfer_epoch2(NODE1) | transfer_epoch3(NODE0) | transfer_epoch3(NODE1) | transfer_epoch4(NODE0) | transfer_epoch4(NODE1) | NODE0 = NODE1","14","0------0-00--------0------000000","12","239","7","0301010620"
"1457","forall NODE0,NODE1. ep_epoch0(NODE0) | ep_epoch2(NODE1) | held(NODE0) | locked_epoch3(NODE1) | locked_epoch4(NODE1) | transfer_epoch2(NODE0) | transfer_epoch2(NODE1) | transfer_epoch3(NODE0) | transfer_epoch3(NODE1) | transfer_epoch4(NODE0) | transfer_epoch4(NODE1) | NODE0 = NODE1","14","0------0--0--------0-0----000000","12","237","9","0201020620"
"1458","forall NODE0,NODE1. ep_epoch0(NODE0) | ep_epoch3(NODE1) | ep_epoch4(NODE1) | held(NODE0) | locked_epoch2(NODE1) | transfer_epoch2(NODE0) | transfer_epoch2(NODE1) | transfer_epoch3(NODE0) | transfer_epoch3(NODE1) | transfer_epoch4(NODE0) | transfer_epoch4(NODE1) | NODE0 = NODE1","14","0-------000------0--------000000","12","239","7","0301010620"
"1459","forall NODE0,NODE1. ep_epoch0(NODE0) | ep_epoch3(NODE1) | held(NODE0) | locked_epoch2(NODE1) | locked_epoch4(NODE1) | transfer_epoch2(NODE0) | transfer_epoch2(NODE1) | transfer_epoch3(NODE0) | transfer_epoch3(NODE1) | transfer_epoch4(NODE0) | transfer_epoch4(NODE1) | NODE0 = NODE1","14","0-------0-0------0---0----000000","12","237","9","0201020620"
"1460","forall NODE0,NODE1. ep_epoch0(NODE0) | ep_epoch4(NODE1) | held(NODE0) | locked_epoch2(NODE1) | locked_epoch3(NODE1) | transfer_epoch2(NODE0) | transfer_epoch2(NODE1) | transfer_epoch3(NODE0) | transfer_epoch3(NODE1) | transfer_epoch4(NODE0) | transfer_epoch4(NODE1) | NODE0 = NODE1","14","0--------00------0-0------000000","12","237","9","0201020620"
"1461","forall NODE0,NODE1. ep_epoch0(NODE0) | held(NODE0) | locked_epoch2(NODE1) | locked_epoch3(NODE1) | locked_epoch4(NODE1) | transfer_epoch2(NODE0) | transfer_epoch2(NODE1) | transfer_epoch3(NODE0) | transfer_epoch3(NODE1) | transfer_epoch4(NODE0) | transfer_epoch4(NODE1) | NODE0 = NODE1","14","0---------0------0-0-0----000000","12","235","5","0101030620"
"1462","forall NODE0,NODE1. ep_epoch1(NODE0) | ep_epoch2(NODE0) | ep_epoch3(NODE0) | ep_epoch4(NODE0) | held(NODE1) | transfer_epoch2(NODE0) | transfer_epoch2(NODE1) | transfer_epoch3(NODE0) | transfer_epoch3(NODE1) | transfer_epoch4(NODE0) | transfer_epoch4(NODE1) | NODE0 = NODE1","14","-0000------0--------------000000","12","240","2","0401000620"
"1463","forall NODE0,NODE1. ep_epoch1(NODE0) | ep_epoch2(NODE0) | ep_epoch3(NODE0) | held(NODE1) | locked_epoch4(NODE0) | transfer_epoch2(NODE0) | transfer_epoch2(NODE1) | transfer_epoch3(NODE0) | transfer_epoch3(NODE1) | transfer_epoch4(NODE0) | transfer_epoch4(NODE1) | NODE0 = NODE1","14","-000-------0--------0-----000000","12","239","7","0301010620"
"1464","forall NODE0,NODE1. ep_epoch1(NODE0) | ep_epoch2(NODE0) | ep_epoch4(NODE0) | held(NODE1) | locked_epoch3(NODE0) | transfer_epoch2(NODE0) | transfer_epoch2(NODE1) | transfer_epoch3(NODE0) | transfer_epoch3(NODE1) | transfer_epoch4(NODE0) | transfer_epoch4(NODE1) | NODE0 = NODE1","14","-00-0------0------0-------000000","12","239","7","0301010620"
"1465","forall NODE0,NODE1. ep_epoch1(NODE0) | ep_epoch2(NODE0) | held(NODE1) | locked_epoch3(NODE0) | locked_epoch4(NODE0) | transfer_epoch2(NODE0) | transfer_epoch2(NODE1) | transfer_epoch3(NODE0) | transfer_epoch3(NODE1) | transfer_epoch4(NODE0) | transfer_epoch4(NODE1) | NODE0 = NODE1","14","-00--------0------0-0-----000000","12","237","9","0201020620"
"1466","forall NODE0,NODE1. ep_epoch1(NODE0) | ep_epoch3(NODE0) | ep_epoch4(NODE0) | held(NODE1) | locked_epoch2(NODE0) | transfer_epoch2(NODE0) | transfer_epoch2(NODE1) | transfer_epoch3(NODE0) | transfer_epoch3(NODE1) | transfer_epoch4(NODE0) | transfer_epoch4(NODE1) | NODE0 = NODE1","14","-0-00------0----0---------000000","12","239","7","0301010620"
"1467","forall NODE0,NODE1. ep_epoch1(NODE0) | ep_epoch3(NODE0) | held(NODE1) | locked_epoch2(NODE0) | locked_epoch4(NODE0) | transfer_epoch2(NODE0) | transfer_epoch2(NODE1) | transfer_epoch3(NODE0) | transfer_epoch3(NODE1) | transfer_epoch4(NODE0) | transfer_epoch4(NODE1) | NODE0 = NODE1","14","-0-0-------0----0---0-----000000","12","237","9","0201020620"
"1468","forall NODE0,NODE1. ep_epoch1(NODE0) | ep_epoch4(NODE0) | held(NODE1) | locked_epoch2(NODE0) | locked_epoch3(NODE0) | transfer_epoch2(NODE0) | transfer_epoch2(NODE1) | transfer_epoch3(NODE0) | transfer_epoch3(NODE1) | transfer_epoch4(NODE0) | transfer_epoch4(NODE1) | NODE0 = NODE1","14","-0--0------0----0-0-------000000","12","237","9","0201020620"
"1469","forall NODE0,NODE1. ep_epoch1(NODE0) | held(NODE1) | locked_epoch2(NODE0) | locked_epoch3(NODE0) | locked_epoch4(NODE0) | transfer_epoch2(NODE0) | transfer_epoch2(NODE1) | transfer_epoch3(NODE0) | transfer_epoch3(NODE1) | transfer_epoch4(NODE0) | transfer_epoch4(NODE1) | NODE0 = NODE1","14","-0---------0----0-0-0-----000000","12","235","5","0101030620"
"1470","forall NODE0,NODE1. ep_epoch2(NODE0) | ep_epoch3(NODE0) | ep_epoch4(NODE0) | held(NODE1) | locked_epoch1(NODE0) | transfer_epoch2(NODE0) | transfer_epoch2(NODE1) | transfer_epoch3(NODE0) | transfer_epoch3(NODE1) | transfer_epoch4(NODE0) | transfer_epoch4(NODE1) | NODE0 = NODE1","14","--000------0--0-----------000000","12","239","7","0301010620"
"1471","forall NODE0,NODE1. ep_epoch2(NODE0) | ep_epoch3(NODE0) | held(NODE1) | locked_epoch1(NODE0) | locked_epoch4(NODE0) | transfer_epoch2(NODE0) | transfer_epoch2(NODE1) | transfer_epoch3(NODE0) | transfer_epoch3(NODE1) | transfer_epoch4(NODE0) | transfer_epoch4(NODE1) | NODE0 = NODE1","14","--00-------0--0-----0-----000000","12","237","9","0201020620"
"1472","forall NODE0,NODE1. ep_epoch2(NODE0) | ep_epoch4(NODE0) | held(NODE1) | locked_epoch1(NODE0) | locked_epoch3(NODE0) | transfer_epoch2(NODE0) | transfer_epoch2(NODE1) | transfer_epoch3(NODE0) | transfer_epoch3(NODE1) | transfer_epoch4(NODE0) | transfer_epoch4(NODE1) | NODE0 = NODE1","14","--0-0------0--0---0-------000000","12","237","9","0201020620"
"1473","forall NODE0,NODE1. ep_epoch2(NODE0) | held(NODE1) | locked_epoch1(NODE0) | locked_epoch3(NODE0) | locked_epoch4(NODE0) | transfer_epoch2(NODE0) | transfer_epoch2(NODE1) | transfer_epoch3(NODE0) | transfer_epoch3(NODE1) | transfer_epoch4(NODE0) | transfer_epoch4(NODE1) | NODE0 = NODE1","14","--0--------0--0---0-0-----000000","12","235","5","0101030620"
"1474","forall NODE0,NODE1. ep_epoch3(NODE0) | ep_epoch4(NODE0) | held(NODE1) | locked_epoch1(NODE0) | locked_epoch2(NODE0) | transfer_epoch2(NODE0) | transfer_epoch2(NODE1) | transfer_epoch3(NODE0) | transfer_epoch3(NODE1) | transfer_epoch4(NODE0) | transfer_epoch4(NODE1) | NODE0 = NODE1","14","---00------0--0-0---------000000","12","237","9","0201020620"
"1475","forall NODE0,NODE1. ep_epoch3(NODE0) | held(NODE1) | locked_epoch1(NODE0) | locked_epoch2(NODE0) | locked_epoch4(NODE0) | transfer_epoch2(NODE0) | transfer_epoch2(NODE1) | transfer_epoch3(NODE0) | transfer_epoch3(NODE1) | transfer_epoch4(NODE0) | transfer_epoch4(NODE1) | NODE0 = NODE1","14","---0-------0--0-0---0-----000000","12","235","5","0101030620"
"1476","forall NODE0,NODE1. ep_epoch4(NODE0) | held(NODE1) | locked_epoch1(NODE0) | locked_epoch2(NODE0) | locked_epoch3(NODE0) | transfer_epoch2(NODE0) | transfer_epoch2(NODE1) | transfer_epoch3(NODE0) | transfer_epoch3(NODE1) | transfer_epoch4(NODE0) | transfer_epoch4(NODE1) | NODE0 = NODE1","14","----0------0--0-0-0-------000000","12","235","5","0101030620"
"1477","forall NODE0,NODE1. held(NODE0) | locked_epoch1(NODE1) | locked_epoch2(NODE1) | locked_epoch3(NODE1) | locked_epoch4(NODE1) | transfer_epoch2(NODE0) | transfer_epoch2(NODE1) | transfer_epoch3(NODE0) | transfer_epoch3(NODE1) | transfer_epoch4(NODE0) | transfer_epoch4(NODE1) | NODE0 = NODE1","14","----------0----0-0-0-0----000000","12","0","101","0001040620"
