
****************************************************************

	[QRM]: ivybench/sym/ivy/distributed_lock.ivy

****************************************************************


**********************************************************************************************

	[Synthesize Rmin]: [ivybench/sym/ivy/distributed_lock.ivy: node=2,epoch=4]

**********************************************************************************************

python3 qrm.py ivybench/sym/ivy/distributed_lock.ivy -s node=2,epoch=4 -f 1 -g -w -v 5 -l ivybench/sym/ivy/distributed_lock.log


---------- Parsing Ivy ----------


Printing isolate this:

OK

Ordered sorts:

epoch


====================================================================================================

	[FW]: Forward Reachability on [ivybench/sym/ivy/distributed_lock.ivy: node=2,epoch=4]

====================================================================================================


==============================================

	Set up for forward reachability

==============================================

[FW NOTE]: number of state atoms: 56

[FW NOTE]: number of interpreted atoms (e.g. member,le): 0

[FW NOTE]: symmetric group order: 48

[FW NOTE]: number of branching actions: 24

ivy_to_cpp target=qrm distributed_lock.node_2_epoch_4.finite.ivy

[IVY_TO_CPP RESULT]: OK

swig -c++ -python -o distributed_lock.node_2_epoch_4.finite_wrap.cpp ivy_exec.i

[SWIG RESULT]: OK

g++ -std=c++11 -fpic -pthread -O3 distributed_lock.node_2_epoch_4.finite.cpp distributed_lock.node_2_epoch_4.finite_wrap.cpp -I/usr/include/python3.12 -c

[G++ RESULT]: OK

g++ -shared distributed_lock.node_2_epoch_4.finite.o distributed_lock.node_2_epoch_4.finite_wrap.o -o _ivy_exec.so -lm -lstdc++

[LINK RESULT]: OK

[QRM NOTE]: Time elapsed since start: 6.726 seconds

[QRM NOTE]: Time elapsed since last: 6.726 seconds

[QRM NOTE]: Peak memory: 869360 bytes


===================================

	Forward reachability

===================================


---------- level 0 ----------

01001000100100101111011100110001001000000001000000001000


---------- level 1 ----------

01001000100100001111011100110001001000000001000010001000


---------- level 2 ----------

00101000100100101111011100110001001010000001000000001000


---------- level 3 ----------

00101000100100001111011100110001001010000001000000101000


---------- level 4 ----------

00011000100100101111011100110001001010100001000000001000


---------- level 3 ----------

00101000100100001111011100110001001010000001000000011000


---------- level 4 ----------

00100001100100011111011100110001001010010001000000001000


---------- level 1 ----------

01001000100100001111011100110001001000000001000000101000


---------- level 2 ----------

00011000100100101111011100110001001000100001000000001000


---------- level 1 ----------

01001000100100001111011100110001001000000001000001001000


---------- level 2 ----------

01000010100100011111011100110001001001000001000000001000


---------- level 3 ----------

01000010100100001111011100110001001001000001000000101000


---------- level 4 ----------

00010010100100101111011100110001001001100001000000001000


---------- level 3 ----------

01000010100100001111011100110001001001000001000000011000


---------- level 4 ----------

01000001100100011111011100110001001001010001000000001000


---------- level 1 ----------

01001000100100001111011100110001001000000001000000011000


---------- level 2 ----------

01000001100100011111011100110001001000010001000000001000

[FW NOTE]: dfs max depth: 4

[FW NOTE]: number of total reachable states:        34

[FW NOTE]: number of dfs representative states:     17

[FW NOTE]: number of dfs non-representative states: 17


===========================================================================================================

	[FW RESULT]: Forward Reachability on [ivybench/sym/ivy/distributed_lock.ivy: node=2,epoch=4]

===========================================================================================================

sort: node=['node0', 'node1']
sort: epoch=['epoch0', 'epoch1', 'epoch2', 'epoch3']
predicate: held('node',)
predicate: first=('node',)
predicate: locked('epoch', 'node')
predicate: ep=('node', 'epoch')
predicate: zero=('epoch',)
predicate: max=('epoch',)
predicate: le('epoch', 'epoch')
predicate: firste=('epoch',)
predicate: transfer('epoch', 'node')
interpreted atoms: {}
state atoms: ['(ep(node0)=epoch0)', '(ep(node0)=epoch1)', '(ep(node0)=epoch2)', '(ep(node0)=epoch3)', '(ep(node1)=epoch0)', '(ep(node1)=epoch1)', '(ep(node1)=epoch2)', '(ep(node1)=epoch3)', '(first=node0)', '(first=node1)', '(firste=epoch0)', '(firste=epoch1)', '(firste=epoch2)', '(firste=epoch3)', 'held(node0)', 'held(node1)', 'le(epoch0,epoch0)', 'le(epoch0,epoch1)', 'le(epoch0,epoch2)', 'le(epoch0,epoch3)', 'le(epoch1,epoch0)', 'le(epoch1,epoch1)', 'le(epoch1,epoch2)', 'le(epoch1,epoch3)', 'le(epoch2,epoch0)', 'le(epoch2,epoch1)', 'le(epoch2,epoch2)', 'le(epoch2,epoch3)', 'le(epoch3,epoch0)', 'le(epoch3,epoch1)', 'le(epoch3,epoch2)', 'le(epoch3,epoch3)', 'locked(epoch0,node0)', 'locked(epoch0,node1)', 'locked(epoch1,node0)', 'locked(epoch1,node1)', 'locked(epoch2,node0)', 'locked(epoch2,node1)', 'locked(epoch3,node0)', 'locked(epoch3,node1)', '(max=epoch0)', '(max=epoch1)', '(max=epoch2)', '(max=epoch3)', 'transfer(epoch0,node0)', 'transfer(epoch0,node1)', 'transfer(epoch1,node0)', 'transfer(epoch1,node1)', 'transfer(epoch2,node0)', 'transfer(epoch2,node1)', 'transfer(epoch3,node0)', 'transfer(epoch3,node1)', '(zero=epoch0)', '(zero=epoch1)', '(zero=epoch2)', '(zero=epoch3)']
representative states : 20427788701929480, 20425589678674056, 11420589447712776, 11418390424457256, 6916989820473352, 11418390424457240, 5157771214721032, 20425589678673960, 6916989819949064, 20425589678673992, 10224320795643912, 10222121772388376, 5228139959947272, 10222121772388392, 5720721168404488, 20425589678673944, 5720721167880200


=== State Orbit 0 =====================
size : 2
repr state: 01001000100100101111011100110001001000000001000000001000
lex min decimal: 0x4892f731201008
states:
01001000100100101111011100110001001000000001000000001000
10000100010100011111011100110001000100000001000000001000

State 0:
ep(node0): epoch1
ep(node1): epoch0
first: node0
held(node0): 1
held(node1): 0
locked(epoch0,node0): 0
locked(epoch0,node1): 0
locked(epoch1,node0): 1
locked(epoch1,node1): 0
locked(epoch2,node0): 0
locked(epoch2,node1): 0
locked(epoch3,node0): 0
locked(epoch3,node1): 0
transfer(epoch0,node0): 0
transfer(epoch0,node1): 0
transfer(epoch1,node0): 0
transfer(epoch1,node1): 0
transfer(epoch2,node0): 0
transfer(epoch2,node1): 0
transfer(epoch3,node0): 0
transfer(epoch3,node1): 0

State 1:
ep(node0): epoch0
ep(node1): epoch1
first: node1
held(node0): 0
held(node1): 1
locked(epoch0,node0): 0
locked(epoch0,node1): 0
locked(epoch1,node0): 0
locked(epoch1,node1): 1
locked(epoch2,node0): 0
locked(epoch2,node1): 0
locked(epoch3,node0): 0
locked(epoch3,node1): 0
transfer(epoch0,node0): 0
transfer(epoch0,node1): 0
transfer(epoch1,node0): 0
transfer(epoch1,node1): 0
transfer(epoch2,node0): 0
transfer(epoch2,node1): 0
transfer(epoch3,node0): 0
transfer(epoch3,node1): 0




=== State Orbit 1 =====================
size : 2
repr state: 01001000100100001111011100110001001000000001000010001000
lex min decimal: 0x4890f731201088
states:
01001000100100001111011100110001001000000001000010001000
10000100010100001111011100110001000100000001000001001000

State 0:
ep(node0): epoch1
ep(node1): epoch0
first: node0
held(node0): 0
held(node1): 0
locked(epoch0,node0): 0
locked(epoch0,node1): 0
locked(epoch1,node0): 1
locked(epoch1,node1): 0
locked(epoch2,node0): 0
locked(epoch2,node1): 0
locked(epoch3,node0): 0
locked(epoch3,node1): 0
transfer(epoch0,node0): 0
transfer(epoch0,node1): 0
transfer(epoch1,node0): 0
transfer(epoch1,node1): 0
transfer(epoch2,node0): 1
transfer(epoch2,node1): 0
transfer(epoch3,node0): 0
transfer(epoch3,node1): 0

State 1:
ep(node0): epoch0
ep(node1): epoch1
first: node1
held(node0): 0
held(node1): 0
locked(epoch0,node0): 0
locked(epoch0,node1): 0
locked(epoch1,node0): 0
locked(epoch1,node1): 1
locked(epoch2,node0): 0
locked(epoch2,node1): 0
locked(epoch3,node0): 0
locked(epoch3,node1): 0
transfer(epoch0,node0): 0
transfer(epoch0,node1): 0
transfer(epoch1,node0): 0
transfer(epoch1,node1): 0
transfer(epoch2,node0): 0
transfer(epoch2,node1): 1
transfer(epoch3,node0): 0
transfer(epoch3,node1): 0




=== State Orbit 2 =====================
size : 2
repr state: 00101000100100101111011100110001001010000001000000001000
lex min decimal: 0x2892f731281008
states:
00101000100100101111011100110001001010000001000000001000
10000010010100011111011100110001000101000001000000001000

State 0:
ep(node0): epoch2
ep(node1): epoch0
first: node0
held(node0): 1
held(node1): 0
locked(epoch0,node0): 0
locked(epoch0,node1): 0
locked(epoch1,node0): 1
locked(epoch1,node1): 0
locked(epoch2,node0): 1
locked(epoch2,node1): 0
locked(epoch3,node0): 0
locked(epoch3,node1): 0
transfer(epoch0,node0): 0
transfer(epoch0,node1): 0
transfer(epoch1,node0): 0
transfer(epoch1,node1): 0
transfer(epoch2,node0): 0
transfer(epoch2,node1): 0
transfer(epoch3,node0): 0
transfer(epoch3,node1): 0

State 1:
ep(node0): epoch0
ep(node1): epoch2
first: node1
held(node0): 0
held(node1): 1
locked(epoch0,node0): 0
locked(epoch0,node1): 0
locked(epoch1,node0): 0
locked(epoch1,node1): 1
locked(epoch2,node0): 0
locked(epoch2,node1): 1
locked(epoch3,node0): 0
locked(epoch3,node1): 0
transfer(epoch0,node0): 0
transfer(epoch0,node1): 0
transfer(epoch1,node0): 0
transfer(epoch1,node1): 0
transfer(epoch2,node0): 0
transfer(epoch2,node1): 0
transfer(epoch3,node0): 0
transfer(epoch3,node1): 0




=== State Orbit 3 =====================
size : 2
repr state: 00101000100100001111011100110001001010000001000000101000
lex min decimal: 0x2890f731281028
states:
00101000100100001111011100110001001010000001000000101000
10000010010100001111011100110001000101000001000000011000

State 0:
ep(node0): epoch2
ep(node1): epoch0
first: node0
held(node0): 0
held(node1): 0
locked(epoch0,node0): 0
locked(epoch0,node1): 0
locked(epoch1,node0): 1
locked(epoch1,node1): 0
locked(epoch2,node0): 1
locked(epoch2,node1): 0
locked(epoch3,node0): 0
locked(epoch3,node1): 0
transfer(epoch0,node0): 0
transfer(epoch0,node1): 0
transfer(epoch1,node0): 0
transfer(epoch1,node1): 0
transfer(epoch2,node0): 0
transfer(epoch2,node1): 0
transfer(epoch3,node0): 1
transfer(epoch3,node1): 0

State 1:
ep(node0): epoch0
ep(node1): epoch2
first: node1
held(node0): 0
held(node1): 0
locked(epoch0,node0): 0
locked(epoch0,node1): 0
locked(epoch1,node0): 0
locked(epoch1,node1): 1
locked(epoch2,node0): 0
locked(epoch2,node1): 1
locked(epoch3,node0): 0
locked(epoch3,node1): 0
transfer(epoch0,node0): 0
transfer(epoch0,node1): 0
transfer(epoch1,node0): 0
transfer(epoch1,node1): 0
transfer(epoch2,node0): 0
transfer(epoch2,node1): 0
transfer(epoch3,node0): 0
transfer(epoch3,node1): 1




=== State Orbit 4 =====================
size : 2
repr state: 00011000100100101111011100110001001010100001000000001000
lex min decimal: 0x1892f7312a1008
states:
00011000100100101111011100110001001010100001000000001000
10000001010100011111011100110001000101010001000000001000

State 0:
ep(node0): epoch3
ep(node1): epoch0
first: node0
held(node0): 1
held(node1): 0
locked(epoch0,node0): 0
locked(epoch0,node1): 0
locked(epoch1,node0): 1
locked(epoch1,node1): 0
locked(epoch2,node0): 1
locked(epoch2,node1): 0
locked(epoch3,node0): 1
locked(epoch3,node1): 0
transfer(epoch0,node0): 0
transfer(epoch0,node1): 0
transfer(epoch1,node0): 0
transfer(epoch1,node1): 0
transfer(epoch2,node0): 0
transfer(epoch2,node1): 0
transfer(epoch3,node0): 0
transfer(epoch3,node1): 0

State 1:
ep(node0): epoch0
ep(node1): epoch3
first: node1
held(node0): 0
held(node1): 1
locked(epoch0,node0): 0
locked(epoch0,node1): 0
locked(epoch1,node0): 0
locked(epoch1,node1): 1
locked(epoch2,node0): 0
locked(epoch2,node1): 1
locked(epoch3,node0): 0
locked(epoch3,node1): 1
transfer(epoch0,node0): 0
transfer(epoch0,node1): 0
transfer(epoch1,node0): 0
transfer(epoch1,node1): 0
transfer(epoch2,node0): 0
transfer(epoch2,node1): 0
transfer(epoch3,node0): 0
transfer(epoch3,node1): 0




=== State Orbit 5 =====================
size : 2
repr state: 00101000100100001111011100110001001010000001000000011000
lex min decimal: 0x2890f731281018
states:
00101000100100001111011100110001001010000001000000011000
10000010010100001111011100110001000101000001000000101000

State 0:
ep(node0): epoch2
ep(node1): epoch0
first: node0
held(node0): 0
held(node1): 0
locked(epoch0,node0): 0
locked(epoch0,node1): 0
locked(epoch1,node0): 1
locked(epoch1,node1): 0
locked(epoch2,node0): 1
locked(epoch2,node1): 0
locked(epoch3,node0): 0
locked(epoch3,node1): 0
transfer(epoch0,node0): 0
transfer(epoch0,node1): 0
transfer(epoch1,node0): 0
transfer(epoch1,node1): 0
transfer(epoch2,node0): 0
transfer(epoch2,node1): 0
transfer(epoch3,node0): 0
transfer(epoch3,node1): 1

State 1:
ep(node0): epoch0
ep(node1): epoch2
first: node1
held(node0): 0
held(node1): 0
locked(epoch0,node0): 0
locked(epoch0,node1): 0
locked(epoch1,node0): 0
locked(epoch1,node1): 1
locked(epoch2,node0): 0
locked(epoch2,node1): 1
locked(epoch3,node0): 0
locked(epoch3,node1): 0
transfer(epoch0,node0): 0
transfer(epoch0,node1): 0
transfer(epoch1,node0): 0
transfer(epoch1,node1): 0
transfer(epoch2,node0): 0
transfer(epoch2,node1): 0
transfer(epoch3,node0): 1
transfer(epoch3,node1): 0




=== State Orbit 6 =====================
size : 2
repr state: 00100001100100011111011100110001001010010001000000001000
lex min decimal: 0x1252f731161008
states:
00100001100100011111011100110001001010010001000000001000
00010010010100101111011100110001000101100001000000001000

State 0:
ep(node0): epoch2
ep(node1): epoch3
first: node0
held(node0): 0
held(node1): 1
locked(epoch0,node0): 0
locked(epoch0,node1): 0
locked(epoch1,node0): 1
locked(epoch1,node1): 0
locked(epoch2,node0): 1
locked(epoch2,node1): 0
locked(epoch3,node0): 0
locked(epoch3,node1): 1
transfer(epoch0,node0): 0
transfer(epoch0,node1): 0
transfer(epoch1,node0): 0
transfer(epoch1,node1): 0
transfer(epoch2,node0): 0
transfer(epoch2,node1): 0
transfer(epoch3,node0): 0
transfer(epoch3,node1): 0

State 1:
ep(node0): epoch3
ep(node1): epoch2
first: node1
held(node0): 1
held(node1): 0
locked(epoch0,node0): 0
locked(epoch0,node1): 0
locked(epoch1,node0): 0
locked(epoch1,node1): 1
locked(epoch2,node0): 0
locked(epoch2,node1): 1
locked(epoch3,node0): 1
locked(epoch3,node1): 0
transfer(epoch0,node0): 0
transfer(epoch0,node1): 0
transfer(epoch1,node0): 0
transfer(epoch1,node1): 0
transfer(epoch2,node0): 0
transfer(epoch2,node1): 0
transfer(epoch3,node0): 0
transfer(epoch3,node1): 0




=== State Orbit 7 =====================
size : 2
repr state: 01001000100100001111011100110001001000000001000000101000
lex min decimal: 0x4890f731201028
states:
01001000100100001111011100110001001000000001000000101000
10000100010100001111011100110001000100000001000000011000

State 0:
ep(node0): epoch1
ep(node1): epoch0
first: node0
held(node0): 0
held(node1): 0
locked(epoch0,node0): 0
locked(epoch0,node1): 0
locked(epoch1,node0): 1
locked(epoch1,node1): 0
locked(epoch2,node0): 0
locked(epoch2,node1): 0
locked(epoch3,node0): 0
locked(epoch3,node1): 0
transfer(epoch0,node0): 0
transfer(epoch0,node1): 0
transfer(epoch1,node0): 0
transfer(epoch1,node1): 0
transfer(epoch2,node0): 0
transfer(epoch2,node1): 0
transfer(epoch3,node0): 1
transfer(epoch3,node1): 0

State 1:
ep(node0): epoch0
ep(node1): epoch1
first: node1
held(node0): 0
held(node1): 0
locked(epoch0,node0): 0
locked(epoch0,node1): 0
locked(epoch1,node0): 0
locked(epoch1,node1): 1
locked(epoch2,node0): 0
locked(epoch2,node1): 0
locked(epoch3,node0): 0
locked(epoch3,node1): 0
transfer(epoch0,node0): 0
transfer(epoch0,node1): 0
transfer(epoch1,node0): 0
transfer(epoch1,node1): 0
transfer(epoch2,node0): 0
transfer(epoch2,node1): 0
transfer(epoch3,node0): 0
transfer(epoch3,node1): 1




=== State Orbit 8 =====================
size : 2
repr state: 00011000100100101111011100110001001000100001000000001000
lex min decimal: 0x1892f731221008
states:
00011000100100101111011100110001001000100001000000001000
10000001010100011111011100110001000100010001000000001000

State 0:
ep(node0): epoch3
ep(node1): epoch0
first: node0
held(node0): 1
held(node1): 0
locked(epoch0,node0): 0
locked(epoch0,node1): 0
locked(epoch1,node0): 1
locked(epoch1,node1): 0
locked(epoch2,node0): 0
locked(epoch2,node1): 0
locked(epoch3,node0): 1
locked(epoch3,node1): 0
transfer(epoch0,node0): 0
transfer(epoch0,node1): 0
transfer(epoch1,node0): 0
transfer(epoch1,node1): 0
transfer(epoch2,node0): 0
transfer(epoch2,node1): 0
transfer(epoch3,node0): 0
transfer(epoch3,node1): 0

State 1:
ep(node0): epoch0
ep(node1): epoch3
first: node1
held(node0): 0
held(node1): 1
locked(epoch0,node0): 0
locked(epoch0,node1): 0
locked(epoch1,node0): 0
locked(epoch1,node1): 1
locked(epoch2,node0): 0
locked(epoch2,node1): 0
locked(epoch3,node0): 0
locked(epoch3,node1): 1
transfer(epoch0,node0): 0
transfer(epoch0,node1): 0
transfer(epoch1,node0): 0
transfer(epoch1,node1): 0
transfer(epoch2,node0): 0
transfer(epoch2,node1): 0
transfer(epoch3,node0): 0
transfer(epoch3,node1): 0




=== State Orbit 9 =====================
size : 2
repr state: 01001000100100001111011100110001001000000001000001001000
lex min decimal: 0x4890f731201048
states:
01001000100100001111011100110001001000000001000001001000
10000100010100001111011100110001000100000001000010001000

State 0:
ep(node0): epoch1
ep(node1): epoch0
first: node0
held(node0): 0
held(node1): 0
locked(epoch0,node0): 0
locked(epoch0,node1): 0
locked(epoch1,node0): 1
locked(epoch1,node1): 0
locked(epoch2,node0): 0
locked(epoch2,node1): 0
locked(epoch3,node0): 0
locked(epoch3,node1): 0
transfer(epoch0,node0): 0
transfer(epoch0,node1): 0
transfer(epoch1,node0): 0
transfer(epoch1,node1): 0
transfer(epoch2,node0): 0
transfer(epoch2,node1): 1
transfer(epoch3,node0): 0
transfer(epoch3,node1): 0

State 1:
ep(node0): epoch0
ep(node1): epoch1
first: node1
held(node0): 0
held(node1): 0
locked(epoch0,node0): 0
locked(epoch0,node1): 0
locked(epoch1,node0): 0
locked(epoch1,node1): 1
locked(epoch2,node0): 0
locked(epoch2,node1): 0
locked(epoch3,node0): 0
locked(epoch3,node1): 0
transfer(epoch0,node0): 0
transfer(epoch0,node1): 0
transfer(epoch1,node0): 0
transfer(epoch1,node1): 0
transfer(epoch2,node0): 1
transfer(epoch2,node1): 0
transfer(epoch3,node0): 0
transfer(epoch3,node1): 0




=== State Orbit 10 =====================
size : 2
repr state: 01000010100100011111011100110001001001000001000000001000
lex min decimal: 0x2452f731181008
states:
01000010100100011111011100110001001001000001000000001000
00100100010100101111011100110001000110000001000000001000

State 0:
ep(node0): epoch1
ep(node1): epoch2
first: node0
held(node0): 0
held(node1): 1
locked(epoch0,node0): 0
locked(epoch0,node1): 0
locked(epoch1,node0): 1
locked(epoch1,node1): 0
locked(epoch2,node0): 0
locked(epoch2,node1): 1
locked(epoch3,node0): 0
locked(epoch3,node1): 0
transfer(epoch0,node0): 0
transfer(epoch0,node1): 0
transfer(epoch1,node0): 0
transfer(epoch1,node1): 0
transfer(epoch2,node0): 0
transfer(epoch2,node1): 0
transfer(epoch3,node0): 0
transfer(epoch3,node1): 0

State 1:
ep(node0): epoch2
ep(node1): epoch1
first: node1
held(node0): 1
held(node1): 0
locked(epoch0,node0): 0
locked(epoch0,node1): 0
locked(epoch1,node0): 0
locked(epoch1,node1): 1
locked(epoch2,node0): 1
locked(epoch2,node1): 0
locked(epoch3,node0): 0
locked(epoch3,node1): 0
transfer(epoch0,node0): 0
transfer(epoch0,node1): 0
transfer(epoch1,node0): 0
transfer(epoch1,node1): 0
transfer(epoch2,node0): 0
transfer(epoch2,node1): 0
transfer(epoch3,node0): 0
transfer(epoch3,node1): 0




=== State Orbit 11 =====================
size : 2
repr state: 01000010100100001111011100110001001001000001000000101000
lex min decimal: 0x2450f731181018
states:
01000010100100001111011100110001001001000001000000101000
00100100010100001111011100110001000110000001000000011000

State 0:
ep(node0): epoch1
ep(node1): epoch2
first: node0
held(node0): 0
held(node1): 0
locked(epoch0,node0): 0
locked(epoch0,node1): 0
locked(epoch1,node0): 1
locked(epoch1,node1): 0
locked(epoch2,node0): 0
locked(epoch2,node1): 1
locked(epoch3,node0): 0
locked(epoch3,node1): 0
transfer(epoch0,node0): 0
transfer(epoch0,node1): 0
transfer(epoch1,node0): 0
transfer(epoch1,node1): 0
transfer(epoch2,node0): 0
transfer(epoch2,node1): 0
transfer(epoch3,node0): 1
transfer(epoch3,node1): 0

State 1:
ep(node0): epoch2
ep(node1): epoch1
first: node1
held(node0): 0
held(node1): 0
locked(epoch0,node0): 0
locked(epoch0,node1): 0
locked(epoch1,node0): 0
locked(epoch1,node1): 1
locked(epoch2,node0): 1
locked(epoch2,node1): 0
locked(epoch3,node0): 0
locked(epoch3,node1): 0
transfer(epoch0,node0): 0
transfer(epoch0,node1): 0
transfer(epoch1,node0): 0
transfer(epoch1,node1): 0
transfer(epoch2,node0): 0
transfer(epoch2,node1): 0
transfer(epoch3,node0): 0
transfer(epoch3,node1): 1




=== State Orbit 12 =====================
size : 2
repr state: 00010010100100101111011100110001001001100001000000001000
lex min decimal: 0x1292f731261008
states:
00010010100100101111011100110001001001100001000000001000
00100001010100011111011100110001000110010001000000001000

State 0:
ep(node0): epoch3
ep(node1): epoch2
first: node0
held(node0): 1
held(node1): 0
locked(epoch0,node0): 0
locked(epoch0,node1): 0
locked(epoch1,node0): 1
locked(epoch1,node1): 0
locked(epoch2,node0): 0
locked(epoch2,node1): 1
locked(epoch3,node0): 1
locked(epoch3,node1): 0
transfer(epoch0,node0): 0
transfer(epoch0,node1): 0
transfer(epoch1,node0): 0
transfer(epoch1,node1): 0
transfer(epoch2,node0): 0
transfer(epoch2,node1): 0
transfer(epoch3,node0): 0
transfer(epoch3,node1): 0

State 1:
ep(node0): epoch2
ep(node1): epoch3
first: node1
held(node0): 0
held(node1): 1
locked(epoch0,node0): 0
locked(epoch0,node1): 0
locked(epoch1,node0): 0
locked(epoch1,node1): 1
locked(epoch2,node0): 1
locked(epoch2,node1): 0
locked(epoch3,node0): 0
locked(epoch3,node1): 1
transfer(epoch0,node0): 0
transfer(epoch0,node1): 0
transfer(epoch1,node0): 0
transfer(epoch1,node1): 0
transfer(epoch2,node0): 0
transfer(epoch2,node1): 0
transfer(epoch3,node0): 0
transfer(epoch3,node1): 0




=== State Orbit 13 =====================
size : 2
repr state: 01000010100100001111011100110001001001000001000000011000
lex min decimal: 0x2450f731181028
states:
01000010100100001111011100110001001001000001000000011000
00100100010100001111011100110001000110000001000000101000

State 0:
ep(node0): epoch1
ep(node1): epoch2
first: node0
held(node0): 0
held(node1): 0
locked(epoch0,node0): 0
locked(epoch0,node1): 0
locked(epoch1,node0): 1
locked(epoch1,node1): 0
locked(epoch2,node0): 0
locked(epoch2,node1): 1
locked(epoch3,node0): 0
locked(epoch3,node1): 0
transfer(epoch0,node0): 0
transfer(epoch0,node1): 0
transfer(epoch1,node0): 0
transfer(epoch1,node1): 0
transfer(epoch2,node0): 0
transfer(epoch2,node1): 0
transfer(epoch3,node0): 0
transfer(epoch3,node1): 1

State 1:
ep(node0): epoch2
ep(node1): epoch1
first: node1
held(node0): 0
held(node1): 0
locked(epoch0,node0): 0
locked(epoch0,node1): 0
locked(epoch1,node0): 0
locked(epoch1,node1): 1
locked(epoch2,node0): 1
locked(epoch2,node1): 0
locked(epoch3,node0): 0
locked(epoch3,node1): 0
transfer(epoch0,node0): 0
transfer(epoch0,node1): 0
transfer(epoch1,node0): 0
transfer(epoch1,node1): 0
transfer(epoch2,node0): 0
transfer(epoch2,node1): 0
transfer(epoch3,node0): 1
transfer(epoch3,node1): 0




=== State Orbit 14 =====================
size : 2
repr state: 01000001100100011111011100110001001001010001000000001000
lex min decimal: 0x1452f7311a1008
states:
01000001100100011111011100110001001001010001000000001000
00010100010100101111011100110001000110100001000000001000

State 0:
ep(node0): epoch1
ep(node1): epoch3
first: node0
held(node0): 0
held(node1): 1
locked(epoch0,node0): 0
locked(epoch0,node1): 0
locked(epoch1,node0): 1
locked(epoch1,node1): 0
locked(epoch2,node0): 0
locked(epoch2,node1): 1
locked(epoch3,node0): 0
locked(epoch3,node1): 1
transfer(epoch0,node0): 0
transfer(epoch0,node1): 0
transfer(epoch1,node0): 0
transfer(epoch1,node1): 0
transfer(epoch2,node0): 0
transfer(epoch2,node1): 0
transfer(epoch3,node0): 0
transfer(epoch3,node1): 0

State 1:
ep(node0): epoch3
ep(node1): epoch1
first: node1
held(node0): 1
held(node1): 0
locked(epoch0,node0): 0
locked(epoch0,node1): 0
locked(epoch1,node0): 0
locked(epoch1,node1): 1
locked(epoch2,node0): 1
locked(epoch2,node1): 0
locked(epoch3,node0): 1
locked(epoch3,node1): 0
transfer(epoch0,node0): 0
transfer(epoch0,node1): 0
transfer(epoch1,node0): 0
transfer(epoch1,node1): 0
transfer(epoch2,node0): 0
transfer(epoch2,node1): 0
transfer(epoch3,node0): 0
transfer(epoch3,node1): 0




=== State Orbit 15 =====================
size : 2
repr state: 01001000100100001111011100110001001000000001000000011000
lex min decimal: 0x4890f731201018
states:
01001000100100001111011100110001001000000001000000011000
10000100010100001111011100110001000100000001000000101000

State 0:
ep(node0): epoch1
ep(node1): epoch0
first: node0
held(node0): 0
held(node1): 0
locked(epoch0,node0): 0
locked(epoch0,node1): 0
locked(epoch1,node0): 1
locked(epoch1,node1): 0
locked(epoch2,node0): 0
locked(epoch2,node1): 0
locked(epoch3,node0): 0
locked(epoch3,node1): 0
transfer(epoch0,node0): 0
transfer(epoch0,node1): 0
transfer(epoch1,node0): 0
transfer(epoch1,node1): 0
transfer(epoch2,node0): 0
transfer(epoch2,node1): 0
transfer(epoch3,node0): 0
transfer(epoch3,node1): 1

State 1:
ep(node0): epoch0
ep(node1): epoch1
first: node1
held(node0): 0
held(node1): 0
locked(epoch0,node0): 0
locked(epoch0,node1): 0
locked(epoch1,node0): 0
locked(epoch1,node1): 1
locked(epoch2,node0): 0
locked(epoch2,node1): 0
locked(epoch3,node0): 0
locked(epoch3,node1): 0
transfer(epoch0,node0): 0
transfer(epoch0,node1): 0
transfer(epoch1,node0): 0
transfer(epoch1,node1): 0
transfer(epoch2,node0): 0
transfer(epoch2,node1): 0
transfer(epoch3,node0): 1
transfer(epoch3,node1): 0




=== State Orbit 16 =====================
size : 2
repr state: 01000001100100011111011100110001001000010001000000001000
lex min decimal: 0x1452f731121008
states:
01000001100100011111011100110001001000010001000000001000
00010100010100101111011100110001000100100001000000001000

State 0:
ep(node0): epoch1
ep(node1): epoch3
first: node0
held(node0): 0
held(node1): 1
locked(epoch0,node0): 0
locked(epoch0,node1): 0
locked(epoch1,node0): 1
locked(epoch1,node1): 0
locked(epoch2,node0): 0
locked(epoch2,node1): 0
locked(epoch3,node0): 0
locked(epoch3,node1): 1
transfer(epoch0,node0): 0
transfer(epoch0,node1): 0
transfer(epoch1,node0): 0
transfer(epoch1,node1): 0
transfer(epoch2,node0): 0
transfer(epoch2,node1): 0
transfer(epoch3,node0): 0
transfer(epoch3,node1): 0

State 1:
ep(node0): epoch3
ep(node1): epoch1
first: node1
held(node0): 1
held(node1): 0
locked(epoch0,node0): 0
locked(epoch0,node1): 0
locked(epoch1,node0): 0
locked(epoch1,node1): 1
locked(epoch2,node0): 0
locked(epoch2,node1): 0
locked(epoch3,node0): 1
locked(epoch3,node1): 0
transfer(epoch0,node0): 0
transfer(epoch0,node1): 0
transfer(epoch1,node0): 0
transfer(epoch1,node1): 0
transfer(epoch2,node0): 0
transfer(epoch2,node1): 0
transfer(epoch3,node0): 0
transfer(epoch3,node1): 0



[QRM NOTE]: Time elapsed since start: 6.913 seconds

[QRM NOTE]: Time elapsed since last: 0.187 seconds

[QRM NOTE]: Peak memory: 513724 bytes


======================================

	Reduce Equivalent Atoms

======================================

[FW NOTE]: equivalent atoms

	firste = epoch0: ['max = epoch0']

	firste = epoch2: ['max = epoch2', 'zero = epoch2']

	firste = epoch3: ['zero = epoch3']

	locked(epoch0,node0): ['transfer(epoch0,node0)']

	locked(epoch0,node1): ['transfer(epoch0,node1)']

	max = epoch1: ['zero = epoch1']

[FW NOTE]: complement atoms

[FW NOTE]: remove_atom_ids: {40, 42, 44, 45, 53, 54, 55}

[QRM NOTE]: Time elapsed since start: 6.930 seconds

[QRM NOTE]: Time elapsed since last: 0.016 seconds

[QRM NOTE]: Peak memory: 526178 bytes


===========================================================================================================

	[PRIME]: Prime Orbit Generatation on [ivybench/sym/ivy/distributed_lock.ivy: node=2,epoch=4]

===========================================================================================================


======================================================================================================

	[PRIME RESULT]: Prime Orbits on [ivybench/sym/ivy/distributed_lock.ivy: node=2,epoch=4]

======================================================================================================

Ivy defintions:

=== Prime Orbit 0 =====================
size : 1
num_suborbits: 1
0 (*) : ----------------------------------------------------0---
0     : ['~(zero=epoch0)']
num_forall :   0
num_exists :   0
num_literals : 0
quantified form : None
qcost : 0


=== Prime Orbit 1 =====================
size : 3
num_suborbits: 3
1 (*) : ----------1---------------------------------------------
1     : ['(firste=epoch0)']
3 (*) : ------------1-------------------------------------------
3     : ['(firste=epoch2)']
4 (*) : -------------1------------------------------------------
4     : ['(firste=epoch3)']
num_forall :   0
num_exists :   0
num_literals : 0
quantified form : None
qcost : 0


=== Prime Orbit 2 =====================
size : 1
num_suborbits: 1
2 (*) : -----------0--------------------------------------------
2     : ['~(firste=epoch1)']
num_forall :   0
num_exists :   0
num_literals : 0
quantified form : None
qcost : 0


=== Prime Orbit 3 =====================
size : 10
num_suborbits: 10
5 (*) : ----------------0---------------------------------------
5     : ['~le(epoch0,epoch0)']
6 (*) : -----------------0--------------------------------------
6     : ['~le(epoch0,epoch1)']
7 (*) : ------------------0-------------------------------------
7     : ['~le(epoch0,epoch2)']
8 (*) : -------------------0------------------------------------
8     : ['~le(epoch0,epoch3)']
10 (*) : ---------------------0----------------------------------
10     : ['~le(epoch1,epoch1)']
11 (*) : ----------------------0---------------------------------
11     : ['~le(epoch1,epoch2)']
12 (*) : -----------------------0--------------------------------
12     : ['~le(epoch1,epoch3)']
15 (*) : --------------------------0-----------------------------
15     : ['~le(epoch2,epoch2)']
16 (*) : ---------------------------0----------------------------
16     : ['~le(epoch2,epoch3)']
20 (*) : -------------------------------0------------------------
20     : ['~le(epoch3,epoch3)']
num_forall :   0
num_exists :   0
num_literals : 0
quantified form : None
qcost : 0


=== Prime Orbit 4 =====================
size : 6
num_suborbits: 6
9 (*) : --------------------1-----------------------------------
9     : ['le(epoch1,epoch0)']
13 (*) : ------------------------1-------------------------------
13     : ['le(epoch2,epoch0)']
14 (*) : -------------------------1------------------------------
14     : ['le(epoch2,epoch1)']
17 (*) : ----------------------------1---------------------------
17     : ['le(epoch3,epoch0)']
18 (*) : -----------------------------1--------------------------
18     : ['le(epoch3,epoch1)']
19 (*) : ------------------------------1-------------------------
19     : ['le(epoch3,epoch2)']
num_forall :   0
num_exists :   0
num_literals : 0
quantified form : None
qcost : 0

Zero rules

=== Prime Orbit 5 =====================
size : 2
num_suborbits: 1
21 (*) : --------------------------------1-----------------------
21     : ['locked(epoch0,node0)']
22     : ---------------------------------1----------------------
22     : ['locked(epoch0,node1)']
num_forall :   0
num_exists :   0
num_literals : 0
quantified form : None
qcost : 0


=== Prime Orbit 6 =====================
size : 1
num_suborbits: 1
23 (*) : -----------------------------------------1--------------
23     : ['(max=epoch1)']
num_forall :   0
num_exists :   0
num_literals : 0
quantified form : None
qcost : 0


=== Prime Orbit 7 =====================
size : 1
num_suborbits: 1
24 (*) : -------------------------------------------0------------
24     : ['~(max=epoch3)']
num_forall :   0
num_exists :   0
num_literals : 0
quantified form : None
qcost : 0


=== Prime Orbit 8 =====================
size : 2
num_suborbits: 1
25 (*) : ----------------------------------------------1---------
25     : ['transfer(epoch1,node0)']
26     : -----------------------------------------------1--------
26     : ['transfer(epoch1,node1)']
num_forall :   0
num_exists :   0
num_literals : 0
quantified form : None
qcost : 0


=== Prime Orbit 9 =====================
size : 3
num_suborbits: 3
27 (*) : ----------------------------------11--------------------
27     : ['locked(epoch1,node0)', 'locked(epoch1,node1)']
29 (*) : ------------------------------------11------------------
29     : ['locked(epoch2,node0)', 'locked(epoch2,node1)']
116 (*) : --------------------------------------11----------------
116     : ['locked(epoch3,node0)', 'locked(epoch3,node1)']
num_forall :   0
num_exists :   0
num_literals : 0
quantified form : None
qcost : 0


=== Prime Orbit 10 =====================
size : 1
num_suborbits: 1
28 (*) : ----------------------------------00--------------------
28     : ['~locked(epoch1,node0)', '~locked(epoch1,node1)']
num_forall :   0
num_exists :   0
num_literals : 0
quantified form : None
qcost : 0


=== Prime Orbit 11 =====================
size : 12
num_suborbits: 6
30 (*) : ---------------------------------------1-----------1----
30     : ['locked(epoch3,node1)', 'transfer(epoch3,node1)']
31     : --------------------------------------1-----------1-----
31     : ['locked(epoch3,node0)', 'transfer(epoch3,node0)']
71 (*) : ---------------------------------------1----------1-----
71     : ['locked(epoch3,node1)', 'transfer(epoch3,node0)']
72     : --------------------------------------1------------1----
72     : ['locked(epoch3,node0)', 'transfer(epoch3,node1)']
121 (*) : --------------------------------------1----------1------
121     : ['locked(epoch3,node0)', 'transfer(epoch2,node1)']
122     : ---------------------------------------1--------1-------
122     : ['locked(epoch3,node1)', 'transfer(epoch2,node0)']
123 (*) : ------------------------------------1------------1------
123     : ['locked(epoch2,node0)', 'transfer(epoch2,node1)']
124     : -------------------------------------1----------1-------
124     : ['locked(epoch2,node1)', 'transfer(epoch2,node0)']
131 (*) : -------------------------------------1-----------1------
131     : ['locked(epoch2,node1)', 'transfer(epoch2,node1)']
132     : ------------------------------------1-----------1-------
132     : ['locked(epoch2,node0)', 'transfer(epoch2,node0)']
135 (*) : ---------------------------------------1---------1------
135     : ['locked(epoch3,node1)', 'transfer(epoch2,node1)']
136     : --------------------------------------1---------1-------
136     : ['locked(epoch3,node0)', 'transfer(epoch2,node0)']
num_forall :   0
num_exists :   0
num_literals : 0
quantified form : None
qcost : 0


=== Prime Orbit 12 =====================
size : 8
num_suborbits: 4
32 (*) : ---------------1-----------------------------------1----
32     : ['held(node1)', 'transfer(epoch3,node1)']
33     : --------------1-----------------------------------1-----
33     : ['held(node0)', 'transfer(epoch3,node0)']
34 (*) : --------------1------------------------------------1----
34     : ['held(node0)', 'transfer(epoch3,node1)']
35     : ---------------1----------------------------------1-----
35     : ['held(node1)', 'transfer(epoch3,node0)']
119 (*) : --------------1----------------------------------1------
119     : ['held(node0)', 'transfer(epoch2,node1)']
120     : ---------------1--------------------------------1-------
120     : ['held(node1)', 'transfer(epoch2,node0)']
129 (*) : ---------------1---------------------------------1------
129     : ['held(node1)', 'transfer(epoch2,node1)']
130     : --------------1---------------------------------1-------
130     : ['held(node0)', 'transfer(epoch2,node0)']
num_forall :   0
num_exists :   0
num_literals : 0
quantified form : None
qcost : 0


=== Prime Orbit 13 =====================
size : 1
num_suborbits: 1
36 (*) : --------------11----------------------------------------
36     : ['held(node0)', 'held(node1)']
num_forall :   0
num_exists :   0
num_literals : 0
quantified form : None
qcost : 0


=== Prime Orbit 14 =====================
size : 2
num_suborbits: 1
37 (*) : --------------1------------------------1----------------
37     : ['held(node0)', 'locked(epoch3,node1)']
38     : ---------------1----------------------1-----------------
38     : ['held(node1)', 'locked(epoch3,node0)']
num_forall :   0
num_exists :   0
num_literals : 0
quantified form : None
qcost : 0


=== Prime Orbit 15 =====================
size : 2
num_suborbits: 1
39 (*) : ---------------0-----------------------1----------------
39     : ['locked(epoch3,node1)', '~held(node1)']
40     : --------------0-----------------------1-----------------
40     : ['locked(epoch3,node0)', '~held(node0)']
num_forall :   0
num_exists :   0
num_literals : 0
quantified form : None
qcost : 0


=== Prime Orbit 16 =====================
size : 1
num_suborbits: 1
41 (*) : --------11----------------------------------------------
41     : ['(first=node0)', '(first=node1)']
num_forall :   0
num_exists :   0
num_literals : 0
quantified form : None
qcost : 0


=== Prime Orbit 17 =====================
size : 1
num_suborbits: 1
42 (*) : --------00----------------------------------------------
42     : ['~(first=node0)', '~(first=node1)']
num_forall :   0
num_exists :   0
num_literals : 0
quantified form : None
qcost : 0


=== Prime Orbit 18 =====================
size : 2
num_suborbits: 1
43 (*) : ---------0------------------------0---------------------
43     : ['~(first=node1)', '~locked(epoch1,node0)']
44     : --------0--------------------------0--------------------
44     : ['~(first=node0)', '~locked(epoch1,node1)']
num_forall :   0
num_exists :   0
num_literals : 0
quantified form : None
qcost : 0


=== Prime Orbit 19 =====================
size : 2
num_suborbits: 1
45 (*) : --------0-------------------------1---------------------
45     : ['locked(epoch1,node0)', '~(first=node0)']
46     : ---------0-------------------------1--------------------
46     : ['locked(epoch1,node1)', '~(first=node1)']
num_forall :   0
num_exists :   0
num_literals : 0
quantified form : None
qcost : 0


=== Prime Orbit 20 =====================
size : 2
num_suborbits: 1
47 (*) : ---------1------------------------1---------------------
47     : ['(first=node1)', 'locked(epoch1,node0)']
48     : --------1--------------------------1--------------------
48     : ['(first=node0)', 'locked(epoch1,node1)']
num_forall :   0
num_exists :   0
num_literals : 0
quantified form : None
qcost : 0


=== Prime Orbit 21 =====================
size : 2
num_suborbits: 1
49 (*) : --------1-------------------------0---------------------
49     : ['(first=node0)', '~locked(epoch1,node0)']
50     : ---------1-------------------------0--------------------
50     : ['(first=node1)', '~locked(epoch1,node1)']
num_forall :   0
num_exists :   0
num_literals : 0
quantified form : None
qcost : 0


=== Prime Orbit 22 =====================
size : 18
num_suborbits: 9
51 (*) : -1---------------------------------1--------------------
51     : ['(ep(node0)=epoch1)', 'locked(epoch1,node1)']
52     : -----1----------------------------1---------------------
52     : ['(ep(node1)=epoch1)', 'locked(epoch1,node0)']
53 (*) : 1---------------------------------1---------------------
53     : ['(ep(node0)=epoch0)', 'locked(epoch1,node0)']
54     : ----1------------------------------1--------------------
54     : ['(ep(node1)=epoch0)', 'locked(epoch1,node1)']
84 (*) : ---1-----------------------------------1----------------
84     : ['(ep(node0)=epoch3)', 'locked(epoch3,node1)']
85     : -------1------------------------------1-----------------
85     : ['(ep(node1)=epoch3)', 'locked(epoch3,node0)']
90 (*) : -1----------------------------------1-------------------
90     : ['(ep(node0)=epoch1)', 'locked(epoch2,node0)']
91     : -----1-------------------------------1------------------
91     : ['(ep(node1)=epoch1)', 'locked(epoch2,node1)']
92 (*) : 1-----------------------------------1-------------------
92     : ['(ep(node0)=epoch0)', 'locked(epoch2,node0)']
93     : ----1--------------------------------1------------------
93     : ['(ep(node1)=epoch0)', 'locked(epoch2,node1)']
100 (*) : --1----------------------------------1------------------
100     : ['(ep(node0)=epoch2)', 'locked(epoch2,node1)']
101     : ------1-----------------------------1-------------------
101     : ['(ep(node1)=epoch2)', 'locked(epoch2,node0)']
110 (*) : -----1---------------------------------1----------------
110     : ['(ep(node1)=epoch1)', 'locked(epoch3,node1)']
111     : -1------------------------------------1-----------------
111     : ['(ep(node0)=epoch1)', 'locked(epoch3,node0)']
112 (*) : ------1--------------------------------1----------------
112     : ['(ep(node1)=epoch2)', 'locked(epoch3,node1)']
113     : --1-----------------------------------1-----------------
113     : ['(ep(node0)=epoch2)', 'locked(epoch3,node0)']
114 (*) : ----1----------------------------------1----------------
114     : ['(ep(node1)=epoch0)', 'locked(epoch3,node1)']
115     : 1-------------------------------------1-----------------
115     : ['(ep(node0)=epoch0)', 'locked(epoch3,node0)']
num_forall :   0
num_exists :   0
num_literals : 0
quantified form : None
qcost : 0


=== Prime Orbit 23 =====================
size : 8
num_suborbits: 4
55 (*) : 1----------------------------------0--------------------
55     : ['(ep(node0)=epoch0)', '~locked(epoch1,node1)']
56     : ----1-----------------------------0---------------------
56     : ['(ep(node1)=epoch0)', '~locked(epoch1,node0)']
61 (*) : -1--------------------------------0---------------------
61     : ['(ep(node0)=epoch1)', '~locked(epoch1,node0)']
62     : -----1-----------------------------0--------------------
62     : ['(ep(node1)=epoch1)', '~locked(epoch1,node1)']
78 (*) : ---1----------------------------------0-----------------
78     : ['(ep(node0)=epoch3)', '~locked(epoch3,node0)']
79     : -------1-------------------------------0----------------
79     : ['(ep(node1)=epoch3)', '~locked(epoch3,node1)']
94 (*) : --1---------------------------------0-------------------
94     : ['(ep(node0)=epoch2)', '~locked(epoch2,node0)']
95     : ------1------------------------------0------------------
95     : ['(ep(node1)=epoch2)', '~locked(epoch2,node1)']
num_forall :   0
num_exists :   0
num_literals : 0
quantified form : None
qcost : 0


=== Prime Orbit 24 =====================
size : 4
num_suborbits: 2
57 (*) : 1--------0----------------------------------------------
57     : ['(ep(node0)=epoch0)', '~(first=node1)']
58     : ----1---0-----------------------------------------------
58     : ['(ep(node1)=epoch0)', '~(first=node0)']
63 (*) : -1------0-----------------------------------------------
63     : ['(ep(node0)=epoch1)', '~(first=node0)']
64     : -----1---0----------------------------------------------
64     : ['(ep(node1)=epoch1)', '~(first=node1)']
num_forall :   0
num_exists :   0
num_literals : 0
quantified form : None
qcost : 0


=== Prime Orbit 25 =====================
size : 4
num_suborbits: 2
59 (*) : 1-------1-----------------------------------------------
59     : ['(ep(node0)=epoch0)', '(first=node0)']
60     : ----1----1----------------------------------------------
60     : ['(ep(node1)=epoch0)', '(first=node1)']
65 (*) : -1-------1----------------------------------------------
65     : ['(ep(node0)=epoch1)', '(first=node1)']
66     : -----1--1-----------------------------------------------
66     : ['(ep(node1)=epoch1)', '(first=node0)']
num_forall :   0
num_exists :   0
num_literals : 0
quantified form : None
qcost : 0


=== Prime Orbit 26 =====================
size : 16
num_suborbits: 10
67 (*) : 11------------------------------------------------------
67     : ['(ep(node0)=epoch0)', '(ep(node0)=epoch1)']
68     : ----11--------------------------------------------------
68     : ['(ep(node1)=epoch0)', '(ep(node1)=epoch1)']
80 (*) : 1--1----------------------------------------------------
80     : ['(ep(node0)=epoch0)', '(ep(node0)=epoch3)']
81     : ----1--1------------------------------------------------
81     : ['(ep(node1)=epoch0)', '(ep(node1)=epoch3)']
82 (*) : -1-1----------------------------------------------------
82     : ['(ep(node0)=epoch1)', '(ep(node0)=epoch3)']
83     : -----1-1------------------------------------------------
83     : ['(ep(node1)=epoch1)', '(ep(node1)=epoch3)']
86 (*) : --11----------------------------------------------------
86     : ['(ep(node0)=epoch2)', '(ep(node0)=epoch3)']
87     : ------11------------------------------------------------
87     : ['(ep(node1)=epoch2)', '(ep(node1)=epoch3)']
96 (*) : -11-----------------------------------------------------
96     : ['(ep(node0)=epoch1)', '(ep(node0)=epoch2)']
97     : -----11-------------------------------------------------
97     : ['(ep(node1)=epoch1)', '(ep(node1)=epoch2)']
98 (*) : 1-1-----------------------------------------------------
98     : ['(ep(node0)=epoch0)', '(ep(node0)=epoch2)']
99     : ----1-1-------------------------------------------------
99     : ['(ep(node1)=epoch0)', '(ep(node1)=epoch2)']
104 (*) : ---1---1------------------------------------------------
104     : ['(ep(node0)=epoch3)', '(ep(node1)=epoch3)']
105 (*) : --1---1-------------------------------------------------
105     : ['(ep(node0)=epoch2)', '(ep(node1)=epoch2)']
106 (*) : -1---1--------------------------------------------------
106     : ['(ep(node0)=epoch1)', '(ep(node1)=epoch1)']
107 (*) : 1---1---------------------------------------------------
107     : ['(ep(node0)=epoch0)', '(ep(node1)=epoch0)']
num_forall :   0
num_exists :   0
num_literals : 0
quantified form : None
qcost : 0


=== Prime Orbit 27 =====================
size : 4
num_suborbits: 2
69 (*) : 1-------------1-----------------------------------------
69     : ['(ep(node0)=epoch0)', 'held(node0)']
70     : ----1----------1----------------------------------------
70     : ['(ep(node1)=epoch0)', 'held(node1)']
102 (*) : ---1-----------1----------------------------------------
102     : ['(ep(node0)=epoch3)', 'held(node1)']
103     : -------1------1-----------------------------------------
103     : ['(ep(node1)=epoch3)', 'held(node0)']
num_forall :   0
num_exists :   0
num_literals : 0
quantified form : None
qcost : 0


=== Prime Orbit 28 =====================
size : 6
num_suborbits: 4
73 (*) : --------------------------------------------------11----
73     : ['transfer(epoch3,node0)', 'transfer(epoch3,node1)']
137 (*) : -------------------------------------------------1-1----
137     : ['transfer(epoch2,node1)', 'transfer(epoch3,node1)']
138     : ------------------------------------------------1-1-----
138     : ['transfer(epoch2,node0)', 'transfer(epoch3,node0)']
139 (*) : -------------------------------------------------11-----
139     : ['transfer(epoch2,node1)', 'transfer(epoch3,node0)']
140     : ------------------------------------------------1--1----
140     : ['transfer(epoch2,node0)', 'transfer(epoch3,node1)']
141 (*) : ------------------------------------------------11------
141     : ['transfer(epoch2,node0)', 'transfer(epoch2,node1)']
num_forall :   0
num_exists :   0
num_literals : 0
quantified form : None
qcost : 0


=== Prime Orbit 29 =====================
size : 12
num_suborbits: 6
74 (*) : ---1----------------------------------------------1-----
74     : ['(ep(node0)=epoch3)', 'transfer(epoch3,node0)']
75     : -------1-------------------------------------------1----
75     : ['(ep(node1)=epoch3)', 'transfer(epoch3,node1)']
88 (*) : ---1-----------------------------------------------1----
88     : ['(ep(node0)=epoch3)', 'transfer(epoch3,node1)']
89     : -------1------------------------------------------1-----
89     : ['(ep(node1)=epoch3)', 'transfer(epoch3,node0)']
117 (*) : ---1---------------------------------------------1------
117     : ['(ep(node0)=epoch3)', 'transfer(epoch2,node1)']
118     : -------1----------------------------------------1-------
118     : ['(ep(node1)=epoch3)', 'transfer(epoch2,node0)']
125 (*) : -------1-----------------------------------------1------
125     : ['(ep(node1)=epoch3)', 'transfer(epoch2,node1)']
126     : ---1--------------------------------------------1-------
126     : ['(ep(node0)=epoch3)', 'transfer(epoch2,node0)']
127 (*) : --1----------------------------------------------1------
127     : ['(ep(node0)=epoch2)', 'transfer(epoch2,node1)']
128     : ------1-----------------------------------------1-------
128     : ['(ep(node1)=epoch2)', 'transfer(epoch2,node0)']
133 (*) : ------1------------------------------------------1------
133     : ['(ep(node1)=epoch2)', 'transfer(epoch2,node1)']
134     : --1---------------------------------------------1-------
134     : ['(ep(node0)=epoch2)', 'transfer(epoch2,node0)']
num_forall :   0
num_exists :   0
num_literals : 0
quantified form : None
qcost : 0


=== Prime Orbit 30 =====================
size : 2
num_suborbits: 1
76 (*) : ---1----------0-----------------------------------------
76     : ['(ep(node0)=epoch3)', '~held(node0)']
77     : -------1-------0----------------------------------------
77     : ['(ep(node1)=epoch3)', '~held(node1)']
num_forall :   0
num_exists :   0
num_literals : 0
quantified form : None
qcost : 0


=== Prime Orbit 31 =====================
size : 2
num_suborbits: 1
108 (*) : -------0-------------------------------1----------------
108     : ['locked(epoch3,node1)', '~(ep(node1)=epoch3)']
109     : ---0----------------------------------1-----------------
109     : ['locked(epoch3,node0)', '~(ep(node0)=epoch3)']
num_forall :   0
num_exists :   0
num_literals : 0
quantified form : None
qcost : 0


=== Prime Orbit 32 =====================
size : 8
num_suborbits: 4
142 (*) : 1----0------------------------------------------1-------
142     : ['(ep(node0)=epoch0)', 'transfer(epoch2,node0)', '~(ep(node1)=epoch1)']
143     : -0--1--------------------------------------------1------
143     : ['(ep(node1)=epoch0)', 'transfer(epoch2,node1)', '~(ep(node0)=epoch1)']
186 (*) : 0----1------------------------------------------1-------
186     : ['(ep(node1)=epoch1)', 'transfer(epoch2,node0)', '~(ep(node0)=epoch0)']
187     : -1--0--------------------------------------------1------
187     : ['(ep(node0)=epoch1)', 'transfer(epoch2,node1)', '~(ep(node1)=epoch0)']
208 (*) : -0--1-------------------------------------------1-------
208     : ['(ep(node1)=epoch0)', 'transfer(epoch2,node0)', '~(ep(node0)=epoch1)']
209     : 1----0-------------------------------------------1------
209     : ['(ep(node0)=epoch0)', 'transfer(epoch2,node1)', '~(ep(node1)=epoch1)']
218 (*) : -1--0-------------------------------------------1-------
218     : ['(ep(node0)=epoch1)', 'transfer(epoch2,node0)', '~(ep(node1)=epoch0)']
219     : 0----1-------------------------------------------1------
219     : ['(ep(node1)=epoch1)', 'transfer(epoch2,node1)', '~(ep(node0)=epoch0)']
num_forall :   0
num_exists :   0
num_literals : 0
quantified form : None
qcost : 0


=== Prime Orbit 33 =====================
size : 8
num_suborbits: 4
144 (*) : -0---0------------------------------------------1-------
144     : ['transfer(epoch2,node0)', '~(ep(node0)=epoch1)', '~(ep(node1)=epoch1)']
145     : -0---0-------------------------------------------1------
145     : ['transfer(epoch2,node1)', '~(ep(node0)=epoch1)', '~(ep(node1)=epoch1)']
152 (*) : ----00------------------------------------------1-------
152     : ['transfer(epoch2,node0)', '~(ep(node1)=epoch0)', '~(ep(node1)=epoch1)']
153     : 00-----------------------------------------------1------
153     : ['transfer(epoch2,node1)', '~(ep(node0)=epoch0)', '~(ep(node0)=epoch1)']
188 (*) : 0---0-------------------------------------------1-------
188     : ['transfer(epoch2,node0)', '~(ep(node0)=epoch0)', '~(ep(node1)=epoch0)']
189     : 0---0--------------------------------------------1------
189     : ['transfer(epoch2,node1)', '~(ep(node0)=epoch0)', '~(ep(node1)=epoch0)']
196 (*) : 00----------------------------------------------1-------
196     : ['transfer(epoch2,node0)', '~(ep(node0)=epoch0)', '~(ep(node0)=epoch1)']
197     : ----00-------------------------------------------1------
197     : ['transfer(epoch2,node1)', '~(ep(node1)=epoch0)', '~(ep(node1)=epoch1)']
num_forall :   0
num_exists :   0
num_literals : 0
quantified form : None
qcost : 0


=== Prime Orbit 34 =====================
size : 12
num_suborbits: 6
146 (*) : -----0-----------------------------1------------1-------
146     : ['locked(epoch1,node1)', 'transfer(epoch2,node0)', '~(ep(node1)=epoch1)']
147     : -0--------------------------------1--------------1------
147     : ['locked(epoch1,node0)', 'transfer(epoch2,node1)', '~(ep(node0)=epoch1)']
162 (*) : ------0------------------------------1------------1-----
162     : ['locked(epoch2,node1)', 'transfer(epoch3,node0)', '~(ep(node1)=epoch2)']
163     : --0---------------------------------1--------------1----
163     : ['locked(epoch2,node0)', 'transfer(epoch3,node1)', '~(ep(node0)=epoch2)']
184 (*) : --0---------------------------------1-------------1-----
184     : ['locked(epoch2,node0)', 'transfer(epoch3,node0)', '~(ep(node0)=epoch2)']
185     : ------0------------------------------1-------------1----
185     : ['locked(epoch2,node1)', 'transfer(epoch3,node1)', '~(ep(node1)=epoch2)']
194 (*) : 0----------------------------------1------------1-------
194     : ['locked(epoch1,node1)', 'transfer(epoch2,node0)', '~(ep(node0)=epoch0)']
195     : ----0-----------------------------1--------------1------
195     : ['locked(epoch1,node0)', 'transfer(epoch2,node1)', '~(ep(node1)=epoch0)']
200 (*) : -0--------------------------------1-------------1-------
200     : ['locked(epoch1,node0)', 'transfer(epoch2,node0)', '~(ep(node0)=epoch1)']
201     : -----0-----------------------------1-------------1------
201     : ['locked(epoch1,node1)', 'transfer(epoch2,node1)', '~(ep(node1)=epoch1)']
214 (*) : ----0-----------------------------1-------------1-------
214     : ['locked(epoch1,node0)', 'transfer(epoch2,node0)', '~(ep(node1)=epoch0)']
215     : 0----------------------------------1-------------1------
215     : ['locked(epoch1,node1)', 'transfer(epoch2,node1)', '~(ep(node0)=epoch0)']
num_forall :   0
num_exists :   0
num_literals : 0
quantified form : None
qcost : 0


=== Prime Orbit 35 =====================
size : 8
num_suborbits: 4
148 (*) : -----0----------------------------0-------------1-------
148     : ['transfer(epoch2,node0)', '~(ep(node1)=epoch1)', '~locked(epoch1,node0)']
149     : -0---------------------------------0-------------1------
149     : ['transfer(epoch2,node1)', '~(ep(node0)=epoch1)', '~locked(epoch1,node1)']
198 (*) : 0---------------------------------0-------------1-------
198     : ['transfer(epoch2,node0)', '~(ep(node0)=epoch0)', '~locked(epoch1,node0)']
199     : ----0------------------------------0-------------1------
199     : ['transfer(epoch2,node1)', '~(ep(node1)=epoch0)', '~locked(epoch1,node1)']
202 (*) : -0---------------------------------0------------1-------
202     : ['transfer(epoch2,node0)', '~(ep(node0)=epoch1)', '~locked(epoch1,node1)']
203     : -----0----------------------------0--------------1------
203     : ['transfer(epoch2,node1)', '~(ep(node1)=epoch1)', '~locked(epoch1,node0)']
216 (*) : ----0------------------------------0------------1-------
216     : ['transfer(epoch2,node0)', '~(ep(node1)=epoch0)', '~locked(epoch1,node1)']
217     : 0---------------------------------0--------------1------
217     : ['transfer(epoch2,node1)', '~(ep(node0)=epoch0)', '~locked(epoch1,node0)']
num_forall :   0
num_exists :   0
num_literals : 0
quantified form : None
qcost : 0


=== Prime Orbit 36 =====================
size : 8
num_suborbits: 4
150 (*) : -----0---1--------------------------------------1-------
150     : ['(first=node1)', 'transfer(epoch2,node0)', '~(ep(node1)=epoch1)']
151     : -0------1----------------------------------------1------
151     : ['(first=node0)', 'transfer(epoch2,node1)', '~(ep(node0)=epoch1)']
190 (*) : 0--------1--------------------------------------1-------
190     : ['(first=node1)', 'transfer(epoch2,node0)', '~(ep(node0)=epoch0)']
191     : ----0---1----------------------------------------1------
191     : ['(first=node0)', 'transfer(epoch2,node1)', '~(ep(node1)=epoch0)']
206 (*) : -0------1---------------------------------------1-------
206     : ['(first=node0)', 'transfer(epoch2,node0)', '~(ep(node0)=epoch1)']
207     : -----0---1---------------------------------------1------
207     : ['(first=node1)', 'transfer(epoch2,node1)', '~(ep(node1)=epoch1)']
212 (*) : ----0---1---------------------------------------1-------
212     : ['(first=node0)', 'transfer(epoch2,node0)', '~(ep(node1)=epoch0)']
213     : 0--------1---------------------------------------1------
213     : ['(first=node1)', 'transfer(epoch2,node1)', '~(ep(node0)=epoch0)']
num_forall :   0
num_exists :   0
num_literals : 0
quantified form : None
qcost : 0


=== Prime Orbit 37 =====================
size : 8
num_suborbits: 4
154 (*) : -----0--0---------------------------------------1-------
154     : ['transfer(epoch2,node0)', '~(ep(node1)=epoch1)', '~(first=node0)']
155     : -0-------0---------------------------------------1------
155     : ['transfer(epoch2,node1)', '~(ep(node0)=epoch1)', '~(first=node1)']
192 (*) : 0-------0---------------------------------------1-------
192     : ['transfer(epoch2,node0)', '~(ep(node0)=epoch0)', '~(first=node0)']
193     : ----0----0---------------------------------------1------
193     : ['transfer(epoch2,node1)', '~(ep(node1)=epoch0)', '~(first=node1)']
204 (*) : -0-------0--------------------------------------1-------
204     : ['transfer(epoch2,node0)', '~(ep(node0)=epoch1)', '~(first=node1)']
205     : -----0--0----------------------------------------1------
205     : ['transfer(epoch2,node1)', '~(ep(node1)=epoch1)', '~(first=node0)']
210 (*) : ----0----0--------------------------------------1-------
210     : ['transfer(epoch2,node0)', '~(ep(node1)=epoch0)', '~(first=node1)']
211     : 0-------0----------------------------------------1------
211     : ['transfer(epoch2,node1)', '~(ep(node0)=epoch0)', '~(first=node0)']
num_forall :   0
num_exists :   0
num_literals : 0
quantified form : None
qcost : 0


=== Prime Orbit 38 =====================
size : 2
num_suborbits: 1
156 (*) : ------0--------0---------------------1------------------
156     : ['locked(epoch2,node1)', '~(ep(node1)=epoch2)', '~held(node1)']
157     : --0-----------0---------------------1-------------------
157     : ['locked(epoch2,node0)', '~(ep(node0)=epoch2)', '~held(node0)']
num_forall :   0
num_exists :   0
num_literals : 0
quantified form : None
qcost : 0


=== Prime Orbit 39 =====================
size : 2
num_suborbits: 1
158 (*) : ------00-----------------------------1------------------
158     : ['locked(epoch2,node1)', '~(ep(node1)=epoch2)', '~(ep(node1)=epoch3)']
159     : --00--------------------------------1-------------------
159     : ['locked(epoch2,node0)', '~(ep(node0)=epoch2)', '~(ep(node0)=epoch3)']
num_forall :   0
num_exists :   0
num_literals : 0
quantified form : None
qcost : 0


=== Prime Orbit 40 =====================
size : 2
num_suborbits: 1
160 (*) : ------0------------------------------1-0----------------
160     : ['locked(epoch2,node1)', '~(ep(node1)=epoch2)', '~locked(epoch3,node1)']
161     : --0---------------------------------1-0-----------------
161     : ['locked(epoch2,node0)', '~(ep(node0)=epoch2)', '~locked(epoch3,node0)']
num_forall :   0
num_exists :   0
num_literals : 0
quantified form : None
qcost : 0


=== Prime Orbit 41 =====================
size : 4
num_suborbits: 2
164 (*) : --0------------1--------------------1-------------------
164     : ['held(node1)', 'locked(epoch2,node0)', '~(ep(node0)=epoch2)']
165     : ------0-------1----------------------1------------------
165     : ['held(node0)', 'locked(epoch2,node1)', '~(ep(node1)=epoch2)']
166 (*) : -------0-------1--------------------1-------------------
166     : ['held(node1)', 'locked(epoch2,node0)', '~(ep(node1)=epoch3)']
167     : ---0----------1----------------------1------------------
167     : ['held(node0)', 'locked(epoch2,node1)', '~(ep(node0)=epoch3)']
num_forall :   0
num_exists :   0
num_literals : 0
quantified form : None
qcost : 0


=== Prime Orbit 42 =====================
size : 2
num_suborbits: 1
168 (*) : ---------------1--------------------1--0----------------
168     : ['held(node1)', 'locked(epoch2,node0)', '~locked(epoch3,node1)']
169     : --------------1----------------------10-----------------
169     : ['held(node0)', 'locked(epoch2,node1)', '~locked(epoch3,node0)']
num_forall :   0
num_exists :   0
num_literals : 0
quantified form : None
qcost : 0


=== Prime Orbit 43 =====================
size : 2
num_suborbits: 1
170 (*) : --0----1----------------------------1-------------------
170     : ['(ep(node1)=epoch3)', 'locked(epoch2,node0)', '~(ep(node0)=epoch2)']
171     : ---1--0------------------------------1------------------
171     : ['(ep(node0)=epoch3)', 'locked(epoch2,node1)', '~(ep(node1)=epoch2)']
num_forall :   0
num_exists :   0
num_literals : 0
quantified form : None
qcost : 0


=== Prime Orbit 44 =====================
size : 2
num_suborbits: 1
172 (*) : --0---------------------------------1--1----------------
172     : ['locked(epoch2,node0)', 'locked(epoch3,node1)', '~(ep(node0)=epoch2)']
173     : ------0------------------------------11-----------------
173     : ['locked(epoch2,node1)', 'locked(epoch3,node0)', '~(ep(node1)=epoch2)']
num_forall :   0
num_exists :   0
num_literals : 0
quantified form : None
qcost : 0


=== Prime Orbit 45 =====================
size : 2
num_suborbits: 1
174 (*) : -----1---------1--------------------1-------------------
174     : ['(ep(node1)=epoch1)', 'held(node1)', 'locked(epoch2,node0)']
175     : -1------------1----------------------1------------------
175     : ['(ep(node0)=epoch1)', 'held(node0)', 'locked(epoch2,node1)']
num_forall :   0
num_exists :   0
num_literals : 0
quantified form : None
qcost : 0


=== Prime Orbit 46 =====================
size : 4
num_suborbits: 2
176 (*) : 0----1---------1----------------------------------------
176     : ['(ep(node1)=epoch1)', 'held(node1)', '~(ep(node0)=epoch0)']
177     : -1--0---------1-----------------------------------------
177     : ['(ep(node0)=epoch1)', 'held(node0)', '~(ep(node1)=epoch0)']
180 (*) : --1----0-------1----------------------------------------
180     : ['(ep(node0)=epoch2)', 'held(node1)', '~(ep(node1)=epoch3)']
181     : ---0--1-------1-----------------------------------------
181     : ['(ep(node1)=epoch2)', 'held(node0)', '~(ep(node0)=epoch3)']
num_forall :   0
num_exists :   0
num_literals : 0
quantified form : None
qcost : 0


=== Prime Orbit 47 =====================
size : 2
num_suborbits: 1
178 (*) : --1--1---------1----------------------------------------
178     : ['(ep(node0)=epoch2)', '(ep(node1)=epoch1)', 'held(node1)']
179     : -1----1-------1-----------------------------------------
179     : ['(ep(node0)=epoch1)', '(ep(node1)=epoch2)', 'held(node0)']
num_forall :   0
num_exists :   0
num_literals : 0
quantified form : None
qcost : 0


=== Prime Orbit 48 =====================
size : 2
num_suborbits: 1
182 (*) : --1------------1-----------------------0----------------
182     : ['(ep(node0)=epoch2)', 'held(node1)', '~locked(epoch3,node1)']
183     : ------1-------1-----------------------0-----------------
183     : ['(ep(node1)=epoch2)', 'held(node0)', '~locked(epoch3,node0)']
num_forall :   0
num_exists :   0
num_literals : 0
quantified form : None
qcost : 0


=== Prime Orbit 49 =====================
size : 12
num_suborbits: 6
220 (*) : 1----0-------------------------------0-0----------------
220     : ['(ep(node0)=epoch0)', '~(ep(node1)=epoch1)', '~locked(epoch2,node1)', '~locked(epoch3,node1)']
221     : -0--1-------------------------------0-0-----------------
221     : ['(ep(node1)=epoch0)', '~(ep(node0)=epoch1)', '~locked(epoch2,node0)', '~locked(epoch3,node0)']
578 (*) : -0-----1---------------------------00-------------------
578     : ['(ep(node1)=epoch3)', '~(ep(node0)=epoch1)', '~locked(epoch1,node1)', '~locked(epoch2,node0)']
579     : ---1-0----------------------------0--0------------------
579     : ['(ep(node0)=epoch3)', '~(ep(node1)=epoch1)', '~locked(epoch1,node0)', '~locked(epoch2,node1)']
718 (*) : -0----1----------------------------0--0-----------------
718     : ['(ep(node1)=epoch2)', '~(ep(node0)=epoch1)', '~locked(epoch1,node1)', '~locked(epoch3,node0)']
719     : --1--0----------------------------0----0----------------
719     : ['(ep(node0)=epoch2)', '~(ep(node1)=epoch1)', '~locked(epoch1,node0)', '~locked(epoch3,node1)']
726 (*) : -1--0--------------------------------0-0----------------
726     : ['(ep(node0)=epoch1)', '~(ep(node1)=epoch0)', '~locked(epoch2,node1)', '~locked(epoch3,node1)']
727     : 0----1------------------------------0-0-----------------
727     : ['(ep(node1)=epoch1)', '~(ep(node0)=epoch0)', '~locked(epoch2,node0)', '~locked(epoch3,node0)']
820 (*) : 0-----1---------------------------0---0-----------------
820     : ['(ep(node1)=epoch2)', '~(ep(node0)=epoch0)', '~locked(epoch1,node0)', '~locked(epoch3,node0)']
821     : --1-0------------------------------0---0----------------
821     : ['(ep(node0)=epoch2)', '~(ep(node1)=epoch0)', '~locked(epoch1,node1)', '~locked(epoch3,node1)']
860 (*) : ---10------------------------------0-0------------------
860     : ['(ep(node0)=epoch3)', '~(ep(node1)=epoch0)', '~locked(epoch1,node1)', '~locked(epoch2,node1)']
861     : 0------1--------------------------0-0-------------------
861     : ['(ep(node1)=epoch3)', '~(ep(node0)=epoch0)', '~locked(epoch1,node0)', '~locked(epoch2,node0)']
num_forall :   0
num_exists :   0
num_literals : 0
quantified form : None
qcost : 0


=== Prime Orbit 50 =====================
size : 20
num_suborbits: 10
222 (*) : 1----0-0-----------------------------0------------------
222     : ['(ep(node0)=epoch0)', '~(ep(node1)=epoch1)', '~(ep(node1)=epoch3)', '~locked(epoch2,node1)']
223     : -0-01-------------------------------0-------------------
223     : ['(ep(node1)=epoch0)', '~(ep(node0)=epoch1)', '~(ep(node0)=epoch3)', '~locked(epoch2,node0)']
226 (*) : 1----00--------------------------------0----------------
226     : ['(ep(node0)=epoch0)', '~(ep(node1)=epoch1)', '~(ep(node1)=epoch2)', '~locked(epoch3,node1)']
227     : -00-1---------------------------------0-----------------
227     : ['(ep(node1)=epoch0)', '~(ep(node0)=epoch1)', '~(ep(node0)=epoch2)', '~locked(epoch3,node0)']
568 (*) : -00----1---------------------------0--------------------
568     : ['(ep(node1)=epoch3)', '~(ep(node0)=epoch1)', '~(ep(node0)=epoch2)', '~locked(epoch1,node1)']
569     : ---1-00---------------------------0---------------------
569     : ['(ep(node0)=epoch3)', '~(ep(node1)=epoch1)', '~(ep(node1)=epoch2)', '~locked(epoch1,node0)']
574 (*) : 00-----1----------------------------0-------------------
574     : ['(ep(node1)=epoch3)', '~(ep(node0)=epoch0)', '~(ep(node0)=epoch1)', '~locked(epoch2,node0)']
575     : ---100-------------------------------0------------------
575     : ['(ep(node0)=epoch3)', '~(ep(node1)=epoch0)', '~(ep(node1)=epoch1)', '~locked(epoch2,node1)']
694 (*) : 00----1-------------------------------0-----------------
694     : ['(ep(node1)=epoch2)', '~(ep(node0)=epoch0)', '~(ep(node0)=epoch1)', '~locked(epoch3,node0)']
695     : --1-00---------------------------------0----------------
695     : ['(ep(node0)=epoch2)', '~(ep(node1)=epoch0)', '~(ep(node1)=epoch1)', '~locked(epoch3,node1)']
716 (*) : -0-0--1----------------------------0--------------------
716     : ['(ep(node1)=epoch2)', '~(ep(node0)=epoch1)', '~(ep(node0)=epoch3)', '~locked(epoch1,node1)']
717     : --1--0-0--------------------------0---------------------
717     : ['(ep(node0)=epoch2)', '~(ep(node1)=epoch1)', '~(ep(node1)=epoch3)', '~locked(epoch1,node0)']
730 (*) : -1--0-0--------------------------------0----------------
730     : ['(ep(node0)=epoch1)', '~(ep(node1)=epoch0)', '~(ep(node1)=epoch2)', '~locked(epoch3,node1)']
731     : 0-0--1--------------------------------0-----------------
731     : ['(ep(node1)=epoch1)', '~(ep(node0)=epoch0)', '~(ep(node0)=epoch2)', '~locked(epoch3,node0)']
732 (*) : -1--0--0-----------------------------0------------------
732     : ['(ep(node0)=epoch1)', '~(ep(node1)=epoch0)', '~(ep(node1)=epoch3)', '~locked(epoch2,node1)']
733     : 0--0-1------------------------------0-------------------
733     : ['(ep(node1)=epoch1)', '~(ep(node0)=epoch0)', '~(ep(node0)=epoch3)', '~locked(epoch2,node0)']
832 (*) : 0--0--1---------------------------0---------------------
832     : ['(ep(node1)=epoch2)', '~(ep(node0)=epoch0)', '~(ep(node0)=epoch3)', '~locked(epoch1,node0)']
833     : --1-0--0---------------------------0--------------------
833     : ['(ep(node0)=epoch2)', '~(ep(node1)=epoch0)', '~(ep(node1)=epoch3)', '~locked(epoch1,node1)']
852 (*) : ---10-0----------------------------0--------------------
852     : ['(ep(node0)=epoch3)', '~(ep(node1)=epoch0)', '~(ep(node1)=epoch2)', '~locked(epoch1,node1)']
853     : 0-0----1--------------------------0---------------------
853     : ['(ep(node1)=epoch3)', '~(ep(node0)=epoch0)', '~(ep(node0)=epoch2)', '~locked(epoch1,node0)']
num_forall :   0
num_exists :   0
num_literals : 0
quantified form : None
qcost : 0


=== Prime Orbit 51 =====================
size : 8
num_suborbits: 4
224 (*) : 1----000------------------------------------------------
224     : ['(ep(node0)=epoch0)', '~(ep(node1)=epoch1)', '~(ep(node1)=epoch2)', '~(ep(node1)=epoch3)']
225     : -0001---------------------------------------------------
225     : ['(ep(node1)=epoch0)', '~(ep(node0)=epoch1)', '~(ep(node0)=epoch2)', '~(ep(node0)=epoch3)']
564 (*) : 000----1------------------------------------------------
564     : ['(ep(node1)=epoch3)', '~(ep(node0)=epoch0)', '~(ep(node0)=epoch1)', '~(ep(node0)=epoch2)']
565     : ---1000-------------------------------------------------
565     : ['(ep(node0)=epoch3)', '~(ep(node1)=epoch0)', '~(ep(node1)=epoch1)', '~(ep(node1)=epoch2)']
692 (*) : 00-0--1-------------------------------------------------
692     : ['(ep(node1)=epoch2)', '~(ep(node0)=epoch0)', '~(ep(node0)=epoch1)', '~(ep(node0)=epoch3)']
693     : --1-00-0------------------------------------------------
693     : ['(ep(node0)=epoch2)', '~(ep(node1)=epoch0)', '~(ep(node1)=epoch1)', '~(ep(node1)=epoch3)']
728 (*) : -1--0-00------------------------------------------------
728     : ['(ep(node0)=epoch1)', '~(ep(node1)=epoch0)', '~(ep(node1)=epoch2)', '~(ep(node1)=epoch3)']
729     : 0-00-1--------------------------------------------------
729     : ['(ep(node1)=epoch1)', '~(ep(node0)=epoch0)', '~(ep(node0)=epoch2)', '~(ep(node0)=epoch3)']
num_forall :   0
num_exists :   0
num_literals : 0
quantified form : None
qcost : 0


=== Prime Orbit 52 =====================
size : 6
num_suborbits: 3
228 (*) : 1----00--------0----------------------------------------
228     : ['(ep(node0)=epoch0)', '~(ep(node1)=epoch1)', '~(ep(node1)=epoch2)', '~held(node1)']
229     : -00-1---------0-----------------------------------------
229     : ['(ep(node1)=epoch0)', '~(ep(node0)=epoch1)', '~(ep(node0)=epoch2)', '~held(node0)']
562 (*) : 00----1-------0-----------------------------------------
562     : ['(ep(node1)=epoch2)', '~(ep(node0)=epoch0)', '~(ep(node0)=epoch1)', '~held(node0)']
563     : --1-00---------0----------------------------------------
563     : ['(ep(node0)=epoch2)', '~(ep(node1)=epoch0)', '~(ep(node1)=epoch1)', '~held(node1)']
722 (*) : -1--0-0--------0----------------------------------------
722     : ['(ep(node0)=epoch1)', '~(ep(node1)=epoch0)', '~(ep(node1)=epoch2)', '~held(node1)']
723     : 0-0--1--------0-----------------------------------------
723     : ['(ep(node1)=epoch1)', '~(ep(node0)=epoch0)', '~(ep(node0)=epoch2)', '~held(node0)']
num_forall :   0
num_exists :   0
num_literals : 0
quantified form : None
qcost : 0


=== Prime Orbit 53 =====================
size : 8
num_suborbits: 4
230 (*) : 1----0---------0---------------------0------------------
230     : ['(ep(node0)=epoch0)', '~(ep(node1)=epoch1)', '~held(node1)', '~locked(epoch2,node1)']
231     : -0--1---------0---------------------0-------------------
231     : ['(ep(node1)=epoch0)', '~(ep(node0)=epoch1)', '~held(node0)', '~locked(epoch2,node0)']
556 (*) : -0----1-------0--------------------0--------------------
556     : ['(ep(node1)=epoch2)', '~(ep(node0)=epoch1)', '~held(node0)', '~locked(epoch1,node1)']
557     : --1--0---------0------------------0---------------------
557     : ['(ep(node0)=epoch2)', '~(ep(node1)=epoch1)', '~held(node1)', '~locked(epoch1,node0)']
724 (*) : -1--0----------0---------------------0------------------
724     : ['(ep(node0)=epoch1)', '~(ep(node1)=epoch0)', '~held(node1)', '~locked(epoch2,node1)']
725     : 0----1--------0---------------------0-------------------
725     : ['(ep(node1)=epoch1)', '~(ep(node0)=epoch0)', '~held(node0)', '~locked(epoch2,node0)']
824 (*) : 0-----1-------0-------------------0---------------------
824     : ['(ep(node1)=epoch2)', '~(ep(node0)=epoch0)', '~held(node0)', '~locked(epoch1,node0)']
825     : --1-0----------0-------------------0--------------------
825     : ['(ep(node0)=epoch2)', '~(ep(node1)=epoch0)', '~held(node1)', '~locked(epoch1,node1)']
num_forall :   0
num_exists :   0
num_literals : 0
quantified form : None
qcost : 0


=== Prime Orbit 54 =====================
size : 16
num_suborbits: 8
232 (*) : 1----0-------------------------------0------------1-----
232     : ['(ep(node0)=epoch0)', 'transfer(epoch3,node0)', '~(ep(node1)=epoch1)', '~locked(epoch2,node1)']
233     : -0--1-------------------------------0--------------1----
233     : ['(ep(node1)=epoch0)', 'transfer(epoch3,node1)', '~(ep(node0)=epoch1)', '~locked(epoch2,node0)']
238 (*) : 1----0-------------------------------0-------------1----
238     : ['(ep(node0)=epoch0)', 'transfer(epoch3,node1)', '~(ep(node1)=epoch1)', '~locked(epoch2,node1)']
239     : -0--1-------------------------------0-------------1-----
239     : ['(ep(node1)=epoch0)', 'transfer(epoch3,node0)', '~(ep(node0)=epoch1)', '~locked(epoch2,node0)']
244 (*) : -0----1----------------------------0---------------1----
244     : ['(ep(node1)=epoch2)', 'transfer(epoch3,node1)', '~(ep(node0)=epoch1)', '~locked(epoch1,node1)']
245     : --1--0----------------------------0---------------1-----
245     : ['(ep(node0)=epoch2)', 'transfer(epoch3,node0)', '~(ep(node1)=epoch1)', '~locked(epoch1,node0)']
256 (*) : 0-----1---------------------------0----------------1----
256     : ['(ep(node1)=epoch2)', 'transfer(epoch3,node1)', '~(ep(node0)=epoch0)', '~locked(epoch1,node0)']
257     : --1-0------------------------------0--------------1-----
257     : ['(ep(node0)=epoch2)', 'transfer(epoch3,node0)', '~(ep(node1)=epoch0)', '~locked(epoch1,node1)']
258 (*) : -1--0--------------------------------0-------------1----
258     : ['(ep(node0)=epoch1)', 'transfer(epoch3,node1)', '~(ep(node1)=epoch0)', '~locked(epoch2,node1)']
259     : 0----1------------------------------0-------------1-----
259     : ['(ep(node1)=epoch1)', 'transfer(epoch3,node0)', '~(ep(node0)=epoch0)', '~locked(epoch2,node0)']
362 (*) : 0----1------------------------------0--------------1----
362     : ['(ep(node1)=epoch1)', 'transfer(epoch3,node1)', '~(ep(node0)=epoch0)', '~locked(epoch2,node0)']
363     : -1--0--------------------------------0------------1-----
363     : ['(ep(node0)=epoch1)', 'transfer(epoch3,node0)', '~(ep(node1)=epoch0)', '~locked(epoch2,node1)']
524 (*) : -0----1----------------------------0--------------1-----
524     : ['(ep(node1)=epoch2)', 'transfer(epoch3,node0)', '~(ep(node0)=epoch1)', '~locked(epoch1,node1)']
525     : --1--0----------------------------0----------------1----
525     : ['(ep(node0)=epoch2)', 'transfer(epoch3,node1)', '~(ep(node1)=epoch1)', '~locked(epoch1,node0)']
532 (*) : 0-----1---------------------------0---------------1-----
532     : ['(ep(node1)=epoch2)', 'transfer(epoch3,node0)', '~(ep(node0)=epoch0)', '~locked(epoch1,node0)']
533     : --1-0------------------------------0---------------1----
533     : ['(ep(node0)=epoch2)', 'transfer(epoch3,node1)', '~(ep(node1)=epoch0)', '~locked(epoch1,node1)']
num_forall :   0
num_exists :   0
num_literals : 0
quantified form : None
qcost : 0


=== Prime Orbit 55 =====================
size : 12
num_suborbits: 6
234 (*) : 1----00-------------------------------------------1-----
234     : ['(ep(node0)=epoch0)', 'transfer(epoch3,node0)', '~(ep(node1)=epoch1)', '~(ep(node1)=epoch2)']
235     : -00-1----------------------------------------------1----
235     : ['(ep(node1)=epoch0)', 'transfer(epoch3,node1)', '~(ep(node0)=epoch1)', '~(ep(node0)=epoch2)']
236 (*) : 1----00--------------------------------------------1----
236     : ['(ep(node0)=epoch0)', 'transfer(epoch3,node1)', '~(ep(node1)=epoch1)', '~(ep(node1)=epoch2)']
237     : -00-1---------------------------------------------1-----
237     : ['(ep(node1)=epoch0)', 'transfer(epoch3,node0)', '~(ep(node0)=epoch1)', '~(ep(node0)=epoch2)']
248 (*) : 00----1--------------------------------------------1----
248     : ['(ep(node1)=epoch2)', 'transfer(epoch3,node1)', '~(ep(node0)=epoch0)', '~(ep(node0)=epoch1)']
249     : --1-00--------------------------------------------1-----
249     : ['(ep(node0)=epoch2)', 'transfer(epoch3,node0)', '~(ep(node1)=epoch0)', '~(ep(node1)=epoch1)']
260 (*) : -1--0-0--------------------------------------------1----
260     : ['(ep(node0)=epoch1)', 'transfer(epoch3,node1)', '~(ep(node1)=epoch0)', '~(ep(node1)=epoch2)']
261     : 0-0--1--------------------------------------------1-----
261     : ['(ep(node1)=epoch1)', 'transfer(epoch3,node0)', '~(ep(node0)=epoch0)', '~(ep(node0)=epoch2)']
364 (*) : 0-0--1---------------------------------------------1----
364     : ['(ep(node1)=epoch1)', 'transfer(epoch3,node1)', '~(ep(node0)=epoch0)', '~(ep(node0)=epoch2)']
365     : -1--0-0-------------------------------------------1-----
365     : ['(ep(node0)=epoch1)', 'transfer(epoch3,node0)', '~(ep(node1)=epoch0)', '~(ep(node1)=epoch2)']
522 (*) : 00----1-------------------------------------------1-----
522     : ['(ep(node1)=epoch2)', 'transfer(epoch3,node0)', '~(ep(node0)=epoch0)', '~(ep(node0)=epoch1)']
523     : --1-00---------------------------------------------1----
523     : ['(ep(node0)=epoch2)', 'transfer(epoch3,node1)', '~(ep(node1)=epoch0)', '~(ep(node1)=epoch1)']
num_forall :   0
num_exists :   0
num_literals : 0
quantified form : None
qcost : 0


=== Prime Orbit 56 =====================
size : 8
num_suborbits: 4
240 (*) : -0----1--0-----------------------------------------1----
240     : ['(ep(node1)=epoch2)', 'transfer(epoch3,node1)', '~(ep(node0)=epoch1)', '~(first=node1)']
241     : --1--0--0-----------------------------------------1-----
241     : ['(ep(node0)=epoch2)', 'transfer(epoch3,node0)', '~(ep(node1)=epoch1)', '~(first=node0)']
252 (*) : 0-----1-0------------------------------------------1----
252     : ['(ep(node1)=epoch2)', 'transfer(epoch3,node1)', '~(ep(node0)=epoch0)', '~(first=node0)']
253     : --1-0----0----------------------------------------1-----
253     : ['(ep(node0)=epoch2)', 'transfer(epoch3,node0)', '~(ep(node1)=epoch0)', '~(first=node1)']
518 (*) : -0----1--0----------------------------------------1-----
518     : ['(ep(node1)=epoch2)', 'transfer(epoch3,node0)', '~(ep(node0)=epoch1)', '~(first=node1)']
519     : --1--0--0------------------------------------------1----
519     : ['(ep(node0)=epoch2)', 'transfer(epoch3,node1)', '~(ep(node1)=epoch1)', '~(first=node0)']
528 (*) : 0-----1-0-----------------------------------------1-----
528     : ['(ep(node1)=epoch2)', 'transfer(epoch3,node0)', '~(ep(node0)=epoch0)', '~(first=node0)']
529     : --1-0----0-----------------------------------------1----
529     : ['(ep(node0)=epoch2)', 'transfer(epoch3,node1)', '~(ep(node1)=epoch0)', '~(first=node1)']
num_forall :   0
num_exists :   0
num_literals : 0
quantified form : None
qcost : 0


=== Prime Orbit 57 =====================
size : 8
num_suborbits: 4
242 (*) : -0----1-1------------------------------------------1----
242     : ['(ep(node1)=epoch2)', '(first=node0)', 'transfer(epoch3,node1)', '~(ep(node0)=epoch1)']
243     : --1--0---1----------------------------------------1-----
243     : ['(ep(node0)=epoch2)', '(first=node1)', 'transfer(epoch3,node0)', '~(ep(node1)=epoch1)']
250 (*) : 0-----1--1-----------------------------------------1----
250     : ['(ep(node1)=epoch2)', '(first=node1)', 'transfer(epoch3,node1)', '~(ep(node0)=epoch0)']
251     : --1-0---1-----------------------------------------1-----
251     : ['(ep(node0)=epoch2)', '(first=node0)', 'transfer(epoch3,node0)', '~(ep(node1)=epoch0)']
520 (*) : -0----1-1-----------------------------------------1-----
520     : ['(ep(node1)=epoch2)', '(first=node0)', 'transfer(epoch3,node0)', '~(ep(node0)=epoch1)']
521     : --1--0---1-----------------------------------------1----
521     : ['(ep(node0)=epoch2)', '(first=node1)', 'transfer(epoch3,node1)', '~(ep(node1)=epoch1)']
526 (*) : 0-----1--1----------------------------------------1-----
526     : ['(ep(node1)=epoch2)', '(first=node1)', 'transfer(epoch3,node0)', '~(ep(node0)=epoch0)']
527     : --1-0---1------------------------------------------1----
527     : ['(ep(node0)=epoch2)', '(first=node0)', 'transfer(epoch3,node1)', '~(ep(node1)=epoch0)']
num_forall :   0
num_exists :   0
num_literals : 0
quantified form : None
qcost : 0


=== Prime Orbit 58 =====================
size : 8
num_suborbits: 4
246 (*) : -0----1---------------------------1----------------1----
246     : ['(ep(node1)=epoch2)', 'locked(epoch1,node0)', 'transfer(epoch3,node1)', '~(ep(node0)=epoch1)']
247     : --1--0-----------------------------1--------------1-----
247     : ['(ep(node0)=epoch2)', 'locked(epoch1,node1)', 'transfer(epoch3,node0)', '~(ep(node1)=epoch1)']
254 (*) : 0-----1----------------------------1---------------1----
254     : ['(ep(node1)=epoch2)', 'locked(epoch1,node1)', 'transfer(epoch3,node1)', '~(ep(node0)=epoch0)']
255     : --1-0-----------------------------1---------------1-----
255     : ['(ep(node0)=epoch2)', 'locked(epoch1,node0)', 'transfer(epoch3,node0)', '~(ep(node1)=epoch0)']
516 (*) : -0----1---------------------------1---------------1-----
516     : ['(ep(node1)=epoch2)', 'locked(epoch1,node0)', 'transfer(epoch3,node0)', '~(ep(node0)=epoch1)']
517     : --1--0-----------------------------1---------------1----
517     : ['(ep(node0)=epoch2)', 'locked(epoch1,node1)', 'transfer(epoch3,node1)', '~(ep(node1)=epoch1)']
530 (*) : 0-----1----------------------------1--------------1-----
530     : ['(ep(node1)=epoch2)', 'locked(epoch1,node1)', 'transfer(epoch3,node0)', '~(ep(node0)=epoch0)']
531     : --1-0-----------------------------1----------------1----
531     : ['(ep(node0)=epoch2)', 'locked(epoch1,node0)', 'transfer(epoch3,node1)', '~(ep(node1)=epoch0)']
num_forall :   0
num_exists :   0
num_literals : 0
quantified form : None
qcost : 0


=== Prime Orbit 59 =====================
size : 12
num_suborbits: 6
262 (*) : -00------0-----------------------------------------1----
262     : ['transfer(epoch3,node1)', '~(ep(node0)=epoch1)', '~(ep(node0)=epoch2)', '~(first=node1)']
263     : -----00-0-----------------------------------------1-----
263     : ['transfer(epoch3,node0)', '~(ep(node1)=epoch1)', '~(ep(node1)=epoch2)', '~(first=node0)']
274 (*) : -0--0----0-----------------------------------------1----
274     : ['transfer(epoch3,node1)', '~(ep(node0)=epoch1)', '~(ep(node1)=epoch0)', '~(first=node1)']
275     : 0----0--0-----------------------------------------1-----
275     : ['transfer(epoch3,node0)', '~(ep(node0)=epoch0)', '~(ep(node1)=epoch1)', '~(first=node0)']
314 (*) : ----0-0--0-----------------------------------------1----
314     : ['transfer(epoch3,node1)', '~(ep(node1)=epoch0)', '~(ep(node1)=epoch2)', '~(first=node1)']
315     : 0-0-----0-----------------------------------------1-----
315     : ['transfer(epoch3,node0)', '~(ep(node0)=epoch0)', '~(ep(node0)=epoch2)', '~(first=node0)']
338 (*) : 0----0--0------------------------------------------1----
338     : ['transfer(epoch3,node1)', '~(ep(node0)=epoch0)', '~(ep(node1)=epoch1)', '~(first=node0)']
339     : -0--0----0----------------------------------------1-----
339     : ['transfer(epoch3,node0)', '~(ep(node0)=epoch1)', '~(ep(node1)=epoch0)', '~(first=node1)']
340 (*) : -----00-0------------------------------------------1----
340     : ['transfer(epoch3,node1)', '~(ep(node1)=epoch1)', '~(ep(node1)=epoch2)', '~(first=node0)']
341     : -00------0----------------------------------------1-----
341     : ['transfer(epoch3,node0)', '~(ep(node0)=epoch1)', '~(ep(node0)=epoch2)', '~(first=node1)']
360 (*) : 0-0-----0------------------------------------------1----
360     : ['transfer(epoch3,node1)', '~(ep(node0)=epoch0)', '~(ep(node0)=epoch2)', '~(first=node0)']
361     : ----0-0--0----------------------------------------1-----
361     : ['transfer(epoch3,node0)', '~(ep(node1)=epoch0)', '~(ep(node1)=epoch2)', '~(first=node1)']
num_forall :   0
num_exists :   0
num_literals : 0
quantified form : None
qcost : 0


=== Prime Orbit 60 =====================
size : 12
num_suborbits: 6
264 (*) : -00-----1------------------------------------------1----
264     : ['(first=node0)', 'transfer(epoch3,node1)', '~(ep(node0)=epoch1)', '~(ep(node0)=epoch2)']
265     : -----00--1----------------------------------------1-----
265     : ['(first=node1)', 'transfer(epoch3,node0)', '~(ep(node1)=epoch1)', '~(ep(node1)=epoch2)']
276 (*) : -0--0---1------------------------------------------1----
276     : ['(first=node0)', 'transfer(epoch3,node1)', '~(ep(node0)=epoch1)', '~(ep(node1)=epoch0)']
277     : 0----0---1----------------------------------------1-----
277     : ['(first=node1)', 'transfer(epoch3,node0)', '~(ep(node0)=epoch0)', '~(ep(node1)=epoch1)']
318 (*) : ----0-0-1------------------------------------------1----
318     : ['(first=node0)', 'transfer(epoch3,node1)', '~(ep(node1)=epoch0)', '~(ep(node1)=epoch2)']
319     : 0-0------1----------------------------------------1-----
319     : ['(first=node1)', 'transfer(epoch3,node0)', '~(ep(node0)=epoch0)', '~(ep(node0)=epoch2)']
330 (*) : -----00--1-----------------------------------------1----
330     : ['(first=node1)', 'transfer(epoch3,node1)', '~(ep(node1)=epoch1)', '~(ep(node1)=epoch2)']
331     : -00-----1-----------------------------------------1-----
331     : ['(first=node0)', 'transfer(epoch3,node0)', '~(ep(node0)=epoch1)', '~(ep(node0)=epoch2)']
332 (*) : 0----0---1-----------------------------------------1----
332     : ['(first=node1)', 'transfer(epoch3,node1)', '~(ep(node0)=epoch0)', '~(ep(node1)=epoch1)']
333     : -0--0---1-----------------------------------------1-----
333     : ['(first=node0)', 'transfer(epoch3,node0)', '~(ep(node0)=epoch1)', '~(ep(node1)=epoch0)']
352 (*) : 0-0------1-----------------------------------------1----
352     : ['(first=node1)', 'transfer(epoch3,node1)', '~(ep(node0)=epoch0)', '~(ep(node0)=epoch2)']
353     : ----0-0-1-----------------------------------------1-----
353     : ['(first=node0)', 'transfer(epoch3,node0)', '~(ep(node1)=epoch0)', '~(ep(node1)=epoch2)']
num_forall :   0
num_exists :   0
num_literals : 0
quantified form : None
qcost : 0


=== Prime Orbit 61 =====================
size : 16
num_suborbits: 8
266 (*) : -00--------------------------------0---------------1----
266     : ['transfer(epoch3,node1)', '~(ep(node0)=epoch1)', '~(ep(node0)=epoch2)', '~locked(epoch1,node1)']
267     : -----00---------------------------0---------------1-----
267     : ['transfer(epoch3,node0)', '~(ep(node1)=epoch1)', '~(ep(node1)=epoch2)', '~locked(epoch1,node0)']
280 (*) : -0--0------------------------------0---------------1----
280     : ['transfer(epoch3,node1)', '~(ep(node0)=epoch1)', '~(ep(node1)=epoch0)', '~locked(epoch1,node1)']
281     : 0----0----------------------------0---------------1-----
281     : ['transfer(epoch3,node0)', '~(ep(node0)=epoch0)', '~(ep(node1)=epoch1)', '~locked(epoch1,node0)']
284 (*) : 00----------------------------------0--------------1----
284     : ['transfer(epoch3,node1)', '~(ep(node0)=epoch0)', '~(ep(node0)=epoch1)', '~locked(epoch2,node0)']
285     : ----00-------------------------------0------------1-----
285     : ['transfer(epoch3,node0)', '~(ep(node1)=epoch0)', '~(ep(node1)=epoch1)', '~locked(epoch2,node1)']
316 (*) : ----0-0----------------------------0---------------1----
316     : ['transfer(epoch3,node1)', '~(ep(node1)=epoch0)', '~(ep(node1)=epoch2)', '~locked(epoch1,node1)']
317     : 0-0-------------------------------0---------------1-----
317     : ['transfer(epoch3,node0)', '~(ep(node0)=epoch0)', '~(ep(node0)=epoch2)', '~locked(epoch1,node0)']
320 (*) : ----00-------------------------------0-------------1----
320     : ['transfer(epoch3,node1)', '~(ep(node1)=epoch0)', '~(ep(node1)=epoch1)', '~locked(epoch2,node1)']
321     : 00----------------------------------0-------------1-----
321     : ['transfer(epoch3,node0)', '~(ep(node0)=epoch0)', '~(ep(node0)=epoch1)', '~locked(epoch2,node0)']
342 (*) : 0----0----------------------------0----------------1----
342     : ['transfer(epoch3,node1)', '~(ep(node0)=epoch0)', '~(ep(node1)=epoch1)', '~locked(epoch1,node0)']
343     : -0--0------------------------------0--------------1-----
343     : ['transfer(epoch3,node0)', '~(ep(node0)=epoch1)', '~(ep(node1)=epoch0)', '~locked(epoch1,node1)']
344 (*) : -----00---------------------------0----------------1----
344     : ['transfer(epoch3,node1)', '~(ep(node1)=epoch1)', '~(ep(node1)=epoch2)', '~locked(epoch1,node0)']
345     : -00--------------------------------0--------------1-----
345     : ['transfer(epoch3,node0)', '~(ep(node0)=epoch1)', '~(ep(node0)=epoch2)', '~locked(epoch1,node1)']
346 (*) : 0-0-------------------------------0----------------1----
346     : ['transfer(epoch3,node1)', '~(ep(node0)=epoch0)', '~(ep(node0)=epoch2)', '~locked(epoch1,node0)']
347     : ----0-0----------------------------0--------------1-----
347     : ['transfer(epoch3,node0)', '~(ep(node1)=epoch0)', '~(ep(node1)=epoch2)', '~locked(epoch1,node1)']
num_forall :   0
num_exists :   0
num_literals : 0
quantified form : None
qcost : 0


=== Prime Orbit 62 =====================
size : 16
num_suborbits: 8
268 (*) : -00-------------------------------1----------------1----
268     : ['locked(epoch1,node0)', 'transfer(epoch3,node1)', '~(ep(node0)=epoch1)', '~(ep(node0)=epoch2)']
269     : -----00----------------------------1--------------1-----
269     : ['locked(epoch1,node1)', 'transfer(epoch3,node0)', '~(ep(node1)=epoch1)', '~(ep(node1)=epoch2)']
288 (*) : -0--0-----------------------------1----------------1----
288     : ['locked(epoch1,node0)', 'transfer(epoch3,node1)', '~(ep(node0)=epoch1)', '~(ep(node1)=epoch0)']
289     : 0----0-----------------------------1--------------1-----
289     : ['locked(epoch1,node1)', 'transfer(epoch3,node0)', '~(ep(node0)=epoch0)', '~(ep(node1)=epoch1)']
290 (*) : 00-----------------------------------1-------------1----
290     : ['locked(epoch2,node1)', 'transfer(epoch3,node1)', '~(ep(node0)=epoch0)', '~(ep(node0)=epoch1)']
291     : ----00------------------------------1-------------1-----
291     : ['locked(epoch2,node0)', 'transfer(epoch3,node0)', '~(ep(node1)=epoch0)', '~(ep(node1)=epoch1)']
308 (*) : ----0-0---------------------------1----------------1----
308     : ['locked(epoch1,node0)', 'transfer(epoch3,node1)', '~(ep(node1)=epoch0)', '~(ep(node1)=epoch2)']
309     : 0-0--------------------------------1--------------1-----
309     : ['locked(epoch1,node1)', 'transfer(epoch3,node0)', '~(ep(node0)=epoch0)', '~(ep(node0)=epoch2)']
334 (*) : 0----0-----------------------------1---------------1----
334     : ['locked(epoch1,node1)', 'transfer(epoch3,node1)', '~(ep(node0)=epoch0)', '~(ep(node1)=epoch1)']
335     : -0--0-----------------------------1---------------1-----
335     : ['locked(epoch1,node0)', 'transfer(epoch3,node0)', '~(ep(node0)=epoch1)', '~(ep(node1)=epoch0)']
336 (*) : -----00----------------------------1---------------1----
336     : ['locked(epoch1,node1)', 'transfer(epoch3,node1)', '~(ep(node1)=epoch1)', '~(ep(node1)=epoch2)']
337     : -00-------------------------------1---------------1-----
337     : ['locked(epoch1,node0)', 'transfer(epoch3,node0)', '~(ep(node0)=epoch1)', '~(ep(node0)=epoch2)']
356 (*) : 0-0--------------------------------1---------------1----
356     : ['locked(epoch1,node1)', 'transfer(epoch3,node1)', '~(ep(node0)=epoch0)', '~(ep(node0)=epoch2)']
357     : ----0-0---------------------------1---------------1-----
357     : ['locked(epoch1,node0)', 'transfer(epoch3,node0)', '~(ep(node1)=epoch0)', '~(ep(node1)=epoch2)']
380 (*) : ----00------------------------------1--------------1----
380     : ['locked(epoch2,node0)', 'transfer(epoch3,node1)', '~(ep(node1)=epoch0)', '~(ep(node1)=epoch1)']
381     : 00-----------------------------------1------------1-----
381     : ['locked(epoch2,node1)', 'transfer(epoch3,node0)', '~(ep(node0)=epoch0)', '~(ep(node0)=epoch1)']
num_forall :   0
num_exists :   0
num_literals : 0
quantified form : None
qcost : 0


=== Prime Orbit 63 =====================
size : 4
num_suborbits: 2
270 (*) : 000------------------------------------------------1----
270     : ['transfer(epoch3,node1)', '~(ep(node0)=epoch0)', '~(ep(node0)=epoch1)', '~(ep(node0)=epoch2)']
271     : ----000-------------------------------------------1-----
271     : ['transfer(epoch3,node0)', '~(ep(node1)=epoch0)', '~(ep(node1)=epoch1)', '~(ep(node1)=epoch2)']
312 (*) : ----000--------------------------------------------1----
312     : ['transfer(epoch3,node1)', '~(ep(node1)=epoch0)', '~(ep(node1)=epoch1)', '~(ep(node1)=epoch2)']
313     : 000-----------------------------------------------1-----
313     : ['transfer(epoch3,node0)', '~(ep(node0)=epoch0)', '~(ep(node0)=epoch1)', '~(ep(node0)=epoch2)']
num_forall :   0
num_exists :   0
num_literals : 0
quantified form : None
qcost : 0


=== Prime Orbit 64 =====================
size : 8
num_suborbits: 4
272 (*) : -0-------0--------------------------0--------------1----
272     : ['transfer(epoch3,node1)', '~(ep(node0)=epoch1)', '~(first=node1)', '~locked(epoch2,node0)']
273     : -----0--0----------------------------0------------1-----
273     : ['transfer(epoch3,node0)', '~(ep(node1)=epoch1)', '~(first=node0)', '~locked(epoch2,node1)']
324 (*) : -----0--0----------------------------0-------------1----
324     : ['transfer(epoch3,node1)', '~(ep(node1)=epoch1)', '~(first=node0)', '~locked(epoch2,node1)']
325     : -0-------0--------------------------0-------------1-----
325     : ['transfer(epoch3,node0)', '~(ep(node0)=epoch1)', '~(first=node1)', '~locked(epoch2,node0)']
358 (*) : 0-------0---------------------------0--------------1----
358     : ['transfer(epoch3,node1)', '~(ep(node0)=epoch0)', '~(first=node0)', '~locked(epoch2,node0)']
359     : ----0----0---------------------------0------------1-----
359     : ['transfer(epoch3,node0)', '~(ep(node1)=epoch0)', '~(first=node1)', '~locked(epoch2,node1)']
366 (*) : ----0----0---------------------------0-------------1----
366     : ['transfer(epoch3,node1)', '~(ep(node1)=epoch0)', '~(first=node1)', '~locked(epoch2,node1)']
367     : 0-------0---------------------------0-------------1-----
367     : ['transfer(epoch3,node0)', '~(ep(node0)=epoch0)', '~(first=node0)', '~locked(epoch2,node0)']
num_forall :   0
num_exists :   0
num_literals : 0
quantified form : None
qcost : 0


=== Prime Orbit 65 =====================
size : 8
num_suborbits: 4
278 (*) : -0------1---------------------------0--------------1----
278     : ['(first=node0)', 'transfer(epoch3,node1)', '~(ep(node0)=epoch1)', '~locked(epoch2,node0)']
279     : -----0---1---------------------------0------------1-----
279     : ['(first=node1)', 'transfer(epoch3,node0)', '~(ep(node1)=epoch1)', '~locked(epoch2,node1)']
322 (*) : -----0---1---------------------------0-------------1----
322     : ['(first=node1)', 'transfer(epoch3,node1)', '~(ep(node1)=epoch1)', '~locked(epoch2,node1)']
323     : -0------1---------------------------0-------------1-----
323     : ['(first=node0)', 'transfer(epoch3,node0)', '~(ep(node0)=epoch1)', '~locked(epoch2,node0)']
350 (*) : 0--------1--------------------------0--------------1----
350     : ['(first=node1)', 'transfer(epoch3,node1)', '~(ep(node0)=epoch0)', '~locked(epoch2,node0)']
351     : ----0---1----------------------------0------------1-----
351     : ['(first=node0)', 'transfer(epoch3,node0)', '~(ep(node1)=epoch0)', '~locked(epoch2,node1)']
370 (*) : ----0---1----------------------------0-------------1----
370     : ['(first=node0)', 'transfer(epoch3,node1)', '~(ep(node1)=epoch0)', '~locked(epoch2,node1)']
371     : 0--------1--------------------------0-------------1-----
371     : ['(first=node1)', 'transfer(epoch3,node0)', '~(ep(node0)=epoch0)', '~locked(epoch2,node0)']
num_forall :   0
num_exists :   0
num_literals : 0
quantified form : None
qcost : 0


=== Prime Orbit 66 =====================
size : 8
num_suborbits: 4
282 (*) : -0---------------------------------00--------------1----
282     : ['transfer(epoch3,node1)', '~(ep(node0)=epoch1)', '~locked(epoch1,node1)', '~locked(epoch2,node0)']
283     : -----0----------------------------0--0------------1-----
283     : ['transfer(epoch3,node0)', '~(ep(node1)=epoch1)', '~locked(epoch1,node0)', '~locked(epoch2,node1)']
328 (*) : -----0----------------------------0--0-------------1----
328     : ['transfer(epoch3,node1)', '~(ep(node1)=epoch1)', '~locked(epoch1,node0)', '~locked(epoch2,node1)']
329     : -0---------------------------------00-------------1-----
329     : ['transfer(epoch3,node0)', '~(ep(node0)=epoch1)', '~locked(epoch1,node1)', '~locked(epoch2,node0)']
348 (*) : 0---------------------------------0-0--------------1----
348     : ['transfer(epoch3,node1)', '~(ep(node0)=epoch0)', '~locked(epoch1,node0)', '~locked(epoch2,node0)']
349     : ----0------------------------------0-0------------1-----
349     : ['transfer(epoch3,node0)', '~(ep(node1)=epoch0)', '~locked(epoch1,node1)', '~locked(epoch2,node1)']
368 (*) : ----0------------------------------0-0-------------1----
368     : ['transfer(epoch3,node1)', '~(ep(node1)=epoch0)', '~locked(epoch1,node1)', '~locked(epoch2,node1)']
369     : 0---------------------------------0-0-------------1-----
369     : ['transfer(epoch3,node0)', '~(ep(node0)=epoch0)', '~locked(epoch1,node0)', '~locked(epoch2,node0)']
num_forall :   0
num_exists :   0
num_literals : 0
quantified form : None
qcost : 0


=== Prime Orbit 67 =====================
size : 16
num_suborbits: 8
286 (*) : -0--------------------------------1-0--------------1----
286     : ['locked(epoch1,node0)', 'transfer(epoch3,node1)', '~(ep(node0)=epoch1)', '~locked(epoch2,node0)']
287     : -----0-----------------------------1-0------------1-----
287     : ['locked(epoch1,node1)', 'transfer(epoch3,node0)', '~(ep(node1)=epoch1)', '~locked(epoch2,node1)']
294 (*) : -0---------------------------------0-1-------------1----
294     : ['locked(epoch2,node1)', 'transfer(epoch3,node1)', '~(ep(node0)=epoch1)', '~locked(epoch1,node1)']
295     : -----0----------------------------0-1-------------1-----
295     : ['locked(epoch2,node0)', 'transfer(epoch3,node0)', '~(ep(node1)=epoch1)', '~locked(epoch1,node0)']
306 (*) : 0---------------------------------0--1-------------1----
306     : ['locked(epoch2,node1)', 'transfer(epoch3,node1)', '~(ep(node0)=epoch0)', '~locked(epoch1,node0)']
307     : ----0------------------------------01-------------1-----
307     : ['locked(epoch2,node0)', 'transfer(epoch3,node0)', '~(ep(node1)=epoch0)', '~locked(epoch1,node1)']
310 (*) : ----0-----------------------------1--0-------------1----
310     : ['locked(epoch1,node0)', 'transfer(epoch3,node1)', '~(ep(node1)=epoch0)', '~locked(epoch2,node1)']
311     : 0----------------------------------10-------------1-----
311     : ['locked(epoch1,node1)', 'transfer(epoch3,node0)', '~(ep(node0)=epoch0)', '~locked(epoch2,node0)']
326 (*) : -----0-----------------------------1-0-------------1----
326     : ['locked(epoch1,node1)', 'transfer(epoch3,node1)', '~(ep(node1)=epoch1)', '~locked(epoch2,node1)']
327     : -0--------------------------------1-0-------------1-----
327     : ['locked(epoch1,node0)', 'transfer(epoch3,node0)', '~(ep(node0)=epoch1)', '~locked(epoch2,node0)']
354 (*) : 0----------------------------------10--------------1----
354     : ['locked(epoch1,node1)', 'transfer(epoch3,node1)', '~(ep(node0)=epoch0)', '~locked(epoch2,node0)']
355     : ----0-----------------------------1--0------------1-----
355     : ['locked(epoch1,node0)', 'transfer(epoch3,node0)', '~(ep(node1)=epoch0)', '~locked(epoch2,node1)']
376 (*) : ----0------------------------------01--------------1----
376     : ['locked(epoch2,node0)', 'transfer(epoch3,node1)', '~(ep(node1)=epoch0)', '~locked(epoch1,node1)']
377     : 0---------------------------------0--1------------1-----
377     : ['locked(epoch2,node1)', 'transfer(epoch3,node0)', '~(ep(node0)=epoch0)', '~locked(epoch1,node0)']
382 (*) : -----0----------------------------0-1--------------1----
382     : ['locked(epoch2,node0)', 'transfer(epoch3,node1)', '~(ep(node1)=epoch1)', '~locked(epoch1,node0)']
383     : -0---------------------------------0-1------------1-----
383     : ['locked(epoch2,node1)', 'transfer(epoch3,node0)', '~(ep(node0)=epoch1)', '~locked(epoch1,node1)']
num_forall :   0
num_exists :   0
num_literals : 0
quantified form : None
qcost : 0


=== Prime Orbit 68 =====================
size : 8
num_suborbits: 4
292 (*) : -0-------0---------------------------1-------------1----
292     : ['locked(epoch2,node1)', 'transfer(epoch3,node1)', '~(ep(node0)=epoch1)', '~(first=node1)']
293     : -----0--0---------------------------1-------------1-----
293     : ['locked(epoch2,node0)', 'transfer(epoch3,node0)', '~(ep(node1)=epoch1)', '~(first=node0)']
304 (*) : 0-------0----------------------------1-------------1----
304     : ['locked(epoch2,node1)', 'transfer(epoch3,node1)', '~(ep(node0)=epoch0)', '~(first=node0)']
305     : ----0----0--------------------------1-------------1-----
305     : ['locked(epoch2,node0)', 'transfer(epoch3,node0)', '~(ep(node1)=epoch0)', '~(first=node1)']
374 (*) : ----0----0--------------------------1--------------1----
374     : ['locked(epoch2,node0)', 'transfer(epoch3,node1)', '~(ep(node1)=epoch0)', '~(first=node1)']
375     : 0-------0----------------------------1------------1-----
375     : ['locked(epoch2,node1)', 'transfer(epoch3,node0)', '~(ep(node0)=epoch0)', '~(first=node0)']
388 (*) : -----0--0---------------------------1--------------1----
388     : ['locked(epoch2,node0)', 'transfer(epoch3,node1)', '~(ep(node1)=epoch1)', '~(first=node0)']
389     : -0-------0---------------------------1------------1-----
389     : ['locked(epoch2,node1)', 'transfer(epoch3,node0)', '~(ep(node0)=epoch1)', '~(first=node1)']
num_forall :   0
num_exists :   0
num_literals : 0
quantified form : None
qcost : 0


=== Prime Orbit 69 =====================
size : 8
num_suborbits: 4
296 (*) : -0------1----------------------------1-------------1----
296     : ['(first=node0)', 'locked(epoch2,node1)', 'transfer(epoch3,node1)', '~(ep(node0)=epoch1)']
297     : -----0---1--------------------------1-------------1-----
297     : ['(first=node1)', 'locked(epoch2,node0)', 'transfer(epoch3,node0)', '~(ep(node1)=epoch1)']
300 (*) : 0--------1---------------------------1-------------1----
300     : ['(first=node1)', 'locked(epoch2,node1)', 'transfer(epoch3,node1)', '~(ep(node0)=epoch0)']
301     : ----0---1---------------------------1-------------1-----
301     : ['(first=node0)', 'locked(epoch2,node0)', 'transfer(epoch3,node0)', '~(ep(node1)=epoch0)']
378 (*) : ----0---1---------------------------1--------------1----
378     : ['(first=node0)', 'locked(epoch2,node0)', 'transfer(epoch3,node1)', '~(ep(node1)=epoch0)']
379     : 0--------1---------------------------1------------1-----
379     : ['(first=node1)', 'locked(epoch2,node1)', 'transfer(epoch3,node0)', '~(ep(node0)=epoch0)']
384 (*) : -----0---1--------------------------1--------------1----
384     : ['(first=node1)', 'locked(epoch2,node0)', 'transfer(epoch3,node1)', '~(ep(node1)=epoch1)']
385     : -0------1----------------------------1------------1-----
385     : ['(first=node0)', 'locked(epoch2,node1)', 'transfer(epoch3,node0)', '~(ep(node0)=epoch1)']
num_forall :   0
num_exists :   0
num_literals : 0
quantified form : None
qcost : 0


=== Prime Orbit 70 =====================
size : 8
num_suborbits: 4
298 (*) : -0--------------------------------1--1-------------1----
298     : ['locked(epoch1,node0)', 'locked(epoch2,node1)', 'transfer(epoch3,node1)', '~(ep(node0)=epoch1)']
299     : -----0-----------------------------11-------------1-----
299     : ['locked(epoch1,node1)', 'locked(epoch2,node0)', 'transfer(epoch3,node0)', '~(ep(node1)=epoch1)']
302 (*) : 0----------------------------------1-1-------------1----
302     : ['locked(epoch1,node1)', 'locked(epoch2,node1)', 'transfer(epoch3,node1)', '~(ep(node0)=epoch0)']
303     : ----0-----------------------------1-1-------------1-----
303     : ['locked(epoch1,node0)', 'locked(epoch2,node0)', 'transfer(epoch3,node0)', '~(ep(node1)=epoch0)']
372 (*) : ----0-----------------------------1-1--------------1----
372     : ['locked(epoch1,node0)', 'locked(epoch2,node0)', 'transfer(epoch3,node1)', '~(ep(node1)=epoch0)']
373     : 0----------------------------------1-1------------1-----
373     : ['locked(epoch1,node1)', 'locked(epoch2,node1)', 'transfer(epoch3,node0)', '~(ep(node0)=epoch0)']
386 (*) : -----0-----------------------------11--------------1----
386     : ['locked(epoch1,node1)', 'locked(epoch2,node0)', 'transfer(epoch3,node1)', '~(ep(node1)=epoch1)']
387     : -0--------------------------------1--1------------1-----
387     : ['locked(epoch1,node0)', 'locked(epoch2,node1)', 'transfer(epoch3,node0)', '~(ep(node0)=epoch1)']
num_forall :   0
num_exists :   0
num_literals : 0
quantified form : None
qcost : 0


=== Prime Orbit 71 =====================
size : 12
num_suborbits: 6
390 (*) : --0--0--0---------------------------1-------------------
390     : ['locked(epoch2,node0)', '~(ep(node0)=epoch2)', '~(ep(node1)=epoch1)', '~(first=node0)']
391     : -0----0--0---------------------------1------------------
391     : ['locked(epoch2,node1)', '~(ep(node0)=epoch1)', '~(ep(node1)=epoch2)', '~(first=node1)']
392 (*) : -----0-00---------------------------1-------------------
392     : ['locked(epoch2,node0)', '~(ep(node1)=epoch1)', '~(ep(node1)=epoch3)', '~(first=node0)']
393     : -0-0-----0---------------------------1------------------
393     : ['locked(epoch2,node1)', '~(ep(node0)=epoch1)', '~(ep(node0)=epoch3)', '~(first=node1)']
478 (*) : ----0--0-0--------------------------1-------------------
478     : ['locked(epoch2,node0)', '~(ep(node1)=epoch0)', '~(ep(node1)=epoch3)', '~(first=node1)']
479     : 0--0----0----------------------------1------------------
479     : ['locked(epoch2,node1)', '~(ep(node0)=epoch0)', '~(ep(node0)=epoch3)', '~(first=node0)']
502 (*) : --0-0----0--------------------------1-------------------
502     : ['locked(epoch2,node0)', '~(ep(node0)=epoch2)', '~(ep(node1)=epoch0)', '~(first=node1)']
503     : 0-----0-0----------------------------1------------------
503     : ['locked(epoch2,node1)', '~(ep(node0)=epoch0)', '~(ep(node1)=epoch2)', '~(first=node0)']
632 (*) : -00------0-----------------------------1----------------
632     : ['locked(epoch3,node1)', '~(ep(node0)=epoch1)', '~(ep(node0)=epoch2)', '~(first=node1)']
633     : -----00-0-----------------------------1-----------------
633     : ['locked(epoch3,node0)', '~(ep(node1)=epoch1)', '~(ep(node1)=epoch2)', '~(first=node0)']
876 (*) : 0-0-----0------------------------------1----------------
876     : ['locked(epoch3,node1)', '~(ep(node0)=epoch0)', '~(ep(node0)=epoch2)', '~(first=node0)']
877     : ----0-0--0----------------------------1-----------------
877     : ['locked(epoch3,node0)', '~(ep(node1)=epoch0)', '~(ep(node1)=epoch2)', '~(first=node1)']
num_forall :   0
num_exists :   0
num_literals : 0
quantified form : None
qcost : 0


=== Prime Orbit 72 =====================
size : 8
num_suborbits: 4
394 (*) : -----0--0---------------------------1--0----------------
394     : ['locked(epoch2,node0)', '~(ep(node1)=epoch1)', '~(first=node0)', '~locked(epoch3,node1)']
395     : -0-------0---------------------------10-----------------
395     : ['locked(epoch2,node1)', '~(ep(node0)=epoch1)', '~(first=node1)', '~locked(epoch3,node0)']
474 (*) : ----0----0--------------------------1--0----------------
474     : ['locked(epoch2,node0)', '~(ep(node1)=epoch0)', '~(first=node1)', '~locked(epoch3,node1)']
475     : 0-------0----------------------------10-----------------
475     : ['locked(epoch2,node1)', '~(ep(node0)=epoch0)', '~(first=node0)', '~locked(epoch3,node0)']
624 (*) : -0-------0--------------------------0--1----------------
624     : ['locked(epoch3,node1)', '~(ep(node0)=epoch1)', '~(first=node1)', '~locked(epoch2,node0)']
625     : -----0--0----------------------------01-----------------
625     : ['locked(epoch3,node0)', '~(ep(node1)=epoch1)', '~(first=node0)', '~locked(epoch2,node1)']
874 (*) : 0-------0---------------------------0--1----------------
874     : ['locked(epoch3,node1)', '~(ep(node0)=epoch0)', '~(first=node0)', '~locked(epoch2,node0)']
875     : ----0----0---------------------------01-----------------
875     : ['locked(epoch3,node0)', '~(ep(node1)=epoch0)', '~(first=node1)', '~locked(epoch2,node1)']
num_forall :   0
num_exists :   0
num_literals : 0
quantified form : None
qcost : 0


=== Prime Orbit 73 =====================
size : 4
num_suborbits: 2
396 (*) : -----0--0------0--------------------1-------------------
396     : ['locked(epoch2,node0)', '~(ep(node1)=epoch1)', '~(first=node0)', '~held(node1)']
397     : -0-------0----0----------------------1------------------
397     : ['locked(epoch2,node1)', '~(ep(node0)=epoch1)', '~(first=node1)', '~held(node0)']
476 (*) : ----0----0-----0--------------------1-------------------
476     : ['locked(epoch2,node0)', '~(ep(node1)=epoch0)', '~(first=node1)', '~held(node1)']
477     : 0-------0-----0----------------------1------------------
477     : ['locked(epoch2,node1)', '~(ep(node0)=epoch0)', '~(first=node0)', '~held(node0)']
num_forall :   0
num_exists :   0
num_literals : 0
quantified form : None
qcost : 0


=== Prime Orbit 74 =====================
size : 4
num_suborbits: 2
398 (*) : ----0----------0------------------1-1-------------------
398     : ['locked(epoch1,node0)', 'locked(epoch2,node0)', '~(ep(node1)=epoch0)', '~held(node1)']
399     : 0-------------0--------------------1-1------------------
399     : ['locked(epoch1,node1)', 'locked(epoch2,node1)', '~(ep(node0)=epoch0)', '~held(node0)']
428 (*) : -----0---------0-------------------11-------------------
428     : ['locked(epoch1,node1)', 'locked(epoch2,node0)', '~(ep(node1)=epoch1)', '~held(node1)']
429     : -0------------0-------------------1--1------------------
429     : ['locked(epoch1,node0)', 'locked(epoch2,node1)', '~(ep(node0)=epoch1)', '~held(node0)']
num_forall :   0
num_exists :   0
num_literals : 0
quantified form : None
qcost : 0


=== Prime Orbit 75 =====================
size : 14
num_suborbits: 7
400 (*) : ----0--0--------------------------1-1-------------------
400     : ['locked(epoch1,node0)', 'locked(epoch2,node0)', '~(ep(node1)=epoch0)', '~(ep(node1)=epoch3)']
401     : 0--0-------------------------------1-1------------------
401     : ['locked(epoch1,node1)', 'locked(epoch2,node1)', '~(ep(node0)=epoch0)', '~(ep(node0)=epoch3)']
404 (*) : --0-0-----------------------------1-1-------------------
404     : ['locked(epoch1,node0)', 'locked(epoch2,node0)', '~(ep(node0)=epoch2)', '~(ep(node1)=epoch0)']
405     : 0-----0----------------------------1-1------------------
405     : ['locked(epoch1,node1)', 'locked(epoch2,node1)', '~(ep(node0)=epoch0)', '~(ep(node1)=epoch2)']
436 (*) : --0--0-----------------------------11-------------------
436     : ['locked(epoch1,node1)', 'locked(epoch2,node0)', '~(ep(node0)=epoch2)', '~(ep(node1)=epoch1)']
437     : -0----0---------------------------1--1------------------
437     : ['locked(epoch1,node0)', 'locked(epoch2,node1)', '~(ep(node0)=epoch1)', '~(ep(node1)=epoch2)']
446 (*) : -----0-0---------------------------11-------------------
446     : ['locked(epoch1,node1)', 'locked(epoch2,node0)', '~(ep(node1)=epoch1)', '~(ep(node1)=epoch3)']
447     : -0-0------------------------------1--1------------------
447     : ['locked(epoch1,node0)', 'locked(epoch2,node1)', '~(ep(node0)=epoch1)', '~(ep(node0)=epoch3)']
508 (*) : ----00------------------------------1-1-----------------
508     : ['locked(epoch2,node0)', 'locked(epoch3,node0)', '~(ep(node1)=epoch0)', '~(ep(node1)=epoch1)']
509     : 00-----------------------------------1-1----------------
509     : ['locked(epoch2,node1)', 'locked(epoch3,node1)', '~(ep(node0)=epoch0)', '~(ep(node0)=epoch1)']
630 (*) : -00-------------------------------1----1----------------
630     : ['locked(epoch1,node0)', 'locked(epoch3,node1)', '~(ep(node0)=epoch1)', '~(ep(node0)=epoch2)']
631     : -----00----------------------------1--1-----------------
631     : ['locked(epoch1,node1)', 'locked(epoch3,node0)', '~(ep(node1)=epoch1)', '~(ep(node1)=epoch2)']
898 (*) : 0-0--------------------------------1---1----------------
898     : ['locked(epoch1,node1)', 'locked(epoch3,node1)', '~(ep(node0)=epoch0)', '~(ep(node0)=epoch2)']
899     : ----0-0---------------------------1---1-----------------
899     : ['locked(epoch1,node0)', 'locked(epoch3,node0)', '~(ep(node1)=epoch0)', '~(ep(node1)=epoch2)']
num_forall :   0
num_exists :   0
num_literals : 0
quantified form : None
qcost : 0


=== Prime Orbit 76 =====================
size : 12
num_suborbits: 6
402 (*) : ----0-----------------------------1-1--0----------------
402     : ['locked(epoch1,node0)', 'locked(epoch2,node0)', '~(ep(node1)=epoch0)', '~locked(epoch3,node1)']
403     : 0----------------------------------1-10-----------------
403     : ['locked(epoch1,node1)', 'locked(epoch2,node1)', '~(ep(node0)=epoch0)', '~locked(epoch3,node0)']
432 (*) : -----0-----------------------------11--0----------------
432     : ['locked(epoch1,node1)', 'locked(epoch2,node0)', '~(ep(node1)=epoch1)', '~locked(epoch3,node1)']
433     : -0--------------------------------1--10-----------------
433     : ['locked(epoch1,node0)', 'locked(epoch2,node1)', '~(ep(node0)=epoch1)', '~locked(epoch3,node0)']
466 (*) : -----0----------------------------0-1-1-----------------
466     : ['locked(epoch2,node0)', 'locked(epoch3,node0)', '~(ep(node1)=epoch1)', '~locked(epoch1,node0)']
467     : -0---------------------------------0-1-1----------------
467     : ['locked(epoch2,node1)', 'locked(epoch3,node1)', '~(ep(node0)=epoch1)', '~locked(epoch1,node1)']
514 (*) : ----0------------------------------01-1-----------------
514     : ['locked(epoch2,node0)', 'locked(epoch3,node0)', '~(ep(node1)=epoch0)', '~locked(epoch1,node1)']
515     : 0---------------------------------0--1-1----------------
515     : ['locked(epoch2,node1)', 'locked(epoch3,node1)', '~(ep(node0)=epoch0)', '~locked(epoch1,node0)']
596 (*) : -0--------------------------------1-0--1----------------
596     : ['locked(epoch1,node0)', 'locked(epoch3,node1)', '~(ep(node0)=epoch1)', '~locked(epoch2,node0)']
597     : -----0-----------------------------1-01-----------------
597     : ['locked(epoch1,node1)', 'locked(epoch3,node0)', '~(ep(node1)=epoch1)', '~locked(epoch2,node1)']
900 (*) : 0----------------------------------10--1----------------
900     : ['locked(epoch1,node1)', 'locked(epoch3,node1)', '~(ep(node0)=epoch0)', '~locked(epoch2,node0)']
901     : ----0-----------------------------1--01-----------------
901     : ['locked(epoch1,node0)', 'locked(epoch3,node0)', '~(ep(node1)=epoch0)', '~locked(epoch2,node1)']
num_forall :   0
num_exists :   0
num_literals : 0
quantified form : None
qcost : 0


=== Prime Orbit 77 =====================
size : 4
num_suborbits: 2
406 (*) : ----0---------1-------------------1-1-------------------
406     : ['held(node0)', 'locked(epoch1,node0)', 'locked(epoch2,node0)', '~(ep(node1)=epoch0)']
407     : 0--------------1-------------------1-1------------------
407     : ['held(node1)', 'locked(epoch1,node1)', 'locked(epoch2,node1)', '~(ep(node0)=epoch0)']
430 (*) : -----0--------1--------------------11-------------------
430     : ['held(node0)', 'locked(epoch1,node1)', 'locked(epoch2,node0)', '~(ep(node1)=epoch1)']
431     : -0-------------1------------------1--1------------------
431     : ['held(node1)', 'locked(epoch1,node0)', 'locked(epoch2,node1)', '~(ep(node0)=epoch1)']
num_forall :   0
num_exists :   0
num_literals : 0
quantified form : None
qcost : 0


=== Prime Orbit 78 =====================
size : 4
num_suborbits: 2
408 (*) : ----0-----------------------------1-1-1-----------------
408     : ['locked(epoch1,node0)', 'locked(epoch2,node0)', 'locked(epoch3,node0)', '~(ep(node1)=epoch0)']
409     : 0----------------------------------1-1-1----------------
409     : ['locked(epoch1,node1)', 'locked(epoch2,node1)', 'locked(epoch3,node1)', '~(ep(node0)=epoch0)']
434 (*) : -----0-----------------------------11-1-----------------
434     : ['locked(epoch1,node1)', 'locked(epoch2,node0)', 'locked(epoch3,node0)', '~(ep(node1)=epoch1)']
435     : -0--------------------------------1--1-1----------------
435     : ['locked(epoch1,node0)', 'locked(epoch2,node1)', 'locked(epoch3,node1)', '~(ep(node0)=epoch1)']
num_forall :   0
num_exists :   0
num_literals : 0
quantified form : None
qcost : 0


=== Prime Orbit 79 =====================
size : 4
num_suborbits: 2
410 (*) : ---10-----------------------------1-1-------------------
410     : ['(ep(node0)=epoch3)', 'locked(epoch1,node0)', 'locked(epoch2,node0)', '~(ep(node1)=epoch0)']
411     : 0------1---------------------------1-1------------------
411     : ['(ep(node1)=epoch3)', 'locked(epoch1,node1)', 'locked(epoch2,node1)', '~(ep(node0)=epoch0)']
420 (*) : ---1-0-----------------------------11-------------------
420     : ['(ep(node0)=epoch3)', 'locked(epoch1,node1)', 'locked(epoch2,node0)', '~(ep(node1)=epoch1)']
421     : -0-----1--------------------------1--1------------------
421     : ['(ep(node1)=epoch3)', 'locked(epoch1,node0)', 'locked(epoch2,node1)', '~(ep(node0)=epoch1)']
num_forall :   0
num_exists :   0
num_literals : 0
quantified form : None
qcost : 0


=== Prime Orbit 80 =====================
size : 12
num_suborbits: 6
412 (*) : ---10------------------------------01-------------------
412     : ['(ep(node0)=epoch3)', 'locked(epoch2,node0)', '~(ep(node1)=epoch0)', '~locked(epoch1,node1)']
413     : 0------1--------------------------0--1------------------
413     : ['(ep(node1)=epoch3)', 'locked(epoch2,node1)', '~(ep(node0)=epoch0)', '~locked(epoch1,node0)']
422 (*) : ---1-0----------------------------0-1-------------------
422     : ['(ep(node0)=epoch3)', 'locked(epoch2,node0)', '~(ep(node1)=epoch1)', '~locked(epoch1,node0)']
423     : -0-----1---------------------------0-1------------------
423     : ['(ep(node1)=epoch3)', 'locked(epoch2,node1)', '~(ep(node0)=epoch1)', '~locked(epoch1,node1)']
576 (*) : -0-----1--------------------------1-0-------------------
576     : ['(ep(node1)=epoch3)', 'locked(epoch1,node0)', '~(ep(node0)=epoch1)', '~locked(epoch2,node0)']
577     : ---1-0-----------------------------1-0------------------
577     : ['(ep(node0)=epoch3)', 'locked(epoch1,node1)', '~(ep(node1)=epoch1)', '~locked(epoch2,node1)']
712 (*) : -0----1---------------------------1---0-----------------
712     : ['(ep(node1)=epoch2)', 'locked(epoch1,node0)', '~(ep(node0)=epoch1)', '~locked(epoch3,node0)']
713     : --1--0-----------------------------1---0----------------
713     : ['(ep(node0)=epoch2)', 'locked(epoch1,node1)', '~(ep(node1)=epoch1)', '~locked(epoch3,node1)']
818 (*) : 0-----1----------------------------1--0-----------------
818     : ['(ep(node1)=epoch2)', 'locked(epoch1,node1)', '~(ep(node0)=epoch0)', '~locked(epoch3,node0)']
819     : --1-0-----------------------------1----0----------------
819     : ['(ep(node0)=epoch2)', 'locked(epoch1,node0)', '~(ep(node1)=epoch0)', '~locked(epoch3,node1)']
856 (*) : ---10-----------------------------1--0------------------
856     : ['(ep(node0)=epoch3)', 'locked(epoch1,node0)', '~(ep(node1)=epoch0)', '~locked(epoch2,node1)']
857     : 0------1---------------------------10-------------------
857     : ['(ep(node1)=epoch3)', 'locked(epoch1,node1)', '~(ep(node0)=epoch0)', '~locked(epoch2,node0)']
num_forall :   0
num_exists :   0
num_literals : 0
quantified form : None
qcost : 0


=== Prime Orbit 81 =====================
size : 10
num_suborbits: 5
414 (*) : ---100------------------------------1-------------------
414     : ['(ep(node0)=epoch3)', 'locked(epoch2,node0)', '~(ep(node1)=epoch0)', '~(ep(node1)=epoch1)']
415     : 00-----1-----------------------------1------------------
415     : ['(ep(node1)=epoch3)', 'locked(epoch2,node1)', '~(ep(node0)=epoch0)', '~(ep(node0)=epoch1)']
566 (*) : -00----1--------------------------1---------------------
566     : ['(ep(node1)=epoch3)', 'locked(epoch1,node0)', '~(ep(node0)=epoch1)', '~(ep(node0)=epoch2)']
567     : ---1-00----------------------------1--------------------
567     : ['(ep(node0)=epoch3)', 'locked(epoch1,node1)', '~(ep(node1)=epoch1)', '~(ep(node1)=epoch2)']
710 (*) : -0-0--1---------------------------1---------------------
710     : ['(ep(node1)=epoch2)', 'locked(epoch1,node0)', '~(ep(node0)=epoch1)', '~(ep(node0)=epoch3)']
711     : --1--0-0---------------------------1--------------------
711     : ['(ep(node0)=epoch2)', 'locked(epoch1,node1)', '~(ep(node1)=epoch1)', '~(ep(node1)=epoch3)']
830 (*) : 0--0--1----------------------------1--------------------
830     : ['(ep(node1)=epoch2)', 'locked(epoch1,node1)', '~(ep(node0)=epoch0)', '~(ep(node0)=epoch3)']
831     : --1-0--0--------------------------1---------------------
831     : ['(ep(node0)=epoch2)', 'locked(epoch1,node0)', '~(ep(node1)=epoch0)', '~(ep(node1)=epoch3)']
848 (*) : ---10-0---------------------------1---------------------
848     : ['(ep(node0)=epoch3)', 'locked(epoch1,node0)', '~(ep(node1)=epoch0)', '~(ep(node1)=epoch2)']
849     : 0-0----1---------------------------1--------------------
849     : ['(ep(node1)=epoch3)', 'locked(epoch1,node1)', '~(ep(node0)=epoch0)', '~(ep(node0)=epoch2)']
num_forall :   0
num_exists :   0
num_literals : 0
quantified form : None
qcost : 0


=== Prime Orbit 82 =====================
size : 4
num_suborbits: 2
416 (*) : ---10----0--------------------------1-------------------
416     : ['(ep(node0)=epoch3)', 'locked(epoch2,node0)', '~(ep(node1)=epoch0)', '~(first=node1)']
417     : 0------10----------------------------1------------------
417     : ['(ep(node1)=epoch3)', 'locked(epoch2,node1)', '~(ep(node0)=epoch0)', '~(first=node0)']
426 (*) : ---1-0--0---------------------------1-------------------
426     : ['(ep(node0)=epoch3)', 'locked(epoch2,node0)', '~(ep(node1)=epoch1)', '~(first=node0)']
427     : -0-----1-0---------------------------1------------------
427     : ['(ep(node1)=epoch3)', 'locked(epoch2,node1)', '~(ep(node0)=epoch1)', '~(first=node1)']
num_forall :   0
num_exists :   0
num_literals : 0
quantified form : None
qcost : 0


=== Prime Orbit 83 =====================
size : 4
num_suborbits: 2
418 (*) : ---10---1---------------------------1-------------------
418     : ['(ep(node0)=epoch3)', '(first=node0)', 'locked(epoch2,node0)', '~(ep(node1)=epoch0)']
419     : 0------1-1---------------------------1------------------
419     : ['(ep(node1)=epoch3)', '(first=node1)', 'locked(epoch2,node1)', '~(ep(node0)=epoch0)']
424 (*) : ---1-0---1--------------------------1-------------------
424     : ['(ep(node0)=epoch3)', '(first=node1)', 'locked(epoch2,node0)', '~(ep(node1)=epoch1)']
425     : -0-----11----------------------------1------------------
425     : ['(ep(node1)=epoch3)', '(first=node0)', 'locked(epoch2,node1)', '~(ep(node0)=epoch1)']
num_forall :   0
num_exists :   0
num_literals : 0
quantified form : None
qcost : 0


=== Prime Orbit 84 =====================
size : 24
num_suborbits: 12
438 (*) : --0--0----------------------------0-1-------------------
438     : ['locked(epoch2,node0)', '~(ep(node0)=epoch2)', '~(ep(node1)=epoch1)', '~locked(epoch1,node0)']
439     : -0----0----------------------------0-1------------------
439     : ['locked(epoch2,node1)', '~(ep(node0)=epoch1)', '~(ep(node1)=epoch2)', '~locked(epoch1,node1)']
444 (*) : -----0-0--------------------------0-1-------------------
444     : ['locked(epoch2,node0)', '~(ep(node1)=epoch1)', '~(ep(node1)=epoch3)', '~locked(epoch1,node0)']
445     : -0-0-------------------------------0-1------------------
445     : ['locked(epoch2,node1)', '~(ep(node0)=epoch1)', '~(ep(node0)=epoch3)', '~locked(epoch1,node1)']
468 (*) : ----00------------------------------1--0----------------
468     : ['locked(epoch2,node0)', '~(ep(node1)=epoch0)', '~(ep(node1)=epoch1)', '~locked(epoch3,node1)']
469     : 00-----------------------------------10-----------------
469     : ['locked(epoch2,node1)', '~(ep(node0)=epoch0)', '~(ep(node0)=epoch1)', '~locked(epoch3,node0)']
490 (*) : ----0--0---------------------------01-------------------
490     : ['locked(epoch2,node0)', '~(ep(node1)=epoch0)', '~(ep(node1)=epoch3)', '~locked(epoch1,node1)']
491     : 0--0------------------------------0--1------------------
491     : ['locked(epoch2,node1)', '~(ep(node0)=epoch0)', '~(ep(node0)=epoch3)', '~locked(epoch1,node0)']
506 (*) : --0-0------------------------------01-------------------
506     : ['locked(epoch2,node0)', '~(ep(node0)=epoch2)', '~(ep(node1)=epoch0)', '~locked(epoch1,node1)']
507     : 0-----0---------------------------0--1------------------
507     : ['locked(epoch2,node1)', '~(ep(node0)=epoch0)', '~(ep(node1)=epoch2)', '~locked(epoch1,node0)']
590 (*) : 00----------------------------------0--1----------------
590     : ['locked(epoch3,node1)', '~(ep(node0)=epoch0)', '~(ep(node0)=epoch1)', '~locked(epoch2,node0)']
591     : ----00-------------------------------01-----------------
591     : ['locked(epoch3,node0)', '~(ep(node1)=epoch0)', '~(ep(node1)=epoch1)', '~locked(epoch2,node1)']
600 (*) : -0-0------------------------------1-0-------------------
600     : ['locked(epoch1,node0)', '~(ep(node0)=epoch1)', '~(ep(node0)=epoch3)', '~locked(epoch2,node0)']
601     : -----0-0---------------------------1-0------------------
601     : ['locked(epoch1,node1)', '~(ep(node1)=epoch1)', '~(ep(node1)=epoch3)', '~locked(epoch2,node1)']
636 (*) : -00--------------------------------0---1----------------
636     : ['locked(epoch3,node1)', '~(ep(node0)=epoch1)', '~(ep(node0)=epoch2)', '~locked(epoch1,node1)']
637     : -----00---------------------------0---1-----------------
637     : ['locked(epoch3,node0)', '~(ep(node1)=epoch1)', '~(ep(node1)=epoch2)', '~locked(epoch1,node0)']
644 (*) : -00-------------------------------1---0-----------------
644     : ['locked(epoch1,node0)', '~(ep(node0)=epoch1)', '~(ep(node0)=epoch2)', '~locked(epoch3,node0)']
645     : -----00----------------------------1---0----------------
645     : ['locked(epoch1,node1)', '~(ep(node1)=epoch1)', '~(ep(node1)=epoch2)', '~locked(epoch3,node1)']
894 (*) : 0--0-------------------------------10-------------------
894     : ['locked(epoch1,node1)', '~(ep(node0)=epoch0)', '~(ep(node0)=epoch3)', '~locked(epoch2,node0)']
895     : ----0--0--------------------------1--0------------------
895     : ['locked(epoch1,node0)', '~(ep(node1)=epoch0)', '~(ep(node1)=epoch3)', '~locked(epoch2,node1)']
896 (*) : 0-0--------------------------------1--0-----------------
896     : ['locked(epoch1,node1)', '~(ep(node0)=epoch0)', '~(ep(node0)=epoch2)', '~locked(epoch3,node0)']
897     : ----0-0---------------------------1----0----------------
897     : ['locked(epoch1,node0)', '~(ep(node1)=epoch0)', '~(ep(node1)=epoch2)', '~locked(epoch3,node1)']
916 (*) : 0-0-------------------------------0----1----------------
916     : ['locked(epoch3,node1)', '~(ep(node0)=epoch0)', '~(ep(node0)=epoch2)', '~locked(epoch1,node0)']
917     : ----0-0----------------------------0--1-----------------
917     : ['locked(epoch3,node0)', '~(ep(node1)=epoch0)', '~(ep(node1)=epoch2)', '~locked(epoch1,node1)']
num_forall :   0
num_exists :   0
num_literals : 0
quantified form : None
qcost : 0


=== Prime Orbit 85 =====================
size : 12
num_suborbits: 6
440 (*) : --0--0---1--------------------------1-------------------
440     : ['(first=node1)', 'locked(epoch2,node0)', '~(ep(node0)=epoch2)', '~(ep(node1)=epoch1)']
441     : -0----0-1----------------------------1------------------
441     : ['(first=node0)', 'locked(epoch2,node1)', '~(ep(node0)=epoch1)', '~(ep(node1)=epoch2)']
442 (*) : -----0-0-1--------------------------1-------------------
442     : ['(first=node1)', 'locked(epoch2,node0)', '~(ep(node1)=epoch1)', '~(ep(node1)=epoch3)']
443     : -0-0----1----------------------------1------------------
443     : ['(first=node0)', 'locked(epoch2,node1)', '~(ep(node0)=epoch1)', '~(ep(node0)=epoch3)']
484 (*) : ----0--01---------------------------1-------------------
484     : ['(first=node0)', 'locked(epoch2,node0)', '~(ep(node1)=epoch0)', '~(ep(node1)=epoch3)']
485     : 0--0-----1---------------------------1------------------
485     : ['(first=node1)', 'locked(epoch2,node1)', '~(ep(node0)=epoch0)', '~(ep(node0)=epoch3)']
504 (*) : --0-0---1---------------------------1-------------------
504     : ['(first=node0)', 'locked(epoch2,node0)', '~(ep(node0)=epoch2)', '~(ep(node1)=epoch0)']
505     : 0-----0--1---------------------------1------------------
505     : ['(first=node1)', 'locked(epoch2,node1)', '~(ep(node0)=epoch0)', '~(ep(node1)=epoch2)']
634 (*) : -00-----1------------------------------1----------------
634     : ['(first=node0)', 'locked(epoch3,node1)', '~(ep(node0)=epoch1)', '~(ep(node0)=epoch2)']
635     : -----00--1----------------------------1-----------------
635     : ['(first=node1)', 'locked(epoch3,node0)', '~(ep(node1)=epoch1)', '~(ep(node1)=epoch2)']
910 (*) : 0-0------1-----------------------------1----------------
910     : ['(first=node1)', 'locked(epoch3,node1)', '~(ep(node0)=epoch0)', '~(ep(node0)=epoch2)']
911     : ----0-0-1-----------------------------1-----------------
911     : ['(first=node0)', 'locked(epoch3,node0)', '~(ep(node1)=epoch0)', '~(ep(node1)=epoch2)']
num_forall :   0
num_exists :   0
num_literals : 0
quantified form : None
qcost : 0


=== Prime Orbit 86 =====================
size : 8
num_suborbits: 4
448 (*) : -----0---1--------------------------1--0----------------
448     : ['(first=node1)', 'locked(epoch2,node0)', '~(ep(node1)=epoch1)', '~locked(epoch3,node1)']
449     : -0------1----------------------------10-----------------
449     : ['(first=node0)', 'locked(epoch2,node1)', '~(ep(node0)=epoch1)', '~locked(epoch3,node0)']
480 (*) : ----0---1---------------------------1--0----------------
480     : ['(first=node0)', 'locked(epoch2,node0)', '~(ep(node1)=epoch0)', '~locked(epoch3,node1)']
481     : 0--------1---------------------------10-----------------
481     : ['(first=node1)', 'locked(epoch2,node1)', '~(ep(node0)=epoch0)', '~locked(epoch3,node0)']
626 (*) : -0------1---------------------------0--1----------------
626     : ['(first=node0)', 'locked(epoch3,node1)', '~(ep(node0)=epoch1)', '~locked(epoch2,node0)']
627     : -----0---1---------------------------01-----------------
627     : ['(first=node1)', 'locked(epoch3,node0)', '~(ep(node1)=epoch1)', '~locked(epoch2,node1)']
912 (*) : 0--------1--------------------------0--1----------------
912     : ['(first=node1)', 'locked(epoch3,node1)', '~(ep(node0)=epoch0)', '~locked(epoch2,node0)']
913     : ----0---1----------------------------01-----------------
913     : ['(first=node0)', 'locked(epoch3,node0)', '~(ep(node1)=epoch0)', '~locked(epoch2,node1)']
num_forall :   0
num_exists :   0
num_literals : 0
quantified form : None
qcost : 0


=== Prime Orbit 87 =====================
size : 12
num_suborbits: 6
450 (*) : -----0----------------------------0-1--0----------------
450     : ['locked(epoch2,node0)', '~(ep(node1)=epoch1)', '~locked(epoch1,node0)', '~locked(epoch3,node1)']
451     : -0---------------------------------0-10-----------------
451     : ['locked(epoch2,node1)', '~(ep(node0)=epoch1)', '~locked(epoch1,node1)', '~locked(epoch3,node0)']
486 (*) : ----0------------------------------01--0----------------
486     : ['locked(epoch2,node0)', '~(ep(node1)=epoch0)', '~locked(epoch1,node1)', '~locked(epoch3,node1)']
487     : 0---------------------------------0--10-----------------
487     : ['locked(epoch2,node1)', '~(ep(node0)=epoch0)', '~locked(epoch1,node0)', '~locked(epoch3,node0)']
598 (*) : -0--------------------------------1-0-0-----------------
598     : ['locked(epoch1,node0)', '~(ep(node0)=epoch1)', '~locked(epoch2,node0)', '~locked(epoch3,node0)']
599     : -----0-----------------------------1-0-0----------------
599     : ['locked(epoch1,node1)', '~(ep(node1)=epoch1)', '~locked(epoch2,node1)', '~locked(epoch3,node1)']
610 (*) : -0---------------------------------00--1----------------
610     : ['locked(epoch3,node1)', '~(ep(node0)=epoch1)', '~locked(epoch1,node1)', '~locked(epoch2,node0)']
611     : -----0----------------------------0--01-----------------
611     : ['locked(epoch3,node0)', '~(ep(node1)=epoch1)', '~locked(epoch1,node0)', '~locked(epoch2,node1)']
890 (*) : 0----------------------------------10-0-----------------
890     : ['locked(epoch1,node1)', '~(ep(node0)=epoch0)', '~locked(epoch2,node0)', '~locked(epoch3,node0)']
891     : ----0-----------------------------1--0-0----------------
891     : ['locked(epoch1,node0)', '~(ep(node1)=epoch0)', '~locked(epoch2,node1)', '~locked(epoch3,node1)']
914 (*) : 0---------------------------------0-0--1----------------
914     : ['locked(epoch3,node1)', '~(ep(node0)=epoch0)', '~locked(epoch1,node0)', '~locked(epoch2,node0)']
915     : ----0------------------------------0-01-----------------
915     : ['locked(epoch3,node0)', '~(ep(node1)=epoch0)', '~locked(epoch1,node1)', '~locked(epoch2,node1)']
num_forall :   0
num_exists :   0
num_literals : 0
quantified form : None
qcost : 0


=== Prime Orbit 88 =====================
size : 4
num_suborbits: 2
452 (*) : -----0---1-----0--------------------1-------------------
452     : ['(first=node1)', 'locked(epoch2,node0)', '~(ep(node1)=epoch1)', '~held(node1)']
453     : -0------1-----0----------------------1------------------
453     : ['(first=node0)', 'locked(epoch2,node1)', '~(ep(node0)=epoch1)', '~held(node0)']
482 (*) : ----0---1------0--------------------1-------------------
482     : ['(first=node0)', 'locked(epoch2,node0)', '~(ep(node1)=epoch0)', '~held(node1)']
483     : 0--------1----0----------------------1------------------
483     : ['(first=node1)', 'locked(epoch2,node1)', '~(ep(node0)=epoch0)', '~held(node0)']
num_forall :   0
num_exists :   0
num_literals : 0
quantified form : None
qcost : 0


=== Prime Orbit 89 =====================
size : 8
num_suborbits: 4
454 (*) : -----0---------0------------------0-1-------------------
454     : ['locked(epoch2,node0)', '~(ep(node1)=epoch1)', '~held(node1)', '~locked(epoch1,node0)']
455     : -0------------0--------------------0-1------------------
455     : ['locked(epoch2,node1)', '~(ep(node0)=epoch1)', '~held(node0)', '~locked(epoch1,node1)']
488 (*) : ----0----------0-------------------01-------------------
488     : ['locked(epoch2,node0)', '~(ep(node1)=epoch0)', '~held(node1)', '~locked(epoch1,node1)']
489     : 0-------------0-------------------0--1------------------
489     : ['locked(epoch2,node1)', '~(ep(node0)=epoch0)', '~held(node0)', '~locked(epoch1,node0)']
546 (*) : -0------------0-------------------1-0-------------------
546     : ['locked(epoch1,node0)', '~(ep(node0)=epoch1)', '~held(node0)', '~locked(epoch2,node0)']
547     : -----0---------0-------------------1-0------------------
547     : ['locked(epoch1,node1)', '~(ep(node1)=epoch1)', '~held(node1)', '~locked(epoch2,node1)']
892 (*) : 0-------------0--------------------10-------------------
892     : ['locked(epoch1,node1)', '~(ep(node0)=epoch0)', '~held(node0)', '~locked(epoch2,node0)']
893     : ----0----------0------------------1--0------------------
893     : ['locked(epoch1,node0)', '~(ep(node1)=epoch0)', '~held(node1)', '~locked(epoch2,node1)']
num_forall :   0
num_exists :   0
num_literals : 0
quantified form : None
qcost : 0


=== Prime Orbit 90 =====================
size : 4
num_suborbits: 2
456 (*) : -----0---1----1---------------------1-------------------
456     : ['(first=node1)', 'held(node0)', 'locked(epoch2,node0)', '~(ep(node1)=epoch1)']
457     : -0------1------1---------------------1------------------
457     : ['(first=node0)', 'held(node1)', 'locked(epoch2,node1)', '~(ep(node0)=epoch1)']
498 (*) : ----0---1-----1---------------------1-------------------
498     : ['(first=node0)', 'held(node0)', 'locked(epoch2,node0)', '~(ep(node1)=epoch0)']
499     : 0--------1-----1---------------------1------------------
499     : ['(first=node1)', 'held(node1)', 'locked(epoch2,node1)', '~(ep(node0)=epoch0)']
num_forall :   0
num_exists :   0
num_literals : 0
quantified form : None
qcost : 0


=== Prime Orbit 91 =====================
size : 4
num_suborbits: 2
458 (*) : -----0--0-----1---------------------1-------------------
458     : ['held(node0)', 'locked(epoch2,node0)', '~(ep(node1)=epoch1)', '~(first=node0)']
459     : -0-------0-----1---------------------1------------------
459     : ['held(node1)', 'locked(epoch2,node1)', '~(ep(node0)=epoch1)', '~(first=node1)']
496 (*) : ----0----0----1---------------------1-------------------
496     : ['held(node0)', 'locked(epoch2,node0)', '~(ep(node1)=epoch0)', '~(first=node1)']
497     : 0-------0------1---------------------1------------------
497     : ['held(node1)', 'locked(epoch2,node1)', '~(ep(node0)=epoch0)', '~(first=node0)']
num_forall :   0
num_exists :   0
num_literals : 0
quantified form : None
qcost : 0


=== Prime Orbit 92 =====================
size : 16
num_suborbits: 8
460 (*) : -----0--------1-------------------0-1-------------------
460     : ['held(node0)', 'locked(epoch2,node0)', '~(ep(node1)=epoch1)', '~locked(epoch1,node0)']
461     : -0-------------1-------------------0-1------------------
461     : ['held(node1)', 'locked(epoch2,node1)', '~(ep(node0)=epoch1)', '~locked(epoch1,node1)']
492 (*) : ----0---------1--------------------01-------------------
492     : ['held(node0)', 'locked(epoch2,node0)', '~(ep(node1)=epoch0)', '~locked(epoch1,node1)']
493     : 0--------------1------------------0--1------------------
493     : ['held(node1)', 'locked(epoch2,node1)', '~(ep(node0)=epoch0)', '~locked(epoch1,node0)']
602 (*) : -0-------------1------------------1-0-------------------
602     : ['held(node1)', 'locked(epoch1,node0)', '~(ep(node0)=epoch1)', '~locked(epoch2,node0)']
603     : -----0--------1--------------------1-0------------------
603     : ['held(node0)', 'locked(epoch1,node1)', '~(ep(node1)=epoch1)', '~locked(epoch2,node1)']
670 (*) : -0-------------1------------------1----0----------------
670     : ['held(node1)', 'locked(epoch1,node0)', '~(ep(node0)=epoch1)', '~locked(epoch3,node1)']
671     : -----0--------1--------------------1--0-----------------
671     : ['held(node0)', 'locked(epoch1,node1)', '~(ep(node1)=epoch1)', '~locked(epoch3,node0)']
750 (*) : --0-----------1--------------------1--0-----------------
750     : ['held(node0)', 'locked(epoch1,node1)', '~(ep(node0)=epoch2)', '~locked(epoch3,node0)']
751     : ------0--------1------------------1----0----------------
751     : ['held(node1)', 'locked(epoch1,node0)', '~(ep(node1)=epoch2)', '~locked(epoch3,node1)']
770 (*) : ----0---------1-------------------1---0-----------------
770     : ['held(node0)', 'locked(epoch1,node0)', '~(ep(node1)=epoch0)', '~locked(epoch3,node0)']
771     : 0--------------1-------------------1---0----------------
771     : ['held(node1)', 'locked(epoch1,node1)', '~(ep(node0)=epoch0)', '~locked(epoch3,node1)']
782 (*) : ----0---------1-------------------1--0------------------
782     : ['held(node0)', 'locked(epoch1,node0)', '~(ep(node1)=epoch0)', '~locked(epoch2,node1)']
783     : 0--------------1-------------------10-------------------
783     : ['held(node1)', 'locked(epoch1,node1)', '~(ep(node0)=epoch0)', '~locked(epoch2,node0)']
800 (*) : ---0----------1--------------------10-------------------
800     : ['held(node0)', 'locked(epoch1,node1)', '~(ep(node0)=epoch3)', '~locked(epoch2,node0)']
801     : -------0-------1------------------1--0------------------
801     : ['held(node1)', 'locked(epoch1,node0)', '~(ep(node1)=epoch3)', '~locked(epoch2,node1)']
num_forall :   0
num_exists :   0
num_literals : 0
quantified form : None
qcost : 0


=== Prime Orbit 93 =====================
size : 4
num_suborbits: 2
462 (*) : -----0---1--------------------------1-1-----------------
462     : ['(first=node1)', 'locked(epoch2,node0)', 'locked(epoch3,node0)', '~(ep(node1)=epoch1)']
463     : -0------1----------------------------1-1----------------
463     : ['(first=node0)', 'locked(epoch2,node1)', 'locked(epoch3,node1)', '~(ep(node0)=epoch1)']
512 (*) : ----0---1---------------------------1-1-----------------
512     : ['(first=node0)', 'locked(epoch2,node0)', 'locked(epoch3,node0)', '~(ep(node1)=epoch0)']
513     : 0--------1---------------------------1-1----------------
513     : ['(first=node1)', 'locked(epoch2,node1)', 'locked(epoch3,node1)', '~(ep(node0)=epoch0)']
num_forall :   0
num_exists :   0
num_literals : 0
quantified form : None
qcost : 0


=== Prime Orbit 94 =====================
size : 4
num_suborbits: 2
464 (*) : -----0--0---------------------------1-1-----------------
464     : ['locked(epoch2,node0)', 'locked(epoch3,node0)', '~(ep(node1)=epoch1)', '~(first=node0)']
465     : -0-------0---------------------------1-1----------------
465     : ['locked(epoch2,node1)', 'locked(epoch3,node1)', '~(ep(node0)=epoch1)', '~(first=node1)']
510 (*) : ----0----0--------------------------1-1-----------------
510     : ['locked(epoch2,node0)', 'locked(epoch3,node0)', '~(ep(node1)=epoch0)', '~(first=node1)']
511     : 0-------0----------------------------1-1----------------
511     : ['locked(epoch2,node1)', 'locked(epoch3,node1)', '~(ep(node0)=epoch0)', '~(first=node0)']
num_forall :   0
num_exists :   0
num_literals : 0
quantified form : None
qcost : 0


=== Prime Orbit 95 =====================
size : 6
num_suborbits: 3
470 (*) : ----00---------0--------------------1-------------------
470     : ['locked(epoch2,node0)', '~(ep(node1)=epoch0)', '~(ep(node1)=epoch1)', '~held(node1)']
471     : 00------------0----------------------1------------------
471     : ['locked(epoch2,node1)', '~(ep(node0)=epoch0)', '~(ep(node0)=epoch1)', '~held(node0)']
542 (*) : -00-----------0-------------------1---------------------
542     : ['locked(epoch1,node0)', '~(ep(node0)=epoch1)', '~(ep(node0)=epoch2)', '~held(node0)']
543     : -----00--------0-------------------1--------------------
543     : ['locked(epoch1,node1)', '~(ep(node1)=epoch1)', '~(ep(node1)=epoch2)', '~held(node1)']
878 (*) : 0-0-----------0--------------------1--------------------
878     : ['locked(epoch1,node1)', '~(ep(node0)=epoch0)', '~(ep(node0)=epoch2)', '~held(node0)']
879     : ----0-0--------0------------------1---------------------
879     : ['locked(epoch1,node0)', '~(ep(node1)=epoch0)', '~(ep(node1)=epoch2)', '~held(node1)']
num_forall :   0
num_exists :   0
num_literals : 0
quantified form : None
qcost : 0


=== Prime Orbit 96 =====================
size : 10
num_suborbits: 5
472 (*) : ----00-0----------------------------1-------------------
472     : ['locked(epoch2,node0)', '~(ep(node1)=epoch0)', '~(ep(node1)=epoch1)', '~(ep(node1)=epoch3)']
473     : 00-0---------------------------------1------------------
473     : ['locked(epoch2,node1)', '~(ep(node0)=epoch0)', '~(ep(node0)=epoch1)', '~(ep(node0)=epoch3)']
500 (*) : --0-00------------------------------1-------------------
500     : ['locked(epoch2,node0)', '~(ep(node0)=epoch2)', '~(ep(node1)=epoch0)', '~(ep(node1)=epoch1)']
501     : 00----0------------------------------1------------------
501     : ['locked(epoch2,node1)', '~(ep(node0)=epoch0)', '~(ep(node0)=epoch1)', '~(ep(node1)=epoch2)']
628 (*) : 000------------------------------------1----------------
628     : ['locked(epoch3,node1)', '~(ep(node0)=epoch0)', '~(ep(node0)=epoch1)', '~(ep(node0)=epoch2)']
629     : ----000-------------------------------1-----------------
629     : ['locked(epoch3,node0)', '~(ep(node1)=epoch0)', '~(ep(node1)=epoch1)', '~(ep(node1)=epoch2)']
642 (*) : -000------------------------------1---------------------
642     : ['locked(epoch1,node0)', '~(ep(node0)=epoch1)', '~(ep(node0)=epoch2)', '~(ep(node0)=epoch3)']
643     : -----000---------------------------1--------------------
643     : ['locked(epoch1,node1)', '~(ep(node1)=epoch1)', '~(ep(node1)=epoch2)', '~(ep(node1)=epoch3)']
880 (*) : 0-00-------------------------------1--------------------
880     : ['locked(epoch1,node1)', '~(ep(node0)=epoch0)', '~(ep(node0)=epoch2)', '~(ep(node0)=epoch3)']
881     : ----0-00--------------------------1---------------------
881     : ['locked(epoch1,node0)', '~(ep(node1)=epoch0)', '~(ep(node1)=epoch2)', '~(ep(node1)=epoch3)']
num_forall :   0
num_exists :   0
num_literals : 0
quantified form : None
qcost : 0


=== Prime Orbit 97 =====================
size : 12
num_suborbits: 6
494 (*) : ----00--------1---------------------1-------------------
494     : ['held(node0)', 'locked(epoch2,node0)', '~(ep(node1)=epoch0)', '~(ep(node1)=epoch1)']
495     : 00-------------1---------------------1------------------
495     : ['held(node1)', 'locked(epoch2,node1)', '~(ep(node0)=epoch0)', '~(ep(node0)=epoch1)']
656 (*) : -0-----0-------1------------------1---------------------
656     : ['held(node1)', 'locked(epoch1,node0)', '~(ep(node0)=epoch1)', '~(ep(node1)=epoch3)']
657     : ---0-0--------1--------------------1--------------------
657     : ['held(node0)', 'locked(epoch1,node1)', '~(ep(node0)=epoch3)', '~(ep(node1)=epoch1)']
680 (*) : -00------------1------------------1---------------------
680     : ['held(node1)', 'locked(epoch1,node0)', '~(ep(node0)=epoch1)', '~(ep(node0)=epoch2)']
681     : -----00-------1--------------------1--------------------
681     : ['held(node0)', 'locked(epoch1,node1)', '~(ep(node1)=epoch1)', '~(ep(node1)=epoch2)']
780 (*) : ----0-0-------1-------------------1---------------------
780     : ['held(node0)', 'locked(epoch1,node0)', '~(ep(node1)=epoch0)', '~(ep(node1)=epoch2)']
781     : 0-0------------1-------------------1--------------------
781     : ['held(node1)', 'locked(epoch1,node1)', '~(ep(node0)=epoch0)', '~(ep(node0)=epoch2)']
784 (*) : ---00---------1-------------------1---------------------
784     : ['held(node0)', 'locked(epoch1,node0)', '~(ep(node0)=epoch3)', '~(ep(node1)=epoch0)']
785     : 0------0-------1-------------------1--------------------
785     : ['held(node1)', 'locked(epoch1,node1)', '~(ep(node0)=epoch0)', '~(ep(node1)=epoch3)']
798 (*) : --00----------1--------------------1--------------------
798     : ['held(node0)', 'locked(epoch1,node1)', '~(ep(node0)=epoch2)', '~(ep(node0)=epoch3)']
799     : ------00-------1------------------1---------------------
799     : ['held(node1)', 'locked(epoch1,node0)', '~(ep(node1)=epoch2)', '~(ep(node1)=epoch3)']
num_forall :   0
num_exists :   0
num_literals : 0
quantified form : None
qcost : 0


=== Prime Orbit 98 =====================
size : 2
num_suborbits: 1
534 (*) : 000-----------0-----------------------------------------
534     : ['~(ep(node0)=epoch0)', '~(ep(node0)=epoch1)', '~(ep(node0)=epoch2)', '~held(node0)']
535     : ----000--------0----------------------------------------
535     : ['~(ep(node1)=epoch0)', '~(ep(node1)=epoch1)', '~(ep(node1)=epoch2)', '~held(node1)']
num_forall :   0
num_exists :   0
num_literals : 0
quantified form : None
qcost : 0


=== Prime Orbit 99 =====================
size : 4
num_suborbits: 2
536 (*) : -00------0----0-----------------------------------------
536     : ['~(ep(node0)=epoch1)', '~(ep(node0)=epoch2)', '~(first=node1)', '~held(node0)']
537     : -----00-0------0----------------------------------------
537     : ['~(ep(node1)=epoch1)', '~(ep(node1)=epoch2)', '~(first=node0)', '~held(node1)']
868 (*) : 0-0-----0-----0-----------------------------------------
868     : ['~(ep(node0)=epoch0)', '~(ep(node0)=epoch2)', '~(first=node0)', '~held(node0)']
869     : ----0-0--0-----0----------------------------------------
869     : ['~(ep(node1)=epoch0)', '~(ep(node1)=epoch2)', '~(first=node1)', '~held(node1)']
num_forall :   0
num_exists :   0
num_literals : 0
quantified form : None
qcost : 0


=== Prime Orbit 100 =====================
size : 4
num_suborbits: 2
538 (*) : -00-----1-----0-----------------------------------------
538     : ['(first=node0)', '~(ep(node0)=epoch1)', '~(ep(node0)=epoch2)', '~held(node0)']
539     : -----00--1-----0----------------------------------------
539     : ['(first=node1)', '~(ep(node1)=epoch1)', '~(ep(node1)=epoch2)', '~held(node1)']
884 (*) : 0-0------1----0-----------------------------------------
884     : ['(first=node1)', '~(ep(node0)=epoch0)', '~(ep(node0)=epoch2)', '~held(node0)']
885     : ----0-0-1------0----------------------------------------
885     : ['(first=node0)', '~(ep(node1)=epoch0)', '~(ep(node1)=epoch2)', '~held(node1)']
num_forall :   0
num_exists :   0
num_literals : 0
quantified form : None
qcost : 0


=== Prime Orbit 101 =====================
size : 4
num_suborbits: 2
540 (*) : -0------1-----0---------------------0-------------------
540     : ['(first=node0)', '~(ep(node0)=epoch1)', '~held(node0)', '~locked(epoch2,node0)']
541     : -----0---1-----0---------------------0------------------
541     : ['(first=node1)', '~(ep(node1)=epoch1)', '~held(node1)', '~locked(epoch2,node1)']
908 (*) : 0--------1----0---------------------0-------------------
908     : ['(first=node1)', '~(ep(node0)=epoch0)', '~held(node0)', '~locked(epoch2,node0)']
909     : ----0---1------0---------------------0------------------
909     : ['(first=node0)', '~(ep(node1)=epoch0)', '~held(node1)', '~locked(epoch2,node1)']
num_forall :   0
num_exists :   0
num_literals : 0
quantified form : None
qcost : 0


=== Prime Orbit 102 =====================
size : 6
num_suborbits: 3
544 (*) : -00-----------0--------------------0--------------------
544     : ['~(ep(node0)=epoch1)', '~(ep(node0)=epoch2)', '~held(node0)', '~locked(epoch1,node1)']
545     : -----00--------0------------------0---------------------
545     : ['~(ep(node1)=epoch1)', '~(ep(node1)=epoch2)', '~held(node1)', '~locked(epoch1,node0)']
552 (*) : 00------------0---------------------0-------------------
552     : ['~(ep(node0)=epoch0)', '~(ep(node0)=epoch1)', '~held(node0)', '~locked(epoch2,node0)']
553     : ----00---------0---------------------0------------------
553     : ['~(ep(node1)=epoch0)', '~(ep(node1)=epoch1)', '~held(node1)', '~locked(epoch2,node1)']
886 (*) : 0-0-----------0-------------------0---------------------
886     : ['~(ep(node0)=epoch0)', '~(ep(node0)=epoch2)', '~held(node0)', '~locked(epoch1,node0)']
887     : ----0-0--------0-------------------0--------------------
887     : ['~(ep(node1)=epoch0)', '~(ep(node1)=epoch2)', '~held(node1)', '~locked(epoch1,node1)']
num_forall :   0
num_exists :   0
num_literals : 0
quantified form : None
qcost : 0


=== Prime Orbit 103 =====================
size : 4
num_suborbits: 2
548 (*) : -0------------0--------------------00-------------------
548     : ['~(ep(node0)=epoch1)', '~held(node0)', '~locked(epoch1,node1)', '~locked(epoch2,node0)']
549     : -----0---------0------------------0--0------------------
549     : ['~(ep(node1)=epoch1)', '~held(node1)', '~locked(epoch1,node0)', '~locked(epoch2,node1)']
924 (*) : 0-------------0-------------------0-0-------------------
924     : ['~(ep(node0)=epoch0)', '~held(node0)', '~locked(epoch1,node0)', '~locked(epoch2,node0)']
925     : ----0----------0-------------------0-0------------------
925     : ['~(ep(node1)=epoch0)', '~held(node1)', '~locked(epoch1,node1)', '~locked(epoch2,node1)']
num_forall :   0
num_exists :   0
num_literals : 0
quantified form : None
qcost : 0


=== Prime Orbit 104 =====================
size : 4
num_suborbits: 2
550 (*) : -0-------0----0---------------------0-------------------
550     : ['~(ep(node0)=epoch1)', '~(first=node1)', '~held(node0)', '~locked(epoch2,node0)']
551     : -----0--0------0---------------------0------------------
551     : ['~(ep(node1)=epoch1)', '~(first=node0)', '~held(node1)', '~locked(epoch2,node1)']
866 (*) : 0-------0-----0---------------------0-------------------
866     : ['~(ep(node0)=epoch0)', '~(first=node0)', '~held(node0)', '~locked(epoch2,node0)']
867     : ----0----0-----0---------------------0------------------
867     : ['~(ep(node1)=epoch0)', '~(first=node1)', '~held(node1)', '~locked(epoch2,node1)']
num_forall :   0
num_exists :   0
num_literals : 0
quantified form : None
qcost : 0


=== Prime Orbit 105 =====================
size : 4
num_suborbits: 2
554 (*) : -0----1-------0-------------------1---------------------
554     : ['(ep(node1)=epoch2)', 'locked(epoch1,node0)', '~(ep(node0)=epoch1)', '~held(node0)']
555     : --1--0---------0-------------------1--------------------
555     : ['(ep(node0)=epoch2)', 'locked(epoch1,node1)', '~(ep(node1)=epoch1)', '~held(node1)']
822 (*) : 0-----1-------0--------------------1--------------------
822     : ['(ep(node1)=epoch2)', 'locked(epoch1,node1)', '~(ep(node0)=epoch0)', '~held(node0)']
823     : --1-0----------0------------------1---------------------
823     : ['(ep(node0)=epoch2)', 'locked(epoch1,node0)', '~(ep(node1)=epoch0)', '~held(node1)']
num_forall :   0
num_exists :   0
num_literals : 0
quantified form : None
qcost : 0


=== Prime Orbit 106 =====================
size : 4
num_suborbits: 2
558 (*) : -0----1--0----0-----------------------------------------
558     : ['(ep(node1)=epoch2)', '~(ep(node0)=epoch1)', '~(first=node1)', '~held(node0)']
559     : --1--0--0------0----------------------------------------
559     : ['(ep(node0)=epoch2)', '~(ep(node1)=epoch1)', '~(first=node0)', '~held(node1)']
826 (*) : 0-----1-0-----0-----------------------------------------
826     : ['(ep(node1)=epoch2)', '~(ep(node0)=epoch0)', '~(first=node0)', '~held(node0)']
827     : --1-0----0-----0----------------------------------------
827     : ['(ep(node0)=epoch2)', '~(ep(node1)=epoch0)', '~(first=node1)', '~held(node1)']
num_forall :   0
num_exists :   0
num_literals : 0
quantified form : None
qcost : 0


=== Prime Orbit 107 =====================
size : 4
num_suborbits: 2
560 (*) : -0----1-1-----0-----------------------------------------
560     : ['(ep(node1)=epoch2)', '(first=node0)', '~(ep(node0)=epoch1)', '~held(node0)']
561     : --1--0---1-----0----------------------------------------
561     : ['(ep(node0)=epoch2)', '(first=node1)', '~(ep(node1)=epoch1)', '~held(node1)']
828 (*) : 0-----1--1----0-----------------------------------------
828     : ['(ep(node1)=epoch2)', '(first=node1)', '~(ep(node0)=epoch0)', '~held(node0)']
829     : --1-0---1------0----------------------------------------
829     : ['(ep(node0)=epoch2)', '(first=node0)', '~(ep(node1)=epoch0)', '~held(node1)']
num_forall :   0
num_exists :   0
num_literals : 0
quantified form : None
qcost : 0


=== Prime Orbit 108 =====================
size : 8
num_suborbits: 4
570 (*) : -00----1-0----------------------------------------------
570     : ['(ep(node1)=epoch3)', '~(ep(node0)=epoch1)', '~(ep(node0)=epoch2)', '~(first=node1)']
571     : ---1-00-0-----------------------------------------------
571     : ['(ep(node0)=epoch3)', '~(ep(node1)=epoch1)', '~(ep(node1)=epoch2)', '~(first=node0)']
704 (*) : -0-0--1--0----------------------------------------------
704     : ['(ep(node1)=epoch2)', '~(ep(node0)=epoch1)', '~(ep(node0)=epoch3)', '~(first=node1)']
705     : --1--0-00-----------------------------------------------
705     : ['(ep(node0)=epoch2)', '~(ep(node1)=epoch1)', '~(ep(node1)=epoch3)', '~(first=node0)']
836 (*) : 0--0--1-0-----------------------------------------------
836     : ['(ep(node1)=epoch2)', '~(ep(node0)=epoch0)', '~(ep(node0)=epoch3)', '~(first=node0)']
837     : --1-0--0-0----------------------------------------------
837     : ['(ep(node0)=epoch2)', '~(ep(node1)=epoch0)', '~(ep(node1)=epoch3)', '~(first=node1)']
846 (*) : ---10-0--0----------------------------------------------
846     : ['(ep(node0)=epoch3)', '~(ep(node1)=epoch0)', '~(ep(node1)=epoch2)', '~(first=node1)']
847     : 0-0----10-----------------------------------------------
847     : ['(ep(node1)=epoch3)', '~(ep(node0)=epoch0)', '~(ep(node0)=epoch2)', '~(first=node0)']
num_forall :   0
num_exists :   0
num_literals : 0
quantified form : None
qcost : 0


=== Prime Orbit 109 =====================
size : 8
num_suborbits: 4
572 (*) : -00----11-----------------------------------------------
572     : ['(ep(node1)=epoch3)', '(first=node0)', '~(ep(node0)=epoch1)', '~(ep(node0)=epoch2)']
573     : ---1-00--1----------------------------------------------
573     : ['(ep(node0)=epoch3)', '(first=node1)', '~(ep(node1)=epoch1)', '~(ep(node1)=epoch2)']
698 (*) : -0-0--1-1-----------------------------------------------
698     : ['(ep(node1)=epoch2)', '(first=node0)', '~(ep(node0)=epoch1)', '~(ep(node0)=epoch3)']
699     : --1--0-0-1----------------------------------------------
699     : ['(ep(node0)=epoch2)', '(first=node1)', '~(ep(node1)=epoch1)', '~(ep(node1)=epoch3)']
834 (*) : 0--0--1--1----------------------------------------------
834     : ['(ep(node1)=epoch2)', '(first=node1)', '~(ep(node0)=epoch0)', '~(ep(node0)=epoch3)']
835     : --1-0--01-----------------------------------------------
835     : ['(ep(node0)=epoch2)', '(first=node0)', '~(ep(node1)=epoch0)', '~(ep(node1)=epoch3)']
850 (*) : ---10-0-1-----------------------------------------------
850     : ['(ep(node0)=epoch3)', '(first=node0)', '~(ep(node1)=epoch0)', '~(ep(node1)=epoch2)']
851     : 0-0----1-1----------------------------------------------
851     : ['(ep(node1)=epoch3)', '(first=node1)', '~(ep(node0)=epoch0)', '~(ep(node0)=epoch2)']
num_forall :   0
num_exists :   0
num_literals : 0
quantified form : None
qcost : 0


=== Prime Orbit 110 =====================
size : 8
num_suborbits: 4
580 (*) : -0-----1-0--------------------------0-------------------
580     : ['(ep(node1)=epoch3)', '~(ep(node0)=epoch1)', '~(first=node1)', '~locked(epoch2,node0)']
581     : ---1-0--0----------------------------0------------------
581     : ['(ep(node0)=epoch3)', '~(ep(node1)=epoch1)', '~(first=node0)', '~locked(epoch2,node1)']
706 (*) : -0----1--0----------------------------0-----------------
706     : ['(ep(node1)=epoch2)', '~(ep(node0)=epoch1)', '~(first=node1)', '~locked(epoch3,node0)']
707     : --1--0--0------------------------------0----------------
707     : ['(ep(node0)=epoch2)', '~(ep(node1)=epoch1)', '~(first=node0)', '~locked(epoch3,node1)']
814 (*) : 0-----1-0-----------------------------0-----------------
814     : ['(ep(node1)=epoch2)', '~(ep(node0)=epoch0)', '~(first=node0)', '~locked(epoch3,node0)']
815     : --1-0----0-----------------------------0----------------
815     : ['(ep(node0)=epoch2)', '~(ep(node1)=epoch0)', '~(first=node1)', '~locked(epoch3,node1)']
854 (*) : ---10----0---------------------------0------------------
854     : ['(ep(node0)=epoch3)', '~(ep(node1)=epoch0)', '~(first=node1)', '~locked(epoch2,node1)']
855     : 0------10---------------------------0-------------------
855     : ['(ep(node1)=epoch3)', '~(ep(node0)=epoch0)', '~(first=node0)', '~locked(epoch2,node0)']
num_forall :   0
num_exists :   0
num_literals : 0
quantified form : None
qcost : 0


=== Prime Orbit 111 =====================
size : 8
num_suborbits: 4
582 (*) : -0-----11---------------------------0-------------------
582     : ['(ep(node1)=epoch3)', '(first=node0)', '~(ep(node0)=epoch1)', '~locked(epoch2,node0)']
583     : ---1-0---1---------------------------0------------------
583     : ['(ep(node0)=epoch3)', '(first=node1)', '~(ep(node1)=epoch1)', '~locked(epoch2,node1)']
700 (*) : -0----1-1-----------------------------0-----------------
700     : ['(ep(node1)=epoch2)', '(first=node0)', '~(ep(node0)=epoch1)', '~locked(epoch3,node0)']
701     : --1--0---1-----------------------------0----------------
701     : ['(ep(node0)=epoch2)', '(first=node1)', '~(ep(node1)=epoch1)', '~locked(epoch3,node1)']
816 (*) : 0-----1--1----------------------------0-----------------
816     : ['(ep(node1)=epoch2)', '(first=node1)', '~(ep(node0)=epoch0)', '~locked(epoch3,node0)']
817     : --1-0---1------------------------------0----------------
817     : ['(ep(node0)=epoch2)', '(first=node0)', '~(ep(node1)=epoch0)', '~locked(epoch3,node1)']
858 (*) : ---10---1----------------------------0------------------
858     : ['(ep(node0)=epoch3)', '(first=node0)', '~(ep(node1)=epoch0)', '~locked(epoch2,node1)']
859     : 0------1-1--------------------------0-------------------
859     : ['(ep(node1)=epoch3)', '(first=node1)', '~(ep(node0)=epoch0)', '~locked(epoch2,node0)']
num_forall :   0
num_exists :   0
num_literals : 0
quantified form : None
qcost : 0


=== Prime Orbit 112 =====================
size : 22
num_suborbits: 11
584 (*) : 00-------------1--------------------0-------------------
584     : ['held(node1)', '~(ep(node0)=epoch0)', '~(ep(node0)=epoch1)', '~locked(epoch2,node0)']
585     : ----00--------1----------------------0------------------
585     : ['held(node0)', '~(ep(node1)=epoch0)', '~(ep(node1)=epoch1)', '~locked(epoch2,node1)']
594 (*) : -0-0----------1---------------------0-------------------
594     : ['held(node0)', '~(ep(node0)=epoch1)', '~(ep(node0)=epoch3)', '~locked(epoch2,node0)']
595     : -----0-0-------1---------------------0------------------
595     : ['held(node1)', '~(ep(node1)=epoch1)', '~(ep(node1)=epoch3)', '~locked(epoch2,node1)']
654 (*) : -0-----0-------1-------------------0--------------------
654     : ['held(node1)', '~(ep(node0)=epoch1)', '~(ep(node1)=epoch3)', '~locked(epoch1,node1)']
655     : ---0-0--------1-------------------0---------------------
655     : ['held(node0)', '~(ep(node0)=epoch3)', '~(ep(node1)=epoch1)', '~locked(epoch1,node0)']
668 (*) : 00-------------1-----------------------0----------------
668     : ['held(node1)', '~(ep(node0)=epoch0)', '~(ep(node0)=epoch1)', '~locked(epoch3,node1)']
669     : ----00--------1-----------------------0-----------------
669     : ['held(node0)', '~(ep(node1)=epoch0)', '~(ep(node1)=epoch1)', '~locked(epoch3,node0)']
682 (*) : -00------------1-------------------0--------------------
682     : ['held(node1)', '~(ep(node0)=epoch1)', '~(ep(node0)=epoch2)', '~locked(epoch1,node1)']
683     : -----00-------1-------------------0---------------------
683     : ['held(node0)', '~(ep(node1)=epoch1)', '~(ep(node1)=epoch2)', '~locked(epoch1,node0)']
690 (*) : -00-----------1-----------------------0-----------------
690     : ['held(node0)', '~(ep(node0)=epoch1)', '~(ep(node0)=epoch2)', '~locked(epoch3,node0)']
691     : -----00--------1-----------------------0----------------
691     : ['held(node1)', '~(ep(node1)=epoch1)', '~(ep(node1)=epoch2)', '~locked(epoch3,node1)']
766 (*) : --0-0---------1-----------------------0-----------------
766     : ['held(node0)', '~(ep(node0)=epoch2)', '~(ep(node1)=epoch0)', '~locked(epoch3,node0)']
767     : 0-----0--------1-----------------------0----------------
767     : ['held(node1)', '~(ep(node0)=epoch0)', '~(ep(node1)=epoch2)', '~locked(epoch3,node1)']
778 (*) : ---00---------1---------------------0-------------------
778     : ['held(node0)', '~(ep(node0)=epoch3)', '~(ep(node1)=epoch0)', '~locked(epoch2,node0)']
779     : 0------0-------1---------------------0------------------
779     : ['held(node1)', '~(ep(node0)=epoch0)', '~(ep(node1)=epoch3)', '~locked(epoch2,node1)']
788 (*) : ----0-0-------1--------------------0--------------------
788     : ['held(node0)', '~(ep(node1)=epoch0)', '~(ep(node1)=epoch2)', '~locked(epoch1,node1)']
789     : 0-0------------1------------------0---------------------
789     : ['held(node1)', '~(ep(node0)=epoch0)', '~(ep(node0)=epoch2)', '~locked(epoch1,node0)']
794 (*) : ---00---------1--------------------0--------------------
794     : ['held(node0)', '~(ep(node0)=epoch3)', '~(ep(node1)=epoch0)', '~locked(epoch1,node1)']
795     : 0------0-------1------------------0---------------------
795     : ['held(node1)', '~(ep(node0)=epoch0)', '~(ep(node1)=epoch3)', '~locked(epoch1,node0)']
802 (*) : --00----------1-------------------0---------------------
802     : ['held(node0)', '~(ep(node0)=epoch2)', '~(ep(node0)=epoch3)', '~locked(epoch1,node0)']
803     : ------00-------1-------------------0--------------------
803     : ['held(node1)', '~(ep(node1)=epoch2)', '~(ep(node1)=epoch3)', '~locked(epoch1,node1)']
num_forall :   0
num_exists :   0
num_literals : 0
quantified form : None
qcost : 0


=== Prime Orbit 113 =====================
size : 10
num_suborbits: 5
586 (*) : 00----------------------------------0-0-----------------
586     : ['~(ep(node0)=epoch0)', '~(ep(node0)=epoch1)', '~locked(epoch2,node0)', '~locked(epoch3,node0)']
587     : ----00-------------------------------0-0----------------
587     : ['~(ep(node1)=epoch0)', '~(ep(node1)=epoch1)', '~locked(epoch2,node1)', '~locked(epoch3,node1)']
606 (*) : -0-0-------------------------------00-------------------
606     : ['~(ep(node0)=epoch1)', '~(ep(node0)=epoch3)', '~locked(epoch1,node1)', '~locked(epoch2,node0)']
607     : -----0-0--------------------------0--0------------------
607     : ['~(ep(node1)=epoch1)', '~(ep(node1)=epoch3)', '~locked(epoch1,node0)', '~locked(epoch2,node1)']
648 (*) : -00--------------------------------0--0-----------------
648     : ['~(ep(node0)=epoch1)', '~(ep(node0)=epoch2)', '~locked(epoch1,node1)', '~locked(epoch3,node0)']
649     : -----00---------------------------0----0----------------
649     : ['~(ep(node1)=epoch1)', '~(ep(node1)=epoch2)', '~locked(epoch1,node0)', '~locked(epoch3,node1)']
918 (*) : 0--0------------------------------0-0-------------------
918     : ['~(ep(node0)=epoch0)', '~(ep(node0)=epoch3)', '~locked(epoch1,node0)', '~locked(epoch2,node0)']
919     : ----0--0---------------------------0-0------------------
919     : ['~(ep(node1)=epoch0)', '~(ep(node1)=epoch3)', '~locked(epoch1,node1)', '~locked(epoch2,node1)']
920 (*) : 0-0-------------------------------0---0-----------------
920     : ['~(ep(node0)=epoch0)', '~(ep(node0)=epoch2)', '~locked(epoch1,node0)', '~locked(epoch3,node0)']
921     : ----0-0----------------------------0---0----------------
921     : ['~(ep(node1)=epoch0)', '~(ep(node1)=epoch2)', '~locked(epoch1,node1)', '~locked(epoch3,node1)']
num_forall :   0
num_exists :   0
num_literals : 0
quantified form : None
qcost : 0


=== Prime Orbit 114 =====================
size : 8
num_suborbits: 4
588 (*) : 00-0--------------------------------0-------------------
588     : ['~(ep(node0)=epoch0)', '~(ep(node0)=epoch1)', '~(ep(node0)=epoch3)', '~locked(epoch2,node0)']
589     : ----00-0-----------------------------0------------------
589     : ['~(ep(node1)=epoch0)', '~(ep(node1)=epoch1)', '~(ep(node1)=epoch3)', '~locked(epoch2,node1)']
640 (*) : 000-----------------------------------0-----------------
640     : ['~(ep(node0)=epoch0)', '~(ep(node0)=epoch1)', '~(ep(node0)=epoch2)', '~locked(epoch3,node0)']
641     : ----000--------------------------------0----------------
641     : ['~(ep(node1)=epoch0)', '~(ep(node1)=epoch1)', '~(ep(node1)=epoch2)', '~locked(epoch3,node1)']
646 (*) : -000-------------------------------0--------------------
646     : ['~(ep(node0)=epoch1)', '~(ep(node0)=epoch2)', '~(ep(node0)=epoch3)', '~locked(epoch1,node1)']
647     : -----000--------------------------0---------------------
647     : ['~(ep(node1)=epoch1)', '~(ep(node1)=epoch2)', '~(ep(node1)=epoch3)', '~locked(epoch1,node0)']
888 (*) : 0-00------------------------------0---------------------
888     : ['~(ep(node0)=epoch0)', '~(ep(node0)=epoch2)', '~(ep(node0)=epoch3)', '~locked(epoch1,node0)']
889     : ----0-00---------------------------0--------------------
889     : ['~(ep(node1)=epoch0)', '~(ep(node1)=epoch2)', '~(ep(node1)=epoch3)', '~locked(epoch1,node1)']
num_forall :   0
num_exists :   0
num_literals : 0
quantified form : None
qcost : 0


=== Prime Orbit 115 =====================
size : 16
num_suborbits: 8
592 (*) : -0------------1---------------------0-0-----------------
592     : ['held(node0)', '~(ep(node0)=epoch1)', '~locked(epoch2,node0)', '~locked(epoch3,node0)']
593     : -----0---------1---------------------0-0----------------
593     : ['held(node1)', '~(ep(node1)=epoch1)', '~locked(epoch2,node1)', '~locked(epoch3,node1)']
608 (*) : -0-------------1-------------------00-------------------
608     : ['held(node1)', '~(ep(node0)=epoch1)', '~locked(epoch1,node1)', '~locked(epoch2,node0)']
609     : -----0--------1-------------------0--0------------------
609     : ['held(node0)', '~(ep(node1)=epoch1)', '~locked(epoch1,node0)', '~locked(epoch2,node1)']
672 (*) : -0-------------1-------------------0---0----------------
672     : ['held(node1)', '~(ep(node0)=epoch1)', '~locked(epoch1,node1)', '~locked(epoch3,node1)']
673     : -----0--------1-------------------0---0-----------------
673     : ['held(node0)', '~(ep(node1)=epoch1)', '~locked(epoch1,node0)', '~locked(epoch3,node0)']
754 (*) : --0-----------1-------------------0---0-----------------
754     : ['held(node0)', '~(ep(node0)=epoch2)', '~locked(epoch1,node0)', '~locked(epoch3,node0)']
755     : ------0--------1-------------------0---0----------------
755     : ['held(node1)', '~(ep(node1)=epoch2)', '~locked(epoch1,node1)', '~locked(epoch3,node1)']
768 (*) : ----0---------1---------------------0-0-----------------
768     : ['held(node0)', '~(ep(node1)=epoch0)', '~locked(epoch2,node0)', '~locked(epoch3,node0)']
769     : 0--------------1---------------------0-0----------------
769     : ['held(node1)', '~(ep(node0)=epoch0)', '~locked(epoch2,node1)', '~locked(epoch3,node1)']
774 (*) : ----0---------1--------------------0--0-----------------
774     : ['held(node0)', '~(ep(node1)=epoch0)', '~locked(epoch1,node1)', '~locked(epoch3,node0)']
775     : 0--------------1------------------0----0----------------
775     : ['held(node1)', '~(ep(node0)=epoch0)', '~locked(epoch1,node0)', '~locked(epoch3,node1)']
792 (*) : ----0---------1--------------------0-0------------------
792     : ['held(node0)', '~(ep(node1)=epoch0)', '~locked(epoch1,node1)', '~locked(epoch2,node1)']
793     : 0--------------1------------------0-0-------------------
793     : ['held(node1)', '~(ep(node0)=epoch0)', '~locked(epoch1,node0)', '~locked(epoch2,node0)']
804 (*) : ---0----------1-------------------0-0-------------------
804     : ['held(node0)', '~(ep(node0)=epoch3)', '~locked(epoch1,node0)', '~locked(epoch2,node0)']
805     : -------0-------1-------------------0-0------------------
805     : ['held(node1)', '~(ep(node1)=epoch3)', '~locked(epoch1,node1)', '~locked(epoch2,node1)']
num_forall :   0
num_exists :   0
num_literals : 0
quantified form : None
qcost : 0


=== Prime Orbit 116 =====================
size : 4
num_suborbits: 2
604 (*) : -0---------------------------------00-0-----------------
604     : ['~(ep(node0)=epoch1)', '~locked(epoch1,node1)', '~locked(epoch2,node0)', '~locked(epoch3,node0)']
605     : -----0----------------------------0--0-0----------------
605     : ['~(ep(node1)=epoch1)', '~locked(epoch1,node0)', '~locked(epoch2,node1)', '~locked(epoch3,node1)']
922 (*) : 0---------------------------------0-0-0-----------------
922     : ['~(ep(node0)=epoch0)', '~locked(epoch1,node0)', '~locked(epoch2,node0)', '~locked(epoch3,node0)']
923     : ----0------------------------------0-0-0----------------
923     : ['~(ep(node1)=epoch0)', '~locked(epoch1,node1)', '~locked(epoch2,node1)', '~locked(epoch3,node1)']
num_forall :   0
num_exists :   0
num_literals : 0
quantified form : None
qcost : 0


=== Prime Orbit 117 =====================
size : 4
num_suborbits: 2
612 (*) : -0-------0--------------------------0-0-----------------
612     : ['~(ep(node0)=epoch1)', '~(first=node1)', '~locked(epoch2,node0)', '~locked(epoch3,node0)']
613     : -----0--0----------------------------0-0----------------
613     : ['~(ep(node1)=epoch1)', '~(first=node0)', '~locked(epoch2,node1)', '~locked(epoch3,node1)']
864 (*) : 0-------0---------------------------0-0-----------------
864     : ['~(ep(node0)=epoch0)', '~(first=node0)', '~locked(epoch2,node0)', '~locked(epoch3,node0)']
865     : ----0----0---------------------------0-0----------------
865     : ['~(ep(node1)=epoch0)', '~(first=node1)', '~locked(epoch2,node1)', '~locked(epoch3,node1)']
num_forall :   0
num_exists :   0
num_literals : 0
quantified form : None
qcost : 0


=== Prime Orbit 118 =====================
size : 4
num_suborbits: 2
614 (*) : -0------1---------------------------0-0-----------------
614     : ['(first=node0)', '~(ep(node0)=epoch1)', '~locked(epoch2,node0)', '~locked(epoch3,node0)']
615     : -----0---1---------------------------0-0----------------
615     : ['(first=node1)', '~(ep(node1)=epoch1)', '~locked(epoch2,node1)', '~locked(epoch3,node1)']
906 (*) : 0--------1--------------------------0-0-----------------
906     : ['(first=node1)', '~(ep(node0)=epoch0)', '~locked(epoch2,node0)', '~locked(epoch3,node0)']
907     : ----0---1----------------------------0-0----------------
907     : ['(first=node0)', '~(ep(node1)=epoch0)', '~locked(epoch2,node1)', '~locked(epoch3,node1)']
num_forall :   0
num_exists :   0
num_literals : 0
quantified form : None
qcost : 0


=== Prime Orbit 119 =====================
size : 8
num_suborbits: 4
616 (*) : -0-0-----0--------------------------0-------------------
616     : ['~(ep(node0)=epoch1)', '~(ep(node0)=epoch3)', '~(first=node1)', '~locked(epoch2,node0)']
617     : -----0-00----------------------------0------------------
617     : ['~(ep(node1)=epoch1)', '~(ep(node1)=epoch3)', '~(first=node0)', '~locked(epoch2,node1)']
650 (*) : -00------0----------------------------0-----------------
650     : ['~(ep(node0)=epoch1)', '~(ep(node0)=epoch2)', '~(first=node1)', '~locked(epoch3,node0)']
651     : -----00-0------------------------------0----------------
651     : ['~(ep(node1)=epoch1)', '~(ep(node1)=epoch2)', '~(first=node0)', '~locked(epoch3,node1)']
862 (*) : 0-0-----0-----------------------------0-----------------
862     : ['~(ep(node0)=epoch0)', '~(ep(node0)=epoch2)', '~(first=node0)', '~locked(epoch3,node0)']
863     : ----0-0--0-----------------------------0----------------
863     : ['~(ep(node1)=epoch0)', '~(ep(node1)=epoch2)', '~(first=node1)', '~locked(epoch3,node1)']
870 (*) : 0--0----0---------------------------0-------------------
870     : ['~(ep(node0)=epoch0)', '~(ep(node0)=epoch3)', '~(first=node0)', '~locked(epoch2,node0)']
871     : ----0--0-0---------------------------0------------------
871     : ['~(ep(node1)=epoch0)', '~(ep(node1)=epoch3)', '~(first=node1)', '~locked(epoch2,node1)']
num_forall :   0
num_exists :   0
num_literals : 0
quantified form : None
qcost : 0


=== Prime Orbit 120 =====================
size : 8
num_suborbits: 4
618 (*) : -0-0----1---------------------------0-------------------
618     : ['(first=node0)', '~(ep(node0)=epoch1)', '~(ep(node0)=epoch3)', '~locked(epoch2,node0)']
619     : -----0-0-1---------------------------0------------------
619     : ['(first=node1)', '~(ep(node1)=epoch1)', '~(ep(node1)=epoch3)', '~locked(epoch2,node1)']
652 (*) : -00-----1-----------------------------0-----------------
652     : ['(first=node0)', '~(ep(node0)=epoch1)', '~(ep(node0)=epoch2)', '~locked(epoch3,node0)']
653     : -----00--1-----------------------------0----------------
653     : ['(first=node1)', '~(ep(node1)=epoch1)', '~(ep(node1)=epoch2)', '~locked(epoch3,node1)']
902 (*) : 0-0------1----------------------------0-----------------
902     : ['(first=node1)', '~(ep(node0)=epoch0)', '~(ep(node0)=epoch2)', '~locked(epoch3,node0)']
903     : ----0-0-1------------------------------0----------------
903     : ['(first=node0)', '~(ep(node1)=epoch0)', '~(ep(node1)=epoch2)', '~locked(epoch3,node1)']
904 (*) : 0--0-----1--------------------------0-------------------
904     : ['(first=node1)', '~(ep(node0)=epoch0)', '~(ep(node0)=epoch3)', '~locked(epoch2,node0)']
905     : ----0--01----------------------------0------------------
905     : ['(first=node0)', '~(ep(node1)=epoch0)', '~(ep(node1)=epoch3)', '~locked(epoch2,node1)']
num_forall :   0
num_exists :   0
num_literals : 0
quantified form : None
qcost : 0


=== Prime Orbit 121 =====================
size : 12
num_suborbits: 6
620 (*) : -0-------0-----1--------------------0-------------------
620     : ['held(node1)', '~(ep(node0)=epoch1)', '~(first=node1)', '~locked(epoch2,node0)']
621     : -----0--0-----1----------------------0------------------
621     : ['held(node0)', '~(ep(node1)=epoch1)', '~(first=node0)', '~locked(epoch2,node1)']
664 (*) : -0-------0-----1-----------------------0----------------
664     : ['held(node1)', '~(ep(node0)=epoch1)', '~(first=node1)', '~locked(epoch3,node1)']
665     : -----0--0-----1-----------------------0-----------------
665     : ['held(node0)', '~(ep(node1)=epoch1)', '~(first=node0)', '~locked(epoch3,node0)']
762 (*) : --0-----0-----1-----------------------0-----------------
762     : ['held(node0)', '~(ep(node0)=epoch2)', '~(first=node0)', '~locked(epoch3,node0)']
763     : ------0--0-----1-----------------------0----------------
763     : ['held(node1)', '~(ep(node1)=epoch2)', '~(first=node1)', '~locked(epoch3,node1)']
772 (*) : ----0----0----1-----------------------0-----------------
772     : ['held(node0)', '~(ep(node1)=epoch0)', '~(first=node1)', '~locked(epoch3,node0)']
773     : 0-------0------1-----------------------0----------------
773     : ['held(node1)', '~(ep(node0)=epoch0)', '~(first=node0)', '~locked(epoch3,node1)']
790 (*) : ----0----0----1----------------------0------------------
790     : ['held(node0)', '~(ep(node1)=epoch0)', '~(first=node1)', '~locked(epoch2,node1)']
791     : 0-------0------1--------------------0-------------------
791     : ['held(node1)', '~(ep(node0)=epoch0)', '~(first=node0)', '~locked(epoch2,node0)']
812 (*) : ---0----0-----1---------------------0-------------------
812     : ['held(node0)', '~(ep(node0)=epoch3)', '~(first=node0)', '~locked(epoch2,node0)']
813     : -------0-0-----1---------------------0------------------
813     : ['held(node1)', '~(ep(node1)=epoch3)', '~(first=node1)', '~locked(epoch2,node1)']
num_forall :   0
num_exists :   0
num_literals : 0
quantified form : None
qcost : 0


=== Prime Orbit 122 =====================
size : 12
num_suborbits: 6
622 (*) : -0------1------1--------------------0-------------------
622     : ['(first=node0)', 'held(node1)', '~(ep(node0)=epoch1)', '~locked(epoch2,node0)']
623     : -----0---1----1----------------------0------------------
623     : ['(first=node1)', 'held(node0)', '~(ep(node1)=epoch1)', '~locked(epoch2,node1)']
666 (*) : -0------1------1-----------------------0----------------
666     : ['(first=node0)', 'held(node1)', '~(ep(node0)=epoch1)', '~locked(epoch3,node1)']
667     : -----0---1----1-----------------------0-----------------
667     : ['(first=node1)', 'held(node0)', '~(ep(node1)=epoch1)', '~locked(epoch3,node0)']
742 (*) : ----0---1-----1----------------------0------------------
742     : ['(first=node0)', 'held(node0)', '~(ep(node1)=epoch0)', '~locked(epoch2,node1)']
743     : 0--------1-----1--------------------0-------------------
743     : ['(first=node1)', 'held(node1)', '~(ep(node0)=epoch0)', '~locked(epoch2,node0)']
748 (*) : ----0---1-----1-----------------------0-----------------
748     : ['(first=node0)', 'held(node0)', '~(ep(node1)=epoch0)', '~locked(epoch3,node0)']
749     : 0--------1-----1-----------------------0----------------
749     : ['(first=node1)', 'held(node1)', '~(ep(node0)=epoch0)', '~locked(epoch3,node1)']
758 (*) : --0------1----1-----------------------0-----------------
758     : ['(first=node1)', 'held(node0)', '~(ep(node0)=epoch2)', '~locked(epoch3,node0)']
759     : ------0-1------1-----------------------0----------------
759     : ['(first=node0)', 'held(node1)', '~(ep(node1)=epoch2)', '~locked(epoch3,node1)']
808 (*) : ---0-----1----1---------------------0-------------------
808     : ['(first=node1)', 'held(node0)', '~(ep(node0)=epoch3)', '~locked(epoch2,node0)']
809     : -------01------1---------------------0------------------
809     : ['(first=node0)', 'held(node1)', '~(ep(node1)=epoch3)', '~locked(epoch2,node1)']
num_forall :   0
num_exists :   0
num_literals : 0
quantified form : None
qcost : 0


=== Prime Orbit 123 =====================
size : 2
num_suborbits: 1
638 (*) : 0000----------------------------------------------------
638     : ['~(ep(node0)=epoch0)', '~(ep(node0)=epoch1)', '~(ep(node0)=epoch2)', '~(ep(node0)=epoch3)']
639     : ----0000------------------------------------------------
639     : ['~(ep(node1)=epoch0)', '~(ep(node1)=epoch1)', '~(ep(node1)=epoch2)', '~(ep(node1)=epoch3)']
num_forall :   0
num_exists :   0
num_literals : 0
quantified form : None
qcost : 0


=== Prime Orbit 124 =====================
size : 10
num_suborbits: 5
658 (*) : -0-----01------1----------------------------------------
658     : ['(first=node0)', 'held(node1)', '~(ep(node0)=epoch1)', '~(ep(node1)=epoch3)']
659     : ---0-0---1----1-----------------------------------------
659     : ['(first=node1)', 'held(node0)', '~(ep(node0)=epoch3)', '~(ep(node1)=epoch1)']
676 (*) : -00-----1------1----------------------------------------
676     : ['(first=node0)', 'held(node1)', '~(ep(node0)=epoch1)', '~(ep(node0)=epoch2)']
677     : -----00--1----1-----------------------------------------
677     : ['(first=node1)', 'held(node0)', '~(ep(node1)=epoch1)', '~(ep(node1)=epoch2)']
744 (*) : ----0-0-1-----1-----------------------------------------
744     : ['(first=node0)', 'held(node0)', '~(ep(node1)=epoch0)', '~(ep(node1)=epoch2)']
745     : 0-0------1-----1----------------------------------------
745     : ['(first=node1)', 'held(node1)', '~(ep(node0)=epoch0)', '~(ep(node0)=epoch2)']
746 (*) : ---00---1-----1-----------------------------------------
746     : ['(first=node0)', 'held(node0)', '~(ep(node0)=epoch3)', '~(ep(node1)=epoch0)']
747     : 0------0-1-----1----------------------------------------
747     : ['(first=node1)', 'held(node1)', '~(ep(node0)=epoch0)', '~(ep(node1)=epoch3)']
806 (*) : --00-----1----1-----------------------------------------
806     : ['(first=node1)', 'held(node0)', '~(ep(node0)=epoch2)', '~(ep(node0)=epoch3)']
807     : ------001------1----------------------------------------
807     : ['(first=node0)', 'held(node1)', '~(ep(node1)=epoch2)', '~(ep(node1)=epoch3)']
num_forall :   0
num_exists :   0
num_literals : 0
quantified form : None
qcost : 0


=== Prime Orbit 125 =====================
size : 10
num_suborbits: 5
660 (*) : -0-----0-0-----1----------------------------------------
660     : ['held(node1)', '~(ep(node0)=epoch1)', '~(ep(node1)=epoch3)', '~(first=node1)']
661     : ---0-0--0-----1-----------------------------------------
661     : ['held(node0)', '~(ep(node0)=epoch3)', '~(ep(node1)=epoch1)', '~(first=node0)']
674 (*) : -00------0-----1----------------------------------------
674     : ['held(node1)', '~(ep(node0)=epoch1)', '~(ep(node0)=epoch2)', '~(first=node1)']
675     : -----00-0-----1-----------------------------------------
675     : ['held(node0)', '~(ep(node1)=epoch1)', '~(ep(node1)=epoch2)', '~(first=node0)']
786 (*) : ----0-0--0----1-----------------------------------------
786     : ['held(node0)', '~(ep(node1)=epoch0)', '~(ep(node1)=epoch2)', '~(first=node1)']
787     : 0-0-----0------1----------------------------------------
787     : ['held(node1)', '~(ep(node0)=epoch0)', '~(ep(node0)=epoch2)', '~(first=node0)']
796 (*) : ---00----0----1-----------------------------------------
796     : ['held(node0)', '~(ep(node0)=epoch3)', '~(ep(node1)=epoch0)', '~(first=node1)']
797     : 0------00------1----------------------------------------
797     : ['held(node1)', '~(ep(node0)=epoch0)', '~(ep(node1)=epoch3)', '~(first=node0)']
810 (*) : --00----0-----1-----------------------------------------
810     : ['held(node0)', '~(ep(node0)=epoch2)', '~(ep(node0)=epoch3)', '~(first=node0)']
811     : ------00-0-----1----------------------------------------
811     : ['held(node1)', '~(ep(node1)=epoch2)', '~(ep(node1)=epoch3)', '~(first=node1)']
num_forall :   0
num_exists :   0
num_literals : 0
quantified form : None
qcost : 0


=== Prime Orbit 126 =====================
size : 8
num_suborbits: 4
662 (*) : 00-----0-------1----------------------------------------
662     : ['held(node1)', '~(ep(node0)=epoch0)', '~(ep(node0)=epoch1)', '~(ep(node1)=epoch3)']
663     : ---000--------1-----------------------------------------
663     : ['held(node0)', '~(ep(node0)=epoch3)', '~(ep(node1)=epoch0)', '~(ep(node1)=epoch1)']
678 (*) : 000------------1----------------------------------------
678     : ['held(node1)', '~(ep(node0)=epoch0)', '~(ep(node0)=epoch1)', '~(ep(node0)=epoch2)']
679     : ----000-------1-----------------------------------------
679     : ['held(node0)', '~(ep(node1)=epoch0)', '~(ep(node1)=epoch1)', '~(ep(node1)=epoch2)']
688 (*) : -000----------1-----------------------------------------
688     : ['held(node0)', '~(ep(node0)=epoch1)', '~(ep(node0)=epoch2)', '~(ep(node0)=epoch3)']
689     : -----000-------1----------------------------------------
689     : ['held(node1)', '~(ep(node1)=epoch1)', '~(ep(node1)=epoch2)', '~(ep(node1)=epoch3)']
776 (*) : --000---------1-----------------------------------------
776     : ['held(node0)', '~(ep(node0)=epoch2)', '~(ep(node0)=epoch3)', '~(ep(node1)=epoch0)']
777     : 0-----00-------1----------------------------------------
777     : ['held(node1)', '~(ep(node0)=epoch0)', '~(ep(node1)=epoch2)', '~(ep(node1)=epoch3)']
num_forall :   0
num_exists :   0
num_literals : 0
quantified form : None
qcost : 0


=== Prime Orbit 127 =====================
size : 4
num_suborbits: 2
684 (*) : -000-----0----------------------------------------------
684     : ['~(ep(node0)=epoch1)', '~(ep(node0)=epoch2)', '~(ep(node0)=epoch3)', '~(first=node1)']
685     : -----0000-----------------------------------------------
685     : ['~(ep(node1)=epoch1)', '~(ep(node1)=epoch2)', '~(ep(node1)=epoch3)', '~(first=node0)']
872 (*) : 0-00----0-----------------------------------------------
872     : ['~(ep(node0)=epoch0)', '~(ep(node0)=epoch2)', '~(ep(node0)=epoch3)', '~(first=node0)']
873     : ----0-00-0----------------------------------------------
873     : ['~(ep(node1)=epoch0)', '~(ep(node1)=epoch2)', '~(ep(node1)=epoch3)', '~(first=node1)']
num_forall :   0
num_exists :   0
num_literals : 0
quantified form : None
qcost : 0


=== Prime Orbit 128 =====================
size : 4
num_suborbits: 2
686 (*) : -000----1-----------------------------------------------
686     : ['(first=node0)', '~(ep(node0)=epoch1)', '~(ep(node0)=epoch2)', '~(ep(node0)=epoch3)']
687     : -----000-1----------------------------------------------
687     : ['(first=node1)', '~(ep(node1)=epoch1)', '~(ep(node1)=epoch2)', '~(ep(node1)=epoch3)']
882 (*) : 0-00-----1----------------------------------------------
882     : ['(first=node1)', '~(ep(node0)=epoch0)', '~(ep(node0)=epoch2)', '~(ep(node0)=epoch3)']
883     : ----0-001-----------------------------------------------
883     : ['(first=node0)', '~(ep(node1)=epoch0)', '~(ep(node1)=epoch2)', '~(ep(node1)=epoch3)']
num_forall :   0
num_exists :   0
num_literals : 0
quantified form : None
qcost : 0


=== Prime Orbit 129 =====================
size : 4
num_suborbits: 2
696 (*) : 00----1--------1----------------------------------------
696     : ['(ep(node1)=epoch2)', 'held(node1)', '~(ep(node0)=epoch0)', '~(ep(node0)=epoch1)']
697     : --1-00--------1-----------------------------------------
697     : ['(ep(node0)=epoch2)', 'held(node0)', '~(ep(node1)=epoch0)', '~(ep(node1)=epoch1)']
734 (*) : -1----00-------1----------------------------------------
734     : ['(ep(node0)=epoch1)', 'held(node1)', '~(ep(node1)=epoch2)', '~(ep(node1)=epoch3)']
735     : --00-1--------1-----------------------------------------
735     : ['(ep(node1)=epoch1)', 'held(node0)', '~(ep(node0)=epoch2)', '~(ep(node0)=epoch3)']
num_forall :   0
num_exists :   0
num_literals : 0
quantified form : None
qcost : 0


=== Prime Orbit 130 =====================
size : 4
num_suborbits: 2
702 (*) : -0----1-1------1----------------------------------------
702     : ['(ep(node1)=epoch2)', '(first=node0)', 'held(node1)', '~(ep(node0)=epoch1)']
703     : --1--0---1----1-----------------------------------------
703     : ['(ep(node0)=epoch2)', '(first=node1)', 'held(node0)', '~(ep(node1)=epoch1)']
842 (*) : 0-----1--1-----1----------------------------------------
842     : ['(ep(node1)=epoch2)', '(first=node1)', 'held(node1)', '~(ep(node0)=epoch0)']
843     : --1-0---1-----1-----------------------------------------
843     : ['(ep(node0)=epoch2)', '(first=node0)', 'held(node0)', '~(ep(node1)=epoch0)']
num_forall :   0
num_exists :   0
num_literals : 0
quantified form : None
qcost : 0


=== Prime Orbit 131 =====================
size : 4
num_suborbits: 2
708 (*) : -0----1--0-----1----------------------------------------
708     : ['(ep(node1)=epoch2)', 'held(node1)', '~(ep(node0)=epoch1)', '~(first=node1)']
709     : --1--0--0-----1-----------------------------------------
709     : ['(ep(node0)=epoch2)', 'held(node0)', '~(ep(node1)=epoch1)', '~(first=node0)']
844 (*) : 0-----1-0------1----------------------------------------
844     : ['(ep(node1)=epoch2)', 'held(node1)', '~(ep(node0)=epoch0)', '~(first=node0)']
845     : --1-0----0----1-----------------------------------------
845     : ['(ep(node0)=epoch2)', 'held(node0)', '~(ep(node1)=epoch0)', '~(first=node1)']
num_forall :   0
num_exists :   0
num_literals : 0
quantified form : None
qcost : 0


=== Prime Orbit 132 =====================
size : 4
num_suborbits: 2
714 (*) : -0----1--------1------------------1---------------------
714     : ['(ep(node1)=epoch2)', 'held(node1)', 'locked(epoch1,node0)', '~(ep(node0)=epoch1)']
715     : --1--0--------1--------------------1--------------------
715     : ['(ep(node0)=epoch2)', 'held(node0)', 'locked(epoch1,node1)', '~(ep(node1)=epoch1)']
838 (*) : 0-----1--------1-------------------1--------------------
838     : ['(ep(node1)=epoch2)', 'held(node1)', 'locked(epoch1,node1)', '~(ep(node0)=epoch0)']
839     : --1-0---------1-------------------1---------------------
839     : ['(ep(node0)=epoch2)', 'held(node0)', 'locked(epoch1,node0)', '~(ep(node1)=epoch0)']
num_forall :   0
num_exists :   0
num_literals : 0
quantified form : None
qcost : 0


=== Prime Orbit 133 =====================
size : 8
num_suborbits: 4
720 (*) : -0----1--------1-------------------0--------------------
720     : ['(ep(node1)=epoch2)', 'held(node1)', '~(ep(node0)=epoch1)', '~locked(epoch1,node1)']
721     : --1--0--------1-------------------0---------------------
721     : ['(ep(node0)=epoch2)', 'held(node0)', '~(ep(node1)=epoch1)', '~locked(epoch1,node0)']
736 (*) : -1----0--------1-----------------------0----------------
736     : ['(ep(node0)=epoch1)', 'held(node1)', '~(ep(node1)=epoch2)', '~locked(epoch3,node1)']
737     : --0--1--------1-----------------------0-----------------
737     : ['(ep(node1)=epoch1)', 'held(node0)', '~(ep(node0)=epoch2)', '~locked(epoch3,node0)']
738 (*) : -1-----0-------1---------------------0------------------
738     : ['(ep(node0)=epoch1)', 'held(node1)', '~(ep(node1)=epoch3)', '~locked(epoch2,node1)']
739     : ---0-1--------1---------------------0-------------------
739     : ['(ep(node1)=epoch1)', 'held(node0)', '~(ep(node0)=epoch3)', '~locked(epoch2,node0)']
840 (*) : 0-----1--------1------------------0---------------------
840     : ['(ep(node1)=epoch2)', 'held(node1)', '~(ep(node0)=epoch0)', '~locked(epoch1,node0)']
841     : --1-0---------1--------------------0--------------------
841     : ['(ep(node0)=epoch2)', 'held(node0)', '~(ep(node1)=epoch0)', '~locked(epoch1,node1)']
num_forall :   0
num_exists :   0
num_literals : 0
quantified form : None
qcost : 0


=== Prime Orbit 134 =====================
size : 2
num_suborbits: 1
740 (*) : -1-------------1---------------------0-0----------------
740     : ['(ep(node0)=epoch1)', 'held(node1)', '~locked(epoch2,node1)', '~locked(epoch3,node1)']
741     : -----1--------1---------------------0-0-----------------
741     : ['(ep(node1)=epoch1)', 'held(node0)', '~locked(epoch2,node0)', '~locked(epoch3,node0)']
num_forall :   0
num_exists :   0
num_literals : 0
quantified form : None
qcost : 0


=== Prime Orbit 135 =====================
size : 2
num_suborbits: 1
752 (*) : --------------1--------------------10-0-----------------
752     : ['held(node0)', 'locked(epoch1,node1)', '~locked(epoch2,node0)', '~locked(epoch3,node0)']
753     : ---------------1------------------1--0-0----------------
753     : ['held(node1)', 'locked(epoch1,node0)', '~locked(epoch2,node1)', '~locked(epoch3,node1)']
num_forall :   0
num_exists :   0
num_literals : 0
quantified form : None
qcost : 0


=== Prime Orbit 136 =====================
size : 2
num_suborbits: 1
756 (*) : --------------1-------------------0-0-0-----------------
756     : ['held(node0)', '~locked(epoch1,node0)', '~locked(epoch2,node0)', '~locked(epoch3,node0)']
757     : ---------------1-------------------0-0-0----------------
757     : ['held(node1)', '~locked(epoch1,node1)', '~locked(epoch2,node1)', '~locked(epoch3,node1)']
num_forall :   0
num_exists :   0
num_literals : 0
quantified form : None
qcost : 0


=== Prime Orbit 137 =====================
size : 2
num_suborbits: 1
760 (*) : ---------1----1---------------------0-0-----------------
760     : ['(first=node1)', 'held(node0)', '~locked(epoch2,node0)', '~locked(epoch3,node0)']
761     : --------1------1---------------------0-0----------------
761     : ['(first=node0)', 'held(node1)', '~locked(epoch2,node1)', '~locked(epoch3,node1)']
num_forall :   0
num_exists :   0
num_literals : 0
quantified form : None
qcost : 0


=== Prime Orbit 138 =====================
size : 2
num_suborbits: 1
764 (*) : --------0-----1---------------------0-0-----------------
764     : ['held(node0)', '~(first=node0)', '~locked(epoch2,node0)', '~locked(epoch3,node0)']
765     : ---------0-----1---------------------0-0----------------
765     : ['held(node1)', '~(first=node1)', '~locked(epoch2,node1)', '~locked(epoch3,node1)']
num_forall :   0
num_exists :   0
num_literals : 0
quantified form : None
qcost : 0


=== Prime Orbit 139 =====================
size : 4
num_suborbits: 2
926 (*) : -1-------------0---------------------1------------00----
926     : ['(ep(node0)=epoch1)', 'locked(epoch2,node1)', '~held(node1)', '~transfer(epoch3,node0)', '~transfer(epoch3,node1)']
927     : -----1--------0---------------------1-------------00----
927     : ['(ep(node1)=epoch1)', 'locked(epoch2,node0)', '~held(node0)', '~transfer(epoch3,node0)', '~transfer(epoch3,node1)']
934 (*) : 1--------------0---------------------1------------00----
934     : ['(ep(node0)=epoch0)', 'locked(epoch2,node1)', '~held(node1)', '~transfer(epoch3,node0)', '~transfer(epoch3,node1)']
935     : ----1---------0---------------------1-------------00----
935     : ['(ep(node1)=epoch0)', 'locked(epoch2,node0)', '~held(node0)', '~transfer(epoch3,node0)', '~transfer(epoch3,node1)']
num_forall :   0
num_exists :   0
num_literals : 0
quantified form : None
qcost : 0


=== Prime Orbit 140 =====================
size : 2
num_suborbits: 1
928 (*) : ---0-----------0---------------------1------------00----
928     : ['locked(epoch2,node1)', '~(ep(node0)=epoch3)', '~held(node1)', '~transfer(epoch3,node0)', '~transfer(epoch3,node1)']
929     : -------0------0---------------------1-------------00----
929     : ['locked(epoch2,node0)', '~(ep(node1)=epoch3)', '~held(node0)', '~transfer(epoch3,node0)', '~transfer(epoch3,node1)']
num_forall :   0
num_exists :   0
num_literals : 0
quantified form : None
qcost : 0


=== Prime Orbit 141 =====================
size : 2
num_suborbits: 1
930 (*) : --------------00---------------------1------------00----
930     : ['locked(epoch2,node1)', '~held(node0)', '~held(node1)', '~transfer(epoch3,node0)', '~transfer(epoch3,node1)']
931     : --------------00--------------------1-------------00----
931     : ['locked(epoch2,node0)', '~held(node0)', '~held(node1)', '~transfer(epoch3,node0)', '~transfer(epoch3,node1)']
num_forall :   0
num_exists :   0
num_literals : 0
quantified form : None
qcost : 0


=== Prime Orbit 142 =====================
size : 2
num_suborbits: 1
932 (*) : ---------------0---------------------10-----------00----
932     : ['locked(epoch2,node1)', '~held(node1)', '~locked(epoch3,node0)', '~transfer(epoch3,node0)', '~transfer(epoch3,node1)']
933     : --------------0---------------------1--0----------00----
933     : ['locked(epoch2,node0)', '~held(node0)', '~locked(epoch3,node1)', '~transfer(epoch3,node0)', '~transfer(epoch3,node1)']
num_forall :   0
num_exists :   0
num_literals : 0
quantified form : None
qcost : 0


=== Prime Orbit 143 =====================
size : 4
num_suborbits: 2
936 (*) : 0----0--0---------------------------00------------------
936     : ['~(ep(node0)=epoch0)', '~(ep(node1)=epoch1)', '~(first=node0)', '~locked(epoch2,node0)', '~locked(epoch2,node1)']
937     : -0--0----0--------------------------00------------------
937     : ['~(ep(node0)=epoch1)', '~(ep(node1)=epoch0)', '~(first=node1)', '~locked(epoch2,node0)', '~locked(epoch2,node1)']
964 (*) : 0----0--0-----------------------------00----------------
964     : ['~(ep(node0)=epoch0)', '~(ep(node1)=epoch1)', '~(first=node0)', '~locked(epoch3,node0)', '~locked(epoch3,node1)']
965     : -0--0----0----------------------------00----------------
965     : ['~(ep(node0)=epoch1)', '~(ep(node1)=epoch0)', '~(first=node1)', '~locked(epoch3,node0)', '~locked(epoch3,node1)']
num_forall :   0
num_exists :   0
num_literals : 0
quantified form : None
qcost : 0


=== Prime Orbit 144 =====================
size : 8
num_suborbits: 4
938 (*) : 0-0--0--0----------------------------0------------------
938     : ['~(ep(node0)=epoch0)', '~(ep(node0)=epoch2)', '~(ep(node1)=epoch1)', '~(first=node0)', '~locked(epoch2,node1)']
939     : -0--0-0--0--------------------------0-------------------
939     : ['~(ep(node0)=epoch1)', '~(ep(node1)=epoch0)', '~(ep(node1)=epoch2)', '~(first=node1)', '~locked(epoch2,node0)']
952 (*) : -00-0----0---------------------------0------------------
952     : ['~(ep(node0)=epoch1)', '~(ep(node0)=epoch2)', '~(ep(node1)=epoch0)', '~(first=node1)', '~locked(epoch2,node1)']
953     : 0----00-0---------------------------0-------------------
953     : ['~(ep(node0)=epoch0)', '~(ep(node1)=epoch1)', '~(ep(node1)=epoch2)', '~(first=node0)', '~locked(epoch2,node0)']
966 (*) : 0--0-0--0------------------------------0----------------
966     : ['~(ep(node0)=epoch0)', '~(ep(node0)=epoch3)', '~(ep(node1)=epoch1)', '~(first=node0)', '~locked(epoch3,node1)']
967     : -0--0--0-0----------------------------0-----------------
967     : ['~(ep(node0)=epoch1)', '~(ep(node1)=epoch0)', '~(ep(node1)=epoch3)', '~(first=node1)', '~locked(epoch3,node0)']
974 (*) : 0----0-00-----------------------------0-----------------
974     : ['~(ep(node0)=epoch0)', '~(ep(node1)=epoch1)', '~(ep(node1)=epoch3)', '~(first=node0)', '~locked(epoch3,node0)']
975     : -0-00----0-----------------------------0----------------
975     : ['~(ep(node0)=epoch1)', '~(ep(node0)=epoch3)', '~(ep(node1)=epoch0)', '~(first=node1)', '~locked(epoch3,node1)']
num_forall :   0
num_exists :   0
num_literals : 0
quantified form : None
qcost : 0


=== Prime Orbit 145 =====================
size : 4
num_suborbits: 2
940 (*) : 0----0---1--------------------------00------------------
940     : ['(first=node1)', '~(ep(node0)=epoch0)', '~(ep(node1)=epoch1)', '~locked(epoch2,node0)', '~locked(epoch2,node1)']
941     : -0--0---1---------------------------00------------------
941     : ['(first=node0)', '~(ep(node0)=epoch1)', '~(ep(node1)=epoch0)', '~locked(epoch2,node0)', '~locked(epoch2,node1)']
1016 (*) : 0----0---1----------------------------00----------------
1016     : ['(first=node1)', '~(ep(node0)=epoch0)', '~(ep(node1)=epoch1)', '~locked(epoch3,node0)', '~locked(epoch3,node1)']
1017     : -0--0---1-----------------------------00----------------
1017     : ['(first=node0)', '~(ep(node0)=epoch1)', '~(ep(node1)=epoch0)', '~locked(epoch3,node0)', '~locked(epoch3,node1)']
num_forall :   0
num_exists :   0
num_literals : 0
quantified form : None
qcost : 0


=== Prime Orbit 146 =====================
size : 4
num_suborbits: 2
942 (*) : 0----0-----------------------------100------------------
942     : ['locked(epoch1,node1)', '~(ep(node0)=epoch0)', '~(ep(node1)=epoch1)', '~locked(epoch2,node0)', '~locked(epoch2,node1)']
943     : -0--0-----------------------------1-00------------------
943     : ['locked(epoch1,node0)', '~(ep(node0)=epoch1)', '~(ep(node1)=epoch0)', '~locked(epoch2,node0)', '~locked(epoch2,node1)']
1030 (*) : 0----0-----------------------------1--00----------------
1030     : ['locked(epoch1,node1)', '~(ep(node0)=epoch0)', '~(ep(node1)=epoch1)', '~locked(epoch3,node0)', '~locked(epoch3,node1)']
1031     : -0--0-----------------------------1---00----------------
1031     : ['locked(epoch1,node0)', '~(ep(node0)=epoch1)', '~(ep(node1)=epoch0)', '~locked(epoch3,node0)', '~locked(epoch3,node1)']
num_forall :   0
num_exists :   0
num_literals : 0
quantified form : None
qcost : 0


=== Prime Orbit 147 =====================
size : 8
num_suborbits: 4
944 (*) : 0-0--0-----------------------------1-0------------------
944     : ['locked(epoch1,node1)', '~(ep(node0)=epoch0)', '~(ep(node0)=epoch2)', '~(ep(node1)=epoch1)', '~locked(epoch2,node1)']
945     : -0--0-0---------------------------1-0-------------------
945     : ['locked(epoch1,node0)', '~(ep(node0)=epoch1)', '~(ep(node1)=epoch0)', '~(ep(node1)=epoch2)', '~locked(epoch2,node0)']
954 (*) : -00-0-----------------------------1--0------------------
954     : ['locked(epoch1,node0)', '~(ep(node0)=epoch1)', '~(ep(node0)=epoch2)', '~(ep(node1)=epoch0)', '~locked(epoch2,node1)']
955     : 0----00----------------------------10-------------------
955     : ['locked(epoch1,node1)', '~(ep(node0)=epoch0)', '~(ep(node1)=epoch1)', '~(ep(node1)=epoch2)', '~locked(epoch2,node0)']
1028 (*) : 0--0-0-----------------------------1---0----------------
1028     : ['locked(epoch1,node1)', '~(ep(node0)=epoch0)', '~(ep(node0)=epoch3)', '~(ep(node1)=epoch1)', '~locked(epoch3,node1)']
1029     : -0--0--0--------------------------1---0-----------------
1029     : ['locked(epoch1,node0)', '~(ep(node0)=epoch1)', '~(ep(node1)=epoch0)', '~(ep(node1)=epoch3)', '~locked(epoch3,node0)']
1032 (*) : 0----0-0---------------------------1--0-----------------
1032     : ['locked(epoch1,node1)', '~(ep(node0)=epoch0)', '~(ep(node1)=epoch1)', '~(ep(node1)=epoch3)', '~locked(epoch3,node0)']
1033     : -0-00-----------------------------1----0----------------
1033     : ['locked(epoch1,node0)', '~(ep(node0)=epoch1)', '~(ep(node0)=epoch3)', '~(ep(node1)=epoch0)', '~locked(epoch3,node1)']
num_forall :   0
num_exists :   0
num_literals : 0
quantified form : None
qcost : 0


=== Prime Orbit 148 =====================
size : 8
num_suborbits: 4
946 (*) : 0-0--0---1---------------------------0------------------
946     : ['(first=node1)', '~(ep(node0)=epoch0)', '~(ep(node0)=epoch2)', '~(ep(node1)=epoch1)', '~locked(epoch2,node1)']
947     : -0--0-0-1---------------------------0-------------------
947     : ['(first=node0)', '~(ep(node0)=epoch1)', '~(ep(node1)=epoch0)', '~(ep(node1)=epoch2)', '~locked(epoch2,node0)']
956 (*) : -00-0---1----------------------------0------------------
956     : ['(first=node0)', '~(ep(node0)=epoch1)', '~(ep(node0)=epoch2)', '~(ep(node1)=epoch0)', '~locked(epoch2,node1)']
957     : 0----00--1--------------------------0-------------------
957     : ['(first=node1)', '~(ep(node0)=epoch0)', '~(ep(node1)=epoch1)', '~(ep(node1)=epoch2)', '~locked(epoch2,node0)']
1012 (*) : 0--0-0---1-----------------------------0----------------
1012     : ['(first=node1)', '~(ep(node0)=epoch0)', '~(ep(node0)=epoch3)', '~(ep(node1)=epoch1)', '~locked(epoch3,node1)']
1013     : -0--0--01-----------------------------0-----------------
1013     : ['(first=node0)', '~(ep(node0)=epoch1)', '~(ep(node1)=epoch0)', '~(ep(node1)=epoch3)', '~locked(epoch3,node0)']
1014 (*) : 0----0-0-1----------------------------0-----------------
1014     : ['(first=node1)', '~(ep(node0)=epoch0)', '~(ep(node1)=epoch1)', '~(ep(node1)=epoch3)', '~locked(epoch3,node0)']
1015     : -0-00---1------------------------------0----------------
1015     : ['(first=node0)', '~(ep(node0)=epoch1)', '~(ep(node0)=epoch3)', '~(ep(node1)=epoch0)', '~locked(epoch3,node1)']
num_forall :   0
num_exists :   0
num_literals : 0
quantified form : None
qcost : 0


=== Prime Orbit 149 =====================
size : 4
num_suborbits: 2
948 (*) : 0----0----------------------------0-00------------------
948     : ['~(ep(node0)=epoch0)', '~(ep(node1)=epoch1)', '~locked(epoch1,node0)', '~locked(epoch2,node0)', '~locked(epoch2,node1)']
949     : -0--0------------------------------000------------------
949     : ['~(ep(node0)=epoch1)', '~(ep(node1)=epoch0)', '~locked(epoch1,node1)', '~locked(epoch2,node0)', '~locked(epoch2,node1)']
1040 (*) : 0----0----------------------------0---00----------------
1040     : ['~(ep(node0)=epoch0)', '~(ep(node1)=epoch1)', '~locked(epoch1,node0)', '~locked(epoch3,node0)', '~locked(epoch3,node1)']
1041     : -0--0------------------------------0--00----------------
1041     : ['~(ep(node0)=epoch1)', '~(ep(node1)=epoch0)', '~locked(epoch1,node1)', '~locked(epoch3,node0)', '~locked(epoch3,node1)']
num_forall :   0
num_exists :   0
num_literals : 0
quantified form : None
qcost : 0


=== Prime Orbit 150 =====================
size : 8
num_suborbits: 4
950 (*) : 0-0--0----------------------------0--0------------------
950     : ['~(ep(node0)=epoch0)', '~(ep(node0)=epoch2)', '~(ep(node1)=epoch1)', '~locked(epoch1,node0)', '~locked(epoch2,node1)']
951     : -0--0-0----------------------------00-------------------
951     : ['~(ep(node0)=epoch1)', '~(ep(node1)=epoch0)', '~(ep(node1)=epoch2)', '~locked(epoch1,node1)', '~locked(epoch2,node0)']
958 (*) : -00-0------------------------------0-0------------------
958     : ['~(ep(node0)=epoch1)', '~(ep(node0)=epoch2)', '~(ep(node1)=epoch0)', '~locked(epoch1,node1)', '~locked(epoch2,node1)']
959     : 0----00---------------------------0-0-------------------
959     : ['~(ep(node0)=epoch0)', '~(ep(node1)=epoch1)', '~(ep(node1)=epoch2)', '~locked(epoch1,node0)', '~locked(epoch2,node0)']
1038 (*) : 0--0-0----------------------------0----0----------------
1038     : ['~(ep(node0)=epoch0)', '~(ep(node0)=epoch3)', '~(ep(node1)=epoch1)', '~locked(epoch1,node0)', '~locked(epoch3,node1)']
1039     : -0--0--0---------------------------0--0-----------------
1039     : ['~(ep(node0)=epoch1)', '~(ep(node1)=epoch0)', '~(ep(node1)=epoch3)', '~locked(epoch1,node1)', '~locked(epoch3,node0)']
1048 (*) : 0----0-0--------------------------0---0-----------------
1048     : ['~(ep(node0)=epoch0)', '~(ep(node1)=epoch1)', '~(ep(node1)=epoch3)', '~locked(epoch1,node0)', '~locked(epoch3,node0)']
1049     : -0-00------------------------------0---0----------------
1049     : ['~(ep(node0)=epoch1)', '~(ep(node0)=epoch3)', '~(ep(node1)=epoch0)', '~locked(epoch1,node1)', '~locked(epoch3,node1)']
num_forall :   0
num_exists :   0
num_literals : 0
quantified form : None
qcost : 0


=== Prime Orbit 151 =====================
size : 6
num_suborbits: 3
960 (*) : -1--0----------0----------------------------------00----
960     : ['(ep(node0)=epoch1)', '~(ep(node1)=epoch0)', '~held(node1)', '~transfer(epoch3,node0)', '~transfer(epoch3,node1)']
961     : 0----1--------0-----------------------------------00----
961     : ['(ep(node1)=epoch1)', '~(ep(node0)=epoch0)', '~held(node0)', '~transfer(epoch3,node0)', '~transfer(epoch3,node1)']
986 (*) : ---0--1--------0----------------------------------00----
986     : ['(ep(node1)=epoch2)', '~(ep(node0)=epoch3)', '~held(node1)', '~transfer(epoch3,node0)', '~transfer(epoch3,node1)']
987     : --1----0------0-----------------------------------00----
987     : ['(ep(node0)=epoch2)', '~(ep(node1)=epoch3)', '~held(node0)', '~transfer(epoch3,node0)', '~transfer(epoch3,node1)']
1050 (*) : 1----0---------0----------------------------------00----
1050     : ['(ep(node0)=epoch0)', '~(ep(node1)=epoch1)', '~held(node1)', '~transfer(epoch3,node0)', '~transfer(epoch3,node1)']
1051     : -0--1---------0-----------------------------------00----
1051     : ['(ep(node1)=epoch0)', '~(ep(node0)=epoch1)', '~held(node0)', '~transfer(epoch3,node0)', '~transfer(epoch3,node1)']
num_forall :   0
num_exists :   0
num_literals : 0
quantified form : None
qcost : 0


=== Prime Orbit 152 =====================
size : 4
num_suborbits: 2
962 (*) : -1----1--------0----------------------------------00----
962     : ['(ep(node0)=epoch1)', '(ep(node1)=epoch2)', '~held(node1)', '~transfer(epoch3,node0)', '~transfer(epoch3,node1)']
963     : --1--1--------0-----------------------------------00----
963     : ['(ep(node0)=epoch2)', '(ep(node1)=epoch1)', '~held(node0)', '~transfer(epoch3,node0)', '~transfer(epoch3,node1)']
1052 (*) : 1-----1--------0----------------------------------00----
1052     : ['(ep(node0)=epoch0)', '(ep(node1)=epoch2)', '~held(node1)', '~transfer(epoch3,node0)', '~transfer(epoch3,node1)']
1053     : --1-1---------0-----------------------------------00----
1053     : ['(ep(node0)=epoch2)', '(ep(node1)=epoch0)', '~held(node0)', '~transfer(epoch3,node0)', '~transfer(epoch3,node1)']
num_forall :   0
num_exists :   0
num_literals : 0
quantified form : None
qcost : 0


=== Prime Orbit 153 =====================
size : 4
num_suborbits: 2
968 (*) : 0--0-0-00-----------------------------------------------
968     : ['~(ep(node0)=epoch0)', '~(ep(node0)=epoch3)', '~(ep(node1)=epoch1)', '~(ep(node1)=epoch3)', '~(first=node0)']
969     : -0-00--0-0----------------------------------------------
969     : ['~(ep(node0)=epoch1)', '~(ep(node0)=epoch3)', '~(ep(node1)=epoch0)', '~(ep(node1)=epoch3)', '~(first=node1)']
976 (*) : 0-0--00-0-----------------------------------------------
976     : ['~(ep(node0)=epoch0)', '~(ep(node0)=epoch2)', '~(ep(node1)=epoch1)', '~(ep(node1)=epoch2)', '~(first=node0)']
977     : -00-0-0--0----------------------------------------------
977     : ['~(ep(node0)=epoch1)', '~(ep(node0)=epoch2)', '~(ep(node1)=epoch0)', '~(ep(node1)=epoch2)', '~(first=node1)']
num_forall :   0
num_exists :   0
num_literals : 0
quantified form : None
qcost : 0


=== Prime Orbit 154 =====================
size : 4
num_suborbits: 2
970 (*) : 0--0-0--0------0----------------------------------------
970     : ['~(ep(node0)=epoch0)', '~(ep(node0)=epoch3)', '~(ep(node1)=epoch1)', '~(first=node0)', '~held(node1)']
971     : -0--0--0-0----0-----------------------------------------
971     : ['~(ep(node0)=epoch1)', '~(ep(node1)=epoch0)', '~(ep(node1)=epoch3)', '~(first=node1)', '~held(node0)']
982 (*) : 0----0-00-----0-----------------------------------------
982     : ['~(ep(node0)=epoch0)', '~(ep(node1)=epoch1)', '~(ep(node1)=epoch3)', '~(first=node0)', '~held(node0)']
983     : -0-00----0-----0----------------------------------------
983     : ['~(ep(node0)=epoch1)', '~(ep(node0)=epoch3)', '~(ep(node1)=epoch0)', '~(first=node1)', '~held(node1)']
num_forall :   0
num_exists :   0
num_literals : 0
quantified form : None
qcost : 0


=== Prime Orbit 155 =====================
size : 4
num_suborbits: 2
972 (*) : 0----0--0------0----------------------0-----------------
972     : ['~(ep(node0)=epoch0)', '~(ep(node1)=epoch1)', '~(first=node0)', '~held(node1)', '~locked(epoch3,node0)']
973     : -0--0----0----0------------------------0----------------
973     : ['~(ep(node0)=epoch1)', '~(ep(node1)=epoch0)', '~(first=node1)', '~held(node0)', '~locked(epoch3,node1)']
978 (*) : 0----0--0-----0------------------------0----------------
978     : ['~(ep(node0)=epoch0)', '~(ep(node1)=epoch1)', '~(first=node0)', '~held(node0)', '~locked(epoch3,node1)']
979     : -0--0----0-----0----------------------0-----------------
979     : ['~(ep(node0)=epoch1)', '~(ep(node1)=epoch0)', '~(first=node1)', '~held(node1)', '~locked(epoch3,node0)']
num_forall :   0
num_exists :   0
num_literals : 0
quantified form : None
qcost : 0


=== Prime Orbit 156 =====================
size : 2
num_suborbits: 1
980 (*) : 0----0--0-----00----------------------------------------
980     : ['~(ep(node0)=epoch0)', '~(ep(node1)=epoch1)', '~(first=node0)', '~held(node0)', '~held(node1)']
981     : -0--0----0----00----------------------------------------
981     : ['~(ep(node0)=epoch1)', '~(ep(node1)=epoch0)', '~(first=node1)', '~held(node0)', '~held(node1)']
num_forall :   0
num_exists :   0
num_literals : 0
quantified form : None
qcost : 0


=== Prime Orbit 157 =====================
size : 2
num_suborbits: 1
984 (*) : ------1--------0----------------------0-----------00----
984     : ['(ep(node1)=epoch2)', '~held(node1)', '~locked(epoch3,node0)', '~transfer(epoch3,node0)', '~transfer(epoch3,node1)']
985     : --1-----------0------------------------0----------00----
985     : ['(ep(node0)=epoch2)', '~held(node0)', '~locked(epoch3,node1)', '~transfer(epoch3,node0)', '~transfer(epoch3,node1)']
num_forall :   0
num_exists :   0
num_literals : 0
quantified form : None
qcost : 0


=== Prime Orbit 158 =====================
size : 2
num_suborbits: 1
988 (*) : ------1-------00----------------------------------00----
988     : ['(ep(node1)=epoch2)', '~held(node0)', '~held(node1)', '~transfer(epoch3,node0)', '~transfer(epoch3,node1)']
989     : --1-----------00----------------------------------00----
989     : ['(ep(node0)=epoch2)', '~held(node0)', '~held(node1)', '~transfer(epoch3,node0)', '~transfer(epoch3,node1)']
num_forall :   0
num_exists :   0
num_literals : 0
quantified form : None
qcost : 0


=== Prime Orbit 159 =====================
size : 4
num_suborbits: 2
990 (*) : 0----0---1-----0----------------------0-----------------
990     : ['(first=node1)', '~(ep(node0)=epoch0)', '~(ep(node1)=epoch1)', '~held(node1)', '~locked(epoch3,node0)']
991     : -0--0---1-----0------------------------0----------------
991     : ['(first=node0)', '~(ep(node0)=epoch1)', '~(ep(node1)=epoch0)', '~held(node0)', '~locked(epoch3,node1)']
1020 (*) : 0----0---1----0------------------------0----------------
1020     : ['(first=node1)', '~(ep(node0)=epoch0)', '~(ep(node1)=epoch1)', '~held(node0)', '~locked(epoch3,node1)']
1021     : -0--0---1------0----------------------0-----------------
1021     : ['(first=node0)', '~(ep(node0)=epoch1)', '~(ep(node1)=epoch0)', '~held(node1)', '~locked(epoch3,node0)']
num_forall :   0
num_exists :   0
num_literals : 0
quantified form : None
qcost : 0


=== Prime Orbit 160 =====================
size : 4
num_suborbits: 2
992 (*) : 0--0-0---1-----0----------------------------------------
992     : ['(first=node1)', '~(ep(node0)=epoch0)', '~(ep(node0)=epoch3)', '~(ep(node1)=epoch1)', '~held(node1)']
993     : -0--0--01-----0-----------------------------------------
993     : ['(first=node0)', '~(ep(node0)=epoch1)', '~(ep(node1)=epoch0)', '~(ep(node1)=epoch3)', '~held(node0)']
1018 (*) : 0----0-0-1----0-----------------------------------------
1018     : ['(first=node1)', '~(ep(node0)=epoch0)', '~(ep(node1)=epoch1)', '~(ep(node1)=epoch3)', '~held(node0)']
1019     : -0-00---1------0----------------------------------------
1019     : ['(first=node0)', '~(ep(node0)=epoch1)', '~(ep(node0)=epoch3)', '~(ep(node1)=epoch0)', '~held(node1)']
num_forall :   0
num_exists :   0
num_literals : 0
quantified form : None
qcost : 0


=== Prime Orbit 161 =====================
size : 2
num_suborbits: 1
994 (*) : 0----0--------00------------------0---------------------
994     : ['~(ep(node0)=epoch0)', '~(ep(node1)=epoch1)', '~held(node0)', '~held(node1)', '~locked(epoch1,node0)']
995     : -0--0---------00-------------------0--------------------
995     : ['~(ep(node0)=epoch1)', '~(ep(node1)=epoch0)', '~held(node0)', '~held(node1)', '~locked(epoch1,node1)']
num_forall :   0
num_exists :   0
num_literals : 0
quantified form : None
qcost : 0


=== Prime Orbit 162 =====================
size : 4
num_suborbits: 2
996 (*) : 0----0---------0------------------0---0-----------------
996     : ['~(ep(node0)=epoch0)', '~(ep(node1)=epoch1)', '~held(node1)', '~locked(epoch1,node0)', '~locked(epoch3,node0)']
997     : -0--0---------0--------------------0---0----------------
997     : ['~(ep(node0)=epoch1)', '~(ep(node1)=epoch0)', '~held(node0)', '~locked(epoch1,node1)', '~locked(epoch3,node1)']
1042 (*) : 0----0--------0-------------------0----0----------------
1042     : ['~(ep(node0)=epoch0)', '~(ep(node1)=epoch1)', '~held(node0)', '~locked(epoch1,node0)', '~locked(epoch3,node1)']
1043     : -0--0----------0-------------------0--0-----------------
1043     : ['~(ep(node0)=epoch1)', '~(ep(node1)=epoch0)', '~held(node1)', '~locked(epoch1,node1)', '~locked(epoch3,node0)']
num_forall :   0
num_exists :   0
num_literals : 0
quantified form : None
qcost : 0


=== Prime Orbit 163 =====================
size : 4
num_suborbits: 2
998 (*) : 0--0-0---------0------------------0---------------------
998     : ['~(ep(node0)=epoch0)', '~(ep(node0)=epoch3)', '~(ep(node1)=epoch1)', '~held(node1)', '~locked(epoch1,node0)']
999     : -0--0--0------0--------------------0--------------------
999     : ['~(ep(node0)=epoch1)', '~(ep(node1)=epoch0)', '~(ep(node1)=epoch3)', '~held(node0)', '~locked(epoch1,node1)']
1044 (*) : 0----0-0------0-------------------0---------------------
1044     : ['~(ep(node0)=epoch0)', '~(ep(node1)=epoch1)', '~(ep(node1)=epoch3)', '~held(node0)', '~locked(epoch1,node0)']
1045     : -0-00----------0-------------------0--------------------
1045     : ['~(ep(node0)=epoch1)', '~(ep(node0)=epoch3)', '~(ep(node1)=epoch0)', '~held(node1)', '~locked(epoch1,node1)']
num_forall :   0
num_exists :   0
num_literals : 0
quantified form : None
qcost : 0


=== Prime Orbit 164 =====================
size : 4
num_suborbits: 2
1000 (*) : 0--0-0---------0-------------------1--------------------
1000     : ['locked(epoch1,node1)', '~(ep(node0)=epoch0)', '~(ep(node0)=epoch3)', '~(ep(node1)=epoch1)', '~held(node1)']
1001     : -0--0--0------0-------------------1---------------------
1001     : ['locked(epoch1,node0)', '~(ep(node0)=epoch1)', '~(ep(node1)=epoch0)', '~(ep(node1)=epoch3)', '~held(node0)']
1036 (*) : 0----0-0------0--------------------1--------------------
1036     : ['locked(epoch1,node1)', '~(ep(node0)=epoch0)', '~(ep(node1)=epoch1)', '~(ep(node1)=epoch3)', '~held(node0)']
1037     : -0-00----------0------------------1---------------------
1037     : ['locked(epoch1,node0)', '~(ep(node0)=epoch1)', '~(ep(node0)=epoch3)', '~(ep(node1)=epoch0)', '~held(node1)']
num_forall :   0
num_exists :   0
num_literals : 0
quantified form : None
qcost : 0


=== Prime Orbit 165 =====================
size : 4
num_suborbits: 2
1002 (*) : 0----0---------0-------------------1--0-----------------
1002     : ['locked(epoch1,node1)', '~(ep(node0)=epoch0)', '~(ep(node1)=epoch1)', '~held(node1)', '~locked(epoch3,node0)']
1003     : -0--0---------0-------------------1----0----------------
1003     : ['locked(epoch1,node0)', '~(ep(node0)=epoch1)', '~(ep(node1)=epoch0)', '~held(node0)', '~locked(epoch3,node1)']
1034 (*) : 0----0--------0--------------------1---0----------------
1034     : ['locked(epoch1,node1)', '~(ep(node0)=epoch0)', '~(ep(node1)=epoch1)', '~held(node0)', '~locked(epoch3,node1)']
1035     : -0--0----------0------------------1---0-----------------
1035     : ['locked(epoch1,node0)', '~(ep(node0)=epoch1)', '~(ep(node1)=epoch0)', '~held(node1)', '~locked(epoch3,node0)']
num_forall :   0
num_exists :   0
num_literals : 0
quantified form : None
qcost : 0


=== Prime Orbit 166 =====================
size : 2
num_suborbits: 1
1004 (*) : 0----0---1----00----------------------------------------
1004     : ['(first=node1)', '~(ep(node0)=epoch0)', '~(ep(node1)=epoch1)', '~held(node0)', '~held(node1)']
1005     : -0--0---1-----00----------------------------------------
1005     : ['(first=node0)', '~(ep(node0)=epoch1)', '~(ep(node1)=epoch0)', '~held(node0)', '~held(node1)']
num_forall :   0
num_exists :   0
num_literals : 0
quantified form : None
qcost : 0


=== Prime Orbit 167 =====================
size : 2
num_suborbits: 1
1006 (*) : 0----0--------00-------------------1--------------------
1006     : ['locked(epoch1,node1)', '~(ep(node0)=epoch0)', '~(ep(node1)=epoch1)', '~held(node0)', '~held(node1)']
1007     : -0--0---------00------------------1---------------------
1007     : ['locked(epoch1,node0)', '~(ep(node0)=epoch1)', '~(ep(node1)=epoch0)', '~held(node0)', '~held(node1)']
num_forall :   0
num_exists :   0
num_literals : 0
quantified form : None
qcost : 0


=== Prime Orbit 168 =====================
size : 4
num_suborbits: 2
1008 (*) : 0-0--00--1----------------------------------------------
1008     : ['(first=node1)', '~(ep(node0)=epoch0)', '~(ep(node0)=epoch2)', '~(ep(node1)=epoch1)', '~(ep(node1)=epoch2)']
1009     : -00-0-0-1-----------------------------------------------
1009     : ['(first=node0)', '~(ep(node0)=epoch1)', '~(ep(node0)=epoch2)', '~(ep(node1)=epoch0)', '~(ep(node1)=epoch2)']
1010 (*) : 0--0-0-0-1----------------------------------------------
1010     : ['(first=node1)', '~(ep(node0)=epoch0)', '~(ep(node0)=epoch3)', '~(ep(node1)=epoch1)', '~(ep(node1)=epoch3)']
1011     : -0-00--01-----------------------------------------------
1011     : ['(first=node0)', '~(ep(node0)=epoch1)', '~(ep(node0)=epoch3)', '~(ep(node1)=epoch0)', '~(ep(node1)=epoch3)']
num_forall :   0
num_exists :   0
num_literals : 0
quantified form : None
qcost : 0


=== Prime Orbit 169 =====================
size : 4
num_suborbits: 2
1022 (*) : 0-0--00---------------------------0---------------------
1022     : ['~(ep(node0)=epoch0)', '~(ep(node0)=epoch2)', '~(ep(node1)=epoch1)', '~(ep(node1)=epoch2)', '~locked(epoch1,node0)']
1023     : -00-0-0----------------------------0--------------------
1023     : ['~(ep(node0)=epoch1)', '~(ep(node0)=epoch2)', '~(ep(node1)=epoch0)', '~(ep(node1)=epoch2)', '~locked(epoch1,node1)']
1046 (*) : 0--0-0-0--------------------------0---------------------
1046     : ['~(ep(node0)=epoch0)', '~(ep(node0)=epoch3)', '~(ep(node1)=epoch1)', '~(ep(node1)=epoch3)', '~locked(epoch1,node0)']
1047     : -0-00--0---------------------------0--------------------
1047     : ['~(ep(node0)=epoch1)', '~(ep(node0)=epoch3)', '~(ep(node1)=epoch0)', '~(ep(node1)=epoch3)', '~locked(epoch1,node1)']
num_forall :   0
num_exists :   0
num_literals : 0
quantified form : None
qcost : 0


=== Prime Orbit 170 =====================
size : 4
num_suborbits: 2
1024 (*) : 0-0--00----------------------------1--------------------
1024     : ['locked(epoch1,node1)', '~(ep(node0)=epoch0)', '~(ep(node0)=epoch2)', '~(ep(node1)=epoch1)', '~(ep(node1)=epoch2)']
1025     : -00-0-0---------------------------1---------------------
1025     : ['locked(epoch1,node0)', '~(ep(node0)=epoch1)', '~(ep(node0)=epoch2)', '~(ep(node1)=epoch0)', '~(ep(node1)=epoch2)']
1026 (*) : 0--0-0-0---------------------------1--------------------
1026     : ['locked(epoch1,node1)', '~(ep(node0)=epoch0)', '~(ep(node0)=epoch3)', '~(ep(node1)=epoch1)', '~(ep(node1)=epoch3)']
1027     : -0-00--0--------------------------1---------------------
1027     : ['locked(epoch1,node0)', '~(ep(node0)=epoch1)', '~(ep(node0)=epoch3)', '~(ep(node1)=epoch0)', '~(ep(node1)=epoch3)']
num_forall :   0
num_exists :   0
num_literals : 0
quantified form : None
qcost : 0


=== Prime Orbit 171 =====================
size : 6
num_suborbits: 3
1054 (*) : -00--00-------------------------------------------1-----
1054     : ['transfer(epoch3,node0)', '~(ep(node0)=epoch1)', '~(ep(node0)=epoch2)', '~(ep(node1)=epoch1)', '~(ep(node1)=epoch2)']
1055     : -00--00--------------------------------------------1----
1055     : ['transfer(epoch3,node1)', '~(ep(node0)=epoch1)', '~(ep(node0)=epoch2)', '~(ep(node1)=epoch1)', '~(ep(node1)=epoch2)']
1062 (*) : 0-0-0-0-------------------------------------------1-----
1062     : ['transfer(epoch3,node0)', '~(ep(node0)=epoch0)', '~(ep(node0)=epoch2)', '~(ep(node1)=epoch0)', '~(ep(node1)=epoch2)']
1063     : 0-0-0-0--------------------------------------------1----
1063     : ['transfer(epoch3,node1)', '~(ep(node0)=epoch0)', '~(ep(node0)=epoch2)', '~(ep(node1)=epoch0)', '~(ep(node1)=epoch2)']
1070 (*) : 00--00--------------------------------------------1-----
1070     : ['transfer(epoch3,node0)', '~(ep(node0)=epoch0)', '~(ep(node0)=epoch1)', '~(ep(node1)=epoch0)', '~(ep(node1)=epoch1)']
1071     : 00--00---------------------------------------------1----
1071     : ['transfer(epoch3,node1)', '~(ep(node0)=epoch0)', '~(ep(node0)=epoch1)', '~(ep(node1)=epoch0)', '~(ep(node1)=epoch1)']
num_forall :   0
num_exists :   0
num_literals : 0
quantified form : None
qcost : 0


=== Prime Orbit 172 =====================
size : 8
num_suborbits: 4
1056 (*) : -00--0-------------------------------0------------1-----
1056     : ['transfer(epoch3,node0)', '~(ep(node0)=epoch1)', '~(ep(node0)=epoch2)', '~(ep(node1)=epoch1)', '~locked(epoch2,node1)']
1057     : -0---00-----------------------------0--------------1----
1057     : ['transfer(epoch3,node1)', '~(ep(node0)=epoch1)', '~(ep(node1)=epoch1)', '~(ep(node1)=epoch2)', '~locked(epoch2,node0)']
1058 (*) : -0---00-----------------------------0-------------1-----
1058     : ['transfer(epoch3,node0)', '~(ep(node0)=epoch1)', '~(ep(node1)=epoch1)', '~(ep(node1)=epoch2)', '~locked(epoch2,node0)']
1059     : -00--0-------------------------------0-------------1----
1059     : ['transfer(epoch3,node1)', '~(ep(node0)=epoch1)', '~(ep(node0)=epoch2)', '~(ep(node1)=epoch1)', '~locked(epoch2,node1)']
1064 (*) : 0---0-0-----------------------------0-------------1-----
1064     : ['transfer(epoch3,node0)', '~(ep(node0)=epoch0)', '~(ep(node1)=epoch0)', '~(ep(node1)=epoch2)', '~locked(epoch2,node0)']
1065     : 0-0-0--------------------------------0-------------1----
1065     : ['transfer(epoch3,node1)', '~(ep(node0)=epoch0)', '~(ep(node0)=epoch2)', '~(ep(node1)=epoch0)', '~locked(epoch2,node1)']
1066 (*) : 0-0-0--------------------------------0------------1-----
1066     : ['transfer(epoch3,node0)', '~(ep(node0)=epoch0)', '~(ep(node0)=epoch2)', '~(ep(node1)=epoch0)', '~locked(epoch2,node1)']
1067     : 0---0-0-----------------------------0--------------1----
1067     : ['transfer(epoch3,node1)', '~(ep(node0)=epoch0)', '~(ep(node1)=epoch0)', '~(ep(node1)=epoch2)', '~locked(epoch2,node0)']
num_forall :   0
num_exists :   0
num_literals : 0
quantified form : None
qcost : 0


=== Prime Orbit 173 =====================
size : 4
num_suborbits: 2
1060 (*) : -0---0------------------------------00------------1-----
1060     : ['transfer(epoch3,node0)', '~(ep(node0)=epoch1)', '~(ep(node1)=epoch1)', '~locked(epoch2,node0)', '~locked(epoch2,node1)']
1061     : -0---0------------------------------00-------------1----
1061     : ['transfer(epoch3,node1)', '~(ep(node0)=epoch1)', '~(ep(node1)=epoch1)', '~locked(epoch2,node0)', '~locked(epoch2,node1)']
1068 (*) : 0---0-------------------------------00------------1-----
1068     : ['transfer(epoch3,node0)', '~(ep(node0)=epoch0)', '~(ep(node1)=epoch0)', '~locked(epoch2,node0)', '~locked(epoch2,node1)']
1069     : 0---0-------------------------------00-------------1----
1069     : ['transfer(epoch3,node1)', '~(ep(node0)=epoch0)', '~(ep(node1)=epoch0)', '~locked(epoch2,node0)', '~locked(epoch2,node1)']
num_forall :   0
num_exists :   0
num_literals : 0
quantified form : None
qcost : 0


=== Prime Orbit 174 =====================
size : 2
num_suborbits: 1
1072 (*) : 1--------------0--------------------------------0000----
1072     : ['(ep(node0)=epoch0)', '~held(node1)', '~transfer(epoch2,node0)', '~transfer(epoch2,node1)', '~transfer(epoch3,node0)', '~transfer(epoch3,node1)']
1073     : ----1---------0---------------------------------0000----
1073     : ['(ep(node1)=epoch0)', '~held(node0)', '~transfer(epoch2,node0)', '~transfer(epoch2,node1)', '~transfer(epoch3,node0)', '~transfer(epoch3,node1)']
num_forall :   0
num_exists :   0
num_literals : 0
quantified form : None
qcost : 0


=== Prime Orbit 175 =====================
size : 6
num_suborbits: 3
1074 (*) : -000-00--------0----------------------------------------
1074     : ['~(ep(node0)=epoch1)', '~(ep(node0)=epoch2)', '~(ep(node0)=epoch3)', '~(ep(node1)=epoch1)', '~(ep(node1)=epoch2)', '~held(node1)']
1075     : -00--000------0-----------------------------------------
1075     : ['~(ep(node0)=epoch1)', '~(ep(node0)=epoch2)', '~(ep(node1)=epoch1)', '~(ep(node1)=epoch2)', '~(ep(node1)=epoch3)', '~held(node0)']
1164 (*) : 0-000-0--------0----------------------------------------
1164     : ['~(ep(node0)=epoch0)', '~(ep(node0)=epoch2)', '~(ep(node0)=epoch3)', '~(ep(node1)=epoch0)', '~(ep(node1)=epoch2)', '~held(node1)']
1165     : 0-0-0-00------0-----------------------------------------
1165     : ['~(ep(node0)=epoch0)', '~(ep(node0)=epoch2)', '~(ep(node1)=epoch0)', '~(ep(node1)=epoch2)', '~(ep(node1)=epoch3)', '~held(node0)']
1206 (*) : 00-000---------0----------------------------------------
1206     : ['~(ep(node0)=epoch0)', '~(ep(node0)=epoch1)', '~(ep(node0)=epoch3)', '~(ep(node1)=epoch0)', '~(ep(node1)=epoch1)', '~held(node1)']
1207     : 00--00-0------0-----------------------------------------
1207     : ['~(ep(node0)=epoch0)', '~(ep(node0)=epoch1)', '~(ep(node1)=epoch0)', '~(ep(node1)=epoch1)', '~(ep(node1)=epoch3)', '~held(node0)']
num_forall :   0
num_exists :   0
num_literals : 0
quantified form : None
qcost : 0


=== Prime Orbit 176 =====================
size : 3
num_suborbits: 3
1076 (*) : -00--00-------00----------------------------------------
1076     : ['~(ep(node0)=epoch1)', '~(ep(node0)=epoch2)', '~(ep(node1)=epoch1)', '~(ep(node1)=epoch2)', '~held(node0)', '~held(node1)']
1202 (*) : 0-0-0-0-------00----------------------------------------
1202     : ['~(ep(node0)=epoch0)', '~(ep(node0)=epoch2)', '~(ep(node1)=epoch0)', '~(ep(node1)=epoch2)', '~held(node0)', '~held(node1)']
1203 (*) : 00--00--------00----------------------------------------
1203     : ['~(ep(node0)=epoch0)', '~(ep(node0)=epoch1)', '~(ep(node1)=epoch0)', '~(ep(node1)=epoch1)', '~held(node0)', '~held(node1)']
num_forall :   0
num_exists :   0
num_literals : 0
quantified form : None
qcost : 0


=== Prime Orbit 177 =====================
size : 14
num_suborbits: 7
1077 (*) : -00--00-------0------------------------0----------------
1077     : ['~(ep(node0)=epoch1)', '~(ep(node0)=epoch2)', '~(ep(node1)=epoch1)', '~(ep(node1)=epoch2)', '~held(node0)', '~locked(epoch3,node1)']
1078     : -00--00--------0----------------------0-----------------
1078     : ['~(ep(node0)=epoch1)', '~(ep(node0)=epoch2)', '~(ep(node1)=epoch1)', '~(ep(node1)=epoch2)', '~held(node1)', '~locked(epoch3,node0)']
1081 (*) : -0-0-00--------0--------------------0-------------------
1081     : ['~(ep(node0)=epoch1)', '~(ep(node0)=epoch3)', '~(ep(node1)=epoch1)', '~(ep(node1)=epoch2)', '~held(node1)', '~locked(epoch2,node0)']
1082     : -00--0-0------0----------------------0------------------
1082     : ['~(ep(node0)=epoch1)', '~(ep(node0)=epoch2)', '~(ep(node1)=epoch1)', '~(ep(node1)=epoch3)', '~held(node0)', '~locked(epoch2,node1)']
1091 (*) : -0---000------0---------------------0-------------------
1091     : ['~(ep(node0)=epoch1)', '~(ep(node1)=epoch1)', '~(ep(node1)=epoch2)', '~(ep(node1)=epoch3)', '~held(node0)', '~locked(epoch2,node0)']
1092     : -000-0---------0---------------------0------------------
1092     : ['~(ep(node0)=epoch1)', '~(ep(node0)=epoch2)', '~(ep(node0)=epoch3)', '~(ep(node1)=epoch1)', '~held(node1)', '~locked(epoch2,node1)']
1158 (*) : 0--00-0--------0--------------------0-------------------
1158     : ['~(ep(node0)=epoch0)', '~(ep(node0)=epoch3)', '~(ep(node1)=epoch0)', '~(ep(node1)=epoch2)', '~held(node1)', '~locked(epoch2,node0)']
1159     : 0-0-0--0------0----------------------0------------------
1159     : ['~(ep(node0)=epoch0)', '~(ep(node0)=epoch2)', '~(ep(node1)=epoch0)', '~(ep(node1)=epoch3)', '~held(node0)', '~locked(epoch2,node1)']
1167 (*) : 0-0-0-0--------0----------------------0-----------------
1167     : ['~(ep(node0)=epoch0)', '~(ep(node0)=epoch2)', '~(ep(node1)=epoch0)', '~(ep(node1)=epoch2)', '~held(node1)', '~locked(epoch3,node0)']
1168     : 0-0-0-0-------0------------------------0----------------
1168     : ['~(ep(node0)=epoch0)', '~(ep(node0)=epoch2)', '~(ep(node1)=epoch0)', '~(ep(node1)=epoch2)', '~held(node0)', '~locked(epoch3,node1)']
1170 (*) : 0-000----------0---------------------0------------------
1170     : ['~(ep(node0)=epoch0)', '~(ep(node0)=epoch2)', '~(ep(node0)=epoch3)', '~(ep(node1)=epoch0)', '~held(node1)', '~locked(epoch2,node1)']
1171     : 0---0-00------0---------------------0-------------------
1171     : ['~(ep(node0)=epoch0)', '~(ep(node1)=epoch0)', '~(ep(node1)=epoch2)', '~(ep(node1)=epoch3)', '~held(node0)', '~locked(epoch2,node0)']
1204 (*) : 00--00---------0----------------------0-----------------
1204     : ['~(ep(node0)=epoch0)', '~(ep(node0)=epoch1)', '~(ep(node1)=epoch0)', '~(ep(node1)=epoch1)', '~held(node1)', '~locked(epoch3,node0)']
1205     : 00--00--------0------------------------0----------------
1205     : ['~(ep(node0)=epoch0)', '~(ep(node0)=epoch1)', '~(ep(node1)=epoch0)', '~(ep(node1)=epoch1)', '~held(node0)', '~locked(epoch3,node1)']
num_forall :   0
num_exists :   0
num_literals : 0
quantified form : None
qcost : 0


=== Prime Orbit 178 =====================
size : 12
num_suborbits: 6
1079 (*) : -0---00--------0--------------------0-0-----------------
1079     : ['~(ep(node0)=epoch1)', '~(ep(node1)=epoch1)', '~(ep(node1)=epoch2)', '~held(node1)', '~locked(epoch2,node0)', '~locked(epoch3,node0)']
1080     : -00--0--------0----------------------0-0----------------
1080     : ['~(ep(node0)=epoch1)', '~(ep(node0)=epoch2)', '~(ep(node1)=epoch1)', '~held(node0)', '~locked(epoch2,node1)', '~locked(epoch3,node1)']
1095 (*) : -0---00-------0---------------------0--0----------------
1095     : ['~(ep(node0)=epoch1)', '~(ep(node1)=epoch1)', '~(ep(node1)=epoch2)', '~held(node0)', '~locked(epoch2,node0)', '~locked(epoch3,node1)']
1096     : -00--0---------0---------------------00-----------------
1096     : ['~(ep(node0)=epoch1)', '~(ep(node0)=epoch2)', '~(ep(node1)=epoch1)', '~held(node1)', '~locked(epoch2,node1)', '~locked(epoch3,node0)']
1139 (*) : -0---0-0------0---------------------00------------------
1139     : ['~(ep(node0)=epoch1)', '~(ep(node1)=epoch1)', '~(ep(node1)=epoch3)', '~held(node0)', '~locked(epoch2,node0)', '~locked(epoch2,node1)']
1140     : -0-0-0---------0--------------------00------------------
1140     : ['~(ep(node0)=epoch1)', '~(ep(node0)=epoch3)', '~(ep(node1)=epoch1)', '~held(node1)', '~locked(epoch2,node0)', '~locked(epoch2,node1)']
1148 (*) : 0--00----------0--------------------00------------------
1148     : ['~(ep(node0)=epoch0)', '~(ep(node0)=epoch3)', '~(ep(node1)=epoch0)', '~held(node1)', '~locked(epoch2,node0)', '~locked(epoch2,node1)']
1149     : 0---0--0------0---------------------00------------------
1149     : ['~(ep(node0)=epoch0)', '~(ep(node1)=epoch0)', '~(ep(node1)=epoch3)', '~held(node0)', '~locked(epoch2,node0)', '~locked(epoch2,node1)']
1154 (*) : 0---0-0--------0--------------------0-0-----------------
1154     : ['~(ep(node0)=epoch0)', '~(ep(node1)=epoch0)', '~(ep(node1)=epoch2)', '~held(node1)', '~locked(epoch2,node0)', '~locked(epoch3,node0)']
1155     : 0-0-0---------0----------------------0-0----------------
1155     : ['~(ep(node0)=epoch0)', '~(ep(node0)=epoch2)', '~(ep(node1)=epoch0)', '~held(node0)', '~locked(epoch2,node1)', '~locked(epoch3,node1)']
1172 (*) : 0-0-0----------0---------------------00-----------------
1172     : ['~(ep(node0)=epoch0)', '~(ep(node0)=epoch2)', '~(ep(node1)=epoch0)', '~held(node1)', '~locked(epoch2,node1)', '~locked(epoch3,node0)']
1173     : 0---0-0-------0---------------------0--0----------------
1173     : ['~(ep(node0)=epoch0)', '~(ep(node1)=epoch0)', '~(ep(node1)=epoch2)', '~held(node0)', '~locked(epoch2,node0)', '~locked(epoch3,node1)']
num_forall :   0
num_exists :   0
num_literals : 0
quantified form : None
qcost : 0


=== Prime Orbit 179 =====================
size : 12
num_suborbits: 6
1083 (*) : -0-0-000----------------------------0-------------------
1083     : ['~(ep(node0)=epoch1)', '~(ep(node0)=epoch3)', '~(ep(node1)=epoch1)', '~(ep(node1)=epoch2)', '~(ep(node1)=epoch3)', '~locked(epoch2,node0)']
1084     : -000-0-0-----------------------------0------------------
1084     : ['~(ep(node0)=epoch1)', '~(ep(node0)=epoch2)', '~(ep(node0)=epoch3)', '~(ep(node1)=epoch1)', '~(ep(node1)=epoch3)', '~locked(epoch2,node1)']
1097 (*) : -000-00--------------------------------0----------------
1097     : ['~(ep(node0)=epoch1)', '~(ep(node0)=epoch2)', '~(ep(node0)=epoch3)', '~(ep(node1)=epoch1)', '~(ep(node1)=epoch2)', '~locked(epoch3,node1)']
1098     : -00--000------------------------------0-----------------
1098     : ['~(ep(node0)=epoch1)', '~(ep(node0)=epoch2)', '~(ep(node1)=epoch1)', '~(ep(node1)=epoch2)', '~(ep(node1)=epoch3)', '~locked(epoch3,node0)']
1160 (*) : 0--00-00----------------------------0-------------------
1160     : ['~(ep(node0)=epoch0)', '~(ep(node0)=epoch3)', '~(ep(node1)=epoch0)', '~(ep(node1)=epoch2)', '~(ep(node1)=epoch3)', '~locked(epoch2,node0)']
1161     : 0-000--0-----------------------------0------------------
1161     : ['~(ep(node0)=epoch0)', '~(ep(node0)=epoch2)', '~(ep(node0)=epoch3)', '~(ep(node1)=epoch0)', '~(ep(node1)=epoch3)', '~locked(epoch2,node1)']
1162 (*) : 0-000-0--------------------------------0----------------
1162     : ['~(ep(node0)=epoch0)', '~(ep(node0)=epoch2)', '~(ep(node0)=epoch3)', '~(ep(node1)=epoch0)', '~(ep(node1)=epoch2)', '~locked(epoch3,node1)']
1163     : 0-0-0-00------------------------------0-----------------
1163     : ['~(ep(node0)=epoch0)', '~(ep(node0)=epoch2)', '~(ep(node1)=epoch0)', '~(ep(node1)=epoch2)', '~(ep(node1)=epoch3)', '~locked(epoch3,node0)']
1208 (*) : 00--00-0------------------------------0-----------------
1208     : ['~(ep(node0)=epoch0)', '~(ep(node0)=epoch1)', '~(ep(node1)=epoch0)', '~(ep(node1)=epoch1)', '~(ep(node1)=epoch3)', '~locked(epoch3,node0)']
1209     : 00-000---------------------------------0----------------
1209     : ['~(ep(node0)=epoch0)', '~(ep(node0)=epoch1)', '~(ep(node0)=epoch3)', '~(ep(node1)=epoch0)', '~(ep(node1)=epoch1)', '~locked(epoch3,node1)']
1213 (*) : 000-00-------------------------------0------------------
1213     : ['~(ep(node0)=epoch0)', '~(ep(node0)=epoch1)', '~(ep(node0)=epoch2)', '~(ep(node1)=epoch0)', '~(ep(node1)=epoch1)', '~locked(epoch2,node1)']
1214     : 00--000-----------------------------0-------------------
1214     : ['~(ep(node0)=epoch0)', '~(ep(node0)=epoch1)', '~(ep(node1)=epoch0)', '~(ep(node1)=epoch1)', '~(ep(node1)=epoch2)', '~locked(epoch2,node0)']
num_forall :   0
num_exists :   0
num_literals : 0
quantified form : None
qcost : 0


=== Prime Orbit 180 =====================
size : 14
num_suborbits: 10
1085 (*) : -0---000----------------------------0-0-----------------
1085     : ['~(ep(node0)=epoch1)', '~(ep(node1)=epoch1)', '~(ep(node1)=epoch2)', '~(ep(node1)=epoch3)', '~locked(epoch2,node0)', '~locked(epoch3,node0)']
1086     : -000-0-------------------------------0-0----------------
1086     : ['~(ep(node0)=epoch1)', '~(ep(node0)=epoch2)', '~(ep(node0)=epoch3)', '~(ep(node1)=epoch1)', '~locked(epoch2,node1)', '~locked(epoch3,node1)']
1089 (*) : -0-0-00-----------------------------0--0----------------
1089     : ['~(ep(node0)=epoch1)', '~(ep(node0)=epoch3)', '~(ep(node1)=epoch1)', '~(ep(node1)=epoch2)', '~locked(epoch2,node0)', '~locked(epoch3,node1)']
1090     : -00--0-0-----------------------------00-----------------
1090     : ['~(ep(node0)=epoch1)', '~(ep(node0)=epoch2)', '~(ep(node1)=epoch1)', '~(ep(node1)=epoch3)', '~locked(epoch2,node1)', '~locked(epoch3,node0)']
1100 (*) : -00--00-------------------------------00----------------
1100     : ['~(ep(node0)=epoch1)', '~(ep(node0)=epoch2)', '~(ep(node1)=epoch1)', '~(ep(node1)=epoch2)', '~locked(epoch3,node0)', '~locked(epoch3,node1)']
1141 (*) : -0-0-0-0----------------------------00------------------
1141     : ['~(ep(node0)=epoch1)', '~(ep(node0)=epoch3)', '~(ep(node1)=epoch1)', '~(ep(node1)=epoch3)', '~locked(epoch2,node0)', '~locked(epoch2,node1)']
1147 (*) : 0--00--0----------------------------00------------------
1147     : ['~(ep(node0)=epoch0)', '~(ep(node0)=epoch3)', '~(ep(node1)=epoch0)', '~(ep(node1)=epoch3)', '~locked(epoch2,node0)', '~locked(epoch2,node1)']
1150 (*) : 0---0-00----------------------------0-0-----------------
1150     : ['~(ep(node0)=epoch0)', '~(ep(node1)=epoch0)', '~(ep(node1)=epoch2)', '~(ep(node1)=epoch3)', '~locked(epoch2,node0)', '~locked(epoch3,node0)']
1151     : 0-000--------------------------------0-0----------------
1151     : ['~(ep(node0)=epoch0)', '~(ep(node0)=epoch2)', '~(ep(node0)=epoch3)', '~(ep(node1)=epoch0)', '~locked(epoch2,node1)', '~locked(epoch3,node1)']
1156 (*) : 0--00-0-----------------------------0--0----------------
1156     : ['~(ep(node0)=epoch0)', '~(ep(node0)=epoch3)', '~(ep(node1)=epoch0)', '~(ep(node1)=epoch2)', '~locked(epoch2,node0)', '~locked(epoch3,node1)']
1157     : 0-0-0--0-----------------------------00-----------------
1157     : ['~(ep(node0)=epoch0)', '~(ep(node0)=epoch2)', '~(ep(node1)=epoch0)', '~(ep(node1)=epoch3)', '~locked(epoch2,node1)', '~locked(epoch3,node0)']
1169 (*) : 0-0-0-0-------------------------------00----------------
1169     : ['~(ep(node0)=epoch0)', '~(ep(node0)=epoch2)', '~(ep(node1)=epoch0)', '~(ep(node1)=epoch2)', '~locked(epoch3,node0)', '~locked(epoch3,node1)']
1211 (*) : 00--00--------------------------------00----------------
1211     : ['~(ep(node0)=epoch0)', '~(ep(node0)=epoch1)', '~(ep(node1)=epoch0)', '~(ep(node1)=epoch1)', '~locked(epoch3,node0)', '~locked(epoch3,node1)']
1215 (*) : 00--00------------------------------00------------------
1215     : ['~(ep(node0)=epoch0)', '~(ep(node0)=epoch1)', '~(ep(node1)=epoch0)', '~(ep(node1)=epoch1)', '~locked(epoch2,node0)', '~locked(epoch2,node1)']
num_forall :   0
num_exists :   0
num_literals : 0
quantified form : None
qcost : 0


=== Prime Orbit 181 =====================
size : 8
num_suborbits: 4
1087 (*) : -0---00-----------------------------0-00----------------
1087     : ['~(ep(node0)=epoch1)', '~(ep(node1)=epoch1)', '~(ep(node1)=epoch2)', '~locked(epoch2,node0)', '~locked(epoch3,node0)', '~locked(epoch3,node1)']
1088     : -00--0-------------------------------000----------------
1088     : ['~(ep(node0)=epoch1)', '~(ep(node0)=epoch2)', '~(ep(node1)=epoch1)', '~locked(epoch2,node1)', '~locked(epoch3,node0)', '~locked(epoch3,node1)']
1104 (*) : -0---0-0----------------------------000-----------------
1104     : ['~(ep(node0)=epoch1)', '~(ep(node1)=epoch1)', '~(ep(node1)=epoch3)', '~locked(epoch2,node0)', '~locked(epoch2,node1)', '~locked(epoch3,node0)']
1105     : -0-0-0------------------------------00-0----------------
1105     : ['~(ep(node0)=epoch1)', '~(ep(node0)=epoch3)', '~(ep(node1)=epoch1)', '~locked(epoch2,node0)', '~locked(epoch2,node1)', '~locked(epoch3,node1)']
1145 (*) : 0--00-------------------------------00-0----------------
1145     : ['~(ep(node0)=epoch0)', '~(ep(node0)=epoch3)', '~(ep(node1)=epoch0)', '~locked(epoch2,node0)', '~locked(epoch2,node1)', '~locked(epoch3,node1)']
1146     : 0---0--0----------------------------000-----------------
1146     : ['~(ep(node0)=epoch0)', '~(ep(node1)=epoch0)', '~(ep(node1)=epoch3)', '~locked(epoch2,node0)', '~locked(epoch2,node1)', '~locked(epoch3,node0)']
1152 (*) : 0---0-0-----------------------------0-00----------------
1152     : ['~(ep(node0)=epoch0)', '~(ep(node1)=epoch0)', '~(ep(node1)=epoch2)', '~locked(epoch2,node0)', '~locked(epoch3,node0)', '~locked(epoch3,node1)']
1153     : 0-0-0--------------------------------000----------------
1153     : ['~(ep(node0)=epoch0)', '~(ep(node0)=epoch2)', '~(ep(node1)=epoch0)', '~locked(epoch2,node1)', '~locked(epoch3,node0)', '~locked(epoch3,node1)']
num_forall :   0
num_exists :   0
num_literals : 0
quantified form : None
qcost : 0


=== Prime Orbit 182 =====================
size : 4
num_suborbits: 2
1093 (*) : -0---00-------00--------------------0-------------------
1093     : ['~(ep(node0)=epoch1)', '~(ep(node1)=epoch1)', '~(ep(node1)=epoch2)', '~held(node0)', '~held(node1)', '~locked(epoch2,node0)']
1094     : -00--0--------00---------------------0------------------
1094     : ['~(ep(node0)=epoch1)', '~(ep(node0)=epoch2)', '~(ep(node1)=epoch1)', '~held(node0)', '~held(node1)', '~locked(epoch2,node1)']
1199 (*) : 0-0-0---------00---------------------0------------------
1199     : ['~(ep(node0)=epoch0)', '~(ep(node0)=epoch2)', '~(ep(node1)=epoch0)', '~held(node0)', '~held(node1)', '~locked(epoch2,node1)']
1200     : 0---0-0-------00--------------------0-------------------
1200     : ['~(ep(node0)=epoch0)', '~(ep(node1)=epoch0)', '~(ep(node1)=epoch2)', '~held(node0)', '~held(node1)', '~locked(epoch2,node0)']
num_forall :   0
num_exists :   0
num_literals : 0
quantified form : None
qcost : 0


=== Prime Orbit 183 =====================
size : 4
num_suborbits: 4
1099 (*) : -000-000------------------------------------------------
1099     : ['~(ep(node0)=epoch1)', '~(ep(node0)=epoch2)', '~(ep(node0)=epoch3)', '~(ep(node1)=epoch1)', '~(ep(node1)=epoch2)', '~(ep(node1)=epoch3)']
1166 (*) : 0-000-00------------------------------------------------
1166     : ['~(ep(node0)=epoch0)', '~(ep(node0)=epoch2)', '~(ep(node0)=epoch3)', '~(ep(node1)=epoch0)', '~(ep(node1)=epoch2)', '~(ep(node1)=epoch3)']
1210 (*) : 00-000-0------------------------------------------------
1210     : ['~(ep(node0)=epoch0)', '~(ep(node0)=epoch1)', '~(ep(node0)=epoch3)', '~(ep(node1)=epoch0)', '~(ep(node1)=epoch1)', '~(ep(node1)=epoch3)']
1212 (*) : 000-000-------------------------------------------------
1212     : ['~(ep(node0)=epoch0)', '~(ep(node0)=epoch1)', '~(ep(node0)=epoch2)', '~(ep(node1)=epoch0)', '~(ep(node1)=epoch1)', '~(ep(node1)=epoch2)']
num_forall :   0
num_exists :   0
num_literals : 0
quantified form : None
qcost : 0


=== Prime Orbit 184 =====================
size : 1
num_suborbits: 1
1101 (*) : --------------00--------------------------------0000----
1101     : ['~held(node0)', '~held(node1)', '~transfer(epoch2,node0)', '~transfer(epoch2,node1)', '~transfer(epoch3,node0)', '~transfer(epoch3,node1)']
num_forall :   0
num_exists :   0
num_literals : 0
quantified form : None
qcost : 0


=== Prime Orbit 185 =====================
size : 4
num_suborbits: 2
1102 (*) : -0---0---------0--------------------000-----------------
1102     : ['~(ep(node0)=epoch1)', '~(ep(node1)=epoch1)', '~held(node1)', '~locked(epoch2,node0)', '~locked(epoch2,node1)', '~locked(epoch3,node0)']
1103     : -0---0--------0---------------------00-0----------------
1103     : ['~(ep(node0)=epoch1)', '~(ep(node1)=epoch1)', '~held(node0)', '~locked(epoch2,node0)', '~locked(epoch2,node1)', '~locked(epoch3,node1)']
1142 (*) : 0---0----------0--------------------000-----------------
1142     : ['~(ep(node0)=epoch0)', '~(ep(node1)=epoch0)', '~held(node1)', '~locked(epoch2,node0)', '~locked(epoch2,node1)', '~locked(epoch3,node0)']
1143     : 0---0---------0---------------------00-0----------------
1143     : ['~(ep(node0)=epoch0)', '~(ep(node1)=epoch0)', '~held(node0)', '~locked(epoch2,node0)', '~locked(epoch2,node1)', '~locked(epoch3,node1)']
num_forall :   0
num_exists :   0
num_literals : 0
quantified form : None
qcost : 0


=== Prime Orbit 186 =====================
size : 2
num_suborbits: 2
1106 (*) : -0---0------------------------------0000----------------
1106     : ['~(ep(node0)=epoch1)', '~(ep(node1)=epoch1)', '~locked(epoch2,node0)', '~locked(epoch2,node1)', '~locked(epoch3,node0)', '~locked(epoch3,node1)']
1144 (*) : 0---0-------------------------------0000----------------
1144     : ['~(ep(node0)=epoch0)', '~(ep(node1)=epoch0)', '~locked(epoch2,node0)', '~locked(epoch2,node1)', '~locked(epoch3,node0)', '~locked(epoch3,node1)']
num_forall :   0
num_exists :   0
num_literals : 0
quantified form : None
qcost : 0


=== Prime Orbit 187 =====================
size : 6
num_suborbits: 3
1107 (*) : ----00---------0----------------------0-----------00----
1107     : ['~(ep(node1)=epoch0)', '~(ep(node1)=epoch1)', '~held(node1)', '~locked(epoch3,node0)', '~transfer(epoch3,node0)', '~transfer(epoch3,node1)']
1108     : 00------------0------------------------0----------00----
1108     : ['~(ep(node0)=epoch0)', '~(ep(node0)=epoch1)', '~held(node0)', '~locked(epoch3,node1)', '~transfer(epoch3,node0)', '~transfer(epoch3,node1)']
1126 (*) : ---0-0---------0------------------0---------------00----
1126     : ['~(ep(node0)=epoch3)', '~(ep(node1)=epoch1)', '~held(node1)', '~locked(epoch1,node0)', '~transfer(epoch3,node0)', '~transfer(epoch3,node1)']
1127     : -0-----0------0--------------------0--------------00----
1127     : ['~(ep(node0)=epoch1)', '~(ep(node1)=epoch3)', '~held(node0)', '~locked(epoch1,node1)', '~transfer(epoch3,node0)', '~transfer(epoch3,node1)']
1180 (*) : ---00----------0-------------------0--------------00----
1180     : ['~(ep(node0)=epoch3)', '~(ep(node1)=epoch0)', '~held(node1)', '~locked(epoch1,node1)', '~transfer(epoch3,node0)', '~transfer(epoch3,node1)']
1181     : 0------0------0-------------------0---------------00----
1181     : ['~(ep(node0)=epoch0)', '~(ep(node1)=epoch3)', '~held(node0)', '~locked(epoch1,node0)', '~transfer(epoch3,node0)', '~transfer(epoch3,node1)']
num_forall :   0
num_exists :   0
num_literals : 0
quantified form : None
qcost : 0


=== Prime Orbit 188 =====================
size : 4
num_suborbits: 2
1109 (*) : -----0---1-----0----------------------0-----------00----
1109     : ['(first=node1)', '~(ep(node1)=epoch1)', '~held(node1)', '~locked(epoch3,node0)', '~transfer(epoch3,node0)', '~transfer(epoch3,node1)']
1110     : -0------1-----0------------------------0----------00----
1110     : ['(first=node0)', '~(ep(node0)=epoch1)', '~held(node0)', '~locked(epoch3,node1)', '~transfer(epoch3,node0)', '~transfer(epoch3,node1)']
1184 (*) : ----0---1------0----------------------0-----------00----
1184     : ['(first=node0)', '~(ep(node1)=epoch0)', '~held(node1)', '~locked(epoch3,node0)', '~transfer(epoch3,node0)', '~transfer(epoch3,node1)']
1185     : 0--------1----0------------------------0----------00----
1185     : ['(first=node1)', '~(ep(node0)=epoch0)', '~held(node0)', '~locked(epoch3,node1)', '~transfer(epoch3,node0)', '~transfer(epoch3,node1)']
num_forall :   0
num_exists :   0
num_literals : 0
quantified form : None
qcost : 0


=== Prime Orbit 189 =====================
size : 4
num_suborbits: 2
1111 (*) : -----0---------0-------------------1--0-----------00----
1111     : ['locked(epoch1,node1)', '~(ep(node1)=epoch1)', '~held(node1)', '~locked(epoch3,node0)', '~transfer(epoch3,node0)', '~transfer(epoch3,node1)']
1112     : -0------------0-------------------1----0----------00----
1112     : ['locked(epoch1,node0)', '~(ep(node0)=epoch1)', '~held(node0)', '~locked(epoch3,node1)', '~transfer(epoch3,node0)', '~transfer(epoch3,node1)']
1174 (*) : ----0----------0------------------1---0-----------00----
1174     : ['locked(epoch1,node0)', '~(ep(node1)=epoch0)', '~held(node1)', '~locked(epoch3,node0)', '~transfer(epoch3,node0)', '~transfer(epoch3,node1)']
1175     : 0-------------0--------------------1---0----------00----
1175     : ['locked(epoch1,node1)', '~(ep(node0)=epoch0)', '~held(node0)', '~locked(epoch3,node1)', '~transfer(epoch3,node0)', '~transfer(epoch3,node1)']
num_forall :   0
num_exists :   0
num_literals : 0
quantified form : None
qcost : 0


=== Prime Orbit 190 =====================
size : 4
num_suborbits: 2
1113 (*) : -----0--0------0----------------------0-----------00----
1113     : ['~(ep(node1)=epoch1)', '~(first=node0)', '~held(node1)', '~locked(epoch3,node0)', '~transfer(epoch3,node0)', '~transfer(epoch3,node1)']
1114     : -0-------0----0------------------------0----------00----
1114     : ['~(ep(node0)=epoch1)', '~(first=node1)', '~held(node0)', '~locked(epoch3,node1)', '~transfer(epoch3,node0)', '~transfer(epoch3,node1)']
1182 (*) : ----0----0-----0----------------------0-----------00----
1182     : ['~(ep(node1)=epoch0)', '~(first=node1)', '~held(node1)', '~locked(epoch3,node0)', '~transfer(epoch3,node0)', '~transfer(epoch3,node1)']
1183     : 0-------0-----0------------------------0----------00----
1183     : ['~(ep(node0)=epoch0)', '~(first=node0)', '~held(node0)', '~locked(epoch3,node1)', '~transfer(epoch3,node0)', '~transfer(epoch3,node1)']
num_forall :   0
num_exists :   0
num_literals : 0
quantified form : None
qcost : 0


=== Prime Orbit 191 =====================
size : 4
num_suborbits: 2
1115 (*) : -----0---------0------------------0---0-----------00----
1115     : ['~(ep(node1)=epoch1)', '~held(node1)', '~locked(epoch1,node0)', '~locked(epoch3,node0)', '~transfer(epoch3,node0)', '~transfer(epoch3,node1)']
1116     : -0------------0--------------------0---0----------00----
1116     : ['~(ep(node0)=epoch1)', '~held(node0)', '~locked(epoch1,node1)', '~locked(epoch3,node1)', '~transfer(epoch3,node0)', '~transfer(epoch3,node1)']
1178 (*) : ----0----------0-------------------0--0-----------00----
1178     : ['~(ep(node1)=epoch0)', '~held(node1)', '~locked(epoch1,node1)', '~locked(epoch3,node0)', '~transfer(epoch3,node0)', '~transfer(epoch3,node1)']
1179     : 0-------------0-------------------0----0----------00----
1179     : ['~(ep(node0)=epoch0)', '~held(node0)', '~locked(epoch1,node0)', '~locked(epoch3,node1)', '~transfer(epoch3,node0)', '~transfer(epoch3,node1)']
num_forall :   0
num_exists :   0
num_literals : 0
quantified form : None
qcost : 0


=== Prime Orbit 192 =====================
size : 4
num_suborbits: 3
1117 (*) : -0---0--------00----------------------------------00----
1117     : ['~(ep(node0)=epoch1)', '~(ep(node1)=epoch1)', '~held(node0)', '~held(node1)', '~transfer(epoch3,node0)', '~transfer(epoch3,node1)']
1128 (*) : ----00--------00----------------------------------00----
1128     : ['~(ep(node1)=epoch0)', '~(ep(node1)=epoch1)', '~held(node0)', '~held(node1)', '~transfer(epoch3,node0)', '~transfer(epoch3,node1)']
1129     : 00------------00----------------------------------00----
1129     : ['~(ep(node0)=epoch0)', '~(ep(node0)=epoch1)', '~held(node0)', '~held(node1)', '~transfer(epoch3,node0)', '~transfer(epoch3,node1)']
1198 (*) : 0---0---------00----------------------------------00----
1198     : ['~(ep(node0)=epoch0)', '~(ep(node1)=epoch0)', '~held(node0)', '~held(node1)', '~transfer(epoch3,node0)', '~transfer(epoch3,node1)']
num_forall :   0
num_exists :   0
num_literals : 0
quantified form : None
qcost : 0


=== Prime Orbit 193 =====================
size : 2
num_suborbits: 1
1118 (*) : ---000---------0----------------------------------00----
1118     : ['~(ep(node0)=epoch3)', '~(ep(node1)=epoch0)', '~(ep(node1)=epoch1)', '~held(node1)', '~transfer(epoch3,node0)', '~transfer(epoch3,node1)']
1119     : 00-----0------0-----------------------------------00----
1119     : ['~(ep(node0)=epoch0)', '~(ep(node0)=epoch1)', '~(ep(node1)=epoch3)', '~held(node0)', '~transfer(epoch3,node0)', '~transfer(epoch3,node1)']
num_forall :   0
num_exists :   0
num_literals : 0
quantified form : None
qcost : 0


=== Prime Orbit 194 =====================
size : 4
num_suborbits: 2
1120 (*) : ---0-0---1-----0----------------------------------00----
1120     : ['(first=node1)', '~(ep(node0)=epoch3)', '~(ep(node1)=epoch1)', '~held(node1)', '~transfer(epoch3,node0)', '~transfer(epoch3,node1)']
1121     : -0-----01-----0-----------------------------------00----
1121     : ['(first=node0)', '~(ep(node0)=epoch1)', '~(ep(node1)=epoch3)', '~held(node0)', '~transfer(epoch3,node0)', '~transfer(epoch3,node1)']
1188 (*) : ---00---1------0----------------------------------00----
1188     : ['(first=node0)', '~(ep(node0)=epoch3)', '~(ep(node1)=epoch0)', '~held(node1)', '~transfer(epoch3,node0)', '~transfer(epoch3,node1)']
1189     : 0------0-1----0-----------------------------------00----
1189     : ['(first=node1)', '~(ep(node0)=epoch0)', '~(ep(node1)=epoch3)', '~held(node0)', '~transfer(epoch3,node0)', '~transfer(epoch3,node1)']
num_forall :   0
num_exists :   0
num_literals : 0
quantified form : None
qcost : 0


=== Prime Orbit 195 =====================
size : 4
num_suborbits: 2
1122 (*) : ---0-0---------0-------------------1--------------00----
1122     : ['locked(epoch1,node1)', '~(ep(node0)=epoch3)', '~(ep(node1)=epoch1)', '~held(node1)', '~transfer(epoch3,node0)', '~transfer(epoch3,node1)']
1123     : -0-----0------0-------------------1---------------00----
1123     : ['locked(epoch1,node0)', '~(ep(node0)=epoch1)', '~(ep(node1)=epoch3)', '~held(node0)', '~transfer(epoch3,node0)', '~transfer(epoch3,node1)']
1176 (*) : ---00----------0------------------1---------------00----
1176     : ['locked(epoch1,node0)', '~(ep(node0)=epoch3)', '~(ep(node1)=epoch0)', '~held(node1)', '~transfer(epoch3,node0)', '~transfer(epoch3,node1)']
1177     : 0------0------0--------------------1--------------00----
1177     : ['locked(epoch1,node1)', '~(ep(node0)=epoch0)', '~(ep(node1)=epoch3)', '~held(node0)', '~transfer(epoch3,node0)', '~transfer(epoch3,node1)']
num_forall :   0
num_exists :   0
num_literals : 0
quantified form : None
qcost : 0


=== Prime Orbit 196 =====================
size : 4
num_suborbits: 2
1124 (*) : ---0-0--0------0----------------------------------00----
1124     : ['~(ep(node0)=epoch3)', '~(ep(node1)=epoch1)', '~(first=node0)', '~held(node1)', '~transfer(epoch3,node0)', '~transfer(epoch3,node1)']
1125     : -0-----0-0----0-----------------------------------00----
1125     : ['~(ep(node0)=epoch1)', '~(ep(node1)=epoch3)', '~(first=node1)', '~held(node0)', '~transfer(epoch3,node0)', '~transfer(epoch3,node1)']
1186 (*) : ---00----0-----0----------------------------------00----
1186     : ['~(ep(node0)=epoch3)', '~(ep(node1)=epoch0)', '~(first=node1)', '~held(node1)', '~transfer(epoch3,node0)', '~transfer(epoch3,node1)']
1187     : 0------00-----0-----------------------------------00----
1187     : ['~(ep(node0)=epoch0)', '~(ep(node1)=epoch3)', '~(first=node0)', '~held(node0)', '~transfer(epoch3,node0)', '~transfer(epoch3,node1)']
num_forall :   0
num_exists :   0
num_literals : 0
quantified form : None
qcost : 0


=== Prime Orbit 197 =====================
size : 4
num_suborbits: 2
1130 (*) : -----0---1----00----------------------------------00----
1130     : ['(first=node1)', '~(ep(node1)=epoch1)', '~held(node0)', '~held(node1)', '~transfer(epoch3,node0)', '~transfer(epoch3,node1)']
1131     : -0------1-----00----------------------------------00----
1131     : ['(first=node0)', '~(ep(node0)=epoch1)', '~held(node0)', '~held(node1)', '~transfer(epoch3,node0)', '~transfer(epoch3,node1)']
1196 (*) : ----0---1-----00----------------------------------00----
1196     : ['(first=node0)', '~(ep(node1)=epoch0)', '~held(node0)', '~held(node1)', '~transfer(epoch3,node0)', '~transfer(epoch3,node1)']
1197     : 0--------1----00----------------------------------00----
1197     : ['(first=node1)', '~(ep(node0)=epoch0)', '~held(node0)', '~held(node1)', '~transfer(epoch3,node0)', '~transfer(epoch3,node1)']
num_forall :   0
num_exists :   0
num_literals : 0
quantified form : None
qcost : 0


=== Prime Orbit 198 =====================
size : 4
num_suborbits: 2
1132 (*) : -----0--------00-------------------1--------------00----
1132     : ['locked(epoch1,node1)', '~(ep(node1)=epoch1)', '~held(node0)', '~held(node1)', '~transfer(epoch3,node0)', '~transfer(epoch3,node1)']
1133     : -0------------00------------------1---------------00----
1133     : ['locked(epoch1,node0)', '~(ep(node0)=epoch1)', '~held(node0)', '~held(node1)', '~transfer(epoch3,node0)', '~transfer(epoch3,node1)']
1192 (*) : ----0---------00------------------1---------------00----
1192     : ['locked(epoch1,node0)', '~(ep(node1)=epoch0)', '~held(node0)', '~held(node1)', '~transfer(epoch3,node0)', '~transfer(epoch3,node1)']
1193     : 0-------------00-------------------1--------------00----
1193     : ['locked(epoch1,node1)', '~(ep(node0)=epoch0)', '~held(node0)', '~held(node1)', '~transfer(epoch3,node0)', '~transfer(epoch3,node1)']
num_forall :   0
num_exists :   0
num_literals : 0
quantified form : None
qcost : 0


=== Prime Orbit 199 =====================
size : 4
num_suborbits: 2
1134 (*) : -----0--0-----00----------------------------------00----
1134     : ['~(ep(node1)=epoch1)', '~(first=node0)', '~held(node0)', '~held(node1)', '~transfer(epoch3,node0)', '~transfer(epoch3,node1)']
1135     : -0-------0----00----------------------------------00----
1135     : ['~(ep(node0)=epoch1)', '~(first=node1)', '~held(node0)', '~held(node1)', '~transfer(epoch3,node0)', '~transfer(epoch3,node1)']
1194 (*) : ----0----0----00----------------------------------00----
1194     : ['~(ep(node1)=epoch0)', '~(first=node1)', '~held(node0)', '~held(node1)', '~transfer(epoch3,node0)', '~transfer(epoch3,node1)']
1195     : 0-------0-----00----------------------------------00----
1195     : ['~(ep(node0)=epoch0)', '~(first=node0)', '~held(node0)', '~held(node1)', '~transfer(epoch3,node0)', '~transfer(epoch3,node1)']
num_forall :   0
num_exists :   0
num_literals : 0
quantified form : None
qcost : 0


=== Prime Orbit 200 =====================
size : 4
num_suborbits: 2
1136 (*) : -----0--------00------------------0---------------00----
1136     : ['~(ep(node1)=epoch1)', '~held(node0)', '~held(node1)', '~locked(epoch1,node0)', '~transfer(epoch3,node0)', '~transfer(epoch3,node1)']
1137     : -0------------00-------------------0--------------00----
1137     : ['~(ep(node0)=epoch1)', '~held(node0)', '~held(node1)', '~locked(epoch1,node1)', '~transfer(epoch3,node0)', '~transfer(epoch3,node1)']
1190 (*) : ----0---------00-------------------0--------------00----
1190     : ['~(ep(node1)=epoch0)', '~held(node0)', '~held(node1)', '~locked(epoch1,node1)', '~transfer(epoch3,node0)', '~transfer(epoch3,node1)']
1191     : 0-------------00------------------0---------------00----
1191     : ['~(ep(node0)=epoch0)', '~held(node0)', '~held(node1)', '~locked(epoch1,node0)', '~transfer(epoch3,node0)', '~transfer(epoch3,node1)']
num_forall :   0
num_exists :   0
num_literals : 0
quantified form : None
qcost : 0


=== Prime Orbit 201 =====================
size : 2
num_suborbits: 2
1138 (*) : -0---0--------00--------------------00------------------
1138     : ['~(ep(node0)=epoch1)', '~(ep(node1)=epoch1)', '~held(node0)', '~held(node1)', '~locked(epoch2,node0)', '~locked(epoch2,node1)']
1201 (*) : 0---0---------00--------------------00------------------
1201     : ['~(ep(node0)=epoch0)', '~(ep(node1)=epoch0)', '~held(node0)', '~held(node1)', '~locked(epoch2,node0)', '~locked(epoch2,node1)']
num_forall :   0
num_exists :   0
num_literals : 0
quantified form : None
qcost : 0


=== Prime Orbit 202 =====================
size : 8
num_suborbits: 4
1216 (*) : -0---00-------0------------------------0----------00----
1216     : ['~(ep(node0)=epoch1)', '~(ep(node1)=epoch1)', '~(ep(node1)=epoch2)', '~held(node0)', '~locked(epoch3,node1)', '~transfer(epoch3,node0)', '~transfer(epoch3,node1)']
1217     : -00--0---------0----------------------0-----------00----
1217     : ['~(ep(node0)=epoch1)', '~(ep(node0)=epoch2)', '~(ep(node1)=epoch1)', '~held(node1)', '~locked(epoch3,node0)', '~transfer(epoch3,node0)', '~transfer(epoch3,node1)']
1222 (*) : -0---0-0------0----------------------0------------00----
1222     : ['~(ep(node0)=epoch1)', '~(ep(node1)=epoch1)', '~(ep(node1)=epoch3)', '~held(node0)', '~locked(epoch2,node1)', '~transfer(epoch3,node0)', '~transfer(epoch3,node1)']
1223     : -0-0-0---------0--------------------0-------------00----
1223     : ['~(ep(node0)=epoch1)', '~(ep(node0)=epoch3)', '~(ep(node1)=epoch1)', '~held(node1)', '~locked(epoch2,node0)', '~transfer(epoch3,node0)', '~transfer(epoch3,node1)']
1226 (*) : 0---0--0------0----------------------0------------00----
1226     : ['~(ep(node0)=epoch0)', '~(ep(node1)=epoch0)', '~(ep(node1)=epoch3)', '~held(node0)', '~locked(epoch2,node1)', '~transfer(epoch3,node0)', '~transfer(epoch3,node1)']
1227     : 0--00----------0--------------------0-------------00----
1227     : ['~(ep(node0)=epoch0)', '~(ep(node0)=epoch3)', '~(ep(node1)=epoch0)', '~held(node1)', '~locked(epoch2,node0)', '~transfer(epoch3,node0)', '~transfer(epoch3,node1)']
1230 (*) : 0---0-0-------0------------------------0----------00----
1230     : ['~(ep(node0)=epoch0)', '~(ep(node1)=epoch0)', '~(ep(node1)=epoch2)', '~held(node0)', '~locked(epoch3,node1)', '~transfer(epoch3,node0)', '~transfer(epoch3,node1)']
1231     : 0-0-0----------0----------------------0-----------00----
1231     : ['~(ep(node0)=epoch0)', '~(ep(node0)=epoch2)', '~(ep(node1)=epoch0)', '~held(node1)', '~locked(epoch3,node0)', '~transfer(epoch3,node0)', '~transfer(epoch3,node1)']
num_forall :   0
num_exists :   0
num_literals : 0
quantified form : None
qcost : 0


=== Prime Orbit 203 =====================
size : 4
num_suborbits: 2
1218 (*) : -0---0--------0----------------------0-0----------00----
1218     : ['~(ep(node0)=epoch1)', '~(ep(node1)=epoch1)', '~held(node0)', '~locked(epoch2,node1)', '~locked(epoch3,node1)', '~transfer(epoch3,node0)', '~transfer(epoch3,node1)']
1219     : -0---0---------0--------------------0-0-----------00----
1219     : ['~(ep(node0)=epoch1)', '~(ep(node1)=epoch1)', '~held(node1)', '~locked(epoch2,node0)', '~locked(epoch3,node0)', '~transfer(epoch3,node0)', '~transfer(epoch3,node1)']
1228 (*) : 0---0---------0----------------------0-0----------00----
1228     : ['~(ep(node0)=epoch0)', '~(ep(node1)=epoch0)', '~held(node0)', '~locked(epoch2,node1)', '~locked(epoch3,node1)', '~transfer(epoch3,node0)', '~transfer(epoch3,node1)']
1229     : 0---0----------0--------------------0-0-----------00----
1229     : ['~(ep(node0)=epoch0)', '~(ep(node1)=epoch0)', '~held(node1)', '~locked(epoch2,node0)', '~locked(epoch3,node0)', '~transfer(epoch3,node0)', '~transfer(epoch3,node1)']
num_forall :   0
num_exists :   0
num_literals : 0
quantified form : None
qcost : 0


=== Prime Orbit 204 =====================
size : 4
num_suborbits: 2
1220 (*) : -0---000------0-----------------------------------00----
1220     : ['~(ep(node0)=epoch1)', '~(ep(node1)=epoch1)', '~(ep(node1)=epoch2)', '~(ep(node1)=epoch3)', '~held(node0)', '~transfer(epoch3,node0)', '~transfer(epoch3,node1)']
1221     : -000-0---------0----------------------------------00----
1221     : ['~(ep(node0)=epoch1)', '~(ep(node0)=epoch2)', '~(ep(node0)=epoch3)', '~(ep(node1)=epoch1)', '~held(node1)', '~transfer(epoch3,node0)', '~transfer(epoch3,node1)']
1224 (*) : 0---0-00------0-----------------------------------00----
1224     : ['~(ep(node0)=epoch0)', '~(ep(node1)=epoch0)', '~(ep(node1)=epoch2)', '~(ep(node1)=epoch3)', '~held(node0)', '~transfer(epoch3,node0)', '~transfer(epoch3,node1)']
1225     : 0-000----------0----------------------------------00----
1225     : ['~(ep(node0)=epoch0)', '~(ep(node0)=epoch2)', '~(ep(node0)=epoch3)', '~(ep(node1)=epoch0)', '~held(node1)', '~transfer(epoch3,node0)', '~transfer(epoch3,node1)']
num_forall :   0
num_exists :   0
num_literals : 0
quantified form : None
qcost : 0


=== Prime Orbit 205 =====================
size : 2
num_suborbits: 1
1232 (*) : -1----00------0---------------------------------0000----
1232     : ['(ep(node0)=epoch1)', '~(ep(node1)=epoch2)', '~(ep(node1)=epoch3)', '~held(node0)', '~transfer(epoch2,node0)', '~transfer(epoch2,node1)', '~transfer(epoch3,node0)', '~transfer(epoch3,node1)']
1233     : --00-1---------0--------------------------------0000----
1233     : ['(ep(node1)=epoch1)', '~(ep(node0)=epoch2)', '~(ep(node0)=epoch3)', '~held(node1)', '~transfer(epoch2,node0)', '~transfer(epoch2,node1)', '~transfer(epoch3,node0)', '~transfer(epoch3,node1)']
num_forall :   0
num_exists :   0
num_literals : 0
quantified form : None
qcost : 0


=== Prime Orbit 206 =====================
size : 4
num_suborbits: 2
1234 (*) : -1----0-------0------------------------0--------0000----
1234     : ['(ep(node0)=epoch1)', '~(ep(node1)=epoch2)', '~held(node0)', '~locked(epoch3,node1)', '~transfer(epoch2,node0)', '~transfer(epoch2,node1)', '~transfer(epoch3,node0)', '~transfer(epoch3,node1)']
1235     : --0--1---------0----------------------0---------0000----
1235     : ['(ep(node1)=epoch1)', '~(ep(node0)=epoch2)', '~held(node1)', '~locked(epoch3,node0)', '~transfer(epoch2,node0)', '~transfer(epoch2,node1)', '~transfer(epoch3,node0)', '~transfer(epoch3,node1)']
1236 (*) : -1-----0------0----------------------0----------0000----
1236     : ['(ep(node0)=epoch1)', '~(ep(node1)=epoch3)', '~held(node0)', '~locked(epoch2,node1)', '~transfer(epoch2,node0)', '~transfer(epoch2,node1)', '~transfer(epoch3,node0)', '~transfer(epoch3,node1)']
1237     : ---0-1---------0--------------------0-----------0000----
1237     : ['(ep(node1)=epoch1)', '~(ep(node0)=epoch3)', '~held(node1)', '~locked(epoch2,node0)', '~transfer(epoch2,node0)', '~transfer(epoch2,node1)', '~transfer(epoch3,node0)', '~transfer(epoch3,node1)']
num_forall :   0
num_exists :   0
num_literals : 0
quantified form : None
qcost : 0


=== Prime Orbit 207 =====================
size : 2
num_suborbits: 1
1238 (*) : -1------------0----------------------0-0--------0000----
1238     : ['(ep(node0)=epoch1)', '~held(node0)', '~locked(epoch2,node1)', '~locked(epoch3,node1)', '~transfer(epoch2,node0)', '~transfer(epoch2,node1)', '~transfer(epoch3,node0)', '~transfer(epoch3,node1)']
1239     : -----1---------0--------------------0-0---------0000----
1239     : ['(ep(node1)=epoch1)', '~held(node1)', '~locked(epoch2,node0)', '~locked(epoch3,node0)', '~transfer(epoch2,node0)', '~transfer(epoch2,node1)', '~transfer(epoch3,node0)', '~transfer(epoch3,node1)']
num_forall :   0
num_exists :   0
num_literals : 0
quantified form : None
qcost : 0


=== Prime Orbit 208 =====================
size : 10
num_suborbits: 5
1240 (*) : ------00------0--------------------0------------0000----
1240     : ['~(ep(node1)=epoch2)', '~(ep(node1)=epoch3)', '~held(node0)', '~locked(epoch1,node1)', '~transfer(epoch2,node0)', '~transfer(epoch2,node1)', '~transfer(epoch3,node0)', '~transfer(epoch3,node1)']
1241     : --00-----------0------------------0-------------0000----
1241     : ['~(ep(node0)=epoch2)', '~(ep(node0)=epoch3)', '~held(node1)', '~locked(epoch1,node0)', '~transfer(epoch2,node0)', '~transfer(epoch2,node1)', '~transfer(epoch3,node0)', '~transfer(epoch3,node1)']
1254 (*) : -----0-0------0----------------------0----------0000----
1254     : ['~(ep(node1)=epoch1)', '~(ep(node1)=epoch3)', '~held(node0)', '~locked(epoch2,node1)', '~transfer(epoch2,node0)', '~transfer(epoch2,node1)', '~transfer(epoch3,node0)', '~transfer(epoch3,node1)']
1255     : -0-0-----------0--------------------0-----------0000----
1255     : ['~(ep(node0)=epoch1)', '~(ep(node0)=epoch3)', '~held(node1)', '~locked(epoch2,node0)', '~transfer(epoch2,node0)', '~transfer(epoch2,node1)', '~transfer(epoch3,node0)', '~transfer(epoch3,node1)']
1256 (*) : 0------0------0----------------------0----------0000----
1256     : ['~(ep(node0)=epoch0)', '~(ep(node1)=epoch3)', '~held(node0)', '~locked(epoch2,node1)', '~transfer(epoch2,node0)', '~transfer(epoch2,node1)', '~transfer(epoch3,node0)', '~transfer(epoch3,node1)']
1257     : ---00----------0--------------------0-----------0000----
1257     : ['~(ep(node0)=epoch3)', '~(ep(node1)=epoch0)', '~held(node1)', '~locked(epoch2,node0)', '~transfer(epoch2,node0)', '~transfer(epoch2,node1)', '~transfer(epoch3,node0)', '~transfer(epoch3,node1)']
1268 (*) : 0-----0-------0------------------------0--------0000----
1268     : ['~(ep(node0)=epoch0)', '~(ep(node1)=epoch2)', '~held(node0)', '~locked(epoch3,node1)', '~transfer(epoch2,node0)', '~transfer(epoch2,node1)', '~transfer(epoch3,node0)', '~transfer(epoch3,node1)']
1269     : --0-0----------0----------------------0---------0000----
1269     : ['~(ep(node0)=epoch2)', '~(ep(node1)=epoch0)', '~held(node1)', '~locked(epoch3,node0)', '~transfer(epoch2,node0)', '~transfer(epoch2,node1)', '~transfer(epoch3,node0)', '~transfer(epoch3,node1)']
1276 (*) : -----00-------0------------------------0--------0000----
1276     : ['~(ep(node1)=epoch1)', '~(ep(node1)=epoch2)', '~held(node0)', '~locked(epoch3,node1)', '~transfer(epoch2,node0)', '~transfer(epoch2,node1)', '~transfer(epoch3,node0)', '~transfer(epoch3,node1)']
1277     : -00------------0----------------------0---------0000----
1277     : ['~(ep(node0)=epoch1)', '~(ep(node0)=epoch2)', '~held(node1)', '~locked(epoch3,node0)', '~transfer(epoch2,node0)', '~transfer(epoch2,node1)', '~transfer(epoch3,node0)', '~transfer(epoch3,node1)']
num_forall :   0
num_exists :   0
num_literals : 0
quantified form : None
qcost : 0


=== Prime Orbit 209 =====================
size : 8
num_suborbits: 4
1242 (*) : ------0-------0--------------------0---0--------0000----
1242     : ['~(ep(node1)=epoch2)', '~held(node0)', '~locked(epoch1,node1)', '~locked(epoch3,node1)', '~transfer(epoch2,node0)', '~transfer(epoch2,node1)', '~transfer(epoch3,node0)', '~transfer(epoch3,node1)']
1243     : --0------------0------------------0---0---------0000----
1243     : ['~(ep(node0)=epoch2)', '~held(node1)', '~locked(epoch1,node0)', '~locked(epoch3,node0)', '~transfer(epoch2,node0)', '~transfer(epoch2,node1)', '~transfer(epoch3,node0)', '~transfer(epoch3,node1)']
1244 (*) : -------0------0--------------------0-0----------0000----
1244     : ['~(ep(node1)=epoch3)', '~held(node0)', '~locked(epoch1,node1)', '~locked(epoch2,node1)', '~transfer(epoch2,node0)', '~transfer(epoch2,node1)', '~transfer(epoch3,node0)', '~transfer(epoch3,node1)']
1245     : ---0-----------0------------------0-0-----------0000----
1245     : ['~(ep(node0)=epoch3)', '~held(node1)', '~locked(epoch1,node0)', '~locked(epoch2,node0)', '~transfer(epoch2,node0)', '~transfer(epoch2,node1)', '~transfer(epoch3,node0)', '~transfer(epoch3,node1)']
1260 (*) : -----0--------0----------------------0-0--------0000----
1260     : ['~(ep(node1)=epoch1)', '~held(node0)', '~locked(epoch2,node1)', '~locked(epoch3,node1)', '~transfer(epoch2,node0)', '~transfer(epoch2,node1)', '~transfer(epoch3,node0)', '~transfer(epoch3,node1)']
1261     : -0-------------0--------------------0-0---------0000----
1261     : ['~(ep(node0)=epoch1)', '~held(node1)', '~locked(epoch2,node0)', '~locked(epoch3,node0)', '~transfer(epoch2,node0)', '~transfer(epoch2,node1)', '~transfer(epoch3,node0)', '~transfer(epoch3,node1)']
1264 (*) : 0-------------0----------------------0-0--------0000----
1264     : ['~(ep(node0)=epoch0)', '~held(node0)', '~locked(epoch2,node1)', '~locked(epoch3,node1)', '~transfer(epoch2,node0)', '~transfer(epoch2,node1)', '~transfer(epoch3,node0)', '~transfer(epoch3,node1)']
1265     : ----0----------0--------------------0-0---------0000----
1265     : ['~(ep(node1)=epoch0)', '~held(node1)', '~locked(epoch2,node0)', '~locked(epoch3,node0)', '~transfer(epoch2,node0)', '~transfer(epoch2,node1)', '~transfer(epoch3,node0)', '~transfer(epoch3,node1)']
num_forall :   0
num_exists :   0
num_literals : 0
quantified form : None
qcost : 0


=== Prime Orbit 210 =====================
size : 2
num_suborbits: 1
1246 (*) : --------------0--------------------0-0-0--------0000----
1246     : ['~held(node0)', '~locked(epoch1,node1)', '~locked(epoch2,node1)', '~locked(epoch3,node1)', '~transfer(epoch2,node0)', '~transfer(epoch2,node1)', '~transfer(epoch3,node0)', '~transfer(epoch3,node1)']
1247     : ---------------0------------------0-0-0---------0000----
1247     : ['~held(node1)', '~locked(epoch1,node0)', '~locked(epoch2,node0)', '~locked(epoch3,node0)', '~transfer(epoch2,node0)', '~transfer(epoch2,node1)', '~transfer(epoch3,node0)', '~transfer(epoch3,node1)']
num_forall :   0
num_exists :   0
num_literals : 0
quantified form : None
qcost : 0


=== Prime Orbit 211 =====================
size : 4
num_suborbits: 2
1248 (*) : -------0-0----0----------------------0----------0000----
1248     : ['~(ep(node1)=epoch3)', '~(first=node1)', '~held(node0)', '~locked(epoch2,node1)', '~transfer(epoch2,node0)', '~transfer(epoch2,node1)', '~transfer(epoch3,node0)', '~transfer(epoch3,node1)']
1249     : ---0----0------0--------------------0-----------0000----
1249     : ['~(ep(node0)=epoch3)', '~(first=node0)', '~held(node1)', '~locked(epoch2,node0)', '~transfer(epoch2,node0)', '~transfer(epoch2,node1)', '~transfer(epoch3,node0)', '~transfer(epoch3,node1)']
1286 (*) : ------0--0----0------------------------0--------0000----
1286     : ['~(ep(node1)=epoch2)', '~(first=node1)', '~held(node0)', '~locked(epoch3,node1)', '~transfer(epoch2,node0)', '~transfer(epoch2,node1)', '~transfer(epoch3,node0)', '~transfer(epoch3,node1)']
1287     : --0-----0------0----------------------0---------0000----
1287     : ['~(ep(node0)=epoch2)', '~(first=node0)', '~held(node1)', '~locked(epoch3,node0)', '~transfer(epoch2,node0)', '~transfer(epoch2,node1)', '~transfer(epoch3,node0)', '~transfer(epoch3,node1)']
num_forall :   0
num_exists :   0
num_literals : 0
quantified form : None
qcost : 0


=== Prime Orbit 212 =====================
size : 2
num_suborbits: 1
1250 (*) : ---------0----0----------------------0-0--------0000----
1250     : ['~(first=node1)', '~held(node0)', '~locked(epoch2,node1)', '~locked(epoch3,node1)', '~transfer(epoch2,node0)', '~transfer(epoch2,node1)', '~transfer(epoch3,node0)', '~transfer(epoch3,node1)']
1251     : --------0------0--------------------0-0---------0000----
1251     : ['~(first=node0)', '~held(node1)', '~locked(epoch2,node0)', '~locked(epoch3,node0)', '~transfer(epoch2,node0)', '~transfer(epoch2,node1)', '~transfer(epoch3,node0)', '~transfer(epoch3,node1)']
num_forall :   0
num_exists :   0
num_literals : 0
quantified form : None
qcost : 0


=== Prime Orbit 213 =====================
size : 4
num_suborbits: 2
1252 (*) : -------0------0-------------------1--0----------0000----
1252     : ['locked(epoch1,node0)', '~(ep(node1)=epoch3)', '~held(node0)', '~locked(epoch2,node1)', '~transfer(epoch2,node0)', '~transfer(epoch2,node1)', '~transfer(epoch3,node0)', '~transfer(epoch3,node1)']
1253     : ---0-----------0-------------------10-----------0000----
1253     : ['locked(epoch1,node1)', '~(ep(node0)=epoch3)', '~held(node1)', '~locked(epoch2,node0)', '~transfer(epoch2,node0)', '~transfer(epoch2,node1)', '~transfer(epoch3,node0)', '~transfer(epoch3,node1)']
1274 (*) : ------0-------0-------------------1----0--------0000----
1274     : ['locked(epoch1,node0)', '~(ep(node1)=epoch2)', '~held(node0)', '~locked(epoch3,node1)', '~transfer(epoch2,node0)', '~transfer(epoch2,node1)', '~transfer(epoch3,node0)', '~transfer(epoch3,node1)']
1275     : --0------------0-------------------1--0---------0000----
1275     : ['locked(epoch1,node1)', '~(ep(node0)=epoch2)', '~held(node1)', '~locked(epoch3,node0)', '~transfer(epoch2,node0)', '~transfer(epoch2,node1)', '~transfer(epoch3,node0)', '~transfer(epoch3,node1)']
num_forall :   0
num_exists :   0
num_literals : 0
quantified form : None
qcost : 0


=== Prime Orbit 214 =====================
size : 4
num_suborbits: 2
1258 (*) : -------01-----0----------------------0----------0000----
1258     : ['(first=node0)', '~(ep(node1)=epoch3)', '~held(node0)', '~locked(epoch2,node1)', '~transfer(epoch2,node0)', '~transfer(epoch2,node1)', '~transfer(epoch3,node0)', '~transfer(epoch3,node1)']
1259     : ---0-----1-----0--------------------0-----------0000----
1259     : ['(first=node1)', '~(ep(node0)=epoch3)', '~held(node1)', '~locked(epoch2,node0)', '~transfer(epoch2,node0)', '~transfer(epoch2,node1)', '~transfer(epoch3,node0)', '~transfer(epoch3,node1)']
1282 (*) : ------0-1-----0------------------------0--------0000----
1282     : ['(first=node0)', '~(ep(node1)=epoch2)', '~held(node0)', '~locked(epoch3,node1)', '~transfer(epoch2,node0)', '~transfer(epoch2,node1)', '~transfer(epoch3,node0)', '~transfer(epoch3,node1)']
1283     : --0------1-----0----------------------0---------0000----
1283     : ['(first=node1)', '~(ep(node0)=epoch2)', '~held(node1)', '~locked(epoch3,node0)', '~transfer(epoch2,node0)', '~transfer(epoch2,node1)', '~transfer(epoch3,node0)', '~transfer(epoch3,node1)']
num_forall :   0
num_exists :   0
num_literals : 0
quantified form : None
qcost : 0


=== Prime Orbit 215 =====================
size : 2
num_suborbits: 1
1262 (*) : --------------0-------------------1--0-0--------0000----
1262     : ['locked(epoch1,node0)', '~held(node0)', '~locked(epoch2,node1)', '~locked(epoch3,node1)', '~transfer(epoch2,node0)', '~transfer(epoch2,node1)', '~transfer(epoch3,node0)', '~transfer(epoch3,node1)']
1263     : ---------------0-------------------10-0---------0000----
1263     : ['locked(epoch1,node1)', '~held(node1)', '~locked(epoch2,node0)', '~locked(epoch3,node0)', '~transfer(epoch2,node0)', '~transfer(epoch2,node1)', '~transfer(epoch3,node0)', '~transfer(epoch3,node1)']
num_forall :   0
num_exists :   0
num_literals : 0
quantified form : None
qcost : 0


=== Prime Orbit 216 =====================
size : 2
num_suborbits: 1
1266 (*) : --------1-----0----------------------0-0--------0000----
1266     : ['(first=node0)', '~held(node0)', '~locked(epoch2,node1)', '~locked(epoch3,node1)', '~transfer(epoch2,node0)', '~transfer(epoch2,node1)', '~transfer(epoch3,node0)', '~transfer(epoch3,node1)']
1267     : ---------1-----0--------------------0-0---------0000----
1267     : ['(first=node1)', '~held(node1)', '~locked(epoch2,node0)', '~locked(epoch3,node0)', '~transfer(epoch2,node0)', '~transfer(epoch2,node1)', '~transfer(epoch3,node0)', '~transfer(epoch3,node1)']
num_forall :   0
num_exists :   0
num_literals : 0
quantified form : None
qcost : 0


=== Prime Orbit 217 =====================
size : 4
num_suborbits: 2
1270 (*) : 0-----00------0---------------------------------0000----
1270     : ['~(ep(node0)=epoch0)', '~(ep(node1)=epoch2)', '~(ep(node1)=epoch3)', '~held(node0)', '~transfer(epoch2,node0)', '~transfer(epoch2,node1)', '~transfer(epoch3,node0)', '~transfer(epoch3,node1)']
1271     : --000----------0--------------------------------0000----
1271     : ['~(ep(node0)=epoch2)', '~(ep(node0)=epoch3)', '~(ep(node1)=epoch0)', '~held(node1)', '~transfer(epoch2,node0)', '~transfer(epoch2,node1)', '~transfer(epoch3,node0)', '~transfer(epoch3,node1)']
1278 (*) : -----000------0---------------------------------0000----
1278     : ['~(ep(node1)=epoch1)', '~(ep(node1)=epoch2)', '~(ep(node1)=epoch3)', '~held(node0)', '~transfer(epoch2,node0)', '~transfer(epoch2,node1)', '~transfer(epoch3,node0)', '~transfer(epoch3,node1)']
1279     : -000-----------0--------------------------------0000----
1279     : ['~(ep(node0)=epoch1)', '~(ep(node0)=epoch2)', '~(ep(node0)=epoch3)', '~held(node1)', '~transfer(epoch2,node0)', '~transfer(epoch2,node1)', '~transfer(epoch3,node0)', '~transfer(epoch3,node1)']
num_forall :   0
num_exists :   0
num_literals : 0
quantified form : None
qcost : 0


=== Prime Orbit 218 =====================
size : 2
num_suborbits: 1
1272 (*) : ------00------0-------------------1-------------0000----
1272     : ['locked(epoch1,node0)', '~(ep(node1)=epoch2)', '~(ep(node1)=epoch3)', '~held(node0)', '~transfer(epoch2,node0)', '~transfer(epoch2,node1)', '~transfer(epoch3,node0)', '~transfer(epoch3,node1)']
1273     : --00-----------0-------------------1------------0000----
1273     : ['locked(epoch1,node1)', '~(ep(node0)=epoch2)', '~(ep(node0)=epoch3)', '~held(node1)', '~transfer(epoch2,node0)', '~transfer(epoch2,node1)', '~transfer(epoch3,node0)', '~transfer(epoch3,node1)']
num_forall :   0
num_exists :   0
num_literals : 0
quantified form : None
qcost : 0


=== Prime Orbit 219 =====================
size : 2
num_suborbits: 1
1280 (*) : ------001-----0---------------------------------0000----
1280     : ['(first=node0)', '~(ep(node1)=epoch2)', '~(ep(node1)=epoch3)', '~held(node0)', '~transfer(epoch2,node0)', '~transfer(epoch2,node1)', '~transfer(epoch3,node0)', '~transfer(epoch3,node1)']
1281     : --00-----1-----0--------------------------------0000----
1281     : ['(first=node1)', '~(ep(node0)=epoch2)', '~(ep(node0)=epoch3)', '~held(node1)', '~transfer(epoch2,node0)', '~transfer(epoch2,node1)', '~transfer(epoch3,node0)', '~transfer(epoch3,node1)']
num_forall :   0
num_exists :   0
num_literals : 0
quantified form : None
qcost : 0


=== Prime Orbit 220 =====================
size : 2
num_suborbits: 1
1284 (*) : ------00-0----0---------------------------------0000----
1284     : ['~(ep(node1)=epoch2)', '~(ep(node1)=epoch3)', '~(first=node1)', '~held(node0)', '~transfer(epoch2,node0)', '~transfer(epoch2,node1)', '~transfer(epoch3,node0)', '~transfer(epoch3,node1)']
1285     : --00----0------0--------------------------------0000----
1285     : ['~(ep(node0)=epoch2)', '~(ep(node0)=epoch3)', '~(first=node0)', '~held(node1)', '~transfer(epoch2,node0)', '~transfer(epoch2,node1)', '~transfer(epoch3,node0)', '~transfer(epoch3,node1)']
num_forall :   0
num_exists :   0
num_literals : 0
quantified form : None
qcost : 0



[PRIME NOTE]: number of orbits after merging: 221

[PRIME NOTE]: number of orbits before merging: 672

[PRIME NOTE]: number of primes: 1288

[QRM NOTE]: Time elapsed since start: 8.046 seconds

[QRM NOTE]: Time elapsed since last: 1.117 seconds

[QRM NOTE]: Peak memory: 3799157 bytes


================================================================================================

	[RED]: PRIME REDUCTION on [ivybench/sym/ivy/distributed_lock.ivy: node=2,epoch=4]

================================================================================================

