
*****************************************************************

	[QRM]: ivybench/sym/ivy/McMillan_Example2.ivy

*****************************************************************


***************************************************************************************

	[Synthesize Rmin]: [ivybench/sym/ivy/McMillan_Example2.ivy: node=1]

***************************************************************************************

python3 qrm.py ivybench/sym/ivy/McMillan_Example2.ivy -s node=1 -f 1 -g -w -v 5 -l ivybench/sym/ivy/McMillan_Example2.log


---------- Parsing Ivy ----------


Printing isolate this:

OK


=============================================================================================

	[FW]: Forward Reachability on [ivybench/sym/ivy/McMillan_Example2.ivy: node=1]

=============================================================================================


==============================================

	Set up for forward reachability

==============================================

[FW NOTE]: number of state atoms: 2

[FW NOTE]: number of interpreted atoms (e.g. member,le): 0

[FW NOTE]: symmetric group order: 1

[FW NOTE]: number of branching actions: 2

ivy_to_cpp target=qrm McMillan_Example2.node_1.finite.ivy

[IVY_TO_CPP RESULT]: OK

swig -c++ -python -o McMillan_Example2.node_1.finite_wrap.cpp ivy_exec.i

[SWIG RESULT]: OK

g++ -std=c++11 -fpic -pthread -O3 McMillan_Example2.node_1.finite.cpp McMillan_Example2.node_1.finite_wrap.cpp -I/usr/include/python3.12 -c

[G++ RESULT]: OK

g++ -shared McMillan_Example2.node_1.finite.o McMillan_Example2.node_1.finite_wrap.o -o _ivy_exec.so -lm -lstdc++

[LINK RESULT]: OK

[QRM NOTE]: Time elapsed since start: 4.793 seconds

[QRM NOTE]: Time elapsed since last: 4.793 seconds

[QRM NOTE]: Peak memory: 840553 bytes


===================================

	Forward reachability

===================================


---------- level 0 ----------

00


---------- level 1 ----------

11

[FW NOTE]: dfs max depth: 1

[FW NOTE]: number of total reachable states:        2

[FW NOTE]: number of dfs representative states:     2

[FW NOTE]: number of dfs non-representative states: 0


====================================================================================================

	[FW RESULT]: Forward Reachability on [ivybench/sym/ivy/McMillan_Example2.ivy: node=1]

====================================================================================================

sort: node=['node0']
predicate: q('node',)
predicate: p('node',)
interpreted atoms: {}
state atoms: ['p(node0)', 'q(node0)']
representative states : 0, 3


=== State Orbit 0 =====================
size : 1
repr state: 00
lex min decimal: 0x0
states:
00




=== State Orbit 1 =====================
size : 1
repr state: 11
lex min decimal: 0x3
states:
11



[QRM NOTE]: Time elapsed since start: 4.811 seconds

[QRM NOTE]: Time elapsed since last: 0.018 seconds

[QRM NOTE]: Peak memory: 425344 bytes


======================================

	Reduce Equivalent Atoms

======================================

[FW NOTE]: equivalent atoms

	p(node0): ['q(node0)']

[FW NOTE]: complement atoms

[FW NOTE]: remove_atom_ids: {1}

[QRM NOTE]: Time elapsed since start: 4.814 seconds

[QRM NOTE]: Time elapsed since last: 0.003 seconds

[QRM NOTE]: Peak memory: 441572 bytes


====================================================================================================

	[PRIME]: Prime Orbit Generatation on [ivybench/sym/ivy/McMillan_Example2.ivy: node=1]

====================================================================================================


===============================================================================================

	[PRIME RESULT]: Prime Orbits on [ivybench/sym/ivy/McMillan_Example2.ivy: node=1]

===============================================================================================



[PRIME NOTE]: number of orbits after merging: 0

[PRIME NOTE]: number of orbits before merging: 0

[PRIME NOTE]: number of primes: 0

[QRM NOTE]: Time elapsed since start: 4.820 seconds

[QRM NOTE]: Time elapsed since last: 0.006 seconds

[QRM NOTE]: Peak memory: 484583 bytes


=========================================================================================

	[RED]: PRIME REDUCTION on [ivybench/sym/ivy/McMillan_Example2.ivy: node=1]

=========================================================================================

definition primes: set()


New level: 0
 pending : []
 solution : []


Before reduction : 
 pending  : []
 solution : []

Essensial at level 0 : set()

Before removed
 coverage : []

After removed
 coverage : []

Covered at level 0 : set()

After reduction : 
 pending  : []
 solution : []

[QRM NOTE]: Time elapsed since start: 4.824 seconds

[QRM NOTE]: Time elapsed since last: 0.004 seconds

[QRM NOTE]: Peak memory: 516706 bytes


=============================================================================================

	[QI]: Quantifier Inference on [ivybench/sym/ivy/McMillan_Example2.ivy: node=1]

=============================================================================================


---------- quantifier_inference ----------


=======================================================================================================

	[QI RESULT]: Quantified Prime Orbits on [ivybench/sym/ivy/McMillan_Example2.ivy: node=1]

=======================================================================================================

[QRM NOTE]: Time elapsed since start: 4.845 seconds

[QRM NOTE]: Time elapsed since last: 0.020 seconds

[QRM NOTE]: Peak memory: 843838 bytes


======================================================================================

	[MIN]: Minimization on [ivybench/sym/ivy/McMillan_Example2.ivy: node=1]

======================================================================================


New level: 1
 pending : []
 solution : []


Before reduction : 
 pending  : []
 solution : []

Essensial at level 1 : set()

Before removed
 coverage : []

After removed
 coverage : []

Covered at level 1 : set()

After reduction : 
 pending  : []
 solution : []


Solution : [] has cost 0.


Before backtrack at level 1
 pending : []
 solution : []

After backtrack at level 1
 pending : []
 solution : []


=====================================================================================================

	[MIN RESULT]: Minimized Invariants on [ivybench/sym/ivy/McMillan_Example2.ivy: node=1]

=====================================================================================================

[MIN NOTE]: number of minimal solution found: 1

[MIN NOTE]: upper bound: 0

[MIN NOTE]: maximum branch and bound depth: 1

[MIN NOTE]: number of definitions: 0

[MIN NOTE]: number of equality relations: 1

invariant [eq_0] forall NODE. p(NODE) = q(NODE) # equivalence relation, qcost: 3

[MIN NOTE]: Solution 0 : []

[MIN NOTE]: solution length: 0

[MIN NOTE]: number of total invariants: 1

[MIN NOTE]: total qCost: 3




[QRM NOTE]: Time elapsed since start: 4.864 seconds

[QRM NOTE]: Time elapsed since last: 0.019 seconds

[QRM NOTE]: Peak memory: 872303 bytes


******************************************************************************************************

	[Reachability Convergence Check]: [ivybench/sym/ivy/McMillan_Example2.ivy: node=1]

******************************************************************************************************

python3 qrm.py ivybench/sym/ivy/McMillan_Example2.node_1.0.ivy -s node=2 -f 2 -g -w -r -v 5 -l ivybench/sym/ivy/McMillan_Example2.log


---------- Parsing Ivy ----------


Printing isolate this:

OK


---------- Initializing reachability from file ----------

Reachability successfully initialized


==================================================================================================================================

	[REACH_CHECK]: Reachability Convergence Check for Rmin on [ivybench/sym/ivy/McMillan_Example2.node_1.0.ivy: node=2]

==================================================================================================================================

Representatitive states in reachability not in Rmin

0x6

[REACH_CHECK RESULT]: FAIL

[QRM NOTE]: Time elapsed since start: 0.061 seconds

[QRM NOTE]: Time elapsed since last: 0.061 seconds

[QRM NOTE]: Peak memory: 71057 bytes

No Convergence

next size: node=2


***************************************************************************************

	[Synthesize Rmin]: [ivybench/sym/ivy/McMillan_Example2.ivy: node=2]

***************************************************************************************

python3 qrm.py ivybench/sym/ivy/McMillan_Example2.ivy -s node=2 -f 1 -g -w -v 5 -l ivybench/sym/ivy/McMillan_Example2.log


---------- Parsing Ivy ----------


Printing isolate this:

OK


=============================================================================================

	[FW]: Forward Reachability on [ivybench/sym/ivy/McMillan_Example2.ivy: node=2]

=============================================================================================


==============================================

	Set up for forward reachability

==============================================

[FW NOTE]: number of state atoms: 4

[FW NOTE]: number of interpreted atoms (e.g. member,le): 0

[FW NOTE]: symmetric group order: 2

[FW NOTE]: number of branching actions: 8

ivy_to_cpp target=qrm McMillan_Example2.node_2.finite.ivy

[IVY_TO_CPP RESULT]: OK

swig -c++ -python -o McMillan_Example2.node_2.finite_wrap.cpp ivy_exec.i

[SWIG RESULT]: OK

g++ -std=c++11 -fpic -pthread -O3 McMillan_Example2.node_2.finite.cpp McMillan_Example2.node_2.finite_wrap.cpp -I/usr/include/python3.12 -c

[G++ RESULT]: OK

g++ -shared McMillan_Example2.node_2.finite.o McMillan_Example2.node_2.finite_wrap.o -o _ivy_exec.so -lm -lstdc++

[LINK RESULT]: OK

[QRM NOTE]: Time elapsed since start: 4.811 seconds

[QRM NOTE]: Time elapsed since last: 4.811 seconds

[QRM NOTE]: Peak memory: 841278 bytes


===================================

	Forward reachability

===================================


---------- level 0 ----------

0000


---------- level 1 ----------

1010


---------- level 2 ----------

1111


---------- level 3 ----------

0110

[FW NOTE]: dfs max depth: 3

[FW NOTE]: number of total reachable states:        6

[FW NOTE]: number of dfs representative states:     4

[FW NOTE]: number of dfs non-representative states: 2


====================================================================================================

	[FW RESULT]: Forward Reachability on [ivybench/sym/ivy/McMillan_Example2.ivy: node=2]

====================================================================================================

sort: node=['node0', 'node1']
predicate: p('node',)
predicate: q('node',)
interpreted atoms: {}
state atoms: ['p(node0)', 'p(node1)', 'q(node0)', 'q(node1)']
representative states : 0, 5, 15, 6


=== State Orbit 0 =====================
size : 1
repr state: 0000
lex min decimal: 0x0
states:
0000




=== State Orbit 1 =====================
size : 2
repr state: 1010
lex min decimal: 0x5
states:
0101
1010




=== State Orbit 2 =====================
size : 1
repr state: 1111
lex min decimal: 0xf
states:
1111




=== State Orbit 3 =====================
size : 2
repr state: 0110
lex min decimal: 0x6
states:
1001
0110



[QRM NOTE]: Time elapsed since start: 4.843 seconds

[QRM NOTE]: Time elapsed since last: 0.031 seconds

[QRM NOTE]: Peak memory: 428819 bytes


======================================

	Reduce Equivalent Atoms

======================================

[FW NOTE]: equivalent atoms

[FW NOTE]: complement atoms

[FW NOTE]: remove_atom_ids: set()

[QRM NOTE]: Time elapsed since start: 4.847 seconds

[QRM NOTE]: Time elapsed since last: 0.004 seconds

[QRM NOTE]: Peak memory: 443927 bytes


====================================================================================================

	[PRIME]: Prime Orbit Generatation on [ivybench/sym/ivy/McMillan_Example2.ivy: node=2]

====================================================================================================


===============================================================================================

	[PRIME RESULT]: Prime Orbits on [ivybench/sym/ivy/McMillan_Example2.ivy: node=2]

===============================================================================================


=== Prime Orbit 0 =====================
size : 2
num_suborbits: 1
0 (*) : 00-1
0     : ['q(node1)', '~p(node0)', '~p(node1)']
1     : 001-
1     : ['q(node0)', '~p(node0)', '~p(node1)']
num_forall :   0
num_exists :   0
num_literals : 0
quantified form : None
qcost : 0


=== Prime Orbit 1 =====================
size : 2
num_suborbits: 1
2 (*) : -100
2     : ['p(node1)', '~q(node0)', '~q(node1)']
3     : 1-00
3     : ['p(node0)', '~q(node0)', '~q(node1)']
num_forall :   0
num_exists :   0
num_literals : 0
quantified form : None
qcost : 0


=== Prime Orbit 2 =====================
size : 2
num_suborbits: 1
4 (*) : 11-0
4     : ['p(node0)', 'p(node1)', '~q(node1)']
5     : 110-
5     : ['p(node0)', 'p(node1)', '~q(node0)']
num_forall :   0
num_exists :   0
num_literals : 0
quantified form : None
qcost : 0


=== Prime Orbit 3 =====================
size : 2
num_suborbits: 1
6 (*) : 0-11
6     : ['q(node0)', 'q(node1)', '~p(node0)']
7     : -011
7     : ['q(node0)', 'q(node1)', '~p(node1)']
num_forall :   0
num_exists :   0
num_literals : 0
quantified form : None
qcost : 0



[PRIME NOTE]: number of orbits after merging: 4

[PRIME NOTE]: number of orbits before merging: 4

[PRIME NOTE]: number of primes: 8

[QRM NOTE]: Time elapsed since start: 4.861 seconds

[QRM NOTE]: Time elapsed since last: 0.014 seconds

[QRM NOTE]: Peak memory: 508261 bytes


=========================================================================================

	[RED]: PRIME REDUCTION on [ivybench/sym/ivy/McMillan_Example2.ivy: node=2]

=========================================================================================

definition primes: set()


New level: 0
 pending : [0, 1, 2, 3]
 solution : []


Before reduction : 
 pending  : [0, 1, 2, 3]
 solution : []

Essensial at level 0 : {0, 1, 2, 3}

Before removed
 coverage : [(0, -1), (1, -1), (2, -1), (3, -1)]

After removed
 coverage : [(0, -1), (1, -1), (2, -1), (3, -1)]

Covered at level 0 : set()

After reduction : 
 pending  : []
 solution : [0, 1, 2, 3]


Before reduction : 
 pending  : []
 solution : [0, 1, 2, 3]

Essensial at level 0 : set()

Before removed
 coverage : [(0, -1), (1, -1), (2, -1), (3, -1)]

After removed
 coverage : [(0, -1), (1, -1), (2, -1), (3, -1)]

Covered at level 0 : set()

After reduction : 
 pending  : []
 solution : [0, 1, 2, 3]

[QRM NOTE]: Time elapsed since start: 4.872 seconds

[QRM NOTE]: Time elapsed since last: 0.011 seconds

[QRM NOTE]: Peak memory: 545007 bytes


=============================================================================================

	[QI]: Quantifier Inference on [ivybench/sym/ivy/McMillan_Example2.ivy: node=2]

=============================================================================================


---------- quantifier_inference ----------


=== Prime Orbit 0 =====================
size : 2
num_suborbits: 1
0 (*) : 00-1
0     : ['q(node1)', '~p(node0)', '~p(node1)']
1     : 001-
1     : ['q(node0)', '~p(node0)', '~p(node1)']
num_forall :   0
num_exists :   0
num_literals : 0
quantified form : None
qcost : 0




---------- QPrime ----------


---------- ConstArgBinding ----------

terms: ['~p(node0)', '~p(node1)', 'q(node1)']

sign_func_name2args: {'1$p': [(Const('node0', EnumeratedSort('node', ('node0', 'node1'))),), (Const('node1', EnumeratedSort('node', ('node0', 'node1'))),)], '0$q': [(Const('node1', EnumeratedSort('node', ('node0', 'node1'))),)]}

const2sigs: {Const('node0', EnumeratedSort('node', ('node0', 'node1'))): [node$1$p$0$0], Const('node1', EnumeratedSort('node', ('node0', 'node1'))): [node$1$p$0$1, node$0$q$0$0]}

sig2const: {'node$1$p$0$0': Const('node0', EnumeratedSort('node', ('node0', 'node1'))), 'node$1$p$0$1': Const('node1', EnumeratedSort('node', ('node0', 'node1'))), 'node$0$q$0$0': Const('node1', EnumeratedSort('node', ('node0', 'node1')))}


---------- ArgPartition ----------

sort2class_sigs: {EnumeratedSort('node', ('node0', 'node1')): [node$0$q$0$0; node$1$p$0$1, node$1$p$0$0]}

sort2part_sig: {EnumeratedSort('node', ('node0', 'node1')): node$0$q$0$0; node$1$p$0$1 | node$1$p$0$0}

part_sig: ('node$0$q$0$0; node$1$p$0$1 | node$1$p$0$0',)


---------- SigGenerator ----------

terms:  ['~p(node0)', '~p(node1)', 'q(node1)']

func_name2symbol:  {'p': Const('p', FunctionSort(EnumeratedSort('node', ('node0', 'node1')), BooleanSort())), 'q': Const('q', FunctionSort(EnumeratedSort('node', ('node0', 'node1')), BooleanSort()))}

func_name2args_sort:  {'p': (EnumeratedSort('node', ('node0', 'node1')),), 'q': (EnumeratedSort('node', ('node0', 'node1')),)}

sign_func_name2count:  {'1$p': 2, '0$q': 1}


---------- ProductArgPartition ----------

sort2class_sigs: {EnumeratedSort('node', ('node0', 'node1')): [node$0$q$0$0; node$1$p$0$1, node$1$p$0$0]}

sort2part_sig: {EnumeratedSort('node', ('node0', 'node1')): node$0$q$0$0; node$1$p$0$1 | node$1$p$0$0}

	sort: node

	identical_classes: {'node$0$q$0; node$1$p$0': [node$0$q$0$0; node$1$p$0$1], 'node$1$p$0': [node$1$p$0$0]}

	identical_single_classes: {'node$0$q$0; node$1$p$0': node$0$q$0$0; node$1$p$0$1, 'node$1$p$0': node$1$p$0$0}

	identical_multi_classes: {}


---------- QInference: _set_sort_to_quantifier_mode ----------

quantifier mode: node: QuantifierMode.forall


---------- QInference: _set_constraint_mode ----------

constraint mode: ConstraintMode.no_merge


---------- QFormula: _set_qvars ----------

forall_qvars: {Var('NODE1', EnumeratedSort('node', ('node0', 'node1'))), Var('NODE0', EnumeratedSort('node', ('node0', 'node1')))}

exists_qvars: set()


---------- QFormula: _set_signed_func_name_to_args ----------

signed_func_name2args: {'1$p': [[Var('NODE1', EnumeratedSort('node', ('node0', 'node1')))], [Var('NODE0', EnumeratedSort('node', ('node0', 'node1')))]], '0$q': [[Var('NODE0', EnumeratedSort('node', ('node0', 'node1')))]]}


---------- QFormula: _set_qterms ----------

qterms: ['q(NODE0)', '~p(NODE0)', '~p(NODE1)']


---------- QFormula: get_qclause ----------

qclause: forall NODE1,NODE0. ~q(NODE0) | p(NODE0) | p(NODE1) | NODE0 = NODE1


=== Prime Orbit 1 =====================
size : 2
num_suborbits: 1
2 (*) : -100
2     : ['p(node1)', '~q(node0)', '~q(node1)']
3     : 1-00
3     : ['p(node0)', '~q(node0)', '~q(node1)']
num_forall :   0
num_exists :   0
num_literals : 0
quantified form : None
qcost : 0




---------- QPrime ----------


---------- ConstArgBinding ----------

terms: ['p(node1)', '~q(node0)', '~q(node1)']

sign_func_name2args: {'0$p': [(Const('node1', EnumeratedSort('node', ('node0', 'node1'))),)], '1$q': [(Const('node0', EnumeratedSort('node', ('node0', 'node1'))),), (Const('node1', EnumeratedSort('node', ('node0', 'node1'))),)]}

const2sigs: {Const('node1', EnumeratedSort('node', ('node0', 'node1'))): [node$0$p$0$0, node$1$q$0$1], Const('node0', EnumeratedSort('node', ('node0', 'node1'))): [node$1$q$0$0]}

sig2const: {'node$0$p$0$0': Const('node1', EnumeratedSort('node', ('node0', 'node1'))), 'node$1$q$0$0': Const('node0', EnumeratedSort('node', ('node0', 'node1'))), 'node$1$q$0$1': Const('node1', EnumeratedSort('node', ('node0', 'node1')))}


---------- ArgPartition ----------

sort2class_sigs: {EnumeratedSort('node', ('node0', 'node1')): [node$0$p$0$0; node$1$q$0$1, node$1$q$0$0]}

sort2part_sig: {EnumeratedSort('node', ('node0', 'node1')): node$0$p$0$0; node$1$q$0$1 | node$1$q$0$0}

part_sig: ('node$0$p$0$0; node$1$q$0$1 | node$1$q$0$0',)


---------- SigGenerator ----------

terms:  ['p(node1)', '~q(node0)', '~q(node1)']

func_name2symbol:  {'p': Const('p', FunctionSort(EnumeratedSort('node', ('node0', 'node1')), BooleanSort())), 'q': Const('q', FunctionSort(EnumeratedSort('node', ('node0', 'node1')), BooleanSort()))}

func_name2args_sort:  {'p': (EnumeratedSort('node', ('node0', 'node1')),), 'q': (EnumeratedSort('node', ('node0', 'node1')),)}

sign_func_name2count:  {'0$p': 1, '1$q': 2}


---------- ProductArgPartition ----------

sort2class_sigs: {EnumeratedSort('node', ('node0', 'node1')): [node$0$p$0$0; node$1$q$0$1, node$1$q$0$0]}

sort2part_sig: {EnumeratedSort('node', ('node0', 'node1')): node$0$p$0$0; node$1$q$0$1 | node$1$q$0$0}

	sort: node

	identical_classes: {'node$0$p$0; node$1$q$0': [node$0$p$0$0; node$1$q$0$1], 'node$1$q$0': [node$1$q$0$0]}

	identical_single_classes: {'node$0$p$0; node$1$q$0': node$0$p$0$0; node$1$q$0$1, 'node$1$q$0': node$1$q$0$0}

	identical_multi_classes: {}


---------- QInference: _set_sort_to_quantifier_mode ----------

quantifier mode: node: QuantifierMode.forall


---------- QInference: _set_constraint_mode ----------

constraint mode: ConstraintMode.no_merge


---------- QFormula: _set_qvars ----------

forall_qvars: {Var('NODE1', EnumeratedSort('node', ('node0', 'node1'))), Var('NODE0', EnumeratedSort('node', ('node0', 'node1')))}

exists_qvars: set()


---------- QFormula: _set_signed_func_name_to_args ----------

signed_func_name2args: {'0$p': [[Var('NODE0', EnumeratedSort('node', ('node0', 'node1')))]], '1$q': [[Var('NODE1', EnumeratedSort('node', ('node0', 'node1')))], [Var('NODE0', EnumeratedSort('node', ('node0', 'node1')))]]}


---------- QFormula: _set_qterms ----------

qterms: ['~q(NODE1)', 'p(NODE0)', '~q(NODE0)']


---------- QFormula: get_qclause ----------

qclause: forall NODE1,NODE0. q(NODE1) | ~p(NODE0) | q(NODE0) | NODE0 = NODE1


=== Prime Orbit 2 =====================
size : 2
num_suborbits: 1
4 (*) : 11-0
4     : ['p(node0)', 'p(node1)', '~q(node1)']
5     : 110-
5     : ['p(node0)', 'p(node1)', '~q(node0)']
num_forall :   0
num_exists :   0
num_literals : 0
quantified form : None
qcost : 0




---------- QPrime ----------


---------- ConstArgBinding ----------

terms: ['p(node0)', 'p(node1)', '~q(node1)']

sign_func_name2args: {'0$p': [(Const('node0', EnumeratedSort('node', ('node0', 'node1'))),), (Const('node1', EnumeratedSort('node', ('node0', 'node1'))),)], '1$q': [(Const('node1', EnumeratedSort('node', ('node0', 'node1'))),)]}

const2sigs: {Const('node0', EnumeratedSort('node', ('node0', 'node1'))): [node$0$p$0$0], Const('node1', EnumeratedSort('node', ('node0', 'node1'))): [node$0$p$0$1, node$1$q$0$0]}

sig2const: {'node$0$p$0$0': Const('node0', EnumeratedSort('node', ('node0', 'node1'))), 'node$0$p$0$1': Const('node1', EnumeratedSort('node', ('node0', 'node1'))), 'node$1$q$0$0': Const('node1', EnumeratedSort('node', ('node0', 'node1')))}


---------- ArgPartition ----------

sort2class_sigs: {EnumeratedSort('node', ('node0', 'node1')): [node$0$p$0$0, node$0$p$0$1; node$1$q$0$0]}

sort2part_sig: {EnumeratedSort('node', ('node0', 'node1')): node$0$p$0$0 | node$0$p$0$1; node$1$q$0$0}

part_sig: ('node$0$p$0$0 | node$0$p$0$1; node$1$q$0$0',)


---------- SigGenerator ----------

terms:  ['p(node0)', 'p(node1)', '~q(node1)']

func_name2symbol:  {'p': Const('p', FunctionSort(EnumeratedSort('node', ('node0', 'node1')), BooleanSort())), 'q': Const('q', FunctionSort(EnumeratedSort('node', ('node0', 'node1')), BooleanSort()))}

func_name2args_sort:  {'p': (EnumeratedSort('node', ('node0', 'node1')),), 'q': (EnumeratedSort('node', ('node0', 'node1')),)}

sign_func_name2count:  {'0$p': 2, '1$q': 1}


---------- ProductArgPartition ----------

sort2class_sigs: {EnumeratedSort('node', ('node0', 'node1')): [node$0$p$0$0, node$0$p$0$1; node$1$q$0$0]}

sort2part_sig: {EnumeratedSort('node', ('node0', 'node1')): node$0$p$0$0 | node$0$p$0$1; node$1$q$0$0}

	sort: node

	identical_classes: {'node$0$p$0': [node$0$p$0$0], 'node$0$p$0; node$1$q$0': [node$0$p$0$1; node$1$q$0$0]}

	identical_single_classes: {'node$0$p$0': node$0$p$0$0, 'node$0$p$0; node$1$q$0': node$0$p$0$1; node$1$q$0$0}

	identical_multi_classes: {}


---------- QInference: _set_sort_to_quantifier_mode ----------

quantifier mode: node: QuantifierMode.forall


---------- QInference: _set_constraint_mode ----------

constraint mode: ConstraintMode.no_merge


---------- QFormula: _set_qvars ----------

forall_qvars: {Var('NODE1', EnumeratedSort('node', ('node0', 'node1'))), Var('NODE0', EnumeratedSort('node', ('node0', 'node1')))}

exists_qvars: set()


---------- QFormula: _set_signed_func_name_to_args ----------

signed_func_name2args: {'0$p': [[Var('NODE0', EnumeratedSort('node', ('node0', 'node1')))], [Var('NODE1', EnumeratedSort('node', ('node0', 'node1')))]], '1$q': [[Var('NODE1', EnumeratedSort('node', ('node0', 'node1')))]]}


---------- QFormula: _set_qterms ----------

qterms: ['~q(NODE1)', 'p(NODE1)', 'p(NODE0)']


---------- QFormula: get_qclause ----------

qclause: forall NODE1,NODE0. q(NODE1) | ~p(NODE1) | ~p(NODE0) | NODE0 = NODE1


=== Prime Orbit 3 =====================
size : 2
num_suborbits: 1
6 (*) : 0-11
6     : ['q(node0)', 'q(node1)', '~p(node0)']
7     : -011
7     : ['q(node0)', 'q(node1)', '~p(node1)']
num_forall :   0
num_exists :   0
num_literals : 0
quantified form : None
qcost : 0




---------- QPrime ----------


---------- ConstArgBinding ----------

terms: ['~p(node0)', 'q(node0)', 'q(node1)']

sign_func_name2args: {'1$p': [(Const('node0', EnumeratedSort('node', ('node0', 'node1'))),)], '0$q': [(Const('node0', EnumeratedSort('node', ('node0', 'node1'))),), (Const('node1', EnumeratedSort('node', ('node0', 'node1'))),)]}

const2sigs: {Const('node0', EnumeratedSort('node', ('node0', 'node1'))): [node$1$p$0$0, node$0$q$0$0], Const('node1', EnumeratedSort('node', ('node0', 'node1'))): [node$0$q$0$1]}

sig2const: {'node$1$p$0$0': Const('node0', EnumeratedSort('node', ('node0', 'node1'))), 'node$0$q$0$0': Const('node0', EnumeratedSort('node', ('node0', 'node1'))), 'node$0$q$0$1': Const('node1', EnumeratedSort('node', ('node0', 'node1')))}


---------- ArgPartition ----------

sort2class_sigs: {EnumeratedSort('node', ('node0', 'node1')): [node$0$q$0$0; node$1$p$0$0, node$0$q$0$1]}

sort2part_sig: {EnumeratedSort('node', ('node0', 'node1')): node$0$q$0$0; node$1$p$0$0 | node$0$q$0$1}

part_sig: ('node$0$q$0$0; node$1$p$0$0 | node$0$q$0$1',)


---------- SigGenerator ----------

terms:  ['~p(node0)', 'q(node0)', 'q(node1)']

func_name2symbol:  {'p': Const('p', FunctionSort(EnumeratedSort('node', ('node0', 'node1')), BooleanSort())), 'q': Const('q', FunctionSort(EnumeratedSort('node', ('node0', 'node1')), BooleanSort()))}

func_name2args_sort:  {'p': (EnumeratedSort('node', ('node0', 'node1')),), 'q': (EnumeratedSort('node', ('node0', 'node1')),)}

sign_func_name2count:  {'1$p': 1, '0$q': 2}


---------- ProductArgPartition ----------

sort2class_sigs: {EnumeratedSort('node', ('node0', 'node1')): [node$0$q$0$0; node$1$p$0$0, node$0$q$0$1]}

sort2part_sig: {EnumeratedSort('node', ('node0', 'node1')): node$0$q$0$0; node$1$p$0$0 | node$0$q$0$1}

	sort: node

	identical_classes: {'node$0$q$0; node$1$p$0': [node$0$q$0$0; node$1$p$0$0], 'node$0$q$0': [node$0$q$0$1]}

	identical_single_classes: {'node$0$q$0; node$1$p$0': node$0$q$0$0; node$1$p$0$0, 'node$0$q$0': node$0$q$0$1}

	identical_multi_classes: {}


---------- QInference: _set_sort_to_quantifier_mode ----------

quantifier mode: node: QuantifierMode.forall


---------- QInference: _set_constraint_mode ----------

constraint mode: ConstraintMode.no_merge


---------- QFormula: _set_qvars ----------

forall_qvars: {Var('NODE1', EnumeratedSort('node', ('node0', 'node1'))), Var('NODE0', EnumeratedSort('node', ('node0', 'node1')))}

exists_qvars: set()


---------- QFormula: _set_signed_func_name_to_args ----------

signed_func_name2args: {'1$p': [[Var('NODE0', EnumeratedSort('node', ('node0', 'node1')))]], '0$q': [[Var('NODE0', EnumeratedSort('node', ('node0', 'node1')))], [Var('NODE1', EnumeratedSort('node', ('node0', 'node1')))]]}


---------- QFormula: _set_qterms ----------

qterms: ['~p(NODE0)', 'q(NODE1)', 'q(NODE0)']


---------- QFormula: get_qclause ----------

qclause: forall NODE1,NODE0. p(NODE0) | ~q(NODE1) | ~q(NODE0) | NODE0 = NODE1


=======================================================================================================

	[QI RESULT]: Quantified Prime Orbits on [ivybench/sym/ivy/McMillan_Example2.ivy: node=2]

=======================================================================================================


=== Prime Orbit 0 =====================
size : 2
num_suborbits: 1
0 (*) : 00-1
0     : ['q(node1)', '~p(node0)', '~p(node1)']
1     : 001-
1     : ['q(node0)', '~p(node0)', '~p(node1)']
num_forall :   2
num_exists :   0
num_literals : 4
quantified form : forall NODE1,NODE0. 
~q(NODE0) | p(NODE0) | p(NODE1) | NODE0 = NODE1
qcost : 6




=== Prime Orbit 1 =====================
size : 2
num_suborbits: 1
2 (*) : -100
2     : ['p(node1)', '~q(node0)', '~q(node1)']
3     : 1-00
3     : ['p(node0)', '~q(node0)', '~q(node1)']
num_forall :   2
num_exists :   0
num_literals : 4
quantified form : forall NODE1,NODE0.
 ~p(NODE0) | q(NODE0) | q(NODE1) | NODE0 = NODE1
qcost : 6




=== Prime Orbit 2 =====================
size : 2
num_suborbits: 1
4 (*) : 11-0
4     : ['p(node0)', 'p(node1)', '~q(node1)']
5     : 110-
5     : ['p(node0)', 'p(node1)', '~q(node0)']
num_forall :   2
num_exists :   0
num_literals : 4
quantified form : forall NODE1,NODE0. q(NODE1) | ~p(NODE1) | ~p(NODE0) | NODE0 = NODE1
qcost : 6




=== Prime Orbit 3 =====================
size : 2
num_suborbits: 1
6 (*) : 0-11
6     : ['q(node0)', 'q(node1)', '~p(node0)']
7     : -011
7     : ['q(node0)', 'q(node1)', '~p(node1)']
num_forall :   2
num_exists :   0
num_literals : 4
quantified form : forall NODE1,NODE0. p(NODE0) | ~q(NODE1) | ~q(NODE0) | NODE0 = NODE1
qcost : 6



[QRM NOTE]: Time elapsed since start: 8.919 seconds

[QRM NOTE]: Time elapsed since last: 4.048 seconds

[QRM NOTE]: Peak memory: 1090164 bytes


======================================================================================

	[MIN]: Minimization on [ivybench/sym/ivy/McMillan_Example2.ivy: node=2]

======================================================================================


New level: 1
 pending : []
 solution : [0, 1, 2, 3]


Before reduction : 
 pending  : []
 solution : [0, 1, 2, 3]

Essensial at level 1 : set()

Before removed
 coverage : [(0, -1), (1, -1), (2, -1), (3, -1)]

After removed
 coverage : [(0, -1), (1, -1), (2, -1), (3, -1)]

Covered at level 1 : set()

After reduction : 
 pending  : []
 solution : [0, 1, 2, 3]


Solution : [0, 1, 2, 3] has cost 24.


Before backtrack at level 1
 pending : []
 solution : [0, 1, 2, 3]

After backtrack at level 1
 pending : []
 solution : [0, 1, 2, 3]


=====================================================================================================

	[MIN RESULT]: Minimized Invariants on [ivybench/sym/ivy/McMillan_Example2.ivy: node=2]

=====================================================================================================

[MIN NOTE]: number of minimal solution found: 1

[MIN NOTE]: upper bound: 24

[MIN NOTE]: maximum branch and bound depth: 1

[MIN NOTE]: number of definitions: 0

[MIN NOTE]: number of equality relations: 0

[MIN NOTE]: Solution 0 : [0, 1, 2, 3]

[MIN NOTE]: solution length: 4

invariant [invar_0] forall NODE1,NODE0. ~q(NODE0) | p(NODE0) | p(NODE1) | NODE0 = NODE1 # qcost: 6

invariant [invar_1] forall NODE1,NODE0. q(NODE1) | ~p(NODE0) | q(NODE0) | NODE0 = NODE1 # qcost: 6

invariant [invar_2] forall NODE1,NODE0. q(NODE1) | ~p(NODE1) | ~p(NODE0) | NODE0 = NODE1 # qcost: 6

invariant [invar_3] forall NODE1,NODE0. p(NODE0) | ~q(NODE1) | ~q(NODE0) | NODE0 = NODE1 # qcost: 6

[MIN NOTE]: number of total invariants: 4

[MIN NOTE]: total qCost: 24




[QRM NOTE]: Time elapsed since start: 8.941 seconds

[QRM NOTE]: Time elapsed since last: 0.022 seconds

[QRM NOTE]: Peak memory: 1086652 bytes


******************************************************************************************************

	[Reachability Convergence Check]: [ivybench/sym/ivy/McMillan_Example2.ivy: node=2]

******************************************************************************************************

python3 qrm.py ivybench/sym/ivy/McMillan_Example2.node_2.0.ivy -s node=3 -f 2 -g -w -r -v 5 -l ivybench/sym/ivy/McMillan_Example2.log


---------- Parsing Ivy ----------


Printing isolate this:

OK


---------- Initializing reachability from file ----------

Reachability successfully initialized


==================================================================================================================================

	[REACH_CHECK]: Reachability Convergence Check for Rmin on [ivybench/sym/ivy/McMillan_Example2.node_2.0.ivy: node=3]

==================================================================================================================================

Representatitive states in reachability not in Rmin

0xa

0x1d

[REACH_CHECK RESULT]: FAIL

[QRM NOTE]: Time elapsed since start: 0.064 seconds

[QRM NOTE]: Time elapsed since last: 0.064 seconds

[QRM NOTE]: Peak memory: 46057 bytes

No Convergence

next size: node=3


***************************************************************************************

	[Synthesize Rmin]: [ivybench/sym/ivy/McMillan_Example2.ivy: node=3]

***************************************************************************************

python3 qrm.py ivybench/sym/ivy/McMillan_Example2.ivy -s node=3 -f 1 -g -w -v 5 -l ivybench/sym/ivy/McMillan_Example2.log


---------- Parsing Ivy ----------


Printing isolate this:

OK


=============================================================================================

	[FW]: Forward Reachability on [ivybench/sym/ivy/McMillan_Example2.ivy: node=3]

=============================================================================================


==============================================

	Set up for forward reachability

==============================================

[FW NOTE]: number of state atoms: 6

[FW NOTE]: number of interpreted atoms (e.g. member,le): 0

[FW NOTE]: symmetric group order: 6

[FW NOTE]: number of branching actions: 18

ivy_to_cpp target=qrm McMillan_Example2.node_3.finite.ivy

[IVY_TO_CPP RESULT]: OK

swig -c++ -python -o McMillan_Example2.node_3.finite_wrap.cpp ivy_exec.i

[SWIG RESULT]: OK

g++ -std=c++11 -fpic -pthread -O3 McMillan_Example2.node_3.finite.cpp McMillan_Example2.node_3.finite_wrap.cpp -I/usr/include/python3.12 -c

[G++ RESULT]: OK

g++ -shared McMillan_Example2.node_3.finite.o McMillan_Example2.node_3.finite_wrap.o -o _ivy_exec.so -lm -lstdc++

[LINK RESULT]: OK

[QRM NOTE]: Time elapsed since start: 5.903 seconds

[QRM NOTE]: Time elapsed since last: 5.903 seconds

[QRM NOTE]: Peak memory: 665605 bytes


===================================

	Forward reachability

===================================


---------- level 0 ----------

000000


---------- level 1 ----------

100100


---------- level 2 ----------

110110


---------- level 3 ----------

111111


---------- level 4 ----------

011101


---------- level 5 ----------

001100

[FW NOTE]: dfs max depth: 5

[FW NOTE]: number of total reachable states:        20

[FW NOTE]: number of dfs representative states:     6

[FW NOTE]: number of dfs non-representative states: 14


====================================================================================================

	[FW RESULT]: Forward Reachability on [ivybench/sym/ivy/McMillan_Example2.ivy: node=3]

====================================================================================================

sort: node=['node0', 'node1', 'node2']
predicate: q('node',)
predicate: p('node',)
interpreted atoms: {}
state atoms: ['p(node0)', 'p(node1)', 'p(node2)', 'q(node0)', 'q(node1)', 'q(node2)']
representative states : 0, 9, 27, 63, 29, 10


=== State Orbit 0 =====================
size : 1
repr state: 000000
lex min decimal: 0x0
states:
000000




=== State Orbit 1 =====================
size : 3
repr state: 100100
lex min decimal: 0x9
states:
001001
100100
010010




=== State Orbit 2 =====================
size : 3
repr state: 110110
lex min decimal: 0x1b
states:
101101
110110
011011




=== State Orbit 3 =====================
size : 1
repr state: 111111
lex min decimal: 0x3f
states:
111111




=== State Orbit 4 =====================
size : 6
repr state: 011101
lex min decimal: 0x1d
states:
110101
011110
011101
101011
110011
101110




=== State Orbit 5 =====================
size : 6
repr state: 001100
lex min decimal: 0xa
states:
010100
001100
001010
100001
100010
010001



[QRM NOTE]: Time elapsed since start: 5.935 seconds

[QRM NOTE]: Time elapsed since last: 0.032 seconds

[QRM NOTE]: Peak memory: 186743 bytes


======================================

	Reduce Equivalent Atoms

======================================

[FW NOTE]: equivalent atoms

[FW NOTE]: complement atoms

[FW NOTE]: remove_atom_ids: set()

[QRM NOTE]: Time elapsed since start: 5.939 seconds

[QRM NOTE]: Time elapsed since last: 0.004 seconds

[QRM NOTE]: Peak memory: 182613 bytes


====================================================================================================

	[PRIME]: Prime Orbit Generatation on [ivybench/sym/ivy/McMillan_Example2.ivy: node=3]

====================================================================================================


===============================================================================================

	[PRIME RESULT]: Prime Orbits on [ivybench/sym/ivy/McMillan_Example2.ivy: node=3]

===============================================================================================


=== Prime Orbit 0 =====================
size : 9
num_suborbits: 2
0 (*) : 11-00-
0     : ['p(node0)', 'p(node1)', '~q(node0)', '~q(node1)']
1     : 1-10-0
1     : ['p(node0)', 'p(node2)', '~q(node0)', '~q(node2)']
2     : -11-00
2     : ['p(node1)', 'p(node2)', '~q(node1)', '~q(node2)']
3 (*) : 1-100-
3     : ['p(node0)', 'p(node2)', '~q(node0)', '~q(node1)']
4     : 11-0-0
4     : ['p(node0)', 'p(node1)', '~q(node0)', '~q(node2)']
5     : -1100-
5     : ['p(node1)', 'p(node2)', '~q(node0)', '~q(node1)']
6     : 11--00
6     : ['p(node0)', 'p(node1)', '~q(node1)', '~q(node2)']
7     : -110-0
7     : ['p(node1)', 'p(node2)', '~q(node0)', '~q(node2)']
8     : 1-1-00
8     : ['p(node0)', 'p(node2)', '~q(node1)', '~q(node2)']
num_forall :   0
num_exists :   0
num_literals : 0
quantified form : None
qcost : 0


=== Prime Orbit 1 =====================
size : 3
num_suborbits: 1
9 (*) : 111-0-
9     : ['p(node0)', 'p(node1)', 'p(node2)', '~q(node1)']
10     : 111--0
10     : ['p(node0)', 'p(node1)', 'p(node2)', '~q(node2)']
11     : 1110--
11     : ['p(node0)', 'p(node1)', 'p(node2)', '~q(node0)']
num_forall :   0
num_exists :   0
num_literals : 0
quantified form : None
qcost : 0


=== Prime Orbit 2 =====================
size : 9
num_suborbits: 2
12 (*) : 0-0-11
12     : ['q(node1)', 'q(node2)', '~p(node0)', '~p(node2)']
13     : 00--11
13     : ['q(node1)', 'q(node2)', '~p(node0)', '~p(node1)']
14     : -001-1
14     : ['q(node0)', 'q(node2)', '~p(node1)', '~p(node2)']
15     : 00-1-1
15     : ['q(node0)', 'q(node2)', '~p(node0)', '~p(node1)']
16     : -0011-
16     : ['q(node0)', 'q(node1)', '~p(node1)', '~p(node2)']
17     : 0-011-
17     : ['q(node0)', 'q(node1)', '~p(node0)', '~p(node2)']
24 (*) : 0-01-1
24     : ['q(node0)', 'q(node2)', '~p(node0)', '~p(node2)']
25     : 00-11-
25     : ['q(node0)', 'q(node1)', '~p(node0)', '~p(node1)']
26     : -00-11
26     : ['q(node1)', 'q(node2)', '~p(node1)', '~p(node2)']
num_forall :   0
num_exists :   0
num_literals : 0
quantified form : None
qcost : 0


=== Prime Orbit 3 =====================
size : 3
num_suborbits: 1
18 (*) : -1-000
18     : ['p(node1)', '~q(node0)', '~q(node1)', '~q(node2)']
19     : --1000
19     : ['p(node2)', '~q(node0)', '~q(node1)', '~q(node2)']
20     : 1--000
20     : ['p(node0)', '~q(node0)', '~q(node1)', '~q(node2)']
num_forall :   0
num_exists :   0
num_literals : 0
quantified form : None
qcost : 0


=== Prime Orbit 4 =====================
size : 3
num_suborbits: 1
21 (*) : --0111
21     : ['q(node0)', 'q(node1)', 'q(node2)', '~p(node2)']
22     : -0-111
22     : ['q(node0)', 'q(node1)', 'q(node2)', '~p(node1)']
23     : 0--111
23     : ['q(node0)', 'q(node1)', 'q(node2)', '~p(node0)']
num_forall :   0
num_exists :   0
num_literals : 0
quantified form : None
qcost : 0


=== Prime Orbit 5 =====================
size : 3
num_suborbits: 1
27 (*) : 000-1-
27     : ['q(node1)', '~p(node0)', '~p(node1)', '~p(node2)']
28     : 000--1
28     : ['q(node2)', '~p(node0)', '~p(node1)', '~p(node2)']
29     : 0001--
29     : ['q(node0)', '~p(node0)', '~p(node1)', '~p(node2)']
num_forall :   0
num_exists :   0
num_literals : 0
quantified form : None
qcost : 0



[PRIME NOTE]: number of orbits after merging: 6

[PRIME NOTE]: number of orbits before merging: 8

[PRIME NOTE]: number of primes: 30

[QRM NOTE]: Time elapsed since start: 5.952 seconds

[QRM NOTE]: Time elapsed since last: 0.013 seconds

[QRM NOTE]: Peak memory: 228924 bytes


=========================================================================================

	[RED]: PRIME REDUCTION on [ivybench/sym/ivy/McMillan_Example2.ivy: node=3]

=========================================================================================

definition primes: set()


New level: 0
 pending : [0, 1, 2, 3, 4, 5]
 solution : []


Before reduction : 
 pending  : [0, 1, 2, 3, 4, 5]
 solution : []

Essensial at level 0 : {0, 1, 2, 3, 4, 5}

Before removed
 coverage : [(0, -1), (1, -1), (2, -1), (3, -1), (4, -1), (5, -1)]

After removed
 coverage : [(0, -1), (1, -1), (2, -1), (3, -1), (4, -1), (5, -1)]

Covered at level 0 : set()

After reduction : 
 pending  : []
 solution : [0, 1, 2, 3, 4, 5]


Before reduction : 
 pending  : []
 solution : [0, 1, 2, 3, 4, 5]

Essensial at level 0 : set()

Before removed
 coverage : [(0, -1), (1, -1), (2, -1), (3, -1), (4, -1), (5, -1)]

After removed
 coverage : [(0, -1), (1, -1), (2, -1), (3, -1), (4, -1), (5, -1)]

Covered at level 0 : set()

After reduction : 
 pending  : []
 solution : [0, 1, 2, 3, 4, 5]

[QRM NOTE]: Time elapsed since start: 5.959 seconds

[QRM NOTE]: Time elapsed since last: 0.007 seconds

[QRM NOTE]: Peak memory: 227514 bytes


=============================================================================================

	[QI]: Quantifier Inference on [ivybench/sym/ivy/McMillan_Example2.ivy: node=3]

=============================================================================================


---------- quantifier_inference ----------


=== Prime Orbit 0 =====================
size : 9
num_suborbits: 2
0 (*) : 11-00-
0     : ['p(node0)', 'p(node1)', '~q(node0)', '~q(node1)']
1     : 1-10-0
1     : ['p(node0)', 'p(node2)', '~q(node0)', '~q(node2)']
2     : -11-00
2     : ['p(node1)', 'p(node2)', '~q(node1)', '~q(node2)']
3 (*) : 1-100-
3     : ['p(node0)', 'p(node2)', '~q(node0)', '~q(node1)']
4     : 11-0-0
4     : ['p(node0)', 'p(node1)', '~q(node0)', '~q(node2)']
5     : -1100-
5     : ['p(node1)', 'p(node2)', '~q(node0)', '~q(node1)']
6     : 11--00
6     : ['p(node0)', 'p(node1)', '~q(node1)', '~q(node2)']
7     : -110-0
7     : ['p(node1)', 'p(node2)', '~q(node0)', '~q(node2)']
8     : 1-1-00
8     : ['p(node0)', 'p(node2)', '~q(node1)', '~q(node2)']
num_forall :   0
num_exists :   0
num_literals : 0
quantified form : None
qcost : 0




---------- QPrime ----------


---------- ConstArgBinding ----------

terms: ['p(node0)', 'p(node1)', '~q(node0)', '~q(node1)']

sign_func_name2args: {'0$p': [(Const('node0', EnumeratedSort('node', ('node0', 'node1', 'node2'))),), (Const('node1', EnumeratedSort('node', ('node0', 'node1', 'node2'))),)], '1$q': [(Const('node0', EnumeratedSort('node', ('node0', 'node1', 'node2'))),), (Const('node1', EnumeratedSort('node', ('node0', 'node1', 'node2'))),)]}

const2sigs: {Const('node0', EnumeratedSort('node', ('node0', 'node1', 'node2'))): [node$0$p$0$0, node$1$q$0$0], Const('node1', EnumeratedSort('node', ('node0', 'node1', 'node2'))): [node$0$p$0$1, node$1$q$0$1]}

sig2const: {'node$0$p$0$0': Const('node0', EnumeratedSort('node', ('node0', 'node1', 'node2'))), 'node$0$p$0$1': Const('node1', EnumeratedSort('node', ('node0', 'node1', 'node2'))), 'node$1$q$0$0': Const('node0', EnumeratedSort('node', ('node0', 'node1', 'node2'))), 'node$1$q$0$1': Const('node1', EnumeratedSort('node', ('node0', 'node1', 'node2')))}


---------- ArgPartition ----------

sort2class_sigs: {EnumeratedSort('node', ('node0', 'node1', 'node2')): [node$0$p$0$0; node$1$q$0$0, node$0$p$0$1; node$1$q$0$1]}

sort2part_sig: {EnumeratedSort('node', ('node0', 'node1', 'node2')): node$0$p$0$0; node$1$q$0$0 | node$0$p$0$1; node$1$q$0$1}

part_sig: ('node$0$p$0$0; node$1$q$0$0 | node$0$p$0$1; node$1$q$0$1',)


---------- QPrime ----------


---------- ConstArgBinding ----------

terms: ['p(node0)', 'p(node2)', '~q(node0)', '~q(node1)']

sign_func_name2args: {'0$p': [(Const('node0', EnumeratedSort('node', ('node0', 'node1', 'node2'))),), (Const('node2', EnumeratedSort('node', ('node0', 'node1', 'node2'))),)], '1$q': [(Const('node0', EnumeratedSort('node', ('node0', 'node1', 'node2'))),), (Const('node1', EnumeratedSort('node', ('node0', 'node1', 'node2'))),)]}

const2sigs: {Const('node0', EnumeratedSort('node', ('node0', 'node1', 'node2'))): [node$0$p$0$0, node$1$q$0$0], Const('node2', EnumeratedSort('node', ('node0', 'node1', 'node2'))): [node$0$p$0$1], Const('node1', EnumeratedSort('node', ('node0', 'node1', 'node2'))): [node$1$q$0$1]}

sig2const: {'node$0$p$0$0': Const('node0', EnumeratedSort('node', ('node0', 'node1', 'node2'))), 'node$0$p$0$1': Const('node2', EnumeratedSort('node', ('node0', 'node1', 'node2'))), 'node$1$q$0$0': Const('node0', EnumeratedSort('node', ('node0', 'node1', 'node2'))), 'node$1$q$0$1': Const('node1', EnumeratedSort('node', ('node0', 'node1', 'node2')))}


---------- ArgPartition ----------

sort2class_sigs: {EnumeratedSort('node', ('node0', 'node1', 'node2')): [node$0$p$0$0; node$1$q$0$0, node$0$p$0$1, node$1$q$0$1]}

sort2part_sig: {EnumeratedSort('node', ('node0', 'node1', 'node2')): node$0$p$0$0; node$1$q$0$0 | node$0$p$0$1 | node$1$q$0$1}

part_sig: ('node$0$p$0$0; node$1$q$0$0 | node$0$p$0$1 | node$1$q$0$1',)


---------- SigGenerator ----------

terms:  ['p(node0)', 'p(node1)', '~q(node0)', '~q(node1)']

func_name2symbol:  {'p': Const('p', FunctionSort(EnumeratedSort('node', ('node0', 'node1', 'node2')), BooleanSort())), 'q': Const('q', FunctionSort(EnumeratedSort('node', ('node0', 'node1', 'node2')), BooleanSort()))}

func_name2args_sort:  {'p': (EnumeratedSort('node', ('node0', 'node1', 'node2')),), 'q': (EnumeratedSort('node', ('node0', 'node1', 'node2')),)}

sign_func_name2count:  {'0$p': 2, '1$q': 2}


---------- ProductArgPartition ----------

sort2class_sigs: {EnumeratedSort('node', ('node0', 'node1', 'node2')): [node$0$p$0$0; node$1$q$0$0, node$0$p$0$1, node$1$q$0$1]}

sort2part_sig: {EnumeratedSort('node', ('node0', 'node1', 'node2')): node$0$p$0$0; node$1$q$0$0 | node$0$p$0$1 | node$1$q$0$1}

	sort: node

	identical_classes: {'node$0$p$0; node$1$q$0': [node$0$p$0$0; node$1$q$0$0], 'node$0$p$0': [node$0$p$0$1], 'node$1$q$0': [node$1$q$0$1]}

	identical_single_classes: {'node$0$p$0; node$1$q$0': node$0$p$0$0; node$1$q$0$0, 'node$0$p$0': node$0$p$0$1, 'node$1$q$0': node$1$q$0$1}

	identical_multi_classes: {}


---------- QInference: _set_sort_to_quantifier_mode ----------

quantifier mode: node: QuantifierMode.forall


---------- QInference: _set_constraint_mode ----------

constraint mode: ConstraintMode.merge


---------- QFormula: _set_qvars ----------

forall_qvars: {Var('NODE1', EnumeratedSort('node', ('node0', 'node1', 'node2'))), Var('NODE0', EnumeratedSort('node', ('node0', 'node1', 'node2'))), Var('NODE2', EnumeratedSort('node', ('node0', 'node1', 'node2')))}

exists_qvars: set()


---------- QFormula: _set_signed_func_name_to_args ----------

signed_func_name2args: {'0$p': [[Var('NODE0', EnumeratedSort('node', ('node0', 'node1', 'node2')))], [Var('NODE1', EnumeratedSort('node', ('node0', 'node1', 'node2')))]], '1$q': [[Var('NODE0', EnumeratedSort('node', ('node0', 'node1', 'node2')))], [Var('NODE2', EnumeratedSort('node', ('node0', 'node1', 'node2')))]]}


---------- QFormula: _set_qterms ----------

qterms: ['p(NODE1)', '~q(NODE0)', 'p(NODE0)', '~q(NODE2)']

use absent constraint


---------- QFormula: get_qclause ----------

qclause: forall NODE0,NODE2,NODE1. ~p(NODE1) | q(NODE0) | ~p(NODE0) | q(NODE2) | (NODE0 = NODE1 & NODE0 ~= NODE2)


=== Prime Orbit 1 =====================
size : 3
num_suborbits: 1
9 (*) : 111-0-
9     : ['p(node0)', 'p(node1)', 'p(node2)', '~q(node1)']
10     : 111--0
10     : ['p(node0)', 'p(node1)', 'p(node2)', '~q(node2)']
11     : 1110--
11     : ['p(node0)', 'p(node1)', 'p(node2)', '~q(node0)']
num_forall :   0
num_exists :   0
num_literals : 0
quantified form : None
qcost : 0




---------- QPrime ----------


---------- ConstArgBinding ----------

terms: ['p(node0)', 'p(node1)', 'p(node2)', '~q(node1)']

sign_func_name2args: {'0$p': [(Const('node0', EnumeratedSort('node', ('node0', 'node1', 'node2'))),), (Const('node1', EnumeratedSort('node', ('node0', 'node1', 'node2'))),), (Const('node2', EnumeratedSort('node', ('node0', 'node1', 'node2'))),)], '1$q': [(Const('node1', EnumeratedSort('node', ('node0', 'node1', 'node2'))),)]}

const2sigs: {Const('node0', EnumeratedSort('node', ('node0', 'node1', 'node2'))): [node$0$p$0$0], Const('node1', EnumeratedSort('node', ('node0', 'node1', 'node2'))): [node$0$p$0$1, node$1$q$0$0], Const('node2', EnumeratedSort('node', ('node0', 'node1', 'node2'))): [node$0$p$0$2]}

sig2const: {'node$0$p$0$0': Const('node0', EnumeratedSort('node', ('node0', 'node1', 'node2'))), 'node$0$p$0$1': Const('node1', EnumeratedSort('node', ('node0', 'node1', 'node2'))), 'node$0$p$0$2': Const('node2', EnumeratedSort('node', ('node0', 'node1', 'node2'))), 'node$1$q$0$0': Const('node1', EnumeratedSort('node', ('node0', 'node1', 'node2')))}


---------- ArgPartition ----------

sort2class_sigs: {EnumeratedSort('node', ('node0', 'node1', 'node2')): [node$0$p$0$0, node$0$p$0$1; node$1$q$0$0, node$0$p$0$2]}

sort2part_sig: {EnumeratedSort('node', ('node0', 'node1', 'node2')): node$0$p$0$0 | node$0$p$0$1; node$1$q$0$0 | node$0$p$0$2}

part_sig: ('node$0$p$0$0 | node$0$p$0$1; node$1$q$0$0 | node$0$p$0$2',)


---------- SigGenerator ----------

terms:  ['p(node0)', 'p(node1)', 'p(node2)', '~q(node1)']

func_name2symbol:  {'p': Const('p', FunctionSort(EnumeratedSort('node', ('node0', 'node1', 'node2')), BooleanSort())), 'q': Const('q', FunctionSort(EnumeratedSort('node', ('node0', 'node1', 'node2')), BooleanSort()))}

func_name2args_sort:  {'p': (EnumeratedSort('node', ('node0', 'node1', 'node2')),), 'q': (EnumeratedSort('node', ('node0', 'node1', 'node2')),)}

sign_func_name2count:  {'0$p': 3, '1$q': 1}


---------- ProductArgPartition ----------

sort2class_sigs: {EnumeratedSort('node', ('node0', 'node1', 'node2')): [node$0$p$0$0, node$0$p$0$1; node$1$q$0$0, node$0$p$0$2]}

sort2part_sig: {EnumeratedSort('node', ('node0', 'node1', 'node2')): node$0$p$0$0 | node$0$p$0$1; node$1$q$0$0 | node$0$p$0$2}

	sort: node

	identical_classes: {'node$0$p$0': [node$0$p$0$0, node$0$p$0$2], 'node$0$p$0; node$1$q$0': [node$0$p$0$1; node$1$q$0$0]}

	identical_single_classes: {'node$0$p$0; node$1$q$0': node$0$p$0$1; node$1$q$0$0}

	identical_multi_classes: {'node$0$p$0': [node$0$p$0$0, node$0$p$0$2]}


---------- QInference: _set_sort_to_quantifier_mode ----------

quantifier mode: node: QuantifierMode.forall_exists


---------- QInference: _set_constraint_mode ----------

constraint mode: ConstraintMode.no_merge


---------- QFormula: _set_qvars ----------

forall_qvars: {Var('NODE1', EnumeratedSort('node', ('node0', 'node1', 'node2')))}

exists_qvars: {Var('NODE0', EnumeratedSort('node', ('node0', 'node1', 'node2')))}


---------- QFormula: _set_signed_func_name_to_args ----------

signed_func_name2args: {'0$p': [[Var('NODE0', EnumeratedSort('node', ('node0', 'node1', 'node2')))], [Var('NODE1', EnumeratedSort('node', ('node0', 'node1', 'node2')))], [Var('NODE0', EnumeratedSort('node', ('node0', 'node1', 'node2')))]], '1$q': [[Var('NODE1', EnumeratedSort('node', ('node0', 'node1', 'node2')))]]}


---------- QFormula: _set_qterms ----------

qterms: ['p(NODE1)', '~q(NODE1)', 'p(NODE0)']


---------- QFormula: get_qclause ----------

qclause: forall NODE1. ~p(NODE1) | q(NODE1) | (exists NODE0. (~p(NODE0) & NODE0 ~= NODE1))


=== Prime Orbit 2 =====================
size : 9
num_suborbits: 2
12 (*) : 0-0-11
12     : ['q(node1)', 'q(node2)', '~p(node0)', '~p(node2)']
13     : 00--11
13     : ['q(node1)', 'q(node2)', '~p(node0)', '~p(node1)']
14     : -001-1
14     : ['q(node0)', 'q(node2)', '~p(node1)', '~p(node2)']
15     : 00-1-1
15     : ['q(node0)', 'q(node2)', '~p(node0)', '~p(node1)']
16     : -0011-
16     : ['q(node0)', 'q(node1)', '~p(node1)', '~p(node2)']
17     : 0-011-
17     : ['q(node0)', 'q(node1)', '~p(node0)', '~p(node2)']
24 (*) : 0-01-1
24     : ['q(node0)', 'q(node2)', '~p(node0)', '~p(node2)']
25     : 00-11-
25     : ['q(node0)', 'q(node1)', '~p(node0)', '~p(node1)']
26     : -00-11
26     : ['q(node1)', 'q(node2)', '~p(node1)', '~p(node2)']
num_forall :   0
num_exists :   0
num_literals : 0
quantified form : None
qcost : 0




---------- QPrime ----------


---------- ConstArgBinding ----------

terms: ['~p(node0)', '~p(node2)', 'q(node1)', 'q(node2)']

sign_func_name2args: {'1$p': [(Const('node0', EnumeratedSort('node', ('node0', 'node1', 'node2'))),), (Const('node2', EnumeratedSort('node', ('node0', 'node1', 'node2'))),)], '0$q': [(Const('node1', EnumeratedSort('node', ('node0', 'node1', 'node2'))),), (Const('node2', EnumeratedSort('node', ('node0', 'node1', 'node2'))),)]}

const2sigs: {Const('node0', EnumeratedSort('node', ('node0', 'node1', 'node2'))): [node$1$p$0$0], Const('node2', EnumeratedSort('node', ('node0', 'node1', 'node2'))): [node$1$p$0$1, node$0$q$0$1], Const('node1', EnumeratedSort('node', ('node0', 'node1', 'node2'))): [node$0$q$0$0]}

sig2const: {'node$1$p$0$0': Const('node0', EnumeratedSort('node', ('node0', 'node1', 'node2'))), 'node$1$p$0$1': Const('node2', EnumeratedSort('node', ('node0', 'node1', 'node2'))), 'node$0$q$0$0': Const('node1', EnumeratedSort('node', ('node0', 'node1', 'node2'))), 'node$0$q$0$1': Const('node2', EnumeratedSort('node', ('node0', 'node1', 'node2')))}


---------- ArgPartition ----------

sort2class_sigs: {EnumeratedSort('node', ('node0', 'node1', 'node2')): [node$0$q$0$0, node$0$q$0$1; node$1$p$0$1, node$1$p$0$0]}

sort2part_sig: {EnumeratedSort('node', ('node0', 'node1', 'node2')): node$0$q$0$0 | node$0$q$0$1; node$1$p$0$1 | node$1$p$0$0}

part_sig: ('node$0$q$0$0 | node$0$q$0$1; node$1$p$0$1 | node$1$p$0$0',)


---------- QPrime ----------


---------- ConstArgBinding ----------

terms: ['~p(node0)', '~p(node2)', 'q(node0)', 'q(node2)']

sign_func_name2args: {'1$p': [(Const('node0', EnumeratedSort('node', ('node0', 'node1', 'node2'))),), (Const('node2', EnumeratedSort('node', ('node0', 'node1', 'node2'))),)], '0$q': [(Const('node0', EnumeratedSort('node', ('node0', 'node1', 'node2'))),), (Const('node2', EnumeratedSort('node', ('node0', 'node1', 'node2'))),)]}

const2sigs: {Const('node0', EnumeratedSort('node', ('node0', 'node1', 'node2'))): [node$1$p$0$0, node$0$q$0$0], Const('node2', EnumeratedSort('node', ('node0', 'node1', 'node2'))): [node$1$p$0$1, node$0$q$0$1]}

sig2const: {'node$1$p$0$0': Const('node0', EnumeratedSort('node', ('node0', 'node1', 'node2'))), 'node$1$p$0$1': Const('node2', EnumeratedSort('node', ('node0', 'node1', 'node2'))), 'node$0$q$0$0': Const('node0', EnumeratedSort('node', ('node0', 'node1', 'node2'))), 'node$0$q$0$1': Const('node2', EnumeratedSort('node', ('node0', 'node1', 'node2')))}


---------- ArgPartition ----------

sort2class_sigs: {EnumeratedSort('node', ('node0', 'node1', 'node2')): [node$0$q$0$0; node$1$p$0$0, node$0$q$0$1; node$1$p$0$1]}

sort2part_sig: {EnumeratedSort('node', ('node0', 'node1', 'node2')): node$0$q$0$0; node$1$p$0$0 | node$0$q$0$1; node$1$p$0$1}

part_sig: ('node$0$q$0$0; node$1$p$0$0 | node$0$q$0$1; node$1$p$0$1',)


---------- SigGenerator ----------

terms:  ['~p(node0)', '~p(node2)', 'q(node1)', 'q(node2)']

func_name2symbol:  {'p': Const('p', FunctionSort(EnumeratedSort('node', ('node0', 'node1', 'node2')), BooleanSort())), 'q': Const('q', FunctionSort(EnumeratedSort('node', ('node0', 'node1', 'node2')), BooleanSort()))}

func_name2args_sort:  {'p': (EnumeratedSort('node', ('node0', 'node1', 'node2')),), 'q': (EnumeratedSort('node', ('node0', 'node1', 'node2')),)}

sign_func_name2count:  {'1$p': 2, '0$q': 2}


---------- ProductArgPartition ----------

sort2class_sigs: {EnumeratedSort('node', ('node0', 'node1', 'node2')): [node$0$q$0$0, node$0$q$0$1; node$1$p$0$1, node$1$p$0$0]}

sort2part_sig: {EnumeratedSort('node', ('node0', 'node1', 'node2')): node$0$q$0$0 | node$0$q$0$1; node$1$p$0$1 | node$1$p$0$0}

	sort: node

	identical_classes: {'node$0$q$0': [node$0$q$0$0], 'node$0$q$0; node$1$p$0': [node$0$q$0$1; node$1$p$0$1], 'node$1$p$0': [node$1$p$0$0]}

	identical_single_classes: {'node$0$q$0': node$0$q$0$0, 'node$0$q$0; node$1$p$0': node$0$q$0$1; node$1$p$0$1, 'node$1$p$0': node$1$p$0$0}

	identical_multi_classes: {}


---------- QInference: _set_sort_to_quantifier_mode ----------

quantifier mode: node: QuantifierMode.forall


---------- QInference: _set_constraint_mode ----------

constraint mode: ConstraintMode.merge


---------- QFormula: _set_qvars ----------

forall_qvars: {Var('NODE1', EnumeratedSort('node', ('node0', 'node1', 'node2'))), Var('NODE0', EnumeratedSort('node', ('node0', 'node1', 'node2'))), Var('NODE2', EnumeratedSort('node', ('node0', 'node1', 'node2')))}

exists_qvars: set()


---------- QFormula: _set_signed_func_name_to_args ----------

signed_func_name2args: {'1$p': [[Var('NODE2', EnumeratedSort('node', ('node0', 'node1', 'node2')))], [Var('NODE1', EnumeratedSort('node', ('node0', 'node1', 'node2')))]], '0$q': [[Var('NODE0', EnumeratedSort('node', ('node0', 'node1', 'node2')))], [Var('NODE1', EnumeratedSort('node', ('node0', 'node1', 'node2')))]]}


---------- QFormula: _set_qterms ----------

qterms: ['~p(NODE2)', 'q(NODE1)', 'q(NODE0)', '~p(NODE1)']

use absent constraint


---------- QFormula: get_qclause ----------

qclause: forall NODE0,NODE2,NODE1. p(NODE2) | ~q(NODE1) | ~q(NODE0) | p(NODE1) | ((NODE0 = NODE1 & NODE0 ~= NODE2) | (NODE0 = NODE2 & NODE0 = NODE1))


=== Prime Orbit 3 =====================
size : 3
num_suborbits: 1
18 (*) : -1-000
18     : ['p(node1)', '~q(node0)', '~q(node1)', '~q(node2)']
19     : --1000
19     : ['p(node2)', '~q(node0)', '~q(node1)', '~q(node2)']
20     : 1--000
20     : ['p(node0)', '~q(node0)', '~q(node1)', '~q(node2)']
num_forall :   0
num_exists :   0
num_literals : 0
quantified form : None
qcost : 0




---------- QPrime ----------


---------- ConstArgBinding ----------

terms: ['p(node1)', '~q(node0)', '~q(node1)', '~q(node2)']

sign_func_name2args: {'0$p': [(Const('node1', EnumeratedSort('node', ('node0', 'node1', 'node2'))),)], '1$q': [(Const('node0', EnumeratedSort('node', ('node0', 'node1', 'node2'))),), (Const('node1', EnumeratedSort('node', ('node0', 'node1', 'node2'))),), (Const('node2', EnumeratedSort('node', ('node0', 'node1', 'node2'))),)]}

const2sigs: {Const('node1', EnumeratedSort('node', ('node0', 'node1', 'node2'))): [node$0$p$0$0, node$1$q$0$1], Const('node0', EnumeratedSort('node', ('node0', 'node1', 'node2'))): [node$1$q$0$0], Const('node2', EnumeratedSort('node', ('node0', 'node1', 'node2'))): [node$1$q$0$2]}

sig2const: {'node$0$p$0$0': Const('node1', EnumeratedSort('node', ('node0', 'node1', 'node2'))), 'node$1$q$0$0': Const('node0', EnumeratedSort('node', ('node0', 'node1', 'node2'))), 'node$1$q$0$1': Const('node1', EnumeratedSort('node', ('node0', 'node1', 'node2'))), 'node$1$q$0$2': Const('node2', EnumeratedSort('node', ('node0', 'node1', 'node2')))}


---------- ArgPartition ----------

sort2class_sigs: {EnumeratedSort('node', ('node0', 'node1', 'node2')): [node$0$p$0$0; node$1$q$0$1, node$1$q$0$0, node$1$q$0$2]}

sort2part_sig: {EnumeratedSort('node', ('node0', 'node1', 'node2')): node$0$p$0$0; node$1$q$0$1 | node$1$q$0$0 | node$1$q$0$2}

part_sig: ('node$0$p$0$0; node$1$q$0$1 | node$1$q$0$0 | node$1$q$0$2',)


---------- SigGenerator ----------

terms:  ['p(node1)', '~q(node0)', '~q(node1)', '~q(node2)']

func_name2symbol:  {'p': Const('p', FunctionSort(EnumeratedSort('node', ('node0', 'node1', 'node2')), BooleanSort())), 'q': Const('q', FunctionSort(EnumeratedSort('node', ('node0', 'node1', 'node2')), BooleanSort()))}

func_name2args_sort:  {'p': (EnumeratedSort('node', ('node0', 'node1', 'node2')),), 'q': (EnumeratedSort('node', ('node0', 'node1', 'node2')),)}

sign_func_name2count:  {'0$p': 1, '1$q': 3}


---------- ProductArgPartition ----------

sort2class_sigs: {EnumeratedSort('node', ('node0', 'node1', 'node2')): [node$0$p$0$0; node$1$q$0$1, node$1$q$0$0, node$1$q$0$2]}

sort2part_sig: {EnumeratedSort('node', ('node0', 'node1', 'node2')): node$0$p$0$0; node$1$q$0$1 | node$1$q$0$0 | node$1$q$0$2}

	sort: node

	identical_classes: {'node$0$p$0; node$1$q$0': [node$0$p$0$0; node$1$q$0$1], 'node$1$q$0': [node$1$q$0$0, node$1$q$0$2]}

	identical_single_classes: {'node$0$p$0; node$1$q$0': node$0$p$0$0; node$1$q$0$1}

	identical_multi_classes: {'node$1$q$0': [node$1$q$0$0, node$1$q$0$2]}


---------- QInference: _set_sort_to_quantifier_mode ----------

quantifier mode: node: QuantifierMode.forall_exists


---------- QInference: _set_constraint_mode ----------

constraint mode: ConstraintMode.no_merge


---------- QFormula: _set_qvars ----------

forall_qvars: {Var('NODE1', EnumeratedSort('node', ('node0', 'node1', 'node2')))}

exists_qvars: {Var('NODE0', EnumeratedSort('node', ('node0', 'node1', 'node2')))}


---------- QFormula: _set_signed_func_name_to_args ----------

signed_func_name2args: {'0$p': [[Var('NODE1', EnumeratedSort('node', ('node0', 'node1', 'node2')))]], '1$q': [[Var('NODE0', EnumeratedSort('node', ('node0', 'node1', 'node2')))], [Var('NODE1', EnumeratedSort('node', ('node0', 'node1', 'node2')))], [Var('NODE0', EnumeratedSort('node', ('node0', 'node1', 'node2')))]]}


---------- QFormula: _set_qterms ----------

qterms: ['p(NODE1)', '~q(NODE1)', '~q(NODE0)']


---------- QFormula: get_qclause ----------

qclause: forall NODE1. ~p(NODE1) | q(NODE1) | (exists NODE0. (q(NODE0) & NODE0 ~= NODE1))


=== Prime Orbit 4 =====================
size : 3
num_suborbits: 1
21 (*) : --0111
21     : ['q(node0)', 'q(node1)', 'q(node2)', '~p(node2)']
22     : -0-111
22     : ['q(node0)', 'q(node1)', 'q(node2)', '~p(node1)']
23     : 0--111
23     : ['q(node0)', 'q(node1)', 'q(node2)', '~p(node0)']
num_forall :   0
num_exists :   0
num_literals : 0
quantified form : None
qcost : 0




---------- QPrime ----------


---------- ConstArgBinding ----------

terms: ['~p(node2)', 'q(node0)', 'q(node1)', 'q(node2)']

sign_func_name2args: {'1$p': [(Const('node2', EnumeratedSort('node', ('node0', 'node1', 'node2'))),)], '0$q': [(Const('node0', EnumeratedSort('node', ('node0', 'node1', 'node2'))),), (Const('node1', EnumeratedSort('node', ('node0', 'node1', 'node2'))),), (Const('node2', EnumeratedSort('node', ('node0', 'node1', 'node2'))),)]}

const2sigs: {Const('node2', EnumeratedSort('node', ('node0', 'node1', 'node2'))): [node$1$p$0$0, node$0$q$0$2], Const('node0', EnumeratedSort('node', ('node0', 'node1', 'node2'))): [node$0$q$0$0], Const('node1', EnumeratedSort('node', ('node0', 'node1', 'node2'))): [node$0$q$0$1]}

sig2const: {'node$1$p$0$0': Const('node2', EnumeratedSort('node', ('node0', 'node1', 'node2'))), 'node$0$q$0$0': Const('node0', EnumeratedSort('node', ('node0', 'node1', 'node2'))), 'node$0$q$0$1': Const('node1', EnumeratedSort('node', ('node0', 'node1', 'node2'))), 'node$0$q$0$2': Const('node2', EnumeratedSort('node', ('node0', 'node1', 'node2')))}


---------- ArgPartition ----------

sort2class_sigs: {EnumeratedSort('node', ('node0', 'node1', 'node2')): [node$0$q$0$0, node$0$q$0$1, node$0$q$0$2; node$1$p$0$0]}

sort2part_sig: {EnumeratedSort('node', ('node0', 'node1', 'node2')): node$0$q$0$0 | node$0$q$0$1 | node$0$q$0$2; node$1$p$0$0}

part_sig: ('node$0$q$0$0 | node$0$q$0$1 | node$0$q$0$2; node$1$p$0$0',)


---------- SigGenerator ----------

terms:  ['~p(node2)', 'q(node0)', 'q(node1)', 'q(node2)']

func_name2symbol:  {'p': Const('p', FunctionSort(EnumeratedSort('node', ('node0', 'node1', 'node2')), BooleanSort())), 'q': Const('q', FunctionSort(EnumeratedSort('node', ('node0', 'node1', 'node2')), BooleanSort()))}

func_name2args_sort:  {'p': (EnumeratedSort('node', ('node0', 'node1', 'node2')),), 'q': (EnumeratedSort('node', ('node0', 'node1', 'node2')),)}

sign_func_name2count:  {'1$p': 1, '0$q': 3}


---------- ProductArgPartition ----------

sort2class_sigs: {EnumeratedSort('node', ('node0', 'node1', 'node2')): [node$0$q$0$0, node$0$q$0$1, node$0$q$0$2; node$1$p$0$0]}

sort2part_sig: {EnumeratedSort('node', ('node0', 'node1', 'node2')): node$0$q$0$0 | node$0$q$0$1 | node$0$q$0$2; node$1$p$0$0}

	sort: node

	identical_classes: {'node$0$q$0': [node$0$q$0$0, node$0$q$0$1], 'node$0$q$0; node$1$p$0': [node$0$q$0$2; node$1$p$0$0]}

	identical_single_classes: {'node$0$q$0; node$1$p$0': node$0$q$0$2; node$1$p$0$0}

	identical_multi_classes: {'node$0$q$0': [node$0$q$0$0, node$0$q$0$1]}


---------- QInference: _set_sort_to_quantifier_mode ----------

quantifier mode: node: QuantifierMode.forall_exists


---------- QInference: _set_constraint_mode ----------

constraint mode: ConstraintMode.no_merge


---------- QFormula: _set_qvars ----------

forall_qvars: {Var('NODE1', EnumeratedSort('node', ('node0', 'node1', 'node2')))}

exists_qvars: {Var('NODE0', EnumeratedSort('node', ('node0', 'node1', 'node2')))}


---------- QFormula: _set_signed_func_name_to_args ----------

signed_func_name2args: {'1$p': [[Var('NODE1', EnumeratedSort('node', ('node0', 'node1', 'node2')))]], '0$q': [[Var('NODE0', EnumeratedSort('node', ('node0', 'node1', 'node2')))], [Var('NODE0', EnumeratedSort('node', ('node0', 'node1', 'node2')))], [Var('NODE1', EnumeratedSort('node', ('node0', 'node1', 'node2')))]]}


---------- QFormula: _set_qterms ----------

qterms: ['q(NODE0)', 'q(NODE1)', '~p(NODE1)']


---------- QFormula: get_qclause ----------

qclause: forall NODE1. ~q(NODE1) | p(NODE1) | (exists NODE0. (~q(NODE0) & NODE0 ~= NODE1))


=== Prime Orbit 5 =====================
size : 3
num_suborbits: 1
27 (*) : 000-1-
27     : ['q(node1)', '~p(node0)', '~p(node1)', '~p(node2)']
28     : 000--1
28     : ['q(node2)', '~p(node0)', '~p(node1)', '~p(node2)']
29     : 0001--
29     : ['q(node0)', '~p(node0)', '~p(node1)', '~p(node2)']
num_forall :   0
num_exists :   0
num_literals : 0
quantified form : None
qcost : 0




---------- QPrime ----------


---------- ConstArgBinding ----------

terms: ['~p(node0)', '~p(node1)', '~p(node2)', 'q(node1)']

sign_func_name2args: {'1$p': [(Const('node0', EnumeratedSort('node', ('node0', 'node1', 'node2'))),), (Const('node1', EnumeratedSort('node', ('node0', 'node1', 'node2'))),), (Const('node2', EnumeratedSort('node', ('node0', 'node1', 'node2'))),)], '0$q': [(Const('node1', EnumeratedSort('node', ('node0', 'node1', 'node2'))),)]}

const2sigs: {Const('node0', EnumeratedSort('node', ('node0', 'node1', 'node2'))): [node$1$p$0$0], Const('node1', EnumeratedSort('node', ('node0', 'node1', 'node2'))): [node$1$p$0$1, node$0$q$0$0], Const('node2', EnumeratedSort('node', ('node0', 'node1', 'node2'))): [node$1$p$0$2]}

sig2const: {'node$1$p$0$0': Const('node0', EnumeratedSort('node', ('node0', 'node1', 'node2'))), 'node$1$p$0$1': Const('node1', EnumeratedSort('node', ('node0', 'node1', 'node2'))), 'node$1$p$0$2': Const('node2', EnumeratedSort('node', ('node0', 'node1', 'node2'))), 'node$0$q$0$0': Const('node1', EnumeratedSort('node', ('node0', 'node1', 'node2')))}


---------- ArgPartition ----------

sort2class_sigs: {EnumeratedSort('node', ('node0', 'node1', 'node2')): [node$0$q$0$0; node$1$p$0$1, node$1$p$0$0, node$1$p$0$2]}

sort2part_sig: {EnumeratedSort('node', ('node0', 'node1', 'node2')): node$0$q$0$0; node$1$p$0$1 | node$1$p$0$0 | node$1$p$0$2}

part_sig: ('node$0$q$0$0; node$1$p$0$1 | node$1$p$0$0 | node$1$p$0$2',)


---------- SigGenerator ----------

terms:  ['~p(node0)', '~p(node1)', '~p(node2)', 'q(node1)']

func_name2symbol:  {'p': Const('p', FunctionSort(EnumeratedSort('node', ('node0', 'node1', 'node2')), BooleanSort())), 'q': Const('q', FunctionSort(EnumeratedSort('node', ('node0', 'node1', 'node2')), BooleanSort()))}

func_name2args_sort:  {'p': (EnumeratedSort('node', ('node0', 'node1', 'node2')),), 'q': (EnumeratedSort('node', ('node0', 'node1', 'node2')),)}

sign_func_name2count:  {'1$p': 3, '0$q': 1}


---------- ProductArgPartition ----------

sort2class_sigs: {EnumeratedSort('node', ('node0', 'node1', 'node2')): [node$0$q$0$0; node$1$p$0$1, node$1$p$0$0, node$1$p$0$2]}

sort2part_sig: {EnumeratedSort('node', ('node0', 'node1', 'node2')): node$0$q$0$0; node$1$p$0$1 | node$1$p$0$0 | node$1$p$0$2}

	sort: node

	identical_classes: {'node$0$q$0; node$1$p$0': [node$0$q$0$0; node$1$p$0$1], 'node$1$p$0': [node$1$p$0$0, node$1$p$0$2]}

	identical_single_classes: {'node$0$q$0; node$1$p$0': node$0$q$0$0; node$1$p$0$1}

	identical_multi_classes: {'node$1$p$0': [node$1$p$0$0, node$1$p$0$2]}


---------- QInference: _set_sort_to_quantifier_mode ----------

quantifier mode: node: QuantifierMode.forall_exists


---------- QInference: _set_constraint_mode ----------

constraint mode: ConstraintMode.no_merge


---------- QFormula: _set_qvars ----------

forall_qvars: {Var('NODE1', EnumeratedSort('node', ('node0', 'node1', 'node2')))}

exists_qvars: {Var('NODE0', EnumeratedSort('node', ('node0', 'node1', 'node2')))}


---------- QFormula: _set_signed_func_name_to_args ----------

signed_func_name2args: {'1$p': [[Var('NODE0', EnumeratedSort('node', ('node0', 'node1', 'node2')))], [Var('NODE1', EnumeratedSort('node', ('node0', 'node1', 'node2')))], [Var('NODE0', EnumeratedSort('node', ('node0', 'node1', 'node2')))]], '0$q': [[Var('NODE1', EnumeratedSort('node', ('node0', 'node1', 'node2')))]]}


---------- QFormula: _set_qterms ----------

qterms: ['~p(NODE0)', 'q(NODE1)', '~p(NODE1)']


---------- QFormula: get_qclause ----------

qclause: forall NODE1. ~q(NODE1) | p(NODE1) | (exists NODE0. (p(NODE0) & NODE0 ~= NODE1))


=======================================================================================================

	[QI RESULT]: Quantified Prime Orbits on [ivybench/sym/ivy/McMillan_Example2.ivy: node=3]

=======================================================================================================


=== Prime Orbit 0 =====================
size : 9
num_suborbits: 2
0  (*): ['p(node0)', 'p(node1)', '~q(node0)', '~q(node1)']
1     : ['p(node0)', 'p(node2)', '~q(node0)', '~q(node2)']
2     : ['p(node1)', 'p(node2)', '~q(node1)', '~q(node2)']
3  (*): ['p(node0)', 'p(node2)', '~q(node0)', '~q(node1)']
4     : ['p(node0)', 'p(node1)', '~q(node0)', '~q(node2)']
5     : ['p(node1)', 'p(node2)', '~q(node0)', '~q(node1)']
6     : ['p(node0)', 'p(node1)', '~q(node1)', '~q(node2)']
7     : ['p(node1)', 'p(node2)', '~q(node0)', '~q(node2)']
8     : ['p(node0)', 'p(node2)', '~q(node1)', '~q(node2)']
quantified form : forall NODE0,NODE2,NODE1. 
 ~p(NODE0) | ~p(NODE1) | q(NODE0) | q(NODE2) | 
(NODE0 = NODE1) | (NODE0 = NODE2)


opposite: exists NODE0,NODE2,NODE1. p(NODE1) & ~q(NODE0) & p(NODE0) & ~q(NODE2) & 
(NODE0 ~= NODE1 | NODE0 = NODE2) & (NODE0 ~= NODE1 | NODE0 ~= NODE2)
qcost : 9




=== Prime Orbit 1 =====================
size : 3
num_suborbits: 1
9 (*) : 111-0-
9     : ['p(node0)', 'p(node1)', 'p(node2)', '~q(node1)']
10     : 111--0
10     : ['p(node0)', 'p(node1)', 'p(node2)', '~q(node2)']
11     : 1110--
11     : ['p(node0)', 'p(node1)', 'p(node2)', '~q(node0)']
num_forall :   1
num_exists :   1
num_literals : 4
quantified form : forall NODE1. ~p(NODE1) | q(NODE1) | (exists NODE0. (~p(NODE0) & NODE0 ~= NODE1))
qcost : 6




=== Prime Orbit 2 =====================
size : 9
num_suborbits: 2
12 (*) : 0-0-11
12     : ['q(node1)', 'q(node2)', '~p(node0)', '~p(node2)']
13     : 00--11
13     : ['q(node1)', 'q(node2)', '~p(node0)', '~p(node1)']
14     : -001-1
14     : ['q(node0)', 'q(node2)', '~p(node1)', '~p(node2)']
15     : 00-1-1
15     : ['q(node0)', 'q(node2)', '~p(node0)', '~p(node1)']
16     : -0011-
16     : ['q(node0)', 'q(node1)', '~p(node1)', '~p(node2)']
17     : 0-011-
17     : ['q(node0)', 'q(node1)', '~p(node0)', '~p(node2)']
24 (*) : 0-01-1
24     : ['q(node0)', 'q(node2)', '~p(node0)', '~p(node2)']
25     : 00-11-
25     : ['q(node0)', 'q(node1)', '~p(node0)', '~p(node1)']
26     : -00-11
26     : ['q(node1)', 'q(node2)', '~p(node1)', '~p(node2)']
num_forall :   3
num_exists :   0
num_literals : 8
quantified form : forall NODE0,NODE2,NODE1. p(NODE2) | ~q(NODE1) | ~q(NODE0) | p(NODE1) | ((NODE0 = NODE1 & NODE0 ~= NODE2) | (NODE0 = NODE2 & NODE0 = NODE1))
qcost : 11




=== Prime Orbit 3 =====================
size : 3
num_suborbits: 1
18 (*) : -1-000
18     : ['p(node1)', '~q(node0)', '~q(node1)', '~q(node2)']
19     : --1000
19     : ['p(node2)', '~q(node0)', '~q(node1)', '~q(node2)']
20     : 1--000
20     : ['p(node0)', '~q(node0)', '~q(node1)', '~q(node2)']
num_forall :   1
num_exists :   1
num_literals : 4
quantified form : forall NODE1. ~p(NODE1) | q(NODE1) | (exists NODE0. (q(NODE0) & NODE0 ~= NODE1))
qcost : 6




=== Prime Orbit 4 =====================
size : 3
num_suborbits: 1
21 (*) : --0111
21     : ['q(node0)', 'q(node1)', 'q(node2)', '~p(node2)']
22     : -0-111
22     : ['q(node0)', 'q(node1)', 'q(node2)', '~p(node1)']
23     : 0--111
23     : ['q(node0)', 'q(node1)', 'q(node2)', '~p(node0)']
num_forall :   1
num_exists :   1
num_literals : 4
quantified form : forall NODE1. ~q(NODE1) | p(NODE1) | (exists NODE0. (~q(NODE0) & NODE0 ~= NODE1))
qcost : 6




=== Prime Orbit 5 =====================
size : 3
num_suborbits: 1
27 (*) : 000-1-
27     : ['q(node1)', '~p(node0)', '~p(node1)', '~p(node2)']
28     : 000--1
28     : ['q(node2)', '~p(node0)', '~p(node1)', '~p(node2)']
29     : 0001--
29     : ['q(node0)', '~p(node0)', '~p(node1)', '~p(node2)']
num_forall :   1
num_exists :   1
num_literals : 4
quantified form : forall NODE1. ~q(NODE1) | p(NODE1) | (exists NODE0. (p(NODE0) & NODE0 ~= NODE1))
qcost : 6



[QRM NOTE]: Time elapsed since start: 6.253 seconds

[QRM NOTE]: Time elapsed since last: 0.294 seconds

[QRM NOTE]: Peak memory: 620942 bytes


======================================================================================

	[MIN]: Minimization on [ivybench/sym/ivy/McMillan_Example2.ivy: node=3]

======================================================================================


New level: 1
 pending : []
 solution : [0, 1, 2, 3, 4, 5]


Before reduction : 
 pending  : []
 solution : [0, 1, 2, 3, 4, 5]

Essensial at level 1 : set()

Before removed
 coverage : [(0, -1), (1, -1), (2, -1), (3, -1), (4, -1), (5, -1)]

After removed
 coverage : [(0, -1), (1, -1), (2, -1), (3, -1), (4, -1), (5, -1)]

Covered at level 1 : set()

After reduction : 
 pending  : []
 solution : [0, 1, 2, 3, 4, 5]


Solution : [0, 1, 2, 3, 4, 5] has cost 44.


Before backtrack at level 1
 pending : []
 solution : [0, 1, 2, 3, 4, 5]

After backtrack at level 1
 pending : []
 solution : [0, 1, 2, 3, 4, 5]


=====================================================================================================

	[MIN RESULT]: Minimized Invariants on [ivybench/sym/ivy/McMillan_Example2.ivy: node=3]

=====================================================================================================

[MIN NOTE]: number of minimal solution found: 1

[MIN NOTE]: upper bound: 44

[MIN NOTE]: maximum branch and bound depth: 1

[MIN NOTE]: number of definitions: 0

[MIN NOTE]: number of equality relations: 0

[MIN NOTE]: Solution 0 : [0, 1, 2, 3, 4, 5]

[MIN NOTE]: solution length: 6

invariant [invar_0] forall NODE0,NODE2,NODE1. ~p(NODE1) | q(NODE0) | ~p(NODE0) | q(NODE2) | (NODE0 = NODE1 & NODE0 ~= NODE2) # qcost: 9

invariant [invar_1] forall NODE1. ~p(NODE1) | q(NODE1) | (exists NODE0. (~p(NODE0) & NODE0 ~= NODE1)) # qcost: 6

invariant [invar_2] forall NODE0,NODE2,NODE1. p(NODE2) | ~q(NODE1) | ~q(NODE0) | p(NODE1) | ((NODE0 = NODE1 & NODE0 ~= NODE2) | (NODE0 = NODE2 & NODE0 = NODE1)) # qcost: 11

invariant [invar_3] forall NODE1. ~p(NODE1) | q(NODE1) | (exists NODE0. (q(NODE0) & NODE0 ~= NODE1)) # qcost: 6

invariant [invar_4] forall NODE1. ~q(NODE1) | p(NODE1) | (exists NODE0. (~q(NODE0) & NODE0 ~= NODE1)) # qcost: 6

invariant [invar_5] forall NODE1. ~q(NODE1) | p(NODE1) | (exists NODE0. (p(NODE0) & NODE0 ~= NODE1)) # qcost: 6

[MIN NOTE]: number of total invariants: 6

[MIN NOTE]: total qCost: 44




[QRM NOTE]: Time elapsed since start: 6.276 seconds

[QRM NOTE]: Time elapsed since last: 0.023 seconds

[QRM NOTE]: Peak memory: 600423 bytes


******************************************************************************************************

	[Reachability Convergence Check]: [ivybench/sym/ivy/McMillan_Example2.ivy: node=3]

******************************************************************************************************

python3 qrm.py ivybench/sym/ivy/McMillan_Example2.node_3.0.ivy -s node=4 -f 2 -g -w -r -v 5 -l ivybench/sym/ivy/McMillan_Example2.log


---------- Parsing Ivy ----------


Printing isolate this:

OK


---------- Initializing reachability from file ----------

Reachability successfully initialized


==================================================================================================================================

	[REACH_CHECK]: Reachability Convergence Check for Rmin on [ivybench/sym/ivy/McMillan_Example2.node_3.0.ivy: node=4]

==================================================================================================================================

Representatitive states in reachability not in Rmin

0x12

0x7b

0x3c

0x35

[REACH_CHECK RESULT]: FAIL

[QRM NOTE]: Time elapsed since start: 0.299 seconds

[QRM NOTE]: Time elapsed since last: 0.299 seconds

[QRM NOTE]: Peak memory: 254065 bytes

No Convergence

next size: node=4


***************************************************************************************

	[Synthesize Rmin]: [ivybench/sym/ivy/McMillan_Example2.ivy: node=4]

***************************************************************************************

python3 qrm.py ivybench/sym/ivy/McMillan_Example2.ivy -s node=4 -f 1 -g -w -v 5 -l ivybench/sym/ivy/McMillan_Example2.log


---------- Parsing Ivy ----------


Printing isolate this:

OK


=============================================================================================

	[FW]: Forward Reachability on [ivybench/sym/ivy/McMillan_Example2.ivy: node=4]

=============================================================================================


==============================================

	Set up for forward reachability

==============================================

[FW NOTE]: number of state atoms: 8

[FW NOTE]: number of interpreted atoms (e.g. member,le): 0

[FW NOTE]: symmetric group order: 24

[FW NOTE]: number of branching actions: 32

ivy_to_cpp target=qrm McMillan_Example2.node_4.finite.ivy

[IVY_TO_CPP RESULT]: OK

swig -c++ -python -o McMillan_Example2.node_4.finite_wrap.cpp ivy_exec.i

[SWIG RESULT]: OK

g++ -std=c++11 -fpic -pthread -O3 McMillan_Example2.node_4.finite.cpp McMillan_Example2.node_4.finite_wrap.cpp -I/usr/include/python3.12 -c

[G++ RESULT]: OK

g++ -shared McMillan_Example2.node_4.finite.o McMillan_Example2.node_4.finite_wrap.o -o _ivy_exec.so -lm -lstdc++

[LINK RESULT]: OK

[QRM NOTE]: Time elapsed since start: 5.958 seconds

[QRM NOTE]: Time elapsed since last: 5.958 seconds

[QRM NOTE]: Peak memory: 667615 bytes


===================================

	Forward reachability

===================================


---------- level 0 ----------

00000000


---------- level 1 ----------

10001000


---------- level 2 ----------

11001100


---------- level 3 ----------

11101110


---------- level 4 ----------

11111111


---------- level 5 ----------

01111011


---------- level 6 ----------

00111001


---------- level 7 ----------

00011000


---------- level 8 ----------

01011010

[FW NOTE]: dfs max depth: 8

[FW NOTE]: number of total reachable states:        70

[FW NOTE]: number of dfs representative states:     9

[FW NOTE]: number of dfs non-representative states: 61


====================================================================================================

	[FW RESULT]: Forward Reachability on [ivybench/sym/ivy/McMillan_Example2.ivy: node=4]

====================================================================================================

sort: node=['node0', 'node1', 'node2', 'node3']
predicate: q('node',)
predicate: p('node',)
interpreted atoms: {}
state atoms: ['p(node0)', 'p(node1)', 'p(node2)', 'p(node3)', 'q(node0)', 'q(node1)', 'q(node2)', 'q(node3)']
representative states : 0, 17, 51, 119, 255, 123, 53, 18, 60


=== State Orbit 0 =====================
size : 1
repr state: 00000000
lex min decimal: 0x0
states:
00000000




=== State Orbit 1 =====================
size : 4
repr state: 10001000
lex min decimal: 0x11
states:
10001000
00100010
00010001
01000100




=== State Orbit 2 =====================
size : 6
repr state: 11001100
lex min decimal: 0x33
states:
01100110
11001100
10101010
00110011
10011001
01010101




=== State Orbit 3 =====================
size : 4
repr state: 11101110
lex min decimal: 0x77
states:
11101110
01110111
10111011
11011101




=== State Orbit 4 =====================
size : 1
repr state: 11111111
lex min decimal: 0xff
states:
11111111




=== State Orbit 5 =====================
size : 12
repr state: 01111011
lex min decimal: 0x7b
states:
11101101
11011011
11100111
11010111
01111101
01111011
01111110
11011110
11101011
10111101
10111110
10110111




=== State Orbit 6 =====================
size : 24
repr state: 00111001
lex min decimal: 0x35
states:
01100101
00111010
10100110
10101001
00110101
01010011
01011100
11001010
01101010
11001001
10011010
10100011
00111001
10011100
10010011
10101100
10010101
01101100
11000110
00110110
11000101
01100011
01010110
01011001




=== State Orbit 7 =====================
size : 12
repr state: 00011000
lex min decimal: 0x12
states:
01001000
00010100
00010010
01000010
10000001
10000010
00101000
00100001
00100100
00011000
10000100
01000001




=== State Orbit 8 =====================
size : 6
repr state: 01011010
lex min decimal: 0x3c
states:
01011010
11000011
00111100
01101001
10100101
10010110



[QRM NOTE]: Time elapsed since start: 6.029 seconds

[QRM NOTE]: Time elapsed since last: 0.071 seconds

[QRM NOTE]: Peak memory: 204063 bytes


======================================

	Reduce Equivalent Atoms

======================================

[FW NOTE]: equivalent atoms

[FW NOTE]: complement atoms

[FW NOTE]: remove_atom_ids: set()

[QRM NOTE]: Time elapsed since start: 6.035 seconds

[QRM NOTE]: Time elapsed since last: 0.006 seconds

[QRM NOTE]: Peak memory: 207706 bytes


====================================================================================================

	[PRIME]: Prime Orbit Generatation on [ivybench/sym/ivy/McMillan_Example2.ivy: node=4]

====================================================================================================


===============================================================================================

	[PRIME RESULT]: Prime Orbits on [ivybench/sym/ivy/McMillan_Example2.ivy: node=4]

===============================================================================================


=== Prime Orbit 0 =====================
size : 24
num_suborbits: 2
0 (*) : -00-1-11
0     : ['q(node0)', 'q(node2)', 'q(node3)', '~p(node1)', '~p(node2)']
1     : -0-01-11
1     : ['q(node0)', 'q(node2)', 'q(node3)', '~p(node1)', '~p(node3)']
2     : -00-11-1
2     : ['q(node0)', 'q(node1)', 'q(node3)', '~p(node1)', '~p(node2)']
3     : --0011-1
3     : ['q(node0)', 'q(node1)', 'q(node3)', '~p(node2)', '~p(node3)']
4     : -0-0111-
4     : ['q(node0)', 'q(node1)', 'q(node2)', '~p(node1)', '~p(node3)']
5     : --00111-
5     : ['q(node0)', 'q(node1)', 'q(node2)', '~p(node2)', '~p(node3)']
6     : 0-0--111
6     : ['q(node1)', 'q(node2)', 'q(node3)', '~p(node0)', '~p(node2)']
7     : 0--0-111
7     : ['q(node1)', 'q(node2)', 'q(node3)', '~p(node0)', '~p(node3)']
8     : 0-0-11-1
8     : ['q(node0)', 'q(node1)', 'q(node3)', '~p(node0)', '~p(node2)']
9     : 0--0111-
9     : ['q(node0)', 'q(node1)', 'q(node2)', '~p(node0)', '~p(node3)']
10     : 00---111
10     : ['q(node1)', 'q(node2)', 'q(node3)', '~p(node0)', '~p(node1)']
11     : 00--1-11
11     : ['q(node0)', 'q(node2)', 'q(node3)', '~p(node0)', '~p(node1)']
40 (*) : 0-0-1-11
40     : ['q(node0)', 'q(node2)', 'q(node3)', '~p(node0)', '~p(node2)']
41     : 0--01-11
41     : ['q(node0)', 'q(node2)', 'q(node3)', '~p(node0)', '~p(node3)']
42     : 00--11-1
42     : ['q(node0)', 'q(node1)', 'q(node3)', '~p(node0)', '~p(node1)']
43     : 0--011-1
43     : ['q(node0)', 'q(node1)', 'q(node3)', '~p(node0)', '~p(node3)']
44     : 00--111-
44     : ['q(node0)', 'q(node1)', 'q(node2)', '~p(node0)', '~p(node1)']
45     : 0-0-111-
45     : ['q(node0)', 'q(node1)', 'q(node2)', '~p(node0)', '~p(node2)']
46     : -00--111
46     : ['q(node1)', 'q(node2)', 'q(node3)', '~p(node1)', '~p(node2)']
47     : -0-0-111
47     : ['q(node1)', 'q(node2)', 'q(node3)', '~p(node1)', '~p(node3)']
48     : -0-011-1
48     : ['q(node0)', 'q(node1)', 'q(node3)', '~p(node1)', '~p(node3)']
49     : -00-111-
49     : ['q(node0)', 'q(node1)', 'q(node2)', '~p(node1)', '~p(node2)']
50     : --00-111
50     : ['q(node1)', 'q(node2)', 'q(node3)', '~p(node2)', '~p(node3)']
51     : --001-11
51     : ['q(node0)', 'q(node2)', 'q(node3)', '~p(node2)', '~p(node3)']
num_forall :   0
num_exists :   0
num_literals : 0
quantified form : None
qcost : 0


=== Prime Orbit 1 =====================
size : 24
num_suborbits: 2
12 (*) : -0001-1-
12     : ['q(node0)', 'q(node2)', '~p(node1)', '~p(node2)', '~p(node3)']
13     : -0001--1
13     : ['q(node0)', 'q(node3)', '~p(node1)', '~p(node2)', '~p(node3)']
14     : -00011--
14     : ['q(node0)', 'q(node1)', '~p(node1)', '~p(node2)', '~p(node3)']
15     : 0-00-11-
15     : ['q(node1)', 'q(node2)', '~p(node0)', '~p(node2)', '~p(node3)']
16     : 0-00-1-1
16     : ['q(node1)', 'q(node3)', '~p(node0)', '~p(node2)', '~p(node3)']
17     : 0-0011--
17     : ['q(node0)', 'q(node1)', '~p(node0)', '~p(node2)', '~p(node3)']
18     : 00-0-11-
18     : ['q(node1)', 'q(node2)', '~p(node0)', '~p(node1)', '~p(node3)']
19     : 00-0--11
19     : ['q(node2)', 'q(node3)', '~p(node0)', '~p(node1)', '~p(node3)']
20     : 00-01-1-
20     : ['q(node0)', 'q(node2)', '~p(node0)', '~p(node1)', '~p(node3)']
21     : 000--1-1
21     : ['q(node1)', 'q(node3)', '~p(node0)', '~p(node1)', '~p(node2)']
22     : 000---11
22     : ['q(node2)', 'q(node3)', '~p(node0)', '~p(node1)', '~p(node2)']
23     : 000-1--1
23     : ['q(node0)', 'q(node3)', '~p(node0)', '~p(node1)', '~p(node2)']
28 (*) : 000-1-1-
28     : ['q(node0)', 'q(node2)', '~p(node0)', '~p(node1)', '~p(node2)']
29     : 00-01--1
29     : ['q(node0)', 'q(node3)', '~p(node0)', '~p(node1)', '~p(node3)']
30     : 000-11--
30     : ['q(node0)', 'q(node1)', '~p(node0)', '~p(node1)', '~p(node2)']
31     : 0-001--1
31     : ['q(node0)', 'q(node3)', '~p(node0)', '~p(node2)', '~p(node3)']
32     : 00-011--
32     : ['q(node0)', 'q(node1)', '~p(node0)', '~p(node1)', '~p(node3)']
33     : 0-001-1-
33     : ['q(node0)', 'q(node2)', '~p(node0)', '~p(node2)', '~p(node3)']
34     : 000--11-
34     : ['q(node1)', 'q(node2)', '~p(node0)', '~p(node1)', '~p(node2)']
35     : 00-0-1-1
35     : ['q(node1)', 'q(node3)', '~p(node0)', '~p(node1)', '~p(node3)']
36     : -000-1-1
36     : ['q(node1)', 'q(node3)', '~p(node1)', '~p(node2)', '~p(node3)']
37     : -000-11-
37     : ['q(node1)', 'q(node2)', '~p(node1)', '~p(node2)', '~p(node3)']
38     : 0-00--11
38     : ['q(node2)', 'q(node3)', '~p(node0)', '~p(node2)', '~p(node3)']
39     : -000--11
39     : ['q(node2)', 'q(node3)', '~p(node1)', '~p(node2)', '~p(node3)']
num_forall :   0
num_exists :   0
num_literals : 0
quantified form : None
qcost : 0


=== Prime Orbit 2 =====================
size : 4
num_suborbits: 1
24 (*) : 00001---
24     : ['q(node0)', '~p(node0)', '~p(node1)', '~p(node2)', '~p(node3)']
25     : 0000-1--
25     : ['q(node1)', '~p(node0)', '~p(node1)', '~p(node2)', '~p(node3)']
26     : 0000--1-
26     : ['q(node2)', '~p(node0)', '~p(node1)', '~p(node2)', '~p(node3)']
27     : 0000---1
27     : ['q(node3)', '~p(node0)', '~p(node1)', '~p(node2)', '~p(node3)']
num_forall :   0
num_exists :   0
num_literals : 0
quantified form : None
qcost : 0


=== Prime Orbit 3 =====================
size : 4
num_suborbits: 1
52 (*) : 1111-0--
52     : ['p(node0)', 'p(node1)', 'p(node2)', 'p(node3)', '~q(node1)']
53     : 1111--0-
53     : ['p(node0)', 'p(node1)', 'p(node2)', 'p(node3)', '~q(node2)']
54     : 1111---0
54     : ['p(node0)', 'p(node1)', 'p(node2)', 'p(node3)', '~q(node3)']
55     : 11110---
55     : ['p(node0)', 'p(node1)', 'p(node2)', 'p(node3)', '~q(node0)']
num_forall :   0
num_exists :   0
num_literals : 0
quantified form : None
qcost : 0


=== Prime Orbit 4 =====================
size : 24
num_suborbits: 2
56 (*) : 111-00--
56     : ['p(node0)', 'p(node1)', 'p(node2)', '~q(node0)', '~q(node1)']
57     : 11-100--
57     : ['p(node0)', 'p(node1)', 'p(node3)', '~q(node0)', '~q(node1)']
58     : 111-0-0-
58     : ['p(node0)', 'p(node1)', 'p(node2)', '~q(node0)', '~q(node2)']
59     : 1-110-0-
59     : ['p(node0)', 'p(node2)', 'p(node3)', '~q(node0)', '~q(node2)']
60     : 11-10--0
60     : ['p(node0)', 'p(node1)', 'p(node3)', '~q(node0)', '~q(node3)']
61     : 1-110--0
61     : ['p(node0)', 'p(node2)', 'p(node3)', '~q(node0)', '~q(node3)']
62     : 111--00-
62     : ['p(node0)', 'p(node1)', 'p(node2)', '~q(node1)', '~q(node2)']
63     : -111-00-
63     : ['p(node1)', 'p(node2)', 'p(node3)', '~q(node1)', '~q(node2)']
64     : 11-1-0-0
64     : ['p(node0)', 'p(node1)', 'p(node3)', '~q(node1)', '~q(node3)']
65     : -111-0-0
65     : ['p(node1)', 'p(node2)', 'p(node3)', '~q(node1)', '~q(node3)']
66     : 1-11--00
66     : ['p(node0)', 'p(node2)', 'p(node3)', '~q(node2)', '~q(node3)']
67     : -111--00
67     : ['p(node1)', 'p(node2)', 'p(node3)', '~q(node2)', '~q(node3)']
68 (*) : 1-1100--
68     : ['p(node0)', 'p(node2)', 'p(node3)', '~q(node0)', '~q(node1)']
69     : 11-10-0-
69     : ['p(node0)', 'p(node1)', 'p(node3)', '~q(node0)', '~q(node2)']
70     : 111-0--0
70     : ['p(node0)', 'p(node1)', 'p(node2)', '~q(node0)', '~q(node3)']
71     : -11100--
71     : ['p(node1)', 'p(node2)', 'p(node3)', '~q(node0)', '~q(node1)']
72     : 11-1-00-
72     : ['p(node0)', 'p(node1)', 'p(node3)', '~q(node1)', '~q(node2)']
73     : 111--0-0
73     : ['p(node0)', 'p(node1)', 'p(node2)', '~q(node1)', '~q(node3)']
74     : -1110-0-
74     : ['p(node1)', 'p(node2)', 'p(node3)', '~q(node0)', '~q(node2)']
75     : 1-11-00-
75     : ['p(node0)', 'p(node2)', 'p(node3)', '~q(node1)', '~q(node2)']
76     : 111---00
76     : ['p(node0)', 'p(node1)', 'p(node2)', '~q(node2)', '~q(node3)']
77     : -1110--0
77     : ['p(node1)', 'p(node2)', 'p(node3)', '~q(node0)', '~q(node3)']
78     : 1-11-0-0
78     : ['p(node0)', 'p(node2)', 'p(node3)', '~q(node1)', '~q(node3)']
79     : 11-1--00
79     : ['p(node0)', 'p(node1)', 'p(node3)', '~q(node2)', '~q(node3)']
num_forall :   0
num_exists :   0
num_literals : 0
quantified form : None
qcost : 0


=== Prime Orbit 5 =====================
size : 4
num_suborbits: 1
80 (*) : -0--1111
80     : ['q(node0)', 'q(node1)', 'q(node2)', 'q(node3)', '~p(node1)']
81     : --0-1111
81     : ['q(node0)', 'q(node1)', 'q(node2)', 'q(node3)', '~p(node2)']
82     : ---01111
82     : ['q(node0)', 'q(node1)', 'q(node2)', 'q(node3)', '~p(node3)']
83     : 0---1111
83     : ['q(node0)', 'q(node1)', 'q(node2)', 'q(node3)', '~p(node0)']
num_forall :   0
num_exists :   0
num_literals : 0
quantified form : None
qcost : 0


=== Prime Orbit 6 =====================
size : 24
num_suborbits: 2
84 (*) : 1-1-000-
84     : ['p(node0)', 'p(node2)', '~q(node0)', '~q(node1)', '~q(node2)']
85     : 1--100-0
85     : ['p(node0)', 'p(node3)', '~q(node0)', '~q(node1)', '~q(node3)']
86     : 11--000-
86     : ['p(node0)', 'p(node1)', '~q(node0)', '~q(node1)', '~q(node2)']
87     : 1--10-00
87     : ['p(node0)', 'p(node3)', '~q(node0)', '~q(node2)', '~q(node3)']
88     : 11--00-0
88     : ['p(node0)', 'p(node1)', '~q(node0)', '~q(node1)', '~q(node3)']
89     : 1-1-0-00
89     : ['p(node0)', 'p(node2)', '~q(node0)', '~q(node2)', '~q(node3)']
90     : -11-000-
90     : ['p(node1)', 'p(node2)', '~q(node0)', '~q(node1)', '~q(node2)']
91     : -1-100-0
91     : ['p(node1)', 'p(node3)', '~q(node0)', '~q(node1)', '~q(node3)']
92     : -1-1-000
92     : ['p(node1)', 'p(node3)', '~q(node1)', '~q(node2)', '~q(node3)']
93     : -11--000
93     : ['p(node1)', 'p(node2)', '~q(node1)', '~q(node2)', '~q(node3)']
94     : --110-00
94     : ['p(node2)', 'p(node3)', '~q(node0)', '~q(node2)', '~q(node3)']
95     : --11-000
95     : ['p(node2)', 'p(node3)', '~q(node1)', '~q(node2)', '~q(node3)']
96 (*) : 1--1000-
96     : ['p(node0)', 'p(node3)', '~q(node0)', '~q(node1)', '~q(node2)']
97     : 1-1-00-0
97     : ['p(node0)', 'p(node2)', '~q(node0)', '~q(node1)', '~q(node3)']
98     : 11--0-00
98     : ['p(node0)', 'p(node1)', '~q(node0)', '~q(node2)', '~q(node3)']
99     : -1-1000-
99     : ['p(node1)', 'p(node3)', '~q(node0)', '~q(node1)', '~q(node2)']
100     : -11-00-0
100     : ['p(node1)', 'p(node2)', '~q(node0)', '~q(node1)', '~q(node3)']
101     : 11---000
101     : ['p(node0)', 'p(node1)', '~q(node1)', '~q(node2)', '~q(node3)']
102     : --11000-
102     : ['p(node2)', 'p(node3)', '~q(node0)', '~q(node1)', '~q(node2)']
103     : -11-0-00
103     : ['p(node1)', 'p(node2)', '~q(node0)', '~q(node2)', '~q(node3)']
104     : 1-1--000
104     : ['p(node0)', 'p(node2)', '~q(node1)', '~q(node2)', '~q(node3)']
105     : --1100-0
105     : ['p(node2)', 'p(node3)', '~q(node0)', '~q(node1)', '~q(node3)']
106     : -1-10-00
106     : ['p(node1)', 'p(node3)', '~q(node0)', '~q(node2)', '~q(node3)']
107     : 1--1-000
107     : ['p(node0)', 'p(node3)', '~q(node1)', '~q(node2)', '~q(node3)']
num_forall :   0
num_exists :   0
num_literals : 0
quantified form : None
qcost : 0


=== Prime Orbit 7 =====================
size : 4
num_suborbits: 1
108 (*) : -1--0000
108     : ['p(node1)', '~q(node0)', '~q(node1)', '~q(node2)', '~q(node3)']
109     : --1-0000
109     : ['p(node2)', '~q(node0)', '~q(node1)', '~q(node2)', '~q(node3)']
110     : ---10000
110     : ['p(node3)', '~q(node0)', '~q(node1)', '~q(node2)', '~q(node3)']
111     : 1---0000
111     : ['p(node0)', '~q(node0)', '~q(node1)', '~q(node2)', '~q(node3)']
num_forall :   0
num_exists :   0
num_literals : 0
quantified form : None
qcost : 0



[PRIME NOTE]: number of orbits after merging: 8

[PRIME NOTE]: number of orbits before merging: 12

[PRIME NOTE]: number of primes: 112

[QRM NOTE]: Time elapsed since start: 6.083 seconds

[QRM NOTE]: Time elapsed since last: 0.048 seconds

[QRM NOTE]: Peak memory: 321436 bytes


=========================================================================================

	[RED]: PRIME REDUCTION on [ivybench/sym/ivy/McMillan_Example2.ivy: node=4]

=========================================================================================

definition primes: set()


New level: 0
 pending : [0, 1, 2, 3, 4, 5, 6, 7]
 solution : []


Before reduction : 
 pending  : [0, 1, 2, 3, 4, 5, 6, 7]
 solution : []

Essensial at level 0 : {0, 1, 2, 3, 4, 5, 6, 7}

Before removed
 coverage : [(0, -1), (1, -1), (2, -1), (3, -1), (4, -1), (5, -1), (6, -1), (7, -1)]

After removed
 coverage : [(0, -1), (1, -1), (2, -1), (3, -1), (4, -1), (5, -1), (6, -1), (7, -1)]

Covered at level 0 : set()

After reduction : 
 pending  : []
 solution : [0, 1, 2, 3, 4, 5, 6, 7]


Before reduction : 
 pending  : []
 solution : [0, 1, 2, 3, 4, 5, 6, 7]

Essensial at level 0 : set()

Before removed
 coverage : [(0, -1), (1, -1), (2, -1), (3, -1), (4, -1), (5, -1), (6, -1), (7, -1)]

After removed
 coverage : [(0, -1), (1, -1), (2, -1), (3, -1), (4, -1), (5, -1), (6, -1), (7, -1)]

Covered at level 0 : set()

After reduction : 
 pending  : []
 solution : [0, 1, 2, 3, 4, 5, 6, 7]

[QRM NOTE]: Time elapsed since start: 6.091 seconds

[QRM NOTE]: Time elapsed since last: 0.008 seconds

[QRM NOTE]: Peak memory: 300267 bytes


=============================================================================================

	[QI]: Quantifier Inference on [ivybench/sym/ivy/McMillan_Example2.ivy: node=4]

=============================================================================================


---------- quantifier_inference ----------


=== Prime Orbit 0 =====================
size : 24
num_suborbits: 2
0 (*) : -00-1-11
0     : ['q(node0)', 'q(node2)', 'q(node3)', '~p(node1)', '~p(node2)']
1     : -0-01-11
1     : ['q(node0)', 'q(node2)', 'q(node3)', '~p(node1)', '~p(node3)']
2     : -00-11-1
2     : ['q(node0)', 'q(node1)', 'q(node3)', '~p(node1)', '~p(node2)']
3     : --0011-1
3     : ['q(node0)', 'q(node1)', 'q(node3)', '~p(node2)', '~p(node3)']
4     : -0-0111-
4     : ['q(node0)', 'q(node1)', 'q(node2)', '~p(node1)', '~p(node3)']
5     : --00111-
5     : ['q(node0)', 'q(node1)', 'q(node2)', '~p(node2)', '~p(node3)']
6     : 0-0--111
6     : ['q(node1)', 'q(node2)', 'q(node3)', '~p(node0)', '~p(node2)']
7     : 0--0-111
7     : ['q(node1)', 'q(node2)', 'q(node3)', '~p(node0)', '~p(node3)']
8     : 0-0-11-1
8     : ['q(node0)', 'q(node1)', 'q(node3)', '~p(node0)', '~p(node2)']
9     : 0--0111-
9     : ['q(node0)', 'q(node1)', 'q(node2)', '~p(node0)', '~p(node3)']
10     : 00---111
10     : ['q(node1)', 'q(node2)', 'q(node3)', '~p(node0)', '~p(node1)']
11     : 00--1-11
11     : ['q(node0)', 'q(node2)', 'q(node3)', '~p(node0)', '~p(node1)']
40 (*) : 0-0-1-11
40     : ['q(node0)', 'q(node2)', 'q(node3)', '~p(node0)', '~p(node2)']
41     : 0--01-11
41     : ['q(node0)', 'q(node2)', 'q(node3)', '~p(node0)', '~p(node3)']
42     : 00--11-1
42     : ['q(node0)', 'q(node1)', 'q(node3)', '~p(node0)', '~p(node1)']
43     : 0--011-1
43     : ['q(node0)', 'q(node1)', 'q(node3)', '~p(node0)', '~p(node3)']
44     : 00--111-
44     : ['q(node0)', 'q(node1)', 'q(node2)', '~p(node0)', '~p(node1)']
45     : 0-0-111-
45     : ['q(node0)', 'q(node1)', 'q(node2)', '~p(node0)', '~p(node2)']
46     : -00--111
46     : ['q(node1)', 'q(node2)', 'q(node3)', '~p(node1)', '~p(node2)']
47     : -0-0-111
47     : ['q(node1)', 'q(node2)', 'q(node3)', '~p(node1)', '~p(node3)']
48     : -0-011-1
48     : ['q(node0)', 'q(node1)', 'q(node3)', '~p(node1)', '~p(node3)']
49     : -00-111-
49     : ['q(node0)', 'q(node1)', 'q(node2)', '~p(node1)', '~p(node2)']
50     : --00-111
50     : ['q(node1)', 'q(node2)', 'q(node3)', '~p(node2)', '~p(node3)']
51     : --001-11
51     : ['q(node0)', 'q(node2)', 'q(node3)', '~p(node2)', '~p(node3)']
num_forall :   0
num_exists :   0
num_literals : 0
quantified form : None
qcost : 0




---------- QPrime ----------


---------- ConstArgBinding ----------

terms: ['~p(node1)', '~p(node2)', 'q(node0)', 'q(node2)', 'q(node3)']

sign_func_name2args: {'1$p': [(Const('node1', EnumeratedSort('node', ('node0', 'node1', 'node2', 'node3'))),), (Const('node2', EnumeratedSort('node', ('node0', 'node1', 'node2', 'node3'))),)], '0$q': [(Const('node0', EnumeratedSort('node', ('node0', 'node1', 'node2', 'node3'))),), (Const('node2', EnumeratedSort('node', ('node0', 'node1', 'node2', 'node3'))),), (Const('node3', EnumeratedSort('node', ('node0', 'node1', 'node2', 'node3'))),)]}

const2sigs: {Const('node1', EnumeratedSort('node', ('node0', 'node1', 'node2', 'node3'))): [node$1$p$0$0], Const('node2', EnumeratedSort('node', ('node0', 'node1', 'node2', 'node3'))): [node$1$p$0$1, node$0$q$0$1], Const('node0', EnumeratedSort('node', ('node0', 'node1', 'node2', 'node3'))): [node$0$q$0$0], Const('node3', EnumeratedSort('node', ('node0', 'node1', 'node2', 'node3'))): [node$0$q$0$2]}

sig2const: {'node$1$p$0$0': Const('node1', EnumeratedSort('node', ('node0', 'node1', 'node2', 'node3'))), 'node$1$p$0$1': Const('node2', EnumeratedSort('node', ('node0', 'node1', 'node2', 'node3'))), 'node$0$q$0$0': Const('node0', EnumeratedSort('node', ('node0', 'node1', 'node2', 'node3'))), 'node$0$q$0$1': Const('node2', EnumeratedSort('node', ('node0', 'node1', 'node2', 'node3'))), 'node$0$q$0$2': Const('node3', EnumeratedSort('node', ('node0', 'node1', 'node2', 'node3')))}


---------- ArgPartition ----------

sort2class_sigs: {EnumeratedSort('node', ('node0', 'node1', 'node2', 'node3')): [node$0$q$0$0, node$0$q$0$1; node$1$p$0$1, node$0$q$0$2, node$1$p$0$0]}

sort2part_sig: {EnumeratedSort('node', ('node0', 'node1', 'node2', 'node3')): node$0$q$0$0 | node$0$q$0$1; node$1$p$0$1 | node$0$q$0$2 | node$1$p$0$0}

part_sig: ('node$0$q$0$0 | node$0$q$0$1; node$1$p$0$1 | node$0$q$0$2 | node$1$p$0$0',)


---------- QPrime ----------


---------- ConstArgBinding ----------

terms: ['~p(node0)', '~p(node2)', 'q(node0)', 'q(node2)', 'q(node3)']

sign_func_name2args: {'1$p': [(Const('node0', EnumeratedSort('node', ('node0', 'node1', 'node2', 'node3'))),), (Const('node2', EnumeratedSort('node', ('node0', 'node1', 'node2', 'node3'))),)], '0$q': [(Const('node0', EnumeratedSort('node', ('node0', 'node1', 'node2', 'node3'))),), (Const('node2', EnumeratedSort('node', ('node0', 'node1', 'node2', 'node3'))),), (Const('node3', EnumeratedSort('node', ('node0', 'node1', 'node2', 'node3'))),)]}

const2sigs: {Const('node0', EnumeratedSort('node', ('node0', 'node1', 'node2', 'node3'))): [node$1$p$0$0, node$0$q$0$0], Const('node2', EnumeratedSort('node', ('node0', 'node1', 'node2', 'node3'))): [node$1$p$0$1, node$0$q$0$1], Const('node3', EnumeratedSort('node', ('node0', 'node1', 'node2', 'node3'))): [node$0$q$0$2]}

sig2const: {'node$1$p$0$0': Const('node0', EnumeratedSort('node', ('node0', 'node1', 'node2', 'node3'))), 'node$1$p$0$1': Const('node2', EnumeratedSort('node', ('node0', 'node1', 'node2', 'node3'))), 'node$0$q$0$0': Const('node0', EnumeratedSort('node', ('node0', 'node1', 'node2', 'node3'))), 'node$0$q$0$1': Const('node2', EnumeratedSort('node', ('node0', 'node1', 'node2', 'node3'))), 'node$0$q$0$2': Const('node3', EnumeratedSort('node', ('node0', 'node1', 'node2', 'node3')))}


---------- ArgPartition ----------

sort2class_sigs: {EnumeratedSort('node', ('node0', 'node1', 'node2', 'node3')): [node$0$q$0$0; node$1$p$0$0, node$0$q$0$1; node$1$p$0$1, node$0$q$0$2]}

sort2part_sig: {EnumeratedSort('node', ('node0', 'node1', 'node2', 'node3')): node$0$q$0$0; node$1$p$0$0 | node$0$q$0$1; node$1$p$0$1 | node$0$q$0$2}

part_sig: ('node$0$q$0$0; node$1$p$0$0 | node$0$q$0$1; node$1$p$0$1 | node$0$q$0$2',)


---------- SigGenerator ----------

terms:  ['~p(node1)', '~p(node2)', 'q(node0)', 'q(node2)', 'q(node3)']

func_name2symbol:  {'p': Const('p', FunctionSort(EnumeratedSort('node', ('node0', 'node1', 'node2', 'node3')), BooleanSort())), 'q': Const('q', FunctionSort(EnumeratedSort('node', ('node0', 'node1', 'node2', 'node3')), BooleanSort()))}

func_name2args_sort:  {'p': (EnumeratedSort('node', ('node0', 'node1', 'node2', 'node3')),), 'q': (EnumeratedSort('node', ('node0', 'node1', 'node2', 'node3')),)}

sign_func_name2count:  {'1$p': 2, '0$q': 3}


---------- ProductArgPartition ----------

sort2class_sigs: {EnumeratedSort('node', ('node0', 'node1', 'node2', 'node3')): [node$0$q$0$0, node$0$q$0$1; node$1$p$0$1, node$0$q$0$2, node$1$p$0$0]}

sort2part_sig: {EnumeratedSort('node', ('node0', 'node1', 'node2', 'node3')): node$0$q$0$0 | node$0$q$0$1; node$1$p$0$1 | node$0$q$0$2 | node$1$p$0$0}

	sort: node

	identical_classes: {'node$0$q$0': [node$0$q$0$0, node$0$q$0$2], 'node$0$q$0; node$1$p$0': [node$0$q$0$1; node$1$p$0$1], 'node$1$p$0': [node$1$p$0$0]}

	identical_single_classes: {'node$0$q$0; node$1$p$0': node$0$q$0$1; node$1$p$0$1, 'node$1$p$0': node$1$p$0$0}

	identical_multi_classes: {'node$0$q$0': [node$0$q$0$0, node$0$q$0$2]}


---------- QInference: _set_sort_to_quantifier_mode ----------

quantifier mode: node: QuantifierMode.forall


---------- QInference: _set_constraint_mode ----------

constraint mode: ConstraintMode.merge


---------- QFormula: _set_qvars ----------

forall_qvars: {Var('NODE2', EnumeratedSort('node', ('node0', 'node1', 'node2', 'node3'))), Var('NODE1', EnumeratedSort('node', ('node0', 'node1', 'node2', 'node3'))), Var('NODE3', EnumeratedSort('node', ('node0', 'node1', 'node2', 'node3'))), Var('NODE0', EnumeratedSort('node', ('node0', 'node1', 'node2', 'node3')))}

exists_qvars: set()


---------- QFormula: _set_signed_func_name_to_args ----------

signed_func_name2args: {'1$p': [[Var('NODE3', EnumeratedSort('node', ('node0', 'node1', 'node2', 'node3')))], [Var('NODE1', EnumeratedSort('node', ('node0', 'node1', 'node2', 'node3')))]], '0$q': [[Var('NODE0', EnumeratedSort('node', ('node0', 'node1', 'node2', 'node3')))], [Var('NODE1', EnumeratedSort('node', ('node0', 'node1', 'node2', 'node3')))], [Var('NODE2', EnumeratedSort('node', ('node0', 'node1', 'node2', 'node3')))]]}


---------- QFormula: _set_qterms ----------

qterms: ['~p(NODE1)', '~p(NODE3)', 'q(NODE1)', 'q(NODE2)', 'q(NODE0)']

use present constraint


---------- QFormula: get_qclause ----------

qclause: forall NODE0,NODE2,NODE1,NODE3. p(NODE1) | p(NODE3) | ~q(NODE1) | ~q(NODE2) | ~q(NODE0) | ((NODE0 ~= NODE3 | NODE1 = NODE2 | NODE0 = NODE2 | NODE0 = NODE1) & (NODE0 = NODE2 | NODE1 = NODE2 | NODE0 = NODE3 | NODE2 = NODE3 | NODE0 = NODE1 | NODE1 = NODE3))


=== Prime Orbit 1 =====================
size : 24
num_suborbits: 2
12 (*) : -0001-1-
12     : ['q(node0)', 'q(node2)', '~p(node1)', '~p(node2)', '~p(node3)']
13     : -0001--1
13     : ['q(node0)', 'q(node3)', '~p(node1)', '~p(node2)', '~p(node3)']
14     : -00011--
14     : ['q(node0)', 'q(node1)', '~p(node1)', '~p(node2)', '~p(node3)']
15     : 0-00-11-
15     : ['q(node1)', 'q(node2)', '~p(node0)', '~p(node2)', '~p(node3)']
16     : 0-00-1-1
16     : ['q(node1)', 'q(node3)', '~p(node0)', '~p(node2)', '~p(node3)']
17     : 0-0011--
17     : ['q(node0)', 'q(node1)', '~p(node0)', '~p(node2)', '~p(node3)']
18     : 00-0-11-
18     : ['q(node1)', 'q(node2)', '~p(node0)', '~p(node1)', '~p(node3)']
19     : 00-0--11
19     : ['q(node2)', 'q(node3)', '~p(node0)', '~p(node1)', '~p(node3)']
20     : 00-01-1-
20     : ['q(node0)', 'q(node2)', '~p(node0)', '~p(node1)', '~p(node3)']
21     : 000--1-1
21     : ['q(node1)', 'q(node3)', '~p(node0)', '~p(node1)', '~p(node2)']
22     : 000---11
22     : ['q(node2)', 'q(node3)', '~p(node0)', '~p(node1)', '~p(node2)']
23     : 000-1--1
23     : ['q(node0)', 'q(node3)', '~p(node0)', '~p(node1)', '~p(node2)']
28 (*) : 000-1-1-
28     : ['q(node0)', 'q(node2)', '~p(node0)', '~p(node1)', '~p(node2)']
29     : 00-01--1
29     : ['q(node0)', 'q(node3)', '~p(node0)', '~p(node1)', '~p(node3)']
30     : 000-11--
30     : ['q(node0)', 'q(node1)', '~p(node0)', '~p(node1)', '~p(node2)']
31     : 0-001--1
31     : ['q(node0)', 'q(node3)', '~p(node0)', '~p(node2)', '~p(node3)']
32     : 00-011--
32     : ['q(node0)', 'q(node1)', '~p(node0)', '~p(node1)', '~p(node3)']
33     : 0-001-1-
33     : ['q(node0)', 'q(node2)', '~p(node0)', '~p(node2)', '~p(node3)']
34     : 000--11-
34     : ['q(node1)', 'q(node2)', '~p(node0)', '~p(node1)', '~p(node2)']
35     : 00-0-1-1
35     : ['q(node1)', 'q(node3)', '~p(node0)', '~p(node1)', '~p(node3)']
36     : -000-1-1
36     : ['q(node1)', 'q(node3)', '~p(node1)', '~p(node2)', '~p(node3)']
37     : -000-11-
37     : ['q(node1)', 'q(node2)', '~p(node1)', '~p(node2)', '~p(node3)']
38     : 0-00--11
38     : ['q(node2)', 'q(node3)', '~p(node0)', '~p(node2)', '~p(node3)']
39     : -000--11
39     : ['q(node2)', 'q(node3)', '~p(node1)', '~p(node2)', '~p(node3)']
num_forall :   0
num_exists :   0
num_literals : 0
quantified form : None
qcost : 0




---------- QPrime ----------


---------- ConstArgBinding ----------

terms: ['~p(node1)', '~p(node2)', '~p(node3)', 'q(node0)', 'q(node2)']

sign_func_name2args: {'1$p': [(Const('node1', EnumeratedSort('node', ('node0', 'node1', 'node2', 'node3'))),), (Const('node2', EnumeratedSort('node', ('node0', 'node1', 'node2', 'node3'))),), (Const('node3', EnumeratedSort('node', ('node0', 'node1', 'node2', 'node3'))),)], '0$q': [(Const('node0', EnumeratedSort('node', ('node0', 'node1', 'node2', 'node3'))),), (Const('node2', EnumeratedSort('node', ('node0', 'node1', 'node2', 'node3'))),)]}

const2sigs: {Const('node1', EnumeratedSort('node', ('node0', 'node1', 'node2', 'node3'))): [node$1$p$0$0], Const('node2', EnumeratedSort('node', ('node0', 'node1', 'node2', 'node3'))): [node$1$p$0$1, node$0$q$0$1], Const('node3', EnumeratedSort('node', ('node0', 'node1', 'node2', 'node3'))): [node$1$p$0$2], Const('node0', EnumeratedSort('node', ('node0', 'node1', 'node2', 'node3'))): [node$0$q$0$0]}

sig2const: {'node$1$p$0$0': Const('node1', EnumeratedSort('node', ('node0', 'node1', 'node2', 'node3'))), 'node$1$p$0$1': Const('node2', EnumeratedSort('node', ('node0', 'node1', 'node2', 'node3'))), 'node$1$p$0$2': Const('node3', EnumeratedSort('node', ('node0', 'node1', 'node2', 'node3'))), 'node$0$q$0$0': Const('node0', EnumeratedSort('node', ('node0', 'node1', 'node2', 'node3'))), 'node$0$q$0$1': Const('node2', EnumeratedSort('node', ('node0', 'node1', 'node2', 'node3')))}


---------- ArgPartition ----------

sort2class_sigs: {EnumeratedSort('node', ('node0', 'node1', 'node2', 'node3')): [node$0$q$0$0, node$0$q$0$1; node$1$p$0$1, node$1$p$0$0, node$1$p$0$2]}

sort2part_sig: {EnumeratedSort('node', ('node0', 'node1', 'node2', 'node3')): node$0$q$0$0 | node$0$q$0$1; node$1$p$0$1 | node$1$p$0$0 | node$1$p$0$2}

part_sig: ('node$0$q$0$0 | node$0$q$0$1; node$1$p$0$1 | node$1$p$0$0 | node$1$p$0$2',)


---------- QPrime ----------


---------- ConstArgBinding ----------

terms: ['~p(node0)', '~p(node1)', '~p(node2)', 'q(node0)', 'q(node2)']

sign_func_name2args: {'1$p': [(Const('node0', EnumeratedSort('node', ('node0', 'node1', 'node2', 'node3'))),), (Const('node1', EnumeratedSort('node', ('node0', 'node1', 'node2', 'node3'))),), (Const('node2', EnumeratedSort('node', ('node0', 'node1', 'node2', 'node3'))),)], '0$q': [(Const('node0', EnumeratedSort('node', ('node0', 'node1', 'node2', 'node3'))),), (Const('node2', EnumeratedSort('node', ('node0', 'node1', 'node2', 'node3'))),)]}

const2sigs: {Const('node0', EnumeratedSort('node', ('node0', 'node1', 'node2', 'node3'))): [node$1$p$0$0, node$0$q$0$0], Const('node1', EnumeratedSort('node', ('node0', 'node1', 'node2', 'node3'))): [node$1$p$0$1], Const('node2', EnumeratedSort('node', ('node0', 'node1', 'node2', 'node3'))): [node$1$p$0$2, node$0$q$0$1]}

sig2const: {'node$1$p$0$0': Const('node0', EnumeratedSort('node', ('node0', 'node1', 'node2', 'node3'))), 'node$1$p$0$1': Const('node1', EnumeratedSort('node', ('node0', 'node1', 'node2', 'node3'))), 'node$1$p$0$2': Const('node2', EnumeratedSort('node', ('node0', 'node1', 'node2', 'node3'))), 'node$0$q$0$0': Const('node0', EnumeratedSort('node', ('node0', 'node1', 'node2', 'node3'))), 'node$0$q$0$1': Const('node2', EnumeratedSort('node', ('node0', 'node1', 'node2', 'node3')))}


---------- ArgPartition ----------

sort2class_sigs: {EnumeratedSort('node', ('node0', 'node1', 'node2', 'node3')): [node$0$q$0$0; node$1$p$0$0, node$0$q$0$1; node$1$p$0$2, node$1$p$0$1]}

sort2part_sig: {EnumeratedSort('node', ('node0', 'node1', 'node2', 'node3')): node$0$q$0$0; node$1$p$0$0 | node$0$q$0$1; node$1$p$0$2 | node$1$p$0$1}

part_sig: ('node$0$q$0$0; node$1$p$0$0 | node$0$q$0$1; node$1$p$0$2 | node$1$p$0$1',)


---------- SigGenerator ----------

terms:  ['~p(node1)', '~p(node2)', '~p(node3)', 'q(node0)', 'q(node2)']

func_name2symbol:  {'p': Const('p', FunctionSort(EnumeratedSort('node', ('node0', 'node1', 'node2', 'node3')), BooleanSort())), 'q': Const('q', FunctionSort(EnumeratedSort('node', ('node0', 'node1', 'node2', 'node3')), BooleanSort()))}

func_name2args_sort:  {'p': (EnumeratedSort('node', ('node0', 'node1', 'node2', 'node3')),), 'q': (EnumeratedSort('node', ('node0', 'node1', 'node2', 'node3')),)}

sign_func_name2count:  {'1$p': 3, '0$q': 2}


---------- ProductArgPartition ----------

sort2class_sigs: {EnumeratedSort('node', ('node0', 'node1', 'node2', 'node3')): [node$0$q$0$0, node$0$q$0$1, node$1$p$0$0, node$1$p$0$1, node$1$p$0$2]}

sort2part_sig: {EnumeratedSort('node', ('node0', 'node1', 'node2', 'node3')): node$0$q$0$0 | node$0$q$0$1 | node$1$p$0$0 | node$1$p$0$1 | node$1$p$0$2}

	sort: node

	identical_classes: {'node$0$q$0': [node$0$q$0$0, node$0$q$0$1], 'node$1$p$0': [node$1$p$0$0, node$1$p$0$1, node$1$p$0$2]}

	identical_single_classes: {}

	identical_multi_classes: {'node$0$q$0': [node$0$q$0$0, node$0$q$0$1], 'node$1$p$0': [node$1$p$0$0, node$1$p$0$1, node$1$p$0$2]}


---------- QInference: _set_sort_to_quantifier_mode ----------

quantifier mode: node: QuantifierMode.forall


---------- QInference: _set_constraint_mode ----------

constraint mode: ConstraintMode.merge


---------- QFormula: _set_qvars ----------

forall_qvars: {Var('NODE4', EnumeratedSort('node', ('node0', 'node1', 'node2', 'node3'))), Var('NODE0', EnumeratedSort('node', ('node0', 'node1', 'node2', 'node3'))), Var('NODE2', EnumeratedSort('node', ('node0', 'node1', 'node2', 'node3'))), Var('NODE1', EnumeratedSort('node', ('node0', 'node1', 'node2', 'node3'))), Var('NODE3', EnumeratedSort('node', ('node0', 'node1', 'node2', 'node3')))}

exists_qvars: set()


---------- QFormula: _set_signed_func_name_to_args ----------

signed_func_name2args: {'1$p': [[Var('NODE2', EnumeratedSort('node', ('node0', 'node1', 'node2', 'node3')))], [Var('NODE3', EnumeratedSort('node', ('node0', 'node1', 'node2', 'node3')))], [Var('NODE4', EnumeratedSort('node', ('node0', 'node1', 'node2', 'node3')))]], '0$q': [[Var('NODE0', EnumeratedSort('node', ('node0', 'node1', 'node2', 'node3')))], [Var('NODE1', EnumeratedSort('node', ('node0', 'node1', 'node2', 'node3')))]]}


---------- QFormula: _set_qterms ----------

qterms: ['~p(NODE2)', '~p(NODE4)', '~p(NODE3)', 'q(NODE1)', 'q(NODE0)']

use present constraint


---------- QFormula: get_qclause ----------

qclause: forall NODE0,NODE2,NODE1,NODE3,NODE4. p(NODE2) | p(NODE4) | p(NODE3) | ~q(NODE1) | ~q(NODE0) | ((NODE0 ~= NODE2 | NODE1 ~= NODE4 | NODE1 = NODE3 | NODE0 = NODE3 | NODE0 = NODE1) & (NODE1 ~= NODE3 | NODE0 = NODE2 | NODE1 = NODE2 | NODE0 = NODE4 | NODE0 = NODE1 | NODE1 = NODE4 | NODE2 = NODE4))


=== Prime Orbit 2 =====================
size : 4
num_suborbits: 1
24 (*) : 00001---
24     : ['q(node0)', '~p(node0)', '~p(node1)', '~p(node2)', '~p(node3)']
25     : 0000-1--
25     : ['q(node1)', '~p(node0)', '~p(node1)', '~p(node2)', '~p(node3)']
26     : 0000--1-
26     : ['q(node2)', '~p(node0)', '~p(node1)', '~p(node2)', '~p(node3)']
27     : 0000---1
27     : ['q(node3)', '~p(node0)', '~p(node1)', '~p(node2)', '~p(node3)']
num_forall :   0
num_exists :   0
num_literals : 0
quantified form : None
qcost : 0




---------- QPrime ----------


---------- ConstArgBinding ----------

terms: ['~p(node0)', '~p(node1)', '~p(node2)', '~p(node3)', 'q(node0)']

sign_func_name2args: {'1$p': [(Const('node0', EnumeratedSort('node', ('node0', 'node1', 'node2', 'node3'))),), (Const('node1', EnumeratedSort('node', ('node0', 'node1', 'node2', 'node3'))),), (Const('node2', EnumeratedSort('node', ('node0', 'node1', 'node2', 'node3'))),), (Const('node3', EnumeratedSort('node', ('node0', 'node1', 'node2', 'node3'))),)], '0$q': [(Const('node0', EnumeratedSort('node', ('node0', 'node1', 'node2', 'node3'))),)]}

const2sigs: {Const('node0', EnumeratedSort('node', ('node0', 'node1', 'node2', 'node3'))): [node$1$p$0$0, node$0$q$0$0], Const('node1', EnumeratedSort('node', ('node0', 'node1', 'node2', 'node3'))): [node$1$p$0$1], Const('node2', EnumeratedSort('node', ('node0', 'node1', 'node2', 'node3'))): [node$1$p$0$2], Const('node3', EnumeratedSort('node', ('node0', 'node1', 'node2', 'node3'))): [node$1$p$0$3]}

sig2const: {'node$1$p$0$0': Const('node0', EnumeratedSort('node', ('node0', 'node1', 'node2', 'node3'))), 'node$1$p$0$1': Const('node1', EnumeratedSort('node', ('node0', 'node1', 'node2', 'node3'))), 'node$1$p$0$2': Const('node2', EnumeratedSort('node', ('node0', 'node1', 'node2', 'node3'))), 'node$1$p$0$3': Const('node3', EnumeratedSort('node', ('node0', 'node1', 'node2', 'node3'))), 'node$0$q$0$0': Const('node0', EnumeratedSort('node', ('node0', 'node1', 'node2', 'node3')))}


---------- ArgPartition ----------

sort2class_sigs: {EnumeratedSort('node', ('node0', 'node1', 'node2', 'node3')): [node$0$q$0$0; node$1$p$0$0, node$1$p$0$1, node$1$p$0$2, node$1$p$0$3]}

sort2part_sig: {EnumeratedSort('node', ('node0', 'node1', 'node2', 'node3')): node$0$q$0$0; node$1$p$0$0 | node$1$p$0$1 | node$1$p$0$2 | node$1$p$0$3}

part_sig: ('node$0$q$0$0; node$1$p$0$0 | node$1$p$0$1 | node$1$p$0$2 | node$1$p$0$3',)


---------- SigGenerator ----------

terms:  ['~p(node0)', '~p(node1)', '~p(node2)', '~p(node3)', 'q(node0)']

func_name2symbol:  {'p': Const('p', FunctionSort(EnumeratedSort('node', ('node0', 'node1', 'node2', 'node3')), BooleanSort())), 'q': Const('q', FunctionSort(EnumeratedSort('node', ('node0', 'node1', 'node2', 'node3')), BooleanSort()))}

func_name2args_sort:  {'p': (EnumeratedSort('node', ('node0', 'node1', 'node2', 'node3')),), 'q': (EnumeratedSort('node', ('node0', 'node1', 'node2', 'node3')),)}

sign_func_name2count:  {'1$p': 4, '0$q': 1}


---------- ProductArgPartition ----------

sort2class_sigs: {EnumeratedSort('node', ('node0', 'node1', 'node2', 'node3')): [node$0$q$0$0; node$1$p$0$0, node$1$p$0$1, node$1$p$0$2, node$1$p$0$3]}

sort2part_sig: {EnumeratedSort('node', ('node0', 'node1', 'node2', 'node3')): node$0$q$0$0; node$1$p$0$0 | node$1$p$0$1 | node$1$p$0$2 | node$1$p$0$3}

	sort: node

	identical_classes: {'node$0$q$0; node$1$p$0': [node$0$q$0$0; node$1$p$0$0], 'node$1$p$0': [node$1$p$0$1, node$1$p$0$2, node$1$p$0$3]}

	identical_single_classes: {'node$0$q$0; node$1$p$0': node$0$q$0$0; node$1$p$0$0}

	identical_multi_classes: {'node$1$p$0': [node$1$p$0$1, node$1$p$0$2, node$1$p$0$3]}


---------- QInference: _set_sort_to_quantifier_mode ----------

quantifier mode: node: QuantifierMode.forall_exists


---------- QInference: _set_constraint_mode ----------

constraint mode: ConstraintMode.no_merge


---------- QFormula: _set_qvars ----------

forall_qvars: {Var('NODE1', EnumeratedSort('node', ('node0', 'node1', 'node2', 'node3')))}

exists_qvars: {Var('NODE0', EnumeratedSort('node', ('node0', 'node1', 'node2', 'node3')))}


---------- QFormula: _set_signed_func_name_to_args ----------

signed_func_name2args: {'1$p': [[Var('NODE1', EnumeratedSort('node', ('node0', 'node1', 'node2', 'node3')))], [Var('NODE0', EnumeratedSort('node', ('node0', 'node1', 'node2', 'node3')))], [Var('NODE0', EnumeratedSort('node', ('node0', 'node1', 'node2', 'node3')))], [Var('NODE0', EnumeratedSort('node', ('node0', 'node1', 'node2', 'node3')))]], '0$q': [[Var('NODE1', EnumeratedSort('node', ('node0', 'node1', 'node2', 'node3')))]]}


---------- QFormula: _set_qterms ----------

qterms: ['~p(NODE1)', 'q(NODE1)', '~p(NODE0)']


---------- QFormula: get_qclause ----------

qclause: forall NODE1. p(NODE1) | ~q(NODE1) | (exists NODE0. (p(NODE0) & NODE0 ~= NODE1))


=== Prime Orbit 3 =====================
size : 4
num_suborbits: 1
52 (*) : 1111-0--
52     : ['p(node0)', 'p(node1)', 'p(node2)', 'p(node3)', '~q(node1)']
53     : 1111--0-
53     : ['p(node0)', 'p(node1)', 'p(node2)', 'p(node3)', '~q(node2)']
54     : 1111---0
54     : ['p(node0)', 'p(node1)', 'p(node2)', 'p(node3)', '~q(node3)']
55     : 11110---
55     : ['p(node0)', 'p(node1)', 'p(node2)', 'p(node3)', '~q(node0)']
num_forall :   0
num_exists :   0
num_literals : 0
quantified form : None
qcost : 0




---------- QPrime ----------


---------- ConstArgBinding ----------

terms: ['p(node0)', 'p(node1)', 'p(node2)', 'p(node3)', '~q(node1)']

sign_func_name2args: {'0$p': [(Const('node0', EnumeratedSort('node', ('node0', 'node1', 'node2', 'node3'))),), (Const('node1', EnumeratedSort('node', ('node0', 'node1', 'node2', 'node3'))),), (Const('node2', EnumeratedSort('node', ('node0', 'node1', 'node2', 'node3'))),), (Const('node3', EnumeratedSort('node', ('node0', 'node1', 'node2', 'node3'))),)], '1$q': [(Const('node1', EnumeratedSort('node', ('node0', 'node1', 'node2', 'node3'))),)]}

const2sigs: {Const('node0', EnumeratedSort('node', ('node0', 'node1', 'node2', 'node3'))): [node$0$p$0$0], Const('node1', EnumeratedSort('node', ('node0', 'node1', 'node2', 'node3'))): [node$0$p$0$1, node$1$q$0$0], Const('node2', EnumeratedSort('node', ('node0', 'node1', 'node2', 'node3'))): [node$0$p$0$2], Const('node3', EnumeratedSort('node', ('node0', 'node1', 'node2', 'node3'))): [node$0$p$0$3]}

sig2const: {'node$0$p$0$0': Const('node0', EnumeratedSort('node', ('node0', 'node1', 'node2', 'node3'))), 'node$0$p$0$1': Const('node1', EnumeratedSort('node', ('node0', 'node1', 'node2', 'node3'))), 'node$0$p$0$2': Const('node2', EnumeratedSort('node', ('node0', 'node1', 'node2', 'node3'))), 'node$0$p$0$3': Const('node3', EnumeratedSort('node', ('node0', 'node1', 'node2', 'node3'))), 'node$1$q$0$0': Const('node1', EnumeratedSort('node', ('node0', 'node1', 'node2', 'node3')))}


---------- ArgPartition ----------

sort2class_sigs: {EnumeratedSort('node', ('node0', 'node1', 'node2', 'node3')): [node$0$p$0$0, node$0$p$0$1; node$1$q$0$0, node$0$p$0$2, node$0$p$0$3]}

sort2part_sig: {EnumeratedSort('node', ('node0', 'node1', 'node2', 'node3')): node$0$p$0$0 | node$0$p$0$1; node$1$q$0$0 | node$0$p$0$2 | node$0$p$0$3}

part_sig: ('node$0$p$0$0 | node$0$p$0$1; node$1$q$0$0 | node$0$p$0$2 | node$0$p$0$3',)


---------- SigGenerator ----------

terms:  ['p(node0)', 'p(node1)', 'p(node2)', 'p(node3)', '~q(node1)']

func_name2symbol:  {'p': Const('p', FunctionSort(EnumeratedSort('node', ('node0', 'node1', 'node2', 'node3')), BooleanSort())), 'q': Const('q', FunctionSort(EnumeratedSort('node', ('node0', 'node1', 'node2', 'node3')), BooleanSort()))}

func_name2args_sort:  {'p': (EnumeratedSort('node', ('node0', 'node1', 'node2', 'node3')),), 'q': (EnumeratedSort('node', ('node0', 'node1', 'node2', 'node3')),)}

sign_func_name2count:  {'0$p': 4, '1$q': 1}


---------- ProductArgPartition ----------

sort2class_sigs: {EnumeratedSort('node', ('node0', 'node1', 'node2', 'node3')): [node$0$p$0$0, node$0$p$0$1; node$1$q$0$0, node$0$p$0$2, node$0$p$0$3]}

sort2part_sig: {EnumeratedSort('node', ('node0', 'node1', 'node2', 'node3')): node$0$p$0$0 | node$0$p$0$1; node$1$q$0$0 | node$0$p$0$2 | node$0$p$0$3}

	sort: node

	identical_classes: {'node$0$p$0': [node$0$p$0$0, node$0$p$0$2, node$0$p$0$3], 'node$0$p$0; node$1$q$0': [node$0$p$0$1; node$1$q$0$0]}

	identical_single_classes: {'node$0$p$0; node$1$q$0': node$0$p$0$1; node$1$q$0$0}

	identical_multi_classes: {'node$0$p$0': [node$0$p$0$0, node$0$p$0$2, node$0$p$0$3]}


---------- QInference: _set_sort_to_quantifier_mode ----------

quantifier mode: node: QuantifierMode.forall_exists


---------- QInference: _set_constraint_mode ----------

constraint mode: ConstraintMode.no_merge


---------- QFormula: _set_qvars ----------

forall_qvars: {Var('NODE1', EnumeratedSort('node', ('node0', 'node1', 'node2', 'node3')))}

exists_qvars: {Var('NODE0', EnumeratedSort('node', ('node0', 'node1', 'node2', 'node3')))}


---------- QFormula: _set_signed_func_name_to_args ----------

signed_func_name2args: {'0$p': [[Var('NODE0', EnumeratedSort('node', ('node0', 'node1', 'node2', 'node3')))], [Var('NODE1', EnumeratedSort('node', ('node0', 'node1', 'node2', 'node3')))], [Var('NODE0', EnumeratedSort('node', ('node0', 'node1', 'node2', 'node3')))], [Var('NODE0', EnumeratedSort('node', ('node0', 'node1', 'node2', 'node3')))]], '1$q': [[Var('NODE1', EnumeratedSort('node', ('node0', 'node1', 'node2', 'node3')))]]}


---------- QFormula: _set_qterms ----------

qterms: ['p(NODE1)', 'p(NODE0)', '~q(NODE1)']


---------- QFormula: get_qclause ----------

qclause: forall NODE1. ~p(NODE1) | q(NODE1) | (exists NODE0. (~p(NODE0) & NODE0 ~= NODE1))


=== Prime Orbit 4 =====================
size : 24
num_suborbits: 2
56 (*) : 111-00--
56     : ['p(node0)', 'p(node1)', 'p(node2)', '~q(node0)', '~q(node1)']
57     : 11-100--
57     : ['p(node0)', 'p(node1)', 'p(node3)', '~q(node0)', '~q(node1)']
58     : 111-0-0-
58     : ['p(node0)', 'p(node1)', 'p(node2)', '~q(node0)', '~q(node2)']
59     : 1-110-0-
59     : ['p(node0)', 'p(node2)', 'p(node3)', '~q(node0)', '~q(node2)']
60     : 11-10--0
60     : ['p(node0)', 'p(node1)', 'p(node3)', '~q(node0)', '~q(node3)']
61     : 1-110--0
61     : ['p(node0)', 'p(node2)', 'p(node3)', '~q(node0)', '~q(node3)']
62     : 111--00-
62     : ['p(node0)', 'p(node1)', 'p(node2)', '~q(node1)', '~q(node2)']
63     : -111-00-
63     : ['p(node1)', 'p(node2)', 'p(node3)', '~q(node1)', '~q(node2)']
64     : 11-1-0-0
64     : ['p(node0)', 'p(node1)', 'p(node3)', '~q(node1)', '~q(node3)']
65     : -111-0-0
65     : ['p(node1)', 'p(node2)', 'p(node3)', '~q(node1)', '~q(node3)']
66     : 1-11--00
66     : ['p(node0)', 'p(node2)', 'p(node3)', '~q(node2)', '~q(node3)']
67     : -111--00
67     : ['p(node1)', 'p(node2)', 'p(node3)', '~q(node2)', '~q(node3)']
68 (*) : 1-1100--
68     : ['p(node0)', 'p(node2)', 'p(node3)', '~q(node0)', '~q(node1)']
69     : 11-10-0-
69     : ['p(node0)', 'p(node1)', 'p(node3)', '~q(node0)', '~q(node2)']
70     : 111-0--0
70     : ['p(node0)', 'p(node1)', 'p(node2)', '~q(node0)', '~q(node3)']
71     : -11100--
71     : ['p(node1)', 'p(node2)', 'p(node3)', '~q(node0)', '~q(node1)']
72     : 11-1-00-
72     : ['p(node0)', 'p(node1)', 'p(node3)', '~q(node1)', '~q(node2)']
73     : 111--0-0
73     : ['p(node0)', 'p(node1)', 'p(node2)', '~q(node1)', '~q(node3)']
74     : -1110-0-
74     : ['p(node1)', 'p(node2)', 'p(node3)', '~q(node0)', '~q(node2)']
75     : 1-11-00-
75     : ['p(node0)', 'p(node2)', 'p(node3)', '~q(node1)', '~q(node2)']
76     : 111---00
76     : ['p(node0)', 'p(node1)', 'p(node2)', '~q(node2)', '~q(node3)']
77     : -1110--0
77     : ['p(node1)', 'p(node2)', 'p(node3)', '~q(node0)', '~q(node3)']
78     : 1-11-0-0
78     : ['p(node0)', 'p(node2)', 'p(node3)', '~q(node1)', '~q(node3)']
79     : 11-1--00
79     : ['p(node0)', 'p(node1)', 'p(node3)', '~q(node2)', '~q(node3)']
num_forall :   0
num_exists :   0
num_literals : 0
quantified form : None
qcost : 0




---------- QPrime ----------


---------- ConstArgBinding ----------

terms: ['p(node0)', 'p(node1)', 'p(node2)', '~q(node0)', '~q(node1)']

sign_func_name2args: {'0$p': [(Const('node0', EnumeratedSort('node', ('node0', 'node1', 'node2', 'node3'))),), (Const('node1', EnumeratedSort('node', ('node0', 'node1', 'node2', 'node3'))),), (Const('node2', EnumeratedSort('node', ('node0', 'node1', 'node2', 'node3'))),)], '1$q': [(Const('node0', EnumeratedSort('node', ('node0', 'node1', 'node2', 'node3'))),), (Const('node1', EnumeratedSort('node', ('node0', 'node1', 'node2', 'node3'))),)]}

const2sigs: {Const('node0', EnumeratedSort('node', ('node0', 'node1', 'node2', 'node3'))): [node$0$p$0$0, node$1$q$0$0], Const('node1', EnumeratedSort('node', ('node0', 'node1', 'node2', 'node3'))): [node$0$p$0$1, node$1$q$0$1], Const('node2', EnumeratedSort('node', ('node0', 'node1', 'node2', 'node3'))): [node$0$p$0$2]}

sig2const: {'node$0$p$0$0': Const('node0', EnumeratedSort('node', ('node0', 'node1', 'node2', 'node3'))), 'node$0$p$0$1': Const('node1', EnumeratedSort('node', ('node0', 'node1', 'node2', 'node3'))), 'node$0$p$0$2': Const('node2', EnumeratedSort('node', ('node0', 'node1', 'node2', 'node3'))), 'node$1$q$0$0': Const('node0', EnumeratedSort('node', ('node0', 'node1', 'node2', 'node3'))), 'node$1$q$0$1': Const('node1', EnumeratedSort('node', ('node0', 'node1', 'node2', 'node3')))}


---------- ArgPartition ----------

sort2class_sigs: {EnumeratedSort('node', ('node0', 'node1', 'node2', 'node3')): [node$0$p$0$0; node$1$q$0$0, node$0$p$0$1; node$1$q$0$1, node$0$p$0$2]}

sort2part_sig: {EnumeratedSort('node', ('node0', 'node1', 'node2', 'node3')): node$0$p$0$0; node$1$q$0$0 | node$0$p$0$1; node$1$q$0$1 | node$0$p$0$2}

part_sig: ('node$0$p$0$0; node$1$q$0$0 | node$0$p$0$1; node$1$q$0$1 | node$0$p$0$2',)


---------- QPrime ----------


---------- ConstArgBinding ----------

terms: ['p(node0)', 'p(node2)', 'p(node3)', '~q(node0)', '~q(node1)']

sign_func_name2args: {'0$p': [(Const('node0', EnumeratedSort('node', ('node0', 'node1', 'node2', 'node3'))),), (Const('node2', EnumeratedSort('node', ('node0', 'node1', 'node2', 'node3'))),), (Const('node3', EnumeratedSort('node', ('node0', 'node1', 'node2', 'node3'))),)], '1$q': [(Const('node0', EnumeratedSort('node', ('node0', 'node1', 'node2', 'node3'))),), (Const('node1', EnumeratedSort('node', ('node0', 'node1', 'node2', 'node3'))),)]}

const2sigs: {Const('node0', EnumeratedSort('node', ('node0', 'node1', 'node2', 'node3'))): [node$0$p$0$0, node$1$q$0$0], Const('node2', EnumeratedSort('node', ('node0', 'node1', 'node2', 'node3'))): [node$0$p$0$1], Const('node3', EnumeratedSort('node', ('node0', 'node1', 'node2', 'node3'))): [node$0$p$0$2], Const('node1', EnumeratedSort('node', ('node0', 'node1', 'node2', 'node3'))): [node$1$q$0$1]}

sig2const: {'node$0$p$0$0': Const('node0', EnumeratedSort('node', ('node0', 'node1', 'node2', 'node3'))), 'node$0$p$0$1': Const('node2', EnumeratedSort('node', ('node0', 'node1', 'node2', 'node3'))), 'node$0$p$0$2': Const('node3', EnumeratedSort('node', ('node0', 'node1', 'node2', 'node3'))), 'node$1$q$0$0': Const('node0', EnumeratedSort('node', ('node0', 'node1', 'node2', 'node3'))), 'node$1$q$0$1': Const('node1', EnumeratedSort('node', ('node0', 'node1', 'node2', 'node3')))}


---------- ArgPartition ----------

sort2class_sigs: {EnumeratedSort('node', ('node0', 'node1', 'node2', 'node3')): [node$0$p$0$0; node$1$q$0$0, node$0$p$0$1, node$0$p$0$2, node$1$q$0$1]}

sort2part_sig: {EnumeratedSort('node', ('node0', 'node1', 'node2', 'node3')): node$0$p$0$0; node$1$q$0$0 | node$0$p$0$1 | node$0$p$0$2 | node$1$q$0$1}

part_sig: ('node$0$p$0$0; node$1$q$0$0 | node$0$p$0$1 | node$0$p$0$2 | node$1$q$0$1',)


---------- SigGenerator ----------

terms:  ['p(node0)', 'p(node1)', 'p(node2)', '~q(node0)', '~q(node1)']

func_name2symbol:  {'p': Const('p', FunctionSort(EnumeratedSort('node', ('node0', 'node1', 'node2', 'node3')), BooleanSort())), 'q': Const('q', FunctionSort(EnumeratedSort('node', ('node0', 'node1', 'node2', 'node3')), BooleanSort()))}

func_name2args_sort:  {'p': (EnumeratedSort('node', ('node0', 'node1', 'node2', 'node3')),), 'q': (EnumeratedSort('node', ('node0', 'node1', 'node2', 'node3')),)}

sign_func_name2count:  {'0$p': 3, '1$q': 2}


---------- ProductArgPartition ----------

sort2class_sigs: {EnumeratedSort('node', ('node0', 'node1', 'node2', 'node3')): [node$0$p$0$0; node$1$q$0$0, node$0$p$0$1, node$0$p$0$2, node$1$q$0$1]}

sort2part_sig: {EnumeratedSort('node', ('node0', 'node1', 'node2', 'node3')): node$0$p$0$0; node$1$q$0$0 | node$0$p$0$1 | node$0$p$0$2 | node$1$q$0$1}

	sort: node

	identical_classes: {'node$0$p$0; node$1$q$0': [node$0$p$0$0; node$1$q$0$0], 'node$0$p$0': [node$0$p$0$1, node$0$p$0$2], 'node$1$q$0': [node$1$q$0$1]}

	identical_single_classes: {'node$0$p$0; node$1$q$0': node$0$p$0$0; node$1$q$0$0, 'node$1$q$0': node$1$q$0$1}

	identical_multi_classes: {'node$0$p$0': [node$0$p$0$1, node$0$p$0$2]}


---------- QInference: _set_sort_to_quantifier_mode ----------

quantifier mode: node: QuantifierMode.forall


---------- QInference: _set_constraint_mode ----------

constraint mode: ConstraintMode.merge


---------- QFormula: _set_qvars ----------

forall_qvars: {Var('NODE2', EnumeratedSort('node', ('node0', 'node1', 'node2', 'node3'))), Var('NODE1', EnumeratedSort('node', ('node0', 'node1', 'node2', 'node3'))), Var('NODE3', EnumeratedSort('node', ('node0', 'node1', 'node2', 'node3'))), Var('NODE0', EnumeratedSort('node', ('node0', 'node1', 'node2', 'node3')))}

exists_qvars: set()


---------- QFormula: _set_signed_func_name_to_args ----------

signed_func_name2args: {'0$p': [[Var('NODE0', EnumeratedSort('node', ('node0', 'node1', 'node2', 'node3')))], [Var('NODE1', EnumeratedSort('node', ('node0', 'node1', 'node2', 'node3')))], [Var('NODE2', EnumeratedSort('node', ('node0', 'node1', 'node2', 'node3')))]], '1$q': [[Var('NODE0', EnumeratedSort('node', ('node0', 'node1', 'node2', 'node3')))], [Var('NODE3', EnumeratedSort('node', ('node0', 'node1', 'node2', 'node3')))]]}


---------- QFormula: _set_qterms ----------

qterms: ['~q(NODE3)', 'p(NODE0)', '~q(NODE0)', 'p(NODE1)', 'p(NODE2)']

use present constraint


---------- QFormula: get_qclause ----------

qclause: forall NODE0,NODE2,NODE1,NODE3. q(NODE3) | ~p(NODE0) | q(NODE0) | ~p(NODE1) | ~p(NODE2) | ((NODE1 ~= NODE3 | NODE1 = NODE2 | NODE0 = NODE2 | NODE0 = NODE1) & (NODE0 = NODE2 | NODE1 = NODE2 | NODE0 = NODE3 | NODE2 = NODE3 | NODE0 = NODE1 | NODE1 = NODE3))


=== Prime Orbit 5 =====================
size : 4
num_suborbits: 1
80 (*) : -0--1111
80     : ['q(node0)', 'q(node1)', 'q(node2)', 'q(node3)', '~p(node1)']
81     : --0-1111
81     : ['q(node0)', 'q(node1)', 'q(node2)', 'q(node3)', '~p(node2)']
82     : ---01111
82     : ['q(node0)', 'q(node1)', 'q(node2)', 'q(node3)', '~p(node3)']
83     : 0---1111
83     : ['q(node0)', 'q(node1)', 'q(node2)', 'q(node3)', '~p(node0)']
num_forall :   0
num_exists :   0
num_literals : 0
quantified form : None
qcost : 0




---------- QPrime ----------


---------- ConstArgBinding ----------

terms: ['~p(node1)', 'q(node0)', 'q(node1)', 'q(node2)', 'q(node3)']

sign_func_name2args: {'1$p': [(Const('node1', EnumeratedSort('node', ('node0', 'node1', 'node2', 'node3'))),)], '0$q': [(Const('node0', EnumeratedSort('node', ('node0', 'node1', 'node2', 'node3'))),), (Const('node1', EnumeratedSort('node', ('node0', 'node1', 'node2', 'node3'))),), (Const('node2', EnumeratedSort('node', ('node0', 'node1', 'node2', 'node3'))),), (Const('node3', EnumeratedSort('node', ('node0', 'node1', 'node2', 'node3'))),)]}

const2sigs: {Const('node1', EnumeratedSort('node', ('node0', 'node1', 'node2', 'node3'))): [node$1$p$0$0, node$0$q$0$1], Const('node0', EnumeratedSort('node', ('node0', 'node1', 'node2', 'node3'))): [node$0$q$0$0], Const('node2', EnumeratedSort('node', ('node0', 'node1', 'node2', 'node3'))): [node$0$q$0$2], Const('node3', EnumeratedSort('node', ('node0', 'node1', 'node2', 'node3'))): [node$0$q$0$3]}

sig2const: {'node$1$p$0$0': Const('node1', EnumeratedSort('node', ('node0', 'node1', 'node2', 'node3'))), 'node$0$q$0$0': Const('node0', EnumeratedSort('node', ('node0', 'node1', 'node2', 'node3'))), 'node$0$q$0$1': Const('node1', EnumeratedSort('node', ('node0', 'node1', 'node2', 'node3'))), 'node$0$q$0$2': Const('node2', EnumeratedSort('node', ('node0', 'node1', 'node2', 'node3'))), 'node$0$q$0$3': Const('node3', EnumeratedSort('node', ('node0', 'node1', 'node2', 'node3')))}


---------- ArgPartition ----------

sort2class_sigs: {EnumeratedSort('node', ('node0', 'node1', 'node2', 'node3')): [node$0$q$0$0, node$0$q$0$1; node$1$p$0$0, node$0$q$0$2, node$0$q$0$3]}

sort2part_sig: {EnumeratedSort('node', ('node0', 'node1', 'node2', 'node3')): node$0$q$0$0 | node$0$q$0$1; node$1$p$0$0 | node$0$q$0$2 | node$0$q$0$3}

part_sig: ('node$0$q$0$0 | node$0$q$0$1; node$1$p$0$0 | node$0$q$0$2 | node$0$q$0$3',)


---------- SigGenerator ----------

terms:  ['~p(node1)', 'q(node0)', 'q(node1)', 'q(node2)', 'q(node3)']

func_name2symbol:  {'p': Const('p', FunctionSort(EnumeratedSort('node', ('node0', 'node1', 'node2', 'node3')), BooleanSort())), 'q': Const('q', FunctionSort(EnumeratedSort('node', ('node0', 'node1', 'node2', 'node3')), BooleanSort()))}

func_name2args_sort:  {'p': (EnumeratedSort('node', ('node0', 'node1', 'node2', 'node3')),), 'q': (EnumeratedSort('node', ('node0', 'node1', 'node2', 'node3')),)}

sign_func_name2count:  {'1$p': 1, '0$q': 4}


---------- ProductArgPartition ----------

sort2class_sigs: {EnumeratedSort('node', ('node0', 'node1', 'node2', 'node3')): [node$0$q$0$0, node$0$q$0$1; node$1$p$0$0, node$0$q$0$2, node$0$q$0$3]}

sort2part_sig: {EnumeratedSort('node', ('node0', 'node1', 'node2', 'node3')): node$0$q$0$0 | node$0$q$0$1; node$1$p$0$0 | node$0$q$0$2 | node$0$q$0$3}

	sort: node

	identical_classes: {'node$0$q$0': [node$0$q$0$0, node$0$q$0$2, node$0$q$0$3], 'node$0$q$0; node$1$p$0': [node$0$q$0$1; node$1$p$0$0]}

	identical_single_classes: {'node$0$q$0; node$1$p$0': node$0$q$0$1; node$1$p$0$0}

	identical_multi_classes: {'node$0$q$0': [node$0$q$0$0, node$0$q$0$2, node$0$q$0$3]}


---------- QInference: _set_sort_to_quantifier_mode ----------

quantifier mode: node: QuantifierMode.forall_exists


---------- QInference: _set_constraint_mode ----------

constraint mode: ConstraintMode.no_merge


---------- QFormula: _set_qvars ----------

forall_qvars: {Var('NODE1', EnumeratedSort('node', ('node0', 'node1', 'node2', 'node3')))}

exists_qvars: {Var('NODE0', EnumeratedSort('node', ('node0', 'node1', 'node2', 'node3')))}


---------- QFormula: _set_signed_func_name_to_args ----------

signed_func_name2args: {'1$p': [[Var('NODE1', EnumeratedSort('node', ('node0', 'node1', 'node2', 'node3')))]], '0$q': [[Var('NODE0', EnumeratedSort('node', ('node0', 'node1', 'node2', 'node3')))], [Var('NODE1', EnumeratedSort('node', ('node0', 'node1', 'node2', 'node3')))], [Var('NODE0', EnumeratedSort('node', ('node0', 'node1', 'node2', 'node3')))], [Var('NODE0', EnumeratedSort('node', ('node0', 'node1', 'node2', 'node3')))]]}


---------- QFormula: _set_qterms ----------

qterms: ['~p(NODE1)', 'q(NODE1)', 'q(NODE0)']


---------- QFormula: get_qclause ----------

qclause: forall NODE1. p(NODE1) | ~q(NODE1) | (exists NODE0. (~q(NODE0) & NODE0 ~= NODE1))


=== Prime Orbit 6 =====================
size : 24
num_suborbits: 2
84 (*) : 1-1-000-
84     : ['p(node0)', 'p(node2)', '~q(node0)', '~q(node1)', '~q(node2)']
85     : 1--100-0
85     : ['p(node0)', 'p(node3)', '~q(node0)', '~q(node1)', '~q(node3)']
86     : 11--000-
86     : ['p(node0)', 'p(node1)', '~q(node0)', '~q(node1)', '~q(node2)']
87     : 1--10-00
87     : ['p(node0)', 'p(node3)', '~q(node0)', '~q(node2)', '~q(node3)']
88     : 11--00-0
88     : ['p(node0)', 'p(node1)', '~q(node0)', '~q(node1)', '~q(node3)']
89     : 1-1-0-00
89     : ['p(node0)', 'p(node2)', '~q(node0)', '~q(node2)', '~q(node3)']
90     : -11-000-
90     : ['p(node1)', 'p(node2)', '~q(node0)', '~q(node1)', '~q(node2)']
91     : -1-100-0
91     : ['p(node1)', 'p(node3)', '~q(node0)', '~q(node1)', '~q(node3)']
92     : -1-1-000
92     : ['p(node1)', 'p(node3)', '~q(node1)', '~q(node2)', '~q(node3)']
93     : -11--000
93     : ['p(node1)', 'p(node2)', '~q(node1)', '~q(node2)', '~q(node3)']
94     : --110-00
94     : ['p(node2)', 'p(node3)', '~q(node0)', '~q(node2)', '~q(node3)']
95     : --11-000
95     : ['p(node2)', 'p(node3)', '~q(node1)', '~q(node2)', '~q(node3)']
96 (*) : 1--1000-
96     : ['p(node0)', 'p(node3)', '~q(node0)', '~q(node1)', '~q(node2)']
97     : 1-1-00-0
97     : ['p(node0)', 'p(node2)', '~q(node0)', '~q(node1)', '~q(node3)']
98     : 11--0-00
98     : ['p(node0)', 'p(node1)', '~q(node0)', '~q(node2)', '~q(node3)']
99     : -1-1000-
99     : ['p(node1)', 'p(node3)', '~q(node0)', '~q(node1)', '~q(node2)']
100     : -11-00-0
100     : ['p(node1)', 'p(node2)', '~q(node0)', '~q(node1)', '~q(node3)']
101     : 11---000
101     : ['p(node0)', 'p(node1)', '~q(node1)', '~q(node2)', '~q(node3)']
102     : --11000-
102     : ['p(node2)', 'p(node3)', '~q(node0)', '~q(node1)', '~q(node2)']
103     : -11-0-00
103     : ['p(node1)', 'p(node2)', '~q(node0)', '~q(node2)', '~q(node3)']
104     : 1-1--000
104     : ['p(node0)', 'p(node2)', '~q(node1)', '~q(node2)', '~q(node3)']
105     : --1100-0
105     : ['p(node2)', 'p(node3)', '~q(node0)', '~q(node1)', '~q(node3)']
106     : -1-10-00
106     : ['p(node1)', 'p(node3)', '~q(node0)', '~q(node2)', '~q(node3)']
107     : 1--1-000
107     : ['p(node0)', 'p(node3)', '~q(node1)', '~q(node2)', '~q(node3)']
num_forall :   0
num_exists :   0
num_literals : 0
quantified form : None
qcost : 0




---------- QPrime ----------


---------- ConstArgBinding ----------

terms: ['p(node0)', 'p(node2)', '~q(node0)', '~q(node1)', '~q(node2)']

sign_func_name2args: {'0$p': [(Const('node0', EnumeratedSort('node', ('node0', 'node1', 'node2', 'node3'))),), (Const('node2', EnumeratedSort('node', ('node0', 'node1', 'node2', 'node3'))),)], '1$q': [(Const('node0', EnumeratedSort('node', ('node0', 'node1', 'node2', 'node3'))),), (Const('node1', EnumeratedSort('node', ('node0', 'node1', 'node2', 'node3'))),), (Const('node2', EnumeratedSort('node', ('node0', 'node1', 'node2', 'node3'))),)]}

const2sigs: {Const('node0', EnumeratedSort('node', ('node0', 'node1', 'node2', 'node3'))): [node$0$p$0$0, node$1$q$0$0], Const('node2', EnumeratedSort('node', ('node0', 'node1', 'node2', 'node3'))): [node$0$p$0$1, node$1$q$0$2], Const('node1', EnumeratedSort('node', ('node0', 'node1', 'node2', 'node3'))): [node$1$q$0$1]}

sig2const: {'node$0$p$0$0': Const('node0', EnumeratedSort('node', ('node0', 'node1', 'node2', 'node3'))), 'node$0$p$0$1': Const('node2', EnumeratedSort('node', ('node0', 'node1', 'node2', 'node3'))), 'node$1$q$0$0': Const('node0', EnumeratedSort('node', ('node0', 'node1', 'node2', 'node3'))), 'node$1$q$0$1': Const('node1', EnumeratedSort('node', ('node0', 'node1', 'node2', 'node3'))), 'node$1$q$0$2': Const('node2', EnumeratedSort('node', ('node0', 'node1', 'node2', 'node3')))}


---------- ArgPartition ----------

sort2class_sigs: {EnumeratedSort('node', ('node0', 'node1', 'node2', 'node3')): [node$0$p$0$0; node$1$q$0$0, node$0$p$0$1; node$1$q$0$2, node$1$q$0$1]}

sort2part_sig: {EnumeratedSort('node', ('node0', 'node1', 'node2', 'node3')): node$0$p$0$0; node$1$q$0$0 | node$0$p$0$1; node$1$q$0$2 | node$1$q$0$1}

part_sig: ('node$0$p$0$0; node$1$q$0$0 | node$0$p$0$1; node$1$q$0$2 | node$1$q$0$1',)


---------- QPrime ----------


---------- ConstArgBinding ----------

terms: ['p(node0)', 'p(node3)', '~q(node0)', '~q(node1)', '~q(node2)']

sign_func_name2args: {'0$p': [(Const('node0', EnumeratedSort('node', ('node0', 'node1', 'node2', 'node3'))),), (Const('node3', EnumeratedSort('node', ('node0', 'node1', 'node2', 'node3'))),)], '1$q': [(Const('node0', EnumeratedSort('node', ('node0', 'node1', 'node2', 'node3'))),), (Const('node1', EnumeratedSort('node', ('node0', 'node1', 'node2', 'node3'))),), (Const('node2', EnumeratedSort('node', ('node0', 'node1', 'node2', 'node3'))),)]}

const2sigs: {Const('node0', EnumeratedSort('node', ('node0', 'node1', 'node2', 'node3'))): [node$0$p$0$0, node$1$q$0$0], Const('node3', EnumeratedSort('node', ('node0', 'node1', 'node2', 'node3'))): [node$0$p$0$1], Const('node1', EnumeratedSort('node', ('node0', 'node1', 'node2', 'node3'))): [node$1$q$0$1], Const('node2', EnumeratedSort('node', ('node0', 'node1', 'node2', 'node3'))): [node$1$q$0$2]}

sig2const: {'node$0$p$0$0': Const('node0', EnumeratedSort('node', ('node0', 'node1', 'node2', 'node3'))), 'node$0$p$0$1': Const('node3', EnumeratedSort('node', ('node0', 'node1', 'node2', 'node3'))), 'node$1$q$0$0': Const('node0', EnumeratedSort('node', ('node0', 'node1', 'node2', 'node3'))), 'node$1$q$0$1': Const('node1', EnumeratedSort('node', ('node0', 'node1', 'node2', 'node3'))), 'node$1$q$0$2': Const('node2', EnumeratedSort('node', ('node0', 'node1', 'node2', 'node3')))}


---------- ArgPartition ----------

sort2class_sigs: {EnumeratedSort('node', ('node0', 'node1', 'node2', 'node3')): [node$0$p$0$0; node$1$q$0$0, node$0$p$0$1, node$1$q$0$1, node$1$q$0$2]}

sort2part_sig: {EnumeratedSort('node', ('node0', 'node1', 'node2', 'node3')): node$0$p$0$0; node$1$q$0$0 | node$0$p$0$1 | node$1$q$0$1 | node$1$q$0$2}

part_sig: ('node$0$p$0$0; node$1$q$0$0 | node$0$p$0$1 | node$1$q$0$1 | node$1$q$0$2',)


---------- SigGenerator ----------

terms:  ['p(node0)', 'p(node2)', '~q(node0)', '~q(node1)', '~q(node2)']

func_name2symbol:  {'p': Const('p', FunctionSort(EnumeratedSort('node', ('node0', 'node1', 'node2', 'node3')), BooleanSort())), 'q': Const('q', FunctionSort(EnumeratedSort('node', ('node0', 'node1', 'node2', 'node3')), BooleanSort()))}

func_name2args_sort:  {'p': (EnumeratedSort('node', ('node0', 'node1', 'node2', 'node3')),), 'q': (EnumeratedSort('node', ('node0', 'node1', 'node2', 'node3')),)}

sign_func_name2count:  {'0$p': 2, '1$q': 3}


---------- ProductArgPartition ----------

sort2class_sigs: {EnumeratedSort('node', ('node0', 'node1', 'node2', 'node3')): [node$0$p$0$0; node$1$q$0$0, node$0$p$0$1, node$1$q$0$1, node$1$q$0$2]}

sort2part_sig: {EnumeratedSort('node', ('node0', 'node1', 'node2', 'node3')): node$0$p$0$0; node$1$q$0$0 | node$0$p$0$1 | node$1$q$0$1 | node$1$q$0$2}

	sort: node

	identical_classes: {'node$0$p$0; node$1$q$0': [node$0$p$0$0; node$1$q$0$0], 'node$0$p$0': [node$0$p$0$1], 'node$1$q$0': [node$1$q$0$1, node$1$q$0$2]}

	identical_single_classes: {'node$0$p$0; node$1$q$0': node$0$p$0$0; node$1$q$0$0, 'node$0$p$0': node$0$p$0$1}

	identical_multi_classes: {'node$1$q$0': [node$1$q$0$1, node$1$q$0$2]}


---------- QInference: _set_sort_to_quantifier_mode ----------

quantifier mode: node: QuantifierMode.forall


---------- QInference: _set_constraint_mode ----------

constraint mode: ConstraintMode.merge


---------- QFormula: _set_qvars ----------

forall_qvars: {Var('NODE2', EnumeratedSort('node', ('node0', 'node1', 'node2', 'node3'))), Var('NODE1', EnumeratedSort('node', ('node0', 'node1', 'node2', 'node3'))), Var('NODE3', EnumeratedSort('node', ('node0', 'node1', 'node2', 'node3'))), Var('NODE0', EnumeratedSort('node', ('node0', 'node1', 'node2', 'node3')))}

exists_qvars: set()


---------- QFormula: _set_signed_func_name_to_args ----------

signed_func_name2args: {'0$p': [[Var('NODE0', EnumeratedSort('node', ('node0', 'node1', 'node2', 'node3')))], [Var('NODE1', EnumeratedSort('node', ('node0', 'node1', 'node2', 'node3')))]], '1$q': [[Var('NODE0', EnumeratedSort('node', ('node0', 'node1', 'node2', 'node3')))], [Var('NODE2', EnumeratedSort('node', ('node0', 'node1', 'node2', 'node3')))], [Var('NODE3', EnumeratedSort('node', ('node0', 'node1', 'node2', 'node3')))]]}


---------- QFormula: _set_qterms ----------

qterms: ['~q(NODE3)', '~q(NODE0)', 'p(NODE0)', '~q(NODE2)', 'p(NODE1)']

use present constraint


---------- QFormula: get_qclause ----------

qclause: forall NODE0,NODE2,NODE1,NODE3. q(NODE3) | q(NODE0) | ~p(NODE0) | q(NODE2) | ~p(NODE1) | ((NODE1 ~= NODE3 | NODE1 = NODE2 | NODE0 = NODE2 | NODE0 = NODE1) & (NODE0 = NODE2 | NODE1 = NODE2 | NODE0 = NODE3 | NODE2 = NODE3 | NODE0 = NODE1 | NODE1 = NODE3))


=== Prime Orbit 7 =====================
size : 4
num_suborbits: 1
108 (*) : -1--0000
108     : ['p(node1)', '~q(node0)', '~q(node1)', '~q(node2)', '~q(node3)']
109     : --1-0000
109     : ['p(node2)', '~q(node0)', '~q(node1)', '~q(node2)', '~q(node3)']
110     : ---10000
110     : ['p(node3)', '~q(node0)', '~q(node1)', '~q(node2)', '~q(node3)']
111     : 1---0000
111     : ['p(node0)', '~q(node0)', '~q(node1)', '~q(node2)', '~q(node3)']
num_forall :   0
num_exists :   0
num_literals : 0
quantified form : None
qcost : 0




---------- QPrime ----------


---------- ConstArgBinding ----------

terms: ['p(node1)', '~q(node0)', '~q(node1)', '~q(node2)', '~q(node3)']

sign_func_name2args: {'0$p': [(Const('node1', EnumeratedSort('node', ('node0', 'node1', 'node2', 'node3'))),)], '1$q': [(Const('node0', EnumeratedSort('node', ('node0', 'node1', 'node2', 'node3'))),), (Const('node1', EnumeratedSort('node', ('node0', 'node1', 'node2', 'node3'))),), (Const('node2', EnumeratedSort('node', ('node0', 'node1', 'node2', 'node3'))),), (Const('node3', EnumeratedSort('node', ('node0', 'node1', 'node2', 'node3'))),)]}

const2sigs: {Const('node1', EnumeratedSort('node', ('node0', 'node1', 'node2', 'node3'))): [node$0$p$0$0, node$1$q$0$1], Const('node0', EnumeratedSort('node', ('node0', 'node1', 'node2', 'node3'))): [node$1$q$0$0], Const('node2', EnumeratedSort('node', ('node0', 'node1', 'node2', 'node3'))): [node$1$q$0$2], Const('node3', EnumeratedSort('node', ('node0', 'node1', 'node2', 'node3'))): [node$1$q$0$3]}

sig2const: {'node$0$p$0$0': Const('node1', EnumeratedSort('node', ('node0', 'node1', 'node2', 'node3'))), 'node$1$q$0$0': Const('node0', EnumeratedSort('node', ('node0', 'node1', 'node2', 'node3'))), 'node$1$q$0$1': Const('node1', EnumeratedSort('node', ('node0', 'node1', 'node2', 'node3'))), 'node$1$q$0$2': Const('node2', EnumeratedSort('node', ('node0', 'node1', 'node2', 'node3'))), 'node$1$q$0$3': Const('node3', EnumeratedSort('node', ('node0', 'node1', 'node2', 'node3')))}


---------- ArgPartition ----------

sort2class_sigs: {EnumeratedSort('node', ('node0', 'node1', 'node2', 'node3')): [node$0$p$0$0; node$1$q$0$1, node$1$q$0$0, node$1$q$0$2, node$1$q$0$3]}

sort2part_sig: {EnumeratedSort('node', ('node0', 'node1', 'node2', 'node3')): node$0$p$0$0; node$1$q$0$1 | node$1$q$0$0 | node$1$q$0$2 | node$1$q$0$3}

part_sig: ('node$0$p$0$0; node$1$q$0$1 | node$1$q$0$0 | node$1$q$0$2 | node$1$q$0$3',)


---------- SigGenerator ----------

terms:  ['p(node1)', '~q(node0)', '~q(node1)', '~q(node2)', '~q(node3)']

func_name2symbol:  {'p': Const('p', FunctionSort(EnumeratedSort('node', ('node0', 'node1', 'node2', 'node3')), BooleanSort())), 'q': Const('q', FunctionSort(EnumeratedSort('node', ('node0', 'node1', 'node2', 'node3')), BooleanSort()))}

func_name2args_sort:  {'p': (EnumeratedSort('node', ('node0', 'node1', 'node2', 'node3')),), 'q': (EnumeratedSort('node', ('node0', 'node1', 'node2', 'node3')),)}

sign_func_name2count:  {'0$p': 1, '1$q': 4}


---------- ProductArgPartition ----------

sort2class_sigs: {EnumeratedSort('node', ('node0', 'node1', 'node2', 'node3')): [node$0$p$0$0; node$1$q$0$1, node$1$q$0$0, node$1$q$0$2, node$1$q$0$3]}

sort2part_sig: {EnumeratedSort('node', ('node0', 'node1', 'node2', 'node3')): node$0$p$0$0; node$1$q$0$1 | node$1$q$0$0 | node$1$q$0$2 | node$1$q$0$3}

	sort: node

	identical_classes: {'node$0$p$0; node$1$q$0': [node$0$p$0$0; node$1$q$0$1], 'node$1$q$0': [node$1$q$0$0, node$1$q$0$2, node$1$q$0$3]}

	identical_single_classes: {'node$0$p$0; node$1$q$0': node$0$p$0$0; node$1$q$0$1}

	identical_multi_classes: {'node$1$q$0': [node$1$q$0$0, node$1$q$0$2, node$1$q$0$3]}


---------- QInference: _set_sort_to_quantifier_mode ----------

quantifier mode: node: QuantifierMode.forall_exists


---------- QInference: _set_constraint_mode ----------

constraint mode: ConstraintMode.no_merge


---------- QFormula: _set_qvars ----------

forall_qvars: {Var('NODE1', EnumeratedSort('node', ('node0', 'node1', 'node2', 'node3')))}

exists_qvars: {Var('NODE0', EnumeratedSort('node', ('node0', 'node1', 'node2', 'node3')))}


---------- QFormula: _set_signed_func_name_to_args ----------

signed_func_name2args: {'0$p': [[Var('NODE1', EnumeratedSort('node', ('node0', 'node1', 'node2', 'node3')))]], '1$q': [[Var('NODE0', EnumeratedSort('node', ('node0', 'node1', 'node2', 'node3')))], [Var('NODE1', EnumeratedSort('node', ('node0', 'node1', 'node2', 'node3')))], [Var('NODE0', EnumeratedSort('node', ('node0', 'node1', 'node2', 'node3')))], [Var('NODE0', EnumeratedSort('node', ('node0', 'node1', 'node2', 'node3')))]]}


---------- QFormula: _set_qterms ----------

qterms: ['p(NODE1)', '~q(NODE1)', '~q(NODE0)']


---------- QFormula: get_qclause ----------

qclause: forall NODE1. ~p(NODE1) | q(NODE1) | (exists NODE0. (q(NODE0) & NODE0 ~= NODE1))


=======================================================================================================

	[QI RESULT]: Quantified Prime Orbits on [ivybench/sym/ivy/McMillan_Example2.ivy: node=4]

=======================================================================================================


=== Prime Orbit 0 =====================
size : 24
num_suborbits: 2
0 (*) : -00-1-11
0     : ['q(node0)', 'q(node2)', 'q(node3)', '~p(node1)', '~p(node2)']
1     : -0-01-11
1     : ['q(node0)', 'q(node2)', 'q(node3)', '~p(node1)', '~p(node3)']
2     : -00-11-1
2     : ['q(node0)', 'q(node1)', 'q(node3)', '~p(node1)', '~p(node2)']
3     : --0011-1
3     : ['q(node0)', 'q(node1)', 'q(node3)', '~p(node2)', '~p(node3)']
4     : -0-0111-
4     : ['q(node0)', 'q(node1)', 'q(node2)', '~p(node1)', '~p(node3)']
5     : --00111-
5     : ['q(node0)', 'q(node1)', 'q(node2)', '~p(node2)', '~p(node3)']
6     : 0-0--111
6     : ['q(node1)', 'q(node2)', 'q(node3)', '~p(node0)', '~p(node2)']
7     : 0--0-111
7     : ['q(node1)', 'q(node2)', 'q(node3)', '~p(node0)', '~p(node3)']
8     : 0-0-11-1
8     : ['q(node0)', 'q(node1)', 'q(node3)', '~p(node0)', '~p(node2)']
9     : 0--0111-
9     : ['q(node0)', 'q(node1)', 'q(node2)', '~p(node0)', '~p(node3)']
10     : 00---111
10     : ['q(node1)', 'q(node2)', 'q(node3)', '~p(node0)', '~p(node1)']
11     : 00--1-11
11     : ['q(node0)', 'q(node2)', 'q(node3)', '~p(node0)', '~p(node1)']
40 (*) : 0-0-1-11
40     : ['q(node0)', 'q(node2)', 'q(node3)', '~p(node0)', '~p(node2)']
41     : 0--01-11
41     : ['q(node0)', 'q(node2)', 'q(node3)', '~p(node0)', '~p(node3)']
42     : 00--11-1
42     : ['q(node0)', 'q(node1)', 'q(node3)', '~p(node0)', '~p(node1)']
43     : 0--011-1
43     : ['q(node0)', 'q(node1)', 'q(node3)', '~p(node0)', '~p(node3)']
44     : 00--111-
44     : ['q(node0)', 'q(node1)', 'q(node2)', '~p(node0)', '~p(node1)']
45     : 0-0-111-
45     : ['q(node0)', 'q(node1)', 'q(node2)', '~p(node0)', '~p(node2)']
46     : -00--111
46     : ['q(node1)', 'q(node2)', 'q(node3)', '~p(node1)', '~p(node2)']
47     : -0-0-111
47     : ['q(node1)', 'q(node2)', 'q(node3)', '~p(node1)', '~p(node3)']
48     : -0-011-1
48     : ['q(node0)', 'q(node1)', 'q(node3)', '~p(node1)', '~p(node3)']
49     : -00-111-
49     : ['q(node0)', 'q(node1)', 'q(node2)', '~p(node1)', '~p(node2)']
50     : --00-111
50     : ['q(node1)', 'q(node2)', 'q(node3)', '~p(node2)', '~p(node3)']
51     : --001-11
51     : ['q(node0)', 'q(node2)', 'q(node3)', '~p(node2)', '~p(node3)']
num_forall :   4
num_exists :   0
num_literals : 15
quantified form : forall NODE0,NODE2,NODE1,NODE3. p(NODE1) | p(NODE3) | ~q(NODE1) | ~q(NODE2) | ~q(NODE0) | ((NODE0 ~= NODE3 | NODE1 = NODE2 | NODE0 = NODE2 | NODE0 = NODE1) & (NODE0 = NODE2 | NODE1 = NODE2 | NODE0 = NODE3 | NODE2 = NODE3 | NODE0 = NODE1 | NODE1 = NODE3))
qcost : 19




=== Prime Orbit 1 =====================
size : 24
num_suborbits: 2
12 (*) : -0001-1-
12     : ['q(node0)', 'q(node2)', '~p(node1)', '~p(node2)', '~p(node3)']
13     : -0001--1
13     : ['q(node0)', 'q(node3)', '~p(node1)', '~p(node2)', '~p(node3)']
14     : -00011--
14     : ['q(node0)', 'q(node1)', '~p(node1)', '~p(node2)', '~p(node3)']
15     : 0-00-11-
15     : ['q(node1)', 'q(node2)', '~p(node0)', '~p(node2)', '~p(node3)']
16     : 0-00-1-1
16     : ['q(node1)', 'q(node3)', '~p(node0)', '~p(node2)', '~p(node3)']
17     : 0-0011--
17     : ['q(node0)', 'q(node1)', '~p(node0)', '~p(node2)', '~p(node3)']
18     : 00-0-11-
18     : ['q(node1)', 'q(node2)', '~p(node0)', '~p(node1)', '~p(node3)']
19     : 00-0--11
19     : ['q(node2)', 'q(node3)', '~p(node0)', '~p(node1)', '~p(node3)']
20     : 00-01-1-
20     : ['q(node0)', 'q(node2)', '~p(node0)', '~p(node1)', '~p(node3)']
21     : 000--1-1
21     : ['q(node1)', 'q(node3)', '~p(node0)', '~p(node1)', '~p(node2)']
22     : 000---11
22     : ['q(node2)', 'q(node3)', '~p(node0)', '~p(node1)', '~p(node2)']
23     : 000-1--1
23     : ['q(node0)', 'q(node3)', '~p(node0)', '~p(node1)', '~p(node2)']
28 (*) : 000-1-1-
28     : ['q(node0)', 'q(node2)', '~p(node0)', '~p(node1)', '~p(node2)']
29     : 00-01--1
29     : ['q(node0)', 'q(node3)', '~p(node0)', '~p(node1)', '~p(node3)']
30     : 000-11--
30     : ['q(node0)', 'q(node1)', '~p(node0)', '~p(node1)', '~p(node2)']
31     : 0-001--1
31     : ['q(node0)', 'q(node3)', '~p(node0)', '~p(node2)', '~p(node3)']
32     : 00-011--
32     : ['q(node0)', 'q(node1)', '~p(node0)', '~p(node1)', '~p(node3)']
33     : 0-001-1-
33     : ['q(node0)', 'q(node2)', '~p(node0)', '~p(node2)', '~p(node3)']
34     : 000--11-
34     : ['q(node1)', 'q(node2)', '~p(node0)', '~p(node1)', '~p(node2)']
35     : 00-0-1-1
35     : ['q(node1)', 'q(node3)', '~p(node0)', '~p(node1)', '~p(node3)']
36     : -000-1-1
36     : ['q(node1)', 'q(node3)', '~p(node1)', '~p(node2)', '~p(node3)']
37     : -000-11-
37     : ['q(node1)', 'q(node2)', '~p(node1)', '~p(node2)', '~p(node3)']
38     : 0-00--11
38     : ['q(node2)', 'q(node3)', '~p(node0)', '~p(node2)', '~p(node3)']
39     : -000--11
39     : ['q(node2)', 'q(node3)', '~p(node1)', '~p(node2)', '~p(node3)']
num_forall :   5
num_exists :   0
num_literals : 17
quantified form : forall NODE0,NODE2,NODE1,NODE3,NODE4. p(NODE2) | p(NODE4) | p(NODE3) | ~q(NODE1) | ~q(NODE0) | ((NODE0 ~= NODE2 | NODE1 ~= NODE4 | NODE1 = NODE3 | NODE0 = NODE3 | NODE0 = NODE1) & (NODE1 ~= NODE3 | NODE0 = NODE2 | NODE1 = NODE2 | NODE0 = NODE4 | NODE0 = NODE1 | NODE1 = NODE4 | NODE2 = NODE4))
qcost : 22




=== Prime Orbit 2 =====================
size : 4
num_suborbits: 1
24 (*) : 00001---
24     : ['q(node0)', '~p(node0)', '~p(node1)', '~p(node2)', '~p(node3)']
25     : 0000-1--
25     : ['q(node1)', '~p(node0)', '~p(node1)', '~p(node2)', '~p(node3)']
26     : 0000--1-
26     : ['q(node2)', '~p(node0)', '~p(node1)', '~p(node2)', '~p(node3)']
27     : 0000---1
27     : ['q(node3)', '~p(node0)', '~p(node1)', '~p(node2)', '~p(node3)']
num_forall :   1
num_exists :   1
num_literals : 4
quantified form : forall NODE1. p(NODE1) | ~q(NODE1) | (exists NODE0. (p(NODE0) & NODE0 ~= NODE1))
qcost : 6




=== Prime Orbit 3 =====================
size : 4
num_suborbits: 1
52 (*) : 1111-0--
52     : ['p(node0)', 'p(node1)', 'p(node2)', 'p(node3)', '~q(node1)']
53     : 1111--0-
53     : ['p(node0)', 'p(node1)', 'p(node2)', 'p(node3)', '~q(node2)']
54     : 1111---0
54     : ['p(node0)', 'p(node1)', 'p(node2)', 'p(node3)', '~q(node3)']
55     : 11110---
55     : ['p(node0)', 'p(node1)', 'p(node2)', 'p(node3)', '~q(node0)']
num_forall :   1
num_exists :   1
num_literals : 4
quantified form : forall NODE1. ~p(NODE1) | q(NODE1) | (exists NODE0. (~p(NODE0) & NODE0 ~= NODE1))
qcost : 6




=== Prime Orbit 4 =====================
size : 24
num_suborbits: 2
56 (*) : 111-00--
56     : ['p(node0)', 'p(node1)', 'p(node2)', '~q(node0)', '~q(node1)']
57     : 11-100--
57     : ['p(node0)', 'p(node1)', 'p(node3)', '~q(node0)', '~q(node1)']
58     : 111-0-0-
58     : ['p(node0)', 'p(node1)', 'p(node2)', '~q(node0)', '~q(node2)']
59     : 1-110-0-
59     : ['p(node0)', 'p(node2)', 'p(node3)', '~q(node0)', '~q(node2)']
60     : 11-10--0
60     : ['p(node0)', 'p(node1)', 'p(node3)', '~q(node0)', '~q(node3)']
61     : 1-110--0
61     : ['p(node0)', 'p(node2)', 'p(node3)', '~q(node0)', '~q(node3)']
62     : 111--00-
62     : ['p(node0)', 'p(node1)', 'p(node2)', '~q(node1)', '~q(node2)']
63     : -111-00-
63     : ['p(node1)', 'p(node2)', 'p(node3)', '~q(node1)', '~q(node2)']
64     : 11-1-0-0
64     : ['p(node0)', 'p(node1)', 'p(node3)', '~q(node1)', '~q(node3)']
65     : -111-0-0
65     : ['p(node1)', 'p(node2)', 'p(node3)', '~q(node1)', '~q(node3)']
66     : 1-11--00
66     : ['p(node0)', 'p(node2)', 'p(node3)', '~q(node2)', '~q(node3)']
67     : -111--00
67     : ['p(node1)', 'p(node2)', 'p(node3)', '~q(node2)', '~q(node3)']
68 (*) : 1-1100--
68     : ['p(node0)', 'p(node2)', 'p(node3)', '~q(node0)', '~q(node1)']
69     : 11-10-0-
69     : ['p(node0)', 'p(node1)', 'p(node3)', '~q(node0)', '~q(node2)']
70     : 111-0--0
70     : ['p(node0)', 'p(node1)', 'p(node2)', '~q(node0)', '~q(node3)']
71     : -11100--
71     : ['p(node1)', 'p(node2)', 'p(node3)', '~q(node0)', '~q(node1)']
72     : 11-1-00-
72     : ['p(node0)', 'p(node1)', 'p(node3)', '~q(node1)', '~q(node2)']
73     : 111--0-0
73     : ['p(node0)', 'p(node1)', 'p(node2)', '~q(node1)', '~q(node3)']
74     : -1110-0-
74     : ['p(node1)', 'p(node2)', 'p(node3)', '~q(node0)', '~q(node2)']
75     : 1-11-00-
75     : ['p(node0)', 'p(node2)', 'p(node3)', '~q(node1)', '~q(node2)']
76     : 111---00
76     : ['p(node0)', 'p(node1)', 'p(node2)', '~q(node2)', '~q(node3)']
77     : -1110--0
77     : ['p(node1)', 'p(node2)', 'p(node3)', '~q(node0)', '~q(node3)']
78     : 1-11-0-0
78     : ['p(node0)', 'p(node2)', 'p(node3)', '~q(node1)', '~q(node3)']
79     : 11-1--00
79     : ['p(node0)', 'p(node1)', 'p(node3)', '~q(node2)', '~q(node3)']
num_forall :   4
num_exists :   0
num_literals : 15
quantified form : forall NODE0,NODE2,NODE1,NODE3. q(NODE3) | ~p(NODE0) | q(NODE0) | ~p(NODE1) | ~p(NODE2) | ((NODE1 ~= NODE3 | NODE1 = NODE2 | NODE0 = NODE2 | NODE0 = NODE1) & (NODE0 = NODE2 | NODE1 = NODE2 | NODE0 = NODE3 | NODE2 = NODE3 | NODE0 = NODE1 | NODE1 = NODE3))
qcost : 19




=== Prime Orbit 5 =====================
size : 4
num_suborbits: 1
80 (*) : -0--1111
80     : ['q(node0)', 'q(node1)', 'q(node2)', 'q(node3)', '~p(node1)']
81     : --0-1111
81     : ['q(node0)', 'q(node1)', 'q(node2)', 'q(node3)', '~p(node2)']
82     : ---01111
82     : ['q(node0)', 'q(node1)', 'q(node2)', 'q(node3)', '~p(node3)']
83     : 0---1111
83     : ['q(node0)', 'q(node1)', 'q(node2)', 'q(node3)', '~p(node0)']
num_forall :   1
num_exists :   1
num_literals : 4
quantified form : forall NODE1. p(NODE1) | ~q(NODE1) | (exists NODE0. (~q(NODE0) & NODE0 ~= NODE1))
qcost : 6




=== Prime Orbit 6 =====================
size : 24
num_suborbits: 2
84 (*) : 1-1-000-
84     : ['p(node0)', 'p(node2)', '~q(node0)', '~q(node1)', '~q(node2)']
85     : ['p(node0)', 'p(node3)', '~q(node0)', '~q(node1)', '~q(node3)']
86     : ['p(node0)', 'p(node1)', '~q(node0)', '~q(node1)', '~q(node2)']
87     : ['p(node0)', 'p(node3)', '~q(node0)', '~q(node2)', '~q(node3)']
88     : ['p(node0)', 'p(node1)', '~q(node0)', '~q(node1)', '~q(node3)']
89     : ['p(node0)', 'p(node2)', '~q(node0)', '~q(node2)', '~q(node3)']
90     : ['p(node1)', 'p(node2)', '~q(node0)', '~q(node1)', '~q(node2)']
91     : ['p(node1)', 'p(node3)', '~q(node0)', '~q(node1)', '~q(node3)']
92     : ['p(node1)', 'p(node3)', '~q(node1)', '~q(node2)', '~q(node3)']
93     : ['p(node1)', 'p(node2)', '~q(node1)', '~q(node2)', '~q(node3)']
94     : ['p(node2)', 'p(node3)', '~q(node0)', '~q(node2)', '~q(node3)']
95     : ['p(node2)', 'p(node3)', '~q(node1)', '~q(node2)', '~q(node3)']
96  (*): ['p(node0)', 'p(node3)', '~q(node0)', '~q(node1)', '~q(node2)']
97     : ['p(node0)', 'p(node2)', '~q(node0)', '~q(node1)', '~q(node3)']
98     : ['p(node0)', 'p(node1)', '~q(node0)', '~q(node2)', '~q(node3)']
99     : ['p(node1)', 'p(node3)', '~q(node0)', '~q(node1)', '~q(node2)']
101     : ['p(node0)', 'p(node1)', '~q(node1)', '~q(node2)', '~q(node3)']
102     : ['p(node2)', 'p(node3)', '~q(node0)', '~q(node1)', '~q(node2)']
103     : ['p(node1)', 'p(node2)', '~q(node0)', '~q(node2)', '~q(node3)']
104     : ['p(node0)', 'p(node2)', '~q(node1)', '~q(node2)', '~q(node3)']
105     : ['p(node2)', 'p(node3)', '~q(node0)', '~q(node1)', '~q(node3)']
106     : ['p(node1)', 'p(node3)', '~q(node0)', '~q(node2)', '~q(node3)']
107     : ['p(node0)', 'p(node3)', '~q(node1)', '~q(node2)', '~q(node3)']

quantified form : forall NODE0,NODE2,NODE1,NODE3. q(NODE3) | q(NODE0) |
 ~p(NODE0) | q(NODE2) | ~p(NODE1) | 
 ((NODE1 ~= NODE3 | NODE1 = NODE2 | NODE0 = NODE2 | NODE0 = NODE1) & 
 (NODE0 = NODE2 | NODE1 = NODE2 | NODE0 = NODE3 | 
 NODE2 = NODE3 | NODE0 = NODE1 | NODE1 = NODE3))




=== Prime Orbit 7 =====================
size : 4
num_suborbits: 1
108 (*) : -1--0000
108     : ['p(node1)', '~q(node0)', '~q(node1)', '~q(node2)', '~q(node3)']
109     : --1-0000
109     : ['p(node2)', '~q(node0)', '~q(node1)', '~q(node2)', '~q(node3)']
110     : ---10000
110     : ['p(node3)', '~q(node0)', '~q(node1)', '~q(node2)', '~q(node3)']
111     : 1---0000
111     : ['p(node0)', '~q(node0)', '~q(node1)', '~q(node2)', '~q(node3)']
num_forall :   1
num_exists :   1
num_literals : 4
quantified form : forall NODE1. ~p(NODE1) | q(NODE1) | (exists NODE0. (q(NODE0) & NODE0 ~= NODE1))
qcost : 6



[QRM NOTE]: Time elapsed since start: 7.163 seconds

[QRM NOTE]: Time elapsed since last: 1.073 seconds

[QRM NOTE]: Peak memory: 822301 bytes


======================================================================================

	[MIN]: Minimization on [ivybench/sym/ivy/McMillan_Example2.ivy: node=4]

======================================================================================


New level: 1
 pending : []
 solution : [0, 1, 2, 3, 4, 5, 6, 7]


Before reduction : 
 pending  : []
 solution : [0, 1, 2, 3, 4, 5, 6, 7]

Essensial at level 1 : set()

Before removed
 coverage : [(0, -1), (1, -1), (2, -1), (3, -1), (4, -1), (5, -1), (6, -1), (7, -1)]

After removed
 coverage : [(0, -1), (1, -1), (2, -1), (3, -1), (4, -1), (5, -1), (6, -1), (7, -1)]

Covered at level 1 : set()

After reduction : 
 pending  : []
 solution : [0, 1, 2, 3, 4, 5, 6, 7]


Solution : [0, 1, 2, 3, 4, 5, 6, 7] has cost 103.


Before backtrack at level 1
 pending : []
 solution : [0, 1, 2, 3, 4, 5, 6, 7]

After backtrack at level 1
 pending : []
 solution : [0, 1, 2, 3, 4, 5, 6, 7]


=====================================================================================================

	[MIN RESULT]: Minimized Invariants on [ivybench/sym/ivy/McMillan_Example2.ivy: node=4]

=====================================================================================================

[MIN NOTE]: number of minimal solution found: 1

[MIN NOTE]: upper bound: 103

[MIN NOTE]: maximum branch and bound depth: 1

[MIN NOTE]: number of definitions: 0

[MIN NOTE]: number of equality relations: 0

[MIN NOTE]: Solution 0 : [0, 1, 2, 3, 4, 5, 6, 7]

[MIN NOTE]: solution length: 8

invariant [invar_0] forall NODE0,NODE2,NODE1,NODE3. p(NODE1) | p(NODE3) | ~q(NODE1) | ~q(NODE2) | ~q(NODE0) | ((NODE0 ~= NODE3 | NODE1 = NODE2 | NODE0 = NODE2 | NODE0 = NODE1) & (NODE0 = NODE2 | NODE1 = NODE2 | NODE0 = NODE3 | NODE2 = NODE3 | NODE0 = NODE1 | NODE1 = NODE3)) # qcost: 19

invariant [invar_1] forall NODE0,NODE2,NODE1,NODE3,NODE4. p(NODE2) | p(NODE4) | p(NODE3) | ~q(NODE1) | ~q(NODE0) | ((NODE0 ~= NODE2 | NODE1 ~= NODE4 | NODE1 = NODE3 | NODE0 = NODE3 | NODE0 = NODE1) & (NODE1 ~= NODE3 | NODE0 = NODE2 | NODE1 = NODE2 | NODE0 = NODE4 | NODE0 = NODE1 | NODE1 = NODE4 | NODE2 = NODE4)) # qcost: 22

invariant [invar_2] forall NODE1. p(NODE1) | ~q(NODE1) | (exists NODE0. (p(NODE0) & NODE0 ~= NODE1)) # qcost: 6

invariant [invar_3] forall NODE1. ~p(NODE1) | q(NODE1) | (exists NODE0. (~p(NODE0) & NODE0 ~= NODE1)) # qcost: 6

invariant [invar_4] forall NODE0,NODE2,NODE1,NODE3. q(NODE3) | ~p(NODE0) | q(NODE0) | ~p(NODE1) | ~p(NODE2) | ((NODE1 ~= NODE3 | NODE1 = NODE2 | NODE0 = NODE2 | NODE0 = NODE1) & (NODE0 = NODE2 | NODE1 = NODE2 | NODE0 = NODE3 | NODE2 = NODE3 | NODE0 = NODE1 | NODE1 = NODE3)) # qcost: 19

invariant [invar_5] forall NODE1. p(NODE1) | ~q(NODE1) | (exists NODE0. (~q(NODE0) & NODE0 ~= NODE1)) # qcost: 6

invariant [invar_6] forall NODE0,NODE2,NODE1,NODE3. q(NODE3) | q(NODE0) | ~p(NODE0) | q(NODE2) | ~p(NODE1) | ((NODE1 ~= NODE3 | NODE1 = NODE2 | NODE0 = NODE2 | NODE0 = NODE1) & (NODE0 = NODE2 | NODE1 = NODE2 | NODE0 = NODE3 | NODE2 = NODE3 | NODE0 = NODE1 | NODE1 = NODE3)) # qcost: 19

invariant [invar_7] forall NODE1. ~p(NODE1) | q(NODE1) | (exists NODE0. (q(NODE0) & NODE0 ~= NODE1)) # qcost: 6

[MIN NOTE]: number of total invariants: 8

[MIN NOTE]: total qCost: 103




[QRM NOTE]: Time elapsed since start: 7.196 seconds

[QRM NOTE]: Time elapsed since last: 0.033 seconds

[QRM NOTE]: Peak memory: 726328 bytes


******************************************************************************************************

	[Reachability Convergence Check]: [ivybench/sym/ivy/McMillan_Example2.ivy: node=4]

******************************************************************************************************

python3 qrm.py ivybench/sym/ivy/McMillan_Example2.node_4.0.ivy -s node=5 -f 2 -g -w -r -v 5 -l ivybench/sym/ivy/McMillan_Example2.log


---------- Parsing Ivy ----------


Printing isolate this:

OK


---------- Initializing reachability from file ----------

Reachability successfully initialized


==================================================================================================================================

	[REACH_CHECK]: Reachability Convergence Check for Rmin on [ivybench/sym/ivy/McMillan_Example2.node_4.0.ivy: node=5]

==================================================================================================================================

Representatitive states in reachability not in Rmin

0xf9

0xeb

0x6c

0x65

[REACH_CHECK RESULT]: FAIL

[QRM NOTE]: Time elapsed since start: 4.684 seconds

[QRM NOTE]: Time elapsed since last: 4.684 seconds

[QRM NOTE]: Peak memory: 9015264 bytes

No Convergence

