"Orbit","SQI","qcost","Bit String","# literals","Group","Group Size","Sig"
"0","forall NODE0. ~locked_epoch0(NODE0)","2","------------1-------------------","1","3","2","0000100010"
"1","forall NODE0. ~locked_epoch1(NODE0)","2","--------------1-----------------","1","3","2","0000100010"
"2","forall NODE0. ~transfer_epoch0(NODE0)","2","----------------------1---------","1","1","2","0000001010"
"3","forall NODE0. ~transfer_epoch1(NODE0)","2","------------------------1-------","1","1","2","0000001010"
"4","exists NODE0. ~ep_epoch0(NODE0)","2","1----1--------------------------","1","5","5","2000000001"
"5","forall NODE0. ~ep_epoch0(NODE0) | ~ep_epoch1(NODE0)","3","11------------------------------","2","9","10","2000000010"
"6","forall NODE0. ~ep_epoch0(NODE0) | ~ep_epoch2(NODE0)","3","1-1-----------------------------","2","9","10","2000000010"
"7","forall NODE0. ~ep_epoch0(NODE0) | ~ep_epoch3(NODE0)","3","1--1----------------------------","2","9","10","2000000010"
"8","forall NODE0. ~ep_epoch0(NODE0) | ~ep_epoch4(NODE0)","3","1---1---------------------------","2","9","10","2000000010"
"9","forall NODE0. ~ep_epoch0(NODE0) | ~held(NODE0)","3","1---------1---------------------","2","0","101","1010000010"
"10","forall NODE0. ~ep_epoch0(NODE0) | ~locked_epoch2(NODE0)","3","1---------------1---------------","2","8","9","1000100010"
"11","forall NODE0. ~ep_epoch0(NODE0) | ~locked_epoch3(NODE0)","3","1-----------------1-------------","2","8","9","1000100010"
"12","forall NODE0. ~ep_epoch0(NODE0) | ~locked_epoch4(NODE0)","3","1-------------------1-----------","2","8","9","1000100010"
"13","exists NODE0. ~ep_epoch1(NODE0)","2","-1----1-------------------------","1","5","5","2000000001"
"14","forall NODE0. ~ep_epoch1(NODE0) | ~ep_epoch2(NODE0)","3","-11-----------------------------","2","9","10","2000000010"
"15","forall NODE0. ~ep_epoch1(NODE0) | ~ep_epoch3(NODE0)","3","-1-1----------------------------","2","9","10","2000000010"
"16","forall NODE0. ~ep_epoch1(NODE0) | ~ep_epoch4(NODE0)","3","-1--1---------------------------","2","9","10","2000000010"
"17","forall NODE0. ~ep_epoch1(NODE0) | ~locked_epoch2(NODE0)","3","-1--------------1---------------","2","8","9","1000100010"
"18","forall NODE0. ~ep_epoch1(NODE0) | ~locked_epoch3(NODE0)","3","-1----------------1-------------","2","8","9","1000100010"
"19","forall NODE0. ~ep_epoch1(NODE0) | ~locked_epoch4(NODE0)","3","-1------------------1-----------","2","8","9","1000100010"
"20","exists NODE0. ~ep_epoch2(NODE0)","2","--1----1------------------------","1","5","5","2000000001"
"21","forall NODE0. ~ep_epoch2(NODE0) | ~ep_epoch3(NODE0)","3","--11----------------------------","2","9","10","2000000010"
"22","forall NODE0. ~ep_epoch2(NODE0) | ~ep_epoch4(NODE0)","3","--1-1---------------------------","2","9","10","2000000010"
"23","forall NODE1,NODE0. ~ep_epoch2(NODE0) | ~locked_epoch2(NODE1) | NODE0 = NODE1","5","--1--------------1--------------","3","23","3","1000100020"
"24","forall NODE0. ~ep_epoch2(NODE0) | ~locked_epoch3(NODE0)","3","--1---------------1-------------","2","8","9","1000100010"
"25","forall NODE0. ~ep_epoch2(NODE0) | ~locked_epoch4(NODE0)","3","--1-----------------1-----------","2","8","9","1000100010"
"26","forall NODE1,NODE0. ~ep_epoch2(NODE0) | ~transfer_epoch2(NODE1)","4","--1-----------------------1-----","2","14","6","1000001020"
"27","forall NODE0. ~ep_epoch2(NODE0) | locked_epoch2(NODE0)","3","--1-------------0---------------","2","7","3","1000010010"
"28","exists NODE0. ~ep_epoch3(NODE0)","2","---1----1-----------------------","1","5","5","2000000001"
"29","forall NODE0. ~ep_epoch3(NODE0) | ~ep_epoch4(NODE0)","3","---11---------------------------","2","9","10","2000000010"
"30","forall NODE1,NODE0. ~ep_epoch3(NODE0) | ~locked_epoch3(NODE1) | NODE0 = NODE1","5","---1---------------1------------","3","23","3","1000100020"
"31","forall NODE0. ~ep_epoch3(NODE0) | ~locked_epoch4(NODE0)","3","---1----------------1-----------","2","8","9","1000100010"
"32","forall NODE1,NODE0. ~ep_epoch3(NODE0) | ~transfer_epoch2(NODE1)","4","---1----------------------1-----","2","14","6","1000001020"
"33","forall NODE1,NODE0. ~ep_epoch3(NODE0) | ~transfer_epoch3(NODE1)","4","---1------------------------1---","2","14","6","1000001020"
"34","forall NODE0. ~ep_epoch3(NODE0) | locked_epoch3(NODE0)","3","---1--------------0-------------","2","7","3","1000010010"
"35","exists NODE0. ~ep_epoch4(NODE0)","2","----1----1----------------------","1","5","5","2000000001"
"36","forall NODE1,NODE0. ~ep_epoch4(NODE0) | ~held(NODE1) | NODE0 = NODE1","5","----1------1--------------------","3","0","101","1010000020"
"37","forall NODE1,NODE0. ~ep_epoch4(NODE0) | ~locked_epoch4(NODE1) | NODE0 = NODE1","5","----1----------------1----------","3","23","3","1000100020"
"38","forall NODE1,NODE0. ~ep_epoch4(NODE0) | ~transfer_epoch2(NODE1)","4","----1---------------------1-----","2","14","6","1000001020"
"39","forall NODE1,NODE0. ~ep_epoch4(NODE0) | ~transfer_epoch3(NODE1)","4","----1-----------------------1---","2","14","6","1000001020"
"40","forall NODE1,NODE0. ~ep_epoch4(NODE0) | ~transfer_epoch4(NODE1)","4","----1-------------------------1-","2","14","6","1000001020"
"41","forall NODE0. ~ep_epoch4(NODE0) | held(NODE0)","3","----1-----0---------------------","2","0","101","1001000010"
"42","forall NODE0. ~ep_epoch4(NODE0) | locked_epoch4(NODE0)","3","----1---------------0-----------","2","7","3","1000010010"
"43","exists NODE0. ~held(NODE0)","2","----------11--------------------","1","0","101","0020000001"
"44","forall NODE1,NODE0. ~held(NODE0) | ~locked_epoch4(NODE1) | NODE0 = NODE1","5","----------1----------1----------","3","0","101","0010100020"
"45","forall NODE1,NODE0. ~held(NODE0) | ~transfer_epoch2(NODE1)","4","----------1---------------1-----","2","12","3","0010001020"
"46","forall NODE1,NODE0. ~held(NODE0) | ~transfer_epoch3(NODE1)","4","----------1-----------------1---","2","12","3","0010001020"
"47","forall NODE1,NODE0. ~held(NODE0) | ~transfer_epoch4(NODE1)","4","----------1-------------------1-","2","12","3","0010001020"
"48","exists NODE0. ~locked_epoch2(NODE0)","2","----------------11--------------","1","4","3","0000200001"
"49","forall NODE1,NODE0. ~locked_epoch2(NODE0) | ~transfer_epoch2(NODE1)","4","----------------1---------1-----","2","11","6","0000101020"
"50","exists NODE0. ~locked_epoch3(NODE0)","2","------------------11------------","1","4","3","0000200001"
"51","forall NODE1,NODE0. ~locked_epoch3(NODE0) | ~transfer_epoch2(NODE1)","4","------------------1-------1-----","2","11","6","0000101020"
"52","forall NODE1,NODE0. ~locked_epoch3(NODE0) | ~transfer_epoch3(NODE1)","4","------------------1---------1---","2","11","6","0000101020"
"53","exists NODE0. ~locked_epoch4(NODE0)","2","--------------------11----------","1","4","3","0000200001"
"54","forall NODE1,NODE0. ~locked_epoch4(NODE0) | ~transfer_epoch2(NODE1)","4","--------------------1-----1-----","2","11","6","0000101020"
"55","forall NODE1,NODE0. ~locked_epoch4(NODE0) | ~transfer_epoch3(NODE1)","4","--------------------1-------1---","2","11","6","0000101020"
"56","forall NODE1,NODE0. ~locked_epoch4(NODE0) | ~transfer_epoch4(NODE1)","4","--------------------1---------1-","2","11","6","0000101020"
"57","forall NODE0. ~locked_epoch4(NODE0) | ep_epoch4(NODE0)","3","----0---------------1-----------","2","0","101","0100100010"
"58","forall NODE0. ~locked_epoch4(NODE0) | held(NODE0)","3","----------0---------1-----------","2","0","101","0001100010"
"59","exists NODE0. ~transfer_epoch2(NODE0)","2","--------------------------11----","1","2","3","0000002001"
"60","forall NODE1,NODE0. ~transfer_epoch2(NODE0) | ~transfer_epoch3(NODE1)","4","--------------------------1-1---","2","10","3","0000002020"
"61","forall NODE1,NODE0. ~transfer_epoch2(NODE0) | ~transfer_epoch4(NODE1)","4","--------------------------1---1-","2","10","3","0000002020"
"62","exists NODE0. ~transfer_epoch3(NODE0)","2","----------------------------11--","1","2","3","0000002001"
"63","forall NODE1,NODE0. ~transfer_epoch3(NODE0) | ~transfer_epoch4(NODE1)","4","----------------------------1-1-","2","10","3","0000002020"
"64","exists NODE0. ~transfer_epoch4(NODE0)","2","------------------------------11","1","2","3","0000002001"
"65","forall NODE1,NODE0,NODE2. ~ep_epoch0(NODE0) | ~ep_epoch1(NODE1) | ~transfer_epoch3(NODE2) | ((NODE1 ~= NODE2 | NODE0 = NODE1) & (NODE0 ~= NODE2 | NODE0 = NODE1))","10","1-----1---------------------1---","7","108","4","2000001030"
"66","forall NODE1,NODE0,NODE2. ~ep_epoch0(NODE0) | ~ep_epoch1(NODE1) | ~transfer_epoch4(NODE2) | ((NODE1 ~= NODE2 | NODE0 = NODE1) & (NODE0 ~= NODE2 | NODE0 = NODE1))","10","1-----1-----------------------1-","7","108","4","2000001030"
"67","forall NODE1,NODE0,NODE2. ~ep_epoch0(NODE0) | ~ep_epoch2(NODE1) | ~transfer_epoch4(NODE2) | ((NODE1 ~= NODE2 | NODE0 = NODE1) & (NODE0 ~= NODE2 | NODE0 = NODE1))","10","1------1----------------------1-","7","108","4","2000001030"
"68","forall NODE1,NODE0. ~ep_epoch0(NODE0) | ~ep_epoch3(NODE1) | locked_epoch2(NODE1) | NODE0 = NODE1","6","1-------1--------0--------------","4","39","7","2000010020"
"69","forall NODE1,NODE0. ~ep_epoch0(NODE0) | ~ep_epoch4(NODE1) | locked_epoch2(NODE1) | NODE0 = NODE1","6","1--------1-------0--------------","4","39","7","2000010020"
"70","forall NODE1,NODE0. ~ep_epoch0(NODE0) | ~ep_epoch4(NODE1) | locked_epoch3(NODE1) | NODE0 = NODE1","6","1--------1---------0------------","4","39","7","2000010020"
"71","forall NODE1,NODE0. ~ep_epoch0(NODE0) | ~locked_epoch3(NODE1) | locked_epoch2(NODE1) | NODE0 = NODE1","6","1----------------0-1------------","4","34","7","1000110020"
"72","forall NODE1,NODE0. ~ep_epoch0(NODE0) | ~locked_epoch4(NODE1) | locked_epoch2(NODE1) | NODE0 = NODE1","6","1----------------0---1----------","4","34","7","1000110020"
"73","forall NODE1,NODE0. ~ep_epoch0(NODE0) | ~locked_epoch4(NODE1) | locked_epoch3(NODE1) | NODE0 = NODE1","6","1------------------0-1----------","4","34","7","1000110020"
"74","forall NODE1,NODE0,NODE2. ~ep_epoch0(NODE0) | ~transfer_epoch2(NODE1) | ep_epoch1(NODE2) | ((NODE1 ~= NODE2 | NODE0 = NODE1) & (NODE0 ~= NODE1 | NODE0 = NODE2))","10","1-----0-------------------1-----","7","106","7","1100001030"
"75","forall NODE1,NODE0,NODE2. ~ep_epoch0(NODE0) | ~transfer_epoch3(NODE1) | ep_epoch2(NODE2) | ((NODE1 ~= NODE2 | NODE0 = NODE1) & (NODE0 ~= NODE1 | NODE0 = NODE2))","10","1------0--------------------1---","7","106","7","1100001030"
"76","forall NODE1,NODE0,NODE2. ~ep_epoch0(NODE0) | ~transfer_epoch3(NODE1) | locked_epoch2(NODE2) | ((NODE1 ~= NODE2 | NODE0 = NODE1) & (NODE0 ~= NODE1 | NODE0 = NODE2))","10","1----------------0----------1---","7","104","7","1000011030"
"77","forall NODE1,NODE0,NODE2. ~ep_epoch0(NODE0) | ~transfer_epoch4(NODE1) | ep_epoch3(NODE2) | ((NODE1 ~= NODE2 | NODE0 = NODE1) & (NODE0 ~= NODE1 | NODE0 = NODE2))","10","1-------0---------------------1-","7","106","7","1100001030"
"78","forall NODE1,NODE0,NODE2. ~ep_epoch0(NODE0) | ~transfer_epoch4(NODE1) | locked_epoch2(NODE2) | ((NODE0 ~= NODE1 | NODE0 = NODE2) & (NODE1 ~= NODE2 | NODE0 = NODE1))","10","1----------------0------------1-","7","104","7","1000011030"
"79","forall NODE1,NODE0,NODE2. ~ep_epoch0(NODE0) | ~transfer_epoch4(NODE1) | locked_epoch3(NODE2) | ((NODE1 ~= NODE2 | NODE0 = NODE1) & (NODE0 ~= NODE1 | NODE0 = NODE2))","10","1------------------0----------1-","7","104","7","1000011030"
"80","forall NODE1,NODE0. ~ep_epoch0(NODE0) | ep_epoch1(NODE1) | locked_epoch2(NODE1) | NODE0 = NODE1","6","1-----0----------0--------------","4","37","3","1100010020"
"81","forall NODE1,NODE0. ~ep_epoch1(NODE0) | ~ep_epoch2(NODE1) | ~held(NODE0) | NODE0 = NODE1","6","-1-----1--1---------------------","4","40","3","2010000020"
"82","forall NODE1,NODE0,NODE2. ~ep_epoch1(NODE0) | ~ep_epoch2(NODE1) | ~transfer_epoch4(NODE2) | ((NODE0 ~= NODE2 | NODE0 = NODE1) & (NODE1 ~= NODE2 | NODE0 = NODE1))","10","-1-----1----------------------1-","7","108","4","2000001030"
"83","forall NODE1,NODE0. ~ep_epoch1(NODE0) | ~ep_epoch3(NODE1) | ~held(NODE0) | NODE0 = NODE1","6","-1------1-1---------------------","4","40","3","2010000020"
"84","forall NODE1,NODE0. ~ep_epoch1(NODE0) | ~ep_epoch3(NODE1) | locked_epoch2(NODE1) | NODE0 = NODE1","6","-1------1--------0--------------","4","39","7","2000010020"
"85","forall NODE1,NODE0. ~ep_epoch1(NODE0) | ~ep_epoch4(NODE1) | locked_epoch2(NODE1) | NODE0 = NODE1","6","-1-------1-------0--------------","4","39","7","2000010020"
"86","forall NODE1,NODE0. ~ep_epoch1(NODE0) | ~ep_epoch4(NODE1) | locked_epoch3(NODE1) | NODE0 = NODE1","6","-1-------1---------0------------","4","39","7","2000010020"
"87","forall NODE1,NODE0. ~ep_epoch1(NODE0) | ~held(NODE0) | ~locked_epoch2(NODE1) | NODE0 = NODE1","6","-1--------1------1--------------","4","36","3","1010100020"
"88","forall NODE1,NODE0. ~ep_epoch1(NODE0) | ~held(NODE0) | ~locked_epoch3(NODE1) | NODE0 = NODE1","6","-1--------1--------1------------","4","36","3","1010100020"
"89","forall NODE1,NODE0. ~ep_epoch1(NODE0) | ~held(NODE0) | ep_epoch0(NODE1) | NODE0 = NODE1","6","-1---0----1---------------------","4","38","2","1110000020"
"90","forall NODE1,NODE0. ~ep_epoch1(NODE0) | ~held(NODE1) | locked_epoch2(NODE1) | NODE0 = NODE1","6","-1---------1-----0--------------","4","35","3","1010010020"
"91","forall NODE1,NODE0. ~ep_epoch1(NODE0) | ~locked_epoch3(NODE1) | locked_epoch2(NODE1) | NODE0 = NODE1","6","-1---------------0-1------------","4","34","7","1000110020"
"92","forall NODE1,NODE0. ~ep_epoch1(NODE0) | ~locked_epoch4(NODE1) | locked_epoch2(NODE1) | NODE0 = NODE1","6","-1---------------0---1----------","4","34","7","1000110020"
"93","forall NODE1,NODE0. ~ep_epoch1(NODE0) | ~locked_epoch4(NODE1) | locked_epoch3(NODE1) | NODE0 = NODE1","6","-1-----------------0-1----------","4","34","7","1000110020"
"94","forall NODE1,NODE0,NODE2. ~ep_epoch1(NODE0) | ~transfer_epoch2(NODE1) | ep_epoch0(NODE2) | ((NODE1 ~= NODE2 | NODE0 = NODE1) & (NODE0 ~= NODE1 | NODE0 = NODE2))","10","-1---0--------------------1-----","7","106","7","1100001030"
"95","forall NODE1,NODE0,NODE2. ~ep_epoch1(NODE0) | ~transfer_epoch3(NODE1) | ep_epoch2(NODE2) | ((NODE0 ~= NODE1 | NODE0 = NODE2) & (NODE1 ~= NODE2 | NODE0 = NODE1))","10","-1-----0--------------------1---","7","106","7","1100001030"
"96","forall NODE1,NODE0,NODE2. ~ep_epoch1(NODE0) | ~transfer_epoch3(NODE1) | locked_epoch2(NODE2) | ((NODE0 ~= NODE1 | NODE0 = NODE2) & (NODE1 ~= NODE2 | NODE0 = NODE1))","10","-1---------------0----------1---","7","104","7","1000011030"
"97","forall NODE1,NODE0,NODE2. ~ep_epoch1(NODE0) | ~transfer_epoch4(NODE1) | ep_epoch3(NODE2) | ((NODE1 ~= NODE2 | NODE0 = NODE1) & (NODE0 ~= NODE1 | NODE0 = NODE2))","10","-1------0---------------------1-","7","106","7","1100001030"
"98","forall NODE1,NODE0,NODE2. ~ep_epoch1(NODE0) | ~transfer_epoch4(NODE1) | locked_epoch2(NODE2) | ((NODE1 ~= NODE2 | NODE0 = NODE1) & (NODE0 ~= NODE1 | NODE0 = NODE2))","10","-1---------------0------------1-","7","104","7","1000011030"
"99","forall NODE1,NODE0,NODE2. ~ep_epoch1(NODE0) | ~transfer_epoch4(NODE1) | locked_epoch3(NODE2) | ((NODE1 ~= NODE2 | NODE0 = NODE1) & (NODE0 ~= NODE1 | NODE0 = NODE2))","10","-1-----------------0----------1-","7","104","7","1000011030"
"100","forall NODE1,NODE0. ~ep_epoch1(NODE0) | ep_epoch0(NODE1) | locked_epoch2(NODE1) | NODE0 = NODE1","6","-1---0-----------0--------------","4","37","3","1100010020"
"101","forall NODE1,NODE0. ~ep_epoch2(NODE0) | ~ep_epoch3(NODE1) | ~held(NODE0) | NODE0 = NODE1","6","--1-----1-1---------------------","4","40","3","2010000020"
"102","forall NODE1,NODE0. ~ep_epoch2(NODE0) | ~ep_epoch4(NODE1) | locked_epoch3(NODE1) | NODE0 = NODE1","6","--1------1---------0------------","4","39","7","2000010020"
"103","forall NODE1,NODE0. ~ep_epoch2(NODE0) | ~held(NODE0) | ~locked_epoch3(NODE1) | NODE0 = NODE1","6","--1-------1--------1------------","4","36","3","1010100020"
"104","forall NODE1,NODE0. ~ep_epoch2(NODE0) | ~held(NODE1) | locked_epoch3(NODE1) | NODE0 = NODE1","6","--1--------1-------0------------","4","35","3","1010010020"
"105","forall NODE1,NODE0. ~ep_epoch2(NODE0) | ~locked_epoch4(NODE1) | locked_epoch3(NODE1) | NODE0 = NODE1","6","--1----------------0-1----------","4","34","7","1000110020"
"106","forall NODE1,NODE0,NODE2. ~ep_epoch2(NODE0) | ~transfer_epoch4(NODE1) | ep_epoch3(NODE2) | ((NODE1 ~= NODE2 | NODE0 = NODE1) & (NODE0 ~= NODE1 | NODE0 = NODE2))","10","--1-----0---------------------1-","7","106","7","1100001030"
"107","forall NODE1,NODE0,NODE2. ~ep_epoch2(NODE0) | ~transfer_epoch4(NODE1) | locked_epoch3(NODE2) | ((NODE1 ~= NODE2 | NODE0 = NODE1) & (NODE0 ~= NODE1 | NODE0 = NODE2))","10","--1----------------0----------1-","7","104","7","1000011030"
"108","forall NODE1,NODE0. ~ep_epoch3(NODE0) | ~held(NODE1) | ep_epoch4(NODE1) | NODE0 = NODE1","6","---1-----0-1--------------------","4","38","2","1110000020"
"109","forall NODE1,NODE0. ~ep_epoch3(NODE0) | ~held(NODE1) | locked_epoch4(NODE1) | NODE0 = NODE1","6","---1-------1---------0----------","4","35","3","1010010020"
"110","forall NODE1,NODE0. ~ep_epoch3(NODE0) | locked_epoch2(NODE0) | locked_epoch2(NODE1) | NODE0 = NODE1","6","---1------------00--------------","4","33","3","1000020020"
"111","forall NODE1,NODE0. ~ep_epoch4(NODE0) | ~locked_epoch3(NODE1) | ep_epoch3(NODE1) | NODE0 = NODE1","6","----1---0----------1------------","4","0","101","1100100020"
"112","forall NODE1,NODE0. ~ep_epoch4(NODE0) | ep_epoch3(NODE1) | locked_epoch3(NODE0) | NODE0 = NODE1","6","----1---0---------0-------------","4","37","3","1100010020"
"113","forall NODE1,NODE0. ~ep_epoch4(NODE0) | locked_epoch2(NODE0) | locked_epoch2(NODE1) | NODE0 = NODE1","6","----1-----------00--------------","4","33","3","1000020020"
"114","forall NODE1,NODE0. ~ep_epoch4(NODE0) | locked_epoch3(NODE0) | locked_epoch3(NODE1) | NODE0 = NODE1","6","----1-------------00------------","4","33","3","1000020020"
"115","forall NODE1,NODE0. ~held(NODE0) | ~locked_epoch3(NODE1) | ep_epoch3(NODE1) | NODE0 = NODE1","6","--------0-1--------1------------","4","26","2","0110100020"
"116","forall NODE1,NODE0. ~held(NODE0) | ~locked_epoch3(NODE1) | ep_epoch4(NODE0) | NODE0 = NODE1","6","----0-----1--------1------------","4","26","2","0110100020"
"117","forall NODE1,NODE0. ~held(NODE0) | ~locked_epoch3(NODE1) | locked_epoch4(NODE0) | NODE0 = NODE1","6","----------1--------10-----------","4","0","101","0010110020"
"118","forall NODE1,NODE0. ~locked_epoch2(NODE0) | ~transfer_epoch3(NODE1) | ep_epoch2(NODE0)","5","--0-------------1-----------1---","3","15","2","0100101020"
"119","forall NODE1,NODE0. ~locked_epoch3(NODE0) | ~locked_epoch4(NODE1) | ep_epoch3(NODE0) | NODE0 = NODE1","6","---0--------------1--1----------","4","0","101","0100200020"
"120","forall NODE1,NODE0. ~locked_epoch3(NODE0) | ~transfer_epoch4(NODE1) | ep_epoch3(NODE0)","5","---0--------------1-----------1-","3","15","2","0100101020"
"121","forall NODE0. ~locked_epoch3(NODE0) | ep_epoch3(NODE0) | ep_epoch4(NODE0)","4","---00-------------1-------------","3","0","101","0200100010"
"122","forall NODE0. ~locked_epoch3(NODE0) | ep_epoch3(NODE0) | held(NODE0)","4","---0------0-------1-------------","3","0","101","0101100010"
"123","forall NODE0. ~locked_epoch3(NODE0) | ep_epoch3(NODE0) | locked_epoch4(NODE0)","4","---0--------------1-0-----------","3","0","101","0100110010"
"124","forall NODE1,NODE0. ~locked_epoch3(NODE0) | locked_epoch2(NODE0) | locked_epoch2(NODE1) | NODE0 = NODE1","6","----------------001-------------","4","25","3","0000120020"
"125","forall NODE1,NODE0. ~locked_epoch4(NODE0) | ep_epoch3(NODE1) | locked_epoch3(NODE0) | NODE0 = NODE1","6","--------0---------0-1-----------","4","0","101","0100110020"
"126","forall NODE1,NODE0. ~locked_epoch4(NODE0) | locked_epoch2(NODE0) | locked_epoch2(NODE1) | NODE0 = NODE1","6","----------------00--1-----------","4","25","3","0000120020"
"127","forall NODE1,NODE0. ~locked_epoch4(NODE0) | locked_epoch3(NODE0) | locked_epoch3(NODE1) | NODE0 = NODE1","6","------------------001-----------","4","25","3","0000120020"
"128","forall NODE1,NODE0. ~transfer_epoch2(NODE0) | ep_epoch0(NODE0) | ep_epoch0(NODE1) | NODE0 = NODE1","6","0----0--------------------1-----","4","27","5","0200001020"
"129","forall NODE1,NODE0. ~transfer_epoch2(NODE0) | ep_epoch0(NODE1) | ep_epoch1(NODE1)","5","00------------------------1-----","3","27","5","0200001020"
"130","forall NODE1,NODE0. ~transfer_epoch2(NODE0) | ep_epoch1(NODE0) | ep_epoch1(NODE1) | NODE0 = NODE1","6","-0----0-------------------1-----","4","27","5","0200001020"
"131","forall NODE1,NODE0. ~transfer_epoch3(NODE0) | ep_epoch2(NODE0) | ep_epoch2(NODE1) | NODE0 = NODE1","6","--0----0--------------------1---","4","27","5","0200001020"
"132","forall NODE1,NODE0,NODE2. ~transfer_epoch3(NODE0) | ep_epoch2(NODE1) | locked_epoch2(NODE2) | ((NODE0 ~= NODE2 | NODE0 = NODE1) & (NODE0 ~= NODE1 | NODE0 = NODE2))","10","--0--------------0----------1---","7","94","2","0100011030"
"133","forall NODE1,NODE0. ~transfer_epoch3(NODE0) | locked_epoch2(NODE0) | locked_epoch2(NODE1) | NODE0 = NODE1","6","----------------00----------1---","4","24","3","0000021020"
"134","forall NODE1,NODE0. ~transfer_epoch4(NODE0) | ep_epoch3(NODE0) | ep_epoch3(NODE1) | NODE0 = NODE1","6","---0----0---------------------1-","4","27","5","0200001020"
"135","forall NODE1,NODE0,NODE2. ~transfer_epoch4(NODE0) | ep_epoch3(NODE1) | locked_epoch3(NODE2) | ((NODE0 ~= NODE1 | NODE0 = NODE2) & (NODE0 ~= NODE2 | NODE0 = NODE1))","10","---0---------------0----------1-","7","94","2","0100011030"
"136","forall NODE1,NODE0. ~transfer_epoch4(NODE0) | locked_epoch2(NODE0) | locked_epoch2(NODE1) | NODE0 = NODE1","6","----------------00------------1-","4","24","3","0000021020"
"137","forall NODE1,NODE0. ~transfer_epoch4(NODE0) | locked_epoch3(NODE0) | locked_epoch3(NODE1) | NODE0 = NODE1","6","------------------00----------1-","4","24","3","0000021020"
"138","forall NODE1,NODE0. ~ep_epoch0(NODE0) | ~locked_epoch2(NODE1) | ep_epoch2(NODE1) | locked_epoch3(NODE1) | NODE0 = NODE1","7","1------0---------1-0------------","5","51","5","1100110020"
"139","forall NODE1,NODE0. ~ep_epoch0(NODE0) | ep_epoch1(NODE1) | ep_epoch2(NODE1) | locked_epoch3(NODE1) | NODE0 = NODE1","7","1-----00-----------0------------","5","53","5","1200010020"
"140","forall NODE1,NODE0. ~ep_epoch1(NODE0) | ~held(NODE1) | ep_epoch2(NODE1) | locked_epoch3(NODE1) | NODE0 = NODE1","7","-1-----0---1-------0------------","5","52","3","1110010020"
"141","forall NODE1,NODE0. ~ep_epoch1(NODE0) | ~locked_epoch2(NODE1) | ep_epoch2(NODE1) | locked_epoch3(NODE1) | NODE0 = NODE1","7","-1-----0---------1-0------------","5","51","5","1100110020"
"142","forall NODE1,NODE0. ~ep_epoch1(NODE0) | ep_epoch0(NODE1) | ep_epoch2(NODE1) | locked_epoch3(NODE1) | NODE0 = NODE1","7","-1---0-0-----------0------------","5","53","5","1200010020"
"143","forall NODE1,NODE0. ~ep_epoch2(NODE0) | ~held(NODE0) | ep_epoch0(NODE1) | ep_epoch1(NODE1) | NODE0 = NODE1","7","--1--00---1---------------------","5","55","2","1210000020"
"144","forall NODE1,NODE0. ~ep_epoch2(NODE0) | ~held(NODE1) | ep_epoch3(NODE1) | ep_epoch4(NODE1) | NODE0 = NODE1","7","--1-----00-1--------------------","5","55","2","1210000020"
"145","forall NODE1,NODE0. ~ep_epoch2(NODE0) | ~held(NODE1) | ep_epoch3(NODE1) | locked_epoch4(NODE1) | NODE0 = NODE1","7","--1-----0--1---------0----------","5","52","3","1110010020"
"146","forall NODE1,NODE0,NODE2. ~ep_epoch2(NODE0) | ~transfer_epoch3(NODE1) | ep_epoch0(NODE2) | ep_epoch1(NODE2) | ((NODE0 ~= NODE1 | NODE0 = NODE2) & (NODE1 ~= NODE2 | NODE0 = NODE1))","11","--1--00---------------------1---","8","0","101","1200001030"
"147","forall NODE1,NODE0. ~ep_epoch2(NODE0) | ep_epoch0(NODE1) | ep_epoch1(NODE1) | locked_epoch3(NODE1) | NODE0 = NODE1","7","--1--00------------0------------","5","53","5","1200010020"
"148","forall NODE1,NODE0. ~ep_epoch3(NODE0) | ~held(NODE0) | ~locked_epoch2(NODE1) | ep_epoch2(NODE1) | NODE0 = NODE1","7","---1---0--1------1--------------","5","0","101","1110100020"
"149","forall NODE1,NODE0. ~ep_epoch3(NODE0) | ~held(NODE0) | ep_epoch2(NODE1) | locked_epoch2(NODE0) | NODE0 = NODE1","7","---1---0--1-----0---------------","5","52","3","1110010020"
"150","forall NODE1,NODE0,NODE2. ~ep_epoch3(NODE0) | ~locked_epoch2(NODE1) | ~transfer_epoch4(NODE2) | ep_epoch2(NODE1) | ((NODE1 ~= NODE2 | NODE0 = NODE1) & (NODE0 ~= NODE2 | NODE0 = NODE1))","11","---1---0---------1------------1-","8","0","101","1100101030"
"151","forall NODE1,NODE0. ~ep_epoch3(NODE0) | ~locked_epoch2(NODE1) | ep_epoch2(NODE1) | ep_epoch4(NODE1) | NODE0 = NODE1","7","---1---0-0-------1--------------","5","54","2","1200100020"
"152","forall NODE1,NODE0. ~ep_epoch3(NODE0) | ~locked_epoch2(NODE1) | ep_epoch2(NODE1) | held(NODE1) | NODE0 = NODE1","7","---1---0---0-----1--------------","5","0","101","1101100020"
"153","forall NODE1,NODE0. ~ep_epoch3(NODE0) | ~locked_epoch2(NODE1) | ep_epoch2(NODE1) | locked_epoch4(NODE1) | NODE0 = NODE1","7","---1---0---------1---0----------","5","51","5","1100110020"
"154","forall NODE1,NODE0,NODE2. ~ep_epoch3(NODE0) | ~transfer_epoch4(NODE1) | ep_epoch2(NODE2) | locked_epoch2(NODE0) | ((NODE1 ~= NODE2 | NODE0 = NODE1) & (NODE0 ~= NODE1 | NODE0 = NODE2))","11","---1---0--------0-------------1-","8","0","101","1100011030"
"155","forall NODE1,NODE0. ~ep_epoch3(NODE0) | ep_epoch2(NODE1) | ep_epoch4(NODE1) | locked_epoch2(NODE0) | NODE0 = NODE1","7","---1---0-0------0---------------","5","53","5","1200010020"
"156","forall NODE1,NODE0. ~ep_epoch3(NODE0) | ep_epoch2(NODE1) | held(NODE1) | locked_epoch2(NODE0) | NODE0 = NODE1","7","---1---0---0----0---------------","5","0","101","1101010020"
"157","forall NODE1,NODE0. ~ep_epoch3(NODE0) | ep_epoch2(NODE1) | locked_epoch2(NODE0) | locked_epoch4(NODE1) | NODE0 = NODE1","7","---1---0--------0----0----------","5","50","2","1100020020"
"158","forall NODE1,NODE0. ~ep_epoch4(NODE0) | ~locked_epoch2(NODE1) | ~locked_epoch3(NODE0) | ep_epoch2(NODE1) | NODE0 = NODE1","7","----1--0---------11-------------","5","0","101","1100200020"
"159","forall NODE1,NODE0. ~ep_epoch4(NODE0) | ~locked_epoch2(NODE1) | ep_epoch2(NODE1) | ep_epoch3(NODE1) | NODE0 = NODE1","7","----1--00--------1--------------","5","54","2","1200100020"
"160","forall NODE1,NODE0. ~ep_epoch4(NODE0) | ~locked_epoch2(NODE1) | ep_epoch2(NODE1) | locked_epoch3(NODE1) | NODE0 = NODE1","7","----1--0---------1-0------------","5","51","5","1100110020"
"161","forall NODE1,NODE0. ~ep_epoch4(NODE0) | ~locked_epoch3(NODE0) | ep_epoch2(NODE1) | locked_epoch2(NODE0) | NODE0 = NODE1","7","----1--0--------0-1-------------","5","51","5","1100110020"
"162","forall NODE1,NODE0. ~ep_epoch4(NODE0) | ep_epoch2(NODE1) | ep_epoch3(NODE1) | locked_epoch2(NODE0) | NODE0 = NODE1","7","----1--00-------0---------------","5","53","5","1200010020"
"163","forall NODE1,NODE0. ~ep_epoch4(NODE0) | ep_epoch2(NODE1) | locked_epoch2(NODE0) | locked_epoch3(NODE1) | NODE0 = NODE1","7","----1--0--------0--0------------","5","50","2","1100020020"
"164","forall NODE1,NODE0. ~held(NODE0) | ~locked_epoch2(NODE1) | ~locked_epoch3(NODE0) | ep_epoch2(NODE1) | NODE0 = NODE1","7","-------0--1------11-------------","5","0","101","0110200020"
"165","forall NODE1,NODE0. ~held(NODE0) | ~locked_epoch2(NODE1) | ep_epoch2(NODE1) | ep_epoch3(NODE1) | NODE0 = NODE1","7","-------00-1------1--------------","5","48","3","0210100020"
"166","forall NODE1,NODE0. ~held(NODE0) | ~locked_epoch2(NODE1) | ep_epoch2(NODE1) | ep_epoch4(NODE0) | NODE0 = NODE1","7","----0--0--1------1--------------","5","48","3","0210100020"
"167","forall NODE1,NODE0. ~held(NODE0) | ~locked_epoch2(NODE1) | ep_epoch2(NODE1) | locked_epoch3(NODE1) | NODE0 = NODE1","7","-------0--1------1-0------------","5","45","6","0110110020"
"168","forall NODE1,NODE0. ~held(NODE0) | ~locked_epoch2(NODE1) | ep_epoch2(NODE1) | locked_epoch4(NODE0) | NODE0 = NODE1","7","-------0--1------1--0-----------","5","45","6","0110110020"
"169","forall NODE1,NODE0. ~held(NODE0) | ~locked_epoch2(NODE1) | ep_epoch3(NODE0) | ep_epoch4(NODE0) | NODE0 = NODE1","7","---00-----1------1--------------","5","48","3","0210100020"
"170","forall NODE1,NODE0. ~held(NODE0) | ~locked_epoch2(NODE1) | ep_epoch3(NODE0) | locked_epoch4(NODE0) | NODE0 = NODE1","7","---0------1------1--0-----------","5","45","6","0110110020"
"171","forall NODE1,NODE0. ~held(NODE0) | ~locked_epoch2(NODE1) | ep_epoch3(NODE1) | locked_epoch3(NODE0) | NODE0 = NODE1","7","--------0-1------10-------------","5","45","6","0110110020"
"172","forall NODE1,NODE0. ~held(NODE0) | ~locked_epoch2(NODE1) | ep_epoch4(NODE0) | locked_epoch3(NODE0) | NODE0 = NODE1","7","----0-----1------10-------------","5","45","6","0110110020"
"173","forall NODE1,NODE0. ~held(NODE0) | ~locked_epoch2(NODE1) | locked_epoch3(NODE0) | locked_epoch3(NODE1) | NODE0 = NODE1","7","----------1------100------------","5","41","2","0010120020"
"174","forall NODE1,NODE0. ~held(NODE0) | ~locked_epoch2(NODE1) | locked_epoch3(NODE0) | locked_epoch4(NODE0) | NODE0 = NODE1","7","----------1------10-0-----------","5","41","2","0010120020"
"175","forall NODE1,NODE0. ~held(NODE0) | ~locked_epoch3(NODE0) | ep_epoch2(NODE1) | locked_epoch2(NODE0) | NODE0 = NODE1","7","-------0--1-----0-1-------------","5","45","6","0110110020"
"176","forall NODE1,NODE0. ~held(NODE0) | ep_epoch0(NODE1) | locked_epoch2(NODE0) | locked_epoch2(NODE1) | NODE0 = NODE1","7","-----0----1-----00--------------","5","44","2","0110020020"
"177","forall NODE1,NODE0. ~held(NODE0) | ep_epoch1(NODE0) | locked_epoch2(NODE0) | locked_epoch2(NODE1) | NODE0 = NODE1","7","-0--------1-----00--------------","5","44","2","0110020020"
"178","forall NODE1,NODE0. ~locked_epoch2(NODE0) | ~locked_epoch3(NODE1) | ~locked_epoch4(NODE1) | ep_epoch2(NODE0) | NODE0 = NODE1","7","--0-------------1--1-1----------","5","0","101","0100300020"
"179","forall NODE1,NODE0,NODE2. ~locked_epoch2(NODE0) | ~locked_epoch3(NODE1) | ~transfer_epoch4(NODE2) | ep_epoch2(NODE0) | ((NODE0 ~= NODE2 | NODE0 = NODE1) & (NODE1 ~= NODE2 | NODE0 = NODE1))","11","--0-------------1--1----------1-","8","0","101","0100201030"
"180","forall NODE1,NODE0. ~locked_epoch2(NODE0) | ~locked_epoch3(NODE1) | ep_epoch2(NODE0) | ep_epoch3(NODE1) | NODE0 = NODE1","7","--0-----0-------1--1------------","5","47","3","0200200020"
"181","forall NODE1,NODE0. ~locked_epoch2(NODE0) | ~locked_epoch3(NODE1) | ep_epoch2(NODE0) | ep_epoch4(NODE0) | NODE0 = NODE1","7","--0-0-----------1--1------------","5","47","3","0200200020"
"182","forall NODE1,NODE0. ~locked_epoch2(NODE0) | ~locked_epoch3(NODE1) | ep_epoch2(NODE0) | held(NODE0) | NODE0 = NODE1","7","--0-------0-----1--1------------","5","0","101","0101200020"
"183","forall NODE1,NODE0. ~locked_epoch2(NODE0) | ~locked_epoch3(NODE1) | ep_epoch2(NODE0) | locked_epoch4(NODE0) | NODE0 = NODE1","7","--0-------------1--10-----------","5","43","3","0100210020"
"184","forall NODE1,NODE0. ~locked_epoch2(NODE0) | ~locked_epoch4(NODE1) | ep_epoch2(NODE0) | ep_epoch3(NODE0) | NODE0 = NODE1","7","--00------------1----1----------","5","47","3","0200200020"
"185","forall NODE1,NODE0. ~locked_epoch2(NODE0) | ~locked_epoch4(NODE1) | ep_epoch2(NODE0) | locked_epoch3(NODE0) | NODE0 = NODE1","7","--0-------------1-0--1----------","5","43","3","0100210020"
"186","forall NODE1,NODE0,NODE2. ~locked_epoch2(NODE0) | ~transfer_epoch3(NODE1) | ep_epoch0(NODE2) | ep_epoch1(NODE2) | ((NODE0 ~= NODE1 | NODE0 = NODE2) & (NODE1 ~= NODE2 | NODE0 = NODE1))","11","-----00---------1-----------1---","8","0","101","0200101030"
"187","forall NODE1,NODE0. ~locked_epoch2(NODE0) | ~transfer_epoch4(NODE1) | ep_epoch2(NODE0) | ep_epoch3(NODE0)","6","--00------------1-------------1-","4","0","101","0200101020"
"188","forall NODE1,NODE0. ~locked_epoch2(NODE0) | ~transfer_epoch4(NODE1) | ep_epoch2(NODE0) | locked_epoch3(NODE0)","6","--0-------------1-0-----------1-","4","0","101","0100111020"
"189","forall NODE0. ~locked_epoch2(NODE0) | ep_epoch2(NODE0) | ep_epoch3(NODE0) | ep_epoch4(NODE0)","5","--000-----------1---------------","4","0","101","0300100010"
"190","forall NODE0. ~locked_epoch2(NODE0) | ep_epoch2(NODE0) | ep_epoch3(NODE0) | held(NODE0)","5","--00------0-----1---------------","4","0","101","0201100010"
"191","forall NODE0. ~locked_epoch2(NODE0) | ep_epoch2(NODE0) | ep_epoch3(NODE0) | locked_epoch4(NODE0)","5","--00------------1---0-----------","4","16","2","0200110010"
"192","forall NODE1,NODE0. ~locked_epoch2(NODE0) | ep_epoch2(NODE0) | ep_epoch3(NODE1) | locked_epoch3(NODE0) | NODE0 = NODE1","7","--0-----0-------1-0-------------","5","46","4","0200110020"
"193","forall NODE0. ~locked_epoch2(NODE0) | ep_epoch2(NODE0) | ep_epoch4(NODE0) | locked_epoch3(NODE0)","5","--0-0-----------1-0-------------","4","16","2","0200110010"
"194","forall NODE0. ~locked_epoch2(NODE0) | ep_epoch2(NODE0) | held(NODE0) | locked_epoch3(NODE0)","5","--0-------0-----1-0-------------","4","0","101","0101110010"
"195","forall NODE1,NODE0. ~locked_epoch2(NODE0) | ep_epoch2(NODE0) | locked_epoch3(NODE0) | locked_epoch3(NODE1) | NODE0 = NODE1","7","--0-------------1-00------------","5","42","3","0100120020"
"196","forall NODE0. ~locked_epoch2(NODE0) | ep_epoch2(NODE0) | locked_epoch3(NODE0) | locked_epoch4(NODE0)","5","--0-------------1-0-0-----------","4","0","101","0100120010"
"197","forall NODE1,NODE0. ~locked_epoch3(NODE0) | ~locked_epoch4(NODE0) | ep_epoch2(NODE1) | locked_epoch2(NODE0) | NODE0 = NODE1","7","-------0--------0-1-1-----------","5","43","3","0100210020"
"198","forall NODE1,NODE0,NODE2. ~locked_epoch3(NODE0) | ~transfer_epoch4(NODE1) | ep_epoch2(NODE2) | locked_epoch2(NODE0) | ((NODE1 ~= NODE2 | NODE0 = NODE1) & (NODE0 ~= NODE1 | NODE0 = NODE2))","11","-------0--------0-1-----------1-","8","0","101","0100111030"
"199","forall NODE1,NODE0. ~locked_epoch3(NODE0) | ep_epoch2(NODE1) | ep_epoch3(NODE0) | locked_epoch2(NODE0) | NODE0 = NODE1","7","---0---0--------0-1-------------","5","46","4","0200110020"
"200","forall NODE1,NODE0. ~locked_epoch3(NODE0) | ep_epoch2(NODE1) | ep_epoch4(NODE1) | locked_epoch2(NODE0) | NODE0 = NODE1","7","-------0-0------0-1-------------","5","46","4","0200110020"
"201","forall NODE1,NODE0. ~locked_epoch3(NODE0) | ep_epoch2(NODE1) | held(NODE1) | locked_epoch2(NODE0) | NODE0 = NODE1","7","-------0---0----0-1-------------","5","0","101","0101110020"
"202","forall NODE1,NODE0. ~locked_epoch3(NODE0) | ep_epoch2(NODE1) | locked_epoch2(NODE0) | locked_epoch4(NODE1) | NODE0 = NODE1","7","-------0--------0-1--0----------","5","42","3","0100120020"
"203","forall NODE1,NODE0. ~locked_epoch4(NODE0) | ep_epoch2(NODE1) | ep_epoch3(NODE1) | locked_epoch2(NODE0) | NODE0 = NODE1","7","-------00-------0---1-----------","5","46","4","0200110020"
"204","forall NODE1,NODE0. ~locked_epoch4(NODE0) | ep_epoch2(NODE1) | locked_epoch2(NODE0) | locked_epoch3(NODE1) | NODE0 = NODE1","7","-------0--------0--01-----------","5","42","3","0100120020"
"205","forall NODE1,NODE0. ~transfer_epoch3(NODE0) | ep_epoch0(NODE1) | ep_epoch1(NODE1) | ep_epoch2(NODE1)","6","000-------------------------1---","4","0","101","0300001020"
"206","forall NODE1,NODE0. ~transfer_epoch3(NODE0) | ep_epoch0(NODE1) | ep_epoch1(NODE1) | locked_epoch2(NODE1)","6","00--------------0-----------1---","4","0","101","0200011020"
"207","forall NODE1,NODE0,NODE2. ~transfer_epoch4(NODE0) | ep_epoch2(NODE1) | ep_epoch3(NODE1) | locked_epoch2(NODE2) | ((NODE0 ~= NODE1 | NODE0 = NODE2) & (NODE0 ~= NODE2 | NODE0 = NODE1))","11","--00-------------0------------1-","8","0","101","0200011030"
"208","forall NODE1,NODE0,NODE2. ~transfer_epoch4(NODE0) | ep_epoch2(NODE1) | locked_epoch2(NODE2) | locked_epoch3(NODE1) | ((NODE0 ~= NODE1 | NODE0 = NODE2) & (NODE0 ~= NODE2 | NODE0 = NODE1))","11","--0--------------00-----------1-","8","0","101","0100021030"
"209","exists NODE0. ep_epoch0(NODE0) | locked_epoch2(NODE0)","3","0----0----------00--------------","2","6","2","0200020001"
"210","forall NODE1,NODE0. ep_epoch0(NODE0) | ep_epoch1(NODE0) | locked_epoch2(NODE0) | locked_epoch2(NODE1) | NODE0 = NODE1","7","00--------------00--------------","5","0","101","0200020020"
"211","exists NODE0. ep_epoch1(NODE0) | locked_epoch2(NODE0)","3","-0----0---------00--------------","2","6","2","0200020001"
"212","forall NODE1,NODE0. ~ep_epoch0(NODE0) | ~ep_epoch1(NODE1) | held(NODE1) | transfer_epoch2(NODE0) | transfer_epoch2(NODE1) | NODE0 = NODE1","8","1-----1----0--------------00----","6","81","6","2001000220"
"213","forall NODE1,NODE0. ~ep_epoch0(NODE0) | ~ep_epoch2(NODE1) | held(NODE1) | transfer_epoch3(NODE0) | transfer_epoch3(NODE1) | NODE0 = NODE1","8","1------1---0----------------00--","6","81","6","2001000220"
"214","forall NODE1,NODE0. ~ep_epoch0(NODE0) | ~ep_epoch3(NODE1) | held(NODE1) | transfer_epoch4(NODE0) | transfer_epoch4(NODE1) | NODE0 = NODE1","8","1-------1--0------------------00","6","81","6","2001000220"
"215","forall NODE1,NODE0. ~ep_epoch0(NODE0) | ~locked_epoch3(NODE1) | held(NODE1) | transfer_epoch4(NODE0) | transfer_epoch4(NODE1) | NODE0 = NODE1","8","1----------0-------1----------00","6","72","3","1001100220"
"216","forall NODE1,NODE0. ~ep_epoch0(NODE0) | ep_epoch1(NODE1) | ep_epoch2(NODE1) | ep_epoch3(NODE1) | ep_epoch4(NODE1) | NODE0 = NODE1","8","1-----0000----------------------","6","80","5","1400000020"
"217","forall NODE1,NODE0. ~ep_epoch0(NODE0) | ep_epoch1(NODE1) | ep_epoch2(NODE1) | ep_epoch3(NODE1) | held(NODE1) | NODE0 = NODE1","8","1-----000--0--------------------","6","78","4","1301000020"
"218","forall NODE1,NODE0. ~ep_epoch0(NODE0) | ep_epoch1(NODE1) | ep_epoch2(NODE1) | ep_epoch3(NODE1) | locked_epoch4(NODE1) | NODE0 = NODE1","8","1-----000------------0----------","6","76","7","1300010020"
"219","forall NODE1,NODE0. ~ep_epoch0(NODE0) | held(NODE1) | locked_epoch2(NODE1) | transfer_epoch2(NODE0) | transfer_epoch2(NODE1) | NODE0 = NODE1","8","1----------0-----0--------00----","6","71","4","1001010220"
"220","forall NODE1,NODE0. ~ep_epoch1(NODE0) | ~ep_epoch2(NODE1) | held(NODE1) | transfer_epoch3(NODE0) | transfer_epoch3(NODE1) | NODE0 = NODE1","8","-1-----1---0----------------00--","6","81","6","2001000220"
"221","forall NODE1,NODE0. ~ep_epoch1(NODE0) | ~ep_epoch3(NODE1) | held(NODE1) | transfer_epoch4(NODE0) | transfer_epoch4(NODE1) | NODE0 = NODE1","8","-1------1--0------------------00","6","81","6","2001000220"
"222","forall NODE1,NODE0. ~ep_epoch1(NODE0) | ~held(NODE1) | ep_epoch2(NODE1) | ep_epoch3(NODE1) | ep_epoch4(NODE1) | NODE0 = NODE1","8","-1-----000-1--------------------","6","79","2","1310000020"
"223","forall NODE1,NODE0. ~ep_epoch1(NODE0) | ~held(NODE1) | ep_epoch2(NODE1) | ep_epoch3(NODE1) | locked_epoch4(NODE1) | NODE0 = NODE1","8","-1-----00--1---------0----------","6","75","2","1210010020"
"224","forall NODE1,NODE0. ~ep_epoch1(NODE0) | ~locked_epoch3(NODE1) | held(NODE1) | transfer_epoch4(NODE0) | transfer_epoch4(NODE1) | NODE0 = NODE1","8","-1---------0-------1----------00","6","72","3","1001100220"
"225","forall NODE1,NODE0. ~ep_epoch1(NODE0) | ep_epoch0(NODE1) | ep_epoch2(NODE1) | ep_epoch3(NODE1) | ep_epoch4(NODE1) | NODE0 = NODE1","8","-1---0-000----------------------","6","80","5","1400000020"
"226","forall NODE1,NODE0. ~ep_epoch1(NODE0) | ep_epoch0(NODE1) | ep_epoch2(NODE1) | ep_epoch3(NODE1) | held(NODE1) | NODE0 = NODE1","8","-1---0-00--0--------------------","6","78","4","1301000020"
"227","forall NODE1,NODE0. ~ep_epoch1(NODE0) | ep_epoch0(NODE1) | ep_epoch2(NODE1) | ep_epoch3(NODE1) | locked_epoch4(NODE1) | NODE0 = NODE1","8","-1---0-00------------0----------","6","76","7","1300010020"
"228","forall NODE1,NODE0. ~ep_epoch1(NODE0) | held(NODE0) | locked_epoch2(NODE1) | transfer_epoch2(NODE0) | transfer_epoch2(NODE1) | NODE0 = NODE1","8","-1--------0------0--------00----","6","71","4","1001010220"
"229","forall NODE1,NODE0. ~ep_epoch2(NODE0) | ~ep_epoch3(NODE1) | held(NODE1) | transfer_epoch4(NODE0) | transfer_epoch4(NODE1) | NODE0 = NODE1","8","--1-----1--0------------------00","6","81","6","2001000220"
"230","forall NODE1,NODE0. ~ep_epoch2(NODE0) | ~locked_epoch3(NODE1) | held(NODE1) | transfer_epoch4(NODE0) | transfer_epoch4(NODE1) | NODE0 = NODE1","8","--1--------0-------1----------00","6","72","3","1001100220"
"231","forall NODE1,NODE0. ~ep_epoch2(NODE0) | ep_epoch0(NODE1) | ep_epoch1(NODE1) | ep_epoch3(NODE1) | ep_epoch4(NODE1) | NODE0 = NODE1","8","--1--00-00----------------------","6","80","5","1400000020"
"232","forall NODE1,NODE0. ~ep_epoch2(NODE0) | ep_epoch0(NODE1) | ep_epoch1(NODE1) | ep_epoch3(NODE1) | held(NODE1) | NODE0 = NODE1","8","--1--00-0--0--------------------","6","78","4","1301000020"
"233","forall NODE1,NODE0. ~ep_epoch2(NODE0) | ep_epoch0(NODE1) | ep_epoch1(NODE1) | ep_epoch3(NODE1) | locked_epoch4(NODE1) | NODE0 = NODE1","8","--1--00-0------------0----------","6","76","7","1300010020"
"234","forall NODE1,NODE0. ~ep_epoch2(NODE0) | held(NODE0) | locked_epoch3(NODE1) | transfer_epoch3(NODE0) | transfer_epoch3(NODE1) | NODE0 = NODE1","8","--1-------0--------0--------00--","6","71","4","1001010220"
"235","forall NODE1,NODE0. ~ep_epoch3(NODE0) | ~held(NODE0) | ~locked_epoch2(NODE0) | ep_epoch0(NODE1) | ep_epoch1(NODE1) | NODE0 = NODE1","8","---1-00---1-----1---------------","6","0","101","1210100020"
"236","forall NODE1,NODE0. ~ep_epoch3(NODE0) | ~held(NODE0) | ep_epoch0(NODE1) | ep_epoch1(NODE1) | ep_epoch2(NODE1) | NODE0 = NODE1","8","---1-000--1---------------------","6","79","2","1310000020"
"237","forall NODE1,NODE0. ~ep_epoch3(NODE0) | ~held(NODE0) | ep_epoch0(NODE1) | ep_epoch1(NODE1) | locked_epoch2(NODE1) | NODE0 = NODE1","8","---1-00---1------0--------------","6","75","2","1210010020"
"238","forall NODE1,NODE0,NODE2. ~ep_epoch3(NODE0) | ~locked_epoch2(NODE0) | ~transfer_epoch4(NODE1) | ep_epoch0(NODE2) | ep_epoch1(NODE2) | ((NODE1 ~= NODE2 | NODE0 = NODE1) & (NODE0 ~= NODE1 | NODE0 = NODE2))","12","---1-00---------1-------------1-","9","0","101","1200101030"
"239","forall NODE1,NODE0. ~ep_epoch3(NODE0) | ~locked_epoch2(NODE0) | ep_epoch0(NODE1) | ep_epoch1(NODE1) | ep_epoch4(NODE1) | NODE0 = NODE1","8","---1-00--0------1---------------","6","77","3","1300100020"
"240","forall NODE1,NODE0. ~ep_epoch3(NODE0) | ~locked_epoch2(NODE0) | ep_epoch0(NODE1) | ep_epoch1(NODE1) | held(NODE1) | NODE0 = NODE1","8","---1-00----0----1---------------","6","0","101","1201100020"
"241","forall NODE1,NODE0. ~ep_epoch3(NODE0) | ~locked_epoch2(NODE0) | ep_epoch0(NODE1) | ep_epoch1(NODE1) | locked_epoch4(NODE1) | NODE0 = NODE1","8","---1-00---------1----0----------","6","74","3","1200110020"
"242","forall NODE1,NODE0,NODE2. ~ep_epoch3(NODE0) | ~transfer_epoch4(NODE1) | ep_epoch0(NODE2) | ep_epoch1(NODE2) | ep_epoch2(NODE2) | ((NODE0 ~= NODE1 | NODE0 = NODE2) & (NODE1 ~= NODE2 | NODE0 = NODE1))","12","---1-000----------------------1-","9","0","101","1300001030"
"243","forall NODE1,NODE0,NODE2. ~ep_epoch3(NODE0) | ~transfer_epoch4(NODE1) | ep_epoch0(NODE2) | ep_epoch1(NODE2) | locked_epoch2(NODE2) | ((NODE1 ~= NODE2 | NODE0 = NODE1) & (NODE0 ~= NODE1 | NODE0 = NODE2))","12","---1-00----------0------------1-","9","0","101","1200011030"
"244","forall NODE1,NODE0. ~ep_epoch3(NODE0) | ep_epoch0(NODE1) | ep_epoch1(NODE1) | ep_epoch2(NODE1) | ep_epoch4(NODE1) | NODE0 = NODE1","8","---1-000-0----------------------","6","80","5","1400000020"
"245","forall NODE1,NODE0. ~ep_epoch3(NODE0) | ep_epoch0(NODE1) | ep_epoch1(NODE1) | ep_epoch2(NODE1) | held(NODE1) | NODE0 = NODE1","8","---1-000---0--------------------","6","78","4","1301000020"
"246","forall NODE1,NODE0. ~ep_epoch3(NODE0) | ep_epoch0(NODE1) | ep_epoch1(NODE1) | ep_epoch2(NODE1) | locked_epoch4(NODE1) | NODE0 = NODE1","8","---1-000-------------0----------","6","76","7","1300010020"
"247","forall NODE1,NODE0. ~ep_epoch3(NODE0) | ep_epoch0(NODE1) | ep_epoch1(NODE1) | ep_epoch4(NODE1) | locked_epoch2(NODE1) | NODE0 = NODE1","8","---1-00--0-------0--------------","6","76","7","1300010020"
"248","forall NODE1,NODE0. ~ep_epoch3(NODE0) | ep_epoch0(NODE1) | ep_epoch1(NODE1) | held(NODE1) | locked_epoch2(NODE1) | NODE0 = NODE1","8","---1-00----0-----0--------------","6","0","101","1201010020"
"249","forall NODE1,NODE0. ~ep_epoch3(NODE0) | ep_epoch0(NODE1) | ep_epoch1(NODE1) | locked_epoch2(NODE1) | locked_epoch4(NODE1) | NODE0 = NODE1","8","---1-00----------0---0----------","6","73","2","1200020020"
"250","forall NODE1,NODE0. ~ep_epoch3(NODE0) | ep_epoch4(NODE1) | held(NODE0) | transfer_epoch4(NODE0) | transfer_epoch4(NODE1) | NODE0 = NODE1","8","---1-----00-------------------00","6","0","101","1101000220"
"251","forall NODE1,NODE0. ~ep_epoch3(NODE0) | held(NODE0) | held(NODE1) | transfer_epoch4(NODE0) | transfer_epoch4(NODE1) | NODE0 = NODE1","8","---1------00------------------00","6","0","101","1002000220"
"252","forall NODE1,NODE0. ~ep_epoch3(NODE0) | held(NODE0) | locked_epoch4(NODE1) | transfer_epoch4(NODE0) | transfer_epoch4(NODE1) | NODE0 = NODE1","8","---1------0----------0--------00","6","71","4","1001010220"
"253","forall NODE1,NODE0. ~ep_epoch4(NODE0) | ~locked_epoch2(NODE0) | ~locked_epoch3(NODE0) | ep_epoch0(NODE1) | ep_epoch1(NODE1) | NODE0 = NODE1","8","----100---------1-1-------------","6","0","101","1200200020"
"254","forall NODE1,NODE0. ~ep_epoch4(NODE0) | ~locked_epoch2(NODE0) | ep_epoch0(NODE1) | ep_epoch1(NODE1) | ep_epoch3(NODE1) | NODE0 = NODE1","8","----100-0-------1---------------","6","77","3","1300100020"
"255","forall NODE1,NODE0. ~ep_epoch4(NODE0) | ~locked_epoch2(NODE0) | ep_epoch0(NODE1) | ep_epoch1(NODE1) | locked_epoch3(NODE1) | NODE0 = NODE1","8","----100---------1--0------------","6","74","3","1200110020"
"256","forall NODE1,NODE0. ~ep_epoch4(NODE0) | ~locked_epoch3(NODE0) | ep_epoch0(NODE1) | ep_epoch1(NODE1) | ep_epoch2(NODE1) | NODE0 = NODE1","8","----1000----------1-------------","6","77","3","1300100020"
"257","forall NODE1,NODE0. ~ep_epoch4(NODE0) | ~locked_epoch3(NODE0) | ep_epoch0(NODE1) | ep_epoch1(NODE1) | locked_epoch2(NODE1) | NODE0 = NODE1","8","----100----------01-------------","6","74","3","1200110020"
"258","forall NODE1,NODE0. ~ep_epoch4(NODE0) | ep_epoch0(NODE1) | ep_epoch1(NODE1) | ep_epoch2(NODE1) | ep_epoch3(NODE1) | NODE0 = NODE1","8","----10000-----------------------","6","80","5","1400000020"
"259","forall NODE1,NODE0. ~ep_epoch4(NODE0) | ep_epoch0(NODE1) | ep_epoch1(NODE1) | ep_epoch2(NODE1) | locked_epoch3(NODE1) | NODE0 = NODE1","8","----1000-----------0------------","6","76","7","1300010020"
"260","forall NODE1,NODE0. ~ep_epoch4(NODE0) | ep_epoch0(NODE1) | ep_epoch1(NODE1) | ep_epoch3(NODE1) | locked_epoch2(NODE1) | NODE0 = NODE1","8","----100-0--------0--------------","6","76","7","1300010020"
"261","forall NODE1,NODE0. ~ep_epoch4(NODE0) | ep_epoch0(NODE1) | ep_epoch1(NODE1) | locked_epoch2(NODE1) | locked_epoch3(NODE1) | NODE0 = NODE1","8","----100----------0-0------------","6","73","2","1200020020"
"262","forall NODE1,NODE0. ~held(NODE0) | ~locked_epoch2(NODE0) | ~locked_epoch3(NODE0) | ep_epoch0(NODE1) | ep_epoch1(NODE1) | NODE0 = NODE1","8","-----00---1-----1-1-------------","6","0","101","0210200020"
"263","forall NODE1,NODE0. ~held(NODE0) | ~locked_epoch2(NODE0) | ep_epoch0(NODE1) | ep_epoch1(NODE1) | ep_epoch3(NODE1) | NODE0 = NODE1","8","-----00-0-1-----1---------------","6","67","3","0310100020"
"264","forall NODE1,NODE0. ~held(NODE0) | ~locked_epoch2(NODE0) | ep_epoch0(NODE1) | ep_epoch1(NODE1) | ep_epoch4(NODE0) | NODE0 = NODE1","8","----000---1-----1---------------","6","67","3","0310100020"
"265","forall NODE1,NODE0. ~held(NODE0) | ~locked_epoch2(NODE0) | ep_epoch0(NODE1) | ep_epoch1(NODE1) | locked_epoch3(NODE1) | NODE0 = NODE1","8","-----00---1-----1--0------------","6","61","3","0210110020"
"266","forall NODE1,NODE0. ~held(NODE0) | ~locked_epoch2(NODE0) | ep_epoch0(NODE1) | ep_epoch1(NODE1) | locked_epoch4(NODE0) | NODE0 = NODE1","8","-----00---1-----1---0-----------","6","61","3","0210110020"
"267","forall NODE1,NODE0. ~held(NODE0) | ~locked_epoch3(NODE0) | ep_epoch0(NODE1) | ep_epoch1(NODE1) | ep_epoch2(NODE1) | NODE0 = NODE1","8","-----000--1-------1-------------","6","67","3","0310100020"
"268","forall NODE1,NODE0. ~held(NODE0) | ~locked_epoch3(NODE0) | ep_epoch0(NODE1) | ep_epoch1(NODE1) | locked_epoch2(NODE1) | NODE0 = NODE1","8","-----00---1------01-------------","6","61","3","0210110020"
"269","forall NODE1,NODE0. ~held(NODE0) | ep_epoch0(NODE1) | ep_epoch1(NODE1) | ep_epoch2(NODE1) | ep_epoch3(NODE1) | NODE0 = NODE1","8","-----0000-1---------------------","6","70","4","0410000020"
"270","forall NODE1,NODE0. ~held(NODE0) | ep_epoch0(NODE1) | ep_epoch1(NODE1) | ep_epoch2(NODE1) | ep_epoch4(NODE0) | NODE0 = NODE1","8","----0000--1---------------------","6","70","4","0410000020"
"271","forall NODE1,NODE0. ~held(NODE0) | ep_epoch0(NODE1) | ep_epoch1(NODE1) | ep_epoch2(NODE1) | locked_epoch3(NODE1) | NODE0 = NODE1","8","-----000--1--------0------------","6","66","16","0310010020"
"272","forall NODE1,NODE0. ~held(NODE0) | ep_epoch0(NODE1) | ep_epoch1(NODE1) | ep_epoch2(NODE1) | locked_epoch4(NODE0) | NODE0 = NODE1","8","-----000--1---------0-----------","6","66","16","0310010020"
"273","forall NODE1,NODE0. ~held(NODE0) | ep_epoch0(NODE1) | ep_epoch1(NODE1) | ep_epoch3(NODE0) | ep_epoch4(NODE0) | NODE0 = NODE1","8","---0000---1---------------------","6","70","4","0410000020"
"274","forall NODE1,NODE0. ~held(NODE0) | ep_epoch0(NODE1) | ep_epoch1(NODE1) | ep_epoch3(NODE0) | locked_epoch4(NODE0) | NODE0 = NODE1","8","---0-00---1---------0-----------","6","66","16","0310010020"
"275","forall NODE1,NODE0. ~held(NODE0) | ep_epoch0(NODE1) | ep_epoch1(NODE1) | ep_epoch3(NODE1) | locked_epoch2(NODE1) | NODE0 = NODE1","8","-----00-0-1------0--------------","6","66","16","0310010020"
"276","forall NODE1,NODE0. ~held(NODE0) | ep_epoch0(NODE1) | ep_epoch1(NODE1) | ep_epoch3(NODE1) | locked_epoch3(NODE0) | NODE0 = NODE1","8","-----00-0-1-------0-------------","6","66","16","0310010020"
"277","forall NODE1,NODE0. ~held(NODE0) | ep_epoch0(NODE1) | ep_epoch1(NODE1) | ep_epoch4(NODE0) | locked_epoch2(NODE1) | NODE0 = NODE1","8","----000---1------0--------------","6","66","16","0310010020"
"278","forall NODE1,NODE0. ~held(NODE0) | ep_epoch0(NODE1) | ep_epoch1(NODE1) | ep_epoch4(NODE0) | locked_epoch3(NODE0) | NODE0 = NODE1","8","----000---1-------0-------------","6","66","16","0310010020"
"279","forall NODE1,NODE0. ~held(NODE0) | ep_epoch0(NODE1) | ep_epoch1(NODE1) | locked_epoch2(NODE1) | locked_epoch3(NODE1) | NODE0 = NODE1","8","-----00---1------0-0------------","6","60","15","0210020020"
"280","forall NODE1,NODE0. ~held(NODE0) | ep_epoch0(NODE1) | ep_epoch1(NODE1) | locked_epoch2(NODE1) | locked_epoch4(NODE0) | NODE0 = NODE1","8","-----00---1------0--0-----------","6","60","15","0210020020"
"281","forall NODE1,NODE0. ~held(NODE0) | ep_epoch0(NODE1) | ep_epoch1(NODE1) | locked_epoch3(NODE0) | locked_epoch3(NODE1) | NODE0 = NODE1","8","-----00---1-------00------------","6","60","15","0210020020"
"282","forall NODE1,NODE0. ~held(NODE0) | ep_epoch0(NODE1) | ep_epoch1(NODE1) | locked_epoch3(NODE0) | locked_epoch4(NODE0) | NODE0 = NODE1","8","-----00---1-------0-0-----------","6","60","15","0210020020"
"283","forall NODE1,NODE0. ~held(NODE0) | ep_epoch0(NODE1) | ep_epoch2(NODE0) | ep_epoch3(NODE0) | ep_epoch4(NODE0) | NODE0 = NODE1","8","--0000----1---------------------","6","70","4","0410000020"
"284","forall NODE1,NODE0. ~held(NODE0) | ep_epoch0(NODE1) | ep_epoch2(NODE0) | ep_epoch3(NODE0) | locked_epoch4(NODE0) | NODE0 = NODE1","8","--00-0----1---------0-----------","6","66","16","0310010020"
"285","forall NODE1,NODE0. ~held(NODE0) | ep_epoch0(NODE1) | ep_epoch2(NODE0) | ep_epoch3(NODE1) | locked_epoch3(NODE0) | NODE0 = NODE1","8","--0--0--0-1-------0-------------","6","66","16","0310010020"
"286","forall NODE1,NODE0. ~held(NODE0) | ep_epoch0(NODE1) | ep_epoch2(NODE0) | ep_epoch4(NODE0) | locked_epoch3(NODE0) | NODE0 = NODE1","8","--0-00----1-------0-------------","6","66","16","0310010020"
"287","forall NODE1,NODE0. ~held(NODE0) | ep_epoch0(NODE1) | ep_epoch2(NODE0) | locked_epoch3(NODE0) | locked_epoch3(NODE1) | NODE0 = NODE1","8","--0--0----1-------00------------","6","60","15","0210020020"
"288","forall NODE1,NODE0. ~held(NODE0) | ep_epoch0(NODE1) | ep_epoch2(NODE0) | locked_epoch3(NODE0) | locked_epoch4(NODE0) | NODE0 = NODE1","8","--0--0----1-------0-0-----------","6","60","15","0210020020"
"289","forall NODE1,NODE0. ~held(NODE0) | ep_epoch0(NODE1) | ep_epoch2(NODE1) | ep_epoch3(NODE1) | locked_epoch2(NODE0) | NODE0 = NODE1","8","-----0-00-1-----0---------------","6","66","16","0310010020"
"290","forall NODE1,NODE0. ~held(NODE0) | ep_epoch0(NODE1) | ep_epoch2(NODE1) | ep_epoch4(NODE0) | locked_epoch2(NODE0) | NODE0 = NODE1","8","----00-0--1-----0---------------","6","66","16","0310010020"
"291","forall NODE1,NODE0. ~held(NODE0) | ep_epoch0(NODE1) | ep_epoch2(NODE1) | locked_epoch2(NODE0) | locked_epoch3(NODE1) | NODE0 = NODE1","8","-----0-0--1-----0--0------------","6","60","15","0210020020"
"292","forall NODE1,NODE0. ~held(NODE0) | ep_epoch0(NODE1) | ep_epoch2(NODE1) | locked_epoch2(NODE0) | locked_epoch4(NODE0) | NODE0 = NODE1","8","-----0-0--1-----0---0-----------","6","60","15","0210020020"
"293","forall NODE1,NODE0. ~held(NODE0) | ep_epoch0(NODE1) | ep_epoch3(NODE0) | ep_epoch4(NODE0) | locked_epoch2(NODE0) | NODE0 = NODE1","8","---000----1-----0---------------","6","66","16","0310010020"
"294","forall NODE1,NODE0. ~held(NODE0) | ep_epoch0(NODE1) | ep_epoch3(NODE0) | locked_epoch2(NODE0) | locked_epoch4(NODE0) | NODE0 = NODE1","8","---0-0----1-----0---0-----------","6","60","15","0210020020"
"295","forall NODE1,NODE0. ~held(NODE0) | ep_epoch0(NODE1) | ep_epoch3(NODE1) | locked_epoch2(NODE0) | locked_epoch3(NODE0) | NODE0 = NODE1","8","-----0--0-1-----0-0-------------","6","60","15","0210020020"
"296","forall NODE1,NODE0. ~held(NODE0) | ep_epoch0(NODE1) | ep_epoch4(NODE0) | locked_epoch2(NODE0) | locked_epoch3(NODE0) | NODE0 = NODE1","8","----00----1-----0-0-------------","6","60","15","0210020020"
"297","forall NODE1,NODE0. ~held(NODE0) | ep_epoch0(NODE1) | locked_epoch2(NODE0) | locked_epoch3(NODE0) | locked_epoch3(NODE1) | NODE0 = NODE1","8","-----0----1-----0-00------------","6","56","3","0110030020"
"298","forall NODE1,NODE0. ~held(NODE0) | ep_epoch0(NODE1) | locked_epoch2(NODE0) | locked_epoch3(NODE0) | locked_epoch4(NODE0) | NODE0 = NODE1","8","-----0----1-----0-0-0-----------","6","56","3","0110030020"
"299","forall NODE0. ~held(NODE0) | ep_epoch1(NODE0) | ep_epoch2(NODE0) | ep_epoch3(NODE0) | ep_epoch4(NODE0)","6","-0000-----1---------------------","5","0","101","0410000010"
"300","forall NODE0. ~held(NODE0) | ep_epoch1(NODE0) | ep_epoch2(NODE0) | ep_epoch3(NODE0) | locked_epoch4(NODE0)","6","-000------1---------0-----------","5","31","3","0310010010"
"301","forall NODE1,NODE0. ~held(NODE0) | ep_epoch1(NODE0) | ep_epoch2(NODE0) | ep_epoch3(NODE1) | locked_epoch3(NODE0) | NODE0 = NODE1","8","-00-----0-1-------0-------------","6","66","16","0310010020"
"302","forall NODE0. ~held(NODE0) | ep_epoch1(NODE0) | ep_epoch2(NODE0) | ep_epoch4(NODE0) | locked_epoch3(NODE0)","6","-00-0-----1-------0-------------","5","31","3","0310010010"
"303","forall NODE1,NODE0. ~held(NODE0) | ep_epoch1(NODE0) | ep_epoch2(NODE0) | locked_epoch3(NODE0) | locked_epoch3(NODE1) | NODE0 = NODE1","8","-00-------1-------00------------","6","60","15","0210020020"
"304","forall NODE0. ~held(NODE0) | ep_epoch1(NODE0) | ep_epoch2(NODE0) | locked_epoch3(NODE0) | locked_epoch4(NODE0)","6","-00-------1-------0-0-----------","5","28","3","0210020010"
"305","forall NODE1,NODE0. ~held(NODE0) | ep_epoch1(NODE0) | ep_epoch2(NODE1) | ep_epoch3(NODE1) | locked_epoch2(NODE0) | NODE0 = NODE1","8","-0-----00-1-----0---------------","6","66","16","0310010020"
"306","forall NODE1,NODE0. ~held(NODE0) | ep_epoch1(NODE0) | ep_epoch2(NODE1) | ep_epoch4(NODE0) | locked_epoch2(NODE0) | NODE0 = NODE1","8","-0--0--0--1-----0---------------","6","66","16","0310010020"
"307","forall NODE1,NODE0. ~held(NODE0) | ep_epoch1(NODE0) | ep_epoch2(NODE1) | locked_epoch2(NODE0) | locked_epoch3(NODE1) | NODE0 = NODE1","8","-0-----0--1-----0--0------------","6","60","15","0210020020"
"308","forall NODE1,NODE0. ~held(NODE0) | ep_epoch1(NODE0) | ep_epoch2(NODE1) | locked_epoch2(NODE0) | locked_epoch4(NODE0) | NODE0 = NODE1","8","-0-----0--1-----0---0-----------","6","60","15","0210020020"
"309","forall NODE0. ~held(NODE0) | ep_epoch1(NODE0) | ep_epoch3(NODE0) | ep_epoch4(NODE0) | locked_epoch2(NODE0)","6","-0-00-----1-----0---------------","5","31","3","0310010010"
"310","forall NODE0. ~held(NODE0) | ep_epoch1(NODE0) | ep_epoch3(NODE0) | locked_epoch2(NODE0) | locked_epoch4(NODE0)","6","-0-0------1-----0---0-----------","5","28","3","0210020010"
"311","forall NODE1,NODE0. ~held(NODE0) | ep_epoch1(NODE0) | ep_epoch3(NODE1) | locked_epoch2(NODE0) | locked_epoch3(NODE0) | NODE0 = NODE1","8","-0------0-1-----0-0-------------","6","60","15","0210020020"
"312","forall NODE0. ~held(NODE0) | ep_epoch1(NODE0) | ep_epoch4(NODE0) | locked_epoch2(NODE0) | locked_epoch3(NODE0)","6","-0--0-----1-----0-0-------------","5","28","3","0210020010"
"313","forall NODE1,NODE0. ~held(NODE0) | ep_epoch1(NODE0) | locked_epoch2(NODE0) | locked_epoch3(NODE0) | locked_epoch3(NODE1) | NODE0 = NODE1","8","-0--------1-----0-00------------","6","56","3","0110030020"
"314","forall NODE0. ~held(NODE0) | ep_epoch1(NODE0) | locked_epoch2(NODE0) | locked_epoch3(NODE0) | locked_epoch4(NODE0)","6","-0--------1-----0-0-0-----------","5","0","101","0110030010"
"315","forall NODE1,NODE0. ~locked_epoch2(NODE0) | ~locked_epoch3(NODE0) | ~locked_epoch4(NODE0) | ep_epoch0(NODE1) | ep_epoch1(NODE1) | NODE0 = NODE1","8","-----00---------1-1-1-----------","6","0","101","0200300020"
"316","forall NODE1,NODE0,NODE2. ~locked_epoch2(NODE0) | ~locked_epoch3(NODE0) | ~transfer_epoch4(NODE1) | ep_epoch0(NODE2) | ep_epoch1(NODE2) | ((NODE1 ~= NODE2 | NODE0 = NODE1) & (NODE0 ~= NODE1 | NODE0 = NODE2))","12","-----00---------1-1-----------1-","9","0","101","0200201030"
"317","forall NODE1,NODE0. ~locked_epoch2(NODE0) | ~locked_epoch3(NODE0) | ep_epoch0(NODE1) | ep_epoch1(NODE1) | ep_epoch3(NODE0) | NODE0 = NODE1","8","---0-00---------1-1-------------","6","64","4","0300200020"
"318","forall NODE1,NODE0. ~locked_epoch2(NODE0) | ~locked_epoch3(NODE0) | ep_epoch0(NODE1) | ep_epoch1(NODE1) | ep_epoch4(NODE1) | NODE0 = NODE1","8","-----00--0------1-1-------------","6","64","4","0300200020"
"319","forall NODE1,NODE0. ~locked_epoch2(NODE0) | ~locked_epoch3(NODE0) | ep_epoch0(NODE1) | ep_epoch1(NODE1) | held(NODE1) | NODE0 = NODE1","8","-----00----0----1-1-------------","6","0","101","0201200020"
"320","forall NODE1,NODE0. ~locked_epoch2(NODE0) | ~locked_epoch3(NODE0) | ep_epoch0(NODE1) | ep_epoch1(NODE1) | locked_epoch4(NODE1) | NODE0 = NODE1","8","-----00---------1-1--0----------","6","58","3","0200210020"
"321","forall NODE1,NODE0. ~locked_epoch2(NODE0) | ~locked_epoch4(NODE0) | ep_epoch0(NODE1) | ep_epoch1(NODE1) | ep_epoch3(NODE1) | NODE0 = NODE1","8","-----00-0-------1---1-----------","6","64","4","0300200020"
"322","forall NODE1,NODE0. ~locked_epoch2(NODE0) | ~locked_epoch4(NODE0) | ep_epoch0(NODE1) | ep_epoch1(NODE1) | locked_epoch3(NODE1) | NODE0 = NODE1","8","-----00---------1--01-----------","6","58","3","0200210020"
"323","forall NODE1,NODE0,NODE2. ~locked_epoch2(NODE0) | ~transfer_epoch4(NODE1) | ep_epoch0(NODE2) | ep_epoch1(NODE2) | ep_epoch2(NODE0) | ((NODE1 ~= NODE2 | NODE0 = NODE1) & (NODE0 ~= NODE1 | NODE0 = NODE2))","12","--0--00---------1-------------1-","9","122","3","0300101030"
"324","forall NODE1,NODE0,NODE2. ~locked_epoch2(NODE0) | ~transfer_epoch4(NODE1) | ep_epoch0(NODE2) | ep_epoch1(NODE2) | ep_epoch3(NODE2) | ((NODE1 ~= NODE2 | NODE0 = NODE1) & (NODE0 ~= NODE1 | NODE0 = NODE2))","12","-----00-0-------1-------------1-","9","122","3","0300101030"
"325","forall NODE1,NODE0,NODE2. ~locked_epoch2(NODE0) | ~transfer_epoch4(NODE1) | ep_epoch0(NODE2) | ep_epoch1(NODE2) | locked_epoch3(NODE2) | ((NODE1 ~= NODE2 | NODE0 = NODE1) & (NODE0 ~= NODE1 | NODE0 = NODE2))","12","-----00---------1--0----------1-","9","120","2","0200111030"
"326","forall NODE1,NODE0. ~locked_epoch2(NODE0) | ep_epoch0(NODE1) | ep_epoch1(NODE1) | ep_epoch3(NODE0) | locked_epoch3(NODE1) | NODE0 = NODE1","8","---0-00---------1--0------------","6","63","8","0300110020"
"327","forall NODE1,NODE0. ~locked_epoch2(NODE0) | ep_epoch0(NODE1) | ep_epoch1(NODE1) | ep_epoch3(NODE1) | ep_epoch4(NODE1) | NODE0 = NODE1","8","-----00-00------1---------------","6","69","4","0400100020"
"328","forall NODE1,NODE0. ~locked_epoch2(NODE0) | ep_epoch0(NODE1) | ep_epoch1(NODE1) | ep_epoch3(NODE1) | held(NODE1) | NODE0 = NODE1","8","-----00-0--0----1---------------","6","65","2","0301100020"
"329","forall NODE1,NODE0. ~locked_epoch2(NODE0) | ep_epoch0(NODE1) | ep_epoch1(NODE1) | ep_epoch3(NODE1) | locked_epoch4(NODE1) | NODE0 = NODE1","8","-----00-0-------1----0----------","6","63","8","0300110020"
"330","forall NODE1,NODE0. ~locked_epoch2(NODE0) | ep_epoch0(NODE1) | ep_epoch1(NODE1) | ep_epoch4(NODE1) | locked_epoch3(NODE1) | NODE0 = NODE1","8","-----00--0------1--0------------","6","63","8","0300110020"
"331","forall NODE1,NODE0. ~locked_epoch2(NODE0) | ep_epoch0(NODE1) | ep_epoch1(NODE1) | held(NODE1) | locked_epoch3(NODE1) | NODE0 = NODE1","8","-----00----0----1--0------------","6","59","2","0201110020"
"332","forall NODE1,NODE0. ~locked_epoch2(NODE0) | ep_epoch0(NODE1) | ep_epoch1(NODE1) | locked_epoch3(NODE0) | locked_epoch3(NODE1) | NODE0 = NODE1","8","-----00---------1-00------------","6","57","4","0200120020"
"333","forall NODE1,NODE0. ~locked_epoch2(NODE0) | ep_epoch0(NODE1) | ep_epoch1(NODE1) | locked_epoch3(NODE1) | locked_epoch4(NODE1) | NODE0 = NODE1","8","-----00---------1--0-0----------","6","57","4","0200120020"
"334","forall NODE1,NODE0. ~locked_epoch3(NODE0) | ~locked_epoch4(NODE0) | ep_epoch0(NODE1) | ep_epoch1(NODE1) | ep_epoch2(NODE1) | NODE0 = NODE1","8","-----000----------1-1-----------","6","64","4","0300200020"
"335","forall NODE1,NODE0. ~locked_epoch3(NODE0) | ~locked_epoch4(NODE0) | ep_epoch0(NODE1) | ep_epoch1(NODE1) | locked_epoch2(NODE1) | NODE0 = NODE1","8","-----00----------01-1-----------","6","58","3","0200210020"
"336","forall NODE1,NODE0,NODE2. ~locked_epoch3(NODE0) | ~transfer_epoch4(NODE1) | ep_epoch0(NODE2) | ep_epoch1(NODE2) | ep_epoch2(NODE2) | ((NODE0 ~= NODE1 | NODE0 = NODE2) & (NODE1 ~= NODE2 | NODE0 = NODE1))","12","-----000----------1-----------1-","9","122","3","0300101030"
"337","forall NODE1,NODE0,NODE2. ~locked_epoch3(NODE0) | ~transfer_epoch4(NODE1) | ep_epoch0(NODE2) | ep_epoch1(NODE2) | locked_epoch2(NODE2) | ((NODE1 ~= NODE2 | NODE0 = NODE1) & (NODE0 ~= NODE1 | NODE0 = NODE2))","12","-----00----------01-----------1-","9","120","2","0200111030"
"338","forall NODE1,NODE0. ~locked_epoch3(NODE0) | ep_epoch0(NODE1) | ep_epoch1(NODE1) | ep_epoch2(NODE1) | ep_epoch3(NODE0) | NODE0 = NODE1","8","---0-000----------1-------------","6","69","4","0400100020"
"339","forall NODE1,NODE0. ~locked_epoch3(NODE0) | ep_epoch0(NODE1) | ep_epoch1(NODE1) | ep_epoch2(NODE1) | ep_epoch4(NODE1) | NODE0 = NODE1","8","-----000-0--------1-------------","6","69","4","0400100020"
"340","forall NODE1,NODE0. ~locked_epoch3(NODE0) | ep_epoch0(NODE1) | ep_epoch1(NODE1) | ep_epoch2(NODE1) | held(NODE1) | NODE0 = NODE1","8","-----000---0------1-------------","6","65","2","0301100020"
"341","forall NODE1,NODE0. ~locked_epoch3(NODE0) | ep_epoch0(NODE1) | ep_epoch1(NODE1) | ep_epoch2(NODE1) | locked_epoch4(NODE1) | NODE0 = NODE1","8","-----000----------1--0----------","6","63","8","0300110020"
"342","forall NODE1,NODE0. ~locked_epoch3(NODE0) | ep_epoch0(NODE1) | ep_epoch1(NODE1) | ep_epoch3(NODE0) | locked_epoch2(NODE1) | NODE0 = NODE1","8","---0-00----------01-------------","6","63","8","0300110020"
"343","forall NODE1,NODE0. ~locked_epoch3(NODE0) | ep_epoch0(NODE1) | ep_epoch1(NODE1) | ep_epoch4(NODE1) | locked_epoch2(NODE1) | NODE0 = NODE1","8","-----00--0-------01-------------","6","63","8","0300110020"
"344","forall NODE1,NODE0. ~locked_epoch3(NODE0) | ep_epoch0(NODE1) | ep_epoch1(NODE1) | held(NODE1) | locked_epoch2(NODE1) | NODE0 = NODE1","8","-----00----0-----01-------------","6","59","2","0201110020"
"345","forall NODE1,NODE0. ~locked_epoch3(NODE0) | ep_epoch0(NODE1) | ep_epoch1(NODE1) | locked_epoch2(NODE1) | locked_epoch4(NODE1) | NODE0 = NODE1","8","-----00----------01--0----------","6","57","4","0200120020"
"346","forall NODE1,NODE0. ~locked_epoch3(NODE0) | ep_epoch4(NODE1) | held(NODE0) | transfer_epoch4(NODE0) | transfer_epoch4(NODE1) | NODE0 = NODE1","8","---------00-------1-----------00","6","0","101","0101100220"
"347","forall NODE1,NODE0. ~locked_epoch3(NODE0) | held(NODE0) | held(NODE1) | transfer_epoch4(NODE0) | transfer_epoch4(NODE1) | NODE0 = NODE1","8","----------00------1-----------00","6","0","101","0002100220"
"348","forall NODE1,NODE0. ~locked_epoch3(NODE0) | held(NODE0) | locked_epoch4(NODE1) | transfer_epoch4(NODE0) | transfer_epoch4(NODE1) | NODE0 = NODE1","8","----------0-------1--0--------00","6","0","101","0001110220"
"349","forall NODE1,NODE0. ~locked_epoch4(NODE0) | ep_epoch0(NODE1) | ep_epoch1(NODE1) | ep_epoch2(NODE1) | ep_epoch3(NODE1) | NODE0 = NODE1","8","-----0000-----------1-----------","6","69","4","0400100020"
"350","forall NODE1,NODE0. ~locked_epoch4(NODE0) | ep_epoch0(NODE1) | ep_epoch1(NODE1) | ep_epoch2(NODE1) | locked_epoch3(NODE1) | NODE0 = NODE1","8","-----000-----------01-----------","6","63","8","0300110020"
"351","forall NODE1,NODE0. ~locked_epoch4(NODE0) | ep_epoch0(NODE1) | ep_epoch1(NODE1) | ep_epoch3(NODE1) | locked_epoch2(NODE1) | NODE0 = NODE1","8","-----00-0--------0--1-----------","6","63","8","0300110020"
"352","forall NODE1,NODE0. ~locked_epoch4(NODE0) | ep_epoch0(NODE1) | ep_epoch1(NODE1) | locked_epoch2(NODE1) | locked_epoch3(NODE1) | NODE0 = NODE1","8","-----00----------0-01-----------","6","57","4","0200120020"
"353","forall NODE1,NODE0. ~transfer_epoch3(NODE0) | ep_epoch0(NODE0) | ep_epoch0(NODE1) | ep_epoch1(NODE0) | ep_epoch1(NODE1) | NODE0 = NODE1","8","00---00---------------------1---","6","68","2","0400001020"
"354","forall NODE1,NODE0. ~transfer_epoch4(NODE0) | ep_epoch0(NODE1) | ep_epoch1(NODE1) | ep_epoch2(NODE1) | ep_epoch3(NODE1)","7","0000--------------------------1-","5","68","2","0400001020"
"355","forall NODE1,NODE0. ~transfer_epoch4(NODE0) | ep_epoch0(NODE1) | ep_epoch1(NODE1) | ep_epoch2(NODE1) | locked_epoch3(NODE1)","7","000---------------0-----------1-","5","49","2","0300011020"
"356","forall NODE1,NODE0,NODE2. ~transfer_epoch4(NODE0) | ep_epoch0(NODE1) | ep_epoch1(NODE1) | ep_epoch2(NODE2) | locked_epoch2(NODE1) | ((NODE0 ~= NODE1 | NODE0 = NODE2) & (NODE0 ~= NODE2 | NODE0 = NODE1))","12","00-----0--------0-------------1-","9","0","101","0300011030"
"357","forall NODE1,NODE0. ~transfer_epoch4(NODE0) | ep_epoch0(NODE1) | ep_epoch1(NODE1) | ep_epoch3(NODE1) | locked_epoch2(NODE1)","7","00-0------------0-------------1-","5","49","2","0300011020"
"358","forall NODE1,NODE0. ~transfer_epoch4(NODE0) | ep_epoch0(NODE1) | ep_epoch1(NODE1) | locked_epoch2(NODE1) | locked_epoch3(NODE1)","7","00--------------0-0-----------1-","5","0","101","0200021020"
"359","forall NODE0. ep_epoch0(NODE0) | ep_epoch1(NODE0) | ep_epoch2(NODE0) | ep_epoch3(NODE0) | ep_epoch4(NODE0)","6","00000---------------------------","5","0","101","0500000010"
"360","forall NODE0. ep_epoch0(NODE0) | ep_epoch1(NODE0) | ep_epoch2(NODE0) | ep_epoch3(NODE0) | held(NODE0)","6","0000------0---------------------","5","0","101","0401000010"
"361","forall NODE0. ep_epoch0(NODE0) | ep_epoch1(NODE0) | ep_epoch2(NODE0) | ep_epoch3(NODE0) | locked_epoch4(NODE0)","6","0000----------------0-----------","5","32","3","0400010010"
"362","forall NODE1,NODE0. ep_epoch0(NODE0) | ep_epoch1(NODE0) | ep_epoch2(NODE0) | ep_epoch3(NODE1) | locked_epoch3(NODE0) | NODE0 = NODE1","8","000-----0---------0-------------","6","0","101","0400010020"
"363","forall NODE0. ep_epoch0(NODE0) | ep_epoch1(NODE0) | ep_epoch2(NODE0) | ep_epoch4(NODE0) | locked_epoch3(NODE0)","6","000-0-------------0-------------","5","32","3","0400010010"
"364","forall NODE0. ep_epoch0(NODE0) | ep_epoch1(NODE0) | ep_epoch2(NODE0) | held(NODE0) | locked_epoch3(NODE0)","6","000-------0-------0-------------","5","30","2","0301010010"
"365","forall NODE1,NODE0. ep_epoch0(NODE0) | ep_epoch1(NODE0) | ep_epoch2(NODE0) | locked_epoch3(NODE0) | locked_epoch3(NODE1) | NODE0 = NODE1","8","000---------------00------------","6","62","2","0300020020"
"366","forall NODE0. ep_epoch0(NODE0) | ep_epoch1(NODE0) | ep_epoch2(NODE0) | locked_epoch3(NODE0) | locked_epoch4(NODE0)","6","000---------------0-0-----------","5","29","3","0300020010"
"367","forall NODE0. ep_epoch0(NODE0) | ep_epoch1(NODE0) | ep_epoch3(NODE0) | ep_epoch4(NODE0) | locked_epoch2(NODE0)","6","00-00-----------0---------------","5","32","3","0400010010"
"368","forall NODE0. ep_epoch0(NODE0) | ep_epoch1(NODE0) | ep_epoch3(NODE0) | held(NODE0) | locked_epoch2(NODE0)","6","00-0------0-----0---------------","5","30","2","0301010010"
"369","forall NODE0. ep_epoch0(NODE0) | ep_epoch1(NODE0) | ep_epoch3(NODE0) | locked_epoch2(NODE0) | locked_epoch4(NODE0)","6","00-0------------0---0-----------","5","29","3","0300020010"
"370","forall NODE1,NODE0. ep_epoch0(NODE0) | ep_epoch1(NODE0) | ep_epoch3(NODE1) | locked_epoch2(NODE0) | locked_epoch3(NODE0) | NODE0 = NODE1","8","00------0-------0-0-------------","6","62","2","0300020020"
"371","forall NODE0. ep_epoch0(NODE0) | ep_epoch1(NODE0) | ep_epoch4(NODE0) | locked_epoch2(NODE0) | locked_epoch3(NODE0)","6","00--0-----------0-0-------------","5","29","3","0300020010"
"372","forall NODE0. ep_epoch0(NODE0) | ep_epoch1(NODE0) | held(NODE0) | locked_epoch2(NODE0) | locked_epoch3(NODE0)","6","00--------0-----0-0-------------","5","0","101","0201020010"
"373","forall NODE1,NODE0. ep_epoch0(NODE0) | ep_epoch1(NODE0) | locked_epoch2(NODE0) | locked_epoch3(NODE0) | locked_epoch3(NODE1) | NODE0 = NODE1","8","00--------------0-00------------","6","0","101","0200030020"
"374","forall NODE0. ep_epoch0(NODE0) | ep_epoch1(NODE0) | locked_epoch2(NODE0) | locked_epoch3(NODE0) | locked_epoch4(NODE0)","6","00--------------0-0-0-----------","5","0","101","0200030010"
"375","forall NODE1,NODE0. ~ep_epoch0(NODE0) | ~locked_epoch2(NODE1) | ep_epoch2(NODE1) | held(NODE1) | transfer_epoch4(NODE0) | transfer_epoch4(NODE1) | NODE0 = NODE1","9","1------0---0-----1------------00","7","92","4","1101100220"
"376","forall NODE1,NODE0. ~ep_epoch0(NODE0) | ~locked_epoch2(NODE1) | ep_epoch3(NODE1) | held(NODE1) | transfer_epoch3(NODE0) | transfer_epoch3(NODE1) | NODE0 = NODE1","9","1-------0--0-----1----------00--","7","92","4","1101100220"
"377","forall NODE1,NODE0. ~ep_epoch0(NODE0) | ~locked_epoch2(NODE1) | held(NODE1) | locked_epoch3(NODE1) | transfer_epoch3(NODE0) | transfer_epoch3(NODE1) | NODE0 = NODE1","9","1----------0-----1-0--------00--","7","90","2","1001110220"
"378","forall NODE1,NODE0. ~ep_epoch0(NODE0) | ep_epoch1(NODE1) | ep_epoch2(NODE1) | held(NODE1) | transfer_epoch4(NODE0) | transfer_epoch4(NODE1) | NODE0 = NODE1","9","1-----00---0------------------00","7","93","7","1201000220"
"379","forall NODE1,NODE0. ~ep_epoch0(NODE0) | ep_epoch1(NODE1) | ep_epoch3(NODE1) | held(NODE1) | transfer_epoch3(NODE0) | transfer_epoch3(NODE1) | NODE0 = NODE1","9","1-----0-0--0----------------00--","7","93","7","1201000220"
"380","forall NODE1,NODE0. ~ep_epoch0(NODE0) | ep_epoch1(NODE1) | held(NODE1) | locked_epoch3(NODE1) | transfer_epoch3(NODE0) | transfer_epoch3(NODE1) | NODE0 = NODE1","9","1-----0----0-------0--------00--","7","91","5","1101010220"
"381","forall NODE1,NODE0. ~ep_epoch0(NODE0) | ep_epoch2(NODE1) | ep_epoch3(NODE1) | held(NODE1) | transfer_epoch2(NODE0) | transfer_epoch2(NODE1) | NODE0 = NODE1","9","1------00--0--------------00----","7","93","7","1201000220"
"382","forall NODE1,NODE0. ~ep_epoch0(NODE0) | ep_epoch2(NODE1) | held(NODE1) | locked_epoch3(NODE1) | transfer_epoch2(NODE0) | transfer_epoch2(NODE1) | NODE0 = NODE1","9","1------0---0-------0------00----","7","91","5","1101010220"
"383","forall NODE1,NODE0. ~ep_epoch1(NODE0) | ~locked_epoch2(NODE1) | ep_epoch2(NODE1) | held(NODE1) | transfer_epoch4(NODE0) | transfer_epoch4(NODE1) | NODE0 = NODE1","9","-1-----0---0-----1------------00","7","92","4","1101100220"
"384","forall NODE1,NODE0. ~ep_epoch1(NODE0) | ~locked_epoch2(NODE1) | ep_epoch3(NODE1) | held(NODE1) | transfer_epoch3(NODE0) | transfer_epoch3(NODE1) | NODE0 = NODE1","9","-1------0--0-----1----------00--","7","92","4","1101100220"
"385","forall NODE1,NODE0. ~ep_epoch1(NODE0) | ~locked_epoch2(NODE1) | held(NODE1) | locked_epoch3(NODE1) | transfer_epoch3(NODE0) | transfer_epoch3(NODE1) | NODE0 = NODE1","9","-1---------0-----1-0--------00--","7","90","2","1001110220"
"386","forall NODE1,NODE0. ~ep_epoch1(NODE0) | ep_epoch0(NODE1) | ep_epoch2(NODE1) | held(NODE1) | transfer_epoch4(NODE0) | transfer_epoch4(NODE1) | NODE0 = NODE1","9","-1---0-0---0------------------00","7","93","7","1201000220"
"387","forall NODE1,NODE0. ~ep_epoch1(NODE0) | ep_epoch0(NODE1) | ep_epoch3(NODE1) | held(NODE1) | transfer_epoch3(NODE0) | transfer_epoch3(NODE1) | NODE0 = NODE1","9","-1---0--0--0----------------00--","7","93","7","1201000220"
"388","forall NODE1,NODE0. ~ep_epoch1(NODE0) | ep_epoch0(NODE1) | held(NODE1) | locked_epoch3(NODE1) | transfer_epoch3(NODE0) | transfer_epoch3(NODE1) | NODE0 = NODE1","9","-1---0-----0-------0--------00--","7","91","5","1101010220"
"389","forall NODE1,NODE0. ~ep_epoch1(NODE0) | ep_epoch2(NODE1) | held(NODE0) | locked_epoch3(NODE1) | transfer_epoch2(NODE0) | transfer_epoch2(NODE1) | NODE0 = NODE1","9","-1-----0--0--------0------00----","7","91","5","1101010220"
"390","forall NODE1,NODE0. ~ep_epoch2(NODE0) | ep_epoch0(NODE1) | ep_epoch1(NODE1) | held(NODE1) | transfer_epoch4(NODE0) | transfer_epoch4(NODE1) | NODE0 = NODE1","9","--1--00----0------------------00","7","93","7","1201000220"
"391","forall NODE1,NODE0. ~ep_epoch2(NODE0) | ep_epoch3(NODE1) | ep_epoch4(NODE1) | held(NODE0) | transfer_epoch3(NODE0) | transfer_epoch3(NODE1) | NODE0 = NODE1","9","--1-----000-----------------00--","7","93","7","1201000220"
"392","forall NODE1,NODE0. ~ep_epoch2(NODE0) | ep_epoch3(NODE1) | held(NODE0) | held(NODE1) | transfer_epoch3(NODE0) | transfer_epoch3(NODE1) | NODE0 = NODE1","9","--1-----0-00----------------00--","7","0","101","1102000220"
"393","forall NODE1,NODE0. ~ep_epoch2(NODE0) | ep_epoch3(NODE1) | held(NODE0) | locked_epoch4(NODE1) | transfer_epoch3(NODE0) | transfer_epoch3(NODE1) | NODE0 = NODE1","9","--1-----0-0----------0------00--","7","91","5","1101010220"
"394","forall NODE1,NODE0. ~locked_epoch2(NODE0) | ep_epoch0(NODE1) | ep_epoch1(NODE1) | ep_epoch2(NODE0) | ep_epoch3(NODE0) | ep_epoch3(NODE1) | NODE0 = NODE1","9","--00-00-0-------1---------------","7","89","2","0500100020"
"395","forall NODE1,NODE0. ~locked_epoch2(NODE0) | ep_epoch0(NODE1) | ep_epoch1(NODE1) | ep_epoch2(NODE0) | ep_epoch4(NODE0) | ep_epoch4(NODE1) | NODE0 = NODE1","9","--0-000--0------1---------------","7","89","2","0500100020"
"396","forall NODE1,NODE0,NODE3,NODE2. ~locked_epoch2(NODE0) | ep_epoch0(NODE1) | ep_epoch1(NODE1) | ep_epoch2(NODE0) | ep_epoch4(NODE2) | held(NODE3) | ((NODE0 ~= NODE2 | NODE1 ~= NODE3 | NODE0 = NODE1) & (NODE0 ~= NODE3 | NODE1 ~= NODE2 | NODE0 = NODE1))","16","--0-000----0----1---------------","12","0","101","0401100040"
"397","forall NODE1,NODE0,NODE3,NODE2. ~locked_epoch2(NODE0) | ep_epoch0(NODE1) | ep_epoch1(NODE1) | ep_epoch2(NODE0) | ep_epoch4(NODE2) | locked_epoch4(NODE3) | ((NODE0 ~= NODE2 | NODE1 ~= NODE3 | NODE0 = NODE1) & (NODE0 ~= NODE3 | NODE1 ~= NODE2 | NODE0 = NODE1))","16","--0-000---------1----0----------","12","0","101","0400110040"
"398","forall NODE1,NODE0. ~locked_epoch2(NODE0) | ep_epoch0(NODE1) | ep_epoch1(NODE1) | ep_epoch2(NODE0) | held(NODE0) | held(NODE1) | NODE0 = NODE1","9","--0--00---00----1---------------","7","0","101","0302100020"
"399","forall NODE1,NODE0,NODE3,NODE2. ~locked_epoch2(NODE0) | ep_epoch0(NODE1) | ep_epoch1(NODE1) | ep_epoch2(NODE0) | held(NODE2) | locked_epoch4(NODE3) | ((NODE0 ~= NODE2 | NODE1 ~= NODE3 | NODE0 = NODE1) & (NODE0 ~= NODE3 | NODE1 ~= NODE2 | NODE0 = NODE1))","16","--0--00---0-----1----0----------","12","0","101","0301110040"
"400","forall NODE1,NODE0. ~locked_epoch2(NODE0) | ep_epoch0(NODE1) | ep_epoch1(NODE1) | ep_epoch2(NODE0) | locked_epoch4(NODE0) | locked_epoch4(NODE1) | NODE0 = NODE1","9","--0--00---------1---00----------","7","0","101","0300120020"
"401","forall NODE1,NODE0. ~locked_epoch2(NODE0) | ep_epoch2(NODE0) | ep_epoch4(NODE1) | held(NODE0) | transfer_epoch4(NODE0) | transfer_epoch4(NODE1) | NODE0 = NODE1","9","--0------00-----1-------------00","7","0","101","0201100220"
"402","forall NODE1,NODE0. ~locked_epoch2(NODE0) | ep_epoch2(NODE0) | held(NODE0) | held(NODE1) | transfer_epoch4(NODE0) | transfer_epoch4(NODE1) | NODE0 = NODE1","9","--0-------00----1-------------00","7","0","101","0102100220"
"403","forall NODE1,NODE0. ~locked_epoch2(NODE0) | ep_epoch2(NODE0) | held(NODE0) | locked_epoch4(NODE1) | transfer_epoch4(NODE0) | transfer_epoch4(NODE1) | NODE0 = NODE1","9","--0-------0-----1----0--------00","7","83","2","0101110220"
"404","forall NODE1,NODE0. ~locked_epoch2(NODE0) | ep_epoch3(NODE0) | held(NODE0) | locked_epoch3(NODE1) | transfer_epoch3(NODE0) | transfer_epoch3(NODE1) | NODE0 = NODE1","9","---0------0-----1--0--------00--","7","83","2","0101110220"
"405","forall NODE1,NODE0. ~locked_epoch2(NODE0) | held(NODE0) | locked_epoch3(NODE0) | locked_epoch3(NODE1) | transfer_epoch3(NODE0) | transfer_epoch3(NODE1) | NODE0 = NODE1","9","----------0-----1-00--------00--","7","0","101","0001120220"
"406","exists NODE0. ep_epoch0(NODE0) | ep_epoch1(NODE0) | locked_epoch3(NODE0)","4","00---00-----------00------------","3","13","3","0400020001"
"407","exists NODE0. ep_epoch0(NODE0) | ep_epoch2(NODE0) | locked_epoch3(NODE0)","4","0-0--0-0----------00------------","3","13","3","0400020001"
"408","forall NODE1,NODE0. ep_epoch0(NODE0) | ep_epoch0(NODE1) | ep_epoch2(NODE0) | ep_epoch3(NODE0) | ep_epoch4(NODE0) | locked_epoch2(NODE1) | NODE0 = NODE1","9","0-0000-----------0--------------","7","88","5","0500010020"
"409","forall NODE1,NODE0. ep_epoch0(NODE0) | ep_epoch0(NODE1) | ep_epoch2(NODE0) | ep_epoch3(NODE0) | held(NODE0) | locked_epoch2(NODE1) | NODE0 = NODE1","9","0-00-0----0------0--------------","7","87","3","0401010020"
"410","forall NODE1,NODE0. ep_epoch0(NODE0) | ep_epoch0(NODE1) | ep_epoch2(NODE0) | ep_epoch3(NODE0) | locked_epoch2(NODE1) | locked_epoch4(NODE0) | NODE0 = NODE1","9","0-00-0-----------0--0-----------","7","86","9","0400020020"
"411","forall NODE1,NODE0. ep_epoch0(NODE0) | ep_epoch0(NODE1) | ep_epoch2(NODE0) | ep_epoch3(NODE1) | locked_epoch2(NODE1) | locked_epoch3(NODE0) | NODE0 = NODE1","9","0-0--0--0--------00-------------","7","86","9","0400020020"
"412","forall NODE1,NODE0. ep_epoch0(NODE0) | ep_epoch0(NODE1) | ep_epoch2(NODE0) | ep_epoch4(NODE0) | locked_epoch2(NODE1) | locked_epoch3(NODE0) | NODE0 = NODE1","9","0-0-00-----------00-------------","7","86","9","0400020020"
"413","forall NODE1,NODE0. ep_epoch0(NODE0) | ep_epoch0(NODE1) | ep_epoch2(NODE0) | held(NODE0) | locked_epoch2(NODE1) | locked_epoch3(NODE0) | NODE0 = NODE1","9","0-0--0----0------00-------------","7","85","3","0301020020"
"414","forall NODE1,NODE0. ep_epoch0(NODE0) | ep_epoch0(NODE1) | ep_epoch2(NODE0) | locked_epoch2(NODE1) | locked_epoch3(NODE0) | locked_epoch3(NODE1) | NODE0 = NODE1","9","0-0--0-----------000------------","7","84","6","0300030020"
"415","forall NODE1,NODE0. ep_epoch0(NODE0) | ep_epoch0(NODE1) | ep_epoch2(NODE0) | locked_epoch2(NODE1) | locked_epoch3(NODE0) | locked_epoch4(NODE0) | NODE0 = NODE1","9","0-0--0-----------00-0-----------","7","84","6","0300030020"
"416","forall NODE1,NODE0. ep_epoch0(NODE0) | ep_epoch1(NODE0) | ep_epoch2(NODE1) | ep_epoch3(NODE0) | ep_epoch3(NODE1) | locked_epoch2(NODE0) | NODE0 = NODE1","9","00-0---00-------0---------------","7","88","5","0500010020"
"417","forall NODE1,NODE0. ep_epoch0(NODE0) | ep_epoch1(NODE0) | ep_epoch2(NODE1) | ep_epoch3(NODE0) | locked_epoch2(NODE0) | locked_epoch3(NODE1) | NODE0 = NODE1","9","00-0---0--------0--0------------","7","86","9","0400020020"
"418","forall NODE1,NODE0. ep_epoch0(NODE0) | ep_epoch1(NODE0) | ep_epoch2(NODE1) | ep_epoch3(NODE1) | ep_epoch4(NODE1) | locked_epoch2(NODE0) | NODE0 = NODE1","9","00-----000------0---------------","7","88","5","0500010020"
"419","forall NODE1,NODE0. ep_epoch0(NODE0) | ep_epoch1(NODE0) | ep_epoch2(NODE1) | ep_epoch3(NODE1) | held(NODE1) | locked_epoch2(NODE0) | NODE0 = NODE1","9","00-----00--0----0---------------","7","87","3","0401010020"
"420","forall NODE1,NODE0. ep_epoch0(NODE0) | ep_epoch1(NODE0) | ep_epoch2(NODE1) | ep_epoch3(NODE1) | locked_epoch2(NODE0) | locked_epoch4(NODE1) | NODE0 = NODE1","9","00-----00-------0----0----------","7","86","9","0400020020"
"421","forall NODE1,NODE0. ep_epoch0(NODE0) | ep_epoch1(NODE0) | ep_epoch2(NODE1) | ep_epoch4(NODE0) | ep_epoch4(NODE1) | locked_epoch2(NODE0) | NODE0 = NODE1","9","00--0--0-0------0---------------","7","88","5","0500010020"
"422","forall NODE1,NODE0,NODE3,NODE2. ep_epoch0(NODE0) | ep_epoch1(NODE0) | ep_epoch2(NODE1) | ep_epoch4(NODE2) | held(NODE3) | locked_epoch2(NODE0) | ((NODE0 ~= NODE2 | NODE1 ~= NODE3 | NODE0 = NODE1) & (NODE0 ~= NODE3 | NODE1 ~= NODE2 | NODE0 = NODE1))","16","00--0--0---0----0---------------","12","0","101","0401010040"
"423","forall NODE1,NODE0,NODE3,NODE2. ep_epoch0(NODE0) | ep_epoch1(NODE0) | ep_epoch2(NODE1) | ep_epoch4(NODE2) | locked_epoch2(NODE0) | locked_epoch4(NODE3) | ((NODE0 ~= NODE2 | NODE1 ~= NODE3 | NODE0 = NODE1) & (NODE0 ~= NODE3 | NODE1 ~= NODE2 | NODE0 = NODE1))","16","00--0--0--------0----0----------","12","0","101","0400020040"
"424","forall NODE1,NODE0. ep_epoch0(NODE0) | ep_epoch1(NODE0) | ep_epoch2(NODE1) | ep_epoch4(NODE1) | locked_epoch2(NODE0) | locked_epoch3(NODE1) | NODE0 = NODE1","9","00-----0-0------0--0------------","7","86","9","0400020020"
"425","forall NODE1,NODE0. ep_epoch0(NODE0) | ep_epoch1(NODE0) | ep_epoch2(NODE1) | held(NODE0) | held(NODE1) | locked_epoch2(NODE0) | NODE0 = NODE1","9","00-----0--00----0---------------","7","0","101","0302010020"
"426","forall NODE1,NODE0,NODE3,NODE2. ep_epoch0(NODE0) | ep_epoch1(NODE0) | ep_epoch2(NODE1) | held(NODE2) | locked_epoch2(NODE0) | locked_epoch4(NODE3) | ((NODE0 ~= NODE2 | NODE1 ~= NODE3 | NODE0 = NODE1) & (NODE0 ~= NODE3 | NODE1 ~= NODE2 | NODE0 = NODE1))","16","00-----0--0-----0----0----------","12","0","101","0301020040"
"427","forall NODE1,NODE0. ep_epoch0(NODE0) | ep_epoch1(NODE0) | ep_epoch2(NODE1) | held(NODE1) | locked_epoch2(NODE0) | locked_epoch3(NODE1) | NODE0 = NODE1","9","00-----0---0----0--0------------","7","85","3","0301020020"
"428","forall NODE1,NODE0. ep_epoch0(NODE0) | ep_epoch1(NODE0) | ep_epoch2(NODE1) | locked_epoch2(NODE0) | locked_epoch3(NODE1) | locked_epoch4(NODE1) | NODE0 = NODE1","9","00-----0--------0--0-0----------","7","84","6","0300030020"
"429","forall NODE1,NODE0. ep_epoch0(NODE0) | ep_epoch1(NODE0) | ep_epoch2(NODE1) | locked_epoch2(NODE0) | locked_epoch4(NODE0) | locked_epoch4(NODE1) | NODE0 = NODE1","9","00-----0--------0---00----------","7","84","6","0300030020"
"430","forall NODE1,NODE0. ep_epoch0(NODE0) | held(NODE0) | locked_epoch2(NODE0) | locked_epoch2(NODE1) | transfer_epoch2(NODE0) | transfer_epoch2(NODE1) | NODE0 = NODE1","9","0---------0-----00--------00----","7","82","2","0101020220"
"431","exists NODE0. ep_epoch1(NODE0) | ep_epoch2(NODE0) | locked_epoch3(NODE0)","4","-00---00----------00------------","3","13","3","0400020001"
"432","forall NODE1,NODE0. ep_epoch1(NODE0) | ep_epoch1(NODE1) | ep_epoch2(NODE0) | ep_epoch3(NODE0) | ep_epoch4(NODE0) | locked_epoch2(NODE1) | NODE0 = NODE1","9","-0000-0----------0--------------","7","88","5","0500010020"
"433","forall NODE1,NODE0. ep_epoch1(NODE0) | ep_epoch1(NODE1) | ep_epoch2(NODE0) | ep_epoch3(NODE0) | held(NODE0) | locked_epoch2(NODE1) | NODE0 = NODE1","9","-000--0---0------0--------------","7","87","3","0401010020"
"434","forall NODE1,NODE0. ep_epoch1(NODE0) | ep_epoch1(NODE1) | ep_epoch2(NODE0) | ep_epoch3(NODE0) | locked_epoch2(NODE1) | locked_epoch4(NODE0) | NODE0 = NODE1","9","-000--0----------0--0-----------","7","86","9","0400020020"
"435","forall NODE1,NODE0. ep_epoch1(NODE0) | ep_epoch1(NODE1) | ep_epoch2(NODE0) | ep_epoch3(NODE1) | locked_epoch2(NODE1) | locked_epoch3(NODE0) | NODE0 = NODE1","9","-00---0-0--------00-------------","7","86","9","0400020020"
"436","forall NODE1,NODE0. ep_epoch1(NODE0) | ep_epoch1(NODE1) | ep_epoch2(NODE0) | ep_epoch4(NODE0) | locked_epoch2(NODE1) | locked_epoch3(NODE0) | NODE0 = NODE1","9","-00-0-0----------00-------------","7","86","9","0400020020"
"437","forall NODE1,NODE0. ep_epoch1(NODE0) | ep_epoch1(NODE1) | ep_epoch2(NODE0) | held(NODE0) | locked_epoch2(NODE1) | locked_epoch3(NODE0) | NODE0 = NODE1","9","-00---0---0------00-------------","7","85","3","0301020020"
"438","forall NODE1,NODE0. ep_epoch1(NODE0) | ep_epoch1(NODE1) | ep_epoch2(NODE0) | locked_epoch2(NODE1) | locked_epoch3(NODE0) | locked_epoch3(NODE1) | NODE0 = NODE1","9","-00---0----------000------------","7","84","6","0300030020"
"439","forall NODE1,NODE0. ep_epoch1(NODE0) | ep_epoch1(NODE1) | ep_epoch2(NODE0) | locked_epoch2(NODE1) | locked_epoch3(NODE0) | locked_epoch4(NODE0) | NODE0 = NODE1","9","-00---0----------00-0-----------","7","84","6","0300030020"
"440","forall NODE1,NODE0. ep_epoch1(NODE0) | held(NODE1) | locked_epoch2(NODE0) | locked_epoch2(NODE1) | transfer_epoch2(NODE0) | transfer_epoch2(NODE1) | NODE0 = NODE1","9","-0---------0----00--------00----","7","82","2","0101020220"
"441","exists NODE0. held(NODE0) | locked_epoch2(NODE0) | transfer_epoch2(NODE0)","4","----------00----00--------00----","3","0","101","0002020201"
"442","forall NODE1,NODE0. ~ep_epoch0(NODE0) | ~locked_epoch2(NODE1) | held(NODE1) | transfer_epoch3(NODE0) | transfer_epoch3(NODE1) | transfer_epoch4(NODE0) | transfer_epoch4(NODE1) | NODE0 = NODE1","10","1----------0-----1----------0000","8","105","2","1001100420"
"443","forall NODE1,NODE0. ~ep_epoch0(NODE0) | ep_epoch1(NODE1) | held(NODE1) | transfer_epoch3(NODE0) | transfer_epoch3(NODE1) | transfer_epoch4(NODE0) | transfer_epoch4(NODE1) | NODE0 = NODE1","10","1-----0----0----------------0000","8","107","4","1101000420"
"444","forall NODE1,NODE0. ~ep_epoch0(NODE0) | ep_epoch2(NODE1) | held(NODE1) | transfer_epoch2(NODE0) | transfer_epoch2(NODE1) | transfer_epoch4(NODE0) | transfer_epoch4(NODE1) | NODE0 = NODE1","10","1------0---0--------------00--00","8","107","4","1101000420"
"445","forall NODE1,NODE0. ~ep_epoch0(NODE0) | ep_epoch3(NODE1) | held(NODE1) | transfer_epoch2(NODE0) | transfer_epoch2(NODE1) | transfer_epoch3(NODE0) | transfer_epoch3(NODE1) | NODE0 = NODE1","10","1-------0--0--------------0000--","8","107","4","1101000420"
"446","forall NODE1,NODE0. ~ep_epoch0(NODE0) | held(NODE1) | locked_epoch3(NODE1) | transfer_epoch2(NODE0) | transfer_epoch2(NODE1) | transfer_epoch3(NODE0) | transfer_epoch3(NODE1) | NODE0 = NODE1","10","1----------0-------0------0000--","8","0","101","1001010420"
"447","forall NODE1,NODE0. ~ep_epoch1(NODE0) | ~locked_epoch2(NODE1) | held(NODE1) | transfer_epoch3(NODE0) | transfer_epoch3(NODE1) | transfer_epoch4(NODE0) | transfer_epoch4(NODE1) | NODE0 = NODE1","10","-1---------0-----1----------0000","8","105","2","1001100420"
"448","forall NODE1,NODE0. ~ep_epoch1(NODE0) | ep_epoch0(NODE1) | held(NODE1) | transfer_epoch3(NODE0) | transfer_epoch3(NODE1) | transfer_epoch4(NODE0) | transfer_epoch4(NODE1) | NODE0 = NODE1","10","-1---0-----0----------------0000","8","107","4","1101000420"
"449","forall NODE1,NODE0. ~ep_epoch1(NODE0) | ep_epoch2(NODE1) | ep_epoch3(NODE1) | ep_epoch4(NODE1) | held(NODE0) | transfer_epoch2(NODE0) | transfer_epoch2(NODE1) | NODE0 = NODE1","10","-1-----0000---------------00----","8","0","101","1301000220"
"450","forall NODE1,NODE0. ~ep_epoch1(NODE0) | ep_epoch2(NODE1) | ep_epoch3(NODE1) | held(NODE0) | held(NODE1) | transfer_epoch2(NODE0) | transfer_epoch2(NODE1) | NODE0 = NODE1","10","-1-----00-00--------------00----","8","0","101","1202000220"
"451","forall NODE1,NODE0. ~ep_epoch1(NODE0) | ep_epoch2(NODE1) | ep_epoch3(NODE1) | held(NODE0) | locked_epoch4(NODE1) | transfer_epoch2(NODE0) | transfer_epoch2(NODE1) | NODE0 = NODE1","10","-1-----00-0----------0----00----","8","0","101","1201010220"
"452","forall NODE1,NODE0. ~ep_epoch2(NODE0) | held(NODE0) | held(NODE1) | transfer_epoch3(NODE0) | transfer_epoch3(NODE1) | transfer_epoch4(NODE0) | transfer_epoch4(NODE1) | NODE0 = NODE1","10","--1-------00----------------0000","8","0","101","1002000420"
"453","forall NODE1,NODE0. ~locked_epoch2(NODE0) | ep_epoch0(NODE1) | ep_epoch1(NODE1) | ep_epoch4(NODE0) | held(NODE1) | transfer_epoch4(NODE0) | transfer_epoch4(NODE1) | NODE0 = NODE1","10","----000----0----1-------------00","8","100","2","0301100220"
"454","forall NODE1,NODE0. ~locked_epoch2(NODE0) | ep_epoch0(NODE1) | ep_epoch1(NODE1) | held(NODE0) | held(NODE1) | transfer_epoch4(NODE0) | transfer_epoch4(NODE1) | NODE0 = NODE1","10","-----00---00----1-------------00","8","98","2","0202100220"
"455","forall NODE1,NODE0. ~locked_epoch2(NODE0) | ep_epoch0(NODE1) | ep_epoch1(NODE1) | held(NODE1) | locked_epoch4(NODE0) | transfer_epoch4(NODE0) | transfer_epoch4(NODE1) | NODE0 = NODE1","10","-----00----0----1---0---------00","8","96","3","0201110220"
"456","forall NODE1,NODE0. ~locked_epoch2(NODE0) | ep_epoch3(NODE0) | ep_epoch3(NODE1) | ep_epoch4(NODE1) | held(NODE0) | transfer_epoch3(NODE0) | transfer_epoch3(NODE1) | NODE0 = NODE1","10","---0----000-----1-----------00--","8","100","2","0301100220"
"457","forall NODE1,NODE0. ~locked_epoch2(NODE0) | ep_epoch3(NODE0) | ep_epoch3(NODE1) | held(NODE0) | held(NODE1) | transfer_epoch3(NODE0) | transfer_epoch3(NODE1) | NODE0 = NODE1","10","---0----0-00----1-----------00--","8","98","2","0202100220"
"458","forall NODE1,NODE0. ~locked_epoch2(NODE0) | ep_epoch3(NODE0) | ep_epoch3(NODE1) | held(NODE0) | locked_epoch4(NODE1) | transfer_epoch3(NODE0) | transfer_epoch3(NODE1) | NODE0 = NODE1","10","---0----0-0-----1----0------00--","8","96","3","0201110220"
"459","forall NODE1,NODE0. ~locked_epoch2(NODE0) | ep_epoch3(NODE1) | ep_epoch4(NODE1) | held(NODE0) | locked_epoch3(NODE0) | transfer_epoch3(NODE0) | transfer_epoch3(NODE1) | NODE0 = NODE1","10","--------000-----1-0---------00--","8","96","3","0201110220"
"460","forall NODE1,NODE0. ~locked_epoch2(NODE0) | ep_epoch3(NODE1) | held(NODE0) | held(NODE1) | locked_epoch3(NODE0) | transfer_epoch3(NODE0) | transfer_epoch3(NODE1) | NODE0 = NODE1","10","--------0-00----1-0---------00--","8","0","101","0102110220"
"461","forall NODE1,NODE0. ~locked_epoch2(NODE0) | ep_epoch3(NODE1) | held(NODE0) | locked_epoch3(NODE0) | locked_epoch4(NODE1) | transfer_epoch3(NODE0) | transfer_epoch3(NODE1) | NODE0 = NODE1","10","--------0-0-----1-0--0------00--","8","0","101","0101120220"
"462","forall NODE1,NODE0. ~locked_epoch2(NODE0) | held(NODE0) | held(NODE1) | transfer_epoch3(NODE0) | transfer_epoch3(NODE1) | transfer_epoch4(NODE0) | transfer_epoch4(NODE1) | NODE0 = NODE1","10","----------00----1-----------0000","8","0","101","0002100420"
"463","forall NODE1,NODE0. ~transfer_epoch4(NODE0) | ep_epoch0(NODE0) | ep_epoch0(NODE1) | ep_epoch1(NODE0) | ep_epoch1(NODE1) | ep_epoch2(NODE0) | ep_epoch2(NODE1) | NODE0 = NODE1","10","000--000----------------------1-","8","0","101","0600001020"
"464","forall NODE1,NODE0. ep_epoch0(NODE0) | ep_epoch0(NODE1) | ep_epoch1(NODE0) | ep_epoch1(NODE1) | ep_epoch3(NODE0) | ep_epoch4(NODE0) | locked_epoch3(NODE1) | NODE0 = NODE1","10","00-0000------------0------------","8","103","3","0600010020"
"465","forall NODE1,NODE0. ep_epoch0(NODE0) | ep_epoch0(NODE1) | ep_epoch1(NODE0) | ep_epoch1(NODE1) | ep_epoch3(NODE1) | held(NODE1) | locked_epoch3(NODE0) | NODE0 = NODE1","10","00-0-00---0--------0------------","8","102","3","0501010020"
"466","forall NODE1,NODE0. ep_epoch0(NODE0) | ep_epoch0(NODE1) | ep_epoch1(NODE0) | ep_epoch1(NODE1) | ep_epoch3(NODE0) | locked_epoch3(NODE1) | locked_epoch4(NODE0) | NODE0 = NODE1","10","00-0-00------------00-----------","8","101","3","0500020020"
"467","forall NODE1,NODE0. ep_epoch0(NODE0) | ep_epoch0(NODE1) | ep_epoch2(NODE0) | ep_epoch2(NODE1) | ep_epoch3(NODE0) | ep_epoch4(NODE0) | locked_epoch3(NODE1) | NODE0 = NODE1","10","0-0000-0-----------0------------","8","103","3","0600010020"
"468","forall NODE1,NODE0. ep_epoch0(NODE0) | ep_epoch0(NODE1) | ep_epoch2(NODE0) | ep_epoch2(NODE1) | ep_epoch3(NODE0) | held(NODE0) | locked_epoch3(NODE1) | NODE0 = NODE1","10","0-00-0-0--0--------0------------","8","102","3","0501010020"
"469","forall NODE1,NODE0. ep_epoch0(NODE0) | ep_epoch0(NODE1) | ep_epoch2(NODE0) | ep_epoch2(NODE1) | ep_epoch3(NODE0) | locked_epoch3(NODE1) | locked_epoch4(NODE0) | NODE0 = NODE1","10","0-00-0-0-----------00-----------","8","101","3","0500020020"
"470","forall NODE1,NODE0. ep_epoch0(NODE0) | ep_epoch1(NODE0) | ep_epoch2(NODE0) | ep_epoch4(NODE1) | held(NODE0) | transfer_epoch4(NODE0) | transfer_epoch4(NODE1) | NODE0 = NODE1","10","000------00-------------------00","8","0","101","0401000220"
"471","forall NODE1,NODE0. ep_epoch0(NODE0) | ep_epoch1(NODE0) | ep_epoch2(NODE0) | held(NODE0) | held(NODE1) | transfer_epoch4(NODE0) | transfer_epoch4(NODE1) | NODE0 = NODE1","10","000-------00------------------00","8","0","101","0302000220"
"472","forall NODE1,NODE0. ep_epoch0(NODE0) | ep_epoch1(NODE0) | ep_epoch2(NODE0) | held(NODE0) | locked_epoch4(NODE1) | transfer_epoch4(NODE0) | transfer_epoch4(NODE1) | NODE0 = NODE1","10","000-------0----------0--------00","8","99","5","0301010220"
"473","forall NODE1,NODE0. ep_epoch0(NODE0) | ep_epoch1(NODE0) | ep_epoch3(NODE0) | held(NODE0) | locked_epoch3(NODE1) | transfer_epoch3(NODE0) | transfer_epoch3(NODE1) | NODE0 = NODE1","10","00-0------0--------0--------00--","8","99","5","0301010220"
"474","forall NODE1,NODE0. ep_epoch0(NODE0) | ep_epoch1(NODE0) | ep_epoch4(NODE1) | held(NODE0) | locked_epoch2(NODE0) | transfer_epoch4(NODE0) | transfer_epoch4(NODE1) | NODE0 = NODE1","10","00-------00-----0-------------00","8","99","5","0301010220"
"475","forall NODE1,NODE0. ep_epoch0(NODE0) | ep_epoch1(NODE0) | held(NODE0) | held(NODE1) | locked_epoch2(NODE0) | transfer_epoch4(NODE0) | transfer_epoch4(NODE1) | NODE0 = NODE1","10","00--------00----0-------------00","8","97","2","0202010220"
"476","forall NODE1,NODE0. ep_epoch0(NODE0) | ep_epoch1(NODE0) | held(NODE0) | locked_epoch2(NODE0) | locked_epoch4(NODE1) | transfer_epoch4(NODE0) | transfer_epoch4(NODE1) | NODE0 = NODE1","10","00--------0-----0----0--------00","8","95","4","0201020220"
"477","forall NODE1,NODE0. ep_epoch0(NODE0) | ep_epoch1(NODE0) | held(NODE0) | locked_epoch3(NODE0) | locked_epoch3(NODE1) | transfer_epoch3(NODE0) | transfer_epoch3(NODE1) | NODE0 = NODE1","10","00--------0-------00--------00--","8","95","4","0201020220"
"478","forall NODE1,NODE0. ep_epoch0(NODE0) | ep_epoch2(NODE0) | ep_epoch3(NODE0) | held(NODE0) | locked_epoch2(NODE1) | transfer_epoch2(NODE0) | transfer_epoch2(NODE1) | NODE0 = NODE1","10","0-00------0------0--------00----","8","99","5","0301010220"
"479","forall NODE1,NODE0. ep_epoch0(NODE0) | ep_epoch2(NODE0) | held(NODE0) | locked_epoch2(NODE1) | locked_epoch3(NODE0) | transfer_epoch2(NODE0) | transfer_epoch2(NODE1) | NODE0 = NODE1","10","0-0-------0------00-------00----","8","95","4","0201020220"
"480","forall NODE1,NODE0. ep_epoch1(NODE0) | ep_epoch1(NODE1) | ep_epoch2(NODE0) | ep_epoch2(NODE1) | ep_epoch3(NODE0) | ep_epoch4(NODE0) | locked_epoch3(NODE1) | NODE0 = NODE1","10","-0000-00-----------0------------","8","103","3","0600010020"
"481","forall NODE1,NODE0. ep_epoch1(NODE0) | ep_epoch1(NODE1) | ep_epoch2(NODE0) | ep_epoch2(NODE1) | ep_epoch3(NODE0) | held(NODE0) | locked_epoch3(NODE1) | NODE0 = NODE1","10","-000--00--0--------0------------","8","102","3","0501010020"
"482","forall NODE1,NODE0. ep_epoch1(NODE0) | ep_epoch1(NODE1) | ep_epoch2(NODE0) | ep_epoch2(NODE1) | ep_epoch3(NODE0) | locked_epoch3(NODE1) | locked_epoch4(NODE0) | NODE0 = NODE1","10","-000--00-----------00-----------","8","101","3","0500020020"
"483","forall NODE1,NODE0. ep_epoch1(NODE0) | ep_epoch2(NODE1) | ep_epoch3(NODE1) | held(NODE1) | locked_epoch2(NODE0) | transfer_epoch2(NODE0) | transfer_epoch2(NODE1) | NODE0 = NODE1","10","-0-----00--0----0---------00----","8","99","5","0301010220"
"484","forall NODE1,NODE0. ep_epoch1(NODE0) | ep_epoch2(NODE1) | held(NODE1) | locked_epoch2(NODE0) | locked_epoch3(NODE1) | transfer_epoch2(NODE0) | transfer_epoch2(NODE1) | NODE0 = NODE1","10","-0-----0---0----0--0------00----","8","95","4","0201020220"
"485","forall NODE1,NODE0. ep_epoch2(NODE0) | ep_epoch3(NODE0) | held(NODE0) | held(NODE1) | locked_epoch2(NODE1) | transfer_epoch2(NODE0) | transfer_epoch2(NODE1) | NODE0 = NODE1","10","--00------00-----0--------00----","8","97","2","0202010220"
"486","forall NODE1,NODE0. ep_epoch2(NODE0) | held(NODE0) | held(NODE1) | locked_epoch2(NODE1) | locked_epoch3(NODE0) | transfer_epoch2(NODE0) | transfer_epoch2(NODE1) | NODE0 = NODE1","10","--0-------00-----00-------00----","8","0","101","0102020220"
"487","forall NODE1,NODE0. ~ep_epoch0(NODE0) | held(NODE1) | transfer_epoch2(NODE0) | transfer_epoch2(NODE1) | transfer_epoch3(NODE0) | transfer_epoch3(NODE1) | transfer_epoch4(NODE0) | transfer_epoch4(NODE1) | NODE0 = NODE1","11","1----------0--------------000000","9","0","101","1001000620"
"488","forall NODE1,NODE0. ~ep_epoch1(NODE0) | ep_epoch2(NODE1) | held(NODE0) | held(NODE1) | transfer_epoch2(NODE0) | transfer_epoch2(NODE1) | transfer_epoch4(NODE0) | transfer_epoch4(NODE1) | NODE0 = NODE1","11","-1-----0--00--------------00--00","9","118","2","1102000420"
"489","forall NODE1,NODE0. ~ep_epoch1(NODE0) | ep_epoch3(NODE1) | held(NODE0) | held(NODE1) | transfer_epoch2(NODE0) | transfer_epoch2(NODE1) | transfer_epoch3(NODE0) | transfer_epoch3(NODE1) | NODE0 = NODE1","11","-1------0-00--------------0000--","9","118","2","1102000420"
"490","forall NODE1,NODE0. ~ep_epoch1(NODE0) | held(NODE0) | held(NODE1) | locked_epoch3(NODE1) | transfer_epoch2(NODE0) | transfer_epoch2(NODE1) | transfer_epoch3(NODE0) | transfer_epoch3(NODE1) | NODE0 = NODE1","11","-1--------00-------0------0000--","9","0","101","1002010420"
"491","forall NODE1,NODE0. ~locked_epoch2(NODE0) | ep_epoch3(NODE1) | ep_epoch4(NODE1) | held(NODE0) | transfer_epoch3(NODE0) | transfer_epoch3(NODE1) | transfer_epoch4(NODE0) | transfer_epoch4(NODE1) | NODE0 = NODE1","11","--------000-----1-----------0000","9","0","101","0201100420"
"492","forall NODE1,NODE0. ~locked_epoch2(NODE0) | ep_epoch3(NODE1) | held(NODE0) | locked_epoch4(NODE1) | transfer_epoch3(NODE0) | transfer_epoch3(NODE1) | transfer_epoch4(NODE0) | transfer_epoch4(NODE1) | NODE0 = NODE1","11","--------0-0-----1----0------0000","9","109","2","0101110420"
"493","forall NODE1,NODE0. ~locked_epoch2(NODE0) | ep_epoch4(NODE1) | held(NODE0) | locked_epoch3(NODE1) | transfer_epoch3(NODE0) | transfer_epoch3(NODE1) | transfer_epoch4(NODE0) | transfer_epoch4(NODE1) | NODE0 = NODE1","11","---------00-----1--0--------0000","9","109","2","0101110420"
"494","forall NODE1,NODE0. ~locked_epoch2(NODE0) | held(NODE0) | locked_epoch3(NODE1) | locked_epoch4(NODE1) | transfer_epoch3(NODE0) | transfer_epoch3(NODE1) | transfer_epoch4(NODE0) | transfer_epoch4(NODE1) | NODE0 = NODE1","11","----------0-----1--0-0------0000","9","0","101","0001120420"
"495","exists NODE0. ep_epoch0(NODE0) | ep_epoch1(NODE0) | ep_epoch2(NODE0) | ep_epoch3(NODE0)","5","0000-0000-----------------------","4","22","5","0800000001"
"496","exists NODE0. ep_epoch0(NODE0) | ep_epoch1(NODE0) | ep_epoch2(NODE0) | ep_epoch4(NODE0)","5","000-0000-0----------------------","4","22","5","0800000001"
"497","forall NODE1,NODE0. ep_epoch0(NODE0) | ep_epoch0(NODE1) | ep_epoch1(NODE0) | ep_epoch1(NODE1) | ep_epoch2(NODE0) | ep_epoch2(NODE1) | ep_epoch4(NODE1) | held(NODE0) | NODE0 = NODE1","11","000-0000---0--------------------","9","117","4","0701000020"
"498","forall NODE1,NODE0. ep_epoch0(NODE0) | ep_epoch0(NODE1) | ep_epoch1(NODE0) | ep_epoch1(NODE1) | ep_epoch2(NODE0) | ep_epoch2(NODE1) | ep_epoch4(NODE1) | locked_epoch4(NODE0) | NODE0 = NODE1","11","000-0000-------------0----------","9","116","4","0700010020"
"499","exists NODE0. ep_epoch0(NODE0) | ep_epoch1(NODE0) | ep_epoch2(NODE0) | held(NODE0)","5","000--000--00--------------------","4","21","4","0602000001"
"500","forall NODE1,NODE0. ep_epoch0(NODE0) | ep_epoch0(NODE1) | ep_epoch1(NODE0) | ep_epoch1(NODE1) | ep_epoch2(NODE0) | ep_epoch2(NODE1) | held(NODE0) | locked_epoch4(NODE1) | NODE0 = NODE1","11","000--000--0----------0----------","9","115","4","0601010020"
"501","exists NODE0. ep_epoch0(NODE0) | ep_epoch1(NODE0) | ep_epoch2(NODE0) | locked_epoch4(NODE0)","5","000--000------------00----------","4","20","4","0600020001"
"502","exists NODE0. ep_epoch0(NODE0) | ep_epoch1(NODE0) | ep_epoch3(NODE0) | ep_epoch4(NODE0)","5","00-0000-00----------------------","4","22","5","0800000001"
"503","forall NODE1,NODE0. ep_epoch0(NODE0) | ep_epoch0(NODE1) | ep_epoch1(NODE0) | ep_epoch1(NODE1) | ep_epoch3(NODE0) | ep_epoch3(NODE1) | ep_epoch4(NODE1) | held(NODE0) | NODE0 = NODE1","11","00-0000-0--0--------------------","9","117","4","0701000020"
"504","forall NODE1,NODE0. ep_epoch0(NODE0) | ep_epoch0(NODE1) | ep_epoch1(NODE0) | ep_epoch1(NODE1) | ep_epoch3(NODE0) | ep_epoch3(NODE1) | ep_epoch4(NODE0) | locked_epoch4(NODE1) | NODE0 = NODE1","11","00-0000-0------------0----------","9","116","4","0700010020"
"505","exists NODE0. ep_epoch0(NODE0) | ep_epoch1(NODE0) | ep_epoch3(NODE0) | held(NODE0)","5","00-0-00-0-00--------------------","4","21","4","0602000001"
"506","forall NODE1,NODE0. ep_epoch0(NODE0) | ep_epoch0(NODE1) | ep_epoch1(NODE0) | ep_epoch1(NODE1) | ep_epoch3(NODE0) | ep_epoch3(NODE1) | held(NODE0) | locked_epoch4(NODE1) | NODE0 = NODE1","11","00-0-00-0-0----------0----------","9","115","4","0601010020"
"507","exists NODE0. ep_epoch0(NODE0) | ep_epoch1(NODE0) | ep_epoch3(NODE0) | locked_epoch4(NODE0)","5","00-0-00-0-----------00----------","4","20","4","0600020001"
"508","exists NODE0. ep_epoch0(NODE0) | ep_epoch1(NODE0) | held(NODE0) | transfer_epoch4(NODE0)","5","00---00---00------------------00","4","19","6","0402000201"
"509","exists NODE0. ep_epoch0(NODE0) | ep_epoch2(NODE0) | ep_epoch3(NODE0) | ep_epoch4(NODE0)","5","0-0000-000----------------------","4","22","5","0800000001"
"510","forall NODE1,NODE0. ep_epoch0(NODE0) | ep_epoch0(NODE1) | ep_epoch2(NODE0) | ep_epoch2(NODE1) | ep_epoch3(NODE0) | ep_epoch3(NODE1) | ep_epoch4(NODE0) | held(NODE1) | NODE0 = NODE1","11","0-0000-00--0--------------------","9","117","4","0701000020"
"511","forall NODE1,NODE0. ep_epoch0(NODE0) | ep_epoch0(NODE1) | ep_epoch2(NODE0) | ep_epoch2(NODE1) | ep_epoch3(NODE0) | ep_epoch3(NODE1) | ep_epoch4(NODE1) | locked_epoch4(NODE0) | NODE0 = NODE1","11","0-0000-00------------0----------","9","116","4","0700010020"
"512","exists NODE0. ep_epoch0(NODE0) | ep_epoch2(NODE0) | ep_epoch3(NODE0) | held(NODE0)","5","0-00-0-00-00--------------------","4","21","4","0602000001"
"513","forall NODE1,NODE0. ep_epoch0(NODE0) | ep_epoch0(NODE1) | ep_epoch2(NODE0) | ep_epoch2(NODE1) | ep_epoch3(NODE0) | ep_epoch3(NODE1) | held(NODE1) | locked_epoch4(NODE0) | NODE0 = NODE1","11","0-00-0-00-0----------0----------","9","115","4","0601010020"
"514","exists NODE0. ep_epoch0(NODE0) | ep_epoch2(NODE0) | ep_epoch3(NODE0) | locked_epoch4(NODE0)","5","0-00-0-00-----------00----------","4","20","4","0600020001"
"515","exists NODE0. ep_epoch0(NODE0) | ep_epoch2(NODE0) | held(NODE0) | transfer_epoch4(NODE0)","5","0-0--0-0--00------------------00","4","19","6","0402000201"
"516","forall NODE1,NODE0. ep_epoch0(NODE0) | ep_epoch0(NODE1) | ep_epoch2(NODE1) | ep_epoch3(NODE0) | held(NODE0) | locked_epoch3(NODE1) | transfer_epoch3(NODE0) | transfer_epoch3(NODE1) | NODE0 = NODE1","11","0-0--0--0--0------0---------00--","9","114","10","0401010220"
"517","forall NODE1,NODE0. ep_epoch0(NODE0) | ep_epoch0(NODE1) | ep_epoch2(NODE0) | ep_epoch4(NODE1) | held(NODE0) | locked_epoch2(NODE1) | transfer_epoch4(NODE0) | transfer_epoch4(NODE1) | NODE0 = NODE1","11","0-0--0---00------0------------00","9","114","10","0401010220"
"518","forall NODE1,NODE0. ep_epoch0(NODE0) | ep_epoch0(NODE1) | ep_epoch2(NODE0) | held(NODE0) | held(NODE1) | locked_epoch2(NODE1) | transfer_epoch4(NODE0) | transfer_epoch4(NODE1) | NODE0 = NODE1","11","0-0--0----00-----0------------00","9","113","6","0302010220"
"519","forall NODE1,NODE0. ep_epoch0(NODE0) | ep_epoch0(NODE1) | ep_epoch2(NODE0) | held(NODE0) | locked_epoch2(NODE1) | locked_epoch4(NODE1) | transfer_epoch4(NODE0) | transfer_epoch4(NODE1) | NODE0 = NODE1","11","0-0--0----0------0---0--------00","9","112","15","0301020220"
"520","forall NODE1,NODE0. ep_epoch0(NODE0) | ep_epoch0(NODE1) | ep_epoch2(NODE1) | held(NODE0) | locked_epoch3(NODE0) | locked_epoch3(NODE1) | transfer_epoch3(NODE0) | transfer_epoch3(NODE1) | NODE0 = NODE1","11","0-0--0-----0------00--------00--","9","112","15","0301020220"
"521","exists NODE0. ep_epoch0(NODE0) | ep_epoch3(NODE0) | held(NODE0) | transfer_epoch3(NODE0)","5","0--0-0--0-00----------------00--","4","19","6","0402000201"
"522","forall NODE1,NODE0. ep_epoch0(NODE0) | ep_epoch0(NODE1) | ep_epoch3(NODE1) | held(NODE0) | held(NODE1) | locked_epoch3(NODE0) | transfer_epoch3(NODE0) | transfer_epoch3(NODE1) | NODE0 = NODE1","11","0--0-0----00-------0--------00--","9","113","6","0302010220"
"523","forall NODE1,NODE0. ep_epoch0(NODE0) | ep_epoch0(NODE1) | ep_epoch3(NODE0) | held(NODE0) | locked_epoch2(NODE1) | locked_epoch3(NODE1) | transfer_epoch3(NODE0) | transfer_epoch3(NODE1) | NODE0 = NODE1","11","0--0-0----0------0-0--------00--","9","112","15","0301020220"
"524","exists NODE0. ep_epoch0(NODE0) | held(NODE0) | locked_epoch3(NODE0) | transfer_epoch3(NODE0)","5","0----0----00------00--------00--","4","18","3","0202020201"
"525","exists NODE0. ep_epoch0(NODE0) | held(NODE0) | transfer_epoch3(NODE0) | transfer_epoch4(NODE0)","5","0----0----00----------------0000","4","17","4","0202000401"
"526","forall NODE1,NODE0. ep_epoch0(NODE0) | ep_epoch0(NODE1) | held(NODE0) | locked_epoch2(NODE1) | locked_epoch3(NODE0) | locked_epoch3(NODE1) | transfer_epoch3(NODE0) | transfer_epoch3(NODE1) | NODE0 = NODE1","11","0----0----0------000--------00--","9","111","6","0201030220"
"527","forall NODE1,NODE0. ep_epoch0(NODE0) | ep_epoch1(NODE0) | ep_epoch3(NODE0) | ep_epoch3(NODE1) | ep_epoch4(NODE1) | held(NODE0) | transfer_epoch3(NODE0) | transfer_epoch3(NODE1) | NODE0 = NODE1","11","00-0----000-----------------00--","9","0","101","0501000220"
"528","forall NODE1,NODE0. ep_epoch0(NODE0) | ep_epoch1(NODE0) | ep_epoch3(NODE0) | ep_epoch3(NODE1) | held(NODE0) | held(NODE1) | transfer_epoch3(NODE0) | transfer_epoch3(NODE1) | NODE0 = NODE1","11","00-0----0-00----------------00--","9","0","101","0402000220"
"529","forall NODE1,NODE0. ep_epoch0(NODE0) | ep_epoch1(NODE0) | ep_epoch3(NODE0) | ep_epoch3(NODE1) | held(NODE0) | locked_epoch4(NODE1) | transfer_epoch3(NODE0) | transfer_epoch3(NODE1) | NODE0 = NODE1","11","00-0----0-0----------0------00--","9","114","10","0401010220"
"530","forall NODE1,NODE0. ep_epoch0(NODE0) | ep_epoch1(NODE0) | ep_epoch3(NODE1) | ep_epoch4(NODE1) | held(NODE0) | locked_epoch3(NODE0) | transfer_epoch3(NODE0) | transfer_epoch3(NODE1) | NODE0 = NODE1","11","00------000-------0---------00--","9","114","10","0401010220"
"531","forall NODE1,NODE0. ep_epoch0(NODE0) | ep_epoch1(NODE0) | ep_epoch3(NODE1) | held(NODE0) | held(NODE1) | locked_epoch3(NODE0) | transfer_epoch3(NODE0) | transfer_epoch3(NODE1) | NODE0 = NODE1","11","00------0-00------0---------00--","9","113","6","0302010220"
"532","forall NODE1,NODE0. ep_epoch0(NODE0) | ep_epoch1(NODE0) | ep_epoch3(NODE1) | held(NODE0) | locked_epoch3(NODE0) | locked_epoch4(NODE1) | transfer_epoch3(NODE0) | transfer_epoch3(NODE1) | NODE0 = NODE1","11","00------0-0-------0--0------00--","9","112","15","0301020220"
"533","forall NODE1,NODE0. ep_epoch0(NODE0) | ep_epoch1(NODE0) | held(NODE0) | held(NODE1) | transfer_epoch3(NODE0) | transfer_epoch3(NODE1) | transfer_epoch4(NODE0) | transfer_epoch4(NODE1) | NODE0 = NODE1","11","00--------00----------------0000","9","0","101","0202000420"
"534","forall NODE1,NODE0. ep_epoch0(NODE0) | ep_epoch2(NODE0) | ep_epoch2(NODE1) | ep_epoch3(NODE0) | held(NODE0) | locked_epoch3(NODE1) | transfer_epoch2(NODE0) | transfer_epoch2(NODE1) | NODE0 = NODE1","11","0-00---0--0--------0------00----","9","114","10","0401010220"
"535","forall NODE1,NODE0. ep_epoch0(NODE0) | ep_epoch2(NODE0) | ep_epoch2(NODE1) | held(NODE0) | locked_epoch3(NODE0) | locked_epoch3(NODE1) | transfer_epoch2(NODE0) | transfer_epoch2(NODE1) | NODE0 = NODE1","11","0-0----0--0-------00------00----","9","112","15","0301020220"
"536","forall NODE1,NODE0. ep_epoch0(NODE0) | ep_epoch2(NODE1) | ep_epoch3(NODE0) | held(NODE0) | locked_epoch2(NODE0) | locked_epoch3(NODE1) | transfer_epoch2(NODE0) | transfer_epoch2(NODE1) | NODE0 = NODE1","11","0--0---0--0-----0--0------00----","9","112","15","0301020220"
"537","forall NODE1,NODE0. ep_epoch0(NODE0) | ep_epoch2(NODE1) | ep_epoch3(NODE1) | ep_epoch4(NODE1) | held(NODE0) | locked_epoch2(NODE0) | transfer_epoch2(NODE0) | transfer_epoch2(NODE1) | NODE0 = NODE1","11","0------0000-----0---------00----","9","114","10","0401010220"
"538","forall NODE1,NODE0. ep_epoch0(NODE0) | ep_epoch2(NODE1) | ep_epoch3(NODE1) | held(NODE0) | locked_epoch2(NODE0) | locked_epoch4(NODE1) | transfer_epoch2(NODE0) | transfer_epoch2(NODE1) | NODE0 = NODE1","11","0------00-0-----0----0----00----","9","112","15","0301020220"
"539","forall NODE1,NODE0. ep_epoch0(NODE0) | ep_epoch2(NODE1) | ep_epoch4(NODE1) | held(NODE0) | locked_epoch2(NODE0) | locked_epoch3(NODE1) | transfer_epoch2(NODE0) | transfer_epoch2(NODE1) | NODE0 = NODE1","11","0------0-00-----0--0------00----","9","112","15","0301020220"
"540","forall NODE1,NODE0. ep_epoch0(NODE0) | ep_epoch2(NODE1) | held(NODE0) | locked_epoch2(NODE0) | locked_epoch3(NODE0) | locked_epoch3(NODE1) | transfer_epoch2(NODE0) | transfer_epoch2(NODE1) | NODE0 = NODE1","11","0------0--0-----0-00------00----","9","111","6","0201030220"
"541","forall NODE1,NODE0. ep_epoch0(NODE0) | ep_epoch2(NODE1) | held(NODE0) | locked_epoch2(NODE0) | locked_epoch3(NODE1) | locked_epoch4(NODE1) | transfer_epoch2(NODE0) | transfer_epoch2(NODE1) | NODE0 = NODE1","11","0------0--0-----0--0-0----00----","9","111","6","0201030220"
"542","exists NODE0. ep_epoch1(NODE0) | ep_epoch2(NODE0) | ep_epoch3(NODE0) | ep_epoch4(NODE0)","5","-0000-0000----------------------","4","22","5","0800000001"
"543","forall NODE1,NODE0. ep_epoch1(NODE0) | ep_epoch1(NODE1) | ep_epoch2(NODE0) | ep_epoch2(NODE1) | ep_epoch3(NODE0) | ep_epoch3(NODE1) | ep_epoch4(NODE1) | held(NODE0) | NODE0 = NODE1","11","-0000-000--0--------------------","9","117","4","0701000020"
"544","forall NODE1,NODE0. ep_epoch1(NODE0) | ep_epoch1(NODE1) | ep_epoch2(NODE0) | ep_epoch2(NODE1) | ep_epoch3(NODE0) | ep_epoch3(NODE1) | ep_epoch4(NODE1) | locked_epoch4(NODE0) | NODE0 = NODE1","11","-0000-000------------0----------","9","116","4","0700010020"
"545","exists NODE0. ep_epoch1(NODE0) | ep_epoch2(NODE0) | ep_epoch3(NODE0) | held(NODE0)","5","-000--000-00--------------------","4","21","4","0602000001"
"546","forall NODE1,NODE0. ep_epoch1(NODE0) | ep_epoch1(NODE1) | ep_epoch2(NODE0) | ep_epoch2(NODE1) | ep_epoch3(NODE0) | ep_epoch3(NODE1) | held(NODE0) | locked_epoch4(NODE1) | NODE0 = NODE1","11","-000--000-0----------0----------","9","115","4","0601010020"
"547","exists NODE0. ep_epoch1(NODE0) | ep_epoch2(NODE0) | ep_epoch3(NODE0) | locked_epoch4(NODE0)","5","-000--000-----------00----------","4","20","4","0600020001"
"548","exists NODE0. ep_epoch1(NODE0) | ep_epoch2(NODE0) | held(NODE0) | transfer_epoch4(NODE0)","5","-00---00--00------------------00","4","19","6","0402000201"
"549","forall NODE1,NODE0. ep_epoch1(NODE0) | ep_epoch1(NODE1) | ep_epoch2(NODE0) | ep_epoch3(NODE1) | held(NODE1) | locked_epoch3(NODE0) | transfer_epoch3(NODE0) | transfer_epoch3(NODE1) | NODE0 = NODE1","11","-00---0-0--0------0---------00--","9","114","10","0401010220"
"550","forall NODE1,NODE0. ep_epoch1(NODE0) | ep_epoch1(NODE1) | ep_epoch2(NODE0) | ep_epoch4(NODE1) | held(NODE0) | locked_epoch2(NODE1) | transfer_epoch4(NODE0) | transfer_epoch4(NODE1) | NODE0 = NODE1","11","-00---0--00------0------------00","9","114","10","0401010220"
"551","forall NODE1,NODE0. ep_epoch1(NODE0) | ep_epoch1(NODE1) | ep_epoch2(NODE0) | held(NODE0) | held(NODE1) | locked_epoch2(NODE1) | transfer_epoch4(NODE0) | transfer_epoch4(NODE1) | NODE0 = NODE1","11","-00---0---00-----0------------00","9","113","6","0302010220"
"552","forall NODE1,NODE0. ep_epoch1(NODE0) | ep_epoch1(NODE1) | ep_epoch2(NODE0) | held(NODE0) | locked_epoch2(NODE1) | locked_epoch4(NODE1) | transfer_epoch4(NODE0) | transfer_epoch4(NODE1) | NODE0 = NODE1","11","-00---0---0------0---0--------00","9","112","15","0301020220"
"553","forall NODE1,NODE0. ep_epoch1(NODE0) | ep_epoch1(NODE1) | ep_epoch2(NODE0) | held(NODE1) | locked_epoch3(NODE0) | locked_epoch3(NODE1) | transfer_epoch3(NODE0) | transfer_epoch3(NODE1) | NODE0 = NODE1","11","-00---0----0------00--------00--","9","112","15","0301020220"
"554","exists NODE0. ep_epoch1(NODE0) | ep_epoch3(NODE0) | held(NODE0) | transfer_epoch3(NODE0)","5","-0-0--0-0-00----------------00--","4","19","6","0402000201"
"555","forall NODE1,NODE0. ep_epoch1(NODE0) | ep_epoch1(NODE1) | ep_epoch3(NODE1) | held(NODE0) | held(NODE1) | locked_epoch3(NODE0) | transfer_epoch3(NODE0) | transfer_epoch3(NODE1) | NODE0 = NODE1","11","-0-0--0---00-------0--------00--","9","113","6","0302010220"
"556","forall NODE1,NODE0. ep_epoch1(NODE0) | ep_epoch1(NODE1) | ep_epoch3(NODE0) | held(NODE0) | locked_epoch2(NODE1) | locked_epoch3(NODE1) | transfer_epoch3(NODE0) | transfer_epoch3(NODE1) | NODE0 = NODE1","11","-0-0--0---0------0-0--------00--","9","112","15","0301020220"
"557","exists NODE0. ep_epoch1(NODE0) | held(NODE0) | locked_epoch3(NODE0) | transfer_epoch3(NODE0)","5","-0----0---00------00--------00--","4","18","3","0202020201"
"558","exists NODE0. ep_epoch1(NODE0) | held(NODE0) | transfer_epoch3(NODE0) | transfer_epoch4(NODE0)","5","-0----0---00----------------0000","4","17","4","0202000401"
"559","forall NODE1,NODE0. ep_epoch1(NODE0) | ep_epoch1(NODE1) | held(NODE0) | locked_epoch2(NODE1) | locked_epoch3(NODE0) | locked_epoch3(NODE1) | transfer_epoch3(NODE0) | transfer_epoch3(NODE1) | NODE0 = NODE1","11","-0----0---0------000--------00--","9","111","6","0201030220"
"560","forall NODE1,NODE0. ep_epoch1(NODE0) | ep_epoch2(NODE0) | ep_epoch2(NODE1) | ep_epoch3(NODE1) | held(NODE1) | locked_epoch3(NODE0) | transfer_epoch2(NODE0) | transfer_epoch2(NODE1) | NODE0 = NODE1","11","-00----00--0------0-------00----","9","114","10","0401010220"
"561","forall NODE1,NODE0. ep_epoch1(NODE0) | ep_epoch2(NODE0) | ep_epoch2(NODE1) | held(NODE1) | locked_epoch3(NODE0) | locked_epoch3(NODE1) | transfer_epoch2(NODE0) | transfer_epoch2(NODE1) | NODE0 = NODE1","11","-00----0---0------00------00----","9","112","15","0301020220"
"562","forall NODE1,NODE0. ep_epoch1(NODE0) | ep_epoch2(NODE0) | ep_epoch3(NODE0) | ep_epoch4(NODE0) | held(NODE1) | locked_epoch2(NODE1) | transfer_epoch2(NODE0) | transfer_epoch2(NODE1) | NODE0 = NODE1","11","-0000------0-----0--------00----","9","114","10","0401010220"
"563","forall NODE1,NODE0. ep_epoch1(NODE0) | ep_epoch2(NODE0) | ep_epoch3(NODE0) | held(NODE1) | locked_epoch2(NODE1) | locked_epoch4(NODE0) | transfer_epoch2(NODE0) | transfer_epoch2(NODE1) | NODE0 = NODE1","11","-000-------0-----0--0-----00----","9","112","15","0301020220"
"564","forall NODE1,NODE0. ep_epoch1(NODE0) | ep_epoch2(NODE0) | ep_epoch3(NODE1) | held(NODE1) | locked_epoch2(NODE1) | locked_epoch3(NODE0) | transfer_epoch2(NODE0) | transfer_epoch2(NODE1) | NODE0 = NODE1","11","-00-----0--0-----00-------00----","9","112","15","0301020220"
"565","forall NODE1,NODE0. ep_epoch1(NODE0) | ep_epoch2(NODE0) | ep_epoch4(NODE0) | held(NODE1) | locked_epoch2(NODE1) | locked_epoch3(NODE0) | transfer_epoch2(NODE0) | transfer_epoch2(NODE1) | NODE0 = NODE1","11","-00-0------0-----00-------00----","9","112","15","0301020220"
"566","forall NODE1,NODE0. ep_epoch1(NODE0) | ep_epoch2(NODE0) | held(NODE1) | locked_epoch2(NODE1) | locked_epoch3(NODE0) | locked_epoch3(NODE1) | transfer_epoch2(NODE0) | transfer_epoch2(NODE1) | NODE0 = NODE1","11","-00--------0-----000------00----","9","111","6","0201030220"
"567","forall NODE1,NODE0. ep_epoch1(NODE0) | ep_epoch2(NODE0) | held(NODE1) | locked_epoch2(NODE1) | locked_epoch3(NODE0) | locked_epoch4(NODE0) | transfer_epoch2(NODE0) | transfer_epoch2(NODE1) | NODE0 = NODE1","11","-00--------0-----00-0-----00----","9","111","6","0201030220"
"568","exists NODE0. ep_epoch2(NODE0) | ep_epoch3(NODE0) | held(NODE0) | transfer_epoch2(NODE0)","5","--00---00-00--------------00----","4","19","6","0402000201"
"569","forall NODE1,NODE0. ep_epoch2(NODE0) | ep_epoch2(NODE1) | ep_epoch3(NODE0) | held(NODE0) | held(NODE1) | locked_epoch3(NODE1) | transfer_epoch2(NODE0) | transfer_epoch2(NODE1) | NODE0 = NODE1","11","--00---0--00-------0------00----","9","113","6","0302010220"
"570","exists NODE0. ep_epoch2(NODE0) | held(NODE0) | locked_epoch3(NODE0) | transfer_epoch2(NODE0)","5","--0----0--00------00------00----","4","18","3","0202020201"
"571","exists NODE0. ep_epoch2(NODE0) | held(NODE0) | transfer_epoch2(NODE0) | transfer_epoch4(NODE0)","5","--0----0--00--------------00--00","4","17","4","0202000401"
"572","forall NODE1,NODE0. ep_epoch2(NODE0) | held(NODE0) | held(NODE1) | locked_epoch2(NODE1) | transfer_epoch2(NODE0) | transfer_epoch2(NODE1) | transfer_epoch4(NODE0) | transfer_epoch4(NODE1) | NODE0 = NODE1","11","--0-------00-----0--------00--00","9","110","2","0102010420"
"573","exists NODE0. ep_epoch3(NODE0) | held(NODE0) | transfer_epoch2(NODE0) | transfer_epoch3(NODE0)","5","---0----0-00--------------0000--","4","17","4","0202000401"
"574","forall NODE1,NODE0. ep_epoch3(NODE0) | held(NODE0) | held(NODE1) | locked_epoch3(NODE1) | transfer_epoch2(NODE0) | transfer_epoch2(NODE1) | transfer_epoch3(NODE0) | transfer_epoch3(NODE1) | NODE0 = NODE1","11","---0------00-------0------0000--","9","110","2","0102010420"
"575","exists NODE0. held(NODE0) | locked_epoch3(NODE0) | transfer_epoch2(NODE0) | transfer_epoch3(NODE0)","5","----------00------00------0000--","4","0","101","0002020401"
"576","exists NODE0. held(NODE0) | transfer_epoch2(NODE0) | transfer_epoch3(NODE0) | transfer_epoch4(NODE0)","5","----------00--------------000000","4","0","101","0002000601"
"577","forall NODE1,NODE0. ep_epoch0(NODE0) | ep_epoch0(NODE1) | ep_epoch1(NODE0) | ep_epoch1(NODE1) | ep_epoch3(NODE1) | ep_epoch4(NODE1) | held(NODE0) | transfer_epoch4(NODE0) | transfer_epoch4(NODE1) | NODE0 = NODE1","12","00-0000----0------------------00","10","127","7","0601000220"
"578","forall NODE1,NODE0. ep_epoch0(NODE0) | ep_epoch0(NODE1) | ep_epoch1(NODE0) | ep_epoch1(NODE1) | ep_epoch3(NODE1) | held(NODE0) | locked_epoch4(NODE1) | transfer_epoch4(NODE0) | transfer_epoch4(NODE1) | NODE0 = NODE1","12","00-0-00----0--------0---------00","10","126","16","0501010220"
"579","forall NODE1,NODE0. ep_epoch0(NODE0) | ep_epoch0(NODE1) | ep_epoch1(NODE0) | ep_epoch1(NODE1) | ep_epoch4(NODE1) | held(NODE0) | locked_epoch3(NODE1) | transfer_epoch4(NODE0) | transfer_epoch4(NODE1) | NODE0 = NODE1","12","00--000----0------0-----------00","10","126","16","0501010220"
"580","forall NODE1,NODE0. ep_epoch0(NODE0) | ep_epoch0(NODE1) | ep_epoch1(NODE0) | ep_epoch1(NODE1) | held(NODE0) | locked_epoch3(NODE1) | locked_epoch4(NODE1) | transfer_epoch4(NODE0) | transfer_epoch4(NODE1) | NODE0 = NODE1","12","00---00---0--------0-0--------00","10","125","11","0401020220"
"581","forall NODE1,NODE0. ep_epoch0(NODE0) | ep_epoch0(NODE1) | ep_epoch2(NODE0) | ep_epoch2(NODE1) | ep_epoch3(NODE1) | ep_epoch4(NODE1) | held(NODE0) | transfer_epoch4(NODE0) | transfer_epoch4(NODE1) | NODE0 = NODE1","12","0-0000-0---0------------------00","10","127","7","0601000220"
"582","forall NODE1,NODE0. ep_epoch0(NODE0) | ep_epoch0(NODE1) | ep_epoch2(NODE0) | ep_epoch2(NODE1) | ep_epoch3(NODE1) | held(NODE0) | locked_epoch4(NODE1) | transfer_epoch4(NODE0) | transfer_epoch4(NODE1) | NODE0 = NODE1","12","0-00-0-0---0--------0---------00","10","126","16","0501010220"
"583","forall NODE1,NODE0. ep_epoch0(NODE0) | ep_epoch0(NODE1) | ep_epoch2(NODE0) | ep_epoch2(NODE1) | ep_epoch4(NODE1) | held(NODE0) | locked_epoch3(NODE1) | transfer_epoch4(NODE0) | transfer_epoch4(NODE1) | NODE0 = NODE1","12","0-0-00-0---0------0-----------00","10","126","16","0501010220"
"584","forall NODE1,NODE0. ep_epoch0(NODE0) | ep_epoch0(NODE1) | ep_epoch2(NODE0) | ep_epoch2(NODE1) | held(NODE0) | locked_epoch3(NODE1) | locked_epoch4(NODE1) | transfer_epoch4(NODE0) | transfer_epoch4(NODE1) | NODE0 = NODE1","12","0-0--0-0--0--------0-0--------00","10","125","11","0401020220"
"585","forall NODE1,NODE0. ep_epoch0(NODE0) | ep_epoch0(NODE1) | ep_epoch2(NODE1) | ep_epoch3(NODE0) | ep_epoch3(NODE1) | ep_epoch4(NODE1) | held(NODE0) | transfer_epoch3(NODE0) | transfer_epoch3(NODE1) | NODE0 = NODE1","12","0-0000--0--0----------------00--","10","127","7","0601000220"
"586","forall NODE1,NODE0. ep_epoch0(NODE0) | ep_epoch0(NODE1) | ep_epoch2(NODE1) | ep_epoch3(NODE0) | ep_epoch3(NODE1) | held(NODE0) | locked_epoch4(NODE1) | transfer_epoch3(NODE0) | transfer_epoch3(NODE1) | NODE0 = NODE1","12","0-00-0--0--0--------0-------00--","10","126","16","0501010220"
"587","forall NODE1,NODE0. ep_epoch0(NODE0) | ep_epoch0(NODE1) | ep_epoch2(NODE1) | ep_epoch3(NODE1) | ep_epoch4(NODE1) | held(NODE0) | locked_epoch3(NODE0) | transfer_epoch3(NODE0) | transfer_epoch3(NODE1) | NODE0 = NODE1","12","0-0000-----0-------0--------00--","10","126","16","0501010220"
"588","forall NODE1,NODE0. ep_epoch0(NODE0) | ep_epoch0(NODE1) | ep_epoch2(NODE1) | ep_epoch3(NODE1) | held(NODE0) | locked_epoch3(NODE0) | locked_epoch4(NODE1) | transfer_epoch3(NODE0) | transfer_epoch3(NODE1) | NODE0 = NODE1","12","0-00-0-----0-------00-------00--","10","125","11","0401020220"
"589","forall NODE1,NODE0. ep_epoch0(NODE0) | ep_epoch0(NODE1) | ep_epoch3(NODE0) | ep_epoch3(NODE1) | ep_epoch4(NODE1) | held(NODE0) | locked_epoch2(NODE1) | transfer_epoch3(NODE0) | transfer_epoch3(NODE1) | NODE0 = NODE1","12","0--000--0--0----0-----------00--","10","126","16","0501010220"
"590","forall NODE1,NODE0. ep_epoch0(NODE0) | ep_epoch0(NODE1) | ep_epoch3(NODE0) | ep_epoch3(NODE1) | held(NODE0) | locked_epoch2(NODE1) | locked_epoch4(NODE1) | transfer_epoch3(NODE0) | transfer_epoch3(NODE1) | NODE0 = NODE1","12","0--0-0--0-0------0---0------00--","10","125","11","0401020220"
"591","forall NODE1,NODE0. ep_epoch0(NODE0) | ep_epoch0(NODE1) | ep_epoch3(NODE1) | ep_epoch4(NODE1) | held(NODE0) | locked_epoch2(NODE1) | locked_epoch3(NODE0) | transfer_epoch3(NODE0) | transfer_epoch3(NODE1) | NODE0 = NODE1","12","0--000-----0----0--0--------00--","10","125","11","0401020220"
"592","forall NODE1,NODE0. ep_epoch0(NODE0) | ep_epoch0(NODE1) | ep_epoch3(NODE1) | held(NODE0) | locked_epoch2(NODE1) | locked_epoch3(NODE0) | locked_epoch4(NODE1) | transfer_epoch3(NODE0) | transfer_epoch3(NODE1) | NODE0 = NODE1","12","0--0-0-----0----0--00-------00--","10","124","2","0301030220"
"593","forall NODE1,NODE0. ep_epoch0(NODE0) | ep_epoch1(NODE0) | ep_epoch3(NODE1) | ep_epoch4(NODE1) | held(NODE0) | transfer_epoch3(NODE0) | transfer_epoch3(NODE1) | transfer_epoch4(NODE0) | transfer_epoch4(NODE1) | NODE0 = NODE1","12","00------000-----------------0000","10","0","101","0401000420"
"594","forall NODE1,NODE0. ep_epoch0(NODE0) | ep_epoch1(NODE0) | ep_epoch3(NODE1) | held(NODE0) | locked_epoch4(NODE1) | transfer_epoch3(NODE0) | transfer_epoch3(NODE1) | transfer_epoch4(NODE0) | transfer_epoch4(NODE1) | NODE0 = NODE1","12","00------0-0----------0------0000","10","123","6","0301010420"
"595","forall NODE1,NODE0. ep_epoch0(NODE0) | ep_epoch1(NODE0) | ep_epoch4(NODE1) | held(NODE0) | locked_epoch3(NODE1) | transfer_epoch3(NODE0) | transfer_epoch3(NODE1) | transfer_epoch4(NODE0) | transfer_epoch4(NODE1) | NODE0 = NODE1","12","00-------00--------0--------0000","10","123","6","0301010420"
"596","forall NODE1,NODE0. ep_epoch0(NODE0) | ep_epoch1(NODE0) | held(NODE0) | locked_epoch3(NODE1) | locked_epoch4(NODE1) | transfer_epoch3(NODE0) | transfer_epoch3(NODE1) | transfer_epoch4(NODE0) | transfer_epoch4(NODE1) | NODE0 = NODE1","12","00--------0--------0-0------0000","10","121","7","0201020420"
"597","forall NODE1,NODE0. ep_epoch0(NODE0) | ep_epoch2(NODE0) | ep_epoch2(NODE1) | ep_epoch3(NODE0) | ep_epoch3(NODE1) | ep_epoch4(NODE1) | held(NODE0) | transfer_epoch2(NODE0) | transfer_epoch2(NODE1) | NODE0 = NODE1","12","0-00---0000---------------00----","10","127","7","0601000220"
"598","forall NODE1,NODE0. ep_epoch0(NODE0) | ep_epoch2(NODE0) | ep_epoch2(NODE1) | ep_epoch3(NODE0) | ep_epoch3(NODE1) | held(NODE0) | locked_epoch4(NODE1) | transfer_epoch2(NODE0) | transfer_epoch2(NODE1) | NODE0 = NODE1","12","0-00---00-0----------0----00----","10","126","16","0501010220"
"599","forall NODE1,NODE0. ep_epoch0(NODE0) | ep_epoch2(NODE0) | ep_epoch2(NODE1) | ep_epoch3(NODE1) | ep_epoch4(NODE1) | held(NODE0) | locked_epoch3(NODE0) | transfer_epoch2(NODE0) | transfer_epoch2(NODE1) | NODE0 = NODE1","12","0-0----0000-------0-------00----","10","126","16","0501010220"
"600","forall NODE1,NODE0. ep_epoch0(NODE0) | ep_epoch2(NODE0) | ep_epoch2(NODE1) | ep_epoch3(NODE1) | held(NODE0) | locked_epoch3(NODE0) | locked_epoch4(NODE1) | transfer_epoch2(NODE0) | transfer_epoch2(NODE1) | NODE0 = NODE1","12","0-0----00-0-------0--0----00----","10","125","11","0401020220"
"601","forall NODE1,NODE0. ep_epoch0(NODE0) | ep_epoch2(NODE0) | ep_epoch4(NODE1) | held(NODE0) | locked_epoch2(NODE1) | transfer_epoch2(NODE0) | transfer_epoch2(NODE1) | transfer_epoch4(NODE0) | transfer_epoch4(NODE1) | NODE0 = NODE1","12","0-0------00------0--------00--00","10","123","6","0301010420"
"602","forall NODE1,NODE0. ep_epoch0(NODE0) | ep_epoch2(NODE0) | held(NODE0) | locked_epoch2(NODE1) | locked_epoch4(NODE1) | transfer_epoch2(NODE0) | transfer_epoch2(NODE1) | transfer_epoch4(NODE0) | transfer_epoch4(NODE1) | NODE0 = NODE1","12","0-0-------0------0---0----00--00","10","121","7","0201020420"
"603","forall NODE1,NODE0. ep_epoch0(NODE0) | ep_epoch2(NODE1) | ep_epoch3(NODE0) | held(NODE0) | locked_epoch3(NODE1) | transfer_epoch2(NODE0) | transfer_epoch2(NODE1) | transfer_epoch3(NODE0) | transfer_epoch3(NODE1) | NODE0 = NODE1","12","0--0---0--0--------0------0000--","10","123","6","0301010420"
"604","forall NODE1,NODE0. ep_epoch0(NODE0) | ep_epoch2(NODE1) | held(NODE0) | locked_epoch3(NODE0) | locked_epoch3(NODE1) | transfer_epoch2(NODE0) | transfer_epoch2(NODE1) | transfer_epoch3(NODE0) | transfer_epoch3(NODE1) | NODE0 = NODE1","12","0------0--0-------00------0000--","10","121","7","0201020420"
"605","forall NODE1,NODE0. ep_epoch0(NODE0) | ep_epoch3(NODE0) | held(NODE0) | locked_epoch2(NODE1) | locked_epoch3(NODE1) | transfer_epoch2(NODE0) | transfer_epoch2(NODE1) | transfer_epoch3(NODE0) | transfer_epoch3(NODE1) | NODE0 = NODE1","12","0--0------0------0-0------0000--","10","121","7","0201020420"
"606","forall NODE1,NODE0. ep_epoch0(NODE0) | held(NODE0) | locked_epoch2(NODE1) | locked_epoch3(NODE0) | locked_epoch3(NODE1) | transfer_epoch2(NODE0) | transfer_epoch2(NODE1) | transfer_epoch3(NODE0) | transfer_epoch3(NODE1) | NODE0 = NODE1","12","0---------0------000------0000--","10","119","2","0101030420"
"607","forall NODE1,NODE0. ep_epoch1(NODE0) | ep_epoch1(NODE1) | ep_epoch2(NODE0) | ep_epoch2(NODE1) | ep_epoch3(NODE1) | ep_epoch4(NODE1) | held(NODE0) | transfer_epoch4(NODE0) | transfer_epoch4(NODE1) | NODE0 = NODE1","12","-0000-00---0------------------00","10","127","7","0601000220"
"608","forall NODE1,NODE0. ep_epoch1(NODE0) | ep_epoch1(NODE1) | ep_epoch2(NODE0) | ep_epoch2(NODE1) | ep_epoch3(NODE1) | held(NODE0) | locked_epoch4(NODE1) | transfer_epoch4(NODE0) | transfer_epoch4(NODE1) | NODE0 = NODE1","12","-000--00---0--------0---------00","10","126","16","0501010220"
"609","forall NODE1,NODE0. ep_epoch1(NODE0) | ep_epoch1(NODE1) | ep_epoch2(NODE0) | ep_epoch2(NODE1) | ep_epoch4(NODE1) | held(NODE0) | locked_epoch3(NODE1) | transfer_epoch4(NODE0) | transfer_epoch4(NODE1) | NODE0 = NODE1","12","-00-0-00---0------0-----------00","10","126","16","0501010220"
"610","forall NODE1,NODE0. ep_epoch1(NODE0) | ep_epoch1(NODE1) | ep_epoch2(NODE0) | ep_epoch2(NODE1) | held(NODE0) | locked_epoch3(NODE1) | locked_epoch4(NODE1) | transfer_epoch4(NODE0) | transfer_epoch4(NODE1) | NODE0 = NODE1","12","-00---00--0--------0-0--------00","10","125","11","0401020220"
"611","forall NODE1,NODE0. ep_epoch1(NODE0) | ep_epoch1(NODE1) | ep_epoch2(NODE1) | ep_epoch3(NODE0) | ep_epoch3(NODE1) | ep_epoch4(NODE1) | held(NODE0) | transfer_epoch3(NODE0) | transfer_epoch3(NODE1) | NODE0 = NODE1","12","-0000-0-0--0----------------00--","10","127","7","0601000220"
"612","forall NODE1,NODE0. ep_epoch1(NODE0) | ep_epoch1(NODE1) | ep_epoch2(NODE1) | ep_epoch3(NODE0) | ep_epoch3(NODE1) | held(NODE0) | locked_epoch4(NODE1) | transfer_epoch3(NODE0) | transfer_epoch3(NODE1) | NODE0 = NODE1","12","-000--0-0--0--------0-------00--","10","126","16","0501010220"
"613","forall NODE1,NODE0. ep_epoch1(NODE0) | ep_epoch1(NODE1) | ep_epoch2(NODE1) | ep_epoch3(NODE1) | ep_epoch4(NODE1) | held(NODE0) | locked_epoch3(NODE0) | transfer_epoch3(NODE0) | transfer_epoch3(NODE1) | NODE0 = NODE1","12","-0000-0----0-------0--------00--","10","126","16","0501010220"
"614","forall NODE1,NODE0. ep_epoch1(NODE0) | ep_epoch1(NODE1) | ep_epoch2(NODE1) | ep_epoch3(NODE1) | held(NODE0) | locked_epoch3(NODE0) | locked_epoch4(NODE1) | transfer_epoch3(NODE0) | transfer_epoch3(NODE1) | NODE0 = NODE1","12","-000--0----0-------00-------00--","10","125","11","0401020220"
"615","forall NODE1,NODE0. ep_epoch1(NODE0) | ep_epoch1(NODE1) | ep_epoch3(NODE0) | ep_epoch3(NODE1) | ep_epoch4(NODE1) | held(NODE0) | locked_epoch2(NODE1) | transfer_epoch3(NODE0) | transfer_epoch3(NODE1) | NODE0 = NODE1","12","-0-00-0-0--0----0-----------00--","10","126","16","0501010220"
"616","forall NODE1,NODE0. ep_epoch1(NODE0) | ep_epoch1(NODE1) | ep_epoch3(NODE0) | ep_epoch3(NODE1) | held(NODE0) | locked_epoch2(NODE1) | locked_epoch4(NODE1) | transfer_epoch3(NODE0) | transfer_epoch3(NODE1) | NODE0 = NODE1","12","-0-0--0-0-0------0---0------00--","10","125","11","0401020220"
"617","forall NODE1,NODE0. ep_epoch1(NODE0) | ep_epoch1(NODE1) | ep_epoch3(NODE1) | ep_epoch4(NODE1) | held(NODE0) | locked_epoch2(NODE1) | locked_epoch3(NODE0) | transfer_epoch3(NODE0) | transfer_epoch3(NODE1) | NODE0 = NODE1","12","-0-00-0----0----0--0--------00--","10","125","11","0401020220"
"618","forall NODE1,NODE0. ep_epoch1(NODE0) | ep_epoch1(NODE1) | ep_epoch3(NODE1) | held(NODE0) | locked_epoch2(NODE1) | locked_epoch3(NODE0) | locked_epoch4(NODE1) | transfer_epoch3(NODE0) | transfer_epoch3(NODE1) | NODE0 = NODE1","12","-0-0--0----0----0--00-------00--","10","124","2","0301030220"
"619","forall NODE1,NODE0. ep_epoch1(NODE0) | ep_epoch2(NODE0) | ep_epoch2(NODE1) | ep_epoch3(NODE0) | ep_epoch3(NODE1) | ep_epoch4(NODE0) | held(NODE1) | transfer_epoch2(NODE0) | transfer_epoch2(NODE1) | NODE0 = NODE1","12","-0000--00--0--------------00----","10","127","7","0601000220"
"620","forall NODE1,NODE0. ep_epoch1(NODE0) | ep_epoch2(NODE0) | ep_epoch2(NODE1) | ep_epoch3(NODE0) | ep_epoch3(NODE1) | held(NODE1) | locked_epoch4(NODE0) | transfer_epoch2(NODE0) | transfer_epoch2(NODE1) | NODE0 = NODE1","12","-000---00--0--------0-----00----","10","126","16","0501010220"
"621","forall NODE1,NODE0. ep_epoch1(NODE0) | ep_epoch2(NODE0) | ep_epoch2(NODE1) | ep_epoch3(NODE0) | ep_epoch4(NODE0) | held(NODE1) | locked_epoch3(NODE1) | transfer_epoch2(NODE0) | transfer_epoch2(NODE1) | NODE0 = NODE1","12","-0000--0---0-------0------00----","10","126","16","0501010220"
"622","forall NODE1,NODE0. ep_epoch1(NODE0) | ep_epoch2(NODE0) | ep_epoch2(NODE1) | ep_epoch3(NODE0) | held(NODE1) | locked_epoch3(NODE1) | locked_epoch4(NODE0) | transfer_epoch2(NODE0) | transfer_epoch2(NODE1) | NODE0 = NODE1","12","-000---0---0-------00-----00----","10","125","11","0401020220"
"623","forall NODE1,NODE0. ep_epoch1(NODE0) | ep_epoch2(NODE0) | ep_epoch3(NODE1) | held(NODE1) | locked_epoch3(NODE0) | transfer_epoch2(NODE0) | transfer_epoch2(NODE1) | transfer_epoch3(NODE0) | transfer_epoch3(NODE1) | NODE0 = NODE1","12","-00-----0--0------0-------0000--","10","123","6","0301010420"
"624","forall NODE1,NODE0. ep_epoch1(NODE0) | ep_epoch2(NODE0) | held(NODE1) | locked_epoch3(NODE0) | locked_epoch3(NODE1) | transfer_epoch2(NODE0) | transfer_epoch2(NODE1) | transfer_epoch3(NODE0) | transfer_epoch3(NODE1) | NODE0 = NODE1","12","-00--------0------00------0000--","10","121","7","0201020420"
"625","forall NODE1,NODE0. ep_epoch1(NODE0) | ep_epoch2(NODE1) | ep_epoch4(NODE0) | held(NODE1) | locked_epoch2(NODE0) | transfer_epoch2(NODE0) | transfer_epoch2(NODE1) | transfer_epoch4(NODE0) | transfer_epoch4(NODE1) | NODE0 = NODE1","12","-0--0--0---0----0---------00--00","10","123","6","0301010420"
"626","forall NODE1,NODE0. ep_epoch1(NODE0) | ep_epoch2(NODE1) | held(NODE1) | locked_epoch2(NODE0) | locked_epoch4(NODE0) | transfer_epoch2(NODE0) | transfer_epoch2(NODE1) | transfer_epoch4(NODE0) | transfer_epoch4(NODE1) | NODE0 = NODE1","12","-0-----0---0----0---0-----00--00","10","121","7","0201020420"
"627","forall NODE1,NODE0. ep_epoch1(NODE0) | ep_epoch3(NODE1) | held(NODE1) | locked_epoch2(NODE0) | locked_epoch3(NODE0) | transfer_epoch2(NODE0) | transfer_epoch2(NODE1) | transfer_epoch3(NODE0) | transfer_epoch3(NODE1) | NODE0 = NODE1","12","-0------0--0----0-0-------0000--","10","121","7","0201020420"
"628","forall NODE1,NODE0. ep_epoch1(NODE0) | held(NODE1) | locked_epoch2(NODE0) | locked_epoch3(NODE0) | locked_epoch3(NODE1) | transfer_epoch2(NODE0) | transfer_epoch2(NODE1) | transfer_epoch3(NODE0) | transfer_epoch3(NODE1) | NODE0 = NODE1","12","-0---------0----0-00------0000--","10","119","2","0101030420"
"629","forall NODE1,NODE0. ep_epoch0(NODE0) | ep_epoch0(NODE1) | ep_epoch2(NODE1) | ep_epoch3(NODE1) | ep_epoch4(NODE1) | held(NODE0) | transfer_epoch3(NODE0) | transfer_epoch3(NODE1) | transfer_epoch4(NODE0) | transfer_epoch4(NODE1) | NODE0 = NODE1","13","0-0000-----0----------------0000","11","131","6","0501000420"
"630","forall NODE1,NODE0. ep_epoch0(NODE0) | ep_epoch0(NODE1) | ep_epoch2(NODE1) | ep_epoch3(NODE1) | held(NODE0) | locked_epoch4(NODE1) | transfer_epoch3(NODE0) | transfer_epoch3(NODE1) | transfer_epoch4(NODE0) | transfer_epoch4(NODE1) | NODE0 = NODE1","13","0-00-0-----0--------0-------0000","11","130","16","0401010420"
"631","forall NODE1,NODE0. ep_epoch0(NODE0) | ep_epoch0(NODE1) | ep_epoch2(NODE1) | ep_epoch4(NODE1) | held(NODE0) | locked_epoch3(NODE1) | transfer_epoch3(NODE0) | transfer_epoch3(NODE1) | transfer_epoch4(NODE0) | transfer_epoch4(NODE1) | NODE0 = NODE1","13","0-0-00-----0------0---------0000","11","130","16","0401010420"
"632","forall NODE1,NODE0. ep_epoch0(NODE0) | ep_epoch0(NODE1) | ep_epoch2(NODE1) | held(NODE0) | locked_epoch3(NODE1) | locked_epoch4(NODE1) | transfer_epoch3(NODE0) | transfer_epoch3(NODE1) | transfer_epoch4(NODE0) | transfer_epoch4(NODE1) | NODE0 = NODE1","13","0-0--0-----0------0-0-------0000","11","129","14","0301020420"
"633","forall NODE1,NODE0. ep_epoch0(NODE0) | ep_epoch0(NODE1) | ep_epoch3(NODE0) | ep_epoch4(NODE0) | held(NODE1) | locked_epoch2(NODE0) | transfer_epoch3(NODE0) | transfer_epoch3(NODE1) | transfer_epoch4(NODE0) | transfer_epoch4(NODE1) | NODE0 = NODE1","13","0--000-----0----0-----------0000","11","130","16","0401010420"
"634","forall NODE1,NODE0. ep_epoch0(NODE0) | ep_epoch0(NODE1) | ep_epoch3(NODE0) | held(NODE1) | locked_epoch2(NODE0) | locked_epoch4(NODE0) | transfer_epoch3(NODE0) | transfer_epoch3(NODE1) | transfer_epoch4(NODE0) | transfer_epoch4(NODE1) | NODE0 = NODE1","13","0--0-0-----0----0---0-------0000","11","129","14","0301020420"
"635","forall NODE1,NODE0. ep_epoch0(NODE0) | ep_epoch0(NODE1) | ep_epoch4(NODE0) | held(NODE1) | locked_epoch2(NODE0) | locked_epoch3(NODE0) | transfer_epoch3(NODE0) | transfer_epoch3(NODE1) | transfer_epoch4(NODE0) | transfer_epoch4(NODE1) | NODE0 = NODE1","13","0---00-----0----0-0---------0000","11","129","14","0301020420"
"636","forall NODE1,NODE0. ep_epoch0(NODE0) | ep_epoch0(NODE1) | held(NODE1) | locked_epoch2(NODE0) | locked_epoch3(NODE0) | locked_epoch4(NODE0) | transfer_epoch3(NODE0) | transfer_epoch3(NODE1) | transfer_epoch4(NODE0) | transfer_epoch4(NODE1) | NODE0 = NODE1","13","0----0----0------0-0-0------0000","11","128","4","0201030420"
"637","forall NODE1,NODE0. ep_epoch0(NODE0) | ep_epoch2(NODE0) | ep_epoch2(NODE1) | ep_epoch3(NODE1) | ep_epoch4(NODE1) | held(NODE0) | transfer_epoch2(NODE0) | transfer_epoch2(NODE1) | transfer_epoch4(NODE0) | transfer_epoch4(NODE1) | NODE0 = NODE1","13","0-0----0000---------------00--00","11","131","6","0501000420"
"638","forall NODE1,NODE0. ep_epoch0(NODE0) | ep_epoch2(NODE0) | ep_epoch2(NODE1) | ep_epoch3(NODE1) | held(NODE0) | locked_epoch4(NODE1) | transfer_epoch2(NODE0) | transfer_epoch2(NODE1) | transfer_epoch4(NODE0) | transfer_epoch4(NODE1) | NODE0 = NODE1","13","0-0----00-0----------0----00--00","11","130","16","0401010420"
"639","forall NODE1,NODE0. ep_epoch0(NODE0) | ep_epoch2(NODE0) | ep_epoch2(NODE1) | ep_epoch4(NODE1) | held(NODE0) | locked_epoch3(NODE1) | transfer_epoch2(NODE0) | transfer_epoch2(NODE1) | transfer_epoch4(NODE0) | transfer_epoch4(NODE1) | NODE0 = NODE1","13","0-0----0-00--------0------00--00","11","130","16","0401010420"
"640","forall NODE1,NODE0. ep_epoch0(NODE0) | ep_epoch2(NODE0) | ep_epoch2(NODE1) | held(NODE0) | locked_epoch3(NODE1) | locked_epoch4(NODE1) | transfer_epoch2(NODE0) | transfer_epoch2(NODE1) | transfer_epoch4(NODE0) | transfer_epoch4(NODE1) | NODE0 = NODE1","13","0-0----0--0--------0-0----00--00","11","129","14","0301020420"
"641","forall NODE1,NODE0. ep_epoch0(NODE0) | ep_epoch2(NODE1) | ep_epoch3(NODE0) | ep_epoch3(NODE1) | ep_epoch4(NODE1) | held(NODE0) | transfer_epoch2(NODE0) | transfer_epoch2(NODE1) | transfer_epoch3(NODE0) | transfer_epoch3(NODE1) | NODE0 = NODE1","13","0--0---0000---------------0000--","11","131","6","0501000420"
"642","forall NODE1,NODE0. ep_epoch0(NODE0) | ep_epoch2(NODE1) | ep_epoch3(NODE0) | ep_epoch3(NODE1) | held(NODE0) | locked_epoch4(NODE1) | transfer_epoch2(NODE0) | transfer_epoch2(NODE1) | transfer_epoch3(NODE0) | transfer_epoch3(NODE1) | NODE0 = NODE1","13","0--0---00-0----------0----0000--","11","130","16","0401010420"
"643","forall NODE1,NODE0. ep_epoch0(NODE0) | ep_epoch2(NODE1) | ep_epoch3(NODE1) | ep_epoch4(NODE1) | held(NODE0) | locked_epoch3(NODE0) | transfer_epoch2(NODE0) | transfer_epoch2(NODE1) | transfer_epoch3(NODE0) | transfer_epoch3(NODE1) | NODE0 = NODE1","13","0------0000-------0-------0000--","11","130","16","0401010420"
"644","forall NODE1,NODE0. ep_epoch0(NODE0) | ep_epoch2(NODE1) | ep_epoch3(NODE1) | held(NODE0) | locked_epoch3(NODE0) | locked_epoch4(NODE1) | transfer_epoch2(NODE0) | transfer_epoch2(NODE1) | transfer_epoch3(NODE0) | transfer_epoch3(NODE1) | NODE0 = NODE1","13","0------00-0-------0--0----0000--","11","129","14","0301020420"
"645","forall NODE1,NODE0. ep_epoch0(NODE0) | ep_epoch3(NODE0) | ep_epoch3(NODE1) | ep_epoch4(NODE1) | held(NODE0) | locked_epoch2(NODE1) | transfer_epoch2(NODE0) | transfer_epoch2(NODE1) | transfer_epoch3(NODE0) | transfer_epoch3(NODE1) | NODE0 = NODE1","13","0--0----000------0--------0000--","11","130","16","0401010420"
"646","forall NODE1,NODE0. ep_epoch0(NODE0) | ep_epoch3(NODE0) | ep_epoch3(NODE1) | held(NODE0) | locked_epoch2(NODE1) | locked_epoch4(NODE1) | transfer_epoch2(NODE0) | transfer_epoch2(NODE1) | transfer_epoch3(NODE0) | transfer_epoch3(NODE1) | NODE0 = NODE1","13","0--0----0-0------0---0----0000--","11","129","14","0301020420"
"647","forall NODE1,NODE0. ep_epoch0(NODE0) | ep_epoch3(NODE1) | ep_epoch4(NODE1) | held(NODE0) | locked_epoch2(NODE1) | locked_epoch3(NODE0) | transfer_epoch2(NODE0) | transfer_epoch2(NODE1) | transfer_epoch3(NODE0) | transfer_epoch3(NODE1) | NODE0 = NODE1","13","0-------000------00-------0000--","11","129","14","0301020420"
"648","forall NODE1,NODE0. ep_epoch0(NODE0) | ep_epoch3(NODE1) | held(NODE0) | locked_epoch2(NODE1) | locked_epoch3(NODE0) | locked_epoch4(NODE1) | transfer_epoch2(NODE0) | transfer_epoch2(NODE1) | transfer_epoch3(NODE0) | transfer_epoch3(NODE1) | NODE0 = NODE1","13","0-------0-0------00--0----0000--","11","128","4","0201030420"
"649","forall NODE1,NODE0. ep_epoch1(NODE0) | ep_epoch1(NODE1) | ep_epoch2(NODE1) | ep_epoch3(NODE1) | ep_epoch4(NODE1) | held(NODE0) | transfer_epoch3(NODE0) | transfer_epoch3(NODE1) | transfer_epoch4(NODE0) | transfer_epoch4(NODE1) | NODE0 = NODE1","13","-0000-0----0----------------0000","11","131","6","0501000420"
"650","forall NODE1,NODE0. ep_epoch1(NODE0) | ep_epoch1(NODE1) | ep_epoch2(NODE1) | ep_epoch3(NODE1) | held(NODE0) | locked_epoch4(NODE1) | transfer_epoch3(NODE0) | transfer_epoch3(NODE1) | transfer_epoch4(NODE0) | transfer_epoch4(NODE1) | NODE0 = NODE1","13","-000--0----0--------0-------0000","11","130","16","0401010420"
"651","forall NODE1,NODE0. ep_epoch1(NODE0) | ep_epoch1(NODE1) | ep_epoch2(NODE1) | ep_epoch4(NODE1) | held(NODE0) | locked_epoch3(NODE1) | transfer_epoch3(NODE0) | transfer_epoch3(NODE1) | transfer_epoch4(NODE0) | transfer_epoch4(NODE1) | NODE0 = NODE1","13","-00-0-0----0------0---------0000","11","130","16","0401010420"
"652","forall NODE1,NODE0. ep_epoch1(NODE0) | ep_epoch1(NODE1) | ep_epoch2(NODE1) | held(NODE0) | locked_epoch3(NODE1) | locked_epoch4(NODE1) | transfer_epoch3(NODE0) | transfer_epoch3(NODE1) | transfer_epoch4(NODE0) | transfer_epoch4(NODE1) | NODE0 = NODE1","13","-00---0----0------0-0-------0000","11","129","14","0301020420"
"653","forall NODE1,NODE0. ep_epoch1(NODE0) | ep_epoch1(NODE1) | ep_epoch3(NODE0) | ep_epoch4(NODE0) | held(NODE1) | locked_epoch2(NODE0) | transfer_epoch3(NODE0) | transfer_epoch3(NODE1) | transfer_epoch4(NODE0) | transfer_epoch4(NODE1) | NODE0 = NODE1","13","-0-00-0----0----0-----------0000","11","130","16","0401010420"
"654","forall NODE1,NODE0. ep_epoch1(NODE0) | ep_epoch1(NODE1) | ep_epoch3(NODE0) | held(NODE1) | locked_epoch2(NODE0) | locked_epoch4(NODE0) | transfer_epoch3(NODE0) | transfer_epoch3(NODE1) | transfer_epoch4(NODE0) | transfer_epoch4(NODE1) | NODE0 = NODE1","13","-0-0--0----0----0---0-------0000","11","129","14","0301020420"
"655","forall NODE1,NODE0. ep_epoch1(NODE0) | ep_epoch1(NODE1) | ep_epoch4(NODE0) | held(NODE1) | locked_epoch2(NODE0) | locked_epoch3(NODE0) | transfer_epoch3(NODE0) | transfer_epoch3(NODE1) | transfer_epoch4(NODE0) | transfer_epoch4(NODE1) | NODE0 = NODE1","13","-0--0-0----0----0-0---------0000","11","129","14","0301020420"
"656","forall NODE1,NODE0. ep_epoch1(NODE0) | ep_epoch1(NODE1) | held(NODE1) | locked_epoch2(NODE0) | locked_epoch3(NODE0) | locked_epoch4(NODE0) | transfer_epoch3(NODE0) | transfer_epoch3(NODE1) | transfer_epoch4(NODE0) | transfer_epoch4(NODE1) | NODE0 = NODE1","13","-0----0---0------0-0-0------0000","11","128","4","0201030420"
"657","forall NODE1,NODE0. ep_epoch1(NODE0) | ep_epoch2(NODE0) | ep_epoch2(NODE1) | ep_epoch3(NODE0) | ep_epoch4(NODE0) | held(NODE1) | transfer_epoch2(NODE0) | transfer_epoch2(NODE1) | transfer_epoch4(NODE0) | transfer_epoch4(NODE1) | NODE0 = NODE1","13","-0000--0---0--------------00--00","11","131","6","0501000420"
"658","forall NODE1,NODE0. ep_epoch1(NODE0) | ep_epoch2(NODE0) | ep_epoch2(NODE1) | ep_epoch3(NODE0) | held(NODE1) | locked_epoch4(NODE0) | transfer_epoch2(NODE0) | transfer_epoch2(NODE1) | transfer_epoch4(NODE0) | transfer_epoch4(NODE1) | NODE0 = NODE1","13","-000---0---0--------0-----00--00","11","130","16","0401010420"
"659","forall NODE1,NODE0. ep_epoch1(NODE0) | ep_epoch2(NODE0) | ep_epoch2(NODE1) | ep_epoch4(NODE0) | held(NODE1) | locked_epoch3(NODE0) | transfer_epoch2(NODE0) | transfer_epoch2(NODE1) | transfer_epoch4(NODE0) | transfer_epoch4(NODE1) | NODE0 = NODE1","13","-00-0--0---0------0-------00--00","11","130","16","0401010420"
"660","forall NODE1,NODE0. ep_epoch1(NODE0) | ep_epoch2(NODE0) | ep_epoch2(NODE1) | held(NODE1) | locked_epoch3(NODE0) | locked_epoch4(NODE0) | transfer_epoch2(NODE0) | transfer_epoch2(NODE1) | transfer_epoch4(NODE0) | transfer_epoch4(NODE1) | NODE0 = NODE1","13","-00----0---0------0-0-----00--00","11","129","14","0301020420"
"661","forall NODE1,NODE0. ep_epoch1(NODE0) | ep_epoch2(NODE0) | ep_epoch3(NODE0) | ep_epoch3(NODE1) | ep_epoch4(NODE0) | held(NODE1) | transfer_epoch2(NODE0) | transfer_epoch2(NODE1) | transfer_epoch3(NODE0) | transfer_epoch3(NODE1) | NODE0 = NODE1","13","-0000---0--0--------------0000--","11","131","6","0501000420"
"662","forall NODE1,NODE0. ep_epoch1(NODE0) | ep_epoch2(NODE0) | ep_epoch3(NODE0) | ep_epoch3(NODE1) | held(NODE1) | locked_epoch4(NODE0) | transfer_epoch2(NODE0) | transfer_epoch2(NODE1) | transfer_epoch3(NODE0) | transfer_epoch3(NODE1) | NODE0 = NODE1","13","-000----0--0--------0-----0000--","11","130","16","0401010420"
"663","forall NODE1,NODE0. ep_epoch1(NODE0) | ep_epoch2(NODE0) | ep_epoch3(NODE0) | ep_epoch4(NODE0) | held(NODE1) | locked_epoch3(NODE1) | transfer_epoch2(NODE0) | transfer_epoch2(NODE1) | transfer_epoch3(NODE0) | transfer_epoch3(NODE1) | NODE0 = NODE1","13","-0000------0-------0------0000--","11","130","16","0401010420"
"664","forall NODE1,NODE0. ep_epoch1(NODE0) | ep_epoch2(NODE0) | ep_epoch3(NODE0) | held(NODE1) | locked_epoch3(NODE1) | locked_epoch4(NODE0) | transfer_epoch2(NODE0) | transfer_epoch2(NODE1) | transfer_epoch3(NODE0) | transfer_epoch3(NODE1) | NODE0 = NODE1","13","-000-------0-------00-----0000--","11","129","14","0301020420"
"665","forall NODE1,NODE0. ep_epoch1(NODE0) | ep_epoch3(NODE0) | ep_epoch3(NODE1) | ep_epoch4(NODE0) | held(NODE1) | locked_epoch2(NODE0) | transfer_epoch2(NODE0) | transfer_epoch2(NODE1) | transfer_epoch3(NODE0) | transfer_epoch3(NODE1) | NODE0 = NODE1","13","-0-00---0--0----0---------0000--","11","130","16","0401010420"
"666","forall NODE1,NODE0. ep_epoch1(NODE0) | ep_epoch3(NODE0) | ep_epoch3(NODE1) | held(NODE1) | locked_epoch2(NODE0) | locked_epoch4(NODE0) | transfer_epoch2(NODE0) | transfer_epoch2(NODE1) | transfer_epoch3(NODE0) | transfer_epoch3(NODE1) | NODE0 = NODE1","13","-0-0----0--0----0---0-----0000--","11","129","14","0301020420"
"667","forall NODE1,NODE0. ep_epoch1(NODE0) | ep_epoch3(NODE0) | ep_epoch4(NODE0) | held(NODE1) | locked_epoch2(NODE0) | locked_epoch3(NODE1) | transfer_epoch2(NODE0) | transfer_epoch2(NODE1) | transfer_epoch3(NODE0) | transfer_epoch3(NODE1) | NODE0 = NODE1","13","-0-00------0----0--0------0000--","11","129","14","0301020420"
"668","forall NODE1,NODE0. ep_epoch1(NODE0) | ep_epoch3(NODE0) | held(NODE1) | locked_epoch2(NODE0) | locked_epoch3(NODE1) | locked_epoch4(NODE0) | transfer_epoch2(NODE0) | transfer_epoch2(NODE1) | transfer_epoch3(NODE0) | transfer_epoch3(NODE1) | NODE0 = NODE1","13","-0-0-------0----0--00-----0000--","11","128","4","0201030420"
"669","forall NODE1,NODE0. ep_epoch0(NODE0) | ep_epoch2(NODE1) | ep_epoch3(NODE1) | ep_epoch4(NODE1) | held(NODE0) | transfer_epoch2(NODE0) | transfer_epoch2(NODE1) | transfer_epoch3(NODE0) | transfer_epoch3(NODE1) | transfer_epoch4(NODE0) | transfer_epoch4(NODE1) | NODE0 = NODE1","14","0------0000---------------000000","12","135","2","0401000620"
"670","forall NODE1,NODE0. ep_epoch0(NODE0) | ep_epoch2(NODE1) | ep_epoch3(NODE1) | held(NODE0) | locked_epoch4(NODE1) | transfer_epoch2(NODE0) | transfer_epoch2(NODE1) | transfer_epoch3(NODE0) | transfer_epoch3(NODE1) | transfer_epoch4(NODE0) | transfer_epoch4(NODE1) | NODE0 = NODE1","14","0------00-0----------0----000000","12","134","6","0301010620"
"671","forall NODE1,NODE0. ep_epoch0(NODE0) | ep_epoch2(NODE1) | ep_epoch4(NODE1) | held(NODE0) | locked_epoch3(NODE1) | transfer_epoch2(NODE0) | transfer_epoch2(NODE1) | transfer_epoch3(NODE0) | transfer_epoch3(NODE1) | transfer_epoch4(NODE0) | transfer_epoch4(NODE1) | NODE0 = NODE1","14","0------0-00--------0------000000","12","134","6","0301010620"
"672","forall NODE1,NODE0. ep_epoch0(NODE0) | ep_epoch2(NODE1) | held(NODE0) | locked_epoch3(NODE1) | locked_epoch4(NODE1) | transfer_epoch2(NODE0) | transfer_epoch2(NODE1) | transfer_epoch3(NODE0) | transfer_epoch3(NODE1) | transfer_epoch4(NODE0) | transfer_epoch4(NODE1) | NODE0 = NODE1","14","0------0--0--------0-0----000000","12","133","6","0201020620"
"673","forall NODE1,NODE0. ep_epoch0(NODE0) | ep_epoch3(NODE1) | ep_epoch4(NODE1) | held(NODE0) | locked_epoch2(NODE1) | transfer_epoch2(NODE0) | transfer_epoch2(NODE1) | transfer_epoch3(NODE0) | transfer_epoch3(NODE1) | transfer_epoch4(NODE0) | transfer_epoch4(NODE1) | NODE0 = NODE1","14","0-------000------0--------000000","12","134","6","0301010620"
"674","forall NODE1,NODE0. ep_epoch0(NODE0) | ep_epoch3(NODE1) | held(NODE0) | locked_epoch2(NODE1) | locked_epoch4(NODE1) | transfer_epoch2(NODE0) | transfer_epoch2(NODE1) | transfer_epoch3(NODE0) | transfer_epoch3(NODE1) | transfer_epoch4(NODE0) | transfer_epoch4(NODE1) | NODE0 = NODE1","14","0-------0-0------0---0----000000","12","133","6","0201020620"
"675","forall NODE1,NODE0. ep_epoch0(NODE0) | ep_epoch4(NODE1) | held(NODE0) | locked_epoch2(NODE1) | locked_epoch3(NODE1) | transfer_epoch2(NODE0) | transfer_epoch2(NODE1) | transfer_epoch3(NODE0) | transfer_epoch3(NODE1) | transfer_epoch4(NODE0) | transfer_epoch4(NODE1) | NODE0 = NODE1","14","0--------00------0-0------000000","12","133","6","0201020620"
"676","forall NODE1,NODE0. ep_epoch0(NODE0) | held(NODE0) | locked_epoch2(NODE1) | locked_epoch3(NODE1) | locked_epoch4(NODE1) | transfer_epoch2(NODE0) | transfer_epoch2(NODE1) | transfer_epoch3(NODE0) | transfer_epoch3(NODE1) | transfer_epoch4(NODE0) | transfer_epoch4(NODE1) | NODE0 = NODE1","14","0---------0------0-0-0----000000","12","132","2","0101030620"
"677","forall NODE1,NODE0. ep_epoch1(NODE0) | ep_epoch2(NODE0) | ep_epoch3(NODE0) | ep_epoch4(NODE0) | held(NODE1) | transfer_epoch2(NODE0) | transfer_epoch2(NODE1) | transfer_epoch3(NODE0) | transfer_epoch3(NODE1) | transfer_epoch4(NODE0) | transfer_epoch4(NODE1) | NODE0 = NODE1","14","-0000------0--------------000000","12","135","2","0401000620"
"678","forall NODE1,NODE0. ep_epoch1(NODE0) | ep_epoch2(NODE0) | ep_epoch3(NODE0) | held(NODE1) | locked_epoch4(NODE0) | transfer_epoch2(NODE0) | transfer_epoch2(NODE1) | transfer_epoch3(NODE0) | transfer_epoch3(NODE1) | transfer_epoch4(NODE0) | transfer_epoch4(NODE1) | NODE0 = NODE1","14","-000-------0--------0-----000000","12","134","6","0301010620"
"679","forall NODE1,NODE0. ep_epoch1(NODE0) | ep_epoch2(NODE0) | ep_epoch4(NODE0) | held(NODE1) | locked_epoch3(NODE0) | transfer_epoch2(NODE0) | transfer_epoch2(NODE1) | transfer_epoch3(NODE0) | transfer_epoch3(NODE1) | transfer_epoch4(NODE0) | transfer_epoch4(NODE1) | NODE0 = NODE1","14","-00-0------0------0-------000000","12","134","6","0301010620"
"680","forall NODE1,NODE0. ep_epoch1(NODE0) | ep_epoch2(NODE0) | held(NODE1) | locked_epoch3(NODE0) | locked_epoch4(NODE0) | transfer_epoch2(NODE0) | transfer_epoch2(NODE1) | transfer_epoch3(NODE0) | transfer_epoch3(NODE1) | transfer_epoch4(NODE0) | transfer_epoch4(NODE1) | NODE0 = NODE1","14","-00--------0------0-0-----000000","12","133","6","0201020620"
"681","forall NODE1,NODE0. ep_epoch1(NODE0) | ep_epoch3(NODE0) | ep_epoch4(NODE0) | held(NODE1) | locked_epoch2(NODE0) | transfer_epoch2(NODE0) | transfer_epoch2(NODE1) | transfer_epoch3(NODE0) | transfer_epoch3(NODE1) | transfer_epoch4(NODE0) | transfer_epoch4(NODE1) | NODE0 = NODE1","14","-0-00------0----0---------000000","12","134","6","0301010620"
"682","forall NODE1,NODE0. ep_epoch1(NODE0) | ep_epoch3(NODE0) | held(NODE1) | locked_epoch2(NODE0) | locked_epoch4(NODE0) | transfer_epoch2(NODE0) | transfer_epoch2(NODE1) | transfer_epoch3(NODE0) | transfer_epoch3(NODE1) | transfer_epoch4(NODE0) | transfer_epoch4(NODE1) | NODE0 = NODE1","14","-0-0-------0----0---0-----000000","12","133","6","0201020620"
"683","forall NODE1,NODE0. ep_epoch1(NODE0) | ep_epoch4(NODE0) | held(NODE1) | locked_epoch2(NODE0) | locked_epoch3(NODE0) | transfer_epoch2(NODE0) | transfer_epoch2(NODE1) | transfer_epoch3(NODE0) | transfer_epoch3(NODE1) | transfer_epoch4(NODE0) | transfer_epoch4(NODE1) | NODE0 = NODE1","14","-0--0------0----0-0-------000000","12","133","6","0201020620"
"684","forall NODE1,NODE0. ep_epoch1(NODE0) | held(NODE1) | locked_epoch2(NODE0) | locked_epoch3(NODE0) | locked_epoch4(NODE0) | transfer_epoch2(NODE0) | transfer_epoch2(NODE1) | transfer_epoch3(NODE0) | transfer_epoch3(NODE1) | transfer_epoch4(NODE0) | transfer_epoch4(NODE1) | NODE0 = NODE1","14","-0---------0----0-0-0-----000000","12","132","2","0101030620"
