"Orbit","SQI","qcost","Bit String","# literals","Group","Group Size","Sig"
"0","forall NODE0. ~locked_epoch0(NODE0)","2","--------------1-----------------------","1","3","2","0000100010"
"1","forall NODE0. ~locked_epoch1(NODE0)","2","----------------1---------------------","1","3","2","0000100010"
"2","forall NODE0. ~transfer_epoch0(NODE0)","2","--------------------------1-----------","1","1","2","0000001010"
"3","forall NODE0. ~transfer_epoch1(NODE0)","2","----------------------------1---------","1","1","2","0000001010"
"4","exists NODE0. ~ep_epoch0(NODE0)","2","1-----1-------------------------------","1","5","6","2000000001"
"5","forall NODE0. ~ep_epoch0(NODE0) | ~ep_epoch1(NODE0)","3","11------------------------------------","2","9","15","2000000010"
"6","forall NODE0. ~ep_epoch0(NODE0) | ~ep_epoch2(NODE0)","3","1-1-----------------------------------","2","9","15","2000000010"
"7","forall NODE0. ~ep_epoch0(NODE0) | ~ep_epoch3(NODE0)","3","1--1----------------------------------","2","9","15","2000000010"
"8","forall NODE0. ~ep_epoch0(NODE0) | ~ep_epoch4(NODE0)","3","1---1---------------------------------","2","9","15","2000000010"
"9","forall NODE0. ~ep_epoch0(NODE0) | ~ep_epoch5(NODE0)","3","1----1--------------------------------","2","9","15","2000000010"
"10","forall NODE0. ~ep_epoch0(NODE0) | ~held(NODE0)","3","1-----------1-------------------------","2","0","157","1010000010"
"11","forall NODE0. ~ep_epoch0(NODE0) | ~locked_epoch2(NODE0)","3","1-----------------1-------------------","2","8","14","1000100010"
"12","forall NODE0. ~ep_epoch0(NODE0) | ~locked_epoch3(NODE0)","3","1-------------------1-----------------","2","8","14","1000100010"
"13","forall NODE0. ~ep_epoch0(NODE0) | ~locked_epoch4(NODE0)","3","1---------------------1---------------","2","8","14","1000100010"
"14","forall NODE0. ~ep_epoch0(NODE0) | ~locked_epoch5(NODE0)","3","1-----------------------1-------------","2","8","14","1000100010"
"15","exists NODE0. ~ep_epoch1(NODE0)","2","-1-----1------------------------------","1","5","6","2000000001"
"16","forall NODE0. ~ep_epoch1(NODE0) | ~ep_epoch2(NODE0)","3","-11-----------------------------------","2","9","15","2000000010"
"17","forall NODE0. ~ep_epoch1(NODE0) | ~ep_epoch3(NODE0)","3","-1-1----------------------------------","2","9","15","2000000010"
"18","forall NODE0. ~ep_epoch1(NODE0) | ~ep_epoch4(NODE0)","3","-1--1---------------------------------","2","9","15","2000000010"
"19","forall NODE0. ~ep_epoch1(NODE0) | ~ep_epoch5(NODE0)","3","-1---1--------------------------------","2","9","15","2000000010"
"20","forall NODE0. ~ep_epoch1(NODE0) | ~locked_epoch2(NODE0)","3","-1----------------1-------------------","2","8","14","1000100010"
"21","forall NODE0. ~ep_epoch1(NODE0) | ~locked_epoch3(NODE0)","3","-1------------------1-----------------","2","8","14","1000100010"
"22","forall NODE0. ~ep_epoch1(NODE0) | ~locked_epoch4(NODE0)","3","-1--------------------1---------------","2","8","14","1000100010"
"23","forall NODE0. ~ep_epoch1(NODE0) | ~locked_epoch5(NODE0)","3","-1----------------------1-------------","2","8","14","1000100010"
"24","exists NODE0. ~ep_epoch2(NODE0)","2","--1-----1-----------------------------","1","5","6","2000000001"
"25","forall NODE0. ~ep_epoch2(NODE0) | ~ep_epoch3(NODE0)","3","--11----------------------------------","2","9","15","2000000010"
"26","forall NODE0. ~ep_epoch2(NODE0) | ~ep_epoch4(NODE0)","3","--1-1---------------------------------","2","9","15","2000000010"
"27","forall NODE0. ~ep_epoch2(NODE0) | ~ep_epoch5(NODE0)","3","--1--1--------------------------------","2","9","15","2000000010"
"28","forall NODE1,NODE0. ~ep_epoch2(NODE0) | ~locked_epoch2(NODE1) | NODE0 = NODE1","5","--1----------------1------------------","3","19","4","1000100020"
"29","forall NODE0. ~ep_epoch2(NODE0) | ~locked_epoch3(NODE0)","3","--1-----------------1-----------------","2","8","14","1000100010"
"30","forall NODE0. ~ep_epoch2(NODE0) | ~locked_epoch4(NODE0)","3","--1-------------------1---------------","2","8","14","1000100010"
"31","forall NODE0. ~ep_epoch2(NODE0) | ~locked_epoch5(NODE0)","3","--1---------------------1-------------","2","8","14","1000100010"
"32","forall NODE1,NODE0. ~ep_epoch2(NODE0) | ~transfer_epoch2(NODE1)","4","--1---------------------------1-------","2","14","10","1000001020"
"33","forall NODE0. ~ep_epoch2(NODE0) | locked_epoch2(NODE0)","3","--1---------------0-------------------","2","7","4","1000010010"
"34","exists NODE0. ~ep_epoch3(NODE0)","2","---1-----1----------------------------","1","5","6","2000000001"
"35","forall NODE0. ~ep_epoch3(NODE0) | ~ep_epoch4(NODE0)","3","---11---------------------------------","2","9","15","2000000010"
"36","forall NODE0. ~ep_epoch3(NODE0) | ~ep_epoch5(NODE0)","3","---1-1--------------------------------","2","9","15","2000000010"
"37","forall NODE1,NODE0. ~ep_epoch3(NODE0) | ~locked_epoch3(NODE1) | NODE0 = NODE1","5","---1-----------------1----------------","3","19","4","1000100020"
"38","forall NODE0. ~ep_epoch3(NODE0) | ~locked_epoch4(NODE0)","3","---1------------------1---------------","2","8","14","1000100010"
"39","forall NODE0. ~ep_epoch3(NODE0) | ~locked_epoch5(NODE0)","3","---1--------------------1-------------","2","8","14","1000100010"
"40","forall NODE1,NODE0. ~ep_epoch3(NODE0) | ~transfer_epoch2(NODE1)","4","---1--------------------------1-------","2","14","10","1000001020"
"41","forall NODE1,NODE0. ~ep_epoch3(NODE0) | ~transfer_epoch3(NODE1)","4","---1----------------------------1-----","2","14","10","1000001020"
"42","forall NODE0. ~ep_epoch3(NODE0) | locked_epoch3(NODE0)","3","---1----------------0-----------------","2","7","4","1000010010"
"43","exists NODE0. ~ep_epoch4(NODE0)","2","----1-----1---------------------------","1","5","6","2000000001"
"44","forall NODE0. ~ep_epoch4(NODE0) | ~ep_epoch5(NODE0)","3","----11--------------------------------","2","9","15","2000000010"
"45","forall NODE1,NODE0. ~ep_epoch4(NODE0) | ~locked_epoch4(NODE1) | NODE0 = NODE1","5","----1------------------1--------------","3","19","4","1000100020"
"46","forall NODE0. ~ep_epoch4(NODE0) | ~locked_epoch5(NODE0)","3","----1-------------------1-------------","2","8","14","1000100010"
"47","forall NODE1,NODE0. ~ep_epoch4(NODE0) | ~transfer_epoch2(NODE1)","4","----1-------------------------1-------","2","14","10","1000001020"
"48","forall NODE1,NODE0. ~ep_epoch4(NODE0) | ~transfer_epoch3(NODE1)","4","----1---------------------------1-----","2","14","10","1000001020"
"49","forall NODE1,NODE0. ~ep_epoch4(NODE0) | ~transfer_epoch4(NODE1)","4","----1-----------------------------1---","2","14","10","1000001020"
"50","forall NODE0. ~ep_epoch4(NODE0) | locked_epoch4(NODE0)","3","----1-----------------0---------------","2","7","4","1000010010"
"51","exists NODE0. ~ep_epoch5(NODE0)","2","-----1-----1--------------------------","1","5","6","2000000001"
"52","forall NODE1,NODE0. ~ep_epoch5(NODE0) | ~held(NODE1) | NODE0 = NODE1","5","-----1-------1------------------------","3","0","157","1010000020"
"53","forall NODE1,NODE0. ~ep_epoch5(NODE0) | ~locked_epoch5(NODE1) | NODE0 = NODE1","5","-----1-------------------1------------","3","19","4","1000100020"
"54","forall NODE1,NODE0. ~ep_epoch5(NODE0) | ~transfer_epoch2(NODE1)","4","-----1------------------------1-------","2","14","10","1000001020"
"55","forall NODE1,NODE0. ~ep_epoch5(NODE0) | ~transfer_epoch3(NODE1)","4","-----1--------------------------1-----","2","14","10","1000001020"
"56","forall NODE1,NODE0. ~ep_epoch5(NODE0) | ~transfer_epoch4(NODE1)","4","-----1----------------------------1---","2","14","10","1000001020"
"57","forall NODE1,NODE0. ~ep_epoch5(NODE0) | ~transfer_epoch5(NODE1)","4","-----1------------------------------1-","2","14","10","1000001020"
"58","forall NODE0. ~ep_epoch5(NODE0) | held(NODE0)","3","-----1------0-------------------------","2","0","157","1001000010"
"59","forall NODE0. ~ep_epoch5(NODE0) | locked_epoch5(NODE0)","3","-----1------------------0-------------","2","7","4","1000010010"
"60","exists NODE0. ~held(NODE0)","2","------------11------------------------","1","0","157","0020000001"
"61","forall NODE1,NODE0. ~held(NODE0) | ~locked_epoch5(NODE1) | NODE0 = NODE1","5","------------1------------1------------","3","0","157","0010100020"
"62","forall NODE1,NODE0. ~held(NODE0) | ~transfer_epoch2(NODE1)","4","------------1-----------------1-------","2","12","4","0010001020"
"63","forall NODE1,NODE0. ~held(NODE0) | ~transfer_epoch3(NODE1)","4","------------1-------------------1-----","2","12","4","0010001020"
"64","forall NODE1,NODE0. ~held(NODE0) | ~transfer_epoch4(NODE1)","4","------------1---------------------1---","2","12","4","0010001020"
"65","forall NODE1,NODE0. ~held(NODE0) | ~transfer_epoch5(NODE1)","4","------------1-----------------------1-","2","12","4","0010001020"
"66","exists NODE0. ~locked_epoch2(NODE0)","2","------------------11------------------","1","4","4","0000200001"
"67","forall NODE1,NODE0. ~locked_epoch2(NODE0) | ~transfer_epoch2(NODE1)","4","------------------1-----------1-------","2","11","10","0000101020"
"68","exists NODE0. ~locked_epoch3(NODE0)","2","--------------------11----------------","1","4","4","0000200001"
"69","forall NODE1,NODE0. ~locked_epoch3(NODE0) | ~transfer_epoch2(NODE1)","4","--------------------1---------1-------","2","11","10","0000101020"
"70","forall NODE1,NODE0. ~locked_epoch3(NODE0) | ~transfer_epoch3(NODE1)","4","--------------------1-----------1-----","2","11","10","0000101020"
"71","exists NODE0. ~locked_epoch4(NODE0)","2","----------------------11--------------","1","4","4","0000200001"
"72","forall NODE1,NODE0. ~locked_epoch4(NODE0) | ~transfer_epoch2(NODE1)","4","----------------------1-------1-------","2","11","10","0000101020"
"73","forall NODE1,NODE0. ~locked_epoch4(NODE0) | ~transfer_epoch3(NODE1)","4","----------------------1---------1-----","2","11","10","0000101020"
"74","forall NODE1,NODE0. ~locked_epoch4(NODE0) | ~transfer_epoch4(NODE1)","4","----------------------1-----------1---","2","11","10","0000101020"
"75","exists NODE0. ~locked_epoch5(NODE0)","2","------------------------11------------","1","4","4","0000200001"
"76","forall NODE1,NODE0. ~locked_epoch5(NODE0) | ~transfer_epoch2(NODE1)","4","------------------------1-----1-------","2","11","10","0000101020"
"77","forall NODE1,NODE0. ~locked_epoch5(NODE0) | ~transfer_epoch3(NODE1)","4","------------------------1-------1-----","2","11","10","0000101020"
"78","forall NODE1,NODE0. ~locked_epoch5(NODE0) | ~transfer_epoch4(NODE1)","4","------------------------1---------1---","2","11","10","0000101020"
"79","forall NODE1,NODE0. ~locked_epoch5(NODE0) | ~transfer_epoch5(NODE1)","4","------------------------1-----------1-","2","11","10","0000101020"
"80","forall NODE0. ~locked_epoch5(NODE0) | ep_epoch5(NODE0)","3","-----0------------------1-------------","2","0","157","0100100010"
"81","forall NODE0. ~locked_epoch5(NODE0) | held(NODE0)","3","------------0-----------1-------------","2","0","157","0001100010"
"82","exists NODE0. ~transfer_epoch2(NODE0)","2","------------------------------11------","1","2","4","0000002001"
"83","forall NODE1,NODE0. ~transfer_epoch2(NODE0) | ~transfer_epoch3(NODE1)","4","------------------------------1-1-----","2","10","6","0000002020"
"84","forall NODE1,NODE0. ~transfer_epoch2(NODE0) | ~transfer_epoch4(NODE1)","4","------------------------------1---1---","2","10","6","0000002020"
"85","forall NODE1,NODE0. ~transfer_epoch2(NODE0) | ~transfer_epoch5(NODE1)","4","------------------------------1-----1-","2","10","6","0000002020"
"86","exists NODE0. ~transfer_epoch3(NODE0)","2","--------------------------------11----","1","2","4","0000002001"
"87","forall NODE1,NODE0. ~transfer_epoch3(NODE0) | ~transfer_epoch4(NODE1)","4","--------------------------------1-1---","2","10","6","0000002020"
"88","forall NODE1,NODE0. ~transfer_epoch3(NODE0) | ~transfer_epoch5(NODE1)","4","--------------------------------1---1-","2","10","6","0000002020"
"89","exists NODE0. ~transfer_epoch4(NODE0)","2","----------------------------------11--","1","2","4","0000002001"
"90","forall NODE1,NODE0. ~transfer_epoch4(NODE0) | ~transfer_epoch5(NODE1)","4","----------------------------------1-1-","2","10","6","0000002020"
"91","exists NODE0. ~transfer_epoch5(NODE0)","2","------------------------------------11","1","2","4","0000002001"
"92","forall NODE1,NODE2,NODE0. ~ep_epoch0(NODE0) | ~ep_epoch1(NODE1) | ~transfer_epoch3(NODE2) | ((NODE1 ~= NODE2 | NODE0 = NODE1) & (NODE0 ~= NODE2 | NODE0 = NODE1))","10","1------1------------------------1-----","7","187","10","2000001030"
"93","forall NODE1,NODE2,NODE0. ~ep_epoch0(NODE0) | ~ep_epoch1(NODE1) | ~transfer_epoch4(NODE2) | ((NODE1 ~= NODE2 | NODE0 = NODE1) & (NODE0 ~= NODE2 | NODE0 = NODE1))","10","1------1--------------------------1---","7","187","10","2000001030"
"94","forall NODE1,NODE2,NODE0. ~ep_epoch0(NODE0) | ~ep_epoch1(NODE1) | ~transfer_epoch5(NODE2) | ((NODE0 ~= NODE2 | NODE0 = NODE1) & (NODE1 ~= NODE2 | NODE0 = NODE1))","10","1------1----------------------------1-","7","187","10","2000001030"
"95","forall NODE1,NODE2,NODE0. ~ep_epoch0(NODE0) | ~ep_epoch2(NODE1) | ~transfer_epoch4(NODE2) | ((NODE1 ~= NODE2 | NODE0 = NODE1) & (NODE0 ~= NODE2 | NODE0 = NODE1))","10","1-------1-------------------------1---","7","187","10","2000001030"
"96","forall NODE1,NODE2,NODE0. ~ep_epoch0(NODE0) | ~ep_epoch2(NODE1) | ~transfer_epoch5(NODE2) | ((NODE0 ~= NODE2 | NODE0 = NODE1) & (NODE1 ~= NODE2 | NODE0 = NODE1))","10","1-------1---------------------------1-","7","187","10","2000001030"
"97","forall NODE1,NODE2,NODE0. ~ep_epoch0(NODE0) | ~ep_epoch3(NODE1) | ~transfer_epoch5(NODE2) | ((NODE1 ~= NODE2 | NODE0 = NODE1) & (NODE0 ~= NODE2 | NODE0 = NODE1))","10","1--------1--------------------------1-","7","187","10","2000001030"
"98","forall NODE1,NODE0. ~ep_epoch0(NODE0) | ~ep_epoch3(NODE1) | locked_epoch2(NODE1) | NODE0 = NODE1","6","1--------1---------0------------------","4","43","16","2000010020"
"99","forall NODE1,NODE0. ~ep_epoch0(NODE0) | ~ep_epoch4(NODE1) | locked_epoch2(NODE1) | NODE0 = NODE1","6","1---------1--------0------------------","4","43","16","2000010020"
"100","forall NODE1,NODE0. ~ep_epoch0(NODE0) | ~ep_epoch4(NODE1) | locked_epoch3(NODE1) | NODE0 = NODE1","6","1---------1----------0----------------","4","43","16","2000010020"
"101","forall NODE1,NODE0. ~ep_epoch0(NODE0) | ~ep_epoch5(NODE1) | locked_epoch2(NODE1) | NODE0 = NODE1","6","1----------1-------0------------------","4","43","16","2000010020"
"102","forall NODE1,NODE0. ~ep_epoch0(NODE0) | ~ep_epoch5(NODE1) | locked_epoch3(NODE1) | NODE0 = NODE1","6","1----------1---------0----------------","4","43","16","2000010020"
"103","forall NODE1,NODE0. ~ep_epoch0(NODE0) | ~ep_epoch5(NODE1) | locked_epoch4(NODE1) | NODE0 = NODE1","6","1----------1-----------0--------------","4","43","16","2000010020"
"104","forall NODE1,NODE0. ~ep_epoch0(NODE0) | ~locked_epoch3(NODE1) | locked_epoch2(NODE1) | NODE0 = NODE1","6","1------------------0-1----------------","4","38","16","1000110020"
"105","forall NODE1,NODE0. ~ep_epoch0(NODE0) | ~locked_epoch4(NODE1) | locked_epoch2(NODE1) | NODE0 = NODE1","6","1------------------0---1--------------","4","38","16","1000110020"
"106","forall NODE1,NODE0. ~ep_epoch0(NODE0) | ~locked_epoch4(NODE1) | locked_epoch3(NODE1) | NODE0 = NODE1","6","1--------------------0-1--------------","4","38","16","1000110020"
"107","forall NODE1,NODE0. ~ep_epoch0(NODE0) | ~locked_epoch5(NODE1) | locked_epoch2(NODE1) | NODE0 = NODE1","6","1------------------0-----1------------","4","38","16","1000110020"
"108","forall NODE1,NODE0. ~ep_epoch0(NODE0) | ~locked_epoch5(NODE1) | locked_epoch3(NODE1) | NODE0 = NODE1","6","1--------------------0---1------------","4","38","16","1000110020"
"109","forall NODE1,NODE0. ~ep_epoch0(NODE0) | ~locked_epoch5(NODE1) | locked_epoch4(NODE1) | NODE0 = NODE1","6","1----------------------0-1------------","4","38","16","1000110020"
"110","forall NODE1,NODE2,NODE0. ~ep_epoch0(NODE0) | ~transfer_epoch2(NODE1) | ep_epoch1(NODE2) | ((NODE1 ~= NODE2 | NODE0 = NODE1) & (NODE0 ~= NODE1 | NODE0 = NODE2))","10","1------0----------------------1-------","7","182","11","1100001030"
"111","forall NODE1,NODE2,NODE0. ~ep_epoch0(NODE0) | ~transfer_epoch3(NODE1) | ep_epoch2(NODE2) | ((NODE0 ~= NODE1 | NODE0 = NODE2) & (NODE1 ~= NODE2 | NODE0 = NODE1))","10","1-------0-----------------------1-----","7","182","11","1100001030"
"112","forall NODE1,NODE2,NODE0. ~ep_epoch0(NODE0) | ~transfer_epoch3(NODE1) | locked_epoch2(NODE2) | ((NODE0 ~= NODE1 | NODE0 = NODE2) & (NODE1 ~= NODE2 | NODE0 = NODE1))","10","1------------------0------------1-----","7","180","16","1000011030"
"113","forall NODE1,NODE2,NODE0. ~ep_epoch0(NODE0) | ~transfer_epoch4(NODE1) | ep_epoch3(NODE2) | ((NODE1 ~= NODE2 | NODE0 = NODE1) & (NODE0 ~= NODE1 | NODE0 = NODE2))","10","1--------0------------------------1---","7","182","11","1100001030"
"114","forall NODE1,NODE2,NODE0. ~ep_epoch0(NODE0) | ~transfer_epoch4(NODE1) | locked_epoch2(NODE2) | ((NODE1 ~= NODE2 | NODE0 = NODE1) & (NODE0 ~= NODE1 | NODE0 = NODE2))","10","1------------------0--------------1---","7","180","16","1000011030"
"115","forall NODE1,NODE2,NODE0. ~ep_epoch0(NODE0) | ~transfer_epoch4(NODE1) | locked_epoch3(NODE2) | ((NODE1 ~= NODE2 | NODE0 = NODE1) & (NODE0 ~= NODE1 | NODE0 = NODE2))","10","1--------------------0------------1---","7","180","16","1000011030"
"116","forall NODE1,NODE2,NODE0. ~ep_epoch0(NODE0) | ~transfer_epoch5(NODE1) | ep_epoch4(NODE2) | ((NODE0 ~= NODE1 | NODE0 = NODE2) & (NODE1 ~= NODE2 | NODE0 = NODE1))","10","1---------0-------------------------1-","7","182","11","1100001030"
"117","forall NODE1,NODE2,NODE0. ~ep_epoch0(NODE0) | ~transfer_epoch5(NODE1) | locked_epoch2(NODE2) | ((NODE0 ~= NODE1 | NODE0 = NODE2) & (NODE1 ~= NODE2 | NODE0 = NODE1))","10","1------------------0----------------1-","7","180","16","1000011030"
"118","forall NODE1,NODE2,NODE0. ~ep_epoch0(NODE0) | ~transfer_epoch5(NODE1) | locked_epoch3(NODE2) | ((NODE0 ~= NODE1 | NODE0 = NODE2) & (NODE1 ~= NODE2 | NODE0 = NODE1))","10","1--------------------0--------------1-","7","180","16","1000011030"
"119","forall NODE1,NODE2,NODE0. ~ep_epoch0(NODE0) | ~transfer_epoch5(NODE1) | locked_epoch4(NODE2) | ((NODE0 ~= NODE1 | NODE0 = NODE2) & (NODE1 ~= NODE2 | NODE0 = NODE1))","10","1----------------------0------------1-","7","180","16","1000011030"
"120","forall NODE1,NODE0. ~ep_epoch0(NODE0) | ep_epoch1(NODE1) | locked_epoch2(NODE1) | NODE0 = NODE1","6","1------0-----------0------------------","4","41","3","1100010020"
"121","forall NODE1,NODE0. ~ep_epoch1(NODE0) | ~ep_epoch2(NODE1) | ~held(NODE0) | NODE0 = NODE1","6","-1------1---1-------------------------","4","44","6","2010000020"
"122","forall NODE1,NODE2,NODE0. ~ep_epoch1(NODE0) | ~ep_epoch2(NODE1) | ~transfer_epoch4(NODE2) | ((NODE1 ~= NODE2 | NODE0 = NODE1) & (NODE0 ~= NODE2 | NODE0 = NODE1))","10","-1------1-------------------------1---","7","187","10","2000001030"
"123","forall NODE1,NODE2,NODE0. ~ep_epoch1(NODE0) | ~ep_epoch2(NODE1) | ~transfer_epoch5(NODE2) | ((NODE0 ~= NODE2 | NODE0 = NODE1) & (NODE1 ~= NODE2 | NODE0 = NODE1))","10","-1------1---------------------------1-","7","187","10","2000001030"
"124","forall NODE1,NODE0. ~ep_epoch1(NODE0) | ~ep_epoch3(NODE1) | ~held(NODE0) | NODE0 = NODE1","6","-1-------1--1-------------------------","4","44","6","2010000020"
"125","forall NODE1,NODE2,NODE0. ~ep_epoch1(NODE0) | ~ep_epoch3(NODE1) | ~transfer_epoch5(NODE2) | ((NODE1 ~= NODE2 | NODE0 = NODE1) & (NODE0 ~= NODE2 | NODE0 = NODE1))","10","-1-------1--------------------------1-","7","187","10","2000001030"
"126","forall NODE1,NODE0. ~ep_epoch1(NODE0) | ~ep_epoch3(NODE1) | locked_epoch2(NODE1) | NODE0 = NODE1","6","-1-------1---------0------------------","4","43","16","2000010020"
"127","forall NODE1,NODE0. ~ep_epoch1(NODE0) | ~ep_epoch4(NODE1) | ~held(NODE0) | NODE0 = NODE1","6","-1--------1-1-------------------------","4","44","6","2010000020"
"128","forall NODE1,NODE0. ~ep_epoch1(NODE0) | ~ep_epoch4(NODE1) | locked_epoch2(NODE1) | NODE0 = NODE1","6","-1--------1--------0------------------","4","43","16","2000010020"
"129","forall NODE1,NODE0. ~ep_epoch1(NODE0) | ~ep_epoch4(NODE1) | locked_epoch3(NODE1) | NODE0 = NODE1","6","-1--------1----------0----------------","4","43","16","2000010020"
"130","forall NODE1,NODE0. ~ep_epoch1(NODE0) | ~ep_epoch5(NODE1) | locked_epoch2(NODE1) | NODE0 = NODE1","6","-1---------1-------0------------------","4","43","16","2000010020"
"131","forall NODE1,NODE0. ~ep_epoch1(NODE0) | ~ep_epoch5(NODE1) | locked_epoch3(NODE1) | NODE0 = NODE1","6","-1---------1---------0----------------","4","43","16","2000010020"
"132","forall NODE1,NODE0. ~ep_epoch1(NODE0) | ~ep_epoch5(NODE1) | locked_epoch4(NODE1) | NODE0 = NODE1","6","-1---------1-----------0--------------","4","43","16","2000010020"
"133","forall NODE1,NODE0. ~ep_epoch1(NODE0) | ~held(NODE0) | ~locked_epoch2(NODE1) | NODE0 = NODE1","6","-1----------1------1------------------","4","40","6","1010100020"
"134","forall NODE1,NODE0. ~ep_epoch1(NODE0) | ~held(NODE0) | ~locked_epoch3(NODE1) | NODE0 = NODE1","6","-1----------1--------1----------------","4","40","6","1010100020"
"135","forall NODE1,NODE0. ~ep_epoch1(NODE0) | ~held(NODE0) | ~locked_epoch4(NODE1) | NODE0 = NODE1","6","-1----------1----------1--------------","4","40","6","1010100020"
"136","forall NODE1,NODE0. ~ep_epoch1(NODE0) | ~held(NODE0) | ep_epoch0(NODE1) | NODE0 = NODE1","6","-1----0-----1-------------------------","4","42","2","1110000020"
"137","forall NODE1,NODE0. ~ep_epoch1(NODE0) | ~held(NODE1) | locked_epoch2(NODE1) | NODE0 = NODE1","6","-1-----------1-----0------------------","4","39","4","1010010020"
"138","forall NODE1,NODE0. ~ep_epoch1(NODE0) | ~locked_epoch3(NODE1) | locked_epoch2(NODE1) | NODE0 = NODE1","6","-1-----------------0-1----------------","4","38","16","1000110020"
"139","forall NODE1,NODE0. ~ep_epoch1(NODE0) | ~locked_epoch4(NODE1) | locked_epoch2(NODE1) | NODE0 = NODE1","6","-1-----------------0---1--------------","4","38","16","1000110020"
"140","forall NODE1,NODE0. ~ep_epoch1(NODE0) | ~locked_epoch4(NODE1) | locked_epoch3(NODE1) | NODE0 = NODE1","6","-1-------------------0-1--------------","4","38","16","1000110020"
"141","forall NODE1,NODE0. ~ep_epoch1(NODE0) | ~locked_epoch5(NODE1) | locked_epoch2(NODE1) | NODE0 = NODE1","6","-1-----------------0-----1------------","4","38","16","1000110020"
"142","forall NODE1,NODE0. ~ep_epoch1(NODE0) | ~locked_epoch5(NODE1) | locked_epoch3(NODE1) | NODE0 = NODE1","6","-1-------------------0---1------------","4","38","16","1000110020"
"143","forall NODE1,NODE0. ~ep_epoch1(NODE0) | ~locked_epoch5(NODE1) | locked_epoch4(NODE1) | NODE0 = NODE1","6","-1---------------------0-1------------","4","38","16","1000110020"
"144","forall NODE1,NODE2,NODE0. ~ep_epoch1(NODE0) | ~transfer_epoch2(NODE1) | ep_epoch0(NODE2) | ((NODE0 ~= NODE1 | NODE0 = NODE2) & (NODE1 ~= NODE2 | NODE0 = NODE1))","10","-1----0-----------------------1-------","7","182","11","1100001030"
"145","forall NODE1,NODE2,NODE0. ~ep_epoch1(NODE0) | ~transfer_epoch3(NODE1) | ep_epoch2(NODE2) | ((NODE0 ~= NODE1 | NODE0 = NODE2) & (NODE1 ~= NODE2 | NODE0 = NODE1))","10","-1------0-----------------------1-----","7","182","11","1100001030"
"146","forall NODE1,NODE2,NODE0. ~ep_epoch1(NODE0) | ~transfer_epoch3(NODE1) | locked_epoch2(NODE2) | ((NODE0 ~= NODE1 | NODE0 = NODE2) & (NODE1 ~= NODE2 | NODE0 = NODE1))","10","-1-----------------0------------1-----","7","180","16","1000011030"
"147","forall NODE1,NODE2,NODE0. ~ep_epoch1(NODE0) | ~transfer_epoch4(NODE1) | ep_epoch3(NODE2) | ((NODE0 ~= NODE1 | NODE0 = NODE2) & (NODE1 ~= NODE2 | NODE0 = NODE1))","10","-1-------0------------------------1---","7","182","11","1100001030"
"148","forall NODE1,NODE2,NODE0. ~ep_epoch1(NODE0) | ~transfer_epoch4(NODE1) | locked_epoch2(NODE2) | ((NODE0 ~= NODE1 | NODE0 = NODE2) & (NODE1 ~= NODE2 | NODE0 = NODE1))","10","-1-----------------0--------------1---","7","180","16","1000011030"
"149","forall NODE1,NODE2,NODE0. ~ep_epoch1(NODE0) | ~transfer_epoch4(NODE1) | locked_epoch3(NODE2) | ((NODE0 ~= NODE1 | NODE0 = NODE2) & (NODE1 ~= NODE2 | NODE0 = NODE1))","10","-1-------------------0------------1---","7","180","16","1000011030"
"150","forall NODE1,NODE2,NODE0. ~ep_epoch1(NODE0) | ~transfer_epoch5(NODE1) | ep_epoch4(NODE2) | ((NODE1 ~= NODE2 | NODE0 = NODE1) & (NODE0 ~= NODE1 | NODE0 = NODE2))","10","-1--------0-------------------------1-","7","182","11","1100001030"
"151","forall NODE1,NODE2,NODE0. ~ep_epoch1(NODE0) | ~transfer_epoch5(NODE1) | locked_epoch2(NODE2) | ((NODE1 ~= NODE2 | NODE0 = NODE1) & (NODE0 ~= NODE1 | NODE0 = NODE2))","10","-1-----------------0----------------1-","7","180","16","1000011030"
"152","forall NODE1,NODE2,NODE0. ~ep_epoch1(NODE0) | ~transfer_epoch5(NODE1) | locked_epoch3(NODE2) | ((NODE1 ~= NODE2 | NODE0 = NODE1) & (NODE0 ~= NODE1 | NODE0 = NODE2))","10","-1-------------------0--------------1-","7","180","16","1000011030"
"153","forall NODE1,NODE2,NODE0. ~ep_epoch1(NODE0) | ~transfer_epoch5(NODE1) | locked_epoch4(NODE2) | ((NODE1 ~= NODE2 | NODE0 = NODE1) & (NODE0 ~= NODE1 | NODE0 = NODE2))","10","-1---------------------0------------1-","7","180","16","1000011030"
"154","forall NODE1,NODE0. ~ep_epoch1(NODE0) | ep_epoch0(NODE1) | locked_epoch2(NODE1) | NODE0 = NODE1","6","-1----0------------0------------------","4","41","3","1100010020"
"155","forall NODE1,NODE0. ~ep_epoch2(NODE0) | ~ep_epoch3(NODE1) | ~held(NODE0) | NODE0 = NODE1","6","--1------1--1-------------------------","4","44","6","2010000020"
"156","forall NODE1,NODE2,NODE0. ~ep_epoch2(NODE0) | ~ep_epoch3(NODE1) | ~transfer_epoch5(NODE2) | ((NODE1 ~= NODE2 | NODE0 = NODE1) & (NODE0 ~= NODE2 | NODE0 = NODE1))","10","--1------1--------------------------1-","7","187","10","2000001030"
"157","forall NODE1,NODE0. ~ep_epoch2(NODE0) | ~ep_epoch4(NODE1) | ~held(NODE0) | NODE0 = NODE1","6","--1-------1-1-------------------------","4","44","6","2010000020"
"158","forall NODE1,NODE0. ~ep_epoch2(NODE0) | ~ep_epoch4(NODE1) | locked_epoch3(NODE1) | NODE0 = NODE1","6","--1-------1----------0----------------","4","43","16","2000010020"
"159","forall NODE1,NODE0. ~ep_epoch2(NODE0) | ~ep_epoch5(NODE1) | locked_epoch3(NODE1) | NODE0 = NODE1","6","--1--------1---------0----------------","4","43","16","2000010020"
"160","forall NODE1,NODE0. ~ep_epoch2(NODE0) | ~ep_epoch5(NODE1) | locked_epoch4(NODE1) | NODE0 = NODE1","6","--1--------1-----------0--------------","4","43","16","2000010020"
"161","forall NODE1,NODE0. ~ep_epoch2(NODE0) | ~held(NODE0) | ~locked_epoch3(NODE1) | NODE0 = NODE1","6","--1---------1--------1----------------","4","40","6","1010100020"
"162","forall NODE1,NODE0. ~ep_epoch2(NODE0) | ~held(NODE0) | ~locked_epoch4(NODE1) | NODE0 = NODE1","6","--1---------1----------1--------------","4","40","6","1010100020"
"163","forall NODE1,NODE0. ~ep_epoch2(NODE0) | ~held(NODE1) | locked_epoch3(NODE1) | NODE0 = NODE1","6","--1----------1-------0----------------","4","39","4","1010010020"
"164","forall NODE1,NODE0. ~ep_epoch2(NODE0) | ~locked_epoch4(NODE1) | locked_epoch3(NODE1) | NODE0 = NODE1","6","--1------------------0-1--------------","4","38","16","1000110020"
"165","forall NODE1,NODE0. ~ep_epoch2(NODE0) | ~locked_epoch5(NODE1) | locked_epoch3(NODE1) | NODE0 = NODE1","6","--1------------------0---1------------","4","38","16","1000110020"
"166","forall NODE1,NODE0. ~ep_epoch2(NODE0) | ~locked_epoch5(NODE1) | locked_epoch4(NODE1) | NODE0 = NODE1","6","--1--------------------0-1------------","4","38","16","1000110020"
"167","forall NODE1,NODE2,NODE0. ~ep_epoch2(NODE0) | ~transfer_epoch4(NODE1) | ep_epoch3(NODE2) | ((NODE0 ~= NODE1 | NODE0 = NODE2) & (NODE1 ~= NODE2 | NODE0 = NODE1))","10","--1------0------------------------1---","7","182","11","1100001030"
"168","forall NODE1,NODE2,NODE0. ~ep_epoch2(NODE0) | ~transfer_epoch4(NODE1) | locked_epoch3(NODE2) | ((NODE0 ~= NODE1 | NODE0 = NODE2) & (NODE1 ~= NODE2 | NODE0 = NODE1))","10","--1------------------0------------1---","7","180","16","1000011030"
"169","forall NODE1,NODE2,NODE0. ~ep_epoch2(NODE0) | ~transfer_epoch5(NODE1) | ep_epoch4(NODE2) | ((NODE1 ~= NODE2 | NODE0 = NODE1) & (NODE0 ~= NODE1 | NODE0 = NODE2))","10","--1-------0-------------------------1-","7","182","11","1100001030"
"170","forall NODE1,NODE2,NODE0. ~ep_epoch2(NODE0) | ~transfer_epoch5(NODE1) | locked_epoch3(NODE2) | ((NODE1 ~= NODE2 | NODE0 = NODE1) & (NODE0 ~= NODE1 | NODE0 = NODE2))","10","--1------------------0--------------1-","7","180","16","1000011030"
"171","forall NODE1,NODE2,NODE0. ~ep_epoch2(NODE0) | ~transfer_epoch5(NODE1) | locked_epoch4(NODE2) | ((NODE1 ~= NODE2 | NODE0 = NODE1) & (NODE0 ~= NODE1 | NODE0 = NODE2))","10","--1--------------------0------------1-","7","180","16","1000011030"
"172","forall NODE1,NODE0. ~ep_epoch3(NODE0) | ~ep_epoch4(NODE1) | ~held(NODE0) | NODE0 = NODE1","6","---1------1-1-------------------------","4","44","6","2010000020"
"173","forall NODE1,NODE0. ~ep_epoch3(NODE0) | ~ep_epoch5(NODE1) | locked_epoch4(NODE1) | NODE0 = NODE1","6","---1-------1-----------0--------------","4","43","16","2000010020"
"174","forall NODE1,NODE0. ~ep_epoch3(NODE0) | ~held(NODE0) | ~locked_epoch4(NODE1) | NODE0 = NODE1","6","---1--------1----------1--------------","4","40","6","1010100020"
"175","forall NODE1,NODE0. ~ep_epoch3(NODE0) | ~held(NODE1) | locked_epoch4(NODE1) | NODE0 = NODE1","6","---1---------1---------0--------------","4","39","4","1010010020"
"176","forall NODE1,NODE0. ~ep_epoch3(NODE0) | ~locked_epoch5(NODE1) | locked_epoch4(NODE1) | NODE0 = NODE1","6","---1-------------------0-1------------","4","38","16","1000110020"
"177","forall NODE1,NODE2,NODE0. ~ep_epoch3(NODE0) | ~transfer_epoch5(NODE1) | ep_epoch4(NODE2) | ((NODE0 ~= NODE1 | NODE0 = NODE2) & (NODE1 ~= NODE2 | NODE0 = NODE1))","10","---1------0-------------------------1-","7","182","11","1100001030"
"178","forall NODE1,NODE2,NODE0. ~ep_epoch3(NODE0) | ~transfer_epoch5(NODE1) | locked_epoch4(NODE2) | ((NODE0 ~= NODE1 | NODE0 = NODE2) & (NODE1 ~= NODE2 | NODE0 = NODE1))","10","---1-------------------0------------1-","7","180","16","1000011030"
"179","forall NODE1,NODE0. ~ep_epoch3(NODE0) | locked_epoch2(NODE0) | locked_epoch2(NODE1) | NODE0 = NODE1","6","---1--------------00------------------","4","37","6","1000020020"
"180","forall NODE1,NODE0. ~ep_epoch4(NODE0) | ~held(NODE1) | ep_epoch5(NODE1) | NODE0 = NODE1","6","----1------0-1------------------------","4","42","2","1110000020"
"181","forall NODE1,NODE0. ~ep_epoch4(NODE0) | ~held(NODE1) | locked_epoch5(NODE1) | NODE0 = NODE1","6","----1--------1-----------0------------","4","39","4","1010010020"
"182","forall NODE1,NODE0. ~ep_epoch4(NODE0) | locked_epoch2(NODE0) | locked_epoch2(NODE1) | NODE0 = NODE1","6","----1-------------00------------------","4","37","6","1000020020"
"183","forall NODE1,NODE0. ~ep_epoch4(NODE0) | locked_epoch3(NODE0) | locked_epoch3(NODE1) | NODE0 = NODE1","6","----1---------------00----------------","4","37","6","1000020020"
"184","forall NODE1,NODE0. ~ep_epoch5(NODE0) | ~locked_epoch4(NODE1) | ep_epoch4(NODE1) | NODE0 = NODE1","6","-----1----0------------1--------------","4","0","157","1100100020"
"185","forall NODE1,NODE0. ~ep_epoch5(NODE0) | ep_epoch4(NODE1) | locked_epoch4(NODE0) | NODE0 = NODE1","6","-----1----0-----------0---------------","4","41","3","1100010020"
"186","forall NODE1,NODE0. ~ep_epoch5(NODE0) | locked_epoch2(NODE0) | locked_epoch2(NODE1) | NODE0 = NODE1","6","-----1------------00------------------","4","37","6","1000020020"
"187","forall NODE1,NODE0. ~ep_epoch5(NODE0) | locked_epoch3(NODE0) | locked_epoch3(NODE1) | NODE0 = NODE1","6","-----1--------------00----------------","4","37","6","1000020020"
"188","forall NODE1,NODE0. ~ep_epoch5(NODE0) | locked_epoch4(NODE0) | locked_epoch4(NODE1) | NODE0 = NODE1","6","-----1----------------00--------------","4","37","6","1000020020"
"189","forall NODE1,NODE0. ~held(NODE0) | ~locked_epoch4(NODE1) | ep_epoch4(NODE1) | NODE0 = NODE1","6","----------0-1----------1--------------","4","23","2","0110100020"
"190","forall NODE1,NODE0. ~held(NODE0) | ~locked_epoch4(NODE1) | ep_epoch5(NODE0) | NODE0 = NODE1","6","-----0------1----------1--------------","4","23","2","0110100020"
"191","forall NODE1,NODE0. ~held(NODE0) | ~locked_epoch4(NODE1) | locked_epoch5(NODE0) | NODE0 = NODE1","6","------------1----------10-------------","4","0","157","0010110020"
"192","forall NODE1,NODE0. ~locked_epoch2(NODE0) | ~transfer_epoch3(NODE1) | ep_epoch2(NODE0)","5","--0---------------1-------------1-----","3","15","3","0100101020"
"193","forall NODE1,NODE0. ~locked_epoch3(NODE0) | ~transfer_epoch4(NODE1) | ep_epoch3(NODE0)","5","---0----------------1-------------1---","3","15","3","0100101020"
"194","forall NODE1,NODE0. ~locked_epoch3(NODE0) | locked_epoch2(NODE0) | locked_epoch2(NODE1) | NODE0 = NODE1","6","------------------001-----------------","4","21","6","0000120020"
"195","forall NODE1,NODE0. ~locked_epoch4(NODE0) | ~locked_epoch5(NODE1) | ep_epoch4(NODE0) | NODE0 = NODE1","6","----0-----------------1--1------------","4","0","157","0100200020"
"196","forall NODE1,NODE0. ~locked_epoch4(NODE0) | ~transfer_epoch5(NODE1) | ep_epoch4(NODE0)","5","----0-----------------1-------------1-","3","15","3","0100101020"
"197","forall NODE0. ~locked_epoch4(NODE0) | ep_epoch4(NODE0) | ep_epoch5(NODE0)","4","----00----------------1---------------","3","0","157","0200100010"
"198","forall NODE0. ~locked_epoch4(NODE0) | ep_epoch4(NODE0) | held(NODE0)","4","----0-------0---------1---------------","3","0","157","0101100010"
"199","forall NODE0. ~locked_epoch4(NODE0) | ep_epoch4(NODE0) | locked_epoch5(NODE0)","4","----0-----------------1-0-------------","3","0","157","0100110010"
"200","forall NODE1,NODE0. ~locked_epoch4(NODE0) | locked_epoch2(NODE0) | locked_epoch2(NODE1) | NODE0 = NODE1","6","------------------00--1---------------","4","21","6","0000120020"
"201","forall NODE1,NODE0. ~locked_epoch4(NODE0) | locked_epoch3(NODE0) | locked_epoch3(NODE1) | NODE0 = NODE1","6","--------------------001---------------","4","21","6","0000120020"
"202","forall NODE1,NODE0. ~locked_epoch5(NODE0) | ep_epoch4(NODE1) | locked_epoch4(NODE0) | NODE0 = NODE1","6","----------0-----------0-1-------------","4","0","157","0100110020"
"203","forall NODE1,NODE0. ~locked_epoch5(NODE0) | locked_epoch2(NODE0) | locked_epoch2(NODE1) | NODE0 = NODE1","6","------------------00----1-------------","4","21","6","0000120020"
"204","forall NODE1,NODE0. ~locked_epoch5(NODE0) | locked_epoch3(NODE0) | locked_epoch3(NODE1) | NODE0 = NODE1","6","--------------------00--1-------------","4","21","6","0000120020"
"205","forall NODE1,NODE0. ~locked_epoch5(NODE0) | locked_epoch4(NODE0) | locked_epoch4(NODE1) | NODE0 = NODE1","6","----------------------001-------------","4","21","6","0000120020"
"206","forall NODE1,NODE0. ~transfer_epoch2(NODE0) | ep_epoch0(NODE0) | ep_epoch0(NODE1) | NODE0 = NODE1","6","0-----0-----------------------1-------","4","24","6","0200001020"
"207","forall NODE1,NODE0. ~transfer_epoch2(NODE0) | ep_epoch0(NODE1) | ep_epoch1(NODE1)","5","00----------------------------1-------","3","24","6","0200001020"
"208","forall NODE1,NODE0. ~transfer_epoch2(NODE0) | ep_epoch1(NODE0) | ep_epoch1(NODE1) | NODE0 = NODE1","6","-0-----0----------------------1-------","4","24","6","0200001020"
"209","forall NODE1,NODE0. ~transfer_epoch3(NODE0) | ep_epoch2(NODE0) | ep_epoch2(NODE1) | NODE0 = NODE1","6","--0-----0-----------------------1-----","4","24","6","0200001020"
"210","forall NODE1,NODE2,NODE0. ~transfer_epoch3(NODE0) | ep_epoch2(NODE1) | locked_epoch2(NODE2) | ((NODE0 ~= NODE2 | NODE0 = NODE1) & (NODE0 ~= NODE1 | NODE0 = NODE2))","10","--0----------------0------------1-----","7","161","3","0100011030"
"211","forall NODE1,NODE0. ~transfer_epoch3(NODE0) | locked_epoch2(NODE0) | locked_epoch2(NODE1) | NODE0 = NODE1","6","------------------00------------1-----","4","20","6","0000021020"
"212","forall NODE1,NODE0. ~transfer_epoch4(NODE0) | ep_epoch3(NODE0) | ep_epoch3(NODE1) | NODE0 = NODE1","6","---0-----0------------------------1---","4","24","6","0200001020"
"213","forall NODE1,NODE2,NODE0. ~transfer_epoch4(NODE0) | ep_epoch3(NODE1) | locked_epoch3(NODE2) | ((NODE0 ~= NODE1 | NODE0 = NODE2) & (NODE0 ~= NODE2 | NODE0 = NODE1))","10","---0-----------------0------------1---","7","161","3","0100011030"
"214","forall NODE1,NODE0. ~transfer_epoch4(NODE0) | locked_epoch2(NODE0) | locked_epoch2(NODE1) | NODE0 = NODE1","6","------------------00--------------1---","4","20","6","0000021020"
"215","forall NODE1,NODE0. ~transfer_epoch4(NODE0) | locked_epoch3(NODE0) | locked_epoch3(NODE1) | NODE0 = NODE1","6","--------------------00------------1---","4","20","6","0000021020"
"216","forall NODE1,NODE0. ~transfer_epoch5(NODE0) | ep_epoch4(NODE0) | ep_epoch4(NODE1) | NODE0 = NODE1","6","----0-----0-------------------------1-","4","24","6","0200001020"
"217","forall NODE1,NODE2,NODE0. ~transfer_epoch5(NODE0) | ep_epoch4(NODE1) | locked_epoch4(NODE2) | ((NODE0 ~= NODE2 | NODE0 = NODE1) & (NODE0 ~= NODE1 | NODE0 = NODE2))","10","----0------------------0------------1-","7","161","3","0100011030"
"218","forall NODE1,NODE0. ~transfer_epoch5(NODE0) | locked_epoch2(NODE0) | locked_epoch2(NODE1) | NODE0 = NODE1","6","------------------00----------------1-","4","20","6","0000021020"
"219","forall NODE1,NODE0. ~transfer_epoch5(NODE0) | locked_epoch3(NODE0) | locked_epoch3(NODE1) | NODE0 = NODE1","6","--------------------00--------------1-","4","20","6","0000021020"
"220","forall NODE1,NODE0. ~transfer_epoch5(NODE0) | locked_epoch4(NODE0) | locked_epoch4(NODE1) | NODE0 = NODE1","6","----------------------00------------1-","4","20","6","0000021020"
"221","forall NODE1,NODE0. ~ep_epoch0(NODE0) | ~locked_epoch2(NODE1) | ep_epoch2(NODE1) | locked_epoch3(NODE1) | NODE0 = NODE1","7","1-------0----------1-0----------------","5","64","9","1100110020"
"222","forall NODE1,NODE0. ~ep_epoch0(NODE0) | ~locked_epoch3(NODE1) | ep_epoch3(NODE1) | locked_epoch4(NODE1) | NODE0 = NODE1","7","1--------0-----------1-0--------------","5","64","9","1100110020"
"223","forall NODE1,NODE0. ~ep_epoch0(NODE0) | ep_epoch1(NODE1) | ep_epoch2(NODE1) | locked_epoch3(NODE1) | NODE0 = NODE1","7","1------00------------0----------------","5","67","5","1200010020"
"224","forall NODE1,NODE0. ~ep_epoch1(NODE0) | ~held(NODE1) | ep_epoch2(NODE1) | locked_epoch3(NODE1) | NODE0 = NODE1","7","-1------0----1-------0----------------","5","65","5","1110010020"
"225","forall NODE1,NODE0. ~ep_epoch1(NODE0) | ~locked_epoch2(NODE1) | ep_epoch2(NODE1) | locked_epoch3(NODE1) | NODE0 = NODE1","7","-1------0----------1-0----------------","5","64","9","1100110020"
"226","forall NODE1,NODE0. ~ep_epoch1(NODE0) | ~locked_epoch3(NODE1) | ep_epoch3(NODE1) | locked_epoch4(NODE1) | NODE0 = NODE1","7","-1-------0-----------1-0--------------","5","64","9","1100110020"
"227","forall NODE1,NODE0. ~ep_epoch1(NODE0) | ep_epoch0(NODE1) | ep_epoch2(NODE1) | locked_epoch3(NODE1) | NODE0 = NODE1","7","-1----0-0------------0----------------","5","67","5","1200010020"
"228","forall NODE1,NODE0. ~ep_epoch2(NODE0) | ~held(NODE0) | ep_epoch0(NODE1) | ep_epoch1(NODE1) | NODE0 = NODE1","7","--1---00----1-------------------------","5","69","2","1210000020"
"229","forall NODE1,NODE0. ~ep_epoch2(NODE0) | ~held(NODE1) | ep_epoch3(NODE1) | locked_epoch4(NODE1) | NODE0 = NODE1","7","--1------0---1---------0--------------","5","65","5","1110010020"
"230","forall NODE1,NODE0. ~ep_epoch2(NODE0) | ~locked_epoch3(NODE1) | ep_epoch3(NODE1) | locked_epoch4(NODE1) | NODE0 = NODE1","7","--1------0-----------1-0--------------","5","64","9","1100110020"
"231","forall NODE1,NODE2,NODE0. ~ep_epoch2(NODE0) | ~transfer_epoch3(NODE1) | ep_epoch0(NODE2) | ep_epoch1(NODE2) | ((NODE1 ~= NODE2 | NODE0 = NODE1) & (NODE0 ~= NODE1 | NODE0 = NODE2))","11","--1---00------------------------1-----","8","0","157","1200001030"
"232","forall NODE1,NODE0. ~ep_epoch2(NODE0) | ep_epoch0(NODE1) | ep_epoch1(NODE1) | locked_epoch3(NODE1) | NODE0 = NODE1","7","--1---00-------------0----------------","5","67","5","1200010020"
"233","forall NODE1,NODE0. ~ep_epoch3(NODE0) | ~held(NODE0) | ~locked_epoch2(NODE1) | ep_epoch2(NODE1) | NODE0 = NODE1","7","---1----0---1------1------------------","5","66","2","1110100020"
"234","forall NODE1,NODE0. ~ep_epoch3(NODE0) | ~held(NODE0) | ep_epoch2(NODE1) | locked_epoch2(NODE0) | NODE0 = NODE1","7","---1----0---1-----0-------------------","5","65","5","1110010020"
"235","forall NODE1,NODE0. ~ep_epoch3(NODE0) | ~held(NODE1) | ep_epoch4(NODE1) | ep_epoch5(NODE1) | NODE0 = NODE1","7","---1------00-1------------------------","5","69","2","1210000020"
"236","forall NODE1,NODE0. ~ep_epoch3(NODE0) | ~held(NODE1) | ep_epoch4(NODE1) | locked_epoch5(NODE1) | NODE0 = NODE1","7","---1------0--1-----------0------------","5","65","5","1110010020"
"237","forall NODE1,NODE2,NODE0. ~ep_epoch3(NODE0) | ~locked_epoch2(NODE1) | ~transfer_epoch4(NODE2) | ep_epoch2(NODE1) | ((NODE0 ~= NODE2 | NODE0 = NODE1) & (NODE1 ~= NODE2 | NODE0 = NODE1))","11","---1----0----------1--------------1---","8","220","2","1100101030"
"238","forall NODE1,NODE0. ~ep_epoch3(NODE0) | ~locked_epoch2(NODE1) | ep_epoch2(NODE1) | locked_epoch4(NODE1) | NODE0 = NODE1","7","---1----0----------1---0--------------","5","64","9","1100110020"
"239","forall NODE1,NODE2,NODE0. ~ep_epoch3(NODE0) | ~transfer_epoch4(NODE1) | ep_epoch2(NODE2) | locked_epoch2(NODE0) | ((NODE0 ~= NODE1 | NODE0 = NODE2) & (NODE1 ~= NODE2 | NODE0 = NODE1))","11","---1----0---------0---------------1---","8","219","2","1100011030"
"240","forall NODE1,NODE0. ~ep_epoch3(NODE0) | ep_epoch2(NODE1) | locked_epoch2(NODE0) | locked_epoch4(NODE1) | NODE0 = NODE1","7","---1----0---------0----0--------------","5","63","3","1100020020"
"241","forall NODE1,NODE0. ~ep_epoch4(NODE0) | ~held(NODE0) | ~locked_epoch3(NODE1) | ep_epoch3(NODE1) | NODE0 = NODE1","7","----1----0--1--------1----------------","5","66","2","1110100020"
"242","forall NODE1,NODE0. ~ep_epoch4(NODE0) | ~held(NODE0) | ep_epoch3(NODE1) | locked_epoch3(NODE0) | NODE0 = NODE1","7","----1----0--1-------0-----------------","5","65","5","1110010020"
"243","forall NODE1,NODE2,NODE0. ~ep_epoch4(NODE0) | ~locked_epoch3(NODE1) | ~transfer_epoch5(NODE2) | ep_epoch3(NODE1) | ((NODE0 ~= NODE2 | NODE0 = NODE1) & (NODE1 ~= NODE2 | NODE0 = NODE1))","11","----1----0-----------1--------------1-","8","220","2","1100101030"
"244","forall NODE1,NODE0. ~ep_epoch4(NODE0) | ~locked_epoch3(NODE1) | ep_epoch3(NODE1) | ep_epoch5(NODE1) | NODE0 = NODE1","7","----1----0-0---------1----------------","5","68","2","1200100020"
"245","forall NODE1,NODE0. ~ep_epoch4(NODE0) | ~locked_epoch3(NODE1) | ep_epoch3(NODE1) | held(NODE1) | NODE0 = NODE1","7","----1----0---0-------1----------------","5","0","157","1101100020"
"246","forall NODE1,NODE0. ~ep_epoch4(NODE0) | ~locked_epoch3(NODE1) | ep_epoch3(NODE1) | locked_epoch5(NODE1) | NODE0 = NODE1","7","----1----0-----------1---0------------","5","64","9","1100110020"
"247","forall NODE1,NODE2,NODE0. ~ep_epoch4(NODE0) | ~transfer_epoch5(NODE1) | ep_epoch3(NODE2) | locked_epoch3(NODE0) | ((NODE1 ~= NODE2 | NODE0 = NODE1) & (NODE0 ~= NODE1 | NODE0 = NODE2))","11","----1----0----------0---------------1-","8","219","2","1100011030"
"248","forall NODE1,NODE0. ~ep_epoch4(NODE0) | ep_epoch3(NODE1) | ep_epoch5(NODE1) | locked_epoch3(NODE0) | NODE0 = NODE1","7","----1----0-0--------0-----------------","5","67","5","1200010020"
"249","forall NODE1,NODE0. ~ep_epoch4(NODE0) | ep_epoch3(NODE1) | held(NODE1) | locked_epoch3(NODE0) | NODE0 = NODE1","7","----1----0---0------0-----------------","5","0","157","1101010020"
"250","forall NODE1,NODE0. ~ep_epoch4(NODE0) | ep_epoch3(NODE1) | locked_epoch3(NODE0) | locked_epoch5(NODE1) | NODE0 = NODE1","7","----1----0----------0----0------------","5","63","3","1100020020"
"251","forall NODE1,NODE0. ~ep_epoch5(NODE0) | ~locked_epoch3(NODE1) | ~locked_epoch4(NODE0) | ep_epoch3(NODE1) | NODE0 = NODE1","7","-----1---0-----------11---------------","5","0","157","1100200020"
"252","forall NODE1,NODE0. ~ep_epoch5(NODE0) | ~locked_epoch3(NODE1) | ep_epoch3(NODE1) | ep_epoch4(NODE1) | NODE0 = NODE1","7","-----1---00----------1----------------","5","68","2","1200100020"
"253","forall NODE1,NODE0. ~ep_epoch5(NODE0) | ~locked_epoch3(NODE1) | ep_epoch3(NODE1) | locked_epoch4(NODE1) | NODE0 = NODE1","7","-----1---0-----------1-0--------------","5","64","9","1100110020"
"254","forall NODE1,NODE0. ~ep_epoch5(NODE0) | ~locked_epoch4(NODE0) | ep_epoch3(NODE1) | locked_epoch3(NODE0) | NODE0 = NODE1","7","-----1---0----------0-1---------------","5","64","9","1100110020"
"255","forall NODE1,NODE0. ~ep_epoch5(NODE0) | ep_epoch3(NODE1) | ep_epoch4(NODE1) | locked_epoch3(NODE0) | NODE0 = NODE1","7","-----1---00---------0-----------------","5","67","5","1200010020"
"256","forall NODE1,NODE0. ~ep_epoch5(NODE0) | ep_epoch3(NODE1) | locked_epoch3(NODE0) | locked_epoch4(NODE1) | NODE0 = NODE1","7","-----1---0----------0--0--------------","5","63","3","1100020020"
"257","forall NODE1,NODE0. ~held(NODE0) | ~locked_epoch2(NODE1) | locked_epoch3(NODE0) | locked_epoch3(NODE1) | NODE0 = NODE1","7","------------1------100----------------","5","45","3","0010120020"
"258","forall NODE1,NODE0. ~held(NODE0) | ~locked_epoch3(NODE1) | ~locked_epoch4(NODE0) | ep_epoch3(NODE1) | NODE0 = NODE1","7","---------0--1--------11---------------","5","0","157","0110200020"
"259","forall NODE1,NODE0. ~held(NODE0) | ~locked_epoch3(NODE1) | ep_epoch3(NODE1) | ep_epoch4(NODE1) | NODE0 = NODE1","7","---------00-1--------1----------------","5","54","3","0210100020"
"260","forall NODE1,NODE0. ~held(NODE0) | ~locked_epoch3(NODE1) | ep_epoch3(NODE1) | ep_epoch5(NODE0) | NODE0 = NODE1","7","-----0---0--1--------1----------------","5","54","3","0210100020"
"261","forall NODE1,NODE0. ~held(NODE0) | ~locked_epoch3(NODE1) | ep_epoch3(NODE1) | locked_epoch4(NODE1) | NODE0 = NODE1","7","---------0--1--------1-0--------------","5","49","6","0110110020"
"262","forall NODE1,NODE0. ~held(NODE0) | ~locked_epoch3(NODE1) | ep_epoch3(NODE1) | locked_epoch5(NODE0) | NODE0 = NODE1","7","---------0--1--------1--0-------------","5","49","6","0110110020"
"263","forall NODE1,NODE0. ~held(NODE0) | ~locked_epoch3(NODE1) | ep_epoch4(NODE0) | ep_epoch5(NODE0) | NODE0 = NODE1","7","----00------1--------1----------------","5","54","3","0210100020"
"264","forall NODE1,NODE0. ~held(NODE0) | ~locked_epoch3(NODE1) | ep_epoch4(NODE0) | locked_epoch5(NODE0) | NODE0 = NODE1","7","----0-------1--------1--0-------------","5","49","6","0110110020"
"265","forall NODE1,NODE0. ~held(NODE0) | ~locked_epoch3(NODE1) | ep_epoch4(NODE1) | locked_epoch4(NODE0) | NODE0 = NODE1","7","----------0-1--------10---------------","5","49","6","0110110020"
"266","forall NODE1,NODE0. ~held(NODE0) | ~locked_epoch3(NODE1) | ep_epoch5(NODE0) | locked_epoch4(NODE0) | NODE0 = NODE1","7","-----0------1--------10---------------","5","49","6","0110110020"
"267","forall NODE1,NODE0. ~held(NODE0) | ~locked_epoch3(NODE1) | locked_epoch4(NODE0) | locked_epoch4(NODE1) | NODE0 = NODE1","7","------------1--------100--------------","5","45","3","0010120020"
"268","forall NODE1,NODE0. ~held(NODE0) | ~locked_epoch3(NODE1) | locked_epoch4(NODE0) | locked_epoch5(NODE0) | NODE0 = NODE1","7","------------1--------10-0-------------","5","45","3","0010120020"
"269","forall NODE1,NODE0. ~held(NODE0) | ~locked_epoch4(NODE0) | ep_epoch3(NODE1) | locked_epoch3(NODE0) | NODE0 = NODE1","7","---------0--1-------0-1---------------","5","49","6","0110110020"
"270","forall NODE1,NODE0. ~held(NODE0) | ep_epoch0(NODE1) | locked_epoch2(NODE0) | locked_epoch2(NODE1) | NODE0 = NODE1","7","------0-----1-----00------------------","5","48","2","0110020020"
"271","forall NODE1,NODE0. ~held(NODE0) | ep_epoch1(NODE0) | locked_epoch2(NODE0) | locked_epoch2(NODE1) | NODE0 = NODE1","7","-0----------1-----00------------------","5","48","2","0110020020"
"272","forall NODE1,NODE2,NODE0. ~locked_epoch2(NODE0) | ~locked_epoch3(NODE1) | ~transfer_epoch4(NODE2) | ep_epoch2(NODE0) | ((NODE1 ~= NODE2 | NODE0 = NODE1) & (NODE0 ~= NODE2 | NODE0 = NODE1))","11","--0---------------1--1------------1---","8","190","2","0100201030"
"273","forall NODE1,NODE2,NODE0. ~locked_epoch2(NODE0) | ~transfer_epoch3(NODE1) | ep_epoch0(NODE2) | ep_epoch1(NODE2) | ((NODE1 ~= NODE2 | NODE0 = NODE1) & (NODE0 ~= NODE1 | NODE0 = NODE2))","11","------00----------1-------------1-----","8","0","157","0200101030"
"274","forall NODE1,NODE0. ~locked_epoch2(NODE0) | ~transfer_epoch4(NODE1) | ep_epoch2(NODE0) | ep_epoch3(NODE0)","6","--00--------------1---------------1---","4","25","2","0200101020"
"275","forall NODE1,NODE0. ~locked_epoch2(NODE0) | ~transfer_epoch4(NODE1) | ep_epoch2(NODE0) | locked_epoch3(NODE0)","6","--0---------------1-0-------------1---","4","22","2","0100111020"
"276","forall NODE1,NODE0. ~locked_epoch2(NODE0) | ep_epoch2(NODE0) | locked_epoch3(NODE0) | locked_epoch3(NODE1) | NODE0 = NODE1","7","--0---------------1-00----------------","5","46","4","0100120020"
"277","forall NODE1,NODE0. ~locked_epoch3(NODE0) | ~locked_epoch4(NODE1) | ~locked_epoch5(NODE1) | ep_epoch3(NODE0) | NODE0 = NODE1","7","---0----------------1--1-1------------","5","0","157","0100300020"
"278","forall NODE1,NODE2,NODE0. ~locked_epoch3(NODE0) | ~locked_epoch4(NODE1) | ~transfer_epoch5(NODE2) | ep_epoch3(NODE0) | ((NODE1 ~= NODE2 | NODE0 = NODE1) & (NODE0 ~= NODE2 | NODE0 = NODE1))","11","---0----------------1--1------------1-","8","190","2","0100201030"
"279","forall NODE1,NODE0. ~locked_epoch3(NODE0) | ~locked_epoch4(NODE1) | ep_epoch3(NODE0) | ep_epoch4(NODE1) | NODE0 = NODE1","7","---0------0---------1--1--------------","5","52","3","0200200020"
"280","forall NODE1,NODE0. ~locked_epoch3(NODE0) | ~locked_epoch4(NODE1) | ep_epoch3(NODE0) | ep_epoch5(NODE0) | NODE0 = NODE1","7","---0-0--------------1--1--------------","5","52","3","0200200020"
"281","forall NODE1,NODE0. ~locked_epoch3(NODE0) | ~locked_epoch4(NODE1) | ep_epoch3(NODE0) | held(NODE0) | NODE0 = NODE1","7","---0--------0-------1--1--------------","5","0","157","0101200020"
"282","forall NODE1,NODE0. ~locked_epoch3(NODE0) | ~locked_epoch4(NODE1) | ep_epoch3(NODE0) | locked_epoch5(NODE0) | NODE0 = NODE1","7","---0----------------1--10-------------","5","47","3","0100210020"
"283","forall NODE1,NODE0. ~locked_epoch3(NODE0) | ~locked_epoch5(NODE1) | ep_epoch3(NODE0) | ep_epoch4(NODE0) | NODE0 = NODE1","7","---00---------------1----1------------","5","52","3","0200200020"
"284","forall NODE1,NODE0. ~locked_epoch3(NODE0) | ~locked_epoch5(NODE1) | ep_epoch3(NODE0) | locked_epoch4(NODE0) | NODE0 = NODE1","7","---0----------------1-0--1------------","5","47","3","0100210020"
"285","forall NODE1,NODE2,NODE0. ~locked_epoch3(NODE0) | ~transfer_epoch4(NODE1) | ep_epoch2(NODE2) | locked_epoch2(NODE0) | ((NODE0 ~= NODE1 | NODE0 = NODE2) & (NODE1 ~= NODE2 | NODE0 = NODE1))","11","--------0---------0-1-------------1---","8","189","2","0100111030"
"286","forall NODE1,NODE0. ~locked_epoch3(NODE0) | ~transfer_epoch5(NODE1) | ep_epoch3(NODE0) | ep_epoch4(NODE0)","6","---00---------------1---------------1-","4","25","2","0200101020"
"287","forall NODE1,NODE0. ~locked_epoch3(NODE0) | ~transfer_epoch5(NODE1) | ep_epoch3(NODE0) | locked_epoch4(NODE0)","6","---0----------------1-0-------------1-","4","22","2","0100111020"
"288","forall NODE0. ~locked_epoch3(NODE0) | ep_epoch3(NODE0) | ep_epoch4(NODE0) | ep_epoch5(NODE0)","5","---000--------------1-----------------","4","0","157","0300100010"
"289","forall NODE0. ~locked_epoch3(NODE0) | ep_epoch3(NODE0) | ep_epoch4(NODE0) | held(NODE0)","5","---00-------0-------1-----------------","4","0","157","0201100010"
"290","forall NODE0. ~locked_epoch3(NODE0) | ep_epoch3(NODE0) | ep_epoch4(NODE0) | locked_epoch5(NODE0)","5","---00---------------1---0-------------","4","16","2","0200110010"
"291","forall NODE1,NODE0. ~locked_epoch3(NODE0) | ep_epoch3(NODE0) | ep_epoch4(NODE1) | locked_epoch4(NODE0) | NODE0 = NODE1","7","---0------0---------1-0---------------","5","50","4","0200110020"
"292","forall NODE0. ~locked_epoch3(NODE0) | ep_epoch3(NODE0) | ep_epoch5(NODE0) | locked_epoch4(NODE0)","5","---0-0--------------1-0---------------","4","16","2","0200110010"
"293","forall NODE0. ~locked_epoch3(NODE0) | ep_epoch3(NODE0) | held(NODE0) | locked_epoch4(NODE0)","5","---0--------0-------1-0---------------","4","0","157","0101110010"
"294","forall NODE1,NODE0. ~locked_epoch3(NODE0) | ep_epoch3(NODE0) | locked_epoch4(NODE0) | locked_epoch4(NODE1) | NODE0 = NODE1","7","---0----------------1-00--------------","5","46","4","0100120020"
"295","forall NODE0. ~locked_epoch3(NODE0) | ep_epoch3(NODE0) | locked_epoch4(NODE0) | locked_epoch5(NODE0)","5","---0----------------1-0-0-------------","4","0","157","0100120010"
"296","forall NODE1,NODE0. ~locked_epoch4(NODE0) | ~locked_epoch5(NODE0) | ep_epoch3(NODE1) | locked_epoch3(NODE0) | NODE0 = NODE1","7","---------0----------0-1-1-------------","5","47","3","0100210020"
"297","forall NODE1,NODE2,NODE0. ~locked_epoch4(NODE0) | ~transfer_epoch5(NODE1) | ep_epoch3(NODE2) | locked_epoch3(NODE0) | ((NODE1 ~= NODE2 | NODE0 = NODE1) & (NODE0 ~= NODE1 | NODE0 = NODE2))","11","---------0----------0-1-------------1-","8","189","2","0100111030"
"298","forall NODE1,NODE0. ~locked_epoch4(NODE0) | ep_epoch3(NODE1) | ep_epoch4(NODE0) | locked_epoch3(NODE0) | NODE0 = NODE1","7","----0----0----------0-1---------------","5","50","4","0200110020"
"299","forall NODE1,NODE0. ~locked_epoch4(NODE0) | ep_epoch3(NODE1) | ep_epoch5(NODE1) | locked_epoch3(NODE0) | NODE0 = NODE1","7","---------0-0--------0-1---------------","5","50","4","0200110020"
"300","forall NODE1,NODE0. ~locked_epoch4(NODE0) | ep_epoch3(NODE1) | held(NODE1) | locked_epoch3(NODE0) | NODE0 = NODE1","7","---------0---0------0-1---------------","5","0","157","0101110020"
"301","forall NODE1,NODE0. ~locked_epoch4(NODE0) | ep_epoch3(NODE1) | locked_epoch3(NODE0) | locked_epoch5(NODE1) | NODE0 = NODE1","7","---------0----------0-1--0------------","5","46","4","0100120020"
"302","forall NODE1,NODE0. ~locked_epoch5(NODE0) | ep_epoch3(NODE1) | ep_epoch4(NODE1) | locked_epoch3(NODE0) | NODE0 = NODE1","7","---------00---------0---1-------------","5","50","4","0200110020"
"303","forall NODE1,NODE0. ~locked_epoch5(NODE0) | ep_epoch3(NODE1) | locked_epoch3(NODE0) | locked_epoch4(NODE1) | NODE0 = NODE1","7","---------0----------0--01-------------","5","46","4","0100120020"
"304","forall NODE1,NODE0. ~transfer_epoch3(NODE0) | ep_epoch0(NODE1) | ep_epoch1(NODE1) | ep_epoch2(NODE1)","6","000-----------------------------1-----","4","0","157","0300001020"
"305","forall NODE1,NODE0. ~transfer_epoch3(NODE0) | ep_epoch0(NODE1) | ep_epoch1(NODE1) | locked_epoch2(NODE1)","6","00----------------0-------------1-----","4","0","157","0200011020"
"306","forall NODE1,NODE2,NODE0. ~transfer_epoch4(NODE0) | ep_epoch2(NODE1) | ep_epoch3(NODE1) | locked_epoch2(NODE2) | ((NODE0 ~= NODE2 | NODE0 = NODE1) & (NODE0 ~= NODE1 | NODE0 = NODE2))","11","--00---------------0--------------1---","8","194","2","0200011030"
"307","forall NODE1,NODE2,NODE0. ~transfer_epoch4(NODE0) | ep_epoch2(NODE1) | locked_epoch2(NODE2) | locked_epoch3(NODE1) | ((NODE0 ~= NODE2 | NODE0 = NODE1) & (NODE0 ~= NODE1 | NODE0 = NODE2))","11","--0----------------00-------------1---","8","188","2","0100021030"
"308","forall NODE1,NODE2,NODE0. ~transfer_epoch5(NODE0) | ep_epoch3(NODE1) | ep_epoch4(NODE1) | locked_epoch3(NODE2) | ((NODE0 ~= NODE1 | NODE0 = NODE2) & (NODE0 ~= NODE2 | NODE0 = NODE1))","11","---00----------------0--------------1-","8","194","2","0200011030"
"309","forall NODE1,NODE2,NODE0. ~transfer_epoch5(NODE0) | ep_epoch3(NODE1) | locked_epoch3(NODE2) | locked_epoch4(NODE1) | ((NODE0 ~= NODE1 | NODE0 = NODE2) & (NODE0 ~= NODE2 | NODE0 = NODE1))","11","---0-----------------00-------------1-","8","188","2","0100021030"
"310","exists NODE0. ep_epoch0(NODE0) | locked_epoch2(NODE0)","3","0-----0-----------00------------------","2","6","2","0200020001"
"311","forall NODE1,NODE0. ep_epoch0(NODE0) | ep_epoch1(NODE0) | locked_epoch2(NODE0) | locked_epoch2(NODE1) | NODE0 = NODE1","7","00----------------00------------------","5","0","157","0200020020"
"312","exists NODE0. ep_epoch1(NODE0) | locked_epoch2(NODE0)","3","-0-----0----------00------------------","2","6","2","0200020001"
"313","forall NODE1,NODE0. ~ep_epoch0(NODE0) | ~ep_epoch1(NODE1) | held(NODE1) | transfer_epoch2(NODE0) | transfer_epoch2(NODE1) | NODE0 = NODE1","8","1------1-----0----------------00------","6","110","10","2001000220"
"314","forall NODE1,NODE0. ~ep_epoch0(NODE0) | ~ep_epoch2(NODE1) | held(NODE1) | transfer_epoch3(NODE0) | transfer_epoch3(NODE1) | NODE0 = NODE1","8","1-------1----0------------------00----","6","110","10","2001000220"
"315","forall NODE1,NODE0. ~ep_epoch0(NODE0) | ~ep_epoch3(NODE1) | held(NODE1) | transfer_epoch4(NODE0) | transfer_epoch4(NODE1) | NODE0 = NODE1","8","1--------1---0--------------------00--","6","110","10","2001000220"
"316","forall NODE1,NODE0. ~ep_epoch0(NODE0) | ~ep_epoch4(NODE1) | held(NODE1) | transfer_epoch5(NODE0) | transfer_epoch5(NODE1) | NODE0 = NODE1","8","1---------1--0----------------------00","6","110","10","2001000220"
"317","forall NODE1,NODE0. ~ep_epoch0(NODE0) | ~locked_epoch2(NODE1) | ep_epoch2(NODE1) | ep_epoch3(NODE1) | locked_epoch4(NODE1) | NODE0 = NODE1","8","1-------00---------1---0--------------","6","101","11","1200110020"
"318","forall NODE1,NODE0. ~ep_epoch0(NODE0) | ~locked_epoch4(NODE1) | held(NODE1) | transfer_epoch5(NODE0) | transfer_epoch5(NODE1) | NODE0 = NODE1","8","1------------0---------1------------00","6","94","4","1001100220"
"319","forall NODE1,NODE0. ~ep_epoch0(NODE0) | ep_epoch1(NODE1) | ep_epoch2(NODE1) | ep_epoch3(NODE1) | locked_epoch4(NODE1) | NODE0 = NODE1","8","1------000-------------0--------------","6","107","7","1300010020"
"320","forall NODE1,NODE0. ~ep_epoch0(NODE0) | held(NODE1) | locked_epoch2(NODE1) | transfer_epoch2(NODE0) | transfer_epoch2(NODE1) | NODE0 = NODE1","8","1------------0-----0----------00------","6","93","5","1001010220"
"321","forall NODE1,NODE0. ~ep_epoch1(NODE0) | ~ep_epoch2(NODE1) | held(NODE1) | transfer_epoch3(NODE0) | transfer_epoch3(NODE1) | NODE0 = NODE1","8","-1------1----0------------------00----","6","110","10","2001000220"
"322","forall NODE1,NODE0. ~ep_epoch1(NODE0) | ~ep_epoch3(NODE1) | held(NODE1) | transfer_epoch4(NODE0) | transfer_epoch4(NODE1) | NODE0 = NODE1","8","-1-------1---0--------------------00--","6","110","10","2001000220"
"323","forall NODE1,NODE0. ~ep_epoch1(NODE0) | ~ep_epoch4(NODE1) | held(NODE1) | transfer_epoch5(NODE0) | transfer_epoch5(NODE1) | NODE0 = NODE1","8","-1--------1--0----------------------00","6","110","10","2001000220"
"324","forall NODE1,NODE0. ~ep_epoch1(NODE0) | ~held(NODE1) | ep_epoch2(NODE1) | ep_epoch3(NODE1) | locked_epoch4(NODE1) | NODE0 = NODE1","8","-1------00---1---------0--------------","6","105","4","1210010020"
"325","forall NODE1,NODE0. ~ep_epoch1(NODE0) | ~locked_epoch2(NODE1) | ep_epoch2(NODE1) | ep_epoch3(NODE1) | locked_epoch4(NODE1) | NODE0 = NODE1","8","-1------00---------1---0--------------","6","101","11","1200110020"
"326","forall NODE1,NODE0. ~ep_epoch1(NODE0) | ~locked_epoch4(NODE1) | held(NODE1) | transfer_epoch5(NODE0) | transfer_epoch5(NODE1) | NODE0 = NODE1","8","-1-----------0---------1------------00","6","94","4","1001100220"
"327","forall NODE1,NODE0. ~ep_epoch1(NODE0) | ep_epoch0(NODE1) | ep_epoch2(NODE1) | ep_epoch3(NODE1) | locked_epoch4(NODE1) | NODE0 = NODE1","8","-1----0-00-------------0--------------","6","107","7","1300010020"
"328","forall NODE1,NODE0. ~ep_epoch1(NODE0) | held(NODE0) | locked_epoch2(NODE1) | transfer_epoch2(NODE0) | transfer_epoch2(NODE1) | NODE0 = NODE1","8","-1----------0------0----------00------","6","93","5","1001010220"
"329","forall NODE1,NODE0. ~ep_epoch2(NODE0) | ~ep_epoch3(NODE1) | held(NODE1) | transfer_epoch4(NODE0) | transfer_epoch4(NODE1) | NODE0 = NODE1","8","--1------1---0--------------------00--","6","110","10","2001000220"
"330","forall NODE1,NODE0. ~ep_epoch2(NODE0) | ~ep_epoch4(NODE1) | held(NODE1) | transfer_epoch5(NODE0) | transfer_epoch5(NODE1) | NODE0 = NODE1","8","--1-------1--0----------------------00","6","110","10","2001000220"
"331","forall NODE1,NODE0. ~ep_epoch2(NODE0) | ~held(NODE1) | ep_epoch3(NODE1) | ep_epoch4(NODE1) | ep_epoch5(NODE1) | NODE0 = NODE1","8","--1------000-1------------------------","6","109","2","1310000020"
"332","forall NODE1,NODE0. ~ep_epoch2(NODE0) | ~held(NODE1) | ep_epoch3(NODE1) | ep_epoch4(NODE1) | locked_epoch5(NODE1) | NODE0 = NODE1","8","--1------00--1-----------0------------","6","105","4","1210010020"
"333","forall NODE1,NODE0. ~ep_epoch2(NODE0) | ~locked_epoch4(NODE1) | held(NODE1) | transfer_epoch5(NODE0) | transfer_epoch5(NODE1) | NODE0 = NODE1","8","--1----------0---------1------------00","6","94","4","1001100220"
"334","forall NODE1,NODE0. ~ep_epoch2(NODE0) | ep_epoch0(NODE1) | ep_epoch1(NODE1) | ep_epoch3(NODE1) | locked_epoch4(NODE1) | NODE0 = NODE1","8","--1---00-0-------------0--------------","6","107","7","1300010020"
"335","forall NODE1,NODE0. ~ep_epoch2(NODE0) | held(NODE0) | locked_epoch3(NODE1) | transfer_epoch3(NODE0) | transfer_epoch3(NODE1) | NODE0 = NODE1","8","--1---------0--------0----------00----","6","93","5","1001010220"
"336","forall NODE1,NODE0. ~ep_epoch3(NODE0) | ~ep_epoch4(NODE1) | held(NODE1) | transfer_epoch5(NODE0) | transfer_epoch5(NODE1) | NODE0 = NODE1","8","---1------1--0----------------------00","6","110","10","2001000220"
"337","forall NODE1,NODE0. ~ep_epoch3(NODE0) | ~held(NODE0) | ~locked_epoch2(NODE0) | ep_epoch0(NODE1) | ep_epoch1(NODE1) | NODE0 = NODE1","8","---1--00----1-----1-------------------","6","106","2","1210100020"
"338","forall NODE1,NODE0. ~ep_epoch3(NODE0) | ~held(NODE0) | ep_epoch0(NODE1) | ep_epoch1(NODE1) | ep_epoch2(NODE1) | NODE0 = NODE1","8","---1--000---1-------------------------","6","109","2","1310000020"
"339","forall NODE1,NODE0. ~ep_epoch3(NODE0) | ~held(NODE0) | ep_epoch0(NODE1) | ep_epoch1(NODE1) | locked_epoch2(NODE1) | NODE0 = NODE1","8","---1--00----1------0------------------","6","105","4","1210010020"
"340","forall NODE1,NODE2,NODE0. ~ep_epoch3(NODE0) | ~locked_epoch2(NODE0) | ~transfer_epoch4(NODE1) | ep_epoch0(NODE2) | ep_epoch1(NODE2) | ((NODE0 ~= NODE1 | NODE0 = NODE2) & (NODE1 ~= NODE2 | NODE0 = NODE1))","12","---1--00----------1---------------1---","9","258","2","1200101030"
"341","forall NODE1,NODE0. ~ep_epoch3(NODE0) | ~locked_epoch2(NODE0) | ep_epoch0(NODE1) | ep_epoch1(NODE1) | locked_epoch4(NODE1) | NODE0 = NODE1","8","---1--00----------1----0--------------","6","101","11","1200110020"
"342","forall NODE1,NODE0. ~ep_epoch3(NODE0) | ~locked_epoch2(NODE1) | ep_epoch2(NODE1) | ep_epoch4(NODE1) | ep_epoch5(NODE1) | NODE0 = NODE1","8","---1----0-00-------1------------------","6","108","3","1300100020"
"343","forall NODE1,NODE0. ~ep_epoch3(NODE0) | ~locked_epoch2(NODE1) | ep_epoch2(NODE1) | ep_epoch4(NODE1) | held(NODE1) | NODE0 = NODE1","8","---1----0-0--0-----1------------------","6","104","2","1201100020"
"344","forall NODE1,NODE0. ~ep_epoch3(NODE0) | ~locked_epoch2(NODE1) | ep_epoch2(NODE1) | ep_epoch4(NODE1) | locked_epoch5(NODE1) | NODE0 = NODE1","8","---1----0-0--------1-----0------------","6","101","11","1200110020"
"345","forall NODE1,NODE0. ~ep_epoch3(NODE0) | ~locked_epoch4(NODE1) | held(NODE1) | transfer_epoch5(NODE0) | transfer_epoch5(NODE1) | NODE0 = NODE1","8","---1---------0---------1------------00","6","94","4","1001100220"
"346","forall NODE1,NODE2,NODE0. ~ep_epoch3(NODE0) | ~transfer_epoch4(NODE1) | ep_epoch0(NODE2) | ep_epoch1(NODE2) | ep_epoch2(NODE2) | ((NODE0 ~= NODE1 | NODE0 = NODE2) & (NODE1 ~= NODE2 | NODE0 = NODE1))","12","---1--000-------------------------1---","9","0","157","1300001030"
"347","forall NODE1,NODE2,NODE0. ~ep_epoch3(NODE0) | ~transfer_epoch4(NODE1) | ep_epoch0(NODE2) | ep_epoch1(NODE2) | locked_epoch2(NODE2) | ((NODE0 ~= NODE1 | NODE0 = NODE2) & (NODE1 ~= NODE2 | NODE0 = NODE1))","12","---1--00-----------0--------------1---","9","257","2","1200011030"
"348","forall NODE1,NODE0. ~ep_epoch3(NODE0) | ep_epoch0(NODE1) | ep_epoch1(NODE1) | ep_epoch2(NODE1) | locked_epoch4(NODE1) | NODE0 = NODE1","8","---1--000--------------0--------------","6","107","7","1300010020"
"349","forall NODE1,NODE0. ~ep_epoch3(NODE0) | ep_epoch0(NODE1) | ep_epoch1(NODE1) | locked_epoch2(NODE1) | locked_epoch4(NODE1) | NODE0 = NODE1","8","---1--00-----------0---0--------------","6","100","6","1200020020"
"350","forall NODE1,NODE0. ~ep_epoch3(NODE0) | ep_epoch2(NODE1) | ep_epoch4(NODE1) | ep_epoch5(NODE1) | locked_epoch2(NODE0) | NODE0 = NODE1","8","---1----0-00------0-------------------","6","107","7","1300010020"
"351","forall NODE1,NODE0. ~ep_epoch3(NODE0) | ep_epoch2(NODE1) | ep_epoch4(NODE1) | held(NODE1) | locked_epoch2(NODE0) | NODE0 = NODE1","8","---1----0-0--0----0-------------------","6","103","2","1201010020"
"352","forall NODE1,NODE0. ~ep_epoch3(NODE0) | ep_epoch2(NODE1) | ep_epoch4(NODE1) | locked_epoch2(NODE0) | locked_epoch5(NODE1) | NODE0 = NODE1","8","---1----0-0-------0------0------------","6","100","6","1200020020"
"353","forall NODE1,NODE0. ~ep_epoch3(NODE0) | held(NODE0) | locked_epoch4(NODE1) | transfer_epoch4(NODE0) | transfer_epoch4(NODE1) | NODE0 = NODE1","8","---1--------0----------0----------00--","6","93","5","1001010220"
"354","forall NODE1,NODE0. ~ep_epoch4(NODE0) | ~held(NODE0) | ~locked_epoch2(NODE1) | ~locked_epoch3(NODE0) | ep_epoch2(NODE1) | NODE0 = NODE1","8","----1---0---1------11-----------------","6","0","157","1110200020"
"355","forall NODE1,NODE0. ~ep_epoch4(NODE0) | ~held(NODE0) | ~locked_epoch2(NODE1) | ep_epoch2(NODE1) | ep_epoch3(NODE1) | NODE0 = NODE1","8","----1---00--1------1------------------","6","106","2","1210100020"
"356","forall NODE1,NODE0. ~ep_epoch4(NODE0) | ~held(NODE0) | ~locked_epoch2(NODE1) | ep_epoch2(NODE1) | locked_epoch3(NODE1) | NODE0 = NODE1","8","----1---0---1------1-0----------------","6","99","2","1110110020"
"357","forall NODE1,NODE0. ~ep_epoch4(NODE0) | ~held(NODE0) | ~locked_epoch3(NODE0) | ep_epoch2(NODE1) | locked_epoch2(NODE0) | NODE0 = NODE1","8","----1---0---1-----0-1-----------------","6","99","2","1110110020"
"358","forall NODE1,NODE0. ~ep_epoch4(NODE0) | ~held(NODE0) | ep_epoch2(NODE1) | ep_epoch3(NODE1) | locked_epoch2(NODE0) | NODE0 = NODE1","8","----1---00--1-----0-------------------","6","105","4","1210010020"
"359","forall NODE1,NODE0. ~ep_epoch4(NODE0) | ~held(NODE0) | ep_epoch2(NODE1) | locked_epoch2(NODE0) | locked_epoch3(NODE1) | NODE0 = NODE1","8","----1---0---1-----0--0----------------","6","0","157","1110020020"
"360","forall NODE1,NODE2,NODE0. ~ep_epoch4(NODE0) | ~locked_epoch2(NODE1) | ~locked_epoch3(NODE0) | ~transfer_epoch5(NODE2) | ep_epoch2(NODE1) | ((NODE0 ~= NODE2 | NODE0 = NODE1) & (NODE1 ~= NODE2 | NODE0 = NODE1))","12","----1---0----------11---------------1-","9","0","157","1100201030"
"361","forall NODE1,NODE0. ~ep_epoch4(NODE0) | ~locked_epoch2(NODE1) | ~locked_epoch3(NODE0) | ep_epoch2(NODE1) | ep_epoch5(NODE1) | NODE0 = NODE1","8","----1---0--0-------11-----------------","6","102","3","1200200020"
"362","forall NODE1,NODE0. ~ep_epoch4(NODE0) | ~locked_epoch2(NODE1) | ~locked_epoch3(NODE0) | ep_epoch2(NODE1) | held(NODE1) | NODE0 = NODE1","8","----1---0----0-----11-----------------","6","0","157","1101200020"
"363","forall NODE1,NODE0. ~ep_epoch4(NODE0) | ~locked_epoch2(NODE1) | ~locked_epoch3(NODE0) | ep_epoch2(NODE1) | locked_epoch5(NODE1) | NODE0 = NODE1","8","----1---0----------11----0------------","6","97","4","1100210020"
"364","forall NODE1,NODE2,NODE0. ~ep_epoch4(NODE0) | ~locked_epoch2(NODE1) | ~transfer_epoch5(NODE2) | ep_epoch2(NODE1) | ep_epoch3(NODE1) | ((NODE0 ~= NODE2 | NODE0 = NODE1) & (NODE1 ~= NODE2 | NODE0 = NODE1))","12","----1---00---------1----------------1-","9","258","2","1200101030"
"365","forall NODE1,NODE2,NODE0. ~ep_epoch4(NODE0) | ~locked_epoch2(NODE1) | ~transfer_epoch5(NODE2) | ep_epoch2(NODE1) | locked_epoch3(NODE1) | ((NODE0 ~= NODE2 | NODE0 = NODE1) & (NODE1 ~= NODE2 | NODE0 = NODE1))","12","----1---0----------1-0--------------1-","9","254","2","1100111030"
"366","forall NODE1,NODE0. ~ep_epoch4(NODE0) | ~locked_epoch2(NODE1) | ep_epoch2(NODE1) | ep_epoch3(NODE1) | ep_epoch5(NODE1) | NODE0 = NODE1","8","----1---00-0-------1------------------","6","108","3","1300100020"
"367","forall NODE1,NODE0. ~ep_epoch4(NODE0) | ~locked_epoch2(NODE1) | ep_epoch2(NODE1) | ep_epoch3(NODE1) | held(NODE1) | NODE0 = NODE1","8","----1---00---0-----1------------------","6","104","2","1201100020"
"368","forall NODE1,NODE0. ~ep_epoch4(NODE0) | ~locked_epoch2(NODE1) | ep_epoch2(NODE1) | ep_epoch3(NODE1) | locked_epoch5(NODE1) | NODE0 = NODE1","8","----1---00---------1-----0------------","6","101","11","1200110020"
"369","forall NODE1,NODE0. ~ep_epoch4(NODE0) | ~locked_epoch2(NODE1) | ep_epoch2(NODE1) | ep_epoch5(NODE1) | locked_epoch3(NODE1) | NODE0 = NODE1","8","----1---0--0-------1-0----------------","6","101","11","1200110020"
"370","forall NODE1,NODE0. ~ep_epoch4(NODE0) | ~locked_epoch2(NODE1) | ep_epoch2(NODE1) | held(NODE1) | locked_epoch3(NODE1) | NODE0 = NODE1","8","----1---0----0-----1-0----------------","6","98","2","1101110020"
"371","forall NODE1,NODE0. ~ep_epoch4(NODE0) | ~locked_epoch2(NODE1) | ep_epoch2(NODE1) | locked_epoch3(NODE1) | locked_epoch5(NODE1) | NODE0 = NODE1","8","----1---0----------1-0---0------------","6","96","5","1100120020"
"372","forall NODE1,NODE2,NODE0. ~ep_epoch4(NODE0) | ~locked_epoch3(NODE0) | ~transfer_epoch5(NODE1) | ep_epoch2(NODE2) | locked_epoch2(NODE0) | ((NODE0 ~= NODE1 | NODE0 = NODE2) & (NODE1 ~= NODE2 | NODE0 = NODE1))","12","----1---0---------0-1---------------1-","9","254","2","1100111030"
"373","forall NODE1,NODE0. ~ep_epoch4(NODE0) | ~locked_epoch3(NODE0) | ep_epoch2(NODE1) | ep_epoch5(NODE1) | locked_epoch2(NODE0) | NODE0 = NODE1","8","----1---0--0------0-1-----------------","6","101","11","1200110020"
"374","forall NODE1,NODE0. ~ep_epoch4(NODE0) | ~locked_epoch3(NODE0) | ep_epoch2(NODE1) | held(NODE1) | locked_epoch2(NODE0) | NODE0 = NODE1","8","----1---0----0----0-1-----------------","6","98","2","1101110020"
"375","forall NODE1,NODE0. ~ep_epoch4(NODE0) | ~locked_epoch3(NODE0) | ep_epoch2(NODE1) | locked_epoch2(NODE0) | locked_epoch5(NODE1) | NODE0 = NODE1","8","----1---0---------0-1----0------------","6","96","5","1100120020"
"376","forall NODE1,NODE2,NODE0. ~ep_epoch4(NODE0) | ~transfer_epoch5(NODE1) | ep_epoch2(NODE2) | ep_epoch3(NODE2) | locked_epoch2(NODE0) | ((NODE0 ~= NODE1 | NODE0 = NODE2) & (NODE1 ~= NODE2 | NODE0 = NODE1))","12","----1---00--------0-----------------1-","9","257","2","1200011030"
"377","forall NODE1,NODE2,NODE0. ~ep_epoch4(NODE0) | ~transfer_epoch5(NODE1) | ep_epoch2(NODE2) | locked_epoch2(NODE0) | locked_epoch3(NODE2) | ((NODE0 ~= NODE1 | NODE0 = NODE2) & (NODE1 ~= NODE2 | NODE0 = NODE1))","12","----1---0---------0--0--------------1-","9","0","157","1100021030"
"378","forall NODE1,NODE0. ~ep_epoch4(NODE0) | ep_epoch2(NODE1) | ep_epoch3(NODE1) | ep_epoch5(NODE1) | locked_epoch2(NODE0) | NODE0 = NODE1","8","----1---00-0------0-------------------","6","107","7","1300010020"
"379","forall NODE1,NODE0. ~ep_epoch4(NODE0) | ep_epoch2(NODE1) | ep_epoch3(NODE1) | held(NODE1) | locked_epoch2(NODE0) | NODE0 = NODE1","8","----1---00---0----0-------------------","6","103","2","1201010020"
"380","forall NODE1,NODE0. ~ep_epoch4(NODE0) | ep_epoch2(NODE1) | ep_epoch3(NODE1) | locked_epoch2(NODE0) | locked_epoch5(NODE1) | NODE0 = NODE1","8","----1---00--------0------0------------","6","100","6","1200020020"
"381","forall NODE1,NODE0. ~ep_epoch4(NODE0) | ep_epoch2(NODE1) | ep_epoch5(NODE1) | locked_epoch2(NODE0) | locked_epoch3(NODE1) | NODE0 = NODE1","8","----1---0--0------0--0----------------","6","100","6","1200020020"
"382","forall NODE1,NODE0. ~ep_epoch4(NODE0) | ep_epoch2(NODE1) | held(NODE1) | locked_epoch2(NODE0) | locked_epoch3(NODE1) | NODE0 = NODE1","8","----1---0----0----0--0----------------","6","0","157","1101020020"
"383","forall NODE1,NODE0. ~ep_epoch4(NODE0) | ep_epoch2(NODE1) | locked_epoch2(NODE0) | locked_epoch3(NODE1) | locked_epoch5(NODE1) | NODE0 = NODE1","8","----1---0---------0--0---0------------","6","95","2","1100030020"
"384","forall NODE1,NODE0. ~ep_epoch4(NODE0) | ep_epoch5(NODE1) | held(NODE0) | transfer_epoch5(NODE0) | transfer_epoch5(NODE1) | NODE0 = NODE1","8","----1------00-----------------------00","6","0","157","1101000220"
"385","forall NODE1,NODE0. ~ep_epoch4(NODE0) | held(NODE0) | held(NODE1) | transfer_epoch5(NODE0) | transfer_epoch5(NODE1) | NODE0 = NODE1","8","----1-------00----------------------00","6","0","157","1002000220"
"386","forall NODE1,NODE0. ~ep_epoch4(NODE0) | held(NODE0) | locked_epoch5(NODE1) | transfer_epoch5(NODE0) | transfer_epoch5(NODE1) | NODE0 = NODE1","8","----1-------0------------0----------00","6","93","5","1001010220"
"387","forall NODE1,NODE0. ~ep_epoch5(NODE0) | ~locked_epoch2(NODE1) | ~locked_epoch3(NODE0) | ~locked_epoch4(NODE0) | ep_epoch2(NODE1) | NODE0 = NODE1","8","-----1--0----------11-1---------------","6","0","157","1100300020"
"388","forall NODE1,NODE0. ~ep_epoch5(NODE0) | ~locked_epoch2(NODE1) | ~locked_epoch3(NODE0) | ep_epoch2(NODE1) | ep_epoch4(NODE1) | NODE0 = NODE1","8","-----1--0-0--------11-----------------","6","102","3","1200200020"
"389","forall NODE1,NODE0. ~ep_epoch5(NODE0) | ~locked_epoch2(NODE1) | ~locked_epoch3(NODE0) | ep_epoch2(NODE1) | locked_epoch4(NODE1) | NODE0 = NODE1","8","-----1--0----------11--0--------------","6","97","4","1100210020"
"390","forall NODE1,NODE0. ~ep_epoch5(NODE0) | ~locked_epoch2(NODE1) | ~locked_epoch4(NODE0) | ep_epoch2(NODE1) | ep_epoch3(NODE1) | NODE0 = NODE1","8","-----1--00---------1--1---------------","6","102","3","1200200020"
"391","forall NODE1,NODE0. ~ep_epoch5(NODE0) | ~locked_epoch2(NODE1) | ~locked_epoch4(NODE0) | ep_epoch2(NODE1) | locked_epoch3(NODE1) | NODE0 = NODE1","8","-----1--0----------1-01---------------","6","97","4","1100210020"
"392","forall NODE1,NODE0. ~ep_epoch5(NODE0) | ~locked_epoch2(NODE1) | ep_epoch2(NODE1) | ep_epoch3(NODE1) | ep_epoch4(NODE1) | NODE0 = NODE1","8","-----1--000--------1------------------","6","108","3","1300100020"
"393","forall NODE1,NODE0. ~ep_epoch5(NODE0) | ~locked_epoch2(NODE1) | ep_epoch2(NODE1) | ep_epoch3(NODE1) | locked_epoch4(NODE1) | NODE0 = NODE1","8","-----1--00---------1---0--------------","6","101","11","1200110020"
"394","forall NODE1,NODE0. ~ep_epoch5(NODE0) | ~locked_epoch2(NODE1) | ep_epoch2(NODE1) | ep_epoch4(NODE1) | locked_epoch3(NODE1) | NODE0 = NODE1","8","-----1--0-0--------1-0----------------","6","101","11","1200110020"
"395","forall NODE1,NODE0. ~ep_epoch5(NODE0) | ~locked_epoch2(NODE1) | ep_epoch2(NODE1) | locked_epoch3(NODE1) | locked_epoch4(NODE1) | NODE0 = NODE1","8","-----1--0----------1-0-0--------------","6","96","5","1100120020"
"396","forall NODE1,NODE0. ~ep_epoch5(NODE0) | ~locked_epoch3(NODE0) | ~locked_epoch4(NODE0) | ep_epoch2(NODE1) | locked_epoch2(NODE0) | NODE0 = NODE1","8","-----1--0---------0-1-1---------------","6","97","4","1100210020"
"397","forall NODE1,NODE0. ~ep_epoch5(NODE0) | ~locked_epoch3(NODE0) | ep_epoch2(NODE1) | ep_epoch4(NODE1) | locked_epoch2(NODE0) | NODE0 = NODE1","8","-----1--0-0-------0-1-----------------","6","101","11","1200110020"
"398","forall NODE1,NODE0. ~ep_epoch5(NODE0) | ~locked_epoch3(NODE0) | ep_epoch2(NODE1) | locked_epoch2(NODE0) | locked_epoch4(NODE1) | NODE0 = NODE1","8","-----1--0---------0-1--0--------------","6","96","5","1100120020"
"399","forall NODE1,NODE0. ~ep_epoch5(NODE0) | ~locked_epoch4(NODE0) | ep_epoch2(NODE1) | ep_epoch3(NODE1) | locked_epoch2(NODE0) | NODE0 = NODE1","8","-----1--00--------0---1---------------","6","101","11","1200110020"
"400","forall NODE1,NODE0. ~ep_epoch5(NODE0) | ~locked_epoch4(NODE0) | ep_epoch2(NODE1) | locked_epoch2(NODE0) | locked_epoch3(NODE1) | NODE0 = NODE1","8","-----1--0---------0--01---------------","6","96","5","1100120020"
"401","forall NODE1,NODE0. ~ep_epoch5(NODE0) | ep_epoch2(NODE1) | ep_epoch3(NODE1) | ep_epoch4(NODE1) | locked_epoch2(NODE0) | NODE0 = NODE1","8","-----1--000-------0-------------------","6","107","7","1300010020"
"402","forall NODE1,NODE0. ~ep_epoch5(NODE0) | ep_epoch2(NODE1) | ep_epoch3(NODE1) | locked_epoch2(NODE0) | locked_epoch4(NODE1) | NODE0 = NODE1","8","-----1--00--------0----0--------------","6","100","6","1200020020"
"403","forall NODE1,NODE0. ~ep_epoch5(NODE0) | ep_epoch2(NODE1) | ep_epoch4(NODE1) | locked_epoch2(NODE0) | locked_epoch3(NODE1) | NODE0 = NODE1","8","-----1--0-0-------0--0----------------","6","100","6","1200020020"
"404","forall NODE1,NODE0. ~ep_epoch5(NODE0) | ep_epoch2(NODE1) | locked_epoch2(NODE0) | locked_epoch3(NODE1) | locked_epoch4(NODE1) | NODE0 = NODE1","8","-----1--0---------0--0-0--------------","6","95","2","1100030020"
"405","forall NODE1,NODE0. ~held(NODE0) | ~locked_epoch2(NODE1) | ~locked_epoch3(NODE0) | ~locked_epoch4(NODE0) | ep_epoch2(NODE1) | NODE0 = NODE1","8","--------0---1------11-1---------------","6","0","157","0110300020"
"406","forall NODE1,NODE0. ~held(NODE0) | ~locked_epoch2(NODE1) | ~locked_epoch3(NODE0) | ep_epoch2(NODE1) | ep_epoch4(NODE1) | NODE0 = NODE1","8","--------0-0-1------11-----------------","6","86","3","0210200020"
"407","forall NODE1,NODE0. ~held(NODE0) | ~locked_epoch2(NODE1) | ~locked_epoch3(NODE0) | ep_epoch2(NODE1) | ep_epoch5(NODE0) | NODE0 = NODE1","8","-----0--0---1------11-----------------","6","86","3","0210200020"
"408","forall NODE1,NODE0. ~held(NODE0) | ~locked_epoch2(NODE1) | ~locked_epoch3(NODE0) | ep_epoch2(NODE1) | locked_epoch4(NODE1) | NODE0 = NODE1","8","--------0---1------11--0--------------","6","78","4","0110210020"
"409","forall NODE1,NODE0. ~held(NODE0) | ~locked_epoch2(NODE1) | ~locked_epoch3(NODE0) | ep_epoch2(NODE1) | locked_epoch5(NODE0) | NODE0 = NODE1","8","--------0---1------11---0-------------","6","78","4","0110210020"
"410","forall NODE1,NODE0. ~held(NODE0) | ~locked_epoch2(NODE1) | ~locked_epoch4(NODE0) | ep_epoch2(NODE1) | ep_epoch3(NODE1) | NODE0 = NODE1","8","--------00--1------1--1---------------","6","86","3","0210200020"
"411","forall NODE1,NODE0. ~held(NODE0) | ~locked_epoch2(NODE1) | ~locked_epoch4(NODE0) | ep_epoch2(NODE1) | locked_epoch3(NODE1) | NODE0 = NODE1","8","--------0---1------1-01---------------","6","78","4","0110210020"
"412","forall NODE1,NODE0. ~held(NODE0) | ~locked_epoch2(NODE1) | ep_epoch2(NODE1) | ep_epoch3(NODE1) | ep_epoch4(NODE1) | NODE0 = NODE1","8","--------000-1------1------------------","6","90","4","0310100020"
"413","forall NODE1,NODE0. ~held(NODE0) | ~locked_epoch2(NODE1) | ep_epoch2(NODE1) | ep_epoch3(NODE1) | ep_epoch5(NODE0) | NODE0 = NODE1","8","-----0--00--1------1------------------","6","90","4","0310100020"
"414","forall NODE1,NODE0. ~held(NODE0) | ~locked_epoch2(NODE1) | ep_epoch2(NODE1) | ep_epoch3(NODE1) | locked_epoch4(NODE1) | NODE0 = NODE1","8","--------00--1------1---0--------------","6","85","16","0210110020"
"415","forall NODE1,NODE0. ~held(NODE0) | ~locked_epoch2(NODE1) | ep_epoch2(NODE1) | ep_epoch3(NODE1) | locked_epoch5(NODE0) | NODE0 = NODE1","8","--------00--1------1----0-------------","6","85","16","0210110020"
"416","forall NODE1,NODE0. ~held(NODE0) | ~locked_epoch2(NODE1) | ep_epoch2(NODE1) | ep_epoch4(NODE0) | ep_epoch5(NODE0) | NODE0 = NODE1","8","----00--0---1------1------------------","6","90","4","0310100020"
"417","forall NODE1,NODE0. ~held(NODE0) | ~locked_epoch2(NODE1) | ep_epoch2(NODE1) | ep_epoch4(NODE0) | locked_epoch5(NODE0) | NODE0 = NODE1","8","----0---0---1------1----0-------------","6","85","16","0210110020"
"418","forall NODE1,NODE0. ~held(NODE0) | ~locked_epoch2(NODE1) | ep_epoch2(NODE1) | ep_epoch4(NODE1) | locked_epoch3(NODE1) | NODE0 = NODE1","8","--------0-0-1------1-0----------------","6","85","16","0210110020"
"419","forall NODE1,NODE0. ~held(NODE0) | ~locked_epoch2(NODE1) | ep_epoch2(NODE1) | ep_epoch4(NODE1) | locked_epoch4(NODE0) | NODE0 = NODE1","8","--------0-0-1------1--0---------------","6","85","16","0210110020"
"420","forall NODE1,NODE0. ~held(NODE0) | ~locked_epoch2(NODE1) | ep_epoch2(NODE1) | ep_epoch5(NODE0) | locked_epoch3(NODE1) | NODE0 = NODE1","8","-----0--0---1------1-0----------------","6","85","16","0210110020"
"421","forall NODE1,NODE0. ~held(NODE0) | ~locked_epoch2(NODE1) | ep_epoch2(NODE1) | ep_epoch5(NODE0) | locked_epoch4(NODE0) | NODE0 = NODE1","8","-----0--0---1------1--0---------------","6","85","16","0210110020"
"422","forall NODE1,NODE0. ~held(NODE0) | ~locked_epoch2(NODE1) | ep_epoch2(NODE1) | locked_epoch3(NODE1) | locked_epoch4(NODE1) | NODE0 = NODE1","8","--------0---1------1-0-0--------------","6","77","14","0110120020"
"423","forall NODE1,NODE0. ~held(NODE0) | ~locked_epoch2(NODE1) | ep_epoch2(NODE1) | locked_epoch3(NODE1) | locked_epoch5(NODE0) | NODE0 = NODE1","8","--------0---1------1-0--0-------------","6","77","14","0110120020"
"424","forall NODE1,NODE0. ~held(NODE0) | ~locked_epoch2(NODE1) | ep_epoch2(NODE1) | locked_epoch4(NODE0) | locked_epoch4(NODE1) | NODE0 = NODE1","8","--------0---1------1--00--------------","6","77","14","0110120020"
"425","forall NODE1,NODE0. ~held(NODE0) | ~locked_epoch2(NODE1) | ep_epoch2(NODE1) | locked_epoch4(NODE0) | locked_epoch5(NODE0) | NODE0 = NODE1","8","--------0---1------1--0-0-------------","6","77","14","0110120020"
"426","forall NODE1,NODE0. ~held(NODE0) | ~locked_epoch2(NODE1) | ep_epoch3(NODE0) | ep_epoch4(NODE0) | ep_epoch5(NODE0) | NODE0 = NODE1","8","---000------1------1------------------","6","90","4","0310100020"
"427","forall NODE1,NODE0. ~held(NODE0) | ~locked_epoch2(NODE1) | ep_epoch3(NODE0) | ep_epoch4(NODE0) | locked_epoch5(NODE0) | NODE0 = NODE1","8","---00-------1------1----0-------------","6","85","16","0210110020"
"428","forall NODE1,NODE0. ~held(NODE0) | ~locked_epoch2(NODE1) | ep_epoch3(NODE0) | ep_epoch4(NODE1) | locked_epoch4(NODE0) | NODE0 = NODE1","8","---0------0-1------1--0---------------","6","85","16","0210110020"
"429","forall NODE1,NODE0. ~held(NODE0) | ~locked_epoch2(NODE1) | ep_epoch3(NODE0) | ep_epoch5(NODE0) | locked_epoch4(NODE0) | NODE0 = NODE1","8","---0-0------1------1--0---------------","6","85","16","0210110020"
"430","forall NODE1,NODE0. ~held(NODE0) | ~locked_epoch2(NODE1) | ep_epoch3(NODE0) | locked_epoch4(NODE0) | locked_epoch4(NODE1) | NODE0 = NODE1","8","---0--------1------1--00--------------","6","77","14","0110120020"
"431","forall NODE1,NODE0. ~held(NODE0) | ~locked_epoch2(NODE1) | ep_epoch3(NODE0) | locked_epoch4(NODE0) | locked_epoch5(NODE0) | NODE0 = NODE1","8","---0--------1------1--0-0-------------","6","77","14","0110120020"
"432","forall NODE1,NODE0. ~held(NODE0) | ~locked_epoch2(NODE1) | ep_epoch3(NODE1) | ep_epoch4(NODE1) | locked_epoch3(NODE0) | NODE0 = NODE1","8","---------00-1------10-----------------","6","85","16","0210110020"
"433","forall NODE1,NODE0. ~held(NODE0) | ~locked_epoch2(NODE1) | ep_epoch3(NODE1) | ep_epoch5(NODE0) | locked_epoch3(NODE0) | NODE0 = NODE1","8","-----0---0--1------10-----------------","6","85","16","0210110020"
"434","forall NODE1,NODE0. ~held(NODE0) | ~locked_epoch2(NODE1) | ep_epoch3(NODE1) | locked_epoch3(NODE0) | locked_epoch4(NODE1) | NODE0 = NODE1","8","---------0--1------10--0--------------","6","77","14","0110120020"
"435","forall NODE1,NODE0. ~held(NODE0) | ~locked_epoch2(NODE1) | ep_epoch3(NODE1) | locked_epoch3(NODE0) | locked_epoch5(NODE0) | NODE0 = NODE1","8","---------0--1------10---0-------------","6","77","14","0110120020"
"436","forall NODE1,NODE0. ~held(NODE0) | ~locked_epoch2(NODE1) | ep_epoch4(NODE0) | ep_epoch5(NODE0) | locked_epoch3(NODE0) | NODE0 = NODE1","8","----00------1------10-----------------","6","85","16","0210110020"
"437","forall NODE1,NODE0. ~held(NODE0) | ~locked_epoch2(NODE1) | ep_epoch4(NODE0) | locked_epoch3(NODE0) | locked_epoch5(NODE0) | NODE0 = NODE1","8","----0-------1------10---0-------------","6","77","14","0110120020"
"438","forall NODE1,NODE0. ~held(NODE0) | ~locked_epoch2(NODE1) | ep_epoch4(NODE1) | locked_epoch3(NODE0) | locked_epoch4(NODE0) | NODE0 = NODE1","8","----------0-1------10-0---------------","6","77","14","0110120020"
"439","forall NODE1,NODE0. ~held(NODE0) | ~locked_epoch2(NODE1) | ep_epoch5(NODE0) | locked_epoch3(NODE0) | locked_epoch4(NODE0) | NODE0 = NODE1","8","-----0------1------10-0---------------","6","77","14","0110120020"
"440","forall NODE1,NODE0. ~held(NODE0) | ~locked_epoch2(NODE1) | locked_epoch3(NODE0) | locked_epoch4(NODE0) | locked_epoch4(NODE1) | NODE0 = NODE1","8","------------1------10-00--------------","6","70","2","0010130020"
"441","forall NODE1,NODE0. ~held(NODE0) | ~locked_epoch2(NODE1) | locked_epoch3(NODE0) | locked_epoch4(NODE0) | locked_epoch5(NODE0) | NODE0 = NODE1","8","------------1------10-0-0-------------","6","70","2","0010130020"
"442","forall NODE1,NODE0. ~held(NODE0) | ~locked_epoch3(NODE0) | ~locked_epoch4(NODE0) | ep_epoch2(NODE1) | locked_epoch2(NODE0) | NODE0 = NODE1","8","--------0---1-----0-1-1---------------","6","78","4","0110210020"
"443","forall NODE1,NODE0. ~held(NODE0) | ~locked_epoch3(NODE0) | ep_epoch2(NODE1) | ep_epoch4(NODE1) | locked_epoch2(NODE0) | NODE0 = NODE1","8","--------0-0-1-----0-1-----------------","6","85","16","0210110020"
"444","forall NODE1,NODE0. ~held(NODE0) | ~locked_epoch3(NODE0) | ep_epoch2(NODE1) | ep_epoch5(NODE0) | locked_epoch2(NODE0) | NODE0 = NODE1","8","-----0--0---1-----0-1-----------------","6","85","16","0210110020"
"445","forall NODE1,NODE0. ~held(NODE0) | ~locked_epoch3(NODE0) | ep_epoch2(NODE1) | locked_epoch2(NODE0) | locked_epoch4(NODE1) | NODE0 = NODE1","8","--------0---1-----0-1--0--------------","6","77","14","0110120020"
"446","forall NODE1,NODE0. ~held(NODE0) | ~locked_epoch3(NODE0) | ep_epoch2(NODE1) | locked_epoch2(NODE0) | locked_epoch5(NODE0) | NODE0 = NODE1","8","--------0---1-----0-1---0-------------","6","77","14","0110120020"
"447","forall NODE1,NODE0. ~held(NODE0) | ~locked_epoch4(NODE0) | ep_epoch2(NODE1) | ep_epoch3(NODE1) | locked_epoch2(NODE0) | NODE0 = NODE1","8","--------00--1-----0---1---------------","6","85","16","0210110020"
"448","forall NODE1,NODE0. ~held(NODE0) | ~locked_epoch4(NODE0) | ep_epoch2(NODE1) | locked_epoch2(NODE0) | locked_epoch3(NODE1) | NODE0 = NODE1","8","--------0---1-----0--01---------------","6","77","14","0110120020"
"449","forall NODE1,NODE0. ~held(NODE0) | ep_epoch0(NODE1) | ep_epoch1(NODE1) | locked_epoch3(NODE0) | locked_epoch3(NODE1) | NODE0 = NODE1","8","------00----1-------00----------------","6","84","3","0210020020"
"450","forall NODE1,NODE0. ~held(NODE0) | ep_epoch0(NODE1) | ep_epoch2(NODE0) | locked_epoch3(NODE0) | locked_epoch3(NODE1) | NODE0 = NODE1","8","--0---0-----1-------00----------------","6","84","3","0210020020"
"451","forall NODE1,NODE0. ~held(NODE0) | ep_epoch0(NODE1) | locked_epoch2(NODE0) | locked_epoch3(NODE0) | locked_epoch3(NODE1) | NODE0 = NODE1","8","------0-----1-----0-00----------------","6","76","2","0110030020"
"452","forall NODE1,NODE0. ~held(NODE0) | ep_epoch1(NODE0) | ep_epoch2(NODE0) | locked_epoch3(NODE0) | locked_epoch3(NODE1) | NODE0 = NODE1","8","-00---------1-------00----------------","6","84","3","0210020020"
"453","forall NODE1,NODE0. ~held(NODE0) | ep_epoch1(NODE0) | locked_epoch2(NODE0) | locked_epoch3(NODE0) | locked_epoch3(NODE1) | NODE0 = NODE1","8","-0----------1-----0-00----------------","6","76","2","0110030020"
"454","forall NODE1,NODE2,NODE0. ~locked_epoch2(NODE0) | ~locked_epoch3(NODE0) | ~transfer_epoch4(NODE1) | ep_epoch0(NODE2) | ep_epoch1(NODE2) | ((NODE1 ~= NODE2 | NODE0 = NODE1) & (NODE0 ~= NODE1 | NODE0 = NODE2))","12","------00----------1-1-------------1---","9","232","4","0200201030"
"455","forall NODE1,NODE0. ~locked_epoch2(NODE0) | ~locked_epoch3(NODE1) | ~locked_epoch4(NODE1) | ~locked_epoch5(NODE1) | ep_epoch2(NODE0) | NODE0 = NODE1","8","--0---------------1--1-1-1------------","6","0","157","0100400020"
"456","forall NODE1,NODE2,NODE0. ~locked_epoch2(NODE0) | ~locked_epoch3(NODE1) | ~locked_epoch4(NODE1) | ~transfer_epoch5(NODE2) | ep_epoch2(NODE0) | ((NODE1 ~= NODE2 | NODE0 = NODE1) & (NODE0 ~= NODE2 | NODE0 = NODE1))","12","--0---------------1--1-1------------1-","9","0","157","0100301030"
"457","forall NODE1,NODE0. ~locked_epoch2(NODE0) | ~locked_epoch3(NODE1) | ~locked_epoch4(NODE1) | ep_epoch2(NODE0) | ep_epoch4(NODE1) | NODE0 = NODE1","8","--0-------0-------1--1-1--------------","6","81","4","0200300020"
"458","forall NODE1,NODE0. ~locked_epoch2(NODE0) | ~locked_epoch3(NODE1) | ~locked_epoch4(NODE1) | ep_epoch2(NODE0) | ep_epoch5(NODE0) | NODE0 = NODE1","8","--0--0------------1--1-1--------------","6","81","4","0200300020"
"459","forall NODE1,NODE0. ~locked_epoch2(NODE0) | ~locked_epoch3(NODE1) | ~locked_epoch4(NODE1) | ep_epoch2(NODE0) | held(NODE0) | NODE0 = NODE1","8","--0---------0-----1--1-1--------------","6","0","157","0101300020"
"460","forall NODE1,NODE0. ~locked_epoch2(NODE0) | ~locked_epoch3(NODE1) | ~locked_epoch4(NODE1) | ep_epoch2(NODE0) | locked_epoch5(NODE0) | NODE0 = NODE1","8","--0---------------1--1-10-------------","6","73","4","0100310020"
"461","forall NODE1,NODE0. ~locked_epoch2(NODE0) | ~locked_epoch3(NODE1) | ~locked_epoch5(NODE1) | ep_epoch2(NODE0) | ep_epoch4(NODE0) | NODE0 = NODE1","8","--0-0-------------1--1---1------------","6","81","4","0200300020"
"462","forall NODE1,NODE0. ~locked_epoch2(NODE0) | ~locked_epoch3(NODE1) | ~locked_epoch5(NODE1) | ep_epoch2(NODE0) | locked_epoch4(NODE0) | NODE0 = NODE1","8","--0---------------1--10--1------------","6","73","4","0100310020"
"463","forall NODE1,NODE2,NODE0. ~locked_epoch2(NODE0) | ~locked_epoch3(NODE1) | ~transfer_epoch5(NODE2) | ep_epoch2(NODE0) | ep_epoch3(NODE1) | ((NODE1 ~= NODE2 | NODE0 = NODE1) & (NODE0 ~= NODE2 | NODE0 = NODE1))","12","--0------0--------1--1--------------1-","9","232","4","0200201030"
"464","forall NODE1,NODE2,NODE0. ~locked_epoch2(NODE0) | ~locked_epoch3(NODE1) | ~transfer_epoch5(NODE2) | ep_epoch2(NODE0) | ep_epoch4(NODE0) | ((NODE1 ~= NODE2 | NODE0 = NODE1) & (NODE0 ~= NODE2 | NODE0 = NODE1))","12","--0-0-------------1--1--------------1-","9","232","4","0200201030"
"465","forall NODE1,NODE2,NODE0. ~locked_epoch2(NODE0) | ~locked_epoch3(NODE1) | ~transfer_epoch5(NODE2) | ep_epoch2(NODE0) | locked_epoch4(NODE0) | ((NODE1 ~= NODE2 | NODE0 = NODE1) & (NODE0 ~= NODE2 | NODE0 = NODE1))","12","--0---------------1--10-------------1-","9","226","3","0100211030"
"466","forall NODE1,NODE0. ~locked_epoch2(NODE0) | ~locked_epoch3(NODE1) | ep_epoch2(NODE0) | ep_epoch4(NODE0) | ep_epoch5(NODE0) | NODE0 = NODE1","8","--0-00------------1--1----------------","6","89","4","0300200020"
"467","forall NODE1,NODE0. ~locked_epoch2(NODE0) | ~locked_epoch3(NODE1) | ep_epoch2(NODE0) | ep_epoch4(NODE0) | held(NODE0) | NODE0 = NODE1","8","--0-0-------0-----1--1----------------","6","83","2","0201200020"
"468","forall NODE1,NODE0. ~locked_epoch2(NODE0) | ~locked_epoch3(NODE1) | ep_epoch2(NODE0) | ep_epoch4(NODE0) | locked_epoch5(NODE0) | NODE0 = NODE1","8","--0-0-------------1--1--0-------------","6","80","12","0200210020"
"469","forall NODE1,NODE0. ~locked_epoch2(NODE0) | ~locked_epoch3(NODE1) | ep_epoch2(NODE0) | ep_epoch4(NODE1) | locked_epoch4(NODE0) | NODE0 = NODE1","8","--0-------0-------1--10---------------","6","80","12","0200210020"
"470","forall NODE1,NODE0. ~locked_epoch2(NODE0) | ~locked_epoch3(NODE1) | ep_epoch2(NODE0) | ep_epoch5(NODE0) | locked_epoch4(NODE0) | NODE0 = NODE1","8","--0--0------------1--10---------------","6","80","12","0200210020"
"471","forall NODE1,NODE0. ~locked_epoch2(NODE0) | ~locked_epoch3(NODE1) | ep_epoch2(NODE0) | held(NODE0) | locked_epoch4(NODE0) | NODE0 = NODE1","8","--0---------0-----1--10---------------","6","75","3","0101210020"
"472","forall NODE1,NODE0. ~locked_epoch2(NODE0) | ~locked_epoch3(NODE1) | ep_epoch2(NODE0) | locked_epoch4(NODE0) | locked_epoch4(NODE1) | NODE0 = NODE1","8","--0---------------1--100--------------","6","72","7","0100220020"
"473","forall NODE1,NODE0. ~locked_epoch2(NODE0) | ~locked_epoch3(NODE1) | ep_epoch2(NODE0) | locked_epoch4(NODE0) | locked_epoch5(NODE0) | NODE0 = NODE1","8","--0---------------1--10-0-------------","6","72","7","0100220020"
"474","forall NODE1,NODE0. ~locked_epoch2(NODE0) | ~locked_epoch4(NODE1) | ~locked_epoch5(NODE1) | ep_epoch2(NODE0) | ep_epoch3(NODE0) | NODE0 = NODE1","8","--00--------------1----1-1------------","6","81","4","0200300020"
"475","forall NODE1,NODE0. ~locked_epoch2(NODE0) | ~locked_epoch4(NODE1) | ~locked_epoch5(NODE1) | ep_epoch2(NODE0) | locked_epoch3(NODE0) | NODE0 = NODE1","8","--0---------------1-0--1-1------------","6","73","4","0100310020"
"476","forall NODE1,NODE2,NODE0. ~locked_epoch2(NODE0) | ~locked_epoch4(NODE1) | ~transfer_epoch5(NODE2) | ep_epoch2(NODE0) | ep_epoch3(NODE0) | ((NODE1 ~= NODE2 | NODE0 = NODE1) & (NODE0 ~= NODE2 | NODE0 = NODE1))","12","--00--------------1----1------------1-","9","232","4","0200201030"
"477","forall NODE1,NODE2,NODE0. ~locked_epoch2(NODE0) | ~locked_epoch4(NODE1) | ~transfer_epoch5(NODE2) | ep_epoch2(NODE0) | locked_epoch3(NODE0) | ((NODE1 ~= NODE2 | NODE0 = NODE1) & (NODE0 ~= NODE2 | NODE0 = NODE1))","12","--0---------------1-0--1------------1-","9","226","3","0100211030"
"478","forall NODE1,NODE0. ~locked_epoch2(NODE0) | ~locked_epoch4(NODE1) | ep_epoch2(NODE0) | ep_epoch3(NODE0) | ep_epoch4(NODE1) | NODE0 = NODE1","8","--00------0-------1----1--------------","6","89","4","0300200020"
"479","forall NODE1,NODE0. ~locked_epoch2(NODE0) | ~locked_epoch4(NODE1) | ep_epoch2(NODE0) | ep_epoch3(NODE0) | ep_epoch5(NODE0) | NODE0 = NODE1","8","--00-0------------1----1--------------","6","89","4","0300200020"
"480","forall NODE1,NODE0. ~locked_epoch2(NODE0) | ~locked_epoch4(NODE1) | ep_epoch2(NODE0) | ep_epoch3(NODE0) | held(NODE0) | NODE0 = NODE1","8","--00--------0-----1----1--------------","6","83","2","0201200020"
"481","forall NODE1,NODE0. ~locked_epoch2(NODE0) | ~locked_epoch4(NODE1) | ep_epoch2(NODE0) | ep_epoch3(NODE0) | locked_epoch5(NODE0) | NODE0 = NODE1","8","--00--------------1----10-------------","6","80","12","0200210020"
"482","forall NODE1,NODE0. ~locked_epoch2(NODE0) | ~locked_epoch4(NODE1) | ep_epoch2(NODE0) | ep_epoch4(NODE1) | locked_epoch3(NODE0) | NODE0 = NODE1","8","--0-------0-------1-0--1--------------","6","80","12","0200210020"
"483","forall NODE1,NODE0. ~locked_epoch2(NODE0) | ~locked_epoch4(NODE1) | ep_epoch2(NODE0) | ep_epoch5(NODE0) | locked_epoch3(NODE0) | NODE0 = NODE1","8","--0--0------------1-0--1--------------","6","80","12","0200210020"
"484","forall NODE1,NODE0. ~locked_epoch2(NODE0) | ~locked_epoch4(NODE1) | ep_epoch2(NODE0) | held(NODE0) | locked_epoch3(NODE0) | NODE0 = NODE1","8","--0---------0-----1-0--1--------------","6","75","3","0101210020"
"485","forall NODE1,NODE0. ~locked_epoch2(NODE0) | ~locked_epoch4(NODE1) | ep_epoch2(NODE0) | locked_epoch3(NODE0) | locked_epoch5(NODE0) | NODE0 = NODE1","8","--0---------------1-0--10-------------","6","72","7","0100220020"
"486","forall NODE1,NODE0. ~locked_epoch2(NODE0) | ~locked_epoch5(NODE1) | ep_epoch2(NODE0) | ep_epoch3(NODE0) | ep_epoch4(NODE0) | NODE0 = NODE1","8","--000-------------1------1------------","6","89","4","0300200020"
"487","forall NODE1,NODE0. ~locked_epoch2(NODE0) | ~locked_epoch5(NODE1) | ep_epoch2(NODE0) | ep_epoch3(NODE0) | locked_epoch4(NODE0) | NODE0 = NODE1","8","--00--------------1---0--1------------","6","80","12","0200210020"
"488","forall NODE1,NODE0. ~locked_epoch2(NODE0) | ~locked_epoch5(NODE1) | ep_epoch2(NODE0) | ep_epoch4(NODE0) | locked_epoch3(NODE0) | NODE0 = NODE1","8","--0-0-------------1-0----1------------","6","80","12","0200210020"
"489","forall NODE1,NODE0. ~locked_epoch2(NODE0) | ~locked_epoch5(NODE1) | ep_epoch2(NODE0) | locked_epoch3(NODE0) | locked_epoch4(NODE0) | NODE0 = NODE1","8","--0---------------1-0-0--1------------","6","72","7","0100220020"
"490","forall NODE1,NODE2,NODE0. ~locked_epoch2(NODE0) | ~transfer_epoch4(NODE1) | ep_epoch0(NODE2) | ep_epoch1(NODE2) | ep_epoch2(NODE0) | ((NODE1 ~= NODE2 | NODE0 = NODE1) & (NODE0 ~= NODE1 | NODE0 = NODE2))","12","--0---00----------1---------------1---","9","239","3","0300101030"
"491","forall NODE1,NODE2,NODE0. ~locked_epoch2(NODE0) | ~transfer_epoch4(NODE1) | ep_epoch0(NODE2) | ep_epoch1(NODE2) | ep_epoch3(NODE2) | ((NODE1 ~= NODE2 | NODE0 = NODE1) & (NODE0 ~= NODE1 | NODE0 = NODE2))","12","------00-0--------1---------------1---","9","239","3","0300101030"
"492","forall NODE1,NODE2,NODE0. ~locked_epoch2(NODE0) | ~transfer_epoch4(NODE1) | ep_epoch0(NODE2) | ep_epoch1(NODE2) | locked_epoch3(NODE2) | ((NODE1 ~= NODE2 | NODE0 = NODE1) & (NODE0 ~= NODE1 | NODE0 = NODE2))","12","------00----------1--0------------1---","9","231","6","0200111030"
"493","forall NODE1,NODE0. ~locked_epoch2(NODE0) | ~transfer_epoch5(NODE1) | ep_epoch2(NODE0) | ep_epoch3(NODE0) | ep_epoch4(NODE0)","7","--000-------------1-----------------1-","5","0","157","0300101020"
"494","forall NODE1,NODE0. ~locked_epoch2(NODE0) | ~transfer_epoch5(NODE1) | ep_epoch2(NODE0) | ep_epoch3(NODE0) | locked_epoch4(NODE0)","7","--00--------------1---0-------------1-","5","51","2","0200111020"
"495","forall NODE1,NODE2,NODE0. ~locked_epoch2(NODE0) | ~transfer_epoch5(NODE1) | ep_epoch2(NODE0) | ep_epoch3(NODE2) | locked_epoch3(NODE0) | ((NODE1 ~= NODE2 | NODE0 = NODE1) & (NODE0 ~= NODE1 | NODE0 = NODE2))","12","--0------0--------1-0---------------1-","9","231","6","0200111030"
"496","forall NODE1,NODE0. ~locked_epoch2(NODE0) | ~transfer_epoch5(NODE1) | ep_epoch2(NODE0) | ep_epoch4(NODE0) | locked_epoch3(NODE0)","7","--0-0-------------1-0---------------1-","5","51","2","0200111020"
"497","forall NODE1,NODE0. ~locked_epoch2(NODE0) | ~transfer_epoch5(NODE1) | ep_epoch2(NODE0) | locked_epoch3(NODE0) | locked_epoch4(NODE0)","7","--0---------------1-0-0-------------1-","5","0","157","0100121020"
"498","forall NODE1,NODE0. ~locked_epoch2(NODE0) | ep_epoch0(NODE1) | ep_epoch1(NODE1) | locked_epoch3(NODE0) | locked_epoch3(NODE1) | NODE0 = NODE1","8","------00----------1-00----------------","6","79","11","0200120020"
"499","forall NODE0. ~locked_epoch2(NODE0) | ep_epoch2(NODE0) | ep_epoch3(NODE0) | ep_epoch4(NODE0) | ep_epoch5(NODE0)","6","--0000------------1-------------------","5","0","157","0400100010"
"500","forall NODE0. ~locked_epoch2(NODE0) | ep_epoch2(NODE0) | ep_epoch3(NODE0) | ep_epoch4(NODE0) | held(NODE0)","6","--000-------0-----1-------------------","5","0","157","0301100010"
"501","forall NODE0. ~locked_epoch2(NODE0) | ep_epoch2(NODE0) | ep_epoch3(NODE0) | ep_epoch4(NODE0) | locked_epoch5(NODE0)","6","--000-------------1-----0-------------","5","30","3","0300110010"
"502","forall NODE1,NODE0. ~locked_epoch2(NODE0) | ep_epoch2(NODE0) | ep_epoch3(NODE0) | ep_epoch4(NODE1) | locked_epoch4(NODE0) | NODE0 = NODE1","8","--00------0-------1---0---------------","6","88","5","0300110020"
"503","forall NODE0. ~locked_epoch2(NODE0) | ep_epoch2(NODE0) | ep_epoch3(NODE0) | ep_epoch5(NODE0) | locked_epoch4(NODE0)","6","--00-0------------1---0---------------","5","30","3","0300110010"
"504","forall NODE0. ~locked_epoch2(NODE0) | ep_epoch2(NODE0) | ep_epoch3(NODE0) | held(NODE0) | locked_epoch4(NODE0)","6","--00--------0-----1---0---------------","5","27","2","0201110010"
"505","forall NODE1,NODE0. ~locked_epoch2(NODE0) | ep_epoch2(NODE0) | ep_epoch3(NODE0) | locked_epoch4(NODE0) | locked_epoch4(NODE1) | NODE0 = NODE1","8","--00--------------1---00--------------","6","79","11","0200120020"
"506","forall NODE0. ~locked_epoch2(NODE0) | ep_epoch2(NODE0) | ep_epoch3(NODE0) | locked_epoch4(NODE0) | locked_epoch5(NODE0)","6","--00--------------1---0-0-------------","5","26","3","0200120010"
"507","forall NODE0. ~locked_epoch2(NODE0) | ep_epoch2(NODE0) | ep_epoch4(NODE0) | ep_epoch5(NODE0) | locked_epoch3(NODE0)","6","--0-00------------1-0-----------------","5","30","3","0300110010"
"508","forall NODE0. ~locked_epoch2(NODE0) | ep_epoch2(NODE0) | ep_epoch4(NODE0) | held(NODE0) | locked_epoch3(NODE0)","6","--0-0-------0-----1-0-----------------","5","27","2","0201110010"
"509","forall NODE0. ~locked_epoch2(NODE0) | ep_epoch2(NODE0) | ep_epoch4(NODE0) | locked_epoch3(NODE0) | locked_epoch5(NODE0)","6","--0-0-------------1-0---0-------------","5","26","3","0200120010"
"510","forall NODE1,NODE0. ~locked_epoch2(NODE0) | ep_epoch2(NODE0) | ep_epoch4(NODE1) | locked_epoch3(NODE0) | locked_epoch4(NODE0) | NODE0 = NODE1","8","--0-------0-------1-0-0---------------","6","79","11","0200120020"
"511","forall NODE0. ~locked_epoch2(NODE0) | ep_epoch2(NODE0) | ep_epoch5(NODE0) | locked_epoch3(NODE0) | locked_epoch4(NODE0)","6","--0--0------------1-0-0---------------","5","26","3","0200120010"
"512","forall NODE0. ~locked_epoch2(NODE0) | ep_epoch2(NODE0) | held(NODE0) | locked_epoch3(NODE0) | locked_epoch4(NODE0)","6","--0---------0-----1-0-0---------------","5","0","157","0101120010"
"513","forall NODE1,NODE0. ~locked_epoch2(NODE0) | ep_epoch2(NODE0) | locked_epoch3(NODE0) | locked_epoch4(NODE0) | locked_epoch4(NODE1) | NODE0 = NODE1","8","--0---------------1-0-00--------------","6","71","5","0100130020"
"514","forall NODE0. ~locked_epoch2(NODE0) | ep_epoch2(NODE0) | locked_epoch3(NODE0) | locked_epoch4(NODE0) | locked_epoch5(NODE0)","6","--0---------------1-0-0-0-------------","5","0","157","0100130010"
"515","forall NODE1,NODE0. ~locked_epoch3(NODE0) | ~locked_epoch4(NODE0) | ~locked_epoch5(NODE0) | ep_epoch2(NODE1) | locked_epoch2(NODE0) | NODE0 = NODE1","8","--------0---------0-1-1-1-------------","6","73","4","0100310020"
"516","forall NODE1,NODE2,NODE0. ~locked_epoch3(NODE0) | ~locked_epoch4(NODE0) | ~transfer_epoch5(NODE1) | ep_epoch2(NODE2) | locked_epoch2(NODE0) | ((NODE0 ~= NODE1 | NODE0 = NODE2) & (NODE1 ~= NODE2 | NODE0 = NODE1))","12","--------0---------0-1-1-------------1-","9","226","3","0100211030"
"517","forall NODE1,NODE0. ~locked_epoch3(NODE0) | ~locked_epoch4(NODE0) | ep_epoch2(NODE1) | ep_epoch4(NODE0) | locked_epoch2(NODE0) | NODE0 = NODE1","8","----0---0---------0-1-1---------------","6","80","12","0200210020"
"518","forall NODE1,NODE0. ~locked_epoch3(NODE0) | ~locked_epoch4(NODE0) | ep_epoch2(NODE1) | ep_epoch5(NODE1) | locked_epoch2(NODE0) | NODE0 = NODE1","8","--------0--0------0-1-1---------------","6","80","12","0200210020"
"519","forall NODE1,NODE0. ~locked_epoch3(NODE0) | ~locked_epoch4(NODE0) | ep_epoch2(NODE1) | held(NODE1) | locked_epoch2(NODE0) | NODE0 = NODE1","8","--------0----0----0-1-1---------------","6","75","3","0101210020"
"520","forall NODE1,NODE0. ~locked_epoch3(NODE0) | ~locked_epoch4(NODE0) | ep_epoch2(NODE1) | locked_epoch2(NODE0) | locked_epoch5(NODE1) | NODE0 = NODE1","8","--------0---------0-1-1--0------------","6","72","7","0100220020"
"521","forall NODE1,NODE0. ~locked_epoch3(NODE0) | ~locked_epoch5(NODE0) | ep_epoch2(NODE1) | ep_epoch4(NODE1) | locked_epoch2(NODE0) | NODE0 = NODE1","8","--------0-0-------0-1---1-------------","6","80","12","0200210020"
"522","forall NODE1,NODE0. ~locked_epoch3(NODE0) | ~locked_epoch5(NODE0) | ep_epoch2(NODE1) | locked_epoch2(NODE0) | locked_epoch4(NODE1) | NODE0 = NODE1","8","--------0---------0-1--01-------------","6","72","7","0100220020"
"523","forall NODE1,NODE2,NODE0. ~locked_epoch3(NODE0) | ~transfer_epoch4(NODE1) | ep_epoch0(NODE2) | ep_epoch1(NODE2) | ep_epoch2(NODE2) | ((NODE1 ~= NODE2 | NODE0 = NODE1) & (NODE0 ~= NODE1 | NODE0 = NODE2))","12","------000-----------1-------------1---","9","239","3","0300101030"
"524","forall NODE1,NODE2,NODE0. ~locked_epoch3(NODE0) | ~transfer_epoch4(NODE1) | ep_epoch0(NODE2) | ep_epoch1(NODE2) | locked_epoch2(NODE2) | ((NODE1 ~= NODE2 | NODE0 = NODE1) & (NODE0 ~= NODE1 | NODE0 = NODE2))","12","------00-----------01-------------1---","9","231","6","0200111030"
"525","forall NODE1,NODE2,NODE0. ~locked_epoch3(NODE0) | ~transfer_epoch5(NODE1) | ep_epoch2(NODE2) | ep_epoch3(NODE0) | locked_epoch2(NODE0) | ((NODE0 ~= NODE1 | NODE0 = NODE2) & (NODE1 ~= NODE2 | NODE0 = NODE1))","12","---0----0---------0-1---------------1-","9","231","6","0200111030"
"526","forall NODE1,NODE2,NODE0. ~locked_epoch3(NODE0) | ~transfer_epoch5(NODE1) | ep_epoch2(NODE2) | ep_epoch4(NODE2) | locked_epoch2(NODE0) | ((NODE0 ~= NODE1 | NODE0 = NODE2) & (NODE1 ~= NODE2 | NODE0 = NODE1))","12","--------0-0-------0-1---------------1-","9","231","6","0200111030"
"527","forall NODE1,NODE2,NODE0. ~locked_epoch3(NODE0) | ~transfer_epoch5(NODE1) | ep_epoch2(NODE2) | locked_epoch2(NODE0) | locked_epoch4(NODE2) | ((NODE0 ~= NODE1 | NODE0 = NODE2) & (NODE1 ~= NODE2 | NODE0 = NODE1))","12","--------0---------0-1--0------------1-","9","225","2","0100121030"
"528","forall NODE1,NODE0. ~locked_epoch3(NODE0) | ep_epoch2(NODE1) | ep_epoch4(NODE0) | locked_epoch2(NODE0) | locked_epoch4(NODE1) | NODE0 = NODE1","8","----0---0---------0-1--0--------------","6","79","11","0200120020"
"529","forall NODE1,NODE0. ~locked_epoch3(NODE0) | ep_epoch2(NODE1) | ep_epoch4(NODE1) | ep_epoch5(NODE1) | locked_epoch2(NODE0) | NODE0 = NODE1","8","--------0-00------0-1-----------------","6","88","5","0300110020"
"530","forall NODE1,NODE0. ~locked_epoch3(NODE0) | ep_epoch2(NODE1) | ep_epoch4(NODE1) | held(NODE1) | locked_epoch2(NODE0) | NODE0 = NODE1","8","--------0-0--0----0-1-----------------","6","82","2","0201110020"
"531","forall NODE1,NODE0. ~locked_epoch3(NODE0) | ep_epoch2(NODE1) | ep_epoch4(NODE1) | locked_epoch2(NODE0) | locked_epoch5(NODE1) | NODE0 = NODE1","8","--------0-0-------0-1----0------------","6","79","11","0200120020"
"532","forall NODE1,NODE0. ~locked_epoch3(NODE0) | ep_epoch2(NODE1) | ep_epoch5(NODE1) | locked_epoch2(NODE0) | locked_epoch4(NODE1) | NODE0 = NODE1","8","--------0--0------0-1--0--------------","6","79","11","0200120020"
"533","forall NODE1,NODE0. ~locked_epoch3(NODE0) | ep_epoch2(NODE1) | held(NODE1) | locked_epoch2(NODE0) | locked_epoch4(NODE1) | NODE0 = NODE1","8","--------0----0----0-1--0--------------","6","74","2","0101120020"
"534","forall NODE1,NODE0. ~locked_epoch3(NODE0) | ep_epoch2(NODE1) | locked_epoch2(NODE0) | locked_epoch4(NODE0) | locked_epoch4(NODE1) | NODE0 = NODE1","8","--------0---------0-1-00--------------","6","71","5","0100130020"
"535","forall NODE1,NODE0. ~locked_epoch3(NODE0) | ep_epoch2(NODE1) | locked_epoch2(NODE0) | locked_epoch4(NODE1) | locked_epoch5(NODE1) | NODE0 = NODE1","8","--------0---------0-1--0-0------------","6","71","5","0100130020"
"536","forall NODE1,NODE0. ~locked_epoch4(NODE0) | ~locked_epoch5(NODE0) | ep_epoch2(NODE1) | ep_epoch3(NODE1) | locked_epoch2(NODE0) | NODE0 = NODE1","8","--------00--------0---1-1-------------","6","80","12","0200210020"
"537","forall NODE1,NODE0. ~locked_epoch4(NODE0) | ~locked_epoch5(NODE0) | ep_epoch2(NODE1) | locked_epoch2(NODE0) | locked_epoch3(NODE1) | NODE0 = NODE1","8","--------0---------0--01-1-------------","6","72","7","0100220020"
"538","forall NODE1,NODE2,NODE0. ~locked_epoch4(NODE0) | ~transfer_epoch5(NODE1) | ep_epoch2(NODE2) | ep_epoch3(NODE2) | locked_epoch2(NODE0) | ((NODE0 ~= NODE1 | NODE0 = NODE2) & (NODE1 ~= NODE2 | NODE0 = NODE1))","12","--------00--------0---1-------------1-","9","231","6","0200111030"
"539","forall NODE1,NODE2,NODE0. ~locked_epoch4(NODE0) | ~transfer_epoch5(NODE1) | ep_epoch2(NODE2) | locked_epoch2(NODE0) | locked_epoch3(NODE2) | ((NODE0 ~= NODE1 | NODE0 = NODE2) & (NODE1 ~= NODE2 | NODE0 = NODE1))","12","--------0---------0--01-------------1-","9","225","2","0100121030"
"540","forall NODE1,NODE0. ~locked_epoch4(NODE0) | ep_epoch2(NODE1) | ep_epoch3(NODE1) | ep_epoch4(NODE0) | locked_epoch2(NODE0) | NODE0 = NODE1","8","----0---00--------0---1---------------","6","88","5","0300110020"
"541","forall NODE1,NODE0. ~locked_epoch4(NODE0) | ep_epoch2(NODE1) | ep_epoch3(NODE1) | ep_epoch5(NODE1) | locked_epoch2(NODE0) | NODE0 = NODE1","8","--------00-0------0---1---------------","6","88","5","0300110020"
"542","forall NODE1,NODE0. ~locked_epoch4(NODE0) | ep_epoch2(NODE1) | ep_epoch3(NODE1) | held(NODE1) | locked_epoch2(NODE0) | NODE0 = NODE1","8","--------00---0----0---1---------------","6","82","2","0201110020"
"543","forall NODE1,NODE0. ~locked_epoch4(NODE0) | ep_epoch2(NODE1) | ep_epoch3(NODE1) | locked_epoch2(NODE0) | locked_epoch5(NODE1) | NODE0 = NODE1","8","--------00--------0---1--0------------","6","79","11","0200120020"
"544","forall NODE1,NODE0. ~locked_epoch4(NODE0) | ep_epoch2(NODE1) | ep_epoch4(NODE0) | locked_epoch2(NODE0) | locked_epoch3(NODE1) | NODE0 = NODE1","8","----0---0---------0--01---------------","6","79","11","0200120020"
"545","forall NODE1,NODE0. ~locked_epoch4(NODE0) | ep_epoch2(NODE1) | ep_epoch5(NODE1) | locked_epoch2(NODE0) | locked_epoch3(NODE1) | NODE0 = NODE1","8","--------0--0------0--01---------------","6","79","11","0200120020"
"546","forall NODE1,NODE0. ~locked_epoch4(NODE0) | ep_epoch2(NODE1) | held(NODE1) | locked_epoch2(NODE0) | locked_epoch3(NODE1) | NODE0 = NODE1","8","--------0----0----0--01---------------","6","74","2","0101120020"
"547","forall NODE1,NODE0. ~locked_epoch4(NODE0) | ep_epoch2(NODE1) | locked_epoch2(NODE0) | locked_epoch3(NODE1) | locked_epoch5(NODE1) | NODE0 = NODE1","8","--------0---------0--01--0------------","6","71","5","0100130020"
"548","forall NODE1,NODE0. ~locked_epoch4(NODE0) | ep_epoch5(NODE1) | held(NODE0) | transfer_epoch5(NODE0) | transfer_epoch5(NODE1) | NODE0 = NODE1","8","-----------00---------1-------------00","6","0","157","0101100220"
"549","forall NODE1,NODE0. ~locked_epoch4(NODE0) | held(NODE0) | held(NODE1) | transfer_epoch5(NODE0) | transfer_epoch5(NODE1) | NODE0 = NODE1","8","------------00--------1-------------00","6","0","157","0002100220"
"550","forall NODE1,NODE0. ~locked_epoch4(NODE0) | held(NODE0) | locked_epoch5(NODE1) | transfer_epoch5(NODE0) | transfer_epoch5(NODE1) | NODE0 = NODE1","8","------------0---------1--0----------00","6","0","157","0001110220"
"551","forall NODE1,NODE0. ~locked_epoch5(NODE0) | ep_epoch2(NODE1) | ep_epoch3(NODE1) | ep_epoch4(NODE1) | locked_epoch2(NODE0) | NODE0 = NODE1","8","--------000-------0-----1-------------","6","88","5","0300110020"
"552","forall NODE1,NODE0. ~locked_epoch5(NODE0) | ep_epoch2(NODE1) | ep_epoch3(NODE1) | locked_epoch2(NODE0) | locked_epoch4(NODE1) | NODE0 = NODE1","8","--------00--------0----01-------------","6","79","11","0200120020"
"553","forall NODE1,NODE0. ~locked_epoch5(NODE0) | ep_epoch2(NODE1) | ep_epoch4(NODE1) | locked_epoch2(NODE0) | locked_epoch3(NODE1) | NODE0 = NODE1","8","--------0-0-------0--0--1-------------","6","79","11","0200120020"
"554","forall NODE1,NODE0. ~locked_epoch5(NODE0) | ep_epoch2(NODE1) | locked_epoch2(NODE0) | locked_epoch3(NODE1) | locked_epoch4(NODE1) | NODE0 = NODE1","8","--------0---------0--0-01-------------","6","71","5","0100130020"
"555","forall NODE1,NODE0. ~transfer_epoch3(NODE0) | ep_epoch0(NODE0) | ep_epoch0(NODE1) | ep_epoch1(NODE0) | ep_epoch1(NODE1) | NODE0 = NODE1","8","00----00------------------------1-----","6","91","2","0400001020"
"556","forall NODE1,NODE0. ~transfer_epoch4(NODE0) | ep_epoch0(NODE1) | ep_epoch1(NODE1) | ep_epoch2(NODE1) | ep_epoch3(NODE1)","7","0000------------------------------1---","5","91","2","0400001020"
"557","forall NODE1,NODE0. ~transfer_epoch4(NODE0) | ep_epoch0(NODE1) | ep_epoch1(NODE1) | ep_epoch2(NODE1) | locked_epoch3(NODE1)","7","000-----------------0-------------1---","5","55","2","0300011020"
"558","forall NODE1,NODE2,NODE0. ~transfer_epoch4(NODE0) | ep_epoch0(NODE1) | ep_epoch1(NODE1) | ep_epoch2(NODE2) | locked_epoch2(NODE1) | ((NODE0 ~= NODE1 | NODE0 = NODE2) & (NODE0 ~= NODE2 | NODE0 = NODE1))","12","00------0---------0---------------1---","9","238","2","0300011030"
"559","forall NODE1,NODE0. ~transfer_epoch4(NODE0) | ep_epoch0(NODE1) | ep_epoch1(NODE1) | ep_epoch3(NODE1) | locked_epoch2(NODE1)","7","00-0--------------0---------------1---","5","55","2","0300011020"
"560","forall NODE1,NODE0. ~transfer_epoch4(NODE0) | ep_epoch0(NODE1) | ep_epoch1(NODE1) | locked_epoch2(NODE1) | locked_epoch3(NODE1)","7","00----------------0-0-------------1---","5","0","157","0200021020"
"561","forall NODE1,NODE2,NODE0. ~transfer_epoch5(NODE0) | ep_epoch2(NODE1) | ep_epoch3(NODE1) | ep_epoch4(NODE1) | locked_epoch2(NODE2) | ((NODE0 ~= NODE2 | NODE0 = NODE1) & (NODE0 ~= NODE1 | NODE0 = NODE2))","12","--000--------------0----------------1-","9","238","2","0300011030"
"562","forall NODE1,NODE2,NODE0. ~transfer_epoch5(NODE0) | ep_epoch2(NODE1) | ep_epoch3(NODE1) | locked_epoch2(NODE2) | locked_epoch4(NODE1) | ((NODE0 ~= NODE2 | NODE0 = NODE1) & (NODE0 ~= NODE1 | NODE0 = NODE2))","12","--00---------------0--0-------------1-","9","230","3","0200021030"
"563","forall NODE1,NODE2,NODE0. ~transfer_epoch5(NODE0) | ep_epoch2(NODE1) | ep_epoch3(NODE2) | locked_epoch2(NODE2) | locked_epoch3(NODE1) | ((NODE0 ~= NODE2 | NODE0 = NODE1) & (NODE0 ~= NODE1 | NODE0 = NODE2))","12","--0------0---------00---------------1-","9","230","3","0200021030"
"564","forall NODE1,NODE2,NODE0. ~transfer_epoch5(NODE0) | ep_epoch2(NODE1) | ep_epoch4(NODE1) | locked_epoch2(NODE2) | locked_epoch3(NODE1) | ((NODE0 ~= NODE2 | NODE0 = NODE1) & (NODE0 ~= NODE1 | NODE0 = NODE2))","12","--0-0--------------00---------------1-","9","230","3","0200021030"
"565","forall NODE1,NODE2,NODE0. ~transfer_epoch5(NODE0) | ep_epoch2(NODE1) | locked_epoch2(NODE2) | locked_epoch3(NODE1) | locked_epoch4(NODE1) | ((NODE0 ~= NODE2 | NODE0 = NODE1) & (NODE0 ~= NODE1 | NODE0 = NODE2))","12","--0----------------00-0-------------1-","9","0","157","0100031030"
"566","forall NODE1,NODE0. ep_epoch0(NODE0) | ep_epoch1(NODE0) | ep_epoch2(NODE0) | locked_epoch3(NODE0) | locked_epoch3(NODE1) | NODE0 = NODE1","8","000-----------------00----------------","6","0","157","0300020020"
"567","forall NODE1,NODE0. ep_epoch0(NODE0) | ep_epoch1(NODE0) | locked_epoch2(NODE0) | locked_epoch3(NODE0) | locked_epoch3(NODE1) | NODE0 = NODE1","8","00----------------0-00----------------","6","0","157","0200030020"
"568","forall NODE1,NODE0. ~ep_epoch0(NODE0) | ~locked_epoch2(NODE1) | held(NODE1) | locked_epoch3(NODE1) | transfer_epoch3(NODE0) | transfer_epoch3(NODE1) | NODE0 = NODE1","9","1------------0-----1-0----------00----","7","141","5","1001110220"
"569","forall NODE1,NODE0. ~ep_epoch0(NODE0) | ~locked_epoch3(NODE1) | ep_epoch3(NODE1) | held(NODE1) | transfer_epoch5(NODE0) | transfer_epoch5(NODE1) | NODE0 = NODE1","9","1--------0---0-------1--------------00","7","143","7","1101100220"
"570","forall NODE1,NODE0. ~ep_epoch0(NODE0) | ~locked_epoch3(NODE1) | ep_epoch4(NODE1) | held(NODE1) | transfer_epoch4(NODE0) | transfer_epoch4(NODE1) | NODE0 = NODE1","9","1---------0--0-------1------------00--","7","143","7","1101100220"
"571","forall NODE1,NODE0. ~ep_epoch0(NODE0) | ~locked_epoch3(NODE1) | held(NODE1) | locked_epoch4(NODE1) | transfer_epoch4(NODE0) | transfer_epoch4(NODE1) | NODE0 = NODE1","9","1------------0-------1-0----------00--","7","141","5","1001110220"
"572","forall NODE1,NODE0. ~ep_epoch0(NODE0) | ep_epoch1(NODE1) | ep_epoch2(NODE1) | ep_epoch3(NODE1) | ep_epoch4(NODE1) | ep_epoch5(NODE1) | NODE0 = NODE1","9","1------00000--------------------------","7","160","6","1500000020"
"573","forall NODE1,NODE0. ~ep_epoch0(NODE0) | ep_epoch1(NODE1) | ep_epoch2(NODE1) | ep_epoch3(NODE1) | ep_epoch4(NODE1) | held(NODE1) | NODE0 = NODE1","9","1------0000--0------------------------","7","158","5","1401000020"
"574","forall NODE1,NODE0. ~ep_epoch0(NODE0) | ep_epoch1(NODE1) | ep_epoch2(NODE1) | ep_epoch3(NODE1) | ep_epoch4(NODE1) | locked_epoch5(NODE1) | NODE0 = NODE1","9","1------0000--------------0------------","7","156","11","1400010020"
"575","forall NODE1,NODE0. ~ep_epoch0(NODE0) | ep_epoch1(NODE1) | held(NODE1) | locked_epoch3(NODE1) | transfer_epoch3(NODE0) | transfer_epoch3(NODE1) | NODE0 = NODE1","9","1------0-----0-------0----------00----","7","142","7","1101010220"
"576","forall NODE1,NODE0. ~ep_epoch0(NODE0) | ep_epoch2(NODE1) | held(NODE1) | locked_epoch3(NODE1) | transfer_epoch2(NODE0) | transfer_epoch2(NODE1) | NODE0 = NODE1","9","1-------0----0-------0--------00------","7","142","7","1101010220"
"577","forall NODE1,NODE0. ~ep_epoch1(NODE0) | ~held(NODE1) | ep_epoch2(NODE1) | ep_epoch3(NODE1) | ep_epoch4(NODE1) | ep_epoch5(NODE1) | NODE0 = NODE1","9","-1------0000-1------------------------","7","159","2","1410000020"
"578","forall NODE1,NODE0. ~ep_epoch1(NODE0) | ~held(NODE1) | ep_epoch2(NODE1) | ep_epoch3(NODE1) | ep_epoch4(NODE1) | locked_epoch5(NODE1) | NODE0 = NODE1","9","-1------000--1-----------0------------","7","154","3","1310010020"
"579","forall NODE1,NODE0. ~ep_epoch1(NODE0) | ~locked_epoch2(NODE1) | held(NODE1) | locked_epoch3(NODE1) | transfer_epoch3(NODE0) | transfer_epoch3(NODE1) | NODE0 = NODE1","9","-1-----------0-----1-0----------00----","7","141","5","1001110220"
"580","forall NODE1,NODE0. ~ep_epoch1(NODE0) | ~locked_epoch3(NODE1) | ep_epoch3(NODE1) | held(NODE1) | transfer_epoch5(NODE0) | transfer_epoch5(NODE1) | NODE0 = NODE1","9","-1-------0---0-------1--------------00","7","143","7","1101100220"
"581","forall NODE1,NODE0. ~ep_epoch1(NODE0) | ~locked_epoch3(NODE1) | ep_epoch4(NODE1) | held(NODE1) | transfer_epoch4(NODE0) | transfer_epoch4(NODE1) | NODE0 = NODE1","9","-1--------0--0-------1------------00--","7","143","7","1101100220"
"582","forall NODE1,NODE0. ~ep_epoch1(NODE0) | ~locked_epoch3(NODE1) | held(NODE1) | locked_epoch4(NODE1) | transfer_epoch4(NODE0) | transfer_epoch4(NODE1) | NODE0 = NODE1","9","-1-----------0-------1-0----------00--","7","141","5","1001110220"
"583","forall NODE1,NODE0. ~ep_epoch1(NODE0) | ep_epoch0(NODE1) | ep_epoch2(NODE1) | ep_epoch3(NODE1) | ep_epoch4(NODE1) | ep_epoch5(NODE1) | NODE0 = NODE1","9","-1----0-0000--------------------------","7","160","6","1500000020"
"584","forall NODE1,NODE0. ~ep_epoch1(NODE0) | ep_epoch0(NODE1) | ep_epoch2(NODE1) | ep_epoch3(NODE1) | ep_epoch4(NODE1) | held(NODE1) | NODE0 = NODE1","9","-1----0-000--0------------------------","7","158","5","1401000020"
"585","forall NODE1,NODE0. ~ep_epoch1(NODE0) | ep_epoch0(NODE1) | ep_epoch2(NODE1) | ep_epoch3(NODE1) | ep_epoch4(NODE1) | locked_epoch5(NODE1) | NODE0 = NODE1","9","-1----0-000--------------0------------","7","156","11","1400010020"
"586","forall NODE1,NODE0. ~ep_epoch1(NODE0) | ep_epoch0(NODE1) | held(NODE1) | locked_epoch3(NODE1) | transfer_epoch3(NODE0) | transfer_epoch3(NODE1) | NODE0 = NODE1","9","-1----0------0-------0----------00----","7","142","7","1101010220"
"587","forall NODE1,NODE0. ~ep_epoch1(NODE0) | ep_epoch2(NODE1) | held(NODE0) | locked_epoch3(NODE1) | transfer_epoch2(NODE0) | transfer_epoch2(NODE1) | NODE0 = NODE1","9","-1------0---0--------0--------00------","7","142","7","1101010220"
"588","forall NODE1,NODE0. ~ep_epoch2(NODE0) | ~locked_epoch3(NODE1) | ep_epoch3(NODE1) | held(NODE1) | transfer_epoch5(NODE0) | transfer_epoch5(NODE1) | NODE0 = NODE1","9","--1------0---0-------1--------------00","7","143","7","1101100220"
"589","forall NODE1,NODE0. ~ep_epoch2(NODE0) | ~locked_epoch3(NODE1) | ep_epoch4(NODE1) | held(NODE1) | transfer_epoch4(NODE0) | transfer_epoch4(NODE1) | NODE0 = NODE1","9","--1-------0--0-------1------------00--","7","143","7","1101100220"
"590","forall NODE1,NODE0. ~ep_epoch2(NODE0) | ~locked_epoch3(NODE1) | held(NODE1) | locked_epoch4(NODE1) | transfer_epoch4(NODE0) | transfer_epoch4(NODE1) | NODE0 = NODE1","9","--1----------0-------1-0----------00--","7","141","5","1001110220"
"591","forall NODE1,NODE0. ~ep_epoch2(NODE0) | ep_epoch0(NODE1) | ep_epoch1(NODE1) | ep_epoch3(NODE1) | ep_epoch4(NODE1) | ep_epoch5(NODE1) | NODE0 = NODE1","9","--1---00-000--------------------------","7","160","6","1500000020"
"592","forall NODE1,NODE0. ~ep_epoch2(NODE0) | ep_epoch0(NODE1) | ep_epoch1(NODE1) | ep_epoch3(NODE1) | ep_epoch4(NODE1) | held(NODE1) | NODE0 = NODE1","9","--1---00-00--0------------------------","7","158","5","1401000020"
"593","forall NODE1,NODE0. ~ep_epoch2(NODE0) | ep_epoch0(NODE1) | ep_epoch1(NODE1) | ep_epoch3(NODE1) | ep_epoch4(NODE1) | locked_epoch5(NODE1) | NODE0 = NODE1","9","--1---00-00--------------0------------","7","156","11","1400010020"
"594","forall NODE1,NODE0. ~ep_epoch2(NODE0) | ep_epoch3(NODE1) | held(NODE0) | locked_epoch4(NODE1) | transfer_epoch3(NODE0) | transfer_epoch3(NODE1) | NODE0 = NODE1","9","--1------0--0----------0--------00----","7","142","7","1101010220"
"595","forall NODE1,NODE0. ~ep_epoch3(NODE0) | ~locked_epoch2(NODE0) | ep_epoch0(NODE1) | ep_epoch1(NODE1) | ep_epoch4(NODE1) | ep_epoch5(NODE1) | NODE0 = NODE1","9","---1--00--00------1-------------------","7","157","6","1400100020"
"596","forall NODE1,NODE0. ~ep_epoch3(NODE0) | ~locked_epoch2(NODE0) | ep_epoch0(NODE1) | ep_epoch1(NODE1) | ep_epoch4(NODE1) | held(NODE1) | NODE0 = NODE1","9","---1--00--0--0----1-------------------","7","153","3","1301100020"
"597","forall NODE1,NODE0. ~ep_epoch3(NODE0) | ~locked_epoch2(NODE0) | ep_epoch0(NODE1) | ep_epoch1(NODE1) | ep_epoch4(NODE1) | locked_epoch5(NODE1) | NODE0 = NODE1","9","---1--00--0-------1------0------------","7","150","11","1300110020"
"598","forall NODE1,NODE0. ~ep_epoch3(NODE0) | ~locked_epoch2(NODE1) | ep_epoch2(NODE1) | held(NODE1) | transfer_epoch5(NODE0) | transfer_epoch5(NODE1) | NODE0 = NODE1","9","---1----0----0-----1----------------00","7","143","7","1101100220"
"599","forall NODE1,NODE0. ~ep_epoch3(NODE0) | ep_epoch0(NODE1) | ep_epoch1(NODE1) | ep_epoch2(NODE1) | ep_epoch4(NODE1) | ep_epoch5(NODE1) | NODE0 = NODE1","9","---1--000-00--------------------------","7","160","6","1500000020"
"600","forall NODE1,NODE0. ~ep_epoch3(NODE0) | ep_epoch0(NODE1) | ep_epoch1(NODE1) | ep_epoch2(NODE1) | ep_epoch4(NODE1) | held(NODE1) | NODE0 = NODE1","9","---1--000-0--0------------------------","7","158","5","1401000020"
"601","forall NODE1,NODE0. ~ep_epoch3(NODE0) | ep_epoch0(NODE1) | ep_epoch1(NODE1) | ep_epoch2(NODE1) | ep_epoch4(NODE1) | locked_epoch5(NODE1) | NODE0 = NODE1","9","---1--000-0--------------0------------","7","156","11","1400010020"
"602","forall NODE1,NODE0. ~ep_epoch3(NODE0) | ep_epoch0(NODE1) | ep_epoch1(NODE1) | ep_epoch4(NODE1) | ep_epoch5(NODE1) | locked_epoch2(NODE1) | NODE0 = NODE1","9","---1--00--00-------0------------------","7","156","11","1400010020"
"603","forall NODE1,NODE0. ~ep_epoch3(NODE0) | ep_epoch0(NODE1) | ep_epoch1(NODE1) | ep_epoch4(NODE1) | held(NODE1) | locked_epoch2(NODE1) | NODE0 = NODE1","9","---1--00--0--0-----0------------------","7","152","3","1301010020"
"604","forall NODE1,NODE0. ~ep_epoch3(NODE0) | ep_epoch0(NODE1) | ep_epoch1(NODE1) | ep_epoch4(NODE1) | locked_epoch2(NODE1) | locked_epoch5(NODE1) | NODE0 = NODE1","9","---1--00--0--------0-----0------------","7","149","7","1300020020"
"605","forall NODE1,NODE0. ~ep_epoch3(NODE0) | ep_epoch2(NODE1) | held(NODE1) | locked_epoch2(NODE0) | transfer_epoch5(NODE0) | transfer_epoch5(NODE1) | NODE0 = NODE1","9","---1----0----0----0-----------------00","7","142","7","1101010220"
"606","forall NODE1,NODE0. ~ep_epoch3(NODE0) | ep_epoch4(NODE1) | ep_epoch5(NODE1) | held(NODE0) | transfer_epoch4(NODE0) | transfer_epoch4(NODE1) | NODE0 = NODE1","9","---1------000---------------------00--","7","0","157","1201000220"
"607","forall NODE1,NODE0. ~ep_epoch3(NODE0) | ep_epoch4(NODE1) | held(NODE0) | held(NODE1) | transfer_epoch4(NODE0) | transfer_epoch4(NODE1) | NODE0 = NODE1","9","---1------0-00--------------------00--","7","0","157","1102000220"
"608","forall NODE1,NODE0. ~ep_epoch3(NODE0) | ep_epoch4(NODE1) | held(NODE0) | locked_epoch5(NODE1) | transfer_epoch4(NODE0) | transfer_epoch4(NODE1) | NODE0 = NODE1","9","---1------0-0------------0--------00--","7","142","7","1101010220"
"609","forall NODE1,NODE0. ~ep_epoch4(NODE0) | ~held(NODE0) | ~locked_epoch2(NODE0) | ~locked_epoch3(NODE0) | ep_epoch0(NODE1) | ep_epoch1(NODE1) | NODE0 = NODE1","9","----1-00----1-----1-1-----------------","7","0","157","1210200020"
"610","forall NODE1,NODE0. ~ep_epoch4(NODE0) | ~held(NODE0) | ~locked_epoch2(NODE0) | ep_epoch0(NODE1) | ep_epoch1(NODE1) | ep_epoch3(NODE1) | NODE0 = NODE1","9","----1-00-0--1-----1-------------------","7","155","2","1310100020"
"611","forall NODE1,NODE0. ~ep_epoch4(NODE0) | ~held(NODE0) | ~locked_epoch2(NODE0) | ep_epoch0(NODE1) | ep_epoch1(NODE1) | locked_epoch3(NODE1) | NODE0 = NODE1","9","----1-00----1-----1--0----------------","7","148","2","1210110020"
"612","forall NODE1,NODE0. ~ep_epoch4(NODE0) | ~held(NODE0) | ~locked_epoch3(NODE0) | ep_epoch0(NODE1) | ep_epoch1(NODE1) | ep_epoch2(NODE1) | NODE0 = NODE1","9","----1-000---1-------1-----------------","7","155","2","1310100020"
"613","forall NODE1,NODE0. ~ep_epoch4(NODE0) | ~held(NODE0) | ~locked_epoch3(NODE0) | ep_epoch0(NODE1) | ep_epoch1(NODE1) | locked_epoch2(NODE1) | NODE0 = NODE1","9","----1-00----1------01-----------------","7","148","2","1210110020"
"614","forall NODE1,NODE0. ~ep_epoch4(NODE0) | ~held(NODE0) | ep_epoch0(NODE1) | ep_epoch1(NODE1) | ep_epoch2(NODE1) | ep_epoch3(NODE1) | NODE0 = NODE1","9","----1-0000--1-------------------------","7","159","2","1410000020"
"615","forall NODE1,NODE0. ~ep_epoch4(NODE0) | ~held(NODE0) | ep_epoch0(NODE1) | ep_epoch1(NODE1) | ep_epoch2(NODE1) | locked_epoch3(NODE1) | NODE0 = NODE1","9","----1-000---1--------0----------------","7","154","3","1310010020"
"616","forall NODE1,NODE0. ~ep_epoch4(NODE0) | ~held(NODE0) | ep_epoch0(NODE1) | ep_epoch1(NODE1) | ep_epoch3(NODE1) | locked_epoch2(NODE1) | NODE0 = NODE1","9","----1-00-0--1------0------------------","7","154","3","1310010020"
"617","forall NODE1,NODE0. ~ep_epoch4(NODE0) | ~held(NODE0) | ep_epoch0(NODE1) | ep_epoch1(NODE1) | locked_epoch2(NODE1) | locked_epoch3(NODE1) | NODE0 = NODE1","9","----1-00----1------0-0----------------","7","0","157","1210020020"
"618","forall NODE1,NODE2,NODE0. ~ep_epoch4(NODE0) | ~locked_epoch2(NODE0) | ~locked_epoch3(NODE0) | ~transfer_epoch5(NODE1) | ep_epoch0(NODE2) | ep_epoch1(NODE2) | ((NODE1 ~= NODE2 | NODE0 = NODE1) & (NODE0 ~= NODE1 | NODE0 = NODE2))","13","----1-00----------1-1---------------1-","10","0","157","1200201030"
"619","forall NODE1,NODE0. ~ep_epoch4(NODE0) | ~locked_epoch2(NODE0) | ~locked_epoch3(NODE0) | ep_epoch0(NODE1) | ep_epoch1(NODE1) | ep_epoch5(NODE1) | NODE0 = NODE1","9","----1-00---0------1-1-----------------","7","151","4","1300200020"
"620","forall NODE1,NODE0. ~ep_epoch4(NODE0) | ~locked_epoch2(NODE0) | ~locked_epoch3(NODE0) | ep_epoch0(NODE1) | ep_epoch1(NODE1) | held(NODE1) | NODE0 = NODE1","9","----1-00-----0----1-1-----------------","7","0","157","1201200020"
"621","forall NODE1,NODE0. ~ep_epoch4(NODE0) | ~locked_epoch2(NODE0) | ~locked_epoch3(NODE0) | ep_epoch0(NODE1) | ep_epoch1(NODE1) | locked_epoch5(NODE1) | NODE0 = NODE1","9","----1-00----------1-1----0------------","7","146","4","1200210020"
"622","forall NODE1,NODE2,NODE0. ~ep_epoch4(NODE0) | ~locked_epoch2(NODE0) | ~transfer_epoch5(NODE1) | ep_epoch0(NODE2) | ep_epoch1(NODE2) | ep_epoch3(NODE2) | ((NODE1 ~= NODE2 | NODE0 = NODE1) & (NODE0 ~= NODE1 | NODE0 = NODE2))","13","----1-00-0--------1-----------------1-","10","286","2","1300101030"
"623","forall NODE1,NODE2,NODE0. ~ep_epoch4(NODE0) | ~locked_epoch2(NODE0) | ~transfer_epoch5(NODE1) | ep_epoch0(NODE2) | ep_epoch1(NODE2) | locked_epoch3(NODE2) | ((NODE1 ~= NODE2 | NODE0 = NODE1) & (NODE0 ~= NODE1 | NODE0 = NODE2))","13","----1-00----------1--0--------------1-","10","284","2","1200111030"
"624","forall NODE1,NODE0. ~ep_epoch4(NODE0) | ~locked_epoch2(NODE0) | ep_epoch0(NODE1) | ep_epoch1(NODE1) | ep_epoch3(NODE1) | ep_epoch5(NODE1) | NODE0 = NODE1","9","----1-00-0-0------1-------------------","7","157","6","1400100020"
"625","forall NODE1,NODE0. ~ep_epoch4(NODE0) | ~locked_epoch2(NODE0) | ep_epoch0(NODE1) | ep_epoch1(NODE1) | ep_epoch3(NODE1) | held(NODE1) | NODE0 = NODE1","9","----1-00-0---0----1-------------------","7","153","3","1301100020"
"626","forall NODE1,NODE0. ~ep_epoch4(NODE0) | ~locked_epoch2(NODE0) | ep_epoch0(NODE1) | ep_epoch1(NODE1) | ep_epoch3(NODE1) | locked_epoch5(NODE1) | NODE0 = NODE1","9","----1-00-0--------1------0------------","7","150","11","1300110020"
"627","forall NODE1,NODE0. ~ep_epoch4(NODE0) | ~locked_epoch2(NODE0) | ep_epoch0(NODE1) | ep_epoch1(NODE1) | ep_epoch5(NODE1) | locked_epoch3(NODE1) | NODE0 = NODE1","9","----1-00---0------1--0----------------","7","150","11","1300110020"
"628","forall NODE1,NODE0. ~ep_epoch4(NODE0) | ~locked_epoch2(NODE0) | ep_epoch0(NODE1) | ep_epoch1(NODE1) | held(NODE1) | locked_epoch3(NODE1) | NODE0 = NODE1","9","----1-00-----0----1--0----------------","7","147","2","1201110020"
"629","forall NODE1,NODE0. ~ep_epoch4(NODE0) | ~locked_epoch2(NODE0) | ep_epoch0(NODE1) | ep_epoch1(NODE1) | locked_epoch3(NODE1) | locked_epoch5(NODE1) | NODE0 = NODE1","9","----1-00----------1--0---0------------","7","145","5","1200120020"
"630","forall NODE1,NODE2,NODE0. ~ep_epoch4(NODE0) | ~locked_epoch3(NODE0) | ~transfer_epoch5(NODE1) | ep_epoch0(NODE2) | ep_epoch1(NODE2) | ep_epoch2(NODE2) | ((NODE1 ~= NODE2 | NODE0 = NODE1) & (NODE0 ~= NODE1 | NODE0 = NODE2))","13","----1-000-----------1---------------1-","10","286","2","1300101030"
"631","forall NODE1,NODE2,NODE0. ~ep_epoch4(NODE0) | ~locked_epoch3(NODE0) | ~transfer_epoch5(NODE1) | ep_epoch0(NODE2) | ep_epoch1(NODE2) | locked_epoch2(NODE2) | ((NODE1 ~= NODE2 | NODE0 = NODE1) & (NODE0 ~= NODE1 | NODE0 = NODE2))","13","----1-00-----------01---------------1-","10","284","2","1200111030"
"632","forall NODE1,NODE0. ~ep_epoch4(NODE0) | ~locked_epoch3(NODE0) | ep_epoch0(NODE1) | ep_epoch1(NODE1) | ep_epoch2(NODE1) | ep_epoch5(NODE1) | NODE0 = NODE1","9","----1-000--0--------1-----------------","7","157","6","1400100020"
"633","forall NODE1,NODE0. ~ep_epoch4(NODE0) | ~locked_epoch3(NODE0) | ep_epoch0(NODE1) | ep_epoch1(NODE1) | ep_epoch2(NODE1) | held(NODE1) | NODE0 = NODE1","9","----1-000----0------1-----------------","7","153","3","1301100020"
"634","forall NODE1,NODE0. ~ep_epoch4(NODE0) | ~locked_epoch3(NODE0) | ep_epoch0(NODE1) | ep_epoch1(NODE1) | ep_epoch2(NODE1) | locked_epoch5(NODE1) | NODE0 = NODE1","9","----1-000-----------1----0------------","7","150","11","1300110020"
"635","forall NODE1,NODE0. ~ep_epoch4(NODE0) | ~locked_epoch3(NODE0) | ep_epoch0(NODE1) | ep_epoch1(NODE1) | ep_epoch5(NODE1) | locked_epoch2(NODE1) | NODE0 = NODE1","9","----1-00---0-------01-----------------","7","150","11","1300110020"
"636","forall NODE1,NODE0. ~ep_epoch4(NODE0) | ~locked_epoch3(NODE0) | ep_epoch0(NODE1) | ep_epoch1(NODE1) | held(NODE1) | locked_epoch2(NODE1) | NODE0 = NODE1","9","----1-00-----0-----01-----------------","7","147","2","1201110020"
"637","forall NODE1,NODE0. ~ep_epoch4(NODE0) | ~locked_epoch3(NODE0) | ep_epoch0(NODE1) | ep_epoch1(NODE1) | locked_epoch2(NODE1) | locked_epoch5(NODE1) | NODE0 = NODE1","9","----1-00-----------01----0------------","7","145","5","1200120020"
"638","forall NODE1,NODE2,NODE0. ~ep_epoch4(NODE0) | ~transfer_epoch5(NODE1) | ep_epoch0(NODE2) | ep_epoch1(NODE2) | ep_epoch2(NODE2) | ep_epoch3(NODE2) | ((NODE1 ~= NODE2 | NODE0 = NODE1) & (NODE0 ~= NODE1 | NODE0 = NODE2))","13","----1-0000--------------------------1-","10","0","157","1400001030"
"639","forall NODE1,NODE2,NODE0. ~ep_epoch4(NODE0) | ~transfer_epoch5(NODE1) | ep_epoch0(NODE2) | ep_epoch1(NODE2) | ep_epoch2(NODE2) | locked_epoch3(NODE2) | ((NODE1 ~= NODE2 | NODE0 = NODE1) & (NODE0 ~= NODE1 | NODE0 = NODE2))","13","----1-000------------0--------------1-","10","285","2","1300011030"
"640","forall NODE1,NODE2,NODE0. ~ep_epoch4(NODE0) | ~transfer_epoch5(NODE1) | ep_epoch0(NODE2) | ep_epoch1(NODE2) | ep_epoch3(NODE2) | locked_epoch2(NODE2) | ((NODE1 ~= NODE2 | NODE0 = NODE1) & (NODE0 ~= NODE1 | NODE0 = NODE2))","13","----1-00-0---------0----------------1-","10","285","2","1300011030"
"641","forall NODE1,NODE2,NODE0. ~ep_epoch4(NODE0) | ~transfer_epoch5(NODE1) | ep_epoch0(NODE2) | ep_epoch1(NODE2) | locked_epoch2(NODE2) | locked_epoch3(NODE2) | ((NODE1 ~= NODE2 | NODE0 = NODE1) & (NODE0 ~= NODE1 | NODE0 = NODE2))","13","----1-00-----------0-0--------------1-","10","0","157","1200021030"
"642","forall NODE1,NODE0. ~ep_epoch4(NODE0) | ep_epoch0(NODE1) | ep_epoch1(NODE1) | ep_epoch2(NODE1) | ep_epoch3(NODE1) | ep_epoch5(NODE1) | NODE0 = NODE1","9","----1-0000-0--------------------------","7","160","6","1500000020"
"643","forall NODE1,NODE0. ~ep_epoch4(NODE0) | ep_epoch0(NODE1) | ep_epoch1(NODE1) | ep_epoch2(NODE1) | ep_epoch3(NODE1) | held(NODE1) | NODE0 = NODE1","9","----1-0000---0------------------------","7","158","5","1401000020"
"644","forall NODE1,NODE0. ~ep_epoch4(NODE0) | ep_epoch0(NODE1) | ep_epoch1(NODE1) | ep_epoch2(NODE1) | ep_epoch3(NODE1) | locked_epoch5(NODE1) | NODE0 = NODE1","9","----1-0000---------------0------------","7","156","11","1400010020"
"645","forall NODE1,NODE0. ~ep_epoch4(NODE0) | ep_epoch0(NODE1) | ep_epoch1(NODE1) | ep_epoch2(NODE1) | ep_epoch5(NODE1) | locked_epoch3(NODE1) | NODE0 = NODE1","9","----1-000--0---------0----------------","7","156","11","1400010020"
"646","forall NODE1,NODE0. ~ep_epoch4(NODE0) | ep_epoch0(NODE1) | ep_epoch1(NODE1) | ep_epoch2(NODE1) | held(NODE1) | locked_epoch3(NODE1) | NODE0 = NODE1","9","----1-000----0-------0----------------","7","152","3","1301010020"
"647","forall NODE1,NODE0. ~ep_epoch4(NODE0) | ep_epoch0(NODE1) | ep_epoch1(NODE1) | ep_epoch2(NODE1) | locked_epoch3(NODE1) | locked_epoch5(NODE1) | NODE0 = NODE1","9","----1-000------------0---0------------","7","149","7","1300020020"
"648","forall NODE1,NODE0. ~ep_epoch4(NODE0) | ep_epoch0(NODE1) | ep_epoch1(NODE1) | ep_epoch3(NODE1) | ep_epoch5(NODE1) | locked_epoch2(NODE1) | NODE0 = NODE1","9","----1-00-0-0-------0------------------","7","156","11","1400010020"
"649","forall NODE1,NODE0. ~ep_epoch4(NODE0) | ep_epoch0(NODE1) | ep_epoch1(NODE1) | ep_epoch3(NODE1) | held(NODE1) | locked_epoch2(NODE1) | NODE0 = NODE1","9","----1-00-0---0-----0------------------","7","152","3","1301010020"
"650","forall NODE1,NODE0. ~ep_epoch4(NODE0) | ep_epoch0(NODE1) | ep_epoch1(NODE1) | ep_epoch3(NODE1) | locked_epoch2(NODE1) | locked_epoch5(NODE1) | NODE0 = NODE1","9","----1-00-0---------0-----0------------","7","149","7","1300020020"
"651","forall NODE1,NODE0. ~ep_epoch4(NODE0) | ep_epoch0(NODE1) | ep_epoch1(NODE1) | ep_epoch5(NODE1) | locked_epoch2(NODE1) | locked_epoch3(NODE1) | NODE0 = NODE1","9","----1-00---0-------0-0----------------","7","149","7","1300020020"
"652","forall NODE1,NODE0. ~ep_epoch4(NODE0) | ep_epoch0(NODE1) | ep_epoch1(NODE1) | held(NODE1) | locked_epoch2(NODE1) | locked_epoch3(NODE1) | NODE0 = NODE1","9","----1-00-----0-----0-0----------------","7","0","157","1201020020"
"653","forall NODE1,NODE0. ~ep_epoch4(NODE0) | ep_epoch0(NODE1) | ep_epoch1(NODE1) | locked_epoch2(NODE1) | locked_epoch3(NODE1) | locked_epoch5(NODE1) | NODE0 = NODE1","9","----1-00-----------0-0---0------------","7","144","2","1200030020"
"654","forall NODE1,NODE0. ~ep_epoch5(NODE0) | ~locked_epoch2(NODE0) | ~locked_epoch3(NODE0) | ~locked_epoch4(NODE0) | ep_epoch0(NODE1) | ep_epoch1(NODE1) | NODE0 = NODE1","9","-----100----------1-1-1---------------","7","0","157","1200300020"
"655","forall NODE1,NODE0. ~ep_epoch5(NODE0) | ~locked_epoch2(NODE0) | ~locked_epoch3(NODE0) | ep_epoch0(NODE1) | ep_epoch1(NODE1) | ep_epoch4(NODE1) | NODE0 = NODE1","9","-----100--0-------1-1-----------------","7","151","4","1300200020"
"656","forall NODE1,NODE0. ~ep_epoch5(NODE0) | ~locked_epoch2(NODE0) | ~locked_epoch3(NODE0) | ep_epoch0(NODE1) | ep_epoch1(NODE1) | locked_epoch4(NODE1) | NODE0 = NODE1","9","-----100----------1-1--0--------------","7","146","4","1200210020"
"657","forall NODE1,NODE0. ~ep_epoch5(NODE0) | ~locked_epoch2(NODE0) | ~locked_epoch4(NODE0) | ep_epoch0(NODE1) | ep_epoch1(NODE1) | ep_epoch3(NODE1) | NODE0 = NODE1","9","-----100-0--------1---1---------------","7","151","4","1300200020"
"658","forall NODE1,NODE0. ~ep_epoch5(NODE0) | ~locked_epoch2(NODE0) | ~locked_epoch4(NODE0) | ep_epoch0(NODE1) | ep_epoch1(NODE1) | locked_epoch3(NODE1) | NODE0 = NODE1","9","-----100----------1--01---------------","7","146","4","1200210020"
"659","forall NODE1,NODE0. ~ep_epoch5(NODE0) | ~locked_epoch2(NODE0) | ep_epoch0(NODE1) | ep_epoch1(NODE1) | ep_epoch3(NODE1) | ep_epoch4(NODE1) | NODE0 = NODE1","9","-----100-00-------1-------------------","7","157","6","1400100020"
"660","forall NODE1,NODE0. ~ep_epoch5(NODE0) | ~locked_epoch2(NODE0) | ep_epoch0(NODE1) | ep_epoch1(NODE1) | ep_epoch3(NODE1) | locked_epoch4(NODE1) | NODE0 = NODE1","9","-----100-0--------1----0--------------","7","150","11","1300110020"
"661","forall NODE1,NODE0. ~ep_epoch5(NODE0) | ~locked_epoch2(NODE0) | ep_epoch0(NODE1) | ep_epoch1(NODE1) | ep_epoch4(NODE1) | locked_epoch3(NODE1) | NODE0 = NODE1","9","-----100--0-------1--0----------------","7","150","11","1300110020"
"662","forall NODE1,NODE0. ~ep_epoch5(NODE0) | ~locked_epoch2(NODE0) | ep_epoch0(NODE1) | ep_epoch1(NODE1) | locked_epoch3(NODE1) | locked_epoch4(NODE1) | NODE0 = NODE1","9","-----100----------1--0-0--------------","7","145","5","1200120020"
"663","forall NODE1,NODE0. ~ep_epoch5(NODE0) | ~locked_epoch3(NODE0) | ~locked_epoch4(NODE0) | ep_epoch0(NODE1) | ep_epoch1(NODE1) | ep_epoch2(NODE1) | NODE0 = NODE1","9","-----1000-----------1-1---------------","7","151","4","1300200020"
"664","forall NODE1,NODE0. ~ep_epoch5(NODE0) | ~locked_epoch3(NODE0) | ~locked_epoch4(NODE0) | ep_epoch0(NODE1) | ep_epoch1(NODE1) | locked_epoch2(NODE1) | NODE0 = NODE1","9","-----100-----------01-1---------------","7","146","4","1200210020"
"665","forall NODE1,NODE0. ~ep_epoch5(NODE0) | ~locked_epoch3(NODE0) | ep_epoch0(NODE1) | ep_epoch1(NODE1) | ep_epoch2(NODE1) | ep_epoch4(NODE1) | NODE0 = NODE1","9","-----1000-0---------1-----------------","7","157","6","1400100020"
"666","forall NODE1,NODE0. ~ep_epoch5(NODE0) | ~locked_epoch3(NODE0) | ep_epoch0(NODE1) | ep_epoch1(NODE1) | ep_epoch2(NODE1) | locked_epoch4(NODE1) | NODE0 = NODE1","9","-----1000-----------1--0--------------","7","150","11","1300110020"
"667","forall NODE1,NODE0. ~ep_epoch5(NODE0) | ~locked_epoch3(NODE0) | ep_epoch0(NODE1) | ep_epoch1(NODE1) | ep_epoch4(NODE1) | locked_epoch2(NODE1) | NODE0 = NODE1","9","-----100--0--------01-----------------","7","150","11","1300110020"
"668","forall NODE1,NODE0. ~ep_epoch5(NODE0) | ~locked_epoch3(NODE0) | ep_epoch0(NODE1) | ep_epoch1(NODE1) | locked_epoch2(NODE1) | locked_epoch4(NODE1) | NODE0 = NODE1","9","-----100-----------01--0--------------","7","145","5","1200120020"
"669","forall NODE1,NODE0. ~ep_epoch5(NODE0) | ~locked_epoch4(NODE0) | ep_epoch0(NODE1) | ep_epoch1(NODE1) | ep_epoch2(NODE1) | ep_epoch3(NODE1) | NODE0 = NODE1","9","-----10000------------1---------------","7","157","6","1400100020"
"670","forall NODE1,NODE0. ~ep_epoch5(NODE0) | ~locked_epoch4(NODE0) | ep_epoch0(NODE1) | ep_epoch1(NODE1) | ep_epoch2(NODE1) | locked_epoch3(NODE1) | NODE0 = NODE1","9","-----1000------------01---------------","7","150","11","1300110020"
"671","forall NODE1,NODE0. ~ep_epoch5(NODE0) | ~locked_epoch4(NODE0) | ep_epoch0(NODE1) | ep_epoch1(NODE1) | ep_epoch3(NODE1) | locked_epoch2(NODE1) | NODE0 = NODE1","9","-----100-0---------0--1---------------","7","150","11","1300110020"
"672","forall NODE1,NODE0. ~ep_epoch5(NODE0) | ~locked_epoch4(NODE0) | ep_epoch0(NODE1) | ep_epoch1(NODE1) | locked_epoch2(NODE1) | locked_epoch3(NODE1) | NODE0 = NODE1","9","-----100-----------0-01---------------","7","145","5","1200120020"
"673","forall NODE1,NODE0. ~ep_epoch5(NODE0) | ep_epoch0(NODE1) | ep_epoch1(NODE1) | ep_epoch2(NODE1) | ep_epoch3(NODE1) | ep_epoch4(NODE1) | NODE0 = NODE1","9","-----100000---------------------------","7","160","6","1500000020"
"674","forall NODE1,NODE0. ~ep_epoch5(NODE0) | ep_epoch0(NODE1) | ep_epoch1(NODE1) | ep_epoch2(NODE1) | ep_epoch3(NODE1) | locked_epoch4(NODE1) | NODE0 = NODE1","9","-----10000-------------0--------------","7","156","11","1400010020"
"675","forall NODE1,NODE0. ~ep_epoch5(NODE0) | ep_epoch0(NODE1) | ep_epoch1(NODE1) | ep_epoch2(NODE1) | ep_epoch4(NODE1) | locked_epoch3(NODE1) | NODE0 = NODE1","9","-----1000-0----------0----------------","7","156","11","1400010020"
"676","forall NODE1,NODE0. ~ep_epoch5(NODE0) | ep_epoch0(NODE1) | ep_epoch1(NODE1) | ep_epoch2(NODE1) | locked_epoch3(NODE1) | locked_epoch4(NODE1) | NODE0 = NODE1","9","-----1000------------0-0--------------","7","149","7","1300020020"
"677","forall NODE1,NODE0. ~ep_epoch5(NODE0) | ep_epoch0(NODE1) | ep_epoch1(NODE1) | ep_epoch3(NODE1) | ep_epoch4(NODE1) | locked_epoch2(NODE1) | NODE0 = NODE1","9","-----100-00--------0------------------","7","156","11","1400010020"
"678","forall NODE1,NODE0. ~ep_epoch5(NODE0) | ep_epoch0(NODE1) | ep_epoch1(NODE1) | ep_epoch3(NODE1) | locked_epoch2(NODE1) | locked_epoch4(NODE1) | NODE0 = NODE1","9","-----100-0---------0---0--------------","7","149","7","1300020020"
"679","forall NODE1,NODE0. ~ep_epoch5(NODE0) | ep_epoch0(NODE1) | ep_epoch1(NODE1) | ep_epoch4(NODE1) | locked_epoch2(NODE1) | locked_epoch3(NODE1) | NODE0 = NODE1","9","-----100--0--------0-0----------------","7","149","7","1300020020"
"680","forall NODE1,NODE0. ~ep_epoch5(NODE0) | ep_epoch0(NODE1) | ep_epoch1(NODE1) | locked_epoch2(NODE1) | locked_epoch3(NODE1) | locked_epoch4(NODE1) | NODE0 = NODE1","9","-----100-----------0-0-0--------------","7","144","2","1200030020"
"681","forall NODE1,NODE0. ~held(NODE0) | ~locked_epoch2(NODE0) | ~locked_epoch3(NODE0) | ~locked_epoch4(NODE0) | ep_epoch0(NODE1) | ep_epoch1(NODE1) | NODE0 = NODE1","9","------00----1-----1-1-1---------------","7","0","157","0210300020"
"682","forall NODE1,NODE0. ~held(NODE0) | ~locked_epoch2(NODE0) | ~locked_epoch3(NODE0) | ep_epoch0(NODE1) | ep_epoch1(NODE1) | ep_epoch4(NODE1) | NODE0 = NODE1","9","------00--0-1-----1-1-----------------","7","132","4","0310200020"
"683","forall NODE1,NODE0. ~held(NODE0) | ~locked_epoch2(NODE0) | ~locked_epoch3(NODE0) | ep_epoch0(NODE1) | ep_epoch1(NODE1) | ep_epoch5(NODE0) | NODE0 = NODE1","9","-----000----1-----1-1-----------------","7","132","4","0310200020"
"684","forall NODE1,NODE0. ~held(NODE0) | ~locked_epoch2(NODE0) | ~locked_epoch3(NODE0) | ep_epoch0(NODE1) | ep_epoch1(NODE1) | locked_epoch4(NODE1) | NODE0 = NODE1","9","------00----1-----1-1--0--------------","7","123","4","0210210020"
"685","forall NODE1,NODE0. ~held(NODE0) | ~locked_epoch2(NODE0) | ~locked_epoch3(NODE0) | ep_epoch0(NODE1) | ep_epoch1(NODE1) | locked_epoch5(NODE0) | NODE0 = NODE1","9","------00----1-----1-1---0-------------","7","123","4","0210210020"
"686","forall NODE1,NODE0. ~held(NODE0) | ~locked_epoch2(NODE0) | ~locked_epoch4(NODE0) | ep_epoch0(NODE1) | ep_epoch1(NODE1) | ep_epoch3(NODE1) | NODE0 = NODE1","9","------00-0--1-----1---1---------------","7","132","4","0310200020"
"687","forall NODE1,NODE0. ~held(NODE0) | ~locked_epoch2(NODE0) | ~locked_epoch4(NODE0) | ep_epoch0(NODE1) | ep_epoch1(NODE1) | locked_epoch3(NODE1) | NODE0 = NODE1","9","------00----1-----1--01---------------","7","123","4","0210210020"
"688","forall NODE1,NODE0. ~held(NODE0) | ~locked_epoch2(NODE0) | ep_epoch0(NODE1) | ep_epoch1(NODE1) | ep_epoch3(NODE1) | ep_epoch4(NODE1) | NODE0 = NODE1","9","------00-00-1-----1-------------------","7","138","6","0410100020"
"689","forall NODE1,NODE0. ~held(NODE0) | ~locked_epoch2(NODE0) | ep_epoch0(NODE1) | ep_epoch1(NODE1) | ep_epoch3(NODE1) | ep_epoch5(NODE0) | NODE0 = NODE1","9","-----000-0--1-----1-------------------","7","138","6","0410100020"
"690","forall NODE1,NODE0. ~held(NODE0) | ~locked_epoch2(NODE0) | ep_epoch0(NODE1) | ep_epoch1(NODE1) | ep_epoch3(NODE1) | locked_epoch4(NODE1) | NODE0 = NODE1","9","------00-0--1-----1----0--------------","7","131","15","0310110020"
"691","forall NODE1,NODE0. ~held(NODE0) | ~locked_epoch2(NODE0) | ep_epoch0(NODE1) | ep_epoch1(NODE1) | ep_epoch3(NODE1) | locked_epoch5(NODE0) | NODE0 = NODE1","9","------00-0--1-----1-----0-------------","7","131","15","0310110020"
"692","forall NODE1,NODE0. ~held(NODE0) | ~locked_epoch2(NODE0) | ep_epoch0(NODE1) | ep_epoch1(NODE1) | ep_epoch4(NODE0) | ep_epoch5(NODE0) | NODE0 = NODE1","9","----0000----1-----1-------------------","7","138","6","0410100020"
"693","forall NODE1,NODE0. ~held(NODE0) | ~locked_epoch2(NODE0) | ep_epoch0(NODE1) | ep_epoch1(NODE1) | ep_epoch4(NODE0) | locked_epoch5(NODE0) | NODE0 = NODE1","9","----0-00----1-----1-----0-------------","7","131","15","0310110020"
"694","forall NODE1,NODE0. ~held(NODE0) | ~locked_epoch2(NODE0) | ep_epoch0(NODE1) | ep_epoch1(NODE1) | ep_epoch4(NODE1) | locked_epoch3(NODE1) | NODE0 = NODE1","9","------00--0-1-----1--0----------------","7","131","15","0310110020"
"695","forall NODE1,NODE0. ~held(NODE0) | ~locked_epoch2(NODE0) | ep_epoch0(NODE1) | ep_epoch1(NODE1) | ep_epoch4(NODE1) | locked_epoch4(NODE0) | NODE0 = NODE1","9","------00--0-1-----1---0---------------","7","131","15","0310110020"
"696","forall NODE1,NODE0. ~held(NODE0) | ~locked_epoch2(NODE0) | ep_epoch0(NODE1) | ep_epoch1(NODE1) | ep_epoch5(NODE0) | locked_epoch3(NODE1) | NODE0 = NODE1","9","-----000----1-----1--0----------------","7","131","15","0310110020"
"697","forall NODE1,NODE0. ~held(NODE0) | ~locked_epoch2(NODE0) | ep_epoch0(NODE1) | ep_epoch1(NODE1) | ep_epoch5(NODE0) | locked_epoch4(NODE0) | NODE0 = NODE1","9","-----000----1-----1---0---------------","7","131","15","0310110020"
"698","forall NODE1,NODE0. ~held(NODE0) | ~locked_epoch2(NODE0) | ep_epoch0(NODE1) | ep_epoch1(NODE1) | locked_epoch3(NODE1) | locked_epoch4(NODE1) | NODE0 = NODE1","9","------00----1-----1--0-0--------------","7","122","9","0210120020"
"699","forall NODE1,NODE0. ~held(NODE0) | ~locked_epoch2(NODE0) | ep_epoch0(NODE1) | ep_epoch1(NODE1) | locked_epoch3(NODE1) | locked_epoch5(NODE0) | NODE0 = NODE1","9","------00----1-----1--0--0-------------","7","122","9","0210120020"
"700","forall NODE1,NODE0. ~held(NODE0) | ~locked_epoch2(NODE0) | ep_epoch0(NODE1) | ep_epoch1(NODE1) | locked_epoch4(NODE0) | locked_epoch4(NODE1) | NODE0 = NODE1","9","------00----1-----1---00--------------","7","122","9","0210120020"
"701","forall NODE1,NODE0. ~held(NODE0) | ~locked_epoch2(NODE0) | ep_epoch0(NODE1) | ep_epoch1(NODE1) | locked_epoch4(NODE0) | locked_epoch5(NODE0) | NODE0 = NODE1","9","------00----1-----1---0-0-------------","7","122","9","0210120020"
"702","forall NODE1,NODE0. ~held(NODE0) | ~locked_epoch2(NODE0) | ep_epoch2(NODE0) | ep_epoch3(NODE1) | ep_epoch4(NODE1) | locked_epoch3(NODE0) | NODE0 = NODE1","9","--0------00-1-----1-0-----------------","7","131","15","0310110020"
"703","forall NODE1,NODE0. ~held(NODE0) | ~locked_epoch2(NODE0) | ep_epoch2(NODE0) | ep_epoch3(NODE1) | ep_epoch5(NODE0) | locked_epoch3(NODE0) | NODE0 = NODE1","9","--0--0---0--1-----1-0-----------------","7","131","15","0310110020"
"704","forall NODE1,NODE0. ~held(NODE0) | ~locked_epoch2(NODE0) | ep_epoch2(NODE0) | ep_epoch3(NODE1) | locked_epoch3(NODE0) | locked_epoch4(NODE1) | NODE0 = NODE1","9","--0------0--1-----1-0--0--------------","7","122","9","0210120020"
"705","forall NODE1,NODE0. ~held(NODE0) | ~locked_epoch2(NODE0) | ep_epoch2(NODE0) | ep_epoch3(NODE1) | locked_epoch3(NODE0) | locked_epoch5(NODE0) | NODE0 = NODE1","9","--0------0--1-----1-0---0-------------","7","122","9","0210120020"
"706","forall NODE1,NODE0. ~held(NODE0) | ~locked_epoch3(NODE0) | ~locked_epoch4(NODE0) | ep_epoch0(NODE1) | ep_epoch1(NODE1) | ep_epoch2(NODE1) | NODE0 = NODE1","9","------000---1-------1-1---------------","7","132","4","0310200020"
"707","forall NODE1,NODE0. ~held(NODE0) | ~locked_epoch3(NODE0) | ~locked_epoch4(NODE0) | ep_epoch0(NODE1) | ep_epoch1(NODE1) | locked_epoch2(NODE1) | NODE0 = NODE1","9","------00----1------01-1---------------","7","123","4","0210210020"
"708","forall NODE1,NODE0. ~held(NODE0) | ~locked_epoch3(NODE0) | ep_epoch0(NODE1) | ep_epoch1(NODE1) | ep_epoch2(NODE1) | ep_epoch4(NODE1) | NODE0 = NODE1","9","------000-0-1-------1-----------------","7","138","6","0410100020"
"709","forall NODE1,NODE0. ~held(NODE0) | ~locked_epoch3(NODE0) | ep_epoch0(NODE1) | ep_epoch1(NODE1) | ep_epoch2(NODE1) | ep_epoch5(NODE0) | NODE0 = NODE1","9","-----0000---1-------1-----------------","7","138","6","0410100020"
"710","forall NODE1,NODE0. ~held(NODE0) | ~locked_epoch3(NODE0) | ep_epoch0(NODE1) | ep_epoch1(NODE1) | ep_epoch2(NODE1) | locked_epoch4(NODE1) | NODE0 = NODE1","9","------000---1-------1--0--------------","7","131","15","0310110020"
"711","forall NODE1,NODE0. ~held(NODE0) | ~locked_epoch3(NODE0) | ep_epoch0(NODE1) | ep_epoch1(NODE1) | ep_epoch2(NODE1) | locked_epoch5(NODE0) | NODE0 = NODE1","9","------000---1-------1---0-------------","7","131","15","0310110020"
"712","forall NODE1,NODE0. ~held(NODE0) | ~locked_epoch3(NODE0) | ep_epoch0(NODE1) | ep_epoch1(NODE1) | ep_epoch4(NODE1) | locked_epoch2(NODE1) | NODE0 = NODE1","9","------00--0-1------01-----------------","7","131","15","0310110020"
"713","forall NODE1,NODE0. ~held(NODE0) | ~locked_epoch3(NODE0) | ep_epoch0(NODE1) | ep_epoch1(NODE1) | ep_epoch5(NODE0) | locked_epoch2(NODE1) | NODE0 = NODE1","9","-----000----1------01-----------------","7","131","15","0310110020"
"714","forall NODE1,NODE0. ~held(NODE0) | ~locked_epoch3(NODE0) | ep_epoch0(NODE1) | ep_epoch1(NODE1) | locked_epoch2(NODE1) | locked_epoch4(NODE1) | NODE0 = NODE1","9","------00----1------01--0--------------","7","122","9","0210120020"
"715","forall NODE1,NODE0. ~held(NODE0) | ~locked_epoch3(NODE0) | ep_epoch0(NODE1) | ep_epoch1(NODE1) | locked_epoch2(NODE1) | locked_epoch5(NODE0) | NODE0 = NODE1","9","------00----1------01---0-------------","7","122","9","0210120020"
"716","forall NODE1,NODE0. ~held(NODE0) | ~locked_epoch4(NODE0) | ep_epoch0(NODE1) | ep_epoch1(NODE1) | ep_epoch2(NODE1) | ep_epoch3(NODE1) | NODE0 = NODE1","9","------0000--1---------1---------------","7","138","6","0410100020"
"717","forall NODE1,NODE0. ~held(NODE0) | ~locked_epoch4(NODE0) | ep_epoch0(NODE1) | ep_epoch1(NODE1) | ep_epoch2(NODE1) | locked_epoch3(NODE1) | NODE0 = NODE1","9","------000---1--------01---------------","7","131","15","0310110020"
"718","forall NODE1,NODE0. ~held(NODE0) | ~locked_epoch4(NODE0) | ep_epoch0(NODE1) | ep_epoch1(NODE1) | ep_epoch3(NODE1) | locked_epoch2(NODE1) | NODE0 = NODE1","9","------00-0--1------0--1---------------","7","131","15","0310110020"
"719","forall NODE1,NODE0. ~held(NODE0) | ~locked_epoch4(NODE0) | ep_epoch0(NODE1) | ep_epoch1(NODE1) | locked_epoch2(NODE1) | locked_epoch3(NODE1) | NODE0 = NODE1","9","------00----1------0-01---------------","7","122","9","0210120020"
"720","forall NODE1,NODE0. ~held(NODE0) | ep_epoch0(NODE1) | ep_epoch1(NODE1) | ep_epoch2(NODE1) | ep_epoch3(NODE1) | ep_epoch4(NODE1) | NODE0 = NODE1","9","------00000-1-------------------------","7","140","5","0510000020"
"721","forall NODE1,NODE0. ~held(NODE0) | ep_epoch0(NODE1) | ep_epoch1(NODE1) | ep_epoch2(NODE1) | ep_epoch3(NODE1) | ep_epoch5(NODE0) | NODE0 = NODE1","9","-----00000--1-------------------------","7","140","5","0510000020"
"722","forall NODE1,NODE0. ~held(NODE0) | ep_epoch0(NODE1) | ep_epoch1(NODE1) | ep_epoch2(NODE1) | ep_epoch3(NODE1) | locked_epoch4(NODE1) | NODE0 = NODE1","9","------0000--1----------0--------------","7","137","32","0410010020"
"723","forall NODE1,NODE0. ~held(NODE0) | ep_epoch0(NODE1) | ep_epoch1(NODE1) | ep_epoch2(NODE1) | ep_epoch3(NODE1) | locked_epoch5(NODE0) | NODE0 = NODE1","9","------0000--1-----------0-------------","7","137","32","0410010020"
"724","forall NODE1,NODE0. ~held(NODE0) | ep_epoch0(NODE1) | ep_epoch1(NODE1) | ep_epoch2(NODE1) | ep_epoch4(NODE0) | ep_epoch5(NODE0) | NODE0 = NODE1","9","----00000---1-------------------------","7","140","5","0510000020"
"725","forall NODE1,NODE0. ~held(NODE0) | ep_epoch0(NODE1) | ep_epoch1(NODE1) | ep_epoch2(NODE1) | ep_epoch4(NODE0) | locked_epoch5(NODE0) | NODE0 = NODE1","9","----0-000---1-----------0-------------","7","137","32","0410010020"
"726","forall NODE1,NODE0. ~held(NODE0) | ep_epoch0(NODE1) | ep_epoch1(NODE1) | ep_epoch2(NODE1) | ep_epoch4(NODE1) | locked_epoch3(NODE1) | NODE0 = NODE1","9","------000-0-1--------0----------------","7","137","32","0410010020"
"727","forall NODE1,NODE0. ~held(NODE0) | ep_epoch0(NODE1) | ep_epoch1(NODE1) | ep_epoch2(NODE1) | ep_epoch4(NODE1) | locked_epoch4(NODE0) | NODE0 = NODE1","9","------000-0-1---------0---------------","7","137","32","0410010020"
"728","forall NODE1,NODE0. ~held(NODE0) | ep_epoch0(NODE1) | ep_epoch1(NODE1) | ep_epoch2(NODE1) | ep_epoch5(NODE0) | locked_epoch3(NODE1) | NODE0 = NODE1","9","-----0000---1--------0----------------","7","137","32","0410010020"
"729","forall NODE1,NODE0. ~held(NODE0) | ep_epoch0(NODE1) | ep_epoch1(NODE1) | ep_epoch2(NODE1) | ep_epoch5(NODE0) | locked_epoch4(NODE0) | NODE0 = NODE1","9","-----0000---1---------0---------------","7","137","32","0410010020"
"730","forall NODE1,NODE0. ~held(NODE0) | ep_epoch0(NODE1) | ep_epoch1(NODE1) | ep_epoch2(NODE1) | locked_epoch3(NODE1) | locked_epoch4(NODE1) | NODE0 = NODE1","9","------000---1--------0-0--------------","7","130","52","0310020020"
"731","forall NODE1,NODE0. ~held(NODE0) | ep_epoch0(NODE1) | ep_epoch1(NODE1) | ep_epoch2(NODE1) | locked_epoch3(NODE1) | locked_epoch5(NODE0) | NODE0 = NODE1","9","------000---1--------0--0-------------","7","130","52","0310020020"
"732","forall NODE1,NODE0. ~held(NODE0) | ep_epoch0(NODE1) | ep_epoch1(NODE1) | ep_epoch2(NODE1) | locked_epoch4(NODE0) | locked_epoch4(NODE1) | NODE0 = NODE1","9","------000---1---------00--------------","7","130","52","0310020020"
"733","forall NODE1,NODE0. ~held(NODE0) | ep_epoch0(NODE1) | ep_epoch1(NODE1) | ep_epoch2(NODE1) | locked_epoch4(NODE0) | locked_epoch5(NODE0) | NODE0 = NODE1","9","------000---1---------0-0-------------","7","130","52","0310020020"
"734","forall NODE1,NODE0. ~held(NODE0) | ep_epoch0(NODE1) | ep_epoch1(NODE1) | ep_epoch3(NODE0) | ep_epoch4(NODE0) | ep_epoch5(NODE0) | NODE0 = NODE1","9","---00000----1-------------------------","7","140","5","0510000020"
"735","forall NODE1,NODE0. ~held(NODE0) | ep_epoch0(NODE1) | ep_epoch1(NODE1) | ep_epoch3(NODE0) | ep_epoch4(NODE0) | locked_epoch5(NODE0) | NODE0 = NODE1","9","---00-00----1-----------0-------------","7","137","32","0410010020"
"736","forall NODE1,NODE0. ~held(NODE0) | ep_epoch0(NODE1) | ep_epoch1(NODE1) | ep_epoch3(NODE0) | ep_epoch4(NODE1) | locked_epoch4(NODE0) | NODE0 = NODE1","9","---0--00--0-1---------0---------------","7","137","32","0410010020"
"737","forall NODE1,NODE0. ~held(NODE0) | ep_epoch0(NODE1) | ep_epoch1(NODE1) | ep_epoch3(NODE0) | ep_epoch5(NODE0) | locked_epoch4(NODE0) | NODE0 = NODE1","9","---0-000----1---------0---------------","7","137","32","0410010020"
"738","forall NODE1,NODE0. ~held(NODE0) | ep_epoch0(NODE1) | ep_epoch1(NODE1) | ep_epoch3(NODE0) | locked_epoch4(NODE0) | locked_epoch4(NODE1) | NODE0 = NODE1","9","---0--00----1---------00--------------","7","130","52","0310020020"
"739","forall NODE1,NODE0. ~held(NODE0) | ep_epoch0(NODE1) | ep_epoch1(NODE1) | ep_epoch3(NODE0) | locked_epoch4(NODE0) | locked_epoch5(NODE0) | NODE0 = NODE1","9","---0--00----1---------0-0-------------","7","130","52","0310020020"
"740","forall NODE1,NODE0. ~held(NODE0) | ep_epoch0(NODE1) | ep_epoch1(NODE1) | ep_epoch3(NODE1) | ep_epoch4(NODE1) | locked_epoch2(NODE1) | NODE0 = NODE1","9","------00-00-1------0------------------","7","137","32","0410010020"
"741","forall NODE1,NODE0. ~held(NODE0) | ep_epoch0(NODE1) | ep_epoch1(NODE1) | ep_epoch3(NODE1) | ep_epoch4(NODE1) | locked_epoch3(NODE0) | NODE0 = NODE1","9","------00-00-1-------0-----------------","7","137","32","0410010020"
"742","forall NODE1,NODE0. ~held(NODE0) | ep_epoch0(NODE1) | ep_epoch1(NODE1) | ep_epoch3(NODE1) | ep_epoch5(NODE0) | locked_epoch2(NODE1) | NODE0 = NODE1","9","-----000-0--1------0------------------","7","137","32","0410010020"
"743","forall NODE1,NODE0. ~held(NODE0) | ep_epoch0(NODE1) | ep_epoch1(NODE1) | ep_epoch3(NODE1) | ep_epoch5(NODE0) | locked_epoch3(NODE0) | NODE0 = NODE1","9","-----000-0--1-------0-----------------","7","137","32","0410010020"
"744","forall NODE1,NODE0. ~held(NODE0) | ep_epoch0(NODE1) | ep_epoch1(NODE1) | ep_epoch3(NODE1) | locked_epoch2(NODE1) | locked_epoch4(NODE1) | NODE0 = NODE1","9","------00-0--1------0---0--------------","7","130","52","0310020020"
"745","forall NODE1,NODE0. ~held(NODE0) | ep_epoch0(NODE1) | ep_epoch1(NODE1) | ep_epoch3(NODE1) | locked_epoch2(NODE1) | locked_epoch5(NODE0) | NODE0 = NODE1","9","------00-0--1------0----0-------------","7","130","52","0310020020"
"746","forall NODE1,NODE0. ~held(NODE0) | ep_epoch0(NODE1) | ep_epoch1(NODE1) | ep_epoch3(NODE1) | locked_epoch3(NODE0) | locked_epoch4(NODE1) | NODE0 = NODE1","9","------00-0--1-------0--0--------------","7","130","52","0310020020"
"747","forall NODE1,NODE0. ~held(NODE0) | ep_epoch0(NODE1) | ep_epoch1(NODE1) | ep_epoch3(NODE1) | locked_epoch3(NODE0) | locked_epoch5(NODE0) | NODE0 = NODE1","9","------00-0--1-------0---0-------------","7","130","52","0310020020"
"748","forall NODE1,NODE0. ~held(NODE0) | ep_epoch0(NODE1) | ep_epoch1(NODE1) | ep_epoch4(NODE0) | ep_epoch5(NODE0) | locked_epoch2(NODE1) | NODE0 = NODE1","9","----0000----1------0------------------","7","137","32","0410010020"
"749","forall NODE1,NODE0. ~held(NODE0) | ep_epoch0(NODE1) | ep_epoch1(NODE1) | ep_epoch4(NODE0) | ep_epoch5(NODE0) | locked_epoch3(NODE0) | NODE0 = NODE1","9","----0000----1-------0-----------------","7","137","32","0410010020"
"750","forall NODE1,NODE0. ~held(NODE0) | ep_epoch0(NODE1) | ep_epoch1(NODE1) | ep_epoch4(NODE0) | locked_epoch2(NODE1) | locked_epoch5(NODE0) | NODE0 = NODE1","9","----0-00----1------0----0-------------","7","130","52","0310020020"
"751","forall NODE1,NODE0. ~held(NODE0) | ep_epoch0(NODE1) | ep_epoch1(NODE1) | ep_epoch4(NODE0) | locked_epoch3(NODE0) | locked_epoch5(NODE0) | NODE0 = NODE1","9","----0-00----1-------0---0-------------","7","130","52","0310020020"
"752","forall NODE1,NODE0. ~held(NODE0) | ep_epoch0(NODE1) | ep_epoch1(NODE1) | ep_epoch4(NODE1) | locked_epoch2(NODE1) | locked_epoch3(NODE1) | NODE0 = NODE1","9","------00--0-1------0-0----------------","7","130","52","0310020020"
"753","forall NODE1,NODE0. ~held(NODE0) | ep_epoch0(NODE1) | ep_epoch1(NODE1) | ep_epoch4(NODE1) | locked_epoch2(NODE1) | locked_epoch4(NODE0) | NODE0 = NODE1","9","------00--0-1------0--0---------------","7","130","52","0310020020"
"754","forall NODE1,NODE0. ~held(NODE0) | ep_epoch0(NODE1) | ep_epoch1(NODE1) | ep_epoch4(NODE1) | locked_epoch3(NODE0) | locked_epoch4(NODE0) | NODE0 = NODE1","9","------00--0-1-------0-0---------------","7","130","52","0310020020"
"755","forall NODE1,NODE0. ~held(NODE0) | ep_epoch0(NODE1) | ep_epoch1(NODE1) | ep_epoch5(NODE0) | locked_epoch2(NODE1) | locked_epoch3(NODE1) | NODE0 = NODE1","9","-----000----1------0-0----------------","7","130","52","0310020020"
"756","forall NODE1,NODE0. ~held(NODE0) | ep_epoch0(NODE1) | ep_epoch1(NODE1) | ep_epoch5(NODE0) | locked_epoch2(NODE1) | locked_epoch4(NODE0) | NODE0 = NODE1","9","-----000----1------0--0---------------","7","130","52","0310020020"
"757","forall NODE1,NODE0. ~held(NODE0) | ep_epoch0(NODE1) | ep_epoch1(NODE1) | ep_epoch5(NODE0) | locked_epoch3(NODE0) | locked_epoch4(NODE0) | NODE0 = NODE1","9","-----000----1-------0-0---------------","7","130","52","0310020020"
"758","forall NODE1,NODE0. ~held(NODE0) | ep_epoch0(NODE1) | ep_epoch1(NODE1) | locked_epoch2(NODE1) | locked_epoch3(NODE1) | locked_epoch4(NODE1) | NODE0 = NODE1","9","------00----1------0-0-0--------------","7","121","28","0210030020"
"759","forall NODE1,NODE0. ~held(NODE0) | ep_epoch0(NODE1) | ep_epoch1(NODE1) | locked_epoch2(NODE1) | locked_epoch3(NODE1) | locked_epoch5(NODE0) | NODE0 = NODE1","9","------00----1------0-0--0-------------","7","121","28","0210030020"
"760","forall NODE1,NODE0. ~held(NODE0) | ep_epoch0(NODE1) | ep_epoch1(NODE1) | locked_epoch2(NODE1) | locked_epoch4(NODE0) | locked_epoch4(NODE1) | NODE0 = NODE1","9","------00----1------0--00--------------","7","121","28","0210030020"
"761","forall NODE1,NODE0. ~held(NODE0) | ep_epoch0(NODE1) | ep_epoch1(NODE1) | locked_epoch2(NODE1) | locked_epoch4(NODE0) | locked_epoch5(NODE0) | NODE0 = NODE1","9","------00----1------0--0-0-------------","7","121","28","0210030020"
"762","forall NODE1,NODE0. ~held(NODE0) | ep_epoch0(NODE1) | ep_epoch1(NODE1) | locked_epoch3(NODE0) | locked_epoch4(NODE0) | locked_epoch4(NODE1) | NODE0 = NODE1","9","------00----1-------0-00--------------","7","121","28","0210030020"
"763","forall NODE1,NODE0. ~held(NODE0) | ep_epoch0(NODE1) | ep_epoch1(NODE1) | locked_epoch3(NODE0) | locked_epoch4(NODE0) | locked_epoch5(NODE0) | NODE0 = NODE1","9","------00----1-------0-0-0-------------","7","121","28","0210030020"
"764","forall NODE1,NODE0. ~held(NODE0) | ep_epoch0(NODE1) | ep_epoch2(NODE0) | ep_epoch3(NODE0) | ep_epoch4(NODE0) | ep_epoch5(NODE0) | NODE0 = NODE1","9","--00000-----1-------------------------","7","140","5","0510000020"
"765","forall NODE1,NODE0. ~held(NODE0) | ep_epoch0(NODE1) | ep_epoch2(NODE0) | ep_epoch3(NODE0) | ep_epoch4(NODE0) | locked_epoch5(NODE0) | NODE0 = NODE1","9","--000-0-----1-----------0-------------","7","137","32","0410010020"
"766","forall NODE1,NODE0. ~held(NODE0) | ep_epoch0(NODE1) | ep_epoch2(NODE0) | ep_epoch3(NODE0) | ep_epoch4(NODE1) | locked_epoch4(NODE0) | NODE0 = NODE1","9","--00--0---0-1---------0---------------","7","137","32","0410010020"
"767","forall NODE1,NODE0. ~held(NODE0) | ep_epoch0(NODE1) | ep_epoch2(NODE0) | ep_epoch3(NODE0) | ep_epoch5(NODE0) | locked_epoch4(NODE0) | NODE0 = NODE1","9","--00-00-----1---------0---------------","7","137","32","0410010020"
"768","forall NODE1,NODE0. ~held(NODE0) | ep_epoch0(NODE1) | ep_epoch2(NODE0) | ep_epoch3(NODE0) | locked_epoch4(NODE0) | locked_epoch4(NODE1) | NODE0 = NODE1","9","--00--0-----1---------00--------------","7","130","52","0310020020"
"769","forall NODE1,NODE0. ~held(NODE0) | ep_epoch0(NODE1) | ep_epoch2(NODE0) | ep_epoch3(NODE0) | locked_epoch4(NODE0) | locked_epoch5(NODE0) | NODE0 = NODE1","9","--00--0-----1---------0-0-------------","7","130","52","0310020020"
"770","forall NODE1,NODE0. ~held(NODE0) | ep_epoch0(NODE1) | ep_epoch2(NODE0) | ep_epoch3(NODE1) | ep_epoch4(NODE1) | locked_epoch3(NODE0) | NODE0 = NODE1","9","--0---0--00-1-------0-----------------","7","137","32","0410010020"
"771","forall NODE1,NODE0. ~held(NODE0) | ep_epoch0(NODE1) | ep_epoch2(NODE0) | ep_epoch3(NODE1) | ep_epoch5(NODE0) | locked_epoch3(NODE0) | NODE0 = NODE1","9","--0--00--0--1-------0-----------------","7","137","32","0410010020"
"772","forall NODE1,NODE0. ~held(NODE0) | ep_epoch0(NODE1) | ep_epoch2(NODE0) | ep_epoch3(NODE1) | locked_epoch3(NODE0) | locked_epoch4(NODE1) | NODE0 = NODE1","9","--0---0--0--1-------0--0--------------","7","130","52","0310020020"
"773","forall NODE1,NODE0. ~held(NODE0) | ep_epoch0(NODE1) | ep_epoch2(NODE0) | ep_epoch3(NODE1) | locked_epoch3(NODE0) | locked_epoch5(NODE0) | NODE0 = NODE1","9","--0---0--0--1-------0---0-------------","7","130","52","0310020020"
"774","forall NODE1,NODE0. ~held(NODE0) | ep_epoch0(NODE1) | ep_epoch2(NODE0) | ep_epoch4(NODE0) | ep_epoch5(NODE0) | locked_epoch3(NODE0) | NODE0 = NODE1","9","--0-000-----1-------0-----------------","7","137","32","0410010020"
"775","forall NODE1,NODE0. ~held(NODE0) | ep_epoch0(NODE1) | ep_epoch2(NODE0) | ep_epoch4(NODE0) | locked_epoch3(NODE0) | locked_epoch5(NODE0) | NODE0 = NODE1","9","--0-0-0-----1-------0---0-------------","7","130","52","0310020020"
"776","forall NODE1,NODE0. ~held(NODE0) | ep_epoch0(NODE1) | ep_epoch2(NODE0) | ep_epoch4(NODE1) | locked_epoch3(NODE0) | locked_epoch4(NODE0) | NODE0 = NODE1","9","--0---0---0-1-------0-0---------------","7","130","52","0310020020"
"777","forall NODE1,NODE0. ~held(NODE0) | ep_epoch0(NODE1) | ep_epoch2(NODE0) | ep_epoch5(NODE0) | locked_epoch3(NODE0) | locked_epoch4(NODE0) | NODE0 = NODE1","9","--0--00-----1-------0-0---------------","7","130","52","0310020020"
"778","forall NODE1,NODE0. ~held(NODE0) | ep_epoch0(NODE1) | ep_epoch2(NODE0) | locked_epoch3(NODE0) | locked_epoch4(NODE0) | locked_epoch4(NODE1) | NODE0 = NODE1","9","--0---0-----1-------0-00--------------","7","121","28","0210030020"
"779","forall NODE1,NODE0. ~held(NODE0) | ep_epoch0(NODE1) | ep_epoch2(NODE0) | locked_epoch3(NODE0) | locked_epoch4(NODE0) | locked_epoch5(NODE0) | NODE0 = NODE1","9","--0---0-----1-------0-0-0-------------","7","121","28","0210030020"
"780","forall NODE1,NODE0. ~held(NODE0) | ep_epoch0(NODE1) | ep_epoch2(NODE1) | ep_epoch3(NODE1) | ep_epoch4(NODE1) | locked_epoch2(NODE0) | NODE0 = NODE1","9","------0-000-1-----0-------------------","7","137","32","0410010020"
"781","forall NODE1,NODE0. ~held(NODE0) | ep_epoch0(NODE1) | ep_epoch2(NODE1) | ep_epoch3(NODE1) | ep_epoch5(NODE0) | locked_epoch2(NODE0) | NODE0 = NODE1","9","-----00-00--1-----0-------------------","7","137","32","0410010020"
"782","forall NODE1,NODE0. ~held(NODE0) | ep_epoch0(NODE1) | ep_epoch2(NODE1) | ep_epoch3(NODE1) | locked_epoch2(NODE0) | locked_epoch4(NODE1) | NODE0 = NODE1","9","------0-00--1-----0----0--------------","7","130","52","0310020020"
"783","forall NODE1,NODE0. ~held(NODE0) | ep_epoch0(NODE1) | ep_epoch2(NODE1) | ep_epoch3(NODE1) | locked_epoch2(NODE0) | locked_epoch5(NODE0) | NODE0 = NODE1","9","------0-00--1-----0-----0-------------","7","130","52","0310020020"
"784","forall NODE1,NODE0. ~held(NODE0) | ep_epoch0(NODE1) | ep_epoch2(NODE1) | ep_epoch4(NODE0) | ep_epoch5(NODE0) | locked_epoch2(NODE0) | NODE0 = NODE1","9","----000-0---1-----0-------------------","7","137","32","0410010020"
"785","forall NODE1,NODE0. ~held(NODE0) | ep_epoch0(NODE1) | ep_epoch2(NODE1) | ep_epoch4(NODE0) | locked_epoch2(NODE0) | locked_epoch5(NODE0) | NODE0 = NODE1","9","----0-0-0---1-----0-----0-------------","7","130","52","0310020020"
"786","forall NODE1,NODE0. ~held(NODE0) | ep_epoch0(NODE1) | ep_epoch2(NODE1) | ep_epoch4(NODE1) | locked_epoch2(NODE0) | locked_epoch3(NODE1) | NODE0 = NODE1","9","------0-0-0-1-----0--0----------------","7","130","52","0310020020"
"787","forall NODE1,NODE0. ~held(NODE0) | ep_epoch0(NODE1) | ep_epoch2(NODE1) | ep_epoch4(NODE1) | locked_epoch2(NODE0) | locked_epoch4(NODE0) | NODE0 = NODE1","9","------0-0-0-1-----0---0---------------","7","130","52","0310020020"
"788","forall NODE1,NODE0. ~held(NODE0) | ep_epoch0(NODE1) | ep_epoch2(NODE1) | ep_epoch5(NODE0) | locked_epoch2(NODE0) | locked_epoch3(NODE1) | NODE0 = NODE1","9","-----00-0---1-----0--0----------------","7","130","52","0310020020"
"789","forall NODE1,NODE0. ~held(NODE0) | ep_epoch0(NODE1) | ep_epoch2(NODE1) | ep_epoch5(NODE0) | locked_epoch2(NODE0) | locked_epoch4(NODE0) | NODE0 = NODE1","9","-----00-0---1-----0---0---------------","7","130","52","0310020020"
"790","forall NODE1,NODE0. ~held(NODE0) | ep_epoch0(NODE1) | ep_epoch2(NODE1) | locked_epoch2(NODE0) | locked_epoch3(NODE1) | locked_epoch4(NODE1) | NODE0 = NODE1","9","------0-0---1-----0--0-0--------------","7","121","28","0210030020"
"791","forall NODE1,NODE0. ~held(NODE0) | ep_epoch0(NODE1) | ep_epoch2(NODE1) | locked_epoch2(NODE0) | locked_epoch3(NODE1) | locked_epoch5(NODE0) | NODE0 = NODE1","9","------0-0---1-----0--0--0-------------","7","121","28","0210030020"
"792","forall NODE1,NODE0. ~held(NODE0) | ep_epoch0(NODE1) | ep_epoch2(NODE1) | locked_epoch2(NODE0) | locked_epoch4(NODE0) | locked_epoch4(NODE1) | NODE0 = NODE1","9","------0-0---1-----0---00--------------","7","121","28","0210030020"
"793","forall NODE1,NODE0. ~held(NODE0) | ep_epoch0(NODE1) | ep_epoch2(NODE1) | locked_epoch2(NODE0) | locked_epoch4(NODE0) | locked_epoch5(NODE0) | NODE0 = NODE1","9","------0-0---1-----0---0-0-------------","7","121","28","0210030020"
"794","forall NODE1,NODE0. ~held(NODE0) | ep_epoch0(NODE1) | ep_epoch3(NODE0) | ep_epoch4(NODE0) | ep_epoch5(NODE0) | locked_epoch2(NODE0) | NODE0 = NODE1","9","---0000-----1-----0-------------------","7","137","32","0410010020"
"795","forall NODE1,NODE0. ~held(NODE0) | ep_epoch0(NODE1) | ep_epoch3(NODE0) | ep_epoch4(NODE0) | locked_epoch2(NODE0) | locked_epoch5(NODE0) | NODE0 = NODE1","9","---00-0-----1-----0-----0-------------","7","130","52","0310020020"
"796","forall NODE1,NODE0. ~held(NODE0) | ep_epoch0(NODE1) | ep_epoch3(NODE0) | ep_epoch4(NODE1) | locked_epoch2(NODE0) | locked_epoch4(NODE0) | NODE0 = NODE1","9","---0--0---0-1-----0---0---------------","7","130","52","0310020020"
"797","forall NODE1,NODE0. ~held(NODE0) | ep_epoch0(NODE1) | ep_epoch3(NODE0) | ep_epoch5(NODE0) | locked_epoch2(NODE0) | locked_epoch4(NODE0) | NODE0 = NODE1","9","---0-00-----1-----0---0---------------","7","130","52","0310020020"
"798","forall NODE1,NODE0. ~held(NODE0) | ep_epoch0(NODE1) | ep_epoch3(NODE0) | locked_epoch2(NODE0) | locked_epoch4(NODE0) | locked_epoch4(NODE1) | NODE0 = NODE1","9","---0--0-----1-----0---00--------------","7","121","28","0210030020"
"799","forall NODE1,NODE0. ~held(NODE0) | ep_epoch0(NODE1) | ep_epoch3(NODE0) | locked_epoch2(NODE0) | locked_epoch4(NODE0) | locked_epoch5(NODE0) | NODE0 = NODE1","9","---0--0-----1-----0---0-0-------------","7","121","28","0210030020"
"800","forall NODE1,NODE0. ~held(NODE0) | ep_epoch0(NODE1) | ep_epoch3(NODE1) | ep_epoch4(NODE1) | locked_epoch2(NODE0) | locked_epoch3(NODE0) | NODE0 = NODE1","9","------0--00-1-----0-0-----------------","7","130","52","0310020020"
"801","forall NODE1,NODE0. ~held(NODE0) | ep_epoch0(NODE1) | ep_epoch3(NODE1) | ep_epoch5(NODE0) | locked_epoch2(NODE0) | locked_epoch3(NODE0) | NODE0 = NODE1","9","-----00--0--1-----0-0-----------------","7","130","52","0310020020"
"802","forall NODE1,NODE0. ~held(NODE0) | ep_epoch0(NODE1) | ep_epoch3(NODE1) | locked_epoch2(NODE0) | locked_epoch3(NODE0) | locked_epoch4(NODE1) | NODE0 = NODE1","9","------0--0--1-----0-0--0--------------","7","121","28","0210030020"
"803","forall NODE1,NODE0. ~held(NODE0) | ep_epoch0(NODE1) | ep_epoch3(NODE1) | locked_epoch2(NODE0) | locked_epoch3(NODE0) | locked_epoch5(NODE0) | NODE0 = NODE1","9","------0--0--1-----0-0---0-------------","7","121","28","0210030020"
"804","forall NODE1,NODE0. ~held(NODE0) | ep_epoch0(NODE1) | ep_epoch4(NODE0) | ep_epoch5(NODE0) | locked_epoch2(NODE0) | locked_epoch3(NODE0) | NODE0 = NODE1","9","----000-----1-----0-0-----------------","7","130","52","0310020020"
"805","forall NODE1,NODE0. ~held(NODE0) | ep_epoch0(NODE1) | ep_epoch4(NODE0) | locked_epoch2(NODE0) | locked_epoch3(NODE0) | locked_epoch5(NODE0) | NODE0 = NODE1","9","----0-0-----1-----0-0---0-------------","7","121","28","0210030020"
"806","forall NODE1,NODE0. ~held(NODE0) | ep_epoch0(NODE1) | ep_epoch4(NODE1) | locked_epoch2(NODE0) | locked_epoch3(NODE0) | locked_epoch4(NODE0) | NODE0 = NODE1","9","------0---0-1-----0-0-0---------------","7","121","28","0210030020"
"807","forall NODE1,NODE0. ~held(NODE0) | ep_epoch0(NODE1) | ep_epoch5(NODE0) | locked_epoch2(NODE0) | locked_epoch3(NODE0) | locked_epoch4(NODE0) | NODE0 = NODE1","9","-----00-----1-----0-0-0---------------","7","121","28","0210030020"
"808","forall NODE1,NODE0. ~held(NODE0) | ep_epoch0(NODE1) | locked_epoch2(NODE0) | locked_epoch3(NODE0) | locked_epoch4(NODE0) | locked_epoch4(NODE1) | NODE0 = NODE1","9","------0-----1-----0-0-00--------------","7","114","3","0110040020"
"809","forall NODE1,NODE0. ~held(NODE0) | ep_epoch0(NODE1) | locked_epoch2(NODE0) | locked_epoch3(NODE0) | locked_epoch4(NODE0) | locked_epoch5(NODE0) | NODE0 = NODE1","9","------0-----1-----0-0-0-0-------------","7","114","3","0110040020"
"810","forall NODE0. ~held(NODE0) | ep_epoch1(NODE0) | ep_epoch2(NODE0) | ep_epoch3(NODE0) | ep_epoch4(NODE0) | ep_epoch5(NODE0)","7","-00000------1-------------------------","6","0","157","0510000010"
"811","forall NODE0. ~held(NODE0) | ep_epoch1(NODE0) | ep_epoch2(NODE0) | ep_epoch3(NODE0) | ep_epoch4(NODE0) | locked_epoch5(NODE0)","7","-0000-------1-----------0-------------","6","61","4","0410010010"
"812","forall NODE1,NODE0. ~held(NODE0) | ep_epoch1(NODE0) | ep_epoch2(NODE0) | ep_epoch3(NODE0) | ep_epoch4(NODE1) | locked_epoch4(NODE0) | NODE0 = NODE1","9","-000------0-1---------0---------------","7","137","32","0410010020"
"813","forall NODE0. ~held(NODE0) | ep_epoch1(NODE0) | ep_epoch2(NODE0) | ep_epoch3(NODE0) | ep_epoch5(NODE0) | locked_epoch4(NODE0)","7","-000-0------1---------0---------------","6","61","4","0410010010"
"814","forall NODE1,NODE0. ~held(NODE0) | ep_epoch1(NODE0) | ep_epoch2(NODE0) | ep_epoch3(NODE0) | locked_epoch4(NODE0) | locked_epoch4(NODE1) | NODE0 = NODE1","9","-000--------1---------00--------------","7","130","52","0310020020"
"815","forall NODE0. ~held(NODE0) | ep_epoch1(NODE0) | ep_epoch2(NODE0) | ep_epoch3(NODE0) | locked_epoch4(NODE0) | locked_epoch5(NODE0)","7","-000--------1---------0-0-------------","6","58","6","0310020010"
"816","forall NODE1,NODE0. ~held(NODE0) | ep_epoch1(NODE0) | ep_epoch2(NODE0) | ep_epoch3(NODE1) | ep_epoch4(NODE1) | locked_epoch3(NODE0) | NODE0 = NODE1","9","-00------00-1-------0-----------------","7","137","32","0410010020"
"817","forall NODE1,NODE0. ~held(NODE0) | ep_epoch1(NODE0) | ep_epoch2(NODE0) | ep_epoch3(NODE1) | ep_epoch5(NODE0) | locked_epoch3(NODE0) | NODE0 = NODE1","9","-00--0---0--1-------0-----------------","7","137","32","0410010020"
"818","forall NODE1,NODE0. ~held(NODE0) | ep_epoch1(NODE0) | ep_epoch2(NODE0) | ep_epoch3(NODE1) | locked_epoch3(NODE0) | locked_epoch4(NODE1) | NODE0 = NODE1","9","-00------0--1-------0--0--------------","7","130","52","0310020020"
"819","forall NODE1,NODE0. ~held(NODE0) | ep_epoch1(NODE0) | ep_epoch2(NODE0) | ep_epoch3(NODE1) | locked_epoch3(NODE0) | locked_epoch5(NODE0) | NODE0 = NODE1","9","-00------0--1-------0---0-------------","7","130","52","0310020020"
"820","forall NODE0. ~held(NODE0) | ep_epoch1(NODE0) | ep_epoch2(NODE0) | ep_epoch4(NODE0) | ep_epoch5(NODE0) | locked_epoch3(NODE0)","7","-00-00------1-------0-----------------","6","61","4","0410010010"
"821","forall NODE0. ~held(NODE0) | ep_epoch1(NODE0) | ep_epoch2(NODE0) | ep_epoch4(NODE0) | locked_epoch3(NODE0) | locked_epoch5(NODE0)","7","-00-0-------1-------0---0-------------","6","58","6","0310020010"
"822","forall NODE1,NODE0. ~held(NODE0) | ep_epoch1(NODE0) | ep_epoch2(NODE0) | ep_epoch4(NODE1) | locked_epoch3(NODE0) | locked_epoch4(NODE0) | NODE0 = NODE1","9","-00-------0-1-------0-0---------------","7","130","52","0310020020"
"823","forall NODE0. ~held(NODE0) | ep_epoch1(NODE0) | ep_epoch2(NODE0) | ep_epoch5(NODE0) | locked_epoch3(NODE0) | locked_epoch4(NODE0)","7","-00--0------1-------0-0---------------","6","58","6","0310020010"
"824","forall NODE1,NODE0. ~held(NODE0) | ep_epoch1(NODE0) | ep_epoch2(NODE0) | locked_epoch3(NODE0) | locked_epoch4(NODE0) | locked_epoch4(NODE1) | NODE0 = NODE1","9","-00---------1-------0-00--------------","7","121","28","0210030020"
"825","forall NODE0. ~held(NODE0) | ep_epoch1(NODE0) | ep_epoch2(NODE0) | locked_epoch3(NODE0) | locked_epoch4(NODE0) | locked_epoch5(NODE0)","7","-00---------1-------0-0-0-------------","6","53","4","0210030010"
"826","forall NODE1,NODE0. ~held(NODE0) | ep_epoch1(NODE0) | ep_epoch2(NODE1) | ep_epoch3(NODE1) | ep_epoch4(NODE1) | locked_epoch2(NODE0) | NODE0 = NODE1","9","-0------000-1-----0-------------------","7","137","32","0410010020"
"827","forall NODE1,NODE0. ~held(NODE0) | ep_epoch1(NODE0) | ep_epoch2(NODE1) | ep_epoch3(NODE1) | ep_epoch5(NODE0) | locked_epoch2(NODE0) | NODE0 = NODE1","9","-0---0--00--1-----0-------------------","7","137","32","0410010020"
"828","forall NODE1,NODE0. ~held(NODE0) | ep_epoch1(NODE0) | ep_epoch2(NODE1) | ep_epoch3(NODE1) | locked_epoch2(NODE0) | locked_epoch4(NODE1) | NODE0 = NODE1","9","-0------00--1-----0----0--------------","7","130","52","0310020020"
"829","forall NODE1,NODE0. ~held(NODE0) | ep_epoch1(NODE0) | ep_epoch2(NODE1) | ep_epoch3(NODE1) | locked_epoch2(NODE0) | locked_epoch5(NODE0) | NODE0 = NODE1","9","-0------00--1-----0-----0-------------","7","130","52","0310020020"
"830","forall NODE1,NODE0. ~held(NODE0) | ep_epoch1(NODE0) | ep_epoch2(NODE1) | ep_epoch4(NODE0) | ep_epoch5(NODE0) | locked_epoch2(NODE0) | NODE0 = NODE1","9","-0--00--0---1-----0-------------------","7","137","32","0410010020"
"831","forall NODE1,NODE0. ~held(NODE0) | ep_epoch1(NODE0) | ep_epoch2(NODE1) | ep_epoch4(NODE0) | locked_epoch2(NODE0) | locked_epoch5(NODE0) | NODE0 = NODE1","9","-0--0---0---1-----0-----0-------------","7","130","52","0310020020"
"832","forall NODE1,NODE0. ~held(NODE0) | ep_epoch1(NODE0) | ep_epoch2(NODE1) | ep_epoch4(NODE1) | locked_epoch2(NODE0) | locked_epoch3(NODE1) | NODE0 = NODE1","9","-0------0-0-1-----0--0----------------","7","130","52","0310020020"
"833","forall NODE1,NODE0. ~held(NODE0) | ep_epoch1(NODE0) | ep_epoch2(NODE1) | ep_epoch4(NODE1) | locked_epoch2(NODE0) | locked_epoch4(NODE0) | NODE0 = NODE1","9","-0------0-0-1-----0---0---------------","7","130","52","0310020020"
"834","forall NODE1,NODE0. ~held(NODE0) | ep_epoch1(NODE0) | ep_epoch2(NODE1) | ep_epoch5(NODE0) | locked_epoch2(NODE0) | locked_epoch3(NODE1) | NODE0 = NODE1","9","-0---0--0---1-----0--0----------------","7","130","52","0310020020"
"835","forall NODE1,NODE0. ~held(NODE0) | ep_epoch1(NODE0) | ep_epoch2(NODE1) | ep_epoch5(NODE0) | locked_epoch2(NODE0) | locked_epoch4(NODE0) | NODE0 = NODE1","9","-0---0--0---1-----0---0---------------","7","130","52","0310020020"
"836","forall NODE1,NODE0. ~held(NODE0) | ep_epoch1(NODE0) | ep_epoch2(NODE1) | locked_epoch2(NODE0) | locked_epoch3(NODE1) | locked_epoch4(NODE1) | NODE0 = NODE1","9","-0------0---1-----0--0-0--------------","7","121","28","0210030020"
"837","forall NODE1,NODE0. ~held(NODE0) | ep_epoch1(NODE0) | ep_epoch2(NODE1) | locked_epoch2(NODE0) | locked_epoch3(NODE1) | locked_epoch5(NODE0) | NODE0 = NODE1","9","-0------0---1-----0--0--0-------------","7","121","28","0210030020"
"838","forall NODE1,NODE0. ~held(NODE0) | ep_epoch1(NODE0) | ep_epoch2(NODE1) | locked_epoch2(NODE0) | locked_epoch4(NODE0) | locked_epoch4(NODE1) | NODE0 = NODE1","9","-0------0---1-----0---00--------------","7","121","28","0210030020"
"839","forall NODE1,NODE0. ~held(NODE0) | ep_epoch1(NODE0) | ep_epoch2(NODE1) | locked_epoch2(NODE0) | locked_epoch4(NODE0) | locked_epoch5(NODE0) | NODE0 = NODE1","9","-0------0---1-----0---0-0-------------","7","121","28","0210030020"
"840","forall NODE0. ~held(NODE0) | ep_epoch1(NODE0) | ep_epoch3(NODE0) | ep_epoch4(NODE0) | ep_epoch5(NODE0) | locked_epoch2(NODE0)","7","-0-000------1-----0-------------------","6","61","4","0410010010"
"841","forall NODE0. ~held(NODE0) | ep_epoch1(NODE0) | ep_epoch3(NODE0) | ep_epoch4(NODE0) | locked_epoch2(NODE0) | locked_epoch5(NODE0)","7","-0-00-------1-----0-----0-------------","6","58","6","0310020010"
"842","forall NODE1,NODE0. ~held(NODE0) | ep_epoch1(NODE0) | ep_epoch3(NODE0) | ep_epoch4(NODE1) | locked_epoch2(NODE0) | locked_epoch4(NODE0) | NODE0 = NODE1","9","-0-0------0-1-----0---0---------------","7","130","52","0310020020"
"843","forall NODE0. ~held(NODE0) | ep_epoch1(NODE0) | ep_epoch3(NODE0) | ep_epoch5(NODE0) | locked_epoch2(NODE0) | locked_epoch4(NODE0)","7","-0-0-0------1-----0---0---------------","6","58","6","0310020010"
"844","forall NODE1,NODE0. ~held(NODE0) | ep_epoch1(NODE0) | ep_epoch3(NODE0) | locked_epoch2(NODE0) | locked_epoch4(NODE0) | locked_epoch4(NODE1) | NODE0 = NODE1","9","-0-0--------1-----0---00--------------","7","121","28","0210030020"
"845","forall NODE0. ~held(NODE0) | ep_epoch1(NODE0) | ep_epoch3(NODE0) | locked_epoch2(NODE0) | locked_epoch4(NODE0) | locked_epoch5(NODE0)","7","-0-0--------1-----0---0-0-------------","6","53","4","0210030010"
"846","forall NODE1,NODE0. ~held(NODE0) | ep_epoch1(NODE0) | ep_epoch3(NODE1) | ep_epoch4(NODE1) | locked_epoch2(NODE0) | locked_epoch3(NODE0) | NODE0 = NODE1","9","-0-------00-1-----0-0-----------------","7","130","52","0310020020"
"847","forall NODE1,NODE0. ~held(NODE0) | ep_epoch1(NODE0) | ep_epoch3(NODE1) | ep_epoch5(NODE0) | locked_epoch2(NODE0) | locked_epoch3(NODE0) | NODE0 = NODE1","9","-0---0---0--1-----0-0-----------------","7","130","52","0310020020"
"848","forall NODE1,NODE0. ~held(NODE0) | ep_epoch1(NODE0) | ep_epoch3(NODE1) | locked_epoch2(NODE0) | locked_epoch3(NODE0) | locked_epoch4(NODE1) | NODE0 = NODE1","9","-0-------0--1-----0-0--0--------------","7","121","28","0210030020"
"849","forall NODE1,NODE0. ~held(NODE0) | ep_epoch1(NODE0) | ep_epoch3(NODE1) | locked_epoch2(NODE0) | locked_epoch3(NODE0) | locked_epoch5(NODE0) | NODE0 = NODE1","9","-0-------0--1-----0-0---0-------------","7","121","28","0210030020"
"850","forall NODE0. ~held(NODE0) | ep_epoch1(NODE0) | ep_epoch4(NODE0) | ep_epoch5(NODE0) | locked_epoch2(NODE0) | locked_epoch3(NODE0)","7","-0--00------1-----0-0-----------------","6","58","6","0310020010"
"851","forall NODE0. ~held(NODE0) | ep_epoch1(NODE0) | ep_epoch4(NODE0) | locked_epoch2(NODE0) | locked_epoch3(NODE0) | locked_epoch5(NODE0)","7","-0--0-------1-----0-0---0-------------","6","53","4","0210030010"
"852","forall NODE1,NODE0. ~held(NODE0) | ep_epoch1(NODE0) | ep_epoch4(NODE1) | locked_epoch2(NODE0) | locked_epoch3(NODE0) | locked_epoch4(NODE0) | NODE0 = NODE1","9","-0--------0-1-----0-0-0---------------","7","121","28","0210030020"
"853","forall NODE0. ~held(NODE0) | ep_epoch1(NODE0) | ep_epoch5(NODE0) | locked_epoch2(NODE0) | locked_epoch3(NODE0) | locked_epoch4(NODE0)","7","-0---0------1-----0-0-0---------------","6","53","4","0210030010"
"854","forall NODE1,NODE0. ~held(NODE0) | ep_epoch1(NODE0) | locked_epoch2(NODE0) | locked_epoch3(NODE0) | locked_epoch4(NODE0) | locked_epoch4(NODE1) | NODE0 = NODE1","9","-0----------1-----0-0-00--------------","7","114","3","0110040020"
"855","forall NODE0. ~held(NODE0) | ep_epoch1(NODE0) | locked_epoch2(NODE0) | locked_epoch3(NODE0) | locked_epoch4(NODE0) | locked_epoch5(NODE0)","7","-0----------1-----0-0-0-0-------------","6","0","157","0110040010"
"856","forall NODE1,NODE0. ~locked_epoch2(NODE0) | ~locked_epoch3(NODE0) | ~locked_epoch4(NODE0) | ~locked_epoch5(NODE0) | ep_epoch0(NODE1) | ep_epoch1(NODE1) | NODE0 = NODE1","9","------00----------1-1-1-1-------------","7","0","157","0200400020"
"857","forall NODE1,NODE2,NODE0. ~locked_epoch2(NODE0) | ~locked_epoch3(NODE0) | ~locked_epoch4(NODE0) | ~transfer_epoch5(NODE1) | ep_epoch0(NODE2) | ep_epoch1(NODE2) | ((NODE1 ~= NODE2 | NODE0 = NODE1) & (NODE0 ~= NODE1 | NODE0 = NODE2))","13","------00----------1-1-1-------------1-","10","0","157","0200301030"
"858","forall NODE1,NODE0. ~locked_epoch2(NODE0) | ~locked_epoch3(NODE0) | ~locked_epoch4(NODE0) | ep_epoch0(NODE1) | ep_epoch1(NODE1) | ep_epoch4(NODE0) | NODE0 = NODE1","9","----0-00----------1-1-1---------------","7","127","5","0300300020"
"859","forall NODE1,NODE0. ~locked_epoch2(NODE0) | ~locked_epoch3(NODE0) | ~locked_epoch4(NODE0) | ep_epoch0(NODE1) | ep_epoch1(NODE1) | ep_epoch5(NODE1) | NODE0 = NODE1","9","------00---0------1-1-1---------------","7","127","5","0300300020"
"860","forall NODE1,NODE0. ~locked_epoch2(NODE0) | ~locked_epoch3(NODE0) | ~locked_epoch4(NODE0) | ep_epoch0(NODE1) | ep_epoch1(NODE1) | held(NODE1) | NODE0 = NODE1","9","------00-----0----1-1-1---------------","7","0","157","0201300020"
"861","forall NODE1,NODE0. ~locked_epoch2(NODE0) | ~locked_epoch3(NODE0) | ~locked_epoch4(NODE0) | ep_epoch0(NODE1) | ep_epoch1(NODE1) | locked_epoch5(NODE1) | NODE0 = NODE1","9","------00----------1-1-1--0------------","7","117","4","0200310020"
"862","forall NODE1,NODE0. ~locked_epoch2(NODE0) | ~locked_epoch3(NODE0) | ~locked_epoch5(NODE0) | ep_epoch0(NODE1) | ep_epoch1(NODE1) | ep_epoch4(NODE1) | NODE0 = NODE1","9","------00--0-------1-1---1-------------","7","127","5","0300300020"
"863","forall NODE1,NODE0. ~locked_epoch2(NODE0) | ~locked_epoch3(NODE0) | ~locked_epoch5(NODE0) | ep_epoch0(NODE1) | ep_epoch1(NODE1) | locked_epoch4(NODE1) | NODE0 = NODE1","9","------00----------1-1--01-------------","7","117","4","0200310020"
"864","forall NODE1,NODE2,NODE0. ~locked_epoch2(NODE0) | ~locked_epoch3(NODE0) | ~transfer_epoch5(NODE1) | ep_epoch0(NODE2) | ep_epoch1(NODE2) | ep_epoch3(NODE0) | ((NODE1 ~= NODE2 | NODE0 = NODE1) & (NODE0 ~= NODE1 | NODE0 = NODE2))","13","---0--00----------1-1---------------1-","10","266","4","0300201030"
"865","forall NODE1,NODE2,NODE0. ~locked_epoch2(NODE0) | ~locked_epoch3(NODE0) | ~transfer_epoch5(NODE1) | ep_epoch0(NODE2) | ep_epoch1(NODE2) | ep_epoch4(NODE2) | ((NODE1 ~= NODE2 | NODE0 = NODE1) & (NODE0 ~= NODE1 | NODE0 = NODE2))","13","------00--0-------1-1---------------1-","10","266","4","0300201030"
"866","forall NODE1,NODE2,NODE0. ~locked_epoch2(NODE0) | ~locked_epoch3(NODE0) | ~transfer_epoch5(NODE1) | ep_epoch0(NODE2) | ep_epoch1(NODE2) | locked_epoch4(NODE2) | ((NODE1 ~= NODE2 | NODE0 = NODE1) & (NODE0 ~= NODE1 | NODE0 = NODE2))","13","------00----------1-1--0------------1-","10","262","3","0200211030"
"867","forall NODE1,NODE0. ~locked_epoch2(NODE0) | ~locked_epoch3(NODE0) | ep_epoch0(NODE1) | ep_epoch1(NODE1) | ep_epoch4(NODE0) | locked_epoch4(NODE1) | NODE0 = NODE1","9","----0-00----------1-1--0--------------","7","126","15","0300210020"
"868","forall NODE1,NODE0. ~locked_epoch2(NODE0) | ~locked_epoch3(NODE0) | ep_epoch0(NODE1) | ep_epoch1(NODE1) | ep_epoch4(NODE1) | ep_epoch5(NODE1) | NODE0 = NODE1","9","------00--00------1-1-----------------","7","135","10","0400200020"
"869","forall NODE1,NODE0. ~locked_epoch2(NODE0) | ~locked_epoch3(NODE0) | ep_epoch0(NODE1) | ep_epoch1(NODE1) | ep_epoch4(NODE1) | held(NODE1) | NODE0 = NODE1","9","------00--0--0----1-1-----------------","7","129","3","0301200020"
"870","forall NODE1,NODE0. ~locked_epoch2(NODE0) | ~locked_epoch3(NODE0) | ep_epoch0(NODE1) | ep_epoch1(NODE1) | ep_epoch4(NODE1) | locked_epoch5(NODE1) | NODE0 = NODE1","9","------00--0-------1-1----0------------","7","126","15","0300210020"
"871","forall NODE1,NODE0. ~locked_epoch2(NODE0) | ~locked_epoch3(NODE0) | ep_epoch0(NODE1) | ep_epoch1(NODE1) | ep_epoch5(NODE1) | locked_epoch4(NODE1) | NODE0 = NODE1","9","------00---0------1-1--0--------------","7","126","15","0300210020"
"872","forall NODE1,NODE0. ~locked_epoch2(NODE0) | ~locked_epoch3(NODE0) | ep_epoch0(NODE1) | ep_epoch1(NODE1) | held(NODE1) | locked_epoch4(NODE1) | NODE0 = NODE1","9","------00-----0----1-1--0--------------","7","119","3","0201210020"
"873","forall NODE1,NODE0. ~locked_epoch2(NODE0) | ~locked_epoch3(NODE0) | ep_epoch0(NODE1) | ep_epoch1(NODE1) | locked_epoch4(NODE0) | locked_epoch4(NODE1) | NODE0 = NODE1","9","------00----------1-1-00--------------","7","116","8","0200220020"
"874","forall NODE1,NODE0. ~locked_epoch2(NODE0) | ~locked_epoch3(NODE0) | ep_epoch0(NODE1) | ep_epoch1(NODE1) | locked_epoch4(NODE1) | locked_epoch5(NODE1) | NODE0 = NODE1","9","------00----------1-1--0-0------------","7","116","8","0200220020"
"875","forall NODE1,NODE0. ~locked_epoch2(NODE0) | ~locked_epoch3(NODE1) | ep_epoch2(NODE0) | ep_epoch3(NODE1) | ep_epoch4(NODE0) | ep_epoch4(NODE1) | NODE0 = NODE1","9","--0-0----00-------1--1----------------","7","135","10","0400200020"
"876","forall NODE1,NODE0. ~locked_epoch2(NODE0) | ~locked_epoch3(NODE1) | ep_epoch2(NODE0) | ep_epoch3(NODE1) | ep_epoch5(NODE0) | ep_epoch5(NODE1) | NODE0 = NODE1","9","--0--0---0-0------1--1----------------","7","135","10","0400200020"
"877","forall NODE1,NODE2,NODE3,NODE0. ~locked_epoch2(NODE0) | ~locked_epoch3(NODE1) | ep_epoch2(NODE0) | ep_epoch3(NODE1) | ep_epoch5(NODE2) | held(NODE3) | ((NODE0 ~= NODE2 | NODE1 ~= NODE3 | NODE0 = NODE1) & (NODE0 ~= NODE3 | NODE1 ~= NODE2 | NODE0 = NODE1))","16","--0--0---0---0----1--1----------------","12","0","157","0301200040"
"878","forall NODE1,NODE2,NODE3,NODE0. ~locked_epoch2(NODE0) | ~locked_epoch3(NODE1) | ep_epoch2(NODE0) | ep_epoch3(NODE1) | ep_epoch5(NODE2) | locked_epoch5(NODE3) | ((NODE0 ~= NODE2 | NODE1 ~= NODE3 | NODE0 = NODE1) & (NODE0 ~= NODE3 | NODE1 ~= NODE2 | NODE0 = NODE1))","16","--0--0---0--------1--1---0------------","12","0","157","0300210040"
"879","forall NODE1,NODE0. ~locked_epoch2(NODE0) | ~locked_epoch3(NODE1) | ep_epoch2(NODE0) | ep_epoch3(NODE1) | held(NODE0) | held(NODE1) | NODE0 = NODE1","9","--0------0--00----1--1----------------","7","0","157","0202200020"
"880","forall NODE1,NODE2,NODE3,NODE0. ~locked_epoch2(NODE0) | ~locked_epoch3(NODE1) | ep_epoch2(NODE0) | ep_epoch3(NODE1) | held(NODE2) | locked_epoch5(NODE3) | ((NODE0 ~= NODE2 | NODE1 ~= NODE3 | NODE0 = NODE1) & (NODE0 ~= NODE3 | NODE1 ~= NODE2 | NODE0 = NODE1))","16","--0------0--0-----1--1---0------------","12","0","157","0201210040"
"881","forall NODE1,NODE0. ~locked_epoch2(NODE0) | ~locked_epoch3(NODE1) | ep_epoch2(NODE0) | ep_epoch3(NODE1) | locked_epoch5(NODE0) | locked_epoch5(NODE1) | NODE0 = NODE1","9","--0------0--------1--1--00------------","7","116","8","0200220020"
"882","forall NODE1,NODE0. ~locked_epoch2(NODE0) | ~locked_epoch4(NODE0) | ~locked_epoch5(NODE0) | ep_epoch0(NODE1) | ep_epoch1(NODE1) | ep_epoch3(NODE1) | NODE0 = NODE1","9","------00-0--------1---1-1-------------","7","127","5","0300300020"
"883","forall NODE1,NODE0. ~locked_epoch2(NODE0) | ~locked_epoch4(NODE0) | ~locked_epoch5(NODE0) | ep_epoch0(NODE1) | ep_epoch1(NODE1) | locked_epoch3(NODE1) | NODE0 = NODE1","9","------00----------1--01-1-------------","7","117","4","0200310020"
"884","forall NODE1,NODE2,NODE0. ~locked_epoch2(NODE0) | ~locked_epoch4(NODE0) | ~transfer_epoch5(NODE1) | ep_epoch0(NODE2) | ep_epoch1(NODE2) | ep_epoch3(NODE2) | ((NODE1 ~= NODE2 | NODE0 = NODE1) & (NODE0 ~= NODE1 | NODE0 = NODE2))","13","------00-0--------1---1-------------1-","10","266","4","0300201030"
"885","forall NODE1,NODE2,NODE0. ~locked_epoch2(NODE0) | ~locked_epoch4(NODE0) | ~transfer_epoch5(NODE1) | ep_epoch0(NODE2) | ep_epoch1(NODE2) | locked_epoch3(NODE2) | ((NODE1 ~= NODE2 | NODE0 = NODE1) & (NODE0 ~= NODE1 | NODE0 = NODE2))","13","------00----------1--01-------------1-","10","262","3","0200211030"
"886","forall NODE1,NODE0. ~locked_epoch2(NODE0) | ~locked_epoch4(NODE0) | ep_epoch0(NODE1) | ep_epoch1(NODE1) | ep_epoch3(NODE1) | ep_epoch4(NODE0) | NODE0 = NODE1","9","----0-00-0--------1---1---------------","7","135","10","0400200020"
"887","forall NODE1,NODE0. ~locked_epoch2(NODE0) | ~locked_epoch4(NODE0) | ep_epoch0(NODE1) | ep_epoch1(NODE1) | ep_epoch3(NODE1) | ep_epoch5(NODE1) | NODE0 = NODE1","9","------00-0-0------1---1---------------","7","135","10","0400200020"
"888","forall NODE1,NODE0. ~locked_epoch2(NODE0) | ~locked_epoch4(NODE0) | ep_epoch0(NODE1) | ep_epoch1(NODE1) | ep_epoch3(NODE1) | held(NODE1) | NODE0 = NODE1","9","------00-0---0----1---1---------------","7","129","3","0301200020"
"889","forall NODE1,NODE0. ~locked_epoch2(NODE0) | ~locked_epoch4(NODE0) | ep_epoch0(NODE1) | ep_epoch1(NODE1) | ep_epoch3(NODE1) | locked_epoch5(NODE1) | NODE0 = NODE1","9","------00-0--------1---1--0------------","7","126","15","0300210020"
"890","forall NODE1,NODE0. ~locked_epoch2(NODE0) | ~locked_epoch4(NODE0) | ep_epoch0(NODE1) | ep_epoch1(NODE1) | ep_epoch4(NODE0) | locked_epoch3(NODE1) | NODE0 = NODE1","9","----0-00----------1--01---------------","7","126","15","0300210020"
"891","forall NODE1,NODE0. ~locked_epoch2(NODE0) | ~locked_epoch4(NODE0) | ep_epoch0(NODE1) | ep_epoch1(NODE1) | ep_epoch5(NODE1) | locked_epoch3(NODE1) | NODE0 = NODE1","9","------00---0------1--01---------------","7","126","15","0300210020"
"892","forall NODE1,NODE0. ~locked_epoch2(NODE0) | ~locked_epoch4(NODE0) | ep_epoch0(NODE1) | ep_epoch1(NODE1) | held(NODE1) | locked_epoch3(NODE1) | NODE0 = NODE1","9","------00-----0----1--01---------------","7","119","3","0201210020"
"893","forall NODE1,NODE0. ~locked_epoch2(NODE0) | ~locked_epoch4(NODE0) | ep_epoch0(NODE1) | ep_epoch1(NODE1) | locked_epoch3(NODE1) | locked_epoch5(NODE1) | NODE0 = NODE1","9","------00----------1--01--0------------","7","116","8","0200220020"
"894","forall NODE1,NODE0. ~locked_epoch2(NODE0) | ~locked_epoch5(NODE0) | ep_epoch0(NODE1) | ep_epoch1(NODE1) | ep_epoch3(NODE1) | ep_epoch4(NODE1) | NODE0 = NODE1","9","------00-00-------1-----1-------------","7","135","10","0400200020"
"895","forall NODE1,NODE0. ~locked_epoch2(NODE0) | ~locked_epoch5(NODE0) | ep_epoch0(NODE1) | ep_epoch1(NODE1) | ep_epoch3(NODE1) | locked_epoch4(NODE1) | NODE0 = NODE1","9","------00-0--------1----01-------------","7","126","15","0300210020"
"896","forall NODE1,NODE0. ~locked_epoch2(NODE0) | ~locked_epoch5(NODE0) | ep_epoch0(NODE1) | ep_epoch1(NODE1) | ep_epoch4(NODE1) | locked_epoch3(NODE1) | NODE0 = NODE1","9","------00--0-------1--0--1-------------","7","126","15","0300210020"
"897","forall NODE1,NODE0. ~locked_epoch2(NODE0) | ~locked_epoch5(NODE0) | ep_epoch0(NODE1) | ep_epoch1(NODE1) | locked_epoch3(NODE1) | locked_epoch4(NODE1) | NODE0 = NODE1","9","------00----------1--0-01-------------","7","116","8","0200220020"
"898","forall NODE1,NODE2,NODE0. ~locked_epoch2(NODE0) | ~transfer_epoch5(NODE1) | ep_epoch0(NODE2) | ep_epoch1(NODE2) | ep_epoch3(NODE0) | locked_epoch3(NODE2) | ((NODE1 ~= NODE2 | NODE0 = NODE1) & (NODE0 ~= NODE1 | NODE0 = NODE2))","13","---0--00----------1--0--------------1-","10","265","8","0300111030"
"899","forall NODE1,NODE2,NODE0. ~locked_epoch2(NODE0) | ~transfer_epoch5(NODE1) | ep_epoch0(NODE2) | ep_epoch1(NODE2) | ep_epoch3(NODE2) | ep_epoch4(NODE2) | ((NODE1 ~= NODE2 | NODE0 = NODE1) & (NODE0 ~= NODE1 | NODE0 = NODE2))","13","------00-00-------1-----------------1-","10","271","4","0400101030"
"900","forall NODE1,NODE2,NODE0. ~locked_epoch2(NODE0) | ~transfer_epoch5(NODE1) | ep_epoch0(NODE2) | ep_epoch1(NODE2) | ep_epoch3(NODE2) | locked_epoch4(NODE2) | ((NODE1 ~= NODE2 | NODE0 = NODE1) & (NODE0 ~= NODE1 | NODE0 = NODE2))","13","------00-0--------1----0------------1-","10","265","8","0300111030"
"901","forall NODE1,NODE2,NODE0. ~locked_epoch2(NODE0) | ~transfer_epoch5(NODE1) | ep_epoch0(NODE2) | ep_epoch1(NODE2) | ep_epoch4(NODE2) | locked_epoch3(NODE2) | ((NODE1 ~= NODE2 | NODE0 = NODE1) & (NODE0 ~= NODE1 | NODE0 = NODE2))","13","------00--0-------1--0--------------1-","10","265","8","0300111030"
"902","forall NODE1,NODE2,NODE0. ~locked_epoch2(NODE0) | ~transfer_epoch5(NODE1) | ep_epoch0(NODE2) | ep_epoch1(NODE2) | locked_epoch3(NODE2) | locked_epoch4(NODE2) | ((NODE1 ~= NODE2 | NODE0 = NODE1) & (NODE0 ~= NODE1 | NODE0 = NODE2))","13","------00----------1--0-0------------1-","10","261","3","0200121030"
"903","forall NODE1,NODE0. ~locked_epoch2(NODE0) | ep_epoch0(NODE1) | ep_epoch1(NODE1) | ep_epoch2(NODE0) | locked_epoch4(NODE0) | locked_epoch4(NODE1) | NODE0 = NODE1","9","--0---00----------1---00--------------","7","125","21","0300120020"
"904","forall NODE1,NODE0. ~locked_epoch2(NODE0) | ep_epoch0(NODE1) | ep_epoch1(NODE1) | ep_epoch3(NODE1) | ep_epoch4(NODE0) | locked_epoch4(NODE1) | NODE0 = NODE1","9","----0-00-0--------1----0--------------","7","134","21","0400110020"
"905","forall NODE1,NODE0. ~locked_epoch2(NODE0) | ep_epoch0(NODE1) | ep_epoch1(NODE1) | ep_epoch3(NODE1) | ep_epoch4(NODE1) | ep_epoch5(NODE1) | NODE0 = NODE1","9","------00-000------1-------------------","7","139","5","0500100020"
"906","forall NODE1,NODE0. ~locked_epoch2(NODE0) | ep_epoch0(NODE1) | ep_epoch1(NODE1) | ep_epoch3(NODE1) | ep_epoch4(NODE1) | held(NODE1) | NODE0 = NODE1","9","------00-00--0----1-------------------","7","136","3","0401100020"
"907","forall NODE1,NODE0. ~locked_epoch2(NODE0) | ep_epoch0(NODE1) | ep_epoch1(NODE1) | ep_epoch3(NODE1) | ep_epoch4(NODE1) | locked_epoch5(NODE1) | NODE0 = NODE1","9","------00-00-------1------0------------","7","134","21","0400110020"
"908","forall NODE1,NODE0. ~locked_epoch2(NODE0) | ep_epoch0(NODE1) | ep_epoch1(NODE1) | ep_epoch3(NODE1) | ep_epoch5(NODE1) | locked_epoch4(NODE1) | NODE0 = NODE1","9","------00-0-0------1----0--------------","7","134","21","0400110020"
"909","forall NODE1,NODE0. ~locked_epoch2(NODE0) | ep_epoch0(NODE1) | ep_epoch1(NODE1) | ep_epoch3(NODE1) | held(NODE1) | locked_epoch4(NODE1) | NODE0 = NODE1","9","------00-0---0----1----0--------------","7","128","7","0301110020"
"910","forall NODE1,NODE0. ~locked_epoch2(NODE0) | ep_epoch0(NODE1) | ep_epoch1(NODE1) | ep_epoch3(NODE1) | locked_epoch4(NODE0) | locked_epoch4(NODE1) | NODE0 = NODE1","9","------00-0--------1---00--------------","7","125","21","0300120020"
"911","forall NODE1,NODE0. ~locked_epoch2(NODE0) | ep_epoch0(NODE1) | ep_epoch1(NODE1) | ep_epoch3(NODE1) | locked_epoch4(NODE1) | locked_epoch5(NODE1) | NODE0 = NODE1","9","------00-0--------1----0-0------------","7","125","21","0300120020"
"912","forall NODE1,NODE0. ~locked_epoch2(NODE0) | ep_epoch0(NODE1) | ep_epoch1(NODE1) | ep_epoch4(NODE0) | locked_epoch3(NODE1) | locked_epoch4(NODE1) | NODE0 = NODE1","9","----0-00----------1--0-0--------------","7","125","21","0300120020"
"913","forall NODE1,NODE0. ~locked_epoch2(NODE0) | ep_epoch0(NODE1) | ep_epoch1(NODE1) | ep_epoch4(NODE1) | ep_epoch5(NODE1) | locked_epoch3(NODE1) | NODE0 = NODE1","9","------00--00------1--0----------------","7","134","21","0400110020"
"914","forall NODE1,NODE0. ~locked_epoch2(NODE0) | ep_epoch0(NODE1) | ep_epoch1(NODE1) | ep_epoch4(NODE1) | held(NODE1) | locked_epoch3(NODE1) | NODE0 = NODE1","9","------00--0--0----1--0----------------","7","128","7","0301110020"
"915","forall NODE1,NODE0. ~locked_epoch2(NODE0) | ep_epoch0(NODE1) | ep_epoch1(NODE1) | ep_epoch4(NODE1) | locked_epoch3(NODE1) | locked_epoch5(NODE1) | NODE0 = NODE1","9","------00--0-------1--0---0------------","7","125","21","0300120020"
"916","forall NODE1,NODE0. ~locked_epoch2(NODE0) | ep_epoch0(NODE1) | ep_epoch1(NODE1) | ep_epoch5(NODE1) | locked_epoch3(NODE1) | locked_epoch4(NODE1) | NODE0 = NODE1","9","------00---0------1--0-0--------------","7","125","21","0300120020"
"917","forall NODE1,NODE0. ~locked_epoch2(NODE0) | ep_epoch0(NODE1) | ep_epoch1(NODE1) | held(NODE1) | locked_epoch3(NODE1) | locked_epoch4(NODE1) | NODE0 = NODE1","9","------00-----0----1--0-0--------------","7","118","4","0201120020"
"918","forall NODE1,NODE0. ~locked_epoch2(NODE0) | ep_epoch0(NODE1) | ep_epoch1(NODE1) | locked_epoch3(NODE1) | locked_epoch4(NODE0) | locked_epoch4(NODE1) | NODE0 = NODE1","9","------00----------1--000--------------","7","115","9","0200130020"
"919","forall NODE1,NODE0. ~locked_epoch2(NODE0) | ep_epoch0(NODE1) | ep_epoch1(NODE1) | locked_epoch3(NODE1) | locked_epoch4(NODE1) | locked_epoch5(NODE1) | NODE0 = NODE1","9","------00----------1--0-0-0------------","7","115","9","0200130020"
"920","forall NODE1,NODE0. ~locked_epoch2(NODE0) | ep_epoch2(NODE0) | ep_epoch3(NODE1) | ep_epoch4(NODE0) | ep_epoch4(NODE1) | locked_epoch3(NODE0) | NODE0 = NODE1","9","--0-0----00-------1-0-----------------","7","134","21","0400110020"
"921","forall NODE1,NODE0. ~locked_epoch2(NODE0) | ep_epoch2(NODE0) | ep_epoch3(NODE1) | ep_epoch4(NODE0) | locked_epoch3(NODE0) | locked_epoch4(NODE1) | NODE0 = NODE1","9","--0-0----0--------1-0--0--------------","7","125","21","0300120020"
"922","forall NODE1,NODE0. ~locked_epoch2(NODE0) | ep_epoch2(NODE0) | ep_epoch3(NODE1) | ep_epoch4(NODE1) | ep_epoch5(NODE1) | locked_epoch3(NODE0) | NODE0 = NODE1","9","--0------000------1-0-----------------","7","134","21","0400110020"
"923","forall NODE1,NODE0. ~locked_epoch2(NODE0) | ep_epoch2(NODE0) | ep_epoch3(NODE1) | ep_epoch4(NODE1) | held(NODE1) | locked_epoch3(NODE0) | NODE0 = NODE1","9","--0------00--0----1-0-----------------","7","128","7","0301110020"
"924","forall NODE1,NODE0. ~locked_epoch2(NODE0) | ep_epoch2(NODE0) | ep_epoch3(NODE1) | ep_epoch4(NODE1) | locked_epoch3(NODE0) | locked_epoch5(NODE1) | NODE0 = NODE1","9","--0------00-------1-0----0------------","7","125","21","0300120020"
"925","forall NODE1,NODE0. ~locked_epoch2(NODE0) | ep_epoch2(NODE0) | ep_epoch3(NODE1) | ep_epoch5(NODE0) | ep_epoch5(NODE1) | locked_epoch3(NODE0) | NODE0 = NODE1","9","--0--0---0-0------1-0-----------------","7","134","21","0400110020"
"926","forall NODE1,NODE2,NODE3,NODE0. ~locked_epoch2(NODE0) | ep_epoch2(NODE0) | ep_epoch3(NODE1) | ep_epoch5(NODE2) | held(NODE3) | locked_epoch3(NODE0) | ((NODE0 ~= NODE3 | NODE1 ~= NODE2 | NODE0 = NODE1) & (NODE0 ~= NODE2 | NODE1 ~= NODE3 | NODE0 = NODE1))","16","--0--0---0---0----1-0-----------------","12","311","2","0301110040"
"927","forall NODE1,NODE2,NODE3,NODE0. ~locked_epoch2(NODE0) | ep_epoch2(NODE0) | ep_epoch3(NODE1) | ep_epoch5(NODE2) | locked_epoch3(NODE0) | locked_epoch5(NODE3) | ((NODE0 ~= NODE2 | NODE1 ~= NODE3 | NODE0 = NODE1) & (NODE0 ~= NODE3 | NODE1 ~= NODE2 | NODE0 = NODE1))","16","--0--0---0--------1-0----0------------","12","309","2","0300120040"
"928","forall NODE1,NODE0. ~locked_epoch2(NODE0) | ep_epoch2(NODE0) | ep_epoch3(NODE1) | ep_epoch5(NODE1) | locked_epoch3(NODE0) | locked_epoch4(NODE1) | NODE0 = NODE1","9","--0------0-0------1-0--0--------------","7","125","21","0300120020"
"929","forall NODE1,NODE0. ~locked_epoch2(NODE0) | ep_epoch2(NODE0) | ep_epoch3(NODE1) | held(NODE0) | held(NODE1) | locked_epoch3(NODE0) | NODE0 = NODE1","9","--0------0--00----1-0-----------------","7","120","2","0202110020"
"930","forall NODE1,NODE2,NODE3,NODE0. ~locked_epoch2(NODE0) | ep_epoch2(NODE0) | ep_epoch3(NODE1) | held(NODE2) | locked_epoch3(NODE0) | locked_epoch5(NODE3) | ((NODE0 ~= NODE2 | NODE1 ~= NODE3 | NODE0 = NODE1) & (NODE0 ~= NODE3 | NODE1 ~= NODE2 | NODE0 = NODE1))","16","--0------0--0-----1-0----0------------","12","308","2","0201120040"
"931","forall NODE1,NODE0. ~locked_epoch2(NODE0) | ep_epoch2(NODE0) | ep_epoch3(NODE1) | held(NODE1) | locked_epoch3(NODE0) | locked_epoch4(NODE1) | NODE0 = NODE1","9","--0------0---0----1-0--0--------------","7","118","4","0201120020"
"932","forall NODE1,NODE0. ~locked_epoch2(NODE0) | ep_epoch2(NODE0) | ep_epoch3(NODE1) | locked_epoch3(NODE0) | locked_epoch4(NODE1) | locked_epoch5(NODE1) | NODE0 = NODE1","9","--0------0--------1-0--0-0------------","7","115","9","0200130020"
"933","forall NODE1,NODE0. ~locked_epoch2(NODE0) | ep_epoch2(NODE0) | ep_epoch3(NODE1) | locked_epoch3(NODE0) | locked_epoch5(NODE0) | locked_epoch5(NODE1) | NODE0 = NODE1","9","--0------0--------1-0---00------------","7","115","9","0200130020"
"934","forall NODE1,NODE0. ~locked_epoch2(NODE0) | held(NODE0) | locked_epoch3(NODE0) | locked_epoch3(NODE1) | transfer_epoch3(NODE0) | transfer_epoch3(NODE1) | NODE0 = NODE1","9","------------0-----1-00----------00----","7","111","2","0001120220"
"935","forall NODE1,NODE0. ~locked_epoch3(NODE0) | ~locked_epoch4(NODE0) | ~locked_epoch5(NODE0) | ep_epoch0(NODE1) | ep_epoch1(NODE1) | ep_epoch2(NODE1) | NODE0 = NODE1","9","------000-----------1-1-1-------------","7","127","5","0300300020"
"936","forall NODE1,NODE0. ~locked_epoch3(NODE0) | ~locked_epoch4(NODE0) | ~locked_epoch5(NODE0) | ep_epoch0(NODE1) | ep_epoch1(NODE1) | locked_epoch2(NODE1) | NODE0 = NODE1","9","------00-----------01-1-1-------------","7","117","4","0200310020"
"937","forall NODE1,NODE2,NODE0. ~locked_epoch3(NODE0) | ~locked_epoch4(NODE0) | ~transfer_epoch5(NODE1) | ep_epoch0(NODE2) | ep_epoch1(NODE2) | ep_epoch2(NODE2) | ((NODE1 ~= NODE2 | NODE0 = NODE1) & (NODE0 ~= NODE1 | NODE0 = NODE2))","13","------000-----------1-1-------------1-","10","266","4","0300201030"
"938","forall NODE1,NODE2,NODE0. ~locked_epoch3(NODE0) | ~locked_epoch4(NODE0) | ~transfer_epoch5(NODE1) | ep_epoch0(NODE2) | ep_epoch1(NODE2) | locked_epoch2(NODE2) | ((NODE1 ~= NODE2 | NODE0 = NODE1) & (NODE0 ~= NODE1 | NODE0 = NODE2))","13","------00-----------01-1-------------1-","10","262","3","0200211030"
"939","forall NODE1,NODE0. ~locked_epoch3(NODE0) | ~locked_epoch4(NODE0) | ep_epoch0(NODE1) | ep_epoch1(NODE1) | ep_epoch2(NODE1) | ep_epoch4(NODE0) | NODE0 = NODE1","9","----0-000-----------1-1---------------","7","135","10","0400200020"
"940","forall NODE1,NODE0. ~locked_epoch3(NODE0) | ~locked_epoch4(NODE0) | ep_epoch0(NODE1) | ep_epoch1(NODE1) | ep_epoch2(NODE1) | ep_epoch5(NODE1) | NODE0 = NODE1","9","------000--0--------1-1---------------","7","135","10","0400200020"
"941","forall NODE1,NODE0. ~locked_epoch3(NODE0) | ~locked_epoch4(NODE0) | ep_epoch0(NODE1) | ep_epoch1(NODE1) | ep_epoch2(NODE1) | held(NODE1) | NODE0 = NODE1","9","------000----0------1-1---------------","7","129","3","0301200020"
"942","forall NODE1,NODE0. ~locked_epoch3(NODE0) | ~locked_epoch4(NODE0) | ep_epoch0(NODE1) | ep_epoch1(NODE1) | ep_epoch2(NODE1) | locked_epoch5(NODE1) | NODE0 = NODE1","9","------000-----------1-1--0------------","7","126","15","0300210020"
"943","forall NODE1,NODE0. ~locked_epoch3(NODE0) | ~locked_epoch4(NODE0) | ep_epoch0(NODE1) | ep_epoch1(NODE1) | ep_epoch4(NODE0) | locked_epoch2(NODE1) | NODE0 = NODE1","9","----0-00-----------01-1---------------","7","126","15","0300210020"
"944","forall NODE1,NODE0. ~locked_epoch3(NODE0) | ~locked_epoch4(NODE0) | ep_epoch0(NODE1) | ep_epoch1(NODE1) | ep_epoch5(NODE1) | locked_epoch2(NODE1) | NODE0 = NODE1","9","------00---0-------01-1---------------","7","126","15","0300210020"
"945","forall NODE1,NODE0. ~locked_epoch3(NODE0) | ~locked_epoch4(NODE0) | ep_epoch0(NODE1) | ep_epoch1(NODE1) | held(NODE1) | locked_epoch2(NODE1) | NODE0 = NODE1","9","------00-----0-----01-1---------------","7","119","3","0201210020"
"946","forall NODE1,NODE0. ~locked_epoch3(NODE0) | ~locked_epoch4(NODE0) | ep_epoch0(NODE1) | ep_epoch1(NODE1) | locked_epoch2(NODE1) | locked_epoch5(NODE1) | NODE0 = NODE1","9","------00-----------01-1--0------------","7","116","8","0200220020"
"947","forall NODE1,NODE0. ~locked_epoch3(NODE0) | ~locked_epoch5(NODE0) | ep_epoch0(NODE1) | ep_epoch1(NODE1) | ep_epoch2(NODE1) | ep_epoch4(NODE1) | NODE0 = NODE1","9","------000-0---------1---1-------------","7","135","10","0400200020"
"948","forall NODE1,NODE0. ~locked_epoch3(NODE0) | ~locked_epoch5(NODE0) | ep_epoch0(NODE1) | ep_epoch1(NODE1) | ep_epoch2(NODE1) | locked_epoch4(NODE1) | NODE0 = NODE1","9","------000-----------1--01-------------","7","126","15","0300210020"
"949","forall NODE1,NODE0. ~locked_epoch3(NODE0) | ~locked_epoch5(NODE0) | ep_epoch0(NODE1) | ep_epoch1(NODE1) | ep_epoch4(NODE1) | locked_epoch2(NODE1) | NODE0 = NODE1","9","------00--0--------01---1-------------","7","126","15","0300210020"
"950","forall NODE1,NODE0. ~locked_epoch3(NODE0) | ~locked_epoch5(NODE0) | ep_epoch0(NODE1) | ep_epoch1(NODE1) | locked_epoch2(NODE1) | locked_epoch4(NODE1) | NODE0 = NODE1","9","------00-----------01--01-------------","7","116","8","0200220020"
"951","forall NODE1,NODE2,NODE0. ~locked_epoch3(NODE0) | ~transfer_epoch5(NODE1) | ep_epoch0(NODE2) | ep_epoch1(NODE2) | ep_epoch2(NODE2) | ep_epoch3(NODE0) | ((NODE1 ~= NODE2 | NODE0 = NODE1) & (NODE0 ~= NODE1 | NODE0 = NODE2))","13","---0--000-----------1---------------1-","10","271","4","0400101030"
"952","forall NODE1,NODE2,NODE0. ~locked_epoch3(NODE0) | ~transfer_epoch5(NODE1) | ep_epoch0(NODE2) | ep_epoch1(NODE2) | ep_epoch2(NODE2) | ep_epoch4(NODE2) | ((NODE1 ~= NODE2 | NODE0 = NODE1) & (NODE0 ~= NODE1 | NODE0 = NODE2))","13","------000-0---------1---------------1-","10","271","4","0400101030"
"953","forall NODE1,NODE2,NODE0. ~locked_epoch3(NODE0) | ~transfer_epoch5(NODE1) | ep_epoch0(NODE2) | ep_epoch1(NODE2) | ep_epoch2(NODE2) | locked_epoch4(NODE2) | ((NODE1 ~= NODE2 | NODE0 = NODE1) & (NODE0 ~= NODE1 | NODE0 = NODE2))","13","------000-----------1--0------------1-","10","265","8","0300111030"
"954","forall NODE1,NODE2,NODE0. ~locked_epoch3(NODE0) | ~transfer_epoch5(NODE1) | ep_epoch0(NODE2) | ep_epoch1(NODE2) | ep_epoch3(NODE0) | locked_epoch2(NODE2) | ((NODE1 ~= NODE2 | NODE0 = NODE1) & (NODE0 ~= NODE1 | NODE0 = NODE2))","13","---0--00-----------01---------------1-","10","265","8","0300111030"
"955","forall NODE1,NODE2,NODE0. ~locked_epoch3(NODE0) | ~transfer_epoch5(NODE1) | ep_epoch0(NODE2) | ep_epoch1(NODE2) | ep_epoch4(NODE2) | locked_epoch2(NODE2) | ((NODE1 ~= NODE2 | NODE0 = NODE1) & (NODE0 ~= NODE1 | NODE0 = NODE2))","13","------00--0--------01---------------1-","10","265","8","0300111030"
"956","forall NODE1,NODE2,NODE0. ~locked_epoch3(NODE0) | ~transfer_epoch5(NODE1) | ep_epoch0(NODE2) | ep_epoch1(NODE2) | locked_epoch2(NODE2) | locked_epoch4(NODE2) | ((NODE1 ~= NODE2 | NODE0 = NODE1) & (NODE0 ~= NODE1 | NODE0 = NODE2))","13","------00-----------01--0------------1-","10","261","3","0200121030"
"957","forall NODE1,NODE0. ~locked_epoch3(NODE0) | ep_epoch0(NODE1) | ep_epoch1(NODE1) | ep_epoch2(NODE1) | ep_epoch4(NODE0) | locked_epoch4(NODE1) | NODE0 = NODE1","9","----0-000-----------1--0--------------","7","134","21","0400110020"
"958","forall NODE1,NODE0. ~locked_epoch3(NODE0) | ep_epoch0(NODE1) | ep_epoch1(NODE1) | ep_epoch2(NODE1) | ep_epoch4(NODE1) | ep_epoch5(NODE1) | NODE0 = NODE1","9","------000-00--------1-----------------","7","139","5","0500100020"
"959","forall NODE1,NODE0. ~locked_epoch3(NODE0) | ep_epoch0(NODE1) | ep_epoch1(NODE1) | ep_epoch2(NODE1) | ep_epoch4(NODE1) | held(NODE1) | NODE0 = NODE1","9","------000-0--0------1-----------------","7","136","3","0401100020"
"960","forall NODE1,NODE0. ~locked_epoch3(NODE0) | ep_epoch0(NODE1) | ep_epoch1(NODE1) | ep_epoch2(NODE1) | ep_epoch4(NODE1) | locked_epoch5(NODE1) | NODE0 = NODE1","9","------000-0---------1----0------------","7","134","21","0400110020"
"961","forall NODE1,NODE0. ~locked_epoch3(NODE0) | ep_epoch0(NODE1) | ep_epoch1(NODE1) | ep_epoch2(NODE1) | ep_epoch5(NODE1) | locked_epoch4(NODE1) | NODE0 = NODE1","9","------000--0--------1--0--------------","7","134","21","0400110020"
"962","forall NODE1,NODE0. ~locked_epoch3(NODE0) | ep_epoch0(NODE1) | ep_epoch1(NODE1) | ep_epoch2(NODE1) | held(NODE1) | locked_epoch4(NODE1) | NODE0 = NODE1","9","------000----0------1--0--------------","7","128","7","0301110020"
"963","forall NODE1,NODE0. ~locked_epoch3(NODE0) | ep_epoch0(NODE1) | ep_epoch1(NODE1) | ep_epoch2(NODE1) | locked_epoch4(NODE0) | locked_epoch4(NODE1) | NODE0 = NODE1","9","------000-----------1-00--------------","7","125","21","0300120020"
"964","forall NODE1,NODE0. ~locked_epoch3(NODE0) | ep_epoch0(NODE1) | ep_epoch1(NODE1) | ep_epoch2(NODE1) | locked_epoch4(NODE1) | locked_epoch5(NODE1) | NODE0 = NODE1","9","------000-----------1--0-0------------","7","125","21","0300120020"
"965","forall NODE1,NODE0. ~locked_epoch3(NODE0) | ep_epoch0(NODE1) | ep_epoch1(NODE1) | ep_epoch4(NODE0) | locked_epoch2(NODE1) | locked_epoch4(NODE1) | NODE0 = NODE1","9","----0-00-----------01--0--------------","7","125","21","0300120020"
"966","forall NODE1,NODE0. ~locked_epoch3(NODE0) | ep_epoch0(NODE1) | ep_epoch1(NODE1) | ep_epoch4(NODE1) | ep_epoch5(NODE1) | locked_epoch2(NODE1) | NODE0 = NODE1","9","------00--00-------01-----------------","7","134","21","0400110020"
"967","forall NODE1,NODE0. ~locked_epoch3(NODE0) | ep_epoch0(NODE1) | ep_epoch1(NODE1) | ep_epoch4(NODE1) | held(NODE1) | locked_epoch2(NODE1) | NODE0 = NODE1","9","------00--0--0-----01-----------------","7","128","7","0301110020"
"968","forall NODE1,NODE0. ~locked_epoch3(NODE0) | ep_epoch0(NODE1) | ep_epoch1(NODE1) | ep_epoch4(NODE1) | locked_epoch2(NODE1) | locked_epoch5(NODE1) | NODE0 = NODE1","9","------00--0--------01----0------------","7","125","21","0300120020"
"969","forall NODE1,NODE0. ~locked_epoch3(NODE0) | ep_epoch0(NODE1) | ep_epoch1(NODE1) | ep_epoch5(NODE1) | locked_epoch2(NODE1) | locked_epoch4(NODE1) | NODE0 = NODE1","9","------00---0-------01--0--------------","7","125","21","0300120020"
"970","forall NODE1,NODE0. ~locked_epoch3(NODE0) | ep_epoch0(NODE1) | ep_epoch1(NODE1) | held(NODE1) | locked_epoch2(NODE1) | locked_epoch4(NODE1) | NODE0 = NODE1","9","------00-----0-----01--0--------------","7","118","4","0201120020"
"971","forall NODE1,NODE0. ~locked_epoch3(NODE0) | ep_epoch0(NODE1) | ep_epoch1(NODE1) | locked_epoch2(NODE1) | locked_epoch4(NODE0) | locked_epoch4(NODE1) | NODE0 = NODE1","9","------00-----------01-00--------------","7","115","9","0200130020"
"972","forall NODE1,NODE0. ~locked_epoch3(NODE0) | ep_epoch0(NODE1) | ep_epoch1(NODE1) | locked_epoch2(NODE1) | locked_epoch4(NODE1) | locked_epoch5(NODE1) | NODE0 = NODE1","9","------00-----------01--0-0------------","7","115","9","0200130020"
"973","forall NODE1,NODE0. ~locked_epoch3(NODE0) | ep_epoch2(NODE1) | ep_epoch3(NODE0) | ep_epoch4(NODE0) | ep_epoch4(NODE1) | locked_epoch2(NODE0) | NODE0 = NODE1","9","---00---0-0-------0-1-----------------","7","134","21","0400110020"
"974","forall NODE1,NODE0. ~locked_epoch3(NODE0) | ep_epoch2(NODE1) | ep_epoch3(NODE0) | ep_epoch5(NODE0) | ep_epoch5(NODE1) | locked_epoch2(NODE0) | NODE0 = NODE1","9","---0-0--0--0------0-1-----------------","7","134","21","0400110020"
"975","forall NODE1,NODE2,NODE3,NODE0. ~locked_epoch3(NODE0) | ep_epoch2(NODE1) | ep_epoch3(NODE0) | ep_epoch5(NODE2) | held(NODE3) | locked_epoch2(NODE0) | ((NODE0 ~= NODE2 | NODE1 ~= NODE3 | NODE0 = NODE1) & (NODE0 ~= NODE3 | NODE1 ~= NODE2 | NODE0 = NODE1))","16","---0-0--0----0----0-1-----------------","12","311","2","0301110040"
"976","forall NODE1,NODE2,NODE3,NODE0. ~locked_epoch3(NODE0) | ep_epoch2(NODE1) | ep_epoch3(NODE0) | ep_epoch5(NODE2) | locked_epoch2(NODE0) | locked_epoch5(NODE3) | ((NODE0 ~= NODE2 | NODE1 ~= NODE3 | NODE0 = NODE1) & (NODE0 ~= NODE3 | NODE1 ~= NODE2 | NODE0 = NODE1))","16","---0-0--0---------0-1----0------------","12","309","2","0300120040"
"977","forall NODE1,NODE0. ~locked_epoch3(NODE0) | ep_epoch2(NODE1) | ep_epoch3(NODE0) | held(NODE0) | held(NODE1) | locked_epoch2(NODE0) | NODE0 = NODE1","9","---0----0---00----0-1-----------------","7","120","2","0202110020"
"978","forall NODE1,NODE2,NODE3,NODE0. ~locked_epoch3(NODE0) | ep_epoch2(NODE1) | ep_epoch3(NODE0) | held(NODE2) | locked_epoch2(NODE0) | locked_epoch5(NODE3) | ((NODE0 ~= NODE2 | NODE1 ~= NODE3 | NODE0 = NODE1) & (NODE0 ~= NODE3 | NODE1 ~= NODE2 | NODE0 = NODE1))","16","---0----0---0-----0-1----0------------","12","308","2","0201120040"
"979","forall NODE1,NODE0. ~locked_epoch3(NODE0) | ep_epoch2(NODE1) | ep_epoch3(NODE0) | locked_epoch2(NODE0) | locked_epoch5(NODE0) | locked_epoch5(NODE1) | NODE0 = NODE1","9","---0----0---------0-1---00------------","7","115","9","0200130020"
"980","forall NODE1,NODE0. ~locked_epoch3(NODE0) | ep_epoch3(NODE0) | ep_epoch5(NODE1) | held(NODE0) | transfer_epoch5(NODE0) | transfer_epoch5(NODE1) | NODE0 = NODE1","9","---0-------00-------1---------------00","7","0","157","0201100220"
"981","forall NODE1,NODE0. ~locked_epoch3(NODE0) | ep_epoch3(NODE0) | held(NODE0) | held(NODE1) | transfer_epoch5(NODE0) | transfer_epoch5(NODE1) | NODE0 = NODE1","9","---0--------00------1---------------00","7","0","157","0102100220"
"982","forall NODE1,NODE0. ~locked_epoch3(NODE0) | ep_epoch3(NODE0) | held(NODE0) | locked_epoch5(NODE1) | transfer_epoch5(NODE0) | transfer_epoch5(NODE1) | NODE0 = NODE1","9","---0--------0-------1----0----------00","7","113","2","0101110220"
"983","forall NODE1,NODE0. ~locked_epoch3(NODE0) | ep_epoch4(NODE0) | held(NODE0) | locked_epoch4(NODE1) | transfer_epoch4(NODE0) | transfer_epoch4(NODE1) | NODE0 = NODE1","9","----0-------0-------1--0----------00--","7","113","2","0101110220"
"984","forall NODE1,NODE0. ~locked_epoch3(NODE0) | held(NODE0) | locked_epoch4(NODE0) | locked_epoch4(NODE1) | transfer_epoch4(NODE0) | transfer_epoch4(NODE1) | NODE0 = NODE1","9","------------0-------1-00----------00--","7","111","2","0001120220"
"985","forall NODE1,NODE0. ~locked_epoch4(NODE0) | ~locked_epoch5(NODE0) | ep_epoch0(NODE1) | ep_epoch1(NODE1) | ep_epoch2(NODE1) | ep_epoch3(NODE1) | NODE0 = NODE1","9","------0000------------1-1-------------","7","135","10","0400200020"
"986","forall NODE1,NODE0. ~locked_epoch4(NODE0) | ~locked_epoch5(NODE0) | ep_epoch0(NODE1) | ep_epoch1(NODE1) | ep_epoch2(NODE1) | locked_epoch3(NODE1) | NODE0 = NODE1","9","------000------------01-1-------------","7","126","15","0300210020"
"987","forall NODE1,NODE0. ~locked_epoch4(NODE0) | ~locked_epoch5(NODE0) | ep_epoch0(NODE1) | ep_epoch1(NODE1) | ep_epoch3(NODE1) | locked_epoch2(NODE1) | NODE0 = NODE1","9","------00-0---------0--1-1-------------","7","126","15","0300210020"
"988","forall NODE1,NODE0. ~locked_epoch4(NODE0) | ~locked_epoch5(NODE0) | ep_epoch0(NODE1) | ep_epoch1(NODE1) | locked_epoch2(NODE1) | locked_epoch3(NODE1) | NODE0 = NODE1","9","------00-----------0-01-1-------------","7","116","8","0200220020"
"989","forall NODE1,NODE2,NODE0. ~locked_epoch4(NODE0) | ~transfer_epoch5(NODE1) | ep_epoch0(NODE2) | ep_epoch1(NODE2) | ep_epoch2(NODE2) | ep_epoch3(NODE2) | ((NODE1 ~= NODE2 | NODE0 = NODE1) & (NODE0 ~= NODE1 | NODE0 = NODE2))","13","------0000------------1-------------1-","10","271","4","0400101030"
"990","forall NODE1,NODE2,NODE0. ~locked_epoch4(NODE0) | ~transfer_epoch5(NODE1) | ep_epoch0(NODE2) | ep_epoch1(NODE2) | ep_epoch2(NODE2) | locked_epoch3(NODE2) | ((NODE1 ~= NODE2 | NODE0 = NODE1) & (NODE0 ~= NODE1 | NODE0 = NODE2))","13","------000------------01-------------1-","10","265","8","0300111030"
"991","forall NODE1,NODE2,NODE0. ~locked_epoch4(NODE0) | ~transfer_epoch5(NODE1) | ep_epoch0(NODE2) | ep_epoch1(NODE2) | ep_epoch3(NODE2) | locked_epoch2(NODE2) | ((NODE1 ~= NODE2 | NODE0 = NODE1) & (NODE0 ~= NODE1 | NODE0 = NODE2))","13","------00-0---------0--1-------------1-","10","265","8","0300111030"
"992","forall NODE1,NODE2,NODE0. ~locked_epoch4(NODE0) | ~transfer_epoch5(NODE1) | ep_epoch0(NODE2) | ep_epoch1(NODE2) | locked_epoch2(NODE2) | locked_epoch3(NODE2) | ((NODE1 ~= NODE2 | NODE0 = NODE1) & (NODE0 ~= NODE1 | NODE0 = NODE2))","13","------00-----------0-01-------------1-","10","261","3","0200121030"
"993","forall NODE1,NODE0. ~locked_epoch4(NODE0) | ep_epoch0(NODE1) | ep_epoch1(NODE1) | ep_epoch2(NODE1) | ep_epoch3(NODE1) | ep_epoch4(NODE0) | NODE0 = NODE1","9","----0-0000------------1---------------","7","139","5","0500100020"
"994","forall NODE1,NODE0. ~locked_epoch4(NODE0) | ep_epoch0(NODE1) | ep_epoch1(NODE1) | ep_epoch2(NODE1) | ep_epoch3(NODE1) | ep_epoch5(NODE1) | NODE0 = NODE1","9","------0000-0----------1---------------","7","139","5","0500100020"
"995","forall NODE1,NODE0. ~locked_epoch4(NODE0) | ep_epoch0(NODE1) | ep_epoch1(NODE1) | ep_epoch2(NODE1) | ep_epoch3(NODE1) | held(NODE1) | NODE0 = NODE1","9","------0000---0--------1---------------","7","136","3","0401100020"
"996","forall NODE1,NODE0. ~locked_epoch4(NODE0) | ep_epoch0(NODE1) | ep_epoch1(NODE1) | ep_epoch2(NODE1) | ep_epoch3(NODE1) | locked_epoch5(NODE1) | NODE0 = NODE1","9","------0000------------1--0------------","7","134","21","0400110020"
"997","forall NODE1,NODE0. ~locked_epoch4(NODE0) | ep_epoch0(NODE1) | ep_epoch1(NODE1) | ep_epoch2(NODE1) | ep_epoch4(NODE0) | locked_epoch3(NODE1) | NODE0 = NODE1","9","----0-000------------01---------------","7","134","21","0400110020"
"998","forall NODE1,NODE0. ~locked_epoch4(NODE0) | ep_epoch0(NODE1) | ep_epoch1(NODE1) | ep_epoch2(NODE1) | ep_epoch5(NODE1) | locked_epoch3(NODE1) | NODE0 = NODE1","9","------000--0---------01---------------","7","134","21","0400110020"
"999","forall NODE1,NODE0. ~locked_epoch4(NODE0) | ep_epoch0(NODE1) | ep_epoch1(NODE1) | ep_epoch2(NODE1) | held(NODE1) | locked_epoch3(NODE1) | NODE0 = NODE1","9","------000----0-------01---------------","7","128","7","0301110020"
"1000","forall NODE1,NODE0. ~locked_epoch4(NODE0) | ep_epoch0(NODE1) | ep_epoch1(NODE1) | ep_epoch2(NODE1) | locked_epoch3(NODE1) | locked_epoch5(NODE1) | NODE0 = NODE1","9","------000------------01--0------------","7","125","21","0300120020"
"1001","forall NODE1,NODE0. ~locked_epoch4(NODE0) | ep_epoch0(NODE1) | ep_epoch1(NODE1) | ep_epoch3(NODE1) | ep_epoch4(NODE0) | locked_epoch2(NODE1) | NODE0 = NODE1","9","----0-00-0---------0--1---------------","7","134","21","0400110020"
"1002","forall NODE1,NODE0. ~locked_epoch4(NODE0) | ep_epoch0(NODE1) | ep_epoch1(NODE1) | ep_epoch3(NODE1) | ep_epoch5(NODE1) | locked_epoch2(NODE1) | NODE0 = NODE1","9","------00-0-0-------0--1---------------","7","134","21","0400110020"
"1003","forall NODE1,NODE0. ~locked_epoch4(NODE0) | ep_epoch0(NODE1) | ep_epoch1(NODE1) | ep_epoch3(NODE1) | held(NODE1) | locked_epoch2(NODE1) | NODE0 = NODE1","9","------00-0---0-----0--1---------------","7","128","7","0301110020"
"1004","forall NODE1,NODE0. ~locked_epoch4(NODE0) | ep_epoch0(NODE1) | ep_epoch1(NODE1) | ep_epoch3(NODE1) | locked_epoch2(NODE1) | locked_epoch5(NODE1) | NODE0 = NODE1","9","------00-0---------0--1--0------------","7","125","21","0300120020"
"1005","forall NODE1,NODE0. ~locked_epoch4(NODE0) | ep_epoch0(NODE1) | ep_epoch1(NODE1) | ep_epoch4(NODE0) | locked_epoch2(NODE1) | locked_epoch3(NODE1) | NODE0 = NODE1","9","----0-00-----------0-01---------------","7","125","21","0300120020"
"1006","forall NODE1,NODE0. ~locked_epoch4(NODE0) | ep_epoch0(NODE1) | ep_epoch1(NODE1) | ep_epoch5(NODE1) | locked_epoch2(NODE1) | locked_epoch3(NODE1) | NODE0 = NODE1","9","------00---0-------0-01---------------","7","125","21","0300120020"
"1007","forall NODE1,NODE0. ~locked_epoch4(NODE0) | ep_epoch0(NODE1) | ep_epoch1(NODE1) | held(NODE1) | locked_epoch2(NODE1) | locked_epoch3(NODE1) | NODE0 = NODE1","9","------00-----0-----0-01---------------","7","118","4","0201120020"
"1008","forall NODE1,NODE0. ~locked_epoch4(NODE0) | ep_epoch0(NODE1) | ep_epoch1(NODE1) | locked_epoch2(NODE1) | locked_epoch3(NODE1) | locked_epoch5(NODE1) | NODE0 = NODE1","9","------00-----------0-01--0------------","7","115","9","0200130020"
"1009","forall NODE1,NODE0. ~locked_epoch5(NODE0) | ep_epoch0(NODE1) | ep_epoch1(NODE1) | ep_epoch2(NODE1) | ep_epoch3(NODE1) | ep_epoch4(NODE1) | NODE0 = NODE1","9","------00000-------------1-------------","7","139","5","0500100020"
"1010","forall NODE1,NODE0. ~locked_epoch5(NODE0) | ep_epoch0(NODE1) | ep_epoch1(NODE1) | ep_epoch2(NODE1) | ep_epoch3(NODE1) | locked_epoch4(NODE1) | NODE0 = NODE1","9","------0000-------------01-------------","7","134","21","0400110020"
"1011","forall NODE1,NODE0. ~locked_epoch5(NODE0) | ep_epoch0(NODE1) | ep_epoch1(NODE1) | ep_epoch2(NODE1) | ep_epoch4(NODE1) | locked_epoch3(NODE1) | NODE0 = NODE1","9","------000-0----------0--1-------------","7","134","21","0400110020"
"1012","forall NODE1,NODE0. ~locked_epoch5(NODE0) | ep_epoch0(NODE1) | ep_epoch1(NODE1) | ep_epoch2(NODE1) | locked_epoch3(NODE1) | locked_epoch4(NODE1) | NODE0 = NODE1","9","------000------------0-01-------------","7","125","21","0300120020"
"1013","forall NODE1,NODE0. ~locked_epoch5(NODE0) | ep_epoch0(NODE1) | ep_epoch1(NODE1) | ep_epoch3(NODE1) | ep_epoch4(NODE1) | locked_epoch2(NODE1) | NODE0 = NODE1","9","------00-00--------0----1-------------","7","134","21","0400110020"
"1014","forall NODE1,NODE0. ~locked_epoch5(NODE0) | ep_epoch0(NODE1) | ep_epoch1(NODE1) | ep_epoch3(NODE1) | locked_epoch2(NODE1) | locked_epoch4(NODE1) | NODE0 = NODE1","9","------00-0---------0---01-------------","7","125","21","0300120020"
"1015","forall NODE1,NODE0. ~locked_epoch5(NODE0) | ep_epoch0(NODE1) | ep_epoch1(NODE1) | ep_epoch4(NODE1) | locked_epoch2(NODE1) | locked_epoch3(NODE1) | NODE0 = NODE1","9","------00--0--------0-0--1-------------","7","125","21","0300120020"
"1016","forall NODE1,NODE0. ~locked_epoch5(NODE0) | ep_epoch0(NODE1) | ep_epoch1(NODE1) | locked_epoch2(NODE1) | locked_epoch3(NODE1) | locked_epoch4(NODE1) | NODE0 = NODE1","9","------00-----------0-0-01-------------","7","115","9","0200130020"
"1017","forall NODE1,NODE0. ~transfer_epoch5(NODE0) | ep_epoch0(NODE1) | ep_epoch1(NODE1) | ep_epoch2(NODE1) | ep_epoch3(NODE1) | ep_epoch4(NODE1)","8","00000-------------------------------1-","6","0","157","0500001020"
"1018","forall NODE1,NODE0. ~transfer_epoch5(NODE0) | ep_epoch0(NODE1) | ep_epoch1(NODE1) | ep_epoch2(NODE1) | ep_epoch3(NODE1) | locked_epoch4(NODE1)","8","0000------------------0-------------1-","6","92","3","0400011020"
"1019","forall NODE1,NODE2,NODE0. ~transfer_epoch5(NODE0) | ep_epoch0(NODE1) | ep_epoch1(NODE1) | ep_epoch2(NODE1) | ep_epoch3(NODE2) | locked_epoch3(NODE1) | ((NODE0 ~= NODE1 | NODE0 = NODE2) & (NODE0 ~= NODE2 | NODE0 = NODE1))","13","000------0----------0---------------1-","10","0","157","0400011030"
"1020","forall NODE1,NODE0. ~transfer_epoch5(NODE0) | ep_epoch0(NODE1) | ep_epoch1(NODE1) | ep_epoch2(NODE1) | ep_epoch4(NODE1) | locked_epoch3(NODE1)","8","000-0---------------0---------------1-","6","92","3","0400011020"
"1021","forall NODE1,NODE0. ~transfer_epoch5(NODE0) | ep_epoch0(NODE1) | ep_epoch1(NODE1) | ep_epoch2(NODE1) | locked_epoch3(NODE1) | locked_epoch4(NODE1)","8","000-----------------0-0-------------1-","6","87","3","0300021020"
"1022","forall NODE1,NODE0. ~transfer_epoch5(NODE0) | ep_epoch0(NODE1) | ep_epoch1(NODE1) | ep_epoch3(NODE1) | ep_epoch4(NODE1) | locked_epoch2(NODE1)","8","00-00-------------0-----------------1-","6","92","3","0400011020"
"1023","forall NODE1,NODE0. ~transfer_epoch5(NODE0) | ep_epoch0(NODE1) | ep_epoch1(NODE1) | ep_epoch3(NODE1) | locked_epoch2(NODE1) | locked_epoch4(NODE1)","8","00-0--------------0---0-------------1-","6","87","3","0300021020"
"1024","forall NODE1,NODE2,NODE0. ~transfer_epoch5(NODE0) | ep_epoch0(NODE1) | ep_epoch1(NODE1) | ep_epoch3(NODE2) | locked_epoch2(NODE1) | locked_epoch3(NODE1) | ((NODE0 ~= NODE1 | NODE0 = NODE2) & (NODE0 ~= NODE2 | NODE0 = NODE1))","13","00-------0--------0-0---------------1-","10","0","157","0300021030"
"1025","forall NODE1,NODE0. ~transfer_epoch5(NODE0) | ep_epoch0(NODE1) | ep_epoch1(NODE1) | ep_epoch4(NODE1) | locked_epoch2(NODE1) | locked_epoch3(NODE1)","8","00--0-------------0-0---------------1-","6","87","3","0300021020"
"1026","forall NODE1,NODE0. ~transfer_epoch5(NODE0) | ep_epoch0(NODE1) | ep_epoch1(NODE1) | locked_epoch2(NODE1) | locked_epoch3(NODE1) | locked_epoch4(NODE1)","8","00----------------0-0-0-------------1-","6","0","157","0200031020"
"1027","exists NODE0. ep_epoch0(NODE0) | ep_epoch1(NODE0) | locked_epoch3(NODE0)","4","00----00------------00----------------","3","13","3","0400020001"
"1028","exists NODE0. ep_epoch0(NODE0) | ep_epoch2(NODE0) | locked_epoch3(NODE0)","4","0-0---0-0-----------00----------------","3","13","3","0400020001"
"1029","forall NODE1,NODE0. ep_epoch0(NODE0) | ep_epoch0(NODE1) | ep_epoch2(NODE0) | locked_epoch2(NODE1) | locked_epoch3(NODE0) | locked_epoch3(NODE1) | NODE0 = NODE1","9","0-0---0------------000----------------","7","124","6","0300030020"
"1030","forall NODE0. ep_epoch0(NODE0) | ep_epoch1(NODE0) | ep_epoch2(NODE0) | ep_epoch3(NODE0) | ep_epoch4(NODE0) | ep_epoch5(NODE0)","7","000000--------------------------------","6","0","157","0600000010"
"1031","forall NODE0. ep_epoch0(NODE0) | ep_epoch1(NODE0) | ep_epoch2(NODE0) | ep_epoch3(NODE0) | ep_epoch4(NODE0) | held(NODE0)","7","00000-------0-------------------------","6","0","157","0501000010"
"1032","forall NODE0. ep_epoch0(NODE0) | ep_epoch1(NODE0) | ep_epoch2(NODE0) | ep_epoch3(NODE0) | ep_epoch4(NODE0) | locked_epoch5(NODE0)","7","00000-------------------0-------------","6","62","4","0500010010"
"1033","forall NODE1,NODE0. ep_epoch0(NODE0) | ep_epoch1(NODE0) | ep_epoch2(NODE0) | ep_epoch3(NODE0) | ep_epoch4(NODE1) | locked_epoch4(NODE0) | NODE0 = NODE1","9","0000------0-----------0---------------","7","0","157","0500010020"
"1034","forall NODE0. ep_epoch0(NODE0) | ep_epoch1(NODE0) | ep_epoch2(NODE0) | ep_epoch3(NODE0) | ep_epoch5(NODE0) | locked_epoch4(NODE0)","7","0000-0----------------0---------------","6","62","4","0500010010"
"1035","forall NODE0. ep_epoch0(NODE0) | ep_epoch1(NODE0) | ep_epoch2(NODE0) | ep_epoch3(NODE0) | held(NODE0) | locked_epoch4(NODE0)","7","0000--------0---------0---------------","6","60","3","0401010010"
"1036","forall NODE1,NODE0. ep_epoch0(NODE0) | ep_epoch1(NODE0) | ep_epoch2(NODE0) | ep_epoch3(NODE0) | locked_epoch4(NODE0) | locked_epoch4(NODE1) | NODE0 = NODE1","9","0000------------------00--------------","7","133","3","0400020020"
"1037","forall NODE0. ep_epoch0(NODE0) | ep_epoch1(NODE0) | ep_epoch2(NODE0) | ep_epoch3(NODE0) | locked_epoch4(NODE0) | locked_epoch5(NODE0)","7","0000------------------0-0-------------","6","59","6","0400020010"
"1038","forall NODE0. ep_epoch0(NODE0) | ep_epoch1(NODE0) | ep_epoch2(NODE0) | ep_epoch4(NODE0) | ep_epoch5(NODE0) | locked_epoch3(NODE0)","7","000-00--------------0-----------------","6","62","4","0500010010"
"1039","forall NODE0. ep_epoch0(NODE0) | ep_epoch1(NODE0) | ep_epoch2(NODE0) | ep_epoch4(NODE0) | held(NODE0) | locked_epoch3(NODE0)","7","000-0-------0-------0-----------------","6","60","3","0401010010"
"1040","forall NODE0. ep_epoch0(NODE0) | ep_epoch1(NODE0) | ep_epoch2(NODE0) | ep_epoch4(NODE0) | locked_epoch3(NODE0) | locked_epoch5(NODE0)","7","000-0---------------0---0-------------","6","59","6","0400020010"
"1041","forall NODE1,NODE0. ep_epoch0(NODE0) | ep_epoch1(NODE0) | ep_epoch2(NODE0) | ep_epoch4(NODE1) | locked_epoch3(NODE0) | locked_epoch4(NODE0) | NODE0 = NODE1","9","000-------0---------0-0---------------","7","133","3","0400020020"
"1042","forall NODE0. ep_epoch0(NODE0) | ep_epoch1(NODE0) | ep_epoch2(NODE0) | ep_epoch5(NODE0) | locked_epoch3(NODE0) | locked_epoch4(NODE0)","7","000--0--------------0-0---------------","6","59","6","0400020010"
"1043","forall NODE0. ep_epoch0(NODE0) | ep_epoch1(NODE0) | ep_epoch2(NODE0) | held(NODE0) | locked_epoch3(NODE0) | locked_epoch4(NODE0)","7","000---------0-------0-0---------------","6","57","3","0301020010"
"1044","forall NODE1,NODE0. ep_epoch0(NODE0) | ep_epoch1(NODE0) | ep_epoch2(NODE0) | locked_epoch3(NODE0) | locked_epoch4(NODE0) | locked_epoch4(NODE1) | NODE0 = NODE1","9","000-----------------0-00--------------","7","124","6","0300030020"
"1045","forall NODE0. ep_epoch0(NODE0) | ep_epoch1(NODE0) | ep_epoch2(NODE0) | locked_epoch3(NODE0) | locked_epoch4(NODE0) | locked_epoch5(NODE0)","7","000-----------------0-0-0-------------","6","56","4","0300030010"
"1046","forall NODE1,NODE0. ep_epoch0(NODE0) | ep_epoch1(NODE0) | ep_epoch2(NODE1) | locked_epoch2(NODE0) | locked_epoch4(NODE0) | locked_epoch4(NODE1) | NODE0 = NODE1","9","00------0---------0---00--------------","7","124","6","0300030020"
"1047","forall NODE0. ep_epoch0(NODE0) | ep_epoch1(NODE0) | ep_epoch3(NODE0) | ep_epoch4(NODE0) | ep_epoch5(NODE0) | locked_epoch2(NODE0)","7","00-000------------0-------------------","6","62","4","0500010010"
"1048","forall NODE0. ep_epoch0(NODE0) | ep_epoch1(NODE0) | ep_epoch3(NODE0) | ep_epoch4(NODE0) | held(NODE0) | locked_epoch2(NODE0)","7","00-00-------0-----0-------------------","6","60","3","0401010010"
"1049","forall NODE0. ep_epoch0(NODE0) | ep_epoch1(NODE0) | ep_epoch3(NODE0) | ep_epoch4(NODE0) | locked_epoch2(NODE0) | locked_epoch5(NODE0)","7","00-00-------------0-----0-------------","6","59","6","0400020010"
"1050","forall NODE1,NODE0. ep_epoch0(NODE0) | ep_epoch1(NODE0) | ep_epoch3(NODE0) | ep_epoch4(NODE1) | locked_epoch2(NODE0) | locked_epoch4(NODE0) | NODE0 = NODE1","9","00-0------0-------0---0---------------","7","133","3","0400020020"
"1051","forall NODE0. ep_epoch0(NODE0) | ep_epoch1(NODE0) | ep_epoch3(NODE0) | ep_epoch5(NODE0) | locked_epoch2(NODE0) | locked_epoch4(NODE0)","7","00-0-0------------0---0---------------","6","59","6","0400020010"
"1052","forall NODE0. ep_epoch0(NODE0) | ep_epoch1(NODE0) | ep_epoch3(NODE0) | held(NODE0) | locked_epoch2(NODE0) | locked_epoch4(NODE0)","7","00-0--------0-----0---0---------------","6","57","3","0301020010"
"1053","forall NODE1,NODE0. ep_epoch0(NODE0) | ep_epoch1(NODE0) | ep_epoch3(NODE0) | locked_epoch2(NODE0) | locked_epoch4(NODE0) | locked_epoch4(NODE1) | NODE0 = NODE1","9","00-0--------------0---00--------------","7","124","6","0300030020"
"1054","forall NODE0. ep_epoch0(NODE0) | ep_epoch1(NODE0) | ep_epoch3(NODE0) | locked_epoch2(NODE0) | locked_epoch4(NODE0) | locked_epoch5(NODE0)","7","00-0--------------0---0-0-------------","6","56","4","0300030010"
"1055","forall NODE0. ep_epoch0(NODE0) | ep_epoch1(NODE0) | ep_epoch4(NODE0) | ep_epoch5(NODE0) | locked_epoch2(NODE0) | locked_epoch3(NODE0)","7","00--00------------0-0-----------------","6","59","6","0400020010"
"1056","forall NODE0. ep_epoch0(NODE0) | ep_epoch1(NODE0) | ep_epoch4(NODE0) | held(NODE0) | locked_epoch2(NODE0) | locked_epoch3(NODE0)","7","00--0-------0-----0-0-----------------","6","57","3","0301020010"
"1057","forall NODE0. ep_epoch0(NODE0) | ep_epoch1(NODE0) | ep_epoch4(NODE0) | locked_epoch2(NODE0) | locked_epoch3(NODE0) | locked_epoch5(NODE0)","7","00--0-------------0-0---0-------------","6","56","4","0300030010"
"1058","forall NODE1,NODE0. ep_epoch0(NODE0) | ep_epoch1(NODE0) | ep_epoch4(NODE1) | locked_epoch2(NODE0) | locked_epoch3(NODE0) | locked_epoch4(NODE0) | NODE0 = NODE1","9","00--------0-------0-0-0---------------","7","124","6","0300030020"
"1059","forall NODE0. ep_epoch0(NODE0) | ep_epoch1(NODE0) | ep_epoch5(NODE0) | locked_epoch2(NODE0) | locked_epoch3(NODE0) | locked_epoch4(NODE0)","7","00---0------------0-0-0---------------","6","56","4","0300030010"
"1060","forall NODE0. ep_epoch0(NODE0) | ep_epoch1(NODE0) | held(NODE0) | locked_epoch2(NODE0) | locked_epoch3(NODE0) | locked_epoch4(NODE0)","7","00----------0-----0-0-0---------------","6","0","157","0201030010"
"1061","forall NODE1,NODE0. ep_epoch0(NODE0) | ep_epoch1(NODE0) | locked_epoch2(NODE0) | locked_epoch3(NODE0) | locked_epoch4(NODE0) | locked_epoch4(NODE1) | NODE0 = NODE1","9","00----------------0-0-00--------------","7","0","157","0200040020"
"1062","forall NODE0. ep_epoch0(NODE0) | ep_epoch1(NODE0) | locked_epoch2(NODE0) | locked_epoch3(NODE0) | locked_epoch4(NODE0) | locked_epoch5(NODE0)","7","00----------------0-0-0-0-------------","6","0","157","0200040010"
"1063","forall NODE1,NODE0. ep_epoch0(NODE0) | held(NODE0) | locked_epoch2(NODE0) | locked_epoch2(NODE1) | transfer_epoch2(NODE0) | transfer_epoch2(NODE1) | NODE0 = NODE1","9","0-----------0-----00----------00------","7","112","2","0101020220"
"1064","exists NODE0. ep_epoch1(NODE0) | ep_epoch2(NODE0) | locked_epoch3(NODE0)","4","-00----00-----------00----------------","3","13","3","0400020001"
"1065","forall NODE1,NODE0. ep_epoch1(NODE0) | ep_epoch1(NODE1) | ep_epoch2(NODE0) | locked_epoch2(NODE1) | locked_epoch3(NODE0) | locked_epoch3(NODE1) | NODE0 = NODE1","9","-00----0-----------000----------------","7","124","6","0300030020"
"1066","forall NODE1,NODE0. ep_epoch1(NODE0) | held(NODE1) | locked_epoch2(NODE0) | locked_epoch2(NODE1) | transfer_epoch2(NODE0) | transfer_epoch2(NODE1) | NODE0 = NODE1","9","-0-----------0----00----------00------","7","112","2","0101020220"
"1067","exists NODE0. held(NODE0) | locked_epoch2(NODE0) | transfer_epoch2(NODE0)","4","------------00----00----------00------","3","0","157","0002020201"
"1068","forall NODE1,NODE0. ~ep_epoch0(NODE0) | ~locked_epoch2(NODE1) | ep_epoch2(NODE1) | ep_epoch3(NODE1) | held(NODE1) | transfer_epoch5(NODE0) | transfer_epoch5(NODE1) | NODE0 = NODE1","10","1-------00---0-----1----------------00","8","185","7","1201100220"
"1069","forall NODE1,NODE0. ~ep_epoch0(NODE0) | ~locked_epoch2(NODE1) | ep_epoch2(NODE1) | ep_epoch4(NODE1) | held(NODE1) | transfer_epoch4(NODE0) | transfer_epoch4(NODE1) | NODE0 = NODE1","10","1-------0-0--0-----1--------------00--","8","185","7","1201100220"
"1070","forall NODE1,NODE0. ~ep_epoch0(NODE0) | ~locked_epoch2(NODE1) | ep_epoch2(NODE1) | held(NODE1) | locked_epoch4(NODE1) | transfer_epoch4(NODE0) | transfer_epoch4(NODE1) | NODE0 = NODE1","10","1-------0----0-----1---0----------00--","8","183","4","1101110220"
"1071","forall NODE1,NODE0. ~ep_epoch0(NODE0) | ~locked_epoch2(NODE1) | ep_epoch3(NODE1) | ep_epoch4(NODE1) | held(NODE1) | transfer_epoch3(NODE0) | transfer_epoch3(NODE1) | NODE0 = NODE1","10","1--------00--0-----1------------00----","8","185","7","1201100220"
"1072","forall NODE1,NODE0. ~ep_epoch0(NODE0) | ~locked_epoch2(NODE1) | ep_epoch3(NODE1) | held(NODE1) | locked_epoch4(NODE1) | transfer_epoch3(NODE0) | transfer_epoch3(NODE1) | NODE0 = NODE1","10","1--------0---0-----1---0--------00----","8","183","4","1101110220"
"1073","forall NODE1,NODE0. ~ep_epoch0(NODE0) | ~locked_epoch3(NODE1) | held(NODE1) | transfer_epoch4(NODE0) | transfer_epoch4(NODE1) | transfer_epoch5(NODE0) | transfer_epoch5(NODE1) | NODE0 = NODE1","10","1------------0-------1------------0000","8","181","3","1001100420"
"1074","forall NODE1,NODE0. ~ep_epoch0(NODE0) | ep_epoch1(NODE1) | ep_epoch2(NODE1) | ep_epoch3(NODE1) | held(NODE1) | transfer_epoch5(NODE0) | transfer_epoch5(NODE1) | NODE0 = NODE1","10","1------000---0----------------------00","8","186","11","1301000220"
"1075","forall NODE1,NODE0. ~ep_epoch0(NODE0) | ep_epoch1(NODE1) | ep_epoch2(NODE1) | ep_epoch4(NODE1) | held(NODE1) | transfer_epoch4(NODE0) | transfer_epoch4(NODE1) | NODE0 = NODE1","10","1------00-0--0--------------------00--","8","186","11","1301000220"
"1076","forall NODE1,NODE0. ~ep_epoch0(NODE0) | ep_epoch1(NODE1) | ep_epoch2(NODE1) | held(NODE1) | locked_epoch4(NODE1) | transfer_epoch4(NODE0) | transfer_epoch4(NODE1) | NODE0 = NODE1","10","1------00----0---------0----------00--","8","184","9","1201010220"
"1077","forall NODE1,NODE0. ~ep_epoch0(NODE0) | ep_epoch1(NODE1) | ep_epoch3(NODE1) | ep_epoch4(NODE1) | held(NODE1) | transfer_epoch3(NODE0) | transfer_epoch3(NODE1) | NODE0 = NODE1","10","1------0-00--0------------------00----","8","186","11","1301000220"
"1078","forall NODE1,NODE0. ~ep_epoch0(NODE0) | ep_epoch1(NODE1) | ep_epoch3(NODE1) | held(NODE1) | locked_epoch4(NODE1) | transfer_epoch3(NODE0) | transfer_epoch3(NODE1) | NODE0 = NODE1","10","1------0-0---0---------0--------00----","8","184","9","1201010220"
"1079","forall NODE1,NODE0. ~ep_epoch0(NODE0) | ep_epoch2(NODE1) | ep_epoch3(NODE1) | ep_epoch4(NODE1) | held(NODE1) | transfer_epoch2(NODE0) | transfer_epoch2(NODE1) | NODE0 = NODE1","10","1-------000--0----------------00------","8","186","11","1301000220"
"1080","forall NODE1,NODE0. ~ep_epoch0(NODE0) | ep_epoch2(NODE1) | ep_epoch3(NODE1) | held(NODE1) | locked_epoch4(NODE1) | transfer_epoch2(NODE0) | transfer_epoch2(NODE1) | NODE0 = NODE1","10","1-------00---0---------0------00------","8","184","9","1201010220"
"1081","forall NODE1,NODE0. ~ep_epoch0(NODE0) | held(NODE1) | locked_epoch3(NODE1) | transfer_epoch2(NODE0) | transfer_epoch2(NODE1) | transfer_epoch3(NODE0) | transfer_epoch3(NODE1) | NODE0 = NODE1","10","1------------0-------0--------0000----","8","0","157","1001010420"
"1082","forall NODE1,NODE0. ~ep_epoch1(NODE0) | ~locked_epoch2(NODE1) | ep_epoch2(NODE1) | ep_epoch3(NODE1) | held(NODE1) | transfer_epoch5(NODE0) | transfer_epoch5(NODE1) | NODE0 = NODE1","10","-1------00---0-----1----------------00","8","185","7","1201100220"
"1083","forall NODE1,NODE0. ~ep_epoch1(NODE0) | ~locked_epoch2(NODE1) | ep_epoch2(NODE1) | ep_epoch4(NODE1) | held(NODE1) | transfer_epoch4(NODE0) | transfer_epoch4(NODE1) | NODE0 = NODE1","10","-1------0-0--0-----1--------------00--","8","185","7","1201100220"
"1084","forall NODE1,NODE0. ~ep_epoch1(NODE0) | ~locked_epoch2(NODE1) | ep_epoch2(NODE1) | held(NODE1) | locked_epoch4(NODE1) | transfer_epoch4(NODE0) | transfer_epoch4(NODE1) | NODE0 = NODE1","10","-1------0----0-----1---0----------00--","8","183","4","1101110220"
"1085","forall NODE1,NODE0. ~ep_epoch1(NODE0) | ~locked_epoch2(NODE1) | ep_epoch3(NODE1) | ep_epoch4(NODE1) | held(NODE1) | transfer_epoch3(NODE0) | transfer_epoch3(NODE1) | NODE0 = NODE1","10","-1-------00--0-----1------------00----","8","185","7","1201100220"
"1086","forall NODE1,NODE0. ~ep_epoch1(NODE0) | ~locked_epoch2(NODE1) | ep_epoch3(NODE1) | held(NODE1) | locked_epoch4(NODE1) | transfer_epoch3(NODE0) | transfer_epoch3(NODE1) | NODE0 = NODE1","10","-1-------0---0-----1---0--------00----","8","183","4","1101110220"
"1087","forall NODE1,NODE0. ~ep_epoch1(NODE0) | ~locked_epoch3(NODE1) | held(NODE1) | transfer_epoch4(NODE0) | transfer_epoch4(NODE1) | transfer_epoch5(NODE0) | transfer_epoch5(NODE1) | NODE0 = NODE1","10","-1-----------0-------1------------0000","8","181","3","1001100420"
"1088","forall NODE1,NODE0. ~ep_epoch1(NODE0) | ep_epoch0(NODE1) | ep_epoch2(NODE1) | ep_epoch3(NODE1) | held(NODE1) | transfer_epoch5(NODE0) | transfer_epoch5(NODE1) | NODE0 = NODE1","10","-1----0-00---0----------------------00","8","186","11","1301000220"
"1089","forall NODE1,NODE0. ~ep_epoch1(NODE0) | ep_epoch0(NODE1) | ep_epoch2(NODE1) | ep_epoch4(NODE1) | held(NODE1) | transfer_epoch4(NODE0) | transfer_epoch4(NODE1) | NODE0 = NODE1","10","-1----0-0-0--0--------------------00--","8","186","11","1301000220"
"1090","forall NODE1,NODE0. ~ep_epoch1(NODE0) | ep_epoch0(NODE1) | ep_epoch2(NODE1) | held(NODE1) | locked_epoch4(NODE1) | transfer_epoch4(NODE0) | transfer_epoch4(NODE1) | NODE0 = NODE1","10","-1----0-0----0---------0----------00--","8","184","9","1201010220"
"1091","forall NODE1,NODE0. ~ep_epoch1(NODE0) | ep_epoch0(NODE1) | ep_epoch3(NODE1) | ep_epoch4(NODE1) | held(NODE1) | transfer_epoch3(NODE0) | transfer_epoch3(NODE1) | NODE0 = NODE1","10","-1----0--00--0------------------00----","8","186","11","1301000220"
"1092","forall NODE1,NODE0. ~ep_epoch1(NODE0) | ep_epoch0(NODE1) | ep_epoch3(NODE1) | held(NODE1) | locked_epoch4(NODE1) | transfer_epoch3(NODE0) | transfer_epoch3(NODE1) | NODE0 = NODE1","10","-1----0--0---0---------0--------00----","8","184","9","1201010220"
"1093","forall NODE1,NODE0. ~ep_epoch1(NODE0) | ep_epoch2(NODE1) | ep_epoch3(NODE1) | held(NODE0) | locked_epoch4(NODE1) | transfer_epoch2(NODE0) | transfer_epoch2(NODE1) | NODE0 = NODE1","10","-1------00--0----------0------00------","8","184","9","1201010220"
"1094","forall NODE1,NODE0. ~ep_epoch2(NODE0) | ~locked_epoch3(NODE1) | held(NODE1) | transfer_epoch4(NODE0) | transfer_epoch4(NODE1) | transfer_epoch5(NODE0) | transfer_epoch5(NODE1) | NODE0 = NODE1","10","--1----------0-------1------------0000","8","181","3","1001100420"
"1095","forall NODE1,NODE0. ~ep_epoch2(NODE0) | ep_epoch0(NODE1) | ep_epoch1(NODE1) | ep_epoch3(NODE1) | held(NODE1) | transfer_epoch5(NODE0) | transfer_epoch5(NODE1) | NODE0 = NODE1","10","--1---00-0---0----------------------00","8","186","11","1301000220"
"1096","forall NODE1,NODE0. ~ep_epoch2(NODE0) | ep_epoch0(NODE1) | ep_epoch1(NODE1) | ep_epoch4(NODE1) | held(NODE1) | transfer_epoch4(NODE0) | transfer_epoch4(NODE1) | NODE0 = NODE1","10","--1---00--0--0--------------------00--","8","186","11","1301000220"
"1097","forall NODE1,NODE0. ~ep_epoch2(NODE0) | ep_epoch0(NODE1) | ep_epoch1(NODE1) | held(NODE1) | locked_epoch4(NODE1) | transfer_epoch4(NODE0) | transfer_epoch4(NODE1) | NODE0 = NODE1","10","--1---00-----0---------0----------00--","8","184","9","1201010220"
"1098","forall NODE1,NODE0. ~ep_epoch2(NODE0) | ep_epoch3(NODE1) | ep_epoch4(NODE1) | ep_epoch5(NODE1) | held(NODE0) | transfer_epoch3(NODE0) | transfer_epoch3(NODE1) | NODE0 = NODE1","10","--1------0000-------------------00----","8","186","11","1301000220"
"1099","forall NODE1,NODE0. ~ep_epoch2(NODE0) | ep_epoch3(NODE1) | ep_epoch4(NODE1) | held(NODE0) | held(NODE1) | transfer_epoch3(NODE0) | transfer_epoch3(NODE1) | NODE0 = NODE1","10","--1------00-00------------------00----","8","0","157","1202000220"
"1100","forall NODE1,NODE0. ~ep_epoch2(NODE0) | ep_epoch3(NODE1) | ep_epoch4(NODE1) | held(NODE0) | locked_epoch5(NODE1) | transfer_epoch3(NODE0) | transfer_epoch3(NODE1) | NODE0 = NODE1","10","--1------00-0------------0------00----","8","184","9","1201010220"
"1101","forall NODE1,NODE0. ~ep_epoch3(NODE0) | ~locked_epoch2(NODE0) | ep_epoch0(NODE1) | ep_epoch1(NODE1) | held(NODE1) | transfer_epoch5(NODE0) | transfer_epoch5(NODE1) | NODE0 = NODE1","10","---1--00-----0----1-----------------00","8","185","7","1201100220"
"1102","forall NODE1,NODE0. ~ep_epoch3(NODE0) | ep_epoch0(NODE1) | ep_epoch1(NODE1) | ep_epoch2(NODE1) | held(NODE1) | transfer_epoch5(NODE0) | transfer_epoch5(NODE1) | NODE0 = NODE1","10","---1--000----0----------------------00","8","186","11","1301000220"
"1103","forall NODE1,NODE0. ~ep_epoch3(NODE0) | ep_epoch0(NODE1) | ep_epoch1(NODE1) | held(NODE1) | locked_epoch2(NODE1) | transfer_epoch5(NODE0) | transfer_epoch5(NODE1) | NODE0 = NODE1","10","---1--00-----0-----0----------------00","8","184","9","1201010220"
"1104","forall NODE1,NODE0. ~ep_epoch3(NODE0) | held(NODE0) | held(NODE1) | transfer_epoch4(NODE0) | transfer_epoch4(NODE1) | transfer_epoch5(NODE0) | transfer_epoch5(NODE1) | NODE0 = NODE1","10","---1--------00--------------------0000","8","0","157","1002000420"
"1105","forall NODE1,NODE0. ~locked_epoch2(NODE0) | ~locked_epoch3(NODE0) | ep_epoch0(NODE1) | ep_epoch1(NODE1) | ep_epoch3(NODE0) | ep_epoch4(NODE0) | ep_epoch4(NODE1) | NODE0 = NODE1","10","---00-00--0-------1-1-----------------","8","176","2","0500200020"
"1106","forall NODE1,NODE0. ~locked_epoch2(NODE0) | ~locked_epoch3(NODE0) | ep_epoch0(NODE1) | ep_epoch1(NODE1) | ep_epoch3(NODE0) | ep_epoch5(NODE0) | ep_epoch5(NODE1) | NODE0 = NODE1","10","---0-000---0------1-1-----------------","8","176","2","0500200020"
"1107","forall NODE1,NODE2,NODE3,NODE0. ~locked_epoch2(NODE0) | ~locked_epoch3(NODE0) | ep_epoch0(NODE1) | ep_epoch1(NODE1) | ep_epoch3(NODE0) | ep_epoch5(NODE2) | held(NODE3) | ((NODE0 ~= NODE3 | NODE1 ~= NODE2 | NODE0 = NODE1) & (NODE0 ~= NODE2 | NODE1 ~= NODE3 | NODE0 = NODE1))","17","---0-000-----0----1-1-----------------","13","0","157","0401200040"
"1108","forall NODE1,NODE2,NODE3,NODE0. ~locked_epoch2(NODE0) | ~locked_epoch3(NODE0) | ep_epoch0(NODE1) | ep_epoch1(NODE1) | ep_epoch3(NODE0) | ep_epoch5(NODE2) | locked_epoch5(NODE3) | ((NODE0 ~= NODE3 | NODE1 ~= NODE2 | NODE0 = NODE1) & (NODE0 ~= NODE2 | NODE1 ~= NODE3 | NODE0 = NODE1))","17","---0-000----------1-1----0------------","13","0","157","0400210040"
"1109","forall NODE1,NODE0. ~locked_epoch2(NODE0) | ~locked_epoch3(NODE0) | ep_epoch0(NODE1) | ep_epoch1(NODE1) | ep_epoch3(NODE0) | held(NODE0) | held(NODE1) | NODE0 = NODE1","10","---0--00----00----1-1-----------------","8","0","157","0302200020"
"1110","forall NODE1,NODE2,NODE3,NODE0. ~locked_epoch2(NODE0) | ~locked_epoch3(NODE0) | ep_epoch0(NODE1) | ep_epoch1(NODE1) | ep_epoch3(NODE0) | held(NODE2) | locked_epoch5(NODE3) | ((NODE0 ~= NODE3 | NODE1 ~= NODE2 | NODE0 = NODE1) & (NODE0 ~= NODE2 | NODE1 ~= NODE3 | NODE0 = NODE1))","17","---0--00----0-----1-1----0------------","13","0","157","0301210040"
"1111","forall NODE1,NODE0. ~locked_epoch2(NODE0) | ~locked_epoch3(NODE0) | ep_epoch0(NODE1) | ep_epoch1(NODE1) | ep_epoch3(NODE0) | locked_epoch5(NODE0) | locked_epoch5(NODE1) | NODE0 = NODE1","10","---0--00----------1-1---00------------","8","0","157","0300220020"
"1112","forall NODE1,NODE0. ~locked_epoch2(NODE0) | ~locked_epoch3(NODE1) | ep_epoch2(NODE0) | ep_epoch5(NODE1) | held(NODE0) | transfer_epoch5(NODE0) | transfer_epoch5(NODE1) | NODE0 = NODE1","10","--0--------00-----1--1--------------00","8","0","157","0201200220"
"1113","forall NODE1,NODE0. ~locked_epoch2(NODE0) | ~locked_epoch3(NODE1) | ep_epoch2(NODE0) | held(NODE0) | held(NODE1) | transfer_epoch5(NODE0) | transfer_epoch5(NODE1) | NODE0 = NODE1","10","--0---------00----1--1--------------00","8","0","157","0102200220"
"1114","forall NODE1,NODE0. ~locked_epoch2(NODE0) | ~locked_epoch3(NODE1) | ep_epoch2(NODE0) | held(NODE0) | locked_epoch5(NODE1) | transfer_epoch5(NODE0) | transfer_epoch5(NODE1) | NODE0 = NODE1","10","--0---------0-----1--1---0----------00","8","0","157","0101210220"
"1115","forall NODE1,NODE2,NODE3,NODE0. ~locked_epoch2(NODE0) | ~transfer_epoch5(NODE1) | ep_epoch0(NODE2) | ep_epoch1(NODE2) | ep_epoch2(NODE0) | ep_epoch3(NODE1) | ep_epoch3(NODE3) | ((NODE0 ~= NODE3 | NODE1 ~= NODE2 | NODE0 = NODE1) & (NODE0 ~= NODE1 | NODE2 ~= NODE3 | NODE0 = NODE2))","17","--00--00-0--------1-----------------1-","13","0","157","0500101040"
"1116","forall NODE1,NODE2,NODE3,NODE0. ~locked_epoch2(NODE0) | ep_epoch0(NODE1) | ep_epoch1(NODE1) | ep_epoch2(NODE0) | ep_epoch4(NODE2) | ep_epoch5(NODE2) | locked_epoch4(NODE3) | ((NODE0 ~= NODE2 | NODE1 ~= NODE3 | NODE0 = NODE1) & (NODE0 ~= NODE3 | NODE1 ~= NODE2 | NODE0 = NODE1))","17","--0-0000----------1----0--------------","13","326","2","0500110040"
"1117","forall NODE1,NODE2,NODE3,NODE0. ~locked_epoch2(NODE0) | ep_epoch0(NODE1) | ep_epoch1(NODE1) | ep_epoch2(NODE0) | ep_epoch4(NODE2) | held(NODE2) | locked_epoch4(NODE3) | ((NODE0 ~= NODE3 | NODE1 ~= NODE2 | NODE0 = NODE1) & (NODE0 ~= NODE2 | NODE1 ~= NODE3 | NODE0 = NODE1))","17","--0-0-00----0-----1----0--------------","13","324","4","0401110040"
"1118","forall NODE1,NODE2,NODE3,NODE0. ~locked_epoch2(NODE0) | ep_epoch0(NODE1) | ep_epoch1(NODE1) | ep_epoch2(NODE0) | ep_epoch4(NODE2) | locked_epoch4(NODE3) | locked_epoch5(NODE2) | ((NODE0 ~= NODE2 | NODE1 ~= NODE3 | NODE0 = NODE1) & (NODE0 ~= NODE3 | NODE1 ~= NODE2 | NODE0 = NODE1))","17","--0-0-00----------1----00-------------","13","321","3","0400120040"
"1119","forall NODE1,NODE0. ~locked_epoch2(NODE0) | ep_epoch0(NODE1) | ep_epoch1(NODE1) | ep_epoch3(NODE0) | ep_epoch4(NODE0) | ep_epoch4(NODE1) | locked_epoch3(NODE1) | NODE0 = NODE1","10","---00-00--0-------1--0----------------","8","175","5","0500110020"
"1120","forall NODE1,NODE0. ~locked_epoch2(NODE0) | ep_epoch0(NODE1) | ep_epoch1(NODE1) | ep_epoch3(NODE0) | ep_epoch4(NODE0) | ep_epoch5(NODE0) | locked_epoch3(NODE1) | NODE0 = NODE1","10","---00000----------1--0----------------","8","175","5","0500110020"
"1121","forall NODE1,NODE0. ~locked_epoch2(NODE0) | ep_epoch0(NODE1) | ep_epoch1(NODE1) | ep_epoch3(NODE0) | ep_epoch4(NODE0) | held(NODE0) | locked_epoch3(NODE1) | NODE0 = NODE1","10","---00-00----0-----1--0----------------","8","0","157","0401110020"
"1122","forall NODE1,NODE0. ~locked_epoch2(NODE0) | ep_epoch0(NODE1) | ep_epoch1(NODE1) | ep_epoch3(NODE0) | ep_epoch4(NODE0) | locked_epoch3(NODE1) | locked_epoch5(NODE0) | NODE0 = NODE1","10","---00-00----------1--0--0-------------","8","172","4","0400120020"
"1123","forall NODE1,NODE0. ~locked_epoch2(NODE0) | ep_epoch0(NODE1) | ep_epoch1(NODE1) | ep_epoch3(NODE0) | ep_epoch4(NODE1) | locked_epoch3(NODE1) | locked_epoch4(NODE0) | NODE0 = NODE1","10","---0--00--0-------1--00---------------","8","172","4","0400120020"
"1124","forall NODE1,NODE0. ~locked_epoch2(NODE0) | ep_epoch0(NODE1) | ep_epoch1(NODE1) | ep_epoch3(NODE0) | ep_epoch5(NODE0) | ep_epoch5(NODE1) | locked_epoch3(NODE1) | NODE0 = NODE1","10","---0-000---0------1--0----------------","8","175","5","0500110020"
"1125","forall NODE1,NODE2,NODE3,NODE0. ~locked_epoch2(NODE0) | ep_epoch0(NODE1) | ep_epoch1(NODE1) | ep_epoch3(NODE0) | ep_epoch5(NODE2) | held(NODE3) | locked_epoch3(NODE1) | ((NODE0 ~= NODE2 | NODE1 ~= NODE3 | NODE0 = NODE1) & (NODE0 ~= NODE3 | NODE1 ~= NODE2 | NODE0 = NODE1))","17","---0-000-----0----1--0----------------","13","324","4","0401110040"
"1126","forall NODE1,NODE0. ~locked_epoch2(NODE0) | ep_epoch0(NODE1) | ep_epoch1(NODE1) | ep_epoch3(NODE0) | ep_epoch5(NODE0) | locked_epoch3(NODE1) | locked_epoch4(NODE0) | NODE0 = NODE1","10","---0-000----------1--00---------------","8","172","4","0400120020"
"1127","forall NODE1,NODE2,NODE3,NODE0. ~locked_epoch2(NODE0) | ep_epoch0(NODE1) | ep_epoch1(NODE1) | ep_epoch3(NODE0) | ep_epoch5(NODE2) | locked_epoch3(NODE1) | locked_epoch5(NODE3) | ((NODE0 ~= NODE2 | NODE1 ~= NODE3 | NODE0 = NODE1) & (NODE0 ~= NODE3 | NODE1 ~= NODE2 | NODE0 = NODE1))","17","---0-000----------1--0---0------------","13","321","3","0400120040"
"1128","forall NODE1,NODE0. ~locked_epoch2(NODE0) | ep_epoch0(NODE1) | ep_epoch1(NODE1) | ep_epoch3(NODE0) | held(NODE0) | held(NODE1) | locked_epoch3(NODE1) | NODE0 = NODE1","10","---0--00----00----1--0----------------","8","170","2","0302110020"
"1129","forall NODE1,NODE0. ~locked_epoch2(NODE0) | ep_epoch0(NODE1) | ep_epoch1(NODE1) | ep_epoch3(NODE0) | held(NODE0) | locked_epoch3(NODE1) | locked_epoch4(NODE0) | NODE0 = NODE1","10","---0--00----0-----1--00---------------","8","0","157","0301120020"
"1130","forall NODE1,NODE2,NODE3,NODE0. ~locked_epoch2(NODE0) | ep_epoch0(NODE1) | ep_epoch1(NODE1) | ep_epoch3(NODE0) | held(NODE2) | locked_epoch3(NODE1) | locked_epoch5(NODE3) | ((NODE0 ~= NODE3 | NODE1 ~= NODE2 | NODE0 = NODE1) & (NODE0 ~= NODE2 | NODE1 ~= NODE3 | NODE0 = NODE1))","17","---0--00----0-----1--0---0------------","13","318","2","0301120040"
"1131","forall NODE1,NODE0. ~locked_epoch2(NODE0) | ep_epoch0(NODE1) | ep_epoch1(NODE1) | ep_epoch3(NODE0) | locked_epoch3(NODE1) | locked_epoch4(NODE0) | locked_epoch5(NODE0) | NODE0 = NODE1","10","---0--00----------1--00-0-------------","8","167","3","0300130020"
"1132","forall NODE1,NODE0. ~locked_epoch2(NODE0) | ep_epoch0(NODE1) | ep_epoch1(NODE1) | ep_epoch3(NODE0) | locked_epoch3(NODE1) | locked_epoch5(NODE0) | locked_epoch5(NODE1) | NODE0 = NODE1","10","---0--00----------1--0--00------------","8","167","3","0300130020"
"1133","forall NODE1,NODE0. ~locked_epoch2(NODE0) | ep_epoch2(NODE0) | ep_epoch3(NODE0) | ep_epoch5(NODE1) | held(NODE0) | transfer_epoch5(NODE0) | transfer_epoch5(NODE1) | NODE0 = NODE1","10","--00-------00-----1-----------------00","8","169","2","0301100220"
"1134","forall NODE1,NODE0. ~locked_epoch2(NODE0) | ep_epoch2(NODE0) | ep_epoch3(NODE0) | held(NODE0) | held(NODE1) | transfer_epoch5(NODE0) | transfer_epoch5(NODE1) | NODE0 = NODE1","10","--00--------00----1-----------------00","8","165","2","0202100220"
"1135","forall NODE1,NODE0. ~locked_epoch2(NODE0) | ep_epoch2(NODE0) | ep_epoch3(NODE0) | held(NODE0) | locked_epoch5(NODE1) | transfer_epoch5(NODE0) | transfer_epoch5(NODE1) | NODE0 = NODE1","10","--00--------0-----1------0----------00","8","164","7","0201110220"
"1136","forall NODE1,NODE0. ~locked_epoch2(NODE0) | ep_epoch2(NODE0) | ep_epoch4(NODE0) | held(NODE0) | locked_epoch4(NODE1) | transfer_epoch4(NODE0) | transfer_epoch4(NODE1) | NODE0 = NODE1","10","--0-0-------0-----1----0----------00--","8","164","7","0201110220"
"1137","forall NODE1,NODE0. ~locked_epoch2(NODE0) | ep_epoch2(NODE0) | ep_epoch5(NODE1) | held(NODE0) | locked_epoch3(NODE0) | transfer_epoch5(NODE0) | transfer_epoch5(NODE1) | NODE0 = NODE1","10","--0--------00-----1-0---------------00","8","164","7","0201110220"
"1138","forall NODE1,NODE0. ~locked_epoch2(NODE0) | ep_epoch2(NODE0) | held(NODE0) | held(NODE1) | locked_epoch3(NODE0) | transfer_epoch5(NODE0) | transfer_epoch5(NODE1) | NODE0 = NODE1","10","--0---------00----1-0---------------00","8","163","3","0102110220"
"1139","forall NODE1,NODE0. ~locked_epoch2(NODE0) | ep_epoch2(NODE0) | held(NODE0) | locked_epoch3(NODE0) | locked_epoch5(NODE1) | transfer_epoch5(NODE0) | transfer_epoch5(NODE1) | NODE0 = NODE1","10","--0---------0-----1-0----0----------00","8","162","5","0101120220"
"1140","forall NODE1,NODE0. ~locked_epoch2(NODE0) | ep_epoch2(NODE0) | held(NODE0) | locked_epoch4(NODE0) | locked_epoch4(NODE1) | transfer_epoch4(NODE0) | transfer_epoch4(NODE1) | NODE0 = NODE1","10","--0---------0-----1---00----------00--","8","162","5","0101120220"
"1141","forall NODE1,NODE0. ~locked_epoch2(NODE0) | ep_epoch3(NODE0) | ep_epoch4(NODE0) | held(NODE0) | locked_epoch3(NODE1) | transfer_epoch3(NODE0) | transfer_epoch3(NODE1) | NODE0 = NODE1","10","---00-------0-----1--0----------00----","8","164","7","0201110220"
"1142","forall NODE1,NODE0. ~locked_epoch2(NODE0) | ep_epoch3(NODE0) | held(NODE0) | locked_epoch3(NODE1) | locked_epoch4(NODE0) | transfer_epoch3(NODE0) | transfer_epoch3(NODE1) | NODE0 = NODE1","10","---0--------0-----1--00---------00----","8","162","5","0101120220"
"1143","forall NODE1,NODE0. ~locked_epoch3(NODE0) | ep_epoch0(NODE1) | ep_epoch1(NODE1) | ep_epoch2(NODE1) | ep_epoch3(NODE0) | ep_epoch4(NODE0) | ep_epoch4(NODE1) | NODE0 = NODE1","10","---00-000-0---------1-----------------","8","179","2","0600100020"
"1144","forall NODE1,NODE0. ~locked_epoch3(NODE0) | ep_epoch0(NODE1) | ep_epoch1(NODE1) | ep_epoch2(NODE1) | ep_epoch3(NODE0) | ep_epoch5(NODE0) | ep_epoch5(NODE1) | NODE0 = NODE1","10","---0-0000--0--------1-----------------","8","179","2","0600100020"
"1145","forall NODE1,NODE2,NODE3,NODE0. ~locked_epoch3(NODE0) | ep_epoch0(NODE1) | ep_epoch1(NODE1) | ep_epoch2(NODE1) | ep_epoch3(NODE0) | ep_epoch5(NODE2) | held(NODE3) | ((NODE0 ~= NODE2 | NODE1 ~= NODE3 | NODE0 = NODE1) & (NODE0 ~= NODE3 | NODE1 ~= NODE2 | NODE0 = NODE1))","17","---0-0000----0------1-----------------","13","0","157","0501100040"
"1146","forall NODE1,NODE2,NODE3,NODE0. ~locked_epoch3(NODE0) | ep_epoch0(NODE1) | ep_epoch1(NODE1) | ep_epoch2(NODE1) | ep_epoch3(NODE0) | ep_epoch5(NODE2) | locked_epoch5(NODE3) | ((NODE0 ~= NODE2 | NODE1 ~= NODE3 | NODE0 = NODE1) & (NODE0 ~= NODE3 | NODE1 ~= NODE2 | NODE0 = NODE1))","17","---0-0000-----------1----0------------","13","326","2","0500110040"
"1147","forall NODE1,NODE0. ~locked_epoch3(NODE0) | ep_epoch0(NODE1) | ep_epoch1(NODE1) | ep_epoch2(NODE1) | ep_epoch3(NODE0) | held(NODE0) | held(NODE1) | NODE0 = NODE1","10","---0--000---00------1-----------------","8","0","157","0402100020"
"1148","forall NODE1,NODE2,NODE3,NODE0. ~locked_epoch3(NODE0) | ep_epoch0(NODE1) | ep_epoch1(NODE1) | ep_epoch2(NODE1) | ep_epoch3(NODE0) | held(NODE2) | locked_epoch5(NODE3) | ((NODE0 ~= NODE3 | NODE1 ~= NODE2 | NODE0 = NODE1) & (NODE0 ~= NODE2 | NODE1 ~= NODE3 | NODE0 = NODE1))","17","---0--000---0-------1----0------------","13","324","4","0401110040"
"1149","forall NODE1,NODE0. ~locked_epoch3(NODE0) | ep_epoch0(NODE1) | ep_epoch1(NODE1) | ep_epoch2(NODE1) | ep_epoch3(NODE0) | locked_epoch5(NODE0) | locked_epoch5(NODE1) | NODE0 = NODE1","10","---0--000-----------1---00------------","8","172","4","0400120020"
"1150","forall NODE1,NODE0. ~locked_epoch3(NODE0) | ep_epoch0(NODE1) | ep_epoch1(NODE1) | ep_epoch3(NODE0) | ep_epoch4(NODE0) | ep_epoch4(NODE1) | locked_epoch2(NODE1) | NODE0 = NODE1","10","---00-00--0--------01-----------------","8","175","5","0500110020"
"1151","forall NODE1,NODE0. ~locked_epoch3(NODE0) | ep_epoch0(NODE1) | ep_epoch1(NODE1) | ep_epoch3(NODE0) | ep_epoch5(NODE0) | ep_epoch5(NODE1) | locked_epoch2(NODE1) | NODE0 = NODE1","10","---0-000---0-------01-----------------","8","175","5","0500110020"
"1152","forall NODE1,NODE2,NODE3,NODE0. ~locked_epoch3(NODE0) | ep_epoch0(NODE1) | ep_epoch1(NODE1) | ep_epoch3(NODE0) | ep_epoch5(NODE2) | held(NODE3) | locked_epoch2(NODE1) | ((NODE0 ~= NODE2 | NODE1 ~= NODE3 | NODE0 = NODE1) & (NODE0 ~= NODE3 | NODE1 ~= NODE2 | NODE0 = NODE1))","17","---0-000-----0-----01-----------------","13","324","4","0401110040"
"1153","forall NODE1,NODE2,NODE3,NODE0. ~locked_epoch3(NODE0) | ep_epoch0(NODE1) | ep_epoch1(NODE1) | ep_epoch3(NODE0) | ep_epoch5(NODE2) | locked_epoch2(NODE1) | locked_epoch5(NODE3) | ((NODE0 ~= NODE2 | NODE1 ~= NODE3 | NODE0 = NODE1) & (NODE0 ~= NODE3 | NODE1 ~= NODE2 | NODE0 = NODE1))","17","---0-000-----------01----0------------","13","321","3","0400120040"
"1154","forall NODE1,NODE0. ~locked_epoch3(NODE0) | ep_epoch0(NODE1) | ep_epoch1(NODE1) | ep_epoch3(NODE0) | held(NODE0) | held(NODE1) | locked_epoch2(NODE1) | NODE0 = NODE1","10","---0--00----00-----01-----------------","8","170","2","0302110020"
"1155","forall NODE1,NODE2,NODE3,NODE0. ~locked_epoch3(NODE0) | ep_epoch0(NODE1) | ep_epoch1(NODE1) | ep_epoch3(NODE0) | held(NODE2) | locked_epoch2(NODE1) | locked_epoch5(NODE3) | ((NODE0 ~= NODE2 | NODE1 ~= NODE3 | NODE0 = NODE1) & (NODE0 ~= NODE3 | NODE1 ~= NODE2 | NODE0 = NODE1))","17","---0--00----0------01----0------------","13","318","2","0301120040"
"1156","forall NODE1,NODE0. ~locked_epoch3(NODE0) | ep_epoch0(NODE1) | ep_epoch1(NODE1) | ep_epoch3(NODE0) | locked_epoch2(NODE1) | locked_epoch5(NODE0) | locked_epoch5(NODE1) | NODE0 = NODE1","10","---0--00-----------01---00------------","8","167","3","0300130020"
"1157","forall NODE1,NODE0. ~locked_epoch3(NODE0) | ep_epoch2(NODE1) | ep_epoch5(NODE0) | held(NODE1) | locked_epoch2(NODE0) | transfer_epoch5(NODE0) | transfer_epoch5(NODE1) | NODE0 = NODE1","10","-----0--0----0----0-1---------------00","8","164","7","0201110220"
"1158","forall NODE1,NODE0. ~locked_epoch3(NODE0) | ep_epoch2(NODE1) | held(NODE0) | held(NODE1) | locked_epoch2(NODE0) | transfer_epoch5(NODE0) | transfer_epoch5(NODE1) | NODE0 = NODE1","10","--------0---00----0-1---------------00","8","163","3","0102110220"
"1159","forall NODE1,NODE0. ~locked_epoch3(NODE0) | ep_epoch2(NODE1) | held(NODE1) | locked_epoch2(NODE0) | locked_epoch5(NODE0) | transfer_epoch5(NODE0) | transfer_epoch5(NODE1) | NODE0 = NODE1","10","--------0----0----0-1---0-----------00","8","162","5","0101120220"
"1160","forall NODE1,NODE0. ~locked_epoch3(NODE0) | ep_epoch4(NODE0) | ep_epoch4(NODE1) | ep_epoch5(NODE1) | held(NODE0) | transfer_epoch4(NODE0) | transfer_epoch4(NODE1) | NODE0 = NODE1","10","----0-----000-------1-------------00--","8","169","2","0301100220"
"1161","forall NODE1,NODE0. ~locked_epoch3(NODE0) | ep_epoch4(NODE0) | ep_epoch4(NODE1) | held(NODE0) | held(NODE1) | transfer_epoch4(NODE0) | transfer_epoch4(NODE1) | NODE0 = NODE1","10","----0-----0-00------1-------------00--","8","165","2","0202100220"
"1162","forall NODE1,NODE0. ~locked_epoch3(NODE0) | ep_epoch4(NODE0) | ep_epoch4(NODE1) | held(NODE0) | locked_epoch5(NODE1) | transfer_epoch4(NODE0) | transfer_epoch4(NODE1) | NODE0 = NODE1","10","----0-----0-0-------1----0--------00--","8","164","7","0201110220"
"1163","forall NODE1,NODE0. ~locked_epoch3(NODE0) | ep_epoch4(NODE1) | ep_epoch5(NODE1) | held(NODE0) | locked_epoch4(NODE0) | transfer_epoch4(NODE0) | transfer_epoch4(NODE1) | NODE0 = NODE1","10","----------000-------1-0-----------00--","8","164","7","0201110220"
"1164","forall NODE1,NODE0. ~locked_epoch3(NODE0) | ep_epoch4(NODE1) | held(NODE0) | held(NODE1) | locked_epoch4(NODE0) | transfer_epoch4(NODE0) | transfer_epoch4(NODE1) | NODE0 = NODE1","10","----------0-00------1-0-----------00--","8","163","3","0102110220"
"1165","forall NODE1,NODE0. ~locked_epoch3(NODE0) | ep_epoch4(NODE1) | held(NODE0) | locked_epoch4(NODE0) | locked_epoch5(NODE1) | transfer_epoch4(NODE0) | transfer_epoch4(NODE1) | NODE0 = NODE1","10","----------0-0-------1-0--0--------00--","8","162","5","0101120220"
"1166","forall NODE1,NODE0. ~locked_epoch3(NODE0) | held(NODE0) | held(NODE1) | transfer_epoch4(NODE0) | transfer_epoch4(NODE1) | transfer_epoch5(NODE0) | transfer_epoch5(NODE1) | NODE0 = NODE1","10","------------00------1-------------0000","8","0","157","0002100420"
"1167","forall NODE1,NODE0. ~transfer_epoch4(NODE0) | ep_epoch0(NODE0) | ep_epoch0(NODE1) | ep_epoch1(NODE0) | ep_epoch1(NODE1) | ep_epoch2(NODE0) | ep_epoch2(NODE1) | NODE0 = NODE1","10","000---000-------------------------1---","8","0","157","0600001020"
"1168","forall NODE1,NODE2,NODE3,NODE0. ~transfer_epoch5(NODE0) | ep_epoch0(NODE1) | ep_epoch1(NODE1) | ep_epoch2(NODE2) | ep_epoch3(NODE0) | ep_epoch3(NODE3) | locked_epoch2(NODE1) | ((NODE0 ~= NODE1 | NODE2 ~= NODE3 | NODE0 = NODE2) & (NODE0 ~= NODE2 | NODE1 ~= NODE3 | NODE0 = NODE1))","17","00-0----00--------0-----------------1-","13","0","157","0500011040"
"1169","forall NODE1,NODE0. ep_epoch0(NODE0) | ep_epoch0(NODE1) | ep_epoch2(NODE0) | ep_epoch3(NODE0) | ep_epoch4(NODE0) | ep_epoch5(NODE0) | locked_epoch2(NODE1) | NODE0 = NODE1","10","0-00000------------0------------------","8","178","6","0600010020"
"1170","forall NODE1,NODE0. ep_epoch0(NODE0) | ep_epoch0(NODE1) | ep_epoch2(NODE0) | ep_epoch3(NODE0) | ep_epoch4(NODE0) | held(NODE0) | locked_epoch2(NODE1) | NODE0 = NODE1","10","0-000-0-----0------0------------------","8","177","4","0501010020"
"1171","forall NODE1,NODE0. ep_epoch0(NODE0) | ep_epoch0(NODE1) | ep_epoch2(NODE0) | ep_epoch3(NODE0) | ep_epoch4(NODE0) | locked_epoch2(NODE1) | locked_epoch5(NODE0) | NODE0 = NODE1","10","0-000-0------------0----0-------------","8","174","18","0500020020"
"1172","forall NODE1,NODE0. ep_epoch0(NODE0) | ep_epoch0(NODE1) | ep_epoch2(NODE0) | ep_epoch3(NODE0) | ep_epoch4(NODE1) | locked_epoch2(NODE1) | locked_epoch4(NODE0) | NODE0 = NODE1","10","0-00--0---0--------0--0---------------","8","174","18","0500020020"
"1173","forall NODE1,NODE0. ep_epoch0(NODE0) | ep_epoch0(NODE1) | ep_epoch2(NODE0) | ep_epoch3(NODE0) | ep_epoch5(NODE0) | locked_epoch2(NODE1) | locked_epoch4(NODE0) | NODE0 = NODE1","10","0-00-00------------0--0---------------","8","174","18","0500020020"
"1174","forall NODE1,NODE0. ep_epoch0(NODE0) | ep_epoch0(NODE1) | ep_epoch2(NODE0) | ep_epoch3(NODE0) | held(NODE0) | locked_epoch2(NODE1) | locked_epoch4(NODE0) | NODE0 = NODE1","10","0-00--0-----0------0--0---------------","8","173","8","0401020020"
"1175","forall NODE1,NODE0. ep_epoch0(NODE0) | ep_epoch0(NODE1) | ep_epoch2(NODE0) | ep_epoch3(NODE0) | locked_epoch2(NODE1) | locked_epoch4(NODE0) | locked_epoch4(NODE1) | NODE0 = NODE1","10","0-00--0------------0--00--------------","8","171","19","0400030020"
"1176","forall NODE1,NODE0. ep_epoch0(NODE0) | ep_epoch0(NODE1) | ep_epoch2(NODE0) | ep_epoch3(NODE0) | locked_epoch2(NODE1) | locked_epoch4(NODE0) | locked_epoch5(NODE0) | NODE0 = NODE1","10","0-00--0------------0--0-0-------------","8","171","19","0400030020"
"1177","forall NODE1,NODE0. ep_epoch0(NODE0) | ep_epoch0(NODE1) | ep_epoch2(NODE0) | ep_epoch4(NODE0) | ep_epoch5(NODE0) | locked_epoch2(NODE1) | locked_epoch3(NODE0) | NODE0 = NODE1","10","0-0-000------------00-----------------","8","174","18","0500020020"
"1178","forall NODE1,NODE0. ep_epoch0(NODE0) | ep_epoch0(NODE1) | ep_epoch2(NODE0) | ep_epoch4(NODE0) | held(NODE0) | locked_epoch2(NODE1) | locked_epoch3(NODE0) | NODE0 = NODE1","10","0-0-0-0-----0------00-----------------","8","173","8","0401020020"
"1179","forall NODE1,NODE0. ep_epoch0(NODE0) | ep_epoch0(NODE1) | ep_epoch2(NODE0) | ep_epoch4(NODE0) | locked_epoch2(NODE1) | locked_epoch3(NODE0) | locked_epoch5(NODE0) | NODE0 = NODE1","10","0-0-0-0------------00---0-------------","8","171","19","0400030020"
"1180","forall NODE1,NODE0. ep_epoch0(NODE0) | ep_epoch0(NODE1) | ep_epoch2(NODE0) | ep_epoch4(NODE1) | locked_epoch2(NODE1) | locked_epoch3(NODE0) | locked_epoch4(NODE0) | NODE0 = NODE1","10","0-0---0---0--------00-0---------------","8","171","19","0400030020"
"1181","forall NODE1,NODE0. ep_epoch0(NODE0) | ep_epoch0(NODE1) | ep_epoch2(NODE0) | ep_epoch5(NODE0) | locked_epoch2(NODE1) | locked_epoch3(NODE0) | locked_epoch4(NODE0) | NODE0 = NODE1","10","0-0--00------------00-0---------------","8","171","19","0400030020"
"1182","forall NODE1,NODE0. ep_epoch0(NODE0) | ep_epoch0(NODE1) | ep_epoch2(NODE0) | held(NODE0) | locked_epoch2(NODE1) | locked_epoch3(NODE0) | locked_epoch4(NODE0) | NODE0 = NODE1","10","0-0---0-----0------00-0---------------","8","168","4","0301030020"
"1183","forall NODE1,NODE0. ep_epoch0(NODE0) | ep_epoch0(NODE1) | ep_epoch2(NODE0) | locked_epoch2(NODE1) | locked_epoch3(NODE0) | locked_epoch4(NODE0) | locked_epoch4(NODE1) | NODE0 = NODE1","10","0-0---0------------00-00--------------","8","166","7","0300040020"
"1184","forall NODE1,NODE0. ep_epoch0(NODE0) | ep_epoch0(NODE1) | ep_epoch2(NODE0) | locked_epoch2(NODE1) | locked_epoch3(NODE0) | locked_epoch4(NODE0) | locked_epoch5(NODE0) | NODE0 = NODE1","10","0-0---0------------00-0-0-------------","8","166","7","0300040020"
"1185","forall NODE1,NODE0. ep_epoch0(NODE0) | ep_epoch1(NODE0) | ep_epoch2(NODE0) | ep_epoch3(NODE1) | ep_epoch4(NODE0) | ep_epoch4(NODE1) | locked_epoch3(NODE0) | NODE0 = NODE1","10","000-0----00---------0-----------------","8","178","6","0600010020"
"1186","forall NODE1,NODE0. ep_epoch0(NODE0) | ep_epoch1(NODE0) | ep_epoch2(NODE0) | ep_epoch3(NODE1) | ep_epoch4(NODE0) | locked_epoch3(NODE0) | locked_epoch4(NODE1) | NODE0 = NODE1","10","000-0----0----------0--0--------------","8","174","18","0500020020"
"1187","forall NODE1,NODE0. ep_epoch0(NODE0) | ep_epoch1(NODE0) | ep_epoch2(NODE0) | ep_epoch3(NODE1) | ep_epoch4(NODE1) | ep_epoch5(NODE1) | locked_epoch3(NODE0) | NODE0 = NODE1","10","000------000--------0-----------------","8","178","6","0600010020"
"1188","forall NODE1,NODE0. ep_epoch0(NODE0) | ep_epoch1(NODE0) | ep_epoch2(NODE0) | ep_epoch3(NODE1) | ep_epoch4(NODE1) | held(NODE1) | locked_epoch3(NODE0) | NODE0 = NODE1","10","000------00--0------0-----------------","8","177","4","0501010020"
"1189","forall NODE1,NODE0. ep_epoch0(NODE0) | ep_epoch1(NODE0) | ep_epoch2(NODE0) | ep_epoch3(NODE1) | ep_epoch4(NODE1) | locked_epoch3(NODE0) | locked_epoch5(NODE1) | NODE0 = NODE1","10","000------00---------0----0------------","8","174","18","0500020020"
"1190","forall NODE1,NODE0. ep_epoch0(NODE0) | ep_epoch1(NODE0) | ep_epoch2(NODE0) | ep_epoch3(NODE1) | ep_epoch5(NODE0) | ep_epoch5(NODE1) | locked_epoch3(NODE0) | NODE0 = NODE1","10","000--0---0-0--------0-----------------","8","178","6","0600010020"
"1191","forall NODE1,NODE2,NODE3,NODE0. ep_epoch0(NODE0) | ep_epoch1(NODE0) | ep_epoch2(NODE0) | ep_epoch3(NODE1) | ep_epoch5(NODE2) | held(NODE3) | locked_epoch3(NODE0) | ((NODE0 ~= NODE2 | NODE1 ~= NODE3 | NODE0 = NODE1) & (NODE0 ~= NODE3 | NODE1 ~= NODE2 | NODE0 = NODE1))","17","000--0---0---0------0-----------------","13","0","157","0501010040"
"1192","forall NODE1,NODE2,NODE3,NODE0. ep_epoch0(NODE0) | ep_epoch1(NODE0) | ep_epoch2(NODE0) | ep_epoch3(NODE1) | ep_epoch5(NODE2) | locked_epoch3(NODE0) | locked_epoch5(NODE3) | ((NODE0 ~= NODE2 | NODE1 ~= NODE3 | NODE0 = NODE1) & (NODE0 ~= NODE3 | NODE1 ~= NODE2 | NODE0 = NODE1))","17","000--0---0----------0----0------------","13","325","2","0500020040"
"1193","forall NODE1,NODE0. ep_epoch0(NODE0) | ep_epoch1(NODE0) | ep_epoch2(NODE0) | ep_epoch3(NODE1) | ep_epoch5(NODE1) | locked_epoch3(NODE0) | locked_epoch4(NODE1) | NODE0 = NODE1","10","000------0-0--------0--0--------------","8","174","18","0500020020"
"1194","forall NODE1,NODE0. ep_epoch0(NODE0) | ep_epoch1(NODE0) | ep_epoch2(NODE0) | ep_epoch3(NODE1) | held(NODE0) | held(NODE1) | locked_epoch3(NODE0) | NODE0 = NODE1","10","000------0--00------0-----------------","8","0","157","0402010020"
"1195","forall NODE1,NODE2,NODE3,NODE0. ep_epoch0(NODE0) | ep_epoch1(NODE0) | ep_epoch2(NODE0) | ep_epoch3(NODE1) | held(NODE2) | locked_epoch3(NODE0) | locked_epoch5(NODE3) | ((NODE0 ~= NODE2 | NODE1 ~= NODE3 | NODE0 = NODE1) & (NODE0 ~= NODE3 | NODE1 ~= NODE2 | NODE0 = NODE1))","17","000------0--0-------0----0------------","13","323","3","0401020040"
"1196","forall NODE1,NODE0. ep_epoch0(NODE0) | ep_epoch1(NODE0) | ep_epoch2(NODE0) | ep_epoch3(NODE1) | held(NODE1) | locked_epoch3(NODE0) | locked_epoch4(NODE1) | NODE0 = NODE1","10","000------0---0------0--0--------------","8","173","8","0401020020"
"1197","forall NODE1,NODE0. ep_epoch0(NODE0) | ep_epoch1(NODE0) | ep_epoch2(NODE0) | ep_epoch3(NODE1) | locked_epoch3(NODE0) | locked_epoch4(NODE1) | locked_epoch5(NODE1) | NODE0 = NODE1","10","000------0----------0--0-0------------","8","171","19","0400030020"
"1198","forall NODE1,NODE0. ep_epoch0(NODE0) | ep_epoch1(NODE0) | ep_epoch2(NODE0) | ep_epoch3(NODE1) | locked_epoch3(NODE0) | locked_epoch5(NODE0) | locked_epoch5(NODE1) | NODE0 = NODE1","10","000------0----------0---00------------","8","171","19","0400030020"
"1199","forall NODE1,NODE0. ep_epoch0(NODE0) | ep_epoch1(NODE0) | ep_epoch2(NODE1) | ep_epoch3(NODE1) | ep_epoch4(NODE0) | locked_epoch2(NODE0) | locked_epoch4(NODE1) | NODE0 = NODE1","10","00--0---00--------0----0--------------","8","174","18","0500020020"
"1200","forall NODE1,NODE0. ep_epoch0(NODE0) | ep_epoch1(NODE0) | ep_epoch2(NODE1) | ep_epoch3(NODE1) | ep_epoch4(NODE1) | ep_epoch5(NODE1) | locked_epoch2(NODE0) | NODE0 = NODE1","10","00------0000------0-------------------","8","178","6","0600010020"
"1201","forall NODE1,NODE0. ep_epoch0(NODE0) | ep_epoch1(NODE0) | ep_epoch2(NODE1) | ep_epoch3(NODE1) | ep_epoch4(NODE1) | held(NODE1) | locked_epoch2(NODE0) | NODE0 = NODE1","10","00------000--0----0-------------------","8","177","4","0501010020"
"1202","forall NODE1,NODE0. ep_epoch0(NODE0) | ep_epoch1(NODE0) | ep_epoch2(NODE1) | ep_epoch3(NODE1) | ep_epoch4(NODE1) | locked_epoch2(NODE0) | locked_epoch5(NODE1) | NODE0 = NODE1","10","00------000-------0------0------------","8","174","18","0500020020"
"1203","forall NODE1,NODE0. ep_epoch0(NODE0) | ep_epoch1(NODE0) | ep_epoch2(NODE1) | ep_epoch3(NODE1) | ep_epoch5(NODE1) | locked_epoch2(NODE0) | locked_epoch4(NODE1) | NODE0 = NODE1","10","00------00-0------0----0--------------","8","174","18","0500020020"
"1204","forall NODE1,NODE0. ep_epoch0(NODE0) | ep_epoch1(NODE0) | ep_epoch2(NODE1) | ep_epoch3(NODE1) | held(NODE1) | locked_epoch2(NODE0) | locked_epoch4(NODE1) | NODE0 = NODE1","10","00------00---0----0----0--------------","8","173","8","0401020020"
"1205","forall NODE1,NODE0. ep_epoch0(NODE0) | ep_epoch1(NODE0) | ep_epoch2(NODE1) | ep_epoch3(NODE1) | locked_epoch2(NODE0) | locked_epoch4(NODE1) | locked_epoch5(NODE1) | NODE0 = NODE1","10","00------00--------0----0-0------------","8","171","19","0400030020"
"1206","forall NODE1,NODE2,NODE3,NODE0. ep_epoch0(NODE0) | ep_epoch1(NODE0) | ep_epoch2(NODE1) | ep_epoch4(NODE2) | ep_epoch5(NODE2) | locked_epoch2(NODE0) | locked_epoch4(NODE3) | ((NODE0 ~= NODE3 | NODE1 ~= NODE2 | NODE0 = NODE1) & (NODE0 ~= NODE2 | NODE1 ~= NODE3 | NODE0 = NODE1))","17","00--00--0---------0----0--------------","13","325","2","0500020040"
"1207","forall NODE1,NODE2,NODE3,NODE0. ep_epoch0(NODE0) | ep_epoch1(NODE0) | ep_epoch2(NODE1) | ep_epoch4(NODE2) | held(NODE2) | locked_epoch2(NODE0) | locked_epoch4(NODE3) | ((NODE0 ~= NODE2 | NODE1 ~= NODE3 | NODE0 = NODE1) & (NODE0 ~= NODE3 | NODE1 ~= NODE2 | NODE0 = NODE1))","17","00--0---0---0-----0----0--------------","13","323","3","0401020040"
"1208","forall NODE1,NODE0. ep_epoch0(NODE0) | ep_epoch1(NODE0) | ep_epoch2(NODE1) | ep_epoch4(NODE0) | locked_epoch2(NODE0) | locked_epoch3(NODE1) | locked_epoch4(NODE1) | NODE0 = NODE1","10","00--0---0---------0--0-0--------------","8","171","19","0400030020"
"1209","forall NODE1,NODE2,NODE3,NODE0. ep_epoch0(NODE0) | ep_epoch1(NODE0) | ep_epoch2(NODE1) | ep_epoch4(NODE2) | locked_epoch2(NODE0) | locked_epoch4(NODE3) | locked_epoch5(NODE2) | ((NODE0 ~= NODE3 | NODE1 ~= NODE2 | NODE0 = NODE1) & (NODE0 ~= NODE2 | NODE1 ~= NODE3 | NODE0 = NODE1))","17","00--0---0---------0----00-------------","13","320","2","0400030040"
"1210","forall NODE1,NODE0. ep_epoch0(NODE0) | ep_epoch1(NODE0) | ep_epoch2(NODE1) | ep_epoch4(NODE1) | ep_epoch5(NODE1) | locked_epoch2(NODE0) | locked_epoch3(NODE1) | NODE0 = NODE1","10","00------0-00------0--0----------------","8","174","18","0500020020"
"1211","forall NODE1,NODE0. ep_epoch0(NODE0) | ep_epoch1(NODE0) | ep_epoch2(NODE1) | ep_epoch4(NODE1) | held(NODE1) | locked_epoch2(NODE0) | locked_epoch3(NODE1) | NODE0 = NODE1","10","00------0-0--0----0--0----------------","8","173","8","0401020020"
"1212","forall NODE1,NODE0. ep_epoch0(NODE0) | ep_epoch1(NODE0) | ep_epoch2(NODE1) | ep_epoch4(NODE1) | locked_epoch2(NODE0) | locked_epoch3(NODE1) | locked_epoch5(NODE1) | NODE0 = NODE1","10","00------0-0-------0--0---0------------","8","171","19","0400030020"
"1213","forall NODE1,NODE0. ep_epoch0(NODE0) | ep_epoch1(NODE0) | ep_epoch2(NODE1) | ep_epoch5(NODE1) | locked_epoch2(NODE0) | locked_epoch3(NODE1) | locked_epoch4(NODE1) | NODE0 = NODE1","10","00------0--0------0--0-0--------------","8","171","19","0400030020"
"1214","forall NODE1,NODE0. ep_epoch0(NODE0) | ep_epoch1(NODE0) | ep_epoch2(NODE1) | held(NODE1) | locked_epoch2(NODE0) | locked_epoch3(NODE1) | locked_epoch4(NODE1) | NODE0 = NODE1","10","00------0----0----0--0-0--------------","8","168","4","0301030020"
"1215","forall NODE1,NODE0. ep_epoch0(NODE0) | ep_epoch1(NODE0) | ep_epoch2(NODE1) | locked_epoch2(NODE0) | locked_epoch3(NODE1) | locked_epoch4(NODE1) | locked_epoch5(NODE1) | NODE0 = NODE1","10","00------0---------0--0-0-0------------","8","166","7","0300040020"
"1216","forall NODE1,NODE0. ep_epoch0(NODE0) | ep_epoch1(NODE0) | ep_epoch3(NODE1) | ep_epoch4(NODE0) | ep_epoch4(NODE1) | locked_epoch2(NODE0) | locked_epoch3(NODE0) | NODE0 = NODE1","10","00--0----00-------0-0-----------------","8","174","18","0500020020"
"1217","forall NODE1,NODE0. ep_epoch0(NODE0) | ep_epoch1(NODE0) | ep_epoch3(NODE1) | ep_epoch4(NODE0) | locked_epoch2(NODE0) | locked_epoch3(NODE0) | locked_epoch4(NODE1) | NODE0 = NODE1","10","00--0----0--------0-0--0--------------","8","171","19","0400030020"
"1218","forall NODE1,NODE0. ep_epoch0(NODE0) | ep_epoch1(NODE0) | ep_epoch3(NODE1) | ep_epoch4(NODE1) | ep_epoch5(NODE1) | locked_epoch2(NODE0) | locked_epoch3(NODE0) | NODE0 = NODE1","10","00-------000------0-0-----------------","8","174","18","0500020020"
"1219","forall NODE1,NODE0. ep_epoch0(NODE0) | ep_epoch1(NODE0) | ep_epoch3(NODE1) | ep_epoch4(NODE1) | held(NODE1) | locked_epoch2(NODE0) | locked_epoch3(NODE0) | NODE0 = NODE1","10","00-------00--0----0-0-----------------","8","173","8","0401020020"
"1220","forall NODE1,NODE0. ep_epoch0(NODE0) | ep_epoch1(NODE0) | ep_epoch3(NODE1) | ep_epoch4(NODE1) | locked_epoch2(NODE0) | locked_epoch3(NODE0) | locked_epoch5(NODE1) | NODE0 = NODE1","10","00-------00-------0-0----0------------","8","171","19","0400030020"
"1221","forall NODE1,NODE0. ep_epoch0(NODE0) | ep_epoch1(NODE0) | ep_epoch3(NODE1) | ep_epoch5(NODE0) | ep_epoch5(NODE1) | locked_epoch2(NODE0) | locked_epoch3(NODE0) | NODE0 = NODE1","10","00---0---0-0------0-0-----------------","8","174","18","0500020020"
"1222","forall NODE1,NODE2,NODE3,NODE0. ep_epoch0(NODE0) | ep_epoch1(NODE0) | ep_epoch3(NODE1) | ep_epoch5(NODE2) | held(NODE3) | locked_epoch2(NODE0) | locked_epoch3(NODE0) | ((NODE0 ~= NODE3 | NODE1 ~= NODE2 | NODE0 = NODE1) & (NODE0 ~= NODE2 | NODE1 ~= NODE3 | NODE0 = NODE1))","17","00---0---0---0----0-0-----------------","13","323","3","0401020040"
"1223","forall NODE1,NODE2,NODE3,NODE0. ep_epoch0(NODE0) | ep_epoch1(NODE0) | ep_epoch3(NODE1) | ep_epoch5(NODE2) | locked_epoch2(NODE0) | locked_epoch3(NODE0) | locked_epoch5(NODE3) | ((NODE0 ~= NODE2 | NODE1 ~= NODE3 | NODE0 = NODE1) & (NODE0 ~= NODE3 | NODE1 ~= NODE2 | NODE0 = NODE1))","17","00---0---0--------0-0----0------------","13","320","2","0400030040"
"1224","forall NODE1,NODE0. ep_epoch0(NODE0) | ep_epoch1(NODE0) | ep_epoch3(NODE1) | ep_epoch5(NODE1) | locked_epoch2(NODE0) | locked_epoch3(NODE0) | locked_epoch4(NODE1) | NODE0 = NODE1","10","00-------0-0------0-0--0--------------","8","171","19","0400030020"
"1225","forall NODE1,NODE0. ep_epoch0(NODE0) | ep_epoch1(NODE0) | ep_epoch3(NODE1) | held(NODE0) | held(NODE1) | locked_epoch2(NODE0) | locked_epoch3(NODE0) | NODE0 = NODE1","10","00-------0--00----0-0-----------------","8","0","157","0302020020"
"1226","forall NODE1,NODE2,NODE3,NODE0. ep_epoch0(NODE0) | ep_epoch1(NODE0) | ep_epoch3(NODE1) | held(NODE2) | locked_epoch2(NODE0) | locked_epoch3(NODE0) | locked_epoch5(NODE3) | ((NODE0 ~= NODE2 | NODE1 ~= NODE3 | NODE0 = NODE1) & (NODE0 ~= NODE3 | NODE1 ~= NODE2 | NODE0 = NODE1))","17","00-------0--0-----0-0----0------------","13","0","157","0301030040"
"1227","forall NODE1,NODE0. ep_epoch0(NODE0) | ep_epoch1(NODE0) | ep_epoch3(NODE1) | held(NODE1) | locked_epoch2(NODE0) | locked_epoch3(NODE0) | locked_epoch4(NODE1) | NODE0 = NODE1","10","00-------0---0----0-0--0--------------","8","168","4","0301030020"
"1228","forall NODE1,NODE0. ep_epoch0(NODE0) | ep_epoch1(NODE0) | ep_epoch3(NODE1) | locked_epoch2(NODE0) | locked_epoch3(NODE0) | locked_epoch4(NODE1) | locked_epoch5(NODE1) | NODE0 = NODE1","10","00-------0--------0-0--0-0------------","8","166","7","0300040020"
"1229","forall NODE1,NODE0. ep_epoch0(NODE0) | ep_epoch1(NODE0) | ep_epoch3(NODE1) | locked_epoch2(NODE0) | locked_epoch3(NODE0) | locked_epoch5(NODE0) | locked_epoch5(NODE1) | NODE0 = NODE1","10","00-------0--------0-0---00------------","8","166","7","0300040020"
"1230","forall NODE1,NODE0. ep_epoch0(NODE0) | ep_epoch1(NODE0) | held(NODE0) | locked_epoch3(NODE0) | locked_epoch3(NODE1) | transfer_epoch3(NODE0) | transfer_epoch3(NODE1) | NODE0 = NODE1","10","00----------0-------00----------00----","8","0","157","0201020220"
"1231","forall NODE1,NODE0. ep_epoch1(NODE0) | ep_epoch1(NODE1) | ep_epoch2(NODE0) | ep_epoch3(NODE0) | ep_epoch4(NODE0) | ep_epoch5(NODE0) | locked_epoch2(NODE1) | NODE0 = NODE1","10","-00000-0-----------0------------------","8","178","6","0600010020"
"1232","forall NODE1,NODE0. ep_epoch1(NODE0) | ep_epoch1(NODE1) | ep_epoch2(NODE0) | ep_epoch3(NODE0) | ep_epoch4(NODE0) | held(NODE0) | locked_epoch2(NODE1) | NODE0 = NODE1","10","-0000--0----0------0------------------","8","177","4","0501010020"
"1233","forall NODE1,NODE0. ep_epoch1(NODE0) | ep_epoch1(NODE1) | ep_epoch2(NODE0) | ep_epoch3(NODE0) | ep_epoch4(NODE0) | locked_epoch2(NODE1) | locked_epoch5(NODE0) | NODE0 = NODE1","10","-0000--0-----------0----0-------------","8","174","18","0500020020"
"1234","forall NODE1,NODE0. ep_epoch1(NODE0) | ep_epoch1(NODE1) | ep_epoch2(NODE0) | ep_epoch3(NODE0) | ep_epoch4(NODE1) | locked_epoch2(NODE1) | locked_epoch4(NODE0) | NODE0 = NODE1","10","-000---0--0--------0--0---------------","8","174","18","0500020020"
"1235","forall NODE1,NODE0. ep_epoch1(NODE0) | ep_epoch1(NODE1) | ep_epoch2(NODE0) | ep_epoch3(NODE0) | ep_epoch5(NODE0) | locked_epoch2(NODE1) | locked_epoch4(NODE0) | NODE0 = NODE1","10","-000-0-0-----------0--0---------------","8","174","18","0500020020"
"1236","forall NODE1,NODE0. ep_epoch1(NODE0) | ep_epoch1(NODE1) | ep_epoch2(NODE0) | ep_epoch3(NODE0) | held(NODE0) | locked_epoch2(NODE1) | locked_epoch4(NODE0) | NODE0 = NODE1","10","-000---0----0------0--0---------------","8","173","8","0401020020"
"1237","forall NODE1,NODE0. ep_epoch1(NODE0) | ep_epoch1(NODE1) | ep_epoch2(NODE0) | ep_epoch3(NODE0) | locked_epoch2(NODE1) | locked_epoch4(NODE0) | locked_epoch4(NODE1) | NODE0 = NODE1","10","-000---0-----------0--00--------------","8","171","19","0400030020"
"1238","forall NODE1,NODE0. ep_epoch1(NODE0) | ep_epoch1(NODE1) | ep_epoch2(NODE0) | ep_epoch3(NODE0) | locked_epoch2(NODE1) | locked_epoch4(NODE0) | locked_epoch5(NODE0) | NODE0 = NODE1","10","-000---0-----------0--0-0-------------","8","171","19","0400030020"
"1239","forall NODE1,NODE0. ep_epoch1(NODE0) | ep_epoch1(NODE1) | ep_epoch2(NODE0) | ep_epoch4(NODE0) | ep_epoch5(NODE0) | locked_epoch2(NODE1) | locked_epoch3(NODE0) | NODE0 = NODE1","10","-00-00-0-----------00-----------------","8","174","18","0500020020"
"1240","forall NODE1,NODE0. ep_epoch1(NODE0) | ep_epoch1(NODE1) | ep_epoch2(NODE0) | ep_epoch4(NODE0) | held(NODE0) | locked_epoch2(NODE1) | locked_epoch3(NODE0) | NODE0 = NODE1","10","-00-0--0----0------00-----------------","8","173","8","0401020020"
"1241","forall NODE1,NODE0. ep_epoch1(NODE0) | ep_epoch1(NODE1) | ep_epoch2(NODE0) | ep_epoch4(NODE0) | locked_epoch2(NODE1) | locked_epoch3(NODE0) | locked_epoch5(NODE0) | NODE0 = NODE1","10","-00-0--0-----------00---0-------------","8","171","19","0400030020"
"1242","forall NODE1,NODE0. ep_epoch1(NODE0) | ep_epoch1(NODE1) | ep_epoch2(NODE0) | ep_epoch4(NODE1) | locked_epoch2(NODE1) | locked_epoch3(NODE0) | locked_epoch4(NODE0) | NODE0 = NODE1","10","-00----0--0--------00-0---------------","8","171","19","0400030020"
"1243","forall NODE1,NODE0. ep_epoch1(NODE0) | ep_epoch1(NODE1) | ep_epoch2(NODE0) | ep_epoch5(NODE0) | locked_epoch2(NODE1) | locked_epoch3(NODE0) | locked_epoch4(NODE0) | NODE0 = NODE1","10","-00--0-0-----------00-0---------------","8","171","19","0400030020"
"1244","forall NODE1,NODE0. ep_epoch1(NODE0) | ep_epoch1(NODE1) | ep_epoch2(NODE0) | held(NODE0) | locked_epoch2(NODE1) | locked_epoch3(NODE0) | locked_epoch4(NODE0) | NODE0 = NODE1","10","-00----0----0------00-0---------------","8","168","4","0301030020"
"1245","forall NODE1,NODE0. ep_epoch1(NODE0) | ep_epoch1(NODE1) | ep_epoch2(NODE0) | locked_epoch2(NODE1) | locked_epoch3(NODE0) | locked_epoch4(NODE0) | locked_epoch4(NODE1) | NODE0 = NODE1","10","-00----0-----------00-00--------------","8","166","7","0300040020"
"1246","forall NODE1,NODE0. ep_epoch1(NODE0) | ep_epoch1(NODE1) | ep_epoch2(NODE0) | locked_epoch2(NODE1) | locked_epoch3(NODE0) | locked_epoch4(NODE0) | locked_epoch5(NODE0) | NODE0 = NODE1","10","-00----0-----------00-0-0-------------","8","166","7","0300040020"
"1247","forall NODE1,NODE0. ~ep_epoch0(NODE0) | ~locked_epoch2(NODE1) | ep_epoch2(NODE1) | held(NODE1) | transfer_epoch4(NODE0) | transfer_epoch4(NODE1) | transfer_epoch5(NODE0) | transfer_epoch5(NODE1) | NODE0 = NODE1","11","1-------0----0-----1--------------0000","9","222","6","1101100420"
"1248","forall NODE1,NODE0. ~ep_epoch0(NODE0) | ~locked_epoch2(NODE1) | ep_epoch3(NODE1) | held(NODE1) | transfer_epoch3(NODE0) | transfer_epoch3(NODE1) | transfer_epoch5(NODE0) | transfer_epoch5(NODE1) | NODE0 = NODE1","11","1--------0---0-----1------------00--00","9","222","6","1101100420"
"1249","forall NODE1,NODE0. ~ep_epoch0(NODE0) | ~locked_epoch2(NODE1) | ep_epoch4(NODE1) | held(NODE1) | transfer_epoch3(NODE0) | transfer_epoch3(NODE1) | transfer_epoch4(NODE0) | transfer_epoch4(NODE1) | NODE0 = NODE1","11","1---------0--0-----1------------0000--","9","222","6","1101100420"
"1250","forall NODE1,NODE0. ~ep_epoch0(NODE0) | ~locked_epoch2(NODE1) | held(NODE1) | locked_epoch4(NODE1) | transfer_epoch3(NODE0) | transfer_epoch3(NODE1) | transfer_epoch4(NODE0) | transfer_epoch4(NODE1) | NODE0 = NODE1","11","1------------0-----1---0--------0000--","9","217","2","1001110420"
"1251","forall NODE1,NODE0. ~ep_epoch0(NODE0) | ep_epoch1(NODE1) | ep_epoch2(NODE1) | held(NODE1) | transfer_epoch4(NODE0) | transfer_epoch4(NODE1) | transfer_epoch5(NODE0) | transfer_epoch5(NODE1) | NODE0 = NODE1","11","1------00----0--------------------0000","9","224","10","1201000420"
"1252","forall NODE1,NODE0. ~ep_epoch0(NODE0) | ep_epoch1(NODE1) | ep_epoch3(NODE1) | held(NODE1) | transfer_epoch3(NODE0) | transfer_epoch3(NODE1) | transfer_epoch5(NODE0) | transfer_epoch5(NODE1) | NODE0 = NODE1","11","1------0-0---0------------------00--00","9","224","10","1201000420"
"1253","forall NODE1,NODE0. ~ep_epoch0(NODE0) | ep_epoch1(NODE1) | ep_epoch4(NODE1) | held(NODE1) | transfer_epoch3(NODE0) | transfer_epoch3(NODE1) | transfer_epoch4(NODE0) | transfer_epoch4(NODE1) | NODE0 = NODE1","11","1------0--0--0------------------0000--","9","224","10","1201000420"
"1254","forall NODE1,NODE0. ~ep_epoch0(NODE0) | ep_epoch1(NODE1) | held(NODE1) | locked_epoch4(NODE1) | transfer_epoch3(NODE0) | transfer_epoch3(NODE1) | transfer_epoch4(NODE0) | transfer_epoch4(NODE1) | NODE0 = NODE1","11","1------0-----0---------0--------0000--","9","221","4","1101010420"
"1255","forall NODE1,NODE0. ~ep_epoch0(NODE0) | ep_epoch2(NODE1) | ep_epoch3(NODE1) | held(NODE1) | transfer_epoch2(NODE0) | transfer_epoch2(NODE1) | transfer_epoch5(NODE0) | transfer_epoch5(NODE1) | NODE0 = NODE1","11","1-------00---0----------------00----00","9","224","10","1201000420"
"1256","forall NODE1,NODE0. ~ep_epoch0(NODE0) | ep_epoch2(NODE1) | ep_epoch4(NODE1) | held(NODE1) | transfer_epoch2(NODE0) | transfer_epoch2(NODE1) | transfer_epoch4(NODE0) | transfer_epoch4(NODE1) | NODE0 = NODE1","11","1-------0-0--0----------------00--00--","9","224","10","1201000420"
"1257","forall NODE1,NODE0. ~ep_epoch0(NODE0) | ep_epoch2(NODE1) | held(NODE1) | locked_epoch4(NODE1) | transfer_epoch2(NODE0) | transfer_epoch2(NODE1) | transfer_epoch4(NODE0) | transfer_epoch4(NODE1) | NODE0 = NODE1","11","1-------0----0---------0------00--00--","9","221","4","1101010420"
"1258","forall NODE1,NODE0. ~ep_epoch0(NODE0) | ep_epoch3(NODE1) | ep_epoch4(NODE1) | held(NODE1) | transfer_epoch2(NODE0) | transfer_epoch2(NODE1) | transfer_epoch3(NODE0) | transfer_epoch3(NODE1) | NODE0 = NODE1","11","1--------00--0----------------0000----","9","224","10","1201000420"
"1259","forall NODE1,NODE0. ~ep_epoch0(NODE0) | ep_epoch3(NODE1) | held(NODE1) | locked_epoch4(NODE1) | transfer_epoch2(NODE0) | transfer_epoch2(NODE1) | transfer_epoch3(NODE0) | transfer_epoch3(NODE1) | NODE0 = NODE1","11","1--------0---0---------0------0000----","9","221","4","1101010420"
"1260","forall NODE1,NODE0. ~ep_epoch1(NODE0) | ~locked_epoch2(NODE1) | ep_epoch2(NODE1) | held(NODE1) | transfer_epoch4(NODE0) | transfer_epoch4(NODE1) | transfer_epoch5(NODE0) | transfer_epoch5(NODE1) | NODE0 = NODE1","11","-1------0----0-----1--------------0000","9","222","6","1101100420"
"1261","forall NODE1,NODE0. ~ep_epoch1(NODE0) | ~locked_epoch2(NODE1) | ep_epoch3(NODE1) | held(NODE1) | transfer_epoch3(NODE0) | transfer_epoch3(NODE1) | transfer_epoch5(NODE0) | transfer_epoch5(NODE1) | NODE0 = NODE1","11","-1-------0---0-----1------------00--00","9","222","6","1101100420"
"1262","forall NODE1,NODE0. ~ep_epoch1(NODE0) | ~locked_epoch2(NODE1) | ep_epoch4(NODE1) | held(NODE1) | transfer_epoch3(NODE0) | transfer_epoch3(NODE1) | transfer_epoch4(NODE0) | transfer_epoch4(NODE1) | NODE0 = NODE1","11","-1--------0--0-----1------------0000--","9","222","6","1101100420"
"1263","forall NODE1,NODE0. ~ep_epoch1(NODE0) | ~locked_epoch2(NODE1) | held(NODE1) | locked_epoch4(NODE1) | transfer_epoch3(NODE0) | transfer_epoch3(NODE1) | transfer_epoch4(NODE0) | transfer_epoch4(NODE1) | NODE0 = NODE1","11","-1-----------0-----1---0--------0000--","9","217","2","1001110420"
"1264","forall NODE1,NODE0. ~ep_epoch1(NODE0) | ep_epoch0(NODE1) | ep_epoch2(NODE1) | held(NODE1) | transfer_epoch4(NODE0) | transfer_epoch4(NODE1) | transfer_epoch5(NODE0) | transfer_epoch5(NODE1) | NODE0 = NODE1","11","-1----0-0----0--------------------0000","9","224","10","1201000420"
"1265","forall NODE1,NODE0. ~ep_epoch1(NODE0) | ep_epoch0(NODE1) | ep_epoch3(NODE1) | held(NODE1) | transfer_epoch3(NODE0) | transfer_epoch3(NODE1) | transfer_epoch5(NODE0) | transfer_epoch5(NODE1) | NODE0 = NODE1","11","-1----0--0---0------------------00--00","9","224","10","1201000420"
"1266","forall NODE1,NODE0. ~ep_epoch1(NODE0) | ep_epoch0(NODE1) | ep_epoch4(NODE1) | held(NODE1) | transfer_epoch3(NODE0) | transfer_epoch3(NODE1) | transfer_epoch4(NODE0) | transfer_epoch4(NODE1) | NODE0 = NODE1","11","-1----0---0--0------------------0000--","9","224","10","1201000420"
"1267","forall NODE1,NODE0. ~ep_epoch1(NODE0) | ep_epoch0(NODE1) | held(NODE1) | locked_epoch4(NODE1) | transfer_epoch3(NODE0) | transfer_epoch3(NODE1) | transfer_epoch4(NODE0) | transfer_epoch4(NODE1) | NODE0 = NODE1","11","-1----0------0---------0--------0000--","9","221","4","1101010420"
"1268","forall NODE1,NODE0. ~ep_epoch1(NODE0) | ep_epoch2(NODE1) | ep_epoch3(NODE1) | ep_epoch4(NODE1) | ep_epoch5(NODE1) | held(NODE0) | transfer_epoch2(NODE0) | transfer_epoch2(NODE1) | NODE0 = NODE1","11","-1------00000-----------------00------","9","0","157","1401000220"
"1269","forall NODE1,NODE0. ~ep_epoch1(NODE0) | ep_epoch2(NODE1) | ep_epoch3(NODE1) | ep_epoch4(NODE1) | held(NODE0) | held(NODE1) | transfer_epoch2(NODE0) | transfer_epoch2(NODE1) | NODE0 = NODE1","11","-1------000-00----------------00------","9","0","157","1302000220"
"1270","forall NODE1,NODE0. ~ep_epoch1(NODE0) | ep_epoch2(NODE1) | ep_epoch3(NODE1) | ep_epoch4(NODE1) | held(NODE0) | locked_epoch5(NODE1) | transfer_epoch2(NODE0) | transfer_epoch2(NODE1) | NODE0 = NODE1","11","-1------000-0------------0----00------","9","0","157","1301010220"
"1271","forall NODE1,NODE0. ~ep_epoch1(NODE0) | held(NODE0) | held(NODE1) | locked_epoch3(NODE1) | transfer_epoch2(NODE0) | transfer_epoch2(NODE1) | transfer_epoch3(NODE0) | transfer_epoch3(NODE1) | NODE0 = NODE1","11","-1----------00-------0--------0000----","9","218","2","1002010420"
"1272","forall NODE1,NODE0. ~ep_epoch2(NODE0) | ep_epoch0(NODE1) | ep_epoch1(NODE1) | held(NODE1) | transfer_epoch4(NODE0) | transfer_epoch4(NODE1) | transfer_epoch5(NODE0) | transfer_epoch5(NODE1) | NODE0 = NODE1","11","--1---00-----0--------------------0000","9","224","10","1201000420"
"1273","forall NODE1,NODE0. ~ep_epoch2(NODE0) | ep_epoch3(NODE1) | held(NODE0) | held(NODE1) | transfer_epoch3(NODE0) | transfer_epoch3(NODE1) | transfer_epoch5(NODE0) | transfer_epoch5(NODE1) | NODE0 = NODE1","11","--1------0--00------------------00--00","9","223","2","1102000420"
"1274","forall NODE1,NODE0. ~ep_epoch2(NODE0) | ep_epoch4(NODE1) | held(NODE0) | held(NODE1) | transfer_epoch3(NODE0) | transfer_epoch3(NODE1) | transfer_epoch4(NODE0) | transfer_epoch4(NODE1) | NODE0 = NODE1","11","--1-------0-00------------------0000--","9","223","2","1102000420"
"1275","forall NODE1,NODE0. ~ep_epoch2(NODE0) | held(NODE0) | held(NODE1) | locked_epoch4(NODE1) | transfer_epoch3(NODE0) | transfer_epoch3(NODE1) | transfer_epoch4(NODE0) | transfer_epoch4(NODE1) | NODE0 = NODE1","11","--1---------00---------0--------0000--","9","218","2","1002010420"
"1276","forall NODE1,NODE0. ~locked_epoch2(NODE0) | ~locked_epoch3(NODE0) | ep_epoch0(NODE1) | ep_epoch1(NODE1) | ep_epoch5(NODE0) | held(NODE1) | transfer_epoch5(NODE0) | transfer_epoch5(NODE1) | NODE0 = NODE1","11","-----000-----0----1-1---------------00","9","0","157","0301200220"
"1277","forall NODE1,NODE0. ~locked_epoch2(NODE0) | ~locked_epoch3(NODE0) | ep_epoch0(NODE1) | ep_epoch1(NODE1) | held(NODE0) | held(NODE1) | transfer_epoch5(NODE0) | transfer_epoch5(NODE1) | NODE0 = NODE1","11","------00----00----1-1---------------00","9","0","157","0202200220"
"1278","forall NODE1,NODE0. ~locked_epoch2(NODE0) | ~locked_epoch3(NODE0) | ep_epoch0(NODE1) | ep_epoch1(NODE1) | held(NODE1) | locked_epoch5(NODE0) | transfer_epoch5(NODE0) | transfer_epoch5(NODE1) | NODE0 = NODE1","11","------00-----0----1-1---0-----------00","9","0","157","0201210220"
"1279","forall NODE1,NODE0. ~locked_epoch2(NODE0) | ep_epoch0(NODE1) | ep_epoch1(NODE1) | ep_epoch2(NODE0) | ep_epoch3(NODE0) | ep_epoch3(NODE1) | ep_epoch4(NODE0) | ep_epoch4(NODE1) | NODE0 = NODE1","11","--000-00-00-------1-------------------","9","216","3","0700100020"
"1280","forall NODE1,NODE0. ~locked_epoch2(NODE0) | ep_epoch0(NODE1) | ep_epoch1(NODE1) | ep_epoch2(NODE0) | ep_epoch3(NODE0) | ep_epoch3(NODE1) | ep_epoch5(NODE0) | ep_epoch5(NODE1) | NODE0 = NODE1","11","--00-000-0-0------1-------------------","9","216","3","0700100020"
"1281","forall NODE1,NODE2,NODE3,NODE0. ~locked_epoch2(NODE0) | ep_epoch0(NODE1) | ep_epoch1(NODE1) | ep_epoch2(NODE0) | ep_epoch3(NODE0) | ep_epoch3(NODE1) | ep_epoch5(NODE2) | held(NODE3) | ((NODE0 ~= NODE2 | NODE1 ~= NODE3 | NODE0 = NODE1) & (NODE0 ~= NODE3 | NODE1 ~= NODE2 | NODE0 = NODE1))","18","--00-000-0---0----1-------------------","14","335","2","0601100040"
"1282","forall NODE1,NODE2,NODE3,NODE0. ~locked_epoch2(NODE0) | ep_epoch0(NODE1) | ep_epoch1(NODE1) | ep_epoch2(NODE0) | ep_epoch3(NODE0) | ep_epoch3(NODE1) | ep_epoch5(NODE2) | locked_epoch5(NODE3) | ((NODE0 ~= NODE2 | NODE1 ~= NODE3 | NODE0 = NODE1) & (NODE0 ~= NODE3 | NODE1 ~= NODE2 | NODE0 = NODE1))","18","--00-000-0--------1------0------------","14","333","2","0600110040"
"1283","forall NODE1,NODE0. ~locked_epoch2(NODE0) | ep_epoch0(NODE1) | ep_epoch1(NODE1) | ep_epoch2(NODE0) | ep_epoch3(NODE0) | ep_epoch3(NODE1) | held(NODE0) | held(NODE1) | NODE0 = NODE1","11","--00--00-0--00----1-------------------","9","212","2","0502100020"
"1284","forall NODE1,NODE2,NODE3,NODE0. ~locked_epoch2(NODE0) | ep_epoch0(NODE1) | ep_epoch1(NODE1) | ep_epoch2(NODE0) | ep_epoch3(NODE0) | ep_epoch3(NODE1) | held(NODE2) | locked_epoch5(NODE3) | ((NODE0 ~= NODE3 | NODE1 ~= NODE2 | NODE0 = NODE1) & (NODE0 ~= NODE2 | NODE1 ~= NODE3 | NODE0 = NODE1))","18","--00--00-0--0-----1------0------------","14","331","2","0501110040"
"1285","forall NODE1,NODE0. ~locked_epoch2(NODE0) | ep_epoch0(NODE1) | ep_epoch1(NODE1) | ep_epoch2(NODE0) | ep_epoch3(NODE0) | ep_epoch3(NODE1) | locked_epoch5(NODE0) | locked_epoch5(NODE1) | NODE0 = NODE1","11","--00--00-0--------1-----00------------","9","209","2","0500120020"
"1286","forall NODE1,NODE0. ~locked_epoch2(NODE0) | ep_epoch0(NODE1) | ep_epoch1(NODE1) | ep_epoch2(NODE0) | ep_epoch4(NODE0) | ep_epoch4(NODE1) | ep_epoch5(NODE0) | ep_epoch5(NODE1) | NODE0 = NODE1","11","--0-0000--00------1-------------------","9","216","3","0700100020"
"1287","forall NODE1,NODE2,NODE3,NODE0. ~locked_epoch2(NODE0) | ep_epoch0(NODE1) | ep_epoch1(NODE1) | ep_epoch2(NODE0) | ep_epoch4(NODE0) | ep_epoch4(NODE1) | ep_epoch5(NODE2) | held(NODE3) | ((NODE0 ~= NODE3 | NODE1 ~= NODE2 | NODE0 = NODE1) & (NODE0 ~= NODE2 | NODE1 ~= NODE3 | NODE0 = NODE1))","18","--0-0000--0--0----1-------------------","14","335","2","0601100040"
"1288","forall NODE1,NODE2,NODE3,NODE0. ~locked_epoch2(NODE0) | ep_epoch0(NODE1) | ep_epoch1(NODE1) | ep_epoch2(NODE0) | ep_epoch4(NODE0) | ep_epoch4(NODE1) | ep_epoch5(NODE2) | locked_epoch5(NODE3) | ((NODE0 ~= NODE3 | NODE1 ~= NODE2 | NODE0 = NODE1) & (NODE0 ~= NODE2 | NODE1 ~= NODE3 | NODE0 = NODE1))","18","--0-0000--0-------1------0------------","14","333","2","0600110040"
"1289","forall NODE1,NODE0. ~locked_epoch2(NODE0) | ep_epoch0(NODE1) | ep_epoch1(NODE1) | ep_epoch2(NODE0) | ep_epoch4(NODE0) | ep_epoch4(NODE1) | held(NODE0) | held(NODE1) | NODE0 = NODE1","11","--0-0-00--0-00----1-------------------","9","212","2","0502100020"
"1290","forall NODE1,NODE2,NODE3,NODE0. ~locked_epoch2(NODE0) | ep_epoch0(NODE1) | ep_epoch1(NODE1) | ep_epoch2(NODE0) | ep_epoch4(NODE0) | ep_epoch4(NODE1) | held(NODE2) | locked_epoch5(NODE3) | ((NODE0 ~= NODE2 | NODE1 ~= NODE3 | NODE0 = NODE1) & (NODE0 ~= NODE3 | NODE1 ~= NODE2 | NODE0 = NODE1))","18","--0-0-00--0-0-----1------0------------","14","331","2","0501110040"
"1291","forall NODE1,NODE0. ~locked_epoch2(NODE0) | ep_epoch0(NODE1) | ep_epoch1(NODE1) | ep_epoch2(NODE0) | ep_epoch4(NODE0) | ep_epoch4(NODE1) | locked_epoch5(NODE0) | locked_epoch5(NODE1) | NODE0 = NODE1","11","--0-0-00--0-------1-----00------------","9","209","2","0500120020"
"1292","forall NODE1,NODE0. ~locked_epoch2(NODE0) | ep_epoch0(NODE1) | ep_epoch1(NODE1) | ep_epoch2(NODE0) | held(NODE0) | held(NODE1) | transfer_epoch5(NODE0) | transfer_epoch5(NODE1) | NODE0 = NODE1","11","--0---00----00----1-----------------00","9","202","4","0302100220"
"1293","forall NODE1,NODE0. ~locked_epoch2(NODE0) | ep_epoch0(NODE1) | ep_epoch1(NODE1) | ep_epoch3(NODE1) | ep_epoch5(NODE0) | held(NODE1) | transfer_epoch5(NODE0) | transfer_epoch5(NODE1) | NODE0 = NODE1","11","-----000-0---0----1-----------------00","9","206","3","0401100220"
"1294","forall NODE1,NODE0. ~locked_epoch2(NODE0) | ep_epoch0(NODE1) | ep_epoch1(NODE1) | ep_epoch3(NODE1) | held(NODE0) | held(NODE1) | transfer_epoch5(NODE0) | transfer_epoch5(NODE1) | NODE0 = NODE1","11","------00-0--00----1-----------------00","9","202","4","0302100220"
"1295","forall NODE1,NODE0. ~locked_epoch2(NODE0) | ep_epoch0(NODE1) | ep_epoch1(NODE1) | ep_epoch3(NODE1) | held(NODE1) | locked_epoch5(NODE0) | transfer_epoch5(NODE0) | transfer_epoch5(NODE1) | NODE0 = NODE1","11","------00-0---0----1-----0-----------00","9","200","9","0301110220"
"1296","forall NODE1,NODE0. ~locked_epoch2(NODE0) | ep_epoch0(NODE1) | ep_epoch1(NODE1) | ep_epoch4(NODE1) | held(NODE1) | locked_epoch4(NODE0) | transfer_epoch4(NODE0) | transfer_epoch4(NODE1) | NODE0 = NODE1","11","------00--0--0----1---0-----------00--","9","200","9","0301110220"
"1297","forall NODE1,NODE0. ~locked_epoch2(NODE0) | ep_epoch0(NODE1) | ep_epoch1(NODE1) | ep_epoch5(NODE0) | held(NODE1) | locked_epoch3(NODE1) | transfer_epoch5(NODE0) | transfer_epoch5(NODE1) | NODE0 = NODE1","11","-----000-----0----1--0--------------00","9","200","9","0301110220"
"1298","forall NODE1,NODE0. ~locked_epoch2(NODE0) | ep_epoch0(NODE1) | ep_epoch1(NODE1) | held(NODE0) | held(NODE1) | locked_epoch3(NODE1) | transfer_epoch5(NODE0) | transfer_epoch5(NODE1) | NODE0 = NODE1","11","------00----00----1--0--------------00","9","198","4","0202110220"
"1299","forall NODE1,NODE0. ~locked_epoch2(NODE0) | ep_epoch0(NODE1) | ep_epoch1(NODE1) | held(NODE1) | locked_epoch3(NODE1) | locked_epoch5(NODE0) | transfer_epoch5(NODE0) | transfer_epoch5(NODE1) | NODE0 = NODE1","11","------00-----0----1--0--0-----------00","9","196","8","0201120220"
"1300","forall NODE1,NODE0. ~locked_epoch2(NODE0) | ep_epoch0(NODE1) | ep_epoch1(NODE1) | held(NODE1) | locked_epoch4(NODE0) | locked_epoch4(NODE1) | transfer_epoch4(NODE0) | transfer_epoch4(NODE1) | NODE0 = NODE1","11","------00-----0----1---00----------00--","9","196","8","0201120220"
"1301","forall NODE1,NODE0. ~locked_epoch2(NODE0) | ep_epoch2(NODE0) | ep_epoch4(NODE0) | ep_epoch4(NODE1) | ep_epoch5(NODE1) | held(NODE0) | transfer_epoch4(NODE0) | transfer_epoch4(NODE1) | NODE0 = NODE1","11","--0-0-----000-----1---------------00--","9","206","3","0401100220"
"1302","forall NODE1,NODE0. ~locked_epoch2(NODE0) | ep_epoch2(NODE0) | ep_epoch4(NODE0) | ep_epoch4(NODE1) | held(NODE0) | held(NODE1) | transfer_epoch4(NODE0) | transfer_epoch4(NODE1) | NODE0 = NODE1","11","--0-0-----0-00----1---------------00--","9","202","4","0302100220"
"1303","forall NODE1,NODE0. ~locked_epoch2(NODE0) | ep_epoch2(NODE0) | ep_epoch4(NODE0) | ep_epoch4(NODE1) | held(NODE0) | locked_epoch5(NODE1) | transfer_epoch4(NODE0) | transfer_epoch4(NODE1) | NODE0 = NODE1","11","--0-0-----0-0-----1------0--------00--","9","200","9","0301110220"
"1304","forall NODE1,NODE0. ~locked_epoch2(NODE0) | ep_epoch2(NODE0) | ep_epoch4(NODE1) | ep_epoch5(NODE1) | held(NODE0) | locked_epoch4(NODE0) | transfer_epoch4(NODE0) | transfer_epoch4(NODE1) | NODE0 = NODE1","11","--0-------000-----1---0-----------00--","9","200","9","0301110220"
"1305","forall NODE1,NODE0. ~locked_epoch2(NODE0) | ep_epoch2(NODE0) | ep_epoch4(NODE1) | held(NODE0) | held(NODE1) | locked_epoch4(NODE0) | transfer_epoch4(NODE0) | transfer_epoch4(NODE1) | NODE0 = NODE1","11","--0-------0-00----1---0-----------00--","9","198","4","0202110220"
"1306","forall NODE1,NODE0. ~locked_epoch2(NODE0) | ep_epoch2(NODE0) | ep_epoch4(NODE1) | held(NODE0) | locked_epoch4(NODE0) | locked_epoch5(NODE1) | transfer_epoch4(NODE0) | transfer_epoch4(NODE1) | NODE0 = NODE1","11","--0-------0-0-----1---0--0--------00--","9","196","8","0201120220"
"1307","forall NODE1,NODE0. ~locked_epoch2(NODE0) | ep_epoch2(NODE0) | held(NODE0) | held(NODE1) | transfer_epoch4(NODE0) | transfer_epoch4(NODE1) | transfer_epoch5(NODE0) | transfer_epoch5(NODE1) | NODE0 = NODE1","11","--0---------00----1---------------0000","9","0","157","0102100420"
"1308","forall NODE1,NODE0. ~locked_epoch2(NODE0) | ep_epoch3(NODE0) | ep_epoch3(NODE1) | ep_epoch4(NODE0) | held(NODE0) | locked_epoch4(NODE1) | transfer_epoch3(NODE0) | transfer_epoch3(NODE1) | NODE0 = NODE1","11","---00----0--0-----1----0--------00----","9","200","9","0301110220"
"1309","forall NODE1,NODE0. ~locked_epoch2(NODE0) | ep_epoch3(NODE0) | ep_epoch3(NODE1) | held(NODE0) | locked_epoch4(NODE0) | locked_epoch4(NODE1) | transfer_epoch3(NODE0) | transfer_epoch3(NODE1) | NODE0 = NODE1","11","---0-----0--0-----1---00--------00----","9","196","8","0201120220"
"1310","forall NODE1,NODE0. ~locked_epoch2(NODE0) | ep_epoch3(NODE1) | ep_epoch4(NODE0) | held(NODE0) | locked_epoch3(NODE0) | locked_epoch4(NODE1) | transfer_epoch3(NODE0) | transfer_epoch3(NODE1) | NODE0 = NODE1","11","----0----0--0-----1-0--0--------00----","9","196","8","0201120220"
"1311","forall NODE1,NODE0. ~locked_epoch2(NODE0) | ep_epoch3(NODE1) | ep_epoch4(NODE1) | ep_epoch5(NODE1) | held(NODE0) | locked_epoch3(NODE0) | transfer_epoch3(NODE0) | transfer_epoch3(NODE1) | NODE0 = NODE1","11","---------0000-----1-0-----------00----","9","200","9","0301110220"
"1312","forall NODE1,NODE0. ~locked_epoch2(NODE0) | ep_epoch3(NODE1) | ep_epoch4(NODE1) | held(NODE0) | held(NODE1) | locked_epoch3(NODE0) | transfer_epoch3(NODE0) | transfer_epoch3(NODE1) | NODE0 = NODE1","11","---------00-00----1-0-----------00----","9","198","4","0202110220"
"1313","forall NODE1,NODE0. ~locked_epoch2(NODE0) | ep_epoch3(NODE1) | ep_epoch4(NODE1) | held(NODE0) | locked_epoch3(NODE0) | locked_epoch5(NODE1) | transfer_epoch3(NODE0) | transfer_epoch3(NODE1) | NODE0 = NODE1","11","---------00-0-----1-0----0------00----","9","196","8","0201120220"
"1314","forall NODE1,NODE0. ~locked_epoch2(NODE0) | ep_epoch3(NODE1) | ep_epoch5(NODE1) | held(NODE0) | locked_epoch3(NODE0) | locked_epoch4(NODE1) | transfer_epoch3(NODE0) | transfer_epoch3(NODE1) | NODE0 = NODE1","11","---------0-00-----1-0--0--------00----","9","196","8","0201120220"
"1315","forall NODE1,NODE0. ~locked_epoch2(NODE0) | ep_epoch3(NODE1) | held(NODE0) | held(NODE1) | locked_epoch3(NODE0) | locked_epoch4(NODE1) | transfer_epoch3(NODE0) | transfer_epoch3(NODE1) | NODE0 = NODE1","11","---------0--00----1-0--0--------00----","9","0","157","0102120220"
"1316","forall NODE1,NODE0. ~locked_epoch2(NODE0) | ep_epoch3(NODE1) | held(NODE0) | locked_epoch3(NODE0) | locked_epoch4(NODE0) | locked_epoch4(NODE1) | transfer_epoch3(NODE0) | transfer_epoch3(NODE1) | NODE0 = NODE1","11","---------0--0-----1-0-00--------00----","9","192","2","0101130220"
"1317","forall NODE1,NODE0. ~locked_epoch2(NODE0) | ep_epoch3(NODE1) | held(NODE0) | locked_epoch3(NODE0) | locked_epoch4(NODE1) | locked_epoch5(NODE1) | transfer_epoch3(NODE0) | transfer_epoch3(NODE1) | NODE0 = NODE1","11","---------0--0-----1-0--0-0------00----","9","192","2","0101130220"
"1318","forall NODE1,NODE0. ~locked_epoch3(NODE0) | ep_epoch0(NODE1) | ep_epoch1(NODE1) | ep_epoch2(NODE1) | ep_epoch5(NODE0) | held(NODE1) | transfer_epoch5(NODE0) | transfer_epoch5(NODE1) | NODE0 = NODE1","11","-----0000----0------1---------------00","9","206","3","0401100220"
"1319","forall NODE1,NODE0. ~locked_epoch3(NODE0) | ep_epoch0(NODE1) | ep_epoch1(NODE1) | ep_epoch2(NODE1) | held(NODE0) | held(NODE1) | transfer_epoch5(NODE0) | transfer_epoch5(NODE1) | NODE0 = NODE1","11","------000---00------1---------------00","9","202","4","0302100220"
"1320","forall NODE1,NODE0. ~locked_epoch3(NODE0) | ep_epoch0(NODE1) | ep_epoch1(NODE1) | ep_epoch2(NODE1) | held(NODE1) | locked_epoch5(NODE0) | transfer_epoch5(NODE0) | transfer_epoch5(NODE1) | NODE0 = NODE1","11","------000----0------1---0-----------00","9","200","9","0301110220"
"1321","forall NODE1,NODE0. ~locked_epoch3(NODE0) | ep_epoch0(NODE1) | ep_epoch1(NODE1) | ep_epoch5(NODE0) | held(NODE1) | locked_epoch2(NODE1) | transfer_epoch5(NODE0) | transfer_epoch5(NODE1) | NODE0 = NODE1","11","-----000-----0-----01---------------00","9","200","9","0301110220"
"1322","forall NODE1,NODE0. ~locked_epoch3(NODE0) | ep_epoch0(NODE1) | ep_epoch1(NODE1) | held(NODE0) | held(NODE1) | locked_epoch2(NODE1) | transfer_epoch5(NODE0) | transfer_epoch5(NODE1) | NODE0 = NODE1","11","------00----00-----01---------------00","9","198","4","0202110220"
"1323","forall NODE1,NODE0. ~locked_epoch3(NODE0) | ep_epoch0(NODE1) | ep_epoch1(NODE1) | held(NODE1) | locked_epoch2(NODE1) | locked_epoch5(NODE0) | transfer_epoch5(NODE0) | transfer_epoch5(NODE1) | NODE0 = NODE1","11","------00-----0-----01---0-----------00","9","196","8","0201120220"
"1324","forall NODE1,NODE0. ~locked_epoch3(NODE0) | ep_epoch4(NODE1) | ep_epoch5(NODE1) | held(NODE0) | transfer_epoch4(NODE0) | transfer_epoch4(NODE1) | transfer_epoch5(NODE0) | transfer_epoch5(NODE1) | NODE0 = NODE1","11","----------000-------1-------------0000","9","0","157","0201100420"
"1325","forall NODE1,NODE0. ~locked_epoch3(NODE0) | ep_epoch4(NODE1) | held(NODE0) | locked_epoch5(NODE1) | transfer_epoch4(NODE0) | transfer_epoch4(NODE1) | transfer_epoch5(NODE0) | transfer_epoch5(NODE1) | NODE0 = NODE1","11","----------0-0-------1----0--------0000","9","191","2","0101110420"
"1326","forall NODE1,NODE0. ~locked_epoch3(NODE0) | ep_epoch5(NODE1) | held(NODE0) | locked_epoch4(NODE1) | transfer_epoch4(NODE0) | transfer_epoch4(NODE1) | transfer_epoch5(NODE0) | transfer_epoch5(NODE1) | NODE0 = NODE1","11","-----------00-------1--0----------0000","9","191","2","0101110420"
"1327","forall NODE1,NODE0. ~locked_epoch3(NODE0) | held(NODE0) | locked_epoch4(NODE1) | locked_epoch5(NODE1) | transfer_epoch4(NODE0) | transfer_epoch4(NODE1) | transfer_epoch5(NODE0) | transfer_epoch5(NODE1) | NODE0 = NODE1","11","------------0-------1--0-0--------0000","9","0","157","0001120420"
"1328","exists NODE0. ep_epoch0(NODE0) | ep_epoch1(NODE0) | ep_epoch2(NODE0) | locked_epoch4(NODE0)","5","000---000-------------00--------------","4","18","4","0600020001"
"1329","exists NODE0. ep_epoch0(NODE0) | ep_epoch1(NODE0) | ep_epoch3(NODE0) | locked_epoch4(NODE0)","5","00-0--00-0------------00--------------","4","18","4","0600020001"
"1330","forall NODE1,NODE0. ep_epoch0(NODE0) | ep_epoch0(NODE1) | ep_epoch1(NODE0) | ep_epoch1(NODE1) | ep_epoch3(NODE0) | ep_epoch4(NODE0) | ep_epoch5(NODE0) | locked_epoch3(NODE1) | NODE0 = NODE1","11","00-00000-------------0----------------","9","215","6","0700010020"
"1331","forall NODE1,NODE0. ep_epoch0(NODE0) | ep_epoch0(NODE1) | ep_epoch1(NODE0) | ep_epoch1(NODE1) | ep_epoch3(NODE0) | ep_epoch4(NODE0) | held(NODE0) | locked_epoch3(NODE1) | NODE0 = NODE1","11","00-00-00----0--------0----------------","9","214","3","0601010020"
"1332","forall NODE1,NODE0. ep_epoch0(NODE0) | ep_epoch0(NODE1) | ep_epoch1(NODE0) | ep_epoch1(NODE1) | ep_epoch3(NODE0) | ep_epoch4(NODE0) | locked_epoch3(NODE1) | locked_epoch5(NODE0) | NODE0 = NODE1","11","00-00-00-------------0--0-------------","9","213","17","0600020020"
"1333","forall NODE1,NODE0. ep_epoch0(NODE0) | ep_epoch0(NODE1) | ep_epoch1(NODE0) | ep_epoch1(NODE1) | ep_epoch3(NODE0) | ep_epoch4(NODE1) | locked_epoch3(NODE1) | locked_epoch4(NODE0) | NODE0 = NODE1","11","00-0--00--0----------00---------------","9","213","17","0600020020"
"1334","forall NODE1,NODE0. ep_epoch0(NODE0) | ep_epoch0(NODE1) | ep_epoch1(NODE0) | ep_epoch1(NODE1) | ep_epoch3(NODE0) | ep_epoch5(NODE0) | locked_epoch3(NODE1) | locked_epoch4(NODE0) | NODE0 = NODE1","11","00-0-000-------------00---------------","9","213","17","0600020020"
"1335","forall NODE1,NODE0. ep_epoch0(NODE0) | ep_epoch0(NODE1) | ep_epoch1(NODE0) | ep_epoch1(NODE1) | ep_epoch3(NODE0) | held(NODE0) | locked_epoch3(NODE1) | locked_epoch4(NODE0) | NODE0 = NODE1","11","00-0--00----0--------00---------------","9","210","5","0501020020"
"1336","forall NODE1,NODE0. ep_epoch0(NODE0) | ep_epoch0(NODE1) | ep_epoch1(NODE0) | ep_epoch1(NODE1) | ep_epoch3(NODE0) | locked_epoch3(NODE1) | locked_epoch4(NODE0) | locked_epoch4(NODE1) | NODE0 = NODE1","11","00-0--00-------------000--------------","9","208","14","0500030020"
"1337","forall NODE1,NODE0. ep_epoch0(NODE0) | ep_epoch0(NODE1) | ep_epoch1(NODE0) | ep_epoch1(NODE1) | ep_epoch3(NODE0) | locked_epoch3(NODE1) | locked_epoch4(NODE0) | locked_epoch5(NODE0) | NODE0 = NODE1","11","00-0--00-------------00-0-------------","9","208","14","0500030020"
"1338","exists NODE0. ep_epoch0(NODE0) | ep_epoch2(NODE0) | ep_epoch3(NODE0) | locked_epoch4(NODE0)","5","0-00--0-00------------00--------------","4","18","4","0600020001"
"1339","forall NODE1,NODE0. ep_epoch0(NODE0) | ep_epoch0(NODE1) | ep_epoch2(NODE0) | ep_epoch2(NODE1) | ep_epoch3(NODE0) | ep_epoch4(NODE0) | ep_epoch5(NODE0) | locked_epoch3(NODE1) | NODE0 = NODE1","11","0-00000-0------------0----------------","9","215","6","0700010020"
"1340","forall NODE1,NODE0. ep_epoch0(NODE0) | ep_epoch0(NODE1) | ep_epoch2(NODE0) | ep_epoch2(NODE1) | ep_epoch3(NODE0) | ep_epoch4(NODE0) | held(NODE0) | locked_epoch3(NODE1) | NODE0 = NODE1","11","0-000-0-0---0--------0----------------","9","214","3","0601010020"
"1341","forall NODE1,NODE0. ep_epoch0(NODE0) | ep_epoch0(NODE1) | ep_epoch2(NODE0) | ep_epoch2(NODE1) | ep_epoch3(NODE0) | ep_epoch4(NODE0) | locked_epoch3(NODE1) | locked_epoch5(NODE0) | NODE0 = NODE1","11","0-000-0-0------------0--0-------------","9","213","17","0600020020"
"1342","forall NODE1,NODE0. ep_epoch0(NODE0) | ep_epoch0(NODE1) | ep_epoch2(NODE0) | ep_epoch2(NODE1) | ep_epoch3(NODE0) | ep_epoch4(NODE1) | locked_epoch3(NODE1) | locked_epoch4(NODE0) | NODE0 = NODE1","11","0-00--0-0-0----------00---------------","9","213","17","0600020020"
"1343","forall NODE1,NODE0. ep_epoch0(NODE0) | ep_epoch0(NODE1) | ep_epoch2(NODE0) | ep_epoch2(NODE1) | ep_epoch3(NODE0) | ep_epoch5(NODE0) | locked_epoch3(NODE1) | locked_epoch4(NODE0) | NODE0 = NODE1","11","0-00-00-0------------00---------------","9","213","17","0600020020"
"1344","forall NODE1,NODE0. ep_epoch0(NODE0) | ep_epoch0(NODE1) | ep_epoch2(NODE0) | ep_epoch2(NODE1) | ep_epoch3(NODE0) | held(NODE0) | locked_epoch3(NODE1) | locked_epoch4(NODE0) | NODE0 = NODE1","11","0-00--0-0---0--------00---------------","9","210","5","0501020020"
"1345","forall NODE1,NODE0. ep_epoch0(NODE0) | ep_epoch0(NODE1) | ep_epoch2(NODE0) | ep_epoch2(NODE1) | ep_epoch3(NODE0) | locked_epoch3(NODE1) | locked_epoch4(NODE0) | locked_epoch4(NODE1) | NODE0 = NODE1","11","0-00--0-0------------000--------------","9","208","14","0500030020"
"1346","forall NODE1,NODE0. ep_epoch0(NODE0) | ep_epoch0(NODE1) | ep_epoch2(NODE0) | ep_epoch2(NODE1) | ep_epoch3(NODE0) | locked_epoch3(NODE1) | locked_epoch4(NODE0) | locked_epoch5(NODE0) | NODE0 = NODE1","11","0-00--0-0------------00-0-------------","9","208","14","0500030020"
"1347","forall NODE1,NODE0. ep_epoch0(NODE0) | ep_epoch0(NODE1) | ep_epoch2(NODE1) | ep_epoch3(NODE0) | ep_epoch4(NODE0) | ep_epoch4(NODE1) | locked_epoch2(NODE0) | locked_epoch3(NODE1) | NODE0 = NODE1","11","0-0-0-0--00--------00-----------------","9","213","17","0600020020"
"1348","forall NODE1,NODE0. ep_epoch0(NODE0) | ep_epoch0(NODE1) | ep_epoch2(NODE1) | ep_epoch3(NODE0) | ep_epoch4(NODE1) | locked_epoch2(NODE0) | locked_epoch3(NODE1) | locked_epoch4(NODE0) | NODE0 = NODE1","11","0-0-0-0--0---------00--0--------------","9","208","14","0500030020"
"1349","forall NODE1,NODE0. ep_epoch0(NODE0) | ep_epoch0(NODE1) | ep_epoch2(NODE1) | ep_epoch3(NODE0) | ep_epoch4(NODE0) | ep_epoch5(NODE0) | locked_epoch2(NODE0) | locked_epoch3(NODE1) | NODE0 = NODE1","11","0-0---0--000-------00-----------------","9","213","17","0600020020"
"1350","forall NODE1,NODE0. ep_epoch0(NODE0) | ep_epoch0(NODE1) | ep_epoch2(NODE1) | ep_epoch3(NODE0) | ep_epoch4(NODE0) | held(NODE0) | locked_epoch2(NODE0) | locked_epoch3(NODE1) | NODE0 = NODE1","11","0-0---0--00--0-----00-----------------","9","210","5","0501020020"
"1351","forall NODE1,NODE0. ep_epoch0(NODE0) | ep_epoch0(NODE1) | ep_epoch2(NODE1) | ep_epoch3(NODE0) | ep_epoch4(NODE0) | locked_epoch2(NODE0) | locked_epoch3(NODE1) | locked_epoch5(NODE0) | NODE0 = NODE1","11","0-0---0--00--------00----0------------","9","208","14","0500030020"
"1352","forall NODE1,NODE0. ep_epoch0(NODE0) | ep_epoch0(NODE1) | ep_epoch2(NODE1) | ep_epoch3(NODE0) | ep_epoch5(NODE0) | ep_epoch5(NODE1) | locked_epoch2(NODE0) | locked_epoch3(NODE1) | NODE0 = NODE1","11","0-0--00--0-0-------00-----------------","9","213","17","0600020020"
"1353","forall NODE1,NODE2,NODE3,NODE0. ep_epoch0(NODE0) | ep_epoch0(NODE1) | ep_epoch2(NODE1) | ep_epoch3(NODE0) | ep_epoch5(NODE2) | held(NODE3) | locked_epoch2(NODE0) | locked_epoch3(NODE1) | ((NODE0 ~= NODE2 | NODE1 ~= NODE3 | NODE0 = NODE1) & (NODE0 ~= NODE3 | NODE1 ~= NODE2 | NODE0 = NODE1))","18","0-0--00--0---0-----00-----------------","14","330","5","0501020040"
"1354","forall NODE1,NODE2,NODE3,NODE0. ep_epoch0(NODE0) | ep_epoch0(NODE1) | ep_epoch2(NODE1) | ep_epoch3(NODE0) | ep_epoch5(NODE2) | locked_epoch2(NODE0) | locked_epoch3(NODE1) | locked_epoch5(NODE3) | ((NODE0 ~= NODE3 | NODE1 ~= NODE2 | NODE0 = NODE1) & (NODE0 ~= NODE2 | NODE1 ~= NODE3 | NODE0 = NODE1))","18","0-0--00--0---------00----0------------","14","329","3","0500030040"
"1355","forall NODE1,NODE0. ep_epoch0(NODE0) | ep_epoch0(NODE1) | ep_epoch2(NODE1) | ep_epoch3(NODE0) | ep_epoch5(NODE0) | locked_epoch2(NODE0) | locked_epoch3(NODE1) | locked_epoch4(NODE0) | NODE0 = NODE1","11","0-0---0--0-0-------00--0--------------","9","208","14","0500030020"
"1356","forall NODE1,NODE0. ep_epoch0(NODE0) | ep_epoch0(NODE1) | ep_epoch2(NODE1) | ep_epoch3(NODE0) | held(NODE0) | held(NODE1) | locked_epoch2(NODE0) | locked_epoch3(NODE1) | NODE0 = NODE1","11","0-0---0--0--00-----00-----------------","9","207","3","0402020020"
"1357","forall NODE1,NODE2,NODE3,NODE0. ep_epoch0(NODE0) | ep_epoch0(NODE1) | ep_epoch2(NODE1) | ep_epoch3(NODE0) | held(NODE2) | locked_epoch2(NODE0) | locked_epoch3(NODE1) | locked_epoch5(NODE3) | ((NODE0 ~= NODE3 | NODE1 ~= NODE2 | NODE0 = NODE1) & (NODE0 ~= NODE2 | NODE1 ~= NODE3 | NODE0 = NODE1))","18","0-0---0--0--0------00----0------------","14","328","3","0401030040"
"1358","forall NODE1,NODE0. ep_epoch0(NODE0) | ep_epoch0(NODE1) | ep_epoch2(NODE1) | ep_epoch3(NODE0) | held(NODE0) | locked_epoch2(NODE0) | locked_epoch3(NODE1) | locked_epoch4(NODE0) | NODE0 = NODE1","11","0-0---0--0---0-----00--0--------------","9","205","2","0401030020"
"1359","forall NODE1,NODE0. ep_epoch0(NODE0) | ep_epoch0(NODE1) | ep_epoch2(NODE1) | ep_epoch3(NODE0) | locked_epoch2(NODE0) | locked_epoch3(NODE1) | locked_epoch4(NODE0) | locked_epoch5(NODE0) | NODE0 = NODE1","11","0-0---0--0---------00--0-0------------","9","203","5","0400040020"
"1360","forall NODE1,NODE0. ep_epoch0(NODE0) | ep_epoch0(NODE1) | ep_epoch2(NODE1) | ep_epoch3(NODE0) | locked_epoch2(NODE0) | locked_epoch3(NODE1) | locked_epoch5(NODE0) | locked_epoch5(NODE1) | NODE0 = NODE1","11","0-0---0--0---------00---00------------","9","203","5","0400040020"
"1361","forall NODE1,NODE0. ep_epoch0(NODE0) | ep_epoch0(NODE1) | ep_epoch2(NODE1) | held(NODE0) | locked_epoch3(NODE0) | locked_epoch3(NODE1) | transfer_epoch3(NODE0) | transfer_epoch3(NODE1) | NODE0 = NODE1","11","0-0---0------0------00----------00----","9","199","14","0301020220"
"1362","exists NODE0. ep_epoch0(NODE0) | held(NODE0) | locked_epoch3(NODE0) | transfer_epoch3(NODE0)","5","0-----0-----00------00----------00----","4","17","3","0202020201"
"1363","forall NODE1,NODE0. ep_epoch0(NODE0) | ep_epoch0(NODE1) | held(NODE1) | locked_epoch2(NODE0) | locked_epoch3(NODE0) | locked_epoch3(NODE1) | transfer_epoch3(NODE0) | transfer_epoch3(NODE1) | NODE0 = NODE1","11","0-----0-----0------000----------00----","9","195","6","0201030220"
"1364","forall NODE1,NODE0. ep_epoch0(NODE0) | ep_epoch1(NODE0) | ep_epoch2(NODE0) | ep_epoch3(NODE0) | ep_epoch5(NODE1) | held(NODE0) | transfer_epoch5(NODE0) | transfer_epoch5(NODE1) | NODE0 = NODE1","11","0000-------00-----------------------00","9","0","157","0501000220"
"1365","forall NODE1,NODE0. ep_epoch0(NODE0) | ep_epoch1(NODE0) | ep_epoch2(NODE0) | ep_epoch3(NODE0) | held(NODE0) | held(NODE1) | transfer_epoch5(NODE0) | transfer_epoch5(NODE1) | NODE0 = NODE1","11","0000--------00----------------------00","9","0","157","0402000220"
"1366","forall NODE1,NODE0. ep_epoch0(NODE0) | ep_epoch1(NODE0) | ep_epoch2(NODE0) | ep_epoch3(NODE0) | held(NODE0) | locked_epoch5(NODE1) | transfer_epoch5(NODE0) | transfer_epoch5(NODE1) | NODE0 = NODE1","11","0000--------0------------0----------00","9","204","7","0401010220"
"1367","forall NODE1,NODE0. ep_epoch0(NODE0) | ep_epoch1(NODE0) | ep_epoch2(NODE0) | ep_epoch4(NODE0) | held(NODE0) | locked_epoch4(NODE1) | transfer_epoch4(NODE0) | transfer_epoch4(NODE1) | NODE0 = NODE1","11","000-0-------0----------0----------00--","9","204","7","0401010220"
"1368","forall NODE1,NODE0. ep_epoch0(NODE0) | ep_epoch1(NODE0) | ep_epoch2(NODE0) | ep_epoch5(NODE1) | held(NODE0) | locked_epoch3(NODE0) | transfer_epoch5(NODE0) | transfer_epoch5(NODE1) | NODE0 = NODE1","11","000--------00-------0---------------00","9","204","7","0401010220"
"1369","forall NODE1,NODE0. ep_epoch0(NODE0) | ep_epoch1(NODE0) | ep_epoch2(NODE0) | held(NODE0) | held(NODE1) | locked_epoch3(NODE0) | transfer_epoch5(NODE0) | transfer_epoch5(NODE1) | NODE0 = NODE1","11","000---------00------0---------------00","9","201","4","0302010220"
"1370","forall NODE1,NODE0. ep_epoch0(NODE0) | ep_epoch1(NODE0) | ep_epoch2(NODE0) | held(NODE0) | locked_epoch3(NODE0) | locked_epoch5(NODE1) | transfer_epoch5(NODE0) | transfer_epoch5(NODE1) | NODE0 = NODE1","11","000---------0-------0----0----------00","9","199","14","0301020220"
"1371","forall NODE1,NODE0. ep_epoch0(NODE0) | ep_epoch1(NODE0) | ep_epoch2(NODE0) | held(NODE0) | locked_epoch4(NODE0) | locked_epoch4(NODE1) | transfer_epoch4(NODE0) | transfer_epoch4(NODE1) | NODE0 = NODE1","11","000---------0---------00----------00--","9","199","14","0301020220"
"1372","forall NODE1,NODE0. ep_epoch0(NODE0) | ep_epoch1(NODE0) | ep_epoch2(NODE1) | ep_epoch3(NODE0) | ep_epoch3(NODE1) | ep_epoch4(NODE0) | ep_epoch4(NODE1) | locked_epoch2(NODE0) | NODE0 = NODE1","11","00-00---000-------0-------------------","9","215","6","0700010020"
"1373","forall NODE1,NODE0. ep_epoch0(NODE0) | ep_epoch1(NODE0) | ep_epoch2(NODE1) | ep_epoch3(NODE0) | ep_epoch3(NODE1) | ep_epoch5(NODE0) | ep_epoch5(NODE1) | locked_epoch2(NODE0) | NODE0 = NODE1","11","00-0-0--00-0------0-------------------","9","215","6","0700010020"
"1374","forall NODE1,NODE2,NODE3,NODE0. ep_epoch0(NODE0) | ep_epoch1(NODE0) | ep_epoch2(NODE1) | ep_epoch3(NODE0) | ep_epoch3(NODE1) | ep_epoch5(NODE2) | held(NODE3) | locked_epoch2(NODE0) | ((NODE0 ~= NODE2 | NODE1 ~= NODE3 | NODE0 = NODE1) & (NODE0 ~= NODE3 | NODE1 ~= NODE2 | NODE0 = NODE1))","18","00-0-0--00---0----0-------------------","14","334","2","0601010040"
"1375","forall NODE1,NODE2,NODE3,NODE0. ep_epoch0(NODE0) | ep_epoch1(NODE0) | ep_epoch2(NODE1) | ep_epoch3(NODE0) | ep_epoch3(NODE1) | ep_epoch5(NODE2) | locked_epoch2(NODE0) | locked_epoch5(NODE3) | ((NODE0 ~= NODE2 | NODE1 ~= NODE3 | NODE0 = NODE1) & (NODE0 ~= NODE3 | NODE1 ~= NODE2 | NODE0 = NODE1))","18","00-0-0--00--------0------0------------","14","332","2","0600020040"
"1376","forall NODE1,NODE0. ep_epoch0(NODE0) | ep_epoch1(NODE0) | ep_epoch2(NODE1) | ep_epoch3(NODE0) | ep_epoch3(NODE1) | held(NODE0) | held(NODE1) | locked_epoch2(NODE0) | NODE0 = NODE1","11","00-0----00--00----0-------------------","9","211","2","0502010020"
"1377","forall NODE1,NODE2,NODE3,NODE0. ep_epoch0(NODE0) | ep_epoch1(NODE0) | ep_epoch2(NODE1) | ep_epoch3(NODE0) | ep_epoch3(NODE1) | held(NODE2) | locked_epoch2(NODE0) | locked_epoch5(NODE3) | ((NODE0 ~= NODE3 | NODE1 ~= NODE2 | NODE0 = NODE1) & (NODE0 ~= NODE2 | NODE1 ~= NODE3 | NODE0 = NODE1))","18","00-0----00--0-----0------0------------","14","330","5","0501020040"
"1378","forall NODE1,NODE0. ep_epoch0(NODE0) | ep_epoch1(NODE0) | ep_epoch2(NODE1) | ep_epoch3(NODE0) | ep_epoch3(NODE1) | locked_epoch2(NODE0) | locked_epoch5(NODE0) | locked_epoch5(NODE1) | NODE0 = NODE1","11","00-0----00--------0-----00------------","9","208","14","0500030020"
"1379","forall NODE1,NODE0. ep_epoch0(NODE0) | ep_epoch1(NODE0) | ep_epoch2(NODE1) | ep_epoch3(NODE0) | ep_epoch4(NODE0) | ep_epoch4(NODE1) | locked_epoch2(NODE0) | locked_epoch3(NODE1) | NODE0 = NODE1","11","00-00---0-0-------0--0----------------","9","213","17","0600020020"
"1380","forall NODE1,NODE0. ep_epoch0(NODE0) | ep_epoch1(NODE0) | ep_epoch2(NODE1) | ep_epoch3(NODE0) | ep_epoch5(NODE0) | ep_epoch5(NODE1) | locked_epoch2(NODE0) | locked_epoch3(NODE1) | NODE0 = NODE1","11","00-0-0--0--0------0--0----------------","9","213","17","0600020020"
"1381","forall NODE1,NODE2,NODE3,NODE0. ep_epoch0(NODE0) | ep_epoch1(NODE0) | ep_epoch2(NODE1) | ep_epoch3(NODE0) | ep_epoch5(NODE2) | held(NODE3) | locked_epoch2(NODE0) | locked_epoch3(NODE1) | ((NODE0 ~= NODE2 | NODE1 ~= NODE3 | NODE0 = NODE1) & (NODE0 ~= NODE3 | NODE1 ~= NODE2 | NODE0 = NODE1))","18","00-0-0--0----0----0--0----------------","14","330","5","0501020040"
"1382","forall NODE1,NODE2,NODE3,NODE0. ep_epoch0(NODE0) | ep_epoch1(NODE0) | ep_epoch2(NODE1) | ep_epoch3(NODE0) | ep_epoch5(NODE2) | locked_epoch2(NODE0) | locked_epoch3(NODE1) | locked_epoch5(NODE3) | ((NODE0 ~= NODE3 | NODE1 ~= NODE2 | NODE0 = NODE1) & (NODE0 ~= NODE2 | NODE1 ~= NODE3 | NODE0 = NODE1))","18","00-0-0--0---------0--0---0------------","14","329","3","0500030040"
"1383","forall NODE1,NODE0. ep_epoch0(NODE0) | ep_epoch1(NODE0) | ep_epoch2(NODE1) | ep_epoch3(NODE0) | held(NODE0) | held(NODE1) | locked_epoch2(NODE0) | locked_epoch3(NODE1) | NODE0 = NODE1","11","00-0----0---00----0--0----------------","9","207","3","0402020020"
"1384","forall NODE1,NODE2,NODE3,NODE0. ep_epoch0(NODE0) | ep_epoch1(NODE0) | ep_epoch2(NODE1) | ep_epoch3(NODE0) | held(NODE2) | locked_epoch2(NODE0) | locked_epoch3(NODE1) | locked_epoch5(NODE3) | ((NODE0 ~= NODE3 | NODE1 ~= NODE2 | NODE0 = NODE1) & (NODE0 ~= NODE2 | NODE1 ~= NODE3 | NODE0 = NODE1))","18","00-0----0---0-----0--0---0------------","14","328","3","0401030040"
"1385","forall NODE1,NODE0. ep_epoch0(NODE0) | ep_epoch1(NODE0) | ep_epoch2(NODE1) | ep_epoch3(NODE0) | locked_epoch2(NODE0) | locked_epoch3(NODE1) | locked_epoch5(NODE0) | locked_epoch5(NODE1) | NODE0 = NODE1","11","00-0----0---------0--0--00------------","9","203","5","0400040020"
"1386","forall NODE1,NODE0. ep_epoch0(NODE0) | ep_epoch1(NODE0) | ep_epoch2(NODE1) | ep_epoch4(NODE0) | ep_epoch4(NODE1) | ep_epoch5(NODE0) | ep_epoch5(NODE1) | locked_epoch2(NODE0) | NODE0 = NODE1","11","00--00--0-00------0-------------------","9","215","6","0700010020"
"1387","forall NODE1,NODE2,NODE3,NODE0. ep_epoch0(NODE0) | ep_epoch1(NODE0) | ep_epoch2(NODE1) | ep_epoch4(NODE0) | ep_epoch4(NODE1) | ep_epoch5(NODE2) | held(NODE3) | locked_epoch2(NODE0) | ((NODE0 ~= NODE2 | NODE1 ~= NODE3 | NODE0 = NODE1) & (NODE0 ~= NODE3 | NODE1 ~= NODE2 | NODE0 = NODE1))","18","00--00--0-0--0----0-------------------","14","334","2","0601010040"
"1388","forall NODE1,NODE2,NODE3,NODE0. ep_epoch0(NODE0) | ep_epoch1(NODE0) | ep_epoch2(NODE1) | ep_epoch4(NODE0) | ep_epoch4(NODE1) | ep_epoch5(NODE2) | locked_epoch2(NODE0) | locked_epoch5(NODE3) | ((NODE0 ~= NODE2 | NODE1 ~= NODE3 | NODE0 = NODE1) & (NODE0 ~= NODE3 | NODE1 ~= NODE2 | NODE0 = NODE1))","18","00--00--0-0-------0------0------------","14","332","2","0600020040"
"1389","forall NODE1,NODE0. ep_epoch0(NODE0) | ep_epoch1(NODE0) | ep_epoch2(NODE1) | ep_epoch4(NODE0) | ep_epoch4(NODE1) | held(NODE0) | held(NODE1) | locked_epoch2(NODE0) | NODE0 = NODE1","11","00--0---0-0-00----0-------------------","9","211","2","0502010020"
"1390","forall NODE1,NODE2,NODE3,NODE0. ep_epoch0(NODE0) | ep_epoch1(NODE0) | ep_epoch2(NODE1) | ep_epoch4(NODE0) | ep_epoch4(NODE1) | held(NODE2) | locked_epoch2(NODE0) | locked_epoch5(NODE3) | ((NODE0 ~= NODE3 | NODE1 ~= NODE2 | NODE0 = NODE1) & (NODE0 ~= NODE2 | NODE1 ~= NODE3 | NODE0 = NODE1))","18","00--0---0-0-0-----0------0------------","14","330","5","0501020040"
"1391","forall NODE1,NODE0. ep_epoch0(NODE0) | ep_epoch1(NODE0) | ep_epoch2(NODE1) | ep_epoch4(NODE0) | ep_epoch4(NODE1) | locked_epoch2(NODE0) | locked_epoch5(NODE0) | locked_epoch5(NODE1) | NODE0 = NODE1","11","00--0---0-0-------0-----00------------","9","208","14","0500030020"
"1392","forall NODE1,NODE0. ep_epoch0(NODE0) | ep_epoch1(NODE0) | ep_epoch2(NODE1) | held(NODE0) | held(NODE1) | locked_epoch2(NODE0) | transfer_epoch5(NODE0) | transfer_epoch5(NODE1) | NODE0 = NODE1","11","00------0---00----0-----------------00","9","201","4","0302010220"
"1393","forall NODE1,NODE0. ep_epoch0(NODE0) | ep_epoch1(NODE0) | ep_epoch3(NODE0) | ep_epoch4(NODE0) | held(NODE0) | locked_epoch3(NODE1) | transfer_epoch3(NODE0) | transfer_epoch3(NODE1) | NODE0 = NODE1","11","00-00-------0--------0----------00----","9","204","7","0401010220"
"1394","forall NODE1,NODE0. ep_epoch0(NODE0) | ep_epoch1(NODE0) | ep_epoch3(NODE0) | ep_epoch5(NODE1) | held(NODE0) | locked_epoch2(NODE0) | transfer_epoch5(NODE0) | transfer_epoch5(NODE1) | NODE0 = NODE1","11","00-0-------00-----0-----------------00","9","204","7","0401010220"
"1395","forall NODE1,NODE0. ep_epoch0(NODE0) | ep_epoch1(NODE0) | ep_epoch3(NODE0) | held(NODE0) | held(NODE1) | locked_epoch2(NODE0) | transfer_epoch5(NODE0) | transfer_epoch5(NODE1) | NODE0 = NODE1","11","00-0--------00----0-----------------00","9","201","4","0302010220"
"1396","forall NODE1,NODE0. ep_epoch0(NODE0) | ep_epoch1(NODE0) | ep_epoch3(NODE0) | held(NODE0) | locked_epoch2(NODE0) | locked_epoch5(NODE1) | transfer_epoch5(NODE0) | transfer_epoch5(NODE1) | NODE0 = NODE1","11","00-0--------0-----0------0----------00","9","199","14","0301020220"
"1397","forall NODE1,NODE0. ep_epoch0(NODE0) | ep_epoch1(NODE0) | ep_epoch3(NODE0) | held(NODE0) | locked_epoch3(NODE1) | locked_epoch4(NODE0) | transfer_epoch3(NODE0) | transfer_epoch3(NODE1) | NODE0 = NODE1","11","00-0--------0--------00---------00----","9","199","14","0301020220"
"1398","forall NODE1,NODE0. ep_epoch0(NODE0) | ep_epoch1(NODE0) | ep_epoch4(NODE0) | held(NODE0) | locked_epoch2(NODE0) | locked_epoch4(NODE1) | transfer_epoch4(NODE0) | transfer_epoch4(NODE1) | NODE0 = NODE1","11","00--0-------0-----0----0----------00--","9","199","14","0301020220"
"1399","forall NODE1,NODE0. ep_epoch0(NODE0) | ep_epoch1(NODE0) | ep_epoch5(NODE1) | held(NODE0) | locked_epoch2(NODE0) | locked_epoch3(NODE0) | transfer_epoch5(NODE0) | transfer_epoch5(NODE1) | NODE0 = NODE1","11","00---------00-----0-0---------------00","9","199","14","0301020220"
"1400","forall NODE1,NODE0. ep_epoch0(NODE0) | ep_epoch1(NODE0) | held(NODE0) | held(NODE1) | locked_epoch2(NODE0) | locked_epoch3(NODE0) | transfer_epoch5(NODE0) | transfer_epoch5(NODE1) | NODE0 = NODE1","11","00----------00----0-0---------------00","9","197","4","0202020220"
"1401","forall NODE1,NODE0. ep_epoch0(NODE0) | ep_epoch1(NODE0) | held(NODE0) | locked_epoch2(NODE0) | locked_epoch3(NODE0) | locked_epoch5(NODE1) | transfer_epoch5(NODE0) | transfer_epoch5(NODE1) | NODE0 = NODE1","11","00----------0-----0-0----0----------00","9","195","6","0201030220"
"1402","forall NODE1,NODE0. ep_epoch0(NODE0) | ep_epoch1(NODE0) | held(NODE0) | locked_epoch2(NODE0) | locked_epoch4(NODE0) | locked_epoch4(NODE1) | transfer_epoch4(NODE0) | transfer_epoch4(NODE1) | NODE0 = NODE1","11","00----------0-----0---00----------00--","9","195","6","0201030220"
"1403","forall NODE1,NODE0. ep_epoch0(NODE0) | ep_epoch2(NODE0) | ep_epoch2(NODE1) | held(NODE0) | locked_epoch3(NODE0) | locked_epoch3(NODE1) | transfer_epoch2(NODE0) | transfer_epoch2(NODE1) | NODE0 = NODE1","11","0-0-----0---0-------00--------00------","9","199","14","0301020220"
"1404","forall NODE1,NODE0. ep_epoch0(NODE0) | ep_epoch2(NODE0) | ep_epoch3(NODE0) | ep_epoch4(NODE0) | held(NODE0) | locked_epoch2(NODE1) | transfer_epoch2(NODE0) | transfer_epoch2(NODE1) | NODE0 = NODE1","11","0-000-------0------0----------00------","9","204","7","0401010220"
"1405","forall NODE1,NODE0. ep_epoch0(NODE0) | ep_epoch2(NODE0) | ep_epoch3(NODE0) | held(NODE0) | locked_epoch2(NODE1) | locked_epoch4(NODE0) | transfer_epoch2(NODE0) | transfer_epoch2(NODE1) | NODE0 = NODE1","11","0-00--------0------0--0-------00------","9","199","14","0301020220"
"1406","forall NODE1,NODE0. ep_epoch0(NODE0) | ep_epoch2(NODE0) | ep_epoch4(NODE0) | held(NODE0) | locked_epoch2(NODE1) | locked_epoch3(NODE0) | transfer_epoch2(NODE0) | transfer_epoch2(NODE1) | NODE0 = NODE1","11","0-0-0-------0------00---------00------","9","199","14","0301020220"
"1407","forall NODE1,NODE2,NODE0. ep_epoch0(NODE0) | ep_epoch2(NODE1) | held(NODE0) | locked_epoch2(NODE2) | locked_epoch3(NODE1) | locked_epoch3(NODE2) | transfer_epoch2(NODE1) | transfer_epoch2(NODE2) | ((NODE0 ~= NODE2 | NODE0 = NODE1) & (NODE0 ~= NODE1 | NODE0 = NODE2))","15","0-0---------0------000--------00------","12","0","157","0201030230"
"1408","forall NODE1,NODE0. ep_epoch0(NODE0) | ep_epoch2(NODE0) | held(NODE0) | locked_epoch2(NODE1) | locked_epoch3(NODE0) | locked_epoch4(NODE0) | transfer_epoch2(NODE0) | transfer_epoch2(NODE1) | NODE0 = NODE1","11","0-0---------0------00-0-------00------","9","195","6","0201030220"
"1409","exists NODE0. ep_epoch1(NODE0) | ep_epoch2(NODE0) | ep_epoch3(NODE0) | locked_epoch4(NODE0)","5","-000---000------------00--------------","4","18","4","0600020001"
"1410","forall NODE1,NODE0. ep_epoch1(NODE0) | ep_epoch1(NODE1) | ep_epoch2(NODE0) | ep_epoch2(NODE1) | ep_epoch3(NODE0) | ep_epoch4(NODE0) | ep_epoch5(NODE0) | locked_epoch3(NODE1) | NODE0 = NODE1","11","-00000-00------------0----------------","9","215","6","0700010020"
"1411","forall NODE1,NODE0. ep_epoch1(NODE0) | ep_epoch1(NODE1) | ep_epoch2(NODE0) | ep_epoch2(NODE1) | ep_epoch3(NODE0) | ep_epoch4(NODE0) | held(NODE0) | locked_epoch3(NODE1) | NODE0 = NODE1","11","-0000--00---0--------0----------------","9","214","3","0601010020"
"1412","forall NODE1,NODE0. ep_epoch1(NODE0) | ep_epoch1(NODE1) | ep_epoch2(NODE0) | ep_epoch2(NODE1) | ep_epoch3(NODE0) | ep_epoch4(NODE0) | locked_epoch3(NODE1) | locked_epoch5(NODE0) | NODE0 = NODE1","11","-0000--00------------0--0-------------","9","213","17","0600020020"
"1413","forall NODE1,NODE0. ep_epoch1(NODE0) | ep_epoch1(NODE1) | ep_epoch2(NODE0) | ep_epoch2(NODE1) | ep_epoch3(NODE0) | ep_epoch4(NODE1) | locked_epoch3(NODE1) | locked_epoch4(NODE0) | NODE0 = NODE1","11","-000---00-0----------00---------------","9","213","17","0600020020"
"1414","forall NODE1,NODE0. ep_epoch1(NODE0) | ep_epoch1(NODE1) | ep_epoch2(NODE0) | ep_epoch2(NODE1) | ep_epoch3(NODE0) | ep_epoch5(NODE0) | locked_epoch3(NODE1) | locked_epoch4(NODE0) | NODE0 = NODE1","11","-000-0-00------------00---------------","9","213","17","0600020020"
"1415","forall NODE1,NODE0. ep_epoch1(NODE0) | ep_epoch1(NODE1) | ep_epoch2(NODE0) | ep_epoch2(NODE1) | ep_epoch3(NODE0) | held(NODE0) | locked_epoch3(NODE1) | locked_epoch4(NODE0) | NODE0 = NODE1","11","-000---00---0--------00---------------","9","210","5","0501020020"
"1416","forall NODE1,NODE0. ep_epoch1(NODE0) | ep_epoch1(NODE1) | ep_epoch2(NODE0) | ep_epoch2(NODE1) | ep_epoch3(NODE0) | locked_epoch3(NODE1) | locked_epoch4(NODE0) | locked_epoch4(NODE1) | NODE0 = NODE1","11","-000---00------------000--------------","9","208","14","0500030020"
"1417","forall NODE1,NODE0. ep_epoch1(NODE0) | ep_epoch1(NODE1) | ep_epoch2(NODE0) | ep_epoch2(NODE1) | ep_epoch3(NODE0) | locked_epoch3(NODE1) | locked_epoch4(NODE0) | locked_epoch5(NODE0) | NODE0 = NODE1","11","-000---00------------00-0-------------","9","208","14","0500030020"
"1418","forall NODE1,NODE0. ep_epoch1(NODE0) | ep_epoch1(NODE1) | ep_epoch2(NODE1) | ep_epoch3(NODE0) | ep_epoch4(NODE0) | ep_epoch4(NODE1) | locked_epoch2(NODE0) | locked_epoch3(NODE1) | NODE0 = NODE1","11","-00-0--0-00--------00-----------------","9","213","17","0600020020"
"1419","forall NODE1,NODE0. ep_epoch1(NODE0) | ep_epoch1(NODE1) | ep_epoch2(NODE1) | ep_epoch3(NODE0) | ep_epoch4(NODE1) | locked_epoch2(NODE0) | locked_epoch3(NODE1) | locked_epoch4(NODE0) | NODE0 = NODE1","11","-00-0--0-0---------00--0--------------","9","208","14","0500030020"
"1420","forall NODE1,NODE0. ep_epoch1(NODE0) | ep_epoch1(NODE1) | ep_epoch2(NODE1) | ep_epoch3(NODE0) | ep_epoch4(NODE0) | ep_epoch5(NODE0) | locked_epoch2(NODE0) | locked_epoch3(NODE1) | NODE0 = NODE1","11","-00----0-000-------00-----------------","9","213","17","0600020020"
"1421","forall NODE1,NODE0. ep_epoch1(NODE0) | ep_epoch1(NODE1) | ep_epoch2(NODE1) | ep_epoch3(NODE0) | ep_epoch4(NODE0) | held(NODE0) | locked_epoch2(NODE0) | locked_epoch3(NODE1) | NODE0 = NODE1","11","-00----0-00--0-----00-----------------","9","210","5","0501020020"
"1422","forall NODE1,NODE0. ep_epoch1(NODE0) | ep_epoch1(NODE1) | ep_epoch2(NODE1) | ep_epoch3(NODE0) | ep_epoch4(NODE0) | locked_epoch2(NODE0) | locked_epoch3(NODE1) | locked_epoch5(NODE0) | NODE0 = NODE1","11","-00----0-00--------00----0------------","9","208","14","0500030020"
"1423","forall NODE1,NODE0. ep_epoch1(NODE0) | ep_epoch1(NODE1) | ep_epoch2(NODE1) | ep_epoch3(NODE0) | ep_epoch5(NODE0) | ep_epoch5(NODE1) | locked_epoch2(NODE0) | locked_epoch3(NODE1) | NODE0 = NODE1","11","-00--0-0-0-0-------00-----------------","9","213","17","0600020020"
"1424","forall NODE1,NODE2,NODE3,NODE0. ep_epoch1(NODE0) | ep_epoch1(NODE1) | ep_epoch2(NODE1) | ep_epoch3(NODE0) | ep_epoch5(NODE2) | held(NODE3) | locked_epoch2(NODE0) | locked_epoch3(NODE1) | ((NODE0 ~= NODE2 | NODE1 ~= NODE3 | NODE0 = NODE1) & (NODE0 ~= NODE3 | NODE1 ~= NODE2 | NODE0 = NODE1))","18","-00--0-0-0---0-----00-----------------","14","330","5","0501020040"
"1425","forall NODE1,NODE2,NODE3,NODE0. ep_epoch1(NODE0) | ep_epoch1(NODE1) | ep_epoch2(NODE1) | ep_epoch3(NODE0) | ep_epoch5(NODE2) | locked_epoch2(NODE0) | locked_epoch3(NODE1) | locked_epoch5(NODE3) | ((NODE0 ~= NODE3 | NODE1 ~= NODE2 | NODE0 = NODE1) & (NODE0 ~= NODE2 | NODE1 ~= NODE3 | NODE0 = NODE1))","18","-00--0-0-0---------00----0------------","14","329","3","0500030040"
"1426","forall NODE1,NODE0. ep_epoch1(NODE0) | ep_epoch1(NODE1) | ep_epoch2(NODE1) | ep_epoch3(NODE0) | ep_epoch5(NODE0) | locked_epoch2(NODE0) | locked_epoch3(NODE1) | locked_epoch4(NODE0) | NODE0 = NODE1","11","-00----0-0-0-------00--0--------------","9","208","14","0500030020"
"1427","forall NODE1,NODE0. ep_epoch1(NODE0) | ep_epoch1(NODE1) | ep_epoch2(NODE1) | ep_epoch3(NODE0) | held(NODE0) | held(NODE1) | locked_epoch2(NODE0) | locked_epoch3(NODE1) | NODE0 = NODE1","11","-00----0-0--00-----00-----------------","9","207","3","0402020020"
"1428","forall NODE1,NODE2,NODE3,NODE0. ep_epoch1(NODE0) | ep_epoch1(NODE1) | ep_epoch2(NODE1) | ep_epoch3(NODE0) | held(NODE2) | locked_epoch2(NODE0) | locked_epoch3(NODE1) | locked_epoch5(NODE3) | ((NODE0 ~= NODE3 | NODE1 ~= NODE2 | NODE0 = NODE1) & (NODE0 ~= NODE2 | NODE1 ~= NODE3 | NODE0 = NODE1))","18","-00----0-0--0------00----0------------","14","328","3","0401030040"
"1429","forall NODE1,NODE0. ep_epoch1(NODE0) | ep_epoch1(NODE1) | ep_epoch2(NODE1) | ep_epoch3(NODE0) | held(NODE0) | locked_epoch2(NODE0) | locked_epoch3(NODE1) | locked_epoch4(NODE0) | NODE0 = NODE1","11","-00----0-0---0-----00--0--------------","9","205","2","0401030020"
"1430","forall NODE1,NODE0. ep_epoch1(NODE0) | ep_epoch1(NODE1) | ep_epoch2(NODE1) | ep_epoch3(NODE0) | locked_epoch2(NODE0) | locked_epoch3(NODE1) | locked_epoch4(NODE0) | locked_epoch5(NODE0) | NODE0 = NODE1","11","-00----0-0---------00--0-0------------","9","203","5","0400040020"
"1431","forall NODE1,NODE0. ep_epoch1(NODE0) | ep_epoch1(NODE1) | ep_epoch2(NODE1) | ep_epoch3(NODE0) | locked_epoch2(NODE0) | locked_epoch3(NODE1) | locked_epoch5(NODE0) | locked_epoch5(NODE1) | NODE0 = NODE1","11","-00----0-0---------00---00------------","9","203","5","0400040020"
"1432","forall NODE1,NODE0. ep_epoch1(NODE0) | ep_epoch1(NODE1) | ep_epoch2(NODE1) | held(NODE0) | locked_epoch3(NODE0) | locked_epoch3(NODE1) | transfer_epoch3(NODE0) | transfer_epoch3(NODE1) | NODE0 = NODE1","11","-00----0-----0------00----------00----","9","199","14","0301020220"
"1433","exists NODE0. ep_epoch1(NODE0) | held(NODE0) | locked_epoch3(NODE0) | transfer_epoch3(NODE0)","5","-0-----0----00------00----------00----","4","17","3","0202020201"
"1434","forall NODE1,NODE0. ep_epoch1(NODE0) | ep_epoch1(NODE1) | held(NODE1) | locked_epoch2(NODE0) | locked_epoch3(NODE0) | locked_epoch3(NODE1) | transfer_epoch3(NODE0) | transfer_epoch3(NODE1) | NODE0 = NODE1","11","-0-----0----0------000----------00----","9","195","6","0201030220"
"1435","forall NODE1,NODE0. ep_epoch1(NODE0) | ep_epoch2(NODE0) | ep_epoch2(NODE1) | held(NODE1) | locked_epoch3(NODE0) | locked_epoch3(NODE1) | transfer_epoch2(NODE0) | transfer_epoch2(NODE1) | NODE0 = NODE1","11","-00-----0----0------00--------00------","9","199","14","0301020220"
"1436","forall NODE1,NODE2,NODE3,NODE0. ep_epoch1(NODE0) | ep_epoch2(NODE1) | held(NODE2) | locked_epoch2(NODE3) | locked_epoch3(NODE1) | locked_epoch3(NODE3) | transfer_epoch2(NODE1) | transfer_epoch2(NODE3) | ((NODE0 ~= NODE1 | NODE2 ~= NODE3 | NODE0 = NODE2) & (NODE0 ~= NODE3 | NODE1 ~= NODE2 | NODE0 = NODE1))","18","-00----------0-----000--------00------","14","0","157","0201030240"
"1437","forall NODE1,NODE0. ep_epoch1(NODE0) | ep_epoch2(NODE1) | ep_epoch3(NODE1) | ep_epoch4(NODE1) | held(NODE1) | locked_epoch2(NODE0) | transfer_epoch2(NODE0) | transfer_epoch2(NODE1) | NODE0 = NODE1","11","-0------000--0----0-----------00------","9","204","7","0401010220"
"1438","forall NODE1,NODE0. ep_epoch1(NODE0) | ep_epoch2(NODE1) | ep_epoch3(NODE1) | held(NODE1) | locked_epoch2(NODE0) | locked_epoch4(NODE1) | transfer_epoch2(NODE0) | transfer_epoch2(NODE1) | NODE0 = NODE1","11","-0------00---0----0----0------00------","9","199","14","0301020220"
"1439","forall NODE1,NODE0. ep_epoch1(NODE0) | ep_epoch2(NODE1) | ep_epoch4(NODE1) | held(NODE1) | locked_epoch2(NODE0) | locked_epoch3(NODE1) | transfer_epoch2(NODE0) | transfer_epoch2(NODE1) | NODE0 = NODE1","11","-0------0-0--0----0--0--------00------","9","199","14","0301020220"
"1440","forall NODE1,NODE0. ep_epoch1(NODE0) | ep_epoch2(NODE1) | held(NODE1) | locked_epoch2(NODE0) | locked_epoch3(NODE1) | locked_epoch4(NODE1) | transfer_epoch2(NODE0) | transfer_epoch2(NODE1) | NODE0 = NODE1","11","-0------0----0----0--0-0------00------","9","195","6","0201030220"
"1441","exists NODE0. ep_epoch2(NODE0) | held(NODE0) | locked_epoch3(NODE0) | transfer_epoch2(NODE0)","5","--0-----0---00------00--------00------","4","17","3","0202020201"
"1442","forall NODE1,NODE0. ep_epoch2(NODE0) | ep_epoch3(NODE0) | ep_epoch4(NODE0) | held(NODE0) | held(NODE1) | locked_epoch2(NODE1) | transfer_epoch2(NODE0) | transfer_epoch2(NODE1) | NODE0 = NODE1","11","--000-------00-----0----------00------","9","201","4","0302010220"
"1443","forall NODE1,NODE0. ep_epoch2(NODE0) | ep_epoch3(NODE0) | held(NODE0) | held(NODE1) | locked_epoch2(NODE1) | locked_epoch4(NODE0) | transfer_epoch2(NODE0) | transfer_epoch2(NODE1) | NODE0 = NODE1","11","--00--------00-----0--0-------00------","9","197","4","0202020220"
"1444","forall NODE1,NODE0. ep_epoch2(NODE0) | ep_epoch3(NODE1) | held(NODE0) | held(NODE1) | locked_epoch2(NODE1) | locked_epoch3(NODE0) | transfer_epoch2(NODE0) | transfer_epoch2(NODE1) | NODE0 = NODE1","11","--0------0--00-----00---------00------","9","197","4","0202020220"
"1445","forall NODE1,NODE0. ep_epoch2(NODE0) | ep_epoch4(NODE0) | held(NODE0) | held(NODE1) | locked_epoch2(NODE1) | locked_epoch3(NODE0) | transfer_epoch2(NODE0) | transfer_epoch2(NODE1) | NODE0 = NODE1","11","--0-0-------00-----00---------00------","9","197","4","0202020220"
"1446","forall NODE1,NODE0. ep_epoch2(NODE0) | held(NODE0) | held(NODE1) | locked_epoch2(NODE1) | locked_epoch3(NODE0) | locked_epoch3(NODE1) | transfer_epoch2(NODE0) | transfer_epoch2(NODE1) | NODE0 = NODE1","11","--0---------00-----000--------00------","9","193","2","0102030220"
"1447","forall NODE1,NODE0. ep_epoch2(NODE0) | held(NODE0) | held(NODE1) | locked_epoch2(NODE1) | locked_epoch3(NODE0) | locked_epoch4(NODE0) | transfer_epoch2(NODE0) | transfer_epoch2(NODE1) | NODE0 = NODE1","11","--0---------00-----00-0-------00------","9","193","2","0102030220"
"1448","exists NODE0. held(NODE0) | locked_epoch3(NODE0) | transfer_epoch2(NODE0) | transfer_epoch3(NODE0)","5","------------00------00--------0000----","4","0","157","0002020401"
"1449","forall NODE1,NODE0. ~ep_epoch0(NODE0) | ~locked_epoch2(NODE1) | held(NODE1) | transfer_epoch3(NODE0) | transfer_epoch3(NODE1) | transfer_epoch4(NODE0) | transfer_epoch4(NODE1) | transfer_epoch5(NODE0) | transfer_epoch5(NODE1) | NODE0 = NODE1","12","1------------0-----1------------000000","10","253","2","1001100620"
"1450","forall NODE1,NODE0. ~ep_epoch0(NODE0) | ep_epoch1(NODE1) | held(NODE1) | transfer_epoch3(NODE0) | transfer_epoch3(NODE1) | transfer_epoch4(NODE0) | transfer_epoch4(NODE1) | transfer_epoch5(NODE0) | transfer_epoch5(NODE1) | NODE0 = NODE1","12","1------0-----0------------------000000","10","255","5","1101000620"
"1451","forall NODE1,NODE0. ~ep_epoch0(NODE0) | ep_epoch2(NODE1) | held(NODE1) | transfer_epoch2(NODE0) | transfer_epoch2(NODE1) | transfer_epoch4(NODE0) | transfer_epoch4(NODE1) | transfer_epoch5(NODE0) | transfer_epoch5(NODE1) | NODE0 = NODE1","12","1-------0----0----------------00--0000","10","255","5","1101000620"
"1452","forall NODE1,NODE0. ~ep_epoch0(NODE0) | ep_epoch3(NODE1) | held(NODE1) | transfer_epoch2(NODE0) | transfer_epoch2(NODE1) | transfer_epoch3(NODE0) | transfer_epoch3(NODE1) | transfer_epoch5(NODE0) | transfer_epoch5(NODE1) | NODE0 = NODE1","12","1--------0---0----------------0000--00","10","255","5","1101000620"
"1453","forall NODE1,NODE0. ~ep_epoch0(NODE0) | ep_epoch4(NODE1) | held(NODE1) | transfer_epoch2(NODE0) | transfer_epoch2(NODE1) | transfer_epoch3(NODE0) | transfer_epoch3(NODE1) | transfer_epoch4(NODE0) | transfer_epoch4(NODE1) | NODE0 = NODE1","12","1---------0--0----------------000000--","10","255","5","1101000620"
"1454","forall NODE1,NODE0. ~ep_epoch0(NODE0) | held(NODE1) | locked_epoch4(NODE1) | transfer_epoch2(NODE0) | transfer_epoch2(NODE1) | transfer_epoch3(NODE0) | transfer_epoch3(NODE1) | transfer_epoch4(NODE0) | transfer_epoch4(NODE1) | NODE0 = NODE1","12","1------------0---------0------000000--","10","0","157","1001010620"
"1455","forall NODE1,NODE0. ~ep_epoch1(NODE0) | ~locked_epoch2(NODE1) | held(NODE1) | transfer_epoch3(NODE0) | transfer_epoch3(NODE1) | transfer_epoch4(NODE0) | transfer_epoch4(NODE1) | transfer_epoch5(NODE0) | transfer_epoch5(NODE1) | NODE0 = NODE1","12","-1-----------0-----1------------000000","10","253","2","1001100620"
"1456","forall NODE1,NODE0. ~ep_epoch1(NODE0) | ep_epoch0(NODE1) | held(NODE1) | transfer_epoch3(NODE0) | transfer_epoch3(NODE1) | transfer_epoch4(NODE0) | transfer_epoch4(NODE1) | transfer_epoch5(NODE0) | transfer_epoch5(NODE1) | NODE0 = NODE1","12","-1----0------0------------------000000","10","255","5","1101000620"
"1457","forall NODE1,NODE0. ~ep_epoch1(NODE0) | ep_epoch2(NODE1) | ep_epoch3(NODE1) | held(NODE0) | held(NODE1) | transfer_epoch2(NODE0) | transfer_epoch2(NODE1) | transfer_epoch5(NODE0) | transfer_epoch5(NODE1) | NODE0 = NODE1","12","-1------00--00----------------00----00","10","259","3","1202000420"
"1458","forall NODE1,NODE0. ~ep_epoch1(NODE0) | ep_epoch2(NODE1) | ep_epoch4(NODE1) | held(NODE0) | held(NODE1) | transfer_epoch2(NODE0) | transfer_epoch2(NODE1) | transfer_epoch4(NODE0) | transfer_epoch4(NODE1) | NODE0 = NODE1","12","-1------0-0-00----------------00--00--","10","259","3","1202000420"
"1459","forall NODE1,NODE0. ~ep_epoch1(NODE0) | ep_epoch2(NODE1) | held(NODE0) | held(NODE1) | locked_epoch4(NODE1) | transfer_epoch2(NODE0) | transfer_epoch2(NODE1) | transfer_epoch4(NODE0) | transfer_epoch4(NODE1) | NODE0 = NODE1","12","-1------0---00---------0------00--00--","10","256","2","1102010420"
"1460","forall NODE1,NODE0. ~ep_epoch1(NODE0) | ep_epoch3(NODE1) | ep_epoch4(NODE1) | held(NODE0) | held(NODE1) | transfer_epoch2(NODE0) | transfer_epoch2(NODE1) | transfer_epoch3(NODE0) | transfer_epoch3(NODE1) | NODE0 = NODE1","12","-1-------00-00----------------0000----","10","259","3","1202000420"
"1461","forall NODE1,NODE0. ~ep_epoch1(NODE0) | ep_epoch3(NODE1) | held(NODE0) | held(NODE1) | locked_epoch4(NODE1) | transfer_epoch2(NODE0) | transfer_epoch2(NODE1) | transfer_epoch3(NODE0) | transfer_epoch3(NODE1) | NODE0 = NODE1","12","-1-------0--00---------0------0000----","10","256","2","1102010420"
"1462","forall NODE1,NODE0. ~ep_epoch2(NODE0) | held(NODE0) | held(NODE1) | transfer_epoch3(NODE0) | transfer_epoch3(NODE1) | transfer_epoch4(NODE0) | transfer_epoch4(NODE1) | transfer_epoch5(NODE0) | transfer_epoch5(NODE1) | NODE0 = NODE1","12","--1---------00------------------000000","10","0","157","1002000620"
"1463","forall NODE1,NODE2,NODE3,NODE0. ~locked_epoch2(NODE0) | ep_epoch0(NODE1) | ep_epoch1(NODE1) | ep_epoch2(NODE0) | ep_epoch4(NODE2) | ep_epoch5(NODE2) | held(NODE3) | transfer_epoch5(NODE0) | transfer_epoch5(NODE1) | ((NODE0 ~= NODE3 | NODE1 ~= NODE2 | NODE0 = NODE1) & (NODE0 ~= NODE2 | NODE1 ~= NODE3 | NODE0 = NODE1))","19","--0-0000-----0----1-----------------00","15","0","157","0501100240"
"1464","forall NODE1,NODE2,NODE3,NODE0. ~locked_epoch2(NODE0) | ep_epoch0(NODE1) | ep_epoch1(NODE1) | ep_epoch2(NODE0) | ep_epoch4(NODE2) | held(NODE3) | locked_epoch5(NODE2) | transfer_epoch5(NODE0) | transfer_epoch5(NODE1) | ((NODE0 ~= NODE3 | NODE1 ~= NODE2 | NODE0 = NODE1) & (NODE0 ~= NODE2 | NODE1 ~= NODE3 | NODE0 = NODE1))","19","--0-0-00-----0----1-----0-----------00","15","339","2","0401110240"
"1465","forall NODE1,NODE2,NODE3,NODE0. ~locked_epoch2(NODE0) | ep_epoch0(NODE1) | ep_epoch1(NODE1) | ep_epoch2(NODE0) | ep_epoch5(NODE2) | held(NODE3) | locked_epoch4(NODE2) | transfer_epoch5(NODE0) | transfer_epoch5(NODE1) | ((NODE0 ~= NODE2 | NODE1 ~= NODE3 | NODE0 = NODE1) & (NODE0 ~= NODE3 | NODE1 ~= NODE2 | NODE0 = NODE1))","19","--0--000-----0----1---0-------------00","15","339","2","0401110240"
"1466","forall NODE1,NODE2,NODE3,NODE0. ~locked_epoch2(NODE0) | ep_epoch0(NODE1) | ep_epoch1(NODE1) | ep_epoch2(NODE0) | held(NODE2) | locked_epoch4(NODE3) | locked_epoch5(NODE3) | transfer_epoch5(NODE0) | transfer_epoch5(NODE1) | ((NODE0 ~= NODE3 | NODE1 ~= NODE2 | NODE0 = NODE1) & (NODE0 ~= NODE2 | NODE1 ~= NODE3 | NODE0 = NODE1))","19","--0---00----0-----1----0-0----------00","15","0","157","0301120240"
"1467","forall NODE1,NODE0. ~locked_epoch2(NODE0) | ep_epoch0(NODE1) | ep_epoch1(NODE1) | ep_epoch4(NODE0) | ep_epoch4(NODE1) | ep_epoch5(NODE0) | held(NODE1) | transfer_epoch4(NODE0) | transfer_epoch4(NODE1) | NODE0 = NODE1","12","----0000--0--0----1---------------00--","10","249","2","0501100220"
"1468","forall NODE1,NODE0. ~locked_epoch2(NODE0) | ep_epoch0(NODE1) | ep_epoch1(NODE1) | ep_epoch4(NODE0) | ep_epoch4(NODE1) | held(NODE0) | held(NODE1) | transfer_epoch4(NODE0) | transfer_epoch4(NODE1) | NODE0 = NODE1","12","----0-00--0-00----1---------------00--","10","247","2","0402100220"
"1469","forall NODE1,NODE0. ~locked_epoch2(NODE0) | ep_epoch0(NODE1) | ep_epoch1(NODE1) | ep_epoch4(NODE0) | ep_epoch4(NODE1) | held(NODE1) | locked_epoch5(NODE0) | transfer_epoch4(NODE0) | transfer_epoch4(NODE1) | NODE0 = NODE1","12","----0-00--0--0----1-----0---------00--","10","245","4","0401110220"
"1470","forall NODE1,NODE0. ~locked_epoch2(NODE0) | ep_epoch0(NODE1) | ep_epoch1(NODE1) | ep_epoch4(NODE0) | ep_epoch5(NODE0) | held(NODE1) | locked_epoch4(NODE1) | transfer_epoch4(NODE0) | transfer_epoch4(NODE1) | NODE0 = NODE1","12","----0000-----0----1----0----------00--","10","245","4","0401110220"
"1471","forall NODE1,NODE0. ~locked_epoch2(NODE0) | ep_epoch0(NODE1) | ep_epoch1(NODE1) | ep_epoch4(NODE0) | held(NODE0) | held(NODE1) | locked_epoch4(NODE1) | transfer_epoch4(NODE0) | transfer_epoch4(NODE1) | NODE0 = NODE1","12","----0-00----00----1----0----------00--","10","243","2","0302110220"
"1472","forall NODE1,NODE0. ~locked_epoch2(NODE0) | ep_epoch0(NODE1) | ep_epoch1(NODE1) | ep_epoch4(NODE0) | held(NODE1) | locked_epoch4(NODE1) | locked_epoch5(NODE0) | transfer_epoch4(NODE0) | transfer_epoch4(NODE1) | NODE0 = NODE1","12","----0-00-----0----1----00---------00--","10","241","2","0301120220"
"1473","forall NODE1,NODE0. ~locked_epoch2(NODE0) | ep_epoch0(NODE1) | ep_epoch1(NODE1) | held(NODE0) | held(NODE1) | transfer_epoch4(NODE0) | transfer_epoch4(NODE1) | transfer_epoch5(NODE0) | transfer_epoch5(NODE1) | NODE0 = NODE1","12","------00----00----1---------------0000","10","237","3","0202100420"
"1474","forall NODE1,NODE0. ~locked_epoch2(NODE0) | ep_epoch2(NODE0) | ep_epoch4(NODE1) | ep_epoch5(NODE1) | held(NODE0) | transfer_epoch4(NODE0) | transfer_epoch4(NODE1) | transfer_epoch5(NODE0) | transfer_epoch5(NODE1) | NODE0 = NODE1","12","--0-------000-----1---------------0000","10","0","157","0301100420"
"1475","forall NODE1,NODE0. ~locked_epoch2(NODE0) | ep_epoch2(NODE0) | ep_epoch4(NODE1) | held(NODE0) | locked_epoch5(NODE1) | transfer_epoch4(NODE0) | transfer_epoch4(NODE1) | transfer_epoch5(NODE0) | transfer_epoch5(NODE1) | NODE0 = NODE1","12","--0-------0-0-----1------0--------0000","10","235","4","0201110420"
"1476","forall NODE1,NODE0. ~locked_epoch2(NODE0) | ep_epoch2(NODE0) | ep_epoch5(NODE1) | held(NODE0) | locked_epoch4(NODE1) | transfer_epoch4(NODE0) | transfer_epoch4(NODE1) | transfer_epoch5(NODE0) | transfer_epoch5(NODE1) | NODE0 = NODE1","12","--0--------00-----1----0----------0000","10","235","4","0201110420"
"1477","forall NODE1,NODE0. ~locked_epoch2(NODE0) | ep_epoch2(NODE0) | held(NODE0) | locked_epoch4(NODE1) | locked_epoch5(NODE1) | transfer_epoch4(NODE0) | transfer_epoch4(NODE1) | transfer_epoch5(NODE0) | transfer_epoch5(NODE1) | NODE0 = NODE1","12","--0---------0-----1----0-0--------0000","10","228","4","0101120420"
"1478","forall NODE1,NODE0. ~locked_epoch2(NODE0) | ep_epoch3(NODE0) | ep_epoch3(NODE1) | ep_epoch4(NODE0) | ep_epoch4(NODE1) | ep_epoch5(NODE1) | held(NODE0) | transfer_epoch3(NODE0) | transfer_epoch3(NODE1) | NODE0 = NODE1","12","---00----0000-----1-------------00----","10","249","2","0501100220"
"1479","forall NODE1,NODE0. ~locked_epoch2(NODE0) | ep_epoch3(NODE0) | ep_epoch3(NODE1) | ep_epoch4(NODE0) | ep_epoch4(NODE1) | held(NODE0) | held(NODE1) | transfer_epoch3(NODE0) | transfer_epoch3(NODE1) | NODE0 = NODE1","12","---00----00-00----1-------------00----","10","247","2","0402100220"
"1480","forall NODE1,NODE0. ~locked_epoch2(NODE0) | ep_epoch3(NODE0) | ep_epoch3(NODE1) | ep_epoch4(NODE0) | ep_epoch4(NODE1) | held(NODE0) | locked_epoch5(NODE1) | transfer_epoch3(NODE0) | transfer_epoch3(NODE1) | NODE0 = NODE1","12","---00----00-0-----1------0------00----","10","245","4","0401110220"
"1481","forall NODE1,NODE0. ~locked_epoch2(NODE0) | ep_epoch3(NODE0) | ep_epoch3(NODE1) | ep_epoch4(NODE1) | ep_epoch5(NODE1) | held(NODE0) | locked_epoch4(NODE0) | transfer_epoch3(NODE0) | transfer_epoch3(NODE1) | NODE0 = NODE1","12","---0-----0000-----1---0---------00----","10","245","4","0401110220"
"1482","forall NODE1,NODE0. ~locked_epoch2(NODE0) | ep_epoch3(NODE0) | ep_epoch3(NODE1) | ep_epoch4(NODE1) | held(NODE0) | held(NODE1) | locked_epoch4(NODE0) | transfer_epoch3(NODE0) | transfer_epoch3(NODE1) | NODE0 = NODE1","12","---0-----00-00----1---0---------00----","10","243","2","0302110220"
"1483","forall NODE1,NODE0. ~locked_epoch2(NODE0) | ep_epoch3(NODE0) | ep_epoch3(NODE1) | ep_epoch4(NODE1) | held(NODE0) | locked_epoch4(NODE0) | locked_epoch5(NODE1) | transfer_epoch3(NODE0) | transfer_epoch3(NODE1) | NODE0 = NODE1","12","---0-----00-0-----1---0--0------00----","10","241","2","0301120220"
"1484","forall NODE1,NODE0. ~locked_epoch2(NODE0) | ep_epoch3(NODE0) | ep_epoch3(NODE1) | held(NODE0) | held(NODE1) | transfer_epoch3(NODE0) | transfer_epoch3(NODE1) | transfer_epoch5(NODE0) | transfer_epoch5(NODE1) | NODE0 = NODE1","12","---0-----0--00----1-------------00--00","10","237","3","0202100420"
"1485","forall NODE1,NODE0. ~locked_epoch2(NODE0) | ep_epoch3(NODE0) | ep_epoch5(NODE1) | held(NODE0) | locked_epoch3(NODE1) | transfer_epoch3(NODE0) | transfer_epoch3(NODE1) | transfer_epoch5(NODE0) | transfer_epoch5(NODE1) | NODE0 = NODE1","12","---0-------00-----1--0----------00--00","10","235","4","0201110420"
"1486","forall NODE1,NODE2,NODE3,NODE0. ~locked_epoch2(NODE0) | ep_epoch3(NODE1) | held(NODE0) | held(NODE2) | locked_epoch3(NODE3) | transfer_epoch3(NODE0) | transfer_epoch3(NODE2) | transfer_epoch5(NODE0) | transfer_epoch5(NODE2) | ((NODE0 ~= NODE1 | NODE2 ~= NODE3 | NODE0 = NODE2) & (NODE0 ~= NODE3 | NODE1 ~= NODE2 | NODE0 = NODE1))","19","---0--------00----1--0----------00--00","15","336","2","0102110440"
"1487","forall NODE1,NODE0. ~locked_epoch2(NODE0) | ep_epoch3(NODE0) | held(NODE0) | locked_epoch3(NODE1) | locked_epoch5(NODE1) | transfer_epoch3(NODE0) | transfer_epoch3(NODE1) | transfer_epoch5(NODE0) | transfer_epoch5(NODE1) | NODE0 = NODE1","12","---0--------0-----1--0---0------00--00","10","228","4","0101120420"
"1488","forall NODE1,NODE0. ~locked_epoch2(NODE0) | ep_epoch3(NODE1) | ep_epoch4(NODE0) | held(NODE0) | locked_epoch4(NODE1) | transfer_epoch3(NODE0) | transfer_epoch3(NODE1) | transfer_epoch4(NODE0) | transfer_epoch4(NODE1) | NODE0 = NODE1","12","----0----0--0-----1----0--------0000--","10","235","4","0201110420"
"1489","forall NODE1,NODE0. ~locked_epoch2(NODE0) | ep_epoch3(NODE1) | held(NODE0) | locked_epoch4(NODE0) | locked_epoch4(NODE1) | transfer_epoch3(NODE0) | transfer_epoch3(NODE1) | transfer_epoch4(NODE0) | transfer_epoch4(NODE1) | NODE0 = NODE1","12","---------0--0-----1---00--------0000--","10","228","4","0101120420"
"1490","forall NODE1,NODE0. ~locked_epoch2(NODE0) | ep_epoch4(NODE0) | ep_epoch4(NODE1) | held(NODE0) | held(NODE1) | transfer_epoch3(NODE0) | transfer_epoch3(NODE1) | transfer_epoch4(NODE0) | transfer_epoch4(NODE1) | NODE0 = NODE1","12","----0-----0-00----1-------------0000--","10","237","3","0202100420"
"1491","forall NODE1,NODE2,NODE3,NODE0. ~locked_epoch2(NODE0) | ep_epoch4(NODE1) | held(NODE0) | held(NODE2) | locked_epoch4(NODE3) | transfer_epoch3(NODE0) | transfer_epoch3(NODE2) | transfer_epoch4(NODE0) | transfer_epoch4(NODE2) | ((NODE0 ~= NODE3 | NODE1 ~= NODE2 | NODE0 = NODE1) & (NODE0 ~= NODE1 | NODE2 ~= NODE3 | NODE0 = NODE2))","19","----0-------00----1----0--------0000--","15","336","2","0102110440"
"1492","forall NODE1,NODE0. ~locked_epoch2(NODE0) | ep_epoch4(NODE0) | held(NODE0) | locked_epoch3(NODE1) | locked_epoch4(NODE1) | transfer_epoch3(NODE0) | transfer_epoch3(NODE1) | transfer_epoch4(NODE0) | transfer_epoch4(NODE1) | NODE0 = NODE1","12","----0-------0-----1--0-0--------0000--","10","228","4","0101120420"
"1493","forall NODE1,NODE0. ~locked_epoch2(NODE0) | held(NODE0) | held(NODE1) | locked_epoch4(NODE0) | locked_epoch4(NODE1) | transfer_epoch3(NODE0) | transfer_epoch3(NODE1) | transfer_epoch4(NODE0) | transfer_epoch4(NODE1) | NODE0 = NODE1","12","------------00----1---00--------0000--","10","0","157","0002120420"
"1494","forall NODE1,NODE0. ~locked_epoch2(NODE0) | held(NODE0) | held(NODE1) | transfer_epoch3(NODE0) | transfer_epoch3(NODE1) | transfer_epoch4(NODE0) | transfer_epoch4(NODE1) | transfer_epoch5(NODE0) | transfer_epoch5(NODE1) | NODE0 = NODE1","12","------------00----1-------------000000","10","0","157","0002100620"
"1495","forall NODE1,NODE0. ~locked_epoch2(NODE0) | held(NODE0) | locked_epoch3(NODE1) | locked_epoch4(NODE0) | locked_epoch4(NODE1) | transfer_epoch3(NODE0) | transfer_epoch3(NODE1) | transfer_epoch4(NODE0) | transfer_epoch4(NODE1) | NODE0 = NODE1","12","------------0-----1--000--------0000--","10","0","157","0001130420"
"1496","forall NODE1,NODE0. ~transfer_epoch5(NODE0) | ep_epoch0(NODE0) | ep_epoch0(NODE1) | ep_epoch1(NODE0) | ep_epoch1(NODE1) | ep_epoch2(NODE0) | ep_epoch2(NODE1) | ep_epoch3(NODE0) | ep_epoch3(NODE1) | NODE0 = NODE1","12","0000--0000--------------------------1-","10","0","157","0800001020"
"1497","forall NODE1,NODE0. ep_epoch0(NODE0) | ep_epoch0(NODE1) | ep_epoch1(NODE0) | ep_epoch1(NODE1) | ep_epoch2(NODE0) | ep_epoch2(NODE1) | ep_epoch4(NODE1) | ep_epoch5(NODE1) | locked_epoch4(NODE0) | NODE0 = NODE1","12","000-00000--------------0--------------","10","252","4","0800010020"
"1498","forall NODE1,NODE0. ep_epoch0(NODE0) | ep_epoch0(NODE1) | ep_epoch1(NODE0) | ep_epoch1(NODE1) | ep_epoch2(NODE0) | ep_epoch2(NODE1) | ep_epoch4(NODE0) | held(NODE0) | locked_epoch4(NODE1) | NODE0 = NODE1","12","000-0-000---0----------0--------------","10","251","4","0701010020"
"1499","forall NODE1,NODE0. ep_epoch0(NODE0) | ep_epoch0(NODE1) | ep_epoch1(NODE0) | ep_epoch1(NODE1) | ep_epoch2(NODE0) | ep_epoch2(NODE1) | ep_epoch4(NODE1) | locked_epoch4(NODE0) | locked_epoch5(NODE1) | NODE0 = NODE1","12","000-0-000--------------00-------------","10","250","4","0700020020"
"1500","forall NODE1,NODE0. ep_epoch0(NODE0) | ep_epoch0(NODE1) | ep_epoch1(NODE0) | ep_epoch1(NODE1) | ep_epoch3(NODE0) | ep_epoch3(NODE1) | ep_epoch4(NODE1) | ep_epoch5(NODE1) | locked_epoch4(NODE0) | NODE0 = NODE1","12","00-00000-0-------------0--------------","10","252","4","0800010020"
"1501","forall NODE1,NODE0. ep_epoch0(NODE0) | ep_epoch0(NODE1) | ep_epoch1(NODE0) | ep_epoch1(NODE1) | ep_epoch3(NODE0) | ep_epoch3(NODE1) | ep_epoch4(NODE0) | held(NODE0) | locked_epoch4(NODE1) | NODE0 = NODE1","12","00-00-00-0--0----------0--------------","10","251","4","0701010020"
"1502","forall NODE1,NODE0. ep_epoch0(NODE0) | ep_epoch0(NODE1) | ep_epoch1(NODE0) | ep_epoch1(NODE1) | ep_epoch3(NODE0) | ep_epoch3(NODE1) | ep_epoch4(NODE1) | locked_epoch4(NODE0) | locked_epoch5(NODE1) | NODE0 = NODE1","12","00-00-00-0-------------00-------------","10","250","4","0700020020"
"1503","forall NODE1,NODE0. ep_epoch0(NODE0) | ep_epoch0(NODE1) | ep_epoch2(NODE0) | ep_epoch2(NODE1) | ep_epoch3(NODE0) | ep_epoch3(NODE1) | ep_epoch4(NODE1) | ep_epoch5(NODE1) | locked_epoch4(NODE0) | NODE0 = NODE1","12","0-00000-00-------------0--------------","10","252","4","0800010020"
"1504","forall NODE1,NODE0. ep_epoch0(NODE0) | ep_epoch0(NODE1) | ep_epoch2(NODE0) | ep_epoch2(NODE1) | ep_epoch3(NODE0) | ep_epoch3(NODE1) | ep_epoch4(NODE0) | held(NODE0) | locked_epoch4(NODE1) | NODE0 = NODE1","12","0-000-0-00--0----------0--------------","10","251","4","0701010020"
"1505","forall NODE1,NODE0. ep_epoch0(NODE0) | ep_epoch0(NODE1) | ep_epoch2(NODE0) | ep_epoch2(NODE1) | ep_epoch3(NODE0) | ep_epoch3(NODE1) | ep_epoch4(NODE1) | locked_epoch4(NODE0) | locked_epoch5(NODE1) | NODE0 = NODE1","12","0-000-0-00-------------00-------------","10","250","4","0700020020"
"1506","forall NODE1,NODE0. ep_epoch0(NODE0) | ep_epoch0(NODE1) | ep_epoch2(NODE1) | ep_epoch3(NODE1) | ep_epoch5(NODE0) | held(NODE1) | locked_epoch2(NODE0) | transfer_epoch5(NODE0) | transfer_epoch5(NODE1) | NODE0 = NODE1","12","0-00--0----00------0----------------00","10","248","14","0501010220"
"1507","forall NODE1,NODE0. ep_epoch0(NODE0) | ep_epoch0(NODE1) | ep_epoch2(NODE1) | ep_epoch3(NODE1) | held(NODE0) | held(NODE1) | locked_epoch2(NODE0) | transfer_epoch5(NODE0) | transfer_epoch5(NODE1) | NODE0 = NODE1","12","0-00--0-----00-----0----------------00","10","246","8","0402010220"
"1508","forall NODE1,NODE0. ep_epoch0(NODE0) | ep_epoch0(NODE1) | ep_epoch2(NODE1) | ep_epoch3(NODE1) | held(NODE1) | locked_epoch2(NODE0) | locked_epoch5(NODE0) | transfer_epoch5(NODE0) | transfer_epoch5(NODE1) | NODE0 = NODE1","12","0-00--0-----0------0-----0----------00","10","244","31","0401020220"
"1509","forall NODE1,NODE0. ep_epoch0(NODE0) | ep_epoch0(NODE1) | ep_epoch2(NODE1) | ep_epoch3(NODE0) | ep_epoch4(NODE0) | held(NODE0) | locked_epoch3(NODE1) | transfer_epoch3(NODE0) | transfer_epoch3(NODE1) | NODE0 = NODE1","12","0-0---0--00--0------0-----------00----","10","248","14","0501010220"
"1510","forall NODE1,NODE0. ep_epoch0(NODE0) | ep_epoch0(NODE1) | ep_epoch2(NODE0) | ep_epoch3(NODE1) | held(NODE1) | locked_epoch3(NODE0) | locked_epoch4(NODE1) | transfer_epoch3(NODE0) | transfer_epoch3(NODE1) | NODE0 = NODE1","12","0-0---0--0---0------0--0--------00----","10","244","31","0401020220"
"1511","forall NODE1,NODE0. ep_epoch0(NODE0) | ep_epoch0(NODE1) | ep_epoch2(NODE1) | ep_epoch4(NODE1) | held(NODE1) | locked_epoch2(NODE0) | locked_epoch4(NODE0) | transfer_epoch4(NODE0) | transfer_epoch4(NODE1) | NODE0 = NODE1","12","0-0-0-0-----0------0---0----------00--","10","244","31","0401020220"
"1512","forall NODE1,NODE0. ep_epoch0(NODE0) | ep_epoch0(NODE1) | ep_epoch2(NODE1) | ep_epoch5(NODE0) | held(NODE1) | locked_epoch2(NODE0) | locked_epoch3(NODE1) | transfer_epoch5(NODE0) | transfer_epoch5(NODE1) | NODE0 = NODE1","12","0-0---0----00------00---------------00","10","244","31","0401020220"
"1513","forall NODE1,NODE0. ep_epoch0(NODE0) | ep_epoch0(NODE1) | ep_epoch2(NODE1) | held(NODE0) | held(NODE1) | locked_epoch2(NODE0) | locked_epoch3(NODE1) | transfer_epoch5(NODE0) | transfer_epoch5(NODE1) | NODE0 = NODE1","12","0-0---0-----00-----00---------------00","10","242","7","0302020220"
"1514","forall NODE1,NODE0. ep_epoch0(NODE0) | ep_epoch0(NODE1) | ep_epoch2(NODE1) | held(NODE1) | locked_epoch2(NODE0) | locked_epoch3(NODE1) | locked_epoch5(NODE0) | transfer_epoch5(NODE0) | transfer_epoch5(NODE1) | NODE0 = NODE1","12","0-0---0-----0------00----0----------00","10","240","22","0301030220"
"1515","forall NODE1,NODE0. ep_epoch0(NODE0) | ep_epoch0(NODE1) | ep_epoch2(NODE1) | held(NODE1) | locked_epoch2(NODE0) | locked_epoch4(NODE0) | locked_epoch4(NODE1) | transfer_epoch4(NODE0) | transfer_epoch4(NODE1) | NODE0 = NODE1","12","0-0---0-----0------0--00----------00--","10","240","22","0301030220"
"1516","forall NODE1,NODE0. ep_epoch0(NODE0) | ep_epoch0(NODE1) | ep_epoch3(NODE1) | ep_epoch4(NODE1) | held(NODE0) | held(NODE1) | locked_epoch3(NODE0) | transfer_epoch3(NODE0) | transfer_epoch3(NODE1) | NODE0 = NODE1","12","0--00-0-----00-------0----------00----","10","246","8","0402010220"
"1517","forall NODE1,NODE0. ep_epoch0(NODE0) | ep_epoch0(NODE1) | ep_epoch3(NODE1) | ep_epoch4(NODE1) | held(NODE1) | locked_epoch2(NODE0) | locked_epoch3(NODE0) | transfer_epoch3(NODE0) | transfer_epoch3(NODE1) | NODE0 = NODE1","12","0--00-0-----0------0-0----------00----","10","244","31","0401020220"
"1518","forall NODE1,NODE0. ep_epoch0(NODE0) | ep_epoch0(NODE1) | ep_epoch3(NODE1) | held(NODE0) | held(NODE1) | locked_epoch3(NODE0) | locked_epoch4(NODE1) | transfer_epoch3(NODE0) | transfer_epoch3(NODE1) | NODE0 = NODE1","12","0--0--0-----00-------00---------00----","10","242","7","0302020220"
"1519","forall NODE1,NODE0. ep_epoch0(NODE0) | ep_epoch0(NODE1) | ep_epoch3(NODE1) | held(NODE1) | locked_epoch2(NODE0) | locked_epoch3(NODE0) | locked_epoch4(NODE1) | transfer_epoch3(NODE0) | transfer_epoch3(NODE1) | NODE0 = NODE1","12","0--0--0-----0------0-00---------00----","10","240","22","0301030220"
"1520","forall NODE1,NODE0. ep_epoch0(NODE0) | ep_epoch1(NODE0) | ep_epoch2(NODE0) | ep_epoch4(NODE0) | ep_epoch4(NODE1) | ep_epoch5(NODE1) | held(NODE0) | transfer_epoch4(NODE0) | transfer_epoch4(NODE1) | NODE0 = NODE1","12","000-0-----000---------------------00--","10","0","157","0601000220"
"1521","forall NODE1,NODE0. ep_epoch0(NODE0) | ep_epoch1(NODE0) | ep_epoch2(NODE0) | ep_epoch4(NODE0) | ep_epoch4(NODE1) | held(NODE0) | held(NODE1) | transfer_epoch4(NODE0) | transfer_epoch4(NODE1) | NODE0 = NODE1","12","000-0-----0-00--------------------00--","10","0","157","0502000220"
"1522","forall NODE1,NODE0. ep_epoch0(NODE0) | ep_epoch1(NODE0) | ep_epoch2(NODE0) | ep_epoch4(NODE0) | ep_epoch4(NODE1) | held(NODE0) | locked_epoch5(NODE1) | transfer_epoch4(NODE0) | transfer_epoch4(NODE1) | NODE0 = NODE1","12","000-0-----0-0------------0--------00--","10","248","14","0501010220"
"1523","forall NODE1,NODE0. ep_epoch0(NODE0) | ep_epoch1(NODE0) | ep_epoch2(NODE0) | ep_epoch4(NODE1) | ep_epoch5(NODE1) | held(NODE0) | locked_epoch4(NODE0) | transfer_epoch4(NODE0) | transfer_epoch4(NODE1) | NODE0 = NODE1","12","000-------000---------0-----------00--","10","248","14","0501010220"
"1524","forall NODE1,NODE0. ep_epoch0(NODE0) | ep_epoch1(NODE0) | ep_epoch2(NODE0) | ep_epoch4(NODE1) | held(NODE0) | held(NODE1) | locked_epoch4(NODE0) | transfer_epoch4(NODE0) | transfer_epoch4(NODE1) | NODE0 = NODE1","12","000-------0-00--------0-----------00--","10","246","8","0402010220"
"1525","forall NODE1,NODE0. ep_epoch0(NODE0) | ep_epoch1(NODE0) | ep_epoch2(NODE0) | ep_epoch4(NODE1) | held(NODE0) | locked_epoch4(NODE0) | locked_epoch5(NODE1) | transfer_epoch4(NODE0) | transfer_epoch4(NODE1) | NODE0 = NODE1","12","000-------0-0---------0--0--------00--","10","244","31","0401020220"
"1526","forall NODE1,NODE0. ep_epoch0(NODE0) | ep_epoch1(NODE0) | ep_epoch2(NODE0) | held(NODE0) | held(NODE1) | transfer_epoch4(NODE0) | transfer_epoch4(NODE1) | transfer_epoch5(NODE0) | transfer_epoch5(NODE1) | NODE0 = NODE1","12","000---------00--------------------0000","10","0","157","0302000420"
"1527","forall NODE1,NODE0. ep_epoch0(NODE0) | ep_epoch1(NODE0) | ep_epoch2(NODE1) | ep_epoch3(NODE1) | ep_epoch5(NODE0) | held(NODE1) | locked_epoch2(NODE0) | transfer_epoch5(NODE0) | transfer_epoch5(NODE1) | NODE0 = NODE1","12","00---0--00---0----0-----------------00","10","248","14","0501010220"
"1528","forall NODE1,NODE0. ep_epoch0(NODE0) | ep_epoch1(NODE0) | ep_epoch2(NODE1) | ep_epoch3(NODE1) | held(NODE1) | locked_epoch2(NODE0) | locked_epoch5(NODE0) | transfer_epoch5(NODE0) | transfer_epoch5(NODE1) | NODE0 = NODE1","12","00------00---0----0-----0-----------00","10","244","31","0401020220"
"1529","forall NODE1,NODE2,NODE3,NODE0. ep_epoch0(NODE0) | ep_epoch1(NODE0) | ep_epoch2(NODE1) | ep_epoch4(NODE2) | ep_epoch5(NODE2) | held(NODE3) | locked_epoch2(NODE0) | transfer_epoch5(NODE0) | transfer_epoch5(NODE1) | ((NODE0 ~= NODE3 | NODE1 ~= NODE2 | NODE0 = NODE1) & (NODE0 ~= NODE2 | NODE1 ~= NODE3 | NODE0 = NODE1))","19","00--00--0----0----0-----------------00","15","0","157","0501010240"
"1530","forall NODE1,NODE2,NODE3,NODE0. ep_epoch0(NODE0) | ep_epoch1(NODE0) | ep_epoch2(NODE1) | ep_epoch4(NODE2) | held(NODE3) | locked_epoch2(NODE0) | locked_epoch5(NODE2) | transfer_epoch5(NODE0) | transfer_epoch5(NODE1) | ((NODE0 ~= NODE3 | NODE1 ~= NODE2 | NODE0 = NODE1) & (NODE0 ~= NODE2 | NODE1 ~= NODE3 | NODE0 = NODE1))","19","00--0---0----0----0-----0-----------00","15","338","4","0401020240"
"1531","forall NODE1,NODE0. ep_epoch0(NODE0) | ep_epoch1(NODE0) | ep_epoch2(NODE1) | ep_epoch5(NODE0) | held(NODE1) | locked_epoch2(NODE0) | locked_epoch3(NODE1) | transfer_epoch5(NODE0) | transfer_epoch5(NODE1) | NODE0 = NODE1","12","00---0--0----0----0--0--------------00","10","244","31","0401020220"
"1532","forall NODE1,NODE2,NODE3,NODE0. ep_epoch0(NODE0) | ep_epoch1(NODE0) | ep_epoch2(NODE1) | ep_epoch5(NODE2) | held(NODE3) | locked_epoch2(NODE0) | locked_epoch4(NODE2) | transfer_epoch5(NODE0) | transfer_epoch5(NODE1) | ((NODE0 ~= NODE3 | NODE1 ~= NODE2 | NODE0 = NODE1) & (NODE0 ~= NODE2 | NODE1 ~= NODE3 | NODE0 = NODE1))","19","00---0--0----0----0---0-------------00","15","338","4","0401020240"
"1533","forall NODE1,NODE2,NODE3,NODE0. ep_epoch0(NODE0) | ep_epoch1(NODE0) | ep_epoch2(NODE1) | held(NODE2) | locked_epoch2(NODE0) | locked_epoch4(NODE3) | locked_epoch5(NODE3) | transfer_epoch5(NODE0) | transfer_epoch5(NODE1) | ((NODE0 ~= NODE2 | NODE1 ~= NODE3 | NODE0 = NODE1) & (NODE0 ~= NODE3 | NODE1 ~= NODE2 | NODE0 = NODE1))","19","00------0---0-----0----0-0----------00","15","337","3","0301030240"
"1534","forall NODE1,NODE0. ep_epoch0(NODE0) | ep_epoch1(NODE0) | ep_epoch2(NODE1) | held(NODE1) | locked_epoch2(NODE0) | locked_epoch3(NODE1) | locked_epoch5(NODE0) | transfer_epoch5(NODE0) | transfer_epoch5(NODE1) | NODE0 = NODE1","12","00------0----0----0--0--0-----------00","10","240","22","0301030220"
"1535","forall NODE1,NODE0. ep_epoch0(NODE0) | ep_epoch1(NODE0) | ep_epoch3(NODE0) | ep_epoch3(NODE1) | ep_epoch4(NODE0) | held(NODE0) | locked_epoch4(NODE1) | transfer_epoch3(NODE0) | transfer_epoch3(NODE1) | NODE0 = NODE1","12","00-00----0--0----------0--------00----","10","248","14","0501010220"
"1536","forall NODE1,NODE0. ep_epoch0(NODE0) | ep_epoch1(NODE0) | ep_epoch3(NODE0) | ep_epoch3(NODE1) | held(NODE0) | locked_epoch4(NODE0) | locked_epoch4(NODE1) | transfer_epoch3(NODE0) | transfer_epoch3(NODE1) | NODE0 = NODE1","12","00-0-----0--0---------00--------00----","10","244","31","0401020220"
"1537","forall NODE1,NODE0. ep_epoch0(NODE0) | ep_epoch1(NODE0) | ep_epoch3(NODE1) | ep_epoch4(NODE0) | held(NODE0) | locked_epoch3(NODE0) | locked_epoch4(NODE1) | transfer_epoch3(NODE0) | transfer_epoch3(NODE1) | NODE0 = NODE1","12","00--0----0--0-------0--0--------00----","10","244","31","0401020220"
"1538","forall NODE1,NODE0. ep_epoch0(NODE0) | ep_epoch1(NODE0) | ep_epoch3(NODE1) | ep_epoch4(NODE1) | ep_epoch5(NODE1) | held(NODE0) | locked_epoch3(NODE0) | transfer_epoch3(NODE0) | transfer_epoch3(NODE1) | NODE0 = NODE1","12","00-------0000-------0-----------00----","10","248","14","0501010220"
"1539","forall NODE1,NODE0. ep_epoch0(NODE0) | ep_epoch1(NODE0) | ep_epoch3(NODE1) | ep_epoch4(NODE1) | held(NODE0) | held(NODE1) | locked_epoch3(NODE0) | transfer_epoch3(NODE0) | transfer_epoch3(NODE1) | NODE0 = NODE1","12","00-------00-00------0-----------00----","10","246","8","0402010220"
"1540","forall NODE1,NODE0. ep_epoch0(NODE0) | ep_epoch1(NODE0) | ep_epoch3(NODE1) | ep_epoch4(NODE1) | held(NODE0) | locked_epoch3(NODE0) | locked_epoch5(NODE1) | transfer_epoch3(NODE0) | transfer_epoch3(NODE1) | NODE0 = NODE1","12","00-------00-0-------0----0------00----","10","244","31","0401020220"
"1541","forall NODE1,NODE0. ep_epoch0(NODE0) | ep_epoch1(NODE0) | ep_epoch3(NODE1) | ep_epoch5(NODE1) | held(NODE0) | locked_epoch3(NODE0) | locked_epoch4(NODE1) | transfer_epoch3(NODE0) | transfer_epoch3(NODE1) | NODE0 = NODE1","12","00-------0-00-------0--0--------00----","10","244","31","0401020220"
"1542","forall NODE1,NODE0. ep_epoch0(NODE0) | ep_epoch1(NODE0) | ep_epoch3(NODE1) | held(NODE0) | held(NODE1) | locked_epoch3(NODE0) | locked_epoch4(NODE1) | transfer_epoch3(NODE0) | transfer_epoch3(NODE1) | NODE0 = NODE1","12","00-------0--00------0--0--------00----","10","242","7","0302020220"
"1543","forall NODE1,NODE0. ep_epoch0(NODE0) | ep_epoch1(NODE0) | ep_epoch3(NODE1) | held(NODE0) | locked_epoch3(NODE0) | locked_epoch4(NODE0) | locked_epoch4(NODE1) | transfer_epoch3(NODE0) | transfer_epoch3(NODE1) | NODE0 = NODE1","12","00-------0--0-------0-00--------00----","10","240","22","0301030220"
"1544","forall NODE1,NODE0. ep_epoch0(NODE0) | ep_epoch1(NODE0) | ep_epoch3(NODE1) | held(NODE0) | locked_epoch3(NODE0) | locked_epoch4(NODE1) | locked_epoch5(NODE1) | transfer_epoch3(NODE0) | transfer_epoch3(NODE1) | NODE0 = NODE1","12","00-------0--0-------0--0-0------00----","10","240","22","0301030220"
"1545","forall NODE1,NODE0. ep_epoch0(NODE0) | ep_epoch1(NODE0) | ep_epoch4(NODE0) | ep_epoch4(NODE1) | ep_epoch5(NODE1) | held(NODE0) | locked_epoch2(NODE0) | transfer_epoch4(NODE0) | transfer_epoch4(NODE1) | NODE0 = NODE1","12","00--0-----000-----0---------------00--","10","248","14","0501010220"
"1546","forall NODE1,NODE0. ep_epoch0(NODE0) | ep_epoch1(NODE0) | ep_epoch4(NODE0) | ep_epoch4(NODE1) | held(NODE0) | held(NODE1) | locked_epoch2(NODE0) | transfer_epoch4(NODE0) | transfer_epoch4(NODE1) | NODE0 = NODE1","12","00--0-----0-00----0---------------00--","10","246","8","0402010220"
"1547","forall NODE1,NODE0. ep_epoch0(NODE0) | ep_epoch1(NODE0) | ep_epoch4(NODE0) | ep_epoch4(NODE1) | held(NODE0) | locked_epoch2(NODE0) | locked_epoch5(NODE1) | transfer_epoch4(NODE0) | transfer_epoch4(NODE1) | NODE0 = NODE1","12","00--0-----0-0-----0------0--------00--","10","244","31","0401020220"
"1548","forall NODE1,NODE0. ep_epoch0(NODE0) | ep_epoch1(NODE0) | ep_epoch4(NODE1) | ep_epoch5(NODE1) | held(NODE0) | locked_epoch2(NODE0) | locked_epoch4(NODE0) | transfer_epoch4(NODE0) | transfer_epoch4(NODE1) | NODE0 = NODE1","12","00--------000-----0---0-----------00--","10","244","31","0401020220"
"1549","forall NODE1,NODE0. ep_epoch0(NODE0) | ep_epoch1(NODE0) | ep_epoch4(NODE1) | held(NODE0) | held(NODE1) | locked_epoch2(NODE0) | locked_epoch4(NODE0) | transfer_epoch4(NODE0) | transfer_epoch4(NODE1) | NODE0 = NODE1","12","00--------0-00----0---0-----------00--","10","242","7","0302020220"
"1550","forall NODE1,NODE0. ep_epoch0(NODE0) | ep_epoch1(NODE0) | ep_epoch4(NODE1) | held(NODE0) | locked_epoch2(NODE0) | locked_epoch4(NODE0) | locked_epoch5(NODE1) | transfer_epoch4(NODE0) | transfer_epoch4(NODE1) | NODE0 = NODE1","12","00--------0-0-----0---0--0--------00--","10","240","22","0301030220"
"1551","forall NODE1,NODE0. ep_epoch0(NODE0) | ep_epoch1(NODE0) | held(NODE0) | held(NODE1) | locked_epoch2(NODE0) | transfer_epoch4(NODE0) | transfer_epoch4(NODE1) | transfer_epoch5(NODE0) | transfer_epoch5(NODE1) | NODE0 = NODE1","12","00----------00----0---------------0000","10","236","3","0202010420"
"1552","forall NODE1,NODE0. ep_epoch0(NODE0) | ep_epoch2(NODE0) | ep_epoch2(NODE1) | ep_epoch3(NODE0) | ep_epoch4(NODE0) | held(NODE0) | locked_epoch3(NODE1) | transfer_epoch2(NODE0) | transfer_epoch2(NODE1) | NODE0 = NODE1","12","0-000---0---0--------0--------00------","10","248","14","0501010220"
"1553","forall NODE1,NODE0. ep_epoch0(NODE0) | ep_epoch2(NODE0) | ep_epoch2(NODE1) | ep_epoch3(NODE0) | held(NODE0) | locked_epoch3(NODE1) | locked_epoch4(NODE0) | transfer_epoch2(NODE0) | transfer_epoch2(NODE1) | NODE0 = NODE1","12","0-00----0---0--------00-------00------","10","244","31","0401020220"
"1554","forall NODE1,NODE2,NODE3,NODE0. ep_epoch0(NODE0) | ep_epoch2(NODE1) | ep_epoch3(NODE2) | ep_epoch5(NODE3) | held(NODE0) | locked_epoch2(NODE2) | locked_epoch3(NODE1) | transfer_epoch2(NODE1) | transfer_epoch2(NODE2) | ((NODE0 ~= NODE1 | NODE2 ~= NODE3 | NODE0 = NODE2) & (NODE0 ~= NODE2 | NODE1 ~= NODE3 | NODE0 = NODE1))","19","0-0------0-00------00---------00------","15","338","4","0401020240"
"1555","forall NODE1,NODE2,NODE3,NODE0. ep_epoch0(NODE0) | ep_epoch2(NODE1) | ep_epoch3(NODE2) | held(NODE0) | locked_epoch2(NODE2) | locked_epoch3(NODE1) | locked_epoch5(NODE3) | transfer_epoch2(NODE1) | transfer_epoch2(NODE2) | ((NODE0 ~= NODE1 | NODE2 ~= NODE3 | NODE0 = NODE2) & (NODE0 ~= NODE2 | NODE1 ~= NODE3 | NODE0 = NODE1))","19","0-0------0--0------00----0----00------","15","337","3","0301030240"
"1556","forall NODE1,NODE0. ep_epoch0(NODE0) | ep_epoch2(NODE1) | ep_epoch3(NODE0) | ep_epoch4(NODE0) | held(NODE0) | locked_epoch2(NODE0) | locked_epoch3(NODE1) | transfer_epoch2(NODE0) | transfer_epoch2(NODE1) | NODE0 = NODE1","12","0--00---0---0-----0--0--------00------","10","244","31","0401020220"
"1557","forall NODE1,NODE0. ep_epoch0(NODE0) | ep_epoch2(NODE1) | ep_epoch3(NODE0) | held(NODE0) | locked_epoch2(NODE0) | locked_epoch3(NODE1) | locked_epoch4(NODE0) | transfer_epoch2(NODE0) | transfer_epoch2(NODE1) | NODE0 = NODE1","12","0--0----0---0-----0--00-------00------","10","240","22","0301030220"
"1558","forall NODE1,NODE0. ep_epoch0(NODE0) | ep_epoch2(NODE1) | ep_epoch3(NODE1) | ep_epoch4(NODE0) | held(NODE0) | locked_epoch2(NODE0) | locked_epoch4(NODE1) | transfer_epoch2(NODE0) | transfer_epoch2(NODE1) | NODE0 = NODE1","12","0---0---00--0-----0----0------00------","10","244","31","0401020220"
"1559","forall NODE1,NODE0. ep_epoch0(NODE0) | ep_epoch2(NODE1) | ep_epoch3(NODE1) | ep_epoch4(NODE1) | ep_epoch5(NODE1) | held(NODE0) | locked_epoch2(NODE0) | transfer_epoch2(NODE0) | transfer_epoch2(NODE1) | NODE0 = NODE1","12","0-------00000-----0-----------00------","10","248","14","0501010220"
"1560","forall NODE1,NODE0. ep_epoch0(NODE0) | ep_epoch2(NODE1) | ep_epoch3(NODE1) | ep_epoch4(NODE1) | held(NODE0) | locked_epoch2(NODE0) | locked_epoch5(NODE1) | transfer_epoch2(NODE0) | transfer_epoch2(NODE1) | NODE0 = NODE1","12","0-------000-0-----0------0----00------","10","244","31","0401020220"
"1561","forall NODE1,NODE0. ep_epoch0(NODE0) | ep_epoch2(NODE1) | ep_epoch3(NODE1) | ep_epoch5(NODE1) | held(NODE0) | locked_epoch2(NODE0) | locked_epoch4(NODE1) | transfer_epoch2(NODE0) | transfer_epoch2(NODE1) | NODE0 = NODE1","12","0-------00-00-----0----0------00------","10","244","31","0401020220"
"1562","forall NODE1,NODE0. ep_epoch0(NODE0) | ep_epoch2(NODE1) | ep_epoch3(NODE1) | held(NODE0) | locked_epoch2(NODE0) | locked_epoch4(NODE0) | locked_epoch4(NODE1) | transfer_epoch2(NODE0) | transfer_epoch2(NODE1) | NODE0 = NODE1","12","0-------00--0-----0---00------00------","10","240","22","0301030220"
"1563","forall NODE1,NODE0. ep_epoch0(NODE0) | ep_epoch2(NODE1) | ep_epoch3(NODE1) | held(NODE0) | locked_epoch2(NODE0) | locked_epoch4(NODE1) | locked_epoch5(NODE1) | transfer_epoch2(NODE0) | transfer_epoch2(NODE1) | NODE0 = NODE1","12","0-------00--0-----0----0-0----00------","10","240","22","0301030220"
"1564","forall NODE1,NODE0. ep_epoch0(NODE0) | ep_epoch2(NODE1) | ep_epoch4(NODE0) | held(NODE0) | locked_epoch2(NODE0) | locked_epoch3(NODE1) | locked_epoch4(NODE1) | transfer_epoch2(NODE0) | transfer_epoch2(NODE1) | NODE0 = NODE1","12","0---0---0---0-----0--0-0------00------","10","240","22","0301030220"
"1565","forall NODE1,NODE0. ep_epoch0(NODE0) | ep_epoch2(NODE1) | ep_epoch4(NODE1) | ep_epoch5(NODE1) | held(NODE0) | locked_epoch2(NODE0) | locked_epoch3(NODE1) | transfer_epoch2(NODE0) | transfer_epoch2(NODE1) | NODE0 = NODE1","12","0-------0-000-----0--0--------00------","10","244","31","0401020220"
"1566","forall NODE1,NODE0. ep_epoch0(NODE0) | ep_epoch2(NODE1) | ep_epoch4(NODE1) | held(NODE0) | locked_epoch2(NODE0) | locked_epoch3(NODE1) | locked_epoch5(NODE1) | transfer_epoch2(NODE0) | transfer_epoch2(NODE1) | NODE0 = NODE1","12","0-------0-0-0-----0--0---0----00------","10","240","22","0301030220"
"1567","forall NODE1,NODE0. ep_epoch0(NODE0) | ep_epoch2(NODE1) | ep_epoch5(NODE1) | held(NODE0) | locked_epoch2(NODE0) | locked_epoch3(NODE1) | locked_epoch4(NODE1) | transfer_epoch2(NODE0) | transfer_epoch2(NODE1) | NODE0 = NODE1","12","0-------0--00-----0--0-0------00------","10","240","22","0301030220"
"1568","forall NODE1,NODE0. ep_epoch0(NODE0) | ep_epoch2(NODE1) | held(NODE0) | locked_epoch2(NODE0) | locked_epoch3(NODE1) | locked_epoch4(NODE0) | locked_epoch4(NODE1) | transfer_epoch2(NODE0) | transfer_epoch2(NODE1) | NODE0 = NODE1","12","0-------0---0-----0--000------00------","10","234","4","0201040220"
"1569","forall NODE1,NODE0. ep_epoch0(NODE0) | ep_epoch2(NODE1) | held(NODE0) | locked_epoch2(NODE0) | locked_epoch3(NODE1) | locked_epoch4(NODE1) | locked_epoch5(NODE1) | transfer_epoch2(NODE0) | transfer_epoch2(NODE1) | NODE0 = NODE1","12","0-------0---0-----0--0-0-0----00------","10","234","4","0201040220"
"1570","forall NODE1,NODE0. ep_epoch0(NODE0) | ep_epoch2(NODE1) | held(NODE0) | locked_epoch3(NODE0) | locked_epoch3(NODE1) | transfer_epoch2(NODE0) | transfer_epoch2(NODE1) | transfer_epoch3(NODE0) | transfer_epoch3(NODE1) | NODE0 = NODE1","12","0-------0---0-------00--------0000----","10","233","2","0201020420"
"1571","forall NODE1,NODE0. ep_epoch0(NODE0) | held(NODE0) | locked_epoch2(NODE1) | locked_epoch3(NODE0) | locked_epoch3(NODE1) | transfer_epoch2(NODE0) | transfer_epoch2(NODE1) | transfer_epoch3(NODE0) | transfer_epoch3(NODE1) | NODE0 = NODE1","12","0-----------0------000--------0000----","10","227","2","0101030420"
"1572","forall NODE1,NODE0. ep_epoch1(NODE0) | ep_epoch1(NODE1) | ep_epoch2(NODE0) | ep_epoch2(NODE1) | ep_epoch3(NODE0) | ep_epoch3(NODE1) | ep_epoch4(NODE1) | ep_epoch5(NODE1) | locked_epoch4(NODE0) | NODE0 = NODE1","12","-00000-000-------------0--------------","10","252","4","0800010020"
"1573","forall NODE1,NODE0. ep_epoch1(NODE0) | ep_epoch1(NODE1) | ep_epoch2(NODE0) | ep_epoch2(NODE1) | ep_epoch3(NODE0) | ep_epoch3(NODE1) | ep_epoch4(NODE0) | held(NODE0) | locked_epoch4(NODE1) | NODE0 = NODE1","12","-0000--000--0----------0--------------","10","251","4","0701010020"
"1574","forall NODE1,NODE0. ep_epoch1(NODE0) | ep_epoch1(NODE1) | ep_epoch2(NODE0) | ep_epoch2(NODE1) | ep_epoch3(NODE0) | ep_epoch3(NODE1) | ep_epoch4(NODE1) | locked_epoch4(NODE0) | locked_epoch5(NODE1) | NODE0 = NODE1","12","-0000--000-------------00-------------","10","250","4","0700020020"
"1575","forall NODE1,NODE0. ep_epoch1(NODE0) | ep_epoch1(NODE1) | ep_epoch2(NODE1) | ep_epoch3(NODE1) | ep_epoch5(NODE0) | held(NODE1) | locked_epoch2(NODE0) | transfer_epoch5(NODE0) | transfer_epoch5(NODE1) | NODE0 = NODE1","12","-000---0---00------0----------------00","10","248","14","0501010220"
"1576","forall NODE1,NODE0. ep_epoch1(NODE0) | ep_epoch1(NODE1) | ep_epoch2(NODE1) | ep_epoch3(NODE1) | held(NODE0) | held(NODE1) | locked_epoch2(NODE0) | transfer_epoch5(NODE0) | transfer_epoch5(NODE1) | NODE0 = NODE1","12","-000---0----00-----0----------------00","10","246","8","0402010220"
"1577","forall NODE1,NODE0. ep_epoch1(NODE0) | ep_epoch1(NODE1) | ep_epoch2(NODE1) | ep_epoch3(NODE1) | held(NODE1) | locked_epoch2(NODE0) | locked_epoch5(NODE0) | transfer_epoch5(NODE0) | transfer_epoch5(NODE1) | NODE0 = NODE1","12","-000---0----0------0-----0----------00","10","244","31","0401020220"
"1578","forall NODE1,NODE0. ep_epoch1(NODE0) | ep_epoch1(NODE1) | ep_epoch2(NODE0) | ep_epoch3(NODE1) | ep_epoch4(NODE1) | held(NODE1) | locked_epoch3(NODE0) | transfer_epoch3(NODE0) | transfer_epoch3(NODE1) | NODE0 = NODE1","12","-00----0-00--0------0-----------00----","10","248","14","0501010220"
"1579","forall NODE1,NODE0. ep_epoch1(NODE0) | ep_epoch1(NODE1) | ep_epoch2(NODE0) | ep_epoch3(NODE1) | held(NODE1) | locked_epoch3(NODE0) | locked_epoch4(NODE1) | transfer_epoch3(NODE0) | transfer_epoch3(NODE1) | NODE0 = NODE1","12","-00----0-0---0------0--0--------00----","10","244","31","0401020220"
"1580","forall NODE1,NODE0. ep_epoch1(NODE0) | ep_epoch1(NODE1) | ep_epoch2(NODE1) | ep_epoch4(NODE1) | held(NODE1) | locked_epoch2(NODE0) | locked_epoch4(NODE0) | transfer_epoch4(NODE0) | transfer_epoch4(NODE1) | NODE0 = NODE1","12","-00-0--0----0------0---0----------00--","10","244","31","0401020220"
"1581","forall NODE1,NODE0. ep_epoch1(NODE0) | ep_epoch1(NODE1) | ep_epoch2(NODE1) | ep_epoch5(NODE0) | held(NODE1) | locked_epoch2(NODE0) | locked_epoch3(NODE1) | transfer_epoch5(NODE0) | transfer_epoch5(NODE1) | NODE0 = NODE1","12","-00----0---00------00---------------00","10","244","31","0401020220"
"1582","forall NODE1,NODE0. ep_epoch1(NODE0) | ep_epoch1(NODE1) | ep_epoch2(NODE1) | held(NODE0) | held(NODE1) | locked_epoch2(NODE0) | locked_epoch3(NODE1) | transfer_epoch5(NODE0) | transfer_epoch5(NODE1) | NODE0 = NODE1","12","-00----0----00-----00---------------00","10","242","7","0302020220"
"1583","forall NODE1,NODE0. ep_epoch1(NODE0) | ep_epoch1(NODE1) | ep_epoch2(NODE1) | held(NODE1) | locked_epoch2(NODE0) | locked_epoch3(NODE1) | locked_epoch5(NODE0) | transfer_epoch5(NODE0) | transfer_epoch5(NODE1) | NODE0 = NODE1","12","-00----0----0------00----0----------00","10","240","22","0301030220"
"1584","forall NODE1,NODE0. ep_epoch1(NODE0) | ep_epoch1(NODE1) | ep_epoch2(NODE1) | held(NODE1) | locked_epoch2(NODE0) | locked_epoch4(NODE0) | locked_epoch4(NODE1) | transfer_epoch4(NODE0) | transfer_epoch4(NODE1) | NODE0 = NODE1","12","-00----0----0------0--00----------00--","10","240","22","0301030220"
"1585","forall NODE1,NODE0. ep_epoch1(NODE0) | ep_epoch1(NODE1) | ep_epoch3(NODE1) | ep_epoch4(NODE1) | held(NODE0) | held(NODE1) | locked_epoch3(NODE0) | transfer_epoch3(NODE0) | transfer_epoch3(NODE1) | NODE0 = NODE1","12","-0-00--0----00-------0----------00----","10","246","8","0402010220"
"1586","forall NODE1,NODE0. ep_epoch1(NODE0) | ep_epoch1(NODE1) | ep_epoch3(NODE1) | ep_epoch4(NODE1) | held(NODE1) | locked_epoch2(NODE0) | locked_epoch3(NODE0) | transfer_epoch3(NODE0) | transfer_epoch3(NODE1) | NODE0 = NODE1","12","-0-00--0----0------0-0----------00----","10","244","31","0401020220"
"1587","forall NODE1,NODE0. ep_epoch1(NODE0) | ep_epoch1(NODE1) | ep_epoch3(NODE1) | held(NODE0) | held(NODE1) | locked_epoch3(NODE0) | locked_epoch4(NODE1) | transfer_epoch3(NODE0) | transfer_epoch3(NODE1) | NODE0 = NODE1","12","-0-0---0----00-------00---------00----","10","242","7","0302020220"
"1588","forall NODE1,NODE0. ep_epoch1(NODE0) | ep_epoch1(NODE1) | ep_epoch3(NODE1) | held(NODE1) | locked_epoch2(NODE0) | locked_epoch3(NODE0) | locked_epoch4(NODE1) | transfer_epoch3(NODE0) | transfer_epoch3(NODE1) | NODE0 = NODE1","12","-0-0---0----0------0-00---------00----","10","240","22","0301030220"
"1589","forall NODE1,NODE0. ep_epoch1(NODE0) | ep_epoch2(NODE0) | ep_epoch2(NODE1) | ep_epoch3(NODE1) | ep_epoch4(NODE1) | held(NODE1) | locked_epoch3(NODE0) | transfer_epoch2(NODE0) | transfer_epoch2(NODE1) | NODE0 = NODE1","12","-00-----000--0------0---------00------","10","248","14","0501010220"
"1590","forall NODE1,NODE0. ep_epoch1(NODE0) | ep_epoch2(NODE0) | ep_epoch2(NODE1) | ep_epoch3(NODE1) | held(NODE1) | locked_epoch3(NODE0) | locked_epoch4(NODE1) | transfer_epoch2(NODE0) | transfer_epoch2(NODE1) | NODE0 = NODE1","12","-00-----00---0------0--0------00------","10","244","31","0401020220"
"1591","forall NODE1,NODE0. ep_epoch1(NODE0) | ep_epoch2(NODE0) | ep_epoch3(NODE0) | ep_epoch4(NODE0) | ep_epoch5(NODE0) | held(NODE1) | locked_epoch2(NODE1) | transfer_epoch2(NODE0) | transfer_epoch2(NODE1) | NODE0 = NODE1","12","-00000-------0-----0----------00------","10","248","14","0501010220"
"1592","forall NODE1,NODE0. ep_epoch1(NODE0) | ep_epoch2(NODE0) | ep_epoch3(NODE0) | ep_epoch4(NODE0) | held(NODE1) | locked_epoch2(NODE1) | locked_epoch5(NODE0) | transfer_epoch2(NODE0) | transfer_epoch2(NODE1) | NODE0 = NODE1","12","-0000--------0-----0----0-----00------","10","244","31","0401020220"
"1593","forall NODE1,NODE0. ep_epoch1(NODE0) | ep_epoch2(NODE0) | ep_epoch3(NODE0) | ep_epoch4(NODE1) | held(NODE1) | locked_epoch2(NODE1) | locked_epoch4(NODE0) | transfer_epoch2(NODE0) | transfer_epoch2(NODE1) | NODE0 = NODE1","12","-000------0--0-----0--0-------00------","10","244","31","0401020220"
"1594","forall NODE1,NODE0. ep_epoch1(NODE0) | ep_epoch2(NODE0) | ep_epoch3(NODE0) | ep_epoch5(NODE0) | held(NODE1) | locked_epoch2(NODE1) | locked_epoch4(NODE0) | transfer_epoch2(NODE0) | transfer_epoch2(NODE1) | NODE0 = NODE1","12","-000-0-------0-----0--0-------00------","10","244","31","0401020220"
"1595","forall NODE1,NODE0. ep_epoch1(NODE0) | ep_epoch2(NODE0) | ep_epoch3(NODE0) | held(NODE1) | locked_epoch2(NODE1) | locked_epoch4(NODE0) | locked_epoch4(NODE1) | transfer_epoch2(NODE0) | transfer_epoch2(NODE1) | NODE0 = NODE1","12","-000---------0-----0--00------00------","10","240","22","0301030220"
"1596","forall NODE1,NODE0. ep_epoch1(NODE0) | ep_epoch2(NODE0) | ep_epoch3(NODE0) | held(NODE1) | locked_epoch2(NODE1) | locked_epoch4(NODE0) | locked_epoch5(NODE0) | transfer_epoch2(NODE0) | transfer_epoch2(NODE1) | NODE0 = NODE1","12","-000---------0-----0--0-0-----00------","10","240","22","0301030220"
"1597","forall NODE1,NODE0. ep_epoch1(NODE0) | ep_epoch2(NODE0) | ep_epoch3(NODE1) | ep_epoch4(NODE1) | held(NODE1) | locked_epoch2(NODE1) | locked_epoch3(NODE0) | transfer_epoch2(NODE0) | transfer_epoch2(NODE1) | NODE0 = NODE1","12","-00------00--0-----00---------00------","10","244","31","0401020220"
"1598","forall NODE1,NODE2,NODE3,NODE0. ep_epoch1(NODE0) | ep_epoch2(NODE1) | ep_epoch3(NODE2) | ep_epoch5(NODE0) | held(NODE3) | locked_epoch2(NODE2) | locked_epoch3(NODE1) | transfer_epoch2(NODE1) | transfer_epoch2(NODE2) | ((NODE0 ~= NODE2 | NODE1 ~= NODE3 | NODE0 = NODE1) & (NODE0 ~= NODE1 | NODE2 ~= NODE3 | NODE0 = NODE2))","19","-00--0---0---0-----00---------00------","15","338","4","0401020240"
"1599","forall NODE1,NODE0. ep_epoch1(NODE0) | ep_epoch2(NODE0) | ep_epoch3(NODE1) | held(NODE1) | locked_epoch2(NODE1) | locked_epoch3(NODE0) | locked_epoch4(NODE1) | transfer_epoch2(NODE0) | transfer_epoch2(NODE1) | NODE0 = NODE1","12","-00------0---0-----00--0------00------","10","240","22","0301030220"
"1600","forall NODE1,NODE2,NODE3,NODE0. ep_epoch1(NODE0) | ep_epoch2(NODE1) | ep_epoch3(NODE2) | held(NODE3) | locked_epoch2(NODE2) | locked_epoch3(NODE1) | locked_epoch5(NODE0) | transfer_epoch2(NODE1) | transfer_epoch2(NODE2) | ((NODE0 ~= NODE2 | NODE1 ~= NODE3 | NODE0 = NODE1) & (NODE0 ~= NODE1 | NODE2 ~= NODE3 | NODE0 = NODE2))","19","-00------0---0-----00---0-----00------","15","337","3","0301030240"
"1601","forall NODE1,NODE0. ep_epoch1(NODE0) | ep_epoch2(NODE0) | ep_epoch4(NODE0) | ep_epoch5(NODE0) | held(NODE1) | locked_epoch2(NODE1) | locked_epoch3(NODE0) | transfer_epoch2(NODE0) | transfer_epoch2(NODE1) | NODE0 = NODE1","12","-00-00-------0-----00---------00------","10","244","31","0401020220"
"1602","forall NODE1,NODE0. ep_epoch1(NODE0) | ep_epoch2(NODE0) | ep_epoch4(NODE0) | held(NODE1) | locked_epoch2(NODE1) | locked_epoch3(NODE0) | locked_epoch5(NODE0) | transfer_epoch2(NODE0) | transfer_epoch2(NODE1) | NODE0 = NODE1","12","-00-0--------0-----00---0-----00------","10","240","22","0301030220"
"1603","forall NODE1,NODE0. ep_epoch1(NODE0) | ep_epoch2(NODE0) | ep_epoch4(NODE1) | held(NODE1) | locked_epoch2(NODE1) | locked_epoch3(NODE0) | locked_epoch4(NODE0) | transfer_epoch2(NODE0) | transfer_epoch2(NODE1) | NODE0 = NODE1","12","-00-------0--0-----00-0-------00------","10","240","22","0301030220"
"1604","forall NODE1,NODE0. ep_epoch1(NODE0) | ep_epoch2(NODE0) | ep_epoch5(NODE0) | held(NODE1) | locked_epoch2(NODE1) | locked_epoch3(NODE0) | locked_epoch4(NODE0) | transfer_epoch2(NODE0) | transfer_epoch2(NODE1) | NODE0 = NODE1","12","-00--0-------0-----00-0-------00------","10","240","22","0301030220"
"1605","forall NODE1,NODE0. ep_epoch1(NODE0) | ep_epoch2(NODE0) | held(NODE1) | locked_epoch2(NODE1) | locked_epoch3(NODE0) | locked_epoch4(NODE0) | locked_epoch4(NODE1) | transfer_epoch2(NODE0) | transfer_epoch2(NODE1) | NODE0 = NODE1","12","-00----------0-----00-00------00------","10","234","4","0201040220"
"1606","forall NODE1,NODE0. ep_epoch1(NODE0) | ep_epoch2(NODE0) | held(NODE1) | locked_epoch2(NODE1) | locked_epoch3(NODE0) | locked_epoch4(NODE0) | locked_epoch5(NODE0) | transfer_epoch2(NODE0) | transfer_epoch2(NODE1) | NODE0 = NODE1","12","-00----------0-----00-0-0-----00------","10","234","4","0201040220"
"1607","forall NODE1,NODE0. ep_epoch1(NODE0) | ep_epoch2(NODE0) | held(NODE1) | locked_epoch3(NODE0) | locked_epoch3(NODE1) | transfer_epoch2(NODE0) | transfer_epoch2(NODE1) | transfer_epoch3(NODE0) | transfer_epoch3(NODE1) | NODE0 = NODE1","12","-00----------0------00--------0000----","10","233","2","0201020420"
"1608","forall NODE1,NODE0. ep_epoch1(NODE0) | held(NODE1) | locked_epoch2(NODE0) | locked_epoch3(NODE0) | locked_epoch3(NODE1) | transfer_epoch2(NODE0) | transfer_epoch2(NODE1) | transfer_epoch3(NODE0) | transfer_epoch3(NODE1) | NODE0 = NODE1","12","-0-----------0----0-00--------0000----","10","227","2","0101030420"
"1609","forall NODE1,NODE0. ep_epoch2(NODE0) | ep_epoch2(NODE1) | ep_epoch3(NODE1) | ep_epoch4(NODE1) | held(NODE0) | held(NODE1) | locked_epoch3(NODE0) | transfer_epoch2(NODE0) | transfer_epoch2(NODE1) | NODE0 = NODE1","12","--000---0---00-------0--------00------","10","246","8","0402010220"
"1610","forall NODE1,NODE0. ep_epoch2(NODE0) | ep_epoch2(NODE1) | ep_epoch3(NODE1) | held(NODE0) | held(NODE1) | locked_epoch3(NODE0) | locked_epoch4(NODE1) | transfer_epoch2(NODE0) | transfer_epoch2(NODE1) | NODE0 = NODE1","12","--00----0---00-------00-------00------","10","242","7","0302020220"
"1611","forall NODE1,NODE0. ep_epoch2(NODE0) | ep_epoch3(NODE0) | held(NODE0) | held(NODE1) | locked_epoch2(NODE1) | transfer_epoch2(NODE0) | transfer_epoch2(NODE1) | transfer_epoch5(NODE0) | transfer_epoch5(NODE1) | NODE0 = NODE1","12","--00--------00-----0----------00----00","10","236","3","0202010420"
"1612","forall NODE1,NODE0. ep_epoch2(NODE0) | held(NODE0) | held(NODE1) | locked_epoch2(NODE1) | locked_epoch3(NODE0) | transfer_epoch2(NODE0) | transfer_epoch2(NODE1) | transfer_epoch5(NODE0) | transfer_epoch5(NODE1) | NODE0 = NODE1","12","--0---------00-----00---------00----00","10","229","2","0102020420"
"1613","forall NODE1,NODE0. ep_epoch3(NODE0) | ep_epoch4(NODE0) | held(NODE0) | held(NODE1) | locked_epoch3(NODE1) | transfer_epoch2(NODE0) | transfer_epoch2(NODE1) | transfer_epoch3(NODE0) | transfer_epoch3(NODE1) | NODE0 = NODE1","12","---00-------00-------0--------0000----","10","236","3","0202010420"
"1614","forall NODE1,NODE0. ep_epoch3(NODE0) | held(NODE0) | held(NODE1) | locked_epoch3(NODE1) | locked_epoch4(NODE0) | transfer_epoch2(NODE0) | transfer_epoch2(NODE1) | transfer_epoch3(NODE0) | transfer_epoch3(NODE1) | NODE0 = NODE1","12","---0--------00-------00-------0000----","10","229","2","0102020420"
"1615","forall NODE1,NODE0. ~ep_epoch0(NODE0) | held(NODE1) | transfer_epoch2(NODE0) | transfer_epoch2(NODE1) | transfer_epoch3(NODE0) | transfer_epoch3(NODE1) | transfer_epoch4(NODE0) | transfer_epoch4(NODE1) | transfer_epoch5(NODE0) | transfer_epoch5(NODE1) | NODE0 = NODE1","13","1------------0----------------00000000","11","0","157","1001000820"
"1616","forall NODE1,NODE0. ~ep_epoch1(NODE0) | ep_epoch2(NODE1) | held(NODE0) | held(NODE1) | transfer_epoch2(NODE0) | transfer_epoch2(NODE1) | transfer_epoch4(NODE0) | transfer_epoch4(NODE1) | transfer_epoch5(NODE0) | transfer_epoch5(NODE1) | NODE0 = NODE1","13","-1------0---00----------------00--0000","11","283","3","1102000620"
"1617","forall NODE1,NODE0. ~ep_epoch1(NODE0) | ep_epoch3(NODE1) | held(NODE0) | held(NODE1) | transfer_epoch2(NODE0) | transfer_epoch2(NODE1) | transfer_epoch3(NODE0) | transfer_epoch3(NODE1) | transfer_epoch5(NODE0) | transfer_epoch5(NODE1) | NODE0 = NODE1","13","-1-------0--00----------------0000--00","11","283","3","1102000620"
"1618","forall NODE1,NODE0. ~ep_epoch1(NODE0) | ep_epoch4(NODE1) | held(NODE0) | held(NODE1) | transfer_epoch2(NODE0) | transfer_epoch2(NODE1) | transfer_epoch3(NODE0) | transfer_epoch3(NODE1) | transfer_epoch4(NODE0) | transfer_epoch4(NODE1) | NODE0 = NODE1","13","-1--------0-00----------------000000--","11","283","3","1102000620"
"1619","forall NODE1,NODE0. ~ep_epoch1(NODE0) | held(NODE0) | held(NODE1) | locked_epoch4(NODE1) | transfer_epoch2(NODE0) | transfer_epoch2(NODE1) | transfer_epoch3(NODE0) | transfer_epoch3(NODE1) | transfer_epoch4(NODE0) | transfer_epoch4(NODE1) | NODE0 = NODE1","13","-1----------00---------0------000000--","11","0","157","1002010620"
"1620","forall NODE1,NODE0. ~locked_epoch2(NODE0) | ep_epoch0(NODE1) | ep_epoch1(NODE1) | ep_epoch4(NODE0) | ep_epoch5(NODE0) | held(NODE1) | transfer_epoch4(NODE0) | transfer_epoch4(NODE1) | transfer_epoch5(NODE0) | transfer_epoch5(NODE1) | NODE0 = NODE1","13","----0000-----0----1---------------0000","11","274","3","0401100420"
"1621","forall NODE1,NODE0. ~locked_epoch2(NODE0) | ep_epoch0(NODE1) | ep_epoch1(NODE1) | ep_epoch4(NODE0) | held(NODE1) | locked_epoch5(NODE0) | transfer_epoch4(NODE0) | transfer_epoch4(NODE1) | transfer_epoch5(NODE0) | transfer_epoch5(NODE1) | NODE0 = NODE1","13","----0-00-----0----1-----0---------0000","11","269","7","0301110420"
"1622","forall NODE1,NODE0. ~locked_epoch2(NODE0) | ep_epoch0(NODE1) | ep_epoch1(NODE1) | ep_epoch5(NODE0) | held(NODE1) | locked_epoch4(NODE0) | transfer_epoch4(NODE0) | transfer_epoch4(NODE1) | transfer_epoch5(NODE0) | transfer_epoch5(NODE1) | NODE0 = NODE1","13","-----000-----0----1---0-----------0000","11","269","7","0301110420"
"1623","forall NODE1,NODE0. ~locked_epoch2(NODE0) | ep_epoch0(NODE1) | ep_epoch1(NODE1) | held(NODE1) | locked_epoch4(NODE0) | locked_epoch5(NODE0) | transfer_epoch4(NODE0) | transfer_epoch4(NODE1) | transfer_epoch5(NODE0) | transfer_epoch5(NODE1) | NODE0 = NODE1","13","------00-----0----1---0-0---------0000","11","264","5","0201120420"
"1624","forall NODE1,NODE0. ~locked_epoch2(NODE0) | ep_epoch3(NODE0) | ep_epoch3(NODE1) | ep_epoch4(NODE1) | ep_epoch5(NODE1) | held(NODE0) | transfer_epoch3(NODE0) | transfer_epoch3(NODE1) | transfer_epoch5(NODE0) | transfer_epoch5(NODE1) | NODE0 = NODE1","13","---0-----0000-----1-------------00--00","11","274","3","0401100420"
"1625","forall NODE1,NODE0. ~locked_epoch2(NODE0) | ep_epoch3(NODE0) | ep_epoch3(NODE1) | ep_epoch4(NODE1) | held(NODE0) | locked_epoch5(NODE1) | transfer_epoch3(NODE0) | transfer_epoch3(NODE1) | transfer_epoch5(NODE0) | transfer_epoch5(NODE1) | NODE0 = NODE1","13","---0-----00-0-----1------0------00--00","11","269","7","0301110420"
"1626","forall NODE1,NODE0. ~locked_epoch2(NODE0) | ep_epoch3(NODE0) | ep_epoch3(NODE1) | ep_epoch5(NODE1) | held(NODE0) | locked_epoch4(NODE1) | transfer_epoch3(NODE0) | transfer_epoch3(NODE1) | transfer_epoch5(NODE0) | transfer_epoch5(NODE1) | NODE0 = NODE1","13","---0-----0-00-----1----0--------00--00","11","269","7","0301110420"
"1627","forall NODE1,NODE0. ~locked_epoch2(NODE0) | ep_epoch3(NODE0) | ep_epoch3(NODE1) | held(NODE0) | locked_epoch4(NODE1) | locked_epoch5(NODE1) | transfer_epoch3(NODE0) | transfer_epoch3(NODE1) | transfer_epoch5(NODE0) | transfer_epoch5(NODE1) | NODE0 = NODE1","13","---0-----0--0-----1----0-0------00--00","11","264","5","0201120420"
"1628","forall NODE1,NODE0. ~locked_epoch2(NODE0) | ep_epoch3(NODE1) | ep_epoch4(NODE0) | ep_epoch4(NODE1) | ep_epoch5(NODE1) | held(NODE0) | transfer_epoch3(NODE0) | transfer_epoch3(NODE1) | transfer_epoch4(NODE0) | transfer_epoch4(NODE1) | NODE0 = NODE1","13","----0----0000-----1-------------0000--","11","274","3","0401100420"
"1629","forall NODE1,NODE0. ~locked_epoch2(NODE0) | ep_epoch3(NODE1) | ep_epoch4(NODE0) | ep_epoch4(NODE1) | held(NODE0) | locked_epoch5(NODE1) | transfer_epoch3(NODE0) | transfer_epoch3(NODE1) | transfer_epoch4(NODE0) | transfer_epoch4(NODE1) | NODE0 = NODE1","13","----0----00-0-----1------0------0000--","11","269","7","0301110420"
"1630","forall NODE1,NODE0. ~locked_epoch2(NODE0) | ep_epoch3(NODE1) | ep_epoch4(NODE1) | ep_epoch5(NODE1) | held(NODE0) | locked_epoch4(NODE0) | transfer_epoch3(NODE0) | transfer_epoch3(NODE1) | transfer_epoch4(NODE0) | transfer_epoch4(NODE1) | NODE0 = NODE1","13","---------0000-----1---0---------0000--","11","269","7","0301110420"
"1631","forall NODE1,NODE0. ~locked_epoch2(NODE0) | ep_epoch3(NODE1) | ep_epoch4(NODE1) | held(NODE0) | locked_epoch4(NODE0) | locked_epoch5(NODE1) | transfer_epoch3(NODE0) | transfer_epoch3(NODE1) | transfer_epoch4(NODE0) | transfer_epoch4(NODE1) | NODE0 = NODE1","13","---------00-0-----1---0--0------0000--","11","264","5","0201120420"
"1632","forall NODE1,NODE0. ~locked_epoch2(NODE0) | ep_epoch4(NODE0) | ep_epoch4(NODE1) | ep_epoch5(NODE1) | held(NODE0) | locked_epoch3(NODE1) | transfer_epoch3(NODE0) | transfer_epoch3(NODE1) | transfer_epoch4(NODE0) | transfer_epoch4(NODE1) | NODE0 = NODE1","13","----0-----000-----1--0----------0000--","11","269","7","0301110420"
"1633","forall NODE1,NODE0. ~locked_epoch2(NODE0) | ep_epoch4(NODE0) | ep_epoch4(NODE1) | held(NODE0) | locked_epoch3(NODE1) | locked_epoch5(NODE1) | transfer_epoch3(NODE0) | transfer_epoch3(NODE1) | transfer_epoch4(NODE0) | transfer_epoch4(NODE1) | NODE0 = NODE1","13","----0-----0-0-----1--0---0------0000--","11","264","5","0201120420"
"1634","forall NODE1,NODE0. ~locked_epoch2(NODE0) | ep_epoch4(NODE1) | ep_epoch5(NODE1) | held(NODE0) | locked_epoch3(NODE1) | locked_epoch4(NODE0) | transfer_epoch3(NODE0) | transfer_epoch3(NODE1) | transfer_epoch4(NODE0) | transfer_epoch4(NODE1) | NODE0 = NODE1","13","----------000-----1--00---------0000--","11","264","5","0201120420"
"1635","forall NODE1,NODE0. ~locked_epoch2(NODE0) | ep_epoch4(NODE1) | held(NODE0) | locked_epoch3(NODE1) | locked_epoch4(NODE0) | locked_epoch5(NODE1) | transfer_epoch3(NODE0) | transfer_epoch3(NODE1) | transfer_epoch4(NODE0) | transfer_epoch4(NODE1) | NODE0 = NODE1","13","----------0-0-----1--00--0------0000--","11","0","157","0101130420"
"1636","exists NODE0. ep_epoch0(NODE0) | ep_epoch1(NODE0) | ep_epoch2(NODE0) | ep_epoch3(NODE0) | ep_epoch4(NODE0)","6","00000-00000---------------------------","5","36","6","01000000001"
"1637","exists NODE0. ep_epoch0(NODE0) | ep_epoch1(NODE0) | ep_epoch2(NODE0) | ep_epoch3(NODE0) | ep_epoch5(NODE0)","6","0000-00000-0--------------------------","5","36","6","01000000001"
"1638","forall NODE1,NODE0. ep_epoch0(NODE0) | ep_epoch0(NODE1) | ep_epoch1(NODE0) | ep_epoch1(NODE1) | ep_epoch2(NODE0) | ep_epoch2(NODE1) | ep_epoch3(NODE0) | ep_epoch3(NODE1) | ep_epoch5(NODE0) | held(NODE1) | NODE0 = NODE1","13","0000-00000---0------------------------","11","282","5","0901000020"
"1639","forall NODE1,NODE0. ep_epoch0(NODE0) | ep_epoch0(NODE1) | ep_epoch1(NODE0) | ep_epoch1(NODE1) | ep_epoch2(NODE0) | ep_epoch2(NODE1) | ep_epoch3(NODE0) | ep_epoch3(NODE1) | ep_epoch5(NODE0) | locked_epoch5(NODE1) | NODE0 = NODE1","13","0000-00000---------------0------------","11","281","5","0900010020"
"1640","exists NODE0. ep_epoch0(NODE0) | ep_epoch1(NODE0) | ep_epoch2(NODE0) | ep_epoch3(NODE0) | held(NODE0)","6","0000--0000--00------------------------","5","35","5","0802000001"
"1641","forall NODE1,NODE0. ep_epoch0(NODE0) | ep_epoch0(NODE1) | ep_epoch1(NODE0) | ep_epoch1(NODE1) | ep_epoch2(NODE0) | ep_epoch2(NODE1) | ep_epoch3(NODE0) | ep_epoch3(NODE1) | held(NODE1) | locked_epoch5(NODE0) | NODE0 = NODE1","13","0000--0000--0------------0------------","11","280","5","0801010020"
"1642","exists NODE0. ep_epoch0(NODE0) | ep_epoch1(NODE0) | ep_epoch2(NODE0) | ep_epoch3(NODE0) | locked_epoch5(NODE0)","6","0000--0000--------------00------------","5","34","5","0800020001"
"1643","exists NODE0. ep_epoch0(NODE0) | ep_epoch1(NODE0) | ep_epoch2(NODE0) | ep_epoch4(NODE0) | ep_epoch5(NODE0)","6","000-00000-00--------------------------","5","36","6","01000000001"
"1644","forall NODE1,NODE0. ep_epoch0(NODE0) | ep_epoch0(NODE1) | ep_epoch1(NODE0) | ep_epoch1(NODE1) | ep_epoch2(NODE0) | ep_epoch2(NODE1) | ep_epoch4(NODE0) | ep_epoch4(NODE1) | ep_epoch5(NODE0) | held(NODE1) | NODE0 = NODE1","13","000-00000-0--0------------------------","11","282","5","0901000020"
"1645","forall NODE1,NODE0. ep_epoch0(NODE0) | ep_epoch0(NODE1) | ep_epoch1(NODE0) | ep_epoch1(NODE1) | ep_epoch2(NODE0) | ep_epoch2(NODE1) | ep_epoch4(NODE0) | ep_epoch4(NODE1) | ep_epoch5(NODE1) | locked_epoch5(NODE0) | NODE0 = NODE1","13","000-00000-0--------------0------------","11","281","5","0900010020"
"1646","exists NODE0. ep_epoch0(NODE0) | ep_epoch1(NODE0) | ep_epoch2(NODE0) | ep_epoch4(NODE0) | held(NODE0)","6","000-0-000-0-00------------------------","5","35","5","0802000001"
"1647","forall NODE1,NODE0. ep_epoch0(NODE0) | ep_epoch0(NODE1) | ep_epoch1(NODE0) | ep_epoch1(NODE1) | ep_epoch2(NODE0) | ep_epoch2(NODE1) | ep_epoch4(NODE0) | ep_epoch4(NODE1) | held(NODE1) | locked_epoch5(NODE0) | NODE0 = NODE1","13","000-0-000-0-0------------0------------","11","280","5","0801010020"
"1648","exists NODE0. ep_epoch0(NODE0) | ep_epoch1(NODE0) | ep_epoch2(NODE0) | ep_epoch4(NODE0) | locked_epoch5(NODE0)","6","000-0-000-0-------------00------------","5","34","5","0800020001"
"1649","exists NODE0. ep_epoch0(NODE0) | ep_epoch1(NODE0) | ep_epoch2(NODE0) | held(NODE0) | transfer_epoch5(NODE0)","6","000---000---00----------------------00","5","33","10","0602000201"
"1650","exists NODE0. ep_epoch0(NODE0) | ep_epoch1(NODE0) | ep_epoch3(NODE0) | ep_epoch4(NODE0) | ep_epoch5(NODE0)","6","00-00000-000--------------------------","5","36","6","01000000001"
"1651","forall NODE1,NODE0. ep_epoch0(NODE0) | ep_epoch0(NODE1) | ep_epoch1(NODE0) | ep_epoch1(NODE1) | ep_epoch3(NODE0) | ep_epoch3(NODE1) | ep_epoch4(NODE0) | ep_epoch4(NODE1) | ep_epoch5(NODE0) | held(NODE1) | NODE0 = NODE1","13","00-00000-00--0------------------------","11","282","5","0901000020"
"1652","forall NODE1,NODE0. ep_epoch0(NODE0) | ep_epoch0(NODE1) | ep_epoch1(NODE0) | ep_epoch1(NODE1) | ep_epoch3(NODE0) | ep_epoch3(NODE1) | ep_epoch4(NODE0) | ep_epoch4(NODE1) | ep_epoch5(NODE1) | locked_epoch5(NODE0) | NODE0 = NODE1","13","00-00000-00--------------0------------","11","281","5","0900010020"
"1653","exists NODE0. ep_epoch0(NODE0) | ep_epoch1(NODE0) | ep_epoch3(NODE0) | ep_epoch4(NODE0) | held(NODE0)","6","00-00-00-00-00------------------------","5","35","5","0802000001"
"1654","forall NODE1,NODE0. ep_epoch0(NODE0) | ep_epoch0(NODE1) | ep_epoch1(NODE0) | ep_epoch1(NODE1) | ep_epoch3(NODE0) | ep_epoch3(NODE1) | ep_epoch4(NODE0) | ep_epoch4(NODE1) | held(NODE1) | locked_epoch5(NODE0) | NODE0 = NODE1","13","00-00-00-00-0------------0------------","11","280","5","0801010020"
"1655","exists NODE0. ep_epoch0(NODE0) | ep_epoch1(NODE0) | ep_epoch3(NODE0) | ep_epoch4(NODE0) | locked_epoch5(NODE0)","6","00-00-00-00-------------00------------","5","34","5","0800020001"
"1656","exists NODE0. ep_epoch0(NODE0) | ep_epoch1(NODE0) | ep_epoch3(NODE0) | held(NODE0) | transfer_epoch5(NODE0)","6","00-0--00-0--00----------------------00","5","33","10","0602000201"
"1657","forall NODE1,NODE0. ep_epoch0(NODE0) | ep_epoch0(NODE1) | ep_epoch1(NODE0) | ep_epoch1(NODE1) | ep_epoch3(NODE0) | ep_epoch4(NODE1) | held(NODE1) | locked_epoch4(NODE0) | transfer_epoch4(NODE0) | transfer_epoch4(NODE1) | NODE0 = NODE1","13","00-0--00--0--0--------0-----------00--","11","279","18","0601010220"
"1658","forall NODE1,NODE0. ep_epoch0(NODE0) | ep_epoch0(NODE1) | ep_epoch1(NODE0) | ep_epoch1(NODE1) | ep_epoch3(NODE0) | ep_epoch5(NODE1) | held(NODE0) | locked_epoch3(NODE1) | transfer_epoch5(NODE0) | transfer_epoch5(NODE1) | NODE0 = NODE1","13","00-0--00---00--------0--------------00","11","279","18","0601010220"
"1659","forall NODE1,NODE0. ep_epoch0(NODE0) | ep_epoch0(NODE1) | ep_epoch1(NODE0) | ep_epoch1(NODE1) | ep_epoch3(NODE0) | held(NODE0) | held(NODE1) | locked_epoch3(NODE1) | transfer_epoch5(NODE0) | transfer_epoch5(NODE1) | NODE0 = NODE1","13","00-0--00----00-------0--------------00","11","278","12","0502010220"
"1660","forall NODE1,NODE0. ep_epoch0(NODE0) | ep_epoch0(NODE1) | ep_epoch1(NODE0) | ep_epoch1(NODE1) | ep_epoch3(NODE0) | held(NODE0) | locked_epoch3(NODE1) | locked_epoch5(NODE1) | transfer_epoch5(NODE0) | transfer_epoch5(NODE1) | NODE0 = NODE1","13","00-0--00----0--------0---0----------00","11","277","34","0501020220"
"1661","forall NODE1,NODE0. ep_epoch0(NODE0) | ep_epoch0(NODE1) | ep_epoch1(NODE0) | ep_epoch1(NODE1) | ep_epoch3(NODE0) | held(NODE1) | locked_epoch4(NODE0) | locked_epoch4(NODE1) | transfer_epoch4(NODE0) | transfer_epoch4(NODE1) | NODE0 = NODE1","13","00-0--00-----0--------00----------00--","11","277","34","0501020220"
"1662","exists NODE0. ep_epoch0(NODE0) | ep_epoch1(NODE0) | ep_epoch4(NODE0) | held(NODE0) | transfer_epoch4(NODE0)","6","00--0-00--0-00--------------------00--","5","33","10","0602000201"
"1663","forall NODE1,NODE0. ep_epoch0(NODE0) | ep_epoch0(NODE1) | ep_epoch1(NODE0) | ep_epoch1(NODE1) | ep_epoch4(NODE1) | held(NODE0) | held(NODE1) | locked_epoch4(NODE0) | transfer_epoch4(NODE0) | transfer_epoch4(NODE1) | NODE0 = NODE1","13","00--0-00----00---------0----------00--","11","278","12","0502010220"
"1664","forall NODE1,NODE0. ep_epoch0(NODE0) | ep_epoch0(NODE1) | ep_epoch1(NODE0) | ep_epoch1(NODE1) | ep_epoch4(NODE0) | held(NODE0) | locked_epoch3(NODE1) | locked_epoch4(NODE1) | transfer_epoch4(NODE0) | transfer_epoch4(NODE1) | NODE0 = NODE1","13","00--0-00----0--------0-0----------00--","11","277","34","0501020220"
"1665","exists NODE0. ep_epoch0(NODE0) | ep_epoch1(NODE0) | held(NODE0) | locked_epoch4(NODE0) | transfer_epoch4(NODE0)","6","00----00----00--------00----------00--","5","32","6","0402020201"
"1666","exists NODE0. ep_epoch0(NODE0) | ep_epoch1(NODE0) | held(NODE0) | transfer_epoch4(NODE0) | transfer_epoch5(NODE0)","6","00----00----00--------------------0000","5","31","10","0402000401"
"1667","forall NODE1,NODE0. ep_epoch0(NODE0) | ep_epoch0(NODE1) | ep_epoch1(NODE0) | ep_epoch1(NODE1) | held(NODE0) | locked_epoch3(NODE1) | locked_epoch4(NODE0) | locked_epoch4(NODE1) | transfer_epoch4(NODE0) | transfer_epoch4(NODE1) | NODE0 = NODE1","13","00----00----0--------000----------00--","11","273","21","0401030220"
"1668","exists NODE0. ep_epoch0(NODE0) | ep_epoch2(NODE0) | ep_epoch3(NODE0) | ep_epoch4(NODE0) | ep_epoch5(NODE0)","6","0-00000-0000--------------------------","5","36","6","01000000001"
"1669","forall NODE1,NODE0. ep_epoch0(NODE0) | ep_epoch0(NODE1) | ep_epoch2(NODE0) | ep_epoch2(NODE1) | ep_epoch3(NODE0) | ep_epoch3(NODE1) | ep_epoch4(NODE0) | ep_epoch4(NODE1) | ep_epoch5(NODE0) | held(NODE1) | NODE0 = NODE1","13","0-00000-000--0------------------------","11","282","5","0901000020"
"1670","forall NODE1,NODE0. ep_epoch0(NODE0) | ep_epoch0(NODE1) | ep_epoch2(NODE0) | ep_epoch2(NODE1) | ep_epoch3(NODE0) | ep_epoch3(NODE1) | ep_epoch4(NODE0) | ep_epoch4(NODE1) | ep_epoch5(NODE1) | locked_epoch5(NODE0) | NODE0 = NODE1","13","0-00000-000--------------0------------","11","281","5","0900010020"
"1671","exists NODE0. ep_epoch0(NODE0) | ep_epoch2(NODE0) | ep_epoch3(NODE0) | ep_epoch4(NODE0) | held(NODE0)","6","0-000-0-000-00------------------------","5","35","5","0802000001"
"1672","forall NODE1,NODE0. ep_epoch0(NODE0) | ep_epoch0(NODE1) | ep_epoch2(NODE0) | ep_epoch2(NODE1) | ep_epoch3(NODE0) | ep_epoch3(NODE1) | ep_epoch4(NODE0) | ep_epoch4(NODE1) | held(NODE1) | locked_epoch5(NODE0) | NODE0 = NODE1","13","0-000-0-000-0------------0------------","11","280","5","0801010020"
"1673","exists NODE0. ep_epoch0(NODE0) | ep_epoch2(NODE0) | ep_epoch3(NODE0) | ep_epoch4(NODE0) | locked_epoch5(NODE0)","6","0-000-0-000-------------00------------","5","34","5","0800020001"
"1674","exists NODE0. ep_epoch0(NODE0) | ep_epoch2(NODE0) | ep_epoch3(NODE0) | held(NODE0) | transfer_epoch5(NODE0)","6","0-00--0-00--00----------------------00","5","33","10","0602000201"
"1675","forall NODE1,NODE0. ep_epoch0(NODE0) | ep_epoch0(NODE1) | ep_epoch2(NODE0) | ep_epoch2(NODE1) | ep_epoch3(NODE0) | ep_epoch4(NODE1) | held(NODE1) | locked_epoch4(NODE0) | transfer_epoch4(NODE0) | transfer_epoch4(NODE1) | NODE0 = NODE1","13","0-00--0-0-0--0--------0-----------00--","11","279","18","0601010220"
"1676","forall NODE1,NODE0. ep_epoch0(NODE0) | ep_epoch0(NODE1) | ep_epoch2(NODE0) | ep_epoch2(NODE1) | ep_epoch3(NODE0) | ep_epoch5(NODE1) | held(NODE0) | locked_epoch3(NODE1) | transfer_epoch5(NODE0) | transfer_epoch5(NODE1) | NODE0 = NODE1","13","0-00--0-0--00--------0--------------00","11","279","18","0601010220"
"1677","forall NODE1,NODE0. ep_epoch0(NODE0) | ep_epoch0(NODE1) | ep_epoch2(NODE0) | ep_epoch2(NODE1) | ep_epoch3(NODE0) | held(NODE0) | held(NODE1) | locked_epoch3(NODE1) | transfer_epoch5(NODE0) | transfer_epoch5(NODE1) | NODE0 = NODE1","13","0-00--0-0---00-------0--------------00","11","278","12","0502010220"
"1678","forall NODE1,NODE0. ep_epoch0(NODE0) | ep_epoch0(NODE1) | ep_epoch2(NODE0) | ep_epoch2(NODE1) | ep_epoch3(NODE0) | held(NODE0) | locked_epoch3(NODE1) | locked_epoch5(NODE1) | transfer_epoch5(NODE0) | transfer_epoch5(NODE1) | NODE0 = NODE1","13","0-00--0-0---0--------0---0----------00","11","277","34","0501020220"
"1679","forall NODE1,NODE0. ep_epoch0(NODE0) | ep_epoch0(NODE1) | ep_epoch2(NODE0) | ep_epoch2(NODE1) | ep_epoch3(NODE0) | held(NODE1) | locked_epoch4(NODE0) | locked_epoch4(NODE1) | transfer_epoch4(NODE0) | transfer_epoch4(NODE1) | NODE0 = NODE1","13","0-00--0-0----0--------00----------00--","11","277","34","0501020220"
"1680","exists NODE0. ep_epoch0(NODE0) | ep_epoch2(NODE0) | ep_epoch4(NODE0) | held(NODE0) | transfer_epoch4(NODE0)","6","0-0-0-0-0-0-00--------------------00--","5","33","10","0602000201"
"1681","forall NODE1,NODE0. ep_epoch0(NODE0) | ep_epoch0(NODE1) | ep_epoch2(NODE0) | ep_epoch2(NODE1) | ep_epoch4(NODE1) | held(NODE0) | held(NODE1) | locked_epoch4(NODE0) | transfer_epoch4(NODE0) | transfer_epoch4(NODE1) | NODE0 = NODE1","13","0-0-0-0-0---00---------0----------00--","11","278","12","0502010220"
"1682","forall NODE1,NODE0. ep_epoch0(NODE0) | ep_epoch0(NODE1) | ep_epoch2(NODE0) | ep_epoch2(NODE1) | ep_epoch4(NODE0) | held(NODE0) | locked_epoch3(NODE1) | locked_epoch4(NODE1) | transfer_epoch4(NODE0) | transfer_epoch4(NODE1) | NODE0 = NODE1","13","0-0-0-0-0---0--------0-0----------00--","11","277","34","0501020220"
"1683","exists NODE0. ep_epoch0(NODE0) | ep_epoch2(NODE0) | held(NODE0) | locked_epoch4(NODE0) | transfer_epoch4(NODE0)","6","0-0---0-0---00--------00----------00--","5","32","6","0402020201"
"1684","exists NODE0. ep_epoch0(NODE0) | ep_epoch2(NODE0) | held(NODE0) | transfer_epoch4(NODE0) | transfer_epoch5(NODE0)","6","0-0---0-0---00--------------------0000","5","31","10","0402000401"
"1685","forall NODE1,NODE0. ep_epoch0(NODE0) | ep_epoch0(NODE1) | ep_epoch2(NODE0) | ep_epoch2(NODE1) | held(NODE0) | locked_epoch3(NODE1) | locked_epoch4(NODE0) | locked_epoch4(NODE1) | transfer_epoch4(NODE0) | transfer_epoch4(NODE1) | NODE0 = NODE1","13","0-0---0-0---0--------000----------00--","11","273","21","0401030220"
"1686","forall NODE1,NODE0. ep_epoch0(NODE0) | ep_epoch0(NODE1) | ep_epoch2(NODE0) | ep_epoch3(NODE0) | ep_epoch3(NODE1) | ep_epoch4(NODE1) | held(NODE1) | locked_epoch4(NODE0) | transfer_epoch3(NODE0) | transfer_epoch3(NODE1) | NODE0 = NODE1","13","0-00--0--00--0--------0---------00----","11","279","18","0601010220"
"1687","forall NODE1,NODE0. ep_epoch0(NODE0) | ep_epoch0(NODE1) | ep_epoch2(NODE0) | ep_epoch3(NODE0) | ep_epoch3(NODE1) | held(NODE1) | locked_epoch4(NODE0) | locked_epoch4(NODE1) | transfer_epoch3(NODE0) | transfer_epoch3(NODE1) | NODE0 = NODE1","13","0-00--0--0---0--------00--------00----","11","277","34","0501020220"
"1688","forall NODE1,NODE0. ep_epoch0(NODE0) | ep_epoch0(NODE1) | ep_epoch2(NODE0) | ep_epoch3(NODE0) | ep_epoch4(NODE0) | ep_epoch5(NODE0) | held(NODE1) | locked_epoch3(NODE1) | transfer_epoch3(NODE0) | transfer_epoch3(NODE1) | NODE0 = NODE1","13","0-00000------0-------0----------00----","11","279","18","0601010220"
"1689","forall NODE1,NODE0. ep_epoch0(NODE0) | ep_epoch0(NODE1) | ep_epoch2(NODE0) | ep_epoch3(NODE0) | ep_epoch4(NODE0) | held(NODE1) | locked_epoch3(NODE1) | locked_epoch5(NODE0) | transfer_epoch3(NODE0) | transfer_epoch3(NODE1) | NODE0 = NODE1","13","0-000-0------0-------0--0-------00----","11","277","34","0501020220"
"1690","forall NODE1,NODE0. ep_epoch0(NODE0) | ep_epoch0(NODE1) | ep_epoch2(NODE0) | ep_epoch3(NODE0) | ep_epoch4(NODE1) | held(NODE1) | locked_epoch3(NODE1) | locked_epoch4(NODE0) | transfer_epoch3(NODE0) | transfer_epoch3(NODE1) | NODE0 = NODE1","13","0-00--0---0--0-------00---------00----","11","277","34","0501020220"
"1691","forall NODE1,NODE0. ep_epoch0(NODE0) | ep_epoch0(NODE1) | ep_epoch2(NODE0) | ep_epoch3(NODE0) | ep_epoch5(NODE0) | held(NODE1) | locked_epoch3(NODE1) | locked_epoch4(NODE0) | transfer_epoch3(NODE0) | transfer_epoch3(NODE1) | NODE0 = NODE1","13","0-00-00------0-------00---------00----","11","277","34","0501020220"
"1692","forall NODE1,NODE0. ep_epoch0(NODE0) | ep_epoch0(NODE1) | ep_epoch2(NODE0) | ep_epoch3(NODE0) | held(NODE1) | locked_epoch3(NODE1) | locked_epoch4(NODE0) | locked_epoch4(NODE1) | transfer_epoch3(NODE0) | transfer_epoch3(NODE1) | NODE0 = NODE1","13","0-00--0------0-------000--------00----","11","273","21","0401030220"
"1693","forall NODE1,NODE0. ep_epoch0(NODE0) | ep_epoch0(NODE1) | ep_epoch2(NODE0) | ep_epoch3(NODE0) | held(NODE1) | locked_epoch3(NODE1) | locked_epoch4(NODE0) | locked_epoch5(NODE0) | transfer_epoch3(NODE0) | transfer_epoch3(NODE1) | NODE0 = NODE1","13","0-00--0------0-------00-0-------00----","11","273","21","0401030220"
"1694","forall NODE1,NODE0. ep_epoch0(NODE0) | ep_epoch0(NODE1) | ep_epoch2(NODE1) | ep_epoch4(NODE0) | ep_epoch4(NODE1) | ep_epoch5(NODE0) | held(NODE1) | locked_epoch2(NODE0) | transfer_epoch4(NODE0) | transfer_epoch4(NODE1) | NODE0 = NODE1","13","0-0-0-0---000------0--------------00--","11","279","18","0601010220"
"1695","forall NODE1,NODE0. ep_epoch0(NODE0) | ep_epoch0(NODE1) | ep_epoch2(NODE1) | ep_epoch4(NODE0) | ep_epoch4(NODE1) | held(NODE0) | held(NODE1) | locked_epoch2(NODE0) | transfer_epoch4(NODE0) | transfer_epoch4(NODE1) | NODE0 = NODE1","13","0-0-0-0---0-00-----0--------------00--","11","278","12","0502010220"
"1696","forall NODE1,NODE0. ep_epoch0(NODE0) | ep_epoch0(NODE1) | ep_epoch2(NODE1) | ep_epoch4(NODE0) | ep_epoch4(NODE1) | held(NODE1) | locked_epoch2(NODE0) | locked_epoch5(NODE0) | transfer_epoch4(NODE0) | transfer_epoch4(NODE1) | NODE0 = NODE1","13","0-0-0-0---0-0------0-----0--------00--","11","277","34","0501020220"
"1697","forall NODE1,NODE0. ep_epoch0(NODE0) | ep_epoch0(NODE1) | ep_epoch2(NODE1) | ep_epoch4(NODE0) | ep_epoch5(NODE0) | held(NODE1) | locked_epoch2(NODE0) | locked_epoch4(NODE1) | transfer_epoch4(NODE0) | transfer_epoch4(NODE1) | NODE0 = NODE1","13","0-0---0---000------0--0-----------00--","11","277","34","0501020220"
"1698","forall NODE1,NODE0. ep_epoch0(NODE0) | ep_epoch0(NODE1) | ep_epoch2(NODE1) | ep_epoch4(NODE0) | held(NODE0) | held(NODE1) | locked_epoch2(NODE0) | locked_epoch4(NODE1) | transfer_epoch4(NODE0) | transfer_epoch4(NODE1) | NODE0 = NODE1","13","0-0---0---0-00-----0--0-----------00--","11","276","2","0402020220"
"1699","forall NODE1,NODE0. ep_epoch0(NODE0) | ep_epoch0(NODE1) | ep_epoch2(NODE1) | ep_epoch4(NODE0) | held(NODE1) | locked_epoch2(NODE0) | locked_epoch4(NODE1) | locked_epoch5(NODE0) | transfer_epoch4(NODE0) | transfer_epoch4(NODE1) | NODE0 = NODE1","13","0-0---0---0-0------0--0--0--------00--","11","273","21","0401030220"
"1700","forall NODE1,NODE0. ep_epoch0(NODE0) | ep_epoch0(NODE1) | ep_epoch2(NODE1) | held(NODE0) | held(NODE1) | locked_epoch2(NODE0) | transfer_epoch4(NODE0) | transfer_epoch4(NODE1) | transfer_epoch5(NODE0) | transfer_epoch5(NODE1) | NODE0 = NODE1","13","0-0---0-----00-----0--------------0000","11","270","10","0302010420"
"1701","exists NODE0. ep_epoch0(NODE0) | ep_epoch3(NODE0) | ep_epoch4(NODE0) | held(NODE0) | transfer_epoch3(NODE0)","6","0--00-0--00-00------------------00----","5","33","10","0602000201"
"1702","forall NODE1,NODE0. ep_epoch0(NODE0) | ep_epoch0(NODE1) | ep_epoch3(NODE0) | ep_epoch3(NODE1) | ep_epoch4(NODE1) | held(NODE0) | held(NODE1) | locked_epoch4(NODE0) | transfer_epoch3(NODE0) | transfer_epoch3(NODE1) | NODE0 = NODE1","13","0--00-0--0--00---------0--------00----","11","278","12","0502010220"
"1703","forall NODE1,NODE0. ep_epoch0(NODE0) | ep_epoch0(NODE1) | ep_epoch3(NODE0) | ep_epoch3(NODE1) | ep_epoch4(NODE1) | held(NODE1) | locked_epoch2(NODE0) | locked_epoch4(NODE0) | transfer_epoch3(NODE0) | transfer_epoch3(NODE1) | NODE0 = NODE1","13","0--00-0--0--0------0---0--------00----","11","277","34","0501020220"
"1704","exists NODE0. ep_epoch0(NODE0) | ep_epoch3(NODE0) | held(NODE0) | locked_epoch4(NODE0) | transfer_epoch3(NODE0)","6","0--0--0--0--00--------00--------00----","5","32","6","0402020201"
"1705","exists NODE0. ep_epoch0(NODE0) | ep_epoch3(NODE0) | held(NODE0) | transfer_epoch3(NODE0) | transfer_epoch5(NODE0)","6","0--0--0--0--00------------------00--00","5","31","10","0402000401"
"1706","forall NODE1,NODE0. ep_epoch0(NODE0) | ep_epoch0(NODE1) | ep_epoch3(NODE0) | ep_epoch3(NODE1) | held(NODE1) | locked_epoch2(NODE0) | locked_epoch4(NODE0) | locked_epoch4(NODE1) | transfer_epoch3(NODE0) | transfer_epoch3(NODE1) | NODE0 = NODE1","13","0--0--0--0--0------0--00--------00----","11","273","21","0401030220"
"1707","forall NODE1,NODE0. ep_epoch0(NODE0) | ep_epoch0(NODE1) | ep_epoch3(NODE0) | ep_epoch4(NODE0) | ep_epoch5(NODE0) | held(NODE1) | locked_epoch2(NODE0) | locked_epoch3(NODE1) | transfer_epoch3(NODE0) | transfer_epoch3(NODE1) | NODE0 = NODE1","13","0--0000------0----0--0----------00----","11","277","34","0501020220"
"1708","forall NODE1,NODE0. ep_epoch0(NODE0) | ep_epoch0(NODE1) | ep_epoch3(NODE0) | ep_epoch4(NODE0) | held(NODE1) | locked_epoch2(NODE0) | locked_epoch3(NODE1) | locked_epoch5(NODE0) | transfer_epoch3(NODE0) | transfer_epoch3(NODE1) | NODE0 = NODE1","13","0--00-0------0----0--0--0-------00----","11","273","21","0401030220"
"1709","forall NODE1,NODE0. ep_epoch0(NODE0) | ep_epoch0(NODE1) | ep_epoch3(NODE0) | ep_epoch4(NODE1) | held(NODE1) | locked_epoch2(NODE0) | locked_epoch3(NODE1) | locked_epoch4(NODE0) | transfer_epoch3(NODE0) | transfer_epoch3(NODE1) | NODE0 = NODE1","13","0--0--0---0--0----0--00---------00----","11","273","21","0401030220"
"1710","forall NODE1,NODE0. ep_epoch0(NODE0) | ep_epoch0(NODE1) | ep_epoch3(NODE0) | ep_epoch5(NODE0) | held(NODE1) | locked_epoch2(NODE0) | locked_epoch3(NODE1) | locked_epoch4(NODE0) | transfer_epoch3(NODE0) | transfer_epoch3(NODE1) | NODE0 = NODE1","13","0--0-00------0----0--00---------00----","11","273","21","0401030220"
"1711","forall NODE1,NODE0. ep_epoch0(NODE0) | ep_epoch0(NODE1) | ep_epoch3(NODE0) | held(NODE0) | held(NODE1) | locked_epoch3(NODE1) | transfer_epoch3(NODE0) | transfer_epoch3(NODE1) | transfer_epoch5(NODE0) | transfer_epoch5(NODE1) | NODE0 = NODE1","13","0--0--0-----00-------0----------00--00","11","270","10","0302010420"
"1712","forall NODE1,NODE0. ep_epoch0(NODE0) | ep_epoch0(NODE1) | ep_epoch3(NODE0) | held(NODE1) | locked_epoch2(NODE0) | locked_epoch3(NODE1) | locked_epoch4(NODE0) | locked_epoch4(NODE1) | transfer_epoch3(NODE0) | transfer_epoch3(NODE1) | NODE0 = NODE1","13","0--0--0------0----0--000--------00----","11","268","4","0301040220"
"1713","forall NODE1,NODE0. ep_epoch0(NODE0) | ep_epoch0(NODE1) | ep_epoch3(NODE0) | held(NODE1) | locked_epoch2(NODE0) | locked_epoch3(NODE1) | locked_epoch4(NODE0) | locked_epoch5(NODE0) | transfer_epoch3(NODE0) | transfer_epoch3(NODE1) | NODE0 = NODE1","13","0--0--0------0----0--00-0-------00----","11","268","4","0301040220"
"1714","exists NODE0. ep_epoch0(NODE0) | ep_epoch4(NODE0) | held(NODE0) | transfer_epoch3(NODE0) | transfer_epoch4(NODE0)","6","0---0-0---0-00------------------0000--","5","31","10","0402000401"
"1715","forall NODE1,NODE0. ep_epoch0(NODE0) | ep_epoch0(NODE1) | ep_epoch4(NODE1) | held(NODE0) | held(NODE1) | locked_epoch4(NODE0) | transfer_epoch3(NODE0) | transfer_epoch3(NODE1) | transfer_epoch4(NODE0) | transfer_epoch4(NODE1) | NODE0 = NODE1","13","0---0-0-----00---------0--------0000--","11","270","10","0302010420"
"1716","exists NODE0. ep_epoch0(NODE0) | held(NODE0) | locked_epoch4(NODE0) | transfer_epoch3(NODE0) | transfer_epoch4(NODE0)","6","0-----0-----00--------00--------0000--","5","29","4","0202020401"
"1717","exists NODE0. ep_epoch0(NODE0) | held(NODE0) | transfer_epoch3(NODE0) | transfer_epoch4(NODE0) | transfer_epoch5(NODE0)","6","0-----0-----00------------------000000","5","28","5","0202000601"
"1718","forall NODE1,NODE0. ep_epoch0(NODE0) | ep_epoch1(NODE0) | ep_epoch2(NODE0) | ep_epoch4(NODE1) | ep_epoch5(NODE1) | held(NODE0) | transfer_epoch4(NODE0) | transfer_epoch4(NODE1) | transfer_epoch5(NODE0) | transfer_epoch5(NODE1) | NODE0 = NODE1","13","000-------000---------------------0000","11","0","157","0501000420"
"1719","forall NODE1,NODE0. ep_epoch0(NODE0) | ep_epoch1(NODE0) | ep_epoch2(NODE0) | ep_epoch4(NODE1) | held(NODE0) | locked_epoch5(NODE1) | transfer_epoch4(NODE0) | transfer_epoch4(NODE1) | transfer_epoch5(NODE0) | transfer_epoch5(NODE1) | NODE0 = NODE1","13","000-------0-0------------0--------0000","11","272","9","0401010420"
"1720","forall NODE1,NODE0. ep_epoch0(NODE0) | ep_epoch1(NODE0) | ep_epoch2(NODE0) | ep_epoch5(NODE1) | held(NODE0) | locked_epoch4(NODE1) | transfer_epoch4(NODE0) | transfer_epoch4(NODE1) | transfer_epoch5(NODE0) | transfer_epoch5(NODE1) | NODE0 = NODE1","13","000--------00----------0----------0000","11","272","9","0401010420"
"1721","forall NODE1,NODE0. ep_epoch0(NODE0) | ep_epoch1(NODE0) | ep_epoch2(NODE0) | held(NODE0) | locked_epoch4(NODE1) | locked_epoch5(NODE1) | transfer_epoch4(NODE0) | transfer_epoch4(NODE1) | transfer_epoch5(NODE0) | transfer_epoch5(NODE1) | NODE0 = NODE1","13","000---------0----------0-0--------0000","11","267","16","0301020420"
"1722","forall NODE1,NODE0. ep_epoch0(NODE0) | ep_epoch1(NODE0) | ep_epoch3(NODE0) | ep_epoch3(NODE1) | ep_epoch4(NODE0) | ep_epoch4(NODE1) | ep_epoch5(NODE1) | held(NODE0) | transfer_epoch3(NODE0) | transfer_epoch3(NODE1) | NODE0 = NODE1","13","00-00----0000-------------------00----","11","0","157","0701000220"
"1723","forall NODE1,NODE0. ep_epoch0(NODE0) | ep_epoch1(NODE0) | ep_epoch3(NODE0) | ep_epoch3(NODE1) | ep_epoch4(NODE0) | ep_epoch4(NODE1) | held(NODE0) | held(NODE1) | transfer_epoch3(NODE0) | transfer_epoch3(NODE1) | NODE0 = NODE1","13","00-00----00-00------------------00----","11","0","157","0602000220"
"1724","forall NODE1,NODE0. ep_epoch0(NODE0) | ep_epoch1(NODE0) | ep_epoch3(NODE0) | ep_epoch3(NODE1) | ep_epoch4(NODE0) | ep_epoch4(NODE1) | held(NODE0) | locked_epoch5(NODE1) | transfer_epoch3(NODE0) | transfer_epoch3(NODE1) | NODE0 = NODE1","13","00-00----00-0------------0------00----","11","279","18","0601010220"
"1725","forall NODE1,NODE0. ep_epoch0(NODE0) | ep_epoch1(NODE0) | ep_epoch3(NODE0) | ep_epoch3(NODE1) | ep_epoch4(NODE1) | ep_epoch5(NODE1) | held(NODE0) | locked_epoch4(NODE0) | transfer_epoch3(NODE0) | transfer_epoch3(NODE1) | NODE0 = NODE1","13","00-0-----0000---------0---------00----","11","279","18","0601010220"
"1726","forall NODE1,NODE0. ep_epoch0(NODE0) | ep_epoch1(NODE0) | ep_epoch3(NODE0) | ep_epoch3(NODE1) | ep_epoch4(NODE1) | held(NODE0) | held(NODE1) | locked_epoch4(NODE0) | transfer_epoch3(NODE0) | transfer_epoch3(NODE1) | NODE0 = NODE1","13","00-0-----00-00--------0---------00----","11","278","12","0502010220"
"1727","forall NODE1,NODE0. ep_epoch0(NODE0) | ep_epoch1(NODE0) | ep_epoch3(NODE0) | ep_epoch3(NODE1) | ep_epoch4(NODE1) | held(NODE0) | locked_epoch4(NODE0) | locked_epoch5(NODE1) | transfer_epoch3(NODE0) | transfer_epoch3(NODE1) | NODE0 = NODE1","13","00-0-----00-0---------0--0------00----","11","277","34","0501020220"
"1728","forall NODE1,NODE0. ep_epoch0(NODE0) | ep_epoch1(NODE0) | ep_epoch3(NODE0) | ep_epoch3(NODE1) | held(NODE0) | held(NODE1) | transfer_epoch3(NODE0) | transfer_epoch3(NODE1) | transfer_epoch5(NODE0) | transfer_epoch5(NODE1) | NODE0 = NODE1","13","00-0-----0--00------------------00--00","11","275","2","0402000420"
"1729","forall NODE1,NODE0. ep_epoch0(NODE0) | ep_epoch1(NODE0) | ep_epoch3(NODE0) | ep_epoch5(NODE1) | held(NODE0) | locked_epoch3(NODE1) | transfer_epoch3(NODE0) | transfer_epoch3(NODE1) | transfer_epoch5(NODE0) | transfer_epoch5(NODE1) | NODE0 = NODE1","13","00-0-------00--------0----------00--00","11","272","9","0401010420"
"1730","forall NODE1,NODE2,NODE0. ep_epoch0(NODE0) | ep_epoch1(NODE0) | ep_epoch3(NODE1) | held(NODE1) | held(NODE2) | locked_epoch3(NODE2) | transfer_epoch3(NODE1) | transfer_epoch3(NODE2) | transfer_epoch5(NODE1) | transfer_epoch5(NODE2) | ((NODE0 ~= NODE2 | NODE0 = NODE1) & (NODE0 ~= NODE1 | NODE0 = NODE2))","17","00-0--------00-------0----------00--00","14","319","2","0302010430"
"1731","forall NODE1,NODE0. ep_epoch0(NODE0) | ep_epoch1(NODE0) | ep_epoch3(NODE0) | held(NODE0) | locked_epoch3(NODE1) | locked_epoch5(NODE1) | transfer_epoch3(NODE0) | transfer_epoch3(NODE1) | transfer_epoch5(NODE0) | transfer_epoch5(NODE1) | NODE0 = NODE1","13","00-0--------0--------0---0------00--00","11","267","16","0301020420"
"1732","forall NODE1,NODE0. ep_epoch0(NODE0) | ep_epoch1(NODE0) | ep_epoch3(NODE1) | ep_epoch4(NODE0) | held(NODE0) | locked_epoch4(NODE1) | transfer_epoch3(NODE0) | transfer_epoch3(NODE1) | transfer_epoch4(NODE0) | transfer_epoch4(NODE1) | NODE0 = NODE1","13","00--0----0--0----------0--------0000--","11","272","9","0401010420"
"1733","forall NODE1,NODE0. ep_epoch0(NODE0) | ep_epoch1(NODE0) | ep_epoch3(NODE1) | held(NODE0) | locked_epoch4(NODE0) | locked_epoch4(NODE1) | transfer_epoch3(NODE0) | transfer_epoch3(NODE1) | transfer_epoch4(NODE0) | transfer_epoch4(NODE1) | NODE0 = NODE1","13","00-------0--0---------00--------0000--","11","267","16","0301020420"
"1734","forall NODE1,NODE0. ep_epoch0(NODE0) | ep_epoch1(NODE0) | ep_epoch4(NODE0) | ep_epoch4(NODE1) | held(NODE0) | held(NODE1) | transfer_epoch3(NODE0) | transfer_epoch3(NODE1) | transfer_epoch4(NODE0) | transfer_epoch4(NODE1) | NODE0 = NODE1","13","00--0-----0-00------------------0000--","11","275","2","0402000420"
"1735","forall NODE1,NODE2,NODE0. ep_epoch0(NODE0) | ep_epoch1(NODE0) | ep_epoch4(NODE1) | held(NODE1) | held(NODE2) | locked_epoch4(NODE2) | transfer_epoch3(NODE1) | transfer_epoch3(NODE2) | transfer_epoch4(NODE1) | transfer_epoch4(NODE2) | ((NODE0 ~= NODE2 | NODE0 = NODE1) & (NODE0 ~= NODE1 | NODE0 = NODE2))","17","00--0-------00---------0--------0000--","14","319","2","0302010430"
"1736","forall NODE1,NODE0. ep_epoch0(NODE0) | ep_epoch1(NODE0) | ep_epoch4(NODE0) | held(NODE0) | locked_epoch3(NODE1) | locked_epoch4(NODE1) | transfer_epoch3(NODE0) | transfer_epoch3(NODE1) | transfer_epoch4(NODE0) | transfer_epoch4(NODE1) | NODE0 = NODE1","13","00--0-------0--------0-0--------0000--","11","267","16","0301020420"
"1737","forall NODE1,NODE0. ep_epoch0(NODE0) | ep_epoch1(NODE0) | ep_epoch4(NODE1) | ep_epoch5(NODE1) | held(NODE0) | locked_epoch2(NODE0) | transfer_epoch4(NODE0) | transfer_epoch4(NODE1) | transfer_epoch5(NODE0) | transfer_epoch5(NODE1) | NODE0 = NODE1","13","00--------000-----0---------------0000","11","272","9","0401010420"
"1738","forall NODE1,NODE0. ep_epoch0(NODE0) | ep_epoch1(NODE0) | ep_epoch4(NODE1) | held(NODE0) | locked_epoch2(NODE0) | locked_epoch5(NODE1) | transfer_epoch4(NODE0) | transfer_epoch4(NODE1) | transfer_epoch5(NODE0) | transfer_epoch5(NODE1) | NODE0 = NODE1","13","00--------0-0-----0------0--------0000","11","267","16","0301020420"
"1739","forall NODE1,NODE0. ep_epoch0(NODE0) | ep_epoch1(NODE0) | ep_epoch5(NODE1) | held(NODE0) | locked_epoch2(NODE0) | locked_epoch4(NODE1) | transfer_epoch4(NODE0) | transfer_epoch4(NODE1) | transfer_epoch5(NODE0) | transfer_epoch5(NODE1) | NODE0 = NODE1","13","00---------00-----0----0----------0000","11","267","16","0301020420"
"1740","forall NODE1,NODE0. ep_epoch0(NODE0) | ep_epoch1(NODE0) | held(NODE0) | held(NODE1) | locked_epoch4(NODE0) | locked_epoch4(NODE1) | transfer_epoch3(NODE0) | transfer_epoch3(NODE1) | transfer_epoch4(NODE0) | transfer_epoch4(NODE1) | NODE0 = NODE1","13","00----------00--------00--------0000--","11","0","157","0202020420"
"1741","forall NODE1,NODE0. ep_epoch0(NODE0) | ep_epoch1(NODE0) | held(NODE0) | held(NODE1) | transfer_epoch3(NODE0) | transfer_epoch3(NODE1) | transfer_epoch4(NODE0) | transfer_epoch4(NODE1) | transfer_epoch5(NODE0) | transfer_epoch5(NODE1) | NODE0 = NODE1","13","00----------00------------------000000","11","0","157","0202000620"
"1742","forall NODE1,NODE0. ep_epoch0(NODE0) | ep_epoch1(NODE0) | held(NODE0) | locked_epoch2(NODE0) | locked_epoch4(NODE1) | locked_epoch5(NODE1) | transfer_epoch4(NODE0) | transfer_epoch4(NODE1) | transfer_epoch5(NODE0) | transfer_epoch5(NODE1) | NODE0 = NODE1","13","00----------0-----0----0-0--------0000","11","263","8","0201030420"
"1743","forall NODE1,NODE0. ep_epoch0(NODE0) | ep_epoch1(NODE0) | held(NODE0) | locked_epoch3(NODE1) | locked_epoch4(NODE0) | locked_epoch4(NODE1) | transfer_epoch3(NODE0) | transfer_epoch3(NODE1) | transfer_epoch4(NODE0) | transfer_epoch4(NODE1) | NODE0 = NODE1","13","00----------0--------000--------0000--","11","263","8","0201030420"
"1744","forall NODE1,NODE0. ep_epoch0(NODE0) | ep_epoch2(NODE0) | ep_epoch2(NODE1) | ep_epoch3(NODE0) | ep_epoch3(NODE1) | ep_epoch4(NODE0) | held(NODE0) | locked_epoch4(NODE1) | transfer_epoch2(NODE0) | transfer_epoch2(NODE1) | NODE0 = NODE1","13","0-000---00--0----------0------00------","11","279","18","0601010220"
"1745","forall NODE1,NODE0. ep_epoch0(NODE0) | ep_epoch2(NODE0) | ep_epoch2(NODE1) | ep_epoch3(NODE0) | ep_epoch3(NODE1) | held(NODE0) | locked_epoch4(NODE0) | locked_epoch4(NODE1) | transfer_epoch2(NODE0) | transfer_epoch2(NODE1) | NODE0 = NODE1","13","0-00----00--0---------00------00------","11","277","34","0501020220"
"1746","forall NODE1,NODE0. ep_epoch0(NODE0) | ep_epoch2(NODE0) | ep_epoch2(NODE1) | ep_epoch3(NODE1) | ep_epoch4(NODE0) | held(NODE0) | locked_epoch3(NODE0) | locked_epoch4(NODE1) | transfer_epoch2(NODE0) | transfer_epoch2(NODE1) | NODE0 = NODE1","13","0-0-0---00--0-------0--0------00------","11","277","34","0501020220"
"1747","forall NODE1,NODE0. ep_epoch0(NODE0) | ep_epoch2(NODE0) | ep_epoch2(NODE1) | ep_epoch3(NODE1) | ep_epoch4(NODE1) | ep_epoch5(NODE1) | held(NODE0) | locked_epoch3(NODE0) | transfer_epoch2(NODE0) | transfer_epoch2(NODE1) | NODE0 = NODE1","13","0-0-----00000-------0---------00------","11","279","18","0601010220"
"1748","forall NODE1,NODE0. ep_epoch0(NODE0) | ep_epoch2(NODE0) | ep_epoch2(NODE1) | ep_epoch3(NODE1) | ep_epoch4(NODE1) | held(NODE0) | locked_epoch3(NODE0) | locked_epoch5(NODE1) | transfer_epoch2(NODE0) | transfer_epoch2(NODE1) | NODE0 = NODE1","13","0-0-----000-0-------0----0----00------","11","277","34","0501020220"
"1749","forall NODE1,NODE0. ep_epoch0(NODE0) | ep_epoch2(NODE0) | ep_epoch2(NODE1) | ep_epoch3(NODE1) | ep_epoch5(NODE1) | held(NODE0) | locked_epoch3(NODE0) | locked_epoch4(NODE1) | transfer_epoch2(NODE0) | transfer_epoch2(NODE1) | NODE0 = NODE1","13","0-0-----00-00-------0--0------00------","11","277","34","0501020220"
"1750","forall NODE1,NODE0. ep_epoch0(NODE0) | ep_epoch2(NODE0) | ep_epoch2(NODE1) | ep_epoch3(NODE1) | held(NODE0) | locked_epoch3(NODE0) | locked_epoch4(NODE0) | locked_epoch4(NODE1) | transfer_epoch2(NODE0) | transfer_epoch2(NODE1) | NODE0 = NODE1","13","0-0-----00--0-------0-00------00------","11","273","21","0401030220"
"1751","forall NODE1,NODE0. ep_epoch0(NODE0) | ep_epoch2(NODE0) | ep_epoch2(NODE1) | ep_epoch3(NODE1) | held(NODE0) | locked_epoch3(NODE0) | locked_epoch4(NODE1) | locked_epoch5(NODE1) | transfer_epoch2(NODE0) | transfer_epoch2(NODE1) | NODE0 = NODE1","13","0-0-----00--0-------0--0-0----00------","11","273","21","0401030220"
"1752","forall NODE1,NODE0. ep_epoch0(NODE0) | ep_epoch2(NODE0) | ep_epoch3(NODE0) | ep_epoch5(NODE1) | held(NODE0) | locked_epoch2(NODE1) | transfer_epoch2(NODE0) | transfer_epoch2(NODE1) | transfer_epoch5(NODE0) | transfer_epoch5(NODE1) | NODE0 = NODE1","13","0-00-------00------0----------00----00","11","272","9","0401010420"
"1753","forall NODE1,NODE0. ep_epoch0(NODE0) | ep_epoch2(NODE0) | ep_epoch3(NODE0) | held(NODE0) | locked_epoch2(NODE1) | locked_epoch5(NODE1) | transfer_epoch2(NODE0) | transfer_epoch2(NODE1) | transfer_epoch5(NODE0) | transfer_epoch5(NODE1) | NODE0 = NODE1","13","0-00--------0------0-----0----00----00","11","267","16","0301020420"
"1754","forall NODE1,NODE0. ep_epoch0(NODE0) | ep_epoch2(NODE0) | ep_epoch4(NODE0) | held(NODE0) | locked_epoch2(NODE1) | locked_epoch4(NODE1) | transfer_epoch2(NODE0) | transfer_epoch2(NODE1) | transfer_epoch4(NODE0) | transfer_epoch4(NODE1) | NODE0 = NODE1","13","0-0-0-------0------0---0------00--00--","11","267","16","0301020420"
"1755","forall NODE1,NODE0. ep_epoch0(NODE0) | ep_epoch2(NODE0) | ep_epoch5(NODE1) | held(NODE0) | locked_epoch2(NODE1) | locked_epoch3(NODE0) | transfer_epoch2(NODE0) | transfer_epoch2(NODE1) | transfer_epoch5(NODE0) | transfer_epoch5(NODE1) | NODE0 = NODE1","13","0-0--------00------00---------00----00","11","267","16","0301020420"
"1756","forall NODE1,NODE0. ep_epoch0(NODE0) | ep_epoch2(NODE0) | held(NODE0) | locked_epoch2(NODE1) | locked_epoch3(NODE0) | locked_epoch5(NODE1) | transfer_epoch2(NODE0) | transfer_epoch2(NODE1) | transfer_epoch5(NODE0) | transfer_epoch5(NODE1) | NODE0 = NODE1","13","0-0---------0------00----0----00----00","11","263","8","0201030420"
"1757","forall NODE1,NODE0. ep_epoch0(NODE0) | ep_epoch2(NODE0) | held(NODE0) | locked_epoch2(NODE1) | locked_epoch4(NODE0) | locked_epoch4(NODE1) | transfer_epoch2(NODE0) | transfer_epoch2(NODE1) | transfer_epoch4(NODE0) | transfer_epoch4(NODE1) | NODE0 = NODE1","13","0-0---------0------0--00------00--00--","11","263","8","0201030420"
"1758","forall NODE1,NODE0. ep_epoch0(NODE0) | ep_epoch2(NODE1) | ep_epoch3(NODE0) | ep_epoch4(NODE0) | held(NODE0) | locked_epoch3(NODE1) | transfer_epoch2(NODE0) | transfer_epoch2(NODE1) | transfer_epoch3(NODE0) | transfer_epoch3(NODE1) | NODE0 = NODE1","13","0--00---0---0--------0--------0000----","11","272","9","0401010420"
"1759","forall NODE1,NODE0. ep_epoch0(NODE0) | ep_epoch2(NODE1) | ep_epoch3(NODE0) | held(NODE0) | locked_epoch3(NODE1) | locked_epoch4(NODE0) | transfer_epoch2(NODE0) | transfer_epoch2(NODE1) | transfer_epoch3(NODE0) | transfer_epoch3(NODE1) | NODE0 = NODE1","13","0--0----0---0--------00-------0000----","11","267","16","0301020420"
"1760","forall NODE1,NODE0. ep_epoch0(NODE0) | ep_epoch3(NODE0) | ep_epoch4(NODE0) | held(NODE0) | locked_epoch2(NODE1) | locked_epoch3(NODE1) | transfer_epoch2(NODE0) | transfer_epoch2(NODE1) | transfer_epoch3(NODE0) | transfer_epoch3(NODE1) | NODE0 = NODE1","13","0--00-------0------0-0--------0000----","11","267","16","0301020420"
"1761","forall NODE1,NODE0. ep_epoch0(NODE0) | ep_epoch3(NODE0) | held(NODE0) | locked_epoch2(NODE1) | locked_epoch3(NODE1) | locked_epoch4(NODE0) | transfer_epoch2(NODE0) | transfer_epoch2(NODE1) | transfer_epoch3(NODE0) | transfer_epoch3(NODE1) | NODE0 = NODE1","13","0--0--------0------0-00-------0000----","11","263","8","0201030420"
"1762","exists NODE0. ep_epoch1(NODE0) | ep_epoch2(NODE0) | ep_epoch3(NODE0) | ep_epoch4(NODE0) | ep_epoch5(NODE0)","6","-00000-00000--------------------------","5","36","6","01000000001"
"1763","forall NODE1,NODE0. ep_epoch1(NODE0) | ep_epoch1(NODE1) | ep_epoch2(NODE0) | ep_epoch2(NODE1) | ep_epoch3(NODE0) | ep_epoch3(NODE1) | ep_epoch4(NODE0) | ep_epoch4(NODE1) | ep_epoch5(NODE0) | held(NODE1) | NODE0 = NODE1","13","-00000-0000--0------------------------","11","282","5","0901000020"
"1764","forall NODE1,NODE0. ep_epoch1(NODE0) | ep_epoch1(NODE1) | ep_epoch2(NODE0) | ep_epoch2(NODE1) | ep_epoch3(NODE0) | ep_epoch3(NODE1) | ep_epoch4(NODE0) | ep_epoch4(NODE1) | ep_epoch5(NODE0) | locked_epoch5(NODE1) | NODE0 = NODE1","13","-00000-0000--------------0------------","11","281","5","0900010020"
"1765","exists NODE0. ep_epoch1(NODE0) | ep_epoch2(NODE0) | ep_epoch3(NODE0) | ep_epoch4(NODE0) | held(NODE0)","6","-0000--0000-00------------------------","5","35","5","0802000001"
"1766","forall NODE1,NODE0. ep_epoch1(NODE0) | ep_epoch1(NODE1) | ep_epoch2(NODE0) | ep_epoch2(NODE1) | ep_epoch3(NODE0) | ep_epoch3(NODE1) | ep_epoch4(NODE0) | ep_epoch4(NODE1) | held(NODE1) | locked_epoch5(NODE0) | NODE0 = NODE1","13","-0000--0000-0------------0------------","11","280","5","0801010020"
"1767","exists NODE0. ep_epoch1(NODE0) | ep_epoch2(NODE0) | ep_epoch3(NODE0) | ep_epoch4(NODE0) | locked_epoch5(NODE0)","6","-0000--0000-------------00------------","5","34","5","0800020001"
"1768","exists NODE0. ep_epoch1(NODE0) | ep_epoch2(NODE0) | ep_epoch3(NODE0) | held(NODE0) | transfer_epoch5(NODE0)","6","-000---000--00----------------------00","5","33","10","0602000201"
"1769","forall NODE1,NODE0. ep_epoch1(NODE0) | ep_epoch1(NODE1) | ep_epoch2(NODE0) | ep_epoch2(NODE1) | ep_epoch3(NODE0) | ep_epoch4(NODE1) | held(NODE1) | locked_epoch4(NODE0) | transfer_epoch4(NODE0) | transfer_epoch4(NODE1) | NODE0 = NODE1","13","-000---00-0--0--------0-----------00--","11","279","18","0601010220"
"1770","forall NODE1,NODE0. ep_epoch1(NODE0) | ep_epoch1(NODE1) | ep_epoch2(NODE0) | ep_epoch2(NODE1) | ep_epoch3(NODE0) | ep_epoch5(NODE1) | held(NODE0) | locked_epoch3(NODE1) | transfer_epoch5(NODE0) | transfer_epoch5(NODE1) | NODE0 = NODE1","13","-000---00--00--------0--------------00","11","279","18","0601010220"
"1771","forall NODE1,NODE0. ep_epoch1(NODE0) | ep_epoch1(NODE1) | ep_epoch2(NODE0) | ep_epoch2(NODE1) | ep_epoch3(NODE0) | held(NODE0) | held(NODE1) | locked_epoch3(NODE1) | transfer_epoch5(NODE0) | transfer_epoch5(NODE1) | NODE0 = NODE1","13","-000---00---00-------0--------------00","11","278","12","0502010220"
"1772","forall NODE1,NODE0. ep_epoch1(NODE0) | ep_epoch1(NODE1) | ep_epoch2(NODE0) | ep_epoch2(NODE1) | ep_epoch3(NODE0) | held(NODE0) | locked_epoch3(NODE1) | locked_epoch5(NODE1) | transfer_epoch5(NODE0) | transfer_epoch5(NODE1) | NODE0 = NODE1","13","-000---00---0--------0---0----------00","11","277","34","0501020220"
"1773","forall NODE1,NODE0. ep_epoch1(NODE0) | ep_epoch1(NODE1) | ep_epoch2(NODE0) | ep_epoch2(NODE1) | ep_epoch3(NODE0) | held(NODE1) | locked_epoch4(NODE0) | locked_epoch4(NODE1) | transfer_epoch4(NODE0) | transfer_epoch4(NODE1) | NODE0 = NODE1","13","-000---00----0--------00----------00--","11","277","34","0501020220"
"1774","exists NODE0. ep_epoch1(NODE0) | ep_epoch2(NODE0) | ep_epoch4(NODE0) | held(NODE0) | transfer_epoch4(NODE0)","6","-00-0--00-0-00--------------------00--","5","33","10","0602000201"
"1775","forall NODE1,NODE0. ep_epoch1(NODE0) | ep_epoch1(NODE1) | ep_epoch2(NODE0) | ep_epoch2(NODE1) | ep_epoch4(NODE1) | held(NODE0) | held(NODE1) | locked_epoch4(NODE0) | transfer_epoch4(NODE0) | transfer_epoch4(NODE1) | NODE0 = NODE1","13","-00-0--00---00---------0----------00--","11","278","12","0502010220"
"1776","forall NODE1,NODE0. ep_epoch1(NODE0) | ep_epoch1(NODE1) | ep_epoch2(NODE0) | ep_epoch2(NODE1) | ep_epoch4(NODE0) | held(NODE0) | locked_epoch3(NODE1) | locked_epoch4(NODE1) | transfer_epoch4(NODE0) | transfer_epoch4(NODE1) | NODE0 = NODE1","13","-00-0--00---0--------0-0----------00--","11","277","34","0501020220"
"1777","exists NODE0. ep_epoch1(NODE0) | ep_epoch2(NODE0) | held(NODE0) | locked_epoch4(NODE0) | transfer_epoch4(NODE0)","6","-00----00---00--------00----------00--","5","32","6","0402020201"
"1778","exists NODE0. ep_epoch1(NODE0) | ep_epoch2(NODE0) | held(NODE0) | transfer_epoch4(NODE0) | transfer_epoch5(NODE0)","6","-00----00---00--------------------0000","5","31","10","0402000401"
"1779","forall NODE1,NODE0. ep_epoch1(NODE0) | ep_epoch1(NODE1) | ep_epoch2(NODE0) | ep_epoch2(NODE1) | held(NODE0) | locked_epoch3(NODE1) | locked_epoch4(NODE0) | locked_epoch4(NODE1) | transfer_epoch4(NODE0) | transfer_epoch4(NODE1) | NODE0 = NODE1","13","-00----00---0--------000----------00--","11","273","21","0401030220"
"1780","forall NODE1,NODE0. ep_epoch1(NODE0) | ep_epoch1(NODE1) | ep_epoch2(NODE0) | ep_epoch3(NODE0) | ep_epoch3(NODE1) | ep_epoch4(NODE1) | held(NODE1) | locked_epoch4(NODE0) | transfer_epoch3(NODE0) | transfer_epoch3(NODE1) | NODE0 = NODE1","13","-000---0-00--0--------0---------00----","11","279","18","0601010220"
"1781","forall NODE1,NODE0. ep_epoch1(NODE0) | ep_epoch1(NODE1) | ep_epoch2(NODE0) | ep_epoch3(NODE0) | ep_epoch3(NODE1) | held(NODE1) | locked_epoch4(NODE0) | locked_epoch4(NODE1) | transfer_epoch3(NODE0) | transfer_epoch3(NODE1) | NODE0 = NODE1","13","-000---0-0---0--------00--------00----","11","277","34","0501020220"
"1782","forall NODE1,NODE0. ep_epoch1(NODE0) | ep_epoch1(NODE1) | ep_epoch2(NODE0) | ep_epoch3(NODE0) | ep_epoch4(NODE0) | ep_epoch5(NODE0) | held(NODE1) | locked_epoch3(NODE1) | transfer_epoch3(NODE0) | transfer_epoch3(NODE1) | NODE0 = NODE1","13","-00000-0-----0-------0----------00----","11","279","18","0601010220"
"1783","forall NODE1,NODE0. ep_epoch1(NODE0) | ep_epoch1(NODE1) | ep_epoch2(NODE0) | ep_epoch3(NODE0) | ep_epoch4(NODE0) | held(NODE1) | locked_epoch3(NODE1) | locked_epoch5(NODE0) | transfer_epoch3(NODE0) | transfer_epoch3(NODE1) | NODE0 = NODE1","13","-0000--0-----0-------0--0-------00----","11","277","34","0501020220"
"1784","forall NODE1,NODE0. ep_epoch1(NODE0) | ep_epoch1(NODE1) | ep_epoch2(NODE0) | ep_epoch3(NODE0) | ep_epoch4(NODE1) | held(NODE1) | locked_epoch3(NODE1) | locked_epoch4(NODE0) | transfer_epoch3(NODE0) | transfer_epoch3(NODE1) | NODE0 = NODE1","13","-000---0--0--0-------00---------00----","11","277","34","0501020220"
"1785","forall NODE1,NODE0. ep_epoch1(NODE0) | ep_epoch1(NODE1) | ep_epoch2(NODE0) | ep_epoch3(NODE0) | ep_epoch5(NODE0) | held(NODE1) | locked_epoch3(NODE1) | locked_epoch4(NODE0) | transfer_epoch3(NODE0) | transfer_epoch3(NODE1) | NODE0 = NODE1","13","-000-0-0-----0-------00---------00----","11","277","34","0501020220"
"1786","forall NODE1,NODE0. ep_epoch1(NODE0) | ep_epoch1(NODE1) | ep_epoch2(NODE0) | ep_epoch3(NODE0) | held(NODE1) | locked_epoch3(NODE1) | locked_epoch4(NODE0) | locked_epoch4(NODE1) | transfer_epoch3(NODE0) | transfer_epoch3(NODE1) | NODE0 = NODE1","13","-000---0-----0-------000--------00----","11","273","21","0401030220"
"1787","forall NODE1,NODE0. ep_epoch1(NODE0) | ep_epoch1(NODE1) | ep_epoch2(NODE0) | ep_epoch3(NODE0) | held(NODE1) | locked_epoch3(NODE1) | locked_epoch4(NODE0) | locked_epoch5(NODE0) | transfer_epoch3(NODE0) | transfer_epoch3(NODE1) | NODE0 = NODE1","13","-000---0-----0-------00-0-------00----","11","273","21","0401030220"
"1788","forall NODE1,NODE0. ep_epoch1(NODE0) | ep_epoch1(NODE1) | ep_epoch2(NODE1) | ep_epoch4(NODE0) | ep_epoch4(NODE1) | ep_epoch5(NODE0) | held(NODE1) | locked_epoch2(NODE0) | transfer_epoch4(NODE0) | transfer_epoch4(NODE1) | NODE0 = NODE1","13","-00-0--0--000------0--------------00--","11","279","18","0601010220"
"1789","forall NODE1,NODE0. ep_epoch1(NODE0) | ep_epoch1(NODE1) | ep_epoch2(NODE1) | ep_epoch4(NODE0) | ep_epoch4(NODE1) | held(NODE0) | held(NODE1) | locked_epoch2(NODE0) | transfer_epoch4(NODE0) | transfer_epoch4(NODE1) | NODE0 = NODE1","13","-00-0--0--0-00-----0--------------00--","11","278","12","0502010220"
"1790","forall NODE1,NODE0. ep_epoch1(NODE0) | ep_epoch1(NODE1) | ep_epoch2(NODE1) | ep_epoch4(NODE0) | ep_epoch4(NODE1) | held(NODE1) | locked_epoch2(NODE0) | locked_epoch5(NODE0) | transfer_epoch4(NODE0) | transfer_epoch4(NODE1) | NODE0 = NODE1","13","-00-0--0--0-0------0-----0--------00--","11","277","34","0501020220"
"1791","forall NODE1,NODE0. ep_epoch1(NODE0) | ep_epoch1(NODE1) | ep_epoch2(NODE1) | ep_epoch4(NODE0) | ep_epoch5(NODE0) | held(NODE1) | locked_epoch2(NODE0) | locked_epoch4(NODE1) | transfer_epoch4(NODE0) | transfer_epoch4(NODE1) | NODE0 = NODE1","13","-00----0--000------0--0-----------00--","11","277","34","0501020220"
"1792","forall NODE1,NODE0. ep_epoch1(NODE0) | ep_epoch1(NODE1) | ep_epoch2(NODE1) | ep_epoch4(NODE0) | held(NODE0) | held(NODE1) | locked_epoch2(NODE0) | locked_epoch4(NODE1) | transfer_epoch4(NODE0) | transfer_epoch4(NODE1) | NODE0 = NODE1","13","-00----0--0-00-----0--0-----------00--","11","276","2","0402020220"
"1793","forall NODE1,NODE0. ep_epoch1(NODE0) | ep_epoch1(NODE1) | ep_epoch2(NODE1) | ep_epoch4(NODE0) | held(NODE1) | locked_epoch2(NODE0) | locked_epoch4(NODE1) | locked_epoch5(NODE0) | transfer_epoch4(NODE0) | transfer_epoch4(NODE1) | NODE0 = NODE1","13","-00----0--0-0------0--0--0--------00--","11","273","21","0401030220"
"1794","forall NODE1,NODE0. ep_epoch1(NODE0) | ep_epoch1(NODE1) | ep_epoch2(NODE1) | held(NODE0) | held(NODE1) | locked_epoch2(NODE0) | transfer_epoch4(NODE0) | transfer_epoch4(NODE1) | transfer_epoch5(NODE0) | transfer_epoch5(NODE1) | NODE0 = NODE1","13","-00----0----00-----0--------------0000","11","270","10","0302010420"
"1795","exists NODE0. ep_epoch1(NODE0) | ep_epoch3(NODE0) | ep_epoch4(NODE0) | held(NODE0) | transfer_epoch3(NODE0)","6","-0-00--0-00-00------------------00----","5","33","10","0602000201"
"1796","forall NODE1,NODE0. ep_epoch1(NODE0) | ep_epoch1(NODE1) | ep_epoch3(NODE0) | ep_epoch3(NODE1) | ep_epoch4(NODE0) | held(NODE0) | held(NODE1) | locked_epoch4(NODE1) | transfer_epoch3(NODE0) | transfer_epoch3(NODE1) | NODE0 = NODE1","13","-0-00--0-0--00---------0--------00----","11","278","12","0502010220"
"1797","forall NODE1,NODE0. ep_epoch1(NODE0) | ep_epoch1(NODE1) | ep_epoch3(NODE0) | ep_epoch3(NODE1) | ep_epoch4(NODE1) | held(NODE1) | locked_epoch2(NODE0) | locked_epoch4(NODE0) | transfer_epoch3(NODE0) | transfer_epoch3(NODE1) | NODE0 = NODE1","13","-0-00--0-0--0------0---0--------00----","11","277","34","0501020220"
"1798","exists NODE0. ep_epoch1(NODE0) | ep_epoch3(NODE0) | held(NODE0) | locked_epoch4(NODE0) | transfer_epoch3(NODE0)","6","-0-0---0-0--00--------00--------00----","5","32","6","0402020201"
"1799","exists NODE0. ep_epoch1(NODE0) | ep_epoch3(NODE0) | held(NODE0) | transfer_epoch3(NODE0) | transfer_epoch5(NODE0)","6","-0-0---0-0--00------------------00--00","5","31","10","0402000401"
"1800","forall NODE1,NODE0. ep_epoch1(NODE0) | ep_epoch1(NODE1) | ep_epoch3(NODE0) | ep_epoch3(NODE1) | held(NODE1) | locked_epoch2(NODE0) | locked_epoch4(NODE0) | locked_epoch4(NODE1) | transfer_epoch3(NODE0) | transfer_epoch3(NODE1) | NODE0 = NODE1","13","-0-0---0-0--0------0--00--------00----","11","273","21","0401030220"
"1801","forall NODE1,NODE0. ep_epoch1(NODE0) | ep_epoch1(NODE1) | ep_epoch3(NODE0) | ep_epoch4(NODE0) | ep_epoch5(NODE0) | held(NODE1) | locked_epoch2(NODE0) | locked_epoch3(NODE1) | transfer_epoch3(NODE0) | transfer_epoch3(NODE1) | NODE0 = NODE1","13","-0-000-0-----0----0--0----------00----","11","277","34","0501020220"
"1802","forall NODE1,NODE0. ep_epoch1(NODE0) | ep_epoch1(NODE1) | ep_epoch3(NODE0) | ep_epoch4(NODE0) | held(NODE1) | locked_epoch2(NODE0) | locked_epoch3(NODE1) | locked_epoch5(NODE0) | transfer_epoch3(NODE0) | transfer_epoch3(NODE1) | NODE0 = NODE1","13","-0-00--0-----0----0--0--0-------00----","11","273","21","0401030220"
"1803","forall NODE1,NODE0. ep_epoch1(NODE0) | ep_epoch1(NODE1) | ep_epoch3(NODE0) | ep_epoch4(NODE1) | held(NODE1) | locked_epoch2(NODE0) | locked_epoch3(NODE1) | locked_epoch4(NODE0) | transfer_epoch3(NODE0) | transfer_epoch3(NODE1) | NODE0 = NODE1","13","-0-0---0--0--0----0--00---------00----","11","273","21","0401030220"
"1804","forall NODE1,NODE0. ep_epoch1(NODE0) | ep_epoch1(NODE1) | ep_epoch3(NODE0) | ep_epoch5(NODE0) | held(NODE1) | locked_epoch2(NODE0) | locked_epoch3(NODE1) | locked_epoch4(NODE0) | transfer_epoch3(NODE0) | transfer_epoch3(NODE1) | NODE0 = NODE1","13","-0-0-0-0-----0----0--00---------00----","11","273","21","0401030220"
"1805","forall NODE1,NODE0. ep_epoch1(NODE0) | ep_epoch1(NODE1) | ep_epoch3(NODE0) | held(NODE0) | held(NODE1) | locked_epoch3(NODE1) | transfer_epoch3(NODE0) | transfer_epoch3(NODE1) | transfer_epoch5(NODE0) | transfer_epoch5(NODE1) | NODE0 = NODE1","13","-0-0---0----00-------0----------00--00","11","270","10","0302010420"
"1806","forall NODE1,NODE0. ep_epoch1(NODE0) | ep_epoch1(NODE1) | ep_epoch3(NODE0) | held(NODE1) | locked_epoch2(NODE0) | locked_epoch3(NODE1) | locked_epoch4(NODE0) | locked_epoch4(NODE1) | transfer_epoch3(NODE0) | transfer_epoch3(NODE1) | NODE0 = NODE1","13","-0-0---0-----0----0--000--------00----","11","268","4","0301040220"
"1807","forall NODE1,NODE0. ep_epoch1(NODE0) | ep_epoch1(NODE1) | ep_epoch3(NODE0) | held(NODE1) | locked_epoch2(NODE0) | locked_epoch3(NODE1) | locked_epoch4(NODE0) | locked_epoch5(NODE0) | transfer_epoch3(NODE0) | transfer_epoch3(NODE1) | NODE0 = NODE1","13","-0-0---0-----0----0--00-0-------00----","11","268","4","0301040220"
"1808","exists NODE0. ep_epoch1(NODE0) | ep_epoch4(NODE0) | held(NODE0) | transfer_epoch3(NODE0) | transfer_epoch4(NODE0)","6","-0--0--0--0-00------------------0000--","5","31","10","0402000401"
"1809","forall NODE1,NODE0. ep_epoch1(NODE0) | ep_epoch1(NODE1) | ep_epoch4(NODE0) | held(NODE0) | held(NODE1) | locked_epoch4(NODE1) | transfer_epoch3(NODE0) | transfer_epoch3(NODE1) | transfer_epoch4(NODE0) | transfer_epoch4(NODE1) | NODE0 = NODE1","13","-0--0--0----00---------0--------0000--","11","270","10","0302010420"
"1810","exists NODE0. ep_epoch1(NODE0) | held(NODE0) | locked_epoch4(NODE0) | transfer_epoch3(NODE0) | transfer_epoch4(NODE0)","6","-0-----0----00--------00--------0000--","5","29","4","0202020401"
"1811","exists NODE0. ep_epoch1(NODE0) | held(NODE0) | transfer_epoch3(NODE0) | transfer_epoch4(NODE0) | transfer_epoch5(NODE0)","6","-0-----0----00------------------000000","5","28","5","0202000601"
"1812","forall NODE1,NODE0. ep_epoch1(NODE0) | ep_epoch2(NODE0) | ep_epoch2(NODE1) | ep_epoch3(NODE0) | ep_epoch3(NODE1) | ep_epoch4(NODE1) | held(NODE1) | locked_epoch4(NODE0) | transfer_epoch2(NODE0) | transfer_epoch2(NODE1) | NODE0 = NODE1","13","-000----000--0--------0-------00------","11","279","18","0601010220"
"1813","forall NODE1,NODE0. ep_epoch1(NODE0) | ep_epoch2(NODE0) | ep_epoch2(NODE1) | ep_epoch3(NODE0) | ep_epoch3(NODE1) | held(NODE1) | locked_epoch4(NODE0) | locked_epoch4(NODE1) | transfer_epoch2(NODE0) | transfer_epoch2(NODE1) | NODE0 = NODE1","13","-000----00---0--------00------00------","11","277","34","0501020220"
"1814","forall NODE1,NODE0. ep_epoch1(NODE0) | ep_epoch2(NODE0) | ep_epoch2(NODE1) | ep_epoch3(NODE0) | ep_epoch4(NODE0) | ep_epoch5(NODE0) | held(NODE1) | locked_epoch3(NODE1) | transfer_epoch2(NODE0) | transfer_epoch2(NODE1) | NODE0 = NODE1","13","-00000--0----0-------0--------00------","11","279","18","0601010220"
"1815","forall NODE1,NODE0. ep_epoch1(NODE0) | ep_epoch2(NODE0) | ep_epoch2(NODE1) | ep_epoch3(NODE0) | ep_epoch4(NODE0) | held(NODE1) | locked_epoch3(NODE1) | locked_epoch5(NODE0) | transfer_epoch2(NODE0) | transfer_epoch2(NODE1) | NODE0 = NODE1","13","-0000---0----0-------0--0-----00------","11","277","34","0501020220"
"1816","forall NODE1,NODE0. ep_epoch1(NODE0) | ep_epoch2(NODE0) | ep_epoch2(NODE1) | ep_epoch3(NODE0) | ep_epoch4(NODE1) | held(NODE1) | locked_epoch3(NODE1) | locked_epoch4(NODE0) | transfer_epoch2(NODE0) | transfer_epoch2(NODE1) | NODE0 = NODE1","13","-000----0-0--0-------00-------00------","11","277","34","0501020220"
"1817","forall NODE1,NODE0. ep_epoch1(NODE0) | ep_epoch2(NODE0) | ep_epoch2(NODE1) | ep_epoch3(NODE0) | ep_epoch5(NODE0) | held(NODE1) | locked_epoch3(NODE1) | locked_epoch4(NODE0) | transfer_epoch2(NODE0) | transfer_epoch2(NODE1) | NODE0 = NODE1","13","-000-0--0----0-------00-------00------","11","277","34","0501020220"
"1818","forall NODE1,NODE0. ep_epoch1(NODE0) | ep_epoch2(NODE0) | ep_epoch2(NODE1) | ep_epoch3(NODE0) | held(NODE1) | locked_epoch3(NODE1) | locked_epoch4(NODE0) | locked_epoch4(NODE1) | transfer_epoch2(NODE0) | transfer_epoch2(NODE1) | NODE0 = NODE1","13","-000----0----0-------000------00------","11","273","21","0401030220"
"1819","forall NODE1,NODE0. ep_epoch1(NODE0) | ep_epoch2(NODE0) | ep_epoch2(NODE1) | ep_epoch3(NODE0) | held(NODE1) | locked_epoch3(NODE1) | locked_epoch4(NODE0) | locked_epoch5(NODE0) | transfer_epoch2(NODE0) | transfer_epoch2(NODE1) | NODE0 = NODE1","13","-000----0----0-------00-0-----00------","11","273","21","0401030220"
"1820","forall NODE1,NODE0. ep_epoch1(NODE0) | ep_epoch2(NODE0) | ep_epoch3(NODE1) | ep_epoch4(NODE1) | held(NODE1) | locked_epoch3(NODE0) | transfer_epoch2(NODE0) | transfer_epoch2(NODE1) | transfer_epoch3(NODE0) | transfer_epoch3(NODE1) | NODE0 = NODE1","13","-00------00--0------0---------0000----","11","272","9","0401010420"
"1821","forall NODE1,NODE0. ep_epoch1(NODE0) | ep_epoch2(NODE0) | ep_epoch3(NODE1) | held(NODE1) | locked_epoch3(NODE0) | locked_epoch4(NODE1) | transfer_epoch2(NODE0) | transfer_epoch2(NODE1) | transfer_epoch3(NODE0) | transfer_epoch3(NODE1) | NODE0 = NODE1","13","-00------0---0------0--0------0000----","11","267","16","0301020420"
"1822","forall NODE1,NODE0. ep_epoch1(NODE0) | ep_epoch2(NODE1) | ep_epoch3(NODE1) | ep_epoch5(NODE0) | held(NODE1) | locked_epoch2(NODE0) | transfer_epoch2(NODE0) | transfer_epoch2(NODE1) | transfer_epoch5(NODE0) | transfer_epoch5(NODE1) | NODE0 = NODE1","13","-0---0--00---0----0-----------00----00","11","272","9","0401010420"
"1823","forall NODE1,NODE0. ep_epoch1(NODE0) | ep_epoch2(NODE1) | ep_epoch3(NODE1) | held(NODE1) | locked_epoch2(NODE0) | locked_epoch5(NODE0) | transfer_epoch2(NODE0) | transfer_epoch2(NODE1) | transfer_epoch5(NODE0) | transfer_epoch5(NODE1) | NODE0 = NODE1","13","-0------00---0----0-----0-----00----00","11","267","16","0301020420"
"1824","forall NODE1,NODE0. ep_epoch1(NODE0) | ep_epoch2(NODE1) | ep_epoch4(NODE1) | held(NODE1) | locked_epoch2(NODE0) | locked_epoch4(NODE0) | transfer_epoch2(NODE0) | transfer_epoch2(NODE1) | transfer_epoch4(NODE0) | transfer_epoch4(NODE1) | NODE0 = NODE1","13","-0------0-0--0----0---0-------00--00--","11","267","16","0301020420"
"1825","forall NODE1,NODE0. ep_epoch1(NODE0) | ep_epoch2(NODE1) | ep_epoch5(NODE0) | held(NODE1) | locked_epoch2(NODE0) | locked_epoch3(NODE1) | transfer_epoch2(NODE0) | transfer_epoch2(NODE1) | transfer_epoch5(NODE0) | transfer_epoch5(NODE1) | NODE0 = NODE1","13","-0---0--0----0----0--0--------00----00","11","267","16","0301020420"
"1826","forall NODE1,NODE0. ep_epoch1(NODE0) | ep_epoch2(NODE1) | held(NODE1) | locked_epoch2(NODE0) | locked_epoch3(NODE1) | locked_epoch5(NODE0) | transfer_epoch2(NODE0) | transfer_epoch2(NODE1) | transfer_epoch5(NODE0) | transfer_epoch5(NODE1) | NODE0 = NODE1","13","-0------0----0----0--0--0-----00----00","11","263","8","0201030420"
"1827","forall NODE1,NODE0. ep_epoch1(NODE0) | ep_epoch2(NODE1) | held(NODE1) | locked_epoch2(NODE0) | locked_epoch4(NODE0) | locked_epoch4(NODE1) | transfer_epoch2(NODE0) | transfer_epoch2(NODE1) | transfer_epoch4(NODE0) | transfer_epoch4(NODE1) | NODE0 = NODE1","13","-0------0----0----0---00------00--00--","11","263","8","0201030420"
"1828","forall NODE1,NODE0. ep_epoch1(NODE0) | ep_epoch3(NODE1) | ep_epoch4(NODE1) | held(NODE1) | locked_epoch2(NODE0) | locked_epoch3(NODE0) | transfer_epoch2(NODE0) | transfer_epoch2(NODE1) | transfer_epoch3(NODE0) | transfer_epoch3(NODE1) | NODE0 = NODE1","13","-0-------00--0----0-0---------0000----","11","267","16","0301020420"
"1829","forall NODE1,NODE0. ep_epoch1(NODE0) | ep_epoch3(NODE1) | held(NODE1) | locked_epoch2(NODE0) | locked_epoch3(NODE0) | locked_epoch4(NODE1) | transfer_epoch2(NODE0) | transfer_epoch2(NODE1) | transfer_epoch3(NODE0) | transfer_epoch3(NODE1) | NODE0 = NODE1","13","-0-------0---0----0-0--0------0000----","11","263","8","0201030420"
"1830","exists NODE0. ep_epoch2(NODE0) | ep_epoch3(NODE0) | ep_epoch4(NODE0) | held(NODE0) | transfer_epoch2(NODE0)","6","--000---000-00----------------00------","5","33","10","0602000201"
"1831","forall NODE1,NODE0. ep_epoch2(NODE0) | ep_epoch2(NODE1) | ep_epoch3(NODE0) | ep_epoch3(NODE1) | ep_epoch4(NODE1) | held(NODE0) | held(NODE1) | locked_epoch4(NODE0) | transfer_epoch2(NODE0) | transfer_epoch2(NODE1) | NODE0 = NODE1","13","--000---00--00---------0------00------","11","278","12","0502010220"
"1832","exists NODE0. ep_epoch2(NODE0) | ep_epoch3(NODE0) | held(NODE0) | locked_epoch4(NODE0) | transfer_epoch2(NODE0)","6","--00----00--00--------00------00------","5","32","6","0402020201"
"1833","exists NODE0. ep_epoch2(NODE0) | ep_epoch3(NODE0) | held(NODE0) | transfer_epoch2(NODE0) | transfer_epoch5(NODE0)","6","--00----00--00----------------00----00","5","31","10","0402000401"
"1834","forall NODE1,NODE0. ep_epoch2(NODE0) | ep_epoch2(NODE1) | ep_epoch3(NODE0) | held(NODE0) | held(NODE1) | locked_epoch3(NODE1) | transfer_epoch2(NODE0) | transfer_epoch2(NODE1) | transfer_epoch5(NODE0) | transfer_epoch5(NODE1) | NODE0 = NODE1","13","--00----0---00-------0--------00----00","11","270","10","0302010420"
"1835","exists NODE0. ep_epoch2(NODE0) | ep_epoch4(NODE0) | held(NODE0) | transfer_epoch2(NODE0) | transfer_epoch4(NODE0)","6","--0-0---0-0-00----------------00--00--","5","31","10","0402000401"
"1836","forall NODE1,NODE0. ep_epoch2(NODE0) | ep_epoch2(NODE1) | ep_epoch4(NODE1) | held(NODE0) | held(NODE1) | locked_epoch4(NODE0) | transfer_epoch2(NODE0) | transfer_epoch2(NODE1) | transfer_epoch4(NODE0) | transfer_epoch4(NODE1) | NODE0 = NODE1","13","--0-0---0---00---------0------00--00--","11","270","10","0302010420"
"1837","exists NODE0. ep_epoch2(NODE0) | held(NODE0) | locked_epoch4(NODE0) | transfer_epoch2(NODE0) | transfer_epoch4(NODE0)","6","--0-----0---00--------00------00--00--","5","29","4","0202020401"
"1838","exists NODE0. ep_epoch2(NODE0) | held(NODE0) | transfer_epoch2(NODE0) | transfer_epoch4(NODE0) | transfer_epoch5(NODE0)","6","--0-----0---00----------------00--0000","5","28","5","0202000601"
"1839","forall NODE1,NODE0. ep_epoch2(NODE0) | ep_epoch4(NODE0) | ep_epoch4(NODE1) | held(NODE0) | held(NODE1) | locked_epoch2(NODE1) | transfer_epoch2(NODE0) | transfer_epoch2(NODE1) | transfer_epoch4(NODE0) | transfer_epoch4(NODE1) | NODE0 = NODE1","13","--0-0-----0-00-----0----------00--00--","11","270","10","0302010420"
"1840","forall NODE1,NODE2,NODE3,NODE0. ep_epoch2(NODE0) | ep_epoch4(NODE1) | held(NODE0) | held(NODE2) | locked_epoch2(NODE2) | locked_epoch4(NODE3) | transfer_epoch2(NODE0) | transfer_epoch2(NODE2) | transfer_epoch4(NODE0) | transfer_epoch4(NODE2) | ((NODE0 ~= NODE3 | NODE1 ~= NODE2 | NODE0 = NODE1) & (NODE0 ~= NODE1 | NODE2 ~= NODE3 | NODE0 = NODE2))","20","--0-0-------00-----0---0------00--00--","16","0","157","0202020440"
"1841","forall NODE1,NODE0. ep_epoch2(NODE0) | held(NODE0) | held(NODE1) | locked_epoch2(NODE1) | locked_epoch4(NODE0) | locked_epoch4(NODE1) | transfer_epoch2(NODE0) | transfer_epoch2(NODE1) | transfer_epoch4(NODE0) | transfer_epoch4(NODE1) | NODE0 = NODE1","13","--0---------00-----0--00------00--00--","11","0","157","0102030420"
"1842","forall NODE1,NODE0. ep_epoch2(NODE0) | held(NODE0) | held(NODE1) | locked_epoch2(NODE1) | transfer_epoch2(NODE0) | transfer_epoch2(NODE1) | transfer_epoch4(NODE0) | transfer_epoch4(NODE1) | transfer_epoch5(NODE0) | transfer_epoch5(NODE1) | NODE0 = NODE1","13","--0---------00-----0----------00--0000","11","260","3","0102010620"
"1843","exists NODE0. ep_epoch3(NODE0) | ep_epoch4(NODE0) | held(NODE0) | transfer_epoch2(NODE0) | transfer_epoch3(NODE0)","6","---00----00-00----------------0000----","5","31","10","0402000401"
"1844","forall NODE1,NODE0. ep_epoch3(NODE0) | ep_epoch3(NODE1) | ep_epoch4(NODE0) | held(NODE0) | held(NODE1) | locked_epoch4(NODE1) | transfer_epoch2(NODE0) | transfer_epoch2(NODE1) | transfer_epoch3(NODE0) | transfer_epoch3(NODE1) | NODE0 = NODE1","13","---00----0--00---------0------0000----","11","270","10","0302010420"
"1845","exists NODE0. ep_epoch3(NODE0) | held(NODE0) | locked_epoch4(NODE0) | transfer_epoch2(NODE0) | transfer_epoch3(NODE0)","6","---0-----0--00--------00------0000----","5","29","4","0202020401"
"1846","exists NODE0. ep_epoch3(NODE0) | held(NODE0) | transfer_epoch2(NODE0) | transfer_epoch3(NODE0) | transfer_epoch5(NODE0)","6","---0-----0--00----------------0000--00","5","28","5","0202000601"
"1847","forall NODE1,NODE0. ep_epoch3(NODE0) | held(NODE0) | held(NODE1) | locked_epoch3(NODE1) | transfer_epoch2(NODE0) | transfer_epoch2(NODE1) | transfer_epoch3(NODE0) | transfer_epoch3(NODE1) | transfer_epoch5(NODE0) | transfer_epoch5(NODE1) | NODE0 = NODE1","13","---0--------00-------0--------0000--00","11","260","3","0102010620"
"1848","exists NODE0. ep_epoch4(NODE0) | held(NODE0) | transfer_epoch2(NODE0) | transfer_epoch3(NODE0) | transfer_epoch4(NODE0)","6","----0-----0-00----------------000000--","5","28","5","0202000601"
"1849","forall NODE1,NODE0. ep_epoch4(NODE0) | held(NODE0) | held(NODE1) | locked_epoch4(NODE1) | transfer_epoch2(NODE0) | transfer_epoch2(NODE1) | transfer_epoch3(NODE0) | transfer_epoch3(NODE1) | transfer_epoch4(NODE0) | transfer_epoch4(NODE1) | NODE0 = NODE1","13","----0-------00---------0------000000--","11","260","3","0102010620"
"1850","exists NODE0. held(NODE0) | locked_epoch4(NODE0) | transfer_epoch2(NODE0) | transfer_epoch3(NODE0) | transfer_epoch4(NODE0)","6","------------00--------00------000000--","5","0","157","0002020601"
"1851","exists NODE0. held(NODE0) | transfer_epoch2(NODE0) | transfer_epoch3(NODE0) | transfer_epoch4(NODE0) | transfer_epoch5(NODE0)","6","------------00----------------00000000","5","0","157","0002000801"
"1852","forall NODE1,NODE0. ~locked_epoch2(NODE0) | ep_epoch3(NODE1) | ep_epoch4(NODE1) | ep_epoch5(NODE1) | held(NODE0) | transfer_epoch3(NODE0) | transfer_epoch3(NODE1) | transfer_epoch4(NODE0) | transfer_epoch4(NODE1) | transfer_epoch5(NODE0) | transfer_epoch5(NODE1) | NODE0 = NODE1","14","---------0000-----1-------------000000","12","0","157","0301100620"
"1853","forall NODE1,NODE0. ~locked_epoch2(NODE0) | ep_epoch3(NODE1) | ep_epoch4(NODE1) | held(NODE0) | locked_epoch5(NODE1) | transfer_epoch3(NODE0) | transfer_epoch3(NODE1) | transfer_epoch4(NODE0) | transfer_epoch4(NODE1) | transfer_epoch5(NODE0) | transfer_epoch5(NODE1) | NODE0 = NODE1","14","---------00-0-----1------0------000000","12","289","3","0201110620"
"1854","forall NODE1,NODE0. ~locked_epoch2(NODE0) | ep_epoch3(NODE1) | ep_epoch5(NODE1) | held(NODE0) | locked_epoch4(NODE1) | transfer_epoch3(NODE0) | transfer_epoch3(NODE1) | transfer_epoch4(NODE0) | transfer_epoch4(NODE1) | transfer_epoch5(NODE0) | transfer_epoch5(NODE1) | NODE0 = NODE1","14","---------0-00-----1----0--------000000","12","289","3","0201110620"
"1855","forall NODE1,NODE0. ~locked_epoch2(NODE0) | ep_epoch3(NODE1) | held(NODE0) | locked_epoch4(NODE1) | locked_epoch5(NODE1) | transfer_epoch3(NODE0) | transfer_epoch3(NODE1) | transfer_epoch4(NODE0) | transfer_epoch4(NODE1) | transfer_epoch5(NODE0) | transfer_epoch5(NODE1) | NODE0 = NODE1","14","---------0--0-----1----0-0------000000","12","287","3","0101120620"
"1856","forall NODE1,NODE0. ~locked_epoch2(NODE0) | ep_epoch4(NODE1) | ep_epoch5(NODE1) | held(NODE0) | locked_epoch3(NODE1) | transfer_epoch3(NODE0) | transfer_epoch3(NODE1) | transfer_epoch4(NODE0) | transfer_epoch4(NODE1) | transfer_epoch5(NODE0) | transfer_epoch5(NODE1) | NODE0 = NODE1","14","----------000-----1--0----------000000","12","289","3","0201110620"
"1857","forall NODE1,NODE0. ~locked_epoch2(NODE0) | ep_epoch4(NODE1) | held(NODE0) | locked_epoch3(NODE1) | locked_epoch5(NODE1) | transfer_epoch3(NODE0) | transfer_epoch3(NODE1) | transfer_epoch4(NODE0) | transfer_epoch4(NODE1) | transfer_epoch5(NODE0) | transfer_epoch5(NODE1) | NODE0 = NODE1","14","----------0-0-----1--0---0------000000","12","287","3","0101120620"
"1858","forall NODE1,NODE0. ~locked_epoch2(NODE0) | ep_epoch5(NODE1) | held(NODE0) | locked_epoch3(NODE1) | locked_epoch4(NODE1) | transfer_epoch3(NODE0) | transfer_epoch3(NODE1) | transfer_epoch4(NODE0) | transfer_epoch4(NODE1) | transfer_epoch5(NODE0) | transfer_epoch5(NODE1) | NODE0 = NODE1","14","-----------00-----1--0-0--------000000","12","287","3","0101120620"
"1859","forall NODE1,NODE0. ~locked_epoch2(NODE0) | held(NODE0) | locked_epoch3(NODE1) | locked_epoch4(NODE1) | locked_epoch5(NODE1) | transfer_epoch3(NODE0) | transfer_epoch3(NODE1) | transfer_epoch4(NODE0) | transfer_epoch4(NODE1) | transfer_epoch5(NODE0) | transfer_epoch5(NODE1) | NODE0 = NODE1","14","------------0-----1--0-0-0------000000","12","0","157","0001130620"
"1860","forall NODE1,NODE0. ep_epoch0(NODE0) | ep_epoch0(NODE1) | ep_epoch1(NODE0) | ep_epoch1(NODE1) | ep_epoch2(NODE0) | ep_epoch2(NODE1) | ep_epoch4(NODE0) | ep_epoch5(NODE0) | held(NODE1) | transfer_epoch5(NODE0) | transfer_epoch5(NODE1) | NODE0 = NODE1","14","000-00000----0----------------------00","12","297","11","0801000220"
"1861","forall NODE1,NODE0. ep_epoch0(NODE0) | ep_epoch0(NODE1) | ep_epoch1(NODE0) | ep_epoch1(NODE1) | ep_epoch2(NODE0) | ep_epoch2(NODE1) | ep_epoch4(NODE0) | held(NODE1) | locked_epoch5(NODE0) | transfer_epoch5(NODE0) | transfer_epoch5(NODE1) | NODE0 = NODE1","14","000-0-000----0----------0-----------00","12","296","27","0701010220"
"1862","forall NODE1,NODE0. ep_epoch0(NODE0) | ep_epoch0(NODE1) | ep_epoch1(NODE0) | ep_epoch1(NODE1) | ep_epoch2(NODE0) | ep_epoch2(NODE1) | ep_epoch5(NODE0) | held(NODE1) | locked_epoch4(NODE0) | transfer_epoch5(NODE0) | transfer_epoch5(NODE1) | NODE0 = NODE1","14","000--0000----0--------0-------------00","12","296","27","0701010220"
"1863","forall NODE1,NODE0. ep_epoch0(NODE0) | ep_epoch0(NODE1) | ep_epoch1(NODE0) | ep_epoch1(NODE1) | ep_epoch2(NODE0) | ep_epoch2(NODE1) | held(NODE1) | locked_epoch4(NODE0) | locked_epoch5(NODE0) | transfer_epoch5(NODE0) | transfer_epoch5(NODE1) | NODE0 = NODE1","14","000---000---0----------0-0----------00","12","295","21","0601020220"
"1864","forall NODE1,NODE0. ep_epoch0(NODE0) | ep_epoch0(NODE1) | ep_epoch1(NODE0) | ep_epoch1(NODE1) | ep_epoch3(NODE0) | ep_epoch3(NODE1) | ep_epoch4(NODE0) | ep_epoch5(NODE0) | held(NODE1) | transfer_epoch5(NODE0) | transfer_epoch5(NODE1) | NODE0 = NODE1","14","00-00000-0---0----------------------00","12","297","11","0801000220"
"1865","forall NODE1,NODE0. ep_epoch0(NODE0) | ep_epoch0(NODE1) | ep_epoch1(NODE0) | ep_epoch1(NODE1) | ep_epoch3(NODE0) | ep_epoch3(NODE1) | ep_epoch4(NODE0) | held(NODE1) | locked_epoch5(NODE0) | transfer_epoch5(NODE0) | transfer_epoch5(NODE1) | NODE0 = NODE1","14","00-00-00-0---0----------0-----------00","12","296","27","0701010220"
"1866","forall NODE1,NODE0. ep_epoch0(NODE0) | ep_epoch0(NODE1) | ep_epoch1(NODE0) | ep_epoch1(NODE1) | ep_epoch3(NODE0) | ep_epoch3(NODE1) | ep_epoch5(NODE0) | held(NODE1) | locked_epoch4(NODE0) | transfer_epoch5(NODE0) | transfer_epoch5(NODE1) | NODE0 = NODE1","14","00-0-000-0---0--------0-------------00","12","296","27","0701010220"
"1867","forall NODE1,NODE0. ep_epoch0(NODE0) | ep_epoch0(NODE1) | ep_epoch1(NODE0) | ep_epoch1(NODE1) | ep_epoch3(NODE0) | ep_epoch3(NODE1) | held(NODE1) | locked_epoch4(NODE0) | locked_epoch5(NODE0) | transfer_epoch5(NODE0) | transfer_epoch5(NODE1) | NODE0 = NODE1","14","00-0--00-0--0----------0-0----------00","12","295","21","0601020220"
"1868","forall NODE1,NODE0. ep_epoch0(NODE0) | ep_epoch0(NODE1) | ep_epoch1(NODE0) | ep_epoch1(NODE1) | ep_epoch3(NODE0) | ep_epoch4(NODE0) | ep_epoch4(NODE1) | ep_epoch5(NODE0) | held(NODE1) | transfer_epoch4(NODE0) | transfer_epoch4(NODE1) | NODE0 = NODE1","14","00-00000--0--0--------------------00--","12","297","11","0801000220"
"1869","forall NODE1,NODE0. ep_epoch0(NODE0) | ep_epoch0(NODE1) | ep_epoch1(NODE0) | ep_epoch1(NODE1) | ep_epoch3(NODE0) | ep_epoch4(NODE0) | ep_epoch4(NODE1) | held(NODE1) | locked_epoch5(NODE0) | transfer_epoch4(NODE0) | transfer_epoch4(NODE1) | NODE0 = NODE1","14","00-00-00--0--0----------0---------00--","12","296","27","0701010220"
"1870","forall NODE1,NODE0. ep_epoch0(NODE0) | ep_epoch0(NODE1) | ep_epoch1(NODE0) | ep_epoch1(NODE1) | ep_epoch3(NODE0) | ep_epoch4(NODE0) | ep_epoch5(NODE0) | held(NODE1) | locked_epoch4(NODE1) | transfer_epoch4(NODE0) | transfer_epoch4(NODE1) | NODE0 = NODE1","14","00-00000-----0---------0----------00--","12","296","27","0701010220"
"1871","forall NODE1,NODE0. ep_epoch0(NODE0) | ep_epoch0(NODE1) | ep_epoch1(NODE0) | ep_epoch1(NODE1) | ep_epoch3(NODE0) | ep_epoch4(NODE0) | held(NODE1) | locked_epoch4(NODE1) | locked_epoch5(NODE0) | transfer_epoch4(NODE0) | transfer_epoch4(NODE1) | NODE0 = NODE1","14","00-00-00-----0---------00---------00--","12","295","21","0601020220"
"1872","forall NODE1,NODE0. ep_epoch0(NODE0) | ep_epoch0(NODE1) | ep_epoch1(NODE0) | ep_epoch1(NODE1) | ep_epoch4(NODE0) | ep_epoch4(NODE1) | ep_epoch5(NODE1) | held(NODE0) | locked_epoch3(NODE1) | transfer_epoch4(NODE0) | transfer_epoch4(NODE1) | NODE0 = NODE1","14","00--0000--0--0------0-------------00--","12","296","27","0701010220"
"1873","forall NODE1,NODE0. ep_epoch0(NODE0) | ep_epoch0(NODE1) | ep_epoch1(NODE0) | ep_epoch1(NODE1) | ep_epoch4(NODE0) | ep_epoch4(NODE1) | held(NODE0) | locked_epoch3(NODE1) | locked_epoch5(NODE1) | transfer_epoch4(NODE0) | transfer_epoch4(NODE1) | NODE0 = NODE1","14","00--0-00--0-0--------0---0--------00--","12","295","21","0601020220"
"1874","forall NODE1,NODE0. ep_epoch0(NODE0) | ep_epoch0(NODE1) | ep_epoch1(NODE0) | ep_epoch1(NODE1) | ep_epoch4(NODE1) | ep_epoch5(NODE1) | held(NODE0) | locked_epoch3(NODE1) | locked_epoch4(NODE0) | transfer_epoch4(NODE0) | transfer_epoch4(NODE1) | NODE0 = NODE1","14","00--0000-----0------0--0----------00--","12","295","21","0601020220"
"1875","forall NODE1,NODE0. ep_epoch0(NODE0) | ep_epoch0(NODE1) | ep_epoch1(NODE0) | ep_epoch1(NODE1) | ep_epoch4(NODE1) | held(NODE0) | locked_epoch3(NODE1) | locked_epoch4(NODE0) | locked_epoch5(NODE1) | transfer_epoch4(NODE0) | transfer_epoch4(NODE1) | NODE0 = NODE1","14","00--0-00-----0------0--00---------00--","12","293","5","0501030220"
"1876","forall NODE1,NODE0. ep_epoch0(NODE0) | ep_epoch0(NODE1) | ep_epoch2(NODE0) | ep_epoch2(NODE1) | ep_epoch3(NODE0) | ep_epoch3(NODE1) | ep_epoch4(NODE0) | ep_epoch5(NODE0) | held(NODE1) | transfer_epoch5(NODE0) | transfer_epoch5(NODE1) | NODE0 = NODE1","14","0-00000-00---0----------------------00","12","297","11","0801000220"
"1877","forall NODE1,NODE0. ep_epoch0(NODE0) | ep_epoch0(NODE1) | ep_epoch2(NODE0) | ep_epoch2(NODE1) | ep_epoch3(NODE0) | ep_epoch3(NODE1) | ep_epoch4(NODE0) | held(NODE1) | locked_epoch5(NODE0) | transfer_epoch5(NODE0) | transfer_epoch5(NODE1) | NODE0 = NODE1","14","0-000-0-00---0----------0-----------00","12","296","27","0701010220"
"1878","forall NODE1,NODE0. ep_epoch0(NODE0) | ep_epoch0(NODE1) | ep_epoch2(NODE0) | ep_epoch2(NODE1) | ep_epoch3(NODE0) | ep_epoch3(NODE1) | ep_epoch5(NODE0) | held(NODE1) | locked_epoch4(NODE0) | transfer_epoch5(NODE0) | transfer_epoch5(NODE1) | NODE0 = NODE1","14","0-00-00-00---0--------0-------------00","12","296","27","0701010220"
"1879","forall NODE1,NODE0. ep_epoch0(NODE0) | ep_epoch0(NODE1) | ep_epoch2(NODE0) | ep_epoch2(NODE1) | ep_epoch3(NODE0) | ep_epoch3(NODE1) | held(NODE1) | locked_epoch4(NODE0) | locked_epoch5(NODE0) | transfer_epoch5(NODE0) | transfer_epoch5(NODE1) | NODE0 = NODE1","14","0-00--0-00--0----------0-0----------00","12","295","21","0601020220"
"1880","forall NODE1,NODE0. ep_epoch0(NODE0) | ep_epoch0(NODE1) | ep_epoch2(NODE0) | ep_epoch2(NODE1) | ep_epoch3(NODE0) | ep_epoch4(NODE0) | ep_epoch4(NODE1) | ep_epoch5(NODE0) | held(NODE1) | transfer_epoch4(NODE0) | transfer_epoch4(NODE1) | NODE0 = NODE1","14","0-00000-0-0--0--------------------00--","12","297","11","0801000220"
"1881","forall NODE1,NODE0. ep_epoch0(NODE0) | ep_epoch0(NODE1) | ep_epoch2(NODE0) | ep_epoch2(NODE1) | ep_epoch3(NODE0) | ep_epoch4(NODE0) | ep_epoch4(NODE1) | held(NODE1) | locked_epoch5(NODE0) | transfer_epoch4(NODE0) | transfer_epoch4(NODE1) | NODE0 = NODE1","14","0-000-0-0-0--0----------0---------00--","12","296","27","0701010220"
"1882","forall NODE1,NODE0. ep_epoch0(NODE0) | ep_epoch0(NODE1) | ep_epoch2(NODE0) | ep_epoch2(NODE1) | ep_epoch3(NODE0) | ep_epoch4(NODE0) | ep_epoch5(NODE0) | held(NODE1) | locked_epoch4(NODE1) | transfer_epoch4(NODE0) | transfer_epoch4(NODE1) | NODE0 = NODE1","14","0-00000-0----0---------0----------00--","12","296","27","0701010220"
"1883","forall NODE1,NODE0. ep_epoch0(NODE0) | ep_epoch0(NODE1) | ep_epoch2(NODE0) | ep_epoch2(NODE1) | ep_epoch3(NODE0) | ep_epoch4(NODE0) | held(NODE1) | locked_epoch4(NODE1) | locked_epoch5(NODE0) | transfer_epoch4(NODE0) | transfer_epoch4(NODE1) | NODE0 = NODE1","14","0-000-0-0----0---------00---------00--","12","295","21","0601020220"
"1884","forall NODE1,NODE0. ep_epoch0(NODE0) | ep_epoch0(NODE1) | ep_epoch2(NODE0) | ep_epoch2(NODE1) | ep_epoch4(NODE0) | ep_epoch4(NODE1) | ep_epoch5(NODE1) | held(NODE0) | locked_epoch3(NODE1) | transfer_epoch4(NODE0) | transfer_epoch4(NODE1) | NODE0 = NODE1","14","0-0-000-0-0--0------0-------------00--","12","296","27","0701010220"
"1885","forall NODE1,NODE0. ep_epoch0(NODE0) | ep_epoch0(NODE1) | ep_epoch2(NODE0) | ep_epoch2(NODE1) | ep_epoch4(NODE0) | ep_epoch4(NODE1) | held(NODE0) | locked_epoch3(NODE1) | locked_epoch5(NODE1) | transfer_epoch4(NODE0) | transfer_epoch4(NODE1) | NODE0 = NODE1","14","0-0-0-0-0-0-0--------0---0--------00--","12","295","21","0601020220"
"1886","forall NODE1,NODE0. ep_epoch0(NODE0) | ep_epoch0(NODE1) | ep_epoch2(NODE0) | ep_epoch2(NODE1) | ep_epoch4(NODE1) | ep_epoch5(NODE1) | held(NODE0) | locked_epoch3(NODE1) | locked_epoch4(NODE0) | transfer_epoch4(NODE0) | transfer_epoch4(NODE1) | NODE0 = NODE1","14","0-0-000-0----0------0--0----------00--","12","295","21","0601020220"
"1887","forall NODE1,NODE0. ep_epoch0(NODE0) | ep_epoch0(NODE1) | ep_epoch2(NODE0) | ep_epoch2(NODE1) | ep_epoch4(NODE1) | held(NODE0) | locked_epoch3(NODE1) | locked_epoch4(NODE0) | locked_epoch5(NODE1) | transfer_epoch4(NODE0) | transfer_epoch4(NODE1) | NODE0 = NODE1","14","0-0-0-0-0----0------0--00---------00--","12","293","5","0501030220"
"1888","forall NODE1,NODE0. ep_epoch0(NODE0) | ep_epoch0(NODE1) | ep_epoch2(NODE0) | ep_epoch3(NODE0) | ep_epoch3(NODE1) | ep_epoch4(NODE0) | ep_epoch4(NODE1) | ep_epoch5(NODE0) | held(NODE1) | transfer_epoch3(NODE0) | transfer_epoch3(NODE1) | NODE0 = NODE1","14","0-00000--00--0------------------00----","12","297","11","0801000220"
"1889","forall NODE1,NODE0. ep_epoch0(NODE0) | ep_epoch0(NODE1) | ep_epoch2(NODE0) | ep_epoch3(NODE0) | ep_epoch3(NODE1) | ep_epoch4(NODE0) | ep_epoch4(NODE1) | held(NODE1) | locked_epoch5(NODE0) | transfer_epoch3(NODE0) | transfer_epoch3(NODE1) | NODE0 = NODE1","14","0-000-0--00--0----------0-------00----","12","296","27","0701010220"
"1890","forall NODE1,NODE0. ep_epoch0(NODE0) | ep_epoch0(NODE1) | ep_epoch2(NODE0) | ep_epoch3(NODE0) | ep_epoch3(NODE1) | ep_epoch4(NODE0) | ep_epoch5(NODE0) | held(NODE1) | locked_epoch4(NODE1) | transfer_epoch3(NODE0) | transfer_epoch3(NODE1) | NODE0 = NODE1","14","0-00000--0---0---------0--------00----","12","296","27","0701010220"
"1891","forall NODE1,NODE0. ep_epoch0(NODE0) | ep_epoch0(NODE1) | ep_epoch2(NODE0) | ep_epoch3(NODE0) | ep_epoch3(NODE1) | ep_epoch4(NODE0) | held(NODE1) | locked_epoch4(NODE1) | locked_epoch5(NODE0) | transfer_epoch3(NODE0) | transfer_epoch3(NODE1) | NODE0 = NODE1","14","0-000-0--0---0---------00-------00----","12","295","21","0601020220"
"1892","forall NODE1,NODE0. ep_epoch0(NODE0) | ep_epoch0(NODE1) | ep_epoch2(NODE0) | ep_epoch3(NODE0) | ep_epoch4(NODE1) | held(NODE1) | locked_epoch4(NODE0) | transfer_epoch3(NODE0) | transfer_epoch3(NODE1) | transfer_epoch4(NODE0) | transfer_epoch4(NODE1) | NODE0 = NODE1","14","0-00--0---0--0--------0---------0000--","12","292","21","0501010420"
"1893","forall NODE1,NODE0. ep_epoch0(NODE0) | ep_epoch0(NODE1) | ep_epoch2(NODE0) | ep_epoch3(NODE0) | held(NODE1) | locked_epoch4(NODE0) | locked_epoch4(NODE1) | transfer_epoch3(NODE0) | transfer_epoch3(NODE1) | transfer_epoch4(NODE0) | transfer_epoch4(NODE1) | NODE0 = NODE1","14","0-00--0------0--------00--------0000--","12","291","40","0401020420"
"1894","forall NODE1,NODE0. ep_epoch0(NODE0) | ep_epoch0(NODE1) | ep_epoch2(NODE1) | ep_epoch3(NODE0) | ep_epoch5(NODE1) | held(NODE0) | locked_epoch3(NODE1) | transfer_epoch3(NODE0) | transfer_epoch3(NODE1) | transfer_epoch5(NODE0) | transfer_epoch5(NODE1) | NODE0 = NODE1","14","0-0--00--0---0------0-----------00--00","12","292","21","0501010420"
"1895","forall NODE1,NODE0. ep_epoch0(NODE0) | ep_epoch0(NODE1) | ep_epoch2(NODE1) | ep_epoch3(NODE0) | held(NODE0) | locked_epoch3(NODE1) | locked_epoch5(NODE1) | transfer_epoch3(NODE0) | transfer_epoch3(NODE1) | transfer_epoch5(NODE0) | transfer_epoch5(NODE1) | NODE0 = NODE1","14","0-0---0--0---0------0---0-------00--00","12","291","40","0401020420"
"1896","forall NODE1,NODE0. ep_epoch0(NODE0) | ep_epoch0(NODE1) | ep_epoch2(NODE1) | ep_epoch4(NODE0) | ep_epoch5(NODE0) | held(NODE1) | locked_epoch2(NODE0) | transfer_epoch4(NODE0) | transfer_epoch4(NODE1) | transfer_epoch5(NODE0) | transfer_epoch5(NODE1) | NODE0 = NODE1","14","0-0---0---000------0--------------0000","12","292","21","0501010420"
"1897","forall NODE1,NODE0. ep_epoch0(NODE0) | ep_epoch0(NODE1) | ep_epoch2(NODE1) | ep_epoch4(NODE0) | held(NODE1) | locked_epoch2(NODE0) | locked_epoch5(NODE0) | transfer_epoch4(NODE0) | transfer_epoch4(NODE1) | transfer_epoch5(NODE0) | transfer_epoch5(NODE1) | NODE0 = NODE1","14","0-0---0---0-0------0-----0--------0000","12","291","40","0401020420"
"1898","forall NODE1,NODE0. ep_epoch0(NODE0) | ep_epoch0(NODE1) | ep_epoch2(NODE1) | ep_epoch4(NODE0) | held(NODE0) | locked_epoch3(NODE1) | locked_epoch4(NODE1) | transfer_epoch3(NODE0) | transfer_epoch3(NODE1) | transfer_epoch4(NODE0) | transfer_epoch4(NODE1) | NODE0 = NODE1","14","0-0---0---0--0------0-0---------0000--","12","291","40","0401020420"
"1899","forall NODE1,NODE0. ep_epoch0(NODE0) | ep_epoch0(NODE1) | ep_epoch2(NODE1) | ep_epoch5(NODE0) | held(NODE1) | locked_epoch2(NODE0) | locked_epoch4(NODE0) | transfer_epoch4(NODE0) | transfer_epoch4(NODE1) | transfer_epoch5(NODE0) | transfer_epoch5(NODE1) | NODE0 = NODE1","14","0-0---0----00------0---0----------0000","12","291","40","0401020420"
"1900","forall NODE1,NODE0. ep_epoch0(NODE0) | ep_epoch0(NODE1) | ep_epoch2(NODE1) | held(NODE1) | locked_epoch2(NODE0) | locked_epoch4(NODE0) | locked_epoch5(NODE0) | transfer_epoch4(NODE0) | transfer_epoch4(NODE1) | transfer_epoch5(NODE0) | transfer_epoch5(NODE1) | NODE0 = NODE1","14","0-0---0-----0------0---0-0--------0000","12","290","27","0301030420"
"1901","forall NODE1,NODE0. ep_epoch0(NODE0) | ep_epoch0(NODE1) | ep_epoch2(NODE1) | held(NODE0) | locked_epoch3(NODE1) | locked_epoch4(NODE0) | locked_epoch4(NODE1) | transfer_epoch3(NODE0) | transfer_epoch3(NODE1) | transfer_epoch4(NODE0) | transfer_epoch4(NODE1) | NODE0 = NODE1","14","0-0---0------0------0-00--------0000--","12","290","27","0301030420"
"1902","forall NODE1,NODE0. ep_epoch0(NODE0) | ep_epoch0(NODE1) | ep_epoch3(NODE0) | ep_epoch3(NODE1) | ep_epoch4(NODE0) | ep_epoch4(NODE1) | ep_epoch5(NODE0) | held(NODE1) | locked_epoch2(NODE0) | transfer_epoch3(NODE0) | transfer_epoch3(NODE1) | NODE0 = NODE1","14","0--0000--00--0----0-------------00----","12","296","27","0701010220"
"1903","forall NODE1,NODE0. ep_epoch0(NODE0) | ep_epoch0(NODE1) | ep_epoch3(NODE0) | ep_epoch3(NODE1) | ep_epoch4(NODE0) | ep_epoch4(NODE1) | held(NODE1) | locked_epoch2(NODE0) | locked_epoch5(NODE0) | transfer_epoch3(NODE0) | transfer_epoch3(NODE1) | NODE0 = NODE1","14","0--00-0--00-0------0-----0------00----","12","295","21","0601020220"
"1904","forall NODE1,NODE0. ep_epoch0(NODE0) | ep_epoch0(NODE1) | ep_epoch3(NODE0) | ep_epoch3(NODE1) | ep_epoch4(NODE0) | ep_epoch5(NODE0) | held(NODE1) | locked_epoch2(NODE0) | locked_epoch4(NODE1) | transfer_epoch3(NODE0) | transfer_epoch3(NODE1) | NODE0 = NODE1","14","0--0000--0---0----0----0--------00----","12","295","21","0601020220"
"1905","forall NODE1,NODE0. ep_epoch0(NODE0) | ep_epoch0(NODE1) | ep_epoch3(NODE0) | ep_epoch3(NODE1) | ep_epoch4(NODE0) | held(NODE1) | locked_epoch2(NODE0) | locked_epoch4(NODE1) | locked_epoch5(NODE0) | transfer_epoch3(NODE0) | transfer_epoch3(NODE1) | NODE0 = NODE1","14","0--00-0--0---0----0----00-------00----","12","293","5","0501030220"
"1906","forall NODE1,NODE0. ep_epoch0(NODE0) | ep_epoch0(NODE1) | ep_epoch3(NODE0) | ep_epoch4(NODE1) | held(NODE1) | locked_epoch2(NODE0) | locked_epoch4(NODE0) | transfer_epoch3(NODE0) | transfer_epoch3(NODE1) | transfer_epoch4(NODE0) | transfer_epoch4(NODE1) | NODE0 = NODE1","14","0--0--0---0--0----0---0---------0000--","12","291","40","0401020420"
"1907","forall NODE1,NODE0. ep_epoch0(NODE0) | ep_epoch0(NODE1) | ep_epoch3(NODE0) | ep_epoch5(NODE1) | held(NODE0) | locked_epoch2(NODE1) | locked_epoch3(NODE1) | transfer_epoch3(NODE0) | transfer_epoch3(NODE1) | transfer_epoch5(NODE0) | transfer_epoch5(NODE1) | NODE0 = NODE1","14","0--0--0----00------0-0----------00--00","12","291","40","0401020420"
"1908","forall NODE1,NODE0. ep_epoch0(NODE0) | ep_epoch0(NODE1) | ep_epoch3(NODE0) | held(NODE0) | locked_epoch2(NODE1) | locked_epoch3(NODE1) | locked_epoch5(NODE1) | transfer_epoch3(NODE0) | transfer_epoch3(NODE1) | transfer_epoch5(NODE0) | transfer_epoch5(NODE1) | NODE0 = NODE1","14","0--0--0-----0------0-0---0------00--00","12","290","27","0301030420"
"1909","forall NODE1,NODE0. ep_epoch0(NODE0) | ep_epoch0(NODE1) | ep_epoch3(NODE0) | held(NODE1) | locked_epoch2(NODE0) | locked_epoch4(NODE0) | locked_epoch4(NODE1) | transfer_epoch3(NODE0) | transfer_epoch3(NODE1) | transfer_epoch4(NODE0) | transfer_epoch4(NODE1) | NODE0 = NODE1","14","0--0--0------0----0---00--------0000--","12","290","27","0301030420"
"1910","forall NODE1,NODE0. ep_epoch0(NODE0) | ep_epoch0(NODE1) | ep_epoch4(NODE0) | held(NODE0) | locked_epoch2(NODE1) | locked_epoch3(NODE1) | locked_epoch4(NODE1) | transfer_epoch3(NODE0) | transfer_epoch3(NODE1) | transfer_epoch4(NODE0) | transfer_epoch4(NODE1) | NODE0 = NODE1","14","0---0-0-----0------0-0-0--------0000--","12","290","27","0301030420"
"1911","forall NODE1,NODE0. ep_epoch0(NODE0) | ep_epoch0(NODE1) | held(NODE0) | locked_epoch2(NODE1) | locked_epoch3(NODE1) | locked_epoch4(NODE0) | locked_epoch4(NODE1) | transfer_epoch3(NODE0) | transfer_epoch3(NODE1) | transfer_epoch4(NODE0) | transfer_epoch4(NODE1) | NODE0 = NODE1","14","0-----0-----0------0-000--------0000--","12","288","6","0201040420"
"1912","forall NODE1,NODE0. ep_epoch0(NODE0) | ep_epoch1(NODE0) | ep_epoch3(NODE0) | ep_epoch3(NODE1) | ep_epoch4(NODE1) | ep_epoch5(NODE1) | held(NODE0) | transfer_epoch3(NODE0) | transfer_epoch3(NODE1) | transfer_epoch5(NODE0) | transfer_epoch5(NODE1) | NODE0 = NODE1","14","00-0-----0000-------------------00--00","12","294","2","0601000420"
"1913","forall NODE1,NODE0. ep_epoch0(NODE0) | ep_epoch1(NODE0) | ep_epoch3(NODE0) | ep_epoch3(NODE1) | ep_epoch4(NODE1) | held(NODE0) | locked_epoch5(NODE1) | transfer_epoch3(NODE0) | transfer_epoch3(NODE1) | transfer_epoch5(NODE0) | transfer_epoch5(NODE1) | NODE0 = NODE1","14","00-0-----00-0------------0------00--00","12","292","21","0501010420"
"1914","forall NODE1,NODE0. ep_epoch0(NODE0) | ep_epoch1(NODE0) | ep_epoch3(NODE0) | ep_epoch3(NODE1) | ep_epoch5(NODE1) | held(NODE0) | locked_epoch4(NODE1) | transfer_epoch3(NODE0) | transfer_epoch3(NODE1) | transfer_epoch5(NODE0) | transfer_epoch5(NODE1) | NODE0 = NODE1","14","00-0-----0-00----------0--------00--00","12","292","21","0501010420"
"1915","forall NODE1,NODE0. ep_epoch0(NODE0) | ep_epoch1(NODE0) | ep_epoch3(NODE0) | ep_epoch3(NODE1) | held(NODE0) | locked_epoch4(NODE1) | locked_epoch5(NODE1) | transfer_epoch3(NODE0) | transfer_epoch3(NODE1) | transfer_epoch5(NODE0) | transfer_epoch5(NODE1) | NODE0 = NODE1","14","00-0-----0--0----------0-0------00--00","12","291","40","0401020420"
"1916","forall NODE1,NODE0. ep_epoch0(NODE0) | ep_epoch1(NODE0) | ep_epoch3(NODE1) | ep_epoch4(NODE0) | ep_epoch4(NODE1) | ep_epoch5(NODE1) | held(NODE0) | transfer_epoch3(NODE0) | transfer_epoch3(NODE1) | transfer_epoch4(NODE0) | transfer_epoch4(NODE1) | NODE0 = NODE1","14","00--0----0000-------------------0000--","12","294","2","0601000420"
"1917","forall NODE1,NODE0. ep_epoch0(NODE0) | ep_epoch1(NODE0) | ep_epoch3(NODE1) | ep_epoch4(NODE0) | ep_epoch4(NODE1) | held(NODE0) | locked_epoch5(NODE1) | transfer_epoch3(NODE0) | transfer_epoch3(NODE1) | transfer_epoch4(NODE0) | transfer_epoch4(NODE1) | NODE0 = NODE1","14","00--0----00-0------------0------0000--","12","292","21","0501010420"
"1918","forall NODE1,NODE0. ep_epoch0(NODE0) | ep_epoch1(NODE0) | ep_epoch3(NODE1) | ep_epoch4(NODE1) | ep_epoch5(NODE1) | held(NODE0) | locked_epoch4(NODE0) | transfer_epoch3(NODE0) | transfer_epoch3(NODE1) | transfer_epoch4(NODE0) | transfer_epoch4(NODE1) | NODE0 = NODE1","14","00-------0000---------0---------0000--","12","292","21","0501010420"
"1919","forall NODE1,NODE0. ep_epoch0(NODE0) | ep_epoch1(NODE0) | ep_epoch3(NODE1) | ep_epoch4(NODE1) | held(NODE0) | locked_epoch4(NODE0) | locked_epoch5(NODE1) | transfer_epoch3(NODE0) | transfer_epoch3(NODE1) | transfer_epoch4(NODE0) | transfer_epoch4(NODE1) | NODE0 = NODE1","14","00-------00-0---------0--0------0000--","12","291","40","0401020420"
"1920","forall NODE1,NODE0. ep_epoch0(NODE0) | ep_epoch1(NODE0) | ep_epoch4(NODE0) | ep_epoch4(NODE1) | ep_epoch5(NODE1) | held(NODE0) | locked_epoch3(NODE1) | transfer_epoch3(NODE0) | transfer_epoch3(NODE1) | transfer_epoch4(NODE0) | transfer_epoch4(NODE1) | NODE0 = NODE1","14","00--0-----000--------0----------0000--","12","292","21","0501010420"
"1921","forall NODE1,NODE0. ep_epoch0(NODE0) | ep_epoch1(NODE0) | ep_epoch4(NODE0) | ep_epoch4(NODE1) | held(NODE0) | locked_epoch3(NODE1) | locked_epoch5(NODE1) | transfer_epoch3(NODE0) | transfer_epoch3(NODE1) | transfer_epoch4(NODE0) | transfer_epoch4(NODE1) | NODE0 = NODE1","14","00--0-----0-0--------0---0------0000--","12","291","40","0401020420"
"1922","forall NODE1,NODE0. ep_epoch0(NODE0) | ep_epoch1(NODE0) | ep_epoch4(NODE1) | ep_epoch5(NODE1) | held(NODE0) | locked_epoch3(NODE1) | locked_epoch4(NODE0) | transfer_epoch3(NODE0) | transfer_epoch3(NODE1) | transfer_epoch4(NODE0) | transfer_epoch4(NODE1) | NODE0 = NODE1","14","00--------000--------00---------0000--","12","291","40","0401020420"
"1923","forall NODE1,NODE0. ep_epoch0(NODE0) | ep_epoch1(NODE0) | ep_epoch4(NODE1) | held(NODE0) | locked_epoch3(NODE1) | locked_epoch4(NODE0) | locked_epoch5(NODE1) | transfer_epoch3(NODE0) | transfer_epoch3(NODE1) | transfer_epoch4(NODE0) | transfer_epoch4(NODE1) | NODE0 = NODE1","14","00--------0-0--------00--0------0000--","12","290","27","0301030420"
"1924","forall NODE1,NODE0. ep_epoch0(NODE0) | ep_epoch2(NODE0) | ep_epoch2(NODE1) | ep_epoch3(NODE0) | ep_epoch3(NODE1) | ep_epoch4(NODE0) | ep_epoch4(NODE1) | ep_epoch5(NODE1) | held(NODE0) | transfer_epoch2(NODE0) | transfer_epoch2(NODE1) | NODE0 = NODE1","14","0-000---00000-----------------00------","12","297","11","0801000220"
"1925","forall NODE1,NODE0. ep_epoch0(NODE0) | ep_epoch2(NODE0) | ep_epoch2(NODE1) | ep_epoch3(NODE0) | ep_epoch3(NODE1) | ep_epoch4(NODE0) | ep_epoch4(NODE1) | held(NODE0) | locked_epoch5(NODE1) | transfer_epoch2(NODE0) | transfer_epoch2(NODE1) | NODE0 = NODE1","14","0-000---000-0------------0----00------","12","296","27","0701010220"
"1926","forall NODE1,NODE0. ep_epoch0(NODE0) | ep_epoch2(NODE0) | ep_epoch2(NODE1) | ep_epoch3(NODE0) | ep_epoch3(NODE1) | ep_epoch4(NODE1) | ep_epoch5(NODE1) | held(NODE0) | locked_epoch4(NODE0) | transfer_epoch2(NODE0) | transfer_epoch2(NODE1) | NODE0 = NODE1","14","0-00----00000---------0-------00------","12","296","27","0701010220"
"1927","forall NODE1,NODE0. ep_epoch0(NODE0) | ep_epoch2(NODE0) | ep_epoch2(NODE1) | ep_epoch3(NODE0) | ep_epoch3(NODE1) | ep_epoch4(NODE1) | held(NODE0) | locked_epoch4(NODE0) | locked_epoch5(NODE1) | transfer_epoch2(NODE0) | transfer_epoch2(NODE1) | NODE0 = NODE1","14","0-00----000-0---------0--0----00------","12","295","21","0601020220"
"1928","forall NODE1,NODE0. ep_epoch0(NODE0) | ep_epoch2(NODE0) | ep_epoch2(NODE1) | ep_epoch3(NODE0) | ep_epoch5(NODE1) | held(NODE0) | locked_epoch3(NODE1) | transfer_epoch2(NODE0) | transfer_epoch2(NODE1) | transfer_epoch5(NODE0) | transfer_epoch5(NODE1) | NODE0 = NODE1","14","0-00----0--00--------0--------00----00","12","292","21","0501010420"
"1929","forall NODE1,NODE0. ep_epoch0(NODE0) | ep_epoch2(NODE0) | ep_epoch2(NODE1) | ep_epoch3(NODE0) | held(NODE0) | locked_epoch3(NODE1) | locked_epoch5(NODE1) | transfer_epoch2(NODE0) | transfer_epoch2(NODE1) | transfer_epoch5(NODE0) | transfer_epoch5(NODE1) | NODE0 = NODE1","14","0-00----0---0--------0---0----00----00","12","291","40","0401020420"
"1930","forall NODE1,NODE0. ep_epoch0(NODE0) | ep_epoch2(NODE0) | ep_epoch2(NODE1) | ep_epoch3(NODE1) | ep_epoch4(NODE0) | held(NODE0) | locked_epoch4(NODE1) | transfer_epoch2(NODE0) | transfer_epoch2(NODE1) | transfer_epoch4(NODE0) | transfer_epoch4(NODE1) | NODE0 = NODE1","14","0-0-0---00--0----------0------00--00--","12","292","21","0501010420"
"1931","forall NODE1,NODE0. ep_epoch0(NODE0) | ep_epoch2(NODE0) | ep_epoch2(NODE1) | ep_epoch3(NODE1) | held(NODE0) | locked_epoch4(NODE0) | locked_epoch4(NODE1) | transfer_epoch2(NODE0) | transfer_epoch2(NODE1) | transfer_epoch4(NODE0) | transfer_epoch4(NODE1) | NODE0 = NODE1","14","0-0-----00--0---------00------00--00--","12","291","40","0401020420"
"1932","forall NODE1,NODE0. ep_epoch0(NODE0) | ep_epoch2(NODE0) | ep_epoch2(NODE1) | ep_epoch4(NODE0) | held(NODE0) | locked_epoch3(NODE1) | locked_epoch4(NODE1) | transfer_epoch2(NODE0) | transfer_epoch2(NODE1) | transfer_epoch4(NODE0) | transfer_epoch4(NODE1) | NODE0 = NODE1","14","0-0-0---0---0--------0-0------00--00--","12","291","40","0401020420"
"1933","forall NODE1,NODE0. ep_epoch0(NODE0) | ep_epoch2(NODE0) | ep_epoch2(NODE1) | held(NODE0) | locked_epoch3(NODE1) | locked_epoch4(NODE0) | locked_epoch4(NODE1) | transfer_epoch2(NODE0) | transfer_epoch2(NODE1) | transfer_epoch4(NODE0) | transfer_epoch4(NODE1) | NODE0 = NODE1","14","0-0-----0---0--------000------00--00--","12","290","27","0301030420"
"1934","forall NODE1,NODE0. ep_epoch0(NODE0) | ep_epoch2(NODE0) | ep_epoch4(NODE0) | ep_epoch4(NODE1) | ep_epoch5(NODE1) | held(NODE0) | locked_epoch2(NODE1) | transfer_epoch2(NODE0) | transfer_epoch2(NODE1) | transfer_epoch4(NODE0) | transfer_epoch4(NODE1) | NODE0 = NODE1","14","0-0-0-----000------0----------00--00--","12","292","21","0501010420"
"1935","forall NODE1,NODE0. ep_epoch0(NODE0) | ep_epoch2(NODE0) | ep_epoch4(NODE0) | ep_epoch4(NODE1) | held(NODE0) | locked_epoch2(NODE1) | locked_epoch5(NODE1) | transfer_epoch2(NODE0) | transfer_epoch2(NODE1) | transfer_epoch4(NODE0) | transfer_epoch4(NODE1) | NODE0 = NODE1","14","0-0-0-----0-0------0-----0----00--00--","12","291","40","0401020420"
"1936","forall NODE1,NODE0. ep_epoch0(NODE0) | ep_epoch2(NODE0) | ep_epoch4(NODE1) | ep_epoch5(NODE1) | held(NODE0) | locked_epoch2(NODE1) | locked_epoch4(NODE0) | transfer_epoch2(NODE0) | transfer_epoch2(NODE1) | transfer_epoch4(NODE0) | transfer_epoch4(NODE1) | NODE0 = NODE1","14","0-0-------000------0--0-------00--00--","12","291","40","0401020420"
"1937","forall NODE1,NODE0. ep_epoch0(NODE0) | ep_epoch2(NODE0) | ep_epoch4(NODE1) | held(NODE0) | locked_epoch2(NODE1) | locked_epoch4(NODE0) | locked_epoch5(NODE1) | transfer_epoch2(NODE0) | transfer_epoch2(NODE1) | transfer_epoch4(NODE0) | transfer_epoch4(NODE1) | NODE0 = NODE1","14","0-0-------0-0------0--0--0----00--00--","12","290","27","0301030420"
"1938","forall NODE1,NODE0. ep_epoch0(NODE0) | ep_epoch2(NODE1) | ep_epoch3(NODE0) | ep_epoch3(NODE1) | ep_epoch4(NODE0) | held(NODE0) | locked_epoch4(NODE1) | transfer_epoch2(NODE0) | transfer_epoch2(NODE1) | transfer_epoch3(NODE0) | transfer_epoch3(NODE1) | NODE0 = NODE1","14","0--00---00--0----------0------0000----","12","292","21","0501010420"
"1939","forall NODE1,NODE0. ep_epoch0(NODE0) | ep_epoch2(NODE1) | ep_epoch3(NODE0) | ep_epoch3(NODE1) | held(NODE0) | locked_epoch4(NODE0) | locked_epoch4(NODE1) | transfer_epoch2(NODE0) | transfer_epoch2(NODE1) | transfer_epoch3(NODE0) | transfer_epoch3(NODE1) | NODE0 = NODE1","14","0--0----00--0---------00------0000----","12","291","40","0401020420"
"1940","forall NODE1,NODE0. ep_epoch0(NODE0) | ep_epoch2(NODE1) | ep_epoch3(NODE1) | ep_epoch4(NODE0) | held(NODE0) | locked_epoch3(NODE0) | locked_epoch4(NODE1) | transfer_epoch2(NODE0) | transfer_epoch2(NODE1) | transfer_epoch3(NODE0) | transfer_epoch3(NODE1) | NODE0 = NODE1","14","0---0---00--0-------0--0------0000----","12","291","40","0401020420"
"1941","forall NODE1,NODE0. ep_epoch0(NODE0) | ep_epoch2(NODE1) | ep_epoch3(NODE1) | ep_epoch4(NODE1) | ep_epoch5(NODE1) | held(NODE0) | locked_epoch3(NODE0) | transfer_epoch2(NODE0) | transfer_epoch2(NODE1) | transfer_epoch3(NODE0) | transfer_epoch3(NODE1) | NODE0 = NODE1","14","0-------00000-------0---------0000----","12","292","21","0501010420"
"1942","forall NODE1,NODE0. ep_epoch0(NODE0) | ep_epoch2(NODE1) | ep_epoch3(NODE1) | ep_epoch4(NODE1) | held(NODE0) | locked_epoch3(NODE0) | locked_epoch5(NODE1) | transfer_epoch2(NODE0) | transfer_epoch2(NODE1) | transfer_epoch3(NODE0) | transfer_epoch3(NODE1) | NODE0 = NODE1","14","0-------000-0-------0----0----0000----","12","291","40","0401020420"
"1943","forall NODE1,NODE0. ep_epoch0(NODE0) | ep_epoch2(NODE1) | ep_epoch3(NODE1) | ep_epoch5(NODE1) | held(NODE0) | locked_epoch3(NODE0) | locked_epoch4(NODE1) | transfer_epoch2(NODE0) | transfer_epoch2(NODE1) | transfer_epoch3(NODE0) | transfer_epoch3(NODE1) | NODE0 = NODE1","14","0-------00-00-------0--0------0000----","12","291","40","0401020420"
"1944","forall NODE1,NODE0. ep_epoch0(NODE0) | ep_epoch2(NODE1) | ep_epoch3(NODE1) | held(NODE0) | locked_epoch3(NODE0) | locked_epoch4(NODE0) | locked_epoch4(NODE1) | transfer_epoch2(NODE0) | transfer_epoch2(NODE1) | transfer_epoch3(NODE0) | transfer_epoch3(NODE1) | NODE0 = NODE1","14","0-------00--0-------0-00------0000----","12","290","27","0301030420"
"1945","forall NODE1,NODE0. ep_epoch0(NODE0) | ep_epoch2(NODE1) | ep_epoch3(NODE1) | held(NODE0) | locked_epoch3(NODE0) | locked_epoch4(NODE1) | locked_epoch5(NODE1) | transfer_epoch2(NODE0) | transfer_epoch2(NODE1) | transfer_epoch3(NODE0) | transfer_epoch3(NODE1) | NODE0 = NODE1","14","0-------00--0-------0--0-0----0000----","12","290","27","0301030420"
"1946","forall NODE1,NODE0. ep_epoch0(NODE0) | ep_epoch3(NODE0) | ep_epoch3(NODE1) | ep_epoch4(NODE0) | held(NODE0) | locked_epoch2(NODE1) | locked_epoch4(NODE1) | transfer_epoch2(NODE0) | transfer_epoch2(NODE1) | transfer_epoch3(NODE0) | transfer_epoch3(NODE1) | NODE0 = NODE1","14","0--00----0--0------0---0------0000----","12","291","40","0401020420"
"1947","forall NODE1,NODE0. ep_epoch0(NODE0) | ep_epoch3(NODE0) | ep_epoch3(NODE1) | held(NODE0) | locked_epoch2(NODE1) | locked_epoch4(NODE0) | locked_epoch4(NODE1) | transfer_epoch2(NODE0) | transfer_epoch2(NODE1) | transfer_epoch3(NODE0) | transfer_epoch3(NODE1) | NODE0 = NODE1","14","0--0-----0--0------0--00------0000----","12","290","27","0301030420"
"1948","forall NODE1,NODE0. ep_epoch0(NODE0) | ep_epoch3(NODE1) | ep_epoch4(NODE0) | held(NODE0) | locked_epoch2(NODE1) | locked_epoch3(NODE0) | locked_epoch4(NODE1) | transfer_epoch2(NODE0) | transfer_epoch2(NODE1) | transfer_epoch3(NODE0) | transfer_epoch3(NODE1) | NODE0 = NODE1","14","0---0----0--0------00--0------0000----","12","290","27","0301030420"
"1949","forall NODE1,NODE0. ep_epoch0(NODE0) | ep_epoch3(NODE1) | ep_epoch4(NODE1) | ep_epoch5(NODE1) | held(NODE0) | locked_epoch2(NODE1) | locked_epoch3(NODE0) | transfer_epoch2(NODE0) | transfer_epoch2(NODE1) | transfer_epoch3(NODE0) | transfer_epoch3(NODE1) | NODE0 = NODE1","14","0--------0000------00---------0000----","12","291","40","0401020420"
"1950","forall NODE1,NODE0. ep_epoch0(NODE0) | ep_epoch3(NODE1) | ep_epoch4(NODE1) | held(NODE0) | locked_epoch2(NODE1) | locked_epoch3(NODE0) | locked_epoch5(NODE1) | transfer_epoch2(NODE0) | transfer_epoch2(NODE1) | transfer_epoch3(NODE0) | transfer_epoch3(NODE1) | NODE0 = NODE1","14","0--------00-0------00----0----0000----","12","290","27","0301030420"
"1951","forall NODE1,NODE0. ep_epoch0(NODE0) | ep_epoch3(NODE1) | ep_epoch5(NODE1) | held(NODE0) | locked_epoch2(NODE1) | locked_epoch3(NODE0) | locked_epoch4(NODE1) | transfer_epoch2(NODE0) | transfer_epoch2(NODE1) | transfer_epoch3(NODE0) | transfer_epoch3(NODE1) | NODE0 = NODE1","14","0--------0-00------00--0------0000----","12","290","27","0301030420"
"1952","forall NODE1,NODE0. ep_epoch0(NODE0) | ep_epoch3(NODE1) | held(NODE0) | locked_epoch2(NODE1) | locked_epoch3(NODE0) | locked_epoch4(NODE0) | locked_epoch4(NODE1) | transfer_epoch2(NODE0) | transfer_epoch2(NODE1) | transfer_epoch3(NODE0) | transfer_epoch3(NODE1) | NODE0 = NODE1","14","0--------0--0------00-00------0000----","12","288","6","0201040420"
"1953","forall NODE1,NODE0. ep_epoch0(NODE0) | ep_epoch3(NODE1) | held(NODE0) | locked_epoch2(NODE1) | locked_epoch3(NODE0) | locked_epoch4(NODE1) | locked_epoch5(NODE1) | transfer_epoch2(NODE0) | transfer_epoch2(NODE1) | transfer_epoch3(NODE0) | transfer_epoch3(NODE1) | NODE0 = NODE1","14","0--------0--0------00--0-0----0000----","12","288","6","0201040420"
"1954","forall NODE1,NODE0. ep_epoch1(NODE0) | ep_epoch1(NODE1) | ep_epoch2(NODE0) | ep_epoch2(NODE1) | ep_epoch3(NODE0) | ep_epoch3(NODE1) | ep_epoch4(NODE0) | ep_epoch5(NODE0) | held(NODE1) | transfer_epoch5(NODE0) | transfer_epoch5(NODE1) | NODE0 = NODE1","14","-00000-000---0----------------------00","12","297","11","0801000220"
"1955","forall NODE1,NODE0. ep_epoch1(NODE0) | ep_epoch1(NODE1) | ep_epoch2(NODE0) | ep_epoch2(NODE1) | ep_epoch3(NODE0) | ep_epoch3(NODE1) | ep_epoch4(NODE0) | held(NODE1) | locked_epoch5(NODE0) | transfer_epoch5(NODE0) | transfer_epoch5(NODE1) | NODE0 = NODE1","14","-0000--000---0----------0-----------00","12","296","27","0701010220"
"1956","forall NODE1,NODE0. ep_epoch1(NODE0) | ep_epoch1(NODE1) | ep_epoch2(NODE0) | ep_epoch2(NODE1) | ep_epoch3(NODE0) | ep_epoch3(NODE1) | ep_epoch5(NODE0) | held(NODE1) | locked_epoch4(NODE0) | transfer_epoch5(NODE0) | transfer_epoch5(NODE1) | NODE0 = NODE1","14","-000-0-000---0--------0-------------00","12","296","27","0701010220"
"1957","forall NODE1,NODE0. ep_epoch1(NODE0) | ep_epoch1(NODE1) | ep_epoch2(NODE0) | ep_epoch2(NODE1) | ep_epoch3(NODE0) | ep_epoch3(NODE1) | held(NODE1) | locked_epoch4(NODE0) | locked_epoch5(NODE0) | transfer_epoch5(NODE0) | transfer_epoch5(NODE1) | NODE0 = NODE1","14","-000---000--0----------0-0----------00","12","295","21","0601020220"
"1958","forall NODE1,NODE0. ep_epoch1(NODE0) | ep_epoch1(NODE1) | ep_epoch2(NODE0) | ep_epoch2(NODE1) | ep_epoch3(NODE0) | ep_epoch4(NODE0) | ep_epoch4(NODE1) | ep_epoch5(NODE0) | held(NODE1) | transfer_epoch4(NODE0) | transfer_epoch4(NODE1) | NODE0 = NODE1","14","-00000-00-0--0--------------------00--","12","297","11","0801000220"
"1959","forall NODE1,NODE0. ep_epoch1(NODE0) | ep_epoch1(NODE1) | ep_epoch2(NODE0) | ep_epoch2(NODE1) | ep_epoch3(NODE0) | ep_epoch4(NODE0) | ep_epoch4(NODE1) | held(NODE1) | locked_epoch5(NODE0) | transfer_epoch4(NODE0) | transfer_epoch4(NODE1) | NODE0 = NODE1","14","-0000--00-0--0----------0---------00--","12","296","27","0701010220"
"1960","forall NODE1,NODE0. ep_epoch1(NODE0) | ep_epoch1(NODE1) | ep_epoch2(NODE0) | ep_epoch2(NODE1) | ep_epoch3(NODE0) | ep_epoch4(NODE0) | ep_epoch5(NODE0) | held(NODE1) | locked_epoch4(NODE1) | transfer_epoch4(NODE0) | transfer_epoch4(NODE1) | NODE0 = NODE1","14","-00000-00----0---------0----------00--","12","296","27","0701010220"
"1961","forall NODE1,NODE0. ep_epoch1(NODE0) | ep_epoch1(NODE1) | ep_epoch2(NODE0) | ep_epoch2(NODE1) | ep_epoch3(NODE0) | ep_epoch4(NODE0) | held(NODE1) | locked_epoch4(NODE1) | locked_epoch5(NODE0) | transfer_epoch4(NODE0) | transfer_epoch4(NODE1) | NODE0 = NODE1","14","-0000--00----0---------00---------00--","12","295","21","0601020220"
"1962","forall NODE1,NODE0. ep_epoch1(NODE0) | ep_epoch1(NODE1) | ep_epoch2(NODE0) | ep_epoch2(NODE1) | ep_epoch4(NODE0) | ep_epoch4(NODE1) | ep_epoch5(NODE1) | held(NODE0) | locked_epoch3(NODE1) | transfer_epoch4(NODE0) | transfer_epoch4(NODE1) | NODE0 = NODE1","14","-00-00-00-0--0------0-------------00--","12","296","27","0701010220"
"1963","forall NODE1,NODE0. ep_epoch1(NODE0) | ep_epoch1(NODE1) | ep_epoch2(NODE0) | ep_epoch2(NODE1) | ep_epoch4(NODE0) | ep_epoch4(NODE1) | held(NODE0) | locked_epoch3(NODE1) | locked_epoch5(NODE1) | transfer_epoch4(NODE0) | transfer_epoch4(NODE1) | NODE0 = NODE1","14","-00-0--00-0-0--------0---0--------00--","12","295","21","0601020220"
"1964","forall NODE1,NODE0. ep_epoch1(NODE0) | ep_epoch1(NODE1) | ep_epoch2(NODE0) | ep_epoch2(NODE1) | ep_epoch4(NODE1) | ep_epoch5(NODE1) | held(NODE0) | locked_epoch3(NODE1) | locked_epoch4(NODE0) | transfer_epoch4(NODE0) | transfer_epoch4(NODE1) | NODE0 = NODE1","14","-00-00-00----0------0--0----------00--","12","295","21","0601020220"
"1965","forall NODE1,NODE0. ep_epoch1(NODE0) | ep_epoch1(NODE1) | ep_epoch2(NODE0) | ep_epoch2(NODE1) | ep_epoch4(NODE1) | held(NODE0) | locked_epoch3(NODE1) | locked_epoch4(NODE0) | locked_epoch5(NODE1) | transfer_epoch4(NODE0) | transfer_epoch4(NODE1) | NODE0 = NODE1","14","-00-0--00----0------0--00---------00--","12","293","5","0501030220"
"1966","forall NODE1,NODE0. ep_epoch1(NODE0) | ep_epoch1(NODE1) | ep_epoch2(NODE0) | ep_epoch3(NODE0) | ep_epoch3(NODE1) | ep_epoch4(NODE0) | ep_epoch4(NODE1) | ep_epoch5(NODE0) | held(NODE1) | transfer_epoch3(NODE0) | transfer_epoch3(NODE1) | NODE0 = NODE1","14","-00000-0-00--0------------------00----","12","297","11","0801000220"
"1967","forall NODE1,NODE0. ep_epoch1(NODE0) | ep_epoch1(NODE1) | ep_epoch2(NODE0) | ep_epoch3(NODE0) | ep_epoch3(NODE1) | ep_epoch4(NODE0) | ep_epoch4(NODE1) | held(NODE1) | locked_epoch5(NODE0) | transfer_epoch3(NODE0) | transfer_epoch3(NODE1) | NODE0 = NODE1","14","-0000--0-00--0----------0-------00----","12","296","27","0701010220"
"1968","forall NODE1,NODE0. ep_epoch1(NODE0) | ep_epoch1(NODE1) | ep_epoch2(NODE0) | ep_epoch3(NODE0) | ep_epoch3(NODE1) | ep_epoch4(NODE0) | ep_epoch5(NODE0) | held(NODE1) | locked_epoch4(NODE1) | transfer_epoch3(NODE0) | transfer_epoch3(NODE1) | NODE0 = NODE1","14","-00000-0-0---0---------0--------00----","12","296","27","0701010220"
"1969","forall NODE1,NODE0. ep_epoch1(NODE0) | ep_epoch1(NODE1) | ep_epoch2(NODE0) | ep_epoch3(NODE0) | ep_epoch3(NODE1) | ep_epoch4(NODE0) | held(NODE1) | locked_epoch4(NODE1) | locked_epoch5(NODE0) | transfer_epoch3(NODE0) | transfer_epoch3(NODE1) | NODE0 = NODE1","14","-0000--0-0---0---------00-------00----","12","295","21","0601020220"
"1970","forall NODE1,NODE0. ep_epoch1(NODE0) | ep_epoch1(NODE1) | ep_epoch2(NODE0) | ep_epoch3(NODE0) | ep_epoch4(NODE1) | held(NODE1) | locked_epoch4(NODE0) | transfer_epoch3(NODE0) | transfer_epoch3(NODE1) | transfer_epoch4(NODE0) | transfer_epoch4(NODE1) | NODE0 = NODE1","14","-000---0--0--0--------0---------0000--","12","292","21","0501010420"
"1971","forall NODE1,NODE0. ep_epoch1(NODE0) | ep_epoch1(NODE1) | ep_epoch2(NODE0) | ep_epoch3(NODE0) | held(NODE1) | locked_epoch4(NODE0) | locked_epoch4(NODE1) | transfer_epoch3(NODE0) | transfer_epoch3(NODE1) | transfer_epoch4(NODE0) | transfer_epoch4(NODE1) | NODE0 = NODE1","14","-000---0-----0--------00--------0000--","12","291","40","0401020420"
"1972","forall NODE1,NODE0. ep_epoch1(NODE0) | ep_epoch1(NODE1) | ep_epoch2(NODE1) | ep_epoch3(NODE0) | ep_epoch5(NODE1) | held(NODE0) | locked_epoch3(NODE1) | transfer_epoch3(NODE0) | transfer_epoch3(NODE1) | transfer_epoch5(NODE0) | transfer_epoch5(NODE1) | NODE0 = NODE1","14","-00--0-0-0---0------0-----------00--00","12","292","21","0501010420"
"1973","forall NODE1,NODE0. ep_epoch1(NODE0) | ep_epoch1(NODE1) | ep_epoch2(NODE1) | ep_epoch3(NODE0) | held(NODE0) | locked_epoch3(NODE1) | locked_epoch5(NODE1) | transfer_epoch3(NODE0) | transfer_epoch3(NODE1) | transfer_epoch5(NODE0) | transfer_epoch5(NODE1) | NODE0 = NODE1","14","-00----0-0---0------0---0-------00--00","12","291","40","0401020420"
"1974","forall NODE1,NODE0. ep_epoch1(NODE0) | ep_epoch1(NODE1) | ep_epoch2(NODE1) | ep_epoch4(NODE0) | ep_epoch5(NODE0) | held(NODE1) | locked_epoch2(NODE0) | transfer_epoch4(NODE0) | transfer_epoch4(NODE1) | transfer_epoch5(NODE0) | transfer_epoch5(NODE1) | NODE0 = NODE1","14","-00----0--000------0--------------0000","12","292","21","0501010420"
"1975","forall NODE1,NODE0. ep_epoch1(NODE0) | ep_epoch1(NODE1) | ep_epoch2(NODE1) | ep_epoch4(NODE0) | held(NODE1) | locked_epoch2(NODE0) | locked_epoch5(NODE0) | transfer_epoch4(NODE0) | transfer_epoch4(NODE1) | transfer_epoch5(NODE0) | transfer_epoch5(NODE1) | NODE0 = NODE1","14","-00----0--0-0------0-----0--------0000","12","291","40","0401020420"
"1976","forall NODE1,NODE0. ep_epoch1(NODE0) | ep_epoch1(NODE1) | ep_epoch2(NODE1) | ep_epoch4(NODE0) | held(NODE0) | locked_epoch3(NODE1) | locked_epoch4(NODE1) | transfer_epoch3(NODE0) | transfer_epoch3(NODE1) | transfer_epoch4(NODE0) | transfer_epoch4(NODE1) | NODE0 = NODE1","14","-00----0--0--0------0-0---------0000--","12","291","40","0401020420"
"1977","forall NODE1,NODE0. ep_epoch1(NODE0) | ep_epoch1(NODE1) | ep_epoch2(NODE1) | ep_epoch5(NODE0) | held(NODE1) | locked_epoch2(NODE0) | locked_epoch4(NODE0) | transfer_epoch4(NODE0) | transfer_epoch4(NODE1) | transfer_epoch5(NODE0) | transfer_epoch5(NODE1) | NODE0 = NODE1","14","-00----0---00------0---0----------0000","12","291","40","0401020420"
"1978","forall NODE1,NODE0. ep_epoch1(NODE0) | ep_epoch1(NODE1) | ep_epoch2(NODE1) | held(NODE1) | locked_epoch2(NODE0) | locked_epoch4(NODE0) | locked_epoch5(NODE0) | transfer_epoch4(NODE0) | transfer_epoch4(NODE1) | transfer_epoch5(NODE0) | transfer_epoch5(NODE1) | NODE0 = NODE1","14","-00----0----0------0---0-0--------0000","12","290","27","0301030420"
"1979","forall NODE1,NODE0. ep_epoch1(NODE0) | ep_epoch1(NODE1) | ep_epoch2(NODE1) | held(NODE0) | locked_epoch3(NODE1) | locked_epoch4(NODE0) | locked_epoch4(NODE1) | transfer_epoch3(NODE0) | transfer_epoch3(NODE1) | transfer_epoch4(NODE0) | transfer_epoch4(NODE1) | NODE0 = NODE1","14","-00----0-----0------0-00--------0000--","12","290","27","0301030420"
"1980","forall NODE1,NODE0. ep_epoch1(NODE0) | ep_epoch1(NODE1) | ep_epoch3(NODE0) | ep_epoch3(NODE1) | ep_epoch4(NODE0) | ep_epoch4(NODE1) | ep_epoch5(NODE0) | held(NODE1) | locked_epoch2(NODE0) | transfer_epoch3(NODE0) | transfer_epoch3(NODE1) | NODE0 = NODE1","14","-0-000-0-00--0----0-------------00----","12","296","27","0701010220"
"1981","forall NODE1,NODE0. ep_epoch1(NODE0) | ep_epoch1(NODE1) | ep_epoch3(NODE0) | ep_epoch3(NODE1) | ep_epoch4(NODE0) | ep_epoch4(NODE1) | held(NODE1) | locked_epoch2(NODE0) | locked_epoch5(NODE0) | transfer_epoch3(NODE0) | transfer_epoch3(NODE1) | NODE0 = NODE1","14","-0-00--0-00-0------0-----0------00----","12","295","21","0601020220"
"1982","forall NODE1,NODE0. ep_epoch1(NODE0) | ep_epoch1(NODE1) | ep_epoch3(NODE0) | ep_epoch3(NODE1) | ep_epoch4(NODE0) | ep_epoch5(NODE0) | held(NODE1) | locked_epoch2(NODE0) | locked_epoch4(NODE1) | transfer_epoch3(NODE0) | transfer_epoch3(NODE1) | NODE0 = NODE1","14","-0-000-0-0---0----0----0--------00----","12","295","21","0601020220"
"1983","forall NODE1,NODE0. ep_epoch1(NODE0) | ep_epoch1(NODE1) | ep_epoch3(NODE0) | ep_epoch3(NODE1) | ep_epoch4(NODE0) | held(NODE1) | locked_epoch2(NODE0) | locked_epoch4(NODE1) | locked_epoch5(NODE0) | transfer_epoch3(NODE0) | transfer_epoch3(NODE1) | NODE0 = NODE1","14","-0-00--0-0---0----0----00-------00----","12","293","5","0501030220"
"1984","forall NODE1,NODE0. ep_epoch1(NODE0) | ep_epoch1(NODE1) | ep_epoch3(NODE0) | ep_epoch4(NODE1) | held(NODE1) | locked_epoch2(NODE0) | locked_epoch4(NODE0) | transfer_epoch3(NODE0) | transfer_epoch3(NODE1) | transfer_epoch4(NODE0) | transfer_epoch4(NODE1) | NODE0 = NODE1","14","-0-0---0--0--0----0---0---------0000--","12","291","40","0401020420"
"1985","forall NODE1,NODE0. ep_epoch1(NODE0) | ep_epoch1(NODE1) | ep_epoch3(NODE0) | ep_epoch5(NODE1) | held(NODE0) | locked_epoch2(NODE1) | locked_epoch3(NODE1) | transfer_epoch3(NODE0) | transfer_epoch3(NODE1) | transfer_epoch5(NODE0) | transfer_epoch5(NODE1) | NODE0 = NODE1","14","-0-0---0---00------0-0----------00--00","12","291","40","0401020420"
"1986","forall NODE1,NODE0. ep_epoch1(NODE0) | ep_epoch1(NODE1) | ep_epoch3(NODE0) | held(NODE0) | locked_epoch2(NODE1) | locked_epoch3(NODE1) | locked_epoch5(NODE1) | transfer_epoch3(NODE0) | transfer_epoch3(NODE1) | transfer_epoch5(NODE0) | transfer_epoch5(NODE1) | NODE0 = NODE1","14","-0-0---0----0------0-0---0------00--00","12","290","27","0301030420"
"1987","forall NODE1,NODE0. ep_epoch1(NODE0) | ep_epoch1(NODE1) | ep_epoch3(NODE0) | held(NODE1) | locked_epoch2(NODE0) | locked_epoch4(NODE0) | locked_epoch4(NODE1) | transfer_epoch3(NODE0) | transfer_epoch3(NODE1) | transfer_epoch4(NODE0) | transfer_epoch4(NODE1) | NODE0 = NODE1","14","-0-0---0-----0----0---00--------0000--","12","290","27","0301030420"
"1988","forall NODE1,NODE0. ep_epoch1(NODE0) | ep_epoch1(NODE1) | ep_epoch4(NODE0) | held(NODE0) | locked_epoch2(NODE1) | locked_epoch3(NODE1) | locked_epoch4(NODE1) | transfer_epoch3(NODE0) | transfer_epoch3(NODE1) | transfer_epoch4(NODE0) | transfer_epoch4(NODE1) | NODE0 = NODE1","14","-0--0--0----0------0-0-0--------0000--","12","290","27","0301030420"
"1989","forall NODE1,NODE0. ep_epoch1(NODE0) | ep_epoch1(NODE1) | held(NODE0) | locked_epoch2(NODE1) | locked_epoch3(NODE1) | locked_epoch4(NODE0) | locked_epoch4(NODE1) | transfer_epoch3(NODE0) | transfer_epoch3(NODE1) | transfer_epoch4(NODE0) | transfer_epoch4(NODE1) | NODE0 = NODE1","14","-0-----0----0------0-000--------0000--","12","288","6","0201040420"
"1990","forall NODE1,NODE0. ep_epoch1(NODE0) | ep_epoch2(NODE0) | ep_epoch2(NODE1) | ep_epoch3(NODE0) | ep_epoch3(NODE1) | ep_epoch4(NODE0) | ep_epoch4(NODE1) | ep_epoch5(NODE0) | held(NODE1) | transfer_epoch2(NODE0) | transfer_epoch2(NODE1) | NODE0 = NODE1","14","-00000--000--0----------------00------","12","297","11","0801000220"
"1991","forall NODE1,NODE0. ep_epoch1(NODE0) | ep_epoch2(NODE0) | ep_epoch2(NODE1) | ep_epoch3(NODE0) | ep_epoch3(NODE1) | ep_epoch4(NODE0) | ep_epoch4(NODE1) | held(NODE1) | locked_epoch5(NODE0) | transfer_epoch2(NODE0) | transfer_epoch2(NODE1) | NODE0 = NODE1","14","-0000---000--0----------0-----00------","12","296","27","0701010220"
"1992","forall NODE1,NODE0. ep_epoch1(NODE0) | ep_epoch2(NODE0) | ep_epoch2(NODE1) | ep_epoch3(NODE0) | ep_epoch3(NODE1) | ep_epoch4(NODE0) | ep_epoch5(NODE0) | held(NODE1) | locked_epoch4(NODE1) | transfer_epoch2(NODE0) | transfer_epoch2(NODE1) | NODE0 = NODE1","14","-00000--00---0---------0------00------","12","296","27","0701010220"
"1993","forall NODE1,NODE0. ep_epoch1(NODE0) | ep_epoch2(NODE0) | ep_epoch2(NODE1) | ep_epoch3(NODE0) | ep_epoch3(NODE1) | ep_epoch4(NODE0) | held(NODE1) | locked_epoch4(NODE1) | locked_epoch5(NODE0) | transfer_epoch2(NODE0) | transfer_epoch2(NODE1) | NODE0 = NODE1","14","-0000---00---0---------00-----00------","12","295","21","0601020220"
"1994","forall NODE1,NODE0. ep_epoch1(NODE0) | ep_epoch2(NODE0) | ep_epoch2(NODE1) | ep_epoch3(NODE0) | ep_epoch4(NODE1) | held(NODE1) | locked_epoch4(NODE0) | transfer_epoch2(NODE0) | transfer_epoch2(NODE1) | transfer_epoch4(NODE0) | transfer_epoch4(NODE1) | NODE0 = NODE1","14","-000----0-0--0--------0-------00--00--","12","292","21","0501010420"
"1995","forall NODE1,NODE0. ep_epoch1(NODE0) | ep_epoch2(NODE0) | ep_epoch2(NODE1) | ep_epoch3(NODE0) | held(NODE1) | locked_epoch4(NODE0) | locked_epoch4(NODE1) | transfer_epoch2(NODE0) | transfer_epoch2(NODE1) | transfer_epoch4(NODE0) | transfer_epoch4(NODE1) | NODE0 = NODE1","14","-000----0----0--------00------00--00--","12","291","40","0401020420"
"1996","forall NODE1,NODE0. ep_epoch1(NODE0) | ep_epoch2(NODE0) | ep_epoch2(NODE1) | ep_epoch3(NODE1) | ep_epoch5(NODE0) | held(NODE1) | locked_epoch3(NODE0) | transfer_epoch2(NODE0) | transfer_epoch2(NODE1) | transfer_epoch5(NODE0) | transfer_epoch5(NODE1) | NODE0 = NODE1","14","-00--0--00---0------0---------00----00","12","292","21","0501010420"
"1997","forall NODE1,NODE0. ep_epoch1(NODE0) | ep_epoch2(NODE0) | ep_epoch2(NODE1) | ep_epoch3(NODE1) | held(NODE1) | locked_epoch3(NODE0) | locked_epoch5(NODE0) | transfer_epoch2(NODE0) | transfer_epoch2(NODE1) | transfer_epoch5(NODE0) | transfer_epoch5(NODE1) | NODE0 = NODE1","14","-00-----00---0------0---0-----00----00","12","291","40","0401020420"
"1998","forall NODE1,NODE0. ep_epoch1(NODE0) | ep_epoch2(NODE0) | ep_epoch2(NODE1) | ep_epoch4(NODE1) | held(NODE1) | locked_epoch3(NODE0) | locked_epoch4(NODE0) | transfer_epoch2(NODE0) | transfer_epoch2(NODE1) | transfer_epoch4(NODE0) | transfer_epoch4(NODE1) | NODE0 = NODE1","14","-00-----0-0--0------0-0-------00--00--","12","291","40","0401020420"
"1999","forall NODE1,NODE0. ep_epoch1(NODE0) | ep_epoch2(NODE0) | ep_epoch2(NODE1) | held(NODE1) | locked_epoch3(NODE0) | locked_epoch4(NODE0) | locked_epoch4(NODE1) | transfer_epoch2(NODE0) | transfer_epoch2(NODE1) | transfer_epoch4(NODE0) | transfer_epoch4(NODE1) | NODE0 = NODE1","14","-00-----0----0------0-00------00--00--","12","290","27","0301030420"
"2000","forall NODE1,NODE0. ep_epoch1(NODE0) | ep_epoch2(NODE0) | ep_epoch3(NODE0) | ep_epoch3(NODE1) | ep_epoch4(NODE1) | held(NODE1) | locked_epoch4(NODE0) | transfer_epoch2(NODE0) | transfer_epoch2(NODE1) | transfer_epoch3(NODE0) | transfer_epoch3(NODE1) | NODE0 = NODE1","14","-000-----00--0--------0-------0000----","12","292","21","0501010420"
"2001","forall NODE1,NODE0. ep_epoch1(NODE0) | ep_epoch2(NODE0) | ep_epoch3(NODE0) | ep_epoch3(NODE1) | held(NODE1) | locked_epoch4(NODE0) | locked_epoch4(NODE1) | transfer_epoch2(NODE0) | transfer_epoch2(NODE1) | transfer_epoch3(NODE0) | transfer_epoch3(NODE1) | NODE0 = NODE1","14","-000-----0---0--------00------0000----","12","291","40","0401020420"
"2002","forall NODE1,NODE0. ep_epoch1(NODE0) | ep_epoch2(NODE0) | ep_epoch3(NODE0) | ep_epoch4(NODE0) | ep_epoch5(NODE0) | held(NODE1) | locked_epoch3(NODE1) | transfer_epoch2(NODE0) | transfer_epoch2(NODE1) | transfer_epoch3(NODE0) | transfer_epoch3(NODE1) | NODE0 = NODE1","14","-00000-------0-------0--------0000----","12","292","21","0501010420"
"2003","forall NODE1,NODE0. ep_epoch1(NODE0) | ep_epoch2(NODE0) | ep_epoch3(NODE0) | ep_epoch4(NODE0) | held(NODE1) | locked_epoch3(NODE1) | locked_epoch5(NODE0) | transfer_epoch2(NODE0) | transfer_epoch2(NODE1) | transfer_epoch3(NODE0) | transfer_epoch3(NODE1) | NODE0 = NODE1","14","-0000--------0-------0--0-----0000----","12","291","40","0401020420"
"2004","forall NODE1,NODE0. ep_epoch1(NODE0) | ep_epoch2(NODE0) | ep_epoch3(NODE0) | ep_epoch4(NODE1) | held(NODE1) | locked_epoch3(NODE1) | locked_epoch4(NODE0) | transfer_epoch2(NODE0) | transfer_epoch2(NODE1) | transfer_epoch3(NODE0) | transfer_epoch3(NODE1) | NODE0 = NODE1","14","-000------0--0-------00-------0000----","12","291","40","0401020420"
"2005","forall NODE1,NODE0. ep_epoch1(NODE0) | ep_epoch2(NODE0) | ep_epoch3(NODE0) | ep_epoch5(NODE0) | held(NODE1) | locked_epoch3(NODE1) | locked_epoch4(NODE0) | transfer_epoch2(NODE0) | transfer_epoch2(NODE1) | transfer_epoch3(NODE0) | transfer_epoch3(NODE1) | NODE0 = NODE1","14","-000-0-------0-------00-------0000----","12","291","40","0401020420"
"2006","forall NODE1,NODE0. ep_epoch1(NODE0) | ep_epoch2(NODE0) | ep_epoch3(NODE0) | held(NODE1) | locked_epoch3(NODE1) | locked_epoch4(NODE0) | locked_epoch4(NODE1) | transfer_epoch2(NODE0) | transfer_epoch2(NODE1) | transfer_epoch3(NODE0) | transfer_epoch3(NODE1) | NODE0 = NODE1","14","-000---------0-------000------0000----","12","290","27","0301030420"
"2007","forall NODE1,NODE0. ep_epoch1(NODE0) | ep_epoch2(NODE0) | ep_epoch3(NODE0) | held(NODE1) | locked_epoch3(NODE1) | locked_epoch4(NODE0) | locked_epoch5(NODE0) | transfer_epoch2(NODE0) | transfer_epoch2(NODE1) | transfer_epoch3(NODE0) | transfer_epoch3(NODE1) | NODE0 = NODE1","14","-000---------0-------00-0-----0000----","12","290","27","0301030420"
"2008","forall NODE1,NODE0. ep_epoch1(NODE0) | ep_epoch2(NODE1) | ep_epoch4(NODE0) | ep_epoch4(NODE1) | ep_epoch5(NODE0) | held(NODE1) | locked_epoch2(NODE0) | transfer_epoch2(NODE0) | transfer_epoch2(NODE1) | transfer_epoch4(NODE0) | transfer_epoch4(NODE1) | NODE0 = NODE1","14","-0--00--0-0--0----0-----------00--00--","12","292","21","0501010420"
"2009","forall NODE1,NODE0. ep_epoch1(NODE0) | ep_epoch2(NODE1) | ep_epoch4(NODE0) | ep_epoch4(NODE1) | held(NODE1) | locked_epoch2(NODE0) | locked_epoch5(NODE0) | transfer_epoch2(NODE0) | transfer_epoch2(NODE1) | transfer_epoch4(NODE0) | transfer_epoch4(NODE1) | NODE0 = NODE1","14","-0--0---0-0--0----0-----0-----00--00--","12","291","40","0401020420"
"2010","forall NODE1,NODE0. ep_epoch1(NODE0) | ep_epoch2(NODE1) | ep_epoch4(NODE0) | ep_epoch5(NODE0) | held(NODE1) | locked_epoch2(NODE0) | locked_epoch4(NODE1) | transfer_epoch2(NODE0) | transfer_epoch2(NODE1) | transfer_epoch4(NODE0) | transfer_epoch4(NODE1) | NODE0 = NODE1","14","-0--00--0----0----0----0------00--00--","12","291","40","0401020420"
"2011","forall NODE1,NODE0. ep_epoch1(NODE0) | ep_epoch2(NODE1) | ep_epoch4(NODE0) | held(NODE1) | locked_epoch2(NODE0) | locked_epoch4(NODE1) | locked_epoch5(NODE0) | transfer_epoch2(NODE0) | transfer_epoch2(NODE1) | transfer_epoch4(NODE0) | transfer_epoch4(NODE1) | NODE0 = NODE1","14","-0--0---0----0----0----00-----00--00--","12","290","27","0301030420"
"2012","forall NODE1,NODE0. ep_epoch1(NODE0) | ep_epoch3(NODE0) | ep_epoch3(NODE1) | ep_epoch4(NODE1) | held(NODE1) | locked_epoch2(NODE0) | locked_epoch4(NODE0) | transfer_epoch2(NODE0) | transfer_epoch2(NODE1) | transfer_epoch3(NODE0) | transfer_epoch3(NODE1) | NODE0 = NODE1","14","-0-0-----00--0----0---0-------0000----","12","291","40","0401020420"
"2013","forall NODE1,NODE0. ep_epoch1(NODE0) | ep_epoch3(NODE0) | ep_epoch3(NODE1) | held(NODE1) | locked_epoch2(NODE0) | locked_epoch4(NODE0) | locked_epoch4(NODE1) | transfer_epoch2(NODE0) | transfer_epoch2(NODE1) | transfer_epoch3(NODE0) | transfer_epoch3(NODE1) | NODE0 = NODE1","14","-0-0-----0---0----0---00------0000----","12","290","27","0301030420"
"2014","forall NODE1,NODE0. ep_epoch1(NODE0) | ep_epoch3(NODE0) | ep_epoch4(NODE0) | ep_epoch5(NODE0) | held(NODE1) | locked_epoch2(NODE0) | locked_epoch3(NODE1) | transfer_epoch2(NODE0) | transfer_epoch2(NODE1) | transfer_epoch3(NODE0) | transfer_epoch3(NODE1) | NODE0 = NODE1","14","-0-000-------0----0--0--------0000----","12","291","40","0401020420"
"2015","forall NODE1,NODE0. ep_epoch1(NODE0) | ep_epoch3(NODE0) | ep_epoch4(NODE0) | held(NODE1) | locked_epoch2(NODE0) | locked_epoch3(NODE1) | locked_epoch5(NODE0) | transfer_epoch2(NODE0) | transfer_epoch2(NODE1) | transfer_epoch3(NODE0) | transfer_epoch3(NODE1) | NODE0 = NODE1","14","-0-00--------0----0--0--0-----0000----","12","290","27","0301030420"
"2016","forall NODE1,NODE0. ep_epoch1(NODE0) | ep_epoch3(NODE0) | ep_epoch4(NODE1) | held(NODE1) | locked_epoch2(NODE0) | locked_epoch3(NODE1) | locked_epoch4(NODE0) | transfer_epoch2(NODE0) | transfer_epoch2(NODE1) | transfer_epoch3(NODE0) | transfer_epoch3(NODE1) | NODE0 = NODE1","14","-0-0------0--0----0--00-------0000----","12","290","27","0301030420"
"2017","forall NODE1,NODE0. ep_epoch1(NODE0) | ep_epoch3(NODE0) | ep_epoch5(NODE0) | held(NODE1) | locked_epoch2(NODE0) | locked_epoch3(NODE1) | locked_epoch4(NODE0) | transfer_epoch2(NODE0) | transfer_epoch2(NODE1) | transfer_epoch3(NODE0) | transfer_epoch3(NODE1) | NODE0 = NODE1","14","-0-0-0-------0----0--00-------0000----","12","290","27","0301030420"
"2018","forall NODE1,NODE0. ep_epoch1(NODE0) | ep_epoch3(NODE0) | held(NODE1) | locked_epoch2(NODE0) | locked_epoch3(NODE1) | locked_epoch4(NODE0) | locked_epoch4(NODE1) | transfer_epoch2(NODE0) | transfer_epoch2(NODE1) | transfer_epoch3(NODE0) | transfer_epoch3(NODE1) | NODE0 = NODE1","14","-0-0---------0----0--000------0000----","12","288","6","0201040420"
"2019","forall NODE1,NODE0. ep_epoch1(NODE0) | ep_epoch3(NODE0) | held(NODE1) | locked_epoch2(NODE0) | locked_epoch3(NODE1) | locked_epoch4(NODE0) | locked_epoch5(NODE0) | transfer_epoch2(NODE0) | transfer_epoch2(NODE1) | transfer_epoch3(NODE0) | transfer_epoch3(NODE1) | NODE0 = NODE1","14","-0-0---------0----0--00-0-----0000----","12","288","6","0201040420"
"2020","forall NODE1,NODE0. ep_epoch0(NODE0) | ep_epoch0(NODE1) | ep_epoch1(NODE0) | ep_epoch1(NODE1) | ep_epoch3(NODE1) | ep_epoch4(NODE1) | ep_epoch5(NODE1) | held(NODE0) | transfer_epoch4(NODE0) | transfer_epoch4(NODE1) | transfer_epoch5(NODE0) | transfer_epoch5(NODE1) | NODE0 = NODE1","15","00-00000-----0--------------------0000","13","306","13","0701000420"
"2021","forall NODE1,NODE0. ep_epoch0(NODE0) | ep_epoch0(NODE1) | ep_epoch1(NODE0) | ep_epoch1(NODE1) | ep_epoch3(NODE1) | ep_epoch4(NODE1) | held(NODE0) | locked_epoch5(NODE1) | transfer_epoch4(NODE0) | transfer_epoch4(NODE1) | transfer_epoch5(NODE0) | transfer_epoch5(NODE1) | NODE0 = NODE1","15","00-00-00-----0----------0---------0000","13","305","39","0601010420"
"2022","forall NODE1,NODE0. ep_epoch0(NODE0) | ep_epoch0(NODE1) | ep_epoch1(NODE0) | ep_epoch1(NODE1) | ep_epoch3(NODE1) | ep_epoch5(NODE1) | held(NODE0) | locked_epoch4(NODE1) | transfer_epoch4(NODE0) | transfer_epoch4(NODE1) | transfer_epoch5(NODE0) | transfer_epoch5(NODE1) | NODE0 = NODE1","15","00-0-000-----0--------0-----------0000","13","305","39","0601010420"
"2023","forall NODE1,NODE0. ep_epoch0(NODE0) | ep_epoch0(NODE1) | ep_epoch1(NODE0) | ep_epoch1(NODE1) | ep_epoch3(NODE1) | held(NODE0) | locked_epoch4(NODE1) | locked_epoch5(NODE1) | transfer_epoch4(NODE0) | transfer_epoch4(NODE1) | transfer_epoch5(NODE0) | transfer_epoch5(NODE1) | NODE0 = NODE1","15","00-0--00-----0--------0-0---------0000","13","304","41","0501020420"
"2024","forall NODE1,NODE0. ep_epoch0(NODE0) | ep_epoch0(NODE1) | ep_epoch1(NODE0) | ep_epoch1(NODE1) | ep_epoch4(NODE1) | ep_epoch5(NODE1) | held(NODE0) | locked_epoch3(NODE1) | transfer_epoch4(NODE0) | transfer_epoch4(NODE1) | transfer_epoch5(NODE0) | transfer_epoch5(NODE1) | NODE0 = NODE1","15","00--0000-----0------0-------------0000","13","305","39","0601010420"
"2025","forall NODE1,NODE0. ep_epoch0(NODE0) | ep_epoch0(NODE1) | ep_epoch1(NODE0) | ep_epoch1(NODE1) | ep_epoch4(NODE1) | held(NODE0) | locked_epoch3(NODE1) | locked_epoch5(NODE1) | transfer_epoch4(NODE0) | transfer_epoch4(NODE1) | transfer_epoch5(NODE0) | transfer_epoch5(NODE1) | NODE0 = NODE1","15","00--0-00-----0------0---0---------0000","13","304","41","0501020420"
"2026","forall NODE1,NODE0. ep_epoch0(NODE0) | ep_epoch0(NODE1) | ep_epoch1(NODE0) | ep_epoch1(NODE1) | ep_epoch5(NODE1) | held(NODE0) | locked_epoch3(NODE1) | locked_epoch4(NODE1) | transfer_epoch4(NODE0) | transfer_epoch4(NODE1) | transfer_epoch5(NODE0) | transfer_epoch5(NODE1) | NODE0 = NODE1","15","00---000-----0------0-0-----------0000","13","304","41","0501020420"
"2027","forall NODE1,NODE0. ep_epoch0(NODE0) | ep_epoch0(NODE1) | ep_epoch1(NODE0) | ep_epoch1(NODE1) | held(NODE0) | locked_epoch3(NODE1) | locked_epoch4(NODE1) | locked_epoch5(NODE1) | transfer_epoch4(NODE0) | transfer_epoch4(NODE1) | transfer_epoch5(NODE0) | transfer_epoch5(NODE1) | NODE0 = NODE1","15","00----00----0--------0-0-0--------0000","13","303","17","0401030420"
"2028","forall NODE1,NODE0. ep_epoch0(NODE0) | ep_epoch0(NODE1) | ep_epoch2(NODE0) | ep_epoch2(NODE1) | ep_epoch3(NODE1) | ep_epoch4(NODE1) | ep_epoch5(NODE1) | held(NODE0) | transfer_epoch4(NODE0) | transfer_epoch4(NODE1) | transfer_epoch5(NODE0) | transfer_epoch5(NODE1) | NODE0 = NODE1","15","0-00000-0----0--------------------0000","13","306","13","0701000420"
"2029","forall NODE1,NODE0. ep_epoch0(NODE0) | ep_epoch0(NODE1) | ep_epoch2(NODE0) | ep_epoch2(NODE1) | ep_epoch3(NODE1) | ep_epoch4(NODE1) | held(NODE0) | locked_epoch5(NODE1) | transfer_epoch4(NODE0) | transfer_epoch4(NODE1) | transfer_epoch5(NODE0) | transfer_epoch5(NODE1) | NODE0 = NODE1","15","0-000-0-0----0----------0---------0000","13","305","39","0601010420"
"2030","forall NODE1,NODE0. ep_epoch0(NODE0) | ep_epoch0(NODE1) | ep_epoch2(NODE0) | ep_epoch2(NODE1) | ep_epoch3(NODE1) | ep_epoch5(NODE1) | held(NODE0) | locked_epoch4(NODE1) | transfer_epoch4(NODE0) | transfer_epoch4(NODE1) | transfer_epoch5(NODE0) | transfer_epoch5(NODE1) | NODE0 = NODE1","15","0-00-00-0----0--------0-----------0000","13","305","39","0601010420"
"2031","forall NODE1,NODE0. ep_epoch0(NODE0) | ep_epoch0(NODE1) | ep_epoch2(NODE0) | ep_epoch2(NODE1) | ep_epoch3(NODE1) | held(NODE0) | locked_epoch4(NODE1) | locked_epoch5(NODE1) | transfer_epoch4(NODE0) | transfer_epoch4(NODE1) | transfer_epoch5(NODE0) | transfer_epoch5(NODE1) | NODE0 = NODE1","15","0-00--0-0----0--------0-0---------0000","13","304","41","0501020420"
"2032","forall NODE1,NODE0. ep_epoch0(NODE0) | ep_epoch0(NODE1) | ep_epoch2(NODE0) | ep_epoch2(NODE1) | ep_epoch4(NODE1) | ep_epoch5(NODE1) | held(NODE0) | locked_epoch3(NODE1) | transfer_epoch4(NODE0) | transfer_epoch4(NODE1) | transfer_epoch5(NODE0) | transfer_epoch5(NODE1) | NODE0 = NODE1","15","0-0-000-0----0------0-------------0000","13","305","39","0601010420"
"2033","forall NODE1,NODE0. ep_epoch0(NODE0) | ep_epoch0(NODE1) | ep_epoch2(NODE0) | ep_epoch2(NODE1) | ep_epoch4(NODE1) | held(NODE0) | locked_epoch3(NODE1) | locked_epoch5(NODE1) | transfer_epoch4(NODE0) | transfer_epoch4(NODE1) | transfer_epoch5(NODE0) | transfer_epoch5(NODE1) | NODE0 = NODE1","15","0-0-0-0-0----0------0---0---------0000","13","304","41","0501020420"
"2034","forall NODE1,NODE0. ep_epoch0(NODE0) | ep_epoch0(NODE1) | ep_epoch2(NODE0) | ep_epoch2(NODE1) | ep_epoch5(NODE1) | held(NODE0) | locked_epoch3(NODE1) | locked_epoch4(NODE1) | transfer_epoch4(NODE0) | transfer_epoch4(NODE1) | transfer_epoch5(NODE0) | transfer_epoch5(NODE1) | NODE0 = NODE1","15","0-0--00-0----0------0-0-----------0000","13","304","41","0501020420"
"2035","forall NODE1,NODE0. ep_epoch0(NODE0) | ep_epoch0(NODE1) | ep_epoch2(NODE0) | ep_epoch2(NODE1) | held(NODE0) | locked_epoch3(NODE1) | locked_epoch4(NODE1) | locked_epoch5(NODE1) | transfer_epoch4(NODE0) | transfer_epoch4(NODE1) | transfer_epoch5(NODE0) | transfer_epoch5(NODE1) | NODE0 = NODE1","15","0-0---0-0---0--------0-0-0--------0000","13","303","17","0401030420"
"2036","forall NODE1,NODE0. ep_epoch0(NODE0) | ep_epoch0(NODE1) | ep_epoch2(NODE1) | ep_epoch3(NODE0) | ep_epoch3(NODE1) | ep_epoch4(NODE1) | ep_epoch5(NODE1) | held(NODE0) | transfer_epoch3(NODE0) | transfer_epoch3(NODE1) | transfer_epoch5(NODE0) | transfer_epoch5(NODE1) | NODE0 = NODE1","15","0-00000--0---0------------------00--00","13","306","13","0701000420"
"2037","forall NODE1,NODE0. ep_epoch0(NODE0) | ep_epoch0(NODE1) | ep_epoch2(NODE1) | ep_epoch3(NODE0) | ep_epoch3(NODE1) | ep_epoch4(NODE1) | held(NODE0) | locked_epoch5(NODE1) | transfer_epoch3(NODE0) | transfer_epoch3(NODE1) | transfer_epoch5(NODE0) | transfer_epoch5(NODE1) | NODE0 = NODE1","15","0-000-0--0---0----------0-------00--00","13","305","39","0601010420"
"2038","forall NODE1,NODE0. ep_epoch0(NODE0) | ep_epoch0(NODE1) | ep_epoch2(NODE1) | ep_epoch3(NODE0) | ep_epoch3(NODE1) | ep_epoch5(NODE1) | held(NODE0) | locked_epoch4(NODE1) | transfer_epoch3(NODE0) | transfer_epoch3(NODE1) | transfer_epoch5(NODE0) | transfer_epoch5(NODE1) | NODE0 = NODE1","15","0-00-00--0---0--------0---------00--00","13","305","39","0601010420"
"2039","forall NODE1,NODE0. ep_epoch0(NODE0) | ep_epoch0(NODE1) | ep_epoch2(NODE1) | ep_epoch3(NODE0) | ep_epoch3(NODE1) | held(NODE0) | locked_epoch4(NODE1) | locked_epoch5(NODE1) | transfer_epoch3(NODE0) | transfer_epoch3(NODE1) | transfer_epoch5(NODE0) | transfer_epoch5(NODE1) | NODE0 = NODE1","15","0-00--0--0---0--------0-0-------00--00","13","304","41","0501020420"
"2040","forall NODE1,NODE0. ep_epoch0(NODE0) | ep_epoch0(NODE1) | ep_epoch2(NODE1) | ep_epoch3(NODE1) | ep_epoch4(NODE0) | ep_epoch4(NODE1) | ep_epoch5(NODE1) | held(NODE0) | transfer_epoch3(NODE0) | transfer_epoch3(NODE1) | transfer_epoch4(NODE0) | transfer_epoch4(NODE1) | NODE0 = NODE1","15","0-00000---0--0------------------0000--","13","306","13","0701000420"
"2041","forall NODE1,NODE0. ep_epoch0(NODE0) | ep_epoch0(NODE1) | ep_epoch2(NODE1) | ep_epoch3(NODE1) | ep_epoch4(NODE0) | ep_epoch4(NODE1) | held(NODE0) | locked_epoch5(NODE1) | transfer_epoch3(NODE0) | transfer_epoch3(NODE1) | transfer_epoch4(NODE0) | transfer_epoch4(NODE1) | NODE0 = NODE1","15","0-000-0---0--0----------0-------0000--","13","305","39","0601010420"
"2042","forall NODE1,NODE0. ep_epoch0(NODE0) | ep_epoch0(NODE1) | ep_epoch2(NODE1) | ep_epoch3(NODE1) | ep_epoch4(NODE1) | ep_epoch5(NODE1) | held(NODE0) | locked_epoch4(NODE0) | transfer_epoch3(NODE0) | transfer_epoch3(NODE1) | transfer_epoch4(NODE0) | transfer_epoch4(NODE1) | NODE0 = NODE1","15","0-00000------0---------0--------0000--","13","305","39","0601010420"
"2043","forall NODE1,NODE0. ep_epoch0(NODE0) | ep_epoch0(NODE1) | ep_epoch2(NODE1) | ep_epoch3(NODE1) | ep_epoch4(NODE1) | held(NODE0) | locked_epoch4(NODE0) | locked_epoch5(NODE1) | transfer_epoch3(NODE0) | transfer_epoch3(NODE1) | transfer_epoch4(NODE0) | transfer_epoch4(NODE1) | NODE0 = NODE1","15","0-000-0------0---------00-------0000--","13","304","41","0501020420"
"2044","forall NODE1,NODE0. ep_epoch0(NODE0) | ep_epoch0(NODE1) | ep_epoch2(NODE1) | ep_epoch4(NODE0) | ep_epoch4(NODE1) | ep_epoch5(NODE1) | held(NODE0) | locked_epoch3(NODE1) | transfer_epoch3(NODE0) | transfer_epoch3(NODE1) | transfer_epoch4(NODE0) | transfer_epoch4(NODE1) | NODE0 = NODE1","15","0-0-000---0--0------0-----------0000--","13","305","39","0601010420"
"2045","forall NODE1,NODE0. ep_epoch0(NODE0) | ep_epoch0(NODE1) | ep_epoch2(NODE1) | ep_epoch4(NODE0) | ep_epoch4(NODE1) | held(NODE0) | locked_epoch3(NODE1) | locked_epoch5(NODE1) | transfer_epoch3(NODE0) | transfer_epoch3(NODE1) | transfer_epoch4(NODE0) | transfer_epoch4(NODE1) | NODE0 = NODE1","15","0-0-0-0---0--0------0---0-------0000--","13","304","41","0501020420"
"2046","forall NODE1,NODE0. ep_epoch0(NODE0) | ep_epoch0(NODE1) | ep_epoch2(NODE1) | ep_epoch4(NODE1) | ep_epoch5(NODE1) | held(NODE0) | locked_epoch3(NODE1) | locked_epoch4(NODE0) | transfer_epoch3(NODE0) | transfer_epoch3(NODE1) | transfer_epoch4(NODE0) | transfer_epoch4(NODE1) | NODE0 = NODE1","15","0-0-000------0------0--0--------0000--","13","304","41","0501020420"
"2047","forall NODE1,NODE0. ep_epoch0(NODE0) | ep_epoch0(NODE1) | ep_epoch2(NODE1) | ep_epoch4(NODE1) | held(NODE0) | locked_epoch3(NODE1) | locked_epoch4(NODE0) | locked_epoch5(NODE1) | transfer_epoch3(NODE0) | transfer_epoch3(NODE1) | transfer_epoch4(NODE0) | transfer_epoch4(NODE1) | NODE0 = NODE1","15","0-0-0-0------0------0--00-------0000--","13","303","17","0401030420"
"2048","forall NODE1,NODE0. ep_epoch0(NODE0) | ep_epoch0(NODE1) | ep_epoch3(NODE0) | ep_epoch3(NODE1) | ep_epoch4(NODE1) | ep_epoch5(NODE1) | held(NODE0) | locked_epoch2(NODE1) | transfer_epoch3(NODE0) | transfer_epoch3(NODE1) | transfer_epoch5(NODE0) | transfer_epoch5(NODE1) | NODE0 = NODE1","15","0--0000--0---0----0-------------00--00","13","305","39","0601010420"
"2049","forall NODE1,NODE0. ep_epoch0(NODE0) | ep_epoch0(NODE1) | ep_epoch3(NODE0) | ep_epoch3(NODE1) | ep_epoch4(NODE1) | held(NODE0) | locked_epoch2(NODE1) | locked_epoch5(NODE1) | transfer_epoch3(NODE0) | transfer_epoch3(NODE1) | transfer_epoch5(NODE0) | transfer_epoch5(NODE1) | NODE0 = NODE1","15","0--00-0--0---0----0-----0-------00--00","13","304","41","0501020420"
"2050","forall NODE1,NODE0. ep_epoch0(NODE0) | ep_epoch0(NODE1) | ep_epoch3(NODE0) | ep_epoch3(NODE1) | ep_epoch5(NODE1) | held(NODE0) | locked_epoch2(NODE1) | locked_epoch4(NODE1) | transfer_epoch3(NODE0) | transfer_epoch3(NODE1) | transfer_epoch5(NODE0) | transfer_epoch5(NODE1) | NODE0 = NODE1","15","0--0-00--0---0----0---0---------00--00","13","304","41","0501020420"
"2051","forall NODE1,NODE0. ep_epoch0(NODE0) | ep_epoch0(NODE1) | ep_epoch3(NODE0) | ep_epoch3(NODE1) | held(NODE0) | locked_epoch2(NODE1) | locked_epoch4(NODE1) | locked_epoch5(NODE1) | transfer_epoch3(NODE0) | transfer_epoch3(NODE1) | transfer_epoch5(NODE0) | transfer_epoch5(NODE1) | NODE0 = NODE1","15","0--0--0--0--0------0---0-0------00--00","13","303","17","0401030420"
"2052","forall NODE1,NODE0. ep_epoch0(NODE0) | ep_epoch0(NODE1) | ep_epoch3(NODE1) | ep_epoch4(NODE0) | ep_epoch4(NODE1) | ep_epoch5(NODE1) | held(NODE0) | locked_epoch2(NODE1) | transfer_epoch3(NODE0) | transfer_epoch3(NODE1) | transfer_epoch4(NODE0) | transfer_epoch4(NODE1) | NODE0 = NODE1","15","0--0000---0--0----0-------------0000--","13","305","39","0601010420"
"2053","forall NODE1,NODE0. ep_epoch0(NODE0) | ep_epoch0(NODE1) | ep_epoch3(NODE1) | ep_epoch4(NODE0) | ep_epoch4(NODE1) | held(NODE0) | locked_epoch2(NODE1) | locked_epoch5(NODE1) | transfer_epoch3(NODE0) | transfer_epoch3(NODE1) | transfer_epoch4(NODE0) | transfer_epoch4(NODE1) | NODE0 = NODE1","15","0--00-0---0--0----0-----0-------0000--","13","304","41","0501020420"
"2054","forall NODE1,NODE0. ep_epoch0(NODE0) | ep_epoch0(NODE1) | ep_epoch3(NODE1) | ep_epoch4(NODE1) | ep_epoch5(NODE1) | held(NODE0) | locked_epoch2(NODE1) | locked_epoch4(NODE0) | transfer_epoch3(NODE0) | transfer_epoch3(NODE1) | transfer_epoch4(NODE0) | transfer_epoch4(NODE1) | NODE0 = NODE1","15","0--0000------0----0----0--------0000--","13","304","41","0501020420"
"2055","forall NODE1,NODE0. ep_epoch0(NODE0) | ep_epoch0(NODE1) | ep_epoch3(NODE1) | ep_epoch4(NODE1) | held(NODE0) | locked_epoch2(NODE1) | locked_epoch4(NODE0) | locked_epoch5(NODE1) | transfer_epoch3(NODE0) | transfer_epoch3(NODE1) | transfer_epoch4(NODE0) | transfer_epoch4(NODE1) | NODE0 = NODE1","15","0--00-0------0----0----00-------0000--","13","303","17","0401030420"
"2056","forall NODE1,NODE0. ep_epoch0(NODE0) | ep_epoch0(NODE1) | ep_epoch4(NODE0) | ep_epoch4(NODE1) | ep_epoch5(NODE1) | held(NODE0) | locked_epoch2(NODE1) | locked_epoch3(NODE1) | transfer_epoch3(NODE0) | transfer_epoch3(NODE1) | transfer_epoch4(NODE0) | transfer_epoch4(NODE1) | NODE0 = NODE1","15","0---000---0--0----0-0-----------0000--","13","304","41","0501020420"
"2057","forall NODE1,NODE0. ep_epoch0(NODE0) | ep_epoch0(NODE1) | ep_epoch4(NODE0) | ep_epoch4(NODE1) | held(NODE0) | locked_epoch2(NODE1) | locked_epoch3(NODE1) | locked_epoch5(NODE1) | transfer_epoch3(NODE0) | transfer_epoch3(NODE1) | transfer_epoch4(NODE0) | transfer_epoch4(NODE1) | NODE0 = NODE1","15","0---0-0---0-0------0-0---0------0000--","13","303","17","0401030420"
"2058","forall NODE1,NODE0. ep_epoch0(NODE0) | ep_epoch0(NODE1) | ep_epoch4(NODE1) | ep_epoch5(NODE1) | held(NODE0) | locked_epoch2(NODE1) | locked_epoch3(NODE1) | locked_epoch4(NODE0) | transfer_epoch3(NODE0) | transfer_epoch3(NODE1) | transfer_epoch4(NODE0) | transfer_epoch4(NODE1) | NODE0 = NODE1","15","0---000------0----0-0--0--------0000--","13","303","17","0401030420"
"2059","forall NODE1,NODE0. ep_epoch0(NODE0) | ep_epoch0(NODE1) | ep_epoch4(NODE1) | held(NODE0) | locked_epoch2(NODE1) | locked_epoch3(NODE1) | locked_epoch4(NODE0) | locked_epoch5(NODE1) | transfer_epoch3(NODE0) | transfer_epoch3(NODE1) | transfer_epoch4(NODE0) | transfer_epoch4(NODE1) | NODE0 = NODE1","15","0---0-0------0----0-0--00-------0000--","13","301","2","0301040420"
"2060","forall NODE1,NODE0. ep_epoch0(NODE0) | ep_epoch1(NODE0) | ep_epoch3(NODE1) | ep_epoch4(NODE1) | ep_epoch5(NODE1) | held(NODE0) | transfer_epoch3(NODE0) | transfer_epoch3(NODE1) | transfer_epoch4(NODE0) | transfer_epoch4(NODE1) | transfer_epoch5(NODE0) | transfer_epoch5(NODE1) | NODE0 = NODE1","15","00-------0000-------------------000000","13","0","157","0501000620"
"2061","forall NODE1,NODE0. ep_epoch0(NODE0) | ep_epoch1(NODE0) | ep_epoch3(NODE1) | ep_epoch4(NODE1) | held(NODE0) | locked_epoch5(NODE1) | transfer_epoch3(NODE0) | transfer_epoch3(NODE1) | transfer_epoch4(NODE0) | transfer_epoch4(NODE1) | transfer_epoch5(NODE0) | transfer_epoch5(NODE1) | NODE0 = NODE1","15","00-------00-0------------0------000000","13","302","9","0401010620"
"2062","forall NODE1,NODE0. ep_epoch0(NODE0) | ep_epoch1(NODE0) | ep_epoch3(NODE1) | ep_epoch5(NODE1) | held(NODE0) | locked_epoch4(NODE1) | transfer_epoch3(NODE0) | transfer_epoch3(NODE1) | transfer_epoch4(NODE0) | transfer_epoch4(NODE1) | transfer_epoch5(NODE0) | transfer_epoch5(NODE1) | NODE0 = NODE1","15","00-------0-00----------0--------000000","13","302","9","0401010620"
"2063","forall NODE1,NODE0. ep_epoch0(NODE0) | ep_epoch1(NODE0) | ep_epoch3(NODE1) | held(NODE0) | locked_epoch4(NODE1) | locked_epoch5(NODE1) | transfer_epoch3(NODE0) | transfer_epoch3(NODE1) | transfer_epoch4(NODE0) | transfer_epoch4(NODE1) | transfer_epoch5(NODE0) | transfer_epoch5(NODE1) | NODE0 = NODE1","15","00-------0--0----------0-0------000000","13","300","17","0301020620"
"2064","forall NODE1,NODE0. ep_epoch0(NODE0) | ep_epoch1(NODE0) | ep_epoch4(NODE1) | ep_epoch5(NODE1) | held(NODE0) | locked_epoch3(NODE1) | transfer_epoch3(NODE0) | transfer_epoch3(NODE1) | transfer_epoch4(NODE0) | transfer_epoch4(NODE1) | transfer_epoch5(NODE0) | transfer_epoch5(NODE1) | NODE0 = NODE1","15","00--------000--------0----------000000","13","302","9","0401010620"
"2065","forall NODE1,NODE0. ep_epoch0(NODE0) | ep_epoch1(NODE0) | ep_epoch4(NODE1) | held(NODE0) | locked_epoch3(NODE1) | locked_epoch5(NODE1) | transfer_epoch3(NODE0) | transfer_epoch3(NODE1) | transfer_epoch4(NODE0) | transfer_epoch4(NODE1) | transfer_epoch5(NODE0) | transfer_epoch5(NODE1) | NODE0 = NODE1","15","00--------0-0--------0---0------000000","13","300","17","0301020620"
"2066","forall NODE1,NODE0. ep_epoch0(NODE0) | ep_epoch1(NODE0) | ep_epoch5(NODE1) | held(NODE0) | locked_epoch3(NODE1) | locked_epoch4(NODE1) | transfer_epoch3(NODE0) | transfer_epoch3(NODE1) | transfer_epoch4(NODE0) | transfer_epoch4(NODE1) | transfer_epoch5(NODE0) | transfer_epoch5(NODE1) | NODE0 = NODE1","15","00---------00--------0-0--------000000","13","300","17","0301020620"
"2067","forall NODE1,NODE0. ep_epoch0(NODE0) | ep_epoch1(NODE0) | held(NODE0) | locked_epoch3(NODE1) | locked_epoch4(NODE1) | locked_epoch5(NODE1) | transfer_epoch3(NODE0) | transfer_epoch3(NODE1) | transfer_epoch4(NODE0) | transfer_epoch4(NODE1) | transfer_epoch5(NODE0) | transfer_epoch5(NODE1) | NODE0 = NODE1","15","00----------0--------0-0-0------000000","13","299","11","0201030620"
"2068","forall NODE1,NODE0. ep_epoch0(NODE0) | ep_epoch2(NODE0) | ep_epoch2(NODE1) | ep_epoch3(NODE0) | ep_epoch3(NODE1) | ep_epoch4(NODE1) | ep_epoch5(NODE1) | held(NODE0) | transfer_epoch2(NODE0) | transfer_epoch2(NODE1) | transfer_epoch5(NODE0) | transfer_epoch5(NODE1) | NODE0 = NODE1","15","0-00----00000-----------------00----00","13","306","13","0701000420"
"2069","forall NODE1,NODE0. ep_epoch0(NODE0) | ep_epoch2(NODE0) | ep_epoch2(NODE1) | ep_epoch3(NODE0) | ep_epoch3(NODE1) | ep_epoch4(NODE1) | held(NODE0) | locked_epoch5(NODE1) | transfer_epoch2(NODE0) | transfer_epoch2(NODE1) | transfer_epoch5(NODE0) | transfer_epoch5(NODE1) | NODE0 = NODE1","15","0-00----000-0------------0----00----00","13","305","39","0601010420"
"2070","forall NODE1,NODE0. ep_epoch0(NODE0) | ep_epoch2(NODE0) | ep_epoch2(NODE1) | ep_epoch3(NODE0) | ep_epoch3(NODE1) | ep_epoch5(NODE1) | held(NODE0) | locked_epoch4(NODE1) | transfer_epoch2(NODE0) | transfer_epoch2(NODE1) | transfer_epoch5(NODE0) | transfer_epoch5(NODE1) | NODE0 = NODE1","15","0-00----00-00----------0------00----00","13","305","39","0601010420"
"2071","forall NODE1,NODE0. ep_epoch0(NODE0) | ep_epoch2(NODE0) | ep_epoch2(NODE1) | ep_epoch3(NODE0) | ep_epoch3(NODE1) | held(NODE0) | locked_epoch4(NODE1) | locked_epoch5(NODE1) | transfer_epoch2(NODE0) | transfer_epoch2(NODE1) | transfer_epoch5(NODE0) | transfer_epoch5(NODE1) | NODE0 = NODE1","15","0-00----00--0----------0-0----00----00","13","304","41","0501020420"
"2072","forall NODE1,NODE0. ep_epoch0(NODE0) | ep_epoch2(NODE0) | ep_epoch2(NODE1) | ep_epoch3(NODE1) | ep_epoch4(NODE0) | ep_epoch4(NODE1) | ep_epoch5(NODE1) | held(NODE0) | transfer_epoch2(NODE0) | transfer_epoch2(NODE1) | transfer_epoch4(NODE0) | transfer_epoch4(NODE1) | NODE0 = NODE1","15","0-0-0---00000-----------------00--00--","13","306","13","0701000420"
"2073","forall NODE1,NODE0. ep_epoch0(NODE0) | ep_epoch2(NODE0) | ep_epoch2(NODE1) | ep_epoch3(NODE1) | ep_epoch4(NODE0) | ep_epoch4(NODE1) | held(NODE0) | locked_epoch5(NODE1) | transfer_epoch2(NODE0) | transfer_epoch2(NODE1) | transfer_epoch4(NODE0) | transfer_epoch4(NODE1) | NODE0 = NODE1","15","0-0-0---000-0------------0----00--00--","13","305","39","0601010420"
"2074","forall NODE1,NODE0. ep_epoch0(NODE0) | ep_epoch2(NODE0) | ep_epoch2(NODE1) | ep_epoch3(NODE1) | ep_epoch4(NODE1) | ep_epoch5(NODE1) | held(NODE0) | locked_epoch4(NODE0) | transfer_epoch2(NODE0) | transfer_epoch2(NODE1) | transfer_epoch4(NODE0) | transfer_epoch4(NODE1) | NODE0 = NODE1","15","0-0-----00000---------0-------00--00--","13","305","39","0601010420"
"2075","forall NODE1,NODE0. ep_epoch0(NODE0) | ep_epoch2(NODE0) | ep_epoch2(NODE1) | ep_epoch3(NODE1) | ep_epoch4(NODE1) | held(NODE0) | locked_epoch4(NODE0) | locked_epoch5(NODE1) | transfer_epoch2(NODE0) | transfer_epoch2(NODE1) | transfer_epoch4(NODE0) | transfer_epoch4(NODE1) | NODE0 = NODE1","15","0-0-----000-0---------0--0----00--00--","13","304","41","0501020420"
"2076","forall NODE1,NODE0. ep_epoch0(NODE0) | ep_epoch2(NODE0) | ep_epoch2(NODE1) | ep_epoch4(NODE0) | ep_epoch4(NODE1) | ep_epoch5(NODE1) | held(NODE0) | locked_epoch3(NODE1) | transfer_epoch2(NODE0) | transfer_epoch2(NODE1) | transfer_epoch4(NODE0) | transfer_epoch4(NODE1) | NODE0 = NODE1","15","0-0-0---0-000--------0--------00--00--","13","305","39","0601010420"
"2077","forall NODE1,NODE0. ep_epoch0(NODE0) | ep_epoch2(NODE0) | ep_epoch2(NODE1) | ep_epoch4(NODE0) | ep_epoch4(NODE1) | held(NODE0) | locked_epoch3(NODE1) | locked_epoch5(NODE1) | transfer_epoch2(NODE0) | transfer_epoch2(NODE1) | transfer_epoch4(NODE0) | transfer_epoch4(NODE1) | NODE0 = NODE1","15","0-0-0---0-0-0--------0---0----00--00--","13","304","41","0501020420"
"2078","forall NODE1,NODE0. ep_epoch0(NODE0) | ep_epoch2(NODE0) | ep_epoch2(NODE1) | ep_epoch4(NODE1) | ep_epoch5(NODE1) | held(NODE0) | locked_epoch3(NODE1) | locked_epoch4(NODE0) | transfer_epoch2(NODE0) | transfer_epoch2(NODE1) | transfer_epoch4(NODE0) | transfer_epoch4(NODE1) | NODE0 = NODE1","15","0-0-----0-000--------00-------00--00--","13","304","41","0501020420"
"2079","forall NODE1,NODE0. ep_epoch0(NODE0) | ep_epoch2(NODE0) | ep_epoch2(NODE1) | ep_epoch4(NODE1) | held(NODE0) | locked_epoch3(NODE1) | locked_epoch4(NODE0) | locked_epoch5(NODE1) | transfer_epoch2(NODE0) | transfer_epoch2(NODE1) | transfer_epoch4(NODE0) | transfer_epoch4(NODE1) | NODE0 = NODE1","15","0-0-----0-0-0--------00--0----00--00--","13","303","17","0401030420"
"2080","forall NODE1,NODE0. ep_epoch0(NODE0) | ep_epoch2(NODE0) | ep_epoch4(NODE1) | ep_epoch5(NODE1) | held(NODE0) | locked_epoch2(NODE1) | transfer_epoch2(NODE0) | transfer_epoch2(NODE1) | transfer_epoch4(NODE0) | transfer_epoch4(NODE1) | transfer_epoch5(NODE0) | transfer_epoch5(NODE1) | NODE0 = NODE1","15","0-0-------000------0----------00--0000","13","302","9","0401010620"
"2081","forall NODE1,NODE0. ep_epoch0(NODE0) | ep_epoch2(NODE0) | ep_epoch4(NODE1) | held(NODE0) | locked_epoch2(NODE1) | locked_epoch5(NODE1) | transfer_epoch2(NODE0) | transfer_epoch2(NODE1) | transfer_epoch4(NODE0) | transfer_epoch4(NODE1) | transfer_epoch5(NODE0) | transfer_epoch5(NODE1) | NODE0 = NODE1","15","0-0-------0-0------0-----0----00--0000","13","300","17","0301020620"
"2082","forall NODE1,NODE0. ep_epoch0(NODE0) | ep_epoch2(NODE0) | ep_epoch5(NODE1) | held(NODE0) | locked_epoch2(NODE1) | locked_epoch4(NODE1) | transfer_epoch2(NODE0) | transfer_epoch2(NODE1) | transfer_epoch4(NODE0) | transfer_epoch4(NODE1) | transfer_epoch5(NODE0) | transfer_epoch5(NODE1) | NODE0 = NODE1","15","0-0--------00------0---0------00--0000","13","300","17","0301020620"
"2083","forall NODE1,NODE0. ep_epoch0(NODE0) | ep_epoch2(NODE0) | held(NODE0) | locked_epoch2(NODE1) | locked_epoch4(NODE1) | locked_epoch5(NODE1) | transfer_epoch2(NODE0) | transfer_epoch2(NODE1) | transfer_epoch4(NODE0) | transfer_epoch4(NODE1) | transfer_epoch5(NODE0) | transfer_epoch5(NODE1) | NODE0 = NODE1","15","0-0---------0------0---0-0----00--0000","13","299","11","0201030620"
"2084","forall NODE1,NODE0. ep_epoch0(NODE0) | ep_epoch2(NODE1) | ep_epoch3(NODE0) | ep_epoch3(NODE1) | ep_epoch4(NODE0) | ep_epoch4(NODE1) | ep_epoch5(NODE1) | held(NODE0) | transfer_epoch2(NODE0) | transfer_epoch2(NODE1) | transfer_epoch3(NODE0) | transfer_epoch3(NODE1) | NODE0 = NODE1","15","0--00---00000-----------------0000----","13","306","13","0701000420"
"2085","forall NODE1,NODE0. ep_epoch0(NODE0) | ep_epoch2(NODE1) | ep_epoch3(NODE0) | ep_epoch3(NODE1) | ep_epoch4(NODE0) | ep_epoch4(NODE1) | held(NODE0) | locked_epoch5(NODE1) | transfer_epoch2(NODE0) | transfer_epoch2(NODE1) | transfer_epoch3(NODE0) | transfer_epoch3(NODE1) | NODE0 = NODE1","15","0--00---000-0------------0----0000----","13","305","39","0601010420"
"2086","forall NODE1,NODE0. ep_epoch0(NODE0) | ep_epoch2(NODE1) | ep_epoch3(NODE0) | ep_epoch3(NODE1) | ep_epoch4(NODE1) | ep_epoch5(NODE1) | held(NODE0) | locked_epoch4(NODE0) | transfer_epoch2(NODE0) | transfer_epoch2(NODE1) | transfer_epoch3(NODE0) | transfer_epoch3(NODE1) | NODE0 = NODE1","15","0--0----00000---------0-------0000----","13","305","39","0601010420"
"2087","forall NODE1,NODE0. ep_epoch0(NODE0) | ep_epoch2(NODE1) | ep_epoch3(NODE0) | ep_epoch3(NODE1) | ep_epoch4(NODE1) | held(NODE0) | locked_epoch4(NODE0) | locked_epoch5(NODE1) | transfer_epoch2(NODE0) | transfer_epoch2(NODE1) | transfer_epoch3(NODE0) | transfer_epoch3(NODE1) | NODE0 = NODE1","15","0--0----000-0---------0--0----0000----","13","304","41","0501020420"
"2088","forall NODE1,NODE0. ep_epoch0(NODE0) | ep_epoch2(NODE1) | ep_epoch3(NODE0) | ep_epoch5(NODE1) | held(NODE0) | locked_epoch3(NODE1) | transfer_epoch2(NODE0) | transfer_epoch2(NODE1) | transfer_epoch3(NODE0) | transfer_epoch3(NODE1) | transfer_epoch5(NODE0) | transfer_epoch5(NODE1) | NODE0 = NODE1","15","0--0----0--00--------0--------0000--00","13","302","9","0401010620"
"2089","forall NODE1,NODE0. ep_epoch0(NODE0) | ep_epoch2(NODE1) | ep_epoch3(NODE0) | held(NODE0) | locked_epoch3(NODE1) | locked_epoch5(NODE1) | transfer_epoch2(NODE0) | transfer_epoch2(NODE1) | transfer_epoch3(NODE0) | transfer_epoch3(NODE1) | transfer_epoch5(NODE0) | transfer_epoch5(NODE1) | NODE0 = NODE1","15","0--0----0---0--------0---0----0000--00","13","300","17","0301020620"
"2090","forall NODE1,NODE0. ep_epoch0(NODE0) | ep_epoch2(NODE1) | ep_epoch3(NODE1) | ep_epoch4(NODE0) | held(NODE0) | locked_epoch4(NODE1) | transfer_epoch2(NODE0) | transfer_epoch2(NODE1) | transfer_epoch3(NODE0) | transfer_epoch3(NODE1) | transfer_epoch4(NODE0) | transfer_epoch4(NODE1) | NODE0 = NODE1","15","0---0---00--0----------0------000000--","13","302","9","0401010620"
"2091","forall NODE1,NODE0. ep_epoch0(NODE0) | ep_epoch2(NODE1) | ep_epoch3(NODE1) | held(NODE0) | locked_epoch4(NODE0) | locked_epoch4(NODE1) | transfer_epoch2(NODE0) | transfer_epoch2(NODE1) | transfer_epoch3(NODE0) | transfer_epoch3(NODE1) | transfer_epoch4(NODE0) | transfer_epoch4(NODE1) | NODE0 = NODE1","15","0-------00--0---------00------000000--","13","300","17","0301020620"
"2092","forall NODE1,NODE0. ep_epoch0(NODE0) | ep_epoch2(NODE1) | ep_epoch4(NODE0) | held(NODE0) | locked_epoch3(NODE1) | locked_epoch4(NODE1) | transfer_epoch2(NODE0) | transfer_epoch2(NODE1) | transfer_epoch3(NODE0) | transfer_epoch3(NODE1) | transfer_epoch4(NODE0) | transfer_epoch4(NODE1) | NODE0 = NODE1","15","0---0---0---0--------0-0------000000--","13","300","17","0301020620"
"2093","forall NODE1,NODE0. ep_epoch0(NODE0) | ep_epoch2(NODE1) | held(NODE0) | locked_epoch3(NODE1) | locked_epoch4(NODE0) | locked_epoch4(NODE1) | transfer_epoch2(NODE0) | transfer_epoch2(NODE1) | transfer_epoch3(NODE0) | transfer_epoch3(NODE1) | transfer_epoch4(NODE0) | transfer_epoch4(NODE1) | NODE0 = NODE1","15","0-------0---0--------000------000000--","13","299","11","0201030620"
"2094","forall NODE1,NODE0. ep_epoch0(NODE0) | ep_epoch3(NODE0) | ep_epoch3(NODE1) | ep_epoch4(NODE0) | ep_epoch4(NODE1) | ep_epoch5(NODE1) | held(NODE0) | locked_epoch2(NODE1) | transfer_epoch2(NODE0) | transfer_epoch2(NODE1) | transfer_epoch3(NODE0) | transfer_epoch3(NODE1) | NODE0 = NODE1","15","0--00----0000------0----------0000----","13","305","39","0601010420"
"2095","forall NODE1,NODE0. ep_epoch0(NODE0) | ep_epoch3(NODE0) | ep_epoch3(NODE1) | ep_epoch4(NODE0) | ep_epoch4(NODE1) | held(NODE0) | locked_epoch2(NODE1) | locked_epoch5(NODE1) | transfer_epoch2(NODE0) | transfer_epoch2(NODE1) | transfer_epoch3(NODE0) | transfer_epoch3(NODE1) | NODE0 = NODE1","15","0--00----00-0------0-----0----0000----","13","304","41","0501020420"
"2096","forall NODE1,NODE0. ep_epoch0(NODE0) | ep_epoch3(NODE0) | ep_epoch3(NODE1) | ep_epoch4(NODE1) | ep_epoch5(NODE1) | held(NODE0) | locked_epoch2(NODE1) | locked_epoch4(NODE0) | transfer_epoch2(NODE0) | transfer_epoch2(NODE1) | transfer_epoch3(NODE0) | transfer_epoch3(NODE1) | NODE0 = NODE1","15","0--0-----0000------0--0-------0000----","13","304","41","0501020420"
"2097","forall NODE1,NODE0. ep_epoch0(NODE0) | ep_epoch3(NODE0) | ep_epoch3(NODE1) | ep_epoch4(NODE1) | held(NODE0) | locked_epoch2(NODE1) | locked_epoch4(NODE0) | locked_epoch5(NODE1) | transfer_epoch2(NODE0) | transfer_epoch2(NODE1) | transfer_epoch3(NODE0) | transfer_epoch3(NODE1) | NODE0 = NODE1","15","0--0-----00-0------0--0--0----0000----","13","303","17","0401030420"
"2098","forall NODE1,NODE0. ep_epoch0(NODE0) | ep_epoch3(NODE0) | ep_epoch5(NODE1) | held(NODE0) | locked_epoch2(NODE1) | locked_epoch3(NODE1) | transfer_epoch2(NODE0) | transfer_epoch2(NODE1) | transfer_epoch3(NODE0) | transfer_epoch3(NODE1) | transfer_epoch5(NODE0) | transfer_epoch5(NODE1) | NODE0 = NODE1","15","0--0-------00------0-0--------0000--00","13","300","17","0301020620"
"2099","forall NODE1,NODE0. ep_epoch0(NODE0) | ep_epoch3(NODE0) | held(NODE0) | locked_epoch2(NODE1) | locked_epoch3(NODE1) | locked_epoch5(NODE1) | transfer_epoch2(NODE0) | transfer_epoch2(NODE1) | transfer_epoch3(NODE0) | transfer_epoch3(NODE1) | transfer_epoch5(NODE0) | transfer_epoch5(NODE1) | NODE0 = NODE1","15","0--0--------0------0-0---0----0000--00","13","299","11","0201030620"
"2100","forall NODE1,NODE0. ep_epoch0(NODE0) | ep_epoch3(NODE1) | ep_epoch4(NODE0) | held(NODE0) | locked_epoch2(NODE1) | locked_epoch4(NODE1) | transfer_epoch2(NODE0) | transfer_epoch2(NODE1) | transfer_epoch3(NODE0) | transfer_epoch3(NODE1) | transfer_epoch4(NODE0) | transfer_epoch4(NODE1) | NODE0 = NODE1","15","0---0----0--0------0---0------000000--","13","300","17","0301020620"
"2101","forall NODE1,NODE0. ep_epoch0(NODE0) | ep_epoch3(NODE1) | held(NODE0) | locked_epoch2(NODE1) | locked_epoch4(NODE0) | locked_epoch4(NODE1) | transfer_epoch2(NODE0) | transfer_epoch2(NODE1) | transfer_epoch3(NODE0) | transfer_epoch3(NODE1) | transfer_epoch4(NODE0) | transfer_epoch4(NODE1) | NODE0 = NODE1","15","0--------0--0------0--00------000000--","13","299","11","0201030620"
"2102","forall NODE1,NODE0. ep_epoch0(NODE0) | ep_epoch4(NODE0) | held(NODE0) | locked_epoch2(NODE1) | locked_epoch3(NODE1) | locked_epoch4(NODE1) | transfer_epoch2(NODE0) | transfer_epoch2(NODE1) | transfer_epoch3(NODE0) | transfer_epoch3(NODE1) | transfer_epoch4(NODE0) | transfer_epoch4(NODE1) | NODE0 = NODE1","15","0---0-------0------0-0-0------000000--","13","299","11","0201030620"
"2103","forall NODE1,NODE0. ep_epoch0(NODE0) | held(NODE0) | locked_epoch2(NODE1) | locked_epoch3(NODE1) | locked_epoch4(NODE0) | locked_epoch4(NODE1) | transfer_epoch2(NODE0) | transfer_epoch2(NODE1) | transfer_epoch3(NODE0) | transfer_epoch3(NODE1) | transfer_epoch4(NODE0) | transfer_epoch4(NODE1) | NODE0 = NODE1","15","0-----------0------0-000------000000--","13","298","2","0101040620"
"2104","forall NODE1,NODE0. ep_epoch1(NODE0) | ep_epoch1(NODE1) | ep_epoch2(NODE0) | ep_epoch2(NODE1) | ep_epoch3(NODE1) | ep_epoch4(NODE1) | ep_epoch5(NODE1) | held(NODE0) | transfer_epoch4(NODE0) | transfer_epoch4(NODE1) | transfer_epoch5(NODE0) | transfer_epoch5(NODE1) | NODE0 = NODE1","15","-00000-00----0--------------------0000","13","306","13","0701000420"
"2105","forall NODE1,NODE0. ep_epoch1(NODE0) | ep_epoch1(NODE1) | ep_epoch2(NODE0) | ep_epoch2(NODE1) | ep_epoch3(NODE1) | ep_epoch4(NODE1) | held(NODE0) | locked_epoch5(NODE1) | transfer_epoch4(NODE0) | transfer_epoch4(NODE1) | transfer_epoch5(NODE0) | transfer_epoch5(NODE1) | NODE0 = NODE1","15","-0000--00----0----------0---------0000","13","305","39","0601010420"
"2106","forall NODE1,NODE0. ep_epoch1(NODE0) | ep_epoch1(NODE1) | ep_epoch2(NODE0) | ep_epoch2(NODE1) | ep_epoch3(NODE1) | ep_epoch5(NODE1) | held(NODE0) | locked_epoch4(NODE1) | transfer_epoch4(NODE0) | transfer_epoch4(NODE1) | transfer_epoch5(NODE0) | transfer_epoch5(NODE1) | NODE0 = NODE1","15","-000-0-00----0--------0-----------0000","13","305","39","0601010420"
"2107","forall NODE1,NODE0. ep_epoch1(NODE0) | ep_epoch1(NODE1) | ep_epoch2(NODE0) | ep_epoch2(NODE1) | ep_epoch3(NODE1) | held(NODE0) | locked_epoch4(NODE1) | locked_epoch5(NODE1) | transfer_epoch4(NODE0) | transfer_epoch4(NODE1) | transfer_epoch5(NODE0) | transfer_epoch5(NODE1) | NODE0 = NODE1","15","-000---00----0--------0-0---------0000","13","304","41","0501020420"
"2108","forall NODE1,NODE0. ep_epoch1(NODE0) | ep_epoch1(NODE1) | ep_epoch2(NODE0) | ep_epoch2(NODE1) | ep_epoch4(NODE1) | ep_epoch5(NODE1) | held(NODE0) | locked_epoch3(NODE1) | transfer_epoch4(NODE0) | transfer_epoch4(NODE1) | transfer_epoch5(NODE0) | transfer_epoch5(NODE1) | NODE0 = NODE1","15","-00-00-00----0------0-------------0000","13","305","39","0601010420"
"2109","forall NODE1,NODE0. ep_epoch1(NODE0) | ep_epoch1(NODE1) | ep_epoch2(NODE0) | ep_epoch2(NODE1) | ep_epoch4(NODE1) | held(NODE0) | locked_epoch3(NODE1) | locked_epoch5(NODE1) | transfer_epoch4(NODE0) | transfer_epoch4(NODE1) | transfer_epoch5(NODE0) | transfer_epoch5(NODE1) | NODE0 = NODE1","15","-00-0--00----0------0---0---------0000","13","304","41","0501020420"
"2110","forall NODE1,NODE0. ep_epoch1(NODE0) | ep_epoch1(NODE1) | ep_epoch2(NODE0) | ep_epoch2(NODE1) | ep_epoch5(NODE1) | held(NODE0) | locked_epoch3(NODE1) | locked_epoch4(NODE1) | transfer_epoch4(NODE0) | transfer_epoch4(NODE1) | transfer_epoch5(NODE0) | transfer_epoch5(NODE1) | NODE0 = NODE1","15","-00--0-00----0------0-0-----------0000","13","304","41","0501020420"
"2111","forall NODE1,NODE0. ep_epoch1(NODE0) | ep_epoch1(NODE1) | ep_epoch2(NODE0) | ep_epoch2(NODE1) | held(NODE0) | locked_epoch3(NODE1) | locked_epoch4(NODE1) | locked_epoch5(NODE1) | transfer_epoch4(NODE0) | transfer_epoch4(NODE1) | transfer_epoch5(NODE0) | transfer_epoch5(NODE1) | NODE0 = NODE1","15","-00----00---0--------0-0-0--------0000","13","303","17","0401030420"
"2112","forall NODE1,NODE0. ep_epoch1(NODE0) | ep_epoch1(NODE1) | ep_epoch2(NODE1) | ep_epoch3(NODE0) | ep_epoch3(NODE1) | ep_epoch4(NODE1) | ep_epoch5(NODE1) | held(NODE0) | transfer_epoch3(NODE0) | transfer_epoch3(NODE1) | transfer_epoch5(NODE0) | transfer_epoch5(NODE1) | NODE0 = NODE1","15","-00000-0-0---0------------------00--00","13","306","13","0701000420"
"2113","forall NODE1,NODE0. ep_epoch1(NODE0) | ep_epoch1(NODE1) | ep_epoch2(NODE1) | ep_epoch3(NODE0) | ep_epoch3(NODE1) | ep_epoch4(NODE1) | held(NODE0) | locked_epoch5(NODE1) | transfer_epoch3(NODE0) | transfer_epoch3(NODE1) | transfer_epoch5(NODE0) | transfer_epoch5(NODE1) | NODE0 = NODE1","15","-0000--0-0---0----------0-------00--00","13","305","39","0601010420"
"2114","forall NODE1,NODE0. ep_epoch1(NODE0) | ep_epoch1(NODE1) | ep_epoch2(NODE1) | ep_epoch3(NODE0) | ep_epoch3(NODE1) | ep_epoch5(NODE1) | held(NODE0) | locked_epoch4(NODE1) | transfer_epoch3(NODE0) | transfer_epoch3(NODE1) | transfer_epoch5(NODE0) | transfer_epoch5(NODE1) | NODE0 = NODE1","15","-000-0-0-0---0--------0---------00--00","13","305","39","0601010420"
"2115","forall NODE1,NODE0. ep_epoch1(NODE0) | ep_epoch1(NODE1) | ep_epoch2(NODE1) | ep_epoch3(NODE0) | ep_epoch3(NODE1) | held(NODE0) | locked_epoch4(NODE1) | locked_epoch5(NODE1) | transfer_epoch3(NODE0) | transfer_epoch3(NODE1) | transfer_epoch5(NODE0) | transfer_epoch5(NODE1) | NODE0 = NODE1","15","-000---0-0---0--------0-0-------00--00","13","304","41","0501020420"
"2116","forall NODE1,NODE0. ep_epoch1(NODE0) | ep_epoch1(NODE1) | ep_epoch2(NODE1) | ep_epoch3(NODE1) | ep_epoch4(NODE0) | ep_epoch4(NODE1) | ep_epoch5(NODE1) | held(NODE0) | transfer_epoch3(NODE0) | transfer_epoch3(NODE1) | transfer_epoch4(NODE0) | transfer_epoch4(NODE1) | NODE0 = NODE1","15","-00000-0--0--0------------------0000--","13","306","13","0701000420"
"2117","forall NODE1,NODE0. ep_epoch1(NODE0) | ep_epoch1(NODE1) | ep_epoch2(NODE1) | ep_epoch3(NODE1) | ep_epoch4(NODE0) | ep_epoch4(NODE1) | held(NODE0) | locked_epoch5(NODE1) | transfer_epoch3(NODE0) | transfer_epoch3(NODE1) | transfer_epoch4(NODE0) | transfer_epoch4(NODE1) | NODE0 = NODE1","15","-0000--0--0--0----------0-------0000--","13","305","39","0601010420"
"2118","forall NODE1,NODE0. ep_epoch1(NODE0) | ep_epoch1(NODE1) | ep_epoch2(NODE1) | ep_epoch3(NODE1) | ep_epoch4(NODE1) | ep_epoch5(NODE1) | held(NODE0) | locked_epoch4(NODE0) | transfer_epoch3(NODE0) | transfer_epoch3(NODE1) | transfer_epoch4(NODE0) | transfer_epoch4(NODE1) | NODE0 = NODE1","15","-00000-0-----0---------0--------0000--","13","305","39","0601010420"
"2119","forall NODE1,NODE0. ep_epoch1(NODE0) | ep_epoch1(NODE1) | ep_epoch2(NODE1) | ep_epoch3(NODE1) | ep_epoch4(NODE1) | held(NODE0) | locked_epoch4(NODE0) | locked_epoch5(NODE1) | transfer_epoch3(NODE0) | transfer_epoch3(NODE1) | transfer_epoch4(NODE0) | transfer_epoch4(NODE1) | NODE0 = NODE1","15","-0000--0-----0---------00-------0000--","13","304","41","0501020420"
"2120","forall NODE1,NODE0. ep_epoch1(NODE0) | ep_epoch1(NODE1) | ep_epoch2(NODE1) | ep_epoch4(NODE0) | ep_epoch4(NODE1) | ep_epoch5(NODE1) | held(NODE0) | locked_epoch3(NODE1) | transfer_epoch3(NODE0) | transfer_epoch3(NODE1) | transfer_epoch4(NODE0) | transfer_epoch4(NODE1) | NODE0 = NODE1","15","-00-00-0--0--0------0-----------0000--","13","305","39","0601010420"
"2121","forall NODE1,NODE0. ep_epoch1(NODE0) | ep_epoch1(NODE1) | ep_epoch2(NODE1) | ep_epoch4(NODE0) | ep_epoch4(NODE1) | held(NODE0) | locked_epoch3(NODE1) | locked_epoch5(NODE1) | transfer_epoch3(NODE0) | transfer_epoch3(NODE1) | transfer_epoch4(NODE0) | transfer_epoch4(NODE1) | NODE0 = NODE1","15","-00-0--0--0--0------0---0-------0000--","13","304","41","0501020420"
"2122","forall NODE1,NODE0. ep_epoch1(NODE0) | ep_epoch1(NODE1) | ep_epoch2(NODE1) | ep_epoch4(NODE1) | ep_epoch5(NODE1) | held(NODE0) | locked_epoch3(NODE1) | locked_epoch4(NODE0) | transfer_epoch3(NODE0) | transfer_epoch3(NODE1) | transfer_epoch4(NODE0) | transfer_epoch4(NODE1) | NODE0 = NODE1","15","-00-00-0-----0------0--0--------0000--","13","304","41","0501020420"
"2123","forall NODE1,NODE0. ep_epoch1(NODE0) | ep_epoch1(NODE1) | ep_epoch2(NODE1) | ep_epoch4(NODE1) | held(NODE0) | locked_epoch3(NODE1) | locked_epoch4(NODE0) | locked_epoch5(NODE1) | transfer_epoch3(NODE0) | transfer_epoch3(NODE1) | transfer_epoch4(NODE0) | transfer_epoch4(NODE1) | NODE0 = NODE1","15","-00-0--0-----0------0--00-------0000--","13","303","17","0401030420"
"2124","forall NODE1,NODE0. ep_epoch1(NODE0) | ep_epoch1(NODE1) | ep_epoch3(NODE0) | ep_epoch3(NODE1) | ep_epoch4(NODE1) | ep_epoch5(NODE1) | held(NODE0) | locked_epoch2(NODE1) | transfer_epoch3(NODE0) | transfer_epoch3(NODE1) | transfer_epoch5(NODE0) | transfer_epoch5(NODE1) | NODE0 = NODE1","15","-0-000-0-0---0----0-------------00--00","13","305","39","0601010420"
"2125","forall NODE1,NODE0. ep_epoch1(NODE0) | ep_epoch1(NODE1) | ep_epoch3(NODE0) | ep_epoch3(NODE1) | ep_epoch4(NODE1) | held(NODE0) | locked_epoch2(NODE1) | locked_epoch5(NODE1) | transfer_epoch3(NODE0) | transfer_epoch3(NODE1) | transfer_epoch5(NODE0) | transfer_epoch5(NODE1) | NODE0 = NODE1","15","-0-00--0-0---0----0-----0-------00--00","13","304","41","0501020420"
"2126","forall NODE1,NODE0. ep_epoch1(NODE0) | ep_epoch1(NODE1) | ep_epoch3(NODE0) | ep_epoch3(NODE1) | ep_epoch5(NODE1) | held(NODE0) | locked_epoch2(NODE1) | locked_epoch4(NODE1) | transfer_epoch3(NODE0) | transfer_epoch3(NODE1) | transfer_epoch5(NODE0) | transfer_epoch5(NODE1) | NODE0 = NODE1","15","-0-0-0-0-0---0----0---0---------00--00","13","304","41","0501020420"
"2127","forall NODE1,NODE0. ep_epoch1(NODE0) | ep_epoch1(NODE1) | ep_epoch3(NODE0) | ep_epoch3(NODE1) | held(NODE0) | locked_epoch2(NODE1) | locked_epoch4(NODE1) | locked_epoch5(NODE1) | transfer_epoch3(NODE0) | transfer_epoch3(NODE1) | transfer_epoch5(NODE0) | transfer_epoch5(NODE1) | NODE0 = NODE1","15","-0-0---0-0--0------0---0-0------00--00","13","303","17","0401030420"
"2128","forall NODE1,NODE0. ep_epoch1(NODE0) | ep_epoch1(NODE1) | ep_epoch3(NODE1) | ep_epoch4(NODE0) | ep_epoch4(NODE1) | ep_epoch5(NODE1) | held(NODE0) | locked_epoch2(NODE1) | transfer_epoch3(NODE0) | transfer_epoch3(NODE1) | transfer_epoch4(NODE0) | transfer_epoch4(NODE1) | NODE0 = NODE1","15","-0-000-0--0--0----0-------------0000--","13","305","39","0601010420"
"2129","forall NODE1,NODE0. ep_epoch1(NODE0) | ep_epoch1(NODE1) | ep_epoch3(NODE1) | ep_epoch4(NODE0) | ep_epoch4(NODE1) | held(NODE0) | locked_epoch2(NODE1) | locked_epoch5(NODE1) | transfer_epoch3(NODE0) | transfer_epoch3(NODE1) | transfer_epoch4(NODE0) | transfer_epoch4(NODE1) | NODE0 = NODE1","15","-0-00--0--0--0----0-----0-------0000--","13","304","41","0501020420"
"2130","forall NODE1,NODE0. ep_epoch1(NODE0) | ep_epoch1(NODE1) | ep_epoch3(NODE1) | ep_epoch4(NODE1) | ep_epoch5(NODE1) | held(NODE0) | locked_epoch2(NODE1) | locked_epoch4(NODE0) | transfer_epoch3(NODE0) | transfer_epoch3(NODE1) | transfer_epoch4(NODE0) | transfer_epoch4(NODE1) | NODE0 = NODE1","15","-0-000-0-----0----0----0--------0000--","13","304","41","0501020420"
"2131","forall NODE1,NODE0. ep_epoch1(NODE0) | ep_epoch1(NODE1) | ep_epoch3(NODE1) | ep_epoch4(NODE1) | held(NODE0) | locked_epoch2(NODE1) | locked_epoch4(NODE0) | locked_epoch5(NODE1) | transfer_epoch3(NODE0) | transfer_epoch3(NODE1) | transfer_epoch4(NODE0) | transfer_epoch4(NODE1) | NODE0 = NODE1","15","-0-00--0-----0----0----00-------0000--","13","303","17","0401030420"
"2132","forall NODE1,NODE0. ep_epoch1(NODE0) | ep_epoch1(NODE1) | ep_epoch4(NODE0) | ep_epoch4(NODE1) | ep_epoch5(NODE1) | held(NODE0) | locked_epoch2(NODE1) | locked_epoch3(NODE1) | transfer_epoch3(NODE0) | transfer_epoch3(NODE1) | transfer_epoch4(NODE0) | transfer_epoch4(NODE1) | NODE0 = NODE1","15","-0--00-0--0--0----0-0-----------0000--","13","304","41","0501020420"
"2133","forall NODE1,NODE0. ep_epoch1(NODE0) | ep_epoch1(NODE1) | ep_epoch4(NODE0) | ep_epoch4(NODE1) | held(NODE0) | locked_epoch2(NODE1) | locked_epoch3(NODE1) | locked_epoch5(NODE1) | transfer_epoch3(NODE0) | transfer_epoch3(NODE1) | transfer_epoch4(NODE0) | transfer_epoch4(NODE1) | NODE0 = NODE1","15","-0--0--0--0-0------0-0---0------0000--","13","303","17","0401030420"
"2134","forall NODE1,NODE0. ep_epoch1(NODE0) | ep_epoch1(NODE1) | ep_epoch4(NODE1) | ep_epoch5(NODE1) | held(NODE0) | locked_epoch2(NODE1) | locked_epoch3(NODE1) | locked_epoch4(NODE0) | transfer_epoch3(NODE0) | transfer_epoch3(NODE1) | transfer_epoch4(NODE0) | transfer_epoch4(NODE1) | NODE0 = NODE1","15","-0--00-0-----0----0-0--0--------0000--","13","303","17","0401030420"
"2135","forall NODE1,NODE0. ep_epoch1(NODE0) | ep_epoch1(NODE1) | ep_epoch4(NODE1) | held(NODE0) | locked_epoch2(NODE1) | locked_epoch3(NODE1) | locked_epoch4(NODE0) | locked_epoch5(NODE1) | transfer_epoch3(NODE0) | transfer_epoch3(NODE1) | transfer_epoch4(NODE0) | transfer_epoch4(NODE1) | NODE0 = NODE1","15","-0--0--0-----0----0-0--00-------0000--","13","301","2","0301040420"
"2136","forall NODE1,NODE0. ep_epoch1(NODE0) | ep_epoch2(NODE0) | ep_epoch2(NODE1) | ep_epoch3(NODE0) | ep_epoch3(NODE1) | ep_epoch4(NODE0) | ep_epoch5(NODE0) | held(NODE1) | transfer_epoch2(NODE0) | transfer_epoch2(NODE1) | transfer_epoch5(NODE0) | transfer_epoch5(NODE1) | NODE0 = NODE1","15","-00000--00---0----------------00----00","13","306","13","0701000420"
"2137","forall NODE1,NODE0. ep_epoch1(NODE0) | ep_epoch2(NODE0) | ep_epoch2(NODE1) | ep_epoch3(NODE0) | ep_epoch3(NODE1) | ep_epoch4(NODE0) | held(NODE1) | locked_epoch5(NODE0) | transfer_epoch2(NODE0) | transfer_epoch2(NODE1) | transfer_epoch5(NODE0) | transfer_epoch5(NODE1) | NODE0 = NODE1","15","-0000---00---0----------0-----00----00","13","305","39","0601010420"
"2138","forall NODE1,NODE0. ep_epoch1(NODE0) | ep_epoch2(NODE0) | ep_epoch2(NODE1) | ep_epoch3(NODE0) | ep_epoch3(NODE1) | ep_epoch5(NODE0) | held(NODE1) | locked_epoch4(NODE0) | transfer_epoch2(NODE0) | transfer_epoch2(NODE1) | transfer_epoch5(NODE0) | transfer_epoch5(NODE1) | NODE0 = NODE1","15","-000-0--00---0--------0-------00----00","13","305","39","0601010420"
"2139","forall NODE1,NODE0. ep_epoch1(NODE0) | ep_epoch2(NODE0) | ep_epoch2(NODE1) | ep_epoch3(NODE0) | ep_epoch3(NODE1) | held(NODE1) | locked_epoch4(NODE0) | locked_epoch5(NODE0) | transfer_epoch2(NODE0) | transfer_epoch2(NODE1) | transfer_epoch5(NODE0) | transfer_epoch5(NODE1) | NODE0 = NODE1","15","-000----00---0--------0-0-----00----00","13","304","41","0501020420"
"2140","forall NODE1,NODE0. ep_epoch1(NODE0) | ep_epoch2(NODE0) | ep_epoch2(NODE1) | ep_epoch3(NODE0) | ep_epoch4(NODE0) | ep_epoch4(NODE1) | ep_epoch5(NODE0) | held(NODE1) | transfer_epoch2(NODE0) | transfer_epoch2(NODE1) | transfer_epoch4(NODE0) | transfer_epoch4(NODE1) | NODE0 = NODE1","15","-00000--0-0--0----------------00--00--","13","306","13","0701000420"
"2141","forall NODE1,NODE0. ep_epoch1(NODE0) | ep_epoch2(NODE0) | ep_epoch2(NODE1) | ep_epoch3(NODE0) | ep_epoch4(NODE0) | ep_epoch4(NODE1) | held(NODE1) | locked_epoch5(NODE0) | transfer_epoch2(NODE0) | transfer_epoch2(NODE1) | transfer_epoch4(NODE0) | transfer_epoch4(NODE1) | NODE0 = NODE1","15","-0000---0-0--0----------0-----00--00--","13","305","39","0601010420"
"2142","forall NODE1,NODE0. ep_epoch1(NODE0) | ep_epoch2(NODE0) | ep_epoch2(NODE1) | ep_epoch3(NODE0) | ep_epoch4(NODE0) | ep_epoch5(NODE0) | held(NODE1) | locked_epoch4(NODE1) | transfer_epoch2(NODE0) | transfer_epoch2(NODE1) | transfer_epoch4(NODE0) | transfer_epoch4(NODE1) | NODE0 = NODE1","15","-00000--0----0---------0------00--00--","13","305","39","0601010420"
"2143","forall NODE1,NODE0. ep_epoch1(NODE0) | ep_epoch2(NODE0) | ep_epoch2(NODE1) | ep_epoch3(NODE0) | ep_epoch4(NODE0) | held(NODE1) | locked_epoch4(NODE1) | locked_epoch5(NODE0) | transfer_epoch2(NODE0) | transfer_epoch2(NODE1) | transfer_epoch4(NODE0) | transfer_epoch4(NODE1) | NODE0 = NODE1","15","-0000---0----0---------00-----00--00--","13","304","41","0501020420"
"2144","forall NODE1,NODE0. ep_epoch1(NODE0) | ep_epoch2(NODE0) | ep_epoch2(NODE1) | ep_epoch4(NODE0) | ep_epoch4(NODE1) | ep_epoch5(NODE0) | held(NODE1) | locked_epoch3(NODE0) | transfer_epoch2(NODE0) | transfer_epoch2(NODE1) | transfer_epoch4(NODE0) | transfer_epoch4(NODE1) | NODE0 = NODE1","15","-00-00--0-0--0------0---------00--00--","13","305","39","0601010420"
"2145","forall NODE1,NODE0. ep_epoch1(NODE0) | ep_epoch2(NODE0) | ep_epoch2(NODE1) | ep_epoch4(NODE0) | ep_epoch4(NODE1) | held(NODE1) | locked_epoch3(NODE0) | locked_epoch5(NODE0) | transfer_epoch2(NODE0) | transfer_epoch2(NODE1) | transfer_epoch4(NODE0) | transfer_epoch4(NODE1) | NODE0 = NODE1","15","-00-0---0-0--0------0---0-----00--00--","13","304","41","0501020420"
"2146","forall NODE1,NODE0. ep_epoch1(NODE0) | ep_epoch2(NODE0) | ep_epoch2(NODE1) | ep_epoch4(NODE0) | ep_epoch5(NODE0) | held(NODE1) | locked_epoch3(NODE0) | locked_epoch4(NODE1) | transfer_epoch2(NODE0) | transfer_epoch2(NODE1) | transfer_epoch4(NODE0) | transfer_epoch4(NODE1) | NODE0 = NODE1","15","-00-00--0----0------0--0------00--00--","13","304","41","0501020420"
"2147","forall NODE1,NODE0. ep_epoch1(NODE0) | ep_epoch2(NODE0) | ep_epoch2(NODE1) | ep_epoch4(NODE0) | held(NODE1) | locked_epoch3(NODE0) | locked_epoch4(NODE1) | locked_epoch5(NODE0) | transfer_epoch2(NODE0) | transfer_epoch2(NODE1) | transfer_epoch4(NODE0) | transfer_epoch4(NODE1) | NODE0 = NODE1","15","-00-0---0----0------0--00-----00--00--","13","303","17","0401030420"
"2148","forall NODE1,NODE0. ep_epoch1(NODE0) | ep_epoch2(NODE0) | ep_epoch3(NODE0) | ep_epoch3(NODE1) | ep_epoch4(NODE0) | ep_epoch4(NODE1) | ep_epoch5(NODE0) | held(NODE1) | transfer_epoch2(NODE0) | transfer_epoch2(NODE1) | transfer_epoch3(NODE0) | transfer_epoch3(NODE1) | NODE0 = NODE1","15","-00000---00--0----------------0000----","13","306","13","0701000420"
"2149","forall NODE1,NODE0. ep_epoch1(NODE0) | ep_epoch2(NODE0) | ep_epoch3(NODE0) | ep_epoch3(NODE1) | ep_epoch4(NODE0) | ep_epoch4(NODE1) | held(NODE1) | locked_epoch5(NODE0) | transfer_epoch2(NODE0) | transfer_epoch2(NODE1) | transfer_epoch3(NODE0) | transfer_epoch3(NODE1) | NODE0 = NODE1","15","-0000----00--0----------0-----0000----","13","305","39","0601010420"
"2150","forall NODE1,NODE0. ep_epoch1(NODE0) | ep_epoch2(NODE0) | ep_epoch3(NODE0) | ep_epoch3(NODE1) | ep_epoch4(NODE0) | ep_epoch5(NODE0) | held(NODE1) | locked_epoch4(NODE1) | transfer_epoch2(NODE0) | transfer_epoch2(NODE1) | transfer_epoch3(NODE0) | transfer_epoch3(NODE1) | NODE0 = NODE1","15","-00000---0---0---------0------0000----","13","305","39","0601010420"
"2151","forall NODE1,NODE0. ep_epoch1(NODE0) | ep_epoch2(NODE0) | ep_epoch3(NODE0) | ep_epoch3(NODE1) | ep_epoch4(NODE0) | held(NODE1) | locked_epoch4(NODE1) | locked_epoch5(NODE0) | transfer_epoch2(NODE0) | transfer_epoch2(NODE1) | transfer_epoch3(NODE0) | transfer_epoch3(NODE1) | NODE0 = NODE1","15","-0000----0---0---------00-----0000----","13","304","41","0501020420"
"2152","forall NODE1,NODE0. ep_epoch1(NODE0) | ep_epoch2(NODE0) | ep_epoch3(NODE0) | ep_epoch4(NODE1) | held(NODE1) | locked_epoch4(NODE0) | transfer_epoch2(NODE0) | transfer_epoch2(NODE1) | transfer_epoch3(NODE0) | transfer_epoch3(NODE1) | transfer_epoch4(NODE0) | transfer_epoch4(NODE1) | NODE0 = NODE1","15","-000------0--0--------0-------000000--","13","302","9","0401010620"
"2153","forall NODE1,NODE0. ep_epoch1(NODE0) | ep_epoch2(NODE0) | ep_epoch3(NODE0) | held(NODE1) | locked_epoch4(NODE0) | locked_epoch4(NODE1) | transfer_epoch2(NODE0) | transfer_epoch2(NODE1) | transfer_epoch3(NODE0) | transfer_epoch3(NODE1) | transfer_epoch4(NODE0) | transfer_epoch4(NODE1) | NODE0 = NODE1","15","-000---------0--------00------000000--","13","300","17","0301020620"
"2154","forall NODE1,NODE0. ep_epoch1(NODE0) | ep_epoch2(NODE0) | ep_epoch3(NODE1) | ep_epoch5(NODE0) | held(NODE1) | locked_epoch3(NODE0) | transfer_epoch2(NODE0) | transfer_epoch2(NODE1) | transfer_epoch3(NODE0) | transfer_epoch3(NODE1) | transfer_epoch5(NODE0) | transfer_epoch5(NODE1) | NODE0 = NODE1","15","-00--0---0---0------0---------0000--00","13","302","9","0401010620"
"2155","forall NODE1,NODE0. ep_epoch1(NODE0) | ep_epoch2(NODE0) | ep_epoch3(NODE1) | held(NODE1) | locked_epoch3(NODE0) | locked_epoch5(NODE0) | transfer_epoch2(NODE0) | transfer_epoch2(NODE1) | transfer_epoch3(NODE0) | transfer_epoch3(NODE1) | transfer_epoch5(NODE0) | transfer_epoch5(NODE1) | NODE0 = NODE1","15","-00------0---0------0---0-----0000--00","13","300","17","0301020620"
"2156","forall NODE1,NODE0. ep_epoch1(NODE0) | ep_epoch2(NODE0) | ep_epoch4(NODE1) | held(NODE1) | locked_epoch3(NODE0) | locked_epoch4(NODE0) | transfer_epoch2(NODE0) | transfer_epoch2(NODE1) | transfer_epoch3(NODE0) | transfer_epoch3(NODE1) | transfer_epoch4(NODE0) | transfer_epoch4(NODE1) | NODE0 = NODE1","15","-00-------0--0------0-0-------000000--","13","300","17","0301020620"
"2157","forall NODE1,NODE0. ep_epoch1(NODE0) | ep_epoch2(NODE0) | held(NODE1) | locked_epoch3(NODE0) | locked_epoch4(NODE0) | locked_epoch4(NODE1) | transfer_epoch2(NODE0) | transfer_epoch2(NODE1) | transfer_epoch3(NODE0) | transfer_epoch3(NODE1) | transfer_epoch4(NODE0) | transfer_epoch4(NODE1) | NODE0 = NODE1","15","-00----------0------0-00------000000--","13","299","11","0201030620"
"2158","forall NODE1,NODE0. ep_epoch1(NODE0) | ep_epoch2(NODE1) | ep_epoch4(NODE0) | ep_epoch5(NODE0) | held(NODE1) | locked_epoch2(NODE0) | transfer_epoch2(NODE0) | transfer_epoch2(NODE1) | transfer_epoch4(NODE0) | transfer_epoch4(NODE1) | transfer_epoch5(NODE0) | transfer_epoch5(NODE1) | NODE0 = NODE1","15","-0--00--0----0----0-----------00--0000","13","302","9","0401010620"
"2159","forall NODE1,NODE0. ep_epoch1(NODE0) | ep_epoch2(NODE1) | ep_epoch4(NODE0) | held(NODE1) | locked_epoch2(NODE0) | locked_epoch5(NODE0) | transfer_epoch2(NODE0) | transfer_epoch2(NODE1) | transfer_epoch4(NODE0) | transfer_epoch4(NODE1) | transfer_epoch5(NODE0) | transfer_epoch5(NODE1) | NODE0 = NODE1","15","-0--0---0----0----0-----0-----00--0000","13","300","17","0301020620"
"2160","forall NODE1,NODE0. ep_epoch1(NODE0) | ep_epoch2(NODE1) | ep_epoch5(NODE0) | held(NODE1) | locked_epoch2(NODE0) | locked_epoch4(NODE0) | transfer_epoch2(NODE0) | transfer_epoch2(NODE1) | transfer_epoch4(NODE0) | transfer_epoch4(NODE1) | transfer_epoch5(NODE0) | transfer_epoch5(NODE1) | NODE0 = NODE1","15","-0---0--0----0----0---0-------00--0000","13","300","17","0301020620"
"2161","forall NODE1,NODE0. ep_epoch1(NODE0) | ep_epoch2(NODE1) | held(NODE1) | locked_epoch2(NODE0) | locked_epoch4(NODE0) | locked_epoch5(NODE0) | transfer_epoch2(NODE0) | transfer_epoch2(NODE1) | transfer_epoch4(NODE0) | transfer_epoch4(NODE1) | transfer_epoch5(NODE0) | transfer_epoch5(NODE1) | NODE0 = NODE1","15","-0------0----0----0---0-0-----00--0000","13","299","11","0201030620"
"2162","forall NODE1,NODE0. ep_epoch1(NODE0) | ep_epoch3(NODE0) | ep_epoch3(NODE1) | ep_epoch4(NODE0) | ep_epoch4(NODE1) | ep_epoch5(NODE0) | held(NODE1) | locked_epoch2(NODE0) | transfer_epoch2(NODE0) | transfer_epoch2(NODE1) | transfer_epoch3(NODE0) | transfer_epoch3(NODE1) | NODE0 = NODE1","15","-0-000---00--0----0-----------0000----","13","305","39","0601010420"
"2163","forall NODE1,NODE0. ep_epoch1(NODE0) | ep_epoch3(NODE0) | ep_epoch3(NODE1) | ep_epoch4(NODE0) | ep_epoch4(NODE1) | held(NODE1) | locked_epoch2(NODE0) | locked_epoch5(NODE0) | transfer_epoch2(NODE0) | transfer_epoch2(NODE1) | transfer_epoch3(NODE0) | transfer_epoch3(NODE1) | NODE0 = NODE1","15","-0-00----00--0----0-----0-----0000----","13","304","41","0501020420"
"2164","forall NODE1,NODE0. ep_epoch1(NODE0) | ep_epoch3(NODE0) | ep_epoch3(NODE1) | ep_epoch4(NODE0) | ep_epoch5(NODE0) | held(NODE1) | locked_epoch2(NODE0) | locked_epoch4(NODE1) | transfer_epoch2(NODE0) | transfer_epoch2(NODE1) | transfer_epoch3(NODE0) | transfer_epoch3(NODE1) | NODE0 = NODE1","15","-0-000---0---0----0----0------0000----","13","304","41","0501020420"
"2165","forall NODE1,NODE0. ep_epoch1(NODE0) | ep_epoch3(NODE0) | ep_epoch3(NODE1) | ep_epoch4(NODE0) | held(NODE1) | locked_epoch2(NODE0) | locked_epoch4(NODE1) | locked_epoch5(NODE0) | transfer_epoch2(NODE0) | transfer_epoch2(NODE1) | transfer_epoch3(NODE0) | transfer_epoch3(NODE1) | NODE0 = NODE1","15","-0-00----0---0----0----00-----0000----","13","303","17","0401030420"
"2166","forall NODE1,NODE0. ep_epoch1(NODE0) | ep_epoch3(NODE0) | ep_epoch4(NODE1) | held(NODE1) | locked_epoch2(NODE0) | locked_epoch4(NODE0) | transfer_epoch2(NODE0) | transfer_epoch2(NODE1) | transfer_epoch3(NODE0) | transfer_epoch3(NODE1) | transfer_epoch4(NODE0) | transfer_epoch4(NODE1) | NODE0 = NODE1","15","-0-0------0--0----0---0-------000000--","13","300","17","0301020620"
"2167","forall NODE1,NODE0. ep_epoch1(NODE0) | ep_epoch3(NODE0) | held(NODE1) | locked_epoch2(NODE0) | locked_epoch4(NODE0) | locked_epoch4(NODE1) | transfer_epoch2(NODE0) | transfer_epoch2(NODE1) | transfer_epoch3(NODE0) | transfer_epoch3(NODE1) | transfer_epoch4(NODE0) | transfer_epoch4(NODE1) | NODE0 = NODE1","15","-0-0---------0----0---00------000000--","13","299","11","0201030620"
"2168","forall NODE1,NODE0. ep_epoch1(NODE0) | ep_epoch3(NODE1) | ep_epoch5(NODE0) | held(NODE1) | locked_epoch2(NODE0) | locked_epoch3(NODE0) | transfer_epoch2(NODE0) | transfer_epoch2(NODE1) | transfer_epoch3(NODE0) | transfer_epoch3(NODE1) | transfer_epoch5(NODE0) | transfer_epoch5(NODE1) | NODE0 = NODE1","15","-0---0---0---0----0-0---------0000--00","13","300","17","0301020620"
"2169","forall NODE1,NODE0. ep_epoch1(NODE0) | ep_epoch3(NODE1) | held(NODE1) | locked_epoch2(NODE0) | locked_epoch3(NODE0) | locked_epoch5(NODE0) | transfer_epoch2(NODE0) | transfer_epoch2(NODE1) | transfer_epoch3(NODE0) | transfer_epoch3(NODE1) | transfer_epoch5(NODE0) | transfer_epoch5(NODE1) | NODE0 = NODE1","15","-0-------0---0----0-0---0-----0000--00","13","299","11","0201030620"
"2170","forall NODE1,NODE0. ep_epoch1(NODE0) | ep_epoch4(NODE1) | held(NODE1) | locked_epoch2(NODE0) | locked_epoch3(NODE0) | locked_epoch4(NODE0) | transfer_epoch2(NODE0) | transfer_epoch2(NODE1) | transfer_epoch3(NODE0) | transfer_epoch3(NODE1) | transfer_epoch4(NODE0) | transfer_epoch4(NODE1) | NODE0 = NODE1","15","-0--------0--0----0-0-0-------000000--","13","299","11","0201030620"
"2171","forall NODE1,NODE0. ep_epoch1(NODE0) | held(NODE1) | locked_epoch2(NODE0) | locked_epoch3(NODE0) | locked_epoch4(NODE0) | locked_epoch4(NODE1) | transfer_epoch2(NODE0) | transfer_epoch2(NODE1) | transfer_epoch3(NODE0) | transfer_epoch3(NODE1) | transfer_epoch4(NODE0) | transfer_epoch4(NODE1) | NODE0 = NODE1","15","-0-----------0----0-0-00------000000--","13","298","2","0101040620"
"2172","forall NODE1,NODE0. ep_epoch0(NODE0) | ep_epoch0(NODE1) | ep_epoch2(NODE1) | ep_epoch3(NODE1) | ep_epoch4(NODE1) | ep_epoch5(NODE1) | held(NODE0) | transfer_epoch3(NODE0) | transfer_epoch3(NODE1) | transfer_epoch4(NODE0) | transfer_epoch4(NODE1) | transfer_epoch5(NODE0) | transfer_epoch5(NODE1) | NODE0 = NODE1","16","0-00000------0------------------000000","14","314","8","0601000620"
"2173","forall NODE1,NODE0. ep_epoch0(NODE0) | ep_epoch0(NODE1) | ep_epoch2(NODE1) | ep_epoch3(NODE1) | ep_epoch4(NODE1) | held(NODE0) | locked_epoch5(NODE1) | transfer_epoch3(NODE0) | transfer_epoch3(NODE1) | transfer_epoch4(NODE0) | transfer_epoch4(NODE1) | transfer_epoch5(NODE0) | transfer_epoch5(NODE1) | NODE0 = NODE1","16","0-000-0------0----------0-------000000","14","313","28","0501010620"
"2174","forall NODE1,NODE0. ep_epoch0(NODE0) | ep_epoch0(NODE1) | ep_epoch2(NODE1) | ep_epoch3(NODE1) | ep_epoch5(NODE1) | held(NODE0) | locked_epoch4(NODE1) | transfer_epoch3(NODE0) | transfer_epoch3(NODE1) | transfer_epoch4(NODE0) | transfer_epoch4(NODE1) | transfer_epoch5(NODE0) | transfer_epoch5(NODE1) | NODE0 = NODE1","16","0-00-00------0--------0---------000000","14","313","28","0501010620"
"2175","forall NODE1,NODE0. ep_epoch0(NODE0) | ep_epoch0(NODE1) | ep_epoch2(NODE1) | ep_epoch3(NODE1) | held(NODE0) | locked_epoch4(NODE1) | locked_epoch5(NODE1) | transfer_epoch3(NODE0) | transfer_epoch3(NODE1) | transfer_epoch4(NODE0) | transfer_epoch4(NODE1) | transfer_epoch5(NODE0) | transfer_epoch5(NODE1) | NODE0 = NODE1","16","0-00--0------0--------0-0-------000000","14","312","36","0401020620"
"2176","forall NODE1,NODE0. ep_epoch0(NODE0) | ep_epoch0(NODE1) | ep_epoch2(NODE1) | ep_epoch4(NODE1) | ep_epoch5(NODE1) | held(NODE0) | locked_epoch3(NODE1) | transfer_epoch3(NODE0) | transfer_epoch3(NODE1) | transfer_epoch4(NODE0) | transfer_epoch4(NODE1) | transfer_epoch5(NODE0) | transfer_epoch5(NODE1) | NODE0 = NODE1","16","0-0-000------0------0-----------000000","14","313","28","0501010620"
"2177","forall NODE1,NODE0. ep_epoch0(NODE0) | ep_epoch0(NODE1) | ep_epoch2(NODE1) | ep_epoch4(NODE1) | held(NODE0) | locked_epoch3(NODE1) | locked_epoch5(NODE1) | transfer_epoch3(NODE0) | transfer_epoch3(NODE1) | transfer_epoch4(NODE0) | transfer_epoch4(NODE1) | transfer_epoch5(NODE0) | transfer_epoch5(NODE1) | NODE0 = NODE1","16","0-0-0-0------0------0---0-------000000","14","312","36","0401020620"
"2178","forall NODE1,NODE0. ep_epoch0(NODE0) | ep_epoch0(NODE1) | ep_epoch2(NODE1) | ep_epoch5(NODE1) | held(NODE0) | locked_epoch3(NODE1) | locked_epoch4(NODE1) | transfer_epoch3(NODE0) | transfer_epoch3(NODE1) | transfer_epoch4(NODE0) | transfer_epoch4(NODE1) | transfer_epoch5(NODE0) | transfer_epoch5(NODE1) | NODE0 = NODE1","16","0-0--00------0------0-0---------000000","14","312","36","0401020620"
"2179","forall NODE1,NODE0. ep_epoch0(NODE0) | ep_epoch0(NODE1) | ep_epoch2(NODE1) | held(NODE0) | locked_epoch3(NODE1) | locked_epoch4(NODE1) | locked_epoch5(NODE1) | transfer_epoch3(NODE0) | transfer_epoch3(NODE1) | transfer_epoch4(NODE0) | transfer_epoch4(NODE1) | transfer_epoch5(NODE0) | transfer_epoch5(NODE1) | NODE0 = NODE1","16","0-0---0------0------0-0-0-------000000","14","310","20","0301030620"
"2180","forall NODE1,NODE0. ep_epoch0(NODE0) | ep_epoch0(NODE1) | ep_epoch3(NODE0) | ep_epoch4(NODE0) | ep_epoch5(NODE0) | held(NODE1) | locked_epoch2(NODE0) | transfer_epoch3(NODE0) | transfer_epoch3(NODE1) | transfer_epoch4(NODE0) | transfer_epoch4(NODE1) | transfer_epoch5(NODE0) | transfer_epoch5(NODE1) | NODE0 = NODE1","16","0--0000------0----0-------------000000","14","313","28","0501010620"
"2181","forall NODE1,NODE0. ep_epoch0(NODE0) | ep_epoch0(NODE1) | ep_epoch3(NODE0) | ep_epoch4(NODE0) | held(NODE1) | locked_epoch2(NODE0) | locked_epoch5(NODE0) | transfer_epoch3(NODE0) | transfer_epoch3(NODE1) | transfer_epoch4(NODE0) | transfer_epoch4(NODE1) | transfer_epoch5(NODE0) | transfer_epoch5(NODE1) | NODE0 = NODE1","16","0--00-0------0----0-----0-------000000","14","312","36","0401020620"
"2182","forall NODE1,NODE0. ep_epoch0(NODE0) | ep_epoch0(NODE1) | ep_epoch3(NODE0) | ep_epoch5(NODE0) | held(NODE1) | locked_epoch2(NODE0) | locked_epoch4(NODE0) | transfer_epoch3(NODE0) | transfer_epoch3(NODE1) | transfer_epoch4(NODE0) | transfer_epoch4(NODE1) | transfer_epoch5(NODE0) | transfer_epoch5(NODE1) | NODE0 = NODE1","16","0--0-00------0----0---0---------000000","14","312","36","0401020620"
"2183","forall NODE1,NODE0. ep_epoch0(NODE0) | ep_epoch0(NODE1) | ep_epoch3(NODE0) | held(NODE1) | locked_epoch2(NODE0) | locked_epoch4(NODE0) | locked_epoch5(NODE0) | transfer_epoch3(NODE0) | transfer_epoch3(NODE1) | transfer_epoch4(NODE0) | transfer_epoch4(NODE1) | transfer_epoch5(NODE0) | transfer_epoch5(NODE1) | NODE0 = NODE1","16","0--0--0------0----0---0-0-------000000","14","310","20","0301030620"
"2184","forall NODE1,NODE0. ep_epoch0(NODE0) | ep_epoch0(NODE1) | ep_epoch4(NODE1) | ep_epoch5(NODE1) | held(NODE0) | locked_epoch2(NODE1) | locked_epoch3(NODE1) | transfer_epoch3(NODE0) | transfer_epoch3(NODE1) | transfer_epoch4(NODE0) | transfer_epoch4(NODE1) | transfer_epoch5(NODE0) | transfer_epoch5(NODE1) | NODE0 = NODE1","16","0---000------0----0-0-----------000000","14","312","36","0401020620"
"2185","forall NODE1,NODE0. ep_epoch0(NODE0) | ep_epoch0(NODE1) | ep_epoch4(NODE1) | held(NODE0) | locked_epoch2(NODE1) | locked_epoch3(NODE1) | locked_epoch5(NODE1) | transfer_epoch3(NODE0) | transfer_epoch3(NODE1) | transfer_epoch4(NODE0) | transfer_epoch4(NODE1) | transfer_epoch5(NODE0) | transfer_epoch5(NODE1) | NODE0 = NODE1","16","0---0-0------0----0-0---0-------000000","14","310","20","0301030620"
"2186","forall NODE1,NODE0. ep_epoch0(NODE0) | ep_epoch0(NODE1) | ep_epoch5(NODE1) | held(NODE0) | locked_epoch2(NODE1) | locked_epoch3(NODE1) | locked_epoch4(NODE1) | transfer_epoch3(NODE0) | transfer_epoch3(NODE1) | transfer_epoch4(NODE0) | transfer_epoch4(NODE1) | transfer_epoch5(NODE0) | transfer_epoch5(NODE1) | NODE0 = NODE1","16","0----00------0----0-0-0---------000000","14","310","20","0301030620"
"2187","forall NODE1,NODE0. ep_epoch0(NODE0) | ep_epoch0(NODE1) | held(NODE0) | locked_epoch2(NODE1) | locked_epoch3(NODE1) | locked_epoch4(NODE1) | locked_epoch5(NODE1) | transfer_epoch3(NODE0) | transfer_epoch3(NODE1) | transfer_epoch4(NODE0) | transfer_epoch4(NODE1) | transfer_epoch5(NODE0) | transfer_epoch5(NODE1) | NODE0 = NODE1","16","0-----0-----0------0-0-0-0------000000","14","307","4","0201040620"
"2188","forall NODE1,NODE0. ep_epoch0(NODE0) | ep_epoch2(NODE0) | ep_epoch2(NODE1) | ep_epoch3(NODE1) | ep_epoch4(NODE1) | ep_epoch5(NODE1) | held(NODE0) | transfer_epoch2(NODE0) | transfer_epoch2(NODE1) | transfer_epoch4(NODE0) | transfer_epoch4(NODE1) | transfer_epoch5(NODE0) | transfer_epoch5(NODE1) | NODE0 = NODE1","16","0-0-----00000-----------------00--0000","14","314","8","0601000620"
"2189","forall NODE1,NODE0. ep_epoch0(NODE0) | ep_epoch2(NODE0) | ep_epoch2(NODE1) | ep_epoch3(NODE1) | ep_epoch4(NODE1) | held(NODE0) | locked_epoch5(NODE1) | transfer_epoch2(NODE0) | transfer_epoch2(NODE1) | transfer_epoch4(NODE0) | transfer_epoch4(NODE1) | transfer_epoch5(NODE0) | transfer_epoch5(NODE1) | NODE0 = NODE1","16","0-0-----000-0------------0----00--0000","14","313","28","0501010620"
"2190","forall NODE1,NODE0. ep_epoch0(NODE0) | ep_epoch2(NODE0) | ep_epoch2(NODE1) | ep_epoch3(NODE1) | ep_epoch5(NODE1) | held(NODE0) | locked_epoch4(NODE1) | transfer_epoch2(NODE0) | transfer_epoch2(NODE1) | transfer_epoch4(NODE0) | transfer_epoch4(NODE1) | transfer_epoch5(NODE0) | transfer_epoch5(NODE1) | NODE0 = NODE1","16","0-0-----00-00----------0------00--0000","14","313","28","0501010620"
"2191","forall NODE1,NODE0. ep_epoch0(NODE0) | ep_epoch2(NODE0) | ep_epoch2(NODE1) | ep_epoch3(NODE1) | held(NODE0) | locked_epoch4(NODE1) | locked_epoch5(NODE1) | transfer_epoch2(NODE0) | transfer_epoch2(NODE1) | transfer_epoch4(NODE0) | transfer_epoch4(NODE1) | transfer_epoch5(NODE0) | transfer_epoch5(NODE1) | NODE0 = NODE1","16","0-0-----00--0----------0-0----00--0000","14","312","36","0401020620"
"2192","forall NODE1,NODE0. ep_epoch0(NODE0) | ep_epoch2(NODE0) | ep_epoch2(NODE1) | ep_epoch4(NODE1) | ep_epoch5(NODE1) | held(NODE0) | locked_epoch3(NODE1) | transfer_epoch2(NODE0) | transfer_epoch2(NODE1) | transfer_epoch4(NODE0) | transfer_epoch4(NODE1) | transfer_epoch5(NODE0) | transfer_epoch5(NODE1) | NODE0 = NODE1","16","0-0-----0-000--------0--------00--0000","14","313","28","0501010620"
"2193","forall NODE1,NODE0. ep_epoch0(NODE0) | ep_epoch2(NODE0) | ep_epoch2(NODE1) | ep_epoch4(NODE1) | held(NODE0) | locked_epoch3(NODE1) | locked_epoch5(NODE1) | transfer_epoch2(NODE0) | transfer_epoch2(NODE1) | transfer_epoch4(NODE0) | transfer_epoch4(NODE1) | transfer_epoch5(NODE0) | transfer_epoch5(NODE1) | NODE0 = NODE1","16","0-0-----0-0-0--------0---0----00--0000","14","312","36","0401020620"
"2194","forall NODE1,NODE0. ep_epoch0(NODE0) | ep_epoch2(NODE0) | ep_epoch2(NODE1) | ep_epoch5(NODE1) | held(NODE0) | locked_epoch3(NODE1) | locked_epoch4(NODE1) | transfer_epoch2(NODE0) | transfer_epoch2(NODE1) | transfer_epoch4(NODE0) | transfer_epoch4(NODE1) | transfer_epoch5(NODE0) | transfer_epoch5(NODE1) | NODE0 = NODE1","16","0-0-----0--00--------0-0------00--0000","14","312","36","0401020620"
"2195","forall NODE1,NODE0. ep_epoch0(NODE0) | ep_epoch2(NODE0) | ep_epoch2(NODE1) | held(NODE0) | locked_epoch3(NODE1) | locked_epoch4(NODE1) | locked_epoch5(NODE1) | transfer_epoch2(NODE0) | transfer_epoch2(NODE1) | transfer_epoch4(NODE0) | transfer_epoch4(NODE1) | transfer_epoch5(NODE0) | transfer_epoch5(NODE1) | NODE0 = NODE1","16","0-0-----0---0--------0-0-0----00--0000","14","310","20","0301030620"
"2196","forall NODE1,NODE0. ep_epoch0(NODE0) | ep_epoch2(NODE1) | ep_epoch3(NODE0) | ep_epoch3(NODE1) | ep_epoch4(NODE1) | ep_epoch5(NODE1) | held(NODE0) | transfer_epoch2(NODE0) | transfer_epoch2(NODE1) | transfer_epoch3(NODE0) | transfer_epoch3(NODE1) | transfer_epoch5(NODE0) | transfer_epoch5(NODE1) | NODE0 = NODE1","16","0--0----00000-----------------0000--00","14","314","8","0601000620"
"2197","forall NODE1,NODE0. ep_epoch0(NODE0) | ep_epoch2(NODE1) | ep_epoch3(NODE0) | ep_epoch3(NODE1) | ep_epoch4(NODE1) | held(NODE0) | locked_epoch5(NODE1) | transfer_epoch2(NODE0) | transfer_epoch2(NODE1) | transfer_epoch3(NODE0) | transfer_epoch3(NODE1) | transfer_epoch5(NODE0) | transfer_epoch5(NODE1) | NODE0 = NODE1","16","0--0----000-0------------0----0000--00","14","313","28","0501010620"
"2198","forall NODE1,NODE0. ep_epoch0(NODE0) | ep_epoch2(NODE1) | ep_epoch3(NODE0) | ep_epoch3(NODE1) | ep_epoch5(NODE1) | held(NODE0) | locked_epoch4(NODE1) | transfer_epoch2(NODE0) | transfer_epoch2(NODE1) | transfer_epoch3(NODE0) | transfer_epoch3(NODE1) | transfer_epoch5(NODE0) | transfer_epoch5(NODE1) | NODE0 = NODE1","16","0--0----00-00----------0------0000--00","14","313","28","0501010620"
"2199","forall NODE1,NODE0. ep_epoch0(NODE0) | ep_epoch2(NODE1) | ep_epoch3(NODE0) | ep_epoch3(NODE1) | held(NODE0) | locked_epoch4(NODE1) | locked_epoch5(NODE1) | transfer_epoch2(NODE0) | transfer_epoch2(NODE1) | transfer_epoch3(NODE0) | transfer_epoch3(NODE1) | transfer_epoch5(NODE0) | transfer_epoch5(NODE1) | NODE0 = NODE1","16","0--0----00--0----------0-0----0000--00","14","312","36","0401020620"
"2200","forall NODE1,NODE0. ep_epoch0(NODE0) | ep_epoch2(NODE1) | ep_epoch3(NODE1) | ep_epoch4(NODE0) | ep_epoch4(NODE1) | ep_epoch5(NODE1) | held(NODE0) | transfer_epoch2(NODE0) | transfer_epoch2(NODE1) | transfer_epoch3(NODE0) | transfer_epoch3(NODE1) | transfer_epoch4(NODE0) | transfer_epoch4(NODE1) | NODE0 = NODE1","16","0---0---00000-----------------000000--","14","314","8","0601000620"
"2201","forall NODE1,NODE0. ep_epoch0(NODE0) | ep_epoch2(NODE1) | ep_epoch3(NODE1) | ep_epoch4(NODE0) | ep_epoch4(NODE1) | held(NODE0) | locked_epoch5(NODE1) | transfer_epoch2(NODE0) | transfer_epoch2(NODE1) | transfer_epoch3(NODE0) | transfer_epoch3(NODE1) | transfer_epoch4(NODE0) | transfer_epoch4(NODE1) | NODE0 = NODE1","16","0---0---000-0------------0----000000--","14","313","28","0501010620"
"2202","forall NODE1,NODE0. ep_epoch0(NODE0) | ep_epoch2(NODE1) | ep_epoch3(NODE1) | ep_epoch4(NODE1) | ep_epoch5(NODE1) | held(NODE0) | locked_epoch4(NODE0) | transfer_epoch2(NODE0) | transfer_epoch2(NODE1) | transfer_epoch3(NODE0) | transfer_epoch3(NODE1) | transfer_epoch4(NODE0) | transfer_epoch4(NODE1) | NODE0 = NODE1","16","0-------00000---------0-------000000--","14","313","28","0501010620"
"2203","forall NODE1,NODE0. ep_epoch0(NODE0) | ep_epoch2(NODE1) | ep_epoch3(NODE1) | ep_epoch4(NODE1) | held(NODE0) | locked_epoch4(NODE0) | locked_epoch5(NODE1) | transfer_epoch2(NODE0) | transfer_epoch2(NODE1) | transfer_epoch3(NODE0) | transfer_epoch3(NODE1) | transfer_epoch4(NODE0) | transfer_epoch4(NODE1) | NODE0 = NODE1","16","0-------000-0---------0--0----000000--","14","312","36","0401020620"
"2204","forall NODE1,NODE0. ep_epoch0(NODE0) | ep_epoch2(NODE1) | ep_epoch4(NODE0) | ep_epoch4(NODE1) | ep_epoch5(NODE1) | held(NODE0) | locked_epoch3(NODE1) | transfer_epoch2(NODE0) | transfer_epoch2(NODE1) | transfer_epoch3(NODE0) | transfer_epoch3(NODE1) | transfer_epoch4(NODE0) | transfer_epoch4(NODE1) | NODE0 = NODE1","16","0---0---0-000--------0--------000000--","14","313","28","0501010620"
"2205","forall NODE1,NODE0. ep_epoch0(NODE0) | ep_epoch2(NODE1) | ep_epoch4(NODE0) | ep_epoch4(NODE1) | held(NODE0) | locked_epoch3(NODE1) | locked_epoch5(NODE1) | transfer_epoch2(NODE0) | transfer_epoch2(NODE1) | transfer_epoch3(NODE0) | transfer_epoch3(NODE1) | transfer_epoch4(NODE0) | transfer_epoch4(NODE1) | NODE0 = NODE1","16","0---0---0-0-0--------0---0----000000--","14","312","36","0401020620"
"2206","forall NODE1,NODE0. ep_epoch0(NODE0) | ep_epoch2(NODE1) | ep_epoch4(NODE1) | ep_epoch5(NODE1) | held(NODE0) | locked_epoch3(NODE1) | locked_epoch4(NODE0) | transfer_epoch2(NODE0) | transfer_epoch2(NODE1) | transfer_epoch3(NODE0) | transfer_epoch3(NODE1) | transfer_epoch4(NODE0) | transfer_epoch4(NODE1) | NODE0 = NODE1","16","0-------0-000--------00-------000000--","14","312","36","0401020620"
"2207","forall NODE1,NODE0. ep_epoch0(NODE0) | ep_epoch2(NODE1) | ep_epoch4(NODE1) | held(NODE0) | locked_epoch3(NODE1) | locked_epoch4(NODE0) | locked_epoch5(NODE1) | transfer_epoch2(NODE0) | transfer_epoch2(NODE1) | transfer_epoch3(NODE0) | transfer_epoch3(NODE1) | transfer_epoch4(NODE0) | transfer_epoch4(NODE1) | NODE0 = NODE1","16","0-------0-0-0--------00--0----000000--","14","310","20","0301030620"
"2208","forall NODE1,NODE0. ep_epoch0(NODE0) | ep_epoch3(NODE0) | ep_epoch3(NODE1) | ep_epoch4(NODE1) | ep_epoch5(NODE1) | held(NODE0) | locked_epoch2(NODE1) | transfer_epoch2(NODE0) | transfer_epoch2(NODE1) | transfer_epoch3(NODE0) | transfer_epoch3(NODE1) | transfer_epoch5(NODE0) | transfer_epoch5(NODE1) | NODE0 = NODE1","16","0--0-----0000------0----------0000--00","14","313","28","0501010620"
"2209","forall NODE1,NODE0. ep_epoch0(NODE0) | ep_epoch3(NODE0) | ep_epoch3(NODE1) | ep_epoch4(NODE1) | held(NODE0) | locked_epoch2(NODE1) | locked_epoch5(NODE1) | transfer_epoch2(NODE0) | transfer_epoch2(NODE1) | transfer_epoch3(NODE0) | transfer_epoch3(NODE1) | transfer_epoch5(NODE0) | transfer_epoch5(NODE1) | NODE0 = NODE1","16","0--0-----00-0------0-----0----0000--00","14","312","36","0401020620"
"2210","forall NODE1,NODE0. ep_epoch0(NODE0) | ep_epoch3(NODE0) | ep_epoch3(NODE1) | ep_epoch5(NODE1) | held(NODE0) | locked_epoch2(NODE1) | locked_epoch4(NODE1) | transfer_epoch2(NODE0) | transfer_epoch2(NODE1) | transfer_epoch3(NODE0) | transfer_epoch3(NODE1) | transfer_epoch5(NODE0) | transfer_epoch5(NODE1) | NODE0 = NODE1","16","0--0-----0-00------0---0------0000--00","14","312","36","0401020620"
"2211","forall NODE1,NODE0. ep_epoch0(NODE0) | ep_epoch3(NODE0) | ep_epoch3(NODE1) | held(NODE0) | locked_epoch2(NODE1) | locked_epoch4(NODE1) | locked_epoch5(NODE1) | transfer_epoch2(NODE0) | transfer_epoch2(NODE1) | transfer_epoch3(NODE0) | transfer_epoch3(NODE1) | transfer_epoch5(NODE0) | transfer_epoch5(NODE1) | NODE0 = NODE1","16","0--0-----0--0------0---0-0----0000--00","14","310","20","0301030620"
"2212","forall NODE1,NODE0. ep_epoch0(NODE0) | ep_epoch3(NODE1) | ep_epoch4(NODE0) | ep_epoch4(NODE1) | ep_epoch5(NODE1) | held(NODE0) | locked_epoch2(NODE1) | transfer_epoch2(NODE0) | transfer_epoch2(NODE1) | transfer_epoch3(NODE0) | transfer_epoch3(NODE1) | transfer_epoch4(NODE0) | transfer_epoch4(NODE1) | NODE0 = NODE1","16","0---0----0000------0----------000000--","14","313","28","0501010620"
"2213","forall NODE1,NODE0. ep_epoch0(NODE0) | ep_epoch3(NODE1) | ep_epoch4(NODE0) | ep_epoch4(NODE1) | held(NODE0) | locked_epoch2(NODE1) | locked_epoch5(NODE1) | transfer_epoch2(NODE0) | transfer_epoch2(NODE1) | transfer_epoch3(NODE0) | transfer_epoch3(NODE1) | transfer_epoch4(NODE0) | transfer_epoch4(NODE1) | NODE0 = NODE1","16","0---0----00-0------0-----0----000000--","14","312","36","0401020620"
"2214","forall NODE1,NODE0. ep_epoch0(NODE0) | ep_epoch3(NODE1) | ep_epoch4(NODE1) | ep_epoch5(NODE1) | held(NODE0) | locked_epoch2(NODE1) | locked_epoch4(NODE0) | transfer_epoch2(NODE0) | transfer_epoch2(NODE1) | transfer_epoch3(NODE0) | transfer_epoch3(NODE1) | transfer_epoch4(NODE0) | transfer_epoch4(NODE1) | NODE0 = NODE1","16","0--------0000------0--0-------000000--","14","312","36","0401020620"
"2215","forall NODE1,NODE0. ep_epoch0(NODE0) | ep_epoch3(NODE1) | ep_epoch4(NODE1) | held(NODE0) | locked_epoch2(NODE1) | locked_epoch4(NODE0) | locked_epoch5(NODE1) | transfer_epoch2(NODE0) | transfer_epoch2(NODE1) | transfer_epoch3(NODE0) | transfer_epoch3(NODE1) | transfer_epoch4(NODE0) | transfer_epoch4(NODE1) | NODE0 = NODE1","16","0--------00-0------0--0--0----000000--","14","310","20","0301030620"
"2216","forall NODE1,NODE0. ep_epoch0(NODE0) | ep_epoch4(NODE0) | ep_epoch4(NODE1) | ep_epoch5(NODE1) | held(NODE0) | locked_epoch2(NODE1) | locked_epoch3(NODE1) | transfer_epoch2(NODE0) | transfer_epoch2(NODE1) | transfer_epoch3(NODE0) | transfer_epoch3(NODE1) | transfer_epoch4(NODE0) | transfer_epoch4(NODE1) | NODE0 = NODE1","16","0---0-----000------0-0--------000000--","14","312","36","0401020620"
"2217","forall NODE1,NODE0. ep_epoch0(NODE0) | ep_epoch4(NODE0) | ep_epoch4(NODE1) | held(NODE0) | locked_epoch2(NODE1) | locked_epoch3(NODE1) | locked_epoch5(NODE1) | transfer_epoch2(NODE0) | transfer_epoch2(NODE1) | transfer_epoch3(NODE0) | transfer_epoch3(NODE1) | transfer_epoch4(NODE0) | transfer_epoch4(NODE1) | NODE0 = NODE1","16","0---0-----0-0------0-0---0----000000--","14","310","20","0301030620"
"2218","forall NODE1,NODE0. ep_epoch0(NODE0) | ep_epoch4(NODE1) | ep_epoch5(NODE1) | held(NODE0) | locked_epoch2(NODE1) | locked_epoch3(NODE1) | locked_epoch4(NODE0) | transfer_epoch2(NODE0) | transfer_epoch2(NODE1) | transfer_epoch3(NODE0) | transfer_epoch3(NODE1) | transfer_epoch4(NODE0) | transfer_epoch4(NODE1) | NODE0 = NODE1","16","0---------000------0-00-------000000--","14","310","20","0301030620"
"2219","forall NODE1,NODE0. ep_epoch0(NODE0) | ep_epoch4(NODE1) | held(NODE0) | locked_epoch2(NODE1) | locked_epoch3(NODE1) | locked_epoch4(NODE0) | locked_epoch5(NODE1) | transfer_epoch2(NODE0) | transfer_epoch2(NODE1) | transfer_epoch3(NODE0) | transfer_epoch3(NODE1) | transfer_epoch4(NODE0) | transfer_epoch4(NODE1) | NODE0 = NODE1","16","0---------0-0------0-00--0----000000--","14","307","4","0201040620"
"2220","forall NODE1,NODE0. ep_epoch1(NODE0) | ep_epoch1(NODE1) | ep_epoch2(NODE1) | ep_epoch3(NODE1) | ep_epoch4(NODE1) | ep_epoch5(NODE1) | held(NODE0) | transfer_epoch3(NODE0) | transfer_epoch3(NODE1) | transfer_epoch4(NODE0) | transfer_epoch4(NODE1) | transfer_epoch5(NODE0) | transfer_epoch5(NODE1) | NODE0 = NODE1","16","-00000-0-----0------------------000000","14","314","8","0601000620"
"2221","forall NODE1,NODE0. ep_epoch1(NODE0) | ep_epoch1(NODE1) | ep_epoch2(NODE1) | ep_epoch3(NODE1) | ep_epoch4(NODE1) | held(NODE0) | locked_epoch5(NODE1) | transfer_epoch3(NODE0) | transfer_epoch3(NODE1) | transfer_epoch4(NODE0) | transfer_epoch4(NODE1) | transfer_epoch5(NODE0) | transfer_epoch5(NODE1) | NODE0 = NODE1","16","-0000--0-----0----------0-------000000","14","313","28","0501010620"
"2222","forall NODE1,NODE0. ep_epoch1(NODE0) | ep_epoch1(NODE1) | ep_epoch2(NODE1) | ep_epoch3(NODE1) | ep_epoch5(NODE1) | held(NODE0) | locked_epoch4(NODE1) | transfer_epoch3(NODE0) | transfer_epoch3(NODE1) | transfer_epoch4(NODE0) | transfer_epoch4(NODE1) | transfer_epoch5(NODE0) | transfer_epoch5(NODE1) | NODE0 = NODE1","16","-000-0-0-----0--------0---------000000","14","313","28","0501010620"
"2223","forall NODE1,NODE0. ep_epoch1(NODE0) | ep_epoch1(NODE1) | ep_epoch2(NODE1) | ep_epoch3(NODE1) | held(NODE0) | locked_epoch4(NODE1) | locked_epoch5(NODE1) | transfer_epoch3(NODE0) | transfer_epoch3(NODE1) | transfer_epoch4(NODE0) | transfer_epoch4(NODE1) | transfer_epoch5(NODE0) | transfer_epoch5(NODE1) | NODE0 = NODE1","16","-000---0-----0--------0-0-------000000","14","312","36","0401020620"
"2224","forall NODE1,NODE0. ep_epoch1(NODE0) | ep_epoch1(NODE1) | ep_epoch2(NODE1) | ep_epoch4(NODE1) | ep_epoch5(NODE1) | held(NODE0) | locked_epoch3(NODE1) | transfer_epoch3(NODE0) | transfer_epoch3(NODE1) | transfer_epoch4(NODE0) | transfer_epoch4(NODE1) | transfer_epoch5(NODE0) | transfer_epoch5(NODE1) | NODE0 = NODE1","16","-00-00-0-----0------0-----------000000","14","313","28","0501010620"
"2225","forall NODE1,NODE0. ep_epoch1(NODE0) | ep_epoch1(NODE1) | ep_epoch2(NODE1) | ep_epoch4(NODE1) | held(NODE0) | locked_epoch3(NODE1) | locked_epoch5(NODE1) | transfer_epoch3(NODE0) | transfer_epoch3(NODE1) | transfer_epoch4(NODE0) | transfer_epoch4(NODE1) | transfer_epoch5(NODE0) | transfer_epoch5(NODE1) | NODE0 = NODE1","16","-00-0--0-----0------0---0-------000000","14","312","36","0401020620"
"2226","forall NODE1,NODE0. ep_epoch1(NODE0) | ep_epoch1(NODE1) | ep_epoch2(NODE1) | ep_epoch5(NODE1) | held(NODE0) | locked_epoch3(NODE1) | locked_epoch4(NODE1) | transfer_epoch3(NODE0) | transfer_epoch3(NODE1) | transfer_epoch4(NODE0) | transfer_epoch4(NODE1) | transfer_epoch5(NODE0) | transfer_epoch5(NODE1) | NODE0 = NODE1","16","-00--0-0-----0------0-0---------000000","14","312","36","0401020620"
"2227","forall NODE1,NODE0. ep_epoch1(NODE0) | ep_epoch1(NODE1) | ep_epoch2(NODE1) | held(NODE0) | locked_epoch3(NODE1) | locked_epoch4(NODE1) | locked_epoch5(NODE1) | transfer_epoch3(NODE0) | transfer_epoch3(NODE1) | transfer_epoch4(NODE0) | transfer_epoch4(NODE1) | transfer_epoch5(NODE0) | transfer_epoch5(NODE1) | NODE0 = NODE1","16","-00----0-----0------0-0-0-------000000","14","310","20","0301030620"
"2228","forall NODE1,NODE0. ep_epoch1(NODE0) | ep_epoch1(NODE1) | ep_epoch3(NODE0) | ep_epoch4(NODE0) | ep_epoch5(NODE0) | held(NODE1) | locked_epoch2(NODE0) | transfer_epoch3(NODE0) | transfer_epoch3(NODE1) | transfer_epoch4(NODE0) | transfer_epoch4(NODE1) | transfer_epoch5(NODE0) | transfer_epoch5(NODE1) | NODE0 = NODE1","16","-0-000-0-----0----0-------------000000","14","313","28","0501010620"
"2229","forall NODE1,NODE0. ep_epoch1(NODE0) | ep_epoch1(NODE1) | ep_epoch3(NODE0) | ep_epoch4(NODE0) | held(NODE1) | locked_epoch2(NODE0) | locked_epoch5(NODE0) | transfer_epoch3(NODE0) | transfer_epoch3(NODE1) | transfer_epoch4(NODE0) | transfer_epoch4(NODE1) | transfer_epoch5(NODE0) | transfer_epoch5(NODE1) | NODE0 = NODE1","16","-0-00--0-----0----0-----0-------000000","14","312","36","0401020620"
"2230","forall NODE1,NODE0. ep_epoch1(NODE0) | ep_epoch1(NODE1) | ep_epoch3(NODE0) | ep_epoch5(NODE0) | held(NODE1) | locked_epoch2(NODE0) | locked_epoch4(NODE0) | transfer_epoch3(NODE0) | transfer_epoch3(NODE1) | transfer_epoch4(NODE0) | transfer_epoch4(NODE1) | transfer_epoch5(NODE0) | transfer_epoch5(NODE1) | NODE0 = NODE1","16","-0-0-0-0-----0----0---0---------000000","14","312","36","0401020620"
"2231","forall NODE1,NODE0. ep_epoch1(NODE0) | ep_epoch1(NODE1) | ep_epoch3(NODE0) | held(NODE1) | locked_epoch2(NODE0) | locked_epoch4(NODE0) | locked_epoch5(NODE0) | transfer_epoch3(NODE0) | transfer_epoch3(NODE1) | transfer_epoch4(NODE0) | transfer_epoch4(NODE1) | transfer_epoch5(NODE0) | transfer_epoch5(NODE1) | NODE0 = NODE1","16","-0-0---0-----0----0---0-0-------000000","14","310","20","0301030620"
"2232","forall NODE1,NODE0. ep_epoch1(NODE0) | ep_epoch1(NODE1) | ep_epoch4(NODE1) | ep_epoch5(NODE1) | held(NODE0) | locked_epoch2(NODE1) | locked_epoch3(NODE1) | transfer_epoch3(NODE0) | transfer_epoch3(NODE1) | transfer_epoch4(NODE0) | transfer_epoch4(NODE1) | transfer_epoch5(NODE0) | transfer_epoch5(NODE1) | NODE0 = NODE1","16","-0--00-0-----0----0-0-----------000000","14","312","36","0401020620"
"2233","forall NODE1,NODE0. ep_epoch1(NODE0) | ep_epoch1(NODE1) | ep_epoch4(NODE1) | held(NODE0) | locked_epoch2(NODE1) | locked_epoch3(NODE1) | locked_epoch5(NODE1) | transfer_epoch3(NODE0) | transfer_epoch3(NODE1) | transfer_epoch4(NODE0) | transfer_epoch4(NODE1) | transfer_epoch5(NODE0) | transfer_epoch5(NODE1) | NODE0 = NODE1","16","-0--0--0-----0----0-0---0-------000000","14","310","20","0301030620"
"2234","forall NODE1,NODE0. ep_epoch1(NODE0) | ep_epoch1(NODE1) | ep_epoch5(NODE1) | held(NODE0) | locked_epoch2(NODE1) | locked_epoch3(NODE1) | locked_epoch4(NODE1) | transfer_epoch3(NODE0) | transfer_epoch3(NODE1) | transfer_epoch4(NODE0) | transfer_epoch4(NODE1) | transfer_epoch5(NODE0) | transfer_epoch5(NODE1) | NODE0 = NODE1","16","-0---0-0-----0----0-0-0---------000000","14","310","20","0301030620"
"2235","forall NODE1,NODE0. ep_epoch1(NODE0) | ep_epoch1(NODE1) | held(NODE0) | locked_epoch2(NODE1) | locked_epoch3(NODE1) | locked_epoch4(NODE1) | locked_epoch5(NODE1) | transfer_epoch3(NODE0) | transfer_epoch3(NODE1) | transfer_epoch4(NODE0) | transfer_epoch4(NODE1) | transfer_epoch5(NODE0) | transfer_epoch5(NODE1) | NODE0 = NODE1","16","-0-----0----0------0-0-0-0------000000","14","307","4","0201040620"
"2236","forall NODE1,NODE0. ep_epoch1(NODE0) | ep_epoch2(NODE0) | ep_epoch2(NODE1) | ep_epoch3(NODE0) | ep_epoch4(NODE0) | ep_epoch5(NODE0) | held(NODE1) | transfer_epoch2(NODE0) | transfer_epoch2(NODE1) | transfer_epoch4(NODE0) | transfer_epoch4(NODE1) | transfer_epoch5(NODE0) | transfer_epoch5(NODE1) | NODE0 = NODE1","16","-00000--0----0----------------00--0000","14","314","8","0601000620"
"2237","forall NODE1,NODE0. ep_epoch1(NODE0) | ep_epoch2(NODE0) | ep_epoch2(NODE1) | ep_epoch3(NODE0) | ep_epoch4(NODE0) | held(NODE1) | locked_epoch5(NODE0) | transfer_epoch2(NODE0) | transfer_epoch2(NODE1) | transfer_epoch4(NODE0) | transfer_epoch4(NODE1) | transfer_epoch5(NODE0) | transfer_epoch5(NODE1) | NODE0 = NODE1","16","-0000---0----0----------0-----00--0000","14","313","28","0501010620"
"2238","forall NODE1,NODE0. ep_epoch1(NODE0) | ep_epoch2(NODE0) | ep_epoch2(NODE1) | ep_epoch3(NODE0) | ep_epoch5(NODE0) | held(NODE1) | locked_epoch4(NODE0) | transfer_epoch2(NODE0) | transfer_epoch2(NODE1) | transfer_epoch4(NODE0) | transfer_epoch4(NODE1) | transfer_epoch5(NODE0) | transfer_epoch5(NODE1) | NODE0 = NODE1","16","-000-0--0----0--------0-------00--0000","14","313","28","0501010620"
"2239","forall NODE1,NODE0. ep_epoch1(NODE0) | ep_epoch2(NODE0) | ep_epoch2(NODE1) | ep_epoch3(NODE0) | held(NODE1) | locked_epoch4(NODE0) | locked_epoch5(NODE0) | transfer_epoch2(NODE0) | transfer_epoch2(NODE1) | transfer_epoch4(NODE0) | transfer_epoch4(NODE1) | transfer_epoch5(NODE0) | transfer_epoch5(NODE1) | NODE0 = NODE1","16","-000----0----0--------0-0-----00--0000","14","312","36","0401020620"
"2240","forall NODE1,NODE0. ep_epoch1(NODE0) | ep_epoch2(NODE0) | ep_epoch2(NODE1) | ep_epoch4(NODE0) | ep_epoch5(NODE0) | held(NODE1) | locked_epoch3(NODE0) | transfer_epoch2(NODE0) | transfer_epoch2(NODE1) | transfer_epoch4(NODE0) | transfer_epoch4(NODE1) | transfer_epoch5(NODE0) | transfer_epoch5(NODE1) | NODE0 = NODE1","16","-00-00--0----0------0---------00--0000","14","313","28","0501010620"
"2241","forall NODE1,NODE0. ep_epoch1(NODE0) | ep_epoch2(NODE0) | ep_epoch2(NODE1) | ep_epoch4(NODE0) | held(NODE1) | locked_epoch3(NODE0) | locked_epoch5(NODE0) | transfer_epoch2(NODE0) | transfer_epoch2(NODE1) | transfer_epoch4(NODE0) | transfer_epoch4(NODE1) | transfer_epoch5(NODE0) | transfer_epoch5(NODE1) | NODE0 = NODE1","16","-00-0---0----0------0---0-----00--0000","14","312","36","0401020620"
"2242","forall NODE1,NODE0. ep_epoch1(NODE0) | ep_epoch2(NODE0) | ep_epoch2(NODE1) | ep_epoch5(NODE0) | held(NODE1) | locked_epoch3(NODE0) | locked_epoch4(NODE0) | transfer_epoch2(NODE0) | transfer_epoch2(NODE1) | transfer_epoch4(NODE0) | transfer_epoch4(NODE1) | transfer_epoch5(NODE0) | transfer_epoch5(NODE1) | NODE0 = NODE1","16","-00--0--0----0------0-0-------00--0000","14","312","36","0401020620"
"2243","forall NODE1,NODE0. ep_epoch1(NODE0) | ep_epoch2(NODE0) | ep_epoch2(NODE1) | held(NODE1) | locked_epoch3(NODE0) | locked_epoch4(NODE0) | locked_epoch5(NODE0) | transfer_epoch2(NODE0) | transfer_epoch2(NODE1) | transfer_epoch4(NODE0) | transfer_epoch4(NODE1) | transfer_epoch5(NODE0) | transfer_epoch5(NODE1) | NODE0 = NODE1","16","-00-----0----0------0-0-0-----00--0000","14","310","20","0301030620"
"2244","forall NODE1,NODE0. ep_epoch1(NODE0) | ep_epoch2(NODE0) | ep_epoch3(NODE0) | ep_epoch3(NODE1) | ep_epoch4(NODE0) | ep_epoch5(NODE0) | held(NODE1) | transfer_epoch2(NODE0) | transfer_epoch2(NODE1) | transfer_epoch3(NODE0) | transfer_epoch3(NODE1) | transfer_epoch5(NODE0) | transfer_epoch5(NODE1) | NODE0 = NODE1","16","-00000---0---0----------------0000--00","14","314","8","0601000620"
"2245","forall NODE1,NODE0. ep_epoch1(NODE0) | ep_epoch2(NODE0) | ep_epoch3(NODE0) | ep_epoch3(NODE1) | ep_epoch4(NODE0) | held(NODE1) | locked_epoch5(NODE0) | transfer_epoch2(NODE0) | transfer_epoch2(NODE1) | transfer_epoch3(NODE0) | transfer_epoch3(NODE1) | transfer_epoch5(NODE0) | transfer_epoch5(NODE1) | NODE0 = NODE1","16","-0000----0---0----------0-----0000--00","14","313","28","0501010620"
"2246","forall NODE1,NODE0. ep_epoch1(NODE0) | ep_epoch2(NODE0) | ep_epoch3(NODE0) | ep_epoch3(NODE1) | ep_epoch5(NODE0) | held(NODE1) | locked_epoch4(NODE0) | transfer_epoch2(NODE0) | transfer_epoch2(NODE1) | transfer_epoch3(NODE0) | transfer_epoch3(NODE1) | transfer_epoch5(NODE0) | transfer_epoch5(NODE1) | NODE0 = NODE1","16","-000-0---0---0--------0-------0000--00","14","313","28","0501010620"
"2247","forall NODE1,NODE0. ep_epoch1(NODE0) | ep_epoch2(NODE0) | ep_epoch3(NODE0) | ep_epoch3(NODE1) | held(NODE1) | locked_epoch4(NODE0) | locked_epoch5(NODE0) | transfer_epoch2(NODE0) | transfer_epoch2(NODE1) | transfer_epoch3(NODE0) | transfer_epoch3(NODE1) | transfer_epoch5(NODE0) | transfer_epoch5(NODE1) | NODE0 = NODE1","16","-000-----0---0--------0-0-----0000--00","14","312","36","0401020620"
"2248","forall NODE1,NODE0. ep_epoch1(NODE0) | ep_epoch2(NODE0) | ep_epoch3(NODE0) | ep_epoch4(NODE0) | ep_epoch4(NODE1) | ep_epoch5(NODE0) | held(NODE1) | transfer_epoch2(NODE0) | transfer_epoch2(NODE1) | transfer_epoch3(NODE0) | transfer_epoch3(NODE1) | transfer_epoch4(NODE0) | transfer_epoch4(NODE1) | NODE0 = NODE1","16","-00000----0--0----------------000000--","14","314","8","0601000620"
"2249","forall NODE1,NODE0. ep_epoch1(NODE0) | ep_epoch2(NODE0) | ep_epoch3(NODE0) | ep_epoch4(NODE0) | ep_epoch4(NODE1) | held(NODE1) | locked_epoch5(NODE0) | transfer_epoch2(NODE0) | transfer_epoch2(NODE1) | transfer_epoch3(NODE0) | transfer_epoch3(NODE1) | transfer_epoch4(NODE0) | transfer_epoch4(NODE1) | NODE0 = NODE1","16","-0000-----0--0----------0-----000000--","14","313","28","0501010620"
"2250","forall NODE1,NODE0. ep_epoch1(NODE0) | ep_epoch2(NODE0) | ep_epoch3(NODE0) | ep_epoch4(NODE0) | ep_epoch5(NODE0) | held(NODE1) | locked_epoch4(NODE1) | transfer_epoch2(NODE0) | transfer_epoch2(NODE1) | transfer_epoch3(NODE0) | transfer_epoch3(NODE1) | transfer_epoch4(NODE0) | transfer_epoch4(NODE1) | NODE0 = NODE1","16","-00000-------0---------0------000000--","14","313","28","0501010620"
"2251","forall NODE1,NODE0. ep_epoch1(NODE0) | ep_epoch2(NODE0) | ep_epoch3(NODE0) | ep_epoch4(NODE0) | held(NODE1) | locked_epoch4(NODE1) | locked_epoch5(NODE0) | transfer_epoch2(NODE0) | transfer_epoch2(NODE1) | transfer_epoch3(NODE0) | transfer_epoch3(NODE1) | transfer_epoch4(NODE0) | transfer_epoch4(NODE1) | NODE0 = NODE1","16","-0000--------0---------00-----000000--","14","312","36","0401020620"
"2252","forall NODE1,NODE0. ep_epoch1(NODE0) | ep_epoch2(NODE0) | ep_epoch4(NODE0) | ep_epoch4(NODE1) | ep_epoch5(NODE0) | held(NODE1) | locked_epoch3(NODE0) | transfer_epoch2(NODE0) | transfer_epoch2(NODE1) | transfer_epoch3(NODE0) | transfer_epoch3(NODE1) | transfer_epoch4(NODE0) | transfer_epoch4(NODE1) | NODE0 = NODE1","16","-00-00----0--0------0---------000000--","14","313","28","0501010620"
"2253","forall NODE1,NODE0. ep_epoch1(NODE0) | ep_epoch2(NODE0) | ep_epoch4(NODE0) | ep_epoch4(NODE1) | held(NODE1) | locked_epoch3(NODE0) | locked_epoch5(NODE0) | transfer_epoch2(NODE0) | transfer_epoch2(NODE1) | transfer_epoch3(NODE0) | transfer_epoch3(NODE1) | transfer_epoch4(NODE0) | transfer_epoch4(NODE1) | NODE0 = NODE1","16","-00-0-----0--0------0---0-----000000--","14","312","36","0401020620"
"2254","forall NODE1,NODE0. ep_epoch1(NODE0) | ep_epoch2(NODE0) | ep_epoch4(NODE0) | ep_epoch5(NODE0) | held(NODE1) | locked_epoch3(NODE0) | locked_epoch4(NODE1) | transfer_epoch2(NODE0) | transfer_epoch2(NODE1) | transfer_epoch3(NODE0) | transfer_epoch3(NODE1) | transfer_epoch4(NODE0) | transfer_epoch4(NODE1) | NODE0 = NODE1","16","-00-00-------0------0--0------000000--","14","312","36","0401020620"
"2255","forall NODE1,NODE0. ep_epoch1(NODE0) | ep_epoch2(NODE0) | ep_epoch4(NODE0) | held(NODE1) | locked_epoch3(NODE0) | locked_epoch4(NODE1) | locked_epoch5(NODE0) | transfer_epoch2(NODE0) | transfer_epoch2(NODE1) | transfer_epoch3(NODE0) | transfer_epoch3(NODE1) | transfer_epoch4(NODE0) | transfer_epoch4(NODE1) | NODE0 = NODE1","16","-00-0--------0------0--00-----000000--","14","310","20","0301030620"
"2256","forall NODE1,NODE0. ep_epoch1(NODE0) | ep_epoch3(NODE0) | ep_epoch3(NODE1) | ep_epoch4(NODE0) | ep_epoch5(NODE0) | held(NODE1) | locked_epoch2(NODE0) | transfer_epoch2(NODE0) | transfer_epoch2(NODE1) | transfer_epoch3(NODE0) | transfer_epoch3(NODE1) | transfer_epoch5(NODE0) | transfer_epoch5(NODE1) | NODE0 = NODE1","16","-0-000---0---0----0-----------0000--00","14","313","28","0501010620"
"2257","forall NODE1,NODE0. ep_epoch1(NODE0) | ep_epoch3(NODE0) | ep_epoch3(NODE1) | ep_epoch4(NODE0) | held(NODE1) | locked_epoch2(NODE0) | locked_epoch5(NODE0) | transfer_epoch2(NODE0) | transfer_epoch2(NODE1) | transfer_epoch3(NODE0) | transfer_epoch3(NODE1) | transfer_epoch5(NODE0) | transfer_epoch5(NODE1) | NODE0 = NODE1","16","-0-00----0---0----0-----0-----0000--00","14","312","36","0401020620"
"2258","forall NODE1,NODE0. ep_epoch1(NODE0) | ep_epoch3(NODE0) | ep_epoch3(NODE1) | ep_epoch5(NODE0) | held(NODE1) | locked_epoch2(NODE0) | locked_epoch4(NODE0) | transfer_epoch2(NODE0) | transfer_epoch2(NODE1) | transfer_epoch3(NODE0) | transfer_epoch3(NODE1) | transfer_epoch5(NODE0) | transfer_epoch5(NODE1) | NODE0 = NODE1","16","-0-0-0---0---0----0---0-------0000--00","14","312","36","0401020620"
"2259","forall NODE1,NODE0. ep_epoch1(NODE0) | ep_epoch3(NODE0) | ep_epoch3(NODE1) | held(NODE1) | locked_epoch2(NODE0) | locked_epoch4(NODE0) | locked_epoch5(NODE0) | transfer_epoch2(NODE0) | transfer_epoch2(NODE1) | transfer_epoch3(NODE0) | transfer_epoch3(NODE1) | transfer_epoch5(NODE0) | transfer_epoch5(NODE1) | NODE0 = NODE1","16","-0-0-----0---0----0---0-0-----0000--00","14","310","20","0301030620"
"2260","forall NODE1,NODE0. ep_epoch1(NODE0) | ep_epoch3(NODE0) | ep_epoch4(NODE0) | ep_epoch4(NODE1) | ep_epoch5(NODE0) | held(NODE1) | locked_epoch2(NODE0) | transfer_epoch2(NODE0) | transfer_epoch2(NODE1) | transfer_epoch3(NODE0) | transfer_epoch3(NODE1) | transfer_epoch4(NODE0) | transfer_epoch4(NODE1) | NODE0 = NODE1","16","-0-000----0--0----0-----------000000--","14","313","28","0501010620"
"2261","forall NODE1,NODE0. ep_epoch1(NODE0) | ep_epoch3(NODE0) | ep_epoch4(NODE0) | ep_epoch4(NODE1) | held(NODE1) | locked_epoch2(NODE0) | locked_epoch5(NODE0) | transfer_epoch2(NODE0) | transfer_epoch2(NODE1) | transfer_epoch3(NODE0) | transfer_epoch3(NODE1) | transfer_epoch4(NODE0) | transfer_epoch4(NODE1) | NODE0 = NODE1","16","-0-00-----0--0----0-----0-----000000--","14","312","36","0401020620"
"2262","forall NODE1,NODE0. ep_epoch1(NODE0) | ep_epoch3(NODE0) | ep_epoch4(NODE0) | ep_epoch5(NODE0) | held(NODE1) | locked_epoch2(NODE0) | locked_epoch4(NODE1) | transfer_epoch2(NODE0) | transfer_epoch2(NODE1) | transfer_epoch3(NODE0) | transfer_epoch3(NODE1) | transfer_epoch4(NODE0) | transfer_epoch4(NODE1) | NODE0 = NODE1","16","-0-000-------0----0----0------000000--","14","312","36","0401020620"
"2263","forall NODE1,NODE0. ep_epoch1(NODE0) | ep_epoch3(NODE0) | ep_epoch4(NODE0) | held(NODE1) | locked_epoch2(NODE0) | locked_epoch4(NODE1) | locked_epoch5(NODE0) | transfer_epoch2(NODE0) | transfer_epoch2(NODE1) | transfer_epoch3(NODE0) | transfer_epoch3(NODE1) | transfer_epoch4(NODE0) | transfer_epoch4(NODE1) | NODE0 = NODE1","16","-0-00--------0----0----00-----000000--","14","310","20","0301030620"
"2264","forall NODE1,NODE0. ep_epoch1(NODE0) | ep_epoch4(NODE0) | ep_epoch4(NODE1) | ep_epoch5(NODE0) | held(NODE1) | locked_epoch2(NODE0) | locked_epoch3(NODE0) | transfer_epoch2(NODE0) | transfer_epoch2(NODE1) | transfer_epoch3(NODE0) | transfer_epoch3(NODE1) | transfer_epoch4(NODE0) | transfer_epoch4(NODE1) | NODE0 = NODE1","16","-0--00----0--0----0-0---------000000--","14","312","36","0401020620"
"2265","forall NODE1,NODE0. ep_epoch1(NODE0) | ep_epoch4(NODE0) | ep_epoch4(NODE1) | held(NODE1) | locked_epoch2(NODE0) | locked_epoch3(NODE0) | locked_epoch5(NODE0) | transfer_epoch2(NODE0) | transfer_epoch2(NODE1) | transfer_epoch3(NODE0) | transfer_epoch3(NODE1) | transfer_epoch4(NODE0) | transfer_epoch4(NODE1) | NODE0 = NODE1","16","-0--0-----0--0----0-0---0-----000000--","14","310","20","0301030620"
"2266","forall NODE1,NODE0. ep_epoch1(NODE0) | ep_epoch4(NODE0) | ep_epoch5(NODE0) | held(NODE1) | locked_epoch2(NODE0) | locked_epoch3(NODE0) | locked_epoch4(NODE1) | transfer_epoch2(NODE0) | transfer_epoch2(NODE1) | transfer_epoch3(NODE0) | transfer_epoch3(NODE1) | transfer_epoch4(NODE0) | transfer_epoch4(NODE1) | NODE0 = NODE1","16","-0--00-------0----0-0--0------000000--","14","310","20","0301030620"
"2267","forall NODE1,NODE0. ep_epoch1(NODE0) | ep_epoch4(NODE0) | held(NODE1) | locked_epoch2(NODE0) | locked_epoch3(NODE0) | locked_epoch4(NODE1) | locked_epoch5(NODE0) | transfer_epoch2(NODE0) | transfer_epoch2(NODE1) | transfer_epoch3(NODE0) | transfer_epoch3(NODE1) | transfer_epoch4(NODE0) | transfer_epoch4(NODE1) | NODE0 = NODE1","16","-0--0--------0----0-0--00-----000000--","14","307","4","0201040620"
"2268","forall NODE1,NODE0. ep_epoch0(NODE0) | ep_epoch2(NODE1) | ep_epoch3(NODE1) | ep_epoch4(NODE1) | ep_epoch5(NODE1) | held(NODE0) | transfer_epoch2(NODE0) | transfer_epoch2(NODE1) | transfer_epoch3(NODE0) | transfer_epoch3(NODE1) | transfer_epoch4(NODE0) | transfer_epoch4(NODE1) | transfer_epoch5(NODE0) | transfer_epoch5(NODE1) | NODE0 = NODE1","17","0-------00000-----------------00000000","15","327","2","0501000820"
"2269","forall NODE1,NODE0. ep_epoch0(NODE0) | ep_epoch2(NODE1) | ep_epoch3(NODE1) | ep_epoch4(NODE1) | held(NODE0) | locked_epoch5(NODE1) | transfer_epoch2(NODE0) | transfer_epoch2(NODE1) | transfer_epoch3(NODE0) | transfer_epoch3(NODE1) | transfer_epoch4(NODE0) | transfer_epoch4(NODE1) | transfer_epoch5(NODE0) | transfer_epoch5(NODE1) | NODE0 = NODE1","17","0-------000-0------------0----00000000","15","322","8","0401010820"
"2270","forall NODE1,NODE0. ep_epoch0(NODE0) | ep_epoch2(NODE1) | ep_epoch3(NODE1) | ep_epoch5(NODE1) | held(NODE0) | locked_epoch4(NODE1) | transfer_epoch2(NODE0) | transfer_epoch2(NODE1) | transfer_epoch3(NODE0) | transfer_epoch3(NODE1) | transfer_epoch4(NODE0) | transfer_epoch4(NODE1) | transfer_epoch5(NODE0) | transfer_epoch5(NODE1) | NODE0 = NODE1","17","0-------00-00----------0------00000000","15","322","8","0401010820"
"2271","forall NODE1,NODE0. ep_epoch0(NODE0) | ep_epoch2(NODE1) | ep_epoch3(NODE1) | held(NODE0) | locked_epoch4(NODE1) | locked_epoch5(NODE1) | transfer_epoch2(NODE0) | transfer_epoch2(NODE1) | transfer_epoch3(NODE0) | transfer_epoch3(NODE1) | transfer_epoch4(NODE0) | transfer_epoch4(NODE1) | transfer_epoch5(NODE0) | transfer_epoch5(NODE1) | NODE0 = NODE1","17","0-------00--0----------0-0----00000000","15","317","12","0301020820"
"2272","forall NODE1,NODE0. ep_epoch0(NODE0) | ep_epoch2(NODE1) | ep_epoch4(NODE1) | ep_epoch5(NODE1) | held(NODE0) | locked_epoch3(NODE1) | transfer_epoch2(NODE0) | transfer_epoch2(NODE1) | transfer_epoch3(NODE0) | transfer_epoch3(NODE1) | transfer_epoch4(NODE0) | transfer_epoch4(NODE1) | transfer_epoch5(NODE0) | transfer_epoch5(NODE1) | NODE0 = NODE1","17","0-------0-000--------0--------00000000","15","322","8","0401010820"
"2273","forall NODE1,NODE0. ep_epoch0(NODE0) | ep_epoch2(NODE1) | ep_epoch4(NODE1) | held(NODE0) | locked_epoch3(NODE1) | locked_epoch5(NODE1) | transfer_epoch2(NODE0) | transfer_epoch2(NODE1) | transfer_epoch3(NODE0) | transfer_epoch3(NODE1) | transfer_epoch4(NODE0) | transfer_epoch4(NODE1) | transfer_epoch5(NODE0) | transfer_epoch5(NODE1) | NODE0 = NODE1","17","0-------0-0-0--------0---0----00000000","15","317","12","0301020820"
"2274","forall NODE1,NODE0. ep_epoch0(NODE0) | ep_epoch2(NODE1) | ep_epoch5(NODE1) | held(NODE0) | locked_epoch3(NODE1) | locked_epoch4(NODE1) | transfer_epoch2(NODE0) | transfer_epoch2(NODE1) | transfer_epoch3(NODE0) | transfer_epoch3(NODE1) | transfer_epoch4(NODE0) | transfer_epoch4(NODE1) | transfer_epoch5(NODE0) | transfer_epoch5(NODE1) | NODE0 = NODE1","17","0-------0--00--------0-0------00000000","15","317","12","0301020820"
"2275","forall NODE1,NODE0. ep_epoch0(NODE0) | ep_epoch2(NODE1) | held(NODE0) | locked_epoch3(NODE1) | locked_epoch4(NODE1) | locked_epoch5(NODE1) | transfer_epoch2(NODE0) | transfer_epoch2(NODE1) | transfer_epoch3(NODE0) | transfer_epoch3(NODE1) | transfer_epoch4(NODE0) | transfer_epoch4(NODE1) | transfer_epoch5(NODE0) | transfer_epoch5(NODE1) | NODE0 = NODE1","17","0-------0---0--------0-0-0----00000000","15","316","8","0201030820"
"2276","forall NODE1,NODE0. ep_epoch0(NODE0) | ep_epoch3(NODE1) | ep_epoch4(NODE1) | ep_epoch5(NODE1) | held(NODE0) | locked_epoch2(NODE1) | transfer_epoch2(NODE0) | transfer_epoch2(NODE1) | transfer_epoch3(NODE0) | transfer_epoch3(NODE1) | transfer_epoch4(NODE0) | transfer_epoch4(NODE1) | transfer_epoch5(NODE0) | transfer_epoch5(NODE1) | NODE0 = NODE1","17","0--------0000------0----------00000000","15","322","8","0401010820"
"2277","forall NODE1,NODE0. ep_epoch0(NODE0) | ep_epoch3(NODE1) | ep_epoch4(NODE1) | held(NODE0) | locked_epoch2(NODE1) | locked_epoch5(NODE1) | transfer_epoch2(NODE0) | transfer_epoch2(NODE1) | transfer_epoch3(NODE0) | transfer_epoch3(NODE1) | transfer_epoch4(NODE0) | transfer_epoch4(NODE1) | transfer_epoch5(NODE0) | transfer_epoch5(NODE1) | NODE0 = NODE1","17","0--------00-0------0-----0----00000000","15","317","12","0301020820"
"2278","forall NODE1,NODE0. ep_epoch0(NODE0) | ep_epoch3(NODE1) | ep_epoch5(NODE1) | held(NODE0) | locked_epoch2(NODE1) | locked_epoch4(NODE1) | transfer_epoch2(NODE0) | transfer_epoch2(NODE1) | transfer_epoch3(NODE0) | transfer_epoch3(NODE1) | transfer_epoch4(NODE0) | transfer_epoch4(NODE1) | transfer_epoch5(NODE0) | transfer_epoch5(NODE1) | NODE0 = NODE1","17","0--------0-00------0---0------00000000","15","317","12","0301020820"
"2279","forall NODE1,NODE0. ep_epoch0(NODE0) | ep_epoch3(NODE1) | held(NODE0) | locked_epoch2(NODE1) | locked_epoch4(NODE1) | locked_epoch5(NODE1) | transfer_epoch2(NODE0) | transfer_epoch2(NODE1) | transfer_epoch3(NODE0) | transfer_epoch3(NODE1) | transfer_epoch4(NODE0) | transfer_epoch4(NODE1) | transfer_epoch5(NODE0) | transfer_epoch5(NODE1) | NODE0 = NODE1","17","0--------0--0------0---0-0----00000000","15","316","8","0201030820"
"2280","forall NODE1,NODE0. ep_epoch0(NODE0) | ep_epoch4(NODE1) | ep_epoch5(NODE1) | held(NODE0) | locked_epoch2(NODE1) | locked_epoch3(NODE1) | transfer_epoch2(NODE0) | transfer_epoch2(NODE1) | transfer_epoch3(NODE0) | transfer_epoch3(NODE1) | transfer_epoch4(NODE0) | transfer_epoch4(NODE1) | transfer_epoch5(NODE0) | transfer_epoch5(NODE1) | NODE0 = NODE1","17","0---------000------0-0--------00000000","15","317","12","0301020820"
"2281","forall NODE1,NODE0. ep_epoch0(NODE0) | ep_epoch4(NODE1) | held(NODE0) | locked_epoch2(NODE1) | locked_epoch3(NODE1) | locked_epoch5(NODE1) | transfer_epoch2(NODE0) | transfer_epoch2(NODE1) | transfer_epoch3(NODE0) | transfer_epoch3(NODE1) | transfer_epoch4(NODE0) | transfer_epoch4(NODE1) | transfer_epoch5(NODE0) | transfer_epoch5(NODE1) | NODE0 = NODE1","17","0---------0-0------0-0---0----00000000","15","316","8","0201030820"
"2282","forall NODE1,NODE0. ep_epoch0(NODE0) | ep_epoch5(NODE1) | held(NODE0) | locked_epoch2(NODE1) | locked_epoch3(NODE1) | locked_epoch4(NODE1) | transfer_epoch2(NODE0) | transfer_epoch2(NODE1) | transfer_epoch3(NODE0) | transfer_epoch3(NODE1) | transfer_epoch4(NODE0) | transfer_epoch4(NODE1) | transfer_epoch5(NODE0) | transfer_epoch5(NODE1) | NODE0 = NODE1","17","0----------00------0-0-0------00000000","15","316","8","0201030820"
"2283","forall NODE1,NODE0. ep_epoch0(NODE0) | held(NODE0) | locked_epoch2(NODE1) | locked_epoch3(NODE1) | locked_epoch4(NODE1) | locked_epoch5(NODE1) | transfer_epoch2(NODE0) | transfer_epoch2(NODE1) | transfer_epoch3(NODE0) | transfer_epoch3(NODE1) | transfer_epoch4(NODE0) | transfer_epoch4(NODE1) | transfer_epoch5(NODE0) | transfer_epoch5(NODE1) | NODE0 = NODE1","17","0-----------0------0-0-0-0----00000000","15","315","2","0101040820"
"2284","forall NODE1,NODE0. ep_epoch1(NODE0) | ep_epoch2(NODE0) | ep_epoch3(NODE0) | ep_epoch4(NODE0) | ep_epoch5(NODE0) | held(NODE1) | transfer_epoch2(NODE0) | transfer_epoch2(NODE1) | transfer_epoch3(NODE0) | transfer_epoch3(NODE1) | transfer_epoch4(NODE0) | transfer_epoch4(NODE1) | transfer_epoch5(NODE0) | transfer_epoch5(NODE1) | NODE0 = NODE1","17","-00000-------0----------------00000000","15","327","2","0501000820"
"2285","forall NODE1,NODE0. ep_epoch1(NODE0) | ep_epoch2(NODE0) | ep_epoch3(NODE0) | ep_epoch4(NODE0) | held(NODE1) | locked_epoch5(NODE0) | transfer_epoch2(NODE0) | transfer_epoch2(NODE1) | transfer_epoch3(NODE0) | transfer_epoch3(NODE1) | transfer_epoch4(NODE0) | transfer_epoch4(NODE1) | transfer_epoch5(NODE0) | transfer_epoch5(NODE1) | NODE0 = NODE1","17","-0000--------0----------0-----00000000","15","322","8","0401010820"
"2286","forall NODE1,NODE0. ep_epoch1(NODE0) | ep_epoch2(NODE0) | ep_epoch3(NODE0) | ep_epoch5(NODE0) | held(NODE1) | locked_epoch4(NODE0) | transfer_epoch2(NODE0) | transfer_epoch2(NODE1) | transfer_epoch3(NODE0) | transfer_epoch3(NODE1) | transfer_epoch4(NODE0) | transfer_epoch4(NODE1) | transfer_epoch5(NODE0) | transfer_epoch5(NODE1) | NODE0 = NODE1","17","-000-0-------0--------0-------00000000","15","322","8","0401010820"
"2287","forall NODE1,NODE0. ep_epoch1(NODE0) | ep_epoch2(NODE0) | ep_epoch3(NODE0) | held(NODE1) | locked_epoch4(NODE0) | locked_epoch5(NODE0) | transfer_epoch2(NODE0) | transfer_epoch2(NODE1) | transfer_epoch3(NODE0) | transfer_epoch3(NODE1) | transfer_epoch4(NODE0) | transfer_epoch4(NODE1) | transfer_epoch5(NODE0) | transfer_epoch5(NODE1) | NODE0 = NODE1","17","-000---------0--------0-0-----00000000","15","317","12","0301020820"
"2288","forall NODE1,NODE0. ep_epoch1(NODE0) | ep_epoch2(NODE0) | ep_epoch4(NODE0) | ep_epoch5(NODE0) | held(NODE1) | locked_epoch3(NODE0) | transfer_epoch2(NODE0) | transfer_epoch2(NODE1) | transfer_epoch3(NODE0) | transfer_epoch3(NODE1) | transfer_epoch4(NODE0) | transfer_epoch4(NODE1) | transfer_epoch5(NODE0) | transfer_epoch5(NODE1) | NODE0 = NODE1","17","-00-00-------0------0---------00000000","15","322","8","0401010820"
"2289","forall NODE1,NODE0. ep_epoch1(NODE0) | ep_epoch2(NODE0) | ep_epoch4(NODE0) | held(NODE1) | locked_epoch3(NODE0) | locked_epoch5(NODE0) | transfer_epoch2(NODE0) | transfer_epoch2(NODE1) | transfer_epoch3(NODE0) | transfer_epoch3(NODE1) | transfer_epoch4(NODE0) | transfer_epoch4(NODE1) | transfer_epoch5(NODE0) | transfer_epoch5(NODE1) | NODE0 = NODE1","17","-00-0--------0------0---0-----00000000","15","317","12","0301020820"
"2290","forall NODE1,NODE0. ep_epoch1(NODE0) | ep_epoch2(NODE0) | ep_epoch5(NODE0) | held(NODE1) | locked_epoch3(NODE0) | locked_epoch4(NODE0) | transfer_epoch2(NODE0) | transfer_epoch2(NODE1) | transfer_epoch3(NODE0) | transfer_epoch3(NODE1) | transfer_epoch4(NODE0) | transfer_epoch4(NODE1) | transfer_epoch5(NODE0) | transfer_epoch5(NODE1) | NODE0 = NODE1","17","-00--0-------0------0-0-------00000000","15","317","12","0301020820"
"2291","forall NODE1,NODE0. ep_epoch1(NODE0) | ep_epoch2(NODE0) | held(NODE1) | locked_epoch3(NODE0) | locked_epoch4(NODE0) | locked_epoch5(NODE0) | transfer_epoch2(NODE0) | transfer_epoch2(NODE1) | transfer_epoch3(NODE0) | transfer_epoch3(NODE1) | transfer_epoch4(NODE0) | transfer_epoch4(NODE1) | transfer_epoch5(NODE0) | transfer_epoch5(NODE1) | NODE0 = NODE1","17","-00----------0------0-0-0-----00000000","15","316","8","0201030820"
"2292","forall NODE1,NODE0. ep_epoch1(NODE0) | ep_epoch3(NODE0) | ep_epoch4(NODE0) | ep_epoch5(NODE0) | held(NODE1) | locked_epoch2(NODE0) | transfer_epoch2(NODE0) | transfer_epoch2(NODE1) | transfer_epoch3(NODE0) | transfer_epoch3(NODE1) | transfer_epoch4(NODE0) | transfer_epoch4(NODE1) | transfer_epoch5(NODE0) | transfer_epoch5(NODE1) | NODE0 = NODE1","17","-0-000-------0----0-----------00000000","15","322","8","0401010820"
"2293","forall NODE1,NODE0. ep_epoch1(NODE0) | ep_epoch3(NODE0) | ep_epoch4(NODE0) | held(NODE1) | locked_epoch2(NODE0) | locked_epoch5(NODE0) | transfer_epoch2(NODE0) | transfer_epoch2(NODE1) | transfer_epoch3(NODE0) | transfer_epoch3(NODE1) | transfer_epoch4(NODE0) | transfer_epoch4(NODE1) | transfer_epoch5(NODE0) | transfer_epoch5(NODE1) | NODE0 = NODE1","17","-0-00--------0----0-----0-----00000000","15","317","12","0301020820"
"2294","forall NODE1,NODE0. ep_epoch1(NODE0) | ep_epoch3(NODE0) | ep_epoch5(NODE0) | held(NODE1) | locked_epoch2(NODE0) | locked_epoch4(NODE0) | transfer_epoch2(NODE0) | transfer_epoch2(NODE1) | transfer_epoch3(NODE0) | transfer_epoch3(NODE1) | transfer_epoch4(NODE0) | transfer_epoch4(NODE1) | transfer_epoch5(NODE0) | transfer_epoch5(NODE1) | NODE0 = NODE1","17","-0-0-0-------0----0---0-------00000000","15","317","12","0301020820"
"2295","forall NODE1,NODE0. ep_epoch1(NODE0) | ep_epoch3(NODE0) | held(NODE1) | locked_epoch2(NODE0) | locked_epoch4(NODE0) | locked_epoch5(NODE0) | transfer_epoch2(NODE0) | transfer_epoch2(NODE1) | transfer_epoch3(NODE0) | transfer_epoch3(NODE1) | transfer_epoch4(NODE0) | transfer_epoch4(NODE1) | transfer_epoch5(NODE0) | transfer_epoch5(NODE1) | NODE0 = NODE1","17","-0-0---------0----0---0-0-----00000000","15","316","8","0201030820"
"2296","forall NODE1,NODE0. ep_epoch1(NODE0) | ep_epoch4(NODE0) | ep_epoch5(NODE0) | held(NODE1) | locked_epoch2(NODE0) | locked_epoch3(NODE0) | transfer_epoch2(NODE0) | transfer_epoch2(NODE1) | transfer_epoch3(NODE0) | transfer_epoch3(NODE1) | transfer_epoch4(NODE0) | transfer_epoch4(NODE1) | transfer_epoch5(NODE0) | transfer_epoch5(NODE1) | NODE0 = NODE1","17","-0--00-------0----0-0---------00000000","15","317","12","0301020820"
"2297","forall NODE1,NODE0. ep_epoch1(NODE0) | ep_epoch4(NODE0) | held(NODE1) | locked_epoch2(NODE0) | locked_epoch3(NODE0) | locked_epoch5(NODE0) | transfer_epoch2(NODE0) | transfer_epoch2(NODE1) | transfer_epoch3(NODE0) | transfer_epoch3(NODE1) | transfer_epoch4(NODE0) | transfer_epoch4(NODE1) | transfer_epoch5(NODE0) | transfer_epoch5(NODE1) | NODE0 = NODE1","17","-0--0--------0----0-0---0-----00000000","15","316","8","0201030820"
"2298","forall NODE1,NODE0. ep_epoch1(NODE0) | ep_epoch5(NODE0) | held(NODE1) | locked_epoch2(NODE0) | locked_epoch3(NODE0) | locked_epoch4(NODE0) | transfer_epoch2(NODE0) | transfer_epoch2(NODE1) | transfer_epoch3(NODE0) | transfer_epoch3(NODE1) | transfer_epoch4(NODE0) | transfer_epoch4(NODE1) | transfer_epoch5(NODE0) | transfer_epoch5(NODE1) | NODE0 = NODE1","17","-0---0-------0----0-0-0-------00000000","15","316","8","0201030820"
"2299","forall NODE1,NODE0. ep_epoch1(NODE0) | held(NODE1) | locked_epoch2(NODE0) | locked_epoch3(NODE0) | locked_epoch4(NODE0) | locked_epoch5(NODE0) | transfer_epoch2(NODE0) | transfer_epoch2(NODE1) | transfer_epoch3(NODE0) | transfer_epoch3(NODE1) | transfer_epoch4(NODE0) | transfer_epoch4(NODE1) | transfer_epoch5(NODE0) | transfer_epoch5(NODE1) | NODE0 = NODE1","17","-0-----------0----0-0-0-0-----00000000","15","315","2","0101040820"
