
---------- Parsing Ivy ----------


Printing isolate this:

OK

Ordered sorts:

epoch


======================================================================================================

	[FW]: Forward Reachability on [ivybench/total/ivy/distributed_lock.ivy: node=2,epoch=4]

======================================================================================================


==============================================

	Set up for forward reachability

==============================================

[FW NOTE]: number of state atoms: 26

[FW NOTE]: number of interpreted atoms (e.g. member,le): 30

[FW NOTE]: symmetric group order: 48

[FW NOTE]: number of branching actions: 24

ivy_to_cpp target=qrm distributed_lock.node_2_epoch_4.finite.ivy

[IVY_TO_CPP RESULT]: OK

swig -c++ -python -o distributed_lock.node_2_epoch_4.finite_wrap.cpp ivy_exec.i

[SWIG RESULT]: OK

g++ -std=c++11 -fpic -pthread -O3 distributed_lock.node_2_epoch_4.finite.cpp distributed_lock.node_2_epoch_4.finite_wrap.cpp -I/usr/include/python3.12 -c

[G++ RESULT]: OK

g++ -shared distributed_lock.node_2_epoch_4.finite.o distributed_lock.node_2_epoch_4.finite_wrap.o -o _ivy_exec.so -lm -lstdc++

[LINK RESULT]: OK

[QRM NOTE]: Time elapsed since start: 6.229 seconds

[QRM NOTE]: Time elapsed since last: 6.229 seconds

[QRM NOTE]: Peak memory: 877846 bytes


===================================

	Forward reachability

===================================


---------- level 0 ----------

01001000100010000000000000


---------- level 1 ----------

01001000000010000000001000


---------- level 2 ----------

00101000100010100000000000


---------- level 3 ----------

00101000000010100000000010


---------- level 4 ----------

00011000100010101000000000


---------- level 3 ----------

00101000000010100000000001


---------- level 4 ----------

00100001010010100100000000


---------- level 1 ----------

01001000000010000000000010


---------- level 2 ----------

00011000100010001000000000


---------- level 1 ----------

01001000000010000000000100


---------- level 2 ----------

01000010010010010000000000


---------- level 3 ----------

01000010000010010000000010


---------- level 4 ----------

00010010100010011000000000


---------- level 3 ----------

01000010000010010000000001


---------- level 4 ----------

01000001010010010100000000


---------- level 1 ----------

01001000000010000000000001


---------- level 2 ----------

01000001010010000100000000

[FW NOTE]: dfs max depth: 4

[FW NOTE]: number of total reachable states:        34

[FW NOTE]: number of dfs representative states:     17

[FW NOTE]: number of dfs non-representative states: 17


=============================================================================================================

	[FW RESULT]: Forward Reachability on [ivybench/total/ivy/distributed_lock.ivy: node=2,epoch=4]

=============================================================================================================

sort: node=['node0', 'node1']
sort: epoch=['epoch0', 'epoch1', 'epoch2', 'epoch3']
predicate: ep=('node', 'epoch')
predicate: locked('epoch', 'node')
predicate: held('node',)
predicate: transfer('epoch', 'node')
predicate: first=('node',)
predicate: le('epoch', 'epoch')
predicate: max=('epoch',)
predicate: firste=('epoch',)
predicate: zero=('epoch',)
interpreted atoms: {'(first=node0)': '1', '(first=node1)': '0', '(firste=epoch0)': '0', '(firste=epoch1)': '1', '(firste=epoch2)': '0', '(firste=epoch3)': '0', 'le(epoch0,epoch0)': '1', 'le(epoch0,epoch1)': '1', 'le(epoch0,epoch2)': '1', 'le(epoch0,epoch3)': '1', 'le(epoch1,epoch0)': '0', 'le(epoch1,epoch1)': '1', 'le(epoch1,epoch2)': '1', 'le(epoch1,epoch3)': '1', 'le(epoch2,epoch0)': '0', 'le(epoch2,epoch1)': '0', 'le(epoch2,epoch2)': '1', 'le(epoch2,epoch3)': '1', 'le(epoch3,epoch0)': '0', 'le(epoch3,epoch1)': '0', 'le(epoch3,epoch2)': '0', 'le(epoch3,epoch3)': '1', '(max=epoch0)': '0', '(max=epoch1)': '0', '(max=epoch2)': '0', '(max=epoch3)': '1', '(zero=epoch0)': '1', '(zero=epoch1)': '0', '(zero=epoch2)': '0', '(zero=epoch3)': '0'}
state atoms: ['(ep(node0)=epoch0)', '(ep(node0)=epoch1)', '(ep(node0)=epoch2)', '(ep(node0)=epoch3)', '(ep(node1)=epoch0)', '(ep(node1)=epoch1)', '(ep(node1)=epoch2)', '(ep(node1)=epoch3)', 'held(node0)', 'held(node1)', 'locked(epoch0,node0)', 'locked(epoch0,node1)', 'locked(epoch1,node0)', 'locked(epoch1,node1)', 'locked(epoch2,node0)', 'locked(epoch2,node1)', 'locked(epoch3,node0)', 'locked(epoch3,node1)', 'transfer(epoch0,node0)', 'transfer(epoch0,node1)', 'transfer(epoch1,node0)', 'transfer(epoch1,node1)', 'transfer(epoch2,node0)', 'transfer(epoch2,node1)', 'transfer(epoch3,node0)', 'transfer(epoch3,node1)']
representative states : 20415732524724504, 20275003626303768, 11410732293239064, 11269996952367384, 6907682421682456, 11269995878625560, 5213335003279640, 20274997183852824, 6905483398426904, 20274999331336472, 10280434339885336, 10139697925271832, 5217733049790744, 10139698999013656, 5777384468328728, 20274996110111000, 5775185445073176


=== State Orbit 0 =====================
size : 2
repr state: 01001000100010000000000000
lex min decimal: 0x48880024f73118
states:
01001000100010000000000000
10000100010001000000000000

State 0:
ep(node0): epoch1
ep(node1): epoch0
held(node0): 1
locked(epoch1,node0): 1

State 1:
ep(node0): epoch0
ep(node1): epoch1
held(node1): 1
locked(epoch1,node1): 1




=== State Orbit 1 =====================
size : 2
repr state: 01001000000010000000001000
lex min decimal: 0x48080224f73118
states:
01001000000010000000001000
10000100000001000000000100

State 0:
ep(node0): epoch1
ep(node1): epoch0
locked(epoch1,node0): 1
transfer(epoch2,node0): 1

State 1:
ep(node0): epoch0
ep(node1): epoch1
locked(epoch1,node1): 1
transfer(epoch2,node1): 1




=== State Orbit 2 =====================
size : 2
repr state: 00101000100010100000000000
lex min decimal: 0x288a0024f73118
states:
00101000100010100000000000
10000010010001010000000000

State 0:
ep(node0): epoch2
ep(node1): epoch0
held(node0): 1
locked(epoch1,node0): 1
locked(epoch2,node0): 1

State 1:
ep(node0): epoch0
ep(node1): epoch2
held(node1): 1
locked(epoch1,node1): 1
locked(epoch2,node1): 1




=== State Orbit 3 =====================
size : 2
repr state: 00101000000010100000000010
lex min decimal: 0x280a00a4f73118
states:
00101000000010100000000010
10000010000001010000000001

State 0:
ep(node0): epoch2
ep(node1): epoch0
locked(epoch1,node0): 1
locked(epoch2,node0): 1
transfer(epoch3,node0): 1

State 1:
ep(node0): epoch0
ep(node1): epoch2
locked(epoch1,node1): 1
locked(epoch2,node1): 1
transfer(epoch3,node1): 1




=== State Orbit 4 =====================
size : 2
repr state: 00011000100010101000000000
lex min decimal: 0x188a8024f73118
states:
00011000100010101000000000
10000001010001010100000000

State 0:
ep(node0): epoch3
ep(node1): epoch0
held(node0): 1
locked(epoch1,node0): 1
locked(epoch2,node0): 1
locked(epoch3,node0): 1

State 1:
ep(node0): epoch0
ep(node1): epoch3
held(node1): 1
locked(epoch1,node1): 1
locked(epoch2,node1): 1
locked(epoch3,node1): 1




=== State Orbit 5 =====================
size : 2
repr state: 00101000000010100000000001
lex min decimal: 0x280a0064f73118
states:
00101000000010100000000001
10000010000001010000000010

State 0:
ep(node0): epoch2
ep(node1): epoch0
locked(epoch1,node0): 1
locked(epoch2,node0): 1
transfer(epoch3,node1): 1

State 1:
ep(node0): epoch0
ep(node1): epoch2
locked(epoch1,node1): 1
locked(epoch2,node1): 1
transfer(epoch3,node0): 1




=== State Orbit 6 =====================
size : 2
repr state: 00100001010010100100000000
lex min decimal: 0x12858024f73118
states:
00100001010010100100000000
00010010100001011000000000

State 0:
ep(node0): epoch2
ep(node1): epoch3
held(node1): 1
locked(epoch1,node0): 1
locked(epoch2,node0): 1
locked(epoch3,node1): 1

State 1:
ep(node0): epoch3
ep(node1): epoch2
held(node0): 1
locked(epoch1,node1): 1
locked(epoch2,node1): 1
locked(epoch3,node0): 1




=== State Orbit 7 =====================
size : 2
repr state: 01001000000010000000000010
lex min decimal: 0x480800a4f73118
states:
01001000000010000000000010
10000100000001000000000001

State 0:
ep(node0): epoch1
ep(node1): epoch0
locked(epoch1,node0): 1
transfer(epoch3,node0): 1

State 1:
ep(node0): epoch0
ep(node1): epoch1
locked(epoch1,node1): 1
transfer(epoch3,node1): 1




=== State Orbit 8 =====================
size : 2
repr state: 00011000100010001000000000
lex min decimal: 0x18888024f73118
states:
00011000100010001000000000
10000001010001000100000000

State 0:
ep(node0): epoch3
ep(node1): epoch0
held(node0): 1
locked(epoch1,node0): 1
locked(epoch3,node0): 1

State 1:
ep(node0): epoch0
ep(node1): epoch3
held(node1): 1
locked(epoch1,node1): 1
locked(epoch3,node1): 1




=== State Orbit 9 =====================
size : 2
repr state: 01001000000010000000000100
lex min decimal: 0x48080124f73118
states:
01001000000010000000000100
10000100000001000000001000

State 0:
ep(node0): epoch1
ep(node1): epoch0
locked(epoch1,node0): 1
transfer(epoch2,node1): 1

State 1:
ep(node0): epoch0
ep(node1): epoch1
locked(epoch1,node1): 1
transfer(epoch2,node0): 1




=== State Orbit 10 =====================
size : 2
repr state: 01000010010010010000000000
lex min decimal: 0x24860024f73118
states:
01000010010010010000000000
00100100100001100000000000

State 0:
ep(node0): epoch1
ep(node1): epoch2
held(node1): 1
locked(epoch1,node0): 1
locked(epoch2,node1): 1

State 1:
ep(node0): epoch2
ep(node1): epoch1
held(node0): 1
locked(epoch1,node1): 1
locked(epoch2,node0): 1




=== State Orbit 11 =====================
size : 2
repr state: 01000010000010010000000010
lex min decimal: 0x24060064f73118
states:
01000010000010010000000010
00100100000001100000000001

State 0:
ep(node0): epoch1
ep(node1): epoch2
locked(epoch1,node0): 1
locked(epoch2,node1): 1
transfer(epoch3,node0): 1

State 1:
ep(node0): epoch2
ep(node1): epoch1
locked(epoch1,node1): 1
locked(epoch2,node0): 1
transfer(epoch3,node1): 1




=== State Orbit 12 =====================
size : 2
repr state: 00010010100010011000000000
lex min decimal: 0x12898024f73118
states:
00010010100010011000000000
00100001010001100100000000

State 0:
ep(node0): epoch3
ep(node1): epoch2
held(node0): 1
locked(epoch1,node0): 1
locked(epoch2,node1): 1
locked(epoch3,node0): 1

State 1:
ep(node0): epoch2
ep(node1): epoch3
held(node1): 1
locked(epoch1,node1): 1
locked(epoch2,node0): 1
locked(epoch3,node1): 1




=== State Orbit 13 =====================
size : 2
repr state: 01000010000010010000000001
lex min decimal: 0x240600a4f73118
states:
01000010000010010000000001
00100100000001100000000010

State 0:
ep(node0): epoch1
ep(node1): epoch2
locked(epoch1,node0): 1
locked(epoch2,node1): 1
transfer(epoch3,node1): 1

State 1:
ep(node0): epoch2
ep(node1): epoch1
locked(epoch1,node1): 1
locked(epoch2,node0): 1
transfer(epoch3,node0): 1




=== State Orbit 14 =====================
size : 2
repr state: 01000001010010010100000000
lex min decimal: 0x14868024f73118
states:
01000001010010010100000000
00010100100001101000000000

State 0:
ep(node0): epoch1
ep(node1): epoch3
held(node1): 1
locked(epoch1,node0): 1
locked(epoch2,node1): 1
locked(epoch3,node1): 1

State 1:
ep(node0): epoch3
ep(node1): epoch1
held(node0): 1
locked(epoch1,node1): 1
locked(epoch2,node0): 1
locked(epoch3,node0): 1




=== State Orbit 15 =====================
size : 2
repr state: 01001000000010000000000001
lex min decimal: 0x48080064f73118
states:
01001000000010000000000001
10000100000001000000000010

State 0:
ep(node0): epoch1
ep(node1): epoch0
locked(epoch1,node0): 1
transfer(epoch3,node1): 1

State 1:
ep(node0): epoch0
ep(node1): epoch1
locked(epoch1,node1): 1
transfer(epoch3,node0): 1




=== State Orbit 16 =====================
size : 2
repr state: 01000001010010000100000000
lex min decimal: 0x14848024f73118
states:
01000001010010000100000000
00010100100001001000000000

State 0:
ep(node0): epoch1
ep(node1): epoch3
held(node1): 1
locked(epoch1,node0): 1
locked(epoch3,node1): 1

State 1:
ep(node0): epoch3
ep(node1): epoch1
held(node0): 1
locked(epoch1,node1): 1
locked(epoch3,node0): 1



[QRM NOTE]: Time elapsed since start: 6.336 seconds

[QRM NOTE]: Time elapsed since last: 0.107 seconds

[QRM NOTE]: Peak memory: 476142 bytes


==================================================================================================================================

	[REACH_CHECK]: Reachability Convergence Check for Rmin on [ivybench/total/ivy/distributed_lock.ivy: node=2,epoch=4]

==================================================================================================================================

Found a representative state in Rmin not in reachability: decimal: 5211685400905745, binary: 00010010100001000000000000

State:
    ep(node0) = epoch3
    ep(node1) = epoch2
    held(node0)
    locked(epoch1,node1)

Found a representative state in Rmin not in reachability: decimal: 5211686474648593, binary: 00010010100001000000000001

State:
    ep(node0) = epoch3
    ep(node1) = epoch2
    held(node0)
    locked(epoch1,node1)
    transfer(epoch3,node1)

Found a representative state in Rmin not in reachability: decimal: 10280434306637346, binary: 00100100100001100000000000

State:
    ep(node0) = epoch2
    ep(node1) = epoch1
    held(node0)
    locked(epoch1,node1)
    locked(epoch2,node0)

Found a representative state in Rmin not in reachability: decimal: 11272193505730321, binary: 00101000000011000000000000

State:
    ep(node0) = epoch2
    ep(node1) = epoch0
    locked(epoch1,node0)
    locked(epoch1,node1)

Found a representative state in Rmin not in reachability: decimal: 11412930994085649, binary: 00101000100011000000000000

State:
    ep(node0) = epoch2
    ep(node1) = epoch0
    held(node0)
    locked(epoch1,node0)
    locked(epoch1,node1)

Found a representative state in Rmin not in reachability: decimal: 11414030503616273, binary: 00101000100011010000000000

State:
    ep(node0) = epoch2
    ep(node1) = epoch0
    held(node0)
    locked(epoch1,node0)
    locked(epoch1,node1)
    locked(epoch2,node1)

Found a representative state in Rmin not in reachability: decimal: 11273293015260945, binary: 00101000000011010000000000

State:
    ep(node0) = epoch2
    ep(node1) = epoch0
    locked(epoch1,node0)
    locked(epoch1,node1)
    locked(epoch2,node1)

Found a representative state in Rmin not in reachability: decimal: 11273295162742033, binary: 00101000000011010000000010

State:
    ep(node0) = epoch2
    ep(node1) = epoch0
    locked(epoch1,node0)
    locked(epoch1,node1)
    locked(epoch2,node1)
    transfer(epoch3,node0)

Found a representative state in Rmin not in reachability: decimal: 11414032651097361, binary: 00101000100011010000000010

State:
    ep(node0) = epoch2
    ep(node1) = epoch0
    held(node0)
    locked(epoch1,node0)
    locked(epoch1,node1)
    locked(epoch2,node1)
    transfer(epoch3,node0)

Found a representative state in Rmin not in reachability: decimal: 11272195651114257, binary: 00101000000011000000000010

State:
    ep(node0) = epoch2
    ep(node1) = epoch0
    locked(epoch1,node0)
    locked(epoch1,node1)
    transfer(epoch3,node0)

Found a representative state in Rmin not in reachability: decimal: 11412933139469585, binary: 00101000100011000000000010

State:
    ep(node0) = epoch2
    ep(node1) = epoch0
    held(node0)
    locked(epoch1,node0)
    locked(epoch1,node1)
    transfer(epoch3,node0)

Found a representative state in Rmin not in reachability: decimal: 11412934213211409, binary: 00101000100011000000000011

State:
    ep(node0) = epoch2
    ep(node1) = epoch0
    held(node0)
    locked(epoch1,node0)
    locked(epoch1,node1)
    transfer(epoch3,node0)
    transfer(epoch3,node1)

Found a representative state in Rmin not in reachability: decimal: 11272196724856081, binary: 00101000000011000000000011

State:
    ep(node0) = epoch2
    ep(node1) = epoch0
    locked(epoch1,node0)
    locked(epoch1,node1)
    transfer(epoch3,node0)
    transfer(epoch3,node1)

Found a representative state in Rmin not in reachability: decimal: 11414033724839185, binary: 00101000100011010000000011

State:
    ep(node0) = epoch2
    ep(node1) = epoch0
    held(node0)
    locked(epoch1,node0)
    locked(epoch1,node1)
    locked(epoch2,node1)
    transfer(epoch3,node0)
    transfer(epoch3,node1)

Found a representative state in Rmin not in reachability: decimal: 11273296236483857, binary: 00101000000011010000000011

State:
    ep(node0) = epoch2
    ep(node1) = epoch0
    locked(epoch1,node0)
    locked(epoch1,node1)
    locked(epoch2,node1)
    transfer(epoch3,node0)
    transfer(epoch3,node1)

Found a representative state in Rmin not in reachability: decimal: 11273294089000209, binary: 00101000000011010000000001

State:
    ep(node0) = epoch2
    ep(node1) = epoch0
    locked(epoch1,node0)
    locked(epoch1,node1)
    locked(epoch2,node1)
    transfer(epoch3,node1)

Found a representative state in Rmin not in reachability: decimal: 11414031577355537, binary: 00101000100011010000000001

State:
    ep(node0) = epoch2
    ep(node1) = epoch0
    held(node0)
    locked(epoch1,node0)
    locked(epoch1,node1)
    locked(epoch2,node1)
    transfer(epoch3,node1)

Found a representative state in Rmin not in reachability: decimal: 11412932065727761, binary: 00101000100011000000000001

State:
    ep(node0) = epoch2
    ep(node1) = epoch0
    held(node0)
    locked(epoch1,node0)
    locked(epoch1,node1)
    transfer(epoch3,node1)

Found a representative state in Rmin not in reachability: decimal: 11272194577372433, binary: 00101000000011000000000001

State:
    ep(node0) = epoch2
    ep(node1) = epoch0
    locked(epoch1,node0)
    locked(epoch1,node1)
    transfer(epoch3,node1)

Found a representative state in Rmin not in reachability: decimal: 11415131088983313, binary: 00101000100011100000000001

State:
    ep(node0) = epoch2
    ep(node1) = epoch0
    held(node0)
    locked(epoch1,node0)
    locked(epoch1,node1)
    locked(epoch2,node0)
    transfer(epoch3,node1)

Found a representative state in Rmin not in reachability: decimal: 11274393600627985, binary: 00101000000011100000000001

State:
    ep(node0) = epoch2
    ep(node1) = epoch0
    locked(epoch1,node0)
    locked(epoch1,node1)
    locked(epoch2,node0)
    transfer(epoch3,node1)

Found a representative state in Rmin not in reachability: decimal: 11416230600611089, binary: 00101000100011110000000001

State:
    ep(node0) = epoch2
    ep(node1) = epoch0
    held(node0)
    locked(epoch1,node0)
    locked(epoch1,node1)
    locked(epoch2,node0)
    locked(epoch2,node1)
    transfer(epoch3,node1)

Found a representative state in Rmin not in reachability: decimal: 11275493112255761, binary: 00101000000011110000000001

State:
    ep(node0) = epoch2
    ep(node1) = epoch0
    locked(epoch1,node0)
    locked(epoch1,node1)
    locked(epoch2,node0)
    locked(epoch2,node1)
    transfer(epoch3,node1)

Found a representative state in Rmin not in reachability: decimal: 11274402190398737, binary: 00101000000011100000001001

State:
    ep(node0) = epoch2
    ep(node1) = epoch0
    locked(epoch1,node0)
    locked(epoch1,node1)
    locked(epoch2,node0)
    transfer(epoch2,node0)
    transfer(epoch3,node1)

Found a representative state in Rmin not in reachability: decimal: 11274404337882385, binary: 00101000000011100000001011

State:
    ep(node0) = epoch2
    ep(node1) = epoch0
    locked(epoch1,node0)
    locked(epoch1,node1)
    locked(epoch2,node0)
    transfer(epoch2,node0)
    transfer(epoch3,node0)
    transfer(epoch3,node1)

Found a representative state in Rmin not in reachability: decimal: 20281601444810769, binary: 01001000000011100000001001

State:
    ep(node0) = epoch1
    ep(node1) = epoch0
    locked(epoch1,node0)
    locked(epoch1,node1)
    locked(epoch2,node0)
    transfer(epoch2,node0)
    transfer(epoch3,node1)

Found a representative state in Rmin not in reachability: decimal: 20280501933182993, binary: 01001000000011010000001001

State:
    ep(node0) = epoch1
    ep(node1) = epoch0
    locked(epoch1,node0)
    locked(epoch1,node1)
    locked(epoch2,node1)
    transfer(epoch2,node0)
    transfer(epoch3,node1)

Found a representative state in Rmin not in reachability: decimal: 20279402421555217, binary: 01001000000011000000001001

State:
    ep(node0) = epoch1
    ep(node1) = epoch0
    locked(epoch1,node0)
    locked(epoch1,node1)
    transfer(epoch2,node0)
    transfer(epoch3,node1)

Found a representative state in Rmin not in reachability: decimal: 20275004375044113, binary: 01001000000010000000001001

State:
    ep(node0) = epoch1
    ep(node1) = epoch0
    locked(epoch1,node0)
    transfer(epoch2,node0)
    transfer(epoch3,node1)

Found a representative state in Rmin not in reachability: decimal: 20276103886671889, binary: 01001000000010010000001001

State:
    ep(node0) = epoch1
    ep(node1) = epoch0
    locked(epoch1,node0)
    locked(epoch2,node1)
    transfer(epoch2,node0)
    transfer(epoch3,node1)

Found a representative state in Rmin not in reachability: decimal: 20277203398299665, binary: 01001000000010100000001001

State:
    ep(node0) = epoch1
    ep(node1) = epoch0
    locked(epoch1,node0)
    locked(epoch2,node0)
    transfer(epoch2,node0)
    transfer(epoch3,node1)

Found a representative state in Rmin not in reachability: decimal: 11270004143558673, binary: 00101000000010100000001001

State:
    ep(node0) = epoch2
    ep(node1) = epoch0
    locked(epoch1,node0)
    locked(epoch2,node0)
    transfer(epoch2,node0)
    transfer(epoch3,node1)

Found a representative state in Rmin not in reachability: decimal: 11270006291043345, binary: 00101000000010100000001011

State:
    ep(node0) = epoch2
    ep(node1) = epoch0
    locked(epoch1,node0)
    locked(epoch2,node0)
    transfer(epoch2,node0)
    transfer(epoch3,node0)
    transfer(epoch3,node1)

Found a representative state in Rmin not in reachability: decimal: 10143004725116945, binary: 00100100000010010000001001

State:
    ep(node0) = epoch2
    ep(node1) = epoch1
    locked(epoch1,node0)
    locked(epoch2,node1)
    transfer(epoch2,node0)
    transfer(epoch3,node1)

Found a representative state in Rmin not in reachability: decimal: 10141905213489169, binary: 00100100000010000000001001

State:
    ep(node0) = epoch2
    ep(node1) = epoch1
    locked(epoch1,node0)
    transfer(epoch2,node0)
    transfer(epoch3,node1)

Found a representative state in Rmin not in reachability: decimal: 10142042651394065, binary: 00100100000010000010001001

State:
    ep(node0) = epoch2
    ep(node1) = epoch1
    locked(epoch1,node0)
    transfer(epoch0,node0)
    transfer(epoch2,node0)
    transfer(epoch3,node1)

Found a representative state in Rmin not in reachability: decimal: 10143142163021841, binary: 00100100000010010010001001

State:
    ep(node0) = epoch2
    ep(node1) = epoch1
    locked(epoch1,node0)
    locked(epoch2,node1)
    transfer(epoch0,node0)
    transfer(epoch2,node0)
    transfer(epoch3,node1)

Found a representative state in Rmin not in reachability: decimal: 10143073443545105, binary: 00100100000010010001001001

State:
    ep(node0) = epoch2
    ep(node1) = epoch1
    locked(epoch1,node0)
    locked(epoch2,node1)
    transfer(epoch0,node1)
    transfer(epoch2,node0)
    transfer(epoch3,node1)

Found a representative state in Rmin not in reachability: decimal: 10141973931917329, binary: 00100100000010000001001001

State:
    ep(node0) = epoch2
    ep(node1) = epoch1
    locked(epoch1,node0)
    transfer(epoch0,node1)
    transfer(epoch2,node0)
    transfer(epoch3,node1)

Found a representative state in Rmin not in reachability: decimal: 10144172955172881, binary: 00100100000010100001001001

State:
    ep(node0) = epoch2
    ep(node1) = epoch1
    locked(epoch1,node0)
    locked(epoch2,node0)
    transfer(epoch0,node1)
    transfer(epoch2,node0)
    transfer(epoch3,node1)

Found a representative state in Rmin not in reachability: decimal: 10145272466800657, binary: 00100100000010110001001001

State:
    ep(node0) = epoch2
    ep(node1) = epoch1
    locked(epoch1,node0)
    locked(epoch2,node0)
    locked(epoch2,node1)
    transfer(epoch0,node1)
    transfer(epoch2,node0)
    transfer(epoch3,node1)

Found a representative state in Rmin not in reachability: decimal: 10144104235696145, binary: 00100100000010100000001001

State:
    ep(node0) = epoch2
    ep(node1) = epoch1
    locked(epoch1,node0)
    locked(epoch2,node0)
    transfer(epoch2,node0)
    transfer(epoch3,node1)

Found a representative state in Rmin not in reachability: decimal: 10145203747323921, binary: 00100100000010110000001001

State:
    ep(node0) = epoch2
    ep(node1) = epoch1
    locked(epoch1,node0)
    locked(epoch2,node0)
    locked(epoch2,node1)
    transfer(epoch2,node0)
    transfer(epoch3,node1)

Found a representative state in Rmin not in reachability: decimal: 10144241674649617, binary: 00100100000010100010001001

State:
    ep(node0) = epoch2
    ep(node1) = epoch1
    locked(epoch1,node0)
    locked(epoch2,node0)
    transfer(epoch0,node0)
    transfer(epoch2,node0)
    transfer(epoch3,node1)

Found a representative state in Rmin not in reachability: decimal: 10145341186277393, binary: 00100100000010110010001001

State:
    ep(node0) = epoch2
    ep(node1) = epoch1
    locked(epoch1,node0)
    locked(epoch2,node0)
    locked(epoch2,node1)
    transfer(epoch0,node0)
    transfer(epoch2,node0)
    transfer(epoch3,node1)

Found a representative state in Rmin not in reachability: decimal: 10140871199064081, binary: 00100100000001110001000110

State:
    ep(node0) = epoch2
    ep(node1) = epoch1
    locked(epoch1,node1)
    locked(epoch2,node0)
    locked(epoch2,node1)
    transfer(epoch0,node1)
    transfer(epoch2,node1)
    transfer(epoch3,node0)

Found a representative state in Rmin not in reachability: decimal: 10138672175808529, binary: 00100100000001010001000110

State:
    ep(node0) = epoch2
    ep(node1) = epoch1
    locked(epoch1,node1)
    locked(epoch2,node1)
    transfer(epoch0,node1)
    transfer(epoch2,node1)
    transfer(epoch3,node0)

Found a representative state in Rmin not in reachability: decimal: 10138603456331793, binary: 00100100000001010000000110

State:
    ep(node0) = epoch2
    ep(node1) = epoch1
    locked(epoch1,node1)
    locked(epoch2,node1)
    transfer(epoch2,node1)
    transfer(epoch3,node0)

Found a representative state in Rmin not in reachability: decimal: 10140802479587345, binary: 00100100000001110000000110

State:
    ep(node0) = epoch2
    ep(node1) = epoch1
    locked(epoch1,node1)
    locked(epoch2,node0)
    locked(epoch2,node1)
    transfer(epoch2,node1)
    transfer(epoch3,node0)

Found a representative state in Rmin not in reachability: decimal: 10140939918540817, binary: 00100100000001110010000110

State:
    ep(node0) = epoch2
    ep(node1) = epoch1
    locked(epoch1,node1)
    locked(epoch2,node0)
    locked(epoch2,node1)
    transfer(epoch0,node0)
    transfer(epoch2,node1)
    transfer(epoch3,node0)

Found a representative state in Rmin not in reachability: decimal: 10138740895285265, binary: 00100100000001010010000110

State:
    ep(node0) = epoch2
    ep(node1) = epoch1
    locked(epoch1,node1)
    locked(epoch2,node1)
    transfer(epoch0,node0)
    transfer(epoch2,node1)
    transfer(epoch3,node0)

Found a representative state in Rmin not in reachability: decimal: 10137641383657489, binary: 00100100000001000010000110

State:
    ep(node0) = epoch2
    ep(node1) = epoch1
    locked(epoch1,node1)
    transfer(epoch0,node0)
    transfer(epoch2,node1)
    transfer(epoch3,node0)

Found a representative state in Rmin not in reachability: decimal: 10139840406913041, binary: 00100100000001100010000110

State:
    ep(node0) = epoch2
    ep(node1) = epoch1
    locked(epoch1,node1)
    locked(epoch2,node0)
    transfer(epoch0,node0)
    transfer(epoch2,node1)
    transfer(epoch3,node0)

Found a representative state in Rmin not in reachability: decimal: 10139702967959569, binary: 00100100000001100000000110

State:
    ep(node0) = epoch2
    ep(node1) = epoch1
    locked(epoch1,node1)
    locked(epoch2,node0)
    transfer(epoch2,node1)
    transfer(epoch3,node0)

Found a representative state in Rmin not in reachability: decimal: 10137503944704017, binary: 00100100000001000000000110

State:
    ep(node0) = epoch2
    ep(node1) = epoch1
    locked(epoch1,node1)
    transfer(epoch2,node1)
    transfer(epoch3,node0)

Found a representative state in Rmin not in reachability: decimal: 10137572664180753, binary: 00100100000001000001000110

State:
    ep(node0) = epoch2
    ep(node1) = epoch1
    locked(epoch1,node1)
    transfer(epoch0,node1)
    transfer(epoch2,node1)
    transfer(epoch3,node0)

Found a representative state in Rmin not in reachability: decimal: 10139771687436305, binary: 00100100000001100001000110

State:
    ep(node0) = epoch2
    ep(node1) = epoch1
    locked(epoch1,node1)
    locked(epoch2,node0)
    transfer(epoch0,node1)
    transfer(epoch2,node1)
    transfer(epoch3,node0)

Found a representative state in Rmin not in reachability: decimal: 10146368757202961, binary: 00100100000011000001000110

State:
    ep(node0) = epoch2
    ep(node1) = epoch1
    locked(epoch1,node0)
    locked(epoch1,node1)
    transfer(epoch0,node1)
    transfer(epoch2,node1)
    transfer(epoch3,node0)

Found a representative state in Rmin not in reachability: decimal: 10148567780458513, binary: 00100100000011100001000110

State:
    ep(node0) = epoch2
    ep(node1) = epoch1
    locked(epoch1,node0)
    locked(epoch1,node1)
    locked(epoch2,node0)
    transfer(epoch0,node1)
    transfer(epoch2,node1)
    transfer(epoch3,node0)

Found a representative state in Rmin not in reachability: decimal: 10148499060981777, binary: 00100100000011100000000110

State:
    ep(node0) = epoch2
    ep(node1) = epoch1
    locked(epoch1,node0)
    locked(epoch1,node1)
    locked(epoch2,node0)
    transfer(epoch2,node1)
    transfer(epoch3,node0)

Found a representative state in Rmin not in reachability: decimal: 10146300037726225, binary: 00100100000011000000000110

State:
    ep(node0) = epoch2
    ep(node1) = epoch1
    locked(epoch1,node0)
    locked(epoch1,node1)
    transfer(epoch2,node1)
    transfer(epoch3,node0)

Found a representative state in Rmin not in reachability: decimal: 10146437476679697, binary: 00100100000011000010000110

State:
    ep(node0) = epoch2
    ep(node1) = epoch1
    locked(epoch1,node0)
    locked(epoch1,node1)
    transfer(epoch0,node0)
    transfer(epoch2,node1)
    transfer(epoch3,node0)

Found a representative state in Rmin not in reachability: decimal: 10148636499935249, binary: 00100100000011100010000110

State:
    ep(node0) = epoch2
    ep(node1) = epoch1
    locked(epoch1,node0)
    locked(epoch1,node1)
    locked(epoch2,node0)
    transfer(epoch0,node0)
    transfer(epoch2,node1)
    transfer(epoch3,node0)

Found a representative state in Rmin not in reachability: decimal: 10149736011563025, binary: 00100100000011110010000110

State:
    ep(node0) = epoch2
    ep(node1) = epoch1
    locked(epoch1,node0)
    locked(epoch1,node1)
    locked(epoch2,node0)
    locked(epoch2,node1)
    transfer(epoch0,node0)
    transfer(epoch2,node1)
    transfer(epoch3,node0)

Found a representative state in Rmin not in reachability: decimal: 10147536988307473, binary: 00100100000011010010000110

State:
    ep(node0) = epoch2
    ep(node1) = epoch1
    locked(epoch1,node0)
    locked(epoch1,node1)
    locked(epoch2,node1)
    transfer(epoch0,node0)
    transfer(epoch2,node1)
    transfer(epoch3,node0)

Found a representative state in Rmin not in reachability: decimal: 10149598572609553, binary: 00100100000011110000000110

State:
    ep(node0) = epoch2
    ep(node1) = epoch1
    locked(epoch1,node0)
    locked(epoch1,node1)
    locked(epoch2,node0)
    locked(epoch2,node1)
    transfer(epoch2,node1)
    transfer(epoch3,node0)

Found a representative state in Rmin not in reachability: decimal: 10147399549354001, binary: 00100100000011010000000110

State:
    ep(node0) = epoch2
    ep(node1) = epoch1
    locked(epoch1,node0)
    locked(epoch1,node1)
    locked(epoch2,node1)
    transfer(epoch2,node1)
    transfer(epoch3,node0)

Found a representative state in Rmin not in reachability: decimal: 10147468268830737, binary: 00100100000011010001000110

State:
    ep(node0) = epoch2
    ep(node1) = epoch1
    locked(epoch1,node0)
    locked(epoch1,node1)
    locked(epoch2,node1)
    transfer(epoch0,node1)
    transfer(epoch2,node1)
    transfer(epoch3,node0)

Found a representative state in Rmin not in reachability: decimal: 10149667292086289, binary: 00100100000011110001000110

State:
    ep(node0) = epoch2
    ep(node1) = epoch1
    locked(epoch1,node0)
    locked(epoch1,node1)
    locked(epoch2,node0)
    locked(epoch2,node1)
    transfer(epoch0,node1)
    transfer(epoch2,node1)
    transfer(epoch3,node0)

Found a representative state in Rmin not in reachability: decimal: 10145269245575185, binary: 00100100000010110001000110

State:
    ep(node0) = epoch2
    ep(node1) = epoch1
    locked(epoch1,node0)
    locked(epoch2,node0)
    locked(epoch2,node1)
    transfer(epoch0,node1)
    transfer(epoch2,node1)
    transfer(epoch3,node0)

Found a representative state in Rmin not in reachability: decimal: 10143070222319633, binary: 00100100000010010001000110

State:
    ep(node0) = epoch2
    ep(node1) = epoch1
    locked(epoch1,node0)
    locked(epoch2,node1)
    transfer(epoch0,node1)
    transfer(epoch2,node1)
    transfer(epoch3,node0)

Found a representative state in Rmin not in reachability: decimal: 10143001502842897, binary: 00100100000010010000000110

State:
    ep(node0) = epoch2
    ep(node1) = epoch1
    locked(epoch1,node0)
    locked(epoch2,node1)
    transfer(epoch2,node1)
    transfer(epoch3,node0)

Found a representative state in Rmin not in reachability: decimal: 10145200526098449, binary: 00100100000010110000000110

State:
    ep(node0) = epoch2
    ep(node1) = epoch1
    locked(epoch1,node0)
    locked(epoch2,node0)
    locked(epoch2,node1)
    transfer(epoch2,node1)
    transfer(epoch3,node0)

Found a representative state in Rmin not in reachability: decimal: 10145337965051921, binary: 00100100000010110010000110

State:
    ep(node0) = epoch2
    ep(node1) = epoch1
    locked(epoch1,node0)
    locked(epoch2,node0)
    locked(epoch2,node1)
    transfer(epoch0,node0)
    transfer(epoch2,node1)
    transfer(epoch3,node0)

Found a representative state in Rmin not in reachability: decimal: 10143138941796369, binary: 00100100000010010010000110

State:
    ep(node0) = epoch2
    ep(node1) = epoch1
    locked(epoch1,node0)
    locked(epoch2,node1)
    transfer(epoch0,node0)
    transfer(epoch2,node1)
    transfer(epoch3,node0)

Found a representative state in Rmin not in reachability: decimal: 10142039430168593, binary: 00100100000010000010000110

State:
    ep(node0) = epoch2
    ep(node1) = epoch1
    locked(epoch1,node0)
    transfer(epoch0,node0)
    transfer(epoch2,node1)
    transfer(epoch3,node0)

Found a representative state in Rmin not in reachability: decimal: 10144238453424145, binary: 00100100000010100010000110

State:
    ep(node0) = epoch2
    ep(node1) = epoch1
    locked(epoch1,node0)
    locked(epoch2,node0)
    transfer(epoch0,node0)
    transfer(epoch2,node1)
    transfer(epoch3,node0)

Found a representative state in Rmin not in reachability: decimal: 10144101014470673, binary: 00100100000010100000000110

State:
    ep(node0) = epoch2
    ep(node1) = epoch1
    locked(epoch1,node0)
    locked(epoch2,node0)
    transfer(epoch2,node1)
    transfer(epoch3,node0)

Found a representative state in Rmin not in reachability: decimal: 10141901991215121, binary: 00100100000010000000000110

State:
    ep(node0) = epoch2
    ep(node1) = epoch1
    locked(epoch1,node0)
    transfer(epoch2,node1)
    transfer(epoch3,node0)

Found a representative state in Rmin not in reachability: decimal: 10141970710691857, binary: 00100100000010000001000110

State:
    ep(node0) = epoch2
    ep(node1) = epoch1
    locked(epoch1,node0)
    transfer(epoch0,node1)
    transfer(epoch2,node1)
    transfer(epoch3,node0)

Found a representative state in Rmin not in reachability: decimal: 10144169733947409, binary: 00100100000010100001000110

State:
    ep(node0) = epoch2
    ep(node1) = epoch1
    locked(epoch1,node0)
    locked(epoch2,node0)
    transfer(epoch0,node1)
    transfer(epoch2,node1)
    transfer(epoch3,node0)

Found a representative state in Rmin not in reachability: decimal: 10148502282174481, binary: 00100100000011100000001001

State:
    ep(node0) = epoch2
    ep(node1) = epoch1
    locked(epoch1,node0)
    locked(epoch1,node1)
    locked(epoch2,node0)
    transfer(epoch2,node0)
    transfer(epoch3,node1)

Found a representative state in Rmin not in reachability: decimal: 10149601793835025, binary: 00100100000011110000001001

State:
    ep(node0) = epoch2
    ep(node1) = epoch1
    locked(epoch1,node0)
    locked(epoch1,node1)
    locked(epoch2,node0)
    locked(epoch2,node1)
    transfer(epoch2,node0)
    transfer(epoch3,node1)

Found a representative state in Rmin not in reachability: decimal: 10149739232788497, binary: 00100100000011110010001001

State:
    ep(node0) = epoch2
    ep(node1) = epoch1
    locked(epoch1,node0)
    locked(epoch1,node1)
    locked(epoch2,node0)
    locked(epoch2,node1)
    transfer(epoch0,node0)
    transfer(epoch2,node0)
    transfer(epoch3,node1)

Found a representative state in Rmin not in reachability: decimal: 10148639721160721, binary: 00100100000011100010001001

State:
    ep(node0) = epoch2
    ep(node1) = epoch1
    locked(epoch1,node0)
    locked(epoch1,node1)
    locked(epoch2,node0)
    transfer(epoch0,node0)
    transfer(epoch2,node0)
    transfer(epoch3,node1)

Found a representative state in Rmin not in reachability: decimal: 10148571001683985, binary: 00100100000011100001001001

State:
    ep(node0) = epoch2
    ep(node1) = epoch1
    locked(epoch1,node0)
    locked(epoch1,node1)
    locked(epoch2,node0)
    transfer(epoch0,node1)
    transfer(epoch2,node0)
    transfer(epoch3,node1)

Found a representative state in Rmin not in reachability: decimal: 10149670513311761, binary: 00100100000011110001001001

State:
    ep(node0) = epoch2
    ep(node1) = epoch1
    locked(epoch1,node0)
    locked(epoch1,node1)
    locked(epoch2,node0)
    locked(epoch2,node1)
    transfer(epoch0,node1)
    transfer(epoch2,node0)
    transfer(epoch3,node1)

Found a representative state in Rmin not in reachability: decimal: 10147471490056209, binary: 00100100000011010001001001

State:
    ep(node0) = epoch2
    ep(node1) = epoch1
    locked(epoch1,node0)
    locked(epoch1,node1)
    locked(epoch2,node1)
    transfer(epoch0,node1)
    transfer(epoch2,node0)
    transfer(epoch3,node1)

Found a representative state in Rmin not in reachability: decimal: 10146371978428433, binary: 00100100000011000001001001

State:
    ep(node0) = epoch2
    ep(node1) = epoch1
    locked(epoch1,node0)
    locked(epoch1,node1)
    transfer(epoch0,node1)
    transfer(epoch2,node0)
    transfer(epoch3,node1)

Found a representative state in Rmin not in reachability: decimal: 10146303258951697, binary: 00100100000011000000001001

State:
    ep(node0) = epoch2
    ep(node1) = epoch1
    locked(epoch1,node0)
    locked(epoch1,node1)
    transfer(epoch2,node0)
    transfer(epoch3,node1)

Found a representative state in Rmin not in reachability: decimal: 10147402770579473, binary: 00100100000011010000001001

State:
    ep(node0) = epoch2
    ep(node1) = epoch1
    locked(epoch1,node0)
    locked(epoch1,node1)
    locked(epoch2,node1)
    transfer(epoch2,node0)
    transfer(epoch3,node1)

Found a representative state in Rmin not in reachability: decimal: 10147540209532945, binary: 00100100000011010010001001

State:
    ep(node0) = epoch2
    ep(node1) = epoch1
    locked(epoch1,node0)
    locked(epoch1,node1)
    locked(epoch2,node1)
    transfer(epoch0,node0)
    transfer(epoch2,node0)
    transfer(epoch3,node1)

Found a representative state in Rmin not in reachability: decimal: 10146440697905169, binary: 00100100000011000010001001

State:
    ep(node0) = epoch2
    ep(node1) = epoch1
    locked(epoch1,node0)
    locked(epoch1,node1)
    transfer(epoch0,node0)
    transfer(epoch2,node0)
    transfer(epoch3,node1)

Found a representative state in Rmin not in reachability: decimal: 10137644604882961, binary: 00100100000001000010001001

State:
    ep(node0) = epoch2
    ep(node1) = epoch1
    locked(epoch1,node1)
    transfer(epoch0,node0)
    transfer(epoch2,node0)
    transfer(epoch3,node1)

Found a representative state in Rmin not in reachability: decimal: 10138744116510737, binary: 00100100000001010010001001

State:
    ep(node0) = epoch2
    ep(node1) = epoch1
    locked(epoch1,node1)
    locked(epoch2,node1)
    transfer(epoch0,node0)
    transfer(epoch2,node0)
    transfer(epoch3,node1)

Found a representative state in Rmin not in reachability: decimal: 10138606677557265, binary: 00100100000001010000001001

State:
    ep(node0) = epoch2
    ep(node1) = epoch1
    locked(epoch1,node1)
    locked(epoch2,node1)
    transfer(epoch2,node0)
    transfer(epoch3,node1)

Found a representative state in Rmin not in reachability: decimal: 10137507165929489, binary: 00100100000001000000001001

State:
    ep(node0) = epoch2
    ep(node1) = epoch1
    locked(epoch1,node1)
    transfer(epoch2,node0)
    transfer(epoch3,node1)

Found a representative state in Rmin not in reachability: decimal: 10137575885406225, binary: 00100100000001000001001001

State:
    ep(node0) = epoch2
    ep(node1) = epoch1
    locked(epoch1,node1)
    transfer(epoch0,node1)
    transfer(epoch2,node0)
    transfer(epoch3,node1)

Found a representative state in Rmin not in reachability: decimal: 10138675397034001, binary: 00100100000001010001001001

State:
    ep(node0) = epoch2
    ep(node1) = epoch1
    locked(epoch1,node1)
    locked(epoch2,node1)
    transfer(epoch0,node1)
    transfer(epoch2,node0)
    transfer(epoch3,node1)

Found a representative state in Rmin not in reachability: decimal: 10140874420289553, binary: 00100100000001110001001001

State:
    ep(node0) = epoch2
    ep(node1) = epoch1
    locked(epoch1,node1)
    locked(epoch2,node0)
    locked(epoch2,node1)
    transfer(epoch0,node1)
    transfer(epoch2,node0)
    transfer(epoch3,node1)

Found a representative state in Rmin not in reachability: decimal: 10139774908661777, binary: 00100100000001100001001001

State:
    ep(node0) = epoch2
    ep(node1) = epoch1
    locked(epoch1,node1)
    locked(epoch2,node0)
    transfer(epoch0,node1)
    transfer(epoch2,node0)
    transfer(epoch3,node1)

Found a representative state in Rmin not in reachability: decimal: 10139706189185041, binary: 00100100000001100000001001

State:
    ep(node0) = epoch2
    ep(node1) = epoch1
    locked(epoch1,node1)
    locked(epoch2,node0)
    transfer(epoch2,node0)
    transfer(epoch3,node1)

Found a representative state in Rmin not in reachability: decimal: 10140805700812817, binary: 00100100000001110000001001

State:
    ep(node0) = epoch2
    ep(node1) = epoch1
    locked(epoch1,node1)
    locked(epoch2,node0)
    locked(epoch2,node1)
    transfer(epoch2,node0)
    transfer(epoch3,node1)

Found a representative state in Rmin not in reachability: decimal: 10139843628138513, binary: 00100100000001100010001001

State:
    ep(node0) = epoch2
    ep(node1) = epoch1
    locked(epoch1,node1)
    locked(epoch2,node0)
    transfer(epoch0,node0)
    transfer(epoch2,node0)
    transfer(epoch3,node1)

Found a representative state in Rmin not in reachability: decimal: 10140943139766289, binary: 00100100000001110010001001

State:
    ep(node0) = epoch2
    ep(node1) = epoch1
    locked(epoch1,node1)
    locked(epoch2,node0)
    locked(epoch2,node1)
    transfer(epoch0,node0)
    transfer(epoch2,node0)
    transfer(epoch3,node1)

Found a representative state in Rmin not in reachability: decimal: 11270000921281553, binary: 00101000000010100000000110

State:
    ep(node0) = epoch2
    ep(node1) = epoch0
    locked(epoch1,node0)
    locked(epoch2,node0)
    transfer(epoch2,node1)
    transfer(epoch3,node0)

Found a representative state in Rmin not in reachability: decimal: 11270001995023377, binary: 00101000000010100000000111

State:
    ep(node0) = epoch2
    ep(node1) = epoch0
    locked(epoch1,node0)
    locked(epoch2,node0)
    transfer(epoch2,node1)
    transfer(epoch3,node0)
    transfer(epoch3,node1)

Found a representative state in Rmin not in reachability: decimal: 11274398967792657, binary: 00101000000011100000000110

State:
    ep(node0) = epoch2
    ep(node1) = epoch0
    locked(epoch1,node0)
    locked(epoch1,node1)
    locked(epoch2,node0)
    transfer(epoch2,node1)
    transfer(epoch3,node0)

Found a representative state in Rmin not in reachability: decimal: 11274400041534481, binary: 00101000000011100000000111

State:
    ep(node0) = epoch2
    ep(node1) = epoch0
    locked(epoch1,node0)
    locked(epoch1,node1)
    locked(epoch2,node0)
    transfer(epoch2,node1)
    transfer(epoch3,node0)
    transfer(epoch3,node1)

Found a representative state in Rmin not in reachability: decimal: 20281598222532625, binary: 01001000000011100000000110

State:
    ep(node0) = epoch1
    ep(node1) = epoch0
    locked(epoch1,node0)
    locked(epoch1,node1)
    locked(epoch2,node0)
    transfer(epoch2,node1)
    transfer(epoch3,node0)

Found a representative state in Rmin not in reachability: decimal: 20279399199277073, binary: 01001000000011000000000110

State:
    ep(node0) = epoch1
    ep(node1) = epoch0
    locked(epoch1,node0)
    locked(epoch1,node1)
    transfer(epoch2,node1)
    transfer(epoch3,node0)

Found a representative state in Rmin not in reachability: decimal: 20280498710904849, binary: 01001000000011010000000110

State:
    ep(node0) = epoch1
    ep(node1) = epoch0
    locked(epoch1,node0)
    locked(epoch1,node1)
    locked(epoch2,node1)
    transfer(epoch2,node1)
    transfer(epoch3,node0)

Found a representative state in Rmin not in reachability: decimal: 20276100664393745, binary: 01001000000010010000000110

State:
    ep(node0) = epoch1
    ep(node1) = epoch0
    locked(epoch1,node0)
    locked(epoch2,node1)
    transfer(epoch2,node1)
    transfer(epoch3,node0)

Found a representative state in Rmin not in reachability: decimal: 20277200176021521, binary: 01001000000010100000000110

State:
    ep(node0) = epoch1
    ep(node1) = epoch0
    locked(epoch1,node0)
    locked(epoch2,node0)
    transfer(epoch2,node1)
    transfer(epoch3,node0)

Found a representative state in Rmin not in reachability: decimal: 20275001152765969, binary: 01001000000010000000000110

State:
    ep(node0) = epoch1
    ep(node1) = epoch0
    locked(epoch1,node0)
    transfer(epoch2,node1)
    transfer(epoch3,node0)

Found a representative state in Rmin not in reachability: decimal: 20274996857798673, binary: 01001000000010000000000010

State:
    ep(node0) = epoch1
    ep(node1) = epoch0
    locked(epoch1,node0)
    transfer(epoch3,node0)

Found a representative state in Rmin not in reachability: decimal: 20277195881054225, binary: 01001000000010100000000010

State:
    ep(node0) = epoch1
    ep(node1) = epoch0
    locked(epoch1,node0)
    locked(epoch2,node0)
    transfer(epoch3,node0)

Found a representative state in Rmin not in reachability: decimal: 20277204470988817, binary: 01001000000010100000001010

State:
    ep(node0) = epoch1
    ep(node1) = epoch0
    locked(epoch1,node0)
    locked(epoch2,node0)
    transfer(epoch2,node0)
    transfer(epoch3,node0)

Found a representative state in Rmin not in reachability: decimal: 20275005447733265, binary: 01001000000010000000001010

State:
    ep(node0) = epoch1
    ep(node1) = epoch0
    locked(epoch1,node0)
    transfer(epoch2,node0)
    transfer(epoch3,node0)

Found a representative state in Rmin not in reachability: decimal: 20276104959361041, binary: 01001000000010010000001010

State:
    ep(node0) = epoch1
    ep(node1) = epoch0
    locked(epoch1,node0)
    locked(epoch2,node1)
    transfer(epoch2,node0)
    transfer(epoch3,node0)

Found a representative state in Rmin not in reachability: decimal: 20278295392714769, binary: 01001000000010110000000010

State:
    ep(node0) = epoch1
    ep(node1) = epoch0
    locked(epoch1,node0)
    locked(epoch2,node0)
    locked(epoch2,node1)
    transfer(epoch3,node0)

Found a representative state in Rmin not in reachability: decimal: 20276096369459217, binary: 01001000000010010000000010

State:
    ep(node0) = epoch1
    ep(node1) = epoch0
    locked(epoch1,node0)
    locked(epoch2,node1)
    transfer(epoch3,node0)

Found a representative state in Rmin not in reachability: decimal: 20280494415970321, binary: 01001000000011010000000010

State:
    ep(node0) = epoch1
    ep(node1) = epoch0
    locked(epoch1,node0)
    locked(epoch1,node1)
    locked(epoch2,node1)
    transfer(epoch3,node0)

Found a representative state in Rmin not in reachability: decimal: 20280503005872145, binary: 01001000000011010000001010

State:
    ep(node0) = epoch1
    ep(node1) = epoch0
    locked(epoch1,node0)
    locked(epoch1,node1)
    locked(epoch2,node1)
    transfer(epoch2,node0)
    transfer(epoch3,node0)

Found a representative state in Rmin not in reachability: decimal: 20282693439225873, binary: 01001000000011110000000010

State:
    ep(node0) = epoch1
    ep(node1) = epoch0
    locked(epoch1,node0)
    locked(epoch1,node1)
    locked(epoch2,node0)
    locked(epoch2,node1)
    transfer(epoch3,node0)

Found a representative state in Rmin not in reachability: decimal: 20281602517499921, binary: 01001000000011100000001010

State:
    ep(node0) = epoch1
    ep(node1) = epoch0
    locked(epoch1,node0)
    locked(epoch1,node1)
    locked(epoch2,node0)
    transfer(epoch2,node0)
    transfer(epoch3,node0)

Found a representative state in Rmin not in reachability: decimal: 20281593927565329, binary: 01001000000011100000000010

State:
    ep(node0) = epoch1
    ep(node1) = epoch0
    locked(epoch1,node0)
    locked(epoch1,node1)
    locked(epoch2,node0)
    transfer(epoch3,node0)

Found a representative state in Rmin not in reachability: decimal: 20279394904309777, binary: 01001000000011000000000010

State:
    ep(node0) = epoch1
    ep(node1) = epoch0
    locked(epoch1,node0)
    locked(epoch1,node1)
    transfer(epoch3,node0)

Found a representative state in Rmin not in reachability: decimal: 20279403494244369, binary: 01001000000011000000001010

State:
    ep(node0) = epoch1
    ep(node1) = epoch0
    locked(epoch1,node0)
    locked(epoch1,node1)
    transfer(epoch2,node0)
    transfer(epoch3,node0)

Found a representative state in Rmin not in reachability: decimal: 11415133234955281, binary: 00101000100011100000000011

State:
    ep(node0) = epoch2
    ep(node1) = epoch0
    held(node0)
    locked(epoch1,node0)
    locked(epoch1,node1)
    locked(epoch2,node0)
    transfer(epoch3,node0)
    transfer(epoch3,node1)

Found a representative state in Rmin not in reachability: decimal: 11415132161213457, binary: 00101000100011100000000010

State:
    ep(node0) = epoch2
    ep(node1) = epoch0
    held(node0)
    locked(epoch1,node0)
    locked(epoch1,node1)
    locked(epoch2,node0)
    transfer(epoch3,node0)

Found a representative state in Rmin not in reachability: decimal: 11274394672858129, binary: 00101000000011100000000010

State:
    ep(node0) = epoch2
    ep(node1) = epoch0
    locked(epoch1,node0)
    locked(epoch1,node1)
    locked(epoch2,node0)
    transfer(epoch3,node0)

Found a representative state in Rmin not in reachability: decimal: 11274403262759953, binary: 00101000000011100000001010

State:
    ep(node0) = epoch2
    ep(node1) = epoch0
    locked(epoch1,node0)
    locked(epoch1,node1)
    locked(epoch2,node0)
    transfer(epoch2,node0)
    transfer(epoch3,node0)

Found a representative state in Rmin not in reachability: decimal: 11274395746567185, binary: 00101000000011100000000011

State:
    ep(node0) = epoch2
    ep(node1) = epoch0
    locked(epoch1,node0)
    locked(epoch1,node1)
    locked(epoch2,node0)
    transfer(epoch3,node0)
    transfer(epoch3,node1)

Found a representative state in Rmin not in reachability: decimal: 11275495258227729, binary: 00101000000011110000000011

State:
    ep(node0) = epoch2
    ep(node1) = epoch0
    locked(epoch1,node0)
    locked(epoch1,node1)
    locked(epoch2,node0)
    locked(epoch2,node1)
    transfer(epoch3,node0)
    transfer(epoch3,node1)

Found a representative state in Rmin not in reachability: decimal: 11275494184485905, binary: 00101000000011110000000010

State:
    ep(node0) = epoch2
    ep(node1) = epoch0
    locked(epoch1,node0)
    locked(epoch1,node1)
    locked(epoch2,node0)
    locked(epoch2,node1)
    transfer(epoch3,node0)

Found a representative state in Rmin not in reachability: decimal: 11416231672841233, binary: 00101000100011110000000010

State:
    ep(node0) = epoch2
    ep(node1) = epoch0
    held(node0)
    locked(epoch1,node0)
    locked(epoch1,node1)
    locked(epoch2,node0)
    locked(epoch2,node1)
    transfer(epoch3,node0)

Found a representative state in Rmin not in reachability: decimal: 11416232746583057, binary: 00101000100011110000000011

State:
    ep(node0) = epoch2
    ep(node1) = epoch0
    held(node0)
    locked(epoch1,node0)
    locked(epoch1,node1)
    locked(epoch2,node0)
    locked(epoch2,node1)
    transfer(epoch3,node0)
    transfer(epoch3,node1)

Found a representative state in Rmin not in reachability: decimal: 11268898188461073, binary: 00101000000010010000000011

State:
    ep(node0) = epoch2
    ep(node1) = epoch0
    locked(epoch1,node0)
    locked(epoch2,node1)
    transfer(epoch3,node0)
    transfer(epoch3,node1)

Found a representative state in Rmin not in reachability: decimal: 11268897114719249, binary: 00101000000010010000000010

State:
    ep(node0) = epoch2
    ep(node1) = epoch0
    locked(epoch1,node0)
    locked(epoch2,node1)
    transfer(epoch3,node0)

Found a representative state in Rmin not in reachability: decimal: 11409635676816401, binary: 00101000100010010000000011

State:
    ep(node0) = epoch2
    ep(node1) = epoch0
    held(node0)
    locked(epoch1,node0)
    locked(epoch2,node1)
    transfer(epoch3,node0)
    transfer(epoch3,node1)

Found a representative state in Rmin not in reachability: decimal: 11409634603074577, binary: 00101000100010010000000010

State:
    ep(node0) = epoch2
    ep(node1) = epoch0
    held(node0)
    locked(epoch1,node0)
    locked(epoch2,node1)
    transfer(epoch3,node0)

Found a representative state in Rmin not in reachability: decimal: 11411833626330129, binary: 00101000100010110000000010

State:
    ep(node0) = epoch2
    ep(node1) = epoch0
    held(node0)
    locked(epoch1,node0)
    locked(epoch2,node0)
    locked(epoch2,node1)
    transfer(epoch3,node0)

Found a representative state in Rmin not in reachability: decimal: 11411834700071953, binary: 00101000100010110000000011

State:
    ep(node0) = epoch2
    ep(node1) = epoch0
    held(node0)
    locked(epoch1,node0)
    locked(epoch2,node0)
    locked(epoch2,node1)
    transfer(epoch3,node0)
    transfer(epoch3,node1)

Found a representative state in Rmin not in reachability: decimal: 11271096137974801, binary: 00101000000010110000000010

State:
    ep(node0) = epoch2
    ep(node1) = epoch0
    locked(epoch1,node0)
    locked(epoch2,node0)
    locked(epoch2,node1)
    transfer(epoch3,node0)

Found a representative state in Rmin not in reachability: decimal: 11271097211716625, binary: 00101000000010110000000011

State:
    ep(node0) = epoch2
    ep(node1) = epoch0
    locked(epoch1,node0)
    locked(epoch2,node0)
    locked(epoch2,node1)
    transfer(epoch3,node0)
    transfer(epoch3,node1)

Found a representative state in Rmin not in reachability: decimal: 11269997700088849, binary: 00101000000010100000000011

State:
    ep(node0) = epoch2
    ep(node1) = epoch0
    locked(epoch1,node0)
    locked(epoch2,node0)
    transfer(epoch3,node0)
    transfer(epoch3,node1)

Found a representative state in Rmin not in reachability: decimal: 11270005216248849, binary: 00101000000010100000001010

State:
    ep(node0) = epoch2
    ep(node1) = epoch0
    locked(epoch1,node0)
    locked(epoch2,node0)
    transfer(epoch2,node0)
    transfer(epoch3,node0)

Found a representative state in Rmin not in reachability: decimal: 11269996626314257, binary: 00101000000010100000000010

State:
    ep(node0) = epoch2
    ep(node1) = epoch0
    locked(epoch1,node0)
    locked(epoch2,node0)
    transfer(epoch3,node0)

Found a representative state in Rmin not in reachability: decimal: 11410734114669585, binary: 00101000100010100000000010

State:
    ep(node0) = epoch2
    ep(node1) = epoch0
    held(node0)
    locked(epoch1,node0)
    locked(epoch2,node0)
    transfer(epoch3,node0)

Found a representative state in Rmin not in reachability: decimal: 11410735188411409, binary: 00101000100010100000000011

State:
    ep(node0) = epoch2
    ep(node1) = epoch0
    held(node0)
    locked(epoch1,node0)
    locked(epoch2,node0)
    transfer(epoch3,node0)
    transfer(epoch3,node1)

Found a representative state in Rmin not in reachability: decimal: 11408536165188625, binary: 00101000100010000000000011

State:
    ep(node0) = epoch2
    ep(node1) = epoch0
    held(node0)
    locked(epoch1,node0)
    transfer(epoch3,node0)
    transfer(epoch3,node1)

Found a representative state in Rmin not in reachability: decimal: 11408535091446801, binary: 00101000100010000000000010

State:
    ep(node0) = epoch2
    ep(node1) = epoch0
    held(node0)
    locked(epoch1,node0)
    transfer(epoch3,node0)

Found a representative state in Rmin not in reachability: decimal: 11267797603091473, binary: 00101000000010000000000010

State:
    ep(node0) = epoch2
    ep(node1) = epoch0
    locked(epoch1,node0)
    transfer(epoch3,node0)

Found a representative state in Rmin not in reachability: decimal: 11267798676833297, binary: 00101000000010000000000011

State:
    ep(node0) = epoch2
    ep(node1) = epoch0
    locked(epoch1,node0)
    transfer(epoch3,node0)
    transfer(epoch3,node1)

Found a representative state in Rmin not in reachability: decimal: 11274397894050833, binary: 00101000000011100000000101

State:
    ep(node0) = epoch2
    ep(node1) = epoch0
    locked(epoch1,node0)
    locked(epoch1,node1)
    locked(epoch2,node0)
    transfer(epoch2,node1)
    transfer(epoch3,node1)

Found a representative state in Rmin not in reachability: decimal: 5214987165928465, binary: 00010010100001110000000011

State:
    ep(node0) = epoch3
    ep(node1) = epoch2
    held(node0)
    locked(epoch1,node1)
    locked(epoch2,node0)
    locked(epoch2,node1)
    transfer(epoch3,node0)
    transfer(epoch3,node1)

Found a representative state in Rmin not in reachability: decimal: 5215124608551953, binary: 00010010100001110010000011

State:
    ep(node0) = epoch3
    ep(node1) = epoch2
    held(node0)
    locked(epoch1,node1)
    locked(epoch2,node0)
    locked(epoch2,node1)
    transfer(epoch0,node0)
    transfer(epoch3,node0)
    transfer(epoch3,node1)

Found a representative state in Rmin not in reachability: decimal: 5215055889075217, binary: 00010010100001110001000011

State:
    ep(node0) = epoch3
    ep(node1) = epoch2
    held(node0)
    locked(epoch1,node1)
    locked(epoch2,node0)
    locked(epoch2,node1)
    transfer(epoch0,node1)
    transfer(epoch3,node0)
    transfer(epoch3,node1)

Found a representative state in Rmin not in reachability: decimal: 5215193328028689, binary: 00010010100001110011000011

State:
    ep(node0) = epoch3
    ep(node1) = epoch2
    held(node0)
    locked(epoch1,node1)
    locked(epoch2,node0)
    locked(epoch2,node1)
    transfer(epoch0,node0)
    transfer(epoch0,node1)
    transfer(epoch3,node0)
    transfer(epoch3,node1)

Found a representative state in Rmin not in reachability: decimal: 5215191180545041, binary: 00010010100001110011000001

State:
    ep(node0) = epoch3
    ep(node1) = epoch2
    held(node0)
    locked(epoch1,node1)
    locked(epoch2,node0)
    locked(epoch2,node1)
    transfer(epoch0,node0)
    transfer(epoch0,node1)
    transfer(epoch3,node1)

Found a representative state in Rmin not in reachability: decimal: 5215053741591569, binary: 00010010100001110001000001

State:
    ep(node0) = epoch3
    ep(node1) = epoch2
    held(node0)
    locked(epoch1,node1)
    locked(epoch2,node0)
    locked(epoch2,node1)
    transfer(epoch0,node1)
    transfer(epoch3,node1)

Found a representative state in Rmin not in reachability: decimal: 5215122461068305, binary: 00010010100001110010000001

State:
    ep(node0) = epoch3
    ep(node1) = epoch2
    held(node0)
    locked(epoch1,node1)
    locked(epoch2,node0)
    locked(epoch2,node1)
    transfer(epoch0,node0)
    transfer(epoch3,node1)

Found a representative state in Rmin not in reachability: decimal: 5214985022114833, binary: 00010010100001110000000001

State:
    ep(node0) = epoch3
    ep(node1) = epoch2
    held(node0)
    locked(epoch1,node1)
    locked(epoch2,node0)
    locked(epoch2,node1)
    transfer(epoch3,node1)

Found a representative state in Rmin not in reachability: decimal: 5215534777928721, binary: 00010010100001111000000001

State:
    ep(node0) = epoch3
    ep(node1) = epoch2
    held(node0)
    locked(epoch1,node1)
    locked(epoch2,node0)
    locked(epoch2,node1)
    locked(epoch3,node0)
    transfer(epoch3,node1)

Found a representative state in Rmin not in reachability: decimal: 5215672216882193, binary: 00010010100001111010000001

State:
    ep(node0) = epoch3
    ep(node1) = epoch2
    held(node0)
    locked(epoch1,node1)
    locked(epoch2,node0)
    locked(epoch2,node1)
    locked(epoch3,node0)
    transfer(epoch0,node0)
    transfer(epoch3,node1)

Found a representative state in Rmin not in reachability: decimal: 5215740936358929, binary: 00010010100001111011000001

State:
    ep(node0) = epoch3
    ep(node1) = epoch2
    held(node0)
    locked(epoch1,node1)
    locked(epoch2,node0)
    locked(epoch2,node1)
    locked(epoch3,node0)
    transfer(epoch0,node0)
    transfer(epoch0,node1)
    transfer(epoch3,node1)

Found a representative state in Rmin not in reachability: decimal: 5215603497405457, binary: 00010010100001111001000001

State:
    ep(node0) = epoch3
    ep(node1) = epoch2
    held(node0)
    locked(epoch1,node1)
    locked(epoch2,node0)
    locked(epoch2,node1)
    locked(epoch3,node0)
    transfer(epoch0,node1)
    transfer(epoch3,node1)

Found a representative state in Rmin not in reachability: decimal: 5215605644889105, binary: 00010010100001111001000011

State:
    ep(node0) = epoch3
    ep(node1) = epoch2
    held(node0)
    locked(epoch1,node1)
    locked(epoch2,node0)
    locked(epoch2,node1)
    locked(epoch3,node0)
    transfer(epoch0,node1)
    transfer(epoch3,node0)
    transfer(epoch3,node1)

Found a representative state in Rmin not in reachability: decimal: 5215743083842577, binary: 00010010100001111011000011

State:
    ep(node0) = epoch3
    ep(node1) = epoch2
    held(node0)
    locked(epoch1,node1)
    locked(epoch2,node0)
    locked(epoch2,node1)
    locked(epoch3,node0)
    transfer(epoch0,node0)
    transfer(epoch0,node1)
    transfer(epoch3,node0)
    transfer(epoch3,node1)

Found a representative state in Rmin not in reachability: decimal: 5215674364365841, binary: 00010010100001111010000011

State:
    ep(node0) = epoch3
    ep(node1) = epoch2
    held(node0)
    locked(epoch1,node1)
    locked(epoch2,node0)
    locked(epoch2,node1)
    locked(epoch3,node0)
    transfer(epoch0,node0)
    transfer(epoch3,node0)
    transfer(epoch3,node1)

Found a representative state in Rmin not in reachability: decimal: 5215536925412369, binary: 00010010100001111000000011

State:
    ep(node0) = epoch3
    ep(node1) = epoch2
    held(node0)
    locked(epoch1,node1)
    locked(epoch2,node0)
    locked(epoch2,node1)
    locked(epoch3,node0)
    transfer(epoch3,node0)
    transfer(epoch3,node1)

Found a representative state in Rmin not in reachability: decimal: 5214437413784593, binary: 00010010100001101000000011

State:
    ep(node0) = epoch3
    ep(node1) = epoch2
    held(node0)
    locked(epoch1,node1)
    locked(epoch2,node0)
    locked(epoch3,node0)
    transfer(epoch3,node0)
    transfer(epoch3,node1)

Found a representative state in Rmin not in reachability: decimal: 5214574852738065, binary: 00010010100001101010000011

State:
    ep(node0) = epoch3
    ep(node1) = epoch2
    held(node0)
    locked(epoch1,node1)
    locked(epoch2,node0)
    locked(epoch3,node0)
    transfer(epoch0,node0)
    transfer(epoch3,node0)
    transfer(epoch3,node1)

Found a representative state in Rmin not in reachability: decimal: 5214643572214801, binary: 00010010100001101011000011

State:
    ep(node0) = epoch3
    ep(node1) = epoch2
    held(node0)
    locked(epoch1,node1)
    locked(epoch2,node0)
    locked(epoch3,node0)
    transfer(epoch0,node0)
    transfer(epoch0,node1)
    transfer(epoch3,node0)
    transfer(epoch3,node1)

Found a representative state in Rmin not in reachability: decimal: 5214506133261329, binary: 00010010100001101001000011

State:
    ep(node0) = epoch3
    ep(node1) = epoch2
    held(node0)
    locked(epoch1,node1)
    locked(epoch2,node0)
    locked(epoch3,node0)
    transfer(epoch0,node1)
    transfer(epoch3,node0)
    transfer(epoch3,node1)

Found a representative state in Rmin not in reachability: decimal: 5214503985777681, binary: 00010010100001101001000001

State:
    ep(node0) = epoch3
    ep(node1) = epoch2
    held(node0)
    locked(epoch1,node1)
    locked(epoch2,node0)
    locked(epoch3,node0)
    transfer(epoch0,node1)
    transfer(epoch3,node1)

Found a representative state in Rmin not in reachability: decimal: 5214641424731153, binary: 00010010100001101011000001

State:
    ep(node0) = epoch3
    ep(node1) = epoch2
    held(node0)
    locked(epoch1,node1)
    locked(epoch2,node0)
    locked(epoch3,node0)
    transfer(epoch0,node0)
    transfer(epoch0,node1)
    transfer(epoch3,node1)

Found a representative state in Rmin not in reachability: decimal: 5214572705254417, binary: 00010010100001101010000001

State:
    ep(node0) = epoch3
    ep(node1) = epoch2
    held(node0)
    locked(epoch1,node1)
    locked(epoch2,node0)
    locked(epoch3,node0)
    transfer(epoch0,node0)
    transfer(epoch3,node1)

Found a representative state in Rmin not in reachability: decimal: 5214435266300945, binary: 00010010100001101000000001

State:
    ep(node0) = epoch3
    ep(node1) = epoch2
    held(node0)
    locked(epoch1,node1)
    locked(epoch2,node0)
    locked(epoch3,node0)
    transfer(epoch3,node1)

Found a representative state in Rmin not in reachability: decimal: 5213885510487057, binary: 00010010100001100000000001

State:
    ep(node0) = epoch3
    ep(node1) = epoch2
    held(node0)
    locked(epoch1,node1)
    locked(epoch2,node0)
    transfer(epoch3,node1)

Found a representative state in Rmin not in reachability: decimal: 5214022949440529, binary: 00010010100001100010000001

State:
    ep(node0) = epoch3
    ep(node1) = epoch2
    held(node0)
    locked(epoch1,node1)
    locked(epoch2,node0)
    transfer(epoch0,node0)
    transfer(epoch3,node1)

Found a representative state in Rmin not in reachability: decimal: 5214091668917265, binary: 00010010100001100011000001

State:
    ep(node0) = epoch3
    ep(node1) = epoch2
    held(node0)
    locked(epoch1,node1)
    locked(epoch2,node0)
    transfer(epoch0,node0)
    transfer(epoch0,node1)
    transfer(epoch3,node1)

Found a representative state in Rmin not in reachability: decimal: 5213954229963793, binary: 00010010100001100001000001

State:
    ep(node0) = epoch3
    ep(node1) = epoch2
    held(node0)
    locked(epoch1,node1)
    locked(epoch2,node0)
    transfer(epoch0,node1)
    transfer(epoch3,node1)

Found a representative state in Rmin not in reachability: decimal: 5213956377447441, binary: 00010010100001100001000011

State:
    ep(node0) = epoch3
    ep(node1) = epoch2
    held(node0)
    locked(epoch1,node1)
    locked(epoch2,node0)
    transfer(epoch0,node1)
    transfer(epoch3,node0)
    transfer(epoch3,node1)

Found a representative state in Rmin not in reachability: decimal: 5214093816400913, binary: 00010010100001100011000011

State:
    ep(node0) = epoch3
    ep(node1) = epoch2
    held(node0)
    locked(epoch1,node1)
    locked(epoch2,node0)
    transfer(epoch0,node0)
    transfer(epoch0,node1)
    transfer(epoch3,node0)
    transfer(epoch3,node1)

Found a representative state in Rmin not in reachability: decimal: 5213887657970705, binary: 00010010100001100000000011

State:
    ep(node0) = epoch3
    ep(node1) = epoch2
    held(node0)
    locked(epoch1,node1)
    locked(epoch2,node0)
    transfer(epoch3,node0)
    transfer(epoch3,node1)

Found a representative state in Rmin not in reachability: decimal: 5214025096924177, binary: 00010010100001100010000011

State:
    ep(node0) = epoch3
    ep(node1) = epoch2
    held(node0)
    locked(epoch1,node1)
    locked(epoch2,node0)
    transfer(epoch0,node0)
    transfer(epoch3,node0)
    transfer(epoch3,node1)

Found a representative state in Rmin not in reachability: decimal: 5211688634715153, binary: 00010010100001000000000011

State:
    ep(node0) = epoch3
    ep(node1) = epoch2
    held(node0)
    locked(epoch1,node1)
    transfer(epoch3,node0)
    transfer(epoch3,node1)

Found a representative state in Rmin not in reachability: decimal: 5211826073668625, binary: 00010010100001000010000011

State:
    ep(node0) = epoch3
    ep(node1) = epoch2
    held(node0)
    locked(epoch1,node1)
    transfer(epoch0,node0)
    transfer(epoch3,node0)
    transfer(epoch3,node1)

Found a representative state in Rmin not in reachability: decimal: 5211757354191889, binary: 00010010100001000001000011

State:
    ep(node0) = epoch3
    ep(node1) = epoch2
    held(node0)
    locked(epoch1,node1)
    transfer(epoch0,node1)
    transfer(epoch3,node0)
    transfer(epoch3,node1)

Found a representative state in Rmin not in reachability: decimal: 5211894793145361, binary: 00010010100001000011000011

State:
    ep(node0) = epoch3
    ep(node1) = epoch2
    held(node0)
    locked(epoch1,node1)
    transfer(epoch0,node0)
    transfer(epoch0,node1)
    transfer(epoch3,node0)
    transfer(epoch3,node1)

Found a representative state in Rmin not in reachability: decimal: 5211755206708241, binary: 00010010100001000001000001

State:
    ep(node0) = epoch3
    ep(node1) = epoch2
    held(node0)
    locked(epoch1,node1)
    transfer(epoch0,node1)
    transfer(epoch3,node1)

Found a representative state in Rmin not in reachability: decimal: 5211892645661713, binary: 00010010100001000011000001

State:
    ep(node0) = epoch3
    ep(node1) = epoch2
    held(node0)
    locked(epoch1,node1)
    transfer(epoch0,node0)
    transfer(epoch0,node1)
    transfer(epoch3,node1)

Found a representative state in Rmin not in reachability: decimal: 5211823926184977, binary: 00010010100001000010000001

State:
    ep(node0) = epoch3
    ep(node1) = epoch2
    held(node0)
    locked(epoch1,node1)
    transfer(epoch0,node0)
    transfer(epoch3,node1)

Found a representative state in Rmin not in reachability: decimal: 5212236243045393, binary: 00010010100001001000000001

State:
    ep(node0) = epoch3
    ep(node1) = epoch2
    held(node0)
    locked(epoch1,node1)
    locked(epoch3,node0)
    transfer(epoch3,node1)

Found a representative state in Rmin not in reachability: decimal: 5212373681998865, binary: 00010010100001001010000001

State:
    ep(node0) = epoch3
    ep(node1) = epoch2
    held(node0)
    locked(epoch1,node1)
    locked(epoch3,node0)
    transfer(epoch0,node0)
    transfer(epoch3,node1)

Found a representative state in Rmin not in reachability: decimal: 5212442401475601, binary: 00010010100001001011000001

State:
    ep(node0) = epoch3
    ep(node1) = epoch2
    held(node0)
    locked(epoch1,node1)
    locked(epoch3,node0)
    transfer(epoch0,node0)
    transfer(epoch0,node1)
    transfer(epoch3,node1)

Found a representative state in Rmin not in reachability: decimal: 5212304962522129, binary: 00010010100001001001000001

State:
    ep(node0) = epoch3
    ep(node1) = epoch2
    held(node0)
    locked(epoch1,node1)
    locked(epoch3,node0)
    transfer(epoch0,node1)
    transfer(epoch3,node1)

Found a representative state in Rmin not in reachability: decimal: 5212307110005777, binary: 00010010100001001001000011

State:
    ep(node0) = epoch3
    ep(node1) = epoch2
    held(node0)
    locked(epoch1,node1)
    locked(epoch3,node0)
    transfer(epoch0,node1)
    transfer(epoch3,node0)
    transfer(epoch3,node1)

Found a representative state in Rmin not in reachability: decimal: 5212444548959249, binary: 00010010100001001011000011

State:
    ep(node0) = epoch3
    ep(node1) = epoch2
    held(node0)
    locked(epoch1,node1)
    locked(epoch3,node0)
    transfer(epoch0,node0)
    transfer(epoch0,node1)
    transfer(epoch3,node0)
    transfer(epoch3,node1)

Found a representative state in Rmin not in reachability: decimal: 5212238390529041, binary: 00010010100001001000000011

State:
    ep(node0) = epoch3
    ep(node1) = epoch2
    held(node0)
    locked(epoch1,node1)
    locked(epoch3,node0)
    transfer(epoch3,node0)
    transfer(epoch3,node1)

Found a representative state in Rmin not in reachability: decimal: 5212375829482513, binary: 00010010100001001010000011

State:
    ep(node0) = epoch3
    ep(node1) = epoch2
    held(node0)
    locked(epoch1,node1)
    locked(epoch3,node0)
    transfer(epoch0,node0)
    transfer(epoch3,node0)
    transfer(epoch3,node1)

Found a representative state in Rmin not in reachability: decimal: 5213475341110289, binary: 00010010100001011010000011

State:
    ep(node0) = epoch3
    ep(node1) = epoch2
    held(node0)
    locked(epoch1,node1)
    locked(epoch2,node1)
    locked(epoch3,node0)
    transfer(epoch0,node0)
    transfer(epoch3,node0)
    transfer(epoch3,node1)

Found a representative state in Rmin not in reachability: decimal: 5213337902156817, binary: 00010010100001011000000011

State:
    ep(node0) = epoch3
    ep(node1) = epoch2
    held(node0)
    locked(epoch1,node1)
    locked(epoch2,node1)
    locked(epoch3,node0)
    transfer(epoch3,node0)
    transfer(epoch3,node1)

Found a representative state in Rmin not in reachability: decimal: 5213406621633553, binary: 00010010100001011001000011

State:
    ep(node0) = epoch3
    ep(node1) = epoch2
    held(node0)
    locked(epoch1,node1)
    locked(epoch2,node1)
    locked(epoch3,node0)
    transfer(epoch0,node1)
    transfer(epoch3,node0)
    transfer(epoch3,node1)

Found a representative state in Rmin not in reachability: decimal: 5213544060587025, binary: 00010010100001011011000011

State:
    ep(node0) = epoch3
    ep(node1) = epoch2
    held(node0)
    locked(epoch1,node1)
    locked(epoch2,node1)
    locked(epoch3,node0)
    transfer(epoch0,node0)
    transfer(epoch0,node1)
    transfer(epoch3,node0)
    transfer(epoch3,node1)

Found a representative state in Rmin not in reachability: decimal: 5213404474149905, binary: 00010010100001011001000001

State:
    ep(node0) = epoch3
    ep(node1) = epoch2
    held(node0)
    locked(epoch1,node1)
    locked(epoch2,node1)
    locked(epoch3,node0)
    transfer(epoch0,node1)
    transfer(epoch3,node1)

Found a representative state in Rmin not in reachability: decimal: 5213541913103377, binary: 00010010100001011011000001

State:
    ep(node0) = epoch3
    ep(node1) = epoch2
    held(node0)
    locked(epoch1,node1)
    locked(epoch2,node1)
    locked(epoch3,node0)
    transfer(epoch0,node0)
    transfer(epoch0,node1)
    transfer(epoch3,node1)

Found a representative state in Rmin not in reachability: decimal: 5213335754673169, binary: 00010010100001011000000001

State:
    ep(node0) = epoch3
    ep(node1) = epoch2
    held(node0)
    locked(epoch1,node1)
    locked(epoch2,node1)
    locked(epoch3,node0)
    transfer(epoch3,node1)

Found a representative state in Rmin not in reachability: decimal: 5213473193626641, binary: 00010010100001011010000001

State:
    ep(node0) = epoch3
    ep(node1) = epoch2
    held(node0)
    locked(epoch1,node1)
    locked(epoch2,node1)
    locked(epoch3,node0)
    transfer(epoch0,node0)
    transfer(epoch3,node1)

Found a representative state in Rmin not in reachability: decimal: 5212923437812753, binary: 00010010100001010010000001

State:
    ep(node0) = epoch3
    ep(node1) = epoch2
    held(node0)
    locked(epoch1,node1)
    locked(epoch2,node1)
    transfer(epoch0,node0)
    transfer(epoch3,node1)

Found a representative state in Rmin not in reachability: decimal: 5212785998859281, binary: 00010010100001010000000001

State:
    ep(node0) = epoch3
    ep(node1) = epoch2
    held(node0)
    locked(epoch1,node1)
    locked(epoch2,node1)
    transfer(epoch3,node1)

Found a representative state in Rmin not in reachability: decimal: 5212854718336017, binary: 00010010100001010001000001

State:
    ep(node0) = epoch3
    ep(node1) = epoch2
    held(node0)
    locked(epoch1,node1)
    locked(epoch2,node1)
    transfer(epoch0,node1)
    transfer(epoch3,node1)

Found a representative state in Rmin not in reachability: decimal: 5212992157289489, binary: 00010010100001010011000001

State:
    ep(node0) = epoch3
    ep(node1) = epoch2
    held(node0)
    locked(epoch1,node1)
    locked(epoch2,node1)
    transfer(epoch0,node0)
    transfer(epoch0,node1)
    transfer(epoch3,node1)

Found a representative state in Rmin not in reachability: decimal: 5212856865819665, binary: 00010010100001010001000011

State:
    ep(node0) = epoch3
    ep(node1) = epoch2
    held(node0)
    locked(epoch1,node1)
    locked(epoch2,node1)
    transfer(epoch0,node1)
    transfer(epoch3,node0)
    transfer(epoch3,node1)

Found a representative state in Rmin not in reachability: decimal: 5212994304773137, binary: 00010010100001010011000011

State:
    ep(node0) = epoch3
    ep(node1) = epoch2
    held(node0)
    locked(epoch1,node1)
    locked(epoch2,node1)
    transfer(epoch0,node0)
    transfer(epoch0,node1)
    transfer(epoch3,node0)
    transfer(epoch3,node1)

Found a representative state in Rmin not in reachability: decimal: 5212788146342929, binary: 00010010100001010000000011

State:
    ep(node0) = epoch3
    ep(node1) = epoch2
    held(node0)
    locked(epoch1,node1)
    locked(epoch2,node1)
    transfer(epoch3,node0)
    transfer(epoch3,node1)

Found a representative state in Rmin not in reachability: decimal: 5212925585296401, binary: 00010010100001010010000011

State:
    ep(node0) = epoch3
    ep(node1) = epoch2
    held(node0)
    locked(epoch1,node1)
    locked(epoch2,node1)
    transfer(epoch0,node0)
    transfer(epoch3,node0)
    transfer(epoch3,node1)

Found a representative state in Rmin not in reachability: decimal: 10144165438980113, binary: 00100100000010100001000010

State:
    ep(node0) = epoch2
    ep(node1) = epoch1
    locked(epoch1,node0)
    locked(epoch2,node0)
    transfer(epoch0,node1)
    transfer(epoch3,node0)

Found a representative state in Rmin not in reachability: decimal: 10144096719503377, binary: 00100100000010100000000010

State:
    ep(node0) = epoch2
    ep(node1) = epoch1
    locked(epoch1,node0)
    locked(epoch2,node0)
    transfer(epoch3,node0)

Found a representative state in Rmin not in reachability: decimal: 10144234158456849, binary: 00100100000010100010000010

State:
    ep(node0) = epoch2
    ep(node1) = epoch1
    locked(epoch1,node0)
    locked(epoch2,node0)
    transfer(epoch0,node0)
    transfer(epoch3,node0)

Found a representative state in Rmin not in reachability: decimal: 10144242748391441, binary: 00100100000010100010001010

State:
    ep(node0) = epoch2
    ep(node1) = epoch1
    locked(epoch1,node0)
    locked(epoch2,node0)
    transfer(epoch0,node0)
    transfer(epoch2,node0)
    transfer(epoch3,node0)

Found a representative state in Rmin not in reachability: decimal: 10144174028914705, binary: 00100100000010100001001010

State:
    ep(node0) = epoch2
    ep(node1) = epoch1
    locked(epoch1,node0)
    locked(epoch2,node0)
    transfer(epoch0,node1)
    transfer(epoch2,node0)
    transfer(epoch3,node0)

Found a representative state in Rmin not in reachability: decimal: 10144105309437969, binary: 00100100000010100000001010

State:
    ep(node0) = epoch2
    ep(node1) = epoch1
    locked(epoch1,node0)
    locked(epoch2,node0)
    transfer(epoch2,node0)
    transfer(epoch3,node0)

Found a representative state in Rmin not in reachability: decimal: 10141906286182417, binary: 00100100000010000000001010

State:
    ep(node0) = epoch2
    ep(node1) = epoch1
    locked(epoch1,node0)
    transfer(epoch2,node0)
    transfer(epoch3,node0)

Found a representative state in Rmin not in reachability: decimal: 10141975005659153, binary: 00100100000010000001001010

State:
    ep(node0) = epoch2
    ep(node1) = epoch1
    locked(epoch1,node0)
    transfer(epoch0,node1)
    transfer(epoch2,node0)
    transfer(epoch3,node0)

Found a representative state in Rmin not in reachability: decimal: 10142043725135889, binary: 00100100000010000010001010

State:
    ep(node0) = epoch2
    ep(node1) = epoch1
    locked(epoch1,node0)
    transfer(epoch0,node0)
    transfer(epoch2,node0)
    transfer(epoch3,node0)

Found a representative state in Rmin not in reachability: decimal: 10142035135201297, binary: 00100100000010000010000010

State:
    ep(node0) = epoch2
    ep(node1) = epoch1
    locked(epoch1,node0)
    transfer(epoch0,node0)
    transfer(epoch3,node0)

Found a representative state in Rmin not in reachability: decimal: 10141966415724561, binary: 00100100000010000001000010

State:
    ep(node0) = epoch2
    ep(node1) = epoch1
    locked(epoch1,node0)
    transfer(epoch0,node1)
    transfer(epoch3,node0)

Found a representative state in Rmin not in reachability: decimal: 10141897696247825, binary: 00100100000010000000000010

State:
    ep(node0) = epoch2
    ep(node1) = epoch1
    locked(epoch1,node0)
    transfer(epoch3,node0)

Found a representative state in Rmin not in reachability: decimal: 10143065927352337, binary: 00100100000010010001000010

State:
    ep(node0) = epoch2
    ep(node1) = epoch1
    locked(epoch1,node0)
    locked(epoch2,node1)
    transfer(epoch0,node1)
    transfer(epoch3,node0)

Found a representative state in Rmin not in reachability: decimal: 5211687548390417, binary: 00010010100001000000000010

State:
    ep(node0) = epoch3
    ep(node1) = epoch2
    held(node0)
    locked(epoch1,node1)
    transfer(epoch3,node0)

Found a representative state in Rmin not in reachability: decimal: 10142997207875601, binary: 00100100000010010000000010

State:
    ep(node0) = epoch2
    ep(node1) = epoch1
    locked(epoch1,node0)
    locked(epoch2,node1)
    transfer(epoch3,node0)

Found a representative state in Rmin not in reachability: decimal: 10143134646829073, binary: 00100100000010010010000010

State:
    ep(node0) = epoch2
    ep(node1) = epoch1
    locked(epoch1,node0)
    locked(epoch2,node1)
    transfer(epoch0,node0)
    transfer(epoch3,node0)

Found a representative state in Rmin not in reachability: decimal: 10143143236763665, binary: 00100100000010010010001010

State:
    ep(node0) = epoch2
    ep(node1) = epoch1
    locked(epoch1,node0)
    locked(epoch2,node1)
    transfer(epoch0,node0)
    transfer(epoch2,node0)
    transfer(epoch3,node0)

Found a representative state in Rmin not in reachability: decimal: 10143074517286929, binary: 00100100000010010001001010

State:
    ep(node0) = epoch2
    ep(node1) = epoch1
    locked(epoch1,node0)
    locked(epoch2,node1)
    transfer(epoch0,node1)
    transfer(epoch2,node0)
    transfer(epoch3,node0)

Found a representative state in Rmin not in reachability: decimal: 10143005797810193, binary: 00100100000010010000001010

State:
    ep(node0) = epoch2
    ep(node1) = epoch1
    locked(epoch1,node0)
    locked(epoch2,node1)
    transfer(epoch2,node0)
    transfer(epoch3,node0)

Found a representative state in Rmin not in reachability: decimal: 10145204821065745, binary: 00100100000010110000001010

State:
    ep(node0) = epoch2
    ep(node1) = epoch1
    locked(epoch1,node0)
    locked(epoch2,node0)
    locked(epoch2,node1)
    transfer(epoch2,node0)
    transfer(epoch3,node0)

Found a representative state in Rmin not in reachability: decimal: 10145273540542481, binary: 00100100000010110001001010

State:
    ep(node0) = epoch2
    ep(node1) = epoch1
    locked(epoch1,node0)
    locked(epoch2,node0)
    locked(epoch2,node1)
    transfer(epoch0,node1)
    transfer(epoch2,node0)
    transfer(epoch3,node0)

Found a representative state in Rmin not in reachability: decimal: 10145342260019217, binary: 00100100000010110010001010

State:
    ep(node0) = epoch2
    ep(node1) = epoch1
    locked(epoch1,node0)
    locked(epoch2,node0)
    locked(epoch2,node1)
    transfer(epoch0,node0)
    transfer(epoch2,node0)
    transfer(epoch3,node0)

Found a representative state in Rmin not in reachability: decimal: 10145333670084625, binary: 00100100000010110010000010

State:
    ep(node0) = epoch2
    ep(node1) = epoch1
    locked(epoch1,node0)
    locked(epoch2,node0)
    locked(epoch2,node1)
    transfer(epoch0,node0)
    transfer(epoch3,node0)

Found a representative state in Rmin not in reachability: decimal: 10145264950607889, binary: 00100100000010110001000010

State:
    ep(node0) = epoch2
    ep(node1) = epoch1
    locked(epoch1,node0)
    locked(epoch2,node0)
    locked(epoch2,node1)
    transfer(epoch0,node1)
    transfer(epoch3,node0)

Found a representative state in Rmin not in reachability: decimal: 10145196231131153, binary: 00100100000010110000000010

State:
    ep(node0) = epoch2
    ep(node1) = epoch1
    locked(epoch1,node0)
    locked(epoch2,node0)
    locked(epoch2,node1)
    transfer(epoch3,node0)

Found a representative state in Rmin not in reachability: decimal: 10149594277642257, binary: 00100100000011110000000010

State:
    ep(node0) = epoch2
    ep(node1) = epoch1
    locked(epoch1,node0)
    locked(epoch1,node1)
    locked(epoch2,node0)
    locked(epoch2,node1)
    transfer(epoch3,node0)

Found a representative state in Rmin not in reachability: decimal: 10149662997118993, binary: 00100100000011110001000010

State:
    ep(node0) = epoch2
    ep(node1) = epoch1
    locked(epoch1,node0)
    locked(epoch1,node1)
    locked(epoch2,node0)
    locked(epoch2,node1)
    transfer(epoch0,node1)
    transfer(epoch3,node0)

Found a representative state in Rmin not in reachability: decimal: 10149731716595729, binary: 00100100000011110010000010

State:
    ep(node0) = epoch2
    ep(node1) = epoch1
    locked(epoch1,node0)
    locked(epoch1,node1)
    locked(epoch2,node0)
    locked(epoch2,node1)
    transfer(epoch0,node0)
    transfer(epoch3,node0)

Found a representative state in Rmin not in reachability: decimal: 10149740306530321, binary: 00100100000011110010001010

State:
    ep(node0) = epoch2
    ep(node1) = epoch1
    locked(epoch1,node0)
    locked(epoch1,node1)
    locked(epoch2,node0)
    locked(epoch2,node1)
    transfer(epoch0,node0)
    transfer(epoch2,node0)
    transfer(epoch3,node0)

Found a representative state in Rmin not in reachability: decimal: 10149671587053585, binary: 00100100000011110001001010

State:
    ep(node0) = epoch2
    ep(node1) = epoch1
    locked(epoch1,node0)
    locked(epoch1,node1)
    locked(epoch2,node0)
    locked(epoch2,node1)
    transfer(epoch0,node1)
    transfer(epoch2,node0)
    transfer(epoch3,node0)

Found a representative state in Rmin not in reachability: decimal: 10149602867576849, binary: 00100100000011110000001010

State:
    ep(node0) = epoch2
    ep(node1) = epoch1
    locked(epoch1,node0)
    locked(epoch1,node1)
    locked(epoch2,node0)
    locked(epoch2,node1)
    transfer(epoch2,node0)
    transfer(epoch3,node0)

Found a representative state in Rmin not in reachability: decimal: 10147403844321297, binary: 00100100000011010000001010

State:
    ep(node0) = epoch2
    ep(node1) = epoch1
    locked(epoch1,node0)
    locked(epoch1,node1)
    locked(epoch2,node1)
    transfer(epoch2,node0)
    transfer(epoch3,node0)

Found a representative state in Rmin not in reachability: decimal: 10147472563798033, binary: 00100100000011010001001010

State:
    ep(node0) = epoch2
    ep(node1) = epoch1
    locked(epoch1,node0)
    locked(epoch1,node1)
    locked(epoch2,node1)
    transfer(epoch0,node1)
    transfer(epoch2,node0)
    transfer(epoch3,node0)

Found a representative state in Rmin not in reachability: decimal: 10147541283274769, binary: 00100100000011010010001010

State:
    ep(node0) = epoch2
    ep(node1) = epoch1
    locked(epoch1,node0)
    locked(epoch1,node1)
    locked(epoch2,node1)
    transfer(epoch0,node0)
    transfer(epoch2,node0)
    transfer(epoch3,node0)

Found a representative state in Rmin not in reachability: decimal: 10147532693340177, binary: 00100100000011010010000010

State:
    ep(node0) = epoch2
    ep(node1) = epoch1
    locked(epoch1,node0)
    locked(epoch1,node1)
    locked(epoch2,node1)
    transfer(epoch0,node0)
    transfer(epoch3,node0)

Found a representative state in Rmin not in reachability: decimal: 10147463973863441, binary: 00100100000011010001000010

State:
    ep(node0) = epoch2
    ep(node1) = epoch1
    locked(epoch1,node0)
    locked(epoch1,node1)
    locked(epoch2,node1)
    transfer(epoch0,node1)
    transfer(epoch3,node0)

Found a representative state in Rmin not in reachability: decimal: 10147395254386705, binary: 00100100000011010000000010

State:
    ep(node0) = epoch2
    ep(node1) = epoch1
    locked(epoch1,node0)
    locked(epoch1,node1)
    locked(epoch2,node1)
    transfer(epoch3,node0)

Found a representative state in Rmin not in reachability: decimal: 10146295742758929, binary: 00100100000011000000000010

State:
    ep(node0) = epoch2
    ep(node1) = epoch1
    locked(epoch1,node0)
    locked(epoch1,node1)
    transfer(epoch3,node0)

Found a representative state in Rmin not in reachability: decimal: 10146364462235665, binary: 00100100000011000001000010

State:
    ep(node0) = epoch2
    ep(node1) = epoch1
    locked(epoch1,node0)
    locked(epoch1,node1)
    transfer(epoch0,node1)
    transfer(epoch3,node0)

Found a representative state in Rmin not in reachability: decimal: 10146433181712401, binary: 00100100000011000010000010

State:
    ep(node0) = epoch2
    ep(node1) = epoch1
    locked(epoch1,node0)
    locked(epoch1,node1)
    transfer(epoch0,node0)
    transfer(epoch3,node0)

Found a representative state in Rmin not in reachability: decimal: 10146441771646993, binary: 00100100000011000010001010

State:
    ep(node0) = epoch2
    ep(node1) = epoch1
    locked(epoch1,node0)
    locked(epoch1,node1)
    transfer(epoch0,node0)
    transfer(epoch2,node0)
    transfer(epoch3,node0)

Found a representative state in Rmin not in reachability: decimal: 10146373052170257, binary: 00100100000011000001001010

State:
    ep(node0) = epoch2
    ep(node1) = epoch1
    locked(epoch1,node0)
    locked(epoch1,node1)
    transfer(epoch0,node1)
    transfer(epoch2,node0)
    transfer(epoch3,node0)

Found a representative state in Rmin not in reachability: decimal: 10146304332693521, binary: 00100100000011000000001010

State:
    ep(node0) = epoch2
    ep(node1) = epoch1
    locked(epoch1,node0)
    locked(epoch1,node1)
    transfer(epoch2,node0)
    transfer(epoch3,node0)

Found a representative state in Rmin not in reachability: decimal: 10148503355949073, binary: 00100100000011100000001010

State:
    ep(node0) = epoch2
    ep(node1) = epoch1
    locked(epoch1,node0)
    locked(epoch1,node1)
    locked(epoch2,node0)
    transfer(epoch2,node0)
    transfer(epoch3,node0)

Found a representative state in Rmin not in reachability: decimal: 10148572075425809, binary: 00100100000011100001001010

State:
    ep(node0) = epoch2
    ep(node1) = epoch1
    locked(epoch1,node0)
    locked(epoch1,node1)
    locked(epoch2,node0)
    transfer(epoch0,node1)
    transfer(epoch2,node0)
    transfer(epoch3,node0)

Found a representative state in Rmin not in reachability: decimal: 10148640794902545, binary: 00100100000011100010001010

State:
    ep(node0) = epoch2
    ep(node1) = epoch1
    locked(epoch1,node0)
    locked(epoch1,node1)
    locked(epoch2,node0)
    transfer(epoch0,node0)
    transfer(epoch2,node0)
    transfer(epoch3,node0)

Found a representative state in Rmin not in reachability: decimal: 10148632204967953, binary: 00100100000011100010000010

State:
    ep(node0) = epoch2
    ep(node1) = epoch1
    locked(epoch1,node0)
    locked(epoch1,node1)
    locked(epoch2,node0)
    transfer(epoch0,node0)
    transfer(epoch3,node0)

Found a representative state in Rmin not in reachability: decimal: 10148563485491217, binary: 00100100000011100001000010

State:
    ep(node0) = epoch2
    ep(node1) = epoch1
    locked(epoch1,node0)
    locked(epoch1,node1)
    locked(epoch2,node0)
    transfer(epoch0,node1)
    transfer(epoch3,node0)

Found a representative state in Rmin not in reachability: decimal: 10148494766014481, binary: 00100100000011100000000010

State:
    ep(node0) = epoch2
    ep(node1) = epoch1
    locked(epoch1,node0)
    locked(epoch1,node1)
    locked(epoch2,node0)
    transfer(epoch3,node0)

Found a representative state in Rmin not in reachability: decimal: 20280493342228497, binary: 01001000000011010000000001

State:
    ep(node0) = epoch1
    ep(node1) = epoch0
    locked(epoch1,node0)
    locked(epoch1,node1)
    locked(epoch2,node1)
    transfer(epoch3,node1)

Found a representative state in Rmin not in reachability: decimal: 20280497637163025, binary: 01001000000011010000000101

State:
    ep(node0) = epoch1
    ep(node1) = epoch0
    locked(epoch1,node0)
    locked(epoch1,node1)
    locked(epoch2,node1)
    transfer(epoch2,node1)
    transfer(epoch3,node1)

Found a representative state in Rmin not in reachability: decimal: 20279398125535249, binary: 01001000000011000000000101

State:
    ep(node0) = epoch1
    ep(node1) = epoch0
    locked(epoch1,node0)
    locked(epoch1,node1)
    transfer(epoch2,node1)
    transfer(epoch3,node1)

Found a representative state in Rmin not in reachability: decimal: 20279393830567953, binary: 01001000000011000000000001

State:
    ep(node0) = epoch1
    ep(node1) = epoch0
    locked(epoch1,node0)
    locked(epoch1,node1)
    transfer(epoch3,node1)

Found a representative state in Rmin not in reachability: decimal: 20281592853823505, binary: 01001000000011100000000001

State:
    ep(node0) = epoch1
    ep(node1) = epoch0
    locked(epoch1,node0)
    locked(epoch1,node1)
    locked(epoch2,node0)
    transfer(epoch3,node1)

Found a representative state in Rmin not in reachability: decimal: 20281597148790801, binary: 01001000000011100000000101

State:
    ep(node0) = epoch1
    ep(node1) = epoch0
    locked(epoch1,node0)
    locked(epoch1,node1)
    locked(epoch2,node0)
    transfer(epoch2,node1)
    transfer(epoch3,node1)

Found a representative state in Rmin not in reachability: decimal: 20282692365484049, binary: 01001000000011110000000001

State:
    ep(node0) = epoch1
    ep(node1) = epoch0
    locked(epoch1,node0)
    locked(epoch1,node1)
    locked(epoch2,node0)
    locked(epoch2,node1)
    transfer(epoch3,node1)

Found a representative state in Rmin not in reachability: decimal: 10149597498867729, binary: 00100100000011110000000101

State:
    ep(node0) = epoch2
    ep(node1) = epoch1
    locked(epoch1,node0)
    locked(epoch1,node1)
    locked(epoch2,node0)
    locked(epoch2,node1)
    transfer(epoch2,node1)
    transfer(epoch3,node1)

Found a representative state in Rmin not in reachability: decimal: 10149734937821201, binary: 00100100000011110010000101

State:
    ep(node0) = epoch2
    ep(node1) = epoch1
    locked(epoch1,node0)
    locked(epoch1,node1)
    locked(epoch2,node0)
    locked(epoch2,node1)
    transfer(epoch0,node0)
    transfer(epoch2,node1)
    transfer(epoch3,node1)

Found a representative state in Rmin not in reachability: decimal: 10149666218344465, binary: 00100100000011110001000101

State:
    ep(node0) = epoch2
    ep(node1) = epoch1
    locked(epoch1,node0)
    locked(epoch1,node1)
    locked(epoch2,node0)
    locked(epoch2,node1)
    transfer(epoch0,node1)
    transfer(epoch2,node1)
    transfer(epoch3,node1)

Found a representative state in Rmin not in reachability: decimal: 10149661923377169, binary: 00100100000011110001000001

State:
    ep(node0) = epoch2
    ep(node1) = epoch1
    locked(epoch1,node0)
    locked(epoch1,node1)
    locked(epoch2,node0)
    locked(epoch2,node1)
    transfer(epoch0,node1)
    transfer(epoch3,node1)

Found a representative state in Rmin not in reachability: decimal: 10149730642853905, binary: 00100100000011110010000001

State:
    ep(node0) = epoch2
    ep(node1) = epoch1
    locked(epoch1,node0)
    locked(epoch1,node1)
    locked(epoch2,node0)
    locked(epoch2,node1)
    transfer(epoch0,node0)
    transfer(epoch3,node1)

Found a representative state in Rmin not in reachability: decimal: 10149593203900433, binary: 00100100000011110000000001

State:
    ep(node0) = epoch2
    ep(node1) = epoch1
    locked(epoch1,node0)
    locked(epoch1,node1)
    locked(epoch2,node0)
    locked(epoch2,node1)
    transfer(epoch3,node1)

Found a representative state in Rmin not in reachability: decimal: 10148493692272657, binary: 00100100000011100000000001

State:
    ep(node0) = epoch2
    ep(node1) = epoch1
    locked(epoch1,node0)
    locked(epoch1,node1)
    locked(epoch2,node0)
    transfer(epoch3,node1)

Found a representative state in Rmin not in reachability: decimal: 10148631131226129, binary: 00100100000011100010000001

State:
    ep(node0) = epoch2
    ep(node1) = epoch1
    locked(epoch1,node0)
    locked(epoch1,node1)
    locked(epoch2,node0)
    transfer(epoch0,node0)
    transfer(epoch3,node1)

Found a representative state in Rmin not in reachability: decimal: 10148562411749393, binary: 00100100000011100001000001

State:
    ep(node0) = epoch2
    ep(node1) = epoch1
    locked(epoch1,node0)
    locked(epoch1,node1)
    locked(epoch2,node0)
    transfer(epoch0,node1)
    transfer(epoch3,node1)

Found a representative state in Rmin not in reachability: decimal: 10148566706716689, binary: 00100100000011100001000101

State:
    ep(node0) = epoch2
    ep(node1) = epoch1
    locked(epoch1,node0)
    locked(epoch1,node1)
    locked(epoch2,node0)
    transfer(epoch0,node1)
    transfer(epoch2,node1)
    transfer(epoch3,node1)

Found a representative state in Rmin not in reachability: decimal: 10148635426193425, binary: 00100100000011100010000101

State:
    ep(node0) = epoch2
    ep(node1) = epoch1
    locked(epoch1,node0)
    locked(epoch1,node1)
    locked(epoch2,node0)
    transfer(epoch0,node0)
    transfer(epoch2,node1)
    transfer(epoch3,node1)

Found a representative state in Rmin not in reachability: decimal: 10148497987239953, binary: 00100100000011100000000101

State:
    ep(node0) = epoch2
    ep(node1) = epoch1
    locked(epoch1,node0)
    locked(epoch1,node1)
    locked(epoch2,node0)
    transfer(epoch2,node1)
    transfer(epoch3,node1)

Found a representative state in Rmin not in reachability: decimal: 10146298963984401, binary: 00100100000011000000000101

State:
    ep(node0) = epoch2
    ep(node1) = epoch1
    locked(epoch1,node0)
    locked(epoch1,node1)
    transfer(epoch2,node1)
    transfer(epoch3,node1)

Found a representative state in Rmin not in reachability: decimal: 10146436402937873, binary: 00100100000011000010000101

State:
    ep(node0) = epoch2
    ep(node1) = epoch1
    locked(epoch1,node0)
    locked(epoch1,node1)
    transfer(epoch0,node0)
    transfer(epoch2,node1)
    transfer(epoch3,node1)

Found a representative state in Rmin not in reachability: decimal: 10146367683461137, binary: 00100100000011000001000101

State:
    ep(node0) = epoch2
    ep(node1) = epoch1
    locked(epoch1,node0)
    locked(epoch1,node1)
    transfer(epoch0,node1)
    transfer(epoch2,node1)
    transfer(epoch3,node1)

Found a representative state in Rmin not in reachability: decimal: 10146363388493841, binary: 00100100000011000001000001

State:
    ep(node0) = epoch2
    ep(node1) = epoch1
    locked(epoch1,node0)
    locked(epoch1,node1)
    transfer(epoch0,node1)
    transfer(epoch3,node1)

Found a representative state in Rmin not in reachability: decimal: 10146432107970577, binary: 00100100000011000010000001

State:
    ep(node0) = epoch2
    ep(node1) = epoch1
    locked(epoch1,node0)
    locked(epoch1,node1)
    transfer(epoch0,node0)
    transfer(epoch3,node1)

Found a representative state in Rmin not in reachability: decimal: 10146294669017105, binary: 00100100000011000000000001

State:
    ep(node0) = epoch2
    ep(node1) = epoch1
    locked(epoch1,node0)
    locked(epoch1,node1)
    transfer(epoch3,node1)

Found a representative state in Rmin not in reachability: decimal: 10147394180644881, binary: 00100100000011010000000001

State:
    ep(node0) = epoch2
    ep(node1) = epoch1
    locked(epoch1,node0)
    locked(epoch1,node1)
    locked(epoch2,node1)
    transfer(epoch3,node1)

Found a representative state in Rmin not in reachability: decimal: 10147531619598353, binary: 00100100000011010010000001

State:
    ep(node0) = epoch2
    ep(node1) = epoch1
    locked(epoch1,node0)
    locked(epoch1,node1)
    locked(epoch2,node1)
    transfer(epoch0,node0)
    transfer(epoch3,node1)

Found a representative state in Rmin not in reachability: decimal: 10147462900121617, binary: 00100100000011010001000001

State:
    ep(node0) = epoch2
    ep(node1) = epoch1
    locked(epoch1,node0)
    locked(epoch1,node1)
    locked(epoch2,node1)
    transfer(epoch0,node1)
    transfer(epoch3,node1)

Found a representative state in Rmin not in reachability: decimal: 10147467195088913, binary: 00100100000011010001000101

State:
    ep(node0) = epoch2
    ep(node1) = epoch1
    locked(epoch1,node0)
    locked(epoch1,node1)
    locked(epoch2,node1)
    transfer(epoch0,node1)
    transfer(epoch2,node1)
    transfer(epoch3,node1)

Found a representative state in Rmin not in reachability: decimal: 10147535914565649, binary: 00100100000011010010000101

State:
    ep(node0) = epoch2
    ep(node1) = epoch1
    locked(epoch1,node0)
    locked(epoch1,node1)
    locked(epoch2,node1)
    transfer(epoch0,node0)
    transfer(epoch2,node1)
    transfer(epoch3,node1)

Found a representative state in Rmin not in reachability: decimal: 10147398475612177, binary: 00100100000011010000000101

State:
    ep(node0) = epoch2
    ep(node1) = epoch1
    locked(epoch1,node0)
    locked(epoch1,node1)
    locked(epoch2,node1)
    transfer(epoch2,node1)
    transfer(epoch3,node1)

Found a representative state in Rmin not in reachability: decimal: 10138739821543441, binary: 00100100000001010010000101

State:
    ep(node0) = epoch2
    ep(node1) = epoch1
    locked(epoch1,node1)
    locked(epoch2,node1)
    transfer(epoch0,node0)
    transfer(epoch2,node1)
    transfer(epoch3,node1)

Found a representative state in Rmin not in reachability: decimal: 10138602382589969, binary: 00100100000001010000000101

State:
    ep(node0) = epoch2
    ep(node1) = epoch1
    locked(epoch1,node1)
    locked(epoch2,node1)
    transfer(epoch2,node1)
    transfer(epoch3,node1)

Found a representative state in Rmin not in reachability: decimal: 10138671102066705, binary: 00100100000001010001000101

State:
    ep(node0) = epoch2
    ep(node1) = epoch1
    locked(epoch1,node1)
    locked(epoch2,node1)
    transfer(epoch0,node1)
    transfer(epoch2,node1)
    transfer(epoch3,node1)

Found a representative state in Rmin not in reachability: decimal: 10138666807099409, binary: 00100100000001010001000001

State:
    ep(node0) = epoch2
    ep(node1) = epoch1
    locked(epoch1,node1)
    locked(epoch2,node1)
    transfer(epoch0,node1)
    transfer(epoch3,node1)

Found a representative state in Rmin not in reachability: decimal: 10138735526576145, binary: 00100100000001010010000001

State:
    ep(node0) = epoch2
    ep(node1) = epoch1
    locked(epoch1,node1)
    locked(epoch2,node1)
    transfer(epoch0,node0)
    transfer(epoch3,node1)

Found a representative state in Rmin not in reachability: decimal: 10138598087622673, binary: 00100100000001010000000001

State:
    ep(node0) = epoch2
    ep(node1) = epoch1
    locked(epoch1,node1)
    locked(epoch2,node1)
    transfer(epoch3,node1)

Found a representative state in Rmin not in reachability: decimal: 10137498575994897, binary: 00100100000001000000000001

State:
    ep(node0) = epoch2
    ep(node1) = epoch1
    locked(epoch1,node1)
    transfer(epoch3,node1)

Found a representative state in Rmin not in reachability: decimal: 10137636014948369, binary: 00100100000001000010000001

State:
    ep(node0) = epoch2
    ep(node1) = epoch1
    locked(epoch1,node1)
    transfer(epoch0,node0)
    transfer(epoch3,node1)

Found a representative state in Rmin not in reachability: decimal: 10137567295471633, binary: 00100100000001000001000001

State:
    ep(node0) = epoch2
    ep(node1) = epoch1
    locked(epoch1,node1)
    transfer(epoch0,node1)
    transfer(epoch3,node1)

Found a representative state in Rmin not in reachability: decimal: 10137571590438929, binary: 00100100000001000001000101

State:
    ep(node0) = epoch2
    ep(node1) = epoch1
    locked(epoch1,node1)
    transfer(epoch0,node1)
    transfer(epoch2,node1)
    transfer(epoch3,node1)

Found a representative state in Rmin not in reachability: decimal: 10137640309915665, binary: 00100100000001000010000101

State:
    ep(node0) = epoch2
    ep(node1) = epoch1
    locked(epoch1,node1)
    transfer(epoch0,node0)
    transfer(epoch2,node1)
    transfer(epoch3,node1)

Found a representative state in Rmin not in reachability: decimal: 10137502870962193, binary: 00100100000001000000000101

State:
    ep(node0) = epoch2
    ep(node1) = epoch1
    locked(epoch1,node1)
    transfer(epoch2,node1)
    transfer(epoch3,node1)

Found a representative state in Rmin not in reachability: decimal: 10139701894217745, binary: 00100100000001100000000101

State:
    ep(node0) = epoch2
    ep(node1) = epoch1
    locked(epoch1,node1)
    locked(epoch2,node0)
    transfer(epoch2,node1)
    transfer(epoch3,node1)

Found a representative state in Rmin not in reachability: decimal: 10139839333171217, binary: 00100100000001100010000101

State:
    ep(node0) = epoch2
    ep(node1) = epoch1
    locked(epoch1,node1)
    locked(epoch2,node0)
    transfer(epoch0,node0)
    transfer(epoch2,node1)
    transfer(epoch3,node1)

Found a representative state in Rmin not in reachability: decimal: 10139770613694481, binary: 00100100000001100001000101

State:
    ep(node0) = epoch2
    ep(node1) = epoch1
    locked(epoch1,node1)
    locked(epoch2,node0)
    transfer(epoch0,node1)
    transfer(epoch2,node1)
    transfer(epoch3,node1)

Found a representative state in Rmin not in reachability: decimal: 10139766318727185, binary: 00100100000001100001000001

State:
    ep(node0) = epoch2
    ep(node1) = epoch1
    locked(epoch1,node1)
    locked(epoch2,node0)
    transfer(epoch0,node1)
    transfer(epoch3,node1)

Found a representative state in Rmin not in reachability: decimal: 10139835038203921, binary: 00100100000001100010000001

State:
    ep(node0) = epoch2
    ep(node1) = epoch1
    locked(epoch1,node1)
    locked(epoch2,node0)
    transfer(epoch0,node0)
    transfer(epoch3,node1)

Found a representative state in Rmin not in reachability: decimal: 10139697599250449, binary: 00100100000001100000000001

State:
    ep(node0) = epoch2
    ep(node1) = epoch1
    locked(epoch1,node1)
    locked(epoch2,node0)
    transfer(epoch3,node1)

Found a representative state in Rmin not in reachability: decimal: 10140934549831697, binary: 00100100000001110010000001

State:
    ep(node0) = epoch2
    ep(node1) = epoch1
    locked(epoch1,node1)
    locked(epoch2,node0)
    locked(epoch2,node1)
    transfer(epoch0,node0)
    transfer(epoch3,node1)

Found a representative state in Rmin not in reachability: decimal: 10140797110878225, binary: 00100100000001110000000001

State:
    ep(node0) = epoch2
    ep(node1) = epoch1
    locked(epoch1,node1)
    locked(epoch2,node0)
    locked(epoch2,node1)
    transfer(epoch3,node1)

Found a representative state in Rmin not in reachability: decimal: 10140865830354961, binary: 00100100000001110001000001

State:
    ep(node0) = epoch2
    ep(node1) = epoch1
    locked(epoch1,node1)
    locked(epoch2,node0)
    locked(epoch2,node1)
    transfer(epoch0,node1)
    transfer(epoch3,node1)

Found a representative state in Rmin not in reachability: decimal: 10140870125322257, binary: 00100100000001110001000101

State:
    ep(node0) = epoch2
    ep(node1) = epoch1
    locked(epoch1,node1)
    locked(epoch2,node0)
    locked(epoch2,node1)
    transfer(epoch0,node1)
    transfer(epoch2,node1)
    transfer(epoch3,node1)

Found a representative state in Rmin not in reachability: decimal: 10140938844798993, binary: 00100100000001110010000101

State:
    ep(node0) = epoch2
    ep(node1) = epoch1
    locked(epoch1,node1)
    locked(epoch2,node0)
    locked(epoch2,node1)
    transfer(epoch0,node0)
    transfer(epoch2,node1)
    transfer(epoch3,node1)

Found a representative state in Rmin not in reachability: decimal: 10140801405845521, binary: 00100100000001110000000101

State:
    ep(node0) = epoch2
    ep(node1) = epoch1
    locked(epoch1,node1)
    locked(epoch2,node0)
    locked(epoch2,node1)
    transfer(epoch2,node1)
    transfer(epoch3,node1)

Found a representative state in Rmin not in reachability: decimal: 10140937771057169, binary: 00100100000001110010000100

State:
    ep(node0) = epoch2
    ep(node1) = epoch1
    locked(epoch1,node1)
    locked(epoch2,node0)
    locked(epoch2,node1)
    transfer(epoch0,node0)
    transfer(epoch2,node1)

Found a representative state in Rmin not in reachability: decimal: 10140800332103697, binary: 00100100000001110000000100

State:
    ep(node0) = epoch2
    ep(node1) = epoch1
    locked(epoch1,node1)
    locked(epoch2,node0)
    locked(epoch2,node1)
    transfer(epoch2,node1)

Found a representative state in Rmin not in reachability: decimal: 10140869051580433, binary: 00100100000001110001000100

State:
    ep(node0) = epoch2
    ep(node1) = epoch1
    locked(epoch1,node1)
    locked(epoch2,node0)
    locked(epoch2,node1)
    transfer(epoch0,node1)
    transfer(epoch2,node1)

Found a representative state in Rmin not in reachability: decimal: 10140864756613137, binary: 00100100000001110001000000

State:
    ep(node0) = epoch2
    ep(node1) = epoch1
    locked(epoch1,node1)
    locked(epoch2,node0)
    locked(epoch2,node1)
    transfer(epoch0,node1)

Found a representative state in Rmin not in reachability: decimal: 10140933476089873, binary: 00100100000001110010000000

State:
    ep(node0) = epoch2
    ep(node1) = epoch1
    locked(epoch1,node1)
    locked(epoch2,node0)
    locked(epoch2,node1)
    transfer(epoch0,node0)

Found a representative state in Rmin not in reachability: decimal: 10140796037136401, binary: 00100100000001110000000000

State:
    ep(node0) = epoch2
    ep(node1) = epoch1
    locked(epoch1,node1)
    locked(epoch2,node0)
    locked(epoch2,node1)

Found a representative state in Rmin not in reachability: decimal: 10140798184620049, binary: 00100100000001110000000010

State:
    ep(node0) = epoch2
    ep(node1) = epoch1
    locked(epoch1,node1)
    locked(epoch2,node0)
    locked(epoch2,node1)
    transfer(epoch3,node0)

Found a representative state in Rmin not in reachability: decimal: 10140935623573521, binary: 00100100000001110010000010

State:
    ep(node0) = epoch2
    ep(node1) = epoch1
    locked(epoch1,node1)
    locked(epoch2,node0)
    locked(epoch2,node1)
    transfer(epoch0,node0)
    transfer(epoch3,node0)

Found a representative state in Rmin not in reachability: decimal: 10140866904096785, binary: 00100100000001110001000010

State:
    ep(node0) = epoch2
    ep(node1) = epoch1
    locked(epoch1,node1)
    locked(epoch2,node0)
    locked(epoch2,node1)
    transfer(epoch0,node1)
    transfer(epoch3,node0)

Found a representative state in Rmin not in reachability: decimal: 10281533525508113, binary: 00100100100001110000000000

State:
    ep(node0) = epoch2
    ep(node1) = epoch1
    held(node0)
    locked(epoch1,node1)
    locked(epoch2,node0)
    locked(epoch2,node1)

Found a representative state in Rmin not in reachability: decimal: 10140873346547729, binary: 00100100000001110001001000

State:
    ep(node0) = epoch2
    ep(node1) = epoch1
    locked(epoch1,node1)
    locked(epoch2,node0)
    locked(epoch2,node1)
    transfer(epoch0,node1)
    transfer(epoch2,node0)

Found a representative state in Rmin not in reachability: decimal: 10140942066024465, binary: 00100100000001110010001000

State:
    ep(node0) = epoch2
    ep(node1) = epoch1
    locked(epoch1,node1)
    locked(epoch2,node0)
    locked(epoch2,node1)
    transfer(epoch0,node0)
    transfer(epoch2,node0)

Found a representative state in Rmin not in reachability: decimal: 10140804627070993, binary: 00100100000001110000001000

State:
    ep(node0) = epoch2
    ep(node1) = epoch1
    locked(epoch1,node1)
    locked(epoch2,node0)
    locked(epoch2,node1)
    transfer(epoch2,node0)

Found a representative state in Rmin not in reachability: decimal: 10140806774554641, binary: 00100100000001110000001010

State:
    ep(node0) = epoch2
    ep(node1) = epoch1
    locked(epoch1,node1)
    locked(epoch2,node0)
    locked(epoch2,node1)
    transfer(epoch2,node0)
    transfer(epoch3,node0)

Found a representative state in Rmin not in reachability: decimal: 10140944213508113, binary: 00100100000001110010001010

State:
    ep(node0) = epoch2
    ep(node1) = epoch1
    locked(epoch1,node1)
    locked(epoch2,node0)
    locked(epoch2,node1)
    transfer(epoch0,node0)
    transfer(epoch2,node0)
    transfer(epoch3,node0)

Found a representative state in Rmin not in reachability: decimal: 10140875494031377, binary: 00100100000001110001001010

State:
    ep(node0) = epoch2
    ep(node1) = epoch1
    locked(epoch1,node1)
    locked(epoch2,node0)
    locked(epoch2,node1)
    transfer(epoch0,node1)
    transfer(epoch2,node0)
    transfer(epoch3,node0)

Found a representative state in Rmin not in reachability: decimal: 10139775982403601, binary: 00100100000001100001001010

State:
    ep(node0) = epoch2
    ep(node1) = epoch1
    locked(epoch1,node1)
    locked(epoch2,node0)
    transfer(epoch0,node1)
    transfer(epoch2,node0)
    transfer(epoch3,node0)

Found a representative state in Rmin not in reachability: decimal: 10139844701880337, binary: 00100100000001100010001010

State:
    ep(node0) = epoch2
    ep(node1) = epoch1
    locked(epoch1,node1)
    locked(epoch2,node0)
    transfer(epoch0,node0)
    transfer(epoch2,node0)
    transfer(epoch3,node0)

Found a representative state in Rmin not in reachability: decimal: 10139707262926865, binary: 00100100000001100000001010

State:
    ep(node0) = epoch2
    ep(node1) = epoch1
    locked(epoch1,node1)
    locked(epoch2,node0)
    transfer(epoch2,node0)
    transfer(epoch3,node0)

Found a representative state in Rmin not in reachability: decimal: 10139705115443217, binary: 00100100000001100000001000

State:
    ep(node0) = epoch2
    ep(node1) = epoch1
    locked(epoch1,node1)
    locked(epoch2,node0)
    transfer(epoch2,node0)

Found a representative state in Rmin not in reachability: decimal: 10139842554396689, binary: 00100100000001100010001000

State:
    ep(node0) = epoch2
    ep(node1) = epoch1
    locked(epoch1,node1)
    locked(epoch2,node0)
    transfer(epoch0,node0)
    transfer(epoch2,node0)

Found a representative state in Rmin not in reachability: decimal: 10139773834919953, binary: 00100100000001100001001000

State:
    ep(node0) = epoch2
    ep(node1) = epoch1
    locked(epoch1,node1)
    locked(epoch2,node0)
    transfer(epoch0,node1)
    transfer(epoch2,node0)

Found a representative state in Rmin not in reachability: decimal: 10139765244985361, binary: 00100100000001100001000000

State:
    ep(node0) = epoch2
    ep(node1) = epoch1
    locked(epoch1,node1)
    locked(epoch2,node0)
    transfer(epoch0,node1)

Found a representative state in Rmin not in reachability: decimal: 10139833964462097, binary: 00100100000001100010000000

State:
    ep(node0) = epoch2
    ep(node1) = epoch1
    locked(epoch1,node1)
    locked(epoch2,node0)
    transfer(epoch0,node0)

Found a representative state in Rmin not in reachability: decimal: 10139696525508625, binary: 00100100000001100000000000

State:
    ep(node0) = epoch2
    ep(node1) = epoch1
    locked(epoch1,node1)
    locked(epoch2,node0)

Found a representative state in Rmin not in reachability: decimal: 10139698672992273, binary: 00100100000001100000000010

State:
    ep(node0) = epoch2
    ep(node1) = epoch1
    locked(epoch1,node1)
    locked(epoch2,node0)
    transfer(epoch3,node0)

Found a representative state in Rmin not in reachability: decimal: 10139836111945745, binary: 00100100000001100010000010

State:
    ep(node0) = epoch2
    ep(node1) = epoch1
    locked(epoch1,node1)
    locked(epoch2,node0)
    transfer(epoch0,node0)
    transfer(epoch3,node0)

Found a representative state in Rmin not in reachability: decimal: 10139767392469009, binary: 00100100000001100001000010

State:
    ep(node0) = epoch2
    ep(node1) = epoch1
    locked(epoch1,node1)
    locked(epoch2,node0)
    transfer(epoch0,node1)
    transfer(epoch3,node0)

Found a representative state in Rmin not in reachability: decimal: 10139700820475921, binary: 00100100000001100000000100

State:
    ep(node0) = epoch2
    ep(node1) = epoch1
    locked(epoch1,node1)
    locked(epoch2,node0)
    transfer(epoch2,node1)

Found a representative state in Rmin not in reachability: decimal: 10139838259429393, binary: 00100100000001100010000100

State:
    ep(node0) = epoch2
    ep(node1) = epoch1
    locked(epoch1,node1)
    locked(epoch2,node0)
    transfer(epoch0,node0)
    transfer(epoch2,node1)

Found a representative state in Rmin not in reachability: decimal: 10139769539952657, binary: 00100100000001100001000100

State:
    ep(node0) = epoch2
    ep(node1) = epoch1
    locked(epoch1,node1)
    locked(epoch2,node0)
    transfer(epoch0,node1)
    transfer(epoch2,node1)

Found a representative state in Rmin not in reachability: decimal: 10278234990608401, binary: 00100100100001000000000000

State:
    ep(node0) = epoch2
    ep(node1) = epoch1
    held(node0)
    locked(epoch1,node1)

Found a representative state in Rmin not in reachability: decimal: 10279334502236177, binary: 00100100100001010000000000

State:
    ep(node0) = epoch2
    ep(node1) = epoch1
    held(node0)
    locked(epoch1,node1)
    locked(epoch2,node1)

Found a representative state in Rmin not in reachability: decimal: 10288130595258385, binary: 00100100100011010000000000

State:
    ep(node0) = epoch2
    ep(node1) = epoch1
    held(node0)
    locked(epoch1,node0)
    locked(epoch1,node1)
    locked(epoch2,node1)

Found a representative state in Rmin not in reachability: decimal: 10287031083630609, binary: 00100100100011000000000000

State:
    ep(node0) = epoch2
    ep(node1) = epoch1
    held(node0)
    locked(epoch1,node0)
    locked(epoch1,node1)

Found a representative state in Rmin not in reachability: decimal: 10289230106886161, binary: 00100100100011100000000000

State:
    ep(node0) = epoch2
    ep(node1) = epoch1
    held(node0)
    locked(epoch1,node0)
    locked(epoch1,node1)
    locked(epoch2,node0)

Found a representative state in Rmin not in reachability: decimal: 10290329618513937, binary: 00100100100011110000000000

State:
    ep(node0) = epoch2
    ep(node1) = epoch1
    held(node0)
    locked(epoch1,node0)
    locked(epoch1,node1)
    locked(epoch2,node0)
    locked(epoch2,node1)

Found a representative state in Rmin not in reachability: decimal: 5786729991145489, binary: 00010100100011110000000000

State:
    ep(node0) = epoch3
    ep(node1) = epoch1
    held(node0)
    locked(epoch1,node0)
    locked(epoch1,node1)
    locked(epoch2,node0)
    locked(epoch2,node1)

Found a representative state in Rmin not in reachability: decimal: 5787279746959377, binary: 00010100100011111000000000

State:
    ep(node0) = epoch3
    ep(node1) = epoch1
    held(node0)
    locked(epoch1,node0)
    locked(epoch1,node1)
    locked(epoch2,node0)
    locked(epoch2,node1)
    locked(epoch3,node0)

Found a representative state in Rmin not in reachability: decimal: 5785630479517713, binary: 00010100100011100000000000

State:
    ep(node0) = epoch3
    ep(node1) = epoch1
    held(node0)
    locked(epoch1,node0)
    locked(epoch1,node1)
    locked(epoch2,node0)

Found a representative state in Rmin not in reachability: decimal: 5786180235331601, binary: 00010100100011101000000000

State:
    ep(node0) = epoch3
    ep(node1) = epoch1
    held(node0)
    locked(epoch1,node0)
    locked(epoch1,node1)
    locked(epoch2,node0)
    locked(epoch3,node0)

Found a representative state in Rmin not in reachability: decimal: 5783981212076049, binary: 00010100100011001000000000

State:
    ep(node0) = epoch3
    ep(node1) = epoch1
    held(node0)
    locked(epoch1,node0)
    locked(epoch1,node1)
    locked(epoch3,node0)

Found a representative state in Rmin not in reachability: decimal: 5783431456262161, binary: 00010100100011000000000000

State:
    ep(node0) = epoch3
    ep(node1) = epoch1
    held(node0)
    locked(epoch1,node0)
    locked(epoch1,node1)

Found a representative state in Rmin not in reachability: decimal: 5784530967889937, binary: 00010100100011010000000000

State:
    ep(node0) = epoch3
    ep(node1) = epoch1
    held(node0)
    locked(epoch1,node0)
    locked(epoch1,node1)
    locked(epoch2,node1)

Found a representative state in Rmin not in reachability: decimal: 5785080723703825, binary: 00010100100011011000000000

State:
    ep(node0) = epoch3
    ep(node1) = epoch1
    held(node0)
    locked(epoch1,node0)
    locked(epoch1,node1)
    locked(epoch2,node1)
    locked(epoch3,node0)

Found a representative state in Rmin not in reachability: decimal: 5776284630681617, binary: 00010100100001011000000000

State:
    ep(node0) = epoch3
    ep(node1) = epoch1
    held(node0)
    locked(epoch1,node1)
    locked(epoch2,node1)
    locked(epoch3,node0)

Found a representative state in Rmin not in reachability: decimal: 5775734874867729, binary: 00010100100001010000000000

State:
    ep(node0) = epoch3
    ep(node1) = epoch1
    held(node0)
    locked(epoch1,node1)
    locked(epoch2,node1)

Found a representative state in Rmin not in reachability: decimal: 5774635363239953, binary: 00010100100001000000000000

State:
    ep(node0) = epoch3
    ep(node1) = epoch1
    held(node0)
    locked(epoch1,node1)

Found a representative state in Rmin not in reachability: decimal: 5775185119053841, binary: 00010100100001001000000000

State:
    ep(node0) = epoch3
    ep(node1) = epoch1
    held(node0)
    locked(epoch1,node1)
    locked(epoch3,node0)

Found a representative state in Rmin not in reachability: decimal: 5776834386495505, binary: 00010100100001100000000000

State:
    ep(node0) = epoch3
    ep(node1) = epoch1
    held(node0)
    locked(epoch1,node1)
    locked(epoch2,node0)

Found a representative state in Rmin not in reachability: decimal: 5777384142309393, binary: 00010100100001101000000000

State:
    ep(node0) = epoch3
    ep(node1) = epoch1
    held(node0)
    locked(epoch1,node1)
    locked(epoch2,node0)
    locked(epoch3,node0)

Found a representative state in Rmin not in reachability: decimal: 5777933898123281, binary: 00010100100001110000000000

State:
    ep(node0) = epoch3
    ep(node1) = epoch1
    held(node0)
    locked(epoch1,node1)
    locked(epoch2,node0)
    locked(epoch2,node1)

Found a representative state in Rmin not in reachability: decimal: 5778483653937169, binary: 00010100100001111000000000

State:
    ep(node0) = epoch3
    ep(node1) = epoch1
    held(node0)
    locked(epoch1,node1)
    locked(epoch2,node0)
    locked(epoch2,node1)
    locked(epoch3,node0)

Found a representative state in Rmin not in reachability: decimal: 5782331944634385, binary: 00010100100010110000000000

State:
    ep(node0) = epoch3
    ep(node1) = epoch1
    held(node0)
    locked(epoch1,node0)
    locked(epoch2,node0)
    locked(epoch2,node1)

Found a representative state in Rmin not in reachability: decimal: 5782881700448273, binary: 00010100100010111000000000

State:
    ep(node0) = epoch3
    ep(node1) = epoch1
    held(node0)
    locked(epoch1,node0)
    locked(epoch2,node0)
    locked(epoch2,node1)
    locked(epoch3,node0)

Found a representative state in Rmin not in reachability: decimal: 5781232433006609, binary: 00010100100010100000000000

State:
    ep(node0) = epoch3
    ep(node1) = epoch1
    held(node0)
    locked(epoch1,node0)
    locked(epoch2,node0)

Found a representative state in Rmin not in reachability: decimal: 5781782188820497, binary: 00010100100010101000000000

State:
    ep(node0) = epoch3
    ep(node1) = epoch1
    held(node0)
    locked(epoch1,node0)
    locked(epoch2,node0)
    locked(epoch3,node0)

Found a representative state in Rmin not in reachability: decimal: 5779583165564945, binary: 00010100100010001000000000

State:
    ep(node0) = epoch3
    ep(node1) = epoch1
    held(node0)
    locked(epoch1,node0)
    locked(epoch3,node0)

Found a representative state in Rmin not in reachability: decimal: 5779033409751057, binary: 00010100100010000000000000

State:
    ep(node0) = epoch3
    ep(node1) = epoch1
    held(node0)
    locked(epoch1,node0)

Found a representative state in Rmin not in reachability: decimal: 5780132921378833, binary: 00010100100010010000000000

State:
    ep(node0) = epoch3
    ep(node1) = epoch1
    held(node0)
    locked(epoch1,node0)
    locked(epoch2,node1)

Found a representative state in Rmin not in reachability: decimal: 5780682677192721, binary: 00010100100010011000000000

State:
    ep(node0) = epoch3
    ep(node1) = epoch1
    held(node0)
    locked(epoch1,node0)
    locked(epoch2,node1)
    locked(epoch3,node0)

Found a representative state in Rmin not in reachability: decimal: 10283732548749329, binary: 00100100100010010000000000

State:
    ep(node0) = epoch2
    ep(node1) = epoch1
    held(node0)
    locked(epoch1,node0)
    locked(epoch2,node1)

Found a representative state in Rmin not in reachability: decimal: 10282633037121553, binary: 00100100100010000000000000

State:
    ep(node0) = epoch2
    ep(node1) = epoch1
    held(node0)
    locked(epoch1,node0)

Found a representative state in Rmin not in reachability: decimal: 10284832060377105, binary: 00100100100010100000000000

State:
    ep(node0) = epoch2
    ep(node1) = epoch1
    held(node0)
    locked(epoch1,node0)
    locked(epoch2,node0)

Found a representative state in Rmin not in reachability: decimal: 10285931572004881, binary: 00100100100010110000000000

State:
    ep(node0) = epoch2
    ep(node1) = epoch1
    held(node0)
    locked(epoch1,node0)
    locked(epoch2,node0)
    locked(epoch2,node1)

Found a representative state in Rmin not in reachability: decimal: 10145194083649553, binary: 00100100000010110000000000

State:
    ep(node0) = epoch2
    ep(node1) = epoch1
    locked(epoch1,node0)
    locked(epoch2,node0)
    locked(epoch2,node1)

Found a representative state in Rmin not in reachability: decimal: 10145331522603025, binary: 00100100000010110010000000

State:
    ep(node0) = epoch2
    ep(node1) = epoch1
    locked(epoch1,node0)
    locked(epoch2,node0)
    locked(epoch2,node1)
    transfer(epoch0,node0)

Found a representative state in Rmin not in reachability: decimal: 10145332596344849, binary: 00100100000010110010000001

State:
    ep(node0) = epoch2
    ep(node1) = epoch1
    locked(epoch1,node0)
    locked(epoch2,node0)
    locked(epoch2,node1)
    transfer(epoch0,node0)
    transfer(epoch3,node1)

Found a representative state in Rmin not in reachability: decimal: 10145195157391377, binary: 00100100000010110000000001

State:
    ep(node0) = epoch2
    ep(node1) = epoch1
    locked(epoch1,node0)
    locked(epoch2,node0)
    locked(epoch2,node1)
    transfer(epoch3,node1)

Found a representative state in Rmin not in reachability: decimal: 10145198378616849, binary: 00100100000010110000000100

State:
    ep(node0) = epoch2
    ep(node1) = epoch1
    locked(epoch1,node0)
    locked(epoch2,node0)
    locked(epoch2,node1)
    transfer(epoch2,node1)

Found a representative state in Rmin not in reachability: decimal: 10145335817570321, binary: 00100100000010110010000100

State:
    ep(node0) = epoch2
    ep(node1) = epoch1
    locked(epoch1,node0)
    locked(epoch2,node0)
    locked(epoch2,node1)
    transfer(epoch0,node0)
    transfer(epoch2,node1)

Found a representative state in Rmin not in reachability: decimal: 10145199452358673, binary: 00100100000010110000000101

State:
    ep(node0) = epoch2
    ep(node1) = epoch1
    locked(epoch1,node0)
    locked(epoch2,node0)
    locked(epoch2,node1)
    transfer(epoch2,node1)
    transfer(epoch3,node1)

Found a representative state in Rmin not in reachability: decimal: 10145336891312145, binary: 00100100000010110010000101

State:
    ep(node0) = epoch2
    ep(node1) = epoch1
    locked(epoch1,node0)
    locked(epoch2,node0)
    locked(epoch2,node1)
    transfer(epoch0,node0)
    transfer(epoch2,node1)
    transfer(epoch3,node1)

Found a representative state in Rmin not in reachability: decimal: 10145202673584145, binary: 00100100000010110000001000

State:
    ep(node0) = epoch2
    ep(node1) = epoch1
    locked(epoch1,node0)
    locked(epoch2,node0)
    locked(epoch2,node1)
    transfer(epoch2,node0)

Found a representative state in Rmin not in reachability: decimal: 10145340112537617, binary: 00100100000010110010001000

State:
    ep(node0) = epoch2
    ep(node1) = epoch1
    locked(epoch1,node0)
    locked(epoch2,node0)
    locked(epoch2,node1)
    transfer(epoch0,node0)
    transfer(epoch2,node0)

Found a representative state in Rmin not in reachability: decimal: 10144240600909841, binary: 00100100000010100010001000

State:
    ep(node0) = epoch2
    ep(node1) = epoch1
    locked(epoch1,node0)
    locked(epoch2,node0)
    transfer(epoch0,node0)
    transfer(epoch2,node0)

Found a representative state in Rmin not in reachability: decimal: 10144103161956369, binary: 00100100000010100000001000

State:
    ep(node0) = epoch2
    ep(node1) = epoch1
    locked(epoch1,node0)
    locked(epoch2,node0)
    transfer(epoch2,node0)

Found a representative state in Rmin not in reachability: decimal: 10144094572021777, binary: 00100100000010100000000000

State:
    ep(node0) = epoch2
    ep(node1) = epoch1
    locked(epoch1,node0)
    locked(epoch2,node0)

Found a representative state in Rmin not in reachability: decimal: 10144232010975249, binary: 00100100000010100010000000

State:
    ep(node0) = epoch2
    ep(node1) = epoch1
    locked(epoch1,node0)
    locked(epoch2,node0)
    transfer(epoch0,node0)

Found a representative state in Rmin not in reachability: decimal: 10144233084717073, binary: 00100100000010100010000001

State:
    ep(node0) = epoch2
    ep(node1) = epoch1
    locked(epoch1,node0)
    locked(epoch2,node0)
    transfer(epoch0,node0)
    transfer(epoch3,node1)

Found a representative state in Rmin not in reachability: decimal: 10144095645763601, binary: 00100100000010100000000001

State:
    ep(node0) = epoch2
    ep(node1) = epoch1
    locked(epoch1,node0)
    locked(epoch2,node0)
    transfer(epoch3,node1)

Found a representative state in Rmin not in reachability: decimal: 10144236305942545, binary: 00100100000010100010000100

State:
    ep(node0) = epoch2
    ep(node1) = epoch1
    locked(epoch1,node0)
    locked(epoch2,node0)
    transfer(epoch0,node0)
    transfer(epoch2,node1)

Found a representative state in Rmin not in reachability: decimal: 10144098866989073, binary: 00100100000010100000000100

State:
    ep(node0) = epoch2
    ep(node1) = epoch1
    locked(epoch1,node0)
    locked(epoch2,node0)
    transfer(epoch2,node1)

Found a representative state in Rmin not in reachability: decimal: 10144099940730897, binary: 00100100000010100000000101

State:
    ep(node0) = epoch2
    ep(node1) = epoch1
    locked(epoch1,node0)
    locked(epoch2,node0)
    transfer(epoch2,node1)
    transfer(epoch3,node1)

Found a representative state in Rmin not in reachability: decimal: 10144237379684369, binary: 00100100000010100010000101

State:
    ep(node0) = epoch2
    ep(node1) = epoch1
    locked(epoch1,node0)
    locked(epoch2,node0)
    transfer(epoch0,node0)
    transfer(epoch2,node1)
    transfer(epoch3,node1)

Found a representative state in Rmin not in reachability: decimal: 10142038356428817, binary: 00100100000010000010000101

State:
    ep(node0) = epoch2
    ep(node1) = epoch1
    locked(epoch1,node0)
    transfer(epoch0,node0)
    transfer(epoch2,node1)
    transfer(epoch3,node1)

Found a representative state in Rmin not in reachability: decimal: 10141900917475345, binary: 00100100000010000000000101

State:
    ep(node0) = epoch2
    ep(node1) = epoch1
    locked(epoch1,node0)
    transfer(epoch2,node1)
    transfer(epoch3,node1)

Found a representative state in Rmin not in reachability: decimal: 10141899843733521, binary: 00100100000010000000000100

State:
    ep(node0) = epoch2
    ep(node1) = epoch1
    locked(epoch1,node0)
    transfer(epoch2,node1)

Found a representative state in Rmin not in reachability: decimal: 10142037282686993, binary: 00100100000010000010000100

State:
    ep(node0) = epoch2
    ep(node1) = epoch1
    locked(epoch1,node0)
    transfer(epoch0,node0)
    transfer(epoch2,node1)

Found a representative state in Rmin not in reachability: decimal: 10142032987719697, binary: 00100100000010000010000000

State:
    ep(node0) = epoch2
    ep(node1) = epoch1
    locked(epoch1,node0)
    transfer(epoch0,node0)

Found a representative state in Rmin not in reachability: decimal: 10141895548766225, binary: 00100100000010000000000000

State:
    ep(node0) = epoch2
    ep(node1) = epoch1
    locked(epoch1,node0)

Found a representative state in Rmin not in reachability: decimal: 10142034061461521, binary: 00100100000010000010000001

State:
    ep(node0) = epoch2
    ep(node1) = epoch1
    locked(epoch1,node0)
    transfer(epoch0,node0)
    transfer(epoch3,node1)

Found a representative state in Rmin not in reachability: decimal: 10141896622508049, binary: 00100100000010000000000001

State:
    ep(node0) = epoch2
    ep(node1) = epoch1
    locked(epoch1,node0)
    transfer(epoch3,node1)

Found a representative state in Rmin not in reachability: decimal: 10142041577654289, binary: 00100100000010000010001000

State:
    ep(node0) = epoch2
    ep(node1) = epoch1
    locked(epoch1,node0)
    transfer(epoch0,node0)
    transfer(epoch2,node0)

Found a representative state in Rmin not in reachability: decimal: 10141904138700817, binary: 00100100000010000000001000

State:
    ep(node0) = epoch2
    ep(node1) = epoch1
    locked(epoch1,node0)
    transfer(epoch2,node0)

Found a representative state in Rmin not in reachability: decimal: 10143141089282065, binary: 00100100000010010010001000

State:
    ep(node0) = epoch2
    ep(node1) = epoch1
    locked(epoch1,node0)
    locked(epoch2,node1)
    transfer(epoch0,node0)
    transfer(epoch2,node0)

Found a representative state in Rmin not in reachability: decimal: 10143003650328593, binary: 00100100000010010000001000

State:
    ep(node0) = epoch2
    ep(node1) = epoch1
    locked(epoch1,node0)
    locked(epoch2,node1)
    transfer(epoch2,node0)

Found a representative state in Rmin not in reachability: decimal: 10142995060394001, binary: 00100100000010010000000000

State:
    ep(node0) = epoch2
    ep(node1) = epoch1
    locked(epoch1,node0)
    locked(epoch2,node1)

Found a representative state in Rmin not in reachability: decimal: 10143132499347473, binary: 00100100000010010010000000

State:
    ep(node0) = epoch2
    ep(node1) = epoch1
    locked(epoch1,node0)
    locked(epoch2,node1)
    transfer(epoch0,node0)

Found a representative state in Rmin not in reachability: decimal: 10143133573089297, binary: 00100100000010010010000001

State:
    ep(node0) = epoch2
    ep(node1) = epoch1
    locked(epoch1,node0)
    locked(epoch2,node1)
    transfer(epoch0,node0)
    transfer(epoch3,node1)

Found a representative state in Rmin not in reachability: decimal: 10142996134135825, binary: 00100100000010010000000001

State:
    ep(node0) = epoch2
    ep(node1) = epoch1
    locked(epoch1,node0)
    locked(epoch2,node1)
    transfer(epoch3,node1)

Found a representative state in Rmin not in reachability: decimal: 10142999355361297, binary: 00100100000010010000000100

State:
    ep(node0) = epoch2
    ep(node1) = epoch1
    locked(epoch1,node0)
    locked(epoch2,node1)
    transfer(epoch2,node1)

Found a representative state in Rmin not in reachability: decimal: 10143136794314769, binary: 00100100000010010010000100

State:
    ep(node0) = epoch2
    ep(node1) = epoch1
    locked(epoch1,node0)
    locked(epoch2,node1)
    transfer(epoch0,node0)
    transfer(epoch2,node1)

Found a representative state in Rmin not in reachability: decimal: 10143137868056593, binary: 00100100000010010010000101

State:
    ep(node0) = epoch2
    ep(node1) = epoch1
    locked(epoch1,node0)
    locked(epoch2,node1)
    transfer(epoch0,node0)
    transfer(epoch2,node1)
    transfer(epoch3,node1)

Found a representative state in Rmin not in reachability: decimal: 10143000429103121, binary: 00100100000010010000000101

State:
    ep(node0) = epoch2
    ep(node1) = epoch1
    locked(epoch1,node0)
    locked(epoch2,node1)
    transfer(epoch2,node1)
    transfer(epoch3,node1)

Found a representative state in Rmin not in reachability: decimal: 10213363804571665, binary: 00100100010010010000000000

State:
    ep(node0) = epoch2
    ep(node1) = epoch1
    held(node1)
    locked(epoch1,node0)
    locked(epoch2,node1)

Found a representative state in Rmin not in reachability: decimal: 10212264292943889, binary: 00100100010010000000000000

State:
    ep(node0) = epoch2
    ep(node1) = epoch1
    held(node1)
    locked(epoch1,node0)

Found a representative state in Rmin not in reachability: decimal: 20423429167120264, binary: 01001000100011110000000000

State:
    ep(node0) = epoch1
    ep(node1) = epoch0
    held(node0)
    locked(epoch1,node0)
    locked(epoch1,node1)
    locked(epoch2,node0)
    locked(epoch2,node1)

Found a representative state in Rmin not in reachability: decimal: 10215562827827217, binary: 00100100010010110000000000

State:
    ep(node0) = epoch2
    ep(node1) = epoch1
    held(node1)
    locked(epoch1,node0)
    locked(epoch2,node0)
    locked(epoch2,node1)

Found a representative state in Rmin not in reachability: decimal: 10214463316199441, binary: 00100100010010100000000000

State:
    ep(node0) = epoch2
    ep(node1) = epoch1
    held(node1)
    locked(epoch1,node0)
    locked(epoch2,node0)

Found a representative state in Rmin not in reachability: decimal: 10219960874338321, binary: 00100100010011110000000000

State:
    ep(node0) = epoch2
    ep(node1) = epoch1
    held(node1)
    locked(epoch1,node0)
    locked(epoch1,node1)
    locked(epoch2,node0)
    locked(epoch2,node1)

Found a representative state in Rmin not in reachability: decimal: 10218861362710545, binary: 00100100010011100000000000

State:
    ep(node0) = epoch2
    ep(node1) = epoch1
    held(node1)
    locked(epoch1,node0)
    locked(epoch1,node1)
    locked(epoch2,node0)

Found a representative state in Rmin not in reachability: decimal: 10216662339454993, binary: 00100100010011000000000000

State:
    ep(node0) = epoch2
    ep(node1) = epoch1
    held(node1)
    locked(epoch1,node0)
    locked(epoch1,node1)

Found a representative state in Rmin not in reachability: decimal: 10217761851082769, binary: 00100100010011010000000000

State:
    ep(node0) = epoch2
    ep(node1) = epoch1
    held(node1)
    locked(epoch1,node0)
    locked(epoch1,node1)
    locked(epoch2,node1)

Found a representative state in Rmin not in reachability: decimal: 10208965758060561, binary: 00100100010001010000000000

State:
    ep(node0) = epoch2
    ep(node1) = epoch1
    held(node1)
    locked(epoch1,node1)
    locked(epoch2,node1)

Found a representative state in Rmin not in reachability: decimal: 10207866246432785, binary: 00100100010001000000000000

State:
    ep(node0) = epoch2
    ep(node1) = epoch1
    held(node1)
    locked(epoch1,node1)

Found a representative state in Rmin not in reachability: decimal: 20421230143995784, binary: 01001000100011010000000000

State:
    ep(node0) = epoch1
    ep(node1) = epoch0
    held(node0)
    locked(epoch1,node0)
    locked(epoch1,node1)
    locked(epoch2,node1)

Found a representative state in Rmin not in reachability: decimal: 10210065269688337, binary: 00100100010001100000000000

State:
    ep(node0) = epoch2
    ep(node1) = epoch1
    held(node1)
    locked(epoch1,node1)
    locked(epoch2,node0)

Found a representative state in Rmin not in reachability: decimal: 10211164781316113, binary: 00100100010001110000000000

State:
    ep(node0) = epoch2
    ep(node1) = epoch1
    held(node1)
    locked(epoch1,node1)
    locked(epoch2,node0)
    locked(epoch2,node1)

Found a representative state in Rmin not in reachability: decimal: 20419030733588497, binary: 01001000100010110000000000

State:
    ep(node0) = epoch1
    ep(node1) = epoch0
    held(node0)
    locked(epoch1,node0)
    locked(epoch2,node0)
    locked(epoch2,node1)

Found a representative state in Rmin not in reachability: decimal: 20416831710332945, binary: 01001000100010010000000000

State:
    ep(node0) = epoch1
    ep(node1) = epoch0
    held(node0)
    locked(epoch1,node0)
    locked(epoch2,node1)

Found a representative state in Rmin not in reachability: decimal: 20415732198705169, binary: 01001000100010000000000000

State:
    ep(node0) = epoch1
    ep(node1) = epoch0
    held(node0)
    locked(epoch1,node0)

Found a representative state in Rmin not in reachability: decimal: 20417931221960721, binary: 01001000100010100000000000

State:
    ep(node0) = epoch1
    ep(node1) = epoch0
    held(node0)
    locked(epoch1,node0)
    locked(epoch2,node0)

Found a representative state in Rmin not in reachability: decimal: 20422329268471825, binary: 01001000100011100000000000

State:
    ep(node0) = epoch1
    ep(node1) = epoch0
    held(node0)
    locked(epoch1,node0)
    locked(epoch1,node1)
    locked(epoch2,node0)

Found a representative state in Rmin not in reachability: decimal: 20420130245216273, binary: 01001000100011000000000000

State:
    ep(node0) = epoch1
    ep(node1) = epoch0
    held(node0)
    locked(epoch1,node0)
    locked(epoch1,node1)

Found a representative state in Rmin not in reachability: decimal: 20280492268488721, binary: 01001000000011010000000000

State:
    ep(node0) = epoch1
    ep(node1) = epoch0
    locked(epoch1,node0)
    locked(epoch1,node1)
    locked(epoch2,node1)

Found a representative state in Rmin not in reachability: decimal: 20282691678764936, binary: 01001000000011110000000000

State:
    ep(node0) = epoch1
    ep(node1) = epoch0
    locked(epoch1,node0)
    locked(epoch1,node1)
    locked(epoch2,node0)
    locked(epoch2,node1)

Found a representative state in Rmin not in reachability: decimal: 20280500858390545, binary: 01001000000011010000001000

State:
    ep(node0) = epoch1
    ep(node1) = epoch0
    locked(epoch1,node0)
    locked(epoch1,node1)
    locked(epoch2,node1)
    transfer(epoch2,node0)

Found a representative state in Rmin not in reachability: decimal: 20280496563423249, binary: 01001000000011010000000100

State:
    ep(node0) = epoch1
    ep(node1) = epoch0
    locked(epoch1,node0)
    locked(epoch1,node1)
    locked(epoch2,node1)
    transfer(epoch2,node1)

Found a representative state in Rmin not in reachability: decimal: 20281591780116497, binary: 01001000000011100000000000

State:
    ep(node0) = epoch1
    ep(node1) = epoch0
    locked(epoch1,node0)
    locked(epoch1,node1)
    locked(epoch2,node0)

Found a representative state in Rmin not in reachability: decimal: 20281596464144264, binary: 01001000000011100000000100

State:
    ep(node0) = epoch1
    ep(node1) = epoch0
    locked(epoch1,node0)
    locked(epoch1,node1)
    locked(epoch2,node0)
    transfer(epoch2,node1)

Found a representative state in Rmin not in reachability: decimal: 20281600370018321, binary: 01001000000011100000001000

State:
    ep(node0) = epoch1
    ep(node1) = epoch0
    locked(epoch1,node0)
    locked(epoch1,node1)
    locked(epoch2,node0)
    transfer(epoch2,node0)

Found a representative state in Rmin not in reachability: decimal: 20279397051795473, binary: 01001000000011000000000100

State:
    ep(node0) = epoch1
    ep(node1) = epoch0
    locked(epoch1,node0)
    locked(epoch1,node1)
    transfer(epoch2,node1)

Found a representative state in Rmin not in reachability: decimal: 20279392756828177, binary: 01001000000011000000000000

State:
    ep(node0) = epoch1
    ep(node1) = epoch0
    locked(epoch1,node0)
    locked(epoch1,node1)

Found a representative state in Rmin not in reachability: decimal: 20279401735995272, binary: 01001000000011000000001000

State:
    ep(node0) = epoch1
    ep(node1) = epoch0
    locked(epoch1,node0)
    locked(epoch1,node1)
    transfer(epoch2,node0)

Found a representative state in Rmin not in reachability: decimal: 20275003300251665, binary: 01001000000010000000001000

State:
    ep(node0) = epoch1
    ep(node1) = epoch0
    locked(epoch1,node0)
    transfer(epoch2,node0)

Found a representative state in Rmin not in reachability: decimal: 20278294710186376, binary: 01001000000010110000000001

State:
    ep(node0) = epoch1
    ep(node1) = epoch0
    locked(epoch1,node0)
    locked(epoch2,node0)
    locked(epoch2,node1)
    transfer(epoch3,node1)

Found a representative state in Rmin not in reachability: decimal: 20278293636448136, binary: 01001000000010110000000000

State:
    ep(node0) = epoch1
    ep(node1) = epoch0
    locked(epoch1,node0)
    locked(epoch2,node0)
    locked(epoch2,node1)

Found a representative state in Rmin not in reachability: decimal: 20274994710317073, binary: 01001000000010000000000000

State:
    ep(node0) = epoch1
    ep(node1) = epoch0
    locked(epoch1,node0)

Found a representative state in Rmin not in reachability: decimal: 20274995784056849, binary: 01001000000010000000000001

State:
    ep(node0) = epoch1
    ep(node1) = epoch0
    locked(epoch1,node0)
    transfer(epoch3,node1)

Found a representative state in Rmin not in reachability: decimal: 20275000079024145, binary: 01001000000010000000000101

State:
    ep(node0) = epoch1
    ep(node1) = epoch0
    locked(epoch1,node0)
    transfer(epoch2,node1)
    transfer(epoch3,node1)

Found a representative state in Rmin not in reachability: decimal: 20274999005282321, binary: 01001000000010000000000100

State:
    ep(node0) = epoch1
    ep(node1) = epoch0
    locked(epoch1,node0)
    transfer(epoch2,node1)

Found a representative state in Rmin not in reachability: decimal: 20277198028537873, binary: 01001000000010100000000100

State:
    ep(node0) = epoch1
    ep(node1) = epoch0
    locked(epoch1,node0)
    locked(epoch2,node0)
    transfer(epoch2,node1)

Found a representative state in Rmin not in reachability: decimal: 20277199102279697, binary: 01001000000010100000000101

State:
    ep(node0) = epoch1
    ep(node1) = epoch0
    locked(epoch1,node0)
    locked(epoch2,node0)
    transfer(epoch2,node1)
    transfer(epoch3,node1)

Found a representative state in Rmin not in reachability: decimal: 20277194807312401, binary: 01001000000010100000000001

State:
    ep(node0) = epoch1
    ep(node1) = epoch0
    locked(epoch1,node0)
    locked(epoch2,node0)
    transfer(epoch3,node1)

Found a representative state in Rmin not in reachability: decimal: 20277193733570577, binary: 01001000000010100000000000

State:
    ep(node0) = epoch1
    ep(node1) = epoch0
    locked(epoch1,node0)
    locked(epoch2,node0)

Found a representative state in Rmin not in reachability: decimal: 20277202323505169, binary: 01001000000010100000001000

State:
    ep(node0) = epoch1
    ep(node1) = epoch0
    locked(epoch1,node0)
    locked(epoch2,node0)
    transfer(epoch2,node0)

Found a representative state in Rmin not in reachability: decimal: 20276094221975569, binary: 01001000000010010000000000

State:
    ep(node0) = epoch1
    ep(node1) = epoch0
    locked(epoch1,node0)
    locked(epoch2,node1)

Found a representative state in Rmin not in reachability: decimal: 20276099981967752, binary: 01001000000010010000000101

State:
    ep(node0) = epoch1
    ep(node1) = epoch0
    locked(epoch1,node0)
    locked(epoch2,node1)
    transfer(epoch2,node1)
    transfer(epoch3,node1)

Found a representative state in Rmin not in reachability: decimal: 20276098908233608, binary: 01001000000010010000000100

State:
    ep(node0) = epoch1
    ep(node1) = epoch0
    locked(epoch1,node0)
    locked(epoch2,node1)
    transfer(epoch2,node1)

Found a representative state in Rmin not in reachability: decimal: 20276095295717393, binary: 01001000000010010000000001

State:
    ep(node0) = epoch1
    ep(node1) = epoch0
    locked(epoch1,node0)
    locked(epoch2,node1)
    transfer(epoch3,node1)

Found a representative state in Rmin not in reachability: decimal: 20276102811877393, binary: 01001000000010010000001000

State:
    ep(node0) = epoch1
    ep(node1) = epoch0
    locked(epoch1,node0)
    locked(epoch2,node1)
    transfer(epoch2,node0)

Found a representative state in Rmin not in reachability: decimal: 10137506092187665, binary: 00100100000001000000001000

State:
    ep(node0) = epoch2
    ep(node1) = epoch1
    locked(epoch1,node1)
    transfer(epoch2,node0)

Found a representative state in Rmin not in reachability: decimal: 11416229912747912, binary: 00101000100011110000000000

State:
    ep(node0) = epoch2
    ep(node1) = epoch0
    held(node0)
    locked(epoch1,node0)
    locked(epoch1,node1)
    locked(epoch2,node0)
    locked(epoch2,node1)

Found a representative state in Rmin not in reachability: decimal: 10137508239671313, binary: 00100100000001000000001010

State:
    ep(node0) = epoch2
    ep(node1) = epoch1
    locked(epoch1,node1)
    transfer(epoch2,node0)
    transfer(epoch3,node0)

Found a representative state in Rmin not in reachability: decimal: 10137499649736721, binary: 00100100000001000000000010

State:
    ep(node0) = epoch2
    ep(node1) = epoch1
    locked(epoch1,node1)
    transfer(epoch3,node0)

Found a representative state in Rmin not in reachability: decimal: 10137497502253073, binary: 00100100000001000000000000

State:
    ep(node0) = epoch2
    ep(node1) = epoch1
    locked(epoch1,node1)

Found a representative state in Rmin not in reachability: decimal: 10137501797220369, binary: 00100100000001000000000100

State:
    ep(node0) = epoch2
    ep(node1) = epoch1
    locked(epoch1,node1)
    transfer(epoch2,node1)

Found a representative state in Rmin not in reachability: decimal: 10138601308848145, binary: 00100100000001010000000100

State:
    ep(node0) = epoch2
    ep(node1) = epoch1
    locked(epoch1,node1)
    locked(epoch2,node1)
    transfer(epoch2,node1)

Found a representative state in Rmin not in reachability: decimal: 10138599161364497, binary: 00100100000001010000000010

State:
    ep(node0) = epoch2
    ep(node1) = epoch1
    locked(epoch1,node1)
    locked(epoch2,node1)
    transfer(epoch3,node0)

Found a representative state in Rmin not in reachability: decimal: 10138597013880849, binary: 00100100000001010000000000

State:
    ep(node0) = epoch2
    ep(node1) = epoch1
    locked(epoch1,node1)
    locked(epoch2,node1)

Found a representative state in Rmin not in reachability: decimal: 10138605603815441, binary: 00100100000001010000001000

State:
    ep(node0) = epoch2
    ep(node1) = epoch1
    locked(epoch1,node1)
    locked(epoch2,node1)
    transfer(epoch2,node0)

Found a representative state in Rmin not in reachability: decimal: 10138607751299089, binary: 00100100000001010000001010

State:
    ep(node0) = epoch2
    ep(node1) = epoch1
    locked(epoch1,node1)
    locked(epoch2,node1)
    transfer(epoch2,node0)
    transfer(epoch3,node0)

Found a representative state in Rmin not in reachability: decimal: 10147401696837649, binary: 00100100000011010000001000

State:
    ep(node0) = epoch2
    ep(node1) = epoch1
    locked(epoch1,node0)
    locked(epoch1,node1)
    locked(epoch2,node1)
    transfer(epoch2,node0)

Found a representative state in Rmin not in reachability: decimal: 10147393106903057, binary: 00100100000011010000000000

State:
    ep(node0) = epoch2
    ep(node1) = epoch1
    locked(epoch1,node0)
    locked(epoch1,node1)
    locked(epoch2,node1)

Found a representative state in Rmin not in reachability: decimal: 10147397401870353, binary: 00100100000011010000000100

State:
    ep(node0) = epoch2
    ep(node1) = epoch1
    locked(epoch1,node0)
    locked(epoch1,node1)
    locked(epoch2,node1)
    transfer(epoch2,node1)

Found a representative state in Rmin not in reachability: decimal: 10146297890242577, binary: 00100100000011000000000100

State:
    ep(node0) = epoch2
    ep(node1) = epoch1
    locked(epoch1,node0)
    locked(epoch1,node1)
    transfer(epoch2,node1)

Found a representative state in Rmin not in reachability: decimal: 10146293595275281, binary: 00100100000011000000000000

State:
    ep(node0) = epoch2
    ep(node1) = epoch1
    locked(epoch1,node0)
    locked(epoch1,node1)

Found a representative state in Rmin not in reachability: decimal: 10146302185209873, binary: 00100100000011000000001000

State:
    ep(node0) = epoch2
    ep(node1) = epoch1
    locked(epoch1,node0)
    locked(epoch1,node1)
    transfer(epoch2,node0)

Found a representative state in Rmin not in reachability: decimal: 10148501208465425, binary: 00100100000011100000001000

State:
    ep(node0) = epoch2
    ep(node1) = epoch1
    locked(epoch1,node0)
    locked(epoch1,node1)
    locked(epoch2,node0)
    transfer(epoch2,node0)

Found a representative state in Rmin not in reachability: decimal: 10148492618530833, binary: 00100100000011100000000000

State:
    ep(node0) = epoch2
    ep(node1) = epoch1
    locked(epoch1,node0)
    locked(epoch1,node1)
    locked(epoch2,node0)

Found a representative state in Rmin not in reachability: decimal: 10148496913498129, binary: 00100100000011100000000100

State:
    ep(node0) = epoch2
    ep(node1) = epoch1
    locked(epoch1,node0)
    locked(epoch1,node1)
    locked(epoch2,node0)
    transfer(epoch2,node1)

Found a representative state in Rmin not in reachability: decimal: 10149596425125905, binary: 00100100000011110000000100

State:
    ep(node0) = epoch2
    ep(node1) = epoch1
    locked(epoch1,node0)
    locked(epoch1,node1)
    locked(epoch2,node0)
    locked(epoch2,node1)
    transfer(epoch2,node1)

Found a representative state in Rmin not in reachability: decimal: 10149592130158609, binary: 00100100000011110000000000

State:
    ep(node0) = epoch2
    ep(node1) = epoch1
    locked(epoch1,node0)
    locked(epoch1,node1)
    locked(epoch2,node0)
    locked(epoch2,node1)

Found a representative state in Rmin not in reachability: decimal: 10149600720093201, binary: 00100100000011110000001000

State:
    ep(node0) = epoch2
    ep(node1) = epoch1
    locked(epoch1,node0)
    locked(epoch1,node1)
    locked(epoch2,node0)
    locked(epoch2,node1)
    transfer(epoch2,node0)

Found a representative state in Rmin not in reachability: decimal: 10149738159046673, binary: 00100100000011110010001000

State:
    ep(node0) = epoch2
    ep(node1) = epoch1
    locked(epoch1,node0)
    locked(epoch1,node1)
    locked(epoch2,node0)
    locked(epoch2,node1)
    transfer(epoch0,node0)
    transfer(epoch2,node0)

Found a representative state in Rmin not in reachability: decimal: 10149729569112081, binary: 00100100000011110010000000

State:
    ep(node0) = epoch2
    ep(node1) = epoch1
    locked(epoch1,node0)
    locked(epoch1,node1)
    locked(epoch2,node0)
    locked(epoch2,node1)
    transfer(epoch0,node0)

Found a representative state in Rmin not in reachability: decimal: 10149733864079377, binary: 00100100000011110010000100

State:
    ep(node0) = epoch2
    ep(node1) = epoch1
    locked(epoch1,node0)
    locked(epoch1,node1)
    locked(epoch2,node0)
    locked(epoch2,node1)
    transfer(epoch0,node0)
    transfer(epoch2,node1)

Found a representative state in Rmin not in reachability: decimal: 10148634352451601, binary: 00100100000011100010000100

State:
    ep(node0) = epoch2
    ep(node1) = epoch1
    locked(epoch1,node0)
    locked(epoch1,node1)
    locked(epoch2,node0)
    transfer(epoch0,node0)
    transfer(epoch2,node1)

Found a representative state in Rmin not in reachability: decimal: 10148630057484305, binary: 00100100000011100010000000

State:
    ep(node0) = epoch2
    ep(node1) = epoch1
    locked(epoch1,node0)
    locked(epoch1,node1)
    locked(epoch2,node0)
    transfer(epoch0,node0)

Found a representative state in Rmin not in reachability: decimal: 10148638647418897, binary: 00100100000011100010001000

State:
    ep(node0) = epoch2
    ep(node1) = epoch1
    locked(epoch1,node0)
    locked(epoch1,node1)
    locked(epoch2,node0)
    transfer(epoch0,node0)
    transfer(epoch2,node0)

Found a representative state in Rmin not in reachability: decimal: 10146439624163345, binary: 00100100000011000010001000

State:
    ep(node0) = epoch2
    ep(node1) = epoch1
    locked(epoch1,node0)
    locked(epoch1,node1)
    transfer(epoch0,node0)
    transfer(epoch2,node0)

Found a representative state in Rmin not in reachability: decimal: 10146431034228753, binary: 00100100000011000010000000

State:
    ep(node0) = epoch2
    ep(node1) = epoch1
    locked(epoch1,node0)
    locked(epoch1,node1)
    transfer(epoch0,node0)

Found a representative state in Rmin not in reachability: decimal: 10146435329196049, binary: 00100100000011000010000100

State:
    ep(node0) = epoch2
    ep(node1) = epoch1
    locked(epoch1,node0)
    locked(epoch1,node1)
    transfer(epoch0,node0)
    transfer(epoch2,node1)

Found a representative state in Rmin not in reachability: decimal: 10147534840823825, binary: 00100100000011010010000100

State:
    ep(node0) = epoch2
    ep(node1) = epoch1
    locked(epoch1,node0)
    locked(epoch1,node1)
    locked(epoch2,node1)
    transfer(epoch0,node0)
    transfer(epoch2,node1)

Found a representative state in Rmin not in reachability: decimal: 10147530545856529, binary: 00100100000011010010000000

State:
    ep(node0) = epoch2
    ep(node1) = epoch1
    locked(epoch1,node0)
    locked(epoch1,node1)
    locked(epoch2,node1)
    transfer(epoch0,node0)

Found a representative state in Rmin not in reachability: decimal: 10147539135791121, binary: 00100100000011010010001000

State:
    ep(node0) = epoch2
    ep(node1) = epoch1
    locked(epoch1,node0)
    locked(epoch1,node1)
    locked(epoch2,node1)
    transfer(epoch0,node0)
    transfer(epoch2,node0)

Found a representative state in Rmin not in reachability: decimal: 10138743042768913, binary: 00100100000001010010001000

State:
    ep(node0) = epoch2
    ep(node1) = epoch1
    locked(epoch1,node1)
    locked(epoch2,node1)
    transfer(epoch0,node0)
    transfer(epoch2,node0)

Found a representative state in Rmin not in reachability: decimal: 10138745190252561, binary: 00100100000001010010001010

State:
    ep(node0) = epoch2
    ep(node1) = epoch1
    locked(epoch1,node1)
    locked(epoch2,node1)
    transfer(epoch0,node0)
    transfer(epoch2,node0)
    transfer(epoch3,node0)

Found a representative state in Rmin not in reachability: decimal: 10138736600317969, binary: 00100100000001010010000010

State:
    ep(node0) = epoch2
    ep(node1) = epoch1
    locked(epoch1,node1)
    locked(epoch2,node1)
    transfer(epoch0,node0)
    transfer(epoch3,node0)

Found a representative state in Rmin not in reachability: decimal: 10138734452834321, binary: 00100100000001010010000000

State:
    ep(node0) = epoch2
    ep(node1) = epoch1
    locked(epoch1,node1)
    locked(epoch2,node1)
    transfer(epoch0,node0)

Found a representative state in Rmin not in reachability: decimal: 10138738747801617, binary: 00100100000001010010000100

State:
    ep(node0) = epoch2
    ep(node1) = epoch1
    locked(epoch1,node1)
    locked(epoch2,node1)
    transfer(epoch0,node0)
    transfer(epoch2,node1)

Found a representative state in Rmin not in reachability: decimal: 10137639236173841, binary: 00100100000001000010000100

State:
    ep(node0) = epoch2
    ep(node1) = epoch1
    locked(epoch1,node1)
    transfer(epoch0,node0)
    transfer(epoch2,node1)

Found a representative state in Rmin not in reachability: decimal: 10137634941206545, binary: 00100100000001000010000000

State:
    ep(node0) = epoch2
    ep(node1) = epoch1
    locked(epoch1,node1)
    transfer(epoch0,node0)

Found a representative state in Rmin not in reachability: decimal: 10137637088690193, binary: 00100100000001000010000010

State:
    ep(node0) = epoch2
    ep(node1) = epoch1
    locked(epoch1,node1)
    transfer(epoch0,node0)
    transfer(epoch3,node0)

Found a representative state in Rmin not in reachability: decimal: 10137645678624785, binary: 00100100000001000010001010

State:
    ep(node0) = epoch2
    ep(node1) = epoch1
    locked(epoch1,node1)
    transfer(epoch0,node0)
    transfer(epoch2,node0)
    transfer(epoch3,node0)

Found a representative state in Rmin not in reachability: decimal: 10137643531141137, binary: 00100100000001000010001000

State:
    ep(node0) = epoch2
    ep(node1) = epoch1
    locked(epoch1,node1)
    transfer(epoch0,node0)
    transfer(epoch2,node0)

Found a representative state in Rmin not in reachability: decimal: 10137576959148049, binary: 00100100000001000001001010

State:
    ep(node0) = epoch2
    ep(node1) = epoch1
    locked(epoch1,node1)
    transfer(epoch0,node1)
    transfer(epoch2,node0)
    transfer(epoch3,node0)

Found a representative state in Rmin not in reachability: decimal: 10137574811664401, binary: 00100100000001000001001000

State:
    ep(node0) = epoch2
    ep(node1) = epoch1
    locked(epoch1,node1)
    transfer(epoch0,node1)
    transfer(epoch2,node0)

Found a representative state in Rmin not in reachability: decimal: 10137566221729809, binary: 00100100000001000001000000

State:
    ep(node0) = epoch2
    ep(node1) = epoch1
    locked(epoch1,node1)
    transfer(epoch0,node1)

Found a representative state in Rmin not in reachability: decimal: 10137568369213457, binary: 00100100000001000001000010

State:
    ep(node0) = epoch2
    ep(node1) = epoch1
    locked(epoch1,node1)
    transfer(epoch0,node1)
    transfer(epoch3,node0)

Found a representative state in Rmin not in reachability: decimal: 10137570516697105, binary: 00100100000001000001000100

State:
    ep(node0) = epoch2
    ep(node1) = epoch1
    locked(epoch1,node1)
    transfer(epoch0,node1)
    transfer(epoch2,node1)

Found a representative state in Rmin not in reachability: decimal: 10138670028324881, binary: 00100100000001010001000100

State:
    ep(node0) = epoch2
    ep(node1) = epoch1
    locked(epoch1,node1)
    locked(epoch2,node1)
    transfer(epoch0,node1)
    transfer(epoch2,node1)

Found a representative state in Rmin not in reachability: decimal: 10138665733357585, binary: 00100100000001010001000000

State:
    ep(node0) = epoch2
    ep(node1) = epoch1
    locked(epoch1,node1)
    locked(epoch2,node1)
    transfer(epoch0,node1)

Found a representative state in Rmin not in reachability: decimal: 10138667880841233, binary: 00100100000001010001000010

State:
    ep(node0) = epoch2
    ep(node1) = epoch1
    locked(epoch1,node1)
    locked(epoch2,node1)
    transfer(epoch0,node1)
    transfer(epoch3,node0)

Found a representative state in Rmin not in reachability: decimal: 10138676470775825, binary: 00100100000001010001001010

State:
    ep(node0) = epoch2
    ep(node1) = epoch1
    locked(epoch1,node1)
    locked(epoch2,node1)
    transfer(epoch0,node1)
    transfer(epoch2,node0)
    transfer(epoch3,node0)

Found a representative state in Rmin not in reachability: decimal: 10138674323292177, binary: 00100100000001010001001000

State:
    ep(node0) = epoch2
    ep(node1) = epoch1
    locked(epoch1,node1)
    locked(epoch2,node1)
    transfer(epoch0,node1)
    transfer(epoch2,node0)

Found a representative state in Rmin not in reachability: decimal: 10147470416314385, binary: 00100100000011010001001000

State:
    ep(node0) = epoch2
    ep(node1) = epoch1
    locked(epoch1,node0)
    locked(epoch1,node1)
    locked(epoch2,node1)
    transfer(epoch0,node1)
    transfer(epoch2,node0)

Found a representative state in Rmin not in reachability: decimal: 10147461826379793, binary: 00100100000011010001000000

State:
    ep(node0) = epoch2
    ep(node1) = epoch1
    locked(epoch1,node0)
    locked(epoch1,node1)
    locked(epoch2,node1)
    transfer(epoch0,node1)

Found a representative state in Rmin not in reachability: decimal: 10147466121347089, binary: 00100100000011010001000100

State:
    ep(node0) = epoch2
    ep(node1) = epoch1
    locked(epoch1,node0)
    locked(epoch1,node1)
    locked(epoch2,node1)
    transfer(epoch0,node1)
    transfer(epoch2,node1)

Found a representative state in Rmin not in reachability: decimal: 10146366609719313, binary: 00100100000011000001000100

State:
    ep(node0) = epoch2
    ep(node1) = epoch1
    locked(epoch1,node0)
    locked(epoch1,node1)
    transfer(epoch0,node1)
    transfer(epoch2,node1)

Found a representative state in Rmin not in reachability: decimal: 10146362314752017, binary: 00100100000011000001000000

State:
    ep(node0) = epoch2
    ep(node1) = epoch1
    locked(epoch1,node0)
    locked(epoch1,node1)
    transfer(epoch0,node1)

Found a representative state in Rmin not in reachability: decimal: 10146370904686609, binary: 00100100000011000001001000

State:
    ep(node0) = epoch2
    ep(node1) = epoch1
    locked(epoch1,node0)
    locked(epoch1,node1)
    transfer(epoch0,node1)
    transfer(epoch2,node0)

Found a representative state in Rmin not in reachability: decimal: 10148569927942161, binary: 00100100000011100001001000

State:
    ep(node0) = epoch2
    ep(node1) = epoch1
    locked(epoch1,node0)
    locked(epoch1,node1)
    locked(epoch2,node0)
    transfer(epoch0,node1)
    transfer(epoch2,node0)

Found a representative state in Rmin not in reachability: decimal: 10148561338007569, binary: 00100100000011100001000000

State:
    ep(node0) = epoch2
    ep(node1) = epoch1
    locked(epoch1,node0)
    locked(epoch1,node1)
    locked(epoch2,node0)
    transfer(epoch0,node1)

Found a representative state in Rmin not in reachability: decimal: 10148565632974865, binary: 00100100000011100001000100

State:
    ep(node0) = epoch2
    ep(node1) = epoch1
    locked(epoch1,node0)
    locked(epoch1,node1)
    locked(epoch2,node0)
    transfer(epoch0,node1)
    transfer(epoch2,node1)

Found a representative state in Rmin not in reachability: decimal: 10149665144602641, binary: 00100100000011110001000100

State:
    ep(node0) = epoch2
    ep(node1) = epoch1
    locked(epoch1,node0)
    locked(epoch1,node1)
    locked(epoch2,node0)
    locked(epoch2,node1)
    transfer(epoch0,node1)
    transfer(epoch2,node1)

Found a representative state in Rmin not in reachability: decimal: 10149660849635345, binary: 00100100000011110001000000

State:
    ep(node0) = epoch2
    ep(node1) = epoch1
    locked(epoch1,node0)
    locked(epoch1,node1)
    locked(epoch2,node0)
    locked(epoch2,node1)
    transfer(epoch0,node1)

Found a representative state in Rmin not in reachability: decimal: 10149669439569937, binary: 00100100000011110001001000

State:
    ep(node0) = epoch2
    ep(node1) = epoch1
    locked(epoch1,node0)
    locked(epoch1,node1)
    locked(epoch2,node0)
    locked(epoch2,node1)
    transfer(epoch0,node1)
    transfer(epoch2,node0)

Found a representative state in Rmin not in reachability: decimal: 10145271393058833, binary: 00100100000010110001001000

State:
    ep(node0) = epoch2
    ep(node1) = epoch1
    locked(epoch1,node0)
    locked(epoch2,node0)
    locked(epoch2,node1)
    transfer(epoch0,node1)
    transfer(epoch2,node0)

Found a representative state in Rmin not in reachability: decimal: 10145262803124241, binary: 00100100000010110001000000

State:
    ep(node0) = epoch2
    ep(node1) = epoch1
    locked(epoch1,node0)
    locked(epoch2,node0)
    locked(epoch2,node1)
    transfer(epoch0,node1)

Found a representative state in Rmin not in reachability: decimal: 10145263876866065, binary: 00100100000010110001000001

State:
    ep(node0) = epoch2
    ep(node1) = epoch1
    locked(epoch1,node0)
    locked(epoch2,node0)
    locked(epoch2,node1)
    transfer(epoch0,node1)
    transfer(epoch3,node1)

Found a representative state in Rmin not in reachability: decimal: 10145268171833361, binary: 00100100000010110001000101

State:
    ep(node0) = epoch2
    ep(node1) = epoch1
    locked(epoch1,node0)
    locked(epoch2,node0)
    locked(epoch2,node1)
    transfer(epoch0,node1)
    transfer(epoch2,node1)
    transfer(epoch3,node1)

Found a representative state in Rmin not in reachability: decimal: 10145267098091537, binary: 00100100000010110001000100

State:
    ep(node0) = epoch2
    ep(node1) = epoch1
    locked(epoch1,node0)
    locked(epoch2,node0)
    locked(epoch2,node1)
    transfer(epoch0,node1)
    transfer(epoch2,node1)

Found a representative state in Rmin not in reachability: decimal: 10144168660205585, binary: 00100100000010100001000101

State:
    ep(node0) = epoch2
    ep(node1) = epoch1
    locked(epoch1,node0)
    locked(epoch2,node0)
    transfer(epoch0,node1)
    transfer(epoch2,node1)
    transfer(epoch3,node1)

Found a representative state in Rmin not in reachability: decimal: 10144167586463761, binary: 00100100000010100001000100

State:
    ep(node0) = epoch2
    ep(node1) = epoch1
    locked(epoch1,node0)
    locked(epoch2,node0)
    transfer(epoch0,node1)
    transfer(epoch2,node1)

Found a representative state in Rmin not in reachability: decimal: 10144164365238289, binary: 00100100000010100001000001

State:
    ep(node0) = epoch2
    ep(node1) = epoch1
    locked(epoch1,node0)
    locked(epoch2,node0)
    transfer(epoch0,node1)
    transfer(epoch3,node1)

Found a representative state in Rmin not in reachability: decimal: 10144163291496465, binary: 00100100000010100001000000

State:
    ep(node0) = epoch2
    ep(node1) = epoch1
    locked(epoch1,node0)
    locked(epoch2,node0)
    transfer(epoch0,node1)

Found a representative state in Rmin not in reachability: decimal: 10144171881431057, binary: 00100100000010100001001000

State:
    ep(node0) = epoch2
    ep(node1) = epoch1
    locked(epoch1,node0)
    locked(epoch2,node0)
    transfer(epoch0,node1)
    transfer(epoch2,node0)

Found a representative state in Rmin not in reachability: decimal: 10141972858175505, binary: 00100100000010000001001000

State:
    ep(node0) = epoch2
    ep(node1) = epoch1
    locked(epoch1,node0)
    transfer(epoch0,node1)
    transfer(epoch2,node0)

Found a representative state in Rmin not in reachability: decimal: 10141965341982737, binary: 00100100000010000001000001

State:
    ep(node0) = epoch2
    ep(node1) = epoch1
    locked(epoch1,node0)
    transfer(epoch0,node1)
    transfer(epoch3,node1)

Found a representative state in Rmin not in reachability: decimal: 10141964268240913, binary: 00100100000010000001000000

State:
    ep(node0) = epoch2
    ep(node1) = epoch1
    locked(epoch1,node0)
    transfer(epoch0,node1)

Found a representative state in Rmin not in reachability: decimal: 10141968563208209, binary: 00100100000010000001000100

State:
    ep(node0) = epoch2
    ep(node1) = epoch1
    locked(epoch1,node0)
    transfer(epoch0,node1)
    transfer(epoch2,node1)

Found a representative state in Rmin not in reachability: decimal: 10141969636950033, binary: 00100100000010000001000101

State:
    ep(node0) = epoch2
    ep(node1) = epoch1
    locked(epoch1,node0)
    transfer(epoch0,node1)
    transfer(epoch2,node1)
    transfer(epoch3,node1)

Found a representative state in Rmin not in reachability: decimal: 10143069148577809, binary: 00100100000010010001000101

State:
    ep(node0) = epoch2
    ep(node1) = epoch1
    locked(epoch1,node0)
    locked(epoch2,node1)
    transfer(epoch0,node1)
    transfer(epoch2,node1)
    transfer(epoch3,node1)

Found a representative state in Rmin not in reachability: decimal: 10143068074835985, binary: 00100100000010010001000100

State:
    ep(node0) = epoch2
    ep(node1) = epoch1
    locked(epoch1,node0)
    locked(epoch2,node1)
    transfer(epoch0,node1)
    transfer(epoch2,node1)

Found a representative state in Rmin not in reachability: decimal: 10143063779868689, binary: 00100100000010010001000000

State:
    ep(node0) = epoch2
    ep(node1) = epoch1
    locked(epoch1,node0)
    locked(epoch2,node1)
    transfer(epoch0,node1)

Found a representative state in Rmin not in reachability: decimal: 10143064853610513, binary: 00100100000010010001000001

State:
    ep(node0) = epoch2
    ep(node1) = epoch1
    locked(epoch1,node0)
    locked(epoch2,node1)
    transfer(epoch0,node1)
    transfer(epoch3,node1)

Found a representative state in Rmin not in reachability: decimal: 10143072369804305, binary: 00100100000010010001001000

State:
    ep(node0) = epoch2
    ep(node1) = epoch1
    locked(epoch1,node0)
    locked(epoch2,node1)
    transfer(epoch0,node1)
    transfer(epoch2,node0)

Found a representative state in Rmin not in reachability: decimal: 5219459304310801, binary: 00010010100010110001001000

State:
    ep(node0) = epoch3
    ep(node1) = epoch2
    held(node0)
    locked(epoch1,node0)
    locked(epoch2,node0)
    locked(epoch2,node1)
    transfer(epoch0,node1)
    transfer(epoch2,node0)

Found a representative state in Rmin not in reachability: decimal: 5220009060124689, binary: 00010010100010111001001000

State:
    ep(node0) = epoch3
    ep(node1) = epoch2
    held(node0)
    locked(epoch1,node0)
    locked(epoch2,node0)
    locked(epoch2,node1)
    locked(epoch3,node0)
    transfer(epoch0,node1)
    transfer(epoch2,node0)

Found a representative state in Rmin not in reachability: decimal: 5220013355091985, binary: 00010010100010111001001100

State:
    ep(node0) = epoch3
    ep(node1) = epoch2
    held(node0)
    locked(epoch1,node0)
    locked(epoch2,node0)
    locked(epoch2,node1)
    locked(epoch3,node0)
    transfer(epoch0,node1)
    transfer(epoch2,node0)
    transfer(epoch2,node1)

Found a representative state in Rmin not in reachability: decimal: 5219463599278097, binary: 00010010100010110001001100

State:
    ep(node0) = epoch3
    ep(node1) = epoch2
    held(node0)
    locked(epoch1,node0)
    locked(epoch2,node0)
    locked(epoch2,node1)
    transfer(epoch0,node1)
    transfer(epoch2,node0)
    transfer(epoch2,node1)

Found a representative state in Rmin not in reachability: decimal: 5219455009343505, binary: 00010010100010110001000100

State:
    ep(node0) = epoch3
    ep(node1) = epoch2
    held(node0)
    locked(epoch1,node0)
    locked(epoch2,node0)
    locked(epoch2,node1)
    transfer(epoch0,node1)
    transfer(epoch2,node1)

Found a representative state in Rmin not in reachability: decimal: 5220004765157393, binary: 00010010100010111001000100

State:
    ep(node0) = epoch3
    ep(node1) = epoch2
    held(node0)
    locked(epoch1,node0)
    locked(epoch2,node0)
    locked(epoch2,node1)
    locked(epoch3,node0)
    transfer(epoch0,node1)
    transfer(epoch2,node1)

Found a representative state in Rmin not in reachability: decimal: 5220000470190097, binary: 00010010100010111001000000

State:
    ep(node0) = epoch3
    ep(node1) = epoch2
    held(node0)
    locked(epoch1,node0)
    locked(epoch2,node0)
    locked(epoch2,node1)
    locked(epoch3,node0)
    transfer(epoch0,node1)

Found a representative state in Rmin not in reachability: decimal: 5219450714376209, binary: 00010010100010110001000000

State:
    ep(node0) = epoch3
    ep(node1) = epoch2
    held(node0)
    locked(epoch1,node0)
    locked(epoch2,node0)
    locked(epoch2,node1)
    transfer(epoch0,node1)

Found a representative state in Rmin not in reachability: decimal: 5218351202748433, binary: 00010010100010100001000000

State:
    ep(node0) = epoch3
    ep(node1) = epoch2
    held(node0)
    locked(epoch1,node0)
    locked(epoch2,node0)
    transfer(epoch0,node1)

Found a representative state in Rmin not in reachability: decimal: 5218900958562321, binary: 00010010100010101001000000

State:
    ep(node0) = epoch3
    ep(node1) = epoch2
    held(node0)
    locked(epoch1,node0)
    locked(epoch2,node0)
    locked(epoch3,node0)
    transfer(epoch0,node1)

Found a representative state in Rmin not in reachability: decimal: 5218905253529617, binary: 00010010100010101001000100

State:
    ep(node0) = epoch3
    ep(node1) = epoch2
    held(node0)
    locked(epoch1,node0)
    locked(epoch2,node0)
    locked(epoch3,node0)
    transfer(epoch0,node1)
    transfer(epoch2,node1)

Found a representative state in Rmin not in reachability: decimal: 5218355497715729, binary: 00010010100010100001000100

State:
    ep(node0) = epoch3
    ep(node1) = epoch2
    held(node0)
    locked(epoch1,node0)
    locked(epoch2,node0)
    transfer(epoch0,node1)
    transfer(epoch2,node1)

Found a representative state in Rmin not in reachability: decimal: 5218913843464209, binary: 00010010100010101001001100

State:
    ep(node0) = epoch3
    ep(node1) = epoch2
    held(node0)
    locked(epoch1,node0)
    locked(epoch2,node0)
    locked(epoch3,node0)
    transfer(epoch0,node1)
    transfer(epoch2,node0)
    transfer(epoch2,node1)

Found a representative state in Rmin not in reachability: decimal: 5218364087650321, binary: 00010010100010100001001100

State:
    ep(node0) = epoch3
    ep(node1) = epoch2
    held(node0)
    locked(epoch1,node0)
    locked(epoch2,node0)
    transfer(epoch0,node1)
    transfer(epoch2,node0)
    transfer(epoch2,node1)

Found a representative state in Rmin not in reachability: decimal: 5218359792683025, binary: 00010010100010100001001000

State:
    ep(node0) = epoch3
    ep(node1) = epoch2
    held(node0)
    locked(epoch1,node0)
    locked(epoch2,node0)
    transfer(epoch0,node1)
    transfer(epoch2,node0)

Found a representative state in Rmin not in reachability: decimal: 5218909548496913, binary: 00010010100010101001001000

State:
    ep(node0) = epoch3
    ep(node1) = epoch2
    held(node0)
    locked(epoch1,node0)
    locked(epoch2,node0)
    locked(epoch3,node0)
    transfer(epoch0,node1)
    transfer(epoch2,node0)

Found a representative state in Rmin not in reachability: decimal: 5216710525241361, binary: 00010010100010001001001000

State:
    ep(node0) = epoch3
    ep(node1) = epoch2
    held(node0)
    locked(epoch1,node0)
    locked(epoch3,node0)
    transfer(epoch0,node1)
    transfer(epoch2,node0)

Found a representative state in Rmin not in reachability: decimal: 5216160769427473, binary: 00010010100010000001001000

State:
    ep(node0) = epoch3
    ep(node1) = epoch2
    held(node0)
    locked(epoch1,node0)
    transfer(epoch0,node1)
    transfer(epoch2,node0)

Found a representative state in Rmin not in reachability: decimal: 5216165064394769, binary: 00010010100010000001001100

State:
    ep(node0) = epoch3
    ep(node1) = epoch2
    held(node0)
    locked(epoch1,node0)
    transfer(epoch0,node1)
    transfer(epoch2,node0)
    transfer(epoch2,node1)

Found a representative state in Rmin not in reachability: decimal: 5216714820208657, binary: 00010010100010001001001100

State:
    ep(node0) = epoch3
    ep(node1) = epoch2
    held(node0)
    locked(epoch1,node0)
    locked(epoch3,node0)
    transfer(epoch0,node1)
    transfer(epoch2,node0)
    transfer(epoch2,node1)

Found a representative state in Rmin not in reachability: decimal: 5216706230274065, binary: 00010010100010001001000100

State:
    ep(node0) = epoch3
    ep(node1) = epoch2
    held(node0)
    locked(epoch1,node0)
    locked(epoch3,node0)
    transfer(epoch0,node1)
    transfer(epoch2,node1)

Found a representative state in Rmin not in reachability: decimal: 5216156474460177, binary: 00010010100010000001000100

State:
    ep(node0) = epoch3
    ep(node1) = epoch2
    held(node0)
    locked(epoch1,node0)
    transfer(epoch0,node1)
    transfer(epoch2,node1)

Found a representative state in Rmin not in reachability: decimal: 5216152179492881, binary: 00010010100010000001000000

State:
    ep(node0) = epoch3
    ep(node1) = epoch2
    held(node0)
    locked(epoch1,node0)
    transfer(epoch0,node1)

Found a representative state in Rmin not in reachability: decimal: 5216701935306769, binary: 00010010100010001001000000

State:
    ep(node0) = epoch3
    ep(node1) = epoch2
    held(node0)
    locked(epoch1,node0)
    locked(epoch3,node0)
    transfer(epoch0,node1)

Found a representative state in Rmin not in reachability: decimal: 5217801446934545, binary: 00010010100010011001000000

State:
    ep(node0) = epoch3
    ep(node1) = epoch2
    held(node0)
    locked(epoch1,node0)
    locked(epoch2,node1)
    locked(epoch3,node0)
    transfer(epoch0,node1)

Found a representative state in Rmin not in reachability: decimal: 5217251691120657, binary: 00010010100010010001000000

State:
    ep(node0) = epoch3
    ep(node1) = epoch2
    held(node0)
    locked(epoch1,node0)
    locked(epoch2,node1)
    transfer(epoch0,node1)

Found a representative state in Rmin not in reachability: decimal: 5217255986087953, binary: 00010010100010010001000100

State:
    ep(node0) = epoch3
    ep(node1) = epoch2
    held(node0)
    locked(epoch1,node0)
    locked(epoch2,node1)
    transfer(epoch0,node1)
    transfer(epoch2,node1)

Found a representative state in Rmin not in reachability: decimal: 5217805741901841, binary: 00010010100010011001000100

State:
    ep(node0) = epoch3
    ep(node1) = epoch2
    held(node0)
    locked(epoch1,node0)
    locked(epoch2,node1)
    locked(epoch3,node0)
    transfer(epoch0,node1)
    transfer(epoch2,node1)

Found a representative state in Rmin not in reachability: decimal: 5217814331836433, binary: 00010010100010011001001100

State:
    ep(node0) = epoch3
    ep(node1) = epoch2
    held(node0)
    locked(epoch1,node0)
    locked(epoch2,node1)
    locked(epoch3,node0)
    transfer(epoch0,node1)
    transfer(epoch2,node0)
    transfer(epoch2,node1)

Found a representative state in Rmin not in reachability: decimal: 5217264576022545, binary: 00010010100010010001001100

State:
    ep(node0) = epoch3
    ep(node1) = epoch2
    held(node0)
    locked(epoch1,node0)
    locked(epoch2,node1)
    transfer(epoch0,node1)
    transfer(epoch2,node0)
    transfer(epoch2,node1)

Found a representative state in Rmin not in reachability: decimal: 5217260281055249, binary: 00010010100010010001001000

State:
    ep(node0) = epoch3
    ep(node1) = epoch2
    held(node0)
    locked(epoch1,node0)
    locked(epoch2,node1)
    transfer(epoch0,node1)
    transfer(epoch2,node0)

Found a representative state in Rmin not in reachability: decimal: 5217810036869137, binary: 00010010100010011001001000

State:
    ep(node0) = epoch3
    ep(node1) = epoch2
    held(node0)
    locked(epoch1,node0)
    locked(epoch2,node1)
    locked(epoch3,node0)
    transfer(epoch0,node1)
    transfer(epoch2,node0)

Found a representative state in Rmin not in reachability: decimal: 5214021875697681, binary: 00010010100001100010000000

State:
    ep(node0) = epoch3
    ep(node1) = epoch2
    held(node0)
    locked(epoch1,node1)
    locked(epoch2,node0)
    transfer(epoch0,node0)

Found a representative state in Rmin not in reachability: decimal: 5214571631511569, binary: 00010010100001101010000000

State:
    ep(node0) = epoch3
    ep(node1) = epoch2
    held(node0)
    locked(epoch1,node1)
    locked(epoch2,node0)
    locked(epoch3,node0)
    transfer(epoch0,node0)

Found a representative state in Rmin not in reachability: decimal: 5214573778996241, binary: 00010010100001101010000010

State:
    ep(node0) = epoch3
    ep(node1) = epoch2
    held(node0)
    locked(epoch1,node1)
    locked(epoch2,node0)
    locked(epoch3,node0)
    transfer(epoch0,node0)
    transfer(epoch3,node0)

Found a representative state in Rmin not in reachability: decimal: 5214024023182353, binary: 00010010100001100010000010

State:
    ep(node0) = epoch3
    ep(node1) = epoch2
    held(node0)
    locked(epoch1,node1)
    locked(epoch2,node0)
    transfer(epoch0,node0)
    transfer(epoch3,node0)

Found a representative state in Rmin not in reachability: decimal: 5212374755740689, binary: 00010010100001001010000010

State:
    ep(node0) = epoch3
    ep(node1) = epoch2
    held(node0)
    locked(epoch1,node1)
    locked(epoch3,node0)
    transfer(epoch0,node0)
    transfer(epoch3,node0)

Found a representative state in Rmin not in reachability: decimal: 5211824999926801, binary: 00010010100001000010000010

State:
    ep(node0) = epoch3
    ep(node1) = epoch2
    held(node0)
    locked(epoch1,node1)
    transfer(epoch0,node0)
    transfer(epoch3,node0)

Found a representative state in Rmin not in reachability: decimal: 5211822852443153, binary: 00010010100001000010000000

State:
    ep(node0) = epoch3
    ep(node1) = epoch2
    held(node0)
    locked(epoch1,node1)
    transfer(epoch0,node0)

Found a representative state in Rmin not in reachability: decimal: 5212372608257041, binary: 00010010100001001010000000

State:
    ep(node0) = epoch3
    ep(node1) = epoch2
    held(node0)
    locked(epoch1,node1)
    locked(epoch3,node0)
    transfer(epoch0,node0)

Found a representative state in Rmin not in reachability: decimal: 5212922364070929, binary: 00010010100001010010000000

State:
    ep(node0) = epoch3
    ep(node1) = epoch2
    held(node0)
    locked(epoch1,node1)
    locked(epoch2,node1)
    transfer(epoch0,node0)

Found a representative state in Rmin not in reachability: decimal: 5213472119884817, binary: 00010010100001011010000000

State:
    ep(node0) = epoch3
    ep(node1) = epoch2
    held(node0)
    locked(epoch1,node1)
    locked(epoch2,node1)
    locked(epoch3,node0)
    transfer(epoch0,node0)

Found a representative state in Rmin not in reachability: decimal: 5213474267368465, binary: 00010010100001011010000010

State:
    ep(node0) = epoch3
    ep(node1) = epoch2
    held(node0)
    locked(epoch1,node1)
    locked(epoch2,node1)
    locked(epoch3,node0)
    transfer(epoch0,node0)
    transfer(epoch3,node0)

Found a representative state in Rmin not in reachability: decimal: 5212924511554577, binary: 00010010100001010010000010

State:
    ep(node0) = epoch3
    ep(node1) = epoch2
    held(node0)
    locked(epoch1,node1)
    locked(epoch2,node1)
    transfer(epoch0,node0)
    transfer(epoch3,node0)

Found a representative state in Rmin not in reachability: decimal: 5215673290624017, binary: 00010010100001111010000010

State:
    ep(node0) = epoch3
    ep(node1) = epoch2
    held(node0)
    locked(epoch1,node1)
    locked(epoch2,node0)
    locked(epoch2,node1)
    locked(epoch3,node0)
    transfer(epoch0,node0)
    transfer(epoch3,node0)

Found a representative state in Rmin not in reachability: decimal: 5215123534810129, binary: 00010010100001110010000010

State:
    ep(node0) = epoch3
    ep(node1) = epoch2
    held(node0)
    locked(epoch1,node1)
    locked(epoch2,node0)
    locked(epoch2,node1)
    transfer(epoch0,node0)
    transfer(epoch3,node0)

Found a representative state in Rmin not in reachability: decimal: 5215671143140369, binary: 00010010100001111010000000

State:
    ep(node0) = epoch3
    ep(node1) = epoch2
    held(node0)
    locked(epoch1,node1)
    locked(epoch2,node0)
    locked(epoch2,node1)
    locked(epoch3,node0)
    transfer(epoch0,node0)

Found a representative state in Rmin not in reachability: decimal: 5215121387326481, binary: 00010010100001110010000000

State:
    ep(node0) = epoch3
    ep(node1) = epoch2
    held(node0)
    locked(epoch1,node1)
    locked(epoch2,node0)
    locked(epoch2,node1)
    transfer(epoch0,node0)

Found a representative state in Rmin not in reachability: decimal: 5223917480871953, binary: 00010010100011110010000000

State:
    ep(node0) = epoch3
    ep(node1) = epoch2
    held(node0)
    locked(epoch1,node0)
    locked(epoch1,node1)
    locked(epoch2,node0)
    locked(epoch2,node1)
    transfer(epoch0,node0)

Found a representative state in Rmin not in reachability: decimal: 5224467236685841, binary: 00010010100011111010000000

State:
    ep(node0) = epoch3
    ep(node1) = epoch2
    held(node0)
    locked(epoch1,node0)
    locked(epoch1,node1)
    locked(epoch2,node0)
    locked(epoch2,node1)
    locked(epoch3,node0)
    transfer(epoch0,node0)

Found a representative state in Rmin not in reachability: decimal: 5222268213430289, binary: 00010010100011011010000000

State:
    ep(node0) = epoch3
    ep(node1) = epoch2
    held(node0)
    locked(epoch1,node0)
    locked(epoch1,node1)
    locked(epoch2,node1)
    locked(epoch3,node0)
    transfer(epoch0,node0)

Found a representative state in Rmin not in reachability: decimal: 5221718457616401, binary: 00010010100011010010000000

State:
    ep(node0) = epoch3
    ep(node1) = epoch2
    held(node0)
    locked(epoch1,node0)
    locked(epoch1,node1)
    locked(epoch2,node1)
    transfer(epoch0,node0)

Found a representative state in Rmin not in reachability: decimal: 5220618945988625, binary: 00010010100011000010000000

State:
    ep(node0) = epoch3
    ep(node1) = epoch2
    held(node0)
    locked(epoch1,node0)
    locked(epoch1,node1)
    transfer(epoch0,node0)

Found a representative state in Rmin not in reachability: decimal: 5221168701802513, binary: 00010010100011001010000000

State:
    ep(node0) = epoch3
    ep(node1) = epoch2
    held(node0)
    locked(epoch1,node0)
    locked(epoch1,node1)
    locked(epoch3,node0)
    transfer(epoch0,node0)

Found a representative state in Rmin not in reachability: decimal: 5222817969244177, binary: 00010010100011100010000000

State:
    ep(node0) = epoch3
    ep(node1) = epoch2
    held(node0)
    locked(epoch1,node0)
    locked(epoch1,node1)
    locked(epoch2,node0)
    transfer(epoch0,node0)

Found a representative state in Rmin not in reachability: decimal: 5223367725058065, binary: 00010010100011101010000000

State:
    ep(node0) = epoch3
    ep(node1) = epoch2
    held(node0)
    locked(epoch1,node0)
    locked(epoch1,node1)
    locked(epoch2,node0)
    locked(epoch3,node0)
    transfer(epoch0,node0)

Found a representative state in Rmin not in reachability: decimal: 5223848761395217, binary: 00010010100011110001000000

State:
    ep(node0) = epoch3
    ep(node1) = epoch2
    held(node0)
    locked(epoch1,node0)
    locked(epoch1,node1)
    locked(epoch2,node0)
    locked(epoch2,node1)
    transfer(epoch0,node1)

Found a representative state in Rmin not in reachability: decimal: 5224398517209105, binary: 00010010100011111001000000

State:
    ep(node0) = epoch3
    ep(node1) = epoch2
    held(node0)
    locked(epoch1,node0)
    locked(epoch1,node1)
    locked(epoch2,node0)
    locked(epoch2,node1)
    locked(epoch3,node0)
    transfer(epoch0,node1)

Found a representative state in Rmin not in reachability: decimal: 5223299005581329, binary: 00010010100011101001000000

State:
    ep(node0) = epoch3
    ep(node1) = epoch2
    held(node0)
    locked(epoch1,node0)
    locked(epoch1,node1)
    locked(epoch2,node0)
    locked(epoch3,node0)
    transfer(epoch0,node1)

Found a representative state in Rmin not in reachability: decimal: 5222749249767441, binary: 00010010100011100001000000

State:
    ep(node0) = epoch3
    ep(node1) = epoch2
    held(node0)
    locked(epoch1,node0)
    locked(epoch1,node1)
    locked(epoch2,node0)
    transfer(epoch0,node1)

Found a representative state in Rmin not in reachability: decimal: 5220550226511889, binary: 00010010100011000001000000

State:
    ep(node0) = epoch3
    ep(node1) = epoch2
    held(node0)
    locked(epoch1,node0)
    locked(epoch1,node1)
    transfer(epoch0,node1)

Found a representative state in Rmin not in reachability: decimal: 5221099982325777, binary: 00010010100011001001000000

State:
    ep(node0) = epoch3
    ep(node1) = epoch2
    held(node0)
    locked(epoch1,node0)
    locked(epoch1,node1)
    locked(epoch3,node0)
    transfer(epoch0,node1)

Found a representative state in Rmin not in reachability: decimal: 5222199493953553, binary: 00010010100011011001000000

State:
    ep(node0) = epoch3
    ep(node1) = epoch2
    held(node0)
    locked(epoch1,node0)
    locked(epoch1,node1)
    locked(epoch2,node1)
    locked(epoch3,node0)
    transfer(epoch0,node1)

Found a representative state in Rmin not in reachability: decimal: 5221649738139665, binary: 00010010100011010001000000

State:
    ep(node0) = epoch3
    ep(node1) = epoch2
    held(node0)
    locked(epoch1,node0)
    locked(epoch1,node1)
    locked(epoch2,node1)
    transfer(epoch0,node1)

Found a representative state in Rmin not in reachability: decimal: 5212853645117457, binary: 00010010100001010001000000

State:
    ep(node0) = epoch3
    ep(node1) = epoch2
    held(node0)
    locked(epoch1,node1)
    locked(epoch2,node1)
    transfer(epoch0,node1)

Found a representative state in Rmin not in reachability: decimal: 5213403400931345, binary: 00010010100001011001000000

State:
    ep(node0) = epoch3
    ep(node1) = epoch2
    held(node0)
    locked(epoch1,node1)
    locked(epoch2,node1)
    locked(epoch3,node0)
    transfer(epoch0,node1)

Found a representative state in Rmin not in reachability: decimal: 5213405548416017, binary: 00010010100001011001000010

State:
    ep(node0) = epoch3
    ep(node1) = epoch2
    held(node0)
    locked(epoch1,node1)
    locked(epoch2,node1)
    locked(epoch3,node0)
    transfer(epoch0,node1)
    transfer(epoch3,node0)

Found a representative state in Rmin not in reachability: decimal: 5212855792602129, binary: 00010010100001010001000010

State:
    ep(node0) = epoch3
    ep(node1) = epoch2
    held(node0)
    locked(epoch1,node1)
    locked(epoch2,node1)
    transfer(epoch0,node1)
    transfer(epoch3,node0)

Found a representative state in Rmin not in reachability: decimal: 5211756280974353, binary: 00010010100001000001000010

State:
    ep(node0) = epoch3
    ep(node1) = epoch2
    held(node0)
    locked(epoch1,node1)
    transfer(epoch0,node1)
    transfer(epoch3,node0)

Found a representative state in Rmin not in reachability: decimal: 5212306036788241, binary: 00010010100001001001000010

State:
    ep(node0) = epoch3
    ep(node1) = epoch2
    held(node0)
    locked(epoch1,node1)
    locked(epoch3,node0)
    transfer(epoch0,node1)
    transfer(epoch3,node0)

Found a representative state in Rmin not in reachability: decimal: 5212303889304593, binary: 00010010100001001001000000

State:
    ep(node0) = epoch3
    ep(node1) = epoch2
    held(node0)
    locked(epoch1,node1)
    locked(epoch3,node0)
    transfer(epoch0,node1)

Found a representative state in Rmin not in reachability: decimal: 5211754133490705, binary: 00010010100001000001000000

State:
    ep(node0) = epoch3
    ep(node1) = epoch2
    held(node0)
    locked(epoch1,node1)
    transfer(epoch0,node1)

Found a representative state in Rmin not in reachability: decimal: 5214502912560145, binary: 00010010100001101001000000

State:
    ep(node0) = epoch3
    ep(node1) = epoch2
    held(node0)
    locked(epoch1,node1)
    locked(epoch2,node0)
    locked(epoch3,node0)
    transfer(epoch0,node1)

Found a representative state in Rmin not in reachability: decimal: 5213953156746257, binary: 00010010100001100001000000

State:
    ep(node0) = epoch3
    ep(node1) = epoch2
    held(node0)
    locked(epoch1,node1)
    locked(epoch2,node0)
    transfer(epoch0,node1)

Found a representative state in Rmin not in reachability: decimal: 5213955304229905, binary: 00010010100001100001000010

State:
    ep(node0) = epoch3
    ep(node1) = epoch2
    held(node0)
    locked(epoch1,node1)
    locked(epoch2,node0)
    transfer(epoch0,node1)
    transfer(epoch3,node0)

Found a representative state in Rmin not in reachability: decimal: 5214505060043793, binary: 00010010100001101001000010

State:
    ep(node0) = epoch3
    ep(node1) = epoch2
    held(node0)
    locked(epoch1,node1)
    locked(epoch2,node0)
    locked(epoch3,node0)
    transfer(epoch0,node1)
    transfer(epoch3,node0)

Found a representative state in Rmin not in reachability: decimal: 5215604571671569, binary: 00010010100001111001000010

State:
    ep(node0) = epoch3
    ep(node1) = epoch2
    held(node0)
    locked(epoch1,node1)
    locked(epoch2,node0)
    locked(epoch2,node1)
    locked(epoch3,node0)
    transfer(epoch0,node1)
    transfer(epoch3,node0)

Found a representative state in Rmin not in reachability: decimal: 5215054815857681, binary: 00010010100001110001000010

State:
    ep(node0) = epoch3
    ep(node1) = epoch2
    held(node0)
    locked(epoch1,node1)
    locked(epoch2,node0)
    locked(epoch2,node1)
    transfer(epoch0,node1)
    transfer(epoch3,node0)

Found a representative state in Rmin not in reachability: decimal: 5215052668374033, binary: 00010010100001110001000000

State:
    ep(node0) = epoch3
    ep(node1) = epoch2
    held(node0)
    locked(epoch1,node1)
    locked(epoch2,node0)
    locked(epoch2,node1)
    transfer(epoch0,node1)

Found a representative state in Rmin not in reachability: decimal: 5215602424187921, binary: 00010010100001111001000000

State:
    ep(node0) = epoch3
    ep(node1) = epoch2
    held(node0)
    locked(epoch1,node1)
    locked(epoch2,node0)
    locked(epoch2,node1)
    locked(epoch3,node0)
    transfer(epoch0,node1)

Found a representative state in Rmin not in reachability: decimal: 5218428512159761, binary: 00010010100010100010001000

State:
    ep(node0) = epoch3
    ep(node1) = epoch2
    held(node0)
    locked(epoch1,node0)
    locked(epoch2,node0)
    transfer(epoch0,node0)
    transfer(epoch2,node0)

Found a representative state in Rmin not in reachability: decimal: 5218978267973649, binary: 00010010100010101010001000

State:
    ep(node0) = epoch3
    ep(node1) = epoch2
    held(node0)
    locked(epoch1,node0)
    locked(epoch2,node0)
    locked(epoch3,node0)
    transfer(epoch0,node0)
    transfer(epoch2,node0)

Found a representative state in Rmin not in reachability: decimal: 5218969678039057, binary: 00010010100010101010000000

State:
    ep(node0) = epoch3
    ep(node1) = epoch2
    held(node0)
    locked(epoch1,node0)
    locked(epoch2,node0)
    locked(epoch3,node0)
    transfer(epoch0,node0)

Found a representative state in Rmin not in reachability: decimal: 5218419922225169, binary: 00010010100010100010000000

State:
    ep(node0) = epoch3
    ep(node1) = epoch2
    held(node0)
    locked(epoch1,node0)
    locked(epoch2,node0)
    transfer(epoch0,node0)

Found a representative state in Rmin not in reachability: decimal: 5218424217192465, binary: 00010010100010100010000100

State:
    ep(node0) = epoch3
    ep(node1) = epoch2
    held(node0)
    locked(epoch1,node0)
    locked(epoch2,node0)
    transfer(epoch0,node0)
    transfer(epoch2,node1)

Found a representative state in Rmin not in reachability: decimal: 5218973973006353, binary: 00010010100010101010000100

State:
    ep(node0) = epoch3
    ep(node1) = epoch2
    held(node0)
    locked(epoch1,node0)
    locked(epoch2,node0)
    locked(epoch3,node0)
    transfer(epoch0,node0)
    transfer(epoch2,node1)

Found a representative state in Rmin not in reachability: decimal: 5218982562940945, binary: 00010010100010101010001100

State:
    ep(node0) = epoch3
    ep(node1) = epoch2
    held(node0)
    locked(epoch1,node0)
    locked(epoch2,node0)
    locked(epoch3,node0)
    transfer(epoch0,node0)
    transfer(epoch2,node0)
    transfer(epoch2,node1)

Found a representative state in Rmin not in reachability: decimal: 5218432807127057, binary: 00010010100010100010001100

State:
    ep(node0) = epoch3
    ep(node1) = epoch2
    held(node0)
    locked(epoch1,node0)
    locked(epoch2,node0)
    transfer(epoch0,node0)
    transfer(epoch2,node0)
    transfer(epoch2,node1)

Found a representative state in Rmin not in reachability: decimal: 5216233783871505, binary: 00010010100010000010001100

State:
    ep(node0) = epoch3
    ep(node1) = epoch2
    held(node0)
    locked(epoch1,node0)
    transfer(epoch0,node0)
    transfer(epoch2,node0)
    transfer(epoch2,node1)

Found a representative state in Rmin not in reachability: decimal: 5216783539685393, binary: 00010010100010001010001100

State:
    ep(node0) = epoch3
    ep(node1) = epoch2
    held(node0)
    locked(epoch1,node0)
    locked(epoch3,node0)
    transfer(epoch0,node0)
    transfer(epoch2,node0)
    transfer(epoch2,node1)

Found a representative state in Rmin not in reachability: decimal: 5216774949750801, binary: 00010010100010001010000100

State:
    ep(node0) = epoch3
    ep(node1) = epoch2
    held(node0)
    locked(epoch1,node0)
    locked(epoch3,node0)
    transfer(epoch0,node0)
    transfer(epoch2,node1)

Found a representative state in Rmin not in reachability: decimal: 5216225193936913, binary: 00010010100010000010000100

State:
    ep(node0) = epoch3
    ep(node1) = epoch2
    held(node0)
    locked(epoch1,node0)
    transfer(epoch0,node0)
    transfer(epoch2,node1)

Found a representative state in Rmin not in reachability: decimal: 5216220898969617, binary: 00010010100010000010000000

State:
    ep(node0) = epoch3
    ep(node1) = epoch2
    held(node0)
    locked(epoch1,node0)
    transfer(epoch0,node0)

Found a representative state in Rmin not in reachability: decimal: 5216770654783505, binary: 00010010100010001010000000

State:
    ep(node0) = epoch3
    ep(node1) = epoch2
    held(node0)
    locked(epoch1,node0)
    locked(epoch3,node0)
    transfer(epoch0,node0)

Found a representative state in Rmin not in reachability: decimal: 5216779244718097, binary: 00010010100010001010001000

State:
    ep(node0) = epoch3
    ep(node1) = epoch2
    held(node0)
    locked(epoch1,node0)
    locked(epoch3,node0)
    transfer(epoch0,node0)
    transfer(epoch2,node0)

Found a representative state in Rmin not in reachability: decimal: 5216229488904209, binary: 00010010100010000010001000

State:
    ep(node0) = epoch3
    ep(node1) = epoch2
    held(node0)
    locked(epoch1,node0)
    transfer(epoch0,node0)
    transfer(epoch2,node0)

Found a representative state in Rmin not in reachability: decimal: 5217329000531985, binary: 00010010100010010010001000

State:
    ep(node0) = epoch3
    ep(node1) = epoch2
    held(node0)
    locked(epoch1,node0)
    locked(epoch2,node1)
    transfer(epoch0,node0)
    transfer(epoch2,node0)

Found a representative state in Rmin not in reachability: decimal: 5217878756345873, binary: 00010010100010011010001000

State:
    ep(node0) = epoch3
    ep(node1) = epoch2
    held(node0)
    locked(epoch1,node0)
    locked(epoch2,node1)
    locked(epoch3,node0)
    transfer(epoch0,node0)
    transfer(epoch2,node0)

Found a representative state in Rmin not in reachability: decimal: 5217870166411281, binary: 00010010100010011010000000

State:
    ep(node0) = epoch3
    ep(node1) = epoch2
    held(node0)
    locked(epoch1,node0)
    locked(epoch2,node1)
    locked(epoch3,node0)
    transfer(epoch0,node0)

Found a representative state in Rmin not in reachability: decimal: 5217320410597393, binary: 00010010100010010010000000

State:
    ep(node0) = epoch3
    ep(node1) = epoch2
    held(node0)
    locked(epoch1,node0)
    locked(epoch2,node1)
    transfer(epoch0,node0)

Found a representative state in Rmin not in reachability: decimal: 5217324705564689, binary: 00010010100010010010000100

State:
    ep(node0) = epoch3
    ep(node1) = epoch2
    held(node0)
    locked(epoch1,node0)
    locked(epoch2,node1)
    transfer(epoch0,node0)
    transfer(epoch2,node1)

Found a representative state in Rmin not in reachability: decimal: 5217874461378577, binary: 00010010100010011010000100

State:
    ep(node0) = epoch3
    ep(node1) = epoch2
    held(node0)
    locked(epoch1,node0)
    locked(epoch2,node1)
    locked(epoch3,node0)
    transfer(epoch0,node0)
    transfer(epoch2,node1)

Found a representative state in Rmin not in reachability: decimal: 5217333295499281, binary: 00010010100010010010001100

State:
    ep(node0) = epoch3
    ep(node1) = epoch2
    held(node0)
    locked(epoch1,node0)
    locked(epoch2,node1)
    transfer(epoch0,node0)
    transfer(epoch2,node0)
    transfer(epoch2,node1)

Found a representative state in Rmin not in reachability: decimal: 5217883051313169, binary: 00010010100010011010001100

State:
    ep(node0) = epoch3
    ep(node1) = epoch2
    held(node0)
    locked(epoch1,node0)
    locked(epoch2,node1)
    locked(epoch3,node0)
    transfer(epoch0,node0)
    transfer(epoch2,node0)
    transfer(epoch2,node1)

Found a representative state in Rmin not in reachability: decimal: 5220082074568721, binary: 00010010100010111010001100

State:
    ep(node0) = epoch3
    ep(node1) = epoch2
    held(node0)
    locked(epoch1,node0)
    locked(epoch2,node0)
    locked(epoch2,node1)
    locked(epoch3,node0)
    transfer(epoch0,node0)
    transfer(epoch2,node0)
    transfer(epoch2,node1)

Found a representative state in Rmin not in reachability: decimal: 5219532318754833, binary: 00010010100010110010001100

State:
    ep(node0) = epoch3
    ep(node1) = epoch2
    held(node0)
    locked(epoch1,node0)
    locked(epoch2,node0)
    locked(epoch2,node1)
    transfer(epoch0,node0)
    transfer(epoch2,node0)
    transfer(epoch2,node1)

Found a representative state in Rmin not in reachability: decimal: 5219523728820241, binary: 00010010100010110010000100

State:
    ep(node0) = epoch3
    ep(node1) = epoch2
    held(node0)
    locked(epoch1,node0)
    locked(epoch2,node0)
    locked(epoch2,node1)
    transfer(epoch0,node0)
    transfer(epoch2,node1)

Found a representative state in Rmin not in reachability: decimal: 5220073484634129, binary: 00010010100010111010000100

State:
    ep(node0) = epoch3
    ep(node1) = epoch2
    held(node0)
    locked(epoch1,node0)
    locked(epoch2,node0)
    locked(epoch2,node1)
    locked(epoch3,node0)
    transfer(epoch0,node0)
    transfer(epoch2,node1)

Found a representative state in Rmin not in reachability: decimal: 5220069189666833, binary: 00010010100010111010000000

State:
    ep(node0) = epoch3
    ep(node1) = epoch2
    held(node0)
    locked(epoch1,node0)
    locked(epoch2,node0)
    locked(epoch2,node1)
    locked(epoch3,node0)
    transfer(epoch0,node0)

Found a representative state in Rmin not in reachability: decimal: 5219519433852945, binary: 00010010100010110010000000

State:
    ep(node0) = epoch3
    ep(node1) = epoch2
    held(node0)
    locked(epoch1,node0)
    locked(epoch2,node0)
    locked(epoch2,node1)
    transfer(epoch0,node0)

Found a representative state in Rmin not in reachability: decimal: 5219528023787537, binary: 00010010100010110010001000

State:
    ep(node0) = epoch3
    ep(node1) = epoch2
    held(node0)
    locked(epoch1,node0)
    locked(epoch2,node0)
    locked(epoch2,node1)
    transfer(epoch0,node0)
    transfer(epoch2,node0)

Found a representative state in Rmin not in reachability: decimal: 5220077779601425, binary: 00010010100010111010001000

State:
    ep(node0) = epoch3
    ep(node1) = epoch2
    held(node0)
    locked(epoch1,node0)
    locked(epoch2,node0)
    locked(epoch2,node1)
    locked(epoch3,node0)
    transfer(epoch0,node0)
    transfer(epoch2,node0)

Found a representative state in Rmin not in reachability: decimal: 5220146499078161, binary: 00010010100010111011001000

State:
    ep(node0) = epoch3
    ep(node1) = epoch2
    held(node0)
    locked(epoch1,node0)
    locked(epoch2,node0)
    locked(epoch2,node1)
    locked(epoch3,node0)
    transfer(epoch0,node0)
    transfer(epoch0,node1)
    transfer(epoch2,node0)

Found a representative state in Rmin not in reachability: decimal: 5219596743264273, binary: 00010010100010110011001000

State:
    ep(node0) = epoch3
    ep(node1) = epoch2
    held(node0)
    locked(epoch1,node0)
    locked(epoch2,node0)
    locked(epoch2,node1)
    transfer(epoch0,node0)
    transfer(epoch0,node1)
    transfer(epoch2,node0)

Found a representative state in Rmin not in reachability: decimal: 5219588153329681, binary: 00010010100010110011000000

State:
    ep(node0) = epoch3
    ep(node1) = epoch2
    held(node0)
    locked(epoch1,node0)
    locked(epoch2,node0)
    locked(epoch2,node1)
    transfer(epoch0,node0)
    transfer(epoch0,node1)

Found a representative state in Rmin not in reachability: decimal: 5220137909143569, binary: 00010010100010111011000000

State:
    ep(node0) = epoch3
    ep(node1) = epoch2
    held(node0)
    locked(epoch1,node0)
    locked(epoch2,node0)
    locked(epoch2,node1)
    locked(epoch3,node0)
    transfer(epoch0,node0)
    transfer(epoch0,node1)

Found a representative state in Rmin not in reachability: decimal: 5219592448296977, binary: 00010010100010110011000100

State:
    ep(node0) = epoch3
    ep(node1) = epoch2
    held(node0)
    locked(epoch1,node0)
    locked(epoch2,node0)
    locked(epoch2,node1)
    transfer(epoch0,node0)
    transfer(epoch0,node1)
    transfer(epoch2,node1)

Found a representative state in Rmin not in reachability: decimal: 5220142204110865, binary: 00010010100010111011000100

State:
    ep(node0) = epoch3
    ep(node1) = epoch2
    held(node0)
    locked(epoch1,node0)
    locked(epoch2,node0)
    locked(epoch2,node1)
    locked(epoch3,node0)
    transfer(epoch0,node0)
    transfer(epoch0,node1)
    transfer(epoch2,node1)

Found a representative state in Rmin not in reachability: decimal: 5220150794045457, binary: 00010010100010111011001100

State:
    ep(node0) = epoch3
    ep(node1) = epoch2
    held(node0)
    locked(epoch1,node0)
    locked(epoch2,node0)
    locked(epoch2,node1)
    locked(epoch3,node0)
    transfer(epoch0,node0)
    transfer(epoch0,node1)
    transfer(epoch2,node0)
    transfer(epoch2,node1)

Found a representative state in Rmin not in reachability: decimal: 5219601038231569, binary: 00010010100010110011001100

State:
    ep(node0) = epoch3
    ep(node1) = epoch2
    held(node0)
    locked(epoch1,node0)
    locked(epoch2,node0)
    locked(epoch2,node1)
    transfer(epoch0,node0)
    transfer(epoch0,node1)
    transfer(epoch2,node0)
    transfer(epoch2,node1)

Found a representative state in Rmin not in reachability: decimal: 5217402014976017, binary: 00010010100010010011001100

State:
    ep(node0) = epoch3
    ep(node1) = epoch2
    held(node0)
    locked(epoch1,node0)
    locked(epoch2,node1)
    transfer(epoch0,node0)
    transfer(epoch0,node1)
    transfer(epoch2,node0)
    transfer(epoch2,node1)

Found a representative state in Rmin not in reachability: decimal: 5217951770789905, binary: 00010010100010011011001100

State:
    ep(node0) = epoch3
    ep(node1) = epoch2
    held(node0)
    locked(epoch1,node0)
    locked(epoch2,node1)
    locked(epoch3,node0)
    transfer(epoch0,node0)
    transfer(epoch0,node1)
    transfer(epoch2,node0)
    transfer(epoch2,node1)

Found a representative state in Rmin not in reachability: decimal: 5217943180855313, binary: 00010010100010011011000100

State:
    ep(node0) = epoch3
    ep(node1) = epoch2
    held(node0)
    locked(epoch1,node0)
    locked(epoch2,node1)
    locked(epoch3,node0)
    transfer(epoch0,node0)
    transfer(epoch0,node1)
    transfer(epoch2,node1)

Found a representative state in Rmin not in reachability: decimal: 5217393425041425, binary: 00010010100010010011000100

State:
    ep(node0) = epoch3
    ep(node1) = epoch2
    held(node0)
    locked(epoch1,node0)
    locked(epoch2,node1)
    transfer(epoch0,node0)
    transfer(epoch0,node1)
    transfer(epoch2,node1)

Found a representative state in Rmin not in reachability: decimal: 5217389130074129, binary: 00010010100010010011000000

State:
    ep(node0) = epoch3
    ep(node1) = epoch2
    held(node0)
    locked(epoch1,node0)
    locked(epoch2,node1)
    transfer(epoch0,node0)
    transfer(epoch0,node1)

Found a representative state in Rmin not in reachability: decimal: 5217938885888017, binary: 00010010100010011011000000

State:
    ep(node0) = epoch3
    ep(node1) = epoch2
    held(node0)
    locked(epoch1,node0)
    locked(epoch2,node1)
    locked(epoch3,node0)
    transfer(epoch0,node0)
    transfer(epoch0,node1)

Found a representative state in Rmin not in reachability: decimal: 5217947475822609, binary: 00010010100010011011001000

State:
    ep(node0) = epoch3
    ep(node1) = epoch2
    held(node0)
    locked(epoch1,node0)
    locked(epoch2,node1)
    locked(epoch3,node0)
    transfer(epoch0,node0)
    transfer(epoch0,node1)
    transfer(epoch2,node0)

Found a representative state in Rmin not in reachability: decimal: 5217397720008721, binary: 00010010100010010011001000

State:
    ep(node0) = epoch3
    ep(node1) = epoch2
    held(node0)
    locked(epoch1,node0)
    locked(epoch2,node1)
    transfer(epoch0,node0)
    transfer(epoch0,node1)
    transfer(epoch2,node0)

Found a representative state in Rmin not in reachability: decimal: 5216298208380945, binary: 00010010100010000011001000

State:
    ep(node0) = epoch3
    ep(node1) = epoch2
    held(node0)
    locked(epoch1,node0)
    transfer(epoch0,node0)
    transfer(epoch0,node1)
    transfer(epoch2,node0)

Found a representative state in Rmin not in reachability: decimal: 5216847964194833, binary: 00010010100010001011001000

State:
    ep(node0) = epoch3
    ep(node1) = epoch2
    held(node0)
    locked(epoch1,node0)
    locked(epoch3,node0)
    transfer(epoch0,node0)
    transfer(epoch0,node1)
    transfer(epoch2,node0)

Found a representative state in Rmin not in reachability: decimal: 5216839374260241, binary: 00010010100010001011000000

State:
    ep(node0) = epoch3
    ep(node1) = epoch2
    held(node0)
    locked(epoch1,node0)
    locked(epoch3,node0)
    transfer(epoch0,node0)
    transfer(epoch0,node1)

Found a representative state in Rmin not in reachability: decimal: 5216289618446353, binary: 00010010100010000011000000

State:
    ep(node0) = epoch3
    ep(node1) = epoch2
    held(node0)
    locked(epoch1,node0)
    transfer(epoch0,node0)
    transfer(epoch0,node1)

Found a representative state in Rmin not in reachability: decimal: 5216293913413649, binary: 00010010100010000011000100

State:
    ep(node0) = epoch3
    ep(node1) = epoch2
    held(node0)
    locked(epoch1,node0)
    transfer(epoch0,node0)
    transfer(epoch0,node1)
    transfer(epoch2,node1)

Found a representative state in Rmin not in reachability: decimal: 5216843669227537, binary: 00010010100010001011000100

State:
    ep(node0) = epoch3
    ep(node1) = epoch2
    held(node0)
    locked(epoch1,node0)
    locked(epoch3,node0)
    transfer(epoch0,node0)
    transfer(epoch0,node1)
    transfer(epoch2,node1)

Found a representative state in Rmin not in reachability: decimal: 5216302503348241, binary: 00010010100010000011001100

State:
    ep(node0) = epoch3
    ep(node1) = epoch2
    held(node0)
    locked(epoch1,node0)
    transfer(epoch0,node0)
    transfer(epoch0,node1)
    transfer(epoch2,node0)
    transfer(epoch2,node1)

Found a representative state in Rmin not in reachability: decimal: 5216852259162129, binary: 00010010100010001011001100

State:
    ep(node0) = epoch3
    ep(node1) = epoch2
    held(node0)
    locked(epoch1,node0)
    locked(epoch3,node0)
    transfer(epoch0,node0)
    transfer(epoch0,node1)
    transfer(epoch2,node0)
    transfer(epoch2,node1)

Found a representative state in Rmin not in reachability: decimal: 5218501526603793, binary: 00010010100010100011001100

State:
    ep(node0) = epoch3
    ep(node1) = epoch2
    held(node0)
    locked(epoch1,node0)
    locked(epoch2,node0)
    transfer(epoch0,node0)
    transfer(epoch0,node1)
    transfer(epoch2,node0)
    transfer(epoch2,node1)

Found a representative state in Rmin not in reachability: decimal: 5219051282417681, binary: 00010010100010101011001100

State:
    ep(node0) = epoch3
    ep(node1) = epoch2
    held(node0)
    locked(epoch1,node0)
    locked(epoch2,node0)
    locked(epoch3,node0)
    transfer(epoch0,node0)
    transfer(epoch0,node1)
    transfer(epoch2,node0)
    transfer(epoch2,node1)

Found a representative state in Rmin not in reachability: decimal: 5219042692483089, binary: 00010010100010101011000100

State:
    ep(node0) = epoch3
    ep(node1) = epoch2
    held(node0)
    locked(epoch1,node0)
    locked(epoch2,node0)
    locked(epoch3,node0)
    transfer(epoch0,node0)
    transfer(epoch0,node1)
    transfer(epoch2,node1)

Found a representative state in Rmin not in reachability: decimal: 5218492936669201, binary: 00010010100010100011000100

State:
    ep(node0) = epoch3
    ep(node1) = epoch2
    held(node0)
    locked(epoch1,node0)
    locked(epoch2,node0)
    transfer(epoch0,node0)
    transfer(epoch0,node1)
    transfer(epoch2,node1)

Found a representative state in Rmin not in reachability: decimal: 5218488641701905, binary: 00010010100010100011000000

State:
    ep(node0) = epoch3
    ep(node1) = epoch2
    held(node0)
    locked(epoch1,node0)
    locked(epoch2,node0)
    transfer(epoch0,node0)
    transfer(epoch0,node1)

Found a representative state in Rmin not in reachability: decimal: 5219038397515793, binary: 00010010100010101011000000

State:
    ep(node0) = epoch3
    ep(node1) = epoch2
    held(node0)
    locked(epoch1,node0)
    locked(epoch2,node0)
    locked(epoch3,node0)
    transfer(epoch0,node0)
    transfer(epoch0,node1)

Found a representative state in Rmin not in reachability: decimal: 5219046987450385, binary: 00010010100010101011001000

State:
    ep(node0) = epoch3
    ep(node1) = epoch2
    held(node0)
    locked(epoch1,node0)
    locked(epoch2,node0)
    locked(epoch3,node0)
    transfer(epoch0,node0)
    transfer(epoch0,node1)
    transfer(epoch2,node0)

Found a representative state in Rmin not in reachability: decimal: 5218497231636497, binary: 00010010100010100011001000

State:
    ep(node0) = epoch3
    ep(node1) = epoch2
    held(node0)
    locked(epoch1,node0)
    locked(epoch2,node0)
    transfer(epoch0,node0)
    transfer(epoch0,node1)
    transfer(epoch2,node0)

Found a representative state in Rmin not in reachability: decimal: 5212991083546641, binary: 00010010100001010011000000

State:
    ep(node0) = epoch3
    ep(node1) = epoch2
    held(node0)
    locked(epoch1,node1)
    locked(epoch2,node1)
    transfer(epoch0,node0)
    transfer(epoch0,node1)

Found a representative state in Rmin not in reachability: decimal: 5213540839360529, binary: 00010010100001011011000000

State:
    ep(node0) = epoch3
    ep(node1) = epoch2
    held(node0)
    locked(epoch1,node1)
    locked(epoch2,node1)
    locked(epoch3,node0)
    transfer(epoch0,node0)
    transfer(epoch0,node1)

Found a representative state in Rmin not in reachability: decimal: 5213542986845201, binary: 00010010100001011011000010

State:
    ep(node0) = epoch3
    ep(node1) = epoch2
    held(node0)
    locked(epoch1,node1)
    locked(epoch2,node1)
    locked(epoch3,node0)
    transfer(epoch0,node0)
    transfer(epoch0,node1)
    transfer(epoch3,node0)

Found a representative state in Rmin not in reachability: decimal: 5212993231031313, binary: 00010010100001010011000010

State:
    ep(node0) = epoch3
    ep(node1) = epoch2
    held(node0)
    locked(epoch1,node1)
    locked(epoch2,node1)
    transfer(epoch0,node0)
    transfer(epoch0,node1)
    transfer(epoch3,node0)

Found a representative state in Rmin not in reachability: decimal: 5211893719403537, binary: 00010010100001000011000010

State:
    ep(node0) = epoch3
    ep(node1) = epoch2
    held(node0)
    locked(epoch1,node1)
    transfer(epoch0,node0)
    transfer(epoch0,node1)
    transfer(epoch3,node0)

Found a representative state in Rmin not in reachability: decimal: 5212443475217425, binary: 00010010100001001011000010

State:
    ep(node0) = epoch3
    ep(node1) = epoch2
    held(node0)
    locked(epoch1,node1)
    locked(epoch3,node0)
    transfer(epoch0,node0)
    transfer(epoch0,node1)
    transfer(epoch3,node0)

Found a representative state in Rmin not in reachability: decimal: 5212441327733777, binary: 00010010100001001011000000

State:
    ep(node0) = epoch3
    ep(node1) = epoch2
    held(node0)
    locked(epoch1,node1)
    locked(epoch3,node0)
    transfer(epoch0,node0)
    transfer(epoch0,node1)

Found a representative state in Rmin not in reachability: decimal: 5211891571919889, binary: 00010010100001000011000000

State:
    ep(node0) = epoch3
    ep(node1) = epoch2
    held(node0)
    locked(epoch1,node1)
    transfer(epoch0,node0)
    transfer(epoch0,node1)

Found a representative state in Rmin not in reachability: decimal: 5214090595175441, binary: 00010010100001100011000000

State:
    ep(node0) = epoch3
    ep(node1) = epoch2
    held(node0)
    locked(epoch1,node1)
    locked(epoch2,node0)
    transfer(epoch0,node0)
    transfer(epoch0,node1)

Found a representative state in Rmin not in reachability: decimal: 5214640350989329, binary: 00010010100001101011000000

State:
    ep(node0) = epoch3
    ep(node1) = epoch2
    held(node0)
    locked(epoch1,node1)
    locked(epoch2,node0)
    locked(epoch3,node0)
    transfer(epoch0,node0)
    transfer(epoch0,node1)

Found a representative state in Rmin not in reachability: decimal: 5214642498472977, binary: 00010010100001101011000010

State:
    ep(node0) = epoch3
    ep(node1) = epoch2
    held(node0)
    locked(epoch1,node1)
    locked(epoch2,node0)
    locked(epoch3,node0)
    transfer(epoch0,node0)
    transfer(epoch0,node1)
    transfer(epoch3,node0)

Found a representative state in Rmin not in reachability: decimal: 5214092742659089, binary: 00010010100001100011000010

State:
    ep(node0) = epoch3
    ep(node1) = epoch2
    held(node0)
    locked(epoch1,node1)
    locked(epoch2,node0)
    transfer(epoch0,node0)
    transfer(epoch0,node1)
    transfer(epoch3,node0)

Found a representative state in Rmin not in reachability: decimal: 5215192254286865, binary: 00010010100001110011000010

State:
    ep(node0) = epoch3
    ep(node1) = epoch2
    held(node0)
    locked(epoch1,node1)
    locked(epoch2,node0)
    locked(epoch2,node1)
    transfer(epoch0,node0)
    transfer(epoch0,node1)
    transfer(epoch3,node0)

Found a representative state in Rmin not in reachability: decimal: 5215742010100753, binary: 00010010100001111011000010

State:
    ep(node0) = epoch3
    ep(node1) = epoch2
    held(node0)
    locked(epoch1,node1)
    locked(epoch2,node0)
    locked(epoch2,node1)
    locked(epoch3,node0)
    transfer(epoch0,node0)
    transfer(epoch0,node1)
    transfer(epoch3,node0)

Found a representative state in Rmin not in reachability: decimal: 5215739862617105, binary: 00010010100001111011000000

State:
    ep(node0) = epoch3
    ep(node1) = epoch2
    held(node0)
    locked(epoch1,node1)
    locked(epoch2,node0)
    locked(epoch2,node1)
    locked(epoch3,node0)
    transfer(epoch0,node0)
    transfer(epoch0,node1)

Found a representative state in Rmin not in reachability: decimal: 5215190106803217, binary: 00010010100001110011000000

State:
    ep(node0) = epoch3
    ep(node1) = epoch2
    held(node0)
    locked(epoch1,node1)
    locked(epoch2,node0)
    locked(epoch2,node1)
    transfer(epoch0,node0)
    transfer(epoch0,node1)

Found a representative state in Rmin not in reachability: decimal: 5224535956162577, binary: 00010010100011111011000000

State:
    ep(node0) = epoch3
    ep(node1) = epoch2
    held(node0)
    locked(epoch1,node0)
    locked(epoch1,node1)
    locked(epoch2,node0)
    locked(epoch2,node1)
    locked(epoch3,node0)
    transfer(epoch0,node0)
    transfer(epoch0,node1)

Found a representative state in Rmin not in reachability: decimal: 5223986200348689, binary: 00010010100011110011000000

State:
    ep(node0) = epoch3
    ep(node1) = epoch2
    held(node0)
    locked(epoch1,node0)
    locked(epoch1,node1)
    locked(epoch2,node0)
    locked(epoch2,node1)
    transfer(epoch0,node0)
    transfer(epoch0,node1)

Found a representative state in Rmin not in reachability: decimal: 5222886688720913, binary: 00010010100011100011000000

State:
    ep(node0) = epoch3
    ep(node1) = epoch2
    held(node0)
    locked(epoch1,node0)
    locked(epoch1,node1)
    locked(epoch2,node0)
    transfer(epoch0,node0)
    transfer(epoch0,node1)

Found a representative state in Rmin not in reachability: decimal: 5223436444534801, binary: 00010010100011101011000000

State:
    ep(node0) = epoch3
    ep(node1) = epoch2
    held(node0)
    locked(epoch1,node0)
    locked(epoch1,node1)
    locked(epoch2,node0)
    locked(epoch3,node0)
    transfer(epoch0,node0)
    transfer(epoch0,node1)

Found a representative state in Rmin not in reachability: decimal: 5221237421279249, binary: 00010010100011001011000000

State:
    ep(node0) = epoch3
    ep(node1) = epoch2
    held(node0)
    locked(epoch1,node0)
    locked(epoch1,node1)
    locked(epoch3,node0)
    transfer(epoch0,node0)
    transfer(epoch0,node1)

Found a representative state in Rmin not in reachability: decimal: 5220687665465361, binary: 00010010100011000011000000

State:
    ep(node0) = epoch3
    ep(node1) = epoch2
    held(node0)
    locked(epoch1,node0)
    locked(epoch1,node1)
    transfer(epoch0,node0)
    transfer(epoch0,node1)

Found a representative state in Rmin not in reachability: decimal: 5221787177093137, binary: 00010010100011010011000000

State:
    ep(node0) = epoch3
    ep(node1) = epoch2
    held(node0)
    locked(epoch1,node0)
    locked(epoch1,node1)
    locked(epoch2,node1)
    transfer(epoch0,node0)
    transfer(epoch0,node1)

Found a representative state in Rmin not in reachability: decimal: 5222336932907025, binary: 00010010100011011011000000

State:
    ep(node0) = epoch3
    ep(node1) = epoch2
    held(node0)
    locked(epoch1,node0)
    locked(epoch1,node1)
    locked(epoch2,node1)
    locked(epoch3,node0)
    transfer(epoch0,node0)
    transfer(epoch0,node1)

Found a representative state in Rmin not in reachability: decimal: 6910435169683473, binary: 00011000100011010000000100

State:
    ep(node0) = epoch3
    ep(node1) = epoch0
    held(node0)
    locked(epoch1,node0)
    locked(epoch1,node1)
    locked(epoch2,node1)
    transfer(epoch2,node1)

Found a representative state in Rmin not in reachability: decimal: 6910984925497361, binary: 00011000100011011000000100

State:
    ep(node0) = epoch3
    ep(node1) = epoch0
    held(node0)
    locked(epoch1,node0)
    locked(epoch1,node1)
    locked(epoch2,node1)
    locked(epoch3,node0)
    transfer(epoch2,node1)

Found a representative state in Rmin not in reachability: decimal: 6906037123172369, binary: 00011000100010010000000100

State:
    ep(node0) = epoch3
    ep(node1) = epoch0
    held(node0)
    locked(epoch1,node0)
    locked(epoch2,node1)
    transfer(epoch2,node1)

Found a representative state in Rmin not in reachability: decimal: 6906586878986257, binary: 00011000100010011000000100

State:
    ep(node0) = epoch3
    ep(node1) = epoch0
    held(node0)
    locked(epoch1,node0)
    locked(epoch2,node1)
    locked(epoch3,node0)
    transfer(epoch2,node1)

Found a representative state in Rmin not in reachability: decimal: 5217737018722321, binary: 00010010100010011000000100

State:
    ep(node0) = epoch3
    ep(node1) = epoch2
    held(node0)
    locked(epoch1,node0)
    locked(epoch2,node1)
    locked(epoch3,node0)
    transfer(epoch2,node1)

Found a representative state in Rmin not in reachability: decimal: 5217187262908433, binary: 00010010100010010000000100

State:
    ep(node0) = epoch3
    ep(node1) = epoch2
    held(node0)
    locked(epoch1,node0)
    locked(epoch2,node1)
    transfer(epoch2,node1)

Found a representative state in Rmin not in reachability: decimal: 11274401115277329, binary: 00101000000011100000001000

State:
    ep(node0) = epoch2
    ep(node1) = epoch0
    locked(epoch1,node0)
    locked(epoch1,node1)
    locked(epoch2,node0)
    transfer(epoch2,node0)

Found a representative state in Rmin not in reachability: decimal: 11270003068766225, binary: 00101000000010100000001000

State:
    ep(node0) = epoch2
    ep(node1) = epoch0
    locked(epoch1,node0)
    locked(epoch2,node0)
    transfer(epoch2,node0)

Found a representative state in Rmin not in reachability: decimal: 11409633529332753, binary: 00101000100010010000000001

State:
    ep(node0) = epoch2
    ep(node1) = epoch0
    held(node0)
    locked(epoch1,node0)
    locked(epoch2,node1)
    transfer(epoch3,node1)

Found a representative state in Rmin not in reachability: decimal: 11409632455590929, binary: 00101000100010010000000000

State:
    ep(node0) = epoch2
    ep(node1) = epoch0
    held(node0)
    locked(epoch1,node0)
    locked(epoch2,node1)

Found a representative state in Rmin not in reachability: decimal: 11268894967235601, binary: 00101000000010010000000000

State:
    ep(node0) = epoch2
    ep(node1) = epoch0
    locked(epoch1,node0)
    locked(epoch2,node1)

Found a representative state in Rmin not in reachability: decimal: 11268896040977425, binary: 00101000000010010000000001

State:
    ep(node0) = epoch2
    ep(node1) = epoch0
    locked(epoch1,node0)
    locked(epoch2,node1)
    transfer(epoch3,node1)

Found a representative state in Rmin not in reachability: decimal: 11267796529349649, binary: 00101000000010000000000001

State:
    ep(node0) = epoch2
    ep(node1) = epoch0
    locked(epoch1,node0)
    transfer(epoch3,node1)

Found a representative state in Rmin not in reachability: decimal: 11267795455607825, binary: 00101000000010000000000000

State:
    ep(node0) = epoch2
    ep(node1) = epoch0
    locked(epoch1,node0)

Found a representative state in Rmin not in reachability: decimal: 11408532943963153, binary: 00101000100010000000000000

State:
    ep(node0) = epoch2
    ep(node1) = epoch0
    held(node0)
    locked(epoch1,node0)

Found a representative state in Rmin not in reachability: decimal: 11408534017704977, binary: 00101000100010000000000001

State:
    ep(node0) = epoch2
    ep(node1) = epoch0
    held(node0)
    locked(epoch1,node0)
    transfer(epoch3,node1)

Found a representative state in Rmin not in reachability: decimal: 6904933316593681, binary: 00011000100010000000000000

State:
    ep(node0) = epoch3
    ep(node1) = epoch0
    held(node0)
    locked(epoch1,node0)

Found a representative state in Rmin not in reachability: decimal: 6905483072407569, binary: 00011000100010001000000000

State:
    ep(node0) = epoch3
    ep(node1) = epoch0
    held(node0)
    locked(epoch1,node0)
    locked(epoch3,node0)

Found a representative state in Rmin not in reachability: decimal: 6909331363104785, binary: 00011000100011000000000000

State:
    ep(node0) = epoch3
    ep(node1) = epoch0
    held(node0)
    locked(epoch1,node0)
    locked(epoch1,node1)

Found a representative state in Rmin not in reachability: decimal: 6909881118918673, binary: 00011000100011001000000000

State:
    ep(node0) = epoch3
    ep(node1) = epoch0
    held(node0)
    locked(epoch1,node0)
    locked(epoch1,node1)
    locked(epoch3,node0)

Found a representative state in Rmin not in reachability: decimal: 6909339953022993, binary: 00011000100011000000001000

State:
    ep(node0) = epoch3
    ep(node1) = epoch0
    held(node0)
    locked(epoch1,node0)
    locked(epoch1,node1)
    transfer(epoch2,node0)

Found a representative state in Rmin not in reachability: decimal: 6909889708836881, binary: 00011000100011001000001000

State:
    ep(node0) = epoch3
    ep(node1) = epoch0
    held(node0)
    locked(epoch1,node0)
    locked(epoch1,node1)
    locked(epoch3,node0)
    transfer(epoch2,node0)

Found a representative state in Rmin not in reachability: decimal: 6904941906511889, binary: 00011000100010000000001000

State:
    ep(node0) = epoch3
    ep(node1) = epoch0
    held(node0)
    locked(epoch1,node0)
    transfer(epoch2,node0)

Found a representative state in Rmin not in reachability: decimal: 6905491662325777, binary: 00011000100010001000001000

State:
    ep(node0) = epoch3
    ep(node1) = epoch0
    held(node0)
    locked(epoch1,node0)
    locked(epoch3,node0)
    transfer(epoch2,node0)

Found a representative state in Rmin not in reachability: decimal: 6906591173953553, binary: 00011000100010011000001000

State:
    ep(node0) = epoch3
    ep(node1) = epoch0
    held(node0)
    locked(epoch1,node0)
    locked(epoch2,node1)
    locked(epoch3,node0)
    transfer(epoch2,node0)

Found a representative state in Rmin not in reachability: decimal: 6906041418139665, binary: 00011000100010010000001000

State:
    ep(node0) = epoch3
    ep(node1) = epoch0
    held(node0)
    locked(epoch1,node0)
    locked(epoch2,node1)
    transfer(epoch2,node0)

Found a representative state in Rmin not in reachability: decimal: 6910989220464657, binary: 00011000100011011000001000

State:
    ep(node0) = epoch3
    ep(node1) = epoch0
    held(node0)
    locked(epoch1,node0)
    locked(epoch1,node1)
    locked(epoch2,node1)
    locked(epoch3,node0)
    transfer(epoch2,node0)

Found a representative state in Rmin not in reachability: decimal: 6910439464650769, binary: 00011000100011010000001000

State:
    ep(node0) = epoch3
    ep(node1) = epoch0
    held(node0)
    locked(epoch1,node0)
    locked(epoch1,node1)
    locked(epoch2,node1)
    transfer(epoch2,node0)

Found a representative state in Rmin not in reachability: decimal: 6910430874716177, binary: 00011000100011010000000000

State:
    ep(node0) = epoch3
    ep(node1) = epoch0
    held(node0)
    locked(epoch1,node0)
    locked(epoch1,node1)
    locked(epoch2,node1)

Found a representative state in Rmin not in reachability: decimal: 6910980630530065, binary: 00011000100011011000000000

State:
    ep(node0) = epoch3
    ep(node1) = epoch0
    held(node0)
    locked(epoch1,node0)
    locked(epoch1,node1)
    locked(epoch2,node1)
    locked(epoch3,node0)

Found a representative state in Rmin not in reachability: decimal: 6906032828205073, binary: 00011000100010010000000000

State:
    ep(node0) = epoch3
    ep(node1) = epoch0
    held(node0)
    locked(epoch1,node0)
    locked(epoch2,node1)

Found a representative state in Rmin not in reachability: decimal: 6906582584018961, binary: 00011000100010011000000000

State:
    ep(node0) = epoch3
    ep(node1) = epoch0
    held(node0)
    locked(epoch1,node0)
    locked(epoch2,node1)
    locked(epoch3,node0)

Found a representative state in Rmin not in reachability: decimal: 5217732723755025, binary: 00010010100010011000000000

State:
    ep(node0) = epoch3
    ep(node1) = epoch2
    held(node0)
    locked(epoch1,node0)
    locked(epoch2,node1)
    locked(epoch3,node0)

Found a representative state in Rmin not in reachability: decimal: 5217182967941137, binary: 00010010100010010000000000

State:
    ep(node0) = epoch3
    ep(node1) = epoch2
    held(node0)
    locked(epoch1,node0)
    locked(epoch2,node1)

Found a representative state in Rmin not in reachability: decimal: 5222130770249745, binary: 00010010100011011000000000

State:
    ep(node0) = epoch3
    ep(node1) = epoch2
    held(node0)
    locked(epoch1,node0)
    locked(epoch1,node1)
    locked(epoch2,node1)
    locked(epoch3,node0)

Found a representative state in Rmin not in reachability: decimal: 5221581014435857, binary: 00010010100011010000000000

State:
    ep(node0) = epoch3
    ep(node1) = epoch2
    held(node0)
    locked(epoch1,node0)
    locked(epoch1,node1)
    locked(epoch2,node1)

Found a representative state in Rmin not in reachability: decimal: 5212784921413649, binary: 00010010100001010000000000

State:
    ep(node0) = epoch3
    ep(node1) = epoch2
    held(node0)
    locked(epoch1,node1)
    locked(epoch2,node1)

Found a representative state in Rmin not in reachability: decimal: 5213334677227537, binary: 00010010100001011000000000

State:
    ep(node0) = epoch3
    ep(node1) = epoch2
    held(node0)
    locked(epoch1,node1)
    locked(epoch2,node1)
    locked(epoch3,node0)

Found a representative state in Rmin not in reachability: decimal: 5213336824712209, binary: 00010010100001011000000010

State:
    ep(node0) = epoch3
    ep(node1) = epoch2
    held(node0)
    locked(epoch1,node1)
    locked(epoch2,node1)
    locked(epoch3,node0)
    transfer(epoch3,node0)

Found a representative state in Rmin not in reachability: decimal: 5212787068898321, binary: 00010010100001010000000010

State:
    ep(node0) = epoch3
    ep(node1) = epoch2
    held(node0)
    locked(epoch1,node1)
    locked(epoch2,node1)
    transfer(epoch3,node0)

Found a representative state in Rmin not in reachability: decimal: 5217741313689617, binary: 00010010100010011000001000

State:
    ep(node0) = epoch3
    ep(node1) = epoch2
    held(node0)
    locked(epoch1,node0)
    locked(epoch2,node1)
    locked(epoch3,node0)
    transfer(epoch2,node0)

Found a representative state in Rmin not in reachability: decimal: 5217191557875729, binary: 00010010100010010000001000

State:
    ep(node0) = epoch3
    ep(node1) = epoch2
    held(node0)
    locked(epoch1,node0)
    locked(epoch2,node1)
    transfer(epoch2,node0)

Found a representative state in Rmin not in reachability: decimal: 5216092046280721, binary: 00010010100010000000001000

State:
    ep(node0) = epoch3
    ep(node1) = epoch2
    held(node0)
    locked(epoch1,node0)
    transfer(epoch2,node0)

Found a representative state in Rmin not in reachability: decimal: 5216641802094609, binary: 00010010100010001000001000

State:
    ep(node0) = epoch3
    ep(node1) = epoch2
    held(node0)
    locked(epoch1,node0)
    locked(epoch3,node0)
    transfer(epoch2,node0)

Found a representative state in Rmin not in reachability: decimal: 5216633212160017, binary: 00010010100010001000000000

State:
    ep(node0) = epoch3
    ep(node1) = epoch2
    held(node0)
    locked(epoch1,node0)
    locked(epoch3,node0)

Found a representative state in Rmin not in reachability: decimal: 5216083456346129, binary: 00010010100010000000000000

State:
    ep(node0) = epoch3
    ep(node1) = epoch2
    held(node0)
    locked(epoch1,node0)

Found a representative state in Rmin not in reachability: decimal: 5221031258654737, binary: 00010010100011001000000000

State:
    ep(node0) = epoch3
    ep(node1) = epoch2
    held(node0)
    locked(epoch1,node0)
    locked(epoch1,node1)
    locked(epoch3,node0)

Found a representative state in Rmin not in reachability: decimal: 5220481502840849, binary: 00010010100011000000000000

State:
    ep(node0) = epoch3
    ep(node1) = epoch2
    held(node0)
    locked(epoch1,node0)
    locked(epoch1,node1)

Found a representative state in Rmin not in reachability: decimal: 5212235165632529, binary: 00010010100001001000000000

State:
    ep(node0) = epoch3
    ep(node1) = epoch2
    held(node0)
    locked(epoch1,node1)
    locked(epoch3,node0)

Found a representative state in Rmin not in reachability: decimal: 5212237313117201, binary: 00010010100001001000000010

State:
    ep(node0) = epoch3
    ep(node1) = epoch2
    held(node0)
    locked(epoch1,node1)
    locked(epoch3,node0)
    transfer(epoch3,node0)

Found a representative state in Rmin not in reachability: decimal: 11269994478865425, binary: 00101000000010100000000000

State:
    ep(node0) = epoch2
    ep(node1) = epoch0
    locked(epoch1,node0)
    locked(epoch2,node0)

Found a representative state in Rmin not in reachability: decimal: 5213884424161297, binary: 00010010100001100000000000

State:
    ep(node0) = epoch3
    ep(node1) = epoch2
    held(node0)
    locked(epoch1,node1)
    locked(epoch2,node0)

Found a representative state in Rmin not in reachability: decimal: 5213886571645969, binary: 00010010100001100000000010

State:
    ep(node0) = epoch3
    ep(node1) = epoch2
    held(node0)
    locked(epoch1,node1)
    locked(epoch2,node0)
    transfer(epoch3,node0)

Found a representative state in Rmin not in reachability: decimal: 11274392525376529, binary: 00101000000011100000000000

State:
    ep(node0) = epoch2
    ep(node1) = epoch0
    locked(epoch1,node0)
    locked(epoch1,node1)
    locked(epoch2,node0)

Found a representative state in Rmin not in reachability: decimal: 11269995552605201, binary: 00101000000010100000000001

State:
    ep(node0) = epoch2
    ep(node1) = epoch0
    locked(epoch1,node0)
    locked(epoch2,node0)
    transfer(epoch3,node1)

Found a representative state in Rmin not in reachability: decimal: 11269999847539729, binary: 00101000000010100000000101

State:
    ep(node0) = epoch2
    ep(node1) = epoch0
    locked(epoch1,node0)
    locked(epoch2,node0)
    transfer(epoch2,node1)
    transfer(epoch3,node1)

Found a representative state in Rmin not in reachability: decimal: 11269998773797905, binary: 00101000000010100000000100

State:
    ep(node0) = epoch2
    ep(node1) = epoch0
    locked(epoch1,node0)
    locked(epoch2,node0)
    transfer(epoch2,node1)

Found a representative state in Rmin not in reachability: decimal: 11274396820309009, binary: 00101000000011100000000100

State:
    ep(node0) = epoch2
    ep(node1) = epoch0
    locked(epoch1,node0)
    locked(epoch1,node1)
    locked(epoch2,node0)
    transfer(epoch2,node1)

Found a representative state in Rmin not in reachability: decimal: 5216087751313425, binary: 00010010100010000000000100

State:
    ep(node0) = epoch3
    ep(node1) = epoch2
    held(node0)
    locked(epoch1,node0)
    transfer(epoch2,node1)

Found a representative state in Rmin not in reachability: decimal: 5216637507127313, binary: 00010010100010001000000100

State:
    ep(node0) = epoch3
    ep(node1) = epoch2
    held(node0)
    locked(epoch1,node0)
    locked(epoch3,node0)
    transfer(epoch2,node1)

Found a representative state in Rmin not in reachability: decimal: 5216646097061905, binary: 00010010100010001000001100

State:
    ep(node0) = epoch3
    ep(node1) = epoch2
    held(node0)
    locked(epoch1,node0)
    locked(epoch3,node0)
    transfer(epoch2,node0)
    transfer(epoch2,node1)

Found a representative state in Rmin not in reachability: decimal: 5216096341248017, binary: 00010010100010000000001100

State:
    ep(node0) = epoch3
    ep(node1) = epoch2
    held(node0)
    locked(epoch1,node0)
    transfer(epoch2,node0)
    transfer(epoch2,node1)

Found a representative state in Rmin not in reachability: decimal: 5217195852875793, binary: 00010010100010010000001100

State:
    ep(node0) = epoch3
    ep(node1) = epoch2
    held(node0)
    locked(epoch1,node0)
    locked(epoch2,node1)
    transfer(epoch2,node0)
    transfer(epoch2,node1)

Found a representative state in Rmin not in reachability: decimal: 5217745608689681, binary: 00010010100010011000001100

State:
    ep(node0) = epoch3
    ep(node1) = epoch2
    held(node0)
    locked(epoch1,node0)
    locked(epoch2,node1)
    locked(epoch3,node0)
    transfer(epoch2,node0)
    transfer(epoch2,node1)

Found a representative state in Rmin not in reachability: decimal: 6906045713106961, binary: 00011000100010010000001100

State:
    ep(node0) = epoch3
    ep(node1) = epoch0
    held(node0)
    locked(epoch1,node0)
    locked(epoch2,node1)
    transfer(epoch2,node0)
    transfer(epoch2,node1)

Found a representative state in Rmin not in reachability: decimal: 6906595468920849, binary: 00011000100010011000001100

State:
    ep(node0) = epoch3
    ep(node1) = epoch0
    held(node0)
    locked(epoch1,node0)
    locked(epoch2,node1)
    locked(epoch3,node0)
    transfer(epoch2,node0)
    transfer(epoch2,node1)

Found a representative state in Rmin not in reachability: decimal: 6910443759618065, binary: 00011000100011010000001100

State:
    ep(node0) = epoch3
    ep(node1) = epoch0
    held(node0)
    locked(epoch1,node0)
    locked(epoch1,node1)
    locked(epoch2,node1)
    transfer(epoch2,node0)
    transfer(epoch2,node1)

Found a representative state in Rmin not in reachability: decimal: 6910993515431953, binary: 00011000100011011000001100

State:
    ep(node0) = epoch3
    ep(node1) = epoch0
    held(node0)
    locked(epoch1,node0)
    locked(epoch1,node1)
    locked(epoch2,node1)
    locked(epoch3,node0)
    transfer(epoch2,node0)
    transfer(epoch2,node1)

Found a representative state in Rmin not in reachability: decimal: 6909894003804177, binary: 00011000100011001000001100

State:
    ep(node0) = epoch3
    ep(node1) = epoch0
    held(node0)
    locked(epoch1,node0)
    locked(epoch1,node1)
    locked(epoch3,node0)
    transfer(epoch2,node0)
    transfer(epoch2,node1)

Found a representative state in Rmin not in reachability: decimal: 6909344247990289, binary: 00011000100011000000001100

State:
    ep(node0) = epoch3
    ep(node1) = epoch0
    held(node0)
    locked(epoch1,node0)
    locked(epoch1,node1)
    transfer(epoch2,node0)
    transfer(epoch2,node1)

Found a representative state in Rmin not in reachability: decimal: 6905495957293073, binary: 00011000100010001000001100

State:
    ep(node0) = epoch3
    ep(node1) = epoch0
    held(node0)
    locked(epoch1,node0)
    locked(epoch3,node0)
    transfer(epoch2,node0)
    transfer(epoch2,node1)

Found a representative state in Rmin not in reachability: decimal: 6904946201479185, binary: 00011000100010000000001100

State:
    ep(node0) = epoch3
    ep(node1) = epoch0
    held(node0)
    locked(epoch1,node0)
    transfer(epoch2,node0)
    transfer(epoch2,node1)

Found a representative state in Rmin not in reachability: decimal: 6905487367358481, binary: 00011000100010001000000100

State:
    ep(node0) = epoch3
    ep(node1) = epoch0
    held(node0)
    locked(epoch1,node0)
    locked(epoch3,node0)
    transfer(epoch2,node1)

Found a representative state in Rmin not in reachability: decimal: 6904937611544593, binary: 00011000100010000000000100

State:
    ep(node0) = epoch3
    ep(node1) = epoch0
    held(node0)
    locked(epoch1,node0)
    transfer(epoch2,node1)

Found a representative state in Rmin not in reachability: decimal: 6909885413869585, binary: 00011000100011001000000100

State:
    ep(node0) = epoch3
    ep(node1) = epoch0
    held(node0)
    locked(epoch1,node0)
    locked(epoch1,node1)
    locked(epoch3,node0)
    transfer(epoch2,node1)

Found a representative state in Rmin not in reachability: decimal: 6909335658055697, binary: 00011000100011000000000100

State:
    ep(node0) = epoch3
    ep(node1) = epoch0
    held(node0)
    locked(epoch1,node0)
    locked(epoch1,node1)
    transfer(epoch2,node1)

Found a representative state in Rmin not in reachability: decimal: 5219394876131345, binary: 00010010100010110000001100

State:
    ep(node0) = epoch3
    ep(node1) = epoch2
    held(node0)
    locked(epoch1,node0)
    locked(epoch2,node0)
    locked(epoch2,node1)
    transfer(epoch2,node0)
    transfer(epoch2,node1)

Found a representative state in Rmin not in reachability: decimal: 5219944631945233, binary: 00010010100010111000001100

State:
    ep(node0) = epoch3
    ep(node1) = epoch2
    held(node0)
    locked(epoch1,node0)
    locked(epoch2,node0)
    locked(epoch2,node1)
    locked(epoch3,node0)
    transfer(epoch2,node0)
    transfer(epoch2,node1)

Found a representative state in Rmin not in reachability: decimal: 5218845120317457, binary: 00010010100010101000001100

State:
    ep(node0) = epoch3
    ep(node1) = epoch2
    held(node0)
    locked(epoch1,node0)
    locked(epoch2,node0)
    locked(epoch3,node0)
    transfer(epoch2,node0)
    transfer(epoch2,node1)

Found a representative state in Rmin not in reachability: decimal: 5218295364503569, binary: 00010010100010100000001100

State:
    ep(node0) = epoch3
    ep(node1) = epoch2
    held(node0)
    locked(epoch1,node0)
    locked(epoch2,node0)
    transfer(epoch2,node0)
    transfer(epoch2,node1)

Found a representative state in Rmin not in reachability: decimal: 6907145224734737, binary: 00011000100010100000001100

State:
    ep(node0) = epoch3
    ep(node1) = epoch0
    held(node0)
    locked(epoch1,node0)
    locked(epoch2,node0)
    transfer(epoch2,node0)
    transfer(epoch2,node1)

Found a representative state in Rmin not in reachability: decimal: 6907694980548625, binary: 00011000100010101000001100

State:
    ep(node0) = epoch3
    ep(node1) = epoch0
    held(node0)
    locked(epoch1,node0)
    locked(epoch2,node0)
    locked(epoch3,node0)
    transfer(epoch2,node0)
    transfer(epoch2,node1)

Found a representative state in Rmin not in reachability: decimal: 6911543271245841, binary: 00011000100011100000001100

State:
    ep(node0) = epoch3
    ep(node1) = epoch0
    held(node0)
    locked(epoch1,node0)
    locked(epoch1,node1)
    locked(epoch2,node0)
    transfer(epoch2,node0)
    transfer(epoch2,node1)

Found a representative state in Rmin not in reachability: decimal: 6912093027059729, binary: 00011000100011101000001100

State:
    ep(node0) = epoch3
    ep(node1) = epoch0
    held(node0)
    locked(epoch1,node0)
    locked(epoch1,node1)
    locked(epoch2,node0)
    locked(epoch3,node0)
    transfer(epoch2,node0)
    transfer(epoch2,node1)

Found a representative state in Rmin not in reachability: decimal: 5218840825350161, binary: 00010010100010101000001000

State:
    ep(node0) = epoch3
    ep(node1) = epoch2
    held(node0)
    locked(epoch1,node0)
    locked(epoch2,node0)
    locked(epoch3,node0)
    transfer(epoch2,node0)

Found a representative state in Rmin not in reachability: decimal: 5218291069536273, binary: 00010010100010100000001000

State:
    ep(node0) = epoch3
    ep(node1) = epoch2
    held(node0)
    locked(epoch1,node0)
    locked(epoch2,node0)
    transfer(epoch2,node0)

Found a representative state in Rmin not in reachability: decimal: 6907140929767441, binary: 00011000100010100000001000

State:
    ep(node0) = epoch3
    ep(node1) = epoch0
    held(node0)
    locked(epoch1,node0)
    locked(epoch2,node0)
    transfer(epoch2,node0)

Found a representative state in Rmin not in reachability: decimal: 6907690685581329, binary: 00011000100010101000001000

State:
    ep(node0) = epoch3
    ep(node1) = epoch0
    held(node0)
    locked(epoch1,node0)
    locked(epoch2,node0)
    locked(epoch3,node0)
    transfer(epoch2,node0)

Found a representative state in Rmin not in reachability: decimal: 6912088732092433, binary: 00011000100011101000001000

State:
    ep(node0) = epoch3
    ep(node1) = epoch0
    held(node0)
    locked(epoch1,node0)
    locked(epoch1,node1)
    locked(epoch2,node0)
    locked(epoch3,node0)
    transfer(epoch2,node0)

Found a representative state in Rmin not in reachability: decimal: 6911538976278545, binary: 00011000100011100000001000

State:
    ep(node0) = epoch3
    ep(node1) = epoch0
    held(node0)
    locked(epoch1,node0)
    locked(epoch1,node1)
    locked(epoch2,node0)
    transfer(epoch2,node0)

Found a representative state in Rmin not in reachability: decimal: 5219390581164049, binary: 00010010100010110000001000

State:
    ep(node0) = epoch3
    ep(node1) = epoch2
    held(node0)
    locked(epoch1,node0)
    locked(epoch2,node0)
    locked(epoch2,node1)
    transfer(epoch2,node0)

Found a representative state in Rmin not in reachability: decimal: 5219940336977937, binary: 00010010100010111000001000

State:
    ep(node0) = epoch3
    ep(node1) = epoch2
    held(node0)
    locked(epoch1,node0)
    locked(epoch2,node0)
    locked(epoch2,node1)
    locked(epoch3,node0)
    transfer(epoch2,node0)

Found a representative state in Rmin not in reachability: decimal: 5219386286196753, binary: 00010010100010110000000100

State:
    ep(node0) = epoch3
    ep(node1) = epoch2
    held(node0)
    locked(epoch1,node0)
    locked(epoch2,node0)
    locked(epoch2,node1)
    transfer(epoch2,node1)

Found a representative state in Rmin not in reachability: decimal: 5219936042010641, binary: 00010010100010111000000100

State:
    ep(node0) = epoch3
    ep(node1) = epoch2
    held(node0)
    locked(epoch1,node0)
    locked(epoch2,node0)
    locked(epoch2,node1)
    locked(epoch3,node0)
    transfer(epoch2,node1)

Found a representative state in Rmin not in reachability: decimal: 5218836530382865, binary: 00010010100010101000000100

State:
    ep(node0) = epoch3
    ep(node1) = epoch2
    held(node0)
    locked(epoch1,node0)
    locked(epoch2,node0)
    locked(epoch3,node0)
    transfer(epoch2,node1)

Found a representative state in Rmin not in reachability: decimal: 5218286774568977, binary: 00010010100010100000000100

State:
    ep(node0) = epoch3
    ep(node1) = epoch2
    held(node0)
    locked(epoch1,node0)
    locked(epoch2,node0)
    transfer(epoch2,node1)

Found a representative state in Rmin not in reachability: decimal: 6911534681311249, binary: 00011000100011100000000100

State:
    ep(node0) = epoch3
    ep(node1) = epoch0
    held(node0)
    locked(epoch1,node0)
    locked(epoch1,node1)
    locked(epoch2,node0)
    transfer(epoch2,node1)

Found a representative state in Rmin not in reachability: decimal: 6912084437125137, binary: 00011000100011101000000100

State:
    ep(node0) = epoch3
    ep(node1) = epoch0
    held(node0)
    locked(epoch1,node0)
    locked(epoch1,node1)
    locked(epoch2,node0)
    locked(epoch3,node0)
    transfer(epoch2,node1)

Found a representative state in Rmin not in reachability: decimal: 6907686390614033, binary: 00011000100010101000000100

State:
    ep(node0) = epoch3
    ep(node1) = epoch0
    held(node0)
    locked(epoch1,node0)
    locked(epoch2,node0)
    locked(epoch3,node0)
    transfer(epoch2,node1)

Found a representative state in Rmin not in reachability: decimal: 6907136634800145, binary: 00011000100010100000000100

State:
    ep(node0) = epoch3
    ep(node1) = epoch0
    held(node0)
    locked(epoch1,node0)
    locked(epoch2,node0)
    transfer(epoch2,node1)

Found a representative state in Rmin not in reachability: decimal: 11410731967184913, binary: 00101000100010100000000000

State:
    ep(node0) = epoch2
    ep(node1) = epoch0
    held(node0)
    locked(epoch1,node0)
    locked(epoch2,node0)

Found a representative state in Rmin not in reachability: decimal: 11410733040927761, binary: 00101000100010100000000001

State:
    ep(node0) = epoch2
    ep(node1) = epoch0
    held(node0)
    locked(epoch1,node0)
    locked(epoch2,node0)
    transfer(epoch3,node1)

Found a representative state in Rmin not in reachability: decimal: 6907132339816465, binary: 00011000100010100000000000

State:
    ep(node0) = epoch3
    ep(node1) = epoch0
    held(node0)
    locked(epoch1,node0)
    locked(epoch2,node0)

Found a representative state in Rmin not in reachability: decimal: 6907682095630353, binary: 00011000100010101000000000

State:
    ep(node0) = epoch3
    ep(node1) = epoch0
    held(node0)
    locked(epoch1,node0)
    locked(epoch2,node0)
    locked(epoch3,node0)

Found a representative state in Rmin not in reachability: decimal: 6912080142141457, binary: 00011000100011101000000000

State:
    ep(node0) = epoch3
    ep(node1) = epoch0
    held(node0)
    locked(epoch1,node0)
    locked(epoch1,node1)
    locked(epoch2,node0)
    locked(epoch3,node0)

Found a representative state in Rmin not in reachability: decimal: 6911530386327569, binary: 00011000100011100000000000

State:
    ep(node0) = epoch3
    ep(node1) = epoch0
    held(node0)
    locked(epoch1,node0)
    locked(epoch1,node1)
    locked(epoch2,node0)

Found a representative state in Rmin not in reachability: decimal: 11415130013698065, binary: 00101000100011100000000000

State:
    ep(node0) = epoch2
    ep(node1) = epoch0
    held(node0)
    locked(epoch1,node0)
    locked(epoch1,node1)
    locked(epoch2,node0)

Found a representative state in Rmin not in reachability: decimal: 11275492037003281, binary: 00101000000011110000000000

State:
    ep(node0) = epoch2
    ep(node1) = epoch0
    locked(epoch1,node0)
    locked(epoch1,node1)
    locked(epoch2,node0)
    locked(epoch2,node1)

Found a representative state in Rmin not in reachability: decimal: 6912629897988113, binary: 00011000100011110000000000

State:
    ep(node0) = epoch3
    ep(node1) = epoch0
    held(node0)
    locked(epoch1,node0)
    locked(epoch1,node1)
    locked(epoch2,node0)
    locked(epoch2,node1)

Found a representative state in Rmin not in reachability: decimal: 6913179653802001, binary: 00011000100011111000000000

State:
    ep(node0) = epoch3
    ep(node1) = epoch0
    held(node0)
    locked(epoch1,node0)
    locked(epoch1,node1)
    locked(epoch2,node0)
    locked(epoch2,node1)
    locked(epoch3,node0)

Found a representative state in Rmin not in reachability: decimal: 6908781607290897, binary: 00011000100010111000000000

State:
    ep(node0) = epoch3
    ep(node1) = epoch0
    held(node0)
    locked(epoch1,node0)
    locked(epoch2,node0)
    locked(epoch2,node1)
    locked(epoch3,node0)

Found a representative state in Rmin not in reachability: decimal: 6908231851477009, binary: 00011000100010110000000000

State:
    ep(node0) = epoch3
    ep(node1) = epoch0
    held(node0)
    locked(epoch1,node0)
    locked(epoch2,node0)
    locked(epoch2,node1)

Found a representative state in Rmin not in reachability: decimal: 11411831478847505, binary: 00101000100010110000000000

State:
    ep(node0) = epoch2
    ep(node1) = epoch0
    held(node0)
    locked(epoch1,node0)
    locked(epoch2,node0)
    locked(epoch2,node1)

Found a representative state in Rmin not in reachability: decimal: 11411832552588305, binary: 00101000100010110000000001

State:
    ep(node0) = epoch2
    ep(node1) = epoch0
    held(node0)
    locked(epoch1,node0)
    locked(epoch2,node0)
    locked(epoch2,node1)
    transfer(epoch3,node1)

Found a representative state in Rmin not in reachability: decimal: 11271093990491153, binary: 00101000000010110000000000

State:
    ep(node0) = epoch2
    ep(node1) = epoch0
    locked(epoch1,node0)
    locked(epoch2,node0)
    locked(epoch2,node1)

Found a representative state in Rmin not in reachability: decimal: 11271095064232977, binary: 00101000000010110000000001

State:
    ep(node0) = epoch2
    ep(node1) = epoch0
    locked(epoch1,node0)
    locked(epoch2,node0)
    locked(epoch2,node1)
    transfer(epoch3,node1)

Found a representative state in Rmin not in reachability: decimal: 5219381991213073, binary: 00010010100010110000000000

State:
    ep(node0) = epoch3
    ep(node1) = epoch2
    held(node0)
    locked(epoch1,node0)
    locked(epoch2,node0)
    locked(epoch2,node1)

Found a representative state in Rmin not in reachability: decimal: 5219931747026961, binary: 00010010100010111000000000

State:
    ep(node0) = epoch3
    ep(node1) = epoch2
    held(node0)
    locked(epoch1,node0)
    locked(epoch2,node0)
    locked(epoch2,node1)
    locked(epoch3,node0)

Found a representative state in Rmin not in reachability: decimal: 5224329793538065, binary: 00010010100011111000000000

State:
    ep(node0) = epoch3
    ep(node1) = epoch2
    held(node0)
    locked(epoch1,node0)
    locked(epoch1,node1)
    locked(epoch2,node0)
    locked(epoch2,node1)
    locked(epoch3,node0)

Found a representative state in Rmin not in reachability: decimal: 5223780037724177, binary: 00010010100011110000000000

State:
    ep(node0) = epoch3
    ep(node1) = epoch2
    held(node0)
    locked(epoch1,node0)
    locked(epoch1,node1)
    locked(epoch2,node0)
    locked(epoch2,node1)

Found a representative state in Rmin not in reachability: decimal: 5214983944701969, binary: 00010010100001110000000000

State:
    ep(node0) = epoch3
    ep(node1) = epoch2
    held(node0)
    locked(epoch1,node1)
    locked(epoch2,node0)
    locked(epoch2,node1)

Found a representative state in Rmin not in reachability: decimal: 5215533700515857, binary: 00010010100001111000000000

State:
    ep(node0) = epoch3
    ep(node1) = epoch2
    held(node0)
    locked(epoch1,node1)
    locked(epoch2,node0)
    locked(epoch2,node1)
    locked(epoch3,node0)

Found a representative state in Rmin not in reachability: decimal: 5215535848000529, binary: 00010010100001111000000010

State:
    ep(node0) = epoch3
    ep(node1) = epoch2
    held(node0)
    locked(epoch1,node1)
    locked(epoch2,node0)
    locked(epoch2,node1)
    locked(epoch3,node0)
    transfer(epoch3,node0)

Found a representative state in Rmin not in reachability: decimal: 5214986092186641, binary: 00010010100001110000000010

State:
    ep(node0) = epoch3
    ep(node1) = epoch2
    held(node0)
    locked(epoch1,node1)
    locked(epoch2,node0)
    locked(epoch2,node1)
    transfer(epoch3,node0)

Found a representative state in Rmin not in reachability: decimal: 5214436336372753, binary: 00010010100001101000000010

State:
    ep(node0) = epoch3
    ep(node1) = epoch2
    held(node0)
    locked(epoch1,node1)
    locked(epoch2,node0)
    locked(epoch3,node0)
    transfer(epoch3,node0)

Found a representative state in Rmin not in reachability: decimal: 5214434188889105, binary: 00010010100001101000000000

State:
    ep(node0) = epoch3
    ep(node1) = epoch2
    held(node0)
    locked(epoch1,node1)
    locked(epoch2,node0)
    locked(epoch3,node0)

Found a representative state in Rmin not in reachability: decimal: 5223230281910289, binary: 00010010100011101000000000

State:
    ep(node0) = epoch3
    ep(node1) = epoch2
    held(node0)
    locked(epoch1,node0)
    locked(epoch1,node1)
    locked(epoch2,node0)
    locked(epoch3,node0)

Found a representative state in Rmin not in reachability: decimal: 5222680526096401, binary: 00010010100011100000000000

State:
    ep(node0) = epoch3
    ep(node1) = epoch2
    held(node0)
    locked(epoch1,node0)
    locked(epoch1,node1)
    locked(epoch2,node0)

Found a representative state in Rmin not in reachability: decimal: 5218282479585297, binary: 00010010100010100000000000

State:
    ep(node0) = epoch3
    ep(node1) = epoch2
    held(node0)
    locked(epoch1,node0)
    locked(epoch2,node0)

Found a representative state in Rmin not in reachability: decimal: 5218832235399185, binary: 00010010100010101000000000

State:
    ep(node0) = epoch3
    ep(node1) = epoch2
    held(node0)
    locked(epoch1,node0)
    locked(epoch2,node0)
    locked(epoch3,node0)

Representatitive states in reachability not in Rmin

[REACH_CHECK RESULT]: FAIL

[QRM NOTE]: Time elapsed since start: 21.194 seconds

[QRM NOTE]: Time elapsed since last: 14.857 seconds

[QRM NOTE]: Peak memory: 2236613 bytes

No new states

No Convergence

