"Orbit","pattern","SQI","qcost","Bit String","# literals","Group","Group Type","Group Size","Sig","Number sig","Literal sig","ep","held","locked","transfer","#ep=1","#ep=0","#held=1","#held=0","#locked=1","#locked=0","#transfer=1","#transfer=0","#forall","#exists"
"0","1","forall NODE0. ~locked_epoch0(NODE0)","2","--------------1-----------------------","1","1","F","2","0000100010","0000100010","l1","------------","--","1-----------","------------","0","0","0","0","1","0","0","0","1","0"
"1","1","forall NODE0. ~locked_epoch1(NODE0)","2","----------------1---------------------","1","1","F","2","0000100010","0000100010","l1","------------","--","--1---------","------------","0","0","0","0","1","0","0","0","1","0"
"2","1","forall NODE0. ~transfer_epoch0(NODE0)","2","--------------------------1-----------","1","2","F","2","0000001010","0000001010","t1","------------","--","------------","1-----------","0","0","0","0","0","0","1","0","1","0"
"3","1","forall NODE0. ~transfer_epoch1(NODE0)","2","----------------------------1---------","1","2","F","2","0000001010","0000001010","t1","------------","--","------------","--1---------","0","0","0","0","0","0","1","0","1","0"
"4","1","exists NODE0. ~ep_epoch0(NODE0)","2","1-----1-------------------------------","1","1","E","6","e1","1000000001","e1","1-----1-----","--","------------","------------","2","0","0","0","0","0","0","0","0","1"
"5","1","forall NODE0. ~ep_epoch0(NODE0) | ~ep_epoch1(NODE0)","3","11------------------------------------","2","3","F","15","1000000010","1000000010","e1","11----------","--","------------","------------","2","0","0","0","0","0","0","0","1","0"
"6","1","forall NODE0. ~ep_epoch0(NODE0) | ~ep_epoch2(NODE0)","3","1-1-----------------------------------","2","3","F","15","1000000010","1000000010","e1","1-1---------","--","------------","------------","2","0","0","0","0","0","0","0","1","0"
"7","1","forall NODE0. ~ep_epoch0(NODE0) | ~ep_epoch3(NODE0)","3","1--1----------------------------------","2","3","F","15","1000000010","1000000010","e1","1--1--------","--","------------","------------","2","0","0","0","0","0","0","0","1","0"
"8","1","forall NODE0. ~ep_epoch0(NODE0) | ~ep_epoch4(NODE0)","3","1---1---------------------------------","2","3","F","15","1000000010","1000000010","e1","1---1-------","--","------------","------------","2","0","0","0","0","0","0","0","1","0"
"9","1","forall NODE0. ~ep_epoch0(NODE0) | ~ep_epoch5(NODE0)","3","1----1--------------------------------","2","3","F","15","1000000010","1000000010","e1","1----1------","--","------------","------------","2","0","0","0","0","0","0","0","1","0"
"10","2","forall NODE0. ~ep_epoch0(NODE0) | ~held(NODE0)","3","1-----------1-------------------------","2","4","F","1","1010000010","1010000010","e1h1","1-----------","1-","------------","------------","1","0","1","0","0","0","0","0","1","0"
"11","2","forall NODE0. ~ep_epoch0(NODE0) | ~locked_epoch2(NODE0)","3","1-----------------1-------------------","2","5","F","14","1000100010","1000100010","e1l1","1-----------","--","----1-------","------------","1","0","0","0","1","0","0","0","1","0"
"12","2","forall NODE0. ~ep_epoch0(NODE0) | ~locked_epoch3(NODE0)","3","1-------------------1-----------------","2","5","F","14","1000100010","1000100010","e1l1","1-----------","--","------1-----","------------","1","0","0","0","1","0","0","0","1","0"
"13","2","forall NODE0. ~ep_epoch0(NODE0) | ~locked_epoch4(NODE0)","3","1---------------------1---------------","2","5","F","14","1000100010","1000100010","e1l1","1-----------","--","--------1---","------------","1","0","0","0","1","0","0","0","1","0"
"14","2","forall NODE0. ~ep_epoch0(NODE0) | ~locked_epoch5(NODE0)","3","1-----------------------1-------------","2","5","F","14","1000100010","1000100010","e1l1","1-----------","--","----------1-","------------","1","0","0","0","1","0","0","0","1","0"
"15","1","exists NODE0. ~ep_epoch1(NODE0)","2","-1-----1------------------------------","1","1","E","6","e1","1000000001","e1","-1-----1----","--","------------","------------","2","0","0","0","0","0","0","0","0","1"
"16","1","forall NODE0. ~ep_epoch1(NODE0) | ~ep_epoch2(NODE0)","3","-11-----------------------------------","2","3","F","15","1000000010","1000000010","e1","-11---------","--","------------","------------","2","0","0","0","0","0","0","0","1","0"
"17","1","forall NODE0. ~ep_epoch1(NODE0) | ~ep_epoch3(NODE0)","3","-1-1----------------------------------","2","3","F","15","1000000010","1000000010","e1","-1-1--------","--","------------","------------","2","0","0","0","0","0","0","0","1","0"
"18","1","forall NODE0. ~ep_epoch1(NODE0) | ~ep_epoch4(NODE0)","3","-1--1---------------------------------","2","3","F","15","1000000010","1000000010","e1","-1--1-------","--","------------","------------","2","0","0","0","0","0","0","0","1","0"
"19","1","forall NODE0. ~ep_epoch1(NODE0) | ~ep_epoch5(NODE0)","3","-1---1--------------------------------","2","3","F","15","1000000010","1000000010","e1","-1---1------","--","------------","------------","2","0","0","0","0","0","0","0","1","0"
"20","2","forall NODE0. ~ep_epoch1(NODE0) | ~locked_epoch2(NODE0)","3","-1----------------1-------------------","2","5","F","14","1000100010","1000100010","e1l1","-1----------","--","----1-------","------------","1","0","0","0","1","0","0","0","1","0"
"21","2","forall NODE0. ~ep_epoch1(NODE0) | ~locked_epoch3(NODE0)","3","-1------------------1-----------------","2","5","F","14","1000100010","1000100010","e1l1","-1----------","--","------1-----","------------","1","0","0","0","1","0","0","0","1","0"
"22","2","forall NODE0. ~ep_epoch1(NODE0) | ~locked_epoch4(NODE0)","3","-1--------------------1---------------","2","5","F","14","1000100010","1000100010","e1l1","-1----------","--","--------1---","------------","1","0","0","0","1","0","0","0","1","0"
"23","2","forall NODE0. ~ep_epoch1(NODE0) | ~locked_epoch5(NODE0)","3","-1----------------------1-------------","2","5","F","14","1000100010","1000100010","e1l1","-1----------","--","----------1-","------------","1","0","0","0","1","0","0","0","1","0"
"24","1","exists NODE0. ~ep_epoch2(NODE0)","2","--1-----1-----------------------------","1","1","E","6","e1","1000000001","e1","--1-----1---","--","------------","------------","2","0","0","0","0","0","0","0","0","1"
"25","1","forall NODE0. ~ep_epoch2(NODE0) | ~ep_epoch3(NODE0)","3","--11----------------------------------","2","3","F","15","1000000010","1000000010","e1","--11--------","--","------------","------------","2","0","0","0","0","0","0","0","1","0"
"26","1","forall NODE0. ~ep_epoch2(NODE0) | ~ep_epoch4(NODE0)","3","--1-1---------------------------------","2","3","F","15","1000000010","1000000010","e1","--1-1-------","--","------------","------------","2","0","0","0","0","0","0","0","1","0"
"27","1","forall NODE0. ~ep_epoch2(NODE0) | ~ep_epoch5(NODE0)","3","--1--1--------------------------------","2","3","F","15","1000000010","1000000010","e1","--1--1------","--","------------","------------","2","0","0","0","0","0","0","0","1","0"
"28","2","forall NODE1,NODE0. ~ep_epoch2(NODE0) | ~locked_epoch2(NODE1) | NODE0 = NODE1","5","--1----------------1------------------","3","7","F","4","1000100020","1000100020","e1l1","--1---------","--","-----1------","------------","1","0","0","0","1","0","0","0","2","0"
"29","2","forall NODE0. ~ep_epoch2(NODE0) | ~locked_epoch3(NODE0)","3","--1-----------------1-----------------","2","5","F","14","1000100010","1000100010","e1l1","--1---------","--","------1-----","------------","1","0","0","0","1","0","0","0","1","0"
"30","2","forall NODE0. ~ep_epoch2(NODE0) | ~locked_epoch4(NODE0)","3","--1-------------------1---------------","2","5","F","14","1000100010","1000100010","e1l1","--1---------","--","--------1---","------------","1","0","0","0","1","0","0","0","1","0"
"31","2","forall NODE0. ~ep_epoch2(NODE0) | ~locked_epoch5(NODE0)","3","--1---------------------1-------------","2","5","F","14","1000100010","1000100010","e1l1","--1---------","--","----------1-","------------","1","0","0","0","1","0","0","0","1","0"
"32","2","forall NODE1,NODE0. ~ep_epoch2(NODE0) | ~transfer_epoch2(NODE1)","4","--1---------------------------1-------","2","8","F","10","1000001020","1000001020","e1t1","--1---------","--","------------","----1-------","1","0","0","0","0","0","1","0","2","0"
"33","2","forall NODE0. ~ep_epoch2(NODE0) | locked_epoch2(NODE0)","3","--1---------------0-------------------","2","10","F","4","1000010010","1000010010","e1l0","--1---------","--","----0-------","------------","1","0","0","0","0","1","0","0","1","0"
"34","1","exists NODE0. ~ep_epoch3(NODE0)","2","---1-----1----------------------------","1","1","E","6","e1","1000000001","e1","---1-----1--","--","------------","------------","2","0","0","0","0","0","0","0","0","1"
"35","1","forall NODE0. ~ep_epoch3(NODE0) | ~ep_epoch4(NODE0)","3","---11---------------------------------","2","3","F","15","1000000010","1000000010","e1","---11-------","--","------------","------------","2","0","0","0","0","0","0","0","1","0"
"36","1","forall NODE0. ~ep_epoch3(NODE0) | ~ep_epoch5(NODE0)","3","---1-1--------------------------------","2","3","F","15","1000000010","1000000010","e1","---1-1------","--","------------","------------","2","0","0","0","0","0","0","0","1","0"
"37","2","forall NODE1,NODE0. ~ep_epoch3(NODE0) | ~locked_epoch3(NODE1) | NODE0 = NODE1","5","---1-----------------1----------------","3","7","F","4","1000100020","1000100020","e1l1","---1--------","--","-------1----","------------","1","0","0","0","1","0","0","0","2","0"
"38","2","forall NODE0. ~ep_epoch3(NODE0) | ~locked_epoch4(NODE0)","3","---1------------------1---------------","2","5","F","14","1000100010","1000100010","e1l1","---1--------","--","--------1---","------------","1","0","0","0","1","0","0","0","1","0"
"39","2","forall NODE0. ~ep_epoch3(NODE0) | ~locked_epoch5(NODE0)","3","---1--------------------1-------------","2","5","F","14","1000100010","1000100010","e1l1","---1--------","--","----------1-","------------","1","0","0","0","1","0","0","0","1","0"
"40","2","forall NODE1,NODE0. ~ep_epoch3(NODE0) | ~transfer_epoch2(NODE1)","4","---1--------------------------1-------","2","8","F","10","1000001020","1000001020","e1t1","---1--------","--","------------","----1-------","1","0","0","0","0","0","1","0","2","0"
"41","2","forall NODE1,NODE0. ~ep_epoch3(NODE0) | ~transfer_epoch3(NODE1)","4","---1----------------------------1-----","2","8","F","10","1000001020","1000001020","e1t1","---1--------","--","------------","------1-----","1","0","0","0","0","0","1","0","2","0"
"42","2","forall NODE0. ~ep_epoch3(NODE0) | locked_epoch3(NODE0)","3","---1----------------0-----------------","2","10","F","4","1000010010","1000010010","e1l0","---1--------","--","------0-----","------------","1","0","0","0","0","1","0","0","1","0"
"43","1","exists NODE0. ~ep_epoch4(NODE0)","2","----1-----1---------------------------","1","1","E","6","e1","1000000001","e1","----1-----1-","--","------------","------------","2","0","0","0","0","0","0","0","0","1"
"44","1","forall NODE0. ~ep_epoch4(NODE0) | ~ep_epoch5(NODE0)","3","----11--------------------------------","2","3","F","15","1000000010","1000000010","e1","----11------","--","------------","------------","2","0","0","0","0","0","0","0","1","0"
"45","2","forall NODE1,NODE0. ~ep_epoch4(NODE0) | ~locked_epoch4(NODE1) | NODE0 = NODE1","5","----1------------------1--------------","3","7","F","4","1000100020","1000100020","e1l1","----1-------","--","---------1--","------------","1","0","0","0","1","0","0","0","2","0"
"46","2","forall NODE0. ~ep_epoch4(NODE0) | ~locked_epoch5(NODE0)","3","----1-------------------1-------------","2","5","F","14","1000100010","1000100010","e1l1","----1-------","--","----------1-","------------","1","0","0","0","1","0","0","0","1","0"
"47","2","forall NODE1,NODE0. ~ep_epoch4(NODE0) | ~transfer_epoch2(NODE1)","4","----1-------------------------1-------","2","8","F","10","1000001020","1000001020","e1t1","----1-------","--","------------","----1-------","1","0","0","0","0","0","1","0","2","0"
"48","2","forall NODE1,NODE0. ~ep_epoch4(NODE0) | ~transfer_epoch3(NODE1)","4","----1---------------------------1-----","2","8","F","10","1000001020","1000001020","e1t1","----1-------","--","------------","------1-----","1","0","0","0","0","0","1","0","2","0"
"49","2","forall NODE1,NODE0. ~ep_epoch4(NODE0) | ~transfer_epoch4(NODE1)","4","----1-----------------------------1---","2","8","F","10","1000001020","1000001020","e1t1","----1-------","--","------------","--------1---","1","0","0","0","0","0","1","0","2","0"
"50","2","forall NODE0. ~ep_epoch4(NODE0) | locked_epoch4(NODE0)","3","----1-----------------0---------------","2","10","F","4","1000010010","1000010010","e1l0","----1-------","--","--------0---","------------","1","0","0","0","0","1","0","0","1","0"
"51","1","exists NODE0. ~ep_epoch5(NODE0)","2","-----1-----1--------------------------","1","1","E","6","e1","1000000001","e1","-----1-----1","--","------------","------------","2","0","0","0","0","0","0","0","0","1"
"52","2","forall NODE1,NODE0. ~ep_epoch5(NODE0) | ~held(NODE1) | NODE0 = NODE1","5","-----1-------1------------------------","3","6","F","7","1010000020","1010000020","e1h1","-----1------","-1","------------","------------","1","0","1","0","0","0","0","0","2","0"
"53","2","forall NODE1,NODE0. ~ep_epoch5(NODE0) | ~locked_epoch5(NODE1) | NODE0 = NODE1","5","-----1-------------------1------------","3","7","F","4","1000100020","1000100020","e1l1","-----1------","--","-----------1","------------","1","0","0","0","1","0","0","0","2","0"
"54","2","forall NODE1,NODE0. ~ep_epoch5(NODE0) | ~transfer_epoch2(NODE1)","4","-----1------------------------1-------","2","8","F","10","1000001020","1000001020","e1t1","-----1------","--","------------","----1-------","1","0","0","0","0","0","1","0","2","0"
"55","2","forall NODE1,NODE0. ~ep_epoch5(NODE0) | ~transfer_epoch3(NODE1)","4","-----1--------------------------1-----","2","8","F","10","1000001020","1000001020","e1t1","-----1------","--","------------","------1-----","1","0","0","0","0","0","1","0","2","0"
"56","2","forall NODE1,NODE0. ~ep_epoch5(NODE0) | ~transfer_epoch4(NODE1)","4","-----1----------------------------1---","2","8","F","10","1000001020","1000001020","e1t1","-----1------","--","------------","--------1---","1","0","0","0","0","0","1","0","2","0"
"57","2","forall NODE1,NODE0. ~ep_epoch5(NODE0) | ~transfer_epoch5(NODE1)","4","-----1------------------------------1-","2","8","F","10","1000001020","1000001020","e1t1","-----1------","--","------------","----------1-","1","0","0","0","0","0","1","0","2","0"
"58","2","forall NODE0. ~ep_epoch5(NODE0) | held(NODE0)","3","-----1------0-------------------------","2","9","F","1","1001000010","1001000010","e1h0","-----1------","0-","------------","------------","1","0","0","1","0","0","0","0","1","0"
"59","2","forall NODE0. ~ep_epoch5(NODE0) | locked_epoch5(NODE0)","3","-----1------------------0-------------","2","10","F","4","1000010010","1000010010","e1l0","-----1------","--","----------0-","------------","1","0","0","0","0","1","0","0","1","0"
"60","1","exists NODE0. ~held(NODE0)","2","------------11------------------------","1","2","E","1","h1","0010000001","h1","------------","11","------------","------------","0","0","2","0","0","0","0","0","0","1"
"61","2","forall NODE1,NODE0. ~held(NODE0) | ~locked_epoch5(NODE1) | NODE0 = NODE1","5","------------1------------1------------","3","11","F","1","0010100020","0010100020","h1l1","------------","1-","-----------1","------------","0","0","1","0","1","0","0","0","2","0"
"62","2","forall NODE1,NODE0. ~held(NODE0) | ~transfer_epoch2(NODE1)","4","------------1-----------------1-------","2","12","F","4","0010001020","0010001020","h1t1","------------","1-","------------","----1-------","0","0","1","0","0","0","1","0","2","0"
"63","2","forall NODE1,NODE0. ~held(NODE0) | ~transfer_epoch3(NODE1)","4","------------1-------------------1-----","2","12","F","4","0010001020","0010001020","h1t1","------------","1-","------------","------1-----","0","0","1","0","0","0","1","0","2","0"
"64","2","forall NODE1,NODE0. ~held(NODE0) | ~transfer_epoch4(NODE1)","4","------------1---------------------1---","2","12","F","4","0010001020","0010001020","h1t1","------------","1-","------------","--------1---","0","0","1","0","0","0","1","0","2","0"
"65","2","forall NODE1,NODE0. ~held(NODE0) | ~transfer_epoch5(NODE1)","4","------------1-----------------------1-","2","12","F","4","0010001020","0010001020","h1t1","------------","1-","------------","----------1-","0","0","1","0","0","0","1","0","2","0"
"66","1","exists NODE0. ~locked_epoch2(NODE0)","2","------------------11------------------","1","3","E","4","l1","0000100001","l1","------------","--","----11------","------------","0","0","0","0","2","0","0","0","0","1"
"67","2","forall NODE1,NODE0. ~locked_epoch2(NODE0) | ~transfer_epoch2(NODE1)","4","------------------1-----------1-------","2","13","F","10","0000101020","0000101020","l1t1","------------","--","----1-------","----1-------","0","0","0","0","1","0","1","0","2","0"
"68","1","exists NODE0. ~locked_epoch3(NODE0)","2","--------------------11----------------","1","3","E","4","l1","0000100001","l1","------------","--","------11----","------------","0","0","0","0","2","0","0","0","0","1"
"69","2","forall NODE1,NODE0. ~locked_epoch3(NODE0) | ~transfer_epoch2(NODE1)","4","--------------------1---------1-------","2","13","F","10","0000101020","0000101020","l1t1","------------","--","------1-----","----1-------","0","0","0","0","1","0","1","0","2","0"
"70","2","forall NODE1,NODE0. ~locked_epoch3(NODE0) | ~transfer_epoch3(NODE1)","4","--------------------1-----------1-----","2","13","F","10","0000101020","0000101020","l1t1","------------","--","------1-----","------1-----","0","0","0","0","1","0","1","0","2","0"
"71","1","exists NODE0. ~locked_epoch4(NODE0)","2","----------------------11--------------","1","3","E","4","l1","0000100001","l1","------------","--","--------11--","------------","0","0","0","0","2","0","0","0","0","1"
"72","2","forall NODE1,NODE0. ~locked_epoch4(NODE0) | ~transfer_epoch2(NODE1)","4","----------------------1-------1-------","2","13","F","10","0000101020","0000101020","l1t1","------------","--","--------1---","----1-------","0","0","0","0","1","0","1","0","2","0"
"73","2","forall NODE1,NODE0. ~locked_epoch4(NODE0) | ~transfer_epoch3(NODE1)","4","----------------------1---------1-----","2","13","F","10","0000101020","0000101020","l1t1","------------","--","--------1---","------1-----","0","0","0","0","1","0","1","0","2","0"
"74","2","forall NODE1,NODE0. ~locked_epoch4(NODE0) | ~transfer_epoch4(NODE1)","4","----------------------1-----------1---","2","13","F","10","0000101020","0000101020","l1t1","------------","--","--------1---","--------1---","0","0","0","0","1","0","1","0","2","0"
"75","1","exists NODE0. ~locked_epoch5(NODE0)","2","------------------------11------------","1","3","E","4","l1","0000100001","l1","------------","--","----------11","------------","0","0","0","0","2","0","0","0","0","1"
"76","2","forall NODE1,NODE0. ~locked_epoch5(NODE0) | ~transfer_epoch2(NODE1)","4","------------------------1-----1-------","2","13","F","10","0000101020","0000101020","l1t1","------------","--","----------1-","----1-------","0","0","0","0","1","0","1","0","2","0"
"77","2","forall NODE1,NODE0. ~locked_epoch5(NODE0) | ~transfer_epoch3(NODE1)","4","------------------------1-------1-----","2","13","F","10","0000101020","0000101020","l1t1","------------","--","----------1-","------1-----","0","0","0","0","1","0","1","0","2","0"
"78","2","forall NODE1,NODE0. ~locked_epoch5(NODE0) | ~transfer_epoch4(NODE1)","4","------------------------1---------1---","2","13","F","10","0000101020","0000101020","l1t1","------------","--","----------1-","--------1---","0","0","0","0","1","0","1","0","2","0"
"79","2","forall NODE1,NODE0. ~locked_epoch5(NODE0) | ~transfer_epoch5(NODE1)","4","------------------------1-----------1-","2","13","F","10","0000101020","0000101020","l1t1","------------","--","----------1-","----------1-","0","0","0","0","1","0","1","0","2","0"
"80","2","forall NODE0. ~locked_epoch5(NODE0) | ep_epoch5(NODE0)","3","-----0------------------1-------------","2","14","F","4","0100100010","0100100010","e0l1","-----0------","--","----------1-","------------","0","1","0","0","1","0","0","0","1","0"
"81","2","forall NODE0. ~locked_epoch5(NODE0) | held(NODE0)","3","------------0-----------1-------------","2","15","F","1","0001100010","0001100010","h0l1","------------","0-","----------1-","------------","0","0","0","1","1","0","0","0","1","0"
"82","1","exists NODE0. ~transfer_epoch2(NODE0)","2","------------------------------11------","1","4","E","4","t1","0000001001","t1","------------","--","------------","----11------","0","0","0","0","0","0","2","0","0","1"
"83","1","forall NODE1,NODE0. ~transfer_epoch2(NODE0) | ~transfer_epoch3(NODE1)","4","------------------------------1-1-----","2","39","F","6","0000001020","0000001020","t1","------------","--","------------","----1-1-----","0","0","0","0","0","0","2","0","2","0"
"84","1","forall NODE1,NODE0. ~transfer_epoch2(NODE0) | ~transfer_epoch4(NODE1)","4","------------------------------1---1---","2","39","F","6","0000001020","0000001020","t1","------------","--","------------","----1---1---","0","0","0","0","0","0","2","0","2","0"
"85","1","forall NODE1,NODE0. ~transfer_epoch2(NODE0) | ~transfer_epoch5(NODE1)","4","------------------------------1-----1-","2","39","F","6","0000001020","0000001020","t1","------------","--","------------","----1-----1-","0","0","0","0","0","0","2","0","2","0"
"86","1","exists NODE0. ~transfer_epoch3(NODE0)","2","--------------------------------11----","1","4","E","4","t1","0000001001","t1","------------","--","------------","------11----","0","0","0","0","0","0","2","0","0","1"
"87","1","forall NODE1,NODE0. ~transfer_epoch3(NODE0) | ~transfer_epoch4(NODE1)","4","--------------------------------1-1---","2","39","F","6","0000001020","0000001020","t1","------------","--","------------","------1-1---","0","0","0","0","0","0","2","0","2","0"
"88","1","forall NODE1,NODE0. ~transfer_epoch3(NODE0) | ~transfer_epoch5(NODE1)","4","--------------------------------1---1-","2","39","F","6","0000001020","0000001020","t1","------------","--","------------","------1---1-","0","0","0","0","0","0","2","0","2","0"
"89","1","exists NODE0. ~transfer_epoch4(NODE0)","2","----------------------------------11--","1","4","E","4","t1","0000001001","t1","------------","--","------------","--------11--","0","0","0","0","0","0","2","0","0","1"
"90","1","forall NODE1,NODE0. ~transfer_epoch4(NODE0) | ~transfer_epoch5(NODE1)","4","----------------------------------1-1-","2","39","F","6","0000001020","0000001020","t1","------------","--","------------","--------1-1-","0","0","0","0","0","0","2","0","2","0"
"91","1","exists NODE0. ~transfer_epoch5(NODE0)","2","------------------------------------11","1","4","E","4","t1","0000001001","t1","------------","--","------------","----------11","0","0","0","0","0","0","2","0","0","1"
"92","2","forall NODE2,NODE1,NODE0. ~ep_epoch0(NODE0) | ~ep_epoch1(NODE1) | ~transfer_epoch3(NODE2) | ((NODE0 ~= NODE2 | NODE0 = NODE1) & (NODE1 ~= NODE2 | NODE0 = NODE1))","10","1------1------------------------1-----","7","40","F","10","1000001030","1000001030","e1t1","1------1----","--","------------","------1-----","2","0","0","0","0","0","1","0","3","0"
"93","2","forall NODE2,NODE1,NODE0. ~ep_epoch0(NODE0) | ~ep_epoch1(NODE1) | ~transfer_epoch4(NODE2) | ((NODE1 ~= NODE2 | NODE0 = NODE1) & (NODE0 ~= NODE2 | NODE0 = NODE1))","10","1------1--------------------------1---","7","40","F","10","1000001030","1000001030","e1t1","1------1----","--","------------","--------1---","2","0","0","0","0","0","1","0","3","0"
"94","2","forall NODE2,NODE1,NODE0. ~ep_epoch0(NODE0) | ~ep_epoch1(NODE1) | ~transfer_epoch5(NODE2) | ((NODE0 ~= NODE2 | NODE0 = NODE1) & (NODE1 ~= NODE2 | NODE0 = NODE1))","10","1------1----------------------------1-","7","40","F","10","1000001030","1000001030","e1t1","1------1----","--","------------","----------1-","2","0","0","0","0","0","1","0","3","0"
"95","2","forall NODE2,NODE1,NODE0. ~ep_epoch0(NODE0) | ~ep_epoch2(NODE1) | ~transfer_epoch4(NODE2) | ((NODE1 ~= NODE2 | NODE0 = NODE1) & (NODE0 ~= NODE2 | NODE0 = NODE1))","10","1-------1-------------------------1---","7","40","F","10","1000001030","1000001030","e1t1","1-------1---","--","------------","--------1---","2","0","0","0","0","0","1","0","3","0"
"96","2","forall NODE2,NODE1,NODE0. ~ep_epoch0(NODE0) | ~ep_epoch2(NODE1) | ~transfer_epoch5(NODE2) | ((NODE0 ~= NODE2 | NODE0 = NODE1) & (NODE1 ~= NODE2 | NODE0 = NODE1))","10","1-------1---------------------------1-","7","40","F","10","1000001030","1000001030","e1t1","1-------1---","--","------------","----------1-","2","0","0","0","0","0","1","0","3","0"
"97","2","forall NODE2,NODE1,NODE0. ~ep_epoch0(NODE0) | ~ep_epoch3(NODE1) | ~transfer_epoch5(NODE2) | ((NODE0 ~= NODE2 | NODE0 = NODE1) & (NODE1 ~= NODE2 | NODE0 = NODE1))","10","1--------1--------------------------1-","7","40","F","10","1000001030","1000001030","e1t1","1--------1--","--","------------","----------1-","2","0","0","0","0","0","1","0","3","0"
"98","2","forall NODE1,NODE0. ~ep_epoch0(NODE0) | ~ep_epoch3(NODE1) | locked_epoch2(NODE1) | NODE0 = NODE1","6","1--------1---------0------------------","4","41","F","22","1000010020","1000010020","e1l0","1--------1--","--","-----0------","------------","2","0","0","0","0","1","0","0","2","0"
"99","2","forall NODE1,NODE0. ~ep_epoch0(NODE0) | ~ep_epoch4(NODE1) | locked_epoch2(NODE1) | NODE0 = NODE1","6","1---------1--------0------------------","4","41","F","22","1000010020","1000010020","e1l0","1---------1-","--","-----0------","------------","2","0","0","0","0","1","0","0","2","0"
"100","2","forall NODE1,NODE0. ~ep_epoch0(NODE0) | ~ep_epoch4(NODE1) | locked_epoch3(NODE1) | NODE0 = NODE1","6","1---------1----------0----------------","4","41","F","22","1000010020","1000010020","e1l0","1---------1-","--","-------0----","------------","2","0","0","0","0","1","0","0","2","0"
"101","2","forall NODE1,NODE0. ~ep_epoch0(NODE0) | ~ep_epoch5(NODE1) | locked_epoch2(NODE1) | NODE0 = NODE1","6","1----------1-------0------------------","4","41","F","22","1000010020","1000010020","e1l0","1----------1","--","-----0------","------------","2","0","0","0","0","1","0","0","2","0"
"102","2","forall NODE1,NODE0. ~ep_epoch0(NODE0) | ~ep_epoch5(NODE1) | locked_epoch3(NODE1) | NODE0 = NODE1","6","1----------1---------0----------------","4","41","F","22","1000010020","1000010020","e1l0","1----------1","--","-------0----","------------","2","0","0","0","0","1","0","0","2","0"
"103","2","forall NODE1,NODE0. ~ep_epoch0(NODE0) | ~ep_epoch5(NODE1) | locked_epoch4(NODE1) | NODE0 = NODE1","6","1----------1-----------0--------------","4","41","F","22","1000010020","1000010020","e1l0","1----------1","--","---------0--","------------","2","0","0","0","0","1","0","0","2","0"
"104","3","forall NODE1,NODE0. ~ep_epoch0(NODE0) | ~locked_epoch3(NODE1) | locked_epoch2(NODE1) | NODE0 = NODE1","6","1------------------0-1----------------","4","42","F","16","1000110020","1000110020","e1l1l0","1-----------","--","-----0-1----","------------","1","0","0","0","1","1","0","0","2","0"
"105","3","forall NODE1,NODE0. ~ep_epoch0(NODE0) | ~locked_epoch4(NODE1) | locked_epoch2(NODE1) | NODE0 = NODE1","6","1------------------0---1--------------","4","42","F","16","1000110020","1000110020","e1l1l0","1-----------","--","-----0---1--","------------","1","0","0","0","1","1","0","0","2","0"
"106","3","forall NODE1,NODE0. ~ep_epoch0(NODE0) | ~locked_epoch4(NODE1) | locked_epoch3(NODE1) | NODE0 = NODE1","6","1--------------------0-1--------------","4","42","F","16","1000110020","1000110020","e1l1l0","1-----------","--","-------0-1--","------------","1","0","0","0","1","1","0","0","2","0"
"107","3","forall NODE1,NODE0. ~ep_epoch0(NODE0) | ~locked_epoch5(NODE1) | locked_epoch2(NODE1) | NODE0 = NODE1","6","1------------------0-----1------------","4","42","F","16","1000110020","1000110020","e1l1l0","1-----------","--","-----0-----1","------------","1","0","0","0","1","1","0","0","2","0"
"108","3","forall NODE1,NODE0. ~ep_epoch0(NODE0) | ~locked_epoch5(NODE1) | locked_epoch3(NODE1) | NODE0 = NODE1","6","1--------------------0---1------------","4","42","F","16","1000110020","1000110020","e1l1l0","1-----------","--","-------0---1","------------","1","0","0","0","1","1","0","0","2","0"
"109","3","forall NODE1,NODE0. ~ep_epoch0(NODE0) | ~locked_epoch5(NODE1) | locked_epoch4(NODE1) | NODE0 = NODE1","6","1----------------------0-1------------","4","42","F","16","1000110020","1000110020","e1l1l0","1-----------","--","---------0-1","------------","1","0","0","0","1","1","0","0","2","0"
"110","3","forall NODE2,NODE1,NODE0. ~ep_epoch0(NODE0) | ~transfer_epoch2(NODE1) | ep_epoch1(NODE2) | ((NODE0 ~= NODE1 | NODE0 = NODE2) & (NODE1 ~= NODE2 | NODE0 = NODE1))","10","1------0----------------------1-------","7","16","F","14","1100001030","1100001030","e1e0t1","1------0----","--","------------","----1-------","1","1","0","0","0","0","1","0","3","0"
"111","3","forall NODE2,NODE1,NODE0. ~ep_epoch0(NODE0) | ~transfer_epoch3(NODE1) | ep_epoch2(NODE2) | ((NODE0 ~= NODE1 | NODE0 = NODE2) & (NODE1 ~= NODE2 | NODE0 = NODE1))","10","1-------0-----------------------1-----","7","16","F","14","1100001030","1100001030","e1e0t1","1-------0---","--","------------","------1-----","1","1","0","0","0","0","1","0","3","0"
"112","3","forall NODE2,NODE1,NODE0. ~ep_epoch0(NODE0) | ~transfer_epoch3(NODE1) | locked_epoch2(NODE2) | ((NODE0 ~= NODE1 | NODE0 = NODE2) & (NODE1 ~= NODE2 | NODE0 = NODE1))","10","1------------------0------------1-----","7","43","F","16","1000011030","1000011030","e1l0t1","1-----------","--","-----0------","------1-----","1","0","0","0","0","1","1","0","3","0"
"113","3","forall NODE2,NODE1,NODE0. ~ep_epoch0(NODE0) | ~transfer_epoch4(NODE1) | ep_epoch3(NODE2) | ((NODE0 ~= NODE1 | NODE0 = NODE2) & (NODE1 ~= NODE2 | NODE0 = NODE1))","10","1--------0------------------------1---","7","16","F","14","1100001030","1100001030","e1e0t1","1--------0--","--","------------","--------1---","1","1","0","0","0","0","1","0","3","0"
"114","3","forall NODE2,NODE1,NODE0. ~ep_epoch0(NODE0) | ~transfer_epoch4(NODE1) | locked_epoch2(NODE2) | ((NODE0 ~= NODE1 | NODE0 = NODE2) & (NODE1 ~= NODE2 | NODE0 = NODE1))","10","1------------------0--------------1---","7","43","F","16","1000011030","1000011030","e1l0t1","1-----------","--","-----0------","--------1---","1","0","0","0","0","1","1","0","3","0"
"115","3","forall NODE2,NODE1,NODE0. ~ep_epoch0(NODE0) | ~transfer_epoch4(NODE1) | locked_epoch3(NODE2) | ((NODE0 ~= NODE1 | NODE0 = NODE2) & (NODE1 ~= NODE2 | NODE0 = NODE1))","10","1--------------------0------------1---","7","43","F","16","1000011030","1000011030","e1l0t1","1-----------","--","-------0----","--------1---","1","0","0","0","0","1","1","0","3","0"
"116","3","forall NODE2,NODE1,NODE0. ~ep_epoch0(NODE0) | ~transfer_epoch5(NODE1) | ep_epoch4(NODE2) | ((NODE0 ~= NODE1 | NODE0 = NODE2) & (NODE1 ~= NODE2 | NODE0 = NODE1))","10","1---------0-------------------------1-","7","16","F","14","1100001030","1100001030","e1e0t1","1---------0-","--","------------","----------1-","1","1","0","0","0","0","1","0","3","0"
"117","3","forall NODE2,NODE1,NODE0. ~ep_epoch0(NODE0) | ~transfer_epoch5(NODE1) | locked_epoch2(NODE2) | ((NODE0 ~= NODE1 | NODE0 = NODE2) & (NODE1 ~= NODE2 | NODE0 = NODE1))","10","1------------------0----------------1-","7","43","F","16","1000011030","1000011030","e1l0t1","1-----------","--","-----0------","----------1-","1","0","0","0","0","1","1","0","3","0"
"118","3","forall NODE2,NODE1,NODE0. ~ep_epoch0(NODE0) | ~transfer_epoch5(NODE1) | locked_epoch3(NODE2) | ((NODE0 ~= NODE1 | NODE0 = NODE2) & (NODE1 ~= NODE2 | NODE0 = NODE1))","10","1--------------------0--------------1-","7","43","F","16","1000011030","1000011030","e1l0t1","1-----------","--","-------0----","----------1-","1","0","0","0","0","1","1","0","3","0"
"119","3","forall NODE2,NODE1,NODE0. ~ep_epoch0(NODE0) | ~transfer_epoch5(NODE1) | locked_epoch4(NODE2) | ((NODE0 ~= NODE1 | NODE0 = NODE2) & (NODE1 ~= NODE2 | NODE0 = NODE1))","10","1----------------------0------------1-","7","43","F","16","1000011030","1000011030","e1l0t1","1-----------","--","---------0--","----------1-","1","0","0","0","0","1","1","0","3","0"
"120","3","forall NODE1,NODE0. ~ep_epoch0(NODE0) | ep_epoch1(NODE1) | locked_epoch2(NODE1) | NODE0 = NODE1","6","1------0-----------0------------------","4","19","F","46","1100010020","1100010020","e1e0l0","1------0----","--","-----0------","------------","1","1","0","0","0","1","0","0","2","0"
"121","2","forall NODE1,NODE0. ~ep_epoch1(NODE0) | ~ep_epoch2(NODE1) | ~held(NODE0) | NODE0 = NODE1","6","-1------1---1-------------------------","4","6","F","7","1010000020","1010000020","e1h1","-1------1---","1-","------------","------------","2","0","1","0","0","0","0","0","2","0"
"122","2","forall NODE2,NODE1,NODE0. ~ep_epoch1(NODE0) | ~ep_epoch2(NODE1) | ~transfer_epoch4(NODE2) | ((NODE0 ~= NODE2 | NODE0 = NODE1) & (NODE1 ~= NODE2 | NODE0 = NODE1))","10","-1------1-------------------------1---","7","40","F","10","1000001030","1000001030","e1t1","-1------1---","--","------------","--------1---","2","0","0","0","0","0","1","0","3","0"
"123","2","forall NODE2,NODE1,NODE0. ~ep_epoch1(NODE0) | ~ep_epoch2(NODE1) | ~transfer_epoch5(NODE2) | ((NODE0 ~= NODE2 | NODE0 = NODE1) & (NODE1 ~= NODE2 | NODE0 = NODE1))","10","-1------1---------------------------1-","7","40","F","10","1000001030","1000001030","e1t1","-1------1---","--","------------","----------1-","2","0","0","0","0","0","1","0","3","0"
"124","2","forall NODE1,NODE0. ~ep_epoch1(NODE0) | ~ep_epoch3(NODE1) | ~held(NODE0) | NODE0 = NODE1","6","-1-------1--1-------------------------","4","6","F","7","1010000020","1010000020","e1h1","-1-------1--","1-","------------","------------","2","0","1","0","0","0","0","0","2","0"
"125","2","forall NODE2,NODE1,NODE0. ~ep_epoch1(NODE0) | ~ep_epoch3(NODE1) | ~transfer_epoch5(NODE2) | ((NODE1 ~= NODE2 | NODE0 = NODE1) & (NODE0 ~= NODE2 | NODE0 = NODE1))","10","-1-------1--------------------------1-","7","40","F","10","1000001030","1000001030","e1t1","-1-------1--","--","------------","----------1-","2","0","0","0","0","0","1","0","3","0"
"126","2","forall NODE1,NODE0. ~ep_epoch1(NODE0) | ~ep_epoch3(NODE1) | locked_epoch2(NODE1) | NODE0 = NODE1","6","-1-------1---------0------------------","4","41","F","22","1000010020","1000010020","e1l0","-1-------1--","--","-----0------","------------","2","0","0","0","0","1","0","0","2","0"
"127","2","forall NODE1,NODE0. ~ep_epoch1(NODE0) | ~ep_epoch4(NODE1) | ~held(NODE0) | NODE0 = NODE1","6","-1--------1-1-------------------------","4","6","F","7","1010000020","1010000020","e1h1","-1--------1-","1-","------------","------------","2","0","1","0","0","0","0","0","2","0"
"128","2","forall NODE1,NODE0. ~ep_epoch1(NODE0) | ~ep_epoch4(NODE1) | locked_epoch2(NODE1) | NODE0 = NODE1","6","-1--------1--------0------------------","4","41","F","22","1000010020","1000010020","e1l0","-1--------1-","--","-----0------","------------","2","0","0","0","0","1","0","0","2","0"
"129","2","forall NODE1,NODE0. ~ep_epoch1(NODE0) | ~ep_epoch4(NODE1) | locked_epoch3(NODE1) | NODE0 = NODE1","6","-1--------1----------0----------------","4","41","F","22","1000010020","1000010020","e1l0","-1--------1-","--","-------0----","------------","2","0","0","0","0","1","0","0","2","0"
"130","2","forall NODE1,NODE0. ~ep_epoch1(NODE0) | ~ep_epoch5(NODE1) | locked_epoch2(NODE1) | NODE0 = NODE1","6","-1---------1-------0------------------","4","41","F","22","1000010020","1000010020","e1l0","-1---------1","--","-----0------","------------","2","0","0","0","0","1","0","0","2","0"
"131","2","forall NODE1,NODE0. ~ep_epoch1(NODE0) | ~ep_epoch5(NODE1) | locked_epoch3(NODE1) | NODE0 = NODE1","6","-1---------1---------0----------------","4","41","F","22","1000010020","1000010020","e1l0","-1---------1","--","-------0----","------------","2","0","0","0","0","1","0","0","2","0"
"132","2","forall NODE1,NODE0. ~ep_epoch1(NODE0) | ~ep_epoch5(NODE1) | locked_epoch4(NODE1) | NODE0 = NODE1","6","-1---------1-----------0--------------","4","41","F","22","1000010020","1000010020","e1l0","-1---------1","--","---------0--","------------","2","0","0","0","0","1","0","0","2","0"
"133","3","forall NODE1,NODE0. ~ep_epoch1(NODE0) | ~held(NODE0) | ~locked_epoch2(NODE1) | NODE0 = NODE1","6","-1----------1------1------------------","4","44","F","6","1010100020","1010100020","e1h1l1","-1----------","1-","-----1------","------------","1","0","1","0","1","0","0","0","2","0"
"134","3","forall NODE1,NODE0. ~ep_epoch1(NODE0) | ~held(NODE0) | ~locked_epoch3(NODE1) | NODE0 = NODE1","6","-1----------1--------1----------------","4","44","F","6","1010100020","1010100020","e1h1l1","-1----------","1-","-------1----","------------","1","0","1","0","1","0","0","0","2","0"
"135","3","forall NODE1,NODE0. ~ep_epoch1(NODE0) | ~held(NODE0) | ~locked_epoch4(NODE1) | NODE0 = NODE1","6","-1----------1----------1--------------","4","44","F","6","1010100020","1010100020","e1h1l1","-1----------","1-","---------1--","------------","1","0","1","0","1","0","0","0","2","0"
"136","3","forall NODE1,NODE0. ~ep_epoch1(NODE0) | ~held(NODE0) | ep_epoch0(NODE1) | NODE0 = NODE1","6","-1----0-----1-------------------------","4","20","F","8","1110000020","1110000020","e1e0h1","-1----0-----","1-","------------","------------","1","1","1","0","0","0","0","0","2","0"
"137","3","forall NODE1,NODE0. ~ep_epoch1(NODE0) | ~held(NODE1) | locked_epoch2(NODE1) | NODE0 = NODE1","6","-1-----------1-----0------------------","4","21","F","4","1010010020","1010010020","e1h1l0","-1----------","-1","-----0------","------------","1","0","1","0","0","1","0","0","2","0"
"138","3","forall NODE1,NODE0. ~ep_epoch1(NODE0) | ~locked_epoch3(NODE1) | locked_epoch2(NODE1) | NODE0 = NODE1","6","-1-----------------0-1----------------","4","42","F","16","1000110020","1000110020","e1l1l0","-1----------","--","-----0-1----","------------","1","0","0","0","1","1","0","0","2","0"
"139","3","forall NODE1,NODE0. ~ep_epoch1(NODE0) | ~locked_epoch4(NODE1) | locked_epoch2(NODE1) | NODE0 = NODE1","6","-1-----------------0---1--------------","4","42","F","16","1000110020","1000110020","e1l1l0","-1----------","--","-----0---1--","------------","1","0","0","0","1","1","0","0","2","0"
"140","3","forall NODE1,NODE0. ~ep_epoch1(NODE0) | ~locked_epoch4(NODE1) | locked_epoch3(NODE1) | NODE0 = NODE1","6","-1-------------------0-1--------------","4","42","F","16","1000110020","1000110020","e1l1l0","-1----------","--","-------0-1--","------------","1","0","0","0","1","1","0","0","2","0"
"141","3","forall NODE1,NODE0. ~ep_epoch1(NODE0) | ~locked_epoch5(NODE1) | locked_epoch2(NODE1) | NODE0 = NODE1","6","-1-----------------0-----1------------","4","42","F","16","1000110020","1000110020","e1l1l0","-1----------","--","-----0-----1","------------","1","0","0","0","1","1","0","0","2","0"
"142","3","forall NODE1,NODE0. ~ep_epoch1(NODE0) | ~locked_epoch5(NODE1) | locked_epoch3(NODE1) | NODE0 = NODE1","6","-1-------------------0---1------------","4","42","F","16","1000110020","1000110020","e1l1l0","-1----------","--","-------0---1","------------","1","0","0","0","1","1","0","0","2","0"
"143","3","forall NODE1,NODE0. ~ep_epoch1(NODE0) | ~locked_epoch5(NODE1) | locked_epoch4(NODE1) | NODE0 = NODE1","6","-1---------------------0-1------------","4","42","F","16","1000110020","1000110020","e1l1l0","-1----------","--","---------0-1","------------","1","0","0","0","1","1","0","0","2","0"
"144","3","forall NODE2,NODE1,NODE0. ~ep_epoch1(NODE0) | ~transfer_epoch2(NODE1) | ep_epoch0(NODE2) | ((NODE1 ~= NODE2 | NODE0 = NODE1) & (NODE0 ~= NODE1 | NODE0 = NODE2))","10","-1----0-----------------------1-------","7","16","F","14","1100001030","1100001030","e1e0t1","-1----0-----","--","------------","----1-------","1","1","0","0","0","0","1","0","3","0"
"145","3","forall NODE2,NODE1,NODE0. ~ep_epoch1(NODE0) | ~transfer_epoch3(NODE1) | ep_epoch2(NODE2) | ((NODE0 ~= NODE1 | NODE0 = NODE2) & (NODE1 ~= NODE2 | NODE0 = NODE1))","10","-1------0-----------------------1-----","7","16","F","14","1100001030","1100001030","e1e0t1","-1------0---","--","------------","------1-----","1","1","0","0","0","0","1","0","3","0"
"146","3","forall NODE2,NODE1,NODE0. ~ep_epoch1(NODE0) | ~transfer_epoch3(NODE1) | locked_epoch2(NODE2) | ((NODE0 ~= NODE1 | NODE0 = NODE2) & (NODE1 ~= NODE2 | NODE0 = NODE1))","10","-1-----------------0------------1-----","7","43","F","16","1000011030","1000011030","e1l0t1","-1----------","--","-----0------","------1-----","1","0","0","0","0","1","1","0","3","0"
"147","3","forall NODE2,NODE1,NODE0. ~ep_epoch1(NODE0) | ~transfer_epoch4(NODE1) | ep_epoch3(NODE2) | ((NODE0 ~= NODE1 | NODE0 = NODE2) & (NODE1 ~= NODE2 | NODE0 = NODE1))","10","-1-------0------------------------1---","7","16","F","14","1100001030","1100001030","e1e0t1","-1-------0--","--","------------","--------1---","1","1","0","0","0","0","1","0","3","0"
"148","3","forall NODE2,NODE1,NODE0. ~ep_epoch1(NODE0) | ~transfer_epoch4(NODE1) | locked_epoch2(NODE2) | ((NODE0 ~= NODE1 | NODE0 = NODE2) & (NODE1 ~= NODE2 | NODE0 = NODE1))","10","-1-----------------0--------------1---","7","43","F","16","1000011030","1000011030","e1l0t1","-1----------","--","-----0------","--------1---","1","0","0","0","0","1","1","0","3","0"
"149","3","forall NODE2,NODE1,NODE0. ~ep_epoch1(NODE0) | ~transfer_epoch4(NODE1) | locked_epoch3(NODE2) | ((NODE0 ~= NODE1 | NODE0 = NODE2) & (NODE1 ~= NODE2 | NODE0 = NODE1))","10","-1-------------------0------------1---","7","43","F","16","1000011030","1000011030","e1l0t1","-1----------","--","-------0----","--------1---","1","0","0","0","0","1","1","0","3","0"
"150","3","forall NODE2,NODE1,NODE0. ~ep_epoch1(NODE0) | ~transfer_epoch5(NODE1) | ep_epoch4(NODE2) | ((NODE1 ~= NODE2 | NODE0 = NODE1) & (NODE0 ~= NODE1 | NODE0 = NODE2))","10","-1--------0-------------------------1-","7","16","F","14","1100001030","1100001030","e1e0t1","-1--------0-","--","------------","----------1-","1","1","0","0","0","0","1","0","3","0"
"151","3","forall NODE2,NODE1,NODE0. ~ep_epoch1(NODE0) | ~transfer_epoch5(NODE1) | locked_epoch2(NODE2) | ((NODE1 ~= NODE2 | NODE0 = NODE1) & (NODE0 ~= NODE1 | NODE0 = NODE2))","10","-1-----------------0----------------1-","7","43","F","16","1000011030","1000011030","e1l0t1","-1----------","--","-----0------","----------1-","1","0","0","0","0","1","1","0","3","0"
"152","3","forall NODE2,NODE1,NODE0. ~ep_epoch1(NODE0) | ~transfer_epoch5(NODE1) | locked_epoch3(NODE2) | ((NODE0 ~= NODE1 | NODE0 = NODE2) & (NODE1 ~= NODE2 | NODE0 = NODE1))","10","-1-------------------0--------------1-","7","43","F","16","1000011030","1000011030","e1l0t1","-1----------","--","-------0----","----------1-","1","0","0","0","0","1","1","0","3","0"
"153","3","forall NODE2,NODE1,NODE0. ~ep_epoch1(NODE0) | ~transfer_epoch5(NODE1) | locked_epoch4(NODE2) | ((NODE1 ~= NODE2 | NODE0 = NODE1) & (NODE0 ~= NODE1 | NODE0 = NODE2))","10","-1---------------------0------------1-","7","43","F","16","1000011030","1000011030","e1l0t1","-1----------","--","---------0--","----------1-","1","0","0","0","0","1","1","0","3","0"
"154","3","forall NODE1,NODE0. ~ep_epoch1(NODE0) | ep_epoch0(NODE1) | locked_epoch2(NODE1) | NODE0 = NODE1","6","-1----0------------0------------------","4","19","F","46","1100010020","1100010020","e1e0l0","-1----0-----","--","-----0------","------------","1","1","0","0","0","1","0","0","2","0"
"155","2","forall NODE1,NODE0. ~ep_epoch2(NODE0) | ~ep_epoch3(NODE1) | ~held(NODE0) | NODE0 = NODE1","6","--1------1--1-------------------------","4","6","F","7","1010000020","1010000020","e1h1","--1------1--","1-","------------","------------","2","0","1","0","0","0","0","0","2","0"
"156","2","forall NODE2,NODE1,NODE0. ~ep_epoch2(NODE0) | ~ep_epoch3(NODE1) | ~transfer_epoch5(NODE2) | ((NODE0 ~= NODE2 | NODE0 = NODE1) & (NODE1 ~= NODE2 | NODE0 = NODE1))","10","--1------1--------------------------1-","7","40","F","10","1000001030","1000001030","e1t1","--1------1--","--","------------","----------1-","2","0","0","0","0","0","1","0","3","0"
"157","2","forall NODE1,NODE0. ~ep_epoch2(NODE0) | ~ep_epoch4(NODE1) | ~held(NODE0) | NODE0 = NODE1","6","--1-------1-1-------------------------","4","6","F","7","1010000020","1010000020","e1h1","--1-------1-","1-","------------","------------","2","0","1","0","0","0","0","0","2","0"
"158","2","forall NODE1,NODE0. ~ep_epoch2(NODE0) | ~ep_epoch4(NODE1) | locked_epoch3(NODE1) | NODE0 = NODE1","6","--1-------1----------0----------------","4","41","F","22","1000010020","1000010020","e1l0","--1-------1-","--","-------0----","------------","2","0","0","0","0","1","0","0","2","0"
"159","2","forall NODE1,NODE0. ~ep_epoch2(NODE0) | ~ep_epoch5(NODE1) | locked_epoch3(NODE1) | NODE0 = NODE1","6","--1--------1---------0----------------","4","41","F","22","1000010020","1000010020","e1l0","--1--------1","--","-------0----","------------","2","0","0","0","0","1","0","0","2","0"
"160","2","forall NODE1,NODE0. ~ep_epoch2(NODE0) | ~ep_epoch5(NODE1) | locked_epoch4(NODE1) | NODE0 = NODE1","6","--1--------1-----------0--------------","4","41","F","22","1000010020","1000010020","e1l0","--1--------1","--","---------0--","------------","2","0","0","0","0","1","0","0","2","0"
"161","3","forall NODE1,NODE0. ~ep_epoch2(NODE0) | ~held(NODE0) | ~locked_epoch3(NODE1) | NODE0 = NODE1","6","--1---------1--------1----------------","4","44","F","6","1010100020","1010100020","e1h1l1","--1---------","1-","-------1----","------------","1","0","1","0","1","0","0","0","2","0"
"162","3","forall NODE1,NODE0. ~ep_epoch2(NODE0) | ~held(NODE0) | ~locked_epoch4(NODE1) | NODE0 = NODE1","6","--1---------1----------1--------------","4","44","F","6","1010100020","1010100020","e1h1l1","--1---------","1-","---------1--","------------","1","0","1","0","1","0","0","0","2","0"
"163","3","forall NODE1,NODE0. ~ep_epoch2(NODE0) | ~held(NODE1) | locked_epoch3(NODE1) | NODE0 = NODE1","6","--1----------1-------0----------------","4","21","F","4","1010010020","1010010020","e1h1l0","--1---------","-1","-------0----","------------","1","0","1","0","0","1","0","0","2","0"
"164","3","forall NODE1,NODE0. ~ep_epoch2(NODE0) | ~locked_epoch4(NODE1) | locked_epoch3(NODE1) | NODE0 = NODE1","6","--1------------------0-1--------------","4","42","F","16","1000110020","1000110020","e1l1l0","--1---------","--","-------0-1--","------------","1","0","0","0","1","1","0","0","2","0"
"165","3","forall NODE1,NODE0. ~ep_epoch2(NODE0) | ~locked_epoch5(NODE1) | locked_epoch3(NODE1) | NODE0 = NODE1","6","--1------------------0---1------------","4","42","F","16","1000110020","1000110020","e1l1l0","--1---------","--","-------0---1","------------","1","0","0","0","1","1","0","0","2","0"
"166","3","forall NODE1,NODE0. ~ep_epoch2(NODE0) | ~locked_epoch5(NODE1) | locked_epoch4(NODE1) | NODE0 = NODE1","6","--1--------------------0-1------------","4","42","F","16","1000110020","1000110020","e1l1l0","--1---------","--","---------0-1","------------","1","0","0","0","1","1","0","0","2","0"
"167","3","forall NODE2,NODE1,NODE0. ~ep_epoch2(NODE0) | ~transfer_epoch4(NODE1) | ep_epoch3(NODE2) | ((NODE0 ~= NODE1 | NODE0 = NODE2) & (NODE1 ~= NODE2 | NODE0 = NODE1))","10","--1------0------------------------1---","7","16","F","14","1100001030","1100001030","e1e0t1","--1------0--","--","------------","--------1---","1","1","0","0","0","0","1","0","3","0"
"168","3","forall NODE2,NODE1,NODE0. ~ep_epoch2(NODE0) | ~transfer_epoch4(NODE1) | locked_epoch3(NODE2) | ((NODE0 ~= NODE1 | NODE0 = NODE2) & (NODE1 ~= NODE2 | NODE0 = NODE1))","10","--1------------------0------------1---","7","43","F","16","1000011030","1000011030","e1l0t1","--1---------","--","-------0----","--------1---","1","0","0","0","0","1","1","0","3","0"
"169","3","forall NODE2,NODE1,NODE0. ~ep_epoch2(NODE0) | ~transfer_epoch5(NODE1) | ep_epoch4(NODE2) | ((NODE1 ~= NODE2 | NODE0 = NODE1) & (NODE0 ~= NODE1 | NODE0 = NODE2))","10","--1-------0-------------------------1-","7","16","F","14","1100001030","1100001030","e1e0t1","--1-------0-","--","------------","----------1-","1","1","0","0","0","0","1","0","3","0"
"170","3","forall NODE2,NODE1,NODE0. ~ep_epoch2(NODE0) | ~transfer_epoch5(NODE1) | locked_epoch3(NODE2) | ((NODE0 ~= NODE1 | NODE0 = NODE2) & (NODE1 ~= NODE2 | NODE0 = NODE1))","10","--1------------------0--------------1-","7","43","F","16","1000011030","1000011030","e1l0t1","--1---------","--","-------0----","----------1-","1","0","0","0","0","1","1","0","3","0"
"171","3","forall NODE2,NODE1,NODE0. ~ep_epoch2(NODE0) | ~transfer_epoch5(NODE1) | locked_epoch4(NODE2) | ((NODE1 ~= NODE2 | NODE0 = NODE1) & (NODE0 ~= NODE1 | NODE0 = NODE2))","10","--1--------------------0------------1-","7","43","F","16","1000011030","1000011030","e1l0t1","--1---------","--","---------0--","----------1-","1","0","0","0","0","1","1","0","3","0"
"172","2","forall NODE1,NODE0. ~ep_epoch3(NODE0) | ~ep_epoch4(NODE1) | ~held(NODE0) | NODE0 = NODE1","6","---1------1-1-------------------------","4","6","F","7","1010000020","1010000020","e1h1","---1------1-","1-","------------","------------","2","0","1","0","0","0","0","0","2","0"
"173","2","forall NODE1,NODE0. ~ep_epoch3(NODE0) | ~ep_epoch5(NODE1) | locked_epoch4(NODE1) | NODE0 = NODE1","6","---1-------1-----------0--------------","4","41","F","22","1000010020","1000010020","e1l0","---1-------1","--","---------0--","------------","2","0","0","0","0","1","0","0","2","0"
"174","3","forall NODE1,NODE0. ~ep_epoch3(NODE0) | ~held(NODE0) | ~locked_epoch4(NODE1) | NODE0 = NODE1","6","---1--------1----------1--------------","4","44","F","6","1010100020","1010100020","e1h1l1","---1--------","1-","---------1--","------------","1","0","1","0","1","0","0","0","2","0"
"175","3","forall NODE1,NODE0. ~ep_epoch3(NODE0) | ~held(NODE1) | locked_epoch4(NODE1) | NODE0 = NODE1","6","---1---------1---------0--------------","4","21","F","4","1010010020","1010010020","e1h1l0","---1--------","-1","---------0--","------------","1","0","1","0","0","1","0","0","2","0"
"176","3","forall NODE1,NODE0. ~ep_epoch3(NODE0) | ~locked_epoch5(NODE1) | locked_epoch4(NODE1) | NODE0 = NODE1","6","---1-------------------0-1------------","4","42","F","16","1000110020","1000110020","e1l1l0","---1--------","--","---------0-1","------------","1","0","0","0","1","1","0","0","2","0"
"177","3","forall NODE2,NODE1,NODE0. ~ep_epoch3(NODE0) | ~transfer_epoch5(NODE1) | ep_epoch4(NODE2) | ((NODE1 ~= NODE2 | NODE0 = NODE1) & (NODE0 ~= NODE1 | NODE0 = NODE2))","10","---1------0-------------------------1-","7","16","F","14","1100001030","1100001030","e1e0t1","---1------0-","--","------------","----------1-","1","1","0","0","0","0","1","0","3","0"
"178","3","forall NODE2,NODE1,NODE0. ~ep_epoch3(NODE0) | ~transfer_epoch5(NODE1) | locked_epoch4(NODE2) | ((NODE1 ~= NODE2 | NODE0 = NODE1) & (NODE0 ~= NODE1 | NODE0 = NODE2))","10","---1-------------------0------------1-","7","43","F","16","1000011030","1000011030","e1l0t1","---1--------","--","---------0--","----------1-","1","0","0","0","0","1","1","0","3","0"
"179","2","forall NODE1,NODE0. ~ep_epoch3(NODE0) | locked_epoch2(NODE0) | locked_epoch2(NODE1) | NODE0 = NODE1","6","---1--------------00------------------","4","41","F","22","1000010020","1000010020","e1l0","---1--------","--","----00------","------------","1","0","0","0","0","2","0","0","2","0"
"180","3","forall NODE1,NODE0. ~ep_epoch4(NODE0) | ~held(NODE1) | ep_epoch5(NODE1) | NODE0 = NODE1","6","----1------0-1------------------------","4","20","F","8","1110000020","1110000020","e1e0h1","----1------0","-1","------------","------------","1","1","1","0","0","0","0","0","2","0"
"181","3","forall NODE1,NODE0. ~ep_epoch4(NODE0) | ~held(NODE1) | locked_epoch5(NODE1) | NODE0 = NODE1","6","----1--------1-----------0------------","4","21","F","4","1010010020","1010010020","e1h1l0","----1-------","-1","-----------0","------------","1","0","1","0","0","1","0","0","2","0"
"182","2","forall NODE1,NODE0. ~ep_epoch4(NODE0) | locked_epoch2(NODE0) | locked_epoch2(NODE1) | NODE0 = NODE1","6","----1-------------00------------------","4","41","F","22","1000010020","1000010020","e1l0","----1-------","--","----00------","------------","1","0","0","0","0","2","0","0","2","0"
"183","2","forall NODE1,NODE0. ~ep_epoch4(NODE0) | locked_epoch3(NODE0) | locked_epoch3(NODE1) | NODE0 = NODE1","6","----1---------------00----------------","4","41","F","22","1000010020","1000010020","e1l0","----1-------","--","------00----","------------","1","0","0","0","0","2","0","0","2","0"
"184","3","forall NODE1,NODE0. ~ep_epoch5(NODE0) | ~locked_epoch4(NODE1) | ep_epoch4(NODE1) | NODE0 = NODE1","6","-----1----0------------1--------------","4","45","F","22","1100100020","1100100020","e1e0l1","-----1----0-","--","---------1--","------------","1","1","0","0","1","0","0","0","2","0"
"185","3","forall NODE1,NODE0. ~ep_epoch5(NODE0) | ep_epoch4(NODE1) | locked_epoch4(NODE0) | NODE0 = NODE1","6","-----1----0-----------0---------------","4","19","F","46","1100010020","1100010020","e1e0l0","-----1----0-","--","--------0---","------------","1","1","0","0","0","1","0","0","2","0"
"186","2","forall NODE1,NODE0. ~ep_epoch5(NODE0) | locked_epoch2(NODE0) | locked_epoch2(NODE1) | NODE0 = NODE1","6","-----1------------00------------------","4","41","F","22","1000010020","1000010020","e1l0","-----1------","--","----00------","------------","1","0","0","0","0","2","0","0","2","0"
"187","2","forall NODE1,NODE0. ~ep_epoch5(NODE0) | locked_epoch3(NODE0) | locked_epoch3(NODE1) | NODE0 = NODE1","6","-----1--------------00----------------","4","41","F","22","1000010020","1000010020","e1l0","-----1------","--","------00----","------------","1","0","0","0","0","2","0","0","2","0"
"188","2","forall NODE1,NODE0. ~ep_epoch5(NODE0) | locked_epoch4(NODE0) | locked_epoch4(NODE1) | NODE0 = NODE1","6","-----1----------------00--------------","4","41","F","22","1000010020","1000010020","e1l0","-----1------","--","--------00--","------------","1","0","0","0","0","2","0","0","2","0"
"189","3","forall NODE1,NODE0. ~held(NODE0) | ~locked_epoch4(NODE1) | ep_epoch4(NODE1) | NODE0 = NODE1","6","----------0-1----------1--------------","4","46","F","25","0110100020","0110100020","e0h1l1","----------0-","1-","---------1--","------------","0","1","1","0","1","0","0","0","2","0"
"190","3","forall NODE1,NODE0. ~held(NODE0) | ~locked_epoch4(NODE1) | ep_epoch5(NODE0) | NODE0 = NODE1","6","-----0------1----------1--------------","4","46","F","25","0110100020","0110100020","e0h1l1","-----0------","1-","---------1--","------------","0","1","1","0","1","0","0","0","2","0"
"191","3","forall NODE1,NODE0. ~held(NODE0) | ~locked_epoch4(NODE1) | locked_epoch5(NODE0) | NODE0 = NODE1","6","------------1----------10-------------","4","47","F","6","0010110020","0010110020","h1l1l0","------------","1-","---------10-","------------","0","0","1","0","1","1","0","0","2","0"
"192","3","forall NODE1,NODE0. ~locked_epoch2(NODE0) | ~transfer_epoch3(NODE1) | ep_epoch2(NODE0)","5","--0---------------1-------------1-----","3","48","F","6","0100101020","0100101020","e0l1t1","--0---------","--","----1-------","------1-----","0","1","0","0","1","0","1","0","2","0"
"193","3","forall NODE1,NODE0. ~locked_epoch3(NODE0) | ~transfer_epoch4(NODE1) | ep_epoch3(NODE0)","5","---0----------------1-------------1---","3","48","F","6","0100101020","0100101020","e0l1t1","---0--------","--","------1-----","--------1---","0","1","0","0","1","0","1","0","2","0"
"194","2","forall NODE1,NODE0. ~locked_epoch3(NODE0) | locked_epoch2(NODE0) | locked_epoch2(NODE1) | NODE0 = NODE1","6","------------------001-----------------","4","52","F","6","0000110020","0000110020","l1l0","------------","--","----001-----","------------","0","0","0","0","1","2","0","0","2","0"
"195","2","forall NODE1,NODE0. ~locked_epoch4(NODE0) | ~locked_epoch5(NODE1) | ep_epoch4(NODE0) | NODE0 = NODE1","6","----0-----------------1--1------------","4","26","F","42","0100100020","0100100020","e0l1","----0-------","--","--------1--1","------------","0","1","0","0","2","0","0","0","2","0"
"196","3","forall NODE1,NODE0. ~locked_epoch4(NODE0) | ~transfer_epoch5(NODE1) | ep_epoch4(NODE0)","5","----0-----------------1-------------1-","3","48","F","6","0100101020","0100101020","e0l1t1","----0-------","--","--------1---","----------1-","0","1","0","0","1","0","1","0","2","0"
"197","2","forall NODE0. ~locked_epoch4(NODE0) | ep_epoch4(NODE0) | ep_epoch5(NODE0)","4","----00----------------1---------------","3","14","F","4","0100100010","0100100010","e0l1","----00------","--","--------1---","------------","0","2","0","0","1","0","0","0","1","0"
"198","3","forall NODE0. ~locked_epoch4(NODE0) | ep_epoch4(NODE0) | held(NODE0)","4","----0-------0---------1---------------","3","49","F","3","0101100010","0101100010","e0h0l1","----0-------","0-","--------1---","------------","0","1","0","1","1","0","0","0","1","0"
"199","3","forall NODE0. ~locked_epoch4(NODE0) | ep_epoch4(NODE0) | locked_epoch5(NODE0)","4","----0-----------------1-0-------------","3","50","F","11","0100110010","0100110010","e0l1l0","----0-------","--","--------1-0-","------------","0","1","0","0","1","1","0","0","1","0"
"200","2","forall NODE1,NODE0. ~locked_epoch4(NODE0) | locked_epoch2(NODE0) | locked_epoch2(NODE1) | NODE0 = NODE1","6","------------------00--1---------------","4","52","F","6","0000110020","0000110020","l1l0","------------","--","----00--1---","------------","0","0","0","0","1","2","0","0","2","0"
"201","2","forall NODE1,NODE0. ~locked_epoch4(NODE0) | locked_epoch3(NODE0) | locked_epoch3(NODE1) | NODE0 = NODE1","6","--------------------001---------------","4","52","F","6","0000110020","0000110020","l1l0","------------","--","------001---","------------","0","0","0","0","1","2","0","0","2","0"
"202","3","forall NODE1,NODE0. ~locked_epoch5(NODE0) | ep_epoch4(NODE1) | locked_epoch4(NODE0) | NODE0 = NODE1","6","----------0-----------0-1-------------","4","51","F","149","0100110020","0100110020","e0l1l0","----------0-","--","--------0-1-","------------","0","1","0","0","1","1","0","0","2","0"
"203","2","forall NODE1,NODE0. ~locked_epoch5(NODE0) | locked_epoch2(NODE0) | locked_epoch2(NODE1) | NODE0 = NODE1","6","------------------00----1-------------","4","52","F","6","0000110020","0000110020","l1l0","------------","--","----00----1-","------------","0","0","0","0","1","2","0","0","2","0"
"204","2","forall NODE1,NODE0. ~locked_epoch5(NODE0) | locked_epoch3(NODE0) | locked_epoch3(NODE1) | NODE0 = NODE1","6","--------------------00--1-------------","4","52","F","6","0000110020","0000110020","l1l0","------------","--","------00--1-","------------","0","0","0","0","1","2","0","0","2","0"
"205","2","forall NODE1,NODE0. ~locked_epoch5(NODE0) | locked_epoch4(NODE0) | locked_epoch4(NODE1) | NODE0 = NODE1","6","----------------------001-------------","4","52","F","6","0000110020","0000110020","l1l0","------------","--","--------001-","------------","0","0","0","0","1","2","0","0","2","0"
"206","2","forall NODE1,NODE0. ~transfer_epoch2(NODE0) | ep_epoch0(NODE0) | ep_epoch0(NODE1) | NODE0 = NODE1","6","0-----0-----------------------1-------","4","27","F","12","0100001020","0100001020","e0t1","0-----0-----","--","------------","----1-------","0","2","0","0","0","0","1","0","2","0"
"207","2","forall NODE1,NODE0. ~transfer_epoch2(NODE0) | ep_epoch0(NODE1) | ep_epoch1(NODE1)","5","00----------------------------1-------","3","27","F","12","0100001020","0100001020","e0t1","00----------","--","------------","----1-------","0","2","0","0","0","0","1","0","2","0"
"208","2","forall NODE1,NODE0. ~transfer_epoch2(NODE0) | ep_epoch1(NODE0) | ep_epoch1(NODE1) | NODE0 = NODE1","6","-0-----0----------------------1-------","4","27","F","12","0100001020","0100001020","e0t1","-0-----0----","--","------------","----1-------","0","2","0","0","0","0","1","0","2","0"
"209","2","forall NODE1,NODE0. ~transfer_epoch3(NODE0) | ep_epoch2(NODE0) | ep_epoch2(NODE1) | NODE0 = NODE1","6","--0-----0-----------------------1-----","4","27","F","12","0100001020","0100001020","e0t1","--0-----0---","--","------------","------1-----","0","2","0","0","0","0","1","0","2","0"
"210","3","forall NODE2,NODE1,NODE0. ~transfer_epoch3(NODE0) | ep_epoch2(NODE1) | locked_epoch2(NODE2) | ((NODE0 ~= NODE1 | NODE0 = NODE2) & (NODE0 ~= NODE2 | NODE0 = NODE1))","10","--0----------------0------------1-----","7","53","F","15","0100011030","0100011030","e0l0t1","--0---------","--","-----0------","------1-----","0","1","0","0","0","1","1","0","3","0"
"211","2","forall NODE1,NODE0. ~transfer_epoch3(NODE0) | locked_epoch2(NODE0) | locked_epoch2(NODE1) | NODE0 = NODE1","6","------------------00------------1-----","4","54","F","6","0000011020","0000011020","l0t1","------------","--","----00------","------1-----","0","0","0","0","0","2","1","0","2","0"
"212","2","forall NODE1,NODE0. ~transfer_epoch4(NODE0) | ep_epoch3(NODE0) | ep_epoch3(NODE1) | NODE0 = NODE1","6","---0-----0------------------------1---","4","27","F","12","0100001020","0100001020","e0t1","---0-----0--","--","------------","--------1---","0","2","0","0","0","0","1","0","2","0"
"213","3","forall NODE2,NODE1,NODE0. ~transfer_epoch4(NODE0) | ep_epoch3(NODE1) | locked_epoch3(NODE2) | ((NODE0 ~= NODE2 | NODE0 = NODE1) & (NODE0 ~= NODE1 | NODE0 = NODE2))","10","---0-----------------0------------1---","7","53","F","15","0100011030","0100011030","e0l0t1","---0--------","--","-------0----","--------1---","0","1","0","0","0","1","1","0","3","0"
"214","2","forall NODE1,NODE0. ~transfer_epoch4(NODE0) | locked_epoch2(NODE0) | locked_epoch2(NODE1) | NODE0 = NODE1","6","------------------00--------------1---","4","54","F","6","0000011020","0000011020","l0t1","------------","--","----00------","--------1---","0","0","0","0","0","2","1","0","2","0"
"215","2","forall NODE1,NODE0. ~transfer_epoch4(NODE0) | locked_epoch3(NODE0) | locked_epoch3(NODE1) | NODE0 = NODE1","6","--------------------00------------1---","4","54","F","6","0000011020","0000011020","l0t1","------------","--","------00----","--------1---","0","0","0","0","0","2","1","0","2","0"
"216","2","forall NODE1,NODE0. ~transfer_epoch5(NODE0) | ep_epoch4(NODE0) | ep_epoch4(NODE1) | NODE0 = NODE1","6","----0-----0-------------------------1-","4","27","F","12","0100001020","0100001020","e0t1","----0-----0-","--","------------","----------1-","0","2","0","0","0","0","1","0","2","0"
"217","3","forall NODE2,NODE1,NODE0. ~transfer_epoch5(NODE0) | ep_epoch4(NODE1) | locked_epoch4(NODE2) | ((NODE0 ~= NODE2 | NODE0 = NODE1) & (NODE0 ~= NODE1 | NODE0 = NODE2))","10","----0------------------0------------1-","7","53","F","15","0100011030","0100011030","e0l0t1","----0-------","--","---------0--","----------1-","0","1","0","0","0","1","1","0","3","0"
"218","2","forall NODE1,NODE0. ~transfer_epoch5(NODE0) | locked_epoch2(NODE0) | locked_epoch2(NODE1) | NODE0 = NODE1","6","------------------00----------------1-","4","54","F","6","0000011020","0000011020","l0t1","------------","--","----00------","----------1-","0","0","0","0","0","2","1","0","2","0"
"219","2","forall NODE1,NODE0. ~transfer_epoch5(NODE0) | locked_epoch3(NODE0) | locked_epoch3(NODE1) | NODE0 = NODE1","6","--------------------00--------------1-","4","54","F","6","0000011020","0000011020","l0t1","------------","--","------00----","----------1-","0","0","0","0","0","2","1","0","2","0"
"220","2","forall NODE1,NODE0. ~transfer_epoch5(NODE0) | locked_epoch4(NODE0) | locked_epoch4(NODE1) | NODE0 = NODE1","6","----------------------00------------1-","4","54","F","6","0000011020","0000011020","l0t1","------------","--","--------00--","----------1-","0","0","0","0","0","2","1","0","2","0"
"221","4","forall NODE1,NODE0. ~ep_epoch0(NODE0) | ~locked_epoch2(NODE1) | ep_epoch2(NODE1) | locked_epoch3(NODE1) | NODE0 = NODE1","7","1-------0----------1-0----------------","5","65","F","49","1100110020","1100110020","e1e0l1l0","1-------0---","--","-----1-0----","------------","1","1","0","0","1","1","0","0","2","0"
"222","4","forall NODE1,NODE0. ~ep_epoch0(NODE0) | ~locked_epoch3(NODE1) | ep_epoch3(NODE1) | locked_epoch4(NODE1) | NODE0 = NODE1","7","1--------0-----------1-0--------------","5","65","F","49","1100110020","1100110020","e1e0l1l0","1--------0--","--","-------1-0--","------------","1","1","0","0","1","1","0","0","2","0"
"223","3","forall NODE1,NODE0. ~ep_epoch0(NODE0) | ep_epoch1(NODE1) | ep_epoch2(NODE1) | locked_epoch3(NODE1) | NODE0 = NODE1","7","1------00------------0----------------","5","19","F","46","1100010020","1100010020","e1e0l0","1------00---","--","-------0----","------------","1","2","0","0","0","1","0","0","2","0"
"224","4","forall NODE1,NODE0. ~ep_epoch1(NODE0) | ~held(NODE1) | ep_epoch2(NODE1) | locked_epoch3(NODE1) | NODE0 = NODE1","7","-1------0----1-------0----------------","5","55","F","14","1110010020","1110010020","e1e0h1l0","-1------0---","-1","-------0----","------------","1","1","1","0","0","1","0","0","2","0"
"225","4","forall NODE1,NODE0. ~ep_epoch1(NODE0) | ~locked_epoch2(NODE1) | ep_epoch2(NODE1) | locked_epoch3(NODE1) | NODE0 = NODE1","7","-1------0----------1-0----------------","5","65","F","49","1100110020","1100110020","e1e0l1l0","-1------0---","--","-----1-0----","------------","1","1","0","0","1","1","0","0","2","0"
"226","4","forall NODE1,NODE0. ~ep_epoch1(NODE0) | ~locked_epoch3(NODE1) | ep_epoch3(NODE1) | locked_epoch4(NODE1) | NODE0 = NODE1","7","-1-------0-----------1-0--------------","5","65","F","49","1100110020","1100110020","e1e0l1l0","-1-------0--","--","-------1-0--","------------","1","1","0","0","1","1","0","0","2","0"
"227","3","forall NODE1,NODE0. ~ep_epoch1(NODE0) | ep_epoch0(NODE1) | ep_epoch2(NODE1) | locked_epoch3(NODE1) | NODE0 = NODE1","7","-1----0-0------------0----------------","5","19","F","46","1100010020","1100010020","e1e0l0","-1----0-0---","--","-------0----","------------","1","2","0","0","0","1","0","0","2","0"
"228","3","forall NODE1,NODE0. ~ep_epoch2(NODE0) | ~held(NODE0) | ep_epoch0(NODE1) | ep_epoch1(NODE1) | NODE0 = NODE1","7","--1---00----1-------------------------","5","20","F","8","1110000020","1110000020","e1e0h1","--1---00----","1-","------------","------------","1","2","1","0","0","0","0","0","2","0"
"229","4","forall NODE1,NODE0. ~ep_epoch2(NODE0) | ~held(NODE1) | ep_epoch3(NODE1) | locked_epoch4(NODE1) | NODE0 = NODE1","7","--1------0---1---------0--------------","5","55","F","14","1110010020","1110010020","e1e0h1l0","--1------0--","-1","---------0--","------------","1","1","1","0","0","1","0","0","2","0"
"230","4","forall NODE1,NODE0. ~ep_epoch2(NODE0) | ~locked_epoch3(NODE1) | ep_epoch3(NODE1) | locked_epoch4(NODE1) | NODE0 = NODE1","7","--1------0-----------1-0--------------","5","65","F","49","1100110020","1100110020","e1e0l1l0","--1------0--","--","-------1-0--","------------","1","1","0","0","1","1","0","0","2","0"
"231","3","forall NODE2,NODE1,NODE0. ~ep_epoch2(NODE0) | ~transfer_epoch3(NODE1) | ep_epoch0(NODE2) | ep_epoch1(NODE2) | ((NODE0 ~= NODE1 | NODE0 = NODE2) & (NODE1 ~= NODE2 | NODE0 = NODE1))","11","--1---00------------------------1-----","8","16","F","14","1100001030","1100001030","e1e0t1","--1---00----","--","------------","------1-----","1","2","0","0","0","0","1","0","3","0"
"232","3","forall NODE1,NODE0. ~ep_epoch2(NODE0) | ep_epoch0(NODE1) | ep_epoch1(NODE1) | locked_epoch3(NODE1) | NODE0 = NODE1","7","--1---00-------------0----------------","5","19","F","46","1100010020","1100010020","e1e0l0","--1---00----","--","-------0----","------------","1","2","0","0","0","1","0","0","2","0"
"233","4","forall NODE1,NODE0. ~ep_epoch3(NODE0) | ~held(NODE0) | ~locked_epoch2(NODE1) | ep_epoch2(NODE1) | NODE0 = NODE1","7","---1----0---1------1------------------","5","66","F","8","1110100020","1110100020","e1e0h1l1","---1----0---","1-","-----1------","------------","1","1","1","0","1","0","0","0","2","0"
"234","4","forall NODE1,NODE0. ~ep_epoch3(NODE0) | ~held(NODE0) | ep_epoch2(NODE1) | locked_epoch2(NODE0) | NODE0 = NODE1","7","---1----0---1-----0-------------------","5","55","F","14","1110010020","1110010020","e1e0h1l0","---1----0---","1-","----0-------","------------","1","1","1","0","0","1","0","0","2","0"
"235","3","forall NODE1,NODE0. ~ep_epoch3(NODE0) | ~held(NODE1) | ep_epoch4(NODE1) | ep_epoch5(NODE1) | NODE0 = NODE1","7","---1------00-1------------------------","5","20","F","8","1110000020","1110000020","e1e0h1","---1------00","-1","------------","------------","1","2","1","0","0","0","0","0","2","0"
"236","4","forall NODE1,NODE0. ~ep_epoch3(NODE0) | ~held(NODE1) | ep_epoch4(NODE1) | locked_epoch5(NODE1) | NODE0 = NODE1","7","---1------0--1-----------0------------","5","55","F","14","1110010020","1110010020","e1e0h1l0","---1------0-","-1","-----------0","------------","1","1","1","0","0","1","0","0","2","0"
"237","4","forall NODE2,NODE1,NODE0. ~ep_epoch3(NODE0) | ~locked_epoch2(NODE1) | ~transfer_epoch4(NODE2) | ep_epoch2(NODE1) | ((NODE0 ~= NODE2 | NODE0 = NODE1) & (NODE1 ~= NODE2 | NODE0 = NODE1))","11","---1----0----------1--------------1---","8","67","F","8","1100101030","1100101030","e1e0l1t1","---1----0---","--","-----1------","--------1---","1","1","0","0","1","0","1","0","3","0"
"238","4","forall NODE1,NODE0. ~ep_epoch3(NODE0) | ~locked_epoch2(NODE1) | ep_epoch2(NODE1) | locked_epoch4(NODE1) | NODE0 = NODE1","7","---1----0----------1---0--------------","5","65","F","49","1100110020","1100110020","e1e0l1l0","---1----0---","--","-----1---0--","------------","1","1","0","0","1","1","0","0","2","0"
"239","4","forall NODE2,NODE1,NODE0. ~ep_epoch3(NODE0) | ~transfer_epoch4(NODE1) | ep_epoch2(NODE2) | locked_epoch2(NODE0) | ((NODE1 ~= NODE2 | NODE0 = NODE1) & (NODE0 ~= NODE1 | NODE0 = NODE2))","11","---1----0---------0---------------1---","8","69","F","8","1100011030","1100011030","e1e0l0t1","---1----0---","--","----0-------","--------1---","1","1","0","0","0","1","1","0","3","0"
"240","3","forall NODE1,NODE0. ~ep_epoch3(NODE0) | ep_epoch2(NODE1) | locked_epoch2(NODE0) | locked_epoch4(NODE1) | NODE0 = NODE1","7","---1----0---------0----0--------------","5","19","F","46","1100010020","1100010020","e1e0l0","---1----0---","--","----0----0--","------------","1","1","0","0","0","2","0","0","2","0"
"241","4","forall NODE1,NODE0. ~ep_epoch4(NODE0) | ~held(NODE0) | ~locked_epoch3(NODE1) | ep_epoch3(NODE1) | NODE0 = NODE1","7","----1----0--1--------1----------------","5","66","F","8","1110100020","1110100020","e1e0h1l1","----1----0--","1-","-------1----","------------","1","1","1","0","1","0","0","0","2","0"
"242","4","forall NODE1,NODE0. ~ep_epoch4(NODE0) | ~held(NODE0) | ep_epoch3(NODE1) | locked_epoch3(NODE0) | NODE0 = NODE1","7","----1----0--1-------0-----------------","5","55","F","14","1110010020","1110010020","e1e0h1l0","----1----0--","1-","------0-----","------------","1","1","1","0","0","1","0","0","2","0"
"243","4","forall NODE2,NODE1,NODE0. ~ep_epoch4(NODE0) | ~locked_epoch3(NODE1) | ~transfer_epoch5(NODE2) | ep_epoch3(NODE1) | ((NODE1 ~= NODE2 | NODE0 = NODE1) & (NODE0 ~= NODE2 | NODE0 = NODE1))","11","----1----0-----------1--------------1-","8","67","F","8","1100101030","1100101030","e1e0l1t1","----1----0--","--","-------1----","----------1-","1","1","0","0","1","0","1","0","3","0"
"244","3","forall NODE1,NODE0. ~ep_epoch4(NODE0) | ~locked_epoch3(NODE1) | ep_epoch3(NODE1) | ep_epoch5(NODE1) | NODE0 = NODE1","7","----1----0-0---------1----------------","5","45","F","22","1100100020","1100100020","e1e0l1","----1----0-0","--","-------1----","------------","1","2","0","0","1","0","0","0","2","0"
"245","4","forall NODE1,NODE0. ~ep_epoch4(NODE0) | ~locked_epoch3(NODE1) | ep_epoch3(NODE1) | held(NODE1) | NODE0 = NODE1","7","----1----0---0-------1----------------","5","68","F","8","1101100020","1101100020","e1e0h0l1","----1----0--","-0","-------1----","------------","1","1","0","1","1","0","0","0","2","0"
"246","4","forall NODE1,NODE0. ~ep_epoch4(NODE0) | ~locked_epoch3(NODE1) | ep_epoch3(NODE1) | locked_epoch5(NODE1) | NODE0 = NODE1","7","----1----0-----------1---0------------","5","65","F","49","1100110020","1100110020","e1e0l1l0","----1----0--","--","-------1---0","------------","1","1","0","0","1","1","0","0","2","0"
"247","4","forall NODE2,NODE1,NODE0. ~ep_epoch4(NODE0) | ~transfer_epoch5(NODE1) | ep_epoch3(NODE2) | locked_epoch3(NODE0) | ((NODE1 ~= NODE2 | NODE0 = NODE1) & (NODE0 ~= NODE1 | NODE0 = NODE2))","11","----1----0----------0---------------1-","8","69","F","8","1100011030","1100011030","e1e0l0t1","----1----0--","--","------0-----","----------1-","1","1","0","0","0","1","1","0","3","0"
"248","3","forall NODE1,NODE0. ~ep_epoch4(NODE0) | ep_epoch3(NODE1) | ep_epoch5(NODE1) | locked_epoch3(NODE0) | NODE0 = NODE1","7","----1----0-0--------0-----------------","5","19","F","46","1100010020","1100010020","e1e0l0","----1----0-0","--","------0-----","------------","1","2","0","0","0","1","0","0","2","0"
"249","4","forall NODE1,NODE0. ~ep_epoch4(NODE0) | ep_epoch3(NODE1) | held(NODE1) | locked_epoch3(NODE0) | NODE0 = NODE1","7","----1----0---0------0-----------------","5","70","F","8","1101010020","1101010020","e1e0h0l0","----1----0--","-0","------0-----","------------","1","1","0","1","0","1","0","0","2","0"
"250","3","forall NODE1,NODE0. ~ep_epoch4(NODE0) | ep_epoch3(NODE1) | locked_epoch3(NODE0) | locked_epoch5(NODE1) | NODE0 = NODE1","7","----1----0----------0----0------------","5","19","F","46","1100010020","1100010020","e1e0l0","----1----0--","--","------0----0","------------","1","1","0","0","0","2","0","0","2","0"
"251","3","forall NODE1,NODE0. ~ep_epoch5(NODE0) | ~locked_epoch3(NODE1) | ~locked_epoch4(NODE0) | ep_epoch3(NODE1) | NODE0 = NODE1","7","-----1---0-----------11---------------","5","45","F","22","1100100020","1100100020","e1e0l1","-----1---0--","--","-------11---","------------","1","1","0","0","2","0","0","0","2","0"
"252","3","forall NODE1,NODE0. ~ep_epoch5(NODE0) | ~locked_epoch3(NODE1) | ep_epoch3(NODE1) | ep_epoch4(NODE1) | NODE0 = NODE1","7","-----1---00----------1----------------","5","45","F","22","1100100020","1100100020","e1e0l1","-----1---00-","--","-------1----","------------","1","2","0","0","1","0","0","0","2","0"
"253","4","forall NODE1,NODE0. ~ep_epoch5(NODE0) | ~locked_epoch3(NODE1) | ep_epoch3(NODE1) | locked_epoch4(NODE1) | NODE0 = NODE1","7","-----1---0-----------1-0--------------","5","65","F","49","1100110020","1100110020","e1e0l1l0","-----1---0--","--","-------1-0--","------------","1","1","0","0","1","1","0","0","2","0"
"254","4","forall NODE1,NODE0. ~ep_epoch5(NODE0) | ~locked_epoch4(NODE0) | ep_epoch3(NODE1) | locked_epoch3(NODE0) | NODE0 = NODE1","7","-----1---0----------0-1---------------","5","65","F","49","1100110020","1100110020","e1e0l1l0","-----1---0--","--","------0-1---","------------","1","1","0","0","1","1","0","0","2","0"
"255","3","forall NODE1,NODE0. ~ep_epoch5(NODE0) | ep_epoch3(NODE1) | ep_epoch4(NODE1) | locked_epoch3(NODE0) | NODE0 = NODE1","7","-----1---00---------0-----------------","5","19","F","46","1100010020","1100010020","e1e0l0","-----1---00-","--","------0-----","------------","1","2","0","0","0","1","0","0","2","0"
"256","3","forall NODE1,NODE0. ~ep_epoch5(NODE0) | ep_epoch3(NODE1) | locked_epoch3(NODE0) | locked_epoch4(NODE1) | NODE0 = NODE1","7","-----1---0----------0--0--------------","5","19","F","46","1100010020","1100010020","e1e0l0","-----1---0--","--","------0--0--","------------","1","1","0","0","0","2","0","0","2","0"
"257","3","forall NODE1,NODE0. ~held(NODE0) | ~locked_epoch2(NODE1) | locked_epoch3(NODE0) | locked_epoch3(NODE1) | NODE0 = NODE1","7","------------1------100----------------","5","47","F","6","0010110020","0010110020","h1l1l0","------------","1-","-----100----","------------","0","0","1","0","1","2","0","0","2","0"
"258","3","forall NODE1,NODE0. ~held(NODE0) | ~locked_epoch3(NODE1) | ~locked_epoch4(NODE0) | ep_epoch3(NODE1) | NODE0 = NODE1","7","---------0--1--------11---------------","5","46","F","25","0110100020","0110100020","e0h1l1","---------0--","1-","-------11---","------------","0","1","1","0","2","0","0","0","2","0"
"259","3","forall NODE1,NODE0. ~held(NODE0) | ~locked_epoch3(NODE1) | ep_epoch3(NODE1) | ep_epoch4(NODE1) | NODE0 = NODE1","7","---------00-1--------1----------------","5","46","F","25","0110100020","0110100020","e0h1l1","---------00-","1-","-------1----","------------","0","2","1","0","1","0","0","0","2","0"
"260","3","forall NODE1,NODE0. ~held(NODE0) | ~locked_epoch3(NODE1) | ep_epoch3(NODE1) | ep_epoch5(NODE0) | NODE0 = NODE1","7","-----0---0--1--------1----------------","5","46","F","25","0110100020","0110100020","e0h1l1","-----0---0--","1-","-------1----","------------","0","2","1","0","1","0","0","0","2","0"
"261","4","forall NODE1,NODE0. ~held(NODE0) | ~locked_epoch3(NODE1) | ep_epoch3(NODE1) | locked_epoch4(NODE1) | NODE0 = NODE1","7","---------0--1--------1-0--------------","5","71","F","68","0110110020","0110110020","e0h1l1l0","---------0--","1-","-------1-0--","------------","0","1","1","0","1","1","0","0","2","0"
"262","4","forall NODE1,NODE0. ~held(NODE0) | ~locked_epoch3(NODE1) | ep_epoch3(NODE1) | locked_epoch5(NODE0) | NODE0 = NODE1","7","---------0--1--------1--0-------------","5","71","F","68","0110110020","0110110020","e0h1l1l0","---------0--","1-","-------1--0-","------------","0","1","1","0","1","1","0","0","2","0"
"263","3","forall NODE1,NODE0. ~held(NODE0) | ~locked_epoch3(NODE1) | ep_epoch4(NODE0) | ep_epoch5(NODE0) | NODE0 = NODE1","7","----00------1--------1----------------","5","46","F","25","0110100020","0110100020","e0h1l1","----00------","1-","-------1----","------------","0","2","1","0","1","0","0","0","2","0"
"264","4","forall NODE1,NODE0. ~held(NODE0) | ~locked_epoch3(NODE1) | ep_epoch4(NODE0) | locked_epoch5(NODE0) | NODE0 = NODE1","7","----0-------1--------1--0-------------","5","71","F","68","0110110020","0110110020","e0h1l1l0","----0-------","1-","-------1--0-","------------","0","1","1","0","1","1","0","0","2","0"
"265","4","forall NODE1,NODE0. ~held(NODE0) | ~locked_epoch3(NODE1) | ep_epoch4(NODE1) | locked_epoch4(NODE0) | NODE0 = NODE1","7","----------0-1--------10---------------","5","71","F","68","0110110020","0110110020","e0h1l1l0","----------0-","1-","-------10---","------------","0","1","1","0","1","1","0","0","2","0"
"266","4","forall NODE1,NODE0. ~held(NODE0) | ~locked_epoch3(NODE1) | ep_epoch5(NODE0) | locked_epoch4(NODE0) | NODE0 = NODE1","7","-----0------1--------10---------------","5","71","F","68","0110110020","0110110020","e0h1l1l0","-----0------","1-","-------10---","------------","0","1","1","0","1","1","0","0","2","0"
"267","3","forall NODE1,NODE0. ~held(NODE0) | ~locked_epoch3(NODE1) | locked_epoch4(NODE0) | locked_epoch4(NODE1) | NODE0 = NODE1","7","------------1--------100--------------","5","47","F","6","0010110020","0010110020","h1l1l0","------------","1-","-------100--","------------","0","0","1","0","1","2","0","0","2","0"
"268","3","forall NODE1,NODE0. ~held(NODE0) | ~locked_epoch3(NODE1) | locked_epoch4(NODE0) | locked_epoch5(NODE0) | NODE0 = NODE1","7","------------1--------10-0-------------","5","47","F","6","0010110020","0010110020","h1l1l0","------------","1-","-------10-0-","------------","0","0","1","0","1","2","0","0","2","0"
"269","4","forall NODE1,NODE0. ~held(NODE0) | ~locked_epoch4(NODE0) | ep_epoch3(NODE1) | locked_epoch3(NODE0) | NODE0 = NODE1","7","---------0--1-------0-1---------------","5","71","F","68","0110110020","0110110020","e0h1l1l0","---------0--","1-","------0-1---","------------","0","1","1","0","1","1","0","0","2","0"
"270","3","forall NODE1,NODE0. ~held(NODE0) | ep_epoch0(NODE1) | locked_epoch2(NODE0) | locked_epoch2(NODE1) | NODE0 = NODE1","7","------0-----1-----00------------------","5","23","F","122","0110010020","0110010020","e0h1l0","------0-----","1-","----00------","------------","0","1","1","0","0","2","0","0","2","0"
"271","3","forall NODE1,NODE0. ~held(NODE0) | ep_epoch1(NODE0) | locked_epoch2(NODE0) | locked_epoch2(NODE1) | NODE0 = NODE1","7","-0----------1-----00------------------","5","23","F","122","0110010020","0110010020","e0h1l0","-0----------","1-","----00------","------------","0","1","1","0","0","2","0","0","2","0"
"272","3","forall NODE2,NODE1,NODE0. ~locked_epoch2(NODE0) | ~locked_epoch3(NODE1) | ~transfer_epoch4(NODE2) | ep_epoch2(NODE0) | ((NODE1 ~= NODE2 | NODE0 = NODE1) & (NODE0 ~= NODE2 | NODE0 = NODE1))","11","--0---------------1--1------------1---","8","56","F","20","0100101030","0100101030","e0l1t1","--0---------","--","----1--1----","--------1---","0","1","0","0","2","0","1","0","3","0"
"273","3","forall NODE2,NODE1,NODE0. ~locked_epoch2(NODE0) | ~transfer_epoch3(NODE1) | ep_epoch0(NODE2) | ep_epoch1(NODE2) | ((NODE0 ~= NODE1 | NODE0 = NODE2) & (NODE1 ~= NODE2 | NODE0 = NODE1))","11","------00----------1-------------1-----","8","56","F","20","0100101030","0100101030","e0l1t1","------00----","--","----1-------","------1-----","0","2","0","0","1","0","1","0","3","0"
"274","3","forall NODE1,NODE0. ~locked_epoch2(NODE0) | ~transfer_epoch4(NODE1) | ep_epoch2(NODE0) | ep_epoch3(NODE0)","6","--00--------------1---------------1---","4","48","F","6","0100101020","0100101020","e0l1t1","--00--------","--","----1-------","--------1---","0","2","0","0","1","0","1","0","2","0"
"275","4","forall NODE1,NODE0. ~locked_epoch2(NODE0) | ~transfer_epoch4(NODE1) | ep_epoch2(NODE0) | locked_epoch3(NODE0)","6","--0---------------1-0-------------1---","4","72","F","5","0100111020","0100111020","e0l1l0t1","--0---------","--","----1-0-----","--------1---","0","1","0","0","1","1","1","0","2","0"
"276","3","forall NODE1,NODE0. ~locked_epoch2(NODE0) | ep_epoch2(NODE0) | locked_epoch3(NODE0) | locked_epoch3(NODE1) | NODE0 = NODE1","7","--0---------------1-00----------------","5","51","F","149","0100110020","0100110020","e0l1l0","--0---------","--","----1-00----","------------","0","1","0","0","1","2","0","0","2","0"
"277","2","forall NODE1,NODE0. ~locked_epoch3(NODE0) | ~locked_epoch4(NODE1) | ~locked_epoch5(NODE1) | ep_epoch3(NODE0) | NODE0 = NODE1","7","---0----------------1--1-1------------","5","26","F","42","0100100020","0100100020","e0l1","---0--------","--","------1--1-1","------------","0","1","0","0","3","0","0","0","2","0"
"278","3","forall NODE2,NODE1,NODE0. ~locked_epoch3(NODE0) | ~locked_epoch4(NODE1) | ~transfer_epoch5(NODE2) | ep_epoch3(NODE0) | ((NODE0 ~= NODE2 | NODE0 = NODE1) & (NODE1 ~= NODE2 | NODE0 = NODE1))","11","---0----------------1--1------------1-","8","56","F","20","0100101030","0100101030","e0l1t1","---0--------","--","------1--1--","----------1-","0","1","0","0","2","0","1","0","3","0"
"279","2","forall NODE1,NODE0. ~locked_epoch3(NODE0) | ~locked_epoch4(NODE1) | ep_epoch3(NODE0) | ep_epoch4(NODE1) | NODE0 = NODE1","7","---0------0---------1--1--------------","5","26","F","42","0100100020","0100100020","e0l1","---0------0-","--","------1--1--","------------","0","2","0","0","2","0","0","0","2","0"
"280","2","forall NODE1,NODE0. ~locked_epoch3(NODE0) | ~locked_epoch4(NODE1) | ep_epoch3(NODE0) | ep_epoch5(NODE0) | NODE0 = NODE1","7","---0-0--------------1--1--------------","5","26","F","42","0100100020","0100100020","e0l1","---0-0------","--","------1--1--","------------","0","2","0","0","2","0","0","0","2","0"
"281","3","forall NODE1,NODE0. ~locked_epoch3(NODE0) | ~locked_epoch4(NODE1) | ep_epoch3(NODE0) | held(NODE0) | NODE0 = NODE1","7","---0--------0-------1--1--------------","5","57","F","16","0101100020","0101100020","e0h0l1","---0--------","0-","------1--1--","------------","0","1","0","1","2","0","0","0","2","0"
"282","3","forall NODE1,NODE0. ~locked_epoch3(NODE0) | ~locked_epoch4(NODE1) | ep_epoch3(NODE0) | locked_epoch5(NODE0) | NODE0 = NODE1","7","---0----------------1--10-------------","5","51","F","149","0100110020","0100110020","e0l1l0","---0--------","--","------1--10-","------------","0","1","0","0","2","1","0","0","2","0"
"283","2","forall NODE1,NODE0. ~locked_epoch3(NODE0) | ~locked_epoch5(NODE1) | ep_epoch3(NODE0) | ep_epoch4(NODE0) | NODE0 = NODE1","7","---00---------------1----1------------","5","26","F","42","0100100020","0100100020","e0l1","---00-------","--","------1----1","------------","0","2","0","0","2","0","0","0","2","0"
"284","3","forall NODE1,NODE0. ~locked_epoch3(NODE0) | ~locked_epoch5(NODE1) | ep_epoch3(NODE0) | locked_epoch4(NODE0) | NODE0 = NODE1","7","---0----------------1-0--1------------","5","51","F","149","0100110020","0100110020","e0l1l0","---0--------","--","------1-0--1","------------","0","1","0","0","2","1","0","0","2","0"
"285","4","forall NODE2,NODE1,NODE0. ~locked_epoch3(NODE0) | ~transfer_epoch4(NODE1) | ep_epoch2(NODE2) | locked_epoch2(NODE0) | ((NODE1 ~= NODE2 | NODE0 = NODE1) & (NODE0 ~= NODE1 | NODE0 = NODE2))","11","--------0---------0-1-------------1---","8","74","F","27","0100111030","0100111030","e0l1l0t1","--------0---","--","----0-1-----","--------1---","0","1","0","0","1","1","1","0","3","0"
"286","3","forall NODE1,NODE0. ~locked_epoch3(NODE0) | ~transfer_epoch5(NODE1) | ep_epoch3(NODE0) | ep_epoch4(NODE0)","6","---00---------------1---------------1-","4","48","F","6","0100101020","0100101020","e0l1t1","---00-------","--","------1-----","----------1-","0","2","0","0","1","0","1","0","2","0"
"287","4","forall NODE1,NODE0. ~locked_epoch3(NODE0) | ~transfer_epoch5(NODE1) | ep_epoch3(NODE0) | locked_epoch4(NODE0)","6","---0----------------1-0-------------1-","4","72","F","5","0100111020","0100111020","e0l1l0t1","---0--------","--","------1-0---","----------1-","0","1","0","0","1","1","1","0","2","0"
"288","2","forall NODE0. ~locked_epoch3(NODE0) | ep_epoch3(NODE0) | ep_epoch4(NODE0) | ep_epoch5(NODE0)","5","---000--------------1-----------------","4","14","F","4","0100100010","0100100010","e0l1","---000------","--","------1-----","------------","0","3","0","0","1","0","0","0","1","0"
"289","3","forall NODE0. ~locked_epoch3(NODE0) | ep_epoch3(NODE0) | ep_epoch4(NODE0) | held(NODE0)","5","---00-------0-------1-----------------","4","49","F","3","0101100010","0101100010","e0h0l1","---00-------","0-","------1-----","------------","0","2","0","1","1","0","0","0","1","0"
"290","3","forall NODE0. ~locked_epoch3(NODE0) | ep_epoch3(NODE0) | ep_epoch4(NODE0) | locked_epoch5(NODE0)","5","---00---------------1---0-------------","4","50","F","11","0100110010","0100110010","e0l1l0","---00-------","--","------1---0-","------------","0","2","0","0","1","1","0","0","1","0"
"291","3","forall NODE1,NODE0. ~locked_epoch3(NODE0) | ep_epoch3(NODE0) | ep_epoch4(NODE1) | locked_epoch4(NODE0) | NODE0 = NODE1","7","---0------0---------1-0---------------","5","51","F","149","0100110020","0100110020","e0l1l0","---0------0-","--","------1-0---","------------","0","2","0","0","1","1","0","0","2","0"
"292","3","forall NODE0. ~locked_epoch3(NODE0) | ep_epoch3(NODE0) | ep_epoch5(NODE0) | locked_epoch4(NODE0)","5","---0-0--------------1-0---------------","4","50","F","11","0100110010","0100110010","e0l1l0","---0-0------","--","------1-0---","------------","0","2","0","0","1","1","0","0","1","0"
"293","4","forall NODE0. ~locked_epoch3(NODE0) | ep_epoch3(NODE0) | held(NODE0) | locked_epoch4(NODE0)","5","---0--------0-------1-0---------------","4","73","F","4","0101110010","0101110010","e0h0l1l0","---0--------","0-","------1-0---","------------","0","1","0","1","1","1","0","0","1","0"
"294","3","forall NODE1,NODE0. ~locked_epoch3(NODE0) | ep_epoch3(NODE0) | locked_epoch4(NODE0) | locked_epoch4(NODE1) | NODE0 = NODE1","7","---0----------------1-00--------------","5","51","F","149","0100110020","0100110020","e0l1l0","---0--------","--","------1-00--","------------","0","1","0","0","1","2","0","0","2","0"
"295","3","forall NODE0. ~locked_epoch3(NODE0) | ep_epoch3(NODE0) | locked_epoch4(NODE0) | locked_epoch5(NODE0)","5","---0----------------1-0-0-------------","4","50","F","11","0100110010","0100110010","e0l1l0","---0--------","--","------1-0-0-","------------","0","1","0","0","1","2","0","0","1","0"
"296","3","forall NODE1,NODE0. ~locked_epoch4(NODE0) | ~locked_epoch5(NODE0) | ep_epoch3(NODE1) | locked_epoch3(NODE0) | NODE0 = NODE1","7","---------0----------0-1-1-------------","5","51","F","149","0100110020","0100110020","e0l1l0","---------0--","--","------0-1-1-","------------","0","1","0","0","2","1","0","0","2","0"
"297","4","forall NODE2,NODE1,NODE0. ~locked_epoch4(NODE0) | ~transfer_epoch5(NODE1) | ep_epoch3(NODE2) | locked_epoch3(NODE0) | ((NODE1 ~= NODE2 | NODE0 = NODE1) & (NODE0 ~= NODE1 | NODE0 = NODE2))","11","---------0----------0-1-------------1-","8","74","F","27","0100111030","0100111030","e0l1l0t1","---------0--","--","------0-1---","----------1-","0","1","0","0","1","1","1","0","3","0"
"298","3","forall NODE1,NODE0. ~locked_epoch4(NODE0) | ep_epoch3(NODE1) | ep_epoch4(NODE0) | locked_epoch3(NODE0) | NODE0 = NODE1","7","----0----0----------0-1---------------","5","51","F","149","0100110020","0100110020","e0l1l0","----0----0--","--","------0-1---","------------","0","2","0","0","1","1","0","0","2","0"
"299","3","forall NODE1,NODE0. ~locked_epoch4(NODE0) | ep_epoch3(NODE1) | ep_epoch5(NODE1) | locked_epoch3(NODE0) | NODE0 = NODE1","7","---------0-0--------0-1---------------","5","51","F","149","0100110020","0100110020","e0l1l0","---------0-0","--","------0-1---","------------","0","2","0","0","1","1","0","0","2","0"
"300","4","forall NODE1,NODE0. ~locked_epoch4(NODE0) | ep_epoch3(NODE1) | held(NODE1) | locked_epoch3(NODE0) | NODE0 = NODE1","7","---------0---0------0-1---------------","5","75","F","28","0101110020","0101110020","e0h0l1l0","---------0--","-0","------0-1---","------------","0","1","0","1","1","1","0","0","2","0"
"301","3","forall NODE1,NODE0. ~locked_epoch4(NODE0) | ep_epoch3(NODE1) | locked_epoch3(NODE0) | locked_epoch5(NODE1) | NODE0 = NODE1","7","---------0----------0-1--0------------","5","51","F","149","0100110020","0100110020","e0l1l0","---------0--","--","------0-1--0","------------","0","1","0","0","1","2","0","0","2","0"
"302","3","forall NODE1,NODE0. ~locked_epoch5(NODE0) | ep_epoch3(NODE1) | ep_epoch4(NODE1) | locked_epoch3(NODE0) | NODE0 = NODE1","7","---------00---------0---1-------------","5","51","F","149","0100110020","0100110020","e0l1l0","---------00-","--","------0---1-","------------","0","2","0","0","1","1","0","0","2","0"
"303","3","forall NODE1,NODE0. ~locked_epoch5(NODE0) | ep_epoch3(NODE1) | locked_epoch3(NODE0) | locked_epoch4(NODE1) | NODE0 = NODE1","7","---------0----------0--01-------------","5","51","F","149","0100110020","0100110020","e0l1l0","---------0--","--","------0--01-","------------","0","1","0","0","1","2","0","0","2","0"
"304","2","forall NODE1,NODE0. ~transfer_epoch3(NODE0) | ep_epoch0(NODE1) | ep_epoch1(NODE1) | ep_epoch2(NODE1)","6","000-----------------------------1-----","4","27","F","12","0100001020","0100001020","e0t1","000---------","--","------------","------1-----","0","3","0","0","0","0","1","0","2","0"
"305","3","forall NODE1,NODE0. ~transfer_epoch3(NODE0) | ep_epoch0(NODE1) | ep_epoch1(NODE1) | locked_epoch2(NODE1)","6","00----------------0-------------1-----","4","58","F","11","0100011020","0100011020","e0l0t1","00----------","--","----0-------","------1-----","0","2","0","0","0","1","1","0","2","0"
"306","3","forall NODE2,NODE1,NODE0. ~transfer_epoch4(NODE0) | ep_epoch2(NODE1) | ep_epoch3(NODE1) | locked_epoch2(NODE2) | ((NODE0 ~= NODE1 | NODE0 = NODE2) & (NODE0 ~= NODE2 | NODE0 = NODE1))","11","--00---------------0--------------1---","8","53","F","15","0100011030","0100011030","e0l0t1","--00--------","--","-----0------","--------1---","0","2","0","0","0","1","1","0","3","0"
"307","3","forall NODE2,NODE1,NODE0. ~transfer_epoch4(NODE0) | ep_epoch2(NODE1) | locked_epoch2(NODE2) | locked_epoch3(NODE1) | ((NODE0 ~= NODE1 | NODE0 = NODE2) & (NODE0 ~= NODE2 | NODE0 = NODE1))","11","--0----------------00-------------1---","8","53","F","15","0100011030","0100011030","e0l0t1","--0---------","--","-----00-----","--------1---","0","1","0","0","0","2","1","0","3","0"
"308","3","forall NODE2,NODE1,NODE0. ~transfer_epoch5(NODE0) | ep_epoch3(NODE1) | ep_epoch4(NODE1) | locked_epoch3(NODE2) | ((NODE0 ~= NODE1 | NODE0 = NODE2) & (NODE0 ~= NODE2 | NODE0 = NODE1))","11","---00----------------0--------------1-","8","53","F","15","0100011030","0100011030","e0l0t1","---00-------","--","-------0----","----------1-","0","2","0","0","0","1","1","0","3","0"
"309","3","forall NODE2,NODE1,NODE0. ~transfer_epoch5(NODE0) | ep_epoch3(NODE1) | locked_epoch3(NODE2) | locked_epoch4(NODE1) | ((NODE0 ~= NODE1 | NODE0 = NODE2) & (NODE0 ~= NODE2 | NODE0 = NODE1))","11","---0-----------------00-------------1-","8","53","F","15","0100011030","0100011030","e0l0t1","---0--------","--","-------00---","----------1-","0","1","0","0","0","2","1","0","3","0"
"310","2","exists NODE0. ep_epoch0(NODE0) | locked_epoch2(NODE0)","3","0-----0-----------00------------------","2","7","E","14","e0l0","0100010001","e0l0","0-----0-----","--","----00------","------------","0","2","0","0","0","2","0","0","0","1"
"311","2","forall NODE1,NODE0. ep_epoch0(NODE0) | ep_epoch1(NODE0) | locked_epoch2(NODE0) | locked_epoch2(NODE1) | NODE0 = NODE1","7","00----------------00------------------","5","33","F","119","0100010020","0100010020","e0l0","00----------","--","----00------","------------","0","2","0","0","0","2","0","0","2","0"
"312","2","exists NODE0. ep_epoch1(NODE0) | locked_epoch2(NODE0)","3","-0-----0----------00------------------","2","7","E","14","e0l0","0100010001","e0l0","-0-----0----","--","----00------","------------","0","2","0","0","0","2","0","0","0","1"
"313","3","forall NODE1,NODE0. ~ep_epoch0(NODE0) | ~ep_epoch1(NODE1) | held(NODE1) | transfer_epoch2(NODE0) | transfer_epoch2(NODE1) | NODE0 = NODE1","8","1------1-----0----------------00------","6","31","F","14","1001000120","1001000120","e1h0t0","1------1----","-0","------------","----00------","2","0","0","1","0","0","0","2","2","0"
"314","3","forall NODE1,NODE0. ~ep_epoch0(NODE0) | ~ep_epoch2(NODE1) | held(NODE1) | transfer_epoch3(NODE0) | transfer_epoch3(NODE1) | NODE0 = NODE1","8","1-------1----0------------------00----","6","31","F","14","1001000120","1001000120","e1h0t0","1-------1---","-0","------------","------00----","2","0","0","1","0","0","0","2","2","0"
"315","3","forall NODE1,NODE0. ~ep_epoch0(NODE0) | ~ep_epoch3(NODE1) | held(NODE1) | transfer_epoch4(NODE0) | transfer_epoch4(NODE1) | NODE0 = NODE1","8","1--------1---0--------------------00--","6","31","F","14","1001000120","1001000120","e1h0t0","1--------1--","-0","------------","--------00--","2","0","0","1","0","0","0","2","2","0"
"316","3","forall NODE1,NODE0. ~ep_epoch0(NODE0) | ~ep_epoch4(NODE1) | held(NODE1) | transfer_epoch5(NODE0) | transfer_epoch5(NODE1) | NODE0 = NODE1","8","1---------1--0----------------------00","6","31","F","14","1001000120","1001000120","e1h0t0","1---------1-","-0","------------","----------00","2","0","0","1","0","0","0","2","2","0"
"317","4","forall NODE1,NODE0. ~ep_epoch0(NODE0) | ~locked_epoch2(NODE1) | ep_epoch2(NODE1) | ep_epoch3(NODE1) | locked_epoch4(NODE1) | NODE0 = NODE1","8","1-------00---------1---0--------------","6","65","F","49","1100110020","1100110020","e1e0l1l0","1-------00--","--","-----1---0--","------------","1","2","0","0","1","1","0","0","2","0"
"318","4","forall NODE1,NODE0. ~ep_epoch0(NODE0) | ~locked_epoch4(NODE1) | held(NODE1) | transfer_epoch5(NODE0) | transfer_epoch5(NODE1) | NODE0 = NODE1","8","1------------0---------1------------00","6","60","F","9","1001100120","1001100120","e1h0l1t0","1-----------","-0","---------1--","----------00","1","0","0","1","1","0","0","2","2","0"
"319","3","forall NODE1,NODE0. ~ep_epoch0(NODE0) | ep_epoch1(NODE1) | ep_epoch2(NODE1) | ep_epoch3(NODE1) | locked_epoch4(NODE1) | NODE0 = NODE1","8","1------000-------------0--------------","6","19","F","46","1100010020","1100010020","e1e0l0","1------000--","--","---------0--","------------","1","3","0","0","0","1","0","0","2","0"
"320","4","forall NODE1,NODE0. ~ep_epoch0(NODE0) | held(NODE1) | locked_epoch2(NODE1) | transfer_epoch2(NODE0) | transfer_epoch2(NODE1) | NODE0 = NODE1","8","1------------0-----0----------00------","6","36","F","10","1001010120","1001010120","e1h0l0t0","1-----------","-0","-----0------","----00------","1","0","0","1","0","1","0","2","2","0"
"321","3","forall NODE1,NODE0. ~ep_epoch1(NODE0) | ~ep_epoch2(NODE1) | held(NODE1) | transfer_epoch3(NODE0) | transfer_epoch3(NODE1) | NODE0 = NODE1","8","-1------1----0------------------00----","6","31","F","14","1001000120","1001000120","e1h0t0","-1------1---","-0","------------","------00----","2","0","0","1","0","0","0","2","2","0"
"322","3","forall NODE1,NODE0. ~ep_epoch1(NODE0) | ~ep_epoch3(NODE1) | held(NODE1) | transfer_epoch4(NODE0) | transfer_epoch4(NODE1) | NODE0 = NODE1","8","-1-------1---0--------------------00--","6","31","F","14","1001000120","1001000120","e1h0t0","-1-------1--","-0","------------","--------00--","2","0","0","1","0","0","0","2","2","0"
"323","3","forall NODE1,NODE0. ~ep_epoch1(NODE0) | ~ep_epoch4(NODE1) | held(NODE1) | transfer_epoch5(NODE0) | transfer_epoch5(NODE1) | NODE0 = NODE1","8","-1--------1--0----------------------00","6","31","F","14","1001000120","1001000120","e1h0t0","-1--------1-","-0","------------","----------00","2","0","0","1","0","0","0","2","2","0"
"324","4","forall NODE1,NODE0. ~ep_epoch1(NODE0) | ~held(NODE1) | ep_epoch2(NODE1) | ep_epoch3(NODE1) | locked_epoch4(NODE1) | NODE0 = NODE1","8","-1------00---1---------0--------------","6","55","F","14","1110010020","1110010020","e1e0h1l0","-1------00--","-1","---------0--","------------","1","2","1","0","0","1","0","0","2","0"
"325","4","forall NODE1,NODE0. ~ep_epoch1(NODE0) | ~locked_epoch2(NODE1) | ep_epoch2(NODE1) | ep_epoch3(NODE1) | locked_epoch4(NODE1) | NODE0 = NODE1","8","-1------00---------1---0--------------","6","65","F","49","1100110020","1100110020","e1e0l1l0","-1------00--","--","-----1---0--","------------","1","2","0","0","1","1","0","0","2","0"
"326","4","forall NODE1,NODE0. ~ep_epoch1(NODE0) | ~locked_epoch4(NODE1) | held(NODE1) | transfer_epoch5(NODE0) | transfer_epoch5(NODE1) | NODE0 = NODE1","8","-1-----------0---------1------------00","6","60","F","9","1001100120","1001100120","e1h0l1t0","-1----------","-0","---------1--","----------00","1","0","0","1","1","0","0","2","2","0"
"327","3","forall NODE1,NODE0. ~ep_epoch1(NODE0) | ep_epoch0(NODE1) | ep_epoch2(NODE1) | ep_epoch3(NODE1) | locked_epoch4(NODE1) | NODE0 = NODE1","8","-1----0-00-------------0--------------","6","19","F","46","1100010020","1100010020","e1e0l0","-1----0-00--","--","---------0--","------------","1","3","0","0","0","1","0","0","2","0"
"328","4","forall NODE1,NODE0. ~ep_epoch1(NODE0) | held(NODE0) | locked_epoch2(NODE1) | transfer_epoch2(NODE0) | transfer_epoch2(NODE1) | NODE0 = NODE1","8","-1----------0------0----------00------","6","36","F","10","1001010120","1001010120","e1h0l0t0","-1----------","0-","-----0------","----00------","1","0","0","1","0","1","0","2","2","0"
"329","3","forall NODE1,NODE0. ~ep_epoch2(NODE0) | ~ep_epoch3(NODE1) | held(NODE1) | transfer_epoch4(NODE0) | transfer_epoch4(NODE1) | NODE0 = NODE1","8","--1------1---0--------------------00--","6","31","F","14","1001000120","1001000120","e1h0t0","--1------1--","-0","------------","--------00--","2","0","0","1","0","0","0","2","2","0"
"330","3","forall NODE1,NODE0. ~ep_epoch2(NODE0) | ~ep_epoch4(NODE1) | held(NODE1) | transfer_epoch5(NODE0) | transfer_epoch5(NODE1) | NODE0 = NODE1","8","--1-------1--0----------------------00","6","31","F","14","1001000120","1001000120","e1h0t0","--1-------1-","-0","------------","----------00","2","0","0","1","0","0","0","2","2","0"
"331","3","forall NODE1,NODE0. ~ep_epoch2(NODE0) | ~held(NODE1) | ep_epoch3(NODE1) | ep_epoch4(NODE1) | ep_epoch5(NODE1) | NODE0 = NODE1","8","--1------000-1------------------------","6","20","F","8","1110000020","1110000020","e1e0h1","--1------000","-1","------------","------------","1","3","1","0","0","0","0","0","2","0"
"332","4","forall NODE1,NODE0. ~ep_epoch2(NODE0) | ~held(NODE1) | ep_epoch3(NODE1) | ep_epoch4(NODE1) | locked_epoch5(NODE1) | NODE0 = NODE1","8","--1------00--1-----------0------------","6","55","F","14","1110010020","1110010020","e1e0h1l0","--1------00-","-1","-----------0","------------","1","2","1","0","0","1","0","0","2","0"
"333","4","forall NODE1,NODE0. ~ep_epoch2(NODE0) | ~locked_epoch4(NODE1) | held(NODE1) | transfer_epoch5(NODE0) | transfer_epoch5(NODE1) | NODE0 = NODE1","8","--1----------0---------1------------00","6","60","F","9","1001100120","1001100120","e1h0l1t0","--1---------","-0","---------1--","----------00","1","0","0","1","1","0","0","2","2","0"
"334","3","forall NODE1,NODE0. ~ep_epoch2(NODE0) | ep_epoch0(NODE1) | ep_epoch1(NODE1) | ep_epoch3(NODE1) | locked_epoch4(NODE1) | NODE0 = NODE1","8","--1---00-0-------------0--------------","6","19","F","46","1100010020","1100010020","e1e0l0","--1---00-0--","--","---------0--","------------","1","3","0","0","0","1","0","0","2","0"
"335","4","forall NODE1,NODE0. ~ep_epoch2(NODE0) | held(NODE0) | locked_epoch3(NODE1) | transfer_epoch3(NODE0) | transfer_epoch3(NODE1) | NODE0 = NODE1","8","--1---------0--------0----------00----","6","36","F","10","1001010120","1001010120","e1h0l0t0","--1---------","0-","-------0----","------00----","1","0","0","1","0","1","0","2","2","0"
"336","3","forall NODE1,NODE0. ~ep_epoch3(NODE0) | ~ep_epoch4(NODE1) | held(NODE1) | transfer_epoch5(NODE0) | transfer_epoch5(NODE1) | NODE0 = NODE1","8","---1------1--0----------------------00","6","31","F","14","1001000120","1001000120","e1h0t0","---1------1-","-0","------------","----------00","2","0","0","1","0","0","0","2","2","0"
"337","4","forall NODE1,NODE0. ~ep_epoch3(NODE0) | ~held(NODE0) | ~locked_epoch2(NODE0) | ep_epoch0(NODE1) | ep_epoch1(NODE1) | NODE0 = NODE1","8","---1--00----1-----1-------------------","6","66","F","8","1110100020","1110100020","e1e0h1l1","---1--00----","1-","----1-------","------------","1","2","1","0","1","0","0","0","2","0"
"338","3","forall NODE1,NODE0. ~ep_epoch3(NODE0) | ~held(NODE0) | ep_epoch0(NODE1) | ep_epoch1(NODE1) | ep_epoch2(NODE1) | NODE0 = NODE1","8","---1--000---1-------------------------","6","20","F","8","1110000020","1110000020","e1e0h1","---1--000---","1-","------------","------------","1","3","1","0","0","0","0","0","2","0"
"339","4","forall NODE1,NODE0. ~ep_epoch3(NODE0) | ~held(NODE0) | ep_epoch0(NODE1) | ep_epoch1(NODE1) | locked_epoch2(NODE1) | NODE0 = NODE1","8","---1--00----1------0------------------","6","55","F","14","1110010020","1110010020","e1e0h1l0","---1--00----","1-","-----0------","------------","1","2","1","0","0","1","0","0","2","0"
"340","4","forall NODE2,NODE1,NODE0. ~ep_epoch3(NODE0) | ~locked_epoch2(NODE0) | ~transfer_epoch4(NODE1) | ep_epoch0(NODE2) | ep_epoch1(NODE2) | ((NODE1 ~= NODE2 | NODE0 = NODE1) & (NODE0 ~= NODE1 | NODE0 = NODE2))","12","---1--00----------1---------------1---","9","67","F","8","1100101030","1100101030","e1e0l1t1","---1--00----","--","----1-------","--------1---","1","2","0","0","1","0","1","0","3","0"
"341","4","forall NODE1,NODE0. ~ep_epoch3(NODE0) | ~locked_epoch2(NODE0) | ep_epoch0(NODE1) | ep_epoch1(NODE1) | locked_epoch4(NODE1) | NODE0 = NODE1","8","---1--00----------1----0--------------","6","65","F","49","1100110020","1100110020","e1e0l1l0","---1--00----","--","----1----0--","------------","1","2","0","0","1","1","0","0","2","0"
"342","3","forall NODE1,NODE0. ~ep_epoch3(NODE0) | ~locked_epoch2(NODE1) | ep_epoch2(NODE1) | ep_epoch4(NODE1) | ep_epoch5(NODE1) | NODE0 = NODE1","8","---1----0-00-------1------------------","6","45","F","22","1100100020","1100100020","e1e0l1","---1----0-00","--","-----1------","------------","1","3","0","0","1","0","0","0","2","0"
"343","4","forall NODE1,NODE0. ~ep_epoch3(NODE0) | ~locked_epoch2(NODE1) | ep_epoch2(NODE1) | ep_epoch4(NODE1) | held(NODE1) | NODE0 = NODE1","8","---1----0-0--0-----1------------------","6","68","F","8","1101100020","1101100020","e1e0h0l1","---1----0-0-","-0","-----1------","------------","1","2","0","1","1","0","0","0","2","0"
"344","4","forall NODE1,NODE0. ~ep_epoch3(NODE0) | ~locked_epoch2(NODE1) | ep_epoch2(NODE1) | ep_epoch4(NODE1) | locked_epoch5(NODE1) | NODE0 = NODE1","8","---1----0-0--------1-----0------------","6","65","F","49","1100110020","1100110020","e1e0l1l0","---1----0-0-","--","-----1-----0","------------","1","2","0","0","1","1","0","0","2","0"
"345","4","forall NODE1,NODE0. ~ep_epoch3(NODE0) | ~locked_epoch4(NODE1) | held(NODE1) | transfer_epoch5(NODE0) | transfer_epoch5(NODE1) | NODE0 = NODE1","8","---1---------0---------1------------00","6","60","F","9","1001100120","1001100120","e1h0l1t0","---1--------","-0","---------1--","----------00","1","0","0","1","1","0","0","2","2","0"
"346","3","forall NODE2,NODE1,NODE0. ~ep_epoch3(NODE0) | ~transfer_epoch4(NODE1) | ep_epoch0(NODE2) | ep_epoch1(NODE2) | ep_epoch2(NODE2) | ((NODE1 ~= NODE2 | NODE0 = NODE1) & (NODE0 ~= NODE1 | NODE0 = NODE2))","12","---1--000-------------------------1---","9","16","F","14","1100001030","1100001030","e1e0t1","---1--000---","--","------------","--------1---","1","3","0","0","0","0","1","0","3","0"
"347","4","forall NODE2,NODE1,NODE0. ~ep_epoch3(NODE0) | ~transfer_epoch4(NODE1) | ep_epoch0(NODE2) | ep_epoch1(NODE2) | locked_epoch2(NODE2) | ((NODE1 ~= NODE2 | NODE0 = NODE1) & (NODE0 ~= NODE1 | NODE0 = NODE2))","12","---1--00-----------0--------------1---","9","69","F","8","1100011030","1100011030","e1e0l0t1","---1--00----","--","-----0------","--------1---","1","2","0","0","0","1","1","0","3","0"
"348","3","forall NODE1,NODE0. ~ep_epoch3(NODE0) | ep_epoch0(NODE1) | ep_epoch1(NODE1) | ep_epoch2(NODE1) | locked_epoch4(NODE1) | NODE0 = NODE1","8","---1--000--------------0--------------","6","19","F","46","1100010020","1100010020","e1e0l0","---1--000---","--","---------0--","------------","1","3","0","0","0","1","0","0","2","0"
"349","3","forall NODE1,NODE0. ~ep_epoch3(NODE0) | ep_epoch0(NODE1) | ep_epoch1(NODE1) | locked_epoch2(NODE1) | locked_epoch4(NODE1) | NODE0 = NODE1","8","---1--00-----------0---0--------------","6","19","F","46","1100010020","1100010020","e1e0l0","---1--00----","--","-----0---0--","------------","1","2","0","0","0","2","0","0","2","0"
"350","3","forall NODE1,NODE0. ~ep_epoch3(NODE0) | ep_epoch2(NODE1) | ep_epoch4(NODE1) | ep_epoch5(NODE1) | locked_epoch2(NODE0) | NODE0 = NODE1","8","---1----0-00------0-------------------","6","19","F","46","1100010020","1100010020","e1e0l0","---1----0-00","--","----0-------","------------","1","3","0","0","0","1","0","0","2","0"
"351","4","forall NODE1,NODE0. ~ep_epoch3(NODE0) | ep_epoch2(NODE1) | ep_epoch4(NODE1) | held(NODE1) | locked_epoch2(NODE0) | NODE0 = NODE1","8","---1----0-0--0----0-------------------","6","70","F","8","1101010020","1101010020","e1e0h0l0","---1----0-0-","-0","----0-------","------------","1","2","0","1","0","1","0","0","2","0"
"352","3","forall NODE1,NODE0. ~ep_epoch3(NODE0) | ep_epoch2(NODE1) | ep_epoch4(NODE1) | locked_epoch2(NODE0) | locked_epoch5(NODE1) | NODE0 = NODE1","8","---1----0-0-------0------0------------","6","19","F","46","1100010020","1100010020","e1e0l0","---1----0-0-","--","----0------0","------------","1","2","0","0","0","2","0","0","2","0"
"353","4","forall NODE1,NODE0. ~ep_epoch3(NODE0) | held(NODE0) | locked_epoch4(NODE1) | transfer_epoch4(NODE0) | transfer_epoch4(NODE1) | NODE0 = NODE1","8","---1--------0----------0----------00--","6","36","F","10","1001010120","1001010120","e1h0l0t0","---1--------","0-","---------0--","--------00--","1","0","0","1","0","1","0","2","2","0"
"354","4","forall NODE1,NODE0. ~ep_epoch4(NODE0) | ~held(NODE0) | ~locked_epoch2(NODE1) | ~locked_epoch3(NODE0) | ep_epoch2(NODE1) | NODE0 = NODE1","8","----1---0---1------11-----------------","6","66","F","8","1110100020","1110100020","e1e0h1l1","----1---0---","1-","-----11-----","------------","1","1","1","0","2","0","0","0","2","0"
"355","4","forall NODE1,NODE0. ~ep_epoch4(NODE0) | ~held(NODE0) | ~locked_epoch2(NODE1) | ep_epoch2(NODE1) | ep_epoch3(NODE1) | NODE0 = NODE1","8","----1---00--1------1------------------","6","66","F","8","1110100020","1110100020","e1e0h1l1","----1---00--","1-","-----1------","------------","1","2","1","0","1","0","0","0","2","0"
"356","5","forall NODE1,NODE0. ~ep_epoch4(NODE0) | ~held(NODE0) | ~locked_epoch2(NODE1) | ep_epoch2(NODE1) | locked_epoch3(NODE1) | NODE0 = NODE1","8","----1---0---1------1-0----------------","6","84","F","4","1110110020","1110110020","e1e0h1l1l0","----1---0---","1-","-----1-0----","------------","1","1","1","0","1","1","0","0","2","0"
"357","5","forall NODE1,NODE0. ~ep_epoch4(NODE0) | ~held(NODE0) | ~locked_epoch3(NODE0) | ep_epoch2(NODE1) | locked_epoch2(NODE0) | NODE0 = NODE1","8","----1---0---1-----0-1-----------------","6","84","F","4","1110110020","1110110020","e1e0h1l1l0","----1---0---","1-","----0-1-----","------------","1","1","1","0","1","1","0","0","2","0"
"358","4","forall NODE1,NODE0. ~ep_epoch4(NODE0) | ~held(NODE0) | ep_epoch2(NODE1) | ep_epoch3(NODE1) | locked_epoch2(NODE0) | NODE0 = NODE1","8","----1---00--1-----0-------------------","6","55","F","14","1110010020","1110010020","e1e0h1l0","----1---00--","1-","----0-------","------------","1","2","1","0","0","1","0","0","2","0"
"359","4","forall NODE1,NODE0. ~ep_epoch4(NODE0) | ~held(NODE0) | ep_epoch2(NODE1) | locked_epoch2(NODE0) | locked_epoch3(NODE1) | NODE0 = NODE1","8","----1---0---1-----0--0----------------","6","55","F","14","1110010020","1110010020","e1e0h1l0","----1---0---","1-","----0--0----","------------","1","1","1","0","0","2","0","0","2","0"
"360","4","forall NODE2,NODE1,NODE0. ~ep_epoch4(NODE0) | ~locked_epoch2(NODE1) | ~locked_epoch3(NODE0) | ~transfer_epoch5(NODE2) | ep_epoch2(NODE1) | ((NODE1 ~= NODE2 | NODE0 = NODE1) & (NODE0 ~= NODE2 | NODE0 = NODE1))","12","----1---0----------11---------------1-","9","67","F","8","1100101030","1100101030","e1e0l1t1","----1---0---","--","-----11-----","----------1-","1","1","0","0","2","0","1","0","3","0"
"361","3","forall NODE1,NODE0. ~ep_epoch4(NODE0) | ~locked_epoch2(NODE1) | ~locked_epoch3(NODE0) | ep_epoch2(NODE1) | ep_epoch5(NODE1) | NODE0 = NODE1","8","----1---0--0-------11-----------------","6","45","F","22","1100100020","1100100020","e1e0l1","----1---0--0","--","-----11-----","------------","1","2","0","0","2","0","0","0","2","0"
"362","4","forall NODE1,NODE0. ~ep_epoch4(NODE0) | ~locked_epoch2(NODE1) | ~locked_epoch3(NODE0) | ep_epoch2(NODE1) | held(NODE1) | NODE0 = NODE1","8","----1---0----0-----11-----------------","6","68","F","8","1101100020","1101100020","e1e0h0l1","----1---0---","-0","-----11-----","------------","1","1","0","1","2","0","0","0","2","0"
"363","4","forall NODE1,NODE0. ~ep_epoch4(NODE0) | ~locked_epoch2(NODE1) | ~locked_epoch3(NODE0) | ep_epoch2(NODE1) | locked_epoch5(NODE1) | NODE0 = NODE1","8","----1---0----------11----0------------","6","65","F","49","1100110020","1100110020","e1e0l1l0","----1---0---","--","-----11----0","------------","1","1","0","0","2","1","0","0","2","0"
"364","4","forall NODE2,NODE1,NODE0. ~ep_epoch4(NODE0) | ~locked_epoch2(NODE1) | ~transfer_epoch5(NODE2) | ep_epoch2(NODE1) | ep_epoch3(NODE1) | ((NODE1 ~= NODE2 | NODE0 = NODE1) & (NODE0 ~= NODE2 | NODE0 = NODE1))","12","----1---00---------1----------------1-","9","67","F","8","1100101030","1100101030","e1e0l1t1","----1---00--","--","-----1------","----------1-","1","2","0","0","1","0","1","0","3","0"
"365","5","forall NODE2,NODE1,NODE0. ~ep_epoch4(NODE0) | ~locked_epoch2(NODE1) | ~transfer_epoch5(NODE2) | ep_epoch2(NODE1) | locked_epoch3(NODE1) | ((NODE1 ~= NODE2 | NODE0 = NODE1) & (NODE0 ~= NODE2 | NODE0 = NODE1))","12","----1---0----------1-0--------------1-","9","85","F","4","1100111030","1100111030","e1e0l1l0t1","----1---0---","--","-----1-0----","----------1-","1","1","0","0","1","1","1","0","3","0"
"366","3","forall NODE1,NODE0. ~ep_epoch4(NODE0) | ~locked_epoch2(NODE1) | ep_epoch2(NODE1) | ep_epoch3(NODE1) | ep_epoch5(NODE1) | NODE0 = NODE1","8","----1---00-0-------1------------------","6","45","F","22","1100100020","1100100020","e1e0l1","----1---00-0","--","-----1------","------------","1","3","0","0","1","0","0","0","2","0"
"367","4","forall NODE1,NODE0. ~ep_epoch4(NODE0) | ~locked_epoch2(NODE1) | ep_epoch2(NODE1) | ep_epoch3(NODE1) | held(NODE1) | NODE0 = NODE1","8","----1---00---0-----1------------------","6","68","F","8","1101100020","1101100020","e1e0h0l1","----1---00--","-0","-----1------","------------","1","2","0","1","1","0","0","0","2","0"
"368","4","forall NODE1,NODE0. ~ep_epoch4(NODE0) | ~locked_epoch2(NODE1) | ep_epoch2(NODE1) | ep_epoch3(NODE1) | locked_epoch5(NODE1) | NODE0 = NODE1","8","----1---00---------1-----0------------","6","65","F","49","1100110020","1100110020","e1e0l1l0","----1---00--","--","-----1-----0","------------","1","2","0","0","1","1","0","0","2","0"
"369","4","forall NODE1,NODE0. ~ep_epoch4(NODE0) | ~locked_epoch2(NODE1) | ep_epoch2(NODE1) | ep_epoch5(NODE1) | locked_epoch3(NODE1) | NODE0 = NODE1","8","----1---0--0-------1-0----------------","6","65","F","49","1100110020","1100110020","e1e0l1l0","----1---0--0","--","-----1-0----","------------","1","2","0","0","1","1","0","0","2","0"
"370","5","forall NODE1,NODE0. ~ep_epoch4(NODE0) | ~locked_epoch2(NODE1) | ep_epoch2(NODE1) | held(NODE1) | locked_epoch3(NODE1) | NODE0 = NODE1","8","----1---0----0-----1-0----------------","6","86","F","4","1101110020","1101110020","e1e0h0l1l0","----1---0---","-0","-----1-0----","------------","1","1","0","1","1","1","0","0","2","0"
"371","4","forall NODE1,NODE0. ~ep_epoch4(NODE0) | ~locked_epoch2(NODE1) | ep_epoch2(NODE1) | locked_epoch3(NODE1) | locked_epoch5(NODE1) | NODE0 = NODE1","8","----1---0----------1-0---0------------","6","65","F","49","1100110020","1100110020","e1e0l1l0","----1---0---","--","-----1-0---0","------------","1","1","0","0","1","2","0","0","2","0"
"372","5","forall NODE2,NODE1,NODE0. ~ep_epoch4(NODE0) | ~locked_epoch3(NODE0) | ~transfer_epoch5(NODE1) | ep_epoch2(NODE2) | locked_epoch2(NODE0) | ((NODE0 ~= NODE1 | NODE0 = NODE2) & (NODE1 ~= NODE2 | NODE0 = NODE1))","12","----1---0---------0-1---------------1-","9","85","F","4","1100111030","1100111030","e1e0l1l0t1","----1---0---","--","----0-1-----","----------1-","1","1","0","0","1","1","1","0","3","0"
"373","4","forall NODE1,NODE0. ~ep_epoch4(NODE0) | ~locked_epoch3(NODE0) | ep_epoch2(NODE1) | ep_epoch5(NODE1) | locked_epoch2(NODE0) | NODE0 = NODE1","8","----1---0--0------0-1-----------------","6","65","F","49","1100110020","1100110020","e1e0l1l0","----1---0--0","--","----0-1-----","------------","1","2","0","0","1","1","0","0","2","0"
"374","5","forall NODE1,NODE0. ~ep_epoch4(NODE0) | ~locked_epoch3(NODE0) | ep_epoch2(NODE1) | held(NODE1) | locked_epoch2(NODE0) | NODE0 = NODE1","8","----1---0----0----0-1-----------------","6","86","F","4","1101110020","1101110020","e1e0h0l1l0","----1---0---","-0","----0-1-----","------------","1","1","0","1","1","1","0","0","2","0"
"375","4","forall NODE1,NODE0. ~ep_epoch4(NODE0) | ~locked_epoch3(NODE0) | ep_epoch2(NODE1) | locked_epoch2(NODE0) | locked_epoch5(NODE1) | NODE0 = NODE1","8","----1---0---------0-1----0------------","6","65","F","49","1100110020","1100110020","e1e0l1l0","----1---0---","--","----0-1----0","------------","1","1","0","0","1","2","0","0","2","0"
"376","4","forall NODE2,NODE1,NODE0. ~ep_epoch4(NODE0) | ~transfer_epoch5(NODE1) | ep_epoch2(NODE2) | ep_epoch3(NODE2) | locked_epoch2(NODE0) | ((NODE0 ~= NODE1 | NODE0 = NODE2) & (NODE1 ~= NODE2 | NODE0 = NODE1))","12","----1---00--------0-----------------1-","9","69","F","8","1100011030","1100011030","e1e0l0t1","----1---00--","--","----0-------","----------1-","1","2","0","0","0","1","1","0","3","0"
"377","4","forall NODE2,NODE1,NODE0. ~ep_epoch4(NODE0) | ~transfer_epoch5(NODE1) | ep_epoch2(NODE2) | locked_epoch2(NODE0) | locked_epoch3(NODE2) | ((NODE0 ~= NODE1 | NODE0 = NODE2) & (NODE1 ~= NODE2 | NODE0 = NODE1))","12","----1---0---------0--0--------------1-","9","69","F","8","1100011030","1100011030","e1e0l0t1","----1---0---","--","----0--0----","----------1-","1","1","0","0","0","2","1","0","3","0"
"378","3","forall NODE1,NODE0. ~ep_epoch4(NODE0) | ep_epoch2(NODE1) | ep_epoch3(NODE1) | ep_epoch5(NODE1) | locked_epoch2(NODE0) | NODE0 = NODE1","8","----1---00-0------0-------------------","6","19","F","46","1100010020","1100010020","e1e0l0","----1---00-0","--","----0-------","------------","1","3","0","0","0","1","0","0","2","0"
"379","4","forall NODE1,NODE0. ~ep_epoch4(NODE0) | ep_epoch2(NODE1) | ep_epoch3(NODE1) | held(NODE1) | locked_epoch2(NODE0) | NODE0 = NODE1","8","----1---00---0----0-------------------","6","70","F","8","1101010020","1101010020","e1e0h0l0","----1---00--","-0","----0-------","------------","1","2","0","1","0","1","0","0","2","0"
"380","3","forall NODE1,NODE0. ~ep_epoch4(NODE0) | ep_epoch2(NODE1) | ep_epoch3(NODE1) | locked_epoch2(NODE0) | locked_epoch5(NODE1) | NODE0 = NODE1","8","----1---00--------0------0------------","6","19","F","46","1100010020","1100010020","e1e0l0","----1---00--","--","----0------0","------------","1","2","0","0","0","2","0","0","2","0"
"381","3","forall NODE1,NODE0. ~ep_epoch4(NODE0) | ep_epoch2(NODE1) | ep_epoch5(NODE1) | locked_epoch2(NODE0) | locked_epoch3(NODE1) | NODE0 = NODE1","8","----1---0--0------0--0----------------","6","19","F","46","1100010020","1100010020","e1e0l0","----1---0--0","--","----0--0----","------------","1","2","0","0","0","2","0","0","2","0"
"382","4","forall NODE1,NODE0. ~ep_epoch4(NODE0) | ep_epoch2(NODE1) | held(NODE1) | locked_epoch2(NODE0) | locked_epoch3(NODE1) | NODE0 = NODE1","8","----1---0----0----0--0----------------","6","70","F","8","1101010020","1101010020","e1e0h0l0","----1---0---","-0","----0--0----","------------","1","1","0","1","0","2","0","0","2","0"
"383","3","forall NODE1,NODE0. ~ep_epoch4(NODE0) | ep_epoch2(NODE1) | locked_epoch2(NODE0) | locked_epoch3(NODE1) | locked_epoch5(NODE1) | NODE0 = NODE1","8","----1---0---------0--0---0------------","6","19","F","46","1100010020","1100010020","e1e0l0","----1---0---","--","----0--0---0","------------","1","1","0","0","0","3","0","0","2","0"
"384","4","forall NODE1,NODE0. ~ep_epoch4(NODE0) | ep_epoch5(NODE1) | held(NODE0) | transfer_epoch5(NODE0) | transfer_epoch5(NODE1) | NODE0 = NODE1","8","----1------00-----------------------00","6","35","F","40","1101000120","1101000120","e1e0h0t0","----1------0","0-","------------","----------00","1","1","0","1","0","0","0","2","2","0"
"385","3","forall NODE1,NODE0. ~ep_epoch4(NODE0) | held(NODE0) | held(NODE1) | transfer_epoch5(NODE0) | transfer_epoch5(NODE1) | NODE0 = NODE1","8","----1-------00----------------------00","6","31","F","14","1001000120","1001000120","e1h0t0","----1-------","00","------------","----------00","1","0","0","2","0","0","0","2","2","0"
"386","4","forall NODE1,NODE0. ~ep_epoch4(NODE0) | held(NODE0) | locked_epoch5(NODE1) | transfer_epoch5(NODE0) | transfer_epoch5(NODE1) | NODE0 = NODE1","8","----1-------0------------0----------00","6","36","F","10","1001010120","1001010120","e1h0l0t0","----1-------","0-","-----------0","----------00","1","0","0","1","0","1","0","2","2","0"
"387","3","forall NODE1,NODE0. ~ep_epoch5(NODE0) | ~locked_epoch2(NODE1) | ~locked_epoch3(NODE0) | ~locked_epoch4(NODE0) | ep_epoch2(NODE1) | NODE0 = NODE1","8","-----1--0----------11-1---------------","6","45","F","22","1100100020","1100100020","e1e0l1","-----1--0---","--","-----11-1---","------------","1","1","0","0","3","0","0","0","2","0"
"388","3","forall NODE1,NODE0. ~ep_epoch5(NODE0) | ~locked_epoch2(NODE1) | ~locked_epoch3(NODE0) | ep_epoch2(NODE1) | ep_epoch4(NODE1) | NODE0 = NODE1","8","-----1--0-0--------11-----------------","6","45","F","22","1100100020","1100100020","e1e0l1","-----1--0-0-","--","-----11-----","------------","1","2","0","0","2","0","0","0","2","0"
"389","4","forall NODE1,NODE0. ~ep_epoch5(NODE0) | ~locked_epoch2(NODE1) | ~locked_epoch3(NODE0) | ep_epoch2(NODE1) | locked_epoch4(NODE1) | NODE0 = NODE1","8","-----1--0----------11--0--------------","6","65","F","49","1100110020","1100110020","e1e0l1l0","-----1--0---","--","-----11--0--","------------","1","1","0","0","2","1","0","0","2","0"
"390","3","forall NODE1,NODE0. ~ep_epoch5(NODE0) | ~locked_epoch2(NODE1) | ~locked_epoch4(NODE0) | ep_epoch2(NODE1) | ep_epoch3(NODE1) | NODE0 = NODE1","8","-----1--00---------1--1---------------","6","45","F","22","1100100020","1100100020","e1e0l1","-----1--00--","--","-----1--1---","------------","1","2","0","0","2","0","0","0","2","0"
"391","4","forall NODE1,NODE0. ~ep_epoch5(NODE0) | ~locked_epoch2(NODE1) | ~locked_epoch4(NODE0) | ep_epoch2(NODE1) | locked_epoch3(NODE1) | NODE0 = NODE1","8","-----1--0----------1-01---------------","6","65","F","49","1100110020","1100110020","e1e0l1l0","-----1--0---","--","-----1-01---","------------","1","1","0","0","2","1","0","0","2","0"
"392","3","forall NODE1,NODE0. ~ep_epoch5(NODE0) | ~locked_epoch2(NODE1) | ep_epoch2(NODE1) | ep_epoch3(NODE1) | ep_epoch4(NODE1) | NODE0 = NODE1","8","-----1--000--------1------------------","6","45","F","22","1100100020","1100100020","e1e0l1","-----1--000-","--","-----1------","------------","1","3","0","0","1","0","0","0","2","0"
"393","4","forall NODE1,NODE0. ~ep_epoch5(NODE0) | ~locked_epoch2(NODE1) | ep_epoch2(NODE1) | ep_epoch3(NODE1) | locked_epoch4(NODE1) | NODE0 = NODE1","8","-----1--00---------1---0--------------","6","65","F","49","1100110020","1100110020","e1e0l1l0","-----1--00--","--","-----1---0--","------------","1","2","0","0","1","1","0","0","2","0"
"394","4","forall NODE1,NODE0. ~ep_epoch5(NODE0) | ~locked_epoch2(NODE1) | ep_epoch2(NODE1) | ep_epoch4(NODE1) | locked_epoch3(NODE1) | NODE0 = NODE1","8","-----1--0-0--------1-0----------------","6","65","F","49","1100110020","1100110020","e1e0l1l0","-----1--0-0-","--","-----1-0----","------------","1","2","0","0","1","1","0","0","2","0"
"395","4","forall NODE1,NODE0. ~ep_epoch5(NODE0) | ~locked_epoch2(NODE1) | ep_epoch2(NODE1) | locked_epoch3(NODE1) | locked_epoch4(NODE1) | NODE0 = NODE1","8","-----1--0----------1-0-0--------------","6","65","F","49","1100110020","1100110020","e1e0l1l0","-----1--0---","--","-----1-0-0--","------------","1","1","0","0","1","2","0","0","2","0"
"396","4","forall NODE1,NODE0. ~ep_epoch5(NODE0) | ~locked_epoch3(NODE0) | ~locked_epoch4(NODE0) | ep_epoch2(NODE1) | locked_epoch2(NODE0) | NODE0 = NODE1","8","-----1--0---------0-1-1---------------","6","65","F","49","1100110020","1100110020","e1e0l1l0","-----1--0---","--","----0-1-1---","------------","1","1","0","0","2","1","0","0","2","0"
"397","4","forall NODE1,NODE0. ~ep_epoch5(NODE0) | ~locked_epoch3(NODE0) | ep_epoch2(NODE1) | ep_epoch4(NODE1) | locked_epoch2(NODE0) | NODE0 = NODE1","8","-----1--0-0-------0-1-----------------","6","65","F","49","1100110020","1100110020","e1e0l1l0","-----1--0-0-","--","----0-1-----","------------","1","2","0","0","1","1","0","0","2","0"
"398","4","forall NODE1,NODE0. ~ep_epoch5(NODE0) | ~locked_epoch3(NODE0) | ep_epoch2(NODE1) | locked_epoch2(NODE0) | locked_epoch4(NODE1) | NODE0 = NODE1","8","-----1--0---------0-1--0--------------","6","65","F","49","1100110020","1100110020","e1e0l1l0","-----1--0---","--","----0-1--0--","------------","1","1","0","0","1","2","0","0","2","0"
"399","4","forall NODE1,NODE0. ~ep_epoch5(NODE0) | ~locked_epoch4(NODE0) | ep_epoch2(NODE1) | ep_epoch3(NODE1) | locked_epoch2(NODE0) | NODE0 = NODE1","8","-----1--00--------0---1---------------","6","65","F","49","1100110020","1100110020","e1e0l1l0","-----1--00--","--","----0---1---","------------","1","2","0","0","1","1","0","0","2","0"
"400","4","forall NODE1,NODE0. ~ep_epoch5(NODE0) | ~locked_epoch4(NODE0) | ep_epoch2(NODE1) | locked_epoch2(NODE0) | locked_epoch3(NODE1) | NODE0 = NODE1","8","-----1--0---------0--01---------------","6","65","F","49","1100110020","1100110020","e1e0l1l0","-----1--0---","--","----0--01---","------------","1","1","0","0","1","2","0","0","2","0"
"401","3","forall NODE1,NODE0. ~ep_epoch5(NODE0) | ep_epoch2(NODE1) | ep_epoch3(NODE1) | ep_epoch4(NODE1) | locked_epoch2(NODE0) | NODE0 = NODE1","8","-----1--000-------0-------------------","6","19","F","46","1100010020","1100010020","e1e0l0","-----1--000-","--","----0-------","------------","1","3","0","0","0","1","0","0","2","0"
"402","3","forall NODE1,NODE0. ~ep_epoch5(NODE0) | ep_epoch2(NODE1) | ep_epoch3(NODE1) | locked_epoch2(NODE0) | locked_epoch4(NODE1) | NODE0 = NODE1","8","-----1--00--------0----0--------------","6","19","F","46","1100010020","1100010020","e1e0l0","-----1--00--","--","----0----0--","------------","1","2","0","0","0","2","0","0","2","0"
"403","3","forall NODE1,NODE0. ~ep_epoch5(NODE0) | ep_epoch2(NODE1) | ep_epoch4(NODE1) | locked_epoch2(NODE0) | locked_epoch3(NODE1) | NODE0 = NODE1","8","-----1--0-0-------0--0----------------","6","19","F","46","1100010020","1100010020","e1e0l0","-----1--0-0-","--","----0--0----","------------","1","2","0","0","0","2","0","0","2","0"
"404","3","forall NODE1,NODE0. ~ep_epoch5(NODE0) | ep_epoch2(NODE1) | locked_epoch2(NODE0) | locked_epoch3(NODE1) | locked_epoch4(NODE1) | NODE0 = NODE1","8","-----1--0---------0--0-0--------------","6","19","F","46","1100010020","1100010020","e1e0l0","-----1--0---","--","----0--0-0--","------------","1","1","0","0","0","3","0","0","2","0"
"405","3","forall NODE1,NODE0. ~held(NODE0) | ~locked_epoch2(NODE1) | ~locked_epoch3(NODE0) | ~locked_epoch4(NODE0) | ep_epoch2(NODE1) | NODE0 = NODE1","8","--------0---1------11-1---------------","6","46","F","25","0110100020","0110100020","e0h1l1","--------0---","1-","-----11-1---","------------","0","1","1","0","3","0","0","0","2","0"
"406","3","forall NODE1,NODE0. ~held(NODE0) | ~locked_epoch2(NODE1) | ~locked_epoch3(NODE0) | ep_epoch2(NODE1) | ep_epoch4(NODE1) | NODE0 = NODE1","8","--------0-0-1------11-----------------","6","46","F","25","0110100020","0110100020","e0h1l1","--------0-0-","1-","-----11-----","------------","0","2","1","0","2","0","0","0","2","0"
"407","3","forall NODE1,NODE0. ~held(NODE0) | ~locked_epoch2(NODE1) | ~locked_epoch3(NODE0) | ep_epoch2(NODE1) | ep_epoch5(NODE0) | NODE0 = NODE1","8","-----0--0---1------11-----------------","6","46","F","25","0110100020","0110100020","e0h1l1","-----0--0---","1-","-----11-----","------------","0","2","1","0","2","0","0","0","2","0"
"408","4","forall NODE1,NODE0. ~held(NODE0) | ~locked_epoch2(NODE1) | ~locked_epoch3(NODE0) | ep_epoch2(NODE1) | locked_epoch4(NODE1) | NODE0 = NODE1","8","--------0---1------11--0--------------","6","71","F","68","0110110020","0110110020","e0h1l1l0","--------0---","1-","-----11--0--","------------","0","1","1","0","2","1","0","0","2","0"
"409","4","forall NODE1,NODE0. ~held(NODE0) | ~locked_epoch2(NODE1) | ~locked_epoch3(NODE0) | ep_epoch2(NODE1) | locked_epoch5(NODE0) | NODE0 = NODE1","8","--------0---1------11---0-------------","6","71","F","68","0110110020","0110110020","e0h1l1l0","--------0---","1-","-----11---0-","------------","0","1","1","0","2","1","0","0","2","0"
"410","3","forall NODE1,NODE0. ~held(NODE0) | ~locked_epoch2(NODE1) | ~locked_epoch4(NODE0) | ep_epoch2(NODE1) | ep_epoch3(NODE1) | NODE0 = NODE1","8","--------00--1------1--1---------------","6","46","F","25","0110100020","0110100020","e0h1l1","--------00--","1-","-----1--1---","------------","0","2","1","0","2","0","0","0","2","0"
"411","4","forall NODE1,NODE0. ~held(NODE0) | ~locked_epoch2(NODE1) | ~locked_epoch4(NODE0) | ep_epoch2(NODE1) | locked_epoch3(NODE1) | NODE0 = NODE1","8","--------0---1------1-01---------------","6","71","F","68","0110110020","0110110020","e0h1l1l0","--------0---","1-","-----1-01---","------------","0","1","1","0","2","1","0","0","2","0"
"412","3","forall NODE1,NODE0. ~held(NODE0) | ~locked_epoch2(NODE1) | ep_epoch2(NODE1) | ep_epoch3(NODE1) | ep_epoch4(NODE1) | NODE0 = NODE1","8","--------000-1------1------------------","6","46","F","25","0110100020","0110100020","e0h1l1","--------000-","1-","-----1------","------------","0","3","1","0","1","0","0","0","2","0"
"413","3","forall NODE1,NODE0. ~held(NODE0) | ~locked_epoch2(NODE1) | ep_epoch2(NODE1) | ep_epoch3(NODE1) | ep_epoch5(NODE0) | NODE0 = NODE1","8","-----0--00--1------1------------------","6","46","F","25","0110100020","0110100020","e0h1l1","-----0--00--","1-","-----1------","------------","0","3","1","0","1","0","0","0","2","0"
"414","4","forall NODE1,NODE0. ~held(NODE0) | ~locked_epoch2(NODE1) | ep_epoch2(NODE1) | ep_epoch3(NODE1) | locked_epoch4(NODE1) | NODE0 = NODE1","8","--------00--1------1---0--------------","6","71","F","68","0110110020","0110110020","e0h1l1l0","--------00--","1-","-----1---0--","------------","0","2","1","0","1","1","0","0","2","0"
"415","4","forall NODE1,NODE0. ~held(NODE0) | ~locked_epoch2(NODE1) | ep_epoch2(NODE1) | ep_epoch3(NODE1) | locked_epoch5(NODE0) | NODE0 = NODE1","8","--------00--1------1----0-------------","6","71","F","68","0110110020","0110110020","e0h1l1l0","--------00--","1-","-----1----0-","------------","0","2","1","0","1","1","0","0","2","0"
"416","3","forall NODE1,NODE0. ~held(NODE0) | ~locked_epoch2(NODE1) | ep_epoch2(NODE1) | ep_epoch4(NODE0) | ep_epoch5(NODE0) | NODE0 = NODE1","8","----00--0---1------1------------------","6","46","F","25","0110100020","0110100020","e0h1l1","----00--0---","1-","-----1------","------------","0","3","1","0","1","0","0","0","2","0"
"417","4","forall NODE1,NODE0. ~held(NODE0) | ~locked_epoch2(NODE1) | ep_epoch2(NODE1) | ep_epoch4(NODE0) | locked_epoch5(NODE0) | NODE0 = NODE1","8","----0---0---1------1----0-------------","6","71","F","68","0110110020","0110110020","e0h1l1l0","----0---0---","1-","-----1----0-","------------","0","2","1","0","1","1","0","0","2","0"
"418","4","forall NODE1,NODE0. ~held(NODE0) | ~locked_epoch2(NODE1) | ep_epoch2(NODE1) | ep_epoch4(NODE1) | locked_epoch3(NODE1) | NODE0 = NODE1","8","--------0-0-1------1-0----------------","6","71","F","68","0110110020","0110110020","e0h1l1l0","--------0-0-","1-","-----1-0----","------------","0","2","1","0","1","1","0","0","2","0"
"419","4","forall NODE1,NODE0. ~held(NODE0) | ~locked_epoch2(NODE1) | ep_epoch2(NODE1) | ep_epoch4(NODE1) | locked_epoch4(NODE0) | NODE0 = NODE1","8","--------0-0-1------1--0---------------","6","71","F","68","0110110020","0110110020","e0h1l1l0","--------0-0-","1-","-----1--0---","------------","0","2","1","0","1","1","0","0","2","0"
"420","4","forall NODE1,NODE0. ~held(NODE0) | ~locked_epoch2(NODE1) | ep_epoch2(NODE1) | ep_epoch5(NODE0) | locked_epoch3(NODE1) | NODE0 = NODE1","8","-----0--0---1------1-0----------------","6","71","F","68","0110110020","0110110020","e0h1l1l0","-----0--0---","1-","-----1-0----","------------","0","2","1","0","1","1","0","0","2","0"
"421","4","forall NODE1,NODE0. ~held(NODE0) | ~locked_epoch2(NODE1) | ep_epoch2(NODE1) | ep_epoch5(NODE0) | locked_epoch4(NODE0) | NODE0 = NODE1","8","-----0--0---1------1--0---------------","6","71","F","68","0110110020","0110110020","e0h1l1l0","-----0--0---","1-","-----1--0---","------------","0","2","1","0","1","1","0","0","2","0"
"422","4","forall NODE1,NODE0. ~held(NODE0) | ~locked_epoch2(NODE1) | ep_epoch2(NODE1) | locked_epoch3(NODE1) | locked_epoch4(NODE1) | NODE0 = NODE1","8","--------0---1------1-0-0--------------","6","71","F","68","0110110020","0110110020","e0h1l1l0","--------0---","1-","-----1-0-0--","------------","0","1","1","0","1","2","0","0","2","0"
"423","4","forall NODE1,NODE0. ~held(NODE0) | ~locked_epoch2(NODE1) | ep_epoch2(NODE1) | locked_epoch3(NODE1) | locked_epoch5(NODE0) | NODE0 = NODE1","8","--------0---1------1-0--0-------------","6","71","F","68","0110110020","0110110020","e0h1l1l0","--------0---","1-","-----1-0--0-","------------","0","1","1","0","1","2","0","0","2","0"
"424","4","forall NODE1,NODE0. ~held(NODE0) | ~locked_epoch2(NODE1) | ep_epoch2(NODE1) | locked_epoch4(NODE0) | locked_epoch4(NODE1) | NODE0 = NODE1","8","--------0---1------1--00--------------","6","71","F","68","0110110020","0110110020","e0h1l1l0","--------0---","1-","-----1--00--","------------","0","1","1","0","1","2","0","0","2","0"
"425","4","forall NODE1,NODE0. ~held(NODE0) | ~locked_epoch2(NODE1) | ep_epoch2(NODE1) | locked_epoch4(NODE0) | locked_epoch5(NODE0) | NODE0 = NODE1","8","--------0---1------1--0-0-------------","6","71","F","68","0110110020","0110110020","e0h1l1l0","--------0---","1-","-----1--0-0-","------------","0","1","1","0","1","2","0","0","2","0"
"426","3","forall NODE1,NODE0. ~held(NODE0) | ~locked_epoch2(NODE1) | ep_epoch3(NODE0) | ep_epoch4(NODE0) | ep_epoch5(NODE0) | NODE0 = NODE1","8","---000------1------1------------------","6","46","F","25","0110100020","0110100020","e0h1l1","---000------","1-","-----1------","------------","0","3","1","0","1","0","0","0","2","0"
"427","4","forall NODE1,NODE0. ~held(NODE0) | ~locked_epoch2(NODE1) | ep_epoch3(NODE0) | ep_epoch4(NODE0) | locked_epoch5(NODE0) | NODE0 = NODE1","8","---00-------1------1----0-------------","6","71","F","68","0110110020","0110110020","e0h1l1l0","---00-------","1-","-----1----0-","------------","0","2","1","0","1","1","0","0","2","0"
"428","4","forall NODE1,NODE0. ~held(NODE0) | ~locked_epoch2(NODE1) | ep_epoch3(NODE0) | ep_epoch4(NODE1) | locked_epoch4(NODE0) | NODE0 = NODE1","8","---0------0-1------1--0---------------","6","71","F","68","0110110020","0110110020","e0h1l1l0","---0------0-","1-","-----1--0---","------------","0","2","1","0","1","1","0","0","2","0"
"429","4","forall NODE1,NODE0. ~held(NODE0) | ~locked_epoch2(NODE1) | ep_epoch3(NODE0) | ep_epoch5(NODE0) | locked_epoch4(NODE0) | NODE0 = NODE1","8","---0-0------1------1--0---------------","6","71","F","68","0110110020","0110110020","e0h1l1l0","---0-0------","1-","-----1--0---","------------","0","2","1","0","1","1","0","0","2","0"
"430","4","forall NODE1,NODE0. ~held(NODE0) | ~locked_epoch2(NODE1) | ep_epoch3(NODE0) | locked_epoch4(NODE0) | locked_epoch4(NODE1) | NODE0 = NODE1","8","---0--------1------1--00--------------","6","71","F","68","0110110020","0110110020","e0h1l1l0","---0--------","1-","-----1--00--","------------","0","1","1","0","1","2","0","0","2","0"
"431","4","forall NODE1,NODE0. ~held(NODE0) | ~locked_epoch2(NODE1) | ep_epoch3(NODE0) | locked_epoch4(NODE0) | locked_epoch5(NODE0) | NODE0 = NODE1","8","---0--------1------1--0-0-------------","6","71","F","68","0110110020","0110110020","e0h1l1l0","---0--------","1-","-----1--0-0-","------------","0","1","1","0","1","2","0","0","2","0"
"432","4","forall NODE1,NODE0. ~held(NODE0) | ~locked_epoch2(NODE1) | ep_epoch3(NODE1) | ep_epoch4(NODE1) | locked_epoch3(NODE0) | NODE0 = NODE1","8","---------00-1------10-----------------","6","71","F","68","0110110020","0110110020","e0h1l1l0","---------00-","1-","-----10-----","------------","0","2","1","0","1","1","0","0","2","0"
"433","4","forall NODE1,NODE0. ~held(NODE0) | ~locked_epoch2(NODE1) | ep_epoch3(NODE1) | ep_epoch5(NODE0) | locked_epoch3(NODE0) | NODE0 = NODE1","8","-----0---0--1------10-----------------","6","71","F","68","0110110020","0110110020","e0h1l1l0","-----0---0--","1-","-----10-----","------------","0","2","1","0","1","1","0","0","2","0"
"434","4","forall NODE1,NODE0. ~held(NODE0) | ~locked_epoch2(NODE1) | ep_epoch3(NODE1) | locked_epoch3(NODE0) | locked_epoch4(NODE1) | NODE0 = NODE1","8","---------0--1------10--0--------------","6","71","F","68","0110110020","0110110020","e0h1l1l0","---------0--","1-","-----10--0--","------------","0","1","1","0","1","2","0","0","2","0"
"435","4","forall NODE1,NODE0. ~held(NODE0) | ~locked_epoch2(NODE1) | ep_epoch3(NODE1) | locked_epoch3(NODE0) | locked_epoch5(NODE0) | NODE0 = NODE1","8","---------0--1------10---0-------------","6","71","F","68","0110110020","0110110020","e0h1l1l0","---------0--","1-","-----10---0-","------------","0","1","1","0","1","2","0","0","2","0"
"436","4","forall NODE1,NODE0. ~held(NODE0) | ~locked_epoch2(NODE1) | ep_epoch4(NODE0) | ep_epoch5(NODE0) | locked_epoch3(NODE0) | NODE0 = NODE1","8","----00------1------10-----------------","6","71","F","68","0110110020","0110110020","e0h1l1l0","----00------","1-","-----10-----","------------","0","2","1","0","1","1","0","0","2","0"
"437","4","forall NODE1,NODE0. ~held(NODE0) | ~locked_epoch2(NODE1) | ep_epoch4(NODE0) | locked_epoch3(NODE0) | locked_epoch5(NODE0) | NODE0 = NODE1","8","----0-------1------10---0-------------","6","71","F","68","0110110020","0110110020","e0h1l1l0","----0-------","1-","-----10---0-","------------","0","1","1","0","1","2","0","0","2","0"
"438","4","forall NODE1,NODE0. ~held(NODE0) | ~locked_epoch2(NODE1) | ep_epoch4(NODE1) | locked_epoch3(NODE0) | locked_epoch4(NODE0) | NODE0 = NODE1","8","----------0-1------10-0---------------","6","71","F","68","0110110020","0110110020","e0h1l1l0","----------0-","1-","-----10-0---","------------","0","1","1","0","1","2","0","0","2","0"
"439","4","forall NODE1,NODE0. ~held(NODE0) | ~locked_epoch2(NODE1) | ep_epoch5(NODE0) | locked_epoch3(NODE0) | locked_epoch4(NODE0) | NODE0 = NODE1","8","-----0------1------10-0---------------","6","71","F","68","0110110020","0110110020","e0h1l1l0","-----0------","1-","-----10-0---","------------","0","1","1","0","1","2","0","0","2","0"
"440","3","forall NODE1,NODE0. ~held(NODE0) | ~locked_epoch2(NODE1) | locked_epoch3(NODE0) | locked_epoch4(NODE0) | locked_epoch4(NODE1) | NODE0 = NODE1","8","------------1------10-00--------------","6","47","F","6","0010110020","0010110020","h1l1l0","------------","1-","-----10-00--","------------","0","0","1","0","1","3","0","0","2","0"
"441","3","forall NODE1,NODE0. ~held(NODE0) | ~locked_epoch2(NODE1) | locked_epoch3(NODE0) | locked_epoch4(NODE0) | locked_epoch5(NODE0) | NODE0 = NODE1","8","------------1------10-0-0-------------","6","47","F","6","0010110020","0010110020","h1l1l0","------------","1-","-----10-0-0-","------------","0","0","1","0","1","3","0","0","2","0"
"442","4","forall NODE1,NODE0. ~held(NODE0) | ~locked_epoch3(NODE0) | ~locked_epoch4(NODE0) | ep_epoch2(NODE1) | locked_epoch2(NODE0) | NODE0 = NODE1","8","--------0---1-----0-1-1---------------","6","71","F","68","0110110020","0110110020","e0h1l1l0","--------0---","1-","----0-1-1---","------------","0","1","1","0","2","1","0","0","2","0"
"443","4","forall NODE1,NODE0. ~held(NODE0) | ~locked_epoch3(NODE0) | ep_epoch2(NODE1) | ep_epoch4(NODE1) | locked_epoch2(NODE0) | NODE0 = NODE1","8","--------0-0-1-----0-1-----------------","6","71","F","68","0110110020","0110110020","e0h1l1l0","--------0-0-","1-","----0-1-----","------------","0","2","1","0","1","1","0","0","2","0"
"444","4","forall NODE1,NODE0. ~held(NODE0) | ~locked_epoch3(NODE0) | ep_epoch2(NODE1) | ep_epoch5(NODE0) | locked_epoch2(NODE0) | NODE0 = NODE1","8","-----0--0---1-----0-1-----------------","6","71","F","68","0110110020","0110110020","e0h1l1l0","-----0--0---","1-","----0-1-----","------------","0","2","1","0","1","1","0","0","2","0"
"445","4","forall NODE1,NODE0. ~held(NODE0) | ~locked_epoch3(NODE0) | ep_epoch2(NODE1) | locked_epoch2(NODE0) | locked_epoch4(NODE1) | NODE0 = NODE1","8","--------0---1-----0-1--0--------------","6","71","F","68","0110110020","0110110020","e0h1l1l0","--------0---","1-","----0-1--0--","------------","0","1","1","0","1","2","0","0","2","0"
"446","4","forall NODE1,NODE0. ~held(NODE0) | ~locked_epoch3(NODE0) | ep_epoch2(NODE1) | locked_epoch2(NODE0) | locked_epoch5(NODE0) | NODE0 = NODE1","8","--------0---1-----0-1---0-------------","6","71","F","68","0110110020","0110110020","e0h1l1l0","--------0---","1-","----0-1---0-","------------","0","1","1","0","1","2","0","0","2","0"
"447","4","forall NODE1,NODE0. ~held(NODE0) | ~locked_epoch4(NODE0) | ep_epoch2(NODE1) | ep_epoch3(NODE1) | locked_epoch2(NODE0) | NODE0 = NODE1","8","--------00--1-----0---1---------------","6","71","F","68","0110110020","0110110020","e0h1l1l0","--------00--","1-","----0---1---","------------","0","2","1","0","1","1","0","0","2","0"
"448","4","forall NODE1,NODE0. ~held(NODE0) | ~locked_epoch4(NODE0) | ep_epoch2(NODE1) | locked_epoch2(NODE0) | locked_epoch3(NODE1) | NODE0 = NODE1","8","--------0---1-----0--01---------------","6","71","F","68","0110110020","0110110020","e0h1l1l0","--------0---","1-","----0--01---","------------","0","1","1","0","1","2","0","0","2","0"
"449","3","forall NODE1,NODE0. ~held(NODE0) | ep_epoch0(NODE1) | ep_epoch1(NODE1) | locked_epoch3(NODE0) | locked_epoch3(NODE1) | NODE0 = NODE1","8","------00----1-------00----------------","6","23","F","122","0110010020","0110010020","e0h1l0","------00----","1-","------00----","------------","0","2","1","0","0","2","0","0","2","0"
"450","3","forall NODE1,NODE0. ~held(NODE0) | ep_epoch0(NODE1) | ep_epoch2(NODE0) | locked_epoch3(NODE0) | locked_epoch3(NODE1) | NODE0 = NODE1","8","--0---0-----1-------00----------------","6","23","F","122","0110010020","0110010020","e0h1l0","--0---0-----","1-","------00----","------------","0","2","1","0","0","2","0","0","2","0"
"451","3","forall NODE1,NODE0. ~held(NODE0) | ep_epoch0(NODE1) | locked_epoch2(NODE0) | locked_epoch3(NODE0) | locked_epoch3(NODE1) | NODE0 = NODE1","8","------0-----1-----0-00----------------","6","23","F","122","0110010020","0110010020","e0h1l0","------0-----","1-","----0-00----","------------","0","1","1","0","0","3","0","0","2","0"
"452","3","forall NODE1,NODE0. ~held(NODE0) | ep_epoch1(NODE0) | ep_epoch2(NODE0) | locked_epoch3(NODE0) | locked_epoch3(NODE1) | NODE0 = NODE1","8","-00---------1-------00----------------","6","23","F","122","0110010020","0110010020","e0h1l0","-00---------","1-","------00----","------------","0","2","1","0","0","2","0","0","2","0"
"453","3","forall NODE1,NODE0. ~held(NODE0) | ep_epoch1(NODE0) | locked_epoch2(NODE0) | locked_epoch3(NODE0) | locked_epoch3(NODE1) | NODE0 = NODE1","8","-0----------1-----0-00----------------","6","23","F","122","0110010020","0110010020","e0h1l0","-0----------","1-","----0-00----","------------","0","1","1","0","0","3","0","0","2","0"
"454","3","forall NODE2,NODE1,NODE0. ~locked_epoch2(NODE0) | ~locked_epoch3(NODE0) | ~transfer_epoch4(NODE1) | ep_epoch0(NODE2) | ep_epoch1(NODE2) | ((NODE1 ~= NODE2 | NODE0 = NODE1) & (NODE0 ~= NODE1 | NODE0 = NODE2))","12","------00----------1-1-------------1---","9","56","F","20","0100101030","0100101030","e0l1t1","------00----","--","----1-1-----","--------1---","0","2","0","0","2","0","1","0","3","0"
"455","2","forall NODE1,NODE0. ~locked_epoch2(NODE0) | ~locked_epoch3(NODE1) | ~locked_epoch4(NODE1) | ~locked_epoch5(NODE1) | ep_epoch2(NODE0) | NODE0 = NODE1","8","--0---------------1--1-1-1------------","6","26","F","42","0100100020","0100100020","e0l1","--0---------","--","----1--1-1-1","------------","0","1","0","0","4","0","0","0","2","0"
"456","3","forall NODE2,NODE1,NODE0. ~locked_epoch2(NODE0) | ~locked_epoch3(NODE1) | ~locked_epoch4(NODE1) | ~transfer_epoch5(NODE2) | ep_epoch2(NODE0) | ((NODE0 ~= NODE2 | NODE0 = NODE1) & (NODE1 ~= NODE2 | NODE0 = NODE1))","12","--0---------------1--1-1------------1-","9","56","F","20","0100101030","0100101030","e0l1t1","--0---------","--","----1--1-1--","----------1-","0","1","0","0","3","0","1","0","3","0"
"457","2","forall NODE1,NODE0. ~locked_epoch2(NODE0) | ~locked_epoch3(NODE1) | ~locked_epoch4(NODE1) | ep_epoch2(NODE0) | ep_epoch4(NODE1) | NODE0 = NODE1","8","--0-------0-------1--1-1--------------","6","26","F","42","0100100020","0100100020","e0l1","--0-------0-","--","----1--1-1--","------------","0","2","0","0","3","0","0","0","2","0"
"458","2","forall NODE1,NODE0. ~locked_epoch2(NODE0) | ~locked_epoch3(NODE1) | ~locked_epoch4(NODE1) | ep_epoch2(NODE0) | ep_epoch5(NODE0) | NODE0 = NODE1","8","--0--0------------1--1-1--------------","6","26","F","42","0100100020","0100100020","e0l1","--0--0------","--","----1--1-1--","------------","0","2","0","0","3","0","0","0","2","0"
"459","3","forall NODE1,NODE0. ~locked_epoch2(NODE0) | ~locked_epoch3(NODE1) | ~locked_epoch4(NODE1) | ep_epoch2(NODE0) | held(NODE0) | NODE0 = NODE1","8","--0---------0-----1--1-1--------------","6","57","F","16","0101100020","0101100020","e0h0l1","--0---------","0-","----1--1-1--","------------","0","1","0","1","3","0","0","0","2","0"
"460","3","forall NODE1,NODE0. ~locked_epoch2(NODE0) | ~locked_epoch3(NODE1) | ~locked_epoch4(NODE1) | ep_epoch2(NODE0) | locked_epoch5(NODE0) | NODE0 = NODE1","8","--0---------------1--1-10-------------","6","51","F","149","0100110020","0100110020","e0l1l0","--0---------","--","----1--1-10-","------------","0","1","0","0","3","1","0","0","2","0"
"461","2","forall NODE1,NODE0. ~locked_epoch2(NODE0) | ~locked_epoch3(NODE1) | ~locked_epoch5(NODE1) | ep_epoch2(NODE0) | ep_epoch4(NODE0) | NODE0 = NODE1","8","--0-0-------------1--1---1------------","6","26","F","42","0100100020","0100100020","e0l1","--0-0-------","--","----1--1---1","------------","0","2","0","0","3","0","0","0","2","0"
"462","3","forall NODE1,NODE0. ~locked_epoch2(NODE0) | ~locked_epoch3(NODE1) | ~locked_epoch5(NODE1) | ep_epoch2(NODE0) | locked_epoch4(NODE0) | NODE0 = NODE1","8","--0---------------1--10--1------------","6","51","F","149","0100110020","0100110020","e0l1l0","--0---------","--","----1--10--1","------------","0","1","0","0","3","1","0","0","2","0"
"463","3","forall NODE2,NODE1,NODE0. ~locked_epoch2(NODE0) | ~locked_epoch3(NODE1) | ~transfer_epoch5(NODE2) | ep_epoch2(NODE0) | ep_epoch3(NODE1) | ((NODE0 ~= NODE2 | NODE0 = NODE1) & (NODE1 ~= NODE2 | NODE0 = NODE1))","12","--0------0--------1--1--------------1-","9","56","F","20","0100101030","0100101030","e0l1t1","--0------0--","--","----1--1----","----------1-","0","2","0","0","2","0","1","0","3","0"
"464","3","forall NODE2,NODE1,NODE0. ~locked_epoch2(NODE0) | ~locked_epoch3(NODE1) | ~transfer_epoch5(NODE2) | ep_epoch2(NODE0) | ep_epoch4(NODE0) | ((NODE1 ~= NODE2 | NODE0 = NODE1) & (NODE0 ~= NODE2 | NODE0 = NODE1))","12","--0-0-------------1--1--------------1-","9","56","F","20","0100101030","0100101030","e0l1t1","--0-0-------","--","----1--1----","----------1-","0","2","0","0","2","0","1","0","3","0"
"465","4","forall NODE2,NODE1,NODE0. ~locked_epoch2(NODE0) | ~locked_epoch3(NODE1) | ~transfer_epoch5(NODE2) | ep_epoch2(NODE0) | locked_epoch4(NODE0) | ((NODE0 ~= NODE2 | NODE0 = NODE1) & (NODE1 ~= NODE2 | NODE0 = NODE1))","12","--0---------------1--10-------------1-","9","74","F","27","0100111030","0100111030","e0l1l0t1","--0---------","--","----1--10---","----------1-","0","1","0","0","2","1","1","0","3","0"
"466","2","forall NODE1,NODE0. ~locked_epoch2(NODE0) | ~locked_epoch3(NODE1) | ep_epoch2(NODE0) | ep_epoch4(NODE0) | ep_epoch5(NODE0) | NODE0 = NODE1","8","--0-00------------1--1----------------","6","26","F","42","0100100020","0100100020","e0l1","--0-00------","--","----1--1----","------------","0","3","0","0","2","0","0","0","2","0"
"467","3","forall NODE1,NODE0. ~locked_epoch2(NODE0) | ~locked_epoch3(NODE1) | ep_epoch2(NODE0) | ep_epoch4(NODE0) | held(NODE0) | NODE0 = NODE1","8","--0-0-------0-----1--1----------------","6","57","F","16","0101100020","0101100020","e0h0l1","--0-0-------","0-","----1--1----","------------","0","2","0","1","2","0","0","0","2","0"
"468","3","forall NODE1,NODE0. ~locked_epoch2(NODE0) | ~locked_epoch3(NODE1) | ep_epoch2(NODE0) | ep_epoch4(NODE0) | locked_epoch5(NODE0) | NODE0 = NODE1","8","--0-0-------------1--1--0-------------","6","51","F","149","0100110020","0100110020","e0l1l0","--0-0-------","--","----1--1--0-","------------","0","2","0","0","2","1","0","0","2","0"
"469","3","forall NODE1,NODE0. ~locked_epoch2(NODE0) | ~locked_epoch3(NODE1) | ep_epoch2(NODE0) | ep_epoch4(NODE1) | locked_epoch4(NODE0) | NODE0 = NODE1","8","--0-------0-------1--10---------------","6","51","F","149","0100110020","0100110020","e0l1l0","--0-------0-","--","----1--10---","------------","0","2","0","0","2","1","0","0","2","0"
"470","3","forall NODE1,NODE0. ~locked_epoch2(NODE0) | ~locked_epoch3(NODE1) | ep_epoch2(NODE0) | ep_epoch5(NODE0) | locked_epoch4(NODE0) | NODE0 = NODE1","8","--0--0------------1--10---------------","6","51","F","149","0100110020","0100110020","e0l1l0","--0--0------","--","----1--10---","------------","0","2","0","0","2","1","0","0","2","0"
"471","4","forall NODE1,NODE0. ~locked_epoch2(NODE0) | ~locked_epoch3(NODE1) | ep_epoch2(NODE0) | held(NODE0) | locked_epoch4(NODE0) | NODE0 = NODE1","8","--0---------0-----1--10---------------","6","75","F","28","0101110020","0101110020","e0h0l1l0","--0---------","0-","----1--10---","------------","0","1","0","1","2","1","0","0","2","0"
"472","3","forall NODE1,NODE0. ~locked_epoch2(NODE0) | ~locked_epoch3(NODE1) | ep_epoch2(NODE0) | locked_epoch4(NODE0) | locked_epoch4(NODE1) | NODE0 = NODE1","8","--0---------------1--100--------------","6","51","F","149","0100110020","0100110020","e0l1l0","--0---------","--","----1--100--","------------","0","1","0","0","2","2","0","0","2","0"
"473","3","forall NODE1,NODE0. ~locked_epoch2(NODE0) | ~locked_epoch3(NODE1) | ep_epoch2(NODE0) | locked_epoch4(NODE0) | locked_epoch5(NODE0) | NODE0 = NODE1","8","--0---------------1--10-0-------------","6","51","F","149","0100110020","0100110020","e0l1l0","--0---------","--","----1--10-0-","------------","0","1","0","0","2","2","0","0","2","0"
"474","2","forall NODE1,NODE0. ~locked_epoch2(NODE0) | ~locked_epoch4(NODE1) | ~locked_epoch5(NODE1) | ep_epoch2(NODE0) | ep_epoch3(NODE0) | NODE0 = NODE1","8","--00--------------1----1-1------------","6","26","F","42","0100100020","0100100020","e0l1","--00--------","--","----1----1-1","------------","0","2","0","0","3","0","0","0","2","0"
"475","3","forall NODE1,NODE0. ~locked_epoch2(NODE0) | ~locked_epoch4(NODE1) | ~locked_epoch5(NODE1) | ep_epoch2(NODE0) | locked_epoch3(NODE0) | NODE0 = NODE1","8","--0---------------1-0--1-1------------","6","51","F","149","0100110020","0100110020","e0l1l0","--0---------","--","----1-0--1-1","------------","0","1","0","0","3","1","0","0","2","0"
"476","3","forall NODE2,NODE1,NODE0. ~locked_epoch2(NODE0) | ~locked_epoch4(NODE1) | ~transfer_epoch5(NODE2) | ep_epoch2(NODE0) | ep_epoch3(NODE0) | ((NODE0 ~= NODE2 | NODE0 = NODE1) & (NODE1 ~= NODE2 | NODE0 = NODE1))","12","--00--------------1----1------------1-","9","56","F","20","0100101030","0100101030","e0l1t1","--00--------","--","----1----1--","----------1-","0","2","0","0","2","0","1","0","3","0"
"477","4","forall NODE2,NODE1,NODE0. ~locked_epoch2(NODE0) | ~locked_epoch4(NODE1) | ~transfer_epoch5(NODE2) | ep_epoch2(NODE0) | locked_epoch3(NODE0) | ((NODE0 ~= NODE2 | NODE0 = NODE1) & (NODE1 ~= NODE2 | NODE0 = NODE1))","12","--0---------------1-0--1------------1-","9","74","F","27","0100111030","0100111030","e0l1l0t1","--0---------","--","----1-0--1--","----------1-","0","1","0","0","2","1","1","0","3","0"
"478","2","forall NODE1,NODE0. ~locked_epoch2(NODE0) | ~locked_epoch4(NODE1) | ep_epoch2(NODE0) | ep_epoch3(NODE0) | ep_epoch4(NODE1) | NODE0 = NODE1","8","--00------0-------1----1--------------","6","26","F","42","0100100020","0100100020","e0l1","--00------0-","--","----1----1--","------------","0","3","0","0","2","0","0","0","2","0"
"479","2","forall NODE1,NODE0. ~locked_epoch2(NODE0) | ~locked_epoch4(NODE1) | ep_epoch2(NODE0) | ep_epoch3(NODE0) | ep_epoch5(NODE0) | NODE0 = NODE1","8","--00-0------------1----1--------------","6","26","F","42","0100100020","0100100020","e0l1","--00-0------","--","----1----1--","------------","0","3","0","0","2","0","0","0","2","0"
"480","3","forall NODE1,NODE0. ~locked_epoch2(NODE0) | ~locked_epoch4(NODE1) | ep_epoch2(NODE0) | ep_epoch3(NODE0) | held(NODE0) | NODE0 = NODE1","8","--00--------0-----1----1--------------","6","57","F","16","0101100020","0101100020","e0h0l1","--00--------","0-","----1----1--","------------","0","2","0","1","2","0","0","0","2","0"
"481","3","forall NODE1,NODE0. ~locked_epoch2(NODE0) | ~locked_epoch4(NODE1) | ep_epoch2(NODE0) | ep_epoch3(NODE0) | locked_epoch5(NODE0) | NODE0 = NODE1","8","--00--------------1----10-------------","6","51","F","149","0100110020","0100110020","e0l1l0","--00--------","--","----1----10-","------------","0","2","0","0","2","1","0","0","2","0"
"482","3","forall NODE1,NODE0. ~locked_epoch2(NODE0) | ~locked_epoch4(NODE1) | ep_epoch2(NODE0) | ep_epoch4(NODE1) | locked_epoch3(NODE0) | NODE0 = NODE1","8","--0-------0-------1-0--1--------------","6","51","F","149","0100110020","0100110020","e0l1l0","--0-------0-","--","----1-0--1--","------------","0","2","0","0","2","1","0","0","2","0"
"483","3","forall NODE1,NODE0. ~locked_epoch2(NODE0) | ~locked_epoch4(NODE1) | ep_epoch2(NODE0) | ep_epoch5(NODE0) | locked_epoch3(NODE0) | NODE0 = NODE1","8","--0--0------------1-0--1--------------","6","51","F","149","0100110020","0100110020","e0l1l0","--0--0------","--","----1-0--1--","------------","0","2","0","0","2","1","0","0","2","0"
"484","4","forall NODE1,NODE0. ~locked_epoch2(NODE0) | ~locked_epoch4(NODE1) | ep_epoch2(NODE0) | held(NODE0) | locked_epoch3(NODE0) | NODE0 = NODE1","8","--0---------0-----1-0--1--------------","6","75","F","28","0101110020","0101110020","e0h0l1l0","--0---------","0-","----1-0--1--","------------","0","1","0","1","2","1","0","0","2","0"
"485","3","forall NODE1,NODE0. ~locked_epoch2(NODE0) | ~locked_epoch4(NODE1) | ep_epoch2(NODE0) | locked_epoch3(NODE0) | locked_epoch5(NODE0) | NODE0 = NODE1","8","--0---------------1-0--10-------------","6","51","F","149","0100110020","0100110020","e0l1l0","--0---------","--","----1-0--10-","------------","0","1","0","0","2","2","0","0","2","0"
"486","2","forall NODE1,NODE0. ~locked_epoch2(NODE0) | ~locked_epoch5(NODE1) | ep_epoch2(NODE0) | ep_epoch3(NODE0) | ep_epoch4(NODE0) | NODE0 = NODE1","8","--000-------------1------1------------","6","26","F","42","0100100020","0100100020","e0l1","--000-------","--","----1------1","------------","0","3","0","0","2","0","0","0","2","0"
"487","3","forall NODE1,NODE0. ~locked_epoch2(NODE0) | ~locked_epoch5(NODE1) | ep_epoch2(NODE0) | ep_epoch3(NODE0) | locked_epoch4(NODE0) | NODE0 = NODE1","8","--00--------------1---0--1------------","6","51","F","149","0100110020","0100110020","e0l1l0","--00--------","--","----1---0--1","------------","0","2","0","0","2","1","0","0","2","0"
"488","3","forall NODE1,NODE0. ~locked_epoch2(NODE0) | ~locked_epoch5(NODE1) | ep_epoch2(NODE0) | ep_epoch4(NODE0) | locked_epoch3(NODE0) | NODE0 = NODE1","8","--0-0-------------1-0----1------------","6","51","F","149","0100110020","0100110020","e0l1l0","--0-0-------","--","----1-0----1","------------","0","2","0","0","2","1","0","0","2","0"
"489","3","forall NODE1,NODE0. ~locked_epoch2(NODE0) | ~locked_epoch5(NODE1) | ep_epoch2(NODE0) | locked_epoch3(NODE0) | locked_epoch4(NODE0) | NODE0 = NODE1","8","--0---------------1-0-0--1------------","6","51","F","149","0100110020","0100110020","e0l1l0","--0---------","--","----1-0-0--1","------------","0","1","0","0","2","2","0","0","2","0"
"490","3","forall NODE2,NODE1,NODE0. ~locked_epoch2(NODE0) | ~transfer_epoch4(NODE1) | ep_epoch0(NODE2) | ep_epoch1(NODE2) | ep_epoch2(NODE0) | ((NODE1 ~= NODE2 | NODE0 = NODE1) & (NODE0 ~= NODE1 | NODE0 = NODE2))","12","--0---00----------1---------------1---","9","56","F","20","0100101030","0100101030","e0l1t1","--0---00----","--","----1-------","--------1---","0","3","0","0","1","0","1","0","3","0"
"491","3","forall NODE2,NODE1,NODE0. ~locked_epoch2(NODE0) | ~transfer_epoch4(NODE1) | ep_epoch0(NODE2) | ep_epoch1(NODE2) | ep_epoch3(NODE2) | ((NODE1 ~= NODE2 | NODE0 = NODE1) & (NODE0 ~= NODE1 | NODE0 = NODE2))","12","------00-0--------1---------------1---","9","56","F","20","0100101030","0100101030","e0l1t1","------00-0--","--","----1-------","--------1---","0","3","0","0","1","0","1","0","3","0"
"492","4","forall NODE2,NODE1,NODE0. ~locked_epoch2(NODE0) | ~transfer_epoch4(NODE1) | ep_epoch0(NODE2) | ep_epoch1(NODE2) | locked_epoch3(NODE2) | ((NODE1 ~= NODE2 | NODE0 = NODE1) & (NODE0 ~= NODE1 | NODE0 = NODE2))","12","------00----------1--0------------1---","9","74","F","27","0100111030","0100111030","e0l1l0t1","------00----","--","----1--0----","--------1---","0","2","0","0","1","1","1","0","3","0"
"493","3","forall NODE1,NODE0. ~locked_epoch2(NODE0) | ~transfer_epoch5(NODE1) | ep_epoch2(NODE0) | ep_epoch3(NODE0) | ep_epoch4(NODE0)","7","--000-------------1-----------------1-","5","48","F","6","0100101020","0100101020","e0l1t1","--000-------","--","----1-------","----------1-","0","3","0","0","1","0","1","0","2","0"
"494","4","forall NODE1,NODE0. ~locked_epoch2(NODE0) | ~transfer_epoch5(NODE1) | ep_epoch2(NODE0) | ep_epoch3(NODE0) | locked_epoch4(NODE0)","7","--00--------------1---0-------------1-","5","72","F","5","0100111020","0100111020","e0l1l0t1","--00--------","--","----1---0---","----------1-","0","2","0","0","1","1","1","0","2","0"
"495","4","forall NODE2,NODE1,NODE0. ~locked_epoch2(NODE0) | ~transfer_epoch5(NODE1) | ep_epoch2(NODE0) | ep_epoch3(NODE2) | locked_epoch3(NODE0) | ((NODE0 ~= NODE1 | NODE0 = NODE2) & (NODE1 ~= NODE2 | NODE0 = NODE1))","12","--0------0--------1-0---------------1-","9","74","F","27","0100111030","0100111030","e0l1l0t1","--0------0--","--","----1-0-----","----------1-","0","2","0","0","1","1","1","0","3","0"
"496","4","forall NODE1,NODE0. ~locked_epoch2(NODE0) | ~transfer_epoch5(NODE1) | ep_epoch2(NODE0) | ep_epoch4(NODE0) | locked_epoch3(NODE0)","7","--0-0-------------1-0---------------1-","5","72","F","5","0100111020","0100111020","e0l1l0t1","--0-0-------","--","----1-0-----","----------1-","0","2","0","0","1","1","1","0","2","0"
"497","4","forall NODE1,NODE0. ~locked_epoch2(NODE0) | ~transfer_epoch5(NODE1) | ep_epoch2(NODE0) | locked_epoch3(NODE0) | locked_epoch4(NODE0)","7","--0---------------1-0-0-------------1-","5","72","F","5","0100111020","0100111020","e0l1l0t1","--0---------","--","----1-0-0---","----------1-","0","1","0","0","1","2","1","0","2","0"
"498","3","forall NODE1,NODE0. ~locked_epoch2(NODE0) | ep_epoch0(NODE1) | ep_epoch1(NODE1) | locked_epoch3(NODE0) | locked_epoch3(NODE1) | NODE0 = NODE1","8","------00----------1-00----------------","6","51","F","149","0100110020","0100110020","e0l1l0","------00----","--","----1-00----","------------","0","2","0","0","1","2","0","0","2","0"
"499","2","forall NODE0. ~locked_epoch2(NODE0) | ep_epoch2(NODE0) | ep_epoch3(NODE0) | ep_epoch4(NODE0) | ep_epoch5(NODE0)","6","--0000------------1-------------------","5","14","F","4","0100100010","0100100010","e0l1","--0000------","--","----1-------","------------","0","4","0","0","1","0","0","0","1","0"
"500","3","forall NODE0. ~locked_epoch2(NODE0) | ep_epoch2(NODE0) | ep_epoch3(NODE0) | ep_epoch4(NODE0) | held(NODE0)","6","--000-------0-----1-------------------","5","49","F","3","0101100010","0101100010","e0h0l1","--000-------","0-","----1-------","------------","0","3","0","1","1","0","0","0","1","0"
"501","3","forall NODE0. ~locked_epoch2(NODE0) | ep_epoch2(NODE0) | ep_epoch3(NODE0) | ep_epoch4(NODE0) | locked_epoch5(NODE0)","6","--000-------------1-----0-------------","5","50","F","11","0100110010","0100110010","e0l1l0","--000-------","--","----1-----0-","------------","0","3","0","0","1","1","0","0","1","0"
"502","3","forall NODE1,NODE0. ~locked_epoch2(NODE0) | ep_epoch2(NODE0) | ep_epoch3(NODE0) | ep_epoch4(NODE1) | locked_epoch4(NODE0) | NODE0 = NODE1","8","--00------0-------1---0---------------","6","51","F","149","0100110020","0100110020","e0l1l0","--00------0-","--","----1---0---","------------","0","3","0","0","1","1","0","0","2","0"
"503","3","forall NODE0. ~locked_epoch2(NODE0) | ep_epoch2(NODE0) | ep_epoch3(NODE0) | ep_epoch5(NODE0) | locked_epoch4(NODE0)","6","--00-0------------1---0---------------","5","50","F","11","0100110010","0100110010","e0l1l0","--00-0------","--","----1---0---","------------","0","3","0","0","1","1","0","0","1","0"
"504","4","forall NODE0. ~locked_epoch2(NODE0) | ep_epoch2(NODE0) | ep_epoch3(NODE0) | held(NODE0) | locked_epoch4(NODE0)","6","--00--------0-----1---0---------------","5","73","F","4","0101110010","0101110010","e0h0l1l0","--00--------","0-","----1---0---","------------","0","2","0","1","1","1","0","0","1","0"
"505","3","forall NODE1,NODE0. ~locked_epoch2(NODE0) | ep_epoch2(NODE0) | ep_epoch3(NODE0) | locked_epoch4(NODE0) | locked_epoch4(NODE1) | NODE0 = NODE1","8","--00--------------1---00--------------","6","51","F","149","0100110020","0100110020","e0l1l0","--00--------","--","----1---00--","------------","0","2","0","0","1","2","0","0","2","0"
"506","3","forall NODE0. ~locked_epoch2(NODE0) | ep_epoch2(NODE0) | ep_epoch3(NODE0) | locked_epoch4(NODE0) | locked_epoch5(NODE0)","6","--00--------------1---0-0-------------","5","50","F","11","0100110010","0100110010","e0l1l0","--00--------","--","----1---0-0-","------------","0","2","0","0","1","2","0","0","1","0"
"507","3","forall NODE0. ~locked_epoch2(NODE0) | ep_epoch2(NODE0) | ep_epoch4(NODE0) | ep_epoch5(NODE0) | locked_epoch3(NODE0)","6","--0-00------------1-0-----------------","5","50","F","11","0100110010","0100110010","e0l1l0","--0-00------","--","----1-0-----","------------","0","3","0","0","1","1","0","0","1","0"
"508","4","forall NODE0. ~locked_epoch2(NODE0) | ep_epoch2(NODE0) | ep_epoch4(NODE0) | held(NODE0) | locked_epoch3(NODE0)","6","--0-0-------0-----1-0-----------------","5","73","F","4","0101110010","0101110010","e0h0l1l0","--0-0-------","0-","----1-0-----","------------","0","2","0","1","1","1","0","0","1","0"
"509","3","forall NODE0. ~locked_epoch2(NODE0) | ep_epoch2(NODE0) | ep_epoch4(NODE0) | locked_epoch3(NODE0) | locked_epoch5(NODE0)","6","--0-0-------------1-0---0-------------","5","50","F","11","0100110010","0100110010","e0l1l0","--0-0-------","--","----1-0---0-","------------","0","2","0","0","1","2","0","0","1","0"
"510","3","forall NODE1,NODE0. ~locked_epoch2(NODE0) | ep_epoch2(NODE0) | ep_epoch4(NODE1) | locked_epoch3(NODE0) | locked_epoch4(NODE0) | NODE0 = NODE1","8","--0-------0-------1-0-0---------------","6","51","F","149","0100110020","0100110020","e0l1l0","--0-------0-","--","----1-0-0---","------------","0","2","0","0","1","2","0","0","2","0"
"511","3","forall NODE0. ~locked_epoch2(NODE0) | ep_epoch2(NODE0) | ep_epoch5(NODE0) | locked_epoch3(NODE0) | locked_epoch4(NODE0)","6","--0--0------------1-0-0---------------","5","50","F","11","0100110010","0100110010","e0l1l0","--0--0------","--","----1-0-0---","------------","0","2","0","0","1","2","0","0","1","0"
"512","4","forall NODE0. ~locked_epoch2(NODE0) | ep_epoch2(NODE0) | held(NODE0) | locked_epoch3(NODE0) | locked_epoch4(NODE0)","6","--0---------0-----1-0-0---------------","5","73","F","4","0101110010","0101110010","e0h0l1l0","--0---------","0-","----1-0-0---","------------","0","1","0","1","1","2","0","0","1","0"
"513","3","forall NODE1,NODE0. ~locked_epoch2(NODE0) | ep_epoch2(NODE0) | locked_epoch3(NODE0) | locked_epoch4(NODE0) | locked_epoch4(NODE1) | NODE0 = NODE1","8","--0---------------1-0-00--------------","6","51","F","149","0100110020","0100110020","e0l1l0","--0---------","--","----1-0-00--","------------","0","1","0","0","1","3","0","0","2","0"
"514","3","forall NODE0. ~locked_epoch2(NODE0) | ep_epoch2(NODE0) | locked_epoch3(NODE0) | locked_epoch4(NODE0) | locked_epoch5(NODE0)","6","--0---------------1-0-0-0-------------","5","50","F","11","0100110010","0100110010","e0l1l0","--0---------","--","----1-0-0-0-","------------","0","1","0","0","1","3","0","0","1","0"
"515","3","forall NODE1,NODE0. ~locked_epoch3(NODE0) | ~locked_epoch4(NODE0) | ~locked_epoch5(NODE0) | ep_epoch2(NODE1) | locked_epoch2(NODE0) | NODE0 = NODE1","8","--------0---------0-1-1-1-------------","6","51","F","149","0100110020","0100110020","e0l1l0","--------0---","--","----0-1-1-1-","------------","0","1","0","0","3","1","0","0","2","0"
"516","4","forall NODE2,NODE1,NODE0. ~locked_epoch3(NODE0) | ~locked_epoch4(NODE0) | ~transfer_epoch5(NODE1) | ep_epoch2(NODE2) | locked_epoch2(NODE0) | ((NODE0 ~= NODE1 | NODE0 = NODE2) & (NODE1 ~= NODE2 | NODE0 = NODE1))","12","--------0---------0-1-1-------------1-","9","74","F","27","0100111030","0100111030","e0l1l0t1","--------0---","--","----0-1-1---","----------1-","0","1","0","0","2","1","1","0","3","0"
"517","3","forall NODE1,NODE0. ~locked_epoch3(NODE0) | ~locked_epoch4(NODE0) | ep_epoch2(NODE1) | ep_epoch4(NODE0) | locked_epoch2(NODE0) | NODE0 = NODE1","8","----0---0---------0-1-1---------------","6","51","F","149","0100110020","0100110020","e0l1l0","----0---0---","--","----0-1-1---","------------","0","2","0","0","2","1","0","0","2","0"
"518","3","forall NODE1,NODE0. ~locked_epoch3(NODE0) | ~locked_epoch4(NODE0) | ep_epoch2(NODE1) | ep_epoch5(NODE1) | locked_epoch2(NODE0) | NODE0 = NODE1","8","--------0--0------0-1-1---------------","6","51","F","149","0100110020","0100110020","e0l1l0","--------0--0","--","----0-1-1---","------------","0","2","0","0","2","1","0","0","2","0"
"519","4","forall NODE1,NODE0. ~locked_epoch3(NODE0) | ~locked_epoch4(NODE0) | ep_epoch2(NODE1) | held(NODE1) | locked_epoch2(NODE0) | NODE0 = NODE1","8","--------0----0----0-1-1---------------","6","75","F","28","0101110020","0101110020","e0h0l1l0","--------0---","-0","----0-1-1---","------------","0","1","0","1","2","1","0","0","2","0"
"520","3","forall NODE1,NODE0. ~locked_epoch3(NODE0) | ~locked_epoch4(NODE0) | ep_epoch2(NODE1) | locked_epoch2(NODE0) | locked_epoch5(NODE1) | NODE0 = NODE1","8","--------0---------0-1-1--0------------","6","51","F","149","0100110020","0100110020","e0l1l0","--------0---","--","----0-1-1--0","------------","0","1","0","0","2","2","0","0","2","0"
"521","3","forall NODE1,NODE0. ~locked_epoch3(NODE0) | ~locked_epoch5(NODE0) | ep_epoch2(NODE1) | ep_epoch4(NODE1) | locked_epoch2(NODE0) | NODE0 = NODE1","8","--------0-0-------0-1---1-------------","6","51","F","149","0100110020","0100110020","e0l1l0","--------0-0-","--","----0-1---1-","------------","0","2","0","0","2","1","0","0","2","0"
"522","3","forall NODE1,NODE0. ~locked_epoch3(NODE0) | ~locked_epoch5(NODE0) | ep_epoch2(NODE1) | locked_epoch2(NODE0) | locked_epoch4(NODE1) | NODE0 = NODE1","8","--------0---------0-1--01-------------","6","51","F","149","0100110020","0100110020","e0l1l0","--------0---","--","----0-1--01-","------------","0","1","0","0","2","2","0","0","2","0"
"523","3","forall NODE2,NODE1,NODE0. ~locked_epoch3(NODE0) | ~transfer_epoch4(NODE1) | ep_epoch0(NODE2) | ep_epoch1(NODE2) | ep_epoch2(NODE2) | ((NODE0 ~= NODE1 | NODE0 = NODE2) & (NODE1 ~= NODE2 | NODE0 = NODE1))","12","------000-----------1-------------1---","9","56","F","20","0100101030","0100101030","e0l1t1","------000---","--","------1-----","--------1---","0","3","0","0","1","0","1","0","3","0"
"524","4","forall NODE2,NODE1,NODE0. ~locked_epoch3(NODE0) | ~transfer_epoch4(NODE1) | ep_epoch0(NODE2) | ep_epoch1(NODE2) | locked_epoch2(NODE2) | ((NODE1 ~= NODE2 | NODE0 = NODE1) & (NODE0 ~= NODE1 | NODE0 = NODE2))","12","------00-----------01-------------1---","9","74","F","27","0100111030","0100111030","e0l1l0t1","------00----","--","-----01-----","--------1---","0","2","0","0","1","1","1","0","3","0"
"525","4","forall NODE2,NODE1,NODE0. ~locked_epoch3(NODE0) | ~transfer_epoch5(NODE1) | ep_epoch2(NODE2) | ep_epoch3(NODE0) | locked_epoch2(NODE0) | ((NODE0 ~= NODE1 | NODE0 = NODE2) & (NODE1 ~= NODE2 | NODE0 = NODE1))","12","---0----0---------0-1---------------1-","9","74","F","27","0100111030","0100111030","e0l1l0t1","---0----0---","--","----0-1-----","----------1-","0","2","0","0","1","1","1","0","3","0"
"526","4","forall NODE2,NODE1,NODE0. ~locked_epoch3(NODE0) | ~transfer_epoch5(NODE1) | ep_epoch2(NODE2) | ep_epoch4(NODE2) | locked_epoch2(NODE0) | ((NODE0 ~= NODE1 | NODE0 = NODE2) & (NODE1 ~= NODE2 | NODE0 = NODE1))","12","--------0-0-------0-1---------------1-","9","74","F","27","0100111030","0100111030","e0l1l0t1","--------0-0-","--","----0-1-----","----------1-","0","2","0","0","1","1","1","0","3","0"
"527","4","forall NODE2,NODE1,NODE0. ~locked_epoch3(NODE0) | ~transfer_epoch5(NODE1) | ep_epoch2(NODE2) | locked_epoch2(NODE0) | locked_epoch4(NODE2) | ((NODE0 ~= NODE1 | NODE0 = NODE2) & (NODE1 ~= NODE2 | NODE0 = NODE1))","12","--------0---------0-1--0------------1-","9","74","F","27","0100111030","0100111030","e0l1l0t1","--------0---","--","----0-1--0--","----------1-","0","1","0","0","1","2","1","0","3","0"
"528","3","forall NODE1,NODE0. ~locked_epoch3(NODE0) | ep_epoch2(NODE1) | ep_epoch4(NODE0) | locked_epoch2(NODE0) | locked_epoch4(NODE1) | NODE0 = NODE1","8","----0---0---------0-1--0--------------","6","51","F","149","0100110020","0100110020","e0l1l0","----0---0---","--","----0-1--0--","------------","0","2","0","0","1","2","0","0","2","0"
"529","3","forall NODE1,NODE0. ~locked_epoch3(NODE0) | ep_epoch2(NODE1) | ep_epoch4(NODE1) | ep_epoch5(NODE1) | locked_epoch2(NODE0) | NODE0 = NODE1","8","--------0-00------0-1-----------------","6","51","F","149","0100110020","0100110020","e0l1l0","--------0-00","--","----0-1-----","------------","0","3","0","0","1","1","0","0","2","0"
"530","4","forall NODE1,NODE0. ~locked_epoch3(NODE0) | ep_epoch2(NODE1) | ep_epoch4(NODE1) | held(NODE1) | locked_epoch2(NODE0) | NODE0 = NODE1","8","--------0-0--0----0-1-----------------","6","75","F","28","0101110020","0101110020","e0h0l1l0","--------0-0-","-0","----0-1-----","------------","0","2","0","1","1","1","0","0","2","0"
"531","3","forall NODE1,NODE0. ~locked_epoch3(NODE0) | ep_epoch2(NODE1) | ep_epoch4(NODE1) | locked_epoch2(NODE0) | locked_epoch5(NODE1) | NODE0 = NODE1","8","--------0-0-------0-1----0------------","6","51","F","149","0100110020","0100110020","e0l1l0","--------0-0-","--","----0-1----0","------------","0","2","0","0","1","2","0","0","2","0"
"532","3","forall NODE1,NODE0. ~locked_epoch3(NODE0) | ep_epoch2(NODE1) | ep_epoch5(NODE1) | locked_epoch2(NODE0) | locked_epoch4(NODE1) | NODE0 = NODE1","8","--------0--0------0-1--0--------------","6","51","F","149","0100110020","0100110020","e0l1l0","--------0--0","--","----0-1--0--","------------","0","2","0","0","1","2","0","0","2","0"
"533","4","forall NODE1,NODE0. ~locked_epoch3(NODE0) | ep_epoch2(NODE1) | held(NODE1) | locked_epoch2(NODE0) | locked_epoch4(NODE1) | NODE0 = NODE1","8","--------0----0----0-1--0--------------","6","75","F","28","0101110020","0101110020","e0h0l1l0","--------0---","-0","----0-1--0--","------------","0","1","0","1","1","2","0","0","2","0"
"534","3","forall NODE1,NODE0. ~locked_epoch3(NODE0) | ep_epoch2(NODE1) | locked_epoch2(NODE0) | locked_epoch4(NODE0) | locked_epoch4(NODE1) | NODE0 = NODE1","8","--------0---------0-1-00--------------","6","51","F","149","0100110020","0100110020","e0l1l0","--------0---","--","----0-1-00--","------------","0","1","0","0","1","3","0","0","2","0"
"535","3","forall NODE1,NODE0. ~locked_epoch3(NODE0) | ep_epoch2(NODE1) | locked_epoch2(NODE0) | locked_epoch4(NODE1) | locked_epoch5(NODE1) | NODE0 = NODE1","8","--------0---------0-1--0-0------------","6","51","F","149","0100110020","0100110020","e0l1l0","--------0---","--","----0-1--0-0","------------","0","1","0","0","1","3","0","0","2","0"
"536","3","forall NODE1,NODE0. ~locked_epoch4(NODE0) | ~locked_epoch5(NODE0) | ep_epoch2(NODE1) | ep_epoch3(NODE1) | locked_epoch2(NODE0) | NODE0 = NODE1","8","--------00--------0---1-1-------------","6","51","F","149","0100110020","0100110020","e0l1l0","--------00--","--","----0---1-1-","------------","0","2","0","0","2","1","0","0","2","0"
"537","3","forall NODE1,NODE0. ~locked_epoch4(NODE0) | ~locked_epoch5(NODE0) | ep_epoch2(NODE1) | locked_epoch2(NODE0) | locked_epoch3(NODE1) | NODE0 = NODE1","8","--------0---------0--01-1-------------","6","51","F","149","0100110020","0100110020","e0l1l0","--------0---","--","----0--01-1-","------------","0","1","0","0","2","2","0","0","2","0"
"538","4","forall NODE2,NODE1,NODE0. ~locked_epoch4(NODE0) | ~transfer_epoch5(NODE1) | ep_epoch2(NODE2) | ep_epoch3(NODE2) | locked_epoch2(NODE0) | ((NODE0 ~= NODE1 | NODE0 = NODE2) & (NODE1 ~= NODE2 | NODE0 = NODE1))","12","--------00--------0---1-------------1-","9","74","F","27","0100111030","0100111030","e0l1l0t1","--------00--","--","----0---1---","----------1-","0","2","0","0","1","1","1","0","3","0"
"539","4","forall NODE2,NODE1,NODE0. ~locked_epoch4(NODE0) | ~transfer_epoch5(NODE1) | ep_epoch2(NODE2) | locked_epoch2(NODE0) | locked_epoch3(NODE2) | ((NODE0 ~= NODE1 | NODE0 = NODE2) & (NODE1 ~= NODE2 | NODE0 = NODE1))","12","--------0---------0--01-------------1-","9","74","F","27","0100111030","0100111030","e0l1l0t1","--------0---","--","----0--01---","----------1-","0","1","0","0","1","2","1","0","3","0"
"540","3","forall NODE1,NODE0. ~locked_epoch4(NODE0) | ep_epoch2(NODE1) | ep_epoch3(NODE1) | ep_epoch4(NODE0) | locked_epoch2(NODE0) | NODE0 = NODE1","8","----0---00--------0---1---------------","6","51","F","149","0100110020","0100110020","e0l1l0","----0---00--","--","----0---1---","------------","0","3","0","0","1","1","0","0","2","0"
"541","3","forall NODE1,NODE0. ~locked_epoch4(NODE0) | ep_epoch2(NODE1) | ep_epoch3(NODE1) | ep_epoch5(NODE1) | locked_epoch2(NODE0) | NODE0 = NODE1","8","--------00-0------0---1---------------","6","51","F","149","0100110020","0100110020","e0l1l0","--------00-0","--","----0---1---","------------","0","3","0","0","1","1","0","0","2","0"
"542","4","forall NODE1,NODE0. ~locked_epoch4(NODE0) | ep_epoch2(NODE1) | ep_epoch3(NODE1) | held(NODE1) | locked_epoch2(NODE0) | NODE0 = NODE1","8","--------00---0----0---1---------------","6","75","F","28","0101110020","0101110020","e0h0l1l0","--------00--","-0","----0---1---","------------","0","2","0","1","1","1","0","0","2","0"
"543","3","forall NODE1,NODE0. ~locked_epoch4(NODE0) | ep_epoch2(NODE1) | ep_epoch3(NODE1) | locked_epoch2(NODE0) | locked_epoch5(NODE1) | NODE0 = NODE1","8","--------00--------0---1--0------------","6","51","F","149","0100110020","0100110020","e0l1l0","--------00--","--","----0---1--0","------------","0","2","0","0","1","2","0","0","2","0"
"544","3","forall NODE1,NODE0. ~locked_epoch4(NODE0) | ep_epoch2(NODE1) | ep_epoch4(NODE0) | locked_epoch2(NODE0) | locked_epoch3(NODE1) | NODE0 = NODE1","8","----0---0---------0--01---------------","6","51","F","149","0100110020","0100110020","e0l1l0","----0---0---","--","----0--01---","------------","0","2","0","0","1","2","0","0","2","0"
"545","3","forall NODE1,NODE0. ~locked_epoch4(NODE0) | ep_epoch2(NODE1) | ep_epoch5(NODE1) | locked_epoch2(NODE0) | locked_epoch3(NODE1) | NODE0 = NODE1","8","--------0--0------0--01---------------","6","51","F","149","0100110020","0100110020","e0l1l0","--------0--0","--","----0--01---","------------","0","2","0","0","1","2","0","0","2","0"
"546","4","forall NODE1,NODE0. ~locked_epoch4(NODE0) | ep_epoch2(NODE1) | held(NODE1) | locked_epoch2(NODE0) | locked_epoch3(NODE1) | NODE0 = NODE1","8","--------0----0----0--01---------------","6","75","F","28","0101110020","0101110020","e0h0l1l0","--------0---","-0","----0--01---","------------","0","1","0","1","1","2","0","0","2","0"
"547","3","forall NODE1,NODE0. ~locked_epoch4(NODE0) | ep_epoch2(NODE1) | locked_epoch2(NODE0) | locked_epoch3(NODE1) | locked_epoch5(NODE1) | NODE0 = NODE1","8","--------0---------0--01--0------------","6","51","F","149","0100110020","0100110020","e0l1l0","--------0---","--","----0--01--0","------------","0","1","0","0","1","3","0","0","2","0"
"548","4","forall NODE1,NODE0. ~locked_epoch4(NODE0) | ep_epoch5(NODE1) | held(NODE0) | transfer_epoch5(NODE0) | transfer_epoch5(NODE1) | NODE0 = NODE1","8","-----------00---------1-------------00","6","61","F","32","0101100120","0101100120","e0h0l1t0","-----------0","0-","--------1---","----------00","0","1","0","1","1","0","0","2","2","0"
"549","3","forall NODE1,NODE0. ~locked_epoch4(NODE0) | held(NODE0) | held(NODE1) | transfer_epoch5(NODE0) | transfer_epoch5(NODE1) | NODE0 = NODE1","8","------------00--------1-------------00","6","62","F","3","0001100120","0001100120","h0l1t0","------------","00","--------1---","----------00","0","0","0","2","1","0","0","2","2","0"
"550","4","forall NODE1,NODE0. ~locked_epoch4(NODE0) | held(NODE0) | locked_epoch5(NODE1) | transfer_epoch5(NODE0) | transfer_epoch5(NODE1) | NODE0 = NODE1","8","------------0---------1--0----------00","6","63","F","7","0001110120","0001110120","h0l1l0t0","------------","0-","--------1--0","----------00","0","0","0","1","1","1","0","2","2","0"
"551","3","forall NODE1,NODE0. ~locked_epoch5(NODE0) | ep_epoch2(NODE1) | ep_epoch3(NODE1) | ep_epoch4(NODE1) | locked_epoch2(NODE0) | NODE0 = NODE1","8","--------000-------0-----1-------------","6","51","F","149","0100110020","0100110020","e0l1l0","--------000-","--","----0-----1-","------------","0","3","0","0","1","1","0","0","2","0"
"552","3","forall NODE1,NODE0. ~locked_epoch5(NODE0) | ep_epoch2(NODE1) | ep_epoch3(NODE1) | locked_epoch2(NODE0) | locked_epoch4(NODE1) | NODE0 = NODE1","8","--------00--------0----01-------------","6","51","F","149","0100110020","0100110020","e0l1l0","--------00--","--","----0----01-","------------","0","2","0","0","1","2","0","0","2","0"
"553","3","forall NODE1,NODE0. ~locked_epoch5(NODE0) | ep_epoch2(NODE1) | ep_epoch4(NODE1) | locked_epoch2(NODE0) | locked_epoch3(NODE1) | NODE0 = NODE1","8","--------0-0-------0--0--1-------------","6","51","F","149","0100110020","0100110020","e0l1l0","--------0-0-","--","----0--0--1-","------------","0","2","0","0","1","2","0","0","2","0"
"554","3","forall NODE1,NODE0. ~locked_epoch5(NODE0) | ep_epoch2(NODE1) | locked_epoch2(NODE0) | locked_epoch3(NODE1) | locked_epoch4(NODE1) | NODE0 = NODE1","8","--------0---------0--0-01-------------","6","51","F","149","0100110020","0100110020","e0l1l0","--------0---","--","----0--0-01-","------------","0","1","0","0","1","3","0","0","2","0"
"555","2","forall NODE1,NODE0. ~transfer_epoch3(NODE0) | ep_epoch0(NODE0) | ep_epoch0(NODE1) | ep_epoch1(NODE0) | ep_epoch1(NODE1) | NODE0 = NODE1","8","00----00------------------------1-----","6","27","F","12","0100001020","0100001020","e0t1","00----00----","--","------------","------1-----","0","4","0","0","0","0","1","0","2","0"
"556","2","forall NODE1,NODE0. ~transfer_epoch4(NODE0) | ep_epoch0(NODE1) | ep_epoch1(NODE1) | ep_epoch2(NODE1) | ep_epoch3(NODE1)","7","0000------------------------------1---","5","27","F","12","0100001020","0100001020","e0t1","0000--------","--","------------","--------1---","0","4","0","0","0","0","1","0","2","0"
"557","3","forall NODE1,NODE0. ~transfer_epoch4(NODE0) | ep_epoch0(NODE1) | ep_epoch1(NODE1) | ep_epoch2(NODE1) | locked_epoch3(NODE1)","7","000-----------------0-------------1---","5","58","F","11","0100011020","0100011020","e0l0t1","000---------","--","------0-----","--------1---","0","3","0","0","0","1","1","0","2","0"
"558","3","forall NODE2,NODE1,NODE0. ~transfer_epoch4(NODE0) | ep_epoch0(NODE1) | ep_epoch1(NODE1) | ep_epoch2(NODE2) | locked_epoch2(NODE1) | ((NODE0 ~= NODE1 | NODE0 = NODE2) & (NODE0 ~= NODE2 | NODE0 = NODE1))","12","00------0---------0---------------1---","9","53","F","15","0100011030","0100011030","e0l0t1","00------0---","--","----0-------","--------1---","0","3","0","0","0","1","1","0","3","0"
"559","3","forall NODE1,NODE0. ~transfer_epoch4(NODE0) | ep_epoch0(NODE1) | ep_epoch1(NODE1) | ep_epoch3(NODE1) | locked_epoch2(NODE1)","7","00-0--------------0---------------1---","5","58","F","11","0100011020","0100011020","e0l0t1","00-0--------","--","----0-------","--------1---","0","3","0","0","0","1","1","0","2","0"
"560","3","forall NODE1,NODE0. ~transfer_epoch4(NODE0) | ep_epoch0(NODE1) | ep_epoch1(NODE1) | locked_epoch2(NODE1) | locked_epoch3(NODE1)","7","00----------------0-0-------------1---","5","58","F","11","0100011020","0100011020","e0l0t1","00----------","--","----0-0-----","--------1---","0","2","0","0","0","2","1","0","2","0"
"561","3","forall NODE2,NODE1,NODE0. ~transfer_epoch5(NODE0) | ep_epoch2(NODE1) | ep_epoch3(NODE1) | ep_epoch4(NODE1) | locked_epoch2(NODE2) | ((NODE0 ~= NODE2 | NODE0 = NODE1) & (NODE0 ~= NODE1 | NODE0 = NODE2))","12","--000--------------0----------------1-","9","53","F","15","0100011030","0100011030","e0l0t1","--000-------","--","-----0------","----------1-","0","3","0","0","0","1","1","0","3","0"
"562","3","forall NODE2,NODE1,NODE0. ~transfer_epoch5(NODE0) | ep_epoch2(NODE1) | ep_epoch3(NODE1) | locked_epoch2(NODE2) | locked_epoch4(NODE1) | ((NODE0 ~= NODE2 | NODE0 = NODE1) & (NODE0 ~= NODE1 | NODE0 = NODE2))","12","--00---------------0--0-------------1-","9","53","F","15","0100011030","0100011030","e0l0t1","--00--------","--","-----0--0---","----------1-","0","2","0","0","0","2","1","0","3","0"
"563","3","forall NODE2,NODE1,NODE0. ~transfer_epoch5(NODE0) | ep_epoch2(NODE1) | ep_epoch3(NODE2) | locked_epoch2(NODE2) | locked_epoch3(NODE1) | ((NODE0 ~= NODE2 | NODE0 = NODE1) & (NODE0 ~= NODE1 | NODE0 = NODE2))","12","--0------0---------00---------------1-","9","53","F","15","0100011030","0100011030","e0l0t1","--0------0--","--","-----00-----","----------1-","0","2","0","0","0","2","1","0","3","0"
"564","3","forall NODE2,NODE1,NODE0. ~transfer_epoch5(NODE0) | ep_epoch2(NODE1) | ep_epoch4(NODE1) | locked_epoch2(NODE2) | locked_epoch3(NODE1) | ((NODE0 ~= NODE2 | NODE0 = NODE1) & (NODE0 ~= NODE1 | NODE0 = NODE2))","12","--0-0--------------00---------------1-","9","53","F","15","0100011030","0100011030","e0l0t1","--0-0-------","--","-----00-----","----------1-","0","2","0","0","0","2","1","0","3","0"
"565","3","forall NODE2,NODE1,NODE0. ~transfer_epoch5(NODE0) | ep_epoch2(NODE1) | locked_epoch2(NODE2) | locked_epoch3(NODE1) | locked_epoch4(NODE1) | ((NODE0 ~= NODE2 | NODE0 = NODE1) & (NODE0 ~= NODE1 | NODE0 = NODE2))","12","--0----------------00-0-------------1-","9","53","F","15","0100011030","0100011030","e0l0t1","--0---------","--","-----00-0---","----------1-","0","1","0","0","0","3","1","0","3","0"
"566","2","forall NODE1,NODE0. ep_epoch0(NODE0) | ep_epoch1(NODE0) | ep_epoch2(NODE0) | locked_epoch3(NODE0) | locked_epoch3(NODE1) | NODE0 = NODE1","8","000-----------------00----------------","6","33","F","119","0100010020","0100010020","e0l0","000---------","--","------00----","------------","0","3","0","0","0","2","0","0","2","0"
"567","2","forall NODE1,NODE0. ep_epoch0(NODE0) | ep_epoch1(NODE0) | locked_epoch2(NODE0) | locked_epoch3(NODE0) | locked_epoch3(NODE1) | NODE0 = NODE1","8","00----------------0-00----------------","6","33","F","119","0100010020","0100010020","e0l0","00----------","--","----0-00----","------------","0","2","0","0","0","3","0","0","2","0"
"568","5","forall NODE1,NODE0. ~ep_epoch0(NODE0) | ~locked_epoch2(NODE1) | held(NODE1) | locked_epoch3(NODE1) | transfer_epoch3(NODE0) | transfer_epoch3(NODE1) | NODE0 = NODE1","9","1------------0-----1-0----------00----","7","77","F","7","1001110120","1001110120","e1h0l1l0t0","1-----------","-0","-----1-0----","------00----","1","0","0","1","1","1","0","2","2","0"
"569","5","forall NODE1,NODE0. ~ep_epoch0(NODE0) | ~locked_epoch3(NODE1) | ep_epoch3(NODE1) | held(NODE1) | transfer_epoch5(NODE0) | transfer_epoch5(NODE1) | NODE0 = NODE1","9","1--------0---0-------1--------------00","7","76","F","20","1101100120","1101100120","e1e0h0l1t0","1--------0--","-0","-------1----","----------00","1","1","0","1","1","0","0","2","2","0"
"570","5","forall NODE1,NODE0. ~ep_epoch0(NODE0) | ~locked_epoch3(NODE1) | ep_epoch4(NODE1) | held(NODE1) | transfer_epoch4(NODE0) | transfer_epoch4(NODE1) | NODE0 = NODE1","9","1---------0--0-------1------------00--","7","76","F","20","1101100120","1101100120","e1e0h0l1t0","1---------0-","-0","-------1----","--------00--","1","1","0","1","1","0","0","2","2","0"
"571","5","forall NODE1,NODE0. ~ep_epoch0(NODE0) | ~locked_epoch3(NODE1) | held(NODE1) | locked_epoch4(NODE1) | transfer_epoch4(NODE0) | transfer_epoch4(NODE1) | NODE0 = NODE1","9","1------------0-------1-0----------00--","7","77","F","7","1001110120","1001110120","e1h0l1l0t0","1-----------","-0","-------1-0--","--------00--","1","0","0","1","1","1","0","2","2","0"
"572","2","forall NODE1,NODE0. ~ep_epoch0(NODE0) | ep_epoch1(NODE1) | ep_epoch2(NODE1) | ep_epoch3(NODE1) | ep_epoch4(NODE1) | ep_epoch5(NODE1) | NODE0 = NODE1","9","1------00000--------------------------","7","17","F","6","1100000020","1100000020","e1e0","1------00000","--","------------","------------","1","5","0","0","0","0","0","0","2","0"
"573","3","forall NODE1,NODE0. ~ep_epoch0(NODE0) | ep_epoch1(NODE1) | ep_epoch2(NODE1) | ep_epoch3(NODE1) | ep_epoch4(NODE1) | held(NODE1) | NODE0 = NODE1","9","1------0000--0------------------------","7","18","F","5","1101000020","1101000020","e1e0h0","1------0000-","-0","------------","------------","1","4","0","1","0","0","0","0","2","0"
"574","3","forall NODE1,NODE0. ~ep_epoch0(NODE0) | ep_epoch1(NODE1) | ep_epoch2(NODE1) | ep_epoch3(NODE1) | ep_epoch4(NODE1) | locked_epoch5(NODE1) | NODE0 = NODE1","9","1------0000--------------0------------","7","19","F","46","1100010020","1100010020","e1e0l0","1------0000-","--","-----------0","------------","1","4","0","0","0","1","0","0","2","0"
"575","5","forall NODE1,NODE0. ~ep_epoch0(NODE0) | ep_epoch1(NODE1) | held(NODE1) | locked_epoch3(NODE1) | transfer_epoch3(NODE0) | transfer_epoch3(NODE1) | NODE0 = NODE1","9","1------0-----0-------0----------00----","7","64","F","23","1101010120","1101010120","e1e0h0l0t0","1------0----","-0","-------0----","------00----","1","1","0","1","0","1","0","2","2","0"
"576","5","forall NODE1,NODE0. ~ep_epoch0(NODE0) | ep_epoch2(NODE1) | held(NODE1) | locked_epoch3(NODE1) | transfer_epoch2(NODE0) | transfer_epoch2(NODE1) | NODE0 = NODE1","9","1-------0----0-------0--------00------","7","64","F","23","1101010120","1101010120","e1e0h0l0t0","1-------0---","-0","-------0----","----00------","1","1","0","1","0","1","0","2","2","0"
"577","3","forall NODE1,NODE0. ~ep_epoch1(NODE0) | ~held(NODE1) | ep_epoch2(NODE1) | ep_epoch3(NODE1) | ep_epoch4(NODE1) | ep_epoch5(NODE1) | NODE0 = NODE1","9","-1------0000-1------------------------","7","20","F","8","1110000020","1110000020","e1e0h1","-1------0000","-1","------------","------------","1","4","1","0","0","0","0","0","2","0"
"578","4","forall NODE1,NODE0. ~ep_epoch1(NODE0) | ~held(NODE1) | ep_epoch2(NODE1) | ep_epoch3(NODE1) | ep_epoch4(NODE1) | locked_epoch5(NODE1) | NODE0 = NODE1","9","-1------000--1-----------0------------","7","55","F","14","1110010020","1110010020","e1e0h1l0","-1------000-","-1","-----------0","------------","1","3","1","0","0","1","0","0","2","0"
"579","5","forall NODE1,NODE0. ~ep_epoch1(NODE0) | ~locked_epoch2(NODE1) | held(NODE1) | locked_epoch3(NODE1) | transfer_epoch3(NODE0) | transfer_epoch3(NODE1) | NODE0 = NODE1","9","-1-----------0-----1-0----------00----","7","77","F","7","1001110120","1001110120","e1h0l1l0t0","-1----------","-0","-----1-0----","------00----","1","0","0","1","1","1","0","2","2","0"
"580","5","forall NODE1,NODE0. ~ep_epoch1(NODE0) | ~locked_epoch3(NODE1) | ep_epoch3(NODE1) | held(NODE1) | transfer_epoch5(NODE0) | transfer_epoch5(NODE1) | NODE0 = NODE1","9","-1-------0---0-------1--------------00","7","76","F","20","1101100120","1101100120","e1e0h0l1t0","-1-------0--","-0","-------1----","----------00","1","1","0","1","1","0","0","2","2","0"
"581","5","forall NODE1,NODE0. ~ep_epoch1(NODE0) | ~locked_epoch3(NODE1) | ep_epoch4(NODE1) | held(NODE1) | transfer_epoch4(NODE0) | transfer_epoch4(NODE1) | NODE0 = NODE1","9","-1--------0--0-------1------------00--","7","76","F","20","1101100120","1101100120","e1e0h0l1t0","-1--------0-","-0","-------1----","--------00--","1","1","0","1","1","0","0","2","2","0"
"582","5","forall NODE1,NODE0. ~ep_epoch1(NODE0) | ~locked_epoch3(NODE1) | held(NODE1) | locked_epoch4(NODE1) | transfer_epoch4(NODE0) | transfer_epoch4(NODE1) | NODE0 = NODE1","9","-1-----------0-------1-0----------00--","7","77","F","7","1001110120","1001110120","e1h0l1l0t0","-1----------","-0","-------1-0--","--------00--","1","0","0","1","1","1","0","2","2","0"
"583","2","forall NODE1,NODE0. ~ep_epoch1(NODE0) | ep_epoch0(NODE1) | ep_epoch2(NODE1) | ep_epoch3(NODE1) | ep_epoch4(NODE1) | ep_epoch5(NODE1) | NODE0 = NODE1","9","-1----0-0000--------------------------","7","17","F","6","1100000020","1100000020","e1e0","-1----0-0000","--","------------","------------","1","5","0","0","0","0","0","0","2","0"
"584","3","forall NODE1,NODE0. ~ep_epoch1(NODE0) | ep_epoch0(NODE1) | ep_epoch2(NODE1) | ep_epoch3(NODE1) | ep_epoch4(NODE1) | held(NODE1) | NODE0 = NODE1","9","-1----0-000--0------------------------","7","18","F","5","1101000020","1101000020","e1e0h0","-1----0-000-","-0","------------","------------","1","4","0","1","0","0","0","0","2","0"
"585","3","forall NODE1,NODE0. ~ep_epoch1(NODE0) | ep_epoch0(NODE1) | ep_epoch2(NODE1) | ep_epoch3(NODE1) | ep_epoch4(NODE1) | locked_epoch5(NODE1) | NODE0 = NODE1","9","-1----0-000--------------0------------","7","19","F","46","1100010020","1100010020","e1e0l0","-1----0-000-","--","-----------0","------------","1","4","0","0","0","1","0","0","2","0"
"586","5","forall NODE1,NODE0. ~ep_epoch1(NODE0) | ep_epoch0(NODE1) | held(NODE1) | locked_epoch3(NODE1) | transfer_epoch3(NODE0) | transfer_epoch3(NODE1) | NODE0 = NODE1","9","-1----0------0-------0----------00----","7","64","F","23","1101010120","1101010120","e1e0h0l0t0","-1----0-----","-0","-------0----","------00----","1","1","0","1","0","1","0","2","2","0"
"587","5","forall NODE1,NODE0. ~ep_epoch1(NODE0) | ep_epoch2(NODE1) | held(NODE0) | locked_epoch3(NODE1) | transfer_epoch2(NODE0) | transfer_epoch2(NODE1) | NODE0 = NODE1","9","-1------0---0--------0--------00------","7","64","F","23","1101010120","1101010120","e1e0h0l0t0","-1------0---","0-","-------0----","----00------","1","1","0","1","0","1","0","2","2","0"
"588","5","forall NODE1,NODE0. ~ep_epoch2(NODE0) | ~locked_epoch3(NODE1) | ep_epoch3(NODE1) | held(NODE1) | transfer_epoch5(NODE0) | transfer_epoch5(NODE1) | NODE0 = NODE1","9","--1------0---0-------1--------------00","7","76","F","20","1101100120","1101100120","e1e0h0l1t0","--1------0--","-0","-------1----","----------00","1","1","0","1","1","0","0","2","2","0"
"589","5","forall NODE1,NODE0. ~ep_epoch2(NODE0) | ~locked_epoch3(NODE1) | ep_epoch4(NODE1) | held(NODE1) | transfer_epoch4(NODE0) | transfer_epoch4(NODE1) | NODE0 = NODE1","9","--1-------0--0-------1------------00--","7","76","F","20","1101100120","1101100120","e1e0h0l1t0","--1-------0-","-0","-------1----","--------00--","1","1","0","1","1","0","0","2","2","0"
"590","5","forall NODE1,NODE0. ~ep_epoch2(NODE0) | ~locked_epoch3(NODE1) | held(NODE1) | locked_epoch4(NODE1) | transfer_epoch4(NODE0) | transfer_epoch4(NODE1) | NODE0 = NODE1","9","--1----------0-------1-0----------00--","7","77","F","7","1001110120","1001110120","e1h0l1l0t0","--1---------","-0","-------1-0--","--------00--","1","0","0","1","1","1","0","2","2","0"
"591","2","forall NODE1,NODE0. ~ep_epoch2(NODE0) | ep_epoch0(NODE1) | ep_epoch1(NODE1) | ep_epoch3(NODE1) | ep_epoch4(NODE1) | ep_epoch5(NODE1) | NODE0 = NODE1","9","--1---00-000--------------------------","7","17","F","6","1100000020","1100000020","e1e0","--1---00-000","--","------------","------------","1","5","0","0","0","0","0","0","2","0"
"592","3","forall NODE1,NODE0. ~ep_epoch2(NODE0) | ep_epoch0(NODE1) | ep_epoch1(NODE1) | ep_epoch3(NODE1) | ep_epoch4(NODE1) | held(NODE1) | NODE0 = NODE1","9","--1---00-00--0------------------------","7","18","F","5","1101000020","1101000020","e1e0h0","--1---00-00-","-0","------------","------------","1","4","0","1","0","0","0","0","2","0"
"593","3","forall NODE1,NODE0. ~ep_epoch2(NODE0) | ep_epoch0(NODE1) | ep_epoch1(NODE1) | ep_epoch3(NODE1) | ep_epoch4(NODE1) | locked_epoch5(NODE1) | NODE0 = NODE1","9","--1---00-00--------------0------------","7","19","F","46","1100010020","1100010020","e1e0l0","--1---00-00-","--","-----------0","------------","1","4","0","0","0","1","0","0","2","0"
"594","5","forall NODE1,NODE0. ~ep_epoch2(NODE0) | ep_epoch3(NODE1) | held(NODE0) | locked_epoch4(NODE1) | transfer_epoch3(NODE0) | transfer_epoch3(NODE1) | NODE0 = NODE1","9","--1------0--0----------0--------00----","7","64","F","23","1101010120","1101010120","e1e0h0l0t0","--1------0--","0-","---------0--","------00----","1","1","0","1","0","1","0","2","2","0"
"595","3","forall NODE1,NODE0. ~ep_epoch3(NODE0) | ~locked_epoch2(NODE0) | ep_epoch0(NODE1) | ep_epoch1(NODE1) | ep_epoch4(NODE1) | ep_epoch5(NODE1) | NODE0 = NODE1","9","---1--00--00------1-------------------","7","45","F","22","1100100020","1100100020","e1e0l1","---1--00--00","--","----1-------","------------","1","4","0","0","1","0","0","0","2","0"
"596","4","forall NODE1,NODE0. ~ep_epoch3(NODE0) | ~locked_epoch2(NODE0) | ep_epoch0(NODE1) | ep_epoch1(NODE1) | ep_epoch4(NODE1) | held(NODE1) | NODE0 = NODE1","9","---1--00--0--0----1-------------------","7","68","F","8","1101100020","1101100020","e1e0h0l1","---1--00--0-","-0","----1-------","------------","1","3","0","1","1","0","0","0","2","0"
"597","4","forall NODE1,NODE0. ~ep_epoch3(NODE0) | ~locked_epoch2(NODE0) | ep_epoch0(NODE1) | ep_epoch1(NODE1) | ep_epoch4(NODE1) | locked_epoch5(NODE1) | NODE0 = NODE1","9","---1--00--0-------1------0------------","7","65","F","49","1100110020","1100110020","e1e0l1l0","---1--00--0-","--","----1------0","------------","1","3","0","0","1","1","0","0","2","0"
"598","5","forall NODE1,NODE0. ~ep_epoch3(NODE0) | ~locked_epoch2(NODE1) | ep_epoch2(NODE1) | held(NODE1) | transfer_epoch5(NODE0) | transfer_epoch5(NODE1) | NODE0 = NODE1","9","---1----0----0-----1----------------00","7","76","F","20","1101100120","1101100120","e1e0h0l1t0","---1----0---","-0","-----1------","----------00","1","1","0","1","1","0","0","2","2","0"
"599","2","forall NODE1,NODE0. ~ep_epoch3(NODE0) | ep_epoch0(NODE1) | ep_epoch1(NODE1) | ep_epoch2(NODE1) | ep_epoch4(NODE1) | ep_epoch5(NODE1) | NODE0 = NODE1","9","---1--000-00--------------------------","7","17","F","6","1100000020","1100000020","e1e0","---1--000-00","--","------------","------------","1","5","0","0","0","0","0","0","2","0"
"600","3","forall NODE1,NODE0. ~ep_epoch3(NODE0) | ep_epoch0(NODE1) | ep_epoch1(NODE1) | ep_epoch2(NODE1) | ep_epoch4(NODE1) | held(NODE1) | NODE0 = NODE1","9","---1--000-0--0------------------------","7","18","F","5","1101000020","1101000020","e1e0h0","---1--000-0-","-0","------------","------------","1","4","0","1","0","0","0","0","2","0"
"601","3","forall NODE1,NODE0. ~ep_epoch3(NODE0) | ep_epoch0(NODE1) | ep_epoch1(NODE1) | ep_epoch2(NODE1) | ep_epoch4(NODE1) | locked_epoch5(NODE1) | NODE0 = NODE1","9","---1--000-0--------------0------------","7","19","F","46","1100010020","1100010020","e1e0l0","---1--000-0-","--","-----------0","------------","1","4","0","0","0","1","0","0","2","0"
"602","3","forall NODE1,NODE0. ~ep_epoch3(NODE0) | ep_epoch0(NODE1) | ep_epoch1(NODE1) | ep_epoch4(NODE1) | ep_epoch5(NODE1) | locked_epoch2(NODE1) | NODE0 = NODE1","9","---1--00--00-------0------------------","7","19","F","46","1100010020","1100010020","e1e0l0","---1--00--00","--","-----0------","------------","1","4","0","0","0","1","0","0","2","0"
"603","4","forall NODE1,NODE0. ~ep_epoch3(NODE0) | ep_epoch0(NODE1) | ep_epoch1(NODE1) | ep_epoch4(NODE1) | held(NODE1) | locked_epoch2(NODE1) | NODE0 = NODE1","9","---1--00--0--0-----0------------------","7","70","F","8","1101010020","1101010020","e1e0h0l0","---1--00--0-","-0","-----0------","------------","1","3","0","1","0","1","0","0","2","0"
"604","3","forall NODE1,NODE0. ~ep_epoch3(NODE0) | ep_epoch0(NODE1) | ep_epoch1(NODE1) | ep_epoch4(NODE1) | locked_epoch2(NODE1) | locked_epoch5(NODE1) | NODE0 = NODE1","9","---1--00--0--------0-----0------------","7","19","F","46","1100010020","1100010020","e1e0l0","---1--00--0-","--","-----0-----0","------------","1","3","0","0","0","2","0","0","2","0"
"605","5","forall NODE1,NODE0. ~ep_epoch3(NODE0) | ep_epoch2(NODE1) | held(NODE1) | locked_epoch2(NODE0) | transfer_epoch5(NODE0) | transfer_epoch5(NODE1) | NODE0 = NODE1","9","---1----0----0----0-----------------00","7","64","F","23","1101010120","1101010120","e1e0h0l0t0","---1----0---","-0","----0-------","----------00","1","1","0","1","0","1","0","2","2","0"
"606","4","forall NODE1,NODE0. ~ep_epoch3(NODE0) | ep_epoch4(NODE1) | ep_epoch5(NODE1) | held(NODE0) | transfer_epoch4(NODE0) | transfer_epoch4(NODE1) | NODE0 = NODE1","9","---1------000---------------------00--","7","35","F","40","1101000120","1101000120","e1e0h0t0","---1------00","0-","------------","--------00--","1","2","0","1","0","0","0","2","2","0"
"607","4","forall NODE1,NODE0. ~ep_epoch3(NODE0) | ep_epoch4(NODE1) | held(NODE0) | held(NODE1) | transfer_epoch4(NODE0) | transfer_epoch4(NODE1) | NODE0 = NODE1","9","---1------0-00--------------------00--","7","35","F","40","1101000120","1101000120","e1e0h0t0","---1------0-","00","------------","--------00--","1","1","0","2","0","0","0","2","2","0"
"608","5","forall NODE1,NODE0. ~ep_epoch3(NODE0) | ep_epoch4(NODE1) | held(NODE0) | locked_epoch5(NODE1) | transfer_epoch4(NODE0) | transfer_epoch4(NODE1) | NODE0 = NODE1","9","---1------0-0------------0--------00--","7","64","F","23","1101010120","1101010120","e1e0h0l0t0","---1------0-","0-","-----------0","--------00--","1","1","0","1","0","1","0","2","2","0"
"609","4","forall NODE1,NODE0. ~ep_epoch4(NODE0) | ~held(NODE0) | ~locked_epoch2(NODE0) | ~locked_epoch3(NODE0) | ep_epoch0(NODE1) | ep_epoch1(NODE1) | NODE0 = NODE1","9","----1-00----1-----1-1-----------------","7","66","F","8","1110100020","1110100020","e1e0h1l1","----1-00----","1-","----1-1-----","------------","1","2","1","0","2","0","0","0","2","0"
"610","4","forall NODE1,NODE0. ~ep_epoch4(NODE0) | ~held(NODE0) | ~locked_epoch2(NODE0) | ep_epoch0(NODE1) | ep_epoch1(NODE1) | ep_epoch3(NODE1) | NODE0 = NODE1","9","----1-00-0--1-----1-------------------","7","66","F","8","1110100020","1110100020","e1e0h1l1","----1-00-0--","1-","----1-------","------------","1","3","1","0","1","0","0","0","2","0"
"611","5","forall NODE1,NODE0. ~ep_epoch4(NODE0) | ~held(NODE0) | ~locked_epoch2(NODE0) | ep_epoch0(NODE1) | ep_epoch1(NODE1) | locked_epoch3(NODE1) | NODE0 = NODE1","9","----1-00----1-----1--0----------------","7","84","F","4","1110110020","1110110020","e1e0h1l1l0","----1-00----","1-","----1--0----","------------","1","2","1","0","1","1","0","0","2","0"
"612","4","forall NODE1,NODE0. ~ep_epoch4(NODE0) | ~held(NODE0) | ~locked_epoch3(NODE0) | ep_epoch0(NODE1) | ep_epoch1(NODE1) | ep_epoch2(NODE1) | NODE0 = NODE1","9","----1-000---1-------1-----------------","7","66","F","8","1110100020","1110100020","e1e0h1l1","----1-000---","1-","------1-----","------------","1","3","1","0","1","0","0","0","2","0"
"613","5","forall NODE1,NODE0. ~ep_epoch4(NODE0) | ~held(NODE0) | ~locked_epoch3(NODE0) | ep_epoch0(NODE1) | ep_epoch1(NODE1) | locked_epoch2(NODE1) | NODE0 = NODE1","9","----1-00----1------01-----------------","7","84","F","4","1110110020","1110110020","e1e0h1l1l0","----1-00----","1-","-----01-----","------------","1","2","1","0","1","1","0","0","2","0"
"614","3","forall NODE1,NODE0. ~ep_epoch4(NODE0) | ~held(NODE0) | ep_epoch0(NODE1) | ep_epoch1(NODE1) | ep_epoch2(NODE1) | ep_epoch3(NODE1) | NODE0 = NODE1","9","----1-0000--1-------------------------","7","20","F","8","1110000020","1110000020","e1e0h1","----1-0000--","1-","------------","------------","1","4","1","0","0","0","0","0","2","0"
"615","4","forall NODE1,NODE0. ~ep_epoch4(NODE0) | ~held(NODE0) | ep_epoch0(NODE1) | ep_epoch1(NODE1) | ep_epoch2(NODE1) | locked_epoch3(NODE1) | NODE0 = NODE1","9","----1-000---1--------0----------------","7","55","F","14","1110010020","1110010020","e1e0h1l0","----1-000---","1-","-------0----","------------","1","3","1","0","0","1","0","0","2","0"
"616","4","forall NODE1,NODE0. ~ep_epoch4(NODE0) | ~held(NODE0) | ep_epoch0(NODE1) | ep_epoch1(NODE1) | ep_epoch3(NODE1) | locked_epoch2(NODE1) | NODE0 = NODE1","9","----1-00-0--1------0------------------","7","55","F","14","1110010020","1110010020","e1e0h1l0","----1-00-0--","1-","-----0------","------------","1","3","1","0","0","1","0","0","2","0"
"617","4","forall NODE1,NODE0. ~ep_epoch4(NODE0) | ~held(NODE0) | ep_epoch0(NODE1) | ep_epoch1(NODE1) | locked_epoch2(NODE1) | locked_epoch3(NODE1) | NODE0 = NODE1","9","----1-00----1------0-0----------------","7","55","F","14","1110010020","1110010020","e1e0h1l0","----1-00----","1-","-----0-0----","------------","1","2","1","0","0","2","0","0","2","0"
"618","4","forall NODE2,NODE1,NODE0. ~ep_epoch4(NODE0) | ~locked_epoch2(NODE0) | ~locked_epoch3(NODE0) | ~transfer_epoch5(NODE1) | ep_epoch0(NODE2) | ep_epoch1(NODE2) | ((NODE1 ~= NODE2 | NODE0 = NODE1) & (NODE0 ~= NODE1 | NODE0 = NODE2))","13","----1-00----------1-1---------------1-","10","67","F","8","1100101030","1100101030","e1e0l1t1","----1-00----","--","----1-1-----","----------1-","1","2","0","0","2","0","1","0","3","0"
"619","3","forall NODE1,NODE0. ~ep_epoch4(NODE0) | ~locked_epoch2(NODE0) | ~locked_epoch3(NODE0) | ep_epoch0(NODE1) | ep_epoch1(NODE1) | ep_epoch5(NODE1) | NODE0 = NODE1","9","----1-00---0------1-1-----------------","7","45","F","22","1100100020","1100100020","e1e0l1","----1-00---0","--","----1-1-----","------------","1","3","0","0","2","0","0","0","2","0"
"620","4","forall NODE1,NODE0. ~ep_epoch4(NODE0) | ~locked_epoch2(NODE0) | ~locked_epoch3(NODE0) | ep_epoch0(NODE1) | ep_epoch1(NODE1) | held(NODE1) | NODE0 = NODE1","9","----1-00-----0----1-1-----------------","7","68","F","8","1101100020","1101100020","e1e0h0l1","----1-00----","-0","----1-1-----","------------","1","2","0","1","2","0","0","0","2","0"
"621","4","forall NODE1,NODE0. ~ep_epoch4(NODE0) | ~locked_epoch2(NODE0) | ~locked_epoch3(NODE0) | ep_epoch0(NODE1) | ep_epoch1(NODE1) | locked_epoch5(NODE1) | NODE0 = NODE1","9","----1-00----------1-1----0------------","7","65","F","49","1100110020","1100110020","e1e0l1l0","----1-00----","--","----1-1----0","------------","1","2","0","0","2","1","0","0","2","0"
"622","4","forall NODE2,NODE1,NODE0. ~ep_epoch4(NODE0) | ~locked_epoch2(NODE0) | ~transfer_epoch5(NODE1) | ep_epoch0(NODE2) | ep_epoch1(NODE2) | ep_epoch3(NODE2) | ((NODE1 ~= NODE2 | NODE0 = NODE1) & (NODE0 ~= NODE1 | NODE0 = NODE2))","13","----1-00-0--------1-----------------1-","10","67","F","8","1100101030","1100101030","e1e0l1t1","----1-00-0--","--","----1-------","----------1-","1","3","0","0","1","0","1","0","3","0"
"623","5","forall NODE2,NODE1,NODE0. ~ep_epoch4(NODE0) | ~locked_epoch2(NODE0) | ~transfer_epoch5(NODE1) | ep_epoch0(NODE2) | ep_epoch1(NODE2) | locked_epoch3(NODE2) | ((NODE1 ~= NODE2 | NODE0 = NODE1) & (NODE0 ~= NODE1 | NODE0 = NODE2))","13","----1-00----------1--0--------------1-","10","85","F","4","1100111030","1100111030","e1e0l1l0t1","----1-00----","--","----1--0----","----------1-","1","2","0","0","1","1","1","0","3","0"
"624","3","forall NODE1,NODE0. ~ep_epoch4(NODE0) | ~locked_epoch2(NODE0) | ep_epoch0(NODE1) | ep_epoch1(NODE1) | ep_epoch3(NODE1) | ep_epoch5(NODE1) | NODE0 = NODE1","9","----1-00-0-0------1-------------------","7","45","F","22","1100100020","1100100020","e1e0l1","----1-00-0-0","--","----1-------","------------","1","4","0","0","1","0","0","0","2","0"
"625","4","forall NODE1,NODE0. ~ep_epoch4(NODE0) | ~locked_epoch2(NODE0) | ep_epoch0(NODE1) | ep_epoch1(NODE1) | ep_epoch3(NODE1) | held(NODE1) | NODE0 = NODE1","9","----1-00-0---0----1-------------------","7","68","F","8","1101100020","1101100020","e1e0h0l1","----1-00-0--","-0","----1-------","------------","1","3","0","1","1","0","0","0","2","0"
"626","4","forall NODE1,NODE0. ~ep_epoch4(NODE0) | ~locked_epoch2(NODE0) | ep_epoch0(NODE1) | ep_epoch1(NODE1) | ep_epoch3(NODE1) | locked_epoch5(NODE1) | NODE0 = NODE1","9","----1-00-0--------1------0------------","7","65","F","49","1100110020","1100110020","e1e0l1l0","----1-00-0--","--","----1------0","------------","1","3","0","0","1","1","0","0","2","0"
"627","4","forall NODE1,NODE0. ~ep_epoch4(NODE0) | ~locked_epoch2(NODE0) | ep_epoch0(NODE1) | ep_epoch1(NODE1) | ep_epoch5(NODE1) | locked_epoch3(NODE1) | NODE0 = NODE1","9","----1-00---0------1--0----------------","7","65","F","49","1100110020","1100110020","e1e0l1l0","----1-00---0","--","----1--0----","------------","1","3","0","0","1","1","0","0","2","0"
"628","5","forall NODE1,NODE0. ~ep_epoch4(NODE0) | ~locked_epoch2(NODE0) | ep_epoch0(NODE1) | ep_epoch1(NODE1) | held(NODE1) | locked_epoch3(NODE1) | NODE0 = NODE1","9","----1-00-----0----1--0----------------","7","86","F","4","1101110020","1101110020","e1e0h0l1l0","----1-00----","-0","----1--0----","------------","1","2","0","1","1","1","0","0","2","0"
"629","4","forall NODE1,NODE0. ~ep_epoch4(NODE0) | ~locked_epoch2(NODE0) | ep_epoch0(NODE1) | ep_epoch1(NODE1) | locked_epoch3(NODE1) | locked_epoch5(NODE1) | NODE0 = NODE1","9","----1-00----------1--0---0------------","7","65","F","49","1100110020","1100110020","e1e0l1l0","----1-00----","--","----1--0---0","------------","1","2","0","0","1","2","0","0","2","0"
"630","4","forall NODE2,NODE1,NODE0. ~ep_epoch4(NODE0) | ~locked_epoch3(NODE0) | ~transfer_epoch5(NODE1) | ep_epoch0(NODE2) | ep_epoch1(NODE2) | ep_epoch2(NODE2) | ((NODE1 ~= NODE2 | NODE0 = NODE1) & (NODE0 ~= NODE1 | NODE0 = NODE2))","13","----1-000-----------1---------------1-","10","67","F","8","1100101030","1100101030","e1e0l1t1","----1-000---","--","------1-----","----------1-","1","3","0","0","1","0","1","0","3","0"
"631","5","forall NODE2,NODE1,NODE0. ~ep_epoch4(NODE0) | ~locked_epoch3(NODE0) | ~transfer_epoch5(NODE1) | ep_epoch0(NODE2) | ep_epoch1(NODE2) | locked_epoch2(NODE2) | ((NODE1 ~= NODE2 | NODE0 = NODE1) & (NODE0 ~= NODE1 | NODE0 = NODE2))","13","----1-00-----------01---------------1-","10","85","F","4","1100111030","1100111030","e1e0l1l0t1","----1-00----","--","-----01-----","----------1-","1","2","0","0","1","1","1","0","3","0"
"632","3","forall NODE1,NODE0. ~ep_epoch4(NODE0) | ~locked_epoch3(NODE0) | ep_epoch0(NODE1) | ep_epoch1(NODE1) | ep_epoch2(NODE1) | ep_epoch5(NODE1) | NODE0 = NODE1","9","----1-000--0--------1-----------------","7","45","F","22","1100100020","1100100020","e1e0l1","----1-000--0","--","------1-----","------------","1","4","0","0","1","0","0","0","2","0"
"633","4","forall NODE1,NODE0. ~ep_epoch4(NODE0) | ~locked_epoch3(NODE0) | ep_epoch0(NODE1) | ep_epoch1(NODE1) | ep_epoch2(NODE1) | held(NODE1) | NODE0 = NODE1","9","----1-000----0------1-----------------","7","68","F","8","1101100020","1101100020","e1e0h0l1","----1-000---","-0","------1-----","------------","1","3","0","1","1","0","0","0","2","0"
"634","4","forall NODE1,NODE0. ~ep_epoch4(NODE0) | ~locked_epoch3(NODE0) | ep_epoch0(NODE1) | ep_epoch1(NODE1) | ep_epoch2(NODE1) | locked_epoch5(NODE1) | NODE0 = NODE1","9","----1-000-----------1----0------------","7","65","F","49","1100110020","1100110020","e1e0l1l0","----1-000---","--","------1----0","------------","1","3","0","0","1","1","0","0","2","0"
"635","4","forall NODE1,NODE0. ~ep_epoch4(NODE0) | ~locked_epoch3(NODE0) | ep_epoch0(NODE1) | ep_epoch1(NODE1) | ep_epoch5(NODE1) | locked_epoch2(NODE1) | NODE0 = NODE1","9","----1-00---0-------01-----------------","7","65","F","49","1100110020","1100110020","e1e0l1l0","----1-00---0","--","-----01-----","------------","1","3","0","0","1","1","0","0","2","0"
"636","5","forall NODE1,NODE0. ~ep_epoch4(NODE0) | ~locked_epoch3(NODE0) | ep_epoch0(NODE1) | ep_epoch1(NODE1) | held(NODE1) | locked_epoch2(NODE1) | NODE0 = NODE1","9","----1-00-----0-----01-----------------","7","86","F","4","1101110020","1101110020","e1e0h0l1l0","----1-00----","-0","-----01-----","------------","1","2","0","1","1","1","0","0","2","0"
"637","4","forall NODE1,NODE0. ~ep_epoch4(NODE0) | ~locked_epoch3(NODE0) | ep_epoch0(NODE1) | ep_epoch1(NODE1) | locked_epoch2(NODE1) | locked_epoch5(NODE1) | NODE0 = NODE1","9","----1-00-----------01----0------------","7","65","F","49","1100110020","1100110020","e1e0l1l0","----1-00----","--","-----01----0","------------","1","2","0","0","1","2","0","0","2","0"
"638","3","forall NODE2,NODE1,NODE0. ~ep_epoch4(NODE0) | ~transfer_epoch5(NODE1) | ep_epoch0(NODE2) | ep_epoch1(NODE2) | ep_epoch2(NODE2) | ep_epoch3(NODE2) | ((NODE1 ~= NODE2 | NODE0 = NODE1) & (NODE0 ~= NODE1 | NODE0 = NODE2))","13","----1-0000--------------------------1-","10","16","F","14","1100001030","1100001030","e1e0t1","----1-0000--","--","------------","----------1-","1","4","0","0","0","0","1","0","3","0"
"639","4","forall NODE2,NODE1,NODE0. ~ep_epoch4(NODE0) | ~transfer_epoch5(NODE1) | ep_epoch0(NODE2) | ep_epoch1(NODE2) | ep_epoch2(NODE2) | locked_epoch3(NODE2) | ((NODE1 ~= NODE2 | NODE0 = NODE1) & (NODE0 ~= NODE1 | NODE0 = NODE2))","13","----1-000------------0--------------1-","10","69","F","8","1100011030","1100011030","e1e0l0t1","----1-000---","--","-------0----","----------1-","1","3","0","0","0","1","1","0","3","0"
"640","4","forall NODE2,NODE1,NODE0. ~ep_epoch4(NODE0) | ~transfer_epoch5(NODE1) | ep_epoch0(NODE2) | ep_epoch1(NODE2) | ep_epoch3(NODE2) | locked_epoch2(NODE2) | ((NODE1 ~= NODE2 | NODE0 = NODE1) & (NODE0 ~= NODE1 | NODE0 = NODE2))","13","----1-00-0---------0----------------1-","10","69","F","8","1100011030","1100011030","e1e0l0t1","----1-00-0--","--","-----0------","----------1-","1","3","0","0","0","1","1","0","3","0"
"641","4","forall NODE2,NODE1,NODE0. ~ep_epoch4(NODE0) | ~transfer_epoch5(NODE1) | ep_epoch0(NODE2) | ep_epoch1(NODE2) | locked_epoch2(NODE2) | locked_epoch3(NODE2) | ((NODE1 ~= NODE2 | NODE0 = NODE1) & (NODE0 ~= NODE1 | NODE0 = NODE2))","13","----1-00-----------0-0--------------1-","10","69","F","8","1100011030","1100011030","e1e0l0t1","----1-00----","--","-----0-0----","----------1-","1","2","0","0","0","2","1","0","3","0"
"642","2","forall NODE1,NODE0. ~ep_epoch4(NODE0) | ep_epoch0(NODE1) | ep_epoch1(NODE1) | ep_epoch2(NODE1) | ep_epoch3(NODE1) | ep_epoch5(NODE1) | NODE0 = NODE1","9","----1-0000-0--------------------------","7","17","F","6","1100000020","1100000020","e1e0","----1-0000-0","--","------------","------------","1","5","0","0","0","0","0","0","2","0"
"643","3","forall NODE1,NODE0. ~ep_epoch4(NODE0) | ep_epoch0(NODE1) | ep_epoch1(NODE1) | ep_epoch2(NODE1) | ep_epoch3(NODE1) | held(NODE1) | NODE0 = NODE1","9","----1-0000---0------------------------","7","18","F","5","1101000020","1101000020","e1e0h0","----1-0000--","-0","------------","------------","1","4","0","1","0","0","0","0","2","0"
"644","3","forall NODE1,NODE0. ~ep_epoch4(NODE0) | ep_epoch0(NODE1) | ep_epoch1(NODE1) | ep_epoch2(NODE1) | ep_epoch3(NODE1) | locked_epoch5(NODE1) | NODE0 = NODE1","9","----1-0000---------------0------------","7","19","F","46","1100010020","1100010020","e1e0l0","----1-0000--","--","-----------0","------------","1","4","0","0","0","1","0","0","2","0"
"645","3","forall NODE1,NODE0. ~ep_epoch4(NODE0) | ep_epoch0(NODE1) | ep_epoch1(NODE1) | ep_epoch2(NODE1) | ep_epoch5(NODE1) | locked_epoch3(NODE1) | NODE0 = NODE1","9","----1-000--0---------0----------------","7","19","F","46","1100010020","1100010020","e1e0l0","----1-000--0","--","-------0----","------------","1","4","0","0","0","1","0","0","2","0"
"646","4","forall NODE1,NODE0. ~ep_epoch4(NODE0) | ep_epoch0(NODE1) | ep_epoch1(NODE1) | ep_epoch2(NODE1) | held(NODE1) | locked_epoch3(NODE1) | NODE0 = NODE1","9","----1-000----0-------0----------------","7","70","F","8","1101010020","1101010020","e1e0h0l0","----1-000---","-0","-------0----","------------","1","3","0","1","0","1","0","0","2","0"
"647","3","forall NODE1,NODE0. ~ep_epoch4(NODE0) | ep_epoch0(NODE1) | ep_epoch1(NODE1) | ep_epoch2(NODE1) | locked_epoch3(NODE1) | locked_epoch5(NODE1) | NODE0 = NODE1","9","----1-000------------0---0------------","7","19","F","46","1100010020","1100010020","e1e0l0","----1-000---","--","-------0---0","------------","1","3","0","0","0","2","0","0","2","0"
"648","3","forall NODE1,NODE0. ~ep_epoch4(NODE0) | ep_epoch0(NODE1) | ep_epoch1(NODE1) | ep_epoch3(NODE1) | ep_epoch5(NODE1) | locked_epoch2(NODE1) | NODE0 = NODE1","9","----1-00-0-0-------0------------------","7","19","F","46","1100010020","1100010020","e1e0l0","----1-00-0-0","--","-----0------","------------","1","4","0","0","0","1","0","0","2","0"
"649","4","forall NODE1,NODE0. ~ep_epoch4(NODE0) | ep_epoch0(NODE1) | ep_epoch1(NODE1) | ep_epoch3(NODE1) | held(NODE1) | locked_epoch2(NODE1) | NODE0 = NODE1","9","----1-00-0---0-----0------------------","7","70","F","8","1101010020","1101010020","e1e0h0l0","----1-00-0--","-0","-----0------","------------","1","3","0","1","0","1","0","0","2","0"
"650","3","forall NODE1,NODE0. ~ep_epoch4(NODE0) | ep_epoch0(NODE1) | ep_epoch1(NODE1) | ep_epoch3(NODE1) | locked_epoch2(NODE1) | locked_epoch5(NODE1) | NODE0 = NODE1","9","----1-00-0---------0-----0------------","7","19","F","46","1100010020","1100010020","e1e0l0","----1-00-0--","--","-----0-----0","------------","1","3","0","0","0","2","0","0","2","0"
"651","3","forall NODE1,NODE0. ~ep_epoch4(NODE0) | ep_epoch0(NODE1) | ep_epoch1(NODE1) | ep_epoch5(NODE1) | locked_epoch2(NODE1) | locked_epoch3(NODE1) | NODE0 = NODE1","9","----1-00---0-------0-0----------------","7","19","F","46","1100010020","1100010020","e1e0l0","----1-00---0","--","-----0-0----","------------","1","3","0","0","0","2","0","0","2","0"
"652","4","forall NODE1,NODE0. ~ep_epoch4(NODE0) | ep_epoch0(NODE1) | ep_epoch1(NODE1) | held(NODE1) | locked_epoch2(NODE1) | locked_epoch3(NODE1) | NODE0 = NODE1","9","----1-00-----0-----0-0----------------","7","70","F","8","1101010020","1101010020","e1e0h0l0","----1-00----","-0","-----0-0----","------------","1","2","0","1","0","2","0","0","2","0"
"653","3","forall NODE1,NODE0. ~ep_epoch4(NODE0) | ep_epoch0(NODE1) | ep_epoch1(NODE1) | locked_epoch2(NODE1) | locked_epoch3(NODE1) | locked_epoch5(NODE1) | NODE0 = NODE1","9","----1-00-----------0-0---0------------","7","19","F","46","1100010020","1100010020","e1e0l0","----1-00----","--","-----0-0---0","------------","1","2","0","0","0","3","0","0","2","0"
"654","3","forall NODE1,NODE0. ~ep_epoch5(NODE0) | ~locked_epoch2(NODE0) | ~locked_epoch3(NODE0) | ~locked_epoch4(NODE0) | ep_epoch0(NODE1) | ep_epoch1(NODE1) | NODE0 = NODE1","9","-----100----------1-1-1---------------","7","45","F","22","1100100020","1100100020","e1e0l1","-----100----","--","----1-1-1---","------------","1","2","0","0","3","0","0","0","2","0"
"655","3","forall NODE1,NODE0. ~ep_epoch5(NODE0) | ~locked_epoch2(NODE0) | ~locked_epoch3(NODE0) | ep_epoch0(NODE1) | ep_epoch1(NODE1) | ep_epoch4(NODE1) | NODE0 = NODE1","9","-----100--0-------1-1-----------------","7","45","F","22","1100100020","1100100020","e1e0l1","-----100--0-","--","----1-1-----","------------","1","3","0","0","2","0","0","0","2","0"
"656","4","forall NODE1,NODE0. ~ep_epoch5(NODE0) | ~locked_epoch2(NODE0) | ~locked_epoch3(NODE0) | ep_epoch0(NODE1) | ep_epoch1(NODE1) | locked_epoch4(NODE1) | NODE0 = NODE1","9","-----100----------1-1--0--------------","7","65","F","49","1100110020","1100110020","e1e0l1l0","-----100----","--","----1-1--0--","------------","1","2","0","0","2","1","0","0","2","0"
"657","3","forall NODE1,NODE0. ~ep_epoch5(NODE0) | ~locked_epoch2(NODE0) | ~locked_epoch4(NODE0) | ep_epoch0(NODE1) | ep_epoch1(NODE1) | ep_epoch3(NODE1) | NODE0 = NODE1","9","-----100-0--------1---1---------------","7","45","F","22","1100100020","1100100020","e1e0l1","-----100-0--","--","----1---1---","------------","1","3","0","0","2","0","0","0","2","0"
"658","4","forall NODE1,NODE0. ~ep_epoch5(NODE0) | ~locked_epoch2(NODE0) | ~locked_epoch4(NODE0) | ep_epoch0(NODE1) | ep_epoch1(NODE1) | locked_epoch3(NODE1) | NODE0 = NODE1","9","-----100----------1--01---------------","7","65","F","49","1100110020","1100110020","e1e0l1l0","-----100----","--","----1--01---","------------","1","2","0","0","2","1","0","0","2","0"
"659","3","forall NODE1,NODE0. ~ep_epoch5(NODE0) | ~locked_epoch2(NODE0) | ep_epoch0(NODE1) | ep_epoch1(NODE1) | ep_epoch3(NODE1) | ep_epoch4(NODE1) | NODE0 = NODE1","9","-----100-00-------1-------------------","7","45","F","22","1100100020","1100100020","e1e0l1","-----100-00-","--","----1-------","------------","1","4","0","0","1","0","0","0","2","0"
"660","4","forall NODE1,NODE0. ~ep_epoch5(NODE0) | ~locked_epoch2(NODE0) | ep_epoch0(NODE1) | ep_epoch1(NODE1) | ep_epoch3(NODE1) | locked_epoch4(NODE1) | NODE0 = NODE1","9","-----100-0--------1----0--------------","7","65","F","49","1100110020","1100110020","e1e0l1l0","-----100-0--","--","----1----0--","------------","1","3","0","0","1","1","0","0","2","0"
"661","4","forall NODE1,NODE0. ~ep_epoch5(NODE0) | ~locked_epoch2(NODE0) | ep_epoch0(NODE1) | ep_epoch1(NODE1) | ep_epoch4(NODE1) | locked_epoch3(NODE1) | NODE0 = NODE1","9","-----100--0-------1--0----------------","7","65","F","49","1100110020","1100110020","e1e0l1l0","-----100--0-","--","----1--0----","------------","1","3","0","0","1","1","0","0","2","0"
"662","4","forall NODE1,NODE0. ~ep_epoch5(NODE0) | ~locked_epoch2(NODE0) | ep_epoch0(NODE1) | ep_epoch1(NODE1) | locked_epoch3(NODE1) | locked_epoch4(NODE1) | NODE0 = NODE1","9","-----100----------1--0-0--------------","7","65","F","49","1100110020","1100110020","e1e0l1l0","-----100----","--","----1--0-0--","------------","1","2","0","0","1","2","0","0","2","0"
"663","3","forall NODE1,NODE0. ~ep_epoch5(NODE0) | ~locked_epoch3(NODE0) | ~locked_epoch4(NODE0) | ep_epoch0(NODE1) | ep_epoch1(NODE1) | ep_epoch2(NODE1) | NODE0 = NODE1","9","-----1000-----------1-1---------------","7","45","F","22","1100100020","1100100020","e1e0l1","-----1000---","--","------1-1---","------------","1","3","0","0","2","0","0","0","2","0"
"664","4","forall NODE1,NODE0. ~ep_epoch5(NODE0) | ~locked_epoch3(NODE0) | ~locked_epoch4(NODE0) | ep_epoch0(NODE1) | ep_epoch1(NODE1) | locked_epoch2(NODE1) | NODE0 = NODE1","9","-----100-----------01-1---------------","7","65","F","49","1100110020","1100110020","e1e0l1l0","-----100----","--","-----01-1---","------------","1","2","0","0","2","1","0","0","2","0"
"665","3","forall NODE1,NODE0. ~ep_epoch5(NODE0) | ~locked_epoch3(NODE0) | ep_epoch0(NODE1) | ep_epoch1(NODE1) | ep_epoch2(NODE1) | ep_epoch4(NODE1) | NODE0 = NODE1","9","-----1000-0---------1-----------------","7","45","F","22","1100100020","1100100020","e1e0l1","-----1000-0-","--","------1-----","------------","1","4","0","0","1","0","0","0","2","0"
"666","4","forall NODE1,NODE0. ~ep_epoch5(NODE0) | ~locked_epoch3(NODE0) | ep_epoch0(NODE1) | ep_epoch1(NODE1) | ep_epoch2(NODE1) | locked_epoch4(NODE1) | NODE0 = NODE1","9","-----1000-----------1--0--------------","7","65","F","49","1100110020","1100110020","e1e0l1l0","-----1000---","--","------1--0--","------------","1","3","0","0","1","1","0","0","2","0"
"667","4","forall NODE1,NODE0. ~ep_epoch5(NODE0) | ~locked_epoch3(NODE0) | ep_epoch0(NODE1) | ep_epoch1(NODE1) | ep_epoch4(NODE1) | locked_epoch2(NODE1) | NODE0 = NODE1","9","-----100--0--------01-----------------","7","65","F","49","1100110020","1100110020","e1e0l1l0","-----100--0-","--","-----01-----","------------","1","3","0","0","1","1","0","0","2","0"
"668","4","forall NODE1,NODE0. ~ep_epoch5(NODE0) | ~locked_epoch3(NODE0) | ep_epoch0(NODE1) | ep_epoch1(NODE1) | locked_epoch2(NODE1) | locked_epoch4(NODE1) | NODE0 = NODE1","9","-----100-----------01--0--------------","7","65","F","49","1100110020","1100110020","e1e0l1l0","-----100----","--","-----01--0--","------------","1","2","0","0","1","2","0","0","2","0"
"669","3","forall NODE1,NODE0. ~ep_epoch5(NODE0) | ~locked_epoch4(NODE0) | ep_epoch0(NODE1) | ep_epoch1(NODE1) | ep_epoch2(NODE1) | ep_epoch3(NODE1) | NODE0 = NODE1","9","-----10000------------1---------------","7","45","F","22","1100100020","1100100020","e1e0l1","-----10000--","--","--------1---","------------","1","4","0","0","1","0","0","0","2","0"
"670","4","forall NODE1,NODE0. ~ep_epoch5(NODE0) | ~locked_epoch4(NODE0) | ep_epoch0(NODE1) | ep_epoch1(NODE1) | ep_epoch2(NODE1) | locked_epoch3(NODE1) | NODE0 = NODE1","9","-----1000------------01---------------","7","65","F","49","1100110020","1100110020","e1e0l1l0","-----1000---","--","-------01---","------------","1","3","0","0","1","1","0","0","2","0"
"671","4","forall NODE1,NODE0. ~ep_epoch5(NODE0) | ~locked_epoch4(NODE0) | ep_epoch0(NODE1) | ep_epoch1(NODE1) | ep_epoch3(NODE1) | locked_epoch2(NODE1) | NODE0 = NODE1","9","-----100-0---------0--1---------------","7","65","F","49","1100110020","1100110020","e1e0l1l0","-----100-0--","--","-----0--1---","------------","1","3","0","0","1","1","0","0","2","0"
"672","4","forall NODE1,NODE0. ~ep_epoch5(NODE0) | ~locked_epoch4(NODE0) | ep_epoch0(NODE1) | ep_epoch1(NODE1) | locked_epoch2(NODE1) | locked_epoch3(NODE1) | NODE0 = NODE1","9","-----100-----------0-01---------------","7","65","F","49","1100110020","1100110020","e1e0l1l0","-----100----","--","-----0-01---","------------","1","2","0","0","1","2","0","0","2","0"
"673","2","forall NODE1,NODE0. ~ep_epoch5(NODE0) | ep_epoch0(NODE1) | ep_epoch1(NODE1) | ep_epoch2(NODE1) | ep_epoch3(NODE1) | ep_epoch4(NODE1) | NODE0 = NODE1","9","-----100000---------------------------","7","17","F","6","1100000020","1100000020","e1e0","-----100000-","--","------------","------------","1","5","0","0","0","0","0","0","2","0"
"674","3","forall NODE1,NODE0. ~ep_epoch5(NODE0) | ep_epoch0(NODE1) | ep_epoch1(NODE1) | ep_epoch2(NODE1) | ep_epoch3(NODE1) | locked_epoch4(NODE1) | NODE0 = NODE1","9","-----10000-------------0--------------","7","19","F","46","1100010020","1100010020","e1e0l0","-----10000--","--","---------0--","------------","1","4","0","0","0","1","0","0","2","0"
"675","3","forall NODE1,NODE0. ~ep_epoch5(NODE0) | ep_epoch0(NODE1) | ep_epoch1(NODE1) | ep_epoch2(NODE1) | ep_epoch4(NODE1) | locked_epoch3(NODE1) | NODE0 = NODE1","9","-----1000-0----------0----------------","7","19","F","46","1100010020","1100010020","e1e0l0","-----1000-0-","--","-------0----","------------","1","4","0","0","0","1","0","0","2","0"
"676","3","forall NODE1,NODE0. ~ep_epoch5(NODE0) | ep_epoch0(NODE1) | ep_epoch1(NODE1) | ep_epoch2(NODE1) | locked_epoch3(NODE1) | locked_epoch4(NODE1) | NODE0 = NODE1","9","-----1000------------0-0--------------","7","19","F","46","1100010020","1100010020","e1e0l0","-----1000---","--","-------0-0--","------------","1","3","0","0","0","2","0","0","2","0"
"677","3","forall NODE1,NODE0. ~ep_epoch5(NODE0) | ep_epoch0(NODE1) | ep_epoch1(NODE1) | ep_epoch3(NODE1) | ep_epoch4(NODE1) | locked_epoch2(NODE1) | NODE0 = NODE1","9","-----100-00--------0------------------","7","19","F","46","1100010020","1100010020","e1e0l0","-----100-00-","--","-----0------","------------","1","4","0","0","0","1","0","0","2","0"
"678","3","forall NODE1,NODE0. ~ep_epoch5(NODE0) | ep_epoch0(NODE1) | ep_epoch1(NODE1) | ep_epoch3(NODE1) | locked_epoch2(NODE1) | locked_epoch4(NODE1) | NODE0 = NODE1","9","-----100-0---------0---0--------------","7","19","F","46","1100010020","1100010020","e1e0l0","-----100-0--","--","-----0---0--","------------","1","3","0","0","0","2","0","0","2","0"
"679","3","forall NODE1,NODE0. ~ep_epoch5(NODE0) | ep_epoch0(NODE1) | ep_epoch1(NODE1) | ep_epoch4(NODE1) | locked_epoch2(NODE1) | locked_epoch3(NODE1) | NODE0 = NODE1","9","-----100--0--------0-0----------------","7","19","F","46","1100010020","1100010020","e1e0l0","-----100--0-","--","-----0-0----","------------","1","3","0","0","0","2","0","0","2","0"
"680","3","forall NODE1,NODE0. ~ep_epoch5(NODE0) | ep_epoch0(NODE1) | ep_epoch1(NODE1) | locked_epoch2(NODE1) | locked_epoch3(NODE1) | locked_epoch4(NODE1) | NODE0 = NODE1","9","-----100-----------0-0-0--------------","7","19","F","46","1100010020","1100010020","e1e0l0","-----100----","--","-----0-0-0--","------------","1","2","0","0","0","3","0","0","2","0"
"681","3","forall NODE1,NODE0. ~held(NODE0) | ~locked_epoch2(NODE0) | ~locked_epoch3(NODE0) | ~locked_epoch4(NODE0) | ep_epoch0(NODE1) | ep_epoch1(NODE1) | NODE0 = NODE1","9","------00----1-----1-1-1---------------","7","46","F","25","0110100020","0110100020","e0h1l1","------00----","1-","----1-1-1---","------------","0","2","1","0","3","0","0","0","2","0"
"682","3","forall NODE1,NODE0. ~held(NODE0) | ~locked_epoch2(NODE0) | ~locked_epoch3(NODE0) | ep_epoch0(NODE1) | ep_epoch1(NODE1) | ep_epoch4(NODE1) | NODE0 = NODE1","9","------00--0-1-----1-1-----------------","7","46","F","25","0110100020","0110100020","e0h1l1","------00--0-","1-","----1-1-----","------------","0","3","1","0","2","0","0","0","2","0"
"683","3","forall NODE1,NODE0. ~held(NODE0) | ~locked_epoch2(NODE0) | ~locked_epoch3(NODE0) | ep_epoch0(NODE1) | ep_epoch1(NODE1) | ep_epoch5(NODE0) | NODE0 = NODE1","9","-----000----1-----1-1-----------------","7","46","F","25","0110100020","0110100020","e0h1l1","-----000----","1-","----1-1-----","------------","0","3","1","0","2","0","0","0","2","0"
"684","4","forall NODE1,NODE0. ~held(NODE0) | ~locked_epoch2(NODE0) | ~locked_epoch3(NODE0) | ep_epoch0(NODE1) | ep_epoch1(NODE1) | locked_epoch4(NODE1) | NODE0 = NODE1","9","------00----1-----1-1--0--------------","7","71","F","68","0110110020","0110110020","e0h1l1l0","------00----","1-","----1-1--0--","------------","0","2","1","0","2","1","0","0","2","0"
"685","4","forall NODE1,NODE0. ~held(NODE0) | ~locked_epoch2(NODE0) | ~locked_epoch3(NODE0) | ep_epoch0(NODE1) | ep_epoch1(NODE1) | locked_epoch5(NODE0) | NODE0 = NODE1","9","------00----1-----1-1---0-------------","7","71","F","68","0110110020","0110110020","e0h1l1l0","------00----","1-","----1-1---0-","------------","0","2","1","0","2","1","0","0","2","0"
"686","3","forall NODE1,NODE0. ~held(NODE0) | ~locked_epoch2(NODE0) | ~locked_epoch4(NODE0) | ep_epoch0(NODE1) | ep_epoch1(NODE1) | ep_epoch3(NODE1) | NODE0 = NODE1","9","------00-0--1-----1---1---------------","7","46","F","25","0110100020","0110100020","e0h1l1","------00-0--","1-","----1---1---","------------","0","3","1","0","2","0","0","0","2","0"
"687","4","forall NODE1,NODE0. ~held(NODE0) | ~locked_epoch2(NODE0) | ~locked_epoch4(NODE0) | ep_epoch0(NODE1) | ep_epoch1(NODE1) | locked_epoch3(NODE1) | NODE0 = NODE1","9","------00----1-----1--01---------------","7","71","F","68","0110110020","0110110020","e0h1l1l0","------00----","1-","----1--01---","------------","0","2","1","0","2","1","0","0","2","0"
"688","3","forall NODE1,NODE0. ~held(NODE0) | ~locked_epoch2(NODE0) | ep_epoch0(NODE1) | ep_epoch1(NODE1) | ep_epoch3(NODE1) | ep_epoch4(NODE1) | NODE0 = NODE1","9","------00-00-1-----1-------------------","7","46","F","25","0110100020","0110100020","e0h1l1","------00-00-","1-","----1-------","------------","0","4","1","0","1","0","0","0","2","0"
"689","3","forall NODE1,NODE0. ~held(NODE0) | ~locked_epoch2(NODE0) | ep_epoch0(NODE1) | ep_epoch1(NODE1) | ep_epoch3(NODE1) | ep_epoch5(NODE0) | NODE0 = NODE1","9","-----000-0--1-----1-------------------","7","46","F","25","0110100020","0110100020","e0h1l1","-----000-0--","1-","----1-------","------------","0","4","1","0","1","0","0","0","2","0"
"690","4","forall NODE1,NODE0. ~held(NODE0) | ~locked_epoch2(NODE0) | ep_epoch0(NODE1) | ep_epoch1(NODE1) | ep_epoch3(NODE1) | locked_epoch4(NODE1) | NODE0 = NODE1","9","------00-0--1-----1----0--------------","7","71","F","68","0110110020","0110110020","e0h1l1l0","------00-0--","1-","----1----0--","------------","0","3","1","0","1","1","0","0","2","0"
"691","4","forall NODE1,NODE0. ~held(NODE0) | ~locked_epoch2(NODE0) | ep_epoch0(NODE1) | ep_epoch1(NODE1) | ep_epoch3(NODE1) | locked_epoch5(NODE0) | NODE0 = NODE1","9","------00-0--1-----1-----0-------------","7","71","F","68","0110110020","0110110020","e0h1l1l0","------00-0--","1-","----1-----0-","------------","0","3","1","0","1","1","0","0","2","0"
"692","3","forall NODE1,NODE0. ~held(NODE0) | ~locked_epoch2(NODE0) | ep_epoch0(NODE1) | ep_epoch1(NODE1) | ep_epoch4(NODE0) | ep_epoch5(NODE0) | NODE0 = NODE1","9","----0000----1-----1-------------------","7","46","F","25","0110100020","0110100020","e0h1l1","----0000----","1-","----1-------","------------","0","4","1","0","1","0","0","0","2","0"
"693","4","forall NODE1,NODE0. ~held(NODE0) | ~locked_epoch2(NODE0) | ep_epoch0(NODE1) | ep_epoch1(NODE1) | ep_epoch4(NODE0) | locked_epoch5(NODE0) | NODE0 = NODE1","9","----0-00----1-----1-----0-------------","7","71","F","68","0110110020","0110110020","e0h1l1l0","----0-00----","1-","----1-----0-","------------","0","3","1","0","1","1","0","0","2","0"
"694","4","forall NODE1,NODE0. ~held(NODE0) | ~locked_epoch2(NODE0) | ep_epoch0(NODE1) | ep_epoch1(NODE1) | ep_epoch4(NODE1) | locked_epoch3(NODE1) | NODE0 = NODE1","9","------00--0-1-----1--0----------------","7","71","F","68","0110110020","0110110020","e0h1l1l0","------00--0-","1-","----1--0----","------------","0","3","1","0","1","1","0","0","2","0"
"695","4","forall NODE1,NODE0. ~held(NODE0) | ~locked_epoch2(NODE0) | ep_epoch0(NODE1) | ep_epoch1(NODE1) | ep_epoch4(NODE1) | locked_epoch4(NODE0) | NODE0 = NODE1","9","------00--0-1-----1---0---------------","7","71","F","68","0110110020","0110110020","e0h1l1l0","------00--0-","1-","----1---0---","------------","0","3","1","0","1","1","0","0","2","0"
"696","4","forall NODE1,NODE0. ~held(NODE0) | ~locked_epoch2(NODE0) | ep_epoch0(NODE1) | ep_epoch1(NODE1) | ep_epoch5(NODE0) | locked_epoch3(NODE1) | NODE0 = NODE1","9","-----000----1-----1--0----------------","7","71","F","68","0110110020","0110110020","e0h1l1l0","-----000----","1-","----1--0----","------------","0","3","1","0","1","1","0","0","2","0"
"697","4","forall NODE1,NODE0. ~held(NODE0) | ~locked_epoch2(NODE0) | ep_epoch0(NODE1) | ep_epoch1(NODE1) | ep_epoch5(NODE0) | locked_epoch4(NODE0) | NODE0 = NODE1","9","-----000----1-----1---0---------------","7","71","F","68","0110110020","0110110020","e0h1l1l0","-----000----","1-","----1---0---","------------","0","3","1","0","1","1","0","0","2","0"
"698","4","forall NODE1,NODE0. ~held(NODE0) | ~locked_epoch2(NODE0) | ep_epoch0(NODE1) | ep_epoch1(NODE1) | locked_epoch3(NODE1) | locked_epoch4(NODE1) | NODE0 = NODE1","9","------00----1-----1--0-0--------------","7","71","F","68","0110110020","0110110020","e0h1l1l0","------00----","1-","----1--0-0--","------------","0","2","1","0","1","2","0","0","2","0"
"699","4","forall NODE1,NODE0. ~held(NODE0) | ~locked_epoch2(NODE0) | ep_epoch0(NODE1) | ep_epoch1(NODE1) | locked_epoch3(NODE1) | locked_epoch5(NODE0) | NODE0 = NODE1","9","------00----1-----1--0--0-------------","7","71","F","68","0110110020","0110110020","e0h1l1l0","------00----","1-","----1--0--0-","------------","0","2","1","0","1","2","0","0","2","0"
"700","4","forall NODE1,NODE0. ~held(NODE0) | ~locked_epoch2(NODE0) | ep_epoch0(NODE1) | ep_epoch1(NODE1) | locked_epoch4(NODE0) | locked_epoch4(NODE1) | NODE0 = NODE1","9","------00----1-----1---00--------------","7","71","F","68","0110110020","0110110020","e0h1l1l0","------00----","1-","----1---00--","------------","0","2","1","0","1","2","0","0","2","0"
"701","4","forall NODE1,NODE0. ~held(NODE0) | ~locked_epoch2(NODE0) | ep_epoch0(NODE1) | ep_epoch1(NODE1) | locked_epoch4(NODE0) | locked_epoch5(NODE0) | NODE0 = NODE1","9","------00----1-----1---0-0-------------","7","71","F","68","0110110020","0110110020","e0h1l1l0","------00----","1-","----1---0-0-","------------","0","2","1","0","1","2","0","0","2","0"
"702","4","forall NODE1,NODE0. ~held(NODE0) | ~locked_epoch2(NODE0) | ep_epoch2(NODE0) | ep_epoch3(NODE1) | ep_epoch4(NODE1) | locked_epoch3(NODE0) | NODE0 = NODE1","9","--0------00-1-----1-0-----------------","7","71","F","68","0110110020","0110110020","e0h1l1l0","--0------00-","1-","----1-0-----","------------","0","3","1","0","1","1","0","0","2","0"
"703","4","forall NODE1,NODE0. ~held(NODE0) | ~locked_epoch2(NODE0) | ep_epoch2(NODE0) | ep_epoch3(NODE1) | ep_epoch5(NODE0) | locked_epoch3(NODE0) | NODE0 = NODE1","9","--0--0---0--1-----1-0-----------------","7","71","F","68","0110110020","0110110020","e0h1l1l0","--0--0---0--","1-","----1-0-----","------------","0","3","1","0","1","1","0","0","2","0"
"704","4","forall NODE1,NODE0. ~held(NODE0) | ~locked_epoch2(NODE0) | ep_epoch2(NODE0) | ep_epoch3(NODE1) | locked_epoch3(NODE0) | locked_epoch4(NODE1) | NODE0 = NODE1","9","--0------0--1-----1-0--0--------------","7","71","F","68","0110110020","0110110020","e0h1l1l0","--0------0--","1-","----1-0--0--","------------","0","2","1","0","1","2","0","0","2","0"
"705","4","forall NODE1,NODE0. ~held(NODE0) | ~locked_epoch2(NODE0) | ep_epoch2(NODE0) | ep_epoch3(NODE1) | locked_epoch3(NODE0) | locked_epoch5(NODE0) | NODE0 = NODE1","9","--0------0--1-----1-0---0-------------","7","71","F","68","0110110020","0110110020","e0h1l1l0","--0------0--","1-","----1-0---0-","------------","0","2","1","0","1","2","0","0","2","0"
"706","3","forall NODE1,NODE0. ~held(NODE0) | ~locked_epoch3(NODE0) | ~locked_epoch4(NODE0) | ep_epoch0(NODE1) | ep_epoch1(NODE1) | ep_epoch2(NODE1) | NODE0 = NODE1","9","------000---1-------1-1---------------","7","46","F","25","0110100020","0110100020","e0h1l1","------000---","1-","------1-1---","------------","0","3","1","0","2","0","0","0","2","0"
"707","4","forall NODE1,NODE0. ~held(NODE0) | ~locked_epoch3(NODE0) | ~locked_epoch4(NODE0) | ep_epoch0(NODE1) | ep_epoch1(NODE1) | locked_epoch2(NODE1) | NODE0 = NODE1","9","------00----1------01-1---------------","7","71","F","68","0110110020","0110110020","e0h1l1l0","------00----","1-","-----01-1---","------------","0","2","1","0","2","1","0","0","2","0"
"708","3","forall NODE1,NODE0. ~held(NODE0) | ~locked_epoch3(NODE0) | ep_epoch0(NODE1) | ep_epoch1(NODE1) | ep_epoch2(NODE1) | ep_epoch4(NODE1) | NODE0 = NODE1","9","------000-0-1-------1-----------------","7","46","F","25","0110100020","0110100020","e0h1l1","------000-0-","1-","------1-----","------------","0","4","1","0","1","0","0","0","2","0"
"709","3","forall NODE1,NODE0. ~held(NODE0) | ~locked_epoch3(NODE0) | ep_epoch0(NODE1) | ep_epoch1(NODE1) | ep_epoch2(NODE1) | ep_epoch5(NODE0) | NODE0 = NODE1","9","-----0000---1-------1-----------------","7","46","F","25","0110100020","0110100020","e0h1l1","-----0000---","1-","------1-----","------------","0","4","1","0","1","0","0","0","2","0"
"710","4","forall NODE1,NODE0. ~held(NODE0) | ~locked_epoch3(NODE0) | ep_epoch0(NODE1) | ep_epoch1(NODE1) | ep_epoch2(NODE1) | locked_epoch4(NODE1) | NODE0 = NODE1","9","------000---1-------1--0--------------","7","71","F","68","0110110020","0110110020","e0h1l1l0","------000---","1-","------1--0--","------------","0","3","1","0","1","1","0","0","2","0"
"711","4","forall NODE1,NODE0. ~held(NODE0) | ~locked_epoch3(NODE0) | ep_epoch0(NODE1) | ep_epoch1(NODE1) | ep_epoch2(NODE1) | locked_epoch5(NODE0) | NODE0 = NODE1","9","------000---1-------1---0-------------","7","71","F","68","0110110020","0110110020","e0h1l1l0","------000---","1-","------1---0-","------------","0","3","1","0","1","1","0","0","2","0"
"712","4","forall NODE1,NODE0. ~held(NODE0) | ~locked_epoch3(NODE0) | ep_epoch0(NODE1) | ep_epoch1(NODE1) | ep_epoch4(NODE1) | locked_epoch2(NODE1) | NODE0 = NODE1","9","------00--0-1------01-----------------","7","71","F","68","0110110020","0110110020","e0h1l1l0","------00--0-","1-","-----01-----","------------","0","3","1","0","1","1","0","0","2","0"
"713","4","forall NODE1,NODE0. ~held(NODE0) | ~locked_epoch3(NODE0) | ep_epoch0(NODE1) | ep_epoch1(NODE1) | ep_epoch5(NODE0) | locked_epoch2(NODE1) | NODE0 = NODE1","9","-----000----1------01-----------------","7","71","F","68","0110110020","0110110020","e0h1l1l0","-----000----","1-","-----01-----","------------","0","3","1","0","1","1","0","0","2","0"
"714","4","forall NODE1,NODE0. ~held(NODE0) | ~locked_epoch3(NODE0) | ep_epoch0(NODE1) | ep_epoch1(NODE1) | locked_epoch2(NODE1) | locked_epoch4(NODE1) | NODE0 = NODE1","9","------00----1------01--0--------------","7","71","F","68","0110110020","0110110020","e0h1l1l0","------00----","1-","-----01--0--","------------","0","2","1","0","1","2","0","0","2","0"
"715","4","forall NODE1,NODE0. ~held(NODE0) | ~locked_epoch3(NODE0) | ep_epoch0(NODE1) | ep_epoch1(NODE1) | locked_epoch2(NODE1) | locked_epoch5(NODE0) | NODE0 = NODE1","9","------00----1------01---0-------------","7","71","F","68","0110110020","0110110020","e0h1l1l0","------00----","1-","-----01---0-","------------","0","2","1","0","1","2","0","0","2","0"
"716","3","forall NODE1,NODE0. ~held(NODE0) | ~locked_epoch4(NODE0) | ep_epoch0(NODE1) | ep_epoch1(NODE1) | ep_epoch2(NODE1) | ep_epoch3(NODE1) | NODE0 = NODE1","9","------0000--1---------1---------------","7","46","F","25","0110100020","0110100020","e0h1l1","------0000--","1-","--------1---","------------","0","4","1","0","1","0","0","0","2","0"
"717","4","forall NODE1,NODE0. ~held(NODE0) | ~locked_epoch4(NODE0) | ep_epoch0(NODE1) | ep_epoch1(NODE1) | ep_epoch2(NODE1) | locked_epoch3(NODE1) | NODE0 = NODE1","9","------000---1--------01---------------","7","71","F","68","0110110020","0110110020","e0h1l1l0","------000---","1-","-------01---","------------","0","3","1","0","1","1","0","0","2","0"
"718","4","forall NODE1,NODE0. ~held(NODE0) | ~locked_epoch4(NODE0) | ep_epoch0(NODE1) | ep_epoch1(NODE1) | ep_epoch3(NODE1) | locked_epoch2(NODE1) | NODE0 = NODE1","9","------00-0--1------0--1---------------","7","71","F","68","0110110020","0110110020","e0h1l1l0","------00-0--","1-","-----0--1---","------------","0","3","1","0","1","1","0","0","2","0"
"719","4","forall NODE1,NODE0. ~held(NODE0) | ~locked_epoch4(NODE0) | ep_epoch0(NODE1) | ep_epoch1(NODE1) | locked_epoch2(NODE1) | locked_epoch3(NODE1) | NODE0 = NODE1","9","------00----1------0-01---------------","7","71","F","68","0110110020","0110110020","e0h1l1l0","------00----","1-","-----0-01---","------------","0","2","1","0","1","2","0","0","2","0"
"720","2","forall NODE1,NODE0. ~held(NODE0) | ep_epoch0(NODE1) | ep_epoch1(NODE1) | ep_epoch2(NODE1) | ep_epoch3(NODE1) | ep_epoch4(NODE1) | NODE0 = NODE1","9","------00000-1-------------------------","7","22","F","5","0110000020","0110000020","e0h1","------00000-","1-","------------","------------","0","5","1","0","0","0","0","0","2","0"
"721","2","forall NODE1,NODE0. ~held(NODE0) | ep_epoch0(NODE1) | ep_epoch1(NODE1) | ep_epoch2(NODE1) | ep_epoch3(NODE1) | ep_epoch5(NODE0) | NODE0 = NODE1","9","-----00000--1-------------------------","7","22","F","5","0110000020","0110000020","e0h1","-----00000--","1-","------------","------------","0","5","1","0","0","0","0","0","2","0"
"722","3","forall NODE1,NODE0. ~held(NODE0) | ep_epoch0(NODE1) | ep_epoch1(NODE1) | ep_epoch2(NODE1) | ep_epoch3(NODE1) | locked_epoch4(NODE1) | NODE0 = NODE1","9","------0000--1----------0--------------","7","23","F","122","0110010020","0110010020","e0h1l0","------0000--","1-","---------0--","------------","0","4","1","0","0","1","0","0","2","0"
"723","3","forall NODE1,NODE0. ~held(NODE0) | ep_epoch0(NODE1) | ep_epoch1(NODE1) | ep_epoch2(NODE1) | ep_epoch3(NODE1) | locked_epoch5(NODE0) | NODE0 = NODE1","9","------0000--1-----------0-------------","7","23","F","122","0110010020","0110010020","e0h1l0","------0000--","1-","----------0-","------------","0","4","1","0","0","1","0","0","2","0"
"724","2","forall NODE1,NODE0. ~held(NODE0) | ep_epoch0(NODE1) | ep_epoch1(NODE1) | ep_epoch2(NODE1) | ep_epoch4(NODE0) | ep_epoch5(NODE0) | NODE0 = NODE1","9","----00000---1-------------------------","7","22","F","5","0110000020","0110000020","e0h1","----00000---","1-","------------","------------","0","5","1","0","0","0","0","0","2","0"
"725","3","forall NODE1,NODE0. ~held(NODE0) | ep_epoch0(NODE1) | ep_epoch1(NODE1) | ep_epoch2(NODE1) | ep_epoch4(NODE0) | locked_epoch5(NODE0) | NODE0 = NODE1","9","----0-000---1-----------0-------------","7","23","F","122","0110010020","0110010020","e0h1l0","----0-000---","1-","----------0-","------------","0","4","1","0","0","1","0","0","2","0"
"726","3","forall NODE1,NODE0. ~held(NODE0) | ep_epoch0(NODE1) | ep_epoch1(NODE1) | ep_epoch2(NODE1) | ep_epoch4(NODE1) | locked_epoch3(NODE1) | NODE0 = NODE1","9","------000-0-1--------0----------------","7","23","F","122","0110010020","0110010020","e0h1l0","------000-0-","1-","-------0----","------------","0","4","1","0","0","1","0","0","2","0"
"727","3","forall NODE1,NODE0. ~held(NODE0) | ep_epoch0(NODE1) | ep_epoch1(NODE1) | ep_epoch2(NODE1) | ep_epoch4(NODE1) | locked_epoch4(NODE0) | NODE0 = NODE1","9","------000-0-1---------0---------------","7","23","F","122","0110010020","0110010020","e0h1l0","------000-0-","1-","--------0---","------------","0","4","1","0","0","1","0","0","2","0"
"728","3","forall NODE1,NODE0. ~held(NODE0) | ep_epoch0(NODE1) | ep_epoch1(NODE1) | ep_epoch2(NODE1) | ep_epoch5(NODE0) | locked_epoch3(NODE1) | NODE0 = NODE1","9","-----0000---1--------0----------------","7","23","F","122","0110010020","0110010020","e0h1l0","-----0000---","1-","-------0----","------------","0","4","1","0","0","1","0","0","2","0"
"729","3","forall NODE1,NODE0. ~held(NODE0) | ep_epoch0(NODE1) | ep_epoch1(NODE1) | ep_epoch2(NODE1) | ep_epoch5(NODE0) | locked_epoch4(NODE0) | NODE0 = NODE1","9","-----0000---1---------0---------------","7","23","F","122","0110010020","0110010020","e0h1l0","-----0000---","1-","--------0---","------------","0","4","1","0","0","1","0","0","2","0"
"730","3","forall NODE1,NODE0. ~held(NODE0) | ep_epoch0(NODE1) | ep_epoch1(NODE1) | ep_epoch2(NODE1) | locked_epoch3(NODE1) | locked_epoch4(NODE1) | NODE0 = NODE1","9","------000---1--------0-0--------------","7","23","F","122","0110010020","0110010020","e0h1l0","------000---","1-","-------0-0--","------------","0","3","1","0","0","2","0","0","2","0"
"731","3","forall NODE1,NODE0. ~held(NODE0) | ep_epoch0(NODE1) | ep_epoch1(NODE1) | ep_epoch2(NODE1) | locked_epoch3(NODE1) | locked_epoch5(NODE0) | NODE0 = NODE1","9","------000---1--------0--0-------------","7","23","F","122","0110010020","0110010020","e0h1l0","------000---","1-","-------0--0-","------------","0","3","1","0","0","2","0","0","2","0"
"732","3","forall NODE1,NODE0. ~held(NODE0) | ep_epoch0(NODE1) | ep_epoch1(NODE1) | ep_epoch2(NODE1) | locked_epoch4(NODE0) | locked_epoch4(NODE1) | NODE0 = NODE1","9","------000---1---------00--------------","7","23","F","122","0110010020","0110010020","e0h1l0","------000---","1-","--------00--","------------","0","3","1","0","0","2","0","0","2","0"
"733","3","forall NODE1,NODE0. ~held(NODE0) | ep_epoch0(NODE1) | ep_epoch1(NODE1) | ep_epoch2(NODE1) | locked_epoch4(NODE0) | locked_epoch5(NODE0) | NODE0 = NODE1","9","------000---1---------0-0-------------","7","23","F","122","0110010020","0110010020","e0h1l0","------000---","1-","--------0-0-","------------","0","3","1","0","0","2","0","0","2","0"
"734","2","forall NODE1,NODE0. ~held(NODE0) | ep_epoch0(NODE1) | ep_epoch1(NODE1) | ep_epoch3(NODE0) | ep_epoch4(NODE0) | ep_epoch5(NODE0) | NODE0 = NODE1","9","---00000----1-------------------------","7","22","F","5","0110000020","0110000020","e0h1","---00000----","1-","------------","------------","0","5","1","0","0","0","0","0","2","0"
"735","3","forall NODE1,NODE0. ~held(NODE0) | ep_epoch0(NODE1) | ep_epoch1(NODE1) | ep_epoch3(NODE0) | ep_epoch4(NODE0) | locked_epoch5(NODE0) | NODE0 = NODE1","9","---00-00----1-----------0-------------","7","23","F","122","0110010020","0110010020","e0h1l0","---00-00----","1-","----------0-","------------","0","4","1","0","0","1","0","0","2","0"
"736","3","forall NODE1,NODE0. ~held(NODE0) | ep_epoch0(NODE1) | ep_epoch1(NODE1) | ep_epoch3(NODE0) | ep_epoch4(NODE1) | locked_epoch4(NODE0) | NODE0 = NODE1","9","---0--00--0-1---------0---------------","7","23","F","122","0110010020","0110010020","e0h1l0","---0--00--0-","1-","--------0---","------------","0","4","1","0","0","1","0","0","2","0"
"737","3","forall NODE1,NODE0. ~held(NODE0) | ep_epoch0(NODE1) | ep_epoch1(NODE1) | ep_epoch3(NODE0) | ep_epoch5(NODE0) | locked_epoch4(NODE0) | NODE0 = NODE1","9","---0-000----1---------0---------------","7","23","F","122","0110010020","0110010020","e0h1l0","---0-000----","1-","--------0---","------------","0","4","1","0","0","1","0","0","2","0"
"738","3","forall NODE1,NODE0. ~held(NODE0) | ep_epoch0(NODE1) | ep_epoch1(NODE1) | ep_epoch3(NODE0) | locked_epoch4(NODE0) | locked_epoch4(NODE1) | NODE0 = NODE1","9","---0--00----1---------00--------------","7","23","F","122","0110010020","0110010020","e0h1l0","---0--00----","1-","--------00--","------------","0","3","1","0","0","2","0","0","2","0"
"739","3","forall NODE1,NODE0. ~held(NODE0) | ep_epoch0(NODE1) | ep_epoch1(NODE1) | ep_epoch3(NODE0) | locked_epoch4(NODE0) | locked_epoch5(NODE0) | NODE0 = NODE1","9","---0--00----1---------0-0-------------","7","23","F","122","0110010020","0110010020","e0h1l0","---0--00----","1-","--------0-0-","------------","0","3","1","0","0","2","0","0","2","0"
"740","3","forall NODE1,NODE0. ~held(NODE0) | ep_epoch0(NODE1) | ep_epoch1(NODE1) | ep_epoch3(NODE1) | ep_epoch4(NODE1) | locked_epoch2(NODE1) | NODE0 = NODE1","9","------00-00-1------0------------------","7","23","F","122","0110010020","0110010020","e0h1l0","------00-00-","1-","-----0------","------------","0","4","1","0","0","1","0","0","2","0"
"741","3","forall NODE1,NODE0. ~held(NODE0) | ep_epoch0(NODE1) | ep_epoch1(NODE1) | ep_epoch3(NODE1) | ep_epoch4(NODE1) | locked_epoch3(NODE0) | NODE0 = NODE1","9","------00-00-1-------0-----------------","7","23","F","122","0110010020","0110010020","e0h1l0","------00-00-","1-","------0-----","------------","0","4","1","0","0","1","0","0","2","0"
"742","3","forall NODE1,NODE0. ~held(NODE0) | ep_epoch0(NODE1) | ep_epoch1(NODE1) | ep_epoch3(NODE1) | ep_epoch5(NODE0) | locked_epoch2(NODE1) | NODE0 = NODE1","9","-----000-0--1------0------------------","7","23","F","122","0110010020","0110010020","e0h1l0","-----000-0--","1-","-----0------","------------","0","4","1","0","0","1","0","0","2","0"
"743","3","forall NODE1,NODE0. ~held(NODE0) | ep_epoch0(NODE1) | ep_epoch1(NODE1) | ep_epoch3(NODE1) | ep_epoch5(NODE0) | locked_epoch3(NODE0) | NODE0 = NODE1","9","-----000-0--1-------0-----------------","7","23","F","122","0110010020","0110010020","e0h1l0","-----000-0--","1-","------0-----","------------","0","4","1","0","0","1","0","0","2","0"
"744","3","forall NODE1,NODE0. ~held(NODE0) | ep_epoch0(NODE1) | ep_epoch1(NODE1) | ep_epoch3(NODE1) | locked_epoch2(NODE1) | locked_epoch4(NODE1) | NODE0 = NODE1","9","------00-0--1------0---0--------------","7","23","F","122","0110010020","0110010020","e0h1l0","------00-0--","1-","-----0---0--","------------","0","3","1","0","0","2","0","0","2","0"
"745","3","forall NODE1,NODE0. ~held(NODE0) | ep_epoch0(NODE1) | ep_epoch1(NODE1) | ep_epoch3(NODE1) | locked_epoch2(NODE1) | locked_epoch5(NODE0) | NODE0 = NODE1","9","------00-0--1------0----0-------------","7","23","F","122","0110010020","0110010020","e0h1l0","------00-0--","1-","-----0----0-","------------","0","3","1","0","0","2","0","0","2","0"
"746","3","forall NODE1,NODE0. ~held(NODE0) | ep_epoch0(NODE1) | ep_epoch1(NODE1) | ep_epoch3(NODE1) | locked_epoch3(NODE0) | locked_epoch4(NODE1) | NODE0 = NODE1","9","------00-0--1-------0--0--------------","7","23","F","122","0110010020","0110010020","e0h1l0","------00-0--","1-","------0--0--","------------","0","3","1","0","0","2","0","0","2","0"
"747","3","forall NODE1,NODE0. ~held(NODE0) | ep_epoch0(NODE1) | ep_epoch1(NODE1) | ep_epoch3(NODE1) | locked_epoch3(NODE0) | locked_epoch5(NODE0) | NODE0 = NODE1","9","------00-0--1-------0---0-------------","7","23","F","122","0110010020","0110010020","e0h1l0","------00-0--","1-","------0---0-","------------","0","3","1","0","0","2","0","0","2","0"
"748","3","forall NODE1,NODE0. ~held(NODE0) | ep_epoch0(NODE1) | ep_epoch1(NODE1) | ep_epoch4(NODE0) | ep_epoch5(NODE0) | locked_epoch2(NODE1) | NODE0 = NODE1","9","----0000----1------0------------------","7","23","F","122","0110010020","0110010020","e0h1l0","----0000----","1-","-----0------","------------","0","4","1","0","0","1","0","0","2","0"
"749","3","forall NODE1,NODE0. ~held(NODE0) | ep_epoch0(NODE1) | ep_epoch1(NODE1) | ep_epoch4(NODE0) | ep_epoch5(NODE0) | locked_epoch3(NODE0) | NODE0 = NODE1","9","----0000----1-------0-----------------","7","23","F","122","0110010020","0110010020","e0h1l0","----0000----","1-","------0-----","------------","0","4","1","0","0","1","0","0","2","0"
"750","3","forall NODE1,NODE0. ~held(NODE0) | ep_epoch0(NODE1) | ep_epoch1(NODE1) | ep_epoch4(NODE0) | locked_epoch2(NODE1) | locked_epoch5(NODE0) | NODE0 = NODE1","9","----0-00----1------0----0-------------","7","23","F","122","0110010020","0110010020","e0h1l0","----0-00----","1-","-----0----0-","------------","0","3","1","0","0","2","0","0","2","0"
"751","3","forall NODE1,NODE0. ~held(NODE0) | ep_epoch0(NODE1) | ep_epoch1(NODE1) | ep_epoch4(NODE0) | locked_epoch3(NODE0) | locked_epoch5(NODE0) | NODE0 = NODE1","9","----0-00----1-------0---0-------------","7","23","F","122","0110010020","0110010020","e0h1l0","----0-00----","1-","------0---0-","------------","0","3","1","0","0","2","0","0","2","0"
"752","3","forall NODE1,NODE0. ~held(NODE0) | ep_epoch0(NODE1) | ep_epoch1(NODE1) | ep_epoch4(NODE1) | locked_epoch2(NODE1) | locked_epoch3(NODE1) | NODE0 = NODE1","9","------00--0-1------0-0----------------","7","23","F","122","0110010020","0110010020","e0h1l0","------00--0-","1-","-----0-0----","------------","0","3","1","0","0","2","0","0","2","0"
"753","3","forall NODE1,NODE0. ~held(NODE0) | ep_epoch0(NODE1) | ep_epoch1(NODE1) | ep_epoch4(NODE1) | locked_epoch2(NODE1) | locked_epoch4(NODE0) | NODE0 = NODE1","9","------00--0-1------0--0---------------","7","23","F","122","0110010020","0110010020","e0h1l0","------00--0-","1-","-----0--0---","------------","0","3","1","0","0","2","0","0","2","0"
"754","3","forall NODE1,NODE0. ~held(NODE0) | ep_epoch0(NODE1) | ep_epoch1(NODE1) | ep_epoch4(NODE1) | locked_epoch3(NODE0) | locked_epoch4(NODE0) | NODE0 = NODE1","9","------00--0-1-------0-0---------------","7","23","F","122","0110010020","0110010020","e0h1l0","------00--0-","1-","------0-0---","------------","0","3","1","0","0","2","0","0","2","0"
"755","3","forall NODE1,NODE0. ~held(NODE0) | ep_epoch0(NODE1) | ep_epoch1(NODE1) | ep_epoch5(NODE0) | locked_epoch2(NODE1) | locked_epoch3(NODE1) | NODE0 = NODE1","9","-----000----1------0-0----------------","7","23","F","122","0110010020","0110010020","e0h1l0","-----000----","1-","-----0-0----","------------","0","3","1","0","0","2","0","0","2","0"
"756","3","forall NODE1,NODE0. ~held(NODE0) | ep_epoch0(NODE1) | ep_epoch1(NODE1) | ep_epoch5(NODE0) | locked_epoch2(NODE1) | locked_epoch4(NODE0) | NODE0 = NODE1","9","-----000----1------0--0---------------","7","23","F","122","0110010020","0110010020","e0h1l0","-----000----","1-","-----0--0---","------------","0","3","1","0","0","2","0","0","2","0"
"757","3","forall NODE1,NODE0. ~held(NODE0) | ep_epoch0(NODE1) | ep_epoch1(NODE1) | ep_epoch5(NODE0) | locked_epoch3(NODE0) | locked_epoch4(NODE0) | NODE0 = NODE1","9","-----000----1-------0-0---------------","7","23","F","122","0110010020","0110010020","e0h1l0","-----000----","1-","------0-0---","------------","0","3","1","0","0","2","0","0","2","0"
"758","3","forall NODE1,NODE0. ~held(NODE0) | ep_epoch0(NODE1) | ep_epoch1(NODE1) | locked_epoch2(NODE1) | locked_epoch3(NODE1) | locked_epoch4(NODE1) | NODE0 = NODE1","9","------00----1------0-0-0--------------","7","23","F","122","0110010020","0110010020","e0h1l0","------00----","1-","-----0-0-0--","------------","0","2","1","0","0","3","0","0","2","0"
"759","3","forall NODE1,NODE0. ~held(NODE0) | ep_epoch0(NODE1) | ep_epoch1(NODE1) | locked_epoch2(NODE1) | locked_epoch3(NODE1) | locked_epoch5(NODE0) | NODE0 = NODE1","9","------00----1------0-0--0-------------","7","23","F","122","0110010020","0110010020","e0h1l0","------00----","1-","-----0-0--0-","------------","0","2","1","0","0","3","0","0","2","0"
"760","3","forall NODE1,NODE0. ~held(NODE0) | ep_epoch0(NODE1) | ep_epoch1(NODE1) | locked_epoch2(NODE1) | locked_epoch4(NODE0) | locked_epoch4(NODE1) | NODE0 = NODE1","9","------00----1------0--00--------------","7","23","F","122","0110010020","0110010020","e0h1l0","------00----","1-","-----0--00--","------------","0","2","1","0","0","3","0","0","2","0"
"761","3","forall NODE1,NODE0. ~held(NODE0) | ep_epoch0(NODE1) | ep_epoch1(NODE1) | locked_epoch2(NODE1) | locked_epoch4(NODE0) | locked_epoch5(NODE0) | NODE0 = NODE1","9","------00----1------0--0-0-------------","7","23","F","122","0110010020","0110010020","e0h1l0","------00----","1-","-----0--0-0-","------------","0","2","1","0","0","3","0","0","2","0"
"762","3","forall NODE1,NODE0. ~held(NODE0) | ep_epoch0(NODE1) | ep_epoch1(NODE1) | locked_epoch3(NODE0) | locked_epoch4(NODE0) | locked_epoch4(NODE1) | NODE0 = NODE1","9","------00----1-------0-00--------------","7","23","F","122","0110010020","0110010020","e0h1l0","------00----","1-","------0-00--","------------","0","2","1","0","0","3","0","0","2","0"
"763","3","forall NODE1,NODE0. ~held(NODE0) | ep_epoch0(NODE1) | ep_epoch1(NODE1) | locked_epoch3(NODE0) | locked_epoch4(NODE0) | locked_epoch5(NODE0) | NODE0 = NODE1","9","------00----1-------0-0-0-------------","7","23","F","122","0110010020","0110010020","e0h1l0","------00----","1-","------0-0-0-","------------","0","2","1","0","0","3","0","0","2","0"
"764","2","forall NODE1,NODE0. ~held(NODE0) | ep_epoch0(NODE1) | ep_epoch2(NODE0) | ep_epoch3(NODE0) | ep_epoch4(NODE0) | ep_epoch5(NODE0) | NODE0 = NODE1","9","--00000-----1-------------------------","7","22","F","5","0110000020","0110000020","e0h1","--00000-----","1-","------------","------------","0","5","1","0","0","0","0","0","2","0"
"765","3","forall NODE1,NODE0. ~held(NODE0) | ep_epoch0(NODE1) | ep_epoch2(NODE0) | ep_epoch3(NODE0) | ep_epoch4(NODE0) | locked_epoch5(NODE0) | NODE0 = NODE1","9","--000-0-----1-----------0-------------","7","23","F","122","0110010020","0110010020","e0h1l0","--000-0-----","1-","----------0-","------------","0","4","1","0","0","1","0","0","2","0"
"766","3","forall NODE1,NODE0. ~held(NODE0) | ep_epoch0(NODE1) | ep_epoch2(NODE0) | ep_epoch3(NODE0) | ep_epoch4(NODE1) | locked_epoch4(NODE0) | NODE0 = NODE1","9","--00--0---0-1---------0---------------","7","23","F","122","0110010020","0110010020","e0h1l0","--00--0---0-","1-","--------0---","------------","0","4","1","0","0","1","0","0","2","0"
"767","3","forall NODE1,NODE0. ~held(NODE0) | ep_epoch0(NODE1) | ep_epoch2(NODE0) | ep_epoch3(NODE0) | ep_epoch5(NODE0) | locked_epoch4(NODE0) | NODE0 = NODE1","9","--00-00-----1---------0---------------","7","23","F","122","0110010020","0110010020","e0h1l0","--00-00-----","1-","--------0---","------------","0","4","1","0","0","1","0","0","2","0"
"768","3","forall NODE1,NODE0. ~held(NODE0) | ep_epoch0(NODE1) | ep_epoch2(NODE0) | ep_epoch3(NODE0) | locked_epoch4(NODE0) | locked_epoch4(NODE1) | NODE0 = NODE1","9","--00--0-----1---------00--------------","7","23","F","122","0110010020","0110010020","e0h1l0","--00--0-----","1-","--------00--","------------","0","3","1","0","0","2","0","0","2","0"
"769","3","forall NODE1,NODE0. ~held(NODE0) | ep_epoch0(NODE1) | ep_epoch2(NODE0) | ep_epoch3(NODE0) | locked_epoch4(NODE0) | locked_epoch5(NODE0) | NODE0 = NODE1","9","--00--0-----1---------0-0-------------","7","23","F","122","0110010020","0110010020","e0h1l0","--00--0-----","1-","--------0-0-","------------","0","3","1","0","0","2","0","0","2","0"
"770","3","forall NODE1,NODE0. ~held(NODE0) | ep_epoch0(NODE1) | ep_epoch2(NODE0) | ep_epoch3(NODE1) | ep_epoch4(NODE1) | locked_epoch3(NODE0) | NODE0 = NODE1","9","--0---0--00-1-------0-----------------","7","23","F","122","0110010020","0110010020","e0h1l0","--0---0--00-","1-","------0-----","------------","0","4","1","0","0","1","0","0","2","0"
"771","3","forall NODE1,NODE0. ~held(NODE0) | ep_epoch0(NODE1) | ep_epoch2(NODE0) | ep_epoch3(NODE1) | ep_epoch5(NODE0) | locked_epoch3(NODE0) | NODE0 = NODE1","9","--0--00--0--1-------0-----------------","7","23","F","122","0110010020","0110010020","e0h1l0","--0--00--0--","1-","------0-----","------------","0","4","1","0","0","1","0","0","2","0"
"772","3","forall NODE1,NODE0. ~held(NODE0) | ep_epoch0(NODE1) | ep_epoch2(NODE0) | ep_epoch3(NODE1) | locked_epoch3(NODE0) | locked_epoch4(NODE1) | NODE0 = NODE1","9","--0---0--0--1-------0--0--------------","7","23","F","122","0110010020","0110010020","e0h1l0","--0---0--0--","1-","------0--0--","------------","0","3","1","0","0","2","0","0","2","0"
"773","3","forall NODE1,NODE0. ~held(NODE0) | ep_epoch0(NODE1) | ep_epoch2(NODE0) | ep_epoch3(NODE1) | locked_epoch3(NODE0) | locked_epoch5(NODE0) | NODE0 = NODE1","9","--0---0--0--1-------0---0-------------","7","23","F","122","0110010020","0110010020","e0h1l0","--0---0--0--","1-","------0---0-","------------","0","3","1","0","0","2","0","0","2","0"
"774","3","forall NODE1,NODE0. ~held(NODE0) | ep_epoch0(NODE1) | ep_epoch2(NODE0) | ep_epoch4(NODE0) | ep_epoch5(NODE0) | locked_epoch3(NODE0) | NODE0 = NODE1","9","--0-000-----1-------0-----------------","7","23","F","122","0110010020","0110010020","e0h1l0","--0-000-----","1-","------0-----","------------","0","4","1","0","0","1","0","0","2","0"
"775","3","forall NODE1,NODE0. ~held(NODE0) | ep_epoch0(NODE1) | ep_epoch2(NODE0) | ep_epoch4(NODE0) | locked_epoch3(NODE0) | locked_epoch5(NODE0) | NODE0 = NODE1","9","--0-0-0-----1-------0---0-------------","7","23","F","122","0110010020","0110010020","e0h1l0","--0-0-0-----","1-","------0---0-","------------","0","3","1","0","0","2","0","0","2","0"
"776","3","forall NODE1,NODE0. ~held(NODE0) | ep_epoch0(NODE1) | ep_epoch2(NODE0) | ep_epoch4(NODE1) | locked_epoch3(NODE0) | locked_epoch4(NODE0) | NODE0 = NODE1","9","--0---0---0-1-------0-0---------------","7","23","F","122","0110010020","0110010020","e0h1l0","--0---0---0-","1-","------0-0---","------------","0","3","1","0","0","2","0","0","2","0"
"777","3","forall NODE1,NODE0. ~held(NODE0) | ep_epoch0(NODE1) | ep_epoch2(NODE0) | ep_epoch5(NODE0) | locked_epoch3(NODE0) | locked_epoch4(NODE0) | NODE0 = NODE1","9","--0--00-----1-------0-0---------------","7","23","F","122","0110010020","0110010020","e0h1l0","--0--00-----","1-","------0-0---","------------","0","3","1","0","0","2","0","0","2","0"
"778","3","forall NODE1,NODE0. ~held(NODE0) | ep_epoch0(NODE1) | ep_epoch2(NODE0) | locked_epoch3(NODE0) | locked_epoch4(NODE0) | locked_epoch4(NODE1) | NODE0 = NODE1","9","--0---0-----1-------0-00--------------","7","23","F","122","0110010020","0110010020","e0h1l0","--0---0-----","1-","------0-00--","------------","0","2","1","0","0","3","0","0","2","0"
"779","3","forall NODE1,NODE0. ~held(NODE0) | ep_epoch0(NODE1) | ep_epoch2(NODE0) | locked_epoch3(NODE0) | locked_epoch4(NODE0) | locked_epoch5(NODE0) | NODE0 = NODE1","9","--0---0-----1-------0-0-0-------------","7","23","F","122","0110010020","0110010020","e0h1l0","--0---0-----","1-","------0-0-0-","------------","0","2","1","0","0","3","0","0","2","0"
"780","3","forall NODE1,NODE0. ~held(NODE0) | ep_epoch0(NODE1) | ep_epoch2(NODE1) | ep_epoch3(NODE1) | ep_epoch4(NODE1) | locked_epoch2(NODE0) | NODE0 = NODE1","9","------0-000-1-----0-------------------","7","23","F","122","0110010020","0110010020","e0h1l0","------0-000-","1-","----0-------","------------","0","4","1","0","0","1","0","0","2","0"
"781","3","forall NODE1,NODE0. ~held(NODE0) | ep_epoch0(NODE1) | ep_epoch2(NODE1) | ep_epoch3(NODE1) | ep_epoch5(NODE0) | locked_epoch2(NODE0) | NODE0 = NODE1","9","-----00-00--1-----0-------------------","7","23","F","122","0110010020","0110010020","e0h1l0","-----00-00--","1-","----0-------","------------","0","4","1","0","0","1","0","0","2","0"
"782","3","forall NODE1,NODE0. ~held(NODE0) | ep_epoch0(NODE1) | ep_epoch2(NODE1) | ep_epoch3(NODE1) | locked_epoch2(NODE0) | locked_epoch4(NODE1) | NODE0 = NODE1","9","------0-00--1-----0----0--------------","7","23","F","122","0110010020","0110010020","e0h1l0","------0-00--","1-","----0----0--","------------","0","3","1","0","0","2","0","0","2","0"
"783","3","forall NODE1,NODE0. ~held(NODE0) | ep_epoch0(NODE1) | ep_epoch2(NODE1) | ep_epoch3(NODE1) | locked_epoch2(NODE0) | locked_epoch5(NODE0) | NODE0 = NODE1","9","------0-00--1-----0-----0-------------","7","23","F","122","0110010020","0110010020","e0h1l0","------0-00--","1-","----0-----0-","------------","0","3","1","0","0","2","0","0","2","0"
"784","3","forall NODE1,NODE0. ~held(NODE0) | ep_epoch0(NODE1) | ep_epoch2(NODE1) | ep_epoch4(NODE0) | ep_epoch5(NODE0) | locked_epoch2(NODE0) | NODE0 = NODE1","9","----000-0---1-----0-------------------","7","23","F","122","0110010020","0110010020","e0h1l0","----000-0---","1-","----0-------","------------","0","4","1","0","0","1","0","0","2","0"
"785","3","forall NODE1,NODE0. ~held(NODE0) | ep_epoch0(NODE1) | ep_epoch2(NODE1) | ep_epoch4(NODE0) | locked_epoch2(NODE0) | locked_epoch5(NODE0) | NODE0 = NODE1","9","----0-0-0---1-----0-----0-------------","7","23","F","122","0110010020","0110010020","e0h1l0","----0-0-0---","1-","----0-----0-","------------","0","3","1","0","0","2","0","0","2","0"
"786","3","forall NODE1,NODE0. ~held(NODE0) | ep_epoch0(NODE1) | ep_epoch2(NODE1) | ep_epoch4(NODE1) | locked_epoch2(NODE0) | locked_epoch3(NODE1) | NODE0 = NODE1","9","------0-0-0-1-----0--0----------------","7","23","F","122","0110010020","0110010020","e0h1l0","------0-0-0-","1-","----0--0----","------------","0","3","1","0","0","2","0","0","2","0"
"787","3","forall NODE1,NODE0. ~held(NODE0) | ep_epoch0(NODE1) | ep_epoch2(NODE1) | ep_epoch4(NODE1) | locked_epoch2(NODE0) | locked_epoch4(NODE0) | NODE0 = NODE1","9","------0-0-0-1-----0---0---------------","7","23","F","122","0110010020","0110010020","e0h1l0","------0-0-0-","1-","----0---0---","------------","0","3","1","0","0","2","0","0","2","0"
"788","3","forall NODE1,NODE0. ~held(NODE0) | ep_epoch0(NODE1) | ep_epoch2(NODE1) | ep_epoch5(NODE0) | locked_epoch2(NODE0) | locked_epoch3(NODE1) | NODE0 = NODE1","9","-----00-0---1-----0--0----------------","7","23","F","122","0110010020","0110010020","e0h1l0","-----00-0---","1-","----0--0----","------------","0","3","1","0","0","2","0","0","2","0"
"789","3","forall NODE1,NODE0. ~held(NODE0) | ep_epoch0(NODE1) | ep_epoch2(NODE1) | ep_epoch5(NODE0) | locked_epoch2(NODE0) | locked_epoch4(NODE0) | NODE0 = NODE1","9","-----00-0---1-----0---0---------------","7","23","F","122","0110010020","0110010020","e0h1l0","-----00-0---","1-","----0---0---","------------","0","3","1","0","0","2","0","0","2","0"
"790","3","forall NODE1,NODE0. ~held(NODE0) | ep_epoch0(NODE1) | ep_epoch2(NODE1) | locked_epoch2(NODE0) | locked_epoch3(NODE1) | locked_epoch4(NODE1) | NODE0 = NODE1","9","------0-0---1-----0--0-0--------------","7","23","F","122","0110010020","0110010020","e0h1l0","------0-0---","1-","----0--0-0--","------------","0","2","1","0","0","3","0","0","2","0"
"791","3","forall NODE1,NODE0. ~held(NODE0) | ep_epoch0(NODE1) | ep_epoch2(NODE1) | locked_epoch2(NODE0) | locked_epoch3(NODE1) | locked_epoch5(NODE0) | NODE0 = NODE1","9","------0-0---1-----0--0--0-------------","7","23","F","122","0110010020","0110010020","e0h1l0","------0-0---","1-","----0--0--0-","------------","0","2","1","0","0","3","0","0","2","0"
"792","3","forall NODE1,NODE0. ~held(NODE0) | ep_epoch0(NODE1) | ep_epoch2(NODE1) | locked_epoch2(NODE0) | locked_epoch4(NODE0) | locked_epoch4(NODE1) | NODE0 = NODE1","9","------0-0---1-----0---00--------------","7","23","F","122","0110010020","0110010020","e0h1l0","------0-0---","1-","----0---00--","------------","0","2","1","0","0","3","0","0","2","0"
"793","3","forall NODE1,NODE0. ~held(NODE0) | ep_epoch0(NODE1) | ep_epoch2(NODE1) | locked_epoch2(NODE0) | locked_epoch4(NODE0) | locked_epoch5(NODE0) | NODE0 = NODE1","9","------0-0---1-----0---0-0-------------","7","23","F","122","0110010020","0110010020","e0h1l0","------0-0---","1-","----0---0-0-","------------","0","2","1","0","0","3","0","0","2","0"
"794","3","forall NODE1,NODE0. ~held(NODE0) | ep_epoch0(NODE1) | ep_epoch3(NODE0) | ep_epoch4(NODE0) | ep_epoch5(NODE0) | locked_epoch2(NODE0) | NODE0 = NODE1","9","---0000-----1-----0-------------------","7","23","F","122","0110010020","0110010020","e0h1l0","---0000-----","1-","----0-------","------------","0","4","1","0","0","1","0","0","2","0"
"795","3","forall NODE1,NODE0. ~held(NODE0) | ep_epoch0(NODE1) | ep_epoch3(NODE0) | ep_epoch4(NODE0) | locked_epoch2(NODE0) | locked_epoch5(NODE0) | NODE0 = NODE1","9","---00-0-----1-----0-----0-------------","7","23","F","122","0110010020","0110010020","e0h1l0","---00-0-----","1-","----0-----0-","------------","0","3","1","0","0","2","0","0","2","0"
"796","3","forall NODE1,NODE0. ~held(NODE0) | ep_epoch0(NODE1) | ep_epoch3(NODE0) | ep_epoch4(NODE1) | locked_epoch2(NODE0) | locked_epoch4(NODE0) | NODE0 = NODE1","9","---0--0---0-1-----0---0---------------","7","23","F","122","0110010020","0110010020","e0h1l0","---0--0---0-","1-","----0---0---","------------","0","3","1","0","0","2","0","0","2","0"
"797","3","forall NODE1,NODE0. ~held(NODE0) | ep_epoch0(NODE1) | ep_epoch3(NODE0) | ep_epoch5(NODE0) | locked_epoch2(NODE0) | locked_epoch4(NODE0) | NODE0 = NODE1","9","---0-00-----1-----0---0---------------","7","23","F","122","0110010020","0110010020","e0h1l0","---0-00-----","1-","----0---0---","------------","0","3","1","0","0","2","0","0","2","0"
"798","3","forall NODE1,NODE0. ~held(NODE0) | ep_epoch0(NODE1) | ep_epoch3(NODE0) | locked_epoch2(NODE0) | locked_epoch4(NODE0) | locked_epoch4(NODE1) | NODE0 = NODE1","9","---0--0-----1-----0---00--------------","7","23","F","122","0110010020","0110010020","e0h1l0","---0--0-----","1-","----0---00--","------------","0","2","1","0","0","3","0","0","2","0"
"799","3","forall NODE1,NODE0. ~held(NODE0) | ep_epoch0(NODE1) | ep_epoch3(NODE0) | locked_epoch2(NODE0) | locked_epoch4(NODE0) | locked_epoch5(NODE0) | NODE0 = NODE1","9","---0--0-----1-----0---0-0-------------","7","23","F","122","0110010020","0110010020","e0h1l0","---0--0-----","1-","----0---0-0-","------------","0","2","1","0","0","3","0","0","2","0"
"800","3","forall NODE1,NODE0. ~held(NODE0) | ep_epoch0(NODE1) | ep_epoch3(NODE1) | ep_epoch4(NODE1) | locked_epoch2(NODE0) | locked_epoch3(NODE0) | NODE0 = NODE1","9","------0--00-1-----0-0-----------------","7","23","F","122","0110010020","0110010020","e0h1l0","------0--00-","1-","----0-0-----","------------","0","3","1","0","0","2","0","0","2","0"
"801","3","forall NODE1,NODE0. ~held(NODE0) | ep_epoch0(NODE1) | ep_epoch3(NODE1) | ep_epoch5(NODE0) | locked_epoch2(NODE0) | locked_epoch3(NODE0) | NODE0 = NODE1","9","-----00--0--1-----0-0-----------------","7","23","F","122","0110010020","0110010020","e0h1l0","-----00--0--","1-","----0-0-----","------------","0","3","1","0","0","2","0","0","2","0"
"802","3","forall NODE1,NODE0. ~held(NODE0) | ep_epoch0(NODE1) | ep_epoch3(NODE1) | locked_epoch2(NODE0) | locked_epoch3(NODE0) | locked_epoch4(NODE1) | NODE0 = NODE1","9","------0--0--1-----0-0--0--------------","7","23","F","122","0110010020","0110010020","e0h1l0","------0--0--","1-","----0-0--0--","------------","0","2","1","0","0","3","0","0","2","0"
"803","3","forall NODE1,NODE0. ~held(NODE0) | ep_epoch0(NODE1) | ep_epoch3(NODE1) | locked_epoch2(NODE0) | locked_epoch3(NODE0) | locked_epoch5(NODE0) | NODE0 = NODE1","9","------0--0--1-----0-0---0-------------","7","23","F","122","0110010020","0110010020","e0h1l0","------0--0--","1-","----0-0---0-","------------","0","2","1","0","0","3","0","0","2","0"
"804","3","forall NODE1,NODE0. ~held(NODE0) | ep_epoch0(NODE1) | ep_epoch4(NODE0) | ep_epoch5(NODE0) | locked_epoch2(NODE0) | locked_epoch3(NODE0) | NODE0 = NODE1","9","----000-----1-----0-0-----------------","7","23","F","122","0110010020","0110010020","e0h1l0","----000-----","1-","----0-0-----","------------","0","3","1","0","0","2","0","0","2","0"
"805","3","forall NODE1,NODE0. ~held(NODE0) | ep_epoch0(NODE1) | ep_epoch4(NODE0) | locked_epoch2(NODE0) | locked_epoch3(NODE0) | locked_epoch5(NODE0) | NODE0 = NODE1","9","----0-0-----1-----0-0---0-------------","7","23","F","122","0110010020","0110010020","e0h1l0","----0-0-----","1-","----0-0---0-","------------","0","2","1","0","0","3","0","0","2","0"
"806","3","forall NODE1,NODE0. ~held(NODE0) | ep_epoch0(NODE1) | ep_epoch4(NODE1) | locked_epoch2(NODE0) | locked_epoch3(NODE0) | locked_epoch4(NODE0) | NODE0 = NODE1","9","------0---0-1-----0-0-0---------------","7","23","F","122","0110010020","0110010020","e0h1l0","------0---0-","1-","----0-0-0---","------------","0","2","1","0","0","3","0","0","2","0"
"807","3","forall NODE1,NODE0. ~held(NODE0) | ep_epoch0(NODE1) | ep_epoch5(NODE0) | locked_epoch2(NODE0) | locked_epoch3(NODE0) | locked_epoch4(NODE0) | NODE0 = NODE1","9","-----00-----1-----0-0-0---------------","7","23","F","122","0110010020","0110010020","e0h1l0","-----00-----","1-","----0-0-0---","------------","0","2","1","0","0","3","0","0","2","0"
"808","3","forall NODE1,NODE0. ~held(NODE0) | ep_epoch0(NODE1) | locked_epoch2(NODE0) | locked_epoch3(NODE0) | locked_epoch4(NODE0) | locked_epoch4(NODE1) | NODE0 = NODE1","9","------0-----1-----0-0-00--------------","7","23","F","122","0110010020","0110010020","e0h1l0","------0-----","1-","----0-0-00--","------------","0","1","1","0","0","4","0","0","2","0"
"809","3","forall NODE1,NODE0. ~held(NODE0) | ep_epoch0(NODE1) | locked_epoch2(NODE0) | locked_epoch3(NODE0) | locked_epoch4(NODE0) | locked_epoch5(NODE0) | NODE0 = NODE1","9","------0-----1-----0-0-0-0-------------","7","23","F","122","0110010020","0110010020","e0h1l0","------0-----","1-","----0-0-0-0-","------------","0","1","1","0","0","4","0","0","2","0"
"810","2","forall NODE0. ~held(NODE0) | ep_epoch1(NODE0) | ep_epoch2(NODE0) | ep_epoch3(NODE0) | ep_epoch4(NODE0) | ep_epoch5(NODE0)","7","-00000------1-------------------------","6","24","F","1","0110000010","0110000010","e0h1","-00000------","1-","------------","------------","0","5","1","0","0","0","0","0","1","0"
"811","3","forall NODE0. ~held(NODE0) | ep_epoch1(NODE0) | ep_epoch2(NODE0) | ep_epoch3(NODE0) | ep_epoch4(NODE0) | locked_epoch5(NODE0)","7","-0000-------1-----------0-------------","6","25","F","15","0110010010","0110010010","e0h1l0","-0000-------","1-","----------0-","------------","0","4","1","0","0","1","0","0","1","0"
"812","3","forall NODE1,NODE0. ~held(NODE0) | ep_epoch1(NODE0) | ep_epoch2(NODE0) | ep_epoch3(NODE0) | ep_epoch4(NODE1) | locked_epoch4(NODE0) | NODE0 = NODE1","9","-000------0-1---------0---------------","7","23","F","122","0110010020","0110010020","e0h1l0","-000------0-","1-","--------0---","------------","0","4","1","0","0","1","0","0","2","0"
"813","3","forall NODE0. ~held(NODE0) | ep_epoch1(NODE0) | ep_epoch2(NODE0) | ep_epoch3(NODE0) | ep_epoch5(NODE0) | locked_epoch4(NODE0)","7","-000-0------1---------0---------------","6","25","F","15","0110010010","0110010010","e0h1l0","-000-0------","1-","--------0---","------------","0","4","1","0","0","1","0","0","1","0"
"814","3","forall NODE1,NODE0. ~held(NODE0) | ep_epoch1(NODE0) | ep_epoch2(NODE0) | ep_epoch3(NODE0) | locked_epoch4(NODE0) | locked_epoch4(NODE1) | NODE0 = NODE1","9","-000--------1---------00--------------","7","23","F","122","0110010020","0110010020","e0h1l0","-000--------","1-","--------00--","------------","0","3","1","0","0","2","0","0","2","0"
"815","3","forall NODE0. ~held(NODE0) | ep_epoch1(NODE0) | ep_epoch2(NODE0) | ep_epoch3(NODE0) | locked_epoch4(NODE0) | locked_epoch5(NODE0)","7","-000--------1---------0-0-------------","6","25","F","15","0110010010","0110010010","e0h1l0","-000--------","1-","--------0-0-","------------","0","3","1","0","0","2","0","0","1","0"
"816","3","forall NODE1,NODE0. ~held(NODE0) | ep_epoch1(NODE0) | ep_epoch2(NODE0) | ep_epoch3(NODE1) | ep_epoch4(NODE1) | locked_epoch3(NODE0) | NODE0 = NODE1","9","-00------00-1-------0-----------------","7","23","F","122","0110010020","0110010020","e0h1l0","-00------00-","1-","------0-----","------------","0","4","1","0","0","1","0","0","2","0"
"817","3","forall NODE1,NODE0. ~held(NODE0) | ep_epoch1(NODE0) | ep_epoch2(NODE0) | ep_epoch3(NODE1) | ep_epoch5(NODE0) | locked_epoch3(NODE0) | NODE0 = NODE1","9","-00--0---0--1-------0-----------------","7","23","F","122","0110010020","0110010020","e0h1l0","-00--0---0--","1-","------0-----","------------","0","4","1","0","0","1","0","0","2","0"
"818","3","forall NODE1,NODE0. ~held(NODE0) | ep_epoch1(NODE0) | ep_epoch2(NODE0) | ep_epoch3(NODE1) | locked_epoch3(NODE0) | locked_epoch4(NODE1) | NODE0 = NODE1","9","-00------0--1-------0--0--------------","7","23","F","122","0110010020","0110010020","e0h1l0","-00------0--","1-","------0--0--","------------","0","3","1","0","0","2","0","0","2","0"
"819","3","forall NODE1,NODE0. ~held(NODE0) | ep_epoch1(NODE0) | ep_epoch2(NODE0) | ep_epoch3(NODE1) | locked_epoch3(NODE0) | locked_epoch5(NODE0) | NODE0 = NODE1","9","-00------0--1-------0---0-------------","7","23","F","122","0110010020","0110010020","e0h1l0","-00------0--","1-","------0---0-","------------","0","3","1","0","0","2","0","0","2","0"
"820","3","forall NODE0. ~held(NODE0) | ep_epoch1(NODE0) | ep_epoch2(NODE0) | ep_epoch4(NODE0) | ep_epoch5(NODE0) | locked_epoch3(NODE0)","7","-00-00------1-------0-----------------","6","25","F","15","0110010010","0110010010","e0h1l0","-00-00------","1-","------0-----","------------","0","4","1","0","0","1","0","0","1","0"
"821","3","forall NODE0. ~held(NODE0) | ep_epoch1(NODE0) | ep_epoch2(NODE0) | ep_epoch4(NODE0) | locked_epoch3(NODE0) | locked_epoch5(NODE0)","7","-00-0-------1-------0---0-------------","6","25","F","15","0110010010","0110010010","e0h1l0","-00-0-------","1-","------0---0-","------------","0","3","1","0","0","2","0","0","1","0"
"822","3","forall NODE1,NODE0. ~held(NODE0) | ep_epoch1(NODE0) | ep_epoch2(NODE0) | ep_epoch4(NODE1) | locked_epoch3(NODE0) | locked_epoch4(NODE0) | NODE0 = NODE1","9","-00-------0-1-------0-0---------------","7","23","F","122","0110010020","0110010020","e0h1l0","-00-------0-","1-","------0-0---","------------","0","3","1","0","0","2","0","0","2","0"
"823","3","forall NODE0. ~held(NODE0) | ep_epoch1(NODE0) | ep_epoch2(NODE0) | ep_epoch5(NODE0) | locked_epoch3(NODE0) | locked_epoch4(NODE0)","7","-00--0------1-------0-0---------------","6","25","F","15","0110010010","0110010010","e0h1l0","-00--0------","1-","------0-0---","------------","0","3","1","0","0","2","0","0","1","0"
"824","3","forall NODE1,NODE0. ~held(NODE0) | ep_epoch1(NODE0) | ep_epoch2(NODE0) | locked_epoch3(NODE0) | locked_epoch4(NODE0) | locked_epoch4(NODE1) | NODE0 = NODE1","9","-00---------1-------0-00--------------","7","23","F","122","0110010020","0110010020","e0h1l0","-00---------","1-","------0-00--","------------","0","2","1","0","0","3","0","0","2","0"
"825","3","forall NODE0. ~held(NODE0) | ep_epoch1(NODE0) | ep_epoch2(NODE0) | locked_epoch3(NODE0) | locked_epoch4(NODE0) | locked_epoch5(NODE0)","7","-00---------1-------0-0-0-------------","6","25","F","15","0110010010","0110010010","e0h1l0","-00---------","1-","------0-0-0-","------------","0","2","1","0","0","3","0","0","1","0"
"826","3","forall NODE1,NODE0. ~held(NODE0) | ep_epoch1(NODE0) | ep_epoch2(NODE1) | ep_epoch3(NODE1) | ep_epoch4(NODE1) | locked_epoch2(NODE0) | NODE0 = NODE1","9","-0------000-1-----0-------------------","7","23","F","122","0110010020","0110010020","e0h1l0","-0------000-","1-","----0-------","------------","0","4","1","0","0","1","0","0","2","0"
"827","3","forall NODE1,NODE0. ~held(NODE0) | ep_epoch1(NODE0) | ep_epoch2(NODE1) | ep_epoch3(NODE1) | ep_epoch5(NODE0) | locked_epoch2(NODE0) | NODE0 = NODE1","9","-0---0--00--1-----0-------------------","7","23","F","122","0110010020","0110010020","e0h1l0","-0---0--00--","1-","----0-------","------------","0","4","1","0","0","1","0","0","2","0"
"828","3","forall NODE1,NODE0. ~held(NODE0) | ep_epoch1(NODE0) | ep_epoch2(NODE1) | ep_epoch3(NODE1) | locked_epoch2(NODE0) | locked_epoch4(NODE1) | NODE0 = NODE1","9","-0------00--1-----0----0--------------","7","23","F","122","0110010020","0110010020","e0h1l0","-0------00--","1-","----0----0--","------------","0","3","1","0","0","2","0","0","2","0"
"829","3","forall NODE1,NODE0. ~held(NODE0) | ep_epoch1(NODE0) | ep_epoch2(NODE1) | ep_epoch3(NODE1) | locked_epoch2(NODE0) | locked_epoch5(NODE0) | NODE0 = NODE1","9","-0------00--1-----0-----0-------------","7","23","F","122","0110010020","0110010020","e0h1l0","-0------00--","1-","----0-----0-","------------","0","3","1","0","0","2","0","0","2","0"
"830","3","forall NODE1,NODE0. ~held(NODE0) | ep_epoch1(NODE0) | ep_epoch2(NODE1) | ep_epoch4(NODE0) | ep_epoch5(NODE0) | locked_epoch2(NODE0) | NODE0 = NODE1","9","-0--00--0---1-----0-------------------","7","23","F","122","0110010020","0110010020","e0h1l0","-0--00--0---","1-","----0-------","------------","0","4","1","0","0","1","0","0","2","0"
"831","3","forall NODE1,NODE0. ~held(NODE0) | ep_epoch1(NODE0) | ep_epoch2(NODE1) | ep_epoch4(NODE0) | locked_epoch2(NODE0) | locked_epoch5(NODE0) | NODE0 = NODE1","9","-0--0---0---1-----0-----0-------------","7","23","F","122","0110010020","0110010020","e0h1l0","-0--0---0---","1-","----0-----0-","------------","0","3","1","0","0","2","0","0","2","0"
"832","3","forall NODE1,NODE0. ~held(NODE0) | ep_epoch1(NODE0) | ep_epoch2(NODE1) | ep_epoch4(NODE1) | locked_epoch2(NODE0) | locked_epoch3(NODE1) | NODE0 = NODE1","9","-0------0-0-1-----0--0----------------","7","23","F","122","0110010020","0110010020","e0h1l0","-0------0-0-","1-","----0--0----","------------","0","3","1","0","0","2","0","0","2","0"
"833","3","forall NODE1,NODE0. ~held(NODE0) | ep_epoch1(NODE0) | ep_epoch2(NODE1) | ep_epoch4(NODE1) | locked_epoch2(NODE0) | locked_epoch4(NODE0) | NODE0 = NODE1","9","-0------0-0-1-----0---0---------------","7","23","F","122","0110010020","0110010020","e0h1l0","-0------0-0-","1-","----0---0---","------------","0","3","1","0","0","2","0","0","2","0"
"834","3","forall NODE1,NODE0. ~held(NODE0) | ep_epoch1(NODE0) | ep_epoch2(NODE1) | ep_epoch5(NODE0) | locked_epoch2(NODE0) | locked_epoch3(NODE1) | NODE0 = NODE1","9","-0---0--0---1-----0--0----------------","7","23","F","122","0110010020","0110010020","e0h1l0","-0---0--0---","1-","----0--0----","------------","0","3","1","0","0","2","0","0","2","0"
"835","3","forall NODE1,NODE0. ~held(NODE0) | ep_epoch1(NODE0) | ep_epoch2(NODE1) | ep_epoch5(NODE0) | locked_epoch2(NODE0) | locked_epoch4(NODE0) | NODE0 = NODE1","9","-0---0--0---1-----0---0---------------","7","23","F","122","0110010020","0110010020","e0h1l0","-0---0--0---","1-","----0---0---","------------","0","3","1","0","0","2","0","0","2","0"
"836","3","forall NODE1,NODE0. ~held(NODE0) | ep_epoch1(NODE0) | ep_epoch2(NODE1) | locked_epoch2(NODE0) | locked_epoch3(NODE1) | locked_epoch4(NODE1) | NODE0 = NODE1","9","-0------0---1-----0--0-0--------------","7","23","F","122","0110010020","0110010020","e0h1l0","-0------0---","1-","----0--0-0--","------------","0","2","1","0","0","3","0","0","2","0"
"837","3","forall NODE1,NODE0. ~held(NODE0) | ep_epoch1(NODE0) | ep_epoch2(NODE1) | locked_epoch2(NODE0) | locked_epoch3(NODE1) | locked_epoch5(NODE0) | NODE0 = NODE1","9","-0------0---1-----0--0--0-------------","7","23","F","122","0110010020","0110010020","e0h1l0","-0------0---","1-","----0--0--0-","------------","0","2","1","0","0","3","0","0","2","0"
"838","3","forall NODE1,NODE0. ~held(NODE0) | ep_epoch1(NODE0) | ep_epoch2(NODE1) | locked_epoch2(NODE0) | locked_epoch4(NODE0) | locked_epoch4(NODE1) | NODE0 = NODE1","9","-0------0---1-----0---00--------------","7","23","F","122","0110010020","0110010020","e0h1l0","-0------0---","1-","----0---00--","------------","0","2","1","0","0","3","0","0","2","0"
"839","3","forall NODE1,NODE0. ~held(NODE0) | ep_epoch1(NODE0) | ep_epoch2(NODE1) | locked_epoch2(NODE0) | locked_epoch4(NODE0) | locked_epoch5(NODE0) | NODE0 = NODE1","9","-0------0---1-----0---0-0-------------","7","23","F","122","0110010020","0110010020","e0h1l0","-0------0---","1-","----0---0-0-","------------","0","2","1","0","0","3","0","0","2","0"
"840","3","forall NODE0. ~held(NODE0) | ep_epoch1(NODE0) | ep_epoch3(NODE0) | ep_epoch4(NODE0) | ep_epoch5(NODE0) | locked_epoch2(NODE0)","7","-0-000------1-----0-------------------","6","25","F","15","0110010010","0110010010","e0h1l0","-0-000------","1-","----0-------","------------","0","4","1","0","0","1","0","0","1","0"
"841","3","forall NODE0. ~held(NODE0) | ep_epoch1(NODE0) | ep_epoch3(NODE0) | ep_epoch4(NODE0) | locked_epoch2(NODE0) | locked_epoch5(NODE0)","7","-0-00-------1-----0-----0-------------","6","25","F","15","0110010010","0110010010","e0h1l0","-0-00-------","1-","----0-----0-","------------","0","3","1","0","0","2","0","0","1","0"
"842","3","forall NODE1,NODE0. ~held(NODE0) | ep_epoch1(NODE0) | ep_epoch3(NODE0) | ep_epoch4(NODE1) | locked_epoch2(NODE0) | locked_epoch4(NODE0) | NODE0 = NODE1","9","-0-0------0-1-----0---0---------------","7","23","F","122","0110010020","0110010020","e0h1l0","-0-0------0-","1-","----0---0---","------------","0","3","1","0","0","2","0","0","2","0"
"843","3","forall NODE0. ~held(NODE0) | ep_epoch1(NODE0) | ep_epoch3(NODE0) | ep_epoch5(NODE0) | locked_epoch2(NODE0) | locked_epoch4(NODE0)","7","-0-0-0------1-----0---0---------------","6","25","F","15","0110010010","0110010010","e0h1l0","-0-0-0------","1-","----0---0---","------------","0","3","1","0","0","2","0","0","1","0"
"844","3","forall NODE1,NODE0. ~held(NODE0) | ep_epoch1(NODE0) | ep_epoch3(NODE0) | locked_epoch2(NODE0) | locked_epoch4(NODE0) | locked_epoch4(NODE1) | NODE0 = NODE1","9","-0-0--------1-----0---00--------------","7","23","F","122","0110010020","0110010020","e0h1l0","-0-0--------","1-","----0---00--","------------","0","2","1","0","0","3","0","0","2","0"
"845","3","forall NODE0. ~held(NODE0) | ep_epoch1(NODE0) | ep_epoch3(NODE0) | locked_epoch2(NODE0) | locked_epoch4(NODE0) | locked_epoch5(NODE0)","7","-0-0--------1-----0---0-0-------------","6","25","F","15","0110010010","0110010010","e0h1l0","-0-0--------","1-","----0---0-0-","------------","0","2","1","0","0","3","0","0","1","0"
"846","3","forall NODE1,NODE0. ~held(NODE0) | ep_epoch1(NODE0) | ep_epoch3(NODE1) | ep_epoch4(NODE1) | locked_epoch2(NODE0) | locked_epoch3(NODE0) | NODE0 = NODE1","9","-0-------00-1-----0-0-----------------","7","23","F","122","0110010020","0110010020","e0h1l0","-0-------00-","1-","----0-0-----","------------","0","3","1","0","0","2","0","0","2","0"
"847","3","forall NODE1,NODE0. ~held(NODE0) | ep_epoch1(NODE0) | ep_epoch3(NODE1) | ep_epoch5(NODE0) | locked_epoch2(NODE0) | locked_epoch3(NODE0) | NODE0 = NODE1","9","-0---0---0--1-----0-0-----------------","7","23","F","122","0110010020","0110010020","e0h1l0","-0---0---0--","1-","----0-0-----","------------","0","3","1","0","0","2","0","0","2","0"
"848","3","forall NODE1,NODE0. ~held(NODE0) | ep_epoch1(NODE0) | ep_epoch3(NODE1) | locked_epoch2(NODE0) | locked_epoch3(NODE0) | locked_epoch4(NODE1) | NODE0 = NODE1","9","-0-------0--1-----0-0--0--------------","7","23","F","122","0110010020","0110010020","e0h1l0","-0-------0--","1-","----0-0--0--","------------","0","2","1","0","0","3","0","0","2","0"
"849","3","forall NODE1,NODE0. ~held(NODE0) | ep_epoch1(NODE0) | ep_epoch3(NODE1) | locked_epoch2(NODE0) | locked_epoch3(NODE0) | locked_epoch5(NODE0) | NODE0 = NODE1","9","-0-------0--1-----0-0---0-------------","7","23","F","122","0110010020","0110010020","e0h1l0","-0-------0--","1-","----0-0---0-","------------","0","2","1","0","0","3","0","0","2","0"
"850","3","forall NODE0. ~held(NODE0) | ep_epoch1(NODE0) | ep_epoch4(NODE0) | ep_epoch5(NODE0) | locked_epoch2(NODE0) | locked_epoch3(NODE0)","7","-0--00------1-----0-0-----------------","6","25","F","15","0110010010","0110010010","e0h1l0","-0--00------","1-","----0-0-----","------------","0","3","1","0","0","2","0","0","1","0"
"851","3","forall NODE0. ~held(NODE0) | ep_epoch1(NODE0) | ep_epoch4(NODE0) | locked_epoch2(NODE0) | locked_epoch3(NODE0) | locked_epoch5(NODE0)","7","-0--0-------1-----0-0---0-------------","6","25","F","15","0110010010","0110010010","e0h1l0","-0--0-------","1-","----0-0---0-","------------","0","2","1","0","0","3","0","0","1","0"
"852","3","forall NODE1,NODE0. ~held(NODE0) | ep_epoch1(NODE0) | ep_epoch4(NODE1) | locked_epoch2(NODE0) | locked_epoch3(NODE0) | locked_epoch4(NODE0) | NODE0 = NODE1","9","-0--------0-1-----0-0-0---------------","7","23","F","122","0110010020","0110010020","e0h1l0","-0--------0-","1-","----0-0-0---","------------","0","2","1","0","0","3","0","0","2","0"
"853","3","forall NODE0. ~held(NODE0) | ep_epoch1(NODE0) | ep_epoch5(NODE0) | locked_epoch2(NODE0) | locked_epoch3(NODE0) | locked_epoch4(NODE0)","7","-0---0------1-----0-0-0---------------","6","25","F","15","0110010010","0110010010","e0h1l0","-0---0------","1-","----0-0-0---","------------","0","2","1","0","0","3","0","0","1","0"
"854","3","forall NODE1,NODE0. ~held(NODE0) | ep_epoch1(NODE0) | locked_epoch2(NODE0) | locked_epoch3(NODE0) | locked_epoch4(NODE0) | locked_epoch4(NODE1) | NODE0 = NODE1","9","-0----------1-----0-0-00--------------","7","23","F","122","0110010020","0110010020","e0h1l0","-0----------","1-","----0-0-00--","------------","0","1","1","0","0","4","0","0","2","0"
"855","3","forall NODE0. ~held(NODE0) | ep_epoch1(NODE0) | locked_epoch2(NODE0) | locked_epoch3(NODE0) | locked_epoch4(NODE0) | locked_epoch5(NODE0)","7","-0----------1-----0-0-0-0-------------","6","25","F","15","0110010010","0110010010","e0h1l0","-0----------","1-","----0-0-0-0-","------------","0","1","1","0","0","4","0","0","1","0"
"856","2","forall NODE1,NODE0. ~locked_epoch2(NODE0) | ~locked_epoch3(NODE0) | ~locked_epoch4(NODE0) | ~locked_epoch5(NODE0) | ep_epoch0(NODE1) | ep_epoch1(NODE1) | NODE0 = NODE1","9","------00----------1-1-1-1-------------","7","26","F","42","0100100020","0100100020","e0l1","------00----","--","----1-1-1-1-","------------","0","2","0","0","4","0","0","0","2","0"
"857","3","forall NODE2,NODE1,NODE0. ~locked_epoch2(NODE0) | ~locked_epoch3(NODE0) | ~locked_epoch4(NODE0) | ~transfer_epoch5(NODE1) | ep_epoch0(NODE2) | ep_epoch1(NODE2) | ((NODE1 ~= NODE2 | NODE0 = NODE1) & (NODE0 ~= NODE1 | NODE0 = NODE2))","13","------00----------1-1-1-------------1-","10","56","F","20","0100101030","0100101030","e0l1t1","------00----","--","----1-1-1---","----------1-","0","2","0","0","3","0","1","0","3","0"
"858","2","forall NODE1,NODE0. ~locked_epoch2(NODE0) | ~locked_epoch3(NODE0) | ~locked_epoch4(NODE0) | ep_epoch0(NODE1) | ep_epoch1(NODE1) | ep_epoch4(NODE0) | NODE0 = NODE1","9","----0-00----------1-1-1---------------","7","26","F","42","0100100020","0100100020","e0l1","----0-00----","--","----1-1-1---","------------","0","3","0","0","3","0","0","0","2","0"
"859","2","forall NODE1,NODE0. ~locked_epoch2(NODE0) | ~locked_epoch3(NODE0) | ~locked_epoch4(NODE0) | ep_epoch0(NODE1) | ep_epoch1(NODE1) | ep_epoch5(NODE1) | NODE0 = NODE1","9","------00---0------1-1-1---------------","7","26","F","42","0100100020","0100100020","e0l1","------00---0","--","----1-1-1---","------------","0","3","0","0","3","0","0","0","2","0"
"860","3","forall NODE1,NODE0. ~locked_epoch2(NODE0) | ~locked_epoch3(NODE0) | ~locked_epoch4(NODE0) | ep_epoch0(NODE1) | ep_epoch1(NODE1) | held(NODE1) | NODE0 = NODE1","9","------00-----0----1-1-1---------------","7","57","F","16","0101100020","0101100020","e0h0l1","------00----","-0","----1-1-1---","------------","0","2","0","1","3","0","0","0","2","0"
"861","3","forall NODE1,NODE0. ~locked_epoch2(NODE0) | ~locked_epoch3(NODE0) | ~locked_epoch4(NODE0) | ep_epoch0(NODE1) | ep_epoch1(NODE1) | locked_epoch5(NODE1) | NODE0 = NODE1","9","------00----------1-1-1--0------------","7","51","F","149","0100110020","0100110020","e0l1l0","------00----","--","----1-1-1--0","------------","0","2","0","0","3","1","0","0","2","0"
"862","2","forall NODE1,NODE0. ~locked_epoch2(NODE0) | ~locked_epoch3(NODE0) | ~locked_epoch5(NODE0) | ep_epoch0(NODE1) | ep_epoch1(NODE1) | ep_epoch4(NODE1) | NODE0 = NODE1","9","------00--0-------1-1---1-------------","7","26","F","42","0100100020","0100100020","e0l1","------00--0-","--","----1-1---1-","------------","0","3","0","0","3","0","0","0","2","0"
"863","3","forall NODE1,NODE0. ~locked_epoch2(NODE0) | ~locked_epoch3(NODE0) | ~locked_epoch5(NODE0) | ep_epoch0(NODE1) | ep_epoch1(NODE1) | locked_epoch4(NODE1) | NODE0 = NODE1","9","------00----------1-1--01-------------","7","51","F","149","0100110020","0100110020","e0l1l0","------00----","--","----1-1--01-","------------","0","2","0","0","3","1","0","0","2","0"
"864","3","forall NODE2,NODE1,NODE0. ~locked_epoch2(NODE0) | ~locked_epoch3(NODE0) | ~transfer_epoch5(NODE1) | ep_epoch0(NODE2) | ep_epoch1(NODE2) | ep_epoch3(NODE0) | ((NODE0 ~= NODE1 | NODE0 = NODE2) & (NODE1 ~= NODE2 | NODE0 = NODE1))","13","---0--00----------1-1---------------1-","10","56","F","20","0100101030","0100101030","e0l1t1","---0--00----","--","----1-1-----","----------1-","0","3","0","0","2","0","1","0","3","0"
"865","3","forall NODE2,NODE1,NODE0. ~locked_epoch2(NODE0) | ~locked_epoch3(NODE0) | ~transfer_epoch5(NODE1) | ep_epoch0(NODE2) | ep_epoch1(NODE2) | ep_epoch4(NODE2) | ((NODE0 ~= NODE1 | NODE0 = NODE2) & (NODE1 ~= NODE2 | NODE0 = NODE1))","13","------00--0-------1-1---------------1-","10","56","F","20","0100101030","0100101030","e0l1t1","------00--0-","--","----1-1-----","----------1-","0","3","0","0","2","0","1","0","3","0"
"866","4","forall NODE2,NODE1,NODE0. ~locked_epoch2(NODE0) | ~locked_epoch3(NODE0) | ~transfer_epoch5(NODE1) | ep_epoch0(NODE2) | ep_epoch1(NODE2) | locked_epoch4(NODE2) | ((NODE0 ~= NODE1 | NODE0 = NODE2) & (NODE1 ~= NODE2 | NODE0 = NODE1))","13","------00----------1-1--0------------1-","10","74","F","27","0100111030","0100111030","e0l1l0t1","------00----","--","----1-1--0--","----------1-","0","2","0","0","2","1","1","0","3","0"
"867","3","forall NODE1,NODE0. ~locked_epoch2(NODE0) | ~locked_epoch3(NODE0) | ep_epoch0(NODE1) | ep_epoch1(NODE1) | ep_epoch4(NODE0) | locked_epoch4(NODE1) | NODE0 = NODE1","9","----0-00----------1-1--0--------------","7","51","F","149","0100110020","0100110020","e0l1l0","----0-00----","--","----1-1--0--","------------","0","3","0","0","2","1","0","0","2","0"
"868","2","forall NODE1,NODE0. ~locked_epoch2(NODE0) | ~locked_epoch3(NODE0) | ep_epoch0(NODE1) | ep_epoch1(NODE1) | ep_epoch4(NODE1) | ep_epoch5(NODE1) | NODE0 = NODE1","9","------00--00------1-1-----------------","7","26","F","42","0100100020","0100100020","e0l1","------00--00","--","----1-1-----","------------","0","4","0","0","2","0","0","0","2","0"
"869","3","forall NODE1,NODE0. ~locked_epoch2(NODE0) | ~locked_epoch3(NODE0) | ep_epoch0(NODE1) | ep_epoch1(NODE1) | ep_epoch4(NODE1) | held(NODE1) | NODE0 = NODE1","9","------00--0--0----1-1-----------------","7","57","F","16","0101100020","0101100020","e0h0l1","------00--0-","-0","----1-1-----","------------","0","3","0","1","2","0","0","0","2","0"
"870","3","forall NODE1,NODE0. ~locked_epoch2(NODE0) | ~locked_epoch3(NODE0) | ep_epoch0(NODE1) | ep_epoch1(NODE1) | ep_epoch4(NODE1) | locked_epoch5(NODE1) | NODE0 = NODE1","9","------00--0-------1-1----0------------","7","51","F","149","0100110020","0100110020","e0l1l0","------00--0-","--","----1-1----0","------------","0","3","0","0","2","1","0","0","2","0"
"871","3","forall NODE1,NODE0. ~locked_epoch2(NODE0) | ~locked_epoch3(NODE0) | ep_epoch0(NODE1) | ep_epoch1(NODE1) | ep_epoch5(NODE1) | locked_epoch4(NODE1) | NODE0 = NODE1","9","------00---0------1-1--0--------------","7","51","F","149","0100110020","0100110020","e0l1l0","------00---0","--","----1-1--0--","------------","0","3","0","0","2","1","0","0","2","0"
"872","4","forall NODE1,NODE0. ~locked_epoch2(NODE0) | ~locked_epoch3(NODE0) | ep_epoch0(NODE1) | ep_epoch1(NODE1) | held(NODE1) | locked_epoch4(NODE1) | NODE0 = NODE1","9","------00-----0----1-1--0--------------","7","75","F","28","0101110020","0101110020","e0h0l1l0","------00----","-0","----1-1--0--","------------","0","2","0","1","2","1","0","0","2","0"
"873","3","forall NODE1,NODE0. ~locked_epoch2(NODE0) | ~locked_epoch3(NODE0) | ep_epoch0(NODE1) | ep_epoch1(NODE1) | locked_epoch4(NODE0) | locked_epoch4(NODE1) | NODE0 = NODE1","9","------00----------1-1-00--------------","7","51","F","149","0100110020","0100110020","e0l1l0","------00----","--","----1-1-00--","------------","0","2","0","0","2","2","0","0","2","0"
"874","3","forall NODE1,NODE0. ~locked_epoch2(NODE0) | ~locked_epoch3(NODE0) | ep_epoch0(NODE1) | ep_epoch1(NODE1) | locked_epoch4(NODE1) | locked_epoch5(NODE1) | NODE0 = NODE1","9","------00----------1-1--0-0------------","7","51","F","149","0100110020","0100110020","e0l1l0","------00----","--","----1-1--0-0","------------","0","2","0","0","2","2","0","0","2","0"
"875","2","forall NODE1,NODE0. ~locked_epoch2(NODE0) | ~locked_epoch3(NODE1) | ep_epoch2(NODE0) | ep_epoch3(NODE1) | ep_epoch4(NODE0) | ep_epoch4(NODE1) | NODE0 = NODE1","9","--0-0----00-------1--1----------------","7","26","F","42","0100100020","0100100020","e0l1","--0-0----00-","--","----1--1----","------------","0","4","0","0","2","0","0","0","2","0"
"876","2","forall NODE1,NODE0. ~locked_epoch2(NODE0) | ~locked_epoch3(NODE1) | ep_epoch2(NODE0) | ep_epoch3(NODE1) | ep_epoch5(NODE0) | ep_epoch5(NODE1) | NODE0 = NODE1","9","--0--0---0-0------1--1----------------","7","26","F","42","0100100020","0100100020","e0l1","--0--0---0-0","--","----1--1----","------------","0","4","0","0","2","0","0","0","2","0"
"877","3","forall NODE2,NODE1,NODE0,NODE3. ~locked_epoch2(NODE0) | ~locked_epoch3(NODE1) | ep_epoch2(NODE0) | ep_epoch3(NODE1) | ep_epoch5(NODE2) | held(NODE3) | ((NODE0 ~= NODE2 | NODE1 ~= NODE3 | NODE0 = NODE1) & (NODE0 ~= NODE3 | NODE1 ~= NODE2 | NODE0 = NODE1))","16","--0--0---0---0----1--1----------------","12","78","F","5","0101100040","0101100040","e0h0l1","--0--0---0--","-0","----1--1----","------------","0","3","0","1","2","0","0","0","4","0"
"878","3","forall NODE2,NODE1,NODE0,NODE3. ~locked_epoch2(NODE0) | ~locked_epoch3(NODE1) | ep_epoch2(NODE0) | ep_epoch3(NODE1) | ep_epoch5(NODE2) | locked_epoch5(NODE3) | ((NODE0 ~= NODE3 | NODE1 ~= NODE2 | NODE0 = NODE1) & (NODE0 ~= NODE2 | NODE1 ~= NODE3 | NODE0 = NODE1))","16","--0--0---0--------1--1---0------------","12","79","F","11","0100110040","0100110040","e0l1l0","--0--0---0--","--","----1--1---0","------------","0","3","0","0","2","1","0","0","4","0"
"879","3","forall NODE1,NODE0. ~locked_epoch2(NODE0) | ~locked_epoch3(NODE1) | ep_epoch2(NODE0) | ep_epoch3(NODE1) | held(NODE0) | held(NODE1) | NODE0 = NODE1","9","--0------0--00----1--1----------------","7","57","F","16","0101100020","0101100020","e0h0l1","--0------0--","00","----1--1----","------------","0","2","0","2","2","0","0","0","2","0"
"880","4","forall NODE2,NODE1,NODE0,NODE3. ~locked_epoch2(NODE0) | ~locked_epoch3(NODE1) | ep_epoch2(NODE0) | ep_epoch3(NODE1) | held(NODE2) | locked_epoch5(NODE3) | ((NODE0 ~= NODE3 | NODE1 ~= NODE2 | NODE0 = NODE1) & (NODE0 ~= NODE2 | NODE1 ~= NODE3 | NODE0 = NODE1))","16","--0------0--0-----1--1---0------------","12","80","F","14","0101110040","0101110040","e0h0l1l0","--0------0--","0-","----1--1---0","------------","0","2","0","1","2","1","0","0","4","0"
"881","3","forall NODE1,NODE0. ~locked_epoch2(NODE0) | ~locked_epoch3(NODE1) | ep_epoch2(NODE0) | ep_epoch3(NODE1) | locked_epoch5(NODE0) | locked_epoch5(NODE1) | NODE0 = NODE1","9","--0------0--------1--1--00------------","7","51","F","149","0100110020","0100110020","e0l1l0","--0------0--","--","----1--1--00","------------","0","2","0","0","2","2","0","0","2","0"
"882","2","forall NODE1,NODE0. ~locked_epoch2(NODE0) | ~locked_epoch4(NODE0) | ~locked_epoch5(NODE0) | ep_epoch0(NODE1) | ep_epoch1(NODE1) | ep_epoch3(NODE1) | NODE0 = NODE1","9","------00-0--------1---1-1-------------","7","26","F","42","0100100020","0100100020","e0l1","------00-0--","--","----1---1-1-","------------","0","3","0","0","3","0","0","0","2","0"
"883","3","forall NODE1,NODE0. ~locked_epoch2(NODE0) | ~locked_epoch4(NODE0) | ~locked_epoch5(NODE0) | ep_epoch0(NODE1) | ep_epoch1(NODE1) | locked_epoch3(NODE1) | NODE0 = NODE1","9","------00----------1--01-1-------------","7","51","F","149","0100110020","0100110020","e0l1l0","------00----","--","----1--01-1-","------------","0","2","0","0","3","1","0","0","2","0"
"884","3","forall NODE2,NODE1,NODE0. ~locked_epoch2(NODE0) | ~locked_epoch4(NODE0) | ~transfer_epoch5(NODE1) | ep_epoch0(NODE2) | ep_epoch1(NODE2) | ep_epoch3(NODE2) | ((NODE1 ~= NODE2 | NODE0 = NODE1) & (NODE0 ~= NODE1 | NODE0 = NODE2))","13","------00-0--------1---1-------------1-","10","56","F","20","0100101030","0100101030","e0l1t1","------00-0--","--","----1---1---","----------1-","0","3","0","0","2","0","1","0","3","0"
"885","4","forall NODE2,NODE1,NODE0. ~locked_epoch2(NODE0) | ~locked_epoch4(NODE0) | ~transfer_epoch5(NODE1) | ep_epoch0(NODE2) | ep_epoch1(NODE2) | locked_epoch3(NODE2) | ((NODE1 ~= NODE2 | NODE0 = NODE1) & (NODE0 ~= NODE1 | NODE0 = NODE2))","13","------00----------1--01-------------1-","10","74","F","27","0100111030","0100111030","e0l1l0t1","------00----","--","----1--01---","----------1-","0","2","0","0","2","1","1","0","3","0"
"886","2","forall NODE1,NODE0. ~locked_epoch2(NODE0) | ~locked_epoch4(NODE0) | ep_epoch0(NODE1) | ep_epoch1(NODE1) | ep_epoch3(NODE1) | ep_epoch4(NODE0) | NODE0 = NODE1","9","----0-00-0--------1---1---------------","7","26","F","42","0100100020","0100100020","e0l1","----0-00-0--","--","----1---1---","------------","0","4","0","0","2","0","0","0","2","0"
"887","2","forall NODE1,NODE0. ~locked_epoch2(NODE0) | ~locked_epoch4(NODE0) | ep_epoch0(NODE1) | ep_epoch1(NODE1) | ep_epoch3(NODE1) | ep_epoch5(NODE1) | NODE0 = NODE1","9","------00-0-0------1---1---------------","7","26","F","42","0100100020","0100100020","e0l1","------00-0-0","--","----1---1---","------------","0","4","0","0","2","0","0","0","2","0"
"888","3","forall NODE1,NODE0. ~locked_epoch2(NODE0) | ~locked_epoch4(NODE0) | ep_epoch0(NODE1) | ep_epoch1(NODE1) | ep_epoch3(NODE1) | held(NODE1) | NODE0 = NODE1","9","------00-0---0----1---1---------------","7","57","F","16","0101100020","0101100020","e0h0l1","------00-0--","-0","----1---1---","------------","0","3","0","1","2","0","0","0","2","0"
"889","3","forall NODE1,NODE0. ~locked_epoch2(NODE0) | ~locked_epoch4(NODE0) | ep_epoch0(NODE1) | ep_epoch1(NODE1) | ep_epoch3(NODE1) | locked_epoch5(NODE1) | NODE0 = NODE1","9","------00-0--------1---1--0------------","7","51","F","149","0100110020","0100110020","e0l1l0","------00-0--","--","----1---1--0","------------","0","3","0","0","2","1","0","0","2","0"
"890","3","forall NODE1,NODE0. ~locked_epoch2(NODE0) | ~locked_epoch4(NODE0) | ep_epoch0(NODE1) | ep_epoch1(NODE1) | ep_epoch4(NODE0) | locked_epoch3(NODE1) | NODE0 = NODE1","9","----0-00----------1--01---------------","7","51","F","149","0100110020","0100110020","e0l1l0","----0-00----","--","----1--01---","------------","0","3","0","0","2","1","0","0","2","0"
"891","3","forall NODE1,NODE0. ~locked_epoch2(NODE0) | ~locked_epoch4(NODE0) | ep_epoch0(NODE1) | ep_epoch1(NODE1) | ep_epoch5(NODE1) | locked_epoch3(NODE1) | NODE0 = NODE1","9","------00---0------1--01---------------","7","51","F","149","0100110020","0100110020","e0l1l0","------00---0","--","----1--01---","------------","0","3","0","0","2","1","0","0","2","0"
"892","4","forall NODE1,NODE0. ~locked_epoch2(NODE0) | ~locked_epoch4(NODE0) | ep_epoch0(NODE1) | ep_epoch1(NODE1) | held(NODE1) | locked_epoch3(NODE1) | NODE0 = NODE1","9","------00-----0----1--01---------------","7","75","F","28","0101110020","0101110020","e0h0l1l0","------00----","-0","----1--01---","------------","0","2","0","1","2","1","0","0","2","0"
"893","3","forall NODE1,NODE0. ~locked_epoch2(NODE0) | ~locked_epoch4(NODE0) | ep_epoch0(NODE1) | ep_epoch1(NODE1) | locked_epoch3(NODE1) | locked_epoch5(NODE1) | NODE0 = NODE1","9","------00----------1--01--0------------","7","51","F","149","0100110020","0100110020","e0l1l0","------00----","--","----1--01--0","------------","0","2","0","0","2","2","0","0","2","0"
"894","2","forall NODE1,NODE0. ~locked_epoch2(NODE0) | ~locked_epoch5(NODE0) | ep_epoch0(NODE1) | ep_epoch1(NODE1) | ep_epoch3(NODE1) | ep_epoch4(NODE1) | NODE0 = NODE1","9","------00-00-------1-----1-------------","7","26","F","42","0100100020","0100100020","e0l1","------00-00-","--","----1-----1-","------------","0","4","0","0","2","0","0","0","2","0"
"895","3","forall NODE1,NODE0. ~locked_epoch2(NODE0) | ~locked_epoch5(NODE0) | ep_epoch0(NODE1) | ep_epoch1(NODE1) | ep_epoch3(NODE1) | locked_epoch4(NODE1) | NODE0 = NODE1","9","------00-0--------1----01-------------","7","51","F","149","0100110020","0100110020","e0l1l0","------00-0--","--","----1----01-","------------","0","3","0","0","2","1","0","0","2","0"
"896","3","forall NODE1,NODE0. ~locked_epoch2(NODE0) | ~locked_epoch5(NODE0) | ep_epoch0(NODE1) | ep_epoch1(NODE1) | ep_epoch4(NODE1) | locked_epoch3(NODE1) | NODE0 = NODE1","9","------00--0-------1--0--1-------------","7","51","F","149","0100110020","0100110020","e0l1l0","------00--0-","--","----1--0--1-","------------","0","3","0","0","2","1","0","0","2","0"
"897","3","forall NODE1,NODE0. ~locked_epoch2(NODE0) | ~locked_epoch5(NODE0) | ep_epoch0(NODE1) | ep_epoch1(NODE1) | locked_epoch3(NODE1) | locked_epoch4(NODE1) | NODE0 = NODE1","9","------00----------1--0-01-------------","7","51","F","149","0100110020","0100110020","e0l1l0","------00----","--","----1--0-01-","------------","0","2","0","0","2","2","0","0","2","0"
"898","4","forall NODE2,NODE1,NODE0. ~locked_epoch2(NODE0) | ~transfer_epoch5(NODE1) | ep_epoch0(NODE2) | ep_epoch1(NODE2) | ep_epoch3(NODE0) | locked_epoch3(NODE2) | ((NODE0 ~= NODE1 | NODE0 = NODE2) & (NODE1 ~= NODE2 | NODE0 = NODE1))","13","---0--00----------1--0--------------1-","10","74","F","27","0100111030","0100111030","e0l1l0t1","---0--00----","--","----1--0----","----------1-","0","3","0","0","1","1","1","0","3","0"
"899","3","forall NODE2,NODE1,NODE0. ~locked_epoch2(NODE0) | ~transfer_epoch5(NODE1) | ep_epoch0(NODE2) | ep_epoch1(NODE2) | ep_epoch3(NODE2) | ep_epoch4(NODE2) | ((NODE0 ~= NODE1 | NODE0 = NODE2) & (NODE1 ~= NODE2 | NODE0 = NODE1))","13","------00-00-------1-----------------1-","10","56","F","20","0100101030","0100101030","e0l1t1","------00-00-","--","----1-------","----------1-","0","4","0","0","1","0","1","0","3","0"
"900","4","forall NODE2,NODE1,NODE0. ~locked_epoch2(NODE0) | ~transfer_epoch5(NODE1) | ep_epoch0(NODE2) | ep_epoch1(NODE2) | ep_epoch3(NODE2) | locked_epoch4(NODE2) | ((NODE0 ~= NODE1 | NODE0 = NODE2) & (NODE1 ~= NODE2 | NODE0 = NODE1))","13","------00-0--------1----0------------1-","10","74","F","27","0100111030","0100111030","e0l1l0t1","------00-0--","--","----1----0--","----------1-","0","3","0","0","1","1","1","0","3","0"
"901","4","forall NODE2,NODE1,NODE0. ~locked_epoch2(NODE0) | ~transfer_epoch5(NODE1) | ep_epoch0(NODE2) | ep_epoch1(NODE2) | ep_epoch4(NODE2) | locked_epoch3(NODE2) | ((NODE0 ~= NODE1 | NODE0 = NODE2) & (NODE1 ~= NODE2 | NODE0 = NODE1))","13","------00--0-------1--0--------------1-","10","74","F","27","0100111030","0100111030","e0l1l0t1","------00--0-","--","----1--0----","----------1-","0","3","0","0","1","1","1","0","3","0"
"902","4","forall NODE2,NODE1,NODE0. ~locked_epoch2(NODE0) | ~transfer_epoch5(NODE1) | ep_epoch0(NODE2) | ep_epoch1(NODE2) | locked_epoch3(NODE2) | locked_epoch4(NODE2) | ((NODE0 ~= NODE1 | NODE0 = NODE2) & (NODE1 ~= NODE2 | NODE0 = NODE1))","13","------00----------1--0-0------------1-","10","74","F","27","0100111030","0100111030","e0l1l0t1","------00----","--","----1--0-0--","----------1-","0","2","0","0","1","2","1","0","3","0"
"903","3","forall NODE1,NODE0. ~locked_epoch2(NODE0) | ep_epoch0(NODE1) | ep_epoch1(NODE1) | ep_epoch2(NODE0) | locked_epoch4(NODE0) | locked_epoch4(NODE1) | NODE0 = NODE1","9","--0---00----------1---00--------------","7","51","F","149","0100110020","0100110020","e0l1l0","--0---00----","--","----1---00--","------------","0","3","0","0","1","2","0","0","2","0"
"904","3","forall NODE1,NODE0. ~locked_epoch2(NODE0) | ep_epoch0(NODE1) | ep_epoch1(NODE1) | ep_epoch3(NODE1) | ep_epoch4(NODE0) | locked_epoch4(NODE1) | NODE0 = NODE1","9","----0-00-0--------1----0--------------","7","51","F","149","0100110020","0100110020","e0l1l0","----0-00-0--","--","----1----0--","------------","0","4","0","0","1","1","0","0","2","0"
"905","2","forall NODE1,NODE0. ~locked_epoch2(NODE0) | ep_epoch0(NODE1) | ep_epoch1(NODE1) | ep_epoch3(NODE1) | ep_epoch4(NODE1) | ep_epoch5(NODE1) | NODE0 = NODE1","9","------00-000------1-------------------","7","26","F","42","0100100020","0100100020","e0l1","------00-000","--","----1-------","------------","0","5","0","0","1","0","0","0","2","0"
"906","3","forall NODE1,NODE0. ~locked_epoch2(NODE0) | ep_epoch0(NODE1) | ep_epoch1(NODE1) | ep_epoch3(NODE1) | ep_epoch4(NODE1) | held(NODE1) | NODE0 = NODE1","9","------00-00--0----1-------------------","7","57","F","16","0101100020","0101100020","e0h0l1","------00-00-","-0","----1-------","------------","0","4","0","1","1","0","0","0","2","0"
"907","3","forall NODE1,NODE0. ~locked_epoch2(NODE0) | ep_epoch0(NODE1) | ep_epoch1(NODE1) | ep_epoch3(NODE1) | ep_epoch4(NODE1) | locked_epoch5(NODE1) | NODE0 = NODE1","9","------00-00-------1------0------------","7","51","F","149","0100110020","0100110020","e0l1l0","------00-00-","--","----1------0","------------","0","4","0","0","1","1","0","0","2","0"
"908","3","forall NODE1,NODE0. ~locked_epoch2(NODE0) | ep_epoch0(NODE1) | ep_epoch1(NODE1) | ep_epoch3(NODE1) | ep_epoch5(NODE1) | locked_epoch4(NODE1) | NODE0 = NODE1","9","------00-0-0------1----0--------------","7","51","F","149","0100110020","0100110020","e0l1l0","------00-0-0","--","----1----0--","------------","0","4","0","0","1","1","0","0","2","0"
"909","4","forall NODE1,NODE0. ~locked_epoch2(NODE0) | ep_epoch0(NODE1) | ep_epoch1(NODE1) | ep_epoch3(NODE1) | held(NODE1) | locked_epoch4(NODE1) | NODE0 = NODE1","9","------00-0---0----1----0--------------","7","75","F","28","0101110020","0101110020","e0h0l1l0","------00-0--","-0","----1----0--","------------","0","3","0","1","1","1","0","0","2","0"
"910","3","forall NODE1,NODE0. ~locked_epoch2(NODE0) | ep_epoch0(NODE1) | ep_epoch1(NODE1) | ep_epoch3(NODE1) | locked_epoch4(NODE0) | locked_epoch4(NODE1) | NODE0 = NODE1","9","------00-0--------1---00--------------","7","51","F","149","0100110020","0100110020","e0l1l0","------00-0--","--","----1---00--","------------","0","3","0","0","1","2","0","0","2","0"
"911","3","forall NODE1,NODE0. ~locked_epoch2(NODE0) | ep_epoch0(NODE1) | ep_epoch1(NODE1) | ep_epoch3(NODE1) | locked_epoch4(NODE1) | locked_epoch5(NODE1) | NODE0 = NODE1","9","------00-0--------1----0-0------------","7","51","F","149","0100110020","0100110020","e0l1l0","------00-0--","--","----1----0-0","------------","0","3","0","0","1","2","0","0","2","0"
"912","3","forall NODE1,NODE0. ~locked_epoch2(NODE0) | ep_epoch0(NODE1) | ep_epoch1(NODE1) | ep_epoch4(NODE0) | locked_epoch3(NODE1) | locked_epoch4(NODE1) | NODE0 = NODE1","9","----0-00----------1--0-0--------------","7","51","F","149","0100110020","0100110020","e0l1l0","----0-00----","--","----1--0-0--","------------","0","3","0","0","1","2","0","0","2","0"
"913","3","forall NODE1,NODE0. ~locked_epoch2(NODE0) | ep_epoch0(NODE1) | ep_epoch1(NODE1) | ep_epoch4(NODE1) | ep_epoch5(NODE1) | locked_epoch3(NODE1) | NODE0 = NODE1","9","------00--00------1--0----------------","7","51","F","149","0100110020","0100110020","e0l1l0","------00--00","--","----1--0----","------------","0","4","0","0","1","1","0","0","2","0"
"914","4","forall NODE1,NODE0. ~locked_epoch2(NODE0) | ep_epoch0(NODE1) | ep_epoch1(NODE1) | ep_epoch4(NODE1) | held(NODE1) | locked_epoch3(NODE1) | NODE0 = NODE1","9","------00--0--0----1--0----------------","7","75","F","28","0101110020","0101110020","e0h0l1l0","------00--0-","-0","----1--0----","------------","0","3","0","1","1","1","0","0","2","0"
"915","3","forall NODE1,NODE0. ~locked_epoch2(NODE0) | ep_epoch0(NODE1) | ep_epoch1(NODE1) | ep_epoch4(NODE1) | locked_epoch3(NODE1) | locked_epoch5(NODE1) | NODE0 = NODE1","9","------00--0-------1--0---0------------","7","51","F","149","0100110020","0100110020","e0l1l0","------00--0-","--","----1--0---0","------------","0","3","0","0","1","2","0","0","2","0"
"916","3","forall NODE1,NODE0. ~locked_epoch2(NODE0) | ep_epoch0(NODE1) | ep_epoch1(NODE1) | ep_epoch5(NODE1) | locked_epoch3(NODE1) | locked_epoch4(NODE1) | NODE0 = NODE1","9","------00---0------1--0-0--------------","7","51","F","149","0100110020","0100110020","e0l1l0","------00---0","--","----1--0-0--","------------","0","3","0","0","1","2","0","0","2","0"
"917","4","forall NODE1,NODE0. ~locked_epoch2(NODE0) | ep_epoch0(NODE1) | ep_epoch1(NODE1) | held(NODE1) | locked_epoch3(NODE1) | locked_epoch4(NODE1) | NODE0 = NODE1","9","------00-----0----1--0-0--------------","7","75","F","28","0101110020","0101110020","e0h0l1l0","------00----","-0","----1--0-0--","------------","0","2","0","1","1","2","0","0","2","0"
"918","3","forall NODE1,NODE0. ~locked_epoch2(NODE0) | ep_epoch0(NODE1) | ep_epoch1(NODE1) | locked_epoch3(NODE1) | locked_epoch4(NODE0) | locked_epoch4(NODE1) | NODE0 = NODE1","9","------00----------1--000--------------","7","51","F","149","0100110020","0100110020","e0l1l0","------00----","--","----1--000--","------------","0","2","0","0","1","3","0","0","2","0"
"919","3","forall NODE1,NODE0. ~locked_epoch2(NODE0) | ep_epoch0(NODE1) | ep_epoch1(NODE1) | locked_epoch3(NODE1) | locked_epoch4(NODE1) | locked_epoch5(NODE1) | NODE0 = NODE1","9","------00----------1--0-0-0------------","7","51","F","149","0100110020","0100110020","e0l1l0","------00----","--","----1--0-0-0","------------","0","2","0","0","1","3","0","0","2","0"
"920","3","forall NODE1,NODE0. ~locked_epoch2(NODE0) | ep_epoch2(NODE0) | ep_epoch3(NODE1) | ep_epoch4(NODE0) | ep_epoch4(NODE1) | locked_epoch3(NODE0) | NODE0 = NODE1","9","--0-0----00-------1-0-----------------","7","51","F","149","0100110020","0100110020","e0l1l0","--0-0----00-","--","----1-0-----","------------","0","4","0","0","1","1","0","0","2","0"
"921","3","forall NODE1,NODE0. ~locked_epoch2(NODE0) | ep_epoch2(NODE0) | ep_epoch3(NODE1) | ep_epoch4(NODE0) | locked_epoch3(NODE0) | locked_epoch4(NODE1) | NODE0 = NODE1","9","--0-0----0--------1-0--0--------------","7","51","F","149","0100110020","0100110020","e0l1l0","--0-0----0--","--","----1-0--0--","------------","0","3","0","0","1","2","0","0","2","0"
"922","3","forall NODE1,NODE0. ~locked_epoch2(NODE0) | ep_epoch2(NODE0) | ep_epoch3(NODE1) | ep_epoch4(NODE1) | ep_epoch5(NODE1) | locked_epoch3(NODE0) | NODE0 = NODE1","9","--0------000------1-0-----------------","7","51","F","149","0100110020","0100110020","e0l1l0","--0------000","--","----1-0-----","------------","0","4","0","0","1","1","0","0","2","0"
"923","4","forall NODE1,NODE0. ~locked_epoch2(NODE0) | ep_epoch2(NODE0) | ep_epoch3(NODE1) | ep_epoch4(NODE1) | held(NODE1) | locked_epoch3(NODE0) | NODE0 = NODE1","9","--0------00--0----1-0-----------------","7","75","F","28","0101110020","0101110020","e0h0l1l0","--0------00-","-0","----1-0-----","------------","0","3","0","1","1","1","0","0","2","0"
"924","3","forall NODE1,NODE0. ~locked_epoch2(NODE0) | ep_epoch2(NODE0) | ep_epoch3(NODE1) | ep_epoch4(NODE1) | locked_epoch3(NODE0) | locked_epoch5(NODE1) | NODE0 = NODE1","9","--0------00-------1-0----0------------","7","51","F","149","0100110020","0100110020","e0l1l0","--0------00-","--","----1-0----0","------------","0","3","0","0","1","2","0","0","2","0"
"925","3","forall NODE1,NODE0. ~locked_epoch2(NODE0) | ep_epoch2(NODE0) | ep_epoch3(NODE1) | ep_epoch5(NODE0) | ep_epoch5(NODE1) | locked_epoch3(NODE0) | NODE0 = NODE1","9","--0--0---0-0------1-0-----------------","7","51","F","149","0100110020","0100110020","e0l1l0","--0--0---0-0","--","----1-0-----","------------","0","4","0","0","1","1","0","0","2","0"
"926","4","forall NODE2,NODE1,NODE0,NODE3. ~locked_epoch2(NODE0) | ep_epoch2(NODE0) | ep_epoch3(NODE1) | ep_epoch5(NODE2) | held(NODE3) | locked_epoch3(NODE0) | ((NODE0 ~= NODE2 | NODE1 ~= NODE3 | NODE0 = NODE1) & (NODE0 ~= NODE3 | NODE1 ~= NODE2 | NODE0 = NODE1))","16","--0--0---0---0----1-0-----------------","12","80","F","14","0101110040","0101110040","e0h0l1l0","--0--0---0--","-0","----1-0-----","------------","0","3","0","1","1","1","0","0","4","0"
"927","3","forall NODE2,NODE1,NODE0,NODE3. ~locked_epoch2(NODE0) | ep_epoch2(NODE0) | ep_epoch3(NODE1) | ep_epoch5(NODE2) | locked_epoch3(NODE0) | locked_epoch5(NODE3) | ((NODE0 ~= NODE3 | NODE1 ~= NODE2 | NODE0 = NODE1) & (NODE0 ~= NODE2 | NODE1 ~= NODE3 | NODE0 = NODE1))","16","--0--0---0--------1-0----0------------","12","79","F","11","0100110040","0100110040","e0l1l0","--0--0---0--","--","----1-0----0","------------","0","3","0","0","1","2","0","0","4","0"
"928","3","forall NODE1,NODE0. ~locked_epoch2(NODE0) | ep_epoch2(NODE0) | ep_epoch3(NODE1) | ep_epoch5(NODE1) | locked_epoch3(NODE0) | locked_epoch4(NODE1) | NODE0 = NODE1","9","--0------0-0------1-0--0--------------","7","51","F","149","0100110020","0100110020","e0l1l0","--0------0-0","--","----1-0--0--","------------","0","3","0","0","1","2","0","0","2","0"
"929","4","forall NODE1,NODE0. ~locked_epoch2(NODE0) | ep_epoch2(NODE0) | ep_epoch3(NODE1) | held(NODE0) | held(NODE1) | locked_epoch3(NODE0) | NODE0 = NODE1","9","--0------0--00----1-0-----------------","7","75","F","28","0101110020","0101110020","e0h0l1l0","--0------0--","00","----1-0-----","------------","0","2","0","2","1","1","0","0","2","0"
"930","4","forall NODE2,NODE1,NODE0,NODE3. ~locked_epoch2(NODE0) | ep_epoch2(NODE0) | ep_epoch3(NODE1) | held(NODE2) | locked_epoch3(NODE0) | locked_epoch5(NODE3) | ((NODE0 ~= NODE3 | NODE1 ~= NODE2 | NODE0 = NODE1) & (NODE0 ~= NODE2 | NODE1 ~= NODE3 | NODE0 = NODE1))","16","--0------0--0-----1-0----0------------","12","80","F","14","0101110040","0101110040","e0h0l1l0","--0------0--","0-","----1-0----0","------------","0","2","0","1","1","2","0","0","4","0"
"931","4","forall NODE1,NODE0. ~locked_epoch2(NODE0) | ep_epoch2(NODE0) | ep_epoch3(NODE1) | held(NODE1) | locked_epoch3(NODE0) | locked_epoch4(NODE1) | NODE0 = NODE1","9","--0------0---0----1-0--0--------------","7","75","F","28","0101110020","0101110020","e0h0l1l0","--0------0--","-0","----1-0--0--","------------","0","2","0","1","1","2","0","0","2","0"
"932","3","forall NODE1,NODE0. ~locked_epoch2(NODE0) | ep_epoch2(NODE0) | ep_epoch3(NODE1) | locked_epoch3(NODE0) | locked_epoch4(NODE1) | locked_epoch5(NODE1) | NODE0 = NODE1","9","--0------0--------1-0--0-0------------","7","51","F","149","0100110020","0100110020","e0l1l0","--0------0--","--","----1-0--0-0","------------","0","2","0","0","1","3","0","0","2","0"
"933","3","forall NODE1,NODE0. ~locked_epoch2(NODE0) | ep_epoch2(NODE0) | ep_epoch3(NODE1) | locked_epoch3(NODE0) | locked_epoch5(NODE0) | locked_epoch5(NODE1) | NODE0 = NODE1","9","--0------0--------1-0---00------------","7","51","F","149","0100110020","0100110020","e0l1l0","--0------0--","--","----1-0---00","------------","0","2","0","0","1","3","0","0","2","0"
"934","4","forall NODE1,NODE0. ~locked_epoch2(NODE0) | held(NODE0) | locked_epoch3(NODE0) | locked_epoch3(NODE1) | transfer_epoch3(NODE0) | transfer_epoch3(NODE1) | NODE0 = NODE1","9","------------0-----1-00----------00----","7","63","F","7","0001110120","0001110120","h0l1l0t0","------------","0-","----1-00----","------00----","0","0","0","1","1","2","0","2","2","0"
"935","2","forall NODE1,NODE0. ~locked_epoch3(NODE0) | ~locked_epoch4(NODE0) | ~locked_epoch5(NODE0) | ep_epoch0(NODE1) | ep_epoch1(NODE1) | ep_epoch2(NODE1) | NODE0 = NODE1","9","------000-----------1-1-1-------------","7","26","F","42","0100100020","0100100020","e0l1","------000---","--","------1-1-1-","------------","0","3","0","0","3","0","0","0","2","0"
"936","3","forall NODE1,NODE0. ~locked_epoch3(NODE0) | ~locked_epoch4(NODE0) | ~locked_epoch5(NODE0) | ep_epoch0(NODE1) | ep_epoch1(NODE1) | locked_epoch2(NODE1) | NODE0 = NODE1","9","------00-----------01-1-1-------------","7","51","F","149","0100110020","0100110020","e0l1l0","------00----","--","-----01-1-1-","------------","0","2","0","0","3","1","0","0","2","0"
"937","3","forall NODE2,NODE1,NODE0. ~locked_epoch3(NODE0) | ~locked_epoch4(NODE0) | ~transfer_epoch5(NODE1) | ep_epoch0(NODE2) | ep_epoch1(NODE2) | ep_epoch2(NODE2) | ((NODE1 ~= NODE2 | NODE0 = NODE1) & (NODE0 ~= NODE1 | NODE0 = NODE2))","13","------000-----------1-1-------------1-","10","56","F","20","0100101030","0100101030","e0l1t1","------000---","--","------1-1---","----------1-","0","3","0","0","2","0","1","0","3","0"
"938","4","forall NODE2,NODE1,NODE0. ~locked_epoch3(NODE0) | ~locked_epoch4(NODE0) | ~transfer_epoch5(NODE1) | ep_epoch0(NODE2) | ep_epoch1(NODE2) | locked_epoch2(NODE2) | ((NODE1 ~= NODE2 | NODE0 = NODE1) & (NODE0 ~= NODE1 | NODE0 = NODE2))","13","------00-----------01-1-------------1-","10","74","F","27","0100111030","0100111030","e0l1l0t1","------00----","--","-----01-1---","----------1-","0","2","0","0","2","1","1","0","3","0"
"939","2","forall NODE1,NODE0. ~locked_epoch3(NODE0) | ~locked_epoch4(NODE0) | ep_epoch0(NODE1) | ep_epoch1(NODE1) | ep_epoch2(NODE1) | ep_epoch4(NODE0) | NODE0 = NODE1","9","----0-000-----------1-1---------------","7","26","F","42","0100100020","0100100020","e0l1","----0-000---","--","------1-1---","------------","0","4","0","0","2","0","0","0","2","0"
"940","2","forall NODE1,NODE0. ~locked_epoch3(NODE0) | ~locked_epoch4(NODE0) | ep_epoch0(NODE1) | ep_epoch1(NODE1) | ep_epoch2(NODE1) | ep_epoch5(NODE1) | NODE0 = NODE1","9","------000--0--------1-1---------------","7","26","F","42","0100100020","0100100020","e0l1","------000--0","--","------1-1---","------------","0","4","0","0","2","0","0","0","2","0"
"941","3","forall NODE1,NODE0. ~locked_epoch3(NODE0) | ~locked_epoch4(NODE0) | ep_epoch0(NODE1) | ep_epoch1(NODE1) | ep_epoch2(NODE1) | held(NODE1) | NODE0 = NODE1","9","------000----0------1-1---------------","7","57","F","16","0101100020","0101100020","e0h0l1","------000---","-0","------1-1---","------------","0","3","0","1","2","0","0","0","2","0"
"942","3","forall NODE1,NODE0. ~locked_epoch3(NODE0) | ~locked_epoch4(NODE0) | ep_epoch0(NODE1) | ep_epoch1(NODE1) | ep_epoch2(NODE1) | locked_epoch5(NODE1) | NODE0 = NODE1","9","------000-----------1-1--0------------","7","51","F","149","0100110020","0100110020","e0l1l0","------000---","--","------1-1--0","------------","0","3","0","0","2","1","0","0","2","0"
"943","3","forall NODE1,NODE0. ~locked_epoch3(NODE0) | ~locked_epoch4(NODE0) | ep_epoch0(NODE1) | ep_epoch1(NODE1) | ep_epoch4(NODE0) | locked_epoch2(NODE1) | NODE0 = NODE1","9","----0-00-----------01-1---------------","7","51","F","149","0100110020","0100110020","e0l1l0","----0-00----","--","-----01-1---","------------","0","3","0","0","2","1","0","0","2","0"
"944","3","forall NODE1,NODE0. ~locked_epoch3(NODE0) | ~locked_epoch4(NODE0) | ep_epoch0(NODE1) | ep_epoch1(NODE1) | ep_epoch5(NODE1) | locked_epoch2(NODE1) | NODE0 = NODE1","9","------00---0-------01-1---------------","7","51","F","149","0100110020","0100110020","e0l1l0","------00---0","--","-----01-1---","------------","0","3","0","0","2","1","0","0","2","0"
"945","4","forall NODE1,NODE0. ~locked_epoch3(NODE0) | ~locked_epoch4(NODE0) | ep_epoch0(NODE1) | ep_epoch1(NODE1) | held(NODE1) | locked_epoch2(NODE1) | NODE0 = NODE1","9","------00-----0-----01-1---------------","7","75","F","28","0101110020","0101110020","e0h0l1l0","------00----","-0","-----01-1---","------------","0","2","0","1","2","1","0","0","2","0"
"946","3","forall NODE1,NODE0. ~locked_epoch3(NODE0) | ~locked_epoch4(NODE0) | ep_epoch0(NODE1) | ep_epoch1(NODE1) | locked_epoch2(NODE1) | locked_epoch5(NODE1) | NODE0 = NODE1","9","------00-----------01-1--0------------","7","51","F","149","0100110020","0100110020","e0l1l0","------00----","--","-----01-1--0","------------","0","2","0","0","2","2","0","0","2","0"
"947","2","forall NODE1,NODE0. ~locked_epoch3(NODE0) | ~locked_epoch5(NODE0) | ep_epoch0(NODE1) | ep_epoch1(NODE1) | ep_epoch2(NODE1) | ep_epoch4(NODE1) | NODE0 = NODE1","9","------000-0---------1---1-------------","7","26","F","42","0100100020","0100100020","e0l1","------000-0-","--","------1---1-","------------","0","4","0","0","2","0","0","0","2","0"
"948","3","forall NODE1,NODE0. ~locked_epoch3(NODE0) | ~locked_epoch5(NODE0) | ep_epoch0(NODE1) | ep_epoch1(NODE1) | ep_epoch2(NODE1) | locked_epoch4(NODE1) | NODE0 = NODE1","9","------000-----------1--01-------------","7","51","F","149","0100110020","0100110020","e0l1l0","------000---","--","------1--01-","------------","0","3","0","0","2","1","0","0","2","0"
"949","3","forall NODE1,NODE0. ~locked_epoch3(NODE0) | ~locked_epoch5(NODE0) | ep_epoch0(NODE1) | ep_epoch1(NODE1) | ep_epoch4(NODE1) | locked_epoch2(NODE1) | NODE0 = NODE1","9","------00--0--------01---1-------------","7","51","F","149","0100110020","0100110020","e0l1l0","------00--0-","--","-----01---1-","------------","0","3","0","0","2","1","0","0","2","0"
"950","3","forall NODE1,NODE0. ~locked_epoch3(NODE0) | ~locked_epoch5(NODE0) | ep_epoch0(NODE1) | ep_epoch1(NODE1) | locked_epoch2(NODE1) | locked_epoch4(NODE1) | NODE0 = NODE1","9","------00-----------01--01-------------","7","51","F","149","0100110020","0100110020","e0l1l0","------00----","--","-----01--01-","------------","0","2","0","0","2","2","0","0","2","0"
"951","3","forall NODE2,NODE1,NODE0. ~locked_epoch3(NODE0) | ~transfer_epoch5(NODE1) | ep_epoch0(NODE2) | ep_epoch1(NODE2) | ep_epoch2(NODE2) | ep_epoch3(NODE0) | ((NODE0 ~= NODE1 | NODE0 = NODE2) & (NODE1 ~= NODE2 | NODE0 = NODE1))","13","---0--000-----------1---------------1-","10","56","F","20","0100101030","0100101030","e0l1t1","---0--000---","--","------1-----","----------1-","0","4","0","0","1","0","1","0","3","0"
"952","3","forall NODE2,NODE1,NODE0. ~locked_epoch3(NODE0) | ~transfer_epoch5(NODE1) | ep_epoch0(NODE2) | ep_epoch1(NODE2) | ep_epoch2(NODE2) | ep_epoch4(NODE2) | ((NODE0 ~= NODE1 | NODE0 = NODE2) & (NODE1 ~= NODE2 | NODE0 = NODE1))","13","------000-0---------1---------------1-","10","56","F","20","0100101030","0100101030","e0l1t1","------000-0-","--","------1-----","----------1-","0","4","0","0","1","0","1","0","3","0"
"953","4","forall NODE2,NODE1,NODE0. ~locked_epoch3(NODE0) | ~transfer_epoch5(NODE1) | ep_epoch0(NODE2) | ep_epoch1(NODE2) | ep_epoch2(NODE2) | locked_epoch4(NODE2) | ((NODE0 ~= NODE1 | NODE0 = NODE2) & (NODE1 ~= NODE2 | NODE0 = NODE1))","13","------000-----------1--0------------1-","10","74","F","27","0100111030","0100111030","e0l1l0t1","------000---","--","------1--0--","----------1-","0","3","0","0","1","1","1","0","3","0"
"954","4","forall NODE2,NODE1,NODE0. ~locked_epoch3(NODE0) | ~transfer_epoch5(NODE1) | ep_epoch0(NODE2) | ep_epoch1(NODE2) | ep_epoch3(NODE0) | locked_epoch2(NODE2) | ((NODE0 ~= NODE1 | NODE0 = NODE2) & (NODE1 ~= NODE2 | NODE0 = NODE1))","13","---0--00-----------01---------------1-","10","74","F","27","0100111030","0100111030","e0l1l0t1","---0--00----","--","-----01-----","----------1-","0","3","0","0","1","1","1","0","3","0"
"955","4","forall NODE2,NODE1,NODE0. ~locked_epoch3(NODE0) | ~transfer_epoch5(NODE1) | ep_epoch0(NODE2) | ep_epoch1(NODE2) | ep_epoch4(NODE2) | locked_epoch2(NODE2) | ((NODE0 ~= NODE1 | NODE0 = NODE2) & (NODE1 ~= NODE2 | NODE0 = NODE1))","13","------00--0--------01---------------1-","10","74","F","27","0100111030","0100111030","e0l1l0t1","------00--0-","--","-----01-----","----------1-","0","3","0","0","1","1","1","0","3","0"
"956","4","forall NODE2,NODE1,NODE0. ~locked_epoch3(NODE0) | ~transfer_epoch5(NODE1) | ep_epoch0(NODE2) | ep_epoch1(NODE2) | locked_epoch2(NODE2) | locked_epoch4(NODE2) | ((NODE0 ~= NODE1 | NODE0 = NODE2) & (NODE1 ~= NODE2 | NODE0 = NODE1))","13","------00-----------01--0------------1-","10","74","F","27","0100111030","0100111030","e0l1l0t1","------00----","--","-----01--0--","----------1-","0","2","0","0","1","2","1","0","3","0"
"957","3","forall NODE1,NODE0. ~locked_epoch3(NODE0) | ep_epoch0(NODE1) | ep_epoch1(NODE1) | ep_epoch2(NODE1) | ep_epoch4(NODE0) | locked_epoch4(NODE1) | NODE0 = NODE1","9","----0-000-----------1--0--------------","7","51","F","149","0100110020","0100110020","e0l1l0","----0-000---","--","------1--0--","------------","0","4","0","0","1","1","0","0","2","0"
"958","2","forall NODE1,NODE0. ~locked_epoch3(NODE0) | ep_epoch0(NODE1) | ep_epoch1(NODE1) | ep_epoch2(NODE1) | ep_epoch4(NODE1) | ep_epoch5(NODE1) | NODE0 = NODE1","9","------000-00--------1-----------------","7","26","F","42","0100100020","0100100020","e0l1","------000-00","--","------1-----","------------","0","5","0","0","1","0","0","0","2","0"
"959","3","forall NODE1,NODE0. ~locked_epoch3(NODE0) | ep_epoch0(NODE1) | ep_epoch1(NODE1) | ep_epoch2(NODE1) | ep_epoch4(NODE1) | held(NODE1) | NODE0 = NODE1","9","------000-0--0------1-----------------","7","57","F","16","0101100020","0101100020","e0h0l1","------000-0-","-0","------1-----","------------","0","4","0","1","1","0","0","0","2","0"
"960","3","forall NODE1,NODE0. ~locked_epoch3(NODE0) | ep_epoch0(NODE1) | ep_epoch1(NODE1) | ep_epoch2(NODE1) | ep_epoch4(NODE1) | locked_epoch5(NODE1) | NODE0 = NODE1","9","------000-0---------1----0------------","7","51","F","149","0100110020","0100110020","e0l1l0","------000-0-","--","------1----0","------------","0","4","0","0","1","1","0","0","2","0"
"961","3","forall NODE1,NODE0. ~locked_epoch3(NODE0) | ep_epoch0(NODE1) | ep_epoch1(NODE1) | ep_epoch2(NODE1) | ep_epoch5(NODE1) | locked_epoch4(NODE1) | NODE0 = NODE1","9","------000--0--------1--0--------------","7","51","F","149","0100110020","0100110020","e0l1l0","------000--0","--","------1--0--","------------","0","4","0","0","1","1","0","0","2","0"
"962","4","forall NODE1,NODE0. ~locked_epoch3(NODE0) | ep_epoch0(NODE1) | ep_epoch1(NODE1) | ep_epoch2(NODE1) | held(NODE1) | locked_epoch4(NODE1) | NODE0 = NODE1","9","------000----0------1--0--------------","7","75","F","28","0101110020","0101110020","e0h0l1l0","------000---","-0","------1--0--","------------","0","3","0","1","1","1","0","0","2","0"
"963","3","forall NODE1,NODE0. ~locked_epoch3(NODE0) | ep_epoch0(NODE1) | ep_epoch1(NODE1) | ep_epoch2(NODE1) | locked_epoch4(NODE0) | locked_epoch4(NODE1) | NODE0 = NODE1","9","------000-----------1-00--------------","7","51","F","149","0100110020","0100110020","e0l1l0","------000---","--","------1-00--","------------","0","3","0","0","1","2","0","0","2","0"
"964","3","forall NODE1,NODE0. ~locked_epoch3(NODE0) | ep_epoch0(NODE1) | ep_epoch1(NODE1) | ep_epoch2(NODE1) | locked_epoch4(NODE1) | locked_epoch5(NODE1) | NODE0 = NODE1","9","------000-----------1--0-0------------","7","51","F","149","0100110020","0100110020","e0l1l0","------000---","--","------1--0-0","------------","0","3","0","0","1","2","0","0","2","0"
"965","3","forall NODE1,NODE0. ~locked_epoch3(NODE0) | ep_epoch0(NODE1) | ep_epoch1(NODE1) | ep_epoch4(NODE0) | locked_epoch2(NODE1) | locked_epoch4(NODE1) | NODE0 = NODE1","9","----0-00-----------01--0--------------","7","51","F","149","0100110020","0100110020","e0l1l0","----0-00----","--","-----01--0--","------------","0","3","0","0","1","2","0","0","2","0"
"966","3","forall NODE1,NODE0. ~locked_epoch3(NODE0) | ep_epoch0(NODE1) | ep_epoch1(NODE1) | ep_epoch4(NODE1) | ep_epoch5(NODE1) | locked_epoch2(NODE1) | NODE0 = NODE1","9","------00--00-------01-----------------","7","51","F","149","0100110020","0100110020","e0l1l0","------00--00","--","-----01-----","------------","0","4","0","0","1","1","0","0","2","0"
"967","4","forall NODE1,NODE0. ~locked_epoch3(NODE0) | ep_epoch0(NODE1) | ep_epoch1(NODE1) | ep_epoch4(NODE1) | held(NODE1) | locked_epoch2(NODE1) | NODE0 = NODE1","9","------00--0--0-----01-----------------","7","75","F","28","0101110020","0101110020","e0h0l1l0","------00--0-","-0","-----01-----","------------","0","3","0","1","1","1","0","0","2","0"
"968","3","forall NODE1,NODE0. ~locked_epoch3(NODE0) | ep_epoch0(NODE1) | ep_epoch1(NODE1) | ep_epoch4(NODE1) | locked_epoch2(NODE1) | locked_epoch5(NODE1) | NODE0 = NODE1","9","------00--0--------01----0------------","7","51","F","149","0100110020","0100110020","e0l1l0","------00--0-","--","-----01----0","------------","0","3","0","0","1","2","0","0","2","0"
"969","3","forall NODE1,NODE0. ~locked_epoch3(NODE0) | ep_epoch0(NODE1) | ep_epoch1(NODE1) | ep_epoch5(NODE1) | locked_epoch2(NODE1) | locked_epoch4(NODE1) | NODE0 = NODE1","9","------00---0-------01--0--------------","7","51","F","149","0100110020","0100110020","e0l1l0","------00---0","--","-----01--0--","------------","0","3","0","0","1","2","0","0","2","0"
"970","4","forall NODE1,NODE0. ~locked_epoch3(NODE0) | ep_epoch0(NODE1) | ep_epoch1(NODE1) | held(NODE1) | locked_epoch2(NODE1) | locked_epoch4(NODE1) | NODE0 = NODE1","9","------00-----0-----01--0--------------","7","75","F","28","0101110020","0101110020","e0h0l1l0","------00----","-0","-----01--0--","------------","0","2","0","1","1","2","0","0","2","0"
"971","3","forall NODE1,NODE0. ~locked_epoch3(NODE0) | ep_epoch0(NODE1) | ep_epoch1(NODE1) | locked_epoch2(NODE1) | locked_epoch4(NODE0) | locked_epoch4(NODE1) | NODE0 = NODE1","9","------00-----------01-00--------------","7","51","F","149","0100110020","0100110020","e0l1l0","------00----","--","-----01-00--","------------","0","2","0","0","1","3","0","0","2","0"
"972","3","forall NODE1,NODE0. ~locked_epoch3(NODE0) | ep_epoch0(NODE1) | ep_epoch1(NODE1) | locked_epoch2(NODE1) | locked_epoch4(NODE1) | locked_epoch5(NODE1) | NODE0 = NODE1","9","------00-----------01--0-0------------","7","51","F","149","0100110020","0100110020","e0l1l0","------00----","--","-----01--0-0","------------","0","2","0","0","1","3","0","0","2","0"
"973","3","forall NODE1,NODE0. ~locked_epoch3(NODE0) | ep_epoch2(NODE1) | ep_epoch3(NODE0) | ep_epoch4(NODE0) | ep_epoch4(NODE1) | locked_epoch2(NODE0) | NODE0 = NODE1","9","---00---0-0-------0-1-----------------","7","51","F","149","0100110020","0100110020","e0l1l0","---00---0-0-","--","----0-1-----","------------","0","4","0","0","1","1","0","0","2","0"
"974","3","forall NODE1,NODE0. ~locked_epoch3(NODE0) | ep_epoch2(NODE1) | ep_epoch3(NODE0) | ep_epoch5(NODE0) | ep_epoch5(NODE1) | locked_epoch2(NODE0) | NODE0 = NODE1","9","---0-0--0--0------0-1-----------------","7","51","F","149","0100110020","0100110020","e0l1l0","---0-0--0--0","--","----0-1-----","------------","0","4","0","0","1","1","0","0","2","0"
"975","4","forall NODE2,NODE1,NODE0,NODE3. ~locked_epoch3(NODE0) | ep_epoch2(NODE1) | ep_epoch3(NODE0) | ep_epoch5(NODE2) | held(NODE3) | locked_epoch2(NODE0) | ((NODE0 ~= NODE3 | NODE1 ~= NODE2 | NODE0 = NODE1) & (NODE0 ~= NODE2 | NODE1 ~= NODE3 | NODE0 = NODE1))","16","---0-0--0----0----0-1-----------------","12","80","F","14","0101110040","0101110040","e0h0l1l0","---0-0--0---","-0","----0-1-----","------------","0","3","0","1","1","1","0","0","4","0"
"976","3","forall NODE2,NODE1,NODE0,NODE3. ~locked_epoch3(NODE0) | ep_epoch2(NODE1) | ep_epoch3(NODE0) | ep_epoch5(NODE2) | locked_epoch2(NODE0) | locked_epoch5(NODE3) | ((NODE0 ~= NODE3 | NODE1 ~= NODE2 | NODE0 = NODE1) & (NODE0 ~= NODE2 | NODE1 ~= NODE3 | NODE0 = NODE1))","16","---0-0--0---------0-1----0------------","12","79","F","11","0100110040","0100110040","e0l1l0","---0-0--0---","--","----0-1----0","------------","0","3","0","0","1","2","0","0","4","0"
"977","4","forall NODE1,NODE0. ~locked_epoch3(NODE0) | ep_epoch2(NODE1) | ep_epoch3(NODE0) | held(NODE0) | held(NODE1) | locked_epoch2(NODE0) | NODE0 = NODE1","9","---0----0---00----0-1-----------------","7","75","F","28","0101110020","0101110020","e0h0l1l0","---0----0---","00","----0-1-----","------------","0","2","0","2","1","1","0","0","2","0"
"978","4","forall NODE2,NODE1,NODE0,NODE3. ~locked_epoch3(NODE0) | ep_epoch2(NODE1) | ep_epoch3(NODE0) | held(NODE2) | locked_epoch2(NODE0) | locked_epoch5(NODE3) | ((NODE0 ~= NODE2 | NODE1 ~= NODE3 | NODE0 = NODE1) & (NODE0 ~= NODE3 | NODE1 ~= NODE2 | NODE0 = NODE1))","16","---0----0---0-----0-1----0------------","12","80","F","14","0101110040","0101110040","e0h0l1l0","---0----0---","0-","----0-1----0","------------","0","2","0","1","1","2","0","0","4","0"
"979","3","forall NODE1,NODE0. ~locked_epoch3(NODE0) | ep_epoch2(NODE1) | ep_epoch3(NODE0) | locked_epoch2(NODE0) | locked_epoch5(NODE0) | locked_epoch5(NODE1) | NODE0 = NODE1","9","---0----0---------0-1---00------------","7","51","F","149","0100110020","0100110020","e0l1l0","---0----0---","--","----0-1---00","------------","0","2","0","0","1","3","0","0","2","0"
"980","4","forall NODE1,NODE0. ~locked_epoch3(NODE0) | ep_epoch3(NODE0) | ep_epoch5(NODE1) | held(NODE0) | transfer_epoch5(NODE0) | transfer_epoch5(NODE1) | NODE0 = NODE1","9","---0-------00-------1---------------00","7","61","F","32","0101100120","0101100120","e0h0l1t0","---0-------0","0-","------1-----","----------00","0","2","0","1","1","0","0","2","2","0"
"981","4","forall NODE1,NODE0. ~locked_epoch3(NODE0) | ep_epoch3(NODE0) | held(NODE0) | held(NODE1) | transfer_epoch5(NODE0) | transfer_epoch5(NODE1) | NODE0 = NODE1","9","---0--------00------1---------------00","7","61","F","32","0101100120","0101100120","e0h0l1t0","---0--------","00","------1-----","----------00","0","1","0","2","1","0","0","2","2","0"
"982","5","forall NODE1,NODE0. ~locked_epoch3(NODE0) | ep_epoch3(NODE0) | held(NODE0) | locked_epoch5(NODE1) | transfer_epoch5(NODE0) | transfer_epoch5(NODE1) | NODE0 = NODE1","9","---0--------0-------1----0----------00","7","81","F","80","0101110120","0101110120","e0h0l1l0t0","---0--------","0-","------1----0","----------00","0","1","0","1","1","1","0","2","2","0"
"983","5","forall NODE1,NODE0. ~locked_epoch3(NODE0) | ep_epoch4(NODE0) | held(NODE0) | locked_epoch4(NODE1) | transfer_epoch4(NODE0) | transfer_epoch4(NODE1) | NODE0 = NODE1","9","----0-------0-------1--0----------00--","7","81","F","80","0101110120","0101110120","e0h0l1l0t0","----0-------","0-","------1--0--","--------00--","0","1","0","1","1","1","0","2","2","0"
"984","4","forall NODE1,NODE0. ~locked_epoch3(NODE0) | held(NODE0) | locked_epoch4(NODE0) | locked_epoch4(NODE1) | transfer_epoch4(NODE0) | transfer_epoch4(NODE1) | NODE0 = NODE1","9","------------0-------1-00----------00--","7","63","F","7","0001110120","0001110120","h0l1l0t0","------------","0-","------1-00--","--------00--","0","0","0","1","1","2","0","2","2","0"
"985","2","forall NODE1,NODE0. ~locked_epoch4(NODE0) | ~locked_epoch5(NODE0) | ep_epoch0(NODE1) | ep_epoch1(NODE1) | ep_epoch2(NODE1) | ep_epoch3(NODE1) | NODE0 = NODE1","9","------0000------------1-1-------------","7","26","F","42","0100100020","0100100020","e0l1","------0000--","--","--------1-1-","------------","0","4","0","0","2","0","0","0","2","0"
"986","3","forall NODE1,NODE0. ~locked_epoch4(NODE0) | ~locked_epoch5(NODE0) | ep_epoch0(NODE1) | ep_epoch1(NODE1) | ep_epoch2(NODE1) | locked_epoch3(NODE1) | NODE0 = NODE1","9","------000------------01-1-------------","7","51","F","149","0100110020","0100110020","e0l1l0","------000---","--","-------01-1-","------------","0","3","0","0","2","1","0","0","2","0"
"987","3","forall NODE1,NODE0. ~locked_epoch4(NODE0) | ~locked_epoch5(NODE0) | ep_epoch0(NODE1) | ep_epoch1(NODE1) | ep_epoch3(NODE1) | locked_epoch2(NODE1) | NODE0 = NODE1","9","------00-0---------0--1-1-------------","7","51","F","149","0100110020","0100110020","e0l1l0","------00-0--","--","-----0--1-1-","------------","0","3","0","0","2","1","0","0","2","0"
"988","3","forall NODE1,NODE0. ~locked_epoch4(NODE0) | ~locked_epoch5(NODE0) | ep_epoch0(NODE1) | ep_epoch1(NODE1) | locked_epoch2(NODE1) | locked_epoch3(NODE1) | NODE0 = NODE1","9","------00-----------0-01-1-------------","7","51","F","149","0100110020","0100110020","e0l1l0","------00----","--","-----0-01-1-","------------","0","2","0","0","2","2","0","0","2","0"
"989","3","forall NODE2,NODE1,NODE0. ~locked_epoch4(NODE0) | ~transfer_epoch5(NODE1) | ep_epoch0(NODE2) | ep_epoch1(NODE2) | ep_epoch2(NODE2) | ep_epoch3(NODE2) | ((NODE1 ~= NODE2 | NODE0 = NODE1) & (NODE0 ~= NODE1 | NODE0 = NODE2))","13","------0000------------1-------------1-","10","56","F","20","0100101030","0100101030","e0l1t1","------0000--","--","--------1---","----------1-","0","4","0","0","1","0","1","0","3","0"
"990","4","forall NODE2,NODE1,NODE0. ~locked_epoch4(NODE0) | ~transfer_epoch5(NODE1) | ep_epoch0(NODE2) | ep_epoch1(NODE2) | ep_epoch2(NODE2) | locked_epoch3(NODE2) | ((NODE1 ~= NODE2 | NODE0 = NODE1) & (NODE0 ~= NODE1 | NODE0 = NODE2))","13","------000------------01-------------1-","10","74","F","27","0100111030","0100111030","e0l1l0t1","------000---","--","-------01---","----------1-","0","3","0","0","1","1","1","0","3","0"
"991","4","forall NODE2,NODE1,NODE0. ~locked_epoch4(NODE0) | ~transfer_epoch5(NODE1) | ep_epoch0(NODE2) | ep_epoch1(NODE2) | ep_epoch3(NODE2) | locked_epoch2(NODE2) | ((NODE1 ~= NODE2 | NODE0 = NODE1) & (NODE0 ~= NODE1 | NODE0 = NODE2))","13","------00-0---------0--1-------------1-","10","74","F","27","0100111030","0100111030","e0l1l0t1","------00-0--","--","-----0--1---","----------1-","0","3","0","0","1","1","1","0","3","0"
"992","4","forall NODE2,NODE1,NODE0. ~locked_epoch4(NODE0) | ~transfer_epoch5(NODE1) | ep_epoch0(NODE2) | ep_epoch1(NODE2) | locked_epoch2(NODE2) | locked_epoch3(NODE2) | ((NODE1 ~= NODE2 | NODE0 = NODE1) & (NODE0 ~= NODE1 | NODE0 = NODE2))","13","------00-----------0-01-------------1-","10","74","F","27","0100111030","0100111030","e0l1l0t1","------00----","--","-----0-01---","----------1-","0","2","0","0","1","2","1","0","3","0"
"993","2","forall NODE1,NODE0. ~locked_epoch4(NODE0) | ep_epoch0(NODE1) | ep_epoch1(NODE1) | ep_epoch2(NODE1) | ep_epoch3(NODE1) | ep_epoch4(NODE0) | NODE0 = NODE1","9","----0-0000------------1---------------","7","26","F","42","0100100020","0100100020","e0l1","----0-0000--","--","--------1---","------------","0","5","0","0","1","0","0","0","2","0"
"994","2","forall NODE1,NODE0. ~locked_epoch4(NODE0) | ep_epoch0(NODE1) | ep_epoch1(NODE1) | ep_epoch2(NODE1) | ep_epoch3(NODE1) | ep_epoch5(NODE1) | NODE0 = NODE1","9","------0000-0----------1---------------","7","26","F","42","0100100020","0100100020","e0l1","------0000-0","--","--------1---","------------","0","5","0","0","1","0","0","0","2","0"
"995","3","forall NODE1,NODE0. ~locked_epoch4(NODE0) | ep_epoch0(NODE1) | ep_epoch1(NODE1) | ep_epoch2(NODE1) | ep_epoch3(NODE1) | held(NODE1) | NODE0 = NODE1","9","------0000---0--------1---------------","7","57","F","16","0101100020","0101100020","e0h0l1","------0000--","-0","--------1---","------------","0","4","0","1","1","0","0","0","2","0"
"996","3","forall NODE1,NODE0. ~locked_epoch4(NODE0) | ep_epoch0(NODE1) | ep_epoch1(NODE1) | ep_epoch2(NODE1) | ep_epoch3(NODE1) | locked_epoch5(NODE1) | NODE0 = NODE1","9","------0000------------1--0------------","7","51","F","149","0100110020","0100110020","e0l1l0","------0000--","--","--------1--0","------------","0","4","0","0","1","1","0","0","2","0"
"997","3","forall NODE1,NODE0. ~locked_epoch4(NODE0) | ep_epoch0(NODE1) | ep_epoch1(NODE1) | ep_epoch2(NODE1) | ep_epoch4(NODE0) | locked_epoch3(NODE1) | NODE0 = NODE1","9","----0-000------------01---------------","7","51","F","149","0100110020","0100110020","e0l1l0","----0-000---","--","-------01---","------------","0","4","0","0","1","1","0","0","2","0"
"998","3","forall NODE1,NODE0. ~locked_epoch4(NODE0) | ep_epoch0(NODE1) | ep_epoch1(NODE1) | ep_epoch2(NODE1) | ep_epoch5(NODE1) | locked_epoch3(NODE1) | NODE0 = NODE1","9","------000--0---------01---------------","7","51","F","149","0100110020","0100110020","e0l1l0","------000--0","--","-------01---","------------","0","4","0","0","1","1","0","0","2","0"
"999","4","forall NODE1,NODE0. ~locked_epoch4(NODE0) | ep_epoch0(NODE1) | ep_epoch1(NODE1) | ep_epoch2(NODE1) | held(NODE1) | locked_epoch3(NODE1) | NODE0 = NODE1","9","------000----0-------01---------------","7","75","F","28","0101110020","0101110020","e0h0l1l0","------000---","-0","-------01---","------------","0","3","0","1","1","1","0","0","2","0"
"1000","3","forall NODE1,NODE0. ~locked_epoch4(NODE0) | ep_epoch0(NODE1) | ep_epoch1(NODE1) | ep_epoch2(NODE1) | locked_epoch3(NODE1) | locked_epoch5(NODE1) | NODE0 = NODE1","9","------000------------01--0------------","7","51","F","149","0100110020","0100110020","e0l1l0","------000---","--","-------01--0","------------","0","3","0","0","1","2","0","0","2","0"
"1001","3","forall NODE1,NODE0. ~locked_epoch4(NODE0) | ep_epoch0(NODE1) | ep_epoch1(NODE1) | ep_epoch3(NODE1) | ep_epoch4(NODE0) | locked_epoch2(NODE1) | NODE0 = NODE1","9","----0-00-0---------0--1---------------","7","51","F","149","0100110020","0100110020","e0l1l0","----0-00-0--","--","-----0--1---","------------","0","4","0","0","1","1","0","0","2","0"
"1002","3","forall NODE1,NODE0. ~locked_epoch4(NODE0) | ep_epoch0(NODE1) | ep_epoch1(NODE1) | ep_epoch3(NODE1) | ep_epoch5(NODE1) | locked_epoch2(NODE1) | NODE0 = NODE1","9","------00-0-0-------0--1---------------","7","51","F","149","0100110020","0100110020","e0l1l0","------00-0-0","--","-----0--1---","------------","0","4","0","0","1","1","0","0","2","0"
"1003","4","forall NODE1,NODE0. ~locked_epoch4(NODE0) | ep_epoch0(NODE1) | ep_epoch1(NODE1) | ep_epoch3(NODE1) | held(NODE1) | locked_epoch2(NODE1) | NODE0 = NODE1","9","------00-0---0-----0--1---------------","7","75","F","28","0101110020","0101110020","e0h0l1l0","------00-0--","-0","-----0--1---","------------","0","3","0","1","1","1","0","0","2","0"
"1004","3","forall NODE1,NODE0. ~locked_epoch4(NODE0) | ep_epoch0(NODE1) | ep_epoch1(NODE1) | ep_epoch3(NODE1) | locked_epoch2(NODE1) | locked_epoch5(NODE1) | NODE0 = NODE1","9","------00-0---------0--1--0------------","7","51","F","149","0100110020","0100110020","e0l1l0","------00-0--","--","-----0--1--0","------------","0","3","0","0","1","2","0","0","2","0"
"1005","3","forall NODE1,NODE0. ~locked_epoch4(NODE0) | ep_epoch0(NODE1) | ep_epoch1(NODE1) | ep_epoch4(NODE0) | locked_epoch2(NODE1) | locked_epoch3(NODE1) | NODE0 = NODE1","9","----0-00-----------0-01---------------","7","51","F","149","0100110020","0100110020","e0l1l0","----0-00----","--","-----0-01---","------------","0","3","0","0","1","2","0","0","2","0"
"1006","3","forall NODE1,NODE0. ~locked_epoch4(NODE0) | ep_epoch0(NODE1) | ep_epoch1(NODE1) | ep_epoch5(NODE1) | locked_epoch2(NODE1) | locked_epoch3(NODE1) | NODE0 = NODE1","9","------00---0-------0-01---------------","7","51","F","149","0100110020","0100110020","e0l1l0","------00---0","--","-----0-01---","------------","0","3","0","0","1","2","0","0","2","0"
"1007","4","forall NODE1,NODE0. ~locked_epoch4(NODE0) | ep_epoch0(NODE1) | ep_epoch1(NODE1) | held(NODE1) | locked_epoch2(NODE1) | locked_epoch3(NODE1) | NODE0 = NODE1","9","------00-----0-----0-01---------------","7","75","F","28","0101110020","0101110020","e0h0l1l0","------00----","-0","-----0-01---","------------","0","2","0","1","1","2","0","0","2","0"
"1008","3","forall NODE1,NODE0. ~locked_epoch4(NODE0) | ep_epoch0(NODE1) | ep_epoch1(NODE1) | locked_epoch2(NODE1) | locked_epoch3(NODE1) | locked_epoch5(NODE1) | NODE0 = NODE1","9","------00-----------0-01--0------------","7","51","F","149","0100110020","0100110020","e0l1l0","------00----","--","-----0-01--0","------------","0","2","0","0","1","3","0","0","2","0"
"1009","2","forall NODE1,NODE0. ~locked_epoch5(NODE0) | ep_epoch0(NODE1) | ep_epoch1(NODE1) | ep_epoch2(NODE1) | ep_epoch3(NODE1) | ep_epoch4(NODE1) | NODE0 = NODE1","9","------00000-------------1-------------","7","26","F","42","0100100020","0100100020","e0l1","------00000-","--","----------1-","------------","0","5","0","0","1","0","0","0","2","0"
"1010","3","forall NODE1,NODE0. ~locked_epoch5(NODE0) | ep_epoch0(NODE1) | ep_epoch1(NODE1) | ep_epoch2(NODE1) | ep_epoch3(NODE1) | locked_epoch4(NODE1) | NODE0 = NODE1","9","------0000-------------01-------------","7","51","F","149","0100110020","0100110020","e0l1l0","------0000--","--","---------01-","------------","0","4","0","0","1","1","0","0","2","0"
"1011","3","forall NODE1,NODE0. ~locked_epoch5(NODE0) | ep_epoch0(NODE1) | ep_epoch1(NODE1) | ep_epoch2(NODE1) | ep_epoch4(NODE1) | locked_epoch3(NODE1) | NODE0 = NODE1","9","------000-0----------0--1-------------","7","51","F","149","0100110020","0100110020","e0l1l0","------000-0-","--","-------0--1-","------------","0","4","0","0","1","1","0","0","2","0"
"1012","3","forall NODE1,NODE0. ~locked_epoch5(NODE0) | ep_epoch0(NODE1) | ep_epoch1(NODE1) | ep_epoch2(NODE1) | locked_epoch3(NODE1) | locked_epoch4(NODE1) | NODE0 = NODE1","9","------000------------0-01-------------","7","51","F","149","0100110020","0100110020","e0l1l0","------000---","--","-------0-01-","------------","0","3","0","0","1","2","0","0","2","0"
"1013","3","forall NODE1,NODE0. ~locked_epoch5(NODE0) | ep_epoch0(NODE1) | ep_epoch1(NODE1) | ep_epoch3(NODE1) | ep_epoch4(NODE1) | locked_epoch2(NODE1) | NODE0 = NODE1","9","------00-00--------0----1-------------","7","51","F","149","0100110020","0100110020","e0l1l0","------00-00-","--","-----0----1-","------------","0","4","0","0","1","1","0","0","2","0"
"1014","3","forall NODE1,NODE0. ~locked_epoch5(NODE0) | ep_epoch0(NODE1) | ep_epoch1(NODE1) | ep_epoch3(NODE1) | locked_epoch2(NODE1) | locked_epoch4(NODE1) | NODE0 = NODE1","9","------00-0---------0---01-------------","7","51","F","149","0100110020","0100110020","e0l1l0","------00-0--","--","-----0---01-","------------","0","3","0","0","1","2","0","0","2","0"
"1015","3","forall NODE1,NODE0. ~locked_epoch5(NODE0) | ep_epoch0(NODE1) | ep_epoch1(NODE1) | ep_epoch4(NODE1) | locked_epoch2(NODE1) | locked_epoch3(NODE1) | NODE0 = NODE1","9","------00--0--------0-0--1-------------","7","51","F","149","0100110020","0100110020","e0l1l0","------00--0-","--","-----0-0--1-","------------","0","3","0","0","1","2","0","0","2","0"
"1016","3","forall NODE1,NODE0. ~locked_epoch5(NODE0) | ep_epoch0(NODE1) | ep_epoch1(NODE1) | locked_epoch2(NODE1) | locked_epoch3(NODE1) | locked_epoch4(NODE1) | NODE0 = NODE1","9","------00-----------0-0-01-------------","7","51","F","149","0100110020","0100110020","e0l1l0","------00----","--","-----0-0-01-","------------","0","2","0","0","1","3","0","0","2","0"
"1017","2","forall NODE1,NODE0. ~transfer_epoch5(NODE0) | ep_epoch0(NODE1) | ep_epoch1(NODE1) | ep_epoch2(NODE1) | ep_epoch3(NODE1) | ep_epoch4(NODE1)","8","00000-------------------------------1-","6","27","F","12","0100001020","0100001020","e0t1","00000-------","--","------------","----------1-","0","5","0","0","0","0","1","0","2","0"
"1018","3","forall NODE1,NODE0. ~transfer_epoch5(NODE0) | ep_epoch0(NODE1) | ep_epoch1(NODE1) | ep_epoch2(NODE1) | ep_epoch3(NODE1) | locked_epoch4(NODE1)","8","0000------------------0-------------1-","6","58","F","11","0100011020","0100011020","e0l0t1","0000--------","--","--------0---","----------1-","0","4","0","0","0","1","1","0","2","0"
"1019","3","forall NODE2,NODE1,NODE0. ~transfer_epoch5(NODE0) | ep_epoch0(NODE1) | ep_epoch1(NODE1) | ep_epoch2(NODE1) | ep_epoch3(NODE2) | locked_epoch3(NODE1) | ((NODE0 ~= NODE2 | NODE0 = NODE1) & (NODE0 ~= NODE1 | NODE0 = NODE2))","13","000------0----------0---------------1-","10","53","F","15","0100011030","0100011030","e0l0t1","000------0--","--","------0-----","----------1-","0","4","0","0","0","1","1","0","3","0"
"1020","3","forall NODE1,NODE0. ~transfer_epoch5(NODE0) | ep_epoch0(NODE1) | ep_epoch1(NODE1) | ep_epoch2(NODE1) | ep_epoch4(NODE1) | locked_epoch3(NODE1)","8","000-0---------------0---------------1-","6","58","F","11","0100011020","0100011020","e0l0t1","000-0-------","--","------0-----","----------1-","0","4","0","0","0","1","1","0","2","0"
"1021","3","forall NODE1,NODE0. ~transfer_epoch5(NODE0) | ep_epoch0(NODE1) | ep_epoch1(NODE1) | ep_epoch2(NODE1) | locked_epoch3(NODE1) | locked_epoch4(NODE1)","8","000-----------------0-0-------------1-","6","58","F","11","0100011020","0100011020","e0l0t1","000---------","--","------0-0---","----------1-","0","3","0","0","0","2","1","0","2","0"
"1022","3","forall NODE1,NODE0. ~transfer_epoch5(NODE0) | ep_epoch0(NODE1) | ep_epoch1(NODE1) | ep_epoch3(NODE1) | ep_epoch4(NODE1) | locked_epoch2(NODE1)","8","00-00-------------0-----------------1-","6","58","F","11","0100011020","0100011020","e0l0t1","00-00-------","--","----0-------","----------1-","0","4","0","0","0","1","1","0","2","0"
"1023","3","forall NODE1,NODE0. ~transfer_epoch5(NODE0) | ep_epoch0(NODE1) | ep_epoch1(NODE1) | ep_epoch3(NODE1) | locked_epoch2(NODE1) | locked_epoch4(NODE1)","8","00-0--------------0---0-------------1-","6","58","F","11","0100011020","0100011020","e0l0t1","00-0--------","--","----0---0---","----------1-","0","3","0","0","0","2","1","0","2","0"
"1024","3","forall NODE2,NODE1,NODE0. ~transfer_epoch5(NODE0) | ep_epoch0(NODE1) | ep_epoch1(NODE1) | ep_epoch3(NODE2) | locked_epoch2(NODE1) | locked_epoch3(NODE1) | ((NODE0 ~= NODE2 | NODE0 = NODE1) & (NODE0 ~= NODE1 | NODE0 = NODE2))","13","00-------0--------0-0---------------1-","10","53","F","15","0100011030","0100011030","e0l0t1","00-------0--","--","----0-0-----","----------1-","0","3","0","0","0","2","1","0","3","0"
"1025","3","forall NODE1,NODE0. ~transfer_epoch5(NODE0) | ep_epoch0(NODE1) | ep_epoch1(NODE1) | ep_epoch4(NODE1) | locked_epoch2(NODE1) | locked_epoch3(NODE1)","8","00--0-------------0-0---------------1-","6","58","F","11","0100011020","0100011020","e0l0t1","00--0-------","--","----0-0-----","----------1-","0","3","0","0","0","2","1","0","2","0"
"1026","3","forall NODE1,NODE0. ~transfer_epoch5(NODE0) | ep_epoch0(NODE1) | ep_epoch1(NODE1) | locked_epoch2(NODE1) | locked_epoch3(NODE1) | locked_epoch4(NODE1)","8","00----------------0-0-0-------------1-","6","58","F","11","0100011020","0100011020","e0l0t1","00----------","--","----0-0-0---","----------1-","0","2","0","0","0","3","1","0","2","0"
"1027","2","exists NODE0. ep_epoch0(NODE0) | ep_epoch1(NODE0) | locked_epoch3(NODE0)","4","00----00------------00----------------","3","7","E","14","e0l0","0100010001","e0l0","00----00----","--","------00----","------------","0","4","0","0","0","2","0","0","0","1"
"1028","2","exists NODE0. ep_epoch0(NODE0) | ep_epoch2(NODE0) | locked_epoch3(NODE0)","4","0-0---0-0-----------00----------------","3","7","E","14","e0l0","0100010001","e0l0","0-0---0-0---","--","------00----","------------","0","4","0","0","0","2","0","0","0","1"
"1029","2","forall NODE1,NODE0. ep_epoch0(NODE0) | ep_epoch0(NODE1) | ep_epoch2(NODE0) | locked_epoch2(NODE1) | locked_epoch3(NODE0) | locked_epoch3(NODE1) | NODE0 = NODE1","9","0-0---0------------000----------------","7","33","F","119","0100010020","0100010020","e0l0","0-0---0-----","--","-----000----","------------","0","3","0","0","0","3","0","0","2","0"
"1030","1","forall NODE0. ep_epoch0(NODE0) | ep_epoch1(NODE0) | ep_epoch2(NODE0) | ep_epoch3(NODE0) | ep_epoch4(NODE0) | ep_epoch5(NODE0)","7","000000--------------------------------","6","28","F","1","0100000010","0100000010","e0","000000------","--","------------","------------","0","6","0","0","0","0","0","0","1","0"
"1031","2","forall NODE0. ep_epoch0(NODE0) | ep_epoch1(NODE0) | ep_epoch2(NODE0) | ep_epoch3(NODE0) | ep_epoch4(NODE0) | held(NODE0)","7","00000-------0-------------------------","6","29","F","1","0101000010","0101000010","e0h0","00000-------","0-","------------","------------","0","5","0","1","0","0","0","0","1","0"
"1032","2","forall NODE0. ep_epoch0(NODE0) | ep_epoch1(NODE0) | ep_epoch2(NODE0) | ep_epoch3(NODE0) | ep_epoch4(NODE0) | locked_epoch5(NODE0)","7","00000-------------------0-------------","6","30","F","15","0100010010","0100010010","e0l0","00000-------","--","----------0-","------------","0","5","0","0","0","1","0","0","1","0"
"1033","2","forall NODE1,NODE0. ep_epoch0(NODE0) | ep_epoch1(NODE0) | ep_epoch2(NODE0) | ep_epoch3(NODE0) | ep_epoch4(NODE1) | locked_epoch4(NODE0) | NODE0 = NODE1","9","0000------0-----------0---------------","7","33","F","119","0100010020","0100010020","e0l0","0000------0-","--","--------0---","------------","0","5","0","0","0","1","0","0","2","0"
"1034","2","forall NODE0. ep_epoch0(NODE0) | ep_epoch1(NODE0) | ep_epoch2(NODE0) | ep_epoch3(NODE0) | ep_epoch5(NODE0) | locked_epoch4(NODE0)","7","0000-0----------------0---------------","6","30","F","15","0100010010","0100010010","e0l0","0000-0------","--","--------0---","------------","0","5","0","0","0","1","0","0","1","0"
"1035","3","forall NODE0. ep_epoch0(NODE0) | ep_epoch1(NODE0) | ep_epoch2(NODE0) | ep_epoch3(NODE0) | held(NODE0) | locked_epoch4(NODE0)","7","0000--------0---------0---------------","6","59","F","7","0101010010","0101010010","e0h0l0","0000--------","0-","--------0---","------------","0","4","0","1","0","1","0","0","1","0"
"1036","2","forall NODE1,NODE0. ep_epoch0(NODE0) | ep_epoch1(NODE0) | ep_epoch2(NODE0) | ep_epoch3(NODE0) | locked_epoch4(NODE0) | locked_epoch4(NODE1) | NODE0 = NODE1","9","0000------------------00--------------","7","33","F","119","0100010020","0100010020","e0l0","0000--------","--","--------00--","------------","0","4","0","0","0","2","0","0","2","0"
"1037","2","forall NODE0. ep_epoch0(NODE0) | ep_epoch1(NODE0) | ep_epoch2(NODE0) | ep_epoch3(NODE0) | locked_epoch4(NODE0) | locked_epoch5(NODE0)","7","0000------------------0-0-------------","6","30","F","15","0100010010","0100010010","e0l0","0000--------","--","--------0-0-","------------","0","4","0","0","0","2","0","0","1","0"
"1038","2","forall NODE0. ep_epoch0(NODE0) | ep_epoch1(NODE0) | ep_epoch2(NODE0) | ep_epoch4(NODE0) | ep_epoch5(NODE0) | locked_epoch3(NODE0)","7","000-00--------------0-----------------","6","30","F","15","0100010010","0100010010","e0l0","000-00------","--","------0-----","------------","0","5","0","0","0","1","0","0","1","0"
"1039","3","forall NODE0. ep_epoch0(NODE0) | ep_epoch1(NODE0) | ep_epoch2(NODE0) | ep_epoch4(NODE0) | held(NODE0) | locked_epoch3(NODE0)","7","000-0-------0-------0-----------------","6","59","F","7","0101010010","0101010010","e0h0l0","000-0-------","0-","------0-----","------------","0","4","0","1","0","1","0","0","1","0"
"1040","2","forall NODE0. ep_epoch0(NODE0) | ep_epoch1(NODE0) | ep_epoch2(NODE0) | ep_epoch4(NODE0) | locked_epoch3(NODE0) | locked_epoch5(NODE0)","7","000-0---------------0---0-------------","6","30","F","15","0100010010","0100010010","e0l0","000-0-------","--","------0---0-","------------","0","4","0","0","0","2","0","0","1","0"
"1041","2","forall NODE1,NODE0. ep_epoch0(NODE0) | ep_epoch1(NODE0) | ep_epoch2(NODE0) | ep_epoch4(NODE1) | locked_epoch3(NODE0) | locked_epoch4(NODE0) | NODE0 = NODE1","9","000-------0---------0-0---------------","7","33","F","119","0100010020","0100010020","e0l0","000-------0-","--","------0-0---","------------","0","4","0","0","0","2","0","0","2","0"
"1042","2","forall NODE0. ep_epoch0(NODE0) | ep_epoch1(NODE0) | ep_epoch2(NODE0) | ep_epoch5(NODE0) | locked_epoch3(NODE0) | locked_epoch4(NODE0)","7","000--0--------------0-0---------------","6","30","F","15","0100010010","0100010010","e0l0","000--0------","--","------0-0---","------------","0","4","0","0","0","2","0","0","1","0"
"1043","3","forall NODE0. ep_epoch0(NODE0) | ep_epoch1(NODE0) | ep_epoch2(NODE0) | held(NODE0) | locked_epoch3(NODE0) | locked_epoch4(NODE0)","7","000---------0-------0-0---------------","6","59","F","7","0101010010","0101010010","e0h0l0","000---------","0-","------0-0---","------------","0","3","0","1","0","2","0","0","1","0"
"1044","2","forall NODE1,NODE0. ep_epoch0(NODE0) | ep_epoch1(NODE0) | ep_epoch2(NODE0) | locked_epoch3(NODE0) | locked_epoch4(NODE0) | locked_epoch4(NODE1) | NODE0 = NODE1","9","000-----------------0-00--------------","7","33","F","119","0100010020","0100010020","e0l0","000---------","--","------0-00--","------------","0","3","0","0","0","3","0","0","2","0"
"1045","2","forall NODE0. ep_epoch0(NODE0) | ep_epoch1(NODE0) | ep_epoch2(NODE0) | locked_epoch3(NODE0) | locked_epoch4(NODE0) | locked_epoch5(NODE0)","7","000-----------------0-0-0-------------","6","30","F","15","0100010010","0100010010","e0l0","000---------","--","------0-0-0-","------------","0","3","0","0","0","3","0","0","1","0"
"1046","2","forall NODE1,NODE0. ep_epoch0(NODE0) | ep_epoch1(NODE0) | ep_epoch2(NODE1) | locked_epoch2(NODE0) | locked_epoch4(NODE0) | locked_epoch4(NODE1) | NODE0 = NODE1","9","00------0---------0---00--------------","7","33","F","119","0100010020","0100010020","e0l0","00------0---","--","----0---00--","------------","0","3","0","0","0","3","0","0","2","0"
"1047","2","forall NODE0. ep_epoch0(NODE0) | ep_epoch1(NODE0) | ep_epoch3(NODE0) | ep_epoch4(NODE0) | ep_epoch5(NODE0) | locked_epoch2(NODE0)","7","00-000------------0-------------------","6","30","F","15","0100010010","0100010010","e0l0","00-000------","--","----0-------","------------","0","5","0","0","0","1","0","0","1","0"
"1048","3","forall NODE0. ep_epoch0(NODE0) | ep_epoch1(NODE0) | ep_epoch3(NODE0) | ep_epoch4(NODE0) | held(NODE0) | locked_epoch2(NODE0)","7","00-00-------0-----0-------------------","6","59","F","7","0101010010","0101010010","e0h0l0","00-00-------","0-","----0-------","------------","0","4","0","1","0","1","0","0","1","0"
"1049","2","forall NODE0. ep_epoch0(NODE0) | ep_epoch1(NODE0) | ep_epoch3(NODE0) | ep_epoch4(NODE0) | locked_epoch2(NODE0) | locked_epoch5(NODE0)","7","00-00-------------0-----0-------------","6","30","F","15","0100010010","0100010010","e0l0","00-00-------","--","----0-----0-","------------","0","4","0","0","0","2","0","0","1","0"
"1050","2","forall NODE1,NODE0. ep_epoch0(NODE0) | ep_epoch1(NODE0) | ep_epoch3(NODE0) | ep_epoch4(NODE1) | locked_epoch2(NODE0) | locked_epoch4(NODE0) | NODE0 = NODE1","9","00-0------0-------0---0---------------","7","33","F","119","0100010020","0100010020","e0l0","00-0------0-","--","----0---0---","------------","0","4","0","0","0","2","0","0","2","0"
"1051","2","forall NODE0. ep_epoch0(NODE0) | ep_epoch1(NODE0) | ep_epoch3(NODE0) | ep_epoch5(NODE0) | locked_epoch2(NODE0) | locked_epoch4(NODE0)","7","00-0-0------------0---0---------------","6","30","F","15","0100010010","0100010010","e0l0","00-0-0------","--","----0---0---","------------","0","4","0","0","0","2","0","0","1","0"
"1052","3","forall NODE0. ep_epoch0(NODE0) | ep_epoch1(NODE0) | ep_epoch3(NODE0) | held(NODE0) | locked_epoch2(NODE0) | locked_epoch4(NODE0)","7","00-0--------0-----0---0---------------","6","59","F","7","0101010010","0101010010","e0h0l0","00-0--------","0-","----0---0---","------------","0","3","0","1","0","2","0","0","1","0"
"1053","2","forall NODE1,NODE0. ep_epoch0(NODE0) | ep_epoch1(NODE0) | ep_epoch3(NODE0) | locked_epoch2(NODE0) | locked_epoch4(NODE0) | locked_epoch4(NODE1) | NODE0 = NODE1","9","00-0--------------0---00--------------","7","33","F","119","0100010020","0100010020","e0l0","00-0--------","--","----0---00--","------------","0","3","0","0","0","3","0","0","2","0"
"1054","2","forall NODE0. ep_epoch0(NODE0) | ep_epoch1(NODE0) | ep_epoch3(NODE0) | locked_epoch2(NODE0) | locked_epoch4(NODE0) | locked_epoch5(NODE0)","7","00-0--------------0---0-0-------------","6","30","F","15","0100010010","0100010010","e0l0","00-0--------","--","----0---0-0-","------------","0","3","0","0","0","3","0","0","1","0"
"1055","2","forall NODE0. ep_epoch0(NODE0) | ep_epoch1(NODE0) | ep_epoch4(NODE0) | ep_epoch5(NODE0) | locked_epoch2(NODE0) | locked_epoch3(NODE0)","7","00--00------------0-0-----------------","6","30","F","15","0100010010","0100010010","e0l0","00--00------","--","----0-0-----","------------","0","4","0","0","0","2","0","0","1","0"
"1056","3","forall NODE0. ep_epoch0(NODE0) | ep_epoch1(NODE0) | ep_epoch4(NODE0) | held(NODE0) | locked_epoch2(NODE0) | locked_epoch3(NODE0)","7","00--0-------0-----0-0-----------------","6","59","F","7","0101010010","0101010010","e0h0l0","00--0-------","0-","----0-0-----","------------","0","3","0","1","0","2","0","0","1","0"
"1057","2","forall NODE0. ep_epoch0(NODE0) | ep_epoch1(NODE0) | ep_epoch4(NODE0) | locked_epoch2(NODE0) | locked_epoch3(NODE0) | locked_epoch5(NODE0)","7","00--0-------------0-0---0-------------","6","30","F","15","0100010010","0100010010","e0l0","00--0-------","--","----0-0---0-","------------","0","3","0","0","0","3","0","0","1","0"
"1058","2","forall NODE1,NODE0. ep_epoch0(NODE0) | ep_epoch1(NODE0) | ep_epoch4(NODE1) | locked_epoch2(NODE0) | locked_epoch3(NODE0) | locked_epoch4(NODE0) | NODE0 = NODE1","9","00--------0-------0-0-0---------------","7","33","F","119","0100010020","0100010020","e0l0","00--------0-","--","----0-0-0---","------------","0","3","0","0","0","3","0","0","2","0"
"1059","2","forall NODE0. ep_epoch0(NODE0) | ep_epoch1(NODE0) | ep_epoch5(NODE0) | locked_epoch2(NODE0) | locked_epoch3(NODE0) | locked_epoch4(NODE0)","7","00---0------------0-0-0---------------","6","30","F","15","0100010010","0100010010","e0l0","00---0------","--","----0-0-0---","------------","0","3","0","0","0","3","0","0","1","0"
"1060","3","forall NODE0. ep_epoch0(NODE0) | ep_epoch1(NODE0) | held(NODE0) | locked_epoch2(NODE0) | locked_epoch3(NODE0) | locked_epoch4(NODE0)","7","00----------0-----0-0-0---------------","6","59","F","7","0101010010","0101010010","e0h0l0","00----------","0-","----0-0-0---","------------","0","2","0","1","0","3","0","0","1","0"
"1061","2","forall NODE1,NODE0. ep_epoch0(NODE0) | ep_epoch1(NODE0) | locked_epoch2(NODE0) | locked_epoch3(NODE0) | locked_epoch4(NODE0) | locked_epoch4(NODE1) | NODE0 = NODE1","9","00----------------0-0-00--------------","7","33","F","119","0100010020","0100010020","e0l0","00----------","--","----0-0-00--","------------","0","2","0","0","0","4","0","0","2","0"
"1062","2","forall NODE0. ep_epoch0(NODE0) | ep_epoch1(NODE0) | locked_epoch2(NODE0) | locked_epoch3(NODE0) | locked_epoch4(NODE0) | locked_epoch5(NODE0)","7","00----------------0-0-0-0-------------","6","30","F","15","0100010010","0100010010","e0l0","00----------","--","----0-0-0-0-","------------","0","2","0","0","0","4","0","0","1","0"
"1063","4","forall NODE1,NODE0. ep_epoch0(NODE0) | held(NODE0) | locked_epoch2(NODE0) | locked_epoch2(NODE1) | transfer_epoch2(NODE0) | transfer_epoch2(NODE1) | NODE0 = NODE1","9","0-----------0-----00----------00------","7","38","F","677","0101010120","0101010120","e0h0l0t0","0-----------","0-","----00------","----00------","0","1","0","1","0","2","0","2","2","0"
"1064","2","exists NODE0. ep_epoch1(NODE0) | ep_epoch2(NODE0) | locked_epoch3(NODE0)","4","-00----00-----------00----------------","3","7","E","14","e0l0","0100010001","e0l0","-00----00---","--","------00----","------------","0","4","0","0","0","2","0","0","0","1"
"1065","2","forall NODE1,NODE0. ep_epoch1(NODE0) | ep_epoch1(NODE1) | ep_epoch2(NODE0) | locked_epoch2(NODE1) | locked_epoch3(NODE0) | locked_epoch3(NODE1) | NODE0 = NODE1","9","-00----0-----------000----------------","7","33","F","119","0100010020","0100010020","e0l0","-00----0----","--","-----000----","------------","0","3","0","0","0","3","0","0","2","0"
"1066","4","forall NODE1,NODE0. ep_epoch1(NODE0) | held(NODE1) | locked_epoch2(NODE0) | locked_epoch2(NODE1) | transfer_epoch2(NODE0) | transfer_epoch2(NODE1) | NODE0 = NODE1","9","-0-----------0----00----------00------","7","38","F","677","0101010120","0101010120","e0h0l0t0","-0----------","-0","----00------","----00------","0","1","0","1","0","2","0","2","2","0"
"1067","3","exists NODE0. held(NODE0) | locked_epoch2(NODE0) | transfer_epoch2(NODE0)","4","------------00----00----------00------","3","10","E","3","h0l0t0","0001010101","h0l0t0","------------","00","----00------","----00------","0","0","0","2","0","2","0","2","0","1"
"1068","5","forall NODE1,NODE0. ~ep_epoch0(NODE0) | ~locked_epoch2(NODE1) | ep_epoch2(NODE1) | ep_epoch3(NODE1) | held(NODE1) | transfer_epoch5(NODE0) | transfer_epoch5(NODE1) | NODE0 = NODE1","10","1-------00---0-----1----------------00","8","76","F","20","1101100120","1101100120","e1e0h0l1t0","1-------00--","-0","-----1------","----------00","1","2","0","1","1","0","0","2","2","0"
"1069","5","forall NODE1,NODE0. ~ep_epoch0(NODE0) | ~locked_epoch2(NODE1) | ep_epoch2(NODE1) | ep_epoch4(NODE1) | held(NODE1) | transfer_epoch4(NODE0) | transfer_epoch4(NODE1) | NODE0 = NODE1","10","1-------0-0--0-----1--------------00--","8","76","F","20","1101100120","1101100120","e1e0h0l1t0","1-------0-0-","-0","-----1------","--------00--","1","2","0","1","1","0","0","2","2","0"
"1070","6","forall NODE1,NODE0. ~ep_epoch0(NODE0) | ~locked_epoch2(NODE1) | ep_epoch2(NODE1) | held(NODE1) | locked_epoch4(NODE1) | transfer_epoch4(NODE0) | transfer_epoch4(NODE1) | NODE0 = NODE1","10","1-------0----0-----1---0----------00--","8","87","F","4","1101110120","1101110120","e1e0h0l1l0t0","1-------0---","-0","-----1---0--","--------00--","1","1","0","1","1","1","0","2","2","0"
"1071","5","forall NODE1,NODE0. ~ep_epoch0(NODE0) | ~locked_epoch2(NODE1) | ep_epoch3(NODE1) | ep_epoch4(NODE1) | held(NODE1) | transfer_epoch3(NODE0) | transfer_epoch3(NODE1) | NODE0 = NODE1","10","1--------00--0-----1------------00----","8","76","F","20","1101100120","1101100120","e1e0h0l1t0","1--------00-","-0","-----1------","------00----","1","2","0","1","1","0","0","2","2","0"
"1072","6","forall NODE1,NODE0. ~ep_epoch0(NODE0) | ~locked_epoch2(NODE1) | ep_epoch3(NODE1) | held(NODE1) | locked_epoch4(NODE1) | transfer_epoch3(NODE0) | transfer_epoch3(NODE1) | NODE0 = NODE1","10","1--------0---0-----1---0--------00----","8","87","F","4","1101110120","1101110120","e1e0h0l1l0t0","1--------0--","-0","-----1---0--","------00----","1","1","0","1","1","1","0","2","2","0"
"1073","4","forall NODE1,NODE0. ~ep_epoch0(NODE0) | ~locked_epoch3(NODE1) | held(NODE1) | transfer_epoch4(NODE0) | transfer_epoch4(NODE1) | transfer_epoch5(NODE0) | transfer_epoch5(NODE1) | NODE0 = NODE1","10","1------------0-------1------------0000","8","60","F","9","1001100120","1001100120","e1h0l1t0","1-----------","-0","-------1----","--------0000","1","0","0","1","1","0","0","4","2","0"
"1074","4","forall NODE1,NODE0. ~ep_epoch0(NODE0) | ep_epoch1(NODE1) | ep_epoch2(NODE1) | ep_epoch3(NODE1) | held(NODE1) | transfer_epoch5(NODE0) | transfer_epoch5(NODE1) | NODE0 = NODE1","10","1------000---0----------------------00","8","35","F","40","1101000120","1101000120","e1e0h0t0","1------000--","-0","------------","----------00","1","3","0","1","0","0","0","2","2","0"
"1075","4","forall NODE1,NODE0. ~ep_epoch0(NODE0) | ep_epoch1(NODE1) | ep_epoch2(NODE1) | ep_epoch4(NODE1) | held(NODE1) | transfer_epoch4(NODE0) | transfer_epoch4(NODE1) | NODE0 = NODE1","10","1------00-0--0--------------------00--","8","35","F","40","1101000120","1101000120","e1e0h0t0","1------00-0-","-0","------------","--------00--","1","3","0","1","0","0","0","2","2","0"
"1076","5","forall NODE1,NODE0. ~ep_epoch0(NODE0) | ep_epoch1(NODE1) | ep_epoch2(NODE1) | held(NODE1) | locked_epoch4(NODE1) | transfer_epoch4(NODE0) | transfer_epoch4(NODE1) | NODE0 = NODE1","10","1------00----0---------0----------00--","8","64","F","23","1101010120","1101010120","e1e0h0l0t0","1------00---","-0","---------0--","--------00--","1","2","0","1","0","1","0","2","2","0"
"1077","4","forall NODE1,NODE0. ~ep_epoch0(NODE0) | ep_epoch1(NODE1) | ep_epoch3(NODE1) | ep_epoch4(NODE1) | held(NODE1) | transfer_epoch3(NODE0) | transfer_epoch3(NODE1) | NODE0 = NODE1","10","1------0-00--0------------------00----","8","35","F","40","1101000120","1101000120","e1e0h0t0","1------0-00-","-0","------------","------00----","1","3","0","1","0","0","0","2","2","0"
"1078","5","forall NODE1,NODE0. ~ep_epoch0(NODE0) | ep_epoch1(NODE1) | ep_epoch3(NODE1) | held(NODE1) | locked_epoch4(NODE1) | transfer_epoch3(NODE0) | transfer_epoch3(NODE1) | NODE0 = NODE1","10","1------0-0---0---------0--------00----","8","64","F","23","1101010120","1101010120","e1e0h0l0t0","1------0-0--","-0","---------0--","------00----","1","2","0","1","0","1","0","2","2","0"
"1079","4","forall NODE1,NODE0. ~ep_epoch0(NODE0) | ep_epoch2(NODE1) | ep_epoch3(NODE1) | ep_epoch4(NODE1) | held(NODE1) | transfer_epoch2(NODE0) | transfer_epoch2(NODE1) | NODE0 = NODE1","10","1-------000--0----------------00------","8","35","F","40","1101000120","1101000120","e1e0h0t0","1-------000-","-0","------------","----00------","1","3","0","1","0","0","0","2","2","0"
"1080","5","forall NODE1,NODE0. ~ep_epoch0(NODE0) | ep_epoch2(NODE1) | ep_epoch3(NODE1) | held(NODE1) | locked_epoch4(NODE1) | transfer_epoch2(NODE0) | transfer_epoch2(NODE1) | NODE0 = NODE1","10","1-------00---0---------0------00------","8","64","F","23","1101010120","1101010120","e1e0h0l0t0","1-------00--","-0","---------0--","----00------","1","2","0","1","0","1","0","2","2","0"
"1081","4","forall NODE1,NODE0. ~ep_epoch0(NODE0) | held(NODE1) | locked_epoch3(NODE1) | transfer_epoch2(NODE0) | transfer_epoch2(NODE1) | transfer_epoch3(NODE0) | transfer_epoch3(NODE1) | NODE0 = NODE1","10","1------------0-------0--------0000----","8","36","F","10","1001010120","1001010120","e1h0l0t0","1-----------","-0","-------0----","----0000----","1","0","0","1","0","1","0","4","2","0"
"1082","5","forall NODE1,NODE0. ~ep_epoch1(NODE0) | ~locked_epoch2(NODE1) | ep_epoch2(NODE1) | ep_epoch3(NODE1) | held(NODE1) | transfer_epoch5(NODE0) | transfer_epoch5(NODE1) | NODE0 = NODE1","10","-1------00---0-----1----------------00","8","76","F","20","1101100120","1101100120","e1e0h0l1t0","-1------00--","-0","-----1------","----------00","1","2","0","1","1","0","0","2","2","0"
"1083","5","forall NODE1,NODE0. ~ep_epoch1(NODE0) | ~locked_epoch2(NODE1) | ep_epoch2(NODE1) | ep_epoch4(NODE1) | held(NODE1) | transfer_epoch4(NODE0) | transfer_epoch4(NODE1) | NODE0 = NODE1","10","-1------0-0--0-----1--------------00--","8","76","F","20","1101100120","1101100120","e1e0h0l1t0","-1------0-0-","-0","-----1------","--------00--","1","2","0","1","1","0","0","2","2","0"
"1084","6","forall NODE1,NODE0. ~ep_epoch1(NODE0) | ~locked_epoch2(NODE1) | ep_epoch2(NODE1) | held(NODE1) | locked_epoch4(NODE1) | transfer_epoch4(NODE0) | transfer_epoch4(NODE1) | NODE0 = NODE1","10","-1------0----0-----1---0----------00--","8","87","F","4","1101110120","1101110120","e1e0h0l1l0t0","-1------0---","-0","-----1---0--","--------00--","1","1","0","1","1","1","0","2","2","0"
"1085","5","forall NODE1,NODE0. ~ep_epoch1(NODE0) | ~locked_epoch2(NODE1) | ep_epoch3(NODE1) | ep_epoch4(NODE1) | held(NODE1) | transfer_epoch3(NODE0) | transfer_epoch3(NODE1) | NODE0 = NODE1","10","-1-------00--0-----1------------00----","8","76","F","20","1101100120","1101100120","e1e0h0l1t0","-1-------00-","-0","-----1------","------00----","1","2","0","1","1","0","0","2","2","0"
"1086","6","forall NODE1,NODE0. ~ep_epoch1(NODE0) | ~locked_epoch2(NODE1) | ep_epoch3(NODE1) | held(NODE1) | locked_epoch4(NODE1) | transfer_epoch3(NODE0) | transfer_epoch3(NODE1) | NODE0 = NODE1","10","-1-------0---0-----1---0--------00----","8","87","F","4","1101110120","1101110120","e1e0h0l1l0t0","-1-------0--","-0","-----1---0--","------00----","1","1","0","1","1","1","0","2","2","0"
"1087","4","forall NODE1,NODE0. ~ep_epoch1(NODE0) | ~locked_epoch3(NODE1) | held(NODE1) | transfer_epoch4(NODE0) | transfer_epoch4(NODE1) | transfer_epoch5(NODE0) | transfer_epoch5(NODE1) | NODE0 = NODE1","10","-1-----------0-------1------------0000","8","60","F","9","1001100120","1001100120","e1h0l1t0","-1----------","-0","-------1----","--------0000","1","0","0","1","1","0","0","4","2","0"
"1088","4","forall NODE1,NODE0. ~ep_epoch1(NODE0) | ep_epoch0(NODE1) | ep_epoch2(NODE1) | ep_epoch3(NODE1) | held(NODE1) | transfer_epoch5(NODE0) | transfer_epoch5(NODE1) | NODE0 = NODE1","10","-1----0-00---0----------------------00","8","35","F","40","1101000120","1101000120","e1e0h0t0","-1----0-00--","-0","------------","----------00","1","3","0","1","0","0","0","2","2","0"
"1089","4","forall NODE1,NODE0. ~ep_epoch1(NODE0) | ep_epoch0(NODE1) | ep_epoch2(NODE1) | ep_epoch4(NODE1) | held(NODE1) | transfer_epoch4(NODE0) | transfer_epoch4(NODE1) | NODE0 = NODE1","10","-1----0-0-0--0--------------------00--","8","35","F","40","1101000120","1101000120","e1e0h0t0","-1----0-0-0-","-0","------------","--------00--","1","3","0","1","0","0","0","2","2","0"
"1090","5","forall NODE1,NODE0. ~ep_epoch1(NODE0) | ep_epoch0(NODE1) | ep_epoch2(NODE1) | held(NODE1) | locked_epoch4(NODE1) | transfer_epoch4(NODE0) | transfer_epoch4(NODE1) | NODE0 = NODE1","10","-1----0-0----0---------0----------00--","8","64","F","23","1101010120","1101010120","e1e0h0l0t0","-1----0-0---","-0","---------0--","--------00--","1","2","0","1","0","1","0","2","2","0"
"1091","4","forall NODE1,NODE0. ~ep_epoch1(NODE0) | ep_epoch0(NODE1) | ep_epoch3(NODE1) | ep_epoch4(NODE1) | held(NODE1) | transfer_epoch3(NODE0) | transfer_epoch3(NODE1) | NODE0 = NODE1","10","-1----0--00--0------------------00----","8","35","F","40","1101000120","1101000120","e1e0h0t0","-1----0--00-","-0","------------","------00----","1","3","0","1","0","0","0","2","2","0"
"1092","5","forall NODE1,NODE0. ~ep_epoch1(NODE0) | ep_epoch0(NODE1) | ep_epoch3(NODE1) | held(NODE1) | locked_epoch4(NODE1) | transfer_epoch3(NODE0) | transfer_epoch3(NODE1) | NODE0 = NODE1","10","-1----0--0---0---------0--------00----","8","64","F","23","1101010120","1101010120","e1e0h0l0t0","-1----0--0--","-0","---------0--","------00----","1","2","0","1","0","1","0","2","2","0"
"1093","5","forall NODE1,NODE0. ~ep_epoch1(NODE0) | ep_epoch2(NODE1) | ep_epoch3(NODE1) | held(NODE0) | locked_epoch4(NODE1) | transfer_epoch2(NODE0) | transfer_epoch2(NODE1) | NODE0 = NODE1","10","-1------00--0----------0------00------","8","64","F","23","1101010120","1101010120","e1e0h0l0t0","-1------00--","0-","---------0--","----00------","1","2","0","1","0","1","0","2","2","0"
"1094","4","forall NODE1,NODE0. ~ep_epoch2(NODE0) | ~locked_epoch3(NODE1) | held(NODE1) | transfer_epoch4(NODE0) | transfer_epoch4(NODE1) | transfer_epoch5(NODE0) | transfer_epoch5(NODE1) | NODE0 = NODE1","10","--1----------0-------1------------0000","8","60","F","9","1001100120","1001100120","e1h0l1t0","--1---------","-0","-------1----","--------0000","1","0","0","1","1","0","0","4","2","0"
"1095","4","forall NODE1,NODE0. ~ep_epoch2(NODE0) | ep_epoch0(NODE1) | ep_epoch1(NODE1) | ep_epoch3(NODE1) | held(NODE1) | transfer_epoch5(NODE0) | transfer_epoch5(NODE1) | NODE0 = NODE1","10","--1---00-0---0----------------------00","8","35","F","40","1101000120","1101000120","e1e0h0t0","--1---00-0--","-0","------------","----------00","1","3","0","1","0","0","0","2","2","0"
"1096","4","forall NODE1,NODE0. ~ep_epoch2(NODE0) | ep_epoch0(NODE1) | ep_epoch1(NODE1) | ep_epoch4(NODE1) | held(NODE1) | transfer_epoch4(NODE0) | transfer_epoch4(NODE1) | NODE0 = NODE1","10","--1---00--0--0--------------------00--","8","35","F","40","1101000120","1101000120","e1e0h0t0","--1---00--0-","-0","------------","--------00--","1","3","0","1","0","0","0","2","2","0"
"1097","5","forall NODE1,NODE0. ~ep_epoch2(NODE0) | ep_epoch0(NODE1) | ep_epoch1(NODE1) | held(NODE1) | locked_epoch4(NODE1) | transfer_epoch4(NODE0) | transfer_epoch4(NODE1) | NODE0 = NODE1","10","--1---00-----0---------0----------00--","8","64","F","23","1101010120","1101010120","e1e0h0l0t0","--1---00----","-0","---------0--","--------00--","1","2","0","1","0","1","0","2","2","0"
"1098","4","forall NODE1,NODE0. ~ep_epoch2(NODE0) | ep_epoch3(NODE1) | ep_epoch4(NODE1) | ep_epoch5(NODE1) | held(NODE0) | transfer_epoch3(NODE0) | transfer_epoch3(NODE1) | NODE0 = NODE1","10","--1------0000-------------------00----","8","35","F","40","1101000120","1101000120","e1e0h0t0","--1------000","0-","------------","------00----","1","3","0","1","0","0","0","2","2","0"
"1099","4","forall NODE1,NODE0. ~ep_epoch2(NODE0) | ep_epoch3(NODE1) | ep_epoch4(NODE1) | held(NODE0) | held(NODE1) | transfer_epoch3(NODE0) | transfer_epoch3(NODE1) | NODE0 = NODE1","10","--1------00-00------------------00----","8","35","F","40","1101000120","1101000120","e1e0h0t0","--1------00-","00","------------","------00----","1","2","0","2","0","0","0","2","2","0"
"1100","5","forall NODE1,NODE0. ~ep_epoch2(NODE0) | ep_epoch3(NODE1) | ep_epoch4(NODE1) | held(NODE0) | locked_epoch5(NODE1) | transfer_epoch3(NODE0) | transfer_epoch3(NODE1) | NODE0 = NODE1","10","--1------00-0------------0------00----","8","64","F","23","1101010120","1101010120","e1e0h0l0t0","--1------00-","0-","-----------0","------00----","1","2","0","1","0","1","0","2","2","0"
"1101","5","forall NODE1,NODE0. ~ep_epoch3(NODE0) | ~locked_epoch2(NODE0) | ep_epoch0(NODE1) | ep_epoch1(NODE1) | held(NODE1) | transfer_epoch5(NODE0) | transfer_epoch5(NODE1) | NODE0 = NODE1","10","---1--00-----0----1-----------------00","8","76","F","20","1101100120","1101100120","e1e0h0l1t0","---1--00----","-0","----1-------","----------00","1","2","0","1","1","0","0","2","2","0"
"1102","4","forall NODE1,NODE0. ~ep_epoch3(NODE0) | ep_epoch0(NODE1) | ep_epoch1(NODE1) | ep_epoch2(NODE1) | held(NODE1) | transfer_epoch5(NODE0) | transfer_epoch5(NODE1) | NODE0 = NODE1","10","---1--000----0----------------------00","8","35","F","40","1101000120","1101000120","e1e0h0t0","---1--000---","-0","------------","----------00","1","3","0","1","0","0","0","2","2","0"
"1103","5","forall NODE1,NODE0. ~ep_epoch3(NODE0) | ep_epoch0(NODE1) | ep_epoch1(NODE1) | held(NODE1) | locked_epoch2(NODE1) | transfer_epoch5(NODE0) | transfer_epoch5(NODE1) | NODE0 = NODE1","10","---1--00-----0-----0----------------00","8","64","F","23","1101010120","1101010120","e1e0h0l0t0","---1--00----","-0","-----0------","----------00","1","2","0","1","0","1","0","2","2","0"
"1104","3","forall NODE1,NODE0. ~ep_epoch3(NODE0) | held(NODE0) | held(NODE1) | transfer_epoch4(NODE0) | transfer_epoch4(NODE1) | transfer_epoch5(NODE0) | transfer_epoch5(NODE1) | NODE0 = NODE1","10","---1--------00--------------------0000","8","31","F","14","1001000120","1001000120","e1h0t0","---1--------","00","------------","--------0000","1","0","0","2","0","0","0","4","2","0"
"1105","2","forall NODE1,NODE0. ~locked_epoch2(NODE0) | ~locked_epoch3(NODE0) | ep_epoch0(NODE1) | ep_epoch1(NODE1) | ep_epoch3(NODE0) | ep_epoch4(NODE0) | ep_epoch4(NODE1) | NODE0 = NODE1","10","---00-00--0-------1-1-----------------","8","26","F","42","0100100020","0100100020","e0l1","---00-00--0-","--","----1-1-----","------------","0","5","0","0","2","0","0","0","2","0"
"1106","2","forall NODE1,NODE0. ~locked_epoch2(NODE0) | ~locked_epoch3(NODE0) | ep_epoch0(NODE1) | ep_epoch1(NODE1) | ep_epoch3(NODE0) | ep_epoch5(NODE0) | ep_epoch5(NODE1) | NODE0 = NODE1","10","---0-000---0------1-1-----------------","8","26","F","42","0100100020","0100100020","e0l1","---0-000---0","--","----1-1-----","------------","0","5","0","0","2","0","0","0","2","0"
"1107","3","forall NODE2,NODE1,NODE0,NODE3. ~locked_epoch2(NODE0) | ~locked_epoch3(NODE0) | ep_epoch0(NODE1) | ep_epoch1(NODE1) | ep_epoch3(NODE0) | ep_epoch5(NODE2) | held(NODE3) | ((NODE0 ~= NODE2 | NODE1 ~= NODE3 | NODE0 = NODE1) & (NODE0 ~= NODE3 | NODE1 ~= NODE2 | NODE0 = NODE1))","17","---0-000-----0----1-1-----------------","13","78","F","5","0101100040","0101100040","e0h0l1","---0-000----","-0","----1-1-----","------------","0","4","0","1","2","0","0","0","4","0"
"1108","3","forall NODE2,NODE1,NODE0,NODE3. ~locked_epoch2(NODE0) | ~locked_epoch3(NODE0) | ep_epoch0(NODE1) | ep_epoch1(NODE1) | ep_epoch3(NODE0) | ep_epoch5(NODE2) | locked_epoch5(NODE3) | ((NODE0 ~= NODE2 | NODE1 ~= NODE3 | NODE0 = NODE1) & (NODE0 ~= NODE3 | NODE1 ~= NODE2 | NODE0 = NODE1))","17","---0-000----------1-1----0------------","13","79","F","11","0100110040","0100110040","e0l1l0","---0-000----","--","----1-1----0","------------","0","4","0","0","2","1","0","0","4","0"
"1109","3","forall NODE1,NODE0. ~locked_epoch2(NODE0) | ~locked_epoch3(NODE0) | ep_epoch0(NODE1) | ep_epoch1(NODE1) | ep_epoch3(NODE0) | held(NODE0) | held(NODE1) | NODE0 = NODE1","10","---0--00----00----1-1-----------------","8","57","F","16","0101100020","0101100020","e0h0l1","---0--00----","00","----1-1-----","------------","0","3","0","2","2","0","0","0","2","0"
"1110","4","forall NODE2,NODE1,NODE0,NODE3. ~locked_epoch2(NODE0) | ~locked_epoch3(NODE0) | ep_epoch0(NODE1) | ep_epoch1(NODE1) | ep_epoch3(NODE0) | held(NODE2) | locked_epoch5(NODE3) | ((NODE0 ~= NODE3 | NODE1 ~= NODE2 | NODE0 = NODE1) & (NODE0 ~= NODE2 | NODE1 ~= NODE3 | NODE0 = NODE1))","17","---0--00----0-----1-1----0------------","13","80","F","14","0101110040","0101110040","e0h0l1l0","---0--00----","0-","----1-1----0","------------","0","3","0","1","2","1","0","0","4","0"
"1111","3","forall NODE1,NODE0. ~locked_epoch2(NODE0) | ~locked_epoch3(NODE0) | ep_epoch0(NODE1) | ep_epoch1(NODE1) | ep_epoch3(NODE0) | locked_epoch5(NODE0) | locked_epoch5(NODE1) | NODE0 = NODE1","10","---0--00----------1-1---00------------","8","51","F","149","0100110020","0100110020","e0l1l0","---0--00----","--","----1-1---00","------------","0","3","0","0","2","2","0","0","2","0"
"1112","4","forall NODE1,NODE0. ~locked_epoch2(NODE0) | ~locked_epoch3(NODE1) | ep_epoch2(NODE0) | ep_epoch5(NODE1) | held(NODE0) | transfer_epoch5(NODE0) | transfer_epoch5(NODE1) | NODE0 = NODE1","10","--0--------00-----1--1--------------00","8","61","F","32","0101100120","0101100120","e0h0l1t0","--0--------0","0-","----1--1----","----------00","0","2","0","1","2","0","0","2","2","0"
"1113","4","forall NODE1,NODE0. ~locked_epoch2(NODE0) | ~locked_epoch3(NODE1) | ep_epoch2(NODE0) | held(NODE0) | held(NODE1) | transfer_epoch5(NODE0) | transfer_epoch5(NODE1) | NODE0 = NODE1","10","--0---------00----1--1--------------00","8","61","F","32","0101100120","0101100120","e0h0l1t0","--0---------","00","----1--1----","----------00","0","1","0","2","2","0","0","2","2","0"
"1114","5","forall NODE1,NODE0. ~locked_epoch2(NODE0) | ~locked_epoch3(NODE1) | ep_epoch2(NODE0) | held(NODE0) | locked_epoch5(NODE1) | transfer_epoch5(NODE0) | transfer_epoch5(NODE1) | NODE0 = NODE1","10","--0---------0-----1--1---0----------00","8","81","F","80","0101110120","0101110120","e0h0l1l0t0","--0---------","0-","----1--1---0","----------00","0","1","0","1","2","1","0","2","2","0"
"1115","3","forall NODE2,NODE1,NODE0,NODE3. ~locked_epoch2(NODE0) | ~transfer_epoch5(NODE1) | ep_epoch0(NODE2) | ep_epoch1(NODE2) | ep_epoch2(NODE0) | ep_epoch3(NODE1) | ep_epoch3(NODE3) | ((NODE0 ~= NODE1 | NODE2 ~= NODE3 | NODE0 = NODE2) & (NODE0 ~= NODE3 | NODE1 ~= NODE2 | NODE0 = NODE1))","17","--00--00-0--------1-----------------1-","13","88","F","1","0100101040","0100101040","e0l1t1","--00--00-0--","--","----1-------","----------1-","0","5","0","0","1","0","1","0","4","0"
"1116","3","forall NODE2,NODE1,NODE0,NODE3. ~locked_epoch2(NODE0) | ep_epoch0(NODE1) | ep_epoch1(NODE1) | ep_epoch2(NODE0) | ep_epoch4(NODE2) | ep_epoch5(NODE2) | locked_epoch4(NODE3) | ((NODE0 ~= NODE2 | NODE1 ~= NODE3 | NODE0 = NODE1) & (NODE0 ~= NODE3 | NODE1 ~= NODE2 | NODE0 = NODE1))","17","--0-0000----------1----0--------------","13","79","F","11","0100110040","0100110040","e0l1l0","--0-0000----","--","----1----0--","------------","0","5","0","0","1","1","0","0","4","0"
"1117","4","forall NODE2,NODE1,NODE0,NODE3. ~locked_epoch2(NODE0) | ep_epoch0(NODE1) | ep_epoch1(NODE1) | ep_epoch2(NODE0) | ep_epoch4(NODE2) | held(NODE2) | locked_epoch4(NODE3) | ((NODE0 ~= NODE3 | NODE1 ~= NODE2 | NODE0 = NODE1) & (NODE0 ~= NODE2 | NODE1 ~= NODE3 | NODE0 = NODE1))","17","--0-0-00----0-----1----0--------------","13","80","F","14","0101110040","0101110040","e0h0l1l0","--0-0-00----","0-","----1----0--","------------","0","4","0","1","1","1","0","0","4","0"
"1118","3","forall NODE2,NODE1,NODE0,NODE3. ~locked_epoch2(NODE0) | ep_epoch0(NODE1) | ep_epoch1(NODE1) | ep_epoch2(NODE0) | ep_epoch4(NODE2) | locked_epoch4(NODE3) | locked_epoch5(NODE2) | ((NODE0 ~= NODE3 | NODE1 ~= NODE2 | NODE0 = NODE1) & (NODE0 ~= NODE2 | NODE1 ~= NODE3 | NODE0 = NODE1))","17","--0-0-00----------1----00-------------","13","79","F","11","0100110040","0100110040","e0l1l0","--0-0-00----","--","----1----00-","------------","0","4","0","0","1","2","0","0","4","0"
"1119","3","forall NODE1,NODE0. ~locked_epoch2(NODE0) | ep_epoch0(NODE1) | ep_epoch1(NODE1) | ep_epoch3(NODE0) | ep_epoch4(NODE0) | ep_epoch4(NODE1) | locked_epoch3(NODE1) | NODE0 = NODE1","10","---00-00--0-------1--0----------------","8","51","F","149","0100110020","0100110020","e0l1l0","---00-00--0-","--","----1--0----","------------","0","5","0","0","1","1","0","0","2","0"
"1120","3","forall NODE1,NODE0. ~locked_epoch2(NODE0) | ep_epoch0(NODE1) | ep_epoch1(NODE1) | ep_epoch3(NODE0) | ep_epoch4(NODE0) | ep_epoch5(NODE0) | locked_epoch3(NODE1) | NODE0 = NODE1","10","---00000----------1--0----------------","8","51","F","149","0100110020","0100110020","e0l1l0","---00000----","--","----1--0----","------------","0","5","0","0","1","1","0","0","2","0"
"1121","4","forall NODE1,NODE0. ~locked_epoch2(NODE0) | ep_epoch0(NODE1) | ep_epoch1(NODE1) | ep_epoch3(NODE0) | ep_epoch4(NODE0) | held(NODE0) | locked_epoch3(NODE1) | NODE0 = NODE1","10","---00-00----0-----1--0----------------","8","75","F","28","0101110020","0101110020","e0h0l1l0","---00-00----","0-","----1--0----","------------","0","4","0","1","1","1","0","0","2","0"
"1122","3","forall NODE1,NODE0. ~locked_epoch2(NODE0) | ep_epoch0(NODE1) | ep_epoch1(NODE1) | ep_epoch3(NODE0) | ep_epoch4(NODE0) | locked_epoch3(NODE1) | locked_epoch5(NODE0) | NODE0 = NODE1","10","---00-00----------1--0--0-------------","8","51","F","149","0100110020","0100110020","e0l1l0","---00-00----","--","----1--0--0-","------------","0","4","0","0","1","2","0","0","2","0"
"1123","3","forall NODE1,NODE0. ~locked_epoch2(NODE0) | ep_epoch0(NODE1) | ep_epoch1(NODE1) | ep_epoch3(NODE0) | ep_epoch4(NODE1) | locked_epoch3(NODE1) | locked_epoch4(NODE0) | NODE0 = NODE1","10","---0--00--0-------1--00---------------","8","51","F","149","0100110020","0100110020","e0l1l0","---0--00--0-","--","----1--00---","------------","0","4","0","0","1","2","0","0","2","0"
"1124","3","forall NODE1,NODE0. ~locked_epoch2(NODE0) | ep_epoch0(NODE1) | ep_epoch1(NODE1) | ep_epoch3(NODE0) | ep_epoch5(NODE0) | ep_epoch5(NODE1) | locked_epoch3(NODE1) | NODE0 = NODE1","10","---0-000---0------1--0----------------","8","51","F","149","0100110020","0100110020","e0l1l0","---0-000---0","--","----1--0----","------------","0","5","0","0","1","1","0","0","2","0"
"1125","4","forall NODE2,NODE1,NODE0,NODE3. ~locked_epoch2(NODE0) | ep_epoch0(NODE1) | ep_epoch1(NODE1) | ep_epoch3(NODE0) | ep_epoch5(NODE2) | held(NODE3) | locked_epoch3(NODE1) | ((NODE0 ~= NODE3 | NODE1 ~= NODE2 | NODE0 = NODE1) & (NODE0 ~= NODE2 | NODE1 ~= NODE3 | NODE0 = NODE1))","17","---0-000-----0----1--0----------------","13","80","F","14","0101110040","0101110040","e0h0l1l0","---0-000----","-0","----1--0----","------------","0","4","0","1","1","1","0","0","4","0"
"1126","3","forall NODE1,NODE0. ~locked_epoch2(NODE0) | ep_epoch0(NODE1) | ep_epoch1(NODE1) | ep_epoch3(NODE0) | ep_epoch5(NODE0) | locked_epoch3(NODE1) | locked_epoch4(NODE0) | NODE0 = NODE1","10","---0-000----------1--00---------------","8","51","F","149","0100110020","0100110020","e0l1l0","---0-000----","--","----1--00---","------------","0","4","0","0","1","2","0","0","2","0"
"1127","3","forall NODE2,NODE1,NODE0,NODE3. ~locked_epoch2(NODE0) | ep_epoch0(NODE1) | ep_epoch1(NODE1) | ep_epoch3(NODE0) | ep_epoch5(NODE2) | locked_epoch3(NODE1) | locked_epoch5(NODE3) | ((NODE0 ~= NODE3 | NODE1 ~= NODE2 | NODE0 = NODE1) & (NODE0 ~= NODE2 | NODE1 ~= NODE3 | NODE0 = NODE1))","17","---0-000----------1--0---0------------","13","79","F","11","0100110040","0100110040","e0l1l0","---0-000----","--","----1--0---0","------------","0","4","0","0","1","2","0","0","4","0"
"1128","4","forall NODE1,NODE0. ~locked_epoch2(NODE0) | ep_epoch0(NODE1) | ep_epoch1(NODE1) | ep_epoch3(NODE0) | held(NODE0) | held(NODE1) | locked_epoch3(NODE1) | NODE0 = NODE1","10","---0--00----00----1--0----------------","8","75","F","28","0101110020","0101110020","e0h0l1l0","---0--00----","00","----1--0----","------------","0","3","0","2","1","1","0","0","2","0"
"1129","4","forall NODE1,NODE0. ~locked_epoch2(NODE0) | ep_epoch0(NODE1) | ep_epoch1(NODE1) | ep_epoch3(NODE0) | held(NODE0) | locked_epoch3(NODE1) | locked_epoch4(NODE0) | NODE0 = NODE1","10","---0--00----0-----1--00---------------","8","75","F","28","0101110020","0101110020","e0h0l1l0","---0--00----","0-","----1--00---","------------","0","3","0","1","1","2","0","0","2","0"
"1130","4","forall NODE2,NODE1,NODE0,NODE3. ~locked_epoch2(NODE0) | ep_epoch0(NODE1) | ep_epoch1(NODE1) | ep_epoch3(NODE0) | held(NODE2) | locked_epoch3(NODE1) | locked_epoch5(NODE3) | ((NODE0 ~= NODE3 | NODE1 ~= NODE2 | NODE0 = NODE1) & (NODE0 ~= NODE2 | NODE1 ~= NODE3 | NODE0 = NODE1))","17","---0--00----0-----1--0---0------------","13","80","F","14","0101110040","0101110040","e0h0l1l0","---0--00----","0-","----1--0---0","------------","0","3","0","1","1","2","0","0","4","0"
"1131","3","forall NODE1,NODE0. ~locked_epoch2(NODE0) | ep_epoch0(NODE1) | ep_epoch1(NODE1) | ep_epoch3(NODE0) | locked_epoch3(NODE1) | locked_epoch4(NODE0) | locked_epoch5(NODE0) | NODE0 = NODE1","10","---0--00----------1--00-0-------------","8","51","F","149","0100110020","0100110020","e0l1l0","---0--00----","--","----1--00-0-","------------","0","3","0","0","1","3","0","0","2","0"
"1132","3","forall NODE1,NODE0. ~locked_epoch2(NODE0) | ep_epoch0(NODE1) | ep_epoch1(NODE1) | ep_epoch3(NODE0) | locked_epoch3(NODE1) | locked_epoch5(NODE0) | locked_epoch5(NODE1) | NODE0 = NODE1","10","---0--00----------1--0--00------------","8","51","F","149","0100110020","0100110020","e0l1l0","---0--00----","--","----1--0--00","------------","0","3","0","0","1","3","0","0","2","0"
"1133","4","forall NODE1,NODE0. ~locked_epoch2(NODE0) | ep_epoch2(NODE0) | ep_epoch3(NODE0) | ep_epoch5(NODE1) | held(NODE0) | transfer_epoch5(NODE0) | transfer_epoch5(NODE1) | NODE0 = NODE1","10","--00-------00-----1-----------------00","8","61","F","32","0101100120","0101100120","e0h0l1t0","--00-------0","0-","----1-------","----------00","0","3","0","1","1","0","0","2","2","0"
"1134","4","forall NODE1,NODE0. ~locked_epoch2(NODE0) | ep_epoch2(NODE0) | ep_epoch3(NODE0) | held(NODE0) | held(NODE1) | transfer_epoch5(NODE0) | transfer_epoch5(NODE1) | NODE0 = NODE1","10","--00--------00----1-----------------00","8","61","F","32","0101100120","0101100120","e0h0l1t0","--00--------","00","----1-------","----------00","0","2","0","2","1","0","0","2","2","0"
"1135","5","forall NODE1,NODE0. ~locked_epoch2(NODE0) | ep_epoch2(NODE0) | ep_epoch3(NODE0) | held(NODE0) | locked_epoch5(NODE1) | transfer_epoch5(NODE0) | transfer_epoch5(NODE1) | NODE0 = NODE1","10","--00--------0-----1------0----------00","8","81","F","80","0101110120","0101110120","e0h0l1l0t0","--00--------","0-","----1------0","----------00","0","2","0","1","1","1","0","2","2","0"
"1136","5","forall NODE1,NODE0. ~locked_epoch2(NODE0) | ep_epoch2(NODE0) | ep_epoch4(NODE0) | held(NODE0) | locked_epoch4(NODE1) | transfer_epoch4(NODE0) | transfer_epoch4(NODE1) | NODE0 = NODE1","10","--0-0-------0-----1----0----------00--","8","81","F","80","0101110120","0101110120","e0h0l1l0t0","--0-0-------","0-","----1----0--","--------00--","0","2","0","1","1","1","0","2","2","0"
"1137","5","forall NODE1,NODE0. ~locked_epoch2(NODE0) | ep_epoch2(NODE0) | ep_epoch5(NODE1) | held(NODE0) | locked_epoch3(NODE0) | transfer_epoch5(NODE0) | transfer_epoch5(NODE1) | NODE0 = NODE1","10","--0--------00-----1-0---------------00","8","81","F","80","0101110120","0101110120","e0h0l1l0t0","--0--------0","0-","----1-0-----","----------00","0","2","0","1","1","1","0","2","2","0"
"1138","5","forall NODE1,NODE0. ~locked_epoch2(NODE0) | ep_epoch2(NODE0) | held(NODE0) | held(NODE1) | locked_epoch3(NODE0) | transfer_epoch5(NODE0) | transfer_epoch5(NODE1) | NODE0 = NODE1","10","--0---------00----1-0---------------00","8","81","F","80","0101110120","0101110120","e0h0l1l0t0","--0---------","00","----1-0-----","----------00","0","1","0","2","1","1","0","2","2","0"
"1139","5","forall NODE1,NODE0. ~locked_epoch2(NODE0) | ep_epoch2(NODE0) | held(NODE0) | locked_epoch3(NODE0) | locked_epoch5(NODE1) | transfer_epoch5(NODE0) | transfer_epoch5(NODE1) | NODE0 = NODE1","10","--0---------0-----1-0----0----------00","8","81","F","80","0101110120","0101110120","e0h0l1l0t0","--0---------","0-","----1-0----0","----------00","0","1","0","1","1","2","0","2","2","0"
"1140","5","forall NODE1,NODE0. ~locked_epoch2(NODE0) | ep_epoch2(NODE0) | held(NODE0) | locked_epoch4(NODE0) | locked_epoch4(NODE1) | transfer_epoch4(NODE0) | transfer_epoch4(NODE1) | NODE0 = NODE1","10","--0---------0-----1---00----------00--","8","81","F","80","0101110120","0101110120","e0h0l1l0t0","--0---------","0-","----1---00--","--------00--","0","1","0","1","1","2","0","2","2","0"
"1141","5","forall NODE1,NODE0. ~locked_epoch2(NODE0) | ep_epoch3(NODE0) | ep_epoch4(NODE0) | held(NODE0) | locked_epoch3(NODE1) | transfer_epoch3(NODE0) | transfer_epoch3(NODE1) | NODE0 = NODE1","10","---00-------0-----1--0----------00----","8","81","F","80","0101110120","0101110120","e0h0l1l0t0","---00-------","0-","----1--0----","------00----","0","2","0","1","1","1","0","2","2","0"
"1142","5","forall NODE1,NODE0. ~locked_epoch2(NODE0) | ep_epoch3(NODE0) | held(NODE0) | locked_epoch3(NODE1) | locked_epoch4(NODE0) | transfer_epoch3(NODE0) | transfer_epoch3(NODE1) | NODE0 = NODE1","10","---0--------0-----1--00---------00----","8","81","F","80","0101110120","0101110120","e0h0l1l0t0","---0--------","0-","----1--00---","------00----","0","1","0","1","1","2","0","2","2","0"
"1143","2","forall NODE1,NODE0. ~locked_epoch3(NODE0) | ep_epoch0(NODE1) | ep_epoch1(NODE1) | ep_epoch2(NODE1) | ep_epoch3(NODE0) | ep_epoch4(NODE0) | ep_epoch4(NODE1) | NODE0 = NODE1","10","---00-000-0---------1-----------------","8","26","F","42","0100100020","0100100020","e0l1","---00-000-0-","--","------1-----","------------","0","6","0","0","1","0","0","0","2","0"
"1144","2","forall NODE1,NODE0. ~locked_epoch3(NODE0) | ep_epoch0(NODE1) | ep_epoch1(NODE1) | ep_epoch2(NODE1) | ep_epoch3(NODE0) | ep_epoch5(NODE0) | ep_epoch5(NODE1) | NODE0 = NODE1","10","---0-0000--0--------1-----------------","8","26","F","42","0100100020","0100100020","e0l1","---0-0000--0","--","------1-----","------------","0","6","0","0","1","0","0","0","2","0"
"1145","3","forall NODE2,NODE1,NODE0,NODE3. ~locked_epoch3(NODE0) | ep_epoch0(NODE1) | ep_epoch1(NODE1) | ep_epoch2(NODE1) | ep_epoch3(NODE0) | ep_epoch5(NODE2) | held(NODE3) | ((NODE0 ~= NODE2 | NODE1 ~= NODE3 | NODE0 = NODE1) & (NODE0 ~= NODE3 | NODE1 ~= NODE2 | NODE0 = NODE1))","17","---0-0000----0------1-----------------","13","78","F","5","0101100040","0101100040","e0h0l1","---0-0000---","-0","------1-----","------------","0","5","0","1","1","0","0","0","4","0"
"1146","3","forall NODE2,NODE1,NODE0,NODE3. ~locked_epoch3(NODE0) | ep_epoch0(NODE1) | ep_epoch1(NODE1) | ep_epoch2(NODE1) | ep_epoch3(NODE0) | ep_epoch5(NODE2) | locked_epoch5(NODE3) | ((NODE0 ~= NODE3 | NODE1 ~= NODE2 | NODE0 = NODE1) & (NODE0 ~= NODE2 | NODE1 ~= NODE3 | NODE0 = NODE1))","17","---0-0000-----------1----0------------","13","79","F","11","0100110040","0100110040","e0l1l0","---0-0000---","--","------1----0","------------","0","5","0","0","1","1","0","0","4","0"
"1147","3","forall NODE1,NODE0. ~locked_epoch3(NODE0) | ep_epoch0(NODE1) | ep_epoch1(NODE1) | ep_epoch2(NODE1) | ep_epoch3(NODE0) | held(NODE0) | held(NODE1) | NODE0 = NODE1","10","---0--000---00------1-----------------","8","57","F","16","0101100020","0101100020","e0h0l1","---0--000---","00","------1-----","------------","0","4","0","2","1","0","0","0","2","0"
"1148","4","forall NODE2,NODE1,NODE0,NODE3. ~locked_epoch3(NODE0) | ep_epoch0(NODE1) | ep_epoch1(NODE1) | ep_epoch2(NODE1) | ep_epoch3(NODE0) | held(NODE2) | locked_epoch5(NODE3) | ((NODE0 ~= NODE3 | NODE1 ~= NODE2 | NODE0 = NODE1) & (NODE0 ~= NODE2 | NODE1 ~= NODE3 | NODE0 = NODE1))","17","---0--000---0-------1----0------------","13","80","F","14","0101110040","0101110040","e0h0l1l0","---0--000---","0-","------1----0","------------","0","4","0","1","1","1","0","0","4","0"
"1149","3","forall NODE1,NODE0. ~locked_epoch3(NODE0) | ep_epoch0(NODE1) | ep_epoch1(NODE1) | ep_epoch2(NODE1) | ep_epoch3(NODE0) | locked_epoch5(NODE0) | locked_epoch5(NODE1) | NODE0 = NODE1","10","---0--000-----------1---00------------","8","51","F","149","0100110020","0100110020","e0l1l0","---0--000---","--","------1---00","------------","0","4","0","0","1","2","0","0","2","0"
"1150","3","forall NODE1,NODE0. ~locked_epoch3(NODE0) | ep_epoch0(NODE1) | ep_epoch1(NODE1) | ep_epoch3(NODE0) | ep_epoch4(NODE0) | ep_epoch4(NODE1) | locked_epoch2(NODE1) | NODE0 = NODE1","10","---00-00--0--------01-----------------","8","51","F","149","0100110020","0100110020","e0l1l0","---00-00--0-","--","-----01-----","------------","0","5","0","0","1","1","0","0","2","0"
"1151","3","forall NODE1,NODE0. ~locked_epoch3(NODE0) | ep_epoch0(NODE1) | ep_epoch1(NODE1) | ep_epoch3(NODE0) | ep_epoch5(NODE0) | ep_epoch5(NODE1) | locked_epoch2(NODE1) | NODE0 = NODE1","10","---0-000---0-------01-----------------","8","51","F","149","0100110020","0100110020","e0l1l0","---0-000---0","--","-----01-----","------------","0","5","0","0","1","1","0","0","2","0"
"1152","4","forall NODE2,NODE1,NODE0,NODE3. ~locked_epoch3(NODE0) | ep_epoch0(NODE1) | ep_epoch1(NODE1) | ep_epoch3(NODE0) | ep_epoch5(NODE2) | held(NODE3) | locked_epoch2(NODE1) | ((NODE0 ~= NODE3 | NODE1 ~= NODE2 | NODE0 = NODE1) & (NODE0 ~= NODE2 | NODE1 ~= NODE3 | NODE0 = NODE1))","17","---0-000-----0-----01-----------------","13","80","F","14","0101110040","0101110040","e0h0l1l0","---0-000----","-0","-----01-----","------------","0","4","0","1","1","1","0","0","4","0"
"1153","3","forall NODE2,NODE1,NODE0,NODE3. ~locked_epoch3(NODE0) | ep_epoch0(NODE1) | ep_epoch1(NODE1) | ep_epoch3(NODE0) | ep_epoch5(NODE2) | locked_epoch2(NODE1) | locked_epoch5(NODE3) | ((NODE0 ~= NODE3 | NODE1 ~= NODE2 | NODE0 = NODE1) & (NODE0 ~= NODE2 | NODE1 ~= NODE3 | NODE0 = NODE1))","17","---0-000-----------01----0------------","13","79","F","11","0100110040","0100110040","e0l1l0","---0-000----","--","-----01----0","------------","0","4","0","0","1","2","0","0","4","0"
"1154","4","forall NODE1,NODE0. ~locked_epoch3(NODE0) | ep_epoch0(NODE1) | ep_epoch1(NODE1) | ep_epoch3(NODE0) | held(NODE0) | held(NODE1) | locked_epoch2(NODE1) | NODE0 = NODE1","10","---0--00----00-----01-----------------","8","75","F","28","0101110020","0101110020","e0h0l1l0","---0--00----","00","-----01-----","------------","0","3","0","2","1","1","0","0","2","0"
"1155","4","forall NODE2,NODE1,NODE0,NODE3. ~locked_epoch3(NODE0) | ep_epoch0(NODE1) | ep_epoch1(NODE1) | ep_epoch3(NODE0) | held(NODE2) | locked_epoch2(NODE1) | locked_epoch5(NODE3) | ((NODE0 ~= NODE2 | NODE1 ~= NODE3 | NODE0 = NODE1) & (NODE0 ~= NODE3 | NODE1 ~= NODE2 | NODE0 = NODE1))","17","---0--00----0------01----0------------","13","80","F","14","0101110040","0101110040","e0h0l1l0","---0--00----","0-","-----01----0","------------","0","3","0","1","1","2","0","0","4","0"
"1156","3","forall NODE1,NODE0. ~locked_epoch3(NODE0) | ep_epoch0(NODE1) | ep_epoch1(NODE1) | ep_epoch3(NODE0) | locked_epoch2(NODE1) | locked_epoch5(NODE0) | locked_epoch5(NODE1) | NODE0 = NODE1","10","---0--00-----------01---00------------","8","51","F","149","0100110020","0100110020","e0l1l0","---0--00----","--","-----01---00","------------","0","3","0","0","1","3","0","0","2","0"
"1157","5","forall NODE1,NODE0. ~locked_epoch3(NODE0) | ep_epoch2(NODE1) | ep_epoch5(NODE0) | held(NODE1) | locked_epoch2(NODE0) | transfer_epoch5(NODE0) | transfer_epoch5(NODE1) | NODE0 = NODE1","10","-----0--0----0----0-1---------------00","8","81","F","80","0101110120","0101110120","e0h0l1l0t0","-----0--0---","-0","----0-1-----","----------00","0","2","0","1","1","1","0","2","2","0"
"1158","5","forall NODE1,NODE0. ~locked_epoch3(NODE0) | ep_epoch2(NODE1) | held(NODE0) | held(NODE1) | locked_epoch2(NODE0) | transfer_epoch5(NODE0) | transfer_epoch5(NODE1) | NODE0 = NODE1","10","--------0---00----0-1---------------00","8","81","F","80","0101110120","0101110120","e0h0l1l0t0","--------0---","00","----0-1-----","----------00","0","1","0","2","1","1","0","2","2","0"
"1159","5","forall NODE1,NODE0. ~locked_epoch3(NODE0) | ep_epoch2(NODE1) | held(NODE1) | locked_epoch2(NODE0) | locked_epoch5(NODE0) | transfer_epoch5(NODE0) | transfer_epoch5(NODE1) | NODE0 = NODE1","10","--------0----0----0-1---0-----------00","8","81","F","80","0101110120","0101110120","e0h0l1l0t0","--------0---","-0","----0-1---0-","----------00","0","1","0","1","1","2","0","2","2","0"
"1160","4","forall NODE1,NODE0. ~locked_epoch3(NODE0) | ep_epoch4(NODE0) | ep_epoch4(NODE1) | ep_epoch5(NODE1) | held(NODE0) | transfer_epoch4(NODE0) | transfer_epoch4(NODE1) | NODE0 = NODE1","10","----0-----000-------1-------------00--","8","61","F","32","0101100120","0101100120","e0h0l1t0","----0-----00","0-","------1-----","--------00--","0","3","0","1","1","0","0","2","2","0"
"1161","4","forall NODE1,NODE0. ~locked_epoch3(NODE0) | ep_epoch4(NODE0) | ep_epoch4(NODE1) | held(NODE0) | held(NODE1) | transfer_epoch4(NODE0) | transfer_epoch4(NODE1) | NODE0 = NODE1","10","----0-----0-00------1-------------00--","8","61","F","32","0101100120","0101100120","e0h0l1t0","----0-----0-","00","------1-----","--------00--","0","2","0","2","1","0","0","2","2","0"
"1162","5","forall NODE1,NODE0. ~locked_epoch3(NODE0) | ep_epoch4(NODE0) | ep_epoch4(NODE1) | held(NODE0) | locked_epoch5(NODE1) | transfer_epoch4(NODE0) | transfer_epoch4(NODE1) | NODE0 = NODE1","10","----0-----0-0-------1----0--------00--","8","81","F","80","0101110120","0101110120","e0h0l1l0t0","----0-----0-","0-","------1----0","--------00--","0","2","0","1","1","1","0","2","2","0"
"1163","5","forall NODE1,NODE0. ~locked_epoch3(NODE0) | ep_epoch4(NODE1) | ep_epoch5(NODE1) | held(NODE0) | locked_epoch4(NODE0) | transfer_epoch4(NODE0) | transfer_epoch4(NODE1) | NODE0 = NODE1","10","----------000-------1-0-----------00--","8","81","F","80","0101110120","0101110120","e0h0l1l0t0","----------00","0-","------1-0---","--------00--","0","2","0","1","1","1","0","2","2","0"
"1164","5","forall NODE1,NODE0. ~locked_epoch3(NODE0) | ep_epoch4(NODE1) | held(NODE0) | held(NODE1) | locked_epoch4(NODE0) | transfer_epoch4(NODE0) | transfer_epoch4(NODE1) | NODE0 = NODE1","10","----------0-00------1-0-----------00--","8","81","F","80","0101110120","0101110120","e0h0l1l0t0","----------0-","00","------1-0---","--------00--","0","1","0","2","1","1","0","2","2","0"
"1165","5","forall NODE1,NODE0. ~locked_epoch3(NODE0) | ep_epoch4(NODE1) | held(NODE0) | locked_epoch4(NODE0) | locked_epoch5(NODE1) | transfer_epoch4(NODE0) | transfer_epoch4(NODE1) | NODE0 = NODE1","10","----------0-0-------1-0--0--------00--","8","81","F","80","0101110120","0101110120","e0h0l1l0t0","----------0-","0-","------1-0--0","--------00--","0","1","0","1","1","2","0","2","2","0"
"1166","3","forall NODE1,NODE0. ~locked_epoch3(NODE0) | held(NODE0) | held(NODE1) | transfer_epoch4(NODE0) | transfer_epoch4(NODE1) | transfer_epoch5(NODE0) | transfer_epoch5(NODE1) | NODE0 = NODE1","10","------------00------1-------------0000","8","62","F","3","0001100120","0001100120","h0l1t0","------------","00","------1-----","--------0000","0","0","0","2","1","0","0","4","2","0"
"1167","2","forall NODE1,NODE0. ~transfer_epoch4(NODE0) | ep_epoch0(NODE0) | ep_epoch0(NODE1) | ep_epoch1(NODE0) | ep_epoch1(NODE1) | ep_epoch2(NODE0) | ep_epoch2(NODE1) | NODE0 = NODE1","10","000---000-------------------------1---","8","27","F","12","0100001020","0100001020","e0t1","000---000---","--","------------","--------1---","0","6","0","0","0","0","1","0","2","0"
"1168","3","forall NODE2,NODE1,NODE0,NODE3. ~transfer_epoch5(NODE0) | ep_epoch0(NODE1) | ep_epoch1(NODE1) | ep_epoch2(NODE2) | ep_epoch3(NODE0) | ep_epoch3(NODE3) | locked_epoch2(NODE1) | ((NODE0 ~= NODE1 | NODE2 ~= NODE3 | NODE0 = NODE2) & (NODE0 ~= NODE2 | NODE1 ~= NODE3 | NODE0 = NODE1))","17","00-0----00--------0-----------------1-","13","89","F","1","0100011040","0100011040","e0l0t1","00-0----00--","--","----0-------","----------1-","0","5","0","0","0","1","1","0","4","0"
"1169","2","forall NODE1,NODE0. ep_epoch0(NODE0) | ep_epoch0(NODE1) | ep_epoch2(NODE0) | ep_epoch3(NODE0) | ep_epoch4(NODE0) | ep_epoch5(NODE0) | locked_epoch2(NODE1) | NODE0 = NODE1","10","0-00000------------0------------------","8","33","F","119","0100010020","0100010020","e0l0","0-00000-----","--","-----0------","------------","0","6","0","0","0","1","0","0","2","0"
"1170","3","forall NODE1,NODE0. ep_epoch0(NODE0) | ep_epoch0(NODE1) | ep_epoch2(NODE1) | ep_epoch3(NODE1) | ep_epoch4(NODE1) | held(NODE1) | locked_epoch2(NODE0) | NODE0 = NODE1","10","0-000-0-----0------0------------------","8","34","F","42","0101010020","0101010020","e0h0l0","0-000-0-----","0-","-----0------","------------","0","5","0","1","0","1","0","0","2","0"
"1171","2","forall NODE1,NODE0. ep_epoch0(NODE0) | ep_epoch0(NODE1) | ep_epoch2(NODE1) | ep_epoch3(NODE1) | ep_epoch4(NODE1) | locked_epoch2(NODE0) | locked_epoch5(NODE1) | NODE0 = NODE1","10","0-000-0------------0----0-------------","8","33","F","119","0100010020","0100010020","e0l0","0-000-0-----","--","-----0----0-","------------","0","5","0","0","0","2","0","0","2","0"
"1172","2","forall NODE1,NODE0. ep_epoch0(NODE0) | ep_epoch0(NODE1) | ep_epoch2(NODE1) | ep_epoch3(NODE1) | ep_epoch4(NODE0) | locked_epoch2(NODE0) | locked_epoch4(NODE1) | NODE0 = NODE1","10","0-00--0---0--------0--0---------------","8","33","F","119","0100010020","0100010020","e0l0","0-00--0---0-","--","-----0--0---","------------","0","5","0","0","0","2","0","0","2","0"
"1173","2","forall NODE1,NODE0. ep_epoch0(NODE0) | ep_epoch0(NODE1) | ep_epoch2(NODE0) | ep_epoch3(NODE0) | ep_epoch5(NODE0) | locked_epoch2(NODE1) | locked_epoch4(NODE0) | NODE0 = NODE1","10","0-00-00------------0--0---------------","8","33","F","119","0100010020","0100010020","e0l0","0-00-00-----","--","-----0--0---","------------","0","5","0","0","0","2","0","0","2","0"
"1174","3","forall NODE1,NODE0. ep_epoch0(NODE0) | ep_epoch0(NODE1) | ep_epoch2(NODE1) | ep_epoch3(NODE1) | held(NODE1) | locked_epoch2(NODE0) | locked_epoch4(NODE1) | NODE0 = NODE1","10","0-00--0-----0------0--0---------------","8","34","F","42","0101010020","0101010020","e0h0l0","0-00--0-----","0-","-----0--0---","------------","0","4","0","1","0","2","0","0","2","0"
"1175","2","forall NODE1,NODE0. ep_epoch0(NODE0) | ep_epoch0(NODE1) | ep_epoch2(NODE1) | ep_epoch3(NODE1) | locked_epoch2(NODE0) | locked_epoch4(NODE0) | locked_epoch4(NODE1) | NODE0 = NODE1","10","0-00--0------------0--00--------------","8","33","F","119","0100010020","0100010020","e0l0","0-00--0-----","--","-----0--00--","------------","0","4","0","0","0","3","0","0","2","0"
"1176","2","forall NODE1,NODE0. ep_epoch0(NODE0) | ep_epoch0(NODE1) | ep_epoch2(NODE1) | ep_epoch3(NODE1) | locked_epoch2(NODE0) | locked_epoch4(NODE1) | locked_epoch5(NODE1) | NODE0 = NODE1","10","0-00--0------------0--0-0-------------","8","33","F","119","0100010020","0100010020","e0l0","0-00--0-----","--","-----0--0-0-","------------","0","4","0","0","0","3","0","0","2","0"
"1177","2","forall NODE1,NODE0. ep_epoch0(NODE0) | ep_epoch0(NODE1) | ep_epoch2(NODE0) | ep_epoch4(NODE0) | ep_epoch5(NODE0) | locked_epoch2(NODE1) | locked_epoch3(NODE0) | NODE0 = NODE1","10","0-0-000------------00-----------------","8","33","F","119","0100010020","0100010020","e0l0","0-0-000-----","--","-----00-----","------------","0","5","0","0","0","2","0","0","2","0"
"1178","3","forall NODE1,NODE0. ep_epoch0(NODE0) | ep_epoch0(NODE1) | ep_epoch2(NODE1) | ep_epoch4(NODE1) | held(NODE1) | locked_epoch2(NODE0) | locked_epoch3(NODE1) | NODE0 = NODE1","10","0-0-0-0-----0------00-----------------","8","34","F","42","0101010020","0101010020","e0h0l0","0-0-0-0-----","0-","-----00-----","------------","0","4","0","1","0","2","0","0","2","0"
"1179","2","forall NODE1,NODE0. ep_epoch0(NODE0) | ep_epoch0(NODE1) | ep_epoch2(NODE1) | ep_epoch4(NODE1) | locked_epoch2(NODE0) | locked_epoch3(NODE1) | locked_epoch5(NODE1) | NODE0 = NODE1","10","0-0-0-0------------00---0-------------","8","33","F","119","0100010020","0100010020","e0l0","0-0-0-0-----","--","-----00---0-","------------","0","4","0","0","0","3","0","0","2","0"
"1180","2","forall NODE1,NODE0. ep_epoch0(NODE0) | ep_epoch0(NODE1) | ep_epoch2(NODE1) | ep_epoch4(NODE0) | locked_epoch2(NODE0) | locked_epoch3(NODE1) | locked_epoch4(NODE1) | NODE0 = NODE1","10","0-0---0---0--------00-0---------------","8","33","F","119","0100010020","0100010020","e0l0","0-0---0---0-","--","-----00-0---","------------","0","4","0","0","0","3","0","0","2","0"
"1181","2","forall NODE1,NODE0. ep_epoch0(NODE0) | ep_epoch0(NODE1) | ep_epoch2(NODE0) | ep_epoch5(NODE0) | locked_epoch2(NODE1) | locked_epoch3(NODE0) | locked_epoch4(NODE0) | NODE0 = NODE1","10","0-0--00------------00-0---------------","8","33","F","119","0100010020","0100010020","e0l0","0-0--00-----","--","-----00-0---","------------","0","4","0","0","0","3","0","0","2","0"
"1182","3","forall NODE1,NODE0. ep_epoch0(NODE0) | ep_epoch0(NODE1) | ep_epoch2(NODE1) | held(NODE1) | locked_epoch2(NODE0) | locked_epoch3(NODE1) | locked_epoch4(NODE1) | NODE0 = NODE1","10","0-0---0-----0------00-0---------------","8","34","F","42","0101010020","0101010020","e0h0l0","0-0---0-----","0-","-----00-0---","------------","0","3","0","1","0","3","0","0","2","0"
"1183","2","forall NODE1,NODE0. ep_epoch0(NODE0) | ep_epoch0(NODE1) | ep_epoch2(NODE1) | locked_epoch2(NODE0) | locked_epoch3(NODE1) | locked_epoch4(NODE0) | locked_epoch4(NODE1) | NODE0 = NODE1","10","0-0---0------------00-00--------------","8","33","F","119","0100010020","0100010020","e0l0","0-0---0-----","--","-----00-00--","------------","0","3","0","0","0","4","0","0","2","0"
"1184","2","forall NODE1,NODE0. ep_epoch0(NODE0) | ep_epoch0(NODE1) | ep_epoch2(NODE1) | locked_epoch2(NODE0) | locked_epoch3(NODE1) | locked_epoch4(NODE1) | locked_epoch5(NODE1) | NODE0 = NODE1","10","0-0---0------------00-0-0-------------","8","33","F","119","0100010020","0100010020","e0l0","0-0---0-----","--","-----00-0-0-","------------","0","3","0","0","0","4","0","0","2","0"
"1185","2","forall NODE1,NODE0. ep_epoch0(NODE0) | ep_epoch1(NODE0) | ep_epoch2(NODE0) | ep_epoch3(NODE1) | ep_epoch4(NODE0) | ep_epoch4(NODE1) | locked_epoch3(NODE0) | NODE0 = NODE1","10","000-0----00---------0-----------------","8","33","F","119","0100010020","0100010020","e0l0","000-0----00-","--","------0-----","------------","0","6","0","0","0","1","0","0","2","0"
"1186","2","forall NODE1,NODE0. ep_epoch0(NODE0) | ep_epoch1(NODE0) | ep_epoch2(NODE0) | ep_epoch3(NODE1) | ep_epoch4(NODE0) | locked_epoch3(NODE0) | locked_epoch4(NODE1) | NODE0 = NODE1","10","000-0----0----------0--0--------------","8","33","F","119","0100010020","0100010020","e0l0","000-0----0--","--","------0--0--","------------","0","5","0","0","0","2","0","0","2","0"
"1187","2","forall NODE1,NODE0. ep_epoch0(NODE0) | ep_epoch1(NODE0) | ep_epoch2(NODE0) | ep_epoch3(NODE1) | ep_epoch4(NODE1) | ep_epoch5(NODE1) | locked_epoch3(NODE0) | NODE0 = NODE1","10","000------000--------0-----------------","8","33","F","119","0100010020","0100010020","e0l0","000------000","--","------0-----","------------","0","6","0","0","0","1","0","0","2","0"
"1188","3","forall NODE1,NODE0. ep_epoch0(NODE0) | ep_epoch1(NODE0) | ep_epoch2(NODE0) | ep_epoch3(NODE1) | ep_epoch4(NODE1) | held(NODE1) | locked_epoch3(NODE0) | NODE0 = NODE1","10","000------00--0------0-----------------","8","34","F","42","0101010020","0101010020","e0h0l0","000------00-","-0","------0-----","------------","0","5","0","1","0","1","0","0","2","0"
"1189","2","forall NODE1,NODE0. ep_epoch0(NODE0) | ep_epoch1(NODE0) | ep_epoch2(NODE0) | ep_epoch3(NODE1) | ep_epoch4(NODE1) | locked_epoch3(NODE0) | locked_epoch5(NODE1) | NODE0 = NODE1","10","000------00---------0----0------------","8","33","F","119","0100010020","0100010020","e0l0","000------00-","--","------0----0","------------","0","5","0","0","0","2","0","0","2","0"
"1190","2","forall NODE1,NODE0. ep_epoch0(NODE0) | ep_epoch1(NODE0) | ep_epoch2(NODE0) | ep_epoch3(NODE1) | ep_epoch5(NODE0) | ep_epoch5(NODE1) | locked_epoch3(NODE0) | NODE0 = NODE1","10","000--0---0-0--------0-----------------","8","33","F","119","0100010020","0100010020","e0l0","000--0---0-0","--","------0-----","------------","0","6","0","0","0","1","0","0","2","0"
"1191","3","forall NODE2,NODE1,NODE0,NODE3. ep_epoch0(NODE0) | ep_epoch1(NODE0) | ep_epoch2(NODE0) | ep_epoch3(NODE1) | ep_epoch5(NODE2) | held(NODE3) | locked_epoch3(NODE0) | ((NODE0 ~= NODE3 | NODE1 ~= NODE2 | NODE0 = NODE1) & (NODE0 ~= NODE2 | NODE1 ~= NODE3 | NODE0 = NODE1))","17","000--0---0---0------0-----------------","13","82","F","15","0101010040","0101010040","e0h0l0","000--0---0--","-0","------0-----","------------","0","5","0","1","0","1","0","0","4","0"
"1192","2","forall NODE2,NODE1,NODE0,NODE3. ep_epoch0(NODE0) | ep_epoch1(NODE0) | ep_epoch2(NODE0) | ep_epoch3(NODE1) | ep_epoch5(NODE2) | locked_epoch3(NODE0) | locked_epoch5(NODE3) | ((NODE0 ~= NODE2 | NODE1 ~= NODE3 | NODE0 = NODE1) & (NODE0 ~= NODE3 | NODE1 ~= NODE2 | NODE0 = NODE1))","17","000--0---0----------0----0------------","13","83","F","9","0100010040","0100010040","e0l0","000--0---0--","--","------0----0","------------","0","5","0","0","0","2","0","0","4","0"
"1193","2","forall NODE1,NODE0. ep_epoch0(NODE0) | ep_epoch1(NODE0) | ep_epoch2(NODE0) | ep_epoch3(NODE1) | ep_epoch5(NODE1) | locked_epoch3(NODE0) | locked_epoch4(NODE1) | NODE0 = NODE1","10","000------0-0--------0--0--------------","8","33","F","119","0100010020","0100010020","e0l0","000------0-0","--","------0--0--","------------","0","5","0","0","0","2","0","0","2","0"
"1194","3","forall NODE1,NODE0. ep_epoch0(NODE0) | ep_epoch1(NODE0) | ep_epoch2(NODE0) | ep_epoch3(NODE1) | held(NODE0) | held(NODE1) | locked_epoch3(NODE0) | NODE0 = NODE1","10","000------0--00------0-----------------","8","34","F","42","0101010020","0101010020","e0h0l0","000------0--","00","------0-----","------------","0","4","0","2","0","1","0","0","2","0"
"1195","3","forall NODE2,NODE1,NODE0,NODE3. ep_epoch0(NODE0) | ep_epoch1(NODE0) | ep_epoch2(NODE0) | ep_epoch3(NODE1) | held(NODE2) | locked_epoch3(NODE0) | locked_epoch5(NODE3) | ((NODE0 ~= NODE2 | NODE1 ~= NODE3 | NODE0 = NODE1) & (NODE0 ~= NODE3 | NODE1 ~= NODE2 | NODE0 = NODE1))","17","000------0--0-------0----0------------","13","82","F","15","0101010040","0101010040","e0h0l0","000------0--","0-","------0----0","------------","0","4","0","1","0","2","0","0","4","0"
"1196","3","forall NODE1,NODE0. ep_epoch0(NODE0) | ep_epoch1(NODE0) | ep_epoch2(NODE0) | ep_epoch3(NODE1) | held(NODE1) | locked_epoch3(NODE0) | locked_epoch4(NODE1) | NODE0 = NODE1","10","000------0---0------0--0--------------","8","34","F","42","0101010020","0101010020","e0h0l0","000------0--","-0","------0--0--","------------","0","4","0","1","0","2","0","0","2","0"
"1197","2","forall NODE1,NODE0. ep_epoch0(NODE0) | ep_epoch1(NODE0) | ep_epoch2(NODE0) | ep_epoch3(NODE1) | locked_epoch3(NODE0) | locked_epoch4(NODE1) | locked_epoch5(NODE1) | NODE0 = NODE1","10","000------0----------0--0-0------------","8","33","F","119","0100010020","0100010020","e0l0","000------0--","--","------0--0-0","------------","0","4","0","0","0","3","0","0","2","0"
"1198","2","forall NODE1,NODE0. ep_epoch0(NODE0) | ep_epoch1(NODE0) | ep_epoch2(NODE0) | ep_epoch3(NODE1) | locked_epoch3(NODE0) | locked_epoch5(NODE0) | locked_epoch5(NODE1) | NODE0 = NODE1","10","000------0----------0---00------------","8","33","F","119","0100010020","0100010020","e0l0","000------0--","--","------0---00","------------","0","4","0","0","0","3","0","0","2","0"
"1199","2","forall NODE1,NODE0. ep_epoch0(NODE0) | ep_epoch1(NODE0) | ep_epoch2(NODE1) | ep_epoch3(NODE1) | ep_epoch4(NODE0) | locked_epoch2(NODE0) | locked_epoch4(NODE1) | NODE0 = NODE1","10","00--0---00--------0----0--------------","8","33","F","119","0100010020","0100010020","e0l0","00--0---00--","--","----0----0--","------------","0","5","0","0","0","2","0","0","2","0"
"1200","2","forall NODE1,NODE0. ep_epoch0(NODE0) | ep_epoch1(NODE0) | ep_epoch2(NODE1) | ep_epoch3(NODE1) | ep_epoch4(NODE1) | ep_epoch5(NODE1) | locked_epoch2(NODE0) | NODE0 = NODE1","10","00------0000------0-------------------","8","33","F","119","0100010020","0100010020","e0l0","00------0000","--","----0-------","------------","0","6","0","0","0","1","0","0","2","0"
"1201","3","forall NODE1,NODE0. ep_epoch0(NODE0) | ep_epoch1(NODE0) | ep_epoch2(NODE1) | ep_epoch3(NODE1) | ep_epoch4(NODE1) | held(NODE1) | locked_epoch2(NODE0) | NODE0 = NODE1","10","00------000--0----0-------------------","8","34","F","42","0101010020","0101010020","e0h0l0","00------000-","-0","----0-------","------------","0","5","0","1","0","1","0","0","2","0"
"1202","2","forall NODE1,NODE0. ep_epoch0(NODE0) | ep_epoch1(NODE0) | ep_epoch2(NODE1) | ep_epoch3(NODE1) | ep_epoch4(NODE1) | locked_epoch2(NODE0) | locked_epoch5(NODE1) | NODE0 = NODE1","10","00------000-------0------0------------","8","33","F","119","0100010020","0100010020","e0l0","00------000-","--","----0------0","------------","0","5","0","0","0","2","0","0","2","0"
"1203","2","forall NODE1,NODE0. ep_epoch0(NODE0) | ep_epoch1(NODE0) | ep_epoch2(NODE1) | ep_epoch3(NODE1) | ep_epoch5(NODE1) | locked_epoch2(NODE0) | locked_epoch4(NODE1) | NODE0 = NODE1","10","00------00-0------0----0--------------","8","33","F","119","0100010020","0100010020","e0l0","00------00-0","--","----0----0--","------------","0","5","0","0","0","2","0","0","2","0"
"1204","3","forall NODE1,NODE0. ep_epoch0(NODE0) | ep_epoch1(NODE0) | ep_epoch2(NODE1) | ep_epoch3(NODE1) | held(NODE1) | locked_epoch2(NODE0) | locked_epoch4(NODE1) | NODE0 = NODE1","10","00------00---0----0----0--------------","8","34","F","42","0101010020","0101010020","e0h0l0","00------00--","-0","----0----0--","------------","0","4","0","1","0","2","0","0","2","0"
"1205","2","forall NODE1,NODE0. ep_epoch0(NODE0) | ep_epoch1(NODE0) | ep_epoch2(NODE1) | ep_epoch3(NODE1) | locked_epoch2(NODE0) | locked_epoch4(NODE1) | locked_epoch5(NODE1) | NODE0 = NODE1","10","00------00--------0----0-0------------","8","33","F","119","0100010020","0100010020","e0l0","00------00--","--","----0----0-0","------------","0","4","0","0","0","3","0","0","2","0"
"1206","2","forall NODE2,NODE1,NODE0,NODE3. ep_epoch0(NODE0) | ep_epoch1(NODE0) | ep_epoch2(NODE1) | ep_epoch4(NODE2) | ep_epoch5(NODE2) | locked_epoch2(NODE0) | locked_epoch4(NODE3) | ((NODE0 ~= NODE3 | NODE1 ~= NODE2 | NODE0 = NODE1) & (NODE0 ~= NODE2 | NODE1 ~= NODE3 | NODE0 = NODE1))","17","00--00--0---------0----0--------------","13","83","F","9","0100010040","0100010040","e0l0","00--00--0---","--","----0----0--","------------","0","5","0","0","0","2","0","0","4","0"
"1207","3","forall NODE2,NODE1,NODE0,NODE3. ep_epoch0(NODE0) | ep_epoch1(NODE0) | ep_epoch2(NODE1) | ep_epoch4(NODE2) | held(NODE2) | locked_epoch2(NODE0) | locked_epoch4(NODE3) | ((NODE0 ~= NODE2 | NODE1 ~= NODE3 | NODE0 = NODE1) & (NODE0 ~= NODE3 | NODE1 ~= NODE2 | NODE0 = NODE1))","17","00--0---0---0-----0----0--------------","13","82","F","15","0101010040","0101010040","e0h0l0","00--0---0---","0-","----0----0--","------------","0","4","0","1","0","2","0","0","4","0"
"1208","2","forall NODE1,NODE0. ep_epoch0(NODE0) | ep_epoch1(NODE0) | ep_epoch2(NODE1) | ep_epoch4(NODE0) | locked_epoch2(NODE0) | locked_epoch3(NODE1) | locked_epoch4(NODE1) | NODE0 = NODE1","10","00--0---0---------0--0-0--------------","8","33","F","119","0100010020","0100010020","e0l0","00--0---0---","--","----0--0-0--","------------","0","4","0","0","0","3","0","0","2","0"
"1209","2","forall NODE2,NODE1,NODE0,NODE3. ep_epoch0(NODE0) | ep_epoch1(NODE0) | ep_epoch2(NODE1) | ep_epoch4(NODE2) | locked_epoch2(NODE0) | locked_epoch4(NODE3) | locked_epoch5(NODE2) | ((NODE0 ~= NODE3 | NODE1 ~= NODE2 | NODE0 = NODE1) & (NODE0 ~= NODE2 | NODE1 ~= NODE3 | NODE0 = NODE1))","17","00--0---0---------0----00-------------","13","83","F","9","0100010040","0100010040","e0l0","00--0---0---","--","----0----00-","------------","0","4","0","0","0","3","0","0","4","0"
"1210","2","forall NODE1,NODE0. ep_epoch0(NODE0) | ep_epoch1(NODE0) | ep_epoch2(NODE1) | ep_epoch4(NODE1) | ep_epoch5(NODE1) | locked_epoch2(NODE0) | locked_epoch3(NODE1) | NODE0 = NODE1","10","00------0-00------0--0----------------","8","33","F","119","0100010020","0100010020","e0l0","00------0-00","--","----0--0----","------------","0","5","0","0","0","2","0","0","2","0"
"1211","3","forall NODE1,NODE0. ep_epoch0(NODE0) | ep_epoch1(NODE0) | ep_epoch2(NODE1) | ep_epoch4(NODE1) | held(NODE1) | locked_epoch2(NODE0) | locked_epoch3(NODE1) | NODE0 = NODE1","10","00------0-0--0----0--0----------------","8","34","F","42","0101010020","0101010020","e0h0l0","00------0-0-","-0","----0--0----","------------","0","4","0","1","0","2","0","0","2","0"
"1212","2","forall NODE1,NODE0. ep_epoch0(NODE0) | ep_epoch1(NODE0) | ep_epoch2(NODE1) | ep_epoch4(NODE1) | locked_epoch2(NODE0) | locked_epoch3(NODE1) | locked_epoch5(NODE1) | NODE0 = NODE1","10","00------0-0-------0--0---0------------","8","33","F","119","0100010020","0100010020","e0l0","00------0-0-","--","----0--0---0","------------","0","4","0","0","0","3","0","0","2","0"
"1213","2","forall NODE1,NODE0. ep_epoch0(NODE0) | ep_epoch1(NODE0) | ep_epoch2(NODE1) | ep_epoch5(NODE1) | locked_epoch2(NODE0) | locked_epoch3(NODE1) | locked_epoch4(NODE1) | NODE0 = NODE1","10","00------0--0------0--0-0--------------","8","33","F","119","0100010020","0100010020","e0l0","00------0--0","--","----0--0-0--","------------","0","4","0","0","0","3","0","0","2","0"
"1214","3","forall NODE1,NODE0. ep_epoch0(NODE0) | ep_epoch1(NODE0) | ep_epoch2(NODE1) | held(NODE1) | locked_epoch2(NODE0) | locked_epoch3(NODE1) | locked_epoch4(NODE1) | NODE0 = NODE1","10","00------0----0----0--0-0--------------","8","34","F","42","0101010020","0101010020","e0h0l0","00------0---","-0","----0--0-0--","------------","0","3","0","1","0","3","0","0","2","0"
"1215","2","forall NODE1,NODE0. ep_epoch0(NODE0) | ep_epoch1(NODE0) | ep_epoch2(NODE1) | locked_epoch2(NODE0) | locked_epoch3(NODE1) | locked_epoch4(NODE1) | locked_epoch5(NODE1) | NODE0 = NODE1","10","00------0---------0--0-0-0------------","8","33","F","119","0100010020","0100010020","e0l0","00------0---","--","----0--0-0-0","------------","0","3","0","0","0","4","0","0","2","0"
"1216","2","forall NODE1,NODE0. ep_epoch0(NODE0) | ep_epoch1(NODE0) | ep_epoch3(NODE1) | ep_epoch4(NODE0) | ep_epoch4(NODE1) | locked_epoch2(NODE0) | locked_epoch3(NODE0) | NODE0 = NODE1","10","00--0----00-------0-0-----------------","8","33","F","119","0100010020","0100010020","e0l0","00--0----00-","--","----0-0-----","------------","0","5","0","0","0","2","0","0","2","0"
"1217","2","forall NODE1,NODE0. ep_epoch0(NODE0) | ep_epoch1(NODE0) | ep_epoch3(NODE1) | ep_epoch4(NODE0) | locked_epoch2(NODE0) | locked_epoch3(NODE0) | locked_epoch4(NODE1) | NODE0 = NODE1","10","00--0----0--------0-0--0--------------","8","33","F","119","0100010020","0100010020","e0l0","00--0----0--","--","----0-0--0--","------------","0","4","0","0","0","3","0","0","2","0"
"1218","2","forall NODE1,NODE0. ep_epoch0(NODE0) | ep_epoch1(NODE0) | ep_epoch3(NODE1) | ep_epoch4(NODE1) | ep_epoch5(NODE1) | locked_epoch2(NODE0) | locked_epoch3(NODE0) | NODE0 = NODE1","10","00-------000------0-0-----------------","8","33","F","119","0100010020","0100010020","e0l0","00-------000","--","----0-0-----","------------","0","5","0","0","0","2","0","0","2","0"
"1219","3","forall NODE1,NODE0. ep_epoch0(NODE0) | ep_epoch1(NODE0) | ep_epoch3(NODE1) | ep_epoch4(NODE1) | held(NODE1) | locked_epoch2(NODE0) | locked_epoch3(NODE0) | NODE0 = NODE1","10","00-------00--0----0-0-----------------","8","34","F","42","0101010020","0101010020","e0h0l0","00-------00-","-0","----0-0-----","------------","0","4","0","1","0","2","0","0","2","0"
"1220","2","forall NODE1,NODE0. ep_epoch0(NODE0) | ep_epoch1(NODE0) | ep_epoch3(NODE1) | ep_epoch4(NODE1) | locked_epoch2(NODE0) | locked_epoch3(NODE0) | locked_epoch5(NODE1) | NODE0 = NODE1","10","00-------00-------0-0----0------------","8","33","F","119","0100010020","0100010020","e0l0","00-------00-","--","----0-0----0","------------","0","4","0","0","0","3","0","0","2","0"
"1221","2","forall NODE1,NODE0. ep_epoch0(NODE0) | ep_epoch1(NODE0) | ep_epoch3(NODE1) | ep_epoch5(NODE0) | ep_epoch5(NODE1) | locked_epoch2(NODE0) | locked_epoch3(NODE0) | NODE0 = NODE1","10","00---0---0-0------0-0-----------------","8","33","F","119","0100010020","0100010020","e0l0","00---0---0-0","--","----0-0-----","------------","0","5","0","0","0","2","0","0","2","0"
"1222","3","forall NODE2,NODE1,NODE0,NODE3. ep_epoch0(NODE0) | ep_epoch1(NODE0) | ep_epoch3(NODE1) | ep_epoch5(NODE2) | held(NODE3) | locked_epoch2(NODE0) | locked_epoch3(NODE0) | ((NODE0 ~= NODE2 | NODE1 ~= NODE3 | NODE0 = NODE1) & (NODE0 ~= NODE3 | NODE1 ~= NODE2 | NODE0 = NODE1))","17","00---0---0---0----0-0-----------------","13","82","F","15","0101010040","0101010040","e0h0l0","00---0---0--","-0","----0-0-----","------------","0","4","0","1","0","2","0","0","4","0"
"1223","2","forall NODE2,NODE1,NODE0,NODE3. ep_epoch0(NODE0) | ep_epoch1(NODE0) | ep_epoch3(NODE1) | ep_epoch5(NODE2) | locked_epoch2(NODE0) | locked_epoch3(NODE0) | locked_epoch5(NODE3) | ((NODE0 ~= NODE2 | NODE1 ~= NODE3 | NODE0 = NODE1) & (NODE0 ~= NODE3 | NODE1 ~= NODE2 | NODE0 = NODE1))","17","00---0---0--------0-0----0------------","13","83","F","9","0100010040","0100010040","e0l0","00---0---0--","--","----0-0----0","------------","0","4","0","0","0","3","0","0","4","0"
"1224","2","forall NODE1,NODE0. ep_epoch0(NODE0) | ep_epoch1(NODE0) | ep_epoch3(NODE1) | ep_epoch5(NODE1) | locked_epoch2(NODE0) | locked_epoch3(NODE0) | locked_epoch4(NODE1) | NODE0 = NODE1","10","00-------0-0------0-0--0--------------","8","33","F","119","0100010020","0100010020","e0l0","00-------0-0","--","----0-0--0--","------------","0","4","0","0","0","3","0","0","2","0"
"1225","3","forall NODE1,NODE0. ep_epoch0(NODE0) | ep_epoch1(NODE0) | ep_epoch3(NODE1) | held(NODE0) | held(NODE1) | locked_epoch2(NODE0) | locked_epoch3(NODE0) | NODE0 = NODE1","10","00-------0--00----0-0-----------------","8","34","F","42","0101010020","0101010020","e0h0l0","00-------0--","00","----0-0-----","------------","0","3","0","2","0","2","0","0","2","0"
"1226","3","forall NODE2,NODE1,NODE0,NODE3. ep_epoch0(NODE0) | ep_epoch1(NODE0) | ep_epoch3(NODE1) | held(NODE2) | locked_epoch2(NODE0) | locked_epoch3(NODE0) | locked_epoch5(NODE3) | ((NODE0 ~= NODE2 | NODE1 ~= NODE3 | NODE0 = NODE1) & (NODE0 ~= NODE3 | NODE1 ~= NODE2 | NODE0 = NODE1))","17","00-------0--0-----0-0----0------------","13","82","F","15","0101010040","0101010040","e0h0l0","00-------0--","0-","----0-0----0","------------","0","3","0","1","0","3","0","0","4","0"
"1227","3","forall NODE1,NODE0. ep_epoch0(NODE0) | ep_epoch1(NODE0) | ep_epoch3(NODE1) | held(NODE1) | locked_epoch2(NODE0) | locked_epoch3(NODE0) | locked_epoch4(NODE1) | NODE0 = NODE1","10","00-------0---0----0-0--0--------------","8","34","F","42","0101010020","0101010020","e0h0l0","00-------0--","-0","----0-0--0--","------------","0","3","0","1","0","3","0","0","2","0"
"1228","2","forall NODE1,NODE0. ep_epoch0(NODE0) | ep_epoch1(NODE0) | ep_epoch3(NODE1) | locked_epoch2(NODE0) | locked_epoch3(NODE0) | locked_epoch4(NODE1) | locked_epoch5(NODE1) | NODE0 = NODE1","10","00-------0--------0-0--0-0------------","8","33","F","119","0100010020","0100010020","e0l0","00-------0--","--","----0-0--0-0","------------","0","3","0","0","0","4","0","0","2","0"
"1229","2","forall NODE1,NODE0. ep_epoch0(NODE0) | ep_epoch1(NODE0) | ep_epoch3(NODE1) | locked_epoch2(NODE0) | locked_epoch3(NODE0) | locked_epoch5(NODE0) | locked_epoch5(NODE1) | NODE0 = NODE1","10","00-------0--------0-0---00------------","8","33","F","119","0100010020","0100010020","e0l0","00-------0--","--","----0-0---00","------------","0","3","0","0","0","4","0","0","2","0"
"1230","4","forall NODE1,NODE0. ep_epoch0(NODE0) | ep_epoch1(NODE0) | held(NODE0) | locked_epoch3(NODE0) | locked_epoch3(NODE1) | transfer_epoch3(NODE0) | transfer_epoch3(NODE1) | NODE0 = NODE1","10","00----------0-------00----------00----","8","38","F","677","0101010120","0101010120","e0h0l0t0","00----------","0-","------00----","------00----","0","2","0","1","0","2","0","2","2","0"
"1231","2","forall NODE1,NODE0. ep_epoch1(NODE0) | ep_epoch1(NODE1) | ep_epoch2(NODE0) | ep_epoch3(NODE0) | ep_epoch4(NODE0) | ep_epoch5(NODE0) | locked_epoch2(NODE1) | NODE0 = NODE1","10","-00000-0-----------0------------------","8","33","F","119","0100010020","0100010020","e0l0","-00000-0----","--","-----0------","------------","0","6","0","0","0","1","0","0","2","0"
"1232","3","forall NODE1,NODE0. ep_epoch1(NODE0) | ep_epoch1(NODE1) | ep_epoch2(NODE1) | ep_epoch3(NODE1) | ep_epoch4(NODE1) | held(NODE1) | locked_epoch2(NODE0) | NODE0 = NODE1","10","-0000--0----0------0------------------","8","34","F","42","0101010020","0101010020","e0h0l0","-0000--0----","0-","-----0------","------------","0","5","0","1","0","1","0","0","2","0"
"1233","2","forall NODE1,NODE0. ep_epoch1(NODE0) | ep_epoch1(NODE1) | ep_epoch2(NODE1) | ep_epoch3(NODE1) | ep_epoch4(NODE1) | locked_epoch2(NODE0) | locked_epoch5(NODE1) | NODE0 = NODE1","10","-0000--0-----------0----0-------------","8","33","F","119","0100010020","0100010020","e0l0","-0000--0----","--","-----0----0-","------------","0","5","0","0","0","2","0","0","2","0"
"1234","2","forall NODE1,NODE0. ep_epoch1(NODE0) | ep_epoch1(NODE1) | ep_epoch2(NODE1) | ep_epoch3(NODE1) | ep_epoch4(NODE0) | locked_epoch2(NODE0) | locked_epoch4(NODE1) | NODE0 = NODE1","10","-000---0--0--------0--0---------------","8","33","F","119","0100010020","0100010020","e0l0","-000---0--0-","--","-----0--0---","------------","0","5","0","0","0","2","0","0","2","0"
"1235","2","forall NODE1,NODE0. ep_epoch1(NODE0) | ep_epoch1(NODE1) | ep_epoch2(NODE0) | ep_epoch3(NODE0) | ep_epoch5(NODE0) | locked_epoch2(NODE1) | locked_epoch4(NODE0) | NODE0 = NODE1","10","-000-0-0-----------0--0---------------","8","33","F","119","0100010020","0100010020","e0l0","-000-0-0----","--","-----0--0---","------------","0","5","0","0","0","2","0","0","2","0"
"1236","3","forall NODE1,NODE0. ep_epoch1(NODE0) | ep_epoch1(NODE1) | ep_epoch2(NODE1) | ep_epoch3(NODE1) | held(NODE1) | locked_epoch2(NODE0) | locked_epoch4(NODE1) | NODE0 = NODE1","10","-000---0----0------0--0---------------","8","34","F","42","0101010020","0101010020","e0h0l0","-000---0----","0-","-----0--0---","------------","0","4","0","1","0","2","0","0","2","0"
"1237","2","forall NODE1,NODE0. ep_epoch1(NODE0) | ep_epoch1(NODE1) | ep_epoch2(NODE1) | ep_epoch3(NODE1) | locked_epoch2(NODE0) | locked_epoch4(NODE0) | locked_epoch4(NODE1) | NODE0 = NODE1","10","-000---0-----------0--00--------------","8","33","F","119","0100010020","0100010020","e0l0","-000---0----","--","-----0--00--","------------","0","4","0","0","0","3","0","0","2","0"
"1238","2","forall NODE1,NODE0. ep_epoch1(NODE0) | ep_epoch1(NODE1) | ep_epoch2(NODE1) | ep_epoch3(NODE1) | locked_epoch2(NODE0) | locked_epoch4(NODE1) | locked_epoch5(NODE1) | NODE0 = NODE1","10","-000---0-----------0--0-0-------------","8","33","F","119","0100010020","0100010020","e0l0","-000---0----","--","-----0--0-0-","------------","0","4","0","0","0","3","0","0","2","0"
"1239","2","forall NODE1,NODE0. ep_epoch1(NODE0) | ep_epoch1(NODE1) | ep_epoch2(NODE0) | ep_epoch4(NODE0) | ep_epoch5(NODE0) | locked_epoch2(NODE1) | locked_epoch3(NODE0) | NODE0 = NODE1","10","-00-00-0-----------00-----------------","8","33","F","119","0100010020","0100010020","e0l0","-00-00-0----","--","-----00-----","------------","0","5","0","0","0","2","0","0","2","0"
"1240","3","forall NODE1,NODE0. ep_epoch1(NODE0) | ep_epoch1(NODE1) | ep_epoch2(NODE1) | ep_epoch4(NODE1) | held(NODE1) | locked_epoch2(NODE0) | locked_epoch3(NODE1) | NODE0 = NODE1","10","-00-0--0----0------00-----------------","8","34","F","42","0101010020","0101010020","e0h0l0","-00-0--0----","0-","-----00-----","------------","0","4","0","1","0","2","0","0","2","0"
"1241","2","forall NODE1,NODE0. ep_epoch1(NODE0) | ep_epoch1(NODE1) | ep_epoch2(NODE1) | ep_epoch4(NODE1) | locked_epoch2(NODE0) | locked_epoch3(NODE1) | locked_epoch5(NODE1) | NODE0 = NODE1","10","-00-0--0-----------00---0-------------","8","33","F","119","0100010020","0100010020","e0l0","-00-0--0----","--","-----00---0-","------------","0","4","0","0","0","3","0","0","2","0"
"1242","2","forall NODE1,NODE0. ep_epoch1(NODE0) | ep_epoch1(NODE1) | ep_epoch2(NODE1) | ep_epoch4(NODE0) | locked_epoch2(NODE0) | locked_epoch3(NODE1) | locked_epoch4(NODE1) | NODE0 = NODE1","10","-00----0--0--------00-0---------------","8","33","F","119","0100010020","0100010020","e0l0","-00----0--0-","--","-----00-0---","------------","0","4","0","0","0","3","0","0","2","0"
"1243","2","forall NODE1,NODE0. ep_epoch1(NODE0) | ep_epoch1(NODE1) | ep_epoch2(NODE0) | ep_epoch5(NODE0) | locked_epoch2(NODE1) | locked_epoch3(NODE0) | locked_epoch4(NODE0) | NODE0 = NODE1","10","-00--0-0-----------00-0---------------","8","33","F","119","0100010020","0100010020","e0l0","-00--0-0----","--","-----00-0---","------------","0","4","0","0","0","3","0","0","2","0"
"1244","3","forall NODE1,NODE0. ep_epoch1(NODE0) | ep_epoch1(NODE1) | ep_epoch2(NODE1) | held(NODE1) | locked_epoch2(NODE0) | locked_epoch3(NODE1) | locked_epoch4(NODE1) | NODE0 = NODE1","10","-00----0----0------00-0---------------","8","34","F","42","0101010020","0101010020","e0h0l0","-00----0----","0-","-----00-0---","------------","0","3","0","1","0","3","0","0","2","0"
"1245","2","forall NODE1,NODE0. ep_epoch1(NODE0) | ep_epoch1(NODE1) | ep_epoch2(NODE1) | locked_epoch2(NODE0) | locked_epoch3(NODE1) | locked_epoch4(NODE0) | locked_epoch4(NODE1) | NODE0 = NODE1","10","-00----0-----------00-00--------------","8","33","F","119","0100010020","0100010020","e0l0","-00----0----","--","-----00-00--","------------","0","3","0","0","0","4","0","0","2","0"
"1246","2","forall NODE1,NODE0. ep_epoch1(NODE0) | ep_epoch1(NODE1) | ep_epoch2(NODE1) | locked_epoch2(NODE0) | locked_epoch3(NODE1) | locked_epoch4(NODE1) | locked_epoch5(NODE1) | NODE0 = NODE1","10","-00----0-----------00-0-0-------------","8","33","F","119","0100010020","0100010020","e0l0","-00----0----","--","-----00-0-0-","------------","0","3","0","0","0","4","0","0","2","0"
"1247","5","forall NODE1,NODE0. ~ep_epoch0(NODE0) | ~locked_epoch2(NODE1) | ep_epoch2(NODE1) | held(NODE1) | transfer_epoch4(NODE0) | transfer_epoch4(NODE1) | transfer_epoch5(NODE0) | transfer_epoch5(NODE1) | NODE0 = NODE1","11","1-------0----0-----1--------------0000","9","76","F","20","1101100120","1101100120","e1e0h0l1t0","1-------0---","-0","-----1------","--------0000","1","1","0","1","1","0","0","4","2","0"
"1248","5","forall NODE1,NODE0. ~ep_epoch0(NODE0) | ~locked_epoch2(NODE1) | ep_epoch3(NODE1) | held(NODE1) | transfer_epoch3(NODE0) | transfer_epoch3(NODE1) | transfer_epoch5(NODE0) | transfer_epoch5(NODE1) | NODE0 = NODE1","11","1--------0---0-----1------------00--00","9","76","F","20","1101100120","1101100120","e1e0h0l1t0","1--------0--","-0","-----1------","------00--00","1","1","0","1","1","0","0","4","2","0"
"1249","5","forall NODE1,NODE0. ~ep_epoch0(NODE0) | ~locked_epoch2(NODE1) | ep_epoch4(NODE1) | held(NODE1) | transfer_epoch3(NODE0) | transfer_epoch3(NODE1) | transfer_epoch4(NODE0) | transfer_epoch4(NODE1) | NODE0 = NODE1","11","1---------0--0-----1------------0000--","9","76","F","20","1101100120","1101100120","e1e0h0l1t0","1---------0-","-0","-----1------","------0000--","1","1","0","1","1","0","0","4","2","0"
"1250","5","forall NODE1,NODE0. ~ep_epoch0(NODE0) | ~locked_epoch2(NODE1) | held(NODE1) | locked_epoch4(NODE1) | transfer_epoch3(NODE0) | transfer_epoch3(NODE1) | transfer_epoch4(NODE0) | transfer_epoch4(NODE1) | NODE0 = NODE1","11","1------------0-----1---0--------0000--","9","77","F","7","1001110120","1001110120","e1h0l1l0t0","1-----------","-0","-----1---0--","------0000--","1","0","0","1","1","1","0","4","2","0"
"1251","4","forall NODE1,NODE0. ~ep_epoch0(NODE0) | ep_epoch1(NODE1) | ep_epoch2(NODE1) | held(NODE1) | transfer_epoch4(NODE0) | transfer_epoch4(NODE1) | transfer_epoch5(NODE0) | transfer_epoch5(NODE1) | NODE0 = NODE1","11","1------00----0--------------------0000","9","35","F","40","1101000120","1101000120","e1e0h0t0","1------00---","-0","------------","--------0000","1","2","0","1","0","0","0","4","2","0"
"1252","4","forall NODE1,NODE0. ~ep_epoch0(NODE0) | ep_epoch1(NODE1) | ep_epoch3(NODE1) | held(NODE1) | transfer_epoch3(NODE0) | transfer_epoch3(NODE1) | transfer_epoch5(NODE0) | transfer_epoch5(NODE1) | NODE0 = NODE1","11","1------0-0---0------------------00--00","9","35","F","40","1101000120","1101000120","e1e0h0t0","1------0-0--","-0","------------","------00--00","1","2","0","1","0","0","0","4","2","0"
"1253","4","forall NODE1,NODE0. ~ep_epoch0(NODE0) | ep_epoch1(NODE1) | ep_epoch4(NODE1) | held(NODE1) | transfer_epoch3(NODE0) | transfer_epoch3(NODE1) | transfer_epoch4(NODE0) | transfer_epoch4(NODE1) | NODE0 = NODE1","11","1------0--0--0------------------0000--","9","35","F","40","1101000120","1101000120","e1e0h0t0","1------0--0-","-0","------------","------0000--","1","2","0","1","0","0","0","4","2","0"
"1254","5","forall NODE1,NODE0. ~ep_epoch0(NODE0) | ep_epoch1(NODE1) | held(NODE1) | locked_epoch4(NODE1) | transfer_epoch3(NODE0) | transfer_epoch3(NODE1) | transfer_epoch4(NODE0) | transfer_epoch4(NODE1) | NODE0 = NODE1","11","1------0-----0---------0--------0000--","9","64","F","23","1101010120","1101010120","e1e0h0l0t0","1------0----","-0","---------0--","------0000--","1","1","0","1","0","1","0","4","2","0"
"1255","4","forall NODE1,NODE0. ~ep_epoch0(NODE0) | ep_epoch2(NODE1) | ep_epoch3(NODE1) | held(NODE1) | transfer_epoch2(NODE0) | transfer_epoch2(NODE1) | transfer_epoch5(NODE0) | transfer_epoch5(NODE1) | NODE0 = NODE1","11","1-------00---0----------------00----00","9","35","F","40","1101000120","1101000120","e1e0h0t0","1-------00--","-0","------------","----00----00","1","2","0","1","0","0","0","4","2","0"
"1256","4","forall NODE1,NODE0. ~ep_epoch0(NODE0) | ep_epoch2(NODE1) | ep_epoch4(NODE1) | held(NODE1) | transfer_epoch2(NODE0) | transfer_epoch2(NODE1) | transfer_epoch4(NODE0) | transfer_epoch4(NODE1) | NODE0 = NODE1","11","1-------0-0--0----------------00--00--","9","35","F","40","1101000120","1101000120","e1e0h0t0","1-------0-0-","-0","------------","----00--00--","1","2","0","1","0","0","0","4","2","0"
"1257","5","forall NODE1,NODE0. ~ep_epoch0(NODE0) | ep_epoch2(NODE1) | held(NODE1) | locked_epoch4(NODE1) | transfer_epoch2(NODE0) | transfer_epoch2(NODE1) | transfer_epoch4(NODE0) | transfer_epoch4(NODE1) | NODE0 = NODE1","11","1-------0----0---------0------00--00--","9","64","F","23","1101010120","1101010120","e1e0h0l0t0","1-------0---","-0","---------0--","----00--00--","1","1","0","1","0","1","0","4","2","0"
"1258","4","forall NODE1,NODE0. ~ep_epoch0(NODE0) | ep_epoch3(NODE1) | ep_epoch4(NODE1) | held(NODE1) | transfer_epoch2(NODE0) | transfer_epoch2(NODE1) | transfer_epoch3(NODE0) | transfer_epoch3(NODE1) | NODE0 = NODE1","11","1--------00--0----------------0000----","9","35","F","40","1101000120","1101000120","e1e0h0t0","1--------00-","-0","------------","----0000----","1","2","0","1","0","0","0","4","2","0"
"1259","5","forall NODE1,NODE0. ~ep_epoch0(NODE0) | ep_epoch3(NODE1) | held(NODE1) | locked_epoch4(NODE1) | transfer_epoch2(NODE0) | transfer_epoch2(NODE1) | transfer_epoch3(NODE0) | transfer_epoch3(NODE1) | NODE0 = NODE1","11","1--------0---0---------0------0000----","9","64","F","23","1101010120","1101010120","e1e0h0l0t0","1--------0--","-0","---------0--","----0000----","1","1","0","1","0","1","0","4","2","0"
"1260","5","forall NODE1,NODE0. ~ep_epoch1(NODE0) | ~locked_epoch2(NODE1) | ep_epoch2(NODE1) | held(NODE1) | transfer_epoch4(NODE0) | transfer_epoch4(NODE1) | transfer_epoch5(NODE0) | transfer_epoch5(NODE1) | NODE0 = NODE1","11","-1------0----0-----1--------------0000","9","76","F","20","1101100120","1101100120","e1e0h0l1t0","-1------0---","-0","-----1------","--------0000","1","1","0","1","1","0","0","4","2","0"
"1261","5","forall NODE1,NODE0. ~ep_epoch1(NODE0) | ~locked_epoch2(NODE1) | ep_epoch3(NODE1) | held(NODE1) | transfer_epoch3(NODE0) | transfer_epoch3(NODE1) | transfer_epoch5(NODE0) | transfer_epoch5(NODE1) | NODE0 = NODE1","11","-1-------0---0-----1------------00--00","9","76","F","20","1101100120","1101100120","e1e0h0l1t0","-1-------0--","-0","-----1------","------00--00","1","1","0","1","1","0","0","4","2","0"
"1262","5","forall NODE1,NODE0. ~ep_epoch1(NODE0) | ~locked_epoch2(NODE1) | ep_epoch4(NODE1) | held(NODE1) | transfer_epoch3(NODE0) | transfer_epoch3(NODE1) | transfer_epoch4(NODE0) | transfer_epoch4(NODE1) | NODE0 = NODE1","11","-1--------0--0-----1------------0000--","9","76","F","20","1101100120","1101100120","e1e0h0l1t0","-1--------0-","-0","-----1------","------0000--","1","1","0","1","1","0","0","4","2","0"
"1263","5","forall NODE1,NODE0. ~ep_epoch1(NODE0) | ~locked_epoch2(NODE1) | held(NODE1) | locked_epoch4(NODE1) | transfer_epoch3(NODE0) | transfer_epoch3(NODE1) | transfer_epoch4(NODE0) | transfer_epoch4(NODE1) | NODE0 = NODE1","11","-1-----------0-----1---0--------0000--","9","77","F","7","1001110120","1001110120","e1h0l1l0t0","-1----------","-0","-----1---0--","------0000--","1","0","0","1","1","1","0","4","2","0"
"1264","4","forall NODE1,NODE0. ~ep_epoch1(NODE0) | ep_epoch0(NODE1) | ep_epoch2(NODE1) | held(NODE1) | transfer_epoch4(NODE0) | transfer_epoch4(NODE1) | transfer_epoch5(NODE0) | transfer_epoch5(NODE1) | NODE0 = NODE1","11","-1----0-0----0--------------------0000","9","35","F","40","1101000120","1101000120","e1e0h0t0","-1----0-0---","-0","------------","--------0000","1","2","0","1","0","0","0","4","2","0"
"1265","4","forall NODE1,NODE0. ~ep_epoch1(NODE0) | ep_epoch0(NODE1) | ep_epoch3(NODE1) | held(NODE1) | transfer_epoch3(NODE0) | transfer_epoch3(NODE1) | transfer_epoch5(NODE0) | transfer_epoch5(NODE1) | NODE0 = NODE1","11","-1----0--0---0------------------00--00","9","35","F","40","1101000120","1101000120","e1e0h0t0","-1----0--0--","-0","------------","------00--00","1","2","0","1","0","0","0","4","2","0"
"1266","4","forall NODE1,NODE0. ~ep_epoch1(NODE0) | ep_epoch0(NODE1) | ep_epoch4(NODE1) | held(NODE1) | transfer_epoch3(NODE0) | transfer_epoch3(NODE1) | transfer_epoch4(NODE0) | transfer_epoch4(NODE1) | NODE0 = NODE1","11","-1----0---0--0------------------0000--","9","35","F","40","1101000120","1101000120","e1e0h0t0","-1----0---0-","-0","------------","------0000--","1","2","0","1","0","0","0","4","2","0"
"1267","5","forall NODE1,NODE0. ~ep_epoch1(NODE0) | ep_epoch0(NODE1) | held(NODE1) | locked_epoch4(NODE1) | transfer_epoch3(NODE0) | transfer_epoch3(NODE1) | transfer_epoch4(NODE0) | transfer_epoch4(NODE1) | NODE0 = NODE1","11","-1----0------0---------0--------0000--","9","64","F","23","1101010120","1101010120","e1e0h0l0t0","-1----0-----","-0","---------0--","------0000--","1","1","0","1","0","1","0","4","2","0"
"1268","4","forall NODE1,NODE0. ~ep_epoch1(NODE0) | ep_epoch2(NODE1) | ep_epoch3(NODE1) | ep_epoch4(NODE1) | ep_epoch5(NODE1) | held(NODE0) | transfer_epoch2(NODE0) | transfer_epoch2(NODE1) | NODE0 = NODE1","11","-1------00000-----------------00------","9","35","F","40","1101000120","1101000120","e1e0h0t0","-1------0000","0-","------------","----00------","1","4","0","1","0","0","0","2","2","0"
"1269","4","forall NODE1,NODE0. ~ep_epoch1(NODE0) | ep_epoch2(NODE1) | ep_epoch3(NODE1) | ep_epoch4(NODE1) | held(NODE0) | held(NODE1) | transfer_epoch2(NODE0) | transfer_epoch2(NODE1) | NODE0 = NODE1","11","-1------000-00----------------00------","9","35","F","40","1101000120","1101000120","e1e0h0t0","-1------000-","00","------------","----00------","1","3","0","2","0","0","0","2","2","0"
"1270","5","forall NODE1,NODE0. ~ep_epoch1(NODE0) | ep_epoch2(NODE1) | ep_epoch3(NODE1) | ep_epoch4(NODE1) | held(NODE0) | locked_epoch5(NODE1) | transfer_epoch2(NODE0) | transfer_epoch2(NODE1) | NODE0 = NODE1","11","-1------000-0------------0----00------","9","64","F","23","1101010120","1101010120","e1e0h0l0t0","-1------000-","0-","-----------0","----00------","1","3","0","1","0","1","0","2","2","0"
"1271","4","forall NODE1,NODE0. ~ep_epoch1(NODE0) | held(NODE0) | held(NODE1) | locked_epoch3(NODE1) | transfer_epoch2(NODE0) | transfer_epoch2(NODE1) | transfer_epoch3(NODE0) | transfer_epoch3(NODE1) | NODE0 = NODE1","11","-1----------00-------0--------0000----","9","36","F","10","1001010120","1001010120","e1h0l0t0","-1----------","00","-------0----","----0000----","1","0","0","2","0","1","0","4","2","0"
"1272","4","forall NODE1,NODE0. ~ep_epoch2(NODE0) | ep_epoch0(NODE1) | ep_epoch1(NODE1) | held(NODE1) | transfer_epoch4(NODE0) | transfer_epoch4(NODE1) | transfer_epoch5(NODE0) | transfer_epoch5(NODE1) | NODE0 = NODE1","11","--1---00-----0--------------------0000","9","35","F","40","1101000120","1101000120","e1e0h0t0","--1---00----","-0","------------","--------0000","1","2","0","1","0","0","0","4","2","0"
"1273","4","forall NODE1,NODE0. ~ep_epoch2(NODE0) | ep_epoch3(NODE1) | held(NODE0) | held(NODE1) | transfer_epoch3(NODE0) | transfer_epoch3(NODE1) | transfer_epoch5(NODE0) | transfer_epoch5(NODE1) | NODE0 = NODE1","11","--1------0--00------------------00--00","9","35","F","40","1101000120","1101000120","e1e0h0t0","--1------0--","00","------------","------00--00","1","1","0","2","0","0","0","4","2","0"
"1274","4","forall NODE1,NODE0. ~ep_epoch2(NODE0) | ep_epoch4(NODE1) | held(NODE0) | held(NODE1) | transfer_epoch3(NODE0) | transfer_epoch3(NODE1) | transfer_epoch4(NODE0) | transfer_epoch4(NODE1) | NODE0 = NODE1","11","--1-------0-00------------------0000--","9","35","F","40","1101000120","1101000120","e1e0h0t0","--1-------0-","00","------------","------0000--","1","1","0","2","0","0","0","4","2","0"
"1275","4","forall NODE1,NODE0. ~ep_epoch2(NODE0) | held(NODE0) | held(NODE1) | locked_epoch4(NODE1) | transfer_epoch3(NODE0) | transfer_epoch3(NODE1) | transfer_epoch4(NODE0) | transfer_epoch4(NODE1) | NODE0 = NODE1","11","--1---------00---------0--------0000--","9","36","F","10","1001010120","1001010120","e1h0l0t0","--1---------","00","---------0--","------0000--","1","0","0","2","0","1","0","4","2","0"
"1276","4","forall NODE1,NODE0. ~locked_epoch2(NODE0) | ~locked_epoch3(NODE0) | ep_epoch0(NODE1) | ep_epoch1(NODE1) | ep_epoch5(NODE0) | held(NODE1) | transfer_epoch5(NODE0) | transfer_epoch5(NODE1) | NODE0 = NODE1","11","-----000-----0----1-1---------------00","9","61","F","32","0101100120","0101100120","e0h0l1t0","-----000----","-0","----1-1-----","----------00","0","3","0","1","2","0","0","2","2","0"
"1277","4","forall NODE1,NODE0. ~locked_epoch2(NODE0) | ~locked_epoch3(NODE0) | ep_epoch0(NODE1) | ep_epoch1(NODE1) | held(NODE0) | held(NODE1) | transfer_epoch5(NODE0) | transfer_epoch5(NODE1) | NODE0 = NODE1","11","------00----00----1-1---------------00","9","61","F","32","0101100120","0101100120","e0h0l1t0","------00----","00","----1-1-----","----------00","0","2","0","2","2","0","0","2","2","0"
"1278","5","forall NODE1,NODE0. ~locked_epoch2(NODE0) | ~locked_epoch3(NODE0) | ep_epoch0(NODE1) | ep_epoch1(NODE1) | held(NODE1) | locked_epoch5(NODE0) | transfer_epoch5(NODE0) | transfer_epoch5(NODE1) | NODE0 = NODE1","11","------00-----0----1-1---0-----------00","9","81","F","80","0101110120","0101110120","e0h0l1l0t0","------00----","-0","----1-1---0-","----------00","0","2","0","1","2","1","0","2","2","0"
"1279","2","forall NODE1,NODE0. ~locked_epoch2(NODE0) | ep_epoch0(NODE1) | ep_epoch1(NODE1) | ep_epoch2(NODE0) | ep_epoch3(NODE0) | ep_epoch3(NODE1) | ep_epoch4(NODE0) | ep_epoch4(NODE1) | NODE0 = NODE1","11","--000-00-00-------1-------------------","9","26","F","42","0100100020","0100100020","e0l1","--000-00-00-","--","----1-------","------------","0","7","0","0","1","0","0","0","2","0"
"1280","2","forall NODE1,NODE0. ~locked_epoch2(NODE0) | ep_epoch0(NODE1) | ep_epoch1(NODE1) | ep_epoch2(NODE0) | ep_epoch3(NODE0) | ep_epoch3(NODE1) | ep_epoch5(NODE0) | ep_epoch5(NODE1) | NODE0 = NODE1","11","--00-000-0-0------1-------------------","9","26","F","42","0100100020","0100100020","e0l1","--00-000-0-0","--","----1-------","------------","0","7","0","0","1","0","0","0","2","0"
"1281","3","forall NODE2,NODE1,NODE0,NODE3. ~locked_epoch2(NODE0) | ep_epoch0(NODE1) | ep_epoch1(NODE1) | ep_epoch2(NODE0) | ep_epoch3(NODE0) | ep_epoch3(NODE1) | ep_epoch5(NODE2) | held(NODE3) | ((NODE0 ~= NODE2 | NODE1 ~= NODE3 | NODE0 = NODE1) & (NODE0 ~= NODE3 | NODE1 ~= NODE2 | NODE0 = NODE1))","18","--00-000-0---0----1-------------------","14","78","F","5","0101100040","0101100040","e0h0l1","--00-000-0--","-0","----1-------","------------","0","6","0","1","1","0","0","0","4","0"
"1282","3","forall NODE2,NODE1,NODE0,NODE3. ~locked_epoch2(NODE0) | ep_epoch0(NODE1) | ep_epoch1(NODE1) | ep_epoch2(NODE0) | ep_epoch3(NODE0) | ep_epoch3(NODE1) | ep_epoch5(NODE2) | locked_epoch5(NODE3) | ((NODE0 ~= NODE2 | NODE1 ~= NODE3 | NODE0 = NODE1) & (NODE0 ~= NODE3 | NODE1 ~= NODE2 | NODE0 = NODE1))","18","--00-000-0--------1------0------------","14","79","F","11","0100110040","0100110040","e0l1l0","--00-000-0--","--","----1------0","------------","0","6","0","0","1","1","0","0","4","0"
"1283","3","forall NODE1,NODE0. ~locked_epoch2(NODE0) | ep_epoch0(NODE1) | ep_epoch1(NODE1) | ep_epoch2(NODE0) | ep_epoch3(NODE0) | ep_epoch3(NODE1) | held(NODE0) | held(NODE1) | NODE0 = NODE1","11","--00--00-0--00----1-------------------","9","57","F","16","0101100020","0101100020","e0h0l1","--00--00-0--","00","----1-------","------------","0","5","0","2","1","0","0","0","2","0"
"1284","4","forall NODE2,NODE1,NODE0,NODE3. ~locked_epoch2(NODE0) | ep_epoch0(NODE1) | ep_epoch1(NODE1) | ep_epoch2(NODE0) | ep_epoch3(NODE0) | ep_epoch3(NODE1) | held(NODE2) | locked_epoch5(NODE3) | ((NODE0 ~= NODE3 | NODE1 ~= NODE2 | NODE0 = NODE1) & (NODE0 ~= NODE2 | NODE1 ~= NODE3 | NODE0 = NODE1))","18","--00--00-0--0-----1------0------------","14","80","F","14","0101110040","0101110040","e0h0l1l0","--00--00-0--","0-","----1------0","------------","0","5","0","1","1","1","0","0","4","0"
"1285","3","forall NODE1,NODE0. ~locked_epoch2(NODE0) | ep_epoch0(NODE1) | ep_epoch1(NODE1) | ep_epoch2(NODE0) | ep_epoch3(NODE0) | ep_epoch3(NODE1) | locked_epoch5(NODE0) | locked_epoch5(NODE1) | NODE0 = NODE1","11","--00--00-0--------1-----00------------","9","51","F","149","0100110020","0100110020","e0l1l0","--00--00-0--","--","----1-----00","------------","0","5","0","0","1","2","0","0","2","0"
"1286","2","forall NODE1,NODE0. ~locked_epoch2(NODE0) | ep_epoch0(NODE1) | ep_epoch1(NODE1) | ep_epoch2(NODE0) | ep_epoch4(NODE0) | ep_epoch4(NODE1) | ep_epoch5(NODE0) | ep_epoch5(NODE1) | NODE0 = NODE1","11","--0-0000--00------1-------------------","9","26","F","42","0100100020","0100100020","e0l1","--0-0000--00","--","----1-------","------------","0","7","0","0","1","0","0","0","2","0"
"1287","3","forall NODE2,NODE1,NODE0,NODE3. ~locked_epoch2(NODE0) | ep_epoch0(NODE1) | ep_epoch1(NODE1) | ep_epoch2(NODE0) | ep_epoch4(NODE0) | ep_epoch4(NODE1) | ep_epoch5(NODE2) | held(NODE3) | ((NODE0 ~= NODE3 | NODE1 ~= NODE2 | NODE0 = NODE1) & (NODE0 ~= NODE2 | NODE1 ~= NODE3 | NODE0 = NODE1))","18","--0-0000--0--0----1-------------------","14","78","F","5","0101100040","0101100040","e0h0l1","--0-0000--0-","-0","----1-------","------------","0","6","0","1","1","0","0","0","4","0"
"1288","3","forall NODE2,NODE1,NODE0,NODE3. ~locked_epoch2(NODE0) | ep_epoch0(NODE1) | ep_epoch1(NODE1) | ep_epoch2(NODE0) | ep_epoch4(NODE0) | ep_epoch4(NODE1) | ep_epoch5(NODE2) | locked_epoch5(NODE3) | ((NODE0 ~= NODE3 | NODE1 ~= NODE2 | NODE0 = NODE1) & (NODE0 ~= NODE2 | NODE1 ~= NODE3 | NODE0 = NODE1))","18","--0-0000--0-------1------0------------","14","79","F","11","0100110040","0100110040","e0l1l0","--0-0000--0-","--","----1------0","------------","0","6","0","0","1","1","0","0","4","0"
"1289","3","forall NODE1,NODE0. ~locked_epoch2(NODE0) | ep_epoch0(NODE1) | ep_epoch1(NODE1) | ep_epoch2(NODE0) | ep_epoch4(NODE0) | ep_epoch4(NODE1) | held(NODE0) | held(NODE1) | NODE0 = NODE1","11","--0-0-00--0-00----1-------------------","9","57","F","16","0101100020","0101100020","e0h0l1","--0-0-00--0-","00","----1-------","------------","0","5","0","2","1","0","0","0","2","0"
"1290","4","forall NODE2,NODE1,NODE0,NODE3. ~locked_epoch2(NODE0) | ep_epoch0(NODE1) | ep_epoch1(NODE1) | ep_epoch2(NODE0) | ep_epoch4(NODE0) | ep_epoch4(NODE1) | held(NODE2) | locked_epoch5(NODE3) | ((NODE0 ~= NODE2 | NODE1 ~= NODE3 | NODE0 = NODE1) & (NODE0 ~= NODE3 | NODE1 ~= NODE2 | NODE0 = NODE1))","18","--0-0-00--0-0-----1------0------------","14","80","F","14","0101110040","0101110040","e0h0l1l0","--0-0-00--0-","0-","----1------0","------------","0","5","0","1","1","1","0","0","4","0"
"1291","3","forall NODE1,NODE0. ~locked_epoch2(NODE0) | ep_epoch0(NODE1) | ep_epoch1(NODE1) | ep_epoch2(NODE0) | ep_epoch4(NODE0) | ep_epoch4(NODE1) | locked_epoch5(NODE0) | locked_epoch5(NODE1) | NODE0 = NODE1","11","--0-0-00--0-------1-----00------------","9","51","F","149","0100110020","0100110020","e0l1l0","--0-0-00--0-","--","----1-----00","------------","0","5","0","0","1","2","0","0","2","0"
"1292","4","forall NODE1,NODE0. ~locked_epoch2(NODE0) | ep_epoch0(NODE1) | ep_epoch1(NODE1) | ep_epoch2(NODE0) | held(NODE0) | held(NODE1) | transfer_epoch5(NODE0) | transfer_epoch5(NODE1) | NODE0 = NODE1","11","--0---00----00----1-----------------00","9","61","F","32","0101100120","0101100120","e0h0l1t0","--0---00----","00","----1-------","----------00","0","3","0","2","1","0","0","2","2","0"
"1293","4","forall NODE1,NODE0. ~locked_epoch2(NODE0) | ep_epoch0(NODE1) | ep_epoch1(NODE1) | ep_epoch3(NODE1) | ep_epoch5(NODE0) | held(NODE1) | transfer_epoch5(NODE0) | transfer_epoch5(NODE1) | NODE0 = NODE1","11","-----000-0---0----1-----------------00","9","61","F","32","0101100120","0101100120","e0h0l1t0","-----000-0--","-0","----1-------","----------00","0","4","0","1","1","0","0","2","2","0"
"1294","4","forall NODE1,NODE0. ~locked_epoch2(NODE0) | ep_epoch0(NODE1) | ep_epoch1(NODE1) | ep_epoch3(NODE1) | held(NODE0) | held(NODE1) | transfer_epoch5(NODE0) | transfer_epoch5(NODE1) | NODE0 = NODE1","11","------00-0--00----1-----------------00","9","61","F","32","0101100120","0101100120","e0h0l1t0","------00-0--","00","----1-------","----------00","0","3","0","2","1","0","0","2","2","0"
"1295","5","forall NODE1,NODE0. ~locked_epoch2(NODE0) | ep_epoch0(NODE1) | ep_epoch1(NODE1) | ep_epoch3(NODE1) | held(NODE1) | locked_epoch5(NODE0) | transfer_epoch5(NODE0) | transfer_epoch5(NODE1) | NODE0 = NODE1","11","------00-0---0----1-----0-----------00","9","81","F","80","0101110120","0101110120","e0h0l1l0t0","------00-0--","-0","----1-----0-","----------00","0","3","0","1","1","1","0","2","2","0"
"1296","5","forall NODE1,NODE0. ~locked_epoch2(NODE0) | ep_epoch0(NODE1) | ep_epoch1(NODE1) | ep_epoch4(NODE1) | held(NODE1) | locked_epoch4(NODE0) | transfer_epoch4(NODE0) | transfer_epoch4(NODE1) | NODE0 = NODE1","11","------00--0--0----1---0-----------00--","9","81","F","80","0101110120","0101110120","e0h0l1l0t0","------00--0-","-0","----1---0---","--------00--","0","3","0","1","1","1","0","2","2","0"
"1297","5","forall NODE1,NODE0. ~locked_epoch2(NODE0) | ep_epoch0(NODE1) | ep_epoch1(NODE1) | ep_epoch5(NODE0) | held(NODE1) | locked_epoch3(NODE1) | transfer_epoch5(NODE0) | transfer_epoch5(NODE1) | NODE0 = NODE1","11","-----000-----0----1--0--------------00","9","81","F","80","0101110120","0101110120","e0h0l1l0t0","-----000----","-0","----1--0----","----------00","0","3","0","1","1","1","0","2","2","0"
"1298","5","forall NODE1,NODE0. ~locked_epoch2(NODE0) | ep_epoch0(NODE1) | ep_epoch1(NODE1) | held(NODE0) | held(NODE1) | locked_epoch3(NODE1) | transfer_epoch5(NODE0) | transfer_epoch5(NODE1) | NODE0 = NODE1","11","------00----00----1--0--------------00","9","81","F","80","0101110120","0101110120","e0h0l1l0t0","------00----","00","----1--0----","----------00","0","2","0","2","1","1","0","2","2","0"
"1299","5","forall NODE1,NODE0. ~locked_epoch2(NODE0) | ep_epoch0(NODE1) | ep_epoch1(NODE1) | held(NODE1) | locked_epoch3(NODE1) | locked_epoch5(NODE0) | transfer_epoch5(NODE0) | transfer_epoch5(NODE1) | NODE0 = NODE1","11","------00-----0----1--0--0-----------00","9","81","F","80","0101110120","0101110120","e0h0l1l0t0","------00----","-0","----1--0--0-","----------00","0","2","0","1","1","2","0","2","2","0"
"1300","5","forall NODE1,NODE0. ~locked_epoch2(NODE0) | ep_epoch0(NODE1) | ep_epoch1(NODE1) | held(NODE1) | locked_epoch4(NODE0) | locked_epoch4(NODE1) | transfer_epoch4(NODE0) | transfer_epoch4(NODE1) | NODE0 = NODE1","11","------00-----0----1---00----------00--","9","81","F","80","0101110120","0101110120","e0h0l1l0t0","------00----","-0","----1---00--","--------00--","0","2","0","1","1","2","0","2","2","0"
"1301","4","forall NODE1,NODE0. ~locked_epoch2(NODE0) | ep_epoch2(NODE0) | ep_epoch4(NODE0) | ep_epoch4(NODE1) | ep_epoch5(NODE1) | held(NODE0) | transfer_epoch4(NODE0) | transfer_epoch4(NODE1) | NODE0 = NODE1","11","--0-0-----000-----1---------------00--","9","61","F","32","0101100120","0101100120","e0h0l1t0","--0-0-----00","0-","----1-------","--------00--","0","4","0","1","1","0","0","2","2","0"
"1302","4","forall NODE1,NODE0. ~locked_epoch2(NODE0) | ep_epoch2(NODE0) | ep_epoch4(NODE0) | ep_epoch4(NODE1) | held(NODE0) | held(NODE1) | transfer_epoch4(NODE0) | transfer_epoch4(NODE1) | NODE0 = NODE1","11","--0-0-----0-00----1---------------00--","9","61","F","32","0101100120","0101100120","e0h0l1t0","--0-0-----0-","00","----1-------","--------00--","0","3","0","2","1","0","0","2","2","0"
"1303","5","forall NODE1,NODE0. ~locked_epoch2(NODE0) | ep_epoch2(NODE0) | ep_epoch4(NODE0) | ep_epoch4(NODE1) | held(NODE0) | locked_epoch5(NODE1) | transfer_epoch4(NODE0) | transfer_epoch4(NODE1) | NODE0 = NODE1","11","--0-0-----0-0-----1------0--------00--","9","81","F","80","0101110120","0101110120","e0h0l1l0t0","--0-0-----0-","0-","----1------0","--------00--","0","3","0","1","1","1","0","2","2","0"
"1304","5","forall NODE1,NODE0. ~locked_epoch2(NODE0) | ep_epoch2(NODE0) | ep_epoch4(NODE1) | ep_epoch5(NODE1) | held(NODE0) | locked_epoch4(NODE0) | transfer_epoch4(NODE0) | transfer_epoch4(NODE1) | NODE0 = NODE1","11","--0-------000-----1---0-----------00--","9","81","F","80","0101110120","0101110120","e0h0l1l0t0","--0-------00","0-","----1---0---","--------00--","0","3","0","1","1","1","0","2","2","0"
"1305","5","forall NODE1,NODE0. ~locked_epoch2(NODE0) | ep_epoch2(NODE0) | ep_epoch4(NODE1) | held(NODE0) | held(NODE1) | locked_epoch4(NODE0) | transfer_epoch4(NODE0) | transfer_epoch4(NODE1) | NODE0 = NODE1","11","--0-------0-00----1---0-----------00--","9","81","F","80","0101110120","0101110120","e0h0l1l0t0","--0-------0-","00","----1---0---","--------00--","0","2","0","2","1","1","0","2","2","0"
"1306","5","forall NODE1,NODE0. ~locked_epoch2(NODE0) | ep_epoch2(NODE0) | ep_epoch4(NODE1) | held(NODE0) | locked_epoch4(NODE0) | locked_epoch5(NODE1) | transfer_epoch4(NODE0) | transfer_epoch4(NODE1) | NODE0 = NODE1","11","--0-------0-0-----1---0--0--------00--","9","81","F","80","0101110120","0101110120","e0h0l1l0t0","--0-------0-","0-","----1---0--0","--------00--","0","2","0","1","1","2","0","2","2","0"
"1307","4","forall NODE1,NODE0. ~locked_epoch2(NODE0) | ep_epoch2(NODE0) | held(NODE0) | held(NODE1) | transfer_epoch4(NODE0) | transfer_epoch4(NODE1) | transfer_epoch5(NODE0) | transfer_epoch5(NODE1) | NODE0 = NODE1","11","--0---------00----1---------------0000","9","61","F","32","0101100120","0101100120","e0h0l1t0","--0---------","00","----1-------","--------0000","0","1","0","2","1","0","0","4","2","0"
"1308","5","forall NODE1,NODE0. ~locked_epoch2(NODE0) | ep_epoch3(NODE0) | ep_epoch3(NODE1) | ep_epoch4(NODE0) | held(NODE0) | locked_epoch4(NODE1) | transfer_epoch3(NODE0) | transfer_epoch3(NODE1) | NODE0 = NODE1","11","---00----0--0-----1----0--------00----","9","81","F","80","0101110120","0101110120","e0h0l1l0t0","---00----0--","0-","----1----0--","------00----","0","3","0","1","1","1","0","2","2","0"
"1309","5","forall NODE1,NODE0. ~locked_epoch2(NODE0) | ep_epoch3(NODE0) | ep_epoch3(NODE1) | held(NODE0) | locked_epoch4(NODE0) | locked_epoch4(NODE1) | transfer_epoch3(NODE0) | transfer_epoch3(NODE1) | NODE0 = NODE1","11","---0-----0--0-----1---00--------00----","9","81","F","80","0101110120","0101110120","e0h0l1l0t0","---0-----0--","0-","----1---00--","------00----","0","2","0","1","1","2","0","2","2","0"
"1310","5","forall NODE1,NODE0. ~locked_epoch2(NODE0) | ep_epoch3(NODE1) | ep_epoch4(NODE0) | held(NODE0) | locked_epoch3(NODE0) | locked_epoch4(NODE1) | transfer_epoch3(NODE0) | transfer_epoch3(NODE1) | NODE0 = NODE1","11","----0----0--0-----1-0--0--------00----","9","81","F","80","0101110120","0101110120","e0h0l1l0t0","----0----0--","0-","----1-0--0--","------00----","0","2","0","1","1","2","0","2","2","0"
"1311","5","forall NODE1,NODE0. ~locked_epoch2(NODE0) | ep_epoch3(NODE1) | ep_epoch4(NODE1) | ep_epoch5(NODE1) | held(NODE0) | locked_epoch3(NODE0) | transfer_epoch3(NODE0) | transfer_epoch3(NODE1) | NODE0 = NODE1","11","---------0000-----1-0-----------00----","9","81","F","80","0101110120","0101110120","e0h0l1l0t0","---------000","0-","----1-0-----","------00----","0","3","0","1","1","1","0","2","2","0"
"1312","5","forall NODE1,NODE0. ~locked_epoch2(NODE0) | ep_epoch3(NODE1) | ep_epoch4(NODE1) | held(NODE0) | held(NODE1) | locked_epoch3(NODE0) | transfer_epoch3(NODE0) | transfer_epoch3(NODE1) | NODE0 = NODE1","11","---------00-00----1-0-----------00----","9","81","F","80","0101110120","0101110120","e0h0l1l0t0","---------00-","00","----1-0-----","------00----","0","2","0","2","1","1","0","2","2","0"
"1313","5","forall NODE1,NODE0. ~locked_epoch2(NODE0) | ep_epoch3(NODE1) | ep_epoch4(NODE1) | held(NODE0) | locked_epoch3(NODE0) | locked_epoch5(NODE1) | transfer_epoch3(NODE0) | transfer_epoch3(NODE1) | NODE0 = NODE1","11","---------00-0-----1-0----0------00----","9","81","F","80","0101110120","0101110120","e0h0l1l0t0","---------00-","0-","----1-0----0","------00----","0","2","0","1","1","2","0","2","2","0"
"1314","5","forall NODE1,NODE0. ~locked_epoch2(NODE0) | ep_epoch3(NODE1) | ep_epoch5(NODE1) | held(NODE0) | locked_epoch3(NODE0) | locked_epoch4(NODE1) | transfer_epoch3(NODE0) | transfer_epoch3(NODE1) | NODE0 = NODE1","11","---------0-00-----1-0--0--------00----","9","81","F","80","0101110120","0101110120","e0h0l1l0t0","---------0-0","0-","----1-0--0--","------00----","0","2","0","1","1","2","0","2","2","0"
"1315","5","forall NODE1,NODE0. ~locked_epoch2(NODE0) | ep_epoch3(NODE1) | held(NODE0) | held(NODE1) | locked_epoch3(NODE0) | locked_epoch4(NODE1) | transfer_epoch3(NODE0) | transfer_epoch3(NODE1) | NODE0 = NODE1","11","---------0--00----1-0--0--------00----","9","81","F","80","0101110120","0101110120","e0h0l1l0t0","---------0--","00","----1-0--0--","------00----","0","1","0","2","1","2","0","2","2","0"
"1316","5","forall NODE1,NODE0. ~locked_epoch2(NODE0) | ep_epoch3(NODE1) | held(NODE0) | locked_epoch3(NODE0) | locked_epoch4(NODE0) | locked_epoch4(NODE1) | transfer_epoch3(NODE0) | transfer_epoch3(NODE1) | NODE0 = NODE1","11","---------0--0-----1-0-00--------00----","9","81","F","80","0101110120","0101110120","e0h0l1l0t0","---------0--","0-","----1-0-00--","------00----","0","1","0","1","1","3","0","2","2","0"
"1317","5","forall NODE1,NODE0. ~locked_epoch2(NODE0) | ep_epoch3(NODE1) | held(NODE0) | locked_epoch3(NODE0) | locked_epoch4(NODE1) | locked_epoch5(NODE1) | transfer_epoch3(NODE0) | transfer_epoch3(NODE1) | NODE0 = NODE1","11","---------0--0-----1-0--0-0------00----","9","81","F","80","0101110120","0101110120","e0h0l1l0t0","---------0--","0-","----1-0--0-0","------00----","0","1","0","1","1","3","0","2","2","0"
"1318","4","forall NODE1,NODE0. ~locked_epoch3(NODE0) | ep_epoch0(NODE1) | ep_epoch1(NODE1) | ep_epoch2(NODE1) | ep_epoch5(NODE0) | held(NODE1) | transfer_epoch5(NODE0) | transfer_epoch5(NODE1) | NODE0 = NODE1","11","-----0000----0------1---------------00","9","61","F","32","0101100120","0101100120","e0h0l1t0","-----0000---","-0","------1-----","----------00","0","4","0","1","1","0","0","2","2","0"
"1319","4","forall NODE1,NODE0. ~locked_epoch3(NODE0) | ep_epoch0(NODE1) | ep_epoch1(NODE1) | ep_epoch2(NODE1) | held(NODE0) | held(NODE1) | transfer_epoch5(NODE0) | transfer_epoch5(NODE1) | NODE0 = NODE1","11","------000---00------1---------------00","9","61","F","32","0101100120","0101100120","e0h0l1t0","------000---","00","------1-----","----------00","0","3","0","2","1","0","0","2","2","0"
"1320","5","forall NODE1,NODE0. ~locked_epoch3(NODE0) | ep_epoch0(NODE1) | ep_epoch1(NODE1) | ep_epoch2(NODE1) | held(NODE1) | locked_epoch5(NODE0) | transfer_epoch5(NODE0) | transfer_epoch5(NODE1) | NODE0 = NODE1","11","------000----0------1---0-----------00","9","81","F","80","0101110120","0101110120","e0h0l1l0t0","------000---","-0","------1---0-","----------00","0","3","0","1","1","1","0","2","2","0"
"1321","5","forall NODE1,NODE0. ~locked_epoch3(NODE0) | ep_epoch0(NODE1) | ep_epoch1(NODE1) | ep_epoch5(NODE0) | held(NODE1) | locked_epoch2(NODE1) | transfer_epoch5(NODE0) | transfer_epoch5(NODE1) | NODE0 = NODE1","11","-----000-----0-----01---------------00","9","81","F","80","0101110120","0101110120","e0h0l1l0t0","-----000----","-0","-----01-----","----------00","0","3","0","1","1","1","0","2","2","0"
"1322","5","forall NODE1,NODE0. ~locked_epoch3(NODE0) | ep_epoch0(NODE1) | ep_epoch1(NODE1) | held(NODE0) | held(NODE1) | locked_epoch2(NODE1) | transfer_epoch5(NODE0) | transfer_epoch5(NODE1) | NODE0 = NODE1","11","------00----00-----01---------------00","9","81","F","80","0101110120","0101110120","e0h0l1l0t0","------00----","00","-----01-----","----------00","0","2","0","2","1","1","0","2","2","0"
"1323","5","forall NODE1,NODE0. ~locked_epoch3(NODE0) | ep_epoch0(NODE1) | ep_epoch1(NODE1) | held(NODE1) | locked_epoch2(NODE1) | locked_epoch5(NODE0) | transfer_epoch5(NODE0) | transfer_epoch5(NODE1) | NODE0 = NODE1","11","------00-----0-----01---0-----------00","9","81","F","80","0101110120","0101110120","e0h0l1l0t0","------00----","-0","-----01---0-","----------00","0","2","0","1","1","2","0","2","2","0"
"1324","4","forall NODE1,NODE0. ~locked_epoch3(NODE0) | ep_epoch4(NODE1) | ep_epoch5(NODE1) | held(NODE0) | transfer_epoch4(NODE0) | transfer_epoch4(NODE1) | transfer_epoch5(NODE0) | transfer_epoch5(NODE1) | NODE0 = NODE1","11","----------000-------1-------------0000","9","61","F","32","0101100120","0101100120","e0h0l1t0","----------00","0-","------1-----","--------0000","0","2","0","1","1","0","0","4","2","0"
"1325","5","forall NODE1,NODE0. ~locked_epoch3(NODE0) | ep_epoch4(NODE1) | held(NODE0) | locked_epoch5(NODE1) | transfer_epoch4(NODE0) | transfer_epoch4(NODE1) | transfer_epoch5(NODE0) | transfer_epoch5(NODE1) | NODE0 = NODE1","11","----------0-0-------1----0--------0000","9","81","F","80","0101110120","0101110120","e0h0l1l0t0","----------0-","0-","------1----0","--------0000","0","1","0","1","1","1","0","4","2","0"
"1326","5","forall NODE1,NODE0. ~locked_epoch3(NODE0) | ep_epoch5(NODE1) | held(NODE0) | locked_epoch4(NODE1) | transfer_epoch4(NODE0) | transfer_epoch4(NODE1) | transfer_epoch5(NODE0) | transfer_epoch5(NODE1) | NODE0 = NODE1","11","-----------00-------1--0----------0000","9","81","F","80","0101110120","0101110120","e0h0l1l0t0","-----------0","0-","------1--0--","--------0000","0","1","0","1","1","1","0","4","2","0"
"1327","4","forall NODE1,NODE0. ~locked_epoch3(NODE0) | held(NODE0) | locked_epoch4(NODE1) | locked_epoch5(NODE1) | transfer_epoch4(NODE0) | transfer_epoch4(NODE1) | transfer_epoch5(NODE0) | transfer_epoch5(NODE1) | NODE0 = NODE1","11","------------0-------1--0-0--------0000","9","63","F","7","0001110120","0001110120","h0l1l0t0","------------","0-","------1--0-0","--------0000","0","0","0","1","1","2","0","4","2","0"
"1328","2","exists NODE0. ep_epoch0(NODE0) | ep_epoch1(NODE0) | ep_epoch2(NODE0) | locked_epoch4(NODE0)","5","000---000-------------00--------------","4","7","E","14","e0l0","0100010001","e0l0","000---000---","--","--------00--","------------","0","6","0","0","0","2","0","0","0","1"
"1329","2","exists NODE0. ep_epoch0(NODE0) | ep_epoch1(NODE0) | ep_epoch3(NODE0) | locked_epoch4(NODE0)","5","00-0--00-0------------00--------------","4","7","E","14","e0l0","0100010001","e0l0","00-0--00-0--","--","--------00--","------------","0","6","0","0","0","2","0","0","0","1"
"1330","2","forall NODE1,NODE0. ep_epoch0(NODE0) | ep_epoch0(NODE1) | ep_epoch1(NODE0) | ep_epoch1(NODE1) | ep_epoch3(NODE1) | ep_epoch4(NODE1) | ep_epoch5(NODE1) | locked_epoch3(NODE0) | NODE0 = NODE1","11","00-00000-------------0----------------","9","33","F","119","0100010020","0100010020","e0l0","00-00000----","--","-------0----","------------","0","7","0","0","0","1","0","0","2","0"
"1331","3","forall NODE1,NODE0. ep_epoch0(NODE0) | ep_epoch0(NODE1) | ep_epoch1(NODE0) | ep_epoch1(NODE1) | ep_epoch3(NODE1) | ep_epoch4(NODE1) | held(NODE1) | locked_epoch3(NODE0) | NODE0 = NODE1","11","00-00-00----0--------0----------------","9","34","F","42","0101010020","0101010020","e0h0l0","00-00-00----","0-","-------0----","------------","0","6","0","1","0","1","0","0","2","0"
"1332","2","forall NODE1,NODE0. ep_epoch0(NODE0) | ep_epoch0(NODE1) | ep_epoch1(NODE0) | ep_epoch1(NODE1) | ep_epoch3(NODE1) | ep_epoch4(NODE1) | locked_epoch3(NODE0) | locked_epoch5(NODE1) | NODE0 = NODE1","11","00-00-00-------------0--0-------------","9","33","F","119","0100010020","0100010020","e0l0","00-00-00----","--","-------0--0-","------------","0","6","0","0","0","2","0","0","2","0"
"1333","2","forall NODE1,NODE0. ep_epoch0(NODE0) | ep_epoch0(NODE1) | ep_epoch1(NODE0) | ep_epoch1(NODE1) | ep_epoch3(NODE1) | ep_epoch4(NODE0) | locked_epoch3(NODE0) | locked_epoch4(NODE1) | NODE0 = NODE1","11","00-0--00--0----------00---------------","9","33","F","119","0100010020","0100010020","e0l0","00-0--00--0-","--","-------00---","------------","0","6","0","0","0","2","0","0","2","0"
"1334","2","forall NODE1,NODE0. ep_epoch0(NODE0) | ep_epoch0(NODE1) | ep_epoch1(NODE0) | ep_epoch1(NODE1) | ep_epoch3(NODE1) | ep_epoch5(NODE1) | locked_epoch3(NODE0) | locked_epoch4(NODE1) | NODE0 = NODE1","11","00-0-000-------------00---------------","9","33","F","119","0100010020","0100010020","e0l0","00-0-000----","--","-------00---","------------","0","6","0","0","0","2","0","0","2","0"
"1335","3","forall NODE1,NODE0. ep_epoch0(NODE0) | ep_epoch0(NODE1) | ep_epoch1(NODE0) | ep_epoch1(NODE1) | ep_epoch3(NODE1) | held(NODE1) | locked_epoch3(NODE0) | locked_epoch4(NODE1) | NODE0 = NODE1","11","00-0--00----0--------00---------------","9","34","F","42","0101010020","0101010020","e0h0l0","00-0--00----","0-","-------00---","------------","0","5","0","1","0","2","0","0","2","0"
"1336","2","forall NODE1,NODE0. ep_epoch0(NODE0) | ep_epoch0(NODE1) | ep_epoch1(NODE0) | ep_epoch1(NODE1) | ep_epoch3(NODE1) | locked_epoch3(NODE0) | locked_epoch4(NODE0) | locked_epoch4(NODE1) | NODE0 = NODE1","11","00-0--00-------------000--------------","9","33","F","119","0100010020","0100010020","e0l0","00-0--00----","--","-------000--","------------","0","5","0","0","0","3","0","0","2","0"
"1337","2","forall NODE1,NODE0. ep_epoch0(NODE0) | ep_epoch0(NODE1) | ep_epoch1(NODE0) | ep_epoch1(NODE1) | ep_epoch3(NODE1) | locked_epoch3(NODE0) | locked_epoch4(NODE1) | locked_epoch5(NODE1) | NODE0 = NODE1","11","00-0--00-------------00-0-------------","9","33","F","119","0100010020","0100010020","e0l0","00-0--00----","--","-------00-0-","------------","0","5","0","0","0","3","0","0","2","0"
"1338","2","exists NODE0. ep_epoch0(NODE0) | ep_epoch2(NODE0) | ep_epoch3(NODE0) | locked_epoch4(NODE0)","5","0-00--0-00------------00--------------","4","7","E","14","e0l0","0100010001","e0l0","0-00--0-00--","--","--------00--","------------","0","6","0","0","0","2","0","0","0","1"
"1339","2","forall NODE1,NODE0. ep_epoch0(NODE0) | ep_epoch0(NODE1) | ep_epoch2(NODE0) | ep_epoch2(NODE1) | ep_epoch3(NODE1) | ep_epoch4(NODE1) | ep_epoch5(NODE1) | locked_epoch3(NODE0) | NODE0 = NODE1","11","0-00000-0------------0----------------","9","33","F","119","0100010020","0100010020","e0l0","0-00000-0---","--","-------0----","------------","0","7","0","0","0","1","0","0","2","0"
"1340","3","forall NODE1,NODE0. ep_epoch0(NODE0) | ep_epoch0(NODE1) | ep_epoch2(NODE0) | ep_epoch2(NODE1) | ep_epoch3(NODE1) | ep_epoch4(NODE1) | held(NODE1) | locked_epoch3(NODE0) | NODE0 = NODE1","11","0-000-0-0---0--------0----------------","9","34","F","42","0101010020","0101010020","e0h0l0","0-000-0-0---","0-","-------0----","------------","0","6","0","1","0","1","0","0","2","0"
"1341","2","forall NODE1,NODE0. ep_epoch0(NODE0) | ep_epoch0(NODE1) | ep_epoch2(NODE0) | ep_epoch2(NODE1) | ep_epoch3(NODE1) | ep_epoch4(NODE1) | locked_epoch3(NODE0) | locked_epoch5(NODE1) | NODE0 = NODE1","11","0-000-0-0------------0--0-------------","9","33","F","119","0100010020","0100010020","e0l0","0-000-0-0---","--","-------0--0-","------------","0","6","0","0","0","2","0","0","2","0"
"1342","2","forall NODE1,NODE0. ep_epoch0(NODE0) | ep_epoch0(NODE1) | ep_epoch2(NODE0) | ep_epoch2(NODE1) | ep_epoch3(NODE0) | ep_epoch4(NODE1) | locked_epoch3(NODE1) | locked_epoch4(NODE0) | NODE0 = NODE1","11","0-00--0-0-0----------00---------------","9","33","F","119","0100010020","0100010020","e0l0","0-00--0-0-0-","--","-------00---","------------","0","6","0","0","0","2","0","0","2","0"
"1343","2","forall NODE1,NODE0. ep_epoch0(NODE0) | ep_epoch0(NODE1) | ep_epoch2(NODE0) | ep_epoch2(NODE1) | ep_epoch3(NODE1) | ep_epoch5(NODE1) | locked_epoch3(NODE0) | locked_epoch4(NODE1) | NODE0 = NODE1","11","0-00-00-0------------00---------------","9","33","F","119","0100010020","0100010020","e0l0","0-00-00-0---","--","-------00---","------------","0","6","0","0","0","2","0","0","2","0"
"1344","3","forall NODE1,NODE0. ep_epoch0(NODE0) | ep_epoch0(NODE1) | ep_epoch2(NODE0) | ep_epoch2(NODE1) | ep_epoch3(NODE1) | held(NODE1) | locked_epoch3(NODE0) | locked_epoch4(NODE1) | NODE0 = NODE1","11","0-00--0-0---0--------00---------------","9","34","F","42","0101010020","0101010020","e0h0l0","0-00--0-0---","0-","-------00---","------------","0","5","0","1","0","2","0","0","2","0"
"1345","2","forall NODE1,NODE0. ep_epoch0(NODE0) | ep_epoch0(NODE1) | ep_epoch2(NODE0) | ep_epoch2(NODE1) | ep_epoch3(NODE1) | locked_epoch3(NODE0) | locked_epoch4(NODE0) | locked_epoch4(NODE1) | NODE0 = NODE1","11","0-00--0-0------------000--------------","9","33","F","119","0100010020","0100010020","e0l0","0-00--0-0---","--","-------000--","------------","0","5","0","0","0","3","0","0","2","0"
"1346","2","forall NODE1,NODE0. ep_epoch0(NODE0) | ep_epoch0(NODE1) | ep_epoch2(NODE0) | ep_epoch2(NODE1) | ep_epoch3(NODE1) | locked_epoch3(NODE0) | locked_epoch4(NODE1) | locked_epoch5(NODE1) | NODE0 = NODE1","11","0-00--0-0------------00-0-------------","9","33","F","119","0100010020","0100010020","e0l0","0-00--0-0---","--","-------00-0-","------------","0","5","0","0","0","3","0","0","2","0"
"1347","2","forall NODE1,NODE0. ep_epoch0(NODE0) | ep_epoch0(NODE1) | ep_epoch2(NODE0) | ep_epoch3(NODE1) | ep_epoch4(NODE0) | ep_epoch4(NODE1) | locked_epoch2(NODE1) | locked_epoch3(NODE0) | NODE0 = NODE1","11","0-0-0-0--00--------00-----------------","9","33","F","119","0100010020","0100010020","e0l0","0-0-0-0--00-","--","-----00-----","------------","0","6","0","0","0","2","0","0","2","0"
"1348","2","forall NODE1,NODE0. ep_epoch0(NODE0) | ep_epoch0(NODE1) | ep_epoch2(NODE0) | ep_epoch3(NODE1) | ep_epoch4(NODE0) | locked_epoch2(NODE1) | locked_epoch3(NODE0) | locked_epoch4(NODE1) | NODE0 = NODE1","11","0-0-0-0--0---------00--0--------------","9","33","F","119","0100010020","0100010020","e0l0","0-0-0-0--0--","--","-----00--0--","------------","0","5","0","0","0","3","0","0","2","0"
"1349","2","forall NODE1,NODE0. ep_epoch0(NODE0) | ep_epoch0(NODE1) | ep_epoch2(NODE0) | ep_epoch3(NODE1) | ep_epoch4(NODE1) | ep_epoch5(NODE1) | locked_epoch2(NODE1) | locked_epoch3(NODE0) | NODE0 = NODE1","11","0-0---0--000-------00-----------------","9","33","F","119","0100010020","0100010020","e0l0","0-0---0--000","--","-----00-----","------------","0","6","0","0","0","2","0","0","2","0"
"1350","3","forall NODE1,NODE0. ep_epoch0(NODE0) | ep_epoch0(NODE1) | ep_epoch2(NODE0) | ep_epoch3(NODE1) | ep_epoch4(NODE1) | held(NODE1) | locked_epoch2(NODE1) | locked_epoch3(NODE0) | NODE0 = NODE1","11","0-0---0--00--0-----00-----------------","9","34","F","42","0101010020","0101010020","e0h0l0","0-0---0--00-","-0","-----00-----","------------","0","5","0","1","0","2","0","0","2","0"
"1351","2","forall NODE1,NODE0. ep_epoch0(NODE0) | ep_epoch0(NODE1) | ep_epoch2(NODE0) | ep_epoch3(NODE1) | ep_epoch4(NODE1) | locked_epoch2(NODE1) | locked_epoch3(NODE0) | locked_epoch5(NODE1) | NODE0 = NODE1","11","0-0---0--00--------00----0------------","9","33","F","119","0100010020","0100010020","e0l0","0-0---0--00-","--","-----00----0","------------","0","5","0","0","0","3","0","0","2","0"
"1352","2","forall NODE1,NODE0. ep_epoch0(NODE0) | ep_epoch0(NODE1) | ep_epoch2(NODE0) | ep_epoch3(NODE1) | ep_epoch5(NODE0) | ep_epoch5(NODE1) | locked_epoch2(NODE1) | locked_epoch3(NODE0) | NODE0 = NODE1","11","0-0--00--0-0-------00-----------------","9","33","F","119","0100010020","0100010020","e0l0","0-0--00--0-0","--","-----00-----","------------","0","6","0","0","0","2","0","0","2","0"
"1353","3","forall NODE2,NODE1,NODE0,NODE3. ep_epoch0(NODE0) | ep_epoch0(NODE1) | ep_epoch2(NODE0) | ep_epoch3(NODE1) | ep_epoch5(NODE2) | held(NODE3) | locked_epoch2(NODE1) | locked_epoch3(NODE0) | ((NODE0 ~= NODE3 | NODE1 ~= NODE2 | NODE0 = NODE1) & (NODE0 ~= NODE2 | NODE1 ~= NODE3 | NODE0 = NODE1))","18","0-0--00--0---0-----00-----------------","14","82","F","15","0101010040","0101010040","e0h0l0","0-0--00--0--","-0","-----00-----","------------","0","5","0","1","0","2","0","0","4","0"
"1354","2","forall NODE2,NODE1,NODE0,NODE3. ep_epoch0(NODE0) | ep_epoch0(NODE1) | ep_epoch2(NODE0) | ep_epoch3(NODE1) | ep_epoch5(NODE2) | locked_epoch2(NODE1) | locked_epoch3(NODE0) | locked_epoch5(NODE3) | ((NODE0 ~= NODE3 | NODE1 ~= NODE2 | NODE0 = NODE1) & (NODE0 ~= NODE2 | NODE1 ~= NODE3 | NODE0 = NODE1))","18","0-0--00--0---------00----0------------","14","83","F","9","0100010040","0100010040","e0l0","0-0--00--0--","--","-----00----0","------------","0","5","0","0","0","3","0","0","4","0"
"1355","2","forall NODE1,NODE0. ep_epoch0(NODE0) | ep_epoch0(NODE1) | ep_epoch2(NODE0) | ep_epoch3(NODE1) | ep_epoch5(NODE1) | locked_epoch2(NODE1) | locked_epoch3(NODE0) | locked_epoch4(NODE1) | NODE0 = NODE1","11","0-0---0--0-0-------00--0--------------","9","33","F","119","0100010020","0100010020","e0l0","0-0---0--0-0","--","-----00--0--","------------","0","5","0","0","0","3","0","0","2","0"
"1356","3","forall NODE1,NODE0. ep_epoch0(NODE0) | ep_epoch0(NODE1) | ep_epoch2(NODE0) | ep_epoch3(NODE1) | held(NODE0) | held(NODE1) | locked_epoch2(NODE1) | locked_epoch3(NODE0) | NODE0 = NODE1","11","0-0---0--0--00-----00-----------------","9","34","F","42","0101010020","0101010020","e0h0l0","0-0---0--0--","00","-----00-----","------------","0","4","0","2","0","2","0","0","2","0"
"1357","3","forall NODE2,NODE1,NODE0,NODE3. ep_epoch0(NODE0) | ep_epoch0(NODE1) | ep_epoch2(NODE0) | ep_epoch3(NODE1) | held(NODE2) | locked_epoch2(NODE1) | locked_epoch3(NODE0) | locked_epoch5(NODE3) | ((NODE0 ~= NODE2 | NODE1 ~= NODE3 | NODE0 = NODE1) & (NODE0 ~= NODE3 | NODE1 ~= NODE2 | NODE0 = NODE1))","18","0-0---0--0--0------00----0------------","14","82","F","15","0101010040","0101010040","e0h0l0","0-0---0--0--","0-","-----00----0","------------","0","4","0","1","0","3","0","0","4","0"
"1358","3","forall NODE1,NODE0. ep_epoch0(NODE0) | ep_epoch0(NODE1) | ep_epoch2(NODE0) | ep_epoch3(NODE1) | held(NODE1) | locked_epoch2(NODE1) | locked_epoch3(NODE0) | locked_epoch4(NODE1) | NODE0 = NODE1","11","0-0---0--0---0-----00--0--------------","9","34","F","42","0101010020","0101010020","e0h0l0","0-0---0--0--","-0","-----00--0--","------------","0","4","0","1","0","3","0","0","2","0"
"1359","2","forall NODE1,NODE0. ep_epoch0(NODE0) | ep_epoch0(NODE1) | ep_epoch2(NODE0) | ep_epoch3(NODE1) | locked_epoch2(NODE1) | locked_epoch3(NODE0) | locked_epoch4(NODE1) | locked_epoch5(NODE1) | NODE0 = NODE1","11","0-0---0--0---------00--0-0------------","9","33","F","119","0100010020","0100010020","e0l0","0-0---0--0--","--","-----00--0-0","------------","0","4","0","0","0","4","0","0","2","0"
"1360","2","forall NODE1,NODE0. ep_epoch0(NODE0) | ep_epoch0(NODE1) | ep_epoch2(NODE0) | ep_epoch3(NODE1) | locked_epoch2(NODE1) | locked_epoch3(NODE0) | locked_epoch5(NODE0) | locked_epoch5(NODE1) | NODE0 = NODE1","11","0-0---0--0---------00---00------------","9","33","F","119","0100010020","0100010020","e0l0","0-0---0--0--","--","-----00---00","------------","0","4","0","0","0","4","0","0","2","0"
"1361","4","forall NODE1,NODE0. ep_epoch0(NODE0) | ep_epoch0(NODE1) | ep_epoch2(NODE0) | held(NODE1) | locked_epoch3(NODE0) | locked_epoch3(NODE1) | transfer_epoch3(NODE0) | transfer_epoch3(NODE1) | NODE0 = NODE1","11","0-0---0------0------00----------00----","9","38","F","677","0101010120","0101010120","e0h0l0t0","0-0---0-----","-0","------00----","------00----","0","3","0","1","0","2","0","2","2","0"
"1362","4","exists NODE0. ep_epoch0(NODE0) | held(NODE0) | locked_epoch3(NODE0) | transfer_epoch3(NODE0)","5","0-----0-----00------00----------00----","4","11","E","13","e0h0l0t0","0101010101","e0h0l0t0","0-----0-----","00","------00----","------00----","0","2","0","2","0","2","0","2","0","1"
"1363","4","forall NODE1,NODE0. ep_epoch0(NODE0) | ep_epoch0(NODE1) | held(NODE0) | locked_epoch2(NODE1) | locked_epoch3(NODE0) | locked_epoch3(NODE1) | transfer_epoch3(NODE0) | transfer_epoch3(NODE1) | NODE0 = NODE1","11","0-----0-----0------000----------00----","9","38","F","677","0101010120","0101010120","e0h0l0t0","0-----0-----","0-","-----000----","------00----","0","2","0","1","0","3","0","2","2","0"
"1364","3","forall NODE1,NODE0. ep_epoch0(NODE0) | ep_epoch1(NODE0) | ep_epoch2(NODE0) | ep_epoch3(NODE0) | ep_epoch5(NODE1) | held(NODE0) | transfer_epoch5(NODE0) | transfer_epoch5(NODE1) | NODE0 = NODE1","11","0000-------00-----------------------00","9","37","F","48","0101000120","0101000120","e0h0t0","0000-------0","0-","------------","----------00","0","5","0","1","0","0","0","2","2","0"
"1365","3","forall NODE1,NODE0. ep_epoch0(NODE0) | ep_epoch1(NODE0) | ep_epoch2(NODE0) | ep_epoch3(NODE0) | held(NODE0) | held(NODE1) | transfer_epoch5(NODE0) | transfer_epoch5(NODE1) | NODE0 = NODE1","11","0000--------00----------------------00","9","37","F","48","0101000120","0101000120","e0h0t0","0000--------","00","------------","----------00","0","4","0","2","0","0","0","2","2","0"
"1366","4","forall NODE1,NODE0. ep_epoch0(NODE0) | ep_epoch1(NODE0) | ep_epoch2(NODE0) | ep_epoch3(NODE0) | held(NODE0) | locked_epoch5(NODE1) | transfer_epoch5(NODE0) | transfer_epoch5(NODE1) | NODE0 = NODE1","11","0000--------0------------0----------00","9","38","F","677","0101010120","0101010120","e0h0l0t0","0000--------","0-","-----------0","----------00","0","4","0","1","0","1","0","2","2","0"
"1367","4","forall NODE1,NODE0. ep_epoch0(NODE0) | ep_epoch1(NODE0) | ep_epoch2(NODE0) | ep_epoch4(NODE0) | held(NODE0) | locked_epoch4(NODE1) | transfer_epoch4(NODE0) | transfer_epoch4(NODE1) | NODE0 = NODE1","11","000-0-------0----------0----------00--","9","38","F","677","0101010120","0101010120","e0h0l0t0","000-0-------","0-","---------0--","--------00--","0","4","0","1","0","1","0","2","2","0"
"1368","4","forall NODE1,NODE0. ep_epoch0(NODE0) | ep_epoch1(NODE0) | ep_epoch2(NODE0) | ep_epoch5(NODE1) | held(NODE0) | locked_epoch3(NODE0) | transfer_epoch5(NODE0) | transfer_epoch5(NODE1) | NODE0 = NODE1","11","000--------00-------0---------------00","9","38","F","677","0101010120","0101010120","e0h0l0t0","000--------0","0-","------0-----","----------00","0","4","0","1","0","1","0","2","2","0"
"1369","4","forall NODE1,NODE0. ep_epoch0(NODE0) | ep_epoch1(NODE0) | ep_epoch2(NODE0) | held(NODE0) | held(NODE1) | locked_epoch3(NODE0) | transfer_epoch5(NODE0) | transfer_epoch5(NODE1) | NODE0 = NODE1","11","000---------00------0---------------00","9","38","F","677","0101010120","0101010120","e0h0l0t0","000---------","00","------0-----","----------00","0","3","0","2","0","1","0","2","2","0"
"1370","4","forall NODE1,NODE0. ep_epoch0(NODE0) | ep_epoch1(NODE0) | ep_epoch2(NODE0) | held(NODE0) | locked_epoch3(NODE0) | locked_epoch5(NODE1) | transfer_epoch5(NODE0) | transfer_epoch5(NODE1) | NODE0 = NODE1","11","000---------0-------0----0----------00","9","38","F","677","0101010120","0101010120","e0h0l0t0","000---------","0-","------0----0","----------00","0","3","0","1","0","2","0","2","2","0"
"1371","4","forall NODE1,NODE0. ep_epoch0(NODE0) | ep_epoch1(NODE0) | ep_epoch2(NODE0) | held(NODE0) | locked_epoch4(NODE0) | locked_epoch4(NODE1) | transfer_epoch4(NODE0) | transfer_epoch4(NODE1) | NODE0 = NODE1","11","000---------0---------00----------00--","9","38","F","677","0101010120","0101010120","e0h0l0t0","000---------","0-","--------00--","--------00--","0","3","0","1","0","2","0","2","2","0"
"1372","2","forall NODE1,NODE0. ep_epoch0(NODE0) | ep_epoch1(NODE0) | ep_epoch2(NODE1) | ep_epoch3(NODE0) | ep_epoch3(NODE1) | ep_epoch4(NODE0) | ep_epoch4(NODE1) | locked_epoch2(NODE0) | NODE0 = NODE1","11","00-00---000-------0-------------------","9","33","F","119","0100010020","0100010020","e0l0","00-00---000-","--","----0-------","------------","0","7","0","0","0","1","0","0","2","0"
"1373","2","forall NODE1,NODE0. ep_epoch0(NODE0) | ep_epoch1(NODE0) | ep_epoch2(NODE1) | ep_epoch3(NODE0) | ep_epoch3(NODE1) | ep_epoch5(NODE0) | ep_epoch5(NODE1) | locked_epoch2(NODE0) | NODE0 = NODE1","11","00-0-0--00-0------0-------------------","9","33","F","119","0100010020","0100010020","e0l0","00-0-0--00-0","--","----0-------","------------","0","7","0","0","0","1","0","0","2","0"
"1374","3","forall NODE2,NODE1,NODE0,NODE3. ep_epoch0(NODE0) | ep_epoch1(NODE0) | ep_epoch2(NODE1) | ep_epoch3(NODE0) | ep_epoch3(NODE1) | ep_epoch5(NODE2) | held(NODE3) | locked_epoch2(NODE0) | ((NODE0 ~= NODE2 | NODE1 ~= NODE3 | NODE0 = NODE1) & (NODE0 ~= NODE3 | NODE1 ~= NODE2 | NODE0 = NODE1))","18","00-0-0--00---0----0-------------------","14","82","F","15","0101010040","0101010040","e0h0l0","00-0-0--00--","-0","----0-------","------------","0","6","0","1","0","1","0","0","4","0"
"1375","2","forall NODE2,NODE1,NODE0,NODE3. ep_epoch0(NODE0) | ep_epoch1(NODE0) | ep_epoch2(NODE1) | ep_epoch3(NODE0) | ep_epoch3(NODE1) | ep_epoch5(NODE2) | locked_epoch2(NODE0) | locked_epoch5(NODE3) | ((NODE0 ~= NODE3 | NODE1 ~= NODE2 | NODE0 = NODE1) & (NODE0 ~= NODE2 | NODE1 ~= NODE3 | NODE0 = NODE1))","18","00-0-0--00--------0------0------------","14","83","F","9","0100010040","0100010040","e0l0","00-0-0--00--","--","----0------0","------------","0","6","0","0","0","2","0","0","4","0"
"1376","3","forall NODE1,NODE0. ep_epoch0(NODE0) | ep_epoch1(NODE0) | ep_epoch2(NODE1) | ep_epoch3(NODE0) | ep_epoch3(NODE1) | held(NODE0) | held(NODE1) | locked_epoch2(NODE0) | NODE0 = NODE1","11","00-0----00--00----0-------------------","9","34","F","42","0101010020","0101010020","e0h0l0","00-0----00--","00","----0-------","------------","0","5","0","2","0","1","0","0","2","0"
"1377","3","forall NODE2,NODE1,NODE0,NODE3. ep_epoch0(NODE0) | ep_epoch1(NODE0) | ep_epoch2(NODE1) | ep_epoch3(NODE0) | ep_epoch3(NODE1) | held(NODE2) | locked_epoch2(NODE0) | locked_epoch5(NODE3) | ((NODE0 ~= NODE3 | NODE1 ~= NODE2 | NODE0 = NODE1) & (NODE0 ~= NODE2 | NODE1 ~= NODE3 | NODE0 = NODE1))","18","00-0----00--0-----0------0------------","14","82","F","15","0101010040","0101010040","e0h0l0","00-0----00--","0-","----0------0","------------","0","5","0","1","0","2","0","0","4","0"
"1378","2","forall NODE1,NODE0. ep_epoch0(NODE0) | ep_epoch1(NODE0) | ep_epoch2(NODE1) | ep_epoch3(NODE0) | ep_epoch3(NODE1) | locked_epoch2(NODE0) | locked_epoch5(NODE0) | locked_epoch5(NODE1) | NODE0 = NODE1","11","00-0----00--------0-----00------------","9","33","F","119","0100010020","0100010020","e0l0","00-0----00--","--","----0-----00","------------","0","5","0","0","0","3","0","0","2","0"
"1379","2","forall NODE1,NODE0. ep_epoch0(NODE0) | ep_epoch1(NODE0) | ep_epoch2(NODE1) | ep_epoch3(NODE0) | ep_epoch4(NODE0) | ep_epoch4(NODE1) | locked_epoch2(NODE0) | locked_epoch3(NODE1) | NODE0 = NODE1","11","00-00---0-0-------0--0----------------","9","33","F","119","0100010020","0100010020","e0l0","00-00---0-0-","--","----0--0----","------------","0","6","0","0","0","2","0","0","2","0"
"1380","2","forall NODE1,NODE0. ep_epoch0(NODE0) | ep_epoch1(NODE0) | ep_epoch2(NODE1) | ep_epoch3(NODE0) | ep_epoch5(NODE0) | ep_epoch5(NODE1) | locked_epoch2(NODE0) | locked_epoch3(NODE1) | NODE0 = NODE1","11","00-0-0--0--0------0--0----------------","9","33","F","119","0100010020","0100010020","e0l0","00-0-0--0--0","--","----0--0----","------------","0","6","0","0","0","2","0","0","2","0"
"1381","3","forall NODE2,NODE1,NODE0,NODE3. ep_epoch0(NODE0) | ep_epoch1(NODE0) | ep_epoch2(NODE1) | ep_epoch3(NODE0) | ep_epoch5(NODE2) | held(NODE3) | locked_epoch2(NODE0) | locked_epoch3(NODE1) | ((NODE0 ~= NODE2 | NODE1 ~= NODE3 | NODE0 = NODE1) & (NODE0 ~= NODE3 | NODE1 ~= NODE2 | NODE0 = NODE1))","18","00-0-0--0----0----0--0----------------","14","82","F","15","0101010040","0101010040","e0h0l0","00-0-0--0---","-0","----0--0----","------------","0","5","0","1","0","2","0","0","4","0"
"1382","2","forall NODE2,NODE1,NODE0,NODE3. ep_epoch0(NODE0) | ep_epoch1(NODE0) | ep_epoch2(NODE1) | ep_epoch3(NODE0) | ep_epoch5(NODE2) | locked_epoch2(NODE0) | locked_epoch3(NODE1) | locked_epoch5(NODE3) | ((NODE0 ~= NODE2 | NODE1 ~= NODE3 | NODE0 = NODE1) & (NODE0 ~= NODE3 | NODE1 ~= NODE2 | NODE0 = NODE1))","18","00-0-0--0---------0--0---0------------","14","83","F","9","0100010040","0100010040","e0l0","00-0-0--0---","--","----0--0---0","------------","0","5","0","0","0","3","0","0","4","0"
"1383","3","forall NODE1,NODE0. ep_epoch0(NODE0) | ep_epoch1(NODE0) | ep_epoch2(NODE1) | ep_epoch3(NODE0) | held(NODE0) | held(NODE1) | locked_epoch2(NODE0) | locked_epoch3(NODE1) | NODE0 = NODE1","11","00-0----0---00----0--0----------------","9","34","F","42","0101010020","0101010020","e0h0l0","00-0----0---","00","----0--0----","------------","0","4","0","2","0","2","0","0","2","0"
"1384","3","forall NODE2,NODE1,NODE0,NODE3. ep_epoch0(NODE0) | ep_epoch1(NODE0) | ep_epoch2(NODE1) | ep_epoch3(NODE0) | held(NODE2) | locked_epoch2(NODE0) | locked_epoch3(NODE1) | locked_epoch5(NODE3) | ((NODE0 ~= NODE3 | NODE1 ~= NODE2 | NODE0 = NODE1) & (NODE0 ~= NODE2 | NODE1 ~= NODE3 | NODE0 = NODE1))","18","00-0----0---0-----0--0---0------------","14","82","F","15","0101010040","0101010040","e0h0l0","00-0----0---","0-","----0--0---0","------------","0","4","0","1","0","3","0","0","4","0"
"1385","2","forall NODE1,NODE0. ep_epoch0(NODE0) | ep_epoch1(NODE0) | ep_epoch2(NODE1) | ep_epoch3(NODE0) | locked_epoch2(NODE0) | locked_epoch3(NODE1) | locked_epoch5(NODE0) | locked_epoch5(NODE1) | NODE0 = NODE1","11","00-0----0---------0--0--00------------","9","33","F","119","0100010020","0100010020","e0l0","00-0----0---","--","----0--0--00","------------","0","4","0","0","0","4","0","0","2","0"
"1386","2","forall NODE1,NODE0. ep_epoch0(NODE0) | ep_epoch1(NODE0) | ep_epoch2(NODE1) | ep_epoch4(NODE0) | ep_epoch4(NODE1) | ep_epoch5(NODE0) | ep_epoch5(NODE1) | locked_epoch2(NODE0) | NODE0 = NODE1","11","00--00--0-00------0-------------------","9","33","F","119","0100010020","0100010020","e0l0","00--00--0-00","--","----0-------","------------","0","7","0","0","0","1","0","0","2","0"
"1387","3","forall NODE2,NODE1,NODE0,NODE3. ep_epoch0(NODE0) | ep_epoch1(NODE0) | ep_epoch2(NODE1) | ep_epoch4(NODE0) | ep_epoch4(NODE1) | ep_epoch5(NODE2) | held(NODE3) | locked_epoch2(NODE0) | ((NODE0 ~= NODE2 | NODE1 ~= NODE3 | NODE0 = NODE1) & (NODE0 ~= NODE3 | NODE1 ~= NODE2 | NODE0 = NODE1))","18","00--00--0-0--0----0-------------------","14","82","F","15","0101010040","0101010040","e0h0l0","00--00--0-0-","-0","----0-------","------------","0","6","0","1","0","1","0","0","4","0"
"1388","2","forall NODE2,NODE1,NODE0,NODE3. ep_epoch0(NODE0) | ep_epoch1(NODE0) | ep_epoch2(NODE1) | ep_epoch4(NODE0) | ep_epoch4(NODE1) | ep_epoch5(NODE2) | locked_epoch2(NODE0) | locked_epoch5(NODE3) | ((NODE0 ~= NODE2 | NODE1 ~= NODE3 | NODE0 = NODE1) & (NODE0 ~= NODE3 | NODE1 ~= NODE2 | NODE0 = NODE1))","18","00--00--0-0-------0------0------------","14","83","F","9","0100010040","0100010040","e0l0","00--00--0-0-","--","----0------0","------------","0","6","0","0","0","2","0","0","4","0"
"1389","3","forall NODE1,NODE0. ep_epoch0(NODE0) | ep_epoch1(NODE0) | ep_epoch2(NODE1) | ep_epoch4(NODE0) | ep_epoch4(NODE1) | held(NODE0) | held(NODE1) | locked_epoch2(NODE0) | NODE0 = NODE1","11","00--0---0-0-00----0-------------------","9","34","F","42","0101010020","0101010020","e0h0l0","00--0---0-0-","00","----0-------","------------","0","5","0","2","0","1","0","0","2","0"
"1390","3","forall NODE2,NODE1,NODE0,NODE3. ep_epoch0(NODE0) | ep_epoch1(NODE0) | ep_epoch2(NODE1) | ep_epoch4(NODE0) | ep_epoch4(NODE1) | held(NODE2) | locked_epoch2(NODE0) | locked_epoch5(NODE3) | ((NODE0 ~= NODE3 | NODE1 ~= NODE2 | NODE0 = NODE1) & (NODE0 ~= NODE2 | NODE1 ~= NODE3 | NODE0 = NODE1))","18","00--0---0-0-0-----0------0------------","14","82","F","15","0101010040","0101010040","e0h0l0","00--0---0-0-","0-","----0------0","------------","0","5","0","1","0","2","0","0","4","0"
"1391","2","forall NODE1,NODE0. ep_epoch0(NODE0) | ep_epoch1(NODE0) | ep_epoch2(NODE1) | ep_epoch4(NODE0) | ep_epoch4(NODE1) | locked_epoch2(NODE0) | locked_epoch5(NODE0) | locked_epoch5(NODE1) | NODE0 = NODE1","11","00--0---0-0-------0-----00------------","9","33","F","119","0100010020","0100010020","e0l0","00--0---0-0-","--","----0-----00","------------","0","5","0","0","0","3","0","0","2","0"
"1392","4","forall NODE1,NODE0. ep_epoch0(NODE0) | ep_epoch1(NODE0) | ep_epoch2(NODE1) | held(NODE0) | held(NODE1) | locked_epoch2(NODE0) | transfer_epoch5(NODE0) | transfer_epoch5(NODE1) | NODE0 = NODE1","11","00------0---00----0-----------------00","9","38","F","677","0101010120","0101010120","e0h0l0t0","00------0---","00","----0-------","----------00","0","3","0","2","0","1","0","2","2","0"
"1393","4","forall NODE1,NODE0. ep_epoch0(NODE0) | ep_epoch1(NODE0) | ep_epoch3(NODE0) | ep_epoch4(NODE0) | held(NODE0) | locked_epoch3(NODE1) | transfer_epoch3(NODE0) | transfer_epoch3(NODE1) | NODE0 = NODE1","11","00-00-------0--------0----------00----","9","38","F","677","0101010120","0101010120","e0h0l0t0","00-00-------","0-","-------0----","------00----","0","4","0","1","0","1","0","2","2","0"
"1394","4","forall NODE1,NODE0. ep_epoch0(NODE0) | ep_epoch1(NODE0) | ep_epoch3(NODE0) | ep_epoch5(NODE1) | held(NODE0) | locked_epoch2(NODE0) | transfer_epoch5(NODE0) | transfer_epoch5(NODE1) | NODE0 = NODE1","11","00-0-------00-----0-----------------00","9","38","F","677","0101010120","0101010120","e0h0l0t0","00-0-------0","0-","----0-------","----------00","0","4","0","1","0","1","0","2","2","0"
"1395","4","forall NODE1,NODE0. ep_epoch0(NODE0) | ep_epoch1(NODE0) | ep_epoch3(NODE0) | held(NODE0) | held(NODE1) | locked_epoch2(NODE0) | transfer_epoch5(NODE0) | transfer_epoch5(NODE1) | NODE0 = NODE1","11","00-0--------00----0-----------------00","9","38","F","677","0101010120","0101010120","e0h0l0t0","00-0--------","00","----0-------","----------00","0","3","0","2","0","1","0","2","2","0"
"1396","4","forall NODE1,NODE0. ep_epoch0(NODE0) | ep_epoch1(NODE0) | ep_epoch3(NODE0) | held(NODE0) | locked_epoch2(NODE0) | locked_epoch5(NODE1) | transfer_epoch5(NODE0) | transfer_epoch5(NODE1) | NODE0 = NODE1","11","00-0--------0-----0------0----------00","9","38","F","677","0101010120","0101010120","e0h0l0t0","00-0--------","0-","----0------0","----------00","0","3","0","1","0","2","0","2","2","0"
"1397","4","forall NODE1,NODE0. ep_epoch0(NODE0) | ep_epoch1(NODE0) | ep_epoch3(NODE0) | held(NODE0) | locked_epoch3(NODE1) | locked_epoch4(NODE0) | transfer_epoch3(NODE0) | transfer_epoch3(NODE1) | NODE0 = NODE1","11","00-0--------0--------00---------00----","9","38","F","677","0101010120","0101010120","e0h0l0t0","00-0--------","0-","-------00---","------00----","0","3","0","1","0","2","0","2","2","0"
"1398","4","forall NODE1,NODE0. ep_epoch0(NODE0) | ep_epoch1(NODE0) | ep_epoch4(NODE0) | held(NODE0) | locked_epoch2(NODE0) | locked_epoch4(NODE1) | transfer_epoch4(NODE0) | transfer_epoch4(NODE1) | NODE0 = NODE1","11","00--0-------0-----0----0----------00--","9","38","F","677","0101010120","0101010120","e0h0l0t0","00--0-------","0-","----0----0--","--------00--","0","3","0","1","0","2","0","2","2","0"
"1399","4","forall NODE1,NODE0. ep_epoch0(NODE0) | ep_epoch1(NODE0) | ep_epoch5(NODE1) | held(NODE0) | locked_epoch2(NODE0) | locked_epoch3(NODE0) | transfer_epoch5(NODE0) | transfer_epoch5(NODE1) | NODE0 = NODE1","11","00---------00-----0-0---------------00","9","38","F","677","0101010120","0101010120","e0h0l0t0","00---------0","0-","----0-0-----","----------00","0","3","0","1","0","2","0","2","2","0"
"1400","4","forall NODE1,NODE0. ep_epoch0(NODE0) | ep_epoch1(NODE0) | held(NODE0) | held(NODE1) | locked_epoch2(NODE0) | locked_epoch3(NODE0) | transfer_epoch5(NODE0) | transfer_epoch5(NODE1) | NODE0 = NODE1","11","00----------00----0-0---------------00","9","38","F","677","0101010120","0101010120","e0h0l0t0","00----------","00","----0-0-----","----------00","0","2","0","2","0","2","0","2","2","0"
"1401","4","forall NODE1,NODE0. ep_epoch0(NODE0) | ep_epoch1(NODE0) | held(NODE0) | locked_epoch2(NODE0) | locked_epoch3(NODE0) | locked_epoch5(NODE1) | transfer_epoch5(NODE0) | transfer_epoch5(NODE1) | NODE0 = NODE1","11","00----------0-----0-0----0----------00","9","38","F","677","0101010120","0101010120","e0h0l0t0","00----------","0-","----0-0----0","----------00","0","2","0","1","0","3","0","2","2","0"
"1402","4","forall NODE1,NODE0. ep_epoch0(NODE0) | ep_epoch1(NODE0) | held(NODE0) | locked_epoch2(NODE0) | locked_epoch4(NODE0) | locked_epoch4(NODE1) | transfer_epoch4(NODE0) | transfer_epoch4(NODE1) | NODE0 = NODE1","11","00----------0-----0---00----------00--","9","38","F","677","0101010120","0101010120","e0h0l0t0","00----------","0-","----0---00--","--------00--","0","2","0","1","0","3","0","2","2","0"
"1403","4","forall NODE1,NODE0. ep_epoch0(NODE0) | ep_epoch2(NODE0) | ep_epoch2(NODE1) | held(NODE0) | locked_epoch3(NODE0) | locked_epoch3(NODE1) | transfer_epoch2(NODE0) | transfer_epoch2(NODE1) | NODE0 = NODE1","11","0-0-----0---0-------00--------00------","9","38","F","677","0101010120","0101010120","e0h0l0t0","0-0-----0---","0-","------00----","----00------","0","3","0","1","0","2","0","2","2","0"
"1404","4","forall NODE1,NODE0. ep_epoch0(NODE0) | ep_epoch2(NODE0) | ep_epoch3(NODE0) | ep_epoch4(NODE0) | held(NODE0) | locked_epoch2(NODE1) | transfer_epoch2(NODE0) | transfer_epoch2(NODE1) | NODE0 = NODE1","11","0-000-------0------0----------00------","9","38","F","677","0101010120","0101010120","e0h0l0t0","0-000-------","0-","-----0------","----00------","0","4","0","1","0","1","0","2","2","0"
"1405","4","forall NODE1,NODE0. ep_epoch0(NODE0) | ep_epoch2(NODE0) | ep_epoch3(NODE0) | held(NODE0) | locked_epoch2(NODE1) | locked_epoch4(NODE0) | transfer_epoch2(NODE0) | transfer_epoch2(NODE1) | NODE0 = NODE1","11","0-00--------0------0--0-------00------","9","38","F","677","0101010120","0101010120","e0h0l0t0","0-00--------","0-","-----0--0---","----00------","0","3","0","1","0","2","0","2","2","0"
"1406","4","forall NODE1,NODE0. ep_epoch0(NODE0) | ep_epoch2(NODE0) | ep_epoch4(NODE0) | held(NODE0) | locked_epoch2(NODE1) | locked_epoch3(NODE0) | transfer_epoch2(NODE0) | transfer_epoch2(NODE1) | NODE0 = NODE1","11","0-0-0-------0------00---------00------","9","38","F","677","0101010120","0101010120","e0h0l0t0","0-0-0-------","0-","-----00-----","----00------","0","3","0","1","0","2","0","2","2","0"
"1407","4","forall NODE2,NODE1,NODE0. ep_epoch0(NODE0) | ep_epoch2(NODE1) | held(NODE0) | locked_epoch2(NODE2) | locked_epoch3(NODE1) | locked_epoch3(NODE2) | transfer_epoch2(NODE1) | transfer_epoch2(NODE2) | ((NODE0 ~= NODE1 | NODE0 = NODE2) & (NODE0 ~= NODE2 | NODE0 = NODE1))","15","0-0---------0------000--------00------","12","90","F","1","0101010130","0101010130","e0h0l0t0","0-0---------","0-","-----000----","----00------","0","2","0","1","0","3","0","2","3","0"
"1408","4","forall NODE1,NODE0. ep_epoch0(NODE0) | ep_epoch2(NODE0) | held(NODE0) | locked_epoch2(NODE1) | locked_epoch3(NODE0) | locked_epoch4(NODE0) | transfer_epoch2(NODE0) | transfer_epoch2(NODE1) | NODE0 = NODE1","11","0-0---------0------00-0-------00------","9","38","F","677","0101010120","0101010120","e0h0l0t0","0-0---------","0-","-----00-0---","----00------","0","2","0","1","0","3","0","2","2","0"
"1409","2","exists NODE0. ep_epoch1(NODE0) | ep_epoch2(NODE0) | ep_epoch3(NODE0) | locked_epoch4(NODE0)","5","-000---000------------00--------------","4","7","E","14","e0l0","0100010001","e0l0","-000---000--","--","--------00--","------------","0","6","0","0","0","2","0","0","0","1"
"1410","2","forall NODE1,NODE0. ep_epoch1(NODE0) | ep_epoch1(NODE1) | ep_epoch2(NODE0) | ep_epoch2(NODE1) | ep_epoch3(NODE1) | ep_epoch4(NODE1) | ep_epoch5(NODE1) | locked_epoch3(NODE0) | NODE0 = NODE1","11","-00000-00------------0----------------","9","33","F","119","0100010020","0100010020","e0l0","-00000-00---","--","-------0----","------------","0","7","0","0","0","1","0","0","2","0"
"1411","3","forall NODE1,NODE0. ep_epoch1(NODE0) | ep_epoch1(NODE1) | ep_epoch2(NODE0) | ep_epoch2(NODE1) | ep_epoch3(NODE1) | ep_epoch4(NODE1) | held(NODE1) | locked_epoch3(NODE0) | NODE0 = NODE1","11","-0000--00---0--------0----------------","9","34","F","42","0101010020","0101010020","e0h0l0","-0000--00---","0-","-------0----","------------","0","6","0","1","0","1","0","0","2","0"
"1412","2","forall NODE1,NODE0. ep_epoch1(NODE0) | ep_epoch1(NODE1) | ep_epoch2(NODE0) | ep_epoch2(NODE1) | ep_epoch3(NODE1) | ep_epoch4(NODE1) | locked_epoch3(NODE0) | locked_epoch5(NODE1) | NODE0 = NODE1","11","-0000--00------------0--0-------------","9","33","F","119","0100010020","0100010020","e0l0","-0000--00---","--","-------0--0-","------------","0","6","0","0","0","2","0","0","2","0"
"1413","2","forall NODE1,NODE0. ep_epoch1(NODE0) | ep_epoch1(NODE1) | ep_epoch2(NODE0) | ep_epoch2(NODE1) | ep_epoch3(NODE0) | ep_epoch4(NODE1) | locked_epoch3(NODE1) | locked_epoch4(NODE0) | NODE0 = NODE1","11","-000---00-0----------00---------------","9","33","F","119","0100010020","0100010020","e0l0","-000---00-0-","--","-------00---","------------","0","6","0","0","0","2","0","0","2","0"
"1414","2","forall NODE1,NODE0. ep_epoch1(NODE0) | ep_epoch1(NODE1) | ep_epoch2(NODE0) | ep_epoch2(NODE1) | ep_epoch3(NODE1) | ep_epoch5(NODE1) | locked_epoch3(NODE0) | locked_epoch4(NODE1) | NODE0 = NODE1","11","-000-0-00------------00---------------","9","33","F","119","0100010020","0100010020","e0l0","-000-0-00---","--","-------00---","------------","0","6","0","0","0","2","0","0","2","0"
"1415","3","forall NODE1,NODE0. ep_epoch1(NODE0) | ep_epoch1(NODE1) | ep_epoch2(NODE0) | ep_epoch2(NODE1) | ep_epoch3(NODE1) | held(NODE1) | locked_epoch3(NODE0) | locked_epoch4(NODE1) | NODE0 = NODE1","11","-000---00---0--------00---------------","9","34","F","42","0101010020","0101010020","e0h0l0","-000---00---","0-","-------00---","------------","0","5","0","1","0","2","0","0","2","0"
"1416","2","forall NODE1,NODE0. ep_epoch1(NODE0) | ep_epoch1(NODE1) | ep_epoch2(NODE0) | ep_epoch2(NODE1) | ep_epoch3(NODE1) | locked_epoch3(NODE0) | locked_epoch4(NODE0) | locked_epoch4(NODE1) | NODE0 = NODE1","11","-000---00------------000--------------","9","33","F","119","0100010020","0100010020","e0l0","-000---00---","--","-------000--","------------","0","5","0","0","0","3","0","0","2","0"
"1417","2","forall NODE1,NODE0. ep_epoch1(NODE0) | ep_epoch1(NODE1) | ep_epoch2(NODE0) | ep_epoch2(NODE1) | ep_epoch3(NODE1) | locked_epoch3(NODE0) | locked_epoch4(NODE1) | locked_epoch5(NODE1) | NODE0 = NODE1","11","-000---00------------00-0-------------","9","33","F","119","0100010020","0100010020","e0l0","-000---00---","--","-------00-0-","------------","0","5","0","0","0","3","0","0","2","0"
"1418","2","forall NODE1,NODE0. ep_epoch1(NODE0) | ep_epoch1(NODE1) | ep_epoch2(NODE0) | ep_epoch3(NODE1) | ep_epoch4(NODE0) | ep_epoch4(NODE1) | locked_epoch2(NODE1) | locked_epoch3(NODE0) | NODE0 = NODE1","11","-00-0--0-00--------00-----------------","9","33","F","119","0100010020","0100010020","e0l0","-00-0--0-00-","--","-----00-----","------------","0","6","0","0","0","2","0","0","2","0"
"1419","2","forall NODE1,NODE0. ep_epoch1(NODE0) | ep_epoch1(NODE1) | ep_epoch2(NODE0) | ep_epoch3(NODE1) | ep_epoch4(NODE0) | locked_epoch2(NODE1) | locked_epoch3(NODE0) | locked_epoch4(NODE1) | NODE0 = NODE1","11","-00-0--0-0---------00--0--------------","9","33","F","119","0100010020","0100010020","e0l0","-00-0--0-0--","--","-----00--0--","------------","0","5","0","0","0","3","0","0","2","0"
"1420","2","forall NODE1,NODE0. ep_epoch1(NODE0) | ep_epoch1(NODE1) | ep_epoch2(NODE0) | ep_epoch3(NODE1) | ep_epoch4(NODE1) | ep_epoch5(NODE1) | locked_epoch2(NODE1) | locked_epoch3(NODE0) | NODE0 = NODE1","11","-00----0-000-------00-----------------","9","33","F","119","0100010020","0100010020","e0l0","-00----0-000","--","-----00-----","------------","0","6","0","0","0","2","0","0","2","0"
"1421","3","forall NODE1,NODE0. ep_epoch1(NODE0) | ep_epoch1(NODE1) | ep_epoch2(NODE0) | ep_epoch3(NODE1) | ep_epoch4(NODE1) | held(NODE1) | locked_epoch2(NODE1) | locked_epoch3(NODE0) | NODE0 = NODE1","11","-00----0-00--0-----00-----------------","9","34","F","42","0101010020","0101010020","e0h0l0","-00----0-00-","-0","-----00-----","------------","0","5","0","1","0","2","0","0","2","0"
"1422","2","forall NODE1,NODE0. ep_epoch1(NODE0) | ep_epoch1(NODE1) | ep_epoch2(NODE0) | ep_epoch3(NODE1) | ep_epoch4(NODE1) | locked_epoch2(NODE1) | locked_epoch3(NODE0) | locked_epoch5(NODE1) | NODE0 = NODE1","11","-00----0-00--------00----0------------","9","33","F","119","0100010020","0100010020","e0l0","-00----0-00-","--","-----00----0","------------","0","5","0","0","0","3","0","0","2","0"
"1423","2","forall NODE1,NODE0. ep_epoch1(NODE0) | ep_epoch1(NODE1) | ep_epoch2(NODE0) | ep_epoch3(NODE1) | ep_epoch5(NODE0) | ep_epoch5(NODE1) | locked_epoch2(NODE1) | locked_epoch3(NODE0) | NODE0 = NODE1","11","-00--0-0-0-0-------00-----------------","9","33","F","119","0100010020","0100010020","e0l0","-00--0-0-0-0","--","-----00-----","------------","0","6","0","0","0","2","0","0","2","0"
"1424","3","forall NODE2,NODE1,NODE0,NODE3. ep_epoch1(NODE0) | ep_epoch1(NODE1) | ep_epoch2(NODE0) | ep_epoch3(NODE1) | ep_epoch5(NODE2) | held(NODE3) | locked_epoch2(NODE1) | locked_epoch3(NODE0) | ((NODE0 ~= NODE3 | NODE1 ~= NODE2 | NODE0 = NODE1) & (NODE0 ~= NODE2 | NODE1 ~= NODE3 | NODE0 = NODE1))","18","-00--0-0-0---0-----00-----------------","14","82","F","15","0101010040","0101010040","e0h0l0","-00--0-0-0--","-0","-----00-----","------------","0","5","0","1","0","2","0","0","4","0"
"1425","2","forall NODE2,NODE1,NODE0,NODE3. ep_epoch1(NODE0) | ep_epoch1(NODE1) | ep_epoch2(NODE0) | ep_epoch3(NODE1) | ep_epoch5(NODE2) | locked_epoch2(NODE1) | locked_epoch3(NODE0) | locked_epoch5(NODE3) | ((NODE0 ~= NODE3 | NODE1 ~= NODE2 | NODE0 = NODE1) & (NODE0 ~= NODE2 | NODE1 ~= NODE3 | NODE0 = NODE1))","18","-00--0-0-0---------00----0------------","14","83","F","9","0100010040","0100010040","e0l0","-00--0-0-0--","--","-----00----0","------------","0","5","0","0","0","3","0","0","4","0"
"1426","2","forall NODE1,NODE0. ep_epoch1(NODE0) | ep_epoch1(NODE1) | ep_epoch2(NODE0) | ep_epoch3(NODE1) | ep_epoch5(NODE1) | locked_epoch2(NODE1) | locked_epoch3(NODE0) | locked_epoch4(NODE1) | NODE0 = NODE1","11","-00----0-0-0-------00--0--------------","9","33","F","119","0100010020","0100010020","e0l0","-00----0-0-0","--","-----00--0--","------------","0","5","0","0","0","3","0","0","2","0"
"1427","3","forall NODE1,NODE0. ep_epoch1(NODE0) | ep_epoch1(NODE1) | ep_epoch2(NODE0) | ep_epoch3(NODE1) | held(NODE0) | held(NODE1) | locked_epoch2(NODE1) | locked_epoch3(NODE0) | NODE0 = NODE1","11","-00----0-0--00-----00-----------------","9","34","F","42","0101010020","0101010020","e0h0l0","-00----0-0--","00","-----00-----","------------","0","4","0","2","0","2","0","0","2","0"
"1428","3","forall NODE2,NODE1,NODE0,NODE3. ep_epoch1(NODE0) | ep_epoch1(NODE1) | ep_epoch2(NODE0) | ep_epoch3(NODE1) | held(NODE2) | locked_epoch2(NODE1) | locked_epoch3(NODE0) | locked_epoch5(NODE3) | ((NODE0 ~= NODE2 | NODE1 ~= NODE3 | NODE0 = NODE1) & (NODE0 ~= NODE3 | NODE1 ~= NODE2 | NODE0 = NODE1))","18","-00----0-0--0------00----0------------","14","82","F","15","0101010040","0101010040","e0h0l0","-00----0-0--","0-","-----00----0","------------","0","4","0","1","0","3","0","0","4","0"
"1429","3","forall NODE1,NODE0. ep_epoch1(NODE0) | ep_epoch1(NODE1) | ep_epoch2(NODE0) | ep_epoch3(NODE1) | held(NODE1) | locked_epoch2(NODE1) | locked_epoch3(NODE0) | locked_epoch4(NODE1) | NODE0 = NODE1","11","-00----0-0---0-----00--0--------------","9","34","F","42","0101010020","0101010020","e0h0l0","-00----0-0--","-0","-----00--0--","------------","0","4","0","1","0","3","0","0","2","0"
"1430","2","forall NODE1,NODE0. ep_epoch1(NODE0) | ep_epoch1(NODE1) | ep_epoch2(NODE0) | ep_epoch3(NODE1) | locked_epoch2(NODE1) | locked_epoch3(NODE0) | locked_epoch4(NODE1) | locked_epoch5(NODE1) | NODE0 = NODE1","11","-00----0-0---------00--0-0------------","9","33","F","119","0100010020","0100010020","e0l0","-00----0-0--","--","-----00--0-0","------------","0","4","0","0","0","4","0","0","2","0"
"1431","2","forall NODE1,NODE0. ep_epoch1(NODE0) | ep_epoch1(NODE1) | ep_epoch2(NODE0) | ep_epoch3(NODE1) | locked_epoch2(NODE1) | locked_epoch3(NODE0) | locked_epoch5(NODE0) | locked_epoch5(NODE1) | NODE0 = NODE1","11","-00----0-0---------00---00------------","9","33","F","119","0100010020","0100010020","e0l0","-00----0-0--","--","-----00---00","------------","0","4","0","0","0","4","0","0","2","0"
"1432","4","forall NODE1,NODE0. ep_epoch1(NODE0) | ep_epoch1(NODE1) | ep_epoch2(NODE0) | held(NODE1) | locked_epoch3(NODE0) | locked_epoch3(NODE1) | transfer_epoch3(NODE0) | transfer_epoch3(NODE1) | NODE0 = NODE1","11","-00----0-----0------00----------00----","9","38","F","677","0101010120","0101010120","e0h0l0t0","-00----0----","-0","------00----","------00----","0","3","0","1","0","2","0","2","2","0"
"1433","4","exists NODE0. ep_epoch1(NODE0) | held(NODE0) | locked_epoch3(NODE0) | transfer_epoch3(NODE0)","5","-0-----0----00------00----------00----","4","11","E","13","e0h0l0t0","0101010101","e0h0l0t0","-0-----0----","00","------00----","------00----","0","2","0","2","0","2","0","2","0","1"
"1434","4","forall NODE1,NODE0. ep_epoch1(NODE0) | ep_epoch1(NODE1) | held(NODE0) | locked_epoch2(NODE1) | locked_epoch3(NODE0) | locked_epoch3(NODE1) | transfer_epoch3(NODE0) | transfer_epoch3(NODE1) | NODE0 = NODE1","11","-0-----0----0------000----------00----","9","38","F","677","0101010120","0101010120","e0h0l0t0","-0-----0----","0-","-----000----","------00----","0","2","0","1","0","3","0","2","2","0"
"1435","4","forall NODE1,NODE0. ep_epoch1(NODE0) | ep_epoch2(NODE0) | ep_epoch2(NODE1) | held(NODE1) | locked_epoch3(NODE0) | locked_epoch3(NODE1) | transfer_epoch2(NODE0) | transfer_epoch2(NODE1) | NODE0 = NODE1","11","-00-----0----0------00--------00------","9","38","F","677","0101010120","0101010120","e0h0l0t0","-00-----0---","-0","------00----","----00------","0","3","0","1","0","2","0","2","2","0"
"1436","4","forall NODE2,NODE1,NODE0,NODE3. ep_epoch1(NODE0) | ep_epoch2(NODE1) | held(NODE2) | locked_epoch2(NODE3) | locked_epoch3(NODE1) | locked_epoch3(NODE3) | transfer_epoch2(NODE1) | transfer_epoch2(NODE3) | ((NODE0 ~= NODE3 | NODE1 ~= NODE2 | NODE0 = NODE1) & (NODE0 ~= NODE1 | NODE2 ~= NODE3 | NODE0 = NODE2))","18","-00----------0-----000--------00------","14","91","F","12","0101010140","0101010140","e0h0l0t0","-00---------","-0","-----000----","----00------","0","2","0","1","0","3","0","2","4","0"
"1437","4","forall NODE1,NODE0. ep_epoch1(NODE0) | ep_epoch2(NODE1) | ep_epoch3(NODE1) | ep_epoch4(NODE1) | held(NODE1) | locked_epoch2(NODE0) | transfer_epoch2(NODE0) | transfer_epoch2(NODE1) | NODE0 = NODE1","11","-0------000--0----0-----------00------","9","38","F","677","0101010120","0101010120","e0h0l0t0","-0------000-","-0","----0-------","----00------","0","4","0","1","0","1","0","2","2","0"
"1438","4","forall NODE1,NODE0. ep_epoch1(NODE0) | ep_epoch2(NODE1) | ep_epoch3(NODE1) | held(NODE1) | locked_epoch2(NODE0) | locked_epoch4(NODE1) | transfer_epoch2(NODE0) | transfer_epoch2(NODE1) | NODE0 = NODE1","11","-0------00---0----0----0------00------","9","38","F","677","0101010120","0101010120","e0h0l0t0","-0------00--","-0","----0----0--","----00------","0","3","0","1","0","2","0","2","2","0"
"1439","4","forall NODE1,NODE0. ep_epoch1(NODE0) | ep_epoch2(NODE1) | ep_epoch4(NODE1) | held(NODE1) | locked_epoch2(NODE0) | locked_epoch3(NODE1) | transfer_epoch2(NODE0) | transfer_epoch2(NODE1) | NODE0 = NODE1","11","-0------0-0--0----0--0--------00------","9","38","F","677","0101010120","0101010120","e0h0l0t0","-0------0-0-","-0","----0--0----","----00------","0","3","0","1","0","2","0","2","2","0"
"1440","4","forall NODE1,NODE0. ep_epoch1(NODE0) | ep_epoch2(NODE1) | held(NODE1) | locked_epoch2(NODE0) | locked_epoch3(NODE1) | locked_epoch4(NODE1) | transfer_epoch2(NODE0) | transfer_epoch2(NODE1) | NODE0 = NODE1","11","-0------0----0----0--0-0------00------","9","38","F","677","0101010120","0101010120","e0h0l0t0","-0------0---","-0","----0--0-0--","----00------","0","2","0","1","0","3","0","2","2","0"
"1441","4","exists NODE0. ep_epoch2(NODE0) | held(NODE0) | locked_epoch3(NODE0) | transfer_epoch2(NODE0)","5","--0-----0---00------00--------00------","4","11","E","13","e0h0l0t0","0101010101","e0h0l0t0","--0-----0---","00","------00----","----00------","0","2","0","2","0","2","0","2","0","1"
"1442","4","forall NODE1,NODE0. ep_epoch2(NODE0) | ep_epoch3(NODE0) | ep_epoch4(NODE0) | held(NODE0) | held(NODE1) | locked_epoch2(NODE1) | transfer_epoch2(NODE0) | transfer_epoch2(NODE1) | NODE0 = NODE1","11","--000-------00-----0----------00------","9","38","F","677","0101010120","0101010120","e0h0l0t0","--000-------","00","-----0------","----00------","0","3","0","2","0","1","0","2","2","0"
"1443","4","forall NODE1,NODE0. ep_epoch2(NODE0) | ep_epoch3(NODE0) | held(NODE0) | held(NODE1) | locked_epoch2(NODE1) | locked_epoch4(NODE0) | transfer_epoch2(NODE0) | transfer_epoch2(NODE1) | NODE0 = NODE1","11","--00--------00-----0--0-------00------","9","38","F","677","0101010120","0101010120","e0h0l0t0","--00--------","00","-----0--0---","----00------","0","2","0","2","0","2","0","2","2","0"
"1444","4","forall NODE1,NODE0. ep_epoch2(NODE0) | ep_epoch3(NODE1) | held(NODE0) | held(NODE1) | locked_epoch2(NODE1) | locked_epoch3(NODE0) | transfer_epoch2(NODE0) | transfer_epoch2(NODE1) | NODE0 = NODE1","11","--0------0--00-----00---------00------","9","38","F","677","0101010120","0101010120","e0h0l0t0","--0------0--","00","-----00-----","----00------","0","2","0","2","0","2","0","2","2","0"
"1445","4","forall NODE1,NODE0. ep_epoch2(NODE0) | ep_epoch4(NODE0) | held(NODE0) | held(NODE1) | locked_epoch2(NODE1) | locked_epoch3(NODE0) | transfer_epoch2(NODE0) | transfer_epoch2(NODE1) | NODE0 = NODE1","11","--0-0-------00-----00---------00------","9","38","F","677","0101010120","0101010120","e0h0l0t0","--0-0-------","00","-----00-----","----00------","0","2","0","2","0","2","0","2","2","0"
"1446","4","forall NODE1,NODE0. ep_epoch2(NODE0) | held(NODE0) | held(NODE1) | locked_epoch2(NODE1) | locked_epoch3(NODE0) | locked_epoch3(NODE1) | transfer_epoch2(NODE0) | transfer_epoch2(NODE1) | NODE0 = NODE1","11","--0---------00-----000--------00------","9","38","F","677","0101010120","0101010120","e0h0l0t0","--0---------","00","-----000----","----00------","0","1","0","2","0","3","0","2","2","0"
"1447","4","forall NODE1,NODE0. ep_epoch2(NODE0) | held(NODE0) | held(NODE1) | locked_epoch2(NODE1) | locked_epoch3(NODE0) | locked_epoch4(NODE0) | transfer_epoch2(NODE0) | transfer_epoch2(NODE1) | NODE0 = NODE1","11","--0---------00-----00-0-------00------","9","38","F","677","0101010120","0101010120","e0h0l0t0","--0---------","00","-----00-0---","----00------","0","1","0","2","0","3","0","2","2","0"
"1448","3","exists NODE0. held(NODE0) | locked_epoch3(NODE0) | transfer_epoch2(NODE0) | transfer_epoch3(NODE0)","5","------------00------00--------0000----","4","10","E","3","h0l0t0","0001010101","h0l0t0","------------","00","------00----","----0000----","0","0","0","2","0","2","0","4","0","1"
"1449","4","forall NODE1,NODE0. ~ep_epoch0(NODE0) | ~locked_epoch2(NODE1) | held(NODE1) | transfer_epoch3(NODE0) | transfer_epoch3(NODE1) | transfer_epoch4(NODE0) | transfer_epoch4(NODE1) | transfer_epoch5(NODE0) | transfer_epoch5(NODE1) | NODE0 = NODE1","12","1------------0-----1------------000000","10","60","F","9","1001100120","1001100120","e1h0l1t0","1-----------","-0","-----1------","------000000","1","0","0","1","1","0","0","6","2","0"
"1450","4","forall NODE1,NODE0. ~ep_epoch0(NODE0) | ep_epoch1(NODE1) | held(NODE1) | transfer_epoch3(NODE0) | transfer_epoch3(NODE1) | transfer_epoch4(NODE0) | transfer_epoch4(NODE1) | transfer_epoch5(NODE0) | transfer_epoch5(NODE1) | NODE0 = NODE1","12","1------0-----0------------------000000","10","35","F","40","1101000120","1101000120","e1e0h0t0","1------0----","-0","------------","------000000","1","1","0","1","0","0","0","6","2","0"
"1451","4","forall NODE1,NODE0. ~ep_epoch0(NODE0) | ep_epoch2(NODE1) | held(NODE1) | transfer_epoch2(NODE0) | transfer_epoch2(NODE1) | transfer_epoch4(NODE0) | transfer_epoch4(NODE1) | transfer_epoch5(NODE0) | transfer_epoch5(NODE1) | NODE0 = NODE1","12","1-------0----0----------------00--0000","10","35","F","40","1101000120","1101000120","e1e0h0t0","1-------0---","-0","------------","----00--0000","1","1","0","1","0","0","0","6","2","0"
"1452","4","forall NODE1,NODE0. ~ep_epoch0(NODE0) | ep_epoch3(NODE1) | held(NODE1) | transfer_epoch2(NODE0) | transfer_epoch2(NODE1) | transfer_epoch3(NODE0) | transfer_epoch3(NODE1) | transfer_epoch5(NODE0) | transfer_epoch5(NODE1) | NODE0 = NODE1","12","1--------0---0----------------0000--00","10","35","F","40","1101000120","1101000120","e1e0h0t0","1--------0--","-0","------------","----0000--00","1","1","0","1","0","0","0","6","2","0"
"1453","4","forall NODE1,NODE0. ~ep_epoch0(NODE0) | ep_epoch4(NODE1) | held(NODE1) | transfer_epoch2(NODE0) | transfer_epoch2(NODE1) | transfer_epoch3(NODE0) | transfer_epoch3(NODE1) | transfer_epoch4(NODE0) | transfer_epoch4(NODE1) | NODE0 = NODE1","12","1---------0--0----------------000000--","10","35","F","40","1101000120","1101000120","e1e0h0t0","1---------0-","-0","------------","----000000--","1","1","0","1","0","0","0","6","2","0"
"1454","4","forall NODE1,NODE0. ~ep_epoch0(NODE0) | held(NODE1) | locked_epoch4(NODE1) | transfer_epoch2(NODE0) | transfer_epoch2(NODE1) | transfer_epoch3(NODE0) | transfer_epoch3(NODE1) | transfer_epoch4(NODE0) | transfer_epoch4(NODE1) | NODE0 = NODE1","12","1------------0---------0------000000--","10","36","F","10","1001010120","1001010120","e1h0l0t0","1-----------","-0","---------0--","----000000--","1","0","0","1","0","1","0","6","2","0"
"1455","4","forall NODE1,NODE0. ~ep_epoch1(NODE0) | ~locked_epoch2(NODE1) | held(NODE1) | transfer_epoch3(NODE0) | transfer_epoch3(NODE1) | transfer_epoch4(NODE0) | transfer_epoch4(NODE1) | transfer_epoch5(NODE0) | transfer_epoch5(NODE1) | NODE0 = NODE1","12","-1-----------0-----1------------000000","10","60","F","9","1001100120","1001100120","e1h0l1t0","-1----------","-0","-----1------","------000000","1","0","0","1","1","0","0","6","2","0"
"1456","4","forall NODE1,NODE0. ~ep_epoch1(NODE0) | ep_epoch0(NODE1) | held(NODE1) | transfer_epoch3(NODE0) | transfer_epoch3(NODE1) | transfer_epoch4(NODE0) | transfer_epoch4(NODE1) | transfer_epoch5(NODE0) | transfer_epoch5(NODE1) | NODE0 = NODE1","12","-1----0------0------------------000000","10","35","F","40","1101000120","1101000120","e1e0h0t0","-1----0-----","-0","------------","------000000","1","1","0","1","0","0","0","6","2","0"
"1457","4","forall NODE1,NODE0. ~ep_epoch1(NODE0) | ep_epoch2(NODE1) | ep_epoch3(NODE1) | held(NODE0) | held(NODE1) | transfer_epoch2(NODE0) | transfer_epoch2(NODE1) | transfer_epoch5(NODE0) | transfer_epoch5(NODE1) | NODE0 = NODE1","12","-1------00--00----------------00----00","10","35","F","40","1101000120","1101000120","e1e0h0t0","-1------00--","00","------------","----00----00","1","2","0","2","0","0","0","4","2","0"
"1458","4","forall NODE1,NODE0. ~ep_epoch1(NODE0) | ep_epoch2(NODE1) | ep_epoch4(NODE1) | held(NODE0) | held(NODE1) | transfer_epoch2(NODE0) | transfer_epoch2(NODE1) | transfer_epoch4(NODE0) | transfer_epoch4(NODE1) | NODE0 = NODE1","12","-1------0-0-00----------------00--00--","10","35","F","40","1101000120","1101000120","e1e0h0t0","-1------0-0-","00","------------","----00--00--","1","2","0","2","0","0","0","4","2","0"
"1459","5","forall NODE1,NODE0. ~ep_epoch1(NODE0) | ep_epoch2(NODE1) | held(NODE0) | held(NODE1) | locked_epoch4(NODE1) | transfer_epoch2(NODE0) | transfer_epoch2(NODE1) | transfer_epoch4(NODE0) | transfer_epoch4(NODE1) | NODE0 = NODE1","12","-1------0---00---------0------00--00--","10","64","F","23","1101010120","1101010120","e1e0h0l0t0","-1------0---","00","---------0--","----00--00--","1","1","0","2","0","1","0","4","2","0"
"1460","4","forall NODE1,NODE0. ~ep_epoch1(NODE0) | ep_epoch3(NODE1) | ep_epoch4(NODE1) | held(NODE0) | held(NODE1) | transfer_epoch2(NODE0) | transfer_epoch2(NODE1) | transfer_epoch3(NODE0) | transfer_epoch3(NODE1) | NODE0 = NODE1","12","-1-------00-00----------------0000----","10","35","F","40","1101000120","1101000120","e1e0h0t0","-1-------00-","00","------------","----0000----","1","2","0","2","0","0","0","4","2","0"
"1461","5","forall NODE1,NODE0. ~ep_epoch1(NODE0) | ep_epoch3(NODE1) | held(NODE0) | held(NODE1) | locked_epoch4(NODE1) | transfer_epoch2(NODE0) | transfer_epoch2(NODE1) | transfer_epoch3(NODE0) | transfer_epoch3(NODE1) | NODE0 = NODE1","12","-1-------0--00---------0------0000----","10","64","F","23","1101010120","1101010120","e1e0h0l0t0","-1-------0--","00","---------0--","----0000----","1","1","0","2","0","1","0","4","2","0"
"1462","3","forall NODE1,NODE0. ~ep_epoch2(NODE0) | held(NODE0) | held(NODE1) | transfer_epoch3(NODE0) | transfer_epoch3(NODE1) | transfer_epoch4(NODE0) | transfer_epoch4(NODE1) | transfer_epoch5(NODE0) | transfer_epoch5(NODE1) | NODE0 = NODE1","12","--1---------00------------------000000","10","31","F","14","1001000120","1001000120","e1h0t0","--1---------","00","------------","------000000","1","0","0","2","0","0","0","6","2","0"
"1463","4","forall NODE2,NODE1,NODE0,NODE3. ~locked_epoch2(NODE0) | ep_epoch0(NODE1) | ep_epoch1(NODE1) | ep_epoch2(NODE0) | ep_epoch4(NODE2) | ep_epoch5(NODE2) | held(NODE3) | transfer_epoch5(NODE0) | transfer_epoch5(NODE1) | ((NODE0 ~= NODE3 | NODE1 ~= NODE2 | NODE0 = NODE1) & (NODE0 ~= NODE2 | NODE1 ~= NODE3 | NODE0 = NODE1))","19","--0-0000-----0----1-----------------00","15","92","F","1","0101100140","0101100140","e0h0l1t0","--0-0000----","-0","----1-------","----------00","0","5","0","1","1","0","0","2","4","0"
"1464","5","forall NODE2,NODE1,NODE0,NODE3. ~locked_epoch2(NODE0) | ep_epoch0(NODE1) | ep_epoch1(NODE1) | ep_epoch2(NODE0) | ep_epoch4(NODE2) | held(NODE3) | locked_epoch5(NODE2) | transfer_epoch5(NODE0) | transfer_epoch5(NODE1) | ((NODE0 ~= NODE3 | NODE1 ~= NODE2 | NODE0 = NODE1) & (NODE0 ~= NODE2 | NODE1 ~= NODE3 | NODE0 = NODE1))","19","--0-0-00-----0----1-----0-----------00","15","93","F","5","0101110140","0101110140","e0h0l1l0t0","--0-0-00----","-0","----1-----0-","----------00","0","4","0","1","1","1","0","2","4","0"
"1465","5","forall NODE2,NODE1,NODE0,NODE3. ~locked_epoch2(NODE0) | ep_epoch0(NODE1) | ep_epoch1(NODE1) | ep_epoch2(NODE0) | ep_epoch5(NODE2) | held(NODE3) | locked_epoch4(NODE2) | transfer_epoch5(NODE0) | transfer_epoch5(NODE1) | ((NODE0 ~= NODE3 | NODE1 ~= NODE2 | NODE0 = NODE1) & (NODE0 ~= NODE2 | NODE1 ~= NODE3 | NODE0 = NODE1))","19","--0--000-----0----1---0-------------00","15","93","F","5","0101110140","0101110140","e0h0l1l0t0","--0--000----","-0","----1---0---","----------00","0","4","0","1","1","1","0","2","4","0"
"1466","5","forall NODE2,NODE1,NODE0,NODE3. ~locked_epoch2(NODE0) | ep_epoch0(NODE1) | ep_epoch1(NODE1) | ep_epoch2(NODE0) | held(NODE2) | locked_epoch4(NODE3) | locked_epoch5(NODE3) | transfer_epoch5(NODE0) | transfer_epoch5(NODE1) | ((NODE0 ~= NODE2 | NODE1 ~= NODE3 | NODE0 = NODE1) & (NODE0 ~= NODE3 | NODE1 ~= NODE2 | NODE0 = NODE1))","19","--0---00----0-----1----0-0----------00","15","93","F","5","0101110140","0101110140","e0h0l1l0t0","--0---00----","0-","----1----0-0","----------00","0","3","0","1","1","2","0","2","4","0"
"1467","4","forall NODE1,NODE0. ~locked_epoch2(NODE0) | ep_epoch0(NODE1) | ep_epoch1(NODE1) | ep_epoch4(NODE0) | ep_epoch4(NODE1) | ep_epoch5(NODE0) | held(NODE1) | transfer_epoch4(NODE0) | transfer_epoch4(NODE1) | NODE0 = NODE1","12","----0000--0--0----1---------------00--","10","61","F","32","0101100120","0101100120","e0h0l1t0","----0000--0-","-0","----1-------","--------00--","0","5","0","1","1","0","0","2","2","0"
"1468","4","forall NODE1,NODE0. ~locked_epoch2(NODE0) | ep_epoch0(NODE1) | ep_epoch1(NODE1) | ep_epoch4(NODE0) | ep_epoch4(NODE1) | held(NODE0) | held(NODE1) | transfer_epoch4(NODE0) | transfer_epoch4(NODE1) | NODE0 = NODE1","12","----0-00--0-00----1---------------00--","10","61","F","32","0101100120","0101100120","e0h0l1t0","----0-00--0-","00","----1-------","--------00--","0","4","0","2","1","0","0","2","2","0"
"1469","5","forall NODE1,NODE0. ~locked_epoch2(NODE0) | ep_epoch0(NODE1) | ep_epoch1(NODE1) | ep_epoch4(NODE0) | ep_epoch4(NODE1) | held(NODE1) | locked_epoch5(NODE0) | transfer_epoch4(NODE0) | transfer_epoch4(NODE1) | NODE0 = NODE1","12","----0-00--0--0----1-----0---------00--","10","81","F","80","0101110120","0101110120","e0h0l1l0t0","----0-00--0-","-0","----1-----0-","--------00--","0","4","0","1","1","1","0","2","2","0"
"1470","5","forall NODE1,NODE0. ~locked_epoch2(NODE0) | ep_epoch0(NODE1) | ep_epoch1(NODE1) | ep_epoch4(NODE0) | ep_epoch5(NODE0) | held(NODE1) | locked_epoch4(NODE1) | transfer_epoch4(NODE0) | transfer_epoch4(NODE1) | NODE0 = NODE1","12","----0000-----0----1----0----------00--","10","81","F","80","0101110120","0101110120","e0h0l1l0t0","----0000----","-0","----1----0--","--------00--","0","4","0","1","1","1","0","2","2","0"
"1471","5","forall NODE1,NODE0. ~locked_epoch2(NODE0) | ep_epoch0(NODE1) | ep_epoch1(NODE1) | ep_epoch4(NODE0) | held(NODE0) | held(NODE1) | locked_epoch4(NODE1) | transfer_epoch4(NODE0) | transfer_epoch4(NODE1) | NODE0 = NODE1","12","----0-00----00----1----0----------00--","10","81","F","80","0101110120","0101110120","e0h0l1l0t0","----0-00----","00","----1----0--","--------00--","0","3","0","2","1","1","0","2","2","0"
"1472","5","forall NODE1,NODE0. ~locked_epoch2(NODE0) | ep_epoch0(NODE1) | ep_epoch1(NODE1) | ep_epoch4(NODE0) | held(NODE1) | locked_epoch4(NODE1) | locked_epoch5(NODE0) | transfer_epoch4(NODE0) | transfer_epoch4(NODE1) | NODE0 = NODE1","12","----0-00-----0----1----00---------00--","10","81","F","80","0101110120","0101110120","e0h0l1l0t0","----0-00----","-0","----1----00-","--------00--","0","3","0","1","1","2","0","2","2","0"
"1473","4","forall NODE1,NODE0. ~locked_epoch2(NODE0) | ep_epoch0(NODE1) | ep_epoch1(NODE1) | held(NODE0) | held(NODE1) | transfer_epoch4(NODE0) | transfer_epoch4(NODE1) | transfer_epoch5(NODE0) | transfer_epoch5(NODE1) | NODE0 = NODE1","12","------00----00----1---------------0000","10","61","F","32","0101100120","0101100120","e0h0l1t0","------00----","00","----1-------","--------0000","0","2","0","2","1","0","0","4","2","0"
"1474","4","forall NODE1,NODE0. ~locked_epoch2(NODE0) | ep_epoch2(NODE0) | ep_epoch4(NODE1) | ep_epoch5(NODE1) | held(NODE0) | transfer_epoch4(NODE0) | transfer_epoch4(NODE1) | transfer_epoch5(NODE0) | transfer_epoch5(NODE1) | NODE0 = NODE1","12","--0-------000-----1---------------0000","10","61","F","32","0101100120","0101100120","e0h0l1t0","--0-------00","0-","----1-------","--------0000","0","3","0","1","1","0","0","4","2","0"
"1475","5","forall NODE1,NODE0. ~locked_epoch2(NODE0) | ep_epoch2(NODE0) | ep_epoch4(NODE1) | held(NODE0) | locked_epoch5(NODE1) | transfer_epoch4(NODE0) | transfer_epoch4(NODE1) | transfer_epoch5(NODE0) | transfer_epoch5(NODE1) | NODE0 = NODE1","12","--0-------0-0-----1------0--------0000","10","81","F","80","0101110120","0101110120","e0h0l1l0t0","--0-------0-","0-","----1------0","--------0000","0","2","0","1","1","1","0","4","2","0"
"1476","5","forall NODE1,NODE0. ~locked_epoch2(NODE0) | ep_epoch2(NODE0) | ep_epoch5(NODE1) | held(NODE0) | locked_epoch4(NODE1) | transfer_epoch4(NODE0) | transfer_epoch4(NODE1) | transfer_epoch5(NODE0) | transfer_epoch5(NODE1) | NODE0 = NODE1","12","--0--------00-----1----0----------0000","10","81","F","80","0101110120","0101110120","e0h0l1l0t0","--0--------0","0-","----1----0--","--------0000","0","2","0","1","1","1","0","4","2","0"
"1477","5","forall NODE1,NODE0. ~locked_epoch2(NODE0) | ep_epoch2(NODE0) | held(NODE0) | locked_epoch4(NODE1) | locked_epoch5(NODE1) | transfer_epoch4(NODE0) | transfer_epoch4(NODE1) | transfer_epoch5(NODE0) | transfer_epoch5(NODE1) | NODE0 = NODE1","12","--0---------0-----1----0-0--------0000","10","81","F","80","0101110120","0101110120","e0h0l1l0t0","--0---------","0-","----1----0-0","--------0000","0","1","0","1","1","2","0","4","2","0"
"1478","4","forall NODE1,NODE0. ~locked_epoch2(NODE0) | ep_epoch3(NODE0) | ep_epoch3(NODE1) | ep_epoch4(NODE0) | ep_epoch4(NODE1) | ep_epoch5(NODE1) | held(NODE0) | transfer_epoch3(NODE0) | transfer_epoch3(NODE1) | NODE0 = NODE1","12","---00----0000-----1-------------00----","10","61","F","32","0101100120","0101100120","e0h0l1t0","---00----000","0-","----1-------","------00----","0","5","0","1","1","0","0","2","2","0"
"1479","4","forall NODE1,NODE0. ~locked_epoch2(NODE0) | ep_epoch3(NODE0) | ep_epoch3(NODE1) | ep_epoch4(NODE0) | ep_epoch4(NODE1) | held(NODE0) | held(NODE1) | transfer_epoch3(NODE0) | transfer_epoch3(NODE1) | NODE0 = NODE1","12","---00----00-00----1-------------00----","10","61","F","32","0101100120","0101100120","e0h0l1t0","---00----00-","00","----1-------","------00----","0","4","0","2","1","0","0","2","2","0"
"1480","5","forall NODE1,NODE0. ~locked_epoch2(NODE0) | ep_epoch3(NODE0) | ep_epoch3(NODE1) | ep_epoch4(NODE0) | ep_epoch4(NODE1) | held(NODE0) | locked_epoch5(NODE1) | transfer_epoch3(NODE0) | transfer_epoch3(NODE1) | NODE0 = NODE1","12","---00----00-0-----1------0------00----","10","81","F","80","0101110120","0101110120","e0h0l1l0t0","---00----00-","0-","----1------0","------00----","0","4","0","1","1","1","0","2","2","0"
"1481","5","forall NODE1,NODE0. ~locked_epoch2(NODE0) | ep_epoch3(NODE0) | ep_epoch3(NODE1) | ep_epoch4(NODE1) | ep_epoch5(NODE1) | held(NODE0) | locked_epoch4(NODE0) | transfer_epoch3(NODE0) | transfer_epoch3(NODE1) | NODE0 = NODE1","12","---0-----0000-----1---0---------00----","10","81","F","80","0101110120","0101110120","e0h0l1l0t0","---0-----000","0-","----1---0---","------00----","0","4","0","1","1","1","0","2","2","0"
"1482","5","forall NODE1,NODE0. ~locked_epoch2(NODE0) | ep_epoch3(NODE0) | ep_epoch3(NODE1) | ep_epoch4(NODE1) | held(NODE0) | held(NODE1) | locked_epoch4(NODE0) | transfer_epoch3(NODE0) | transfer_epoch3(NODE1) | NODE0 = NODE1","12","---0-----00-00----1---0---------00----","10","81","F","80","0101110120","0101110120","e0h0l1l0t0","---0-----00-","00","----1---0---","------00----","0","3","0","2","1","1","0","2","2","0"
"1483","5","forall NODE1,NODE0. ~locked_epoch2(NODE0) | ep_epoch3(NODE0) | ep_epoch3(NODE1) | ep_epoch4(NODE1) | held(NODE0) | locked_epoch4(NODE0) | locked_epoch5(NODE1) | transfer_epoch3(NODE0) | transfer_epoch3(NODE1) | NODE0 = NODE1","12","---0-----00-0-----1---0--0------00----","10","81","F","80","0101110120","0101110120","e0h0l1l0t0","---0-----00-","0-","----1---0--0","------00----","0","3","0","1","1","2","0","2","2","0"
"1484","4","forall NODE1,NODE0. ~locked_epoch2(NODE0) | ep_epoch3(NODE0) | ep_epoch3(NODE1) | held(NODE0) | held(NODE1) | transfer_epoch3(NODE0) | transfer_epoch3(NODE1) | transfer_epoch5(NODE0) | transfer_epoch5(NODE1) | NODE0 = NODE1","12","---0-----0--00----1-------------00--00","10","61","F","32","0101100120","0101100120","e0h0l1t0","---0-----0--","00","----1-------","------00--00","0","2","0","2","1","0","0","4","2","0"
"1485","5","forall NODE1,NODE0. ~locked_epoch2(NODE0) | ep_epoch3(NODE0) | ep_epoch5(NODE1) | held(NODE0) | locked_epoch3(NODE1) | transfer_epoch3(NODE0) | transfer_epoch3(NODE1) | transfer_epoch5(NODE0) | transfer_epoch5(NODE1) | NODE0 = NODE1","12","---0-------00-----1--0----------00--00","10","81","F","80","0101110120","0101110120","e0h0l1l0t0","---0-------0","0-","----1--0----","------00--00","0","2","0","1","1","1","0","4","2","0"
"1486","5","forall NODE2,NODE1,NODE0,NODE3. ~locked_epoch2(NODE0) | ep_epoch3(NODE1) | held(NODE0) | held(NODE2) | locked_epoch3(NODE3) | transfer_epoch3(NODE0) | transfer_epoch3(NODE2) | transfer_epoch5(NODE0) | transfer_epoch5(NODE2) | ((NODE0 ~= NODE3 | NODE1 ~= NODE2 | NODE0 = NODE1) & (NODE0 ~= NODE1 | NODE2 ~= NODE3 | NODE0 = NODE2))","19","---0--------00----1--0----------00--00","15","93","F","5","0101110140","0101110140","e0h0l1l0t0","---0--------","00","----1--0----","------00--00","0","1","0","2","1","1","0","4","4","0"
"1487","5","forall NODE1,NODE0. ~locked_epoch2(NODE0) | ep_epoch3(NODE0) | held(NODE0) | locked_epoch3(NODE1) | locked_epoch5(NODE1) | transfer_epoch3(NODE0) | transfer_epoch3(NODE1) | transfer_epoch5(NODE0) | transfer_epoch5(NODE1) | NODE0 = NODE1","12","---0--------0-----1--0---0------00--00","10","81","F","80","0101110120","0101110120","e0h0l1l0t0","---0--------","0-","----1--0---0","------00--00","0","1","0","1","1","2","0","4","2","0"
"1488","5","forall NODE1,NODE0. ~locked_epoch2(NODE0) | ep_epoch3(NODE1) | ep_epoch4(NODE0) | held(NODE0) | locked_epoch4(NODE1) | transfer_epoch3(NODE0) | transfer_epoch3(NODE1) | transfer_epoch4(NODE0) | transfer_epoch4(NODE1) | NODE0 = NODE1","12","----0----0--0-----1----0--------0000--","10","81","F","80","0101110120","0101110120","e0h0l1l0t0","----0----0--","0-","----1----0--","------0000--","0","2","0","1","1","1","0","4","2","0"
"1489","5","forall NODE1,NODE0. ~locked_epoch2(NODE0) | ep_epoch3(NODE1) | held(NODE0) | locked_epoch4(NODE0) | locked_epoch4(NODE1) | transfer_epoch3(NODE0) | transfer_epoch3(NODE1) | transfer_epoch4(NODE0) | transfer_epoch4(NODE1) | NODE0 = NODE1","12","---------0--0-----1---00--------0000--","10","81","F","80","0101110120","0101110120","e0h0l1l0t0","---------0--","0-","----1---00--","------0000--","0","1","0","1","1","2","0","4","2","0"
"1490","4","forall NODE1,NODE0. ~locked_epoch2(NODE0) | ep_epoch4(NODE0) | ep_epoch4(NODE1) | held(NODE0) | held(NODE1) | transfer_epoch3(NODE0) | transfer_epoch3(NODE1) | transfer_epoch4(NODE0) | transfer_epoch4(NODE1) | NODE0 = NODE1","12","----0-----0-00----1-------------0000--","10","61","F","32","0101100120","0101100120","e0h0l1t0","----0-----0-","00","----1-------","------0000--","0","2","0","2","1","0","0","4","2","0"
"1491","5","forall NODE2,NODE1,NODE0,NODE3. ~locked_epoch2(NODE0) | ep_epoch4(NODE1) | held(NODE0) | held(NODE2) | locked_epoch4(NODE3) | transfer_epoch3(NODE0) | transfer_epoch3(NODE2) | transfer_epoch4(NODE0) | transfer_epoch4(NODE2) | ((NODE0 ~= NODE1 | NODE2 ~= NODE3 | NODE0 = NODE2) & (NODE0 ~= NODE3 | NODE1 ~= NODE2 | NODE0 = NODE1))","19","----0-------00----1----0--------0000--","15","93","F","5","0101110140","0101110140","e0h0l1l0t0","----0-------","00","----1----0--","------0000--","0","1","0","2","1","1","0","4","4","0"
"1492","5","forall NODE1,NODE0. ~locked_epoch2(NODE0) | ep_epoch4(NODE0) | held(NODE0) | locked_epoch3(NODE1) | locked_epoch4(NODE1) | transfer_epoch3(NODE0) | transfer_epoch3(NODE1) | transfer_epoch4(NODE0) | transfer_epoch4(NODE1) | NODE0 = NODE1","12","----0-------0-----1--0-0--------0000--","10","81","F","80","0101110120","0101110120","e0h0l1l0t0","----0-------","0-","----1--0-0--","------0000--","0","1","0","1","1","2","0","4","2","0"
"1493","4","forall NODE1,NODE0. ~locked_epoch2(NODE0) | held(NODE0) | held(NODE1) | locked_epoch4(NODE0) | locked_epoch4(NODE1) | transfer_epoch3(NODE0) | transfer_epoch3(NODE1) | transfer_epoch4(NODE0) | transfer_epoch4(NODE1) | NODE0 = NODE1","12","------------00----1---00--------0000--","10","63","F","7","0001110120","0001110120","h0l1l0t0","------------","00","----1---00--","------0000--","0","0","0","2","1","2","0","4","2","0"
"1494","3","forall NODE1,NODE0. ~locked_epoch2(NODE0) | held(NODE0) | held(NODE1) | transfer_epoch3(NODE0) | transfer_epoch3(NODE1) | transfer_epoch4(NODE0) | transfer_epoch4(NODE1) | transfer_epoch5(NODE0) | transfer_epoch5(NODE1) | NODE0 = NODE1","12","------------00----1-------------000000","10","62","F","3","0001100120","0001100120","h0l1t0","------------","00","----1-------","------000000","0","0","0","2","1","0","0","6","2","0"
"1495","4","forall NODE1,NODE0. ~locked_epoch2(NODE0) | held(NODE0) | locked_epoch3(NODE1) | locked_epoch4(NODE0) | locked_epoch4(NODE1) | transfer_epoch3(NODE0) | transfer_epoch3(NODE1) | transfer_epoch4(NODE0) | transfer_epoch4(NODE1) | NODE0 = NODE1","12","------------0-----1--000--------0000--","10","63","F","7","0001110120","0001110120","h0l1l0t0","------------","0-","----1--000--","------0000--","0","0","0","1","1","3","0","4","2","0"
"1496","2","forall NODE1,NODE0. ~transfer_epoch5(NODE0) | ep_epoch0(NODE0) | ep_epoch0(NODE1) | ep_epoch1(NODE0) | ep_epoch1(NODE1) | ep_epoch2(NODE0) | ep_epoch2(NODE1) | ep_epoch3(NODE0) | ep_epoch3(NODE1) | NODE0 = NODE1","12","0000--0000--------------------------1-","10","27","F","12","0100001020","0100001020","e0t1","0000--0000--","--","------------","----------1-","0","8","0","0","0","0","1","0","2","0"
"1497","2","forall NODE1,NODE0. ep_epoch0(NODE0) | ep_epoch0(NODE1) | ep_epoch1(NODE0) | ep_epoch1(NODE1) | ep_epoch2(NODE0) | ep_epoch2(NODE1) | ep_epoch4(NODE0) | ep_epoch5(NODE0) | locked_epoch4(NODE1) | NODE0 = NODE1","12","000-00000--------------0--------------","10","33","F","119","0100010020","0100010020","e0l0","000-00000---","--","---------0--","------------","0","8","0","0","0","1","0","0","2","0"
"1498","3","forall NODE1,NODE0. ep_epoch0(NODE0) | ep_epoch0(NODE1) | ep_epoch1(NODE0) | ep_epoch1(NODE1) | ep_epoch2(NODE0) | ep_epoch2(NODE1) | ep_epoch4(NODE1) | held(NODE1) | locked_epoch4(NODE0) | NODE0 = NODE1","12","000-0-000---0----------0--------------","10","34","F","42","0101010020","0101010020","e0h0l0","000-0-000---","0-","---------0--","------------","0","7","0","1","0","1","0","0","2","0"
"1499","2","forall NODE1,NODE0. ep_epoch0(NODE0) | ep_epoch0(NODE1) | ep_epoch1(NODE0) | ep_epoch1(NODE1) | ep_epoch2(NODE0) | ep_epoch2(NODE1) | ep_epoch4(NODE0) | locked_epoch4(NODE1) | locked_epoch5(NODE0) | NODE0 = NODE1","12","000-0-000--------------00-------------","10","33","F","119","0100010020","0100010020","e0l0","000-0-000---","--","---------00-","------------","0","7","0","0","0","2","0","0","2","0"
"1500","2","forall NODE1,NODE0. ep_epoch0(NODE0) | ep_epoch0(NODE1) | ep_epoch1(NODE0) | ep_epoch1(NODE1) | ep_epoch3(NODE0) | ep_epoch3(NODE1) | ep_epoch4(NODE0) | ep_epoch5(NODE0) | locked_epoch4(NODE1) | NODE0 = NODE1","12","00-00000-0-------------0--------------","10","33","F","119","0100010020","0100010020","e0l0","00-00000-0--","--","---------0--","------------","0","8","0","0","0","1","0","0","2","0"
"1501","3","forall NODE1,NODE0. ep_epoch0(NODE0) | ep_epoch0(NODE1) | ep_epoch1(NODE0) | ep_epoch1(NODE1) | ep_epoch3(NODE0) | ep_epoch3(NODE1) | ep_epoch4(NODE1) | held(NODE1) | locked_epoch4(NODE0) | NODE0 = NODE1","12","00-00-00-0--0----------0--------------","10","34","F","42","0101010020","0101010020","e0h0l0","00-00-00-0--","0-","---------0--","------------","0","7","0","1","0","1","0","0","2","0"
"1502","2","forall NODE1,NODE0. ep_epoch0(NODE0) | ep_epoch0(NODE1) | ep_epoch1(NODE0) | ep_epoch1(NODE1) | ep_epoch3(NODE0) | ep_epoch3(NODE1) | ep_epoch4(NODE0) | locked_epoch4(NODE1) | locked_epoch5(NODE0) | NODE0 = NODE1","12","00-00-00-0-------------00-------------","10","33","F","119","0100010020","0100010020","e0l0","00-00-00-0--","--","---------00-","------------","0","7","0","0","0","2","0","0","2","0"
"1503","2","forall NODE1,NODE0. ep_epoch0(NODE0) | ep_epoch0(NODE1) | ep_epoch2(NODE0) | ep_epoch2(NODE1) | ep_epoch3(NODE0) | ep_epoch3(NODE1) | ep_epoch4(NODE0) | ep_epoch5(NODE0) | locked_epoch4(NODE1) | NODE0 = NODE1","12","0-00000-00-------------0--------------","10","33","F","119","0100010020","0100010020","e0l0","0-00000-00--","--","---------0--","------------","0","8","0","0","0","1","0","0","2","0"
"1504","3","forall NODE1,NODE0. ep_epoch0(NODE0) | ep_epoch0(NODE1) | ep_epoch2(NODE0) | ep_epoch2(NODE1) | ep_epoch3(NODE0) | ep_epoch3(NODE1) | ep_epoch4(NODE0) | held(NODE0) | locked_epoch4(NODE1) | NODE0 = NODE1","12","0-000-0-00--0----------0--------------","10","34","F","42","0101010020","0101010020","e0h0l0","0-000-0-00--","0-","---------0--","------------","0","7","0","1","0","1","0","0","2","0"
"1505","2","forall NODE1,NODE0. ep_epoch0(NODE0) | ep_epoch0(NODE1) | ep_epoch2(NODE0) | ep_epoch2(NODE1) | ep_epoch3(NODE0) | ep_epoch3(NODE1) | ep_epoch4(NODE0) | locked_epoch4(NODE1) | locked_epoch5(NODE0) | NODE0 = NODE1","12","0-000-0-00-------------00-------------","10","33","F","119","0100010020","0100010020","e0l0","0-000-0-00--","--","---------00-","------------","0","7","0","0","0","2","0","0","2","0"
"1506","4","forall NODE1,NODE0. ep_epoch0(NODE0) | ep_epoch0(NODE1) | ep_epoch2(NODE0) | ep_epoch3(NODE0) | ep_epoch5(NODE1) | held(NODE0) | locked_epoch2(NODE1) | transfer_epoch5(NODE0) | transfer_epoch5(NODE1) | NODE0 = NODE1","12","0-00--0----00------0----------------00","10","38","F","677","0101010120","0101010120","e0h0l0t0","0-00--0----0","0-","-----0------","----------00","0","5","0","1","0","1","0","2","2","0"
"1507","4","forall NODE1,NODE0. ep_epoch0(NODE0) | ep_epoch0(NODE1) | ep_epoch2(NODE0) | ep_epoch3(NODE0) | held(NODE0) | held(NODE1) | locked_epoch2(NODE1) | transfer_epoch5(NODE0) | transfer_epoch5(NODE1) | NODE0 = NODE1","12","0-00--0-----00-----0----------------00","10","38","F","677","0101010120","0101010120","e0h0l0t0","0-00--0-----","00","-----0------","----------00","0","4","0","2","0","1","0","2","2","0"
"1508","4","forall NODE1,NODE0. ep_epoch0(NODE0) | ep_epoch0(NODE1) | ep_epoch2(NODE0) | ep_epoch3(NODE0) | held(NODE0) | locked_epoch2(NODE1) | locked_epoch5(NODE1) | transfer_epoch5(NODE0) | transfer_epoch5(NODE1) | NODE0 = NODE1","12","0-00--0-----0------0-----0----------00","10","38","F","677","0101010120","0101010120","e0h0l0t0","0-00--0-----","0-","-----0-----0","----------00","0","4","0","1","0","2","0","2","2","0"
"1509","4","forall NODE1,NODE0. ep_epoch0(NODE0) | ep_epoch0(NODE1) | ep_epoch2(NODE1) | ep_epoch3(NODE0) | ep_epoch4(NODE0) | held(NODE0) | locked_epoch3(NODE1) | transfer_epoch3(NODE0) | transfer_epoch3(NODE1) | NODE0 = NODE1","12","0-0---0--00--0------0-----------00----","10","38","F","677","0101010120","0101010120","e0h0l0t0","0-0---0--00-","-0","------0-----","------00----","0","5","0","1","0","1","0","2","2","0"
"1510","4","forall NODE1,NODE0. ep_epoch0(NODE0) | ep_epoch0(NODE1) | ep_epoch2(NODE1) | ep_epoch3(NODE0) | held(NODE0) | locked_epoch3(NODE1) | locked_epoch4(NODE0) | transfer_epoch3(NODE0) | transfer_epoch3(NODE1) | NODE0 = NODE1","12","0-0---0--0---0------0--0--------00----","10","38","F","677","0101010120","0101010120","e0h0l0t0","0-0---0--0--","-0","------0--0--","------00----","0","4","0","1","0","2","0","2","2","0"
"1511","4","forall NODE1,NODE0. ep_epoch0(NODE0) | ep_epoch0(NODE1) | ep_epoch2(NODE0) | ep_epoch4(NODE0) | held(NODE0) | locked_epoch2(NODE1) | locked_epoch4(NODE1) | transfer_epoch4(NODE0) | transfer_epoch4(NODE1) | NODE0 = NODE1","12","0-0-0-0-----0------0---0----------00--","10","38","F","677","0101010120","0101010120","e0h0l0t0","0-0-0-0-----","0-","-----0---0--","--------00--","0","4","0","1","0","2","0","2","2","0"
"1512","4","forall NODE1,NODE0. ep_epoch0(NODE0) | ep_epoch0(NODE1) | ep_epoch2(NODE0) | ep_epoch5(NODE1) | held(NODE0) | locked_epoch2(NODE1) | locked_epoch3(NODE0) | transfer_epoch5(NODE0) | transfer_epoch5(NODE1) | NODE0 = NODE1","12","0-0---0----00------00---------------00","10","38","F","677","0101010120","0101010120","e0h0l0t0","0-0---0----0","0-","-----00-----","----------00","0","4","0","1","0","2","0","2","2","0"
"1513","4","forall NODE1,NODE0. ep_epoch0(NODE0) | ep_epoch0(NODE1) | ep_epoch2(NODE0) | held(NODE0) | held(NODE1) | locked_epoch2(NODE1) | locked_epoch3(NODE0) | transfer_epoch5(NODE0) | transfer_epoch5(NODE1) | NODE0 = NODE1","12","0-0---0-----00-----00---------------00","10","38","F","677","0101010120","0101010120","e0h0l0t0","0-0---0-----","00","-----00-----","----------00","0","3","0","2","0","2","0","2","2","0"
"1514","4","forall NODE1,NODE0. ep_epoch0(NODE0) | ep_epoch0(NODE1) | ep_epoch2(NODE0) | held(NODE0) | locked_epoch2(NODE1) | locked_epoch3(NODE0) | locked_epoch5(NODE1) | transfer_epoch5(NODE0) | transfer_epoch5(NODE1) | NODE0 = NODE1","12","0-0---0-----0------00----0----------00","10","38","F","677","0101010120","0101010120","e0h0l0t0","0-0---0-----","0-","-----00----0","----------00","0","3","0","1","0","3","0","2","2","0"
"1515","4","forall NODE1,NODE0. ep_epoch0(NODE0) | ep_epoch0(NODE1) | ep_epoch2(NODE0) | held(NODE0) | locked_epoch2(NODE1) | locked_epoch4(NODE0) | locked_epoch4(NODE1) | transfer_epoch4(NODE0) | transfer_epoch4(NODE1) | NODE0 = NODE1","12","0-0---0-----0------0--00----------00--","10","38","F","677","0101010120","0101010120","e0h0l0t0","0-0---0-----","0-","-----0--00--","--------00--","0","3","0","1","0","3","0","2","2","0"
"1516","4","forall NODE1,NODE0. ep_epoch0(NODE0) | ep_epoch0(NODE1) | ep_epoch3(NODE0) | ep_epoch4(NODE0) | held(NODE0) | held(NODE1) | locked_epoch3(NODE1) | transfer_epoch3(NODE0) | transfer_epoch3(NODE1) | NODE0 = NODE1","12","0--00-0-----00-------0----------00----","10","38","F","677","0101010120","0101010120","e0h0l0t0","0--00-0-----","00","-------0----","------00----","0","4","0","2","0","1","0","2","2","0"
"1517","4","forall NODE1,NODE0. ep_epoch0(NODE0) | ep_epoch0(NODE1) | ep_epoch3(NODE0) | ep_epoch4(NODE0) | held(NODE0) | locked_epoch2(NODE1) | locked_epoch3(NODE1) | transfer_epoch3(NODE0) | transfer_epoch3(NODE1) | NODE0 = NODE1","12","0--00-0-----0------0-0----------00----","10","38","F","677","0101010120","0101010120","e0h0l0t0","0--00-0-----","0-","-----0-0----","------00----","0","4","0","1","0","2","0","2","2","0"
"1518","4","forall NODE1,NODE0. ep_epoch0(NODE0) | ep_epoch0(NODE1) | ep_epoch3(NODE0) | held(NODE0) | held(NODE1) | locked_epoch3(NODE1) | locked_epoch4(NODE0) | transfer_epoch3(NODE0) | transfer_epoch3(NODE1) | NODE0 = NODE1","12","0--0--0-----00-------00---------00----","10","38","F","677","0101010120","0101010120","e0h0l0t0","0--0--0-----","00","-------00---","------00----","0","3","0","2","0","2","0","2","2","0"
"1519","4","forall NODE1,NODE0. ep_epoch0(NODE0) | ep_epoch0(NODE1) | ep_epoch3(NODE0) | held(NODE0) | locked_epoch2(NODE1) | locked_epoch3(NODE1) | locked_epoch4(NODE0) | transfer_epoch3(NODE0) | transfer_epoch3(NODE1) | NODE0 = NODE1","12","0--0--0-----0------0-00---------00----","10","38","F","677","0101010120","0101010120","e0h0l0t0","0--0--0-----","0-","-----0-00---","------00----","0","3","0","1","0","3","0","2","2","0"
"1520","3","forall NODE1,NODE0. ep_epoch0(NODE0) | ep_epoch1(NODE0) | ep_epoch2(NODE0) | ep_epoch4(NODE0) | ep_epoch4(NODE1) | ep_epoch5(NODE1) | held(NODE0) | transfer_epoch4(NODE0) | transfer_epoch4(NODE1) | NODE0 = NODE1","12","000-0-----000---------------------00--","10","37","F","48","0101000120","0101000120","e0h0t0","000-0-----00","0-","------------","--------00--","0","6","0","1","0","0","0","2","2","0"
"1521","3","forall NODE1,NODE0. ep_epoch0(NODE0) | ep_epoch1(NODE0) | ep_epoch2(NODE0) | ep_epoch4(NODE0) | ep_epoch4(NODE1) | held(NODE0) | held(NODE1) | transfer_epoch4(NODE0) | transfer_epoch4(NODE1) | NODE0 = NODE1","12","000-0-----0-00--------------------00--","10","37","F","48","0101000120","0101000120","e0h0t0","000-0-----0-","00","------------","--------00--","0","5","0","2","0","0","0","2","2","0"
"1522","4","forall NODE1,NODE0. ep_epoch0(NODE0) | ep_epoch1(NODE0) | ep_epoch2(NODE0) | ep_epoch4(NODE0) | ep_epoch4(NODE1) | held(NODE0) | locked_epoch5(NODE1) | transfer_epoch4(NODE0) | transfer_epoch4(NODE1) | NODE0 = NODE1","12","000-0-----0-0------------0--------00--","10","38","F","677","0101010120","0101010120","e0h0l0t0","000-0-----0-","0-","-----------0","--------00--","0","5","0","1","0","1","0","2","2","0"
"1523","4","forall NODE1,NODE0. ep_epoch0(NODE0) | ep_epoch1(NODE0) | ep_epoch2(NODE0) | ep_epoch4(NODE1) | ep_epoch5(NODE1) | held(NODE0) | locked_epoch4(NODE0) | transfer_epoch4(NODE0) | transfer_epoch4(NODE1) | NODE0 = NODE1","12","000-------000---------0-----------00--","10","38","F","677","0101010120","0101010120","e0h0l0t0","000-------00","0-","--------0---","--------00--","0","5","0","1","0","1","0","2","2","0"
"1524","4","forall NODE1,NODE0. ep_epoch0(NODE0) | ep_epoch1(NODE0) | ep_epoch2(NODE0) | ep_epoch4(NODE1) | held(NODE0) | held(NODE1) | locked_epoch4(NODE0) | transfer_epoch4(NODE0) | transfer_epoch4(NODE1) | NODE0 = NODE1","12","000-------0-00--------0-----------00--","10","38","F","677","0101010120","0101010120","e0h0l0t0","000-------0-","00","--------0---","--------00--","0","4","0","2","0","1","0","2","2","0"
"1525","4","forall NODE1,NODE0. ep_epoch0(NODE0) | ep_epoch1(NODE0) | ep_epoch2(NODE0) | ep_epoch4(NODE1) | held(NODE0) | locked_epoch4(NODE0) | locked_epoch5(NODE1) | transfer_epoch4(NODE0) | transfer_epoch4(NODE1) | NODE0 = NODE1","12","000-------0-0---------0--0--------00--","10","38","F","677","0101010120","0101010120","e0h0l0t0","000-------0-","0-","--------0--0","--------00--","0","4","0","1","0","2","0","2","2","0"
"1526","3","forall NODE1,NODE0. ep_epoch0(NODE0) | ep_epoch1(NODE0) | ep_epoch2(NODE0) | held(NODE0) | held(NODE1) | transfer_epoch4(NODE0) | transfer_epoch4(NODE1) | transfer_epoch5(NODE0) | transfer_epoch5(NODE1) | NODE0 = NODE1","12","000---------00--------------------0000","10","37","F","48","0101000120","0101000120","e0h0t0","000---------","00","------------","--------0000","0","3","0","2","0","0","0","4","2","0"
"1527","4","forall NODE1,NODE0. ep_epoch0(NODE0) | ep_epoch1(NODE0) | ep_epoch2(NODE1) | ep_epoch3(NODE1) | ep_epoch5(NODE0) | held(NODE1) | locked_epoch2(NODE0) | transfer_epoch5(NODE0) | transfer_epoch5(NODE1) | NODE0 = NODE1","12","00---0--00---0----0-----------------00","10","38","F","677","0101010120","0101010120","e0h0l0t0","00---0--00--","-0","----0-------","----------00","0","5","0","1","0","1","0","2","2","0"
"1528","4","forall NODE1,NODE0. ep_epoch0(NODE0) | ep_epoch1(NODE0) | ep_epoch2(NODE1) | ep_epoch3(NODE1) | held(NODE1) | locked_epoch2(NODE0) | locked_epoch5(NODE0) | transfer_epoch5(NODE0) | transfer_epoch5(NODE1) | NODE0 = NODE1","12","00------00---0----0-----0-----------00","10","38","F","677","0101010120","0101010120","e0h0l0t0","00------00--","-0","----0-----0-","----------00","0","4","0","1","0","2","0","2","2","0"
"1529","4","forall NODE2,NODE1,NODE0,NODE3. ep_epoch0(NODE0) | ep_epoch1(NODE0) | ep_epoch2(NODE1) | ep_epoch4(NODE2) | ep_epoch5(NODE2) | held(NODE3) | locked_epoch2(NODE0) | transfer_epoch5(NODE0) | transfer_epoch5(NODE1) | ((NODE0 ~= NODE3 | NODE1 ~= NODE2 | NODE0 = NODE1) & (NODE0 ~= NODE2 | NODE1 ~= NODE3 | NODE0 = NODE1))","19","00--00--0----0----0-----------------00","15","91","F","12","0101010140","0101010140","e0h0l0t0","00--00--0---","-0","----0-------","----------00","0","5","0","1","0","1","0","2","4","0"
"1530","4","forall NODE2,NODE1,NODE0,NODE3. ep_epoch0(NODE0) | ep_epoch1(NODE0) | ep_epoch2(NODE1) | ep_epoch4(NODE2) | held(NODE3) | locked_epoch2(NODE0) | locked_epoch5(NODE2) | transfer_epoch5(NODE0) | transfer_epoch5(NODE1) | ((NODE0 ~= NODE3 | NODE1 ~= NODE2 | NODE0 = NODE1) & (NODE0 ~= NODE2 | NODE1 ~= NODE3 | NODE0 = NODE1))","19","00--0---0----0----0-----0-----------00","15","91","F","12","0101010140","0101010140","e0h0l0t0","00--0---0---","-0","----0-----0-","----------00","0","4","0","1","0","2","0","2","4","0"
"1531","4","forall NODE1,NODE0. ep_epoch0(NODE0) | ep_epoch1(NODE0) | ep_epoch2(NODE1) | ep_epoch5(NODE0) | held(NODE1) | locked_epoch2(NODE0) | locked_epoch3(NODE1) | transfer_epoch5(NODE0) | transfer_epoch5(NODE1) | NODE0 = NODE1","12","00---0--0----0----0--0--------------00","10","38","F","677","0101010120","0101010120","e0h0l0t0","00---0--0---","-0","----0--0----","----------00","0","4","0","1","0","2","0","2","2","0"
"1532","4","forall NODE2,NODE1,NODE0,NODE3. ep_epoch0(NODE0) | ep_epoch1(NODE0) | ep_epoch2(NODE1) | ep_epoch5(NODE2) | held(NODE3) | locked_epoch2(NODE0) | locked_epoch4(NODE2) | transfer_epoch5(NODE0) | transfer_epoch5(NODE1) | ((NODE0 ~= NODE3 | NODE1 ~= NODE2 | NODE0 = NODE1) & (NODE0 ~= NODE2 | NODE1 ~= NODE3 | NODE0 = NODE1))","19","00---0--0----0----0---0-------------00","15","91","F","12","0101010140","0101010140","e0h0l0t0","00---0--0---","-0","----0---0---","----------00","0","4","0","1","0","2","0","2","4","0"
"1533","4","forall NODE2,NODE1,NODE0,NODE3. ep_epoch0(NODE0) | ep_epoch1(NODE0) | ep_epoch2(NODE1) | held(NODE2) | locked_epoch2(NODE0) | locked_epoch4(NODE3) | locked_epoch5(NODE3) | transfer_epoch5(NODE0) | transfer_epoch5(NODE1) | ((NODE0 ~= NODE2 | NODE1 ~= NODE3 | NODE0 = NODE1) & (NODE0 ~= NODE3 | NODE1 ~= NODE2 | NODE0 = NODE1))","19","00------0---0-----0----0-0----------00","15","91","F","12","0101010140","0101010140","e0h0l0t0","00------0---","0-","----0----0-0","----------00","0","3","0","1","0","3","0","2","4","0"
"1534","4","forall NODE1,NODE0. ep_epoch0(NODE0) | ep_epoch1(NODE0) | ep_epoch2(NODE1) | held(NODE1) | locked_epoch2(NODE0) | locked_epoch3(NODE1) | locked_epoch5(NODE0) | transfer_epoch5(NODE0) | transfer_epoch5(NODE1) | NODE0 = NODE1","12","00------0----0----0--0--0-----------00","10","38","F","677","0101010120","0101010120","e0h0l0t0","00------0---","-0","----0--0--0-","----------00","0","3","0","1","0","3","0","2","2","0"
"1535","4","forall NODE1,NODE0. ep_epoch0(NODE0) | ep_epoch1(NODE0) | ep_epoch3(NODE0) | ep_epoch3(NODE1) | ep_epoch4(NODE0) | held(NODE0) | locked_epoch4(NODE1) | transfer_epoch3(NODE0) | transfer_epoch3(NODE1) | NODE0 = NODE1","12","00-00----0--0----------0--------00----","10","38","F","677","0101010120","0101010120","e0h0l0t0","00-00----0--","0-","---------0--","------00----","0","5","0","1","0","1","0","2","2","0"
"1536","4","forall NODE1,NODE0. ep_epoch0(NODE0) | ep_epoch1(NODE0) | ep_epoch3(NODE0) | ep_epoch3(NODE1) | held(NODE0) | locked_epoch4(NODE0) | locked_epoch4(NODE1) | transfer_epoch3(NODE0) | transfer_epoch3(NODE1) | NODE0 = NODE1","12","00-0-----0--0---------00--------00----","10","38","F","677","0101010120","0101010120","e0h0l0t0","00-0-----0--","0-","--------00--","------00----","0","4","0","1","0","2","0","2","2","0"
"1537","4","forall NODE1,NODE0. ep_epoch0(NODE0) | ep_epoch1(NODE0) | ep_epoch3(NODE1) | ep_epoch4(NODE0) | held(NODE0) | locked_epoch3(NODE0) | locked_epoch4(NODE1) | transfer_epoch3(NODE0) | transfer_epoch3(NODE1) | NODE0 = NODE1","12","00--0----0--0-------0--0--------00----","10","38","F","677","0101010120","0101010120","e0h0l0t0","00--0----0--","0-","------0--0--","------00----","0","4","0","1","0","2","0","2","2","0"
"1538","4","forall NODE1,NODE0. ep_epoch0(NODE0) | ep_epoch1(NODE0) | ep_epoch3(NODE1) | ep_epoch4(NODE1) | ep_epoch5(NODE1) | held(NODE0) | locked_epoch3(NODE0) | transfer_epoch3(NODE0) | transfer_epoch3(NODE1) | NODE0 = NODE1","12","00-------0000-------0-----------00----","10","38","F","677","0101010120","0101010120","e0h0l0t0","00-------000","0-","------0-----","------00----","0","5","0","1","0","1","0","2","2","0"
"1539","4","forall NODE1,NODE0. ep_epoch0(NODE0) | ep_epoch1(NODE0) | ep_epoch3(NODE1) | ep_epoch4(NODE1) | held(NODE0) | held(NODE1) | locked_epoch3(NODE0) | transfer_epoch3(NODE0) | transfer_epoch3(NODE1) | NODE0 = NODE1","12","00-------00-00------0-----------00----","10","38","F","677","0101010120","0101010120","e0h0l0t0","00-------00-","00","------0-----","------00----","0","4","0","2","0","1","0","2","2","0"
"1540","4","forall NODE1,NODE0. ep_epoch0(NODE0) | ep_epoch1(NODE0) | ep_epoch3(NODE1) | ep_epoch4(NODE1) | held(NODE0) | locked_epoch3(NODE0) | locked_epoch5(NODE1) | transfer_epoch3(NODE0) | transfer_epoch3(NODE1) | NODE0 = NODE1","12","00-------00-0-------0----0------00----","10","38","F","677","0101010120","0101010120","e0h0l0t0","00-------00-","0-","------0----0","------00----","0","4","0","1","0","2","0","2","2","0"
"1541","4","forall NODE1,NODE0. ep_epoch0(NODE0) | ep_epoch1(NODE0) | ep_epoch3(NODE1) | ep_epoch5(NODE1) | held(NODE0) | locked_epoch3(NODE0) | locked_epoch4(NODE1) | transfer_epoch3(NODE0) | transfer_epoch3(NODE1) | NODE0 = NODE1","12","00-------0-00-------0--0--------00----","10","38","F","677","0101010120","0101010120","e0h0l0t0","00-------0-0","0-","------0--0--","------00----","0","4","0","1","0","2","0","2","2","0"
"1542","4","forall NODE1,NODE0. ep_epoch0(NODE0) | ep_epoch1(NODE0) | ep_epoch3(NODE1) | held(NODE0) | held(NODE1) | locked_epoch3(NODE0) | locked_epoch4(NODE1) | transfer_epoch3(NODE0) | transfer_epoch3(NODE1) | NODE0 = NODE1","12","00-------0--00------0--0--------00----","10","38","F","677","0101010120","0101010120","e0h0l0t0","00-------0--","00","------0--0--","------00----","0","3","0","2","0","2","0","2","2","0"
"1543","4","forall NODE1,NODE0. ep_epoch0(NODE0) | ep_epoch1(NODE0) | ep_epoch3(NODE1) | held(NODE0) | locked_epoch3(NODE0) | locked_epoch4(NODE0) | locked_epoch4(NODE1) | transfer_epoch3(NODE0) | transfer_epoch3(NODE1) | NODE0 = NODE1","12","00-------0--0-------0-00--------00----","10","38","F","677","0101010120","0101010120","e0h0l0t0","00-------0--","0-","------0-00--","------00----","0","3","0","1","0","3","0","2","2","0"
"1544","4","forall NODE1,NODE0. ep_epoch0(NODE0) | ep_epoch1(NODE0) | ep_epoch3(NODE1) | held(NODE0) | locked_epoch3(NODE0) | locked_epoch4(NODE1) | locked_epoch5(NODE1) | transfer_epoch3(NODE0) | transfer_epoch3(NODE1) | NODE0 = NODE1","12","00-------0--0-------0--0-0------00----","10","38","F","677","0101010120","0101010120","e0h0l0t0","00-------0--","0-","------0--0-0","------00----","0","3","0","1","0","3","0","2","2","0"
"1545","4","forall NODE1,NODE0. ep_epoch0(NODE0) | ep_epoch1(NODE0) | ep_epoch4(NODE0) | ep_epoch4(NODE1) | ep_epoch5(NODE1) | held(NODE0) | locked_epoch2(NODE0) | transfer_epoch4(NODE0) | transfer_epoch4(NODE1) | NODE0 = NODE1","12","00--0-----000-----0---------------00--","10","38","F","677","0101010120","0101010120","e0h0l0t0","00--0-----00","0-","----0-------","--------00--","0","5","0","1","0","1","0","2","2","0"
"1546","4","forall NODE1,NODE0. ep_epoch0(NODE0) | ep_epoch1(NODE0) | ep_epoch4(NODE0) | ep_epoch4(NODE1) | held(NODE0) | held(NODE1) | locked_epoch2(NODE0) | transfer_epoch4(NODE0) | transfer_epoch4(NODE1) | NODE0 = NODE1","12","00--0-----0-00----0---------------00--","10","38","F","677","0101010120","0101010120","e0h0l0t0","00--0-----0-","00","----0-------","--------00--","0","4","0","2","0","1","0","2","2","0"
"1547","4","forall NODE1,NODE0. ep_epoch0(NODE0) | ep_epoch1(NODE0) | ep_epoch4(NODE0) | ep_epoch4(NODE1) | held(NODE0) | locked_epoch2(NODE0) | locked_epoch5(NODE1) | transfer_epoch4(NODE0) | transfer_epoch4(NODE1) | NODE0 = NODE1","12","00--0-----0-0-----0------0--------00--","10","38","F","677","0101010120","0101010120","e0h0l0t0","00--0-----0-","0-","----0------0","--------00--","0","4","0","1","0","2","0","2","2","0"
"1548","4","forall NODE1,NODE0. ep_epoch0(NODE0) | ep_epoch1(NODE0) | ep_epoch4(NODE1) | ep_epoch5(NODE1) | held(NODE0) | locked_epoch2(NODE0) | locked_epoch4(NODE0) | transfer_epoch4(NODE0) | transfer_epoch4(NODE1) | NODE0 = NODE1","12","00--------000-----0---0-----------00--","10","38","F","677","0101010120","0101010120","e0h0l0t0","00--------00","0-","----0---0---","--------00--","0","4","0","1","0","2","0","2","2","0"
"1549","4","forall NODE1,NODE0. ep_epoch0(NODE0) | ep_epoch1(NODE0) | ep_epoch4(NODE1) | held(NODE0) | held(NODE1) | locked_epoch2(NODE0) | locked_epoch4(NODE0) | transfer_epoch4(NODE0) | transfer_epoch4(NODE1) | NODE0 = NODE1","12","00--------0-00----0---0-----------00--","10","38","F","677","0101010120","0101010120","e0h0l0t0","00--------0-","00","----0---0---","--------00--","0","3","0","2","0","2","0","2","2","0"
"1550","4","forall NODE1,NODE0. ep_epoch0(NODE0) | ep_epoch1(NODE0) | ep_epoch4(NODE1) | held(NODE0) | locked_epoch2(NODE0) | locked_epoch4(NODE0) | locked_epoch5(NODE1) | transfer_epoch4(NODE0) | transfer_epoch4(NODE1) | NODE0 = NODE1","12","00--------0-0-----0---0--0--------00--","10","38","F","677","0101010120","0101010120","e0h0l0t0","00--------0-","0-","----0---0--0","--------00--","0","3","0","1","0","3","0","2","2","0"
"1551","4","forall NODE1,NODE0. ep_epoch0(NODE0) | ep_epoch1(NODE0) | held(NODE0) | held(NODE1) | locked_epoch2(NODE0) | transfer_epoch4(NODE0) | transfer_epoch4(NODE1) | transfer_epoch5(NODE0) | transfer_epoch5(NODE1) | NODE0 = NODE1","12","00----------00----0---------------0000","10","38","F","677","0101010120","0101010120","e0h0l0t0","00----------","00","----0-------","--------0000","0","2","0","2","0","1","0","4","2","0"
"1552","4","forall NODE1,NODE0. ep_epoch0(NODE0) | ep_epoch2(NODE0) | ep_epoch2(NODE1) | ep_epoch3(NODE0) | ep_epoch4(NODE0) | held(NODE0) | locked_epoch3(NODE1) | transfer_epoch2(NODE0) | transfer_epoch2(NODE1) | NODE0 = NODE1","12","0-000---0---0--------0--------00------","10","38","F","677","0101010120","0101010120","e0h0l0t0","0-000---0---","0-","-------0----","----00------","0","5","0","1","0","1","0","2","2","0"
"1553","4","forall NODE1,NODE0. ep_epoch0(NODE0) | ep_epoch2(NODE0) | ep_epoch2(NODE1) | ep_epoch3(NODE0) | held(NODE0) | locked_epoch3(NODE1) | locked_epoch4(NODE0) | transfer_epoch2(NODE0) | transfer_epoch2(NODE1) | NODE0 = NODE1","12","0-00----0---0--------00-------00------","10","38","F","677","0101010120","0101010120","e0h0l0t0","0-00----0---","0-","-------00---","----00------","0","4","0","1","0","2","0","2","2","0"
"1554","4","forall NODE2,NODE1,NODE0,NODE3. ep_epoch0(NODE0) | ep_epoch2(NODE1) | ep_epoch3(NODE2) | ep_epoch5(NODE3) | held(NODE0) | locked_epoch2(NODE2) | locked_epoch3(NODE1) | transfer_epoch2(NODE1) | transfer_epoch2(NODE2) | ((NODE0 ~= NODE1 | NODE2 ~= NODE3 | NODE0 = NODE2) & (NODE0 ~= NODE2 | NODE1 ~= NODE3 | NODE0 = NODE1))","19","0-0------0-00------00---------00------","15","91","F","12","0101010140","0101010140","e0h0l0t0","0-0------0-0","0-","-----00-----","----00------","0","4","0","1","0","2","0","2","4","0"
"1555","4","forall NODE2,NODE1,NODE0,NODE3. ep_epoch0(NODE0) | ep_epoch2(NODE1) | ep_epoch3(NODE2) | held(NODE0) | locked_epoch2(NODE2) | locked_epoch3(NODE1) | locked_epoch5(NODE3) | transfer_epoch2(NODE1) | transfer_epoch2(NODE2) | ((NODE0 ~= NODE1 | NODE2 ~= NODE3 | NODE0 = NODE2) & (NODE0 ~= NODE2 | NODE1 ~= NODE3 | NODE0 = NODE1))","19","0-0------0--0------00----0----00------","15","91","F","12","0101010140","0101010140","e0h0l0t0","0-0------0--","0-","-----00----0","----00------","0","3","0","1","0","3","0","2","4","0"
"1556","4","forall NODE1,NODE0. ep_epoch0(NODE0) | ep_epoch2(NODE1) | ep_epoch3(NODE0) | ep_epoch4(NODE0) | held(NODE0) | locked_epoch2(NODE0) | locked_epoch3(NODE1) | transfer_epoch2(NODE0) | transfer_epoch2(NODE1) | NODE0 = NODE1","12","0--00---0---0-----0--0--------00------","10","38","F","677","0101010120","0101010120","e0h0l0t0","0--00---0---","0-","----0--0----","----00------","0","4","0","1","0","2","0","2","2","0"
"1557","4","forall NODE1,NODE0. ep_epoch0(NODE0) | ep_epoch2(NODE1) | ep_epoch3(NODE0) | held(NODE0) | locked_epoch2(NODE0) | locked_epoch3(NODE1) | locked_epoch4(NODE0) | transfer_epoch2(NODE0) | transfer_epoch2(NODE1) | NODE0 = NODE1","12","0--0----0---0-----0--00-------00------","10","38","F","677","0101010120","0101010120","e0h0l0t0","0--0----0---","0-","----0--00---","----00------","0","3","0","1","0","3","0","2","2","0"
"1558","4","forall NODE1,NODE0. ep_epoch0(NODE0) | ep_epoch2(NODE1) | ep_epoch3(NODE1) | ep_epoch4(NODE0) | held(NODE0) | locked_epoch2(NODE0) | locked_epoch4(NODE1) | transfer_epoch2(NODE0) | transfer_epoch2(NODE1) | NODE0 = NODE1","12","0---0---00--0-----0----0------00------","10","38","F","677","0101010120","0101010120","e0h0l0t0","0---0---00--","0-","----0----0--","----00------","0","4","0","1","0","2","0","2","2","0"
"1559","4","forall NODE1,NODE0. ep_epoch0(NODE0) | ep_epoch2(NODE1) | ep_epoch3(NODE1) | ep_epoch4(NODE1) | ep_epoch5(NODE1) | held(NODE0) | locked_epoch2(NODE0) | transfer_epoch2(NODE0) | transfer_epoch2(NODE1) | NODE0 = NODE1","12","0-------00000-----0-----------00------","10","38","F","677","0101010120","0101010120","e0h0l0t0","0-------0000","0-","----0-------","----00------","0","5","0","1","0","1","0","2","2","0"
"1560","4","forall NODE1,NODE0. ep_epoch0(NODE0) | ep_epoch2(NODE1) | ep_epoch3(NODE1) | ep_epoch4(NODE1) | held(NODE0) | locked_epoch2(NODE0) | locked_epoch5(NODE1) | transfer_epoch2(NODE0) | transfer_epoch2(NODE1) | NODE0 = NODE1","12","0-------000-0-----0------0----00------","10","38","F","677","0101010120","0101010120","e0h0l0t0","0-------000-","0-","----0------0","----00------","0","4","0","1","0","2","0","2","2","0"
"1561","4","forall NODE1,NODE0. ep_epoch0(NODE0) | ep_epoch2(NODE1) | ep_epoch3(NODE1) | ep_epoch5(NODE1) | held(NODE0) | locked_epoch2(NODE0) | locked_epoch4(NODE1) | transfer_epoch2(NODE0) | transfer_epoch2(NODE1) | NODE0 = NODE1","12","0-------00-00-----0----0------00------","10","38","F","677","0101010120","0101010120","e0h0l0t0","0-------00-0","0-","----0----0--","----00------","0","4","0","1","0","2","0","2","2","0"
"1562","4","forall NODE1,NODE0. ep_epoch0(NODE0) | ep_epoch2(NODE1) | ep_epoch3(NODE1) | held(NODE0) | locked_epoch2(NODE0) | locked_epoch4(NODE0) | locked_epoch4(NODE1) | transfer_epoch2(NODE0) | transfer_epoch2(NODE1) | NODE0 = NODE1","12","0-------00--0-----0---00------00------","10","38","F","677","0101010120","0101010120","e0h0l0t0","0-------00--","0-","----0---00--","----00------","0","3","0","1","0","3","0","2","2","0"
"1563","4","forall NODE1,NODE0. ep_epoch0(NODE0) | ep_epoch2(NODE1) | ep_epoch3(NODE1) | held(NODE0) | locked_epoch2(NODE0) | locked_epoch4(NODE1) | locked_epoch5(NODE1) | transfer_epoch2(NODE0) | transfer_epoch2(NODE1) | NODE0 = NODE1","12","0-------00--0-----0----0-0----00------","10","38","F","677","0101010120","0101010120","e0h0l0t0","0-------00--","0-","----0----0-0","----00------","0","3","0","1","0","3","0","2","2","0"
"1564","4","forall NODE1,NODE0. ep_epoch0(NODE0) | ep_epoch2(NODE1) | ep_epoch4(NODE0) | held(NODE0) | locked_epoch2(NODE0) | locked_epoch3(NODE1) | locked_epoch4(NODE1) | transfer_epoch2(NODE0) | transfer_epoch2(NODE1) | NODE0 = NODE1","12","0---0---0---0-----0--0-0------00------","10","38","F","677","0101010120","0101010120","e0h0l0t0","0---0---0---","0-","----0--0-0--","----00------","0","3","0","1","0","3","0","2","2","0"
"1565","4","forall NODE1,NODE0. ep_epoch0(NODE0) | ep_epoch2(NODE1) | ep_epoch4(NODE1) | ep_epoch5(NODE1) | held(NODE0) | locked_epoch2(NODE0) | locked_epoch3(NODE1) | transfer_epoch2(NODE0) | transfer_epoch2(NODE1) | NODE0 = NODE1","12","0-------0-000-----0--0--------00------","10","38","F","677","0101010120","0101010120","e0h0l0t0","0-------0-00","0-","----0--0----","----00------","0","4","0","1","0","2","0","2","2","0"
"1566","4","forall NODE1,NODE0. ep_epoch0(NODE0) | ep_epoch2(NODE1) | ep_epoch4(NODE1) | held(NODE0) | locked_epoch2(NODE0) | locked_epoch3(NODE1) | locked_epoch5(NODE1) | transfer_epoch2(NODE0) | transfer_epoch2(NODE1) | NODE0 = NODE1","12","0-------0-0-0-----0--0---0----00------","10","38","F","677","0101010120","0101010120","e0h0l0t0","0-------0-0-","0-","----0--0---0","----00------","0","3","0","1","0","3","0","2","2","0"
"1567","4","forall NODE1,NODE0. ep_epoch0(NODE0) | ep_epoch2(NODE1) | ep_epoch5(NODE1) | held(NODE0) | locked_epoch2(NODE0) | locked_epoch3(NODE1) | locked_epoch4(NODE1) | transfer_epoch2(NODE0) | transfer_epoch2(NODE1) | NODE0 = NODE1","12","0-------0--00-----0--0-0------00------","10","38","F","677","0101010120","0101010120","e0h0l0t0","0-------0--0","0-","----0--0-0--","----00------","0","3","0","1","0","3","0","2","2","0"
"1568","4","forall NODE1,NODE0. ep_epoch0(NODE0) | ep_epoch2(NODE1) | held(NODE0) | locked_epoch2(NODE0) | locked_epoch3(NODE1) | locked_epoch4(NODE0) | locked_epoch4(NODE1) | transfer_epoch2(NODE0) | transfer_epoch2(NODE1) | NODE0 = NODE1","12","0-------0---0-----0--000------00------","10","38","F","677","0101010120","0101010120","e0h0l0t0","0-------0---","0-","----0--000--","----00------","0","2","0","1","0","4","0","2","2","0"
"1569","4","forall NODE1,NODE0. ep_epoch0(NODE0) | ep_epoch2(NODE1) | held(NODE0) | locked_epoch2(NODE0) | locked_epoch3(NODE1) | locked_epoch4(NODE1) | locked_epoch5(NODE1) | transfer_epoch2(NODE0) | transfer_epoch2(NODE1) | NODE0 = NODE1","12","0-------0---0-----0--0-0-0----00------","10","38","F","677","0101010120","0101010120","e0h0l0t0","0-------0---","0-","----0--0-0-0","----00------","0","2","0","1","0","4","0","2","2","0"
"1570","4","forall NODE1,NODE0. ep_epoch0(NODE0) | ep_epoch2(NODE1) | held(NODE0) | locked_epoch3(NODE0) | locked_epoch3(NODE1) | transfer_epoch2(NODE0) | transfer_epoch2(NODE1) | transfer_epoch3(NODE0) | transfer_epoch3(NODE1) | NODE0 = NODE1","12","0-------0---0-------00--------0000----","10","38","F","677","0101010120","0101010120","e0h0l0t0","0-------0---","0-","------00----","----0000----","0","2","0","1","0","2","0","4","2","0"
"1571","4","forall NODE1,NODE0. ep_epoch0(NODE0) | held(NODE0) | locked_epoch2(NODE1) | locked_epoch3(NODE0) | locked_epoch3(NODE1) | transfer_epoch2(NODE0) | transfer_epoch2(NODE1) | transfer_epoch3(NODE0) | transfer_epoch3(NODE1) | NODE0 = NODE1","12","0-----------0------000--------0000----","10","38","F","677","0101010120","0101010120","e0h0l0t0","0-----------","0-","-----000----","----0000----","0","1","0","1","0","3","0","4","2","0"
"1572","2","forall NODE1,NODE0. ep_epoch1(NODE0) | ep_epoch1(NODE1) | ep_epoch2(NODE0) | ep_epoch2(NODE1) | ep_epoch3(NODE0) | ep_epoch3(NODE1) | ep_epoch4(NODE0) | ep_epoch5(NODE0) | locked_epoch4(NODE1) | NODE0 = NODE1","12","-00000-000-------------0--------------","10","33","F","119","0100010020","0100010020","e0l0","-00000-000--","--","---------0--","------------","0","8","0","0","0","1","0","0","2","0"
"1573","3","forall NODE1,NODE0. ep_epoch1(NODE0) | ep_epoch1(NODE1) | ep_epoch2(NODE0) | ep_epoch2(NODE1) | ep_epoch3(NODE0) | ep_epoch3(NODE1) | ep_epoch4(NODE1) | held(NODE1) | locked_epoch4(NODE0) | NODE0 = NODE1","12","-0000--000--0----------0--------------","10","34","F","42","0101010020","0101010020","e0h0l0","-0000--000--","0-","---------0--","------------","0","7","0","1","0","1","0","0","2","0"
"1574","2","forall NODE1,NODE0. ep_epoch1(NODE0) | ep_epoch1(NODE1) | ep_epoch2(NODE0) | ep_epoch2(NODE1) | ep_epoch3(NODE0) | ep_epoch3(NODE1) | ep_epoch4(NODE0) | locked_epoch4(NODE1) | locked_epoch5(NODE0) | NODE0 = NODE1","12","-0000--000-------------00-------------","10","33","F","119","0100010020","0100010020","e0l0","-0000--000--","--","---------00-","------------","0","7","0","0","0","2","0","0","2","0"
"1575","4","forall NODE1,NODE0. ep_epoch1(NODE0) | ep_epoch1(NODE1) | ep_epoch2(NODE0) | ep_epoch3(NODE0) | ep_epoch5(NODE1) | held(NODE0) | locked_epoch2(NODE1) | transfer_epoch5(NODE0) | transfer_epoch5(NODE1) | NODE0 = NODE1","12","-000---0---00------0----------------00","10","38","F","677","0101010120","0101010120","e0h0l0t0","-000---0---0","0-","-----0------","----------00","0","5","0","1","0","1","0","2","2","0"
"1576","4","forall NODE1,NODE0. ep_epoch1(NODE0) | ep_epoch1(NODE1) | ep_epoch2(NODE0) | ep_epoch3(NODE0) | held(NODE0) | held(NODE1) | locked_epoch2(NODE1) | transfer_epoch5(NODE0) | transfer_epoch5(NODE1) | NODE0 = NODE1","12","-000---0----00-----0----------------00","10","38","F","677","0101010120","0101010120","e0h0l0t0","-000---0----","00","-----0------","----------00","0","4","0","2","0","1","0","2","2","0"
"1577","4","forall NODE1,NODE0. ep_epoch1(NODE0) | ep_epoch1(NODE1) | ep_epoch2(NODE0) | ep_epoch3(NODE0) | held(NODE0) | locked_epoch2(NODE1) | locked_epoch5(NODE1) | transfer_epoch5(NODE0) | transfer_epoch5(NODE1) | NODE0 = NODE1","12","-000---0----0------0-----0----------00","10","38","F","677","0101010120","0101010120","e0h0l0t0","-000---0----","0-","-----0-----0","----------00","0","4","0","1","0","2","0","2","2","0"
"1578","4","forall NODE1,NODE0. ep_epoch1(NODE0) | ep_epoch1(NODE1) | ep_epoch2(NODE0) | ep_epoch3(NODE1) | ep_epoch4(NODE1) | held(NODE1) | locked_epoch3(NODE0) | transfer_epoch3(NODE0) | transfer_epoch3(NODE1) | NODE0 = NODE1","12","-00----0-00--0------0-----------00----","10","38","F","677","0101010120","0101010120","e0h0l0t0","-00----0-00-","-0","------0-----","------00----","0","5","0","1","0","1","0","2","2","0"
"1579","4","forall NODE1,NODE0. ep_epoch1(NODE0) | ep_epoch1(NODE1) | ep_epoch2(NODE0) | ep_epoch3(NODE1) | held(NODE1) | locked_epoch3(NODE0) | locked_epoch4(NODE1) | transfer_epoch3(NODE0) | transfer_epoch3(NODE1) | NODE0 = NODE1","12","-00----0-0---0------0--0--------00----","10","38","F","677","0101010120","0101010120","e0h0l0t0","-00----0-0--","-0","------0--0--","------00----","0","4","0","1","0","2","0","2","2","0"
"1580","4","forall NODE1,NODE0. ep_epoch1(NODE0) | ep_epoch1(NODE1) | ep_epoch2(NODE0) | ep_epoch4(NODE0) | held(NODE0) | locked_epoch2(NODE1) | locked_epoch4(NODE1) | transfer_epoch4(NODE0) | transfer_epoch4(NODE1) | NODE0 = NODE1","12","-00-0--0----0------0---0----------00--","10","38","F","677","0101010120","0101010120","e0h0l0t0","-00-0--0----","0-","-----0---0--","--------00--","0","4","0","1","0","2","0","2","2","0"
"1581","4","forall NODE1,NODE0. ep_epoch1(NODE0) | ep_epoch1(NODE1) | ep_epoch2(NODE0) | ep_epoch5(NODE1) | held(NODE0) | locked_epoch2(NODE1) | locked_epoch3(NODE0) | transfer_epoch5(NODE0) | transfer_epoch5(NODE1) | NODE0 = NODE1","12","-00----0---00------00---------------00","10","38","F","677","0101010120","0101010120","e0h0l0t0","-00----0---0","0-","-----00-----","----------00","0","4","0","1","0","2","0","2","2","0"
"1582","4","forall NODE1,NODE0. ep_epoch1(NODE0) | ep_epoch1(NODE1) | ep_epoch2(NODE0) | held(NODE0) | held(NODE1) | locked_epoch2(NODE1) | locked_epoch3(NODE0) | transfer_epoch5(NODE0) | transfer_epoch5(NODE1) | NODE0 = NODE1","12","-00----0----00-----00---------------00","10","38","F","677","0101010120","0101010120","e0h0l0t0","-00----0----","00","-----00-----","----------00","0","3","0","2","0","2","0","2","2","0"
"1583","4","forall NODE1,NODE0. ep_epoch1(NODE0) | ep_epoch1(NODE1) | ep_epoch2(NODE0) | held(NODE0) | locked_epoch2(NODE1) | locked_epoch3(NODE0) | locked_epoch5(NODE1) | transfer_epoch5(NODE0) | transfer_epoch5(NODE1) | NODE0 = NODE1","12","-00----0----0------00----0----------00","10","38","F","677","0101010120","0101010120","e0h0l0t0","-00----0----","0-","-----00----0","----------00","0","3","0","1","0","3","0","2","2","0"
"1584","4","forall NODE1,NODE0. ep_epoch1(NODE0) | ep_epoch1(NODE1) | ep_epoch2(NODE0) | held(NODE0) | locked_epoch2(NODE1) | locked_epoch4(NODE0) | locked_epoch4(NODE1) | transfer_epoch4(NODE0) | transfer_epoch4(NODE1) | NODE0 = NODE1","12","-00----0----0------0--00----------00--","10","38","F","677","0101010120","0101010120","e0h0l0t0","-00----0----","0-","-----0--00--","--------00--","0","3","0","1","0","3","0","2","2","0"
"1585","4","forall NODE1,NODE0. ep_epoch1(NODE0) | ep_epoch1(NODE1) | ep_epoch3(NODE1) | ep_epoch4(NODE1) | held(NODE0) | held(NODE1) | locked_epoch3(NODE0) | transfer_epoch3(NODE0) | transfer_epoch3(NODE1) | NODE0 = NODE1","12","-0-00--0----00-------0----------00----","10","38","F","677","0101010120","0101010120","e0h0l0t0","-0-00--0----","00","-------0----","------00----","0","4","0","2","0","1","0","2","2","0"
"1586","4","forall NODE1,NODE0. ep_epoch1(NODE0) | ep_epoch1(NODE1) | ep_epoch3(NODE1) | ep_epoch4(NODE1) | held(NODE1) | locked_epoch2(NODE0) | locked_epoch3(NODE0) | transfer_epoch3(NODE0) | transfer_epoch3(NODE1) | NODE0 = NODE1","12","-0-00--0----0------0-0----------00----","10","38","F","677","0101010120","0101010120","e0h0l0t0","-0-00--0----","0-","-----0-0----","------00----","0","4","0","1","0","2","0","2","2","0"
"1587","4","forall NODE1,NODE0. ep_epoch1(NODE0) | ep_epoch1(NODE1) | ep_epoch3(NODE1) | held(NODE0) | held(NODE1) | locked_epoch3(NODE0) | locked_epoch4(NODE1) | transfer_epoch3(NODE0) | transfer_epoch3(NODE1) | NODE0 = NODE1","12","-0-0---0----00-------00---------00----","10","38","F","677","0101010120","0101010120","e0h0l0t0","-0-0---0----","00","-------00---","------00----","0","3","0","2","0","2","0","2","2","0"
"1588","4","forall NODE1,NODE0. ep_epoch1(NODE0) | ep_epoch1(NODE1) | ep_epoch3(NODE1) | held(NODE1) | locked_epoch2(NODE0) | locked_epoch3(NODE0) | locked_epoch4(NODE1) | transfer_epoch3(NODE0) | transfer_epoch3(NODE1) | NODE0 = NODE1","12","-0-0---0----0------0-00---------00----","10","38","F","677","0101010120","0101010120","e0h0l0t0","-0-0---0----","0-","-----0-00---","------00----","0","3","0","1","0","3","0","2","2","0"
"1589","4","forall NODE1,NODE0. ep_epoch1(NODE0) | ep_epoch2(NODE0) | ep_epoch2(NODE1) | ep_epoch3(NODE1) | ep_epoch4(NODE1) | held(NODE1) | locked_epoch3(NODE0) | transfer_epoch2(NODE0) | transfer_epoch2(NODE1) | NODE0 = NODE1","12","-00-----000--0------0---------00------","10","38","F","677","0101010120","0101010120","e0h0l0t0","-00-----000-","-0","------0-----","----00------","0","5","0","1","0","1","0","2","2","0"
"1590","4","forall NODE1,NODE0. ep_epoch1(NODE0) | ep_epoch2(NODE0) | ep_epoch2(NODE1) | ep_epoch3(NODE1) | held(NODE1) | locked_epoch3(NODE0) | locked_epoch4(NODE1) | transfer_epoch2(NODE0) | transfer_epoch2(NODE1) | NODE0 = NODE1","12","-00-----00---0------0--0------00------","10","38","F","677","0101010120","0101010120","e0h0l0t0","-00-----00--","-0","------0--0--","----00------","0","4","0","1","0","2","0","2","2","0"
"1591","4","forall NODE1,NODE0. ep_epoch1(NODE0) | ep_epoch2(NODE0) | ep_epoch3(NODE0) | ep_epoch4(NODE0) | ep_epoch5(NODE0) | held(NODE1) | locked_epoch2(NODE1) | transfer_epoch2(NODE0) | transfer_epoch2(NODE1) | NODE0 = NODE1","12","-00000-------0-----0----------00------","10","38","F","677","0101010120","0101010120","e0h0l0t0","-00000------","-0","-----0------","----00------","0","5","0","1","0","1","0","2","2","0"
"1592","4","forall NODE1,NODE0. ep_epoch1(NODE0) | ep_epoch2(NODE0) | ep_epoch3(NODE0) | ep_epoch4(NODE0) | held(NODE1) | locked_epoch2(NODE1) | locked_epoch5(NODE0) | transfer_epoch2(NODE0) | transfer_epoch2(NODE1) | NODE0 = NODE1","12","-0000--------0-----0----0-----00------","10","38","F","677","0101010120","0101010120","e0h0l0t0","-0000-------","-0","-----0----0-","----00------","0","4","0","1","0","2","0","2","2","0"
"1593","4","forall NODE1,NODE0. ep_epoch1(NODE0) | ep_epoch2(NODE0) | ep_epoch3(NODE0) | ep_epoch4(NODE1) | held(NODE1) | locked_epoch2(NODE1) | locked_epoch4(NODE0) | transfer_epoch2(NODE0) | transfer_epoch2(NODE1) | NODE0 = NODE1","12","-000------0--0-----0--0-------00------","10","38","F","677","0101010120","0101010120","e0h0l0t0","-000------0-","-0","-----0--0---","----00------","0","4","0","1","0","2","0","2","2","0"
"1594","4","forall NODE1,NODE0. ep_epoch1(NODE0) | ep_epoch2(NODE0) | ep_epoch3(NODE0) | ep_epoch5(NODE0) | held(NODE1) | locked_epoch2(NODE1) | locked_epoch4(NODE0) | transfer_epoch2(NODE0) | transfer_epoch2(NODE1) | NODE0 = NODE1","12","-000-0-------0-----0--0-------00------","10","38","F","677","0101010120","0101010120","e0h0l0t0","-000-0------","-0","-----0--0---","----00------","0","4","0","1","0","2","0","2","2","0"
"1595","4","forall NODE1,NODE0. ep_epoch1(NODE0) | ep_epoch2(NODE0) | ep_epoch3(NODE0) | held(NODE1) | locked_epoch2(NODE1) | locked_epoch4(NODE0) | locked_epoch4(NODE1) | transfer_epoch2(NODE0) | transfer_epoch2(NODE1) | NODE0 = NODE1","12","-000---------0-----0--00------00------","10","38","F","677","0101010120","0101010120","e0h0l0t0","-000--------","-0","-----0--00--","----00------","0","3","0","1","0","3","0","2","2","0"
"1596","4","forall NODE1,NODE0. ep_epoch1(NODE0) | ep_epoch2(NODE0) | ep_epoch3(NODE0) | held(NODE1) | locked_epoch2(NODE1) | locked_epoch4(NODE0) | locked_epoch5(NODE0) | transfer_epoch2(NODE0) | transfer_epoch2(NODE1) | NODE0 = NODE1","12","-000---------0-----0--0-0-----00------","10","38","F","677","0101010120","0101010120","e0h0l0t0","-000--------","-0","-----0--0-0-","----00------","0","3","0","1","0","3","0","2","2","0"
"1597","4","forall NODE1,NODE0. ep_epoch1(NODE0) | ep_epoch2(NODE0) | ep_epoch3(NODE1) | ep_epoch4(NODE1) | held(NODE1) | locked_epoch2(NODE1) | locked_epoch3(NODE0) | transfer_epoch2(NODE0) | transfer_epoch2(NODE1) | NODE0 = NODE1","12","-00------00--0-----00---------00------","10","38","F","677","0101010120","0101010120","e0h0l0t0","-00------00-","-0","-----00-----","----00------","0","4","0","1","0","2","0","2","2","0"
"1598","4","forall NODE2,NODE1,NODE0,NODE3. ep_epoch1(NODE0) | ep_epoch2(NODE1) | ep_epoch3(NODE2) | ep_epoch5(NODE0) | held(NODE3) | locked_epoch2(NODE2) | locked_epoch3(NODE1) | transfer_epoch2(NODE1) | transfer_epoch2(NODE2) | ((NODE0 ~= NODE1 | NODE2 ~= NODE3 | NODE0 = NODE2) & (NODE0 ~= NODE2 | NODE1 ~= NODE3 | NODE0 = NODE1))","19","-00--0---0---0-----00---------00------","15","91","F","12","0101010140","0101010140","e0h0l0t0","-00--0---0--","-0","-----00-----","----00------","0","4","0","1","0","2","0","2","4","0"
"1599","4","forall NODE1,NODE0. ep_epoch1(NODE0) | ep_epoch2(NODE0) | ep_epoch3(NODE1) | held(NODE1) | locked_epoch2(NODE1) | locked_epoch3(NODE0) | locked_epoch4(NODE1) | transfer_epoch2(NODE0) | transfer_epoch2(NODE1) | NODE0 = NODE1","12","-00------0---0-----00--0------00------","10","38","F","677","0101010120","0101010120","e0h0l0t0","-00------0--","-0","-----00--0--","----00------","0","3","0","1","0","3","0","2","2","0"
"1600","4","forall NODE2,NODE1,NODE0,NODE3. ep_epoch1(NODE0) | ep_epoch2(NODE1) | ep_epoch3(NODE2) | held(NODE3) | locked_epoch2(NODE2) | locked_epoch3(NODE1) | locked_epoch5(NODE0) | transfer_epoch2(NODE1) | transfer_epoch2(NODE2) | ((NODE0 ~= NODE1 | NODE2 ~= NODE3 | NODE0 = NODE2) & (NODE0 ~= NODE2 | NODE1 ~= NODE3 | NODE0 = NODE1))","19","-00------0---0-----00---0-----00------","15","91","F","12","0101010140","0101010140","e0h0l0t0","-00------0--","-0","-----00---0-","----00------","0","3","0","1","0","3","0","2","4","0"
"1601","4","forall NODE1,NODE0. ep_epoch1(NODE0) | ep_epoch2(NODE0) | ep_epoch4(NODE0) | ep_epoch5(NODE0) | held(NODE1) | locked_epoch2(NODE1) | locked_epoch3(NODE0) | transfer_epoch2(NODE0) | transfer_epoch2(NODE1) | NODE0 = NODE1","12","-00-00-------0-----00---------00------","10","38","F","677","0101010120","0101010120","e0h0l0t0","-00-00------","-0","-----00-----","----00------","0","4","0","1","0","2","0","2","2","0"
"1602","4","forall NODE1,NODE0. ep_epoch1(NODE0) | ep_epoch2(NODE0) | ep_epoch4(NODE0) | held(NODE1) | locked_epoch2(NODE1) | locked_epoch3(NODE0) | locked_epoch5(NODE0) | transfer_epoch2(NODE0) | transfer_epoch2(NODE1) | NODE0 = NODE1","12","-00-0--------0-----00---0-----00------","10","38","F","677","0101010120","0101010120","e0h0l0t0","-00-0-------","-0","-----00---0-","----00------","0","3","0","1","0","3","0","2","2","0"
"1603","4","forall NODE1,NODE0. ep_epoch1(NODE0) | ep_epoch2(NODE0) | ep_epoch4(NODE1) | held(NODE1) | locked_epoch2(NODE1) | locked_epoch3(NODE0) | locked_epoch4(NODE0) | transfer_epoch2(NODE0) | transfer_epoch2(NODE1) | NODE0 = NODE1","12","-00-------0--0-----00-0-------00------","10","38","F","677","0101010120","0101010120","e0h0l0t0","-00-------0-","-0","-----00-0---","----00------","0","3","0","1","0","3","0","2","2","0"
"1604","4","forall NODE1,NODE0. ep_epoch1(NODE0) | ep_epoch2(NODE0) | ep_epoch5(NODE0) | held(NODE1) | locked_epoch2(NODE1) | locked_epoch3(NODE0) | locked_epoch4(NODE0) | transfer_epoch2(NODE0) | transfer_epoch2(NODE1) | NODE0 = NODE1","12","-00--0-------0-----00-0-------00------","10","38","F","677","0101010120","0101010120","e0h0l0t0","-00--0------","-0","-----00-0---","----00------","0","3","0","1","0","3","0","2","2","0"
"1605","4","forall NODE1,NODE0. ep_epoch1(NODE0) | ep_epoch2(NODE0) | held(NODE1) | locked_epoch2(NODE1) | locked_epoch3(NODE0) | locked_epoch4(NODE0) | locked_epoch4(NODE1) | transfer_epoch2(NODE0) | transfer_epoch2(NODE1) | NODE0 = NODE1","12","-00----------0-----00-00------00------","10","38","F","677","0101010120","0101010120","e0h0l0t0","-00---------","-0","-----00-00--","----00------","0","2","0","1","0","4","0","2","2","0"
"1606","4","forall NODE1,NODE0. ep_epoch1(NODE0) | ep_epoch2(NODE0) | held(NODE1) | locked_epoch2(NODE1) | locked_epoch3(NODE0) | locked_epoch4(NODE0) | locked_epoch5(NODE0) | transfer_epoch2(NODE0) | transfer_epoch2(NODE1) | NODE0 = NODE1","12","-00----------0-----00-0-0-----00------","10","38","F","677","0101010120","0101010120","e0h0l0t0","-00---------","-0","-----00-0-0-","----00------","0","2","0","1","0","4","0","2","2","0"
"1607","4","forall NODE1,NODE0. ep_epoch1(NODE0) | ep_epoch2(NODE0) | held(NODE1) | locked_epoch3(NODE0) | locked_epoch3(NODE1) | transfer_epoch2(NODE0) | transfer_epoch2(NODE1) | transfer_epoch3(NODE0) | transfer_epoch3(NODE1) | NODE0 = NODE1","12","-00----------0------00--------0000----","10","38","F","677","0101010120","0101010120","e0h0l0t0","-00---------","-0","------00----","----0000----","0","2","0","1","0","2","0","4","2","0"
"1608","4","forall NODE1,NODE0. ep_epoch1(NODE0) | held(NODE1) | locked_epoch2(NODE0) | locked_epoch3(NODE0) | locked_epoch3(NODE1) | transfer_epoch2(NODE0) | transfer_epoch2(NODE1) | transfer_epoch3(NODE0) | transfer_epoch3(NODE1) | NODE0 = NODE1","12","-0-----------0----0-00--------0000----","10","38","F","677","0101010120","0101010120","e0h0l0t0","-0----------","-0","----0-00----","----0000----","0","1","0","1","0","3","0","4","2","0"
"1609","4","forall NODE1,NODE0. ep_epoch2(NODE0) | ep_epoch2(NODE1) | ep_epoch3(NODE1) | ep_epoch4(NODE1) | held(NODE0) | held(NODE1) | locked_epoch3(NODE0) | transfer_epoch2(NODE0) | transfer_epoch2(NODE1) | NODE0 = NODE1","12","--000---0---00-------0--------00------","10","38","F","677","0101010120","0101010120","e0h0l0t0","--000---0---","00","-------0----","----00------","0","4","0","2","0","1","0","2","2","0"
"1610","4","forall NODE1,NODE0. ep_epoch2(NODE0) | ep_epoch2(NODE1) | ep_epoch3(NODE1) | held(NODE0) | held(NODE1) | locked_epoch3(NODE0) | locked_epoch4(NODE1) | transfer_epoch2(NODE0) | transfer_epoch2(NODE1) | NODE0 = NODE1","12","--00----0---00-------00-------00------","10","38","F","677","0101010120","0101010120","e0h0l0t0","--00----0---","00","-------00---","----00------","0","3","0","2","0","2","0","2","2","0"
"1611","4","forall NODE1,NODE0. ep_epoch2(NODE0) | ep_epoch3(NODE0) | held(NODE0) | held(NODE1) | locked_epoch2(NODE1) | transfer_epoch2(NODE0) | transfer_epoch2(NODE1) | transfer_epoch5(NODE0) | transfer_epoch5(NODE1) | NODE0 = NODE1","12","--00--------00-----0----------00----00","10","38","F","677","0101010120","0101010120","e0h0l0t0","--00--------","00","-----0------","----00----00","0","2","0","2","0","1","0","4","2","0"
"1612","4","forall NODE1,NODE0. ep_epoch2(NODE0) | held(NODE0) | held(NODE1) | locked_epoch2(NODE1) | locked_epoch3(NODE0) | transfer_epoch2(NODE0) | transfer_epoch2(NODE1) | transfer_epoch5(NODE0) | transfer_epoch5(NODE1) | NODE0 = NODE1","12","--0---------00-----00---------00----00","10","38","F","677","0101010120","0101010120","e0h0l0t0","--0---------","00","-----00-----","----00----00","0","1","0","2","0","2","0","4","2","0"
"1613","4","forall NODE1,NODE0. ep_epoch3(NODE0) | ep_epoch4(NODE0) | held(NODE0) | held(NODE1) | locked_epoch3(NODE1) | transfer_epoch2(NODE0) | transfer_epoch2(NODE1) | transfer_epoch3(NODE0) | transfer_epoch3(NODE1) | NODE0 = NODE1","12","---00-------00-------0--------0000----","10","38","F","677","0101010120","0101010120","e0h0l0t0","---00-------","00","-------0----","----0000----","0","2","0","2","0","1","0","4","2","0"
"1614","4","forall NODE1,NODE0. ep_epoch3(NODE0) | held(NODE0) | held(NODE1) | locked_epoch3(NODE1) | locked_epoch4(NODE0) | transfer_epoch2(NODE0) | transfer_epoch2(NODE1) | transfer_epoch3(NODE0) | transfer_epoch3(NODE1) | NODE0 = NODE1","12","---0--------00-------00-------0000----","10","38","F","677","0101010120","0101010120","e0h0l0t0","---0--------","00","-------00---","----0000----","0","1","0","2","0","2","0","4","2","0"
"1615","3","forall NODE1,NODE0. ~ep_epoch0(NODE0) | held(NODE1) | transfer_epoch2(NODE0) | transfer_epoch2(NODE1) | transfer_epoch3(NODE0) | transfer_epoch3(NODE1) | transfer_epoch4(NODE0) | transfer_epoch4(NODE1) | transfer_epoch5(NODE0) | transfer_epoch5(NODE1) | NODE0 = NODE1","13","1------------0----------------00000000","11","31","F","14","1001000120","1001000120","e1h0t0","1-----------","-0","------------","----00000000","1","0","0","1","0","0","0","8","2","0"
"1616","4","forall NODE1,NODE0. ~ep_epoch1(NODE0) | ep_epoch2(NODE1) | held(NODE0) | held(NODE1) | transfer_epoch2(NODE0) | transfer_epoch2(NODE1) | transfer_epoch4(NODE0) | transfer_epoch4(NODE1) | transfer_epoch5(NODE0) | transfer_epoch5(NODE1) | NODE0 = NODE1","13","-1------0---00----------------00--0000","11","35","F","40","1101000120","1101000120","e1e0h0t0","-1------0---","00","------------","----00--0000","1","1","0","2","0","0","0","6","2","0"
"1617","4","forall NODE1,NODE0. ~ep_epoch1(NODE0) | ep_epoch3(NODE1) | held(NODE0) | held(NODE1) | transfer_epoch2(NODE0) | transfer_epoch2(NODE1) | transfer_epoch3(NODE0) | transfer_epoch3(NODE1) | transfer_epoch5(NODE0) | transfer_epoch5(NODE1) | NODE0 = NODE1","13","-1-------0--00----------------0000--00","11","35","F","40","1101000120","1101000120","e1e0h0t0","-1-------0--","00","------------","----0000--00","1","1","0","2","0","0","0","6","2","0"
"1618","4","forall NODE1,NODE0. ~ep_epoch1(NODE0) | ep_epoch4(NODE1) | held(NODE0) | held(NODE1) | transfer_epoch2(NODE0) | transfer_epoch2(NODE1) | transfer_epoch3(NODE0) | transfer_epoch3(NODE1) | transfer_epoch4(NODE0) | transfer_epoch4(NODE1) | NODE0 = NODE1","13","-1--------0-00----------------000000--","11","35","F","40","1101000120","1101000120","e1e0h0t0","-1--------0-","00","------------","----000000--","1","1","0","2","0","0","0","6","2","0"
"1619","4","forall NODE1,NODE0. ~ep_epoch1(NODE0) | held(NODE0) | held(NODE1) | locked_epoch4(NODE1) | transfer_epoch2(NODE0) | transfer_epoch2(NODE1) | transfer_epoch3(NODE0) | transfer_epoch3(NODE1) | transfer_epoch4(NODE0) | transfer_epoch4(NODE1) | NODE0 = NODE1","13","-1----------00---------0------000000--","11","36","F","10","1001010120","1001010120","e1h0l0t0","-1----------","00","---------0--","----000000--","1","0","0","2","0","1","0","6","2","0"
"1620","4","forall NODE1,NODE0. ~locked_epoch2(NODE0) | ep_epoch0(NODE1) | ep_epoch1(NODE1) | ep_epoch4(NODE0) | ep_epoch5(NODE0) | held(NODE1) | transfer_epoch4(NODE0) | transfer_epoch4(NODE1) | transfer_epoch5(NODE0) | transfer_epoch5(NODE1) | NODE0 = NODE1","13","----0000-----0----1---------------0000","11","61","F","32","0101100120","0101100120","e0h0l1t0","----0000----","-0","----1-------","--------0000","0","4","0","1","1","0","0","4","2","0"
"1621","5","forall NODE1,NODE0. ~locked_epoch2(NODE0) | ep_epoch0(NODE1) | ep_epoch1(NODE1) | ep_epoch4(NODE0) | held(NODE1) | locked_epoch5(NODE0) | transfer_epoch4(NODE0) | transfer_epoch4(NODE1) | transfer_epoch5(NODE0) | transfer_epoch5(NODE1) | NODE0 = NODE1","13","----0-00-----0----1-----0---------0000","11","81","F","80","0101110120","0101110120","e0h0l1l0t0","----0-00----","-0","----1-----0-","--------0000","0","3","0","1","1","1","0","4","2","0"
"1622","5","forall NODE1,NODE0. ~locked_epoch2(NODE0) | ep_epoch0(NODE1) | ep_epoch1(NODE1) | ep_epoch5(NODE0) | held(NODE1) | locked_epoch4(NODE0) | transfer_epoch4(NODE0) | transfer_epoch4(NODE1) | transfer_epoch5(NODE0) | transfer_epoch5(NODE1) | NODE0 = NODE1","13","-----000-----0----1---0-----------0000","11","81","F","80","0101110120","0101110120","e0h0l1l0t0","-----000----","-0","----1---0---","--------0000","0","3","0","1","1","1","0","4","2","0"
"1623","5","forall NODE1,NODE0. ~locked_epoch2(NODE0) | ep_epoch0(NODE1) | ep_epoch1(NODE1) | held(NODE1) | locked_epoch4(NODE0) | locked_epoch5(NODE0) | transfer_epoch4(NODE0) | transfer_epoch4(NODE1) | transfer_epoch5(NODE0) | transfer_epoch5(NODE1) | NODE0 = NODE1","13","------00-----0----1---0-0---------0000","11","81","F","80","0101110120","0101110120","e0h0l1l0t0","------00----","-0","----1---0-0-","--------0000","0","2","0","1","1","2","0","4","2","0"
"1624","4","forall NODE1,NODE0. ~locked_epoch2(NODE0) | ep_epoch3(NODE0) | ep_epoch3(NODE1) | ep_epoch4(NODE1) | ep_epoch5(NODE1) | held(NODE0) | transfer_epoch3(NODE0) | transfer_epoch3(NODE1) | transfer_epoch5(NODE0) | transfer_epoch5(NODE1) | NODE0 = NODE1","13","---0-----0000-----1-------------00--00","11","61","F","32","0101100120","0101100120","e0h0l1t0","---0-----000","0-","----1-------","------00--00","0","4","0","1","1","0","0","4","2","0"
"1625","5","forall NODE1,NODE0. ~locked_epoch2(NODE0) | ep_epoch3(NODE0) | ep_epoch3(NODE1) | ep_epoch4(NODE1) | held(NODE0) | locked_epoch5(NODE1) | transfer_epoch3(NODE0) | transfer_epoch3(NODE1) | transfer_epoch5(NODE0) | transfer_epoch5(NODE1) | NODE0 = NODE1","13","---0-----00-0-----1------0------00--00","11","81","F","80","0101110120","0101110120","e0h0l1l0t0","---0-----00-","0-","----1------0","------00--00","0","3","0","1","1","1","0","4","2","0"
"1626","5","forall NODE1,NODE0. ~locked_epoch2(NODE0) | ep_epoch3(NODE0) | ep_epoch3(NODE1) | ep_epoch5(NODE1) | held(NODE0) | locked_epoch4(NODE1) | transfer_epoch3(NODE0) | transfer_epoch3(NODE1) | transfer_epoch5(NODE0) | transfer_epoch5(NODE1) | NODE0 = NODE1","13","---0-----0-00-----1----0--------00--00","11","81","F","80","0101110120","0101110120","e0h0l1l0t0","---0-----0-0","0-","----1----0--","------00--00","0","3","0","1","1","1","0","4","2","0"
"1627","5","forall NODE1,NODE0. ~locked_epoch2(NODE0) | ep_epoch3(NODE0) | ep_epoch3(NODE1) | held(NODE0) | locked_epoch4(NODE1) | locked_epoch5(NODE1) | transfer_epoch3(NODE0) | transfer_epoch3(NODE1) | transfer_epoch5(NODE0) | transfer_epoch5(NODE1) | NODE0 = NODE1","13","---0-----0--0-----1----0-0------00--00","11","81","F","80","0101110120","0101110120","e0h0l1l0t0","---0-----0--","0-","----1----0-0","------00--00","0","2","0","1","1","2","0","4","2","0"
"1628","4","forall NODE1,NODE0. ~locked_epoch2(NODE0) | ep_epoch3(NODE1) | ep_epoch4(NODE0) | ep_epoch4(NODE1) | ep_epoch5(NODE1) | held(NODE0) | transfer_epoch3(NODE0) | transfer_epoch3(NODE1) | transfer_epoch4(NODE0) | transfer_epoch4(NODE1) | NODE0 = NODE1","13","----0----0000-----1-------------0000--","11","61","F","32","0101100120","0101100120","e0h0l1t0","----0----000","0-","----1-------","------0000--","0","4","0","1","1","0","0","4","2","0"
"1629","5","forall NODE1,NODE0. ~locked_epoch2(NODE0) | ep_epoch3(NODE1) | ep_epoch4(NODE0) | ep_epoch4(NODE1) | held(NODE0) | locked_epoch5(NODE1) | transfer_epoch3(NODE0) | transfer_epoch3(NODE1) | transfer_epoch4(NODE0) | transfer_epoch4(NODE1) | NODE0 = NODE1","13","----0----00-0-----1------0------0000--","11","81","F","80","0101110120","0101110120","e0h0l1l0t0","----0----00-","0-","----1------0","------0000--","0","3","0","1","1","1","0","4","2","0"
"1630","5","forall NODE1,NODE0. ~locked_epoch2(NODE0) | ep_epoch3(NODE1) | ep_epoch4(NODE1) | ep_epoch5(NODE1) | held(NODE0) | locked_epoch4(NODE0) | transfer_epoch3(NODE0) | transfer_epoch3(NODE1) | transfer_epoch4(NODE0) | transfer_epoch4(NODE1) | NODE0 = NODE1","13","---------0000-----1---0---------0000--","11","81","F","80","0101110120","0101110120","e0h0l1l0t0","---------000","0-","----1---0---","------0000--","0","3","0","1","1","1","0","4","2","0"
"1631","5","forall NODE1,NODE0. ~locked_epoch2(NODE0) | ep_epoch3(NODE1) | ep_epoch4(NODE1) | held(NODE0) | locked_epoch4(NODE0) | locked_epoch5(NODE1) | transfer_epoch3(NODE0) | transfer_epoch3(NODE1) | transfer_epoch4(NODE0) | transfer_epoch4(NODE1) | NODE0 = NODE1","13","---------00-0-----1---0--0------0000--","11","81","F","80","0101110120","0101110120","e0h0l1l0t0","---------00-","0-","----1---0--0","------0000--","0","2","0","1","1","2","0","4","2","0"
"1632","5","forall NODE1,NODE0. ~locked_epoch2(NODE0) | ep_epoch4(NODE0) | ep_epoch4(NODE1) | ep_epoch5(NODE1) | held(NODE0) | locked_epoch3(NODE1) | transfer_epoch3(NODE0) | transfer_epoch3(NODE1) | transfer_epoch4(NODE0) | transfer_epoch4(NODE1) | NODE0 = NODE1","13","----0-----000-----1--0----------0000--","11","81","F","80","0101110120","0101110120","e0h0l1l0t0","----0-----00","0-","----1--0----","------0000--","0","3","0","1","1","1","0","4","2","0"
"1633","5","forall NODE1,NODE0. ~locked_epoch2(NODE0) | ep_epoch4(NODE0) | ep_epoch4(NODE1) | held(NODE0) | locked_epoch3(NODE1) | locked_epoch5(NODE1) | transfer_epoch3(NODE0) | transfer_epoch3(NODE1) | transfer_epoch4(NODE0) | transfer_epoch4(NODE1) | NODE0 = NODE1","13","----0-----0-0-----1--0---0------0000--","11","81","F","80","0101110120","0101110120","e0h0l1l0t0","----0-----0-","0-","----1--0---0","------0000--","0","2","0","1","1","2","0","4","2","0"
"1634","5","forall NODE1,NODE0. ~locked_epoch2(NODE0) | ep_epoch4(NODE1) | ep_epoch5(NODE1) | held(NODE0) | locked_epoch3(NODE1) | locked_epoch4(NODE0) | transfer_epoch3(NODE0) | transfer_epoch3(NODE1) | transfer_epoch4(NODE0) | transfer_epoch4(NODE1) | NODE0 = NODE1","13","----------000-----1--00---------0000--","11","81","F","80","0101110120","0101110120","e0h0l1l0t0","----------00","0-","----1--00---","------0000--","0","2","0","1","1","2","0","4","2","0"
"1635","5","forall NODE1,NODE0. ~locked_epoch2(NODE0) | ep_epoch4(NODE1) | held(NODE0) | locked_epoch3(NODE1) | locked_epoch4(NODE0) | locked_epoch5(NODE1) | transfer_epoch3(NODE0) | transfer_epoch3(NODE1) | transfer_epoch4(NODE0) | transfer_epoch4(NODE1) | NODE0 = NODE1","13","----------0-0-----1--00--0------0000--","11","81","F","80","0101110120","0101110120","e0h0l1l0t0","----------0-","0-","----1--00--0","------0000--","0","1","0","1","1","3","0","4","2","0"
"1636","1","exists NODE0. ep_epoch0(NODE0) | ep_epoch1(NODE0) | ep_epoch2(NODE0) | ep_epoch3(NODE0) | ep_epoch4(NODE0)","6","00000-00000---------------------------","5","5","E","6","e0","0100000001","e0","00000-00000-","--","------------","------------","0","10","0","0","0","0","0","0","0","1"
"1637","1","exists NODE0. ep_epoch0(NODE0) | ep_epoch1(NODE0) | ep_epoch2(NODE0) | ep_epoch3(NODE0) | ep_epoch5(NODE0)","6","0000-00000-0--------------------------","5","5","E","6","e0","0100000001","e0","0000-00000-0","--","------------","------------","0","10","0","0","0","0","0","0","0","1"
"1638","2","forall NODE1,NODE0. ep_epoch0(NODE0) | ep_epoch0(NODE1) | ep_epoch1(NODE0) | ep_epoch1(NODE1) | ep_epoch2(NODE0) | ep_epoch2(NODE1) | ep_epoch3(NODE0) | ep_epoch3(NODE1) | ep_epoch5(NODE0) | held(NODE1) | NODE0 = NODE1","13","0000-00000---0------------------------","11","32","F","5","0101000020","0101000020","e0h0","0000-00000--","-0","------------","------------","0","9","0","1","0","0","0","0","2","0"
"1639","2","forall NODE1,NODE0. ep_epoch0(NODE0) | ep_epoch0(NODE1) | ep_epoch1(NODE0) | ep_epoch1(NODE1) | ep_epoch2(NODE0) | ep_epoch2(NODE1) | ep_epoch3(NODE0) | ep_epoch3(NODE1) | ep_epoch5(NODE1) | locked_epoch5(NODE0) | NODE0 = NODE1","13","0000-00000---------------0------------","11","33","F","119","0100010020","0100010020","e0l0","0000-00000--","--","-----------0","------------","0","9","0","0","0","1","0","0","2","0"
"1640","2","exists NODE0. ep_epoch0(NODE0) | ep_epoch1(NODE0) | ep_epoch2(NODE0) | ep_epoch3(NODE0) | held(NODE0)","6","0000--0000--00------------------------","5","6","E","5","e0h0","0101000001","e0h0","0000--0000--","00","------------","------------","0","8","0","2","0","0","0","0","0","1"
"1641","3","forall NODE1,NODE0. ep_epoch0(NODE0) | ep_epoch0(NODE1) | ep_epoch1(NODE0) | ep_epoch1(NODE1) | ep_epoch2(NODE0) | ep_epoch2(NODE1) | ep_epoch3(NODE0) | ep_epoch3(NODE1) | held(NODE1) | locked_epoch5(NODE0) | NODE0 = NODE1","13","0000--0000--0------------0------------","11","34","F","42","0101010020","0101010020","e0h0l0","0000--0000--","0-","-----------0","------------","0","8","0","1","0","1","0","0","2","0"
"1642","2","exists NODE0. ep_epoch0(NODE0) | ep_epoch1(NODE0) | ep_epoch2(NODE0) | ep_epoch3(NODE0) | locked_epoch5(NODE0)","6","0000--0000--------------00------------","5","7","E","14","e0l0","0100010001","e0l0","0000--0000--","--","----------00","------------","0","8","0","0","0","2","0","0","0","1"
"1643","1","exists NODE0. ep_epoch0(NODE0) | ep_epoch1(NODE0) | ep_epoch2(NODE0) | ep_epoch4(NODE0) | ep_epoch5(NODE0)","6","000-00000-00--------------------------","5","5","E","6","e0","0100000001","e0","000-00000-00","--","------------","------------","0","10","0","0","0","0","0","0","0","1"
"1644","2","forall NODE1,NODE0. ep_epoch0(NODE0) | ep_epoch0(NODE1) | ep_epoch1(NODE0) | ep_epoch1(NODE1) | ep_epoch2(NODE0) | ep_epoch2(NODE1) | ep_epoch4(NODE0) | ep_epoch4(NODE1) | ep_epoch5(NODE1) | held(NODE0) | NODE0 = NODE1","13","000-00000-0--0------------------------","11","32","F","5","0101000020","0101000020","e0h0","000-00000-0-","-0","------------","------------","0","9","0","1","0","0","0","0","2","0"
"1645","2","forall NODE1,NODE0. ep_epoch0(NODE0) | ep_epoch0(NODE1) | ep_epoch1(NODE0) | ep_epoch1(NODE1) | ep_epoch2(NODE0) | ep_epoch2(NODE1) | ep_epoch4(NODE0) | ep_epoch4(NODE1) | ep_epoch5(NODE0) | locked_epoch5(NODE1) | NODE0 = NODE1","13","000-00000-0--------------0------------","11","33","F","119","0100010020","0100010020","e0l0","000-00000-0-","--","-----------0","------------","0","9","0","0","0","1","0","0","2","0"
"1646","2","exists NODE0. ep_epoch0(NODE0) | ep_epoch1(NODE0) | ep_epoch2(NODE0) | ep_epoch4(NODE0) | held(NODE0)","6","000-0-000-0-00------------------------","5","6","E","5","e0h0","0101000001","e0h0","000-0-000-0-","00","------------","------------","0","8","0","2","0","0","0","0","0","1"
"1647","3","forall NODE1,NODE0. ep_epoch0(NODE0) | ep_epoch0(NODE1) | ep_epoch1(NODE0) | ep_epoch1(NODE1) | ep_epoch2(NODE0) | ep_epoch2(NODE1) | ep_epoch4(NODE0) | ep_epoch4(NODE1) | held(NODE0) | locked_epoch5(NODE1) | NODE0 = NODE1","13","000-0-000-0-0------------0------------","11","34","F","42","0101010020","0101010020","e0h0l0","000-0-000-0-","0-","-----------0","------------","0","8","0","1","0","1","0","0","2","0"
"1648","2","exists NODE0. ep_epoch0(NODE0) | ep_epoch1(NODE0) | ep_epoch2(NODE0) | ep_epoch4(NODE0) | locked_epoch5(NODE0)","6","000-0-000-0-------------00------------","5","7","E","14","e0l0","0100010001","e0l0","000-0-000-0-","--","----------00","------------","0","8","0","0","0","2","0","0","0","1"
"1649","3","exists NODE0. ep_epoch0(NODE0) | ep_epoch1(NODE0) | ep_epoch2(NODE0) | held(NODE0) | transfer_epoch5(NODE0)","6","000---000---00----------------------00","5","9","E","25","e0h0t0","0101000101","e0h0t0","000---000---","00","------------","----------00","0","6","0","2","0","0","0","2","0","1"
"1650","1","exists NODE0. ep_epoch0(NODE0) | ep_epoch1(NODE0) | ep_epoch3(NODE0) | ep_epoch4(NODE0) | ep_epoch5(NODE0)","6","00-00000-000--------------------------","5","5","E","6","e0","0100000001","e0","00-00000-000","--","------------","------------","0","10","0","0","0","0","0","0","0","1"
"1651","2","forall NODE1,NODE0. ep_epoch0(NODE0) | ep_epoch0(NODE1) | ep_epoch1(NODE0) | ep_epoch1(NODE1) | ep_epoch3(NODE0) | ep_epoch3(NODE1) | ep_epoch4(NODE0) | ep_epoch4(NODE1) | ep_epoch5(NODE1) | held(NODE0) | NODE0 = NODE1","13","00-00000-00--0------------------------","11","32","F","5","0101000020","0101000020","e0h0","00-00000-00-","-0","------------","------------","0","9","0","1","0","0","0","0","2","0"
"1652","2","forall NODE1,NODE0. ep_epoch0(NODE0) | ep_epoch0(NODE1) | ep_epoch1(NODE0) | ep_epoch1(NODE1) | ep_epoch3(NODE0) | ep_epoch3(NODE1) | ep_epoch4(NODE0) | ep_epoch4(NODE1) | ep_epoch5(NODE1) | locked_epoch5(NODE0) | NODE0 = NODE1","13","00-00000-00--------------0------------","11","33","F","119","0100010020","0100010020","e0l0","00-00000-00-","--","-----------0","------------","0","9","0","0","0","1","0","0","2","0"
"1653","2","exists NODE0. ep_epoch0(NODE0) | ep_epoch1(NODE0) | ep_epoch3(NODE0) | ep_epoch4(NODE0) | held(NODE0)","6","00-00-00-00-00------------------------","5","6","E","5","e0h0","0101000001","e0h0","00-00-00-00-","00","------------","------------","0","8","0","2","0","0","0","0","0","1"
"1654","3","forall NODE1,NODE0. ep_epoch0(NODE0) | ep_epoch0(NODE1) | ep_epoch1(NODE0) | ep_epoch1(NODE1) | ep_epoch3(NODE0) | ep_epoch3(NODE1) | ep_epoch4(NODE0) | ep_epoch4(NODE1) | held(NODE0) | locked_epoch5(NODE1) | NODE0 = NODE1","13","00-00-00-00-0------------0------------","11","34","F","42","0101010020","0101010020","e0h0l0","00-00-00-00-","0-","-----------0","------------","0","8","0","1","0","1","0","0","2","0"
"1655","2","exists NODE0. ep_epoch0(NODE0) | ep_epoch1(NODE0) | ep_epoch3(NODE0) | ep_epoch4(NODE0) | locked_epoch5(NODE0)","6","00-00-00-00-------------00------------","5","7","E","14","e0l0","0100010001","e0l0","00-00-00-00-","--","----------00","------------","0","8","0","0","0","2","0","0","0","1"
"1656","3","exists NODE0. ep_epoch0(NODE0) | ep_epoch1(NODE0) | ep_epoch3(NODE0) | held(NODE0) | transfer_epoch5(NODE0)","6","00-0--00-0--00----------------------00","5","9","E","25","e0h0t0","0101000101","e0h0t0","00-0--00-0--","00","------------","----------00","0","6","0","2","0","0","0","2","0","1"
"1657","4","forall NODE1,NODE0. ep_epoch0(NODE0) | ep_epoch0(NODE1) | ep_epoch1(NODE0) | ep_epoch1(NODE1) | ep_epoch3(NODE1) | ep_epoch4(NODE0) | held(NODE0) | locked_epoch4(NODE1) | transfer_epoch4(NODE0) | transfer_epoch4(NODE1) | NODE0 = NODE1","13","00-0--00--0--0--------0-----------00--","11","38","F","677","0101010120","0101010120","e0h0l0t0","00-0--00--0-","-0","--------0---","--------00--","0","6","0","1","0","1","0","2","2","0"
"1658","4","forall NODE1,NODE0. ep_epoch0(NODE0) | ep_epoch0(NODE1) | ep_epoch1(NODE0) | ep_epoch1(NODE1) | ep_epoch3(NODE0) | ep_epoch5(NODE1) | held(NODE0) | locked_epoch3(NODE1) | transfer_epoch5(NODE0) | transfer_epoch5(NODE1) | NODE0 = NODE1","13","00-0--00---00--------0--------------00","11","38","F","677","0101010120","0101010120","e0h0l0t0","00-0--00---0","0-","-------0----","----------00","0","6","0","1","0","1","0","2","2","0"
"1659","4","forall NODE1,NODE0. ep_epoch0(NODE0) | ep_epoch0(NODE1) | ep_epoch1(NODE0) | ep_epoch1(NODE1) | ep_epoch3(NODE0) | held(NODE0) | held(NODE1) | locked_epoch3(NODE1) | transfer_epoch5(NODE0) | transfer_epoch5(NODE1) | NODE0 = NODE1","13","00-0--00----00-------0--------------00","11","38","F","677","0101010120","0101010120","e0h0l0t0","00-0--00----","00","-------0----","----------00","0","5","0","2","0","1","0","2","2","0"
"1660","4","forall NODE1,NODE0. ep_epoch0(NODE0) | ep_epoch0(NODE1) | ep_epoch1(NODE0) | ep_epoch1(NODE1) | ep_epoch3(NODE0) | held(NODE0) | locked_epoch3(NODE1) | locked_epoch5(NODE1) | transfer_epoch5(NODE0) | transfer_epoch5(NODE1) | NODE0 = NODE1","13","00-0--00----0--------0---0----------00","11","38","F","677","0101010120","0101010120","e0h0l0t0","00-0--00----","0-","-------0---0","----------00","0","5","0","1","0","2","0","2","2","0"
"1661","4","forall NODE1,NODE0. ep_epoch0(NODE0) | ep_epoch0(NODE1) | ep_epoch1(NODE0) | ep_epoch1(NODE1) | ep_epoch3(NODE0) | held(NODE1) | locked_epoch4(NODE0) | locked_epoch4(NODE1) | transfer_epoch4(NODE0) | transfer_epoch4(NODE1) | NODE0 = NODE1","13","00-0--00-----0--------00----------00--","11","38","F","677","0101010120","0101010120","e0h0l0t0","00-0--00----","-0","--------00--","--------00--","0","5","0","1","0","2","0","2","2","0"
"1662","3","exists NODE0. ep_epoch0(NODE0) | ep_epoch1(NODE0) | ep_epoch4(NODE0) | held(NODE0) | transfer_epoch4(NODE0)","6","00--0-00--0-00--------------------00--","5","9","E","25","e0h0t0","0101000101","e0h0t0","00--0-00--0-","00","------------","--------00--","0","6","0","2","0","0","0","2","0","1"
"1663","4","forall NODE1,NODE0. ep_epoch0(NODE0) | ep_epoch0(NODE1) | ep_epoch1(NODE0) | ep_epoch1(NODE1) | ep_epoch4(NODE1) | held(NODE0) | held(NODE1) | locked_epoch4(NODE0) | transfer_epoch4(NODE0) | transfer_epoch4(NODE1) | NODE0 = NODE1","13","00--0-00----00---------0----------00--","11","38","F","677","0101010120","0101010120","e0h0l0t0","00--0-00----","00","---------0--","--------00--","0","5","0","2","0","1","0","2","2","0"
"1664","4","forall NODE1,NODE0. ep_epoch0(NODE0) | ep_epoch0(NODE1) | ep_epoch1(NODE0) | ep_epoch1(NODE1) | ep_epoch4(NODE0) | held(NODE0) | locked_epoch3(NODE1) | locked_epoch4(NODE1) | transfer_epoch4(NODE0) | transfer_epoch4(NODE1) | NODE0 = NODE1","13","00--0-00----0--------0-0----------00--","11","38","F","677","0101010120","0101010120","e0h0l0t0","00--0-00----","0-","-------0-0--","--------00--","0","5","0","1","0","2","0","2","2","0"
"1665","4","exists NODE0. ep_epoch0(NODE0) | ep_epoch1(NODE0) | held(NODE0) | locked_epoch4(NODE0) | transfer_epoch4(NODE0)","6","00----00----00--------00----------00--","5","11","E","13","e0h0l0t0","0101010101","e0h0l0t0","00----00----","00","--------00--","--------00--","0","4","0","2","0","2","0","2","0","1"
"1666","3","exists NODE0. ep_epoch0(NODE0) | ep_epoch1(NODE0) | held(NODE0) | transfer_epoch4(NODE0) | transfer_epoch5(NODE0)","6","00----00----00--------------------0000","5","9","E","25","e0h0t0","0101000101","e0h0t0","00----00----","00","------------","--------0000","0","4","0","2","0","0","0","4","0","1"
"1667","4","forall NODE1,NODE0. ep_epoch0(NODE0) | ep_epoch0(NODE1) | ep_epoch1(NODE0) | ep_epoch1(NODE1) | held(NODE1) | locked_epoch3(NODE0) | locked_epoch4(NODE0) | locked_epoch4(NODE1) | transfer_epoch4(NODE0) | transfer_epoch4(NODE1) | NODE0 = NODE1","13","00----00----0--------000----------00--","11","38","F","677","0101010120","0101010120","e0h0l0t0","00----00----","0-","-------000--","--------00--","0","4","0","1","0","3","0","2","2","0"
"1668","1","exists NODE0. ep_epoch0(NODE0) | ep_epoch2(NODE0) | ep_epoch3(NODE0) | ep_epoch4(NODE0) | ep_epoch5(NODE0)","6","0-00000-0000--------------------------","5","5","E","6","e0","0100000001","e0","0-00000-0000","--","------------","------------","0","10","0","0","0","0","0","0","0","1"
"1669","2","forall NODE1,NODE0. ep_epoch0(NODE0) | ep_epoch0(NODE1) | ep_epoch2(NODE0) | ep_epoch2(NODE1) | ep_epoch3(NODE0) | ep_epoch3(NODE1) | ep_epoch4(NODE0) | ep_epoch4(NODE1) | ep_epoch5(NODE1) | held(NODE0) | NODE0 = NODE1","13","0-00000-000--0------------------------","11","32","F","5","0101000020","0101000020","e0h0","0-00000-000-","-0","------------","------------","0","9","0","1","0","0","0","0","2","0"
"1670","2","forall NODE1,NODE0. ep_epoch0(NODE0) | ep_epoch0(NODE1) | ep_epoch2(NODE0) | ep_epoch2(NODE1) | ep_epoch3(NODE0) | ep_epoch3(NODE1) | ep_epoch4(NODE0) | ep_epoch4(NODE1) | ep_epoch5(NODE0) | locked_epoch5(NODE1) | NODE0 = NODE1","13","0-00000-000--------------0------------","11","33","F","119","0100010020","0100010020","e0l0","0-00000-000-","--","-----------0","------------","0","9","0","0","0","1","0","0","2","0"
"1671","2","exists NODE0. ep_epoch0(NODE0) | ep_epoch2(NODE0) | ep_epoch3(NODE0) | ep_epoch4(NODE0) | held(NODE0)","6","0-000-0-000-00------------------------","5","6","E","5","e0h0","0101000001","e0h0","0-000-0-000-","00","------------","------------","0","8","0","2","0","0","0","0","0","1"
"1672","3","forall NODE1,NODE0. ep_epoch0(NODE0) | ep_epoch0(NODE1) | ep_epoch2(NODE0) | ep_epoch2(NODE1) | ep_epoch3(NODE0) | ep_epoch3(NODE1) | ep_epoch4(NODE0) | ep_epoch4(NODE1) | held(NODE0) | locked_epoch5(NODE1) | NODE0 = NODE1","13","0-000-0-000-0------------0------------","11","34","F","42","0101010020","0101010020","e0h0l0","0-000-0-000-","0-","-----------0","------------","0","8","0","1","0","1","0","0","2","0"
"1673","2","exists NODE0. ep_epoch0(NODE0) | ep_epoch2(NODE0) | ep_epoch3(NODE0) | ep_epoch4(NODE0) | locked_epoch5(NODE0)","6","0-000-0-000-------------00------------","5","7","E","14","e0l0","0100010001","e0l0","0-000-0-000-","--","----------00","------------","0","8","0","0","0","2","0","0","0","1"
"1674","3","exists NODE0. ep_epoch0(NODE0) | ep_epoch2(NODE0) | ep_epoch3(NODE0) | held(NODE0) | transfer_epoch5(NODE0)","6","0-00--0-00--00----------------------00","5","9","E","25","e0h0t0","0101000101","e0h0t0","0-00--0-00--","00","------------","----------00","0","6","0","2","0","0","0","2","0","1"
"1675","4","forall NODE1,NODE0. ep_epoch0(NODE0) | ep_epoch0(NODE1) | ep_epoch2(NODE0) | ep_epoch2(NODE1) | ep_epoch3(NODE1) | ep_epoch4(NODE0) | held(NODE0) | locked_epoch4(NODE1) | transfer_epoch4(NODE0) | transfer_epoch4(NODE1) | NODE0 = NODE1","13","0-00--0-0-0--0--------0-----------00--","11","38","F","677","0101010120","0101010120","e0h0l0t0","0-00--0-0-0-","-0","--------0---","--------00--","0","6","0","1","0","1","0","2","2","0"
"1676","4","forall NODE1,NODE0. ep_epoch0(NODE0) | ep_epoch0(NODE1) | ep_epoch2(NODE0) | ep_epoch2(NODE1) | ep_epoch3(NODE0) | ep_epoch5(NODE1) | held(NODE0) | locked_epoch3(NODE1) | transfer_epoch5(NODE0) | transfer_epoch5(NODE1) | NODE0 = NODE1","13","0-00--0-0--00--------0--------------00","11","38","F","677","0101010120","0101010120","e0h0l0t0","0-00--0-0--0","0-","-------0----","----------00","0","6","0","1","0","1","0","2","2","0"
"1677","4","forall NODE1,NODE0. ep_epoch0(NODE0) | ep_epoch0(NODE1) | ep_epoch2(NODE0) | ep_epoch2(NODE1) | ep_epoch3(NODE0) | held(NODE0) | held(NODE1) | locked_epoch3(NODE1) | transfer_epoch5(NODE0) | transfer_epoch5(NODE1) | NODE0 = NODE1","13","0-00--0-0---00-------0--------------00","11","38","F","677","0101010120","0101010120","e0h0l0t0","0-00--0-0---","00","-------0----","----------00","0","5","0","2","0","1","0","2","2","0"
"1678","4","forall NODE1,NODE0. ep_epoch0(NODE0) | ep_epoch0(NODE1) | ep_epoch2(NODE0) | ep_epoch2(NODE1) | ep_epoch3(NODE0) | held(NODE0) | locked_epoch3(NODE1) | locked_epoch5(NODE1) | transfer_epoch5(NODE0) | transfer_epoch5(NODE1) | NODE0 = NODE1","13","0-00--0-0---0--------0---0----------00","11","38","F","677","0101010120","0101010120","e0h0l0t0","0-00--0-0---","0-","-------0---0","----------00","0","5","0","1","0","2","0","2","2","0"
"1679","4","forall NODE1,NODE0. ep_epoch0(NODE0) | ep_epoch0(NODE1) | ep_epoch2(NODE0) | ep_epoch2(NODE1) | ep_epoch3(NODE1) | held(NODE0) | locked_epoch4(NODE0) | locked_epoch4(NODE1) | transfer_epoch4(NODE0) | transfer_epoch4(NODE1) | NODE0 = NODE1","13","0-00--0-0----0--------00----------00--","11","38","F","677","0101010120","0101010120","e0h0l0t0","0-00--0-0---","-0","--------00--","--------00--","0","5","0","1","0","2","0","2","2","0"
"1680","3","exists NODE0. ep_epoch0(NODE0) | ep_epoch2(NODE0) | ep_epoch4(NODE0) | held(NODE0) | transfer_epoch4(NODE0)","6","0-0-0-0-0-0-00--------------------00--","5","9","E","25","e0h0t0","0101000101","e0h0t0","0-0-0-0-0-0-","00","------------","--------00--","0","6","0","2","0","0","0","2","0","1"
"1681","4","forall NODE1,NODE0. ep_epoch0(NODE0) | ep_epoch0(NODE1) | ep_epoch2(NODE0) | ep_epoch2(NODE1) | ep_epoch4(NODE1) | held(NODE0) | held(NODE1) | locked_epoch4(NODE0) | transfer_epoch4(NODE0) | transfer_epoch4(NODE1) | NODE0 = NODE1","13","0-0-0-0-0---00---------0----------00--","11","38","F","677","0101010120","0101010120","e0h0l0t0","0-0-0-0-0---","00","---------0--","--------00--","0","5","0","2","0","1","0","2","2","0"
"1682","4","forall NODE1,NODE0. ep_epoch0(NODE0) | ep_epoch0(NODE1) | ep_epoch2(NODE0) | ep_epoch2(NODE1) | ep_epoch4(NODE0) | held(NODE0) | locked_epoch3(NODE1) | locked_epoch4(NODE1) | transfer_epoch4(NODE0) | transfer_epoch4(NODE1) | NODE0 = NODE1","13","0-0-0-0-0---0--------0-0----------00--","11","38","F","677","0101010120","0101010120","e0h0l0t0","0-0-0-0-0---","0-","-------0-0--","--------00--","0","5","0","1","0","2","0","2","2","0"
"1683","4","exists NODE0. ep_epoch0(NODE0) | ep_epoch2(NODE0) | held(NODE0) | locked_epoch4(NODE0) | transfer_epoch4(NODE0)","6","0-0---0-0---00--------00----------00--","5","11","E","13","e0h0l0t0","0101010101","e0h0l0t0","0-0---0-0---","00","--------00--","--------00--","0","4","0","2","0","2","0","2","0","1"
"1684","3","exists NODE0. ep_epoch0(NODE0) | ep_epoch2(NODE0) | held(NODE0) | transfer_epoch4(NODE0) | transfer_epoch5(NODE0)","6","0-0---0-0---00--------------------0000","5","9","E","25","e0h0t0","0101000101","e0h0t0","0-0---0-0---","00","------------","--------0000","0","4","0","2","0","0","0","4","0","1"
"1685","4","forall NODE1,NODE0. ep_epoch0(NODE0) | ep_epoch0(NODE1) | ep_epoch2(NODE0) | ep_epoch2(NODE1) | held(NODE0) | locked_epoch3(NODE1) | locked_epoch4(NODE0) | locked_epoch4(NODE1) | transfer_epoch4(NODE0) | transfer_epoch4(NODE1) | NODE0 = NODE1","13","0-0---0-0---0--------000----------00--","11","38","F","677","0101010120","0101010120","e0h0l0t0","0-0---0-0---","0-","-------000--","--------00--","0","4","0","1","0","3","0","2","2","0"
"1686","4","forall NODE1,NODE0. ep_epoch0(NODE0) | ep_epoch0(NODE1) | ep_epoch2(NODE1) | ep_epoch3(NODE0) | ep_epoch3(NODE1) | ep_epoch4(NODE0) | held(NODE0) | locked_epoch4(NODE1) | transfer_epoch3(NODE0) | transfer_epoch3(NODE1) | NODE0 = NODE1","13","0-00--0--00--0--------0---------00----","11","38","F","677","0101010120","0101010120","e0h0l0t0","0-00--0--00-","-0","--------0---","------00----","0","6","0","1","0","1","0","2","2","0"
"1687","4","forall NODE1,NODE0. ep_epoch0(NODE0) | ep_epoch0(NODE1) | ep_epoch2(NODE1) | ep_epoch3(NODE0) | ep_epoch3(NODE1) | held(NODE0) | locked_epoch4(NODE0) | locked_epoch4(NODE1) | transfer_epoch3(NODE0) | transfer_epoch3(NODE1) | NODE0 = NODE1","13","0-00--0--0---0--------00--------00----","11","38","F","677","0101010120","0101010120","e0h0l0t0","0-00--0--0--","-0","--------00--","------00----","0","5","0","1","0","2","0","2","2","0"
"1688","4","forall NODE1,NODE0. ep_epoch0(NODE0) | ep_epoch0(NODE1) | ep_epoch2(NODE1) | ep_epoch3(NODE1) | ep_epoch4(NODE1) | ep_epoch5(NODE1) | held(NODE0) | locked_epoch3(NODE0) | transfer_epoch3(NODE0) | transfer_epoch3(NODE1) | NODE0 = NODE1","13","0-00000------0-------0----------00----","11","38","F","677","0101010120","0101010120","e0h0l0t0","0-00000-----","-0","-------0----","------00----","0","6","0","1","0","1","0","2","2","0"
"1689","4","forall NODE1,NODE0. ep_epoch0(NODE0) | ep_epoch0(NODE1) | ep_epoch2(NODE1) | ep_epoch3(NODE1) | ep_epoch4(NODE1) | held(NODE0) | locked_epoch3(NODE0) | locked_epoch5(NODE1) | transfer_epoch3(NODE0) | transfer_epoch3(NODE1) | NODE0 = NODE1","13","0-000-0------0-------0--0-------00----","11","38","F","677","0101010120","0101010120","e0h0l0t0","0-000-0-----","-0","-------0--0-","------00----","0","5","0","1","0","2","0","2","2","0"
"1690","4","forall NODE1,NODE0. ep_epoch0(NODE0) | ep_epoch0(NODE1) | ep_epoch2(NODE0) | ep_epoch3(NODE0) | ep_epoch4(NODE1) | held(NODE1) | locked_epoch3(NODE1) | locked_epoch4(NODE0) | transfer_epoch3(NODE0) | transfer_epoch3(NODE1) | NODE0 = NODE1","13","0-00--0---0--0-------00---------00----","11","38","F","677","0101010120","0101010120","e0h0l0t0","0-00--0---0-","-0","-------00---","------00----","0","5","0","1","0","2","0","2","2","0"
"1691","4","forall NODE1,NODE0. ep_epoch0(NODE0) | ep_epoch0(NODE1) | ep_epoch2(NODE0) | ep_epoch3(NODE0) | ep_epoch5(NODE0) | held(NODE1) | locked_epoch3(NODE1) | locked_epoch4(NODE0) | transfer_epoch3(NODE0) | transfer_epoch3(NODE1) | NODE0 = NODE1","13","0-00-00------0-------00---------00----","11","38","F","677","0101010120","0101010120","e0h0l0t0","0-00-00-----","-0","-------00---","------00----","0","5","0","1","0","2","0","2","2","0"
"1692","4","forall NODE1,NODE0. ep_epoch0(NODE0) | ep_epoch0(NODE1) | ep_epoch2(NODE0) | ep_epoch3(NODE0) | held(NODE1) | locked_epoch3(NODE1) | locked_epoch4(NODE0) | locked_epoch4(NODE1) | transfer_epoch3(NODE0) | transfer_epoch3(NODE1) | NODE0 = NODE1","13","0-00--0------0-------000--------00----","11","38","F","677","0101010120","0101010120","e0h0l0t0","0-00--0-----","-0","-------000--","------00----","0","4","0","1","0","3","0","2","2","0"
"1693","4","forall NODE1,NODE0. ep_epoch0(NODE0) | ep_epoch0(NODE1) | ep_epoch2(NODE0) | ep_epoch3(NODE0) | held(NODE1) | locked_epoch3(NODE1) | locked_epoch4(NODE0) | locked_epoch5(NODE0) | transfer_epoch3(NODE0) | transfer_epoch3(NODE1) | NODE0 = NODE1","13","0-00--0------0-------00-0-------00----","11","38","F","677","0101010120","0101010120","e0h0l0t0","0-00--0-----","-0","-------00-0-","------00----","0","4","0","1","0","3","0","2","2","0"
"1694","4","forall NODE1,NODE0. ep_epoch0(NODE0) | ep_epoch0(NODE1) | ep_epoch2(NODE0) | ep_epoch4(NODE0) | ep_epoch4(NODE1) | ep_epoch5(NODE1) | held(NODE0) | locked_epoch2(NODE1) | transfer_epoch4(NODE0) | transfer_epoch4(NODE1) | NODE0 = NODE1","13","0-0-0-0---000------0--------------00--","11","38","F","677","0101010120","0101010120","e0h0l0t0","0-0-0-0---00","0-","-----0------","--------00--","0","6","0","1","0","1","0","2","2","0"
"1695","4","forall NODE1,NODE0. ep_epoch0(NODE0) | ep_epoch0(NODE1) | ep_epoch2(NODE0) | ep_epoch4(NODE0) | ep_epoch4(NODE1) | held(NODE0) | held(NODE1) | locked_epoch2(NODE1) | transfer_epoch4(NODE0) | transfer_epoch4(NODE1) | NODE0 = NODE1","13","0-0-0-0---0-00-----0--------------00--","11","38","F","677","0101010120","0101010120","e0h0l0t0","0-0-0-0---0-","00","-----0------","--------00--","0","5","0","2","0","1","0","2","2","0"
"1696","4","forall NODE1,NODE0. ep_epoch0(NODE0) | ep_epoch0(NODE1) | ep_epoch2(NODE0) | ep_epoch4(NODE0) | ep_epoch4(NODE1) | held(NODE0) | locked_epoch2(NODE1) | locked_epoch5(NODE1) | transfer_epoch4(NODE0) | transfer_epoch4(NODE1) | NODE0 = NODE1","13","0-0-0-0---0-0------0-----0--------00--","11","38","F","677","0101010120","0101010120","e0h0l0t0","0-0-0-0---0-","0-","-----0-----0","--------00--","0","5","0","1","0","2","0","2","2","0"
"1697","4","forall NODE1,NODE0. ep_epoch0(NODE0) | ep_epoch0(NODE1) | ep_epoch2(NODE0) | ep_epoch4(NODE1) | ep_epoch5(NODE1) | held(NODE0) | locked_epoch2(NODE1) | locked_epoch4(NODE0) | transfer_epoch4(NODE0) | transfer_epoch4(NODE1) | NODE0 = NODE1","13","0-0---0---000------0--0-----------00--","11","38","F","677","0101010120","0101010120","e0h0l0t0","0-0---0---00","0-","-----0--0---","--------00--","0","5","0","1","0","2","0","2","2","0"
"1698","4","forall NODE1,NODE0. ep_epoch0(NODE0) | ep_epoch0(NODE1) | ep_epoch2(NODE1) | ep_epoch4(NODE0) | held(NODE0) | held(NODE1) | locked_epoch2(NODE0) | locked_epoch4(NODE1) | transfer_epoch4(NODE0) | transfer_epoch4(NODE1) | NODE0 = NODE1","13","0-0---0---0-00-----0--0-----------00--","11","38","F","677","0101010120","0101010120","e0h0l0t0","0-0---0---0-","00","-----0--0---","--------00--","0","4","0","2","0","2","0","2","2","0"
"1699","4","forall NODE1,NODE0. ep_epoch0(NODE0) | ep_epoch0(NODE1) | ep_epoch2(NODE0) | ep_epoch4(NODE1) | held(NODE0) | locked_epoch2(NODE1) | locked_epoch4(NODE0) | locked_epoch5(NODE1) | transfer_epoch4(NODE0) | transfer_epoch4(NODE1) | NODE0 = NODE1","13","0-0---0---0-0------0--0--0--------00--","11","38","F","677","0101010120","0101010120","e0h0l0t0","0-0---0---0-","0-","-----0--0--0","--------00--","0","4","0","1","0","3","0","2","2","0"
"1700","4","forall NODE1,NODE0. ep_epoch0(NODE0) | ep_epoch0(NODE1) | ep_epoch2(NODE1) | held(NODE0) | held(NODE1) | locked_epoch2(NODE0) | transfer_epoch4(NODE0) | transfer_epoch4(NODE1) | transfer_epoch5(NODE0) | transfer_epoch5(NODE1) | NODE0 = NODE1","13","0-0---0-----00-----0--------------0000","11","38","F","677","0101010120","0101010120","e0h0l0t0","0-0---0-----","00","-----0------","--------0000","0","3","0","2","0","1","0","4","2","0"
"1701","3","exists NODE0. ep_epoch0(NODE0) | ep_epoch3(NODE0) | ep_epoch4(NODE0) | held(NODE0) | transfer_epoch3(NODE0)","6","0--00-0--00-00------------------00----","5","9","E","25","e0h0t0","0101000101","e0h0t0","0--00-0--00-","00","------------","------00----","0","6","0","2","0","0","0","2","0","1"
"1702","4","forall NODE1,NODE0. ep_epoch0(NODE0) | ep_epoch0(NODE1) | ep_epoch3(NODE0) | ep_epoch3(NODE1) | ep_epoch4(NODE0) | held(NODE0) | held(NODE1) | locked_epoch4(NODE1) | transfer_epoch3(NODE0) | transfer_epoch3(NODE1) | NODE0 = NODE1","13","0--00-0--0--00---------0--------00----","11","38","F","677","0101010120","0101010120","e0h0l0t0","0--00-0--0--","00","---------0--","------00----","0","5","0","2","0","1","0","2","2","0"
"1703","4","forall NODE1,NODE0. ep_epoch0(NODE0) | ep_epoch0(NODE1) | ep_epoch3(NODE0) | ep_epoch3(NODE1) | ep_epoch4(NODE0) | held(NODE0) | locked_epoch2(NODE1) | locked_epoch4(NODE1) | transfer_epoch3(NODE0) | transfer_epoch3(NODE1) | NODE0 = NODE1","13","0--00-0--0--0------0---0--------00----","11","38","F","677","0101010120","0101010120","e0h0l0t0","0--00-0--0--","0-","-----0---0--","------00----","0","5","0","1","0","2","0","2","2","0"
"1704","4","exists NODE0. ep_epoch0(NODE0) | ep_epoch3(NODE0) | held(NODE0) | locked_epoch4(NODE0) | transfer_epoch3(NODE0)","6","0--0--0--0--00--------00--------00----","5","11","E","13","e0h0l0t0","0101010101","e0h0l0t0","0--0--0--0--","00","--------00--","------00----","0","4","0","2","0","2","0","2","0","1"
"1705","3","exists NODE0. ep_epoch0(NODE0) | ep_epoch3(NODE0) | held(NODE0) | transfer_epoch3(NODE0) | transfer_epoch5(NODE0)","6","0--0--0--0--00------------------00--00","5","9","E","25","e0h0t0","0101000101","e0h0t0","0--0--0--0--","00","------------","------00--00","0","4","0","2","0","0","0","4","0","1"
"1706","4","forall NODE1,NODE0. ep_epoch0(NODE0) | ep_epoch0(NODE1) | ep_epoch3(NODE0) | ep_epoch3(NODE1) | held(NODE0) | locked_epoch2(NODE1) | locked_epoch4(NODE0) | locked_epoch4(NODE1) | transfer_epoch3(NODE0) | transfer_epoch3(NODE1) | NODE0 = NODE1","13","0--0--0--0--0------0--00--------00----","11","38","F","677","0101010120","0101010120","e0h0l0t0","0--0--0--0--","0-","-----0--00--","------00----","0","4","0","1","0","3","0","2","2","0"
"1707","4","forall NODE1,NODE0. ep_epoch0(NODE0) | ep_epoch0(NODE1) | ep_epoch3(NODE1) | ep_epoch4(NODE1) | ep_epoch5(NODE1) | held(NODE0) | locked_epoch2(NODE1) | locked_epoch3(NODE0) | transfer_epoch3(NODE0) | transfer_epoch3(NODE1) | NODE0 = NODE1","13","0--0000------0----0--0----------00----","11","38","F","677","0101010120","0101010120","e0h0l0t0","0--0000-----","-0","----0--0----","------00----","0","5","0","1","0","2","0","2","2","0"
"1708","4","forall NODE1,NODE0. ep_epoch0(NODE0) | ep_epoch0(NODE1) | ep_epoch3(NODE1) | ep_epoch4(NODE1) | held(NODE0) | locked_epoch2(NODE1) | locked_epoch3(NODE0) | locked_epoch5(NODE1) | transfer_epoch3(NODE0) | transfer_epoch3(NODE1) | NODE0 = NODE1","13","0--00-0------0----0--0--0-------00----","11","38","F","677","0101010120","0101010120","e0h0l0t0","0--00-0-----","-0","----0--0--0-","------00----","0","4","0","1","0","3","0","2","2","0"
"1709","4","forall NODE1,NODE0. ep_epoch0(NODE0) | ep_epoch0(NODE1) | ep_epoch3(NODE1) | ep_epoch4(NODE0) | held(NODE0) | locked_epoch2(NODE1) | locked_epoch3(NODE0) | locked_epoch4(NODE1) | transfer_epoch3(NODE0) | transfer_epoch3(NODE1) | NODE0 = NODE1","13","0--0--0---0--0----0--00---------00----","11","38","F","677","0101010120","0101010120","e0h0l0t0","0--0--0---0-","-0","----0--00---","------00----","0","4","0","1","0","3","0","2","2","0"
"1710","4","forall NODE1,NODE0. ep_epoch0(NODE0) | ep_epoch0(NODE1) | ep_epoch3(NODE1) | ep_epoch5(NODE1) | held(NODE0) | locked_epoch2(NODE1) | locked_epoch3(NODE0) | locked_epoch4(NODE1) | transfer_epoch3(NODE0) | transfer_epoch3(NODE1) | NODE0 = NODE1","13","0--0-00------0----0--00---------00----","11","38","F","677","0101010120","0101010120","e0h0l0t0","0--0-00-----","-0","----0--00---","------00----","0","4","0","1","0","3","0","2","2","0"
"1711","4","forall NODE1,NODE0. ep_epoch0(NODE0) | ep_epoch0(NODE1) | ep_epoch3(NODE0) | held(NODE0) | held(NODE1) | locked_epoch3(NODE1) | transfer_epoch3(NODE0) | transfer_epoch3(NODE1) | transfer_epoch5(NODE0) | transfer_epoch5(NODE1) | NODE0 = NODE1","13","0--0--0-----00-------0----------00--00","11","38","F","677","0101010120","0101010120","e0h0l0t0","0--0--0-----","00","-------0----","------00--00","0","3","0","2","0","1","0","4","2","0"
"1712","4","forall NODE1,NODE0. ep_epoch0(NODE0) | ep_epoch0(NODE1) | ep_epoch3(NODE1) | held(NODE0) | locked_epoch2(NODE1) | locked_epoch3(NODE0) | locked_epoch4(NODE0) | locked_epoch4(NODE1) | transfer_epoch3(NODE0) | transfer_epoch3(NODE1) | NODE0 = NODE1","13","0--0--0------0----0--000--------00----","11","38","F","677","0101010120","0101010120","e0h0l0t0","0--0--0-----","-0","----0--000--","------00----","0","3","0","1","0","4","0","2","2","0"
"1713","4","forall NODE1,NODE0. ep_epoch0(NODE0) | ep_epoch0(NODE1) | ep_epoch3(NODE1) | held(NODE0) | locked_epoch2(NODE1) | locked_epoch3(NODE0) | locked_epoch4(NODE1) | locked_epoch5(NODE1) | transfer_epoch3(NODE0) | transfer_epoch3(NODE1) | NODE0 = NODE1","13","0--0--0------0----0--00-0-------00----","11","38","F","677","0101010120","0101010120","e0h0l0t0","0--0--0-----","-0","----0--00-0-","------00----","0","3","0","1","0","4","0","2","2","0"
"1714","3","exists NODE0. ep_epoch0(NODE0) | ep_epoch4(NODE0) | held(NODE0) | transfer_epoch3(NODE0) | transfer_epoch4(NODE0)","6","0---0-0---0-00------------------0000--","5","9","E","25","e0h0t0","0101000101","e0h0t0","0---0-0---0-","00","------------","------0000--","0","4","0","2","0","0","0","4","0","1"
"1715","4","forall NODE1,NODE0. ep_epoch0(NODE0) | ep_epoch0(NODE1) | ep_epoch4(NODE1) | held(NODE0) | held(NODE1) | locked_epoch4(NODE0) | transfer_epoch3(NODE0) | transfer_epoch3(NODE1) | transfer_epoch4(NODE0) | transfer_epoch4(NODE1) | NODE0 = NODE1","13","0---0-0-----00---------0--------0000--","11","38","F","677","0101010120","0101010120","e0h0l0t0","0---0-0-----","00","---------0--","------0000--","0","3","0","2","0","1","0","4","2","0"
"1716","4","exists NODE0. ep_epoch0(NODE0) | held(NODE0) | locked_epoch4(NODE0) | transfer_epoch3(NODE0) | transfer_epoch4(NODE0)","6","0-----0-----00--------00--------0000--","5","11","E","13","e0h0l0t0","0101010101","e0h0l0t0","0-----0-----","00","--------00--","------0000--","0","2","0","2","0","2","0","4","0","1"
"1717","3","exists NODE0. ep_epoch0(NODE0) | held(NODE0) | transfer_epoch3(NODE0) | transfer_epoch4(NODE0) | transfer_epoch5(NODE0)","6","0-----0-----00------------------000000","5","9","E","25","e0h0t0","0101000101","e0h0t0","0-----0-----","00","------------","------000000","0","2","0","2","0","0","0","6","0","1"
"1718","3","forall NODE1,NODE0. ep_epoch0(NODE0) | ep_epoch1(NODE0) | ep_epoch2(NODE0) | ep_epoch4(NODE1) | ep_epoch5(NODE1) | held(NODE0) | transfer_epoch4(NODE0) | transfer_epoch4(NODE1) | transfer_epoch5(NODE0) | transfer_epoch5(NODE1) | NODE0 = NODE1","13","000-------000---------------------0000","11","37","F","48","0101000120","0101000120","e0h0t0","000-------00","0-","------------","--------0000","0","5","0","1","0","0","0","4","2","0"
"1719","4","forall NODE1,NODE0. ep_epoch0(NODE0) | ep_epoch1(NODE0) | ep_epoch2(NODE0) | ep_epoch4(NODE1) | held(NODE0) | locked_epoch5(NODE1) | transfer_epoch4(NODE0) | transfer_epoch4(NODE1) | transfer_epoch5(NODE0) | transfer_epoch5(NODE1) | NODE0 = NODE1","13","000-------0-0------------0--------0000","11","38","F","677","0101010120","0101010120","e0h0l0t0","000-------0-","0-","-----------0","--------0000","0","4","0","1","0","1","0","4","2","0"
"1720","4","forall NODE1,NODE0. ep_epoch0(NODE0) | ep_epoch1(NODE0) | ep_epoch2(NODE0) | ep_epoch5(NODE1) | held(NODE0) | locked_epoch4(NODE1) | transfer_epoch4(NODE0) | transfer_epoch4(NODE1) | transfer_epoch5(NODE0) | transfer_epoch5(NODE1) | NODE0 = NODE1","13","000--------00----------0----------0000","11","38","F","677","0101010120","0101010120","e0h0l0t0","000--------0","0-","---------0--","--------0000","0","4","0","1","0","1","0","4","2","0"
"1721","4","forall NODE1,NODE0. ep_epoch0(NODE0) | ep_epoch1(NODE0) | ep_epoch2(NODE0) | held(NODE0) | locked_epoch4(NODE1) | locked_epoch5(NODE1) | transfer_epoch4(NODE0) | transfer_epoch4(NODE1) | transfer_epoch5(NODE0) | transfer_epoch5(NODE1) | NODE0 = NODE1","13","000---------0----------0-0--------0000","11","38","F","677","0101010120","0101010120","e0h0l0t0","000---------","0-","---------0-0","--------0000","0","3","0","1","0","2","0","4","2","0"
"1722","3","forall NODE1,NODE0. ep_epoch0(NODE0) | ep_epoch1(NODE0) | ep_epoch3(NODE0) | ep_epoch3(NODE1) | ep_epoch4(NODE0) | ep_epoch4(NODE1) | ep_epoch5(NODE1) | held(NODE0) | transfer_epoch3(NODE0) | transfer_epoch3(NODE1) | NODE0 = NODE1","13","00-00----0000-------------------00----","11","37","F","48","0101000120","0101000120","e0h0t0","00-00----000","0-","------------","------00----","0","7","0","1","0","0","0","2","2","0"
"1723","3","forall NODE1,NODE0. ep_epoch0(NODE0) | ep_epoch1(NODE0) | ep_epoch3(NODE0) | ep_epoch3(NODE1) | ep_epoch4(NODE0) | ep_epoch4(NODE1) | held(NODE0) | held(NODE1) | transfer_epoch3(NODE0) | transfer_epoch3(NODE1) | NODE0 = NODE1","13","00-00----00-00------------------00----","11","37","F","48","0101000120","0101000120","e0h0t0","00-00----00-","00","------------","------00----","0","6","0","2","0","0","0","2","2","0"
"1724","4","forall NODE1,NODE0. ep_epoch0(NODE0) | ep_epoch1(NODE0) | ep_epoch3(NODE0) | ep_epoch3(NODE1) | ep_epoch4(NODE0) | ep_epoch4(NODE1) | held(NODE0) | locked_epoch5(NODE1) | transfer_epoch3(NODE0) | transfer_epoch3(NODE1) | NODE0 = NODE1","13","00-00----00-0------------0------00----","11","38","F","677","0101010120","0101010120","e0h0l0t0","00-00----00-","0-","-----------0","------00----","0","6","0","1","0","1","0","2","2","0"
"1725","4","forall NODE1,NODE0. ep_epoch0(NODE0) | ep_epoch1(NODE0) | ep_epoch3(NODE0) | ep_epoch3(NODE1) | ep_epoch4(NODE1) | ep_epoch5(NODE1) | held(NODE0) | locked_epoch4(NODE0) | transfer_epoch3(NODE0) | transfer_epoch3(NODE1) | NODE0 = NODE1","13","00-0-----0000---------0---------00----","11","38","F","677","0101010120","0101010120","e0h0l0t0","00-0-----000","0-","--------0---","------00----","0","6","0","1","0","1","0","2","2","0"
"1726","4","forall NODE1,NODE0. ep_epoch0(NODE0) | ep_epoch1(NODE0) | ep_epoch3(NODE0) | ep_epoch3(NODE1) | ep_epoch4(NODE1) | held(NODE0) | held(NODE1) | locked_epoch4(NODE0) | transfer_epoch3(NODE0) | transfer_epoch3(NODE1) | NODE0 = NODE1","13","00-0-----00-00--------0---------00----","11","38","F","677","0101010120","0101010120","e0h0l0t0","00-0-----00-","00","--------0---","------00----","0","5","0","2","0","1","0","2","2","0"
"1727","4","forall NODE1,NODE0. ep_epoch0(NODE0) | ep_epoch1(NODE0) | ep_epoch3(NODE0) | ep_epoch3(NODE1) | ep_epoch4(NODE1) | held(NODE0) | locked_epoch4(NODE0) | locked_epoch5(NODE1) | transfer_epoch3(NODE0) | transfer_epoch3(NODE1) | NODE0 = NODE1","13","00-0-----00-0---------0--0------00----","11","38","F","677","0101010120","0101010120","e0h0l0t0","00-0-----00-","0-","--------0--0","------00----","0","5","0","1","0","2","0","2","2","0"
"1728","3","forall NODE1,NODE0. ep_epoch0(NODE0) | ep_epoch1(NODE0) | ep_epoch3(NODE0) | ep_epoch3(NODE1) | held(NODE0) | held(NODE1) | transfer_epoch3(NODE0) | transfer_epoch3(NODE1) | transfer_epoch5(NODE0) | transfer_epoch5(NODE1) | NODE0 = NODE1","13","00-0-----0--00------------------00--00","11","37","F","48","0101000120","0101000120","e0h0t0","00-0-----0--","00","------------","------00--00","0","4","0","2","0","0","0","4","2","0"
"1729","4","forall NODE1,NODE0. ep_epoch0(NODE0) | ep_epoch1(NODE0) | ep_epoch3(NODE0) | ep_epoch5(NODE1) | held(NODE0) | locked_epoch3(NODE1) | transfer_epoch3(NODE0) | transfer_epoch3(NODE1) | transfer_epoch5(NODE0) | transfer_epoch5(NODE1) | NODE0 = NODE1","13","00-0-------00--------0----------00--00","11","38","F","677","0101010120","0101010120","e0h0l0t0","00-0-------0","0-","-------0----","------00--00","0","4","0","1","0","1","0","4","2","0"
"1730","4","forall NODE2,NODE1,NODE0,NODE3. ep_epoch0(NODE0) | ep_epoch1(NODE0) | ep_epoch3(NODE1) | held(NODE0) | held(NODE2) | locked_epoch3(NODE3) | transfer_epoch3(NODE0) | transfer_epoch3(NODE2) | transfer_epoch5(NODE0) | transfer_epoch5(NODE2) | ((NODE0 ~= NODE1 | NODE2 ~= NODE3 | NODE0 = NODE2) & (NODE0 ~= NODE3 | NODE1 ~= NODE2 | NODE0 = NODE1))","20","00-0--------00-------0----------00--00","16","91","F","12","0101010140","0101010140","e0h0l0t0","00-0--------","00","-------0----","------00--00","0","3","0","2","0","1","0","4","4","0"
"1731","4","forall NODE1,NODE0. ep_epoch0(NODE0) | ep_epoch1(NODE0) | ep_epoch3(NODE0) | held(NODE0) | locked_epoch3(NODE1) | locked_epoch5(NODE1) | transfer_epoch3(NODE0) | transfer_epoch3(NODE1) | transfer_epoch5(NODE0) | transfer_epoch5(NODE1) | NODE0 = NODE1","13","00-0--------0--------0---0------00--00","11","38","F","677","0101010120","0101010120","e0h0l0t0","00-0--------","0-","-------0---0","------00--00","0","3","0","1","0","2","0","4","2","0"
"1732","4","forall NODE1,NODE0. ep_epoch0(NODE0) | ep_epoch1(NODE0) | ep_epoch3(NODE1) | ep_epoch4(NODE0) | held(NODE0) | locked_epoch4(NODE1) | transfer_epoch3(NODE0) | transfer_epoch3(NODE1) | transfer_epoch4(NODE0) | transfer_epoch4(NODE1) | NODE0 = NODE1","13","00--0----0--0----------0--------0000--","11","38","F","677","0101010120","0101010120","e0h0l0t0","00--0----0--","0-","---------0--","------0000--","0","4","0","1","0","1","0","4","2","0"
"1733","4","forall NODE1,NODE0. ep_epoch0(NODE0) | ep_epoch1(NODE0) | ep_epoch3(NODE1) | held(NODE0) | locked_epoch4(NODE0) | locked_epoch4(NODE1) | transfer_epoch3(NODE0) | transfer_epoch3(NODE1) | transfer_epoch4(NODE0) | transfer_epoch4(NODE1) | NODE0 = NODE1","13","00-------0--0---------00--------0000--","11","38","F","677","0101010120","0101010120","e0h0l0t0","00-------0--","0-","--------00--","------0000--","0","3","0","1","0","2","0","4","2","0"
"1734","3","forall NODE1,NODE0. ep_epoch0(NODE0) | ep_epoch1(NODE0) | ep_epoch4(NODE0) | ep_epoch4(NODE1) | held(NODE0) | held(NODE1) | transfer_epoch3(NODE0) | transfer_epoch3(NODE1) | transfer_epoch4(NODE0) | transfer_epoch4(NODE1) | NODE0 = NODE1","13","00--0-----0-00------------------0000--","11","37","F","48","0101000120","0101000120","e0h0t0","00--0-----0-","00","------------","------0000--","0","4","0","2","0","0","0","4","2","0"
"1735","4","forall NODE2,NODE1,NODE0,NODE3. ep_epoch0(NODE0) | ep_epoch1(NODE0) | ep_epoch4(NODE1) | held(NODE0) | held(NODE2) | locked_epoch4(NODE3) | transfer_epoch3(NODE0) | transfer_epoch3(NODE2) | transfer_epoch4(NODE0) | transfer_epoch4(NODE2) | ((NODE0 ~= NODE3 | NODE1 ~= NODE2 | NODE0 = NODE1) & (NODE0 ~= NODE1 | NODE2 ~= NODE3 | NODE0 = NODE2))","20","00--0-------00---------0--------0000--","16","91","F","12","0101010140","0101010140","e0h0l0t0","00--0-------","00","---------0--","------0000--","0","3","0","2","0","1","0","4","4","0"
"1736","4","forall NODE1,NODE0. ep_epoch0(NODE0) | ep_epoch1(NODE0) | ep_epoch4(NODE0) | held(NODE0) | locked_epoch3(NODE1) | locked_epoch4(NODE1) | transfer_epoch3(NODE0) | transfer_epoch3(NODE1) | transfer_epoch4(NODE0) | transfer_epoch4(NODE1) | NODE0 = NODE1","13","00--0-------0--------0-0--------0000--","11","38","F","677","0101010120","0101010120","e0h0l0t0","00--0-------","0-","-------0-0--","------0000--","0","3","0","1","0","2","0","4","2","0"
"1737","4","forall NODE1,NODE0. ep_epoch0(NODE0) | ep_epoch1(NODE0) | ep_epoch4(NODE1) | ep_epoch5(NODE1) | held(NODE0) | locked_epoch2(NODE0) | transfer_epoch4(NODE0) | transfer_epoch4(NODE1) | transfer_epoch5(NODE0) | transfer_epoch5(NODE1) | NODE0 = NODE1","13","00--------000-----0---------------0000","11","38","F","677","0101010120","0101010120","e0h0l0t0","00--------00","0-","----0-------","--------0000","0","4","0","1","0","1","0","4","2","0"
"1738","4","forall NODE1,NODE0. ep_epoch0(NODE0) | ep_epoch1(NODE0) | ep_epoch4(NODE1) | held(NODE0) | locked_epoch2(NODE0) | locked_epoch5(NODE1) | transfer_epoch4(NODE0) | transfer_epoch4(NODE1) | transfer_epoch5(NODE0) | transfer_epoch5(NODE1) | NODE0 = NODE1","13","00--------0-0-----0------0--------0000","11","38","F","677","0101010120","0101010120","e0h0l0t0","00--------0-","0-","----0------0","--------0000","0","3","0","1","0","2","0","4","2","0"
"1739","4","forall NODE1,NODE0. ep_epoch0(NODE0) | ep_epoch1(NODE0) | ep_epoch5(NODE1) | held(NODE0) | locked_epoch2(NODE0) | locked_epoch4(NODE1) | transfer_epoch4(NODE0) | transfer_epoch4(NODE1) | transfer_epoch5(NODE0) | transfer_epoch5(NODE1) | NODE0 = NODE1","13","00---------00-----0----0----------0000","11","38","F","677","0101010120","0101010120","e0h0l0t0","00---------0","0-","----0----0--","--------0000","0","3","0","1","0","2","0","4","2","0"
"1740","4","forall NODE1,NODE0. ep_epoch0(NODE0) | ep_epoch1(NODE0) | held(NODE0) | held(NODE1) | locked_epoch4(NODE0) | locked_epoch4(NODE1) | transfer_epoch3(NODE0) | transfer_epoch3(NODE1) | transfer_epoch4(NODE0) | transfer_epoch4(NODE1) | NODE0 = NODE1","13","00----------00--------00--------0000--","11","38","F","677","0101010120","0101010120","e0h0l0t0","00----------","00","--------00--","------0000--","0","2","0","2","0","2","0","4","2","0"
"1741","3","forall NODE1,NODE0. ep_epoch0(NODE0) | ep_epoch1(NODE0) | held(NODE0) | held(NODE1) | transfer_epoch3(NODE0) | transfer_epoch3(NODE1) | transfer_epoch4(NODE0) | transfer_epoch4(NODE1) | transfer_epoch5(NODE0) | transfer_epoch5(NODE1) | NODE0 = NODE1","13","00----------00------------------000000","11","37","F","48","0101000120","0101000120","e0h0t0","00----------","00","------------","------000000","0","2","0","2","0","0","0","6","2","0"
"1742","4","forall NODE1,NODE0. ep_epoch0(NODE0) | ep_epoch1(NODE0) | held(NODE0) | locked_epoch2(NODE0) | locked_epoch4(NODE1) | locked_epoch5(NODE1) | transfer_epoch4(NODE0) | transfer_epoch4(NODE1) | transfer_epoch5(NODE0) | transfer_epoch5(NODE1) | NODE0 = NODE1","13","00----------0-----0----0-0--------0000","11","38","F","677","0101010120","0101010120","e0h0l0t0","00----------","0-","----0----0-0","--------0000","0","2","0","1","0","3","0","4","2","0"
"1743","4","forall NODE1,NODE0. ep_epoch0(NODE0) | ep_epoch1(NODE0) | held(NODE0) | locked_epoch3(NODE1) | locked_epoch4(NODE0) | locked_epoch4(NODE1) | transfer_epoch3(NODE0) | transfer_epoch3(NODE1) | transfer_epoch4(NODE0) | transfer_epoch4(NODE1) | NODE0 = NODE1","13","00----------0--------000--------0000--","11","38","F","677","0101010120","0101010120","e0h0l0t0","00----------","0-","-------000--","------0000--","0","2","0","1","0","3","0","4","2","0"
"1744","4","forall NODE1,NODE0. ep_epoch0(NODE0) | ep_epoch2(NODE0) | ep_epoch2(NODE1) | ep_epoch3(NODE0) | ep_epoch3(NODE1) | ep_epoch4(NODE0) | held(NODE0) | locked_epoch4(NODE1) | transfer_epoch2(NODE0) | transfer_epoch2(NODE1) | NODE0 = NODE1","13","0-000---00--0----------0------00------","11","38","F","677","0101010120","0101010120","e0h0l0t0","0-000---00--","0-","---------0--","----00------","0","6","0","1","0","1","0","2","2","0"
"1745","4","forall NODE1,NODE0. ep_epoch0(NODE0) | ep_epoch2(NODE0) | ep_epoch2(NODE1) | ep_epoch3(NODE0) | ep_epoch3(NODE1) | held(NODE0) | locked_epoch4(NODE0) | locked_epoch4(NODE1) | transfer_epoch2(NODE0) | transfer_epoch2(NODE1) | NODE0 = NODE1","13","0-00----00--0---------00------00------","11","38","F","677","0101010120","0101010120","e0h0l0t0","0-00----00--","0-","--------00--","----00------","0","5","0","1","0","2","0","2","2","0"
"1746","4","forall NODE1,NODE0. ep_epoch0(NODE0) | ep_epoch2(NODE0) | ep_epoch2(NODE1) | ep_epoch3(NODE1) | ep_epoch4(NODE0) | held(NODE0) | locked_epoch3(NODE0) | locked_epoch4(NODE1) | transfer_epoch2(NODE0) | transfer_epoch2(NODE1) | NODE0 = NODE1","13","0-0-0---00--0-------0--0------00------","11","38","F","677","0101010120","0101010120","e0h0l0t0","0-0-0---00--","0-","------0--0--","----00------","0","5","0","1","0","2","0","2","2","0"
"1747","4","forall NODE1,NODE0. ep_epoch0(NODE0) | ep_epoch2(NODE0) | ep_epoch2(NODE1) | ep_epoch3(NODE1) | ep_epoch4(NODE1) | ep_epoch5(NODE1) | held(NODE0) | locked_epoch3(NODE0) | transfer_epoch2(NODE0) | transfer_epoch2(NODE1) | NODE0 = NODE1","13","0-0-----00000-------0---------00------","11","38","F","677","0101010120","0101010120","e0h0l0t0","0-0-----0000","0-","------0-----","----00------","0","6","0","1","0","1","0","2","2","0"
"1748","4","forall NODE1,NODE0. ep_epoch0(NODE0) | ep_epoch2(NODE0) | ep_epoch2(NODE1) | ep_epoch3(NODE1) | ep_epoch4(NODE1) | held(NODE0) | locked_epoch3(NODE0) | locked_epoch5(NODE1) | transfer_epoch2(NODE0) | transfer_epoch2(NODE1) | NODE0 = NODE1","13","0-0-----000-0-------0----0----00------","11","38","F","677","0101010120","0101010120","e0h0l0t0","0-0-----000-","0-","------0----0","----00------","0","5","0","1","0","2","0","2","2","0"
"1749","4","forall NODE1,NODE0. ep_epoch0(NODE0) | ep_epoch2(NODE0) | ep_epoch2(NODE1) | ep_epoch3(NODE1) | ep_epoch5(NODE1) | held(NODE0) | locked_epoch3(NODE0) | locked_epoch4(NODE1) | transfer_epoch2(NODE0) | transfer_epoch2(NODE1) | NODE0 = NODE1","13","0-0-----00-00-------0--0------00------","11","38","F","677","0101010120","0101010120","e0h0l0t0","0-0-----00-0","0-","------0--0--","----00------","0","5","0","1","0","2","0","2","2","0"
"1750","4","forall NODE1,NODE0. ep_epoch0(NODE0) | ep_epoch2(NODE0) | ep_epoch2(NODE1) | ep_epoch3(NODE1) | held(NODE0) | locked_epoch3(NODE0) | locked_epoch4(NODE0) | locked_epoch4(NODE1) | transfer_epoch2(NODE0) | transfer_epoch2(NODE1) | NODE0 = NODE1","13","0-0-----00--0-------0-00------00------","11","38","F","677","0101010120","0101010120","e0h0l0t0","0-0-----00--","0-","------0-00--","----00------","0","4","0","1","0","3","0","2","2","0"
"1751","4","forall NODE1,NODE0. ep_epoch0(NODE0) | ep_epoch2(NODE0) | ep_epoch2(NODE1) | ep_epoch3(NODE1) | held(NODE0) | locked_epoch3(NODE0) | locked_epoch4(NODE1) | locked_epoch5(NODE1) | transfer_epoch2(NODE0) | transfer_epoch2(NODE1) | NODE0 = NODE1","13","0-0-----00--0-------0--0-0----00------","11","38","F","677","0101010120","0101010120","e0h0l0t0","0-0-----00--","0-","------0--0-0","----00------","0","4","0","1","0","3","0","2","2","0"
"1752","4","forall NODE1,NODE0. ep_epoch0(NODE0) | ep_epoch2(NODE0) | ep_epoch3(NODE0) | ep_epoch5(NODE1) | held(NODE0) | locked_epoch2(NODE1) | transfer_epoch2(NODE0) | transfer_epoch2(NODE1) | transfer_epoch5(NODE0) | transfer_epoch5(NODE1) | NODE0 = NODE1","13","0-00-------00------0----------00----00","11","38","F","677","0101010120","0101010120","e0h0l0t0","0-00-------0","0-","-----0------","----00----00","0","4","0","1","0","1","0","4","2","0"
"1753","4","forall NODE1,NODE0. ep_epoch0(NODE0) | ep_epoch2(NODE0) | ep_epoch3(NODE0) | held(NODE0) | locked_epoch2(NODE1) | locked_epoch5(NODE1) | transfer_epoch2(NODE0) | transfer_epoch2(NODE1) | transfer_epoch5(NODE0) | transfer_epoch5(NODE1) | NODE0 = NODE1","13","0-00--------0------0-----0----00----00","11","38","F","677","0101010120","0101010120","e0h0l0t0","0-00--------","0-","-----0-----0","----00----00","0","3","0","1","0","2","0","4","2","0"
"1754","4","forall NODE1,NODE0. ep_epoch0(NODE0) | ep_epoch2(NODE0) | ep_epoch4(NODE0) | held(NODE0) | locked_epoch2(NODE1) | locked_epoch4(NODE1) | transfer_epoch2(NODE0) | transfer_epoch2(NODE1) | transfer_epoch4(NODE0) | transfer_epoch4(NODE1) | NODE0 = NODE1","13","0-0-0-------0------0---0------00--00--","11","38","F","677","0101010120","0101010120","e0h0l0t0","0-0-0-------","0-","-----0---0--","----00--00--","0","3","0","1","0","2","0","4","2","0"
"1755","4","forall NODE1,NODE0. ep_epoch0(NODE0) | ep_epoch2(NODE0) | ep_epoch5(NODE1) | held(NODE0) | locked_epoch2(NODE1) | locked_epoch3(NODE0) | transfer_epoch2(NODE0) | transfer_epoch2(NODE1) | transfer_epoch5(NODE0) | transfer_epoch5(NODE1) | NODE0 = NODE1","13","0-0--------00------00---------00----00","11","38","F","677","0101010120","0101010120","e0h0l0t0","0-0--------0","0-","-----00-----","----00----00","0","3","0","1","0","2","0","4","2","0"
"1756","4","forall NODE1,NODE0. ep_epoch0(NODE0) | ep_epoch2(NODE0) | held(NODE0) | locked_epoch2(NODE1) | locked_epoch3(NODE0) | locked_epoch5(NODE1) | transfer_epoch2(NODE0) | transfer_epoch2(NODE1) | transfer_epoch5(NODE0) | transfer_epoch5(NODE1) | NODE0 = NODE1","13","0-0---------0------00----0----00----00","11","38","F","677","0101010120","0101010120","e0h0l0t0","0-0---------","0-","-----00----0","----00----00","0","2","0","1","0","3","0","4","2","0"
"1757","4","forall NODE1,NODE0. ep_epoch0(NODE0) | ep_epoch2(NODE0) | held(NODE0) | locked_epoch2(NODE1) | locked_epoch4(NODE0) | locked_epoch4(NODE1) | transfer_epoch2(NODE0) | transfer_epoch2(NODE1) | transfer_epoch4(NODE0) | transfer_epoch4(NODE1) | NODE0 = NODE1","13","0-0---------0------0--00------00--00--","11","38","F","677","0101010120","0101010120","e0h0l0t0","0-0---------","0-","-----0--00--","----00--00--","0","2","0","1","0","3","0","4","2","0"
"1758","4","forall NODE1,NODE0. ep_epoch0(NODE0) | ep_epoch2(NODE1) | ep_epoch3(NODE0) | ep_epoch4(NODE0) | held(NODE0) | locked_epoch3(NODE1) | transfer_epoch2(NODE0) | transfer_epoch2(NODE1) | transfer_epoch3(NODE0) | transfer_epoch3(NODE1) | NODE0 = NODE1","13","0--00---0---0--------0--------0000----","11","38","F","677","0101010120","0101010120","e0h0l0t0","0--00---0---","0-","-------0----","----0000----","0","4","0","1","0","1","0","4","2","0"
"1759","4","forall NODE1,NODE0. ep_epoch0(NODE0) | ep_epoch2(NODE1) | ep_epoch3(NODE0) | held(NODE0) | locked_epoch3(NODE1) | locked_epoch4(NODE0) | transfer_epoch2(NODE0) | transfer_epoch2(NODE1) | transfer_epoch3(NODE0) | transfer_epoch3(NODE1) | NODE0 = NODE1","13","0--0----0---0--------00-------0000----","11","38","F","677","0101010120","0101010120","e0h0l0t0","0--0----0---","0-","-------00---","----0000----","0","3","0","1","0","2","0","4","2","0"
"1760","4","forall NODE1,NODE0. ep_epoch0(NODE0) | ep_epoch3(NODE0) | ep_epoch4(NODE0) | held(NODE0) | locked_epoch2(NODE1) | locked_epoch3(NODE1) | transfer_epoch2(NODE0) | transfer_epoch2(NODE1) | transfer_epoch3(NODE0) | transfer_epoch3(NODE1) | NODE0 = NODE1","13","0--00-------0------0-0--------0000----","11","38","F","677","0101010120","0101010120","e0h0l0t0","0--00-------","0-","-----0-0----","----0000----","0","3","0","1","0","2","0","4","2","0"
"1761","4","forall NODE1,NODE0. ep_epoch0(NODE0) | ep_epoch3(NODE0) | held(NODE0) | locked_epoch2(NODE1) | locked_epoch3(NODE1) | locked_epoch4(NODE0) | transfer_epoch2(NODE0) | transfer_epoch2(NODE1) | transfer_epoch3(NODE0) | transfer_epoch3(NODE1) | NODE0 = NODE1","13","0--0--------0------0-00-------0000----","11","38","F","677","0101010120","0101010120","e0h0l0t0","0--0--------","0-","-----0-00---","----0000----","0","2","0","1","0","3","0","4","2","0"
"1762","1","exists NODE0. ep_epoch1(NODE0) | ep_epoch2(NODE0) | ep_epoch3(NODE0) | ep_epoch4(NODE0) | ep_epoch5(NODE0)","6","-00000-00000--------------------------","5","5","E","6","e0","0100000001","e0","-00000-00000","--","------------","------------","0","10","0","0","0","0","0","0","0","1"
"1763","2","forall NODE1,NODE0. ep_epoch1(NODE0) | ep_epoch1(NODE1) | ep_epoch2(NODE0) | ep_epoch2(NODE1) | ep_epoch3(NODE0) | ep_epoch3(NODE1) | ep_epoch4(NODE0) | ep_epoch4(NODE1) | ep_epoch5(NODE1) | held(NODE0) | NODE0 = NODE1","13","-00000-0000--0------------------------","11","32","F","5","0101000020","0101000020","e0h0","-00000-0000-","-0","------------","------------","0","9","0","1","0","0","0","0","2","0"
"1764","2","forall NODE1,NODE0. ep_epoch1(NODE0) | ep_epoch1(NODE1) | ep_epoch2(NODE0) | ep_epoch2(NODE1) | ep_epoch3(NODE0) | ep_epoch3(NODE1) | ep_epoch4(NODE0) | ep_epoch4(NODE1) | ep_epoch5(NODE0) | locked_epoch5(NODE1) | NODE0 = NODE1","13","-00000-0000--------------0------------","11","33","F","119","0100010020","0100010020","e0l0","-00000-0000-","--","-----------0","------------","0","9","0","0","0","1","0","0","2","0"
"1765","2","exists NODE0. ep_epoch1(NODE0) | ep_epoch2(NODE0) | ep_epoch3(NODE0) | ep_epoch4(NODE0) | held(NODE0)","6","-0000--0000-00------------------------","5","6","E","5","e0h0","0101000001","e0h0","-0000--0000-","00","------------","------------","0","8","0","2","0","0","0","0","0","1"
"1766","3","forall NODE1,NODE0. ep_epoch1(NODE0) | ep_epoch1(NODE1) | ep_epoch2(NODE0) | ep_epoch2(NODE1) | ep_epoch3(NODE0) | ep_epoch3(NODE1) | ep_epoch4(NODE0) | ep_epoch4(NODE1) | held(NODE0) | locked_epoch5(NODE1) | NODE0 = NODE1","13","-0000--0000-0------------0------------","11","34","F","42","0101010020","0101010020","e0h0l0","-0000--0000-","0-","-----------0","------------","0","8","0","1","0","1","0","0","2","0"
"1767","2","exists NODE0. ep_epoch1(NODE0) | ep_epoch2(NODE0) | ep_epoch3(NODE0) | ep_epoch4(NODE0) | locked_epoch5(NODE0)","6","-0000--0000-------------00------------","5","7","E","14","e0l0","0100010001","e0l0","-0000--0000-","--","----------00","------------","0","8","0","0","0","2","0","0","0","1"
"1768","3","exists NODE0. ep_epoch1(NODE0) | ep_epoch2(NODE0) | ep_epoch3(NODE0) | held(NODE0) | transfer_epoch5(NODE0)","6","-000---000--00----------------------00","5","9","E","25","e0h0t0","0101000101","e0h0t0","-000---000--","00","------------","----------00","0","6","0","2","0","0","0","2","0","1"
"1769","4","forall NODE1,NODE0. ep_epoch1(NODE0) | ep_epoch1(NODE1) | ep_epoch2(NODE0) | ep_epoch2(NODE1) | ep_epoch3(NODE1) | ep_epoch4(NODE0) | held(NODE0) | locked_epoch4(NODE1) | transfer_epoch4(NODE0) | transfer_epoch4(NODE1) | NODE0 = NODE1","13","-000---00-0--0--------0-----------00--","11","38","F","677","0101010120","0101010120","e0h0l0t0","-000---00-0-","-0","--------0---","--------00--","0","6","0","1","0","1","0","2","2","0"
"1770","4","forall NODE1,NODE0. ep_epoch1(NODE0) | ep_epoch1(NODE1) | ep_epoch2(NODE0) | ep_epoch2(NODE1) | ep_epoch3(NODE0) | ep_epoch5(NODE1) | held(NODE0) | locked_epoch3(NODE1) | transfer_epoch5(NODE0) | transfer_epoch5(NODE1) | NODE0 = NODE1","13","-000---00--00--------0--------------00","11","38","F","677","0101010120","0101010120","e0h0l0t0","-000---00--0","0-","-------0----","----------00","0","6","0","1","0","1","0","2","2","0"
"1771","4","forall NODE1,NODE0. ep_epoch1(NODE0) | ep_epoch1(NODE1) | ep_epoch2(NODE0) | ep_epoch2(NODE1) | ep_epoch3(NODE0) | held(NODE0) | held(NODE1) | locked_epoch3(NODE1) | transfer_epoch5(NODE0) | transfer_epoch5(NODE1) | NODE0 = NODE1","13","-000---00---00-------0--------------00","11","38","F","677","0101010120","0101010120","e0h0l0t0","-000---00---","00","-------0----","----------00","0","5","0","2","0","1","0","2","2","0"
"1772","4","forall NODE1,NODE0. ep_epoch1(NODE0) | ep_epoch1(NODE1) | ep_epoch2(NODE0) | ep_epoch2(NODE1) | ep_epoch3(NODE0) | held(NODE0) | locked_epoch3(NODE1) | locked_epoch5(NODE1) | transfer_epoch5(NODE0) | transfer_epoch5(NODE1) | NODE0 = NODE1","13","-000---00---0--------0---0----------00","11","38","F","677","0101010120","0101010120","e0h0l0t0","-000---00---","0-","-------0---0","----------00","0","5","0","1","0","2","0","2","2","0"
"1773","4","forall NODE1,NODE0. ep_epoch1(NODE0) | ep_epoch1(NODE1) | ep_epoch2(NODE0) | ep_epoch2(NODE1) | ep_epoch3(NODE1) | held(NODE0) | locked_epoch4(NODE0) | locked_epoch4(NODE1) | transfer_epoch4(NODE0) | transfer_epoch4(NODE1) | NODE0 = NODE1","13","-000---00----0--------00----------00--","11","38","F","677","0101010120","0101010120","e0h0l0t0","-000---00---","-0","--------00--","--------00--","0","5","0","1","0","2","0","2","2","0"
"1774","3","exists NODE0. ep_epoch1(NODE0) | ep_epoch2(NODE0) | ep_epoch4(NODE0) | held(NODE0) | transfer_epoch4(NODE0)","6","-00-0--00-0-00--------------------00--","5","9","E","25","e0h0t0","0101000101","e0h0t0","-00-0--00-0-","00","------------","--------00--","0","6","0","2","0","0","0","2","0","1"
"1775","4","forall NODE1,NODE0. ep_epoch1(NODE0) | ep_epoch1(NODE1) | ep_epoch2(NODE0) | ep_epoch2(NODE1) | ep_epoch4(NODE1) | held(NODE0) | held(NODE1) | locked_epoch4(NODE0) | transfer_epoch4(NODE0) | transfer_epoch4(NODE1) | NODE0 = NODE1","13","-00-0--00---00---------0----------00--","11","38","F","677","0101010120","0101010120","e0h0l0t0","-00-0--00---","00","---------0--","--------00--","0","5","0","2","0","1","0","2","2","0"
"1776","4","forall NODE1,NODE0. ep_epoch1(NODE0) | ep_epoch1(NODE1) | ep_epoch2(NODE0) | ep_epoch2(NODE1) | ep_epoch4(NODE0) | held(NODE0) | locked_epoch3(NODE1) | locked_epoch4(NODE1) | transfer_epoch4(NODE0) | transfer_epoch4(NODE1) | NODE0 = NODE1","13","-00-0--00---0--------0-0----------00--","11","38","F","677","0101010120","0101010120","e0h0l0t0","-00-0--00---","0-","-------0-0--","--------00--","0","5","0","1","0","2","0","2","2","0"
"1777","4","exists NODE0. ep_epoch1(NODE0) | ep_epoch2(NODE0) | held(NODE0) | locked_epoch4(NODE0) | transfer_epoch4(NODE0)","6","-00----00---00--------00----------00--","5","11","E","13","e0h0l0t0","0101010101","e0h0l0t0","-00----00---","00","--------00--","--------00--","0","4","0","2","0","2","0","2","0","1"
"1778","3","exists NODE0. ep_epoch1(NODE0) | ep_epoch2(NODE0) | held(NODE0) | transfer_epoch4(NODE0) | transfer_epoch5(NODE0)","6","-00----00---00--------------------0000","5","9","E","25","e0h0t0","0101000101","e0h0t0","-00----00---","00","------------","--------0000","0","4","0","2","0","0","0","4","0","1"
"1779","4","forall NODE1,NODE0. ep_epoch1(NODE0) | ep_epoch1(NODE1) | ep_epoch2(NODE0) | ep_epoch2(NODE1) | held(NODE0) | locked_epoch3(NODE1) | locked_epoch4(NODE0) | locked_epoch4(NODE1) | transfer_epoch4(NODE0) | transfer_epoch4(NODE1) | NODE0 = NODE1","13","-00----00---0--------000----------00--","11","38","F","677","0101010120","0101010120","e0h0l0t0","-00----00---","0-","-------000--","--------00--","0","4","0","1","0","3","0","2","2","0"
"1780","4","forall NODE1,NODE0. ep_epoch1(NODE0) | ep_epoch1(NODE1) | ep_epoch2(NODE1) | ep_epoch3(NODE0) | ep_epoch3(NODE1) | ep_epoch4(NODE0) | held(NODE0) | locked_epoch4(NODE1) | transfer_epoch3(NODE0) | transfer_epoch3(NODE1) | NODE0 = NODE1","13","-000---0-00--0--------0---------00----","11","38","F","677","0101010120","0101010120","e0h0l0t0","-000---0-00-","-0","--------0---","------00----","0","6","0","1","0","1","0","2","2","0"
"1781","4","forall NODE1,NODE0. ep_epoch1(NODE0) | ep_epoch1(NODE1) | ep_epoch2(NODE1) | ep_epoch3(NODE0) | ep_epoch3(NODE1) | held(NODE0) | locked_epoch4(NODE0) | locked_epoch4(NODE1) | transfer_epoch3(NODE0) | transfer_epoch3(NODE1) | NODE0 = NODE1","13","-000---0-0---0--------00--------00----","11","38","F","677","0101010120","0101010120","e0h0l0t0","-000---0-0--","-0","--------00--","------00----","0","5","0","1","0","2","0","2","2","0"
"1782","4","forall NODE1,NODE0. ep_epoch1(NODE0) | ep_epoch1(NODE1) | ep_epoch2(NODE1) | ep_epoch3(NODE1) | ep_epoch4(NODE1) | ep_epoch5(NODE1) | held(NODE0) | locked_epoch3(NODE0) | transfer_epoch3(NODE0) | transfer_epoch3(NODE1) | NODE0 = NODE1","13","-00000-0-----0-------0----------00----","11","38","F","677","0101010120","0101010120","e0h0l0t0","-00000-0----","-0","-------0----","------00----","0","6","0","1","0","1","0","2","2","0"
"1783","4","forall NODE1,NODE0. ep_epoch1(NODE0) | ep_epoch1(NODE1) | ep_epoch2(NODE1) | ep_epoch3(NODE1) | ep_epoch4(NODE1) | held(NODE0) | locked_epoch3(NODE0) | locked_epoch5(NODE1) | transfer_epoch3(NODE0) | transfer_epoch3(NODE1) | NODE0 = NODE1","13","-0000--0-----0-------0--0-------00----","11","38","F","677","0101010120","0101010120","e0h0l0t0","-0000--0----","-0","-------0--0-","------00----","0","5","0","1","0","2","0","2","2","0"
"1784","4","forall NODE1,NODE0. ep_epoch1(NODE0) | ep_epoch1(NODE1) | ep_epoch2(NODE0) | ep_epoch3(NODE0) | ep_epoch4(NODE1) | held(NODE1) | locked_epoch3(NODE1) | locked_epoch4(NODE0) | transfer_epoch3(NODE0) | transfer_epoch3(NODE1) | NODE0 = NODE1","13","-000---0--0--0-------00---------00----","11","38","F","677","0101010120","0101010120","e0h0l0t0","-000---0--0-","-0","-------00---","------00----","0","5","0","1","0","2","0","2","2","0"
"1785","4","forall NODE1,NODE0. ep_epoch1(NODE0) | ep_epoch1(NODE1) | ep_epoch2(NODE0) | ep_epoch3(NODE0) | ep_epoch5(NODE0) | held(NODE1) | locked_epoch3(NODE1) | locked_epoch4(NODE0) | transfer_epoch3(NODE0) | transfer_epoch3(NODE1) | NODE0 = NODE1","13","-000-0-0-----0-------00---------00----","11","38","F","677","0101010120","0101010120","e0h0l0t0","-000-0-0----","-0","-------00---","------00----","0","5","0","1","0","2","0","2","2","0"
"1786","4","forall NODE1,NODE0. ep_epoch1(NODE0) | ep_epoch1(NODE1) | ep_epoch2(NODE0) | ep_epoch3(NODE0) | held(NODE1) | locked_epoch3(NODE1) | locked_epoch4(NODE0) | locked_epoch4(NODE1) | transfer_epoch3(NODE0) | transfer_epoch3(NODE1) | NODE0 = NODE1","13","-000---0-----0-------000--------00----","11","38","F","677","0101010120","0101010120","e0h0l0t0","-000---0----","-0","-------000--","------00----","0","4","0","1","0","3","0","2","2","0"
"1787","4","forall NODE1,NODE0. ep_epoch1(NODE0) | ep_epoch1(NODE1) | ep_epoch2(NODE0) | ep_epoch3(NODE0) | held(NODE1) | locked_epoch3(NODE1) | locked_epoch4(NODE0) | locked_epoch5(NODE0) | transfer_epoch3(NODE0) | transfer_epoch3(NODE1) | NODE0 = NODE1","13","-000---0-----0-------00-0-------00----","11","38","F","677","0101010120","0101010120","e0h0l0t0","-000---0----","-0","-------00-0-","------00----","0","4","0","1","0","3","0","2","2","0"
"1788","4","forall NODE1,NODE0. ep_epoch1(NODE0) | ep_epoch1(NODE1) | ep_epoch2(NODE0) | ep_epoch4(NODE0) | ep_epoch4(NODE1) | ep_epoch5(NODE1) | held(NODE0) | locked_epoch2(NODE1) | transfer_epoch4(NODE0) | transfer_epoch4(NODE1) | NODE0 = NODE1","13","-00-0--0--000------0--------------00--","11","38","F","677","0101010120","0101010120","e0h0l0t0","-00-0--0--00","0-","-----0------","--------00--","0","6","0","1","0","1","0","2","2","0"
"1789","4","forall NODE1,NODE0. ep_epoch1(NODE0) | ep_epoch1(NODE1) | ep_epoch2(NODE0) | ep_epoch4(NODE0) | ep_epoch4(NODE1) | held(NODE0) | held(NODE1) | locked_epoch2(NODE1) | transfer_epoch4(NODE0) | transfer_epoch4(NODE1) | NODE0 = NODE1","13","-00-0--0--0-00-----0--------------00--","11","38","F","677","0101010120","0101010120","e0h0l0t0","-00-0--0--0-","00","-----0------","--------00--","0","5","0","2","0","1","0","2","2","0"
"1790","4","forall NODE1,NODE0. ep_epoch1(NODE0) | ep_epoch1(NODE1) | ep_epoch2(NODE0) | ep_epoch4(NODE0) | ep_epoch4(NODE1) | held(NODE0) | locked_epoch2(NODE1) | locked_epoch5(NODE1) | transfer_epoch4(NODE0) | transfer_epoch4(NODE1) | NODE0 = NODE1","13","-00-0--0--0-0------0-----0--------00--","11","38","F","677","0101010120","0101010120","e0h0l0t0","-00-0--0--0-","0-","-----0-----0","--------00--","0","5","0","1","0","2","0","2","2","0"
"1791","4","forall NODE1,NODE0. ep_epoch1(NODE0) | ep_epoch1(NODE1) | ep_epoch2(NODE0) | ep_epoch4(NODE1) | ep_epoch5(NODE1) | held(NODE0) | locked_epoch2(NODE1) | locked_epoch4(NODE0) | transfer_epoch4(NODE0) | transfer_epoch4(NODE1) | NODE0 = NODE1","13","-00----0--000------0--0-----------00--","11","38","F","677","0101010120","0101010120","e0h0l0t0","-00----0--00","0-","-----0--0---","--------00--","0","5","0","1","0","2","0","2","2","0"
"1792","4","forall NODE1,NODE0. ep_epoch1(NODE0) | ep_epoch1(NODE1) | ep_epoch2(NODE0) | ep_epoch4(NODE1) | held(NODE0) | held(NODE1) | locked_epoch2(NODE1) | locked_epoch4(NODE0) | transfer_epoch4(NODE0) | transfer_epoch4(NODE1) | NODE0 = NODE1","13","-00----0--0-00-----0--0-----------00--","11","38","F","677","0101010120","0101010120","e0h0l0t0","-00----0--0-","00","-----0--0---","--------00--","0","4","0","2","0","2","0","2","2","0"
"1793","4","forall NODE1,NODE0. ep_epoch1(NODE0) | ep_epoch1(NODE1) | ep_epoch2(NODE0) | ep_epoch4(NODE1) | held(NODE0) | locked_epoch2(NODE1) | locked_epoch4(NODE0) | locked_epoch5(NODE1) | transfer_epoch4(NODE0) | transfer_epoch4(NODE1) | NODE0 = NODE1","13","-00----0--0-0------0--0--0--------00--","11","38","F","677","0101010120","0101010120","e0h0l0t0","-00----0--0-","0-","-----0--0--0","--------00--","0","4","0","1","0","3","0","2","2","0"
"1794","4","forall NODE1,NODE0. ep_epoch1(NODE0) | ep_epoch1(NODE1) | ep_epoch2(NODE0) | held(NODE0) | held(NODE1) | locked_epoch2(NODE1) | transfer_epoch4(NODE0) | transfer_epoch4(NODE1) | transfer_epoch5(NODE0) | transfer_epoch5(NODE1) | NODE0 = NODE1","13","-00----0----00-----0--------------0000","11","38","F","677","0101010120","0101010120","e0h0l0t0","-00----0----","00","-----0------","--------0000","0","3","0","2","0","1","0","4","2","0"
"1795","3","exists NODE0. ep_epoch1(NODE0) | ep_epoch3(NODE0) | ep_epoch4(NODE0) | held(NODE0) | transfer_epoch3(NODE0)","6","-0-00--0-00-00------------------00----","5","9","E","25","e0h0t0","0101000101","e0h0t0","-0-00--0-00-","00","------------","------00----","0","6","0","2","0","0","0","2","0","1"
"1796","4","forall NODE1,NODE0. ep_epoch1(NODE0) | ep_epoch1(NODE1) | ep_epoch3(NODE0) | ep_epoch3(NODE1) | ep_epoch4(NODE1) | held(NODE0) | held(NODE1) | locked_epoch4(NODE0) | transfer_epoch3(NODE0) | transfer_epoch3(NODE1) | NODE0 = NODE1","13","-0-00--0-0--00---------0--------00----","11","38","F","677","0101010120","0101010120","e0h0l0t0","-0-00--0-0--","00","---------0--","------00----","0","5","0","2","0","1","0","2","2","0"
"1797","4","forall NODE1,NODE0. ep_epoch1(NODE0) | ep_epoch1(NODE1) | ep_epoch3(NODE0) | ep_epoch3(NODE1) | ep_epoch4(NODE0) | held(NODE0) | locked_epoch2(NODE1) | locked_epoch4(NODE1) | transfer_epoch3(NODE0) | transfer_epoch3(NODE1) | NODE0 = NODE1","13","-0-00--0-0--0------0---0--------00----","11","38","F","677","0101010120","0101010120","e0h0l0t0","-0-00--0-0--","0-","-----0---0--","------00----","0","5","0","1","0","2","0","2","2","0"
"1798","4","exists NODE0. ep_epoch1(NODE0) | ep_epoch3(NODE0) | held(NODE0) | locked_epoch4(NODE0) | transfer_epoch3(NODE0)","6","-0-0---0-0--00--------00--------00----","5","11","E","13","e0h0l0t0","0101010101","e0h0l0t0","-0-0---0-0--","00","--------00--","------00----","0","4","0","2","0","2","0","2","0","1"
"1799","3","exists NODE0. ep_epoch1(NODE0) | ep_epoch3(NODE0) | held(NODE0) | transfer_epoch3(NODE0) | transfer_epoch5(NODE0)","6","-0-0---0-0--00------------------00--00","5","9","E","25","e0h0t0","0101000101","e0h0t0","-0-0---0-0--","00","------------","------00--00","0","4","0","2","0","0","0","4","0","1"
"1800","4","forall NODE1,NODE0. ep_epoch1(NODE0) | ep_epoch1(NODE1) | ep_epoch3(NODE0) | ep_epoch3(NODE1) | held(NODE0) | locked_epoch2(NODE1) | locked_epoch4(NODE0) | locked_epoch4(NODE1) | transfer_epoch3(NODE0) | transfer_epoch3(NODE1) | NODE0 = NODE1","13","-0-0---0-0--0------0--00--------00----","11","38","F","677","0101010120","0101010120","e0h0l0t0","-0-0---0-0--","0-","-----0--00--","------00----","0","4","0","1","0","3","0","2","2","0"
"1801","4","forall NODE1,NODE0. ep_epoch1(NODE0) | ep_epoch1(NODE1) | ep_epoch3(NODE1) | ep_epoch4(NODE1) | ep_epoch5(NODE1) | held(NODE0) | locked_epoch2(NODE1) | locked_epoch3(NODE0) | transfer_epoch3(NODE0) | transfer_epoch3(NODE1) | NODE0 = NODE1","13","-0-000-0-----0----0--0----------00----","11","38","F","677","0101010120","0101010120","e0h0l0t0","-0-000-0----","-0","----0--0----","------00----","0","5","0","1","0","2","0","2","2","0"
"1802","4","forall NODE1,NODE0. ep_epoch1(NODE0) | ep_epoch1(NODE1) | ep_epoch3(NODE1) | ep_epoch4(NODE1) | held(NODE0) | locked_epoch2(NODE1) | locked_epoch3(NODE0) | locked_epoch5(NODE1) | transfer_epoch3(NODE0) | transfer_epoch3(NODE1) | NODE0 = NODE1","13","-0-00--0-----0----0--0--0-------00----","11","38","F","677","0101010120","0101010120","e0h0l0t0","-0-00--0----","-0","----0--0--0-","------00----","0","4","0","1","0","3","0","2","2","0"
"1803","4","forall NODE1,NODE0. ep_epoch1(NODE0) | ep_epoch1(NODE1) | ep_epoch3(NODE1) | ep_epoch4(NODE0) | held(NODE0) | locked_epoch2(NODE1) | locked_epoch3(NODE0) | locked_epoch4(NODE1) | transfer_epoch3(NODE0) | transfer_epoch3(NODE1) | NODE0 = NODE1","13","-0-0---0--0--0----0--00---------00----","11","38","F","677","0101010120","0101010120","e0h0l0t0","-0-0---0--0-","-0","----0--00---","------00----","0","4","0","1","0","3","0","2","2","0"
"1804","4","forall NODE1,NODE0. ep_epoch1(NODE0) | ep_epoch1(NODE1) | ep_epoch3(NODE1) | ep_epoch5(NODE1) | held(NODE0) | locked_epoch2(NODE1) | locked_epoch3(NODE0) | locked_epoch4(NODE1) | transfer_epoch3(NODE0) | transfer_epoch3(NODE1) | NODE0 = NODE1","13","-0-0-0-0-----0----0--00---------00----","11","38","F","677","0101010120","0101010120","e0h0l0t0","-0-0-0-0----","-0","----0--00---","------00----","0","4","0","1","0","3","0","2","2","0"
"1805","4","forall NODE1,NODE0. ep_epoch1(NODE0) | ep_epoch1(NODE1) | ep_epoch3(NODE0) | held(NODE0) | held(NODE1) | locked_epoch3(NODE1) | transfer_epoch3(NODE0) | transfer_epoch3(NODE1) | transfer_epoch5(NODE0) | transfer_epoch5(NODE1) | NODE0 = NODE1","13","-0-0---0----00-------0----------00--00","11","38","F","677","0101010120","0101010120","e0h0l0t0","-0-0---0----","00","-------0----","------00--00","0","3","0","2","0","1","0","4","2","0"
"1806","4","forall NODE1,NODE0. ep_epoch1(NODE0) | ep_epoch1(NODE1) | ep_epoch3(NODE1) | held(NODE0) | locked_epoch2(NODE1) | locked_epoch3(NODE0) | locked_epoch4(NODE0) | locked_epoch4(NODE1) | transfer_epoch3(NODE0) | transfer_epoch3(NODE1) | NODE0 = NODE1","13","-0-0---0-----0----0--000--------00----","11","38","F","677","0101010120","0101010120","e0h0l0t0","-0-0---0----","-0","----0--000--","------00----","0","3","0","1","0","4","0","2","2","0"
"1807","4","forall NODE1,NODE0. ep_epoch1(NODE0) | ep_epoch1(NODE1) | ep_epoch3(NODE1) | held(NODE0) | locked_epoch2(NODE1) | locked_epoch3(NODE0) | locked_epoch4(NODE1) | locked_epoch5(NODE1) | transfer_epoch3(NODE0) | transfer_epoch3(NODE1) | NODE0 = NODE1","13","-0-0---0-----0----0--00-0-------00----","11","38","F","677","0101010120","0101010120","e0h0l0t0","-0-0---0----","-0","----0--00-0-","------00----","0","3","0","1","0","4","0","2","2","0"
"1808","3","exists NODE0. ep_epoch1(NODE0) | ep_epoch4(NODE0) | held(NODE0) | transfer_epoch3(NODE0) | transfer_epoch4(NODE0)","6","-0--0--0--0-00------------------0000--","5","9","E","25","e0h0t0","0101000101","e0h0t0","-0--0--0--0-","00","------------","------0000--","0","4","0","2","0","0","0","4","0","1"
"1809","4","forall NODE1,NODE0. ep_epoch1(NODE0) | ep_epoch1(NODE1) | ep_epoch4(NODE1) | held(NODE0) | held(NODE1) | locked_epoch4(NODE0) | transfer_epoch3(NODE0) | transfer_epoch3(NODE1) | transfer_epoch4(NODE0) | transfer_epoch4(NODE1) | NODE0 = NODE1","13","-0--0--0----00---------0--------0000--","11","38","F","677","0101010120","0101010120","e0h0l0t0","-0--0--0----","00","---------0--","------0000--","0","3","0","2","0","1","0","4","2","0"
"1810","4","exists NODE0. ep_epoch1(NODE0) | held(NODE0) | locked_epoch4(NODE0) | transfer_epoch3(NODE0) | transfer_epoch4(NODE0)","6","-0-----0----00--------00--------0000--","5","11","E","13","e0h0l0t0","0101010101","e0h0l0t0","-0-----0----","00","--------00--","------0000--","0","2","0","2","0","2","0","4","0","1"
"1811","3","exists NODE0. ep_epoch1(NODE0) | held(NODE0) | transfer_epoch3(NODE0) | transfer_epoch4(NODE0) | transfer_epoch5(NODE0)","6","-0-----0----00------------------000000","5","9","E","25","e0h0t0","0101000101","e0h0t0","-0-----0----","00","------------","------000000","0","2","0","2","0","0","0","6","0","1"
"1812","4","forall NODE1,NODE0. ep_epoch1(NODE0) | ep_epoch2(NODE0) | ep_epoch2(NODE1) | ep_epoch3(NODE0) | ep_epoch3(NODE1) | ep_epoch4(NODE1) | held(NODE1) | locked_epoch4(NODE0) | transfer_epoch2(NODE0) | transfer_epoch2(NODE1) | NODE0 = NODE1","13","-000----000--0--------0-------00------","11","38","F","677","0101010120","0101010120","e0h0l0t0","-000----000-","-0","--------0---","----00------","0","6","0","1","0","1","0","2","2","0"
"1813","4","forall NODE1,NODE0. ep_epoch1(NODE0) | ep_epoch2(NODE0) | ep_epoch2(NODE1) | ep_epoch3(NODE0) | ep_epoch3(NODE1) | held(NODE1) | locked_epoch4(NODE0) | locked_epoch4(NODE1) | transfer_epoch2(NODE0) | transfer_epoch2(NODE1) | NODE0 = NODE1","13","-000----00---0--------00------00------","11","38","F","677","0101010120","0101010120","e0h0l0t0","-000----00--","-0","--------00--","----00------","0","5","0","1","0","2","0","2","2","0"
"1814","4","forall NODE1,NODE0. ep_epoch1(NODE0) | ep_epoch2(NODE0) | ep_epoch2(NODE1) | ep_epoch3(NODE0) | ep_epoch4(NODE0) | ep_epoch5(NODE0) | held(NODE1) | locked_epoch3(NODE1) | transfer_epoch2(NODE0) | transfer_epoch2(NODE1) | NODE0 = NODE1","13","-00000--0----0-------0--------00------","11","38","F","677","0101010120","0101010120","e0h0l0t0","-00000--0---","-0","-------0----","----00------","0","6","0","1","0","1","0","2","2","0"
"1815","4","forall NODE1,NODE0. ep_epoch1(NODE0) | ep_epoch2(NODE0) | ep_epoch2(NODE1) | ep_epoch3(NODE0) | ep_epoch4(NODE0) | held(NODE1) | locked_epoch3(NODE1) | locked_epoch5(NODE0) | transfer_epoch2(NODE0) | transfer_epoch2(NODE1) | NODE0 = NODE1","13","-0000---0----0-------0--0-----00------","11","38","F","677","0101010120","0101010120","e0h0l0t0","-0000---0---","-0","-------0--0-","----00------","0","5","0","1","0","2","0","2","2","0"
"1816","4","forall NODE1,NODE0. ep_epoch1(NODE0) | ep_epoch2(NODE0) | ep_epoch2(NODE1) | ep_epoch3(NODE0) | ep_epoch4(NODE1) | held(NODE1) | locked_epoch3(NODE1) | locked_epoch4(NODE0) | transfer_epoch2(NODE0) | transfer_epoch2(NODE1) | NODE0 = NODE1","13","-000----0-0--0-------00-------00------","11","38","F","677","0101010120","0101010120","e0h0l0t0","-000----0-0-","-0","-------00---","----00------","0","5","0","1","0","2","0","2","2","0"
"1817","4","forall NODE1,NODE0. ep_epoch1(NODE0) | ep_epoch2(NODE0) | ep_epoch2(NODE1) | ep_epoch3(NODE0) | ep_epoch5(NODE0) | held(NODE1) | locked_epoch3(NODE1) | locked_epoch4(NODE0) | transfer_epoch2(NODE0) | transfer_epoch2(NODE1) | NODE0 = NODE1","13","-000-0--0----0-------00-------00------","11","38","F","677","0101010120","0101010120","e0h0l0t0","-000-0--0---","-0","-------00---","----00------","0","5","0","1","0","2","0","2","2","0"
"1818","4","forall NODE1,NODE0. ep_epoch1(NODE0) | ep_epoch2(NODE0) | ep_epoch2(NODE1) | ep_epoch3(NODE0) | held(NODE1) | locked_epoch3(NODE1) | locked_epoch4(NODE0) | locked_epoch4(NODE1) | transfer_epoch2(NODE0) | transfer_epoch2(NODE1) | NODE0 = NODE1","13","-000----0----0-------000------00------","11","38","F","677","0101010120","0101010120","e0h0l0t0","-000----0---","-0","-------000--","----00------","0","4","0","1","0","3","0","2","2","0"
"1819","4","forall NODE1,NODE0. ep_epoch1(NODE0) | ep_epoch2(NODE0) | ep_epoch2(NODE1) | ep_epoch3(NODE0) | held(NODE1) | locked_epoch3(NODE1) | locked_epoch4(NODE0) | locked_epoch5(NODE0) | transfer_epoch2(NODE0) | transfer_epoch2(NODE1) | NODE0 = NODE1","13","-000----0----0-------00-0-----00------","11","38","F","677","0101010120","0101010120","e0h0l0t0","-000----0---","-0","-------00-0-","----00------","0","4","0","1","0","3","0","2","2","0"
"1820","4","forall NODE1,NODE0. ep_epoch1(NODE0) | ep_epoch2(NODE0) | ep_epoch3(NODE1) | ep_epoch4(NODE1) | held(NODE1) | locked_epoch3(NODE0) | transfer_epoch2(NODE0) | transfer_epoch2(NODE1) | transfer_epoch3(NODE0) | transfer_epoch3(NODE1) | NODE0 = NODE1","13","-00------00--0------0---------0000----","11","38","F","677","0101010120","0101010120","e0h0l0t0","-00------00-","-0","------0-----","----0000----","0","4","0","1","0","1","0","4","2","0"
"1821","4","forall NODE1,NODE0. ep_epoch1(NODE0) | ep_epoch2(NODE0) | ep_epoch3(NODE1) | held(NODE1) | locked_epoch3(NODE0) | locked_epoch4(NODE1) | transfer_epoch2(NODE0) | transfer_epoch2(NODE1) | transfer_epoch3(NODE0) | transfer_epoch3(NODE1) | NODE0 = NODE1","13","-00------0---0------0--0------0000----","11","38","F","677","0101010120","0101010120","e0h0l0t0","-00------0--","-0","------0--0--","----0000----","0","3","0","1","0","2","0","4","2","0"
"1822","4","forall NODE1,NODE0. ep_epoch1(NODE0) | ep_epoch2(NODE1) | ep_epoch3(NODE1) | ep_epoch5(NODE0) | held(NODE1) | locked_epoch2(NODE0) | transfer_epoch2(NODE0) | transfer_epoch2(NODE1) | transfer_epoch5(NODE0) | transfer_epoch5(NODE1) | NODE0 = NODE1","13","-0---0--00---0----0-----------00----00","11","38","F","677","0101010120","0101010120","e0h0l0t0","-0---0--00--","-0","----0-------","----00----00","0","4","0","1","0","1","0","4","2","0"
"1823","4","forall NODE1,NODE0. ep_epoch1(NODE0) | ep_epoch2(NODE1) | ep_epoch3(NODE1) | held(NODE1) | locked_epoch2(NODE0) | locked_epoch5(NODE0) | transfer_epoch2(NODE0) | transfer_epoch2(NODE1) | transfer_epoch5(NODE0) | transfer_epoch5(NODE1) | NODE0 = NODE1","13","-0------00---0----0-----0-----00----00","11","38","F","677","0101010120","0101010120","e0h0l0t0","-0------00--","-0","----0-----0-","----00----00","0","3","0","1","0","2","0","4","2","0"
"1824","4","forall NODE1,NODE0. ep_epoch1(NODE0) | ep_epoch2(NODE1) | ep_epoch4(NODE1) | held(NODE1) | locked_epoch2(NODE0) | locked_epoch4(NODE0) | transfer_epoch2(NODE0) | transfer_epoch2(NODE1) | transfer_epoch4(NODE0) | transfer_epoch4(NODE1) | NODE0 = NODE1","13","-0------0-0--0----0---0-------00--00--","11","38","F","677","0101010120","0101010120","e0h0l0t0","-0------0-0-","-0","----0---0---","----00--00--","0","3","0","1","0","2","0","4","2","0"
"1825","4","forall NODE1,NODE0. ep_epoch1(NODE0) | ep_epoch2(NODE1) | ep_epoch5(NODE0) | held(NODE1) | locked_epoch2(NODE0) | locked_epoch3(NODE1) | transfer_epoch2(NODE0) | transfer_epoch2(NODE1) | transfer_epoch5(NODE0) | transfer_epoch5(NODE1) | NODE0 = NODE1","13","-0---0--0----0----0--0--------00----00","11","38","F","677","0101010120","0101010120","e0h0l0t0","-0---0--0---","-0","----0--0----","----00----00","0","3","0","1","0","2","0","4","2","0"
"1826","4","forall NODE1,NODE0. ep_epoch1(NODE0) | ep_epoch2(NODE1) | held(NODE1) | locked_epoch2(NODE0) | locked_epoch3(NODE1) | locked_epoch5(NODE0) | transfer_epoch2(NODE0) | transfer_epoch2(NODE1) | transfer_epoch5(NODE0) | transfer_epoch5(NODE1) | NODE0 = NODE1","13","-0------0----0----0--0--0-----00----00","11","38","F","677","0101010120","0101010120","e0h0l0t0","-0------0---","-0","----0--0--0-","----00----00","0","2","0","1","0","3","0","4","2","0"
"1827","4","forall NODE1,NODE0. ep_epoch1(NODE0) | ep_epoch2(NODE1) | held(NODE1) | locked_epoch2(NODE0) | locked_epoch4(NODE0) | locked_epoch4(NODE1) | transfer_epoch2(NODE0) | transfer_epoch2(NODE1) | transfer_epoch4(NODE0) | transfer_epoch4(NODE1) | NODE0 = NODE1","13","-0------0----0----0---00------00--00--","11","38","F","677","0101010120","0101010120","e0h0l0t0","-0------0---","-0","----0---00--","----00--00--","0","2","0","1","0","3","0","4","2","0"
"1828","4","forall NODE1,NODE0. ep_epoch1(NODE0) | ep_epoch3(NODE1) | ep_epoch4(NODE1) | held(NODE1) | locked_epoch2(NODE0) | locked_epoch3(NODE0) | transfer_epoch2(NODE0) | transfer_epoch2(NODE1) | transfer_epoch3(NODE0) | transfer_epoch3(NODE1) | NODE0 = NODE1","13","-0-------00--0----0-0---------0000----","11","38","F","677","0101010120","0101010120","e0h0l0t0","-0-------00-","-0","----0-0-----","----0000----","0","3","0","1","0","2","0","4","2","0"
"1829","4","forall NODE1,NODE0. ep_epoch1(NODE0) | ep_epoch3(NODE1) | held(NODE1) | locked_epoch2(NODE0) | locked_epoch3(NODE0) | locked_epoch4(NODE1) | transfer_epoch2(NODE0) | transfer_epoch2(NODE1) | transfer_epoch3(NODE0) | transfer_epoch3(NODE1) | NODE0 = NODE1","13","-0-------0---0----0-0--0------0000----","11","38","F","677","0101010120","0101010120","e0h0l0t0","-0-------0--","-0","----0-0--0--","----0000----","0","2","0","1","0","3","0","4","2","0"
"1830","3","exists NODE0. ep_epoch2(NODE0) | ep_epoch3(NODE0) | ep_epoch4(NODE0) | held(NODE0) | transfer_epoch2(NODE0)","6","--000---000-00----------------00------","5","9","E","25","e0h0t0","0101000101","e0h0t0","--000---000-","00","------------","----00------","0","6","0","2","0","0","0","2","0","1"
"1831","4","forall NODE1,NODE0. ep_epoch2(NODE0) | ep_epoch2(NODE1) | ep_epoch3(NODE0) | ep_epoch3(NODE1) | ep_epoch4(NODE1) | held(NODE0) | held(NODE1) | locked_epoch4(NODE0) | transfer_epoch2(NODE0) | transfer_epoch2(NODE1) | NODE0 = NODE1","13","--000---00--00---------0------00------","11","38","F","677","0101010120","0101010120","e0h0l0t0","--000---00--","00","---------0--","----00------","0","5","0","2","0","1","0","2","2","0"
"1832","4","exists NODE0. ep_epoch2(NODE0) | ep_epoch3(NODE0) | held(NODE0) | locked_epoch4(NODE0) | transfer_epoch2(NODE0)","6","--00----00--00--------00------00------","5","11","E","13","e0h0l0t0","0101010101","e0h0l0t0","--00----00--","00","--------00--","----00------","0","4","0","2","0","2","0","2","0","1"
"1833","3","exists NODE0. ep_epoch2(NODE0) | ep_epoch3(NODE0) | held(NODE0) | transfer_epoch2(NODE0) | transfer_epoch5(NODE0)","6","--00----00--00----------------00----00","5","9","E","25","e0h0t0","0101000101","e0h0t0","--00----00--","00","------------","----00----00","0","4","0","2","0","0","0","4","0","1"
"1834","4","forall NODE1,NODE0. ep_epoch2(NODE0) | ep_epoch2(NODE1) | ep_epoch3(NODE0) | held(NODE0) | held(NODE1) | locked_epoch3(NODE1) | transfer_epoch2(NODE0) | transfer_epoch2(NODE1) | transfer_epoch5(NODE0) | transfer_epoch5(NODE1) | NODE0 = NODE1","13","--00----0---00-------0--------00----00","11","38","F","677","0101010120","0101010120","e0h0l0t0","--00----0---","00","-------0----","----00----00","0","3","0","2","0","1","0","4","2","0"
"1835","3","exists NODE0. ep_epoch2(NODE0) | ep_epoch4(NODE0) | held(NODE0) | transfer_epoch2(NODE0) | transfer_epoch4(NODE0)","6","--0-0---0-0-00----------------00--00--","5","9","E","25","e0h0t0","0101000101","e0h0t0","--0-0---0-0-","00","------------","----00--00--","0","4","0","2","0","0","0","4","0","1"
"1836","4","forall NODE1,NODE0. ep_epoch2(NODE0) | ep_epoch2(NODE1) | ep_epoch4(NODE1) | held(NODE0) | held(NODE1) | locked_epoch4(NODE0) | transfer_epoch2(NODE0) | transfer_epoch2(NODE1) | transfer_epoch4(NODE0) | transfer_epoch4(NODE1) | NODE0 = NODE1","13","--0-0---0---00---------0------00--00--","11","38","F","677","0101010120","0101010120","e0h0l0t0","--0-0---0---","00","---------0--","----00--00--","0","3","0","2","0","1","0","4","2","0"
"1837","4","exists NODE0. ep_epoch2(NODE0) | held(NODE0) | locked_epoch4(NODE0) | transfer_epoch2(NODE0) | transfer_epoch4(NODE0)","6","--0-----0---00--------00------00--00--","5","11","E","13","e0h0l0t0","0101010101","e0h0l0t0","--0-----0---","00","--------00--","----00--00--","0","2","0","2","0","2","0","4","0","1"
"1838","3","exists NODE0. ep_epoch2(NODE0) | held(NODE0) | transfer_epoch2(NODE0) | transfer_epoch4(NODE0) | transfer_epoch5(NODE0)","6","--0-----0---00----------------00--0000","5","9","E","25","e0h0t0","0101000101","e0h0t0","--0-----0---","00","------------","----00--0000","0","2","0","2","0","0","0","6","0","1"
"1839","4","forall NODE1,NODE0. ep_epoch2(NODE0) | ep_epoch4(NODE0) | ep_epoch4(NODE1) | held(NODE0) | held(NODE1) | locked_epoch2(NODE1) | transfer_epoch2(NODE0) | transfer_epoch2(NODE1) | transfer_epoch4(NODE0) | transfer_epoch4(NODE1) | NODE0 = NODE1","13","--0-0-----0-00-----0----------00--00--","11","38","F","677","0101010120","0101010120","e0h0l0t0","--0-0-----0-","00","-----0------","----00--00--","0","3","0","2","0","1","0","4","2","0"
"1840","4","forall NODE2,NODE1,NODE0,NODE3. ep_epoch2(NODE0) | ep_epoch4(NODE1) | held(NODE0) | held(NODE2) | locked_epoch2(NODE2) | locked_epoch4(NODE3) | transfer_epoch2(NODE0) | transfer_epoch2(NODE2) | transfer_epoch4(NODE0) | transfer_epoch4(NODE2) | ((NODE0 ~= NODE1 | NODE2 ~= NODE3 | NODE0 = NODE2) & (NODE0 ~= NODE3 | NODE1 ~= NODE2 | NODE0 = NODE1))","20","--0-0-------00-----0---0------00--00--","16","91","F","12","0101010140","0101010140","e0h0l0t0","--0-0-------","00","-----0---0--","----00--00--","0","2","0","2","0","2","0","4","4","0"
"1841","4","forall NODE1,NODE0. ep_epoch2(NODE0) | held(NODE0) | held(NODE1) | locked_epoch2(NODE1) | locked_epoch4(NODE0) | locked_epoch4(NODE1) | transfer_epoch2(NODE0) | transfer_epoch2(NODE1) | transfer_epoch4(NODE0) | transfer_epoch4(NODE1) | NODE0 = NODE1","13","--0---------00-----0--00------00--00--","11","38","F","677","0101010120","0101010120","e0h0l0t0","--0---------","00","-----0--00--","----00--00--","0","1","0","2","0","3","0","4","2","0"
"1842","4","forall NODE1,NODE0. ep_epoch2(NODE0) | held(NODE0) | held(NODE1) | locked_epoch2(NODE1) | transfer_epoch2(NODE0) | transfer_epoch2(NODE1) | transfer_epoch4(NODE0) | transfer_epoch4(NODE1) | transfer_epoch5(NODE0) | transfer_epoch5(NODE1) | NODE0 = NODE1","13","--0---------00-----0----------00--0000","11","38","F","677","0101010120","0101010120","e0h0l0t0","--0---------","00","-----0------","----00--0000","0","1","0","2","0","1","0","6","2","0"
"1843","3","exists NODE0. ep_epoch3(NODE0) | ep_epoch4(NODE0) | held(NODE0) | transfer_epoch2(NODE0) | transfer_epoch3(NODE0)","6","---00----00-00----------------0000----","5","9","E","25","e0h0t0","0101000101","e0h0t0","---00----00-","00","------------","----0000----","0","4","0","2","0","0","0","4","0","1"
"1844","4","forall NODE1,NODE0. ep_epoch3(NODE0) | ep_epoch3(NODE1) | ep_epoch4(NODE1) | held(NODE0) | held(NODE1) | locked_epoch4(NODE0) | transfer_epoch2(NODE0) | transfer_epoch2(NODE1) | transfer_epoch3(NODE0) | transfer_epoch3(NODE1) | NODE0 = NODE1","13","---00----0--00---------0------0000----","11","38","F","677","0101010120","0101010120","e0h0l0t0","---00----0--","00","---------0--","----0000----","0","3","0","2","0","1","0","4","2","0"
"1845","4","exists NODE0. ep_epoch3(NODE0) | held(NODE0) | locked_epoch4(NODE0) | transfer_epoch2(NODE0) | transfer_epoch3(NODE0)","6","---0-----0--00--------00------0000----","5","11","E","13","e0h0l0t0","0101010101","e0h0l0t0","---0-----0--","00","--------00--","----0000----","0","2","0","2","0","2","0","4","0","1"
"1846","3","exists NODE0. ep_epoch3(NODE0) | held(NODE0) | transfer_epoch2(NODE0) | transfer_epoch3(NODE0) | transfer_epoch5(NODE0)","6","---0-----0--00----------------0000--00","5","9","E","25","e0h0t0","0101000101","e0h0t0","---0-----0--","00","------------","----0000--00","0","2","0","2","0","0","0","6","0","1"
"1847","4","forall NODE1,NODE0. ep_epoch3(NODE0) | held(NODE0) | held(NODE1) | locked_epoch3(NODE1) | transfer_epoch2(NODE0) | transfer_epoch2(NODE1) | transfer_epoch3(NODE0) | transfer_epoch3(NODE1) | transfer_epoch5(NODE0) | transfer_epoch5(NODE1) | NODE0 = NODE1","13","---0--------00-------0--------0000--00","11","38","F","677","0101010120","0101010120","e0h0l0t0","---0--------","00","-------0----","----0000--00","0","1","0","2","0","1","0","6","2","0"
"1848","3","exists NODE0. ep_epoch4(NODE0) | held(NODE0) | transfer_epoch2(NODE0) | transfer_epoch3(NODE0) | transfer_epoch4(NODE0)","6","----0-----0-00----------------000000--","5","9","E","25","e0h0t0","0101000101","e0h0t0","----0-----0-","00","------------","----000000--","0","2","0","2","0","0","0","6","0","1"
"1849","4","forall NODE1,NODE0. ep_epoch4(NODE0) | held(NODE0) | held(NODE1) | locked_epoch4(NODE1) | transfer_epoch2(NODE0) | transfer_epoch2(NODE1) | transfer_epoch3(NODE0) | transfer_epoch3(NODE1) | transfer_epoch4(NODE0) | transfer_epoch4(NODE1) | NODE0 = NODE1","13","----0-------00---------0------000000--","11","38","F","677","0101010120","0101010120","e0h0l0t0","----0-------","00","---------0--","----000000--","0","1","0","2","0","1","0","6","2","0"
"1850","3","exists NODE0. held(NODE0) | locked_epoch4(NODE0) | transfer_epoch2(NODE0) | transfer_epoch3(NODE0) | transfer_epoch4(NODE0)","6","------------00--------00------000000--","5","10","E","3","h0l0t0","0001010101","h0l0t0","------------","00","--------00--","----000000--","0","0","0","2","0","2","0","6","0","1"
"1851","2","exists NODE0. held(NODE0) | transfer_epoch2(NODE0) | transfer_epoch3(NODE0) | transfer_epoch4(NODE0) | transfer_epoch5(NODE0)","6","------------00----------------00000000","5","8","E","1","h0t0","0001000101","h0t0","------------","00","------------","----00000000","0","0","0","2","0","0","0","8","0","1"
"1852","4","forall NODE1,NODE0. ~locked_epoch2(NODE0) | ep_epoch3(NODE1) | ep_epoch4(NODE1) | ep_epoch5(NODE1) | held(NODE0) | transfer_epoch3(NODE0) | transfer_epoch3(NODE1) | transfer_epoch4(NODE0) | transfer_epoch4(NODE1) | transfer_epoch5(NODE0) | transfer_epoch5(NODE1) | NODE0 = NODE1","14","---------0000-----1-------------000000","12","61","F","32","0101100120","0101100120","e0h0l1t0","---------000","0-","----1-------","------000000","0","3","0","1","1","0","0","6","2","0"
"1853","5","forall NODE1,NODE0. ~locked_epoch2(NODE0) | ep_epoch3(NODE1) | ep_epoch4(NODE1) | held(NODE0) | locked_epoch5(NODE1) | transfer_epoch3(NODE0) | transfer_epoch3(NODE1) | transfer_epoch4(NODE0) | transfer_epoch4(NODE1) | transfer_epoch5(NODE0) | transfer_epoch5(NODE1) | NODE0 = NODE1","14","---------00-0-----1------0------000000","12","81","F","80","0101110120","0101110120","e0h0l1l0t0","---------00-","0-","----1------0","------000000","0","2","0","1","1","1","0","6","2","0"
"1854","5","forall NODE1,NODE0. ~locked_epoch2(NODE0) | ep_epoch3(NODE1) | ep_epoch5(NODE1) | held(NODE0) | locked_epoch4(NODE1) | transfer_epoch3(NODE0) | transfer_epoch3(NODE1) | transfer_epoch4(NODE0) | transfer_epoch4(NODE1) | transfer_epoch5(NODE0) | transfer_epoch5(NODE1) | NODE0 = NODE1","14","---------0-00-----1----0--------000000","12","81","F","80","0101110120","0101110120","e0h0l1l0t0","---------0-0","0-","----1----0--","------000000","0","2","0","1","1","1","0","6","2","0"
"1855","5","forall NODE1,NODE0. ~locked_epoch2(NODE0) | ep_epoch3(NODE1) | held(NODE0) | locked_epoch4(NODE1) | locked_epoch5(NODE1) | transfer_epoch3(NODE0) | transfer_epoch3(NODE1) | transfer_epoch4(NODE0) | transfer_epoch4(NODE1) | transfer_epoch5(NODE0) | transfer_epoch5(NODE1) | NODE0 = NODE1","14","---------0--0-----1----0-0------000000","12","81","F","80","0101110120","0101110120","e0h0l1l0t0","---------0--","0-","----1----0-0","------000000","0","1","0","1","1","2","0","6","2","0"
"1856","5","forall NODE1,NODE0. ~locked_epoch2(NODE0) | ep_epoch4(NODE1) | ep_epoch5(NODE1) | held(NODE0) | locked_epoch3(NODE1) | transfer_epoch3(NODE0) | transfer_epoch3(NODE1) | transfer_epoch4(NODE0) | transfer_epoch4(NODE1) | transfer_epoch5(NODE0) | transfer_epoch5(NODE1) | NODE0 = NODE1","14","----------000-----1--0----------000000","12","81","F","80","0101110120","0101110120","e0h0l1l0t0","----------00","0-","----1--0----","------000000","0","2","0","1","1","1","0","6","2","0"
"1857","5","forall NODE1,NODE0. ~locked_epoch2(NODE0) | ep_epoch4(NODE1) | held(NODE0) | locked_epoch3(NODE1) | locked_epoch5(NODE1) | transfer_epoch3(NODE0) | transfer_epoch3(NODE1) | transfer_epoch4(NODE0) | transfer_epoch4(NODE1) | transfer_epoch5(NODE0) | transfer_epoch5(NODE1) | NODE0 = NODE1","14","----------0-0-----1--0---0------000000","12","81","F","80","0101110120","0101110120","e0h0l1l0t0","----------0-","0-","----1--0---0","------000000","0","1","0","1","1","2","0","6","2","0"
"1858","5","forall NODE1,NODE0. ~locked_epoch2(NODE0) | ep_epoch5(NODE1) | held(NODE0) | locked_epoch3(NODE1) | locked_epoch4(NODE1) | transfer_epoch3(NODE0) | transfer_epoch3(NODE1) | transfer_epoch4(NODE0) | transfer_epoch4(NODE1) | transfer_epoch5(NODE0) | transfer_epoch5(NODE1) | NODE0 = NODE1","14","-----------00-----1--0-0--------000000","12","81","F","80","0101110120","0101110120","e0h0l1l0t0","-----------0","0-","----1--0-0--","------000000","0","1","0","1","1","2","0","6","2","0"
"1859","4","forall NODE1,NODE0. ~locked_epoch2(NODE0) | held(NODE0) | locked_epoch3(NODE1) | locked_epoch4(NODE1) | locked_epoch5(NODE1) | transfer_epoch3(NODE0) | transfer_epoch3(NODE1) | transfer_epoch4(NODE0) | transfer_epoch4(NODE1) | transfer_epoch5(NODE0) | transfer_epoch5(NODE1) | NODE0 = NODE1","14","------------0-----1--0-0-0------000000","12","63","F","7","0001110120","0001110120","h0l1l0t0","------------","0-","----1--0-0-0","------000000","0","0","0","1","1","3","0","6","2","0"
"1860","3","forall NODE1,NODE0. ep_epoch0(NODE0) | ep_epoch0(NODE1) | ep_epoch1(NODE0) | ep_epoch1(NODE1) | ep_epoch2(NODE0) | ep_epoch2(NODE1) | ep_epoch4(NODE1) | ep_epoch5(NODE1) | held(NODE0) | transfer_epoch5(NODE0) | transfer_epoch5(NODE1) | NODE0 = NODE1","14","000-00000----0----------------------00","12","37","F","48","0101000120","0101000120","e0h0t0","000-00000---","-0","------------","----------00","0","8","0","1","0","0","0","2","2","0"
"1861","4","forall NODE1,NODE0. ep_epoch0(NODE0) | ep_epoch0(NODE1) | ep_epoch1(NODE0) | ep_epoch1(NODE1) | ep_epoch2(NODE0) | ep_epoch2(NODE1) | ep_epoch4(NODE1) | held(NODE0) | locked_epoch5(NODE1) | transfer_epoch5(NODE0) | transfer_epoch5(NODE1) | NODE0 = NODE1","14","000-0-000----0----------0-----------00","12","38","F","677","0101010120","0101010120","e0h0l0t0","000-0-000---","-0","----------0-","----------00","0","7","0","1","0","1","0","2","2","0"
"1862","4","forall NODE1,NODE0. ep_epoch0(NODE0) | ep_epoch0(NODE1) | ep_epoch1(NODE0) | ep_epoch1(NODE1) | ep_epoch2(NODE0) | ep_epoch2(NODE1) | ep_epoch5(NODE1) | held(NODE0) | locked_epoch4(NODE1) | transfer_epoch5(NODE0) | transfer_epoch5(NODE1) | NODE0 = NODE1","14","000--0000----0--------0-------------00","12","38","F","677","0101010120","0101010120","e0h0l0t0","000--0000---","-0","--------0---","----------00","0","7","0","1","0","1","0","2","2","0"
"1863","4","forall NODE1,NODE0. ep_epoch0(NODE0) | ep_epoch0(NODE1) | ep_epoch1(NODE0) | ep_epoch1(NODE1) | ep_epoch2(NODE0) | ep_epoch2(NODE1) | held(NODE0) | locked_epoch4(NODE1) | locked_epoch5(NODE1) | transfer_epoch5(NODE0) | transfer_epoch5(NODE1) | NODE0 = NODE1","14","000---000---0----------0-0----------00","12","38","F","677","0101010120","0101010120","e0h0l0t0","000---000---","0-","---------0-0","----------00","0","6","0","1","0","2","0","2","2","0"
"1864","3","forall NODE1,NODE0. ep_epoch0(NODE0) | ep_epoch0(NODE1) | ep_epoch1(NODE0) | ep_epoch1(NODE1) | ep_epoch3(NODE0) | ep_epoch3(NODE1) | ep_epoch4(NODE1) | ep_epoch5(NODE1) | held(NODE0) | transfer_epoch5(NODE0) | transfer_epoch5(NODE1) | NODE0 = NODE1","14","00-00000-0---0----------------------00","12","37","F","48","0101000120","0101000120","e0h0t0","00-00000-0--","-0","------------","----------00","0","8","0","1","0","0","0","2","2","0"
"1865","4","forall NODE1,NODE0. ep_epoch0(NODE0) | ep_epoch0(NODE1) | ep_epoch1(NODE0) | ep_epoch1(NODE1) | ep_epoch3(NODE0) | ep_epoch3(NODE1) | ep_epoch4(NODE1) | held(NODE0) | locked_epoch5(NODE1) | transfer_epoch5(NODE0) | transfer_epoch5(NODE1) | NODE0 = NODE1","14","00-00-00-0---0----------0-----------00","12","38","F","677","0101010120","0101010120","e0h0l0t0","00-00-00-0--","-0","----------0-","----------00","0","7","0","1","0","1","0","2","2","0"
"1866","4","forall NODE1,NODE0. ep_epoch0(NODE0) | ep_epoch0(NODE1) | ep_epoch1(NODE0) | ep_epoch1(NODE1) | ep_epoch3(NODE0) | ep_epoch3(NODE1) | ep_epoch5(NODE1) | held(NODE0) | locked_epoch4(NODE1) | transfer_epoch5(NODE0) | transfer_epoch5(NODE1) | NODE0 = NODE1","14","00-0-000-0---0--------0-------------00","12","38","F","677","0101010120","0101010120","e0h0l0t0","00-0-000-0--","-0","--------0---","----------00","0","7","0","1","0","1","0","2","2","0"
"1867","4","forall NODE1,NODE0. ep_epoch0(NODE0) | ep_epoch0(NODE1) | ep_epoch1(NODE0) | ep_epoch1(NODE1) | ep_epoch3(NODE0) | ep_epoch3(NODE1) | held(NODE0) | locked_epoch4(NODE1) | locked_epoch5(NODE1) | transfer_epoch5(NODE0) | transfer_epoch5(NODE1) | NODE0 = NODE1","14","00-0--00-0--0----------0-0----------00","12","38","F","677","0101010120","0101010120","e0h0l0t0","00-0--00-0--","0-","---------0-0","----------00","0","6","0","1","0","2","0","2","2","0"
"1868","3","forall NODE1,NODE0. ep_epoch0(NODE0) | ep_epoch0(NODE1) | ep_epoch1(NODE0) | ep_epoch1(NODE1) | ep_epoch3(NODE1) | ep_epoch4(NODE0) | ep_epoch4(NODE1) | ep_epoch5(NODE1) | held(NODE0) | transfer_epoch4(NODE0) | transfer_epoch4(NODE1) | NODE0 = NODE1","14","00-00000--0--0--------------------00--","12","37","F","48","0101000120","0101000120","e0h0t0","00-00000--0-","-0","------------","--------00--","0","8","0","1","0","0","0","2","2","0"
"1869","4","forall NODE1,NODE0. ep_epoch0(NODE0) | ep_epoch0(NODE1) | ep_epoch1(NODE0) | ep_epoch1(NODE1) | ep_epoch3(NODE1) | ep_epoch4(NODE0) | ep_epoch4(NODE1) | held(NODE0) | locked_epoch5(NODE1) | transfer_epoch4(NODE0) | transfer_epoch4(NODE1) | NODE0 = NODE1","14","00-00-00--0--0----------0---------00--","12","38","F","677","0101010120","0101010120","e0h0l0t0","00-00-00--0-","-0","----------0-","--------00--","0","7","0","1","0","1","0","2","2","0"
"1870","4","forall NODE1,NODE0. ep_epoch0(NODE0) | ep_epoch0(NODE1) | ep_epoch1(NODE0) | ep_epoch1(NODE1) | ep_epoch3(NODE1) | ep_epoch4(NODE1) | ep_epoch5(NODE1) | held(NODE0) | locked_epoch4(NODE0) | transfer_epoch4(NODE0) | transfer_epoch4(NODE1) | NODE0 = NODE1","14","00-00000-----0---------0----------00--","12","38","F","677","0101010120","0101010120","e0h0l0t0","00-00000----","-0","---------0--","--------00--","0","7","0","1","0","1","0","2","2","0"
"1871","4","forall NODE1,NODE0. ep_epoch0(NODE0) | ep_epoch0(NODE1) | ep_epoch1(NODE0) | ep_epoch1(NODE1) | ep_epoch3(NODE1) | ep_epoch4(NODE1) | held(NODE0) | locked_epoch4(NODE0) | locked_epoch5(NODE1) | transfer_epoch4(NODE0) | transfer_epoch4(NODE1) | NODE0 = NODE1","14","00-00-00-----0---------00---------00--","12","38","F","677","0101010120","0101010120","e0h0l0t0","00-00-00----","-0","---------00-","--------00--","0","6","0","1","0","2","0","2","2","0"
"1872","4","forall NODE1,NODE0. ep_epoch0(NODE0) | ep_epoch0(NODE1) | ep_epoch1(NODE0) | ep_epoch1(NODE1) | ep_epoch4(NODE0) | ep_epoch4(NODE1) | ep_epoch5(NODE1) | held(NODE0) | locked_epoch3(NODE1) | transfer_epoch4(NODE0) | transfer_epoch4(NODE1) | NODE0 = NODE1","14","00--0000--0--0------0-------------00--","12","38","F","677","0101010120","0101010120","e0h0l0t0","00--0000--0-","-0","------0-----","--------00--","0","7","0","1","0","1","0","2","2","0"
"1873","4","forall NODE1,NODE0. ep_epoch0(NODE0) | ep_epoch0(NODE1) | ep_epoch1(NODE0) | ep_epoch1(NODE1) | ep_epoch4(NODE0) | ep_epoch4(NODE1) | held(NODE0) | locked_epoch3(NODE1) | locked_epoch5(NODE1) | transfer_epoch4(NODE0) | transfer_epoch4(NODE1) | NODE0 = NODE1","14","00--0-00--0-0--------0---0--------00--","12","38","F","677","0101010120","0101010120","e0h0l0t0","00--0-00--0-","0-","-------0---0","--------00--","0","6","0","1","0","2","0","2","2","0"
"1874","4","forall NODE1,NODE0. ep_epoch0(NODE0) | ep_epoch0(NODE1) | ep_epoch1(NODE0) | ep_epoch1(NODE1) | ep_epoch4(NODE1) | ep_epoch5(NODE1) | held(NODE0) | locked_epoch3(NODE1) | locked_epoch4(NODE0) | transfer_epoch4(NODE0) | transfer_epoch4(NODE1) | NODE0 = NODE1","14","00--0000-----0------0--0----------00--","12","38","F","677","0101010120","0101010120","e0h0l0t0","00--0000----","-0","------0--0--","--------00--","0","6","0","1","0","2","0","2","2","0"
"1875","4","forall NODE1,NODE0. ep_epoch0(NODE0) | ep_epoch0(NODE1) | ep_epoch1(NODE0) | ep_epoch1(NODE1) | ep_epoch4(NODE1) | held(NODE0) | locked_epoch3(NODE1) | locked_epoch4(NODE0) | locked_epoch5(NODE1) | transfer_epoch4(NODE0) | transfer_epoch4(NODE1) | NODE0 = NODE1","14","00--0-00-----0------0--00---------00--","12","38","F","677","0101010120","0101010120","e0h0l0t0","00--0-00----","-0","------0--00-","--------00--","0","5","0","1","0","3","0","2","2","0"
"1876","3","forall NODE1,NODE0. ep_epoch0(NODE0) | ep_epoch0(NODE1) | ep_epoch2(NODE0) | ep_epoch2(NODE1) | ep_epoch3(NODE0) | ep_epoch3(NODE1) | ep_epoch4(NODE1) | ep_epoch5(NODE1) | held(NODE0) | transfer_epoch5(NODE0) | transfer_epoch5(NODE1) | NODE0 = NODE1","14","0-00000-00---0----------------------00","12","37","F","48","0101000120","0101000120","e0h0t0","0-00000-00--","-0","------------","----------00","0","8","0","1","0","0","0","2","2","0"
"1877","4","forall NODE1,NODE0. ep_epoch0(NODE0) | ep_epoch0(NODE1) | ep_epoch2(NODE0) | ep_epoch2(NODE1) | ep_epoch3(NODE0) | ep_epoch3(NODE1) | ep_epoch4(NODE1) | held(NODE0) | locked_epoch5(NODE1) | transfer_epoch5(NODE0) | transfer_epoch5(NODE1) | NODE0 = NODE1","14","0-000-0-00---0----------0-----------00","12","38","F","677","0101010120","0101010120","e0h0l0t0","0-000-0-00--","-0","----------0-","----------00","0","7","0","1","0","1","0","2","2","0"
"1878","4","forall NODE1,NODE0. ep_epoch0(NODE0) | ep_epoch0(NODE1) | ep_epoch2(NODE0) | ep_epoch2(NODE1) | ep_epoch3(NODE0) | ep_epoch3(NODE1) | ep_epoch5(NODE1) | held(NODE0) | locked_epoch4(NODE1) | transfer_epoch5(NODE0) | transfer_epoch5(NODE1) | NODE0 = NODE1","14","0-00-00-00---0--------0-------------00","12","38","F","677","0101010120","0101010120","e0h0l0t0","0-00-00-00--","-0","--------0---","----------00","0","7","0","1","0","1","0","2","2","0"
"1879","4","forall NODE1,NODE0. ep_epoch0(NODE0) | ep_epoch0(NODE1) | ep_epoch2(NODE0) | ep_epoch2(NODE1) | ep_epoch3(NODE0) | ep_epoch3(NODE1) | held(NODE0) | locked_epoch4(NODE1) | locked_epoch5(NODE1) | transfer_epoch5(NODE0) | transfer_epoch5(NODE1) | NODE0 = NODE1","14","0-00--0-00--0----------0-0----------00","12","38","F","677","0101010120","0101010120","e0h0l0t0","0-00--0-00--","0-","---------0-0","----------00","0","6","0","1","0","2","0","2","2","0"
"1880","3","forall NODE1,NODE0. ep_epoch0(NODE0) | ep_epoch0(NODE1) | ep_epoch2(NODE0) | ep_epoch2(NODE1) | ep_epoch3(NODE1) | ep_epoch4(NODE0) | ep_epoch4(NODE1) | ep_epoch5(NODE1) | held(NODE0) | transfer_epoch4(NODE0) | transfer_epoch4(NODE1) | NODE0 = NODE1","14","0-00000-0-0--0--------------------00--","12","37","F","48","0101000120","0101000120","e0h0t0","0-00000-0-0-","-0","------------","--------00--","0","8","0","1","0","0","0","2","2","0"
"1881","4","forall NODE1,NODE0. ep_epoch0(NODE0) | ep_epoch0(NODE1) | ep_epoch2(NODE0) | ep_epoch2(NODE1) | ep_epoch3(NODE1) | ep_epoch4(NODE0) | ep_epoch4(NODE1) | held(NODE0) | locked_epoch5(NODE1) | transfer_epoch4(NODE0) | transfer_epoch4(NODE1) | NODE0 = NODE1","14","0-000-0-0-0--0----------0---------00--","12","38","F","677","0101010120","0101010120","e0h0l0t0","0-000-0-0-0-","-0","----------0-","--------00--","0","7","0","1","0","1","0","2","2","0"
"1882","4","forall NODE1,NODE0. ep_epoch0(NODE0) | ep_epoch0(NODE1) | ep_epoch2(NODE0) | ep_epoch2(NODE1) | ep_epoch3(NODE1) | ep_epoch4(NODE1) | ep_epoch5(NODE1) | held(NODE0) | locked_epoch4(NODE0) | transfer_epoch4(NODE0) | transfer_epoch4(NODE1) | NODE0 = NODE1","14","0-00000-0----0---------0----------00--","12","38","F","677","0101010120","0101010120","e0h0l0t0","0-00000-0---","-0","---------0--","--------00--","0","7","0","1","0","1","0","2","2","0"
"1883","4","forall NODE1,NODE0. ep_epoch0(NODE0) | ep_epoch0(NODE1) | ep_epoch2(NODE0) | ep_epoch2(NODE1) | ep_epoch3(NODE1) | ep_epoch4(NODE1) | held(NODE0) | locked_epoch4(NODE0) | locked_epoch5(NODE1) | transfer_epoch4(NODE0) | transfer_epoch4(NODE1) | NODE0 = NODE1","14","0-000-0-0----0---------00---------00--","12","38","F","677","0101010120","0101010120","e0h0l0t0","0-000-0-0---","-0","---------00-","--------00--","0","6","0","1","0","2","0","2","2","0"
"1884","4","forall NODE1,NODE0. ep_epoch0(NODE0) | ep_epoch0(NODE1) | ep_epoch2(NODE0) | ep_epoch2(NODE1) | ep_epoch4(NODE0) | ep_epoch4(NODE1) | ep_epoch5(NODE1) | held(NODE0) | locked_epoch3(NODE1) | transfer_epoch4(NODE0) | transfer_epoch4(NODE1) | NODE0 = NODE1","14","0-0-000-0-0--0------0-------------00--","12","38","F","677","0101010120","0101010120","e0h0l0t0","0-0-000-0-0-","-0","------0-----","--------00--","0","7","0","1","0","1","0","2","2","0"
"1885","4","forall NODE1,NODE0. ep_epoch0(NODE0) | ep_epoch0(NODE1) | ep_epoch2(NODE0) | ep_epoch2(NODE1) | ep_epoch4(NODE0) | ep_epoch4(NODE1) | held(NODE0) | locked_epoch3(NODE1) | locked_epoch5(NODE1) | transfer_epoch4(NODE0) | transfer_epoch4(NODE1) | NODE0 = NODE1","14","0-0-0-0-0-0-0--------0---0--------00--","12","38","F","677","0101010120","0101010120","e0h0l0t0","0-0-0-0-0-0-","0-","-------0---0","--------00--","0","6","0","1","0","2","0","2","2","0"
"1886","4","forall NODE1,NODE0. ep_epoch0(NODE0) | ep_epoch0(NODE1) | ep_epoch2(NODE0) | ep_epoch2(NODE1) | ep_epoch4(NODE1) | ep_epoch5(NODE1) | held(NODE0) | locked_epoch3(NODE1) | locked_epoch4(NODE0) | transfer_epoch4(NODE0) | transfer_epoch4(NODE1) | NODE0 = NODE1","14","0-0-000-0----0------0--0----------00--","12","38","F","677","0101010120","0101010120","e0h0l0t0","0-0-000-0---","-0","------0--0--","--------00--","0","6","0","1","0","2","0","2","2","0"
"1887","4","forall NODE1,NODE0. ep_epoch0(NODE0) | ep_epoch0(NODE1) | ep_epoch2(NODE0) | ep_epoch2(NODE1) | ep_epoch4(NODE1) | held(NODE0) | locked_epoch3(NODE1) | locked_epoch4(NODE0) | locked_epoch5(NODE1) | transfer_epoch4(NODE0) | transfer_epoch4(NODE1) | NODE0 = NODE1","14","0-0-0-0-0----0------0--00---------00--","12","38","F","677","0101010120","0101010120","e0h0l0t0","0-0-0-0-0---","-0","------0--00-","--------00--","0","5","0","1","0","3","0","2","2","0"
"1888","3","forall NODE1,NODE0. ep_epoch0(NODE0) | ep_epoch0(NODE1) | ep_epoch2(NODE1) | ep_epoch3(NODE0) | ep_epoch3(NODE1) | ep_epoch4(NODE0) | ep_epoch4(NODE1) | ep_epoch5(NODE1) | held(NODE0) | transfer_epoch3(NODE0) | transfer_epoch3(NODE1) | NODE0 = NODE1","14","0-00000--00--0------------------00----","12","37","F","48","0101000120","0101000120","e0h0t0","0-00000--00-","-0","------------","------00----","0","8","0","1","0","0","0","2","2","0"
"1889","4","forall NODE1,NODE0. ep_epoch0(NODE0) | ep_epoch0(NODE1) | ep_epoch2(NODE1) | ep_epoch3(NODE0) | ep_epoch3(NODE1) | ep_epoch4(NODE0) | ep_epoch4(NODE1) | held(NODE0) | locked_epoch5(NODE1) | transfer_epoch3(NODE0) | transfer_epoch3(NODE1) | NODE0 = NODE1","14","0-000-0--00--0----------0-------00----","12","38","F","677","0101010120","0101010120","e0h0l0t0","0-000-0--00-","-0","----------0-","------00----","0","7","0","1","0","1","0","2","2","0"
"1890","4","forall NODE1,NODE0. ep_epoch0(NODE0) | ep_epoch0(NODE1) | ep_epoch2(NODE1) | ep_epoch3(NODE0) | ep_epoch3(NODE1) | ep_epoch4(NODE1) | ep_epoch5(NODE1) | held(NODE0) | locked_epoch4(NODE0) | transfer_epoch3(NODE0) | transfer_epoch3(NODE1) | NODE0 = NODE1","14","0-00000--0---0---------0--------00----","12","38","F","677","0101010120","0101010120","e0h0l0t0","0-00000--0--","-0","---------0--","------00----","0","7","0","1","0","1","0","2","2","0"
"1891","4","forall NODE1,NODE0. ep_epoch0(NODE0) | ep_epoch0(NODE1) | ep_epoch2(NODE1) | ep_epoch3(NODE0) | ep_epoch3(NODE1) | ep_epoch4(NODE1) | held(NODE0) | locked_epoch4(NODE0) | locked_epoch5(NODE1) | transfer_epoch3(NODE0) | transfer_epoch3(NODE1) | NODE0 = NODE1","14","0-000-0--0---0---------00-------00----","12","38","F","677","0101010120","0101010120","e0h0l0t0","0-000-0--0--","-0","---------00-","------00----","0","6","0","1","0","2","0","2","2","0"
"1892","4","forall NODE1,NODE0. ep_epoch0(NODE0) | ep_epoch0(NODE1) | ep_epoch2(NODE1) | ep_epoch3(NODE1) | ep_epoch4(NODE0) | held(NODE0) | locked_epoch4(NODE1) | transfer_epoch3(NODE0) | transfer_epoch3(NODE1) | transfer_epoch4(NODE0) | transfer_epoch4(NODE1) | NODE0 = NODE1","14","0-00--0---0--0--------0---------0000--","12","38","F","677","0101010120","0101010120","e0h0l0t0","0-00--0---0-","-0","--------0---","------0000--","0","5","0","1","0","1","0","4","2","0"
"1893","4","forall NODE1,NODE0. ep_epoch0(NODE0) | ep_epoch0(NODE1) | ep_epoch2(NODE1) | ep_epoch3(NODE1) | held(NODE0) | locked_epoch4(NODE0) | locked_epoch4(NODE1) | transfer_epoch3(NODE0) | transfer_epoch3(NODE1) | transfer_epoch4(NODE0) | transfer_epoch4(NODE1) | NODE0 = NODE1","14","0-00--0------0--------00--------0000--","12","38","F","677","0101010120","0101010120","e0h0l0t0","0-00--0-----","-0","--------00--","------0000--","0","4","0","1","0","2","0","4","2","0"
"1894","4","forall NODE1,NODE0. ep_epoch0(NODE0) | ep_epoch0(NODE1) | ep_epoch2(NODE1) | ep_epoch3(NODE0) | ep_epoch5(NODE1) | held(NODE0) | locked_epoch3(NODE1) | transfer_epoch3(NODE0) | transfer_epoch3(NODE1) | transfer_epoch5(NODE0) | transfer_epoch5(NODE1) | NODE0 = NODE1","14","0-0--00--0---0------0-----------00--00","12","38","F","677","0101010120","0101010120","e0h0l0t0","0-0--00--0--","-0","------0-----","------00--00","0","5","0","1","0","1","0","4","2","0"
"1895","4","forall NODE1,NODE0. ep_epoch0(NODE0) | ep_epoch0(NODE1) | ep_epoch2(NODE1) | ep_epoch3(NODE0) | held(NODE0) | locked_epoch3(NODE1) | locked_epoch5(NODE1) | transfer_epoch3(NODE0) | transfer_epoch3(NODE1) | transfer_epoch5(NODE0) | transfer_epoch5(NODE1) | NODE0 = NODE1","14","0-0---0--0---0------0---0-------00--00","12","38","F","677","0101010120","0101010120","e0h0l0t0","0-0---0--0--","-0","------0---0-","------00--00","0","4","0","1","0","2","0","4","2","0"
"1896","4","forall NODE1,NODE0. ep_epoch0(NODE0) | ep_epoch0(NODE1) | ep_epoch2(NODE0) | ep_epoch4(NODE1) | ep_epoch5(NODE1) | held(NODE0) | locked_epoch2(NODE1) | transfer_epoch4(NODE0) | transfer_epoch4(NODE1) | transfer_epoch5(NODE0) | transfer_epoch5(NODE1) | NODE0 = NODE1","14","0-0---0---000------0--------------0000","12","38","F","677","0101010120","0101010120","e0h0l0t0","0-0---0---00","0-","-----0------","--------0000","0","5","0","1","0","1","0","4","2","0"
"1897","4","forall NODE1,NODE0. ep_epoch0(NODE0) | ep_epoch0(NODE1) | ep_epoch2(NODE0) | ep_epoch4(NODE1) | held(NODE0) | locked_epoch2(NODE1) | locked_epoch5(NODE1) | transfer_epoch4(NODE0) | transfer_epoch4(NODE1) | transfer_epoch5(NODE0) | transfer_epoch5(NODE1) | NODE0 = NODE1","14","0-0---0---0-0------0-----0--------0000","12","38","F","677","0101010120","0101010120","e0h0l0t0","0-0---0---0-","0-","-----0-----0","--------0000","0","4","0","1","0","2","0","4","2","0"
"1898","4","forall NODE1,NODE0. ep_epoch0(NODE0) | ep_epoch0(NODE1) | ep_epoch2(NODE1) | ep_epoch4(NODE0) | held(NODE0) | locked_epoch3(NODE1) | locked_epoch4(NODE1) | transfer_epoch3(NODE0) | transfer_epoch3(NODE1) | transfer_epoch4(NODE0) | transfer_epoch4(NODE1) | NODE0 = NODE1","14","0-0---0---0--0------0-0---------0000--","12","38","F","677","0101010120","0101010120","e0h0l0t0","0-0---0---0-","-0","------0-0---","------0000--","0","4","0","1","0","2","0","4","2","0"
"1899","4","forall NODE1,NODE0. ep_epoch0(NODE0) | ep_epoch0(NODE1) | ep_epoch2(NODE0) | ep_epoch5(NODE1) | held(NODE0) | locked_epoch2(NODE1) | locked_epoch4(NODE1) | transfer_epoch4(NODE0) | transfer_epoch4(NODE1) | transfer_epoch5(NODE0) | transfer_epoch5(NODE1) | NODE0 = NODE1","14","0-0---0----00------0---0----------0000","12","38","F","677","0101010120","0101010120","e0h0l0t0","0-0---0----0","0-","-----0---0--","--------0000","0","4","0","1","0","2","0","4","2","0"
"1900","4","forall NODE1,NODE0. ep_epoch0(NODE0) | ep_epoch0(NODE1) | ep_epoch2(NODE0) | held(NODE0) | locked_epoch2(NODE1) | locked_epoch4(NODE1) | locked_epoch5(NODE1) | transfer_epoch4(NODE0) | transfer_epoch4(NODE1) | transfer_epoch5(NODE0) | transfer_epoch5(NODE1) | NODE0 = NODE1","14","0-0---0-----0------0---0-0--------0000","12","38","F","677","0101010120","0101010120","e0h0l0t0","0-0---0-----","0-","-----0---0-0","--------0000","0","3","0","1","0","3","0","4","2","0"
"1901","4","forall NODE1,NODE0. ep_epoch0(NODE0) | ep_epoch0(NODE1) | ep_epoch2(NODE1) | held(NODE0) | locked_epoch3(NODE1) | locked_epoch4(NODE0) | locked_epoch4(NODE1) | transfer_epoch3(NODE0) | transfer_epoch3(NODE1) | transfer_epoch4(NODE0) | transfer_epoch4(NODE1) | NODE0 = NODE1","14","0-0---0------0------0-00--------0000--","12","38","F","677","0101010120","0101010120","e0h0l0t0","0-0---0-----","-0","------0-00--","------0000--","0","3","0","1","0","3","0","4","2","0"
"1902","4","forall NODE1,NODE0. ep_epoch0(NODE0) | ep_epoch0(NODE1) | ep_epoch3(NODE0) | ep_epoch3(NODE1) | ep_epoch4(NODE0) | ep_epoch4(NODE1) | ep_epoch5(NODE1) | held(NODE0) | locked_epoch2(NODE1) | transfer_epoch3(NODE0) | transfer_epoch3(NODE1) | NODE0 = NODE1","14","0--0000--00--0----0-------------00----","12","38","F","677","0101010120","0101010120","e0h0l0t0","0--0000--00-","-0","----0-------","------00----","0","7","0","1","0","1","0","2","2","0"
"1903","4","forall NODE1,NODE0. ep_epoch0(NODE0) | ep_epoch0(NODE1) | ep_epoch3(NODE0) | ep_epoch3(NODE1) | ep_epoch4(NODE0) | ep_epoch4(NODE1) | held(NODE0) | locked_epoch2(NODE1) | locked_epoch5(NODE1) | transfer_epoch3(NODE0) | transfer_epoch3(NODE1) | NODE0 = NODE1","14","0--00-0--00-0------0-----0------00----","12","38","F","677","0101010120","0101010120","e0h0l0t0","0--00-0--00-","0-","-----0-----0","------00----","0","6","0","1","0","2","0","2","2","0"
"1904","4","forall NODE1,NODE0. ep_epoch0(NODE0) | ep_epoch0(NODE1) | ep_epoch3(NODE0) | ep_epoch3(NODE1) | ep_epoch4(NODE1) | ep_epoch5(NODE1) | held(NODE0) | locked_epoch2(NODE1) | locked_epoch4(NODE0) | transfer_epoch3(NODE0) | transfer_epoch3(NODE1) | NODE0 = NODE1","14","0--0000--0---0----0----0--------00----","12","38","F","677","0101010120","0101010120","e0h0l0t0","0--0000--0--","-0","----0----0--","------00----","0","6","0","1","0","2","0","2","2","0"
"1905","4","forall NODE1,NODE0. ep_epoch0(NODE0) | ep_epoch0(NODE1) | ep_epoch3(NODE0) | ep_epoch3(NODE1) | ep_epoch4(NODE1) | held(NODE0) | locked_epoch2(NODE1) | locked_epoch4(NODE0) | locked_epoch5(NODE1) | transfer_epoch3(NODE0) | transfer_epoch3(NODE1) | NODE0 = NODE1","14","0--00-0--0---0----0----00-------00----","12","38","F","677","0101010120","0101010120","e0h0l0t0","0--00-0--0--","-0","----0----00-","------00----","0","5","0","1","0","3","0","2","2","0"
"1906","4","forall NODE1,NODE0. ep_epoch0(NODE0) | ep_epoch0(NODE1) | ep_epoch3(NODE1) | ep_epoch4(NODE0) | held(NODE0) | locked_epoch2(NODE1) | locked_epoch4(NODE1) | transfer_epoch3(NODE0) | transfer_epoch3(NODE1) | transfer_epoch4(NODE0) | transfer_epoch4(NODE1) | NODE0 = NODE1","14","0--0--0---0--0----0---0---------0000--","12","38","F","677","0101010120","0101010120","e0h0l0t0","0--0--0---0-","-0","----0---0---","------0000--","0","4","0","1","0","2","0","4","2","0"
"1907","4","forall NODE1,NODE0. ep_epoch0(NODE0) | ep_epoch0(NODE1) | ep_epoch3(NODE0) | ep_epoch5(NODE1) | held(NODE0) | locked_epoch2(NODE1) | locked_epoch3(NODE1) | transfer_epoch3(NODE0) | transfer_epoch3(NODE1) | transfer_epoch5(NODE0) | transfer_epoch5(NODE1) | NODE0 = NODE1","14","0--0--0----00------0-0----------00--00","12","38","F","677","0101010120","0101010120","e0h0l0t0","0--0--0----0","0-","-----0-0----","------00--00","0","4","0","1","0","2","0","4","2","0"
"1908","4","forall NODE1,NODE0. ep_epoch0(NODE0) | ep_epoch0(NODE1) | ep_epoch3(NODE0) | held(NODE0) | locked_epoch2(NODE1) | locked_epoch3(NODE1) | locked_epoch5(NODE1) | transfer_epoch3(NODE0) | transfer_epoch3(NODE1) | transfer_epoch5(NODE0) | transfer_epoch5(NODE1) | NODE0 = NODE1","14","0--0--0-----0------0-0---0------00--00","12","38","F","677","0101010120","0101010120","e0h0l0t0","0--0--0-----","0-","-----0-0---0","------00--00","0","3","0","1","0","3","0","4","2","0"
"1909","4","forall NODE1,NODE0. ep_epoch0(NODE0) | ep_epoch0(NODE1) | ep_epoch3(NODE1) | held(NODE0) | locked_epoch2(NODE1) | locked_epoch4(NODE0) | locked_epoch4(NODE1) | transfer_epoch3(NODE0) | transfer_epoch3(NODE1) | transfer_epoch4(NODE0) | transfer_epoch4(NODE1) | NODE0 = NODE1","14","0--0--0------0----0---00--------0000--","12","38","F","677","0101010120","0101010120","e0h0l0t0","0--0--0-----","-0","----0---00--","------0000--","0","3","0","1","0","3","0","4","2","0"
"1910","4","forall NODE1,NODE0. ep_epoch0(NODE0) | ep_epoch0(NODE1) | ep_epoch4(NODE0) | held(NODE0) | locked_epoch2(NODE1) | locked_epoch3(NODE1) | locked_epoch4(NODE1) | transfer_epoch3(NODE0) | transfer_epoch3(NODE1) | transfer_epoch4(NODE0) | transfer_epoch4(NODE1) | NODE0 = NODE1","14","0---0-0-----0------0-0-0--------0000--","12","38","F","677","0101010120","0101010120","e0h0l0t0","0---0-0-----","0-","-----0-0-0--","------0000--","0","3","0","1","0","3","0","4","2","0"
"1911","4","forall NODE1,NODE0. ep_epoch0(NODE0) | ep_epoch0(NODE1) | held(NODE0) | locked_epoch2(NODE1) | locked_epoch3(NODE1) | locked_epoch4(NODE0) | locked_epoch4(NODE1) | transfer_epoch3(NODE0) | transfer_epoch3(NODE1) | transfer_epoch4(NODE0) | transfer_epoch4(NODE1) | NODE0 = NODE1","14","0-----0-----0------0-000--------0000--","12","38","F","677","0101010120","0101010120","e0h0l0t0","0-----0-----","0-","-----0-000--","------0000--","0","2","0","1","0","4","0","4","2","0"
"1912","3","forall NODE1,NODE0. ep_epoch0(NODE0) | ep_epoch1(NODE0) | ep_epoch3(NODE0) | ep_epoch3(NODE1) | ep_epoch4(NODE1) | ep_epoch5(NODE1) | held(NODE0) | transfer_epoch3(NODE0) | transfer_epoch3(NODE1) | transfer_epoch5(NODE0) | transfer_epoch5(NODE1) | NODE0 = NODE1","14","00-0-----0000-------------------00--00","12","37","F","48","0101000120","0101000120","e0h0t0","00-0-----000","0-","------------","------00--00","0","6","0","1","0","0","0","4","2","0"
"1913","4","forall NODE1,NODE0. ep_epoch0(NODE0) | ep_epoch1(NODE0) | ep_epoch3(NODE0) | ep_epoch3(NODE1) | ep_epoch4(NODE1) | held(NODE0) | locked_epoch5(NODE1) | transfer_epoch3(NODE0) | transfer_epoch3(NODE1) | transfer_epoch5(NODE0) | transfer_epoch5(NODE1) | NODE0 = NODE1","14","00-0-----00-0------------0------00--00","12","38","F","677","0101010120","0101010120","e0h0l0t0","00-0-----00-","0-","-----------0","------00--00","0","5","0","1","0","1","0","4","2","0"
"1914","4","forall NODE1,NODE0. ep_epoch0(NODE0) | ep_epoch1(NODE0) | ep_epoch3(NODE0) | ep_epoch3(NODE1) | ep_epoch5(NODE1) | held(NODE0) | locked_epoch4(NODE1) | transfer_epoch3(NODE0) | transfer_epoch3(NODE1) | transfer_epoch5(NODE0) | transfer_epoch5(NODE1) | NODE0 = NODE1","14","00-0-----0-00----------0--------00--00","12","38","F","677","0101010120","0101010120","e0h0l0t0","00-0-----0-0","0-","---------0--","------00--00","0","5","0","1","0","1","0","4","2","0"
"1915","4","forall NODE1,NODE0. ep_epoch0(NODE0) | ep_epoch1(NODE0) | ep_epoch3(NODE0) | ep_epoch3(NODE1) | held(NODE0) | locked_epoch4(NODE1) | locked_epoch5(NODE1) | transfer_epoch3(NODE0) | transfer_epoch3(NODE1) | transfer_epoch5(NODE0) | transfer_epoch5(NODE1) | NODE0 = NODE1","14","00-0-----0--0----------0-0------00--00","12","38","F","677","0101010120","0101010120","e0h0l0t0","00-0-----0--","0-","---------0-0","------00--00","0","4","0","1","0","2","0","4","2","0"
"1916","3","forall NODE1,NODE0. ep_epoch0(NODE0) | ep_epoch1(NODE0) | ep_epoch3(NODE1) | ep_epoch4(NODE0) | ep_epoch4(NODE1) | ep_epoch5(NODE1) | held(NODE0) | transfer_epoch3(NODE0) | transfer_epoch3(NODE1) | transfer_epoch4(NODE0) | transfer_epoch4(NODE1) | NODE0 = NODE1","14","00--0----0000-------------------0000--","12","37","F","48","0101000120","0101000120","e0h0t0","00--0----000","0-","------------","------0000--","0","6","0","1","0","0","0","4","2","0"
"1917","4","forall NODE1,NODE0. ep_epoch0(NODE0) | ep_epoch1(NODE0) | ep_epoch3(NODE1) | ep_epoch4(NODE0) | ep_epoch4(NODE1) | held(NODE0) | locked_epoch5(NODE1) | transfer_epoch3(NODE0) | transfer_epoch3(NODE1) | transfer_epoch4(NODE0) | transfer_epoch4(NODE1) | NODE0 = NODE1","14","00--0----00-0------------0------0000--","12","38","F","677","0101010120","0101010120","e0h0l0t0","00--0----00-","0-","-----------0","------0000--","0","5","0","1","0","1","0","4","2","0"
"1918","4","forall NODE1,NODE0. ep_epoch0(NODE0) | ep_epoch1(NODE0) | ep_epoch3(NODE1) | ep_epoch4(NODE1) | ep_epoch5(NODE1) | held(NODE0) | locked_epoch4(NODE0) | transfer_epoch3(NODE0) | transfer_epoch3(NODE1) | transfer_epoch4(NODE0) | transfer_epoch4(NODE1) | NODE0 = NODE1","14","00-------0000---------0---------0000--","12","38","F","677","0101010120","0101010120","e0h0l0t0","00-------000","0-","--------0---","------0000--","0","5","0","1","0","1","0","4","2","0"
"1919","4","forall NODE1,NODE0. ep_epoch0(NODE0) | ep_epoch1(NODE0) | ep_epoch3(NODE1) | ep_epoch4(NODE1) | held(NODE0) | locked_epoch4(NODE0) | locked_epoch5(NODE1) | transfer_epoch3(NODE0) | transfer_epoch3(NODE1) | transfer_epoch4(NODE0) | transfer_epoch4(NODE1) | NODE0 = NODE1","14","00-------00-0---------0--0------0000--","12","38","F","677","0101010120","0101010120","e0h0l0t0","00-------00-","0-","--------0--0","------0000--","0","4","0","1","0","2","0","4","2","0"
"1920","4","forall NODE1,NODE0. ep_epoch0(NODE0) | ep_epoch1(NODE0) | ep_epoch4(NODE0) | ep_epoch4(NODE1) | ep_epoch5(NODE1) | held(NODE0) | locked_epoch3(NODE1) | transfer_epoch3(NODE0) | transfer_epoch3(NODE1) | transfer_epoch4(NODE0) | transfer_epoch4(NODE1) | NODE0 = NODE1","14","00--0-----000--------0----------0000--","12","38","F","677","0101010120","0101010120","e0h0l0t0","00--0-----00","0-","-------0----","------0000--","0","5","0","1","0","1","0","4","2","0"
"1921","4","forall NODE1,NODE0. ep_epoch0(NODE0) | ep_epoch1(NODE0) | ep_epoch4(NODE0) | ep_epoch4(NODE1) | held(NODE0) | locked_epoch3(NODE1) | locked_epoch5(NODE1) | transfer_epoch3(NODE0) | transfer_epoch3(NODE1) | transfer_epoch4(NODE0) | transfer_epoch4(NODE1) | NODE0 = NODE1","14","00--0-----0-0--------0---0------0000--","12","38","F","677","0101010120","0101010120","e0h0l0t0","00--0-----0-","0-","-------0---0","------0000--","0","4","0","1","0","2","0","4","2","0"
"1922","4","forall NODE1,NODE0. ep_epoch0(NODE0) | ep_epoch1(NODE0) | ep_epoch4(NODE1) | ep_epoch5(NODE1) | held(NODE0) | locked_epoch3(NODE1) | locked_epoch4(NODE0) | transfer_epoch3(NODE0) | transfer_epoch3(NODE1) | transfer_epoch4(NODE0) | transfer_epoch4(NODE1) | NODE0 = NODE1","14","00--------000--------00---------0000--","12","38","F","677","0101010120","0101010120","e0h0l0t0","00--------00","0-","-------00---","------0000--","0","4","0","1","0","2","0","4","2","0"
"1923","4","forall NODE1,NODE0. ep_epoch0(NODE0) | ep_epoch1(NODE0) | ep_epoch4(NODE1) | held(NODE0) | locked_epoch3(NODE1) | locked_epoch4(NODE0) | locked_epoch5(NODE1) | transfer_epoch3(NODE0) | transfer_epoch3(NODE1) | transfer_epoch4(NODE0) | transfer_epoch4(NODE1) | NODE0 = NODE1","14","00--------0-0--------00--0------0000--","12","38","F","677","0101010120","0101010120","e0h0l0t0","00--------0-","0-","-------00--0","------0000--","0","3","0","1","0","3","0","4","2","0"
"1924","3","forall NODE1,NODE0. ep_epoch0(NODE0) | ep_epoch2(NODE0) | ep_epoch2(NODE1) | ep_epoch3(NODE0) | ep_epoch3(NODE1) | ep_epoch4(NODE0) | ep_epoch4(NODE1) | ep_epoch5(NODE1) | held(NODE0) | transfer_epoch2(NODE0) | transfer_epoch2(NODE1) | NODE0 = NODE1","14","0-000---00000-----------------00------","12","37","F","48","0101000120","0101000120","e0h0t0","0-000---0000","0-","------------","----00------","0","8","0","1","0","0","0","2","2","0"
"1925","4","forall NODE1,NODE0. ep_epoch0(NODE0) | ep_epoch2(NODE0) | ep_epoch2(NODE1) | ep_epoch3(NODE0) | ep_epoch3(NODE1) | ep_epoch4(NODE0) | ep_epoch4(NODE1) | held(NODE0) | locked_epoch5(NODE1) | transfer_epoch2(NODE0) | transfer_epoch2(NODE1) | NODE0 = NODE1","14","0-000---000-0------------0----00------","12","38","F","677","0101010120","0101010120","e0h0l0t0","0-000---000-","0-","-----------0","----00------","0","7","0","1","0","1","0","2","2","0"
"1926","4","forall NODE1,NODE0. ep_epoch0(NODE0) | ep_epoch2(NODE0) | ep_epoch2(NODE1) | ep_epoch3(NODE0) | ep_epoch3(NODE1) | ep_epoch4(NODE1) | ep_epoch5(NODE1) | held(NODE0) | locked_epoch4(NODE0) | transfer_epoch2(NODE0) | transfer_epoch2(NODE1) | NODE0 = NODE1","14","0-00----00000---------0-------00------","12","38","F","677","0101010120","0101010120","e0h0l0t0","0-00----0000","0-","--------0---","----00------","0","7","0","1","0","1","0","2","2","0"
"1927","4","forall NODE1,NODE0. ep_epoch0(NODE0) | ep_epoch2(NODE0) | ep_epoch2(NODE1) | ep_epoch3(NODE0) | ep_epoch3(NODE1) | ep_epoch4(NODE1) | held(NODE0) | locked_epoch4(NODE0) | locked_epoch5(NODE1) | transfer_epoch2(NODE0) | transfer_epoch2(NODE1) | NODE0 = NODE1","14","0-00----000-0---------0--0----00------","12","38","F","677","0101010120","0101010120","e0h0l0t0","0-00----000-","0-","--------0--0","----00------","0","6","0","1","0","2","0","2","2","0"
"1928","4","forall NODE1,NODE0. ep_epoch0(NODE0) | ep_epoch2(NODE0) | ep_epoch2(NODE1) | ep_epoch3(NODE0) | ep_epoch5(NODE1) | held(NODE0) | locked_epoch3(NODE1) | transfer_epoch2(NODE0) | transfer_epoch2(NODE1) | transfer_epoch5(NODE0) | transfer_epoch5(NODE1) | NODE0 = NODE1","14","0-00----0--00--------0--------00----00","12","38","F","677","0101010120","0101010120","e0h0l0t0","0-00----0--0","0-","-------0----","----00----00","0","5","0","1","0","1","0","4","2","0"
"1929","4","forall NODE1,NODE0. ep_epoch0(NODE0) | ep_epoch2(NODE0) | ep_epoch2(NODE1) | ep_epoch3(NODE0) | held(NODE0) | locked_epoch3(NODE1) | locked_epoch5(NODE1) | transfer_epoch2(NODE0) | transfer_epoch2(NODE1) | transfer_epoch5(NODE0) | transfer_epoch5(NODE1) | NODE0 = NODE1","14","0-00----0---0--------0---0----00----00","12","38","F","677","0101010120","0101010120","e0h0l0t0","0-00----0---","0-","-------0---0","----00----00","0","4","0","1","0","2","0","4","2","0"
"1930","4","forall NODE1,NODE0. ep_epoch0(NODE0) | ep_epoch2(NODE0) | ep_epoch2(NODE1) | ep_epoch3(NODE1) | ep_epoch4(NODE0) | held(NODE0) | locked_epoch4(NODE1) | transfer_epoch2(NODE0) | transfer_epoch2(NODE1) | transfer_epoch4(NODE0) | transfer_epoch4(NODE1) | NODE0 = NODE1","14","0-0-0---00--0----------0------00--00--","12","38","F","677","0101010120","0101010120","e0h0l0t0","0-0-0---00--","0-","---------0--","----00--00--","0","5","0","1","0","1","0","4","2","0"
"1931","4","forall NODE1,NODE0. ep_epoch0(NODE0) | ep_epoch2(NODE0) | ep_epoch2(NODE1) | ep_epoch3(NODE1) | held(NODE0) | locked_epoch4(NODE0) | locked_epoch4(NODE1) | transfer_epoch2(NODE0) | transfer_epoch2(NODE1) | transfer_epoch4(NODE0) | transfer_epoch4(NODE1) | NODE0 = NODE1","14","0-0-----00--0---------00------00--00--","12","38","F","677","0101010120","0101010120","e0h0l0t0","0-0-----00--","0-","--------00--","----00--00--","0","4","0","1","0","2","0","4","2","0"
"1932","4","forall NODE1,NODE0. ep_epoch0(NODE0) | ep_epoch2(NODE0) | ep_epoch2(NODE1) | ep_epoch4(NODE0) | held(NODE0) | locked_epoch3(NODE1) | locked_epoch4(NODE1) | transfer_epoch2(NODE0) | transfer_epoch2(NODE1) | transfer_epoch4(NODE0) | transfer_epoch4(NODE1) | NODE0 = NODE1","14","0-0-0---0---0--------0-0------00--00--","12","38","F","677","0101010120","0101010120","e0h0l0t0","0-0-0---0---","0-","-------0-0--","----00--00--","0","4","0","1","0","2","0","4","2","0"
"1933","4","forall NODE1,NODE0. ep_epoch0(NODE0) | ep_epoch2(NODE0) | ep_epoch2(NODE1) | held(NODE0) | locked_epoch3(NODE1) | locked_epoch4(NODE0) | locked_epoch4(NODE1) | transfer_epoch2(NODE0) | transfer_epoch2(NODE1) | transfer_epoch4(NODE0) | transfer_epoch4(NODE1) | NODE0 = NODE1","14","0-0-----0---0--------000------00--00--","12","38","F","677","0101010120","0101010120","e0h0l0t0","0-0-----0---","0-","-------000--","----00--00--","0","3","0","1","0","3","0","4","2","0"
"1934","4","forall NODE1,NODE0. ep_epoch0(NODE0) | ep_epoch2(NODE0) | ep_epoch4(NODE0) | ep_epoch4(NODE1) | ep_epoch5(NODE1) | held(NODE0) | locked_epoch2(NODE1) | transfer_epoch2(NODE0) | transfer_epoch2(NODE1) | transfer_epoch4(NODE0) | transfer_epoch4(NODE1) | NODE0 = NODE1","14","0-0-0-----000------0----------00--00--","12","38","F","677","0101010120","0101010120","e0h0l0t0","0-0-0-----00","0-","-----0------","----00--00--","0","5","0","1","0","1","0","4","2","0"
"1935","4","forall NODE1,NODE0. ep_epoch0(NODE0) | ep_epoch2(NODE0) | ep_epoch4(NODE0) | ep_epoch4(NODE1) | held(NODE0) | locked_epoch2(NODE1) | locked_epoch5(NODE1) | transfer_epoch2(NODE0) | transfer_epoch2(NODE1) | transfer_epoch4(NODE0) | transfer_epoch4(NODE1) | NODE0 = NODE1","14","0-0-0-----0-0------0-----0----00--00--","12","38","F","677","0101010120","0101010120","e0h0l0t0","0-0-0-----0-","0-","-----0-----0","----00--00--","0","4","0","1","0","2","0","4","2","0"
"1936","4","forall NODE1,NODE0. ep_epoch0(NODE0) | ep_epoch2(NODE0) | ep_epoch4(NODE1) | ep_epoch5(NODE1) | held(NODE0) | locked_epoch2(NODE1) | locked_epoch4(NODE0) | transfer_epoch2(NODE0) | transfer_epoch2(NODE1) | transfer_epoch4(NODE0) | transfer_epoch4(NODE1) | NODE0 = NODE1","14","0-0-------000------0--0-------00--00--","12","38","F","677","0101010120","0101010120","e0h0l0t0","0-0-------00","0-","-----0--0---","----00--00--","0","4","0","1","0","2","0","4","2","0"
"1937","4","forall NODE1,NODE0. ep_epoch0(NODE0) | ep_epoch2(NODE0) | ep_epoch4(NODE1) | held(NODE0) | locked_epoch2(NODE1) | locked_epoch4(NODE0) | locked_epoch5(NODE1) | transfer_epoch2(NODE0) | transfer_epoch2(NODE1) | transfer_epoch4(NODE0) | transfer_epoch4(NODE1) | NODE0 = NODE1","14","0-0-------0-0------0--0--0----00--00--","12","38","F","677","0101010120","0101010120","e0h0l0t0","0-0-------0-","0-","-----0--0--0","----00--00--","0","3","0","1","0","3","0","4","2","0"
"1938","4","forall NODE1,NODE0. ep_epoch0(NODE0) | ep_epoch2(NODE1) | ep_epoch3(NODE0) | ep_epoch3(NODE1) | ep_epoch4(NODE0) | held(NODE0) | locked_epoch4(NODE1) | transfer_epoch2(NODE0) | transfer_epoch2(NODE1) | transfer_epoch3(NODE0) | transfer_epoch3(NODE1) | NODE0 = NODE1","14","0--00---00--0----------0------0000----","12","38","F","677","0101010120","0101010120","e0h0l0t0","0--00---00--","0-","---------0--","----0000----","0","5","0","1","0","1","0","4","2","0"
"1939","4","forall NODE1,NODE0. ep_epoch0(NODE0) | ep_epoch2(NODE1) | ep_epoch3(NODE0) | ep_epoch3(NODE1) | held(NODE0) | locked_epoch4(NODE0) | locked_epoch4(NODE1) | transfer_epoch2(NODE0) | transfer_epoch2(NODE1) | transfer_epoch3(NODE0) | transfer_epoch3(NODE1) | NODE0 = NODE1","14","0--0----00--0---------00------0000----","12","38","F","677","0101010120","0101010120","e0h0l0t0","0--0----00--","0-","--------00--","----0000----","0","4","0","1","0","2","0","4","2","0"
"1940","4","forall NODE1,NODE0. ep_epoch0(NODE0) | ep_epoch2(NODE1) | ep_epoch3(NODE1) | ep_epoch4(NODE0) | held(NODE0) | locked_epoch3(NODE0) | locked_epoch4(NODE1) | transfer_epoch2(NODE0) | transfer_epoch2(NODE1) | transfer_epoch3(NODE0) | transfer_epoch3(NODE1) | NODE0 = NODE1","14","0---0---00--0-------0--0------0000----","12","38","F","677","0101010120","0101010120","e0h0l0t0","0---0---00--","0-","------0--0--","----0000----","0","4","0","1","0","2","0","4","2","0"
"1941","4","forall NODE1,NODE0. ep_epoch0(NODE0) | ep_epoch2(NODE1) | ep_epoch3(NODE1) | ep_epoch4(NODE1) | ep_epoch5(NODE1) | held(NODE0) | locked_epoch3(NODE0) | transfer_epoch2(NODE0) | transfer_epoch2(NODE1) | transfer_epoch3(NODE0) | transfer_epoch3(NODE1) | NODE0 = NODE1","14","0-------00000-------0---------0000----","12","38","F","677","0101010120","0101010120","e0h0l0t0","0-------0000","0-","------0-----","----0000----","0","5","0","1","0","1","0","4","2","0"
"1942","4","forall NODE1,NODE0. ep_epoch0(NODE0) | ep_epoch2(NODE1) | ep_epoch3(NODE1) | ep_epoch4(NODE1) | held(NODE0) | locked_epoch3(NODE0) | locked_epoch5(NODE1) | transfer_epoch2(NODE0) | transfer_epoch2(NODE1) | transfer_epoch3(NODE0) | transfer_epoch3(NODE1) | NODE0 = NODE1","14","0-------000-0-------0----0----0000----","12","38","F","677","0101010120","0101010120","e0h0l0t0","0-------000-","0-","------0----0","----0000----","0","4","0","1","0","2","0","4","2","0"
"1943","4","forall NODE1,NODE0. ep_epoch0(NODE0) | ep_epoch2(NODE1) | ep_epoch3(NODE1) | ep_epoch5(NODE1) | held(NODE0) | locked_epoch3(NODE0) | locked_epoch4(NODE1) | transfer_epoch2(NODE0) | transfer_epoch2(NODE1) | transfer_epoch3(NODE0) | transfer_epoch3(NODE1) | NODE0 = NODE1","14","0-------00-00-------0--0------0000----","12","38","F","677","0101010120","0101010120","e0h0l0t0","0-------00-0","0-","------0--0--","----0000----","0","4","0","1","0","2","0","4","2","0"
"1944","4","forall NODE1,NODE0. ep_epoch0(NODE0) | ep_epoch2(NODE1) | ep_epoch3(NODE1) | held(NODE0) | locked_epoch3(NODE0) | locked_epoch4(NODE0) | locked_epoch4(NODE1) | transfer_epoch2(NODE0) | transfer_epoch2(NODE1) | transfer_epoch3(NODE0) | transfer_epoch3(NODE1) | NODE0 = NODE1","14","0-------00--0-------0-00------0000----","12","38","F","677","0101010120","0101010120","e0h0l0t0","0-------00--","0-","------0-00--","----0000----","0","3","0","1","0","3","0","4","2","0"
"1945","4","forall NODE1,NODE0. ep_epoch0(NODE0) | ep_epoch2(NODE1) | ep_epoch3(NODE1) | held(NODE0) | locked_epoch3(NODE0) | locked_epoch4(NODE1) | locked_epoch5(NODE1) | transfer_epoch2(NODE0) | transfer_epoch2(NODE1) | transfer_epoch3(NODE0) | transfer_epoch3(NODE1) | NODE0 = NODE1","14","0-------00--0-------0--0-0----0000----","12","38","F","677","0101010120","0101010120","e0h0l0t0","0-------00--","0-","------0--0-0","----0000----","0","3","0","1","0","3","0","4","2","0"
"1946","4","forall NODE1,NODE0. ep_epoch0(NODE0) | ep_epoch3(NODE0) | ep_epoch3(NODE1) | ep_epoch4(NODE0) | held(NODE0) | locked_epoch2(NODE1) | locked_epoch4(NODE1) | transfer_epoch2(NODE0) | transfer_epoch2(NODE1) | transfer_epoch3(NODE0) | transfer_epoch3(NODE1) | NODE0 = NODE1","14","0--00----0--0------0---0------0000----","12","38","F","677","0101010120","0101010120","e0h0l0t0","0--00----0--","0-","-----0---0--","----0000----","0","4","0","1","0","2","0","4","2","0"
"1947","4","forall NODE1,NODE0. ep_epoch0(NODE0) | ep_epoch3(NODE0) | ep_epoch3(NODE1) | held(NODE0) | locked_epoch2(NODE1) | locked_epoch4(NODE0) | locked_epoch4(NODE1) | transfer_epoch2(NODE0) | transfer_epoch2(NODE1) | transfer_epoch3(NODE0) | transfer_epoch3(NODE1) | NODE0 = NODE1","14","0--0-----0--0------0--00------0000----","12","38","F","677","0101010120","0101010120","e0h0l0t0","0--0-----0--","0-","-----0--00--","----0000----","0","3","0","1","0","3","0","4","2","0"
"1948","4","forall NODE1,NODE0. ep_epoch0(NODE0) | ep_epoch3(NODE1) | ep_epoch4(NODE0) | held(NODE0) | locked_epoch2(NODE1) | locked_epoch3(NODE0) | locked_epoch4(NODE1) | transfer_epoch2(NODE0) | transfer_epoch2(NODE1) | transfer_epoch3(NODE0) | transfer_epoch3(NODE1) | NODE0 = NODE1","14","0---0----0--0------00--0------0000----","12","38","F","677","0101010120","0101010120","e0h0l0t0","0---0----0--","0-","-----00--0--","----0000----","0","3","0","1","0","3","0","4","2","0"
"1949","4","forall NODE1,NODE0. ep_epoch0(NODE0) | ep_epoch3(NODE1) | ep_epoch4(NODE1) | ep_epoch5(NODE1) | held(NODE0) | locked_epoch2(NODE1) | locked_epoch3(NODE0) | transfer_epoch2(NODE0) | transfer_epoch2(NODE1) | transfer_epoch3(NODE0) | transfer_epoch3(NODE1) | NODE0 = NODE1","14","0--------0000------00---------0000----","12","38","F","677","0101010120","0101010120","e0h0l0t0","0--------000","0-","-----00-----","----0000----","0","4","0","1","0","2","0","4","2","0"
"1950","4","forall NODE1,NODE0. ep_epoch0(NODE0) | ep_epoch3(NODE1) | ep_epoch4(NODE1) | held(NODE0) | locked_epoch2(NODE1) | locked_epoch3(NODE0) | locked_epoch5(NODE1) | transfer_epoch2(NODE0) | transfer_epoch2(NODE1) | transfer_epoch3(NODE0) | transfer_epoch3(NODE1) | NODE0 = NODE1","14","0--------00-0------00----0----0000----","12","38","F","677","0101010120","0101010120","e0h0l0t0","0--------00-","0-","-----00----0","----0000----","0","3","0","1","0","3","0","4","2","0"
"1951","4","forall NODE1,NODE0. ep_epoch0(NODE0) | ep_epoch3(NODE1) | ep_epoch5(NODE1) | held(NODE0) | locked_epoch2(NODE1) | locked_epoch3(NODE0) | locked_epoch4(NODE1) | transfer_epoch2(NODE0) | transfer_epoch2(NODE1) | transfer_epoch3(NODE0) | transfer_epoch3(NODE1) | NODE0 = NODE1","14","0--------0-00------00--0------0000----","12","38","F","677","0101010120","0101010120","e0h0l0t0","0--------0-0","0-","-----00--0--","----0000----","0","3","0","1","0","3","0","4","2","0"
"1952","4","forall NODE1,NODE0. ep_epoch0(NODE0) | ep_epoch3(NODE1) | held(NODE0) | locked_epoch2(NODE1) | locked_epoch3(NODE0) | locked_epoch4(NODE0) | locked_epoch4(NODE1) | transfer_epoch2(NODE0) | transfer_epoch2(NODE1) | transfer_epoch3(NODE0) | transfer_epoch3(NODE1) | NODE0 = NODE1","14","0--------0--0------00-00------0000----","12","38","F","677","0101010120","0101010120","e0h0l0t0","0--------0--","0-","-----00-00--","----0000----","0","2","0","1","0","4","0","4","2","0"
"1953","4","forall NODE1,NODE0. ep_epoch0(NODE0) | ep_epoch3(NODE1) | held(NODE0) | locked_epoch2(NODE1) | locked_epoch3(NODE0) | locked_epoch4(NODE1) | locked_epoch5(NODE1) | transfer_epoch2(NODE0) | transfer_epoch2(NODE1) | transfer_epoch3(NODE0) | transfer_epoch3(NODE1) | NODE0 = NODE1","14","0--------0--0------00--0-0----0000----","12","38","F","677","0101010120","0101010120","e0h0l0t0","0--------0--","0-","-----00--0-0","----0000----","0","2","0","1","0","4","0","4","2","0"
"1954","3","forall NODE1,NODE0. ep_epoch1(NODE0) | ep_epoch1(NODE1) | ep_epoch2(NODE0) | ep_epoch2(NODE1) | ep_epoch3(NODE0) | ep_epoch3(NODE1) | ep_epoch4(NODE1) | ep_epoch5(NODE1) | held(NODE0) | transfer_epoch5(NODE0) | transfer_epoch5(NODE1) | NODE0 = NODE1","14","-00000-000---0----------------------00","12","37","F","48","0101000120","0101000120","e0h0t0","-00000-000--","-0","------------","----------00","0","8","0","1","0","0","0","2","2","0"
"1955","4","forall NODE1,NODE0. ep_epoch1(NODE0) | ep_epoch1(NODE1) | ep_epoch2(NODE0) | ep_epoch2(NODE1) | ep_epoch3(NODE0) | ep_epoch3(NODE1) | ep_epoch4(NODE1) | held(NODE0) | locked_epoch5(NODE1) | transfer_epoch5(NODE0) | transfer_epoch5(NODE1) | NODE0 = NODE1","14","-0000--000---0----------0-----------00","12","38","F","677","0101010120","0101010120","e0h0l0t0","-0000--000--","-0","----------0-","----------00","0","7","0","1","0","1","0","2","2","0"
"1956","4","forall NODE1,NODE0. ep_epoch1(NODE0) | ep_epoch1(NODE1) | ep_epoch2(NODE0) | ep_epoch2(NODE1) | ep_epoch3(NODE0) | ep_epoch3(NODE1) | ep_epoch5(NODE1) | held(NODE0) | locked_epoch4(NODE1) | transfer_epoch5(NODE0) | transfer_epoch5(NODE1) | NODE0 = NODE1","14","-000-0-000---0--------0-------------00","12","38","F","677","0101010120","0101010120","e0h0l0t0","-000-0-000--","-0","--------0---","----------00","0","7","0","1","0","1","0","2","2","0"
"1957","4","forall NODE1,NODE0. ep_epoch1(NODE0) | ep_epoch1(NODE1) | ep_epoch2(NODE0) | ep_epoch2(NODE1) | ep_epoch3(NODE0) | ep_epoch3(NODE1) | held(NODE0) | locked_epoch4(NODE1) | locked_epoch5(NODE1) | transfer_epoch5(NODE0) | transfer_epoch5(NODE1) | NODE0 = NODE1","14","-000---000--0----------0-0----------00","12","38","F","677","0101010120","0101010120","e0h0l0t0","-000---000--","0-","---------0-0","----------00","0","6","0","1","0","2","0","2","2","0"
"1958","3","forall NODE1,NODE0. ep_epoch1(NODE0) | ep_epoch1(NODE1) | ep_epoch2(NODE0) | ep_epoch2(NODE1) | ep_epoch3(NODE1) | ep_epoch4(NODE0) | ep_epoch4(NODE1) | ep_epoch5(NODE1) | held(NODE0) | transfer_epoch4(NODE0) | transfer_epoch4(NODE1) | NODE0 = NODE1","14","-00000-00-0--0--------------------00--","12","37","F","48","0101000120","0101000120","e0h0t0","-00000-00-0-","-0","------------","--------00--","0","8","0","1","0","0","0","2","2","0"
"1959","4","forall NODE1,NODE0. ep_epoch1(NODE0) | ep_epoch1(NODE1) | ep_epoch2(NODE0) | ep_epoch2(NODE1) | ep_epoch3(NODE1) | ep_epoch4(NODE0) | ep_epoch4(NODE1) | held(NODE0) | locked_epoch5(NODE1) | transfer_epoch4(NODE0) | transfer_epoch4(NODE1) | NODE0 = NODE1","14","-0000--00-0--0----------0---------00--","12","38","F","677","0101010120","0101010120","e0h0l0t0","-0000--00-0-","-0","----------0-","--------00--","0","7","0","1","0","1","0","2","2","0"
"1960","4","forall NODE1,NODE0. ep_epoch1(NODE0) | ep_epoch1(NODE1) | ep_epoch2(NODE0) | ep_epoch2(NODE1) | ep_epoch3(NODE1) | ep_epoch4(NODE1) | ep_epoch5(NODE1) | held(NODE0) | locked_epoch4(NODE0) | transfer_epoch4(NODE0) | transfer_epoch4(NODE1) | NODE0 = NODE1","14","-00000-00----0---------0----------00--","12","38","F","677","0101010120","0101010120","e0h0l0t0","-00000-00---","-0","---------0--","--------00--","0","7","0","1","0","1","0","2","2","0"
"1961","4","forall NODE1,NODE0. ep_epoch1(NODE0) | ep_epoch1(NODE1) | ep_epoch2(NODE0) | ep_epoch2(NODE1) | ep_epoch3(NODE1) | ep_epoch4(NODE1) | held(NODE0) | locked_epoch4(NODE0) | locked_epoch5(NODE1) | transfer_epoch4(NODE0) | transfer_epoch4(NODE1) | NODE0 = NODE1","14","-0000--00----0---------00---------00--","12","38","F","677","0101010120","0101010120","e0h0l0t0","-0000--00---","-0","---------00-","--------00--","0","6","0","1","0","2","0","2","2","0"
"1962","4","forall NODE1,NODE0. ep_epoch1(NODE0) | ep_epoch1(NODE1) | ep_epoch2(NODE0) | ep_epoch2(NODE1) | ep_epoch4(NODE0) | ep_epoch4(NODE1) | ep_epoch5(NODE1) | held(NODE0) | locked_epoch3(NODE1) | transfer_epoch4(NODE0) | transfer_epoch4(NODE1) | NODE0 = NODE1","14","-00-00-00-0--0------0-------------00--","12","38","F","677","0101010120","0101010120","e0h0l0t0","-00-00-00-0-","-0","------0-----","--------00--","0","7","0","1","0","1","0","2","2","0"
"1963","4","forall NODE1,NODE0. ep_epoch1(NODE0) | ep_epoch1(NODE1) | ep_epoch2(NODE0) | ep_epoch2(NODE1) | ep_epoch4(NODE0) | ep_epoch4(NODE1) | held(NODE0) | locked_epoch3(NODE1) | locked_epoch5(NODE1) | transfer_epoch4(NODE0) | transfer_epoch4(NODE1) | NODE0 = NODE1","14","-00-0--00-0-0--------0---0--------00--","12","38","F","677","0101010120","0101010120","e0h0l0t0","-00-0--00-0-","0-","-------0---0","--------00--","0","6","0","1","0","2","0","2","2","0"
"1964","4","forall NODE1,NODE0. ep_epoch1(NODE0) | ep_epoch1(NODE1) | ep_epoch2(NODE0) | ep_epoch2(NODE1) | ep_epoch4(NODE1) | ep_epoch5(NODE1) | held(NODE0) | locked_epoch3(NODE1) | locked_epoch4(NODE0) | transfer_epoch4(NODE0) | transfer_epoch4(NODE1) | NODE0 = NODE1","14","-00-00-00----0------0--0----------00--","12","38","F","677","0101010120","0101010120","e0h0l0t0","-00-00-00---","-0","------0--0--","--------00--","0","6","0","1","0","2","0","2","2","0"
"1965","4","forall NODE1,NODE0. ep_epoch1(NODE0) | ep_epoch1(NODE1) | ep_epoch2(NODE0) | ep_epoch2(NODE1) | ep_epoch4(NODE1) | held(NODE0) | locked_epoch3(NODE1) | locked_epoch4(NODE0) | locked_epoch5(NODE1) | transfer_epoch4(NODE0) | transfer_epoch4(NODE1) | NODE0 = NODE1","14","-00-0--00----0------0--00---------00--","12","38","F","677","0101010120","0101010120","e0h0l0t0","-00-0--00---","-0","------0--00-","--------00--","0","5","0","1","0","3","0","2","2","0"
"1966","3","forall NODE1,NODE0. ep_epoch1(NODE0) | ep_epoch1(NODE1) | ep_epoch2(NODE1) | ep_epoch3(NODE0) | ep_epoch3(NODE1) | ep_epoch4(NODE0) | ep_epoch4(NODE1) | ep_epoch5(NODE1) | held(NODE0) | transfer_epoch3(NODE0) | transfer_epoch3(NODE1) | NODE0 = NODE1","14","-00000-0-00--0------------------00----","12","37","F","48","0101000120","0101000120","e0h0t0","-00000-0-00-","-0","------------","------00----","0","8","0","1","0","0","0","2","2","0"
"1967","4","forall NODE1,NODE0. ep_epoch1(NODE0) | ep_epoch1(NODE1) | ep_epoch2(NODE1) | ep_epoch3(NODE0) | ep_epoch3(NODE1) | ep_epoch4(NODE0) | ep_epoch4(NODE1) | held(NODE0) | locked_epoch5(NODE1) | transfer_epoch3(NODE0) | transfer_epoch3(NODE1) | NODE0 = NODE1","14","-0000--0-00--0----------0-------00----","12","38","F","677","0101010120","0101010120","e0h0l0t0","-0000--0-00-","-0","----------0-","------00----","0","7","0","1","0","1","0","2","2","0"
"1968","4","forall NODE1,NODE0. ep_epoch1(NODE0) | ep_epoch1(NODE1) | ep_epoch2(NODE1) | ep_epoch3(NODE0) | ep_epoch3(NODE1) | ep_epoch4(NODE1) | ep_epoch5(NODE1) | held(NODE0) | locked_epoch4(NODE0) | transfer_epoch3(NODE0) | transfer_epoch3(NODE1) | NODE0 = NODE1","14","-00000-0-0---0---------0--------00----","12","38","F","677","0101010120","0101010120","e0h0l0t0","-00000-0-0--","-0","---------0--","------00----","0","7","0","1","0","1","0","2","2","0"
"1969","4","forall NODE1,NODE0. ep_epoch1(NODE0) | ep_epoch1(NODE1) | ep_epoch2(NODE1) | ep_epoch3(NODE0) | ep_epoch3(NODE1) | ep_epoch4(NODE1) | held(NODE0) | locked_epoch4(NODE0) | locked_epoch5(NODE1) | transfer_epoch3(NODE0) | transfer_epoch3(NODE1) | NODE0 = NODE1","14","-0000--0-0---0---------00-------00----","12","38","F","677","0101010120","0101010120","e0h0l0t0","-0000--0-0--","-0","---------00-","------00----","0","6","0","1","0","2","0","2","2","0"
"1970","4","forall NODE1,NODE0. ep_epoch1(NODE0) | ep_epoch1(NODE1) | ep_epoch2(NODE1) | ep_epoch3(NODE1) | ep_epoch4(NODE0) | held(NODE0) | locked_epoch4(NODE1) | transfer_epoch3(NODE0) | transfer_epoch3(NODE1) | transfer_epoch4(NODE0) | transfer_epoch4(NODE1) | NODE0 = NODE1","14","-000---0--0--0--------0---------0000--","12","38","F","677","0101010120","0101010120","e0h0l0t0","-000---0--0-","-0","--------0---","------0000--","0","5","0","1","0","1","0","4","2","0"
"1971","4","forall NODE1,NODE0. ep_epoch1(NODE0) | ep_epoch1(NODE1) | ep_epoch2(NODE1) | ep_epoch3(NODE1) | held(NODE0) | locked_epoch4(NODE0) | locked_epoch4(NODE1) | transfer_epoch3(NODE0) | transfer_epoch3(NODE1) | transfer_epoch4(NODE0) | transfer_epoch4(NODE1) | NODE0 = NODE1","14","-000---0-----0--------00--------0000--","12","38","F","677","0101010120","0101010120","e0h0l0t0","-000---0----","-0","--------00--","------0000--","0","4","0","1","0","2","0","4","2","0"
"1972","4","forall NODE1,NODE0. ep_epoch1(NODE0) | ep_epoch1(NODE1) | ep_epoch2(NODE1) | ep_epoch3(NODE0) | ep_epoch5(NODE1) | held(NODE0) | locked_epoch3(NODE1) | transfer_epoch3(NODE0) | transfer_epoch3(NODE1) | transfer_epoch5(NODE0) | transfer_epoch5(NODE1) | NODE0 = NODE1","14","-00--0-0-0---0------0-----------00--00","12","38","F","677","0101010120","0101010120","e0h0l0t0","-00--0-0-0--","-0","------0-----","------00--00","0","5","0","1","0","1","0","4","2","0"
"1973","4","forall NODE1,NODE0. ep_epoch1(NODE0) | ep_epoch1(NODE1) | ep_epoch2(NODE1) | ep_epoch3(NODE0) | held(NODE0) | locked_epoch3(NODE1) | locked_epoch5(NODE1) | transfer_epoch3(NODE0) | transfer_epoch3(NODE1) | transfer_epoch5(NODE0) | transfer_epoch5(NODE1) | NODE0 = NODE1","14","-00----0-0---0------0---0-------00--00","12","38","F","677","0101010120","0101010120","e0h0l0t0","-00----0-0--","-0","------0---0-","------00--00","0","4","0","1","0","2","0","4","2","0"
"1974","4","forall NODE1,NODE0. ep_epoch1(NODE0) | ep_epoch1(NODE1) | ep_epoch2(NODE0) | ep_epoch4(NODE1) | ep_epoch5(NODE1) | held(NODE0) | locked_epoch2(NODE1) | transfer_epoch4(NODE0) | transfer_epoch4(NODE1) | transfer_epoch5(NODE0) | transfer_epoch5(NODE1) | NODE0 = NODE1","14","-00----0--000------0--------------0000","12","38","F","677","0101010120","0101010120","e0h0l0t0","-00----0--00","0-","-----0------","--------0000","0","5","0","1","0","1","0","4","2","0"
"1975","4","forall NODE1,NODE0. ep_epoch1(NODE0) | ep_epoch1(NODE1) | ep_epoch2(NODE0) | ep_epoch4(NODE1) | held(NODE0) | locked_epoch2(NODE1) | locked_epoch5(NODE1) | transfer_epoch4(NODE0) | transfer_epoch4(NODE1) | transfer_epoch5(NODE0) | transfer_epoch5(NODE1) | NODE0 = NODE1","14","-00----0--0-0------0-----0--------0000","12","38","F","677","0101010120","0101010120","e0h0l0t0","-00----0--0-","0-","-----0-----0","--------0000","0","4","0","1","0","2","0","4","2","0"
"1976","4","forall NODE1,NODE0. ep_epoch1(NODE0) | ep_epoch1(NODE1) | ep_epoch2(NODE1) | ep_epoch4(NODE0) | held(NODE0) | locked_epoch3(NODE1) | locked_epoch4(NODE1) | transfer_epoch3(NODE0) | transfer_epoch3(NODE1) | transfer_epoch4(NODE0) | transfer_epoch4(NODE1) | NODE0 = NODE1","14","-00----0--0--0------0-0---------0000--","12","38","F","677","0101010120","0101010120","e0h0l0t0","-00----0--0-","-0","------0-0---","------0000--","0","4","0","1","0","2","0","4","2","0"
"1977","4","forall NODE1,NODE0. ep_epoch1(NODE0) | ep_epoch1(NODE1) | ep_epoch2(NODE0) | ep_epoch5(NODE1) | held(NODE0) | locked_epoch2(NODE1) | locked_epoch4(NODE1) | transfer_epoch4(NODE0) | transfer_epoch4(NODE1) | transfer_epoch5(NODE0) | transfer_epoch5(NODE1) | NODE0 = NODE1","14","-00----0---00------0---0----------0000","12","38","F","677","0101010120","0101010120","e0h0l0t0","-00----0---0","0-","-----0---0--","--------0000","0","4","0","1","0","2","0","4","2","0"
"1978","4","forall NODE1,NODE0. ep_epoch1(NODE0) | ep_epoch1(NODE1) | ep_epoch2(NODE0) | held(NODE0) | locked_epoch2(NODE1) | locked_epoch4(NODE1) | locked_epoch5(NODE1) | transfer_epoch4(NODE0) | transfer_epoch4(NODE1) | transfer_epoch5(NODE0) | transfer_epoch5(NODE1) | NODE0 = NODE1","14","-00----0----0------0---0-0--------0000","12","38","F","677","0101010120","0101010120","e0h0l0t0","-00----0----","0-","-----0---0-0","--------0000","0","3","0","1","0","3","0","4","2","0"
"1979","4","forall NODE1,NODE0. ep_epoch1(NODE0) | ep_epoch1(NODE1) | ep_epoch2(NODE1) | held(NODE0) | locked_epoch3(NODE1) | locked_epoch4(NODE0) | locked_epoch4(NODE1) | transfer_epoch3(NODE0) | transfer_epoch3(NODE1) | transfer_epoch4(NODE0) | transfer_epoch4(NODE1) | NODE0 = NODE1","14","-00----0-----0------0-00--------0000--","12","38","F","677","0101010120","0101010120","e0h0l0t0","-00----0----","-0","------0-00--","------0000--","0","3","0","1","0","3","0","4","2","0"
"1980","4","forall NODE1,NODE0. ep_epoch1(NODE0) | ep_epoch1(NODE1) | ep_epoch3(NODE0) | ep_epoch3(NODE1) | ep_epoch4(NODE0) | ep_epoch4(NODE1) | ep_epoch5(NODE1) | held(NODE0) | locked_epoch2(NODE1) | transfer_epoch3(NODE0) | transfer_epoch3(NODE1) | NODE0 = NODE1","14","-0-000-0-00--0----0-------------00----","12","38","F","677","0101010120","0101010120","e0h0l0t0","-0-000-0-00-","-0","----0-------","------00----","0","7","0","1","0","1","0","2","2","0"
"1981","4","forall NODE1,NODE0. ep_epoch1(NODE0) | ep_epoch1(NODE1) | ep_epoch3(NODE0) | ep_epoch3(NODE1) | ep_epoch4(NODE0) | ep_epoch4(NODE1) | held(NODE0) | locked_epoch2(NODE1) | locked_epoch5(NODE1) | transfer_epoch3(NODE0) | transfer_epoch3(NODE1) | NODE0 = NODE1","14","-0-00--0-00-0------0-----0------00----","12","38","F","677","0101010120","0101010120","e0h0l0t0","-0-00--0-00-","0-","-----0-----0","------00----","0","6","0","1","0","2","0","2","2","0"
"1982","4","forall NODE1,NODE0. ep_epoch1(NODE0) | ep_epoch1(NODE1) | ep_epoch3(NODE0) | ep_epoch3(NODE1) | ep_epoch4(NODE1) | ep_epoch5(NODE1) | held(NODE0) | locked_epoch2(NODE1) | locked_epoch4(NODE0) | transfer_epoch3(NODE0) | transfer_epoch3(NODE1) | NODE0 = NODE1","14","-0-000-0-0---0----0----0--------00----","12","38","F","677","0101010120","0101010120","e0h0l0t0","-0-000-0-0--","-0","----0----0--","------00----","0","6","0","1","0","2","0","2","2","0"
"1983","4","forall NODE1,NODE0. ep_epoch1(NODE0) | ep_epoch1(NODE1) | ep_epoch3(NODE0) | ep_epoch3(NODE1) | ep_epoch4(NODE1) | held(NODE0) | locked_epoch2(NODE1) | locked_epoch4(NODE0) | locked_epoch5(NODE1) | transfer_epoch3(NODE0) | transfer_epoch3(NODE1) | NODE0 = NODE1","14","-0-00--0-0---0----0----00-------00----","12","38","F","677","0101010120","0101010120","e0h0l0t0","-0-00--0-0--","-0","----0----00-","------00----","0","5","0","1","0","3","0","2","2","0"
"1984","4","forall NODE1,NODE0. ep_epoch1(NODE0) | ep_epoch1(NODE1) | ep_epoch3(NODE1) | ep_epoch4(NODE0) | held(NODE0) | locked_epoch2(NODE1) | locked_epoch4(NODE1) | transfer_epoch3(NODE0) | transfer_epoch3(NODE1) | transfer_epoch4(NODE0) | transfer_epoch4(NODE1) | NODE0 = NODE1","14","-0-0---0--0--0----0---0---------0000--","12","38","F","677","0101010120","0101010120","e0h0l0t0","-0-0---0--0-","-0","----0---0---","------0000--","0","4","0","1","0","2","0","4","2","0"
"1985","4","forall NODE1,NODE0. ep_epoch1(NODE0) | ep_epoch1(NODE1) | ep_epoch3(NODE0) | ep_epoch5(NODE1) | held(NODE0) | locked_epoch2(NODE1) | locked_epoch3(NODE1) | transfer_epoch3(NODE0) | transfer_epoch3(NODE1) | transfer_epoch5(NODE0) | transfer_epoch5(NODE1) | NODE0 = NODE1","14","-0-0---0---00------0-0----------00--00","12","38","F","677","0101010120","0101010120","e0h0l0t0","-0-0---0---0","0-","-----0-0----","------00--00","0","4","0","1","0","2","0","4","2","0"
"1986","4","forall NODE1,NODE0. ep_epoch1(NODE0) | ep_epoch1(NODE1) | ep_epoch3(NODE0) | held(NODE0) | locked_epoch2(NODE1) | locked_epoch3(NODE1) | locked_epoch5(NODE1) | transfer_epoch3(NODE0) | transfer_epoch3(NODE1) | transfer_epoch5(NODE0) | transfer_epoch5(NODE1) | NODE0 = NODE1","14","-0-0---0----0------0-0---0------00--00","12","38","F","677","0101010120","0101010120","e0h0l0t0","-0-0---0----","0-","-----0-0---0","------00--00","0","3","0","1","0","3","0","4","2","0"
"1987","4","forall NODE1,NODE0. ep_epoch1(NODE0) | ep_epoch1(NODE1) | ep_epoch3(NODE1) | held(NODE0) | locked_epoch2(NODE1) | locked_epoch4(NODE0) | locked_epoch4(NODE1) | transfer_epoch3(NODE0) | transfer_epoch3(NODE1) | transfer_epoch4(NODE0) | transfer_epoch4(NODE1) | NODE0 = NODE1","14","-0-0---0-----0----0---00--------0000--","12","38","F","677","0101010120","0101010120","e0h0l0t0","-0-0---0----","-0","----0---00--","------0000--","0","3","0","1","0","3","0","4","2","0"
"1988","4","forall NODE1,NODE0. ep_epoch1(NODE0) | ep_epoch1(NODE1) | ep_epoch4(NODE0) | held(NODE0) | locked_epoch2(NODE1) | locked_epoch3(NODE1) | locked_epoch4(NODE1) | transfer_epoch3(NODE0) | transfer_epoch3(NODE1) | transfer_epoch4(NODE0) | transfer_epoch4(NODE1) | NODE0 = NODE1","14","-0--0--0----0------0-0-0--------0000--","12","38","F","677","0101010120","0101010120","e0h0l0t0","-0--0--0----","0-","-----0-0-0--","------0000--","0","3","0","1","0","3","0","4","2","0"
"1989","4","forall NODE1,NODE0. ep_epoch1(NODE0) | ep_epoch1(NODE1) | held(NODE0) | locked_epoch2(NODE1) | locked_epoch3(NODE1) | locked_epoch4(NODE0) | locked_epoch4(NODE1) | transfer_epoch3(NODE0) | transfer_epoch3(NODE1) | transfer_epoch4(NODE0) | transfer_epoch4(NODE1) | NODE0 = NODE1","14","-0-----0----0------0-000--------0000--","12","38","F","677","0101010120","0101010120","e0h0l0t0","-0-----0----","0-","-----0-000--","------0000--","0","2","0","1","0","4","0","4","2","0"
"1990","3","forall NODE1,NODE0. ep_epoch1(NODE0) | ep_epoch2(NODE0) | ep_epoch2(NODE1) | ep_epoch3(NODE0) | ep_epoch3(NODE1) | ep_epoch4(NODE0) | ep_epoch4(NODE1) | ep_epoch5(NODE0) | held(NODE1) | transfer_epoch2(NODE0) | transfer_epoch2(NODE1) | NODE0 = NODE1","14","-00000--000--0----------------00------","12","37","F","48","0101000120","0101000120","e0h0t0","-00000--000-","-0","------------","----00------","0","8","0","1","0","0","0","2","2","0"
"1991","4","forall NODE1,NODE0. ep_epoch1(NODE0) | ep_epoch2(NODE0) | ep_epoch2(NODE1) | ep_epoch3(NODE0) | ep_epoch3(NODE1) | ep_epoch4(NODE0) | ep_epoch4(NODE1) | held(NODE1) | locked_epoch5(NODE0) | transfer_epoch2(NODE0) | transfer_epoch2(NODE1) | NODE0 = NODE1","14","-0000---000--0----------0-----00------","12","38","F","677","0101010120","0101010120","e0h0l0t0","-0000---000-","-0","----------0-","----00------","0","7","0","1","0","1","0","2","2","0"
"1992","4","forall NODE1,NODE0. ep_epoch1(NODE0) | ep_epoch2(NODE0) | ep_epoch2(NODE1) | ep_epoch3(NODE0) | ep_epoch3(NODE1) | ep_epoch4(NODE0) | ep_epoch5(NODE0) | held(NODE1) | locked_epoch4(NODE1) | transfer_epoch2(NODE0) | transfer_epoch2(NODE1) | NODE0 = NODE1","14","-00000--00---0---------0------00------","12","38","F","677","0101010120","0101010120","e0h0l0t0","-00000--00--","-0","---------0--","----00------","0","7","0","1","0","1","0","2","2","0"
"1993","4","forall NODE1,NODE0. ep_epoch1(NODE0) | ep_epoch2(NODE0) | ep_epoch2(NODE1) | ep_epoch3(NODE0) | ep_epoch3(NODE1) | ep_epoch4(NODE0) | held(NODE1) | locked_epoch4(NODE1) | locked_epoch5(NODE0) | transfer_epoch2(NODE0) | transfer_epoch2(NODE1) | NODE0 = NODE1","14","-0000---00---0---------00-----00------","12","38","F","677","0101010120","0101010120","e0h0l0t0","-0000---00--","-0","---------00-","----00------","0","6","0","1","0","2","0","2","2","0"
"1994","4","forall NODE1,NODE0. ep_epoch1(NODE0) | ep_epoch2(NODE0) | ep_epoch2(NODE1) | ep_epoch3(NODE0) | ep_epoch4(NODE1) | held(NODE1) | locked_epoch4(NODE0) | transfer_epoch2(NODE0) | transfer_epoch2(NODE1) | transfer_epoch4(NODE0) | transfer_epoch4(NODE1) | NODE0 = NODE1","14","-000----0-0--0--------0-------00--00--","12","38","F","677","0101010120","0101010120","e0h0l0t0","-000----0-0-","-0","--------0---","----00--00--","0","5","0","1","0","1","0","4","2","0"
"1995","4","forall NODE1,NODE0. ep_epoch1(NODE0) | ep_epoch2(NODE0) | ep_epoch2(NODE1) | ep_epoch3(NODE0) | held(NODE1) | locked_epoch4(NODE0) | locked_epoch4(NODE1) | transfer_epoch2(NODE0) | transfer_epoch2(NODE1) | transfer_epoch4(NODE0) | transfer_epoch4(NODE1) | NODE0 = NODE1","14","-000----0----0--------00------00--00--","12","38","F","677","0101010120","0101010120","e0h0l0t0","-000----0---","-0","--------00--","----00--00--","0","4","0","1","0","2","0","4","2","0"
"1996","4","forall NODE1,NODE0. ep_epoch1(NODE0) | ep_epoch2(NODE0) | ep_epoch2(NODE1) | ep_epoch3(NODE1) | ep_epoch5(NODE0) | held(NODE1) | locked_epoch3(NODE0) | transfer_epoch2(NODE0) | transfer_epoch2(NODE1) | transfer_epoch5(NODE0) | transfer_epoch5(NODE1) | NODE0 = NODE1","14","-00--0--00---0------0---------00----00","12","38","F","677","0101010120","0101010120","e0h0l0t0","-00--0--00--","-0","------0-----","----00----00","0","5","0","1","0","1","0","4","2","0"
"1997","4","forall NODE1,NODE0. ep_epoch1(NODE0) | ep_epoch2(NODE0) | ep_epoch2(NODE1) | ep_epoch3(NODE1) | held(NODE1) | locked_epoch3(NODE0) | locked_epoch5(NODE0) | transfer_epoch2(NODE0) | transfer_epoch2(NODE1) | transfer_epoch5(NODE0) | transfer_epoch5(NODE1) | NODE0 = NODE1","14","-00-----00---0------0---0-----00----00","12","38","F","677","0101010120","0101010120","e0h0l0t0","-00-----00--","-0","------0---0-","----00----00","0","4","0","1","0","2","0","4","2","0"
"1998","4","forall NODE1,NODE0. ep_epoch1(NODE0) | ep_epoch2(NODE0) | ep_epoch2(NODE1) | ep_epoch4(NODE1) | held(NODE1) | locked_epoch3(NODE0) | locked_epoch4(NODE0) | transfer_epoch2(NODE0) | transfer_epoch2(NODE1) | transfer_epoch4(NODE0) | transfer_epoch4(NODE1) | NODE0 = NODE1","14","-00-----0-0--0------0-0-------00--00--","12","38","F","677","0101010120","0101010120","e0h0l0t0","-00-----0-0-","-0","------0-0---","----00--00--","0","4","0","1","0","2","0","4","2","0"
"1999","4","forall NODE1,NODE0. ep_epoch1(NODE0) | ep_epoch2(NODE0) | ep_epoch2(NODE1) | held(NODE1) | locked_epoch3(NODE0) | locked_epoch4(NODE0) | locked_epoch4(NODE1) | transfer_epoch2(NODE0) | transfer_epoch2(NODE1) | transfer_epoch4(NODE0) | transfer_epoch4(NODE1) | NODE0 = NODE1","14","-00-----0----0------0-00------00--00--","12","38","F","677","0101010120","0101010120","e0h0l0t0","-00-----0---","-0","------0-00--","----00--00--","0","3","0","1","0","3","0","4","2","0"
"2000","4","forall NODE1,NODE0. ep_epoch1(NODE0) | ep_epoch2(NODE0) | ep_epoch3(NODE0) | ep_epoch3(NODE1) | ep_epoch4(NODE1) | held(NODE1) | locked_epoch4(NODE0) | transfer_epoch2(NODE0) | transfer_epoch2(NODE1) | transfer_epoch3(NODE0) | transfer_epoch3(NODE1) | NODE0 = NODE1","14","-000-----00--0--------0-------0000----","12","38","F","677","0101010120","0101010120","e0h0l0t0","-000-----00-","-0","--------0---","----0000----","0","5","0","1","0","1","0","4","2","0"
"2001","4","forall NODE1,NODE0. ep_epoch1(NODE0) | ep_epoch2(NODE0) | ep_epoch3(NODE0) | ep_epoch3(NODE1) | held(NODE1) | locked_epoch4(NODE0) | locked_epoch4(NODE1) | transfer_epoch2(NODE0) | transfer_epoch2(NODE1) | transfer_epoch3(NODE0) | transfer_epoch3(NODE1) | NODE0 = NODE1","14","-000-----0---0--------00------0000----","12","38","F","677","0101010120","0101010120","e0h0l0t0","-000-----0--","-0","--------00--","----0000----","0","4","0","1","0","2","0","4","2","0"
"2002","4","forall NODE1,NODE0. ep_epoch1(NODE0) | ep_epoch2(NODE0) | ep_epoch3(NODE0) | ep_epoch4(NODE0) | ep_epoch5(NODE0) | held(NODE1) | locked_epoch3(NODE1) | transfer_epoch2(NODE0) | transfer_epoch2(NODE1) | transfer_epoch3(NODE0) | transfer_epoch3(NODE1) | NODE0 = NODE1","14","-00000-------0-------0--------0000----","12","38","F","677","0101010120","0101010120","e0h0l0t0","-00000------","-0","-------0----","----0000----","0","5","0","1","0","1","0","4","2","0"
"2003","4","forall NODE1,NODE0. ep_epoch1(NODE0) | ep_epoch2(NODE0) | ep_epoch3(NODE0) | ep_epoch4(NODE0) | held(NODE1) | locked_epoch3(NODE1) | locked_epoch5(NODE0) | transfer_epoch2(NODE0) | transfer_epoch2(NODE1) | transfer_epoch3(NODE0) | transfer_epoch3(NODE1) | NODE0 = NODE1","14","-0000--------0-------0--0-----0000----","12","38","F","677","0101010120","0101010120","e0h0l0t0","-0000-------","-0","-------0--0-","----0000----","0","4","0","1","0","2","0","4","2","0"
"2004","4","forall NODE1,NODE0. ep_epoch1(NODE0) | ep_epoch2(NODE0) | ep_epoch3(NODE0) | ep_epoch4(NODE1) | held(NODE1) | locked_epoch3(NODE1) | locked_epoch4(NODE0) | transfer_epoch2(NODE0) | transfer_epoch2(NODE1) | transfer_epoch3(NODE0) | transfer_epoch3(NODE1) | NODE0 = NODE1","14","-000------0--0-------00-------0000----","12","38","F","677","0101010120","0101010120","e0h0l0t0","-000------0-","-0","-------00---","----0000----","0","4","0","1","0","2","0","4","2","0"
"2005","4","forall NODE1,NODE0. ep_epoch1(NODE0) | ep_epoch2(NODE0) | ep_epoch3(NODE0) | ep_epoch5(NODE0) | held(NODE1) | locked_epoch3(NODE1) | locked_epoch4(NODE0) | transfer_epoch2(NODE0) | transfer_epoch2(NODE1) | transfer_epoch3(NODE0) | transfer_epoch3(NODE1) | NODE0 = NODE1","14","-000-0-------0-------00-------0000----","12","38","F","677","0101010120","0101010120","e0h0l0t0","-000-0------","-0","-------00---","----0000----","0","4","0","1","0","2","0","4","2","0"
"2006","4","forall NODE1,NODE0. ep_epoch1(NODE0) | ep_epoch2(NODE0) | ep_epoch3(NODE0) | held(NODE1) | locked_epoch3(NODE1) | locked_epoch4(NODE0) | locked_epoch4(NODE1) | transfer_epoch2(NODE0) | transfer_epoch2(NODE1) | transfer_epoch3(NODE0) | transfer_epoch3(NODE1) | NODE0 = NODE1","14","-000---------0-------000------0000----","12","38","F","677","0101010120","0101010120","e0h0l0t0","-000--------","-0","-------000--","----0000----","0","3","0","1","0","3","0","4","2","0"
"2007","4","forall NODE1,NODE0. ep_epoch1(NODE0) | ep_epoch2(NODE0) | ep_epoch3(NODE0) | held(NODE1) | locked_epoch3(NODE1) | locked_epoch4(NODE0) | locked_epoch5(NODE0) | transfer_epoch2(NODE0) | transfer_epoch2(NODE1) | transfer_epoch3(NODE0) | transfer_epoch3(NODE1) | NODE0 = NODE1","14","-000---------0-------00-0-----0000----","12","38","F","677","0101010120","0101010120","e0h0l0t0","-000--------","-0","-------00-0-","----0000----","0","3","0","1","0","3","0","4","2","0"
"2008","4","forall NODE1,NODE0. ep_epoch1(NODE0) | ep_epoch2(NODE1) | ep_epoch4(NODE0) | ep_epoch4(NODE1) | ep_epoch5(NODE0) | held(NODE1) | locked_epoch2(NODE0) | transfer_epoch2(NODE0) | transfer_epoch2(NODE1) | transfer_epoch4(NODE0) | transfer_epoch4(NODE1) | NODE0 = NODE1","14","-0--00--0-0--0----0-----------00--00--","12","38","F","677","0101010120","0101010120","e0h0l0t0","-0--00--0-0-","-0","----0-------","----00--00--","0","5","0","1","0","1","0","4","2","0"
"2009","4","forall NODE1,NODE0. ep_epoch1(NODE0) | ep_epoch2(NODE1) | ep_epoch4(NODE0) | ep_epoch4(NODE1) | held(NODE1) | locked_epoch2(NODE0) | locked_epoch5(NODE0) | transfer_epoch2(NODE0) | transfer_epoch2(NODE1) | transfer_epoch4(NODE0) | transfer_epoch4(NODE1) | NODE0 = NODE1","14","-0--0---0-0--0----0-----0-----00--00--","12","38","F","677","0101010120","0101010120","e0h0l0t0","-0--0---0-0-","-0","----0-----0-","----00--00--","0","4","0","1","0","2","0","4","2","0"
"2010","4","forall NODE1,NODE0. ep_epoch1(NODE0) | ep_epoch2(NODE1) | ep_epoch4(NODE0) | ep_epoch5(NODE0) | held(NODE1) | locked_epoch2(NODE0) | locked_epoch4(NODE1) | transfer_epoch2(NODE0) | transfer_epoch2(NODE1) | transfer_epoch4(NODE0) | transfer_epoch4(NODE1) | NODE0 = NODE1","14","-0--00--0----0----0----0------00--00--","12","38","F","677","0101010120","0101010120","e0h0l0t0","-0--00--0---","-0","----0----0--","----00--00--","0","4","0","1","0","2","0","4","2","0"
"2011","4","forall NODE1,NODE0. ep_epoch1(NODE0) | ep_epoch2(NODE1) | ep_epoch4(NODE0) | held(NODE1) | locked_epoch2(NODE0) | locked_epoch4(NODE1) | locked_epoch5(NODE0) | transfer_epoch2(NODE0) | transfer_epoch2(NODE1) | transfer_epoch4(NODE0) | transfer_epoch4(NODE1) | NODE0 = NODE1","14","-0--0---0----0----0----00-----00--00--","12","38","F","677","0101010120","0101010120","e0h0l0t0","-0--0---0---","-0","----0----00-","----00--00--","0","3","0","1","0","3","0","4","2","0"
"2012","4","forall NODE1,NODE0. ep_epoch1(NODE0) | ep_epoch3(NODE0) | ep_epoch3(NODE1) | ep_epoch4(NODE1) | held(NODE1) | locked_epoch2(NODE0) | locked_epoch4(NODE0) | transfer_epoch2(NODE0) | transfer_epoch2(NODE1) | transfer_epoch3(NODE0) | transfer_epoch3(NODE1) | NODE0 = NODE1","14","-0-0-----00--0----0---0-------0000----","12","38","F","677","0101010120","0101010120","e0h0l0t0","-0-0-----00-","-0","----0---0---","----0000----","0","4","0","1","0","2","0","4","2","0"
"2013","4","forall NODE1,NODE0. ep_epoch1(NODE0) | ep_epoch3(NODE0) | ep_epoch3(NODE1) | held(NODE1) | locked_epoch2(NODE0) | locked_epoch4(NODE0) | locked_epoch4(NODE1) | transfer_epoch2(NODE0) | transfer_epoch2(NODE1) | transfer_epoch3(NODE0) | transfer_epoch3(NODE1) | NODE0 = NODE1","14","-0-0-----0---0----0---00------0000----","12","38","F","677","0101010120","0101010120","e0h0l0t0","-0-0-----0--","-0","----0---00--","----0000----","0","3","0","1","0","3","0","4","2","0"
"2014","4","forall NODE1,NODE0. ep_epoch1(NODE0) | ep_epoch3(NODE0) | ep_epoch4(NODE0) | ep_epoch5(NODE0) | held(NODE1) | locked_epoch2(NODE0) | locked_epoch3(NODE1) | transfer_epoch2(NODE0) | transfer_epoch2(NODE1) | transfer_epoch3(NODE0) | transfer_epoch3(NODE1) | NODE0 = NODE1","14","-0-000-------0----0--0--------0000----","12","38","F","677","0101010120","0101010120","e0h0l0t0","-0-000------","-0","----0--0----","----0000----","0","4","0","1","0","2","0","4","2","0"
"2015","4","forall NODE1,NODE0. ep_epoch1(NODE0) | ep_epoch3(NODE0) | ep_epoch4(NODE0) | held(NODE1) | locked_epoch2(NODE0) | locked_epoch3(NODE1) | locked_epoch5(NODE0) | transfer_epoch2(NODE0) | transfer_epoch2(NODE1) | transfer_epoch3(NODE0) | transfer_epoch3(NODE1) | NODE0 = NODE1","14","-0-00--------0----0--0--0-----0000----","12","38","F","677","0101010120","0101010120","e0h0l0t0","-0-00-------","-0","----0--0--0-","----0000----","0","3","0","1","0","3","0","4","2","0"
"2016","4","forall NODE1,NODE0. ep_epoch1(NODE0) | ep_epoch3(NODE0) | ep_epoch4(NODE1) | held(NODE1) | locked_epoch2(NODE0) | locked_epoch3(NODE1) | locked_epoch4(NODE0) | transfer_epoch2(NODE0) | transfer_epoch2(NODE1) | transfer_epoch3(NODE0) | transfer_epoch3(NODE1) | NODE0 = NODE1","14","-0-0------0--0----0--00-------0000----","12","38","F","677","0101010120","0101010120","e0h0l0t0","-0-0------0-","-0","----0--00---","----0000----","0","3","0","1","0","3","0","4","2","0"
"2017","4","forall NODE1,NODE0. ep_epoch1(NODE0) | ep_epoch3(NODE0) | ep_epoch5(NODE0) | held(NODE1) | locked_epoch2(NODE0) | locked_epoch3(NODE1) | locked_epoch4(NODE0) | transfer_epoch2(NODE0) | transfer_epoch2(NODE1) | transfer_epoch3(NODE0) | transfer_epoch3(NODE1) | NODE0 = NODE1","14","-0-0-0-------0----0--00-------0000----","12","38","F","677","0101010120","0101010120","e0h0l0t0","-0-0-0------","-0","----0--00---","----0000----","0","3","0","1","0","3","0","4","2","0"
"2018","4","forall NODE1,NODE0. ep_epoch1(NODE0) | ep_epoch3(NODE0) | held(NODE1) | locked_epoch2(NODE0) | locked_epoch3(NODE1) | locked_epoch4(NODE0) | locked_epoch4(NODE1) | transfer_epoch2(NODE0) | transfer_epoch2(NODE1) | transfer_epoch3(NODE0) | transfer_epoch3(NODE1) | NODE0 = NODE1","14","-0-0---------0----0--000------0000----","12","38","F","677","0101010120","0101010120","e0h0l0t0","-0-0--------","-0","----0--000--","----0000----","0","2","0","1","0","4","0","4","2","0"
"2019","4","forall NODE1,NODE0. ep_epoch1(NODE0) | ep_epoch3(NODE0) | held(NODE1) | locked_epoch2(NODE0) | locked_epoch3(NODE1) | locked_epoch4(NODE0) | locked_epoch5(NODE0) | transfer_epoch2(NODE0) | transfer_epoch2(NODE1) | transfer_epoch3(NODE0) | transfer_epoch3(NODE1) | NODE0 = NODE1","14","-0-0---------0----0--00-0-----0000----","12","38","F","677","0101010120","0101010120","e0h0l0t0","-0-0--------","-0","----0--00-0-","----0000----","0","2","0","1","0","4","0","4","2","0"
"2020","3","forall NODE1,NODE0. ep_epoch0(NODE0) | ep_epoch0(NODE1) | ep_epoch1(NODE0) | ep_epoch1(NODE1) | ep_epoch3(NODE1) | ep_epoch4(NODE1) | ep_epoch5(NODE1) | held(NODE0) | transfer_epoch4(NODE0) | transfer_epoch4(NODE1) | transfer_epoch5(NODE0) | transfer_epoch5(NODE1) | NODE0 = NODE1","15","00-00000-----0--------------------0000","13","37","F","48","0101000120","0101000120","e0h0t0","00-00000----","-0","------------","--------0000","0","7","0","1","0","0","0","4","2","0"
"2021","4","forall NODE1,NODE0. ep_epoch0(NODE0) | ep_epoch0(NODE1) | ep_epoch1(NODE0) | ep_epoch1(NODE1) | ep_epoch3(NODE1) | ep_epoch4(NODE1) | held(NODE0) | locked_epoch5(NODE1) | transfer_epoch4(NODE0) | transfer_epoch4(NODE1) | transfer_epoch5(NODE0) | transfer_epoch5(NODE1) | NODE0 = NODE1","15","00-00-00-----0----------0---------0000","13","38","F","677","0101010120","0101010120","e0h0l0t0","00-00-00----","-0","----------0-","--------0000","0","6","0","1","0","1","0","4","2","0"
"2022","4","forall NODE1,NODE0. ep_epoch0(NODE0) | ep_epoch0(NODE1) | ep_epoch1(NODE0) | ep_epoch1(NODE1) | ep_epoch3(NODE1) | ep_epoch5(NODE1) | held(NODE0) | locked_epoch4(NODE1) | transfer_epoch4(NODE0) | transfer_epoch4(NODE1) | transfer_epoch5(NODE0) | transfer_epoch5(NODE1) | NODE0 = NODE1","15","00-0-000-----0--------0-----------0000","13","38","F","677","0101010120","0101010120","e0h0l0t0","00-0-000----","-0","--------0---","--------0000","0","6","0","1","0","1","0","4","2","0"
"2023","4","forall NODE1,NODE0. ep_epoch0(NODE0) | ep_epoch0(NODE1) | ep_epoch1(NODE0) | ep_epoch1(NODE1) | ep_epoch3(NODE1) | held(NODE0) | locked_epoch4(NODE1) | locked_epoch5(NODE1) | transfer_epoch4(NODE0) | transfer_epoch4(NODE1) | transfer_epoch5(NODE0) | transfer_epoch5(NODE1) | NODE0 = NODE1","15","00-0--00-----0--------0-0---------0000","13","38","F","677","0101010120","0101010120","e0h0l0t0","00-0--00----","-0","--------0-0-","--------0000","0","5","0","1","0","2","0","4","2","0"
"2024","4","forall NODE1,NODE0. ep_epoch0(NODE0) | ep_epoch0(NODE1) | ep_epoch1(NODE0) | ep_epoch1(NODE1) | ep_epoch4(NODE1) | ep_epoch5(NODE1) | held(NODE0) | locked_epoch3(NODE1) | transfer_epoch4(NODE0) | transfer_epoch4(NODE1) | transfer_epoch5(NODE0) | transfer_epoch5(NODE1) | NODE0 = NODE1","15","00--0000-----0------0-------------0000","13","38","F","677","0101010120","0101010120","e0h0l0t0","00--0000----","-0","------0-----","--------0000","0","6","0","1","0","1","0","4","2","0"
"2025","4","forall NODE1,NODE0. ep_epoch0(NODE0) | ep_epoch0(NODE1) | ep_epoch1(NODE0) | ep_epoch1(NODE1) | ep_epoch4(NODE1) | held(NODE0) | locked_epoch3(NODE1) | locked_epoch5(NODE1) | transfer_epoch4(NODE0) | transfer_epoch4(NODE1) | transfer_epoch5(NODE0) | transfer_epoch5(NODE1) | NODE0 = NODE1","15","00--0-00-----0------0---0---------0000","13","38","F","677","0101010120","0101010120","e0h0l0t0","00--0-00----","-0","------0---0-","--------0000","0","5","0","1","0","2","0","4","2","0"
"2026","4","forall NODE1,NODE0. ep_epoch0(NODE0) | ep_epoch0(NODE1) | ep_epoch1(NODE0) | ep_epoch1(NODE1) | ep_epoch5(NODE1) | held(NODE0) | locked_epoch3(NODE1) | locked_epoch4(NODE1) | transfer_epoch4(NODE0) | transfer_epoch4(NODE1) | transfer_epoch5(NODE0) | transfer_epoch5(NODE1) | NODE0 = NODE1","15","00---000-----0------0-0-----------0000","13","38","F","677","0101010120","0101010120","e0h0l0t0","00---000----","-0","------0-0---","--------0000","0","5","0","1","0","2","0","4","2","0"
"2027","4","forall NODE1,NODE0. ep_epoch0(NODE0) | ep_epoch0(NODE1) | ep_epoch1(NODE0) | ep_epoch1(NODE1) | held(NODE0) | locked_epoch3(NODE1) | locked_epoch4(NODE1) | locked_epoch5(NODE1) | transfer_epoch4(NODE0) | transfer_epoch4(NODE1) | transfer_epoch5(NODE0) | transfer_epoch5(NODE1) | NODE0 = NODE1","15","00----00----0--------0-0-0--------0000","13","38","F","677","0101010120","0101010120","e0h0l0t0","00----00----","0-","-------0-0-0","--------0000","0","4","0","1","0","3","0","4","2","0"
"2028","3","forall NODE1,NODE0. ep_epoch0(NODE0) | ep_epoch0(NODE1) | ep_epoch2(NODE0) | ep_epoch2(NODE1) | ep_epoch3(NODE1) | ep_epoch4(NODE1) | ep_epoch5(NODE1) | held(NODE0) | transfer_epoch4(NODE0) | transfer_epoch4(NODE1) | transfer_epoch5(NODE0) | transfer_epoch5(NODE1) | NODE0 = NODE1","15","0-00000-0----0--------------------0000","13","37","F","48","0101000120","0101000120","e0h0t0","0-00000-0---","-0","------------","--------0000","0","7","0","1","0","0","0","4","2","0"
"2029","4","forall NODE1,NODE0. ep_epoch0(NODE0) | ep_epoch0(NODE1) | ep_epoch2(NODE0) | ep_epoch2(NODE1) | ep_epoch3(NODE1) | ep_epoch4(NODE1) | held(NODE0) | locked_epoch5(NODE1) | transfer_epoch4(NODE0) | transfer_epoch4(NODE1) | transfer_epoch5(NODE0) | transfer_epoch5(NODE1) | NODE0 = NODE1","15","0-000-0-0----0----------0---------0000","13","38","F","677","0101010120","0101010120","e0h0l0t0","0-000-0-0---","-0","----------0-","--------0000","0","6","0","1","0","1","0","4","2","0"
"2030","4","forall NODE1,NODE0. ep_epoch0(NODE0) | ep_epoch0(NODE1) | ep_epoch2(NODE0) | ep_epoch2(NODE1) | ep_epoch3(NODE1) | ep_epoch5(NODE1) | held(NODE0) | locked_epoch4(NODE1) | transfer_epoch4(NODE0) | transfer_epoch4(NODE1) | transfer_epoch5(NODE0) | transfer_epoch5(NODE1) | NODE0 = NODE1","15","0-00-00-0----0--------0-----------0000","13","38","F","677","0101010120","0101010120","e0h0l0t0","0-00-00-0---","-0","--------0---","--------0000","0","6","0","1","0","1","0","4","2","0"
"2031","4","forall NODE1,NODE0. ep_epoch0(NODE0) | ep_epoch0(NODE1) | ep_epoch2(NODE0) | ep_epoch2(NODE1) | ep_epoch3(NODE1) | held(NODE0) | locked_epoch4(NODE1) | locked_epoch5(NODE1) | transfer_epoch4(NODE0) | transfer_epoch4(NODE1) | transfer_epoch5(NODE0) | transfer_epoch5(NODE1) | NODE0 = NODE1","15","0-00--0-0----0--------0-0---------0000","13","38","F","677","0101010120","0101010120","e0h0l0t0","0-00--0-0---","-0","--------0-0-","--------0000","0","5","0","1","0","2","0","4","2","0"
"2032","4","forall NODE1,NODE0. ep_epoch0(NODE0) | ep_epoch0(NODE1) | ep_epoch2(NODE0) | ep_epoch2(NODE1) | ep_epoch4(NODE1) | ep_epoch5(NODE1) | held(NODE0) | locked_epoch3(NODE1) | transfer_epoch4(NODE0) | transfer_epoch4(NODE1) | transfer_epoch5(NODE0) | transfer_epoch5(NODE1) | NODE0 = NODE1","15","0-0-000-0----0------0-------------0000","13","38","F","677","0101010120","0101010120","e0h0l0t0","0-0-000-0---","-0","------0-----","--------0000","0","6","0","1","0","1","0","4","2","0"
"2033","4","forall NODE1,NODE0. ep_epoch0(NODE0) | ep_epoch0(NODE1) | ep_epoch2(NODE0) | ep_epoch2(NODE1) | ep_epoch4(NODE1) | held(NODE0) | locked_epoch3(NODE1) | locked_epoch5(NODE1) | transfer_epoch4(NODE0) | transfer_epoch4(NODE1) | transfer_epoch5(NODE0) | transfer_epoch5(NODE1) | NODE0 = NODE1","15","0-0-0-0-0----0------0---0---------0000","13","38","F","677","0101010120","0101010120","e0h0l0t0","0-0-0-0-0---","-0","------0---0-","--------0000","0","5","0","1","0","2","0","4","2","0"
"2034","4","forall NODE1,NODE0. ep_epoch0(NODE0) | ep_epoch0(NODE1) | ep_epoch2(NODE0) | ep_epoch2(NODE1) | ep_epoch5(NODE1) | held(NODE0) | locked_epoch3(NODE1) | locked_epoch4(NODE1) | transfer_epoch4(NODE0) | transfer_epoch4(NODE1) | transfer_epoch5(NODE0) | transfer_epoch5(NODE1) | NODE0 = NODE1","15","0-0--00-0----0------0-0-----------0000","13","38","F","677","0101010120","0101010120","e0h0l0t0","0-0--00-0---","-0","------0-0---","--------0000","0","5","0","1","0","2","0","4","2","0"
"2035","4","forall NODE1,NODE0. ep_epoch0(NODE0) | ep_epoch0(NODE1) | ep_epoch2(NODE0) | ep_epoch2(NODE1) | held(NODE0) | locked_epoch3(NODE1) | locked_epoch4(NODE1) | locked_epoch5(NODE1) | transfer_epoch4(NODE0) | transfer_epoch4(NODE1) | transfer_epoch5(NODE0) | transfer_epoch5(NODE1) | NODE0 = NODE1","15","0-0---0-0---0--------0-0-0--------0000","13","38","F","677","0101010120","0101010120","e0h0l0t0","0-0---0-0---","0-","-------0-0-0","--------0000","0","4","0","1","0","3","0","4","2","0"
"2036","3","forall NODE1,NODE0. ep_epoch0(NODE0) | ep_epoch0(NODE1) | ep_epoch2(NODE1) | ep_epoch3(NODE0) | ep_epoch3(NODE1) | ep_epoch4(NODE1) | ep_epoch5(NODE1) | held(NODE0) | transfer_epoch3(NODE0) | transfer_epoch3(NODE1) | transfer_epoch5(NODE0) | transfer_epoch5(NODE1) | NODE0 = NODE1","15","0-00000--0---0------------------00--00","13","37","F","48","0101000120","0101000120","e0h0t0","0-00000--0--","-0","------------","------00--00","0","7","0","1","0","0","0","4","2","0"
"2037","4","forall NODE1,NODE0. ep_epoch0(NODE0) | ep_epoch0(NODE1) | ep_epoch2(NODE1) | ep_epoch3(NODE0) | ep_epoch3(NODE1) | ep_epoch4(NODE1) | held(NODE0) | locked_epoch5(NODE1) | transfer_epoch3(NODE0) | transfer_epoch3(NODE1) | transfer_epoch5(NODE0) | transfer_epoch5(NODE1) | NODE0 = NODE1","15","0-000-0--0---0----------0-------00--00","13","38","F","677","0101010120","0101010120","e0h0l0t0","0-000-0--0--","-0","----------0-","------00--00","0","6","0","1","0","1","0","4","2","0"
"2038","4","forall NODE1,NODE0. ep_epoch0(NODE0) | ep_epoch0(NODE1) | ep_epoch2(NODE1) | ep_epoch3(NODE0) | ep_epoch3(NODE1) | ep_epoch5(NODE1) | held(NODE0) | locked_epoch4(NODE1) | transfer_epoch3(NODE0) | transfer_epoch3(NODE1) | transfer_epoch5(NODE0) | transfer_epoch5(NODE1) | NODE0 = NODE1","15","0-00-00--0---0--------0---------00--00","13","38","F","677","0101010120","0101010120","e0h0l0t0","0-00-00--0--","-0","--------0---","------00--00","0","6","0","1","0","1","0","4","2","0"
"2039","4","forall NODE1,NODE0. ep_epoch0(NODE0) | ep_epoch0(NODE1) | ep_epoch2(NODE1) | ep_epoch3(NODE0) | ep_epoch3(NODE1) | held(NODE0) | locked_epoch4(NODE1) | locked_epoch5(NODE1) | transfer_epoch3(NODE0) | transfer_epoch3(NODE1) | transfer_epoch5(NODE0) | transfer_epoch5(NODE1) | NODE0 = NODE1","15","0-00--0--0---0--------0-0-------00--00","13","38","F","677","0101010120","0101010120","e0h0l0t0","0-00--0--0--","-0","--------0-0-","------00--00","0","5","0","1","0","2","0","4","2","0"
"2040","3","forall NODE1,NODE0. ep_epoch0(NODE0) | ep_epoch0(NODE1) | ep_epoch2(NODE1) | ep_epoch3(NODE1) | ep_epoch4(NODE0) | ep_epoch4(NODE1) | ep_epoch5(NODE1) | held(NODE0) | transfer_epoch3(NODE0) | transfer_epoch3(NODE1) | transfer_epoch4(NODE0) | transfer_epoch4(NODE1) | NODE0 = NODE1","15","0-00000---0--0------------------0000--","13","37","F","48","0101000120","0101000120","e0h0t0","0-00000---0-","-0","------------","------0000--","0","7","0","1","0","0","0","4","2","0"
"2041","4","forall NODE1,NODE0. ep_epoch0(NODE0) | ep_epoch0(NODE1) | ep_epoch2(NODE1) | ep_epoch3(NODE1) | ep_epoch4(NODE0) | ep_epoch4(NODE1) | held(NODE0) | locked_epoch5(NODE1) | transfer_epoch3(NODE0) | transfer_epoch3(NODE1) | transfer_epoch4(NODE0) | transfer_epoch4(NODE1) | NODE0 = NODE1","15","0-000-0---0--0----------0-------0000--","13","38","F","677","0101010120","0101010120","e0h0l0t0","0-000-0---0-","-0","----------0-","------0000--","0","6","0","1","0","1","0","4","2","0"
"2042","4","forall NODE1,NODE0. ep_epoch0(NODE0) | ep_epoch0(NODE1) | ep_epoch2(NODE1) | ep_epoch3(NODE1) | ep_epoch4(NODE1) | ep_epoch5(NODE1) | held(NODE0) | locked_epoch4(NODE0) | transfer_epoch3(NODE0) | transfer_epoch3(NODE1) | transfer_epoch4(NODE0) | transfer_epoch4(NODE1) | NODE0 = NODE1","15","0-00000------0---------0--------0000--","13","38","F","677","0101010120","0101010120","e0h0l0t0","0-00000-----","-0","---------0--","------0000--","0","6","0","1","0","1","0","4","2","0"
"2043","4","forall NODE1,NODE0. ep_epoch0(NODE0) | ep_epoch0(NODE1) | ep_epoch2(NODE1) | ep_epoch3(NODE1) | ep_epoch4(NODE1) | held(NODE0) | locked_epoch4(NODE0) | locked_epoch5(NODE1) | transfer_epoch3(NODE0) | transfer_epoch3(NODE1) | transfer_epoch4(NODE0) | transfer_epoch4(NODE1) | NODE0 = NODE1","15","0-000-0------0---------00-------0000--","13","38","F","677","0101010120","0101010120","e0h0l0t0","0-000-0-----","-0","---------00-","------0000--","0","5","0","1","0","2","0","4","2","0"
"2044","4","forall NODE1,NODE0. ep_epoch0(NODE0) | ep_epoch0(NODE1) | ep_epoch2(NODE1) | ep_epoch4(NODE0) | ep_epoch4(NODE1) | ep_epoch5(NODE1) | held(NODE0) | locked_epoch3(NODE1) | transfer_epoch3(NODE0) | transfer_epoch3(NODE1) | transfer_epoch4(NODE0) | transfer_epoch4(NODE1) | NODE0 = NODE1","15","0-0-000---0--0------0-----------0000--","13","38","F","677","0101010120","0101010120","e0h0l0t0","0-0-000---0-","-0","------0-----","------0000--","0","6","0","1","0","1","0","4","2","0"
"2045","4","forall NODE1,NODE0. ep_epoch0(NODE0) | ep_epoch0(NODE1) | ep_epoch2(NODE1) | ep_epoch4(NODE0) | ep_epoch4(NODE1) | held(NODE0) | locked_epoch3(NODE1) | locked_epoch5(NODE1) | transfer_epoch3(NODE0) | transfer_epoch3(NODE1) | transfer_epoch4(NODE0) | transfer_epoch4(NODE1) | NODE0 = NODE1","15","0-0-0-0---0--0------0---0-------0000--","13","38","F","677","0101010120","0101010120","e0h0l0t0","0-0-0-0---0-","-0","------0---0-","------0000--","0","5","0","1","0","2","0","4","2","0"
"2046","4","forall NODE1,NODE0. ep_epoch0(NODE0) | ep_epoch0(NODE1) | ep_epoch2(NODE1) | ep_epoch4(NODE1) | ep_epoch5(NODE1) | held(NODE0) | locked_epoch3(NODE1) | locked_epoch4(NODE0) | transfer_epoch3(NODE0) | transfer_epoch3(NODE1) | transfer_epoch4(NODE0) | transfer_epoch4(NODE1) | NODE0 = NODE1","15","0-0-000------0------0--0--------0000--","13","38","F","677","0101010120","0101010120","e0h0l0t0","0-0-000-----","-0","------0--0--","------0000--","0","5","0","1","0","2","0","4","2","0"
"2047","4","forall NODE1,NODE0. ep_epoch0(NODE0) | ep_epoch0(NODE1) | ep_epoch2(NODE1) | ep_epoch4(NODE1) | held(NODE0) | locked_epoch3(NODE1) | locked_epoch4(NODE0) | locked_epoch5(NODE1) | transfer_epoch3(NODE0) | transfer_epoch3(NODE1) | transfer_epoch4(NODE0) | transfer_epoch4(NODE1) | NODE0 = NODE1","15","0-0-0-0------0------0--00-------0000--","13","38","F","677","0101010120","0101010120","e0h0l0t0","0-0-0-0-----","-0","------0--00-","------0000--","0","4","0","1","0","3","0","4","2","0"
"2048","4","forall NODE1,NODE0. ep_epoch0(NODE0) | ep_epoch0(NODE1) | ep_epoch3(NODE0) | ep_epoch3(NODE1) | ep_epoch4(NODE1) | ep_epoch5(NODE1) | held(NODE0) | locked_epoch2(NODE1) | transfer_epoch3(NODE0) | transfer_epoch3(NODE1) | transfer_epoch5(NODE0) | transfer_epoch5(NODE1) | NODE0 = NODE1","15","0--0000--0---0----0-------------00--00","13","38","F","677","0101010120","0101010120","e0h0l0t0","0--0000--0--","-0","----0-------","------00--00","0","6","0","1","0","1","0","4","2","0"
"2049","4","forall NODE1,NODE0. ep_epoch0(NODE0) | ep_epoch0(NODE1) | ep_epoch3(NODE0) | ep_epoch3(NODE1) | ep_epoch4(NODE1) | held(NODE0) | locked_epoch2(NODE1) | locked_epoch5(NODE1) | transfer_epoch3(NODE0) | transfer_epoch3(NODE1) | transfer_epoch5(NODE0) | transfer_epoch5(NODE1) | NODE0 = NODE1","15","0--00-0--0---0----0-----0-------00--00","13","38","F","677","0101010120","0101010120","e0h0l0t0","0--00-0--0--","-0","----0-----0-","------00--00","0","5","0","1","0","2","0","4","2","0"
"2050","4","forall NODE1,NODE0. ep_epoch0(NODE0) | ep_epoch0(NODE1) | ep_epoch3(NODE0) | ep_epoch3(NODE1) | ep_epoch5(NODE1) | held(NODE0) | locked_epoch2(NODE1) | locked_epoch4(NODE1) | transfer_epoch3(NODE0) | transfer_epoch3(NODE1) | transfer_epoch5(NODE0) | transfer_epoch5(NODE1) | NODE0 = NODE1","15","0--0-00--0---0----0---0---------00--00","13","38","F","677","0101010120","0101010120","e0h0l0t0","0--0-00--0--","-0","----0---0---","------00--00","0","5","0","1","0","2","0","4","2","0"
"2051","4","forall NODE1,NODE0. ep_epoch0(NODE0) | ep_epoch0(NODE1) | ep_epoch3(NODE0) | ep_epoch3(NODE1) | held(NODE0) | locked_epoch2(NODE1) | locked_epoch4(NODE1) | locked_epoch5(NODE1) | transfer_epoch3(NODE0) | transfer_epoch3(NODE1) | transfer_epoch5(NODE0) | transfer_epoch5(NODE1) | NODE0 = NODE1","15","0--0--0--0--0------0---0-0------00--00","13","38","F","677","0101010120","0101010120","e0h0l0t0","0--0--0--0--","0-","-----0---0-0","------00--00","0","4","0","1","0","3","0","4","2","0"
"2052","4","forall NODE1,NODE0. ep_epoch0(NODE0) | ep_epoch0(NODE1) | ep_epoch3(NODE1) | ep_epoch4(NODE0) | ep_epoch4(NODE1) | ep_epoch5(NODE1) | held(NODE0) | locked_epoch2(NODE1) | transfer_epoch3(NODE0) | transfer_epoch3(NODE1) | transfer_epoch4(NODE0) | transfer_epoch4(NODE1) | NODE0 = NODE1","15","0--0000---0--0----0-------------0000--","13","38","F","677","0101010120","0101010120","e0h0l0t0","0--0000---0-","-0","----0-------","------0000--","0","6","0","1","0","1","0","4","2","0"
"2053","4","forall NODE1,NODE0. ep_epoch0(NODE0) | ep_epoch0(NODE1) | ep_epoch3(NODE1) | ep_epoch4(NODE0) | ep_epoch4(NODE1) | held(NODE0) | locked_epoch2(NODE1) | locked_epoch5(NODE1) | transfer_epoch3(NODE0) | transfer_epoch3(NODE1) | transfer_epoch4(NODE0) | transfer_epoch4(NODE1) | NODE0 = NODE1","15","0--00-0---0--0----0-----0-------0000--","13","38","F","677","0101010120","0101010120","e0h0l0t0","0--00-0---0-","-0","----0-----0-","------0000--","0","5","0","1","0","2","0","4","2","0"
"2054","4","forall NODE1,NODE0. ep_epoch0(NODE0) | ep_epoch0(NODE1) | ep_epoch3(NODE1) | ep_epoch4(NODE1) | ep_epoch5(NODE1) | held(NODE0) | locked_epoch2(NODE1) | locked_epoch4(NODE0) | transfer_epoch3(NODE0) | transfer_epoch3(NODE1) | transfer_epoch4(NODE0) | transfer_epoch4(NODE1) | NODE0 = NODE1","15","0--0000------0----0----0--------0000--","13","38","F","677","0101010120","0101010120","e0h0l0t0","0--0000-----","-0","----0----0--","------0000--","0","5","0","1","0","2","0","4","2","0"
"2055","4","forall NODE1,NODE0. ep_epoch0(NODE0) | ep_epoch0(NODE1) | ep_epoch3(NODE1) | ep_epoch4(NODE1) | held(NODE0) | locked_epoch2(NODE1) | locked_epoch4(NODE0) | locked_epoch5(NODE1) | transfer_epoch3(NODE0) | transfer_epoch3(NODE1) | transfer_epoch4(NODE0) | transfer_epoch4(NODE1) | NODE0 = NODE1","15","0--00-0------0----0----00-------0000--","13","38","F","677","0101010120","0101010120","e0h0l0t0","0--00-0-----","-0","----0----00-","------0000--","0","4","0","1","0","3","0","4","2","0"
"2056","4","forall NODE1,NODE0. ep_epoch0(NODE0) | ep_epoch0(NODE1) | ep_epoch4(NODE0) | ep_epoch4(NODE1) | ep_epoch5(NODE1) | held(NODE0) | locked_epoch2(NODE1) | locked_epoch3(NODE1) | transfer_epoch3(NODE0) | transfer_epoch3(NODE1) | transfer_epoch4(NODE0) | transfer_epoch4(NODE1) | NODE0 = NODE1","15","0---000---0--0----0-0-----------0000--","13","38","F","677","0101010120","0101010120","e0h0l0t0","0---000---0-","-0","----0-0-----","------0000--","0","5","0","1","0","2","0","4","2","0"
"2057","4","forall NODE1,NODE0. ep_epoch0(NODE0) | ep_epoch0(NODE1) | ep_epoch4(NODE0) | ep_epoch4(NODE1) | held(NODE0) | locked_epoch2(NODE1) | locked_epoch3(NODE1) | locked_epoch5(NODE1) | transfer_epoch3(NODE0) | transfer_epoch3(NODE1) | transfer_epoch4(NODE0) | transfer_epoch4(NODE1) | NODE0 = NODE1","15","0---0-0---0-0------0-0---0------0000--","13","38","F","677","0101010120","0101010120","e0h0l0t0","0---0-0---0-","0-","-----0-0---0","------0000--","0","4","0","1","0","3","0","4","2","0"
"2058","4","forall NODE1,NODE0. ep_epoch0(NODE0) | ep_epoch0(NODE1) | ep_epoch4(NODE1) | ep_epoch5(NODE1) | held(NODE0) | locked_epoch2(NODE1) | locked_epoch3(NODE1) | locked_epoch4(NODE0) | transfer_epoch3(NODE0) | transfer_epoch3(NODE1) | transfer_epoch4(NODE0) | transfer_epoch4(NODE1) | NODE0 = NODE1","15","0---000------0----0-0--0--------0000--","13","38","F","677","0101010120","0101010120","e0h0l0t0","0---000-----","-0","----0-0--0--","------0000--","0","4","0","1","0","3","0","4","2","0"
"2059","4","forall NODE1,NODE0. ep_epoch0(NODE0) | ep_epoch0(NODE1) | ep_epoch4(NODE1) | held(NODE0) | locked_epoch2(NODE1) | locked_epoch3(NODE1) | locked_epoch4(NODE0) | locked_epoch5(NODE1) | transfer_epoch3(NODE0) | transfer_epoch3(NODE1) | transfer_epoch4(NODE0) | transfer_epoch4(NODE1) | NODE0 = NODE1","15","0---0-0------0----0-0--00-------0000--","13","38","F","677","0101010120","0101010120","e0h0l0t0","0---0-0-----","-0","----0-0--00-","------0000--","0","3","0","1","0","4","0","4","2","0"
"2060","3","forall NODE1,NODE0. ep_epoch0(NODE0) | ep_epoch1(NODE0) | ep_epoch3(NODE1) | ep_epoch4(NODE1) | ep_epoch5(NODE1) | held(NODE0) | transfer_epoch3(NODE0) | transfer_epoch3(NODE1) | transfer_epoch4(NODE0) | transfer_epoch4(NODE1) | transfer_epoch5(NODE0) | transfer_epoch5(NODE1) | NODE0 = NODE1","15","00-------0000-------------------000000","13","37","F","48","0101000120","0101000120","e0h0t0","00-------000","0-","------------","------000000","0","5","0","1","0","0","0","6","2","0"
"2061","4","forall NODE1,NODE0. ep_epoch0(NODE0) | ep_epoch1(NODE0) | ep_epoch3(NODE1) | ep_epoch4(NODE1) | held(NODE0) | locked_epoch5(NODE1) | transfer_epoch3(NODE0) | transfer_epoch3(NODE1) | transfer_epoch4(NODE0) | transfer_epoch4(NODE1) | transfer_epoch5(NODE0) | transfer_epoch5(NODE1) | NODE0 = NODE1","15","00-------00-0------------0------000000","13","38","F","677","0101010120","0101010120","e0h0l0t0","00-------00-","0-","-----------0","------000000","0","4","0","1","0","1","0","6","2","0"
"2062","4","forall NODE1,NODE0. ep_epoch0(NODE0) | ep_epoch1(NODE0) | ep_epoch3(NODE1) | ep_epoch5(NODE1) | held(NODE0) | locked_epoch4(NODE1) | transfer_epoch3(NODE0) | transfer_epoch3(NODE1) | transfer_epoch4(NODE0) | transfer_epoch4(NODE1) | transfer_epoch5(NODE0) | transfer_epoch5(NODE1) | NODE0 = NODE1","15","00-------0-00----------0--------000000","13","38","F","677","0101010120","0101010120","e0h0l0t0","00-------0-0","0-","---------0--","------000000","0","4","0","1","0","1","0","6","2","0"
"2063","4","forall NODE1,NODE0. ep_epoch0(NODE0) | ep_epoch1(NODE0) | ep_epoch3(NODE1) | held(NODE0) | locked_epoch4(NODE1) | locked_epoch5(NODE1) | transfer_epoch3(NODE0) | transfer_epoch3(NODE1) | transfer_epoch4(NODE0) | transfer_epoch4(NODE1) | transfer_epoch5(NODE0) | transfer_epoch5(NODE1) | NODE0 = NODE1","15","00-------0--0----------0-0------000000","13","38","F","677","0101010120","0101010120","e0h0l0t0","00-------0--","0-","---------0-0","------000000","0","3","0","1","0","2","0","6","2","0"
"2064","4","forall NODE1,NODE0. ep_epoch0(NODE0) | ep_epoch1(NODE0) | ep_epoch4(NODE1) | ep_epoch5(NODE1) | held(NODE0) | locked_epoch3(NODE1) | transfer_epoch3(NODE0) | transfer_epoch3(NODE1) | transfer_epoch4(NODE0) | transfer_epoch4(NODE1) | transfer_epoch5(NODE0) | transfer_epoch5(NODE1) | NODE0 = NODE1","15","00--------000--------0----------000000","13","38","F","677","0101010120","0101010120","e0h0l0t0","00--------00","0-","-------0----","------000000","0","4","0","1","0","1","0","6","2","0"
"2065","4","forall NODE1,NODE0. ep_epoch0(NODE0) | ep_epoch1(NODE0) | ep_epoch4(NODE1) | held(NODE0) | locked_epoch3(NODE1) | locked_epoch5(NODE1) | transfer_epoch3(NODE0) | transfer_epoch3(NODE1) | transfer_epoch4(NODE0) | transfer_epoch4(NODE1) | transfer_epoch5(NODE0) | transfer_epoch5(NODE1) | NODE0 = NODE1","15","00--------0-0--------0---0------000000","13","38","F","677","0101010120","0101010120","e0h0l0t0","00--------0-","0-","-------0---0","------000000","0","3","0","1","0","2","0","6","2","0"
"2066","4","forall NODE1,NODE0. ep_epoch0(NODE0) | ep_epoch1(NODE0) | ep_epoch5(NODE1) | held(NODE0) | locked_epoch3(NODE1) | locked_epoch4(NODE1) | transfer_epoch3(NODE0) | transfer_epoch3(NODE1) | transfer_epoch4(NODE0) | transfer_epoch4(NODE1) | transfer_epoch5(NODE0) | transfer_epoch5(NODE1) | NODE0 = NODE1","15","00---------00--------0-0--------000000","13","38","F","677","0101010120","0101010120","e0h0l0t0","00---------0","0-","-------0-0--","------000000","0","3","0","1","0","2","0","6","2","0"
"2067","4","forall NODE1,NODE0. ep_epoch0(NODE0) | ep_epoch1(NODE0) | held(NODE0) | locked_epoch3(NODE1) | locked_epoch4(NODE1) | locked_epoch5(NODE1) | transfer_epoch3(NODE0) | transfer_epoch3(NODE1) | transfer_epoch4(NODE0) | transfer_epoch4(NODE1) | transfer_epoch5(NODE0) | transfer_epoch5(NODE1) | NODE0 = NODE1","15","00----------0--------0-0-0------000000","13","38","F","677","0101010120","0101010120","e0h0l0t0","00----------","0-","-------0-0-0","------000000","0","2","0","1","0","3","0","6","2","0"
"2068","3","forall NODE1,NODE0. ep_epoch0(NODE0) | ep_epoch2(NODE0) | ep_epoch2(NODE1) | ep_epoch3(NODE0) | ep_epoch3(NODE1) | ep_epoch4(NODE1) | ep_epoch5(NODE1) | held(NODE0) | transfer_epoch2(NODE0) | transfer_epoch2(NODE1) | transfer_epoch5(NODE0) | transfer_epoch5(NODE1) | NODE0 = NODE1","15","0-00----00000-----------------00----00","13","37","F","48","0101000120","0101000120","e0h0t0","0-00----0000","0-","------------","----00----00","0","7","0","1","0","0","0","4","2","0"
"2069","4","forall NODE1,NODE0. ep_epoch0(NODE0) | ep_epoch2(NODE0) | ep_epoch2(NODE1) | ep_epoch3(NODE0) | ep_epoch3(NODE1) | ep_epoch4(NODE1) | held(NODE0) | locked_epoch5(NODE1) | transfer_epoch2(NODE0) | transfer_epoch2(NODE1) | transfer_epoch5(NODE0) | transfer_epoch5(NODE1) | NODE0 = NODE1","15","0-00----000-0------------0----00----00","13","38","F","677","0101010120","0101010120","e0h0l0t0","0-00----000-","0-","-----------0","----00----00","0","6","0","1","0","1","0","4","2","0"
"2070","4","forall NODE1,NODE0. ep_epoch0(NODE0) | ep_epoch2(NODE0) | ep_epoch2(NODE1) | ep_epoch3(NODE0) | ep_epoch3(NODE1) | ep_epoch5(NODE1) | held(NODE0) | locked_epoch4(NODE1) | transfer_epoch2(NODE0) | transfer_epoch2(NODE1) | transfer_epoch5(NODE0) | transfer_epoch5(NODE1) | NODE0 = NODE1","15","0-00----00-00----------0------00----00","13","38","F","677","0101010120","0101010120","e0h0l0t0","0-00----00-0","0-","---------0--","----00----00","0","6","0","1","0","1","0","4","2","0"
"2071","4","forall NODE1,NODE0. ep_epoch0(NODE0) | ep_epoch2(NODE0) | ep_epoch2(NODE1) | ep_epoch3(NODE0) | ep_epoch3(NODE1) | held(NODE0) | locked_epoch4(NODE1) | locked_epoch5(NODE1) | transfer_epoch2(NODE0) | transfer_epoch2(NODE1) | transfer_epoch5(NODE0) | transfer_epoch5(NODE1) | NODE0 = NODE1","15","0-00----00--0----------0-0----00----00","13","38","F","677","0101010120","0101010120","e0h0l0t0","0-00----00--","0-","---------0-0","----00----00","0","5","0","1","0","2","0","4","2","0"
"2072","3","forall NODE1,NODE0. ep_epoch0(NODE0) | ep_epoch2(NODE0) | ep_epoch2(NODE1) | ep_epoch3(NODE1) | ep_epoch4(NODE0) | ep_epoch4(NODE1) | ep_epoch5(NODE1) | held(NODE0) | transfer_epoch2(NODE0) | transfer_epoch2(NODE1) | transfer_epoch4(NODE0) | transfer_epoch4(NODE1) | NODE0 = NODE1","15","0-0-0---00000-----------------00--00--","13","37","F","48","0101000120","0101000120","e0h0t0","0-0-0---0000","0-","------------","----00--00--","0","7","0","1","0","0","0","4","2","0"
"2073","4","forall NODE1,NODE0. ep_epoch0(NODE0) | ep_epoch2(NODE0) | ep_epoch2(NODE1) | ep_epoch3(NODE1) | ep_epoch4(NODE0) | ep_epoch4(NODE1) | held(NODE0) | locked_epoch5(NODE1) | transfer_epoch2(NODE0) | transfer_epoch2(NODE1) | transfer_epoch4(NODE0) | transfer_epoch4(NODE1) | NODE0 = NODE1","15","0-0-0---000-0------------0----00--00--","13","38","F","677","0101010120","0101010120","e0h0l0t0","0-0-0---000-","0-","-----------0","----00--00--","0","6","0","1","0","1","0","4","2","0"
"2074","4","forall NODE1,NODE0. ep_epoch0(NODE0) | ep_epoch2(NODE0) | ep_epoch2(NODE1) | ep_epoch3(NODE1) | ep_epoch4(NODE1) | ep_epoch5(NODE1) | held(NODE0) | locked_epoch4(NODE0) | transfer_epoch2(NODE0) | transfer_epoch2(NODE1) | transfer_epoch4(NODE0) | transfer_epoch4(NODE1) | NODE0 = NODE1","15","0-0-----00000---------0-------00--00--","13","38","F","677","0101010120","0101010120","e0h0l0t0","0-0-----0000","0-","--------0---","----00--00--","0","6","0","1","0","1","0","4","2","0"
"2075","4","forall NODE1,NODE0. ep_epoch0(NODE0) | ep_epoch2(NODE0) | ep_epoch2(NODE1) | ep_epoch3(NODE1) | ep_epoch4(NODE1) | held(NODE0) | locked_epoch4(NODE0) | locked_epoch5(NODE1) | transfer_epoch2(NODE0) | transfer_epoch2(NODE1) | transfer_epoch4(NODE0) | transfer_epoch4(NODE1) | NODE0 = NODE1","15","0-0-----000-0---------0--0----00--00--","13","38","F","677","0101010120","0101010120","e0h0l0t0","0-0-----000-","0-","--------0--0","----00--00--","0","5","0","1","0","2","0","4","2","0"
"2076","4","forall NODE1,NODE0. ep_epoch0(NODE0) | ep_epoch2(NODE0) | ep_epoch2(NODE1) | ep_epoch4(NODE0) | ep_epoch4(NODE1) | ep_epoch5(NODE1) | held(NODE0) | locked_epoch3(NODE1) | transfer_epoch2(NODE0) | transfer_epoch2(NODE1) | transfer_epoch4(NODE0) | transfer_epoch4(NODE1) | NODE0 = NODE1","15","0-0-0---0-000--------0--------00--00--","13","38","F","677","0101010120","0101010120","e0h0l0t0","0-0-0---0-00","0-","-------0----","----00--00--","0","6","0","1","0","1","0","4","2","0"
"2077","4","forall NODE1,NODE0. ep_epoch0(NODE0) | ep_epoch2(NODE0) | ep_epoch2(NODE1) | ep_epoch4(NODE0) | ep_epoch4(NODE1) | held(NODE0) | locked_epoch3(NODE1) | locked_epoch5(NODE1) | transfer_epoch2(NODE0) | transfer_epoch2(NODE1) | transfer_epoch4(NODE0) | transfer_epoch4(NODE1) | NODE0 = NODE1","15","0-0-0---0-0-0--------0---0----00--00--","13","38","F","677","0101010120","0101010120","e0h0l0t0","0-0-0---0-0-","0-","-------0---0","----00--00--","0","5","0","1","0","2","0","4","2","0"
"2078","4","forall NODE1,NODE0. ep_epoch0(NODE0) | ep_epoch2(NODE0) | ep_epoch2(NODE1) | ep_epoch4(NODE1) | ep_epoch5(NODE1) | held(NODE0) | locked_epoch3(NODE1) | locked_epoch4(NODE0) | transfer_epoch2(NODE0) | transfer_epoch2(NODE1) | transfer_epoch4(NODE0) | transfer_epoch4(NODE1) | NODE0 = NODE1","15","0-0-----0-000--------00-------00--00--","13","38","F","677","0101010120","0101010120","e0h0l0t0","0-0-----0-00","0-","-------00---","----00--00--","0","5","0","1","0","2","0","4","2","0"
"2079","4","forall NODE1,NODE0. ep_epoch0(NODE0) | ep_epoch2(NODE0) | ep_epoch2(NODE1) | ep_epoch4(NODE1) | held(NODE0) | locked_epoch3(NODE1) | locked_epoch4(NODE0) | locked_epoch5(NODE1) | transfer_epoch2(NODE0) | transfer_epoch2(NODE1) | transfer_epoch4(NODE0) | transfer_epoch4(NODE1) | NODE0 = NODE1","15","0-0-----0-0-0--------00--0----00--00--","13","38","F","677","0101010120","0101010120","e0h0l0t0","0-0-----0-0-","0-","-------00--0","----00--00--","0","4","0","1","0","3","0","4","2","0"
"2080","4","forall NODE1,NODE0. ep_epoch0(NODE0) | ep_epoch2(NODE0) | ep_epoch4(NODE1) | ep_epoch5(NODE1) | held(NODE0) | locked_epoch2(NODE1) | transfer_epoch2(NODE0) | transfer_epoch2(NODE1) | transfer_epoch4(NODE0) | transfer_epoch4(NODE1) | transfer_epoch5(NODE0) | transfer_epoch5(NODE1) | NODE0 = NODE1","15","0-0-------000------0----------00--0000","13","38","F","677","0101010120","0101010120","e0h0l0t0","0-0-------00","0-","-----0------","----00--0000","0","4","0","1","0","1","0","6","2","0"
"2081","4","forall NODE1,NODE0. ep_epoch0(NODE0) | ep_epoch2(NODE0) | ep_epoch4(NODE1) | held(NODE0) | locked_epoch2(NODE1) | locked_epoch5(NODE1) | transfer_epoch2(NODE0) | transfer_epoch2(NODE1) | transfer_epoch4(NODE0) | transfer_epoch4(NODE1) | transfer_epoch5(NODE0) | transfer_epoch5(NODE1) | NODE0 = NODE1","15","0-0-------0-0------0-----0----00--0000","13","38","F","677","0101010120","0101010120","e0h0l0t0","0-0-------0-","0-","-----0-----0","----00--0000","0","3","0","1","0","2","0","6","2","0"
"2082","4","forall NODE1,NODE0. ep_epoch0(NODE0) | ep_epoch2(NODE0) | ep_epoch5(NODE1) | held(NODE0) | locked_epoch2(NODE1) | locked_epoch4(NODE1) | transfer_epoch2(NODE0) | transfer_epoch2(NODE1) | transfer_epoch4(NODE0) | transfer_epoch4(NODE1) | transfer_epoch5(NODE0) | transfer_epoch5(NODE1) | NODE0 = NODE1","15","0-0--------00------0---0------00--0000","13","38","F","677","0101010120","0101010120","e0h0l0t0","0-0--------0","0-","-----0---0--","----00--0000","0","3","0","1","0","2","0","6","2","0"
"2083","4","forall NODE1,NODE0. ep_epoch0(NODE0) | ep_epoch2(NODE0) | held(NODE0) | locked_epoch2(NODE1) | locked_epoch4(NODE1) | locked_epoch5(NODE1) | transfer_epoch2(NODE0) | transfer_epoch2(NODE1) | transfer_epoch4(NODE0) | transfer_epoch4(NODE1) | transfer_epoch5(NODE0) | transfer_epoch5(NODE1) | NODE0 = NODE1","15","0-0---------0------0---0-0----00--0000","13","38","F","677","0101010120","0101010120","e0h0l0t0","0-0---------","0-","-----0---0-0","----00--0000","0","2","0","1","0","3","0","6","2","0"
"2084","3","forall NODE1,NODE0. ep_epoch0(NODE0) | ep_epoch2(NODE1) | ep_epoch3(NODE0) | ep_epoch3(NODE1) | ep_epoch4(NODE0) | ep_epoch4(NODE1) | ep_epoch5(NODE1) | held(NODE0) | transfer_epoch2(NODE0) | transfer_epoch2(NODE1) | transfer_epoch3(NODE0) | transfer_epoch3(NODE1) | NODE0 = NODE1","15","0--00---00000-----------------0000----","13","37","F","48","0101000120","0101000120","e0h0t0","0--00---0000","0-","------------","----0000----","0","7","0","1","0","0","0","4","2","0"
"2085","4","forall NODE1,NODE0. ep_epoch0(NODE0) | ep_epoch2(NODE1) | ep_epoch3(NODE0) | ep_epoch3(NODE1) | ep_epoch4(NODE0) | ep_epoch4(NODE1) | held(NODE0) | locked_epoch5(NODE1) | transfer_epoch2(NODE0) | transfer_epoch2(NODE1) | transfer_epoch3(NODE0) | transfer_epoch3(NODE1) | NODE0 = NODE1","15","0--00---000-0------------0----0000----","13","38","F","677","0101010120","0101010120","e0h0l0t0","0--00---000-","0-","-----------0","----0000----","0","6","0","1","0","1","0","4","2","0"
"2086","4","forall NODE1,NODE0. ep_epoch0(NODE0) | ep_epoch2(NODE1) | ep_epoch3(NODE0) | ep_epoch3(NODE1) | ep_epoch4(NODE1) | ep_epoch5(NODE1) | held(NODE0) | locked_epoch4(NODE0) | transfer_epoch2(NODE0) | transfer_epoch2(NODE1) | transfer_epoch3(NODE0) | transfer_epoch3(NODE1) | NODE0 = NODE1","15","0--0----00000---------0-------0000----","13","38","F","677","0101010120","0101010120","e0h0l0t0","0--0----0000","0-","--------0---","----0000----","0","6","0","1","0","1","0","4","2","0"
"2087","4","forall NODE1,NODE0. ep_epoch0(NODE0) | ep_epoch2(NODE1) | ep_epoch3(NODE0) | ep_epoch3(NODE1) | ep_epoch4(NODE1) | held(NODE0) | locked_epoch4(NODE0) | locked_epoch5(NODE1) | transfer_epoch2(NODE0) | transfer_epoch2(NODE1) | transfer_epoch3(NODE0) | transfer_epoch3(NODE1) | NODE0 = NODE1","15","0--0----000-0---------0--0----0000----","13","38","F","677","0101010120","0101010120","e0h0l0t0","0--0----000-","0-","--------0--0","----0000----","0","5","0","1","0","2","0","4","2","0"
"2088","4","forall NODE1,NODE0. ep_epoch0(NODE0) | ep_epoch2(NODE1) | ep_epoch3(NODE0) | ep_epoch5(NODE1) | held(NODE0) | locked_epoch3(NODE1) | transfer_epoch2(NODE0) | transfer_epoch2(NODE1) | transfer_epoch3(NODE0) | transfer_epoch3(NODE1) | transfer_epoch5(NODE0) | transfer_epoch5(NODE1) | NODE0 = NODE1","15","0--0----0--00--------0--------0000--00","13","38","F","677","0101010120","0101010120","e0h0l0t0","0--0----0--0","0-","-------0----","----0000--00","0","4","0","1","0","1","0","6","2","0"
"2089","4","forall NODE1,NODE0. ep_epoch0(NODE0) | ep_epoch2(NODE1) | ep_epoch3(NODE0) | held(NODE0) | locked_epoch3(NODE1) | locked_epoch5(NODE1) | transfer_epoch2(NODE0) | transfer_epoch2(NODE1) | transfer_epoch3(NODE0) | transfer_epoch3(NODE1) | transfer_epoch5(NODE0) | transfer_epoch5(NODE1) | NODE0 = NODE1","15","0--0----0---0--------0---0----0000--00","13","38","F","677","0101010120","0101010120","e0h0l0t0","0--0----0---","0-","-------0---0","----0000--00","0","3","0","1","0","2","0","6","2","0"
"2090","4","forall NODE1,NODE0. ep_epoch0(NODE0) | ep_epoch2(NODE1) | ep_epoch3(NODE1) | ep_epoch4(NODE0) | held(NODE0) | locked_epoch4(NODE1) | transfer_epoch2(NODE0) | transfer_epoch2(NODE1) | transfer_epoch3(NODE0) | transfer_epoch3(NODE1) | transfer_epoch4(NODE0) | transfer_epoch4(NODE1) | NODE0 = NODE1","15","0---0---00--0----------0------000000--","13","38","F","677","0101010120","0101010120","e0h0l0t0","0---0---00--","0-","---------0--","----000000--","0","4","0","1","0","1","0","6","2","0"
"2091","4","forall NODE1,NODE0. ep_epoch0(NODE0) | ep_epoch2(NODE1) | ep_epoch3(NODE1) | held(NODE0) | locked_epoch4(NODE0) | locked_epoch4(NODE1) | transfer_epoch2(NODE0) | transfer_epoch2(NODE1) | transfer_epoch3(NODE0) | transfer_epoch3(NODE1) | transfer_epoch4(NODE0) | transfer_epoch4(NODE1) | NODE0 = NODE1","15","0-------00--0---------00------000000--","13","38","F","677","0101010120","0101010120","e0h0l0t0","0-------00--","0-","--------00--","----000000--","0","3","0","1","0","2","0","6","2","0"
"2092","4","forall NODE1,NODE0. ep_epoch0(NODE0) | ep_epoch2(NODE1) | ep_epoch4(NODE0) | held(NODE0) | locked_epoch3(NODE1) | locked_epoch4(NODE1) | transfer_epoch2(NODE0) | transfer_epoch2(NODE1) | transfer_epoch3(NODE0) | transfer_epoch3(NODE1) | transfer_epoch4(NODE0) | transfer_epoch4(NODE1) | NODE0 = NODE1","15","0---0---0---0--------0-0------000000--","13","38","F","677","0101010120","0101010120","e0h0l0t0","0---0---0---","0-","-------0-0--","----000000--","0","3","0","1","0","2","0","6","2","0"
"2093","4","forall NODE1,NODE0. ep_epoch0(NODE0) | ep_epoch2(NODE1) | held(NODE0) | locked_epoch3(NODE1) | locked_epoch4(NODE0) | locked_epoch4(NODE1) | transfer_epoch2(NODE0) | transfer_epoch2(NODE1) | transfer_epoch3(NODE0) | transfer_epoch3(NODE1) | transfer_epoch4(NODE0) | transfer_epoch4(NODE1) | NODE0 = NODE1","15","0-------0---0--------000------000000--","13","38","F","677","0101010120","0101010120","e0h0l0t0","0-------0---","0-","-------000--","----000000--","0","2","0","1","0","3","0","6","2","0"
"2094","4","forall NODE1,NODE0. ep_epoch0(NODE0) | ep_epoch3(NODE0) | ep_epoch3(NODE1) | ep_epoch4(NODE0) | ep_epoch4(NODE1) | ep_epoch5(NODE1) | held(NODE0) | locked_epoch2(NODE1) | transfer_epoch2(NODE0) | transfer_epoch2(NODE1) | transfer_epoch3(NODE0) | transfer_epoch3(NODE1) | NODE0 = NODE1","15","0--00----0000------0----------0000----","13","38","F","677","0101010120","0101010120","e0h0l0t0","0--00----000","0-","-----0------","----0000----","0","6","0","1","0","1","0","4","2","0"
"2095","4","forall NODE1,NODE0. ep_epoch0(NODE0) | ep_epoch3(NODE0) | ep_epoch3(NODE1) | ep_epoch4(NODE0) | ep_epoch4(NODE1) | held(NODE0) | locked_epoch2(NODE1) | locked_epoch5(NODE1) | transfer_epoch2(NODE0) | transfer_epoch2(NODE1) | transfer_epoch3(NODE0) | transfer_epoch3(NODE1) | NODE0 = NODE1","15","0--00----00-0------0-----0----0000----","13","38","F","677","0101010120","0101010120","e0h0l0t0","0--00----00-","0-","-----0-----0","----0000----","0","5","0","1","0","2","0","4","2","0"
"2096","4","forall NODE1,NODE0. ep_epoch0(NODE0) | ep_epoch3(NODE0) | ep_epoch3(NODE1) | ep_epoch4(NODE1) | ep_epoch5(NODE1) | held(NODE0) | locked_epoch2(NODE1) | locked_epoch4(NODE0) | transfer_epoch2(NODE0) | transfer_epoch2(NODE1) | transfer_epoch3(NODE0) | transfer_epoch3(NODE1) | NODE0 = NODE1","15","0--0-----0000------0--0-------0000----","13","38","F","677","0101010120","0101010120","e0h0l0t0","0--0-----000","0-","-----0--0---","----0000----","0","5","0","1","0","2","0","4","2","0"
"2097","4","forall NODE1,NODE0. ep_epoch0(NODE0) | ep_epoch3(NODE0) | ep_epoch3(NODE1) | ep_epoch4(NODE1) | held(NODE0) | locked_epoch2(NODE1) | locked_epoch4(NODE0) | locked_epoch5(NODE1) | transfer_epoch2(NODE0) | transfer_epoch2(NODE1) | transfer_epoch3(NODE0) | transfer_epoch3(NODE1) | NODE0 = NODE1","15","0--0-----00-0------0--0--0----0000----","13","38","F","677","0101010120","0101010120","e0h0l0t0","0--0-----00-","0-","-----0--0--0","----0000----","0","4","0","1","0","3","0","4","2","0"
"2098","4","forall NODE1,NODE0. ep_epoch0(NODE0) | ep_epoch3(NODE0) | ep_epoch5(NODE1) | held(NODE0) | locked_epoch2(NODE1) | locked_epoch3(NODE1) | transfer_epoch2(NODE0) | transfer_epoch2(NODE1) | transfer_epoch3(NODE0) | transfer_epoch3(NODE1) | transfer_epoch5(NODE0) | transfer_epoch5(NODE1) | NODE0 = NODE1","15","0--0-------00------0-0--------0000--00","13","38","F","677","0101010120","0101010120","e0h0l0t0","0--0-------0","0-","-----0-0----","----0000--00","0","3","0","1","0","2","0","6","2","0"
"2099","4","forall NODE1,NODE0. ep_epoch0(NODE0) | ep_epoch3(NODE0) | held(NODE0) | locked_epoch2(NODE1) | locked_epoch3(NODE1) | locked_epoch5(NODE1) | transfer_epoch2(NODE0) | transfer_epoch2(NODE1) | transfer_epoch3(NODE0) | transfer_epoch3(NODE1) | transfer_epoch5(NODE0) | transfer_epoch5(NODE1) | NODE0 = NODE1","15","0--0--------0------0-0---0----0000--00","13","38","F","677","0101010120","0101010120","e0h0l0t0","0--0--------","0-","-----0-0---0","----0000--00","0","2","0","1","0","3","0","6","2","0"
"2100","4","forall NODE1,NODE0. ep_epoch0(NODE0) | ep_epoch3(NODE1) | ep_epoch4(NODE0) | held(NODE0) | locked_epoch2(NODE1) | locked_epoch4(NODE1) | transfer_epoch2(NODE0) | transfer_epoch2(NODE1) | transfer_epoch3(NODE0) | transfer_epoch3(NODE1) | transfer_epoch4(NODE0) | transfer_epoch4(NODE1) | NODE0 = NODE1","15","0---0----0--0------0---0------000000--","13","38","F","677","0101010120","0101010120","e0h0l0t0","0---0----0--","0-","-----0---0--","----000000--","0","3","0","1","0","2","0","6","2","0"
"2101","4","forall NODE1,NODE0. ep_epoch0(NODE0) | ep_epoch3(NODE1) | held(NODE0) | locked_epoch2(NODE1) | locked_epoch4(NODE0) | locked_epoch4(NODE1) | transfer_epoch2(NODE0) | transfer_epoch2(NODE1) | transfer_epoch3(NODE0) | transfer_epoch3(NODE1) | transfer_epoch4(NODE0) | transfer_epoch4(NODE1) | NODE0 = NODE1","15","0--------0--0------0--00------000000--","13","38","F","677","0101010120","0101010120","e0h0l0t0","0--------0--","0-","-----0--00--","----000000--","0","2","0","1","0","3","0","6","2","0"
"2102","4","forall NODE1,NODE0. ep_epoch0(NODE0) | ep_epoch4(NODE0) | held(NODE0) | locked_epoch2(NODE1) | locked_epoch3(NODE1) | locked_epoch4(NODE1) | transfer_epoch2(NODE0) | transfer_epoch2(NODE1) | transfer_epoch3(NODE0) | transfer_epoch3(NODE1) | transfer_epoch4(NODE0) | transfer_epoch4(NODE1) | NODE0 = NODE1","15","0---0-------0------0-0-0------000000--","13","38","F","677","0101010120","0101010120","e0h0l0t0","0---0-------","0-","-----0-0-0--","----000000--","0","2","0","1","0","3","0","6","2","0"
"2103","4","forall NODE1,NODE0. ep_epoch0(NODE0) | held(NODE0) | locked_epoch2(NODE1) | locked_epoch3(NODE1) | locked_epoch4(NODE0) | locked_epoch4(NODE1) | transfer_epoch2(NODE0) | transfer_epoch2(NODE1) | transfer_epoch3(NODE0) | transfer_epoch3(NODE1) | transfer_epoch4(NODE0) | transfer_epoch4(NODE1) | NODE0 = NODE1","15","0-----------0------0-000------000000--","13","38","F","677","0101010120","0101010120","e0h0l0t0","0-----------","0-","-----0-000--","----000000--","0","1","0","1","0","4","0","6","2","0"
"2104","3","forall NODE1,NODE0. ep_epoch1(NODE0) | ep_epoch1(NODE1) | ep_epoch2(NODE0) | ep_epoch2(NODE1) | ep_epoch3(NODE1) | ep_epoch4(NODE1) | ep_epoch5(NODE1) | held(NODE0) | transfer_epoch4(NODE0) | transfer_epoch4(NODE1) | transfer_epoch5(NODE0) | transfer_epoch5(NODE1) | NODE0 = NODE1","15","-00000-00----0--------------------0000","13","37","F","48","0101000120","0101000120","e0h0t0","-00000-00---","-0","------------","--------0000","0","7","0","1","0","0","0","4","2","0"
"2105","4","forall NODE1,NODE0. ep_epoch1(NODE0) | ep_epoch1(NODE1) | ep_epoch2(NODE0) | ep_epoch2(NODE1) | ep_epoch3(NODE1) | ep_epoch4(NODE1) | held(NODE0) | locked_epoch5(NODE1) | transfer_epoch4(NODE0) | transfer_epoch4(NODE1) | transfer_epoch5(NODE0) | transfer_epoch5(NODE1) | NODE0 = NODE1","15","-0000--00----0----------0---------0000","13","38","F","677","0101010120","0101010120","e0h0l0t0","-0000--00---","-0","----------0-","--------0000","0","6","0","1","0","1","0","4","2","0"
"2106","4","forall NODE1,NODE0. ep_epoch1(NODE0) | ep_epoch1(NODE1) | ep_epoch2(NODE0) | ep_epoch2(NODE1) | ep_epoch3(NODE1) | ep_epoch5(NODE1) | held(NODE0) | locked_epoch4(NODE1) | transfer_epoch4(NODE0) | transfer_epoch4(NODE1) | transfer_epoch5(NODE0) | transfer_epoch5(NODE1) | NODE0 = NODE1","15","-000-0-00----0--------0-----------0000","13","38","F","677","0101010120","0101010120","e0h0l0t0","-000-0-00---","-0","--------0---","--------0000","0","6","0","1","0","1","0","4","2","0"
"2107","4","forall NODE1,NODE0. ep_epoch1(NODE0) | ep_epoch1(NODE1) | ep_epoch2(NODE0) | ep_epoch2(NODE1) | ep_epoch3(NODE1) | held(NODE0) | locked_epoch4(NODE1) | locked_epoch5(NODE1) | transfer_epoch4(NODE0) | transfer_epoch4(NODE1) | transfer_epoch5(NODE0) | transfer_epoch5(NODE1) | NODE0 = NODE1","15","-000---00----0--------0-0---------0000","13","38","F","677","0101010120","0101010120","e0h0l0t0","-000---00---","-0","--------0-0-","--------0000","0","5","0","1","0","2","0","4","2","0"
"2108","4","forall NODE1,NODE0. ep_epoch1(NODE0) | ep_epoch1(NODE1) | ep_epoch2(NODE0) | ep_epoch2(NODE1) | ep_epoch4(NODE1) | ep_epoch5(NODE1) | held(NODE0) | locked_epoch3(NODE1) | transfer_epoch4(NODE0) | transfer_epoch4(NODE1) | transfer_epoch5(NODE0) | transfer_epoch5(NODE1) | NODE0 = NODE1","15","-00-00-00----0------0-------------0000","13","38","F","677","0101010120","0101010120","e0h0l0t0","-00-00-00---","-0","------0-----","--------0000","0","6","0","1","0","1","0","4","2","0"
"2109","4","forall NODE1,NODE0. ep_epoch1(NODE0) | ep_epoch1(NODE1) | ep_epoch2(NODE0) | ep_epoch2(NODE1) | ep_epoch4(NODE1) | held(NODE0) | locked_epoch3(NODE1) | locked_epoch5(NODE1) | transfer_epoch4(NODE0) | transfer_epoch4(NODE1) | transfer_epoch5(NODE0) | transfer_epoch5(NODE1) | NODE0 = NODE1","15","-00-0--00----0------0---0---------0000","13","38","F","677","0101010120","0101010120","e0h0l0t0","-00-0--00---","-0","------0---0-","--------0000","0","5","0","1","0","2","0","4","2","0"
"2110","4","forall NODE1,NODE0. ep_epoch1(NODE0) | ep_epoch1(NODE1) | ep_epoch2(NODE0) | ep_epoch2(NODE1) | ep_epoch5(NODE1) | held(NODE0) | locked_epoch3(NODE1) | locked_epoch4(NODE1) | transfer_epoch4(NODE0) | transfer_epoch4(NODE1) | transfer_epoch5(NODE0) | transfer_epoch5(NODE1) | NODE0 = NODE1","15","-00--0-00----0------0-0-----------0000","13","38","F","677","0101010120","0101010120","e0h0l0t0","-00--0-00---","-0","------0-0---","--------0000","0","5","0","1","0","2","0","4","2","0"
"2111","4","forall NODE1,NODE0. ep_epoch1(NODE0) | ep_epoch1(NODE1) | ep_epoch2(NODE0) | ep_epoch2(NODE1) | held(NODE0) | locked_epoch3(NODE1) | locked_epoch4(NODE1) | locked_epoch5(NODE1) | transfer_epoch4(NODE0) | transfer_epoch4(NODE1) | transfer_epoch5(NODE0) | transfer_epoch5(NODE1) | NODE0 = NODE1","15","-00----00---0--------0-0-0--------0000","13","38","F","677","0101010120","0101010120","e0h0l0t0","-00----00---","0-","-------0-0-0","--------0000","0","4","0","1","0","3","0","4","2","0"
"2112","3","forall NODE1,NODE0. ep_epoch1(NODE0) | ep_epoch1(NODE1) | ep_epoch2(NODE1) | ep_epoch3(NODE0) | ep_epoch3(NODE1) | ep_epoch4(NODE1) | ep_epoch5(NODE1) | held(NODE0) | transfer_epoch3(NODE0) | transfer_epoch3(NODE1) | transfer_epoch5(NODE0) | transfer_epoch5(NODE1) | NODE0 = NODE1","15","-00000-0-0---0------------------00--00","13","37","F","48","0101000120","0101000120","e0h0t0","-00000-0-0--","-0","------------","------00--00","0","7","0","1","0","0","0","4","2","0"
"2113","4","forall NODE1,NODE0. ep_epoch1(NODE0) | ep_epoch1(NODE1) | ep_epoch2(NODE1) | ep_epoch3(NODE0) | ep_epoch3(NODE1) | ep_epoch4(NODE1) | held(NODE0) | locked_epoch5(NODE1) | transfer_epoch3(NODE0) | transfer_epoch3(NODE1) | transfer_epoch5(NODE0) | transfer_epoch5(NODE1) | NODE0 = NODE1","15","-0000--0-0---0----------0-------00--00","13","38","F","677","0101010120","0101010120","e0h0l0t0","-0000--0-0--","-0","----------0-","------00--00","0","6","0","1","0","1","0","4","2","0"
"2114","4","forall NODE1,NODE0. ep_epoch1(NODE0) | ep_epoch1(NODE1) | ep_epoch2(NODE1) | ep_epoch3(NODE0) | ep_epoch3(NODE1) | ep_epoch5(NODE1) | held(NODE0) | locked_epoch4(NODE1) | transfer_epoch3(NODE0) | transfer_epoch3(NODE1) | transfer_epoch5(NODE0) | transfer_epoch5(NODE1) | NODE0 = NODE1","15","-000-0-0-0---0--------0---------00--00","13","38","F","677","0101010120","0101010120","e0h0l0t0","-000-0-0-0--","-0","--------0---","------00--00","0","6","0","1","0","1","0","4","2","0"
"2115","4","forall NODE1,NODE0. ep_epoch1(NODE0) | ep_epoch1(NODE1) | ep_epoch2(NODE1) | ep_epoch3(NODE0) | ep_epoch3(NODE1) | held(NODE0) | locked_epoch4(NODE1) | locked_epoch5(NODE1) | transfer_epoch3(NODE0) | transfer_epoch3(NODE1) | transfer_epoch5(NODE0) | transfer_epoch5(NODE1) | NODE0 = NODE1","15","-000---0-0---0--------0-0-------00--00","13","38","F","677","0101010120","0101010120","e0h0l0t0","-000---0-0--","-0","--------0-0-","------00--00","0","5","0","1","0","2","0","4","2","0"
"2116","3","forall NODE1,NODE0. ep_epoch1(NODE0) | ep_epoch1(NODE1) | ep_epoch2(NODE1) | ep_epoch3(NODE1) | ep_epoch4(NODE0) | ep_epoch4(NODE1) | ep_epoch5(NODE1) | held(NODE0) | transfer_epoch3(NODE0) | transfer_epoch3(NODE1) | transfer_epoch4(NODE0) | transfer_epoch4(NODE1) | NODE0 = NODE1","15","-00000-0--0--0------------------0000--","13","37","F","48","0101000120","0101000120","e0h0t0","-00000-0--0-","-0","------------","------0000--","0","7","0","1","0","0","0","4","2","0"
"2117","4","forall NODE1,NODE0. ep_epoch1(NODE0) | ep_epoch1(NODE1) | ep_epoch2(NODE1) | ep_epoch3(NODE1) | ep_epoch4(NODE0) | ep_epoch4(NODE1) | held(NODE0) | locked_epoch5(NODE1) | transfer_epoch3(NODE0) | transfer_epoch3(NODE1) | transfer_epoch4(NODE0) | transfer_epoch4(NODE1) | NODE0 = NODE1","15","-0000--0--0--0----------0-------0000--","13","38","F","677","0101010120","0101010120","e0h0l0t0","-0000--0--0-","-0","----------0-","------0000--","0","6","0","1","0","1","0","4","2","0"
"2118","4","forall NODE1,NODE0. ep_epoch1(NODE0) | ep_epoch1(NODE1) | ep_epoch2(NODE1) | ep_epoch3(NODE1) | ep_epoch4(NODE1) | ep_epoch5(NODE1) | held(NODE0) | locked_epoch4(NODE0) | transfer_epoch3(NODE0) | transfer_epoch3(NODE1) | transfer_epoch4(NODE0) | transfer_epoch4(NODE1) | NODE0 = NODE1","15","-00000-0-----0---------0--------0000--","13","38","F","677","0101010120","0101010120","e0h0l0t0","-00000-0----","-0","---------0--","------0000--","0","6","0","1","0","1","0","4","2","0"
"2119","4","forall NODE1,NODE0. ep_epoch1(NODE0) | ep_epoch1(NODE1) | ep_epoch2(NODE1) | ep_epoch3(NODE1) | ep_epoch4(NODE1) | held(NODE0) | locked_epoch4(NODE0) | locked_epoch5(NODE1) | transfer_epoch3(NODE0) | transfer_epoch3(NODE1) | transfer_epoch4(NODE0) | transfer_epoch4(NODE1) | NODE0 = NODE1","15","-0000--0-----0---------00-------0000--","13","38","F","677","0101010120","0101010120","e0h0l0t0","-0000--0----","-0","---------00-","------0000--","0","5","0","1","0","2","0","4","2","0"
"2120","4","forall NODE1,NODE0. ep_epoch1(NODE0) | ep_epoch1(NODE1) | ep_epoch2(NODE1) | ep_epoch4(NODE0) | ep_epoch4(NODE1) | ep_epoch5(NODE1) | held(NODE0) | locked_epoch3(NODE1) | transfer_epoch3(NODE0) | transfer_epoch3(NODE1) | transfer_epoch4(NODE0) | transfer_epoch4(NODE1) | NODE0 = NODE1","15","-00-00-0--0--0------0-----------0000--","13","38","F","677","0101010120","0101010120","e0h0l0t0","-00-00-0--0-","-0","------0-----","------0000--","0","6","0","1","0","1","0","4","2","0"
"2121","4","forall NODE1,NODE0. ep_epoch1(NODE0) | ep_epoch1(NODE1) | ep_epoch2(NODE1) | ep_epoch4(NODE0) | ep_epoch4(NODE1) | held(NODE0) | locked_epoch3(NODE1) | locked_epoch5(NODE1) | transfer_epoch3(NODE0) | transfer_epoch3(NODE1) | transfer_epoch4(NODE0) | transfer_epoch4(NODE1) | NODE0 = NODE1","15","-00-0--0--0--0------0---0-------0000--","13","38","F","677","0101010120","0101010120","e0h0l0t0","-00-0--0--0-","-0","------0---0-","------0000--","0","5","0","1","0","2","0","4","2","0"
"2122","4","forall NODE1,NODE0. ep_epoch1(NODE0) | ep_epoch1(NODE1) | ep_epoch2(NODE1) | ep_epoch4(NODE1) | ep_epoch5(NODE1) | held(NODE0) | locked_epoch3(NODE1) | locked_epoch4(NODE0) | transfer_epoch3(NODE0) | transfer_epoch3(NODE1) | transfer_epoch4(NODE0) | transfer_epoch4(NODE1) | NODE0 = NODE1","15","-00-00-0-----0------0--0--------0000--","13","38","F","677","0101010120","0101010120","e0h0l0t0","-00-00-0----","-0","------0--0--","------0000--","0","5","0","1","0","2","0","4","2","0"
"2123","4","forall NODE1,NODE0. ep_epoch1(NODE0) | ep_epoch1(NODE1) | ep_epoch2(NODE1) | ep_epoch4(NODE1) | held(NODE0) | locked_epoch3(NODE1) | locked_epoch4(NODE0) | locked_epoch5(NODE1) | transfer_epoch3(NODE0) | transfer_epoch3(NODE1) | transfer_epoch4(NODE0) | transfer_epoch4(NODE1) | NODE0 = NODE1","15","-00-0--0-----0------0--00-------0000--","13","38","F","677","0101010120","0101010120","e0h0l0t0","-00-0--0----","-0","------0--00-","------0000--","0","4","0","1","0","3","0","4","2","0"
"2124","4","forall NODE1,NODE0. ep_epoch1(NODE0) | ep_epoch1(NODE1) | ep_epoch3(NODE0) | ep_epoch3(NODE1) | ep_epoch4(NODE1) | ep_epoch5(NODE1) | held(NODE0) | locked_epoch2(NODE1) | transfer_epoch3(NODE0) | transfer_epoch3(NODE1) | transfer_epoch5(NODE0) | transfer_epoch5(NODE1) | NODE0 = NODE1","15","-0-000-0-0---0----0-------------00--00","13","38","F","677","0101010120","0101010120","e0h0l0t0","-0-000-0-0--","-0","----0-------","------00--00","0","6","0","1","0","1","0","4","2","0"
"2125","4","forall NODE1,NODE0. ep_epoch1(NODE0) | ep_epoch1(NODE1) | ep_epoch3(NODE0) | ep_epoch3(NODE1) | ep_epoch4(NODE1) | held(NODE0) | locked_epoch2(NODE1) | locked_epoch5(NODE1) | transfer_epoch3(NODE0) | transfer_epoch3(NODE1) | transfer_epoch5(NODE0) | transfer_epoch5(NODE1) | NODE0 = NODE1","15","-0-00--0-0---0----0-----0-------00--00","13","38","F","677","0101010120","0101010120","e0h0l0t0","-0-00--0-0--","-0","----0-----0-","------00--00","0","5","0","1","0","2","0","4","2","0"
"2126","4","forall NODE1,NODE0. ep_epoch1(NODE0) | ep_epoch1(NODE1) | ep_epoch3(NODE0) | ep_epoch3(NODE1) | ep_epoch5(NODE1) | held(NODE0) | locked_epoch2(NODE1) | locked_epoch4(NODE1) | transfer_epoch3(NODE0) | transfer_epoch3(NODE1) | transfer_epoch5(NODE0) | transfer_epoch5(NODE1) | NODE0 = NODE1","15","-0-0-0-0-0---0----0---0---------00--00","13","38","F","677","0101010120","0101010120","e0h0l0t0","-0-0-0-0-0--","-0","----0---0---","------00--00","0","5","0","1","0","2","0","4","2","0"
"2127","4","forall NODE1,NODE0. ep_epoch1(NODE0) | ep_epoch1(NODE1) | ep_epoch3(NODE0) | ep_epoch3(NODE1) | held(NODE0) | locked_epoch2(NODE1) | locked_epoch4(NODE1) | locked_epoch5(NODE1) | transfer_epoch3(NODE0) | transfer_epoch3(NODE1) | transfer_epoch5(NODE0) | transfer_epoch5(NODE1) | NODE0 = NODE1","15","-0-0---0-0--0------0---0-0------00--00","13","38","F","677","0101010120","0101010120","e0h0l0t0","-0-0---0-0--","0-","-----0---0-0","------00--00","0","4","0","1","0","3","0","4","2","0"
"2128","4","forall NODE1,NODE0. ep_epoch1(NODE0) | ep_epoch1(NODE1) | ep_epoch3(NODE1) | ep_epoch4(NODE0) | ep_epoch4(NODE1) | ep_epoch5(NODE1) | held(NODE0) | locked_epoch2(NODE1) | transfer_epoch3(NODE0) | transfer_epoch3(NODE1) | transfer_epoch4(NODE0) | transfer_epoch4(NODE1) | NODE0 = NODE1","15","-0-000-0--0--0----0-------------0000--","13","38","F","677","0101010120","0101010120","e0h0l0t0","-0-000-0--0-","-0","----0-------","------0000--","0","6","0","1","0","1","0","4","2","0"
"2129","4","forall NODE1,NODE0. ep_epoch1(NODE0) | ep_epoch1(NODE1) | ep_epoch3(NODE1) | ep_epoch4(NODE0) | ep_epoch4(NODE1) | held(NODE0) | locked_epoch2(NODE1) | locked_epoch5(NODE1) | transfer_epoch3(NODE0) | transfer_epoch3(NODE1) | transfer_epoch4(NODE0) | transfer_epoch4(NODE1) | NODE0 = NODE1","15","-0-00--0--0--0----0-----0-------0000--","13","38","F","677","0101010120","0101010120","e0h0l0t0","-0-00--0--0-","-0","----0-----0-","------0000--","0","5","0","1","0","2","0","4","2","0"
"2130","4","forall NODE1,NODE0. ep_epoch1(NODE0) | ep_epoch1(NODE1) | ep_epoch3(NODE1) | ep_epoch4(NODE1) | ep_epoch5(NODE1) | held(NODE0) | locked_epoch2(NODE1) | locked_epoch4(NODE0) | transfer_epoch3(NODE0) | transfer_epoch3(NODE1) | transfer_epoch4(NODE0) | transfer_epoch4(NODE1) | NODE0 = NODE1","15","-0-000-0-----0----0----0--------0000--","13","38","F","677","0101010120","0101010120","e0h0l0t0","-0-000-0----","-0","----0----0--","------0000--","0","5","0","1","0","2","0","4","2","0"
"2131","4","forall NODE1,NODE0. ep_epoch1(NODE0) | ep_epoch1(NODE1) | ep_epoch3(NODE1) | ep_epoch4(NODE1) | held(NODE0) | locked_epoch2(NODE1) | locked_epoch4(NODE0) | locked_epoch5(NODE1) | transfer_epoch3(NODE0) | transfer_epoch3(NODE1) | transfer_epoch4(NODE0) | transfer_epoch4(NODE1) | NODE0 = NODE1","15","-0-00--0-----0----0----00-------0000--","13","38","F","677","0101010120","0101010120","e0h0l0t0","-0-00--0----","-0","----0----00-","------0000--","0","4","0","1","0","3","0","4","2","0"
"2132","4","forall NODE1,NODE0. ep_epoch1(NODE0) | ep_epoch1(NODE1) | ep_epoch4(NODE0) | ep_epoch4(NODE1) | ep_epoch5(NODE1) | held(NODE0) | locked_epoch2(NODE1) | locked_epoch3(NODE1) | transfer_epoch3(NODE0) | transfer_epoch3(NODE1) | transfer_epoch4(NODE0) | transfer_epoch4(NODE1) | NODE0 = NODE1","15","-0--00-0--0--0----0-0-----------0000--","13","38","F","677","0101010120","0101010120","e0h0l0t0","-0--00-0--0-","-0","----0-0-----","------0000--","0","5","0","1","0","2","0","4","2","0"
"2133","4","forall NODE1,NODE0. ep_epoch1(NODE0) | ep_epoch1(NODE1) | ep_epoch4(NODE0) | ep_epoch4(NODE1) | held(NODE0) | locked_epoch2(NODE1) | locked_epoch3(NODE1) | locked_epoch5(NODE1) | transfer_epoch3(NODE0) | transfer_epoch3(NODE1) | transfer_epoch4(NODE0) | transfer_epoch4(NODE1) | NODE0 = NODE1","15","-0--0--0--0-0------0-0---0------0000--","13","38","F","677","0101010120","0101010120","e0h0l0t0","-0--0--0--0-","0-","-----0-0---0","------0000--","0","4","0","1","0","3","0","4","2","0"
"2134","4","forall NODE1,NODE0. ep_epoch1(NODE0) | ep_epoch1(NODE1) | ep_epoch4(NODE1) | ep_epoch5(NODE1) | held(NODE0) | locked_epoch2(NODE1) | locked_epoch3(NODE1) | locked_epoch4(NODE0) | transfer_epoch3(NODE0) | transfer_epoch3(NODE1) | transfer_epoch4(NODE0) | transfer_epoch4(NODE1) | NODE0 = NODE1","15","-0--00-0-----0----0-0--0--------0000--","13","38","F","677","0101010120","0101010120","e0h0l0t0","-0--00-0----","-0","----0-0--0--","------0000--","0","4","0","1","0","3","0","4","2","0"
"2135","4","forall NODE1,NODE0. ep_epoch1(NODE0) | ep_epoch1(NODE1) | ep_epoch4(NODE1) | held(NODE0) | locked_epoch2(NODE1) | locked_epoch3(NODE1) | locked_epoch4(NODE0) | locked_epoch5(NODE1) | transfer_epoch3(NODE0) | transfer_epoch3(NODE1) | transfer_epoch4(NODE0) | transfer_epoch4(NODE1) | NODE0 = NODE1","15","-0--0--0-----0----0-0--00-------0000--","13","38","F","677","0101010120","0101010120","e0h0l0t0","-0--0--0----","-0","----0-0--00-","------0000--","0","3","0","1","0","4","0","4","2","0"
"2136","3","forall NODE1,NODE0. ep_epoch1(NODE0) | ep_epoch2(NODE0) | ep_epoch2(NODE1) | ep_epoch3(NODE0) | ep_epoch3(NODE1) | ep_epoch4(NODE0) | ep_epoch5(NODE0) | held(NODE1) | transfer_epoch2(NODE0) | transfer_epoch2(NODE1) | transfer_epoch5(NODE0) | transfer_epoch5(NODE1) | NODE0 = NODE1","15","-00000--00---0----------------00----00","13","37","F","48","0101000120","0101000120","e0h0t0","-00000--00--","-0","------------","----00----00","0","7","0","1","0","0","0","4","2","0"
"2137","4","forall NODE1,NODE0. ep_epoch1(NODE0) | ep_epoch2(NODE0) | ep_epoch2(NODE1) | ep_epoch3(NODE0) | ep_epoch3(NODE1) | ep_epoch4(NODE0) | held(NODE1) | locked_epoch5(NODE0) | transfer_epoch2(NODE0) | transfer_epoch2(NODE1) | transfer_epoch5(NODE0) | transfer_epoch5(NODE1) | NODE0 = NODE1","15","-0000---00---0----------0-----00----00","13","38","F","677","0101010120","0101010120","e0h0l0t0","-0000---00--","-0","----------0-","----00----00","0","6","0","1","0","1","0","4","2","0"
"2138","4","forall NODE1,NODE0. ep_epoch1(NODE0) | ep_epoch2(NODE0) | ep_epoch2(NODE1) | ep_epoch3(NODE0) | ep_epoch3(NODE1) | ep_epoch5(NODE0) | held(NODE1) | locked_epoch4(NODE0) | transfer_epoch2(NODE0) | transfer_epoch2(NODE1) | transfer_epoch5(NODE0) | transfer_epoch5(NODE1) | NODE0 = NODE1","15","-000-0--00---0--------0-------00----00","13","38","F","677","0101010120","0101010120","e0h0l0t0","-000-0--00--","-0","--------0---","----00----00","0","6","0","1","0","1","0","4","2","0"
"2139","4","forall NODE1,NODE0. ep_epoch1(NODE0) | ep_epoch2(NODE0) | ep_epoch2(NODE1) | ep_epoch3(NODE0) | ep_epoch3(NODE1) | held(NODE1) | locked_epoch4(NODE0) | locked_epoch5(NODE0) | transfer_epoch2(NODE0) | transfer_epoch2(NODE1) | transfer_epoch5(NODE0) | transfer_epoch5(NODE1) | NODE0 = NODE1","15","-000----00---0--------0-0-----00----00","13","38","F","677","0101010120","0101010120","e0h0l0t0","-000----00--","-0","--------0-0-","----00----00","0","5","0","1","0","2","0","4","2","0"
"2140","3","forall NODE1,NODE0. ep_epoch1(NODE0) | ep_epoch2(NODE0) | ep_epoch2(NODE1) | ep_epoch3(NODE0) | ep_epoch4(NODE0) | ep_epoch4(NODE1) | ep_epoch5(NODE0) | held(NODE1) | transfer_epoch2(NODE0) | transfer_epoch2(NODE1) | transfer_epoch4(NODE0) | transfer_epoch4(NODE1) | NODE0 = NODE1","15","-00000--0-0--0----------------00--00--","13","37","F","48","0101000120","0101000120","e0h0t0","-00000--0-0-","-0","------------","----00--00--","0","7","0","1","0","0","0","4","2","0"
"2141","4","forall NODE1,NODE0. ep_epoch1(NODE0) | ep_epoch2(NODE0) | ep_epoch2(NODE1) | ep_epoch3(NODE0) | ep_epoch4(NODE0) | ep_epoch4(NODE1) | held(NODE1) | locked_epoch5(NODE0) | transfer_epoch2(NODE0) | transfer_epoch2(NODE1) | transfer_epoch4(NODE0) | transfer_epoch4(NODE1) | NODE0 = NODE1","15","-0000---0-0--0----------0-----00--00--","13","38","F","677","0101010120","0101010120","e0h0l0t0","-0000---0-0-","-0","----------0-","----00--00--","0","6","0","1","0","1","0","4","2","0"
"2142","4","forall NODE1,NODE0. ep_epoch1(NODE0) | ep_epoch2(NODE0) | ep_epoch2(NODE1) | ep_epoch3(NODE0) | ep_epoch4(NODE0) | ep_epoch5(NODE0) | held(NODE1) | locked_epoch4(NODE1) | transfer_epoch2(NODE0) | transfer_epoch2(NODE1) | transfer_epoch4(NODE0) | transfer_epoch4(NODE1) | NODE0 = NODE1","15","-00000--0----0---------0------00--00--","13","38","F","677","0101010120","0101010120","e0h0l0t0","-00000--0---","-0","---------0--","----00--00--","0","6","0","1","0","1","0","4","2","0"
"2143","4","forall NODE1,NODE0. ep_epoch1(NODE0) | ep_epoch2(NODE0) | ep_epoch2(NODE1) | ep_epoch3(NODE0) | ep_epoch4(NODE0) | held(NODE1) | locked_epoch4(NODE1) | locked_epoch5(NODE0) | transfer_epoch2(NODE0) | transfer_epoch2(NODE1) | transfer_epoch4(NODE0) | transfer_epoch4(NODE1) | NODE0 = NODE1","15","-0000---0----0---------00-----00--00--","13","38","F","677","0101010120","0101010120","e0h0l0t0","-0000---0---","-0","---------00-","----00--00--","0","5","0","1","0","2","0","4","2","0"
"2144","4","forall NODE1,NODE0. ep_epoch1(NODE0) | ep_epoch2(NODE0) | ep_epoch2(NODE1) | ep_epoch4(NODE0) | ep_epoch4(NODE1) | ep_epoch5(NODE0) | held(NODE1) | locked_epoch3(NODE0) | transfer_epoch2(NODE0) | transfer_epoch2(NODE1) | transfer_epoch4(NODE0) | transfer_epoch4(NODE1) | NODE0 = NODE1","15","-00-00--0-0--0------0---------00--00--","13","38","F","677","0101010120","0101010120","e0h0l0t0","-00-00--0-0-","-0","------0-----","----00--00--","0","6","0","1","0","1","0","4","2","0"
"2145","4","forall NODE1,NODE0. ep_epoch1(NODE0) | ep_epoch2(NODE0) | ep_epoch2(NODE1) | ep_epoch4(NODE0) | ep_epoch4(NODE1) | held(NODE1) | locked_epoch3(NODE0) | locked_epoch5(NODE0) | transfer_epoch2(NODE0) | transfer_epoch2(NODE1) | transfer_epoch4(NODE0) | transfer_epoch4(NODE1) | NODE0 = NODE1","15","-00-0---0-0--0------0---0-----00--00--","13","38","F","677","0101010120","0101010120","e0h0l0t0","-00-0---0-0-","-0","------0---0-","----00--00--","0","5","0","1","0","2","0","4","2","0"
"2146","4","forall NODE1,NODE0. ep_epoch1(NODE0) | ep_epoch2(NODE0) | ep_epoch2(NODE1) | ep_epoch4(NODE0) | ep_epoch5(NODE0) | held(NODE1) | locked_epoch3(NODE0) | locked_epoch4(NODE1) | transfer_epoch2(NODE0) | transfer_epoch2(NODE1) | transfer_epoch4(NODE0) | transfer_epoch4(NODE1) | NODE0 = NODE1","15","-00-00--0----0------0--0------00--00--","13","38","F","677","0101010120","0101010120","e0h0l0t0","-00-00--0---","-0","------0--0--","----00--00--","0","5","0","1","0","2","0","4","2","0"
"2147","4","forall NODE1,NODE0. ep_epoch1(NODE0) | ep_epoch2(NODE0) | ep_epoch2(NODE1) | ep_epoch4(NODE0) | held(NODE1) | locked_epoch3(NODE0) | locked_epoch4(NODE1) | locked_epoch5(NODE0) | transfer_epoch2(NODE0) | transfer_epoch2(NODE1) | transfer_epoch4(NODE0) | transfer_epoch4(NODE1) | NODE0 = NODE1","15","-00-0---0----0------0--00-----00--00--","13","38","F","677","0101010120","0101010120","e0h0l0t0","-00-0---0---","-0","------0--00-","----00--00--","0","4","0","1","0","3","0","4","2","0"
"2148","3","forall NODE1,NODE0. ep_epoch1(NODE0) | ep_epoch2(NODE0) | ep_epoch3(NODE0) | ep_epoch3(NODE1) | ep_epoch4(NODE0) | ep_epoch4(NODE1) | ep_epoch5(NODE0) | held(NODE1) | transfer_epoch2(NODE0) | transfer_epoch2(NODE1) | transfer_epoch3(NODE0) | transfer_epoch3(NODE1) | NODE0 = NODE1","15","-00000---00--0----------------0000----","13","37","F","48","0101000120","0101000120","e0h0t0","-00000---00-","-0","------------","----0000----","0","7","0","1","0","0","0","4","2","0"
"2149","4","forall NODE1,NODE0. ep_epoch1(NODE0) | ep_epoch2(NODE0) | ep_epoch3(NODE0) | ep_epoch3(NODE1) | ep_epoch4(NODE0) | ep_epoch4(NODE1) | held(NODE1) | locked_epoch5(NODE0) | transfer_epoch2(NODE0) | transfer_epoch2(NODE1) | transfer_epoch3(NODE0) | transfer_epoch3(NODE1) | NODE0 = NODE1","15","-0000----00--0----------0-----0000----","13","38","F","677","0101010120","0101010120","e0h0l0t0","-0000----00-","-0","----------0-","----0000----","0","6","0","1","0","1","0","4","2","0"
"2150","4","forall NODE1,NODE0. ep_epoch1(NODE0) | ep_epoch2(NODE0) | ep_epoch3(NODE0) | ep_epoch3(NODE1) | ep_epoch4(NODE0) | ep_epoch5(NODE0) | held(NODE1) | locked_epoch4(NODE1) | transfer_epoch2(NODE0) | transfer_epoch2(NODE1) | transfer_epoch3(NODE0) | transfer_epoch3(NODE1) | NODE0 = NODE1","15","-00000---0---0---------0------0000----","13","38","F","677","0101010120","0101010120","e0h0l0t0","-00000---0--","-0","---------0--","----0000----","0","6","0","1","0","1","0","4","2","0"
"2151","4","forall NODE1,NODE0. ep_epoch1(NODE0) | ep_epoch2(NODE0) | ep_epoch3(NODE0) | ep_epoch3(NODE1) | ep_epoch4(NODE0) | held(NODE1) | locked_epoch4(NODE1) | locked_epoch5(NODE0) | transfer_epoch2(NODE0) | transfer_epoch2(NODE1) | transfer_epoch3(NODE0) | transfer_epoch3(NODE1) | NODE0 = NODE1","15","-0000----0---0---------00-----0000----","13","38","F","677","0101010120","0101010120","e0h0l0t0","-0000----0--","-0","---------00-","----0000----","0","5","0","1","0","2","0","4","2","0"
"2152","4","forall NODE1,NODE0. ep_epoch1(NODE0) | ep_epoch2(NODE0) | ep_epoch3(NODE0) | ep_epoch4(NODE1) | held(NODE1) | locked_epoch4(NODE0) | transfer_epoch2(NODE0) | transfer_epoch2(NODE1) | transfer_epoch3(NODE0) | transfer_epoch3(NODE1) | transfer_epoch4(NODE0) | transfer_epoch4(NODE1) | NODE0 = NODE1","15","-000------0--0--------0-------000000--","13","38","F","677","0101010120","0101010120","e0h0l0t0","-000------0-","-0","--------0---","----000000--","0","4","0","1","0","1","0","6","2","0"
"2153","4","forall NODE1,NODE0. ep_epoch1(NODE0) | ep_epoch2(NODE0) | ep_epoch3(NODE0) | held(NODE1) | locked_epoch4(NODE0) | locked_epoch4(NODE1) | transfer_epoch2(NODE0) | transfer_epoch2(NODE1) | transfer_epoch3(NODE0) | transfer_epoch3(NODE1) | transfer_epoch4(NODE0) | transfer_epoch4(NODE1) | NODE0 = NODE1","15","-000---------0--------00------000000--","13","38","F","677","0101010120","0101010120","e0h0l0t0","-000--------","-0","--------00--","----000000--","0","3","0","1","0","2","0","6","2","0"
"2154","4","forall NODE1,NODE0. ep_epoch1(NODE0) | ep_epoch2(NODE0) | ep_epoch3(NODE1) | ep_epoch5(NODE0) | held(NODE1) | locked_epoch3(NODE0) | transfer_epoch2(NODE0) | transfer_epoch2(NODE1) | transfer_epoch3(NODE0) | transfer_epoch3(NODE1) | transfer_epoch5(NODE0) | transfer_epoch5(NODE1) | NODE0 = NODE1","15","-00--0---0---0------0---------0000--00","13","38","F","677","0101010120","0101010120","e0h0l0t0","-00--0---0--","-0","------0-----","----0000--00","0","4","0","1","0","1","0","6","2","0"
"2155","4","forall NODE1,NODE0. ep_epoch1(NODE0) | ep_epoch2(NODE0) | ep_epoch3(NODE1) | held(NODE1) | locked_epoch3(NODE0) | locked_epoch5(NODE0) | transfer_epoch2(NODE0) | transfer_epoch2(NODE1) | transfer_epoch3(NODE0) | transfer_epoch3(NODE1) | transfer_epoch5(NODE0) | transfer_epoch5(NODE1) | NODE0 = NODE1","15","-00------0---0------0---0-----0000--00","13","38","F","677","0101010120","0101010120","e0h0l0t0","-00------0--","-0","------0---0-","----0000--00","0","3","0","1","0","2","0","6","2","0"
"2156","4","forall NODE1,NODE0. ep_epoch1(NODE0) | ep_epoch2(NODE0) | ep_epoch4(NODE1) | held(NODE1) | locked_epoch3(NODE0) | locked_epoch4(NODE0) | transfer_epoch2(NODE0) | transfer_epoch2(NODE1) | transfer_epoch3(NODE0) | transfer_epoch3(NODE1) | transfer_epoch4(NODE0) | transfer_epoch4(NODE1) | NODE0 = NODE1","15","-00-------0--0------0-0-------000000--","13","38","F","677","0101010120","0101010120","e0h0l0t0","-00-------0-","-0","------0-0---","----000000--","0","3","0","1","0","2","0","6","2","0"
"2157","4","forall NODE1,NODE0. ep_epoch1(NODE0) | ep_epoch2(NODE0) | held(NODE1) | locked_epoch3(NODE0) | locked_epoch4(NODE0) | locked_epoch4(NODE1) | transfer_epoch2(NODE0) | transfer_epoch2(NODE1) | transfer_epoch3(NODE0) | transfer_epoch3(NODE1) | transfer_epoch4(NODE0) | transfer_epoch4(NODE1) | NODE0 = NODE1","15","-00----------0------0-00------000000--","13","38","F","677","0101010120","0101010120","e0h0l0t0","-00---------","-0","------0-00--","----000000--","0","2","0","1","0","3","0","6","2","0"
"2158","4","forall NODE1,NODE0. ep_epoch1(NODE0) | ep_epoch2(NODE1) | ep_epoch4(NODE0) | ep_epoch5(NODE0) | held(NODE1) | locked_epoch2(NODE0) | transfer_epoch2(NODE0) | transfer_epoch2(NODE1) | transfer_epoch4(NODE0) | transfer_epoch4(NODE1) | transfer_epoch5(NODE0) | transfer_epoch5(NODE1) | NODE0 = NODE1","15","-0--00--0----0----0-----------00--0000","13","38","F","677","0101010120","0101010120","e0h0l0t0","-0--00--0---","-0","----0-------","----00--0000","0","4","0","1","0","1","0","6","2","0"
"2159","4","forall NODE1,NODE0. ep_epoch1(NODE0) | ep_epoch2(NODE1) | ep_epoch4(NODE0) | held(NODE1) | locked_epoch2(NODE0) | locked_epoch5(NODE0) | transfer_epoch2(NODE0) | transfer_epoch2(NODE1) | transfer_epoch4(NODE0) | transfer_epoch4(NODE1) | transfer_epoch5(NODE0) | transfer_epoch5(NODE1) | NODE0 = NODE1","15","-0--0---0----0----0-----0-----00--0000","13","38","F","677","0101010120","0101010120","e0h0l0t0","-0--0---0---","-0","----0-----0-","----00--0000","0","3","0","1","0","2","0","6","2","0"
"2160","4","forall NODE1,NODE0. ep_epoch1(NODE0) | ep_epoch2(NODE1) | ep_epoch5(NODE0) | held(NODE1) | locked_epoch2(NODE0) | locked_epoch4(NODE0) | transfer_epoch2(NODE0) | transfer_epoch2(NODE1) | transfer_epoch4(NODE0) | transfer_epoch4(NODE1) | transfer_epoch5(NODE0) | transfer_epoch5(NODE1) | NODE0 = NODE1","15","-0---0--0----0----0---0-------00--0000","13","38","F","677","0101010120","0101010120","e0h0l0t0","-0---0--0---","-0","----0---0---","----00--0000","0","3","0","1","0","2","0","6","2","0"
"2161","4","forall NODE1,NODE0. ep_epoch1(NODE0) | ep_epoch2(NODE1) | held(NODE1) | locked_epoch2(NODE0) | locked_epoch4(NODE0) | locked_epoch5(NODE0) | transfer_epoch2(NODE0) | transfer_epoch2(NODE1) | transfer_epoch4(NODE0) | transfer_epoch4(NODE1) | transfer_epoch5(NODE0) | transfer_epoch5(NODE1) | NODE0 = NODE1","15","-0------0----0----0---0-0-----00--0000","13","38","F","677","0101010120","0101010120","e0h0l0t0","-0------0---","-0","----0---0-0-","----00--0000","0","2","0","1","0","3","0","6","2","0"
"2162","4","forall NODE1,NODE0. ep_epoch1(NODE0) | ep_epoch3(NODE0) | ep_epoch3(NODE1) | ep_epoch4(NODE0) | ep_epoch4(NODE1) | ep_epoch5(NODE0) | held(NODE1) | locked_epoch2(NODE0) | transfer_epoch2(NODE0) | transfer_epoch2(NODE1) | transfer_epoch3(NODE0) | transfer_epoch3(NODE1) | NODE0 = NODE1","15","-0-000---00--0----0-----------0000----","13","38","F","677","0101010120","0101010120","e0h0l0t0","-0-000---00-","-0","----0-------","----0000----","0","6","0","1","0","1","0","4","2","0"
"2163","4","forall NODE1,NODE0. ep_epoch1(NODE0) | ep_epoch3(NODE0) | ep_epoch3(NODE1) | ep_epoch4(NODE0) | ep_epoch4(NODE1) | held(NODE1) | locked_epoch2(NODE0) | locked_epoch5(NODE0) | transfer_epoch2(NODE0) | transfer_epoch2(NODE1) | transfer_epoch3(NODE0) | transfer_epoch3(NODE1) | NODE0 = NODE1","15","-0-00----00--0----0-----0-----0000----","13","38","F","677","0101010120","0101010120","e0h0l0t0","-0-00----00-","-0","----0-----0-","----0000----","0","5","0","1","0","2","0","4","2","0"
"2164","4","forall NODE1,NODE0. ep_epoch1(NODE0) | ep_epoch3(NODE0) | ep_epoch3(NODE1) | ep_epoch4(NODE0) | ep_epoch5(NODE0) | held(NODE1) | locked_epoch2(NODE0) | locked_epoch4(NODE1) | transfer_epoch2(NODE0) | transfer_epoch2(NODE1) | transfer_epoch3(NODE0) | transfer_epoch3(NODE1) | NODE0 = NODE1","15","-0-000---0---0----0----0------0000----","13","38","F","677","0101010120","0101010120","e0h0l0t0","-0-000---0--","-0","----0----0--","----0000----","0","5","0","1","0","2","0","4","2","0"
"2165","4","forall NODE1,NODE0. ep_epoch1(NODE0) | ep_epoch3(NODE0) | ep_epoch3(NODE1) | ep_epoch4(NODE0) | held(NODE1) | locked_epoch2(NODE0) | locked_epoch4(NODE1) | locked_epoch5(NODE0) | transfer_epoch2(NODE0) | transfer_epoch2(NODE1) | transfer_epoch3(NODE0) | transfer_epoch3(NODE1) | NODE0 = NODE1","15","-0-00----0---0----0----00-----0000----","13","38","F","677","0101010120","0101010120","e0h0l0t0","-0-00----0--","-0","----0----00-","----0000----","0","4","0","1","0","3","0","4","2","0"
"2166","4","forall NODE1,NODE0. ep_epoch1(NODE0) | ep_epoch3(NODE0) | ep_epoch4(NODE1) | held(NODE1) | locked_epoch2(NODE0) | locked_epoch4(NODE0) | transfer_epoch2(NODE0) | transfer_epoch2(NODE1) | transfer_epoch3(NODE0) | transfer_epoch3(NODE1) | transfer_epoch4(NODE0) | transfer_epoch4(NODE1) | NODE0 = NODE1","15","-0-0------0--0----0---0-------000000--","13","38","F","677","0101010120","0101010120","e0h0l0t0","-0-0------0-","-0","----0---0---","----000000--","0","3","0","1","0","2","0","6","2","0"
"2167","4","forall NODE1,NODE0. ep_epoch1(NODE0) | ep_epoch3(NODE0) | held(NODE1) | locked_epoch2(NODE0) | locked_epoch4(NODE0) | locked_epoch4(NODE1) | transfer_epoch2(NODE0) | transfer_epoch2(NODE1) | transfer_epoch3(NODE0) | transfer_epoch3(NODE1) | transfer_epoch4(NODE0) | transfer_epoch4(NODE1) | NODE0 = NODE1","15","-0-0---------0----0---00------000000--","13","38","F","677","0101010120","0101010120","e0h0l0t0","-0-0--------","-0","----0---00--","----000000--","0","2","0","1","0","3","0","6","2","0"
"2168","4","forall NODE1,NODE0. ep_epoch1(NODE0) | ep_epoch3(NODE1) | ep_epoch5(NODE0) | held(NODE1) | locked_epoch2(NODE0) | locked_epoch3(NODE0) | transfer_epoch2(NODE0) | transfer_epoch2(NODE1) | transfer_epoch3(NODE0) | transfer_epoch3(NODE1) | transfer_epoch5(NODE0) | transfer_epoch5(NODE1) | NODE0 = NODE1","15","-0---0---0---0----0-0---------0000--00","13","38","F","677","0101010120","0101010120","e0h0l0t0","-0---0---0--","-0","----0-0-----","----0000--00","0","3","0","1","0","2","0","6","2","0"
"2169","4","forall NODE1,NODE0. ep_epoch1(NODE0) | ep_epoch3(NODE1) | held(NODE1) | locked_epoch2(NODE0) | locked_epoch3(NODE0) | locked_epoch5(NODE0) | transfer_epoch2(NODE0) | transfer_epoch2(NODE1) | transfer_epoch3(NODE0) | transfer_epoch3(NODE1) | transfer_epoch5(NODE0) | transfer_epoch5(NODE1) | NODE0 = NODE1","15","-0-------0---0----0-0---0-----0000--00","13","38","F","677","0101010120","0101010120","e0h0l0t0","-0-------0--","-0","----0-0---0-","----0000--00","0","2","0","1","0","3","0","6","2","0"
"2170","4","forall NODE1,NODE0. ep_epoch1(NODE0) | ep_epoch4(NODE1) | held(NODE1) | locked_epoch2(NODE0) | locked_epoch3(NODE0) | locked_epoch4(NODE0) | transfer_epoch2(NODE0) | transfer_epoch2(NODE1) | transfer_epoch3(NODE0) | transfer_epoch3(NODE1) | transfer_epoch4(NODE0) | transfer_epoch4(NODE1) | NODE0 = NODE1","15","-0--------0--0----0-0-0-------000000--","13","38","F","677","0101010120","0101010120","e0h0l0t0","-0--------0-","-0","----0-0-0---","----000000--","0","2","0","1","0","3","0","6","2","0"
"2171","4","forall NODE1,NODE0. ep_epoch1(NODE0) | held(NODE1) | locked_epoch2(NODE0) | locked_epoch3(NODE0) | locked_epoch4(NODE0) | locked_epoch4(NODE1) | transfer_epoch2(NODE0) | transfer_epoch2(NODE1) | transfer_epoch3(NODE0) | transfer_epoch3(NODE1) | transfer_epoch4(NODE0) | transfer_epoch4(NODE1) | NODE0 = NODE1","15","-0-----------0----0-0-00------000000--","13","38","F","677","0101010120","0101010120","e0h0l0t0","-0----------","-0","----0-0-00--","----000000--","0","1","0","1","0","4","0","6","2","0"
"2172","3","forall NODE1,NODE0. ep_epoch0(NODE0) | ep_epoch0(NODE1) | ep_epoch2(NODE1) | ep_epoch3(NODE1) | ep_epoch4(NODE1) | ep_epoch5(NODE1) | held(NODE0) | transfer_epoch3(NODE0) | transfer_epoch3(NODE1) | transfer_epoch4(NODE0) | transfer_epoch4(NODE1) | transfer_epoch5(NODE0) | transfer_epoch5(NODE1) | NODE0 = NODE1","16","0-00000------0------------------000000","14","37","F","48","0101000120","0101000120","e0h0t0","0-00000-----","-0","------------","------000000","0","6","0","1","0","0","0","6","2","0"
"2173","4","forall NODE1,NODE0. ep_epoch0(NODE0) | ep_epoch0(NODE1) | ep_epoch2(NODE1) | ep_epoch3(NODE1) | ep_epoch4(NODE1) | held(NODE0) | locked_epoch5(NODE1) | transfer_epoch3(NODE0) | transfer_epoch3(NODE1) | transfer_epoch4(NODE0) | transfer_epoch4(NODE1) | transfer_epoch5(NODE0) | transfer_epoch5(NODE1) | NODE0 = NODE1","16","0-000-0------0----------0-------000000","14","38","F","677","0101010120","0101010120","e0h0l0t0","0-000-0-----","-0","----------0-","------000000","0","5","0","1","0","1","0","6","2","0"
"2174","4","forall NODE1,NODE0. ep_epoch0(NODE0) | ep_epoch0(NODE1) | ep_epoch2(NODE1) | ep_epoch3(NODE1) | ep_epoch5(NODE1) | held(NODE0) | locked_epoch4(NODE1) | transfer_epoch3(NODE0) | transfer_epoch3(NODE1) | transfer_epoch4(NODE0) | transfer_epoch4(NODE1) | transfer_epoch5(NODE0) | transfer_epoch5(NODE1) | NODE0 = NODE1","16","0-00-00------0--------0---------000000","14","38","F","677","0101010120","0101010120","e0h0l0t0","0-00-00-----","-0","--------0---","------000000","0","5","0","1","0","1","0","6","2","0"
"2175","4","forall NODE1,NODE0. ep_epoch0(NODE0) | ep_epoch0(NODE1) | ep_epoch2(NODE1) | ep_epoch3(NODE1) | held(NODE0) | locked_epoch4(NODE1) | locked_epoch5(NODE1) | transfer_epoch3(NODE0) | transfer_epoch3(NODE1) | transfer_epoch4(NODE0) | transfer_epoch4(NODE1) | transfer_epoch5(NODE0) | transfer_epoch5(NODE1) | NODE0 = NODE1","16","0-00--0------0--------0-0-------000000","14","38","F","677","0101010120","0101010120","e0h0l0t0","0-00--0-----","-0","--------0-0-","------000000","0","4","0","1","0","2","0","6","2","0"
"2176","4","forall NODE1,NODE0. ep_epoch0(NODE0) | ep_epoch0(NODE1) | ep_epoch2(NODE1) | ep_epoch4(NODE1) | ep_epoch5(NODE1) | held(NODE0) | locked_epoch3(NODE1) | transfer_epoch3(NODE0) | transfer_epoch3(NODE1) | transfer_epoch4(NODE0) | transfer_epoch4(NODE1) | transfer_epoch5(NODE0) | transfer_epoch5(NODE1) | NODE0 = NODE1","16","0-0-000------0------0-----------000000","14","38","F","677","0101010120","0101010120","e0h0l0t0","0-0-000-----","-0","------0-----","------000000","0","5","0","1","0","1","0","6","2","0"
"2177","4","forall NODE1,NODE0. ep_epoch0(NODE0) | ep_epoch0(NODE1) | ep_epoch2(NODE1) | ep_epoch4(NODE1) | held(NODE0) | locked_epoch3(NODE1) | locked_epoch5(NODE1) | transfer_epoch3(NODE0) | transfer_epoch3(NODE1) | transfer_epoch4(NODE0) | transfer_epoch4(NODE1) | transfer_epoch5(NODE0) | transfer_epoch5(NODE1) | NODE0 = NODE1","16","0-0-0-0------0------0---0-------000000","14","38","F","677","0101010120","0101010120","e0h0l0t0","0-0-0-0-----","-0","------0---0-","------000000","0","4","0","1","0","2","0","6","2","0"
"2178","4","forall NODE1,NODE0. ep_epoch0(NODE0) | ep_epoch0(NODE1) | ep_epoch2(NODE1) | ep_epoch5(NODE1) | held(NODE0) | locked_epoch3(NODE1) | locked_epoch4(NODE1) | transfer_epoch3(NODE0) | transfer_epoch3(NODE1) | transfer_epoch4(NODE0) | transfer_epoch4(NODE1) | transfer_epoch5(NODE0) | transfer_epoch5(NODE1) | NODE0 = NODE1","16","0-0--00------0------0-0---------000000","14","38","F","677","0101010120","0101010120","e0h0l0t0","0-0--00-----","-0","------0-0---","------000000","0","4","0","1","0","2","0","6","2","0"
"2179","4","forall NODE1,NODE0. ep_epoch0(NODE0) | ep_epoch0(NODE1) | ep_epoch2(NODE1) | held(NODE0) | locked_epoch3(NODE1) | locked_epoch4(NODE1) | locked_epoch5(NODE1) | transfer_epoch3(NODE0) | transfer_epoch3(NODE1) | transfer_epoch4(NODE0) | transfer_epoch4(NODE1) | transfer_epoch5(NODE0) | transfer_epoch5(NODE1) | NODE0 = NODE1","16","0-0---0------0------0-0-0-------000000","14","38","F","677","0101010120","0101010120","e0h0l0t0","0-0---0-----","-0","------0-0-0-","------000000","0","3","0","1","0","3","0","6","2","0"
"2180","4","forall NODE1,NODE0. ep_epoch0(NODE0) | ep_epoch0(NODE1) | ep_epoch3(NODE1) | ep_epoch4(NODE1) | ep_epoch5(NODE1) | held(NODE0) | locked_epoch2(NODE1) | transfer_epoch3(NODE0) | transfer_epoch3(NODE1) | transfer_epoch4(NODE0) | transfer_epoch4(NODE1) | transfer_epoch5(NODE0) | transfer_epoch5(NODE1) | NODE0 = NODE1","16","0--0000------0----0-------------000000","14","38","F","677","0101010120","0101010120","e0h0l0t0","0--0000-----","-0","----0-------","------000000","0","5","0","1","0","1","0","6","2","0"
"2181","4","forall NODE1,NODE0. ep_epoch0(NODE0) | ep_epoch0(NODE1) | ep_epoch3(NODE1) | ep_epoch4(NODE1) | held(NODE0) | locked_epoch2(NODE1) | locked_epoch5(NODE1) | transfer_epoch3(NODE0) | transfer_epoch3(NODE1) | transfer_epoch4(NODE0) | transfer_epoch4(NODE1) | transfer_epoch5(NODE0) | transfer_epoch5(NODE1) | NODE0 = NODE1","16","0--00-0------0----0-----0-------000000","14","38","F","677","0101010120","0101010120","e0h0l0t0","0--00-0-----","-0","----0-----0-","------000000","0","4","0","1","0","2","0","6","2","0"
"2182","4","forall NODE1,NODE0. ep_epoch0(NODE0) | ep_epoch0(NODE1) | ep_epoch3(NODE1) | ep_epoch5(NODE1) | held(NODE0) | locked_epoch2(NODE1) | locked_epoch4(NODE1) | transfer_epoch3(NODE0) | transfer_epoch3(NODE1) | transfer_epoch4(NODE0) | transfer_epoch4(NODE1) | transfer_epoch5(NODE0) | transfer_epoch5(NODE1) | NODE0 = NODE1","16","0--0-00------0----0---0---------000000","14","38","F","677","0101010120","0101010120","e0h0l0t0","0--0-00-----","-0","----0---0---","------000000","0","4","0","1","0","2","0","6","2","0"
"2183","4","forall NODE1,NODE0. ep_epoch0(NODE0) | ep_epoch0(NODE1) | ep_epoch3(NODE1) | held(NODE0) | locked_epoch2(NODE1) | locked_epoch4(NODE1) | locked_epoch5(NODE1) | transfer_epoch3(NODE0) | transfer_epoch3(NODE1) | transfer_epoch4(NODE0) | transfer_epoch4(NODE1) | transfer_epoch5(NODE0) | transfer_epoch5(NODE1) | NODE0 = NODE1","16","0--0--0------0----0---0-0-------000000","14","38","F","677","0101010120","0101010120","e0h0l0t0","0--0--0-----","-0","----0---0-0-","------000000","0","3","0","1","0","3","0","6","2","0"
"2184","4","forall NODE1,NODE0. ep_epoch0(NODE0) | ep_epoch0(NODE1) | ep_epoch4(NODE1) | ep_epoch5(NODE1) | held(NODE0) | locked_epoch2(NODE1) | locked_epoch3(NODE1) | transfer_epoch3(NODE0) | transfer_epoch3(NODE1) | transfer_epoch4(NODE0) | transfer_epoch4(NODE1) | transfer_epoch5(NODE0) | transfer_epoch5(NODE1) | NODE0 = NODE1","16","0---000------0----0-0-----------000000","14","38","F","677","0101010120","0101010120","e0h0l0t0","0---000-----","-0","----0-0-----","------000000","0","4","0","1","0","2","0","6","2","0"
"2185","4","forall NODE1,NODE0. ep_epoch0(NODE0) | ep_epoch0(NODE1) | ep_epoch4(NODE1) | held(NODE0) | locked_epoch2(NODE1) | locked_epoch3(NODE1) | locked_epoch5(NODE1) | transfer_epoch3(NODE0) | transfer_epoch3(NODE1) | transfer_epoch4(NODE0) | transfer_epoch4(NODE1) | transfer_epoch5(NODE0) | transfer_epoch5(NODE1) | NODE0 = NODE1","16","0---0-0------0----0-0---0-------000000","14","38","F","677","0101010120","0101010120","e0h0l0t0","0---0-0-----","-0","----0-0---0-","------000000","0","3","0","1","0","3","0","6","2","0"
"2186","4","forall NODE1,NODE0. ep_epoch0(NODE0) | ep_epoch0(NODE1) | ep_epoch5(NODE1) | held(NODE0) | locked_epoch2(NODE1) | locked_epoch3(NODE1) | locked_epoch4(NODE1) | transfer_epoch3(NODE0) | transfer_epoch3(NODE1) | transfer_epoch4(NODE0) | transfer_epoch4(NODE1) | transfer_epoch5(NODE0) | transfer_epoch5(NODE1) | NODE0 = NODE1","16","0----00------0----0-0-0---------000000","14","38","F","677","0101010120","0101010120","e0h0l0t0","0----00-----","-0","----0-0-0---","------000000","0","3","0","1","0","3","0","6","2","0"
"2187","4","forall NODE1,NODE0. ep_epoch0(NODE0) | ep_epoch0(NODE1) | held(NODE0) | locked_epoch2(NODE1) | locked_epoch3(NODE1) | locked_epoch4(NODE1) | locked_epoch5(NODE1) | transfer_epoch3(NODE0) | transfer_epoch3(NODE1) | transfer_epoch4(NODE0) | transfer_epoch4(NODE1) | transfer_epoch5(NODE0) | transfer_epoch5(NODE1) | NODE0 = NODE1","16","0-----0-----0------0-0-0-0------000000","14","38","F","677","0101010120","0101010120","e0h0l0t0","0-----0-----","0-","-----0-0-0-0","------000000","0","2","0","1","0","4","0","6","2","0"
"2188","3","forall NODE1,NODE0. ep_epoch0(NODE0) | ep_epoch2(NODE0) | ep_epoch2(NODE1) | ep_epoch3(NODE1) | ep_epoch4(NODE1) | ep_epoch5(NODE1) | held(NODE0) | transfer_epoch2(NODE0) | transfer_epoch2(NODE1) | transfer_epoch4(NODE0) | transfer_epoch4(NODE1) | transfer_epoch5(NODE0) | transfer_epoch5(NODE1) | NODE0 = NODE1","16","0-0-----00000-----------------00--0000","14","37","F","48","0101000120","0101000120","e0h0t0","0-0-----0000","0-","------------","----00--0000","0","6","0","1","0","0","0","6","2","0"
"2189","4","forall NODE1,NODE0. ep_epoch0(NODE0) | ep_epoch2(NODE0) | ep_epoch2(NODE1) | ep_epoch3(NODE1) | ep_epoch4(NODE1) | held(NODE0) | locked_epoch5(NODE1) | transfer_epoch2(NODE0) | transfer_epoch2(NODE1) | transfer_epoch4(NODE0) | transfer_epoch4(NODE1) | transfer_epoch5(NODE0) | transfer_epoch5(NODE1) | NODE0 = NODE1","16","0-0-----000-0------------0----00--0000","14","38","F","677","0101010120","0101010120","e0h0l0t0","0-0-----000-","0-","-----------0","----00--0000","0","5","0","1","0","1","0","6","2","0"
"2190","4","forall NODE1,NODE0. ep_epoch0(NODE0) | ep_epoch2(NODE0) | ep_epoch2(NODE1) | ep_epoch3(NODE1) | ep_epoch5(NODE1) | held(NODE0) | locked_epoch4(NODE1) | transfer_epoch2(NODE0) | transfer_epoch2(NODE1) | transfer_epoch4(NODE0) | transfer_epoch4(NODE1) | transfer_epoch5(NODE0) | transfer_epoch5(NODE1) | NODE0 = NODE1","16","0-0-----00-00----------0------00--0000","14","38","F","677","0101010120","0101010120","e0h0l0t0","0-0-----00-0","0-","---------0--","----00--0000","0","5","0","1","0","1","0","6","2","0"
"2191","4","forall NODE1,NODE0. ep_epoch0(NODE0) | ep_epoch2(NODE0) | ep_epoch2(NODE1) | ep_epoch3(NODE1) | held(NODE0) | locked_epoch4(NODE1) | locked_epoch5(NODE1) | transfer_epoch2(NODE0) | transfer_epoch2(NODE1) | transfer_epoch4(NODE0) | transfer_epoch4(NODE1) | transfer_epoch5(NODE0) | transfer_epoch5(NODE1) | NODE0 = NODE1","16","0-0-----00--0----------0-0----00--0000","14","38","F","677","0101010120","0101010120","e0h0l0t0","0-0-----00--","0-","---------0-0","----00--0000","0","4","0","1","0","2","0","6","2","0"
"2192","4","forall NODE1,NODE0. ep_epoch0(NODE0) | ep_epoch2(NODE0) | ep_epoch2(NODE1) | ep_epoch4(NODE1) | ep_epoch5(NODE1) | held(NODE0) | locked_epoch3(NODE1) | transfer_epoch2(NODE0) | transfer_epoch2(NODE1) | transfer_epoch4(NODE0) | transfer_epoch4(NODE1) | transfer_epoch5(NODE0) | transfer_epoch5(NODE1) | NODE0 = NODE1","16","0-0-----0-000--------0--------00--0000","14","38","F","677","0101010120","0101010120","e0h0l0t0","0-0-----0-00","0-","-------0----","----00--0000","0","5","0","1","0","1","0","6","2","0"
"2193","4","forall NODE1,NODE0. ep_epoch0(NODE0) | ep_epoch2(NODE0) | ep_epoch2(NODE1) | ep_epoch4(NODE1) | held(NODE0) | locked_epoch3(NODE1) | locked_epoch5(NODE1) | transfer_epoch2(NODE0) | transfer_epoch2(NODE1) | transfer_epoch4(NODE0) | transfer_epoch4(NODE1) | transfer_epoch5(NODE0) | transfer_epoch5(NODE1) | NODE0 = NODE1","16","0-0-----0-0-0--------0---0----00--0000","14","38","F","677","0101010120","0101010120","e0h0l0t0","0-0-----0-0-","0-","-------0---0","----00--0000","0","4","0","1","0","2","0","6","2","0"
"2194","4","forall NODE1,NODE0. ep_epoch0(NODE0) | ep_epoch2(NODE0) | ep_epoch2(NODE1) | ep_epoch5(NODE1) | held(NODE0) | locked_epoch3(NODE1) | locked_epoch4(NODE1) | transfer_epoch2(NODE0) | transfer_epoch2(NODE1) | transfer_epoch4(NODE0) | transfer_epoch4(NODE1) | transfer_epoch5(NODE0) | transfer_epoch5(NODE1) | NODE0 = NODE1","16","0-0-----0--00--------0-0------00--0000","14","38","F","677","0101010120","0101010120","e0h0l0t0","0-0-----0--0","0-","-------0-0--","----00--0000","0","4","0","1","0","2","0","6","2","0"
"2195","4","forall NODE1,NODE0. ep_epoch0(NODE0) | ep_epoch2(NODE0) | ep_epoch2(NODE1) | held(NODE0) | locked_epoch3(NODE1) | locked_epoch4(NODE1) | locked_epoch5(NODE1) | transfer_epoch2(NODE0) | transfer_epoch2(NODE1) | transfer_epoch4(NODE0) | transfer_epoch4(NODE1) | transfer_epoch5(NODE0) | transfer_epoch5(NODE1) | NODE0 = NODE1","16","0-0-----0---0--------0-0-0----00--0000","14","38","F","677","0101010120","0101010120","e0h0l0t0","0-0-----0---","0-","-------0-0-0","----00--0000","0","3","0","1","0","3","0","6","2","0"
"2196","3","forall NODE1,NODE0. ep_epoch0(NODE0) | ep_epoch2(NODE1) | ep_epoch3(NODE0) | ep_epoch3(NODE1) | ep_epoch4(NODE1) | ep_epoch5(NODE1) | held(NODE0) | transfer_epoch2(NODE0) | transfer_epoch2(NODE1) | transfer_epoch3(NODE0) | transfer_epoch3(NODE1) | transfer_epoch5(NODE0) | transfer_epoch5(NODE1) | NODE0 = NODE1","16","0--0----00000-----------------0000--00","14","37","F","48","0101000120","0101000120","e0h0t0","0--0----0000","0-","------------","----0000--00","0","6","0","1","0","0","0","6","2","0"
"2197","4","forall NODE1,NODE0. ep_epoch0(NODE0) | ep_epoch2(NODE1) | ep_epoch3(NODE0) | ep_epoch3(NODE1) | ep_epoch4(NODE1) | held(NODE0) | locked_epoch5(NODE1) | transfer_epoch2(NODE0) | transfer_epoch2(NODE1) | transfer_epoch3(NODE0) | transfer_epoch3(NODE1) | transfer_epoch5(NODE0) | transfer_epoch5(NODE1) | NODE0 = NODE1","16","0--0----000-0------------0----0000--00","14","38","F","677","0101010120","0101010120","e0h0l0t0","0--0----000-","0-","-----------0","----0000--00","0","5","0","1","0","1","0","6","2","0"
"2198","4","forall NODE1,NODE0. ep_epoch0(NODE0) | ep_epoch2(NODE1) | ep_epoch3(NODE0) | ep_epoch3(NODE1) | ep_epoch5(NODE1) | held(NODE0) | locked_epoch4(NODE1) | transfer_epoch2(NODE0) | transfer_epoch2(NODE1) | transfer_epoch3(NODE0) | transfer_epoch3(NODE1) | transfer_epoch5(NODE0) | transfer_epoch5(NODE1) | NODE0 = NODE1","16","0--0----00-00----------0------0000--00","14","38","F","677","0101010120","0101010120","e0h0l0t0","0--0----00-0","0-","---------0--","----0000--00","0","5","0","1","0","1","0","6","2","0"
"2199","4","forall NODE1,NODE0. ep_epoch0(NODE0) | ep_epoch2(NODE1) | ep_epoch3(NODE0) | ep_epoch3(NODE1) | held(NODE0) | locked_epoch4(NODE1) | locked_epoch5(NODE1) | transfer_epoch2(NODE0) | transfer_epoch2(NODE1) | transfer_epoch3(NODE0) | transfer_epoch3(NODE1) | transfer_epoch5(NODE0) | transfer_epoch5(NODE1) | NODE0 = NODE1","16","0--0----00--0----------0-0----0000--00","14","38","F","677","0101010120","0101010120","e0h0l0t0","0--0----00--","0-","---------0-0","----0000--00","0","4","0","1","0","2","0","6","2","0"
"2200","3","forall NODE1,NODE0. ep_epoch0(NODE0) | ep_epoch2(NODE1) | ep_epoch3(NODE1) | ep_epoch4(NODE0) | ep_epoch4(NODE1) | ep_epoch5(NODE1) | held(NODE0) | transfer_epoch2(NODE0) | transfer_epoch2(NODE1) | transfer_epoch3(NODE0) | transfer_epoch3(NODE1) | transfer_epoch4(NODE0) | transfer_epoch4(NODE1) | NODE0 = NODE1","16","0---0---00000-----------------000000--","14","37","F","48","0101000120","0101000120","e0h0t0","0---0---0000","0-","------------","----000000--","0","6","0","1","0","0","0","6","2","0"
"2201","4","forall NODE1,NODE0. ep_epoch0(NODE0) | ep_epoch2(NODE1) | ep_epoch3(NODE1) | ep_epoch4(NODE0) | ep_epoch4(NODE1) | held(NODE0) | locked_epoch5(NODE1) | transfer_epoch2(NODE0) | transfer_epoch2(NODE1) | transfer_epoch3(NODE0) | transfer_epoch3(NODE1) | transfer_epoch4(NODE0) | transfer_epoch4(NODE1) | NODE0 = NODE1","16","0---0---000-0------------0----000000--","14","38","F","677","0101010120","0101010120","e0h0l0t0","0---0---000-","0-","-----------0","----000000--","0","5","0","1","0","1","0","6","2","0"
"2202","4","forall NODE1,NODE0. ep_epoch0(NODE0) | ep_epoch2(NODE1) | ep_epoch3(NODE1) | ep_epoch4(NODE1) | ep_epoch5(NODE1) | held(NODE0) | locked_epoch4(NODE0) | transfer_epoch2(NODE0) | transfer_epoch2(NODE1) | transfer_epoch3(NODE0) | transfer_epoch3(NODE1) | transfer_epoch4(NODE0) | transfer_epoch4(NODE1) | NODE0 = NODE1","16","0-------00000---------0-------000000--","14","38","F","677","0101010120","0101010120","e0h0l0t0","0-------0000","0-","--------0---","----000000--","0","5","0","1","0","1","0","6","2","0"
"2203","4","forall NODE1,NODE0. ep_epoch0(NODE0) | ep_epoch2(NODE1) | ep_epoch3(NODE1) | ep_epoch4(NODE1) | held(NODE0) | locked_epoch4(NODE0) | locked_epoch5(NODE1) | transfer_epoch2(NODE0) | transfer_epoch2(NODE1) | transfer_epoch3(NODE0) | transfer_epoch3(NODE1) | transfer_epoch4(NODE0) | transfer_epoch4(NODE1) | NODE0 = NODE1","16","0-------000-0---------0--0----000000--","14","38","F","677","0101010120","0101010120","e0h0l0t0","0-------000-","0-","--------0--0","----000000--","0","4","0","1","0","2","0","6","2","0"
"2204","4","forall NODE1,NODE0. ep_epoch0(NODE0) | ep_epoch2(NODE1) | ep_epoch4(NODE0) | ep_epoch4(NODE1) | ep_epoch5(NODE1) | held(NODE0) | locked_epoch3(NODE1) | transfer_epoch2(NODE0) | transfer_epoch2(NODE1) | transfer_epoch3(NODE0) | transfer_epoch3(NODE1) | transfer_epoch4(NODE0) | transfer_epoch4(NODE1) | NODE0 = NODE1","16","0---0---0-000--------0--------000000--","14","38","F","677","0101010120","0101010120","e0h0l0t0","0---0---0-00","0-","-------0----","----000000--","0","5","0","1","0","1","0","6","2","0"
"2205","4","forall NODE1,NODE0. ep_epoch0(NODE0) | ep_epoch2(NODE1) | ep_epoch4(NODE0) | ep_epoch4(NODE1) | held(NODE0) | locked_epoch3(NODE1) | locked_epoch5(NODE1) | transfer_epoch2(NODE0) | transfer_epoch2(NODE1) | transfer_epoch3(NODE0) | transfer_epoch3(NODE1) | transfer_epoch4(NODE0) | transfer_epoch4(NODE1) | NODE0 = NODE1","16","0---0---0-0-0--------0---0----000000--","14","38","F","677","0101010120","0101010120","e0h0l0t0","0---0---0-0-","0-","-------0---0","----000000--","0","4","0","1","0","2","0","6","2","0"
"2206","4","forall NODE1,NODE0. ep_epoch0(NODE0) | ep_epoch2(NODE1) | ep_epoch4(NODE1) | ep_epoch5(NODE1) | held(NODE0) | locked_epoch3(NODE1) | locked_epoch4(NODE0) | transfer_epoch2(NODE0) | transfer_epoch2(NODE1) | transfer_epoch3(NODE0) | transfer_epoch3(NODE1) | transfer_epoch4(NODE0) | transfer_epoch4(NODE1) | NODE0 = NODE1","16","0-------0-000--------00-------000000--","14","38","F","677","0101010120","0101010120","e0h0l0t0","0-------0-00","0-","-------00---","----000000--","0","4","0","1","0","2","0","6","2","0"
"2207","4","forall NODE1,NODE0. ep_epoch0(NODE0) | ep_epoch2(NODE1) | ep_epoch4(NODE1) | held(NODE0) | locked_epoch3(NODE1) | locked_epoch4(NODE0) | locked_epoch5(NODE1) | transfer_epoch2(NODE0) | transfer_epoch2(NODE1) | transfer_epoch3(NODE0) | transfer_epoch3(NODE1) | transfer_epoch4(NODE0) | transfer_epoch4(NODE1) | NODE0 = NODE1","16","0-------0-0-0--------00--0----000000--","14","38","F","677","0101010120","0101010120","e0h0l0t0","0-------0-0-","0-","-------00--0","----000000--","0","3","0","1","0","3","0","6","2","0"
"2208","4","forall NODE1,NODE0. ep_epoch0(NODE0) | ep_epoch3(NODE0) | ep_epoch3(NODE1) | ep_epoch4(NODE1) | ep_epoch5(NODE1) | held(NODE0) | locked_epoch2(NODE1) | transfer_epoch2(NODE0) | transfer_epoch2(NODE1) | transfer_epoch3(NODE0) | transfer_epoch3(NODE1) | transfer_epoch5(NODE0) | transfer_epoch5(NODE1) | NODE0 = NODE1","16","0--0-----0000------0----------0000--00","14","38","F","677","0101010120","0101010120","e0h0l0t0","0--0-----000","0-","-----0------","----0000--00","0","5","0","1","0","1","0","6","2","0"
"2209","4","forall NODE1,NODE0. ep_epoch0(NODE0) | ep_epoch3(NODE0) | ep_epoch3(NODE1) | ep_epoch4(NODE1) | held(NODE0) | locked_epoch2(NODE1) | locked_epoch5(NODE1) | transfer_epoch2(NODE0) | transfer_epoch2(NODE1) | transfer_epoch3(NODE0) | transfer_epoch3(NODE1) | transfer_epoch5(NODE0) | transfer_epoch5(NODE1) | NODE0 = NODE1","16","0--0-----00-0------0-----0----0000--00","14","38","F","677","0101010120","0101010120","e0h0l0t0","0--0-----00-","0-","-----0-----0","----0000--00","0","4","0","1","0","2","0","6","2","0"
"2210","4","forall NODE1,NODE0. ep_epoch0(NODE0) | ep_epoch3(NODE0) | ep_epoch3(NODE1) | ep_epoch5(NODE1) | held(NODE0) | locked_epoch2(NODE1) | locked_epoch4(NODE1) | transfer_epoch2(NODE0) | transfer_epoch2(NODE1) | transfer_epoch3(NODE0) | transfer_epoch3(NODE1) | transfer_epoch5(NODE0) | transfer_epoch5(NODE1) | NODE0 = NODE1","16","0--0-----0-00------0---0------0000--00","14","38","F","677","0101010120","0101010120","e0h0l0t0","0--0-----0-0","0-","-----0---0--","----0000--00","0","4","0","1","0","2","0","6","2","0"
"2211","4","forall NODE1,NODE0. ep_epoch0(NODE0) | ep_epoch3(NODE0) | ep_epoch3(NODE1) | held(NODE0) | locked_epoch2(NODE1) | locked_epoch4(NODE1) | locked_epoch5(NODE1) | transfer_epoch2(NODE0) | transfer_epoch2(NODE1) | transfer_epoch3(NODE0) | transfer_epoch3(NODE1) | transfer_epoch5(NODE0) | transfer_epoch5(NODE1) | NODE0 = NODE1","16","0--0-----0--0------0---0-0----0000--00","14","38","F","677","0101010120","0101010120","e0h0l0t0","0--0-----0--","0-","-----0---0-0","----0000--00","0","3","0","1","0","3","0","6","2","0"
"2212","4","forall NODE1,NODE0. ep_epoch0(NODE0) | ep_epoch3(NODE1) | ep_epoch4(NODE0) | ep_epoch4(NODE1) | ep_epoch5(NODE1) | held(NODE0) | locked_epoch2(NODE1) | transfer_epoch2(NODE0) | transfer_epoch2(NODE1) | transfer_epoch3(NODE0) | transfer_epoch3(NODE1) | transfer_epoch4(NODE0) | transfer_epoch4(NODE1) | NODE0 = NODE1","16","0---0----0000------0----------000000--","14","38","F","677","0101010120","0101010120","e0h0l0t0","0---0----000","0-","-----0------","----000000--","0","5","0","1","0","1","0","6","2","0"
"2213","4","forall NODE1,NODE0. ep_epoch0(NODE0) | ep_epoch3(NODE1) | ep_epoch4(NODE0) | ep_epoch4(NODE1) | held(NODE0) | locked_epoch2(NODE1) | locked_epoch5(NODE1) | transfer_epoch2(NODE0) | transfer_epoch2(NODE1) | transfer_epoch3(NODE0) | transfer_epoch3(NODE1) | transfer_epoch4(NODE0) | transfer_epoch4(NODE1) | NODE0 = NODE1","16","0---0----00-0------0-----0----000000--","14","38","F","677","0101010120","0101010120","e0h0l0t0","0---0----00-","0-","-----0-----0","----000000--","0","4","0","1","0","2","0","6","2","0"
"2214","4","forall NODE1,NODE0. ep_epoch0(NODE0) | ep_epoch3(NODE1) | ep_epoch4(NODE1) | ep_epoch5(NODE1) | held(NODE0) | locked_epoch2(NODE1) | locked_epoch4(NODE0) | transfer_epoch2(NODE0) | transfer_epoch2(NODE1) | transfer_epoch3(NODE0) | transfer_epoch3(NODE1) | transfer_epoch4(NODE0) | transfer_epoch4(NODE1) | NODE0 = NODE1","16","0--------0000------0--0-------000000--","14","38","F","677","0101010120","0101010120","e0h0l0t0","0--------000","0-","-----0--0---","----000000--","0","4","0","1","0","2","0","6","2","0"
"2215","4","forall NODE1,NODE0. ep_epoch0(NODE0) | ep_epoch3(NODE1) | ep_epoch4(NODE1) | held(NODE0) | locked_epoch2(NODE1) | locked_epoch4(NODE0) | locked_epoch5(NODE1) | transfer_epoch2(NODE0) | transfer_epoch2(NODE1) | transfer_epoch3(NODE0) | transfer_epoch3(NODE1) | transfer_epoch4(NODE0) | transfer_epoch4(NODE1) | NODE0 = NODE1","16","0--------00-0------0--0--0----000000--","14","38","F","677","0101010120","0101010120","e0h0l0t0","0--------00-","0-","-----0--0--0","----000000--","0","3","0","1","0","3","0","6","2","0"
"2216","4","forall NODE1,NODE0. ep_epoch0(NODE0) | ep_epoch4(NODE0) | ep_epoch4(NODE1) | ep_epoch5(NODE1) | held(NODE0) | locked_epoch2(NODE1) | locked_epoch3(NODE1) | transfer_epoch2(NODE0) | transfer_epoch2(NODE1) | transfer_epoch3(NODE0) | transfer_epoch3(NODE1) | transfer_epoch4(NODE0) | transfer_epoch4(NODE1) | NODE0 = NODE1","16","0---0-----000------0-0--------000000--","14","38","F","677","0101010120","0101010120","e0h0l0t0","0---0-----00","0-","-----0-0----","----000000--","0","4","0","1","0","2","0","6","2","0"
"2217","4","forall NODE1,NODE0. ep_epoch0(NODE0) | ep_epoch4(NODE0) | ep_epoch4(NODE1) | held(NODE0) | locked_epoch2(NODE1) | locked_epoch3(NODE1) | locked_epoch5(NODE1) | transfer_epoch2(NODE0) | transfer_epoch2(NODE1) | transfer_epoch3(NODE0) | transfer_epoch3(NODE1) | transfer_epoch4(NODE0) | transfer_epoch4(NODE1) | NODE0 = NODE1","16","0---0-----0-0------0-0---0----000000--","14","38","F","677","0101010120","0101010120","e0h0l0t0","0---0-----0-","0-","-----0-0---0","----000000--","0","3","0","1","0","3","0","6","2","0"
"2218","4","forall NODE1,NODE0. ep_epoch0(NODE0) | ep_epoch4(NODE1) | ep_epoch5(NODE1) | held(NODE0) | locked_epoch2(NODE1) | locked_epoch3(NODE1) | locked_epoch4(NODE0) | transfer_epoch2(NODE0) | transfer_epoch2(NODE1) | transfer_epoch3(NODE0) | transfer_epoch3(NODE1) | transfer_epoch4(NODE0) | transfer_epoch4(NODE1) | NODE0 = NODE1","16","0---------000------0-00-------000000--","14","38","F","677","0101010120","0101010120","e0h0l0t0","0---------00","0-","-----0-00---","----000000--","0","3","0","1","0","3","0","6","2","0"
"2219","4","forall NODE1,NODE0. ep_epoch0(NODE0) | ep_epoch4(NODE1) | held(NODE0) | locked_epoch2(NODE1) | locked_epoch3(NODE1) | locked_epoch4(NODE0) | locked_epoch5(NODE1) | transfer_epoch2(NODE0) | transfer_epoch2(NODE1) | transfer_epoch3(NODE0) | transfer_epoch3(NODE1) | transfer_epoch4(NODE0) | transfer_epoch4(NODE1) | NODE0 = NODE1","16","0---------0-0------0-00--0----000000--","14","38","F","677","0101010120","0101010120","e0h0l0t0","0---------0-","0-","-----0-00--0","----000000--","0","2","0","1","0","4","0","6","2","0"
"2220","3","forall NODE1,NODE0. ep_epoch1(NODE0) | ep_epoch1(NODE1) | ep_epoch2(NODE1) | ep_epoch3(NODE1) | ep_epoch4(NODE1) | ep_epoch5(NODE1) | held(NODE0) | transfer_epoch3(NODE0) | transfer_epoch3(NODE1) | transfer_epoch4(NODE0) | transfer_epoch4(NODE1) | transfer_epoch5(NODE0) | transfer_epoch5(NODE1) | NODE0 = NODE1","16","-00000-0-----0------------------000000","14","37","F","48","0101000120","0101000120","e0h0t0","-00000-0----","-0","------------","------000000","0","6","0","1","0","0","0","6","2","0"
"2221","4","forall NODE1,NODE0. ep_epoch1(NODE0) | ep_epoch1(NODE1) | ep_epoch2(NODE1) | ep_epoch3(NODE1) | ep_epoch4(NODE1) | held(NODE0) | locked_epoch5(NODE1) | transfer_epoch3(NODE0) | transfer_epoch3(NODE1) | transfer_epoch4(NODE0) | transfer_epoch4(NODE1) | transfer_epoch5(NODE0) | transfer_epoch5(NODE1) | NODE0 = NODE1","16","-0000--0-----0----------0-------000000","14","38","F","677","0101010120","0101010120","e0h0l0t0","-0000--0----","-0","----------0-","------000000","0","5","0","1","0","1","0","6","2","0"
"2222","4","forall NODE1,NODE0. ep_epoch1(NODE0) | ep_epoch1(NODE1) | ep_epoch2(NODE1) | ep_epoch3(NODE1) | ep_epoch5(NODE1) | held(NODE0) | locked_epoch4(NODE1) | transfer_epoch3(NODE0) | transfer_epoch3(NODE1) | transfer_epoch4(NODE0) | transfer_epoch4(NODE1) | transfer_epoch5(NODE0) | transfer_epoch5(NODE1) | NODE0 = NODE1","16","-000-0-0-----0--------0---------000000","14","38","F","677","0101010120","0101010120","e0h0l0t0","-000-0-0----","-0","--------0---","------000000","0","5","0","1","0","1","0","6","2","0"
"2223","4","forall NODE1,NODE0. ep_epoch1(NODE0) | ep_epoch1(NODE1) | ep_epoch2(NODE1) | ep_epoch3(NODE1) | held(NODE0) | locked_epoch4(NODE1) | locked_epoch5(NODE1) | transfer_epoch3(NODE0) | transfer_epoch3(NODE1) | transfer_epoch4(NODE0) | transfer_epoch4(NODE1) | transfer_epoch5(NODE0) | transfer_epoch5(NODE1) | NODE0 = NODE1","16","-000---0-----0--------0-0-------000000","14","38","F","677","0101010120","0101010120","e0h0l0t0","-000---0----","-0","--------0-0-","------000000","0","4","0","1","0","2","0","6","2","0"
"2224","4","forall NODE1,NODE0. ep_epoch1(NODE0) | ep_epoch1(NODE1) | ep_epoch2(NODE1) | ep_epoch4(NODE1) | ep_epoch5(NODE1) | held(NODE0) | locked_epoch3(NODE1) | transfer_epoch3(NODE0) | transfer_epoch3(NODE1) | transfer_epoch4(NODE0) | transfer_epoch4(NODE1) | transfer_epoch5(NODE0) | transfer_epoch5(NODE1) | NODE0 = NODE1","16","-00-00-0-----0------0-----------000000","14","38","F","677","0101010120","0101010120","e0h0l0t0","-00-00-0----","-0","------0-----","------000000","0","5","0","1","0","1","0","6","2","0"
"2225","4","forall NODE1,NODE0. ep_epoch1(NODE0) | ep_epoch1(NODE1) | ep_epoch2(NODE1) | ep_epoch4(NODE1) | held(NODE0) | locked_epoch3(NODE1) | locked_epoch5(NODE1) | transfer_epoch3(NODE0) | transfer_epoch3(NODE1) | transfer_epoch4(NODE0) | transfer_epoch4(NODE1) | transfer_epoch5(NODE0) | transfer_epoch5(NODE1) | NODE0 = NODE1","16","-00-0--0-----0------0---0-------000000","14","38","F","677","0101010120","0101010120","e0h0l0t0","-00-0--0----","-0","------0---0-","------000000","0","4","0","1","0","2","0","6","2","0"
"2226","4","forall NODE1,NODE0. ep_epoch1(NODE0) | ep_epoch1(NODE1) | ep_epoch2(NODE1) | ep_epoch5(NODE1) | held(NODE0) | locked_epoch3(NODE1) | locked_epoch4(NODE1) | transfer_epoch3(NODE0) | transfer_epoch3(NODE1) | transfer_epoch4(NODE0) | transfer_epoch4(NODE1) | transfer_epoch5(NODE0) | transfer_epoch5(NODE1) | NODE0 = NODE1","16","-00--0-0-----0------0-0---------000000","14","38","F","677","0101010120","0101010120","e0h0l0t0","-00--0-0----","-0","------0-0---","------000000","0","4","0","1","0","2","0","6","2","0"
"2227","4","forall NODE1,NODE0. ep_epoch1(NODE0) | ep_epoch1(NODE1) | ep_epoch2(NODE1) | held(NODE0) | locked_epoch3(NODE1) | locked_epoch4(NODE1) | locked_epoch5(NODE1) | transfer_epoch3(NODE0) | transfer_epoch3(NODE1) | transfer_epoch4(NODE0) | transfer_epoch4(NODE1) | transfer_epoch5(NODE0) | transfer_epoch5(NODE1) | NODE0 = NODE1","16","-00----0-----0------0-0-0-------000000","14","38","F","677","0101010120","0101010120","e0h0l0t0","-00----0----","-0","------0-0-0-","------000000","0","3","0","1","0","3","0","6","2","0"
"2228","4","forall NODE1,NODE0. ep_epoch1(NODE0) | ep_epoch1(NODE1) | ep_epoch3(NODE1) | ep_epoch4(NODE1) | ep_epoch5(NODE1) | held(NODE0) | locked_epoch2(NODE1) | transfer_epoch3(NODE0) | transfer_epoch3(NODE1) | transfer_epoch4(NODE0) | transfer_epoch4(NODE1) | transfer_epoch5(NODE0) | transfer_epoch5(NODE1) | NODE0 = NODE1","16","-0-000-0-----0----0-------------000000","14","38","F","677","0101010120","0101010120","e0h0l0t0","-0-000-0----","-0","----0-------","------000000","0","5","0","1","0","1","0","6","2","0"
"2229","4","forall NODE1,NODE0. ep_epoch1(NODE0) | ep_epoch1(NODE1) | ep_epoch3(NODE1) | ep_epoch4(NODE1) | held(NODE0) | locked_epoch2(NODE1) | locked_epoch5(NODE1) | transfer_epoch3(NODE0) | transfer_epoch3(NODE1) | transfer_epoch4(NODE0) | transfer_epoch4(NODE1) | transfer_epoch5(NODE0) | transfer_epoch5(NODE1) | NODE0 = NODE1","16","-0-00--0-----0----0-----0-------000000","14","38","F","677","0101010120","0101010120","e0h0l0t0","-0-00--0----","-0","----0-----0-","------000000","0","4","0","1","0","2","0","6","2","0"
"2230","4","forall NODE1,NODE0. ep_epoch1(NODE0) | ep_epoch1(NODE1) | ep_epoch3(NODE1) | ep_epoch5(NODE1) | held(NODE0) | locked_epoch2(NODE1) | locked_epoch4(NODE1) | transfer_epoch3(NODE0) | transfer_epoch3(NODE1) | transfer_epoch4(NODE0) | transfer_epoch4(NODE1) | transfer_epoch5(NODE0) | transfer_epoch5(NODE1) | NODE0 = NODE1","16","-0-0-0-0-----0----0---0---------000000","14","38","F","677","0101010120","0101010120","e0h0l0t0","-0-0-0-0----","-0","----0---0---","------000000","0","4","0","1","0","2","0","6","2","0"
"2231","4","forall NODE1,NODE0. ep_epoch1(NODE0) | ep_epoch1(NODE1) | ep_epoch3(NODE1) | held(NODE0) | locked_epoch2(NODE1) | locked_epoch4(NODE1) | locked_epoch5(NODE1) | transfer_epoch3(NODE0) | transfer_epoch3(NODE1) | transfer_epoch4(NODE0) | transfer_epoch4(NODE1) | transfer_epoch5(NODE0) | transfer_epoch5(NODE1) | NODE0 = NODE1","16","-0-0---0-----0----0---0-0-------000000","14","38","F","677","0101010120","0101010120","e0h0l0t0","-0-0---0----","-0","----0---0-0-","------000000","0","3","0","1","0","3","0","6","2","0"
"2232","4","forall NODE1,NODE0. ep_epoch1(NODE0) | ep_epoch1(NODE1) | ep_epoch4(NODE1) | ep_epoch5(NODE1) | held(NODE0) | locked_epoch2(NODE1) | locked_epoch3(NODE1) | transfer_epoch3(NODE0) | transfer_epoch3(NODE1) | transfer_epoch4(NODE0) | transfer_epoch4(NODE1) | transfer_epoch5(NODE0) | transfer_epoch5(NODE1) | NODE0 = NODE1","16","-0--00-0-----0----0-0-----------000000","14","38","F","677","0101010120","0101010120","e0h0l0t0","-0--00-0----","-0","----0-0-----","------000000","0","4","0","1","0","2","0","6","2","0"
"2233","4","forall NODE1,NODE0. ep_epoch1(NODE0) | ep_epoch1(NODE1) | ep_epoch4(NODE1) | held(NODE0) | locked_epoch2(NODE1) | locked_epoch3(NODE1) | locked_epoch5(NODE1) | transfer_epoch3(NODE0) | transfer_epoch3(NODE1) | transfer_epoch4(NODE0) | transfer_epoch4(NODE1) | transfer_epoch5(NODE0) | transfer_epoch5(NODE1) | NODE0 = NODE1","16","-0--0--0-----0----0-0---0-------000000","14","38","F","677","0101010120","0101010120","e0h0l0t0","-0--0--0----","-0","----0-0---0-","------000000","0","3","0","1","0","3","0","6","2","0"
"2234","4","forall NODE1,NODE0. ep_epoch1(NODE0) | ep_epoch1(NODE1) | ep_epoch5(NODE1) | held(NODE0) | locked_epoch2(NODE1) | locked_epoch3(NODE1) | locked_epoch4(NODE1) | transfer_epoch3(NODE0) | transfer_epoch3(NODE1) | transfer_epoch4(NODE0) | transfer_epoch4(NODE1) | transfer_epoch5(NODE0) | transfer_epoch5(NODE1) | NODE0 = NODE1","16","-0---0-0-----0----0-0-0---------000000","14","38","F","677","0101010120","0101010120","e0h0l0t0","-0---0-0----","-0","----0-0-0---","------000000","0","3","0","1","0","3","0","6","2","0"
"2235","4","forall NODE1,NODE0. ep_epoch1(NODE0) | ep_epoch1(NODE1) | held(NODE0) | locked_epoch2(NODE1) | locked_epoch3(NODE1) | locked_epoch4(NODE1) | locked_epoch5(NODE1) | transfer_epoch3(NODE0) | transfer_epoch3(NODE1) | transfer_epoch4(NODE0) | transfer_epoch4(NODE1) | transfer_epoch5(NODE0) | transfer_epoch5(NODE1) | NODE0 = NODE1","16","-0-----0----0------0-0-0-0------000000","14","38","F","677","0101010120","0101010120","e0h0l0t0","-0-----0----","0-","-----0-0-0-0","------000000","0","2","0","1","0","4","0","6","2","0"
"2236","3","forall NODE1,NODE0. ep_epoch1(NODE0) | ep_epoch2(NODE0) | ep_epoch2(NODE1) | ep_epoch3(NODE0) | ep_epoch4(NODE0) | ep_epoch5(NODE0) | held(NODE1) | transfer_epoch2(NODE0) | transfer_epoch2(NODE1) | transfer_epoch4(NODE0) | transfer_epoch4(NODE1) | transfer_epoch5(NODE0) | transfer_epoch5(NODE1) | NODE0 = NODE1","16","-00000--0----0----------------00--0000","14","37","F","48","0101000120","0101000120","e0h0t0","-00000--0---","-0","------------","----00--0000","0","6","0","1","0","0","0","6","2","0"
"2237","4","forall NODE1,NODE0. ep_epoch1(NODE0) | ep_epoch2(NODE0) | ep_epoch2(NODE1) | ep_epoch3(NODE0) | ep_epoch4(NODE0) | held(NODE1) | locked_epoch5(NODE0) | transfer_epoch2(NODE0) | transfer_epoch2(NODE1) | transfer_epoch4(NODE0) | transfer_epoch4(NODE1) | transfer_epoch5(NODE0) | transfer_epoch5(NODE1) | NODE0 = NODE1","16","-0000---0----0----------0-----00--0000","14","38","F","677","0101010120","0101010120","e0h0l0t0","-0000---0---","-0","----------0-","----00--0000","0","5","0","1","0","1","0","6","2","0"
"2238","4","forall NODE1,NODE0. ep_epoch1(NODE0) | ep_epoch2(NODE0) | ep_epoch2(NODE1) | ep_epoch3(NODE0) | ep_epoch5(NODE0) | held(NODE1) | locked_epoch4(NODE0) | transfer_epoch2(NODE0) | transfer_epoch2(NODE1) | transfer_epoch4(NODE0) | transfer_epoch4(NODE1) | transfer_epoch5(NODE0) | transfer_epoch5(NODE1) | NODE0 = NODE1","16","-000-0--0----0--------0-------00--0000","14","38","F","677","0101010120","0101010120","e0h0l0t0","-000-0--0---","-0","--------0---","----00--0000","0","5","0","1","0","1","0","6","2","0"
"2239","4","forall NODE1,NODE0. ep_epoch1(NODE0) | ep_epoch2(NODE0) | ep_epoch2(NODE1) | ep_epoch3(NODE0) | held(NODE1) | locked_epoch4(NODE0) | locked_epoch5(NODE0) | transfer_epoch2(NODE0) | transfer_epoch2(NODE1) | transfer_epoch4(NODE0) | transfer_epoch4(NODE1) | transfer_epoch5(NODE0) | transfer_epoch5(NODE1) | NODE0 = NODE1","16","-000----0----0--------0-0-----00--0000","14","38","F","677","0101010120","0101010120","e0h0l0t0","-000----0---","-0","--------0-0-","----00--0000","0","4","0","1","0","2","0","6","2","0"
"2240","4","forall NODE1,NODE0. ep_epoch1(NODE0) | ep_epoch2(NODE0) | ep_epoch2(NODE1) | ep_epoch4(NODE0) | ep_epoch5(NODE0) | held(NODE1) | locked_epoch3(NODE0) | transfer_epoch2(NODE0) | transfer_epoch2(NODE1) | transfer_epoch4(NODE0) | transfer_epoch4(NODE1) | transfer_epoch5(NODE0) | transfer_epoch5(NODE1) | NODE0 = NODE1","16","-00-00--0----0------0---------00--0000","14","38","F","677","0101010120","0101010120","e0h0l0t0","-00-00--0---","-0","------0-----","----00--0000","0","5","0","1","0","1","0","6","2","0"
"2241","4","forall NODE1,NODE0. ep_epoch1(NODE0) | ep_epoch2(NODE0) | ep_epoch2(NODE1) | ep_epoch4(NODE0) | held(NODE1) | locked_epoch3(NODE0) | locked_epoch5(NODE0) | transfer_epoch2(NODE0) | transfer_epoch2(NODE1) | transfer_epoch4(NODE0) | transfer_epoch4(NODE1) | transfer_epoch5(NODE0) | transfer_epoch5(NODE1) | NODE0 = NODE1","16","-00-0---0----0------0---0-----00--0000","14","38","F","677","0101010120","0101010120","e0h0l0t0","-00-0---0---","-0","------0---0-","----00--0000","0","4","0","1","0","2","0","6","2","0"
"2242","4","forall NODE1,NODE0. ep_epoch1(NODE0) | ep_epoch2(NODE0) | ep_epoch2(NODE1) | ep_epoch5(NODE0) | held(NODE1) | locked_epoch3(NODE0) | locked_epoch4(NODE0) | transfer_epoch2(NODE0) | transfer_epoch2(NODE1) | transfer_epoch4(NODE0) | transfer_epoch4(NODE1) | transfer_epoch5(NODE0) | transfer_epoch5(NODE1) | NODE0 = NODE1","16","-00--0--0----0------0-0-------00--0000","14","38","F","677","0101010120","0101010120","e0h0l0t0","-00--0--0---","-0","------0-0---","----00--0000","0","4","0","1","0","2","0","6","2","0"
"2243","4","forall NODE1,NODE0. ep_epoch1(NODE0) | ep_epoch2(NODE0) | ep_epoch2(NODE1) | held(NODE1) | locked_epoch3(NODE0) | locked_epoch4(NODE0) | locked_epoch5(NODE0) | transfer_epoch2(NODE0) | transfer_epoch2(NODE1) | transfer_epoch4(NODE0) | transfer_epoch4(NODE1) | transfer_epoch5(NODE0) | transfer_epoch5(NODE1) | NODE0 = NODE1","16","-00-----0----0------0-0-0-----00--0000","14","38","F","677","0101010120","0101010120","e0h0l0t0","-00-----0---","-0","------0-0-0-","----00--0000","0","3","0","1","0","3","0","6","2","0"
"2244","3","forall NODE1,NODE0. ep_epoch1(NODE0) | ep_epoch2(NODE0) | ep_epoch3(NODE0) | ep_epoch3(NODE1) | ep_epoch4(NODE0) | ep_epoch5(NODE0) | held(NODE1) | transfer_epoch2(NODE0) | transfer_epoch2(NODE1) | transfer_epoch3(NODE0) | transfer_epoch3(NODE1) | transfer_epoch5(NODE0) | transfer_epoch5(NODE1) | NODE0 = NODE1","16","-00000---0---0----------------0000--00","14","37","F","48","0101000120","0101000120","e0h0t0","-00000---0--","-0","------------","----0000--00","0","6","0","1","0","0","0","6","2","0"
"2245","4","forall NODE1,NODE0. ep_epoch1(NODE0) | ep_epoch2(NODE0) | ep_epoch3(NODE0) | ep_epoch3(NODE1) | ep_epoch4(NODE0) | held(NODE1) | locked_epoch5(NODE0) | transfer_epoch2(NODE0) | transfer_epoch2(NODE1) | transfer_epoch3(NODE0) | transfer_epoch3(NODE1) | transfer_epoch5(NODE0) | transfer_epoch5(NODE1) | NODE0 = NODE1","16","-0000----0---0----------0-----0000--00","14","38","F","677","0101010120","0101010120","e0h0l0t0","-0000----0--","-0","----------0-","----0000--00","0","5","0","1","0","1","0","6","2","0"
"2246","4","forall NODE1,NODE0. ep_epoch1(NODE0) | ep_epoch2(NODE0) | ep_epoch3(NODE0) | ep_epoch3(NODE1) | ep_epoch5(NODE0) | held(NODE1) | locked_epoch4(NODE0) | transfer_epoch2(NODE0) | transfer_epoch2(NODE1) | transfer_epoch3(NODE0) | transfer_epoch3(NODE1) | transfer_epoch5(NODE0) | transfer_epoch5(NODE1) | NODE0 = NODE1","16","-000-0---0---0--------0-------0000--00","14","38","F","677","0101010120","0101010120","e0h0l0t0","-000-0---0--","-0","--------0---","----0000--00","0","5","0","1","0","1","0","6","2","0"
"2247","4","forall NODE1,NODE0. ep_epoch1(NODE0) | ep_epoch2(NODE0) | ep_epoch3(NODE0) | ep_epoch3(NODE1) | held(NODE1) | locked_epoch4(NODE0) | locked_epoch5(NODE0) | transfer_epoch2(NODE0) | transfer_epoch2(NODE1) | transfer_epoch3(NODE0) | transfer_epoch3(NODE1) | transfer_epoch5(NODE0) | transfer_epoch5(NODE1) | NODE0 = NODE1","16","-000-----0---0--------0-0-----0000--00","14","38","F","677","0101010120","0101010120","e0h0l0t0","-000-----0--","-0","--------0-0-","----0000--00","0","4","0","1","0","2","0","6","2","0"
"2248","3","forall NODE1,NODE0. ep_epoch1(NODE0) | ep_epoch2(NODE0) | ep_epoch3(NODE0) | ep_epoch4(NODE0) | ep_epoch4(NODE1) | ep_epoch5(NODE0) | held(NODE1) | transfer_epoch2(NODE0) | transfer_epoch2(NODE1) | transfer_epoch3(NODE0) | transfer_epoch3(NODE1) | transfer_epoch4(NODE0) | transfer_epoch4(NODE1) | NODE0 = NODE1","16","-00000----0--0----------------000000--","14","37","F","48","0101000120","0101000120","e0h0t0","-00000----0-","-0","------------","----000000--","0","6","0","1","0","0","0","6","2","0"
"2249","4","forall NODE1,NODE0. ep_epoch1(NODE0) | ep_epoch2(NODE0) | ep_epoch3(NODE0) | ep_epoch4(NODE0) | ep_epoch4(NODE1) | held(NODE1) | locked_epoch5(NODE0) | transfer_epoch2(NODE0) | transfer_epoch2(NODE1) | transfer_epoch3(NODE0) | transfer_epoch3(NODE1) | transfer_epoch4(NODE0) | transfer_epoch4(NODE1) | NODE0 = NODE1","16","-0000-----0--0----------0-----000000--","14","38","F","677","0101010120","0101010120","e0h0l0t0","-0000-----0-","-0","----------0-","----000000--","0","5","0","1","0","1","0","6","2","0"
"2250","4","forall NODE1,NODE0. ep_epoch1(NODE0) | ep_epoch2(NODE0) | ep_epoch3(NODE0) | ep_epoch4(NODE0) | ep_epoch5(NODE0) | held(NODE1) | locked_epoch4(NODE1) | transfer_epoch2(NODE0) | transfer_epoch2(NODE1) | transfer_epoch3(NODE0) | transfer_epoch3(NODE1) | transfer_epoch4(NODE0) | transfer_epoch4(NODE1) | NODE0 = NODE1","16","-00000-------0---------0------000000--","14","38","F","677","0101010120","0101010120","e0h0l0t0","-00000------","-0","---------0--","----000000--","0","5","0","1","0","1","0","6","2","0"
"2251","4","forall NODE1,NODE0. ep_epoch1(NODE0) | ep_epoch2(NODE0) | ep_epoch3(NODE0) | ep_epoch4(NODE0) | held(NODE1) | locked_epoch4(NODE1) | locked_epoch5(NODE0) | transfer_epoch2(NODE0) | transfer_epoch2(NODE1) | transfer_epoch3(NODE0) | transfer_epoch3(NODE1) | transfer_epoch4(NODE0) | transfer_epoch4(NODE1) | NODE0 = NODE1","16","-0000--------0---------00-----000000--","14","38","F","677","0101010120","0101010120","e0h0l0t0","-0000-------","-0","---------00-","----000000--","0","4","0","1","0","2","0","6","2","0"
"2252","4","forall NODE1,NODE0. ep_epoch1(NODE0) | ep_epoch2(NODE0) | ep_epoch4(NODE0) | ep_epoch4(NODE1) | ep_epoch5(NODE0) | held(NODE1) | locked_epoch3(NODE0) | transfer_epoch2(NODE0) | transfer_epoch2(NODE1) | transfer_epoch3(NODE0) | transfer_epoch3(NODE1) | transfer_epoch4(NODE0) | transfer_epoch4(NODE1) | NODE0 = NODE1","16","-00-00----0--0------0---------000000--","14","38","F","677","0101010120","0101010120","e0h0l0t0","-00-00----0-","-0","------0-----","----000000--","0","5","0","1","0","1","0","6","2","0"
"2253","4","forall NODE1,NODE0. ep_epoch1(NODE0) | ep_epoch2(NODE0) | ep_epoch4(NODE0) | ep_epoch4(NODE1) | held(NODE1) | locked_epoch3(NODE0) | locked_epoch5(NODE0) | transfer_epoch2(NODE0) | transfer_epoch2(NODE1) | transfer_epoch3(NODE0) | transfer_epoch3(NODE1) | transfer_epoch4(NODE0) | transfer_epoch4(NODE1) | NODE0 = NODE1","16","-00-0-----0--0------0---0-----000000--","14","38","F","677","0101010120","0101010120","e0h0l0t0","-00-0-----0-","-0","------0---0-","----000000--","0","4","0","1","0","2","0","6","2","0"
"2254","4","forall NODE1,NODE0. ep_epoch1(NODE0) | ep_epoch2(NODE0) | ep_epoch4(NODE0) | ep_epoch5(NODE0) | held(NODE1) | locked_epoch3(NODE0) | locked_epoch4(NODE1) | transfer_epoch2(NODE0) | transfer_epoch2(NODE1) | transfer_epoch3(NODE0) | transfer_epoch3(NODE1) | transfer_epoch4(NODE0) | transfer_epoch4(NODE1) | NODE0 = NODE1","16","-00-00-------0------0--0------000000--","14","38","F","677","0101010120","0101010120","e0h0l0t0","-00-00------","-0","------0--0--","----000000--","0","4","0","1","0","2","0","6","2","0"
"2255","4","forall NODE1,NODE0. ep_epoch1(NODE0) | ep_epoch2(NODE0) | ep_epoch4(NODE0) | held(NODE1) | locked_epoch3(NODE0) | locked_epoch4(NODE1) | locked_epoch5(NODE0) | transfer_epoch2(NODE0) | transfer_epoch2(NODE1) | transfer_epoch3(NODE0) | transfer_epoch3(NODE1) | transfer_epoch4(NODE0) | transfer_epoch4(NODE1) | NODE0 = NODE1","16","-00-0--------0------0--00-----000000--","14","38","F","677","0101010120","0101010120","e0h0l0t0","-00-0-------","-0","------0--00-","----000000--","0","3","0","1","0","3","0","6","2","0"
"2256","4","forall NODE1,NODE0. ep_epoch1(NODE0) | ep_epoch3(NODE0) | ep_epoch3(NODE1) | ep_epoch4(NODE0) | ep_epoch5(NODE0) | held(NODE1) | locked_epoch2(NODE0) | transfer_epoch2(NODE0) | transfer_epoch2(NODE1) | transfer_epoch3(NODE0) | transfer_epoch3(NODE1) | transfer_epoch5(NODE0) | transfer_epoch5(NODE1) | NODE0 = NODE1","16","-0-000---0---0----0-----------0000--00","14","38","F","677","0101010120","0101010120","e0h0l0t0","-0-000---0--","-0","----0-------","----0000--00","0","5","0","1","0","1","0","6","2","0"
"2257","4","forall NODE1,NODE0. ep_epoch1(NODE0) | ep_epoch3(NODE0) | ep_epoch3(NODE1) | ep_epoch4(NODE0) | held(NODE1) | locked_epoch2(NODE0) | locked_epoch5(NODE0) | transfer_epoch2(NODE0) | transfer_epoch2(NODE1) | transfer_epoch3(NODE0) | transfer_epoch3(NODE1) | transfer_epoch5(NODE0) | transfer_epoch5(NODE1) | NODE0 = NODE1","16","-0-00----0---0----0-----0-----0000--00","14","38","F","677","0101010120","0101010120","e0h0l0t0","-0-00----0--","-0","----0-----0-","----0000--00","0","4","0","1","0","2","0","6","2","0"
"2258","4","forall NODE1,NODE0. ep_epoch1(NODE0) | ep_epoch3(NODE0) | ep_epoch3(NODE1) | ep_epoch5(NODE0) | held(NODE1) | locked_epoch2(NODE0) | locked_epoch4(NODE0) | transfer_epoch2(NODE0) | transfer_epoch2(NODE1) | transfer_epoch3(NODE0) | transfer_epoch3(NODE1) | transfer_epoch5(NODE0) | transfer_epoch5(NODE1) | NODE0 = NODE1","16","-0-0-0---0---0----0---0-------0000--00","14","38","F","677","0101010120","0101010120","e0h0l0t0","-0-0-0---0--","-0","----0---0---","----0000--00","0","4","0","1","0","2","0","6","2","0"
"2259","4","forall NODE1,NODE0. ep_epoch1(NODE0) | ep_epoch3(NODE0) | ep_epoch3(NODE1) | held(NODE1) | locked_epoch2(NODE0) | locked_epoch4(NODE0) | locked_epoch5(NODE0) | transfer_epoch2(NODE0) | transfer_epoch2(NODE1) | transfer_epoch3(NODE0) | transfer_epoch3(NODE1) | transfer_epoch5(NODE0) | transfer_epoch5(NODE1) | NODE0 = NODE1","16","-0-0-----0---0----0---0-0-----0000--00","14","38","F","677","0101010120","0101010120","e0h0l0t0","-0-0-----0--","-0","----0---0-0-","----0000--00","0","3","0","1","0","3","0","6","2","0"
"2260","4","forall NODE1,NODE0. ep_epoch1(NODE0) | ep_epoch3(NODE0) | ep_epoch4(NODE0) | ep_epoch4(NODE1) | ep_epoch5(NODE0) | held(NODE1) | locked_epoch2(NODE0) | transfer_epoch2(NODE0) | transfer_epoch2(NODE1) | transfer_epoch3(NODE0) | transfer_epoch3(NODE1) | transfer_epoch4(NODE0) | transfer_epoch4(NODE1) | NODE0 = NODE1","16","-0-000----0--0----0-----------000000--","14","38","F","677","0101010120","0101010120","e0h0l0t0","-0-000----0-","-0","----0-------","----000000--","0","5","0","1","0","1","0","6","2","0"
"2261","4","forall NODE1,NODE0. ep_epoch1(NODE0) | ep_epoch3(NODE0) | ep_epoch4(NODE0) | ep_epoch4(NODE1) | held(NODE1) | locked_epoch2(NODE0) | locked_epoch5(NODE0) | transfer_epoch2(NODE0) | transfer_epoch2(NODE1) | transfer_epoch3(NODE0) | transfer_epoch3(NODE1) | transfer_epoch4(NODE0) | transfer_epoch4(NODE1) | NODE0 = NODE1","16","-0-00-----0--0----0-----0-----000000--","14","38","F","677","0101010120","0101010120","e0h0l0t0","-0-00-----0-","-0","----0-----0-","----000000--","0","4","0","1","0","2","0","6","2","0"
"2262","4","forall NODE1,NODE0. ep_epoch1(NODE0) | ep_epoch3(NODE0) | ep_epoch4(NODE0) | ep_epoch5(NODE0) | held(NODE1) | locked_epoch2(NODE0) | locked_epoch4(NODE1) | transfer_epoch2(NODE0) | transfer_epoch2(NODE1) | transfer_epoch3(NODE0) | transfer_epoch3(NODE1) | transfer_epoch4(NODE0) | transfer_epoch4(NODE1) | NODE0 = NODE1","16","-0-000-------0----0----0------000000--","14","38","F","677","0101010120","0101010120","e0h0l0t0","-0-000------","-0","----0----0--","----000000--","0","4","0","1","0","2","0","6","2","0"
"2263","4","forall NODE1,NODE0. ep_epoch1(NODE0) | ep_epoch3(NODE0) | ep_epoch4(NODE0) | held(NODE1) | locked_epoch2(NODE0) | locked_epoch4(NODE1) | locked_epoch5(NODE0) | transfer_epoch2(NODE0) | transfer_epoch2(NODE1) | transfer_epoch3(NODE0) | transfer_epoch3(NODE1) | transfer_epoch4(NODE0) | transfer_epoch4(NODE1) | NODE0 = NODE1","16","-0-00--------0----0----00-----000000--","14","38","F","677","0101010120","0101010120","e0h0l0t0","-0-00-------","-0","----0----00-","----000000--","0","3","0","1","0","3","0","6","2","0"
"2264","4","forall NODE1,NODE0. ep_epoch1(NODE0) | ep_epoch4(NODE0) | ep_epoch4(NODE1) | ep_epoch5(NODE0) | held(NODE1) | locked_epoch2(NODE0) | locked_epoch3(NODE0) | transfer_epoch2(NODE0) | transfer_epoch2(NODE1) | transfer_epoch3(NODE0) | transfer_epoch3(NODE1) | transfer_epoch4(NODE0) | transfer_epoch4(NODE1) | NODE0 = NODE1","16","-0--00----0--0----0-0---------000000--","14","38","F","677","0101010120","0101010120","e0h0l0t0","-0--00----0-","-0","----0-0-----","----000000--","0","4","0","1","0","2","0","6","2","0"
"2265","4","forall NODE1,NODE0. ep_epoch1(NODE0) | ep_epoch4(NODE0) | ep_epoch4(NODE1) | held(NODE1) | locked_epoch2(NODE0) | locked_epoch3(NODE0) | locked_epoch5(NODE0) | transfer_epoch2(NODE0) | transfer_epoch2(NODE1) | transfer_epoch3(NODE0) | transfer_epoch3(NODE1) | transfer_epoch4(NODE0) | transfer_epoch4(NODE1) | NODE0 = NODE1","16","-0--0-----0--0----0-0---0-----000000--","14","38","F","677","0101010120","0101010120","e0h0l0t0","-0--0-----0-","-0","----0-0---0-","----000000--","0","3","0","1","0","3","0","6","2","0"
"2266","4","forall NODE1,NODE0. ep_epoch1(NODE0) | ep_epoch4(NODE0) | ep_epoch5(NODE0) | held(NODE1) | locked_epoch2(NODE0) | locked_epoch3(NODE0) | locked_epoch4(NODE1) | transfer_epoch2(NODE0) | transfer_epoch2(NODE1) | transfer_epoch3(NODE0) | transfer_epoch3(NODE1) | transfer_epoch4(NODE0) | transfer_epoch4(NODE1) | NODE0 = NODE1","16","-0--00-------0----0-0--0------000000--","14","38","F","677","0101010120","0101010120","e0h0l0t0","-0--00------","-0","----0-0--0--","----000000--","0","3","0","1","0","3","0","6","2","0"
"2267","4","forall NODE1,NODE0. ep_epoch1(NODE0) | ep_epoch4(NODE0) | held(NODE1) | locked_epoch2(NODE0) | locked_epoch3(NODE0) | locked_epoch4(NODE1) | locked_epoch5(NODE0) | transfer_epoch2(NODE0) | transfer_epoch2(NODE1) | transfer_epoch3(NODE0) | transfer_epoch3(NODE1) | transfer_epoch4(NODE0) | transfer_epoch4(NODE1) | NODE0 = NODE1","16","-0--0--------0----0-0--00-----000000--","14","38","F","677","0101010120","0101010120","e0h0l0t0","-0--0-------","-0","----0-0--00-","----000000--","0","2","0","1","0","4","0","6","2","0"
"2268","3","forall NODE1,NODE0. ep_epoch0(NODE0) | ep_epoch2(NODE1) | ep_epoch3(NODE1) | ep_epoch4(NODE1) | ep_epoch5(NODE1) | held(NODE0) | transfer_epoch2(NODE0) | transfer_epoch2(NODE1) | transfer_epoch3(NODE0) | transfer_epoch3(NODE1) | transfer_epoch4(NODE0) | transfer_epoch4(NODE1) | transfer_epoch5(NODE0) | transfer_epoch5(NODE1) | NODE0 = NODE1","17","0-------00000-----------------00000000","15","37","F","48","0101000120","0101000120","e0h0t0","0-------0000","0-","------------","----00000000","0","5","0","1","0","0","0","8","2","0"
"2269","4","forall NODE1,NODE0. ep_epoch0(NODE0) | ep_epoch2(NODE1) | ep_epoch3(NODE1) | ep_epoch4(NODE1) | held(NODE0) | locked_epoch5(NODE1) | transfer_epoch2(NODE0) | transfer_epoch2(NODE1) | transfer_epoch3(NODE0) | transfer_epoch3(NODE1) | transfer_epoch4(NODE0) | transfer_epoch4(NODE1) | transfer_epoch5(NODE0) | transfer_epoch5(NODE1) | NODE0 = NODE1","17","0-------000-0------------0----00000000","15","38","F","677","0101010120","0101010120","e0h0l0t0","0-------000-","0-","-----------0","----00000000","0","4","0","1","0","1","0","8","2","0"
"2270","4","forall NODE1,NODE0. ep_epoch0(NODE0) | ep_epoch2(NODE1) | ep_epoch3(NODE1) | ep_epoch5(NODE1) | held(NODE0) | locked_epoch4(NODE1) | transfer_epoch2(NODE0) | transfer_epoch2(NODE1) | transfer_epoch3(NODE0) | transfer_epoch3(NODE1) | transfer_epoch4(NODE0) | transfer_epoch4(NODE1) | transfer_epoch5(NODE0) | transfer_epoch5(NODE1) | NODE0 = NODE1","17","0-------00-00----------0------00000000","15","38","F","677","0101010120","0101010120","e0h0l0t0","0-------00-0","0-","---------0--","----00000000","0","4","0","1","0","1","0","8","2","0"
"2271","4","forall NODE1,NODE0. ep_epoch0(NODE0) | ep_epoch2(NODE1) | ep_epoch3(NODE1) | held(NODE0) | locked_epoch4(NODE1) | locked_epoch5(NODE1) | transfer_epoch2(NODE0) | transfer_epoch2(NODE1) | transfer_epoch3(NODE0) | transfer_epoch3(NODE1) | transfer_epoch4(NODE0) | transfer_epoch4(NODE1) | transfer_epoch5(NODE0) | transfer_epoch5(NODE1) | NODE0 = NODE1","17","0-------00--0----------0-0----00000000","15","38","F","677","0101010120","0101010120","e0h0l0t0","0-------00--","0-","---------0-0","----00000000","0","3","0","1","0","2","0","8","2","0"
"2272","4","forall NODE1,NODE0. ep_epoch0(NODE0) | ep_epoch2(NODE1) | ep_epoch4(NODE1) | ep_epoch5(NODE1) | held(NODE0) | locked_epoch3(NODE1) | transfer_epoch2(NODE0) | transfer_epoch2(NODE1) | transfer_epoch3(NODE0) | transfer_epoch3(NODE1) | transfer_epoch4(NODE0) | transfer_epoch4(NODE1) | transfer_epoch5(NODE0) | transfer_epoch5(NODE1) | NODE0 = NODE1","17","0-------0-000--------0--------00000000","15","38","F","677","0101010120","0101010120","e0h0l0t0","0-------0-00","0-","-------0----","----00000000","0","4","0","1","0","1","0","8","2","0"
"2273","4","forall NODE1,NODE0. ep_epoch0(NODE0) | ep_epoch2(NODE1) | ep_epoch4(NODE1) | held(NODE0) | locked_epoch3(NODE1) | locked_epoch5(NODE1) | transfer_epoch2(NODE0) | transfer_epoch2(NODE1) | transfer_epoch3(NODE0) | transfer_epoch3(NODE1) | transfer_epoch4(NODE0) | transfer_epoch4(NODE1) | transfer_epoch5(NODE0) | transfer_epoch5(NODE1) | NODE0 = NODE1","17","0-------0-0-0--------0---0----00000000","15","38","F","677","0101010120","0101010120","e0h0l0t0","0-------0-0-","0-","-------0---0","----00000000","0","3","0","1","0","2","0","8","2","0"
"2274","4","forall NODE1,NODE0. ep_epoch0(NODE0) | ep_epoch2(NODE1) | ep_epoch5(NODE1) | held(NODE0) | locked_epoch3(NODE1) | locked_epoch4(NODE1) | transfer_epoch2(NODE0) | transfer_epoch2(NODE1) | transfer_epoch3(NODE0) | transfer_epoch3(NODE1) | transfer_epoch4(NODE0) | transfer_epoch4(NODE1) | transfer_epoch5(NODE0) | transfer_epoch5(NODE1) | NODE0 = NODE1","17","0-------0--00--------0-0------00000000","15","38","F","677","0101010120","0101010120","e0h0l0t0","0-------0--0","0-","-------0-0--","----00000000","0","3","0","1","0","2","0","8","2","0"
"2275","4","forall NODE1,NODE0. ep_epoch0(NODE0) | ep_epoch2(NODE1) | held(NODE0) | locked_epoch3(NODE1) | locked_epoch4(NODE1) | locked_epoch5(NODE1) | transfer_epoch2(NODE0) | transfer_epoch2(NODE1) | transfer_epoch3(NODE0) | transfer_epoch3(NODE1) | transfer_epoch4(NODE0) | transfer_epoch4(NODE1) | transfer_epoch5(NODE0) | transfer_epoch5(NODE1) | NODE0 = NODE1","17","0-------0---0--------0-0-0----00000000","15","38","F","677","0101010120","0101010120","e0h0l0t0","0-------0---","0-","-------0-0-0","----00000000","0","2","0","1","0","3","0","8","2","0"
"2276","4","forall NODE1,NODE0. ep_epoch0(NODE0) | ep_epoch3(NODE1) | ep_epoch4(NODE1) | ep_epoch5(NODE1) | held(NODE0) | locked_epoch2(NODE1) | transfer_epoch2(NODE0) | transfer_epoch2(NODE1) | transfer_epoch3(NODE0) | transfer_epoch3(NODE1) | transfer_epoch4(NODE0) | transfer_epoch4(NODE1) | transfer_epoch5(NODE0) | transfer_epoch5(NODE1) | NODE0 = NODE1","17","0--------0000------0----------00000000","15","38","F","677","0101010120","0101010120","e0h0l0t0","0--------000","0-","-----0------","----00000000","0","4","0","1","0","1","0","8","2","0"
"2277","4","forall NODE1,NODE0. ep_epoch0(NODE0) | ep_epoch3(NODE1) | ep_epoch4(NODE1) | held(NODE0) | locked_epoch2(NODE1) | locked_epoch5(NODE1) | transfer_epoch2(NODE0) | transfer_epoch2(NODE1) | transfer_epoch3(NODE0) | transfer_epoch3(NODE1) | transfer_epoch4(NODE0) | transfer_epoch4(NODE1) | transfer_epoch5(NODE0) | transfer_epoch5(NODE1) | NODE0 = NODE1","17","0--------00-0------0-----0----00000000","15","38","F","677","0101010120","0101010120","e0h0l0t0","0--------00-","0-","-----0-----0","----00000000","0","3","0","1","0","2","0","8","2","0"
"2278","4","forall NODE1,NODE0. ep_epoch0(NODE0) | ep_epoch3(NODE1) | ep_epoch5(NODE1) | held(NODE0) | locked_epoch2(NODE1) | locked_epoch4(NODE1) | transfer_epoch2(NODE0) | transfer_epoch2(NODE1) | transfer_epoch3(NODE0) | transfer_epoch3(NODE1) | transfer_epoch4(NODE0) | transfer_epoch4(NODE1) | transfer_epoch5(NODE0) | transfer_epoch5(NODE1) | NODE0 = NODE1","17","0--------0-00------0---0------00000000","15","38","F","677","0101010120","0101010120","e0h0l0t0","0--------0-0","0-","-----0---0--","----00000000","0","3","0","1","0","2","0","8","2","0"
"2279","4","forall NODE1,NODE0. ep_epoch0(NODE0) | ep_epoch3(NODE1) | held(NODE0) | locked_epoch2(NODE1) | locked_epoch4(NODE1) | locked_epoch5(NODE1) | transfer_epoch2(NODE0) | transfer_epoch2(NODE1) | transfer_epoch3(NODE0) | transfer_epoch3(NODE1) | transfer_epoch4(NODE0) | transfer_epoch4(NODE1) | transfer_epoch5(NODE0) | transfer_epoch5(NODE1) | NODE0 = NODE1","17","0--------0--0------0---0-0----00000000","15","38","F","677","0101010120","0101010120","e0h0l0t0","0--------0--","0-","-----0---0-0","----00000000","0","2","0","1","0","3","0","8","2","0"
"2280","4","forall NODE1,NODE0. ep_epoch0(NODE0) | ep_epoch4(NODE1) | ep_epoch5(NODE1) | held(NODE0) | locked_epoch2(NODE1) | locked_epoch3(NODE1) | transfer_epoch2(NODE0) | transfer_epoch2(NODE1) | transfer_epoch3(NODE0) | transfer_epoch3(NODE1) | transfer_epoch4(NODE0) | transfer_epoch4(NODE1) | transfer_epoch5(NODE0) | transfer_epoch5(NODE1) | NODE0 = NODE1","17","0---------000------0-0--------00000000","15","38","F","677","0101010120","0101010120","e0h0l0t0","0---------00","0-","-----0-0----","----00000000","0","3","0","1","0","2","0","8","2","0"
"2281","4","forall NODE1,NODE0. ep_epoch0(NODE0) | ep_epoch4(NODE1) | held(NODE0) | locked_epoch2(NODE1) | locked_epoch3(NODE1) | locked_epoch5(NODE1) | transfer_epoch2(NODE0) | transfer_epoch2(NODE1) | transfer_epoch3(NODE0) | transfer_epoch3(NODE1) | transfer_epoch4(NODE0) | transfer_epoch4(NODE1) | transfer_epoch5(NODE0) | transfer_epoch5(NODE1) | NODE0 = NODE1","17","0---------0-0------0-0---0----00000000","15","38","F","677","0101010120","0101010120","e0h0l0t0","0---------0-","0-","-----0-0---0","----00000000","0","2","0","1","0","3","0","8","2","0"
"2282","4","forall NODE1,NODE0. ep_epoch0(NODE0) | ep_epoch5(NODE1) | held(NODE0) | locked_epoch2(NODE1) | locked_epoch3(NODE1) | locked_epoch4(NODE1) | transfer_epoch2(NODE0) | transfer_epoch2(NODE1) | transfer_epoch3(NODE0) | transfer_epoch3(NODE1) | transfer_epoch4(NODE0) | transfer_epoch4(NODE1) | transfer_epoch5(NODE0) | transfer_epoch5(NODE1) | NODE0 = NODE1","17","0----------00------0-0-0------00000000","15","38","F","677","0101010120","0101010120","e0h0l0t0","0----------0","0-","-----0-0-0--","----00000000","0","2","0","1","0","3","0","8","2","0"
"2283","4","forall NODE1,NODE0. ep_epoch0(NODE0) | held(NODE0) | locked_epoch2(NODE1) | locked_epoch3(NODE1) | locked_epoch4(NODE1) | locked_epoch5(NODE1) | transfer_epoch2(NODE0) | transfer_epoch2(NODE1) | transfer_epoch3(NODE0) | transfer_epoch3(NODE1) | transfer_epoch4(NODE0) | transfer_epoch4(NODE1) | transfer_epoch5(NODE0) | transfer_epoch5(NODE1) | NODE0 = NODE1","17","0-----------0------0-0-0-0----00000000","15","38","F","677","0101010120","0101010120","e0h0l0t0","0-----------","0-","-----0-0-0-0","----00000000","0","1","0","1","0","4","0","8","2","0"
"2284","3","forall NODE1,NODE0. ep_epoch1(NODE0) | ep_epoch2(NODE0) | ep_epoch3(NODE0) | ep_epoch4(NODE0) | ep_epoch5(NODE0) | held(NODE1) | transfer_epoch2(NODE0) | transfer_epoch2(NODE1) | transfer_epoch3(NODE0) | transfer_epoch3(NODE1) | transfer_epoch4(NODE0) | transfer_epoch4(NODE1) | transfer_epoch5(NODE0) | transfer_epoch5(NODE1) | NODE0 = NODE1","17","-00000-------0----------------00000000","15","37","F","48","0101000120","0101000120","e0h0t0","-00000------","-0","------------","----00000000","0","5","0","1","0","0","0","8","2","0"
"2285","4","forall NODE1,NODE0. ep_epoch1(NODE0) | ep_epoch2(NODE0) | ep_epoch3(NODE0) | ep_epoch4(NODE0) | held(NODE1) | locked_epoch5(NODE0) | transfer_epoch2(NODE0) | transfer_epoch2(NODE1) | transfer_epoch3(NODE0) | transfer_epoch3(NODE1) | transfer_epoch4(NODE0) | transfer_epoch4(NODE1) | transfer_epoch5(NODE0) | transfer_epoch5(NODE1) | NODE0 = NODE1","17","-0000--------0----------0-----00000000","15","38","F","677","0101010120","0101010120","e0h0l0t0","-0000-------","-0","----------0-","----00000000","0","4","0","1","0","1","0","8","2","0"
"2286","4","forall NODE1,NODE0. ep_epoch1(NODE0) | ep_epoch2(NODE0) | ep_epoch3(NODE0) | ep_epoch5(NODE0) | held(NODE1) | locked_epoch4(NODE0) | transfer_epoch2(NODE0) | transfer_epoch2(NODE1) | transfer_epoch3(NODE0) | transfer_epoch3(NODE1) | transfer_epoch4(NODE0) | transfer_epoch4(NODE1) | transfer_epoch5(NODE0) | transfer_epoch5(NODE1) | NODE0 = NODE1","17","-000-0-------0--------0-------00000000","15","38","F","677","0101010120","0101010120","e0h0l0t0","-000-0------","-0","--------0---","----00000000","0","4","0","1","0","1","0","8","2","0"
"2287","4","forall NODE1,NODE0. ep_epoch1(NODE0) | ep_epoch2(NODE0) | ep_epoch3(NODE0) | held(NODE1) | locked_epoch4(NODE0) | locked_epoch5(NODE0) | transfer_epoch2(NODE0) | transfer_epoch2(NODE1) | transfer_epoch3(NODE0) | transfer_epoch3(NODE1) | transfer_epoch4(NODE0) | transfer_epoch4(NODE1) | transfer_epoch5(NODE0) | transfer_epoch5(NODE1) | NODE0 = NODE1","17","-000---------0--------0-0-----00000000","15","38","F","677","0101010120","0101010120","e0h0l0t0","-000--------","-0","--------0-0-","----00000000","0","3","0","1","0","2","0","8","2","0"
"2288","4","forall NODE1,NODE0. ep_epoch1(NODE0) | ep_epoch2(NODE0) | ep_epoch4(NODE0) | ep_epoch5(NODE0) | held(NODE1) | locked_epoch3(NODE0) | transfer_epoch2(NODE0) | transfer_epoch2(NODE1) | transfer_epoch3(NODE0) | transfer_epoch3(NODE1) | transfer_epoch4(NODE0) | transfer_epoch4(NODE1) | transfer_epoch5(NODE0) | transfer_epoch5(NODE1) | NODE0 = NODE1","17","-00-00-------0------0---------00000000","15","38","F","677","0101010120","0101010120","e0h0l0t0","-00-00------","-0","------0-----","----00000000","0","4","0","1","0","1","0","8","2","0"
"2289","4","forall NODE1,NODE0. ep_epoch1(NODE0) | ep_epoch2(NODE0) | ep_epoch4(NODE0) | held(NODE1) | locked_epoch3(NODE0) | locked_epoch5(NODE0) | transfer_epoch2(NODE0) | transfer_epoch2(NODE1) | transfer_epoch3(NODE0) | transfer_epoch3(NODE1) | transfer_epoch4(NODE0) | transfer_epoch4(NODE1) | transfer_epoch5(NODE0) | transfer_epoch5(NODE1) | NODE0 = NODE1","17","-00-0--------0------0---0-----00000000","15","38","F","677","0101010120","0101010120","e0h0l0t0","-00-0-------","-0","------0---0-","----00000000","0","3","0","1","0","2","0","8","2","0"
"2290","4","forall NODE1,NODE0. ep_epoch1(NODE0) | ep_epoch2(NODE0) | ep_epoch5(NODE0) | held(NODE1) | locked_epoch3(NODE0) | locked_epoch4(NODE0) | transfer_epoch2(NODE0) | transfer_epoch2(NODE1) | transfer_epoch3(NODE0) | transfer_epoch3(NODE1) | transfer_epoch4(NODE0) | transfer_epoch4(NODE1) | transfer_epoch5(NODE0) | transfer_epoch5(NODE1) | NODE0 = NODE1","17","-00--0-------0------0-0-------00000000","15","38","F","677","0101010120","0101010120","e0h0l0t0","-00--0------","-0","------0-0---","----00000000","0","3","0","1","0","2","0","8","2","0"
"2291","4","forall NODE1,NODE0. ep_epoch1(NODE0) | ep_epoch2(NODE0) | held(NODE1) | locked_epoch3(NODE0) | locked_epoch4(NODE0) | locked_epoch5(NODE0) | transfer_epoch2(NODE0) | transfer_epoch2(NODE1) | transfer_epoch3(NODE0) | transfer_epoch3(NODE1) | transfer_epoch4(NODE0) | transfer_epoch4(NODE1) | transfer_epoch5(NODE0) | transfer_epoch5(NODE1) | NODE0 = NODE1","17","-00----------0------0-0-0-----00000000","15","38","F","677","0101010120","0101010120","e0h0l0t0","-00---------","-0","------0-0-0-","----00000000","0","2","0","1","0","3","0","8","2","0"
"2292","4","forall NODE1,NODE0. ep_epoch1(NODE0) | ep_epoch3(NODE0) | ep_epoch4(NODE0) | ep_epoch5(NODE0) | held(NODE1) | locked_epoch2(NODE0) | transfer_epoch2(NODE0) | transfer_epoch2(NODE1) | transfer_epoch3(NODE0) | transfer_epoch3(NODE1) | transfer_epoch4(NODE0) | transfer_epoch4(NODE1) | transfer_epoch5(NODE0) | transfer_epoch5(NODE1) | NODE0 = NODE1","17","-0-000-------0----0-----------00000000","15","38","F","677","0101010120","0101010120","e0h0l0t0","-0-000------","-0","----0-------","----00000000","0","4","0","1","0","1","0","8","2","0"
"2293","4","forall NODE1,NODE0. ep_epoch1(NODE0) | ep_epoch3(NODE0) | ep_epoch4(NODE0) | held(NODE1) | locked_epoch2(NODE0) | locked_epoch5(NODE0) | transfer_epoch2(NODE0) | transfer_epoch2(NODE1) | transfer_epoch3(NODE0) | transfer_epoch3(NODE1) | transfer_epoch4(NODE0) | transfer_epoch4(NODE1) | transfer_epoch5(NODE0) | transfer_epoch5(NODE1) | NODE0 = NODE1","17","-0-00--------0----0-----0-----00000000","15","38","F","677","0101010120","0101010120","e0h0l0t0","-0-00-------","-0","----0-----0-","----00000000","0","3","0","1","0","2","0","8","2","0"
"2294","4","forall NODE1,NODE0. ep_epoch1(NODE0) | ep_epoch3(NODE0) | ep_epoch5(NODE0) | held(NODE1) | locked_epoch2(NODE0) | locked_epoch4(NODE0) | transfer_epoch2(NODE0) | transfer_epoch2(NODE1) | transfer_epoch3(NODE0) | transfer_epoch3(NODE1) | transfer_epoch4(NODE0) | transfer_epoch4(NODE1) | transfer_epoch5(NODE0) | transfer_epoch5(NODE1) | NODE0 = NODE1","17","-0-0-0-------0----0---0-------00000000","15","38","F","677","0101010120","0101010120","e0h0l0t0","-0-0-0------","-0","----0---0---","----00000000","0","3","0","1","0","2","0","8","2","0"
"2295","4","forall NODE1,NODE0. ep_epoch1(NODE0) | ep_epoch3(NODE0) | held(NODE1) | locked_epoch2(NODE0) | locked_epoch4(NODE0) | locked_epoch5(NODE0) | transfer_epoch2(NODE0) | transfer_epoch2(NODE1) | transfer_epoch3(NODE0) | transfer_epoch3(NODE1) | transfer_epoch4(NODE0) | transfer_epoch4(NODE1) | transfer_epoch5(NODE0) | transfer_epoch5(NODE1) | NODE0 = NODE1","17","-0-0---------0----0---0-0-----00000000","15","38","F","677","0101010120","0101010120","e0h0l0t0","-0-0--------","-0","----0---0-0-","----00000000","0","2","0","1","0","3","0","8","2","0"
"2296","4","forall NODE1,NODE0. ep_epoch1(NODE0) | ep_epoch4(NODE0) | ep_epoch5(NODE0) | held(NODE1) | locked_epoch2(NODE0) | locked_epoch3(NODE0) | transfer_epoch2(NODE0) | transfer_epoch2(NODE1) | transfer_epoch3(NODE0) | transfer_epoch3(NODE1) | transfer_epoch4(NODE0) | transfer_epoch4(NODE1) | transfer_epoch5(NODE0) | transfer_epoch5(NODE1) | NODE0 = NODE1","17","-0--00-------0----0-0---------00000000","15","38","F","677","0101010120","0101010120","e0h0l0t0","-0--00------","-0","----0-0-----","----00000000","0","3","0","1","0","2","0","8","2","0"
"2297","4","forall NODE1,NODE0. ep_epoch1(NODE0) | ep_epoch4(NODE0) | held(NODE1) | locked_epoch2(NODE0) | locked_epoch3(NODE0) | locked_epoch5(NODE0) | transfer_epoch2(NODE0) | transfer_epoch2(NODE1) | transfer_epoch3(NODE0) | transfer_epoch3(NODE1) | transfer_epoch4(NODE0) | transfer_epoch4(NODE1) | transfer_epoch5(NODE0) | transfer_epoch5(NODE1) | NODE0 = NODE1","17","-0--0--------0----0-0---0-----00000000","15","38","F","677","0101010120","0101010120","e0h0l0t0","-0--0-------","-0","----0-0---0-","----00000000","0","2","0","1","0","3","0","8","2","0"
"2298","4","forall NODE1,NODE0. ep_epoch1(NODE0) | ep_epoch5(NODE0) | held(NODE1) | locked_epoch2(NODE0) | locked_epoch3(NODE0) | locked_epoch4(NODE0) | transfer_epoch2(NODE0) | transfer_epoch2(NODE1) | transfer_epoch3(NODE0) | transfer_epoch3(NODE1) | transfer_epoch4(NODE0) | transfer_epoch4(NODE1) | transfer_epoch5(NODE0) | transfer_epoch5(NODE1) | NODE0 = NODE1","17","-0---0-------0----0-0-0-------00000000","15","38","F","677","0101010120","0101010120","e0h0l0t0","-0---0------","-0","----0-0-0---","----00000000","0","2","0","1","0","3","0","8","2","0"
"2299","4","forall NODE1,NODE0. ep_epoch1(NODE0) | held(NODE1) | locked_epoch2(NODE0) | locked_epoch3(NODE0) | locked_epoch4(NODE0) | locked_epoch5(NODE0) | transfer_epoch2(NODE0) | transfer_epoch2(NODE1) | transfer_epoch3(NODE0) | transfer_epoch3(NODE1) | transfer_epoch4(NODE0) | transfer_epoch4(NODE1) | transfer_epoch5(NODE0) | transfer_epoch5(NODE1) | NODE0 = NODE1","17","-0-----------0----0-0-0-0-----00000000","15","38","F","677","0101010120","0101010120","e0h0l0t0","-0----------","-0","----0-0-0-0-","----00000000","0","1","0","1","0","4","0","8","2","0"
