"Orbit","pattern","SQI","qcost","Bit String","# literals","Group","Group Type","Group Size","Sig","Number sig","Literal sig","ep","held","locked","transfer","#ep=1","#ep=0","#held=1","#held=0","#locked=1","#locked=0","#transfer=1","#transfer=0","#forall","#exists"
"0","1","forall NODE0. ~locked_epoch0(NODE0)","2","------------1-------------------","1","1","F","2","0000100010","0000100010","l1","----------","--","1---------","----------","0","0","0","0","1","0","0","0","1","0"
"1","1","forall NODE0. ~locked_epoch1(NODE0)","2","--------------1-----------------","1","1","F","2","0000100010","0000100010","l1","----------","--","--1-------","----------","0","0","0","0","1","0","0","0","1","0"
"2","1","forall NODE0. ~transfer_epoch0(NODE0)","2","----------------------1---------","1","2","F","2","0000001010","0000001010","t1","----------","--","----------","1---------","0","0","0","0","0","0","1","0","1","0"
"3","1","forall NODE0. ~transfer_epoch1(NODE0)","2","------------------------1-------","1","2","F","2","0000001010","0000001010","t1","----------","--","----------","--1-------","0","0","0","0","0","0","1","0","1","0"
"4","1","exists NODE0. ~ep_epoch0(NODE0)","2","1----1--------------------------","1","1","E","5","e1","1000000001","e1","1----1----","--","----------","----------","2","0","0","0","0","0","0","0","0","1"
"5","1","forall NODE0. ~ep_epoch0(NODE0) | ~ep_epoch1(NODE0)","3","11------------------------------","2","3","F","10","1000000010","1000000010","e1","11--------","--","----------","----------","2","0","0","0","0","0","0","0","1","0"
"6","1","forall NODE0. ~ep_epoch0(NODE0) | ~ep_epoch2(NODE0)","3","1-1-----------------------------","2","3","F","10","1000000010","1000000010","e1","1-1-------","--","----------","----------","2","0","0","0","0","0","0","0","1","0"
"7","1","forall NODE0. ~ep_epoch0(NODE0) | ~ep_epoch3(NODE0)","3","1--1----------------------------","2","3","F","10","1000000010","1000000010","e1","1--1------","--","----------","----------","2","0","0","0","0","0","0","0","1","0"
"8","1","forall NODE0. ~ep_epoch0(NODE0) | ~ep_epoch4(NODE0)","3","1---1---------------------------","2","3","F","10","1000000010","1000000010","e1","1---1-----","--","----------","----------","2","0","0","0","0","0","0","0","1","0"
"9","2","forall NODE0. ~ep_epoch0(NODE0) | ~held(NODE0)","3","1---------1---------------------","2","4","F","1","1010000010","1010000010","e1h1","1---------","1-","----------","----------","1","0","1","0","0","0","0","0","1","0"
"10","2","forall NODE0. ~ep_epoch0(NODE0) | ~locked_epoch2(NODE0)","3","1---------------1---------------","2","5","F","9","1000100010","1000100010","e1l1","1---------","--","----1-----","----------","1","0","0","0","1","0","0","0","1","0"
"11","2","forall NODE0. ~ep_epoch0(NODE0) | ~locked_epoch3(NODE0)","3","1-----------------1-------------","2","5","F","9","1000100010","1000100010","e1l1","1---------","--","------1---","----------","1","0","0","0","1","0","0","0","1","0"
"12","2","forall NODE0. ~ep_epoch0(NODE0) | ~locked_epoch4(NODE0)","3","1-------------------1-----------","2","5","F","9","1000100010","1000100010","e1l1","1---------","--","--------1-","----------","1","0","0","0","1","0","0","0","1","0"
"13","1","exists NODE0. ~ep_epoch1(NODE0)","2","-1----1-------------------------","1","1","E","5","e1","1000000001","e1","-1----1---","--","----------","----------","2","0","0","0","0","0","0","0","0","1"
"14","1","forall NODE0. ~ep_epoch1(NODE0) | ~ep_epoch2(NODE0)","3","-11-----------------------------","2","3","F","10","1000000010","1000000010","e1","-11-------","--","----------","----------","2","0","0","0","0","0","0","0","1","0"
"15","1","forall NODE0. ~ep_epoch1(NODE0) | ~ep_epoch3(NODE0)","3","-1-1----------------------------","2","3","F","10","1000000010","1000000010","e1","-1-1------","--","----------","----------","2","0","0","0","0","0","0","0","1","0"
"16","1","forall NODE0. ~ep_epoch1(NODE0) | ~ep_epoch4(NODE0)","3","-1--1---------------------------","2","3","F","10","1000000010","1000000010","e1","-1--1-----","--","----------","----------","2","0","0","0","0","0","0","0","1","0"
"17","2","forall NODE0. ~ep_epoch1(NODE0) | ~locked_epoch2(NODE0)","3","-1--------------1---------------","2","5","F","9","1000100010","1000100010","e1l1","-1--------","--","----1-----","----------","1","0","0","0","1","0","0","0","1","0"
"18","2","forall NODE0. ~ep_epoch1(NODE0) | ~locked_epoch3(NODE0)","3","-1----------------1-------------","2","5","F","9","1000100010","1000100010","e1l1","-1--------","--","------1---","----------","1","0","0","0","1","0","0","0","1","0"
"19","2","forall NODE0. ~ep_epoch1(NODE0) | ~locked_epoch4(NODE0)","3","-1------------------1-----------","2","5","F","9","1000100010","1000100010","e1l1","-1--------","--","--------1-","----------","1","0","0","0","1","0","0","0","1","0"
"20","1","exists NODE0. ~ep_epoch2(NODE0)","2","--1----1------------------------","1","1","E","5","e1","1000000001","e1","--1----1--","--","----------","----------","2","0","0","0","0","0","0","0","0","1"
"21","1","forall NODE0. ~ep_epoch2(NODE0) | ~ep_epoch3(NODE0)","3","--11----------------------------","2","3","F","10","1000000010","1000000010","e1","--11------","--","----------","----------","2","0","0","0","0","0","0","0","1","0"
"22","1","forall NODE0. ~ep_epoch2(NODE0) | ~ep_epoch4(NODE0)","3","--1-1---------------------------","2","3","F","10","1000000010","1000000010","e1","--1-1-----","--","----------","----------","2","0","0","0","0","0","0","0","1","0"
"23","2","forall NODE1,NODE0. ~ep_epoch2(NODE0) | ~locked_epoch2(NODE1) | NODE0 = NODE1","5","--1--------------1--------------","3","7","F","3","1000100020","1000100020","e1l1","--1-------","--","-----1----","----------","1","0","0","0","1","0","0","0","2","0"
"24","2","forall NODE0. ~ep_epoch2(NODE0) | ~locked_epoch3(NODE0)","3","--1---------------1-------------","2","5","F","9","1000100010","1000100010","e1l1","--1-------","--","------1---","----------","1","0","0","0","1","0","0","0","1","0"
"25","2","forall NODE0. ~ep_epoch2(NODE0) | ~locked_epoch4(NODE0)","3","--1-----------------1-----------","2","5","F","9","1000100010","1000100010","e1l1","--1-------","--","--------1-","----------","1","0","0","0","1","0","0","0","1","0"
"26","2","forall NODE1,NODE0. ~ep_epoch2(NODE0) | ~transfer_epoch2(NODE1)","4","--1-----------------------1-----","2","8","F","6","1000001020","1000001020","e1t1","--1-------","--","----------","----1-----","1","0","0","0","0","0","1","0","2","0"
"27","2","forall NODE0. ~ep_epoch2(NODE0) | locked_epoch2(NODE0)","3","--1-------------0---------------","2","10","F","3","1000010010","1000010010","e1l0","--1-------","--","----0-----","----------","1","0","0","0","0","1","0","0","1","0"
"28","1","exists NODE0. ~ep_epoch3(NODE0)","2","---1----1-----------------------","1","1","E","5","e1","1000000001","e1","---1----1-","--","----------","----------","2","0","0","0","0","0","0","0","0","1"
"29","1","forall NODE0. ~ep_epoch3(NODE0) | ~ep_epoch4(NODE0)","3","---11---------------------------","2","3","F","10","1000000010","1000000010","e1","---11-----","--","----------","----------","2","0","0","0","0","0","0","0","1","0"
"30","2","forall NODE1,NODE0. ~ep_epoch3(NODE0) | ~locked_epoch3(NODE1) | NODE0 = NODE1","5","---1---------------1------------","3","7","F","3","1000100020","1000100020","e1l1","---1------","--","-------1--","----------","1","0","0","0","1","0","0","0","2","0"
"31","2","forall NODE0. ~ep_epoch3(NODE0) | ~locked_epoch4(NODE0)","3","---1----------------1-----------","2","5","F","9","1000100010","1000100010","e1l1","---1------","--","--------1-","----------","1","0","0","0","1","0","0","0","1","0"
"32","2","forall NODE1,NODE0. ~ep_epoch3(NODE0) | ~transfer_epoch2(NODE1)","4","---1----------------------1-----","2","8","F","6","1000001020","1000001020","e1t1","---1------","--","----------","----1-----","1","0","0","0","0","0","1","0","2","0"
"33","2","forall NODE1,NODE0. ~ep_epoch3(NODE0) | ~transfer_epoch3(NODE1)","4","---1------------------------1---","2","8","F","6","1000001020","1000001020","e1t1","---1------","--","----------","------1---","1","0","0","0","0","0","1","0","2","0"
"34","2","forall NODE0. ~ep_epoch3(NODE0) | locked_epoch3(NODE0)","3","---1--------------0-------------","2","10","F","3","1000010010","1000010010","e1l0","---1------","--","------0---","----------","1","0","0","0","0","1","0","0","1","0"
"35","1","exists NODE0. ~ep_epoch4(NODE0)","2","----1----1----------------------","1","1","E","5","e1","1000000001","e1","----1----1","--","----------","----------","2","0","0","0","0","0","0","0","0","1"
"36","2","forall NODE1,NODE0. ~ep_epoch4(NODE0) | ~held(NODE1) | NODE0 = NODE1","5","----1------1--------------------","3","6","F","4","1010000020","1010000020","e1h1","----1-----","-1","----------","----------","1","0","1","0","0","0","0","0","2","0"
"37","2","forall NODE1,NODE0. ~ep_epoch4(NODE0) | ~locked_epoch4(NODE1) | NODE0 = NODE1","5","----1----------------1----------","3","7","F","3","1000100020","1000100020","e1l1","----1-----","--","---------1","----------","1","0","0","0","1","0","0","0","2","0"
"38","2","forall NODE1,NODE0. ~ep_epoch4(NODE0) | ~transfer_epoch2(NODE1)","4","----1---------------------1-----","2","8","F","6","1000001020","1000001020","e1t1","----1-----","--","----------","----1-----","1","0","0","0","0","0","1","0","2","0"
"39","2","forall NODE1,NODE0. ~ep_epoch4(NODE0) | ~transfer_epoch3(NODE1)","4","----1-----------------------1---","2","8","F","6","1000001020","1000001020","e1t1","----1-----","--","----------","------1---","1","0","0","0","0","0","1","0","2","0"
"40","2","forall NODE1,NODE0. ~ep_epoch4(NODE0) | ~transfer_epoch4(NODE1)","4","----1-------------------------1-","2","8","F","6","1000001020","1000001020","e1t1","----1-----","--","----------","--------1-","1","0","0","0","0","0","1","0","2","0"
"41","2","forall NODE0. ~ep_epoch4(NODE0) | held(NODE0)","3","----1-----0---------------------","2","9","F","1","1001000010","1001000010","e1h0","----1-----","0-","----------","----------","1","0","0","1","0","0","0","0","1","0"
"42","2","forall NODE0. ~ep_epoch4(NODE0) | locked_epoch4(NODE0)","3","----1---------------0-----------","2","10","F","3","1000010010","1000010010","e1l0","----1-----","--","--------0-","----------","1","0","0","0","0","1","0","0","1","0"
"43","1","exists NODE0. ~held(NODE0)","2","----------11--------------------","1","2","E","1","h1","0010000001","h1","----------","11","----------","----------","0","0","2","0","0","0","0","0","0","1"
"44","2","forall NODE1,NODE0. ~held(NODE0) | ~locked_epoch4(NODE1) | NODE0 = NODE1","5","----------1----------1----------","3","11","F","1","0010100020","0010100020","h1l1","----------","1-","---------1","----------","0","0","1","0","1","0","0","0","2","0"
"45","2","forall NODE1,NODE0. ~held(NODE0) | ~transfer_epoch2(NODE1)","4","----------1---------------1-----","2","12","F","3","0010001020","0010001020","h1t1","----------","1-","----------","----1-----","0","0","1","0","0","0","1","0","2","0"
"46","2","forall NODE1,NODE0. ~held(NODE0) | ~transfer_epoch3(NODE1)","4","----------1-----------------1---","2","12","F","3","0010001020","0010001020","h1t1","----------","1-","----------","------1---","0","0","1","0","0","0","1","0","2","0"
"47","2","forall NODE1,NODE0. ~held(NODE0) | ~transfer_epoch4(NODE1)","4","----------1-------------------1-","2","12","F","3","0010001020","0010001020","h1t1","----------","1-","----------","--------1-","0","0","1","0","0","0","1","0","2","0"
"48","1","exists NODE0. ~locked_epoch2(NODE0)","2","----------------11--------------","1","3","E","3","l1","0000100001","l1","----------","--","----11----","----------","0","0","0","0","2","0","0","0","0","1"
"49","2","forall NODE1,NODE0. ~locked_epoch2(NODE0) | ~transfer_epoch2(NODE1)","4","----------------1---------1-----","2","13","F","6","0000101020","0000101020","l1t1","----------","--","----1-----","----1-----","0","0","0","0","1","0","1","0","2","0"
"50","1","exists NODE0. ~locked_epoch3(NODE0)","2","------------------11------------","1","3","E","3","l1","0000100001","l1","----------","--","------11--","----------","0","0","0","0","2","0","0","0","0","1"
"51","2","forall NODE1,NODE0. ~locked_epoch3(NODE0) | ~transfer_epoch2(NODE1)","4","------------------1-------1-----","2","13","F","6","0000101020","0000101020","l1t1","----------","--","------1---","----1-----","0","0","0","0","1","0","1","0","2","0"
"52","2","forall NODE1,NODE0. ~locked_epoch3(NODE0) | ~transfer_epoch3(NODE1)","4","------------------1---------1---","2","13","F","6","0000101020","0000101020","l1t1","----------","--","------1---","------1---","0","0","0","0","1","0","1","0","2","0"
"53","1","exists NODE0. ~locked_epoch4(NODE0)","2","--------------------11----------","1","3","E","3","l1","0000100001","l1","----------","--","--------11","----------","0","0","0","0","2","0","0","0","0","1"
"54","2","forall NODE1,NODE0. ~locked_epoch4(NODE0) | ~transfer_epoch2(NODE1)","4","--------------------1-----1-----","2","13","F","6","0000101020","0000101020","l1t1","----------","--","--------1-","----1-----","0","0","0","0","1","0","1","0","2","0"
"55","2","forall NODE1,NODE0. ~locked_epoch4(NODE0) | ~transfer_epoch3(NODE1)","4","--------------------1-------1---","2","13","F","6","0000101020","0000101020","l1t1","----------","--","--------1-","------1---","0","0","0","0","1","0","1","0","2","0"
"56","2","forall NODE1,NODE0. ~locked_epoch4(NODE0) | ~transfer_epoch4(NODE1)","4","--------------------1---------1-","2","13","F","6","0000101020","0000101020","l1t1","----------","--","--------1-","--------1-","0","0","0","0","1","0","1","0","2","0"
"57","2","forall NODE0. ~locked_epoch4(NODE0) | ep_epoch4(NODE0)","3","----0---------------1-----------","2","14","F","3","0100100010","0100100010","e0l1","----0-----","--","--------1-","----------","0","1","0","0","1","0","0","0","1","0"
"58","2","forall NODE0. ~locked_epoch4(NODE0) | held(NODE0)","3","----------0---------1-----------","2","15","F","1","0001100010","0001100010","h0l1","----------","0-","--------1-","----------","0","0","0","1","1","0","0","0","1","0"
"59","1","exists NODE0. ~transfer_epoch2(NODE0)","2","--------------------------11----","1","4","E","3","t1","0000001001","t1","----------","--","----------","----11----","0","0","0","0","0","0","2","0","0","1"
"60","1","forall NODE1,NODE0. ~transfer_epoch2(NODE0) | ~transfer_epoch3(NODE1)","4","--------------------------1-1---","2","39","F","3","0000001020","0000001020","t1","----------","--","----------","----1-1---","0","0","0","0","0","0","2","0","2","0"
"61","1","forall NODE1,NODE0. ~transfer_epoch2(NODE0) | ~transfer_epoch4(NODE1)","4","--------------------------1---1-","2","39","F","3","0000001020","0000001020","t1","----------","--","----------","----1---1-","0","0","0","0","0","0","2","0","2","0"
"62","1","exists NODE0. ~transfer_epoch3(NODE0)","2","----------------------------11--","1","4","E","3","t1","0000001001","t1","----------","--","----------","------11--","0","0","0","0","0","0","2","0","0","1"
"63","1","forall NODE1,NODE0. ~transfer_epoch3(NODE0) | ~transfer_epoch4(NODE1)","4","----------------------------1-1-","2","39","F","3","0000001020","0000001020","t1","----------","--","----------","------1-1-","0","0","0","0","0","0","2","0","2","0"
"64","1","exists NODE0. ~transfer_epoch4(NODE0)","2","------------------------------11","1","4","E","3","t1","0000001001","t1","----------","--","----------","--------11","0","0","0","0","0","0","2","0","0","1"
"65","2","forall NODE1,NODE0,NODE2. ~ep_epoch0(NODE0) | ~ep_epoch1(NODE1) | ~transfer_epoch3(NODE2) | ((NODE0 ~= NODE2 | NODE0 = NODE1) & (NODE1 ~= NODE2 | NODE0 = NODE1))","10","1-----1---------------------1---","7","40","F","4","1000001030","1000001030","e1t1","1-----1---","--","----------","------1---","2","0","0","0","0","0","1","0","3","0"
"66","2","forall NODE1,NODE0,NODE2. ~ep_epoch0(NODE0) | ~ep_epoch1(NODE1) | ~transfer_epoch4(NODE2) | ((NODE0 ~= NODE2 | NODE0 = NODE1) & (NODE1 ~= NODE2 | NODE0 = NODE1))","10","1-----1-----------------------1-","7","40","F","4","1000001030","1000001030","e1t1","1-----1---","--","----------","--------1-","2","0","0","0","0","0","1","0","3","0"
"67","2","forall NODE1,NODE0,NODE2. ~ep_epoch0(NODE0) | ~ep_epoch2(NODE1) | ~transfer_epoch4(NODE2) | ((NODE0 ~= NODE2 | NODE0 = NODE1) & (NODE1 ~= NODE2 | NODE0 = NODE1))","10","1------1----------------------1-","7","40","F","4","1000001030","1000001030","e1t1","1------1--","--","----------","--------1-","2","0","0","0","0","0","1","0","3","0"
"68","2","forall NODE1,NODE0. ~ep_epoch0(NODE0) | ~ep_epoch3(NODE1) | locked_epoch2(NODE1) | NODE0 = NODE1","6","1-------1--------0--------------","4","41","F","10","1000010020","1000010020","e1l0","1-------1-","--","-----0----","----------","2","0","0","0","0","1","0","0","2","0"
"69","2","forall NODE1,NODE0. ~ep_epoch0(NODE0) | ~ep_epoch4(NODE1) | locked_epoch2(NODE1) | NODE0 = NODE1","6","1--------1-------0--------------","4","41","F","10","1000010020","1000010020","e1l0","1--------1","--","-----0----","----------","2","0","0","0","0","1","0","0","2","0"
"70","2","forall NODE1,NODE0. ~ep_epoch0(NODE0) | ~ep_epoch4(NODE1) | locked_epoch3(NODE1) | NODE0 = NODE1","6","1--------1---------0------------","4","41","F","10","1000010020","1000010020","e1l0","1--------1","--","-------0--","----------","2","0","0","0","0","1","0","0","2","0"
"71","3","forall NODE1,NODE0. ~ep_epoch0(NODE0) | ~locked_epoch3(NODE1) | locked_epoch2(NODE1) | NODE0 = NODE1","6","1----------------0-1------------","4","42","F","7","1000110020","1000110020","e1l1l0","1---------","--","-----0-1--","----------","1","0","0","0","1","1","0","0","2","0"
"72","3","forall NODE1,NODE0. ~ep_epoch0(NODE0) | ~locked_epoch4(NODE1) | locked_epoch2(NODE1) | NODE0 = NODE1","6","1----------------0---1----------","4","42","F","7","1000110020","1000110020","e1l1l0","1---------","--","-----0---1","----------","1","0","0","0","1","1","0","0","2","0"
"73","3","forall NODE1,NODE0. ~ep_epoch0(NODE0) | ~locked_epoch4(NODE1) | locked_epoch3(NODE1) | NODE0 = NODE1","6","1------------------0-1----------","4","42","F","7","1000110020","1000110020","e1l1l0","1---------","--","-------0-1","----------","1","0","0","0","1","1","0","0","2","0"
"74","3","forall NODE1,NODE0,NODE2. ~ep_epoch0(NODE0) | ~transfer_epoch2(NODE1) | ep_epoch1(NODE2) | ((NODE1 ~= NODE2 | NODE0 = NODE1) & (NODE0 ~= NODE1 | NODE0 = NODE2))","10","1-----0-------------------1-----","7","16","F","9","1100001030","1100001030","e1e0t1","1-----0---","--","----------","----1-----","1","1","0","0","0","0","1","0","3","0"
"75","3","forall NODE1,NODE0,NODE2. ~ep_epoch0(NODE0) | ~transfer_epoch3(NODE1) | ep_epoch2(NODE2) | ((NODE0 ~= NODE1 | NODE0 = NODE2) & (NODE1 ~= NODE2 | NODE0 = NODE1))","10","1------0--------------------1---","7","16","F","9","1100001030","1100001030","e1e0t1","1------0--","--","----------","------1---","1","1","0","0","0","0","1","0","3","0"
"76","3","forall NODE1,NODE0,NODE2. ~ep_epoch0(NODE0) | ~transfer_epoch3(NODE1) | locked_epoch2(NODE2) | ((NODE0 ~= NODE1 | NODE0 = NODE2) & (NODE1 ~= NODE2 | NODE0 = NODE1))","10","1----------------0----------1---","7","43","F","7","1000011030","1000011030","e1l0t1","1---------","--","-----0----","------1---","1","0","0","0","0","1","1","0","3","0"
"77","3","forall NODE1,NODE0,NODE2. ~ep_epoch0(NODE0) | ~transfer_epoch4(NODE1) | ep_epoch3(NODE2) | ((NODE0 ~= NODE1 | NODE0 = NODE2) & (NODE1 ~= NODE2 | NODE0 = NODE1))","10","1-------0---------------------1-","7","16","F","9","1100001030","1100001030","e1e0t1","1-------0-","--","----------","--------1-","1","1","0","0","0","0","1","0","3","0"
"78","3","forall NODE1,NODE0,NODE2. ~ep_epoch0(NODE0) | ~transfer_epoch4(NODE1) | locked_epoch2(NODE2) | ((NODE0 ~= NODE1 | NODE0 = NODE2) & (NODE1 ~= NODE2 | NODE0 = NODE1))","10","1----------------0------------1-","7","43","F","7","1000011030","1000011030","e1l0t1","1---------","--","-----0----","--------1-","1","0","0","0","0","1","1","0","3","0"
"79","3","forall NODE1,NODE0,NODE2. ~ep_epoch0(NODE0) | ~transfer_epoch4(NODE1) | locked_epoch3(NODE2) | ((NODE0 ~= NODE1 | NODE0 = NODE2) & (NODE1 ~= NODE2 | NODE0 = NODE1))","10","1------------------0----------1-","7","43","F","7","1000011030","1000011030","e1l0t1","1---------","--","-------0--","--------1-","1","0","0","0","0","1","1","0","3","0"
"80","3","forall NODE1,NODE0. ~ep_epoch0(NODE0) | ep_epoch1(NODE1) | locked_epoch2(NODE1) | NODE0 = NODE1","6","1-----0----------0--------------","4","19","F","19","1100010020","1100010020","e1e0l0","1-----0---","--","-----0----","----------","1","1","0","0","0","1","0","0","2","0"
"81","2","forall NODE1,NODE0. ~ep_epoch1(NODE0) | ~ep_epoch2(NODE1) | ~held(NODE0) | NODE0 = NODE1","6","-1-----1--1---------------------","4","6","F","4","1010000020","1010000020","e1h1","-1-----1--","1-","----------","----------","2","0","1","0","0","0","0","0","2","0"
"82","2","forall NODE1,NODE0,NODE2. ~ep_epoch1(NODE0) | ~ep_epoch2(NODE1) | ~transfer_epoch4(NODE2) | ((NODE1 ~= NODE2 | NODE0 = NODE1) & (NODE0 ~= NODE2 | NODE0 = NODE1))","10","-1-----1----------------------1-","7","40","F","4","1000001030","1000001030","e1t1","-1-----1--","--","----------","--------1-","2","0","0","0","0","0","1","0","3","0"
"83","2","forall NODE1,NODE0. ~ep_epoch1(NODE0) | ~ep_epoch3(NODE1) | ~held(NODE0) | NODE0 = NODE1","6","-1------1-1---------------------","4","6","F","4","1010000020","1010000020","e1h1","-1------1-","1-","----------","----------","2","0","1","0","0","0","0","0","2","0"
"84","2","forall NODE1,NODE0. ~ep_epoch1(NODE0) | ~ep_epoch3(NODE1) | locked_epoch2(NODE1) | NODE0 = NODE1","6","-1------1--------0--------------","4","41","F","10","1000010020","1000010020","e1l0","-1------1-","--","-----0----","----------","2","0","0","0","0","1","0","0","2","0"
"85","2","forall NODE1,NODE0. ~ep_epoch1(NODE0) | ~ep_epoch4(NODE1) | locked_epoch2(NODE1) | NODE0 = NODE1","6","-1-------1-------0--------------","4","41","F","10","1000010020","1000010020","e1l0","-1-------1","--","-----0----","----------","2","0","0","0","0","1","0","0","2","0"
"86","2","forall NODE1,NODE0. ~ep_epoch1(NODE0) | ~ep_epoch4(NODE1) | locked_epoch3(NODE1) | NODE0 = NODE1","6","-1-------1---------0------------","4","41","F","10","1000010020","1000010020","e1l0","-1-------1","--","-------0--","----------","2","0","0","0","0","1","0","0","2","0"
"87","3","forall NODE1,NODE0. ~ep_epoch1(NODE0) | ~held(NODE0) | ~locked_epoch2(NODE1) | NODE0 = NODE1","6","-1--------1------1--------------","4","44","F","3","1010100020","1010100020","e1h1l1","-1--------","1-","-----1----","----------","1","0","1","0","1","0","0","0","2","0"
"88","3","forall NODE1,NODE0. ~ep_epoch1(NODE0) | ~held(NODE0) | ~locked_epoch3(NODE1) | NODE0 = NODE1","6","-1--------1--------1------------","4","44","F","3","1010100020","1010100020","e1h1l1","-1--------","1-","-------1--","----------","1","0","1","0","1","0","0","0","2","0"
"89","3","forall NODE1,NODE0. ~ep_epoch1(NODE0) | ~held(NODE0) | ep_epoch0(NODE1) | NODE0 = NODE1","6","-1---0----1---------------------","4","20","F","6","1110000020","1110000020","e1e0h1","-1---0----","1-","----------","----------","1","1","1","0","0","0","0","0","2","0"
"90","3","forall NODE1,NODE0. ~ep_epoch1(NODE0) | ~held(NODE1) | locked_epoch2(NODE1) | NODE0 = NODE1","6","-1---------1-----0--------------","4","21","F","3","1010010020","1010010020","e1h1l0","-1--------","-1","-----0----","----------","1","0","1","0","0","1","0","0","2","0"
"91","3","forall NODE1,NODE0. ~ep_epoch1(NODE0) | ~locked_epoch3(NODE1) | locked_epoch2(NODE1) | NODE0 = NODE1","6","-1---------------0-1------------","4","42","F","7","1000110020","1000110020","e1l1l0","-1--------","--","-----0-1--","----------","1","0","0","0","1","1","0","0","2","0"
"92","3","forall NODE1,NODE0. ~ep_epoch1(NODE0) | ~locked_epoch4(NODE1) | locked_epoch2(NODE1) | NODE0 = NODE1","6","-1---------------0---1----------","4","42","F","7","1000110020","1000110020","e1l1l0","-1--------","--","-----0---1","----------","1","0","0","0","1","1","0","0","2","0"
"93","3","forall NODE1,NODE0. ~ep_epoch1(NODE0) | ~locked_epoch4(NODE1) | locked_epoch3(NODE1) | NODE0 = NODE1","6","-1-----------------0-1----------","4","42","F","7","1000110020","1000110020","e1l1l0","-1--------","--","-------0-1","----------","1","0","0","0","1","1","0","0","2","0"
"94","3","forall NODE1,NODE0,NODE2. ~ep_epoch1(NODE0) | ~transfer_epoch2(NODE1) | ep_epoch0(NODE2) | ((NODE1 ~= NODE2 | NODE0 = NODE1) & (NODE0 ~= NODE1 | NODE0 = NODE2))","10","-1---0--------------------1-----","7","16","F","9","1100001030","1100001030","e1e0t1","-1---0----","--","----------","----1-----","1","1","0","0","0","0","1","0","3","0"
"95","3","forall NODE1,NODE0,NODE2. ~ep_epoch1(NODE0) | ~transfer_epoch3(NODE1) | ep_epoch2(NODE2) | ((NODE1 ~= NODE2 | NODE0 = NODE1) & (NODE0 ~= NODE1 | NODE0 = NODE2))","10","-1-----0--------------------1---","7","16","F","9","1100001030","1100001030","e1e0t1","-1-----0--","--","----------","------1---","1","1","0","0","0","0","1","0","3","0"
"96","3","forall NODE1,NODE0,NODE2. ~ep_epoch1(NODE0) | ~transfer_epoch3(NODE1) | locked_epoch2(NODE2) | ((NODE0 ~= NODE1 | NODE0 = NODE2) & (NODE1 ~= NODE2 | NODE0 = NODE1))","10","-1---------------0----------1---","7","43","F","7","1000011030","1000011030","e1l0t1","-1--------","--","-----0----","------1---","1","0","0","0","0","1","1","0","3","0"
"97","3","forall NODE1,NODE0,NODE2. ~ep_epoch1(NODE0) | ~transfer_epoch4(NODE1) | ep_epoch3(NODE2) | ((NODE1 ~= NODE2 | NODE0 = NODE1) & (NODE0 ~= NODE1 | NODE0 = NODE2))","10","-1------0---------------------1-","7","16","F","9","1100001030","1100001030","e1e0t1","-1------0-","--","----------","--------1-","1","1","0","0","0","0","1","0","3","0"
"98","3","forall NODE1,NODE0,NODE2. ~ep_epoch1(NODE0) | ~transfer_epoch4(NODE1) | locked_epoch2(NODE2) | ((NODE1 ~= NODE2 | NODE0 = NODE1) & (NODE0 ~= NODE1 | NODE0 = NODE2))","10","-1---------------0------------1-","7","43","F","7","1000011030","1000011030","e1l0t1","-1--------","--","-----0----","--------1-","1","0","0","0","0","1","1","0","3","0"
"99","3","forall NODE1,NODE0,NODE2. ~ep_epoch1(NODE0) | ~transfer_epoch4(NODE1) | locked_epoch3(NODE2) | ((NODE1 ~= NODE2 | NODE0 = NODE1) & (NODE0 ~= NODE1 | NODE0 = NODE2))","10","-1-----------------0----------1-","7","43","F","7","1000011030","1000011030","e1l0t1","-1--------","--","-------0--","--------1-","1","0","0","0","0","1","1","0","3","0"
"100","3","forall NODE1,NODE0. ~ep_epoch1(NODE0) | ep_epoch0(NODE1) | locked_epoch2(NODE1) | NODE0 = NODE1","6","-1---0-----------0--------------","4","19","F","19","1100010020","1100010020","e1e0l0","-1---0----","--","-----0----","----------","1","1","0","0","0","1","0","0","2","0"
"101","2","forall NODE1,NODE0. ~ep_epoch2(NODE0) | ~ep_epoch3(NODE1) | ~held(NODE0) | NODE0 = NODE1","6","--1-----1-1---------------------","4","6","F","4","1010000020","1010000020","e1h1","--1-----1-","1-","----------","----------","2","0","1","0","0","0","0","0","2","0"
"102","2","forall NODE1,NODE0. ~ep_epoch2(NODE0) | ~ep_epoch4(NODE1) | locked_epoch3(NODE1) | NODE0 = NODE1","6","--1------1---------0------------","4","41","F","10","1000010020","1000010020","e1l0","--1------1","--","-------0--","----------","2","0","0","0","0","1","0","0","2","0"
"103","3","forall NODE1,NODE0. ~ep_epoch2(NODE0) | ~held(NODE0) | ~locked_epoch3(NODE1) | NODE0 = NODE1","6","--1-------1--------1------------","4","44","F","3","1010100020","1010100020","e1h1l1","--1-------","1-","-------1--","----------","1","0","1","0","1","0","0","0","2","0"
"104","3","forall NODE1,NODE0. ~ep_epoch2(NODE0) | ~held(NODE1) | locked_epoch3(NODE1) | NODE0 = NODE1","6","--1--------1-------0------------","4","21","F","3","1010010020","1010010020","e1h1l0","--1-------","-1","-------0--","----------","1","0","1","0","0","1","0","0","2","0"
"105","3","forall NODE1,NODE0. ~ep_epoch2(NODE0) | ~locked_epoch4(NODE1) | locked_epoch3(NODE1) | NODE0 = NODE1","6","--1----------------0-1----------","4","42","F","7","1000110020","1000110020","e1l1l0","--1-------","--","-------0-1","----------","1","0","0","0","1","1","0","0","2","0"
"106","3","forall NODE1,NODE0,NODE2. ~ep_epoch2(NODE0) | ~transfer_epoch4(NODE1) | ep_epoch3(NODE2) | ((NODE1 ~= NODE2 | NODE0 = NODE1) & (NODE0 ~= NODE1 | NODE0 = NODE2))","10","--1-----0---------------------1-","7","16","F","9","1100001030","1100001030","e1e0t1","--1-----0-","--","----------","--------1-","1","1","0","0","0","0","1","0","3","0"
"107","3","forall NODE1,NODE0,NODE2. ~ep_epoch2(NODE0) | ~transfer_epoch4(NODE1) | locked_epoch3(NODE2) | ((NODE1 ~= NODE2 | NODE0 = NODE1) & (NODE0 ~= NODE1 | NODE0 = NODE2))","10","--1----------------0----------1-","7","43","F","7","1000011030","1000011030","e1l0t1","--1-------","--","-------0--","--------1-","1","0","0","0","0","1","1","0","3","0"
"108","3","forall NODE1,NODE0. ~ep_epoch3(NODE0) | ~held(NODE1) | ep_epoch4(NODE1) | NODE0 = NODE1","6","---1-----0-1--------------------","4","20","F","6","1110000020","1110000020","e1e0h1","---1-----0","-1","----------","----------","1","1","1","0","0","0","0","0","2","0"
"109","3","forall NODE1,NODE0. ~ep_epoch3(NODE0) | ~held(NODE1) | locked_epoch4(NODE1) | NODE0 = NODE1","6","---1-------1---------0----------","4","21","F","3","1010010020","1010010020","e1h1l0","---1------","-1","---------0","----------","1","0","1","0","0","1","0","0","2","0"
"110","2","forall NODE1,NODE0. ~ep_epoch3(NODE0) | locked_epoch2(NODE0) | locked_epoch2(NODE1) | NODE0 = NODE1","6","---1------------00--------------","4","41","F","10","1000010020","1000010020","e1l0","---1------","--","----00----","----------","1","0","0","0","0","2","0","0","2","0"
"111","3","forall NODE1,NODE0. ~ep_epoch4(NODE0) | ~locked_epoch3(NODE1) | ep_epoch3(NODE1) | NODE0 = NODE1","6","----1---0----------1------------","4","45","F","8","1100100020","1100100020","e1e0l1","----1---0-","--","-------1--","----------","1","1","0","0","1","0","0","0","2","0"
"112","3","forall NODE1,NODE0. ~ep_epoch4(NODE0) | ep_epoch3(NODE1) | locked_epoch3(NODE0) | NODE0 = NODE1","6","----1---0---------0-------------","4","19","F","19","1100010020","1100010020","e1e0l0","----1---0-","--","------0---","----------","1","1","0","0","0","1","0","0","2","0"
"113","2","forall NODE1,NODE0. ~ep_epoch4(NODE0) | locked_epoch2(NODE0) | locked_epoch2(NODE1) | NODE0 = NODE1","6","----1-----------00--------------","4","41","F","10","1000010020","1000010020","e1l0","----1-----","--","----00----","----------","1","0","0","0","0","2","0","0","2","0"
"114","2","forall NODE1,NODE0. ~ep_epoch4(NODE0) | locked_epoch3(NODE0) | locked_epoch3(NODE1) | NODE0 = NODE1","6","----1-------------00------------","4","41","F","10","1000010020","1000010020","e1l0","----1-----","--","------00--","----------","1","0","0","0","0","2","0","0","2","0"
"115","3","forall NODE1,NODE0. ~held(NODE0) | ~locked_epoch3(NODE1) | ep_epoch3(NODE1) | NODE0 = NODE1","6","--------0-1--------1------------","4","46","F","10","0110100020","0110100020","e0h1l1","--------0-","1-","-------1--","----------","0","1","1","0","1","0","0","0","2","0"
"116","3","forall NODE1,NODE0. ~held(NODE0) | ~locked_epoch3(NODE1) | ep_epoch4(NODE0) | NODE0 = NODE1","6","----0-----1--------1------------","4","46","F","10","0110100020","0110100020","e0h1l1","----0-----","1-","-------1--","----------","0","1","1","0","1","0","0","0","2","0"
"117","3","forall NODE1,NODE0. ~held(NODE0) | ~locked_epoch3(NODE1) | locked_epoch4(NODE0) | NODE0 = NODE1","6","----------1--------10-----------","4","47","F","3","0010110020","0010110020","h1l1l0","----------","1-","-------10-","----------","0","0","1","0","1","1","0","0","2","0"
"118","3","forall NODE1,NODE0. ~locked_epoch2(NODE0) | ~transfer_epoch3(NODE1) | ep_epoch2(NODE0)","5","--0-------------1-----------1---","3","48","F","3","0100101020","0100101020","e0l1t1","--0-------","--","----1-----","------1---","0","1","0","0","1","0","1","0","2","0"
"119","2","forall NODE1,NODE0. ~locked_epoch3(NODE0) | ~locked_epoch4(NODE1) | ep_epoch3(NODE0) | NODE0 = NODE1","6","---0--------------1--1----------","4","26","F","16","0100100020","0100100020","e0l1","---0------","--","------1--1","----------","0","1","0","0","2","0","0","0","2","0"
"120","3","forall NODE1,NODE0. ~locked_epoch3(NODE0) | ~transfer_epoch4(NODE1) | ep_epoch3(NODE0)","5","---0--------------1-----------1-","3","48","F","3","0100101020","0100101020","e0l1t1","---0------","--","------1---","--------1-","0","1","0","0","1","0","1","0","2","0"
"121","2","forall NODE0. ~locked_epoch3(NODE0) | ep_epoch3(NODE0) | ep_epoch4(NODE0)","4","---00-------------1-------------","3","14","F","3","0100100010","0100100010","e0l1","---00-----","--","------1---","----------","0","2","0","0","1","0","0","0","1","0"
"122","3","forall NODE0. ~locked_epoch3(NODE0) | ep_epoch3(NODE0) | held(NODE0)","4","---0------0-------1-------------","3","49","F","2","0101100010","0101100010","e0h0l1","---0------","0-","------1---","----------","0","1","0","1","1","0","0","0","1","0"
"123","3","forall NODE0. ~locked_epoch3(NODE0) | ep_epoch3(NODE0) | locked_epoch4(NODE0)","4","---0--------------1-0-----------","3","50","F","4","0100110010","0100110010","e0l1l0","---0------","--","------1-0-","----------","0","1","0","0","1","1","0","0","1","0"
"124","2","forall NODE1,NODE0. ~locked_epoch3(NODE0) | locked_epoch2(NODE0) | locked_epoch2(NODE1) | NODE0 = NODE1","6","----------------001-------------","4","52","F","3","0000110020","0000110020","l1l0","----------","--","----001---","----------","0","0","0","0","1","2","0","0","2","0"
"125","3","forall NODE1,NODE0. ~locked_epoch4(NODE0) | ep_epoch3(NODE1) | locked_epoch3(NODE0) | NODE0 = NODE1","6","--------0---------0-1-----------","4","51","F","27","0100110020","0100110020","e0l1l0","--------0-","--","------0-1-","----------","0","1","0","0","1","1","0","0","2","0"
"126","2","forall NODE1,NODE0. ~locked_epoch4(NODE0) | locked_epoch2(NODE0) | locked_epoch2(NODE1) | NODE0 = NODE1","6","----------------00--1-----------","4","52","F","3","0000110020","0000110020","l1l0","----------","--","----00--1-","----------","0","0","0","0","1","2","0","0","2","0"
"127","2","forall NODE1,NODE0. ~locked_epoch4(NODE0) | locked_epoch3(NODE0) | locked_epoch3(NODE1) | NODE0 = NODE1","6","------------------001-----------","4","52","F","3","0000110020","0000110020","l1l0","----------","--","------001-","----------","0","0","0","0","1","2","0","0","2","0"
"128","2","forall NODE1,NODE0. ~transfer_epoch2(NODE0) | ep_epoch0(NODE0) | ep_epoch0(NODE1) | NODE0 = NODE1","6","0----0--------------------1-----","4","27","F","9","0100001020","0100001020","e0t1","0----0----","--","----------","----1-----","0","2","0","0","0","0","1","0","2","0"
"129","2","forall NODE1,NODE0. ~transfer_epoch2(NODE0) | ep_epoch0(NODE1) | ep_epoch1(NODE1)","5","00------------------------1-----","3","27","F","9","0100001020","0100001020","e0t1","00--------","--","----------","----1-----","0","2","0","0","0","0","1","0","2","0"
"130","2","forall NODE1,NODE0. ~transfer_epoch2(NODE0) | ep_epoch1(NODE0) | ep_epoch1(NODE1) | NODE0 = NODE1","6","-0----0-------------------1-----","4","27","F","9","0100001020","0100001020","e0t1","-0----0---","--","----------","----1-----","0","2","0","0","0","0","1","0","2","0"
"131","2","forall NODE1,NODE0. ~transfer_epoch3(NODE0) | ep_epoch2(NODE0) | ep_epoch2(NODE1) | NODE0 = NODE1","6","--0----0--------------------1---","4","27","F","9","0100001020","0100001020","e0t1","--0----0--","--","----------","------1---","0","2","0","0","0","0","1","0","2","0"
"132","3","forall NODE1,NODE0,NODE2. ~transfer_epoch3(NODE0) | ep_epoch2(NODE1) | locked_epoch2(NODE2) | ((NODE0 ~= NODE1 | NODE0 = NODE2) & (NODE0 ~= NODE2 | NODE0 = NODE1))","10","--0--------------0----------1---","7","53","F","5","0100011030","0100011030","e0l0t1","--0-------","--","-----0----","------1---","0","1","0","0","0","1","1","0","3","0"
"133","2","forall NODE1,NODE0. ~transfer_epoch3(NODE0) | locked_epoch2(NODE0) | locked_epoch2(NODE1) | NODE0 = NODE1","6","----------------00----------1---","4","54","F","3","0000011020","0000011020","l0t1","----------","--","----00----","------1---","0","0","0","0","0","2","1","0","2","0"
"134","2","forall NODE1,NODE0. ~transfer_epoch4(NODE0) | ep_epoch3(NODE0) | ep_epoch3(NODE1) | NODE0 = NODE1","6","---0----0---------------------1-","4","27","F","9","0100001020","0100001020","e0t1","---0----0-","--","----------","--------1-","0","2","0","0","0","0","1","0","2","0"
"135","3","forall NODE1,NODE0,NODE2. ~transfer_epoch4(NODE0) | ep_epoch3(NODE1) | locked_epoch3(NODE2) | ((NODE0 ~= NODE1 | NODE0 = NODE2) & (NODE0 ~= NODE2 | NODE0 = NODE1))","10","---0---------------0----------1-","7","53","F","5","0100011030","0100011030","e0l0t1","---0------","--","-------0--","--------1-","0","1","0","0","0","1","1","0","3","0"
"136","2","forall NODE1,NODE0. ~transfer_epoch4(NODE0) | locked_epoch2(NODE0) | locked_epoch2(NODE1) | NODE0 = NODE1","6","----------------00------------1-","4","54","F","3","0000011020","0000011020","l0t1","----------","--","----00----","--------1-","0","0","0","0","0","2","1","0","2","0"
"137","2","forall NODE1,NODE0. ~transfer_epoch4(NODE0) | locked_epoch3(NODE0) | locked_epoch3(NODE1) | NODE0 = NODE1","6","------------------00----------1-","4","54","F","3","0000011020","0000011020","l0t1","----------","--","------00--","--------1-","0","0","0","0","0","2","1","0","2","0"
"138","4","forall NODE1,NODE0. ~ep_epoch0(NODE0) | ~locked_epoch2(NODE1) | ep_epoch2(NODE1) | locked_epoch3(NODE1) | NODE0 = NODE1","7","1------0---------1-0------------","5","65","F","8","1100110020","1100110020","e1e0l1l0","1------0--","--","-----1-0--","----------","1","1","0","0","1","1","0","0","2","0"
"139","3","forall NODE1,NODE0. ~ep_epoch0(NODE0) | ep_epoch1(NODE1) | ep_epoch2(NODE1) | locked_epoch3(NODE1) | NODE0 = NODE1","7","1-----00-----------0------------","5","19","F","19","1100010020","1100010020","e1e0l0","1-----00--","--","-------0--","----------","1","2","0","0","0","1","0","0","2","0"
"140","4","forall NODE1,NODE0. ~ep_epoch1(NODE0) | ~held(NODE1) | ep_epoch2(NODE1) | locked_epoch3(NODE1) | NODE0 = NODE1","7","-1-----0---1-------0------------","5","55","F","5","1110010020","1110010020","e1e0h1l0","-1-----0--","-1","-------0--","----------","1","1","1","0","0","1","0","0","2","0"
"141","4","forall NODE1,NODE0. ~ep_epoch1(NODE0) | ~locked_epoch2(NODE1) | ep_epoch2(NODE1) | locked_epoch3(NODE1) | NODE0 = NODE1","7","-1-----0---------1-0------------","5","65","F","8","1100110020","1100110020","e1e0l1l0","-1-----0--","--","-----1-0--","----------","1","1","0","0","1","1","0","0","2","0"
"142","3","forall NODE1,NODE0. ~ep_epoch1(NODE0) | ep_epoch0(NODE1) | ep_epoch2(NODE1) | locked_epoch3(NODE1) | NODE0 = NODE1","7","-1---0-0-----------0------------","5","19","F","19","1100010020","1100010020","e1e0l0","-1---0-0--","--","-------0--","----------","1","2","0","0","0","1","0","0","2","0"
"143","3","forall NODE1,NODE0. ~ep_epoch2(NODE0) | ~held(NODE0) | ep_epoch0(NODE1) | ep_epoch1(NODE1) | NODE0 = NODE1","7","--1--00---1---------------------","5","20","F","6","1110000020","1110000020","e1e0h1","--1--00---","1-","----------","----------","1","2","1","0","0","0","0","0","2","0"
"144","3","forall NODE1,NODE0. ~ep_epoch2(NODE0) | ~held(NODE1) | ep_epoch3(NODE1) | ep_epoch4(NODE1) | NODE0 = NODE1","7","--1-----00-1--------------------","5","20","F","6","1110000020","1110000020","e1e0h1","--1-----00","-1","----------","----------","1","2","1","0","0","0","0","0","2","0"
"145","4","forall NODE1,NODE0. ~ep_epoch2(NODE0) | ~held(NODE1) | ep_epoch3(NODE1) | locked_epoch4(NODE1) | NODE0 = NODE1","7","--1-----0--1---------0----------","5","55","F","5","1110010020","1110010020","e1e0h1l0","--1-----0-","-1","---------0","----------","1","1","1","0","0","1","0","0","2","0"
"146","3","forall NODE1,NODE0,NODE2. ~ep_epoch2(NODE0) | ~transfer_epoch3(NODE1) | ep_epoch0(NODE2) | ep_epoch1(NODE2) | ((NODE1 ~= NODE2 | NODE0 = NODE1) & (NODE0 ~= NODE1 | NODE0 = NODE2))","11","--1--00---------------------1---","8","16","F","9","1100001030","1100001030","e1e0t1","--1--00---","--","----------","------1---","1","2","0","0","0","0","1","0","3","0"
"147","3","forall NODE1,NODE0. ~ep_epoch2(NODE0) | ep_epoch0(NODE1) | ep_epoch1(NODE1) | locked_epoch3(NODE1) | NODE0 = NODE1","7","--1--00------------0------------","5","19","F","19","1100010020","1100010020","e1e0l0","--1--00---","--","-------0--","----------","1","2","0","0","0","1","0","0","2","0"
"148","4","forall NODE1,NODE0. ~ep_epoch3(NODE0) | ~held(NODE0) | ~locked_epoch2(NODE1) | ep_epoch2(NODE1) | NODE0 = NODE1","7","---1---0--1------1--------------","5","66","F","2","1110100020","1110100020","e1e0h1l1","---1---0--","1-","-----1----","----------","1","1","1","0","1","0","0","0","2","0"
"149","4","forall NODE1,NODE0. ~ep_epoch3(NODE0) | ~held(NODE0) | ep_epoch2(NODE1) | locked_epoch2(NODE0) | NODE0 = NODE1","7","---1---0--1-----0---------------","5","55","F","5","1110010020","1110010020","e1e0h1l0","---1---0--","1-","----0-----","----------","1","1","1","0","0","1","0","0","2","0"
"150","4","forall NODE1,NODE0,NODE2. ~ep_epoch3(NODE0) | ~locked_epoch2(NODE1) | ~transfer_epoch4(NODE2) | ep_epoch2(NODE1) | ((NODE0 ~= NODE2 | NODE0 = NODE1) & (NODE1 ~= NODE2 | NODE0 = NODE1))","11","---1---0---------1------------1-","8","67","F","2","1100101030","1100101030","e1e0l1t1","---1---0--","--","-----1----","--------1-","1","1","0","0","1","0","1","0","3","0"
"151","3","forall NODE1,NODE0. ~ep_epoch3(NODE0) | ~locked_epoch2(NODE1) | ep_epoch2(NODE1) | ep_epoch4(NODE1) | NODE0 = NODE1","7","---1---0-0-------1--------------","5","45","F","8","1100100020","1100100020","e1e0l1","---1---0-0","--","-----1----","----------","1","2","0","0","1","0","0","0","2","0"
"152","4","forall NODE1,NODE0. ~ep_epoch3(NODE0) | ~locked_epoch2(NODE1) | ep_epoch2(NODE1) | held(NODE1) | NODE0 = NODE1","7","---1---0---0-----1--------------","5","68","F","2","1101100020","1101100020","e1e0h0l1","---1---0--","-0","-----1----","----------","1","1","0","1","1","0","0","0","2","0"
"153","4","forall NODE1,NODE0. ~ep_epoch3(NODE0) | ~locked_epoch2(NODE1) | ep_epoch2(NODE1) | locked_epoch4(NODE1) | NODE0 = NODE1","7","---1---0---------1---0----------","5","65","F","8","1100110020","1100110020","e1e0l1l0","---1---0--","--","-----1---0","----------","1","1","0","0","1","1","0","0","2","0"
"154","4","forall NODE1,NODE0,NODE2. ~ep_epoch3(NODE0) | ~transfer_epoch4(NODE1) | ep_epoch2(NODE2) | locked_epoch2(NODE0) | ((NODE0 ~= NODE1 | NODE0 = NODE2) & (NODE1 ~= NODE2 | NODE0 = NODE1))","11","---1---0--------0-------------1-","8","69","F","2","1100011030","1100011030","e1e0l0t1","---1---0--","--","----0-----","--------1-","1","1","0","0","0","1","1","0","3","0"
"155","3","forall NODE1,NODE0. ~ep_epoch3(NODE0) | ep_epoch2(NODE1) | ep_epoch4(NODE1) | locked_epoch2(NODE0) | NODE0 = NODE1","7","---1---0-0------0---------------","5","19","F","19","1100010020","1100010020","e1e0l0","---1---0-0","--","----0-----","----------","1","2","0","0","0","1","0","0","2","0"
"156","4","forall NODE1,NODE0. ~ep_epoch3(NODE0) | ep_epoch2(NODE1) | held(NODE1) | locked_epoch2(NODE0) | NODE0 = NODE1","7","---1---0---0----0---------------","5","70","F","2","1101010020","1101010020","e1e0h0l0","---1---0--","-0","----0-----","----------","1","1","0","1","0","1","0","0","2","0"
"157","3","forall NODE1,NODE0. ~ep_epoch3(NODE0) | ep_epoch2(NODE1) | locked_epoch2(NODE0) | locked_epoch4(NODE1) | NODE0 = NODE1","7","---1---0--------0----0----------","5","19","F","19","1100010020","1100010020","e1e0l0","---1---0--","--","----0----0","----------","1","1","0","0","0","2","0","0","2","0"
"158","3","forall NODE1,NODE0. ~ep_epoch4(NODE0) | ~locked_epoch2(NODE1) | ~locked_epoch3(NODE0) | ep_epoch2(NODE1) | NODE0 = NODE1","7","----1--0---------11-------------","5","45","F","8","1100100020","1100100020","e1e0l1","----1--0--","--","-----11---","----------","1","1","0","0","2","0","0","0","2","0"
"159","3","forall NODE1,NODE0. ~ep_epoch4(NODE0) | ~locked_epoch2(NODE1) | ep_epoch2(NODE1) | ep_epoch3(NODE1) | NODE0 = NODE1","7","----1--00--------1--------------","5","45","F","8","1100100020","1100100020","e1e0l1","----1--00-","--","-----1----","----------","1","2","0","0","1","0","0","0","2","0"
"160","4","forall NODE1,NODE0. ~ep_epoch4(NODE0) | ~locked_epoch2(NODE1) | ep_epoch2(NODE1) | locked_epoch3(NODE1) | NODE0 = NODE1","7","----1--0---------1-0------------","5","65","F","8","1100110020","1100110020","e1e0l1l0","----1--0--","--","-----1-0--","----------","1","1","0","0","1","1","0","0","2","0"
"161","4","forall NODE1,NODE0. ~ep_epoch4(NODE0) | ~locked_epoch3(NODE0) | ep_epoch2(NODE1) | locked_epoch2(NODE0) | NODE0 = NODE1","7","----1--0--------0-1-------------","5","65","F","8","1100110020","1100110020","e1e0l1l0","----1--0--","--","----0-1---","----------","1","1","0","0","1","1","0","0","2","0"
"162","3","forall NODE1,NODE0. ~ep_epoch4(NODE0) | ep_epoch2(NODE1) | ep_epoch3(NODE1) | locked_epoch2(NODE0) | NODE0 = NODE1","7","----1--00-------0---------------","5","19","F","19","1100010020","1100010020","e1e0l0","----1--00-","--","----0-----","----------","1","2","0","0","0","1","0","0","2","0"
"163","3","forall NODE1,NODE0. ~ep_epoch4(NODE0) | ep_epoch2(NODE1) | locked_epoch2(NODE0) | locked_epoch3(NODE1) | NODE0 = NODE1","7","----1--0--------0--0------------","5","19","F","19","1100010020","1100010020","e1e0l0","----1--0--","--","----0--0--","----------","1","1","0","0","0","2","0","0","2","0"
"164","3","forall NODE1,NODE0. ~held(NODE0) | ~locked_epoch2(NODE1) | ~locked_epoch3(NODE0) | ep_epoch2(NODE1) | NODE0 = NODE1","7","-------0--1------11-------------","5","46","F","10","0110100020","0110100020","e0h1l1","-------0--","1-","-----11---","----------","0","1","1","0","2","0","0","0","2","0"
"165","3","forall NODE1,NODE0. ~held(NODE0) | ~locked_epoch2(NODE1) | ep_epoch2(NODE1) | ep_epoch3(NODE1) | NODE0 = NODE1","7","-------00-1------1--------------","5","46","F","10","0110100020","0110100020","e0h1l1","-------00-","1-","-----1----","----------","0","2","1","0","1","0","0","0","2","0"
"166","3","forall NODE1,NODE0. ~held(NODE0) | ~locked_epoch2(NODE1) | ep_epoch2(NODE1) | ep_epoch4(NODE0) | NODE0 = NODE1","7","----0--0--1------1--------------","5","46","F","10","0110100020","0110100020","e0h1l1","----0--0--","1-","-----1----","----------","0","2","1","0","1","0","0","0","2","0"
"167","4","forall NODE1,NODE0. ~held(NODE0) | ~locked_epoch2(NODE1) | ep_epoch2(NODE1) | locked_epoch3(NODE1) | NODE0 = NODE1","7","-------0--1------1-0------------","5","71","F","9","0110110020","0110110020","e0h1l1l0","-------0--","1-","-----1-0--","----------","0","1","1","0","1","1","0","0","2","0"
"168","4","forall NODE1,NODE0. ~held(NODE0) | ~locked_epoch2(NODE1) | ep_epoch2(NODE1) | locked_epoch4(NODE0) | NODE0 = NODE1","7","-------0--1------1--0-----------","5","71","F","9","0110110020","0110110020","e0h1l1l0","-------0--","1-","-----1--0-","----------","0","1","1","0","1","1","0","0","2","0"
"169","3","forall NODE1,NODE0. ~held(NODE0) | ~locked_epoch2(NODE1) | ep_epoch3(NODE0) | ep_epoch4(NODE0) | NODE0 = NODE1","7","---00-----1------1--------------","5","46","F","10","0110100020","0110100020","e0h1l1","---00-----","1-","-----1----","----------","0","2","1","0","1","0","0","0","2","0"
"170","4","forall NODE1,NODE0. ~held(NODE0) | ~locked_epoch2(NODE1) | ep_epoch3(NODE0) | locked_epoch4(NODE0) | NODE0 = NODE1","7","---0------1------1--0-----------","5","71","F","9","0110110020","0110110020","e0h1l1l0","---0------","1-","-----1--0-","----------","0","1","1","0","1","1","0","0","2","0"
"171","4","forall NODE1,NODE0. ~held(NODE0) | ~locked_epoch2(NODE1) | ep_epoch3(NODE1) | locked_epoch3(NODE0) | NODE0 = NODE1","7","--------0-1------10-------------","5","71","F","9","0110110020","0110110020","e0h1l1l0","--------0-","1-","-----10---","----------","0","1","1","0","1","1","0","0","2","0"
"172","4","forall NODE1,NODE0. ~held(NODE0) | ~locked_epoch2(NODE1) | ep_epoch4(NODE0) | locked_epoch3(NODE0) | NODE0 = NODE1","7","----0-----1------10-------------","5","71","F","9","0110110020","0110110020","e0h1l1l0","----0-----","1-","-----10---","----------","0","1","1","0","1","1","0","0","2","0"
"173","3","forall NODE1,NODE0. ~held(NODE0) | ~locked_epoch2(NODE1) | locked_epoch3(NODE0) | locked_epoch3(NODE1) | NODE0 = NODE1","7","----------1------100------------","5","47","F","3","0010110020","0010110020","h1l1l0","----------","1-","-----100--","----------","0","0","1","0","1","2","0","0","2","0"
"174","3","forall NODE1,NODE0. ~held(NODE0) | ~locked_epoch2(NODE1) | locked_epoch3(NODE0) | locked_epoch4(NODE0) | NODE0 = NODE1","7","----------1------10-0-----------","5","47","F","3","0010110020","0010110020","h1l1l0","----------","1-","-----10-0-","----------","0","0","1","0","1","2","0","0","2","0"
"175","4","forall NODE1,NODE0. ~held(NODE0) | ~locked_epoch3(NODE0) | ep_epoch2(NODE1) | locked_epoch2(NODE0) | NODE0 = NODE1","7","-------0--1-----0-1-------------","5","71","F","9","0110110020","0110110020","e0h1l1l0","-------0--","1-","----0-1---","----------","0","1","1","0","1","1","0","0","2","0"
"176","3","forall NODE1,NODE0. ~held(NODE0) | ep_epoch0(NODE1) | locked_epoch2(NODE0) | locked_epoch2(NODE1) | NODE0 = NODE1","7","-----0----1-----00--------------","5","23","F","36","0110010020","0110010020","e0h1l0","-----0----","1-","----00----","----------","0","1","1","0","0","2","0","0","2","0"
"177","3","forall NODE1,NODE0. ~held(NODE0) | ep_epoch1(NODE0) | locked_epoch2(NODE0) | locked_epoch2(NODE1) | NODE0 = NODE1","7","-0--------1-----00--------------","5","23","F","36","0110010020","0110010020","e0h1l0","-0--------","1-","----00----","----------","0","1","1","0","0","2","0","0","2","0"
"178","2","forall NODE1,NODE0. ~locked_epoch2(NODE0) | ~locked_epoch3(NODE1) | ~locked_epoch4(NODE1) | ep_epoch2(NODE0) | NODE0 = NODE1","7","--0-------------1--1-1----------","5","26","F","16","0100100020","0100100020","e0l1","--0-------","--","----1--1-1","----------","0","1","0","0","3","0","0","0","2","0"
"179","3","forall NODE1,NODE0,NODE2. ~locked_epoch2(NODE0) | ~locked_epoch3(NODE1) | ~transfer_epoch4(NODE2) | ep_epoch2(NODE0) | ((NODE1 ~= NODE2 | NODE0 = NODE1) & (NODE0 ~= NODE2 | NODE0 = NODE1))","11","--0-------------1--1----------1-","8","56","F","6","0100101030","0100101030","e0l1t1","--0-------","--","----1--1--","--------1-","0","1","0","0","2","0","1","0","3","0"
"180","2","forall NODE1,NODE0. ~locked_epoch2(NODE0) | ~locked_epoch3(NODE1) | ep_epoch2(NODE0) | ep_epoch3(NODE1) | NODE0 = NODE1","7","--0-----0-------1--1------------","5","26","F","16","0100100020","0100100020","e0l1","--0-----0-","--","----1--1--","----------","0","2","0","0","2","0","0","0","2","0"
"181","2","forall NODE1,NODE0. ~locked_epoch2(NODE0) | ~locked_epoch3(NODE1) | ep_epoch2(NODE0) | ep_epoch4(NODE0) | NODE0 = NODE1","7","--0-0-----------1--1------------","5","26","F","16","0100100020","0100100020","e0l1","--0-0-----","--","----1--1--","----------","0","2","0","0","2","0","0","0","2","0"
"182","3","forall NODE1,NODE0. ~locked_epoch2(NODE0) | ~locked_epoch3(NODE1) | ep_epoch2(NODE0) | held(NODE0) | NODE0 = NODE1","7","--0-------0-----1--1------------","5","57","F","5","0101100020","0101100020","e0h0l1","--0-------","0-","----1--1--","----------","0","1","0","1","2","0","0","0","2","0"
"183","3","forall NODE1,NODE0. ~locked_epoch2(NODE0) | ~locked_epoch3(NODE1) | ep_epoch2(NODE0) | locked_epoch4(NODE0) | NODE0 = NODE1","7","--0-------------1--10-----------","5","51","F","27","0100110020","0100110020","e0l1l0","--0-------","--","----1--10-","----------","0","1","0","0","2","1","0","0","2","0"
"184","2","forall NODE1,NODE0. ~locked_epoch2(NODE0) | ~locked_epoch4(NODE1) | ep_epoch2(NODE0) | ep_epoch3(NODE0) | NODE0 = NODE1","7","--00------------1----1----------","5","26","F","16","0100100020","0100100020","e0l1","--00------","--","----1----1","----------","0","2","0","0","2","0","0","0","2","0"
"185","3","forall NODE1,NODE0. ~locked_epoch2(NODE0) | ~locked_epoch4(NODE1) | ep_epoch2(NODE0) | locked_epoch3(NODE0) | NODE0 = NODE1","7","--0-------------1-0--1----------","5","51","F","27","0100110020","0100110020","e0l1l0","--0-------","--","----1-0--1","----------","0","1","0","0","2","1","0","0","2","0"
"186","3","forall NODE1,NODE0,NODE2. ~locked_epoch2(NODE0) | ~transfer_epoch3(NODE1) | ep_epoch0(NODE2) | ep_epoch1(NODE2) | ((NODE0 ~= NODE1 | NODE0 = NODE2) & (NODE1 ~= NODE2 | NODE0 = NODE1))","11","-----00---------1-----------1---","8","56","F","6","0100101030","0100101030","e0l1t1","-----00---","--","----1-----","------1---","0","2","0","0","1","0","1","0","3","0"
"187","3","forall NODE1,NODE0. ~locked_epoch2(NODE0) | ~transfer_epoch4(NODE1) | ep_epoch2(NODE0) | ep_epoch3(NODE0)","6","--00------------1-------------1-","4","48","F","3","0100101020","0100101020","e0l1t1","--00------","--","----1-----","--------1-","0","2","0","0","1","0","1","0","2","0"
"188","4","forall NODE1,NODE0. ~locked_epoch2(NODE0) | ~transfer_epoch4(NODE1) | ep_epoch2(NODE0) | locked_epoch3(NODE0)","6","--0-------------1-0-----------1-","4","72","F","1","0100111020","0100111020","e0l1l0t1","--0-------","--","----1-0---","--------1-","0","1","0","0","1","1","1","0","2","0"
"189","2","forall NODE0. ~locked_epoch2(NODE0) | ep_epoch2(NODE0) | ep_epoch3(NODE0) | ep_epoch4(NODE0)","5","--000-----------1---------------","4","14","F","3","0100100010","0100100010","e0l1","--000-----","--","----1-----","----------","0","3","0","0","1","0","0","0","1","0"
"190","3","forall NODE0. ~locked_epoch2(NODE0) | ep_epoch2(NODE0) | ep_epoch3(NODE0) | held(NODE0)","5","--00------0-----1---------------","4","49","F","2","0101100010","0101100010","e0h0l1","--00------","0-","----1-----","----------","0","2","0","1","1","0","0","0","1","0"
"191","3","forall NODE0. ~locked_epoch2(NODE0) | ep_epoch2(NODE0) | ep_epoch3(NODE0) | locked_epoch4(NODE0)","5","--00------------1---0-----------","4","50","F","4","0100110010","0100110010","e0l1l0","--00------","--","----1---0-","----------","0","2","0","0","1","1","0","0","1","0"
"192","3","forall NODE1,NODE0. ~locked_epoch2(NODE0) | ep_epoch2(NODE0) | ep_epoch3(NODE1) | locked_epoch3(NODE0) | NODE0 = NODE1","7","--0-----0-------1-0-------------","5","51","F","27","0100110020","0100110020","e0l1l0","--0-----0-","--","----1-0---","----------","0","2","0","0","1","1","0","0","2","0"
"193","3","forall NODE0. ~locked_epoch2(NODE0) | ep_epoch2(NODE0) | ep_epoch4(NODE0) | locked_epoch3(NODE0)","5","--0-0-----------1-0-------------","4","50","F","4","0100110010","0100110010","e0l1l0","--0-0-----","--","----1-0---","----------","0","2","0","0","1","1","0","0","1","0"
"194","4","forall NODE0. ~locked_epoch2(NODE0) | ep_epoch2(NODE0) | held(NODE0) | locked_epoch3(NODE0)","5","--0-------0-----1-0-------------","4","73","F","1","0101110010","0101110010","e0h0l1l0","--0-------","0-","----1-0---","----------","0","1","0","1","1","1","0","0","1","0"
"195","3","forall NODE1,NODE0. ~locked_epoch2(NODE0) | ep_epoch2(NODE0) | locked_epoch3(NODE0) | locked_epoch3(NODE1) | NODE0 = NODE1","7","--0-------------1-00------------","5","51","F","27","0100110020","0100110020","e0l1l0","--0-------","--","----1-00--","----------","0","1","0","0","1","2","0","0","2","0"
"196","3","forall NODE0. ~locked_epoch2(NODE0) | ep_epoch2(NODE0) | locked_epoch3(NODE0) | locked_epoch4(NODE0)","5","--0-------------1-0-0-----------","4","50","F","4","0100110010","0100110010","e0l1l0","--0-------","--","----1-0-0-","----------","0","1","0","0","1","2","0","0","1","0"
"197","3","forall NODE1,NODE0. ~locked_epoch3(NODE0) | ~locked_epoch4(NODE0) | ep_epoch2(NODE1) | locked_epoch2(NODE0) | NODE0 = NODE1","7","-------0--------0-1-1-----------","5","51","F","27","0100110020","0100110020","e0l1l0","-------0--","--","----0-1-1-","----------","0","1","0","0","2","1","0","0","2","0"
"198","4","forall NODE1,NODE0,NODE2. ~locked_epoch3(NODE0) | ~transfer_epoch4(NODE1) | ep_epoch2(NODE2) | locked_epoch2(NODE0) | ((NODE0 ~= NODE1 | NODE0 = NODE2) & (NODE1 ~= NODE2 | NODE0 = NODE1))","11","-------0--------0-1-----------1-","8","74","F","3","0100111030","0100111030","e0l1l0t1","-------0--","--","----0-1---","--------1-","0","1","0","0","1","1","1","0","3","0"
"199","3","forall NODE1,NODE0. ~locked_epoch3(NODE0) | ep_epoch2(NODE1) | ep_epoch3(NODE0) | locked_epoch2(NODE0) | NODE0 = NODE1","7","---0---0--------0-1-------------","5","51","F","27","0100110020","0100110020","e0l1l0","---0---0--","--","----0-1---","----------","0","2","0","0","1","1","0","0","2","0"
"200","3","forall NODE1,NODE0. ~locked_epoch3(NODE0) | ep_epoch2(NODE1) | ep_epoch4(NODE1) | locked_epoch2(NODE0) | NODE0 = NODE1","7","-------0-0------0-1-------------","5","51","F","27","0100110020","0100110020","e0l1l0","-------0-0","--","----0-1---","----------","0","2","0","0","1","1","0","0","2","0"
"201","4","forall NODE1,NODE0. ~locked_epoch3(NODE0) | ep_epoch2(NODE1) | held(NODE1) | locked_epoch2(NODE0) | NODE0 = NODE1","7","-------0---0----0-1-------------","5","75","F","3","0101110020","0101110020","e0h0l1l0","-------0--","-0","----0-1---","----------","0","1","0","1","1","1","0","0","2","0"
"202","3","forall NODE1,NODE0. ~locked_epoch3(NODE0) | ep_epoch2(NODE1) | locked_epoch2(NODE0) | locked_epoch4(NODE1) | NODE0 = NODE1","7","-------0--------0-1--0----------","5","51","F","27","0100110020","0100110020","e0l1l0","-------0--","--","----0-1--0","----------","0","1","0","0","1","2","0","0","2","0"
"203","3","forall NODE1,NODE0. ~locked_epoch4(NODE0) | ep_epoch2(NODE1) | ep_epoch3(NODE1) | locked_epoch2(NODE0) | NODE0 = NODE1","7","-------00-------0---1-----------","5","51","F","27","0100110020","0100110020","e0l1l0","-------00-","--","----0---1-","----------","0","2","0","0","1","1","0","0","2","0"
"204","3","forall NODE1,NODE0. ~locked_epoch4(NODE0) | ep_epoch2(NODE1) | locked_epoch2(NODE0) | locked_epoch3(NODE1) | NODE0 = NODE1","7","-------0--------0--01-----------","5","51","F","27","0100110020","0100110020","e0l1l0","-------0--","--","----0--01-","----------","0","1","0","0","1","2","0","0","2","0"
"205","2","forall NODE1,NODE0. ~transfer_epoch3(NODE0) | ep_epoch0(NODE1) | ep_epoch1(NODE1) | ep_epoch2(NODE1)","6","000-------------------------1---","4","27","F","9","0100001020","0100001020","e0t1","000-------","--","----------","------1---","0","3","0","0","0","0","1","0","2","0"
"206","3","forall NODE1,NODE0. ~transfer_epoch3(NODE0) | ep_epoch0(NODE1) | ep_epoch1(NODE1) | locked_epoch2(NODE1)","6","00--------------0-----------1---","4","58","F","4","0100011020","0100011020","e0l0t1","00--------","--","----0-----","------1---","0","2","0","0","0","1","1","0","2","0"
"207","3","forall NODE1,NODE0,NODE2. ~transfer_epoch4(NODE0) | ep_epoch2(NODE1) | ep_epoch3(NODE1) | locked_epoch2(NODE2) | ((NODE0 ~= NODE1 | NODE0 = NODE2) & (NODE0 ~= NODE2 | NODE0 = NODE1))","11","--00-------------0------------1-","8","53","F","5","0100011030","0100011030","e0l0t1","--00------","--","-----0----","--------1-","0","2","0","0","0","1","1","0","3","0"
"208","3","forall NODE1,NODE0,NODE2. ~transfer_epoch4(NODE0) | ep_epoch2(NODE1) | locked_epoch2(NODE2) | locked_epoch3(NODE1) | ((NODE0 ~= NODE1 | NODE0 = NODE2) & (NODE0 ~= NODE2 | NODE0 = NODE1))","11","--0--------------00-----------1-","8","53","F","5","0100011030","0100011030","e0l0t1","--0-------","--","-----00---","--------1-","0","1","0","0","0","2","1","0","3","0"
"209","2","exists NODE0. ep_epoch0(NODE0) | locked_epoch2(NODE0)","3","0----0----------00--------------","2","7","E","9","e0l0","0100010001","e0l0","0----0----","--","----00----","----------","0","2","0","0","0","2","0","0","0","1"
"210","2","forall NODE1,NODE0. ep_epoch0(NODE0) | ep_epoch1(NODE0) | locked_epoch2(NODE0) | locked_epoch2(NODE1) | NODE0 = NODE1","7","00--------------00--------------","5","33","F","35","0100010020","0100010020","e0l0","00--------","--","----00----","----------","0","2","0","0","0","2","0","0","2","0"
"211","2","exists NODE0. ep_epoch1(NODE0) | locked_epoch2(NODE0)","3","-0----0---------00--------------","2","7","E","9","e0l0","0100010001","e0l0","-0----0---","--","----00----","----------","0","2","0","0","0","2","0","0","0","1"
"212","3","forall NODE1,NODE0. ~ep_epoch0(NODE0) | ~ep_epoch1(NODE1) | held(NODE1) | transfer_epoch2(NODE0) | transfer_epoch2(NODE1) | NODE0 = NODE1","8","1-----1----0--------------00----","6","31","F","9","1001000120","1001000120","e1h0t0","1-----1---","-0","----------","----00----","2","0","0","1","0","0","0","2","2","0"
"213","3","forall NODE1,NODE0. ~ep_epoch0(NODE0) | ~ep_epoch2(NODE1) | held(NODE1) | transfer_epoch3(NODE0) | transfer_epoch3(NODE1) | NODE0 = NODE1","8","1------1---0----------------00--","6","31","F","9","1001000120","1001000120","e1h0t0","1------1--","-0","----------","------00--","2","0","0","1","0","0","0","2","2","0"
"214","3","forall NODE1,NODE0. ~ep_epoch0(NODE0) | ~ep_epoch3(NODE1) | held(NODE1) | transfer_epoch4(NODE0) | transfer_epoch4(NODE1) | NODE0 = NODE1","8","1-------1--0------------------00","6","31","F","9","1001000120","1001000120","e1h0t0","1-------1-","-0","----------","--------00","2","0","0","1","0","0","0","2","2","0"
"215","4","forall NODE1,NODE0. ~ep_epoch0(NODE0) | ~locked_epoch3(NODE1) | held(NODE1) | transfer_epoch4(NODE0) | transfer_epoch4(NODE1) | NODE0 = NODE1","8","1----------0-------1----------00","6","60","F","5","1001100120","1001100120","e1h0l1t0","1---------","-0","-------1--","--------00","1","0","0","1","1","0","0","2","2","0"
"216","2","forall NODE1,NODE0. ~ep_epoch0(NODE0) | ep_epoch1(NODE1) | ep_epoch2(NODE1) | ep_epoch3(NODE1) | ep_epoch4(NODE1) | NODE0 = NODE1","8","1-----0000----------------------","6","17","F","5","1100000020","1100000020","e1e0","1-----0000","--","----------","----------","1","4","0","0","0","0","0","0","2","0"
"217","3","forall NODE1,NODE0. ~ep_epoch0(NODE0) | ep_epoch1(NODE1) | ep_epoch2(NODE1) | ep_epoch3(NODE1) | held(NODE1) | NODE0 = NODE1","8","1-----000--0--------------------","6","18","F","4","1101000020","1101000020","e1e0h0","1-----000-","-0","----------","----------","1","3","0","1","0","0","0","0","2","0"
"218","3","forall NODE1,NODE0. ~ep_epoch0(NODE0) | ep_epoch1(NODE1) | ep_epoch2(NODE1) | ep_epoch3(NODE1) | locked_epoch4(NODE1) | NODE0 = NODE1","8","1-----000------------0----------","6","19","F","19","1100010020","1100010020","e1e0l0","1-----000-","--","---------0","----------","1","3","0","0","0","1","0","0","2","0"
"219","4","forall NODE1,NODE0. ~ep_epoch0(NODE0) | held(NODE1) | locked_epoch2(NODE1) | transfer_epoch2(NODE0) | transfer_epoch2(NODE1) | NODE0 = NODE1","8","1----------0-----0--------00----","6","36","F","6","1001010120","1001010120","e1h0l0t0","1---------","-0","-----0----","----00----","1","0","0","1","0","1","0","2","2","0"
"220","3","forall NODE1,NODE0. ~ep_epoch1(NODE0) | ~ep_epoch2(NODE1) | held(NODE1) | transfer_epoch3(NODE0) | transfer_epoch3(NODE1) | NODE0 = NODE1","8","-1-----1---0----------------00--","6","31","F","9","1001000120","1001000120","e1h0t0","-1-----1--","-0","----------","------00--","2","0","0","1","0","0","0","2","2","0"
"221","3","forall NODE1,NODE0. ~ep_epoch1(NODE0) | ~ep_epoch3(NODE1) | held(NODE1) | transfer_epoch4(NODE0) | transfer_epoch4(NODE1) | NODE0 = NODE1","8","-1------1--0------------------00","6","31","F","9","1001000120","1001000120","e1h0t0","-1------1-","-0","----------","--------00","2","0","0","1","0","0","0","2","2","0"
"222","3","forall NODE1,NODE0. ~ep_epoch1(NODE0) | ~held(NODE1) | ep_epoch2(NODE1) | ep_epoch3(NODE1) | ep_epoch4(NODE1) | NODE0 = NODE1","8","-1-----000-1--------------------","6","20","F","6","1110000020","1110000020","e1e0h1","-1-----000","-1","----------","----------","1","3","1","0","0","0","0","0","2","0"
"223","4","forall NODE1,NODE0. ~ep_epoch1(NODE0) | ~held(NODE1) | ep_epoch2(NODE1) | ep_epoch3(NODE1) | locked_epoch4(NODE1) | NODE0 = NODE1","8","-1-----00--1---------0----------","6","55","F","5","1110010020","1110010020","e1e0h1l0","-1-----00-","-1","---------0","----------","1","2","1","0","0","1","0","0","2","0"
"224","4","forall NODE1,NODE0. ~ep_epoch1(NODE0) | ~locked_epoch3(NODE1) | held(NODE1) | transfer_epoch4(NODE0) | transfer_epoch4(NODE1) | NODE0 = NODE1","8","-1---------0-------1----------00","6","60","F","5","1001100120","1001100120","e1h0l1t0","-1--------","-0","-------1--","--------00","1","0","0","1","1","0","0","2","2","0"
"225","2","forall NODE1,NODE0. ~ep_epoch1(NODE0) | ep_epoch0(NODE1) | ep_epoch2(NODE1) | ep_epoch3(NODE1) | ep_epoch4(NODE1) | NODE0 = NODE1","8","-1---0-000----------------------","6","17","F","5","1100000020","1100000020","e1e0","-1---0-000","--","----------","----------","1","4","0","0","0","0","0","0","2","0"
"226","3","forall NODE1,NODE0. ~ep_epoch1(NODE0) | ep_epoch0(NODE1) | ep_epoch2(NODE1) | ep_epoch3(NODE1) | held(NODE1) | NODE0 = NODE1","8","-1---0-00--0--------------------","6","18","F","4","1101000020","1101000020","e1e0h0","-1---0-00-","-0","----------","----------","1","3","0","1","0","0","0","0","2","0"
"227","3","forall NODE1,NODE0. ~ep_epoch1(NODE0) | ep_epoch0(NODE1) | ep_epoch2(NODE1) | ep_epoch3(NODE1) | locked_epoch4(NODE1) | NODE0 = NODE1","8","-1---0-00------------0----------","6","19","F","19","1100010020","1100010020","e1e0l0","-1---0-00-","--","---------0","----------","1","3","0","0","0","1","0","0","2","0"
"228","4","forall NODE1,NODE0. ~ep_epoch1(NODE0) | held(NODE0) | locked_epoch2(NODE1) | transfer_epoch2(NODE0) | transfer_epoch2(NODE1) | NODE0 = NODE1","8","-1--------0------0--------00----","6","36","F","6","1001010120","1001010120","e1h0l0t0","-1--------","0-","-----0----","----00----","1","0","0","1","0","1","0","2","2","0"
"229","3","forall NODE1,NODE0. ~ep_epoch2(NODE0) | ~ep_epoch3(NODE1) | held(NODE1) | transfer_epoch4(NODE0) | transfer_epoch4(NODE1) | NODE0 = NODE1","8","--1-----1--0------------------00","6","31","F","9","1001000120","1001000120","e1h0t0","--1-----1-","-0","----------","--------00","2","0","0","1","0","0","0","2","2","0"
"230","4","forall NODE1,NODE0. ~ep_epoch2(NODE0) | ~locked_epoch3(NODE1) | held(NODE1) | transfer_epoch4(NODE0) | transfer_epoch4(NODE1) | NODE0 = NODE1","8","--1--------0-------1----------00","6","60","F","5","1001100120","1001100120","e1h0l1t0","--1-------","-0","-------1--","--------00","1","0","0","1","1","0","0","2","2","0"
"231","2","forall NODE1,NODE0. ~ep_epoch2(NODE0) | ep_epoch0(NODE1) | ep_epoch1(NODE1) | ep_epoch3(NODE1) | ep_epoch4(NODE1) | NODE0 = NODE1","8","--1--00-00----------------------","6","17","F","5","1100000020","1100000020","e1e0","--1--00-00","--","----------","----------","1","4","0","0","0","0","0","0","2","0"
"232","3","forall NODE1,NODE0. ~ep_epoch2(NODE0) | ep_epoch0(NODE1) | ep_epoch1(NODE1) | ep_epoch3(NODE1) | held(NODE1) | NODE0 = NODE1","8","--1--00-0--0--------------------","6","18","F","4","1101000020","1101000020","e1e0h0","--1--00-0-","-0","----------","----------","1","3","0","1","0","0","0","0","2","0"
"233","3","forall NODE1,NODE0. ~ep_epoch2(NODE0) | ep_epoch0(NODE1) | ep_epoch1(NODE1) | ep_epoch3(NODE1) | locked_epoch4(NODE1) | NODE0 = NODE1","8","--1--00-0------------0----------","6","19","F","19","1100010020","1100010020","e1e0l0","--1--00-0-","--","---------0","----------","1","3","0","0","0","1","0","0","2","0"
"234","4","forall NODE1,NODE0. ~ep_epoch2(NODE0) | held(NODE0) | locked_epoch3(NODE1) | transfer_epoch3(NODE0) | transfer_epoch3(NODE1) | NODE0 = NODE1","8","--1-------0--------0--------00--","6","36","F","6","1001010120","1001010120","e1h0l0t0","--1-------","0-","-------0--","------00--","1","0","0","1","0","1","0","2","2","0"
"235","4","forall NODE1,NODE0. ~ep_epoch3(NODE0) | ~held(NODE0) | ~locked_epoch2(NODE0) | ep_epoch0(NODE1) | ep_epoch1(NODE1) | NODE0 = NODE1","8","---1-00---1-----1---------------","6","66","F","2","1110100020","1110100020","e1e0h1l1","---1-00---","1-","----1-----","----------","1","2","1","0","1","0","0","0","2","0"
"236","3","forall NODE1,NODE0. ~ep_epoch3(NODE0) | ~held(NODE0) | ep_epoch0(NODE1) | ep_epoch1(NODE1) | ep_epoch2(NODE1) | NODE0 = NODE1","8","---1-000--1---------------------","6","20","F","6","1110000020","1110000020","e1e0h1","---1-000--","1-","----------","----------","1","3","1","0","0","0","0","0","2","0"
"237","4","forall NODE1,NODE0. ~ep_epoch3(NODE0) | ~held(NODE0) | ep_epoch0(NODE1) | ep_epoch1(NODE1) | locked_epoch2(NODE1) | NODE0 = NODE1","8","---1-00---1------0--------------","6","55","F","5","1110010020","1110010020","e1e0h1l0","---1-00---","1-","-----0----","----------","1","2","1","0","0","1","0","0","2","0"
"238","4","forall NODE1,NODE0,NODE2. ~ep_epoch3(NODE0) | ~locked_epoch2(NODE0) | ~transfer_epoch4(NODE1) | ep_epoch0(NODE2) | ep_epoch1(NODE2) | ((NODE1 ~= NODE2 | NODE0 = NODE1) & (NODE0 ~= NODE1 | NODE0 = NODE2))","12","---1-00---------1-------------1-","9","67","F","2","1100101030","1100101030","e1e0l1t1","---1-00---","--","----1-----","--------1-","1","2","0","0","1","0","1","0","3","0"
"239","3","forall NODE1,NODE0. ~ep_epoch3(NODE0) | ~locked_epoch2(NODE0) | ep_epoch0(NODE1) | ep_epoch1(NODE1) | ep_epoch4(NODE1) | NODE0 = NODE1","8","---1-00--0------1---------------","6","45","F","8","1100100020","1100100020","e1e0l1","---1-00--0","--","----1-----","----------","1","3","0","0","1","0","0","0","2","0"
"240","4","forall NODE1,NODE0. ~ep_epoch3(NODE0) | ~locked_epoch2(NODE0) | ep_epoch0(NODE1) | ep_epoch1(NODE1) | held(NODE1) | NODE0 = NODE1","8","---1-00----0----1---------------","6","68","F","2","1101100020","1101100020","e1e0h0l1","---1-00---","-0","----1-----","----------","1","2","0","1","1","0","0","0","2","0"
"241","4","forall NODE1,NODE0. ~ep_epoch3(NODE0) | ~locked_epoch2(NODE0) | ep_epoch0(NODE1) | ep_epoch1(NODE1) | locked_epoch4(NODE1) | NODE0 = NODE1","8","---1-00---------1----0----------","6","65","F","8","1100110020","1100110020","e1e0l1l0","---1-00---","--","----1----0","----------","1","2","0","0","1","1","0","0","2","0"
"242","3","forall NODE1,NODE0,NODE2. ~ep_epoch3(NODE0) | ~transfer_epoch4(NODE1) | ep_epoch0(NODE2) | ep_epoch1(NODE2) | ep_epoch2(NODE2) | ((NODE1 ~= NODE2 | NODE0 = NODE1) & (NODE0 ~= NODE1 | NODE0 = NODE2))","12","---1-000----------------------1-","9","16","F","9","1100001030","1100001030","e1e0t1","---1-000--","--","----------","--------1-","1","3","0","0","0","0","1","0","3","0"
"243","4","forall NODE1,NODE0,NODE2. ~ep_epoch3(NODE0) | ~transfer_epoch4(NODE1) | ep_epoch0(NODE2) | ep_epoch1(NODE2) | locked_epoch2(NODE2) | ((NODE1 ~= NODE2 | NODE0 = NODE1) & (NODE0 ~= NODE1 | NODE0 = NODE2))","12","---1-00----------0------------1-","9","69","F","2","1100011030","1100011030","e1e0l0t1","---1-00---","--","-----0----","--------1-","1","2","0","0","0","1","1","0","3","0"
"244","2","forall NODE1,NODE0. ~ep_epoch3(NODE0) | ep_epoch0(NODE1) | ep_epoch1(NODE1) | ep_epoch2(NODE1) | ep_epoch4(NODE1) | NODE0 = NODE1","8","---1-000-0----------------------","6","17","F","5","1100000020","1100000020","e1e0","---1-000-0","--","----------","----------","1","4","0","0","0","0","0","0","2","0"
"245","3","forall NODE1,NODE0. ~ep_epoch3(NODE0) | ep_epoch0(NODE1) | ep_epoch1(NODE1) | ep_epoch2(NODE1) | held(NODE1) | NODE0 = NODE1","8","---1-000---0--------------------","6","18","F","4","1101000020","1101000020","e1e0h0","---1-000--","-0","----------","----------","1","3","0","1","0","0","0","0","2","0"
"246","3","forall NODE1,NODE0. ~ep_epoch3(NODE0) | ep_epoch0(NODE1) | ep_epoch1(NODE1) | ep_epoch2(NODE1) | locked_epoch4(NODE1) | NODE0 = NODE1","8","---1-000-------------0----------","6","19","F","19","1100010020","1100010020","e1e0l0","---1-000--","--","---------0","----------","1","3","0","0","0","1","0","0","2","0"
"247","3","forall NODE1,NODE0. ~ep_epoch3(NODE0) | ep_epoch0(NODE1) | ep_epoch1(NODE1) | ep_epoch4(NODE1) | locked_epoch2(NODE1) | NODE0 = NODE1","8","---1-00--0-------0--------------","6","19","F","19","1100010020","1100010020","e1e0l0","---1-00--0","--","-----0----","----------","1","3","0","0","0","1","0","0","2","0"
"248","4","forall NODE1,NODE0. ~ep_epoch3(NODE0) | ep_epoch0(NODE1) | ep_epoch1(NODE1) | held(NODE1) | locked_epoch2(NODE1) | NODE0 = NODE1","8","---1-00----0-----0--------------","6","70","F","2","1101010020","1101010020","e1e0h0l0","---1-00---","-0","-----0----","----------","1","2","0","1","0","1","0","0","2","0"
"249","3","forall NODE1,NODE0. ~ep_epoch3(NODE0) | ep_epoch0(NODE1) | ep_epoch1(NODE1) | locked_epoch2(NODE1) | locked_epoch4(NODE1) | NODE0 = NODE1","8","---1-00----------0---0----------","6","19","F","19","1100010020","1100010020","e1e0l0","---1-00---","--","-----0---0","----------","1","2","0","0","0","2","0","0","2","0"
"250","4","forall NODE1,NODE0. ~ep_epoch3(NODE0) | ep_epoch4(NODE1) | held(NODE0) | transfer_epoch4(NODE0) | transfer_epoch4(NODE1) | NODE0 = NODE1","8","---1-----00-------------------00","6","35","F","17","1101000120","1101000120","e1e0h0t0","---1-----0","0-","----------","--------00","1","1","0","1","0","0","0","2","2","0"
"251","3","forall NODE1,NODE0. ~ep_epoch3(NODE0) | held(NODE0) | held(NODE1) | transfer_epoch4(NODE0) | transfer_epoch4(NODE1) | NODE0 = NODE1","8","---1------00------------------00","6","31","F","9","1001000120","1001000120","e1h0t0","---1------","00","----------","--------00","1","0","0","2","0","0","0","2","2","0"
"252","4","forall NODE1,NODE0. ~ep_epoch3(NODE0) | held(NODE0) | locked_epoch4(NODE1) | transfer_epoch4(NODE0) | transfer_epoch4(NODE1) | NODE0 = NODE1","8","---1------0----------0--------00","6","36","F","6","1001010120","1001010120","e1h0l0t0","---1------","0-","---------0","--------00","1","0","0","1","0","1","0","2","2","0"
"253","3","forall NODE1,NODE0. ~ep_epoch4(NODE0) | ~locked_epoch2(NODE0) | ~locked_epoch3(NODE0) | ep_epoch0(NODE1) | ep_epoch1(NODE1) | NODE0 = NODE1","8","----100---------1-1-------------","6","45","F","8","1100100020","1100100020","e1e0l1","----100---","--","----1-1---","----------","1","2","0","0","2","0","0","0","2","0"
"254","3","forall NODE1,NODE0. ~ep_epoch4(NODE0) | ~locked_epoch2(NODE0) | ep_epoch0(NODE1) | ep_epoch1(NODE1) | ep_epoch3(NODE1) | NODE0 = NODE1","8","----100-0-------1---------------","6","45","F","8","1100100020","1100100020","e1e0l1","----100-0-","--","----1-----","----------","1","3","0","0","1","0","0","0","2","0"
"255","4","forall NODE1,NODE0. ~ep_epoch4(NODE0) | ~locked_epoch2(NODE0) | ep_epoch0(NODE1) | ep_epoch1(NODE1) | locked_epoch3(NODE1) | NODE0 = NODE1","8","----100---------1--0------------","6","65","F","8","1100110020","1100110020","e1e0l1l0","----100---","--","----1--0--","----------","1","2","0","0","1","1","0","0","2","0"
"256","3","forall NODE1,NODE0. ~ep_epoch4(NODE0) | ~locked_epoch3(NODE0) | ep_epoch0(NODE1) | ep_epoch1(NODE1) | ep_epoch2(NODE1) | NODE0 = NODE1","8","----1000----------1-------------","6","45","F","8","1100100020","1100100020","e1e0l1","----1000--","--","------1---","----------","1","3","0","0","1","0","0","0","2","0"
"257","4","forall NODE1,NODE0. ~ep_epoch4(NODE0) | ~locked_epoch3(NODE0) | ep_epoch0(NODE1) | ep_epoch1(NODE1) | locked_epoch2(NODE1) | NODE0 = NODE1","8","----100----------01-------------","6","65","F","8","1100110020","1100110020","e1e0l1l0","----100---","--","-----01---","----------","1","2","0","0","1","1","0","0","2","0"
"258","2","forall NODE1,NODE0. ~ep_epoch4(NODE0) | ep_epoch0(NODE1) | ep_epoch1(NODE1) | ep_epoch2(NODE1) | ep_epoch3(NODE1) | NODE0 = NODE1","8","----10000-----------------------","6","17","F","5","1100000020","1100000020","e1e0","----10000-","--","----------","----------","1","4","0","0","0","0","0","0","2","0"
"259","3","forall NODE1,NODE0. ~ep_epoch4(NODE0) | ep_epoch0(NODE1) | ep_epoch1(NODE1) | ep_epoch2(NODE1) | locked_epoch3(NODE1) | NODE0 = NODE1","8","----1000-----------0------------","6","19","F","19","1100010020","1100010020","e1e0l0","----1000--","--","-------0--","----------","1","3","0","0","0","1","0","0","2","0"
"260","3","forall NODE1,NODE0. ~ep_epoch4(NODE0) | ep_epoch0(NODE1) | ep_epoch1(NODE1) | ep_epoch3(NODE1) | locked_epoch2(NODE1) | NODE0 = NODE1","8","----100-0--------0--------------","6","19","F","19","1100010020","1100010020","e1e0l0","----100-0-","--","-----0----","----------","1","3","0","0","0","1","0","0","2","0"
"261","3","forall NODE1,NODE0. ~ep_epoch4(NODE0) | ep_epoch0(NODE1) | ep_epoch1(NODE1) | locked_epoch2(NODE1) | locked_epoch3(NODE1) | NODE0 = NODE1","8","----100----------0-0------------","6","19","F","19","1100010020","1100010020","e1e0l0","----100---","--","-----0-0--","----------","1","2","0","0","0","2","0","0","2","0"
"262","3","forall NODE1,NODE0. ~held(NODE0) | ~locked_epoch2(NODE0) | ~locked_epoch3(NODE0) | ep_epoch0(NODE1) | ep_epoch1(NODE1) | NODE0 = NODE1","8","-----00---1-----1-1-------------","6","46","F","10","0110100020","0110100020","e0h1l1","-----00---","1-","----1-1---","----------","0","2","1","0","2","0","0","0","2","0"
"263","3","forall NODE1,NODE0. ~held(NODE0) | ~locked_epoch2(NODE0) | ep_epoch0(NODE1) | ep_epoch1(NODE1) | ep_epoch3(NODE1) | NODE0 = NODE1","8","-----00-0-1-----1---------------","6","46","F","10","0110100020","0110100020","e0h1l1","-----00-0-","1-","----1-----","----------","0","3","1","0","1","0","0","0","2","0"
"264","3","forall NODE1,NODE0. ~held(NODE0) | ~locked_epoch2(NODE0) | ep_epoch0(NODE1) | ep_epoch1(NODE1) | ep_epoch4(NODE0) | NODE0 = NODE1","8","----000---1-----1---------------","6","46","F","10","0110100020","0110100020","e0h1l1","----000---","1-","----1-----","----------","0","3","1","0","1","0","0","0","2","0"
"265","4","forall NODE1,NODE0. ~held(NODE0) | ~locked_epoch2(NODE0) | ep_epoch0(NODE1) | ep_epoch1(NODE1) | locked_epoch3(NODE1) | NODE0 = NODE1","8","-----00---1-----1--0------------","6","71","F","9","0110110020","0110110020","e0h1l1l0","-----00---","1-","----1--0--","----------","0","2","1","0","1","1","0","0","2","0"
"266","4","forall NODE1,NODE0. ~held(NODE0) | ~locked_epoch2(NODE0) | ep_epoch0(NODE1) | ep_epoch1(NODE1) | locked_epoch4(NODE0) | NODE0 = NODE1","8","-----00---1-----1---0-----------","6","71","F","9","0110110020","0110110020","e0h1l1l0","-----00---","1-","----1---0-","----------","0","2","1","0","1","1","0","0","2","0"
"267","3","forall NODE1,NODE0. ~held(NODE0) | ~locked_epoch3(NODE0) | ep_epoch0(NODE1) | ep_epoch1(NODE1) | ep_epoch2(NODE1) | NODE0 = NODE1","8","-----000--1-------1-------------","6","46","F","10","0110100020","0110100020","e0h1l1","-----000--","1-","------1---","----------","0","3","1","0","1","0","0","0","2","0"
"268","4","forall NODE1,NODE0. ~held(NODE0) | ~locked_epoch3(NODE0) | ep_epoch0(NODE1) | ep_epoch1(NODE1) | locked_epoch2(NODE1) | NODE0 = NODE1","8","-----00---1------01-------------","6","71","F","9","0110110020","0110110020","e0h1l1l0","-----00---","1-","-----01---","----------","0","2","1","0","1","1","0","0","2","0"
"269","2","forall NODE1,NODE0. ~held(NODE0) | ep_epoch0(NODE1) | ep_epoch1(NODE1) | ep_epoch2(NODE1) | ep_epoch3(NODE1) | NODE0 = NODE1","8","-----0000-1---------------------","6","22","F","4","0110000020","0110000020","e0h1","-----0000-","1-","----------","----------","0","4","1","0","0","0","0","0","2","0"
"270","2","forall NODE1,NODE0. ~held(NODE0) | ep_epoch0(NODE1) | ep_epoch1(NODE1) | ep_epoch2(NODE1) | ep_epoch4(NODE0) | NODE0 = NODE1","8","----0000--1---------------------","6","22","F","4","0110000020","0110000020","e0h1","----0000--","1-","----------","----------","0","4","1","0","0","0","0","0","2","0"
"271","3","forall NODE1,NODE0. ~held(NODE0) | ep_epoch0(NODE1) | ep_epoch1(NODE1) | ep_epoch2(NODE1) | locked_epoch3(NODE1) | NODE0 = NODE1","8","-----000--1--------0------------","6","23","F","36","0110010020","0110010020","e0h1l0","-----000--","1-","-------0--","----------","0","3","1","0","0","1","0","0","2","0"
"272","3","forall NODE1,NODE0. ~held(NODE0) | ep_epoch0(NODE1) | ep_epoch1(NODE1) | ep_epoch2(NODE1) | locked_epoch4(NODE0) | NODE0 = NODE1","8","-----000--1---------0-----------","6","23","F","36","0110010020","0110010020","e0h1l0","-----000--","1-","--------0-","----------","0","3","1","0","0","1","0","0","2","0"
"273","2","forall NODE1,NODE0. ~held(NODE0) | ep_epoch0(NODE1) | ep_epoch1(NODE1) | ep_epoch3(NODE0) | ep_epoch4(NODE0) | NODE0 = NODE1","8","---0000---1---------------------","6","22","F","4","0110000020","0110000020","e0h1","---0000---","1-","----------","----------","0","4","1","0","0","0","0","0","2","0"
"274","3","forall NODE1,NODE0. ~held(NODE0) | ep_epoch0(NODE1) | ep_epoch1(NODE1) | ep_epoch3(NODE0) | locked_epoch4(NODE0) | NODE0 = NODE1","8","---0-00---1---------0-----------","6","23","F","36","0110010020","0110010020","e0h1l0","---0-00---","1-","--------0-","----------","0","3","1","0","0","1","0","0","2","0"
"275","3","forall NODE1,NODE0. ~held(NODE0) | ep_epoch0(NODE1) | ep_epoch1(NODE1) | ep_epoch3(NODE1) | locked_epoch2(NODE1) | NODE0 = NODE1","8","-----00-0-1------0--------------","6","23","F","36","0110010020","0110010020","e0h1l0","-----00-0-","1-","-----0----","----------","0","3","1","0","0","1","0","0","2","0"
"276","3","forall NODE1,NODE0. ~held(NODE0) | ep_epoch0(NODE1) | ep_epoch1(NODE1) | ep_epoch3(NODE1) | locked_epoch3(NODE0) | NODE0 = NODE1","8","-----00-0-1-------0-------------","6","23","F","36","0110010020","0110010020","e0h1l0","-----00-0-","1-","------0---","----------","0","3","1","0","0","1","0","0","2","0"
"277","3","forall NODE1,NODE0. ~held(NODE0) | ep_epoch0(NODE1) | ep_epoch1(NODE1) | ep_epoch4(NODE0) | locked_epoch2(NODE1) | NODE0 = NODE1","8","----000---1------0--------------","6","23","F","36","0110010020","0110010020","e0h1l0","----000---","1-","-----0----","----------","0","3","1","0","0","1","0","0","2","0"
"278","3","forall NODE1,NODE0. ~held(NODE0) | ep_epoch0(NODE1) | ep_epoch1(NODE1) | ep_epoch4(NODE0) | locked_epoch3(NODE0) | NODE0 = NODE1","8","----000---1-------0-------------","6","23","F","36","0110010020","0110010020","e0h1l0","----000---","1-","------0---","----------","0","3","1","0","0","1","0","0","2","0"
"279","3","forall NODE1,NODE0. ~held(NODE0) | ep_epoch0(NODE1) | ep_epoch1(NODE1) | locked_epoch2(NODE1) | locked_epoch3(NODE1) | NODE0 = NODE1","8","-----00---1------0-0------------","6","23","F","36","0110010020","0110010020","e0h1l0","-----00---","1-","-----0-0--","----------","0","2","1","0","0","2","0","0","2","0"
"280","3","forall NODE1,NODE0. ~held(NODE0) | ep_epoch0(NODE1) | ep_epoch1(NODE1) | locked_epoch2(NODE1) | locked_epoch4(NODE0) | NODE0 = NODE1","8","-----00---1------0--0-----------","6","23","F","36","0110010020","0110010020","e0h1l0","-----00---","1-","-----0--0-","----------","0","2","1","0","0","2","0","0","2","0"
"281","3","forall NODE1,NODE0. ~held(NODE0) | ep_epoch0(NODE1) | ep_epoch1(NODE1) | locked_epoch3(NODE0) | locked_epoch3(NODE1) | NODE0 = NODE1","8","-----00---1-------00------------","6","23","F","36","0110010020","0110010020","e0h1l0","-----00---","1-","------00--","----------","0","2","1","0","0","2","0","0","2","0"
"282","3","forall NODE1,NODE0. ~held(NODE0) | ep_epoch0(NODE1) | ep_epoch1(NODE1) | locked_epoch3(NODE0) | locked_epoch4(NODE0) | NODE0 = NODE1","8","-----00---1-------0-0-----------","6","23","F","36","0110010020","0110010020","e0h1l0","-----00---","1-","------0-0-","----------","0","2","1","0","0","2","0","0","2","0"
"283","2","forall NODE1,NODE0. ~held(NODE0) | ep_epoch0(NODE1) | ep_epoch2(NODE0) | ep_epoch3(NODE0) | ep_epoch4(NODE0) | NODE0 = NODE1","8","--0000----1---------------------","6","22","F","4","0110000020","0110000020","e0h1","--0000----","1-","----------","----------","0","4","1","0","0","0","0","0","2","0"
"284","3","forall NODE1,NODE0. ~held(NODE0) | ep_epoch0(NODE1) | ep_epoch2(NODE0) | ep_epoch3(NODE0) | locked_epoch4(NODE0) | NODE0 = NODE1","8","--00-0----1---------0-----------","6","23","F","36","0110010020","0110010020","e0h1l0","--00-0----","1-","--------0-","----------","0","3","1","0","0","1","0","0","2","0"
"285","3","forall NODE1,NODE0. ~held(NODE0) | ep_epoch0(NODE1) | ep_epoch2(NODE0) | ep_epoch3(NODE1) | locked_epoch3(NODE0) | NODE0 = NODE1","8","--0--0--0-1-------0-------------","6","23","F","36","0110010020","0110010020","e0h1l0","--0--0--0-","1-","------0---","----------","0","3","1","0","0","1","0","0","2","0"
"286","3","forall NODE1,NODE0. ~held(NODE0) | ep_epoch0(NODE1) | ep_epoch2(NODE0) | ep_epoch4(NODE0) | locked_epoch3(NODE0) | NODE0 = NODE1","8","--0-00----1-------0-------------","6","23","F","36","0110010020","0110010020","e0h1l0","--0-00----","1-","------0---","----------","0","3","1","0","0","1","0","0","2","0"
"287","3","forall NODE1,NODE0. ~held(NODE0) | ep_epoch0(NODE1) | ep_epoch2(NODE0) | locked_epoch3(NODE0) | locked_epoch3(NODE1) | NODE0 = NODE1","8","--0--0----1-------00------------","6","23","F","36","0110010020","0110010020","e0h1l0","--0--0----","1-","------00--","----------","0","2","1","0","0","2","0","0","2","0"
"288","3","forall NODE1,NODE0. ~held(NODE0) | ep_epoch0(NODE1) | ep_epoch2(NODE0) | locked_epoch3(NODE0) | locked_epoch4(NODE0) | NODE0 = NODE1","8","--0--0----1-------0-0-----------","6","23","F","36","0110010020","0110010020","e0h1l0","--0--0----","1-","------0-0-","----------","0","2","1","0","0","2","0","0","2","0"
"289","3","forall NODE1,NODE0. ~held(NODE0) | ep_epoch0(NODE1) | ep_epoch2(NODE1) | ep_epoch3(NODE1) | locked_epoch2(NODE0) | NODE0 = NODE1","8","-----0-00-1-----0---------------","6","23","F","36","0110010020","0110010020","e0h1l0","-----0-00-","1-","----0-----","----------","0","3","1","0","0","1","0","0","2","0"
"290","3","forall NODE1,NODE0. ~held(NODE0) | ep_epoch0(NODE1) | ep_epoch2(NODE1) | ep_epoch4(NODE0) | locked_epoch2(NODE0) | NODE0 = NODE1","8","----00-0--1-----0---------------","6","23","F","36","0110010020","0110010020","e0h1l0","----00-0--","1-","----0-----","----------","0","3","1","0","0","1","0","0","2","0"
"291","3","forall NODE1,NODE0. ~held(NODE0) | ep_epoch0(NODE1) | ep_epoch2(NODE1) | locked_epoch2(NODE0) | locked_epoch3(NODE1) | NODE0 = NODE1","8","-----0-0--1-----0--0------------","6","23","F","36","0110010020","0110010020","e0h1l0","-----0-0--","1-","----0--0--","----------","0","2","1","0","0","2","0","0","2","0"
"292","3","forall NODE1,NODE0. ~held(NODE0) | ep_epoch0(NODE1) | ep_epoch2(NODE1) | locked_epoch2(NODE0) | locked_epoch4(NODE0) | NODE0 = NODE1","8","-----0-0--1-----0---0-----------","6","23","F","36","0110010020","0110010020","e0h1l0","-----0-0--","1-","----0---0-","----------","0","2","1","0","0","2","0","0","2","0"
"293","3","forall NODE1,NODE0. ~held(NODE0) | ep_epoch0(NODE1) | ep_epoch3(NODE0) | ep_epoch4(NODE0) | locked_epoch2(NODE0) | NODE0 = NODE1","8","---000----1-----0---------------","6","23","F","36","0110010020","0110010020","e0h1l0","---000----","1-","----0-----","----------","0","3","1","0","0","1","0","0","2","0"
"294","3","forall NODE1,NODE0. ~held(NODE0) | ep_epoch0(NODE1) | ep_epoch3(NODE0) | locked_epoch2(NODE0) | locked_epoch4(NODE0) | NODE0 = NODE1","8","---0-0----1-----0---0-----------","6","23","F","36","0110010020","0110010020","e0h1l0","---0-0----","1-","----0---0-","----------","0","2","1","0","0","2","0","0","2","0"
"295","3","forall NODE1,NODE0. ~held(NODE0) | ep_epoch0(NODE1) | ep_epoch3(NODE1) | locked_epoch2(NODE0) | locked_epoch3(NODE0) | NODE0 = NODE1","8","-----0--0-1-----0-0-------------","6","23","F","36","0110010020","0110010020","e0h1l0","-----0--0-","1-","----0-0---","----------","0","2","1","0","0","2","0","0","2","0"
"296","3","forall NODE1,NODE0. ~held(NODE0) | ep_epoch0(NODE1) | ep_epoch4(NODE0) | locked_epoch2(NODE0) | locked_epoch3(NODE0) | NODE0 = NODE1","8","----00----1-----0-0-------------","6","23","F","36","0110010020","0110010020","e0h1l0","----00----","1-","----0-0---","----------","0","2","1","0","0","2","0","0","2","0"
"297","3","forall NODE1,NODE0. ~held(NODE0) | ep_epoch0(NODE1) | locked_epoch2(NODE0) | locked_epoch3(NODE0) | locked_epoch3(NODE1) | NODE0 = NODE1","8","-----0----1-----0-00------------","6","23","F","36","0110010020","0110010020","e0h1l0","-----0----","1-","----0-00--","----------","0","1","1","0","0","3","0","0","2","0"
"298","3","forall NODE1,NODE0. ~held(NODE0) | ep_epoch0(NODE1) | locked_epoch2(NODE0) | locked_epoch3(NODE0) | locked_epoch4(NODE0) | NODE0 = NODE1","8","-----0----1-----0-0-0-----------","6","23","F","36","0110010020","0110010020","e0h1l0","-----0----","1-","----0-0-0-","----------","0","1","1","0","0","3","0","0","2","0"
"299","2","forall NODE0. ~held(NODE0) | ep_epoch1(NODE0) | ep_epoch2(NODE0) | ep_epoch3(NODE0) | ep_epoch4(NODE0)","6","-0000-----1---------------------","5","24","F","1","0110000010","0110000010","e0h1","-0000-----","1-","----------","----------","0","4","1","0","0","0","0","0","1","0"
"300","3","forall NODE0. ~held(NODE0) | ep_epoch1(NODE0) | ep_epoch2(NODE0) | ep_epoch3(NODE0) | locked_epoch4(NODE0)","6","-000------1---------0-----------","5","25","F","7","0110010010","0110010010","e0h1l0","-000------","1-","--------0-","----------","0","3","1","0","0","1","0","0","1","0"
"301","3","forall NODE1,NODE0. ~held(NODE0) | ep_epoch1(NODE0) | ep_epoch2(NODE0) | ep_epoch3(NODE1) | locked_epoch3(NODE0) | NODE0 = NODE1","8","-00-----0-1-------0-------------","6","23","F","36","0110010020","0110010020","e0h1l0","-00-----0-","1-","------0---","----------","0","3","1","0","0","1","0","0","2","0"
"302","3","forall NODE0. ~held(NODE0) | ep_epoch1(NODE0) | ep_epoch2(NODE0) | ep_epoch4(NODE0) | locked_epoch3(NODE0)","6","-00-0-----1-------0-------------","5","25","F","7","0110010010","0110010010","e0h1l0","-00-0-----","1-","------0---","----------","0","3","1","0","0","1","0","0","1","0"
"303","3","forall NODE1,NODE0. ~held(NODE0) | ep_epoch1(NODE0) | ep_epoch2(NODE0) | locked_epoch3(NODE0) | locked_epoch3(NODE1) | NODE0 = NODE1","8","-00-------1-------00------------","6","23","F","36","0110010020","0110010020","e0h1l0","-00-------","1-","------00--","----------","0","2","1","0","0","2","0","0","2","0"
"304","3","forall NODE0. ~held(NODE0) | ep_epoch1(NODE0) | ep_epoch2(NODE0) | locked_epoch3(NODE0) | locked_epoch4(NODE0)","6","-00-------1-------0-0-----------","5","25","F","7","0110010010","0110010010","e0h1l0","-00-------","1-","------0-0-","----------","0","2","1","0","0","2","0","0","1","0"
"305","3","forall NODE1,NODE0. ~held(NODE0) | ep_epoch1(NODE0) | ep_epoch2(NODE1) | ep_epoch3(NODE1) | locked_epoch2(NODE0) | NODE0 = NODE1","8","-0-----00-1-----0---------------","6","23","F","36","0110010020","0110010020","e0h1l0","-0-----00-","1-","----0-----","----------","0","3","1","0","0","1","0","0","2","0"
"306","3","forall NODE1,NODE0. ~held(NODE0) | ep_epoch1(NODE0) | ep_epoch2(NODE1) | ep_epoch4(NODE0) | locked_epoch2(NODE0) | NODE0 = NODE1","8","-0--0--0--1-----0---------------","6","23","F","36","0110010020","0110010020","e0h1l0","-0--0--0--","1-","----0-----","----------","0","3","1","0","0","1","0","0","2","0"
"307","3","forall NODE1,NODE0. ~held(NODE0) | ep_epoch1(NODE0) | ep_epoch2(NODE1) | locked_epoch2(NODE0) | locked_epoch3(NODE1) | NODE0 = NODE1","8","-0-----0--1-----0--0------------","6","23","F","36","0110010020","0110010020","e0h1l0","-0-----0--","1-","----0--0--","----------","0","2","1","0","0","2","0","0","2","0"
"308","3","forall NODE1,NODE0. ~held(NODE0) | ep_epoch1(NODE0) | ep_epoch2(NODE1) | locked_epoch2(NODE0) | locked_epoch4(NODE0) | NODE0 = NODE1","8","-0-----0--1-----0---0-----------","6","23","F","36","0110010020","0110010020","e0h1l0","-0-----0--","1-","----0---0-","----------","0","2","1","0","0","2","0","0","2","0"
"309","3","forall NODE0. ~held(NODE0) | ep_epoch1(NODE0) | ep_epoch3(NODE0) | ep_epoch4(NODE0) | locked_epoch2(NODE0)","6","-0-00-----1-----0---------------","5","25","F","7","0110010010","0110010010","e0h1l0","-0-00-----","1-","----0-----","----------","0","3","1","0","0","1","0","0","1","0"
"310","3","forall NODE0. ~held(NODE0) | ep_epoch1(NODE0) | ep_epoch3(NODE0) | locked_epoch2(NODE0) | locked_epoch4(NODE0)","6","-0-0------1-----0---0-----------","5","25","F","7","0110010010","0110010010","e0h1l0","-0-0------","1-","----0---0-","----------","0","2","1","0","0","2","0","0","1","0"
"311","3","forall NODE1,NODE0. ~held(NODE0) | ep_epoch1(NODE0) | ep_epoch3(NODE1) | locked_epoch2(NODE0) | locked_epoch3(NODE0) | NODE0 = NODE1","8","-0------0-1-----0-0-------------","6","23","F","36","0110010020","0110010020","e0h1l0","-0------0-","1-","----0-0---","----------","0","2","1","0","0","2","0","0","2","0"
"312","3","forall NODE0. ~held(NODE0) | ep_epoch1(NODE0) | ep_epoch4(NODE0) | locked_epoch2(NODE0) | locked_epoch3(NODE0)","6","-0--0-----1-----0-0-------------","5","25","F","7","0110010010","0110010010","e0h1l0","-0--0-----","1-","----0-0---","----------","0","2","1","0","0","2","0","0","1","0"
"313","3","forall NODE1,NODE0. ~held(NODE0) | ep_epoch1(NODE0) | locked_epoch2(NODE0) | locked_epoch3(NODE0) | locked_epoch3(NODE1) | NODE0 = NODE1","8","-0--------1-----0-00------------","6","23","F","36","0110010020","0110010020","e0h1l0","-0--------","1-","----0-00--","----------","0","1","1","0","0","3","0","0","2","0"
"314","3","forall NODE0. ~held(NODE0) | ep_epoch1(NODE0) | locked_epoch2(NODE0) | locked_epoch3(NODE0) | locked_epoch4(NODE0)","6","-0--------1-----0-0-0-----------","5","25","F","7","0110010010","0110010010","e0h1l0","-0--------","1-","----0-0-0-","----------","0","1","1","0","0","3","0","0","1","0"
"315","2","forall NODE1,NODE0. ~locked_epoch2(NODE0) | ~locked_epoch3(NODE0) | ~locked_epoch4(NODE0) | ep_epoch0(NODE1) | ep_epoch1(NODE1) | NODE0 = NODE1","8","-----00---------1-1-1-----------","6","26","F","16","0100100020","0100100020","e0l1","-----00---","--","----1-1-1-","----------","0","2","0","0","3","0","0","0","2","0"
"316","3","forall NODE1,NODE0,NODE2. ~locked_epoch2(NODE0) | ~locked_epoch3(NODE0) | ~transfer_epoch4(NODE1) | ep_epoch0(NODE2) | ep_epoch1(NODE2) | ((NODE1 ~= NODE2 | NODE0 = NODE1) & (NODE0 ~= NODE1 | NODE0 = NODE2))","12","-----00---------1-1-----------1-","9","56","F","6","0100101030","0100101030","e0l1t1","-----00---","--","----1-1---","--------1-","0","2","0","0","2","0","1","0","3","0"
"317","2","forall NODE1,NODE0. ~locked_epoch2(NODE0) | ~locked_epoch3(NODE0) | ep_epoch0(NODE1) | ep_epoch1(NODE1) | ep_epoch3(NODE0) | NODE0 = NODE1","8","---0-00---------1-1-------------","6","26","F","16","0100100020","0100100020","e0l1","---0-00---","--","----1-1---","----------","0","3","0","0","2","0","0","0","2","0"
"318","2","forall NODE1,NODE0. ~locked_epoch2(NODE0) | ~locked_epoch3(NODE0) | ep_epoch0(NODE1) | ep_epoch1(NODE1) | ep_epoch4(NODE1) | NODE0 = NODE1","8","-----00--0------1-1-------------","6","26","F","16","0100100020","0100100020","e0l1","-----00--0","--","----1-1---","----------","0","3","0","0","2","0","0","0","2","0"
"319","3","forall NODE1,NODE0. ~locked_epoch2(NODE0) | ~locked_epoch3(NODE0) | ep_epoch0(NODE1) | ep_epoch1(NODE1) | held(NODE1) | NODE0 = NODE1","8","-----00----0----1-1-------------","6","57","F","5","0101100020","0101100020","e0h0l1","-----00---","-0","----1-1---","----------","0","2","0","1","2","0","0","0","2","0"
"320","3","forall NODE1,NODE0. ~locked_epoch2(NODE0) | ~locked_epoch3(NODE0) | ep_epoch0(NODE1) | ep_epoch1(NODE1) | locked_epoch4(NODE1) | NODE0 = NODE1","8","-----00---------1-1--0----------","6","51","F","27","0100110020","0100110020","e0l1l0","-----00---","--","----1-1--0","----------","0","2","0","0","2","1","0","0","2","0"
"321","2","forall NODE1,NODE0. ~locked_epoch2(NODE0) | ~locked_epoch4(NODE0) | ep_epoch0(NODE1) | ep_epoch1(NODE1) | ep_epoch3(NODE1) | NODE0 = NODE1","8","-----00-0-------1---1-----------","6","26","F","16","0100100020","0100100020","e0l1","-----00-0-","--","----1---1-","----------","0","3","0","0","2","0","0","0","2","0"
"322","3","forall NODE1,NODE0. ~locked_epoch2(NODE0) | ~locked_epoch4(NODE0) | ep_epoch0(NODE1) | ep_epoch1(NODE1) | locked_epoch3(NODE1) | NODE0 = NODE1","8","-----00---------1--01-----------","6","51","F","27","0100110020","0100110020","e0l1l0","-----00---","--","----1--01-","----------","0","2","0","0","2","1","0","0","2","0"
"323","3","forall NODE1,NODE0,NODE2. ~locked_epoch2(NODE0) | ~transfer_epoch4(NODE1) | ep_epoch0(NODE2) | ep_epoch1(NODE2) | ep_epoch2(NODE0) | ((NODE0 ~= NODE1 | NODE0 = NODE2) & (NODE1 ~= NODE2 | NODE0 = NODE1))","12","--0--00---------1-------------1-","9","56","F","6","0100101030","0100101030","e0l1t1","--0--00---","--","----1-----","--------1-","0","3","0","0","1","0","1","0","3","0"
"324","3","forall NODE1,NODE0,NODE2. ~locked_epoch2(NODE0) | ~transfer_epoch4(NODE1) | ep_epoch0(NODE2) | ep_epoch1(NODE2) | ep_epoch3(NODE2) | ((NODE1 ~= NODE2 | NODE0 = NODE1) & (NODE0 ~= NODE1 | NODE0 = NODE2))","12","-----00-0-------1-------------1-","9","56","F","6","0100101030","0100101030","e0l1t1","-----00-0-","--","----1-----","--------1-","0","3","0","0","1","0","1","0","3","0"
"325","4","forall NODE1,NODE0,NODE2. ~locked_epoch2(NODE0) | ~transfer_epoch4(NODE1) | ep_epoch0(NODE2) | ep_epoch1(NODE2) | locked_epoch3(NODE2) | ((NODE1 ~= NODE2 | NODE0 = NODE1) & (NODE0 ~= NODE1 | NODE0 = NODE2))","12","-----00---------1--0----------1-","9","74","F","3","0100111030","0100111030","e0l1l0t1","-----00---","--","----1--0--","--------1-","0","2","0","0","1","1","1","0","3","0"
"326","3","forall NODE1,NODE0. ~locked_epoch2(NODE0) | ep_epoch0(NODE1) | ep_epoch1(NODE1) | ep_epoch3(NODE0) | locked_epoch3(NODE1) | NODE0 = NODE1","8","---0-00---------1--0------------","6","51","F","27","0100110020","0100110020","e0l1l0","---0-00---","--","----1--0--","----------","0","3","0","0","1","1","0","0","2","0"
"327","2","forall NODE1,NODE0. ~locked_epoch2(NODE0) | ep_epoch0(NODE1) | ep_epoch1(NODE1) | ep_epoch3(NODE1) | ep_epoch4(NODE1) | NODE0 = NODE1","8","-----00-00------1---------------","6","26","F","16","0100100020","0100100020","e0l1","-----00-00","--","----1-----","----------","0","4","0","0","1","0","0","0","2","0"
"328","3","forall NODE1,NODE0. ~locked_epoch2(NODE0) | ep_epoch0(NODE1) | ep_epoch1(NODE1) | ep_epoch3(NODE1) | held(NODE1) | NODE0 = NODE1","8","-----00-0--0----1---------------","6","57","F","5","0101100020","0101100020","e0h0l1","-----00-0-","-0","----1-----","----------","0","3","0","1","1","0","0","0","2","0"
"329","3","forall NODE1,NODE0. ~locked_epoch2(NODE0) | ep_epoch0(NODE1) | ep_epoch1(NODE1) | ep_epoch3(NODE1) | locked_epoch4(NODE1) | NODE0 = NODE1","8","-----00-0-------1----0----------","6","51","F","27","0100110020","0100110020","e0l1l0","-----00-0-","--","----1----0","----------","0","3","0","0","1","1","0","0","2","0"
"330","3","forall NODE1,NODE0. ~locked_epoch2(NODE0) | ep_epoch0(NODE1) | ep_epoch1(NODE1) | ep_epoch4(NODE1) | locked_epoch3(NODE1) | NODE0 = NODE1","8","-----00--0------1--0------------","6","51","F","27","0100110020","0100110020","e0l1l0","-----00--0","--","----1--0--","----------","0","3","0","0","1","1","0","0","2","0"
"331","4","forall NODE1,NODE0. ~locked_epoch2(NODE0) | ep_epoch0(NODE1) | ep_epoch1(NODE1) | held(NODE1) | locked_epoch3(NODE1) | NODE0 = NODE1","8","-----00----0----1--0------------","6","75","F","3","0101110020","0101110020","e0h0l1l0","-----00---","-0","----1--0--","----------","0","2","0","1","1","1","0","0","2","0"
"332","3","forall NODE1,NODE0. ~locked_epoch2(NODE0) | ep_epoch0(NODE1) | ep_epoch1(NODE1) | locked_epoch3(NODE0) | locked_epoch3(NODE1) | NODE0 = NODE1","8","-----00---------1-00------------","6","51","F","27","0100110020","0100110020","e0l1l0","-----00---","--","----1-00--","----------","0","2","0","0","1","2","0","0","2","0"
"333","3","forall NODE1,NODE0. ~locked_epoch2(NODE0) | ep_epoch0(NODE1) | ep_epoch1(NODE1) | locked_epoch3(NODE1) | locked_epoch4(NODE1) | NODE0 = NODE1","8","-----00---------1--0-0----------","6","51","F","27","0100110020","0100110020","e0l1l0","-----00---","--","----1--0-0","----------","0","2","0","0","1","2","0","0","2","0"
"334","2","forall NODE1,NODE0. ~locked_epoch3(NODE0) | ~locked_epoch4(NODE0) | ep_epoch0(NODE1) | ep_epoch1(NODE1) | ep_epoch2(NODE1) | NODE0 = NODE1","8","-----000----------1-1-----------","6","26","F","16","0100100020","0100100020","e0l1","-----000--","--","------1-1-","----------","0","3","0","0","2","0","0","0","2","0"
"335","3","forall NODE1,NODE0. ~locked_epoch3(NODE0) | ~locked_epoch4(NODE0) | ep_epoch0(NODE1) | ep_epoch1(NODE1) | locked_epoch2(NODE1) | NODE0 = NODE1","8","-----00----------01-1-----------","6","51","F","27","0100110020","0100110020","e0l1l0","-----00---","--","-----01-1-","----------","0","2","0","0","2","1","0","0","2","0"
"336","3","forall NODE1,NODE0,NODE2. ~locked_epoch3(NODE0) | ~transfer_epoch4(NODE1) | ep_epoch0(NODE2) | ep_epoch1(NODE2) | ep_epoch2(NODE2) | ((NODE1 ~= NODE2 | NODE0 = NODE1) & (NODE0 ~= NODE1 | NODE0 = NODE2))","12","-----000----------1-----------1-","9","56","F","6","0100101030","0100101030","e0l1t1","-----000--","--","------1---","--------1-","0","3","0","0","1","0","1","0","3","0"
"337","4","forall NODE1,NODE0,NODE2. ~locked_epoch3(NODE0) | ~transfer_epoch4(NODE1) | ep_epoch0(NODE2) | ep_epoch1(NODE2) | locked_epoch2(NODE2) | ((NODE1 ~= NODE2 | NODE0 = NODE1) & (NODE0 ~= NODE1 | NODE0 = NODE2))","12","-----00----------01-----------1-","9","74","F","3","0100111030","0100111030","e0l1l0t1","-----00---","--","-----01---","--------1-","0","2","0","0","1","1","1","0","3","0"
"338","2","forall NODE1,NODE0. ~locked_epoch3(NODE0) | ep_epoch0(NODE1) | ep_epoch1(NODE1) | ep_epoch2(NODE1) | ep_epoch3(NODE0) | NODE0 = NODE1","8","---0-000----------1-------------","6","26","F","16","0100100020","0100100020","e0l1","---0-000--","--","------1---","----------","0","4","0","0","1","0","0","0","2","0"
"339","2","forall NODE1,NODE0. ~locked_epoch3(NODE0) | ep_epoch0(NODE1) | ep_epoch1(NODE1) | ep_epoch2(NODE1) | ep_epoch4(NODE1) | NODE0 = NODE1","8","-----000-0--------1-------------","6","26","F","16","0100100020","0100100020","e0l1","-----000-0","--","------1---","----------","0","4","0","0","1","0","0","0","2","0"
"340","3","forall NODE1,NODE0. ~locked_epoch3(NODE0) | ep_epoch0(NODE1) | ep_epoch1(NODE1) | ep_epoch2(NODE1) | held(NODE1) | NODE0 = NODE1","8","-----000---0------1-------------","6","57","F","5","0101100020","0101100020","e0h0l1","-----000--","-0","------1---","----------","0","3","0","1","1","0","0","0","2","0"
"341","3","forall NODE1,NODE0. ~locked_epoch3(NODE0) | ep_epoch0(NODE1) | ep_epoch1(NODE1) | ep_epoch2(NODE1) | locked_epoch4(NODE1) | NODE0 = NODE1","8","-----000----------1--0----------","6","51","F","27","0100110020","0100110020","e0l1l0","-----000--","--","------1--0","----------","0","3","0","0","1","1","0","0","2","0"
"342","3","forall NODE1,NODE0. ~locked_epoch3(NODE0) | ep_epoch0(NODE1) | ep_epoch1(NODE1) | ep_epoch3(NODE0) | locked_epoch2(NODE1) | NODE0 = NODE1","8","---0-00----------01-------------","6","51","F","27","0100110020","0100110020","e0l1l0","---0-00---","--","-----01---","----------","0","3","0","0","1","1","0","0","2","0"
"343","3","forall NODE1,NODE0. ~locked_epoch3(NODE0) | ep_epoch0(NODE1) | ep_epoch1(NODE1) | ep_epoch4(NODE1) | locked_epoch2(NODE1) | NODE0 = NODE1","8","-----00--0-------01-------------","6","51","F","27","0100110020","0100110020","e0l1l0","-----00--0","--","-----01---","----------","0","3","0","0","1","1","0","0","2","0"
"344","4","forall NODE1,NODE0. ~locked_epoch3(NODE0) | ep_epoch0(NODE1) | ep_epoch1(NODE1) | held(NODE1) | locked_epoch2(NODE1) | NODE0 = NODE1","8","-----00----0-----01-------------","6","75","F","3","0101110020","0101110020","e0h0l1l0","-----00---","-0","-----01---","----------","0","2","0","1","1","1","0","0","2","0"
"345","3","forall NODE1,NODE0. ~locked_epoch3(NODE0) | ep_epoch0(NODE1) | ep_epoch1(NODE1) | locked_epoch2(NODE1) | locked_epoch4(NODE1) | NODE0 = NODE1","8","-----00----------01--0----------","6","51","F","27","0100110020","0100110020","e0l1l0","-----00---","--","-----01--0","----------","0","2","0","0","1","2","0","0","2","0"
"346","4","forall NODE1,NODE0. ~locked_epoch3(NODE0) | ep_epoch4(NODE1) | held(NODE0) | transfer_epoch4(NODE0) | transfer_epoch4(NODE1) | NODE0 = NODE1","8","---------00-------1-----------00","6","61","F","8","0101100120","0101100120","e0h0l1t0","---------0","0-","------1---","--------00","0","1","0","1","1","0","0","2","2","0"
"347","3","forall NODE1,NODE0. ~locked_epoch3(NODE0) | held(NODE0) | held(NODE1) | transfer_epoch4(NODE0) | transfer_epoch4(NODE1) | NODE0 = NODE1","8","----------00------1-----------00","6","62","F","2","0001100120","0001100120","h0l1t0","----------","00","------1---","--------00","0","0","0","2","1","0","0","2","2","0"
"348","4","forall NODE1,NODE0. ~locked_epoch3(NODE0) | held(NODE0) | locked_epoch4(NODE1) | transfer_epoch4(NODE0) | transfer_epoch4(NODE1) | NODE0 = NODE1","8","----------0-------1--0--------00","6","63","F","3","0001110120","0001110120","h0l1l0t0","----------","0-","------1--0","--------00","0","0","0","1","1","1","0","2","2","0"
"349","2","forall NODE1,NODE0. ~locked_epoch4(NODE0) | ep_epoch0(NODE1) | ep_epoch1(NODE1) | ep_epoch2(NODE1) | ep_epoch3(NODE1) | NODE0 = NODE1","8","-----0000-----------1-----------","6","26","F","16","0100100020","0100100020","e0l1","-----0000-","--","--------1-","----------","0","4","0","0","1","0","0","0","2","0"
"350","3","forall NODE1,NODE0. ~locked_epoch4(NODE0) | ep_epoch0(NODE1) | ep_epoch1(NODE1) | ep_epoch2(NODE1) | locked_epoch3(NODE1) | NODE0 = NODE1","8","-----000-----------01-----------","6","51","F","27","0100110020","0100110020","e0l1l0","-----000--","--","-------01-","----------","0","3","0","0","1","1","0","0","2","0"
"351","3","forall NODE1,NODE0. ~locked_epoch4(NODE0) | ep_epoch0(NODE1) | ep_epoch1(NODE1) | ep_epoch3(NODE1) | locked_epoch2(NODE1) | NODE0 = NODE1","8","-----00-0--------0--1-----------","6","51","F","27","0100110020","0100110020","e0l1l0","-----00-0-","--","-----0--1-","----------","0","3","0","0","1","1","0","0","2","0"
"352","3","forall NODE1,NODE0. ~locked_epoch4(NODE0) | ep_epoch0(NODE1) | ep_epoch1(NODE1) | locked_epoch2(NODE1) | locked_epoch3(NODE1) | NODE0 = NODE1","8","-----00----------0-01-----------","6","51","F","27","0100110020","0100110020","e0l1l0","-----00---","--","-----0-01-","----------","0","2","0","0","1","2","0","0","2","0"
"353","2","forall NODE1,NODE0. ~transfer_epoch3(NODE0) | ep_epoch0(NODE0) | ep_epoch0(NODE1) | ep_epoch1(NODE0) | ep_epoch1(NODE1) | NODE0 = NODE1","8","00---00---------------------1---","6","27","F","9","0100001020","0100001020","e0t1","00---00---","--","----------","------1---","0","4","0","0","0","0","1","0","2","0"
"354","2","forall NODE1,NODE0. ~transfer_epoch4(NODE0) | ep_epoch0(NODE1) | ep_epoch1(NODE1) | ep_epoch2(NODE1) | ep_epoch3(NODE1)","7","0000--------------------------1-","5","27","F","9","0100001020","0100001020","e0t1","0000------","--","----------","--------1-","0","4","0","0","0","0","1","0","2","0"
"355","3","forall NODE1,NODE0. ~transfer_epoch4(NODE0) | ep_epoch0(NODE1) | ep_epoch1(NODE1) | ep_epoch2(NODE1) | locked_epoch3(NODE1)","7","000---------------0-----------1-","5","58","F","4","0100011020","0100011020","e0l0t1","000-------","--","------0---","--------1-","0","3","0","0","0","1","1","0","2","0"
"356","3","forall NODE1,NODE0,NODE2. ~transfer_epoch4(NODE0) | ep_epoch0(NODE1) | ep_epoch1(NODE1) | ep_epoch2(NODE2) | locked_epoch2(NODE1) | ((NODE0 ~= NODE2 | NODE0 = NODE1) & (NODE0 ~= NODE1 | NODE0 = NODE2))","12","00-----0--------0-------------1-","9","53","F","5","0100011030","0100011030","e0l0t1","00-----0--","--","----0-----","--------1-","0","3","0","0","0","1","1","0","3","0"
"357","3","forall NODE1,NODE0. ~transfer_epoch4(NODE0) | ep_epoch0(NODE1) | ep_epoch1(NODE1) | ep_epoch3(NODE1) | locked_epoch2(NODE1)","7","00-0------------0-------------1-","5","58","F","4","0100011020","0100011020","e0l0t1","00-0------","--","----0-----","--------1-","0","3","0","0","0","1","1","0","2","0"
"358","3","forall NODE1,NODE0. ~transfer_epoch4(NODE0) | ep_epoch0(NODE1) | ep_epoch1(NODE1) | locked_epoch2(NODE1) | locked_epoch3(NODE1)","7","00--------------0-0-----------1-","5","58","F","4","0100011020","0100011020","e0l0t1","00--------","--","----0-0---","--------1-","0","2","0","0","0","2","1","0","2","0"
"359","1","forall NODE0. ep_epoch0(NODE0) | ep_epoch1(NODE0) | ep_epoch2(NODE0) | ep_epoch3(NODE0) | ep_epoch4(NODE0)","6","00000---------------------------","5","28","F","1","0100000010","0100000010","e0","00000-----","--","----------","----------","0","5","0","0","0","0","0","0","1","0"
"360","2","forall NODE0. ep_epoch0(NODE0) | ep_epoch1(NODE0) | ep_epoch2(NODE0) | ep_epoch3(NODE0) | held(NODE0)","6","0000------0---------------------","5","29","F","1","0101000010","0101000010","e0h0","0000------","0-","----------","----------","0","4","0","1","0","0","0","0","1","0"
"361","2","forall NODE0. ep_epoch0(NODE0) | ep_epoch1(NODE0) | ep_epoch2(NODE0) | ep_epoch3(NODE0) | locked_epoch4(NODE0)","6","0000----------------0-----------","5","30","F","7","0100010010","0100010010","e0l0","0000------","--","--------0-","----------","0","4","0","0","0","1","0","0","1","0"
"362","2","forall NODE1,NODE0. ep_epoch0(NODE0) | ep_epoch1(NODE0) | ep_epoch2(NODE0) | ep_epoch3(NODE1) | locked_epoch3(NODE0) | NODE0 = NODE1","8","000-----0---------0-------------","6","33","F","35","0100010020","0100010020","e0l0","000-----0-","--","------0---","----------","0","4","0","0","0","1","0","0","2","0"
"363","2","forall NODE0. ep_epoch0(NODE0) | ep_epoch1(NODE0) | ep_epoch2(NODE0) | ep_epoch4(NODE0) | locked_epoch3(NODE0)","6","000-0-------------0-------------","5","30","F","7","0100010010","0100010010","e0l0","000-0-----","--","------0---","----------","0","4","0","0","0","1","0","0","1","0"
"364","3","forall NODE0. ep_epoch0(NODE0) | ep_epoch1(NODE0) | ep_epoch2(NODE0) | held(NODE0) | locked_epoch3(NODE0)","6","000-------0-------0-------------","5","59","F","3","0101010010","0101010010","e0h0l0","000-------","0-","------0---","----------","0","3","0","1","0","1","0","0","1","0"
"365","2","forall NODE1,NODE0. ep_epoch0(NODE0) | ep_epoch1(NODE0) | ep_epoch2(NODE0) | locked_epoch3(NODE0) | locked_epoch3(NODE1) | NODE0 = NODE1","8","000---------------00------------","6","33","F","35","0100010020","0100010020","e0l0","000-------","--","------00--","----------","0","3","0","0","0","2","0","0","2","0"
"366","2","forall NODE0. ep_epoch0(NODE0) | ep_epoch1(NODE0) | ep_epoch2(NODE0) | locked_epoch3(NODE0) | locked_epoch4(NODE0)","6","000---------------0-0-----------","5","30","F","7","0100010010","0100010010","e0l0","000-------","--","------0-0-","----------","0","3","0","0","0","2","0","0","1","0"
"367","2","forall NODE0. ep_epoch0(NODE0) | ep_epoch1(NODE0) | ep_epoch3(NODE0) | ep_epoch4(NODE0) | locked_epoch2(NODE0)","6","00-00-----------0---------------","5","30","F","7","0100010010","0100010010","e0l0","00-00-----","--","----0-----","----------","0","4","0","0","0","1","0","0","1","0"
"368","3","forall NODE0. ep_epoch0(NODE0) | ep_epoch1(NODE0) | ep_epoch3(NODE0) | held(NODE0) | locked_epoch2(NODE0)","6","00-0------0-----0---------------","5","59","F","3","0101010010","0101010010","e0h0l0","00-0------","0-","----0-----","----------","0","3","0","1","0","1","0","0","1","0"
"369","2","forall NODE0. ep_epoch0(NODE0) | ep_epoch1(NODE0) | ep_epoch3(NODE0) | locked_epoch2(NODE0) | locked_epoch4(NODE0)","6","00-0------------0---0-----------","5","30","F","7","0100010010","0100010010","e0l0","00-0------","--","----0---0-","----------","0","3","0","0","0","2","0","0","1","0"
"370","2","forall NODE1,NODE0. ep_epoch0(NODE0) | ep_epoch1(NODE0) | ep_epoch3(NODE1) | locked_epoch2(NODE0) | locked_epoch3(NODE0) | NODE0 = NODE1","8","00------0-------0-0-------------","6","33","F","35","0100010020","0100010020","e0l0","00------0-","--","----0-0---","----------","0","3","0","0","0","2","0","0","2","0"
"371","2","forall NODE0. ep_epoch0(NODE0) | ep_epoch1(NODE0) | ep_epoch4(NODE0) | locked_epoch2(NODE0) | locked_epoch3(NODE0)","6","00--0-----------0-0-------------","5","30","F","7","0100010010","0100010010","e0l0","00--0-----","--","----0-0---","----------","0","3","0","0","0","2","0","0","1","0"
"372","3","forall NODE0. ep_epoch0(NODE0) | ep_epoch1(NODE0) | held(NODE0) | locked_epoch2(NODE0) | locked_epoch3(NODE0)","6","00--------0-----0-0-------------","5","59","F","3","0101010010","0101010010","e0h0l0","00--------","0-","----0-0---","----------","0","2","0","1","0","2","0","0","1","0"
"373","2","forall NODE1,NODE0. ep_epoch0(NODE0) | ep_epoch1(NODE0) | locked_epoch2(NODE0) | locked_epoch3(NODE0) | locked_epoch3(NODE1) | NODE0 = NODE1","8","00--------------0-00------------","6","33","F","35","0100010020","0100010020","e0l0","00--------","--","----0-00--","----------","0","2","0","0","0","3","0","0","2","0"
"374","2","forall NODE0. ep_epoch0(NODE0) | ep_epoch1(NODE0) | locked_epoch2(NODE0) | locked_epoch3(NODE0) | locked_epoch4(NODE0)","6","00--------------0-0-0-----------","5","30","F","7","0100010010","0100010010","e0l0","00--------","--","----0-0-0-","----------","0","2","0","0","0","3","0","0","1","0"
"375","5","forall NODE1,NODE0. ~ep_epoch0(NODE0) | ~locked_epoch2(NODE1) | ep_epoch2(NODE1) | held(NODE1) | transfer_epoch4(NODE0) | transfer_epoch4(NODE1) | NODE0 = NODE1","9","1------0---0-----1------------00","7","76","F","4","1101100120","1101100120","e1e0h0l1t0","1------0--","-0","-----1----","--------00","1","1","0","1","1","0","0","2","2","0"
"376","5","forall NODE1,NODE0. ~ep_epoch0(NODE0) | ~locked_epoch2(NODE1) | ep_epoch3(NODE1) | held(NODE1) | transfer_epoch3(NODE0) | transfer_epoch3(NODE1) | NODE0 = NODE1","9","1-------0--0-----1----------00--","7","76","F","4","1101100120","1101100120","e1e0h0l1t0","1-------0-","-0","-----1----","------00--","1","1","0","1","1","0","0","2","2","0"
"377","5","forall NODE1,NODE0. ~ep_epoch0(NODE0) | ~locked_epoch2(NODE1) | held(NODE1) | locked_epoch3(NODE1) | transfer_epoch3(NODE0) | transfer_epoch3(NODE1) | NODE0 = NODE1","9","1----------0-----1-0--------00--","7","77","F","2","1001110120","1001110120","e1h0l1l0t0","1---------","-0","-----1-0--","------00--","1","0","0","1","1","1","0","2","2","0"
"378","4","forall NODE1,NODE0. ~ep_epoch0(NODE0) | ep_epoch1(NODE1) | ep_epoch2(NODE1) | held(NODE1) | transfer_epoch4(NODE0) | transfer_epoch4(NODE1) | NODE0 = NODE1","9","1-----00---0------------------00","7","35","F","17","1101000120","1101000120","e1e0h0t0","1-----00--","-0","----------","--------00","1","2","0","1","0","0","0","2","2","0"
"379","4","forall NODE1,NODE0. ~ep_epoch0(NODE0) | ep_epoch1(NODE1) | ep_epoch3(NODE1) | held(NODE1) | transfer_epoch3(NODE0) | transfer_epoch3(NODE1) | NODE0 = NODE1","9","1-----0-0--0----------------00--","7","35","F","17","1101000120","1101000120","e1e0h0t0","1-----0-0-","-0","----------","------00--","1","2","0","1","0","0","0","2","2","0"
"380","5","forall NODE1,NODE0. ~ep_epoch0(NODE0) | ep_epoch1(NODE1) | held(NODE1) | locked_epoch3(NODE1) | transfer_epoch3(NODE0) | transfer_epoch3(NODE1) | NODE0 = NODE1","9","1-----0----0-------0--------00--","7","64","F","6","1101010120","1101010120","e1e0h0l0t0","1-----0---","-0","-------0--","------00--","1","1","0","1","0","1","0","2","2","0"
"381","4","forall NODE1,NODE0. ~ep_epoch0(NODE0) | ep_epoch2(NODE1) | ep_epoch3(NODE1) | held(NODE1) | transfer_epoch2(NODE0) | transfer_epoch2(NODE1) | NODE0 = NODE1","9","1------00--0--------------00----","7","35","F","17","1101000120","1101000120","e1e0h0t0","1------00-","-0","----------","----00----","1","2","0","1","0","0","0","2","2","0"
"382","5","forall NODE1,NODE0. ~ep_epoch0(NODE0) | ep_epoch2(NODE1) | held(NODE1) | locked_epoch3(NODE1) | transfer_epoch2(NODE0) | transfer_epoch2(NODE1) | NODE0 = NODE1","9","1------0---0-------0------00----","7","64","F","6","1101010120","1101010120","e1e0h0l0t0","1------0--","-0","-------0--","----00----","1","1","0","1","0","1","0","2","2","0"
"383","5","forall NODE1,NODE0. ~ep_epoch1(NODE0) | ~locked_epoch2(NODE1) | ep_epoch2(NODE1) | held(NODE1) | transfer_epoch4(NODE0) | transfer_epoch4(NODE1) | NODE0 = NODE1","9","-1-----0---0-----1------------00","7","76","F","4","1101100120","1101100120","e1e0h0l1t0","-1-----0--","-0","-----1----","--------00","1","1","0","1","1","0","0","2","2","0"
"384","5","forall NODE1,NODE0. ~ep_epoch1(NODE0) | ~locked_epoch2(NODE1) | ep_epoch3(NODE1) | held(NODE1) | transfer_epoch3(NODE0) | transfer_epoch3(NODE1) | NODE0 = NODE1","9","-1------0--0-----1----------00--","7","76","F","4","1101100120","1101100120","e1e0h0l1t0","-1------0-","-0","-----1----","------00--","1","1","0","1","1","0","0","2","2","0"
"385","5","forall NODE1,NODE0. ~ep_epoch1(NODE0) | ~locked_epoch2(NODE1) | held(NODE1) | locked_epoch3(NODE1) | transfer_epoch3(NODE0) | transfer_epoch3(NODE1) | NODE0 = NODE1","9","-1---------0-----1-0--------00--","7","77","F","2","1001110120","1001110120","e1h0l1l0t0","-1--------","-0","-----1-0--","------00--","1","0","0","1","1","1","0","2","2","0"
"386","4","forall NODE1,NODE0. ~ep_epoch1(NODE0) | ep_epoch0(NODE1) | ep_epoch2(NODE1) | held(NODE1) | transfer_epoch4(NODE0) | transfer_epoch4(NODE1) | NODE0 = NODE1","9","-1---0-0---0------------------00","7","35","F","17","1101000120","1101000120","e1e0h0t0","-1---0-0--","-0","----------","--------00","1","2","0","1","0","0","0","2","2","0"
"387","4","forall NODE1,NODE0. ~ep_epoch1(NODE0) | ep_epoch0(NODE1) | ep_epoch3(NODE1) | held(NODE1) | transfer_epoch3(NODE0) | transfer_epoch3(NODE1) | NODE0 = NODE1","9","-1---0--0--0----------------00--","7","35","F","17","1101000120","1101000120","e1e0h0t0","-1---0--0-","-0","----------","------00--","1","2","0","1","0","0","0","2","2","0"
"388","5","forall NODE1,NODE0. ~ep_epoch1(NODE0) | ep_epoch0(NODE1) | held(NODE1) | locked_epoch3(NODE1) | transfer_epoch3(NODE0) | transfer_epoch3(NODE1) | NODE0 = NODE1","9","-1---0-----0-------0--------00--","7","64","F","6","1101010120","1101010120","e1e0h0l0t0","-1---0----","-0","-------0--","------00--","1","1","0","1","0","1","0","2","2","0"
"389","5","forall NODE1,NODE0. ~ep_epoch1(NODE0) | ep_epoch2(NODE1) | held(NODE0) | locked_epoch3(NODE1) | transfer_epoch2(NODE0) | transfer_epoch2(NODE1) | NODE0 = NODE1","9","-1-----0--0--------0------00----","7","64","F","6","1101010120","1101010120","e1e0h0l0t0","-1-----0--","0-","-------0--","----00----","1","1","0","1","0","1","0","2","2","0"
"390","4","forall NODE1,NODE0. ~ep_epoch2(NODE0) | ep_epoch0(NODE1) | ep_epoch1(NODE1) | held(NODE1) | transfer_epoch4(NODE0) | transfer_epoch4(NODE1) | NODE0 = NODE1","9","--1--00----0------------------00","7","35","F","17","1101000120","1101000120","e1e0h0t0","--1--00---","-0","----------","--------00","1","2","0","1","0","0","0","2","2","0"
"391","4","forall NODE1,NODE0. ~ep_epoch2(NODE0) | ep_epoch3(NODE1) | ep_epoch4(NODE1) | held(NODE0) | transfer_epoch3(NODE0) | transfer_epoch3(NODE1) | NODE0 = NODE1","9","--1-----000-----------------00--","7","35","F","17","1101000120","1101000120","e1e0h0t0","--1-----00","0-","----------","------00--","1","2","0","1","0","0","0","2","2","0"
"392","4","forall NODE1,NODE0. ~ep_epoch2(NODE0) | ep_epoch3(NODE1) | held(NODE0) | held(NODE1) | transfer_epoch3(NODE0) | transfer_epoch3(NODE1) | NODE0 = NODE1","9","--1-----0-00----------------00--","7","35","F","17","1101000120","1101000120","e1e0h0t0","--1-----0-","00","----------","------00--","1","1","0","2","0","0","0","2","2","0"
"393","5","forall NODE1,NODE0. ~ep_epoch2(NODE0) | ep_epoch3(NODE1) | held(NODE0) | locked_epoch4(NODE1) | transfer_epoch3(NODE0) | transfer_epoch3(NODE1) | NODE0 = NODE1","9","--1-----0-0----------0------00--","7","64","F","6","1101010120","1101010120","e1e0h0l0t0","--1-----0-","0-","---------0","------00--","1","1","0","1","0","1","0","2","2","0"
"394","2","forall NODE1,NODE0. ~locked_epoch2(NODE0) | ep_epoch0(NODE1) | ep_epoch1(NODE1) | ep_epoch2(NODE0) | ep_epoch3(NODE0) | ep_epoch3(NODE1) | NODE0 = NODE1","9","--00-00-0-------1---------------","7","26","F","16","0100100020","0100100020","e0l1","--00-00-0-","--","----1-----","----------","0","5","0","0","1","0","0","0","2","0"
"395","2","forall NODE1,NODE0. ~locked_epoch2(NODE0) | ep_epoch0(NODE1) | ep_epoch1(NODE1) | ep_epoch2(NODE0) | ep_epoch4(NODE0) | ep_epoch4(NODE1) | NODE0 = NODE1","9","--0-000--0------1---------------","7","26","F","16","0100100020","0100100020","e0l1","--0-000--0","--","----1-----","----------","0","5","0","0","1","0","0","0","2","0"
"396","3","forall NODE1,NODE0,NODE2,NODE3. ~locked_epoch2(NODE0) | ep_epoch0(NODE1) | ep_epoch1(NODE1) | ep_epoch2(NODE0) | ep_epoch4(NODE2) | held(NODE3) | ((NODE0 ~= NODE2 | NODE1 ~= NODE3 | NODE0 = NODE1) & (NODE0 ~= NODE3 | NODE1 ~= NODE2 | NODE0 = NODE1))","16","--0-000----0----1---------------","12","78","F","1","0101100040","0101100040","e0h0l1","--0-000---","-0","----1-----","----------","0","4","0","1","1","0","0","0","4","0"
"397","3","forall NODE1,NODE0,NODE2,NODE3. ~locked_epoch2(NODE0) | ep_epoch0(NODE1) | ep_epoch1(NODE1) | ep_epoch2(NODE0) | ep_epoch4(NODE2) | locked_epoch4(NODE3) | ((NODE0 ~= NODE2 | NODE1 ~= NODE3 | NODE0 = NODE1) & (NODE0 ~= NODE3 | NODE1 ~= NODE2 | NODE0 = NODE1))","16","--0-000---------1----0----------","12","79","F","1","0100110040","0100110040","e0l1l0","--0-000---","--","----1----0","----------","0","4","0","0","1","1","0","0","4","0"
"398","3","forall NODE1,NODE0. ~locked_epoch2(NODE0) | ep_epoch0(NODE1) | ep_epoch1(NODE1) | ep_epoch2(NODE0) | held(NODE0) | held(NODE1) | NODE0 = NODE1","9","--0--00---00----1---------------","7","57","F","5","0101100020","0101100020","e0h0l1","--0--00---","00","----1-----","----------","0","3","0","2","1","0","0","0","2","0"
"399","4","forall NODE1,NODE0,NODE2,NODE3. ~locked_epoch2(NODE0) | ep_epoch0(NODE1) | ep_epoch1(NODE1) | ep_epoch2(NODE0) | held(NODE2) | locked_epoch4(NODE3) | ((NODE0 ~= NODE2 | NODE1 ~= NODE3 | NODE0 = NODE1) & (NODE0 ~= NODE3 | NODE1 ~= NODE2 | NODE0 = NODE1))","16","--0--00---0-----1----0----------","12","80","F","1","0101110040","0101110040","e0h0l1l0","--0--00---","0-","----1----0","----------","0","3","0","1","1","1","0","0","4","0"
"400","3","forall NODE1,NODE0. ~locked_epoch2(NODE0) | ep_epoch0(NODE1) | ep_epoch1(NODE1) | ep_epoch2(NODE0) | locked_epoch4(NODE0) | locked_epoch4(NODE1) | NODE0 = NODE1","9","--0--00---------1---00----------","7","51","F","27","0100110020","0100110020","e0l1l0","--0--00---","--","----1---00","----------","0","3","0","0","1","2","0","0","2","0"
"401","4","forall NODE1,NODE0. ~locked_epoch2(NODE0) | ep_epoch2(NODE0) | ep_epoch4(NODE1) | held(NODE0) | transfer_epoch4(NODE0) | transfer_epoch4(NODE1) | NODE0 = NODE1","9","--0------00-----1-------------00","7","61","F","8","0101100120","0101100120","e0h0l1t0","--0------0","0-","----1-----","--------00","0","2","0","1","1","0","0","2","2","0"
"402","4","forall NODE1,NODE0. ~locked_epoch2(NODE0) | ep_epoch2(NODE0) | held(NODE0) | held(NODE1) | transfer_epoch4(NODE0) | transfer_epoch4(NODE1) | NODE0 = NODE1","9","--0-------00----1-------------00","7","61","F","8","0101100120","0101100120","e0h0l1t0","--0-------","00","----1-----","--------00","0","1","0","2","1","0","0","2","2","0"
"403","5","forall NODE1,NODE0. ~locked_epoch2(NODE0) | ep_epoch2(NODE0) | held(NODE0) | locked_epoch4(NODE1) | transfer_epoch4(NODE0) | transfer_epoch4(NODE1) | NODE0 = NODE1","9","--0-------0-----1----0--------00","7","81","F","9","0101110120","0101110120","e0h0l1l0t0","--0-------","0-","----1----0","--------00","0","1","0","1","1","1","0","2","2","0"
"404","5","forall NODE1,NODE0. ~locked_epoch2(NODE0) | ep_epoch3(NODE0) | held(NODE0) | locked_epoch3(NODE1) | transfer_epoch3(NODE0) | transfer_epoch3(NODE1) | NODE0 = NODE1","9","---0------0-----1--0--------00--","7","81","F","9","0101110120","0101110120","e0h0l1l0t0","---0------","0-","----1--0--","------00--","0","1","0","1","1","1","0","2","2","0"
"405","4","forall NODE1,NODE0. ~locked_epoch2(NODE0) | held(NODE0) | locked_epoch3(NODE0) | locked_epoch3(NODE1) | transfer_epoch3(NODE0) | transfer_epoch3(NODE1) | NODE0 = NODE1","9","----------0-----1-00--------00--","7","63","F","3","0001110120","0001110120","h0l1l0t0","----------","0-","----1-00--","------00--","0","0","0","1","1","2","0","2","2","0"
"406","2","exists NODE0. ep_epoch0(NODE0) | ep_epoch1(NODE0) | locked_epoch3(NODE0)","4","00---00-----------00------------","3","7","E","9","e0l0","0100010001","e0l0","00---00---","--","------00--","----------","0","4","0","0","0","2","0","0","0","1"
"407","2","exists NODE0. ep_epoch0(NODE0) | ep_epoch2(NODE0) | locked_epoch3(NODE0)","4","0-0--0-0----------00------------","3","7","E","9","e0l0","0100010001","e0l0","0-0--0-0--","--","------00--","----------","0","4","0","0","0","2","0","0","0","1"
"408","2","forall NODE1,NODE0. ep_epoch0(NODE0) | ep_epoch0(NODE1) | ep_epoch2(NODE1) | ep_epoch3(NODE1) | ep_epoch4(NODE1) | locked_epoch2(NODE0) | NODE0 = NODE1","9","0-0000-----------0--------------","7","33","F","35","0100010020","0100010020","e0l0","0-0000----","--","-----0----","----------","0","5","0","0","0","1","0","0","2","0"
"409","3","forall NODE1,NODE0. ep_epoch0(NODE0) | ep_epoch0(NODE1) | ep_epoch2(NODE1) | ep_epoch3(NODE1) | held(NODE1) | locked_epoch2(NODE0) | NODE0 = NODE1","9","0-00-0----0------0--------------","7","34","F","14","0101010020","0101010020","e0h0l0","0-00-0----","0-","-----0----","----------","0","4","0","1","0","1","0","0","2","0"
"410","2","forall NODE1,NODE0. ep_epoch0(NODE0) | ep_epoch0(NODE1) | ep_epoch2(NODE1) | ep_epoch3(NODE1) | locked_epoch2(NODE0) | locked_epoch4(NODE1) | NODE0 = NODE1","9","0-00-0-----------0--0-----------","7","33","F","35","0100010020","0100010020","e0l0","0-00-0----","--","-----0--0-","----------","0","4","0","0","0","2","0","0","2","0"
"411","2","forall NODE1,NODE0. ep_epoch0(NODE0) | ep_epoch0(NODE1) | ep_epoch2(NODE1) | ep_epoch3(NODE0) | locked_epoch2(NODE0) | locked_epoch3(NODE1) | NODE0 = NODE1","9","0-0--0--0--------00-------------","7","33","F","35","0100010020","0100010020","e0l0","0-0--0--0-","--","-----00---","----------","0","4","0","0","0","2","0","0","2","0"
"412","2","forall NODE1,NODE0. ep_epoch0(NODE0) | ep_epoch0(NODE1) | ep_epoch2(NODE1) | ep_epoch4(NODE1) | locked_epoch2(NODE0) | locked_epoch3(NODE1) | NODE0 = NODE1","9","0-0-00-----------00-------------","7","33","F","35","0100010020","0100010020","e0l0","0-0-00----","--","-----00---","----------","0","4","0","0","0","2","0","0","2","0"
"413","3","forall NODE1,NODE0. ep_epoch0(NODE0) | ep_epoch0(NODE1) | ep_epoch2(NODE1) | held(NODE1) | locked_epoch2(NODE0) | locked_epoch3(NODE1) | NODE0 = NODE1","9","0-0--0----0------00-------------","7","34","F","14","0101010020","0101010020","e0h0l0","0-0--0----","0-","-----00---","----------","0","3","0","1","0","2","0","0","2","0"
"414","2","forall NODE1,NODE0. ep_epoch0(NODE0) | ep_epoch0(NODE1) | ep_epoch2(NODE1) | locked_epoch2(NODE0) | locked_epoch3(NODE0) | locked_epoch3(NODE1) | NODE0 = NODE1","9","0-0--0-----------000------------","7","33","F","35","0100010020","0100010020","e0l0","0-0--0----","--","-----000--","----------","0","3","0","0","0","3","0","0","2","0"
"415","2","forall NODE1,NODE0. ep_epoch0(NODE0) | ep_epoch0(NODE1) | ep_epoch2(NODE1) | locked_epoch2(NODE0) | locked_epoch3(NODE1) | locked_epoch4(NODE1) | NODE0 = NODE1","9","0-0--0-----------00-0-----------","7","33","F","35","0100010020","0100010020","e0l0","0-0--0----","--","-----00-0-","----------","0","3","0","0","0","3","0","0","2","0"
"416","2","forall NODE1,NODE0. ep_epoch0(NODE0) | ep_epoch1(NODE0) | ep_epoch2(NODE1) | ep_epoch3(NODE0) | ep_epoch3(NODE1) | locked_epoch2(NODE0) | NODE0 = NODE1","9","00-0---00-------0---------------","7","33","F","35","0100010020","0100010020","e0l0","00-0---00-","--","----0-----","----------","0","5","0","0","0","1","0","0","2","0"
"417","2","forall NODE1,NODE0. ep_epoch0(NODE0) | ep_epoch1(NODE0) | ep_epoch2(NODE1) | ep_epoch3(NODE0) | locked_epoch2(NODE0) | locked_epoch3(NODE1) | NODE0 = NODE1","9","00-0---0--------0--0------------","7","33","F","35","0100010020","0100010020","e0l0","00-0---0--","--","----0--0--","----------","0","4","0","0","0","2","0","0","2","0"
"418","2","forall NODE1,NODE0. ep_epoch0(NODE0) | ep_epoch1(NODE0) | ep_epoch2(NODE1) | ep_epoch3(NODE1) | ep_epoch4(NODE1) | locked_epoch2(NODE0) | NODE0 = NODE1","9","00-----000------0---------------","7","33","F","35","0100010020","0100010020","e0l0","00-----000","--","----0-----","----------","0","5","0","0","0","1","0","0","2","0"
"419","3","forall NODE1,NODE0. ep_epoch0(NODE0) | ep_epoch1(NODE0) | ep_epoch2(NODE1) | ep_epoch3(NODE1) | held(NODE1) | locked_epoch2(NODE0) | NODE0 = NODE1","9","00-----00--0----0---------------","7","34","F","14","0101010020","0101010020","e0h0l0","00-----00-","-0","----0-----","----------","0","4","0","1","0","1","0","0","2","0"
"420","2","forall NODE1,NODE0. ep_epoch0(NODE0) | ep_epoch1(NODE0) | ep_epoch2(NODE1) | ep_epoch3(NODE1) | locked_epoch2(NODE0) | locked_epoch4(NODE1) | NODE0 = NODE1","9","00-----00-------0----0----------","7","33","F","35","0100010020","0100010020","e0l0","00-----00-","--","----0----0","----------","0","4","0","0","0","2","0","0","2","0"
"421","2","forall NODE1,NODE0. ep_epoch0(NODE0) | ep_epoch1(NODE0) | ep_epoch2(NODE1) | ep_epoch4(NODE0) | ep_epoch4(NODE1) | locked_epoch2(NODE0) | NODE0 = NODE1","9","00--0--0-0------0---------------","7","33","F","35","0100010020","0100010020","e0l0","00--0--0-0","--","----0-----","----------","0","5","0","0","0","1","0","0","2","0"
"422","3","forall NODE1,NODE0,NODE2,NODE3. ep_epoch0(NODE0) | ep_epoch1(NODE0) | ep_epoch2(NODE1) | ep_epoch4(NODE2) | held(NODE3) | locked_epoch2(NODE0) | ((NODE0 ~= NODE2 | NODE1 ~= NODE3 | NODE0 = NODE1) & (NODE0 ~= NODE3 | NODE1 ~= NODE2 | NODE0 = NODE1))","16","00--0--0---0----0---------------","12","82","F","2","0101010040","0101010040","e0h0l0","00--0--0--","-0","----0-----","----------","0","4","0","1","0","1","0","0","4","0"
"423","2","forall NODE1,NODE0,NODE2,NODE3. ep_epoch0(NODE0) | ep_epoch1(NODE0) | ep_epoch2(NODE1) | ep_epoch4(NODE2) | locked_epoch2(NODE0) | locked_epoch4(NODE3) | ((NODE0 ~= NODE2 | NODE1 ~= NODE3 | NODE0 = NODE1) & (NODE0 ~= NODE3 | NODE1 ~= NODE2 | NODE0 = NODE1))","16","00--0--0--------0----0----------","12","83","F","1","0100010040","0100010040","e0l0","00--0--0--","--","----0----0","----------","0","4","0","0","0","2","0","0","4","0"
"424","2","forall NODE1,NODE0. ep_epoch0(NODE0) | ep_epoch1(NODE0) | ep_epoch2(NODE1) | ep_epoch4(NODE1) | locked_epoch2(NODE0) | locked_epoch3(NODE1) | NODE0 = NODE1","9","00-----0-0------0--0------------","7","33","F","35","0100010020","0100010020","e0l0","00-----0-0","--","----0--0--","----------","0","4","0","0","0","2","0","0","2","0"
"425","3","forall NODE1,NODE0. ep_epoch0(NODE0) | ep_epoch1(NODE0) | ep_epoch2(NODE1) | held(NODE0) | held(NODE1) | locked_epoch2(NODE0) | NODE0 = NODE1","9","00-----0--00----0---------------","7","34","F","14","0101010020","0101010020","e0h0l0","00-----0--","00","----0-----","----------","0","3","0","2","0","1","0","0","2","0"
"426","3","forall NODE1,NODE0,NODE2,NODE3. ep_epoch0(NODE0) | ep_epoch1(NODE0) | ep_epoch2(NODE1) | held(NODE2) | locked_epoch2(NODE0) | locked_epoch4(NODE3) | ((NODE0 ~= NODE3 | NODE1 ~= NODE2 | NODE0 = NODE1) & (NODE0 ~= NODE2 | NODE1 ~= NODE3 | NODE0 = NODE1))","16","00-----0--0-----0----0----------","12","82","F","2","0101010040","0101010040","e0h0l0","00-----0--","0-","----0----0","----------","0","3","0","1","0","2","0","0","4","0"
"427","3","forall NODE1,NODE0. ep_epoch0(NODE0) | ep_epoch1(NODE0) | ep_epoch2(NODE1) | held(NODE1) | locked_epoch2(NODE0) | locked_epoch3(NODE1) | NODE0 = NODE1","9","00-----0---0----0--0------------","7","34","F","14","0101010020","0101010020","e0h0l0","00-----0--","-0","----0--0--","----------","0","3","0","1","0","2","0","0","2","0"
"428","2","forall NODE1,NODE0. ep_epoch0(NODE0) | ep_epoch1(NODE0) | ep_epoch2(NODE1) | locked_epoch2(NODE0) | locked_epoch3(NODE1) | locked_epoch4(NODE1) | NODE0 = NODE1","9","00-----0--------0--0-0----------","7","33","F","35","0100010020","0100010020","e0l0","00-----0--","--","----0--0-0","----------","0","3","0","0","0","3","0","0","2","0"
"429","2","forall NODE1,NODE0. ep_epoch0(NODE0) | ep_epoch1(NODE0) | ep_epoch2(NODE1) | locked_epoch2(NODE0) | locked_epoch4(NODE0) | locked_epoch4(NODE1) | NODE0 = NODE1","9","00-----0--------0---00----------","7","33","F","35","0100010020","0100010020","e0l0","00-----0--","--","----0---00","----------","0","3","0","0","0","3","0","0","2","0"
"430","4","forall NODE1,NODE0. ep_epoch0(NODE0) | held(NODE0) | locked_epoch2(NODE0) | locked_epoch2(NODE1) | transfer_epoch2(NODE0) | transfer_epoch2(NODE1) | NODE0 = NODE1","9","0---------0-----00--------00----","7","38","F","145","0101010120","0101010120","e0h0l0t0","0---------","0-","----00----","----00----","0","1","0","1","0","2","0","2","2","0"
"431","2","exists NODE0. ep_epoch1(NODE0) | ep_epoch2(NODE0) | locked_epoch3(NODE0)","4","-00---00----------00------------","3","7","E","9","e0l0","0100010001","e0l0","-00---00--","--","------00--","----------","0","4","0","0","0","2","0","0","0","1"
"432","2","forall NODE1,NODE0. ep_epoch1(NODE0) | ep_epoch1(NODE1) | ep_epoch2(NODE1) | ep_epoch3(NODE1) | ep_epoch4(NODE1) | locked_epoch2(NODE0) | NODE0 = NODE1","9","-0000-0----------0--------------","7","33","F","35","0100010020","0100010020","e0l0","-0000-0---","--","-----0----","----------","0","5","0","0","0","1","0","0","2","0"
"433","3","forall NODE1,NODE0. ep_epoch1(NODE0) | ep_epoch1(NODE1) | ep_epoch2(NODE1) | ep_epoch3(NODE1) | held(NODE1) | locked_epoch2(NODE0) | NODE0 = NODE1","9","-000--0---0------0--------------","7","34","F","14","0101010020","0101010020","e0h0l0","-000--0---","0-","-----0----","----------","0","4","0","1","0","1","0","0","2","0"
"434","2","forall NODE1,NODE0. ep_epoch1(NODE0) | ep_epoch1(NODE1) | ep_epoch2(NODE1) | ep_epoch3(NODE1) | locked_epoch2(NODE0) | locked_epoch4(NODE1) | NODE0 = NODE1","9","-000--0----------0--0-----------","7","33","F","35","0100010020","0100010020","e0l0","-000--0---","--","-----0--0-","----------","0","4","0","0","0","2","0","0","2","0"
"435","2","forall NODE1,NODE0. ep_epoch1(NODE0) | ep_epoch1(NODE1) | ep_epoch2(NODE0) | ep_epoch3(NODE1) | locked_epoch2(NODE1) | locked_epoch3(NODE0) | NODE0 = NODE1","9","-00---0-0--------00-------------","7","33","F","35","0100010020","0100010020","e0l0","-00---0-0-","--","-----00---","----------","0","4","0","0","0","2","0","0","2","0"
"436","2","forall NODE1,NODE0. ep_epoch1(NODE0) | ep_epoch1(NODE1) | ep_epoch2(NODE0) | ep_epoch4(NODE0) | locked_epoch2(NODE1) | locked_epoch3(NODE0) | NODE0 = NODE1","9","-00-0-0----------00-------------","7","33","F","35","0100010020","0100010020","e0l0","-00-0-0---","--","-----00---","----------","0","4","0","0","0","2","0","0","2","0"
"437","3","forall NODE1,NODE0. ep_epoch1(NODE0) | ep_epoch1(NODE1) | ep_epoch2(NODE0) | held(NODE0) | locked_epoch2(NODE1) | locked_epoch3(NODE0) | NODE0 = NODE1","9","-00---0---0------00-------------","7","34","F","14","0101010020","0101010020","e0h0l0","-00---0---","0-","-----00---","----------","0","3","0","1","0","2","0","0","2","0"
"438","2","forall NODE1,NODE0. ep_epoch1(NODE0) | ep_epoch1(NODE1) | ep_epoch2(NODE0) | locked_epoch2(NODE1) | locked_epoch3(NODE0) | locked_epoch3(NODE1) | NODE0 = NODE1","9","-00---0----------000------------","7","33","F","35","0100010020","0100010020","e0l0","-00---0---","--","-----000--","----------","0","3","0","0","0","3","0","0","2","0"
"439","2","forall NODE1,NODE0. ep_epoch1(NODE0) | ep_epoch1(NODE1) | ep_epoch2(NODE0) | locked_epoch2(NODE1) | locked_epoch3(NODE0) | locked_epoch4(NODE0) | NODE0 = NODE1","9","-00---0----------00-0-----------","7","33","F","35","0100010020","0100010020","e0l0","-00---0---","--","-----00-0-","----------","0","3","0","0","0","3","0","0","2","0"
"440","4","forall NODE1,NODE0. ep_epoch1(NODE0) | held(NODE1) | locked_epoch2(NODE0) | locked_epoch2(NODE1) | transfer_epoch2(NODE0) | transfer_epoch2(NODE1) | NODE0 = NODE1","9","-0---------0----00--------00----","7","38","F","145","0101010120","0101010120","e0h0l0t0","-0--------","-0","----00----","----00----","0","1","0","1","0","2","0","2","2","0"
"441","3","exists NODE0. held(NODE0) | locked_epoch2(NODE0) | transfer_epoch2(NODE0)","4","----------00----00--------00----","3","10","E","2","h0l0t0","0001010101","h0l0t0","----------","00","----00----","----00----","0","0","0","2","0","2","0","2","0","1"
"442","4","forall NODE1,NODE0. ~ep_epoch0(NODE0) | ~locked_epoch2(NODE1) | held(NODE1) | transfer_epoch3(NODE0) | transfer_epoch3(NODE1) | transfer_epoch4(NODE0) | transfer_epoch4(NODE1) | NODE0 = NODE1","10","1----------0-----1----------0000","8","60","F","5","1001100120","1001100120","e1h0l1t0","1---------","-0","-----1----","------0000","1","0","0","1","1","0","0","4","2","0"
"443","4","forall NODE1,NODE0. ~ep_epoch0(NODE0) | ep_epoch1(NODE1) | held(NODE1) | transfer_epoch3(NODE0) | transfer_epoch3(NODE1) | transfer_epoch4(NODE0) | transfer_epoch4(NODE1) | NODE0 = NODE1","10","1-----0----0----------------0000","8","35","F","17","1101000120","1101000120","e1e0h0t0","1-----0---","-0","----------","------0000","1","1","0","1","0","0","0","4","2","0"
"444","4","forall NODE1,NODE0. ~ep_epoch0(NODE0) | ep_epoch2(NODE1) | held(NODE1) | transfer_epoch2(NODE0) | transfer_epoch2(NODE1) | transfer_epoch4(NODE0) | transfer_epoch4(NODE1) | NODE0 = NODE1","10","1------0---0--------------00--00","8","35","F","17","1101000120","1101000120","e1e0h0t0","1------0--","-0","----------","----00--00","1","1","0","1","0","0","0","4","2","0"
"445","4","forall NODE1,NODE0. ~ep_epoch0(NODE0) | ep_epoch3(NODE1) | held(NODE1) | transfer_epoch2(NODE0) | transfer_epoch2(NODE1) | transfer_epoch3(NODE0) | transfer_epoch3(NODE1) | NODE0 = NODE1","10","1-------0--0--------------0000--","8","35","F","17","1101000120","1101000120","e1e0h0t0","1-------0-","-0","----------","----0000--","1","1","0","1","0","0","0","4","2","0"
"446","4","forall NODE1,NODE0. ~ep_epoch0(NODE0) | held(NODE1) | locked_epoch3(NODE1) | transfer_epoch2(NODE0) | transfer_epoch2(NODE1) | transfer_epoch3(NODE0) | transfer_epoch3(NODE1) | NODE0 = NODE1","10","1----------0-------0------0000--","8","36","F","6","1001010120","1001010120","e1h0l0t0","1---------","-0","-------0--","----0000--","1","0","0","1","0","1","0","4","2","0"
"447","4","forall NODE1,NODE0. ~ep_epoch1(NODE0) | ~locked_epoch2(NODE1) | held(NODE1) | transfer_epoch3(NODE0) | transfer_epoch3(NODE1) | transfer_epoch4(NODE0) | transfer_epoch4(NODE1) | NODE0 = NODE1","10","-1---------0-----1----------0000","8","60","F","5","1001100120","1001100120","e1h0l1t0","-1--------","-0","-----1----","------0000","1","0","0","1","1","0","0","4","2","0"
"448","4","forall NODE1,NODE0. ~ep_epoch1(NODE0) | ep_epoch0(NODE1) | held(NODE1) | transfer_epoch3(NODE0) | transfer_epoch3(NODE1) | transfer_epoch4(NODE0) | transfer_epoch4(NODE1) | NODE0 = NODE1","10","-1---0-----0----------------0000","8","35","F","17","1101000120","1101000120","e1e0h0t0","-1---0----","-0","----------","------0000","1","1","0","1","0","0","0","4","2","0"
"449","4","forall NODE1,NODE0. ~ep_epoch1(NODE0) | ep_epoch2(NODE1) | ep_epoch3(NODE1) | ep_epoch4(NODE1) | held(NODE0) | transfer_epoch2(NODE0) | transfer_epoch2(NODE1) | NODE0 = NODE1","10","-1-----0000---------------00----","8","35","F","17","1101000120","1101000120","e1e0h0t0","-1-----000","0-","----------","----00----","1","3","0","1","0","0","0","2","2","0"
"450","4","forall NODE1,NODE0. ~ep_epoch1(NODE0) | ep_epoch2(NODE1) | ep_epoch3(NODE1) | held(NODE0) | held(NODE1) | transfer_epoch2(NODE0) | transfer_epoch2(NODE1) | NODE0 = NODE1","10","-1-----00-00--------------00----","8","35","F","17","1101000120","1101000120","e1e0h0t0","-1-----00-","00","----------","----00----","1","2","0","2","0","0","0","2","2","0"
"451","5","forall NODE1,NODE0. ~ep_epoch1(NODE0) | ep_epoch2(NODE1) | ep_epoch3(NODE1) | held(NODE0) | locked_epoch4(NODE1) | transfer_epoch2(NODE0) | transfer_epoch2(NODE1) | NODE0 = NODE1","10","-1-----00-0----------0----00----","8","64","F","6","1101010120","1101010120","e1e0h0l0t0","-1-----00-","0-","---------0","----00----","1","2","0","1","0","1","0","2","2","0"
"452","3","forall NODE1,NODE0. ~ep_epoch2(NODE0) | held(NODE0) | held(NODE1) | transfer_epoch3(NODE0) | transfer_epoch3(NODE1) | transfer_epoch4(NODE0) | transfer_epoch4(NODE1) | NODE0 = NODE1","10","--1-------00----------------0000","8","31","F","9","1001000120","1001000120","e1h0t0","--1-------","00","----------","------0000","1","0","0","2","0","0","0","4","2","0"
"453","4","forall NODE1,NODE0. ~locked_epoch2(NODE0) | ep_epoch0(NODE1) | ep_epoch1(NODE1) | ep_epoch4(NODE0) | held(NODE1) | transfer_epoch4(NODE0) | transfer_epoch4(NODE1) | NODE0 = NODE1","10","----000----0----1-------------00","8","61","F","8","0101100120","0101100120","e0h0l1t0","----000---","-0","----1-----","--------00","0","3","0","1","1","0","0","2","2","0"
"454","4","forall NODE1,NODE0. ~locked_epoch2(NODE0) | ep_epoch0(NODE1) | ep_epoch1(NODE1) | held(NODE0) | held(NODE1) | transfer_epoch4(NODE0) | transfer_epoch4(NODE1) | NODE0 = NODE1","10","-----00---00----1-------------00","8","61","F","8","0101100120","0101100120","e0h0l1t0","-----00---","00","----1-----","--------00","0","2","0","2","1","0","0","2","2","0"
"455","5","forall NODE1,NODE0. ~locked_epoch2(NODE0) | ep_epoch0(NODE1) | ep_epoch1(NODE1) | held(NODE1) | locked_epoch4(NODE0) | transfer_epoch4(NODE0) | transfer_epoch4(NODE1) | NODE0 = NODE1","10","-----00----0----1---0---------00","8","81","F","9","0101110120","0101110120","e0h0l1l0t0","-----00---","-0","----1---0-","--------00","0","2","0","1","1","1","0","2","2","0"
"456","4","forall NODE1,NODE0. ~locked_epoch2(NODE0) | ep_epoch3(NODE0) | ep_epoch3(NODE1) | ep_epoch4(NODE1) | held(NODE0) | transfer_epoch3(NODE0) | transfer_epoch3(NODE1) | NODE0 = NODE1","10","---0----000-----1-----------00--","8","61","F","8","0101100120","0101100120","e0h0l1t0","---0----00","0-","----1-----","------00--","0","3","0","1","1","0","0","2","2","0"
"457","4","forall NODE1,NODE0. ~locked_epoch2(NODE0) | ep_epoch3(NODE0) | ep_epoch3(NODE1) | held(NODE0) | held(NODE1) | transfer_epoch3(NODE0) | transfer_epoch3(NODE1) | NODE0 = NODE1","10","---0----0-00----1-----------00--","8","61","F","8","0101100120","0101100120","e0h0l1t0","---0----0-","00","----1-----","------00--","0","2","0","2","1","0","0","2","2","0"
"458","5","forall NODE1,NODE0. ~locked_epoch2(NODE0) | ep_epoch3(NODE0) | ep_epoch3(NODE1) | held(NODE0) | locked_epoch4(NODE1) | transfer_epoch3(NODE0) | transfer_epoch3(NODE1) | NODE0 = NODE1","10","---0----0-0-----1----0------00--","8","81","F","9","0101110120","0101110120","e0h0l1l0t0","---0----0-","0-","----1----0","------00--","0","2","0","1","1","1","0","2","2","0"
"459","5","forall NODE1,NODE0. ~locked_epoch2(NODE0) | ep_epoch3(NODE1) | ep_epoch4(NODE1) | held(NODE0) | locked_epoch3(NODE0) | transfer_epoch3(NODE0) | transfer_epoch3(NODE1) | NODE0 = NODE1","10","--------000-----1-0---------00--","8","81","F","9","0101110120","0101110120","e0h0l1l0t0","--------00","0-","----1-0---","------00--","0","2","0","1","1","1","0","2","2","0"
"460","5","forall NODE1,NODE0. ~locked_epoch2(NODE0) | ep_epoch3(NODE1) | held(NODE0) | held(NODE1) | locked_epoch3(NODE0) | transfer_epoch3(NODE0) | transfer_epoch3(NODE1) | NODE0 = NODE1","10","--------0-00----1-0---------00--","8","81","F","9","0101110120","0101110120","e0h0l1l0t0","--------0-","00","----1-0---","------00--","0","1","0","2","1","1","0","2","2","0"
"461","5","forall NODE1,NODE0. ~locked_epoch2(NODE0) | ep_epoch3(NODE1) | held(NODE0) | locked_epoch3(NODE0) | locked_epoch4(NODE1) | transfer_epoch3(NODE0) | transfer_epoch3(NODE1) | NODE0 = NODE1","10","--------0-0-----1-0--0------00--","8","81","F","9","0101110120","0101110120","e0h0l1l0t0","--------0-","0-","----1-0--0","------00--","0","1","0","1","1","2","0","2","2","0"
"462","3","forall NODE1,NODE0. ~locked_epoch2(NODE0) | held(NODE0) | held(NODE1) | transfer_epoch3(NODE0) | transfer_epoch3(NODE1) | transfer_epoch4(NODE0) | transfer_epoch4(NODE1) | NODE0 = NODE1","10","----------00----1-----------0000","8","62","F","2","0001100120","0001100120","h0l1t0","----------","00","----1-----","------0000","0","0","0","2","1","0","0","4","2","0"
"463","2","forall NODE1,NODE0. ~transfer_epoch4(NODE0) | ep_epoch0(NODE0) | ep_epoch0(NODE1) | ep_epoch1(NODE0) | ep_epoch1(NODE1) | ep_epoch2(NODE0) | ep_epoch2(NODE1) | NODE0 = NODE1","10","000--000----------------------1-","8","27","F","9","0100001020","0100001020","e0t1","000--000--","--","----------","--------1-","0","6","0","0","0","0","1","0","2","0"
"464","2","forall NODE1,NODE0. ep_epoch0(NODE0) | ep_epoch0(NODE1) | ep_epoch1(NODE0) | ep_epoch1(NODE1) | ep_epoch3(NODE1) | ep_epoch4(NODE1) | locked_epoch3(NODE0) | NODE0 = NODE1","10","00-0000------------0------------","8","33","F","35","0100010020","0100010020","e0l0","00-0000---","--","-------0--","----------","0","6","0","0","0","1","0","0","2","0"
"465","3","forall NODE1,NODE0. ep_epoch0(NODE0) | ep_epoch0(NODE1) | ep_epoch1(NODE0) | ep_epoch1(NODE1) | ep_epoch3(NODE1) | held(NODE1) | locked_epoch3(NODE0) | NODE0 = NODE1","10","00-0-00---0--------0------------","8","34","F","14","0101010020","0101010020","e0h0l0","00-0-00---","0-","-------0--","----------","0","5","0","1","0","1","0","0","2","0"
"466","2","forall NODE1,NODE0. ep_epoch0(NODE0) | ep_epoch0(NODE1) | ep_epoch1(NODE0) | ep_epoch1(NODE1) | ep_epoch3(NODE1) | locked_epoch3(NODE0) | locked_epoch4(NODE1) | NODE0 = NODE1","10","00-0-00------------00-----------","8","33","F","35","0100010020","0100010020","e0l0","00-0-00---","--","-------00-","----------","0","5","0","0","0","2","0","0","2","0"
"467","2","forall NODE1,NODE0. ep_epoch0(NODE0) | ep_epoch0(NODE1) | ep_epoch2(NODE0) | ep_epoch2(NODE1) | ep_epoch3(NODE1) | ep_epoch4(NODE1) | locked_epoch3(NODE0) | NODE0 = NODE1","10","0-0000-0-----------0------------","8","33","F","35","0100010020","0100010020","e0l0","0-0000-0--","--","-------0--","----------","0","6","0","0","0","1","0","0","2","0"
"468","3","forall NODE1,NODE0. ep_epoch0(NODE0) | ep_epoch0(NODE1) | ep_epoch2(NODE0) | ep_epoch2(NODE1) | ep_epoch3(NODE1) | held(NODE1) | locked_epoch3(NODE0) | NODE0 = NODE1","10","0-00-0-0--0--------0------------","8","34","F","14","0101010020","0101010020","e0h0l0","0-00-0-0--","0-","-------0--","----------","0","5","0","1","0","1","0","0","2","0"
"469","2","forall NODE1,NODE0. ep_epoch0(NODE0) | ep_epoch0(NODE1) | ep_epoch2(NODE0) | ep_epoch2(NODE1) | ep_epoch3(NODE1) | locked_epoch3(NODE0) | locked_epoch4(NODE1) | NODE0 = NODE1","10","0-00-0-0-----------00-----------","8","33","F","35","0100010020","0100010020","e0l0","0-00-0-0--","--","-------00-","----------","0","5","0","0","0","2","0","0","2","0"
"470","3","forall NODE1,NODE0. ep_epoch0(NODE0) | ep_epoch1(NODE0) | ep_epoch2(NODE0) | ep_epoch4(NODE1) | held(NODE0) | transfer_epoch4(NODE0) | transfer_epoch4(NODE1) | NODE0 = NODE1","10","000------00-------------------00","8","37","F","21","0101000120","0101000120","e0h0t0","000------0","0-","----------","--------00","0","4","0","1","0","0","0","2","2","0"
"471","3","forall NODE1,NODE0. ep_epoch0(NODE0) | ep_epoch1(NODE0) | ep_epoch2(NODE0) | held(NODE0) | held(NODE1) | transfer_epoch4(NODE0) | transfer_epoch4(NODE1) | NODE0 = NODE1","10","000-------00------------------00","8","37","F","21","0101000120","0101000120","e0h0t0","000-------","00","----------","--------00","0","3","0","2","0","0","0","2","2","0"
"472","4","forall NODE1,NODE0. ep_epoch0(NODE0) | ep_epoch1(NODE0) | ep_epoch2(NODE0) | held(NODE0) | locked_epoch4(NODE1) | transfer_epoch4(NODE0) | transfer_epoch4(NODE1) | NODE0 = NODE1","10","000-------0----------0--------00","8","38","F","145","0101010120","0101010120","e0h0l0t0","000-------","0-","---------0","--------00","0","3","0","1","0","1","0","2","2","0"
"473","4","forall NODE1,NODE0. ep_epoch0(NODE0) | ep_epoch1(NODE0) | ep_epoch3(NODE0) | held(NODE0) | locked_epoch3(NODE1) | transfer_epoch3(NODE0) | transfer_epoch3(NODE1) | NODE0 = NODE1","10","00-0------0--------0--------00--","8","38","F","145","0101010120","0101010120","e0h0l0t0","00-0------","0-","-------0--","------00--","0","3","0","1","0","1","0","2","2","0"
"474","4","forall NODE1,NODE0. ep_epoch0(NODE0) | ep_epoch1(NODE0) | ep_epoch4(NODE1) | held(NODE0) | locked_epoch2(NODE0) | transfer_epoch4(NODE0) | transfer_epoch4(NODE1) | NODE0 = NODE1","10","00-------00-----0-------------00","8","38","F","145","0101010120","0101010120","e0h0l0t0","00-------0","0-","----0-----","--------00","0","3","0","1","0","1","0","2","2","0"
"475","4","forall NODE1,NODE0. ep_epoch0(NODE0) | ep_epoch1(NODE0) | held(NODE0) | held(NODE1) | locked_epoch2(NODE0) | transfer_epoch4(NODE0) | transfer_epoch4(NODE1) | NODE0 = NODE1","10","00--------00----0-------------00","8","38","F","145","0101010120","0101010120","e0h0l0t0","00--------","00","----0-----","--------00","0","2","0","2","0","1","0","2","2","0"
"476","4","forall NODE1,NODE0. ep_epoch0(NODE0) | ep_epoch1(NODE0) | held(NODE0) | locked_epoch2(NODE0) | locked_epoch4(NODE1) | transfer_epoch4(NODE0) | transfer_epoch4(NODE1) | NODE0 = NODE1","10","00--------0-----0----0--------00","8","38","F","145","0101010120","0101010120","e0h0l0t0","00--------","0-","----0----0","--------00","0","2","0","1","0","2","0","2","2","0"
"477","4","forall NODE1,NODE0. ep_epoch0(NODE0) | ep_epoch1(NODE0) | held(NODE0) | locked_epoch3(NODE0) | locked_epoch3(NODE1) | transfer_epoch3(NODE0) | transfer_epoch3(NODE1) | NODE0 = NODE1","10","00--------0-------00--------00--","8","38","F","145","0101010120","0101010120","e0h0l0t0","00--------","0-","------00--","------00--","0","2","0","1","0","2","0","2","2","0"
"478","4","forall NODE1,NODE0. ep_epoch0(NODE0) | ep_epoch2(NODE0) | ep_epoch3(NODE0) | held(NODE0) | locked_epoch2(NODE1) | transfer_epoch2(NODE0) | transfer_epoch2(NODE1) | NODE0 = NODE1","10","0-00------0------0--------00----","8","38","F","145","0101010120","0101010120","e0h0l0t0","0-00------","0-","-----0----","----00----","0","3","0","1","0","1","0","2","2","0"
"479","4","forall NODE1,NODE0. ep_epoch0(NODE0) | ep_epoch2(NODE0) | held(NODE0) | locked_epoch2(NODE1) | locked_epoch3(NODE0) | transfer_epoch2(NODE0) | transfer_epoch2(NODE1) | NODE0 = NODE1","10","0-0-------0------00-------00----","8","38","F","145","0101010120","0101010120","e0h0l0t0","0-0-------","0-","-----00---","----00----","0","2","0","1","0","2","0","2","2","0"
"480","2","forall NODE1,NODE0. ep_epoch1(NODE0) | ep_epoch1(NODE1) | ep_epoch2(NODE0) | ep_epoch2(NODE1) | ep_epoch3(NODE1) | ep_epoch4(NODE1) | locked_epoch3(NODE0) | NODE0 = NODE1","10","-0000-00-----------0------------","8","33","F","35","0100010020","0100010020","e0l0","-0000-00--","--","-------0--","----------","0","6","0","0","0","1","0","0","2","0"
"481","3","forall NODE1,NODE0. ep_epoch1(NODE0) | ep_epoch1(NODE1) | ep_epoch2(NODE0) | ep_epoch2(NODE1) | ep_epoch3(NODE1) | held(NODE1) | locked_epoch3(NODE0) | NODE0 = NODE1","10","-000--00--0--------0------------","8","34","F","14","0101010020","0101010020","e0h0l0","-000--00--","0-","-------0--","----------","0","5","0","1","0","1","0","0","2","0"
"482","2","forall NODE1,NODE0. ep_epoch1(NODE0) | ep_epoch1(NODE1) | ep_epoch2(NODE0) | ep_epoch2(NODE1) | ep_epoch3(NODE1) | locked_epoch3(NODE0) | locked_epoch4(NODE1) | NODE0 = NODE1","10","-000--00-----------00-----------","8","33","F","35","0100010020","0100010020","e0l0","-000--00--","--","-------00-","----------","0","5","0","0","0","2","0","0","2","0"
"483","4","forall NODE1,NODE0. ep_epoch1(NODE0) | ep_epoch2(NODE1) | ep_epoch3(NODE1) | held(NODE1) | locked_epoch2(NODE0) | transfer_epoch2(NODE0) | transfer_epoch2(NODE1) | NODE0 = NODE1","10","-0-----00--0----0---------00----","8","38","F","145","0101010120","0101010120","e0h0l0t0","-0-----00-","-0","----0-----","----00----","0","3","0","1","0","1","0","2","2","0"
"484","4","forall NODE1,NODE0. ep_epoch1(NODE0) | ep_epoch2(NODE1) | held(NODE1) | locked_epoch2(NODE0) | locked_epoch3(NODE1) | transfer_epoch2(NODE0) | transfer_epoch2(NODE1) | NODE0 = NODE1","10","-0-----0---0----0--0------00----","8","38","F","145","0101010120","0101010120","e0h0l0t0","-0-----0--","-0","----0--0--","----00----","0","2","0","1","0","2","0","2","2","0"
"485","4","forall NODE1,NODE0. ep_epoch2(NODE0) | ep_epoch3(NODE0) | held(NODE0) | held(NODE1) | locked_epoch2(NODE1) | transfer_epoch2(NODE0) | transfer_epoch2(NODE1) | NODE0 = NODE1","10","--00------00-----0--------00----","8","38","F","145","0101010120","0101010120","e0h0l0t0","--00------","00","-----0----","----00----","0","2","0","2","0","1","0","2","2","0"
"486","4","forall NODE1,NODE0. ep_epoch2(NODE0) | held(NODE0) | held(NODE1) | locked_epoch2(NODE1) | locked_epoch3(NODE0) | transfer_epoch2(NODE0) | transfer_epoch2(NODE1) | NODE0 = NODE1","10","--0-------00-----00-------00----","8","38","F","145","0101010120","0101010120","e0h0l0t0","--0-------","00","-----00---","----00----","0","1","0","2","0","2","0","2","2","0"
"487","3","forall NODE1,NODE0. ~ep_epoch0(NODE0) | held(NODE1) | transfer_epoch2(NODE0) | transfer_epoch2(NODE1) | transfer_epoch3(NODE0) | transfer_epoch3(NODE1) | transfer_epoch4(NODE0) | transfer_epoch4(NODE1) | NODE0 = NODE1","11","1----------0--------------000000","9","31","F","9","1001000120","1001000120","e1h0t0","1---------","-0","----------","----000000","1","0","0","1","0","0","0","6","2","0"
"488","4","forall NODE1,NODE0. ~ep_epoch1(NODE0) | ep_epoch2(NODE1) | held(NODE0) | held(NODE1) | transfer_epoch2(NODE0) | transfer_epoch2(NODE1) | transfer_epoch4(NODE0) | transfer_epoch4(NODE1) | NODE0 = NODE1","11","-1-----0--00--------------00--00","9","35","F","17","1101000120","1101000120","e1e0h0t0","-1-----0--","00","----------","----00--00","1","1","0","2","0","0","0","4","2","0"
"489","4","forall NODE1,NODE0. ~ep_epoch1(NODE0) | ep_epoch3(NODE1) | held(NODE0) | held(NODE1) | transfer_epoch2(NODE0) | transfer_epoch2(NODE1) | transfer_epoch3(NODE0) | transfer_epoch3(NODE1) | NODE0 = NODE1","11","-1------0-00--------------0000--","9","35","F","17","1101000120","1101000120","e1e0h0t0","-1------0-","00","----------","----0000--","1","1","0","2","0","0","0","4","2","0"
"490","4","forall NODE1,NODE0. ~ep_epoch1(NODE0) | held(NODE0) | held(NODE1) | locked_epoch3(NODE1) | transfer_epoch2(NODE0) | transfer_epoch2(NODE1) | transfer_epoch3(NODE0) | transfer_epoch3(NODE1) | NODE0 = NODE1","11","-1--------00-------0------0000--","9","36","F","6","1001010120","1001010120","e1h0l0t0","-1--------","00","-------0--","----0000--","1","0","0","2","0","1","0","4","2","0"
"491","4","forall NODE1,NODE0. ~locked_epoch2(NODE0) | ep_epoch3(NODE1) | ep_epoch4(NODE1) | held(NODE0) | transfer_epoch3(NODE0) | transfer_epoch3(NODE1) | transfer_epoch4(NODE0) | transfer_epoch4(NODE1) | NODE0 = NODE1","11","--------000-----1-----------0000","9","61","F","8","0101100120","0101100120","e0h0l1t0","--------00","0-","----1-----","------0000","0","2","0","1","1","0","0","4","2","0"
"492","5","forall NODE1,NODE0. ~locked_epoch2(NODE0) | ep_epoch3(NODE1) | held(NODE0) | locked_epoch4(NODE1) | transfer_epoch3(NODE0) | transfer_epoch3(NODE1) | transfer_epoch4(NODE0) | transfer_epoch4(NODE1) | NODE0 = NODE1","11","--------0-0-----1----0------0000","9","81","F","9","0101110120","0101110120","e0h0l1l0t0","--------0-","0-","----1----0","------0000","0","1","0","1","1","1","0","4","2","0"
"493","5","forall NODE1,NODE0. ~locked_epoch2(NODE0) | ep_epoch4(NODE1) | held(NODE0) | locked_epoch3(NODE1) | transfer_epoch3(NODE0) | transfer_epoch3(NODE1) | transfer_epoch4(NODE0) | transfer_epoch4(NODE1) | NODE0 = NODE1","11","---------00-----1--0--------0000","9","81","F","9","0101110120","0101110120","e0h0l1l0t0","---------0","0-","----1--0--","------0000","0","1","0","1","1","1","0","4","2","0"
"494","4","forall NODE1,NODE0. ~locked_epoch2(NODE0) | held(NODE0) | locked_epoch3(NODE1) | locked_epoch4(NODE1) | transfer_epoch3(NODE0) | transfer_epoch3(NODE1) | transfer_epoch4(NODE0) | transfer_epoch4(NODE1) | NODE0 = NODE1","11","----------0-----1--0-0------0000","9","63","F","3","0001110120","0001110120","h0l1l0t0","----------","0-","----1--0-0","------0000","0","0","0","1","1","2","0","4","2","0"
"495","1","exists NODE0. ep_epoch0(NODE0) | ep_epoch1(NODE0) | ep_epoch2(NODE0) | ep_epoch3(NODE0)","5","0000-0000-----------------------","4","5","E","5","e0","0100000001","e0","0000-0000-","--","----------","----------","0","8","0","0","0","0","0","0","0","1"
"496","1","exists NODE0. ep_epoch0(NODE0) | ep_epoch1(NODE0) | ep_epoch2(NODE0) | ep_epoch4(NODE0)","5","000-0000-0----------------------","4","5","E","5","e0","0100000001","e0","000-0000-0","--","----------","----------","0","8","0","0","0","0","0","0","0","1"
"497","2","forall NODE1,NODE0. ep_epoch0(NODE0) | ep_epoch0(NODE1) | ep_epoch1(NODE0) | ep_epoch1(NODE1) | ep_epoch2(NODE0) | ep_epoch2(NODE1) | ep_epoch4(NODE1) | held(NODE0) | NODE0 = NODE1","11","000-0000---0--------------------","9","32","F","4","0101000020","0101000020","e0h0","000-0000--","-0","----------","----------","0","7","0","1","0","0","0","0","2","0"
"498","2","forall NODE1,NODE0. ep_epoch0(NODE0) | ep_epoch0(NODE1) | ep_epoch1(NODE0) | ep_epoch1(NODE1) | ep_epoch2(NODE0) | ep_epoch2(NODE1) | ep_epoch4(NODE0) | locked_epoch4(NODE1) | NODE0 = NODE1","11","000-0000-------------0----------","9","33","F","35","0100010020","0100010020","e0l0","000-0000--","--","---------0","----------","0","7","0","0","0","1","0","0","2","0"
"499","2","exists NODE0. ep_epoch0(NODE0) | ep_epoch1(NODE0) | ep_epoch2(NODE0) | held(NODE0)","5","000--000--00--------------------","4","6","E","4","e0h0","0101000001","e0h0","000--000--","00","----------","----------","0","6","0","2","0","0","0","0","0","1"
"500","3","forall NODE1,NODE0. ep_epoch0(NODE0) | ep_epoch0(NODE1) | ep_epoch1(NODE0) | ep_epoch1(NODE1) | ep_epoch2(NODE0) | ep_epoch2(NODE1) | held(NODE0) | locked_epoch4(NODE1) | NODE0 = NODE1","11","000--000--0----------0----------","9","34","F","14","0101010020","0101010020","e0h0l0","000--000--","0-","---------0","----------","0","6","0","1","0","1","0","0","2","0"
"501","2","exists NODE0. ep_epoch0(NODE0) | ep_epoch1(NODE0) | ep_epoch2(NODE0) | locked_epoch4(NODE0)","5","000--000------------00----------","4","7","E","9","e0l0","0100010001","e0l0","000--000--","--","--------00","----------","0","6","0","0","0","2","0","0","0","1"
"502","1","exists NODE0. ep_epoch0(NODE0) | ep_epoch1(NODE0) | ep_epoch3(NODE0) | ep_epoch4(NODE0)","5","00-0000-00----------------------","4","5","E","5","e0","0100000001","e0","00-0000-00","--","----------","----------","0","8","0","0","0","0","0","0","0","1"
"503","2","forall NODE1,NODE0. ep_epoch0(NODE0) | ep_epoch0(NODE1) | ep_epoch1(NODE0) | ep_epoch1(NODE1) | ep_epoch3(NODE0) | ep_epoch3(NODE1) | ep_epoch4(NODE1) | held(NODE0) | NODE0 = NODE1","11","00-0000-0--0--------------------","9","32","F","4","0101000020","0101000020","e0h0","00-0000-0-","-0","----------","----------","0","7","0","1","0","0","0","0","2","0"
"504","2","forall NODE1,NODE0. ep_epoch0(NODE0) | ep_epoch0(NODE1) | ep_epoch1(NODE0) | ep_epoch1(NODE1) | ep_epoch3(NODE0) | ep_epoch3(NODE1) | ep_epoch4(NODE1) | locked_epoch4(NODE0) | NODE0 = NODE1","11","00-0000-0------------0----------","9","33","F","35","0100010020","0100010020","e0l0","00-0000-0-","--","---------0","----------","0","7","0","0","0","1","0","0","2","0"
"505","2","exists NODE0. ep_epoch0(NODE0) | ep_epoch1(NODE0) | ep_epoch3(NODE0) | held(NODE0)","5","00-0-00-0-00--------------------","4","6","E","4","e0h0","0101000001","e0h0","00-0-00-0-","00","----------","----------","0","6","0","2","0","0","0","0","0","1"
"506","3","forall NODE1,NODE0. ep_epoch0(NODE0) | ep_epoch0(NODE1) | ep_epoch1(NODE0) | ep_epoch1(NODE1) | ep_epoch3(NODE0) | ep_epoch3(NODE1) | held(NODE0) | locked_epoch4(NODE1) | NODE0 = NODE1","11","00-0-00-0-0----------0----------","9","34","F","14","0101010020","0101010020","e0h0l0","00-0-00-0-","0-","---------0","----------","0","6","0","1","0","1","0","0","2","0"
"507","2","exists NODE0. ep_epoch0(NODE0) | ep_epoch1(NODE0) | ep_epoch3(NODE0) | locked_epoch4(NODE0)","5","00-0-00-0-----------00----------","4","7","E","9","e0l0","0100010001","e0l0","00-0-00-0-","--","--------00","----------","0","6","0","0","0","2","0","0","0","1"
"508","3","exists NODE0. ep_epoch0(NODE0) | ep_epoch1(NODE0) | held(NODE0) | transfer_epoch4(NODE0)","5","00---00---00------------------00","4","9","E","10","e0h0t0","0101000101","e0h0t0","00---00---","00","----------","--------00","0","4","0","2","0","0","0","2","0","1"
"509","1","exists NODE0. ep_epoch0(NODE0) | ep_epoch2(NODE0) | ep_epoch3(NODE0) | ep_epoch4(NODE0)","5","0-0000-000----------------------","4","5","E","5","e0","0100000001","e0","0-0000-000","--","----------","----------","0","8","0","0","0","0","0","0","0","1"
"510","2","forall NODE1,NODE0. ep_epoch0(NODE0) | ep_epoch0(NODE1) | ep_epoch2(NODE0) | ep_epoch2(NODE1) | ep_epoch3(NODE0) | ep_epoch3(NODE1) | ep_epoch4(NODE1) | held(NODE0) | NODE0 = NODE1","11","0-0000-00--0--------------------","9","32","F","4","0101000020","0101000020","e0h0","0-0000-00-","-0","----------","----------","0","7","0","1","0","0","0","0","2","0"
"511","2","forall NODE1,NODE0. ep_epoch0(NODE0) | ep_epoch0(NODE1) | ep_epoch2(NODE0) | ep_epoch2(NODE1) | ep_epoch3(NODE0) | ep_epoch3(NODE1) | ep_epoch4(NODE0) | locked_epoch4(NODE1) | NODE0 = NODE1","11","0-0000-00------------0----------","9","33","F","35","0100010020","0100010020","e0l0","0-0000-00-","--","---------0","----------","0","7","0","0","0","1","0","0","2","0"
"512","2","exists NODE0. ep_epoch0(NODE0) | ep_epoch2(NODE0) | ep_epoch3(NODE0) | held(NODE0)","5","0-00-0-00-00--------------------","4","6","E","4","e0h0","0101000001","e0h0","0-00-0-00-","00","----------","----------","0","6","0","2","0","0","0","0","0","1"
"513","3","forall NODE1,NODE0. ep_epoch0(NODE0) | ep_epoch0(NODE1) | ep_epoch2(NODE0) | ep_epoch2(NODE1) | ep_epoch3(NODE0) | ep_epoch3(NODE1) | held(NODE0) | locked_epoch4(NODE1) | NODE0 = NODE1","11","0-00-0-00-0----------0----------","9","34","F","14","0101010020","0101010020","e0h0l0","0-00-0-00-","0-","---------0","----------","0","6","0","1","0","1","0","0","2","0"
"514","2","exists NODE0. ep_epoch0(NODE0) | ep_epoch2(NODE0) | ep_epoch3(NODE0) | locked_epoch4(NODE0)","5","0-00-0-00-----------00----------","4","7","E","9","e0l0","0100010001","e0l0","0-00-0-00-","--","--------00","----------","0","6","0","0","0","2","0","0","0","1"
"515","3","exists NODE0. ep_epoch0(NODE0) | ep_epoch2(NODE0) | held(NODE0) | transfer_epoch4(NODE0)","5","0-0--0-0--00------------------00","4","9","E","10","e0h0t0","0101000101","e0h0t0","0-0--0-0--","00","----------","--------00","0","4","0","2","0","0","0","2","0","1"
"516","4","forall NODE1,NODE0. ep_epoch0(NODE0) | ep_epoch0(NODE1) | ep_epoch2(NODE1) | ep_epoch3(NODE0) | held(NODE0) | locked_epoch3(NODE1) | transfer_epoch3(NODE0) | transfer_epoch3(NODE1) | NODE0 = NODE1","11","0-0--0--0--0------0---------00--","9","38","F","145","0101010120","0101010120","e0h0l0t0","0-0--0--0-","-0","------0---","------00--","0","4","0","1","0","1","0","2","2","0"
"517","4","forall NODE1,NODE0. ep_epoch0(NODE0) | ep_epoch0(NODE1) | ep_epoch2(NODE0) | ep_epoch4(NODE1) | held(NODE0) | locked_epoch2(NODE1) | transfer_epoch4(NODE0) | transfer_epoch4(NODE1) | NODE0 = NODE1","11","0-0--0---00------0------------00","9","38","F","145","0101010120","0101010120","e0h0l0t0","0-0--0---0","0-","-----0----","--------00","0","4","0","1","0","1","0","2","2","0"
"518","4","forall NODE1,NODE0. ep_epoch0(NODE0) | ep_epoch0(NODE1) | ep_epoch2(NODE1) | held(NODE0) | held(NODE1) | locked_epoch2(NODE0) | transfer_epoch4(NODE0) | transfer_epoch4(NODE1) | NODE0 = NODE1","11","0-0--0----00-----0------------00","9","38","F","145","0101010120","0101010120","e0h0l0t0","0-0--0----","00","-----0----","--------00","0","3","0","2","0","1","0","2","2","0"
"519","4","forall NODE1,NODE0. ep_epoch0(NODE0) | ep_epoch0(NODE1) | ep_epoch2(NODE0) | held(NODE0) | locked_epoch2(NODE1) | locked_epoch4(NODE1) | transfer_epoch4(NODE0) | transfer_epoch4(NODE1) | NODE0 = NODE1","11","0-0--0----0------0---0--------00","9","38","F","145","0101010120","0101010120","e0h0l0t0","0-0--0----","0-","-----0---0","--------00","0","3","0","1","0","2","0","2","2","0"
"520","4","forall NODE1,NODE0. ep_epoch0(NODE0) | ep_epoch0(NODE1) | ep_epoch2(NODE0) | held(NODE1) | locked_epoch3(NODE0) | locked_epoch3(NODE1) | transfer_epoch3(NODE0) | transfer_epoch3(NODE1) | NODE0 = NODE1","11","0-0--0-----0------00--------00--","9","38","F","145","0101010120","0101010120","e0h0l0t0","0-0--0----","-0","------00--","------00--","0","3","0","1","0","2","0","2","2","0"
"521","3","exists NODE0. ep_epoch0(NODE0) | ep_epoch3(NODE0) | held(NODE0) | transfer_epoch3(NODE0)","5","0--0-0--0-00----------------00--","4","9","E","10","e0h0t0","0101000101","e0h0t0","0--0-0--0-","00","----------","------00--","0","4","0","2","0","0","0","2","0","1"
"522","4","forall NODE1,NODE0. ep_epoch0(NODE0) | ep_epoch0(NODE1) | ep_epoch3(NODE0) | held(NODE0) | held(NODE1) | locked_epoch3(NODE1) | transfer_epoch3(NODE0) | transfer_epoch3(NODE1) | NODE0 = NODE1","11","0--0-0----00-------0--------00--","9","38","F","145","0101010120","0101010120","e0h0l0t0","0--0-0----","00","-------0--","------00--","0","3","0","2","0","1","0","2","2","0"
"523","4","forall NODE1,NODE0. ep_epoch0(NODE0) | ep_epoch0(NODE1) | ep_epoch3(NODE0) | held(NODE0) | locked_epoch2(NODE1) | locked_epoch3(NODE1) | transfer_epoch3(NODE0) | transfer_epoch3(NODE1) | NODE0 = NODE1","11","0--0-0----0------0-0--------00--","9","38","F","145","0101010120","0101010120","e0h0l0t0","0--0-0----","0-","-----0-0--","------00--","0","3","0","1","0","2","0","2","2","0"
"524","4","exists NODE0. ep_epoch0(NODE0) | held(NODE0) | locked_epoch3(NODE0) | transfer_epoch3(NODE0)","5","0----0----00------00--------00--","4","11","E","3","e0h0l0t0","0101010101","e0h0l0t0","0----0----","00","------00--","------00--","0","2","0","2","0","2","0","2","0","1"
"525","3","exists NODE0. ep_epoch0(NODE0) | held(NODE0) | transfer_epoch3(NODE0) | transfer_epoch4(NODE0)","5","0----0----00----------------0000","4","9","E","10","e0h0t0","0101000101","e0h0t0","0----0----","00","----------","------0000","0","2","0","2","0","0","0","4","0","1"
"526","4","forall NODE1,NODE0. ep_epoch0(NODE0) | ep_epoch0(NODE1) | held(NODE1) | locked_epoch2(NODE0) | locked_epoch3(NODE0) | locked_epoch3(NODE1) | transfer_epoch3(NODE0) | transfer_epoch3(NODE1) | NODE0 = NODE1","11","0----0----0------000--------00--","9","38","F","145","0101010120","0101010120","e0h0l0t0","0----0----","0-","-----000--","------00--","0","2","0","1","0","3","0","2","2","0"
"527","3","forall NODE1,NODE0. ep_epoch0(NODE0) | ep_epoch1(NODE0) | ep_epoch3(NODE0) | ep_epoch3(NODE1) | ep_epoch4(NODE1) | held(NODE0) | transfer_epoch3(NODE0) | transfer_epoch3(NODE1) | NODE0 = NODE1","11","00-0----000-----------------00--","9","37","F","21","0101000120","0101000120","e0h0t0","00-0----00","0-","----------","------00--","0","5","0","1","0","0","0","2","2","0"
"528","3","forall NODE1,NODE0. ep_epoch0(NODE0) | ep_epoch1(NODE0) | ep_epoch3(NODE0) | ep_epoch3(NODE1) | held(NODE0) | held(NODE1) | transfer_epoch3(NODE0) | transfer_epoch3(NODE1) | NODE0 = NODE1","11","00-0----0-00----------------00--","9","37","F","21","0101000120","0101000120","e0h0t0","00-0----0-","00","----------","------00--","0","4","0","2","0","0","0","2","2","0"
"529","4","forall NODE1,NODE0. ep_epoch0(NODE0) | ep_epoch1(NODE0) | ep_epoch3(NODE0) | ep_epoch3(NODE1) | held(NODE0) | locked_epoch4(NODE1) | transfer_epoch3(NODE0) | transfer_epoch3(NODE1) | NODE0 = NODE1","11","00-0----0-0----------0------00--","9","38","F","145","0101010120","0101010120","e0h0l0t0","00-0----0-","0-","---------0","------00--","0","4","0","1","0","1","0","2","2","0"
"530","4","forall NODE1,NODE0. ep_epoch0(NODE0) | ep_epoch1(NODE0) | ep_epoch3(NODE1) | ep_epoch4(NODE1) | held(NODE0) | locked_epoch3(NODE0) | transfer_epoch3(NODE0) | transfer_epoch3(NODE1) | NODE0 = NODE1","11","00------000-------0---------00--","9","38","F","145","0101010120","0101010120","e0h0l0t0","00------00","0-","------0---","------00--","0","4","0","1","0","1","0","2","2","0"
"531","4","forall NODE1,NODE0. ep_epoch0(NODE0) | ep_epoch1(NODE0) | ep_epoch3(NODE1) | held(NODE0) | held(NODE1) | locked_epoch3(NODE0) | transfer_epoch3(NODE0) | transfer_epoch3(NODE1) | NODE0 = NODE1","11","00------0-00------0---------00--","9","38","F","145","0101010120","0101010120","e0h0l0t0","00------0-","00","------0---","------00--","0","3","0","2","0","1","0","2","2","0"
"532","4","forall NODE1,NODE0. ep_epoch0(NODE0) | ep_epoch1(NODE0) | ep_epoch3(NODE1) | held(NODE0) | locked_epoch3(NODE0) | locked_epoch4(NODE1) | transfer_epoch3(NODE0) | transfer_epoch3(NODE1) | NODE0 = NODE1","11","00------0-0-------0--0------00--","9","38","F","145","0101010120","0101010120","e0h0l0t0","00------0-","0-","------0--0","------00--","0","3","0","1","0","2","0","2","2","0"
"533","3","forall NODE1,NODE0. ep_epoch0(NODE0) | ep_epoch1(NODE0) | held(NODE0) | held(NODE1) | transfer_epoch3(NODE0) | transfer_epoch3(NODE1) | transfer_epoch4(NODE0) | transfer_epoch4(NODE1) | NODE0 = NODE1","11","00--------00----------------0000","9","37","F","21","0101000120","0101000120","e0h0t0","00--------","00","----------","------0000","0","2","0","2","0","0","0","4","2","0"
"534","4","forall NODE1,NODE0. ep_epoch0(NODE0) | ep_epoch2(NODE0) | ep_epoch2(NODE1) | ep_epoch3(NODE0) | held(NODE0) | locked_epoch3(NODE1) | transfer_epoch2(NODE0) | transfer_epoch2(NODE1) | NODE0 = NODE1","11","0-00---0--0--------0------00----","9","38","F","145","0101010120","0101010120","e0h0l0t0","0-00---0--","0-","-------0--","----00----","0","4","0","1","0","1","0","2","2","0"
"535","4","forall NODE1,NODE0. ep_epoch0(NODE0) | ep_epoch2(NODE0) | ep_epoch2(NODE1) | held(NODE0) | locked_epoch3(NODE0) | locked_epoch3(NODE1) | transfer_epoch2(NODE0) | transfer_epoch2(NODE1) | NODE0 = NODE1","11","0-0----0--0-------00------00----","9","38","F","145","0101010120","0101010120","e0h0l0t0","0-0----0--","0-","------00--","----00----","0","3","0","1","0","2","0","2","2","0"
"536","4","forall NODE1,NODE0. ep_epoch0(NODE0) | ep_epoch2(NODE1) | ep_epoch3(NODE0) | held(NODE0) | locked_epoch2(NODE0) | locked_epoch3(NODE1) | transfer_epoch2(NODE0) | transfer_epoch2(NODE1) | NODE0 = NODE1","11","0--0---0--0-----0--0------00----","9","38","F","145","0101010120","0101010120","e0h0l0t0","0--0---0--","0-","----0--0--","----00----","0","3","0","1","0","2","0","2","2","0"
"537","4","forall NODE1,NODE0. ep_epoch0(NODE0) | ep_epoch2(NODE1) | ep_epoch3(NODE1) | ep_epoch4(NODE1) | held(NODE0) | locked_epoch2(NODE0) | transfer_epoch2(NODE0) | transfer_epoch2(NODE1) | NODE0 = NODE1","11","0------0000-----0---------00----","9","38","F","145","0101010120","0101010120","e0h0l0t0","0------000","0-","----0-----","----00----","0","4","0","1","0","1","0","2","2","0"
"538","4","forall NODE1,NODE0. ep_epoch0(NODE0) | ep_epoch2(NODE1) | ep_epoch3(NODE1) | held(NODE0) | locked_epoch2(NODE0) | locked_epoch4(NODE1) | transfer_epoch2(NODE0) | transfer_epoch2(NODE1) | NODE0 = NODE1","11","0------00-0-----0----0----00----","9","38","F","145","0101010120","0101010120","e0h0l0t0","0------00-","0-","----0----0","----00----","0","3","0","1","0","2","0","2","2","0"
"539","4","forall NODE1,NODE0. ep_epoch0(NODE0) | ep_epoch2(NODE1) | ep_epoch4(NODE1) | held(NODE0) | locked_epoch2(NODE0) | locked_epoch3(NODE1) | transfer_epoch2(NODE0) | transfer_epoch2(NODE1) | NODE0 = NODE1","11","0------0-00-----0--0------00----","9","38","F","145","0101010120","0101010120","e0h0l0t0","0------0-0","0-","----0--0--","----00----","0","3","0","1","0","2","0","2","2","0"
"540","4","forall NODE1,NODE0. ep_epoch0(NODE0) | ep_epoch2(NODE1) | held(NODE0) | locked_epoch2(NODE0) | locked_epoch3(NODE0) | locked_epoch3(NODE1) | transfer_epoch2(NODE0) | transfer_epoch2(NODE1) | NODE0 = NODE1","11","0------0--0-----0-00------00----","9","38","F","145","0101010120","0101010120","e0h0l0t0","0------0--","0-","----0-00--","----00----","0","2","0","1","0","3","0","2","2","0"
"541","4","forall NODE1,NODE0. ep_epoch0(NODE0) | ep_epoch2(NODE1) | held(NODE0) | locked_epoch2(NODE0) | locked_epoch3(NODE1) | locked_epoch4(NODE1) | transfer_epoch2(NODE0) | transfer_epoch2(NODE1) | NODE0 = NODE1","11","0------0--0-----0--0-0----00----","9","38","F","145","0101010120","0101010120","e0h0l0t0","0------0--","0-","----0--0-0","----00----","0","2","0","1","0","3","0","2","2","0"
"542","1","exists NODE0. ep_epoch1(NODE0) | ep_epoch2(NODE0) | ep_epoch3(NODE0) | ep_epoch4(NODE0)","5","-0000-0000----------------------","4","5","E","5","e0","0100000001","e0","-0000-0000","--","----------","----------","0","8","0","0","0","0","0","0","0","1"
"543","2","forall NODE1,NODE0. ep_epoch1(NODE0) | ep_epoch1(NODE1) | ep_epoch2(NODE0) | ep_epoch2(NODE1) | ep_epoch3(NODE0) | ep_epoch3(NODE1) | ep_epoch4(NODE1) | held(NODE0) | NODE0 = NODE1","11","-0000-000--0--------------------","9","32","F","4","0101000020","0101000020","e0h0","-0000-000-","-0","----------","----------","0","7","0","1","0","0","0","0","2","0"
"544","2","forall NODE1,NODE0. ep_epoch1(NODE0) | ep_epoch1(NODE1) | ep_epoch2(NODE0) | ep_epoch2(NODE1) | ep_epoch3(NODE0) | ep_epoch3(NODE1) | ep_epoch4(NODE0) | locked_epoch4(NODE1) | NODE0 = NODE1","11","-0000-000------------0----------","9","33","F","35","0100010020","0100010020","e0l0","-0000-000-","--","---------0","----------","0","7","0","0","0","1","0","0","2","0"
"545","2","exists NODE0. ep_epoch1(NODE0) | ep_epoch2(NODE0) | ep_epoch3(NODE0) | held(NODE0)","5","-000--000-00--------------------","4","6","E","4","e0h0","0101000001","e0h0","-000--000-","00","----------","----------","0","6","0","2","0","0","0","0","0","1"
"546","3","forall NODE1,NODE0. ep_epoch1(NODE0) | ep_epoch1(NODE1) | ep_epoch2(NODE0) | ep_epoch2(NODE1) | ep_epoch3(NODE0) | ep_epoch3(NODE1) | held(NODE0) | locked_epoch4(NODE1) | NODE0 = NODE1","11","-000--000-0----------0----------","9","34","F","14","0101010020","0101010020","e0h0l0","-000--000-","0-","---------0","----------","0","6","0","1","0","1","0","0","2","0"
"547","2","exists NODE0. ep_epoch1(NODE0) | ep_epoch2(NODE0) | ep_epoch3(NODE0) | locked_epoch4(NODE0)","5","-000--000-----------00----------","4","7","E","9","e0l0","0100010001","e0l0","-000--000-","--","--------00","----------","0","6","0","0","0","2","0","0","0","1"
"548","3","exists NODE0. ep_epoch1(NODE0) | ep_epoch2(NODE0) | held(NODE0) | transfer_epoch4(NODE0)","5","-00---00--00------------------00","4","9","E","10","e0h0t0","0101000101","e0h0t0","-00---00--","00","----------","--------00","0","4","0","2","0","0","0","2","0","1"
"549","4","forall NODE1,NODE0. ep_epoch1(NODE0) | ep_epoch1(NODE1) | ep_epoch2(NODE1) | ep_epoch3(NODE0) | held(NODE0) | locked_epoch3(NODE1) | transfer_epoch3(NODE0) | transfer_epoch3(NODE1) | NODE0 = NODE1","11","-00---0-0--0------0---------00--","9","38","F","145","0101010120","0101010120","e0h0l0t0","-00---0-0-","-0","------0---","------00--","0","4","0","1","0","1","0","2","2","0"
"550","4","forall NODE1,NODE0. ep_epoch1(NODE0) | ep_epoch1(NODE1) | ep_epoch2(NODE0) | ep_epoch4(NODE1) | held(NODE0) | locked_epoch2(NODE1) | transfer_epoch4(NODE0) | transfer_epoch4(NODE1) | NODE0 = NODE1","11","-00---0--00------0------------00","9","38","F","145","0101010120","0101010120","e0h0l0t0","-00---0--0","0-","-----0----","--------00","0","4","0","1","0","1","0","2","2","0"
"551","4","forall NODE1,NODE0. ep_epoch1(NODE0) | ep_epoch1(NODE1) | ep_epoch2(NODE0) | held(NODE0) | held(NODE1) | locked_epoch2(NODE1) | transfer_epoch4(NODE0) | transfer_epoch4(NODE1) | NODE0 = NODE1","11","-00---0---00-----0------------00","9","38","F","145","0101010120","0101010120","e0h0l0t0","-00---0---","00","-----0----","--------00","0","3","0","2","0","1","0","2","2","0"
"552","4","forall NODE1,NODE0. ep_epoch1(NODE0) | ep_epoch1(NODE1) | ep_epoch2(NODE0) | held(NODE0) | locked_epoch2(NODE1) | locked_epoch4(NODE1) | transfer_epoch4(NODE0) | transfer_epoch4(NODE1) | NODE0 = NODE1","11","-00---0---0------0---0--------00","9","38","F","145","0101010120","0101010120","e0h0l0t0","-00---0---","0-","-----0---0","--------00","0","3","0","1","0","2","0","2","2","0"
"553","4","forall NODE1,NODE0. ep_epoch1(NODE0) | ep_epoch1(NODE1) | ep_epoch2(NODE0) | held(NODE1) | locked_epoch3(NODE0) | locked_epoch3(NODE1) | transfer_epoch3(NODE0) | transfer_epoch3(NODE1) | NODE0 = NODE1","11","-00---0----0------00--------00--","9","38","F","145","0101010120","0101010120","e0h0l0t0","-00---0---","-0","------00--","------00--","0","3","0","1","0","2","0","2","2","0"
"554","3","exists NODE0. ep_epoch1(NODE0) | ep_epoch3(NODE0) | held(NODE0) | transfer_epoch3(NODE0)","5","-0-0--0-0-00----------------00--","4","9","E","10","e0h0t0","0101000101","e0h0t0","-0-0--0-0-","00","----------","------00--","0","4","0","2","0","0","0","2","0","1"
"555","4","forall NODE1,NODE0. ep_epoch1(NODE0) | ep_epoch1(NODE1) | ep_epoch3(NODE0) | held(NODE0) | held(NODE1) | locked_epoch3(NODE1) | transfer_epoch3(NODE0) | transfer_epoch3(NODE1) | NODE0 = NODE1","11","-0-0--0---00-------0--------00--","9","38","F","145","0101010120","0101010120","e0h0l0t0","-0-0--0---","00","-------0--","------00--","0","3","0","2","0","1","0","2","2","0"
"556","4","forall NODE1,NODE0. ep_epoch1(NODE0) | ep_epoch1(NODE1) | ep_epoch3(NODE0) | held(NODE0) | locked_epoch2(NODE1) | locked_epoch3(NODE1) | transfer_epoch3(NODE0) | transfer_epoch3(NODE1) | NODE0 = NODE1","11","-0-0--0---0------0-0--------00--","9","38","F","145","0101010120","0101010120","e0h0l0t0","-0-0--0---","0-","-----0-0--","------00--","0","3","0","1","0","2","0","2","2","0"
"557","4","exists NODE0. ep_epoch1(NODE0) | held(NODE0) | locked_epoch3(NODE0) | transfer_epoch3(NODE0)","5","-0----0---00------00--------00--","4","11","E","3","e0h0l0t0","0101010101","e0h0l0t0","-0----0---","00","------00--","------00--","0","2","0","2","0","2","0","2","0","1"
"558","3","exists NODE0. ep_epoch1(NODE0) | held(NODE0) | transfer_epoch3(NODE0) | transfer_epoch4(NODE0)","5","-0----0---00----------------0000","4","9","E","10","e0h0t0","0101000101","e0h0t0","-0----0---","00","----------","------0000","0","2","0","2","0","0","0","4","0","1"
"559","4","forall NODE1,NODE0. ep_epoch1(NODE0) | ep_epoch1(NODE1) | held(NODE1) | locked_epoch2(NODE0) | locked_epoch3(NODE0) | locked_epoch3(NODE1) | transfer_epoch3(NODE0) | transfer_epoch3(NODE1) | NODE0 = NODE1","11","-0----0---0------000--------00--","9","38","F","145","0101010120","0101010120","e0h0l0t0","-0----0---","0-","-----000--","------00--","0","2","0","1","0","3","0","2","2","0"
"560","4","forall NODE1,NODE0. ep_epoch1(NODE0) | ep_epoch2(NODE0) | ep_epoch2(NODE1) | ep_epoch3(NODE1) | held(NODE1) | locked_epoch3(NODE0) | transfer_epoch2(NODE0) | transfer_epoch2(NODE1) | NODE0 = NODE1","11","-00----00--0------0-------00----","9","38","F","145","0101010120","0101010120","e0h0l0t0","-00----00-","-0","------0---","----00----","0","4","0","1","0","1","0","2","2","0"
"561","4","forall NODE1,NODE0. ep_epoch1(NODE0) | ep_epoch2(NODE0) | ep_epoch2(NODE1) | held(NODE1) | locked_epoch3(NODE0) | locked_epoch3(NODE1) | transfer_epoch2(NODE0) | transfer_epoch2(NODE1) | NODE0 = NODE1","11","-00----0---0------00------00----","9","38","F","145","0101010120","0101010120","e0h0l0t0","-00----0--","-0","------00--","----00----","0","3","0","1","0","2","0","2","2","0"
"562","4","forall NODE1,NODE0. ep_epoch1(NODE0) | ep_epoch2(NODE0) | ep_epoch3(NODE0) | ep_epoch4(NODE0) | held(NODE1) | locked_epoch2(NODE1) | transfer_epoch2(NODE0) | transfer_epoch2(NODE1) | NODE0 = NODE1","11","-0000------0-----0--------00----","9","38","F","145","0101010120","0101010120","e0h0l0t0","-0000-----","-0","-----0----","----00----","0","4","0","1","0","1","0","2","2","0"
"563","4","forall NODE1,NODE0. ep_epoch1(NODE0) | ep_epoch2(NODE0) | ep_epoch3(NODE0) | held(NODE1) | locked_epoch2(NODE1) | locked_epoch4(NODE0) | transfer_epoch2(NODE0) | transfer_epoch2(NODE1) | NODE0 = NODE1","11","-000-------0-----0--0-----00----","9","38","F","145","0101010120","0101010120","e0h0l0t0","-000------","-0","-----0--0-","----00----","0","3","0","1","0","2","0","2","2","0"
"564","4","forall NODE1,NODE0. ep_epoch1(NODE0) | ep_epoch2(NODE0) | ep_epoch3(NODE1) | held(NODE1) | locked_epoch2(NODE1) | locked_epoch3(NODE0) | transfer_epoch2(NODE0) | transfer_epoch2(NODE1) | NODE0 = NODE1","11","-00-----0--0-----00-------00----","9","38","F","145","0101010120","0101010120","e0h0l0t0","-00-----0-","-0","-----00---","----00----","0","3","0","1","0","2","0","2","2","0"
"565","4","forall NODE1,NODE0. ep_epoch1(NODE0) | ep_epoch2(NODE0) | ep_epoch4(NODE0) | held(NODE1) | locked_epoch2(NODE1) | locked_epoch3(NODE0) | transfer_epoch2(NODE0) | transfer_epoch2(NODE1) | NODE0 = NODE1","11","-00-0------0-----00-------00----","9","38","F","145","0101010120","0101010120","e0h0l0t0","-00-0-----","-0","-----00---","----00----","0","3","0","1","0","2","0","2","2","0"
"566","4","forall NODE1,NODE0. ep_epoch1(NODE0) | ep_epoch2(NODE0) | held(NODE1) | locked_epoch2(NODE1) | locked_epoch3(NODE0) | locked_epoch3(NODE1) | transfer_epoch2(NODE0) | transfer_epoch2(NODE1) | NODE0 = NODE1","11","-00--------0-----000------00----","9","38","F","145","0101010120","0101010120","e0h0l0t0","-00-------","-0","-----000--","----00----","0","2","0","1","0","3","0","2","2","0"
"567","4","forall NODE1,NODE0. ep_epoch1(NODE0) | ep_epoch2(NODE0) | held(NODE1) | locked_epoch2(NODE1) | locked_epoch3(NODE0) | locked_epoch4(NODE0) | transfer_epoch2(NODE0) | transfer_epoch2(NODE1) | NODE0 = NODE1","11","-00--------0-----00-0-----00----","9","38","F","145","0101010120","0101010120","e0h0l0t0","-00-------","-0","-----00-0-","----00----","0","2","0","1","0","3","0","2","2","0"
"568","3","exists NODE0. ep_epoch2(NODE0) | ep_epoch3(NODE0) | held(NODE0) | transfer_epoch2(NODE0)","5","--00---00-00--------------00----","4","9","E","10","e0h0t0","0101000101","e0h0t0","--00---00-","00","----------","----00----","0","4","0","2","0","0","0","2","0","1"
"569","4","forall NODE1,NODE0. ep_epoch2(NODE0) | ep_epoch2(NODE1) | ep_epoch3(NODE0) | held(NODE0) | held(NODE1) | locked_epoch3(NODE1) | transfer_epoch2(NODE0) | transfer_epoch2(NODE1) | NODE0 = NODE1","11","--00---0--00-------0------00----","9","38","F","145","0101010120","0101010120","e0h0l0t0","--00---0--","00","-------0--","----00----","0","3","0","2","0","1","0","2","2","0"
"570","4","exists NODE0. ep_epoch2(NODE0) | held(NODE0) | locked_epoch3(NODE0) | transfer_epoch2(NODE0)","5","--0----0--00------00------00----","4","11","E","3","e0h0l0t0","0101010101","e0h0l0t0","--0----0--","00","------00--","----00----","0","2","0","2","0","2","0","2","0","1"
"571","3","exists NODE0. ep_epoch2(NODE0) | held(NODE0) | transfer_epoch2(NODE0) | transfer_epoch4(NODE0)","5","--0----0--00--------------00--00","4","9","E","10","e0h0t0","0101000101","e0h0t0","--0----0--","00","----------","----00--00","0","2","0","2","0","0","0","4","0","1"
"572","4","forall NODE1,NODE0. ep_epoch2(NODE0) | held(NODE0) | held(NODE1) | locked_epoch2(NODE1) | transfer_epoch2(NODE0) | transfer_epoch2(NODE1) | transfer_epoch4(NODE0) | transfer_epoch4(NODE1) | NODE0 = NODE1","11","--0-------00-----0--------00--00","9","38","F","145","0101010120","0101010120","e0h0l0t0","--0-------","00","-----0----","----00--00","0","1","0","2","0","1","0","4","2","0"
"573","3","exists NODE0. ep_epoch3(NODE0) | held(NODE0) | transfer_epoch2(NODE0) | transfer_epoch3(NODE0)","5","---0----0-00--------------0000--","4","9","E","10","e0h0t0","0101000101","e0h0t0","---0----0-","00","----------","----0000--","0","2","0","2","0","0","0","4","0","1"
"574","4","forall NODE1,NODE0. ep_epoch3(NODE0) | held(NODE0) | held(NODE1) | locked_epoch3(NODE1) | transfer_epoch2(NODE0) | transfer_epoch2(NODE1) | transfer_epoch3(NODE0) | transfer_epoch3(NODE1) | NODE0 = NODE1","11","---0------00-------0------0000--","9","38","F","145","0101010120","0101010120","e0h0l0t0","---0------","00","-------0--","----0000--","0","1","0","2","0","1","0","4","2","0"
"575","3","exists NODE0. held(NODE0) | locked_epoch3(NODE0) | transfer_epoch2(NODE0) | transfer_epoch3(NODE0)","5","----------00------00------0000--","4","10","E","2","h0l0t0","0001010101","h0l0t0","----------","00","------00--","----0000--","0","0","0","2","0","2","0","4","0","1"
"576","2","exists NODE0. held(NODE0) | transfer_epoch2(NODE0) | transfer_epoch3(NODE0) | transfer_epoch4(NODE0)","5","----------00--------------000000","4","8","E","1","h0t0","0001000101","h0t0","----------","00","----------","----000000","0","0","0","2","0","0","0","6","0","1"
"577","3","forall NODE1,NODE0. ep_epoch0(NODE0) | ep_epoch0(NODE1) | ep_epoch1(NODE0) | ep_epoch1(NODE1) | ep_epoch3(NODE1) | ep_epoch4(NODE1) | held(NODE0) | transfer_epoch4(NODE0) | transfer_epoch4(NODE1) | NODE0 = NODE1","12","00-0000----0------------------00","10","37","F","21","0101000120","0101000120","e0h0t0","00-0000---","-0","----------","--------00","0","6","0","1","0","0","0","2","2","0"
"578","4","forall NODE1,NODE0. ep_epoch0(NODE0) | ep_epoch0(NODE1) | ep_epoch1(NODE0) | ep_epoch1(NODE1) | ep_epoch3(NODE1) | held(NODE0) | locked_epoch4(NODE1) | transfer_epoch4(NODE0) | transfer_epoch4(NODE1) | NODE0 = NODE1","12","00-0-00----0--------0---------00","10","38","F","145","0101010120","0101010120","e0h0l0t0","00-0-00---","-0","--------0-","--------00","0","5","0","1","0","1","0","2","2","0"
"579","4","forall NODE1,NODE0. ep_epoch0(NODE0) | ep_epoch0(NODE1) | ep_epoch1(NODE0) | ep_epoch1(NODE1) | ep_epoch4(NODE1) | held(NODE0) | locked_epoch3(NODE1) | transfer_epoch4(NODE0) | transfer_epoch4(NODE1) | NODE0 = NODE1","12","00--000----0------0-----------00","10","38","F","145","0101010120","0101010120","e0h0l0t0","00--000---","-0","------0---","--------00","0","5","0","1","0","1","0","2","2","0"
"580","4","forall NODE1,NODE0. ep_epoch0(NODE0) | ep_epoch0(NODE1) | ep_epoch1(NODE0) | ep_epoch1(NODE1) | held(NODE0) | locked_epoch3(NODE1) | locked_epoch4(NODE1) | transfer_epoch4(NODE0) | transfer_epoch4(NODE1) | NODE0 = NODE1","12","00---00---0--------0-0--------00","10","38","F","145","0101010120","0101010120","e0h0l0t0","00---00---","0-","-------0-0","--------00","0","4","0","1","0","2","0","2","2","0"
"581","3","forall NODE1,NODE0. ep_epoch0(NODE0) | ep_epoch0(NODE1) | ep_epoch2(NODE0) | ep_epoch2(NODE1) | ep_epoch3(NODE0) | ep_epoch4(NODE0) | held(NODE1) | transfer_epoch4(NODE0) | transfer_epoch4(NODE1) | NODE0 = NODE1","12","0-0000-0---0------------------00","10","37","F","21","0101000120","0101000120","e0h0t0","0-0000-0--","-0","----------","--------00","0","6","0","1","0","0","0","2","2","0"
"582","4","forall NODE1,NODE0. ep_epoch0(NODE0) | ep_epoch0(NODE1) | ep_epoch2(NODE0) | ep_epoch2(NODE1) | ep_epoch3(NODE0) | held(NODE1) | locked_epoch4(NODE0) | transfer_epoch4(NODE0) | transfer_epoch4(NODE1) | NODE0 = NODE1","12","0-00-0-0---0--------0---------00","10","38","F","145","0101010120","0101010120","e0h0l0t0","0-00-0-0--","-0","--------0-","--------00","0","5","0","1","0","1","0","2","2","0"
"583","4","forall NODE1,NODE0. ep_epoch0(NODE0) | ep_epoch0(NODE1) | ep_epoch2(NODE0) | ep_epoch2(NODE1) | ep_epoch4(NODE0) | held(NODE1) | locked_epoch3(NODE0) | transfer_epoch4(NODE0) | transfer_epoch4(NODE1) | NODE0 = NODE1","12","0-0-00-0---0------0-----------00","10","38","F","145","0101010120","0101010120","e0h0l0t0","0-0-00-0--","-0","------0---","--------00","0","5","0","1","0","1","0","2","2","0"
"584","4","forall NODE1,NODE0. ep_epoch0(NODE0) | ep_epoch0(NODE1) | ep_epoch2(NODE0) | ep_epoch2(NODE1) | held(NODE1) | locked_epoch3(NODE0) | locked_epoch4(NODE0) | transfer_epoch4(NODE0) | transfer_epoch4(NODE1) | NODE0 = NODE1","12","0-0--0-0--0--------0-0--------00","10","38","F","145","0101010120","0101010120","e0h0l0t0","0-0--0-0--","0-","-------0-0","--------00","0","4","0","1","0","2","0","2","2","0"
"585","3","forall NODE1,NODE0. ep_epoch0(NODE0) | ep_epoch0(NODE1) | ep_epoch2(NODE1) | ep_epoch3(NODE0) | ep_epoch3(NODE1) | ep_epoch4(NODE1) | held(NODE0) | transfer_epoch3(NODE0) | transfer_epoch3(NODE1) | NODE0 = NODE1","12","0-0000--0--0----------------00--","10","37","F","21","0101000120","0101000120","e0h0t0","0-0000--0-","-0","----------","------00--","0","6","0","1","0","0","0","2","2","0"
"586","4","forall NODE1,NODE0. ep_epoch0(NODE0) | ep_epoch0(NODE1) | ep_epoch2(NODE1) | ep_epoch3(NODE0) | ep_epoch3(NODE1) | held(NODE0) | locked_epoch4(NODE1) | transfer_epoch3(NODE0) | transfer_epoch3(NODE1) | NODE0 = NODE1","12","0-00-0--0--0--------0-------00--","10","38","F","145","0101010120","0101010120","e0h0l0t0","0-00-0--0-","-0","--------0-","------00--","0","5","0","1","0","1","0","2","2","0"
"587","4","forall NODE1,NODE0. ep_epoch0(NODE0) | ep_epoch0(NODE1) | ep_epoch2(NODE1) | ep_epoch3(NODE1) | ep_epoch4(NODE1) | held(NODE0) | locked_epoch3(NODE0) | transfer_epoch3(NODE0) | transfer_epoch3(NODE1) | NODE0 = NODE1","12","0-0000-----0-------0--------00--","10","38","F","145","0101010120","0101010120","e0h0l0t0","0-0000----","-0","-------0--","------00--","0","5","0","1","0","1","0","2","2","0"
"588","4","forall NODE1,NODE0. ep_epoch0(NODE0) | ep_epoch0(NODE1) | ep_epoch2(NODE1) | ep_epoch3(NODE1) | held(NODE0) | locked_epoch3(NODE0) | locked_epoch4(NODE1) | transfer_epoch3(NODE0) | transfer_epoch3(NODE1) | NODE0 = NODE1","12","0-00-0-----0-------00-------00--","10","38","F","145","0101010120","0101010120","e0h0l0t0","0-00-0----","-0","-------00-","------00--","0","4","0","1","0","2","0","2","2","0"
"589","4","forall NODE1,NODE0. ep_epoch0(NODE0) | ep_epoch0(NODE1) | ep_epoch3(NODE0) | ep_epoch3(NODE1) | ep_epoch4(NODE1) | held(NODE0) | locked_epoch2(NODE1) | transfer_epoch3(NODE0) | transfer_epoch3(NODE1) | NODE0 = NODE1","12","0--000--0--0----0-----------00--","10","38","F","145","0101010120","0101010120","e0h0l0t0","0--000--0-","-0","----0-----","------00--","0","5","0","1","0","1","0","2","2","0"
"590","4","forall NODE1,NODE0. ep_epoch0(NODE0) | ep_epoch0(NODE1) | ep_epoch3(NODE0) | ep_epoch3(NODE1) | held(NODE0) | locked_epoch2(NODE1) | locked_epoch4(NODE1) | transfer_epoch3(NODE0) | transfer_epoch3(NODE1) | NODE0 = NODE1","12","0--0-0--0-0------0---0------00--","10","38","F","145","0101010120","0101010120","e0h0l0t0","0--0-0--0-","0-","-----0---0","------00--","0","4","0","1","0","2","0","2","2","0"
"591","4","forall NODE1,NODE0. ep_epoch0(NODE0) | ep_epoch0(NODE1) | ep_epoch3(NODE1) | ep_epoch4(NODE1) | held(NODE0) | locked_epoch2(NODE1) | locked_epoch3(NODE0) | transfer_epoch3(NODE0) | transfer_epoch3(NODE1) | NODE0 = NODE1","12","0--000-----0----0--0--------00--","10","38","F","145","0101010120","0101010120","e0h0l0t0","0--000----","-0","----0--0--","------00--","0","4","0","1","0","2","0","2","2","0"
"592","4","forall NODE1,NODE0. ep_epoch0(NODE0) | ep_epoch0(NODE1) | ep_epoch3(NODE1) | held(NODE0) | locked_epoch2(NODE1) | locked_epoch3(NODE0) | locked_epoch4(NODE1) | transfer_epoch3(NODE0) | transfer_epoch3(NODE1) | NODE0 = NODE1","12","0--0-0-----0----0--00-------00--","10","38","F","145","0101010120","0101010120","e0h0l0t0","0--0-0----","-0","----0--00-","------00--","0","3","0","1","0","3","0","2","2","0"
"593","3","forall NODE1,NODE0. ep_epoch0(NODE0) | ep_epoch1(NODE0) | ep_epoch3(NODE1) | ep_epoch4(NODE1) | held(NODE0) | transfer_epoch3(NODE0) | transfer_epoch3(NODE1) | transfer_epoch4(NODE0) | transfer_epoch4(NODE1) | NODE0 = NODE1","12","00------000-----------------0000","10","37","F","21","0101000120","0101000120","e0h0t0","00------00","0-","----------","------0000","0","4","0","1","0","0","0","4","2","0"
"594","4","forall NODE1,NODE0. ep_epoch0(NODE0) | ep_epoch1(NODE0) | ep_epoch3(NODE1) | held(NODE0) | locked_epoch4(NODE1) | transfer_epoch3(NODE0) | transfer_epoch3(NODE1) | transfer_epoch4(NODE0) | transfer_epoch4(NODE1) | NODE0 = NODE1","12","00------0-0----------0------0000","10","38","F","145","0101010120","0101010120","e0h0l0t0","00------0-","0-","---------0","------0000","0","3","0","1","0","1","0","4","2","0"
"595","4","forall NODE1,NODE0. ep_epoch0(NODE0) | ep_epoch1(NODE0) | ep_epoch4(NODE1) | held(NODE0) | locked_epoch3(NODE1) | transfer_epoch3(NODE0) | transfer_epoch3(NODE1) | transfer_epoch4(NODE0) | transfer_epoch4(NODE1) | NODE0 = NODE1","12","00-------00--------0--------0000","10","38","F","145","0101010120","0101010120","e0h0l0t0","00-------0","0-","-------0--","------0000","0","3","0","1","0","1","0","4","2","0"
"596","4","forall NODE1,NODE0. ep_epoch0(NODE0) | ep_epoch1(NODE0) | held(NODE0) | locked_epoch3(NODE1) | locked_epoch4(NODE1) | transfer_epoch3(NODE0) | transfer_epoch3(NODE1) | transfer_epoch4(NODE0) | transfer_epoch4(NODE1) | NODE0 = NODE1","12","00--------0--------0-0------0000","10","38","F","145","0101010120","0101010120","e0h0l0t0","00--------","0-","-------0-0","------0000","0","2","0","1","0","2","0","4","2","0"
"597","3","forall NODE1,NODE0. ep_epoch0(NODE0) | ep_epoch2(NODE0) | ep_epoch2(NODE1) | ep_epoch3(NODE0) | ep_epoch3(NODE1) | ep_epoch4(NODE1) | held(NODE0) | transfer_epoch2(NODE0) | transfer_epoch2(NODE1) | NODE0 = NODE1","12","0-00---0000---------------00----","10","37","F","21","0101000120","0101000120","e0h0t0","0-00---000","0-","----------","----00----","0","6","0","1","0","0","0","2","2","0"
"598","4","forall NODE1,NODE0. ep_epoch0(NODE0) | ep_epoch2(NODE0) | ep_epoch2(NODE1) | ep_epoch3(NODE0) | ep_epoch3(NODE1) | held(NODE0) | locked_epoch4(NODE1) | transfer_epoch2(NODE0) | transfer_epoch2(NODE1) | NODE0 = NODE1","12","0-00---00-0----------0----00----","10","38","F","145","0101010120","0101010120","e0h0l0t0","0-00---00-","0-","---------0","----00----","0","5","0","1","0","1","0","2","2","0"
"599","4","forall NODE1,NODE0. ep_epoch0(NODE0) | ep_epoch2(NODE0) | ep_epoch2(NODE1) | ep_epoch3(NODE1) | ep_epoch4(NODE1) | held(NODE0) | locked_epoch3(NODE0) | transfer_epoch2(NODE0) | transfer_epoch2(NODE1) | NODE0 = NODE1","12","0-0----0000-------0-------00----","10","38","F","145","0101010120","0101010120","e0h0l0t0","0-0----000","0-","------0---","----00----","0","5","0","1","0","1","0","2","2","0"
"600","4","forall NODE1,NODE0. ep_epoch0(NODE0) | ep_epoch2(NODE0) | ep_epoch2(NODE1) | ep_epoch3(NODE1) | held(NODE0) | locked_epoch3(NODE0) | locked_epoch4(NODE1) | transfer_epoch2(NODE0) | transfer_epoch2(NODE1) | NODE0 = NODE1","12","0-0----00-0-------0--0----00----","10","38","F","145","0101010120","0101010120","e0h0l0t0","0-0----00-","0-","------0--0","----00----","0","4","0","1","0","2","0","2","2","0"
"601","4","forall NODE1,NODE0. ep_epoch0(NODE0) | ep_epoch2(NODE0) | ep_epoch4(NODE1) | held(NODE0) | locked_epoch2(NODE1) | transfer_epoch2(NODE0) | transfer_epoch2(NODE1) | transfer_epoch4(NODE0) | transfer_epoch4(NODE1) | NODE0 = NODE1","12","0-0------00------0--------00--00","10","38","F","145","0101010120","0101010120","e0h0l0t0","0-0------0","0-","-----0----","----00--00","0","3","0","1","0","1","0","4","2","0"
"602","4","forall NODE1,NODE0. ep_epoch0(NODE0) | ep_epoch2(NODE0) | held(NODE0) | locked_epoch2(NODE1) | locked_epoch4(NODE1) | transfer_epoch2(NODE0) | transfer_epoch2(NODE1) | transfer_epoch4(NODE0) | transfer_epoch4(NODE1) | NODE0 = NODE1","12","0-0-------0------0---0----00--00","10","38","F","145","0101010120","0101010120","e0h0l0t0","0-0-------","0-","-----0---0","----00--00","0","2","0","1","0","2","0","4","2","0"
"603","4","forall NODE1,NODE0. ep_epoch0(NODE0) | ep_epoch2(NODE1) | ep_epoch3(NODE0) | held(NODE0) | locked_epoch3(NODE1) | transfer_epoch2(NODE0) | transfer_epoch2(NODE1) | transfer_epoch3(NODE0) | transfer_epoch3(NODE1) | NODE0 = NODE1","12","0--0---0--0--------0------0000--","10","38","F","145","0101010120","0101010120","e0h0l0t0","0--0---0--","0-","-------0--","----0000--","0","3","0","1","0","1","0","4","2","0"
"604","4","forall NODE1,NODE0. ep_epoch0(NODE0) | ep_epoch2(NODE1) | held(NODE0) | locked_epoch3(NODE0) | locked_epoch3(NODE1) | transfer_epoch2(NODE0) | transfer_epoch2(NODE1) | transfer_epoch3(NODE0) | transfer_epoch3(NODE1) | NODE0 = NODE1","12","0------0--0-------00------0000--","10","38","F","145","0101010120","0101010120","e0h0l0t0","0------0--","0-","------00--","----0000--","0","2","0","1","0","2","0","4","2","0"
"605","4","forall NODE1,NODE0. ep_epoch0(NODE0) | ep_epoch3(NODE0) | held(NODE0) | locked_epoch2(NODE1) | locked_epoch3(NODE1) | transfer_epoch2(NODE0) | transfer_epoch2(NODE1) | transfer_epoch3(NODE0) | transfer_epoch3(NODE1) | NODE0 = NODE1","12","0--0------0------0-0------0000--","10","38","F","145","0101010120","0101010120","e0h0l0t0","0--0------","0-","-----0-0--","----0000--","0","2","0","1","0","2","0","4","2","0"
"606","4","forall NODE1,NODE0. ep_epoch0(NODE0) | held(NODE0) | locked_epoch2(NODE1) | locked_epoch3(NODE0) | locked_epoch3(NODE1) | transfer_epoch2(NODE0) | transfer_epoch2(NODE1) | transfer_epoch3(NODE0) | transfer_epoch3(NODE1) | NODE0 = NODE1","12","0---------0------000------0000--","10","38","F","145","0101010120","0101010120","e0h0l0t0","0---------","0-","-----000--","----0000--","0","1","0","1","0","3","0","4","2","0"
"607","3","forall NODE1,NODE0. ep_epoch1(NODE0) | ep_epoch1(NODE1) | ep_epoch2(NODE0) | ep_epoch2(NODE1) | ep_epoch3(NODE0) | ep_epoch4(NODE0) | held(NODE1) | transfer_epoch4(NODE0) | transfer_epoch4(NODE1) | NODE0 = NODE1","12","-0000-00---0------------------00","10","37","F","21","0101000120","0101000120","e0h0t0","-0000-00--","-0","----------","--------00","0","6","0","1","0","0","0","2","2","0"
"608","4","forall NODE1,NODE0. ep_epoch1(NODE0) | ep_epoch1(NODE1) | ep_epoch2(NODE0) | ep_epoch2(NODE1) | ep_epoch3(NODE0) | held(NODE1) | locked_epoch4(NODE0) | transfer_epoch4(NODE0) | transfer_epoch4(NODE1) | NODE0 = NODE1","12","-000--00---0--------0---------00","10","38","F","145","0101010120","0101010120","e0h0l0t0","-000--00--","-0","--------0-","--------00","0","5","0","1","0","1","0","2","2","0"
"609","4","forall NODE1,NODE0. ep_epoch1(NODE0) | ep_epoch1(NODE1) | ep_epoch2(NODE0) | ep_epoch2(NODE1) | ep_epoch4(NODE0) | held(NODE1) | locked_epoch3(NODE0) | transfer_epoch4(NODE0) | transfer_epoch4(NODE1) | NODE0 = NODE1","12","-00-0-00---0------0-----------00","10","38","F","145","0101010120","0101010120","e0h0l0t0","-00-0-00--","-0","------0---","--------00","0","5","0","1","0","1","0","2","2","0"
"610","4","forall NODE1,NODE0. ep_epoch1(NODE0) | ep_epoch1(NODE1) | ep_epoch2(NODE0) | ep_epoch2(NODE1) | held(NODE1) | locked_epoch3(NODE0) | locked_epoch4(NODE0) | transfer_epoch4(NODE0) | transfer_epoch4(NODE1) | NODE0 = NODE1","12","-00---00--0--------0-0--------00","10","38","F","145","0101010120","0101010120","e0h0l0t0","-00---00--","0-","-------0-0","--------00","0","4","0","1","0","2","0","2","2","0"
"611","3","forall NODE1,NODE0. ep_epoch1(NODE0) | ep_epoch1(NODE1) | ep_epoch2(NODE1) | ep_epoch3(NODE0) | ep_epoch3(NODE1) | ep_epoch4(NODE1) | held(NODE0) | transfer_epoch3(NODE0) | transfer_epoch3(NODE1) | NODE0 = NODE1","12","-0000-0-0--0----------------00--","10","37","F","21","0101000120","0101000120","e0h0t0","-0000-0-0-","-0","----------","------00--","0","6","0","1","0","0","0","2","2","0"
"612","4","forall NODE1,NODE0. ep_epoch1(NODE0) | ep_epoch1(NODE1) | ep_epoch2(NODE1) | ep_epoch3(NODE0) | ep_epoch3(NODE1) | held(NODE0) | locked_epoch4(NODE1) | transfer_epoch3(NODE0) | transfer_epoch3(NODE1) | NODE0 = NODE1","12","-000--0-0--0--------0-------00--","10","38","F","145","0101010120","0101010120","e0h0l0t0","-000--0-0-","-0","--------0-","------00--","0","5","0","1","0","1","0","2","2","0"
"613","4","forall NODE1,NODE0. ep_epoch1(NODE0) | ep_epoch1(NODE1) | ep_epoch2(NODE1) | ep_epoch3(NODE1) | ep_epoch4(NODE1) | held(NODE0) | locked_epoch3(NODE0) | transfer_epoch3(NODE0) | transfer_epoch3(NODE1) | NODE0 = NODE1","12","-0000-0----0-------0--------00--","10","38","F","145","0101010120","0101010120","e0h0l0t0","-0000-0---","-0","-------0--","------00--","0","5","0","1","0","1","0","2","2","0"
"614","4","forall NODE1,NODE0. ep_epoch1(NODE0) | ep_epoch1(NODE1) | ep_epoch2(NODE1) | ep_epoch3(NODE1) | held(NODE0) | locked_epoch3(NODE0) | locked_epoch4(NODE1) | transfer_epoch3(NODE0) | transfer_epoch3(NODE1) | NODE0 = NODE1","12","-000--0----0-------00-------00--","10","38","F","145","0101010120","0101010120","e0h0l0t0","-000--0---","-0","-------00-","------00--","0","4","0","1","0","2","0","2","2","0"
"615","4","forall NODE1,NODE0. ep_epoch1(NODE0) | ep_epoch1(NODE1) | ep_epoch3(NODE0) | ep_epoch3(NODE1) | ep_epoch4(NODE1) | held(NODE0) | locked_epoch2(NODE1) | transfer_epoch3(NODE0) | transfer_epoch3(NODE1) | NODE0 = NODE1","12","-0-00-0-0--0----0-----------00--","10","38","F","145","0101010120","0101010120","e0h0l0t0","-0-00-0-0-","-0","----0-----","------00--","0","5","0","1","0","1","0","2","2","0"
"616","4","forall NODE1,NODE0. ep_epoch1(NODE0) | ep_epoch1(NODE1) | ep_epoch3(NODE0) | ep_epoch3(NODE1) | held(NODE0) | locked_epoch2(NODE1) | locked_epoch4(NODE1) | transfer_epoch3(NODE0) | transfer_epoch3(NODE1) | NODE0 = NODE1","12","-0-0--0-0-0------0---0------00--","10","38","F","145","0101010120","0101010120","e0h0l0t0","-0-0--0-0-","0-","-----0---0","------00--","0","4","0","1","0","2","0","2","2","0"
"617","4","forall NODE1,NODE0. ep_epoch1(NODE0) | ep_epoch1(NODE1) | ep_epoch3(NODE1) | ep_epoch4(NODE1) | held(NODE0) | locked_epoch2(NODE1) | locked_epoch3(NODE0) | transfer_epoch3(NODE0) | transfer_epoch3(NODE1) | NODE0 = NODE1","12","-0-00-0----0----0--0--------00--","10","38","F","145","0101010120","0101010120","e0h0l0t0","-0-00-0---","-0","----0--0--","------00--","0","4","0","1","0","2","0","2","2","0"
"618","4","forall NODE1,NODE0. ep_epoch1(NODE0) | ep_epoch1(NODE1) | ep_epoch3(NODE1) | held(NODE0) | locked_epoch2(NODE1) | locked_epoch3(NODE0) | locked_epoch4(NODE1) | transfer_epoch3(NODE0) | transfer_epoch3(NODE1) | NODE0 = NODE1","12","-0-0--0----0----0--00-------00--","10","38","F","145","0101010120","0101010120","e0h0l0t0","-0-0--0---","-0","----0--00-","------00--","0","3","0","1","0","3","0","2","2","0"
"619","3","forall NODE1,NODE0. ep_epoch1(NODE0) | ep_epoch2(NODE0) | ep_epoch2(NODE1) | ep_epoch3(NODE0) | ep_epoch3(NODE1) | ep_epoch4(NODE0) | held(NODE1) | transfer_epoch2(NODE0) | transfer_epoch2(NODE1) | NODE0 = NODE1","12","-0000--00--0--------------00----","10","37","F","21","0101000120","0101000120","e0h0t0","-0000--00-","-0","----------","----00----","0","6","0","1","0","0","0","2","2","0"
"620","4","forall NODE1,NODE0. ep_epoch1(NODE0) | ep_epoch2(NODE0) | ep_epoch2(NODE1) | ep_epoch3(NODE0) | ep_epoch3(NODE1) | held(NODE1) | locked_epoch4(NODE0) | transfer_epoch2(NODE0) | transfer_epoch2(NODE1) | NODE0 = NODE1","12","-000---00--0--------0-----00----","10","38","F","145","0101010120","0101010120","e0h0l0t0","-000---00-","-0","--------0-","----00----","0","5","0","1","0","1","0","2","2","0"
"621","4","forall NODE1,NODE0. ep_epoch1(NODE0) | ep_epoch2(NODE0) | ep_epoch2(NODE1) | ep_epoch3(NODE0) | ep_epoch4(NODE0) | held(NODE1) | locked_epoch3(NODE1) | transfer_epoch2(NODE0) | transfer_epoch2(NODE1) | NODE0 = NODE1","12","-0000--0---0-------0------00----","10","38","F","145","0101010120","0101010120","e0h0l0t0","-0000--0--","-0","-------0--","----00----","0","5","0","1","0","1","0","2","2","0"
"622","4","forall NODE1,NODE0. ep_epoch1(NODE0) | ep_epoch2(NODE0) | ep_epoch2(NODE1) | ep_epoch3(NODE0) | held(NODE1) | locked_epoch3(NODE1) | locked_epoch4(NODE0) | transfer_epoch2(NODE0) | transfer_epoch2(NODE1) | NODE0 = NODE1","12","-000---0---0-------00-----00----","10","38","F","145","0101010120","0101010120","e0h0l0t0","-000---0--","-0","-------00-","----00----","0","4","0","1","0","2","0","2","2","0"
"623","4","forall NODE1,NODE0. ep_epoch1(NODE0) | ep_epoch2(NODE0) | ep_epoch3(NODE1) | held(NODE1) | locked_epoch3(NODE0) | transfer_epoch2(NODE0) | transfer_epoch2(NODE1) | transfer_epoch3(NODE0) | transfer_epoch3(NODE1) | NODE0 = NODE1","12","-00-----0--0------0-------0000--","10","38","F","145","0101010120","0101010120","e0h0l0t0","-00-----0-","-0","------0---","----0000--","0","3","0","1","0","1","0","4","2","0"
"624","4","forall NODE1,NODE0. ep_epoch1(NODE0) | ep_epoch2(NODE0) | held(NODE1) | locked_epoch3(NODE0) | locked_epoch3(NODE1) | transfer_epoch2(NODE0) | transfer_epoch2(NODE1) | transfer_epoch3(NODE0) | transfer_epoch3(NODE1) | NODE0 = NODE1","12","-00--------0------00------0000--","10","38","F","145","0101010120","0101010120","e0h0l0t0","-00-------","-0","------00--","----0000--","0","2","0","1","0","2","0","4","2","0"
"625","4","forall NODE1,NODE0. ep_epoch1(NODE0) | ep_epoch2(NODE1) | ep_epoch4(NODE0) | held(NODE1) | locked_epoch2(NODE0) | transfer_epoch2(NODE0) | transfer_epoch2(NODE1) | transfer_epoch4(NODE0) | transfer_epoch4(NODE1) | NODE0 = NODE1","12","-0--0--0---0----0---------00--00","10","38","F","145","0101010120","0101010120","e0h0l0t0","-0--0--0--","-0","----0-----","----00--00","0","3","0","1","0","1","0","4","2","0"
"626","4","forall NODE1,NODE0. ep_epoch1(NODE0) | ep_epoch2(NODE1) | held(NODE1) | locked_epoch2(NODE0) | locked_epoch4(NODE0) | transfer_epoch2(NODE0) | transfer_epoch2(NODE1) | transfer_epoch4(NODE0) | transfer_epoch4(NODE1) | NODE0 = NODE1","12","-0-----0---0----0---0-----00--00","10","38","F","145","0101010120","0101010120","e0h0l0t0","-0-----0--","-0","----0---0-","----00--00","0","2","0","1","0","2","0","4","2","0"
"627","4","forall NODE1,NODE0. ep_epoch1(NODE0) | ep_epoch3(NODE1) | held(NODE1) | locked_epoch2(NODE0) | locked_epoch3(NODE0) | transfer_epoch2(NODE0) | transfer_epoch2(NODE1) | transfer_epoch3(NODE0) | transfer_epoch3(NODE1) | NODE0 = NODE1","12","-0------0--0----0-0-------0000--","10","38","F","145","0101010120","0101010120","e0h0l0t0","-0------0-","-0","----0-0---","----0000--","0","2","0","1","0","2","0","4","2","0"
"628","4","forall NODE1,NODE0. ep_epoch1(NODE0) | held(NODE1) | locked_epoch2(NODE0) | locked_epoch3(NODE0) | locked_epoch3(NODE1) | transfer_epoch2(NODE0) | transfer_epoch2(NODE1) | transfer_epoch3(NODE0) | transfer_epoch3(NODE1) | NODE0 = NODE1","12","-0---------0----0-00------0000--","10","38","F","145","0101010120","0101010120","e0h0l0t0","-0--------","-0","----0-00--","----0000--","0","1","0","1","0","3","0","4","2","0"
"629","3","forall NODE1,NODE0. ep_epoch0(NODE0) | ep_epoch0(NODE1) | ep_epoch2(NODE0) | ep_epoch3(NODE0) | ep_epoch4(NODE0) | held(NODE1) | transfer_epoch3(NODE0) | transfer_epoch3(NODE1) | transfer_epoch4(NODE0) | transfer_epoch4(NODE1) | NODE0 = NODE1","13","0-0000-----0----------------0000","11","37","F","21","0101000120","0101000120","e0h0t0","0-0000----","-0","----------","------0000","0","5","0","1","0","0","0","4","2","0"
"630","4","forall NODE1,NODE0. ep_epoch0(NODE0) | ep_epoch0(NODE1) | ep_epoch2(NODE0) | ep_epoch3(NODE0) | held(NODE1) | locked_epoch4(NODE0) | transfer_epoch3(NODE0) | transfer_epoch3(NODE1) | transfer_epoch4(NODE0) | transfer_epoch4(NODE1) | NODE0 = NODE1","13","0-00-0-----0--------0-------0000","11","38","F","145","0101010120","0101010120","e0h0l0t0","0-00-0----","-0","--------0-","------0000","0","4","0","1","0","1","0","4","2","0"
"631","4","forall NODE1,NODE0. ep_epoch0(NODE0) | ep_epoch0(NODE1) | ep_epoch2(NODE0) | ep_epoch4(NODE0) | held(NODE1) | locked_epoch3(NODE0) | transfer_epoch3(NODE0) | transfer_epoch3(NODE1) | transfer_epoch4(NODE0) | transfer_epoch4(NODE1) | NODE0 = NODE1","13","0-0-00-----0------0---------0000","11","38","F","145","0101010120","0101010120","e0h0l0t0","0-0-00----","-0","------0---","------0000","0","4","0","1","0","1","0","4","2","0"
"632","4","forall NODE1,NODE0. ep_epoch0(NODE0) | ep_epoch0(NODE1) | ep_epoch2(NODE0) | held(NODE1) | locked_epoch3(NODE0) | locked_epoch4(NODE0) | transfer_epoch3(NODE0) | transfer_epoch3(NODE1) | transfer_epoch4(NODE0) | transfer_epoch4(NODE1) | NODE0 = NODE1","13","0-0--0-----0------0-0-------0000","11","38","F","145","0101010120","0101010120","e0h0l0t0","0-0--0----","-0","------0-0-","------0000","0","3","0","1","0","2","0","4","2","0"
"633","4","forall NODE1,NODE0. ep_epoch0(NODE0) | ep_epoch0(NODE1) | ep_epoch3(NODE0) | ep_epoch4(NODE0) | held(NODE1) | locked_epoch2(NODE0) | transfer_epoch3(NODE0) | transfer_epoch3(NODE1) | transfer_epoch4(NODE0) | transfer_epoch4(NODE1) | NODE0 = NODE1","13","0--000-----0----0-----------0000","11","38","F","145","0101010120","0101010120","e0h0l0t0","0--000----","-0","----0-----","------0000","0","4","0","1","0","1","0","4","2","0"
"634","4","forall NODE1,NODE0. ep_epoch0(NODE0) | ep_epoch0(NODE1) | ep_epoch3(NODE0) | held(NODE1) | locked_epoch2(NODE0) | locked_epoch4(NODE0) | transfer_epoch3(NODE0) | transfer_epoch3(NODE1) | transfer_epoch4(NODE0) | transfer_epoch4(NODE1) | NODE0 = NODE1","13","0--0-0-----0----0---0-------0000","11","38","F","145","0101010120","0101010120","e0h0l0t0","0--0-0----","-0","----0---0-","------0000","0","3","0","1","0","2","0","4","2","0"
"635","4","forall NODE1,NODE0. ep_epoch0(NODE0) | ep_epoch0(NODE1) | ep_epoch4(NODE0) | held(NODE1) | locked_epoch2(NODE0) | locked_epoch3(NODE0) | transfer_epoch3(NODE0) | transfer_epoch3(NODE1) | transfer_epoch4(NODE0) | transfer_epoch4(NODE1) | NODE0 = NODE1","13","0---00-----0----0-0---------0000","11","38","F","145","0101010120","0101010120","e0h0l0t0","0---00----","-0","----0-0---","------0000","0","3","0","1","0","2","0","4","2","0"
"636","4","forall NODE1,NODE0. ep_epoch0(NODE0) | ep_epoch0(NODE1) | held(NODE1) | locked_epoch2(NODE0) | locked_epoch3(NODE0) | locked_epoch4(NODE0) | transfer_epoch3(NODE0) | transfer_epoch3(NODE1) | transfer_epoch4(NODE0) | transfer_epoch4(NODE1) | NODE0 = NODE1","13","0----0----0------0-0-0------0000","11","38","F","145","0101010120","0101010120","e0h0l0t0","0----0----","0-","-----0-0-0","------0000","0","2","0","1","0","3","0","4","2","0"
"637","3","forall NODE1,NODE0. ep_epoch0(NODE0) | ep_epoch2(NODE0) | ep_epoch2(NODE1) | ep_epoch3(NODE1) | ep_epoch4(NODE1) | held(NODE0) | transfer_epoch2(NODE0) | transfer_epoch2(NODE1) | transfer_epoch4(NODE0) | transfer_epoch4(NODE1) | NODE0 = NODE1","13","0-0----0000---------------00--00","11","37","F","21","0101000120","0101000120","e0h0t0","0-0----000","0-","----------","----00--00","0","5","0","1","0","0","0","4","2","0"
"638","4","forall NODE1,NODE0. ep_epoch0(NODE0) | ep_epoch2(NODE0) | ep_epoch2(NODE1) | ep_epoch3(NODE1) | held(NODE0) | locked_epoch4(NODE1) | transfer_epoch2(NODE0) | transfer_epoch2(NODE1) | transfer_epoch4(NODE0) | transfer_epoch4(NODE1) | NODE0 = NODE1","13","0-0----00-0----------0----00--00","11","38","F","145","0101010120","0101010120","e0h0l0t0","0-0----00-","0-","---------0","----00--00","0","4","0","1","0","1","0","4","2","0"
"639","4","forall NODE1,NODE0. ep_epoch0(NODE0) | ep_epoch2(NODE0) | ep_epoch2(NODE1) | ep_epoch4(NODE1) | held(NODE0) | locked_epoch3(NODE1) | transfer_epoch2(NODE0) | transfer_epoch2(NODE1) | transfer_epoch4(NODE0) | transfer_epoch4(NODE1) | NODE0 = NODE1","13","0-0----0-00--------0------00--00","11","38","F","145","0101010120","0101010120","e0h0l0t0","0-0----0-0","0-","-------0--","----00--00","0","4","0","1","0","1","0","4","2","0"
"640","4","forall NODE1,NODE0. ep_epoch0(NODE0) | ep_epoch2(NODE0) | ep_epoch2(NODE1) | held(NODE0) | locked_epoch3(NODE1) | locked_epoch4(NODE1) | transfer_epoch2(NODE0) | transfer_epoch2(NODE1) | transfer_epoch4(NODE0) | transfer_epoch4(NODE1) | NODE0 = NODE1","13","0-0----0--0--------0-0----00--00","11","38","F","145","0101010120","0101010120","e0h0l0t0","0-0----0--","0-","-------0-0","----00--00","0","3","0","1","0","2","0","4","2","0"
"641","3","forall NODE1,NODE0. ep_epoch0(NODE0) | ep_epoch2(NODE1) | ep_epoch3(NODE0) | ep_epoch3(NODE1) | ep_epoch4(NODE1) | held(NODE0) | transfer_epoch2(NODE0) | transfer_epoch2(NODE1) | transfer_epoch3(NODE0) | transfer_epoch3(NODE1) | NODE0 = NODE1","13","0--0---0000---------------0000--","11","37","F","21","0101000120","0101000120","e0h0t0","0--0---000","0-","----------","----0000--","0","5","0","1","0","0","0","4","2","0"
"642","4","forall NODE1,NODE0. ep_epoch0(NODE0) | ep_epoch2(NODE1) | ep_epoch3(NODE0) | ep_epoch3(NODE1) | held(NODE0) | locked_epoch4(NODE1) | transfer_epoch2(NODE0) | transfer_epoch2(NODE1) | transfer_epoch3(NODE0) | transfer_epoch3(NODE1) | NODE0 = NODE1","13","0--0---00-0----------0----0000--","11","38","F","145","0101010120","0101010120","e0h0l0t0","0--0---00-","0-","---------0","----0000--","0","4","0","1","0","1","0","4","2","0"
"643","4","forall NODE1,NODE0. ep_epoch0(NODE0) | ep_epoch2(NODE1) | ep_epoch3(NODE1) | ep_epoch4(NODE1) | held(NODE0) | locked_epoch3(NODE0) | transfer_epoch2(NODE0) | transfer_epoch2(NODE1) | transfer_epoch3(NODE0) | transfer_epoch3(NODE1) | NODE0 = NODE1","13","0------0000-------0-------0000--","11","38","F","145","0101010120","0101010120","e0h0l0t0","0------000","0-","------0---","----0000--","0","4","0","1","0","1","0","4","2","0"
"644","4","forall NODE1,NODE0. ep_epoch0(NODE0) | ep_epoch2(NODE1) | ep_epoch3(NODE1) | held(NODE0) | locked_epoch3(NODE0) | locked_epoch4(NODE1) | transfer_epoch2(NODE0) | transfer_epoch2(NODE1) | transfer_epoch3(NODE0) | transfer_epoch3(NODE1) | NODE0 = NODE1","13","0------00-0-------0--0----0000--","11","38","F","145","0101010120","0101010120","e0h0l0t0","0------00-","0-","------0--0","----0000--","0","3","0","1","0","2","0","4","2","0"
"645","4","forall NODE1,NODE0. ep_epoch0(NODE0) | ep_epoch3(NODE0) | ep_epoch3(NODE1) | ep_epoch4(NODE1) | held(NODE0) | locked_epoch2(NODE1) | transfer_epoch2(NODE0) | transfer_epoch2(NODE1) | transfer_epoch3(NODE0) | transfer_epoch3(NODE1) | NODE0 = NODE1","13","0--0----000------0--------0000--","11","38","F","145","0101010120","0101010120","e0h0l0t0","0--0----00","0-","-----0----","----0000--","0","4","0","1","0","1","0","4","2","0"
"646","4","forall NODE1,NODE0. ep_epoch0(NODE0) | ep_epoch3(NODE0) | ep_epoch3(NODE1) | held(NODE0) | locked_epoch2(NODE1) | locked_epoch4(NODE1) | transfer_epoch2(NODE0) | transfer_epoch2(NODE1) | transfer_epoch3(NODE0) | transfer_epoch3(NODE1) | NODE0 = NODE1","13","0--0----0-0------0---0----0000--","11","38","F","145","0101010120","0101010120","e0h0l0t0","0--0----0-","0-","-----0---0","----0000--","0","3","0","1","0","2","0","4","2","0"
"647","4","forall NODE1,NODE0. ep_epoch0(NODE0) | ep_epoch3(NODE1) | ep_epoch4(NODE1) | held(NODE0) | locked_epoch2(NODE1) | locked_epoch3(NODE0) | transfer_epoch2(NODE0) | transfer_epoch2(NODE1) | transfer_epoch3(NODE0) | transfer_epoch3(NODE1) | NODE0 = NODE1","13","0-------000------00-------0000--","11","38","F","145","0101010120","0101010120","e0h0l0t0","0-------00","0-","-----00---","----0000--","0","3","0","1","0","2","0","4","2","0"
"648","4","forall NODE1,NODE0. ep_epoch0(NODE0) | ep_epoch3(NODE1) | held(NODE0) | locked_epoch2(NODE1) | locked_epoch3(NODE0) | locked_epoch4(NODE1) | transfer_epoch2(NODE0) | transfer_epoch2(NODE1) | transfer_epoch3(NODE0) | transfer_epoch3(NODE1) | NODE0 = NODE1","13","0-------0-0------00--0----0000--","11","38","F","145","0101010120","0101010120","e0h0l0t0","0-------0-","0-","-----00--0","----0000--","0","2","0","1","0","3","0","4","2","0"
"649","3","forall NODE1,NODE0. ep_epoch1(NODE0) | ep_epoch1(NODE1) | ep_epoch2(NODE0) | ep_epoch3(NODE0) | ep_epoch4(NODE0) | held(NODE1) | transfer_epoch3(NODE0) | transfer_epoch3(NODE1) | transfer_epoch4(NODE0) | transfer_epoch4(NODE1) | NODE0 = NODE1","13","-0000-0----0----------------0000","11","37","F","21","0101000120","0101000120","e0h0t0","-0000-0---","-0","----------","------0000","0","5","0","1","0","0","0","4","2","0"
"650","4","forall NODE1,NODE0. ep_epoch1(NODE0) | ep_epoch1(NODE1) | ep_epoch2(NODE0) | ep_epoch3(NODE0) | held(NODE1) | locked_epoch4(NODE0) | transfer_epoch3(NODE0) | transfer_epoch3(NODE1) | transfer_epoch4(NODE0) | transfer_epoch4(NODE1) | NODE0 = NODE1","13","-000--0----0--------0-------0000","11","38","F","145","0101010120","0101010120","e0h0l0t0","-000--0---","-0","--------0-","------0000","0","4","0","1","0","1","0","4","2","0"
"651","4","forall NODE1,NODE0. ep_epoch1(NODE0) | ep_epoch1(NODE1) | ep_epoch2(NODE0) | ep_epoch4(NODE0) | held(NODE1) | locked_epoch3(NODE0) | transfer_epoch3(NODE0) | transfer_epoch3(NODE1) | transfer_epoch4(NODE0) | transfer_epoch4(NODE1) | NODE0 = NODE1","13","-00-0-0----0------0---------0000","11","38","F","145","0101010120","0101010120","e0h0l0t0","-00-0-0---","-0","------0---","------0000","0","4","0","1","0","1","0","4","2","0"
"652","4","forall NODE1,NODE0. ep_epoch1(NODE0) | ep_epoch1(NODE1) | ep_epoch2(NODE0) | held(NODE1) | locked_epoch3(NODE0) | locked_epoch4(NODE0) | transfer_epoch3(NODE0) | transfer_epoch3(NODE1) | transfer_epoch4(NODE0) | transfer_epoch4(NODE1) | NODE0 = NODE1","13","-00---0----0------0-0-------0000","11","38","F","145","0101010120","0101010120","e0h0l0t0","-00---0---","-0","------0-0-","------0000","0","3","0","1","0","2","0","4","2","0"
"653","4","forall NODE1,NODE0. ep_epoch1(NODE0) | ep_epoch1(NODE1) | ep_epoch3(NODE0) | ep_epoch4(NODE0) | held(NODE1) | locked_epoch2(NODE0) | transfer_epoch3(NODE0) | transfer_epoch3(NODE1) | transfer_epoch4(NODE0) | transfer_epoch4(NODE1) | NODE0 = NODE1","13","-0-00-0----0----0-----------0000","11","38","F","145","0101010120","0101010120","e0h0l0t0","-0-00-0---","-0","----0-----","------0000","0","4","0","1","0","1","0","4","2","0"
"654","4","forall NODE1,NODE0. ep_epoch1(NODE0) | ep_epoch1(NODE1) | ep_epoch3(NODE0) | held(NODE1) | locked_epoch2(NODE0) | locked_epoch4(NODE0) | transfer_epoch3(NODE0) | transfer_epoch3(NODE1) | transfer_epoch4(NODE0) | transfer_epoch4(NODE1) | NODE0 = NODE1","13","-0-0--0----0----0---0-------0000","11","38","F","145","0101010120","0101010120","e0h0l0t0","-0-0--0---","-0","----0---0-","------0000","0","3","0","1","0","2","0","4","2","0"
"655","4","forall NODE1,NODE0. ep_epoch1(NODE0) | ep_epoch1(NODE1) | ep_epoch4(NODE0) | held(NODE1) | locked_epoch2(NODE0) | locked_epoch3(NODE0) | transfer_epoch3(NODE0) | transfer_epoch3(NODE1) | transfer_epoch4(NODE0) | transfer_epoch4(NODE1) | NODE0 = NODE1","13","-0--0-0----0----0-0---------0000","11","38","F","145","0101010120","0101010120","e0h0l0t0","-0--0-0---","-0","----0-0---","------0000","0","3","0","1","0","2","0","4","2","0"
"656","4","forall NODE1,NODE0. ep_epoch1(NODE0) | ep_epoch1(NODE1) | held(NODE1) | locked_epoch2(NODE0) | locked_epoch3(NODE0) | locked_epoch4(NODE0) | transfer_epoch3(NODE0) | transfer_epoch3(NODE1) | transfer_epoch4(NODE0) | transfer_epoch4(NODE1) | NODE0 = NODE1","13","-0----0---0------0-0-0------0000","11","38","F","145","0101010120","0101010120","e0h0l0t0","-0----0---","0-","-----0-0-0","------0000","0","2","0","1","0","3","0","4","2","0"
"657","3","forall NODE1,NODE0. ep_epoch1(NODE0) | ep_epoch2(NODE0) | ep_epoch2(NODE1) | ep_epoch3(NODE0) | ep_epoch4(NODE0) | held(NODE1) | transfer_epoch2(NODE0) | transfer_epoch2(NODE1) | transfer_epoch4(NODE0) | transfer_epoch4(NODE1) | NODE0 = NODE1","13","-0000--0---0--------------00--00","11","37","F","21","0101000120","0101000120","e0h0t0","-0000--0--","-0","----------","----00--00","0","5","0","1","0","0","0","4","2","0"
"658","4","forall NODE1,NODE0. ep_epoch1(NODE0) | ep_epoch2(NODE0) | ep_epoch2(NODE1) | ep_epoch3(NODE0) | held(NODE1) | locked_epoch4(NODE0) | transfer_epoch2(NODE0) | transfer_epoch2(NODE1) | transfer_epoch4(NODE0) | transfer_epoch4(NODE1) | NODE0 = NODE1","13","-000---0---0--------0-----00--00","11","38","F","145","0101010120","0101010120","e0h0l0t0","-000---0--","-0","--------0-","----00--00","0","4","0","1","0","1","0","4","2","0"
"659","4","forall NODE1,NODE0. ep_epoch1(NODE0) | ep_epoch2(NODE0) | ep_epoch2(NODE1) | ep_epoch4(NODE0) | held(NODE1) | locked_epoch3(NODE0) | transfer_epoch2(NODE0) | transfer_epoch2(NODE1) | transfer_epoch4(NODE0) | transfer_epoch4(NODE1) | NODE0 = NODE1","13","-00-0--0---0------0-------00--00","11","38","F","145","0101010120","0101010120","e0h0l0t0","-00-0--0--","-0","------0---","----00--00","0","4","0","1","0","1","0","4","2","0"
"660","4","forall NODE1,NODE0. ep_epoch1(NODE0) | ep_epoch2(NODE0) | ep_epoch2(NODE1) | held(NODE1) | locked_epoch3(NODE0) | locked_epoch4(NODE0) | transfer_epoch2(NODE0) | transfer_epoch2(NODE1) | transfer_epoch4(NODE0) | transfer_epoch4(NODE1) | NODE0 = NODE1","13","-00----0---0------0-0-----00--00","11","38","F","145","0101010120","0101010120","e0h0l0t0","-00----0--","-0","------0-0-","----00--00","0","3","0","1","0","2","0","4","2","0"
"661","3","forall NODE1,NODE0. ep_epoch1(NODE0) | ep_epoch2(NODE0) | ep_epoch3(NODE0) | ep_epoch3(NODE1) | ep_epoch4(NODE0) | held(NODE1) | transfer_epoch2(NODE0) | transfer_epoch2(NODE1) | transfer_epoch3(NODE0) | transfer_epoch3(NODE1) | NODE0 = NODE1","13","-0000---0--0--------------0000--","11","37","F","21","0101000120","0101000120","e0h0t0","-0000---0-","-0","----------","----0000--","0","5","0","1","0","0","0","4","2","0"
"662","4","forall NODE1,NODE0. ep_epoch1(NODE0) | ep_epoch2(NODE0) | ep_epoch3(NODE0) | ep_epoch3(NODE1) | held(NODE1) | locked_epoch4(NODE0) | transfer_epoch2(NODE0) | transfer_epoch2(NODE1) | transfer_epoch3(NODE0) | transfer_epoch3(NODE1) | NODE0 = NODE1","13","-000----0--0--------0-----0000--","11","38","F","145","0101010120","0101010120","e0h0l0t0","-000----0-","-0","--------0-","----0000--","0","4","0","1","0","1","0","4","2","0"
"663","4","forall NODE1,NODE0. ep_epoch1(NODE0) | ep_epoch2(NODE0) | ep_epoch3(NODE0) | ep_epoch4(NODE0) | held(NODE1) | locked_epoch3(NODE1) | transfer_epoch2(NODE0) | transfer_epoch2(NODE1) | transfer_epoch3(NODE0) | transfer_epoch3(NODE1) | NODE0 = NODE1","13","-0000------0-------0------0000--","11","38","F","145","0101010120","0101010120","e0h0l0t0","-0000-----","-0","-------0--","----0000--","0","4","0","1","0","1","0","4","2","0"
"664","4","forall NODE1,NODE0. ep_epoch1(NODE0) | ep_epoch2(NODE0) | ep_epoch3(NODE0) | held(NODE1) | locked_epoch3(NODE1) | locked_epoch4(NODE0) | transfer_epoch2(NODE0) | transfer_epoch2(NODE1) | transfer_epoch3(NODE0) | transfer_epoch3(NODE1) | NODE0 = NODE1","13","-000-------0-------00-----0000--","11","38","F","145","0101010120","0101010120","e0h0l0t0","-000------","-0","-------00-","----0000--","0","3","0","1","0","2","0","4","2","0"
"665","4","forall NODE1,NODE0. ep_epoch1(NODE0) | ep_epoch3(NODE0) | ep_epoch3(NODE1) | ep_epoch4(NODE0) | held(NODE1) | locked_epoch2(NODE0) | transfer_epoch2(NODE0) | transfer_epoch2(NODE1) | transfer_epoch3(NODE0) | transfer_epoch3(NODE1) | NODE0 = NODE1","13","-0-00---0--0----0---------0000--","11","38","F","145","0101010120","0101010120","e0h0l0t0","-0-00---0-","-0","----0-----","----0000--","0","4","0","1","0","1","0","4","2","0"
"666","4","forall NODE1,NODE0. ep_epoch1(NODE0) | ep_epoch3(NODE0) | ep_epoch3(NODE1) | held(NODE1) | locked_epoch2(NODE0) | locked_epoch4(NODE0) | transfer_epoch2(NODE0) | transfer_epoch2(NODE1) | transfer_epoch3(NODE0) | transfer_epoch3(NODE1) | NODE0 = NODE1","13","-0-0----0--0----0---0-----0000--","11","38","F","145","0101010120","0101010120","e0h0l0t0","-0-0----0-","-0","----0---0-","----0000--","0","3","0","1","0","2","0","4","2","0"
"667","4","forall NODE1,NODE0. ep_epoch1(NODE0) | ep_epoch3(NODE0) | ep_epoch4(NODE0) | held(NODE1) | locked_epoch2(NODE0) | locked_epoch3(NODE1) | transfer_epoch2(NODE0) | transfer_epoch2(NODE1) | transfer_epoch3(NODE0) | transfer_epoch3(NODE1) | NODE0 = NODE1","13","-0-00------0----0--0------0000--","11","38","F","145","0101010120","0101010120","e0h0l0t0","-0-00-----","-0","----0--0--","----0000--","0","3","0","1","0","2","0","4","2","0"
"668","4","forall NODE1,NODE0. ep_epoch1(NODE0) | ep_epoch3(NODE0) | held(NODE1) | locked_epoch2(NODE0) | locked_epoch3(NODE1) | locked_epoch4(NODE0) | transfer_epoch2(NODE0) | transfer_epoch2(NODE1) | transfer_epoch3(NODE0) | transfer_epoch3(NODE1) | NODE0 = NODE1","13","-0-0-------0----0--00-----0000--","11","38","F","145","0101010120","0101010120","e0h0l0t0","-0-0------","-0","----0--00-","----0000--","0","2","0","1","0","3","0","4","2","0"
"669","3","forall NODE1,NODE0. ep_epoch0(NODE0) | ep_epoch2(NODE1) | ep_epoch3(NODE1) | ep_epoch4(NODE1) | held(NODE0) | transfer_epoch2(NODE0) | transfer_epoch2(NODE1) | transfer_epoch3(NODE0) | transfer_epoch3(NODE1) | transfer_epoch4(NODE0) | transfer_epoch4(NODE1) | NODE0 = NODE1","14","0------0000---------------000000","12","37","F","21","0101000120","0101000120","e0h0t0","0------000","0-","----------","----000000","0","4","0","1","0","0","0","6","2","0"
"670","4","forall NODE1,NODE0. ep_epoch0(NODE0) | ep_epoch2(NODE1) | ep_epoch3(NODE1) | held(NODE0) | locked_epoch4(NODE1) | transfer_epoch2(NODE0) | transfer_epoch2(NODE1) | transfer_epoch3(NODE0) | transfer_epoch3(NODE1) | transfer_epoch4(NODE0) | transfer_epoch4(NODE1) | NODE0 = NODE1","14","0------00-0----------0----000000","12","38","F","145","0101010120","0101010120","e0h0l0t0","0------00-","0-","---------0","----000000","0","3","0","1","0","1","0","6","2","0"
"671","4","forall NODE1,NODE0. ep_epoch0(NODE0) | ep_epoch2(NODE1) | ep_epoch4(NODE1) | held(NODE0) | locked_epoch3(NODE1) | transfer_epoch2(NODE0) | transfer_epoch2(NODE1) | transfer_epoch3(NODE0) | transfer_epoch3(NODE1) | transfer_epoch4(NODE0) | transfer_epoch4(NODE1) | NODE0 = NODE1","14","0------0-00--------0------000000","12","38","F","145","0101010120","0101010120","e0h0l0t0","0------0-0","0-","-------0--","----000000","0","3","0","1","0","1","0","6","2","0"
"672","4","forall NODE1,NODE0. ep_epoch0(NODE0) | ep_epoch2(NODE1) | held(NODE0) | locked_epoch3(NODE1) | locked_epoch4(NODE1) | transfer_epoch2(NODE0) | transfer_epoch2(NODE1) | transfer_epoch3(NODE0) | transfer_epoch3(NODE1) | transfer_epoch4(NODE0) | transfer_epoch4(NODE1) | NODE0 = NODE1","14","0------0--0--------0-0----000000","12","38","F","145","0101010120","0101010120","e0h0l0t0","0------0--","0-","-------0-0","----000000","0","2","0","1","0","2","0","6","2","0"
"673","4","forall NODE1,NODE0. ep_epoch0(NODE0) | ep_epoch3(NODE1) | ep_epoch4(NODE1) | held(NODE0) | locked_epoch2(NODE1) | transfer_epoch2(NODE0) | transfer_epoch2(NODE1) | transfer_epoch3(NODE0) | transfer_epoch3(NODE1) | transfer_epoch4(NODE0) | transfer_epoch4(NODE1) | NODE0 = NODE1","14","0-------000------0--------000000","12","38","F","145","0101010120","0101010120","e0h0l0t0","0-------00","0-","-----0----","----000000","0","3","0","1","0","1","0","6","2","0"
"674","4","forall NODE1,NODE0. ep_epoch0(NODE0) | ep_epoch3(NODE1) | held(NODE0) | locked_epoch2(NODE1) | locked_epoch4(NODE1) | transfer_epoch2(NODE0) | transfer_epoch2(NODE1) | transfer_epoch3(NODE0) | transfer_epoch3(NODE1) | transfer_epoch4(NODE0) | transfer_epoch4(NODE1) | NODE0 = NODE1","14","0-------0-0------0---0----000000","12","38","F","145","0101010120","0101010120","e0h0l0t0","0-------0-","0-","-----0---0","----000000","0","2","0","1","0","2","0","6","2","0"
"675","4","forall NODE1,NODE0. ep_epoch0(NODE0) | ep_epoch4(NODE1) | held(NODE0) | locked_epoch2(NODE1) | locked_epoch3(NODE1) | transfer_epoch2(NODE0) | transfer_epoch2(NODE1) | transfer_epoch3(NODE0) | transfer_epoch3(NODE1) | transfer_epoch4(NODE0) | transfer_epoch4(NODE1) | NODE0 = NODE1","14","0--------00------0-0------000000","12","38","F","145","0101010120","0101010120","e0h0l0t0","0--------0","0-","-----0-0--","----000000","0","2","0","1","0","2","0","6","2","0"
"676","4","forall NODE1,NODE0. ep_epoch0(NODE0) | held(NODE0) | locked_epoch2(NODE1) | locked_epoch3(NODE1) | locked_epoch4(NODE1) | transfer_epoch2(NODE0) | transfer_epoch2(NODE1) | transfer_epoch3(NODE0) | transfer_epoch3(NODE1) | transfer_epoch4(NODE0) | transfer_epoch4(NODE1) | NODE0 = NODE1","14","0---------0------0-0-0----000000","12","38","F","145","0101010120","0101010120","e0h0l0t0","0---------","0-","-----0-0-0","----000000","0","1","0","1","0","3","0","6","2","0"
"677","3","forall NODE1,NODE0. ep_epoch1(NODE0) | ep_epoch2(NODE0) | ep_epoch3(NODE0) | ep_epoch4(NODE0) | held(NODE1) | transfer_epoch2(NODE0) | transfer_epoch2(NODE1) | transfer_epoch3(NODE0) | transfer_epoch3(NODE1) | transfer_epoch4(NODE0) | transfer_epoch4(NODE1) | NODE0 = NODE1","14","-0000------0--------------000000","12","37","F","21","0101000120","0101000120","e0h0t0","-0000-----","-0","----------","----000000","0","4","0","1","0","0","0","6","2","0"
"678","4","forall NODE1,NODE0. ep_epoch1(NODE0) | ep_epoch2(NODE0) | ep_epoch3(NODE0) | held(NODE1) | locked_epoch4(NODE0) | transfer_epoch2(NODE0) | transfer_epoch2(NODE1) | transfer_epoch3(NODE0) | transfer_epoch3(NODE1) | transfer_epoch4(NODE0) | transfer_epoch4(NODE1) | NODE0 = NODE1","14","-000-------0--------0-----000000","12","38","F","145","0101010120","0101010120","e0h0l0t0","-000------","-0","--------0-","----000000","0","3","0","1","0","1","0","6","2","0"
"679","4","forall NODE1,NODE0. ep_epoch1(NODE0) | ep_epoch2(NODE0) | ep_epoch4(NODE0) | held(NODE1) | locked_epoch3(NODE0) | transfer_epoch2(NODE0) | transfer_epoch2(NODE1) | transfer_epoch3(NODE0) | transfer_epoch3(NODE1) | transfer_epoch4(NODE0) | transfer_epoch4(NODE1) | NODE0 = NODE1","14","-00-0------0------0-------000000","12","38","F","145","0101010120","0101010120","e0h0l0t0","-00-0-----","-0","------0---","----000000","0","3","0","1","0","1","0","6","2","0"
"680","4","forall NODE1,NODE0. ep_epoch1(NODE0) | ep_epoch2(NODE0) | held(NODE1) | locked_epoch3(NODE0) | locked_epoch4(NODE0) | transfer_epoch2(NODE0) | transfer_epoch2(NODE1) | transfer_epoch3(NODE0) | transfer_epoch3(NODE1) | transfer_epoch4(NODE0) | transfer_epoch4(NODE1) | NODE0 = NODE1","14","-00--------0------0-0-----000000","12","38","F","145","0101010120","0101010120","e0h0l0t0","-00-------","-0","------0-0-","----000000","0","2","0","1","0","2","0","6","2","0"
"681","4","forall NODE1,NODE0. ep_epoch1(NODE0) | ep_epoch3(NODE0) | ep_epoch4(NODE0) | held(NODE1) | locked_epoch2(NODE0) | transfer_epoch2(NODE0) | transfer_epoch2(NODE1) | transfer_epoch3(NODE0) | transfer_epoch3(NODE1) | transfer_epoch4(NODE0) | transfer_epoch4(NODE1) | NODE0 = NODE1","14","-0-00------0----0---------000000","12","38","F","145","0101010120","0101010120","e0h0l0t0","-0-00-----","-0","----0-----","----000000","0","3","0","1","0","1","0","6","2","0"
"682","4","forall NODE1,NODE0. ep_epoch1(NODE0) | ep_epoch3(NODE0) | held(NODE1) | locked_epoch2(NODE0) | locked_epoch4(NODE0) | transfer_epoch2(NODE0) | transfer_epoch2(NODE1) | transfer_epoch3(NODE0) | transfer_epoch3(NODE1) | transfer_epoch4(NODE0) | transfer_epoch4(NODE1) | NODE0 = NODE1","14","-0-0-------0----0---0-----000000","12","38","F","145","0101010120","0101010120","e0h0l0t0","-0-0------","-0","----0---0-","----000000","0","2","0","1","0","2","0","6","2","0"
"683","4","forall NODE1,NODE0. ep_epoch1(NODE0) | ep_epoch4(NODE0) | held(NODE1) | locked_epoch2(NODE0) | locked_epoch3(NODE0) | transfer_epoch2(NODE0) | transfer_epoch2(NODE1) | transfer_epoch3(NODE0) | transfer_epoch3(NODE1) | transfer_epoch4(NODE0) | transfer_epoch4(NODE1) | NODE0 = NODE1","14","-0--0------0----0-0-------000000","12","38","F","145","0101010120","0101010120","e0h0l0t0","-0--0-----","-0","----0-0---","----000000","0","2","0","1","0","2","0","6","2","0"
"684","4","forall NODE1,NODE0. ep_epoch1(NODE0) | held(NODE1) | locked_epoch2(NODE0) | locked_epoch3(NODE0) | locked_epoch4(NODE0) | transfer_epoch2(NODE0) | transfer_epoch2(NODE1) | transfer_epoch3(NODE0) | transfer_epoch3(NODE1) | transfer_epoch4(NODE0) | transfer_epoch4(NODE1) | NODE0 = NODE1","14","-0---------0----0-0-0-----000000","12","38","F","145","0101010120","0101010120","e0h0l0t0","-0--------","-0","----0-0-0-","----000000","0","1","0","1","0","3","0","6","2","0"
