"Orbit","SQI","qcost","Bit String","# literals","Group","Group Size","Sig"
"0","forall NODE0. ~locked_epoch0(NODE0)","2","---------------1-----------------------","1","2","2","0000100010"
"1","forall NODE0. ~locked_epoch1(NODE0)","2","------------------1--------------------","1","2","2","0000100010"
"2","forall NODE0. ~transfer_epoch0(NODE0)","2","---------------------------1-----------","1","1","2","0000001010"
"3","forall NODE0. ~transfer_epoch1(NODE0)","2","------------------------------1--------","1","1","2","0000001010"
"4","forall NODE0. ~ep_epoch0(NODE0) | ~ep_epoch1(NODE0)","3","11-------------------------------------","2","7","6","2000000010"
"5","forall NODE0. ~ep_epoch0(NODE0) | ~ep_epoch2(NODE0)","3","1-1------------------------------------","2","7","6","2000000010"
"6","forall NODE0. ~ep_epoch0(NODE0) | ~ep_epoch3(NODE0)","3","1--1-----------------------------------","2","7","6","2000000010"
"7","forall NODE0. ~ep_epoch0(NODE0) | ~held(NODE0)","3","1-----------1--------------------------","2","0","182","1010000010"
"8","forall NODE0. ~ep_epoch0(NODE0) | ~locked_epoch2(NODE0)","3","1--------------------1-----------------","2","6","5","1000100010"
"9","forall NODE0. ~ep_epoch0(NODE0) | ~locked_epoch3(NODE0)","3","1-----------------------1--------------","2","6","5","1000100010"
"10","forall NODE1,NODE0. ~ep_epoch1(NODE0) | ~ep_epoch1(NODE1) | NODE0 = NODE1","5","-1---1---------------------------------","3","17","3","2000000020"
"11","forall NODE0. ~ep_epoch1(NODE0) | ~ep_epoch2(NODE0)","3","-11------------------------------------","2","7","6","2000000010"
"12","forall NODE0. ~ep_epoch1(NODE0) | ~ep_epoch3(NODE0)","3","-1-1-----------------------------------","2","7","6","2000000010"
"13","forall NODE0. ~ep_epoch1(NODE0) | ~locked_epoch2(NODE0)","3","-1-------------------1-----------------","2","6","5","1000100010"
"14","forall NODE0. ~ep_epoch1(NODE0) | ~locked_epoch3(NODE0)","3","-1----------------------1--------------","2","6","5","1000100010"
"15","forall NODE1,NODE0. ~ep_epoch2(NODE0) | ~ep_epoch2(NODE1) | NODE0 = NODE1","5","--1---1--------------------------------","3","17","3","2000000020"
"16","forall NODE0. ~ep_epoch2(NODE0) | ~ep_epoch3(NODE0)","3","--11-----------------------------------","2","7","6","2000000010"
"17","forall NODE1,NODE0. ~ep_epoch2(NODE0) | ~locked_epoch2(NODE1) | NODE0 = NODE1","5","--1-------------------1----------------","3","16","2","1000100020"
"18","forall NODE0. ~ep_epoch2(NODE0) | ~locked_epoch3(NODE0)","3","--1---------------------1--------------","2","6","5","1000100010"
"19","forall NODE1,NODE0. ~ep_epoch2(NODE0) | ~transfer_epoch2(NODE1)","4","--1------------------------------1-----","2","11","3","1000001020"
"20","forall NODE0. ~ep_epoch2(NODE0) | locked_epoch2(NODE0)","3","--1------------------0-----------------","2","5","2","1000010010"
"21","forall NODE1,NODE0. ~ep_epoch3(NODE0) | ~ep_epoch3(NODE1) | NODE0 = NODE1","5","---1---1-------------------------------","3","17","3","2000000020"
"22","forall NODE1,NODE0. ~ep_epoch3(NODE0) | ~held(NODE1) | NODE0 = NODE1","5","---1---------1-------------------------","3","0","182","1010000020"
"23","forall NODE1,NODE0. ~ep_epoch3(NODE0) | ~locked_epoch3(NODE1) | NODE0 = NODE1","5","---1---------------------1-------------","3","16","2","1000100020"
"24","forall NODE1,NODE0. ~ep_epoch3(NODE0) | ~transfer_epoch2(NODE1)","4","---1-----------------------------1-----","2","11","3","1000001020"
"25","forall NODE1,NODE0. ~ep_epoch3(NODE0) | ~transfer_epoch3(NODE1)","4","---1--------------------------------1--","2","11","3","1000001020"
"26","forall NODE0. ~ep_epoch3(NODE0) | held(NODE0)","3","---1--------0--------------------------","2","0","182","1001000010"
"27","forall NODE0. ~ep_epoch3(NODE0) | locked_epoch3(NODE0)","3","---1--------------------0--------------","2","5","2","1000010010"
"28","forall NODE1,NODE0. ~held(NODE0) | ~held(NODE1) | NODE0 = NODE1","5","------------11-------------------------","3","0","182","0020000020"
"29","forall NODE1,NODE0. ~held(NODE0) | ~locked_epoch3(NODE1) | NODE0 = NODE1","5","------------1------------1-------------","3","0","182","0010100020"
"30","forall NODE1,NODE0. ~held(NODE0) | ~transfer_epoch2(NODE1)","4","------------1--------------------1-----","2","9","2","0010001020"
"31","forall NODE1,NODE0. ~held(NODE0) | ~transfer_epoch3(NODE1)","4","------------1-----------------------1--","2","9","2","0010001020"
"32","forall NODE1,NODE0. ~locked_epoch2(NODE0) | ~locked_epoch2(NODE1) | NODE0 = NODE1","5","---------------------11----------------","3","13","2","0000200020"
"33","forall NODE1,NODE0. ~locked_epoch2(NODE0) | ~transfer_epoch2(NODE1)","4","---------------------1-----------1-----","2","8","3","0000101020"
"34","forall NODE1,NODE0. ~locked_epoch3(NODE0) | ~locked_epoch3(NODE1) | NODE0 = NODE1","5","------------------------11-------------","3","13","2","0000200020"
"35","forall NODE1,NODE0. ~locked_epoch3(NODE0) | ~transfer_epoch2(NODE1)","4","------------------------1--------1-----","2","8","3","0000101020"
"36","forall NODE1,NODE0. ~locked_epoch3(NODE0) | ~transfer_epoch3(NODE1)","4","------------------------1-----------1--","2","8","3","0000101020"
"37","forall NODE0. ~locked_epoch3(NODE0) | ep_epoch3(NODE0)","3","---0--------------------1--------------","2","0","182","0100100010"
"38","forall NODE0. ~locked_epoch3(NODE0) | held(NODE0)","3","------------0-----------1--------------","2","0","182","0001100010"
"39","forall NODE1,NODE0. ~transfer_epoch2(NODE0) | ~transfer_epoch2(NODE1) | NODE0 = NODE1","5","---------------------------------11----","3","12","3","0000002020"
"40","forall NODE1,NODE0. ~transfer_epoch2(NODE0) | ~transfer_epoch3(NODE1)","4","---------------------------------1--1--","2","12","3","0000002020"
"41","forall NODE1,NODE0. ~transfer_epoch3(NODE0) | ~transfer_epoch3(NODE1) | NODE0 = NODE1","5","------------------------------------11-","3","12","3","0000002020"
"42","exists NODE0. ~ep_epoch0(NODE0)","2","1---1---1------------------------------","1","0","182","3000000001"
"43","forall NODE1,NODE0. ~ep_epoch1(NODE0) | ~ep_epoch2(NODE1) | ~held(NODE0) | NODE0 = NODE1","6","-1----1-----1--------------------------","4","0","182","2010000020"
"44","forall NODE1,NODE0. ~ep_epoch1(NODE0) | ~held(NODE0) | ~locked_epoch2(NODE1) | NODE0 = NODE1","6","-1----------1---------1----------------","4","0","182","1010100020"
"45","forall NODE1,NODE0. ~ep_epoch1(NODE0) | ~held(NODE0) | ep_epoch0(NODE1) | NODE0 = NODE1","6","-1--0-------1--------------------------","4","23","2","1110000020"
"46","forall NODE1,NODE0,NODE2. ~ep_epoch1(NODE0) | ~transfer_epoch2(NODE1) | ep_epoch0(NODE2) | ((NODE0 = NODE2 & NODE0 ~= NODE1) | (NODE0 = NODE1 & NODE0 = NODE2))","10","-1--0----------------------------1-----","7","0","182","1100001030"
"47","forall NODE1,NODE0. ~ep_epoch2(NODE0) | ~held(NODE1) | ep_epoch3(NODE1) | NODE0 = NODE1","6","--1----0-----1-------------------------","4","23","2","1110000020"
"48","forall NODE1,NODE0. ~ep_epoch2(NODE0) | ~held(NODE1) | locked_epoch3(NODE1) | NODE0 = NODE1","6","--1----------1-----------0-------------","4","0","182","1010010020"
"49","forall NODE1,NODE0. ~ep_epoch3(NODE0) | ~locked_epoch2(NODE1) | ep_epoch2(NODE1) | NODE0 = NODE1","6","---1--0---------------1----------------","4","0","182","1100100020"
"50","forall NODE1,NODE0. ~held(NODE0) | ~locked_epoch2(NODE1) | ep_epoch2(NODE1) | NODE0 = NODE1","6","------0-----1---------1----------------","4","18","2","0110100020"
"51","forall NODE1,NODE0. ~held(NODE0) | ~locked_epoch2(NODE1) | ep_epoch3(NODE0) | NODE0 = NODE1","6","---0--------1---------1----------------","4","18","2","0110100020"
"52","forall NODE1,NODE0. ~held(NODE0) | ~locked_epoch2(NODE1) | locked_epoch3(NODE0) | NODE0 = NODE1","6","------------1---------1-0--------------","4","0","182","0010110020"
"53","forall NODE1,NODE0. ~locked_epoch2(NODE0) | ~locked_epoch3(NODE1) | ep_epoch2(NODE0) | NODE0 = NODE1","6","--0------------------1---1-------------","4","0","182","0100200020"
"54","forall NODE1,NODE0. ~locked_epoch2(NODE0) | ~transfer_epoch3(NODE1) | ep_epoch2(NODE0)","5","--0------------------1--------------1--","3","0","182","0100101020"
"55","forall NODE0. ~locked_epoch2(NODE0) | ep_epoch2(NODE0) | ep_epoch3(NODE0)","4","--00-----------------1-----------------","3","0","182","0200100010"
"56","forall NODE0. ~locked_epoch2(NODE0) | ep_epoch2(NODE0) | held(NODE0)","4","--0---------0--------1-----------------","3","0","182","0101100010"
"57","forall NODE0. ~locked_epoch2(NODE0) | ep_epoch2(NODE0) | locked_epoch3(NODE0)","4","--0------------------1--0--------------","3","0","182","0100110010"
"58","forall NODE1,NODE0,NODE2. ~transfer_epoch2(NODE0) | ep_epoch0(NODE1) | ep_epoch0(NODE2) | ((NODE1 = NODE2 & NODE0 ~= NODE1) | (NODE0 = NODE1 & NODE0 = NODE2))","10","0---0----------------------------1-----","7","0","182","0200001030"
"59","forall NODE1,NODE0. ~transfer_epoch2(NODE0) | ep_epoch0(NODE1) | ep_epoch1(NODE1)","5","00-------------------------------1-----","3","0","182","0200001020"
"60","forall NODE1,NODE3,NODE0,NODE2. ~ep_epoch0(NODE0) | ~ep_epoch0(NODE1) | ~ep_epoch1(NODE2) | ~transfer_epoch3(NODE3) | ((NODE2 ~= NODE3 | NODE0 = NODE2 | NODE1 = NODE2 | NODE0 = NODE1) & (NODE0 ~= NODE3 | NODE0 = NODE2 | NODE1 = NODE2 | NODE0 = NODE1))","16","1---1----1--------------------------1--","12","0","182","3000001040"
"61","forall NODE1. ~ep_epoch3(NODE1) | locked_epoch2(NODE1) | (exists NODE0. (~ep_epoch0(NODE0) & NODE0 ~= NODE1))","6","1---1------1-----------0---------------","4","0","182","3000010011"
"62","forall NODE1. ~locked_epoch3(NODE1) | locked_epoch2(NODE1) | (exists NODE0. (~ep_epoch0(NODE0) & NODE0 ~= NODE1))","6","1---1------------------0--1------------","4","0","182","2000110011"
"63","forall NODE1,NODE3,NODE0,NODE2. ~ep_epoch0(NODE0) | ~ep_epoch0(NODE1) | ~transfer_epoch2(NODE2) | ep_epoch1(NODE3) | ((NODE0 ~= NODE2 | NODE0 = NODE3 | NODE0 = NODE1 | NODE1 = NODE3) & (NODE2 ~= NODE3 | NODE0 = NODE2 | NODE1 = NODE2 | NODE0 = NODE1))","16","1---1----0-----------------------1-----","12","108","4","2100001040"
"64","forall NODE1,NODE3,NODE0,NODE2. ~ep_epoch0(NODE0) | ~ep_epoch0(NODE1) | ~transfer_epoch3(NODE2) | ep_epoch2(NODE3) | ((NODE2 ~= NODE3 | NODE0 = NODE2 | NODE1 = NODE2 | NODE0 = NODE1) & (NODE0 ~= NODE2 | NODE0 = NODE3 | NODE0 = NODE1 | NODE1 = NODE3))","16","1---1-----0-------------------------1--","12","108","4","2100001040"
"65","forall NODE1,NODE3,NODE0,NODE2. ~ep_epoch0(NODE0) | ~ep_epoch0(NODE1) | ~transfer_epoch3(NODE2) | locked_epoch2(NODE3) | ((NODE2 ~= NODE3 | NODE0 = NODE2 | NODE1 = NODE2 | NODE0 = NODE1) & (NODE0 ~= NODE2 | NODE0 = NODE3 | NODE0 = NODE1 | NODE1 = NODE3))","16","1---1------------------0------------1--","12","107","2","2000011040"
"66","forall NODE1. ep_epoch1(NODE1) | locked_epoch2(NODE1) | (exists NODE0. (~ep_epoch0(NODE0) & NODE0 ~= NODE1))","6","1---1----0-------------0---------------","4","0","182","2100010011"
"67","forall NODE1,NODE0,NODE2. ~ep_epoch0(NODE0) | ~ep_epoch1(NODE1) | ~ep_epoch3(NODE2) | locked_epoch2(NODE2) | (NODE0 = NODE2 | NODE1 = NODE2 | NODE0 = NODE1)","10","1----1-----1-----------0---------------","7","0","182","3000010030"
"68","forall NODE1,NODE0,NODE2. ~ep_epoch0(NODE0) | ~ep_epoch1(NODE1) | ~held(NODE2) | locked_epoch2(NODE2) | (NODE0 = NODE2 | NODE1 = NODE2 | NODE0 = NODE1)","10","1----1--------1--------0---------------","7","0","182","2010010030"
"69","forall NODE1,NODE0,NODE2. ~ep_epoch0(NODE0) | ~ep_epoch1(NODE1) | ~locked_epoch3(NODE2) | locked_epoch2(NODE2) | (NODE0 = NODE2 | NODE1 = NODE2 | NODE0 = NODE1)","10","1----1-----------------0--1------------","7","0","182","2000110030"
"70","forall NODE1,NODE3,NODE0,NODE2. ~ep_epoch0(NODE0) | ~ep_epoch1(NODE1) | ~transfer_epoch3(NODE2) | ep_epoch2(NODE3) | ((NODE1 ~= NODE2 | NODE0 = NODE3 | NODE0 = NODE1 | NODE1 = NODE3) & (NODE0 ~= NODE2 | NODE0 = NODE3 | NODE0 = NODE1 | NODE1 = NODE3) & (NODE2 ~= NODE3 | NODE0 = NODE2 | NODE1 = NODE2 | NODE0 = NODE1))","20","1----1----0-------------------------1--","16","108","4","2100001040"
"71","forall NODE1,NODE3,NODE0,NODE2. ~ep_epoch0(NODE0) | ~ep_epoch1(NODE1) | ~transfer_epoch3(NODE2) | locked_epoch2(NODE3) | ((NODE1 ~= NODE2 | NODE0 = NODE3 | NODE0 = NODE1 | NODE1 = NODE3) & (NODE0 ~= NODE2 | NODE0 = NODE3 | NODE0 = NODE1 | NODE1 = NODE3) & (NODE2 ~= NODE3 | NODE0 = NODE2 | NODE1 = NODE2 | NODE0 = NODE1))","20","1----1-----------------0------------1--","16","107","2","2000011040"
"72","forall NODE1,NODE0,NODE2. ~ep_epoch0(NODE0) | ~ep_epoch1(NODE1) | ep_epoch0(NODE2) | locked_epoch2(NODE2) | (NODE0 = NODE2 | NODE1 = NODE2 | NODE0 = NODE1)","10","1----1--0--------------0---------------","7","54","5","2100010030"
"73","forall NODE1,NODE0,NODE2. ~ep_epoch0(NODE0) | ~ep_epoch3(NODE1) | ep_epoch2(NODE2) | locked_epoch2(NODE1) | (NODE0 = NODE2 | NODE1 = NODE2 | NODE0 = NODE1)","10","1------1--0-----------0----------------","7","54","5","2100010030"
"74","forall NODE1,NODE0,NODE2. ~ep_epoch0(NODE0) | ~ep_epoch3(NODE1) | locked_epoch2(NODE1) | locked_epoch2(NODE2) | (NODE0 = NODE2 | NODE1 = NODE2 | NODE0 = NODE1)","10","1------1--------------00---------------","7","53","2","2000020030"
"75","forall NODE1,NODE0,NODE2. ~ep_epoch0(NODE0) | ~locked_epoch3(NODE1) | ep_epoch2(NODE2) | locked_epoch2(NODE1) | (NODE0 = NODE2 | NODE1 = NODE2 | NODE0 = NODE1)","10","1---------0-----------0--1-------------","7","49","4","1100110030"
"76","forall NODE1,NODE0,NODE2. ~ep_epoch0(NODE0) | ~locked_epoch3(NODE1) | locked_epoch2(NODE1) | locked_epoch2(NODE2) | (NODE0 = NODE2 | NODE1 = NODE2 | NODE0 = NODE1)","10","1---------------------00-1-------------","7","47","2","1000120030"
"77","forall NODE1,NODE3,NODE0,NODE2. ~ep_epoch0(NODE0) | ~transfer_epoch2(NODE1) | ep_epoch1(NODE2) | ep_epoch1(NODE3) | ((NODE1 ~= NODE3 | NODE0 = NODE2 | NODE1 = NODE2 | NODE0 = NODE1) & (NODE0 ~= NODE1 | NODE2 = NODE3 | NODE0 = NODE2 | NODE0 = NODE3))","16","1----0---0-----------------------1-----","12","106","5","1200001040"
"78","forall NODE1,NODE3,NODE0,NODE2. ~ep_epoch0(NODE0) | ~transfer_epoch3(NODE1) | ep_epoch2(NODE2) | ep_epoch2(NODE3) | ((NODE1 ~= NODE2 | NODE0 = NODE3 | NODE0 = NODE1 | NODE1 = NODE3) & (NODE0 ~= NODE1 | NODE2 = NODE3 | NODE0 = NODE2 | NODE0 = NODE3))","16","1-----0---0-------------------------1--","12","106","5","1200001040"
"79","forall NODE1,NODE3,NODE0,NODE2. ~ep_epoch0(NODE0) | ~transfer_epoch3(NODE1) | ep_epoch2(NODE2) | locked_epoch2(NODE3) | ((NODE1 ~= NODE3 | NODE0 = NODE2 | NODE1 = NODE2 | NODE0 = NODE1) & (NODE1 ~= NODE2 | NODE0 = NODE3 | NODE0 = NODE1 | NODE1 = NODE3) & (NODE0 ~= NODE1 | NODE2 = NODE3 | NODE0 = NODE2 | NODE0 = NODE3))","20","1-----0----------------0------------1--","16","121","2","1100011040"
"80","forall NODE1,NODE3,NODE0,NODE2. ~ep_epoch0(NODE0) | ~transfer_epoch3(NODE1) | locked_epoch2(NODE2) | locked_epoch2(NODE3) | ((NODE1 ~= NODE2 | NODE0 = NODE3 | NODE0 = NODE1 | NODE1 = NODE3) & (NODE0 ~= NODE1 | NODE2 = NODE3 | NODE0 = NODE2 | NODE0 = NODE3))","16","1---------------------00------------1--","12","105","2","1000021040"
"81","forall NODE1,NODE0,NODE2. ~ep_epoch1(NODE0) | ~ep_epoch2(NODE1) | ~held(NODE1) | ep_epoch0(NODE2) | (NODE0 = NODE2 | NODE1 = NODE2 | NODE0 = NODE1)","10","-1----1-0----1-------------------------","7","0","182","2110000030"
"82","forall NODE1,NODE3,NODE0,NODE2. ~ep_epoch1(NODE0) | ~ep_epoch2(NODE1) | ~transfer_epoch3(NODE2) | ep_epoch0(NODE3) | ((NODE0 ~= NODE2 | NODE0 = NODE3 | NODE0 = NODE1 | NODE1 = NODE3) & (NODE2 ~= NODE3 | NODE0 = NODE2 | NODE1 = NODE2 | NODE0 = NODE1) & (NODE1 ~= NODE2 | NODE0 = NODE3 | NODE0 = NODE1 | NODE1 = NODE3))","20","-1----1-0---------------------------1--","16","108","4","2100001040"
"83","forall NODE1,NODE0,NODE2. ~ep_epoch1(NODE0) | ~ep_epoch2(NODE1) | ep_epoch0(NODE2) | ep_epoch3(NODE2) | (NODE0 = NODE2 | NODE1 = NODE2 | NODE0 = NODE1)","10","-1----1-0--0---------------------------","7","55","3","2200000030"
"84","forall NODE1,NODE0,NODE2. ~ep_epoch1(NODE0) | ~ep_epoch2(NODE1) | ep_epoch0(NODE2) | held(NODE2) | (NODE0 = NODE2 | NODE1 = NODE2 | NODE0 = NODE1)","10","-1----1-0-----0------------------------","7","0","182","2101000030"
"85","forall NODE1,NODE0,NODE2. ~ep_epoch1(NODE0) | ~ep_epoch2(NODE1) | ep_epoch0(NODE2) | locked_epoch3(NODE2) | (NODE0 = NODE2 | NODE1 = NODE2 | NODE0 = NODE1)","10","-1----1-0-----------------0------------","7","54","5","2100010030"
"86","forall NODE1,NODE0,NODE2. ~ep_epoch1(NODE0) | ~ep_epoch3(NODE1) | ~locked_epoch2(NODE1) | ep_epoch0(NODE2) | (NODE0 = NODE2 | NODE1 = NODE2 | NODE0 = NODE1)","10","-1-----10-------------1----------------","7","0","182","2100100030"
"87","forall NODE1,NODE0,NODE2. ~ep_epoch1(NODE0) | ~ep_epoch3(NODE1) | ep_epoch0(NODE2) | ep_epoch2(NODE2) | (NODE0 = NODE2 | NODE1 = NODE2 | NODE0 = NODE1)","10","-1-----10-0----------------------------","7","55","3","2200000030"
"88","forall NODE1,NODE0,NODE2. ~ep_epoch1(NODE0) | ~ep_epoch3(NODE1) | ep_epoch0(NODE2) | locked_epoch2(NODE2) | (NODE0 = NODE2 | NODE1 = NODE2 | NODE0 = NODE1)","10","-1-----10--------------0---------------","7","54","5","2100010030"
"89","forall NODE1,NODE0,NODE2. ~ep_epoch1(NODE0) | ~ep_epoch3(NODE1) | ep_epoch2(NODE2) | locked_epoch2(NODE1) | (NODE0 = NODE2 | NODE1 = NODE2 | NODE0 = NODE1)","10","-1-----1--0-----------0----------------","7","54","5","2100010030"
"90","forall NODE1,NODE0,NODE2. ~ep_epoch1(NODE0) | ~ep_epoch3(NODE1) | locked_epoch2(NODE1) | locked_epoch2(NODE2) | (NODE0 = NODE2 | NODE1 = NODE2 | NODE0 = NODE1)","10","-1-----1--------------00---------------","7","53","2","2000020030"
"91","forall NODE1,NODE0,NODE2. ~ep_epoch1(NODE0) | ~held(NODE1) | ~locked_epoch2(NODE1) | ep_epoch0(NODE2) | (NODE0 = NODE2 | NODE1 = NODE2 | NODE0 = NODE1)","10","-1------0----1--------1----------------","7","0","182","1110100030"
"92","forall NODE1,NODE0,NODE2. ~ep_epoch1(NODE0) | ~held(NODE1) | ep_epoch0(NODE2) | ep_epoch2(NODE2) | (NODE0 = NODE2 | NODE1 = NODE2 | NODE0 = NODE1)","10","-1------0-0--1-------------------------","7","52","3","1210000030"
"93","forall NODE1,NODE0,NODE2. ~ep_epoch1(NODE0) | ~held(NODE1) | ep_epoch0(NODE2) | ep_epoch3(NODE1) | (NODE0 = NODE2 | NODE1 = NODE2 | NODE0 = NODE1)","10","-1-----00----1-------------------------","7","52","3","1210000030"
"94","forall NODE1,NODE0,NODE2. ~ep_epoch1(NODE0) | ~held(NODE1) | ep_epoch0(NODE2) | locked_epoch2(NODE2) | (NODE0 = NODE2 | NODE1 = NODE2 | NODE0 = NODE1)","10","-1------0----1---------0---------------","7","50","3","1110010030"
"95","forall NODE1,NODE0,NODE2. ~ep_epoch1(NODE0) | ~held(NODE1) | ep_epoch0(NODE2) | locked_epoch3(NODE1) | (NODE0 = NODE2 | NODE1 = NODE2 | NODE0 = NODE1)","10","-1------0----1-----------0-------------","7","50","3","1110010030"
"96","forall NODE1,NODE0. ~ep_epoch1(NODE0) | ~held(NODE1) | ep_epoch2(NODE1) | ep_epoch3(NODE1) | NODE0 = NODE1","7","-1----00-----1-------------------------","5","0","182","1210000020"
"97","forall NODE1,NODE0. ~ep_epoch1(NODE0) | ~held(NODE1) | ep_epoch2(NODE1) | locked_epoch3(NODE1) | NODE0 = NODE1","7","-1----0------1-----------0-------------","5","32","2","1110010020"
"98","forall NODE1,NODE0,NODE2. ~ep_epoch1(NODE0) | ~held(NODE1) | ep_epoch2(NODE2) | locked_epoch2(NODE1) | (NODE0 = NODE2 | NODE1 = NODE2 | NODE0 = NODE1)","10","-1--------0--1--------0----------------","7","50","3","1110010030"
"99","forall NODE1,NODE0. ~ep_epoch1(NODE0) | ~held(NODE1) | ep_epoch3(NODE1) | locked_epoch2(NODE1) | NODE0 = NODE1","7","-1-----0-----1--------0----------------","5","32","2","1110010020"
"100","forall NODE1,NODE0,NODE2. ~ep_epoch1(NODE0) | ~held(NODE1) | locked_epoch2(NODE1) | locked_epoch2(NODE2) | (NODE0 = NODE2 | NODE1 = NODE2 | NODE0 = NODE1)","10","-1-----------1--------00---------------","7","0","182","1010020030"
"101","forall NODE1,NODE0. ~ep_epoch1(NODE0) | ~held(NODE1) | locked_epoch2(NODE1) | locked_epoch3(NODE1) | NODE0 = NODE1","7","-1-----------1--------0--0-------------","5","0","182","1010020020"
"102","forall NODE1,NODE0,NODE2. ~ep_epoch1(NODE0) | ~locked_epoch2(NODE1) | ~locked_epoch3(NODE1) | ep_epoch0(NODE2) | (NODE0 = NODE2 | NODE1 = NODE2 | NODE0 = NODE1)","10","-1------0-------------1--1-------------","7","0","182","1100200030"
"103","forall NODE1,NODE3,NODE0,NODE2. ~ep_epoch1(NODE0) | ~locked_epoch2(NODE1) | ~transfer_epoch3(NODE2) | ep_epoch0(NODE3) | ((NODE0 ~= NODE2 | NODE0 = NODE3 | NODE0 = NODE1 | NODE1 = NODE3) & (NODE2 ~= NODE3 | NODE0 = NODE2 | NODE1 = NODE2 | NODE0 = NODE1) & (NODE1 ~= NODE2 | NODE0 = NODE3 | NODE0 = NODE1 | NODE1 = NODE3))","20","-1------0-------------1-------------1--","16","0","182","1100101040"
"104","forall NODE1,NODE0,NODE2. ~ep_epoch1(NODE0) | ~locked_epoch2(NODE1) | ep_epoch0(NODE2) | ep_epoch2(NODE1) | (NODE0 = NODE2 | NODE1 = NODE2 | NODE0 = NODE1)","10","-1----0-0-------------1----------------","7","51","5","1200100030"
"105","forall NODE1,NODE0,NODE2. ~ep_epoch1(NODE0) | ~locked_epoch2(NODE1) | ep_epoch0(NODE2) | ep_epoch3(NODE2) | (NODE0 = NODE2 | NODE1 = NODE2 | NODE0 = NODE1)","10","-1------0--0----------1----------------","7","51","5","1200100030"
"106","forall NODE1,NODE0,NODE2. ~ep_epoch1(NODE0) | ~locked_epoch2(NODE1) | ep_epoch0(NODE2) | held(NODE2) | (NODE0 = NODE2 | NODE1 = NODE2 | NODE0 = NODE1)","10","-1------0-----0-------1----------------","7","0","182","1101100030"
"107","forall NODE1,NODE0,NODE2. ~ep_epoch1(NODE0) | ~locked_epoch2(NODE1) | ep_epoch0(NODE2) | locked_epoch3(NODE2) | (NODE0 = NODE2 | NODE1 = NODE2 | NODE0 = NODE1)","10","-1------0-------------1---0------------","7","49","4","1100110030"
"108","forall NODE1,NODE0,NODE2. ~ep_epoch1(NODE0) | ~locked_epoch3(NODE1) | ep_epoch0(NODE2) | ep_epoch2(NODE2) | (NODE0 = NODE2 | NODE1 = NODE2 | NODE0 = NODE1)","10","-1------0-0--------------1-------------","7","51","5","1200100030"
"109","forall NODE1,NODE0,NODE2. ~ep_epoch1(NODE0) | ~locked_epoch3(NODE1) | ep_epoch0(NODE2) | locked_epoch2(NODE2) | (NODE0 = NODE2 | NODE1 = NODE2 | NODE0 = NODE1)","10","-1------0--------------0-1-------------","7","49","4","1100110030"
"110","forall NODE1,NODE0,NODE2. ~ep_epoch1(NODE0) | ~locked_epoch3(NODE1) | ep_epoch2(NODE2) | locked_epoch2(NODE1) | (NODE0 = NODE2 | NODE1 = NODE2 | NODE0 = NODE1)","10","-1--------0-----------0--1-------------","7","49","4","1100110030"
"111","forall NODE1,NODE0,NODE2. ~ep_epoch1(NODE0) | ~locked_epoch3(NODE1) | locked_epoch2(NODE1) | locked_epoch2(NODE2) | (NODE0 = NODE2 | NODE1 = NODE2 | NODE0 = NODE1)","10","-1--------------------00-1-------------","7","47","2","1000120030"
"112","forall NODE1,NODE3,NODE0,NODE2. ~ep_epoch1(NODE0) | ~transfer_epoch3(NODE1) | ep_epoch0(NODE2) | ep_epoch0(NODE3) | ((NODE0 ~= NODE1 | NODE2 = NODE3 | NODE0 = NODE2 | NODE0 = NODE3) & (NODE1 ~= NODE2 | NODE0 = NODE3 | NODE0 = NODE1 | NODE1 = NODE3))","16","-1--0---0---------------------------1--","12","106","5","1200001040"
"113","forall NODE1,NODE0,NODE2. ~ep_epoch1(NODE0) | ~transfer_epoch3(NODE1) | ep_epoch0(NODE2) | ep_epoch2(NODE2) | ((NODE0 = NODE2 & NODE0 ~= NODE1) | (NODE0 = NODE1 & NODE0 = NODE2))","11","-1--0-0-----------------------------1--","8","62","2","1200001030"
"114","forall NODE1,NODE0,NODE2. ~ep_epoch1(NODE0) | ~transfer_epoch3(NODE1) | ep_epoch0(NODE2) | locked_epoch2(NODE2) | ((NODE0 = NODE2 & NODE0 ~= NODE1) | (NODE0 = NODE1 & NODE0 = NODE2))","11","-1--0-----------------0-------------1--","8","0","182","1100011030"
"115","forall NODE1,NODE3,NODE0,NODE2. ~ep_epoch1(NODE0) | ~transfer_epoch3(NODE1) | ep_epoch2(NODE2) | ep_epoch2(NODE3) | ((NODE0 ~= NODE1 | NODE2 = NODE3 | NODE0 = NODE2 | NODE0 = NODE3) & (NODE1 ~= NODE2 | NODE0 = NODE3 | NODE0 = NODE1 | NODE1 = NODE3))","16","-1----0---0-------------------------1--","12","106","5","1200001040"
"116","forall NODE1,NODE3,NODE0,NODE2. ~ep_epoch1(NODE0) | ~transfer_epoch3(NODE1) | ep_epoch2(NODE2) | locked_epoch2(NODE3) | ((NODE0 ~= NODE1 | NODE2 = NODE3 | NODE0 = NODE2 | NODE0 = NODE3) & (NODE1 ~= NODE3 | NODE0 = NODE2 | NODE1 = NODE2 | NODE0 = NODE1) & (NODE1 ~= NODE2 | NODE0 = NODE3 | NODE0 = NODE1 | NODE1 = NODE3))","20","-1----0----------------0------------1--","16","121","2","1100011040"
"117","forall NODE1,NODE3,NODE0,NODE2. ~ep_epoch1(NODE0) | ~transfer_epoch3(NODE1) | locked_epoch2(NODE2) | locked_epoch2(NODE3) | ((NODE0 ~= NODE1 | NODE2 = NODE3 | NODE0 = NODE2 | NODE0 = NODE3) & (NODE1 ~= NODE2 | NODE0 = NODE3 | NODE0 = NODE1 | NODE1 = NODE3))","16","-1--------------------00------------1--","12","105","2","1000021040"
"118","forall NODE1,NODE0. ~ep_epoch1(NODE0) | ep_epoch0(NODE1) | ep_epoch2(NODE1) | ep_epoch3(NODE1) | NODE0 = NODE1","7","-1--0-00-------------------------------","5","35","3","1300000020"
"119","forall NODE1,NODE0. ~ep_epoch1(NODE0) | ep_epoch0(NODE1) | ep_epoch2(NODE1) | held(NODE1) | NODE0 = NODE1","7","-1--0-0------0-------------------------","5","34","2","1201000020"
"120","forall NODE1,NODE0. ~ep_epoch1(NODE0) | ep_epoch0(NODE1) | ep_epoch2(NODE1) | locked_epoch3(NODE1) | NODE0 = NODE1","7","-1--0-0------------------0-------------","5","33","4","1200010020"
"121","forall NODE1,NODE0,NODE2. ~ep_epoch1(NODE0) | ep_epoch0(NODE1) | ep_epoch2(NODE2) | locked_epoch2(NODE1) | (NODE0 = NODE2 | NODE1 = NODE2 | NODE0 = NODE1)","10","-1--0-----0-----------0----------------","7","0","182","1200010030"
"122","forall NODE1,NODE0. ~ep_epoch1(NODE0) | ep_epoch0(NODE1) | ep_epoch3(NODE1) | locked_epoch2(NODE1) | NODE0 = NODE1","7","-1--0--0--------------0----------------","5","33","4","1200010020"
"123","forall NODE1,NODE0. ~ep_epoch1(NODE0) | ep_epoch0(NODE1) | held(NODE1) | locked_epoch2(NODE1) | NODE0 = NODE1","7","-1--0--------0--------0----------------","5","0","182","1101010020"
"124","forall NODE1,NODE0,NODE2. ~ep_epoch1(NODE0) | ep_epoch0(NODE1) | locked_epoch2(NODE1) | locked_epoch2(NODE2) | (NODE0 = NODE2 | NODE1 = NODE2 | NODE0 = NODE1)","10","-1--0-----------------00---------------","7","48","2","1100020030"
"125","forall NODE1,NODE0. ~ep_epoch1(NODE0) | ep_epoch0(NODE1) | locked_epoch2(NODE1) | locked_epoch3(NODE1) | NODE0 = NODE1","7","-1--0-----------------0--0-------------","5","0","182","1100020020"
"126","forall NODE1,NODE0,NODE2. ~ep_epoch2(NODE0) | ~ep_epoch3(NODE1) | ep_epoch0(NODE2) | ep_epoch1(NODE2) | (NODE0 = NODE2 | NODE1 = NODE2 | NODE0 = NODE1)","10","--1----100-----------------------------","7","55","3","2200000030"
"127","forall NODE1. ~ep_epoch2(NODE1) | ~held(NODE1) | (exists NODE0. (ep_epoch0(NODE0) & NODE0 ~= NODE1))","6","--1-0---0---1--------------------------","4","0","182","1210000011"
"128","forall NODE1,NODE0,NODE2. ~ep_epoch2(NODE0) | ~held(NODE1) | ep_epoch0(NODE2) | ep_epoch1(NODE2) | ((NODE0 ~= NODE1 | NODE0 = NODE2) & (NODE0 = NODE2 | NODE1 = NODE2 | NODE0 = NODE1))","12","--1-00------1--------------------------","9","52","3","1210000030"
"129","forall NODE1,NODE0,NODE2. ~ep_epoch2(NODE0) | ~locked_epoch3(NODE1) | ep_epoch0(NODE2) | ep_epoch1(NODE2) | (NODE0 = NODE2 | NODE1 = NODE2 | NODE0 = NODE1)","10","--1-----00---------------1-------------","7","51","5","1200100030"
"130","forall NODE1,NODE3,NODE0,NODE2. ~ep_epoch2(NODE0) | ~transfer_epoch3(NODE1) | ep_epoch0(NODE2) | ep_epoch0(NODE3) | ((NODE1 ~= NODE2 | NODE0 = NODE3 | NODE0 = NODE1 | NODE1 = NODE3) & (NODE0 ~= NODE1 | NODE2 = NODE3 | NODE0 = NODE2 | NODE0 = NODE3))","16","--1-0---0---------------------------1--","12","106","5","1200001040"
"131","forall NODE1,NODE0,NODE2. ~ep_epoch2(NODE0) | ~transfer_epoch3(NODE1) | ep_epoch0(NODE2) | ep_epoch1(NODE2) | ((NODE0 = NODE2 & NODE0 ~= NODE1) | (NODE0 = NODE1 & NODE0 = NODE2))","11","--1-00------------------------------1--","8","62","2","1200001030"
"132","forall NODE1,NODE0. ~ep_epoch2(NODE0) | ep_epoch0(NODE1) | ep_epoch1(NODE1) | ep_epoch3(NODE1) | NODE0 = NODE1","7","--1-00-0-------------------------------","5","35","3","1300000020"
"133","forall NODE1,NODE0. ~ep_epoch2(NODE0) | ep_epoch0(NODE1) | ep_epoch1(NODE1) | held(NODE1) | NODE0 = NODE1","7","--1-00-------0-------------------------","5","34","2","1201000020"
"134","forall NODE1,NODE0. ~ep_epoch2(NODE0) | ep_epoch0(NODE1) | ep_epoch1(NODE1) | locked_epoch3(NODE1) | NODE0 = NODE1","7","--1-00-------------------0-------------","5","33","4","1200010020"
"135","forall NODE1. ~ep_epoch3(NODE1) | ~locked_epoch2(NODE1) | (exists NODE0. (ep_epoch0(NODE0) & NODE0 ~= NODE1))","6","---10---0------------1-----------------","4","0","182","1200100011"
"136","forall NODE1,NODE0,NODE2. ~ep_epoch3(NODE0) | ~locked_epoch2(NODE1) | ep_epoch0(NODE2) | ep_epoch1(NODE2) | ((NODE0 ~= NODE1 | NODE0 = NODE2) & (NODE0 = NODE2 | NODE1 = NODE2 | NODE0 = NODE1))","12","---100---------------1-----------------","9","51","5","1200100030"
"137","forall NODE1,NODE0. ~ep_epoch3(NODE0) | ep_epoch0(NODE1) | ep_epoch1(NODE1) | ep_epoch2(NODE1) | NODE0 = NODE1","7","---1000--------------------------------","5","35","3","1300000020"
"138","forall NODE1,NODE0. ~ep_epoch3(NODE0) | ep_epoch0(NODE1) | ep_epoch1(NODE1) | locked_epoch2(NODE1) | NODE0 = NODE1","7","---100----------------0----------------","5","33","4","1200010020"
"139","forall NODE1. ~ep_epoch3(NODE1) | locked_epoch2(NODE1) | (exists NODE0. (ep_epoch2(NODE0) & NODE0 ~= NODE1))","6","---1--0---0----------0-----------------","4","0","182","1200010011"
"140","forall NODE1,NODE0,NODE2. ~ep_epoch3(NODE0) | ep_epoch2(NODE1) | locked_epoch2(NODE0) | locked_epoch2(NODE2) | (NODE0 = NODE2 | NODE1 = NODE2 | NODE0 = NODE1)","10","---1--0--------------0-0---------------","7","48","2","1100020030"
"141","forall NODE1. ~ep_epoch3(NODE1) | locked_epoch2(NODE1) | (exists NODE0. (locked_epoch2(NODE0) & NODE0 ~= NODE1))","6","---1-----------------000---------------","4","0","182","1000030011"
"142","forall NODE1. ~held(NODE1) | ~locked_epoch2(NODE1) | (exists NODE0. (ep_epoch0(NODE0) & NODE0 ~= NODE1))","6","----0---0---1--------1-----------------","4","0","182","0210100011"
"143","forall NODE1,NODE0,NODE2. ~held(NODE0) | ~locked_epoch2(NODE1) | ep_epoch0(NODE2) | ep_epoch1(NODE2) | ((NODE0 ~= NODE1 | NODE0 = NODE2) & (NODE0 = NODE2 | NODE1 = NODE2 | NODE0 = NODE1))","12","----00------1--------1-----------------","9","0","182","0210100030"
"144","forall NODE1. ~held(NODE1) | ep_epoch3(NODE1) | (exists NODE0. (ep_epoch0(NODE0) & NODE0 ~= NODE1))","6","---00---0---1--------------------------","4","0","182","0310000011"
"145","forall NODE1. ~held(NODE1) | locked_epoch3(NODE1) | (exists NODE0. (ep_epoch0(NODE0) & NODE0 ~= NODE1))","6","----0---0---1-----------0--------------","4","0","182","0210010011"
"146","forall NODE1,NODE0. ~held(NODE0) | ep_epoch0(NODE1) | ep_epoch1(NODE1) | ep_epoch2(NODE1) | NODE0 = NODE1","7","----000-----1--------------------------","5","30","3","0310000020"
"147","forall NODE1,NODE0. ~held(NODE0) | ep_epoch0(NODE1) | ep_epoch1(NODE1) | ep_epoch3(NODE0) | NODE0 = NODE1","7","---000------1--------------------------","5","30","3","0310000020"
"148","forall NODE1,NODE0. ~held(NODE0) | ep_epoch0(NODE1) | ep_epoch1(NODE1) | locked_epoch2(NODE1) | NODE0 = NODE1","7","----00------1---------0----------------","5","28","4","0210010020"
"149","forall NODE1,NODE0. ~held(NODE0) | ep_epoch0(NODE1) | ep_epoch1(NODE1) | locked_epoch3(NODE0) | NODE0 = NODE1","7","----00------1-----------0--------------","5","28","4","0210010020"
"150","forall NODE1,NODE0. ~held(NODE0) | ep_epoch0(NODE1) | ep_epoch2(NODE0) | ep_epoch3(NODE0) | NODE0 = NODE1","7","--000-------1--------------------------","5","30","3","0310000020"
"151","forall NODE1,NODE0. ~held(NODE0) | ep_epoch0(NODE1) | ep_epoch2(NODE0) | locked_epoch3(NODE0) | NODE0 = NODE1","7","--0-0-------1-----------0--------------","5","28","4","0210010020"
"152","forall NODE1,NODE0. ~held(NODE0) | ep_epoch0(NODE1) | ep_epoch3(NODE0) | locked_epoch2(NODE0) | NODE0 = NODE1","7","---00-------1--------0-----------------","5","28","4","0210010020"
"153","forall NODE1,NODE0. ~held(NODE0) | ep_epoch0(NODE1) | locked_epoch2(NODE0) | locked_epoch3(NODE0) | NODE0 = NODE1","7","----0-------1--------0--0--------------","5","0","182","0110020020"
"154","forall NODE0. ~held(NODE0) | ep_epoch1(NODE0) | ep_epoch2(NODE0) | ep_epoch3(NODE0)","5","-000--------1--------------------------","4","0","182","0310000010"
"155","forall NODE0. ~held(NODE0) | ep_epoch1(NODE0) | ep_epoch2(NODE0) | locked_epoch3(NODE0)","5","-00---------1-----------0--------------","4","14","2","0210010010"
"156","forall NODE0. ~held(NODE0) | ep_epoch1(NODE0) | ep_epoch3(NODE0) | locked_epoch2(NODE0)","5","-0-0--------1--------0-----------------","4","14","2","0210010010"
"157","forall NODE0. ~held(NODE0) | ep_epoch1(NODE0) | locked_epoch2(NODE0) | locked_epoch3(NODE0)","5","-0----------1--------0--0--------------","4","0","182","0110020010"
"158","forall NODE1. ~locked_epoch2(NODE1) | ~locked_epoch3(NODE1) | (exists NODE0. (ep_epoch0(NODE0) & NODE0 ~= NODE1))","6","----0---0------------1--1--------------","4","0","182","0200200011"
"159","forall NODE1,NODE0,NODE2. ~locked_epoch2(NODE0) | ~locked_epoch3(NODE1) | ep_epoch0(NODE2) | ep_epoch1(NODE2) | ((NODE0 ~= NODE1 | NODE0 = NODE2) & (NODE0 = NODE2 | NODE1 = NODE2 | NODE0 = NODE1))","12","----00---------------1--1--------------","9","0","182","0200200030"
"160","forall NODE1,NODE3,NODE0,NODE2. ~locked_epoch2(NODE0) | ~transfer_epoch3(NODE1) | ep_epoch0(NODE2) | ep_epoch0(NODE3) | ((NODE1 ~= NODE2 | NODE0 = NODE3 | NODE0 = NODE1 | NODE1 = NODE3) & (NODE0 ~= NODE1 | NODE2 = NODE3 | NODE0 = NODE2 | NODE0 = NODE3))","16","----0---0------------1--------------1--","12","0","182","0200101040"
"161","forall NODE1,NODE0,NODE2. ~locked_epoch2(NODE0) | ~transfer_epoch3(NODE1) | ep_epoch0(NODE2) | ep_epoch1(NODE2) | ((NODE0 = NODE2 & NODE0 ~= NODE1) | (NODE0 = NODE1 & NODE0 = NODE2))","11","----00---------------1--------------1--","8","0","182","0200101030"
"162","forall NODE1. ~locked_epoch2(NODE1) | ep_epoch2(NODE1) | (exists NODE0. (ep_epoch0(NODE0) & NODE0 ~= NODE1))","6","--0-0---0------------1-----------------","4","0","182","0300100011"
"163","forall NODE1,NODE0. ~locked_epoch2(NODE0) | ep_epoch0(NODE1) | ep_epoch1(NODE1) | ep_epoch2(NODE0) | NODE0 = NODE1","7","--0-00---------------1-----------------","5","29","3","0300100020"
"164","forall NODE1,NODE0. ~locked_epoch2(NODE0) | ep_epoch0(NODE1) | ep_epoch1(NODE1) | ep_epoch3(NODE1) | NODE0 = NODE1","7","----00-0-------------1-----------------","5","29","3","0300100020"
"165","forall NODE1,NODE0. ~locked_epoch2(NODE0) | ep_epoch0(NODE1) | ep_epoch1(NODE1) | held(NODE1) | NODE0 = NODE1","7","----00-------0-------1-----------------","5","0","182","0201100020"
"166","forall NODE1,NODE0. ~locked_epoch2(NODE0) | ep_epoch0(NODE1) | ep_epoch1(NODE1) | locked_epoch3(NODE1) | NODE0 = NODE1","7","----00---------------1---0-------------","5","27","2","0200110020"
"167","forall NODE1,NODE0. ~locked_epoch3(NODE0) | ep_epoch0(NODE1) | ep_epoch1(NODE1) | ep_epoch2(NODE1) | NODE0 = NODE1","7","----000-----------------1--------------","5","29","3","0300100020"
"168","forall NODE1,NODE0. ~locked_epoch3(NODE0) | ep_epoch0(NODE1) | ep_epoch1(NODE1) | locked_epoch2(NODE1) | NODE0 = NODE1","7","----00----------------0-1--------------","5","27","2","0200110020"
"169","forall NODE1. ~locked_epoch3(NODE1) | locked_epoch2(NODE1) | (exists NODE0. (ep_epoch2(NODE0) & NODE0 ~= NODE1))","6","------0---0----------0--1--------------","4","0","182","0200110011"
"170","forall NODE1,NODE0,NODE2. ~locked_epoch3(NODE0) | ep_epoch2(NODE1) | locked_epoch2(NODE0) | locked_epoch2(NODE2) | (NODE0 = NODE2 | NODE1 = NODE2 | NODE0 = NODE1)","10","------0--------------0-01--------------","7","0","182","0100120030"
"171","forall NODE1,NODE0,NODE2. ~locked_epoch3(NODE0) | locked_epoch2(NODE0) | locked_epoch2(NODE1) | locked_epoch2(NODE2) | (NODE0 = NODE2 | NODE1 = NODE2 | NODE0 = NODE1)","10","---------------------0001--------------","7","0","182","0000130030"
"172","forall NODE1,NODE0,NODE2. ~transfer_epoch2(NODE0) | ep_epoch1(NODE0) | ep_epoch1(NODE1) | ep_epoch1(NODE2) | (NODE0 = NODE2 | NODE1 = NODE2 | NODE0 = NODE1)","10","-0---0---0-----------------------1-----","7","0","182","0300001030"
"173","forall NODE1. ~transfer_epoch3(NODE1) | ep_epoch0(NODE1) | (exists NODE0. (ep_epoch0(NODE0) & NODE0 ~= NODE1))","6","0---0---0---------------------------1--","4","20","2","0300001011"
"174","forall NODE1,NODE0. ~transfer_epoch3(NODE0) | ep_epoch0(NODE1) | ep_epoch1(NODE1) | ep_epoch2(NODE1)","6","000---------------------------------1--","4","0","182","0300001020"
"175","forall NODE1,NODE0. ~transfer_epoch3(NODE0) | ep_epoch0(NODE1) | ep_epoch1(NODE1) | locked_epoch2(NODE1)","6","00-------------------0--------------1--","4","0","182","0200011020"
"176","forall NODE1. ~transfer_epoch3(NODE1) | ep_epoch2(NODE1) | (exists NODE0. (ep_epoch2(NODE0) & NODE0 ~= NODE1))","6","--0---0---0-------------------------1--","4","20","2","0300001011"
"177","forall NODE1,NODE3,NODE0,NODE2. ~transfer_epoch3(NODE0) | ep_epoch2(NODE1) | ep_epoch2(NODE2) | locked_epoch2(NODE3) | ((NODE0 ~= NODE1 | NODE2 = NODE3 | NODE0 = NODE2 | NODE0 = NODE3) & (NODE0 ~= NODE3 | NODE0 = NODE2 | NODE1 = NODE2 | NODE0 = NODE1))","16","--0---0----------------0------------1--","12","0","182","0200011040"
"178","forall NODE1,NODE3,NODE0,NODE2. ~transfer_epoch3(NODE0) | ep_epoch2(NODE1) | locked_epoch2(NODE2) | locked_epoch2(NODE3) | ((NODE0 ~= NODE2 | NODE0 = NODE3 | NODE0 = NODE1 | NODE1 = NODE3) & (NODE0 ~= NODE1 | NODE2 = NODE3 | NODE0 = NODE2 | NODE0 = NODE3))","16","--0-------------------00------------1--","12","0","182","0100021040"
"179","forall NODE1. ~transfer_epoch3(NODE1) | locked_epoch2(NODE1) | (exists NODE0. (locked_epoch2(NODE0) & NODE0 ~= NODE1))","6","---------------------000------------1--","4","0","182","0000031011"
"180","forall NODE0. ep_epoch0(NODE0) | ep_epoch1(NODE0) | ep_epoch2(NODE0) | ep_epoch3(NODE0)","5","0000-----------------------------------","4","0","182","0400000010"
"181","forall NODE0. ep_epoch0(NODE0) | ep_epoch1(NODE0) | ep_epoch2(NODE0) | held(NODE0)","5","000---------0--------------------------","4","0","182","0301000010"
"182","forall NODE0. ep_epoch0(NODE0) | ep_epoch1(NODE0) | ep_epoch2(NODE0) | locked_epoch3(NODE0)","5","000---------------------0--------------","4","15","2","0300010010"
"183","forall NODE0. ep_epoch0(NODE0) | ep_epoch1(NODE0) | ep_epoch3(NODE0) | locked_epoch2(NODE0)","5","00-0-----------------0-----------------","4","15","2","0300010010"
"184","forall NODE0. ep_epoch0(NODE0) | ep_epoch1(NODE0) | held(NODE0) | locked_epoch2(NODE0)","5","00----------0--------0-----------------","4","0","182","0201010010"
"185","forall NODE0. ep_epoch0(NODE0) | ep_epoch1(NODE0) | locked_epoch2(NODE0) | locked_epoch3(NODE0)","5","00-------------------0--0--------------","4","0","182","0200020010"
"186","forall NODE1. ep_epoch1(NODE1) | ep_epoch2(NODE1) | ep_epoch3(NODE1) | (exists NODE0. (~ep_epoch0(NODE0) & NODE0 ~= NODE1))","7","1---1----000---------------------------","5","0","182","2300000011"
"187","forall NODE1. ep_epoch1(NODE1) | ep_epoch2(NODE1) | held(NODE1) | (exists NODE0. (~ep_epoch0(NODE0) & NODE0 ~= NODE1))","7","1---1----00---0------------------------","5","0","182","2201000011"
"188","forall NODE1. ep_epoch1(NODE1) | ep_epoch2(NODE1) | locked_epoch3(NODE1) | (exists NODE0. (~ep_epoch0(NODE0) & NODE0 ~= NODE1))","7","1---1----00---------------0------------","5","0","182","2200010011"
"189","forall NODE1,NODE0,NODE2. ~ep_epoch0(NODE0) | ~held(NODE1) | ep_epoch0(NODE2) | ep_epoch2(NODE2) | locked_epoch2(NODE1) | (NODE0 = NODE2 | NODE1 = NODE2 | NODE0 = NODE1)","11","1-------0-0--1--------0----------------","8","64","2","1210010030"
"190","forall NODE1,NODE0,NODE2. ~ep_epoch0(NODE0) | ~held(NODE1) | ep_epoch0(NODE2) | locked_epoch2(NODE1) | locked_epoch2(NODE2) | (NODE0 = NODE2 | NODE1 = NODE2 | NODE0 = NODE1)","11","1-------0----1--------00---------------","8","61","2","1110020030"
"191","forall NODE1,NODE0,NODE2. ~ep_epoch0(NODE0) | ~held(NODE1) | ep_epoch1(NODE1) | ep_epoch2(NODE2) | locked_epoch2(NODE1) | (NODE0 = NODE2 | NODE1 = NODE2 | NODE0 = NODE1)","11","1----0----0--1--------0----------------","8","64","2","1210010030"
"192","forall NODE1,NODE0,NODE2. ~ep_epoch0(NODE0) | ~held(NODE1) | ep_epoch1(NODE1) | locked_epoch2(NODE1) | locked_epoch2(NODE2) | (NODE0 = NODE2 | NODE1 = NODE2 | NODE0 = NODE1)","11","1----0-------1--------00---------------","8","61","2","1110020030"
"193","forall NODE1. ~ep_epoch0(NODE1) | (exists NODE0. ((ep_epoch0(NODE0) | locked_epoch2(NODE0)) & NODE0 ~= NODE1))","6","1---0---0-------------00---------------","4","24","5","1200020011"
"194","forall NODE1,NODE0,NODE2. ~ep_epoch0(NODE0) | ep_epoch0(NODE1) | ep_epoch1(NODE1) | ep_epoch2(NODE2) | locked_epoch2(NODE1) | (NODE0 = NODE2 | NODE1 = NODE2 | NODE0 = NODE1)","11","1---00----0-----------0----------------","8","65","4","1300010030"
"195","forall NODE1,NODE0,NODE2. ~ep_epoch0(NODE0) | ep_epoch0(NODE1) | ep_epoch1(NODE1) | locked_epoch2(NODE1) | locked_epoch2(NODE2) | (NODE0 = NODE2 | NODE1 = NODE2 | NODE0 = NODE1)","11","1---00----------------00---------------","8","0","182","1200020030"
"196","forall NODE1. ~ep_epoch0(NODE1) | (exists NODE0. ((ep_epoch1(NODE0) | locked_epoch2(NODE0)) & NODE0 ~= NODE1))","6","1----0---0------------00---------------","4","24","5","1200020011"
"197","forall NODE1. ~ep_epoch1(NODE1) | (exists NODE0. ((ep_epoch0(NODE0) | ep_epoch2(NODE0)) & NODE0 ~= NODE1))","6","-1--0-0-0-0----------------------------","4","26","6","1400000011"
"198","forall NODE1. ~ep_epoch1(NODE1) | (exists NODE0. ((ep_epoch0(NODE0) | ep_epoch3(NODE0)) & NODE0 ~= NODE1))","6","-1--0--00--0---------------------------","4","26","6","1400000011"
"199","forall NODE1,NODE0,NODE2. ~ep_epoch1(NODE0) | ep_epoch0(NODE1) | ep_epoch0(NODE2) | ep_epoch3(NODE2) | held(NODE1) | (NODE0 = NODE2 | NODE1 = NODE2 | NODE0 = NODE1)","11","-1--0--00-----0------------------------","8","66","2","1301000030"
"200","forall NODE1,NODE0,NODE2. ~ep_epoch1(NODE0) | ep_epoch0(NODE1) | ep_epoch0(NODE2) | ep_epoch3(NODE1) | locked_epoch3(NODE2) | (NODE0 = NODE2 | NODE1 = NODE2 | NODE0 = NODE1)","11","-1--0--00-----------------0------------","8","65","4","1300010030"
"201","forall NODE1. ~ep_epoch1(NODE1) | (exists NODE0. ((ep_epoch0(NODE0) | held(NODE0)) & NODE0 ~= NODE1))","6","-1--0---0----00------------------------","4","25","2","1202000011"
"202","forall NODE1,NODE0,NODE2. ~ep_epoch1(NODE0) | ep_epoch0(NODE1) | ep_epoch0(NODE2) | held(NODE1) | locked_epoch3(NODE2) | (NODE0 = NODE2 | NODE1 = NODE2 | NODE0 = NODE1)","11","-1--0---0----0------------0------------","8","63","2","1201010030"
"203","forall NODE1. ~ep_epoch1(NODE1) | (exists NODE0. ((ep_epoch0(NODE0) | locked_epoch3(NODE0)) & NODE0 ~= NODE1))","6","-1--0---0----------------00------------","4","24","5","1200020011"
"204","forall NODE1. ~ep_epoch2(NODE1) | (exists NODE0. ((ep_epoch0(NODE0) | ep_epoch1(NODE0)) & NODE0 ~= NODE1))","6","--1-00--00-----------------------------","4","26","6","1400000011"
"205","forall NODE1. ~ep_epoch2(NODE1) | (exists NODE0. ((ep_epoch0(NODE0) | ep_epoch3(NODE0)) & NODE0 ~= NODE1))","6","--1-0--00--0---------------------------","4","26","6","1400000011"
"206","forall NODE1,NODE0,NODE2. ~ep_epoch2(NODE0) | ep_epoch0(NODE1) | ep_epoch0(NODE2) | ep_epoch3(NODE2) | held(NODE1) | (NODE0 = NODE2 | NODE1 = NODE2 | NODE0 = NODE1)","11","--1-0--00-----0------------------------","8","66","2","1301000030"
"207","forall NODE1,NODE0,NODE2. ~ep_epoch2(NODE0) | ep_epoch0(NODE1) | ep_epoch0(NODE2) | ep_epoch3(NODE1) | locked_epoch3(NODE2) | (NODE0 = NODE2 | NODE1 = NODE2 | NODE0 = NODE1)","11","--1-0--00-----------------0------------","8","65","4","1300010030"
"208","forall NODE1. ~ep_epoch2(NODE1) | (exists NODE0. ((ep_epoch0(NODE0) | held(NODE0)) & NODE0 ~= NODE1))","6","--1-0---0----00------------------------","4","25","2","1202000011"
"209","forall NODE1,NODE0,NODE2. ~ep_epoch2(NODE0) | ep_epoch0(NODE1) | ep_epoch0(NODE2) | held(NODE1) | locked_epoch3(NODE2) | (NODE0 = NODE2 | NODE1 = NODE2 | NODE0 = NODE1)","11","--1-0---0----0------------0------------","8","63","2","1201010030"
"210","forall NODE1. ~ep_epoch2(NODE1) | (exists NODE0. ((ep_epoch0(NODE0) | locked_epoch3(NODE0)) & NODE0 ~= NODE1))","6","--1-0---0----------------00------------","4","24","5","1200020011"
"211","forall NODE1. ~ep_epoch3(NODE1) | (exists NODE0. ((ep_epoch0(NODE0) | ep_epoch1(NODE0)) & NODE0 ~= NODE1))","6","---100--00-----------------------------","4","26","6","1400000011"
"212","forall NODE1. ~ep_epoch3(NODE1) | (exists NODE0. ((ep_epoch0(NODE0) | ep_epoch2(NODE0)) & NODE0 ~= NODE1))","6","---10-0-0-0----------------------------","4","26","6","1400000011"
"213","forall NODE1,NODE0,NODE2. ~ep_epoch3(NODE0) | ep_epoch0(NODE1) | ep_epoch0(NODE2) | ep_epoch2(NODE1) | locked_epoch2(NODE2) | (NODE0 = NODE2 | NODE1 = NODE2 | NODE0 = NODE1)","11","---10-0-0--------------0---------------","8","65","4","1300010030"
"214","forall NODE1. ~ep_epoch3(NODE1) | (exists NODE0. ((ep_epoch0(NODE0) | locked_epoch2(NODE0)) & NODE0 ~= NODE1))","6","---10---0-------------00---------------","4","24","5","1200020011"
"215","forall NODE1. ~held(NODE1) | (exists NODE0. ((ep_epoch0(NODE0) | ep_epoch1(NODE0)) & NODE0 ~= NODE1))","6","----00--00--1--------------------------","4","22","2","0410000011"
"216","forall NODE1. ~held(NODE1) | (exists NODE0. ((ep_epoch0(NODE0) | ep_epoch2(NODE0)) & NODE0 ~= NODE1))","6","----0-0-0-0-1--------------------------","4","22","2","0410000011"
"217","forall NODE1,NODE0,NODE2. ~held(NODE0) | ep_epoch0(NODE1) | ep_epoch0(NODE2) | ep_epoch2(NODE2) | locked_epoch2(NODE1) | (NODE0 = NODE2 | NODE1 = NODE2 | NODE0 = NODE1)","11","----0-0-0---1----------0---------------","8","59","2","0310010030"
"218","forall NODE1. ~held(NODE1) | (exists NODE0. ((ep_epoch0(NODE0) | locked_epoch2(NODE0)) & NODE0 ~= NODE1))","6","----0---0---1---------00---------------","4","0","182","0210020011"
"219","forall NODE1,NODE0,NODE2. ~held(NODE0) | ep_epoch0(NODE1) | ep_epoch2(NODE1) | ep_epoch2(NODE2) | locked_epoch2(NODE0) | (NODE0 = NODE2 | NODE1 = NODE2 | NODE0 = NODE1)","11","----0-0---0-1--------0-----------------","8","59","2","0310010030"
"220","forall NODE1,NODE3,NODE0,NODE2. ~held(NODE0) | ep_epoch0(NODE1) | ep_epoch2(NODE2) | locked_epoch2(NODE0) | locked_epoch2(NODE3) | ((NODE1 ~= NODE2 | NODE0 = NODE3 | NODE0 = NODE1 | NODE1 = NODE3) & (NODE1 ~= NODE3 | NODE0 = NODE2 | NODE1 = NODE2 | NODE0 = NODE1))","17","----0-0-----1--------0-0---------------","13","0","182","0210020040"
"221","forall NODE1,NODE0,NODE2. ~held(NODE0) | ep_epoch0(NODE1) | locked_epoch2(NODE0) | locked_epoch2(NODE1) | locked_epoch2(NODE2) | (NODE0 = NODE2 | NODE1 = NODE2 | NODE0 = NODE1)","11","----0-------1--------000---------------","8","0","182","0110030030"
"222","forall NODE1. ~held(NODE1) | ep_epoch1(NODE1) | locked_epoch2(NODE1) | (exists NODE0. (ep_epoch2(NODE0) & NODE0 ~= NODE1))","7","-0----0---0-1--------0-----------------","5","0","182","0310010011"
"223","forall NODE1,NODE0,NODE2. ~held(NODE0) | ep_epoch1(NODE0) | ep_epoch2(NODE1) | locked_epoch2(NODE0) | locked_epoch2(NODE2) | (NODE0 = NODE2 | NODE1 = NODE2 | NODE0 = NODE1)","11","-0----0-----1--------0-0---------------","8","0","182","0210020030"
"224","forall NODE1. ~held(NODE1) | ep_epoch1(NODE1) | locked_epoch2(NODE1) | (exists NODE0. (locked_epoch2(NODE0) & NODE0 ~= NODE1))","7","-0----------1--------000---------------","5","0","182","0110030011"
"225","forall NODE1. ~locked_epoch2(NODE1) | (exists NODE0. ((ep_epoch0(NODE0) | ep_epoch1(NODE0)) & NODE0 ~= NODE1))","6","----00--00-----------1-----------------","4","21","4","0400100011"
"226","forall NODE1. ~locked_epoch2(NODE1) | (exists NODE0. ((ep_epoch0(NODE0) | ep_epoch3(NODE0)) & NODE0 ~= NODE1))","6","----0--00--0---------1-----------------","4","21","4","0400100011"
"227","forall NODE1,NODE0,NODE2. ~locked_epoch2(NODE0) | ep_epoch0(NODE1) | ep_epoch0(NODE2) | ep_epoch3(NODE1) | held(NODE2) | (NODE0 = NODE2 | NODE1 = NODE2 | NODE0 = NODE1)","11","----0--00-----0------1-----------------","8","0","182","0301100030"
"228","forall NODE1,NODE0,NODE2. ~locked_epoch2(NODE0) | ep_epoch0(NODE1) | ep_epoch0(NODE2) | ep_epoch3(NODE1) | locked_epoch3(NODE2) | (NODE0 = NODE2 | NODE1 = NODE2 | NODE0 = NODE1)","11","----0--00------------1----0------------","8","58","2","0300110030"
"229","forall NODE1. ~locked_epoch2(NODE1) | (exists NODE0. ((ep_epoch0(NODE0) | held(NODE0)) & NODE0 ~= NODE1))","6","----0---0----00------1-----------------","4","0","182","0202100011"
"230","forall NODE1,NODE0,NODE2. ~locked_epoch2(NODE0) | ep_epoch0(NODE1) | ep_epoch0(NODE2) | held(NODE1) | locked_epoch3(NODE2) | (NODE0 = NODE2 | NODE1 = NODE2 | NODE0 = NODE1)","11","----0---0----0-------1----0------------","8","0","182","0201110030"
"231","forall NODE1. ~locked_epoch2(NODE1) | (exists NODE0. ((ep_epoch0(NODE0) | locked_epoch3(NODE0)) & NODE0 ~= NODE1))","6","----0---0------------1---00------------","4","19","2","0200120011"
"232","forall NODE1. ~locked_epoch3(NODE1) | (exists NODE0. ((ep_epoch0(NODE0) | ep_epoch1(NODE0)) & NODE0 ~= NODE1))","6","----00--00--------------1--------------","4","21","4","0400100011"
"233","forall NODE1. ~locked_epoch3(NODE1) | (exists NODE0. ((ep_epoch0(NODE0) | ep_epoch2(NODE0)) & NODE0 ~= NODE1))","6","----0-0-0-0-------------1--------------","4","21","4","0400100011"
"234","forall NODE1,NODE0,NODE2. ~locked_epoch3(NODE0) | ep_epoch0(NODE1) | ep_epoch0(NODE2) | ep_epoch2(NODE2) | locked_epoch2(NODE1) | (NODE0 = NODE2 | NODE1 = NODE2 | NODE0 = NODE1)","11","----0-0-0--------------01--------------","8","58","2","0300110030"
"235","forall NODE1. ~locked_epoch3(NODE1) | (exists NODE0. ((ep_epoch0(NODE0) | locked_epoch2(NODE0)) & NODE0 ~= NODE1))","6","----0---0-------------001--------------","4","19","2","0200120011"
"236","forall NODE1,NODE0,NODE2. ~transfer_epoch3(NODE0) | ep_epoch0(NODE1) | ep_epoch0(NODE2) | ep_epoch1(NODE1) | ep_epoch1(NODE2) | ((NODE1 = NODE2 & NODE0 ~= NODE1) | (NODE0 = NODE1 & NODE0 = NODE2))","12","00--00------------------------------1--","9","68","2","0400001030"
"237","forall NODE1,NODE0,NODE2. ~transfer_epoch3(NODE0) | ep_epoch0(NODE1) | ep_epoch0(NODE2) | ep_epoch2(NODE1) | ep_epoch2(NODE2) | ((NODE1 = NODE2 & NODE0 ~= NODE1) | (NODE0 = NODE1 & NODE0 = NODE2))","12","0-0-0-0-----------------------------1--","9","68","2","0400001030"
"238","forall NODE1,NODE4,NODE2,NODE0,NODE3. ~transfer_epoch3(NODE0) | ep_epoch0(NODE1) | ep_epoch0(NODE2) | ep_epoch2(NODE3) | locked_epoch2(NODE4) | ((NODE0 ~= NODE3 | NODE0 ~= NODE2 | NODE1 ~= NODE4 | NODE0 = NODE1) & (NODE0 ~= NODE4 | NODE0 ~= NODE2 | NODE1 ~= NODE3 | NODE0 = NODE1) & (NODE1 ~= NODE3 | NODE2 ~= NODE4 | NODE0 = NODE2 | NODE1 = NODE2 | NODE0 = NODE1))","23","0-0-0-----------------0-------------1--","18","0","182","0300011050"
"239","forall NODE1,NODE0,NODE2. ~transfer_epoch3(NODE0) | ep_epoch0(NODE1) | ep_epoch0(NODE2) | locked_epoch2(NODE1) | locked_epoch2(NODE2) | ((NODE1 = NODE2 & NODE0 ~= NODE1) | (NODE0 = NODE1 & NODE0 = NODE2))","12","0---0----------------00-------------1--","9","0","182","0200021030"
"240","forall NODE1. ep_epoch2(NODE1) | (exists NODE0. ((ep_epoch0(NODE0) | locked_epoch2(NODE0)) & NODE0 ~= NODE1))","6","0---0-----0----------00----------------","4","0","182","0300020011"
"241","forall NODE1,NODE0,NODE2. ep_epoch0(NODE0) | ep_epoch0(NODE1) | locked_epoch2(NODE0) | locked_epoch2(NODE1) | locked_epoch2(NODE2) | (NODE0 = NODE2 | NODE1 = NODE2 | NODE0 = NODE1)","11","0---0----------------000---------------","8","56","2","0200030030"
"242","forall NODE1. ep_epoch0(NODE1) | ep_epoch1(NODE1) | locked_epoch2(NODE1) | (exists NODE0. (ep_epoch2(NODE0) & NODE0 ~= NODE1))","7","00----0---0----------0-----------------","5","0","182","0400010011"
"243","forall NODE1,NODE0,NODE2. ep_epoch0(NODE0) | ep_epoch1(NODE0) | ep_epoch2(NODE1) | locked_epoch2(NODE0) | locked_epoch2(NODE2) | (NODE0 = NODE2 | NODE1 = NODE2 | NODE0 = NODE1)","11","00----0--------------0-0---------------","8","0","182","0300020030"
"244","forall NODE1,NODE0,NODE2. ep_epoch0(NODE0) | ep_epoch1(NODE0) | locked_epoch2(NODE0) | locked_epoch2(NODE1) | locked_epoch2(NODE2) | (NODE0 = NODE2 | NODE1 = NODE2 | NODE0 = NODE1)","11","00-------------------000---------------","8","56","2","0200030030"
"245","forall NODE1,NODE0,NODE2. ~ep_epoch0(NODE0) | ep_epoch0(NODE1) | ep_epoch0(NODE2) | ep_epoch2(NODE2) | ep_epoch3(NODE2) | locked_epoch2(NODE1) | (NODE0 = NODE2 | NODE1 = NODE2 | NODE0 = NODE1)","12","1---0-000--------------0---------------","9","73","2","1400010030"
"246","forall NODE1,NODE0,NODE2. ~ep_epoch0(NODE0) | ep_epoch0(NODE1) | ep_epoch0(NODE2) | ep_epoch2(NODE1) | held(NODE1) | locked_epoch2(NODE2) | (NODE0 = NODE2 | NODE1 = NODE2 | NODE0 = NODE1)","12","1---0-0-0----0---------0---------------","9","72","2","1301010030"
"247","forall NODE1,NODE0,NODE2. ~ep_epoch0(NODE0) | ep_epoch0(NODE1) | ep_epoch0(NODE2) | ep_epoch2(NODE2) | locked_epoch2(NODE1) | locked_epoch3(NODE2) | (NODE0 = NODE2 | NODE1 = NODE2 | NODE0 = NODE1)","12","1---0-0-0--------------0-0-------------","9","71","2","1300020030"
"248","forall NODE1,NODE0,NODE2. ~ep_epoch0(NODE0) | ep_epoch1(NODE1) | ep_epoch1(NODE2) | ep_epoch2(NODE2) | ep_epoch3(NODE2) | locked_epoch2(NODE1) | (NODE0 = NODE2 | NODE1 = NODE2 | NODE0 = NODE1)","12","1----000-0-------------0---------------","9","73","2","1400010030"
"249","forall NODE1,NODE0,NODE2. ~ep_epoch0(NODE0) | ep_epoch1(NODE1) | ep_epoch1(NODE2) | ep_epoch2(NODE1) | held(NODE1) | locked_epoch2(NODE2) | (NODE0 = NODE2 | NODE1 = NODE2 | NODE0 = NODE1)","12","1----00--0---0---------0---------------","9","72","2","1301010030"
"250","forall NODE1,NODE0,NODE2. ~ep_epoch0(NODE0) | ep_epoch1(NODE1) | ep_epoch1(NODE2) | ep_epoch2(NODE2) | locked_epoch2(NODE1) | locked_epoch3(NODE2) | (NODE0 = NODE2 | NODE1 = NODE2 | NODE0 = NODE1)","12","1----00--0-------------0-0-------------","9","71","2","1300020030"
"251","exists NODE0. ep_epoch0(NODE0) | ep_epoch1(NODE0)","3","00--00--00-----------------------------","2","4","3","0600000001"
"252","exists NODE0. ep_epoch0(NODE0) | ep_epoch2(NODE0)","3","0-0-0-0-0-0----------------------------","2","4","3","0600000001"
"253","forall NODE1. ep_epoch0(NODE1) | locked_epoch2(NODE1) | (exists NODE0. ((ep_epoch0(NODE0) | ep_epoch2(NODE0)) & NODE0 ~= NODE1))","7","0-0-0-0-0--------------0---------------","5","31","2","0500010011"
"254","exists NODE0. ep_epoch0(NODE0) | ep_epoch3(NODE0)","3","0--00--00--0---------------------------","2","4","3","0600000001"
"255","forall NODE1,NODE0,NODE2. ep_epoch0(NODE0) | ep_epoch0(NODE1) | ep_epoch0(NODE2) | ep_epoch3(NODE1) | ep_epoch3(NODE2) | held(NODE0) | (NODE0 = NODE2 | NODE1 = NODE2 | NODE0 = NODE1)","12","0--00--00-----0------------------------","9","0","182","0501000030"
"256","forall NODE1. ep_epoch0(NODE1) | locked_epoch3(NODE1) | (exists NODE0. ((ep_epoch0(NODE0) | ep_epoch3(NODE0)) & NODE0 ~= NODE1))","7","0--00--00-----------------0------------","5","31","2","0500010011"
"257","forall NODE1,NODE0,NODE2. ep_epoch0(NODE0) | ep_epoch0(NODE1) | ep_epoch0(NODE2) | ep_epoch3(NODE2) | held(NODE0) | held(NODE1) | (NODE0 = NODE2 | NODE1 = NODE2 | NODE0 = NODE1)","12","0--00---0----00------------------------","9","0","182","0402000030"
"258","forall NODE1,NODE0,NODE2. ep_epoch0(NODE0) | ep_epoch0(NODE1) | ep_epoch0(NODE2) | ep_epoch3(NODE0) | held(NODE1) | locked_epoch3(NODE2) | (NODE0 = NODE2 | NODE1 = NODE2 | NODE0 = NODE1)","12","0--00---0----0------------0------------","9","70","2","0401010030"
"259","forall NODE1,NODE0,NODE2. ep_epoch0(NODE0) | ep_epoch0(NODE1) | ep_epoch0(NODE2) | ep_epoch3(NODE1) | locked_epoch3(NODE0) | locked_epoch3(NODE2) | (NODE0 = NODE2 | NODE1 = NODE2 | NODE0 = NODE1)","12","0--00---0----------------00------------","9","69","3","0400020030"
"260","exists NODE0. ep_epoch0(NODE0) | held(NODE0)","3","0---0---0---000------------------------","2","0","182","0303000001"
"261","forall NODE1,NODE0,NODE2. ep_epoch0(NODE0) | ep_epoch0(NODE1) | ep_epoch0(NODE2) | held(NODE1) | held(NODE2) | locked_epoch3(NODE0) | (NODE0 = NODE2 | NODE1 = NODE2 | NODE0 = NODE1)","12","0---0---0---00------------0------------","9","0","182","0302010030"
"262","forall NODE1,NODE0,NODE2. ep_epoch0(NODE0) | ep_epoch0(NODE1) | ep_epoch0(NODE2) | held(NODE1) | locked_epoch3(NODE0) | locked_epoch3(NODE2) | (NODE0 = NODE2 | NODE1 = NODE2 | NODE0 = NODE1)","12","0---0---0---0------------00------------","9","67","2","0301020030"
"263","exists NODE0. ep_epoch0(NODE0) | locked_epoch3(NODE0)","3","0---0---0---------------000------------","2","3","2","0300030001"
"264","forall NODE1,NODE0. ep_epoch0(NODE0) | ep_epoch0(NODE1) | ep_epoch1(NODE0) | ep_epoch1(NODE1) | ep_epoch2(NODE0) | ep_epoch2(NODE1) | NODE0 = NODE1","9","000-000--------------------------------","7","44","3","0600000020"
"265","forall NODE1,NODE0. ep_epoch0(NODE0) | ep_epoch0(NODE1) | ep_epoch1(NODE0) | ep_epoch1(NODE1) | ep_epoch2(NODE0) | locked_epoch2(NODE1) | NODE0 = NODE1","9","000-00----------------0----------------","7","42","4","0500010020"
"266","forall NODE1,NODE0. ep_epoch0(NODE0) | ep_epoch0(NODE1) | ep_epoch1(NODE0) | ep_epoch1(NODE1) | ep_epoch3(NODE0) | ep_epoch3(NODE1) | NODE0 = NODE1","9","00-000-0-------------------------------","7","44","3","0600000020"
"267","forall NODE1,NODE0. ep_epoch0(NODE0) | ep_epoch0(NODE1) | ep_epoch1(NODE0) | ep_epoch1(NODE1) | ep_epoch3(NODE1) | held(NODE0) | NODE0 = NODE1","9","00-000-------0-------------------------","7","43","2","0501000020"
"268","forall NODE1,NODE0. ep_epoch0(NODE0) | ep_epoch0(NODE1) | ep_epoch1(NODE0) | ep_epoch1(NODE1) | ep_epoch3(NODE1) | locked_epoch3(NODE0) | NODE0 = NODE1","9","00-000-------------------0-------------","7","42","4","0500010020"
"269","forall NODE1,NODE0. ep_epoch0(NODE0) | ep_epoch0(NODE1) | ep_epoch1(NODE0) | ep_epoch1(NODE1) | held(NODE0) | held(NODE1) | NODE0 = NODE1","9","00--00------00-------------------------","7","41","2","0402000020"
"270","forall NODE1,NODE0. ep_epoch0(NODE0) | ep_epoch0(NODE1) | ep_epoch1(NODE0) | ep_epoch1(NODE1) | held(NODE1) | locked_epoch3(NODE0) | NODE0 = NODE1","9","00--00------0------------0-------------","7","40","2","0401010020"
"271","forall NODE1,NODE0. ep_epoch0(NODE0) | ep_epoch0(NODE1) | ep_epoch1(NODE0) | ep_epoch1(NODE1) | locked_epoch2(NODE0) | locked_epoch2(NODE1) | NODE0 = NODE1","9","00--00---------------00----------------","7","39","4","0400020020"
"272","forall NODE1,NODE0. ep_epoch0(NODE0) | ep_epoch0(NODE1) | ep_epoch1(NODE0) | ep_epoch1(NODE1) | locked_epoch3(NODE0) | locked_epoch3(NODE1) | NODE0 = NODE1","9","00--00------------------00-------------","7","39","4","0400020020"
"273","forall NODE1,NODE0. ep_epoch0(NODE0) | ep_epoch0(NODE1) | ep_epoch2(NODE0) | ep_epoch2(NODE1) | ep_epoch3(NODE0) | ep_epoch3(NODE1) | NODE0 = NODE1","9","0-000-00-------------------------------","7","44","3","0600000020"
"274","forall NODE1,NODE0. ep_epoch0(NODE0) | ep_epoch0(NODE1) | ep_epoch2(NODE0) | ep_epoch2(NODE1) | ep_epoch3(NODE1) | held(NODE0) | NODE0 = NODE1","9","0-000-0------0-------------------------","7","43","2","0501000020"
"275","forall NODE1,NODE0. ep_epoch0(NODE0) | ep_epoch0(NODE1) | ep_epoch2(NODE0) | ep_epoch2(NODE1) | ep_epoch3(NODE0) | locked_epoch3(NODE1) | NODE0 = NODE1","9","0-000-0------------------0-------------","7","42","4","0500010020"
"276","forall NODE1,NODE0. ep_epoch0(NODE0) | ep_epoch0(NODE1) | ep_epoch2(NODE0) | ep_epoch2(NODE1) | held(NODE0) | held(NODE1) | NODE0 = NODE1","9","0-0-0-0-----00-------------------------","7","41","2","0402000020"
"277","forall NODE1,NODE0. ep_epoch0(NODE0) | ep_epoch0(NODE1) | ep_epoch2(NODE0) | ep_epoch2(NODE1) | held(NODE0) | locked_epoch3(NODE1) | NODE0 = NODE1","9","0-0-0-0-----0------------0-------------","7","40","2","0401010020"
"278","forall NODE1,NODE0. ep_epoch0(NODE0) | ep_epoch0(NODE1) | ep_epoch2(NODE0) | ep_epoch2(NODE1) | locked_epoch3(NODE0) | locked_epoch3(NODE1) | NODE0 = NODE1","9","0-0-0-0-----------------00-------------","7","39","4","0400020020"
"279","forall NODE1,NODE0,NODE2. ep_epoch0(NODE0) | ep_epoch0(NODE1) | ep_epoch2(NODE0) | ep_epoch2(NODE2) | ep_epoch3(NODE0) | locked_epoch2(NODE1) | (NODE0 = NODE2 | NODE1 = NODE2 | NODE0 = NODE1)","12","0-000-----0-----------0----------------","9","0","182","0500010030"
"280","forall NODE1,NODE0,NODE2. ep_epoch0(NODE0) | ep_epoch0(NODE1) | ep_epoch2(NODE0) | ep_epoch2(NODE2) | held(NODE0) | locked_epoch2(NODE1) | (NODE0 = NODE2 | NODE1 = NODE2 | NODE0 = NODE1)","12","0-0-0-----0-0---------0----------------","9","70","2","0401010030"
"281","forall NODE1,NODE0,NODE2. ep_epoch0(NODE0) | ep_epoch0(NODE1) | ep_epoch2(NODE0) | ep_epoch2(NODE2) | locked_epoch2(NODE1) | locked_epoch3(NODE0) | (NODE0 = NODE2 | NODE1 = NODE2 | NODE0 = NODE1)","12","0-0-0-----0-----------0-0--------------","9","69","3","0400020030"
"282","forall NODE1,NODE0. ep_epoch0(NODE0) | ep_epoch0(NODE1) | ep_epoch2(NODE0) | ep_epoch3(NODE0) | ep_epoch3(NODE1) | locked_epoch2(NODE1) | NODE0 = NODE1","9","0-000--0--------------0----------------","7","42","4","0500010020"
"283","forall NODE1,NODE3,NODE0,NODE2. ep_epoch0(NODE0) | ep_epoch0(NODE1) | ep_epoch2(NODE2) | ep_epoch3(NODE1) | held(NODE0) | locked_epoch2(NODE3) | ((NODE0 ~= NODE2 | NODE1 ~= NODE3 | NODE0 = NODE1) & (NODE0 ~= NODE3 | NODE1 ~= NODE2 | NODE0 = NODE1))","16","0-000--------0--------0----------------","12","0","182","0401010040"
"284","forall NODE1,NODE0,NODE2. ep_epoch0(NODE0) | ep_epoch0(NODE1) | ep_epoch2(NODE0) | ep_epoch3(NODE0) | locked_epoch2(NODE1) | locked_epoch2(NODE2) | (NODE0 = NODE2 | NODE1 = NODE2 | NODE0 = NODE1)","12","0-000-----------------00---------------","9","69","3","0400020030"
"285","forall NODE1,NODE3,NODE0,NODE2. ep_epoch0(NODE0) | ep_epoch0(NODE1) | ep_epoch2(NODE0) | ep_epoch3(NODE2) | locked_epoch2(NODE1) | locked_epoch3(NODE3) | ((NODE0 ~= NODE2 | NODE1 ~= NODE3 | NODE0 = NODE1) & (NODE0 ~= NODE3 | NODE1 ~= NODE2 | NODE0 = NODE1))","16","0-000-----------------0--0-------------","12","0","182","0400020040"
"286","forall NODE1,NODE0. ep_epoch0(NODE0) | ep_epoch0(NODE1) | ep_epoch2(NODE1) | held(NODE0) | held(NODE1) | locked_epoch2(NODE0) | NODE0 = NODE1","9","0-0-0-------00--------0----------------","7","0","182","0302010020"
"287","forall NODE1,NODE0,NODE2. ep_epoch0(NODE0) | ep_epoch0(NODE1) | ep_epoch2(NODE0) | held(NODE0) | locked_epoch2(NODE1) | locked_epoch2(NODE2) | (NODE0 = NODE2 | NODE1 = NODE2 | NODE0 = NODE1)","12","0-0-0-------0---------00---------------","9","67","2","0301020030"
"288","forall NODE1,NODE3,NODE0,NODE2. ep_epoch0(NODE0) | ep_epoch0(NODE1) | ep_epoch2(NODE2) | held(NODE0) | locked_epoch2(NODE3) | locked_epoch3(NODE1) | ((NODE0 ~= NODE2 | NODE1 ~= NODE3 | NODE0 = NODE1) & (NODE0 ~= NODE3 | NODE1 ~= NODE2 | NODE0 = NODE1))","16","0-0-0-------0---------0--0-------------","12","0","182","0301020040"
"289","forall NODE1,NODE0,NODE2. ep_epoch0(NODE0) | ep_epoch0(NODE1) | ep_epoch2(NODE0) | locked_epoch2(NODE1) | locked_epoch2(NODE2) | locked_epoch3(NODE0) | (NODE0 = NODE2 | NODE1 = NODE2 | NODE0 = NODE1)","12","0-0-0-----------------000--------------","9","0","182","0300030030"
"290","forall NODE1,NODE0. ep_epoch0(NODE0) | ep_epoch0(NODE1) | ep_epoch2(NODE0) | locked_epoch2(NODE1) | locked_epoch3(NODE0) | locked_epoch3(NODE1) | NODE0 = NODE1","9","0-0-0-----------------0-00-------------","7","38","2","0300030020"
"291","forall NODE1,NODE0. ep_epoch0(NODE0) | ep_epoch0(NODE1) | ep_epoch3(NODE0) | ep_epoch3(NODE1) | locked_epoch2(NODE0) | locked_epoch2(NODE1) | NODE0 = NODE1","9","0--00--0-------------00----------------","7","39","4","0400020020"
"292","forall NODE1,NODE0. ep_epoch0(NODE0) | ep_epoch0(NODE1) | ep_epoch3(NODE0) | held(NODE1) | locked_epoch2(NODE0) | locked_epoch2(NODE1) | NODE0 = NODE1","9","0--00--------0-------00----------------","7","0","182","0301020020"
"293","forall NODE1,NODE0. ep_epoch0(NODE0) | ep_epoch0(NODE1) | ep_epoch3(NODE1) | locked_epoch2(NODE0) | locked_epoch2(NODE1) | locked_epoch3(NODE0) | NODE0 = NODE1","9","0--00----------------00--0-------------","7","38","2","0300030020"
"294","forall NODE1,NODE0. ep_epoch0(NODE0) | ep_epoch0(NODE1) | held(NODE0) | held(NODE1) | locked_epoch2(NODE0) | locked_epoch2(NODE1) | NODE0 = NODE1","9","0---0-------00-------00----------------","7","0","182","0202020020"
"295","forall NODE1,NODE0. ep_epoch0(NODE0) | ep_epoch0(NODE1) | held(NODE1) | locked_epoch2(NODE0) | locked_epoch2(NODE1) | locked_epoch3(NODE0) | NODE0 = NODE1","9","0---0-------0--------00--0-------------","7","0","182","0201030020"
"296","forall NODE1,NODE0. ep_epoch0(NODE0) | ep_epoch0(NODE1) | locked_epoch2(NODE0) | locked_epoch2(NODE1) | locked_epoch3(NODE0) | locked_epoch3(NODE1) | NODE0 = NODE1","9","0---0----------------00-00-------------","7","0","182","0200040020"
"297","exists NODE0. ep_epoch1(NODE0) | locked_epoch2(NODE0)","3","-0---0---0-----------000---------------","2","3","2","0300030001"
"298","forall NODE1. ~ep_epoch1(NODE1) | held(NODE1) | transfer_epoch2(NODE1) | (exists NODE0. ((~ep_epoch0(NODE0) | transfer_epoch2(NODE0)) & NODE0 ~= NODE1))","8","1---1----1----0------------------000---","6","36","2","3001000311"
"299","forall NODE1. ~ep_epoch2(NODE1) | held(NODE1) | transfer_epoch3(NODE1) | (exists NODE0. ((~ep_epoch0(NODE0) | transfer_epoch3(NODE0)) & NODE0 ~= NODE1))","8","1---1-----1---0---------------------000","6","36","2","3001000311"
"300","forall NODE1,NODE0,NODE2. ~ep_epoch0(NODE0) | ~ep_epoch0(NODE1) | ~locked_epoch2(NODE2) | held(NODE2) | transfer_epoch3(NODE0) | transfer_epoch3(NODE1) | transfer_epoch3(NODE2) | (NODE0 = NODE2 | NODE1 = NODE2 | NODE0 = NODE1)","13","1---1---------0--------1------------000","10","82","2","2001100330"
"301","forall NODE1,NODE0,NODE2. ~ep_epoch0(NODE0) | ~ep_epoch0(NODE1) | ep_epoch1(NODE2) | held(NODE2) | transfer_epoch3(NODE0) | transfer_epoch3(NODE1) | transfer_epoch3(NODE2) | (NODE0 = NODE2 | NODE1 = NODE2 | NODE0 = NODE1)","13","1---1----0----0---------------------000","10","84","5","2101000330"
"302","forall NODE1,NODE0,NODE2. ~ep_epoch0(NODE0) | ~ep_epoch0(NODE1) | ep_epoch2(NODE2) | held(NODE2) | transfer_epoch2(NODE0) | transfer_epoch2(NODE1) | transfer_epoch2(NODE2) | (NODE0 = NODE2 | NODE1 = NODE2 | NODE0 = NODE1)","13","1---1-----0---0------------------000---","10","84","5","2101000330"
"303","forall NODE1,NODE0,NODE2. ~ep_epoch0(NODE0) | ~ep_epoch0(NODE1) | held(NODE2) | locked_epoch2(NODE2) | transfer_epoch2(NODE0) | transfer_epoch2(NODE1) | transfer_epoch2(NODE2) | (NODE0 = NODE2 | NODE1 = NODE2 | NODE0 = NODE1)","13","1---1---------0--------0---------000---","10","81","4","2001010330"
"304","forall NODE1,NODE0,NODE2. ~ep_epoch0(NODE0) | ~ep_epoch1(NODE1) | ~ep_epoch2(NODE2) | held(NODE2) | transfer_epoch3(NODE0) | transfer_epoch3(NODE1) | transfer_epoch3(NODE2) | (NODE0 = NODE2 | NODE1 = NODE2 | NODE0 = NODE1)","13","1----1----1---0---------------------000","10","0","182","3001000330"
"305","forall NODE1,NODE0,NODE2. ~ep_epoch0(NODE0) | ~ep_epoch1(NODE1) | ~locked_epoch2(NODE2) | held(NODE2) | transfer_epoch3(NODE0) | transfer_epoch3(NODE1) | transfer_epoch3(NODE2) | (NODE0 = NODE2 | NODE1 = NODE2 | NODE0 = NODE1)","13","1----1--------0--------1------------000","10","82","2","2001100330"
"306","forall NODE1,NODE0,NODE2. ~ep_epoch0(NODE0) | ~ep_epoch1(NODE1) | ep_epoch0(NODE2) | held(NODE2) | transfer_epoch3(NODE0) | transfer_epoch3(NODE1) | transfer_epoch3(NODE2) | (NODE0 = NODE2 | NODE1 = NODE2 | NODE0 = NODE1)","13","1----1--0-----0---------------------000","10","84","5","2101000330"
"307","forall NODE1,NODE0,NODE2. ~ep_epoch0(NODE0) | ~ep_epoch1(NODE1) | held(NODE1) | locked_epoch2(NODE2) | transfer_epoch2(NODE0) | transfer_epoch2(NODE1) | transfer_epoch2(NODE2) | (NODE0 = NODE2 | NODE1 = NODE2 | NODE0 = NODE1)","13","1----1-------0---------0---------000---","10","81","4","2001010330"
"308","forall NODE1,NODE0,NODE2. ~ep_epoch0(NODE0) | ~ep_epoch2(NODE1) | ep_epoch3(NODE2) | held(NODE1) | transfer_epoch3(NODE0) | transfer_epoch3(NODE1) | transfer_epoch3(NODE2) | (NODE0 = NODE2 | NODE1 = NODE2 | NODE0 = NODE1)","13","1-----1----0-0----------------------000","10","84","5","2101000330"
"309","forall NODE1,NODE0,NODE2. ~ep_epoch0(NODE0) | ~ep_epoch2(NODE1) | held(NODE1) | held(NODE2) | transfer_epoch3(NODE0) | transfer_epoch3(NODE1) | transfer_epoch3(NODE2) | (NODE0 = NODE2 | NODE1 = NODE2 | NODE0 = NODE1)","13","1-----1------00---------------------000","10","83","2","2002000330"
"310","forall NODE1,NODE0,NODE2. ~ep_epoch0(NODE0) | ~ep_epoch2(NODE1) | held(NODE1) | locked_epoch3(NODE2) | transfer_epoch3(NODE0) | transfer_epoch3(NODE1) | transfer_epoch3(NODE2) | (NODE0 = NODE2 | NODE1 = NODE2 | NODE0 = NODE1)","13","1-----1------0------------0---------000","10","81","4","2001010330"
"311","forall NODE1,NODE0,NODE2. ~ep_epoch0(NODE0) | ~locked_epoch2(NODE1) | ep_epoch3(NODE2) | held(NODE1) | transfer_epoch3(NODE0) | transfer_epoch3(NODE1) | transfer_epoch3(NODE2) | (NODE0 = NODE2 | NODE1 = NODE2 | NODE0 = NODE1)","13","1----------0-0--------1-------------000","10","78","2","1101100330"
"312","forall NODE1,NODE0,NODE2. ~ep_epoch0(NODE0) | ~locked_epoch2(NODE1) | held(NODE1) | held(NODE2) | transfer_epoch3(NODE0) | transfer_epoch3(NODE1) | transfer_epoch3(NODE2) | (NODE0 = NODE2 | NODE1 = NODE2 | NODE0 = NODE1)","13","1------------00-------1-------------000","10","76","2","1002100330"
"313","forall NODE1,NODE0,NODE2. ~ep_epoch0(NODE0) | ~locked_epoch2(NODE1) | held(NODE1) | locked_epoch3(NODE2) | transfer_epoch3(NODE0) | transfer_epoch3(NODE1) | transfer_epoch3(NODE2) | (NODE0 = NODE2 | NODE1 = NODE2 | NODE0 = NODE1)","13","1------------0--------1---0---------000","10","75","2","1001110330"
"314","forall NODE1. ~ep_epoch0(NODE1) | (exists NODE0. ((ep_epoch1(NODE0) | ep_epoch2(NODE0) | ep_epoch3(NODE0)) & NODE0 ~= NODE1))","7","1----000-000---------------------------","5","0","182","1600000011"
"315","forall NODE1,NODE0,NODE2. ~ep_epoch0(NODE0) | ep_epoch1(NODE1) | ep_epoch1(NODE2) | ep_epoch2(NODE1) | ep_epoch2(NODE2) | ep_epoch3(NODE1) | held(NODE2) | (NODE0 = NODE2 | NODE1 = NODE2 | NODE0 = NODE1)","13","1----000-00---0------------------------","10","0","182","1501000030"
"316","forall NODE1,NODE0,NODE2. ~ep_epoch0(NODE0) | ep_epoch1(NODE1) | ep_epoch1(NODE2) | ep_epoch2(NODE1) | ep_epoch2(NODE2) | ep_epoch3(NODE2) | locked_epoch3(NODE1) | (NODE0 = NODE2 | NODE1 = NODE2 | NODE0 = NODE1)","13","1----000-00---------------0------------","10","0","182","1500010030"
"317","forall NODE1. ~ep_epoch0(NODE1) | (exists NODE0. ((ep_epoch1(NODE0) | ep_epoch2(NODE0) | held(NODE0)) & NODE0 ~= NODE1))","7","1----00--00--00------------------------","5","0","182","1402000011"
"318","forall NODE1,NODE0,NODE2. ~ep_epoch0(NODE0) | ep_epoch1(NODE1) | ep_epoch1(NODE2) | ep_epoch2(NODE1) | ep_epoch2(NODE2) | held(NODE2) | locked_epoch3(NODE1) | (NODE0 = NODE2 | NODE1 = NODE2 | NODE0 = NODE1)","13","1----00--00--0------------0------------","10","0","182","1401010030"
"319","forall NODE1. ~ep_epoch0(NODE1) | (exists NODE0. ((ep_epoch1(NODE0) | ep_epoch2(NODE0) | locked_epoch3(NODE0)) & NODE0 ~= NODE1))","7","1----00--00--------------00------------","5","0","182","1400020011"
"320","forall NODE1,NODE0,NODE2. ~ep_epoch1(NODE0) | ~ep_epoch2(NODE1) | ep_epoch3(NODE2) | held(NODE1) | transfer_epoch3(NODE0) | transfer_epoch3(NODE1) | transfer_epoch3(NODE2) | (NODE0 = NODE2 | NODE1 = NODE2 | NODE0 = NODE1)","13","-1----1----0-0----------------------000","10","84","5","2101000330"
"321","forall NODE1,NODE0,NODE2. ~ep_epoch1(NODE0) | ~ep_epoch2(NODE1) | held(NODE1) | held(NODE2) | transfer_epoch3(NODE0) | transfer_epoch3(NODE1) | transfer_epoch3(NODE2) | (NODE0 = NODE2 | NODE1 = NODE2 | NODE0 = NODE1)","13","-1----1------00---------------------000","10","83","2","2002000330"
"322","forall NODE1,NODE0,NODE2. ~ep_epoch1(NODE0) | ~ep_epoch2(NODE1) | held(NODE1) | locked_epoch3(NODE2) | transfer_epoch3(NODE0) | transfer_epoch3(NODE1) | transfer_epoch3(NODE2) | (NODE0 = NODE2 | NODE1 = NODE2 | NODE0 = NODE1)","13","-1----1------0------------0---------000","10","81","4","2001010330"
"323","forall NODE1,NODE0,NODE2. ~ep_epoch1(NODE0) | ~locked_epoch2(NODE1) | ep_epoch3(NODE2) | held(NODE1) | transfer_epoch3(NODE0) | transfer_epoch3(NODE1) | transfer_epoch3(NODE2) | (NODE0 = NODE2 | NODE1 = NODE2 | NODE0 = NODE1)","13","-1---------0-0--------1-------------000","10","78","2","1101100330"
"324","forall NODE1,NODE0,NODE2. ~ep_epoch1(NODE0) | ~locked_epoch2(NODE1) | held(NODE1) | held(NODE2) | transfer_epoch3(NODE0) | transfer_epoch3(NODE1) | transfer_epoch3(NODE2) | (NODE0 = NODE2 | NODE1 = NODE2 | NODE0 = NODE1)","13","-1-----------00-------1-------------000","10","76","2","1002100330"
"325","forall NODE1,NODE0,NODE2. ~ep_epoch1(NODE0) | ~locked_epoch2(NODE1) | held(NODE1) | locked_epoch3(NODE2) | transfer_epoch3(NODE0) | transfer_epoch3(NODE1) | transfer_epoch3(NODE2) | (NODE0 = NODE2 | NODE1 = NODE2 | NODE0 = NODE1)","13","-1-----------0--------1---0---------000","10","75","2","1001110330"
"326","forall NODE1,NODE0,NODE2. ~ep_epoch1(NODE0) | ep_epoch0(NODE1) | ep_epoch3(NODE2) | held(NODE1) | transfer_epoch3(NODE0) | transfer_epoch3(NODE1) | transfer_epoch3(NODE2) | (NODE0 = NODE2 | NODE1 = NODE2 | NODE0 = NODE1)","13","-1--0------0-0----------------------000","10","80","2","1201000330"
"327","forall NODE1,NODE0,NODE2. ~ep_epoch1(NODE0) | ep_epoch0(NODE1) | held(NODE1) | held(NODE2) | transfer_epoch3(NODE0) | transfer_epoch3(NODE1) | transfer_epoch3(NODE2) | (NODE0 = NODE2 | NODE1 = NODE2 | NODE0 = NODE1)","13","-1--0--------00---------------------000","10","79","2","1102000330"
"328","forall NODE1,NODE0,NODE2. ~ep_epoch1(NODE0) | ep_epoch0(NODE1) | held(NODE1) | locked_epoch3(NODE2) | transfer_epoch3(NODE0) | transfer_epoch3(NODE1) | transfer_epoch3(NODE2) | (NODE0 = NODE2 | NODE1 = NODE2 | NODE0 = NODE1)","13","-1--0--------0------------0---------000","10","77","2","1101010330"
"329","forall NODE1,NODE0,NODE2. ~ep_epoch1(NODE0) | held(NODE0) | locked_epoch2(NODE1) | locked_epoch2(NODE2) | transfer_epoch2(NODE0) | transfer_epoch2(NODE1) | transfer_epoch2(NODE2) | (NODE0 = NODE2 | NODE1 = NODE2 | NODE0 = NODE1)","13","-1----------0---------00---------000---","10","74","2","1001020330"
"330","forall NODE1,NODE0,NODE2. ~ep_epoch2(NODE0) | ep_epoch3(NODE1) | ep_epoch3(NODE2) | held(NODE0) | transfer_epoch3(NODE0) | transfer_epoch3(NODE1) | transfer_epoch3(NODE2) | (NODE0 = NODE2 | NODE1 = NODE2 | NODE0 = NODE1)","13","--1----0---00-----------------------000","10","80","2","1201000330"
"331","forall NODE1,NODE0,NODE2. ~ep_epoch2(NODE0) | ep_epoch3(NODE1) | held(NODE0) | held(NODE2) | transfer_epoch3(NODE0) | transfer_epoch3(NODE1) | transfer_epoch3(NODE2) | (NODE0 = NODE2 | NODE1 = NODE2 | NODE0 = NODE1)","13","--1----0----0-0---------------------000","10","79","2","1102000330"
"332","forall NODE1,NODE0,NODE2. ~ep_epoch2(NODE0) | ep_epoch3(NODE1) | held(NODE0) | locked_epoch3(NODE2) | transfer_epoch3(NODE0) | transfer_epoch3(NODE1) | transfer_epoch3(NODE2) | (NODE0 = NODE2 | NODE1 = NODE2 | NODE0 = NODE1)","13","--1----0----0-------------0---------000","10","77","2","1101010330"
"333","forall NODE1,NODE0,NODE2. ~ep_epoch2(NODE0) | held(NODE0) | held(NODE1) | held(NODE2) | transfer_epoch3(NODE0) | transfer_epoch3(NODE1) | transfer_epoch3(NODE2) | (NODE0 = NODE2 | NODE1 = NODE2 | NODE0 = NODE1)","13","--1---------000---------------------000","10","0","182","1003000330"
"334","forall NODE1,NODE0,NODE2. ~ep_epoch2(NODE0) | held(NODE0) | held(NODE1) | locked_epoch3(NODE2) | transfer_epoch3(NODE0) | transfer_epoch3(NODE1) | transfer_epoch3(NODE2) | (NODE0 = NODE2 | NODE1 = NODE2 | NODE0 = NODE1)","13","--1---------00------------0---------000","10","0","182","1002010330"
"335","forall NODE1,NODE0,NODE2. ~ep_epoch2(NODE0) | held(NODE0) | locked_epoch3(NODE1) | locked_epoch3(NODE2) | transfer_epoch3(NODE0) | transfer_epoch3(NODE1) | transfer_epoch3(NODE2) | (NODE0 = NODE2 | NODE1 = NODE2 | NODE0 = NODE1)","13","--1---------0------------00---------000","10","74","2","1001020330"
"336","forall NODE1. ~locked_epoch2(NODE1) | held(NODE1) | transfer_epoch3(NODE1) | (exists NODE0. ((ep_epoch3(NODE0) | transfer_epoch3(NODE0)) & NODE0 ~= NODE1))","8","-------0---00--------1--------------000","6","0","182","0201100311"
"337","forall NODE1,NODE0,NODE2. ~locked_epoch2(NODE0) | ep_epoch3(NODE1) | held(NODE0) | held(NODE2) | transfer_epoch3(NODE0) | transfer_epoch3(NODE1) | transfer_epoch3(NODE2) | (NODE0 = NODE2 | NODE1 = NODE2 | NODE0 = NODE1)","13","-------0----0-0------1--------------000","10","0","182","0102100330"
"338","forall NODE1,NODE0,NODE2. ~locked_epoch2(NODE0) | ep_epoch3(NODE1) | held(NODE0) | locked_epoch3(NODE2) | transfer_epoch3(NODE0) | transfer_epoch3(NODE1) | transfer_epoch3(NODE2) | (NODE0 = NODE2 | NODE1 = NODE2 | NODE0 = NODE1)","13","-------0----0--------1----0---------000","10","0","182","0101110330"
"339","forall NODE1. ~locked_epoch2(NODE1) | held(NODE1) | transfer_epoch3(NODE1) | (exists NODE0. ((held(NODE0) | transfer_epoch3(NODE0)) & NODE0 ~= NODE1))","8","------------000------1--------------000","6","0","182","0003100311"
"340","forall NODE1,NODE0,NODE2. ~locked_epoch2(NODE0) | held(NODE0) | held(NODE1) | locked_epoch3(NODE2) | transfer_epoch3(NODE0) | transfer_epoch3(NODE1) | transfer_epoch3(NODE2) | (NODE0 = NODE2 | NODE1 = NODE2 | NODE0 = NODE1)","13","------------00-------1----0---------000","10","0","182","0002110330"
"341","forall NODE1. ~locked_epoch2(NODE1) | held(NODE1) | transfer_epoch3(NODE1) | (exists NODE0. ((locked_epoch3(NODE0) | transfer_epoch3(NODE0)) & NODE0 ~= NODE1))","8","------------0--------1---00---------000","6","0","182","0001120311"
"342","forall NODE1,NODE0,NODE2. ep_epoch1(NODE0) | ep_epoch1(NODE1) | ep_epoch1(NODE2) | ep_epoch2(NODE1) | ep_epoch3(NODE1) | locked_epoch2(NODE0) | locked_epoch2(NODE2) | (NODE0 = NODE2 | NODE1 = NODE2 | NODE0 = NODE1)","13","-000-0---0------------00---------------","10","0","182","0500020030"
"343","forall NODE1,NODE0,NODE2. ep_epoch1(NODE0) | ep_epoch1(NODE1) | ep_epoch1(NODE2) | ep_epoch2(NODE1) | held(NODE1) | locked_epoch2(NODE0) | locked_epoch2(NODE2) | (NODE0 = NODE2 | NODE1 = NODE2 | NODE0 = NODE1)","13","-00--0---0--0---------00---------------","10","0","182","0401020030"
"344","forall NODE1,NODE0,NODE2. ep_epoch1(NODE0) | ep_epoch1(NODE1) | ep_epoch1(NODE2) | ep_epoch2(NODE1) | locked_epoch2(NODE0) | locked_epoch2(NODE2) | locked_epoch3(NODE1) | (NODE0 = NODE2 | NODE1 = NODE2 | NODE0 = NODE1)","13","-00--0---0------------000--------------","10","0","182","0400030030"
"345","forall NODE1,NODE0,NODE2. ~ep_epoch0(NODE0) | ~ep_epoch1(NODE1) | ep_epoch2(NODE2) | ep_epoch3(NODE2) | held(NODE1) | transfer_epoch2(NODE0) | transfer_epoch2(NODE1) | transfer_epoch2(NODE2) | (NODE0 = NODE2 | NODE1 = NODE2 | NODE0 = NODE1)","14","1----1----00-0-------------------000---","11","0","182","2201000330"
"346","forall NODE1,NODE0,NODE2. ~ep_epoch0(NODE0) | ~ep_epoch1(NODE1) | ep_epoch2(NODE2) | held(NODE1) | held(NODE2) | transfer_epoch2(NODE0) | transfer_epoch2(NODE1) | transfer_epoch2(NODE2) | (NODE0 = NODE2 | NODE1 = NODE2 | NODE0 = NODE1)","14","1----1----0--00------------------000---","11","0","182","2102000330"
"347","forall NODE1,NODE0,NODE2. ~ep_epoch0(NODE0) | ~ep_epoch1(NODE1) | ep_epoch2(NODE2) | held(NODE1) | locked_epoch3(NODE2) | transfer_epoch2(NODE0) | transfer_epoch2(NODE1) | transfer_epoch2(NODE2) | (NODE0 = NODE2 | NODE1 = NODE2 | NODE0 = NODE1)","14","1----1----0--0------------0------000---","11","0","182","2101010330"
"348","forall NODE1,NODE0,NODE2. ~ep_epoch0(NODE0) | ep_epoch0(NODE1) | ep_epoch0(NODE2) | held(NODE1) | held(NODE2) | transfer_epoch3(NODE0) | transfer_epoch3(NODE1) | transfer_epoch3(NODE2) | (NODE0 = NODE2 | NODE1 = NODE2 | NODE0 = NODE1)","14","1---0---0----00---------------------000","11","90","4","1202000330"
"349","forall NODE1,NODE0,NODE2. ~ep_epoch0(NODE0) | ep_epoch0(NODE1) | ep_epoch1(NODE1) | ep_epoch3(NODE2) | held(NODE1) | transfer_epoch3(NODE0) | transfer_epoch3(NODE1) | transfer_epoch3(NODE2) | (NODE0 = NODE2 | NODE1 = NODE2 | NODE0 = NODE1)","14","1---00-----0-0----------------------000","11","0","182","1301000330"
"350","forall NODE1,NODE0,NODE2. ~ep_epoch0(NODE0) | ep_epoch0(NODE1) | ep_epoch1(NODE1) | held(NODE1) | held(NODE2) | transfer_epoch3(NODE0) | transfer_epoch3(NODE1) | transfer_epoch3(NODE2) | (NODE0 = NODE2 | NODE1 = NODE2 | NODE0 = NODE1)","14","1---00-------00---------------------000","11","90","4","1202000330"
"351","forall NODE1,NODE0,NODE2. ~ep_epoch0(NODE0) | ep_epoch0(NODE1) | ep_epoch1(NODE1) | held(NODE1) | locked_epoch3(NODE2) | transfer_epoch3(NODE0) | transfer_epoch3(NODE1) | transfer_epoch3(NODE2) | (NODE0 = NODE2 | NODE1 = NODE2 | NODE0 = NODE1)","14","1---00-------0------------0---------000","11","89","4","1201010330"
"352","forall NODE1,NODE0,NODE2. ~ep_epoch0(NODE0) | ep_epoch0(NODE1) | ep_epoch2(NODE1) | held(NODE1) | locked_epoch2(NODE2) | transfer_epoch2(NODE0) | transfer_epoch2(NODE1) | transfer_epoch2(NODE2) | (NODE0 = NODE2 | NODE1 = NODE2 | NODE0 = NODE1)","14","1---0-0------0---------0---------000---","11","89","4","1201010330"
"353","forall NODE1,NODE0,NODE2. ~ep_epoch0(NODE0) | ep_epoch0(NODE1) | held(NODE1) | locked_epoch2(NODE1) | locked_epoch2(NODE2) | transfer_epoch2(NODE0) | transfer_epoch2(NODE1) | transfer_epoch2(NODE2) | (NODE0 = NODE2 | NODE1 = NODE2 | NODE0 = NODE1)","14","1---0--------0--------00---------000---","11","87","3","1101020330"
"354","forall NODE1,NODE0,NODE2. ~ep_epoch0(NODE0) | ep_epoch1(NODE1) | ep_epoch1(NODE2) | held(NODE1) | held(NODE2) | transfer_epoch3(NODE0) | transfer_epoch3(NODE1) | transfer_epoch3(NODE2) | (NODE0 = NODE2 | NODE1 = NODE2 | NODE0 = NODE1)","14","1----0---0---00---------------------000","11","90","4","1202000330"
"355","forall NODE1,NODE0,NODE2. ~ep_epoch0(NODE0) | ep_epoch1(NODE1) | ep_epoch2(NODE2) | held(NODE2) | locked_epoch2(NODE1) | transfer_epoch2(NODE0) | transfer_epoch2(NODE1) | transfer_epoch2(NODE2) | (NODE0 = NODE2 | NODE1 = NODE2 | NODE0 = NODE1)","14","1----0----0---0-------0----------000---","11","89","4","1201010330"
"356","forall NODE1,NODE0,NODE2. ~ep_epoch0(NODE0) | ep_epoch1(NODE1) | held(NODE2) | locked_epoch2(NODE1) | locked_epoch2(NODE2) | transfer_epoch2(NODE0) | transfer_epoch2(NODE1) | transfer_epoch2(NODE2) | (NODE0 = NODE2 | NODE1 = NODE2 | NODE0 = NODE1)","14","1----0--------0-------00---------000---","11","87","3","1101020330"
"357","forall NODE1,NODE0,NODE2. ~ep_epoch0(NODE0) | ep_epoch2(NODE1) | ep_epoch2(NODE2) | held(NODE1) | held(NODE2) | transfer_epoch2(NODE0) | transfer_epoch2(NODE1) | transfer_epoch2(NODE2) | (NODE0 = NODE2 | NODE1 = NODE2 | NODE0 = NODE1)","14","1-----0---0--00------------------000---","11","90","4","1202000330"
"358","forall NODE1,NODE0,NODE2. ~ep_epoch0(NODE0) | ep_epoch2(NODE1) | held(NODE1) | held(NODE2) | locked_epoch2(NODE2) | transfer_epoch2(NODE0) | transfer_epoch2(NODE1) | transfer_epoch2(NODE2) | (NODE0 = NODE2 | NODE1 = NODE2 | NODE0 = NODE1)","14","1-----0------00--------0---------000---","11","88","2","1102010330"
"359","forall NODE1,NODE0,NODE2. ~ep_epoch0(NODE0) | held(NODE1) | held(NODE2) | locked_epoch2(NODE1) | locked_epoch2(NODE2) | transfer_epoch2(NODE0) | transfer_epoch2(NODE1) | transfer_epoch2(NODE2) | (NODE0 = NODE2 | NODE1 = NODE2 | NODE0 = NODE1)","14","1------------00-------00---------000---","11","0","182","1002020330"
"360","forall NODE1,NODE0,NODE2. ~ep_epoch1(NODE0) | ep_epoch2(NODE1) | ep_epoch3(NODE1) | held(NODE0) | locked_epoch2(NODE2) | transfer_epoch2(NODE0) | transfer_epoch2(NODE1) | transfer_epoch2(NODE2) | (NODE0 = NODE2 | NODE1 = NODE2 | NODE0 = NODE1)","14","-1----00----0----------0---------000---","11","89","4","1201010330"
"361","forall NODE1,NODE0,NODE2. ~ep_epoch1(NODE0) | ep_epoch2(NODE1) | held(NODE0) | held(NODE1) | locked_epoch2(NODE2) | transfer_epoch2(NODE0) | transfer_epoch2(NODE1) | transfer_epoch2(NODE2) | (NODE0 = NODE2 | NODE1 = NODE2 | NODE0 = NODE1)","14","-1----0-----00---------0---------000---","11","88","2","1102010330"
"362","forall NODE1,NODE0,NODE2. ~ep_epoch1(NODE0) | ep_epoch2(NODE1) | held(NODE0) | locked_epoch2(NODE2) | locked_epoch3(NODE1) | transfer_epoch2(NODE0) | transfer_epoch2(NODE1) | transfer_epoch2(NODE2) | (NODE0 = NODE2 | NODE1 = NODE2 | NODE0 = NODE1)","14","-1----0-----0----------0-0-------000---","11","87","3","1101020330"
"363","forall NODE1,NODE0,NODE2. ep_epoch0(NODE0) | ep_epoch0(NODE1) | ep_epoch3(NODE2) | held(NODE0) | held(NODE1) | transfer_epoch3(NODE0) | transfer_epoch3(NODE1) | transfer_epoch3(NODE2) | (NODE0 = NODE2 | NODE1 = NODE2 | NODE0 = NODE1)","14","0---0------000----------------------000","11","86","2","0302000330"
"364","forall NODE1,NODE0,NODE2. ep_epoch0(NODE0) | ep_epoch0(NODE1) | held(NODE0) | held(NODE1) | held(NODE2) | transfer_epoch3(NODE0) | transfer_epoch3(NODE1) | transfer_epoch3(NODE2) | (NODE0 = NODE2 | NODE1 = NODE2 | NODE0 = NODE1)","14","0---0-------000---------------------000","11","0","182","0203000330"
"365","forall NODE1,NODE0,NODE2. ep_epoch0(NODE0) | ep_epoch0(NODE1) | held(NODE0) | held(NODE1) | locked_epoch3(NODE2) | transfer_epoch3(NODE0) | transfer_epoch3(NODE1) | transfer_epoch3(NODE2) | (NODE0 = NODE2 | NODE1 = NODE2 | NODE0 = NODE1)","14","0---0-------00------------0---------000","11","85","2","0202010330"
"366","forall NODE1. ep_epoch0(NODE1) | ep_epoch1(NODE1) | held(NODE1) | transfer_epoch3(NODE1) | (exists NODE0. ((ep_epoch3(NODE0) | transfer_epoch3(NODE0)) & NODE0 ~= NODE1))","9","00-----0---00-----------------------000","7","0","182","0401000311"
"367","forall NODE1,NODE0,NODE2. ep_epoch0(NODE0) | ep_epoch1(NODE0) | ep_epoch3(NODE1) | held(NODE0) | held(NODE2) | transfer_epoch3(NODE0) | transfer_epoch3(NODE1) | transfer_epoch3(NODE2) | (NODE0 = NODE2 | NODE1 = NODE2 | NODE0 = NODE1)","14","00-----0----0-0---------------------000","11","86","2","0302000330"
"368","forall NODE1,NODE0,NODE2. ep_epoch0(NODE0) | ep_epoch1(NODE0) | ep_epoch3(NODE1) | held(NODE0) | locked_epoch3(NODE2) | transfer_epoch3(NODE0) | transfer_epoch3(NODE1) | transfer_epoch3(NODE2) | (NODE0 = NODE2 | NODE1 = NODE2 | NODE0 = NODE1)","14","00-----0----0-------------0---------000","11","0","182","0301010330"
"369","forall NODE1. ep_epoch0(NODE1) | ep_epoch1(NODE1) | held(NODE1) | transfer_epoch3(NODE1) | (exists NODE0. ((held(NODE0) | transfer_epoch3(NODE0)) & NODE0 ~= NODE1))","9","00----------000---------------------000","7","0","182","0203000311"
"370","forall NODE1,NODE0,NODE2. ep_epoch0(NODE0) | ep_epoch1(NODE0) | held(NODE0) | held(NODE1) | locked_epoch3(NODE2) | transfer_epoch3(NODE0) | transfer_epoch3(NODE1) | transfer_epoch3(NODE2) | (NODE0 = NODE2 | NODE1 = NODE2 | NODE0 = NODE1)","14","00----------00------------0---------000","11","85","2","0202010330"
"371","forall NODE1. ep_epoch0(NODE1) | ep_epoch1(NODE1) | held(NODE1) | transfer_epoch3(NODE1) | (exists NODE0. ((locked_epoch3(NODE0) | transfer_epoch3(NODE0)) & NODE0 ~= NODE1))","9","00----------0------------00---------000","7","37","2","0201020311"
"372","forall NODE1. ep_epoch0(NODE1) | ep_epoch2(NODE1) | held(NODE1) | transfer_epoch2(NODE1) | (exists NODE0. ((locked_epoch2(NODE0) | transfer_epoch2(NODE0)) & NODE0 ~= NODE1))","9","0-0---------0---------00---------000---","7","37","2","0201020311"
"373","forall NODE1. ep_epoch0(NODE1) | held(NODE1) | locked_epoch2(NODE1) | transfer_epoch2(NODE1) | (exists NODE0. ((locked_epoch2(NODE0) | transfer_epoch2(NODE0)) & NODE0 ~= NODE1))","9","0-----------0--------000---------000---","7","0","182","0101030311"
"374","forall NODE1,NODE0,NODE2. ep_epoch1(NODE0) | ep_epoch1(NODE1) | ep_epoch1(NODE2) | ep_epoch2(NODE0) | ep_epoch2(NODE2) | ep_epoch3(NODE0) | ep_epoch3(NODE2) | locked_epoch2(NODE1) | (NODE0 = NODE2 | NODE1 = NODE2 | NODE0 = NODE1)","14","-000-000-0-------------0---------------","11","0","182","0700010030"
"375","forall NODE1,NODE0,NODE2. ep_epoch1(NODE0) | ep_epoch1(NODE1) | ep_epoch1(NODE2) | ep_epoch2(NODE0) | ep_epoch2(NODE2) | ep_epoch3(NODE2) | held(NODE0) | locked_epoch2(NODE1) | (NODE0 = NODE2 | NODE1 = NODE2 | NODE0 = NODE1)","14","-000-00--0---0---------0---------------","11","0","182","0601010030"
"376","forall NODE1,NODE0,NODE2. ep_epoch1(NODE0) | ep_epoch1(NODE1) | ep_epoch1(NODE2) | ep_epoch2(NODE0) | ep_epoch2(NODE2) | ep_epoch3(NODE2) | locked_epoch2(NODE1) | locked_epoch3(NODE0) | (NODE0 = NODE2 | NODE1 = NODE2 | NODE0 = NODE1)","14","-000-00--0-------------0-0-------------","11","0","182","0600020030"
"377","forall NODE1,NODE0,NODE2. ep_epoch1(NODE0) | ep_epoch1(NODE1) | ep_epoch1(NODE2) | ep_epoch2(NODE0) | ep_epoch2(NODE2) | held(NODE0) | held(NODE2) | locked_epoch2(NODE1) | (NODE0 = NODE2 | NODE1 = NODE2 | NODE0 = NODE1)","14","-00--00--0--00---------0---------------","11","0","182","0502010030"
"378","forall NODE1,NODE0,NODE2. ep_epoch1(NODE0) | ep_epoch1(NODE1) | ep_epoch1(NODE2) | ep_epoch2(NODE0) | ep_epoch2(NODE2) | held(NODE0) | locked_epoch2(NODE1) | locked_epoch3(NODE2) | (NODE0 = NODE2 | NODE1 = NODE2 | NODE0 = NODE1)","14","-00--00--0--0----------0-0-------------","11","0","182","0501020030"
"379","forall NODE1,NODE0,NODE2. ep_epoch1(NODE0) | ep_epoch1(NODE1) | ep_epoch1(NODE2) | ep_epoch2(NODE0) | ep_epoch2(NODE2) | locked_epoch2(NODE1) | locked_epoch3(NODE0) | locked_epoch3(NODE2) | (NODE0 = NODE2 | NODE1 = NODE2 | NODE0 = NODE1)","14","-00--00--0-------------000-------------","11","0","182","0500030030"
"380","forall NODE1,NODE0,NODE2. ~ep_epoch0(NODE0) | ~ep_epoch0(NODE1) | held(NODE2) | transfer_epoch2(NODE0) | transfer_epoch2(NODE1) | transfer_epoch2(NODE2) | transfer_epoch3(NODE0) | transfer_epoch3(NODE1) | transfer_epoch3(NODE2) | (NODE0 = NODE2 | NODE1 = NODE2 | NODE0 = NODE1)","15","1---1---------0------------------000000","12","0","182","2001000630"
"381","forall NODE1,NODE0,NODE2. ~ep_epoch0(NODE0) | ep_epoch0(NODE1) | ep_epoch0(NODE2) | ep_epoch2(NODE1) | ep_epoch3(NODE1) | held(NODE2) | transfer_epoch3(NODE0) | transfer_epoch3(NODE1) | transfer_epoch3(NODE2) | (NODE0 = NODE2 | NODE1 = NODE2 | NODE0 = NODE1)","15","1---0-000-----0---------------------000","12","98","5","1401000330"
"382","forall NODE1,NODE0,NODE2. ~ep_epoch0(NODE0) | ep_epoch0(NODE1) | ep_epoch0(NODE2) | ep_epoch2(NODE1) | held(NODE2) | locked_epoch3(NODE1) | transfer_epoch3(NODE0) | transfer_epoch3(NODE1) | transfer_epoch3(NODE2) | (NODE0 = NODE2 | NODE1 = NODE2 | NODE0 = NODE1)","15","1---0-0-0-----0----------0----------000","12","97","9","1301010330"
"383","forall NODE1,NODE0,NODE2. ~ep_epoch0(NODE0) | ep_epoch0(NODE1) | ep_epoch0(NODE2) | ep_epoch3(NODE1) | held(NODE2) | locked_epoch2(NODE1) | transfer_epoch3(NODE0) | transfer_epoch3(NODE1) | transfer_epoch3(NODE2) | (NODE0 = NODE2 | NODE1 = NODE2 | NODE0 = NODE1)","15","1---0--00-----0-------0-------------000","12","97","9","1301010330"
"384","forall NODE1,NODE0,NODE2. ~ep_epoch0(NODE0) | ep_epoch0(NODE1) | ep_epoch0(NODE2) | held(NODE2) | locked_epoch2(NODE1) | locked_epoch3(NODE1) | transfer_epoch3(NODE0) | transfer_epoch3(NODE1) | transfer_epoch3(NODE2) | (NODE0 = NODE2 | NODE1 = NODE2 | NODE0 = NODE1)","15","1---0---0----0---------0--0---------000","12","96","5","1201020330"
"385","forall NODE1,NODE0,NODE2. ~ep_epoch0(NODE0) | ep_epoch0(NODE1) | ep_epoch2(NODE1) | ep_epoch2(NODE2) | ep_epoch3(NODE2) | held(NODE1) | transfer_epoch2(NODE0) | transfer_epoch2(NODE1) | transfer_epoch2(NODE2) | (NODE0 = NODE2 | NODE1 = NODE2 | NODE0 = NODE1)","15","1---0-0---00-0-------------------000---","12","98","5","1401000330"
"386","forall NODE1,NODE0,NODE2. ~ep_epoch0(NODE0) | ep_epoch0(NODE1) | ep_epoch2(NODE1) | ep_epoch2(NODE2) | held(NODE1) | locked_epoch3(NODE2) | transfer_epoch2(NODE0) | transfer_epoch2(NODE1) | transfer_epoch2(NODE2) | (NODE0 = NODE2 | NODE1 = NODE2 | NODE0 = NODE1)","15","1---0-0---0--0------------0------000---","12","97","9","1301010330"
"387","forall NODE1,NODE0,NODE2. ~ep_epoch0(NODE0) | ep_epoch0(NODE1) | ep_epoch2(NODE2) | ep_epoch3(NODE2) | held(NODE1) | locked_epoch2(NODE1) | transfer_epoch2(NODE0) | transfer_epoch2(NODE1) | transfer_epoch2(NODE2) | (NODE0 = NODE2 | NODE1 = NODE2 | NODE0 = NODE1)","15","1---0-----00-0--------0----------000---","12","97","9","1301010330"
"388","forall NODE1,NODE0,NODE2. ~ep_epoch0(NODE0) | ep_epoch0(NODE1) | ep_epoch2(NODE2) | held(NODE1) | locked_epoch2(NODE1) | locked_epoch3(NODE2) | transfer_epoch2(NODE0) | transfer_epoch2(NODE1) | transfer_epoch2(NODE2) | (NODE0 = NODE2 | NODE1 = NODE2 | NODE0 = NODE1)","15","1---0-----0--0--------0---0------000---","12","96","5","1201020330"
"389","forall NODE1,NODE0,NODE2. ~ep_epoch0(NODE0) | ep_epoch1(NODE1) | ep_epoch1(NODE2) | ep_epoch2(NODE2) | ep_epoch3(NODE2) | held(NODE1) | transfer_epoch3(NODE0) | transfer_epoch3(NODE1) | transfer_epoch3(NODE2) | (NODE0 = NODE2 | NODE1 = NODE2 | NODE0 = NODE1)","15","1----000-0----0---------------------000","12","98","5","1401000330"
"390","forall NODE1,NODE0,NODE2. ~ep_epoch0(NODE0) | ep_epoch1(NODE1) | ep_epoch1(NODE2) | ep_epoch2(NODE2) | held(NODE1) | locked_epoch3(NODE2) | transfer_epoch3(NODE0) | transfer_epoch3(NODE1) | transfer_epoch3(NODE2) | (NODE0 = NODE2 | NODE1 = NODE2 | NODE0 = NODE1)","15","1----00--0----0----------0----------000","12","97","9","1301010330"
"391","forall NODE1,NODE0,NODE2. ~ep_epoch0(NODE0) | ep_epoch1(NODE1) | ep_epoch1(NODE2) | ep_epoch3(NODE2) | held(NODE1) | locked_epoch2(NODE2) | transfer_epoch3(NODE0) | transfer_epoch3(NODE1) | transfer_epoch3(NODE2) | (NODE0 = NODE2 | NODE1 = NODE2 | NODE0 = NODE1)","15","1----0-0-0----0-------0-------------000","12","97","9","1301010330"
"392","forall NODE1,NODE0,NODE2. ~ep_epoch0(NODE0) | ep_epoch1(NODE1) | ep_epoch1(NODE2) | held(NODE1) | locked_epoch2(NODE2) | locked_epoch3(NODE2) | transfer_epoch3(NODE0) | transfer_epoch3(NODE1) | transfer_epoch3(NODE2) | (NODE0 = NODE2 | NODE1 = NODE2 | NODE0 = NODE1)","15","1----0---0---0---------0--0---------000","12","96","5","1201020330"
"393","forall NODE1,NODE0,NODE2. ~ep_epoch0(NODE0) | ep_epoch1(NODE1) | ep_epoch2(NODE1) | ep_epoch2(NODE2) | ep_epoch3(NODE1) | held(NODE2) | transfer_epoch2(NODE0) | transfer_epoch2(NODE1) | transfer_epoch2(NODE2) | (NODE0 = NODE2 | NODE1 = NODE2 | NODE0 = NODE1)","15","1----000--0---0------------------000---","12","98","5","1401000330"
"394","forall NODE1,NODE0,NODE2. ~ep_epoch0(NODE0) | ep_epoch1(NODE1) | ep_epoch2(NODE1) | ep_epoch2(NODE2) | held(NODE2) | locked_epoch3(NODE1) | transfer_epoch2(NODE0) | transfer_epoch2(NODE1) | transfer_epoch2(NODE2) | (NODE0 = NODE2 | NODE1 = NODE2 | NODE0 = NODE1)","15","1----00---0---0----------0-------000---","12","97","9","1301010330"
"395","forall NODE1,NODE0,NODE2. ~ep_epoch0(NODE0) | ep_epoch1(NODE1) | ep_epoch2(NODE1) | ep_epoch3(NODE1) | held(NODE2) | locked_epoch2(NODE2) | transfer_epoch2(NODE0) | transfer_epoch2(NODE1) | transfer_epoch2(NODE2) | (NODE0 = NODE2 | NODE1 = NODE2 | NODE0 = NODE1)","15","1----000------0--------0---------000---","12","97","9","1301010330"
"396","forall NODE1,NODE0,NODE2. ~ep_epoch0(NODE0) | ep_epoch1(NODE1) | ep_epoch2(NODE1) | held(NODE2) | locked_epoch2(NODE2) | locked_epoch3(NODE1) | transfer_epoch2(NODE0) | transfer_epoch2(NODE1) | transfer_epoch2(NODE2) | (NODE0 = NODE2 | NODE1 = NODE2 | NODE0 = NODE1)","15","1----00-------0--------0-0-------000---","12","96","5","1201020330"
"397","forall NODE1,NODE0,NODE2. ~ep_epoch0(NODE0) | held(NODE1) | held(NODE2) | transfer_epoch2(NODE0) | transfer_epoch2(NODE1) | transfer_epoch2(NODE2) | transfer_epoch3(NODE0) | transfer_epoch3(NODE1) | transfer_epoch3(NODE2) | (NODE0 = NODE2 | NODE1 = NODE2 | NODE0 = NODE1)","15","1------------00------------------000000","12","0","182","1002000630"
"398","forall NODE1,NODE0,NODE2. ~ep_epoch1(NODE0) | ep_epoch2(NODE1) | ep_epoch2(NODE2) | ep_epoch3(NODE1) | ep_epoch3(NODE2) | held(NODE0) | transfer_epoch2(NODE0) | transfer_epoch2(NODE1) | transfer_epoch2(NODE2) | (NODE0 = NODE2 | NODE1 = NODE2 | NODE0 = NODE1)","15","-1----00--000--------------------000---","12","98","5","1401000330"
"399","forall NODE1,NODE0,NODE2. ~ep_epoch1(NODE0) | ep_epoch2(NODE1) | ep_epoch2(NODE2) | ep_epoch3(NODE1) | held(NODE0) | held(NODE2) | transfer_epoch2(NODE0) | transfer_epoch2(NODE1) | transfer_epoch2(NODE2) | (NODE0 = NODE2 | NODE1 = NODE2 | NODE0 = NODE1)","15","-1----00--0-0-0------------------000---","12","0","182","1302000330"
"400","forall NODE1,NODE0,NODE2. ~ep_epoch1(NODE0) | ep_epoch2(NODE1) | ep_epoch2(NODE2) | ep_epoch3(NODE2) | held(NODE0) | locked_epoch3(NODE1) | transfer_epoch2(NODE0) | transfer_epoch2(NODE1) | transfer_epoch2(NODE2) | (NODE0 = NODE2 | NODE1 = NODE2 | NODE0 = NODE1)","15","-1----00--0-0-------------0------000---","12","97","9","1301010330"
"401","forall NODE1,NODE0,NODE2. ~ep_epoch1(NODE0) | ep_epoch2(NODE1) | ep_epoch2(NODE2) | held(NODE0) | held(NODE1) | held(NODE2) | transfer_epoch2(NODE0) | transfer_epoch2(NODE1) | transfer_epoch2(NODE2) | (NODE0 = NODE2 | NODE1 = NODE2 | NODE0 = NODE1)","15","-1----0---0-000------------------000---","12","0","182","1203000330"
"402","forall NODE1,NODE0,NODE2. ~ep_epoch1(NODE0) | ep_epoch2(NODE1) | ep_epoch2(NODE2) | held(NODE0) | held(NODE2) | locked_epoch3(NODE1) | transfer_epoch2(NODE0) | transfer_epoch2(NODE1) | transfer_epoch2(NODE2) | (NODE0 = NODE2 | NODE1 = NODE2 | NODE0 = NODE1)","15","-1----0---0-00------------0------000---","12","0","182","1202010330"
"403","forall NODE1,NODE0,NODE2. ~ep_epoch1(NODE0) | ep_epoch2(NODE1) | ep_epoch2(NODE2) | held(NODE0) | locked_epoch3(NODE1) | locked_epoch3(NODE2) | transfer_epoch2(NODE0) | transfer_epoch2(NODE1) | transfer_epoch2(NODE2) | (NODE0 = NODE2 | NODE1 = NODE2 | NODE0 = NODE1)","15","-1----0---0-0------------00------000---","12","96","5","1201020330"
"404","forall NODE1,NODE0,NODE2. ep_epoch0(NODE0) | ep_epoch0(NODE1) | ep_epoch2(NODE1) | ep_epoch3(NODE1) | ep_epoch3(NODE2) | held(NODE0) | transfer_epoch3(NODE0) | transfer_epoch3(NODE1) | transfer_epoch3(NODE2) | (NODE0 = NODE2 | NODE1 = NODE2 | NODE0 = NODE1)","15","0-000------0-0----------------------000","12","0","182","0501000330"
"405","forall NODE1,NODE0,NODE2. ep_epoch0(NODE0) | ep_epoch0(NODE1) | ep_epoch2(NODE1) | ep_epoch3(NODE1) | held(NODE0) | held(NODE2) | transfer_epoch3(NODE0) | transfer_epoch3(NODE1) | transfer_epoch3(NODE2) | (NODE0 = NODE2 | NODE1 = NODE2 | NODE0 = NODE1)","15","0-000--------00---------------------000","12","0","182","0402000330"
"406","forall NODE1,NODE4,NODE2,NODE0,NODE3. ep_epoch0(NODE0) | ep_epoch0(NODE1) | ep_epoch2(NODE1) | ep_epoch3(NODE2) | held(NODE0) | locked_epoch3(NODE3) | transfer_epoch3(NODE0) | transfer_epoch3(NODE1) | transfer_epoch3(NODE4) | ((NODE1 ~= NODE2 | NODE3 ~= NODE4 | NODE0 = NODE3 | NODE0 = NODE1 | NODE1 = NODE3) & (NODE1 ~= NODE3 | NODE2 ~= NODE4 | NODE0 = NODE2 | NODE1 = NODE2 | NODE0 = NODE1))","24","0-000--------0------------0---------000","19","0","182","0401010350"
"407","forall NODE1,NODE0,NODE2. ep_epoch0(NODE0) | ep_epoch0(NODE1) | ep_epoch2(NODE1) | held(NODE0) | held(NODE2) | locked_epoch3(NODE1) | transfer_epoch3(NODE0) | transfer_epoch3(NODE1) | transfer_epoch3(NODE2) | (NODE0 = NODE2 | NODE1 = NODE2 | NODE0 = NODE1)","15","0-0-0--------00---------0-----------000","12","94","4","0302010330"
"408","forall NODE1,NODE0,NODE2. ep_epoch0(NODE0) | ep_epoch0(NODE1) | ep_epoch2(NODE1) | held(NODE0) | locked_epoch3(NODE1) | locked_epoch3(NODE2) | transfer_epoch3(NODE0) | transfer_epoch3(NODE1) | transfer_epoch3(NODE2) | (NODE0 = NODE2 | NODE1 = NODE2 | NODE0 = NODE1)","15","0-0-0--------0----------0-0---------000","12","93","3","0301020330"
"409","forall NODE1,NODE0,NODE2. ep_epoch0(NODE0) | ep_epoch0(NODE1) | ep_epoch3(NODE0) | ep_epoch3(NODE2) | held(NODE1) | locked_epoch2(NODE0) | transfer_epoch3(NODE0) | transfer_epoch3(NODE1) | transfer_epoch3(NODE2) | (NODE0 = NODE2 | NODE1 = NODE2 | NODE0 = NODE1)","15","0--00------0-0-------0--------------000","12","95","2","0401010330"
"410","forall NODE1,NODE0,NODE2. ep_epoch0(NODE0) | ep_epoch0(NODE1) | ep_epoch3(NODE0) | held(NODE1) | held(NODE2) | locked_epoch2(NODE0) | transfer_epoch3(NODE0) | transfer_epoch3(NODE1) | transfer_epoch3(NODE2) | (NODE0 = NODE2 | NODE1 = NODE2 | NODE0 = NODE1)","15","0--00--------00------0--------------000","12","94","4","0302010330"
"411","forall NODE1,NODE4,NODE2,NODE0,NODE3. ep_epoch0(NODE0) | ep_epoch0(NODE1) | ep_epoch3(NODE2) | held(NODE1) | locked_epoch2(NODE0) | locked_epoch3(NODE3) | transfer_epoch3(NODE0) | transfer_epoch3(NODE1) | transfer_epoch3(NODE4) | ((NODE0 ~= NODE3 | NODE2 ~= NODE4 | NODE0 = NODE2 | NODE1 = NODE2 | NODE0 = NODE1) & (NODE0 ~= NODE2 | NODE3 ~= NODE4 | NODE0 = NODE3 | NODE0 = NODE1 | NODE1 = NODE3))","24","0--00--------0-------0----0---------000","19","0","182","0301020350"
"412","forall NODE1,NODE0,NODE2. ep_epoch0(NODE0) | ep_epoch0(NODE1) | held(NODE1) | held(NODE2) | locked_epoch2(NODE0) | locked_epoch3(NODE0) | transfer_epoch3(NODE0) | transfer_epoch3(NODE1) | transfer_epoch3(NODE2) | (NODE0 = NODE2 | NODE1 = NODE2 | NODE0 = NODE1)","15","0---0-------0-0-------0--0----------000","12","92","3","0202020330"
"413","forall NODE1,NODE0,NODE2. ep_epoch0(NODE0) | ep_epoch0(NODE1) | held(NODE1) | locked_epoch2(NODE0) | locked_epoch3(NODE0) | locked_epoch3(NODE2) | transfer_epoch3(NODE0) | transfer_epoch3(NODE1) | transfer_epoch3(NODE2) | (NODE0 = NODE2 | NODE1 = NODE2 | NODE0 = NODE1)","15","0---0-------0---------0--00---------000","12","91","3","0201030330"
"414","forall NODE1,NODE0,NODE2. ep_epoch0(NODE0) | ep_epoch2(NODE0) | ep_epoch2(NODE1) | ep_epoch3(NODE1) | held(NODE0) | locked_epoch2(NODE2) | transfer_epoch2(NODE0) | transfer_epoch2(NODE1) | transfer_epoch2(NODE2) | (NODE0 = NODE2 | NODE1 = NODE2 | NODE0 = NODE1)","15","0-0---00----0----------0---------000---","12","95","2","0401010330"
"415","forall NODE1,NODE0,NODE2. ep_epoch0(NODE0) | ep_epoch2(NODE0) | ep_epoch2(NODE1) | held(NODE0) | held(NODE1) | locked_epoch2(NODE2) | transfer_epoch2(NODE0) | transfer_epoch2(NODE1) | transfer_epoch2(NODE2) | (NODE0 = NODE2 | NODE1 = NODE2 | NODE0 = NODE1)","15","0-0---0-----00---------0---------000---","12","94","4","0302010330"
"416","forall NODE1,NODE0,NODE2. ep_epoch0(NODE0) | ep_epoch2(NODE0) | ep_epoch2(NODE1) | held(NODE0) | locked_epoch2(NODE2) | locked_epoch3(NODE1) | transfer_epoch2(NODE0) | transfer_epoch2(NODE1) | transfer_epoch2(NODE2) | (NODE0 = NODE2 | NODE1 = NODE2 | NODE0 = NODE1)","15","0-0---0-----0----------0-0-------000---","12","93","3","0301020330"
"417","forall NODE1,NODE0,NODE2. ep_epoch0(NODE0) | ep_epoch2(NODE1) | ep_epoch3(NODE1) | held(NODE0) | locked_epoch2(NODE0) | locked_epoch2(NODE2) | transfer_epoch2(NODE0) | transfer_epoch2(NODE1) | transfer_epoch2(NODE2) | (NODE0 = NODE2 | NODE1 = NODE2 | NODE0 = NODE1)","15","0-----00----0--------0-0---------000---","12","93","3","0301020330"
"418","forall NODE1,NODE0,NODE2. ep_epoch0(NODE0) | ep_epoch2(NODE1) | held(NODE0) | held(NODE1) | locked_epoch2(NODE0) | locked_epoch2(NODE2) | transfer_epoch2(NODE0) | transfer_epoch2(NODE1) | transfer_epoch2(NODE2) | (NODE0 = NODE2 | NODE1 = NODE2 | NODE0 = NODE1)","15","0-----0-----00-------0-0---------000---","12","92","3","0202020330"
"419","forall NODE1,NODE0,NODE2. ep_epoch0(NODE0) | ep_epoch2(NODE1) | held(NODE0) | locked_epoch2(NODE0) | locked_epoch2(NODE2) | locked_epoch3(NODE1) | transfer_epoch2(NODE0) | transfer_epoch2(NODE1) | transfer_epoch2(NODE2) | (NODE0 = NODE2 | NODE1 = NODE2 | NODE0 = NODE1)","15","0-----0-----0--------0-0-0-------000---","12","91","3","0201030330"
"420","exists NODE0. ep_epoch1(NODE0) | ep_epoch2(NODE0) | ep_epoch3(NODE0)","4","-000-000-000---------------------------","3","0","182","0900000001"
"421","forall NODE1. ep_epoch1(NODE1) | ep_epoch2(NODE1) | held(NODE1) | (exists NODE0. ((ep_epoch1(NODE0) | ep_epoch2(NODE0) | ep_epoch3(NODE0)) & NODE0 ~= NODE1))","9","-000-000-00---0------------------------","7","0","182","0801000011"
"422","forall NODE1,NODE0,NODE2. ep_epoch1(NODE0) | ep_epoch1(NODE1) | ep_epoch1(NODE2) | ep_epoch2(NODE0) | ep_epoch2(NODE1) | ep_epoch2(NODE2) | ep_epoch3(NODE0) | ep_epoch3(NODE2) | locked_epoch3(NODE1) | (NODE0 = NODE2 | NODE1 = NODE2 | NODE0 = NODE1)","15","-000-000-00---------------0------------","12","0","182","0800010030"
"423","forall NODE1,NODE0,NODE2. ep_epoch1(NODE0) | ep_epoch1(NODE1) | ep_epoch1(NODE2) | ep_epoch2(NODE0) | ep_epoch2(NODE1) | ep_epoch2(NODE2) | ep_epoch3(NODE1) | held(NODE0) | held(NODE2) | (NODE0 = NODE2 | NODE1 = NODE2 | NODE0 = NODE1)","15","-000-00--00--00------------------------","12","0","182","0702000030"
"424","forall NODE1,NODE0,NODE2. ep_epoch1(NODE0) | ep_epoch1(NODE1) | ep_epoch1(NODE2) | ep_epoch2(NODE0) | ep_epoch2(NODE1) | ep_epoch2(NODE2) | ep_epoch3(NODE1) | held(NODE2) | locked_epoch3(NODE0) | (NODE0 = NODE2 | NODE1 = NODE2 | NODE0 = NODE1)","15","-000-00--00--0------------0------------","12","0","182","0701010030"
"425","forall NODE1,NODE0,NODE2. ep_epoch1(NODE0) | ep_epoch1(NODE1) | ep_epoch1(NODE2) | ep_epoch2(NODE0) | ep_epoch2(NODE1) | ep_epoch2(NODE2) | ep_epoch3(NODE2) | locked_epoch3(NODE0) | locked_epoch3(NODE1) | (NODE0 = NODE2 | NODE1 = NODE2 | NODE0 = NODE1)","15","-000-00--00--------------00------------","12","0","182","0700020030"
"426","exists NODE0. ep_epoch1(NODE0) | ep_epoch2(NODE0) | held(NODE0)","4","-00--00--00-000------------------------","3","0","182","0603000001"
"427","forall NODE1,NODE0,NODE2. ep_epoch1(NODE0) | ep_epoch1(NODE1) | ep_epoch1(NODE2) | ep_epoch2(NODE0) | ep_epoch2(NODE1) | ep_epoch2(NODE2) | held(NODE0) | held(NODE2) | locked_epoch3(NODE1) | (NODE0 = NODE2 | NODE1 = NODE2 | NODE0 = NODE1)","15","-00--00--00-00------------0------------","12","0","182","0602010030"
"428","forall NODE1,NODE0,NODE2. ep_epoch1(NODE0) | ep_epoch1(NODE1) | ep_epoch1(NODE2) | ep_epoch2(NODE0) | ep_epoch2(NODE1) | ep_epoch2(NODE2) | held(NODE2) | locked_epoch3(NODE0) | locked_epoch3(NODE1) | (NODE0 = NODE2 | NODE1 = NODE2 | NODE0 = NODE1)","15","-00--00--00-0------------00------------","12","0","182","0601020030"
"429","exists NODE0. ep_epoch1(NODE0) | ep_epoch2(NODE0) | locked_epoch3(NODE0)","4","-00--00--00-------------000------------","3","0","182","0600030001"
"430","exists NODE0. ep_epoch1(NODE0) | held(NODE0) | transfer_epoch3(NODE0)","4","-0---0---0--000---------------------000","3","10","2","0303000301"
"431","forall NODE1. ep_epoch2(NODE1) | held(NODE1) | transfer_epoch2(NODE1) | (exists NODE0. ((ep_epoch1(NODE0) | locked_epoch2(NODE0) | transfer_epoch2(NODE0)) & NODE0 ~= NODE1))","9","-0---0----0---0------00----------000---","7","0","182","0301020311"
"432","forall NODE1,NODE0,NODE2. ep_epoch1(NODE0) | ep_epoch1(NODE1) | held(NODE2) | locked_epoch2(NODE0) | locked_epoch2(NODE1) | locked_epoch2(NODE2) | transfer_epoch2(NODE0) | transfer_epoch2(NODE1) | transfer_epoch2(NODE2) | (NODE0 = NODE2 | NODE1 = NODE2 | NODE0 = NODE1)","15","-0---0--------0------000---------000---","12","91","3","0201030330"
"433","forall NODE1,NODE0,NODE2. ep_epoch1(NODE0) | ep_epoch2(NODE1) | ep_epoch2(NODE2) | held(NODE1) | held(NODE2) | locked_epoch2(NODE0) | transfer_epoch2(NODE0) | transfer_epoch2(NODE1) | transfer_epoch2(NODE2) | (NODE0 = NODE2 | NODE1 = NODE2 | NODE0 = NODE1)","15","-0----0---0--00------0-----------000---","12","94","4","0302010330"
"434","forall NODE1,NODE0,NODE2. ep_epoch1(NODE0) | ep_epoch2(NODE1) | held(NODE1) | held(NODE2) | locked_epoch2(NODE0) | locked_epoch2(NODE2) | transfer_epoch2(NODE0) | transfer_epoch2(NODE1) | transfer_epoch2(NODE2) | (NODE0 = NODE2 | NODE1 = NODE2 | NODE0 = NODE1)","15","-0----0------00------0-0---------000---","12","92","3","0202020330"
"435","forall NODE1,NODE0,NODE2. ep_epoch1(NODE0) | held(NODE1) | held(NODE2) | locked_epoch2(NODE0) | locked_epoch2(NODE1) | locked_epoch2(NODE2) | transfer_epoch2(NODE0) | transfer_epoch2(NODE1) | transfer_epoch2(NODE2) | (NODE0 = NODE2 | NODE1 = NODE2 | NODE0 = NODE1)","15","-0-----------00------000---------000---","12","0","182","0102030330"
"436","exists NODE0. ep_epoch2(NODE0) | held(NODE0) | transfer_epoch2(NODE0)","4","--0---0---0-000------------------000---","3","10","2","0303000301"
"437","forall NODE1,NODE0,NODE2. ep_epoch2(NODE0) | ep_epoch2(NODE1) | held(NODE0) | held(NODE1) | held(NODE2) | locked_epoch2(NODE2) | transfer_epoch2(NODE0) | transfer_epoch2(NODE1) | transfer_epoch2(NODE2) | (NODE0 = NODE2 | NODE1 = NODE2 | NODE0 = NODE1)","15","--0---0-----000--------0---------000---","12","0","182","0203010330"
"438","forall NODE1,NODE0,NODE2. ep_epoch2(NODE0) | held(NODE0) | held(NODE1) | held(NODE2) | locked_epoch2(NODE1) | locked_epoch2(NODE2) | transfer_epoch2(NODE0) | transfer_epoch2(NODE1) | transfer_epoch2(NODE2) | (NODE0 = NODE2 | NODE1 = NODE2 | NODE0 = NODE1)","15","--0---------000-------00---------000---","12","0","182","0103020330"
"439","exists NODE0. held(NODE0) | locked_epoch2(NODE0) | transfer_epoch2(NODE0)","4","------------000------000---------000---","3","0","182","0003030301"
"440","exists NODE0. held(NODE0) | transfer_epoch2(NODE0) | transfer_epoch3(NODE0)","4","------------000------------------000000","3","0","182","0003000601"
"441","forall NODE1,NODE0,NODE2. ep_epoch0(NODE0) | ep_epoch2(NODE0) | ep_epoch2(NODE1) | ep_epoch2(NODE2) | ep_epoch3(NODE1) | ep_epoch3(NODE2) | held(NODE0) | transfer_epoch2(NODE0) | transfer_epoch2(NODE1) | transfer_epoch2(NODE2) | (NODE0 = NODE2 | NODE1 = NODE2 | NODE0 = NODE1)","16","0-0---00--000--------------------000---","13","0","182","0601000330"
"442","forall NODE1,NODE0,NODE2. ep_epoch0(NODE0) | ep_epoch2(NODE0) | ep_epoch2(NODE1) | ep_epoch2(NODE2) | ep_epoch3(NODE1) | held(NODE0) | held(NODE2) | transfer_epoch2(NODE0) | transfer_epoch2(NODE1) | transfer_epoch2(NODE2) | (NODE0 = NODE2 | NODE1 = NODE2 | NODE0 = NODE1)","16","0-0---00--0-0-0------------------000---","13","104","3","0502000330"
"443","forall NODE1,NODE0,NODE2. ep_epoch0(NODE0) | ep_epoch2(NODE0) | ep_epoch2(NODE1) | ep_epoch2(NODE2) | ep_epoch3(NODE1) | held(NODE0) | locked_epoch3(NODE2) | transfer_epoch2(NODE0) | transfer_epoch2(NODE1) | transfer_epoch2(NODE2) | (NODE0 = NODE2 | NODE1 = NODE2 | NODE0 = NODE1)","16","0-0---00--0-0-------------0------000---","13","103","3","0501010330"
"444","forall NODE1,NODE0,NODE2. ep_epoch0(NODE0) | ep_epoch2(NODE0) | ep_epoch2(NODE1) | ep_epoch2(NODE2) | held(NODE0) | held(NODE2) | locked_epoch3(NODE1) | transfer_epoch2(NODE0) | transfer_epoch2(NODE1) | transfer_epoch2(NODE2) | (NODE0 = NODE2 | NODE1 = NODE2 | NODE0 = NODE1)","16","0-0---0---0-00------------0------000---","13","102","6","0402010330"
"445","forall NODE1,NODE0,NODE2. ep_epoch0(NODE0) | ep_epoch2(NODE0) | ep_epoch2(NODE1) | ep_epoch2(NODE2) | held(NODE0) | locked_epoch3(NODE1) | locked_epoch3(NODE2) | transfer_epoch2(NODE0) | transfer_epoch2(NODE1) | transfer_epoch2(NODE2) | (NODE0 = NODE2 | NODE1 = NODE2 | NODE0 = NODE1)","16","0-0---0---0-0------------00------000---","13","101","4","0401020330"
"446","forall NODE1,NODE0,NODE2. ep_epoch0(NODE0) | ep_epoch2(NODE1) | ep_epoch2(NODE2) | ep_epoch3(NODE1) | ep_epoch3(NODE2) | held(NODE0) | locked_epoch2(NODE0) | transfer_epoch2(NODE0) | transfer_epoch2(NODE1) | transfer_epoch2(NODE2) | (NODE0 = NODE2 | NODE1 = NODE2 | NODE0 = NODE1)","16","0-----00--000--------0-----------000---","13","103","3","0501010330"
"447","forall NODE1,NODE0,NODE2. ep_epoch0(NODE0) | ep_epoch2(NODE1) | ep_epoch2(NODE2) | ep_epoch3(NODE1) | held(NODE0) | held(NODE2) | locked_epoch2(NODE0) | transfer_epoch2(NODE0) | transfer_epoch2(NODE1) | transfer_epoch2(NODE2) | (NODE0 = NODE2 | NODE1 = NODE2 | NODE0 = NODE1)","16","0-----00--0-0-0------0-----------000---","13","102","6","0402010330"
"448","forall NODE1,NODE0,NODE2. ep_epoch0(NODE0) | ep_epoch2(NODE1) | ep_epoch2(NODE2) | ep_epoch3(NODE1) | held(NODE0) | locked_epoch2(NODE0) | locked_epoch3(NODE2) | transfer_epoch2(NODE0) | transfer_epoch2(NODE1) | transfer_epoch2(NODE2) | (NODE0 = NODE2 | NODE1 = NODE2 | NODE0 = NODE1)","16","0-----00--0-0--------0----0------000---","13","101","4","0401020330"
"449","forall NODE1,NODE0,NODE2. ep_epoch0(NODE0) | ep_epoch2(NODE1) | ep_epoch2(NODE2) | held(NODE0) | held(NODE2) | locked_epoch2(NODE0) | locked_epoch3(NODE1) | transfer_epoch2(NODE0) | transfer_epoch2(NODE1) | transfer_epoch2(NODE2) | (NODE0 = NODE2 | NODE1 = NODE2 | NODE0 = NODE1)","16","0-----0---0-00-------0----0------000---","13","100","4","0302020330"
"450","forall NODE1,NODE0,NODE2. ep_epoch0(NODE0) | ep_epoch2(NODE1) | ep_epoch2(NODE2) | held(NODE0) | locked_epoch2(NODE0) | locked_epoch3(NODE1) | locked_epoch3(NODE2) | transfer_epoch2(NODE0) | transfer_epoch2(NODE1) | transfer_epoch2(NODE2) | (NODE0 = NODE2 | NODE1 = NODE2 | NODE0 = NODE1)","16","0-----0---0-0--------0---00------000---","13","99","2","0301030330"
"451","forall NODE1,NODE0,NODE2. ep_epoch1(NODE0) | ep_epoch1(NODE1) | ep_epoch1(NODE2) | ep_epoch2(NODE1) | ep_epoch3(NODE1) | held(NODE0) | held(NODE2) | transfer_epoch3(NODE0) | transfer_epoch3(NODE1) | transfer_epoch3(NODE2) | (NODE0 = NODE2 | NODE1 = NODE2 | NODE0 = NODE1)","16","-000-0---0---00---------------------000","13","104","3","0502000330"
"452","forall NODE1,NODE0,NODE2. ep_epoch1(NODE0) | ep_epoch1(NODE1) | ep_epoch1(NODE2) | ep_epoch2(NODE1) | held(NODE0) | held(NODE2) | locked_epoch3(NODE1) | transfer_epoch3(NODE0) | transfer_epoch3(NODE1) | transfer_epoch3(NODE2) | (NODE0 = NODE2 | NODE1 = NODE2 | NODE0 = NODE1)","16","-00--0---0---00---------0-----------000","13","102","6","0402010330"
"453","forall NODE1,NODE0,NODE2. ep_epoch1(NODE0) | ep_epoch1(NODE1) | ep_epoch1(NODE2) | ep_epoch3(NODE1) | held(NODE0) | held(NODE2) | locked_epoch2(NODE1) | transfer_epoch3(NODE0) | transfer_epoch3(NODE1) | transfer_epoch3(NODE2) | (NODE0 = NODE2 | NODE1 = NODE2 | NODE0 = NODE1)","16","-0-0-0---0---00------0--------------000","13","102","6","0402010330"
"454","forall NODE1,NODE0,NODE2. ep_epoch1(NODE0) | ep_epoch1(NODE1) | ep_epoch1(NODE2) | held(NODE0) | held(NODE2) | locked_epoch2(NODE1) | locked_epoch3(NODE1) | transfer_epoch3(NODE0) | transfer_epoch3(NODE1) | transfer_epoch3(NODE2) | (NODE0 = NODE2 | NODE1 = NODE2 | NODE0 = NODE1)","16","-0---0---0--00---------0--0---------000","13","100","4","0302020330"
"455","forall NODE1,NODE0,NODE2. ep_epoch1(NODE0) | ep_epoch1(NODE1) | ep_epoch2(NODE0) | ep_epoch2(NODE2) | ep_epoch3(NODE0) | held(NODE2) | locked_epoch2(NODE1) | transfer_epoch2(NODE0) | transfer_epoch2(NODE1) | transfer_epoch2(NODE2) | (NODE0 = NODE2 | NODE1 = NODE2 | NODE0 = NODE1)","16","-000-0----0---0-------0----------000---","13","103","3","0501010330"
"456","forall NODE1,NODE0,NODE2. ep_epoch1(NODE0) | ep_epoch1(NODE1) | ep_epoch2(NODE0) | ep_epoch2(NODE2) | held(NODE2) | locked_epoch2(NODE1) | locked_epoch3(NODE0) | transfer_epoch2(NODE0) | transfer_epoch2(NODE1) | transfer_epoch2(NODE2) | (NODE0 = NODE2 | NODE1 = NODE2 | NODE0 = NODE1)","16","-00--0----0---0-------0-0--------000---","13","101","4","0401020330"
"457","forall NODE1,NODE0,NODE2. ep_epoch1(NODE0) | ep_epoch1(NODE1) | ep_epoch2(NODE0) | ep_epoch3(NODE0) | held(NODE2) | locked_epoch2(NODE1) | locked_epoch2(NODE2) | transfer_epoch2(NODE0) | transfer_epoch2(NODE1) | transfer_epoch2(NODE2) | (NODE0 = NODE2 | NODE1 = NODE2 | NODE0 = NODE1)","16","-000-0--------0-------00---------000---","13","101","4","0401020330"
"458","forall NODE1,NODE0,NODE2. ep_epoch1(NODE0) | ep_epoch1(NODE1) | ep_epoch2(NODE0) | held(NODE2) | locked_epoch2(NODE1) | locked_epoch2(NODE2) | locked_epoch3(NODE0) | transfer_epoch2(NODE0) | transfer_epoch2(NODE1) | transfer_epoch2(NODE2) | (NODE0 = NODE2 | NODE1 = NODE2 | NODE0 = NODE1)","16","-00--0--------0-------000--------000---","13","99","2","0301030330"
"459","forall NODE1,NODE0,NODE2. ep_epoch1(NODE0) | ep_epoch2(NODE0) | ep_epoch2(NODE1) | ep_epoch2(NODE2) | ep_epoch3(NODE0) | held(NODE1) | held(NODE2) | transfer_epoch2(NODE0) | transfer_epoch2(NODE1) | transfer_epoch2(NODE2) | (NODE0 = NODE2 | NODE1 = NODE2 | NODE0 = NODE1)","16","-000--0---0--00------------------000---","13","104","3","0502000330"
"460","forall NODE1,NODE0,NODE2. ep_epoch1(NODE0) | ep_epoch2(NODE0) | ep_epoch2(NODE1) | ep_epoch2(NODE2) | held(NODE1) | held(NODE2) | locked_epoch3(NODE0) | transfer_epoch2(NODE0) | transfer_epoch2(NODE1) | transfer_epoch2(NODE2) | (NODE0 = NODE2 | NODE1 = NODE2 | NODE0 = NODE1)","16","-00---0---0--00---------0--------000---","13","102","6","0402010330"
"461","forall NODE1,NODE0,NODE2. ep_epoch1(NODE0) | ep_epoch2(NODE0) | ep_epoch2(NODE1) | ep_epoch3(NODE0) | held(NODE1) | held(NODE2) | locked_epoch2(NODE2) | transfer_epoch2(NODE0) | transfer_epoch2(NODE1) | transfer_epoch2(NODE2) | (NODE0 = NODE2 | NODE1 = NODE2 | NODE0 = NODE1)","16","-000--0------00--------0---------000---","13","102","6","0402010330"
"462","forall NODE1,NODE0,NODE2. ep_epoch1(NODE0) | ep_epoch2(NODE0) | ep_epoch2(NODE1) | held(NODE1) | held(NODE2) | locked_epoch2(NODE2) | locked_epoch3(NODE0) | transfer_epoch2(NODE0) | transfer_epoch2(NODE1) | transfer_epoch2(NODE2) | (NODE0 = NODE2 | NODE1 = NODE2 | NODE0 = NODE1)","16","-00---0------00--------00--------000---","13","100","4","0302020330"
"463","forall NODE1,NODE0,NODE2. ep_epoch1(NODE0) | ep_epoch2(NODE0) | ep_epoch3(NODE0) | held(NODE1) | held(NODE2) | locked_epoch2(NODE1) | locked_epoch2(NODE2) | transfer_epoch2(NODE0) | transfer_epoch2(NODE1) | transfer_epoch2(NODE2) | (NODE0 = NODE2 | NODE1 = NODE2 | NODE0 = NODE1)","16","-000---------00-------00---------000---","13","100","4","0302020330"
"464","forall NODE1,NODE0,NODE2. ep_epoch1(NODE0) | ep_epoch2(NODE0) | held(NODE1) | held(NODE2) | locked_epoch2(NODE1) | locked_epoch2(NODE2) | locked_epoch3(NODE0) | transfer_epoch2(NODE0) | transfer_epoch2(NODE1) | transfer_epoch2(NODE2) | (NODE0 = NODE2 | NODE1 = NODE2 | NODE0 = NODE1)","16","-00----------00-------000--------000---","13","0","182","0202030330"
"465","forall NODE1,NODE0,NODE2. ~ep_epoch0(NODE0) | ep_epoch0(NODE1) | ep_epoch2(NODE2) | ep_epoch3(NODE2) | held(NODE1) | transfer_epoch2(NODE0) | transfer_epoch2(NODE1) | transfer_epoch2(NODE2) | transfer_epoch3(NODE0) | transfer_epoch3(NODE1) | transfer_epoch3(NODE2) | (NODE0 = NODE2 | NODE1 = NODE2 | NODE0 = NODE1)","17","1---0-----00-0-------------------000000","14","115","2","1301000630"
"466","forall NODE1,NODE0,NODE2. ~ep_epoch0(NODE0) | ep_epoch0(NODE1) | ep_epoch2(NODE2) | held(NODE1) | locked_epoch3(NODE2) | transfer_epoch2(NODE0) | transfer_epoch2(NODE1) | transfer_epoch2(NODE2) | transfer_epoch3(NODE0) | transfer_epoch3(NODE1) | transfer_epoch3(NODE2) | (NODE0 = NODE2 | NODE1 = NODE2 | NODE0 = NODE1)","17","1---0-----0--0------------0------000000","14","114","4","1201010630"
"467","forall NODE1,NODE0,NODE2. ~ep_epoch0(NODE0) | ep_epoch0(NODE1) | ep_epoch3(NODE2) | held(NODE1) | locked_epoch2(NODE2) | transfer_epoch2(NODE0) | transfer_epoch2(NODE1) | transfer_epoch2(NODE2) | transfer_epoch3(NODE0) | transfer_epoch3(NODE1) | transfer_epoch3(NODE2) | (NODE0 = NODE2 | NODE1 = NODE2 | NODE0 = NODE1)","17","1---0------0-0---------0---------000000","14","114","4","1201010630"
"468","forall NODE1,NODE0,NODE2. ~ep_epoch0(NODE0) | ep_epoch0(NODE1) | held(NODE1) | locked_epoch2(NODE2) | locked_epoch3(NODE2) | transfer_epoch2(NODE0) | transfer_epoch2(NODE1) | transfer_epoch2(NODE2) | transfer_epoch3(NODE0) | transfer_epoch3(NODE1) | transfer_epoch3(NODE2) | (NODE0 = NODE2 | NODE1 = NODE2 | NODE0 = NODE1)","17","1---0--------0---------0--0------000000","14","112","2","1101020630"
"469","forall NODE1,NODE0,NODE2. ~ep_epoch0(NODE0) | ep_epoch1(NODE1) | ep_epoch2(NODE1) | ep_epoch3(NODE1) | held(NODE2) | transfer_epoch2(NODE0) | transfer_epoch2(NODE1) | transfer_epoch2(NODE2) | transfer_epoch3(NODE0) | transfer_epoch3(NODE1) | transfer_epoch3(NODE2) | (NODE0 = NODE2 | NODE1 = NODE2 | NODE0 = NODE1)","17","1----000------0------------------000000","14","115","2","1301000630"
"470","forall NODE1,NODE0,NODE2. ~ep_epoch0(NODE0) | ep_epoch1(NODE1) | ep_epoch2(NODE1) | held(NODE2) | locked_epoch3(NODE1) | transfer_epoch2(NODE0) | transfer_epoch2(NODE1) | transfer_epoch2(NODE2) | transfer_epoch3(NODE0) | transfer_epoch3(NODE1) | transfer_epoch3(NODE2) | (NODE0 = NODE2 | NODE1 = NODE2 | NODE0 = NODE1)","17","1----00-------0----------0-------000000","14","114","4","1201010630"
"471","forall NODE1,NODE0,NODE2. ~ep_epoch0(NODE0) | ep_epoch1(NODE1) | ep_epoch3(NODE1) | held(NODE2) | locked_epoch2(NODE1) | transfer_epoch2(NODE0) | transfer_epoch2(NODE1) | transfer_epoch2(NODE2) | transfer_epoch3(NODE0) | transfer_epoch3(NODE1) | transfer_epoch3(NODE2) | (NODE0 = NODE2 | NODE1 = NODE2 | NODE0 = NODE1)","17","1----0-0------0-------0----------000000","14","114","4","1201010630"
"472","forall NODE1,NODE0,NODE2. ~ep_epoch0(NODE0) | ep_epoch1(NODE1) | held(NODE2) | locked_epoch2(NODE1) | locked_epoch3(NODE1) | transfer_epoch2(NODE0) | transfer_epoch2(NODE1) | transfer_epoch2(NODE2) | transfer_epoch3(NODE0) | transfer_epoch3(NODE1) | transfer_epoch3(NODE2) | (NODE0 = NODE2 | NODE1 = NODE2 | NODE0 = NODE1)","17","1----0--------0-------0--0-------000000","14","112","2","1101020630"
"473","forall NODE1,NODE0,NODE2. ~ep_epoch1(NODE0) | ep_epoch2(NODE1) | ep_epoch3(NODE1) | held(NODE0) | held(NODE2) | transfer_epoch2(NODE0) | transfer_epoch2(NODE1) | transfer_epoch2(NODE2) | transfer_epoch3(NODE0) | transfer_epoch3(NODE1) | transfer_epoch3(NODE2) | (NODE0 = NODE2 | NODE1 = NODE2 | NODE0 = NODE1)","17","-1----00----0-0------------------000000","14","0","182","1202000630"
"474","forall NODE1,NODE0,NODE2. ~ep_epoch1(NODE0) | ep_epoch2(NODE1) | held(NODE0) | held(NODE2) | locked_epoch3(NODE1) | transfer_epoch2(NODE0) | transfer_epoch2(NODE1) | transfer_epoch2(NODE2) | transfer_epoch3(NODE0) | transfer_epoch3(NODE1) | transfer_epoch3(NODE2) | (NODE0 = NODE2 | NODE1 = NODE2 | NODE0 = NODE1)","17","-1----0-----0-0----------0-------000000","14","113","2","1102010630"
"475","forall NODE1,NODE0,NODE2. ~ep_epoch1(NODE0) | ep_epoch3(NODE1) | held(NODE0) | held(NODE2) | locked_epoch2(NODE1) | transfer_epoch2(NODE0) | transfer_epoch2(NODE1) | transfer_epoch2(NODE2) | transfer_epoch3(NODE0) | transfer_epoch3(NODE1) | transfer_epoch3(NODE2) | (NODE0 = NODE2 | NODE1 = NODE2 | NODE0 = NODE1)","17","-1-----0----0-0-------0----------000000","14","113","2","1102010630"
"476","forall NODE1,NODE0,NODE2. ~ep_epoch1(NODE0) | held(NODE0) | held(NODE1) | locked_epoch2(NODE2) | locked_epoch3(NODE2) | transfer_epoch2(NODE0) | transfer_epoch2(NODE1) | transfer_epoch2(NODE2) | transfer_epoch3(NODE0) | transfer_epoch3(NODE1) | transfer_epoch3(NODE2) | (NODE0 = NODE2 | NODE1 = NODE2 | NODE0 = NODE1)","17","-1----------00---------0--0------000000","14","0","182","1002020630"
"477","forall NODE1,NODE0,NODE2. ep_epoch0(NODE0) | ep_epoch2(NODE1) | ep_epoch3(NODE1) | held(NODE0) | held(NODE2) | transfer_epoch2(NODE0) | transfer_epoch2(NODE1) | transfer_epoch2(NODE2) | transfer_epoch3(NODE0) | transfer_epoch3(NODE1) | transfer_epoch3(NODE2) | (NODE0 = NODE2 | NODE1 = NODE2 | NODE0 = NODE1)","17","0-----00----0-0------------------000000","14","0","182","0302000630"
"478","forall NODE1,NODE0,NODE2. ep_epoch0(NODE0) | ep_epoch2(NODE1) | held(NODE0) | held(NODE2) | locked_epoch3(NODE1) | transfer_epoch2(NODE0) | transfer_epoch2(NODE1) | transfer_epoch2(NODE2) | transfer_epoch3(NODE0) | transfer_epoch3(NODE1) | transfer_epoch3(NODE2) | (NODE0 = NODE2 | NODE1 = NODE2 | NODE0 = NODE1)","17","0-----0-----0-0----------0-------000000","14","109","2","0202010630"
"479","forall NODE1,NODE0,NODE2. ep_epoch0(NODE0) | ep_epoch3(NODE1) | held(NODE0) | held(NODE2) | locked_epoch2(NODE1) | transfer_epoch2(NODE0) | transfer_epoch2(NODE1) | transfer_epoch2(NODE2) | transfer_epoch3(NODE0) | transfer_epoch3(NODE1) | transfer_epoch3(NODE2) | (NODE0 = NODE2 | NODE1 = NODE2 | NODE0 = NODE1)","17","0------0----0-0-------0----------000000","14","109","2","0202010630"
"480","forall NODE1,NODE0,NODE2. ep_epoch0(NODE0) | held(NODE0) | held(NODE1) | locked_epoch2(NODE2) | locked_epoch3(NODE2) | transfer_epoch2(NODE0) | transfer_epoch2(NODE1) | transfer_epoch2(NODE2) | transfer_epoch3(NODE0) | transfer_epoch3(NODE1) | transfer_epoch3(NODE2) | (NODE0 = NODE2 | NODE1 = NODE2 | NODE0 = NODE1)","17","0-----------00---------0--0------000000","14","0","182","0102020630"
"481","forall NODE1. ep_epoch1(NODE1) | held(NODE1) | transfer_epoch3(NODE1) | (exists NODE0. ((ep_epoch1(NODE0) | ep_epoch2(NODE0) | ep_epoch3(NODE0) | transfer_epoch3(NODE0)) & NODE0 ~= NODE1))","10","-000-000-0----0---------------------000","8","46","2","0701000311"
"482","forall NODE1,NODE0,NODE2. ep_epoch1(NODE0) | ep_epoch1(NODE1) | ep_epoch1(NODE2) | ep_epoch2(NODE0) | ep_epoch2(NODE1) | ep_epoch3(NODE0) | held(NODE2) | locked_epoch3(NODE1) | transfer_epoch3(NODE0) | transfer_epoch3(NODE1) | transfer_epoch3(NODE2) | (NODE0 = NODE2 | NODE1 = NODE2 | NODE0 = NODE1)","17","-000-00--0----0----------0----------000","14","111","3","0601010330"
"483","forall NODE1. ep_epoch1(NODE1) | held(NODE1) | transfer_epoch3(NODE1) | (exists NODE0. ((ep_epoch1(NODE0) | ep_epoch2(NODE0) | locked_epoch3(NODE0) | transfer_epoch3(NODE0)) & NODE0 ~= NODE1))","10","-00--00--0----0---------00----------000","8","45","3","0501020311"
"484","forall NODE1,NODE0,NODE2. ep_epoch1(NODE0) | ep_epoch1(NODE1) | ep_epoch1(NODE2) | ep_epoch2(NODE0) | ep_epoch3(NODE0) | ep_epoch3(NODE1) | held(NODE2) | locked_epoch2(NODE1) | transfer_epoch3(NODE0) | transfer_epoch3(NODE1) | transfer_epoch3(NODE2) | (NODE0 = NODE2 | NODE1 = NODE2 | NODE0 = NODE1)","17","-000-0-0-0----0-------0-------------000","14","111","3","0601010330"
"485","forall NODE1,NODE4,NODE2,NODE0,NODE3. ep_epoch1(NODE0) | ep_epoch1(NODE1) | ep_epoch1(NODE2) | ep_epoch2(NODE3) | ep_epoch3(NODE0) | held(NODE2) | locked_epoch2(NODE4) | locked_epoch3(NODE1) | transfer_epoch3(NODE0) | transfer_epoch3(NODE1) | transfer_epoch3(NODE2) | ((NODE0 ~= NODE4 | NODE1 ~= NODE3 | NODE0 = NODE2 | NODE1 = NODE2 | NODE0 = NODE1) & (NODE0 ~= NODE3 | NODE1 ~= NODE4 | NODE0 = NODE2 | NODE1 = NODE2 | NODE0 = NODE1))","26","-000-0---0---0---------0--0---------000","21","0","182","0501020350"
"486","forall NODE1,NODE0,NODE2. ep_epoch1(NODE0) | ep_epoch1(NODE1) | ep_epoch1(NODE2) | ep_epoch2(NODE0) | held(NODE2) | locked_epoch2(NODE1) | locked_epoch3(NODE0) | locked_epoch3(NODE1) | transfer_epoch3(NODE0) | transfer_epoch3(NODE1) | transfer_epoch3(NODE2) | (NODE0 = NODE2 | NODE1 = NODE2 | NODE0 = NODE1)","17","-00--0---0---0---------00-0---------000","14","110","2","0401030330"
"487","forall NODE1. ep_epoch1(NODE1) | held(NODE1) | transfer_epoch3(NODE1) | (exists NODE0. ((ep_epoch1(NODE0) | ep_epoch3(NODE0) | locked_epoch2(NODE0) | transfer_epoch3(NODE0)) & NODE0 ~= NODE1))","10","-0-0-0-0-0----0------00-------------000","8","45","3","0501020311"
"488","forall NODE1,NODE0,NODE2. ep_epoch1(NODE0) | ep_epoch1(NODE1) | ep_epoch1(NODE2) | ep_epoch3(NODE0) | held(NODE2) | locked_epoch2(NODE0) | locked_epoch2(NODE1) | locked_epoch3(NODE1) | transfer_epoch3(NODE0) | transfer_epoch3(NODE1) | transfer_epoch3(NODE2) | (NODE0 = NODE2 | NODE1 = NODE2 | NODE0 = NODE1)","17","-0-0-0---0---0-------0-0--0---------000","14","110","2","0401030330"
"489","forall NODE1,NODE0,NODE2. ep_epoch1(NODE0) | ep_epoch1(NODE1) | ep_epoch1(NODE2) | held(NODE2) | locked_epoch2(NODE0) | locked_epoch2(NODE1) | locked_epoch3(NODE0) | locked_epoch3(NODE1) | transfer_epoch3(NODE0) | transfer_epoch3(NODE1) | transfer_epoch3(NODE2) | (NODE0 = NODE2 | NODE1 = NODE2 | NODE0 = NODE1)","17","-0---0---0--0---------00-00---------000","14","0","182","0301040330"
"490","forall NODE1. ep_epoch2(NODE1) | held(NODE1) | transfer_epoch2(NODE1) | (exists NODE0. ((ep_epoch1(NODE0) | ep_epoch2(NODE0) | ep_epoch3(NODE0) | transfer_epoch2(NODE0)) & NODE0 ~= NODE1))","10","-000-000--0---0------------------000---","8","46","2","0701000311"
"491","forall NODE1,NODE0,NODE2. ep_epoch1(NODE0) | ep_epoch1(NODE1) | ep_epoch2(NODE0) | ep_epoch2(NODE1) | ep_epoch2(NODE2) | ep_epoch3(NODE0) | held(NODE2) | locked_epoch3(NODE1) | transfer_epoch2(NODE0) | transfer_epoch2(NODE1) | transfer_epoch2(NODE2) | (NODE0 = NODE2 | NODE1 = NODE2 | NODE0 = NODE1)","17","-000-00---0---0----------0-------000---","14","111","3","0601010330"
"492","forall NODE1. ep_epoch2(NODE1) | held(NODE1) | transfer_epoch2(NODE1) | (exists NODE0. ((ep_epoch1(NODE0) | ep_epoch2(NODE0) | locked_epoch3(NODE0) | transfer_epoch2(NODE0)) & NODE0 ~= NODE1))","10","-00--00---0---0---------00-------000---","8","45","3","0501020311"
"493","forall NODE1. held(NODE1) | locked_epoch2(NODE1) | transfer_epoch2(NODE1) | (exists NODE0. ((ep_epoch1(NODE0) | ep_epoch2(NODE0) | ep_epoch3(NODE0) | transfer_epoch2(NODE0)) & NODE0 ~= NODE1))","10","-000-000------0--------0---------000---","8","0","182","0601010311"
"494","forall NODE1,NODE0,NODE2. ep_epoch1(NODE0) | ep_epoch1(NODE1) | ep_epoch2(NODE0) | ep_epoch2(NODE1) | ep_epoch3(NODE1) | held(NODE2) | locked_epoch2(NODE2) | locked_epoch3(NODE0) | transfer_epoch2(NODE0) | transfer_epoch2(NODE1) | transfer_epoch2(NODE2) | (NODE0 = NODE2 | NODE1 = NODE2 | NODE0 = NODE1)","17","-000-00-------0--------0-0-------000---","14","0","182","0501020330"
"495","forall NODE1. held(NODE1) | locked_epoch2(NODE1) | transfer_epoch2(NODE1) | (exists NODE0. ((ep_epoch1(NODE0) | ep_epoch2(NODE0) | locked_epoch3(NODE0) | transfer_epoch2(NODE0)) & NODE0 ~= NODE1))","10","-00--00-------0--------000-------000---","8","0","182","0401030311"
"496","forall NODE1. ep_epoch1(NODE1) | ep_epoch2(NODE1) | ep_epoch3(NODE1) | transfer_epoch2(NODE1) | transfer_epoch3(NODE1) | (exists NODE0. ((held(NODE0) | transfer_epoch2(NODE0) | transfer_epoch3(NODE0)) & NODE0 ~= NODE1))","11","-000---------00------------------000000","9","0","182","0302000611"
"497","forall NODE1. ep_epoch1(NODE1) | ep_epoch2(NODE1) | locked_epoch3(NODE1) | transfer_epoch2(NODE1) | transfer_epoch3(NODE1) | (exists NODE0. ((held(NODE0) | transfer_epoch2(NODE0) | transfer_epoch3(NODE0)) & NODE0 ~= NODE1))","11","-00----------00---------0--------000000","9","57","2","0202010611"
"498","forall NODE1. ep_epoch1(NODE1) | ep_epoch3(NODE1) | locked_epoch2(NODE1) | transfer_epoch2(NODE1) | transfer_epoch3(NODE1) | (exists NODE0. ((held(NODE0) | transfer_epoch2(NODE0) | transfer_epoch3(NODE0)) & NODE0 ~= NODE1))","11","-0-0---------00------0-----------000000","9","57","2","0202010611"
"499","forall NODE1. ep_epoch1(NODE1) | locked_epoch2(NODE1) | locked_epoch3(NODE1) | transfer_epoch2(NODE1) | transfer_epoch3(NODE1) | (exists NODE0. ((held(NODE0) | transfer_epoch2(NODE0) | transfer_epoch3(NODE0)) & NODE0 ~= NODE1))","11","-0-----------00------0--0--------000000","9","0","182","0102020611"
"500","forall NODE1,NODE0,NODE2. ep_epoch0(NODE0) | ep_epoch2(NODE1) | ep_epoch2(NODE2) | ep_epoch3(NODE1) | ep_epoch3(NODE2) | held(NODE0) | transfer_epoch2(NODE0) | transfer_epoch2(NODE1) | transfer_epoch2(NODE2) | transfer_epoch3(NODE0) | transfer_epoch3(NODE1) | transfer_epoch3(NODE2) | (NODE0 = NODE2 | NODE1 = NODE2 | NODE0 = NODE1)","18","0-----00--000--------------------000000","15","0","182","0501000630"
"501","forall NODE1,NODE0,NODE2. ep_epoch0(NODE0) | ep_epoch2(NODE1) | ep_epoch2(NODE2) | ep_epoch3(NODE1) | held(NODE0) | locked_epoch3(NODE2) | transfer_epoch2(NODE0) | transfer_epoch2(NODE1) | transfer_epoch2(NODE2) | transfer_epoch3(NODE0) | transfer_epoch3(NODE1) | transfer_epoch3(NODE2) | (NODE0 = NODE2 | NODE1 = NODE2 | NODE0 = NODE1)","18","0-----00--0-0-------------0------000000","15","118","2","0401010630"
"502","forall NODE1,NODE0,NODE2. ep_epoch0(NODE0) | ep_epoch2(NODE1) | ep_epoch2(NODE2) | held(NODE0) | locked_epoch3(NODE1) | locked_epoch3(NODE2) | transfer_epoch2(NODE0) | transfer_epoch2(NODE1) | transfer_epoch2(NODE2) | transfer_epoch3(NODE0) | transfer_epoch3(NODE1) | transfer_epoch3(NODE2) | (NODE0 = NODE2 | NODE1 = NODE2 | NODE0 = NODE1)","18","0-----0---0-0------------00------000000","15","117","2","0301020630"
"503","forall NODE1,NODE0,NODE2. ep_epoch0(NODE0) | ep_epoch2(NODE1) | ep_epoch3(NODE1) | ep_epoch3(NODE2) | held(NODE0) | locked_epoch2(NODE2) | transfer_epoch2(NODE0) | transfer_epoch2(NODE1) | transfer_epoch2(NODE2) | transfer_epoch3(NODE0) | transfer_epoch3(NODE1) | transfer_epoch3(NODE2) | (NODE0 = NODE2 | NODE1 = NODE2 | NODE0 = NODE1)","18","0-----00---00----------0---------000000","15","118","2","0401010630"
"504","forall NODE1,NODE4,NODE2,NODE0,NODE3. ep_epoch0(NODE0) | ep_epoch2(NODE1) | ep_epoch3(NODE2) | held(NODE0) | locked_epoch2(NODE3) | locked_epoch3(NODE4) | transfer_epoch2(NODE0) | transfer_epoch2(NODE1) | transfer_epoch2(NODE3) | transfer_epoch3(NODE0) | transfer_epoch3(NODE1) | transfer_epoch3(NODE3) | ((NODE1 ~= NODE4 | NODE2 ~= NODE3 | NODE0 = NODE2 | NODE1 = NODE2 | NODE0 = NODE1) & (NODE1 ~= NODE2 | NODE3 ~= NODE4 | NODE0 = NODE3 | NODE0 = NODE1 | NODE1 = NODE3))","27","0-----00----0----------0--0------000000","22","0","182","0301020650"
"505","forall NODE1,NODE0,NODE2. ep_epoch0(NODE0) | ep_epoch2(NODE1) | held(NODE0) | locked_epoch2(NODE2) | locked_epoch3(NODE1) | locked_epoch3(NODE2) | transfer_epoch2(NODE0) | transfer_epoch2(NODE1) | transfer_epoch2(NODE2) | transfer_epoch3(NODE0) | transfer_epoch3(NODE1) | transfer_epoch3(NODE2) | (NODE0 = NODE2 | NODE1 = NODE2 | NODE0 = NODE1)","18","0-----0-----0----------0-00------000000","15","116","2","0201030630"
"506","forall NODE1,NODE0,NODE2. ep_epoch0(NODE0) | ep_epoch3(NODE1) | ep_epoch3(NODE2) | held(NODE0) | locked_epoch2(NODE1) | locked_epoch2(NODE2) | transfer_epoch2(NODE0) | transfer_epoch2(NODE1) | transfer_epoch2(NODE2) | transfer_epoch3(NODE0) | transfer_epoch3(NODE1) | transfer_epoch3(NODE2) | (NODE0 = NODE2 | NODE1 = NODE2 | NODE0 = NODE1)","18","0------0---00---------00---------000000","15","117","2","0301020630"
"507","forall NODE1,NODE0,NODE2. ep_epoch0(NODE0) | ep_epoch3(NODE1) | held(NODE0) | locked_epoch2(NODE1) | locked_epoch2(NODE2) | locked_epoch3(NODE2) | transfer_epoch2(NODE0) | transfer_epoch2(NODE1) | transfer_epoch2(NODE2) | transfer_epoch3(NODE0) | transfer_epoch3(NODE1) | transfer_epoch3(NODE2) | (NODE0 = NODE2 | NODE1 = NODE2 | NODE0 = NODE1)","18","0------0----0---------00--0------000000","15","116","2","0201030630"
"508","forall NODE1,NODE0,NODE2. ep_epoch0(NODE0) | held(NODE0) | locked_epoch2(NODE1) | locked_epoch2(NODE2) | locked_epoch3(NODE1) | locked_epoch3(NODE2) | transfer_epoch2(NODE0) | transfer_epoch2(NODE1) | transfer_epoch2(NODE2) | transfer_epoch3(NODE0) | transfer_epoch3(NODE1) | transfer_epoch3(NODE2) | (NODE0 = NODE2 | NODE1 = NODE2 | NODE0 = NODE1)","18","0-----------0---------00-00------000000","15","0","182","0101040630"
"509","forall NODE1. held(NODE1) | transfer_epoch2(NODE1) | transfer_epoch3(NODE1) | (exists NODE0. ((ep_epoch1(NODE0) | ep_epoch2(NODE0) | ep_epoch3(NODE0) | transfer_epoch2(NODE0) | transfer_epoch3(NODE0)) & NODE0 ~= NODE1))","11","-000-000------0------------------000000","9","0","182","0601000611"
"510","forall NODE1,NODE0,NODE2. ep_epoch1(NODE0) | ep_epoch1(NODE1) | ep_epoch2(NODE0) | ep_epoch2(NODE1) | ep_epoch3(NODE0) | held(NODE2) | locked_epoch3(NODE1) | transfer_epoch2(NODE0) | transfer_epoch2(NODE1) | transfer_epoch2(NODE2) | transfer_epoch3(NODE0) | transfer_epoch3(NODE1) | transfer_epoch3(NODE2) | (NODE0 = NODE2 | NODE1 = NODE2 | NODE0 = NODE1)","19","-000-00-------0----------0-------000000","16","120","2","0501010630"
"511","forall NODE1. held(NODE1) | transfer_epoch2(NODE1) | transfer_epoch3(NODE1) | (exists NODE0. ((ep_epoch1(NODE0) | ep_epoch2(NODE0) | locked_epoch3(NODE0) | transfer_epoch2(NODE0) | transfer_epoch3(NODE0)) & NODE0 ~= NODE1))","11","-00--00-------0---------00-------000000","9","60","2","0401020611"
"512","forall NODE1,NODE0,NODE2. ep_epoch1(NODE0) | ep_epoch1(NODE1) | ep_epoch2(NODE0) | ep_epoch3(NODE0) | ep_epoch3(NODE1) | held(NODE2) | locked_epoch2(NODE1) | transfer_epoch2(NODE0) | transfer_epoch2(NODE1) | transfer_epoch2(NODE2) | transfer_epoch3(NODE0) | transfer_epoch3(NODE1) | transfer_epoch3(NODE2) | (NODE0 = NODE2 | NODE1 = NODE2 | NODE0 = NODE1)","19","-000-0-0------0-------0----------000000","16","120","2","0501010630"
"513","forall NODE1,NODE4,NODE2,NODE0,NODE3. ep_epoch1(NODE0) | ep_epoch1(NODE1) | ep_epoch2(NODE0) | ep_epoch3(NODE2) | held(NODE3) | locked_epoch2(NODE1) | locked_epoch3(NODE4) | transfer_epoch2(NODE0) | transfer_epoch2(NODE1) | transfer_epoch2(NODE3) | transfer_epoch3(NODE0) | transfer_epoch3(NODE1) | transfer_epoch3(NODE3) | ((NODE0 ~= NODE4 | NODE1 ~= NODE2 | NODE0 = NODE3 | NODE0 = NODE1 | NODE1 = NODE3) & (NODE0 ~= NODE2 | NODE1 ~= NODE4 | NODE0 = NODE3 | NODE0 = NODE1 | NODE1 = NODE3))","28","-000-0--------0-------0--0-------000000","23","0","182","0401020650"
"514","forall NODE1,NODE0,NODE2. ep_epoch1(NODE0) | ep_epoch1(NODE1) | ep_epoch2(NODE0) | held(NODE2) | locked_epoch2(NODE1) | locked_epoch3(NODE0) | locked_epoch3(NODE1) | transfer_epoch2(NODE0) | transfer_epoch2(NODE1) | transfer_epoch2(NODE2) | transfer_epoch3(NODE0) | transfer_epoch3(NODE1) | transfer_epoch3(NODE2) | (NODE0 = NODE2 | NODE1 = NODE2 | NODE0 = NODE1)","19","-00--0--------0-------0-00-------000000","16","119","2","0301030630"
"515","forall NODE1. held(NODE1) | transfer_epoch2(NODE1) | transfer_epoch3(NODE1) | (exists NODE0. ((ep_epoch1(NODE0) | ep_epoch3(NODE0) | locked_epoch2(NODE0) | transfer_epoch2(NODE0) | transfer_epoch3(NODE0)) & NODE0 ~= NODE1))","11","-0-0-0-0------0------00----------000000","9","60","2","0401020611"
"516","forall NODE1,NODE0,NODE2. ep_epoch1(NODE0) | ep_epoch1(NODE1) | ep_epoch3(NODE1) | held(NODE2) | locked_epoch2(NODE0) | locked_epoch2(NODE1) | locked_epoch3(NODE0) | transfer_epoch2(NODE0) | transfer_epoch2(NODE1) | transfer_epoch2(NODE2) | transfer_epoch3(NODE0) | transfer_epoch3(NODE1) | transfer_epoch3(NODE2) | (NODE0 = NODE2 | NODE1 = NODE2 | NODE0 = NODE1)","19","-0-0-0--------0------00--0-------000000","16","119","2","0301030630"
"517","forall NODE1. held(NODE1) | transfer_epoch2(NODE1) | transfer_epoch3(NODE1) | (exists NODE0. ((ep_epoch1(NODE0) | locked_epoch2(NODE0) | locked_epoch3(NODE0) | transfer_epoch2(NODE0) | transfer_epoch3(NODE0)) & NODE0 ~= NODE1))","11","-0---0--------0------00-00-------000000","9","0","182","0201040611"
